# https://github.com/mikedh/trimesh
v 0.02791653 -0.00624901 0.02618809
v 0.02757154 -0.00637254 0.02313766
v 0.02757090 -0.00200466 0.02364701
v 0.02812464 -0.00189680 0.02663458
v 0.02712923 -0.00642798 0.02022315
v 0.02699151 -0.00205700 0.02077863
v 0.02675545 0.00237380 0.02093782
v 0.02742963 0.00243788 0.02376254
v 0.02800872 0.00253983 0.02671731
v 0.02597572 0.00650249 0.02370061
v 0.02650691 0.00658630 0.02664052
v 0.02541016 0.00649849 0.02090408
v 0.02589382 0.01010154 0.02021547
v 0.02651121 0.01016791 0.02301812
v 0.02710771 0.01028802 0.02594738
v 0.02834196 -0.00615521 0.02926212
v 0.02786818 -0.01027884 0.02851500
v 0.02750754 -0.01036807 0.02541582
v 0.02884935 -0.00628162 0.03239792
v 0.02830372 -0.01042561 0.03169560
v 0.02773097 -0.01398694 0.03083633
v 0.02745898 -0.01387372 0.02763278
v 0.02725198 -0.01398163 0.02452532
v 0.02568596 -0.01924450 0.02310541
v 0.02591833 -0.01908663 0.02622761
v 0.02488751 -0.02128812 0.02564241
v 0.02461367 -0.02143915 0.02251057
v 0.02612401 -0.01917389 0.02952971
v 0.02506925 -0.02138161 0.02900184
v 0.02410795 -0.02363384 0.02865956
v 0.02389093 -0.02352390 0.02531765
v 0.02365272 -0.02366783 0.02218149
v 0.02688642 0.01451697 0.02470650
v 0.02620545 0.01440691 0.02179192
v 0.02565638 0.01607385 0.02130504
v 0.02633937 0.01620777 0.02421358
v 0.02548384 0.01430496 0.01906876
v 0.02493638 0.01592340 0.01862098
v 0.02454368 0.01766973 0.01829910
v 0.02528601 0.01793159 0.02096928
v 0.02598096 0.01817437 0.02389843
v 0.03089825 0.00296116 0.03799795
v 0.02927823 0.00754631 0.03782194
v 0.03046489 0.00791525 0.04045922
v 0.03181622 0.00311625 0.04060967
v 0.02991389 0.01130825 0.03688142
v 0.03077526 0.01174427 0.03937519
v 0.03182439 0.01222473 0.04189802
v 0.03198064 0.00824063 0.04276799
v 0.03286929 0.00340019 0.04308932
v 0.03214301 -0.00281380 0.04138634
v 0.03124175 -0.00252764 0.03850379
v 0.03310644 -0.00266188 0.04389878
v 0.03193181 -0.00833356 0.04465418
v 0.03105271 -0.00817912 0.04208137
v 0.03017976 -0.00749757 0.03892647
v 0.02994294 -0.01247635 0.04175781
v 0.02934294 -0.01172371 0.03843310
v 0.03059583 -0.01291016 0.04450582
v 0.02943394 -0.01661926 0.04397266
v 0.02895496 -0.01589092 0.04103663
v 0.02849710 -0.01515320 0.03765039
v 0.02885453 0.01689508 0.03582015
v 0.02854021 0.01945140 0.03524909
v 0.02911007 0.02097082 0.03777773
v 0.02947023 0.01799641 0.03835880
v 0.02809667 0.02214846 0.03471354
v 0.02792862 0.02384227 0.03728982
v 0.02775410 0.02519851 0.03994755
v 0.02943245 0.02238033 0.04043721
v 0.03032413 0.01902197 0.04088551
v 0.02654861 -0.02054212 0.03688441
v 0.02685967 -0.02159639 0.04054618
v 0.02588140 -0.02453943 0.04030591
v 0.02551570 -0.02306887 0.03660829
v 0.02725781 -0.02292054 0.04365282
v 0.02584281 -0.02631792 0.04339507
v 0.02341233 -0.02854751 0.04274672
v 0.02409170 -0.02691059 0.03981514
v 0.02431415 -0.02538203 0.03618254
v 0.02779448 0.02038595 0.03223288
v 0.02700737 0.02341899 0.03205782
v 0.02650053 0.02499184 0.03435871
v 0.02721175 0.01911079 0.02966846
v 0.02702538 0.02194996 0.02959017
v 0.02489044 0.02518837 0.02961210
v 0.02415828 0.02611327 0.03196455
v 0.02306903 0.02676755 0.03409674
v 0.02522388 0.02004908 0.02084071
v 0.02595187 0.02051138 0.02381757
v 0.02444725 0.01957339 0.01814506
v 0.02363544 0.02194749 0.01809875
v 0.02420011 0.02273418 0.02081653
v 0.02465547 0.02352547 0.02379815
v 0.02071014 0.02445009 0.02115029
v 0.02078243 0.02511589 0.02405722
v 0.02055331 0.02374080 0.01849088
v 0.01699672 0.02427275 0.01896991
v 0.01687942 0.02483620 0.02151936
v 0.01668878 0.02536986 0.02427172
v 0.01960527 0.02666544 0.03380467
v 0.01895397 0.02690227 0.03577405
v 0.02208924 0.02714761 0.03626741
v 0.01575385 0.02751333 0.03338794
v 0.01553813 0.02816637 0.03516946
v 0.01511869 0.02912859 0.03719927
v 0.01810164 0.02751348 0.03809562
v 0.02146466 0.02753060 0.03872149
v 0.01597581 0.02692747 0.03158540
v 0.01199381 0.02893410 0.03129426
v 0.01147585 0.02926654 0.03314567
v 0.01624607 0.02642265 0.02950957
v 0.01246505 0.02845485 0.02924347
v 0.00773242 0.02792953 0.02945972
v 0.00765582 0.02807274 0.03155723
v 0.00762181 0.02825469 0.03344388
v 0.01323353 0.02672795 0.02145836
v 0.01298720 0.02730841 0.02414668
v 0.01345614 0.02617661 0.01892666
v 0.00874457 0.02730720 0.01905565
v 0.00842216 0.02751910 0.02162097
v 0.00816724 0.02768601 0.02431710
v 0.00417812 0.02726911 0.03161709
v 0.00397607 0.02772510 0.03359111
v 0.00433326 0.02688802 0.02949281
v 0.00099401 0.02745003 0.02930173
v 0.00089922 0.02789862 0.03135642
v 0.00066391 0.02844639 0.03330865
v 0.00461263 0.02611476 0.02212277
v 0.00459328 0.02634008 0.02461974
v 0.00475790 0.02594757 0.01967930
v 0.00005535 0.02630308 0.02012828
v 0.00023521 0.02659659 0.02246631
v 0.00054066 0.02684573 0.02478856
v 0.02507836 0.00247746 0.01587455
v 0.02571066 -0.00191183 0.01557145
v 0.02496252 -0.00181874 0.01298013
v 0.02404041 0.00250934 0.01339877
v 0.02602815 -0.00628193 0.01498204
v 0.02528629 -0.00619689 0.01241746
v 0.02433750 -0.00627901 0.00942547
v 0.02401182 -0.00194631 0.00989856
v 0.02279367 0.00231418 0.01043713
v 0.02323225 0.00681851 0.01335779
v 0.02407348 0.00670677 0.01584631
v 0.02206713 0.00679203 0.01046251
v 0.02235117 0.01027695 0.00992016
v 0.02359692 0.01030229 0.01274162
v 0.02448634 0.01022096 0.01519646
v 0.02394578 0.01414840 0.01444701
v 0.02304370 0.01403055 0.01222698
v 0.02260623 0.01534261 0.01210174
v 0.02348321 0.01558047 0.01419763
v 0.02189973 0.01377053 0.00958088
v 0.02154353 0.01493263 0.00953332
v 0.02118418 0.01616557 0.00950404
v 0.02229021 0.01674325 0.01196951
v 0.02311033 0.01709207 0.01400504
v 0.02591254 -0.01036477 0.01427328
v 0.02543638 -0.01023051 0.01172642
v 0.02624422 -0.01386919 0.01346529
v 0.02588975 -0.01367756 0.01099094
v 0.02541185 -0.01355739 0.00821190
v 0.02483323 -0.01017369 0.00880576
v 0.02487446 -0.01932109 0.01251919
v 0.02378607 -0.02159143 0.01219720
v 0.02354626 -0.02140468 0.01010623
v 0.02463902 -0.01913955 0.01029484
v 0.02257266 -0.02371545 0.01206977
v 0.02225459 -0.02348978 0.01010599
v 0.02180660 -0.02308072 0.00779036
v 0.02323655 -0.02112634 0.00771716
v 0.02437577 -0.01891369 0.00778187
v 0.02198403 0.01829339 0.01186224
v 0.02288475 0.01877076 0.01384891
v 0.02077524 0.01753556 0.00950251
v 0.02003090 0.01900429 0.00956975
v 0.02120747 0.01998036 0.01185439
v 0.02206077 0.02070227 0.01380358
v 0.01937912 0.02147757 0.01224116
v 0.01988097 0.02229373 0.01420759
v 0.01859478 0.02038046 0.00983229
v 0.01642347 0.02150294 0.01019683
v 0.01682321 0.02250851 0.01266771
v 0.01695091 0.02316944 0.01471645
v 0.01396814 0.02433784 0.01251439
v 0.01382743 0.02502143 0.01460924
v 0.01406038 0.02333947 0.00998281
v 0.00984483 0.02544510 0.00957839
v 0.00972033 0.02623403 0.01225573
v 0.00944781 0.02670093 0.01449890
v 0.00518866 0.02510944 0.01273951
v 0.00505702 0.02548223 0.01504545
v 0.00510492 0.02445887 0.01016778
v 0.00032851 0.02431325 0.01036509
v 0.00024729 0.02486587 0.01298799
v 0.00014361 0.02543184 0.01538381
v -0.00322339 0.02584834 0.01280015
v -0.00331922 0.02638759 0.01529152
v -0.00323652 0.02508474 0.01012622
v -0.00634141 0.02507200 0.01006665
v -0.00633807 0.02565484 0.01276608
v -0.00648523 0.02611261 0.01529376
v -0.00274555 0.02770261 0.02484462
v -0.00233597 0.02795258 0.02708651
v 0.00084337 0.02710722 0.02709324
v -0.00600776 0.02751554 0.02495747
v -0.00563279 0.02781708 0.02724994
v -0.00542643 0.02808376 0.02939165
v -0.00219103 0.02821048 0.02923219
v -0.00262029 0.02880170 0.03301229
v -0.00291612 0.02919447 0.03486051
v 0.00040295 0.02902497 0.03525928
v -0.00575696 0.02866667 0.03300149
v -0.00602080 0.02904810 0.03476999
v -0.00617232 0.02967428 0.03697142
v -0.00311922 0.02978330 0.03696358
v 0.00018217 0.02977906 0.03728032
v -0.00931034 0.02525872 0.01268140
v -0.00948631 0.02574523 0.01523011
v -0.00929334 0.02464027 0.00992162
v -0.01161008 0.02388638 0.00985847
v -0.01175509 0.02452195 0.01265627
v -0.01203730 0.02499931 0.01522311
v -0.00909829 0.02739946 0.02497396
v -0.00871168 0.02775324 0.02731034
v -0.01198075 0.02706819 0.02502648
v -0.01160770 0.02761389 0.02739105
v -0.01133525 0.02807831 0.02965913
v -0.00848073 0.02808633 0.02951511
v -0.00865799 0.02878588 0.03333214
v -0.00884451 0.02922749 0.03521960
v -0.01137889 0.02883258 0.03379074
v -0.01150532 0.02920961 0.03586354
v -0.01170496 0.02982480 0.03837157
v -0.00899844 0.02989559 0.03759881
v -0.01625280 0.02692437 0.03451081
v -0.01611843 0.02654874 0.03256960
v -0.01841893 0.02539733 0.03290156
v -0.01863428 0.02578927 0.03476371
v -0.01599129 0.02617791 0.03047305
v -0.01816012 0.02505003 0.03083674
v -0.02051678 0.02400576 0.03052581
v -0.02085758 0.02442877 0.03266063
v -0.02109113 0.02490992 0.03462454
v -0.01568516 0.02531524 0.02563175
v -0.01552295 0.02489915 0.02309972
v -0.01694800 0.02413965 0.02324793
v -0.01740285 0.02446899 0.02586027
v -0.01525913 0.02451576 0.02053270
v -0.01645089 0.02388018 0.02059883
v -0.01815162 0.02282207 0.02015249
v -0.01881815 0.02305194 0.02281186
v -0.01941830 0.02332754 0.02547092
v -0.01428525 0.02387842 0.01524935
v -0.01374306 0.02353149 0.01255738
v -0.01445801 0.02315757 0.01244640
v -0.01514569 0.02342786 0.01519057
v -0.01335635 0.02304486 0.00966765
v -0.01394302 0.02272913 0.00952093
v -0.01505463 0.02204932 0.00930710
v -0.01571502 0.02238266 0.01217341
v -0.01654901 0.02252764 0.01485058
v 0.02229190 -0.02789146 0.03884695
v 0.02259312 -0.02687539 0.03560902
v 0.02153962 -0.02909667 0.04128190
v 0.02031699 -0.02908023 0.03975713
v 0.02048722 -0.02845365 0.03779724
v 0.02043783 -0.02781841 0.03503684
v 0.02184343 -0.02571634 0.02228615
v 0.02153473 -0.02568513 0.01921234
v 0.02340821 -0.02381649 0.01911550
v 0.01927690 -0.02692826 0.02249305
v 0.01909966 -0.02678766 0.01935505
v 0.01882997 -0.02661943 0.01656731
v 0.02125425 -0.02558754 0.01645407
v 0.02311790 -0.02390918 0.01633710
v 0.02065266 -0.02527354 0.01234289
v 0.02029488 -0.02500363 0.01045090
v 0.01818579 -0.02618824 0.01250999
v 0.01780683 -0.02587019 0.01066358
v 0.01746211 -0.02529180 0.00843224
v 0.01985811 -0.02450680 0.00820584
v 0.03356715 0.00870164 0.04501353
v 0.03413072 0.00396811 0.04539253
v 0.03316122 0.01277520 0.04440185
v 0.03401219 0.01311888 0.04685527
v 0.03475924 0.00909072 0.04729031
v 0.03513285 0.00449878 0.04753238
v 0.02977458 0.02338092 0.04312619
v 0.03121235 0.01997233 0.04346672
v 0.02775347 0.02629798 0.04278934
v 0.02775414 0.02667531 0.04545522
v 0.03001867 0.02388923 0.04569405
v 0.03175235 0.02046910 0.04597443
v 0.02488163 0.02734855 0.03931078
v 0.02461889 0.02816908 0.04211470
v 0.02127265 0.02838316 0.04155302
v 0.02162184 0.02944842 0.04419462
v 0.02504673 0.02853432 0.04498622
v 0.01753793 0.02897989 0.04075134
v 0.01432272 0.03047344 0.03962812
v 0.01354372 0.03156214 0.04219207
v 0.01765299 0.03036272 0.04315091
v 0.01086734 0.02982146 0.03706460
v 0.01036872 0.03025191 0.03960167
v 0.00738201 0.02889532 0.03742785
v 0.00706146 0.02954488 0.03987158
v 0.00693024 0.03053050 0.04210750
v 0.01008865 0.03092396 0.04208269
v 0.00355111 0.02905505 0.03760067
v 0.00340388 0.03002991 0.03971811
v 0.00001811 0.03065382 0.03943627
v 0.00010472 0.03157764 0.04148034
v 0.00352165 0.03102973 0.04171506
v -0.00314378 0.03063622 0.03943665
v -0.00610471 0.03066275 0.03980844
v -0.00574866 0.03177613 0.04263929
v -0.00289771 0.03157039 0.04184948
v -0.00908684 0.03103693 0.04063532
v -0.01200422 0.03094395 0.04148979
v -0.01201812 0.03181496 0.04481645
v -0.00887251 0.03207140 0.04385331
v -0.01675583 0.02796478 0.03878217
v -0.01929002 0.02686403 0.03876384
v -0.01988049 0.02776704 0.04126898
v -0.01730201 0.02888248 0.04156619
v -0.02182172 0.02604452 0.03868786
v -0.02250423 0.02678023 0.04105250
v -0.02309869 0.02763340 0.04342784
v -0.02030551 0.02881803 0.04371361
v -0.01772173 0.03002064 0.04430401
v -0.02496003 0.02504561 0.04137102
v -0.02569214 0.02559823 0.04387409
v -0.02417826 0.02453976 0.03893808
v -0.02565787 0.02256069 0.03930793
v -0.02658739 0.02294077 0.04187007
v -0.02748371 0.02317522 0.04437696
v -0.02327496 0.02261404 0.03182978
v -0.02348310 0.02328725 0.03418940
v -0.02294906 0.02207937 0.02939381
v -0.02420712 0.01932989 0.02862886
v -0.02448887 0.02005837 0.03132008
v -0.02475543 0.02095370 0.03399949
v -0.02129176 0.02109442 0.02153124
v -0.02194539 0.02134190 0.02418518
v -0.02055460 0.02087377 0.01895125
v -0.02243364 0.01823642 0.01798716
v -0.02301965 0.01829941 0.02055958
v -0.02346000 0.01854772 0.02323837
v -0.01771618 0.02078958 0.01168846
v -0.01869143 0.02076972 0.01411261
v -0.01689581 0.02059444 0.00897783
v -0.01865899 0.01873994 0.00866110
v -0.01962005 0.01887729 0.01121197
v -0.02067486 0.01867425 0.01341535
v 0.01854506 -0.02641784 0.01436263
v 0.01532114 -0.02664644 0.01406860
v 0.01497107 -0.02632553 0.01219688
v 0.01567519 -0.02692453 0.01630576
v 0.01212178 -0.02665831 0.01585884
v 0.01170900 -0.02626326 0.01360219
v 0.01129958 -0.02587046 0.01172342
v 0.01947216 -0.02705764 0.02567472
v 0.01657343 -0.02759776 0.02564783
v 0.01628081 -0.02737228 0.02238460
v 0.01975625 -0.02722153 0.02884498
v 0.01692040 -0.02787885 0.02881366
v 0.01389803 -0.02837764 0.02845553
v 0.01344751 -0.02795667 0.02531216
v 0.01300921 -0.02752541 0.02200978
v 0.01809919 -0.02911554 0.03725409
v 0.01777967 -0.02862185 0.03459383
v 0.01867277 -0.02970951 0.03986107
v 0.01600500 -0.03041349 0.03952569
v 0.01524630 -0.02979540 0.03662588
v 0.01478245 -0.02922142 0.03399865
v 0.03408813 -0.00182938 0.04582252
v 0.03488108 -0.00092350 0.04749800
v 0.03372436 -0.00680524 0.04748990
v 0.03283096 -0.00767801 0.04625751
v 0.03126001 -0.01282774 0.04633102
v 0.03190818 -0.01254601 0.04771660
v 0.03015344 -0.01773874 0.04790911
v 0.02979772 -0.01727194 0.04617864
v 0.02735583 -0.02446979 0.04611675
v 0.02519846 -0.02792532 0.04578920
v 0.02690663 -0.02557775 0.04797849
v 0.02418267 -0.02888505 0.04758128
v 0.01993901 -0.03140604 0.04622212
v 0.02217639 -0.02994805 0.04460340
v 0.01997835 -0.03011970 0.04250960
v 0.01744443 -0.03116818 0.04277454
v -0.02214197 0.01606070 0.01312894
v -0.02139876 0.01610908 0.01075718
v -0.02181342 0.01474186 0.01067887
v -0.02247541 0.01491543 0.01320849
v -0.02053659 0.01588659 0.00813423
v -0.02102417 0.01438681 0.00796724
v -0.02129265 0.01231041 0.00798713
v -0.02212038 0.01275351 0.01081320
v -0.02277664 0.01308877 0.01358638
v -0.02443539 0.01628609 0.02366461
v -0.02481543 0.01548753 0.02430393
v -0.02538993 0.01564187 0.02731122
v -0.02492077 0.01651141 0.02656369
v -0.02514921 0.01386065 0.02528585
v -0.02570399 0.01393791 0.02831861
v -0.02620143 0.01406442 0.03106245
v -0.02588929 0.01586142 0.03011551
v -0.02534569 0.01684152 0.02935598
v -0.02604720 0.01801586 0.03445284
v -0.02664581 0.01666439 0.03481551
v -0.02706780 0.01710149 0.03703190
v -0.02644673 0.01866208 0.03692453
v -0.02707697 0.01458565 0.03527903
v -0.02750659 0.01484821 0.03724022
v -0.02809714 0.01500695 0.03935286
v -0.02769993 0.01738798 0.03933572
v -0.02709479 0.01912752 0.03941951
v -0.02863081 0.01742877 0.04173205
v -0.02806075 0.01927543 0.04190937
v -0.02886925 0.01501531 0.04171621
v -0.02969150 0.01493441 0.04392246
v -0.02958272 0.01734725 0.04395767
v -0.02907471 0.01928735 0.04417812
v -0.02870811 0.01132017 0.04201879
v -0.02970789 0.01154727 0.04414335
v -0.02776025 0.01129822 0.03969038
v -0.02990948 0.00768059 0.03903282
v -0.03051176 0.00789677 0.04120197
v -0.03126315 0.00817620 0.04335316
v -0.02664505 0.01427164 0.03331973
v -0.02646662 0.01036935 0.03437897
v -0.02679863 0.01065346 0.03606499
v -0.02628562 0.00983302 0.03231007
v -0.02858448 0.00706868 0.03259614
v -0.02894311 0.00719047 0.03438112
v -0.02922173 0.00734520 0.03583938
v -0.02457886 0.01377506 0.02221597
v -0.02440877 0.01050142 0.02382489
v -0.02488663 0.01054463 0.02681350
v -0.02399548 0.01363340 0.01922536
v -0.02393344 0.01043948 0.02078315
v -0.02627532 0.00684132 0.02190618
v -0.02690517 0.00691786 0.02488442
v -0.02750004 0.00695731 0.02762720
v -0.02223856 0.00964045 0.01124704
v -0.02287279 0.01001425 0.01443031
v -0.02148708 0.00931711 0.00812717
v -0.02293154 0.00595994 0.00796633
v -0.02393238 0.00628347 0.01136787
v -0.02479235 0.00651137 0.01495497
v -0.02436889 0.00222405 0.01171364
v -0.02520958 0.00245788 0.01546123
v -0.02351328 0.00182027 0.00819738
v -0.02416465 -0.00193662 0.00834585
v -0.02504919 -0.00164196 0.01189715
v -0.02579900 -0.00143242 0.01568469
v -0.02759451 0.00290973 0.02803229
v -0.02809654 0.00296333 0.03045007
v -0.02808326 0.00699749 0.03027471
v -0.02784562 -0.00099795 0.02793018
v -0.02818593 -0.00096219 0.03018017
v -0.02859368 -0.00089512 0.03218883
v -0.02855182 0.00303852 0.03259647
v -0.02925745 0.00327405 0.03571618
v -0.02961443 0.00341550 0.03713397
v -0.02951237 0.00750742 0.03729014
v -0.02926811 -0.00073233 0.03524213
v -0.02960310 -0.00064082 0.03666680
v -0.03003711 -0.00051541 0.03836459
v -0.03006068 0.00359574 0.03880946
v -0.03067752 0.00381790 0.04088178
v -0.03068685 -0.00033506 0.04047946
v -0.03155243 -0.00018411 0.04267848
v -0.03141074 0.00400928 0.04302286
v -0.02612830 -0.00533723 0.01202520
v -0.02667365 -0.00506998 0.01584003
v -0.02537221 -0.00563436 0.00837022
v -0.02536233 -0.00916757 0.00880769
v -0.02596652 -0.00885143 0.01240243
v -0.02641093 -0.00854866 0.01618452
v -0.02825420 -0.00474887 0.02787221
v -0.02855376 -0.00479523 0.03000079
v -0.02758015 -0.00826397 0.02799532
v -0.02773583 -0.00841849 0.03004262
v -0.02788936 -0.00858219 0.03185144
v -0.02884957 -0.00485721 0.03189734
v -0.02934621 -0.00497842 0.03467229
v -0.02958040 -0.00508609 0.03600297
v -0.02812964 -0.00893900 0.03442762
v -0.02828406 -0.00909795 0.03566033
v -0.02863520 -0.00902908 0.03752526
v -0.02995726 -0.00499565 0.03775916
v -0.03060314 -0.00473429 0.04016361
v -0.02943745 -0.00867475 0.04034956
v -0.03058341 -0.00843423 0.04328635
v -0.03148443 -0.00456952 0.04269371
v -0.02929045 -0.01247111 0.04049365
v -0.03042927 -0.01206901 0.04364792
v -0.02850653 -0.01292959 0.03742522
v -0.02804106 -0.01601948 0.03745502
v -0.02883458 -0.01550776 0.04068510
v -0.02990419 -0.01513828 0.04398435
v -0.02801897 -0.00875778 0.03325937
v -0.02794671 -0.01255359 0.03291386
v -0.02808529 -0.01278338 0.03412602
v -0.02780414 -0.01233046 0.03151409
v -0.02780549 -0.01558704 0.03096852
v -0.02779224 -0.01580180 0.03247371
v -0.02779156 -0.01601211 0.03383318
v -0.02740977 -0.00812607 0.02583532
v -0.02732727 -0.01174308 0.02587116
v -0.02751902 -0.01192026 0.02788558
v -0.02719164 -0.00810808 0.02324022
v -0.02711557 -0.01164204 0.02340114
v -0.02765947 -0.01455403 0.02302522
v -0.02776799 -0.01478102 0.02541469
v -0.02780840 -0.01503372 0.02737368
v -0.02619011 -0.01194460 0.01275693
v -0.02657833 -0.01182383 0.01648263
v -0.02554151 -0.01203560 0.00922029
v -0.02606966 -0.01433583 0.00934880
v -0.02673798 -0.01439274 0.01283047
v -0.02717659 -0.01445547 0.01640197
v 0.00786769 -0.02539341 0.01337112
v 0.00744650 -0.02490801 0.01151042
v 0.00838243 -0.02597517 0.01558031
v 0.00413359 -0.02614707 0.01530580
v 0.00358058 -0.02565337 0.01309141
v 0.00312961 -0.02512749 0.01123524
v -0.00095552 -0.02591791 0.01302915
v -0.00137165 -0.02556503 0.01113526
v -0.00038336 -0.02625678 0.01525978
v -0.00456028 -0.02638432 0.01529333
v -0.00517097 -0.02570853 0.01314741
v -0.00556387 -0.02513175 0.01130087
v -0.01041261 -0.02489474 0.01134833
v -0.01001876 -0.02546843 0.01321491
v -0.01207105 -0.02505675 0.01329567
v -0.01237094 -0.02438214 0.01145814
v -0.00944964 -0.02601837 0.01543146
v -0.01152610 -0.02584452 0.01546035
v -0.01362981 -0.02496649 0.01571477
v -0.01419629 -0.02427466 0.01349408
v -0.01459753 -0.02390336 0.01156761
v -0.02038963 -0.02297840 0.01179460
v -0.01991539 -0.02398267 0.01374332
v -0.02162953 -0.02182131 0.01428689
v -0.02177840 -0.02107040 0.01241726
v -0.01893616 -0.02476644 0.01598981
v -0.02158787 -0.02262882 0.01642337
v -0.02295717 -0.02056978 0.01733036
v -0.02320987 -0.02005344 0.01508017
v -0.02348890 -0.01963861 0.01302522
v -0.02618683 -0.01789979 0.01480706
v -0.02620967 -0.01820641 0.01759273
v -0.02716475 -0.01668099 0.01897269
v -0.02696768 -0.01646812 0.01576744
v -0.02619578 -0.01844602 0.02025257
v -0.02727875 -0.01690341 0.02186953
v -0.02746474 -0.01447447 0.01992726
v 0.01009304 -0.02804838 0.02478649
v 0.00949646 -0.02740882 0.02156346
v 0.01065585 -0.02866893 0.02779912
v 0.00715841 -0.02847237 0.02721963
v 0.00646185 -0.02795512 0.02432257
v 0.00565829 -0.02737940 0.02118378
v 0.00249327 -0.02810867 0.02406520
v 0.00149459 -0.02730354 0.02105475
v 0.00328963 -0.02889075 0.02676335
v -0.00035320 -0.02874342 0.02670387
v -0.00121140 -0.02828503 0.02401705
v -0.00231611 -0.02785411 0.02095930
v -0.00764062 -0.02727398 0.02128959
v -0.00667646 -0.02807857 0.02432288
v -0.00907865 -0.02779083 0.02454240
v -0.00992539 -0.02722076 0.02142157
v -0.00598121 -0.02893744 0.02686976
v -0.00841066 -0.02840932 0.02715544
v -0.01110943 -0.02796636 0.02732286
v -0.01167100 -0.02751737 0.02468192
v -0.01237804 -0.02680773 0.02156594
v -0.01788855 -0.02559603 0.02176492
v -0.01760881 -0.02603874 0.02476343
v -0.02149483 -0.02498619 0.02471718
v -0.02171804 -0.02409909 0.02186317
v -0.01751785 -0.02647088 0.02730706
v -0.02082432 -0.02569528 0.02740870
v -0.02301031 -0.02221963 0.02791478
v -0.02292305 -0.02195937 0.02544283
v -0.02286072 -0.02153883 0.02268347
v 0.01216242 -0.03022302 0.03547144
v 0.01167693 -0.02969040 0.03295041
v 0.01279523 -0.03100063 0.03851154
v 0.00888846 -0.03099773 0.03732204
v 0.00854107 -0.03005477 0.03421450
v 0.00812800 -0.02944588 0.03191868
v 0.00452390 -0.03051418 0.03298093
v 0.00422873 -0.02998159 0.03091860
v 0.00470950 -0.03135351 0.03609364
v 0.00043292 -0.03085995 0.03538607
v 0.00042471 -0.03009124 0.03235890
v 0.00029195 -0.02960163 0.03050829
v -0.00545646 -0.02996708 0.03012048
v -0.00532477 -0.03042572 0.03169165
v -0.00773270 -0.02958543 0.03177691
v -0.00787181 -0.02923141 0.03029217
v -0.00530264 -0.03121891 0.03459005
v -0.00778443 -0.03033055 0.03460336
v -0.01055597 -0.02914468 0.03471417
v -0.01053849 -0.02867755 0.03188963
v -0.01065276 -0.02846950 0.03043573
v -0.01784007 -0.02692899 0.03064781
v -0.01797896 -0.02717260 0.03218353
v -0.02178466 -0.02581009 0.03264858
v -0.02128754 -0.02588629 0.03096206
v -0.01842419 -0.02756274 0.03485362
v -0.02239763 -0.02569345 0.03527549
v -0.02372639 -0.02192159 0.03598001
v -0.02345380 -0.02192830 0.03337353
v -0.02328622 -0.02205226 0.03159223
v 0.01373684 -0.03214895 0.04229758
v 0.01477049 -0.03317703 0.04596082
v 0.00958694 -0.03400747 0.04568944
v 0.00913905 -0.03246919 0.04158483
v 0.00468201 -0.03263086 0.04073735
v 0.00474586 -0.03367098 0.04540760
v 0.00033696 -0.03325182 0.04492658
v 0.00026655 -0.03215223 0.04012913
v -0.00541250 -0.03246559 0.03945546
v -0.00809991 -0.03167375 0.03942028
v -0.00523561 -0.03322812 0.04454078
v -0.00793573 -0.03282196 0.04446302
v -0.01081008 -0.03202277 0.04426140
v -0.01073447 -0.03037136 0.03953416
v -0.01917210 -0.02839251 0.03920996
v -0.02292369 -0.02597994 0.03943133
v -0.01971802 -0.02949256 0.04396866
v -0.02328303 -0.02650780 0.04376229
v -0.02530525 -0.02297733 0.04365473
v -0.02437385 -0.02225922 0.03983248
v -0.02631780 -0.01911538 0.03685445
v -0.02712983 -0.01897501 0.04035404
v -0.02807268 -0.01754989 0.04060976
v -0.02725232 -0.01793113 0.03723860
v -0.02810977 -0.01916836 0.04388124
v -0.02910298 -0.01738150 0.04403520
v -0.02579810 -0.01929924 0.03278026
v -0.02592101 -0.01923272 0.03445807
v -0.02699463 -0.01811218 0.03494812
v -0.02696790 -0.01806773 0.03336810
v -0.02781998 -0.01617855 0.03528786
v -0.02594382 -0.01898603 0.02503396
v -0.02579177 -0.01921815 0.02731879
v -0.02712552 -0.01768119 0.02837570
v -0.02722134 -0.01745168 0.02636250
v -0.02569955 -0.01933358 0.02941213
v -0.02704326 -0.01786896 0.03024538
v -0.02782631 -0.01530000 0.02924258
v 0.00241017 -0.02376122 0.00733972
v -0.00208324 -0.02440374 0.00703730
v -0.00224949 -0.02294772 0.00438369
v 0.00228114 -0.02265279 0.00485554
v -0.00622749 -0.02381397 0.00732121
v -0.00635613 -0.02262261 0.00470154
v -0.00604248 -0.02049246 0.00248396
v -0.00221939 -0.02051553 0.00247663
v 0.00218940 -0.02065655 0.00272554
v 0.02219594 0.01243435 0.00967194
v 0.02059940 0.01207434 0.00636566
v 0.02043436 0.01321737 0.00629123
v 0.02063004 0.01003152 0.00657754
v 0.01883309 0.00943062 0.00346590
v 0.01882913 0.01134133 0.00326589
v 0.01873867 0.01223592 0.00319450
v -0.02554016 -0.01725333 0.00895607
v -0.02605382 -0.01600684 0.00920713
v -0.02464223 -0.01563717 0.00600350
v -0.02423247 -0.01668076 0.00585023
v -0.02475219 -0.01418845 0.00608043
v -0.02243317 -0.01360389 0.00336124
v -0.02231507 -0.01479211 0.00332166
v -0.02194219 -0.01552771 0.00315623
v -0.02225172 0.00126403 0.00509202
v -0.02286312 -0.00239768 0.00521517
v -0.02161232 0.00537281 0.00491582
v -0.01962255 0.00464997 0.00274185
v -0.02025871 0.00080402 0.00285762
v -0.02079126 -0.00278757 0.00292241
v 0.01739701 0.01886074 0.00682263
v 0.01571088 0.02008025 0.00702046
v 0.01855787 0.01760229 0.00661897
v 0.01723109 0.01601244 0.00353003
v 0.01629305 0.01714785 0.00368544
v 0.01493354 0.01830527 0.00373323
v -0.00946760 0.02364607 0.00676047
v -0.01160242 0.02303839 0.00669078
v -0.00647338 0.02393792 0.00695708
v -0.00673759 0.02138533 0.00451102
v -0.00925538 0.02121147 0.00405613
v -0.01114197 0.02083712 0.00373295
v -0.02439460 -0.01208857 0.00594498
v -0.02413528 -0.00942938 0.00550861
v -0.02188066 -0.00918746 0.00299169
v -0.02226599 -0.01169291 0.00329869
v -0.00349856 0.02368194 0.00712012
v 0.00009437 0.02308944 0.00738212
v -0.00043824 0.02055217 0.00548634
v -0.00403035 0.02112281 0.00502389
v -0.01635197 0.01984939 0.00581973
v -0.01781721 0.01802228 0.00557950
v -0.01472003 0.02132553 0.00612382
v -0.01369890 0.01933486 0.00312944
v -0.01494809 0.01793721 0.00284320
v -0.01629679 0.01634807 0.00274820
v -0.02384800 -0.00598165 0.00505295
v -0.02139099 -0.00614352 0.00277501
v 0.02270732 -0.00236905 0.00615296
v 0.02149787 0.00191920 0.00666808
v 0.02326437 -0.00650298 0.00579448
v 0.02200323 -0.00634226 0.00229984
v 0.02126674 -0.00255441 0.00268029
v 0.02035354 0.00167847 0.00310755
v 0.01388124 0.02171987 0.00678035
v 0.00974858 0.02343880 0.00610813
v 0.01312616 0.01949822 0.00369622
v 0.00944254 0.02018160 0.00376058
v -0.01101166 -0.02347175 0.00738741
v -0.01293228 -0.02310359 0.00746328
v -0.01290392 -0.02236375 0.00478021
v -0.01101966 -0.02250660 0.00474100
v -0.01493679 -0.02309750 0.00746221
v -0.01476603 -0.02227965 0.00472965
v -0.01404045 -0.02004016 0.00212139
v -0.01230308 -0.02035672 0.00219562
v -0.01050627 -0.02044245 0.00224890
v 0.02414918 -0.01012501 0.00532740
v 0.02466967 -0.01335063 0.00493247
v 0.02264898 -0.01282109 0.00158165
v 0.02260610 -0.00979967 0.00180762
v -0.01277638 0.02334171 0.00978568
v -0.01271411 0.02259556 0.00656366
v -0.01323586 0.02232622 0.00647945
v -0.01211721 0.02053373 0.00356485
v -0.01256567 0.02032508 0.00348381
v -0.02059189 0.00879686 0.00518793
v -0.02039035 0.01170490 0.00505675
v -0.01863497 0.01086512 0.00254056
v -0.01901175 0.00807048 0.00276323
v 0.01918248 -0.02346944 0.00534713
v 0.02096758 -0.02216565 0.00494422
v 0.01693665 -0.02415982 0.00557328
v 0.01614803 -0.02196846 0.00276090
v 0.01802914 -0.02121477 0.00258034
v 0.01940860 -0.02006358 0.00230576
v 0.01064906 -0.02464668 0.00774600
v 0.00673500 -0.02384331 0.00754903
v 0.00667150 -0.02279501 0.00507798
v 0.01050962 -0.02346496 0.00517315
v 0.00650116 -0.02094490 0.00280739
v 0.01023141 -0.02142920 0.00283356
v 0.01429846 -0.02531488 0.00816533
v 0.01404747 -0.02414632 0.00540885
v 0.01346456 -0.02190983 0.00272419
v -0.01978107 0.01720471 0.00838528
v -0.01878580 0.01655384 0.00537383
v -0.01947685 0.01521280 0.00512637
v -0.01713744 0.01505567 0.00265441
v -0.01762626 0.01393796 0.00252373
v 0.00483492 0.02309929 0.00707911
v 0.00465834 0.02027645 0.00503149
v 0.02243630 -0.02051129 0.00469333
v 0.02365676 -0.01853364 0.00459827
v 0.02046778 -0.01858920 0.00195290
v 0.02144427 -0.01694342 0.00169153
v 0.02042549 0.00643717 0.00695666
v 0.01909849 0.00586679 0.00350203
v -0.02030223 -0.02153649 0.00777430
v -0.02178384 -0.01994648 0.00828707
v -0.02126166 -0.01948667 0.00535051
v -0.01961585 -0.02076102 0.00481079
v -0.02340768 -0.01893685 0.00860107
v -0.02261393 -0.01847870 0.00572415
v -0.02069917 -0.01700314 0.00282553
v -0.01947608 -0.01786398 0.00251854
v -0.01781750 -0.01883602 0.00220546
v 0.01927653 0.01636717 0.00645454
v 0.01977810 0.01523037 0.00633707
v 0.01828199 0.01397739 0.00322435
v 0.01785053 0.01495605 0.00337033
v 0.02866782 -0.02198796 0.04801063
v 0.02873638 -0.02232303 0.04950612
v 0.02668231 -0.02602866 0.04929402
v 0.03064164 -0.01793176 0.04945669
v 0.03134340 -0.01795267 0.05082949
v 0.02929390 -0.02265131 0.05056795
v 0.02685099 -0.02657946 0.05035547
v -0.00274276 -0.03307920 0.04461992
v -0.00220905 -0.03300506 0.04753554
v -0.00470251 -0.03298295 0.04738240
v 0.00097842 -0.03347160 0.04777254
v 0.00200307 -0.03397092 0.04982245
v -0.00119020 -0.03367468 0.04963851
v -0.00379052 -0.03372492 0.04950393
v 0.01042808 0.03172635 0.04398540
v 0.01381727 0.03220824 0.04424966
v 0.00741561 0.03145174 0.04385125
v 0.00792194 0.03212637 0.04526505
v 0.01095830 0.03229400 0.04545854
v 0.01440811 0.03241444 0.04592083
v -0.03240067 -0.00472154 0.04492103
v -0.03251587 -0.00020632 0.04469454
v -0.03151398 -0.00856920 0.04568913
v -0.03165995 -0.00895213 0.04803003
v -0.03273446 -0.00504826 0.04752653
v -0.03321734 -0.00066980 0.04710167
v -0.02009836 0.02945217 0.04609170
v -0.01736052 0.03047371 0.04670532
v -0.02306784 0.02821810 0.04577526
v -0.02238466 0.02839299 0.04793148
v -0.01948582 0.02966785 0.04809876
v -0.01668922 0.03067038 0.04862374
v 0.03031766 0.02385615 0.04742955
v 0.03208827 0.02046117 0.04773693
v 0.02800320 0.02648709 0.04728730
v 0.02852905 0.02643159 0.04829024
v 0.03078383 0.02378516 0.04841810
v 0.03254850 0.02052523 0.04885349
v -0.01498909 -0.03161822 0.04408962
v -0.01451629 -0.03173843 0.04701828
v -0.01917733 -0.02976997 0.04698752
v -0.01030593 -0.03224832 0.04713747
v -0.00928630 -0.03289092 0.04885490
v -0.01348200 -0.03218215 0.04851106
v -0.01800665 -0.03033844 0.04846716
v 0.00403029 0.03186056 0.04341531
v 0.00057343 0.03229387 0.04330241
v 0.00095789 0.03290677 0.04510277
v 0.00449751 0.03255496 0.04498004
v -0.03105825 -0.01213231 0.04619469
v -0.03033720 -0.01520972 0.04654171
v -0.03023759 -0.01566976 0.04855940
v -0.03099771 -0.01254951 0.04838859
v -0.02572339 0.02587883 0.04626139
v -0.02757258 0.02331598 0.04661485
v -0.02723127 0.02343657 0.04839686
v -0.02520819 0.02611634 0.04819457
v 0.03560503 -0.00054533 0.04906740
v 0.03447985 -0.00638148 0.04893521
v 0.03603040 0.00469411 0.04923277
v 0.03720414 0.00481544 0.05024945
v 0.03676284 -0.00037378 0.05030468
v 0.03552919 -0.00610699 0.05037693
v -0.03015302 0.01730665 0.04583770
v -0.02955053 0.01929433 0.04619701
v -0.03035716 0.01488270 0.04568835
v -0.03101282 0.01484794 0.04745016
v -0.03048019 0.01734764 0.04757930
v -0.02966901 0.01933998 0.04791354
v 0.01534249 -0.03335574 0.04851767
v 0.01023375 -0.03426071 0.04848036
v 0.01988879 -0.03157379 0.04854758
v 0.02022808 -0.03299374 0.05065994
v 0.01590393 -0.03453114 0.05065985
v 0.01110059 -0.03488611 0.05027284
v 0.02551446 0.02834632 0.04695546
v 0.02229929 0.02973697 0.04629819
v 0.02287830 0.02971320 0.04766631
v 0.02605691 0.02826995 0.04816139
v -0.00237540 0.03223571 0.04388732
v -0.00519344 0.03229685 0.04492317
v -0.00483253 0.03267130 0.04692746
v -0.00200724 0.03272571 0.04582984
v 0.03571367 0.00920911 0.04904835
v 0.03467060 0.01316774 0.04870441
v 0.03574641 0.01360420 0.04981067
v 0.03684742 0.00948824 0.05000883
v 0.03255650 -0.01238686 0.04920322
v 0.03350420 -0.01218190 0.05070126
v -0.02679901 -0.02075843 0.04378094
v -0.02707201 -0.02148280 0.04653456
v -0.02836966 -0.01961766 0.04658953
v -0.02547094 -0.02385439 0.04653266
v -0.02474773 -0.02499393 0.04849922
v -0.02660804 -0.02259996 0.04853072
v -0.02800348 -0.02048744 0.04854074
v -0.03064237 0.01165549 0.04577913
v -0.03192550 0.00831035 0.04521143
v -0.03258940 0.00787680 0.04725038
v -0.03164262 0.01160788 0.04749706
v 0.00524511 -0.03376268 0.04817402
v 0.00626831 -0.03445448 0.05015325
v 0.01821435 0.03103461 0.04526367
v 0.01872260 0.03121888 0.04679342
v -0.00834338 0.03236750 0.04629114
v -0.01153909 0.03197628 0.04728022
v -0.01096533 0.03212871 0.04909084
v -0.00789120 0.03256231 0.04820661
v -0.03217961 0.00406102 0.04496198
v -0.03278342 0.00367263 0.04714501
v -0.00499775 0.03294318 0.04907934
v -0.00214129 0.03307724 0.04798085
v -0.00536590 0.03388440 0.05138813
v -0.00252994 0.03337230 0.04995770
v 0.00068038 0.03344623 0.04888111
v 0.00091888 0.03326762 0.04708681
v 0.00452017 0.03313044 0.04661489
v 0.00430918 0.03336630 0.04807838
v 0.00781457 0.03285334 0.04766630
v 0.00797705 0.03252616 0.04654819
v 0.01108714 0.03255666 0.04665002
v 0.01097698 0.03270927 0.04760858
v 0.01452468 0.03253715 0.04786089
v 0.01458031 0.03248156 0.04707356
v 0.01892528 0.03133813 0.04777918
v 0.01894886 0.03154756 0.04841521
v 0.02325502 0.03020441 0.04885601
v 0.02317251 0.02995256 0.04842555
v 0.02635379 0.02843445 0.04865862
v 0.02649169 0.02868578 0.04893909
v 0.02896960 0.02674799 0.04893610
v 0.02885903 0.02658379 0.04870303
v 0.03307005 0.02103423 0.04946178
v 0.03505264 0.01807703 0.05008707
v 0.03420807 0.01720406 0.04946841
v 0.03351068 0.02168320 0.04984726
v 0.03578427 0.01906396 0.05057782
v 0.03758308 0.01569909 0.05106176
v 0.03674459 0.01462253 0.05045490
v 0.03778930 0.01018774 0.05047823
v 0.03857544 0.01098203 0.05101511
v 0.03896974 0.00561875 0.05105256
v 0.03815130 0.00517408 0.05064699
v 0.03806234 0.00000148 0.05095416
v 0.03932544 0.00039850 0.05159860
v 0.03875985 -0.00519213 0.05215165
v 0.03715398 -0.00560284 0.05129502
v 0.03506501 -0.01188299 0.05156282
v 0.03662131 -0.01174194 0.05221487
v 0.03364107 -0.01838067 0.05197570
v 0.03246184 -0.01803044 0.05158091
v 0.02720272 -0.02779603 0.05096825
v 0.02394841 -0.03187419 0.05100958
v 0.02376775 -0.03007538 0.05038505
v 0.02774411 -0.02933938 0.05149462
v 0.02418666 -0.03385279 0.05166248
v 0.02054151 -0.03719052 0.05226008
v 0.02032663 -0.03495195 0.05103469
v 0.01642816 -0.03646735 0.05091555
v 0.01670457 -0.03864598 0.05261440
v 0.01294251 -0.03924143 0.05245748
v 0.01203191 -0.03697231 0.05064235
v 0.00749342 -0.03675431 0.05049975
v 0.00856991 -0.03964376 0.05212620
v 0.00442302 -0.03958673 0.05169848
v 0.00334179 -0.03661643 0.05046035
v -0.00245625 -0.03621146 0.05023402
v -0.00507146 -0.03591086 0.05019463
v -0.00617951 -0.03347847 0.04927600
v -0.00167261 -0.03905552 0.05134666
v -0.00461949 -0.03869691 0.05126118
v -0.00814422 -0.03772617 0.05106823
v -0.00824360 -0.03522362 0.05027835
v -0.01696093 -0.03218162 0.05005308
v -0.02097107 -0.03000859 0.05068203
v -0.02183124 -0.02771347 0.04850583
v -0.01670248 -0.03456527 0.05105578
v -0.02125641 -0.03248949 0.05091120
v -0.02484472 -0.03004493 0.05125532
v -0.02462515 -0.02773506 0.05135462
v -0.02735864 -0.02172985 0.05040788
v -0.02876010 -0.01923358 0.05045806
v -0.02918005 -0.01824577 0.04858344
v -0.02858311 -0.02399698 0.05167027
v -0.02998165 -0.02063769 0.05206072
v -0.03133548 -0.01727455 0.05258702
v -0.02999557 -0.01621851 0.05048209
v -0.03088958 -0.01300654 0.05052494
v -0.03265348 -0.01386034 0.05297286
v -0.03383519 -0.01026090 0.05325867
v -0.03186112 -0.00933045 0.05054022
v -0.03292979 -0.00552278 0.05022773
v -0.03484917 -0.00624976 0.05302207
v -0.03578902 -0.00213739 0.05271915
v -0.03367898 -0.00142422 0.04989967
v -0.03356550 0.00267609 0.04999855
v -0.03656417 0.00200654 0.05253241
v -0.03670863 0.00647248 0.05235057
v -0.03312177 0.00700108 0.04990605
v -0.03287661 0.01123336 0.04983835
v -0.03570071 0.01125212 0.05221421
v -0.03390487 0.01541179 0.05153267
v -0.03211465 0.01486007 0.04957320
v -0.02982321 0.01953255 0.04953812
v -0.02849367 0.02141762 0.04978182
v -0.02863162 0.02123001 0.04826171
v -0.03024611 0.02010493 0.05108709
v -0.02849569 0.02193941 0.05111399
v -0.02650705 0.02411348 0.05118130
v -0.02686742 0.02367163 0.04992627
v -0.02454962 0.02629229 0.04987520
v -0.02388237 0.02653184 0.05119653
v -0.02169288 0.02963604 0.05189035
v -0.02169372 0.02845327 0.04976374
v -0.01611748 0.03086272 0.05051645
v -0.01340590 0.03188667 0.05122055
v -0.01388334 0.03148432 0.04911308
v -0.01632818 0.03317171 0.05235008
v -0.01362732 0.03450287 0.05236214
v -0.01092710 0.03524056 0.05235095
v -0.01065359 0.03264106 0.05120645
v -0.00785502 0.03276648 0.05015989
v -0.00831715 0.03492233 0.05219369
v -0.01640848 0.03607540 0.05277576
v -0.01917981 0.03470396 0.05277446
v -0.01981243 0.03684486 0.05427125
v -0.01699041 0.03822237 0.05428601
v -0.02213627 0.03283980 0.05262648
v -0.02265784 0.03513256 0.05417523
v -0.02262294 0.03648108 0.05677179
v -0.01977634 0.03812669 0.05681462
v -0.01715812 0.03945702 0.05698512
v -0.01902941 0.03875057 0.05915432
v -0.01668060 0.03999187 0.05932482
v -0.02175354 0.03720164 0.05915144
v -0.02090390 0.03772399 0.06129644
v -0.01832418 0.03915740 0.06130422
v -0.01617459 0.04027878 0.06151796
v -0.01594999 0.04028815 0.06521709
v -0.01801218 0.03927868 0.06492137
v -0.01802387 0.03924746 0.06664603
v -0.01594571 0.04024328 0.06697778
v -0.02044619 0.03793350 0.06480826
v -0.02040290 0.03788850 0.06647473
v -0.02037223 0.03772782 0.06841352
v -0.01802385 0.03912658 0.06861521
v -0.01589961 0.04012023 0.06897177
v -0.01800234 0.03878295 0.07102923
v -0.01581949 0.03985132 0.07140670
v -0.02036957 0.03733877 0.07081849
v -0.02044655 0.03682218 0.07369961
v -0.01799637 0.03826496 0.07391612
v -0.01568869 0.03932454 0.07429903
v -0.01790952 0.03736781 0.07720589
v -0.01551317 0.03844864 0.07759329
v -0.02044046 0.03593087 0.07694111
v -0.02010588 0.03427077 0.08018190
v -0.01755236 0.03566994 0.08047325
v -0.01507773 0.03678095 0.08085806
v -0.01735161 0.03383393 0.08371502
v -0.01488717 0.03510000 0.08435791
v -0.01978039 0.03225352 0.08325219
v -0.01934944 0.02958827 0.08638613
v -0.01713337 0.03136040 0.08712524
v -0.01473270 0.03274438 0.08803252
v -0.01585332 0.02724940 0.09093609
v -0.01316037 0.02804679 0.09139875
v -0.01864358 0.02590417 0.09018589
v -0.01656964 0.02135353 0.09235743
v -0.01413541 0.02277270 0.09274533
v -0.01171352 0.02342882 0.09310693
v -0.01262899 0.01891803 0.09349836
v -0.01036772 0.01957656 0.09394842
v -0.01492887 0.01764304 0.09293624
v -0.01375217 0.01397114 0.09431658
v -0.01132402 0.01515465 0.09459078
v -0.00906327 0.01582125 0.09484462
v -0.01003288 0.01075106 0.09591704
v -0.00768335 0.01160565 0.09627676
v -0.01249470 0.00953818 0.09546555
v -0.01137187 0.00552686 0.09652106
v -0.00876579 0.00672014 0.09689608
v -0.00628718 0.00769592 0.09714447
v -0.01107143 0.03802744 0.05272297
v -0.01154189 0.04002071 0.05398327
v -0.00876997 0.03976261 0.05347263
v -0.00847208 0.03769380 0.05250584
v -0.01197491 0.04175998 0.05670112
v -0.00913150 0.04205434 0.05563478
v -0.00614427 0.04113795 0.05437338
v -0.00617837 0.03864632 0.05268832
v -0.00590518 0.03667667 0.05236046
v -0.01201060 0.04217838 0.05939226
v -0.00938667 0.04298071 0.05907158
v -0.01185374 0.04213069 0.06185955
v -0.00926790 0.04284958 0.06195224
v -0.00629382 0.04338268 0.06193302
v -0.00640408 0.04345543 0.05829598
v -0.01165754 0.04185464 0.06566585
v -0.01155239 0.04173369 0.06744509
v -0.00902154 0.04229264 0.06740710
v -0.00909876 0.04245758 0.06572698
v -0.01139004 0.04161088 0.06945723
v -0.00887506 0.04215289 0.06933992
v -0.00609476 0.04251440 0.06896815
v -0.00618462 0.04270317 0.06715241
v -0.00619089 0.04288867 0.06559980
v -0.01114360 0.04141101 0.07189910
v -0.00863300 0.04201650 0.07171497
v -0.01078248 0.04089126 0.07475022
v -0.00823526 0.04143587 0.07453818
v -0.00550547 0.04182730 0.07401105
v -0.00585789 0.04237677 0.07119395
v -0.01036378 0.04002728 0.07800445
v -0.00780745 0.04047753 0.07768578
v -0.00980844 0.03845548 0.08129527
v -0.00731840 0.03891637 0.08109874
v -0.00476648 0.03916626 0.08067907
v -0.00518149 0.04067757 0.07712387
v -0.00918928 0.03684681 0.08533509
v -0.00653902 0.03714083 0.08530506
v -0.00826532 0.03357455 0.08899048
v -0.00583746 0.03402699 0.08874091
v -0.00351554 0.03456245 0.08832353
v -0.00409638 0.03732870 0.08484346
v -0.00758253 0.02939472 0.09188712
v -0.00524679 0.03038428 0.09171490
v -0.00674217 0.02482323 0.09376665
v -0.00457075 0.02614566 0.09375975
v -0.00236797 0.02782451 0.09315643
v -0.00301034 0.03151896 0.09123743
v -0.00576152 0.02092444 0.09422304
v -0.00364491 0.02201971 0.09420039
v -0.00460505 0.01711654 0.09516410
v -0.00256118 0.01795830 0.09510173
v -0.00056623 0.01906496 0.09482678
v -0.00156964 0.02347126 0.09396876
v -0.00312914 0.01301496 0.09618622
v -0.00123951 0.01381582 0.09607560
v -0.00177561 0.00950962 0.09703964
v -0.00005307 0.01039937 0.09690711
v 0.00153081 0.01134932 0.09668624
v 0.00055643 0.01475415 0.09581346
v -0.02488909 0.03016900 0.05256920
v -0.02582489 0.03277917 0.05399238
v -0.02735389 0.02727090 0.05282394
v -0.02844935 0.02985244 0.05350620
v -0.02930587 0.03232334 0.05747852
v -0.02585672 0.03458244 0.05694956
v -0.02499460 0.03523028 0.05946981
v -0.02839359 0.03309726 0.05990584
v -0.02748319 0.03359053 0.06223026
v -0.02408413 0.03577326 0.06166987
v -0.02345860 0.03605934 0.06505157
v -0.02329543 0.03598892 0.06661886
v -0.02670536 0.03390879 0.06551872
v -0.02642583 0.03384977 0.06700649
v -0.02615561 0.03357641 0.06881172
v -0.02315638 0.03576983 0.06848960
v -0.02309727 0.03533004 0.07090207
v -0.02600376 0.03308759 0.07120152
v -0.02599917 0.03244527 0.07405379
v -0.02320447 0.03480624 0.07379196
v -0.02318751 0.03385670 0.07695307
v -0.02585355 0.03136264 0.07705716
v -0.02548254 0.02987854 0.07996465
v -0.02280641 0.03224406 0.08002124
v -0.02228053 0.03010590 0.08277000
v -0.02468280 0.02770364 0.08239105
v -0.02385933 0.02491865 0.08511290
v -0.02163364 0.02733784 0.08568691
v -0.02095296 0.02353546 0.08920601
v -0.02282307 0.02098895 0.08839133
v -0.02116573 0.01662585 0.09105559
v -0.01895882 0.01908510 0.09168965
v -0.01751720 0.01547768 0.09268237
v -0.01999822 0.01312105 0.09260351
v -0.01906030 0.00983793 0.09415506
v -0.01646043 0.01198841 0.09411699
v -0.01527493 0.00780362 0.09525770
v -0.01778828 0.00593040 0.09500967
v -0.01654328 0.00250315 0.09540515
v -0.01414888 0.00401214 0.09600298
v -0.03181633 0.02317415 0.05266952
v -0.03462092 0.02123084 0.05258146
v -0.03661668 0.02341505 0.05579303
v -0.03400579 0.02593465 0.05385347
v -0.03841423 0.01855879 0.05449948
v -0.03844441 0.01952253 0.05635079
v -0.03866792 0.02082053 0.05865583
v -0.03647996 0.02453393 0.05797359
v -0.03443976 0.02735131 0.05758577
v -0.03621926 0.02543400 0.06082983
v -0.03396952 0.02822280 0.06051558
v -0.03866062 0.02168811 0.06144931
v -0.03831216 0.02216629 0.06403391
v -0.03579113 0.02595496 0.06348039
v -0.03319915 0.02873449 0.06302574
v -0.03244918 0.02915465 0.06658074
v -0.03488231 0.02628303 0.06703218
v -0.03430325 0.02617722 0.06841970
v -0.03194313 0.02905079 0.06800235
v -0.03729241 0.02241189 0.06751126
v -0.03676913 0.02243626 0.06886900
v -0.03637342 0.02236698 0.07054262
v -0.03383843 0.02599614 0.07006559
v -0.03148463 0.02878588 0.06968929
v -0.03342611 0.02548108 0.07223238
v -0.03120371 0.02832765 0.07192092
v -0.03571898 0.02183386 0.07257460
v -0.03496756 0.02093077 0.07465850
v -0.03272176 0.02439932 0.07451449
v -0.03072447 0.02728592 0.07450039
v -0.03231843 0.02324777 0.07700962
v -0.03031504 0.02607049 0.07707442
v -0.03439095 0.01992120 0.07702885
v -0.03350426 0.01870595 0.07927150
v -0.03162637 0.02185039 0.07941663
v -0.02980469 0.02463701 0.07972293
v -0.03071772 0.02041553 0.08164753
v -0.02880690 0.02290289 0.08188371
v -0.03252770 0.01748718 0.08150283
v -0.03130073 0.01555708 0.08394844
v -0.02959330 0.01826967 0.08415881
v -0.02777459 0.02051412 0.08445818
v -0.02806004 0.01476098 0.08678102
v -0.02636564 0.01679362 0.08728494
v -0.02966752 0.01235035 0.08639309
v -0.02782413 0.00866520 0.08848651
v -0.02632302 0.01080603 0.08903890
v -0.02475399 0.01266394 0.08970382
v -0.02511299 0.00756042 0.09122431
v -0.02371799 0.00936300 0.09183190
v -0.02642432 0.00555163 0.09065956
v -0.02531973 0.00285801 0.09281351
v -0.02407648 0.00479626 0.09327338
v -0.02258365 0.00636982 0.09358500
v -0.02243603 0.00187412 0.09437339
v -0.02109464 0.00303605 0.09476333
v -0.02368289 0.00035720 0.09407705
v -0.02202369 -0.00188009 0.09460445
v -0.02080984 -0.00063468 0.09470278
v -0.01957980 0.00035328 0.09483354
v -0.04026327 0.01339578 0.05507776
v -0.04088800 0.01464974 0.05713055
v -0.04148764 0.00785515 0.05561523
v -0.04255163 0.00883651 0.05778360
v -0.04310527 0.00971089 0.06043005
v -0.04125533 0.01570488 0.05931344
v -0.04127709 0.01644791 0.06218817
v -0.04297606 0.01032856 0.06310497
v -0.04262341 0.01077532 0.06551329
v -0.04084257 0.01688573 0.06474634
v -0.03998917 0.01731646 0.06809790
v -0.03964842 0.01744621 0.06960338
v -0.04225177 0.01136011 0.06886729
v -0.04193707 0.01157679 0.07038372
v -0.04152183 0.01165198 0.07197329
v -0.03914102 0.01738991 0.07124970
v -0.03842216 0.01705423 0.07308886
v -0.04099353 0.01156743 0.07378041
v -0.04020933 0.01127477 0.07585781
v -0.03770847 0.01657456 0.07513109
v -0.03668862 0.01582741 0.07734676
v -0.03871248 0.01091204 0.07788766
v -0.03715961 0.01029774 0.07982638
v -0.03545829 0.01489990 0.07942544
v -0.03423605 0.01381304 0.08161277
v -0.03564433 0.00933897 0.08188461
v -0.03409048 0.00779915 0.08397444
v -0.03283054 0.01203594 0.08392983
v -0.03111851 0.00925137 0.08622574
v -0.03221761 0.00550632 0.08603749
v -0.03008433 0.00287574 0.08760948
v -0.02909618 0.00600723 0.08801574
v -0.02754722 0.00316550 0.09018125
v -0.02830240 0.00041605 0.08965914
v -0.02709673 -0.00183864 0.09183875
v -0.02634275 0.00070104 0.09232117
v -0.02475746 -0.00160895 0.09372697
v -0.02557984 -0.00391018 0.09329302
v -0.02402000 -0.00563465 0.09417680
v -0.02315474 -0.00356391 0.09440299
v -0.04184980 0.00259415 0.05579593
v -0.04322877 0.00327586 0.05840264
v -0.04154996 -0.00227077 0.05589899
v -0.04311374 -0.00188030 0.05868888
v -0.04349940 -0.00143733 0.06176120
v -0.04366123 0.00397697 0.06116805
v -0.04355179 0.00447671 0.06389273
v -0.04344725 -0.00103792 0.06458153
v -0.04347513 -0.00073099 0.06706381
v -0.04346163 0.00488130 0.06624071
v -0.04324778 0.00540792 0.06964465
v -0.04300256 0.00563107 0.07113209
v -0.04329464 -0.00030319 0.07050052
v -0.04306816 -0.00012196 0.07196634
v -0.04271447 0.00003385 0.07348585
v -0.04266330 0.00575139 0.07267681
v -0.04213983 0.00573008 0.07441855
v -0.04217328 0.00009584 0.07508162
v -0.04126438 0.00006723 0.07685710
v -0.04124167 0.00554159 0.07636156
v -0.03976747 0.00536299 0.07830626
v -0.03995758 -0.00008066 0.07872821
v -0.03838354 -0.00034959 0.08060789
v -0.03813582 0.00495047 0.08023369
v -0.03648760 0.00423552 0.08209610
v -0.03672955 -0.00078714 0.08230049
v -0.03496708 -0.00153104 0.08389583
v -0.03485122 0.00307947 0.08395102
v -0.03283349 0.00135608 0.08569553
v -0.03291168 -0.00267912 0.08529139
v -0.03072759 -0.00405588 0.08666209
v -0.03062755 -0.00058101 0.08710309
v -0.02872186 -0.00256348 0.08910961
v -0.02877457 -0.00553995 0.08861200
v -0.02757298 -0.00721941 0.09072926
v -0.02749661 -0.00451358 0.09128371
v -0.02604952 -0.00640432 0.09283035
v -0.02619947 -0.00886963 0.09234368
v -0.02471843 -0.01021122 0.09339230
v -0.02456175 -0.00789713 0.09376891
v -0.04089433 -0.00699151 0.05591859
v -0.04255023 -0.00692633 0.05901484
v -0.03993855 -0.01161444 0.05593580
v -0.04171060 -0.01175343 0.05917786
v -0.04193558 -0.01149947 0.06255300
v -0.04280853 -0.00666478 0.06223069
v -0.04273033 -0.00630727 0.06522102
v -0.04170894 -0.01119684 0.06567137
v -0.04152807 -0.01093608 0.06839020
v -0.04273525 -0.00604389 0.06783892
v -0.04263699 -0.00577052 0.07134398
v -0.04243132 -0.00566748 0.07285140
v -0.04142203 -0.01090847 0.07200913
v -0.04121298 -0.01087897 0.07354846
v -0.04084933 -0.01071711 0.07510212
v -0.04207674 -0.00548349 0.07437677
v -0.04151754 -0.00526587 0.07589145
v -0.04022657 -0.01037709 0.07666324
v -0.03955280 -0.01003478 0.07821506
v -0.04076623 -0.00506383 0.07751032
v -0.03972489 -0.00498340 0.07942606
v -0.03871254 -0.00975927 0.08015344
v -0.03722368 -0.00952501 0.08184033
v -0.03817331 -0.00503056 0.08117128
v -0.03655623 -0.00522047 0.08274591
v -0.03560205 -0.00953048 0.08322185
v -0.03375042 -0.00971409 0.08445346
v -0.03465842 -0.00563421 0.08413770
v -0.03251899 -0.00638718 0.08515343
v -0.03166110 -0.01013055 0.08527570
v -0.02954333 -0.01074568 0.08623431
v -0.03033834 -0.00731168 0.08636732
v -0.02841457 -0.00840675 0.08822935
v -0.02760562 -0.01137645 0.08804648
v -0.02656341 -0.01253266 0.08992479
v -0.02729295 -0.00983010 0.09028273
v -0.02594816 -0.01126841 0.09194861
v -0.02533969 -0.01368246 0.09152401
v -0.02400719 -0.01454615 0.09262122
v -0.02451543 -0.01238836 0.09298880
v -0.03870234 -0.01578764 0.05596841
v -0.04055215 -0.01598033 0.05914024
v -0.03720018 -0.01959046 0.05604235
v -0.03896442 -0.01996396 0.05909584
v -0.03959178 -0.01993152 0.06250772
v -0.04094486 -0.01586380 0.06263556
v -0.04073817 -0.01564096 0.06581817
v -0.03952239 -0.01979323 0.06567473
v -0.03899009 -0.01970240 0.06837902
v -0.04035518 -0.01546193 0.06856096
v -0.03981691 -0.01556687 0.07223965
v -0.03943504 -0.01561118 0.07378092
v -0.03815245 -0.01989517 0.07203159
v -0.03758957 -0.01994924 0.07359794
v -0.03694498 -0.01986758 0.07531901
v -0.03896314 -0.01552190 0.07540866
v -0.03819385 -0.01511854 0.07712860
v -0.03608436 -0.01951853 0.07731864
v -0.03486776 -0.01893693 0.07911652
v -0.03733069 -0.01470114 0.07873515
v -0.03664387 -0.01451493 0.08059975
v -0.03402897 -0.01868332 0.08100008
v -0.03296469 -0.01840422 0.08277233
v -0.03534156 -0.01413899 0.08238918
v -0.03375967 -0.01398650 0.08360657
v -0.03157173 -0.01816067 0.08403391
v -0.03007644 -0.01800188 0.08496289
v -0.03209028 -0.01401359 0.08464725
v -0.03035513 -0.01418703 0.08560751
v -0.02863445 -0.01794968 0.08583652
v -0.02717190 -0.01794183 0.08682204
v -0.02855127 -0.01447810 0.08653323
v -0.02672005 -0.01483088 0.08786732
v -0.02564141 -0.01797434 0.08805532
v -0.02436449 -0.01821571 0.08956409
v -0.02554105 -0.01547314 0.08967616
v -0.02433909 -0.01625965 0.09111101
v -0.02319037 -0.01862517 0.09087600
v -0.02214142 -0.01895903 0.09199652
v -0.02316084 -0.01684136 0.09227250
v -0.03326892 -0.02681521 0.05622005
v -0.03061126 -0.02989247 0.05623050
v -0.03197886 -0.03028175 0.05902025
v -0.03462022 -0.02709065 0.05907519
v -0.02751965 -0.03264082 0.05631664
v -0.02889605 -0.03315430 0.05897217
v -0.02958574 -0.03340202 0.06161842
v -0.03265408 -0.03048520 0.06182927
v -0.03532249 -0.02721769 0.06212434
v -0.01956408 -0.03697458 0.05634833
v -0.01527498 -0.03852780 0.05639426
v -0.01727886 -0.03929103 0.05873906
v -0.02137697 -0.03764629 0.05874206
v -0.01112404 -0.03996765 0.05628802
v -0.01314137 -0.04070136 0.05867617
v -0.01437746 -0.04093288 0.06145439
v -0.01850058 -0.03945620 0.06155557
v -0.02237419 -0.03778939 0.06156217
v -0.00318961 -0.04114252 0.05604512
v 0.00067796 -0.04113108 0.05605271
v 0.00016550 -0.04221977 0.05815253
v -0.00429952 -0.04227276 0.05824215
v 0.00480936 -0.04106079 0.05598541
v 0.00476972 -0.04203990 0.05791335
v 0.00478851 -0.04279181 0.06001994
v -0.00013159 -0.04289117 0.06045269
v -0.00498762 -0.04295400 0.06074677
v 0.00931965 -0.04064584 0.05595921
v 0.00955486 -0.04139027 0.05770557
v 0.01349718 -0.04000435 0.05612986
v 0.01378734 -0.04047192 0.05773715
v 0.01422961 -0.04089916 0.05939152
v 0.00985749 -0.04205692 0.05957578
v 0.01687871 -0.03943763 0.05643900
v 0.01711430 -0.03979481 0.05793235
v 0.02042871 -0.03855203 0.05644064
v 0.02055704 -0.03875494 0.05789138
v 0.02133050 -0.03862283 0.05923431
v 0.01774626 -0.03993668 0.05940897
v 0.02943039 -0.03217625 0.05464625
v 0.03300290 -0.02678690 0.05379642
v 0.03348972 -0.02753771 0.05552781
v 0.02963215 -0.03249478 0.05635448
v 0.03600819 -0.02036117 0.05360765
v 0.03695026 -0.02129792 0.05490536
v 0.03748230 -0.02179449 0.05610239
v 0.03401385 -0.02760766 0.05674378
v 0.03016245 -0.03229505 0.05732625
v 0.03870564 -0.01293832 0.05371021
v 0.03957115 -0.01378036 0.05472096
v 0.04054731 -0.00563959 0.05389598
v 0.04125967 -0.00604494 0.05474773
v 0.04248798 -0.00603059 0.05611539
v 0.04029248 -0.01468167 0.05581936
v 0.04106991 0.00057792 0.05323774
v 0.04173450 0.00053886 0.05405156
v 0.04065048 0.00620961 0.05251824
v 0.04127250 0.00635204 0.05330423
v 0.04214195 0.00696886 0.05455758
v 0.04269250 0.00122175 0.05533594
v 0.03984341 0.01173068 0.05229878
v 0.04034984 0.01191637 0.05295585
v 0.03858612 0.01649771 0.05213898
v 0.03897565 0.01668563 0.05267146
v 0.03961114 0.01717478 0.05388979
v 0.04109199 0.01238315 0.05418451
v 0.03455364 0.02257408 0.05050247
v 0.03218293 0.02506792 0.04990111
v 0.03286417 0.02560392 0.05039805
v 0.03516276 0.02303256 0.05100782
v 0.02974346 0.02742397 0.04956554
v 0.03035407 0.02802039 0.05003623
v 0.03132327 0.02904453 0.05101036
v 0.03396722 0.02651523 0.05153799
v 0.03611372 0.02382277 0.05239311
v 0.02711469 0.02944224 0.04956730
v 0.02759108 0.03007205 0.04997313
v 0.02373786 0.03102247 0.04957777
v 0.02407237 0.03168714 0.04995809
v 0.02447229 0.03317463 0.05072088
v 0.02831577 0.03134129 0.05087774
v 0.01926606 0.03211843 0.04943815
v 0.01949930 0.03278266 0.04997405
v 0.01472172 0.03287309 0.04916620
v 0.01488606 0.03346152 0.04994945
v 0.01490814 0.03525905 0.05103736
v 0.01967434 0.03439515 0.05081867
v 0.01106485 0.03315582 0.04920765
v 0.01117705 0.03377163 0.05018058
v 0.00778105 0.03341407 0.04953414
v 0.00785116 0.03408231 0.05060020
v 0.00782192 0.03607194 0.05204184
v 0.01111010 0.03567091 0.05162864
v 0.00418743 0.03384797 0.05022625
v 0.00425705 0.03469270 0.05123822
v 0.00056585 0.03452818 0.05132613
v 0.00056072 0.03572005 0.05189711
v 0.00061822 0.03782362 0.05256851
v 0.00426943 0.03672476 0.05228693
v 0.00417854 0.03354980 0.04925112
v 0.00774816 0.03313485 0.04863436
v 0.00057100 0.03373064 0.05027303
v 0.01097095 0.03288672 0.04843017
v 0.01458243 0.03268135 0.04855482
v 0.01905235 0.03174399 0.04895716
v 0.02346559 0.03058229 0.04922513
v 0.02672376 0.02899763 0.04922088
v 0.02927379 0.02702802 0.04919411
v 0.03128525 0.02430909 0.04919025
v 0.03166598 0.02466807 0.04954414
v 0.03401318 0.02217929 0.05015944
v 0.03929350 0.01149394 0.05166407
v 0.03989092 0.00603100 0.05170183
v 0.03817765 0.01627782 0.05166108
v 0.04034623 0.00061034 0.05239923
v 0.03982505 -0.00524830 0.05307199
v 0.03780262 -0.01216766 0.05298723
v 0.03497230 -0.01932336 0.05260130
v 0.03077731 -0.02422413 0.05164032
v 0.03202252 -0.02566822 0.05242758
v 0.02883113 -0.03090934 0.05265236
v 0.01675049 -0.03905495 0.05467704
v 0.01323382 -0.03955050 0.05442075
v 0.02035857 -0.03818647 0.05455544
v 0.00907478 -0.04006997 0.05412759
v 0.00480936 -0.04033416 0.05394122
v 0.00091416 -0.03926909 0.05140931
v 0.00114353 -0.04034522 0.05384129
v -0.00213437 -0.04024285 0.05380008
v -0.01213332 -0.03626638 0.05140363
v -0.01343691 -0.03859927 0.05359928
v -0.01820563 -0.03742162 0.05441058
v -0.00916971 -0.03948756 0.05372456
v -0.02709922 -0.02712659 0.05147218
v -0.02934314 -0.02939503 0.05354638
v -0.03138626 -0.02602858 0.05328673
v -0.02651562 -0.03253701 0.05368324
v -0.03540917 -0.01480519 0.05329926
v -0.03655996 -0.01099169 0.05332735
v -0.03401816 -0.01847942 0.05311422
v -0.03800567 -0.00682722 0.05341215
v -0.03892247 -0.00248318 0.05346432
v -0.03972483 0.00198027 0.05343090
v -0.03987941 0.00693784 0.05314808
v -0.03821517 0.01205352 0.05236628
v -0.03570415 0.01665090 0.05216232
v -0.03202433 0.01817503 0.05124433
v -0.03335834 0.01952488 0.05238108
v -0.03098270 0.02136076 0.05236235
v -0.02439323 0.02835192 0.05228645
v -0.02174337 0.03109316 0.05221840
v -0.02677959 0.02552558 0.05268048
v -0.01095931 0.03647828 0.05238348
v -0.00841608 0.03619608 0.05231606
v -0.00573065 0.03532556 0.05207324
v -0.01902718 0.03160312 0.05215303
v -0.01902274 0.03302841 0.05238134
v -0.01630277 0.03448371 0.05245211
v -0.00273037 0.03441602 0.05153872
v -0.00289165 0.03555962 0.05201440
v -0.00291096 0.03710081 0.05239486
v -0.00270142 0.03994500 0.05326517
v -0.00278210 0.04314276 0.05686833
v -0.00293094 0.04368559 0.06170837
v 0.00060020 0.04376522 0.06132836
v 0.00085608 0.04179001 0.05528474
v 0.00426317 0.04106525 0.05496302
v 0.00416353 0.04370364 0.06058854
v 0.00768378 0.04319120 0.05999384
v 0.00772891 0.04044898 0.05446511
v 0.01095877 0.03996772 0.05408183
v 0.01108665 0.04235828 0.05933808
v 0.01505543 0.04109977 0.05893422
v 0.01517705 0.03943451 0.05395975
v 0.02031439 0.03799359 0.05464222
v 0.01988364 0.03890184 0.05889540
v 0.02458477 0.03617371 0.05879691
v 0.02515252 0.03566755 0.05497007
v 0.02911420 0.03333269 0.05487789
v 0.02869816 0.03361243 0.05838270
v 0.03210305 0.03094282 0.05783756
v 0.03238550 0.03065708 0.05461419
v 0.03691125 0.02468501 0.05540109
v 0.03860671 0.02156380 0.05594537
v 0.03791810 0.02078718 0.05326649
v 0.03708189 0.02527611 0.05844813
v 0.03901575 0.02216558 0.05884592
v 0.04080016 0.01862878 0.05919608
v 0.04032749 0.01795984 0.05636765
v 0.04203002 0.01347805 0.05655280
v 0.04253024 0.01444933 0.05935386
v 0.04392887 0.00990116 0.05955706
v 0.04323730 0.00843608 0.05683521
v 0.04409478 0.00331944 0.05736052
v 0.04476520 0.00543387 0.05992272
v 0.04533149 0.00056432 0.06092126
v 0.04462996 -0.00170341 0.05825976
v 0.04481056 0.00341629 0.06398076
v 0.04452451 0.00757687 0.06370159
v 0.04429931 0.00826468 0.06547486
v 0.04466625 0.00416916 0.06582775
v 0.04376477 0.01150062 0.06346684
v 0.04354508 0.01200455 0.06515700
v 0.04320429 0.01237006 0.06715538
v 0.04404881 0.00877719 0.06754973
v 0.04455408 0.00474938 0.06806996
v 0.04410438 -0.00544380 0.05938180
v 0.04278199 -0.00984932 0.05787302
v 0.04361922 -0.00208785 0.06029651
v 0.04413655 -0.00546674 0.06157820
v 0.04379118 -0.00800804 0.06055780
v 0.04282729 -0.01183180 0.05943061
v 0.04095483 -0.01581475 0.05740892
v 0.04143972 -0.01660917 0.05917522
v 0.03952432 -0.02182137 0.05966615
v 0.03854300 -0.02194456 0.05765590
v 0.03188083 -0.03181192 0.05870792
v 0.02758428 -0.03567647 0.05981594
v 0.02578046 -0.03626087 0.05838560
v 0.03360155 -0.03110629 0.06111654
v 0.02950240 -0.03483810 0.06195990
v 0.02477451 -0.03747200 0.06258577
v 0.02303838 -0.03812833 0.06077698
v 0.01894088 -0.03973787 0.06110324
v 0.02009803 -0.03934978 0.06292771
v 0.01528570 -0.04094019 0.06328272
v 0.01479825 -0.04110084 0.06128458
v 0.01014172 -0.04238387 0.06166270
v 0.01022672 -0.04209182 0.06387112
v 0.00493488 -0.04252830 0.06432833
v 0.00489660 -0.04305420 0.06232961
v -0.00501455 -0.04307302 0.06309476
v -0.00986089 -0.04223069 0.06343987
v -0.00986543 -0.04221727 0.06115445
v -0.00470741 -0.04278871 0.06513211
v -0.00942293 -0.04215153 0.06539877
v -0.01388677 -0.04108395 0.06554305
v -0.01439041 -0.04098819 0.06365618
v -0.02236883 -0.03786515 0.06369529
v -0.02608811 -0.03593939 0.06368684
v -0.02610419 -0.03581293 0.06152484
v -0.02192443 -0.03805768 0.06550437
v -0.02567457 -0.03615016 0.06546040
v -0.02919906 -0.03379397 0.06563792
v -0.02950210 -0.03349374 0.06384411
v -0.02120861 -0.03846093 0.06860775
v -0.01728822 -0.03992866 0.06864635
v -0.01700236 -0.04002976 0.07008249
v -0.02086563 -0.03852198 0.07004442
v -0.01321071 -0.04101144 0.06864400
v -0.01296161 -0.04092740 0.07010233
v -0.01256248 -0.04060128 0.07197834
v -0.01651542 -0.03989942 0.07216633
v -0.02048216 -0.03861630 0.07206702
v -0.03536777 -0.02734825 0.06475484
v -0.03772859 -0.02375873 0.06532135
v -0.03765743 -0.02367711 0.06233372
v -0.03496183 -0.02744847 0.06717405
v -0.03716888 -0.02370685 0.06791440
v -0.03391194 -0.02764508 0.07035175
v -0.03363634 -0.02790478 0.07203930
v -0.03579563 -0.02406958 0.07305718
v -0.03637473 -0.02403895 0.07135218
v -0.03289017 -0.02770878 0.07420704
v -0.03501659 -0.02394272 0.07491945
v -0.00303226 0.04295150 0.06670988
v -0.00297142 0.04312945 0.06524889
v -0.00301252 0.04273680 0.06840818
v 0.00023573 0.04282038 0.06780516
v 0.00027219 0.04302306 0.06619500
v 0.00037751 0.04317510 0.06479823
v 0.00355966 0.04296312 0.06573873
v 0.00369071 0.04312088 0.06438090
v 0.00349557 0.04276011 0.06729406
v 0.00672576 0.04255994 0.06690607
v 0.00681792 0.04278020 0.06534086
v 0.00696856 0.04293919 0.06397467
v 0.01016190 0.04234375 0.06499103
v 0.01034163 0.04248320 0.06355170
v 0.01001343 0.04211213 0.06664752
v 0.01384579 0.04115574 0.06653576
v 0.01406566 0.04134362 0.06475273
v 0.01428543 0.04139247 0.06323152
v 0.01874694 0.03935716 0.06465407
v 0.01899184 0.03925607 0.06311525
v 0.01852215 0.03934445 0.06654896
v 0.02329265 0.03677308 0.06648377
v 0.02350527 0.03671672 0.06453374
v 0.02376652 0.03656626 0.06295628
v 0.02769058 0.03400235 0.06419673
v 0.02799985 0.03391259 0.06255628
v 0.02747004 0.03406199 0.06625258
v 0.03108328 0.03132198 0.06599083
v 0.03126285 0.03129826 0.06387453
v 0.03155802 0.03123649 0.06222436
v 0.03682693 0.02547054 0.06241253
v 0.03662565 0.02543553 0.06402717
v 0.03873765 0.02224609 0.06418451
v 0.03886072 0.02229378 0.06263627
v 0.03638502 0.02538540 0.06600953
v 0.03854904 0.02222358 0.06609062
v 0.04045072 0.01902145 0.06628498
v 0.04064303 0.01895446 0.06440698
v 0.04072899 0.01892845 0.06288450
v 0.04367633 -0.00034146 0.06623669
v 0.04322886 0.00005213 0.06518947
v 0.04462161 0.00027775 0.06866081
v 0.04242059 -0.00352643 0.06911508
v 0.04116989 -0.00603014 0.06596395
v 0.04338926 -0.00627594 0.06387047
v 0.03992910 -0.02122858 0.06388766
v 0.04169900 -0.01665997 0.06325653
v 0.04154898 -0.01634173 0.06540757
v 0.03997353 -0.02094098 0.06601679
v 0.04279059 -0.01249826 0.06307076
v 0.04264293 -0.01217340 0.06520305
v 0.04265782 -0.01180143 0.06766115
v 0.04161199 -0.01602400 0.06790941
v 0.03989670 -0.02054909 0.06865256
v 0.04127408 -0.01562600 0.07104182
v 0.03915868 -0.01982187 0.07177733
v 0.04278341 -0.01161896 0.07083703
v 0.04202635 -0.01108733 0.07411188
v 0.04032843 -0.01498092 0.07412036
v 0.03816083 -0.01902900 0.07472491
v 0.04437145 0.00070576 0.07178753
v 0.04313410 -0.00441886 0.07158042
v 0.04426843 0.00494562 0.07089049
v 0.04338578 0.00490728 0.07402522
v 0.04333243 0.00065987 0.07496546
v 0.04311957 -0.00360837 0.07547663
v 0.04210851 -0.00761190 0.07142816
v 0.04242263 -0.00798434 0.06824696
v 0.04236216 -0.00727900 0.07456800
v 0.04229339 0.01556420 0.06475870
v 0.04243457 0.01531332 0.06317560
v 0.04203339 0.01576743 0.06669249
v 0.03450995 -0.03005849 0.06510008
v 0.03455035 -0.02967279 0.06727359
v 0.03066685 -0.03342401 0.06768002
v 0.03061702 -0.03385695 0.06568167
v 0.03438355 -0.02900344 0.06974699
v 0.03065044 -0.03270681 0.07005580
v 0.02617396 -0.03569198 0.07021899
v 0.02608149 -0.03631013 0.06795250
v 0.02597902 -0.03675571 0.06611631
v 0.02106668 -0.03866948 0.06813082
v 0.02091839 -0.03891823 0.06633718
v 0.02123101 -0.03827310 0.07039899
v 0.01553749 -0.04000193 0.07066863
v 0.01550622 -0.04022013 0.06841842
v 0.01547659 -0.04034235 0.06666530
v 0.00967784 -0.04083919 0.06893230
v 0.00984564 -0.04115082 0.06719307
v 0.00964420 -0.04037436 0.07103652
v 0.00409781 -0.04074603 0.07143499
v 0.00418028 -0.04132976 0.06946720
v 0.00447569 -0.04174681 0.06775790
v -0.03047733 -0.03121023 0.07315727
v -0.02904124 -0.03036583 0.07609746
v -0.03169621 -0.02709852 0.07673193
v -0.02738499 -0.03409319 0.07241117
v -0.02602515 -0.03312917 0.07562684
v -0.02424054 -0.03141773 0.07795848
v -0.02731619 -0.02902851 0.07861249
v -0.03015709 -0.02611378 0.07920946
v -0.01555897 -0.03832175 0.07456536
v -0.01916660 -0.03703828 0.07496878
v -0.01187762 -0.03924803 0.07416823
v -0.01098513 -0.03750636 0.07645007
v -0.01445286 -0.03637135 0.07669397
v -0.01778035 -0.03493005 0.07704793
v -0.02598616 -0.02786600 0.08083611
v -0.02875821 -0.02513384 0.08108532
v -0.02294117 -0.03011131 0.08035240
v -0.02197524 -0.02918700 0.08248261
v -0.02497048 -0.02709924 0.08275543
v -0.02784909 -0.02466950 0.08295713
v -0.02408496 -0.02649632 0.08438495
v -0.02677992 -0.02417474 0.08451908
v -0.02120012 -0.02848448 0.08415879
v -0.02058165 -0.02787423 0.08544723
v -0.02328304 -0.02591713 0.08558735
v -0.02571363 -0.02365783 0.08555839
v -0.01339160 -0.03470399 0.07917050
v -0.01660334 -0.03332074 0.07955173
v -0.01008580 -0.03588719 0.07898486
v -0.00935608 -0.03465171 0.08141839
v -0.01263151 -0.03372858 0.08161233
v -0.01582942 -0.03249641 0.08196290
v -0.01198104 -0.03279433 0.08346371
v -0.01513180 -0.03159001 0.08375703
v -0.00876132 -0.03357972 0.08329323
v -0.00820719 -0.03262205 0.08460715
v -0.01137687 -0.03190576 0.08476513
v -0.01453659 -0.03080860 0.08505500
v -0.02260787 -0.02533454 0.08659482
v -0.02475876 -0.02318333 0.08645281
v -0.02011546 -0.02727262 0.08655288
v -0.01971973 -0.02659717 0.08759437
v -0.02198020 -0.02471009 0.08754995
v -0.02384130 -0.02271771 0.08736218
v -0.02133285 -0.02407802 0.08862430
v -0.02289023 -0.02227408 0.08846947
v -0.01933167 -0.02586237 0.08869718
v -0.01886812 -0.02526440 0.08986484
v -0.02063568 -0.02360713 0.08979905
v -0.02196536 -0.02200407 0.08971688
v -0.01983015 -0.02334316 0.09093583
v -0.02102182 -0.02193724 0.09089450
v -0.01822828 -0.02486144 0.09101656
v -0.01750619 -0.02442898 0.09212197
v -0.01899171 -0.02307464 0.09197938
v -0.02009710 -0.02184789 0.09193889
v -0.01079074 -0.03117630 0.08578750
v -0.01403470 -0.03019275 0.08615764
v -0.00761125 -0.03179783 0.08558764
v -0.00715015 -0.03105467 0.08657905
v -0.01035284 -0.03052801 0.08682992
v -0.01367148 -0.02962486 0.08725133
v -0.01017339 -0.02993049 0.08808578
v -0.01348181 -0.02899031 0.08847448
v -0.00696812 -0.03034553 0.08784446
v -0.00687481 -0.02983799 0.08927297
v -0.01003826 -0.02935654 0.08944475
v -0.01326545 -0.02835476 0.08974551
v -0.00971640 -0.02882837 0.09077480
v -0.01285692 -0.02785191 0.09100645
v -0.00661489 -0.02931357 0.09060684
v -0.00629257 -0.02869147 0.09178602
v -0.00925344 -0.02825957 0.09190058
v -0.01233186 -0.02734265 0.09214806
v 0.03369942 -0.02771479 0.07287138
v 0.03024409 -0.03138761 0.07329658
v 0.03256805 -0.02628280 0.07575052
v 0.02910628 -0.02951267 0.07611266
v 0.02501705 -0.03227567 0.07627876
v 0.02600514 -0.03448589 0.07345322
v 0.02118821 -0.03704326 0.07376028
v 0.02050666 -0.03467223 0.07636510
v 0.01550505 -0.03674806 0.07663634
v 0.01559287 -0.03879636 0.07390532
v 0.00981185 -0.03944757 0.07367621
v 0.01008785 -0.03815564 0.07663125
v 0.00479566 -0.03923003 0.07686813
v 0.00437826 -0.04004384 0.07388418
v 0.04386521 0.00896276 0.07024396
v 0.04276408 0.01258945 0.06971023
v 0.04191704 0.01259915 0.07301491
v 0.04300158 0.00893575 0.07347067
v 0.04143256 0.01585030 0.06923482
v 0.03988327 0.01901651 0.06881919
v 0.03879583 0.01872489 0.07189517
v 0.04044145 0.01577434 0.07237039
v 0.03397802 0.02840352 0.06594630
v 0.03350974 0.02803674 0.06863601
v 0.03594094 0.02516853 0.06866824
v 0.03064812 0.03084600 0.06869059
v 0.03011798 0.03020681 0.07191601
v 0.03282395 0.02738973 0.07191192
v 0.03502644 0.02456437 0.07186404
v 0.02715255 0.03367976 0.06885296
v 0.02303159 0.03652962 0.06900654
v 0.02272821 0.03600284 0.07208807
v 0.02674861 0.03308883 0.07201009
v 0.01832020 0.03911193 0.06896655
v 0.01370413 0.04088964 0.06881265
v 0.01371938 0.04053442 0.07177931
v 0.01816916 0.03861150 0.07198941
v 0.00994947 0.04181775 0.06877166
v 0.00672718 0.04227288 0.06889866
v 0.00682460 0.04187522 0.07163956
v 0.01001441 0.04144950 0.07162157
v 0.00353594 0.04248743 0.06922917
v 0.00032204 0.04255657 0.06977486
v 0.00050563 0.04212317 0.07242494
v 0.00367027 0.04204830 0.07189416
v -0.00284807 0.04249936 0.07049522
v -0.00258748 0.04201938 0.07317773
v -0.00471228 -0.04214185 0.06841411
v -0.00477380 -0.04175102 0.06999020
v -0.00890190 -0.04146252 0.07007004
v -0.00900809 -0.04173913 0.06856376
v -0.00464848 -0.04110820 0.07181267
v -0.00864249 -0.04094167 0.07188653
v -0.00420111 -0.04020568 0.07405274
v -0.00808028 -0.03984421 0.07403314
v -0.00362295 -0.03906969 0.07683226
v -0.00737495 -0.03842367 0.07658943
v -0.00233029 0.04084104 0.07643638
v -0.00195904 0.03931329 0.08023393
v 0.00105255 0.03941942 0.07986201
v 0.00072258 0.04097001 0.07583904
v -0.00139279 0.03739789 0.08436929
v -0.00092264 0.03503774 0.08787649
v 0.00186701 0.03529163 0.08740572
v 0.00150800 0.03738065 0.08396825
v 0.00386013 0.04102729 0.07546737
v 0.00410533 0.03942420 0.07960309
v 0.00714955 0.03934116 0.07950484
v 0.00697527 0.04101089 0.07532660
v 0.01015898 0.04065576 0.07535495
v 0.01029981 0.03900672 0.07952308
v 0.01378142 0.03810485 0.07959359
v 0.01382089 0.03976070 0.07548788
v 0.00443854 0.03728703 0.08366020
v 0.00467964 0.03530243 0.08699076
v 0.00753465 0.03511473 0.08667838
v 0.00738238 0.03709101 0.08345045
v 0.01039181 0.03668772 0.08333838
v 0.01045511 0.03466782 0.08644428
v 0.01349054 0.03384291 0.08624020
v 0.01360640 0.03582142 0.08324395
v 0.01804585 0.03781734 0.07560653
v 0.01770852 0.03637408 0.07956075
v 0.02160908 0.03390515 0.07943045
v 0.02230476 0.03517298 0.07566924
v 0.01709174 0.03430802 0.08311431
v 0.01658568 0.03246466 0.08598592
v 0.01966459 0.03061433 0.08570851
v 0.02058454 0.03221294 0.08294181
v 0.02605562 0.03219249 0.07556965
v 0.02508217 0.03108079 0.07925126
v 0.02799488 0.02817952 0.07907628
v 0.02916075 0.02921145 0.07543724
v 0.02378121 0.02969067 0.08271677
v 0.02260807 0.02837979 0.08544961
v 0.02526662 0.02594692 0.08528756
v 0.02652891 0.02698714 0.08251797
v 0.03367854 0.02363693 0.07529833
v 0.03562737 0.02088965 0.07527237
v 0.03697930 0.02164721 0.07177814
v 0.03226886 0.02268321 0.07893418
v 0.03412996 0.01998306 0.07889935
v 0.03580375 0.01731282 0.07901120
v 0.03735689 0.01810172 0.07540564
v 0.03072428 0.02169138 0.08232146
v 0.03263110 0.01911430 0.08229728
v 0.02931480 0.02076480 0.08511382
v 0.03119458 0.01822855 0.08513296
v 0.03285233 0.01566705 0.08514390
v 0.03443028 0.01659095 0.08239281
v 0.03884574 0.01527657 0.07585667
v 0.03722906 0.01468072 0.07937421
v 0.03851329 0.01182138 0.07976279
v 0.04012065 0.01218861 0.07634920
v 0.03585752 0.01405296 0.08264341
v 0.03417897 0.01315556 0.08514143
v 0.03530576 0.01055149 0.08510940
v 0.03705068 0.01127923 0.08283767
v 0.04121849 0.00865377 0.07664115
v 0.03971976 0.00844325 0.07989689
v 0.04055965 0.00467341 0.07996796
v 0.04184582 0.00472988 0.07690882
v 0.03816358 0.00815800 0.08275888
v 0.03630305 0.00764000 0.08501259
v 0.03694437 0.00426853 0.08483815
v 0.03907820 0.00457796 0.08267270
v 0.04212906 0.00064098 0.07745906
v 0.04087734 0.00063031 0.08015494
v 0.04085601 -0.00319716 0.08014776
v 0.04212361 -0.00339823 0.07781314
v 0.03946822 0.00068393 0.08296549
v 0.03713592 0.00049891 0.08476630
v 0.03693365 -0.00317465 0.08475304
v 0.03941238 -0.00323795 0.08319480
v 0.04151926 -0.00693173 0.07725363
v 0.04071551 -0.00669218 0.07994868
v 0.03998478 -0.01032348 0.07979801
v 0.04112206 -0.01059820 0.07692153
v 0.03864621 -0.00675635 0.08297195
v 0.03621298 -0.00629551 0.08447662
v 0.03501465 -0.00918695 0.08392733
v 0.03741454 -0.00988628 0.08242796
v 0.03954758 -0.01456484 0.07704998
v 0.03790805 -0.01410930 0.07985093
v 0.03521520 -0.01760767 0.07983648
v 0.03706541 -0.01846125 0.07759044
v 0.03547230 -0.01324556 0.08184418
v 0.03336970 -0.01259646 0.08372020
v 0.03144807 -0.01607373 0.08374740
v 0.03326257 -0.01679092 0.08184608
v 0.00031117 -0.03939347 0.07688792
v 0.00074968 -0.03736669 0.07972801
v -0.00299985 -0.03716127 0.07949952
v 0.00502900 -0.03732093 0.07991751
v 0.00513572 -0.03511949 0.08225869
v 0.00106044 -0.03513773 0.08197898
v -0.00249492 -0.03517383 0.08175758
v 0.01016507 -0.03697727 0.07982775
v 0.01553628 -0.03553328 0.07935178
v 0.01523984 -0.03412528 0.08243978
v 0.01007582 -0.03496069 0.08238023
v 0.02000564 -0.03313731 0.07904612
v 0.02418780 -0.03078636 0.07881574
v 0.02352728 -0.02960977 0.08120755
v 0.01999260 -0.03235312 0.08167306
v 0.00119440 -0.03353163 0.08390096
v -0.00218928 -0.03373150 0.08366565
v 0.00512432 -0.03329946 0.08407547
v 0.00509117 -0.03196068 0.08554961
v 0.00129699 -0.03230063 0.08531304
v -0.00192241 -0.03257333 0.08501993
v 0.00988587 -0.03283198 0.08414816
v 0.01496559 -0.03222556 0.08425853
v 0.01464202 -0.03025034 0.08543116
v 0.00977899 -0.03126718 0.08549366
v 0.01944159 -0.03061970 0.08401546
v 0.02314752 -0.02834247 0.08329576
v 0.02262156 -0.02685665 0.08494084
v 0.01912871 -0.02890804 0.08533691
v 0.02750575 -0.02186896 0.08434970
v 0.02857396 -0.02291510 0.08259131
v 0.03094483 -0.01998466 0.08215297
v 0.02950883 -0.01913583 0.08401923
v 0.02988890 -0.02402479 0.08060065
v 0.03258903 -0.02091682 0.08011883
v 0.03130726 -0.02513426 0.07841379
v 0.03429341 -0.02194252 0.07805683
v 0.03559607 -0.02282643 0.07533859
v 0.00148289 -0.03131223 0.08633745
v -0.00157972 -0.03163796 0.08601488
v 0.00515072 -0.03087853 0.08660476
v 0.00523349 -0.03001731 0.08775011
v 0.00164785 -0.03047883 0.08745012
v -0.00129266 -0.03082856 0.08706034
v 0.00978305 -0.03013802 0.08667671
v 0.01460141 -0.02885715 0.08646438
v 0.01454380 -0.02766638 0.08774827
v 0.00982966 -0.02921624 0.08794212
v 0.01883696 -0.02735134 0.08640543
v 0.02220543 -0.02543498 0.08614619
v 0.02164075 -0.02394053 0.08747114
v 0.01849543 -0.02581468 0.08750460
v 0.02833988 -0.01840116 0.08555225
v 0.02667147 -0.02092909 0.08585655
v 0.03012501 -0.01555126 0.08541128
v 0.02892906 -0.01505433 0.08706753
v 0.02732951 -0.01772261 0.08719642
v 0.02575323 -0.01992841 0.08738631
v 0.03185038 -0.01211897 0.08537479
v 0.03329196 -0.00870747 0.08545586
v 0.03171341 -0.00826108 0.08699876
v 0.03048031 -0.01167022 0.08699739
v 0.03422364 -0.00583050 0.08561152
v 0.03482794 -0.00297491 0.08582526
v 0.03288232 -0.00277609 0.08712841
v 0.03245276 -0.00545427 0.08705743
v 0.03527074 0.00042639 0.08603234
v 0.03536087 0.00394070 0.08618117
v 0.03339308 0.00351783 0.08737040
v 0.03324250 0.00031987 0.08717836
v 0.03491909 0.00711354 0.08636522
v 0.03392682 0.00987637 0.08652887
v 0.03208385 0.00902169 0.08766799
v 0.03296194 0.00642410 0.08749944
v 0.03268246 0.01235193 0.08656496
v 0.03127907 0.01474212 0.08664041
v 0.02940333 0.01367893 0.08778264
v 0.03083171 0.01138304 0.08769867
v 0.02744309 0.02334215 0.08520973
v 0.02624378 0.02226209 0.08690812
v 0.02795890 0.01971327 0.08674117
v 0.02427472 0.02478735 0.08714840
v 0.02314129 0.02317433 0.08872389
v 0.02483972 0.02080315 0.08826174
v 0.02636845 0.01840581 0.08800806
v 0.02177594 0.02719018 0.08738260
v 0.01898239 0.02924754 0.08763928
v 0.01825151 0.02737587 0.08941393
v 0.02086614 0.02545069 0.08915283
v 0.01619992 0.03093332 0.08789397
v 0.01337427 0.03223132 0.08816889
v 0.01312924 0.03007615 0.08983156
v 0.01569163 0.02887705 0.08961356
v 0.01045339 0.03311105 0.08844624
v 0.00753169 0.03359778 0.08870396
v 0.00753952 0.03143660 0.09043316
v 0.01035601 0.03095809 0.09011566
v 0.00473443 0.03367544 0.08914172
v 0.00207392 0.03343723 0.08980013
v 0.00231505 0.03083872 0.09153794
v 0.00484902 0.03144967 0.09086812
v 0.00525440 0.02777898 0.09303655
v 0.00773498 0.02777095 0.09265965
v 0.00274481 0.02692832 0.09349580
v 0.00361694 0.02177630 0.09416080
v 0.00574139 0.02251430 0.09409250
v 0.00787638 0.02268934 0.09398402
v 0.00638331 0.01788343 0.09499339
v 0.00820753 0.01830860 0.09459890
v 0.00443226 0.01705757 0.09528900
v 0.00512672 0.01345710 0.09613064
v 0.00694873 0.01437943 0.09579493
v 0.00860233 0.01507427 0.09539065
v 0.01023603 0.02725366 0.09240235
v 0.00991566 0.02235591 0.09378608
v 0.01184500 0.02170530 0.09359742
v 0.01260564 0.02630939 0.09220422
v 0.01484420 0.02537512 0.09198524
v 0.01369239 0.02089449 0.09339223
v 0.01553725 0.02003674 0.09301002
v 0.01710120 0.02422101 0.09178118
v 0.01947262 0.02262593 0.09127819
v 0.01748458 0.01907464 0.09253162
v 0.01935363 0.01792471 0.09222308
v 0.02141488 0.02073266 0.09054940
v 0.02420765 0.01663564 0.08980872
v 0.02549730 0.01452408 0.08958799
v 0.02790036 0.01601231 0.08787686
v 0.02220932 0.01483887 0.09196447
v 0.02348193 0.01314963 0.09189276
v 0.02472056 0.01128897 0.09172941
v 0.02676902 0.01232089 0.08932355
v 0.02805564 0.01013586 0.08902896
v 0.02598039 0.00919708 0.09155218
v 0.02699344 0.00693169 0.09128343
v 0.02936903 0.00787271 0.08882861
v 0.03023790 0.00547045 0.08878017
v 0.02797927 0.00466982 0.09126268
v 0.02855393 0.00229110 0.09118027
v 0.03068714 0.00288655 0.08879323
v 0.03079083 0.00003477 0.08892166
v 0.02892989 -0.00021155 0.09117937
v 0.02899155 -0.00270476 0.09113304
v 0.03081445 -0.00271895 0.08904669
v 0.03061961 -0.00521051 0.08905615
v 0.02893837 -0.00505303 0.09119141
v 0.02836170 -0.00765882 0.09118587
v 0.03006936 -0.00792622 0.08906474
v 0.02899086 -0.01125223 0.08906142
v 0.02721196 -0.01087890 0.09112100
v 0.02569209 -0.01379126 0.09090648
v 0.02754444 -0.01448772 0.08905920
v 0.02442665 -0.01867336 0.08911496
v 0.02278788 -0.02037727 0.08905691
v 0.02396095 -0.02197813 0.08747023
v 0.02283134 -0.01728611 0.09056819
v 0.02145533 -0.01877330 0.09057666
v 0.01972949 -0.02051147 0.09065583
v 0.02072779 -0.02218848 0.08901394
v 0.01794064 -0.02420771 0.08909860
v 0.01729332 -0.02270366 0.09088916
v 0.01405168 -0.02507788 0.09114844
v 0.01432808 -0.02635034 0.08932646
v 0.00979933 -0.02824332 0.08944064
v 0.00971254 -0.02743283 0.09121329
v 0.00524934 -0.02864421 0.09092922
v 0.00525852 -0.02928530 0.08932509
v -0.00118228 -0.03014719 0.08849407
v -0.00400642 -0.03041714 0.08805914
v -0.00415751 -0.03112270 0.08673127
v -0.00111597 -0.02947880 0.08995814
v -0.00392510 -0.02981913 0.08950865
v -0.00062378 0.03266796 0.09060406
v -0.00011823 0.02947345 0.09236990
v 0.00059338 0.02525889 0.09380874
v 0.00150006 0.02048294 0.09448372
v 0.00246664 0.01590382 0.09547115
v 0.00327507 0.01240592 0.09643696
v 0.01307686 0.01768241 0.09397340
v 0.01470149 0.01706866 0.09371762
v 0.01148488 0.01814042 0.09421122
v 0.01138104 0.01561143 0.09477119
v 0.01283121 0.01540921 0.09457861
v 0.01430594 0.01496466 0.09442593
v 0.01636098 0.01633752 0.09348869
v 0.01569457 0.01436076 0.09423378
v 0.01701379 0.01366888 0.09420484
v 0.01793344 0.01545553 0.09333752
v 0.02065807 0.01330782 0.09351595
v 0.02188341 0.01206470 0.09345797
v 0.01941187 0.01206422 0.09445441
v 0.02054446 0.01115661 0.09447959
v 0.02171635 0.00989308 0.09444990
v 0.02311974 0.01052006 0.09338042
v 0.02433522 0.00854301 0.09328120
v 0.02286049 0.00808409 0.09439904
v 0.02398449 0.00587168 0.09427650
v 0.02546807 0.00635271 0.09313998
v 0.02643345 0.00414230 0.09310340
v 0.02484370 0.00367272 0.09420974
v 0.02539971 0.00154252 0.09397718
v 0.02695819 0.00183522 0.09300308
v 0.02732783 -0.00045011 0.09299710
v 0.02563191 -0.00050170 0.09386910
v 0.02552889 -0.00256507 0.09360026
v 0.02731316 -0.00267961 0.09283523
v 0.02703845 -0.00492542 0.09289978
v 0.02525426 -0.00468235 0.09350566
v 0.02460731 -0.00711430 0.09335283
v 0.02635419 -0.00749342 0.09267285
v 0.02517586 -0.01040313 0.09245729
v 0.02326511 -0.00992520 0.09326370
v 0.02196573 -0.01238921 0.09280986
v 0.02378195 -0.01306747 0.09213679
v 0.02140155 -0.01618343 0.09195822
v 0.02023405 -0.01747531 0.09191083
v 0.01997642 -0.01515444 0.09258840
v 0.01906909 -0.01625361 0.09260279
v 0.01775990 -0.01772082 0.09263402
v 0.01870434 -0.01902371 0.09185911
v 0.01644656 -0.02113750 0.09190359
v 0.01569564 -0.01981063 0.09273008
v 0.01273731 -0.02221862 0.09280874
v 0.01336504 -0.02359155 0.09224457
v 0.00944876 -0.02609776 0.09258648
v 0.00907294 -0.02472092 0.09329623
v 0.00526308 -0.02671862 0.09317351
v 0.00526158 -0.02776963 0.09224575
v -0.00094566 -0.02890726 0.09120938
v -0.00371412 -0.02925913 0.09080369
v -0.00073061 -0.02823965 0.09230483
v -0.00345581 -0.02860187 0.09193805
v 0.00988929 0.01837593 0.09438438
v 0.01002515 0.01550093 0.09505887
v 0.04285424 -0.01255099 0.06115526
v 0.04359426 -0.00900430 0.06197616
v 0.04346734 -0.00902071 0.06365624
v 0.04400332 -0.00569922 0.06262424
v -0.01962980 -0.00244120 0.09494198
v -0.01842525 -0.00157958 0.09510845
v -0.02076523 -0.00350251 0.09474320
v -0.01952377 -0.00472769 0.09490277
v -0.01847866 -0.00376570 0.09503472
v -0.01735381 -0.00292257 0.09529713
v -0.02173558 -0.00491570 0.09460318
v -0.02250899 -0.00670257 0.09454072
v -0.02094354 -0.00743709 0.09472564
v -0.02032649 -0.00590309 0.09478520
v -0.02309530 -0.00881979 0.09437775
v -0.02333689 -0.01100126 0.09409664
v -0.02177966 -0.01144472 0.09464172
v -0.02145487 -0.00938716 0.09472455
v -0.02321860 -0.01297570 0.09377065
v -0.02278325 -0.01493992 0.09349443
v -0.02147172 -0.01504971 0.09422594
v -0.02176362 -0.01325010 0.09445685
v -0.02208583 -0.01702368 0.09316900
v -0.02119421 -0.01893763 0.09292314
v -0.02015305 -0.01866602 0.09375211
v -0.02091509 -0.01693296 0.09397538
v -0.01821763 -0.02261180 0.09290854
v -0.01928984 -0.02154273 0.09286556
v -0.01672309 -0.02379274 0.09302022
v -0.01593506 -0.02289600 0.09390819
v -0.01744719 -0.02186970 0.09378751
v -0.01848329 -0.02094917 0.09371336
v -0.00881328 -0.02748061 0.09291632
v -0.01171790 -0.02647914 0.09319486
v -0.00591953 -0.02787529 0.09275632
v -0.00564359 -0.02673985 0.09364898
v -0.00832629 -0.02631990 0.09389554
v -0.01110316 -0.02528723 0.09406796
v 0.00201579 -0.02769701 0.09270916
v 0.00208836 -0.02653899 0.09364330
v -0.00057470 -0.02722081 0.09335197
v 0.00515411 -0.02533908 0.09396487
v 0.00483342 -0.02379190 0.09442409
v 0.00194705 -0.02506928 0.09435640
v -0.00052908 -0.02585651 0.09413889
v 0.00875125 -0.02330312 0.09376813
v 0.01223934 -0.02093237 0.09360425
v 0.01161026 -0.01959387 0.09427612
v 0.00826688 -0.02186147 0.09429665
v 0.01502271 -0.01858712 0.09352850
v 0.01694531 -0.01662950 0.09345756
v 0.01595143 -0.01560606 0.09416128
v 0.01420306 -0.01741290 0.09420265
v 0.02087188 -0.01403861 0.09263310
v 0.01963272 -0.01334223 0.09332581
v 0.01887126 -0.01432256 0.09332928
v 0.02056943 -0.01177165 0.09329272
v 0.01945926 -0.01124433 0.09398505
v 0.01852873 -0.01270096 0.09400759
v 0.01779783 -0.01356510 0.09405137
v 0.02185064 -0.00935201 0.09328900
v 0.02308759 -0.00667915 0.09362065
v 0.02181390 -0.00619386 0.09388111
v 0.02063292 -0.00885967 0.09385366
v 0.02393406 -0.00432497 0.09397456
v 0.02424171 -0.00230976 0.09397606
v 0.02310185 -0.00202493 0.09429188
v 0.02265237 -0.00391798 0.09404119
v 0.02433662 -0.00041916 0.09415080
v 0.02411033 0.00148595 0.09425818
v 0.02301554 0.00146196 0.09460546
v 0.02323116 -0.00028574 0.09446836
v 0.02355143 0.00349000 0.09452344
v 0.02265562 0.00561620 0.09476255
v 0.02155778 0.00540016 0.09502379
v 0.02246755 0.00339401 0.09489448
v 0.02150682 0.00766652 0.09477970
v 0.02035945 0.00936897 0.09476377
v 0.01919891 0.00896211 0.09499811
v 0.02037356 0.00733931 0.09505084
v 0.01824394 0.01289451 0.09430060
v 0.01749404 0.01190241 0.09459520
v 0.01851126 0.01124596 0.09460752
v 0.01636634 0.01254004 0.09462977
v 0.01599799 0.01160218 0.09484206
v 0.01710368 0.01110447 0.09483973
v 0.01793996 0.01081874 0.09480369
v 0.01260975 0.01385725 0.09496711
v 0.01394758 0.01352861 0.09477653
v 0.01129508 0.01394552 0.09517965
v 0.01127635 0.01262906 0.09550052
v 0.01251537 0.01256077 0.09527515
v 0.01378083 0.01231003 0.09503422
v 0.00735554 0.01249446 0.09619659
v 0.00886904 0.01320451 0.09582937
v 0.00563280 0.01157911 0.09655125
v 0.00611307 0.01048071 0.09675719
v 0.00777031 0.01136801 0.09648089
v 0.00916066 0.01197655 0.09611291
v 0.00067548 0.00840053 0.09740866
v 0.00215472 0.00937480 0.09716924
v -0.00094616 0.00747155 0.09751097
v -0.00043570 0.00629892 0.09788393
v 0.00118244 0.00716740 0.09772777
v 0.00265331 0.00811409 0.09743611
v -0.01556353 0.00030985 0.09578463
v -0.01319675 0.00166394 0.09630205
v -0.01471579 -0.00106409 0.09592493
v -0.01247267 0.00028226 0.09640655
v -0.00987852 0.00172739 0.09693147
v -0.01049086 0.00309930 0.09677973
v -0.00543850 0.00545969 0.09740271
v -0.00304514 0.00650290 0.09754468
v -0.00391482 0.00862937 0.09713536
v -0.00494113 0.00420378 0.09771571
v -0.00254876 0.00531849 0.09792114
v 0.00383716 0.01048078 0.09686568
v 0.00433670 0.00930562 0.09710007
v 0.01011204 0.01370798 0.09546425
v 0.01024101 0.01241660 0.09578732
v 0.01519297 0.01308395 0.09467180
v 0.01492268 0.01201653 0.09495440
v -0.01515394 -0.02605016 0.09223565
v -0.01453274 -0.02514127 0.09321377
v -0.01374412 -0.02408724 0.09403122
v -0.01634581 -0.02696103 0.08988658
v -0.01583920 -0.02648669 0.09110022
v -0.01690085 -0.02829269 0.08752393
v -0.01666390 -0.02758295 0.08869626
v -0.01763871 -0.02948848 0.08528491
v -0.01721086 -0.02890883 0.08642110
v -0.01894609 -0.03100363 0.08225879
v -0.01820943 -0.03016015 0.08396774
v -0.02103837 -0.03329442 0.07740466
v -0.01978186 -0.03182436 0.07993127
v -0.02407217 -0.03653785 0.07223047
v -0.02272818 -0.03534075 0.07526697
v -0.02837617 -0.03403864 0.06881049
v -0.02497075 -0.03655274 0.06856380
v -0.02456681 -0.03657265 0.07006346
v -0.02790246 -0.03405070 0.07028551
v -0.01852998 -0.03954396 0.06372465
v -0.01804048 -0.03973357 0.06556565
v -0.02303298 -0.03525344 0.05398018
v -0.02385178 -0.03502113 0.05630347
v -0.02532453 -0.03562863 0.05892040
v -0.01235692 -0.03372144 0.05031904
v -0.02282307 -0.02692375 0.04670618
v -0.01736448 -0.02329621 0.00719356
v -0.01707518 -0.02187338 0.00431913
v -0.01584686 -0.01959997 0.00209201
v -0.01454176 -0.03054811 0.03918945
v -0.01431644 -0.02941364 0.03455102
v -0.01397805 -0.02878395 0.03182707
v -0.01400795 -0.02842205 0.03036362
v -0.01457113 -0.02688383 0.02472834
v -0.01503279 -0.02608746 0.02170651
v -0.01425024 -0.02760990 0.02726223
v -0.01669547 -0.02451034 0.01353953
v -0.01712546 -0.02428563 0.01159488
v -0.01618911 -0.02478408 0.01582496
v -0.00322157 -0.02776082 0.09294999
v -0.00304770 -0.02654417 0.09386522
v 0.00188205 -0.02847067 0.09166761
v 0.00176733 -0.02908940 0.09044589
v 0.00172081 -0.02977025 0.08893661
v -0.00505121 -0.03277953 0.08473973
v -0.00455564 -0.03189003 0.08571352
v -0.00595733 -0.03510140 0.08153778
v -0.00548719 -0.03384143 0.08341319
v -0.00661397 -0.03670504 0.07916331
v -0.00019488 -0.04028530 0.07402154
v -0.00069769 -0.04101471 0.07168191
v -0.00068352 -0.04164647 0.06980904
v -0.00044189 -0.04209100 0.06816418
v -0.00006589 -0.04308638 0.06270846
v 0.00004737 -0.04269328 0.06471095
v -0.00545579 -0.04003777 0.05377978
v -0.00711784 -0.04081209 0.05613581
v -0.00888211 -0.04177690 0.05842861
v 0.00015102 -0.03642095 0.05038774
v -0.00719706 -0.03281435 0.04727380
v -0.00891849 -0.02356587 0.00738564
v -0.00896691 -0.02249518 0.00480870
v -0.00862061 -0.02048100 0.00239686
v -0.00276283 -0.03226453 0.03972124
v -0.00265828 -0.03113012 0.03486194
v -0.00265584 -0.03044548 0.03188761
v -0.00274212 -0.03006993 0.03016812
v -0.00422080 -0.02863902 0.02403808
v -0.00532482 -0.02762923 0.02109623
v -0.00335542 -0.02930519 0.02663946
v -0.00796120 -0.02534578 0.01326405
v -0.00833940 -0.02489618 0.01138002
v -0.00734168 -0.02589226 0.01545308
v -0.02111345 -0.02055848 0.09191154
v -0.02025259 -0.02040062 0.09283867
v -0.01934377 -0.01995661 0.09368565
v -0.02314585 -0.02030294 0.08958605
v -0.02209546 -0.02045665 0.09083569
v -0.02556944 -0.02059802 0.08709639
v -0.02432361 -0.02037067 0.08827033
v -0.02796680 -0.02114261 0.08534267
v -0.02675167 -0.02085051 0.08615519
v -0.03047975 -0.02187123 0.08294629
v -0.02928592 -0.02150487 0.08436847
v -0.03257149 -0.02272374 0.07932809
v -0.03140357 -0.02217339 0.08114624
v -0.03397378 -0.02349810 0.07713880
v -0.03084479 -0.03110107 0.07098734
v -0.03121232 -0.03091927 0.06943550
v -0.03258091 -0.03059489 0.06422008
v -0.03231679 -0.03084835 0.06631241
v -0.03271618 -0.02223508 0.05296271
v -0.03543115 -0.02323143 0.05610697
v -0.03706267 -0.02365215 0.05904296
v -0.02662515 -0.02482084 0.05146147
v -0.02943329 -0.01758592 0.04663852
v -0.02463366 -0.01817134 0.00879648
v -0.02360787 -0.01754664 0.00576467
v -0.02150453 -0.01621402 0.00303688
v -0.02429688 -0.02023567 0.02629054
v -0.02442930 -0.01999125 0.02373829
v -0.02424496 -0.02039403 0.02860003
v -0.02475855 -0.02021948 0.03394286
v -0.02452838 -0.02032456 0.03218474
v -0.02512846 -0.02009315 0.03645144
v -0.02585566 -0.02016606 0.04014164
v -0.02486037 -0.01913894 0.01620654
v -0.02498052 -0.01883820 0.01383607
v -0.02471096 -0.01941226 0.01863451
v -0.01828225 0.00132495 0.09508050
v -0.01720680 -0.00073241 0.09541958
v -0.01622232 -0.00208749 0.09554680
v -0.02886573 0.02303694 0.05246954
v -0.02955659 0.02498793 0.05283138
v -0.02105401 0.00795968 0.09391761
v -0.01961709 0.00440363 0.09490594
v -0.02312955 0.01450458 0.09037534
v -0.02194870 0.01107186 0.09221912
v -0.02588713 0.02266365 0.08473827
v -0.02463362 0.01879172 0.08779271
v -0.02783565 0.02735540 0.07989310
v -0.02683091 0.02528991 0.08210563
v -0.02854197 0.02996443 0.07434570
v -0.02819460 0.02873226 0.07709891
v -0.02895535 0.03126523 0.06925401
v -0.02873051 0.03079191 0.07156615
v -0.02973073 0.03164130 0.06604888
v -0.02934984 0.03156440 0.06751504
v -0.03197335 0.02995767 0.05754951
v -0.03137965 0.03079440 0.06031180
v -0.03049498 0.03121988 0.06270156
v -0.03101225 0.02743585 0.05336877
v -0.03097720 0.01748987 0.04947093
v -0.02840860 0.02110991 0.04441391
v -0.02868819 0.02114723 0.04651511
v -0.01995960 0.01379288 0.00498604
v -0.01817757 0.01275493 0.00249693
v -0.02648966 0.02078926 0.03946076
v -0.02743429 0.02102730 0.04204607
v -0.02544237 0.01930649 0.03413024
v -0.02584028 0.02015882 0.03680794
v -0.02508638 0.02186102 0.03666676
v -0.02402202 0.01704396 0.02317447
v -0.02442902 0.01733280 0.02595476
v -0.02386098 0.01885550 0.02593503
v -0.02484689 0.01778999 0.02870474
v -0.02074487 0.01731809 0.01092744
v -0.02165277 0.01711917 0.01316598
v -0.00790400 0.00435290 0.09715228
v -0.00736651 0.00302617 0.09736694
v -0.01360062 0.03577308 0.05240984
v -0.01364794 0.03732652 0.05274677
v -0.00680190 0.01643051 0.09506416
v -0.00530676 0.01231815 0.09632446
v -0.00917335 0.02405234 0.09342037
v -0.00803713 0.02015639 0.09416790
v -0.01122610 0.03326578 0.08894197
v -0.01032081 0.02874394 0.09174328
v -0.01248113 0.03772728 0.08120903
v -0.01215323 0.03614616 0.08497430
v -0.01328237 0.04019470 0.07463084
v -0.01297092 0.03936654 0.07792461
v -0.01371815 0.04093771 0.06929962
v -0.01353858 0.04069981 0.07175469
v -0.01389912 0.04113710 0.06548612
v -0.01383352 0.04105599 0.06727995
v -0.01458516 0.04076733 0.05697576
v -0.01440076 0.04117398 0.05943181
v -0.01409990 0.04127683 0.06171372
v -0.01423368 0.03936539 0.05422128
v -0.01884953 0.02983066 0.05010704
v -0.01503248 0.03119371 0.04483714
v -0.01452924 0.03137106 0.04729690
v -0.01375033 0.02202952 0.00636630
v -0.01290149 0.01996786 0.00331307
v -0.01434081 0.02918401 0.03868547
v -0.01484796 0.03025457 0.04165574
v -0.01303133 0.02389277 0.01263063
v -0.01342696 0.02429848 0.01525632
v -0.01228248 0.02647369 0.02265564
v -0.01409710 0.02560260 0.02286475
v -0.01399616 0.02616657 0.02530065
v -0.01245484 0.02590955 0.02023994
v -0.01406813 0.02509557 0.02038693
v -0.01131305 0.02846778 0.03177143
v -0.01384962 0.02767776 0.03215178
v -0.01393280 0.02809529 0.03417406
v -0.01381673 0.02724162 0.03002097
v 0.01938771 0.01049109 0.09469521
v 0.01833765 0.01010717 0.09491121
v 0.01934361 0.01444221 0.09340964
v 0.02090531 0.01646552 0.09203920
v 0.02290051 0.01874308 0.09008482
v 0.02967454 0.01720122 0.08669087
v 0.02876232 0.02432134 0.08239696
v 0.03029260 0.02538321 0.07898161
v 0.03162835 0.02638817 0.07536143
v 0.03806197 0.02211160 0.06867872
v 0.03422933 0.02848070 0.06387486
v 0.03445815 0.02845386 0.06219692
v 0.03491946 0.02775030 0.05483074
v 0.03488435 0.02824347 0.05798362
v 0.03634488 0.01964306 0.05099169
v 0.03678340 0.01994304 0.05141671
v 0.03722309 0.02024067 0.05195990
v 0.03109206 0.02399456 0.04895631
v 0.03292898 0.01685696 0.04641460
v 0.03338287 0.01687174 0.04818580
v 0.02015321 0.01421467 0.00627359
v 0.01855444 0.01306884 0.00315626
v 0.03105806 0.01574087 0.04140360
v 0.03221114 0.01645544 0.04393513
v 0.02343615 0.01256392 0.01239049
v 0.02438765 0.01255852 0.01472650
v 0.02955746 0.01432203 0.03629522
v 0.03020274 0.01502470 0.03883034
v 0.02664354 0.01257015 0.02233862
v 0.02730638 0.01266164 0.02527220
v 0.02594035 0.01251418 0.01957095
v 0.01811150 -0.01528871 0.09338336
v 0.01704480 -0.01440695 0.09410048
v 0.02249218 -0.01492990 0.09197193
v 0.02420670 -0.01581196 0.09068977
v 0.02598698 -0.01685633 0.08907063
v 0.02536901 -0.02451393 0.08463768
v 0.02474392 -0.02330641 0.08606993
v 0.02794008 -0.02811302 0.07865773
v 0.02692048 -0.02696233 0.08098489
v 0.02601791 -0.02571649 0.08293395
v 0.03667211 -0.02387094 0.07239979
v 0.03745948 -0.02492681 0.06928657
v 0.03765174 -0.02546391 0.06666342
v 0.03751810 -0.02576211 0.06451563
v 0.03549826 -0.02729236 0.05811588
v 0.03690172 -0.02667863 0.06035587
v 0.02483575 -0.03564084 0.05384637
v 0.02497097 -0.03628387 0.05593685
v 0.02503955 -0.03637954 0.05709383
v 0.02992928 -0.02326246 0.05123792
v 0.02372518 -0.02922250 0.04892570
v 0.02512812 -0.01649816 0.00789789
v 0.02446024 -0.01614485 0.00472305
v 0.02219121 -0.01514744 0.00156626
v 0.02865485 -0.02102688 0.04610742
v 0.02839081 -0.01982981 0.04373260
v 0.02585673 -0.01688806 0.01290489
v 0.02554075 -0.01667790 0.01053798
v 0.02801147 -0.01882660 0.04065392
v 0.02761858 -0.01800964 0.03714676
v 0.02692243 -0.01676577 0.02687134
v 0.02671393 -0.01692254 0.02376766
v 0.02713107 -0.01685477 0.03011205
v 0.03991956 -0.02155743 0.06179091
v 0.03734363 -0.02609798 0.06244086
v 0.03423874 -0.03040342 0.06310983
v 0.03192215 0.03124712 0.06047756
v 0.03474447 0.02843781 0.06047476
v 0.03701287 0.02548108 0.06073838
v -0.01395801 0.04124197 0.06369181
v -0.01174063 0.04198989 0.06388917
v -0.01597088 0.04034285 0.06344998
v -0.03003212 0.03152974 0.06453498
v -0.02697036 0.03383398 0.06403082
v -0.03283623 0.02911819 0.06500047
v -0.02886915 -0.03403520 0.06729682
v -0.03179466 -0.03091316 0.06802149
v -0.03428837 -0.02742540 0.06889180
v 0.00477411 -0.04206734 0.06604332
v -0.00004869 -0.04244654 0.06648463
v -0.00464260 -0.04247810 0.06684087
v -0.02533989 -0.03641309 0.06703060
v -0.02155155 -0.03832152 0.06706417
v 0.04343865 -0.00875391 0.06567576
v -0.00913481 -0.04196499 0.06705824
v -0.01348117 -0.04107840 0.06716794
v 0.01543767 -0.04052816 0.06501614
v 0.01002170 -0.04147882 0.06550337
v 0.02568276 -0.03706076 0.06429649
v 0.02068582 -0.03905596 0.06464222
v 0.03035062 -0.03419248 0.06375271
v 0.04081601 0.01888371 0.06131716
v 0.04254376 0.01501871 0.06154216
v 0.04390287 0.01088747 0.06173595
v 0.04174669 -0.01683596 0.06117594
v 0.04530997 0.00259178 0.06254637
v 0.04352362 -0.00069520 0.06142681
v 0.03898642 0.02233499 0.06104965
v 0.02410723 0.03645300 0.06127555
v 0.02834436 0.03383605 0.06083142
v 0.01455415 0.04140369 0.06160113
v 0.01932315 0.03921169 0.06147508
v 0.00719238 0.04313548 0.06255496
v 0.01061022 0.04259378 0.06197858
v 0.00049221 0.04331143 0.06340109
v 0.00385874 0.04330683 0.06300456
v -0.00620458 0.04308095 0.06404409
v -0.00291900 0.04329916 0.06378420
v -0.03666925 -0.02381042 0.06972072
v -0.03861911 -0.01980137 0.07039293
v -0.01760632 -0.03985233 0.06716193
v 0.04470680 0.00676612 0.06196194
v -0.04013890 -0.01548639 0.07061629
v -0.04155790 -0.01089556 0.07041186
v -0.04272229 -0.00587592 0.06979123
v -0.04343252 -0.00048356 0.06897073
v -0.04339807 0.00519441 0.06811714
v -0.04243162 0.01112316 0.06731815
v -0.04036181 0.01711279 0.06665751
v -0.03792165 0.02233126 0.06603411
v -0.03541535 0.02629551 0.06542602
v -0.02365069 0.03605234 0.06348726
v -0.02053040 0.03793610 0.06314746
v -0.00916805 0.04262825 0.06404562
v -0.01803764 0.03930018 0.06319544
v 0.02804999 -0.01445415 0.03420261
v 0.02734449 -0.01731506 0.03357048
v 0.02633241 -0.01969919 0.03312592
v 0.02840510 0.01061774 0.03171212
v 0.02851094 0.01310466 0.03104018
v 0.02905359 0.01364607 0.03371900
v 0.02913516 0.01090659 0.03436097
v 0.02801017 0.01504639 0.03050453
v 0.02844346 0.01584273 0.03321255
v -0.01406390 0.02853834 0.03624049
v -0.01643316 0.02736417 0.03647420
v -0.02514638 0.01846752 0.03143144
v -0.02573815 0.01738215 0.03195494
v -0.02313386 -0.02220581 0.02990096
v -0.02434413 -0.02040288 0.03050975
v -0.02571386 -0.01934759 0.03119075
v 0.00009706 -0.02918084 0.02878710
v -0.00288041 -0.02973000 0.02859894
v -0.00562522 -0.02953236 0.02870972
v -0.01080897 -0.02828610 0.02912557
v -0.01409177 -0.02808795 0.02904054
v -0.01763757 -0.02675351 0.02917341
v -0.02698942 -0.01798511 0.03188128
v -0.02115082 -0.02577737 0.02937506
v -0.00804130 -0.02886233 0.02896734
v 0.00769083 -0.02897933 0.02969286
v 0.00381239 -0.02948176 0.02899243
v 0.01434964 -0.02878664 0.03132286
v 0.01117599 -0.02920910 0.03048111
v -0.02824057 -0.01298374 0.03541871
v -0.02911124 -0.00491070 0.03340245
v -0.02894893 -0.00081640 0.03382641
v -0.02892617 0.00314491 0.03429301
v -0.02711930 0.01145008 0.03773291
v -0.02628669 0.01622137 0.03257185
v 0.02014098 -0.02745437 0.03200062
v 0.01735257 -0.02817764 0.03180229
v -0.02138415 0.02543179 0.03656794
v -0.02372268 0.02393849 0.03653801
v 0.02427213 -0.02424530 0.03235227
v 0.02255659 -0.02620873 0.03212999
v 0.02235977 -0.02587601 0.02868459
v -0.01888463 0.02624759 0.03662760
v -0.00849463 0.02842228 0.03149439
v -0.00550179 0.02832797 0.03127996
v -0.00232759 0.02849508 0.03118250
v 0.00755166 0.02854897 0.03532107
v 0.00373495 0.02830612 0.03557477
v 0.01130257 0.02953298 0.03496734
v 0.02057836 0.02610936 0.02965030
v 0.02016485 0.02639910 0.03186855
v 0.02568281 0.02634020 0.03668293
v 0.02525388 -0.02199011 0.03272487
v 0.02744826 0.01691363 0.03001623
v 0.02796447 0.01803121 0.03269905
v 0.02942299 -0.00677398 0.03564635
v 0.02879821 -0.01095904 0.03502171
v 0.02930472 0.00277339 0.03255512
v 0.03006691 0.00287269 0.03531772
v 0.03037754 -0.00215589 0.03553023
v 0.02955674 -0.00188298 0.03257407
v 0.02770637 0.00703444 0.03249663
v 0.02842829 0.00726317 0.03521675
v 0.02683070 -0.01413298 0.01854599
v 0.02706899 -0.01410161 0.02145378
v 0.02653599 -0.01707688 0.02070107
v 0.02633794 -0.01716695 0.01782105
v 0.02546101 -0.01943089 0.02004593
v 0.02525358 -0.01952808 0.01721031
v 0.02771693 0.01042619 0.02888678
v 0.02790914 0.01278907 0.02820619
v 0.02749322 0.01465858 0.02764714
v -0.01388245 0.02672983 0.02771247
v -0.01585793 0.02578312 0.02812275
v -0.02306906 0.01669236 0.01779408
v -0.02358388 0.01679614 0.02041483
v -0.02338149 0.01596165 0.01802067
v -0.02392997 0.01608816 0.02077127
v -0.02289234 -0.02109110 0.01990372
v -0.02458514 -0.01973039 0.02115514
v -0.02607544 -0.01873995 0.02270451
v -0.00353585 -0.02719283 0.01794337
v -0.00640706 -0.02668912 0.01812986
v -0.00862323 -0.02654286 0.01821508
v -0.01303978 -0.02584378 0.01847358
v -0.01559681 -0.02532434 0.01862540
v -0.01832792 -0.02518280 0.01872639
v -0.02729704 -0.01712743 0.02427241
v -0.02159418 -0.02345724 0.01899988
v -0.01078526 -0.02661032 0.01824853
v 0.00485553 -0.02679726 0.01806227
v 0.00044350 -0.02671420 0.01800428
v 0.01255793 -0.02709178 0.01874564
v 0.00892490 -0.02666151 0.01839073
v -0.02769850 -0.01211534 0.02979213
v -0.02703334 -0.00111713 0.02284194
v -0.02760276 -0.00467798 0.02296926
v -0.02795542 -0.00464225 0.02562917
v -0.02746188 -0.00104399 0.02558303
v -0.02654621 0.00277739 0.02264436
v -0.02709036 0.00285846 0.02550867
v -0.02554844 0.01009797 0.02972285
v -0.02365585 0.01520601 0.01839705
v -0.02423268 0.01534670 0.02128418
v 0.01599426 -0.02716558 0.01916268
v -0.02000254 0.02364414 0.02809038
v -0.02249489 0.02166863 0.02683037
v 0.02210993 -0.02575731 0.02542872
v -0.01780620 0.02474687 0.02844589
v -0.00662640 0.02685669 0.02025709
v -0.00970143 0.02662169 0.02020808
v -0.00947987 0.02701907 0.02260976
v -0.00638547 0.02719927 0.02262971
v -0.00336739 0.02716553 0.02020824
v -0.00314390 0.02744756 0.02255130
v 0.00789393 0.02781122 0.02699724
v 0.00454488 0.02658565 0.02712857
v 0.01647048 0.02588002 0.02701966
v 0.01265850 0.02794130 0.02679744
v 0.02501778 0.02429567 0.02683810
v 0.02076471 0.02567782 0.02698290
v 0.02661175 0.01846464 0.02685623
v 0.02658230 0.02102396 0.02682450
v 0.02694117 0.01638346 0.02715680
v 0.02438952 -0.02164269 0.01945447
v 0.02417179 -0.02175239 0.01665805
v 0.02715757 -0.01049692 0.02235806
v 0.02677917 -0.01055315 0.01945257
v 0.02862254 0.00265599 0.02967362
v 0.02707291 0.00667822 0.02961667
v 0.02879311 -0.00182234 0.02961462
v 0.02611090 -0.01707196 0.01526297
v 0.02655561 -0.01405483 0.01592470
v 0.02506768 -0.01947398 0.01474948
v 0.02525980 0.01012542 0.01762542
v 0.02520313 0.01252141 0.01705862
v 0.02473991 0.01422501 0.01665625
v -0.01233488 0.02543121 0.01775316
v -0.01381670 0.02467685 0.01784070
v -0.01482618 0.02418693 0.01790718
v -0.02164117 0.01841498 0.01561599
v -0.02243512 0.01684701 0.01539805
v -0.02279380 0.01596814 0.01550340
v -0.02365274 -0.01929539 0.01095551
v -0.02499935 -0.01851616 0.01142568
v -0.02605144 -0.01757335 0.01196731
v -0.00591218 -0.02454500 0.00945764
v -0.00867070 -0.02430647 0.00953287
v -0.01074641 -0.02425592 0.00950919
v -0.01488443 -0.02352358 0.00966636
v -0.01748732 -0.02394598 0.00961218
v -0.02048025 -0.02216737 0.00996713
v -0.02665488 -0.01626835 0.01251323
v -0.02188055 -0.02041118 0.01052799
v -0.01269319 -0.02380173 0.00960714
v 0.00271341 -0.02455208 0.00940361
v -0.00177250 -0.02511526 0.00922964
v 0.01093421 -0.02535906 0.00988251
v 0.00697393 -0.02443502 0.00966486
v -0.02686841 -0.00827694 0.01992513
v -0.02687167 -0.01169326 0.02016700
v -0.02643853 -0.00126237 0.01946050
v -0.02716889 -0.00483817 0.01960963
v -0.02556621 0.00669939 0.01854410
v -0.02591713 0.00264205 0.01921856
v -0.02340020 0.01339086 0.01636629
v -0.02343182 0.01026734 0.01763367
v -0.02307789 0.01506244 0.01573402
v 0.01460536 -0.02592035 0.01035193
v -0.01738128 0.02264934 0.01750254
v -0.01966688 0.02076841 0.01649792
v 0.02096096 -0.02545497 0.01423678
v 0.02285633 -0.02384530 0.01406195
v -0.01583542 0.02364832 0.01790671
v -0.00663138 0.02650197 0.01780062
v -0.00971672 0.02618425 0.01773660
v 0.00005017 0.02590958 0.01776016
v -0.00343979 0.02683200 0.01777092
v 0.00909794 0.02704297 0.01670433
v 0.00489114 0.02573995 0.01732803
v 0.01700903 0.02372774 0.01674245
v 0.01366299 0.02561702 0.01667803
v 0.02286436 0.02130589 0.01577828
v 0.02026738 0.02304118 0.01620662
v 0.02382958 0.01738837 0.01602863
v 0.02367476 0.01915614 0.01585529
v 0.02398243 -0.02172407 0.01429434
v 0.02636592 -0.01048475 0.01678719
v 0.02661385 -0.00638417 0.01753424
v 0.02421785 0.01575809 0.01629743
v 0.02593890 0.00239109 0.01834323
v 0.02478771 0.00660588 0.01831671
v 0.02636579 -0.00202127 0.01811282
v 0.00757963 -0.02046773 0.09444243
v 0.00423061 -0.02226400 0.09451613
v 0.01080962 -0.01831603 0.09443516
v 0.00985429 -0.01689957 0.09459953
v 0.00670957 -0.01888518 0.09447506
v 0.00341652 -0.02056387 0.09452493
v 0.00153252 -0.02337501 0.09454746
v 0.00090856 -0.02152010 0.09451172
v -0.00111108 -0.02204899 0.09448767
v -0.00071857 -0.02410247 0.09452727
v -0.00299929 -0.02465536 0.09444436
v -0.00312025 -0.02246413 0.09443262
v -0.00523316 -0.02263161 0.09442292
v -0.00535625 -0.02490996 0.09440538
v -0.00784287 -0.02441716 0.09451889
v -0.00745266 -0.02237735 0.09458561
v -0.00974497 -0.02177533 0.09476082
v -0.01038264 -0.02359467 0.09461856
v -0.01284287 -0.02258320 0.09471394
v -0.01201058 -0.02099627 0.09492605
v -0.01399561 -0.02025900 0.09500145
v -0.01495982 -0.02161457 0.09471252
v -0.01644872 -0.02084653 0.09459382
v -0.01541296 -0.01972873 0.09500835
v -0.01623822 -0.01909360 0.09496764
v -0.01744981 -0.02009569 0.09449946
v -0.01821039 -0.01924528 0.09447682
v -0.01677003 -0.01826609 0.09500676
v -0.01710943 -0.01721004 0.09504277
v -0.01882689 -0.01813991 0.09456329
v -0.01929394 -0.01664455 0.09470170
v -0.01737470 -0.01587185 0.09501809
v -0.01763115 -0.01448964 0.09495459
v -0.01966424 -0.01496047 0.09484920
v -0.01989067 -0.01340804 0.09489766
v -0.01783518 -0.01320736 0.09488854
v -0.01762021 -0.01170801 0.09481473
v -0.01987640 -0.01177034 0.09489526
v -0.01961514 -0.00982405 0.09482353
v -0.01767497 -0.00994698 0.09483534
v -0.01727236 -0.00832365 0.09481868
v -0.01917731 -0.00800190 0.09484412
v -0.01865732 -0.00667847 0.09486589
v -0.01672129 -0.00718551 0.09496163
v -0.01605783 -0.00633336 0.09521218
v -0.01797043 -0.00569459 0.09499966
v -0.01705203 -0.00482259 0.09519258
v -0.01526633 -0.00549257 0.09532436
v -0.01453857 -0.00476610 0.09559582
v -0.01608692 -0.00400604 0.09543291
v -0.01516446 -0.00319854 0.09569165
v -0.01394461 -0.00405404 0.09583848
v -0.01281551 -0.00323660 0.09622823
v -0.01385363 -0.00221089 0.09603637
v -0.01182455 -0.00090266 0.09658142
v -0.01095979 -0.00211451 0.09676414
v -0.00873721 -0.00083124 0.09736028
v -0.00940465 0.00052060 0.09714290
v -0.00701010 0.00182080 0.09765494
v -0.00650766 0.00042697 0.09794119
v -0.00423390 0.00169543 0.09851406
v -0.00461514 0.00302533 0.09805808
v -0.00217287 0.00420203 0.09835636
v -0.00176852 0.00297697 0.09888842
v 0.00061579 0.00400089 0.09880535
v 0.00006121 0.00516958 0.09831560
v 0.00176680 0.00591369 0.09805360
v 0.00242509 0.00469466 0.09842938
v 0.00399093 0.00546320 0.09801401
v 0.00328225 0.00676814 0.09773367
v 0.00833049 0.01002216 0.09668890
v 0.00961286 0.01062305 0.09636216
v 0.00672108 0.00913420 0.09696872
v 0.00733707 0.00772293 0.09720787
v 0.00888986 0.00863564 0.09688133
v 0.01008300 0.00928458 0.09653108
v 0.01265441 0.01112641 0.09553196
v 0.01392996 0.01088923 0.09525626
v 0.01142091 0.01124414 0.09582402
v 0.01166189 0.00992525 0.09606432
v 0.01287295 0.00976264 0.09577494
v 0.01417178 0.00952751 0.09552258
v -0.01338718 -0.01908451 0.09507294
v -0.01463451 -0.01895651 0.09506659
v -0.01321303 -0.01785175 0.09510868
v -0.01487699 -0.01823372 0.09508135
v -0.01498021 -0.00989272 0.09486965
v -0.01596772 -0.01053069 0.09473010
v -0.01559070 -0.01073899 0.09473923
v -0.01467056 -0.01006704 0.09485302
v -0.01597125 -0.01148619 0.09471319
v -0.01454851 -0.01064058 0.09481509
v 0.01824241 0.00853462 0.09523810
v 0.01942540 0.00695350 0.09530499
v 0.01726576 0.00796111 0.09546106
v 0.01829009 0.00651226 0.09548433
v 0.01928841 0.00474704 0.09539488
v 0.02054412 0.00511224 0.09525520
v 0.02137809 0.00313465 0.09508674
v 0.02008627 0.00283278 0.09518399
v 0.02061570 0.00107820 0.09503107
v 0.02187222 0.00131553 0.09481758
v 0.02204097 -0.00024532 0.09461324
v 0.02081223 -0.00029137 0.09487605
v 0.02068384 -0.00159945 0.09479618
v 0.02187099 -0.00176898 0.09440867
v 0.02140390 -0.00355660 0.09436191
v 0.02021684 -0.00321496 0.09471516
v 0.01938797 -0.00526484 0.09475774
v 0.02057646 -0.00573836 0.09433568
v 0.01938232 -0.00831221 0.09440255
v 0.01816311 -0.00764949 0.09479978
v 0.01689187 -0.00971238 0.09473546
v 0.01813454 -0.01056807 0.09445513
v 0.01718449 -0.01191245 0.09447861
v 0.01591000 -0.01094768 0.09474908
v 0.01509891 -0.01167123 0.09471359
v 0.01641731 -0.01269979 0.09447937
v 0.01563667 -0.01345999 0.09448966
v 0.01427688 -0.01241759 0.09474261
v 0.01330287 -0.01347211 0.09473350
v 0.01462140 -0.01457093 0.09449006
v 0.01311913 -0.01625008 0.09447149
v 0.01198336 -0.01502171 0.09466027
v 0.01581570 0.00961270 0.09526716
v 0.01589523 0.01048039 0.09512333
v 0.01496161 0.01073290 0.09521435
v 0.01516042 0.00950069 0.09542213
v 0.01051687 0.01105795 0.09609203
v 0.01085309 0.00973980 0.09626038
v 0.00497034 0.00794217 0.09734407
v 0.00564048 0.00654639 0.09749256
v 0.00569765 -0.01697001 0.09508142
v 0.00249198 -0.01840074 0.09483381
v 0.00883122 -0.01523530 0.09523109
v 0.00770127 -0.01340282 0.09586385
v 0.00459680 -0.01494349 0.09575166
v 0.00148729 -0.01621399 0.09549179
v 0.00341457 -0.01308807 0.09635315
v 0.00040982 -0.01432349 0.09609555
v 0.00649259 -0.01165276 0.09642397
v 0.00512119 -0.00996021 0.09694524
v 0.00209777 -0.01139256 0.09687724
v -0.00079738 -0.01261690 0.09658193
v 0.00065539 -0.00987068 0.09764961
v -0.00216065 -0.01102813 0.09719125
v 0.00355225 -0.00829682 0.09762410
v 0.00202670 -0.00671096 0.09865606
v -0.00082643 -0.00841291 0.09864673
v -0.00353487 -0.00945070 0.09790272
v -0.00225952 -0.00660629 0.09950049
v -0.00473320 -0.00768133 0.09845665
v 0.00051741 -0.00502951 0.09962930
v -0.00091218 -0.00346741 0.10003073
v -0.00341456 -0.00492447 0.09966336
v -0.00552211 -0.00604989 0.09864427
v -0.00417487 -0.00376346 0.09948607
v -0.00604746 -0.00490535 0.09855369
v -0.00200109 -0.00227623 0.09994436
v -0.00283954 -0.00115024 0.09962073
v -0.00488572 -0.00262972 0.09909224
v -0.00670048 -0.00383064 0.09825108
v -0.00572868 -0.00116349 0.09849739
v -0.00771862 -0.00239176 0.09780153
v -0.00361912 0.00022096 0.09908192
v 0.01092969 -0.01356981 0.09522007
v 0.01225923 -0.01220966 0.09523019
v 0.01134467 -0.01085399 0.09575995
v 0.00988955 -0.01200752 0.09582107
v 0.00875884 -0.01044784 0.09635826
v 0.01034273 -0.00947195 0.09625433
v 0.00909556 -0.00786872 0.09677357
v 0.00741832 -0.00880466 0.09688182
v 0.00580017 -0.00699026 0.09749777
v 0.00752390 -0.00588737 0.09736339
v 0.00584064 -0.00382384 0.09801445
v 0.00411621 -0.00516181 0.09830217
v 0.00260368 -0.00346381 0.09920066
v 0.00433705 -0.00202598 0.09871732
v 0.00317010 -0.00055915 0.09928088
v 0.00126755 -0.00196609 0.09977793
v 0.00028215 -0.00078959 0.09991214
v 0.00237505 0.00062606 0.09947433
v 0.00179292 0.00168642 0.09943799
v -0.00049539 0.00035150 0.09978202
v 0.01328394 -0.01122078 0.09525026
v 0.01413702 -0.01046345 0.09516970
v 0.01336914 -0.00915694 0.09558839
v 0.01244874 -0.00992396 0.09568119
v 0.01156774 -0.00861540 0.09614434
v 0.01259460 -0.00783245 0.09602715
v 0.01160753 -0.00615907 0.09649995
v 0.01044789 -0.00700084 0.09664135
v 0.00898543 -0.00485792 0.09716265
v 0.01028260 -0.00388901 0.09700522
v 0.00878733 -0.00149506 0.09741195
v 0.00739577 -0.00260749 0.09771866
v 0.00592364 -0.00071609 0.09819656
v 0.00740308 0.00047101 0.09781444
v 0.00632921 0.00191851 0.09807764
v 0.00482142 0.00073493 0.09863113
v 0.00413314 0.00181233 0.09878320
v 0.00568235 0.00290259 0.09816979
v 0.00521668 0.00366158 0.09816825
v 0.00363477 0.00271835 0.09877365
v 0.01494888 -0.00974177 0.09507569
v 0.01593818 -0.00864668 0.09508953
v 0.01519882 -0.00743522 0.09541917
v 0.01424474 -0.00844184 0.09554259
v 0.01354335 -0.00705975 0.09589353
v 0.01453605 -0.00610726 0.09573934
v 0.01372065 -0.00436342 0.09615816
v 0.01266721 -0.00531055 0.09634330
v 0.01143602 -0.00295068 0.09682321
v 0.01254364 -0.00198198 0.09660776
v 0.01118163 0.00053053 0.09694222
v 0.01001913 -0.00047103 0.09718701
v 0.00869244 0.00156180 0.09741750
v 0.00991936 0.00259678 0.09712253
v 0.00898147 0.00408852 0.09726118
v 0.00769060 0.00303181 0.09761627
v 0.00710106 0.00398378 0.09764861
v 0.00845906 0.00504282 0.09727436
v 0.00815027 0.00577088 0.09725675
v 0.00670355 0.00470214 0.09763382
v 0.01716863 -0.00684071 0.09509357
v 0.01835572 -0.00475073 0.09511440
v 0.01750789 -0.00414693 0.09536360
v 0.01634279 -0.00591021 0.09528606
v 0.01565060 -0.00482927 0.09560745
v 0.01673891 -0.00336367 0.09556390
v 0.01588209 -0.00202059 0.09584730
v 0.01481799 -0.00324494 0.09593582
v 0.01367761 -0.00094029 0.09636346
v 0.01476609 0.00010810 0.09620392
v 0.01352505 0.00248084 0.09650178
v 0.01237060 0.00154689 0.09667681
v 0.01116243 0.00359839 0.09686702
v 0.01237219 0.00446993 0.09663221
v 0.01149691 0.00590740 0.09671384
v 0.01026698 0.00507542 0.09701400
v 0.00977699 0.00601462 0.09698770
v 0.01098142 0.00681213 0.09670321
v 0.01069489 0.00748806 0.09670041
v 0.00952226 0.00672468 0.09695393
v 0.01918670 -0.00288269 0.09499986
v 0.01960519 -0.00146128 0.09500996
v 0.01883780 -0.00151210 0.09519462
v 0.01834950 -0.00252192 0.09529283
v 0.01762823 -0.00190905 0.09548666
v 0.01848863 -0.00084689 0.09532072
v 0.01781382 0.00021182 0.09547179
v 0.01682769 -0.00078605 0.09577635
v 0.01574459 0.00109140 0.09603544
v 0.01688042 0.00188695 0.09571888
v 0.01584695 0.00384378 0.09592317
v 0.01458253 0.00324588 0.09625442
v 0.01353794 0.00513782 0.09638961
v 0.01488378 0.00565618 0.09600543
v 0.01397383 0.00729172 0.09598534
v 0.01265633 0.00654859 0.09637170
v 0.01200086 0.00740752 0.09645335
v 0.01271097 0.00796759 0.09618568
v 0.01205256 0.00830957 0.09628469
v 0.01154730 0.00801783 0.09648063
v 0.00013037 -0.01922389 0.09473150
v -0.00073997 -0.01693772 0.09529774
v -0.00238714 -0.01732227 0.09512972
v -0.00167236 -0.01966086 0.09462288
v -0.00166609 -0.01501177 0.09583230
v -0.00270670 -0.01328296 0.09628710
v -0.00401534 -0.01360973 0.09608041
v -0.00314354 -0.01537221 0.09564105
v -0.00390865 -0.01158864 0.09675466
v -0.00514625 -0.00989634 0.09724644
v -0.00620861 -0.01011411 0.09685586
v -0.00507166 -0.01186735 0.09653980
v -0.00623860 -0.00817051 0.09760870
v -0.00704479 -0.00663823 0.09769940
v -0.00824805 -0.00703245 0.09706755
v -0.00730922 -0.00844919 0.09705927
v -0.00770723 -0.00556731 0.09765565
v -0.00853693 -0.00460250 0.09739217
v -0.01052008 -0.00519260 0.09666106
v -0.00911181 -0.00602863 0.09698544
v -0.00345978 -0.02001067 0.09451951
v -0.00394175 -0.01763814 0.09497136
v -0.00553824 -0.01788778 0.09473470
v -0.00531755 -0.02027037 0.09454846
v -0.00453806 -0.01566619 0.09547214
v -0.00527536 -0.01386174 0.09589354
v -0.00659811 -0.01408710 0.09569627
v -0.00598300 -0.01594893 0.09532432
v -0.00620309 -0.01204611 0.09623688
v -0.00724475 -0.01030026 0.09652189
v -0.00837456 -0.01052878 0.09620588
v -0.00743219 -0.01224124 0.09599222
v -0.00827710 -0.00873622 0.09666101
v -0.00920289 -0.00746361 0.09664679
v -0.01012164 -0.00798521 0.09631316
v -0.00929287 -0.00909423 0.09630884
v -0.01006515 -0.00657529 0.09654724
v -0.01129822 -0.00605235 0.09630217
v -0.01206628 -0.00678551 0.09601179
v -0.01090833 -0.00722105 0.09624195
v -0.00726475 -0.02026863 0.09478305
v -0.00730730 -0.01817649 0.09462081
v -0.00918441 -0.01821819 0.09494461
v -0.00934286 -0.02003054 0.09495601
v -0.00749910 -0.01615160 0.09504639
v -0.00800756 -0.01427622 0.09548723
v -0.00956478 -0.01433754 0.09512523
v -0.00919688 -0.01623535 0.09475556
v -0.00874636 -0.01243678 0.09571368
v -0.00961015 -0.01081913 0.09588770
v -0.01095021 -0.01117755 0.09549590
v -0.01021256 -0.01263848 0.09540803
v -0.01044012 -0.00953945 0.09595553
v -0.01118438 -0.00859342 0.09595301
v -0.01229565 -0.00923366 0.09553817
v -0.01166589 -0.01005591 0.09554516
v -0.01189128 -0.00794341 0.09588093
v -0.01295928 -0.00757167 0.09571391
v -0.01379561 -0.00838783 0.09532215
v -0.01288622 -0.00867097 0.09547987
v -0.01148558 -0.01953369 0.09505810
v -0.01122946 -0.01796908 0.09512702
v -0.01122335 -0.01622821 0.09483281
v -0.01141148 -0.01437512 0.09468896
v -0.01337583 -0.01482435 0.09475695
v -0.01321621 -0.01633920 0.09498606
v -0.01184375 -0.01286797 0.09492822
v -0.01240818 -0.01165248 0.09506355
v -0.01400858 -0.01241111 0.09465059
v -0.01366210 -0.01351680 0.09464301
v -0.01293499 -0.01065867 0.09512862
v -0.01337169 -0.00988442 0.09516174
v -0.01434399 -0.01145200 0.09470786
v -0.01376060 -0.00935743 0.09514939
v -0.01447530 -0.00923062 0.09497739
v 0.01845521 0.00244006 0.09543230
v 0.01758738 0.00433663 0.09549656
v 0.01917011 0.00077729 0.09526233
v 0.01663384 0.00608941 0.09560912
v 0.01584967 0.00751324 0.09563069
v 0.01294603 0.00872473 0.09597287
v 0.01191497 0.00892111 0.09621498
v 0.01418810 0.00846613 0.09570559
v 0.01542370 0.00854333 0.09555925
v 0.01640066 0.00899001 0.09536639
v 0.01956417 -0.00038997 0.09505809
v -0.01508414 -0.01714137 0.09505030
v -0.01527126 -0.01589782 0.09496448
v -0.01550428 -0.01467538 0.09487540
v -0.01576079 -0.01352286 0.09482167
v -0.01599217 -0.01246081 0.09475815
v -0.01583158 -0.00953819 0.09481719
v -0.01535299 -0.00836654 0.09504271
v -0.01465457 -0.00739915 0.09524490
v -0.01391150 -0.00659416 0.09557191
v -0.01320500 -0.00584450 0.09588178
v -0.01273376 -0.00512034 0.09602612
v -0.00972709 -0.00340297 0.09703754
v -0.01156170 -0.00415753 0.09649488
v 0.01119388 0.00873838 0.09638803
v 0.01042870 0.00825402 0.09663313
v 0.00927200 0.00754253 0.09695402
v 0.00780828 0.00660553 0.09721884
v 0.00622857 0.00548943 0.09759613
v 0.00465752 0.00445376 0.09813833
v 0.00307095 0.00364351 0.09866577
v 0.00120030 0.00283637 0.09920073
v -0.00119952 0.00166125 0.09941248
v 0.01713380 0.00988774 0.09507772
v -0.01277385 -0.00452888 0.09607507
v -0.01650447 0.00709784 0.00177913
v -0.01705594 0.00403274 0.00185085
v -0.01616423 0.00960455 0.00160360
v -0.01324466 0.00770211 0.00206188
v -0.01230182 0.00503830 0.00260293
v -0.01389260 0.00324937 0.00214645
v 0.01930829 -0.00855313 -0.00000000
v 0.01911394 -0.00565279 0.00008503
v 0.01956859 -0.01109057 0.00010269
v 0.01537926 -0.00853856 0.00016646
v 0.01345062 -0.00584093 0.00071660
v 0.01498811 -0.00439808 0.00028564
v -0.01072812 -0.01721342 0.00120241
v -0.00930920 -0.01749877 0.00131934
v -0.01233707 -0.01714906 0.00111418
v -0.00990740 -0.01356710 0.00135195
v -0.00779865 -0.01218369 0.00177152
v -0.00753410 -0.01390602 0.00150180
v -0.01738041 0.00063983 0.00181418
v -0.01796397 -0.00262025 0.00181421
v -0.01274328 0.00044574 0.00247018
v -0.01440020 -0.00206494 0.00188454
v 0.01647255 0.00989323 0.00084045
v 0.01648209 0.01074895 0.00088260
v 0.01691502 0.00832145 0.00101973
v 0.01317609 0.00644053 0.00097360
v 0.01166665 0.00684651 0.00165749
v 0.01281290 0.00847149 0.00100331
v 0.01910898 -0.01279149 0.00018688
v 0.01871439 -0.01433531 0.00035688
v 0.01482446 -0.01106319 0.00034587
v 0.01334736 -0.00868879 0.00066000
v -0.01816189 -0.00553510 0.00170877
v -0.01862645 -0.00813978 0.00171447
v -0.01295785 -0.00391476 0.00202446
v -0.01474786 -0.00646958 0.00159942
v 0.01564358 0.01284527 0.00091097
v 0.01521705 0.01384142 0.00111629
v 0.01604638 0.01208408 0.00086105
v 0.01262113 0.00944375 0.00102553
v 0.01120932 0.00881179 0.00173689
v 0.01213004 0.01062774 0.00120547
v -0.01880179 -0.01024035 0.00161723
v -0.01912450 -0.01197622 0.00159745
v -0.01312349 -0.00719922 0.00164570
v -0.01492720 -0.00946123 0.00133991
v 0.01437646 0.01459433 0.00126772
v 0.01353740 0.01556695 0.00158343
v 0.01063415 0.00990310 0.00197293
v 0.01112328 0.01196405 0.00158111
v -0.01643853 -0.01520423 0.00114771
v -0.01525960 -0.01605874 0.00106197
v -0.01758645 -0.01468929 0.00127298
v -0.01382085 -0.01160284 0.00118284
v -0.01154663 -0.01070294 0.00142662
v -0.01210685 -0.01271488 0.00119990
v 0.00581208 -0.01796070 0.00168757
v 0.00928999 -0.01834930 0.00164643
v 0.00201734 -0.01787426 0.00178570
v 0.00154229 -0.01433201 0.00193768
v 0.00395584 -0.01282098 0.00222322
v 0.00737069 -0.01454825 0.00175768
v 0.01191018 0.01618097 0.00189533
v 0.00911088 0.01701401 0.00284942
v 0.00922353 0.01122872 0.00265518
v 0.00788369 0.01349257 0.00321550
v -0.01106592 0.01738239 0.00244868
v -0.01146331 0.01734321 0.00238662
v -0.01043735 0.01782504 0.00263545
v -0.00894202 0.01414163 0.00284963
v -0.00874127 0.01226168 0.00314400
v -0.00973591 0.01368390 0.00258688
v -0.00191491 -0.01758129 0.00175575
v -0.00532315 -0.01764662 0.00158361
v -0.00424938 -0.01410238 0.00177260
v -0.00146402 -0.01263739 0.00227235
v 0.00439383 0.01746052 0.00449866
v -0.00097751 0.01805341 0.00491587
v 0.00347995 0.01294764 0.00530654
v -0.00108802 0.01480861 0.00518663
v -0.00760278 -0.01743803 0.00140918
v -0.00551421 -0.01240387 0.00199217
v -0.00450552 0.01826695 0.00424896
v -0.00688891 0.01852655 0.00361953
v -0.00424402 0.01332076 0.00477669
v -0.00636839 0.01482559 0.00376901
v -0.01369362 -0.01655127 0.00104137
v -0.00981349 -0.01164037 0.00156848
v -0.00885063 0.01807156 0.00302575
v -0.00736061 0.01283312 0.00365772
v -0.01479266 0.01290571 0.00163081
v -0.01536040 0.01211055 0.00156726
v -0.01432248 0.01408853 0.00174638
v -0.01183513 0.01122780 0.00211461
v -0.01120030 0.00921954 0.00257832
v -0.01262680 0.00971899 0.00203047
v -0.01809325 -0.01394156 0.00132375
v -0.01868054 -0.01352724 0.00144504
v -0.01460872 -0.01071189 0.00122670
v -0.01260813 -0.00980075 0.00146554
v -0.01166871 0.01691945 0.00229457
v -0.01237918 0.01648903 0.00215423
v -0.00921721 0.01187129 0.00298925
v -0.01045681 0.01298386 0.00239684
v 0.01589892 -0.01763269 0.00096357
v 0.01710068 -0.01679920 0.00078364
v 0.01439782 -0.01838218 0.00118857
v 0.01152005 -0.01427489 0.00129959
v 0.01122856 -0.01200518 0.00133591
v 0.01364496 -0.01295781 0.00075068
v -0.01323960 0.01523519 0.00191089
v -0.01020921 0.01074458 0.00274365
v 0.01841058 -0.00227797 0.00010886
v 0.01810368 0.00148023 0.00037081
v 0.01300091 -0.00155748 0.00108757
v 0.01414360 0.00114705 0.00068322
v -0.01881622 -0.01284100 0.00147941
v -0.01306016 -0.00900819 0.00151423
v 0.01204249 -0.01837107 0.00141973
v 0.00847625 -0.01279860 0.00191686
v 0.01779499 -0.01551820 0.00051847
v 0.01255683 -0.01052001 0.00091249
v 0.01732685 0.00533859 0.00082960
v 0.01229680 0.00356955 0.00150983
v -0.01562338 0.01104962 0.00154524
v -0.01173049 0.00789820 0.00255904
v 0.01612670 0.01125736 0.00077466
v 0.01149276 0.00787963 0.00166468
v -0.00192436 -0.00222656 0.00612556
f 1 2 3
f 1 3 4
f 2 5 6
f 2 6 3
f 3 6 7
f 3 7 8
f 4 3 8
f 4 8 9
f 9 8 10
f 9 10 11
f 8 7 12
f 8 12 10
f 10 12 13
f 10 13 14
f 11 10 14
f 11 14 15
f 1 16 17
f 1 17 18
f 16 19 20
f 16 20 17
f 17 20 21
f 17 21 22
f 18 17 22
f 18 22 23
f 24 25 26
f 24 26 27
f 25 28 29
f 25 29 26
f 26 29 30
f 26 30 31
f 27 26 31
f 27 31 32
f 33 34 35
f 33 35 36
f 34 37 38
f 34 38 35
f 35 38 39
f 35 39 40
f 36 35 40
f 36 40 41
f 42 43 44
f 42 44 45
f 43 46 47
f 43 47 44
f 44 47 48
f 44 48 49
f 45 44 49
f 45 49 50
f 42 45 51
f 42 51 52
f 45 50 53
f 45 53 51
f 51 53 54
f 51 54 55
f 52 51 55
f 52 55 56
f 56 55 57
f 56 57 58
f 55 54 59
f 55 59 57
f 57 59 60
f 57 60 61
f 58 57 61
f 58 61 62
f 63 64 65
f 63 65 66
f 64 67 68
f 64 68 65
f 65 68 69
f 65 69 70
f 66 65 70
f 66 70 71
f 72 73 74
f 72 74 75
f 73 76 77
f 73 77 74
f 74 77 78
f 74 78 79
f 75 74 79
f 75 79 80
f 67 81 82
f 67 82 83
f 81 84 85
f 81 85 82
f 82 85 86
f 82 86 87
f 83 82 87
f 83 87 88
f 41 40 89
f 41 89 90
f 40 39 91
f 40 91 89
f 89 91 92
f 89 92 93
f 90 89 93
f 90 93 94
f 94 93 95
f 94 95 96
f 93 92 97
f 93 97 95
f 95 97 98
f 95 98 99
f 96 95 99
f 96 99 100
f 88 101 102
f 88 102 103
f 101 104 105
f 101 105 102
f 102 105 106
f 102 106 107
f 103 102 107
f 103 107 108
f 104 109 110
f 104 110 111
f 109 112 113
f 109 113 110
f 110 113 114
f 110 114 115
f 111 110 115
f 111 115 116
f 100 99 117
f 100 117 118
f 99 98 119
f 99 119 117
f 117 119 120
f 117 120 121
f 118 117 121
f 118 121 122
f 116 115 123
f 116 123 124
f 115 114 125
f 115 125 123
f 123 125 126
f 123 126 127
f 124 123 127
f 124 127 128
f 122 121 129
f 122 129 130
f 121 120 131
f 121 131 129
f 129 131 132
f 129 132 133
f 130 129 133
f 130 133 134
f 135 136 137
f 135 137 138
f 136 139 140
f 136 140 137
f 137 140 141
f 137 141 142
f 138 137 142
f 138 142 143
f 135 138 144
f 135 144 145
f 138 143 146
f 138 146 144
f 144 146 147
f 144 147 148
f 145 144 148
f 145 148 149
f 150 151 152
f 150 152 153
f 151 154 155
f 151 155 152
f 152 155 156
f 152 156 157
f 153 152 157
f 153 157 158
f 139 159 160
f 139 160 140
f 159 161 162
f 159 162 160
f 160 162 163
f 160 163 164
f 140 160 164
f 140 164 141
f 165 166 167
f 165 167 168
f 166 169 170
f 166 170 167
f 167 170 171
f 167 171 172
f 168 167 172
f 168 172 173
f 158 157 174
f 158 174 175
f 157 156 176
f 157 176 174
f 174 176 177
f 174 177 178
f 175 174 178
f 175 178 179
f 179 178 180
f 179 180 181
f 178 177 182
f 178 182 180
f 180 182 183
f 180 183 184
f 181 180 184
f 181 184 185
f 185 184 186
f 185 186 187
f 184 183 188
f 184 188 186
f 186 188 189
f 186 189 190
f 187 186 190
f 187 190 191
f 191 190 192
f 191 192 193
f 190 189 194
f 190 194 192
f 192 194 195
f 192 195 196
f 193 192 196
f 193 196 197
f 197 196 198
f 197 198 199
f 196 195 200
f 196 200 198
f 198 200 201
f 198 201 202
f 199 198 202
f 199 202 203
f 134 204 205
f 134 205 206
f 204 207 208
f 204 208 205
f 205 208 209
f 205 209 210
f 206 205 210
f 206 210 126
f 128 211 212
f 128 212 213
f 211 214 215
f 211 215 212
f 212 215 216
f 212 216 217
f 213 212 217
f 213 217 218
f 203 202 219
f 203 219 220
f 202 201 221
f 202 221 219
f 219 221 222
f 219 222 223
f 220 219 223
f 220 223 224
f 207 225 226
f 207 226 208
f 225 227 228
f 225 228 226
f 226 228 229
f 226 229 230
f 208 226 230
f 208 230 209
f 214 231 232
f 214 232 215
f 231 233 234
f 231 234 232
f 232 234 235
f 232 235 236
f 215 232 236
f 215 236 216
f 237 238 239
f 237 239 240
f 238 241 242
f 238 242 239
f 239 242 243
f 239 243 244
f 240 239 244
f 240 244 245
f 246 247 248
f 246 248 249
f 247 250 251
f 247 251 248
f 248 251 252
f 248 252 253
f 249 248 253
f 249 253 254
f 255 256 257
f 255 257 258
f 256 259 260
f 256 260 257
f 257 260 261
f 257 261 262
f 258 257 262
f 258 262 263
f 80 79 264
f 80 264 265
f 79 78 266
f 79 266 264
f 264 266 267
f 264 267 268
f 265 264 268
f 265 268 269
f 32 270 271
f 32 271 272
f 270 273 274
f 270 274 271
f 271 274 275
f 271 275 276
f 272 271 276
f 272 276 277
f 169 278 279
f 169 279 170
f 278 280 281
f 278 281 279
f 279 281 282
f 279 282 283
f 170 279 283
f 170 283 171
f 50 49 284
f 50 284 285
f 49 48 286
f 49 286 284
f 284 286 287
f 284 287 288
f 285 284 288
f 285 288 289
f 71 70 290
f 71 290 291
f 70 69 292
f 70 292 290
f 290 292 293
f 290 293 294
f 291 290 294
f 291 294 295
f 69 296 297
f 69 297 292
f 296 108 298
f 296 298 297
f 297 298 299
f 297 299 300
f 292 297 300
f 292 300 293
f 108 107 301
f 108 301 298
f 107 106 302
f 107 302 301
f 301 302 303
f 301 303 304
f 298 301 304
f 298 304 299
f 106 305 306
f 106 306 302
f 305 307 308
f 305 308 306
f 306 308 309
f 306 309 310
f 302 306 310
f 302 310 303
f 307 311 312
f 307 312 308
f 311 218 313
f 311 313 312
f 312 313 314
f 312 314 315
f 308 312 315
f 308 315 309
f 218 217 316
f 218 316 313
f 217 216 317
f 217 317 316
f 316 317 318
f 316 318 319
f 313 316 319
f 313 319 314
f 216 236 320
f 216 320 317
f 236 235 321
f 236 321 320
f 320 321 322
f 320 322 323
f 317 320 323
f 317 323 318
f 324 325 326
f 324 326 327
f 325 328 329
f 325 329 326
f 326 329 330
f 326 330 331
f 327 326 331
f 327 331 332
f 330 329 333
f 330 333 334
f 329 328 335
f 329 335 333
f 333 335 336
f 333 336 337
f 334 333 337
f 334 337 338
f 245 244 339
f 245 339 340
f 244 243 341
f 244 341 339
f 339 341 342
f 339 342 343
f 340 339 343
f 340 343 344
f 254 253 345
f 254 345 346
f 253 252 347
f 253 347 345
f 345 347 348
f 345 348 349
f 346 345 349
f 346 349 350
f 263 262 351
f 263 351 352
f 262 261 353
f 262 353 351
f 351 353 354
f 351 354 355
f 352 351 355
f 352 355 356
f 280 357 358
f 280 358 359
f 357 275 360
f 357 360 358
f 358 360 361
f 358 361 362
f 359 358 362
f 359 362 363
f 273 364 365
f 273 365 366
f 364 367 368
f 364 368 365
f 365 368 369
f 365 369 370
f 366 365 370
f 366 370 371
f 269 268 372
f 269 372 373
f 268 267 374
f 268 374 372
f 372 374 375
f 372 375 376
f 373 372 376
f 373 376 377
f 50 285 378
f 50 378 53
f 285 289 379
f 285 379 378
f 378 379 380
f 378 380 381
f 53 378 381
f 53 381 54
f 54 381 382
f 54 382 59
f 381 380 383
f 381 383 382
f 382 383 384
f 382 384 385
f 59 382 385
f 59 385 60
f 76 386 387
f 76 387 77
f 386 388 389
f 386 389 387
f 387 389 390
f 387 390 391
f 77 387 391
f 77 391 78
f 78 391 392
f 78 392 266
f 391 390 393
f 391 393 392
f 392 393 375
f 392 375 374
f 266 392 374
f 266 374 267
f 394 395 396
f 394 396 397
f 395 398 399
f 395 399 396
f 396 399 400
f 396 400 401
f 397 396 401
f 397 401 402
f 403 404 405
f 403 405 406
f 404 407 408
f 404 408 405
f 405 408 409
f 405 409 410
f 406 405 410
f 406 410 411
f 412 413 414
f 412 414 415
f 413 416 417
f 413 417 414
f 414 417 418
f 414 418 419
f 415 414 419
f 415 419 420
f 420 419 421
f 420 421 422
f 419 418 423
f 419 423 421
f 421 423 424
f 421 424 425
f 422 421 425
f 422 425 426
f 424 423 427
f 424 427 428
f 423 418 429
f 423 429 427
f 427 429 430
f 427 430 431
f 428 427 431
f 428 431 432
f 416 433 434
f 416 434 435
f 433 409 436
f 433 436 434
f 434 436 437
f 434 437 438
f 435 434 438
f 435 438 439
f 407 440 441
f 407 441 442
f 440 443 444
f 440 444 441
f 441 444 445
f 441 445 446
f 442 441 446
f 442 446 447
f 402 401 448
f 402 448 449
f 401 400 450
f 401 450 448
f 448 450 451
f 448 451 452
f 449 448 452
f 449 452 453
f 453 452 454
f 453 454 455
f 452 451 456
f 452 456 454
f 454 456 457
f 454 457 458
f 455 454 458
f 455 458 459
f 447 460 461
f 447 461 462
f 460 463 464
f 460 464 461
f 461 464 465
f 461 465 466
f 462 461 466
f 462 466 437
f 439 467 468
f 439 468 469
f 467 470 471
f 467 471 468
f 468 471 472
f 468 472 473
f 469 468 473
f 469 473 430
f 430 473 474
f 430 474 431
f 473 472 475
f 473 475 474
f 474 475 476
f 474 476 477
f 431 474 477
f 431 477 432
f 459 458 478
f 459 478 479
f 458 457 480
f 458 480 478
f 478 480 481
f 478 481 482
f 479 478 482
f 479 482 483
f 463 484 485
f 463 485 464
f 484 486 487
f 484 487 485
f 485 487 488
f 485 488 489
f 464 485 489
f 464 489 465
f 470 490 491
f 470 491 471
f 490 492 493
f 490 493 491
f 491 493 494
f 491 494 495
f 471 491 495
f 471 495 472
f 472 495 496
f 472 496 475
f 495 494 497
f 495 497 496
f 496 497 498
f 496 498 499
f 475 496 499
f 475 499 476
f 498 497 500
f 498 500 501
f 497 494 502
f 497 502 500
f 500 502 503
f 500 503 504
f 501 500 504
f 501 504 505
f 492 506 507
f 492 507 508
f 506 488 509
f 506 509 507
f 507 509 510
f 507 510 511
f 508 507 511
f 508 511 512
f 486 513 514
f 486 514 515
f 513 516 517
f 513 517 514
f 514 517 518
f 514 518 519
f 515 514 519
f 515 519 520
f 483 482 521
f 483 521 522
f 482 481 523
f 482 523 521
f 521 523 524
f 521 524 525
f 522 521 525
f 522 525 526
f 363 362 527
f 363 527 528
f 362 361 529
f 362 529 527
f 527 529 530
f 527 530 531
f 528 527 531
f 528 531 532
f 532 531 533
f 532 533 534
f 531 530 535
f 531 535 533
f 533 535 536
f 533 536 537
f 534 533 537
f 534 537 538
f 539 540 541
f 539 541 542
f 540 543 544
f 540 544 541
f 541 544 545
f 541 545 546
f 542 541 546
f 542 546 547
f 548 549 550
f 548 550 551
f 549 552 553
f 549 553 550
f 550 553 554
f 550 554 555
f 551 550 555
f 551 555 556
f 557 558 559
f 557 559 560
f 558 561 562
f 558 562 559
f 559 562 518
f 559 518 563
f 560 559 563
f 560 563 526
f 371 370 564
f 371 564 565
f 370 369 566
f 370 566 564
f 564 566 567
f 564 567 568
f 565 564 568
f 565 568 569
f 569 568 570
f 569 570 571
f 568 567 572
f 568 572 570
f 570 572 573
f 570 573 574
f 571 570 574
f 571 574 575
f 576 577 578
f 576 578 579
f 577 580 581
f 577 581 578
f 578 581 582
f 578 582 583
f 579 578 583
f 579 583 584
f 585 586 587
f 585 587 588
f 586 589 590
f 586 590 587
f 587 590 591
f 587 591 592
f 588 587 592
f 588 592 593
f 377 376 594
f 377 594 595
f 376 375 596
f 376 596 594
f 594 596 597
f 594 597 598
f 595 594 598
f 595 598 599
f 599 598 600
f 599 600 601
f 598 597 602
f 598 602 600
f 600 602 603
f 600 603 604
f 601 600 604
f 601 604 605
f 606 607 608
f 606 608 609
f 607 610 611
f 607 611 608
f 608 611 612
f 608 612 613
f 609 608 613
f 609 613 614
f 615 616 617
f 615 617 618
f 616 619 620
f 616 620 617
f 617 620 621
f 617 621 622
f 618 617 622
f 618 622 623
f 375 393 624
f 375 624 596
f 393 390 625
f 393 625 624
f 624 625 626
f 624 626 627
f 596 624 627
f 596 627 597
f 597 627 628
f 597 628 602
f 627 626 629
f 627 629 628
f 628 629 630
f 628 630 631
f 602 628 631
f 602 631 603
f 610 632 633
f 610 633 611
f 632 634 635
f 632 635 633
f 633 635 636
f 633 636 637
f 611 633 637
f 611 637 612
f 619 638 639
f 619 639 620
f 638 640 641
f 638 641 639
f 639 641 642
f 639 642 643
f 620 639 643
f 620 643 621
f 644 645 646
f 644 646 647
f 645 648 649
f 645 649 646
f 646 649 505
f 646 505 504
f 647 646 504
f 647 504 503
f 650 651 652
f 650 652 653
f 651 644 647
f 651 647 652
f 652 647 503
f 652 503 654
f 653 652 654
f 653 654 512
f 655 656 657
f 655 657 658
f 656 659 660
f 656 660 657
f 657 660 510
f 657 510 661
f 658 657 661
f 658 661 520
f 662 663 664
f 662 664 665
f 663 666 667
f 663 667 664
f 664 667 668
f 664 668 669
f 665 664 669
f 665 669 670
f 154 671 672
f 154 672 673
f 671 147 674
f 671 674 672
f 672 674 675
f 672 675 676
f 673 672 676
f 673 676 677
f 678 679 680
f 678 680 681
f 679 524 682
f 679 682 680
f 680 682 683
f 680 683 684
f 681 680 684
f 681 684 685
f 457 456 686
f 457 686 687
f 456 451 688
f 456 688 686
f 686 688 689
f 686 689 690
f 687 686 690
f 687 690 691
f 183 182 692
f 183 692 693
f 182 177 694
f 182 694 692
f 692 694 695
f 692 695 696
f 693 692 696
f 693 696 697
f 222 221 698
f 222 698 699
f 221 201 700
f 221 700 698
f 698 700 701
f 698 701 702
f 699 698 702
f 699 702 703
f 524 523 704
f 524 704 682
f 523 481 705
f 523 705 704
f 704 705 706
f 704 706 707
f 682 704 707
f 682 707 683
f 201 200 708
f 201 708 700
f 200 195 709
f 200 709 708
f 708 709 710
f 708 710 711
f 700 708 711
f 700 711 701
f 354 353 712
f 354 712 713
f 353 261 714
f 353 714 712
f 712 714 715
f 712 715 716
f 713 712 716
f 713 716 717
f 481 480 718
f 481 718 705
f 480 457 687
f 480 687 718
f 718 687 691
f 718 691 719
f 705 718 719
f 705 719 706
f 143 142 720
f 143 720 721
f 142 141 722
f 142 722 720
f 720 722 723
f 720 723 724
f 721 720 724
f 721 724 725
f 189 188 726
f 189 726 727
f 188 183 693
f 188 693 726
f 726 693 697
f 726 697 728
f 727 726 728
f 727 728 729
f 730 731 732
f 730 732 733
f 731 734 735
f 731 735 732
f 732 735 736
f 732 736 737
f 733 732 737
f 733 737 738
f 141 164 739
f 141 739 722
f 164 163 740
f 164 740 739
f 739 740 741
f 739 741 742
f 722 739 742
f 722 742 723
f 259 743 744
f 259 744 745
f 743 222 699
f 743 699 744
f 744 699 703
f 744 703 746
f 745 744 746
f 745 746 747
f 451 450 748
f 451 748 688
f 450 400 749
f 450 749 748
f 748 749 750
f 748 750 751
f 688 748 751
f 688 751 689
f 171 283 752
f 171 752 753
f 283 282 754
f 283 754 752
f 752 754 755
f 752 755 756
f 753 752 756
f 753 756 757
f 758 759 760
f 758 760 761
f 759 662 665
f 759 665 760
f 760 665 670
f 760 670 762
f 761 760 762
f 761 762 763
f 282 764 765
f 282 765 754
f 764 758 761
f 764 761 765
f 765 761 763
f 765 763 766
f 754 765 766
f 754 766 755
f 398 767 768
f 398 768 769
f 767 354 713
f 767 713 768
f 768 713 717
f 768 717 770
f 769 768 770
f 769 770 771
f 195 194 772
f 195 772 709
f 194 189 727
f 194 727 772
f 772 727 729
f 772 729 773
f 709 772 773
f 709 773 710
f 173 172 774
f 173 774 775
f 172 171 753
f 172 753 774
f 774 753 757
f 774 757 776
f 775 774 776
f 775 776 777
f 147 146 778
f 147 778 674
f 146 143 721
f 146 721 778
f 778 721 725
f 778 725 779
f 674 778 779
f 674 779 675
f 780 781 782
f 780 782 783
f 781 784 785
f 781 785 782
f 782 785 786
f 782 786 787
f 783 782 787
f 783 787 788
f 177 176 789
f 177 789 694
f 176 156 790
f 176 790 789
f 789 790 791
f 789 791 792
f 694 789 792
f 694 792 695
f 388 793 794
f 388 794 795
f 793 384 796
f 793 796 794
f 794 796 797
f 794 797 798
f 795 794 798
f 795 798 799
f 634 800 801
f 634 801 802
f 800 630 803
f 800 803 801
f 801 803 804
f 801 804 805
f 802 801 805
f 802 805 806
f 303 310 807
f 303 807 808
f 310 309 809
f 310 809 807
f 807 809 810
f 807 810 811
f 808 807 811
f 808 811 812
f 476 499 813
f 476 813 814
f 499 498 815
f 499 815 813
f 813 815 816
f 813 816 817
f 814 813 817
f 814 817 818
f 332 331 819
f 332 819 820
f 331 330 821
f 331 821 819
f 819 821 822
f 819 822 823
f 820 819 823
f 820 823 824
f 295 294 825
f 295 825 826
f 294 293 827
f 294 827 825
f 825 827 828
f 825 828 829
f 826 825 829
f 826 829 830
f 640 831 832
f 640 832 833
f 831 636 834
f 831 834 832
f 832 834 835
f 832 835 836
f 833 832 836
f 833 836 837
f 309 315 838
f 309 838 809
f 315 314 839
f 315 839 838
f 838 839 840
f 838 840 841
f 809 838 841
f 809 841 810
f 498 501 842
f 498 842 815
f 501 505 843
f 501 843 842
f 842 843 844
f 842 844 845
f 815 842 845
f 815 845 816
f 330 334 846
f 330 846 821
f 334 338 847
f 334 847 846
f 846 847 848
f 846 848 849
f 821 846 849
f 821 849 822
f 380 379 850
f 380 850 851
f 379 289 852
f 379 852 850
f 850 852 853
f 850 853 854
f 851 850 854
f 851 854 855
f 426 425 856
f 426 856 857
f 425 424 858
f 425 858 856
f 856 858 859
f 856 859 860
f 857 856 860
f 857 860 861
f 626 625 862
f 626 862 863
f 625 390 864
f 625 864 862
f 862 864 865
f 862 865 866
f 863 862 866
f 863 866 867
f 293 300 868
f 293 868 827
f 300 299 869
f 300 869 868
f 868 869 870
f 868 870 871
f 827 868 871
f 827 871 828
f 314 319 872
f 314 872 839
f 319 318 873
f 319 873 872
f 872 873 874
f 872 874 875
f 839 872 875
f 839 875 840
f 289 288 876
f 289 876 852
f 288 287 877
f 288 877 876
f 876 877 878
f 876 878 879
f 852 876 879
f 852 879 853
f 384 383 880
f 384 880 796
f 383 380 851
f 383 851 880
f 880 851 855
f 880 855 881
f 796 880 881
f 796 881 797
f 648 882 883
f 648 883 884
f 882 642 885
f 882 885 883
f 883 885 886
f 883 886 887
f 884 883 887
f 884 887 888
f 424 428 889
f 424 889 858
f 428 432 890
f 428 890 889
f 889 890 891
f 889 891 892
f 858 889 892
f 858 892 859
f 630 629 893
f 630 893 803
f 629 626 863
f 629 863 893
f 893 863 867
f 893 867 894
f 803 893 894
f 803 894 804
f 299 304 895
f 299 895 869
f 304 303 808
f 304 808 895
f 895 808 812
f 895 812 896
f 869 895 896
f 869 896 870
f 318 323 897
f 318 897 873
f 323 322 898
f 323 898 897
f 897 898 899
f 897 899 900
f 873 897 900
f 873 900 874
f 432 477 901
f 432 901 890
f 477 476 814
f 477 814 901
f 901 814 818
f 901 818 902
f 890 901 902
f 890 902 891
f 874 903 904
f 874 904 875
f 903 905 906
f 903 906 904
f 904 906 907
f 904 907 908
f 875 904 908
f 875 908 840
f 840 908 909
f 840 909 841
f 908 907 910
f 908 910 909
f 909 910 911
f 909 911 912
f 841 909 912
f 841 912 810
f 810 912 913
f 810 913 811
f 912 911 914
f 912 914 913
f 913 914 915
f 913 915 916
f 811 913 916
f 811 916 812
f 812 916 917
f 812 917 896
f 916 915 918
f 916 918 917
f 917 918 919
f 917 919 920
f 896 917 920
f 896 920 870
f 870 920 921
f 870 921 871
f 920 919 922
f 920 922 921
f 921 922 923
f 921 923 924
f 871 921 924
f 871 924 828
f 830 925 926
f 830 926 927
f 925 928 929
f 925 929 926
f 926 929 930
f 926 930 931
f 927 926 931
f 927 931 878
f 878 931 932
f 878 932 879
f 931 930 933
f 931 933 932
f 932 933 934
f 932 934 935
f 879 932 935
f 879 935 853
f 853 935 936
f 853 936 854
f 935 934 937
f 935 937 936
f 936 937 938
f 936 938 939
f 854 936 939
f 854 939 855
f 855 939 940
f 855 940 881
f 939 938 941
f 939 941 940
f 940 941 942
f 940 942 943
f 881 940 943
f 881 943 797
f 799 944 945
f 799 945 946
f 944 947 948
f 944 948 945
f 945 948 949
f 945 949 950
f 946 945 950
f 946 950 865
f 865 950 951
f 865 951 866
f 950 949 952
f 950 952 951
f 951 952 953
f 951 953 954
f 866 951 954
f 866 954 867
f 867 954 955
f 867 955 894
f 954 953 956
f 954 956 955
f 955 956 957
f 955 957 958
f 894 955 958
f 894 958 804
f 806 959 960
f 806 960 961
f 959 962 963
f 959 963 960
f 960 963 964
f 960 964 965
f 961 960 965
f 961 965 835
f 837 966 967
f 837 967 968
f 966 969 970
f 966 970 967
f 967 970 971
f 967 971 972
f 968 967 972
f 968 972 886
f 888 973 974
f 888 974 975
f 973 976 977
f 973 977 974
f 974 977 978
f 974 978 979
f 975 974 979
f 975 979 844
f 844 979 980
f 844 980 845
f 979 978 981
f 979 981 980
f 980 981 982
f 980 982 983
f 845 980 983
f 845 983 816
f 816 983 984
f 816 984 817
f 983 982 985
f 983 985 984
f 984 985 986
f 984 986 987
f 817 984 987
f 817 987 818
f 818 987 988
f 818 988 902
f 987 986 989
f 987 989 988
f 988 989 990
f 988 990 991
f 902 988 991
f 902 991 891
f 891 991 992
f 891 992 892
f 991 990 993
f 991 993 992
f 992 993 994
f 992 994 995
f 892 992 995
f 892 995 859
f 861 996 997
f 861 997 998
f 996 999 1000
f 996 1000 997
f 997 1000 1001
f 997 1001 1002
f 998 997 1002
f 998 1002 848
f 848 1002 1003
f 848 1003 849
f 1002 1001 1004
f 1002 1004 1003
f 1003 1004 1005
f 1003 1005 1006
f 849 1003 1006
f 849 1006 822
f 824 1007 1008
f 824 1008 1009
f 1007 1010 1011
f 1007 1011 1008
f 1008 1011 1012
f 1008 1012 1013
f 1009 1008 1013
f 1009 1013 899
f 899 1013 1014
f 899 1014 900
f 1013 1012 1015
f 1013 1015 1014
f 1014 1015 905
f 1014 905 903
f 900 1014 903
f 900 903 874
f 1016 1017 1018
f 1016 1018 1019
f 1017 1020 1021
f 1017 1021 1018
f 1018 1021 1022
f 1018 1022 1023
f 1019 1018 1023
f 1019 1023 1024
f 1024 1023 1025
f 1024 1025 1026
f 1023 1022 1027
f 1023 1027 1025
f 1025 1027 1028
f 1025 1028 1029
f 1026 1025 1029
f 1026 1029 1030
f 1031 1032 1033
f 1031 1033 1034
f 1032 1035 1036
f 1032 1036 1033
f 1033 1036 1037
f 1033 1037 1038
f 1034 1033 1038
f 1034 1038 1039
f 1039 1038 1040
f 1039 1040 1041
f 1038 1037 1042
f 1038 1042 1040
f 1040 1042 1043
f 1040 1043 1044
f 1041 1040 1044
f 1041 1044 1045
f 1045 1044 1046
f 1045 1046 1047
f 1044 1043 1048
f 1044 1048 1046
f 1046 1048 1049
f 1046 1049 1050
f 1047 1046 1050
f 1047 1050 1051
f 1051 1050 1052
f 1051 1052 1053
f 1050 1049 1054
f 1050 1054 1052
f 1052 1054 1055
f 1052 1055 1056
f 1053 1052 1056
f 1053 1056 1057
f 1057 1056 1058
f 1057 1058 1059
f 1056 1055 1060
f 1056 1060 1058
f 1058 1060 1061
f 1058 1061 1062
f 1059 1058 1062
f 1059 1062 1063
f 1063 1062 1064
f 1063 1064 1065
f 1062 1061 1066
f 1062 1066 1064
f 1064 1066 1067
f 1064 1067 1068
f 1065 1064 1068
f 1065 1068 1069
f 1069 1068 1070
f 1069 1070 1071
f 1068 1067 1072
f 1068 1072 1070
f 1070 1072 1073
f 1070 1073 1074
f 1071 1070 1074
f 1071 1074 1075
f 1076 1077 1078
f 1076 1078 1079
f 1077 1080 1081
f 1077 1081 1078
f 1078 1081 1082
f 1078 1082 1083
f 1079 1078 1083
f 1079 1083 1084
f 1080 1085 1086
f 1080 1086 1081
f 1085 1087 1088
f 1085 1088 1086
f 1086 1088 1089
f 1086 1089 1090
f 1081 1086 1090
f 1081 1090 1082
f 1091 1092 1093
f 1091 1093 1094
f 1092 1095 1096
f 1092 1096 1093
f 1093 1096 1097
f 1093 1097 1098
f 1094 1093 1098
f 1094 1098 1099
f 1095 1100 1101
f 1095 1101 1096
f 1100 1102 1103
f 1100 1103 1101
f 1101 1103 1104
f 1101 1104 1105
f 1096 1101 1105
f 1096 1105 1097
f 1102 1106 1107
f 1102 1107 1103
f 1106 1108 1109
f 1106 1109 1107
f 1107 1109 1110
f 1107 1110 1111
f 1103 1107 1111
f 1103 1111 1104
f 1108 1112 1113
f 1108 1113 1109
f 1112 1114 1115
f 1112 1115 1113
f 1113 1115 1116
f 1113 1116 1117
f 1109 1113 1117
f 1109 1117 1110
f 1114 1118 1119
f 1114 1119 1115
f 1118 1120 1121
f 1118 1121 1119
f 1119 1121 1122
f 1119 1122 1123
f 1115 1119 1123
f 1115 1123 1116
f 1120 1124 1125
f 1120 1125 1121
f 1124 1126 1127
f 1124 1127 1125
f 1125 1127 1128
f 1125 1128 1129
f 1121 1125 1129
f 1121 1129 1122
f 1126 1130 1131
f 1126 1131 1127
f 1130 1132 1133
f 1130 1133 1131
f 1131 1133 1134
f 1131 1134 1135
f 1127 1131 1135
f 1127 1135 1128
f 1020 1136 1137
f 1020 1137 1021
f 1136 1138 1139
f 1136 1139 1137
f 1137 1139 1140
f 1137 1140 1141
f 1021 1137 1141
f 1021 1141 1022
f 1022 1141 1142
f 1022 1142 1027
f 1141 1140 1143
f 1141 1143 1142
f 1142 1143 1144
f 1142 1144 1145
f 1027 1142 1145
f 1027 1145 1028
f 1035 1146 1147
f 1035 1147 1036
f 1146 1148 1149
f 1146 1149 1147
f 1147 1149 1150
f 1147 1150 1151
f 1036 1147 1151
f 1036 1151 1037
f 1037 1151 1152
f 1037 1152 1042
f 1151 1150 1153
f 1151 1153 1152
f 1152 1153 1154
f 1152 1154 1155
f 1042 1152 1155
f 1042 1155 1043
f 1043 1155 1156
f 1043 1156 1048
f 1155 1154 1157
f 1155 1157 1156
f 1156 1157 1158
f 1156 1158 1159
f 1048 1156 1159
f 1048 1159 1049
f 1049 1159 1160
f 1049 1160 1054
f 1159 1158 1161
f 1159 1161 1160
f 1160 1161 1162
f 1160 1162 1163
f 1054 1160 1163
f 1054 1163 1055
f 1055 1163 1164
f 1055 1164 1060
f 1163 1162 1165
f 1163 1165 1164
f 1164 1165 1166
f 1164 1166 1167
f 1060 1164 1167
f 1060 1167 1061
f 1061 1167 1168
f 1061 1168 1066
f 1167 1166 1169
f 1167 1169 1168
f 1168 1169 1170
f 1168 1170 1171
f 1066 1168 1171
f 1066 1171 1067
f 1067 1171 1172
f 1067 1172 1072
f 1171 1170 1173
f 1171 1173 1172
f 1172 1173 1174
f 1172 1174 1175
f 1072 1172 1175
f 1072 1175 1073
f 1176 1177 1178
f 1176 1178 1179
f 1177 1180 1181
f 1177 1181 1178
f 1178 1181 1182
f 1178 1182 1183
f 1179 1178 1183
f 1179 1183 1184
f 1184 1183 1185
f 1184 1185 1186
f 1183 1182 1187
f 1183 1187 1185
f 1185 1187 1188
f 1185 1188 1189
f 1186 1185 1189
f 1186 1189 1190
f 1191 1192 1193
f 1191 1193 1194
f 1192 1195 1196
f 1192 1196 1193
f 1193 1196 1197
f 1193 1197 1198
f 1194 1193 1198
f 1194 1198 1199
f 1199 1198 1200
f 1199 1200 1201
f 1198 1197 1202
f 1198 1202 1200
f 1200 1202 1203
f 1200 1203 1204
f 1201 1200 1204
f 1201 1204 1205
f 1205 1204 1206
f 1205 1206 1207
f 1204 1203 1208
f 1204 1208 1206
f 1206 1208 1209
f 1206 1209 1210
f 1207 1206 1210
f 1207 1210 1211
f 1211 1210 1212
f 1211 1212 1213
f 1210 1209 1214
f 1210 1214 1212
f 1212 1214 1215
f 1212 1215 1216
f 1213 1212 1216
f 1213 1216 1217
f 1217 1216 1218
f 1217 1218 1219
f 1216 1215 1220
f 1216 1220 1218
f 1218 1220 1221
f 1218 1221 1222
f 1219 1218 1222
f 1219 1222 1223
f 1223 1222 1224
f 1223 1224 1225
f 1222 1221 1226
f 1222 1226 1224
f 1224 1226 1227
f 1224 1227 1228
f 1225 1224 1228
f 1225 1228 1229
f 1229 1228 1230
f 1229 1230 1231
f 1228 1227 1232
f 1228 1232 1230
f 1230 1232 1233
f 1230 1233 1234
f 1231 1230 1234
f 1231 1234 1235
f 1180 1236 1237
f 1180 1237 1181
f 1236 1238 1239
f 1236 1239 1237
f 1237 1239 1240
f 1237 1240 1241
f 1181 1237 1241
f 1181 1241 1182
f 1182 1241 1242
f 1182 1242 1187
f 1241 1240 1243
f 1241 1243 1242
f 1242 1243 1244
f 1242 1244 1245
f 1187 1242 1245
f 1187 1245 1188
f 1195 1246 1247
f 1195 1247 1196
f 1246 1248 1249
f 1246 1249 1247
f 1247 1249 1250
f 1247 1250 1251
f 1196 1247 1251
f 1196 1251 1197
f 1197 1251 1252
f 1197 1252 1202
f 1251 1250 1253
f 1251 1253 1252
f 1252 1253 1254
f 1252 1254 1255
f 1202 1252 1255
f 1202 1255 1203
f 1203 1255 1256
f 1203 1256 1208
f 1255 1254 1257
f 1255 1257 1256
f 1256 1257 1258
f 1256 1258 1259
f 1208 1256 1259
f 1208 1259 1209
f 1209 1259 1260
f 1209 1260 1214
f 1259 1258 1261
f 1259 1261 1260
f 1260 1261 1262
f 1260 1262 1263
f 1214 1260 1263
f 1214 1263 1215
f 1215 1263 1264
f 1215 1264 1220
f 1263 1262 1265
f 1263 1265 1264
f 1264 1265 1266
f 1264 1266 1267
f 1220 1264 1267
f 1220 1267 1221
f 1221 1267 1268
f 1221 1268 1226
f 1267 1266 1269
f 1267 1269 1268
f 1268 1269 1270
f 1268 1270 1271
f 1226 1268 1271
f 1226 1271 1227
f 1227 1271 1272
f 1227 1272 1232
f 1271 1270 1273
f 1271 1273 1272
f 1272 1273 1274
f 1272 1274 1275
f 1232 1272 1275
f 1232 1275 1233
f 1238 1276 1277
f 1238 1277 1239
f 1276 1278 1279
f 1276 1279 1277
f 1277 1279 1280
f 1277 1280 1281
f 1239 1277 1281
f 1239 1281 1240
f 1240 1281 1282
f 1240 1282 1243
f 1281 1280 1283
f 1281 1283 1282
f 1282 1283 1284
f 1282 1284 1285
f 1243 1282 1285
f 1243 1285 1244
f 1248 1286 1287
f 1248 1287 1249
f 1286 1288 1289
f 1286 1289 1287
f 1287 1289 1290
f 1287 1290 1291
f 1249 1287 1291
f 1249 1291 1250
f 1250 1291 1292
f 1250 1292 1253
f 1291 1290 1293
f 1291 1293 1292
f 1292 1293 1294
f 1292 1294 1295
f 1253 1292 1295
f 1253 1295 1254
f 1254 1295 1296
f 1254 1296 1257
f 1295 1294 1297
f 1295 1297 1296
f 1296 1297 1298
f 1296 1298 1299
f 1257 1296 1299
f 1257 1299 1258
f 1258 1299 1300
f 1258 1300 1261
f 1299 1298 1301
f 1299 1301 1300
f 1300 1301 1302
f 1300 1302 1303
f 1261 1300 1303
f 1261 1303 1262
f 1262 1303 1304
f 1262 1304 1265
f 1303 1302 1305
f 1303 1305 1304
f 1304 1305 1306
f 1304 1306 1307
f 1265 1304 1307
f 1265 1307 1266
f 1266 1307 1308
f 1266 1308 1269
f 1307 1306 1309
f 1307 1309 1308
f 1308 1309 1310
f 1308 1310 1311
f 1269 1308 1311
f 1269 1311 1270
f 1270 1311 1312
f 1270 1312 1273
f 1311 1310 1313
f 1311 1313 1312
f 1312 1313 1314
f 1312 1314 1315
f 1273 1312 1315
f 1273 1315 1274
f 1278 1316 1317
f 1278 1317 1279
f 1316 1318 1319
f 1316 1319 1317
f 1317 1319 1320
f 1317 1320 1321
f 1279 1317 1321
f 1279 1321 1280
f 1280 1321 1322
f 1280 1322 1283
f 1321 1320 1323
f 1321 1323 1322
f 1322 1323 1324
f 1322 1324 1325
f 1283 1322 1325
f 1283 1325 1284
f 1288 1326 1327
f 1288 1327 1289
f 1326 1328 1329
f 1326 1329 1327
f 1327 1329 1330
f 1327 1330 1331
f 1289 1327 1331
f 1289 1331 1290
f 1290 1331 1332
f 1290 1332 1293
f 1331 1330 1333
f 1331 1333 1332
f 1332 1333 1334
f 1332 1334 1335
f 1293 1332 1335
f 1293 1335 1294
f 1294 1335 1336
f 1294 1336 1297
f 1335 1334 1337
f 1335 1337 1336
f 1336 1337 1338
f 1336 1338 1339
f 1297 1336 1339
f 1297 1339 1298
f 1298 1339 1340
f 1298 1340 1301
f 1339 1338 1341
f 1339 1341 1340
f 1340 1341 1342
f 1340 1342 1343
f 1301 1340 1343
f 1301 1343 1302
f 1302 1343 1344
f 1302 1344 1305
f 1343 1342 1345
f 1343 1345 1344
f 1344 1345 1346
f 1344 1346 1347
f 1305 1344 1347
f 1305 1347 1306
f 1306 1347 1348
f 1306 1348 1309
f 1347 1346 1349
f 1347 1349 1348
f 1348 1349 1350
f 1348 1350 1351
f 1309 1348 1351
f 1309 1351 1310
f 1310 1351 1352
f 1310 1352 1313
f 1351 1350 1353
f 1351 1353 1352
f 1352 1353 1354
f 1352 1354 1355
f 1313 1352 1355
f 1313 1355 1314
f 1318 1356 1357
f 1318 1357 1319
f 1356 1358 1359
f 1356 1359 1357
f 1357 1359 1360
f 1357 1360 1361
f 1319 1357 1361
f 1319 1361 1320
f 1320 1361 1362
f 1320 1362 1323
f 1361 1360 1363
f 1361 1363 1362
f 1362 1363 1364
f 1362 1364 1365
f 1323 1362 1365
f 1323 1365 1324
f 1328 1366 1367
f 1328 1367 1329
f 1366 1368 1369
f 1366 1369 1367
f 1367 1369 1370
f 1367 1370 1371
f 1329 1367 1371
f 1329 1371 1330
f 1330 1371 1372
f 1330 1372 1333
f 1371 1370 1373
f 1371 1373 1372
f 1372 1373 1374
f 1372 1374 1375
f 1333 1372 1375
f 1333 1375 1334
f 1334 1375 1376
f 1334 1376 1337
f 1375 1374 1377
f 1375 1377 1376
f 1376 1377 1378
f 1376 1378 1379
f 1337 1376 1379
f 1337 1379 1338
f 1338 1379 1380
f 1338 1380 1341
f 1379 1378 1381
f 1379 1381 1380
f 1380 1381 1382
f 1380 1382 1383
f 1341 1380 1383
f 1341 1383 1342
f 1342 1383 1384
f 1342 1384 1345
f 1383 1382 1385
f 1383 1385 1384
f 1384 1385 1386
f 1384 1386 1387
f 1345 1384 1387
f 1345 1387 1346
f 1346 1387 1388
f 1346 1388 1349
f 1387 1386 1389
f 1387 1389 1388
f 1388 1389 1390
f 1388 1390 1391
f 1349 1388 1391
f 1349 1391 1350
f 1350 1391 1392
f 1350 1392 1353
f 1391 1390 1393
f 1391 1393 1392
f 1392 1393 1394
f 1392 1394 1395
f 1353 1392 1395
f 1353 1395 1354
f 1396 1397 1398
f 1396 1398 1399
f 1397 1400 1401
f 1397 1401 1398
f 1398 1401 1402
f 1398 1402 1403
f 1399 1398 1403
f 1399 1403 1404
f 1405 1406 1407
f 1405 1407 1408
f 1406 1409 1410
f 1406 1410 1407
f 1407 1410 1411
f 1407 1411 1412
f 1408 1407 1412
f 1408 1412 1413
f 1414 1415 1416
f 1414 1416 1417
f 1415 1418 1419
f 1415 1419 1416
f 1416 1419 1420
f 1416 1420 1421
f 1417 1416 1421
f 1417 1421 1422
f 1418 1423 1424
f 1418 1424 1419
f 1423 1425 1426
f 1423 1426 1424
f 1424 1426 1427
f 1424 1427 1428
f 1419 1424 1428
f 1419 1428 1420
f 1425 1429 1430
f 1425 1430 1426
f 1429 1431 1432
f 1429 1432 1430
f 1430 1432 1433
f 1430 1433 1434
f 1426 1430 1434
f 1426 1434 1427
f 1435 1436 1437
f 1435 1437 1438
f 1436 1439 1440
f 1436 1440 1437
f 1437 1440 1441
f 1437 1441 1442
f 1438 1437 1442
f 1438 1442 1443
f 1439 1444 1445
f 1439 1445 1440
f 1444 1446 1447
f 1444 1447 1445
f 1445 1447 1448
f 1445 1448 1449
f 1440 1445 1449
f 1440 1449 1441
f 1446 1450 1451
f 1446 1451 1447
f 1450 1452 1453
f 1450 1453 1451
f 1451 1453 1454
f 1451 1454 1455
f 1447 1451 1455
f 1447 1455 1448
f 1452 1456 1457
f 1452 1457 1453
f 1456 1458 1459
f 1456 1459 1457
f 1457 1459 1460
f 1457 1460 1461
f 1453 1457 1461
f 1453 1461 1454
f 1462 1463 1464
f 1462 1464 1465
f 1463 1466 1467
f 1463 1467 1464
f 1464 1467 1468
f 1464 1468 1469
f 1465 1464 1469
f 1465 1469 1470
f 1466 1471 1472
f 1466 1472 1467
f 1471 1473 1474
f 1471 1474 1472
f 1472 1474 1475
f 1472 1475 1476
f 1467 1472 1476
f 1467 1476 1468
f 1473 1477 1478
f 1473 1478 1474
f 1477 1479 1480
f 1477 1480 1478
f 1478 1480 1481
f 1478 1481 1482
f 1474 1478 1482
f 1474 1482 1475
f 1479 1483 1484
f 1479 1484 1480
f 1483 1485 1486
f 1483 1486 1484
f 1484 1486 1487
f 1484 1487 1488
f 1480 1484 1488
f 1480 1488 1481
f 1485 1489 1490
f 1485 1490 1486
f 1489 1491 1492
f 1489 1492 1490
f 1490 1492 1493
f 1490 1493 1494
f 1486 1490 1494
f 1486 1494 1487
f 911 910 1495
f 911 1495 1496
f 910 907 1497
f 910 1497 1495
f 1495 1497 1491
f 1495 1491 1489
f 1496 1495 1489
f 1496 1489 1485
f 915 914 1498
f 915 1498 1499
f 914 911 1496
f 914 1496 1498
f 1498 1496 1485
f 1498 1485 1483
f 1499 1498 1483
f 1499 1483 1479
f 919 918 1500
f 919 1500 1501
f 918 915 1499
f 918 1499 1500
f 1500 1499 1479
f 1500 1479 1477
f 1501 1500 1477
f 1501 1477 1473
f 923 922 1502
f 923 1502 1503
f 922 919 1501
f 922 1501 1502
f 1502 1501 1473
f 1502 1473 1471
f 1503 1502 1471
f 1503 1471 1466
f 928 1504 1505
f 928 1505 1506
f 1504 923 1503
f 1504 1503 1505
f 1505 1503 1466
f 1505 1466 1463
f 1506 1505 1463
f 1506 1463 1462
f 934 933 1507
f 934 1507 1508
f 933 930 1509
f 933 1509 1507
f 1507 1509 1458
f 1507 1458 1456
f 1508 1507 1456
f 1508 1456 1452
f 938 937 1510
f 938 1510 1511
f 937 934 1508
f 937 1508 1510
f 1510 1508 1452
f 1510 1452 1450
f 1511 1510 1450
f 1511 1450 1446
f 942 941 1512
f 942 1512 1513
f 941 938 1511
f 941 1511 1512
f 1512 1511 1446
f 1512 1446 1444
f 1513 1512 1444
f 1513 1444 1439
f 947 1514 1515
f 947 1515 1516
f 1514 942 1513
f 1514 1513 1515
f 1515 1513 1439
f 1515 1439 1436
f 1516 1515 1436
f 1516 1436 1435
f 953 952 1517
f 953 1517 1518
f 952 949 1519
f 952 1519 1517
f 1517 1519 1431
f 1517 1431 1429
f 1518 1517 1429
f 1518 1429 1425
f 957 956 1520
f 957 1520 1521
f 956 953 1518
f 956 1518 1520
f 1520 1518 1425
f 1520 1425 1423
f 1521 1520 1423
f 1521 1423 1418
f 962 1522 1523
f 962 1523 1524
f 1522 957 1521
f 1522 1521 1523
f 1523 1521 1418
f 1523 1418 1415
f 1524 1523 1415
f 1524 1415 1414
f 969 1525 1526
f 969 1526 1527
f 1525 964 1528
f 1525 1528 1526
f 1526 1528 1409
f 1526 1409 1406
f 1527 1526 1406
f 1527 1406 1405
f 976 1529 1530
f 976 1530 1531
f 1529 971 1532
f 1529 1532 1530
f 1530 1532 1400
f 1530 1400 1397
f 1531 1530 1397
f 1531 1397 1396
f 982 981 1533
f 982 1533 1534
f 981 978 1535
f 981 1535 1533
f 1533 1535 1358
f 1533 1358 1356
f 1534 1533 1356
f 1534 1356 1318
f 986 985 1536
f 986 1536 1537
f 985 982 1534
f 985 1534 1536
f 1536 1534 1318
f 1536 1318 1316
f 1537 1536 1316
f 1537 1316 1278
f 990 989 1538
f 990 1538 1539
f 989 986 1537
f 989 1537 1538
f 1538 1537 1278
f 1538 1278 1276
f 1539 1538 1276
f 1539 1276 1238
f 994 993 1540
f 994 1540 1541
f 993 990 1539
f 993 1539 1540
f 1540 1539 1238
f 1540 1238 1236
f 1541 1540 1236
f 1541 1236 1180
f 999 1542 1543
f 999 1543 1544
f 1542 994 1541
f 1542 1541 1543
f 1543 1541 1180
f 1543 1180 1177
f 1544 1543 1177
f 1544 1177 1176
f 1005 1004 1545
f 1005 1545 1546
f 1004 1001 1547
f 1004 1547 1545
f 1545 1547 1138
f 1545 1138 1136
f 1546 1545 1136
f 1546 1136 1020
f 1012 1548 1549
f 1012 1549 1015
f 1548 1076 1079
f 1548 1079 1549
f 1549 1079 1084
f 1549 1084 1550
f 1015 1549 1550
f 1015 1550 905
f 1010 1551 1552
f 1010 1552 1553
f 1551 1005 1546
f 1551 1546 1552
f 1552 1546 1020
f 1552 1020 1017
f 1553 1552 1017
f 1553 1017 1016
f 907 906 1554
f 907 1554 1497
f 906 905 1550
f 906 1550 1554
f 1554 1550 1084
f 1554 1084 1555
f 1497 1554 1555
f 1497 1555 1491
f 1491 1555 1556
f 1491 1556 1492
f 1555 1084 1083
f 1555 1083 1556
f 1556 1083 1082
f 1556 1082 1557
f 1492 1556 1557
f 1492 1557 1493
f 1082 1090 1558
f 1082 1558 1557
f 1090 1089 1559
f 1090 1559 1558
f 1558 1559 1560
f 1558 1560 1561
f 1557 1558 1561
f 1557 1561 1493
f 1493 1561 1562
f 1493 1562 1494
f 1561 1560 1563
f 1561 1563 1562
f 1562 1563 1564
f 1562 1564 1565
f 1494 1562 1565
f 1494 1565 1487
f 1487 1565 1566
f 1487 1566 1488
f 1565 1564 1567
f 1565 1567 1566
f 1566 1567 1568
f 1566 1568 1569
f 1488 1566 1569
f 1488 1569 1481
f 1481 1569 1570
f 1481 1570 1482
f 1569 1568 1571
f 1569 1571 1570
f 1570 1571 1572
f 1570 1572 1573
f 1482 1570 1573
f 1482 1573 1475
f 1475 1573 1574
f 1475 1574 1476
f 1573 1572 1575
f 1573 1575 1574
f 1574 1575 1576
f 1574 1576 1577
f 1476 1574 1577
f 1476 1577 1468
f 1470 1578 1579
f 1470 1579 1580
f 1578 1581 1582
f 1578 1582 1579
f 1579 1582 1583
f 1579 1583 1584
f 1580 1579 1584
f 1580 1584 1460
f 1460 1584 1585
f 1460 1585 1461
f 1584 1583 1586
f 1584 1586 1585
f 1585 1586 1587
f 1585 1587 1588
f 1461 1585 1588
f 1461 1588 1454
f 1454 1588 1589
f 1454 1589 1455
f 1588 1587 1590
f 1588 1590 1589
f 1589 1590 1591
f 1589 1591 1592
f 1455 1589 1592
f 1455 1592 1448
f 1593 1594 1595
f 1593 1595 1596
f 1594 1597 1598
f 1594 1598 1595
f 1595 1598 1599
f 1595 1599 1600
f 1596 1595 1600
f 1596 1600 1601
f 1448 1592 1602
f 1448 1602 1603
f 1592 1591 1604
f 1592 1604 1602
f 1602 1604 1605
f 1602 1605 1606
f 1603 1602 1606
f 1603 1606 1607
f 1448 1603 1608
f 1448 1608 1449
f 1603 1607 1609
f 1603 1609 1608
f 1608 1609 1610
f 1608 1610 1611
f 1449 1608 1611
f 1449 1611 1441
f 1443 1612 1613
f 1443 1613 1614
f 1612 1615 1616
f 1612 1616 1613
f 1613 1616 1617
f 1613 1617 1618
f 1614 1613 1618
f 1614 1618 1433
f 1433 1618 1619
f 1433 1619 1434
f 1618 1617 1620
f 1618 1620 1619
f 1619 1620 1621
f 1619 1621 1622
f 1434 1619 1622
f 1434 1622 1427
f 1427 1622 1623
f 1427 1623 1428
f 1622 1621 1624
f 1622 1624 1623
f 1623 1624 1625
f 1623 1625 1626
f 1428 1623 1626
f 1428 1626 1420
f 1422 1627 1628
f 1422 1628 1629
f 1627 1630 1631
f 1627 1631 1628
f 1628 1631 1632
f 1628 1632 1633
f 1629 1628 1633
f 1629 1633 1411
f 1413 1634 1635
f 1413 1635 1636
f 1634 1637 1638
f 1634 1638 1635
f 1635 1638 1639
f 1635 1639 1640
f 1636 1635 1640
f 1636 1640 1402
f 1641 1642 1643
f 1641 1643 1644
f 1642 1645 1646
f 1642 1646 1643
f 1643 1646 1647
f 1643 1647 1648
f 1644 1643 1648
f 1644 1648 1649
f 1404 1650 1651
f 1404 1651 1652
f 1650 1653 1654
f 1650 1654 1651
f 1651 1654 1364
f 1651 1364 1363
f 1652 1651 1363
f 1652 1363 1360
f 1655 1656 1657
f 1655 1657 1658
f 1656 1659 1660
f 1656 1660 1657
f 1657 1660 1370
f 1657 1370 1369
f 1658 1657 1369
f 1658 1369 1368
f 1099 1098 1661
f 1099 1661 1662
f 1098 1097 1663
f 1098 1663 1661
f 1661 1663 1664
f 1661 1664 1665
f 1662 1661 1665
f 1662 1665 1666
f 1666 1665 1667
f 1666 1667 1668
f 1665 1664 1669
f 1665 1669 1667
f 1667 1669 1670
f 1667 1670 1671
f 1668 1667 1671
f 1668 1671 1672
f 1672 1671 1673
f 1672 1673 1674
f 1671 1670 1675
f 1671 1675 1673
f 1673 1675 1676
f 1673 1676 1677
f 1674 1673 1677
f 1674 1677 1678
f 1678 1677 1679
f 1678 1679 1680
f 1677 1676 1681
f 1677 1681 1679
f 1679 1681 1682
f 1679 1682 1683
f 1680 1679 1683
f 1680 1683 1684
f 1684 1683 1685
f 1684 1685 1686
f 1683 1682 1687
f 1683 1687 1685
f 1685 1687 1688
f 1685 1688 1689
f 1686 1685 1689
f 1686 1689 1690
f 1691 1692 1693
f 1691 1693 1694
f 1692 1695 1696
f 1692 1696 1693
f 1693 1696 1697
f 1693 1697 1698
f 1694 1693 1698
f 1694 1698 1699
f 1593 1596 1700
f 1593 1700 1701
f 1596 1601 1702
f 1596 1702 1700
f 1700 1702 1703
f 1700 1703 1704
f 1701 1700 1704
f 1701 1704 1705
f 1706 1707 1708
f 1706 1708 1709
f 1707 1710 1711
f 1707 1711 1708
f 1708 1711 1712
f 1708 1712 1713
f 1709 1708 1713
f 1709 1713 1714
f 1714 1713 1715
f 1714 1715 1716
f 1713 1712 1717
f 1713 1717 1715
f 1715 1717 1718
f 1715 1718 1719
f 1716 1715 1719
f 1716 1719 1720
f 1703 1702 1721
f 1703 1721 1722
f 1702 1601 1723
f 1702 1723 1721
f 1721 1723 1724
f 1721 1724 1725
f 1722 1721 1725
f 1722 1725 1726
f 1703 1722 1727
f 1703 1727 1728
f 1722 1726 1729
f 1722 1729 1727
f 1727 1729 1718
f 1727 1718 1717
f 1728 1727 1717
f 1728 1717 1712
f 1699 1698 1730
f 1699 1730 1731
f 1698 1697 1732
f 1698 1732 1730
f 1730 1732 1599
f 1730 1599 1598
f 1731 1730 1598
f 1731 1598 1597
f 1733 1734 1735
f 1733 1735 1736
f 1734 1737 1738
f 1734 1738 1735
f 1735 1738 1739
f 1735 1739 1740
f 1736 1735 1740
f 1736 1740 1741
f 1741 1740 1742
f 1741 1742 1743
f 1740 1739 1744
f 1740 1744 1742
f 1742 1744 1745
f 1742 1745 1746
f 1743 1742 1746
f 1743 1746 1747
f 1747 1746 1748
f 1747 1748 1749
f 1746 1745 1750
f 1746 1750 1748
f 1748 1750 1751
f 1748 1751 1752
f 1749 1748 1752
f 1749 1752 1753
f 1659 1754 1755
f 1659 1755 1756
f 1754 1757 1758
f 1754 1758 1755
f 1755 1758 1759
f 1755 1759 1760
f 1756 1755 1760
f 1756 1760 1761
f 1649 1648 1762
f 1649 1762 1763
f 1648 1647 1764
f 1648 1764 1762
f 1762 1764 1765
f 1762 1765 1766
f 1763 1762 1766
f 1763 1766 1767
f 1761 1760 1768
f 1761 1768 1769
f 1760 1759 1770
f 1760 1770 1768
f 1768 1770 1771
f 1768 1771 1772
f 1769 1768 1772
f 1769 1772 1773
f 1773 1772 1774
f 1773 1774 1775
f 1772 1771 1776
f 1772 1776 1774
f 1774 1776 1777
f 1774 1777 1778
f 1775 1774 1778
f 1775 1778 1779
f 1767 1766 1780
f 1767 1780 1781
f 1766 1765 1782
f 1766 1782 1780
f 1780 1782 1783
f 1780 1783 1784
f 1781 1780 1784
f 1781 1784 1785
f 1785 1784 1786
f 1785 1786 1787
f 1784 1783 1788
f 1784 1788 1786
f 1786 1788 1789
f 1786 1789 1790
f 1787 1786 1790
f 1787 1790 1791
f 1779 1778 1792
f 1779 1792 1793
f 1778 1777 1794
f 1778 1794 1792
f 1792 1794 1795
f 1792 1795 1796
f 1793 1792 1796
f 1793 1796 1797
f 1797 1796 1798
f 1797 1798 1799
f 1796 1795 1800
f 1796 1800 1798
f 1798 1800 1801
f 1798 1801 1802
f 1799 1798 1802
f 1799 1802 1803
f 1803 1802 1804
f 1803 1804 1805
f 1802 1801 1806
f 1802 1806 1804
f 1804 1806 1807
f 1804 1807 1808
f 1805 1804 1808
f 1805 1808 1809
f 1791 1790 1810
f 1791 1810 1811
f 1790 1789 1812
f 1790 1812 1810
f 1810 1812 1813
f 1810 1813 1814
f 1811 1810 1814
f 1811 1814 1815
f 1815 1814 1816
f 1815 1816 1817
f 1814 1813 1818
f 1814 1818 1816
f 1816 1818 1819
f 1816 1819 1820
f 1817 1816 1820
f 1817 1820 1821
f 1821 1820 1822
f 1821 1822 1823
f 1820 1819 1824
f 1820 1824 1822
f 1822 1824 1825
f 1822 1825 1826
f 1823 1822 1826
f 1823 1826 1827
f 1737 1828 1829
f 1737 1829 1738
f 1828 1830 1831
f 1828 1831 1829
f 1829 1831 1832
f 1829 1832 1833
f 1738 1829 1833
f 1738 1833 1739
f 1739 1833 1834
f 1739 1834 1744
f 1833 1832 1835
f 1833 1835 1834
f 1834 1835 1836
f 1834 1836 1837
f 1744 1834 1837
f 1744 1837 1745
f 1745 1837 1838
f 1745 1838 1750
f 1837 1836 1839
f 1837 1839 1838
f 1838 1839 1840
f 1838 1840 1841
f 1750 1838 1841
f 1750 1841 1751
f 1601 1600 1842
f 1601 1842 1723
f 1600 1599 1843
f 1600 1843 1842
f 1842 1843 1844
f 1842 1844 1845
f 1723 1842 1845
f 1723 1845 1724
f 1599 1732 1846
f 1599 1846 1843
f 1732 1697 1847
f 1732 1847 1846
f 1846 1847 1848
f 1846 1848 1849
f 1843 1846 1849
f 1843 1849 1844
f 1695 1850 1851
f 1695 1851 1852
f 1850 1688 1853
f 1850 1853 1851
f 1851 1853 1854
f 1851 1854 1855
f 1852 1851 1855
f 1852 1855 1856
f 1688 1687 1857
f 1688 1857 1853
f 1687 1682 1858
f 1687 1858 1857
f 1857 1858 1859
f 1857 1859 1860
f 1853 1857 1860
f 1853 1860 1854
f 1682 1681 1861
f 1682 1861 1858
f 1681 1676 1862
f 1681 1862 1861
f 1861 1862 1863
f 1861 1863 1864
f 1858 1861 1864
f 1858 1864 1859
f 1676 1675 1865
f 1676 1865 1862
f 1675 1670 1866
f 1675 1866 1865
f 1865 1866 1867
f 1865 1867 1868
f 1862 1865 1868
f 1862 1868 1863
f 1670 1669 1869
f 1670 1869 1866
f 1669 1664 1870
f 1669 1870 1869
f 1869 1870 1871
f 1869 1871 1872
f 1866 1869 1872
f 1866 1872 1867
f 1871 1870 1873
f 1871 1873 1874
f 1870 1664 1663
f 1870 1663 1873
f 1873 1663 1097
f 1873 1097 1105
f 1874 1873 1105
f 1874 1105 1104
f 1875 1876 1877
f 1875 1877 1878
f 1876 1879 1880
f 1876 1880 1877
f 1877 1880 1647
f 1877 1647 1646
f 1878 1877 1646
f 1878 1646 1645
f 1879 1881 1882
f 1879 1882 1880
f 1881 1883 1884
f 1881 1884 1882
f 1882 1884 1765
f 1882 1765 1764
f 1880 1882 1764
f 1880 1764 1647
f 1104 1111 1885
f 1104 1885 1874
f 1111 1110 1886
f 1111 1886 1885
f 1885 1886 1887
f 1885 1887 1888
f 1874 1885 1888
f 1874 1888 1871
f 1110 1117 1889
f 1110 1889 1886
f 1117 1116 1890
f 1117 1890 1889
f 1889 1890 1891
f 1889 1891 1892
f 1886 1889 1892
f 1886 1892 1887
f 1871 1888 1893
f 1871 1893 1872
f 1888 1887 1894
f 1888 1894 1893
f 1893 1894 1895
f 1893 1895 1896
f 1872 1893 1896
f 1872 1896 1867
f 1867 1896 1897
f 1867 1897 1868
f 1896 1895 1898
f 1896 1898 1897
f 1897 1898 1899
f 1897 1899 1900
f 1868 1897 1900
f 1868 1900 1863
f 1887 1892 1901
f 1887 1901 1894
f 1892 1891 1902
f 1892 1902 1901
f 1901 1902 1903
f 1901 1903 1904
f 1894 1901 1904
f 1894 1904 1895
f 1895 1904 1905
f 1895 1905 1898
f 1904 1903 1906
f 1904 1906 1905
f 1905 1906 1907
f 1905 1907 1908
f 1898 1905 1908
f 1898 1908 1899
f 1863 1900 1909
f 1863 1909 1864
f 1900 1899 1910
f 1900 1910 1909
f 1909 1910 1911
f 1909 1911 1912
f 1864 1909 1912
f 1864 1912 1859
f 1899 1908 1913
f 1899 1913 1910
f 1908 1907 1914
f 1908 1914 1913
f 1913 1914 1915
f 1913 1915 1916
f 1910 1913 1916
f 1910 1916 1911
f 1859 1912 1917
f 1859 1917 1860
f 1912 1911 1918
f 1912 1918 1917
f 1917 1918 1919
f 1917 1919 1920
f 1860 1917 1920
f 1860 1920 1854
f 1911 1916 1921
f 1911 1921 1918
f 1916 1915 1922
f 1916 1922 1921
f 1921 1922 1923
f 1921 1923 1924
f 1918 1921 1924
f 1918 1924 1919
f 1856 1925 1926
f 1856 1926 1927
f 1925 1928 1929
f 1925 1929 1926
f 1926 1929 1930
f 1926 1930 1931
f 1927 1926 1931
f 1927 1931 1848
f 1928 1932 1933
f 1928 1933 1929
f 1932 1934 1935
f 1932 1935 1933
f 1933 1935 1936
f 1933 1936 1937
f 1929 1933 1937
f 1929 1937 1930
f 1848 1931 1938
f 1848 1938 1849
f 1931 1930 1939
f 1931 1939 1938
f 1938 1939 1940
f 1938 1940 1941
f 1849 1938 1941
f 1849 1941 1844
f 1930 1937 1942
f 1930 1942 1939
f 1937 1936 1943
f 1937 1943 1942
f 1942 1943 1944
f 1942 1944 1945
f 1939 1942 1945
f 1939 1945 1940
f 1844 1941 1946
f 1844 1946 1845
f 1941 1940 1947
f 1941 1947 1946
f 1946 1947 1948
f 1946 1948 1949
f 1845 1946 1949
f 1845 1949 1724
f 1940 1945 1950
f 1940 1950 1947
f 1945 1944 1951
f 1945 1951 1950
f 1950 1951 1952
f 1950 1952 1953
f 1947 1950 1953
f 1947 1953 1948
f 1724 1949 1954
f 1724 1954 1725
f 1949 1948 1955
f 1949 1955 1954
f 1954 1955 1956
f 1954 1956 1957
f 1725 1954 1957
f 1725 1957 1726
f 1948 1953 1958
f 1948 1958 1955
f 1953 1952 1959
f 1953 1959 1958
f 1958 1959 1960
f 1958 1960 1961
f 1955 1958 1961
f 1955 1961 1956
f 1726 1957 1962
f 1726 1962 1729
f 1957 1956 1963
f 1957 1963 1962
f 1962 1963 1964
f 1962 1964 1965
f 1729 1962 1965
f 1729 1965 1718
f 1956 1961 1966
f 1956 1966 1963
f 1961 1960 1967
f 1961 1967 1966
f 1966 1967 1968
f 1966 1968 1969
f 1963 1966 1969
f 1963 1969 1964
f 1718 1965 1970
f 1718 1970 1719
f 1965 1964 1971
f 1965 1971 1970
f 1970 1971 1972
f 1970 1972 1973
f 1719 1970 1973
f 1719 1973 1720
f 1964 1969 1974
f 1964 1974 1971
f 1969 1968 1975
f 1969 1975 1974
f 1974 1975 1976
f 1974 1976 1977
f 1971 1974 1977
f 1971 1977 1972
f 1883 1978 1979
f 1883 1979 1980
f 1978 1840 1981
f 1978 1981 1979
f 1979 1981 1982
f 1979 1982 1983
f 1980 1979 1983
f 1980 1983 1984
f 1840 1839 1985
f 1840 1985 1981
f 1839 1836 1986
f 1839 1986 1985
f 1985 1986 1987
f 1985 1987 1988
f 1981 1985 1988
f 1981 1988 1982
f 1836 1835 1989
f 1836 1989 1986
f 1835 1832 1990
f 1835 1990 1989
f 1989 1990 1991
f 1989 1991 1992
f 1986 1989 1992
f 1986 1992 1987
f 1984 1983 1993
f 1984 1993 1994
f 1983 1982 1995
f 1983 1995 1993
f 1993 1995 1996
f 1993 1996 1997
f 1994 1993 1997
f 1994 1997 1998
f 1982 1988 1999
f 1982 1999 1995
f 1988 1987 2000
f 1988 2000 1999
f 1999 2000 2001
f 1999 2001 2002
f 1995 1999 2002
f 1995 2002 1996
f 1987 1992 2003
f 1987 2003 2000
f 1992 1991 2004
f 1992 2004 2003
f 2003 2004 2005
f 2003 2005 2006
f 2000 2003 2006
f 2000 2006 2001
f 2007 2008 2009
f 2007 2009 2010
f 2008 2011 2012
f 2008 2012 2009
f 2009 2012 1972
f 2009 1972 1977
f 2010 2009 1977
f 2010 1977 1976
f 2011 2013 2014
f 2011 2014 2012
f 2013 1830 2015
f 2013 2015 2014
f 2014 2015 1720
f 2014 1720 1973
f 2012 2014 1973
f 2012 1973 1972
f 1998 1997 2016
f 1998 2016 2017
f 1997 1996 2018
f 1997 2018 2016
f 2016 2018 2019
f 2016 2019 2020
f 2017 2016 2020
f 2017 2020 2021
f 1996 2002 2022
f 1996 2022 2018
f 2002 2001 2023
f 2002 2023 2022
f 2022 2023 2024
f 2022 2024 2025
f 2018 2022 2025
f 2018 2025 2019
f 2001 2006 2026
f 2001 2026 2023
f 2006 2005 2027
f 2006 2027 2026
f 2026 2027 2028
f 2026 2028 2029
f 2023 2026 2029
f 2023 2029 2024
f 2007 2010 2030
f 2007 2030 2031
f 2010 1976 2032
f 2010 2032 2030
f 2030 2032 2033
f 2030 2033 2034
f 2031 2030 2034
f 2031 2034 2035
f 1976 1975 2036
f 1976 2036 2032
f 1975 1968 2037
f 1975 2037 2036
f 2036 2037 2038
f 2036 2038 2039
f 2032 2036 2039
f 2032 2039 2033
f 1968 1967 2040
f 1968 2040 2037
f 1967 1960 2041
f 1967 2041 2040
f 2040 2041 2042
f 2040 2042 2043
f 2037 2040 2043
f 2037 2043 2038
f 1960 1959 2044
f 1960 2044 2041
f 1959 1952 2045
f 1959 2045 2044
f 2044 2045 2046
f 2044 2046 2047
f 2041 2044 2047
f 2041 2047 2042
f 1952 1951 2048
f 1952 2048 2045
f 1951 1944 2049
f 1951 2049 2048
f 2048 2049 2050
f 2048 2050 2051
f 2045 2048 2051
f 2045 2051 2046
f 1944 1943 2052
f 1944 2052 2049
f 1943 1936 2053
f 1943 2053 2052
f 2052 2053 2054
f 2052 2054 2055
f 2049 2052 2055
f 2049 2055 2050
f 1934 2056 2057
f 1934 2057 2058
f 2056 1923 2059
f 2056 2059 2057
f 2057 2059 2060
f 2057 2060 2061
f 2058 2057 2061
f 2058 2061 2062
f 1923 1922 2063
f 1923 2063 2059
f 1922 1915 2064
f 1922 2064 2063
f 2063 2064 2065
f 2063 2065 2066
f 2059 2063 2066
f 2059 2066 2060
f 1915 1914 2067
f 1915 2067 2064
f 1914 1907 2068
f 1914 2068 2067
f 2067 2068 2069
f 2067 2069 2070
f 2064 2067 2070
f 2064 2070 2065
f 1907 1906 2071
f 1907 2071 2068
f 1906 1903 2072
f 1906 2072 2071
f 2071 2072 2073
f 2071 2073 2074
f 2068 2071 2074
f 2068 2074 2069
f 1903 1902 2075
f 1903 2075 2072
f 1902 1891 2076
f 1902 2076 2075
f 2075 2076 2077
f 2075 2077 2078
f 2072 2075 2078
f 2072 2078 2073
f 2073 2078 2079
f 2073 2079 2080
f 2078 2077 2081
f 2078 2081 2079
f 2079 2081 2082
f 2079 2082 2083
f 2080 2079 2083
f 2080 2083 2084
f 2084 2083 2085
f 2084 2085 2086
f 2083 2082 2087
f 2083 2087 2085
f 2085 2087 2088
f 2085 2088 2089
f 2086 2085 2089
f 2086 2089 2090
f 2073 2080 2091
f 2073 2091 2074
f 2080 2084 2092
f 2080 2092 2091
f 2091 2092 2093
f 2091 2093 2094
f 2074 2091 2094
f 2074 2094 2069
f 2069 2094 2095
f 2069 2095 2070
f 2094 2093 2096
f 2094 2096 2095
f 2095 2096 2097
f 2095 2097 2098
f 2070 2095 2098
f 2070 2098 2065
f 2065 2098 2099
f 2065 2099 2066
f 2098 2097 2100
f 2098 2100 2099
f 2099 2100 2101
f 2099 2101 2102
f 2066 2099 2102
f 2066 2102 2060
f 2062 2103 2104
f 2062 2104 2105
f 2103 2106 2107
f 2103 2107 2104
f 2104 2107 2108
f 2104 2108 2109
f 2105 2104 2109
f 2105 2109 2054
f 2054 2109 2110
f 2054 2110 2055
f 2109 2108 2111
f 2109 2111 2110
f 2110 2111 2112
f 2110 2112 2113
f 2055 2110 2113
f 2055 2113 2050
f 2050 2113 2114
f 2050 2114 2051
f 2113 2112 2115
f 2113 2115 2114
f 2114 2115 2116
f 2114 2116 2117
f 2051 2114 2117
f 2051 2117 2046
f 2046 2117 2118
f 2046 2118 2047
f 2117 2116 2119
f 2117 2119 2118
f 2118 2119 2120
f 2118 2120 2121
f 2047 2118 2121
f 2047 2121 2042
f 2042 2121 2122
f 2042 2122 2043
f 2121 2120 2123
f 2121 2123 2122
f 2122 2123 2124
f 2122 2124 2125
f 2043 2122 2125
f 2043 2125 2038
f 2038 2125 2126
f 2038 2126 2039
f 2125 2124 2127
f 2125 2127 2126
f 2126 2127 2128
f 2126 2128 2129
f 2039 2126 2129
f 2039 2129 2033
f 2035 2130 2131
f 2035 2131 2132
f 2130 2133 2134
f 2130 2134 2131
f 2131 2134 2135
f 2131 2135 2136
f 2132 2131 2136
f 2132 2136 2028
f 2028 2136 2137
f 2028 2137 2029
f 2136 2135 2138
f 2136 2138 2137
f 2137 2138 2139
f 2137 2139 2140
f 2029 2137 2140
f 2029 2140 2024
f 2024 2140 2141
f 2024 2141 2025
f 2140 2139 2142
f 2140 2142 2141
f 2141 2142 2143
f 2141 2143 2144
f 2025 2141 2144
f 2025 2144 2019
f 2021 2145 2146
f 2021 2146 2147
f 2145 2148 2149
f 2145 2149 2146
f 2146 2149 1819
f 2146 1819 1818
f 2147 2146 1818
f 2147 1818 1813
f 2077 2076 2150
f 2077 2150 2151
f 2076 1891 1890
f 2076 1890 2150
f 2150 1890 1116
f 2150 1116 1123
f 2151 2150 1123
f 2151 1123 1122
f 2082 2081 2152
f 2082 2152 2153
f 2081 2077 2151
f 2081 2151 2152
f 2152 2151 1122
f 2152 1122 1129
f 2153 2152 1129
f 2153 1129 1128
f 2088 2087 2154
f 2088 2154 2155
f 2087 2082 2153
f 2087 2153 2154
f 2154 2153 1128
f 2154 1128 1135
f 2155 2154 1135
f 2155 1135 1134
f 2097 2096 2156
f 2097 2156 2157
f 2096 2093 2158
f 2096 2158 2156
f 2156 2158 2159
f 2156 2159 2160
f 2157 2156 2160
f 2157 2160 2161
f 2097 2157 2162
f 2097 2162 2100
f 2157 2161 2163
f 2157 2163 2162
f 2162 2163 2164
f 2162 2164 2165
f 2100 2162 2165
f 2100 2165 2101
f 2106 2166 2167
f 2106 2167 2107
f 2166 2168 2169
f 2166 2169 2167
f 2167 2169 2170
f 2167 2170 2171
f 2107 2167 2171
f 2107 2171 2108
f 2108 2171 2172
f 2108 2172 2111
f 2171 2170 2173
f 2171 2173 2172
f 2172 2173 2174
f 2172 2174 2175
f 2111 2172 2175
f 2111 2175 2112
f 2112 2175 2176
f 2112 2176 2115
f 2175 2174 2177
f 2175 2177 2176
f 2176 2177 2178
f 2176 2178 2179
f 2115 2176 2179
f 2115 2179 2116
f 2116 2179 2180
f 2116 2180 2119
f 2179 2178 2181
f 2179 2181 2180
f 2180 2181 2182
f 2180 2182 2183
f 2119 2180 2183
f 2119 2183 2120
f 2120 2183 2184
f 2120 2184 2123
f 2183 2182 2185
f 2183 2185 2184
f 2184 2185 2186
f 2184 2186 2187
f 2123 2184 2187
f 2123 2187 2124
f 2124 2187 2188
f 2124 2188 2127
f 2187 2186 2189
f 2187 2189 2188
f 2188 2189 2190
f 2188 2190 2191
f 2127 2188 2191
f 2127 2191 2128
f 2133 2192 2193
f 2133 2193 2134
f 2192 2194 2195
f 2192 2195 2193
f 2193 2195 2196
f 2193 2196 2197
f 2134 2193 2197
f 2134 2197 2135
f 2135 2197 2198
f 2135 2198 2138
f 2197 2196 2199
f 2197 2199 2198
f 2198 2199 2200
f 2198 2200 2201
f 2138 2198 2201
f 2138 2201 2139
f 2139 2201 2202
f 2139 2202 2142
f 2201 2200 2203
f 2201 2203 2202
f 2202 2203 2204
f 2202 2204 2205
f 2142 2202 2205
f 2142 2205 2143
f 2148 2206 2207
f 2148 2207 2149
f 2206 2208 2209
f 2206 2209 2207
f 2207 2209 1825
f 2207 1825 1824
f 2149 2207 1824
f 2149 1824 1819
f 2159 2158 2210
f 2159 2210 2211
f 2158 2093 2092
f 2158 2092 2210
f 2210 2092 2084
f 2210 2084 2086
f 2211 2210 2086
f 2211 2086 2090
f 1710 2212 2213
f 1710 2213 2214
f 2212 1607 1606
f 2212 1606 2213
f 2213 1606 1605
f 2213 1605 2215
f 2214 2213 2215
f 2214 2215 1705
f 1235 1234 2216
f 1235 2216 2217
f 1234 1233 2218
f 1234 2218 2216
f 2216 2218 2219
f 2216 2219 2220
f 2217 2216 2220
f 2217 2220 2221
f 1233 1275 2222
f 1233 2222 2218
f 1275 1274 2223
f 1275 2223 2222
f 2222 2223 2224
f 2222 2224 2225
f 2218 2222 2225
f 2218 2225 2219
f 1274 1315 2226
f 1274 2226 2223
f 1315 1314 2227
f 1315 2227 2226
f 2226 2227 2228
f 2226 2228 2229
f 2223 2226 2229
f 2223 2229 2224
f 1314 1355 2230
f 1314 2230 2227
f 1355 1354 2231
f 1355 2231 2230
f 2230 2231 2232
f 2230 2232 2233
f 2227 2230 2233
f 2227 2233 2228
f 1354 1395 2234
f 1354 2234 2231
f 1395 1394 2235
f 1395 2235 2234
f 2234 2235 2236
f 2234 2236 2237
f 2231 2234 2237
f 2231 2237 2232
f 1809 1808 2238
f 1809 2238 2239
f 1808 1807 2240
f 1808 2240 2238
f 2238 2240 2241
f 2238 2241 2242
f 2239 2238 2242
f 2239 2242 2243
f 1827 1826 2244
f 1827 2244 2245
f 1826 1825 2246
f 1826 2246 2244
f 2244 2246 2247
f 2244 2247 2248
f 2245 2244 2248
f 2245 2248 2249
f 2208 2250 2251
f 2208 2251 2252
f 2250 2204 2253
f 2250 2253 2251
f 2251 2253 2254
f 2251 2254 2255
f 2252 2251 2255
f 2252 2255 2256
f 2204 2203 2257
f 2204 2257 2253
f 2203 2200 2258
f 2203 2258 2257
f 2257 2258 2259
f 2257 2259 2260
f 2253 2257 2260
f 2253 2260 2254
f 2200 2199 2261
f 2200 2261 2258
f 2199 2196 2262
f 2199 2262 2261
f 2261 2262 2263
f 2261 2263 2264
f 2258 2261 2264
f 2258 2264 2259
f 2194 2265 2266
f 2194 2266 2267
f 2265 2190 2268
f 2265 2268 2266
f 2266 2268 2269
f 2266 2269 2270
f 2267 2266 2270
f 2267 2270 2271
f 2190 2189 2272
f 2190 2272 2268
f 2189 2186 2273
f 2189 2273 2272
f 2272 2273 2274
f 2272 2274 2275
f 2268 2272 2275
f 2268 2275 2269
f 2186 2185 2276
f 2186 2276 2273
f 2185 2182 2277
f 2185 2277 2276
f 2276 2277 2278
f 2276 2278 2279
f 2273 2276 2279
f 2273 2279 2274
f 2182 2181 2280
f 2182 2280 2277
f 2181 2178 2281
f 2181 2281 2280
f 2280 2281 2282
f 2280 2282 2283
f 2277 2280 2283
f 2277 2283 2278
f 2178 2177 2284
f 2178 2284 2281
f 2177 2174 2285
f 2177 2285 2284
f 2284 2285 2286
f 2284 2286 2287
f 2281 2284 2287
f 2281 2287 2282
f 2174 2173 2288
f 2174 2288 2285
f 2173 2170 2289
f 2173 2289 2288
f 2288 2289 2290
f 2288 2290 2291
f 2285 2288 2291
f 2285 2291 2286
f 2168 2292 2293
f 2168 2293 2294
f 2292 2164 2295
f 2292 2295 2293
f 2293 2295 2296
f 2293 2296 2297
f 2294 2293 2297
f 2294 2297 2298
f 2161 2160 2299
f 2161 2299 2300
f 2160 2159 2301
f 2160 2301 2299
f 2299 2301 2302
f 2299 2302 2303
f 2300 2299 2303
f 2300 2303 2304
f 2090 2089 2305
f 2090 2305 2306
f 2089 2088 2307
f 2089 2307 2305
f 2305 2307 2308
f 2305 2308 2309
f 2306 2305 2309
f 2306 2309 2310
f 1134 1133 2311
f 1134 2311 2312
f 1133 1132 2313
f 1133 2313 2311
f 2311 2313 2314
f 2311 2314 2315
f 2312 2311 2315
f 2312 2315 2316
f 1174 2317 2318
f 1174 2318 1175
f 2317 2319 2320
f 2317 2320 2318
f 2318 2320 2321
f 2318 2321 2322
f 1175 2318 2322
f 1175 2322 1073
f 1075 2323 2324
f 1075 2324 2325
f 2323 2326 2327
f 2323 2327 2324
f 2324 2327 2314
f 2324 2314 2313
f 2325 2324 2313
f 2325 2313 1132
f 1134 2312 2328
f 1134 2328 2155
f 2312 2316 2329
f 2312 2329 2328
f 2328 2329 2308
f 2328 2308 2307
f 2155 2328 2307
f 2155 2307 2088
f 2090 2306 2330
f 2090 2330 2211
f 2306 2310 2331
f 2306 2331 2330
f 2330 2331 2302
f 2330 2302 2301
f 2211 2330 2301
f 2211 2301 2159
f 2161 2300 2332
f 2161 2332 2163
f 2300 2304 2333
f 2300 2333 2332
f 2332 2333 2296
f 2332 2296 2295
f 2163 2332 2295
f 2163 2295 2164
f 1807 2334 2335
f 1807 2335 2240
f 2334 1827 2245
f 2334 2245 2335
f 2335 2245 2249
f 2335 2249 2336
f 2240 2335 2336
f 2240 2336 2241
f 1801 2337 2338
f 1801 2338 1806
f 2337 1821 1823
f 2337 1823 2338
f 2338 1823 1827
f 2338 1827 2334
f 1806 2338 2334
f 1806 2334 1807
f 1795 2339 2340
f 1795 2340 1800
f 2339 1815 1817
f 2339 1817 2340
f 2340 1817 1821
f 2340 1821 2337
f 1800 2340 2337
f 1800 2337 1801
f 1777 2341 2342
f 1777 2342 1794
f 2341 1791 1811
f 2341 1811 2342
f 2342 1811 1815
f 2342 1815 2339
f 1794 2342 2339
f 1794 2339 1795
f 1771 2343 2344
f 1771 2344 1776
f 2343 1785 1787
f 2343 1787 2344
f 2344 1787 1791
f 2344 1791 2341
f 1776 2344 2341
f 1776 2341 1777
f 1759 2345 2346
f 1759 2346 1770
f 2345 1767 1781
f 2345 1781 2346
f 2346 1781 1785
f 2346 1785 2343
f 1770 2346 2343
f 1770 2343 1771
f 1757 2347 2348
f 1757 2348 1758
f 2347 1649 1763
f 2347 1763 2348
f 2348 1763 1767
f 2348 1767 2345
f 1758 2348 2345
f 1758 2345 1759
f 2349 2350 2351
f 2349 2351 2352
f 2350 1641 1644
f 2350 1644 2351
f 2351 1644 1649
f 2351 1649 2347
f 2352 2351 2347
f 2352 2347 1757
f 1411 1633 2353
f 1411 2353 1412
f 1633 1632 2354
f 1633 2354 2353
f 2353 2354 1637
f 2353 1637 1634
f 1412 2353 1634
f 1412 1634 1413
f 971 970 2355
f 971 2355 1532
f 970 969 1527
f 970 1527 2355
f 2355 1527 1405
f 2355 1405 2356
f 1532 2355 2356
f 1532 2356 1400
f 1400 2356 2357
f 1400 2357 1401
f 2356 1405 1408
f 2356 1408 2357
f 2357 1408 1413
f 2357 1413 1636
f 1401 2357 1636
f 1401 1636 1402
f 835 965 2358
f 835 2358 836
f 965 964 1525
f 965 1525 2358
f 2358 1525 969
f 2358 969 966
f 836 2358 966
f 836 966 837
f 642 641 2359
f 642 2359 885
f 641 640 833
f 641 833 2359
f 2359 833 837
f 2359 837 968
f 885 2359 968
f 885 968 886
f 734 2360 2361
f 734 2361 735
f 2360 780 783
f 2360 783 2361
f 2361 783 788
f 2361 788 2362
f 735 2361 2362
f 735 2362 736
f 612 637 2363
f 612 2363 2364
f 637 636 831
f 637 831 2363
f 2363 831 640
f 2363 640 638
f 2364 2363 638
f 2364 638 619
f 614 613 2365
f 614 2365 2366
f 613 612 2364
f 613 2364 2365
f 2365 2364 619
f 2365 619 616
f 2366 2365 616
f 2366 616 615
f 584 583 2367
f 584 2367 2368
f 583 582 2369
f 583 2369 2367
f 2367 2369 589
f 2367 589 586
f 2368 2367 586
f 2368 586 585
f 547 546 2370
f 547 2370 2371
f 546 545 2372
f 546 2372 2370
f 2370 2372 552
f 2370 552 549
f 2371 2370 549
f 2371 549 548
f 1825 2209 2373
f 1825 2373 2246
f 2209 2208 2252
f 2209 2252 2373
f 2373 2252 2256
f 2373 2256 2374
f 2246 2373 2374
f 2246 2374 2247
f 2143 2205 2375
f 2143 2375 2376
f 2205 2204 2250
f 2205 2250 2375
f 2375 2250 2208
f 2375 2208 2206
f 2376 2375 2206
f 2376 2206 2148
f 2019 2144 2377
f 2019 2377 2020
f 2144 2143 2376
f 2144 2376 2377
f 2377 2376 2148
f 2377 2148 2145
f 2020 2377 2145
f 2020 2145 2021
f 1789 2378 2379
f 1789 2379 1812
f 2378 1998 2017
f 2378 2017 2379
f 2379 2017 2021
f 2379 2021 2147
f 1812 2379 2147
f 1812 2147 1813
f 1783 2380 2381
f 1783 2381 1788
f 2380 1984 1994
f 2380 1994 2381
f 2381 1994 1998
f 2381 1998 2378
f 1788 2381 2378
f 1788 2378 1789
f 1765 1884 2382
f 1765 2382 1782
f 1884 1883 1980
f 1884 1980 2382
f 2382 1980 1984
f 2382 1984 2380
f 1782 2382 2380
f 1782 2380 1783
f 1751 1841 2383
f 1751 2383 2384
f 1841 1840 1978
f 1841 1978 2383
f 2383 1978 1883
f 2383 1883 1881
f 2384 2383 1881
f 2384 1881 1879
f 1753 1752 2385
f 1753 2385 2386
f 1752 1751 2384
f 1752 2384 2385
f 2385 2384 1879
f 2385 1879 1876
f 2386 2385 1876
f 2386 1876 1875
f 1420 1626 2387
f 1420 2387 1421
f 1626 1625 2388
f 1626 2388 2387
f 2387 2388 1630
f 2387 1630 1627
f 1421 2387 1627
f 1421 1627 1422
f 964 963 2389
f 964 2389 1528
f 963 962 1524
f 963 1524 2389
f 2389 1524 1414
f 2389 1414 2390
f 1528 2389 2390
f 1528 2390 1409
f 1409 2390 2391
f 1409 2391 1410
f 2390 1414 1417
f 2390 1417 2391
f 2391 1417 1422
f 2391 1422 1629
f 1410 2391 1629
f 1410 1629 1411
f 804 958 2392
f 804 2392 805
f 958 957 1522
f 958 1522 2392
f 2392 1522 962
f 2392 962 959
f 805 2392 959
f 805 959 806
f 636 635 2393
f 636 2393 834
f 635 634 802
f 635 802 2393
f 2393 802 806
f 2393 806 961
f 834 2393 961
f 834 961 835
f 666 2394 2395
f 666 2395 667
f 2394 730 733
f 2394 733 2395
f 2395 733 738
f 2395 738 2396
f 667 2395 2396
f 667 2396 668
f 603 631 2397
f 603 2397 2398
f 631 630 800
f 631 800 2397
f 2397 800 634
f 2397 634 632
f 2398 2397 632
f 2398 632 610
f 605 604 2399
f 605 2399 2400
f 604 603 2398
f 604 2398 2399
f 2399 2398 610
f 2399 610 607
f 2400 2399 607
f 2400 607 606
f 575 574 2401
f 575 2401 2402
f 574 573 2403
f 574 2403 2401
f 2401 2403 580
f 2401 580 577
f 2402 2401 577
f 2402 577 576
f 538 537 2404
f 538 2404 2405
f 537 536 2406
f 537 2406 2404
f 2404 2406 543
f 2404 543 540
f 2405 2404 540
f 2405 540 539
f 1394 2407 2408
f 1394 2408 2235
f 2407 1809 2239
f 2407 2239 2408
f 2408 2239 2243
f 2408 2243 2409
f 2235 2408 2409
f 2235 2409 2236
f 1390 2410 2411
f 1390 2411 1393
f 2410 1803 1805
f 2410 1805 2411
f 2411 1805 1809
f 2411 1809 2407
f 1393 2411 2407
f 1393 2407 1394
f 1386 2412 2413
f 1386 2413 1389
f 2412 1797 1799
f 2412 1799 2413
f 2413 1799 1803
f 2413 1803 2410
f 1389 2413 2410
f 1389 2410 1390
f 1382 2414 2415
f 1382 2415 1385
f 2414 1779 1793
f 2414 1793 2415
f 2415 1793 1797
f 2415 1797 2412
f 1385 2415 2412
f 1385 2412 1386
f 1378 2416 2417
f 1378 2417 1381
f 2416 1773 1775
f 2416 1775 2417
f 2417 1775 1779
f 2417 1779 2414
f 1381 2417 2414
f 1381 2414 1382
f 1374 2418 2419
f 1374 2419 1377
f 2418 1761 1769
f 2418 1769 2419
f 2419 1769 1773
f 2419 1773 2416
f 1377 2419 2416
f 1377 2416 1378
f 1370 1660 2420
f 1370 2420 1373
f 1660 1659 1756
f 1660 1756 2420
f 2420 1756 1761
f 2420 1761 2418
f 1373 2420 2418
f 1373 2418 1374
f 2349 2352 2421
f 2349 2421 2422
f 2352 1757 1754
f 2352 1754 2421
f 2421 1754 1659
f 2421 1659 1656
f 2422 2421 1656
f 2422 1656 1655
f 1402 1640 2423
f 1402 2423 1403
f 1640 1639 2424
f 1640 2424 2423
f 2423 2424 1653
f 2423 1653 1650
f 1403 2423 1650
f 1403 1650 1404
f 978 977 2425
f 978 2425 1535
f 977 976 1531
f 977 1531 2425
f 2425 1531 1396
f 2425 1396 2426
f 1535 2425 2426
f 1535 2426 1358
f 1358 2426 2427
f 1358 2427 1359
f 2426 1396 1399
f 2426 1399 2427
f 2427 1399 1404
f 2427 1404 1652
f 1359 2427 1652
f 1359 1652 1360
f 886 972 2428
f 886 2428 887
f 972 971 1529
f 972 1529 2428
f 2428 1529 976
f 2428 976 973
f 887 2428 973
f 887 973 888
f 505 649 2429
f 505 2429 843
f 649 648 884
f 649 884 2429
f 2429 884 888
f 2429 888 975
f 843 2429 975
f 843 975 844
f 784 2430 2431
f 784 2431 785
f 2430 678 681
f 2430 681 2431
f 2431 681 685
f 2431 685 2432
f 785 2431 2432
f 785 2432 786
f 593 592 2433
f 593 2433 2434
f 592 591 2435
f 592 2435 2433
f 2433 2435 659
f 2433 659 656
f 2434 2433 656
f 2434 656 655
f 623 622 2436
f 623 2436 2437
f 622 621 2438
f 622 2438 2436
f 2436 2438 644
f 2436 644 651
f 2437 2436 651
f 2437 651 650
f 621 643 2439
f 621 2439 2438
f 643 642 882
f 643 882 2439
f 2439 882 648
f 2439 648 645
f 2438 2439 645
f 2438 645 644
f 556 555 2440
f 556 2440 2441
f 555 554 2442
f 555 2442 2440
f 2440 2442 561
f 2440 561 558
f 2441 2440 558
f 2441 558 557
f 1174 2443 2444
f 1174 2444 2317
f 2443 1235 2217
f 2443 2217 2444
f 2444 2217 2221
f 2444 2221 2445
f 2317 2444 2445
f 2317 2445 2319
f 1001 1000 2446
f 1001 2446 1547
f 1000 999 1544
f 1000 1544 2446
f 2446 1544 1176
f 2446 1176 2447
f 1547 2446 2447
f 1547 2447 1138
f 1170 2448 2449
f 1170 2449 1173
f 2448 1229 1231
f 2448 1231 2449
f 2449 1231 1235
f 2449 1235 2443
f 1173 2449 2443
f 1173 2443 1174
f 1166 2450 2451
f 1166 2451 1169
f 2450 1223 1225
f 2450 1225 2451
f 2451 1225 1229
f 2451 1229 2448
f 1169 2451 2448
f 1169 2448 1170
f 1162 2452 2453
f 1162 2453 1165
f 2452 1217 1219
f 2452 1219 2453
f 2453 1219 1223
f 2453 1223 2450
f 1165 2453 2450
f 1165 2450 1166
f 1158 2454 2455
f 1158 2455 1161
f 2454 1211 1213
f 2454 1213 2455
f 2455 1213 1217
f 2455 1217 2452
f 1161 2455 2452
f 1161 2452 1162
f 1154 2456 2457
f 1154 2457 1157
f 2456 1205 1207
f 2456 1207 2457
f 2457 1207 1211
f 2457 1211 2454
f 1157 2457 2454
f 1157 2454 1158
f 1150 2458 2459
f 1150 2459 1153
f 2458 1199 1201
f 2458 1201 2459
f 2459 1201 1205
f 2459 1205 2456
f 1153 2459 2456
f 1153 2456 1154
f 1148 2460 2461
f 1148 2461 1149
f 2460 1191 1194
f 2460 1194 2461
f 2461 1194 1199
f 2461 1199 2458
f 1149 2461 2458
f 1149 2458 1150
f 1140 2462 2463
f 1140 2463 1143
f 2462 1184 1186
f 2462 1186 2463
f 2463 1186 1190
f 2463 1190 2464
f 1143 2463 2464
f 1143 2464 1144
f 1138 2447 2465
f 1138 2465 1139
f 2447 1176 1179
f 2447 1179 2465
f 2465 1179 1184
f 2465 1184 2462
f 1139 2465 2462
f 1139 2462 1140
f 859 995 2466
f 859 2466 860
f 995 994 1542
f 995 1542 2466
f 2466 1542 999
f 2466 999 996
f 860 2466 996
f 860 996 861
f 338 2467 2468
f 338 2468 847
f 2467 426 857
f 2467 857 2468
f 2468 857 861
f 2468 861 998
f 847 2468 998
f 847 998 848
f 400 399 2469
f 400 2469 749
f 399 398 769
f 399 769 2469
f 2469 769 771
f 2469 771 2470
f 749 2469 2470
f 749 2470 750
f 336 2471 2472
f 336 2472 337
f 2471 420 422
f 2471 422 2472
f 2472 422 426
f 2472 426 2467
f 337 2472 2467
f 337 2467 338
f 344 2473 2474
f 344 2474 2475
f 2473 412 415
f 2473 415 2474
f 2474 415 420
f 2474 420 2471
f 2475 2474 2471
f 2475 2471 336
f 350 2476 2477
f 350 2477 2478
f 2476 403 406
f 2476 406 2477
f 2477 406 411
f 2477 411 2479
f 2478 2477 2479
f 2478 2479 342
f 356 355 2480
f 356 2480 2481
f 355 354 767
f 355 767 2480
f 2480 767 398
f 2480 398 395
f 2481 2480 395
f 2481 395 394
f 1073 2322 2482
f 1073 2482 1074
f 2322 2321 2483
f 2322 2483 2482
f 2482 2483 2326
f 2482 2326 2323
f 1074 2482 2323
f 1074 2323 1075
f 1012 1011 2484
f 1012 2484 1548
f 1011 1010 1553
f 1011 1553 2484
f 2484 1553 1016
f 2484 1016 2485
f 1548 2484 2485
f 1548 2485 1076
f 1126 2486 2487
f 1126 2487 1130
f 2486 1069 1071
f 2486 1071 2487
f 2487 1071 1075
f 2487 1075 2325
f 1130 2487 2325
f 1130 2325 1132
f 1120 2488 2489
f 1120 2489 1124
f 2488 1063 1065
f 2488 1065 2489
f 2489 1065 1069
f 2489 1069 2486
f 1124 2489 2486
f 1124 2486 1126
f 1114 2490 2491
f 1114 2491 1118
f 2490 1057 1059
f 2490 1059 2491
f 2491 1059 1063
f 2491 1063 2488
f 1118 2491 2488
f 1118 2488 1120
f 1108 2492 2493
f 1108 2493 1112
f 2492 1051 1053
f 2492 1053 2493
f 2493 1053 1057
f 2493 1057 2490
f 1112 2493 2490
f 1112 2490 1114
f 1102 2494 2495
f 1102 2495 1106
f 2494 1045 1047
f 2494 1047 2495
f 2495 1047 1051
f 2495 1051 2492
f 1106 2495 2492
f 1106 2492 1108
f 1095 2496 2497
f 1095 2497 1100
f 2496 1039 1041
f 2496 1041 2497
f 2497 1041 1045
f 2497 1045 2494
f 1100 2497 2494
f 1100 2494 1102
f 1091 2498 2499
f 1091 2499 1092
f 2498 1031 1034
f 2498 1034 2499
f 2499 1034 1039
f 2499 1039 2496
f 1092 2499 2496
f 1092 2496 1095
f 1080 2500 2501
f 1080 2501 1085
f 2500 1024 1026
f 2500 1026 2501
f 2501 1026 1030
f 2501 1030 2502
f 1085 2501 2502
f 1085 2502 1087
f 1076 2485 2503
f 1076 2503 1077
f 2485 1016 1019
f 2485 1019 2503
f 2503 1019 1024
f 2503 1024 2500
f 1077 2503 2500
f 1077 2500 1080
f 822 1006 2504
f 822 2504 823
f 1006 1005 1551
f 1006 1551 2504
f 2504 1551 1010
f 2504 1010 1007
f 823 2504 1007
f 823 1007 824
f 322 2505 2506
f 322 2506 898
f 2505 332 820
f 2505 820 2506
f 2506 820 824
f 2506 824 1009
f 898 2506 1009
f 898 1009 899
f 261 260 2507
f 261 2507 714
f 260 259 745
f 260 745 2507
f 2507 745 747
f 2507 747 2508
f 714 2507 2508
f 714 2508 715
f 235 2509 2510
f 235 2510 321
f 2509 324 327
f 2509 327 2510
f 2510 327 332
f 2510 332 2505
f 321 2510 2505
f 321 2505 322
f 224 223 2511
f 224 2511 2512
f 223 222 743
f 223 743 2511
f 2511 743 259
f 2511 259 256
f 2512 2511 256
f 2512 256 255
f 227 2513 2514
f 227 2514 2515
f 2513 2516 2517
f 2513 2517 2514
f 2514 2517 250
f 2514 250 247
f 2515 2514 247
f 2515 247 246
f 233 2518 2519
f 233 2519 2520
f 2518 229 2521
f 2518 2521 2519
f 2519 2521 241
f 2519 241 238
f 2520 2519 238
f 2520 238 237
f 2170 2169 2522
f 2170 2522 2289
f 2169 2168 2294
f 2169 2294 2522
f 2522 2294 2298
f 2522 2298 2523
f 2289 2522 2523
f 2289 2523 2290
f 2101 2165 2524
f 2101 2524 2525
f 2165 2164 2292
f 2165 2292 2524
f 2524 2292 2168
f 2524 2168 2166
f 2525 2524 2166
f 2525 2166 2106
f 2060 2102 2526
f 2060 2526 2061
f 2102 2101 2525
f 2102 2525 2526
f 2526 2525 2106
f 2526 2106 2103
f 2061 2526 2103
f 2061 2103 2062
f 1936 1935 2527
f 1936 2527 2053
f 1935 1934 2058
f 1935 2058 2527
f 2527 2058 2062
f 2527 2062 2105
f 2053 2527 2105
f 2053 2105 2054
f 1919 1924 2528
f 1919 2528 2529
f 1924 1923 2056
f 1924 2056 2528
f 2528 2056 1934
f 2528 1934 1932
f 2529 2528 1932
f 2529 1932 1928
f 1854 1920 2530
f 1854 2530 1855
f 1920 1919 2529
f 1920 2529 2530
f 2530 2529 1928
f 2530 1928 1925
f 1855 2530 1925
f 1855 1925 1856
f 1697 1696 2531
f 1697 2531 1847
f 1696 1695 1852
f 1696 1852 2531
f 2531 1852 1856
f 2531 1856 1927
f 1847 2531 1927
f 1847 1927 1848
f 1690 1689 2532
f 1690 2532 2533
f 1689 1688 1850
f 1689 1850 2532
f 2532 1850 1695
f 2532 1695 1692
f 2533 2532 1692
f 2533 1692 1691
f 1468 1577 2534
f 1468 2534 1469
f 1577 1576 2535
f 1577 2535 2534
f 2534 2535 1581
f 2534 1581 1578
f 1469 2534 1578
f 1469 1578 1470
f 930 929 2536
f 930 2536 1509
f 929 928 1506
f 929 1506 2536
f 2536 1506 1462
f 2536 1462 2537
f 1509 2536 2537
f 1509 2537 1458
f 1458 2537 2538
f 1458 2538 1459
f 2537 1462 1465
f 2537 1465 2538
f 2538 1465 1470
f 2538 1470 1580
f 1459 2538 1580
f 1459 1580 1460
f 828 924 2539
f 828 2539 829
f 924 923 1504
f 924 1504 2539
f 2539 1504 928
f 2539 928 925
f 829 2539 925
f 829 925 830
f 287 2540 2541
f 287 2541 877
f 2540 295 826
f 2540 826 2541
f 2541 826 830
f 2541 830 927
f 877 2541 927
f 877 927 878
f 156 155 2542
f 156 2542 790
f 155 154 673
f 155 673 2542
f 2542 673 677
f 2542 677 2543
f 790 2542 2543
f 790 2543 791
f 48 2544 2545
f 48 2545 286
f 2544 71 291
f 2544 291 2545
f 2545 291 295
f 2545 295 2540
f 286 2545 2540
f 286 2540 287
f 149 148 2546
f 149 2546 2547
f 148 147 671
f 148 671 2546
f 2546 671 154
f 2546 154 151
f 2547 2546 151
f 2547 151 150
f 46 2548 2549
f 46 2549 47
f 2548 63 66
f 2548 66 2549
f 2549 66 71
f 2549 71 2544
f 47 2549 2544
f 47 2544 48
f 15 14 2550
f 15 2550 2551
f 14 13 2552
f 14 2552 2550
f 2550 2552 37
f 2550 37 34
f 2551 2550 34
f 2551 34 33
f 2196 2195 2553
f 2196 2553 2262
f 2195 2194 2267
f 2195 2267 2553
f 2553 2267 2271
f 2553 2271 2554
f 2262 2553 2554
f 2262 2554 2263
f 2128 2191 2555
f 2128 2555 2556
f 2191 2190 2265
f 2191 2265 2555
f 2555 2265 2194
f 2555 2194 2192
f 2556 2555 2192
f 2556 2192 2133
f 2033 2129 2557
f 2033 2557 2034
f 2129 2128 2556
f 2129 2556 2557
f 2557 2556 2133
f 2557 2133 2130
f 2034 2557 2130
f 2034 2130 2035
f 2005 2558 2559
f 2005 2559 2027
f 2558 2007 2031
f 2558 2031 2559
f 2559 2031 2035
f 2559 2035 2132
f 2027 2559 2132
f 2027 2132 2028
f 1991 1990 2560
f 1991 2560 2561
f 1990 1832 1831
f 1990 1831 2560
f 2560 1831 1830
f 2560 1830 2013
f 2561 2560 2013
f 2561 2013 2011
f 2005 2004 2562
f 2005 2562 2558
f 2004 1991 2561
f 2004 2561 2562
f 2562 2561 2011
f 2562 2011 2008
f 2558 2562 2008
f 2558 2008 2007
f 1714 1716 2563
f 1714 2563 2564
f 1716 1720 2015
f 1716 2015 2563
f 2563 2015 1830
f 2563 1830 1828
f 2564 2563 1828
f 2564 1828 1737
f 1706 1709 2565
f 1706 2565 2566
f 1709 1714 2564
f 1709 2564 2565
f 2565 2564 1737
f 2565 1737 1734
f 2566 2565 1734
f 2566 1734 1733
f 1441 1611 2567
f 1441 2567 1442
f 1611 1610 2568
f 1611 2568 2567
f 2567 2568 1615
f 2567 1615 1612
f 1442 2567 1612
f 1442 1612 1443
f 949 948 2569
f 949 2569 1519
f 948 947 1516
f 948 1516 2569
f 2569 1516 1435
f 2569 1435 2570
f 1519 2569 2570
f 1519 2570 1431
f 1431 2570 2571
f 1431 2571 1432
f 2570 1435 1438
f 2570 1438 2571
f 2571 1438 1443
f 2571 1443 1614
f 1432 2571 1614
f 1432 1614 1433
f 797 943 2572
f 797 2572 798
f 943 942 1514
f 943 1514 2572
f 2572 1514 947
f 2572 947 944
f 798 2572 944
f 798 944 799
f 390 389 2573
f 390 2573 864
f 389 388 795
f 389 795 2573
f 2573 795 799
f 2573 799 946
f 864 2573 946
f 864 946 865
f 163 2574 2575
f 163 2575 740
f 2574 173 775
f 2574 775 2575
f 2575 775 777
f 2575 777 2576
f 740 2575 2576
f 740 2576 741
f 60 385 2577
f 60 2577 2578
f 385 384 793
f 385 793 2577
f 2577 793 388
f 2577 388 386
f 2578 2577 386
f 2578 386 76
f 161 2579 2580
f 161 2580 162
f 2579 165 168
f 2579 168 2580
f 2580 168 173
f 2580 173 2574
f 162 2580 2574
f 162 2574 163
f 62 61 2581
f 62 2581 2582
f 61 60 2578
f 61 2578 2581
f 2581 2578 76
f 2581 76 73
f 2582 2581 73
f 2582 73 72
f 23 22 2583
f 23 2583 2584
f 22 21 2585
f 22 2585 2583
f 2583 2585 28
f 2583 28 25
f 2584 2583 25
f 2584 25 24
f 1610 2586 2587
f 1610 2587 2568
f 2586 1706 2566
f 2586 2566 2587
f 2587 2566 1733
f 2587 1733 2588
f 2568 2587 2588
f 2568 2588 1615
f 1576 2589 2590
f 1576 2590 2535
f 2589 1690 2533
f 2589 2533 2590
f 2590 2533 1691
f 2590 1691 2591
f 2535 2590 2591
f 2535 2591 1581
f 1087 2502 2592
f 1087 2592 2593
f 2502 1030 2594
f 2502 2594 2592
f 2592 2594 1031
f 2592 1031 2498
f 2593 2592 2498
f 2593 2498 1091
f 1144 2464 2595
f 1144 2595 2596
f 2464 1190 2597
f 2464 2597 2595
f 2595 2597 1191
f 2595 1191 2460
f 2596 2595 2460
f 2596 2460 1148
f 1639 2598 2599
f 1639 2599 2424
f 2598 2349 2422
f 2598 2422 2599
f 2599 2422 1655
f 2599 1655 2600
f 2424 2599 2600
f 2424 2600 1653
f 1625 2601 2602
f 1625 2602 2388
f 2601 1753 2386
f 2601 2386 2602
f 2602 2386 1875
f 2602 1875 2603
f 2388 2602 2603
f 2388 2603 1630
f 1639 1638 2604
f 1639 2604 2598
f 1638 1637 2605
f 1638 2605 2604
f 2604 2605 1641
f 2604 1641 2350
f 2598 2604 2350
f 2598 2350 2349
f 1712 1711 2606
f 1712 2606 1728
f 1711 1710 2214
f 1711 2214 2606
f 2606 2214 1705
f 2606 1705 1704
f 1728 2606 1704
f 1728 1704 1703
f 1630 2603 2607
f 1630 2607 1631
f 2603 1875 1878
f 2603 1878 2607
f 2607 1878 1645
f 2607 1645 2608
f 1631 2607 2608
f 1631 2608 1632
f 1621 2609 2610
f 1621 2610 1624
f 2609 1747 1749
f 2609 1749 2610
f 2610 1749 1753
f 2610 1753 2601
f 1624 2610 2601
f 1624 2601 1625
f 1617 2611 2612
f 1617 2612 1620
f 2611 1741 1743
f 2611 1743 2612
f 2612 1743 1747
f 2612 1747 2609
f 1620 2612 2609
f 1620 2609 1621
f 1615 2588 2613
f 1615 2613 1616
f 2588 1733 1736
f 2588 1736 2613
f 2613 1736 1741
f 2613 1741 2611
f 1616 2613 2611
f 1616 2611 1617
f 1583 2614 2615
f 1583 2615 1586
f 2614 1699 1731
f 2614 1731 2615
f 2615 1731 1597
f 2615 1597 2616
f 1586 2615 2616
f 1586 2616 1587
f 1610 1609 2617
f 1610 2617 2586
f 1609 1607 2212
f 1609 2212 2617
f 2617 2212 1710
f 2617 1710 1707
f 2586 2617 1707
f 2586 1707 1706
f 1591 2618 2619
f 1591 2619 1604
f 2618 1593 1701
f 2618 1701 2619
f 2619 1701 1705
f 2619 1705 2215
f 1604 2619 2215
f 1604 2215 1605
f 1581 2591 2620
f 1581 2620 1582
f 2591 1691 1694
f 2591 1694 2620
f 2620 1694 1699
f 2620 1699 2614
f 1582 2620 2614
f 1582 2614 1583
f 1572 2621 2622
f 1572 2622 1575
f 2621 1684 1686
f 2621 1686 2622
f 2622 1686 1690
f 2622 1690 2589
f 1575 2622 2589
f 1575 2589 1576
f 1568 2623 2624
f 1568 2624 1571
f 2623 1678 1680
f 2623 1680 2624
f 2624 1680 1684
f 2624 1684 2621
f 1571 2624 2621
f 1571 2621 1572
f 1564 2625 2626
f 1564 2626 1567
f 2625 1672 1674
f 2625 1674 2626
f 2626 1674 1678
f 2626 1678 2623
f 1567 2626 2623
f 1567 2623 1568
f 1560 2627 2628
f 1560 2628 1563
f 2627 1666 1668
f 2627 1668 2628
f 2628 1668 1672
f 2628 1672 2625
f 1563 2628 2625
f 1563 2625 1564
f 1089 2629 2630
f 1089 2630 1559
f 2629 1099 1662
f 2629 1662 2630
f 2630 1662 1666
f 2630 1666 2627
f 1559 2630 2627
f 1559 2627 1560
f 1653 2600 2631
f 1653 2631 1654
f 2600 1655 1658
f 2600 1658 2631
f 2631 1658 1368
f 2631 1368 2632
f 1654 2631 2632
f 1654 2632 1364
f 1637 2354 2633
f 1637 2633 2605
f 2354 1632 2608
f 2354 2608 2633
f 2633 2608 1645
f 2633 1645 1642
f 2605 2633 1642
f 2605 1642 1641
f 1591 1590 2634
f 1591 2634 2618
f 1590 1587 2616
f 1590 2616 2634
f 2634 2616 1597
f 2634 1597 1594
f 2618 2634 1594
f 2618 1594 1593
f 1324 1365 2635
f 1324 2635 2636
f 1365 1364 2632
f 1365 2632 2635
f 2635 2632 1368
f 2635 1368 1366
f 2636 2635 1366
f 2636 1366 1328
f 1284 1325 2637
f 1284 2637 2638
f 1325 1324 2636
f 1325 2636 2637
f 2637 2636 1328
f 2637 1328 1326
f 2638 2637 1326
f 2638 1326 1288
f 1244 1285 2639
f 1244 2639 2640
f 1285 1284 2638
f 1285 2638 2639
f 2639 2638 1288
f 2639 1288 1286
f 2640 2639 1286
f 2640 1286 1248
f 1188 1245 2641
f 1188 2641 2642
f 1245 1244 2640
f 1245 2640 2641
f 2641 2640 1248
f 2641 1248 1246
f 2642 2641 1246
f 2642 1246 1195
f 1190 1189 2643
f 1190 2643 2597
f 1189 1188 2642
f 1189 2642 2643
f 2643 2642 1195
f 2643 1195 1192
f 2597 2643 1192
f 2597 1192 1191
f 1028 1145 2644
f 1028 2644 2645
f 1145 1144 2596
f 1145 2596 2644
f 2644 2596 1148
f 2644 1148 1146
f 2645 2644 1146
f 2645 1146 1035
f 1087 2593 2646
f 1087 2646 1088
f 2593 1091 1094
f 2593 1094 2646
f 2646 1094 1099
f 2646 1099 2629
f 1088 2646 2629
f 1088 2629 1089
f 1030 1029 2647
f 1030 2647 2594
f 1029 1028 2645
f 1029 2645 2647
f 2647 2645 1035
f 2647 1035 1032
f 2594 2647 1032
f 2594 1032 1031
f 21 2648 2649
f 21 2649 2585
f 2648 62 2582
f 2648 2582 2649
f 2649 2582 72
f 2649 72 2650
f 2585 2649 2650
f 2585 2650 28
f 2651 2652 2653
f 2651 2653 2654
f 2652 2655 2656
f 2652 2656 2653
f 2653 2656 63
f 2653 63 2548
f 2654 2653 2548
f 2654 2548 46
f 235 234 2657
f 235 2657 2509
f 234 233 2520
f 234 2520 2657
f 2657 2520 237
f 2657 237 2658
f 2509 2657 2658
f 2509 2658 324
f 342 2479 2659
f 342 2659 343
f 2479 411 2660
f 2479 2660 2659
f 2659 2660 412
f 2659 412 2473
f 343 2659 2473
f 343 2473 344
f 591 2661 2662
f 591 2662 2435
f 2661 623 2437
f 2661 2437 2662
f 2662 2437 650
f 2662 650 2663
f 2435 2662 2663
f 2435 2663 659
f 573 2664 2665
f 573 2665 2403
f 2664 605 2400
f 2664 2400 2665
f 2665 2400 606
f 2665 606 2666
f 2403 2665 2666
f 2403 2666 580
f 582 2667 2668
f 582 2668 2369
f 2667 614 2366
f 2667 2366 2668
f 2668 2366 615
f 2668 615 2669
f 2369 2668 2669
f 2369 2669 589
f 659 2663 2670
f 659 2670 660
f 2663 650 653
f 2663 653 2670
f 2670 653 512
f 2670 512 511
f 660 2670 511
f 660 511 510
f 589 2669 2671
f 589 2671 590
f 2669 615 618
f 2669 618 2671
f 2671 618 623
f 2671 623 2661
f 590 2671 2661
f 590 2661 591
f 580 2666 2672
f 580 2672 581
f 2666 606 609
f 2666 609 2672
f 2672 609 614
f 2672 614 2667
f 581 2672 2667
f 581 2667 582
f 567 2673 2674
f 567 2674 572
f 2673 599 601
f 2673 601 2674
f 2674 601 605
f 2674 605 2664
f 572 2674 2664
f 572 2664 573
f 369 2675 2676
f 369 2676 566
f 2675 377 595
f 2675 595 2676
f 2676 595 599
f 2676 599 2673
f 566 2676 2673
f 566 2673 567
f 494 493 2677
f 494 2677 502
f 493 492 508
f 493 508 2677
f 2677 508 512
f 2677 512 654
f 502 2677 654
f 502 654 503
f 465 489 2678
f 465 2678 2679
f 489 488 506
f 489 506 2678
f 2678 506 492
f 2678 492 490
f 2679 2678 490
f 2679 490 470
f 437 466 2680
f 437 2680 438
f 466 465 2679
f 466 2679 2680
f 2680 2679 470
f 2680 470 467
f 438 2680 467
f 438 467 439
f 418 417 2681
f 418 2681 429
f 417 416 435
f 417 435 2681
f 2681 435 439
f 2681 439 469
f 429 2681 469
f 429 469 430
f 411 410 2682
f 411 2682 2660
f 410 409 433
f 410 433 2682
f 2682 433 416
f 2682 416 413
f 2660 2682 413
f 2660 413 412
f 367 2683 2684
f 367 2684 368
f 2683 269 373
f 2683 373 2684
f 2684 373 377
f 2684 377 2675
f 368 2684 2675
f 368 2675 369
f 328 2685 2686
f 328 2686 335
f 2685 245 340
f 2685 340 2686
f 2686 340 344
f 2686 344 2475
f 335 2686 2475
f 335 2475 336
f 30 2687 2688
f 30 2688 2689
f 2687 80 265
f 2687 265 2688
f 2688 265 269
f 2688 269 2683
f 2689 2688 2683
f 2689 2683 367
f 324 2658 2690
f 324 2690 325
f 2658 237 240
f 2658 240 2690
f 2690 240 245
f 2690 245 2685
f 325 2690 2685
f 325 2685 328
f 209 230 2691
f 209 2691 2692
f 230 229 2518
f 230 2518 2691
f 2691 2518 233
f 2691 233 231
f 2692 2691 231
f 2692 231 214
f 126 210 2693
f 126 2693 127
f 210 209 2692
f 210 2692 2693
f 2693 2692 214
f 2693 214 211
f 127 2693 211
f 127 211 128
f 307 2694 2695
f 307 2695 311
f 2694 116 124
f 2694 124 2695
f 2695 124 128
f 2695 128 213
f 311 2695 213
f 311 213 218
f 106 105 2696
f 106 2696 305
f 105 104 111
f 105 111 2696
f 2696 111 116
f 2696 116 2694
f 305 2696 2694
f 305 2694 307
f 86 2697 2698
f 86 2698 87
f 2697 112 109
f 2697 109 2698
f 2698 109 104
f 2698 104 101
f 87 2698 101
f 87 101 88
f 69 68 2699
f 69 2699 296
f 68 67 83
f 68 83 2699
f 2699 83 88
f 2699 88 103
f 296 2699 103
f 296 103 108
f 28 2650 2700
f 28 2700 29
f 2650 72 75
f 2650 75 2700
f 2700 75 80
f 2700 80 2687
f 29 2700 2687
f 29 2687 30
f 2655 2701 2702
f 2655 2702 2656
f 2701 84 81
f 2701 81 2702
f 2702 81 67
f 2702 67 64
f 2656 2702 64
f 2656 64 63
f 19 2703 2704
f 19 2704 20
f 2703 56 58
f 2703 58 2704
f 2704 58 62
f 2704 62 2648
f 20 2704 2648
f 20 2648 21
f 2705 2706 2707
f 2705 2707 2708
f 2706 42 52
f 2706 52 2707
f 2707 52 56
f 2707 56 2703
f 2708 2707 2703
f 2708 2703 19
f 2705 2709 2710
f 2705 2710 2706
f 2709 2651 2654
f 2709 2654 2710
f 2710 2654 46
f 2710 46 43
f 2706 2710 43
f 2706 43 42
f 2711 2712 2713
f 2711 2713 2714
f 2712 23 2584
f 2712 2584 2713
f 2713 2584 24
f 2713 24 2715
f 2714 2713 2715
f 2714 2715 2716
f 2651 2717 2718
f 2651 2718 2652
f 2717 15 2551
f 2717 2551 2718
f 2718 2551 33
f 2718 33 2719
f 2652 2718 2719
f 2652 2719 2655
f 229 228 2720
f 229 2720 2521
f 228 227 2515
f 228 2515 2720
f 2720 2515 246
f 2720 246 2721
f 2521 2720 2721
f 2521 2721 241
f 348 2722 2723
f 348 2723 349
f 2722 2724 2725
f 2722 2725 2723
f 2723 2725 403
f 2723 403 2476
f 349 2723 2476
f 349 2476 350
f 554 2726 2727
f 554 2727 2442
f 2726 593 2434
f 2726 2434 2727
f 2727 2434 655
f 2727 655 2728
f 2442 2727 2728
f 2442 2728 561
f 536 2729 2730
f 536 2730 2406
f 2729 575 2402
f 2729 2402 2730
f 2730 2402 576
f 2730 576 2731
f 2406 2730 2731
f 2406 2731 543
f 545 2732 2733
f 545 2733 2372
f 2732 584 2368
f 2732 2368 2733
f 2733 2368 585
f 2733 585 2734
f 2372 2733 2734
f 2372 2734 552
f 561 2728 2735
f 561 2735 562
f 2728 655 658
f 2728 658 2735
f 2735 658 520
f 2735 520 519
f 562 2735 519
f 562 519 518
f 552 2734 2736
f 552 2736 553
f 2734 585 588
f 2734 588 2736
f 2736 588 593
f 2736 593 2726
f 553 2736 2726
f 553 2726 554
f 543 2731 2737
f 543 2737 544
f 2731 576 579
f 2731 579 2737
f 2737 579 584
f 2737 584 2732
f 544 2737 2732
f 544 2732 545
f 530 2738 2739
f 530 2739 535
f 2738 569 571
f 2738 571 2739
f 2739 571 575
f 2739 575 2729
f 535 2739 2729
f 535 2729 536
f 361 2740 2741
f 361 2741 529
f 2740 371 565
f 2740 565 2741
f 2741 565 569
f 2741 569 2738
f 529 2741 2738
f 529 2738 530
f 488 487 2742
f 488 2742 509
f 487 486 515
f 487 515 2742
f 2742 515 520
f 2742 520 661
f 509 2742 661
f 509 661 510
f 2743 2744 2745
f 2743 2745 2746
f 2744 516 513
f 2744 513 2745
f 2745 513 486
f 2745 486 484
f 2746 2745 484
f 2746 484 463
f 445 2747 2748
f 445 2748 446
f 2747 2743 2746
f 2747 2746 2748
f 2748 2746 463
f 2748 463 460
f 446 2748 460
f 446 460 447
f 409 408 2749
f 409 2749 436
f 408 407 442
f 408 442 2749
f 2749 442 447
f 2749 447 462
f 436 2749 462
f 436 462 437
f 2724 2750 2751
f 2724 2751 2725
f 2750 443 440
f 2750 440 2751
f 2751 440 407
f 2751 407 404
f 2725 2751 404
f 2725 404 403
f 275 274 2752
f 275 2752 360
f 274 273 366
f 274 366 2752
f 2752 366 371
f 2752 371 2740
f 360 2752 2740
f 360 2740 361
f 243 2753 2754
f 243 2754 341
f 2753 254 346
f 2753 346 2754
f 2754 346 350
f 2754 350 2478
f 341 2754 2478
f 341 2478 342
f 30 2689 2755
f 30 2755 31
f 2689 367 364
f 2689 364 2755
f 2755 364 273
f 2755 273 270
f 31 2755 270
f 31 270 32
f 241 2721 2756
f 241 2756 242
f 2721 246 249
f 2721 249 2756
f 2756 249 254
f 2756 254 2753
f 242 2756 2753
f 242 2753 243
f 2757 2758 2759
f 2757 2759 2760
f 2758 2516 2513
f 2758 2513 2759
f 2759 2513 227
f 2759 227 225
f 2760 2759 225
f 2760 225 207
f 132 2761 2762
f 132 2762 133
f 2761 2757 2760
f 2761 2760 2762
f 2762 2760 207
f 2762 207 204
f 133 2762 204
f 133 204 134
f 114 2763 2764
f 114 2764 125
f 2763 122 130
f 2763 130 2764
f 2764 130 134
f 2764 134 206
f 125 2764 206
f 125 206 126
f 112 2765 2766
f 112 2766 113
f 2765 100 118
f 2765 118 2766
f 2766 118 122
f 2766 122 2763
f 113 2766 2763
f 113 2763 114
f 86 2767 2768
f 86 2768 2697
f 2767 94 96
f 2767 96 2768
f 2768 96 100
f 2768 100 2765
f 2697 2768 2765
f 2697 2765 112
f 84 2769 2770
f 84 2770 85
f 2769 41 90
f 2769 90 2770
f 2770 90 94
f 2770 94 2767
f 85 2770 2767
f 85 2767 86
f 2655 2719 2771
f 2655 2771 2701
f 2719 33 36
f 2719 36 2771
f 2771 36 41
f 2771 41 2769
f 2701 2771 2769
f 2701 2769 84
f 2716 2715 2772
f 2716 2772 2773
f 2715 24 27
f 2715 27 2772
f 2772 27 32
f 2772 32 272
f 2773 2772 272
f 2773 272 277
f 5 2 2774
f 5 2774 2775
f 2 1 18
f 2 18 2774
f 2774 18 23
f 2774 23 2712
f 2775 2774 2712
f 2775 2712 2711
f 2705 2776 2777
f 2705 2777 2709
f 2776 9 11
f 2776 11 2777
f 2777 11 15
f 2777 15 2717
f 2709 2777 2717
f 2709 2717 2651
f 19 16 2778
f 19 2778 2708
f 16 1 4
f 16 4 2778
f 2778 4 9
f 2778 9 2776
f 2708 2778 2776
f 2708 2776 2705
f 2711 2714 2779
f 2711 2779 2780
f 2714 2716 2781
f 2714 2781 2779
f 2779 2781 165
f 2779 165 2579
f 2780 2779 2579
f 2780 2579 161
f 13 2782 2783
f 13 2783 2552
f 2782 149 2547
f 2782 2547 2783
f 2783 2547 150
f 2783 150 2784
f 2552 2783 2784
f 2552 2784 37
f 2516 2785 2786
f 2516 2786 2517
f 2785 224 2512
f 2785 2512 2786
f 2786 2512 255
f 2786 255 2787
f 2517 2786 2787
f 2517 2787 250
f 348 2788 2789
f 348 2789 2722
f 2788 356 2481
f 2788 2481 2789
f 2789 2481 394
f 2789 394 2790
f 2722 2789 2790
f 2722 2790 2724
f 784 2791 2792
f 784 2792 2430
f 2791 556 2441
f 2791 2441 2792
f 2792 2441 557
f 2792 557 2793
f 2430 2792 2793
f 2430 2793 678
f 666 2794 2795
f 666 2795 2394
f 2794 538 2405
f 2794 2405 2795
f 2795 2405 539
f 2795 539 2796
f 2394 2795 2796
f 2394 2796 730
f 734 2797 2798
f 734 2798 2360
f 2797 547 2371
f 2797 2371 2798
f 2798 2371 548
f 2798 548 2799
f 2360 2798 2799
f 2360 2799 780
f 678 2793 2800
f 678 2800 679
f 2793 557 560
f 2793 560 2800
f 2800 560 526
f 2800 526 525
f 679 2800 525
f 679 525 524
f 780 2799 2801
f 780 2801 781
f 2799 548 551
f 2799 551 2801
f 2801 551 556
f 2801 556 2791
f 781 2801 2791
f 781 2791 784
f 730 2796 2802
f 730 2802 731
f 2796 539 542
f 2796 542 2802
f 2802 542 547
f 2802 547 2797
f 731 2802 2797
f 731 2797 734
f 662 2803 2804
f 662 2804 663
f 2803 532 534
f 2803 534 2804
f 2804 534 538
f 2804 538 2794
f 663 2804 2794
f 663 2794 666
f 758 2805 2806
f 758 2806 759
f 2805 363 528
f 2805 528 2806
f 2806 528 532
f 2806 532 2803
f 759 2806 2803
f 759 2803 662
f 516 2807 2808
f 516 2808 517
f 2807 483 522
f 2807 522 2808
f 2808 522 526
f 2808 526 563
f 517 2808 563
f 517 563 518
f 2743 2809 2810
f 2743 2810 2744
f 2809 459 479
f 2809 479 2810
f 2810 479 483
f 2810 483 2807
f 2744 2810 2807
f 2744 2807 516
f 445 2811 2812
f 445 2812 2747
f 2811 453 455
f 2811 455 2812
f 2812 455 459
f 2812 459 2809
f 2747 2812 2809
f 2747 2809 2743
f 443 2813 2814
f 443 2814 444
f 2813 402 449
f 2813 449 2814
f 2814 449 453
f 2814 453 2811
f 444 2814 2811
f 444 2811 445
f 2724 2790 2815
f 2724 2815 2750
f 2790 394 397
f 2790 397 2815
f 2815 397 402
f 2815 402 2813
f 2750 2815 2813
f 2750 2813 443
f 282 281 2816
f 282 2816 764
f 281 280 359
f 281 359 2816
f 2816 359 363
f 2816 363 2805
f 764 2816 2805
f 764 2805 758
f 252 2817 2818
f 252 2818 347
f 2817 263 352
f 2817 352 2818
f 2818 352 356
f 2818 356 2788
f 347 2818 2788
f 347 2788 348
f 277 276 2819
f 277 2819 2820
f 276 275 357
f 276 357 2819
f 2819 357 280
f 2819 280 278
f 2820 2819 278
f 2820 278 169
f 250 2787 2821
f 250 2821 251
f 2787 255 258
f 2787 258 2821
f 2821 258 263
f 2821 263 2817
f 251 2821 2817
f 251 2817 252
f 2757 2822 2823
f 2757 2823 2758
f 2822 203 220
f 2822 220 2823
f 2823 220 224
f 2823 224 2785
f 2758 2823 2785
f 2758 2785 2516
f 132 2824 2825
f 132 2825 2761
f 2824 197 199
f 2824 199 2825
f 2825 199 203
f 2825 203 2822
f 2761 2825 2822
f 2761 2822 2757
f 120 2826 2827
f 120 2827 131
f 2826 191 193
f 2826 193 2827
f 2827 193 197
f 2827 197 2824
f 131 2827 2824
f 131 2824 132
f 98 2828 2829
f 98 2829 119
f 2828 185 187
f 2828 187 2829
f 2829 187 191
f 2829 191 2826
f 119 2829 2826
f 119 2826 120
f 92 2830 2831
f 92 2831 97
f 2830 179 181
f 2830 181 2831
f 2831 181 185
f 2831 185 2828
f 97 2831 2828
f 97 2828 98
f 39 2832 2833
f 39 2833 91
f 2832 158 175
f 2832 175 2833
f 2833 175 179
f 2833 179 2830
f 91 2833 2830
f 91 2830 92
f 2716 2773 2834
f 2716 2834 2781
f 2773 277 2820
f 2773 2820 2834
f 2834 2820 169
f 2834 169 166
f 2781 2834 166
f 2781 166 165
f 5 2775 2835
f 5 2835 2836
f 2775 2711 2780
f 2775 2780 2835
f 2835 2780 161
f 2835 161 159
f 2836 2835 159
f 2836 159 139
f 37 2784 2837
f 37 2837 38
f 2784 150 153
f 2784 153 2837
f 2837 153 158
f 2837 158 2832
f 38 2837 2832
f 38 2832 39
f 7 2838 2839
f 7 2839 12
f 2838 135 145
f 2838 145 2839
f 2839 145 149
f 2839 149 2782
f 12 2839 2782
f 12 2782 13
f 7 6 2840
f 7 2840 2838
f 6 5 2836
f 6 2836 2840
f 2840 2836 139
f 2840 139 136
f 2838 2840 136
f 2838 136 135
f 2254 2260 2841
f 2254 2841 2842
f 2260 2259 2843
f 2260 2843 2841
f 2841 2843 2844
f 2841 2844 2845
f 2842 2841 2845
f 2842 2845 2846
f 2254 2842 2847
f 2254 2847 2255
f 2842 2846 2848
f 2842 2848 2847
f 2847 2848 2849
f 2847 2849 2850
f 2255 2847 2850
f 2255 2850 2256
f 2256 2850 2851
f 2256 2851 2374
f 2850 2849 2852
f 2850 2852 2851
f 2851 2852 2853
f 2851 2853 2854
f 2374 2851 2854
f 2374 2854 2247
f 2247 2854 2855
f 2247 2855 2248
f 2854 2853 2856
f 2854 2856 2855
f 2855 2856 2857
f 2855 2857 2858
f 2248 2855 2858
f 2248 2858 2249
f 2249 2858 2859
f 2249 2859 2336
f 2858 2857 2860
f 2858 2860 2859
f 2859 2860 2861
f 2859 2861 2862
f 2336 2859 2862
f 2336 2862 2241
f 2241 2862 2863
f 2241 2863 2242
f 2862 2861 2864
f 2862 2864 2863
f 2863 2864 2865
f 2863 2865 2866
f 2242 2863 2866
f 2242 2866 2243
f 2243 2866 2867
f 2243 2867 2409
f 2866 2865 2868
f 2866 2868 2867
f 2867 2868 2869
f 2867 2869 2870
f 2409 2867 2870
f 2409 2870 2236
f 2236 2870 2871
f 2236 2871 2237
f 2870 2869 2872
f 2870 2872 2871
f 2871 2872 2873
f 2871 2873 2874
f 2237 2871 2874
f 2237 2874 2232
f 2232 2874 2875
f 2232 2875 2233
f 2874 2873 2876
f 2874 2876 2875
f 2875 2876 2877
f 2875 2877 2878
f 2233 2875 2878
f 2233 2878 2228
f 2228 2878 2879
f 2228 2879 2229
f 2878 2877 2880
f 2878 2880 2879
f 2879 2880 2881
f 2879 2881 2882
f 2229 2879 2882
f 2229 2882 2224
f 2224 2882 2883
f 2224 2883 2225
f 2882 2881 2884
f 2882 2884 2883
f 2883 2884 2885
f 2883 2885 2886
f 2225 2883 2886
f 2225 2886 2219
f 2219 2886 2887
f 2219 2887 2220
f 2886 2885 2888
f 2886 2888 2887
f 2887 2888 2889
f 2887 2889 2890
f 2220 2887 2890
f 2220 2890 2221
f 2221 2890 2891
f 2221 2891 2445
f 2890 2889 2892
f 2890 2892 2891
f 2891 2892 2893
f 2891 2893 2894
f 2445 2891 2894
f 2445 2894 2319
f 2319 2894 2895
f 2319 2895 2320
f 2894 2893 2896
f 2894 2896 2895
f 2895 2896 2897
f 2895 2897 2898
f 2320 2895 2898
f 2320 2898 2321
f 2321 2898 2899
f 2321 2899 2483
f 2898 2897 2900
f 2898 2900 2899
f 2899 2900 2901
f 2899 2901 2902
f 2483 2899 2902
f 2483 2902 2326
f 2326 2902 2903
f 2326 2903 2327
f 2902 2901 2904
f 2902 2904 2903
f 2903 2904 2905
f 2903 2905 2906
f 2327 2903 2906
f 2327 2906 2314
f 2314 2906 2907
f 2314 2907 2315
f 2906 2905 2908
f 2906 2908 2907
f 2907 2908 2909
f 2907 2909 2910
f 2315 2907 2910
f 2315 2910 2316
f 2310 2309 2911
f 2310 2911 2912
f 2309 2308 2913
f 2309 2913 2911
f 2911 2913 2914
f 2911 2914 2915
f 2912 2911 2915
f 2912 2915 2916
f 2304 2303 2917
f 2304 2917 2918
f 2303 2302 2919
f 2303 2919 2917
f 2917 2919 2920
f 2917 2920 2921
f 2918 2917 2921
f 2918 2921 2922
f 2861 2923 2924
f 2861 2924 2864
f 2925 2926 2924
f 2925 2924 2923
f 2865 2864 2924
f 2865 2924 2926
f 2927 2928 2929
f 2927 2929 2930
f 2877 2931 2929
f 2877 2929 2928
f 2932 2930 2929
f 2932 2929 2931
f 2290 2933 2934
f 2290 2934 2291
f 2933 2935 2936
f 2933 2936 2934
f 2934 2936 2937
f 2934 2937 2938
f 2291 2934 2938
f 2291 2938 2286
f 2286 2938 2939
f 2286 2939 2287
f 2938 2937 2940
f 2938 2940 2939
f 2939 2940 2941
f 2939 2941 2942
f 2287 2939 2942
f 2287 2942 2282
f 2282 2942 2943
f 2282 2943 2283
f 2942 2941 2944
f 2942 2944 2943
f 2943 2944 2945
f 2943 2945 2946
f 2283 2943 2946
f 2283 2946 2278
f 2278 2946 2947
f 2278 2947 2279
f 2946 2945 2948
f 2946 2948 2947
f 2947 2948 2949
f 2947 2949 2950
f 2279 2947 2950
f 2279 2950 2274
f 2274 2950 2951
f 2274 2951 2275
f 2950 2949 2952
f 2950 2952 2951
f 2951 2952 2953
f 2951 2953 2954
f 2275 2951 2954
f 2275 2954 2269
f 2269 2954 2955
f 2269 2955 2270
f 2954 2953 2956
f 2954 2956 2955
f 2955 2956 2957
f 2955 2957 2958
f 2270 2955 2958
f 2270 2958 2271
f 2271 2958 2959
f 2271 2959 2554
f 2958 2957 2960
f 2958 2960 2959
f 2959 2960 2961
f 2959 2961 2962
f 2554 2959 2962
f 2554 2962 2263
f 2263 2962 2963
f 2263 2963 2264
f 2962 2961 2964
f 2962 2964 2963
f 2963 2964 2844
f 2963 2844 2843
f 2264 2963 2843
f 2264 2843 2259
f 2965 2966 2967
f 2965 2967 2968
f 2966 2296 2333
f 2966 2333 2967
f 2967 2333 2304
f 2967 2304 2918
f 2968 2967 2918
f 2968 2918 2922
f 2920 2919 2969
f 2920 2969 2970
f 2919 2302 2331
f 2919 2331 2969
f 2969 2331 2310
f 2969 2310 2912
f 2970 2969 2912
f 2970 2912 2916
f 2914 2913 2971
f 2914 2971 2972
f 2913 2308 2329
f 2913 2329 2971
f 2971 2329 2316
f 2971 2316 2910
f 2972 2971 2910
f 2972 2910 2909
f 2846 2845 2973
f 2846 2973 2974
f 2845 2844 2975
f 2845 2975 2973
f 2973 2975 2976
f 2973 2976 2977
f 2974 2973 2977
f 2974 2977 2978
f 2978 2977 2979
f 2978 2979 2980
f 2977 2976 2981
f 2977 2981 2979
f 2979 2981 2982
f 2979 2982 2983
f 2980 2979 2983
f 2980 2983 2984
f 2984 2983 2985
f 2984 2985 2986
f 2983 2982 2987
f 2983 2987 2985
f 2985 2987 2988
f 2985 2988 2989
f 2986 2985 2989
f 2986 2989 2990
f 2990 2989 2991
f 2990 2991 2992
f 2989 2988 2993
f 2989 2993 2991
f 2991 2993 2994
f 2991 2994 2995
f 2992 2991 2995
f 2992 2995 2996
f 2996 2995 2997
f 2996 2997 2998
f 2995 2994 2999
f 2995 2999 2997
f 2997 2999 3000
f 2997 3000 3001
f 2998 2997 3001
f 2998 3001 3002
f 3002 3001 3003
f 3002 3003 3004
f 3001 3000 3005
f 3001 3005 3003
f 3003 3005 2901
f 3003 2901 2900
f 3004 3003 2900
f 3004 2900 2897
f 2844 2964 3006
f 2844 3006 2975
f 2964 2961 3007
f 2964 3007 3006
f 3006 3007 3008
f 3006 3008 3009
f 2975 3006 3009
f 2975 3009 2976
f 2976 3009 3010
f 2976 3010 2981
f 3009 3008 3011
f 3009 3011 3010
f 3010 3011 3012
f 3010 3012 3013
f 2981 3010 3013
f 2981 3013 2982
f 2982 3013 3014
f 2982 3014 2987
f 3013 3012 3015
f 3013 3015 3014
f 3014 3015 3016
f 3014 3016 3017
f 2987 3014 3017
f 2987 3017 2988
f 2988 3017 3018
f 2988 3018 2993
f 3017 3016 3019
f 3017 3019 3018
f 3018 3019 3020
f 3018 3020 3021
f 2993 3018 3021
f 2993 3021 2994
f 2994 3021 3022
f 2994 3022 2999
f 3021 3020 3023
f 3021 3023 3022
f 3022 3023 3024
f 3022 3024 3025
f 2999 3022 3025
f 2999 3025 3000
f 2961 2960 3026
f 2961 3026 3007
f 2960 2957 3027
f 2960 3027 3026
f 3026 3027 3028
f 3026 3028 3029
f 3007 3026 3029
f 3007 3029 3008
f 3008 3029 3030
f 3008 3030 3011
f 3029 3028 3031
f 3029 3031 3030
f 3030 3031 3032
f 3030 3032 3033
f 3011 3030 3033
f 3011 3033 3012
f 3012 3033 3034
f 3012 3034 3015
f 3033 3032 3035
f 3033 3035 3034
f 3034 3035 3036
f 3034 3036 3037
f 3015 3034 3037
f 3015 3037 3016
f 3016 3037 3038
f 3016 3038 3019
f 3037 3036 3039
f 3037 3039 3038
f 3038 3039 3040
f 3038 3040 3041
f 3019 3038 3041
f 3019 3041 3020
f 3020 3041 3042
f 3020 3042 3023
f 3041 3040 3043
f 3041 3043 3042
f 3042 3043 3044
f 3042 3044 3045
f 3023 3042 3045
f 3023 3045 3024
f 2957 2956 3046
f 2957 3046 3027
f 2956 2953 3047
f 2956 3047 3046
f 3046 3047 3048
f 3046 3048 3049
f 3027 3046 3049
f 3027 3049 3028
f 3028 3049 3050
f 3028 3050 3031
f 3049 3048 3051
f 3049 3051 3050
f 3050 3051 3052
f 3050 3052 3053
f 3031 3050 3053
f 3031 3053 3032
f 3032 3053 3054
f 3032 3054 3035
f 3053 3052 3055
f 3053 3055 3054
f 3054 3055 3056
f 3054 3056 3057
f 3035 3054 3057
f 3035 3057 3036
f 3036 3057 3058
f 3036 3058 3039
f 3057 3056 3059
f 3057 3059 3058
f 3058 3059 3060
f 3058 3060 3061
f 3039 3058 3061
f 3039 3061 3040
f 3040 3061 3062
f 3040 3062 3043
f 3061 3060 3063
f 3061 3063 3062
f 3062 3063 3064
f 3062 3064 3065
f 3043 3062 3065
f 3043 3065 3044
f 2953 2952 3066
f 2953 3066 3047
f 2952 2949 3067
f 2952 3067 3066
f 3066 3067 3068
f 3066 3068 3069
f 3047 3066 3069
f 3047 3069 3048
f 3048 3069 3070
f 3048 3070 3051
f 3069 3068 3071
f 3069 3071 3070
f 3070 3071 3072
f 3070 3072 3073
f 3051 3070 3073
f 3051 3073 3052
f 3052 3073 3074
f 3052 3074 3055
f 3073 3072 3075
f 3073 3075 3074
f 3074 3075 3076
f 3074 3076 3077
f 3055 3074 3077
f 3055 3077 3056
f 3056 3077 3078
f 3056 3078 3059
f 3077 3076 3079
f 3077 3079 3078
f 3078 3079 3080
f 3078 3080 3081
f 3059 3078 3081
f 3059 3081 3060
f 3060 3081 3082
f 3060 3082 3063
f 3081 3080 3083
f 3081 3083 3082
f 3082 3083 3084
f 3082 3084 3085
f 3063 3082 3085
f 3063 3085 3064
f 2949 2948 3086
f 2949 3086 3067
f 2948 2945 3087
f 2948 3087 3086
f 3086 3087 3088
f 3086 3088 3089
f 3067 3086 3089
f 3067 3089 3068
f 3068 3089 3090
f 3068 3090 3071
f 3089 3088 3091
f 3089 3091 3090
f 3090 3091 3092
f 3090 3092 3093
f 3071 3090 3093
f 3071 3093 3072
f 3072 3093 3094
f 3072 3094 3075
f 3093 3092 3095
f 3093 3095 3094
f 3094 3095 3096
f 3094 3096 3097
f 3075 3094 3097
f 3075 3097 3076
f 3076 3097 3098
f 3076 3098 3079
f 3097 3096 3099
f 3097 3099 3098
f 3098 3099 3100
f 3098 3100 3101
f 3079 3098 3101
f 3079 3101 3080
f 3080 3101 3102
f 3080 3102 3083
f 3101 3100 3103
f 3101 3103 3102
f 3102 3103 3104
f 3102 3104 3105
f 3083 3102 3105
f 3083 3105 3084
f 2846 2974 3106
f 2846 3106 2848
f 2974 2978 3107
f 2974 3107 3106
f 3106 3107 3108
f 3106 3108 3109
f 2848 3106 3109
f 2848 3109 2849
f 2978 2980 3110
f 2978 3110 3107
f 2980 2984 3111
f 2980 3111 3110
f 3110 3111 3112
f 3110 3112 3113
f 3107 3110 3113
f 3107 3113 3108
f 2984 2986 3114
f 2984 3114 3111
f 2986 2990 3115
f 2986 3115 3114
f 3114 3115 3116
f 3114 3116 3117
f 3111 3114 3117
f 3111 3117 3112
f 2990 2992 3118
f 2990 3118 3115
f 2992 2996 3119
f 2992 3119 3118
f 3118 3119 3120
f 3118 3120 3121
f 3115 3118 3121
f 3115 3121 3116
f 2996 2998 3122
f 2996 3122 3119
f 2998 3002 3123
f 2998 3123 3122
f 3122 3123 3124
f 3122 3124 3125
f 3119 3122 3125
f 3119 3125 3120
f 2849 3109 3126
f 2849 3126 2852
f 3109 3108 3127
f 3109 3127 3126
f 3126 3127 3128
f 3126 3128 3129
f 2852 3126 3129
f 2852 3129 2853
f 3108 3113 3130
f 3108 3130 3127
f 3113 3112 3131
f 3113 3131 3130
f 3130 3131 3132
f 3130 3132 3133
f 3127 3130 3133
f 3127 3133 3128
f 3112 3117 3134
f 3112 3134 3131
f 3117 3116 3135
f 3117 3135 3134
f 3134 3135 3136
f 3134 3136 3137
f 3131 3134 3137
f 3131 3137 3132
f 3116 3121 3138
f 3116 3138 3135
f 3121 3120 3139
f 3121 3139 3138
f 3138 3139 3140
f 3138 3140 3141
f 3135 3138 3141
f 3135 3141 3136
f 3120 3125 3142
f 3120 3142 3139
f 3125 3124 3143
f 3125 3143 3142
f 3142 3143 3144
f 3142 3144 3145
f 3139 3142 3145
f 3139 3145 3140
f 2853 3129 3146
f 2853 3146 2856
f 3129 3128 3147
f 3129 3147 3146
f 3146 3147 3148
f 3146 3148 3149
f 2856 3146 3149
f 2856 3149 2857
f 3128 3133 3150
f 3128 3150 3147
f 3133 3132 3151
f 3133 3151 3150
f 3150 3151 3152
f 3150 3152 3153
f 3147 3150 3153
f 3147 3153 3148
f 3132 3137 3154
f 3132 3154 3151
f 3137 3136 3155
f 3137 3155 3154
f 3154 3155 3156
f 3154 3156 3157
f 3151 3154 3157
f 3151 3157 3152
f 3136 3141 3158
f 3136 3158 3155
f 3141 3140 3159
f 3141 3159 3158
f 3158 3159 3160
f 3158 3160 3161
f 3155 3158 3161
f 3155 3161 3156
f 3140 3145 3162
f 3140 3162 3159
f 3145 3144 3163
f 3145 3163 3162
f 3162 3163 3164
f 3162 3164 3165
f 3159 3162 3165
f 3159 3165 3160
f 2857 3149 3166
f 2857 3166 2860
f 3149 3148 3167
f 3149 3167 3166
f 3166 3167 2925
f 3166 2925 2923
f 2860 3166 2923
f 2860 2923 2861
f 3148 3153 3168
f 3148 3168 3167
f 3153 3152 3169
f 3153 3169 3168
f 3168 3169 3170
f 3168 3170 3171
f 3167 3168 3171
f 3167 3171 2925
f 3152 3157 3172
f 3152 3172 3169
f 3157 3156 3173
f 3157 3173 3172
f 3172 3173 3174
f 3172 3174 3175
f 3169 3172 3175
f 3169 3175 3170
f 3156 3161 3176
f 3156 3176 3173
f 3161 3160 3177
f 3161 3177 3176
f 3176 3177 2932
f 3176 2932 3178
f 3173 3176 3178
f 3173 3178 3174
f 3160 3165 3179
f 3160 3179 3177
f 3165 3164 3180
f 3165 3180 3179
f 3179 3180 2927
f 3179 2927 2930
f 3177 3179 2930
f 3177 2930 2932
f 3096 3095 3181
f 3096 3181 3182
f 3095 3092 3183
f 3095 3183 3181
f 3181 3183 2941
f 3181 2941 2940
f 3182 3181 2940
f 3182 2940 2937
f 3100 3099 3184
f 3100 3184 3185
f 3099 3096 3182
f 3099 3182 3184
f 3184 3182 2937
f 3184 2937 2936
f 3185 3184 2936
f 3185 2936 2935
f 3104 3103 3186
f 3104 3186 3187
f 3103 3100 3188
f 3103 3188 3186
f 3186 3188 2922
f 3186 2922 2921
f 3187 3186 2921
f 3187 2921 2920
f 3100 3185 3189
f 3100 3189 3188
f 3185 2935 3190
f 3185 3190 3189
f 3189 3190 2965
f 3189 2965 2968
f 3188 3189 2968
f 3188 2968 2922
f 3092 3091 3191
f 3092 3191 3183
f 3091 3088 3087
f 3091 3087 3191
f 3191 3087 2945
f 3191 2945 2944
f 3183 3191 2944
f 3183 2944 2941
f 2925 3171 3192
f 2925 3192 2926
f 3171 3170 3193
f 3171 3193 3192
f 3192 3193 2869
f 3192 2869 2868
f 2926 3192 2868
f 2926 2868 2865
f 3170 3175 3194
f 3170 3194 3193
f 3175 3174 3195
f 3175 3195 3194
f 3194 3195 2873
f 3194 2873 2872
f 3193 3194 2872
f 3193 2872 2869
f 3174 3178 3196
f 3174 3196 3195
f 3178 2932 2931
f 3178 2931 3196
f 3196 2931 2877
f 3196 2877 2876
f 3195 3196 2876
f 3195 2876 2873
f 2927 3180 3197
f 2927 3197 2928
f 3180 3164 3198
f 3180 3198 3197
f 3197 3198 2881
f 3197 2881 2880
f 2928 3197 2880
f 2928 2880 2877
f 3164 3163 3199
f 3164 3199 3198
f 3163 3144 3200
f 3163 3200 3199
f 3199 3200 2885
f 3199 2885 2884
f 3198 3199 2884
f 3198 2884 2881
f 3144 3143 3201
f 3144 3201 3200
f 3143 3124 3202
f 3143 3202 3201
f 3201 3202 2889
f 3201 2889 2888
f 3200 3201 2888
f 3200 2888 2885
f 3124 3123 3203
f 3124 3203 3204
f 3123 3002 3004
f 3123 3004 3203
f 3203 3004 2897
f 3203 2897 2896
f 3204 3203 2896
f 3204 2896 2893
f 3084 3105 3205
f 3084 3205 3206
f 3105 3104 3187
f 3105 3187 3205
f 3205 3187 2920
f 3205 2920 2970
f 3206 3205 2970
f 3206 2970 2916
f 3064 3085 3207
f 3064 3207 3208
f 3085 3084 3206
f 3085 3206 3207
f 3207 3206 2916
f 3207 2916 2915
f 3208 3207 2915
f 3208 2915 2914
f 3044 3065 3209
f 3044 3209 3210
f 3065 3064 3208
f 3065 3208 3209
f 3209 3208 2914
f 3209 2914 2972
f 3210 3209 2972
f 3210 2972 2909
f 3024 3045 3211
f 3024 3211 3212
f 3045 3044 3210
f 3045 3210 3211
f 3211 3210 2909
f 3211 2909 2908
f 3212 3211 2908
f 3212 2908 2905
f 3000 3025 3213
f 3000 3213 3005
f 3025 3024 3212
f 3025 3212 3213
f 3213 3212 2905
f 3213 2905 2904
f 3005 3213 2904
f 3005 2904 2901
f 2965 3190 3214
f 2965 3214 2966
f 2935 2933 3214
f 2935 3214 3190
f 2290 2523 3214
f 2290 3214 2933
f 2298 2297 3214
f 2298 3214 2523
f 2296 2966 3214
f 2296 3214 2297
f 2889 3202 3215
f 2889 3215 2892
f 3124 3204 3215
f 3124 3215 3202
f 2893 2892 3215
f 2893 3215 3204
f 689 751 3216
f 689 3216 3217
f 751 750 3218
f 751 3218 3216
f 3216 3218 3219
f 3216 3219 3220
f 3217 3216 3220
f 3217 3220 3221
f 723 742 3222
f 723 3222 3223
f 742 741 3224
f 742 3224 3222
f 3222 3224 3225
f 3222 3225 3226
f 3223 3222 3226
f 3223 3226 3227
f 738 737 3228
f 738 3228 3229
f 737 736 3230
f 737 3230 3228
f 3228 3230 3231
f 3228 3231 3232
f 3229 3228 3232
f 3229 3232 3233
f 691 690 3234
f 691 3234 3235
f 690 689 3217
f 690 3217 3234
f 3234 3217 3221
f 3234 3221 3236
f 3235 3234 3236
f 3235 3236 3237
f 677 676 3238
f 677 3238 3239
f 676 675 3240
f 676 3240 3238
f 3238 3240 3241
f 3238 3241 3242
f 3239 3238 3242
f 3239 3242 3243
f 741 2576 3244
f 741 3244 3224
f 2576 777 3245
f 2576 3245 3244
f 3244 3245 3246
f 3244 3246 3247
f 3224 3244 3247
f 3224 3247 3225
f 706 719 3248
f 706 3248 3249
f 719 691 3235
f 719 3235 3248
f 3248 3235 3237
f 3248 3237 3250
f 3249 3248 3250
f 3249 3250 3251
f 695 792 3252
f 695 3252 3253
f 792 791 3254
f 792 3254 3252
f 3252 3254 3255
f 3252 3255 3256
f 3253 3252 3256
f 3253 3256 3257
f 683 707 3258
f 683 3258 3259
f 707 706 3249
f 707 3249 3258
f 3258 3249 3251
f 3258 3251 3260
f 3259 3258 3260
f 3259 3260 3261
f 697 696 3262
f 697 3262 3263
f 696 695 3253
f 696 3253 3262
f 3262 3253 3257
f 3262 3257 3264
f 3263 3262 3264
f 3263 3264 3265
f 788 787 3266
f 788 3266 3267
f 787 786 3268
f 787 3268 3266
f 3266 3268 3269
f 3266 3269 3270
f 3267 3266 3270
f 3267 3270 3271
f 763 762 3272
f 763 3272 3273
f 762 670 3274
f 762 3274 3272
f 3272 3274 3275
f 3272 3275 3276
f 3273 3272 3276
f 3273 3276 3277
f 729 728 3278
f 729 3278 3279
f 728 697 3263
f 728 3263 3278
f 3278 3263 3265
f 3278 3265 3280
f 3279 3278 3280
f 3279 3280 3281
f 747 746 3282
f 747 3282 3283
f 746 703 3284
f 746 3284 3282
f 3282 3284 3285
f 3282 3285 3286
f 3283 3282 3286
f 3283 3286 3287
f 670 669 3288
f 670 3288 3274
f 669 668 3289
f 669 3289 3288
f 3288 3289 3290
f 3288 3290 3291
f 3274 3288 3291
f 3274 3291 3275
f 710 773 3292
f 710 3292 3293
f 773 729 3279
f 773 3279 3292
f 3292 3279 3281
f 3292 3281 3294
f 3293 3292 3294
f 3293 3294 3295
f 668 2396 3296
f 668 3296 3289
f 2396 738 3229
f 2396 3229 3296
f 3296 3229 3233
f 3296 3233 3297
f 3289 3296 3297
f 3289 3297 3290
f 701 711 3298
f 701 3298 3299
f 711 710 3293
f 711 3293 3298
f 3298 3293 3295
f 3298 3295 3300
f 3299 3298 3300
f 3299 3300 3301
f 736 2362 3302
f 736 3302 3230
f 2362 788 3267
f 2362 3267 3302
f 3302 3267 3271
f 3302 3271 3303
f 3230 3302 3303
f 3230 3303 3231
f 703 702 3304
f 703 3304 3284
f 702 701 3299
f 702 3299 3304
f 3304 3299 3301
f 3304 3301 3305
f 3284 3304 3305
f 3284 3305 3285
f 771 770 3306
f 771 3306 3307
f 770 717 3308
f 770 3308 3306
f 3306 3308 3309
f 3306 3309 3310
f 3307 3306 3310
f 3307 3310 3311
f 786 2432 3312
f 786 3312 3268
f 2432 685 3313
f 2432 3313 3312
f 3312 3313 3314
f 3312 3314 3315
f 3268 3312 3315
f 3268 3315 3269
f 715 2508 3316
f 715 3316 3317
f 2508 747 3283
f 2508 3283 3316
f 3316 3283 3287
f 3316 3287 3318
f 3317 3316 3318
f 3317 3318 3319
f 757 756 3320
f 757 3320 3321
f 756 755 3322
f 756 3322 3320
f 3320 3322 3323
f 3320 3323 3324
f 3321 3320 3324
f 3321 3324 3325
f 717 716 3326
f 717 3326 3308
f 716 715 3317
f 716 3317 3326
f 3326 3317 3319
f 3326 3319 3327
f 3308 3326 3327
f 3308 3327 3309
f 725 724 3328
f 725 3328 3329
f 724 723 3223
f 724 3223 3328
f 3328 3223 3227
f 3328 3227 3330
f 3329 3328 3330
f 3329 3330 3331
f 685 684 3332
f 685 3332 3313
f 684 683 3259
f 684 3259 3332
f 3332 3259 3261
f 3332 3261 3333
f 3313 3332 3333
f 3313 3333 3314
f 755 766 3334
f 755 3334 3322
f 766 763 3273
f 766 3273 3334
f 3334 3273 3277
f 3334 3277 3335
f 3322 3334 3335
f 3322 3335 3323
f 777 776 3336
f 777 3336 3245
f 776 757 3321
f 776 3321 3336
f 3336 3321 3325
f 3336 3325 3337
f 3245 3336 3337
f 3245 3337 3246
f 675 779 3338
f 675 3338 3240
f 779 725 3329
f 779 3329 3338
f 3338 3329 3331
f 3338 3331 3339
f 3240 3338 3339
f 3240 3339 3241
f 750 2470 3340
f 750 3340 3218
f 2470 771 3307
f 2470 3307 3340
f 3340 3307 3311
f 3340 3311 3341
f 3218 3340 3341
f 3218 3341 3219
f 791 2543 3342
f 791 3342 3254
f 2543 677 3239
f 2543 3239 3342
f 3342 3239 3243
f 3342 3243 3343
f 3254 3342 3343
f 3254 3343 3255
f 3243 3242 3344
f 3243 3344 3343
f 3241 3339 3344
f 3241 3344 3242
f 3331 3330 3344
f 3331 3344 3339
f 3227 3226 3344
f 3227 3344 3330
f 3225 3247 3344
f 3225 3344 3226
f 3246 3337 3344
f 3246 3344 3247
f 3325 3324 3344
f 3325 3344 3337
f 3323 3335 3344
f 3323 3344 3324
f 3277 3276 3344
f 3277 3344 3335
f 3275 3291 3344
f 3275 3344 3276
f 3290 3297 3344
f 3290 3344 3291
f 3233 3232 3344
f 3233 3344 3297
f 3231 3303 3344
f 3231 3344 3232
f 3271 3270 3344
f 3271 3344 3303
f 3269 3315 3344
f 3269 3344 3270
f 3314 3333 3344
f 3314 3344 3315
f 3261 3260 3344
f 3261 3344 3333
f 3251 3250 3344
f 3251 3344 3260
f 3237 3236 3344
f 3237 3344 3250
f 3221 3220 3344
f 3221 3344 3236
f 3219 3341 3344
f 3219 3344 3220
f 3311 3310 3344
f 3311 3344 3341
f 3309 3327 3344
f 3309 3344 3310
f 3319 3318 3344
f 3319 3344 3327
f 3287 3286 3344
f 3287 3344 3318
f 3285 3305 3344
f 3285 3344 3286
f 3301 3300 3344
f 3301 3344 3305
f 3295 3294 3344
f 3295 3344 3300
f 3281 3280 3344
f 3281 3344 3294
f 3265 3264 3344
f 3265 3344 3280
f 3257 3256 3344
f 3257 3344 3264
f 3255 3343 3344
f 3255 3344 3256