# https://github.com/mikedh/trimesh
v -0.08434066 -0.46620689 0.49897759
v -0.08589730 -0.46697358 0.53147250
v -0.08716208 -0.45582522 0.53171318
v -0.08065140 -0.45795502 0.49407932
v -0.08589730 -0.46562057 0.56669869
v -0.08789871 -0.45461290 0.56921135
v -0.08101603 -0.44503622 0.56923238
v -0.08083372 -0.44575492 0.53349371
v -0.08434066 -0.44911679 0.49885534
v -0.02857495 -0.44390334 0.53321554
v -0.02857494 -0.44887804 0.49761034
v -0.02857495 -0.44322080 0.57181180
v 0.02874737 -0.44360519 0.57172406
v 0.02874739 -0.44429909 0.53318570
v 0.02719075 -0.44911683 0.49885534
v 0.02386612 -0.44810850 0.59044010
v 0.03074879 -0.45713932 0.58752783
v 0.03074878 -0.45461290 0.56921135
v 0.02386613 -0.45388623 0.60168265
v 0.03074879 -0.46237346 0.59618440
v 0.02386613 -0.47132701 0.59049762
v 0.02386612 -0.46684693 0.58220067
v 0.02386612 -0.46507697 0.56454887
v 0.02719074 -0.46620694 0.49897759
v 0.02368380 -0.46578492 0.53175821
v -0.02857496 -0.46736946 0.53144252
v -0.02857495 -0.46659250 0.49779987
v -0.02857496 -0.46600495 0.56661096
v -0.08101606 -0.46684689 0.58220067
v -0.08789873 -0.45713923 0.58752783
v -0.08101606 -0.47132691 0.59049757
v -0.08789873 -0.46237336 0.59618440
v -0.08101606 -0.45388618 0.60168265
v -0.08101606 -0.44810850 0.59044010
v -0.02857496 -0.44696822 0.59094145
v -0.02857496 -0.45282492 0.60236330
v 0.02386613 -0.46105039 0.61026002
v 0.03074879 -0.46947307 0.60408697
v 0.02386613 -0.46783521 0.61772969
v 0.03074879 -0.47663171 0.61179359
v 0.02386612 -0.48499132 0.60594793
v 0.02386613 -0.47791051 0.59786498
v -0.02857496 -0.46798726 0.58169927
v -0.02857496 -0.47238827 0.58981697
v -0.08101606 -0.47791042 0.59786503
v -0.08789873 -0.46947302 0.60408702
v -0.08101606 -0.48499132 0.60594802
v -0.08789872 -0.47663167 0.61179359
v -0.08101606 -0.46783516 0.61772969
v -0.08101606 -0.46105034 0.61026002
v -0.02857496 -0.46002444 0.61101426
v -0.02857496 -0.46679120 0.61844664
v 0.02386612 -0.47267444 0.62462606
v 0.03074879 -0.48204279 0.61986197
v 0.02328548 -0.47710605 0.63058299
v 0.03074879 -0.48567215 0.62796034
v 0.02386612 -0.49524370 0.62475963
v 0.02386612 -0.49096579 0.61510548
v -0.02857496 -0.47893641 0.59711073
v -0.02857496 -0.48603532 0.60523102
v -0.08101604 -0.49096569 0.61510548
v -0.08789872 -0.48204274 0.61986202
v -0.08101604 -0.49524360 0.62475967
v -0.08789873 -0.48567210 0.62796039
v -0.08053868 -0.47684656 0.63067238
v -0.08101606 -0.47267435 0.62462606
v -0.02857496 -0.47253880 0.62463931
v -0.02857496 -0.47693694 0.63061345
v 0.02344422 -0.47823242 0.63695090
v 0.03074879 -0.48748577 0.63575664
v 0.02386612 -0.47757911 0.64242925
v 0.03074879 -0.48789769 0.64302565
v 0.02386612 -0.49796941 0.64343394
v 0.02386612 -0.49749847 0.63425772
v -0.02857496 -0.49207877 0.61452610
v -0.02857496 -0.49643621 0.62437468
v -0.08101606 -0.49749847 0.63425772
v -0.08789874 -0.48748573 0.63575668
v -0.08101606 -0.49796936 0.64343394
v -0.08789873 -0.48789764 0.64302565
v -0.08091705 -0.47784483 0.64242321
v -0.08065862 -0.47806284 0.63697735
v -0.02857498 -0.47791145 0.63697716
v -0.02857496 -0.47786171 0.64231784
v 0.02386612 -0.47740816 0.64670490
v 0.03074879 -0.48732208 0.64954197
v 0.02386612 -0.47638688 0.65006888
v 0.03074878 -0.48524066 0.65525643
v 0.02386612 -0.49358834 0.66023126
v 0.02386612 -0.49685949 0.65217863
v -0.02857496 -0.49873841 0.63408332
v -0.02857496 -0.49921016 0.64349504
v -0.08101606 -0.49685949 0.65217863
v -0.08789873 -0.48732203 0.64954202
v -0.08101607 -0.49358829 0.66023131
v -0.08789873 -0.48524062 0.65525648
v -0.08101606 -0.47638688 0.65006892
v -0.08101606 -0.47740811 0.64670490
v -0.02857496 -0.47710463 0.64649104
v -0.02857496 -0.47554008 0.64955343
v 0.02386612 -0.47421593 0.65268455
v 0.03074878 -0.48113512 0.66012004
v 0.02386613 -0.47075238 0.65456965
v 0.03024844 -0.47503161 0.66355710
v 0.02386612 -0.47931079 0.67254455
v 0.02386611 -0.48760415 0.66724894
v -0.02857498 -0.49804319 0.65251177
v -0.02857498 -0.49463513 0.66084968
v -0.08101607 -0.48760411 0.66724894
v -0.08789872 -0.48113512 0.66012004
v -0.08101606 -0.47931079 0.67254455
v -0.08739837 -0.47503156 0.66355710
v -0.08101604 -0.47075233 0.65456965
v -0.08101604 -0.47421584 0.65268460
v -0.02857496 -0.47340120 0.65179834
v -0.02857496 -0.47025456 0.65353983
v 0.02386612 -0.46596896 0.65567490
v 0.03024844 -0.46763563 0.66555718
v 0.02386612 -0.46037440 0.65569508
v 0.03024844 -0.45936641 0.66567179
v 0.02386612 -0.45835837 0.67564856
v 0.02386612 -0.46930234 0.67543956
v -0.02857498 -0.48841884 0.66813519
v -0.02857498 -0.47983162 0.67363839
v -0.08101606 -0.46930225 0.67543952
v -0.08739838 -0.46763558 0.66555718
v -0.08101606 -0.45835832 0.67564856
v -0.08739837 -0.45936636 0.66567179
v -0.08101604 -0.46037440 0.65569508
v -0.08101604 -0.46596892 0.65567490
v -0.02857496 -0.46582965 0.65503550
v -0.02857496 -0.46038449 0.65548297
v 0.02386611 -0.45458446 0.65432717
v 0.03024843 -0.45096037 0.66366789
v 0.02386612 -0.44931968 0.65153654
v 0.03074878 -0.44312767 0.65985724
v 0.02386611 -0.43737413 0.66769658
v 0.02386611 -0.44733633 0.67300865
v -0.02857496 -0.46950517 0.67664226
v -0.02857496 -0.45823565 0.67686277
v -0.08101604 -0.44733628 0.67300860
v -0.08739837 -0.45096032 0.66366789
v -0.08101604 -0.43737403 0.66769658
v -0.08789872 -0.44312763 0.65985724
v -0.08101606 -0.44931963 0.65153654
v -0.08101604 -0.45458436 0.65432717
v -0.02857496 -0.45470081 0.65406919
v -0.02857496 -0.44982132 0.65085655
v 0.02386612 -0.44523163 0.64745131
v 0.03074879 -0.43714802 0.65386514
v 0.02386612 -0.44245202 0.64290679
v 0.03074879 -0.43302786 0.64730303
v 0.02386612 -0.42409500 0.65189569
v 0.02386612 -0.42952927 0.66013649
v -0.02857496 -0.44689522 0.67414544
v -0.02857496 -0.43664723 0.66867996
v -0.08101606 -0.42952922 0.66013649
v -0.08789873 -0.43714797 0.65386514
v -0.08101606 -0.42409496 0.65189574
v -0.08789873 -0.43302781 0.64730308
v -0.08101606 -0.44245198 0.64290679
v -0.08101606 -0.44523163 0.64745126
v -0.02857496 -0.44618709 0.64667934
v -0.02857496 -0.44356901 0.64235975
v 0.02386613 -0.44095716 0.63878172
v 0.03074879 -0.43087271 0.64152658
v 0.02386613 -0.44031234 0.63550732
v 0.03074879 -0.42996651 0.63696904
v 0.02386613 -0.41975387 0.63884395
v 0.02386613 -0.42110051 0.64457619
v -0.02857496 -0.42857371 0.66090841
v -0.02857496 -0.42297792 0.65244273
v -0.08101604 -0.42110046 0.64457619
v -0.08789873 -0.43087271 0.64152658
v -0.08101603 -0.41975382 0.63884395
v -0.08789871 -0.42996646 0.63696909
v -0.08101606 -0.44031229 0.63550732
v -0.08101606 -0.44095711 0.63878172
v -0.02857496 -0.44216547 0.63842916
v -0.02857496 -0.44156336 0.63530426
v 0.02386613 -0.44006053 0.63254139
v 0.03074879 -0.42959311 0.63406384
v 0.02386613 -0.44002423 0.62395016
v 0.03074879 -0.42953960 0.62583394
v 0.02386613 -0.41908176 0.62464222
v 0.02386613 -0.41920565 0.63425511
v -0.02857496 -0.41989215 0.64492875
v -0.02857495 -0.41850280 0.63904696
v -0.08101604 -0.41920561 0.63425511
v -0.08789871 -0.42959311 0.63406384
v -0.08101603 -0.41908176 0.62464222
v -0.08789871 -0.42953960 0.62583394
v -0.08101604 -0.44002413 0.62395021
v -0.08101604 -0.44006053 0.63254139
v -0.02857496 -0.44132961 0.63243711
v -0.02857496 -0.44129850 0.62390806
v 0.02386613 -0.44018425 0.60314908
v 0.03074880 -0.42959293 0.60530220
v 0.02386613 -0.44119455 0.56504211
v 0.03024845 -0.43071652 0.56474103
v 0.02874740 -0.41905838 0.56719467
v 0.02874739 -0.41813195 0.60529117
v -0.02857495 -0.41793662 0.63435940
v -0.02857495 -0.41780739 0.62468432
v -0.08101604 -0.41921830 0.60314191
v -0.08789872 -0.42959293 0.60530220
v -0.08101604 -0.42023845 0.56443986
v -0.08739838 -0.43071648 0.56474099
v -0.08589731 -0.44196798 0.56783883
v -0.08589732 -0.44105391 0.60531324
v -0.02857496 -0.44145408 0.60531362
v -0.02857495 -0.44236793 0.56785000
v 0.02386613 -0.44383079 0.50681551
v 0.03024845 -0.43336785 0.50619290
v 0.02386614 -0.44892760 0.43786050
v 0.03024845 -0.43847923 0.43698470
v 0.02874741 -0.42664829 0.43589096
v 0.02874740 -0.42162348 0.50683564
v -0.02857496 -0.41773177 0.60529079
v -0.02857496 -0.41865839 0.56718349
v -0.08101604 -0.42290482 0.50557038
v -0.08739837 -0.43336781 0.50619290
v -0.08101603 -0.42803091 0.43610896
v -0.08739834 -0.43847918 0.43698470
v -0.08589729 -0.44948685 0.43785710
v -0.08589730 -0.44449711 0.50821533
v -0.02857494 -0.44489644 0.50823942
v -0.02857494 -0.44988556 0.43789133
v 0.02874739 -0.45778258 0.36817830
v 0.03074880 -0.44636818 0.36710807
v 0.02874740 -0.46576973 0.30198181
v 0.03074880 -0.45439880 0.30143321
v 0.02874740 -0.44302788 0.30088452
v 0.02874740 -0.43495373 0.36603804
v -0.02857494 -0.42122415 0.50681150
v -0.02857494 -0.42624958 0.43585668
v -0.08589729 -0.43495369 0.36603804
v -0.08789869 -0.44636813 0.36710812
v -0.08589729 -0.44302783 0.30088462
v -0.08789869 -0.45439880 0.30143321
v -0.08589729 -0.46576969 0.30198190
v -0.08589729 -0.45778253 0.36817830
v -0.02857494 -0.45818106 0.36821563
v -0.02857494 -0.46616670 0.30200104
v 0.02874740 -0.46983375 0.24207096
v 0.03074881 -0.45859634 0.24305490
v 0.02386615 -0.46163559 0.18978045
v 0.03074882 -0.45372364 0.19185158
v 0.02874741 -0.44302921 0.19503829
v 0.02874740 -0.44735884 0.24403874
v -0.02857494 -0.43455516 0.36600060
v -0.02857494 -0.44263086 0.30086538
v -0.08589730 -0.44735879 0.24403874
v -0.08789871 -0.45859629 0.24305480
v -0.08101603 -0.44223480 0.19568646
v -0.08789871 -0.45372359 0.19185158
v -0.08589729 -0.46441797 0.18866497
v -0.08589730 -0.46983370 0.24207096
v -0.02857494 -0.47022610 0.24203663
v -0.02857493 -0.46479147 0.18855361
v 0.02386615 -0.44128811 0.14325489
v 0.03074883 -0.43454355 0.14770248
v 0.02386617 -0.40593850 0.10300149
v 0.03074884 -0.40081732 0.10964789
v 0.02874743 -0.39316588 0.11770415
v 0.02874742 -0.42512127 0.15342142
v -0.02857494 -0.44696649 0.24407307
v -0.02857494 -0.44265577 0.19514956
v -0.08101604 -0.42416232 0.15367403
v -0.08789871 -0.43454350 0.14770248
v -0.08101601 -0.39199988 0.11757808
v -0.08789871 -0.40081732 0.10964789
v -0.08101602 -0.40593845 0.10300149
v -0.08589730 -0.44396564 0.14198392
v -0.02857494 -0.44429472 0.14178402
v -0.02857493 -0.40678666 0.10211457
v 0.02386617 -0.35518369 0.06866994
v 0.03074884 -0.35230616 0.07672827
v 0.02874744 -0.28928145 0.03891317
v 0.03074885 -0.28604688 0.04959822
v 0.02874744 -0.28281234 0.06028326
v 0.02874743 -0.34669328 0.08640429
v -0.02857494 -0.42479233 0.15362094
v -0.02857493 -0.39115172 0.11846499
v -0.08101600 -0.34499158 0.08623419
v -0.08789867 -0.35230614 0.07672837
v -0.08101597 -0.28054592 0.06012145
v -0.08789866 -0.28604688 0.04959822
v -0.08101597 -0.28637005 0.04068597
v -0.08101601 -0.35518364 0.06866994
v -0.02857492 -0.35580388 0.06760103
v -0.02857489 -0.28672442 0.03950325
v 0.02874746 -0.19952113 0.01772015
v 0.03074887 -0.19907638 0.02891221
v 0.02874748 -0.09928246 0.00442998
v 0.03074889 -0.10044664 0.01581439
v 0.02874748 -0.10161084 0.02719852
v 0.02874746 -0.19863160 0.04010454
v -0.02857492 -0.34437137 0.08730290
v -0.02857489 -0.28019150 0.06130435
v -0.08589723 -0.19863169 0.04010454
v -0.08789863 -0.19907647 0.02891230
v -0.08589720 -0.10161094 0.02719842
v -0.08789863 -0.10044677 0.01581439
v -0.08101596 -0.09937292 0.00650554
v -0.08101596 -0.19816096 0.01965777
v -0.02857487 -0.19822690 0.01841594
v -0.02857487 -0.09928186 0.00523985
v -0.02857495 -0.45823766 0.48941684
v 0.02350150 -0.45795502 0.49407932
v -0.02857488 -0.19701113 0.04130564
v -0.02857487 -0.10095976 0.02857179
v 0.03001216 -0.45582527 0.53171323
v 0.00860220 -0.45938255 0.85218382
v 0.00626425 -0.46096605 0.83465547
v 0.01097423 -0.45250259 0.83390165
v 0.00614271 -0.45222518 0.85449493
v 0.00963997 -0.46296562 0.81533406
v 0.01097422 -0.45382910 0.81300276
v 0.00963997 -0.44469253 0.81067145
v 0.00626425 -0.44430809 0.83256774
v 0.00313749 -0.44611002 0.84917619
v -0.02857492 -0.44329360 0.83243000
v -0.02857493 -0.44557637 0.85048903
v -0.02857493 -0.44437354 0.81059008
v -0.06678981 -0.44469253 0.81067145
v -0.06341407 -0.44430805 0.83256769
v -0.06028736 -0.44610997 0.84917617
v -0.06353563 -0.44959433 0.79701416
v -0.06812409 -0.45713896 0.80001580
v -0.06812408 -0.45382910 0.81300274
v -0.06353564 -0.45534703 0.78676140
v -0.06812409 -0.46237328 0.79136116
v -0.06678982 -0.47026392 0.79659343
v -0.06678979 -0.46564745 0.80391921
v -0.06678981 -0.46296558 0.81533401
v -0.06575205 -0.45938245 0.85218380
v -0.06341407 -0.46096605 0.83465545
v -0.02857492 -0.46198092 0.83476813
v -0.02857493 -0.45963469 0.85282336
v -0.02857493 -0.46328466 0.81541545
v 0.00638579 -0.46516467 0.80410056
v 0.01097423 -0.45713901 0.80001583
v 0.00963997 -0.47026392 0.79659348
v 0.01097423 -0.46237328 0.79136126
v 0.00963997 -0.45448260 0.78612898
v 0.00963997 -0.44863047 0.79611242
v -0.02857493 -0.44833340 0.79597612
v -0.02857493 -0.45420712 0.78594629
v -0.06353563 -0.46245621 0.77831550
v -0.06812409 -0.46947295 0.78345921
v -0.06353563 -0.46926485 0.77079827
v -0.06812408 -0.47663164 0.77575263
v -0.06353564 -0.48356148 0.78061650
v -0.06353563 -0.47650448 0.78865176
v -0.02857493 -0.46594456 0.80405551
v -0.02857493 -0.47053939 0.79677615
v 0.00638579 -0.47650448 0.78865181
v 0.01097423 -0.46947299 0.78345923
v 0.00638579 -0.48356153 0.78061658
v 0.01097422 -0.47663169 0.77575270
v 0.00638579 -0.46926485 0.77079834
v 0.00963997 -0.46184416 0.77770989
v -0.02857493 -0.46157783 0.77750911
v -0.02857492 -0.46839486 0.77020085
v -0.06353563 -0.47419861 0.76371357
v -0.06812409 -0.48204271 0.76768423
v -0.06353564 -0.47727976 0.75698790
v -0.06812409 -0.48567208 0.75958587
v -0.06353564 -0.49361057 0.76225949
v -0.06353563 -0.48944138 0.77164740
v -0.02857492 -0.47735934 0.78928076
v -0.02857493 -0.48443157 0.78121401
v 0.00638579 -0.48944143 0.77164747
v 0.01097423 -0.48204276 0.76768428
v 0.00638579 -0.49361062 0.76225951
v 0.01097423 -0.48567222 0.75958594
v 0.00638579 -0.47727981 0.75698792
v 0.00638579 -0.47419871 0.76371364
v -0.02857492 -0.47327110 0.76323079
v -0.02857492 -0.47628601 0.75666709
v -0.06353563 -0.47882060 0.75066124
v -0.06812411 -0.48748571 0.75178957
v -0.06353564 -0.47927825 0.74503327
v -0.06812409 -0.48789767 0.74452058
v -0.06353565 -0.49627019 0.74419603
v -0.06353563 -0.49580043 0.75304972
v -0.02857492 -0.49036898 0.77213022
v -0.02857492 -0.49460432 0.76258025
v 0.00638580 -0.49580052 0.75304975
v 0.01097424 -0.48748575 0.75178960
v 0.00638579 -0.49627024 0.74419605
v 0.01097423 -0.48789772 0.74452061
v 0.00638579 -0.47927825 0.74503332
v 0.00638579 -0.47882060 0.75066131
v -0.02857492 -0.47778734 0.75051591
v -0.02857493 -0.47824428 0.74508421
v -0.06353563 -0.47902908 0.74038522
v -0.06812409 -0.48732202 0.73800424
v -0.06353563 -0.47782035 0.73663049
v -0.06812408 -0.48524065 0.73228978
v -0.06353564 -0.49215484 0.72816186
v -0.06353563 -0.49523854 0.73582377
v -0.02857492 -0.49683373 0.75319507
v -0.02857493 -0.49730420 0.74414511
v 0.00638579 -0.49523849 0.73582382
v 0.01097423 -0.48732211 0.73800433
v 0.00638579 -0.49215489 0.72816188
v 0.01097422 -0.48524065 0.73228982
v 0.00638579 -0.47782035 0.73663056
v 0.00638579 -0.47902913 0.74038531
v -0.02857492 -0.47804269 0.74066281
v -0.02857492 -0.47694804 0.73714584
v -0.06353563 -0.47533154 0.73364799
v -0.06812409 -0.48113506 0.72742621
v -0.06353563 -0.47146550 0.73147867
v -0.06779051 -0.47503150 0.72398918
v -0.06353564 -0.47859751 0.71649964
v -0.06353563 -0.48648843 0.72151105
v -0.02857492 -0.49622493 0.73554624
v -0.02857493 -0.49302719 0.72764653
v 0.00638579 -0.48648843 0.72151110
v 0.01097423 -0.48113511 0.72742626
v 0.00638579 -0.47859756 0.71649964
v 0.01064066 -0.47503155 0.72398918
v 0.00638579 -0.47146555 0.73147869
v 0.00638579 -0.47533154 0.73364801
v -0.02857492 -0.47465263 0.73438656
v -0.02857492 -0.47103156 0.73239022
v -0.06353562 -0.46624669 0.73022432
v -0.06779051 -0.46763557 0.72198907
v -0.06353563 -0.46020635 0.73018837
v -0.06779051 -0.45936630 0.72187443
v -0.06353564 -0.45852625 0.71356051
v -0.06353563 -0.46902446 0.71375384
v -0.02857492 -0.48716738 0.72077253
v -0.02857493 -0.47903154 0.71558813
v 0.00638579 -0.46902450 0.71375384
v 0.01064066 -0.46763562 0.72198909
v 0.00638579 -0.45852635 0.71356053
v 0.01064066 -0.45936635 0.72187445
v 0.00638579 -0.46020635 0.73018839
v 0.00638579 -0.46624669 0.73022437
v -0.02857492 -0.46607767 0.73122660
v -0.02857492 -0.46030861 0.73120024
v -0.06353562 -0.45398031 0.73166230
v -0.06779051 -0.45096026 0.72387836
v -0.06353563 -0.44832412 0.73466302
v -0.06812408 -0.44312752 0.72768895
v -0.06353564 -0.43836952 0.72119630
v -0.06353563 -0.44794022 0.71609443
v -0.02857492 -0.46919352 0.71275155
v -0.02857492 -0.45842409 0.71254868
v 0.00638579 -0.44794026 0.71609446
v 0.01064066 -0.45096036 0.72387838
v 0.00638579 -0.43836952 0.72119634
v 0.01097423 -0.44312766 0.72768900
v 0.00638579 -0.44832417 0.73466302
v 0.00638579 -0.45398041 0.73166230
v -0.02857492 -0.45434796 0.73260963
v -0.02857492 -0.44892991 0.73548252
v -0.06353563 -0.44392297 0.73903803
v -0.06812409 -0.43714791 0.73368105
v -0.06353563 -0.44092197 0.74389188
v -0.06812408 -0.43302784 0.74024318
v -0.06353564 -0.42562489 0.73639809
v -0.06353563 -0.43083771 0.72846665
v -0.02857492 -0.44757271 0.71514710
v -0.02857492 -0.43776374 0.72037685
v 0.00638580 -0.43083776 0.72846672
v 0.01097424 -0.43714800 0.73368113
v 0.00638579 -0.42562493 0.73639812
v 0.01097423 -0.43302789 0.74024320
v 0.00638579 -0.44092197 0.74389190
v 0.00638579 -0.44392302 0.73903803
v -0.02857492 -0.44471932 0.73968132
v -0.02857492 -0.44185287 0.74434790
v -0.06353563 -0.43930174 0.74828400
v -0.06812409 -0.43087269 0.74601966
v -0.06353563 -0.43859813 0.75174529
v -0.06812408 -0.42996644 0.75055612
v -0.06353564 -0.42146804 0.74894346
v -0.06353563 -0.42275575 0.74344535
v -0.02857492 -0.43004146 0.72782339
v -0.02857492 -0.42469408 0.73594209
v 0.00638580 -0.42275580 0.74344538
v 0.01097424 -0.43087274 0.74601966
v 0.00638579 -0.42146800 0.74894348
v 0.01097423 -0.42996649 0.75055617
v 0.00638579 -0.43859813 0.75174532
v 0.00638580 -0.43930179 0.74828403
v -0.02857492 -0.44030869 0.74857843
v -0.02857492 -0.43964053 0.75191580
v -0.06353562 -0.43831831 0.75473333
v -0.06812409 -0.42959309 0.75339838
v -0.06353563 -0.43824523 0.76279365
v -0.06812407 -0.42951280 0.76103841
v -0.06353564 -0.42079371 0.76210573
v -0.06353563 -0.42094109 0.75326291
v -0.02857492 -0.42174894 0.74315090
v -0.02857492 -0.42042564 0.74877295
v 0.00638580 -0.42094109 0.75326295
v 0.01097424 -0.42959314 0.75339841
v 0.00638579 -0.42079371 0.76210576
v 0.01097423 -0.42951285 0.76103844
v 0.00638579 -0.43824528 0.76279367
v 0.00638579 -0.43831836 0.75473335
v -0.02857492 -0.43937580 0.75482281
v -0.02857492 -0.43930725 0.76283551
v -0.06678979 -0.43903786 0.78009857
v -0.06812409 -0.42948588 0.77996854
v -0.06353564 -0.43820897 0.81453190
v -0.06812409 -0.42947333 0.81246088
v -0.06353564 -0.42073156 0.81434857
v -0.06353563 -0.42075033 0.78152510
v -0.02857492 -0.41988365 0.75317345
v -0.02857492 -0.41973174 0.76206387
v 0.00963998 -0.41993385 0.77983856
v 0.01097424 -0.42948588 0.77996856
v 0.00638579 -0.42073161 0.81434860
v 0.01097423 -0.42947338 0.81246088
v 0.00638580 -0.43820902 0.81453190
v 0.00638580 -0.43822505 0.78180256
v -0.02857493 -0.43937142 0.78010307
v -0.02857492 -0.43927250 0.81454303
v -0.06353563 -0.43809034 0.86125483
v -0.06812409 -0.42943636 0.86078785
v -0.06353563 -0.43730794 0.91035618
v -0.06779051 -0.42861780 0.90977490
v -0.06353564 -0.41992766 0.90919362
v -0.06353563 -0.42062543 0.86084881
v -0.02857493 -0.41960034 0.77983398
v -0.02857492 -0.41966813 0.81433742
v 0.00638581 -0.42062543 0.86084881
v 0.01097425 -0.42943641 0.86078787
v 0.00638579 -0.41992766 0.90919362
v 0.01064067 -0.42861780 0.90977490
v 0.00638579 -0.43730794 0.91035616
v 0.00638581 -0.43809044 0.86125483
v -0.02857492 -0.43915316 0.86127954
v -0.02857492 -0.43836558 0.91042690
v -0.06353563 -0.43511285 0.95033220
v -0.06779051 -0.42653789 0.94901231
v -0.06353563 -0.43008545 0.98223643
v -0.06779052 -0.42175343 0.97992188
v -0.06262697 -0.41538369 0.97807505
v -0.06353563 -0.41796292 0.94769243
v -0.02857492 -0.41956270 0.86082408
v -0.02857492 -0.41887002 0.90912289
v 0.00638579 -0.41796292 0.94769243
v 0.01064066 -0.42653793 0.94901233
v 0.00638579 -0.41342146 0.97760734
v 0.01064066 -0.42175348 0.97992188
v 0.00638579 -0.43008550 0.98223643
v 0.00638579 -0.43511290 0.95033220
v -0.02857492 -0.43615648 0.95049284
v -0.02857492 -0.43109947 0.98251812
v -0.06353563 -0.42080560 1.00925519
v -0.06779051 -0.41291270 1.00581000
v -0.06353565 -0.40652234 1.03481431
v -0.06779052 -0.39939510 1.03011918
v -0.06353565 -0.39226781 1.02542407
v -0.06325718 -0.40558551 1.00261860
v -0.02857492 -0.41691929 0.94753179
v -0.02857494 -0.41379707 0.97765623
v 0.00638579 -0.40501989 1.00236481
v 0.01064066 -0.41291279 1.00580998
v 0.00638579 -0.39226783 1.02542406
v 0.01064066 -0.39939515 1.03011916
v 0.00638579 -0.40652244 1.03481427
v 0.00638579 -0.42080569 1.00925516
v -0.02857493 -0.42176620 1.00967447
v -0.02857493 -0.40738984 1.03538570
v -0.06353563 -0.38616314 1.06124994
v -0.06779053 -0.38023053 1.05521860
v -0.06353564 -0.35605599 1.08412045
v -0.06779052 -0.35162214 1.07690085
v -0.06353564 -0.34718825 1.06968125
v -0.06353563 -0.37429791 1.04918726
v -0.02857493 -0.40436050 1.00208053
v -0.02857493 -0.39140041 1.02485264
v 0.00638579 -0.37429791 1.04918723
v 0.01064066 -0.38023053 1.05521857
v 0.00638579 -0.34718825 1.06968121
v 0.01064066 -0.35162214 1.07690082
v 0.00638579 -0.35605599 1.08412043
v 0.00638579 -0.38616314 1.06124991
v -0.02857493 -0.38688516 1.06198397
v -0.02857493 -0.35659563 1.08499909
v -0.06353563 -0.31191243 1.09905035
v -0.06779051 -0.30906888 1.09101678
v -0.06353563 -0.24834380 1.10883887
v -0.06779051 -0.24667235 1.10034302
v -0.06353564 -0.24500092 1.09184717
v -0.06353563 -0.30622527 1.08298321
v -0.02857492 -0.37357591 1.04845320
v -0.02857493 -0.34664866 1.06880258
v 0.00638578 -0.30622530 1.08298318
v 0.01064066 -0.30906888 1.09101675
v 0.00638578 -0.24500097 1.09184717
v 0.01064065 -0.24667240 1.10034299
v 0.00638578 -0.24834383 1.10883882
v 0.00638578 -0.31191243 1.09905032
v -0.02857492 -0.31225849 1.10002805
v -0.02857493 -0.24854722 1.10987283
v -0.06353563 -0.16417303 1.11681672
v -0.06812411 -0.16231455 1.10842649
v -0.06353563 -0.08459289 1.12232900
v -0.06779052 -0.08338993 1.11361487
v -0.06353565 -0.08218698 1.10490074
v -0.06353565 -0.16154272 1.09945723
v -0.02857493 -0.30587924 1.08200547
v -0.02857494 -0.24479753 1.09081319
v 0.00638578 -0.16154279 1.09945723
v 0.01097422 -0.16231462 1.10842647
v 0.00638578 -0.08218706 1.10490075
v 0.01064066 -0.08339003 1.11361487
v 0.00638579 -0.08459298 1.12232899
v 0.00638578 -0.16417308 1.11681670
v -0.02857493 -0.16433310 1.11787307
v -0.02857493 -0.08473934 1.12338954
v -0.02857492 -0.45219133 0.85700512
v -0.06329254 -0.45222508 0.85449491
v -0.02857493 -0.16138270 1.09840087
v -0.02857493 -0.08204061 1.10384020
v -0.06812409 -0.45250254 0.83390165
v 0.02719087 0.46778775 0.49897744
v 0.02368394 0.46736580 0.53175806
v 0.03001230 0.45740614 0.53171303
v 0.02350163 0.45953592 0.49407918
v 0.02386626 0.46665795 0.56454881
v 0.03074893 0.45619378 0.56921121
v 0.02874752 0.44518607 0.57172396
v 0.02874752 0.44587996 0.53318551
v 0.02719087 0.45069769 0.49885519
v -0.02857482 0.44548417 0.53321535
v -0.02857482 0.45045895 0.49761015
v -0.02857482 0.44480173 0.57181165
v -0.08101591 0.44661719 0.56923214
v -0.08083361 0.44733584 0.53349351
v -0.08434054 0.45069774 0.49885514
v -0.08101591 0.44968944 0.59043990
v -0.08789859 0.45872021 0.58752763
v -0.08789856 0.45619383 0.56921121
v -0.08101591 0.45546712 0.60168250
v -0.08789858 0.46395430 0.59618420
v -0.08101591 0.47290790 0.59049742
v -0.08101591 0.46842791 0.58220047
v -0.08589716 0.46720159 0.56669850
v -0.08434054 0.46778784 0.49897744
v -0.08589718 0.46855454 0.53147235
v -0.02857484 0.46895038 0.53144237
v -0.02857482 0.46817336 0.49779972
v -0.02857482 0.46758588 0.56661080
v 0.02386627 0.46842782 0.58220047
v 0.03074893 0.45872017 0.58752768
v 0.02386627 0.47290785 0.59049742
v 0.03074894 0.46395425 0.59618425
v 0.02386627 0.45546708 0.60168250
v 0.02386626 0.44968939 0.59043995
v -0.02857482 0.44854916 0.59094130
v -0.02857482 0.45440577 0.60236315
v -0.08101591 0.46263128 0.61025982
v -0.08789859 0.47105397 0.60408681
v -0.08101591 0.46941611 0.61772949
v -0.08789856 0.47821266 0.61179339
v -0.08101591 0.48657231 0.60594777
v -0.08101591 0.47949145 0.59786482
v -0.02857482 0.46956819 0.58169903
v -0.02857482 0.47396916 0.58981677
v 0.02386627 0.47949136 0.59786482
v 0.03074893 0.47105392 0.60408686
v 0.02386627 0.48657226 0.60594782
v 0.03074894 0.47821261 0.61179344
v 0.02386627 0.46941611 0.61772953
v 0.02386627 0.46263124 0.61025987
v -0.02857482 0.46160529 0.61101411
v -0.02857482 0.46837210 0.61844644
v -0.08101591 0.47425530 0.62462586
v -0.08789858 0.48362373 0.61986182
v -0.08101591 0.47722763 0.63108537
v -0.08789856 0.48725310 0.62796018
v -0.08101591 0.49682465 0.62475942
v -0.08101591 0.49254673 0.61510527
v -0.02857482 0.48051736 0.59711053
v -0.02857482 0.48761627 0.60523082
v 0.02386627 0.49254664 0.61510527
v 0.03074893 0.48362364 0.61986182
v 0.02386627 0.49682465 0.62475951
v 0.03074893 0.48725310 0.62796018
v 0.02386627 0.47722763 0.63108541
v 0.02386627 0.47425530 0.62462590
v -0.02857482 0.47314222 0.62520524
v -0.02857482 0.47603507 0.63147032
v -0.08101591 0.47870360 0.63712367
v -0.08789860 0.48906673 0.63575648
v -0.08101591 0.47916002 0.64242909
v -0.08789858 0.48947869 0.64302549
v -0.08101593 0.49955036 0.64343378
v -0.08101593 0.49907942 0.63425751
v -0.02857482 0.49365976 0.61452589
v -0.02857484 0.49801716 0.62437451
v 0.02386626 0.49907942 0.63425751
v 0.03074894 0.48906668 0.63575648
v 0.02386627 0.49955032 0.64343378
v 0.03074895 0.48947864 0.64302549
v 0.02386628 0.47915993 0.64242909
v 0.02386628 0.47870350 0.63712367
v -0.02857482 0.47746360 0.63729807
v -0.02857482 0.47791918 0.64236794
v -0.08101591 0.47898907 0.64670474
v -0.08789859 0.48890304 0.64954177
v -0.08101591 0.47796788 0.65006872
v -0.08789856 0.48682167 0.65525627
v -0.08101591 0.49516934 0.66023110
v -0.08101591 0.49844049 0.65217847
v -0.02857484 0.50031936 0.63408311
v -0.02857482 0.50079111 0.64349488
v 0.02386627 0.49844045 0.65217847
v 0.03074893 0.48890299 0.64954177
v 0.02386627 0.49516930 0.66023110
v 0.03074894 0.48682158 0.65525627
v 0.02386627 0.47796783 0.65006872
v 0.02386627 0.47898902 0.64670474
v -0.02857482 0.47780541 0.64637161
v -0.02857482 0.47692109 0.64945030
v -0.08101591 0.47579684 0.65268440
v -0.08789858 0.48271608 0.66011988
v -0.08101591 0.47233329 0.65456945
v -0.08739822 0.47661248 0.66355694
v -0.08101590 0.48089171 0.67254439
v -0.08101590 0.48918512 0.66724878
v -0.02857482 0.49962415 0.65251151
v -0.02857482 0.49621604 0.66084952
v 0.02386627 0.48918507 0.66724878
v 0.03074894 0.48271608 0.66011988
v 0.02386627 0.48089161 0.67254439
v 0.03024859 0.47661243 0.66355694
v 0.02386627 0.47233324 0.65456940
v 0.02386627 0.47579675 0.65268440
v -0.02857482 0.47498211 0.65179814
v -0.02857482 0.47181246 0.65347561
v -0.08101591 0.46754992 0.65567470
v -0.08739822 0.46921659 0.66555703
v -0.08101591 0.46195540 0.65569493
v -0.08739822 0.46094732 0.66567164
v -0.08101590 0.45993929 0.67564841
v -0.08101590 0.47088321 0.67543941
v -0.02857482 0.48999980 0.66813503
v -0.02857482 0.48141244 0.67363823
v 0.02386627 0.47088317 0.67543936
v 0.03024859 0.46921654 0.66555703
v 0.02386627 0.45993920 0.67564841
v 0.03024858 0.46094732 0.66567164
v 0.02386627 0.46195536 0.65569493
v 0.02386627 0.46754987 0.65567470
v -0.02857482 0.46734705 0.65447195
v -0.02857482 0.46197002 0.65544194
v -0.08069256 0.45586005 0.65515105
v -0.08739822 0.45254128 0.66366774
v -0.08058346 0.45020334 0.65247776
v -0.08739822 0.44492782 0.65961642
v -0.08101591 0.43895500 0.66769644
v -0.08101590 0.44891720 0.67300850
v -0.02857482 0.47108604 0.67664211
v -0.02857482 0.45981657 0.67686262
v 0.02386627 0.44891715 0.67300846
v 0.03024858 0.45254123 0.66366774
v 0.02386626 0.43895500 0.66769644
v 0.03024858 0.44492777 0.65961637
v 0.02345174 0.45023215 0.65243877
v 0.02356218 0.45587815 0.65510197
v -0.02857482 0.45593874 0.65499721
v -0.02857482 0.45029335 0.65234995
v -0.08060474 0.44593528 0.64813210
v -0.08789858 0.43872893 0.65386495
v -0.08087180 0.44368504 0.64307246
v -0.08789856 0.43460881 0.64730289
v -0.08101591 0.42567596 0.65189555
v -0.08101591 0.43111019 0.66013635
v -0.02857482 0.44847610 0.67414530
v -0.02857482 0.43822810 0.66867982
v 0.02386627 0.43111014 0.66013635
v 0.03074893 0.43872888 0.65386490
v 0.02386627 0.42567592 0.65189555
v 0.03074894 0.43460881 0.64730289
v 0.02372773 0.44369838 0.64306604
v 0.02346890 0.44596466 0.64810923
v -0.02857482 0.44601176 0.64802960
v -0.02857482 0.44372587 0.64302720
v -0.08101591 0.44253806 0.63878158
v -0.08789859 0.43245366 0.64152639
v -0.08101591 0.44189329 0.63550718
v -0.08789856 0.43154742 0.63696890
v -0.08101591 0.42133482 0.63884381
v -0.08101591 0.42268147 0.64457605
v -0.02857482 0.43015467 0.66090827
v -0.02857482 0.42455888 0.65244255
v 0.02386627 0.42268142 0.64457605
v 0.03074893 0.43245366 0.64152639
v 0.02386627 0.42133473 0.63884381
v 0.03074893 0.43154746 0.63696895
v 0.02386627 0.44189329 0.63550718
v 0.02386627 0.44253806 0.63878158
v -0.02857482 0.44317312 0.63857885
v -0.02857482 0.44314432 0.63530412
v -0.08101591 0.44164148 0.63254125
v -0.08789859 0.43117406 0.63406370
v -0.08101591 0.44160508 0.62395002
v -0.08789856 0.43112060 0.62583380
v -0.08101591 0.42066271 0.62464208
v -0.08101591 0.42078661 0.63425497
v -0.02857482 0.42147311 0.64492861
v -0.02857482 0.42008375 0.63904683
v 0.02386626 0.42078656 0.63425497
v 0.03074893 0.43117406 0.63406370
v 0.02386626 0.42066271 0.62464208
v 0.03074893 0.43112055 0.62583380
v 0.02386626 0.44160508 0.62394997
v 0.02386627 0.44164148 0.63254125
v -0.02857482 0.44291056 0.63243696
v -0.02857482 0.44287949 0.62390787
v -0.08589718 0.44263485 0.60531309
v -0.08789859 0.43117387 0.60530206
v -0.08589719 0.44354891 0.56783864
v -0.08739822 0.43229750 0.56474089
v -0.08101591 0.42181948 0.56443972
v -0.08101591 0.42079928 0.60314178
v -0.02857482 0.41951757 0.63435926
v -0.02857482 0.41938834 0.62468418
v 0.02874753 0.41971280 0.60529103
v 0.03074893 0.43117387 0.60530206
v 0.02874753 0.42063922 0.56719453
v 0.03024859 0.43229736 0.56474085
v 0.02386627 0.44277539 0.56504197
v 0.02386627 0.44176519 0.60314894
v -0.02857482 0.44303503 0.60531347
v -0.02857482 0.44394881 0.56784986
v -0.08589719 0.44607802 0.50821519
v -0.08739825 0.43494876 0.50619276
v -0.08589719 0.45106778 0.43785695
v -0.08739822 0.44006016 0.43698456
v -0.08101593 0.42961184 0.43610882
v -0.08101593 0.42448582 0.50557024
v -0.02857482 0.41931272 0.60529066
v -0.02857482 0.42023932 0.56718331
v 0.02874752 0.42320434 0.50683546
v 0.03024858 0.43494867 0.50619276
v 0.02874752 0.42822918 0.43589082
v 0.03024858 0.44006007 0.43698456
v 0.02386626 0.45050839 0.43786030
v 0.02386626 0.44541165 0.50681537
v -0.02857484 0.44647735 0.50823923
v -0.02857484 0.45146640 0.43789118
v -0.08589719 0.45936344 0.36817815
v -0.08789860 0.44794904 0.36710793
v -0.08589719 0.46735058 0.30198166
v -0.08789856 0.45597965 0.30143306
v -0.08589718 0.44460872 0.30088438
v -0.08589718 0.43653460 0.36603790
v -0.02857482 0.42280511 0.50681136
v -0.02857484 0.42783051 0.43585654
v 0.02874752 0.43653455 0.36603790
v 0.03074891 0.44794900 0.36710797
v 0.02874751 0.44460867 0.30088447
v 0.03074890 0.45597960 0.30143297
v 0.02874749 0.46735053 0.30198166
v 0.02874750 0.45936339 0.36817815
v -0.02857485 0.45976192 0.36821544
v -0.02857485 0.46774760 0.30200080
v -0.08589719 0.47141458 0.24207080
v -0.08789859 0.46017717 0.24305475
v -0.08589719 0.46599887 0.18866482
v -0.08789860 0.45530440 0.19185144
v -0.08101593 0.44381561 0.19568622
v -0.08589718 0.44893966 0.24403860
v -0.02857484 0.43613607 0.36600046
v -0.02857484 0.44421165 0.30086524
v 0.02874751 0.44893957 0.24403860
v 0.03074890 0.46017712 0.24305465
v 0.02874750 0.44460998 0.19503824
v 0.03074890 0.45530435 0.19185144
v 0.02386624 0.46321635 0.18978030
v 0.02874749 0.47141453 0.24207071
v -0.02857485 0.47180693 0.24203638
v -0.02857485 0.46637218 0.18855346
v -0.08589720 0.44554648 0.14198378
v -0.08789861 0.43612434 0.14770234
v -0.08101595 0.40751923 0.10300136
v -0.08789863 0.40239811 0.10964776
v -0.08101595 0.39358067 0.11757786
v -0.08101595 0.42574321 0.15367380
v -0.02857484 0.44854731 0.24407292
v -0.02857485 0.44423658 0.19514941
v 0.02874750 0.42670197 0.15342119
v 0.03074890 0.43612430 0.14770234
v 0.02874750 0.39474650 0.11770421
v 0.03074890 0.40239801 0.10964766
v 0.02386624 0.40751918 0.10300136
v 0.02386624 0.44286885 0.14325465
v -0.02857486 0.44587551 0.14178388
v -0.02857487 0.40836744 0.10211444
v -0.08101595 0.35676441 0.06866982
v -0.08789862 0.35388689 0.07672816
v -0.08101595 0.28795076 0.04068587
v -0.08789863 0.28762767 0.04959812
v -0.08101596 0.28212669 0.06012136
v -0.08101595 0.34657233 0.08623407
v -0.02857485 0.42637313 0.15362080
v -0.02857487 0.39273246 0.11846487
v 0.02874748 0.34827398 0.08640408
v 0.03074889 0.35388684 0.07672806
v 0.02874748 0.28439306 0.06028317
v 0.03074888 0.28762755 0.04959812
v 0.02874747 0.29086211 0.03891308
v 0.02386621 0.35676437 0.06866982
v -0.02857487 0.35738460 0.06760092
v -0.02857487 0.28830513 0.03950316
v -0.08101596 0.19974153 0.01965770
v -0.08789863 0.20065713 0.02891214
v -0.08101597 0.10095342 0.00650551
v -0.08789866 0.10202738 0.01581435
v -0.08589723 0.10319169 0.02719848
v -0.08101596 0.19865785 0.04006384
v -0.02857487 0.34595210 0.08730279
v -0.02857487 0.28177227 0.06130426
v 0.02874746 0.20021219 0.04010448
v 0.03074888 0.20065694 0.02891224
v 0.02874747 0.10319134 0.02719839
v 0.03074888 0.10202716 0.01581435
v 0.02874747 0.10086299 0.00442994
v 0.02874746 0.20110172 0.01771999
v -0.02857487 0.19980746 0.01841587
v -0.02857488 0.10086235 0.00523982
v -0.02857482 0.45981856 0.48941669
v -0.08065128 0.45953592 0.49407918
v -0.02857488 0.19859180 0.04130558
v -0.02857488 0.10254037 0.02857176
v -0.08716195 0.45740619 0.53171303
v -0.06575199 0.46096348 0.85218365
v -0.06341402 0.46254707 0.83465532
v -0.06812402 0.45408356 0.83390150
v -0.06329247 0.45380611 0.85449476
v -0.06678974 0.46454664 0.81533388
v -0.06812402 0.45541011 0.81300259
v -0.06678974 0.44627354 0.81067131
v -0.06341402 0.44588906 0.83256757
v -0.06028727 0.44769095 0.84917603
v -0.02857485 0.44487452 0.83242983
v -0.02857485 0.44715735 0.85048888
v -0.02857485 0.44595455 0.81058993
v 0.00964004 0.44627349 0.81067131
v 0.00626433 0.44588902 0.83256757
v 0.00313757 0.44769086 0.84917605
v 0.00964004 0.45021143 0.79611227
v 0.01097431 0.45871997 0.80001568
v 0.01097431 0.45541006 0.81300262
v 0.00964004 0.45606355 0.78612884
v 0.01097431 0.46395419 0.79136108
v 0.00964004 0.47184488 0.79659333
v 0.00638587 0.46674558 0.80410041
v 0.00964004 0.46454659 0.81533388
v 0.00860228 0.46096348 0.85218367
v 0.00626433 0.46254702 0.83465532
v -0.02857485 0.46356189 0.83476798
v -0.02857485 0.46121557 0.85282321
v -0.02857485 0.46486563 0.81541530
v -0.06678974 0.46722846 0.80391906
v -0.06812402 0.45872001 0.80001565
v -0.06678975 0.47184492 0.79659330
v -0.06812403 0.46395433 0.79136103
v -0.06353558 0.45692803 0.78676126
v -0.06353556 0.45117543 0.79701402
v -0.02857486 0.44991441 0.79597595
v -0.02857486 0.45578812 0.78594614
v 0.00638587 0.46403717 0.77831538
v 0.01097431 0.47105395 0.78345906
v 0.00638586 0.47084584 0.77079816
v 0.01097431 0.47821259 0.77575250
v 0.00638586 0.48514248 0.78061637
v 0.00638587 0.47808539 0.78865161
v -0.02857487 0.46752557 0.80405536
v -0.02857486 0.47212040 0.79677597
v -0.06353557 0.47808549 0.78865163
v -0.06812402 0.47105400 0.78345908
v -0.06353556 0.48514248 0.78061639
v -0.06812402 0.47821269 0.77575253
v -0.06353556 0.47084584 0.77079816
v -0.06353556 0.46403721 0.77831540
v -0.02857485 0.46318236 0.77768637
v -0.02857485 0.46997585 0.77020070
v 0.00638587 0.47577956 0.76371346
v 0.01097432 0.48362371 0.76768410
v 0.00638588 0.47886071 0.75698774
v 0.01097432 0.48725312 0.75958576
v 0.00638588 0.49519152 0.76225935
v 0.00638587 0.49102233 0.77164726
v -0.02857485 0.47894030 0.78928061
v -0.02857485 0.48601247 0.78121385
v -0.06353556 0.49102242 0.77164726
v -0.06812402 0.48362376 0.76768410
v -0.06353558 0.49519157 0.76225933
v -0.06812405 0.48725317 0.75958573
v -0.06353558 0.47886076 0.75698774
v -0.06353557 0.47577970 0.76371346
v -0.02857485 0.47485210 0.76323064
v -0.02857486 0.47786701 0.75666693
v 0.00638587 0.48040159 0.75066111
v 0.01097432 0.48906670 0.75178941
v 0.00638586 0.48085924 0.74503312
v 0.01097432 0.48947866 0.74452042
v 0.00638588 0.49785118 0.74419589
v 0.00638587 0.49738142 0.75304958
v -0.02857485 0.49194998 0.77213006
v -0.02857485 0.49618532 0.76258006
v -0.06353557 0.49738146 0.75304956
v -0.06812405 0.48906675 0.75178941
v -0.06353558 0.49785123 0.74419587
v -0.06812405 0.48947876 0.74452045
v -0.06353558 0.48085928 0.74503314
v -0.06353558 0.48040159 0.75066113
v -0.02857487 0.47936833 0.75051578
v -0.02857486 0.47982527 0.74508406
v 0.00638587 0.48061012 0.74038506
v 0.01097432 0.48890300 0.73800412
v 0.00638588 0.47940138 0.73663033
v 0.01097432 0.48682164 0.73228964
v 0.00638588 0.49373583 0.72816172
v 0.00638587 0.49681948 0.73582365
v -0.02857485 0.49841467 0.75319489
v -0.02857485 0.49888519 0.74414495
v -0.06353557 0.49681948 0.73582361
v -0.06812403 0.48890310 0.73800412
v -0.06353556 0.49373583 0.72816172
v -0.06812402 0.48682168 0.73228964
v -0.06353556 0.47940138 0.73663033
v -0.06353557 0.48061012 0.74038513
v -0.02857485 0.47962372 0.74066266
v -0.02857485 0.47852908 0.73714569
v 0.00638587 0.47691253 0.73364786
v 0.01097431 0.48271604 0.72742608
v 0.00638586 0.47304648 0.73147852
v 0.01064075 0.47661249 0.72398902
v 0.00638586 0.48017849 0.71649948
v 0.00638586 0.48806931 0.72151092
v -0.02857485 0.49780587 0.73554608
v -0.02857485 0.49460817 0.72764637
v -0.06353557 0.48806941 0.72151092
v -0.06812402 0.48271609 0.72742608
v -0.06353558 0.48017849 0.71649943
v -0.06779045 0.47661249 0.72398900
v -0.06353558 0.47304648 0.73147854
v -0.06353556 0.47691257 0.73364783
v -0.02857485 0.47623367 0.73438640
v -0.02857485 0.47261255 0.73239007
v 0.00638587 0.46782763 0.73022419
v 0.01064075 0.46921655 0.72198894
v 0.00638588 0.46178734 0.73018826
v 0.01064075 0.46094728 0.72187430
v 0.00638586 0.46010723 0.71356038
v 0.00638586 0.47060543 0.71375368
v -0.02857487 0.48874831 0.72077237
v -0.02857486 0.48061242 0.71558800
v -0.06353557 0.47060543 0.71375366
v -0.06779045 0.46921660 0.72198891
v -0.06353556 0.46010723 0.71356036
v -0.06779045 0.46094733 0.72187430
v -0.06353556 0.46178734 0.73018824
v -0.06353556 0.46782767 0.73022417
v -0.02857485 0.46765865 0.73122645
v -0.02857485 0.46188960 0.73120009
v 0.00638587 0.45556134 0.73166215
v 0.01064075 0.45254124 0.72387823
v 0.00638586 0.44990506 0.73466287
v 0.01064075 0.44492778 0.72792954
v 0.00638586 0.43995045 0.72119620
v 0.00638587 0.44952115 0.71609431
v -0.02857485 0.47077445 0.71275140
v -0.02857485 0.46000497 0.71254853
v -0.06353556 0.44952119 0.71609429
v -0.06779045 0.45254129 0.72387821
v -0.06353556 0.43995050 0.72119615
v -0.06779045 0.44492788 0.72792954
v -0.06353556 0.44990516 0.73466287
v -0.06353556 0.45556134 0.73166215
v -0.02857485 0.45592899 0.73260946
v -0.02857485 0.45051094 0.73548235
v 0.00638587 0.44550391 0.73903788
v 0.01097431 0.43872889 0.73368098
v 0.00638586 0.44250296 0.74389174
v 0.01097432 0.43460874 0.74024306
v 0.00638588 0.42720583 0.73639798
v 0.00638587 0.43241865 0.72846658
v -0.02857485 0.44915364 0.71514695
v -0.02857485 0.43934472 0.72037670
v -0.06353556 0.43241874 0.72846653
v -0.06812402 0.43872899 0.73368096
v -0.06353556 0.42720592 0.73639798
v -0.06812402 0.43460888 0.74024304
v -0.06353556 0.44250296 0.74389174
v -0.06353556 0.44550400 0.73903786
v -0.02857485 0.44630026 0.73968117
v -0.02857485 0.44343381 0.74434773
v 0.00638587 0.44088273 0.74828388
v 0.01097432 0.43245363 0.74601954
v 0.00638586 0.44017907 0.75174517
v 0.01097432 0.43154739 0.75055605
v 0.00638588 0.42304894 0.74894334
v 0.00638587 0.42433669 0.74344524
v -0.02857485 0.43162249 0.72782325
v -0.02857485 0.42627502 0.73594196
v -0.06353556 0.42433679 0.74344522
v -0.06812402 0.43245373 0.74601952
v -0.06353556 0.42304899 0.74894332
v -0.06812402 0.43154748 0.75055598
v -0.06353556 0.44017916 0.75174515
v -0.06353556 0.44088273 0.74828386
v -0.02857485 0.44188968 0.74857829
v -0.02857485 0.44122152 0.75191565
v 0.00638587 0.43989930 0.75473321
v 0.01097431 0.43117408 0.75339827
v 0.00638586 0.43982623 0.76279353
v 0.01097431 0.43109379 0.76103830
v 0.00638586 0.42237470 0.76210562
v 0.00638587 0.42252199 0.75326282
v -0.02857485 0.42332988 0.74315076
v -0.02857485 0.42200658 0.74877282
v -0.06353556 0.42252208 0.75326277
v -0.06812402 0.43117408 0.75339824
v -0.06353556 0.42237475 0.76210560
v -0.06812402 0.43109389 0.76103827
v -0.06353556 0.43982628 0.76279350
v -0.06353556 0.43989935 0.75473319
v -0.02857485 0.44095680 0.75482265
v -0.02857485 0.44088820 0.76283537
v 0.00638587 0.43980596 0.78180241
v 0.01097431 0.43106683 0.77996840
v 0.00638586 0.43978998 0.81453176
v 0.01097432 0.43105439 0.81246074
v 0.00638588 0.42231262 0.81434844
v 0.00964005 0.42151485 0.77983842
v -0.02857485 0.42146464 0.75317331
v -0.02857485 0.42131278 0.76206373
v -0.06353556 0.42233133 0.78152496
v -0.06812402 0.43106692 0.77996838
v -0.06353556 0.42231262 0.81434846
v -0.06812402 0.43105439 0.81246074
v -0.06353556 0.43978998 0.81453171
v -0.06678972 0.44061890 0.78009843
v -0.02857486 0.44095237 0.78010295
v -0.02857485 0.44085351 0.81454289
v 0.00638587 0.43967137 0.86125469
v 0.01097432 0.43101739 0.86078773
v 0.00638588 0.43888899 0.91035603
v 0.01064075 0.43019884 0.90977476
v 0.00638588 0.42150874 0.90919348
v 0.00638587 0.42220650 0.86084867
v -0.02857485 0.42118139 0.77983385
v -0.02857485 0.42124914 0.81433729
v -0.06353556 0.42220655 0.86084867
v -0.06812402 0.43101743 0.86078771
v -0.06353556 0.42150874 0.90919348
v -0.06779045 0.43019884 0.90977476
v -0.06353556 0.43888899 0.91035602
v -0.06353556 0.43967137 0.86125469
v -0.02857485 0.44073414 0.86127940
v -0.02857485 0.43994662 0.91042675
v 0.00638587 0.43669391 0.95033206
v 0.01064075 0.42811894 0.94901217
v 0.00638586 0.43166652 0.98223629
v 0.01064075 0.42333454 0.97992174
v 0.00638586 0.41500252 0.97760720
v 0.00638587 0.41954398 0.94769230
v -0.02857485 0.42114378 0.86082394
v -0.02857485 0.42045111 0.90912275
v -0.06353556 0.41954402 0.94769230
v -0.06779045 0.42811899 0.94901219
v -0.06353556 0.41500252 0.97760720
v -0.06779045 0.42333454 0.97992174
v -0.06353558 0.43166652 0.98223629
v -0.06353557 0.43669391 0.95033206
v -0.02857485 0.43773754 0.95049270
v -0.02857485 0.43268054 0.98251798
v 0.00638587 0.42238667 1.00925505
v 0.01064075 0.41449377 1.00580986
v 0.00638586 0.40810343 1.03481419
v 0.01064075 0.40097618 1.03011907
v 0.00638586 0.39384887 1.02542395
v 0.00638587 0.40660087 1.00236468
v -0.02857485 0.41850035 0.94753166
v -0.02857485 0.41398850 0.97732551
v -0.06353556 0.40660096 1.00236468
v -0.06779045 0.41449387 1.00580985
v -0.06353556 0.39384891 1.02542392
v -0.06779045 0.40097618 1.03011902
v -0.06353556 0.40810352 1.03481413
v -0.06353557 0.42238672 1.00925502
v -0.02857485 0.42334728 1.00967433
v -0.02857485 0.40897092 1.03538557
v 0.00638587 0.38774423 1.06124982
v 0.01064075 0.38181160 1.05521848
v 0.00638588 0.35763709 1.08412033
v 0.01064075 0.35320319 1.07690074
v 0.00638588 0.34876932 1.06968114
v 0.00638587 0.37587897 1.04918714
v -0.02857485 0.40564036 1.00194539
v -0.02857485 0.39298149 1.02485252
v -0.06353556 0.37587899 1.04918711
v -0.06779045 0.38181162 1.05521843
v -0.06353556 0.34876934 1.06968109
v -0.06779045 0.35320319 1.07690070
v -0.06353556 0.35763709 1.08412030
v -0.06353556 0.38774425 1.06124978
v -0.02857485 0.38846630 1.06198384
v -0.02857485 0.35817673 1.08499898
v 0.00638588 0.31349361 1.09905025
v 0.01064075 0.31065002 1.09101668
v 0.00638588 0.24992567 1.10883879
v 0.01064076 0.24825421 1.10034295
v 0.00638588 0.24658278 1.09184710
v 0.00638588 0.30780644 1.08298312
v -0.02857485 0.37515700 1.04845307
v -0.02857485 0.34822968 1.06880246
v -0.06353556 0.30780644 1.08298307
v -0.06779044 0.31065002 1.09101664
v -0.06353553 0.24658278 1.09184708
v -0.06779044 0.24825423 1.10034291
v -0.06353555 0.24992569 1.10883874
v -0.06353556 0.31349361 1.09905021
v -0.02857484 0.31383966 1.10002795
v -0.02857482 0.25012908 1.10987274
v 0.00638590 0.16575644 1.11681668
v 0.01097435 0.16389806 1.10842644
v 0.00638590 0.08617731 1.12232898
v 0.01064077 0.08497435 1.11361485
v 0.00638591 0.08377138 1.10490072
v 0.00638590 0.16312616 1.09945718
v -0.02857485 0.30746036 1.08200537
v -0.02857482 0.24637934 1.09081311
v -0.06353552 0.16312619 1.09945717
v -0.06812399 0.16389813 1.10842641
v -0.06353552 0.08377147 1.10490072
v -0.06779042 0.08497444 1.11361484
v -0.06353553 0.08617739 1.12232896
v -0.06353553 0.16575650 1.11681664
v -0.02857482 0.16591655 1.11787302
v -0.02857482 0.08632376 1.12338952
v -0.02857485 0.45377226 0.85700497
v 0.00614279 0.45380606 0.85449478
v -0.02857482 0.16296612 1.09840082
v -0.02857482 0.08362503 1.10384017
v 0.01097431 0.45408351 0.83390150
v 0.00638585 0.00079132 1.10725197
v -0.02857487 0.00079134 1.10619055
v -0.02857484 0.03340439 1.10595551
v 0.00638589 0.03349245 1.10701684
v -0.06353558 0.00079136 1.10725196
v -0.06353555 0.03349251 1.10701683
v -0.06779046 0.00079136 1.11597322
v -0.06779043 0.03421630 1.11573738
v -0.06353558 0.00079136 1.12469448
v -0.06353556 0.03494009 1.12445792
v -0.02857487 0.00079134 1.12575590
v -0.02857484 0.03502814 1.12551926
v 0.00638584 0.00079132 1.12469448
v 0.00638588 0.03494002 1.12445793
v 0.01064073 0.00079131 1.11597323
v 0.01064076 0.03421623 1.11573738
v 0.01064069 -0.03263275 1.11573739
v 0.00638582 -0.03335653 1.12445794
v 0.00638582 -0.03190896 1.10701685
v -0.02857489 -0.03344459 1.12551927
v -0.06353561 -0.03335646 1.12445793
v -0.06779051 -0.03263268 1.11573739
v -0.06353562 -0.03190889 1.10701684
v -0.02857489 -0.03182084 1.10595552
v -0.02857487 0.00079023 0.00080809
v 0.02874747 0.00079024 0.00000000
v -0.08101596 0.00079022 0.00208104
v -0.08789863 0.00079030 0.01144834
v -0.08589723 0.00079038 0.02289659
v -0.02857487 0.00079031 0.02427147
v 0.02874747 0.00079024 0.02289659
v 0.03074888 0.00079024 0.01144825
v -0.46149677 0.22566738 1.00396430
v -0.45437245 0.25947291 0.94578118
v -0.45758174 0.20852363 0.97523274
v -0.45085725 0.19162871 0.94650735
v -0.44610906 0.20850769 0.91737845
v -0.43890248 0.22564098 0.88905717
v -0.43941541 0.25956331 0.88890829
v -0.43765874 0.29333907 0.88952042
v -0.44419524 0.31009444 0.91793630
v -0.44795262 0.32647381 0.94718070
v -0.45557504 0.30993332 0.97540425
v -0.46017820 0.29308098 1.00409937
v -0.46205174 0.25945187 1.00396179
v -0.46149758 -0.22706767 1.00396421
v -0.45758296 -0.20992401 0.97523255
v -0.45437237 -0.26087330 0.94578120
v -0.45085893 -0.19302892 0.94650701
v -0.44611025 -0.20990796 0.91737815
v -0.43890326 -0.22704132 0.88905697
v -0.43941530 -0.26096365 0.88890844
v -0.43765768 -0.29473939 0.88952081
v -0.44419314 -0.31149461 0.91793681
v -0.44795019 -0.32787368 0.94718122
v -0.45557300 -0.31133344 0.97540455
v -0.46017707 -0.29448126 1.00409946
v -0.46205160 -0.26085227 1.00396176
v -0.44999392 0.16078002 1.00500679
v -0.43678822 0.14174173 0.94945810
v -0.43431419 0.14045019 1.02089324
v -0.42002180 0.11874592 0.95319356
v -0.42848988 0.15997998 0.89250189
v -0.41678601 0.20033773 0.84884010
v -0.40745518 0.13692158 0.88333029
v -0.39443066 0.18884100 0.83197312
v -0.41394130 0.25960574 0.83839118
v -0.41377051 0.31751441 0.85158926
v -0.39157765 0.25991302 0.81845861
v -0.39608189 0.32615585 0.83979439
v -0.42223248 0.35528601 0.89571359
v -0.42912794 0.37103718 0.95097063
v -0.40675838 0.36984285 0.89036713
v -0.41988842 0.38224951 0.95256102
v -0.43264505 0.36525439 1.01298668
v -0.44299404 0.35344196 1.00389865
v -0.44995214 0.31568819 1.04609365
v -0.44205806 0.32115616 1.05757462
v -0.44594390 0.25914862 1.07598139
v -0.45516171 0.25926804 1.05775617
v -0.45391139 0.20142005 1.04791041
v -0.44348416 0.19317370 1.06432996
v -0.45000002 -0.16218202 1.00500507
v -0.43679407 -0.14313856 0.94945704
v -0.43431553 -0.14184155 1.02089960
v -0.42002203 -0.12013267 0.95319418
v -0.42849437 -0.16137845 0.89250009
v -0.41678805 -0.20173770 0.84883854
v -0.40746047 -0.13831709 0.88332630
v -0.39442967 -0.19023915 0.83196815
v -0.41394116 -0.26100621 0.83839141
v -0.41376744 -0.31891348 0.85159203
v -0.39157785 -0.26131344 0.81845926
v -0.39608335 -0.32755165 0.83980075
v -0.42222732 -0.35668303 0.89571624
v -0.42912146 -0.37243264 0.95097177
v -0.40675965 -0.37123190 0.89037213
v -0.41988841 -0.38363632 0.95256040
v -0.43264390 -0.36664454 1.01298092
v -0.44205700 -0.32255324 1.05756887
v -0.44994872 -0.31708745 1.04609224
v -0.44298815 -0.35483847 1.00389784
v -0.44594393 -0.26054902 1.07598078
v -0.44348532 -0.19457180 1.06433495
v -0.45391424 -0.20281989 1.04791133
v -0.45516148 -0.26066844 1.05775597
v -0.23222721 -0.25343486 0.47417215
v -0.27468564 -0.12027472 0.39630359
v -0.27529741 -0.09936288 0.47500171
v -0.27002830 -0.17757185 0.33843239
v -0.26175387 -0.25600754 0.31611274
v -0.25280128 -0.33539020 0.33649046
v -0.24573825 -0.39375231 0.39458680
v -0.24113288 -0.41586886 0.47434360
v -0.24207862 -0.39415072 0.55446856
v -0.24735681 -0.33543634 0.61264178
v -0.25600327 -0.25604164 0.63291471
v -0.26482318 -0.17760225 0.61122378
v -0.27174461 -0.12036459 0.55357321
v -0.31447468 -0.26143023 0.47575650
v -0.33470274 -0.12821916 0.47614610
v -0.33404562 -0.14590021 0.40881999
v -0.32936314 -0.19438427 0.35850968
v -0.32254216 -0.26195890 0.33947952
v -0.31499168 -0.33022299 0.35703940
v -0.30910665 -0.38028109 0.40707665
v -0.30543754 -0.39913589 0.47558227
v -0.30608582 -0.38059150 0.54437096
v -0.31042014 -0.33022246 0.59440447
v -0.31728747 -0.26195886 0.61224286
v -0.32485237 -0.19439531 0.59347354
v -0.33115314 -0.14553886 0.54358273
v -0.23582992 0.25129714 0.47536624
v -0.24777396 0.38970708 0.39678746
v -0.24420293 0.41072415 0.47552693
v -0.25431300 0.33231324 0.33899528
v -0.26208469 0.25359543 0.31756330
v -0.26910482 0.17447122 0.33856594
v -0.27377313 0.11664390 0.39678020
v -0.27403246 0.09510034 0.47610208
v -0.27083712 0.11676457 0.55529486
v -0.26384398 0.17449083 0.61331843
v -0.25594250 0.25359105 0.63410592
v -0.24895886 0.33234537 0.61241674
v -0.24477428 0.38968297 0.55433128
v -0.31420976 0.25906143 0.47687605
v -0.30774893 0.39433797 0.47675156
v -0.31066709 0.37644762 0.40918420
v -0.31606016 0.32732458 0.35934611
v -0.32254084 0.25962622 0.34060406
v -0.32841159 0.19127608 0.35844196
v -0.33276734 0.14174504 0.40894365
v -0.33293056 0.12304831 0.47723669
v -0.32954126 0.14102424 0.54584254
v -0.32390021 0.19131890 0.59570680
v -0.31728634 0.25962626 0.61336769
v -0.31153261 0.32732447 0.59438970
v -0.30806156 0.37644839 0.54438187
v -0.44616876 -0.27453145 0.74038917
v -0.45026761 -0.22578993 0.74028723
v -0.45298116 -0.22417801 0.69236598
v -0.44948951 -0.27476403 0.69227127
v -0.43533261 -0.22592423 0.75958281
v -0.37087219 -0.21766212 0.76269741
v -0.37116379 -0.21805162 0.75099287
v -0.42807411 -0.22023268 0.74736789
v -0.42128504 -0.27212049 0.74425693
v -0.42778873 -0.27273608 0.73547539
v -0.43507514 -0.22143937 0.73619288
v -0.36158423 -0.31566000 0.76224496
v -0.42610509 -0.32008018 0.75926379
v -0.41821700 -0.32375990 0.74752531
v -0.36187272 -0.31536932 0.75099810
v -0.35523462 -0.26573839 0.76388072
v -0.35660469 -0.26584649 0.75049822
v -0.43084447 -0.27307826 0.75966785
v -0.44608281 -0.27432252 0.63325384
v -0.44976625 -0.22655497 0.64155068
v -0.43794989 -0.22542485 0.64160924
v -0.43227701 -0.27298078 0.63324474
v -0.44059550 -0.32292126 0.74003482
v -0.42938115 -0.27281008 0.69236203
v -0.42637274 -0.32332649 0.69225831
v -0.42890582 -0.32058016 0.64161109
v -0.42533218 -0.32419891 0.73606621
v -0.43595315 -0.22241342 0.69244834
v -0.44282057 -0.32464584 0.69217779
v -0.44025544 -0.32162568 0.64161986
v -0.44592308 0.27280098 0.74145656
v -0.44040824 0.32115892 0.74114438
v -0.44288926 0.32319594 0.69329906
v -0.44951930 0.27306539 0.69339477
v -0.42564664 0.31768120 0.75969234
v -0.36153623 0.31370486 0.76327517
v -0.36135340 0.31388199 0.75173027
v -0.41785119 0.32248156 0.74836021
v -0.42074918 0.27031404 0.74454731
v -0.42755328 0.27097260 0.73655085
v -0.42490555 0.32273026 0.73712101
v -0.37118877 0.21622328 0.76346172
v -0.43483569 0.22488511 0.75986924
v -0.42813766 0.21860732 0.74855904
v -0.37104710 0.21596793 0.75191465
v -0.35586831 0.26392706 0.76439170
v -0.35580622 0.26389526 0.75095067
v -0.43031969 0.27129120 0.75992647
v -0.44654861 0.27265757 0.63379108
v -0.44076631 0.32074821 0.64206458
v -0.42800084 0.31948061 0.64211630
v -0.43174011 0.27119115 0.63384921
v -0.44999666 0.22430196 0.74132824
v -0.42942084 0.27107532 0.69348511
v -0.43613443 0.22086194 0.69357252
v -0.43754405 0.22314167 0.64230311
v -0.43510777 0.21970328 0.73731760
v -0.42615634 0.32162986 0.69338029
v -0.45284953 0.22260845 0.69349105
v -0.45031051 0.22439548 0.64224559
v -0.44858317 -0.20234113 0.35455402
v -0.44207123 -0.27356710 0.33531325
v -0.45135966 -0.07563243 0.47839355
v -0.45057491 -0.10217325 0.37950306
v -0.42886758 -0.39680560 0.40657129
v -0.42545664 -0.41599266 0.47789442
v -0.44418220 -0.17473393 0.30784817
v -0.43047409 -0.34463451 0.60143426
v -0.43721403 -0.27362886 0.62049252
v -0.43538720 -0.27281606 0.28100536
v -0.45271959 -0.15027111 0.40698661
v -0.42606110 -0.37162785 0.30631831
v -0.45029693 -0.15055610 0.54966017
v -0.45323033 -0.13122940 0.47842944
v -0.41849672 -0.44513738 0.37803451
v -0.43488458 -0.34474060 0.35439129
v -0.41442936 -0.47252044 0.47768218
v -0.42643314 -0.39662449 0.54918040
v -0.41465274 -0.44513254 0.57740962
v -0.41942508 -0.37160363 0.64932942
v -0.44440129 -0.20264837 0.60161156
v -0.42927827 -0.27296390 0.67716376
v -0.43746687 -0.17482054 0.64835671
v -0.44653744 -0.10240223 0.57703079
v -0.43515237 0.34248468 0.35581646
v -0.44366227 0.27161504 0.33783393
v -0.41324660 0.46899120 0.47878402
v -0.41737780 0.44184648 0.37974653
v -0.45721004 0.15197733 0.41013669
v -0.45775401 0.13346843 0.47964129
v -0.42505844 0.36882025 0.30843402
v -0.44587862 0.20126994 0.60174916
v -0.43885934 0.27167827 0.62028216
v -0.43538291 0.27068901 0.28210727
v -0.42849211 0.39474353 0.40763870
v -0.44520749 0.17215242 0.30803623
v -0.42590123 0.39465162 0.55040466
v -0.42514736 0.41387046 0.47901321
v -0.45141911 0.09953899 0.38030376
v -0.45180528 0.20192907 0.35811727
v -0.45231536 0.07284382 0.47953673
v -0.45313354 0.15075842 0.54966860
v -0.44760804 0.09952905 0.57866772
v -0.43861993 0.17214556 0.65065042
v -0.43081024 0.34236242 0.60223139
v -0.42935814 0.27084850 0.67843512
v -0.41827042 0.36863035 0.64916843
v -0.41327470 0.44141941 0.57767241
v 0.28677902 0.01360616 1.11356994
v 0.28677902 0.01097081 1.11813451
v 0.28803991 -0.00065496 1.10837931
v 0.28677902 0.01097080 1.09862411
v 0.28677902 0.01360616 1.10318867
v 0.28677902 -0.01583138 1.10837931
v 0.28677902 -0.01491614 1.10318868
v 0.28677902 0.00693321 1.12152246
v 0.28677902 0.01452141 1.10837931
v 0.28677902 -0.01228078 1.09862412
v 0.28677902 0.00198037 1.12332515
v 0.28677902 -0.00824319 1.09523617
v 0.28677902 -0.00329034 1.12332515
v 0.28677902 -0.00329034 1.09343348
v 0.28677902 -0.00824318 1.12152246
v 0.28677902 0.00198036 1.09343348
v 0.28677902 -0.01228078 1.11813451
v 0.28677902 0.00693321 1.09523617
v 0.28677902 -0.01491613 1.11356995
v 0.04516910 0.01360618 1.10318865
v 0.04516910 0.01097082 1.09862408
v 0.04390820 -0.00065494 1.10837928
v 0.04516910 0.01097082 1.11813449
v 0.04516910 0.01360618 1.11356992
v 0.04516910 -0.01583137 1.10837929
v 0.04516910 -0.01491612 1.11356992
v 0.04516910 0.00693322 1.09523614
v 0.04516910 0.01452143 1.10837928
v 0.04516910 -0.01228076 1.11813449
v 0.04516910 0.00198038 1.09343345
v 0.04516910 -0.00824317 1.12152243
v 0.04516910 -0.00329033 1.09343345
v 0.04516910 -0.00329032 1.12332512
v 0.04516910 -0.00824317 1.09523614
v 0.04516910 0.00198038 1.12332512
v 0.04516910 -0.01228077 1.09862409
v 0.04516910 0.00693323 1.12152243
v 0.04516910 -0.01491612 1.10318865
v 0.32592230 -0.05273396 0.99336790
v -0.13607697 -0.05273367 0.99336776
v -0.13607697 -0.05080999 0.97710371
v 0.32592232 -0.05081029 0.97710385
v -0.13607697 -0.03916929 0.95760232
v 0.32592232 -0.03916957 0.95760247
v -0.13607697 -0.02174773 0.94457191
v 0.32592232 -0.02174802 0.94457206
v -0.13607692 -0.00119760 0.93999623
v 0.32592235 -0.00119789 0.93999638
v -0.13607692 0.01935254 0.94457190
v 0.32592235 0.01935225 0.94457206
v -0.13607692 0.03677410 0.95760231
v 0.32592237 0.03677380 0.95760246
v -0.13607692 0.04841481 0.97710368
v 0.32592237 0.04841452 0.97710383
v -0.13607692 0.05033851 0.99336774
v 0.32592237 0.05033822 0.99336788
v 0.32600382 0.01781087 0.98671404
v 0.32600382 0.01335081 0.97924223
v -0.13606045 0.01335109 0.97924209
v -0.13606045 0.01781114 0.98671389
v 0.32600379 -0.00907139 0.97424974
v 0.32600379 -0.01574633 0.97924223
v -0.13606047 -0.01574605 0.97924209
v -0.13606047 -0.00907111 0.97424958
v 0.32600382 0.01854792 0.99336789
v -0.13606045 0.01854819 0.99336775
v 0.32600379 -0.00119776 0.97249659
v -0.13606047 -0.00119748 0.97249646
v 0.32600382 0.00667587 0.97424973
v 0.32600379 -0.02020637 0.98671405
v 0.32600379 -0.02094342 0.99336790
v -0.13606045 0.00667615 0.97424958
v -0.13606047 -0.02094315 0.99336775
v -0.13606047 -0.02020610 0.98671389
v 0.32592230 -0.05081028 1.00963195
v -0.13607697 -0.05080999 1.00963181
v 0.32592230 -0.03916956 1.02913333
v -0.13607697 -0.03916927 1.02913319
v 0.32592232 -0.02174800 1.04216374
v -0.13607697 -0.02174771 1.04216359
v 0.32592230 -0.00119787 1.04673941
v -0.13607697 -0.00119758 1.04673926
v 0.32592232 0.01935227 1.04216373
v -0.13607697 0.01935255 1.04216358
v 0.32592232 0.03677382 1.02913332
v -0.13607695 0.03677411 1.02913317
v 0.32592235 0.04841452 1.00963194
v -0.13607692 0.04841482 1.00963180
v 0.32600379 0.01335082 1.00749355
v 0.32600382 0.01781087 1.00002175
v -0.13606045 0.01781114 1.00002160
v -0.13606047 0.01335109 1.00749340
v 0.32600379 -0.01574632 1.00749355
v 0.32600379 -0.00907138 1.01248606
v -0.13606047 -0.00907111 1.01248591
v -0.13606047 -0.01574605 1.00749340
v 0.32600379 -0.00119775 1.01423920
v -0.13606047 -0.00119747 1.01423905
v 0.32600379 0.00667588 1.01248606
v 0.32600379 -0.02020637 1.00002176
v -0.13606047 0.00667615 1.01248591
v -0.13606047 -0.02020610 1.00002160
v 0.28506344 0.02671069 1.11833962
v 0.28506344 0.02165371 1.12709857
v 0.28506344 0.00440194 1.07969975
v 0.28506344 0.01390595 1.08315892
v 0.28506344 0.01390596 1.13359970
v 0.28506344 0.00440195 1.13705888
v 0.28506344 0.02165370 1.08966005
v 0.28506344 0.02671068 1.09841899
v 0.28506344 -0.00571202 1.13705888
v 0.28506344 -0.01521604 1.13359971
v 0.28506344 0.02846696 1.10837931
v 0.28506344 -0.02296378 1.12709858
v 0.28506344 -0.02802077 1.11833963
v 0.28506344 -0.02977704 1.10837932
v 0.28506344 -0.02802077 1.09841901
v 0.28506344 -0.02296379 1.08966006
v 0.28506344 -0.01521604 1.08315892
v 0.28506344 -0.00571202 1.07969974
v 0.04688467 -0.02802075 1.09841897
v 0.04688467 -0.02977702 1.10837929
v 0.04688468 0.01390597 1.08315889
v 0.04688468 0.00440195 1.07969971
v 0.04688468 -0.00571201 1.07969971
v 0.04688468 -0.01521603 1.08315890
v 0.04688467 -0.02296377 1.08966003
v 0.04688467 -0.02802075 1.11833960
v 0.04688467 -0.02296377 1.12709855
v 0.04688467 -0.00571200 1.13705885
v 0.04688467 0.00440196 1.13705885
v 0.04688467 -0.01521602 1.13359968
v 0.04688468 0.01390598 1.13359967
v 0.04688468 0.02165372 1.12709854
v 0.04688468 0.02671070 1.11833959
v 0.04688468 0.02846698 1.10837928
v 0.04688468 0.02671070 1.09841897
v 0.04688468 0.02165372 1.08966002
v 0.20716979 0.03055887 1.24007815
v 0.12488958 0.03055888 1.24007814
v 0.12476535 0.00398216 1.24372566
v 0.20729406 0.00398215 1.24372567
v 0.20715660 0.06462760 1.22732410
v 0.12490281 0.06462761 1.22732407
v 0.12477636 0.03992038 1.23772044
v 0.20728304 0.03992038 1.23772046
v 0.20714835 0.09423930 1.20619368
v 0.12491106 0.09423929 1.20619368
v 0.12479492 0.07307527 1.22260703
v 0.20726448 0.07307527 1.22260704
v 0.20714564 0.11738057 1.17812261
v 0.12491378 0.11738057 1.17812259
v 0.12481581 0.10118079 1.19942541
v 0.20724361 0.10118078 1.19942543
v 0.20714865 0.13247618 1.14501777
v 0.12491075 0.13247621 1.14501774
v 0.12483773 0.12232080 1.16976144
v 0.20722173 0.12232084 1.16976152
v 0.20715718 0.13849596 1.10912909
v 0.12490228 0.13849596 1.10912908
v 0.12485904 0.13505711 1.13564275
v 0.20720039 0.13505711 1.13564277
v 0.20717063 0.13502534 1.07289777
v 0.12488886 0.13502534 1.07289776
v 0.12487841 0.13852667 1.09939815
v 0.20718103 0.13852665 1.09939816
v 0.20718807 0.12229477 1.03879105
v 0.12487142 0.12229477 1.03879103
v 0.12489445 0.13249934 1.06349852
v 0.20716500 0.13249933 1.06349853
v 0.20720836 0.10116570 1.00913468
v 0.12485114 0.10116570 1.00913467
v 0.12490614 0.11739170 1.03038795
v 0.20715335 0.11739170 1.03038796
v 0.20723007 0.07307345 0.98595409
v 0.12482943 0.07307345 0.98595408
v 0.12491262 0.09423717 1.00231795
v 0.20714688 0.09423717 1.00231796
v 0.20725174 0.03993059 0.97083502
v 0.12480775 0.03993059 0.97083501
v 0.12491347 0.06461450 0.98119508
v 0.20714604 0.06461450 0.98119510
v 0.20726829 0.00399976 0.96481857
v 0.12479122 0.00399977 0.96481856
v 0.12490861 0.03054007 0.96845307
v 0.20715090 0.03054007 0.96845309
v 0.20702561 -0.03201202 0.96858658
v 0.12503390 -0.03201202 0.96858659
v 0.12469487 -0.00553024 0.96469463
v 0.20736465 -0.00553023 0.96469465
v 0.20700440 -0.06603596 0.98130454
v 0.12505511 -0.06603594 0.98130453
v 0.12476099 -0.04151155 0.97076864
v 0.20729852 -0.04151155 0.97076864
v 0.20699854 -0.09562692 1.00238128
v 0.12506098 -0.09562689 1.00238128
v 0.12482004 -0.07467013 0.98594037
v 0.20723947 -0.07467013 0.98594037
v 0.20700840 -0.11877703 1.03039555
v 0.12505111 -0.11877700 1.03039553
v 0.12486818 -0.10275461 1.00915835
v 0.20719134 -0.10275462 1.00915832
v 0.20703331 -0.13390872 1.06345560
v 0.12502617 -0.13390869 1.06345560
v 0.12491605 -0.12385649 1.03884607
v 0.20714345 -0.12385651 1.03884607
v 0.20707163 -0.13998217 1.09932353
v 0.12498784 -0.13998214 1.09932350
v 0.12496865 -0.13653651 1.07297683
v 0.20709082 -0.13653655 1.07297684
v 0.20712071 -0.13656841 1.13556371
v 0.12493876 -0.13656839 1.13556367
v 0.12501179 -0.13995135 1.10920372
v 0.20704768 -0.13995137 1.10920372
v 0.20717528 -0.12388119 1.16970418
v 0.12488419 -0.12388114 1.16970410
v 0.12504254 -0.13388547 1.14506062
v 0.20701691 -0.13388548 1.14506064
v 0.20721789 -0.10276607 1.19938961
v 0.12484154 -0.10276606 1.19938958
v 0.12505883 -0.11876578 1.17811496
v 0.20700061 -0.11876584 1.17811498
v 0.20727282 -0.07467198 1.22261914
v 0.12478659 -0.07467198 1.22261912
v 0.12505952 -0.09562895 1.20613024
v 0.20699991 -0.09562898 1.20613025
v 0.20733644 -0.04149929 1.23779621
v 0.12472297 -0.04149929 1.23779619
v 0.12504455 -0.06604901 1.22721451
v 0.20701487 -0.06604903 1.22721453
v 0.12362237 -0.06577888 1.21680528
v 0.20843716 -0.06577890 1.21680530
v 0.20739599 -0.00550884 1.24385676
v 0.12466341 -0.00550884 1.24385676
v 0.12501497 -0.03203084 1.23994449
v 0.20704444 -0.03203085 1.23994451
v 0.20845137 -0.00079814 1.23422085
v 0.20844968 0.03283924 1.22979194
v 0.12360989 0.03283924 1.22979188
v 0.20844734 0.06418398 1.21680780
v 0.20844529 0.09110005 1.19615366
v 0.12361430 0.09110000 1.19615361
v 0.20844364 0.11175327 1.16923708
v 0.20844252 0.12473633 1.13789235
v 0.12361708 0.12473630 1.13789232
v 0.20823223 0.12910568 1.10425549
v 0.20807607 0.12463698 1.07064524
v 0.12398314 0.12463705 1.07064521
v 0.20833034 0.11172570 1.03928982
v 0.20844292 0.09109954 1.01235782
v 0.12361675 0.09109950 1.01235784
v 0.20844425 0.06418353 0.99170396
v 0.20844606 0.03283899 0.97872008
v 0.12361361 0.03283897 0.97872010
v 0.20844836 -0.00079813 0.97429102
v 0.20843966 -0.03443478 0.97872178
v 0.12361998 -0.03443477 0.97872181
v 0.20843408 -0.06577836 0.99170640
v 0.20842964 -0.09269318 1.01236039
v 0.12362996 -0.09269316 1.01236040
v 0.20842671 -0.11334544 1.03927627
v 0.20777327 -0.12615122 1.07066720
v 0.12428600 -0.12615127 1.07066717
v 0.20748665 -0.13049283 1.10425546
v 0.20819163 -0.12626466 1.13787409
v 0.12386777 -0.12626467 1.13787408
v 0.20842820 -0.11334584 1.16923488
v 0.20843203 -0.09269374 1.19615099
v 0.12362751 -0.09269373 1.19615096
v 0.20844328 -0.03443515 1.22979019
v 0.12361626 -0.03443514 1.22979013
v 0.20845138 0.01258750 1.15330888
v 0.20845138 0.02482027 1.14824183
v 0.20845138 0.05018036 1.10431690
v 0.20845139 0.04845211 1.09118960
v 0.20845140 0.01258750 1.05532495
v 0.20845139 -0.00053980 1.05359662
v 0.20845138 -0.04446494 1.07895672
v 0.20845137 -0.04953193 1.09118950
v 0.20845137 -0.03640455 1.14018155
v 0.20845138 -0.02590002 1.14824197
v 0.20845138 0.04338513 1.12967698
v 0.20845138 0.04845210 1.11744420
v 0.20845140 0.03532479 1.06845232
v 0.20845140 0.02482027 1.06039192
v 0.20845139 -0.02589998 1.06039184
v 0.20845139 -0.03640451 1.06845218
v 0.20845136 -0.04953194 1.11744428
v 0.20845137 -0.04446499 1.12967708
v 0.20845138 0.03532479 1.14018150
v 0.20845138 0.04338515 1.07895681
v 0.20845138 -0.00053980 1.15503713
v 0.20845139 -0.01366719 1.05532481
v 0.20845137 -0.05126021 1.10431689
v 0.20845138 -0.01366723 1.15330894
v 0.12360820 -0.00079814 1.23422081
v 0.12361223 0.06418395 1.21680774
v 0.12361595 0.11175325 1.16923703
v 0.12382717 0.12910571 1.10425547
v 0.12372923 0.11172569 1.03928981
v 0.12361542 0.06418351 0.99170397
v 0.12361132 -0.00079813 0.97429107
v 0.12362555 -0.06577834 0.99170641
v 0.12363287 -0.11334542 1.03927627
v 0.12457279 -0.13049281 1.10425544
v 0.12363133 -0.11334582 1.16923485
v 0.20845138 0.00858173 1.12011565
v 0.20845139 0.00418142 1.12193738
v 0.20845140 -0.00053981 1.12255868
v 0.20845139 -0.00053980 1.10431688
v 0.20845139 -0.00966133 1.08851813
v 0.20845140 -0.00526102 1.08669641
v 0.20845140 -0.00053979 1.08607512
v 0.20845137 0.01525898 1.11343845
v 0.20845138 0.01770199 1.10431690
v 0.20845138 0.01708068 1.10903813
v 0.20845138 -0.01633856 1.09519535
v 0.20845139 -0.01343905 1.09141763
v 0.20845138 0.01235945 1.11721616
v 0.20845138 -0.01878162 1.10431688
v 0.20845138 -0.01816031 1.09959565
v 0.20845139 0.00418143 1.08669641
v 0.20845139 0.00858174 1.08851815
v 0.20845139 -0.00526107 1.12193737
v 0.20845139 -0.00966138 1.12011565
v 0.20845137 0.01708070 1.09959567
v 0.20845138 0.01525896 1.09519536
v 0.20845138 -0.01343909 1.11721613
v 0.20845138 -0.01633860 1.11343842
v 0.20845138 -0.01816031 1.10903939
v 0.20845139 0.01235945 1.09141766
v 0.12360822 0.02482032 1.14824189
v 0.12360822 0.01258752 1.15330894
v 0.12360823 0.04845217 1.09118956
v 0.12360823 0.05018042 1.10431688
v 0.12360824 -0.00053980 1.05359652
v 0.12360824 0.01258752 1.05532484
v 0.12360822 -0.04953199 1.09118947
v 0.12360822 -0.04446499 1.07895666
v 0.12360822 -0.02590005 1.14824201
v 0.12360821 -0.03640459 1.14018157
v 0.12360823 0.04845217 1.11744421
v 0.12360822 0.04338521 1.12967700
v 0.12360824 0.02482032 1.06039182
v 0.12360824 0.03532484 1.06845225
v 0.12360823 -0.03640456 1.06845211
v 0.12360823 -0.02590001 1.06039176
v 0.12360821 -0.04446502 1.12967709
v 0.12360821 -0.04953199 1.11744428
v 0.12360822 0.03532485 1.14018154
v 0.12360824 0.04338520 1.07895677
v 0.12360822 -0.00053980 1.15503720
v 0.12360824 -0.01366721 1.05532471
v 0.12360821 -0.05126024 1.10431687
v 0.12360822 -0.01366725 1.15330899
v 0.12360822 0.00858178 1.12011574
v 0.12360823 -0.00053980 1.10431687
v 0.12360822 -0.00053981 1.12255879
v 0.12360823 0.00418145 1.12193749
v 0.12360824 -0.00053979 1.08607502
v 0.12360824 -0.00526233 1.08669633
v 0.12360823 -0.00966137 1.08851806
v 0.12360823 0.01525904 1.11343848
v 0.12360823 0.01708077 1.10903815
v 0.12360823 0.01770208 1.10431689
v 0.12360823 -0.01633862 1.09519530
v 0.12360823 -0.01343911 1.09141756
v 0.12360823 0.01235952 1.11721622
v 0.12360822 -0.01816038 1.09959563
v 0.12360823 -0.01878169 1.10431687
v 0.12360823 0.00858178 1.08851807
v 0.12360824 0.00418146 1.08669634
v 0.12360822 -0.00966142 1.12011573
v 0.12360823 -0.00526110 1.12193748
v 0.12360824 0.01525904 1.09519531
v 0.12360823 0.01708077 1.09959436
v 0.12360822 -0.01343916 1.11721621
v 0.12360822 -0.01633867 1.11343846
v 0.12360822 -0.01816040 1.10903813
v 0.12360823 0.01235952 1.09141758
v -0.09533585 -0.45849289 0.62277877
v 0.03214336 -0.45849289 0.62264997
v 0.03194726 -0.47582263 0.62858163
v -0.09514328 -0.47571839 0.62864372
v -0.09498023 -0.44638728 0.63169550
v 0.03178717 -0.44619002 0.63157787
v -0.09431857 -0.47593060 0.64863459
v 0.03112702 -0.47558228 0.64843884
v 0.03083236 -0.45849288 0.65542229
v -0.09401740 -0.45849288 0.65578258
v 0.03123019 -0.44602882 0.64583962
v -0.09442582 -0.44586433 0.64593207
v -0.10870410 -0.47489404 0.63058228
v -0.10983903 -0.45849289 0.62588312
v -0.10386557 -0.47676749 0.64990443
v -0.10133199 -0.45849288 0.66001867
v -0.10446855 -0.44539395 0.64726730
v -0.10793995 -0.44688750 0.63351110
v -0.11951092 -0.47324265 0.63631720
v -0.12152690 -0.45849289 0.63325067
v -0.10887734 -0.47756228 0.65233039
v -0.10166690 -0.45849288 0.66322933
v -0.11039076 -0.44495455 0.65000329
v -0.11805172 -0.44780713 0.63849460
v -0.12670054 -0.47186503 0.64461405
v -0.12938694 -0.45849288 0.64279095
v -0.11144669 -0.47793606 0.65513451
v -0.10158043 -0.45849288 0.66190047
v -0.11383260 -0.44473004 0.65355666
v -0.12483496 -0.44865883 0.64591986
v -0.13050857 -0.47120894 0.65404736
v -0.13313134 -0.45849288 0.65302867
v -0.11306211 -0.47803605 0.65907023
v -0.10160422 -0.45849288 0.66216298
v -0.11589926 -0.44465300 0.65849288
v -0.12832435 -0.44925377 0.65456899
v -0.11341262 -0.47787434 0.67283285
v -0.13170066 -0.47154500 0.67507366
v -0.10137852 -0.45849288 0.67143679
v -0.11634276 -0.44463951 0.67314486
v -0.12923244 -0.44939497 0.67486221
v -0.13433892 -0.45849288 0.67559967
v -0.12729423 -0.47208741 0.69662588
v -0.13017708 -0.45849292 0.69758785
v -0.10917094 -0.47789004 0.69116855
v -0.09800030 -0.45849288 0.68783668
v -0.11215535 -0.44467194 0.69202939
v -0.12489173 -0.44907324 0.69594154
v -0.12041627 -0.47212234 0.71661776
v -0.12335912 -0.45849292 0.71780127
v -0.10272438 -0.47766444 0.70994392
v -0.09209112 -0.45849287 0.70595650
v -0.10561756 -0.44469457 0.71099476
v -0.11822769 -0.44886056 0.71581964
v -0.11404917 -0.47186940 0.73267722
v -0.11712473 -0.45849292 0.73400627
v -0.09715740 -0.47749424 0.72501209
v -0.08668747 -0.45849287 0.72025354
v -0.09980233 -0.44469353 0.72618435
v -0.11203291 -0.44880125 0.73173212
v 0.08136091 -0.45849293 0.65024086
v 0.08283695 -0.45849293 0.67663293
v 0.07214361 -0.47738076 0.67538572
v 0.07115959 -0.47733824 0.65312792
v -0.10624410 -0.47093369 0.74524090
v -0.10903259 -0.45849296 0.74746995
v -0.09254512 -0.47736699 0.73410550
v -0.08365574 -0.45849287 0.72687596
v -0.09456566 -0.44476048 0.73572169
v -0.10498872 -0.44858960 0.74420427
v -0.09592106 -0.47138780 0.75435692
v -0.09792098 -0.45849296 0.75785498
v -0.08704748 -0.47689293 0.73901807
v -0.08177090 -0.45849287 0.72990959
v -0.08828479 -0.44501827 0.74120527
v -0.09522954 -0.44773522 0.75317736
v -0.08373187 -0.47353272 0.76035506
v -0.08485713 -0.45849301 0.76541199
v -0.07957867 -0.47604133 0.74212305
v -0.07760197 -0.45849287 0.73355101
v -0.08008556 -0.44547163 0.74447781
v -0.08324805 -0.44684505 0.75829665
v -0.06998410 -0.47363719 0.76188981
v -0.07002076 -0.45849301 0.76834157
v -0.06964302 -0.47471307 0.74380792
v -0.06951856 -0.45849287 0.73587428
v -0.06973328 -0.44586144 0.74581759
v -0.06989136 -0.44631677 0.76012185
v 0.03913513 -0.45849288 0.65558362
v 0.04138023 -0.44634673 0.64678179
v 0.04085000 -0.47519026 0.64910073
v 0.04490321 -0.44586721 0.63288801
v 0.04730973 -0.45849289 0.62330662
v 0.04563062 -0.47568388 0.63009993
v 0.06204505 -0.45849293 0.62769900
v 0.05743078 -0.47635968 0.63464719
v 0.00648102 -0.47322919 0.74463887
v 0.00634098 -0.45849292 0.73635157
v 0.00685186 -0.45849301 0.76893224
v 0.00676981 -0.47315871 0.76160481
v 0.00653881 -0.44605379 0.74592528
v 0.00670214 -0.44599340 0.76031453
v 0.04660200 -0.47418533 0.65090959
v 0.04328123 -0.45849288 0.65581709
v 0.04779410 -0.44715708 0.64907668
v 0.05574243 -0.44532832 0.63716654
v 0.07436623 -0.45849293 0.63707286
v 0.06623743 -0.47705447 0.64269878
v 0.05038611 -0.47284435 0.65372022
v 0.04667603 -0.45849288 0.65648383
v 0.05210810 -0.44824130 0.65258135
v 0.06360643 -0.44492121 0.64454041
v 0.05301629 -0.47169676 0.65842857
v 0.05020479 -0.45849293 0.65989633
v 0.05488808 -0.44905175 0.65804753
v 0.06794666 -0.44476219 0.65389512
v 0.05338114 -0.47189770 0.67317008
v 0.05012647 -0.45849293 0.67269914
v 0.05537895 -0.44885722 0.67338290
v 0.06892304 -0.44476497 0.67510982
v 0.07795491 -0.45849297 0.70072062
v 0.06728799 -0.47763596 0.69753538
v 0.04915180 -0.47194795 0.69208588
v 0.04596850 -0.45849292 0.69105337
v 0.05116244 -0.44879460 0.69266582
v 0.06418690 -0.44473866 0.69665208
v 0.07088373 -0.45849297 0.72171364
v 0.06038467 -0.47790757 0.71777296
v 0.04269903 -0.47176974 0.71109670
v 0.03958325 -0.45849292 0.70983850
v 0.04463795 -0.44881709 0.71180094
v 0.05729695 -0.44471753 0.71664699
v 0.06372999 -0.45849296 0.73859653
v 0.05385773 -0.47736642 0.73408716
v 0.03693346 -0.47164249 0.72633077
v 0.03362512 -0.45849292 0.72474163
v 0.03862804 -0.44867631 0.72708185
v 0.05103123 -0.44478504 0.73276232
v 0.07438443 0.47442262 0.65380228
v 0.07533529 0.47438274 0.67514069
v 0.08277757 0.46007389 0.67609314
v 0.08176350 0.46007379 0.65161814
v 0.05333871 -0.45849296 0.75365955
v 0.04564885 -0.47619710 0.74739134
v 0.03122201 -0.47259267 0.73560623
v 0.02781252 -0.45849292 0.73274440
v 0.03266189 -0.44805728 0.73675794
v 0.04356323 -0.44500436 0.74566911
v 0.03827736 -0.45849301 0.76392684
v 0.03380942 -0.47474914 0.75621224
v 0.02478093 -0.47317978 0.74066698
v 0.02162382 -0.45849292 0.73532297
v 0.02560097 -0.44707046 0.74211659
v 0.03278291 -0.44540916 0.75446127
v 0.02229527 -0.45849301 0.76812993
v 0.02052190 -0.47345823 0.76030987
v 0.01666598 -0.47348128 0.74345467
v 0.01495339 -0.45849292 0.73612283
v 0.01698509 -0.44635449 0.74493702
v 0.02020060 -0.44578044 0.75894281
v 0.03818767 0.46007374 0.62274821
v -0.08928971 0.46007379 0.62271474
v -0.08902538 0.47515292 0.62992298
v 0.03791986 0.47498767 0.63002142
v 0.03790813 0.44552827 0.63024098
v -0.08900726 0.44556306 0.63026173
v 0.03722916 0.47480474 0.64711331
v -0.08832303 0.47509083 0.64727403
v -0.08796571 0.46007379 0.65583688
v 0.03686542 0.46007375 0.65583773
v -0.08832697 0.44523356 0.64717470
v 0.03722671 0.44523361 0.64717470
v 0.05125437 0.47459263 0.63173170
v 0.05318385 0.46007379 0.62398094
v 0.04713044 0.47478923 0.64809075
v 0.04500282 0.46007379 0.65638798
v 0.04712172 0.44528353 0.64812889
v 0.05124685 0.44560224 0.63176055
v 0.06228353 0.47460748 0.63643284
v 0.06639520 0.46007379 0.63023669
v 0.05291570 0.47480083 0.65050322
v 0.04823945 0.46007379 0.65749738
v 0.05290843 0.44532012 0.65051445
v 0.06228093 0.44554746 0.63643676
v 0.07015419 0.47459046 0.64419151
v 0.07646293 0.46007379 0.63983633
v 0.05627421 0.47480941 0.65382666
v 0.04940855 0.46007380 0.65864968
v 0.05627301 0.44533535 0.65382756
v 0.07014466 0.44557527 0.64419821
v 0.05825341 0.47491082 0.65859362
v 0.05009294 0.46007380 0.66107974
v 0.05825607 0.44524209 0.65859315
v 0.07438274 0.44572779 0.65380271
v 0.05838906 0.47544381 0.67305913
v 0.04989287 0.46007380 0.67203512
v 0.05862547 0.44514978 0.67308432
v 0.07533504 0.44576514 0.67514074
v 0.07068303 0.47460410 0.69677909
v 0.07823925 0.46007390 0.69907511
v 0.05409681 0.47559266 0.69176711
v 0.04613928 0.46007380 0.68935992
v 0.05447285 0.44525756 0.69187560
v 0.07068264 0.44554421 0.69677905
v 0.06385335 0.47477510 0.71683165
v 0.07134924 0.46007390 0.71967632
v 0.04777151 0.47516519 0.71074169
v 0.03999235 0.46007380 0.70779034
v 0.04796961 0.44535030 0.71081372
v 0.06383167 0.44541240 0.71682378
v 0.05749406 0.47453720 0.73295587
v 0.06474105 0.46007390 0.73623751
v 0.04219477 0.47477369 0.72598133
v 0.03434716 0.46007381 0.72238277
v 0.04215337 0.44529269 0.72596299
v 0.05754154 0.44552390 0.73297815
v -0.13285556 0.46007384 0.65162012
v -0.13402300 0.46007385 0.67610597
v -0.12643544 0.47438279 0.67514069
v -0.12548516 0.47442342 0.65380214
v 0.04980937 0.47395999 0.74583126
v 0.05608818 0.46007390 0.75093791
v 0.03726933 0.47417922 0.73560429
v 0.03029138 0.46007390 0.72989572
v 0.03697614 0.44522240 0.73536983
v 0.05004729 0.44570711 0.74602779
v 0.03879848 0.47305285 0.75440318
v 0.04308635 0.46007400 0.76180829
v 0.03112337 0.47359480 0.74118459
v 0.02648008 0.46007390 0.73320645
v 0.03079770 0.44525653 0.74060892
v 0.03927714 0.44561589 0.75521967
v 0.02623817 0.47270265 0.75889165
v 0.02821399 0.46007400 0.76757201
v 0.02292410 0.47319962 0.74442333
v 0.02080133 0.46007390 0.73518129
v 0.02273662 0.44527403 0.74355256
v 0.02652490 0.44543517 0.76011171
v 0.01273790 0.47213194 0.76005121
v 0.01291634 0.46007400 0.76922237
v 0.01258670 0.47257818 0.74588880
v 0.01237026 0.46007390 0.73590680
v 0.01252824 0.44524593 0.74458743
v 0.01282170 0.44533291 0.76164964
v -0.09610325 0.46007379 0.65638713
v -0.09822197 0.44528353 0.64812885
v -0.09819050 0.47513430 0.64826651
v -0.10236184 0.44550974 0.63170403
v -0.10430614 0.46007379 0.62389627
v -0.10244865 0.47518271 0.63137136
v -0.11774126 0.46007379 0.62986961
v -0.11349154 0.47490771 0.63627202
v -0.06367015 0.47324639 0.74551441
v -0.06347052 0.46007390 0.73590685
v -0.06399842 0.46007391 0.76886917
v -0.06384774 0.47243920 0.76023428
v -0.06362850 0.44524588 0.74458740
v -0.06391921 0.44542023 0.76159761
v -0.10391803 0.47515881 0.65065381
v -0.09934020 0.46007379 0.65749662
v -0.10400870 0.44532017 0.65051445
v -0.11340414 0.44548353 0.63640253
v -0.12776053 0.46007379 0.63969834
v -0.12124649 0.47457542 0.64419703
v -0.10717906 0.47527465 0.65395589
v -0.10050897 0.46007380 0.65864954
v -0.10737331 0.44533540 0.65382751
v -0.12123065 0.44560234 0.64420816
v -0.10919223 0.47523538 0.65862648
v -0.10119325 0.46007380 0.66107969
v -0.10935634 0.44524209 0.65859315
v -0.12548297 0.44572789 0.65380271
v -0.10957268 0.47528658 0.67306790
v -0.10099317 0.46007380 0.67203512
v -0.10972614 0.44515059 0.67308432
v -0.12643537 0.44576509 0.67514074
v -0.12946475 0.46007394 0.69911090
v -0.12179205 0.47461947 0.69678163
v -0.10523537 0.47552114 0.69177819
v -0.09723956 0.46007385 0.68935996
v -0.10557316 0.44525770 0.69187560
v -0.12178295 0.44554417 0.69677905
v -0.12255671 0.46007395 0.71971540
v -0.11504407 0.47494039 0.71686458
v -0.09879916 0.47530007 0.71071532
v -0.09109261 0.46007385 0.70779034
v -0.09906989 0.44535035 0.71081369
v -0.11493193 0.44541230 0.71682376
v -0.11598629 0.46007395 0.73630535
v -0.10851442 0.47439128 0.73291834
v -0.09308381 0.47518900 0.72588765
v -0.08544743 0.46007385 0.72238275
v -0.09325364 0.44529274 0.72596297
v -0.10864198 0.44552357 0.73297822
v -0.10652085 0.46007395 0.75038731
v -0.10057544 0.47328462 0.74555529
v -0.08809165 0.47488656 0.73538194
v -0.08139165 0.46007385 0.72989568
v -0.08807639 0.44522245 0.73536976
v -0.10114891 0.44570433 0.74602890
v -0.09362771 0.46007395 0.76085388
v -0.08997654 0.47329334 0.75453587
v -0.08194427 0.47470688 0.74069076
v -0.07758032 0.46007385 0.73320643
v -0.08189795 0.44525653 0.74060887
v -0.09036994 0.44563894 0.75520694
v -0.07927534 0.46007395 0.76740610
v -0.07747971 0.47369310 0.75949274
v -0.07392095 0.47412293 0.74394307
v -0.07190159 0.46007385 0.73518129
v -0.07383687 0.44527393 0.74355254
v -0.07761847 0.44548119 0.76008379
v 0.11957003 -0.10347340 1.09986122
v 0.11957003 -0.07701939 1.12498016
v 0.05864256 -0.07701938 1.12498015
v 0.05864256 -0.10347340 1.09986121
v 0.11957003 -0.05442583 1.15489073
v 0.05864256 -0.05442582 1.15489073
v 0.11957003 -0.02977321 1.17332958
v 0.05864256 -0.02977321 1.17332958
v 0.11957003 -0.00069348 1.17980444
v 0.05864256 -0.00069347 1.17980444
v 0.11957004 0.02838626 1.17332957
v 0.05864257 0.02838627 1.17332957
v 0.11957004 0.05303886 1.15489071
v 0.05864257 0.05303887 1.15489071
v 0.11957005 0.07563241 1.12498013
v 0.05864258 0.07563242 1.12498013
v 0.11957005 0.10208641 1.09986118
v 0.05864258 0.10208641 1.09986118
v 0.11958079 0.02498853 1.12016353
v 0.11958079 0.02867992 1.10811666
v 0.05864475 0.02867990 1.10811666
v 0.05864475 0.02498852 1.12016352
v 0.11958078 -0.02637521 1.12016354
v 0.11958078 -0.01720950 1.12901784
v 0.05864474 -0.01720952 1.12901783
v 0.05864474 -0.02637522 1.12016353
v 0.11958079 0.02724806 1.09133212
v 0.05864475 0.02724805 1.09133212
v 0.11958078 -0.00069331 1.13381458
v 0.05864474 -0.00069332 1.13381457
v 0.11958078 0.01582284 1.12901783
v 0.11958078 -0.02863469 1.09133213
v 0.11958078 -0.03006655 1.10811667
v 0.05864474 0.01582283 1.12901782
v 0.05864474 -0.03006656 1.10811666
v 0.05864474 -0.02863470 1.09133213
v 0.34623558 0.29553670 0.95144081
v 0.49639340 0.29553670 0.95144086
v 0.49639340 0.28400895 0.90841872
v 0.34623563 0.28400895 0.90841868
v 0.49639340 0.25251452 0.87692428
v 0.34623563 0.25251452 0.87692424
v 0.49639340 0.20949239 0.86539658
v 0.34623563 0.20949239 0.86539655
v 0.49639340 0.16647026 0.87692430
v 0.34623563 0.16647028 0.87692425
v 0.49639340 0.13497589 0.90841875
v 0.34623561 0.13497591 0.90841870
v 0.49639340 0.12344815 0.95144089
v 0.34623561 0.12344816 0.95144084
v 0.49639340 0.13497591 0.99446302
v 0.34623556 0.13497592 0.99446298
v 0.49639340 0.16647027 1.02595737
v 0.34623556 0.16647028 1.02595733
v 0.49639340 0.20949239 1.03748514
v 0.34623558 0.20949239 1.03748510
v 0.49639340 0.25251450 1.02595744
v 0.34623558 0.25251453 1.02595739
v 0.49639340 0.28400892 0.99446300
v 0.34623558 0.28400894 0.99446296
v 0.50173606 0.25666304 0.86973893
v 0.50173606 0.20949241 0.85709959
v 0.50173606 0.25666305 1.03314278
v 0.50173606 0.29119434 0.99861154
v 0.50173606 0.29119433 0.90427016
v 0.50173606 0.20949239 1.04578214
v 0.50173606 0.16232177 1.03314280
v 0.50173606 0.12779049 0.99861148
v 0.50173606 0.11515117 0.95144089
v 0.50173606 0.12779049 0.90427018
v 0.50173606 0.16232179 0.86973895
v 0.50173606 0.30383371 0.95144086
v 0.11979908 0.05847560 1.10609758
v -0.13887018 0.05847563 1.10609746
v -0.13887020 0.02770488 1.09674222
v 0.11979908 0.02770486 1.09674230
v -0.13887018 0.01217942 1.07809500
v 0.11979909 0.01217941 1.07809511
v 0.11979915 0.04967826 0.96706002
v -0.13887010 0.04967829 0.96705991
v -0.13887010 0.02578329 0.94334616
v 0.11979915 0.02578326 0.94334627
v -0.13887008 0.03386303 0.86430562
v 0.11979918 0.03386301 0.86430576
v -0.13887003 0.10362713 0.80726815
v 0.11979920 0.10362711 0.80726822
v -0.13887001 0.22313738 0.79555794
v 0.11979925 0.20800559 0.79555809
v -0.13886999 0.31699539 0.79308395
v 0.11979926 0.29883967 0.79308409
v 0.11979925 0.34587172 0.81587040
v -0.13887001 0.36402744 0.81587028
v -0.13887001 0.40160344 0.85756880
v 0.11979924 0.38344769 0.85756890
v 0.11979918 0.40572149 0.93390587
v -0.13887008 0.42387724 0.93390579
v -0.13887008 0.42638514 0.98601144
v 0.11979916 0.40822939 0.98601151
v -0.13887010 0.38915301 1.04439225
v 0.11979915 0.37099726 1.04439234
v -0.13887013 0.34249040 1.08194571
v 0.11979913 0.32433468 1.08194580
v 0.11979912 0.14790618 1.09547217
v -0.13887018 0.19820153 1.09547204
v 0.11979909 0.01641254 1.05531985
v -0.13887018 0.01641257 1.05531977
v -0.13887013 0.05257868 1.01057145
v 0.11979911 0.05257866 1.01057157
v -0.15847831 0.04229755 1.08408661
v -0.15847831 0.02775956 1.06712725
v -0.15847820 0.22055612 0.80990819
v -0.15847817 0.30602460 0.80765536
v -0.15847829 0.32924067 1.07069692
v -0.15847829 0.19784920 1.08301430
v -0.15847824 0.40335272 0.93588960
v -0.15847824 0.40563649 0.98333781
v -0.15847822 0.04792713 0.87202539
v -0.15847820 0.11172833 0.82057168
v -0.15847827 0.37173234 1.03650021
v -0.15847827 0.06466653 1.00542950
v -0.15847827 0.06205571 0.96608029
v -0.15847831 0.03168050 1.04637487
v -0.15847822 0.34885266 0.82840492
v -0.15847831 0.06698821 1.08961430
v -0.15847822 0.04020557 0.94448625
v -0.15847824 0.38306988 0.86637613
v 0.32673465 0.36892307 0.85756897
v 0.32673458 0.39119685 0.93390593
v 0.35042778 0.37699212 0.93539087
v 0.35042785 0.35620850 0.86416120
v 0.32673461 0.03386298 0.86430585
v 0.32673463 0.10362709 0.80726832
v 0.35042783 0.10866181 0.81722585
v 0.35042781 0.04336081 0.87008398
v 0.32673458 0.39370483 0.98601158
v 0.32673454 0.35647264 1.04439240
v 0.35042773 0.34459107 1.03848537
v 0.35042778 0.37933226 0.98401045
v 0.32673451 0.01641252 1.05531992
v 0.32673454 0.05257863 1.01057168
v 0.35042769 0.06059728 1.00672308
v 0.35042766 0.02693534 1.04844525
v 0.32673456 0.04967825 0.96706013
v 0.32673456 0.02578324 0.94334638
v 0.35042778 0.03554919 0.94419972
v 0.35042778 0.05791364 0.96632686
v 0.32673465 0.33134710 0.81587052
v 0.35042785 0.32114651 0.82525240
v 0.32673451 0.05847559 1.10609769
v 0.32673451 0.02770483 1.09674237
v 0.35042766 0.03759828 1.08726989
v 0.35042766 0.06385441 1.09403068
v 0.32673465 0.19045708 0.79555818
v 0.35042785 0.18968256 0.80629912
v 0.32673454 0.30981004 1.08194586
v 0.35042773 0.30105038 1.07352637
v 0.32673451 0.01217937 1.07809523
v 0.35042766 0.02281196 1.06988605
v 0.32673465 0.28431508 0.79308421
v 0.35042785 0.27726108 0.80399066
v 0.32673451 0.18186138 1.09547228
v 0.35042771 0.18166194 1.08614777
v -0.25997266 0.37736695 1.00308133
v -0.26481184 0.39214996 0.94246009
v -0.26427475 0.45509354 0.94326373
v -0.25629723 0.42890592 1.04047343
v -0.25595065 0.33147762 1.05344201
v -0.25045719 0.35736013 1.11163573
v -0.25426532 0.25962676 1.07453963
v -0.24831972 0.25962677 1.13768291
v -0.25595065 0.18777594 1.05344207
v -0.25045722 0.16189337 1.11163576
v -0.25997268 0.14188659 1.00308137
v -0.25629725 0.09034756 1.04047341
v -0.26481184 0.12710358 0.94246013
v -0.26427475 0.06415994 0.94326372
v -0.27427962 0.32121075 0.82551910
v -0.27548814 0.25962672 0.81039162
v -0.28022993 0.25962671 0.74884446
v -0.27809234 0.35736024 0.77489168
v -0.27427960 0.19804288 0.82551905
v -0.27809232 0.16189331 0.77489171
v -0.27059262 0.14776053 0.87165700
v -0.27225228 0.09034749 0.84605410
v -0.27059254 0.37149297 0.87165699
v -0.27225224 0.42890599 0.84605412
v -0.52497735 0.35736018 1.11010575
v -0.53232745 0.25962680 1.13598979
v -0.50668648 0.09034755 1.03938901
v -0.48673233 0.06415994 0.94278812
v -0.45158865 0.35736027 0.77547037
v -0.46700133 0.42890603 0.84618724
v -0.45158855 0.16189332 0.77547034
v -0.44591106 0.25962671 0.74958619
v -0.50668648 0.42890597 1.03938903
v -0.52497735 0.16189338 1.11010570
v -0.46700138 0.09034750 0.84618713
v -0.48673229 0.45509359 0.94278813
v 0.35042773 0.18282773 1.04547175
v -0.15847829 0.20113960 1.04343926
v -0.46617802 0.19938514 0.83565871
v -0.46275845 0.25962674 0.81907276
v -0.47542298 0.36396833 0.88095860
v -0.46617816 0.31986842 0.83565869
v -0.34436235 0.31986840 0.84913222
v -0.35360722 0.36396831 0.89443204
v -0.49828077 0.36396833 1.00438531
v -0.51037633 0.31986836 1.05008271
v -0.51037633 0.19938517 1.05008273
v -0.49828072 0.15528523 1.00438534
v -0.47542307 0.15528520 0.88095854
v -0.48674138 0.38011000 0.94265653
v -0.51545253 0.25962678 1.06689957
v -0.48674129 0.13914351 0.94265657
v -0.34436216 0.19938512 0.84913215
v -0.34094264 0.25962672 0.83254622
v -0.37646487 0.36396831 1.01785882
v -0.38856053 0.31986834 1.06355614
v -0.38856053 0.19938513 1.06355616
v -0.37646482 0.15528521 1.01785877
v -0.35360727 0.15528520 0.89443200
v -0.36492558 0.38010998 0.95613003
v -0.39363663 0.25962676 1.08037300
v -0.36492553 0.13914352 0.95612998
v 0.65240185 0.20945692 1.04935648
v 0.66481320 0.25681665 1.03623832
v 0.66481344 0.25681667 0.86664352
v 0.65240195 0.20945691 0.85352538
v 0.63057496 0.12751641 0.90248310
v 0.62715573 0.11485169 0.95144091
v 0.63985533 0.16213365 1.03623824
v 0.67384610 0.29150068 0.90248308
v 0.67384605 0.29150068 1.00039873
v 0.67710462 0.30420881 0.95144092
v 0.63985538 0.16213362 0.86664353
v 0.63057496 0.12751641 1.00039866
v 0.66929234 0.27461685 0.91257937
v 0.66218423 0.24706880 0.88413071
v 0.63241404 0.13434752 0.95144092
v 0.63512882 0.14440031 0.99030245
v 0.65240195 0.20945696 0.87371782
v 0.67184625 0.28471302 0.95144091
v 0.66929229 0.27461684 0.99030246
v 0.63512882 0.14440030 0.91257938
v 0.66218419 0.24706877 1.01875106
v 0.64248468 0.17188156 0.88413070
v 0.64248463 0.17188156 1.01875106
v 0.65240185 0.20945694 1.02916400
v 0.56994051 0.24693537 1.01629396
v 0.56964089 0.27434551 0.98888380
v 0.57047982 0.17204949 0.88658785
v 0.57053219 0.14463940 0.91399798
v 0.57047977 0.17204948 1.01629398
v 0.57027746 0.20949244 1.02632673
v 0.57027751 0.20949241 0.87655497
v 0.57053219 0.14463939 0.98888382
v 0.56964094 0.27434552 0.91399796
v 0.56994056 0.24693535 0.88658783
v 0.57052899 0.13460659 0.95144091
v 0.56948366 0.28437830 0.95144088
v 0.57014197 0.20949229 0.98888029
v 0.57000637 0.20949216 0.95144090
v 0.57008666 0.20949225 0.91399797
v 0.35042776 0.18412763 1.00011677
v 0.35042776 0.18544003 0.95432510
v 0.35042781 0.18678459 0.90741185
v 0.35042783 0.18844353 0.84953042
v -0.15847824 0.21721596 0.85008160
v -0.15847827 0.20862335 0.95342884
v -0.15847827 0.20488195 0.99842851
v -0.15847827 0.21256298 0.90604490
v 0.21356673 0.31775320 1.08194582
v 0.21356673 0.14727206 1.09547221
v 0.21356687 0.29225824 0.79308409
v 0.21356686 0.33929024 0.81587045
v 0.21356685 0.37686616 0.85756892
v 0.21356679 0.39914001 0.93390590
v 0.21356674 0.36441575 1.04439237
v 0.21356677 0.40164796 0.98601156
v 0.21356686 0.20084221 0.79555813
v 0.21356669 0.05847559 1.10609763
v 0.21356668 0.02770486 1.09674233
v 0.21356670 0.01217940 1.07809516
v 0.21356675 0.04967826 0.96706008
v 0.21356675 0.02578326 0.94334632
v 0.21356679 0.03386301 0.86430578
v 0.21356681 0.10362709 0.80726825
v 0.21356672 0.01641253 1.05531988
v 0.21356673 0.05257865 1.01057163
v 0.21356676 0.14727205 0.98874936
v 0.11979915 0.14790616 0.98874932
v -0.14868292 0.37736697 1.00308133
v -0.14909389 0.39215001 0.94246011
v -0.14834134 0.18777593 1.05344207
v -0.14819823 0.25962676 1.07453966
v -0.14958485 0.14776053 0.87165702
v -0.14909392 0.12710359 0.94246014
v -0.14958487 0.37149299 0.87165701
v -0.14834134 0.33147762 1.05344202
v -0.14868294 0.14188660 1.00308139
v -0.14989800 0.32121075 0.82551913
v -0.15000059 0.25962672 0.81039164
v -0.14989800 0.19804288 0.82551910
v 0.34623558 -0.29693729 0.95144091
v 0.34623558 -0.28540956 0.90841877
v 0.49639335 -0.28540956 0.90841882
v 0.49639335 -0.29693729 0.95144095
v 0.34623558 -0.25391514 0.87692432
v 0.49639340 -0.25391514 0.87692437
v 0.34623558 -0.21089301 0.86539662
v 0.49639340 -0.21089301 0.86539665
v 0.34623561 -0.16787085 0.87692430
v 0.49639340 -0.16787086 0.87692435
v 0.34623561 -0.13637647 0.90841875
v 0.49639340 -0.13637648 0.90841879
v 0.34623558 -0.12484871 0.95144088
v 0.49639335 -0.12484872 0.95144093
v 0.34623556 -0.13637645 0.99446303
v 0.49639335 -0.13637646 0.99446306
v 0.34623556 -0.16787080 1.02595738
v 0.49639335 -0.16787081 1.02595743
v 0.34623556 -0.21089296 1.03748517
v 0.49639330 -0.21089296 1.03748521
v 0.34623556 -0.25391507 1.02595747
v 0.49639330 -0.25391507 1.02595752
v 0.34623558 -0.28540950 0.99446305
v 0.49639335 -0.28540950 0.99446309
v 0.50173606 -0.21089303 0.85709965
v 0.50173606 -0.25806366 0.86973901
v 0.50173601 -0.29259492 0.99861163
v 0.50173597 -0.25806361 1.03314286
v 0.50173601 -0.29259494 0.90427025
v 0.50173597 -0.21089295 1.04578221
v 0.50173601 -0.16372231 1.03314285
v 0.50173601 -0.12919104 0.99861152
v 0.50173601 -0.11655174 0.95144093
v 0.50173606 -0.12919108 0.90427023
v 0.50173606 -0.16372239 0.86973900
v 0.50173601 -0.30523430 0.95144096
v 0.11979908 -0.05987607 1.10609760
v 0.11979908 -0.02910534 1.09674231
v -0.13887018 -0.02910533 1.09674223
v -0.13887015 -0.05987607 1.10609748
v 0.11979908 -0.01357989 1.07809511
v -0.13887018 -0.01357987 1.07809500
v 0.11979914 -0.05107879 0.96706004
v 0.11979915 -0.02718380 0.94334628
v -0.13887013 -0.02718378 0.94334617
v -0.13887013 -0.05107878 0.96705992
v 0.11979917 -0.03526357 0.86430577
v -0.13887006 -0.03526355 0.86430563
v 0.11979918 -0.10502767 0.80726826
v -0.13887008 -0.10502766 0.80726819
v 0.11979922 -0.20940617 0.79555815
v -0.13887001 -0.22453795 0.79555801
v 0.11979922 -0.30024024 0.79308419
v -0.13887003 -0.31839597 0.79308405
v 0.11979921 -0.34727231 0.81587051
v 0.11979919 -0.38484824 0.85756902
v -0.13887006 -0.40300389 0.85756893
v -0.13887003 -0.36542796 0.81587040
v 0.11979913 -0.40712201 0.93390600
v 0.11979911 -0.40962991 0.98601164
v -0.13887013 -0.42778556 0.98601158
v -0.13887013 -0.42527767 0.93390593
v 0.11979909 -0.37239775 1.04439246
v -0.13887015 -0.39055347 1.04439238
v 0.11979909 -0.32573516 1.08194590
v -0.13887018 -0.34389084 1.08194582
v 0.11979909 -0.14930664 1.09547222
v -0.13887018 -0.19960200 1.09547211
v 0.11979909 -0.01781303 1.05531986
v 0.11979911 -0.05397916 1.01057159
v -0.13887015 -0.05397915 1.01057147
v -0.13887018 -0.01781303 1.05531978
v -0.15847831 -0.02916001 1.06712726
v -0.15847831 -0.04369799 1.08408663
v -0.15847824 -0.30742512 0.80765546
v -0.15847822 -0.22195665 0.80990826
v -0.15847834 -0.19924963 1.08301436
v -0.15847834 -0.33064111 1.07069703
v -0.15847829 -0.40703691 0.98333794
v -0.15847829 -0.40475315 0.93588974
v -0.15847822 -0.11312889 0.82057171
v -0.15847824 -0.04932764 0.87202541
v -0.15847829 -0.37313274 1.03650034
v -0.15847824 -0.06345619 0.96608031
v -0.15847824 -0.06606701 1.00542953
v -0.15847829 -0.03308095 1.04637488
v -0.15847824 -0.35025315 0.82840504
v -0.15847831 -0.06838866 1.08961432
v -0.15847824 -0.04160606 0.94448626
v -0.15847827 -0.38447034 0.86637626
v 0.32673458 -0.37032365 0.85756909
v 0.35042778 -0.35760907 0.86416132
v 0.35042773 -0.37839267 0.93539100
v 0.32673454 -0.39259740 0.93390605
v 0.32673461 -0.03526356 0.86430586
v 0.35042778 -0.04476138 0.87008400
v 0.35042778 -0.11006240 0.81722588
v 0.32673461 -0.10502768 0.80726835
v 0.32673454 -0.39510536 0.98601171
v 0.35042773 -0.38073280 0.98401057
v 0.35042771 -0.34599159 1.03848548
v 0.32673449 -0.35787316 1.04439252
v 0.32673451 -0.01781304 1.05531992
v 0.35042766 -0.02833586 1.04844525
v 0.35042769 -0.06199782 1.00672310
v 0.32673454 -0.05397916 1.01057170
v 0.32673454 -0.05107879 0.96706015
v 0.35042776 -0.05931419 0.96632688
v 0.35042776 -0.03694974 0.94419973
v 0.32673454 -0.02718379 0.94334639
v 0.32673461 -0.33274772 0.81587063
v 0.35042781 -0.32254715 0.82525250
v 0.32673451 -0.05987610 1.10609771
v 0.35042766 -0.06525492 1.09403070
v 0.35042766 -0.03899879 1.08726991
v 0.32673451 -0.02910533 1.09674238
v 0.35042783 -0.19108316 0.80629918
v 0.32673463 -0.19185768 0.79555824
v 0.35042771 -0.30245093 1.07352647
v 0.32673449 -0.31121059 1.08194597
v 0.32673451 -0.01357988 1.07809523
v 0.35042766 -0.02421248 1.06988605
v 0.32673461 -0.28571570 0.79308431
v 0.35042781 -0.27866172 0.80399075
v 0.32673449 -0.18326190 1.09547234
v 0.35042769 -0.18306245 1.08614783
v -0.25997268 -0.37876743 1.00308146
v -0.25629727 -0.43030642 1.04047357
v -0.26427480 -0.45649407 0.94326388
v -0.26481189 -0.39355048 0.94246022
v -0.25595068 -0.33287806 1.05344212
v -0.25045722 -0.35876060 1.11163585
v -0.25426534 -0.26102722 1.07453971
v -0.24831979 -0.26102719 1.13768300
v -0.25595065 -0.18917640 1.05344213
v -0.25045722 -0.16329379 1.11163581
v -0.25997268 -0.14328707 1.00308142
v -0.25629723 -0.09174799 1.04047344
v -0.26481187 -0.12850406 0.94246017
v -0.26427478 -0.06556042 0.94326374
v -0.27427967 -0.32261126 0.82551921
v -0.27809234 -0.35876082 0.77489179
v -0.28023000 -0.26102725 0.74884454
v -0.27548819 -0.26102726 0.81039170
v -0.27809234 -0.16329384 0.77489176
v -0.27427960 -0.19944340 0.82551912
v -0.27059264 -0.14916103 0.87165705
v -0.27225231 -0.09174801 0.84605413
v -0.27059259 -0.37289350 0.87165711
v -0.27225233 -0.43030654 0.84605426
v -0.53232750 -0.26102716 1.13598988
v -0.52497740 -0.35876056 1.11010587
v -0.48673233 -0.06556039 0.94278814
v -0.50668648 -0.09174798 1.03938904
v -0.46700138 -0.43030649 0.84618738
v -0.45158869 -0.35876080 0.77547049
v -0.44591110 -0.26102725 0.74958627
v -0.45158851 -0.16329382 0.77547039
v -0.50668652 -0.43030637 1.03938917
v -0.52497740 -0.16329377 1.11010575
v -0.46700133 -0.09174798 0.84618716
v -0.48673233 -0.45649402 0.94278828
v 0.35042773 -0.18422827 1.04547181
v -0.15847831 -0.20254005 1.04343933
v -0.46275845 -0.26102721 0.81907284
v -0.46617802 -0.20078560 0.83565877
v -0.47542307 -0.36536878 0.88095871
v -0.35360727 -0.36536880 0.89443216
v -0.34436240 -0.32126891 0.84913233
v -0.46617820 -0.32126889 0.83565879
v -0.51037638 -0.32126876 1.05008282
v -0.49828081 -0.36536872 1.00438543
v -0.49828077 -0.15668565 1.00438539
v -0.51037638 -0.20078557 1.05008280
v -0.47542307 -0.15668567 0.88095859
v -0.48674134 -0.38151043 0.94265665
v -0.51545257 -0.26102717 1.06689966
v -0.48674134 -0.14054396 0.94265661
v -0.34094264 -0.26102724 0.83254630
v -0.34436216 -0.20078563 0.84913221
v -0.38856053 -0.32126878 1.06355624
v -0.37646487 -0.36536874 1.01785894
v -0.37646487 -0.15668566 1.01785883
v -0.38856053 -0.20078557 1.06355622
v -0.35360727 -0.15668567 0.89443205
v -0.36492558 -0.38151045 0.95613015
v -0.39363667 -0.26102720 1.08037308
v -0.36492558 -0.14054397 0.95613003
v 0.66481316 -0.25821721 1.03623840
v 0.65240185 -0.21085750 1.04935655
v 0.65240195 -0.21085753 0.85352545
v 0.66481344 -0.25821731 0.86664360
v 0.62715568 -0.11625228 0.95144095
v 0.63057492 -0.12891703 0.90248315
v 0.63985533 -0.16353421 1.03623830
v 0.67384605 -0.29290129 0.90248317
v 0.67710452 -0.30560940 0.95144102
v 0.67384601 -0.29290128 1.00039883
v 0.63985543 -0.16353424 0.86664359
v 0.63057492 -0.12891699 1.00039870
v 0.66218428 -0.24846942 0.88413079
v 0.66929229 -0.27601745 0.91257946
v 0.63512877 -0.14580090 0.99030250
v 0.63241400 -0.13574812 0.95144096
v 0.65240195 -0.21085758 0.87371789
v 0.67184616 -0.28611363 0.95144100
v 0.66929224 -0.27601742 0.99030255
v 0.63512877 -0.14580091 0.91257943
v 0.66218414 -0.24846935 1.01875114
v 0.64248473 -0.17328215 0.88413076
v 0.65240185 -0.21085750 1.02916406
v 0.64248463 -0.17328212 1.01875112
v 0.56964085 -0.27574609 0.98888389
v 0.56994046 -0.24833595 1.01629404
v 0.57053215 -0.14603998 0.91399803
v 0.57047982 -0.17345010 0.88658790
v 0.57027742 -0.21089301 1.02632680
v 0.57047977 -0.17345006 1.01629403
v 0.57027751 -0.21089303 0.87655504
v 0.57053215 -0.14603994 0.98888387
v 0.56994056 -0.24833597 0.88658791
v 0.56964089 -0.27574613 0.91399805
v 0.57052894 -0.13600717 0.95144095
v 0.56948357 -0.28577890 0.95144098
v 0.57014192 -0.21089287 0.98888036
v 0.57008662 -0.21089286 0.91399804
v 0.57000633 -0.21089276 0.95144096
v 0.35042776 -0.18684060 0.95432516
v 0.35042773 -0.18552818 1.00011683
v 0.35042776 -0.18818517 0.90741191
v 0.35042781 -0.18984412 0.84953048
v -0.15847827 -0.21861647 0.85008167
v -0.15847831 -0.20628241 0.99842857
v -0.15847827 -0.21002383 0.95342891
v -0.15847827 -0.21396347 0.90604497
v 0.21356669 -0.31915370 1.08194593
v 0.21356670 -0.14867256 1.09547226
v 0.21356682 -0.29365881 0.79308419
v 0.21356681 -0.34069085 0.81587056
v 0.21356681 -0.37826676 0.85756905
v 0.21356674 -0.40054054 0.93390603
v 0.21356672 -0.36581632 1.04439249
v 0.21356673 -0.40304847 0.98601169
v 0.21356683 -0.20224278 0.79555820
v 0.21356670 -0.02910535 1.09674234
v 0.21356669 -0.05987608 1.10609765
v 0.21356670 -0.01357990 1.07809517
v 0.21356675 -0.02718380 0.94334633
v 0.21356674 -0.05107879 0.96706010
v 0.21356679 -0.03526357 0.86430579
v 0.21356680 -0.10502768 0.80726828
v 0.21356672 -0.05397917 1.01057165
v 0.21356670 -0.01781303 1.05531988
v 0.21356673 -0.14867258 0.98874941
v 0.11979913 -0.14930666 0.98874937
v -0.14909394 -0.39355044 0.94246024
v -0.14868297 -0.37876741 1.00308146
v -0.14819828 -0.26102722 1.07453974
v -0.14834134 -0.18917641 1.05344213
v -0.14909389 -0.12850409 0.94246019
v -0.14958487 -0.14916106 0.87165707
v -0.14958492 -0.37289347 0.87165713
v -0.14834139 -0.33287806 1.05344213
v -0.14868297 -0.14328708 1.00308144
v -0.14989802 -0.32261126 0.82551923
v -0.14989802 -0.19944340 0.82551916
v -0.15000066 -0.26102726 0.81039173
v 0.27494442 -0.10347343 1.09986117
v 0.27494442 -0.07701943 1.12498011
v 0.21401694 -0.07701942 1.12498010
v 0.21401694 -0.10347343 1.09986117
v 0.27494442 -0.05442586 1.15489069
v 0.21401694 -0.05442585 1.15489069
v 0.27494442 -0.02977324 1.17332953
v 0.21401694 -0.02977324 1.17332953
v 0.27494443 -0.00069350 1.17980440
v 0.21401695 -0.00069349 1.17980440
v 0.27494443 0.02838624 1.17332952
v 0.21401695 0.02838625 1.17332952
v 0.27494443 0.05303884 1.15489067
v 0.21401695 0.05303885 1.15489067
v 0.27494444 0.07563239 1.12498009
v 0.21401696 0.07563240 1.12498008
v 0.27494444 0.10208640 1.09986114
v 0.21401695 0.10208640 1.09986113
v 0.27495517 0.02498850 1.12016349
v 0.27495517 0.02867990 1.10811662
v 0.21401912 0.02867988 1.10811661
v 0.21401912 0.02498850 1.12016348
v 0.27495517 -0.02637524 1.12016349
v 0.27495517 -0.01720953 1.12901779
v 0.21401912 -0.01720955 1.12901778
v 0.21401912 -0.02637525 1.12016349
v 0.27495517 0.02724804 1.09133208
v 0.21401912 0.02724803 1.09133207
v 0.27495517 -0.00069333 1.13381454
v 0.21401912 -0.00069334 1.13381453
v 0.27495517 0.01582282 1.12901779
v 0.27495517 -0.02863471 1.09133209
v 0.27495517 -0.03006658 1.10811663
v 0.21401912 0.01582281 1.12901778
v 0.21401912 -0.03006659 1.10811662
v 0.21401912 -0.02863472 1.09133208
f 1 2 3
f 1 3 4
f 2 5 6
f 2 6 3
f 3 6 7
f 3 7 8
f 4 3 8
f 4 8 9
f 9 8 10
f 9 10 11
f 8 7 12
f 8 12 10
f 10 12 13
f 10 13 14
f 11 10 14
f 11 14 15
f 13 16 17
f 13 17 18
f 16 19 20
f 16 20 17
f 17 20 21
f 17 21 22
f 18 17 22
f 18 22 23
f 24 25 26
f 24 26 27
f 25 23 28
f 25 28 26
f 26 28 5
f 26 5 2
f 27 26 2
f 27 2 1
f 5 29 30
f 5 30 6
f 29 31 32
f 29 32 30
f 30 32 33
f 30 33 34
f 6 30 34
f 6 34 7
f 7 34 35
f 7 35 12
f 34 33 36
f 34 36 35
f 35 36 19
f 35 19 16
f 12 35 16
f 12 16 13
f 19 37 38
f 19 38 20
f 37 39 40
f 37 40 38
f 38 40 41
f 38 41 42
f 20 38 42
f 20 42 21
f 23 22 43
f 23 43 28
f 22 21 44
f 22 44 43
f 43 44 31
f 43 31 29
f 28 43 29
f 28 29 5
f 31 45 46
f 31 46 32
f 45 47 48
f 45 48 46
f 46 48 49
f 46 49 50
f 32 46 50
f 32 50 33
f 33 50 51
f 33 51 36
f 50 49 52
f 50 52 51
f 51 52 39
f 51 39 37
f 36 51 37
f 36 37 19
f 39 53 54
f 39 54 40
f 53 55 56
f 53 56 54
f 54 56 57
f 54 57 58
f 40 54 58
f 40 58 41
f 21 42 59
f 21 59 44
f 42 41 60
f 42 60 59
f 59 60 47
f 59 47 45
f 44 59 45
f 44 45 31
f 47 61 62
f 47 62 48
f 61 63 64
f 61 64 62
f 62 64 65
f 62 65 66
f 48 62 66
f 48 66 49
f 49 66 67
f 49 67 52
f 66 65 68
f 66 68 67
f 67 68 55
f 67 55 53
f 52 67 53
f 52 53 39
f 55 69 70
f 55 70 56
f 69 71 72
f 69 72 70
f 70 72 73
f 70 73 74
f 56 70 74
f 56 74 57
f 41 58 75
f 41 75 60
f 58 57 76
f 58 76 75
f 75 76 63
f 75 63 61
f 60 75 61
f 60 61 47
f 63 77 78
f 63 78 64
f 77 79 80
f 77 80 78
f 78 80 81
f 78 81 82
f 64 78 82
f 64 82 65
f 65 82 83
f 65 83 68
f 82 81 84
f 82 84 83
f 83 84 71
f 83 71 69
f 68 83 69
f 68 69 55
f 71 85 86
f 71 86 72
f 85 87 88
f 85 88 86
f 86 88 89
f 86 89 90
f 72 86 90
f 72 90 73
f 57 74 91
f 57 91 76
f 74 73 92
f 74 92 91
f 91 92 79
f 91 79 77
f 76 91 77
f 76 77 63
f 79 93 94
f 79 94 80
f 93 95 96
f 93 96 94
f 94 96 97
f 94 97 98
f 80 94 98
f 80 98 81
f 81 98 99
f 81 99 84
f 98 97 100
f 98 100 99
f 99 100 87
f 99 87 85
f 84 99 85
f 84 85 71
f 87 101 102
f 87 102 88
f 101 103 104
f 101 104 102
f 102 104 105
f 102 105 106
f 88 102 106
f 88 106 89
f 73 90 107
f 73 107 92
f 90 89 108
f 90 108 107
f 107 108 95
f 107 95 93
f 92 107 93
f 92 93 79
f 95 109 110
f 95 110 96
f 109 111 112
f 109 112 110
f 110 112 113
f 110 113 114
f 96 110 114
f 96 114 97
f 97 114 115
f 97 115 100
f 114 113 116
f 114 116 115
f 115 116 103
f 115 103 101
f 100 115 101
f 100 101 87
f 103 117 118
f 103 118 104
f 117 119 120
f 117 120 118
f 118 120 121
f 118 121 122
f 104 118 122
f 104 122 105
f 89 106 123
f 89 123 108
f 106 105 124
f 106 124 123
f 123 124 111
f 123 111 109
f 108 123 109
f 108 109 95
f 111 125 126
f 111 126 112
f 125 127 128
f 125 128 126
f 126 128 129
f 126 129 130
f 112 126 130
f 112 130 113
f 113 130 131
f 113 131 116
f 130 129 132
f 130 132 131
f 131 132 119
f 131 119 117
f 116 131 117
f 116 117 103
f 119 133 134
f 119 134 120
f 133 135 136
f 133 136 134
f 134 136 137
f 134 137 138
f 120 134 138
f 120 138 121
f 105 122 139
f 105 139 124
f 122 121 140
f 122 140 139
f 139 140 127
f 139 127 125
f 124 139 125
f 124 125 111
f 127 141 142
f 127 142 128
f 141 143 144
f 141 144 142
f 142 144 145
f 142 145 146
f 128 142 146
f 128 146 129
f 129 146 147
f 129 147 132
f 146 145 148
f 146 148 147
f 147 148 135
f 147 135 133
f 132 147 133
f 132 133 119
f 135 149 150
f 135 150 136
f 149 151 152
f 149 152 150
f 150 152 153
f 150 153 154
f 136 150 154
f 136 154 137
f 121 138 155
f 121 155 140
f 138 137 156
f 138 156 155
f 155 156 143
f 155 143 141
f 140 155 141
f 140 141 127
f 143 157 158
f 143 158 144
f 157 159 160
f 157 160 158
f 158 160 161
f 158 161 162
f 144 158 162
f 144 162 145
f 145 162 163
f 145 163 148
f 162 161 164
f 162 164 163
f 163 164 151
f 163 151 149
f 148 163 149
f 148 149 135
f 151 165 166
f 151 166 152
f 165 167 168
f 165 168 166
f 166 168 169
f 166 169 170
f 152 166 170
f 152 170 153
f 137 154 171
f 137 171 156
f 154 153 172
f 154 172 171
f 171 172 159
f 171 159 157
f 156 171 157
f 156 157 143
f 159 173 174
f 159 174 160
f 173 175 176
f 173 176 174
f 174 176 177
f 174 177 178
f 160 174 178
f 160 178 161
f 161 178 179
f 161 179 164
f 178 177 180
f 178 180 179
f 179 180 167
f 179 167 165
f 164 179 165
f 164 165 151
f 167 181 182
f 167 182 168
f 181 183 184
f 181 184 182
f 182 184 185
f 182 185 186
f 168 182 186
f 168 186 169
f 153 170 187
f 153 187 172
f 170 169 188
f 170 188 187
f 187 188 175
f 187 175 173
f 172 187 173
f 172 173 159
f 175 189 190
f 175 190 176
f 189 191 192
f 189 192 190
f 190 192 193
f 190 193 194
f 176 190 194
f 176 194 177
f 177 194 195
f 177 195 180
f 194 193 196
f 194 196 195
f 195 196 183
f 195 183 181
f 180 195 181
f 180 181 167
f 183 197 198
f 183 198 184
f 197 199 200
f 197 200 198
f 198 200 201
f 198 201 202
f 184 198 202
f 184 202 185
f 169 186 203
f 169 203 188
f 186 185 204
f 186 204 203
f 203 204 191
f 203 191 189
f 188 203 189
f 188 189 175
f 191 205 206
f 191 206 192
f 205 207 208
f 205 208 206
f 206 208 209
f 206 209 210
f 192 206 210
f 192 210 193
f 193 210 211
f 193 211 196
f 210 209 212
f 210 212 211
f 211 212 199
f 211 199 197
f 196 211 197
f 196 197 183
f 199 213 214
f 199 214 200
f 213 215 216
f 213 216 214
f 214 216 217
f 214 217 218
f 200 214 218
f 200 218 201
f 185 202 219
f 185 219 204
f 202 201 220
f 202 220 219
f 219 220 207
f 219 207 205
f 204 219 205
f 204 205 191
f 207 221 222
f 207 222 208
f 221 223 224
f 221 224 222
f 222 224 225
f 222 225 226
f 208 222 226
f 208 226 209
f 209 226 227
f 209 227 212
f 226 225 228
f 226 228 227
f 227 228 215
f 227 215 213
f 212 227 213
f 212 213 199
f 215 229 230
f 215 230 216
f 229 231 232
f 229 232 230
f 230 232 233
f 230 233 234
f 216 230 234
f 216 234 217
f 201 218 235
f 201 235 220
f 218 217 236
f 218 236 235
f 235 236 223
f 235 223 221
f 220 235 221
f 220 221 207
f 223 237 238
f 223 238 224
f 237 239 240
f 237 240 238
f 238 240 241
f 238 241 242
f 224 238 242
f 224 242 225
f 225 242 243
f 225 243 228
f 242 241 244
f 242 244 243
f 243 244 231
f 243 231 229
f 228 243 229
f 228 229 215
f 231 245 246
f 231 246 232
f 245 247 248
f 245 248 246
f 246 248 249
f 246 249 250
f 232 246 250
f 232 250 233
f 217 234 251
f 217 251 236
f 234 233 252
f 234 252 251
f 251 252 239
f 251 239 237
f 236 251 237
f 236 237 223
f 239 253 254
f 239 254 240
f 253 255 256
f 253 256 254
f 254 256 257
f 254 257 258
f 240 254 258
f 240 258 241
f 241 258 259
f 241 259 244
f 258 257 260
f 258 260 259
f 259 260 247
f 259 247 245
f 244 259 245
f 244 245 231
f 247 261 262
f 247 262 248
f 261 263 264
f 261 264 262
f 262 264 265
f 262 265 266
f 248 262 266
f 248 266 249
f 233 250 267
f 233 267 252
f 250 249 268
f 250 268 267
f 267 268 255
f 267 255 253
f 252 267 253
f 252 253 239
f 255 269 270
f 255 270 256
f 269 271 272
f 269 272 270
f 270 272 273
f 270 273 274
f 256 270 274
f 256 274 257
f 257 274 275
f 257 275 260
f 274 273 276
f 274 276 275
f 275 276 263
f 275 263 261
f 260 275 261
f 260 261 247
f 263 277 278
f 263 278 264
f 277 279 280
f 277 280 278
f 278 280 281
f 278 281 282
f 264 278 282
f 264 282 265
f 249 266 283
f 249 283 268
f 266 265 284
f 266 284 283
f 283 284 271
f 283 271 269
f 268 283 269
f 268 269 255
f 271 285 286
f 271 286 272
f 285 287 288
f 285 288 286
f 286 288 289
f 286 289 290
f 272 286 290
f 272 290 273
f 273 290 291
f 273 291 276
f 290 289 292
f 290 292 291
f 291 292 279
f 291 279 277
f 276 291 277
f 276 277 263
f 279 293 294
f 279 294 280
f 293 295 296
f 293 296 294
f 294 296 297
f 294 297 298
f 280 294 298
f 280 298 281
f 265 282 299
f 265 299 284
f 282 281 300
f 282 300 299
f 299 300 287
f 299 287 285
f 284 299 285
f 284 285 271
f 287 301 302
f 287 302 288
f 301 303 304
f 301 304 302
f 302 304 305
f 302 305 306
f 288 302 306
f 288 306 289
f 289 306 307
f 289 307 292
f 306 305 308
f 306 308 307
f 307 308 295
f 307 295 293
f 292 307 293
f 292 293 279
f 24 27 309
f 24 309 310
f 27 1 4
f 27 4 309
f 309 4 9
f 309 9 11
f 310 309 11
f 310 11 15
f 281 298 311
f 281 311 300
f 298 297 312
f 298 312 311
f 311 312 303
f 311 303 301
f 300 311 301
f 300 301 287
f 15 14 313
f 15 313 310
f 14 13 18
f 14 18 313
f 313 18 23
f 313 23 25
f 310 313 25
f 310 25 24
f 314 315 316
f 314 316 317
f 315 318 319
f 315 319 316
f 316 319 320
f 316 320 321
f 317 316 321
f 317 321 322
f 322 321 323
f 322 323 324
f 321 320 325
f 321 325 323
f 323 325 326
f 323 326 327
f 324 323 327
f 324 327 328
f 326 329 330
f 326 330 331
f 329 332 333
f 329 333 330
f 330 333 334
f 330 334 335
f 331 330 335
f 331 335 336
f 337 338 339
f 337 339 340
f 338 336 341
f 338 341 339
f 339 341 318
f 339 318 315
f 340 339 315
f 340 315 314
f 318 342 343
f 318 343 319
f 342 344 345
f 342 345 343
f 343 345 346
f 343 346 347
f 319 343 347
f 319 347 320
f 320 347 348
f 320 348 325
f 347 346 349
f 347 349 348
f 348 349 332
f 348 332 329
f 325 348 329
f 325 329 326
f 332 350 351
f 332 351 333
f 350 352 353
f 350 353 351
f 351 353 354
f 351 354 355
f 333 351 355
f 333 355 334
f 336 335 356
f 336 356 341
f 335 334 357
f 335 357 356
f 356 357 344
f 356 344 342
f 341 356 342
f 341 342 318
f 344 358 359
f 344 359 345
f 358 360 361
f 358 361 359
f 359 361 362
f 359 362 363
f 345 359 363
f 345 363 346
f 346 363 364
f 346 364 349
f 363 362 365
f 363 365 364
f 364 365 352
f 364 352 350
f 349 364 350
f 349 350 332
f 352 366 367
f 352 367 353
f 366 368 369
f 366 369 367
f 367 369 370
f 367 370 371
f 353 367 371
f 353 371 354
f 334 355 372
f 334 372 357
f 355 354 373
f 355 373 372
f 372 373 360
f 372 360 358
f 357 372 358
f 357 358 344
f 360 374 375
f 360 375 361
f 374 376 377
f 374 377 375
f 375 377 378
f 375 378 379
f 361 375 379
f 361 379 362
f 362 379 380
f 362 380 365
f 379 378 381
f 379 381 380
f 380 381 368
f 380 368 366
f 365 380 366
f 365 366 352
f 368 382 383
f 368 383 369
f 382 384 385
f 382 385 383
f 383 385 386
f 383 386 387
f 369 383 387
f 369 387 370
f 354 371 388
f 354 388 373
f 371 370 389
f 371 389 388
f 388 389 376
f 388 376 374
f 373 388 374
f 373 374 360
f 376 390 391
f 376 391 377
f 390 392 393
f 390 393 391
f 391 393 394
f 391 394 395
f 377 391 395
f 377 395 378
f 378 395 396
f 378 396 381
f 395 394 397
f 395 397 396
f 396 397 384
f 396 384 382
f 381 396 382
f 381 382 368
f 384 398 399
f 384 399 385
f 398 400 401
f 398 401 399
f 399 401 402
f 399 402 403
f 385 399 403
f 385 403 386
f 370 387 404
f 370 404 389
f 387 386 405
f 387 405 404
f 404 405 392
f 404 392 390
f 389 404 390
f 389 390 376
f 392 406 407
f 392 407 393
f 406 408 409
f 406 409 407
f 407 409 410
f 407 410 411
f 393 407 411
f 393 411 394
f 394 411 412
f 394 412 397
f 411 410 413
f 411 413 412
f 412 413 400
f 412 400 398
f 397 412 398
f 397 398 384
f 400 414 415
f 400 415 401
f 414 416 417
f 414 417 415
f 415 417 418
f 415 418 419
f 401 415 419
f 401 419 402
f 386 403 420
f 386 420 405
f 403 402 421
f 403 421 420
f 420 421 408
f 420 408 406
f 405 420 406
f 405 406 392
f 408 422 423
f 408 423 409
f 422 424 425
f 422 425 423
f 423 425 426
f 423 426 427
f 409 423 427
f 409 427 410
f 410 427 428
f 410 428 413
f 427 426 429
f 427 429 428
f 428 429 416
f 428 416 414
f 413 428 414
f 413 414 400
f 416 430 431
f 416 431 417
f 430 432 433
f 430 433 431
f 431 433 434
f 431 434 435
f 417 431 435
f 417 435 418
f 402 419 436
f 402 436 421
f 419 418 437
f 419 437 436
f 436 437 424
f 436 424 422
f 421 436 422
f 421 422 408
f 424 438 439
f 424 439 425
f 438 440 441
f 438 441 439
f 439 441 442
f 439 442 443
f 425 439 443
f 425 443 426
f 426 443 444
f 426 444 429
f 443 442 445
f 443 445 444
f 444 445 432
f 444 432 430
f 429 444 430
f 429 430 416
f 432 446 447
f 432 447 433
f 446 448 449
f 446 449 447
f 447 449 450
f 447 450 451
f 433 447 451
f 433 451 434
f 418 435 452
f 418 452 437
f 435 434 453
f 435 453 452
f 452 453 440
f 452 440 438
f 437 452 438
f 437 438 424
f 440 454 455
f 440 455 441
f 454 456 457
f 454 457 455
f 455 457 458
f 455 458 459
f 441 455 459
f 441 459 442
f 442 459 460
f 442 460 445
f 459 458 461
f 459 461 460
f 460 461 448
f 460 448 446
f 445 460 446
f 445 446 432
f 448 462 463
f 448 463 449
f 462 464 465
f 462 465 463
f 463 465 466
f 463 466 467
f 449 463 467
f 449 467 450
f 434 451 468
f 434 468 453
f 451 450 469
f 451 469 468
f 468 469 456
f 468 456 454
f 453 468 454
f 453 454 440
f 456 470 471
f 456 471 457
f 470 472 473
f 470 473 471
f 471 473 474
f 471 474 475
f 457 471 475
f 457 475 458
f 458 475 476
f 458 476 461
f 475 474 477
f 475 477 476
f 476 477 464
f 476 464 462
f 461 476 462
f 461 462 448
f 464 478 479
f 464 479 465
f 478 480 481
f 478 481 479
f 479 481 482
f 479 482 483
f 465 479 483
f 465 483 466
f 450 467 484
f 450 484 469
f 467 466 485
f 467 485 484
f 484 485 472
f 484 472 470
f 469 484 470
f 469 470 456
f 472 486 487
f 472 487 473
f 486 488 489
f 486 489 487
f 487 489 490
f 487 490 491
f 473 487 491
f 473 491 474
f 474 491 492
f 474 492 477
f 491 490 493
f 491 493 492
f 492 493 480
f 492 480 478
f 477 492 478
f 477 478 464
f 480 494 495
f 480 495 481
f 494 496 497
f 494 497 495
f 495 497 498
f 495 498 499
f 481 495 499
f 481 499 482
f 466 483 500
f 466 500 485
f 483 482 501
f 483 501 500
f 500 501 488
f 500 488 486
f 485 500 486
f 485 486 472
f 488 502 503
f 488 503 489
f 502 504 505
f 502 505 503
f 503 505 506
f 503 506 507
f 489 503 507
f 489 507 490
f 490 507 508
f 490 508 493
f 507 506 509
f 507 509 508
f 508 509 496
f 508 496 494
f 493 508 494
f 493 494 480
f 496 510 511
f 496 511 497
f 510 512 513
f 510 513 511
f 511 513 514
f 511 514 515
f 497 511 515
f 497 515 498
f 482 499 516
f 482 516 501
f 499 498 517
f 499 517 516
f 516 517 504
f 516 504 502
f 501 516 502
f 501 502 488
f 504 518 519
f 504 519 505
f 518 520 521
f 518 521 519
f 519 521 522
f 519 522 523
f 505 519 523
f 505 523 506
f 506 523 524
f 506 524 509
f 523 522 525
f 523 525 524
f 524 525 512
f 524 512 510
f 509 524 510
f 509 510 496
f 512 526 527
f 512 527 513
f 526 528 529
f 526 529 527
f 527 529 530
f 527 530 531
f 513 527 531
f 513 531 514
f 498 515 532
f 498 532 517
f 515 514 533
f 515 533 532
f 532 533 520
f 532 520 518
f 517 532 518
f 517 518 504
f 520 534 535
f 520 535 521
f 534 536 537
f 534 537 535
f 535 537 538
f 535 538 539
f 521 535 539
f 521 539 522
f 522 539 540
f 522 540 525
f 539 538 541
f 539 541 540
f 540 541 528
f 540 528 526
f 525 540 526
f 525 526 512
f 528 542 543
f 528 543 529
f 542 544 545
f 542 545 543
f 543 545 546
f 543 546 547
f 529 543 547
f 529 547 530
f 514 531 548
f 514 548 533
f 531 530 549
f 531 549 548
f 548 549 536
f 548 536 534
f 533 548 534
f 533 534 520
f 536 550 551
f 536 551 537
f 550 552 553
f 550 553 551
f 551 553 554
f 551 554 555
f 537 551 555
f 537 555 538
f 538 555 556
f 538 556 541
f 555 554 557
f 555 557 556
f 556 557 544
f 556 544 542
f 541 556 542
f 541 542 528
f 544 558 559
f 544 559 545
f 558 560 561
f 558 561 559
f 559 561 562
f 559 562 563
f 545 559 563
f 545 563 546
f 530 547 564
f 530 564 549
f 547 546 565
f 547 565 564
f 564 565 552
f 564 552 550
f 549 564 550
f 549 550 536
f 552 566 567
f 552 567 553
f 566 568 569
f 566 569 567
f 567 569 570
f 567 570 571
f 553 567 571
f 553 571 554
f 554 571 572
f 554 572 557
f 571 570 573
f 571 573 572
f 572 573 560
f 572 560 558
f 557 572 558
f 557 558 544
f 560 574 575
f 560 575 561
f 574 576 577
f 574 577 575
f 575 577 578
f 575 578 579
f 561 575 579
f 561 579 562
f 546 563 580
f 546 580 565
f 563 562 581
f 563 581 580
f 580 581 568
f 580 568 566
f 565 580 566
f 565 566 552
f 568 582 583
f 568 583 569
f 582 584 585
f 582 585 583
f 583 585 586
f 583 586 587
f 569 583 587
f 569 587 570
f 570 587 588
f 570 588 573
f 587 586 589
f 587 589 588
f 588 589 576
f 588 576 574
f 573 588 574
f 573 574 560
f 576 590 591
f 576 591 577
f 590 592 593
f 590 593 591
f 591 593 594
f 591 594 595
f 577 591 595
f 577 595 578
f 562 579 596
f 562 596 581
f 579 578 597
f 579 597 596
f 596 597 584
f 596 584 582
f 581 596 582
f 581 582 568
f 584 598 599
f 584 599 585
f 598 600 601
f 598 601 599
f 599 601 602
f 599 602 603
f 585 599 603
f 585 603 586
f 586 603 604
f 586 604 589
f 603 602 605
f 603 605 604
f 604 605 592
f 604 592 590
f 589 604 590
f 589 590 576
f 592 606 607
f 592 607 593
f 606 608 609
f 606 609 607
f 607 609 610
f 607 610 611
f 593 607 611
f 593 611 594
f 578 595 612
f 578 612 597
f 595 594 613
f 595 613 612
f 612 613 600
f 612 600 598
f 597 612 598
f 597 598 584
f 600 614 615
f 600 615 601
f 614 616 617
f 614 617 615
f 615 617 618
f 615 618 619
f 601 615 619
f 601 619 602
f 602 619 620
f 602 620 605
f 619 618 621
f 619 621 620
f 620 621 608
f 620 608 606
f 605 620 606
f 605 606 592
f 337 340 622
f 337 622 623
f 340 314 317
f 340 317 622
f 622 317 322
f 622 322 324
f 623 622 324
f 623 324 328
f 594 611 624
f 594 624 613
f 611 610 625
f 611 625 624
f 624 625 616
f 624 616 614
f 613 624 614
f 613 614 600
f 328 327 626
f 328 626 623
f 327 326 331
f 327 331 626
f 626 331 336
f 626 336 338
f 623 626 338
f 623 338 337
f 627 628 629
f 627 629 630
f 628 631 632
f 628 632 629
f 629 632 633
f 629 633 634
f 630 629 634
f 630 634 635
f 635 634 636
f 635 636 637
f 634 633 638
f 634 638 636
f 636 638 639
f 636 639 640
f 637 636 640
f 637 640 641
f 639 642 643
f 639 643 644
f 642 645 646
f 642 646 643
f 643 646 647
f 643 647 648
f 644 643 648
f 644 648 649
f 650 651 652
f 650 652 653
f 651 649 654
f 651 654 652
f 652 654 631
f 652 631 628
f 653 652 628
f 653 628 627
f 631 655 656
f 631 656 632
f 655 657 658
f 655 658 656
f 656 658 659
f 656 659 660
f 632 656 660
f 632 660 633
f 633 660 661
f 633 661 638
f 660 659 662
f 660 662 661
f 661 662 645
f 661 645 642
f 638 661 642
f 638 642 639
f 645 663 664
f 645 664 646
f 663 665 666
f 663 666 664
f 664 666 667
f 664 667 668
f 646 664 668
f 646 668 647
f 649 648 669
f 649 669 654
f 648 647 670
f 648 670 669
f 669 670 657
f 669 657 655
f 654 669 655
f 654 655 631
f 657 671 672
f 657 672 658
f 671 673 674
f 671 674 672
f 672 674 675
f 672 675 676
f 658 672 676
f 658 676 659
f 659 676 677
f 659 677 662
f 676 675 678
f 676 678 677
f 677 678 665
f 677 665 663
f 662 677 663
f 662 663 645
f 665 679 680
f 665 680 666
f 679 681 682
f 679 682 680
f 680 682 683
f 680 683 684
f 666 680 684
f 666 684 667
f 647 668 685
f 647 685 670
f 668 667 686
f 668 686 685
f 685 686 673
f 685 673 671
f 670 685 671
f 670 671 657
f 673 687 688
f 673 688 674
f 687 689 690
f 687 690 688
f 688 690 691
f 688 691 692
f 674 688 692
f 674 692 675
f 675 692 693
f 675 693 678
f 692 691 694
f 692 694 693
f 693 694 681
f 693 681 679
f 678 693 679
f 678 679 665
f 681 695 696
f 681 696 682
f 695 697 698
f 695 698 696
f 696 698 699
f 696 699 700
f 682 696 700
f 682 700 683
f 667 684 701
f 667 701 686
f 684 683 702
f 684 702 701
f 701 702 689
f 701 689 687
f 686 701 687
f 686 687 673
f 689 703 704
f 689 704 690
f 703 705 706
f 703 706 704
f 704 706 707
f 704 707 708
f 690 704 708
f 690 708 691
f 691 708 709
f 691 709 694
f 708 707 710
f 708 710 709
f 709 710 697
f 709 697 695
f 694 709 695
f 694 695 681
f 697 711 712
f 697 712 698
f 711 713 714
f 711 714 712
f 712 714 715
f 712 715 716
f 698 712 716
f 698 716 699
f 683 700 717
f 683 717 702
f 700 699 718
f 700 718 717
f 717 718 705
f 717 705 703
f 702 717 703
f 702 703 689
f 705 719 720
f 705 720 706
f 719 721 722
f 719 722 720
f 720 722 723
f 720 723 724
f 706 720 724
f 706 724 707
f 707 724 725
f 707 725 710
f 724 723 726
f 724 726 725
f 725 726 713
f 725 713 711
f 710 725 711
f 710 711 697
f 713 727 728
f 713 728 714
f 727 729 730
f 727 730 728
f 728 730 731
f 728 731 732
f 714 728 732
f 714 732 715
f 699 716 733
f 699 733 718
f 716 715 734
f 716 734 733
f 733 734 721
f 733 721 719
f 718 733 719
f 718 719 705
f 721 735 736
f 721 736 722
f 735 737 738
f 735 738 736
f 736 738 739
f 736 739 740
f 722 736 740
f 722 740 723
f 723 740 741
f 723 741 726
f 740 739 742
f 740 742 741
f 741 742 729
f 741 729 727
f 726 741 727
f 726 727 713
f 729 743 744
f 729 744 730
f 743 745 746
f 743 746 744
f 744 746 747
f 744 747 748
f 730 744 748
f 730 748 731
f 715 732 749
f 715 749 734
f 732 731 750
f 732 750 749
f 749 750 737
f 749 737 735
f 734 749 735
f 734 735 721
f 737 751 752
f 737 752 738
f 751 753 754
f 751 754 752
f 752 754 755
f 752 755 756
f 738 752 756
f 738 756 739
f 739 756 757
f 739 757 742
f 756 755 758
f 756 758 757
f 757 758 745
f 757 745 743
f 742 757 743
f 742 743 729
f 745 759 760
f 745 760 746
f 759 761 762
f 759 762 760
f 760 762 763
f 760 763 764
f 746 760 764
f 746 764 747
f 731 748 765
f 731 765 750
f 748 747 766
f 748 766 765
f 765 766 753
f 765 753 751
f 750 765 751
f 750 751 737
f 753 767 768
f 753 768 754
f 767 769 770
f 767 770 768
f 768 770 771
f 768 771 772
f 754 768 772
f 754 772 755
f 755 772 773
f 755 773 758
f 772 771 774
f 772 774 773
f 773 774 761
f 773 761 759
f 758 773 759
f 758 759 745
f 761 775 776
f 761 776 762
f 775 777 778
f 775 778 776
f 776 778 779
f 776 779 780
f 762 776 780
f 762 780 763
f 747 764 781
f 747 781 766
f 764 763 782
f 764 782 781
f 781 782 769
f 781 769 767
f 766 781 767
f 766 767 753
f 769 783 784
f 769 784 770
f 783 785 786
f 783 786 784
f 784 786 787
f 784 787 788
f 770 784 788
f 770 788 771
f 771 788 789
f 771 789 774
f 788 787 790
f 788 790 789
f 789 790 777
f 789 777 775
f 774 789 775
f 774 775 761
f 777 791 792
f 777 792 778
f 791 793 794
f 791 794 792
f 792 794 795
f 792 795 796
f 778 792 796
f 778 796 779
f 763 780 797
f 763 797 782
f 780 779 798
f 780 798 797
f 797 798 785
f 797 785 783
f 782 797 783
f 782 783 769
f 785 799 800
f 785 800 786
f 799 801 802
f 799 802 800
f 800 802 803
f 800 803 804
f 786 800 804
f 786 804 787
f 787 804 805
f 787 805 790
f 804 803 806
f 804 806 805
f 805 806 793
f 805 793 791
f 790 805 791
f 790 791 777
f 793 807 808
f 793 808 794
f 807 809 810
f 807 810 808
f 808 810 811
f 808 811 812
f 794 808 812
f 794 812 795
f 779 796 813
f 779 813 798
f 796 795 814
f 796 814 813
f 813 814 801
f 813 801 799
f 798 813 799
f 798 799 785
f 801 815 816
f 801 816 802
f 815 817 818
f 815 818 816
f 816 818 819
f 816 819 820
f 802 816 820
f 802 820 803
f 803 820 821
f 803 821 806
f 820 819 822
f 820 822 821
f 821 822 809
f 821 809 807
f 806 821 807
f 806 807 793
f 809 823 824
f 809 824 810
f 823 825 826
f 823 826 824
f 824 826 827
f 824 827 828
f 810 824 828
f 810 828 811
f 795 812 829
f 795 829 814
f 812 811 830
f 812 830 829
f 829 830 817
f 829 817 815
f 814 829 815
f 814 815 801
f 817 831 832
f 817 832 818
f 831 833 834
f 831 834 832
f 832 834 835
f 832 835 836
f 818 832 836
f 818 836 819
f 819 836 837
f 819 837 822
f 836 835 838
f 836 838 837
f 837 838 825
f 837 825 823
f 822 837 823
f 822 823 809
f 825 839 840
f 825 840 826
f 839 841 842
f 839 842 840
f 840 842 843
f 840 843 844
f 826 840 844
f 826 844 827
f 811 828 845
f 811 845 830
f 828 827 846
f 828 846 845
f 845 846 833
f 845 833 831
f 830 845 831
f 830 831 817
f 833 847 848
f 833 848 834
f 847 849 850
f 847 850 848
f 848 850 851
f 848 851 852
f 834 848 852
f 834 852 835
f 835 852 853
f 835 853 838
f 852 851 854
f 852 854 853
f 853 854 841
f 853 841 839
f 838 853 839
f 838 839 825
f 841 855 856
f 841 856 842
f 855 857 858
f 855 858 856
f 856 858 859
f 856 859 860
f 842 856 860
f 842 860 843
f 827 844 861
f 827 861 846
f 844 843 862
f 844 862 861
f 861 862 849
f 861 849 847
f 846 861 847
f 846 847 833
f 849 863 864
f 849 864 850
f 863 865 866
f 863 866 864
f 864 866 867
f 864 867 868
f 850 864 868
f 850 868 851
f 851 868 869
f 851 869 854
f 868 867 870
f 868 870 869
f 869 870 857
f 869 857 855
f 854 869 855
f 854 855 841
f 857 871 872
f 857 872 858
f 871 873 874
f 871 874 872
f 872 874 875
f 872 875 876
f 858 872 876
f 858 876 859
f 843 860 877
f 843 877 862
f 860 859 878
f 860 878 877
f 877 878 865
f 877 865 863
f 862 877 863
f 862 863 849
f 865 879 880
f 865 880 866
f 879 881 882
f 879 882 880
f 880 882 883
f 880 883 884
f 866 880 884
f 866 884 867
f 867 884 885
f 867 885 870
f 884 883 886
f 884 886 885
f 885 886 873
f 885 873 871
f 870 885 871
f 870 871 857
f 873 887 888
f 873 888 874
f 887 889 890
f 887 890 888
f 888 890 891
f 888 891 892
f 874 888 892
f 874 892 875
f 859 876 893
f 859 893 878
f 876 875 894
f 876 894 893
f 893 894 881
f 893 881 879
f 878 893 879
f 878 879 865
f 881 895 896
f 881 896 882
f 895 897 898
f 895 898 896
f 896 898 899
f 896 899 900
f 882 896 900
f 882 900 883
f 883 900 901
f 883 901 886
f 900 899 902
f 900 902 901
f 901 902 889
f 901 889 887
f 886 901 887
f 886 887 873
f 889 903 904
f 889 904 890
f 903 905 906
f 903 906 904
f 904 906 907
f 904 907 908
f 890 904 908
f 890 908 891
f 875 892 909
f 875 909 894
f 892 891 910
f 892 910 909
f 909 910 897
f 909 897 895
f 894 909 895
f 894 895 881
f 897 911 912
f 897 912 898
f 911 913 914
f 911 914 912
f 912 914 915
f 912 915 916
f 898 912 916
f 898 916 899
f 899 916 917
f 899 917 902
f 916 915 918
f 916 918 917
f 917 918 905
f 917 905 903
f 902 917 903
f 902 903 889
f 905 919 920
f 905 920 906
f 919 921 922
f 919 922 920
f 920 922 923
f 920 923 924
f 906 920 924
f 906 924 907
f 891 908 925
f 891 925 910
f 908 907 926
f 908 926 925
f 925 926 913
f 925 913 911
f 910 925 911
f 910 911 897
f 913 927 928
f 913 928 914
f 927 929 930
f 927 930 928
f 928 930 931
f 928 931 932
f 914 928 932
f 914 932 915
f 915 932 933
f 915 933 918
f 932 931 934
f 932 934 933
f 933 934 921
f 933 921 919
f 918 933 919
f 918 919 905
f 650 653 935
f 650 935 936
f 653 627 630
f 653 630 935
f 935 630 635
f 935 635 637
f 936 935 637
f 936 637 641
f 907 924 937
f 907 937 926
f 924 923 938
f 924 938 937
f 937 938 929
f 937 929 927
f 926 937 927
f 926 927 913
f 641 640 939
f 641 939 936
f 640 639 644
f 640 644 939
f 939 644 649
f 939 649 651
f 936 939 651
f 936 651 650
f 940 941 942
f 940 942 943
f 941 944 945
f 941 945 942
f 942 945 946
f 942 946 947
f 943 942 947
f 943 947 948
f 948 947 949
f 948 949 950
f 947 946 951
f 947 951 949
f 949 951 952
f 949 952 953
f 950 949 953
f 950 953 954
f 952 955 956
f 952 956 957
f 955 958 959
f 955 959 956
f 956 959 960
f 956 960 961
f 957 956 961
f 957 961 962
f 963 964 965
f 963 965 966
f 964 962 967
f 964 967 965
f 965 967 944
f 965 944 941
f 966 965 941
f 966 941 940
f 944 968 969
f 944 969 945
f 968 970 971
f 968 971 969
f 969 971 972
f 969 972 973
f 945 969 973
f 945 973 946
f 946 973 974
f 946 974 951
f 973 972 975
f 973 975 974
f 974 975 958
f 974 958 955
f 951 974 955
f 951 955 952
f 958 976 977
f 958 977 959
f 976 978 979
f 976 979 977
f 977 979 980
f 977 980 981
f 959 977 981
f 959 981 960
f 962 961 982
f 962 982 967
f 961 960 983
f 961 983 982
f 982 983 970
f 982 970 968
f 967 982 968
f 967 968 944
f 970 984 985
f 970 985 971
f 984 986 987
f 984 987 985
f 985 987 988
f 985 988 989
f 971 985 989
f 971 989 972
f 972 989 990
f 972 990 975
f 989 988 991
f 989 991 990
f 990 991 978
f 990 978 976
f 975 990 976
f 975 976 958
f 978 992 993
f 978 993 979
f 992 994 995
f 992 995 993
f 993 995 996
f 993 996 997
f 979 993 997
f 979 997 980
f 960 981 998
f 960 998 983
f 981 980 999
f 981 999 998
f 998 999 986
f 998 986 984
f 983 998 984
f 983 984 970
f 986 1000 1001
f 986 1001 987
f 1000 1002 1003
f 1000 1003 1001
f 1001 1003 1004
f 1001 1004 1005
f 987 1001 1005
f 987 1005 988
f 988 1005 1006
f 988 1006 991
f 1005 1004 1007
f 1005 1007 1006
f 1006 1007 994
f 1006 994 992
f 991 1006 992
f 991 992 978
f 994 1008 1009
f 994 1009 995
f 1008 1010 1011
f 1008 1011 1009
f 1009 1011 1012
f 1009 1012 1013
f 995 1009 1013
f 995 1013 996
f 980 997 1014
f 980 1014 999
f 997 996 1015
f 997 1015 1014
f 1014 1015 1002
f 1014 1002 1000
f 999 1014 1000
f 999 1000 986
f 1002 1016 1017
f 1002 1017 1003
f 1016 1018 1019
f 1016 1019 1017
f 1017 1019 1020
f 1017 1020 1021
f 1003 1017 1021
f 1003 1021 1004
f 1004 1021 1022
f 1004 1022 1007
f 1021 1020 1023
f 1021 1023 1022
f 1022 1023 1010
f 1022 1010 1008
f 1007 1022 1008
f 1007 1008 994
f 1010 1024 1025
f 1010 1025 1011
f 1024 1026 1027
f 1024 1027 1025
f 1025 1027 1028
f 1025 1028 1029
f 1011 1025 1029
f 1011 1029 1012
f 996 1013 1030
f 996 1030 1015
f 1013 1012 1031
f 1013 1031 1030
f 1030 1031 1018
f 1030 1018 1016
f 1015 1030 1016
f 1015 1016 1002
f 1018 1032 1033
f 1018 1033 1019
f 1032 1034 1035
f 1032 1035 1033
f 1033 1035 1036
f 1033 1036 1037
f 1019 1033 1037
f 1019 1037 1020
f 1020 1037 1038
f 1020 1038 1023
f 1037 1036 1039
f 1037 1039 1038
f 1038 1039 1026
f 1038 1026 1024
f 1023 1038 1024
f 1023 1024 1010
f 1026 1040 1041
f 1026 1041 1027
f 1040 1042 1043
f 1040 1043 1041
f 1041 1043 1044
f 1041 1044 1045
f 1027 1041 1045
f 1027 1045 1028
f 1012 1029 1046
f 1012 1046 1031
f 1029 1028 1047
f 1029 1047 1046
f 1046 1047 1034
f 1046 1034 1032
f 1031 1046 1032
f 1031 1032 1018
f 1034 1048 1049
f 1034 1049 1035
f 1048 1050 1051
f 1048 1051 1049
f 1049 1051 1052
f 1049 1052 1053
f 1035 1049 1053
f 1035 1053 1036
f 1036 1053 1054
f 1036 1054 1039
f 1053 1052 1055
f 1053 1055 1054
f 1054 1055 1042
f 1054 1042 1040
f 1039 1054 1040
f 1039 1040 1026
f 1042 1056 1057
f 1042 1057 1043
f 1056 1058 1059
f 1056 1059 1057
f 1057 1059 1060
f 1057 1060 1061
f 1043 1057 1061
f 1043 1061 1044
f 1028 1045 1062
f 1028 1062 1047
f 1045 1044 1063
f 1045 1063 1062
f 1062 1063 1050
f 1062 1050 1048
f 1047 1062 1048
f 1047 1048 1034
f 1050 1064 1065
f 1050 1065 1051
f 1064 1066 1067
f 1064 1067 1065
f 1065 1067 1068
f 1065 1068 1069
f 1051 1065 1069
f 1051 1069 1052
f 1052 1069 1070
f 1052 1070 1055
f 1069 1068 1071
f 1069 1071 1070
f 1070 1071 1058
f 1070 1058 1056
f 1055 1070 1056
f 1055 1056 1042
f 1058 1072 1073
f 1058 1073 1059
f 1072 1074 1075
f 1072 1075 1073
f 1073 1075 1076
f 1073 1076 1077
f 1059 1073 1077
f 1059 1077 1060
f 1044 1061 1078
f 1044 1078 1063
f 1061 1060 1079
f 1061 1079 1078
f 1078 1079 1066
f 1078 1066 1064
f 1063 1078 1064
f 1063 1064 1050
f 1066 1080 1081
f 1066 1081 1067
f 1080 1082 1083
f 1080 1083 1081
f 1081 1083 1084
f 1081 1084 1085
f 1067 1081 1085
f 1067 1085 1068
f 1068 1085 1086
f 1068 1086 1071
f 1085 1084 1087
f 1085 1087 1086
f 1086 1087 1074
f 1086 1074 1072
f 1071 1086 1072
f 1071 1072 1058
f 1074 1088 1089
f 1074 1089 1075
f 1088 1090 1091
f 1088 1091 1089
f 1089 1091 1092
f 1089 1092 1093
f 1075 1089 1093
f 1075 1093 1076
f 1060 1077 1094
f 1060 1094 1079
f 1077 1076 1095
f 1077 1095 1094
f 1094 1095 1082
f 1094 1082 1080
f 1079 1094 1080
f 1079 1080 1066
f 1082 1096 1097
f 1082 1097 1083
f 1096 1098 1099
f 1096 1099 1097
f 1097 1099 1100
f 1097 1100 1101
f 1083 1097 1101
f 1083 1101 1084
f 1084 1101 1102
f 1084 1102 1087
f 1101 1100 1103
f 1101 1103 1102
f 1102 1103 1090
f 1102 1090 1088
f 1087 1102 1088
f 1087 1088 1074
f 1090 1104 1105
f 1090 1105 1091
f 1104 1106 1107
f 1104 1107 1105
f 1105 1107 1108
f 1105 1108 1109
f 1091 1105 1109
f 1091 1109 1092
f 1076 1093 1110
f 1076 1110 1095
f 1093 1092 1111
f 1093 1111 1110
f 1110 1111 1098
f 1110 1098 1096
f 1095 1110 1096
f 1095 1096 1082
f 1098 1112 1113
f 1098 1113 1099
f 1112 1114 1115
f 1112 1115 1113
f 1113 1115 1116
f 1113 1116 1117
f 1099 1113 1117
f 1099 1117 1100
f 1100 1117 1118
f 1100 1118 1103
f 1117 1116 1119
f 1117 1119 1118
f 1118 1119 1106
f 1118 1106 1104
f 1103 1118 1104
f 1103 1104 1090
f 1106 1120 1121
f 1106 1121 1107
f 1120 1122 1123
f 1120 1123 1121
f 1121 1123 1124
f 1121 1124 1125
f 1107 1121 1125
f 1107 1125 1108
f 1092 1109 1126
f 1092 1126 1111
f 1109 1108 1127
f 1109 1127 1126
f 1126 1127 1114
f 1126 1114 1112
f 1111 1126 1112
f 1111 1112 1098
f 1114 1128 1129
f 1114 1129 1115
f 1128 1130 1131
f 1128 1131 1129
f 1129 1131 1132
f 1129 1132 1133
f 1115 1129 1133
f 1115 1133 1116
f 1116 1133 1134
f 1116 1134 1119
f 1133 1132 1135
f 1133 1135 1134
f 1134 1135 1122
f 1134 1122 1120
f 1119 1134 1120
f 1119 1120 1106
f 1122 1136 1137
f 1122 1137 1123
f 1136 1138 1139
f 1136 1139 1137
f 1137 1139 1140
f 1137 1140 1141
f 1123 1137 1141
f 1123 1141 1124
f 1108 1125 1142
f 1108 1142 1127
f 1125 1124 1143
f 1125 1143 1142
f 1142 1143 1130
f 1142 1130 1128
f 1127 1142 1128
f 1127 1128 1114
f 1130 1144 1145
f 1130 1145 1131
f 1144 1146 1147
f 1144 1147 1145
f 1145 1147 1148
f 1145 1148 1149
f 1131 1145 1149
f 1131 1149 1132
f 1132 1149 1150
f 1132 1150 1135
f 1149 1148 1151
f 1149 1151 1150
f 1150 1151 1138
f 1150 1138 1136
f 1135 1150 1136
f 1135 1136 1122
f 1138 1152 1153
f 1138 1153 1139
f 1152 1154 1155
f 1152 1155 1153
f 1153 1155 1156
f 1153 1156 1157
f 1139 1153 1157
f 1139 1157 1140
f 1124 1141 1158
f 1124 1158 1143
f 1141 1140 1159
f 1141 1159 1158
f 1158 1159 1146
f 1158 1146 1144
f 1143 1158 1144
f 1143 1144 1130
f 1146 1160 1161
f 1146 1161 1147
f 1160 1162 1163
f 1160 1163 1161
f 1161 1163 1164
f 1161 1164 1165
f 1147 1161 1165
f 1147 1165 1148
f 1148 1165 1166
f 1148 1166 1151
f 1165 1164 1167
f 1165 1167 1166
f 1166 1167 1154
f 1166 1154 1152
f 1151 1166 1152
f 1151 1152 1138
f 1154 1168 1169
f 1154 1169 1155
f 1168 1170 1171
f 1168 1171 1169
f 1169 1171 1172
f 1169 1172 1173
f 1155 1169 1173
f 1155 1173 1156
f 1140 1157 1174
f 1140 1174 1159
f 1157 1156 1175
f 1157 1175 1174
f 1174 1175 1162
f 1174 1162 1160
f 1159 1174 1160
f 1159 1160 1146
f 1162 1176 1177
f 1162 1177 1163
f 1176 1178 1179
f 1176 1179 1177
f 1177 1179 1180
f 1177 1180 1181
f 1163 1177 1181
f 1163 1181 1164
f 1164 1181 1182
f 1164 1182 1167
f 1181 1180 1183
f 1181 1183 1182
f 1182 1183 1170
f 1182 1170 1168
f 1167 1182 1168
f 1167 1168 1154
f 1170 1184 1185
f 1170 1185 1171
f 1184 1186 1187
f 1184 1187 1185
f 1185 1187 1188
f 1185 1188 1189
f 1171 1185 1189
f 1171 1189 1172
f 1156 1173 1190
f 1156 1190 1175
f 1173 1172 1191
f 1173 1191 1190
f 1190 1191 1178
f 1190 1178 1176
f 1175 1190 1176
f 1175 1176 1162
f 1178 1192 1193
f 1178 1193 1179
f 1192 1194 1195
f 1192 1195 1193
f 1193 1195 1196
f 1193 1196 1197
f 1179 1193 1197
f 1179 1197 1180
f 1180 1197 1198
f 1180 1198 1183
f 1197 1196 1199
f 1197 1199 1198
f 1198 1199 1186
f 1198 1186 1184
f 1183 1198 1184
f 1183 1184 1170
f 1186 1200 1201
f 1186 1201 1187
f 1200 1202 1203
f 1200 1203 1201
f 1201 1203 1204
f 1201 1204 1205
f 1187 1201 1205
f 1187 1205 1188
f 1172 1189 1206
f 1172 1206 1191
f 1189 1188 1207
f 1189 1207 1206
f 1206 1207 1194
f 1206 1194 1192
f 1191 1206 1192
f 1191 1192 1178
f 1194 1208 1209
f 1194 1209 1195
f 1208 1210 1211
f 1208 1211 1209
f 1209 1211 1212
f 1209 1212 1213
f 1195 1209 1213
f 1195 1213 1196
f 1196 1213 1214
f 1196 1214 1199
f 1213 1212 1215
f 1213 1215 1214
f 1214 1215 1202
f 1214 1202 1200
f 1199 1214 1200
f 1199 1200 1186
f 1202 1216 1217
f 1202 1217 1203
f 1216 1218 1219
f 1216 1219 1217
f 1217 1219 1220
f 1217 1220 1221
f 1203 1217 1221
f 1203 1221 1204
f 1188 1205 1222
f 1188 1222 1207
f 1205 1204 1223
f 1205 1223 1222
f 1222 1223 1210
f 1222 1210 1208
f 1207 1222 1208
f 1207 1208 1194
f 1210 1224 1225
f 1210 1225 1211
f 1224 1226 1227
f 1224 1227 1225
f 1225 1227 1228
f 1225 1228 1229
f 1211 1225 1229
f 1211 1229 1212
f 1212 1229 1230
f 1212 1230 1215
f 1229 1228 1231
f 1229 1231 1230
f 1230 1231 1218
f 1230 1218 1216
f 1215 1230 1216
f 1215 1216 1202
f 1218 1232 1233
f 1218 1233 1219
f 1232 1234 1235
f 1232 1235 1233
f 1233 1235 1236
f 1233 1236 1237
f 1219 1233 1237
f 1219 1237 1220
f 1204 1221 1238
f 1204 1238 1223
f 1221 1220 1239
f 1221 1239 1238
f 1238 1239 1226
f 1238 1226 1224
f 1223 1238 1224
f 1223 1224 1210
f 1226 1240 1241
f 1226 1241 1227
f 1240 1242 1243
f 1240 1243 1241
f 1241 1243 1244
f 1241 1244 1245
f 1227 1241 1245
f 1227 1245 1228
f 1228 1245 1246
f 1228 1246 1231
f 1245 1244 1247
f 1245 1247 1246
f 1246 1247 1234
f 1246 1234 1232
f 1231 1246 1232
f 1231 1232 1218
f 963 966 1248
f 963 1248 1249
f 966 940 943
f 966 943 1248
f 1248 943 948
f 1248 948 950
f 1249 1248 950
f 1249 950 954
f 1220 1237 1250
f 1220 1250 1239
f 1237 1236 1251
f 1237 1251 1250
f 1250 1251 1242
f 1250 1242 1240
f 1239 1250 1240
f 1239 1240 1226
f 954 953 1252
f 954 1252 1249
f 953 952 957
f 953 957 1252
f 1252 957 962
f 1252 962 964
f 1249 1252 964
f 1249 964 963
f 1253 1254 1255
f 1253 1255 1256
f 1254 1257 1258
f 1254 1258 1255
f 1255 1258 1242
f 1255 1242 1251
f 1256 1255 1251
f 1256 1251 1236
f 1257 1259 1260
f 1257 1260 1258
f 1259 1261 1262
f 1259 1262 1260
f 1260 1262 1244
f 1260 1244 1243
f 1258 1260 1243
f 1258 1243 1242
f 1261 1263 1264
f 1261 1264 1262
f 1263 1265 1266
f 1263 1266 1264
f 1264 1266 1234
f 1264 1234 1247
f 1262 1264 1247
f 1262 1247 1244
f 1265 1267 1268
f 1265 1268 1266
f 1267 1253 1256
f 1267 1256 1268
f 1268 1256 1236
f 1268 1236 1235
f 1266 1268 1235
f 1266 1235 1234
f 618 617 1269
f 618 1269 1270
f 617 616 1271
f 617 1271 1269
f 1269 1271 1253
f 1269 1253 1267
f 1270 1269 1267
f 1270 1267 1265
f 608 621 1272
f 608 1272 1273
f 621 618 1270
f 621 1270 1272
f 1272 1270 1265
f 1272 1265 1263
f 1273 1272 1263
f 1273 1263 1261
f 610 609 1274
f 610 1274 1275
f 609 608 1273
f 609 1273 1274
f 1274 1273 1261
f 1274 1261 1259
f 1275 1274 1259
f 1275 1259 1257
f 616 625 1276
f 616 1276 1271
f 625 610 1275
f 625 1275 1276
f 1276 1275 1257
f 1276 1257 1254
f 1271 1276 1254
f 1271 1254 1253
f 295 308 1277
f 295 1277 1278
f 308 305 1279
f 308 1279 1277
f 1277 1279 921
f 1277 921 934
f 1278 1277 934
f 1278 934 931
f 305 304 1280
f 305 1280 1279
f 304 303 1281
f 304 1281 1280
f 1280 1281 923
f 1280 923 922
f 1279 1280 922
f 1279 922 921
f 303 312 1282
f 303 1282 1281
f 312 297 1283
f 312 1283 1282
f 1282 1283 929
f 1282 929 938
f 1281 1282 938
f 1281 938 923
f 297 296 1284
f 297 1284 1283
f 296 295 1278
f 296 1278 1284
f 1284 1278 931
f 1284 931 930
f 1283 1284 930
f 1283 930 929
f 1285 1286 1287
f 1288 1286 1289
f 1290 1286 1291
f 1292 1286 1293
f 1294 1286 1295
f 1296 1286 1297
f 1297 1286 1285
f 1295 1286 1296
f 1287 1286 1288
f 1289 1286 1290
f 1291 1286 1292
f 1293 1286 1294
f 1298 1299 1300
f 1301 1302 1300
f 1303 1304 1300
f 1305 1306 1300
f 1307 1308 1300
f 1309 1310 1300
f 1310 1298 1300
f 1308 1309 1300
f 1299 1301 1300
f 1302 1303 1300
f 1304 1305 1300
f 1306 1307 1300
f 1311 1287 1288
f 1311 1288 1312
f 1313 1311 1312
f 1313 1312 1314
f 1315 1289 1290
f 1315 1290 1316
f 1317 1315 1316
f 1317 1316 1318
f 1319 1291 1292
f 1319 1292 1320
f 1321 1319 1320
f 1321 1320 1322
f 1323 1293 1294
f 1323 1294 1324
f 1325 1323 1324
f 1325 1324 1326
f 1327 1328 1329
f 1327 1329 1330
f 1328 1295 1296
f 1328 1296 1329
f 1331 1332 1333
f 1331 1333 1334
f 1332 1297 1285
f 1332 1285 1333
f 1329 1296 1297
f 1329 1297 1332
f 1330 1329 1332
f 1330 1332 1331
f 1318 1316 1319
f 1318 1319 1321
f 1316 1290 1291
f 1316 1291 1319
f 1324 1294 1295
f 1324 1295 1328
f 1326 1324 1328
f 1326 1328 1327
f 1334 1333 1311
f 1334 1311 1313
f 1333 1285 1287
f 1333 1287 1311
f 1314 1312 1315
f 1314 1315 1317
f 1312 1288 1289
f 1312 1289 1315
f 1322 1320 1323
f 1322 1323 1325
f 1320 1292 1293
f 1320 1293 1323
f 1335 1336 1301
f 1335 1301 1299
f 1337 1338 1336
f 1337 1336 1335
f 1339 1340 1303
f 1339 1303 1302
f 1341 1342 1340
f 1341 1340 1339
f 1343 1344 1305
f 1343 1305 1304
f 1345 1346 1344
f 1345 1344 1343
f 1347 1348 1307
f 1347 1307 1306
f 1349 1350 1348
f 1349 1348 1347
f 1351 1352 1353
f 1351 1353 1354
f 1354 1353 1309
f 1354 1309 1308
f 1355 1356 1357
f 1355 1357 1358
f 1358 1357 1298
f 1358 1298 1310
f 1353 1358 1310
f 1353 1310 1309
f 1352 1355 1358
f 1352 1358 1353
f 1342 1345 1343
f 1342 1343 1340
f 1340 1343 1304
f 1340 1304 1303
f 1348 1354 1308
f 1348 1308 1307
f 1350 1351 1354
f 1350 1354 1348
f 1356 1337 1335
f 1356 1335 1357
f 1357 1335 1299
f 1357 1299 1298
f 1338 1341 1339
f 1338 1339 1336
f 1336 1339 1302
f 1336 1302 1301
f 1346 1349 1347
f 1346 1347 1344
f 1344 1347 1306
f 1344 1306 1305
f 1359 1360 1361
f 1359 1362 1360
f 1359 1363 1362
f 1359 1364 1363
f 1359 1365 1364
f 1359 1366 1365
f 1359 1367 1366
f 1359 1368 1367
f 1359 1369 1368
f 1359 1370 1369
f 1359 1371 1370
f 1359 1361 1371
f 1372 1373 1374
f 1372 1374 1375
f 1372 1375 1376
f 1372 1376 1377
f 1372 1377 1378
f 1372 1378 1379
f 1372 1379 1380
f 1372 1380 1381
f 1372 1381 1382
f 1372 1382 1383
f 1372 1383 1384
f 1372 1384 1373
f 1385 1386 1387
f 1385 1388 1386
f 1385 1389 1388
f 1385 1390 1389
f 1385 1391 1390
f 1385 1392 1391
f 1385 1393 1392
f 1385 1394 1393
f 1385 1395 1394
f 1385 1396 1395
f 1385 1397 1396
f 1385 1387 1397
f 1398 1399 1400
f 1398 1400 1401
f 1398 1401 1402
f 1398 1402 1403
f 1398 1403 1404
f 1398 1404 1405
f 1398 1405 1406
f 1398 1406 1407
f 1398 1407 1408
f 1398 1408 1409
f 1398 1409 1410
f 1398 1410 1399
f 1411 1412 1413
f 1411 1413 1414
f 1415 1416 1417
f 1415 1417 1418
f 1419 1420 1421
f 1419 1421 1418
f 1422 1423 1424
f 1422 1424 1425
f 1426 1422 1425
f 1426 1425 1427
f 1428 1423 1422
f 1428 1422 1426
f 1429 1430 1431
f 1429 1431 1432
f 1428 1411 1433
f 1428 1433 1423
f 1434 1435 1436
f 1434 1436 1432
f 1418 1421 1412
f 1418 1412 1415
f 1423 1433 1437
f 1423 1437 1424
f 1438 1431 1430
f 1438 1430 1413
f 1420 1434 1438
f 1420 1438 1421
f 1421 1438 1413
f 1421 1413 1412
f 1433 1439 1435
f 1433 1435 1437
f 1414 1413 1430
f 1414 1430 1429
f 1439 1440 1436
f 1439 1436 1435
f 1427 1425 1424
f 1427 1424 1419
f 1417 1427 1419
f 1417 1419 1418
f 1439 1414 1429
f 1439 1429 1440
f 1437 1435 1434
f 1437 1434 1420
f 1438 1434 1432
f 1438 1432 1431
f 1415 1412 1411
f 1415 1411 1428
f 1440 1429 1432
f 1440 1432 1436
f 1415 1428 1426
f 1415 1426 1416
f 1416 1426 1427
f 1416 1427 1417
f 1424 1437 1420
f 1424 1420 1419
f 1433 1411 1414
f 1433 1414 1439
f 1441 1442 1443
f 1441 1443 1444
f 1445 1446 1447
f 1445 1447 1448
f 1449 1450 1451
f 1449 1451 1448
f 1452 1453 1454
f 1452 1454 1455
f 1456 1452 1455
f 1456 1455 1457
f 1458 1453 1452
f 1458 1452 1456
f 1459 1460 1461
f 1459 1461 1462
f 1458 1441 1463
f 1458 1463 1453
f 1464 1465 1466
f 1464 1466 1462
f 1448 1451 1442
f 1448 1442 1445
f 1453 1463 1467
f 1453 1467 1454
f 1468 1461 1460
f 1468 1460 1443
f 1450 1464 1468
f 1450 1468 1451
f 1451 1468 1443
f 1451 1443 1442
f 1463 1469 1465
f 1463 1465 1467
f 1444 1443 1460
f 1444 1460 1459
f 1469 1470 1466
f 1469 1466 1465
f 1457 1455 1454
f 1457 1454 1449
f 1447 1457 1449
f 1447 1449 1448
f 1469 1444 1459
f 1469 1459 1470
f 1467 1465 1464
f 1467 1464 1450
f 1468 1464 1462
f 1468 1462 1461
f 1445 1442 1441
f 1445 1441 1458
f 1470 1459 1462
f 1470 1462 1466
f 1445 1458 1456
f 1445 1456 1446
f 1446 1456 1457
f 1446 1457 1447
f 1454 1467 1450
f 1454 1450 1449
f 1463 1441 1444
f 1463 1444 1469
f 1471 1472 1376
f 1471 1376 1375
f 1473 1361 1360
f 1473 1360 1474
f 1475 1476 1379
f 1475 1379 1378
f 1474 1360 1362
f 1474 1362 1477
f 1478 1479 1382
f 1478 1382 1381
f 1477 1362 1363
f 1477 1363 1480
f 1481 1471 1375
f 1481 1375 1374
f 1480 1363 1364
f 1480 1364 1482
f 1483 1484 1373
f 1483 1373 1384
f 1482 1364 1365
f 1482 1365 1485
f 1486 1475 1378
f 1486 1378 1377
f 1485 1365 1366
f 1485 1366 1487
f 1488 1478 1381
f 1488 1381 1380
f 1487 1366 1367
f 1487 1367 1489
f 1484 1481 1374
f 1484 1374 1373
f 1489 1367 1368
f 1489 1368 1490
f 1491 1483 1384
f 1491 1384 1383
f 1490 1368 1369
f 1490 1369 1492
f 1472 1486 1377
f 1472 1377 1376
f 1492 1369 1370
f 1492 1370 1493
f 1476 1488 1380
f 1476 1380 1379
f 1493 1370 1371
f 1493 1371 1494
f 1479 1491 1383
f 1479 1383 1382
f 1494 1371 1361
f 1494 1361 1473
f 1481 1484 1473
f 1481 1473 1474
f 1471 1481 1474
f 1471 1474 1477
f 1472 1471 1477
f 1472 1477 1480
f 1486 1472 1480
f 1486 1480 1482
f 1475 1486 1482
f 1475 1482 1485
f 1476 1475 1485
f 1476 1485 1487
f 1488 1476 1487
f 1488 1487 1489
f 1478 1488 1489
f 1478 1489 1490
f 1479 1478 1490
f 1479 1490 1492
f 1491 1479 1492
f 1491 1492 1493
f 1483 1491 1493
f 1483 1493 1494
f 1484 1483 1494
f 1484 1494 1473
f 1495 1496 1402
f 1495 1402 1401
f 1497 1387 1386
f 1497 1386 1498
f 1499 1500 1405
f 1499 1405 1404
f 1498 1386 1388
f 1498 1388 1501
f 1502 1503 1408
f 1502 1408 1407
f 1501 1388 1389
f 1501 1389 1504
f 1505 1495 1401
f 1505 1401 1400
f 1504 1389 1390
f 1504 1390 1506
f 1507 1508 1399
f 1507 1399 1410
f 1506 1390 1391
f 1506 1391 1509
f 1510 1499 1404
f 1510 1404 1403
f 1509 1391 1392
f 1509 1392 1511
f 1512 1502 1407
f 1512 1407 1406
f 1511 1392 1393
f 1511 1393 1513
f 1508 1505 1400
f 1508 1400 1399
f 1513 1393 1394
f 1513 1394 1514
f 1515 1507 1410
f 1515 1410 1409
f 1514 1394 1395
f 1514 1395 1516
f 1496 1510 1403
f 1496 1403 1402
f 1516 1395 1396
f 1516 1396 1517
f 1500 1512 1406
f 1500 1406 1405
f 1517 1396 1397
f 1517 1397 1518
f 1503 1515 1409
f 1503 1409 1408
f 1518 1397 1387
f 1518 1387 1497
f 1505 1508 1497
f 1505 1497 1498
f 1495 1505 1498
f 1495 1498 1501
f 1496 1495 1501
f 1496 1501 1504
f 1510 1496 1504
f 1510 1504 1506
f 1499 1510 1506
f 1499 1506 1509
f 1500 1499 1509
f 1500 1509 1511
f 1512 1500 1511
f 1512 1511 1513
f 1502 1512 1513
f 1502 1513 1514
f 1503 1502 1514
f 1503 1514 1516
f 1515 1503 1516
f 1515 1516 1517
f 1507 1515 1517
f 1507 1517 1518
f 1508 1507 1518
f 1508 1518 1497
f 1519 1520 1521
f 1522 1523 1521
f 1524 1525 1521
f 1520 1526 1521
f 1523 1527 1521
f 1525 1528 1521
f 1526 1529 1521
f 1528 1530 1521
f 1529 1531 1521
f 1530 1532 1521
f 1531 1533 1521
f 1532 1534 1521
f 1533 1535 1521
f 1534 1536 1521
f 1535 1537 1521
f 1527 1519 1521
f 1536 1522 1521
f 1537 1524 1521
f 1538 1539 1540
f 1541 1542 1540
f 1543 1544 1540
f 1539 1545 1540
f 1542 1546 1540
f 1544 1547 1540
f 1545 1548 1540
f 1547 1549 1540
f 1548 1550 1540
f 1549 1551 1540
f 1550 1552 1540
f 1551 1553 1540
f 1552 1554 1540
f 1553 1555 1540
f 1554 1556 1540
f 1546 1538 1540
f 1555 1541 1540
f 1556 1543 1540
f 1557 1558 1559
f 1557 1559 1560
f 1560 1559 1561
f 1560 1561 1562
f 1562 1561 1563
f 1562 1563 1564
f 1564 1563 1565
f 1564 1565 1566
f 1566 1565 1567
f 1566 1567 1568
f 1568 1567 1569
f 1568 1569 1570
f 1570 1569 1571
f 1570 1571 1572
f 1572 1571 1573
f 1572 1573 1574
f 1570 1572 1575
f 1570 1575 1576
f 1571 1569 1577
f 1571 1577 1578
f 1562 1564 1579
f 1562 1579 1580
f 1563 1561 1581
f 1563 1581 1582
f 1572 1574 1583
f 1572 1583 1575
f 1573 1571 1578
f 1573 1578 1584
f 1564 1566 1585
f 1564 1585 1579
f 1565 1563 1582
f 1565 1582 1586
f 1566 1568 1587
f 1566 1587 1585
f 1557 1560 1588
f 1557 1588 1589
f 1567 1565 1586
f 1567 1586 1590
f 1559 1558 1591
f 1559 1591 1592
f 1568 1570 1576
f 1568 1576 1587
f 1569 1567 1590
f 1569 1590 1577
f 1560 1562 1580
f 1560 1580 1588
f 1561 1559 1592
f 1561 1592 1581
f 1579 1585 1586
f 1579 1586 1582
f 1585 1587 1590
f 1585 1590 1586
f 1587 1576 1577
f 1587 1577 1590
f 1580 1579 1582
f 1580 1582 1581
f 1588 1580 1581
f 1588 1581 1592
f 1589 1588 1592
f 1589 1592 1591
f 1575 1583 1584
f 1575 1584 1578
f 1576 1575 1578
f 1576 1578 1577
f 1557 1593 1594
f 1557 1594 1558
f 1593 1595 1596
f 1593 1596 1594
f 1595 1597 1598
f 1595 1598 1596
f 1597 1599 1600
f 1597 1600 1598
f 1599 1601 1602
f 1599 1602 1600
f 1601 1603 1604
f 1601 1604 1602
f 1603 1605 1606
f 1603 1606 1604
f 1605 1574 1573
f 1605 1573 1606
f 1603 1607 1608
f 1603 1608 1605
f 1606 1609 1610
f 1606 1610 1604
f 1595 1611 1612
f 1595 1612 1597
f 1598 1613 1614
f 1598 1614 1596
f 1605 1608 1583
f 1605 1583 1574
f 1573 1584 1609
f 1573 1609 1606
f 1597 1612 1615
f 1597 1615 1599
f 1600 1616 1613
f 1600 1613 1598
f 1599 1615 1617
f 1599 1617 1601
f 1557 1589 1618
f 1557 1618 1593
f 1602 1619 1616
f 1602 1616 1600
f 1594 1620 1591
f 1594 1591 1558
f 1601 1617 1607
f 1601 1607 1603
f 1604 1610 1619
f 1604 1619 1602
f 1593 1618 1611
f 1593 1611 1595
f 1596 1614 1620
f 1596 1620 1594
f 1612 1613 1616
f 1612 1616 1615
f 1615 1616 1619
f 1615 1619 1617
f 1617 1619 1610
f 1617 1610 1607
f 1611 1614 1613
f 1611 1613 1612
f 1618 1620 1614
f 1618 1614 1611
f 1589 1591 1620
f 1589 1620 1618
f 1608 1609 1584
f 1608 1584 1583
f 1607 1610 1609
f 1607 1609 1608
f 1621 1622 1520
f 1621 1520 1519
f 1623 1624 1536
f 1623 1536 1534
f 1625 1626 1529
f 1625 1529 1526
f 1627 1628 1523
f 1627 1523 1522
f 1629 1630 1533
f 1629 1533 1531
f 1631 1621 1519
f 1631 1519 1527
f 1632 1633 1537
f 1632 1537 1535
f 1634 1635 1525
f 1634 1525 1524
f 1636 1637 1530
f 1636 1530 1528
f 1638 1623 1534
f 1638 1534 1532
f 1622 1625 1526
f 1622 1526 1520
f 1624 1627 1522
f 1624 1522 1536
f 1626 1629 1531
f 1626 1531 1529
f 1628 1631 1527
f 1628 1527 1523
f 1630 1632 1535
f 1630 1535 1533
f 1633 1634 1524
f 1633 1524 1537
f 1635 1636 1528
f 1635 1528 1525
f 1637 1638 1532
f 1637 1532 1530
f 1639 1635 1634
f 1639 1634 1640
f 1641 1624 1623
f 1641 1623 1642
f 1642 1623 1638
f 1642 1638 1643
f 1643 1638 1637
f 1643 1637 1644
f 1644 1637 1636
f 1644 1636 1645
f 1645 1636 1635
f 1645 1635 1639
f 1646 1633 1632
f 1646 1632 1647
f 1640 1634 1633
f 1640 1633 1646
f 1648 1629 1626
f 1648 1626 1649
f 1647 1632 1630
f 1647 1630 1650
f 1650 1630 1629
f 1650 1629 1648
f 1651 1625 1622
f 1651 1622 1652
f 1649 1626 1625
f 1649 1625 1651
f 1653 1621 1631
f 1653 1631 1654
f 1652 1622 1621
f 1652 1621 1653
f 1628 1655 1654
f 1628 1654 1631
f 1655 1656 1539
f 1655 1539 1538
f 1649 1651 1555
f 1649 1555 1553
f 1641 1642 1548
f 1641 1548 1545
f 1652 1653 1542
f 1652 1542 1541
f 1643 1644 1552
f 1643 1552 1550
f 1654 1655 1538
f 1654 1538 1546
f 1645 1639 1556
f 1645 1556 1554
f 1640 1646 1544
f 1640 1544 1543
f 1647 1650 1549
f 1647 1549 1547
f 1648 1649 1553
f 1648 1553 1551
f 1656 1641 1545
f 1656 1545 1539
f 1651 1652 1541
f 1651 1541 1555
f 1642 1643 1550
f 1642 1550 1548
f 1653 1654 1546
f 1653 1546 1542
f 1644 1645 1554
f 1644 1554 1552
f 1639 1640 1543
f 1639 1543 1556
f 1646 1647 1547
f 1646 1547 1544
f 1650 1648 1551
f 1650 1551 1549
f 1655 1628 1627
f 1655 1627 1656
f 1656 1627 1624
f 1656 1624 1641
f 1657 1658 1659
f 1657 1659 1660
f 1661 1662 1663
f 1661 1663 1664
f 1665 1666 1667
f 1665 1667 1668
f 1669 1670 1671
f 1669 1671 1672
f 1673 1674 1675
f 1673 1675 1676
f 1677 1678 1679
f 1677 1679 1680
f 1681 1682 1683
f 1681 1683 1684
f 1685 1686 1687
f 1685 1687 1688
f 1689 1690 1691
f 1689 1691 1692
f 1693 1694 1695
f 1693 1695 1696
f 1697 1698 1699
f 1697 1699 1700
f 1701 1702 1703
f 1701 1703 1704
f 1705 1706 1707
f 1705 1707 1708
f 1709 1710 1711
f 1709 1711 1712
f 1713 1714 1715
f 1713 1715 1716
f 1717 1718 1719
f 1717 1719 1720
f 1721 1722 1723
f 1721 1723 1724
f 1725 1726 1727
f 1725 1727 1728
f 1729 1730 1731
f 1729 1731 1732
f 1733 1734 1735
f 1733 1735 1736
f 1737 1738 1739
f 1737 1739 1740
f 1741 1742 1743
f 1741 1743 1744
f 1745 1746 1747
f 1745 1747 1748
f 1748 1747 1749
f 1748 1749 1750
f 1751 1752 1753
f 1751 1753 1754
f 1755 1756 1657
f 1755 1657 1660
f 1757 1658 1657
f 1757 1657 1756
f 1758 1759 1665
f 1758 1665 1668
f 1760 1666 1665
f 1760 1665 1759
f 1761 1762 1673
f 1761 1673 1676
f 1763 1674 1673
f 1763 1673 1762
f 1764 1765 1681
f 1764 1681 1684
f 1766 1682 1681
f 1766 1681 1765
f 1767 1768 1689
f 1767 1689 1692
f 1769 1690 1689
f 1769 1689 1768
f 1770 1771 1697
f 1770 1697 1700
f 1772 1698 1697
f 1772 1697 1771
f 1773 1774 1705
f 1773 1705 1708
f 1775 1706 1705
f 1775 1705 1774
f 1776 1777 1713
f 1776 1713 1716
f 1778 1714 1713
f 1778 1713 1777
f 1779 1780 1721
f 1779 1721 1724
f 1781 1722 1721
f 1781 1721 1780
f 1782 1783 1729
f 1782 1729 1732
f 1784 1730 1729
f 1784 1729 1783
f 1785 1786 1737
f 1785 1737 1740
f 1787 1738 1737
f 1787 1737 1786
f 1750 1788 1745
f 1750 1745 1748
f 1789 1746 1745
f 1789 1745 1788
f 1661 1664 1756
f 1661 1756 1758
f 1663 1757 1756
f 1663 1756 1664
f 1669 1672 1759
f 1669 1759 1761
f 1671 1760 1759
f 1671 1759 1672
f 1677 1680 1762
f 1677 1762 1764
f 1679 1763 1762
f 1679 1762 1680
f 1685 1688 1765
f 1685 1765 1767
f 1687 1766 1765
f 1687 1765 1688
f 1693 1696 1768
f 1693 1768 1770
f 1695 1769 1768
f 1695 1768 1696
f 1701 1704 1771
f 1701 1771 1773
f 1703 1772 1771
f 1703 1771 1704
f 1709 1712 1774
f 1709 1774 1776
f 1711 1775 1774
f 1711 1774 1712
f 1717 1720 1777
f 1717 1777 1779
f 1719 1778 1777
f 1719 1777 1720
f 1725 1728 1780
f 1725 1780 1782
f 1727 1781 1780
f 1727 1780 1728
f 1733 1736 1783
f 1733 1783 1785
f 1735 1784 1783
f 1735 1783 1736
f 1741 1744 1786
f 1741 1786 1750
f 1743 1787 1786
f 1743 1786 1744
f 1751 1754 1788
f 1751 1788 1755
f 1758 1756 1790
f 1758 1790 1791
f 1765 1764 1792
f 1765 1792 1793
f 1773 1771 1794
f 1773 1794 1795
f 1780 1779 1796
f 1780 1796 1797
f 1750 1786 1798
f 1750 1798 1799
f 1762 1761 1800
f 1762 1800 1801
f 1770 1768 1802
f 1770 1802 1803
f 1777 1776 1804
f 1777 1804 1805
f 1785 1783 1806
f 1785 1806 1807
f 1759 1758 1791
f 1759 1791 1808
f 1767 1765 1793
f 1767 1793 1809
f 1756 1755 1810
f 1756 1810 1790
f 1774 1773 1795
f 1774 1795 1811
f 1782 1780 1797
f 1782 1797 1812
f 1788 1750 1799
f 1788 1799 1813
f 1764 1762 1801
f 1764 1801 1792
f 1771 1770 1803
f 1771 1803 1794
f 1779 1777 1805
f 1779 1805 1796
f 1786 1785 1807
f 1786 1807 1798
f 1761 1759 1808
f 1761 1808 1800
f 1768 1767 1809
f 1768 1809 1802
f 1776 1774 1811
f 1776 1811 1804
f 1783 1782 1812
f 1783 1812 1806
f 1755 1788 1813
f 1755 1813 1810
f 1755 1814 1752
f 1755 1752 1751
f 1758 1815 1662
f 1758 1662 1661
f 1761 1816 1670
f 1761 1670 1669
f 1764 1817 1678
f 1764 1678 1677
f 1767 1818 1686
f 1767 1686 1685
f 1770 1819 1694
f 1770 1694 1693
f 1773 1820 1702
f 1773 1702 1701
f 1776 1821 1710
f 1776 1710 1709
f 1779 1822 1718
f 1779 1718 1717
f 1782 1823 1726
f 1782 1726 1725
f 1785 1824 1734
f 1785 1734 1733
f 1750 1749 1742
f 1750 1742 1741
f 1740 1739 1824
f 1740 1824 1785
f 1732 1731 1823
f 1732 1823 1782
f 1724 1723 1822
f 1724 1822 1779
f 1825 1826 1827
f 1825 1827 1828
f 1716 1715 1821
f 1716 1821 1776
f 1828 1829 1830
f 1828 1830 1831
f 1708 1707 1820
f 1708 1820 1773
f 1832 1828 1833
f 1832 1833 1834
f 1700 1699 1819
f 1700 1819 1770
f 1835 1836 1829
f 1835 1829 1828
f 1692 1691 1818
f 1692 1818 1767
f 1828 1832 1837
f 1828 1837 1825
f 1684 1683 1817
f 1684 1817 1764
f 1828 1838 1839
f 1828 1839 1835
f 1676 1675 1816
f 1676 1816 1761
f 1831 1840 1841
f 1831 1841 1828
f 1668 1667 1815
f 1668 1815 1758
f 1660 1659 1814
f 1660 1814 1755
f 1827 1842 1843
f 1827 1843 1828
f 1809 1793 1844
f 1809 1844 1845
f 1805 1804 1829
f 1805 1829 1836
f 1799 1798 1846
f 1799 1846 1843
f 1793 1792 1833
f 1793 1833 1844
f 1804 1811 1830
f 1804 1830 1829
f 1798 1807 1847
f 1798 1847 1846
f 1792 1801 1834
f 1792 1834 1833
f 1811 1795 1831
f 1811 1831 1830
f 1807 1806 1848
f 1807 1848 1847
f 1801 1800 1832
f 1801 1832 1834
f 1795 1794 1840
f 1795 1840 1831
f 1806 1812 1838
f 1806 1838 1848
f 1800 1808 1837
f 1800 1837 1832
f 1794 1803 1841
f 1794 1841 1840
f 1812 1797 1839
f 1812 1839 1838
f 1808 1791 1825
f 1808 1825 1837
f 1803 1802 1849
f 1803 1849 1841
f 1797 1796 1835
f 1797 1835 1839
f 1791 1790 1826
f 1791 1826 1825
f 1810 1813 1842
f 1810 1842 1827
f 1802 1809 1845
f 1802 1845 1849
f 1796 1805 1836
f 1796 1836 1835
f 1790 1810 1827
f 1790 1827 1826
f 1813 1799 1843
f 1813 1843 1842
f 1828 1847 1848
f 1828 1848 1838
f 1828 1841 1849
f 1828 1849 1845
f 1845 1844 1833
f 1845 1833 1828
f 1847 1828 1843
f 1847 1843 1846
f 1814 1659 1658
f 1814 1658 1757
f 1815 1667 1666
f 1815 1666 1760
f 1816 1675 1674
f 1816 1674 1763
f 1817 1683 1682
f 1817 1682 1766
f 1818 1691 1690
f 1818 1690 1769
f 1819 1699 1698
f 1819 1698 1772
f 1820 1707 1706
f 1820 1706 1775
f 1821 1715 1714
f 1821 1714 1778
f 1822 1723 1722
f 1822 1722 1781
f 1823 1731 1730
f 1823 1730 1784
f 1824 1739 1738
f 1824 1738 1787
f 1749 1747 1746
f 1749 1746 1789
f 1662 1815 1757
f 1662 1757 1663
f 1670 1816 1760
f 1670 1760 1671
f 1678 1817 1763
f 1678 1763 1679
f 1686 1818 1766
f 1686 1766 1687
f 1694 1819 1769
f 1694 1769 1695
f 1702 1820 1772
f 1702 1772 1703
f 1710 1821 1775
f 1710 1775 1711
f 1718 1822 1778
f 1718 1778 1719
f 1726 1823 1781
f 1726 1781 1727
f 1734 1824 1784
f 1734 1784 1735
f 1742 1749 1787
f 1742 1787 1743
f 1752 1814 1789
f 1752 1789 1753
f 1815 1850 1851
f 1815 1851 1757
f 1766 1852 1853
f 1766 1853 1817
f 1820 1854 1855
f 1820 1855 1772
f 1781 1856 1857
f 1781 1857 1822
f 1749 1858 1859
f 1749 1859 1787
f 1763 1860 1861
f 1763 1861 1816
f 1819 1862 1863
f 1819 1863 1769
f 1778 1864 1865
f 1778 1865 1821
f 1824 1866 1867
f 1824 1867 1784
f 1760 1868 1850
f 1760 1850 1815
f 1818 1869 1852
f 1818 1852 1766
f 1757 1851 1870
f 1757 1870 1814
f 1775 1871 1854
f 1775 1854 1820
f 1823 1872 1856
f 1823 1856 1781
f 1789 1873 1858
f 1789 1858 1749
f 1817 1853 1860
f 1817 1860 1763
f 1772 1855 1862
f 1772 1862 1819
f 1822 1857 1864
f 1822 1864 1778
f 1787 1859 1866
f 1787 1866 1824
f 1816 1861 1868
f 1816 1868 1760
f 1769 1863 1869
f 1769 1869 1818
f 1821 1865 1871
f 1821 1871 1775
f 1784 1867 1872
f 1784 1872 1823
f 1814 1870 1873
f 1814 1873 1789
f 1874 1875 1876
f 1874 1876 1877
f 1875 1878 1879
f 1875 1879 1880
f 1881 1882 1883
f 1881 1883 1875
f 1884 1875 1880
f 1884 1880 1885
f 1875 1874 1886
f 1875 1886 1881
f 1875 1884 1887
f 1875 1887 1888
f 1878 1875 1889
f 1878 1889 1890
f 1876 1875 1891
f 1876 1891 1892
f 1869 1893 1894
f 1869 1894 1852
f 1864 1885 1880
f 1864 1880 1865
f 1858 1891 1895
f 1858 1895 1859
f 1852 1894 1883
f 1852 1883 1853
f 1865 1880 1879
f 1865 1879 1871
f 1859 1895 1896
f 1859 1896 1866
f 1853 1883 1882
f 1853 1882 1860
f 1871 1879 1878
f 1871 1878 1854
f 1866 1896 1897
f 1866 1897 1867
f 1860 1882 1881
f 1860 1881 1861
f 1854 1878 1890
f 1854 1890 1855
f 1867 1897 1888
f 1867 1888 1872
f 1861 1881 1886
f 1861 1886 1868
f 1855 1890 1889
f 1855 1889 1862
f 1872 1888 1887
f 1872 1887 1856
f 1868 1886 1874
f 1868 1874 1850
f 1862 1889 1898
f 1862 1898 1863
f 1856 1887 1884
f 1856 1884 1857
f 1850 1874 1877
f 1850 1877 1851
f 1870 1876 1892
f 1870 1892 1873
f 1863 1898 1893
f 1863 1893 1869
f 1857 1884 1885
f 1857 1885 1864
f 1851 1877 1876
f 1851 1876 1870
f 1873 1892 1891
f 1873 1891 1858
f 1875 1888 1897
f 1875 1897 1896
f 1875 1893 1898
f 1875 1898 1889
f 1893 1875 1883
f 1893 1883 1894
f 1896 1895 1891
f 1896 1891 1875
f 1753 1789 1788
f 1753 1788 1754
f 1899 1900 1901
f 1899 1901 1902
f 1903 1904 1900
f 1903 1900 1899
f 1905 1906 1907
f 1905 1907 1908
f 1908 1907 1909
f 1908 1909 1910
f 1902 1901 1906
f 1902 1906 1905
f 1902 1911 1912
f 1902 1912 1899
f 1905 1913 1911
f 1905 1911 1902
f 1908 1914 1913
f 1908 1913 1905
f 1910 1915 1914
f 1910 1914 1908
f 1903 1916 1915
f 1903 1915 1910
f 1899 1912 1916
f 1899 1916 1903
f 1911 1917 1918
f 1911 1918 1912
f 1913 1919 1917
f 1913 1917 1911
f 1914 1920 1919
f 1914 1919 1913
f 1915 1921 1920
f 1915 1920 1914
f 1916 1922 1921
f 1916 1921 1915
f 1912 1918 1922
f 1912 1922 1916
f 1917 1923 1924
f 1917 1924 1918
f 1919 1925 1923
f 1919 1923 1917
f 1920 1926 1925
f 1920 1925 1919
f 1921 1927 1926
f 1921 1926 1920
f 1922 1928 1927
f 1922 1927 1921
f 1918 1924 1928
f 1918 1928 1922
f 1923 1929 1930
f 1923 1930 1924
f 1925 1931 1929
f 1925 1929 1923
f 1926 1932 1931
f 1926 1931 1925
f 1927 1933 1932
f 1927 1932 1926
f 1928 1934 1933
f 1928 1933 1927
f 1924 1930 1934
f 1924 1934 1928
f 1931 1935 1936
f 1931 1936 1929
f 1932 1937 1935
f 1932 1935 1931
f 1933 1938 1937
f 1933 1937 1932
f 1934 1939 1938
f 1934 1938 1933
f 1930 1940 1939
f 1930 1939 1934
f 1936 1941 1942
f 1936 1942 1940
f 1935 1943 1941
f 1935 1941 1936
f 1937 1944 1943
f 1937 1943 1935
f 1938 1945 1944
f 1938 1944 1937
f 1939 1946 1945
f 1939 1945 1938
f 1940 1942 1946
f 1940 1946 1939
f 1941 1947 1948
f 1941 1948 1942
f 1943 1949 1947
f 1943 1947 1941
f 1944 1950 1949
f 1944 1949 1943
f 1945 1951 1950
f 1945 1950 1944
f 1946 1952 1951
f 1946 1951 1945
f 1942 1948 1952
f 1942 1952 1946
f 1947 1953 1954
f 1947 1954 1948
f 1949 1955 1953
f 1949 1953 1947
f 1950 1956 1955
f 1950 1955 1949
f 1951 1957 1956
f 1951 1956 1950
f 1952 1958 1957
f 1952 1957 1951
f 1948 1954 1958
f 1948 1958 1952
f 1959 1960 1961
f 1959 1961 1962
f 1953 1963 1964
f 1953 1964 1954
f 1955 1965 1963
f 1955 1963 1953
f 1956 1966 1965
f 1956 1965 1955
f 1957 1967 1966
f 1957 1966 1956
f 1958 1968 1967
f 1958 1967 1957
f 1954 1964 1968
f 1954 1968 1958
f 1963 1969 1970
f 1963 1970 1964
f 1965 1971 1969
f 1965 1969 1963
f 1966 1972 1971
f 1966 1971 1965
f 1967 1973 1972
f 1967 1972 1966
f 1968 1974 1973
f 1968 1973 1967
f 1964 1970 1974
f 1964 1974 1968
f 1969 1975 1976
f 1969 1976 1970
f 1971 1977 1975
f 1971 1975 1969
f 1972 1978 1977
f 1972 1977 1971
f 1973 1979 1978
f 1973 1978 1972
f 1974 1980 1979
f 1974 1979 1973
f 1970 1976 1980
f 1970 1980 1974
f 1975 1981 1982
f 1975 1982 1976
f 1977 1983 1981
f 1977 1981 1975
f 1978 1984 1983
f 1978 1983 1977
f 1979 1985 1984
f 1979 1984 1978
f 1980 1986 1985
f 1980 1985 1979
f 1976 1982 1986
f 1976 1986 1980
f 1909 1907 1987
f 1909 1987 1988
f 1907 1906 1989
f 1907 1989 1987
f 1900 1904 1990
f 1900 1990 1991
f 1906 1901 1992
f 1906 1992 1989
f 1992 1991 1993
f 1992 1993 1994
f 1904 1909 1988
f 1904 1988 1990
f 1995 1983 1984
f 1995 1984 1996
f 1997 1982 1981
f 1997 1981 1998
f 1998 1981 1983
f 1998 1983 1995
f 1999 1985 1986
f 1999 1986 2000
f 2000 1986 1982
f 2000 1982 1997
f 1901 1900 1991
f 1901 1991 1992
f 1989 1992 1994
f 1989 1994 2001
f 1987 1989 2001
f 1987 2001 2002
f 1988 1987 2002
f 1988 2002 2003
f 1990 1988 2003
f 1990 2003 2004
f 1991 1990 2004
f 1991 2004 1993
f 1994 1993 2005
f 1994 2005 2006
f 2001 1994 2006
f 2001 2006 2007
f 2002 2001 2007
f 2002 2007 2008
f 2003 2002 2008
f 2003 2008 2009
f 2004 2003 2009
f 2004 2009 2010
f 1993 2004 2010
f 1993 2010 2005
f 2006 2005 1959
f 2006 1959 1962
f 2007 2006 1962
f 2007 1962 2011
f 2008 2007 2011
f 2008 2011 2012
f 2009 2008 2012
f 2009 2012 2013
f 2010 2009 2013
f 2010 2013 2014
f 2005 2010 2014
f 2005 2014 1959
f 1962 1961 2015
f 1962 2015 2011
f 2011 2015 2016
f 2011 2016 2012
f 2012 2016 2017
f 2012 2017 2013
f 2013 2017 2018
f 2013 2018 2014
f 2014 2018 1960
f 2014 1960 1959
f 1960 2019 2020
f 1960 2020 1961
f 1961 2020 2021
f 1961 2021 2015
f 2015 2021 2022
f 2015 2022 2016
f 2016 2022 2023
f 2016 2023 2017
f 2017 2023 2024
f 2017 2024 2018
f 2018 2024 2019
f 2018 2019 1960
f 2019 2025 2026
f 2019 2026 2020
f 2020 2026 2027
f 2020 2027 2021
f 2021 2027 2028
f 2021 2028 2022
f 2022 2028 2029
f 2022 2029 2023
f 2023 2029 2030
f 2023 2030 2024
f 2024 2030 2025
f 2024 2025 2019
f 2025 2031 2032
f 2025 2032 2026
f 2026 2032 2033
f 2026 2033 2027
f 2027 2033 2034
f 2027 2034 2028
f 2028 2034 2035
f 2028 2035 2029
f 2029 2035 2036
f 2029 2036 2030
f 2030 2036 2031
f 2030 2031 2025
f 2037 2038 2039
f 2037 2039 2040
f 2032 2031 2041
f 2032 2041 2042
f 2033 2032 2042
f 2033 2042 2043
f 2034 2033 2043
f 2034 2043 2044
f 2035 2034 2044
f 2035 2044 2045
f 2036 2035 2045
f 2036 2045 2046
f 2031 2036 2046
f 2031 2046 2041
f 2042 2041 2047
f 2042 2047 2048
f 2043 2042 2048
f 2043 2048 2049
f 2044 2043 2049
f 2044 2049 2050
f 2045 2044 2050
f 2045 2050 2051
f 2046 2045 2051
f 2046 2051 2052
f 2041 2046 2052
f 2041 2052 2047
f 2048 2047 2053
f 2048 2053 2054
f 2049 2048 2054
f 2049 2054 2055
f 2050 2049 2055
f 2050 2055 2056
f 2051 2050 2056
f 2051 2056 2057
f 2052 2051 2057
f 2052 2057 2058
f 2047 2052 2058
f 2047 2058 2053
f 2054 2053 1997
f 2054 1997 1998
f 2055 2054 1998
f 2055 1998 1995
f 2056 2055 1995
f 2056 1995 1996
f 2057 2056 1996
f 2057 1996 1999
f 2058 2057 1999
f 2058 1999 2000
f 2053 2058 2000
f 2053 2000 1997
f 1996 1984 1985
f 1996 1985 1999
f 1910 1909 1904
f 1910 1904 1903
f 2059 2060 2061
f 2059 2061 2062
f 2063 2064 2060
f 2063 2060 2059
f 2065 2066 2067
f 2065 2067 2068
f 2068 2067 2069
f 2068 2069 2070
f 2062 2061 2066
f 2062 2066 2065
f 2062 2071 2072
f 2062 2072 2059
f 2065 2073 2071
f 2065 2071 2062
f 2068 2074 2073
f 2068 2073 2065
f 2070 2075 2074
f 2070 2074 2068
f 2063 2076 2075
f 2063 2075 2070
f 2059 2072 2076
f 2059 2076 2063
f 2071 2077 2078
f 2071 2078 2072
f 2073 2079 2077
f 2073 2077 2071
f 2074 2080 2079
f 2074 2079 2073
f 2075 2081 2080
f 2075 2080 2074
f 2076 2082 2081
f 2076 2081 2075
f 2072 2078 2082
f 2072 2082 2076
f 2077 2083 2084
f 2077 2084 2078
f 2079 2085 2083
f 2079 2083 2077
f 2080 2086 2085
f 2080 2085 2079
f 2081 2087 2086
f 2081 2086 2080
f 2082 2088 2087
f 2082 2087 2081
f 2078 2084 2088
f 2078 2088 2082
f 2083 2037 2040
f 2083 2040 2084
f 2085 2089 2037
f 2085 2037 2083
f 2086 2090 2089
f 2086 2089 2085
f 2087 2091 2090
f 2087 2090 2086
f 2088 2092 2091
f 2088 2091 2087
f 2084 2040 2092
f 2084 2092 2088
f 2089 2093 2038
f 2089 2038 2037
f 2090 2094 2093
f 2090 2093 2089
f 2091 2095 2094
f 2091 2094 2090
f 2092 2096 2095
f 2092 2095 2091
f 2040 2039 2096
f 2040 2096 2092
f 2038 2097 2098
f 2038 2098 2039
f 2093 2099 2097
f 2093 2097 2038
f 2094 2100 2099
f 2094 2099 2093
f 2095 2101 2100
f 2095 2100 2094
f 2096 2102 2101
f 2096 2101 2095
f 2039 2098 2102
f 2039 2102 2096
f 2097 2103 2104
f 2097 2104 2098
f 2099 2105 2103
f 2099 2103 2097
f 2100 2106 2105
f 2100 2105 2099
f 2101 2107 2106
f 2101 2106 2100
f 2102 2108 2107
f 2102 2107 2101
f 2098 2104 2108
f 2098 2108 2102
f 2103 2109 2110
f 2103 2110 2104
f 2105 2111 2109
f 2105 2109 2103
f 2106 2112 2111
f 2106 2111 2105
f 2107 2113 2112
f 2107 2112 2106
f 2108 2114 2113
f 2108 2113 2107
f 2104 2110 2114
f 2104 2114 2108
f 2115 2116 2117
f 2115 2117 2118
f 2109 2119 2120
f 2109 2120 2110
f 2111 2121 2119
f 2111 2119 2109
f 2112 2122 2121
f 2112 2121 2111
f 2113 2123 2122
f 2113 2122 2112
f 2114 2124 2123
f 2114 2123 2113
f 2110 2120 2124
f 2110 2124 2114
f 2119 2125 2126
f 2119 2126 2120
f 2121 2127 2125
f 2121 2125 2119
f 2122 2128 2127
f 2122 2127 2121
f 2123 2129 2128
f 2123 2128 2122
f 2124 2130 2129
f 2124 2129 2123
f 2120 2126 2130
f 2120 2130 2124
f 2125 2131 2132
f 2125 2132 2126
f 2127 2133 2131
f 2127 2131 2125
f 2128 2134 2133
f 2128 2133 2127
f 2129 2135 2134
f 2129 2134 2128
f 2130 2136 2135
f 2130 2135 2129
f 2126 2132 2136
f 2126 2136 2130
f 2131 2137 2138
f 2131 2138 2132
f 2133 2139 2137
f 2133 2137 2131
f 2134 2140 2139
f 2134 2139 2133
f 2135 2141 2140
f 2135 2140 2134
f 2136 2142 2141
f 2136 2141 2135
f 2132 2138 2142
f 2132 2142 2136
f 2069 2067 2143
f 2069 2143 2144
f 2067 2066 2145
f 2067 2145 2143
f 2060 2064 2146
f 2060 2146 2147
f 2066 2061 2148
f 2066 2148 2145
f 2148 2147 2149
f 2148 2149 2150
f 2064 2069 2144
f 2064 2144 2146
f 2151 2139 2140
f 2151 2140 2152
f 2153 2138 2137
f 2153 2137 2154
f 2154 2137 2139
f 2154 2139 2151
f 2155 2141 2142
f 2155 2142 2156
f 2156 2142 2138
f 2156 2138 2153
f 2061 2060 2147
f 2061 2147 2148
f 2145 2148 2150
f 2145 2150 2157
f 2143 2145 2157
f 2143 2157 2158
f 2144 2143 2158
f 2144 2158 2159
f 2146 2144 2159
f 2146 2159 2160
f 2147 2146 2160
f 2147 2160 2149
f 2150 2149 2161
f 2150 2161 2162
f 2157 2150 2162
f 2157 2162 2163
f 2158 2157 2163
f 2158 2163 2164
f 2159 2158 2164
f 2159 2164 2165
f 2160 2159 2165
f 2160 2165 2166
f 2149 2160 2166
f 2149 2166 2161
f 2162 2161 2115
f 2162 2115 2118
f 2163 2162 2118
f 2163 2118 2167
f 2164 2163 2167
f 2164 2167 2168
f 2165 2164 2168
f 2165 2168 2169
f 2166 2165 2169
f 2166 2169 2170
f 2161 2166 2170
f 2161 2170 2115
f 2118 2117 2171
f 2118 2171 2167
f 2167 2171 2172
f 2167 2172 2168
f 2168 2172 2173
f 2168 2173 2169
f 2169 2173 2174
f 2169 2174 2170
f 2170 2174 2116
f 2170 2116 2115
f 2116 2175 2176
f 2116 2176 2117
f 2117 2176 2177
f 2117 2177 2171
f 2171 2177 2178
f 2171 2178 2172
f 2172 2178 2179
f 2172 2179 2173
f 2173 2179 2180
f 2173 2180 2174
f 2174 2180 2175
f 2174 2175 2116
f 2175 2181 2182
f 2175 2182 2176
f 2176 2182 2183
f 2176 2183 2177
f 2177 2183 2184
f 2177 2184 2178
f 2178 2184 2185
f 2178 2185 2179
f 2179 2185 2186
f 2179 2186 2180
f 2180 2186 2181
f 2180 2181 2175
f 2181 2187 2188
f 2181 2188 2182
f 2182 2188 2189
f 2182 2189 2183
f 2183 2189 2190
f 2183 2190 2184
f 2184 2190 2191
f 2184 2191 2185
f 2185 2191 2192
f 2185 2192 2186
f 2186 2192 2187
f 2186 2187 2181
f 2188 2187 2193
f 2188 2193 2194
f 2189 2188 2194
f 2189 2194 2195
f 2190 2189 2195
f 2190 2195 2196
f 2191 2190 2196
f 2191 2196 2197
f 2192 2191 2197
f 2192 2197 2198
f 2187 2192 2198
f 2187 2198 2193
f 2194 2193 2199
f 2194 2199 2200
f 2195 2194 2200
f 2195 2200 2201
f 2196 2195 2201
f 2196 2201 2202
f 2197 2196 2202
f 2197 2202 2203
f 2198 2197 2203
f 2198 2203 2204
f 2193 2198 2204
f 2193 2204 2199
f 2200 2199 2205
f 2200 2205 2206
f 2201 2200 2206
f 2201 2206 2207
f 2202 2201 2207
f 2202 2207 2208
f 2203 2202 2208
f 2203 2208 2209
f 2204 2203 2209
f 2204 2209 2210
f 2199 2204 2210
f 2199 2210 2205
f 2206 2205 2153
f 2206 2153 2154
f 2207 2206 2154
f 2207 2154 2151
f 2208 2207 2151
f 2208 2151 2152
f 2209 2208 2152
f 2209 2152 2155
f 2210 2209 2155
f 2210 2155 2156
f 2205 2210 2156
f 2205 2156 2153
f 2152 2140 2141
f 2152 2141 2155
f 2070 2069 2064
f 2070 2064 2063
f 1929 1936 1940
f 1929 1940 1930
f 2211 2212 2213
f 2211 2213 2214
f 2212 2215 2216
f 2212 2216 2213
f 2215 2217 2218
f 2215 2218 2216
f 2217 2219 2220
f 2217 2220 2218
f 2219 2221 2222
f 2219 2222 2220
f 2221 2223 2224
f 2221 2224 2222
f 2223 2225 2226
f 2223 2226 2224
f 2225 2227 2228
f 2225 2228 2226
f 2223 2229 2230
f 2223 2230 2225
f 2226 2231 2232
f 2226 2232 2224
f 2215 2233 2234
f 2215 2234 2217
f 2218 2235 2236
f 2218 2236 2216
f 2225 2230 2237
f 2225 2237 2227
f 2228 2238 2231
f 2228 2231 2226
f 2217 2234 2239
f 2217 2239 2219
f 2220 2240 2235
f 2220 2235 2218
f 2219 2239 2241
f 2219 2241 2221
f 2211 2242 2243
f 2211 2243 2212
f 2222 2244 2240
f 2222 2240 2220
f 2213 2245 2246
f 2213 2246 2214
f 2221 2241 2229
f 2221 2229 2223
f 2224 2232 2244
f 2224 2244 2222
f 2212 2243 2233
f 2212 2233 2215
f 2216 2236 2245
f 2216 2245 2213
f 2234 2235 2240
f 2234 2240 2239
f 2239 2240 2244
f 2239 2244 2241
f 2241 2244 2232
f 2241 2232 2229
f 2233 2236 2235
f 2233 2235 2234
f 2243 2245 2236
f 2243 2236 2233
f 2242 2246 2245
f 2242 2245 2243
f 2230 2231 2238
f 2230 2238 2237
f 2229 2232 2231
f 2229 2231 2230
f 2247 2248 2249
f 2247 2249 2250
f 2250 2249 2251
f 2250 2251 2252
f 2252 2251 2253
f 2252 2253 2254
f 2254 2253 2255
f 2254 2255 2256
f 2256 2255 2257
f 2256 2257 2258
f 2258 2257 2259
f 2258 2259 2260
f 2260 2259 2261
f 2260 2261 2262
f 2262 2261 2263
f 2262 2263 2264
f 2264 2263 2265
f 2264 2265 2266
f 2266 2265 2267
f 2266 2267 2268
f 2268 2267 2269
f 2268 2269 2270
f 2270 2269 2248
f 2270 2248 2247
f 2253 2251 2271
f 2253 2271 2272
f 2269 2267 2273
f 2269 2273 2274
f 2251 2249 2275
f 2251 2275 2271
f 2267 2265 2276
f 2267 2276 2273
f 2265 2263 2277
f 2265 2277 2276
f 2263 2261 2278
f 2263 2278 2277
f 2261 2259 2279
f 2261 2279 2278
f 2259 2257 2280
f 2259 2280 2279
f 2257 2255 2281
f 2257 2281 2280
f 2255 2253 2272
f 2255 2272 2281
f 2248 2269 2274
f 2248 2274 2282
f 2249 2248 2282
f 2249 2282 2275
f 2283 2284 2285
f 2283 2285 2286
f 2286 2285 2287
f 2286 2287 2288
f 2289 2290 2291
f 2289 2291 2292
f 2292 2291 2293
f 2292 2293 2294
f 2294 2293 2295
f 2294 2295 2296
f 2296 2295 2297
f 2296 2297 2298
f 2298 2297 2299
f 2298 2299 2300
f 2301 2302 2303
f 2301 2303 2304
f 2305 2306 2307
f 2305 2307 2308
f 2308 2307 2309
f 2308 2309 2310
f 2310 2309 2311
f 2310 2311 2312
f 2313 2314 2284
f 2313 2284 2283
f 2315 2316 2317
f 2315 2317 2318
f 2318 2317 2290
f 2318 2290 2289
f 2304 2303 2306
f 2304 2306 2305
f 2288 2287 2316
f 2288 2316 2315
f 2300 2299 2302
f 2300 2302 2301
f 2287 2285 2319
f 2287 2319 2320
f 2299 2297 2321
f 2299 2321 2322
f 2314 2311 2323
f 2314 2323 2324
f 2307 2306 2325
f 2307 2325 2326
f 2295 2293 2327
f 2295 2327 2328
f 2309 2307 2326
f 2309 2326 2329
f 2290 2317 2330
f 2290 2330 2331
f 2317 2316 2332
f 2317 2332 2330
f 2316 2287 2320
f 2316 2320 2332
f 2302 2299 2322
f 2302 2322 2333
f 2285 2284 2334
f 2285 2334 2319
f 2297 2295 2328
f 2297 2328 2321
f 2311 2309 2329
f 2311 2329 2323
f 2291 2290 2331
f 2291 2331 2335
f 2293 2291 2335
f 2293 2335 2327
f 2306 2303 2336
f 2306 2336 2325
f 2303 2302 2333
f 2303 2333 2336
f 2337 2338 2339
f 2337 2339 2340
f 2341 2342 2343
f 2341 2343 2344
f 2345 2346 2347
f 2345 2347 2348
f 2349 2350 2351
f 2349 2351 2352
f 2353 2354 2355
f 2353 2355 2356
f 2357 2337 2340
f 2357 2340 2358
f 2359 2360 2361
f 2359 2361 2362
f 2342 2363 2364
f 2342 2364 2343
f 2346 2365 2366
f 2346 2366 2347
f 2367 2349 2352
f 2367 2352 2368
f 2350 2353 2356
f 2350 2356 2351
f 2354 2341 2344
f 2354 2344 2355
f 2338 2345 2348
f 2338 2348 2339
f 2369 2357 2358
f 2369 2358 2370
f 2360 2367 2368
f 2360 2368 2361
f 2363 2369 2370
f 2363 2370 2364
f 2371 2359 2362
f 2371 2362 2372
f 2373 2374 2375
f 2373 2375 2376
f 2377 2373 2376
f 2377 2376 2378
f 2379 2377 2378
f 2379 2378 2380
f 2381 2379 2380
f 2381 2380 2382
f 2383 2381 2382
f 2383 2382 2384
f 2385 2383 2384
f 2385 2384 2386
f 2387 2388 2389
f 2387 2389 2390
f 2388 2391 2392
f 2388 2392 2389
f 2393 2385 2386
f 2393 2386 2394
f 2395 2387 2390
f 2395 2390 2396
f 2391 2393 2394
f 2391 2394 2392
f 2374 2395 2396
f 2374 2396 2375
f 2380 2378 2397
f 2380 2397 2398
f 2386 2384 2399
f 2386 2399 2400
f 2396 2390 2401
f 2396 2401 2402
f 2389 2392 2403
f 2389 2403 2404
f 2378 2376 2405
f 2378 2405 2397
f 2384 2382 2406
f 2384 2406 2399
f 2390 2389 2404
f 2390 2404 2401
f 2392 2394 2407
f 2392 2407 2403
f 2376 2375 2408
f 2376 2408 2405
f 2382 2380 2398
f 2382 2398 2406
f 2394 2386 2400
f 2394 2400 2407
f 2375 2396 2402
f 2375 2402 2408
f 2362 2361 2409
f 2362 2409 2372
f 2319 2410 2332
f 2319 2332 2320
f 2404 2403 2411
f 2404 2411 2412
f 2413 2414 2415
f 2413 2415 2416
f 2397 2405 2417
f 2397 2417 2418
f 2399 2406 2419
f 2399 2419 2420
f 2401 2404 2412
f 2401 2412 2414
f 2403 2407 2421
f 2403 2421 2411
f 2405 2408 2422
f 2405 2422 2417
f 2406 2398 2423
f 2406 2423 2419
f 2407 2400 2424
f 2407 2424 2421
f 2408 2402 2413
f 2408 2413 2422
f 2398 2397 2418
f 2398 2418 2423
f 2400 2399 2420
f 2400 2420 2424
f 2402 2401 2414
f 2402 2414 2413
f 2412 2411 2425
f 2412 2425 2426
f 2418 2417 2427
f 2418 2427 2428
f 2420 2419 2429
f 2420 2429 2430
f 2414 2412 2426
f 2414 2426 2415
f 2411 2421 2431
f 2411 2431 2425
f 2417 2422 2432
f 2417 2432 2427
f 2419 2423 2433
f 2419 2433 2429
f 2421 2424 2434
f 2421 2434 2431
f 2422 2413 2416
f 2422 2416 2432
f 2423 2418 2428
f 2423 2428 2433
f 2424 2420 2430
f 2424 2430 2434
f 2273 2276 2435
f 2273 2435 2436
f 2272 2271 2437
f 2272 2437 2438
f 2279 2280 2439
f 2279 2439 2440
f 2276 2277 2441
f 2276 2441 2435
f 2271 2275 2442
f 2271 2442 2437
f 2282 2274 2443
f 2282 2443 2444
f 2280 2281 2445
f 2280 2445 2439
f 2277 2278 2446
f 2277 2446 2441
f 2275 2282 2444
f 2275 2444 2442
f 2274 2273 2436
f 2274 2436 2443
f 2281 2272 2438
f 2281 2438 2445
f 2278 2279 2440
f 2278 2440 2446
f 2437 2442 2447
f 2437 2447 2448
f 2446 2440 2449
f 2446 2449 2450
f 2438 2437 2448
f 2438 2448 2451
f 2442 2444 2452
f 2442 2452 2447
f 2444 2443 2453
f 2444 2453 2452
f 2440 2439 2454
f 2440 2454 2449
f 2443 2436 2455
f 2443 2455 2453
f 2439 2445 2456
f 2439 2456 2454
f 2435 2441 2457
f 2435 2457 2458
f 2445 2438 2451
f 2445 2451 2456
f 2436 2435 2458
f 2436 2458 2455
f 2441 2446 2450
f 2441 2450 2457
f 2453 2455 2459
f 2453 2459 2460
f 2454 2456 2461
f 2454 2461 2462
f 2458 2457 2463
f 2458 2463 2464
f 2456 2451 2465
f 2456 2465 2461
f 2455 2458 2464
f 2455 2464 2459
f 2457 2450 2466
f 2457 2466 2463
f 2448 2447 2467
f 2448 2467 2468
f 2450 2449 2469
f 2450 2469 2466
f 2451 2448 2468
f 2451 2468 2465
f 2447 2452 2470
f 2447 2470 2467
f 2452 2453 2460
f 2452 2460 2470
f 2449 2454 2462
f 2449 2462 2469
f 2464 2463 2466
f 2464 2466 2471
f 2470 2472 2473
f 2470 2473 2467
f 2467 2473 2465
f 2467 2465 2468
f 2465 2473 2462
f 2465 2462 2461
f 2472 2470 2460
f 2472 2460 2471
f 2473 2472 2469
f 2473 2469 2462
f 2471 2466 2469
f 2471 2469 2472
f 2471 2460 2459
f 2471 2459 2464
f 2365 2371 2372
f 2365 2372 2366
f 2284 2314 2324
f 2284 2324 2334
f 2312 2311 2314
f 2312 2314 2313
f 2372 2409 2347
f 2372 2347 2366
f 2348 2474 2475
f 2348 2475 2339
f 2474 2351 2356
f 2474 2356 2475
f 2475 2356 2355
f 2475 2355 2476
f 2339 2475 2476
f 2339 2476 2340
f 2476 2355 2344
f 2476 2344 2477
f 2340 2476 2477
f 2340 2477 2358
f 2358 2477 2364
f 2358 2364 2370
f 2477 2344 2343
f 2477 2343 2364
f 2347 2409 2474
f 2347 2474 2348
f 2409 2352 2351
f 2409 2351 2474
f 2409 2361 2368
f 2409 2368 2352
f 2321 2478 2333
f 2321 2333 2322
f 2325 2479 2480
f 2325 2480 2326
f 2331 2479 2481
f 2331 2481 2335
f 2330 2480 2479
f 2330 2479 2331
f 2326 2480 2410
f 2326 2410 2329
f 2332 2410 2480
f 2332 2480 2330
f 2329 2410 2324
f 2329 2324 2323
f 2410 2319 2334
f 2410 2334 2324
f 2335 2481 2478
f 2335 2478 2327
f 2336 2481 2479
f 2336 2479 2325
f 2327 2478 2321
f 2327 2321 2328
f 2333 2478 2481
f 2333 2481 2336
f 2482 2312 2313
f 2482 2313 2483
f 2484 2300 2301
f 2484 2301 2485
f 2486 2304 2305
f 2486 2305 2487
f 2488 2310 2312
f 2488 2312 2482
f 2489 2308 2310
f 2489 2310 2488
f 2487 2305 2308
f 2487 2308 2489
f 2485 2301 2304
f 2485 2304 2486
f 2490 2298 2300
f 2490 2300 2484
f 2359 2491 2492
f 2359 2492 2360
f 2360 2492 2493
f 2360 2493 2367
f 2353 2494 2495
f 2353 2495 2354
f 2354 2495 2496
f 2354 2496 2341
f 2341 2496 2497
f 2341 2497 2342
f 2342 2497 2490
f 2342 2490 2363
f 2363 2490 2484
f 2363 2484 2369
f 2357 2485 2486
f 2357 2486 2337
f 2338 2487 2489
f 2338 2489 2345
f 2345 2489 2488
f 2345 2488 2346
f 2346 2488 2482
f 2346 2482 2365
f 2371 2483 2491
f 2371 2491 2359
f 2349 2498 2499
f 2349 2499 2350
f 2350 2499 2494
f 2350 2494 2353
f 2337 2486 2487
f 2337 2487 2338
f 2367 2493 2498
f 2367 2498 2349
f 2369 2484 2485
f 2369 2485 2357
f 2365 2482 2483
f 2365 2483 2371
f 2491 2483 2500
f 2491 2500 2492
f 2315 2318 2289
f 2315 2289 2501
f 2494 2500 2501
f 2494 2501 2289
f 2483 2313 2501
f 2483 2501 2500
f 2292 2495 2494
f 2292 2494 2289
f 2294 2496 2495
f 2294 2495 2292
f 2296 2497 2496
f 2296 2496 2294
f 2298 2490 2497
f 2298 2497 2296
f 2374 2373 2502
f 2374 2502 2503
f 2379 2381 2504
f 2379 2504 2505
f 2385 2393 2506
f 2385 2506 2507
f 2395 2374 2503
f 2395 2503 2508
f 2377 2379 2505
f 2377 2505 2509
f 2383 2385 2507
f 2383 2507 2510
f 2387 2395 2508
f 2387 2508 2511
f 2391 2388 2512
f 2391 2512 2513
f 2373 2377 2509
f 2373 2509 2502
f 2381 2383 2510
f 2381 2510 2504
f 2388 2387 2511
f 2388 2511 2512
f 2393 2391 2513
f 2393 2513 2506
f 2501 2313 2283
f 2501 2283 2286
f 2286 2288 2315
f 2286 2315 2501
f 2498 2500 2494
f 2498 2494 2499
f 2492 2500 2498
f 2492 2498 2493
f 2514 2515 2516
f 2514 2516 2517
f 2515 2518 2519
f 2515 2519 2516
f 2518 2520 2521
f 2518 2521 2519
f 2520 2522 2523
f 2520 2523 2521
f 2522 2524 2525
f 2522 2525 2523
f 2524 2526 2527
f 2524 2527 2525
f 2526 2528 2529
f 2526 2529 2527
f 2528 2530 2531
f 2528 2531 2529
f 2530 2532 2533
f 2530 2533 2531
f 2532 2534 2535
f 2532 2535 2533
f 2534 2536 2537
f 2534 2537 2535
f 2536 2514 2517
f 2536 2517 2537
f 2521 2538 2539
f 2521 2539 2519
f 2537 2540 2541
f 2537 2541 2535
f 2519 2539 2542
f 2519 2542 2516
f 2535 2541 2543
f 2535 2543 2533
f 2533 2543 2544
f 2533 2544 2531
f 2531 2544 2545
f 2531 2545 2529
f 2529 2545 2546
f 2529 2546 2527
f 2527 2546 2547
f 2527 2547 2525
f 2525 2547 2548
f 2525 2548 2523
f 2523 2548 2538
f 2523 2538 2521
f 2517 2549 2540
f 2517 2540 2537
f 2516 2542 2549
f 2516 2549 2517
f 2550 2551 2552
f 2550 2552 2553
f 2551 2554 2555
f 2551 2555 2552
f 2556 2557 2558
f 2556 2558 2559
f 2557 2560 2561
f 2557 2561 2558
f 2560 2562 2563
f 2560 2563 2561
f 2562 2564 2565
f 2562 2565 2563
f 2564 2566 2567
f 2564 2567 2565
f 2568 2569 2570
f 2568 2570 2571
f 2572 2573 2574
f 2572 2574 2575
f 2573 2576 2577
f 2573 2577 2574
f 2576 2578 2579
f 2576 2579 2577
f 2580 2550 2553
f 2580 2553 2581
f 2582 2583 2584
f 2582 2584 2585
f 2583 2556 2559
f 2583 2559 2584
f 2569 2572 2575
f 2569 2575 2570
f 2554 2582 2585
f 2554 2585 2555
f 2566 2568 2571
f 2566 2571 2567
f 2555 2586 2587
f 2555 2587 2552
f 2567 2588 2589
f 2567 2589 2565
f 2581 2590 2591
f 2581 2591 2579
f 2574 2592 2593
f 2574 2593 2575
f 2563 2594 2595
f 2563 2595 2561
f 2577 2596 2592
f 2577 2592 2574
f 2559 2597 2598
f 2559 2598 2584
f 2584 2598 2599
f 2584 2599 2585
f 2585 2599 2586
f 2585 2586 2555
f 2571 2600 2588
f 2571 2588 2567
f 2552 2587 2601
f 2552 2601 2553
f 2565 2589 2594
f 2565 2594 2563
f 2579 2591 2596
f 2579 2596 2577
f 2558 2602 2597
f 2558 2597 2559
f 2561 2595 2602
f 2561 2602 2558
f 2575 2593 2603
f 2575 2603 2570
f 2570 2603 2600
f 2570 2600 2571
f 2604 2605 2606
f 2604 2606 2607
f 2608 2609 2610
f 2608 2610 2611
f 2612 2613 2614
f 2612 2614 2615
f 2616 2617 2618
f 2616 2618 2619
f 2620 2621 2622
f 2620 2622 2623
f 2624 2625 2605
f 2624 2605 2604
f 2626 2627 2628
f 2626 2628 2629
f 2611 2610 2630
f 2611 2630 2631
f 2615 2614 2632
f 2615 2632 2633
f 2634 2635 2617
f 2634 2617 2616
f 2619 2618 2621
f 2619 2621 2620
f 2623 2622 2609
f 2623 2609 2608
f 2607 2606 2613
f 2607 2613 2612
f 2636 2637 2625
f 2636 2625 2624
f 2629 2628 2635
f 2629 2635 2634
f 2631 2630 2637
f 2631 2637 2636
f 2638 2639 2627
f 2638 2627 2626
f 2640 2641 2642
f 2640 2642 2643
f 2644 2645 2641
f 2644 2641 2640
f 2646 2647 2645
f 2646 2645 2644
f 2648 2649 2647
f 2648 2647 2646
f 2650 2651 2649
f 2650 2649 2648
f 2652 2653 2651
f 2652 2651 2650
f 2654 2655 2656
f 2654 2656 2657
f 2657 2656 2658
f 2657 2658 2659
f 2660 2661 2653
f 2660 2653 2652
f 2662 2663 2655
f 2662 2655 2654
f 2659 2658 2661
f 2659 2661 2660
f 2643 2642 2663
f 2643 2663 2662
f 2647 2664 2665
f 2647 2665 2645
f 2653 2666 2667
f 2653 2667 2651
f 2663 2668 2669
f 2663 2669 2655
f 2656 2670 2671
f 2656 2671 2658
f 2645 2665 2672
f 2645 2672 2641
f 2651 2667 2673
f 2651 2673 2649
f 2655 2669 2670
f 2655 2670 2656
f 2658 2671 2674
f 2658 2674 2661
f 2641 2672 2675
f 2641 2675 2642
f 2649 2673 2664
f 2649 2664 2647
f 2661 2674 2666
f 2661 2666 2653
f 2642 2675 2668
f 2642 2668 2663
f 2627 2639 2676
f 2627 2676 2628
f 2587 2586 2599
f 2587 2599 2677
f 2670 2678 2679
f 2670 2679 2671
f 2680 2681 2682
f 2680 2682 2683
f 2665 2684 2685
f 2665 2685 2672
f 2667 2686 2687
f 2667 2687 2673
f 2669 2683 2678
f 2669 2678 2670
f 2671 2679 2688
f 2671 2688 2674
f 2672 2685 2689
f 2672 2689 2675
f 2673 2687 2690
f 2673 2690 2664
f 2674 2688 2691
f 2674 2691 2666
f 2675 2689 2680
f 2675 2680 2668
f 2664 2690 2684
f 2664 2684 2665
f 2666 2691 2686
f 2666 2686 2667
f 2668 2680 2683
f 2668 2683 2669
f 2678 2692 2693
f 2678 2693 2679
f 2684 2694 2695
f 2684 2695 2685
f 2686 2696 2697
f 2686 2697 2687
f 2683 2682 2692
f 2683 2692 2678
f 2679 2693 2698
f 2679 2698 2688
f 2685 2695 2699
f 2685 2699 2689
f 2687 2697 2700
f 2687 2700 2690
f 2688 2698 2701
f 2688 2701 2691
f 2689 2699 2681
f 2689 2681 2680
f 2690 2700 2694
f 2690 2694 2684
f 2691 2701 2696
f 2691 2696 2686
f 2541 2702 2703
f 2541 2703 2543
f 2538 2704 2705
f 2538 2705 2539
f 2546 2706 2707
f 2546 2707 2547
f 2543 2703 2708
f 2543 2708 2544
f 2539 2705 2709
f 2539 2709 2542
f 2549 2710 2711
f 2549 2711 2540
f 2547 2707 2712
f 2547 2712 2548
f 2544 2708 2713
f 2544 2713 2545
f 2542 2709 2710
f 2542 2710 2549
f 2540 2711 2702
f 2540 2702 2541
f 2548 2712 2704
f 2548 2704 2538
f 2545 2713 2706
f 2545 2706 2546
f 2705 2714 2715
f 2705 2715 2709
f 2713 2716 2717
f 2713 2717 2706
f 2704 2718 2714
f 2704 2714 2705
f 2709 2715 2719
f 2709 2719 2710
f 2710 2719 2720
f 2710 2720 2711
f 2706 2717 2721
f 2706 2721 2707
f 2711 2720 2722
f 2711 2722 2702
f 2707 2721 2723
f 2707 2723 2712
f 2703 2724 2725
f 2703 2725 2708
f 2712 2723 2718
f 2712 2718 2704
f 2702 2722 2724
f 2702 2724 2703
f 2708 2725 2716
f 2708 2716 2713
f 2720 2726 2727
f 2720 2727 2722
f 2721 2728 2729
f 2721 2729 2723
f 2724 2730 2731
f 2724 2731 2725
f 2723 2729 2732
f 2723 2732 2718
f 2722 2727 2730
f 2722 2730 2724
f 2725 2731 2733
f 2725 2733 2716
f 2714 2734 2735
f 2714 2735 2715
f 2716 2733 2736
f 2716 2736 2717
f 2718 2732 2734
f 2718 2734 2714
f 2715 2735 2737
f 2715 2737 2719
f 2719 2737 2726
f 2719 2726 2720
f 2717 2736 2728
f 2717 2728 2721
f 2730 2738 2733
f 2730 2733 2731
f 2737 2735 2739
f 2737 2739 2740
f 2735 2734 2732
f 2735 2732 2739
f 2732 2729 2728
f 2732 2728 2739
f 2740 2738 2726
f 2740 2726 2737
f 2739 2728 2736
f 2739 2736 2740
f 2738 2740 2736
f 2738 2736 2733
f 2738 2730 2727
f 2738 2727 2726
f 2633 2632 2639
f 2633 2639 2638
f 2553 2601 2590
f 2553 2590 2581
f 2578 2580 2581
f 2578 2581 2579
f 2639 2632 2614
f 2639 2614 2676
f 2613 2606 2741
f 2613 2741 2742
f 2742 2741 2621
f 2742 2621 2618
f 2741 2743 2622
f 2741 2622 2621
f 2606 2605 2743
f 2606 2743 2741
f 2743 2744 2609
f 2743 2609 2622
f 2605 2625 2744
f 2605 2744 2743
f 2625 2637 2630
f 2625 2630 2744
f 2744 2630 2610
f 2744 2610 2609
f 2614 2613 2742
f 2614 2742 2676
f 2676 2742 2618
f 2676 2618 2617
f 2676 2617 2635
f 2676 2635 2628
f 2589 2588 2600
f 2589 2600 2745
f 2593 2592 2746
f 2593 2746 2747
f 2597 2602 2748
f 2597 2748 2747
f 2598 2597 2747
f 2598 2747 2746
f 2592 2596 2677
f 2592 2677 2746
f 2599 2598 2746
f 2599 2746 2677
f 2596 2591 2590
f 2596 2590 2677
f 2677 2590 2601
f 2677 2601 2587
f 2602 2595 2745
f 2602 2745 2748
f 2603 2593 2747
f 2603 2747 2748
f 2595 2594 2589
f 2595 2589 2745
f 2600 2603 2748
f 2600 2748 2745
f 2749 2750 2580
f 2749 2580 2578
f 2751 2752 2568
f 2751 2568 2566
f 2753 2754 2572
f 2753 2572 2569
f 2755 2749 2578
f 2755 2578 2576
f 2756 2755 2576
f 2756 2576 2573
f 2754 2756 2573
f 2754 2573 2572
f 2752 2753 2569
f 2752 2569 2568
f 2757 2751 2566
f 2757 2566 2564
f 2626 2629 2758
f 2626 2758 2759
f 2629 2634 2760
f 2629 2760 2758
f 2620 2623 2761
f 2620 2761 2762
f 2623 2608 2763
f 2623 2763 2761
f 2608 2611 2764
f 2608 2764 2763
f 2611 2631 2757
f 2611 2757 2764
f 2631 2636 2751
f 2631 2751 2757
f 2624 2604 2753
f 2624 2753 2752
f 2607 2612 2756
f 2607 2756 2754
f 2612 2615 2755
f 2612 2755 2756
f 2615 2633 2749
f 2615 2749 2755
f 2638 2626 2759
f 2638 2759 2750
f 2616 2619 2765
f 2616 2765 2766
f 2619 2620 2762
f 2619 2762 2765
f 2604 2607 2754
f 2604 2754 2753
f 2634 2616 2766
f 2634 2766 2760
f 2636 2624 2752
f 2636 2752 2751
f 2633 2638 2750
f 2633 2750 2749
f 2759 2758 2767
f 2759 2767 2750
f 2582 2768 2556
f 2582 2556 2583
f 2762 2556 2768
f 2762 2768 2767
f 2750 2767 2768
f 2750 2768 2580
f 2557 2556 2762
f 2557 2762 2761
f 2560 2557 2761
f 2560 2761 2763
f 2562 2560 2763
f 2562 2763 2764
f 2564 2562 2764
f 2564 2764 2757
f 2643 2769 2770
f 2643 2770 2640
f 2646 2771 2772
f 2646 2772 2648
f 2652 2773 2774
f 2652 2774 2660
f 2662 2775 2769
f 2662 2769 2643
f 2644 2776 2771
f 2644 2771 2646
f 2650 2777 2773
f 2650 2773 2652
f 2654 2778 2775
f 2654 2775 2662
f 2659 2779 2780
f 2659 2780 2657
f 2640 2770 2776
f 2640 2776 2644
f 2648 2772 2777
f 2648 2777 2650
f 2657 2780 2778
f 2657 2778 2654
f 2660 2774 2779
f 2660 2779 2659
f 2768 2551 2550
f 2768 2550 2580
f 2551 2768 2582
f 2551 2582 2554
f 2766 2765 2762
f 2766 2762 2767
f 2758 2760 2766
f 2758 2766 2767
f 2781 2782 2783
f 2781 2783 2784
f 2782 2785 2786
f 2782 2786 2783
f 2785 2787 2788
f 2785 2788 2786
f 2787 2789 2790
f 2787 2790 2788
f 2789 2791 2792
f 2789 2792 2790
f 2791 2793 2794
f 2791 2794 2792
f 2793 2795 2796
f 2793 2796 2794
f 2795 2797 2798
f 2795 2798 2796
f 2793 2799 2800
f 2793 2800 2795
f 2796 2801 2802
f 2796 2802 2794
f 2785 2803 2804
f 2785 2804 2787
f 2788 2805 2806
f 2788 2806 2786
f 2795 2800 2807
f 2795 2807 2797
f 2798 2808 2801
f 2798 2801 2796
f 2787 2804 2809
f 2787 2809 2789
f 2790 2810 2805
f 2790 2805 2788
f 2789 2809 2811
f 2789 2811 2791
f 2781 2812 2813
f 2781 2813 2782
f 2792 2814 2810
f 2792 2810 2790
f 2783 2815 2816
f 2783 2816 2784
f 2791 2811 2799
f 2791 2799 2793
f 2794 2802 2814
f 2794 2814 2792
f 2782 2813 2803
f 2782 2803 2785
f 2786 2806 2815
f 2786 2815 2783
f 2804 2805 2810
f 2804 2810 2809
f 2809 2810 2814
f 2809 2814 2811
f 2811 2814 2802
f 2811 2802 2799
f 2803 2806 2805
f 2803 2805 2804
f 2813 2815 2806
f 2813 2806 2803
f 2812 2816 2815
f 2812 2815 2813
f 2800 2801 2808
f 2800 2808 2807
f 2799 2802 2801
f 2799 2801 2800
f 2289 2501 2500
f 2500 2494 2289
f 2500 2501 2313
f 2313 2483 2500