# https://github.com/mikedh/trimesh
v -0.01407594 0.44309964 0.52898437
v -0.01407594 0.41534824 0.52898437
v 0.11372158 0.39510710 0.52898437
v 0.12229724 0.42150018 0.52898437
v -0.01407594 0.41534824 0.46275379
v 0.11372158 0.39510710 0.46275379
v -0.01407594 0.44309964 0.46275379
v 0.12229724 0.42150018 0.46275379
v 0.22900944 0.33636503 0.52898437
v 0.24532123 0.35881632 0.52898437
v 0.22900944 0.33636503 0.46275379
v 0.24532123 0.35881632 0.46275379
v 0.32050234 0.24487210 0.52898437
v 0.34295364 0.26118392 0.52898437
v 0.32050234 0.24487210 0.46275379
v 0.34295364 0.26118392 0.46275379
v 0.37924441 0.12958429 0.52898437
v 0.40563749 0.13815994 0.52898437
v 0.37924441 0.12958429 0.46275379
v 0.40563749 0.13815994 0.46275379
v 0.39948555 0.00178678 0.52898437
v 0.42723688 0.00178678 0.52898437
v 0.39948555 0.00178678 0.46275379
v 0.42723688 0.00178678 0.46275379
v 0.37924441 -0.12601074 0.52898437
v 0.40563749 -0.13458640 0.52898437
v 0.37924441 -0.12601074 0.46275379
v 0.40563749 -0.13458640 0.46275379
v 0.32050234 -0.24129857 0.52898437
v 0.34295364 -0.25761037 0.52898437
v 0.32050234 -0.24129857 0.46275379
v 0.34295364 -0.25761037 0.46275379
v 0.22900944 -0.33279148 0.52898437
v 0.24532123 -0.35524277 0.52898437
v 0.22900944 -0.33279148 0.46275379
v 0.24532123 -0.35524277 0.46275379
v 0.11372158 -0.39153354 0.52898437
v 0.12229724 -0.41792663 0.52898437
v 0.11372158 -0.39153354 0.46275379
v 0.12229724 -0.41792663 0.46275379
v -0.01407594 -0.41177469 0.52898437
v -0.01407594 -0.43952599 0.52898437
v -0.01407594 -0.41177469 0.46275379
v -0.01407594 -0.43952599 0.46275379
v -0.14187345 -0.39153352 0.52898437
v -0.15044910 -0.41792663 0.52898437
v -0.14187345 -0.39153352 0.46275379
v -0.15044910 -0.41792663 0.46275379
v -0.25716121 -0.33279148 0.52898437
v -0.27347303 -0.35524277 0.52898437
v -0.25716121 -0.33279148 0.46275379
v -0.27347303 -0.35524277 0.46275379
v -0.34865419 -0.24129855 0.52898437
v -0.37110548 -0.25761034 0.52898437
v -0.34865419 -0.24129855 0.46275379
v -0.37110548 -0.25761034 0.46275379
v -0.40739626 -0.12601068 0.52898437
v -0.43378936 -0.13458629 0.52898437
v -0.40739626 -0.12601068 0.46275379
v -0.43378936 -0.13458629 0.46275379
v -0.42763737 0.00178691 0.52898437
v -0.45538870 0.00178692 0.52898437
v -0.42763737 0.00178691 0.46275379
v -0.45538870 0.00178692 0.46275379
v -0.40739615 0.12958447 0.52898437
v -0.43378926 0.13816012 0.52898437
v -0.40739615 0.12958447 0.46275379
v -0.43378926 0.13816012 0.46275379
v -0.34865401 0.24487230 0.52898437
v -0.37110530 0.26118415 0.52898437
v -0.34865401 0.24487230 0.46275379
v -0.37110530 0.26118415 0.46275379
v -0.25716100 0.33636521 0.52898437
v -0.27347282 0.35881650 0.52898437
v -0.25716100 0.33636521 0.46275379
v -0.27347282 0.35881650 0.46275379
v -0.14187312 0.39510722 0.52898437
v -0.15044872 0.42150028 0.52898437
v -0.14187312 0.39510722 0.46275379
v -0.15044872 0.42150028 0.46275379
v 0.18207340 0.26308339 0.01197205
v 0.19995242 0.27769792 0.01197205
v 0.22952238 0.25266469 0.01197200
v 0.21164333 0.23805019 0.01197200
v 0.25545255 0.22465627 0.01197200
v 0.23757350 0.21004181 0.01197200
v 0.27774300 0.19367272 0.01197200
v 0.25986393 0.17905824 0.01197200
v 0.29639360 0.15971402 0.01197205
v 0.27851463 0.14509950 0.01197205
v 0.19910824 0.25417874 0.92780047
v 0.21164331 0.23805019 0.92780006
v 0.22952238 0.25266467 0.92780027
v 0.20588387 0.27417484 0.92780027
v 0.23739940 0.21004181 0.92780006
v 0.25527843 0.22465627 0.92780006
v 0.25968983 0.17905824 0.92780006
v 0.27756883 0.19367273 0.92780006
v 0.27834045 0.14509952 0.92780047
v 0.29621953 0.15971400 0.92780006
v 0.20982330 0.24444530 0.11373076
v 0.19400899 0.28002426 0.11373076
v 0.23778786 0.21585466 0.11373071
v 0.26129890 0.18452178 0.11373071
v 0.29696021 0.16017716 0.11373076
v 0.19400899 0.28002426 0.82604192
v 0.22642708 0.25417590 0.82604166
v 0.25439164 0.22558526 0.82604177
v 0.27790270 0.19425235 0.82604156
v 0.29696021 0.16017719 0.82604166
v 0.31483929 0.17479165 0.11373076
v 0.32867354 0.18609990 0.21548949
v 0.31079444 0.17148540 0.21548954
v 0.33789635 0.19363867 0.31724820
v 0.32001737 0.17902416 0.31724820
v 0.34250777 0.19740810 0.41900693
v 0.32462870 0.18279361 0.41900688
v 0.34250780 0.19740810 0.52076569
v 0.32462870 0.18279361 0.52076569
v 0.33789632 0.19363871 0.62252430
v 0.32001732 0.17902420 0.62252430
v 0.32867354 0.18609990 0.72428306
v 0.31079444 0.17148539 0.72428306
v 0.31483929 0.17479168 0.82604166
v 0.29578170 0.20886683 0.11373071
v 0.27227074 0.24019974 0.11373071
v 0.24430610 0.26879041 0.11373071
v 0.21188804 0.29463876 0.11373076
v 0.30931079 0.22026240 0.21548949
v 0.28488428 0.25185734 0.21548949
v 0.25539390 0.28088466 0.21548954
v 0.22083972 0.30734441 0.21548949
v 0.31833019 0.22785944 0.31724812
v 0.29329336 0.25962905 0.31724812
v 0.26278577 0.28894756 0.31724807
v 0.22680753 0.31581483 0.31724823
v 0.32283992 0.23165796 0.41900693
v 0.29749787 0.26351494 0.41900683
v 0.26648172 0.29297897 0.41900683
v 0.22979143 0.32005008 0.41900693
v 0.32283992 0.23165796 0.52076569
v 0.29749785 0.26351492 0.52076554
v 0.26648169 0.29297897 0.52076569
v 0.22979146 0.32005011 0.52076574
v 0.31833022 0.22785944 0.62252430
v 0.29329336 0.25962910 0.62252425
v 0.26278577 0.28894756 0.62252430
v 0.22680753 0.31581483 0.62252435
v 0.30931079 0.22026240 0.72428296
v 0.28488426 0.25185731 0.72428306
v 0.25539390 0.28088466 0.72428285
v 0.22083972 0.30734441 0.72428316
v 0.29578172 0.20886683 0.82604177
v 0.27227071 0.24019974 0.82604166
v 0.24430608 0.26879041 0.82604151
v 0.21188804 0.29463876 0.82604192
v 0.20296067 0.29272990 0.21548954
v 0.20892845 0.30120035 0.31724820
v 0.21191235 0.30543558 0.41900688
v 0.21191238 0.30543558 0.52076574
v 0.20892845 0.30120035 0.62252445
v 0.20296067 0.29272990 0.72428316
v -0.21042156 0.26308339 0.02511944
v -0.23999147 0.23805019 0.02511944
v -0.25787057 0.25266467 0.02511944
v -0.22430458 0.27769792 0.02511944
v -0.26592167 0.21004181 0.02511944
v -0.28380074 0.22465627 0.02511944
v -0.28821206 0.17905825 0.02511944
v -0.30609111 0.19367274 0.02511944
v -0.30686274 0.14509950 0.02511944
v -0.32474179 0.15971402 0.02511944
v -0.22450445 0.24963257 0.91465293
v -0.23490579 0.27139429 0.91465283
v -0.25787052 0.25266464 0.91465283
v -0.23999147 0.23805019 0.91465252
v -0.28380074 0.22465627 0.91465283
v -0.26592167 0.21004181 0.91465283
v -0.30609111 0.19367274 0.91465283
v -0.28821206 0.17905825 0.91465283
v -0.32474179 0.15971402 0.91465283
v -0.30091925 0.15586178 0.91465293
v -0.22235718 0.28002426 0.12395654
v -0.25477521 0.25417588 0.12395651
v -0.28273982 0.22558526 0.12395651
v -0.30625086 0.19425240 0.12395651
v -0.32530842 0.16017716 0.12395654
v -0.22235718 0.28002426 0.81581611
v -0.25477524 0.25417590 0.81581591
v -0.28273982 0.22558526 0.81581601
v -0.30625086 0.19425238 0.81581586
v -0.32530832 0.16017721 0.81581601
v -0.34318747 0.17479165 0.12395651
v -0.33914263 0.17148538 0.22279361
v -0.35702173 0.18609990 0.22279356
v -0.34836551 0.17902416 0.32163066
v -0.36624451 0.19363868 0.32163066
v -0.35297691 0.18279361 0.42046773
v -0.37085593 0.19740810 0.42046773
v -0.35297694 0.18279364 0.51930495
v -0.37085593 0.19740810 0.51930495
v -0.34836541 0.17902419 0.61814192
v -0.36624446 0.19363871 0.61814192
v -0.33914263 0.17148538 0.71697889
v -0.35702173 0.18609990 0.71697889
v -0.34318737 0.17479170 0.81581591
v -0.32412988 0.20886686 0.12395651
v -0.30061887 0.24019974 0.12395651
v -0.27265431 0.26879041 0.12395646
v -0.24023613 0.29463874 0.12395654
v -0.33765893 0.22026237 0.22279356
v -0.31323239 0.25185734 0.22279356
v -0.28374206 0.28088466 0.22279361
v -0.24918791 0.30734436 0.22279356
v -0.34667825 0.22785947 0.32163055
v -0.32164147 0.25962905 0.32163055
v -0.29113393 0.28894753 0.32163050
v -0.25515569 0.31581483 0.32163071
v -0.35118813 0.23165794 0.42046773
v -0.32584603 0.26351497 0.42046773
v -0.29482988 0.29297892 0.42046762
v -0.25813957 0.32005008 0.42046773
v -0.35118808 0.23165796 0.51930490
v -0.32584603 0.26351492 0.51930459
v -0.29482988 0.29297894 0.51930485
v -0.25813957 0.32005008 0.51930495
v -0.34667841 0.22785947 0.61814172
v -0.32164147 0.25962910 0.61814172
v -0.29113393 0.28894753 0.61814192
v -0.25515569 0.31581483 0.61814197
v -0.33765893 0.22026237 0.71697889
v -0.31323244 0.25185731 0.71697889
v -0.28374206 0.28088466 0.71697873
v -0.24918791 0.30734436 0.71697899
v -0.32412988 0.20886686 0.81581601
v -0.30061882 0.24019971 0.81581586
v -0.27265421 0.26879041 0.81581570
v -0.24023613 0.29463874 0.81581611
v -0.23130886 0.29272988 0.22279361
v -0.23727664 0.30120035 0.32163066
v -0.24026057 0.30543555 0.42046773
v -0.24026057 0.30543555 0.51930495
v -0.23727664 0.30120035 0.61814202
v -0.23130886 0.29272988 0.71697899
v 0.18207341 -0.26302063 0.02511944
v 0.21164325 -0.23798738 0.02511944
v 0.22952238 -0.25260193 0.02511944
v 0.19995237 -0.27763505 0.02511944
v 0.23757348 -0.20997905 0.02511944
v 0.25545255 -0.22459351 0.02511944
v 0.25986388 -0.17899549 0.02511944
v 0.27774298 -0.19360993 0.02511944
v 0.27851460 -0.14503675 0.02511944
v 0.29639358 -0.15965118 0.02511944
v 0.18207341 -0.26302063 0.91465303
v 0.20579279 -0.26966780 0.91465283
v 0.22952236 -0.25260188 0.91465283
v 0.21164325 -0.23798738 0.91465262
v 0.25545255 -0.22459351 0.91465283
v 0.23757350 -0.20997900 0.91465283
v 0.27774298 -0.19360993 0.91465283
v 0.25986388 -0.17899549 0.91465283
v 0.29639358 -0.15965118 0.91465283
v 0.27215829 -0.15840511 0.91465303
v 0.19400897 -0.27996147 0.12395654
v 0.22642705 -0.25411312 0.12395651
v 0.25439164 -0.22552247 0.12395651
v 0.27790265 -0.19418959 0.12395651
v 0.29696024 -0.16011441 0.12395654
v 0.19400897 -0.27996147 0.81581611
v 0.22642705 -0.25411324 0.81581601
v 0.25439164 -0.22552247 0.81581611
v 0.27790265 -0.19418959 0.81581570
v 0.29696021 -0.16011441 0.81581601
v 0.31483924 -0.17472890 0.12395654
v 0.31079439 -0.17142259 0.22279366
v 0.32867352 -0.18603712 0.22279356
v 0.32001732 -0.17896140 0.32163066
v 0.33789629 -0.19357587 0.32163066
v 0.32462865 -0.18273085 0.42046773
v 0.34250775 -0.19734529 0.42046773
v 0.32462867 -0.18273088 0.51930495
v 0.34250777 -0.19734529 0.51930495
v 0.32001730 -0.17896147 0.61814192
v 0.33789629 -0.19357592 0.61814192
v 0.31079439 -0.17142259 0.71697889
v 0.32867352 -0.18603712 0.71697889
v 0.31483924 -0.17472890 0.81581601
v 0.29578167 -0.20880408 0.12395651
v 0.27227069 -0.24013695 0.12395651
v 0.24430608 -0.26872762 0.12395651
v 0.21188804 -0.29457593 0.12395654
v 0.30931079 -0.22019961 0.22279356
v 0.28488428 -0.25179458 0.22279356
v 0.25539387 -0.28082188 0.22279366
v 0.22083967 -0.30728163 0.22279366
v 0.31833014 -0.22779666 0.32163055
v 0.29329333 -0.25956632 0.32163055
v 0.26278572 -0.28888475 0.32163055
v 0.22680753 -0.31575205 0.32163076
v 0.32283989 -0.23159523 0.42046773
v 0.29749782 -0.26345211 0.42046773
v 0.26648167 -0.29291613 0.42046773
v 0.22979138 -0.31998735 0.42046773
v 0.32283989 -0.23159523 0.51930490
v 0.29749782 -0.26345211 0.51930459
v 0.26648167 -0.29291613 0.51930490
v 0.22979140 -0.31998727 0.51930495
v 0.31833022 -0.22779666 0.61814172
v 0.29329333 -0.25956632 0.61814172
v 0.26278572 -0.28888477 0.61814192
v 0.22680753 -0.31575205 0.61814197
v 0.30931079 -0.22019966 0.71697889
v 0.28488423 -0.25179453 0.71697889
v 0.25539387 -0.28082188 0.71697873
v 0.22083972 -0.30728163 0.71697899
v 0.29578167 -0.20880403 0.81581611
v 0.27227066 -0.24013693 0.81581586
v 0.24430608 -0.26872755 0.81581570
v 0.21188804 -0.29457593 0.81581611
v 0.20296065 -0.29266709 0.22279366
v 0.20892845 -0.30113765 0.32163066
v 0.21191233 -0.30537282 0.42046773
v 0.21191233 -0.30537282 0.51930495
v 0.20892845 -0.30113765 0.61814202
v 0.20296065 -0.29266709 0.71697899
v -0.21042142 -0.26302047 0.01197205
v -0.22830052 -0.27763511 0.01197205
v -0.25787047 -0.25260188 0.01197205
v -0.23999136 -0.23798738 0.01197205
v -0.28380069 -0.22459351 0.01197205
v -0.26592159 -0.20997900 0.01197205
v -0.30609106 -0.19360993 0.01197205
v -0.28821196 -0.17899549 0.01197205
v -0.32474169 -0.15965121 0.01197205
v -0.30686259 -0.14503669 0.01197205
v -0.22443099 -0.25005939 0.92780047
v -0.23999136 -0.23798738 0.92780006
v -0.25787047 -0.25260188 0.92780027
v -0.23459756 -0.27354425 0.92780027
v -0.26592159 -0.20997900 0.92780006
v -0.28380069 -0.22459351 0.92780006
v -0.28821196 -0.17899549 0.92780006
v -0.30609106 -0.19360993 0.92780006
v -0.30686264 -0.14503678 0.92780047
v -0.32474169 -0.15965121 0.92780006
v -0.25477511 -0.25411301 0.11373076
v -0.22235711 -0.27996147 0.11373079
v -0.28273972 -0.22552242 0.11373071
v -0.30625081 -0.19418966 0.11373071
v -0.32530832 -0.16011441 0.11373076
v -0.23896090 -0.28969207 0.82604192
v -0.25477511 -0.25411301 0.82604166
v -0.28273972 -0.22552242 0.82604177
v -0.30625073 -0.19418954 0.82604156
v -0.32530822 -0.16011441 0.82604166
v -0.34318722 -0.17472890 0.11373076
v -0.35702152 -0.18603706 0.21548949
v -0.33914242 -0.17142262 0.21548954
v -0.36624440 -0.19357587 0.31724820
v -0.34836535 -0.17896135 0.31724820
v -0.37085583 -0.19734540 0.41900693
v -0.35297673 -0.18273077 0.41900693
v -0.37085583 -0.19734540 0.52076569
v -0.35297673 -0.18273077 0.52076569
v -0.36624438 -0.19357592 0.62252430
v -0.34836530 -0.17896140 0.62252430
v -0.35702152 -0.18603706 0.72428306
v -0.33914242 -0.17142262 0.72428306
v -0.34318722 -0.17472890 0.82604166
v -0.32412968 -0.20880402 0.11373071
v -0.30061882 -0.24013695 0.11373071
v -0.27265426 -0.26872765 0.11373071
v -0.24023607 -0.29457598 0.11373076
v -0.33765883 -0.22019956 0.21548949
v -0.31323239 -0.25179453 0.21548949
v -0.28374206 -0.28082188 0.21548954
v -0.24918778 -0.30728157 0.21548954
v -0.34667820 -0.22779666 0.31724812
v -0.32164142 -0.25956627 0.31724812
v -0.29113393 -0.28888477 0.31724812
v -0.25515564 -0.31575210 0.31724828
v -0.35118803 -0.23159505 0.41900693
v -0.32584598 -0.26345206 0.41900683
v -0.29482983 -0.29291613 0.41900683
v -0.25813941 -0.31998722 0.41900693
v -0.35118803 -0.23159518 0.52076569
v -0.32584583 -0.26345200 0.52076554
v -0.29482983 -0.29291613 0.52076569
v -0.25813957 -0.31998727 0.52076574
v -0.34667825 -0.22779666 0.62252430
v -0.32164142 -0.25956627 0.62252425
v -0.29113393 -0.28888477 0.62252430
v -0.25515564 -0.31575210 0.62252445
v -0.33765883 -0.22019956 0.72428296
v -0.31323239 -0.25179453 0.72428306
v -0.28374206 -0.28082188 0.72428280
v -0.24918778 -0.30728157 0.72428316
v -0.32412983 -0.20880408 0.82604177
v -0.30061882 -0.24013695 0.82604166
v -0.27265416 -0.26872762 0.82604151
v -0.24091907 -0.29134550 0.82604192
v -0.23130871 -0.29266712 0.21548954
v -0.23727654 -0.30113759 0.31724820
v -0.24026041 -0.30537272 0.41900693
v -0.24026041 -0.30537272 0.52076574
v -0.23727654 -0.30113759 0.62252445
v -0.23130871 -0.29266712 0.72428316
v 0.27314780 0.15665194 0.01197205
v 0.29682652 0.16233866 0.01197205
v 0.31345156 0.12476826 0.01197200
v 0.28977287 0.11903886 0.01197200
v 0.32525619 0.08534224 0.01197200
v 0.30157750 0.07932220 0.01197200
v 0.33224038 0.04319565 0.01197200
v 0.30856169 0.03655937 0.01197200
v 0.33440406 -0.00320201 0.01197205
v 0.31072539 -0.01086091 0.01197205
v 0.27314783 0.14719084 0.93152247
v 0.28977282 0.11903886 0.92979235
v 0.31345153 0.12476826 0.92979276
v 0.29533363 0.15891841 0.93153240
v 0.30157747 0.07932220 0.92780006
v 0.32525619 0.08534223 0.92779986
v 0.30856169 0.03655935 0.92780006
v 0.33224035 0.04319566 0.92780006
v 0.30878984 0.00007828 0.92780047
v 0.33363190 -0.00661099 0.92780006
v 0.30999507 0.12727069 0.11373071
v 0.29038902 0.16802338 0.11373079
v 0.32362239 0.08394522 0.11373071
v 0.33117025 0.03650120 0.11373071
v 0.33219429 -0.01900803 0.11373076
v 0.29038902 0.16802334 0.82604192
v 0.30999507 0.12727069 0.82604166
v 0.32362239 0.08394522 0.82604166
v 0.33117028 0.03650115 0.82604146
v 0.33219431 -0.01900803 0.82604166
v 0.35624056 -0.00886605 0.11373076
v 0.37278273 -0.01153607 0.21548949
v 0.34882900 -0.02174026 0.21548949
v 0.38359674 -0.01398691 0.31724818
v 0.35999030 -0.02281950 0.31724820
v 0.38886023 -0.01580247 0.41900683
v 0.36553773 -0.02340108 0.41900681
v 0.38886026 -0.01580247 0.52076569
v 0.36553778 -0.02340108 0.52076569
v 0.38359674 -0.01398684 0.62252425
v 0.35999035 -0.02281948 0.62252430
v 0.37278273 -0.01153602 0.72428296
v 0.34882900 -0.02174026 0.72428296
v 0.35624058 -0.00886605 0.82604156
v 0.35481262 0.04337952 0.11373071
v 0.34713622 0.08938264 0.11373071
v 0.33355387 0.13250616 0.11373076
v 0.31405192 0.17364016 0.11373079
v 0.37141305 0.04237390 0.21548944
v 0.36316305 0.09076958 0.21548944
v 0.34843565 0.13743347 0.21548954
v 0.32695596 0.18204768 0.21548954
v 0.38207169 0.03993167 0.31724812
v 0.37349780 0.09009433 0.31724812
v 0.35819476 0.13996312 0.31724812
v 0.33554608 0.18759444 0.31724833
v 0.38721131 0.03784841 0.41900683
v 0.37851604 0.08905908 0.41900681
v 0.36300747 0.14091150 0.41900683
v 0.33983602 0.19034335 0.41900688
v 0.38721131 0.03784844 0.52076564
v 0.37851604 0.08905912 0.52076554
v 0.36300742 0.14091152 0.52076569
v 0.33983602 0.19034334 0.52076569
v 0.38207169 0.03993163 0.62252425
v 0.37349782 0.09009435 0.62252425
v 0.35819476 0.13996312 0.62252430
v 0.33554610 0.18759446 0.62252430
v 0.37141305 0.04237391 0.72428306
v 0.36316305 0.09076958 0.72428306
v 0.34843563 0.13743346 0.72428280
v 0.32695596 0.18204765 0.72428306
v 0.35481268 0.04337948 0.82604166
v 0.34713619 0.08938265 0.82604156
v 0.33355384 0.13250616 0.82604141
v 0.31405192 0.17364015 0.82604192
v 0.30331835 0.17654458 0.21548960
v 0.31193608 0.18221714 0.31724833
v 0.31624401 0.18504929 0.41900693
v 0.31624403 0.18504930 0.52076569
v 0.31193608 0.18221714 0.62252471
v 0.30331837 0.17654459 0.72428316
v 0.27314783 -0.15658915 0.00000015
v 0.28977292 -0.11926403 0.00000015
v 0.31345153 -0.12495841 0.00000015
v 0.29682647 -0.16228354 0.00000015
v 0.30157750 -0.08077965 0.00000000
v 0.32525619 -0.08647408 0.00000000
v 0.30856169 -0.04113598 0.00000015
v 0.33224035 -0.04683044 0.00000015
v 0.31072539 -0.00033307 0.00000015
v 0.33440408 -0.00602755 0.00000015
v 0.27314778 -0.15658910 0.93270739
v 0.29682649 -0.16228354 0.93270739
v 0.31345153 -0.12495839 0.93270739
v 0.28977282 -0.11926398 0.93270698
v 0.32525621 -0.08647408 0.93270739
v 0.30157745 -0.08077965 0.93270739
v 0.33224035 -0.04683044 0.93270739
v 0.30856167 -0.04113598 0.93270739
v 0.33440408 -0.00602750 0.93270739
v 0.31072539 -0.00033307 0.93270739
v 0.29038941 -0.16796265 0.10441928
v 0.31015902 -0.12823184 0.10441923
v 0.32420973 -0.08802922 0.10441923
v 0.33254157 -0.04735462 0.10441920
v 0.33515449 -0.00620799 0.10441923
v 0.29038941 -0.16796265 0.83535342
v 0.31015902 -0.12823184 0.83535317
v 0.32420973 -0.08802922 0.83535317
v 0.33254157 -0.04735457 0.83535307
v 0.33515449 -0.00620799 0.83535317
v 0.35883329 -0.01190244 0.10441923
v 0.35347641 -0.01061420 0.20883846
v 0.37715508 -0.01630858 0.20883843
v 0.36569092 -0.01355158 0.31325756
v 0.38936969 -0.01924599 0.31325756
v 0.37179821 -0.01502029 0.41767666
v 0.39547695 -0.02071477 0.41767666
v 0.37179823 -0.01502031 0.52209597
v 0.39547700 -0.02071472 0.52209597
v 0.36569092 -0.01355158 0.62651491
v 0.38936969 -0.01924601 0.62651491
v 0.35347641 -0.01061420 0.73093402
v 0.37715513 -0.01630861 0.73093402
v 0.35883326 -0.01190244 0.83535307
v 0.35622026 -0.05304900 0.10441920
v 0.34788847 -0.09372359 0.10441920
v 0.33383771 -0.13392627 0.10441923
v 0.31406815 -0.17365708 0.10441928
v 0.37420524 -0.05771283 0.20883843
v 0.36486261 -0.09916074 0.20883843
v 0.34912733 -0.14065217 0.20883846
v 0.32699934 -0.18218723 0.20883846
v 0.38619515 -0.06082216 0.31325751
v 0.37617874 -0.10278551 0.31325751
v 0.35932043 -0.14513615 0.31325738
v 0.33562011 -0.18787397 0.31325766
v 0.39219016 -0.06237671 0.41767666
v 0.38183678 -0.10459788 0.41767666
v 0.36441695 -0.14737806 0.41767666
v 0.33993048 -0.19071729 0.41767671
v 0.39219019 -0.06237678 0.52209592
v 0.38183675 -0.10459793 0.52209561
v 0.36441695 -0.14737806 0.52209592
v 0.33993055 -0.19071734 0.52209602
v 0.38619515 -0.06082214 0.62651486
v 0.37617874 -0.10278551 0.62651486
v 0.35932043 -0.14513615 0.62651497
v 0.33562011 -0.18787397 0.62651507
v 0.37420519 -0.05771288 0.73093402
v 0.36486259 -0.09916076 0.73093402
v 0.34912728 -0.14065217 0.73093381
v 0.32699934 -0.18218723 0.73093422
v 0.35622026 -0.05304900 0.83535317
v 0.34788842 -0.09372359 0.83535307
v 0.33383768 -0.13392624 0.83535301
v 0.31406817 -0.17365708 0.83535342
v 0.30332060 -0.17649274 0.20883851
v 0.31194135 -0.18217952 0.31325766
v 0.31625184 -0.18502291 0.41767671
v 0.31625184 -0.18502291 0.52209602
v 0.31194135 -0.18217953 0.62651527
v 0.30332062 -0.17649277 0.73093432
v 0.04766075 0.30907044 0.01197205
v 0.05746268 0.33136460 0.01197205
v 0.09723567 0.32200171 0.01197200
v 0.08743377 0.29970755 0.01197200
v 0.13501328 0.30810022 0.01197200
v 0.12521135 0.28580608 0.01197200
v 0.17079541 0.28966017 0.01197200
v 0.16099349 0.26736606 0.01197200
v 0.20458211 0.26668157 0.01197205
v 0.19478018 0.24438739 0.01197205
v 0.04766075 0.30907044 0.92780047
v 0.08743374 0.29970755 0.92780006
v 0.09723567 0.32200171 0.92780027
v 0.05746268 0.33136460 0.92780027
v 0.12521133 0.28580608 0.92780006
v 0.13501328 0.30810022 0.92780006
v 0.16099349 0.26736606 0.92780006
v 0.17079540 0.28966019 0.92780006
v 0.19478016 0.24438739 0.92780047
v 0.20458211 0.26668157 0.92780006
v 0.09478955 0.32477378 0.11373076
v 0.05287237 0.33574327 0.11373089
v 0.13409869 0.30972483 0.11373076
v 0.17079971 0.29059625 0.11373071
v 0.20489277 0.26738812 0.11373076
v 0.05287237 0.33574327 0.82604197
v 0.09478956 0.32477381 0.82604166
v 0.13409869 0.30972483 0.82604177
v 0.17079974 0.29059625 0.82604156
v 0.20489274 0.26738812 0.82604166
v 0.21469467 0.28968225 0.11373076
v 0.22227915 0.30693279 0.21548949
v 0.21247714 0.28463863 0.21548954
v 0.22733544 0.31843313 0.31724820
v 0.21753351 0.29613894 0.31724820
v 0.22986357 0.32418330 0.41900693
v 0.22006160 0.30188916 0.41900688
v 0.22986360 0.32418332 0.52076569
v 0.22006162 0.30188916 0.52076569
v 0.22733539 0.31843313 0.62252430
v 0.21753346 0.29613894 0.62252430
v 0.22227915 0.30693279 0.72428306
v 0.21247714 0.28463863 0.72428306
v 0.21469464 0.28968228 0.82604166
v 0.18060165 0.31289038 0.11373076
v 0.14390064 0.33201896 0.11373076
v 0.10459150 0.34706800 0.11373076
v 0.06267429 0.35803740 0.11373089
v 0.18795640 0.33031302 0.21548949
v 0.15056613 0.34995803 0.21548954
v 0.11010835 0.36586764 0.21548960
v 0.06658302 0.37804200 0.21548962
v 0.19285947 0.34192812 0.31724812
v 0.15500976 0.36191733 0.31724818
v 0.11378624 0.37840077 0.31724818
v 0.06918882 0.39137841 0.31724843
v 0.19531110 0.34773569 0.41900693
v 0.15723165 0.36789709 0.41900693
v 0.11562520 0.38466742 0.41900699
v 0.07049172 0.39804660 0.41900714
v 0.19531110 0.34773569 0.52076569
v 0.15723162 0.36789706 0.52076559
v 0.11562517 0.38466737 0.52076574
v 0.07049173 0.39804660 0.52076605
v 0.19285950 0.34192814 0.62252430
v 0.15500978 0.36191736 0.62252430
v 0.11378624 0.37840077 0.62252445
v 0.06918882 0.39137841 0.62252471
v 0.18795637 0.33031302 0.72428306
v 0.15056610 0.34995798 0.72428306
v 0.11010835 0.36586764 0.72428296
v 0.06658302 0.37804200 0.72428316
v 0.18060166 0.31289043 0.82604177
v 0.14390062 0.33201896 0.82604166
v 0.10459148 0.34706797 0.82604156
v 0.06267430 0.35803738 0.82604197
v 0.05678109 0.35574786 0.21548967
v 0.05938690 0.36908423 0.31724843
v 0.06068981 0.37575246 0.41900714
v 0.06068982 0.37575246 0.52076605
v 0.05938690 0.36908420 0.62252476
v 0.05678109 0.35574786 0.72428336
v -0.07600888 0.30907046 0.00000015
v -0.11578187 0.29970755 0.00000015
v -0.12558382 0.32200173 0.00000015
v -0.08581079 0.33136460 0.00000015
v -0.15355944 0.28580608 0.00000000
v -0.16336139 0.30810025 0.00000000
v -0.18934158 0.26736603 0.00000015
v -0.19914355 0.28966014 0.00000015
v -0.22312834 0.24438736 0.00000015
v -0.23293017 0.26668155 0.00000015
v -0.07600888 0.30907046 0.93270739
v -0.08581079 0.33136460 0.93270739
v -0.12558382 0.32200173 0.93270739
v -0.11578187 0.29970755 0.93270677
v -0.16336139 0.30810022 0.93270698
v -0.15355944 0.28580608 0.93270698
v -0.19914355 0.28966017 0.93270698
v -0.18934155 0.26736601 0.93270698
v -0.23293017 0.26668155 0.93270698
v -0.22312830 0.24438736 0.93270739
v -0.08122049 0.33574327 0.10441938
v -0.12313770 0.32477378 0.10441928
v -0.16244680 0.30972480 0.10441923
v -0.19914783 0.29059625 0.10441923
v -0.23324083 0.26738807 0.10441923
v -0.08122054 0.33574324 0.83535342
v -0.12313775 0.32477383 0.83535307
v -0.16244680 0.30972480 0.83535317
v -0.19914783 0.29059625 0.83535301
v -0.23324083 0.26738807 0.83535307
v -0.24304278 0.28968223 0.10441923
v -0.24082533 0.28463860 0.20883843
v -0.25062718 0.30693276 0.20883838
v -0.24588160 0.29613894 0.31325756
v -0.25568358 0.31843310 0.31325756
v -0.24840973 0.30188916 0.41767666
v -0.25821163 0.32418330 0.41767666
v -0.24840973 0.30188916 0.52209592
v -0.25821163 0.32418330 0.52209592
v -0.24588155 0.29613894 0.62651491
v -0.25568358 0.31843313 0.62651491
v -0.24082528 0.28463860 0.73093402
v -0.25062728 0.30693284 0.73093402
v -0.24304273 0.28968225 0.83535307
v -0.20894978 0.31289038 0.10441923
v -0.17224876 0.33201894 0.10441923
v -0.13293961 0.34706800 0.10441923
v -0.09102244 0.35803738 0.10441938
v -0.21630455 0.33031300 0.20883838
v -0.17891428 0.34995803 0.20883843
v -0.13845646 0.36586764 0.20883851
v -0.09493120 0.37804200 0.20883854
v -0.22120765 0.34192812 0.31325746
v -0.18335791 0.36191733 0.31325751
v -0.14213434 0.37840077 0.31325751
v -0.09753692 0.39137841 0.31325779
v -0.22365930 0.34773564 0.41767666
v -0.18557976 0.36789706 0.41767666
v -0.14397337 0.38466742 0.41767669
v -0.09883989 0.39804660 0.41767687
v -0.22365930 0.34773564 0.52209592
v -0.18557976 0.36789709 0.52209561
v -0.14397329 0.38466737 0.52209597
v -0.09883987 0.39804660 0.52209612
v -0.22120765 0.34192812 0.62651486
v -0.18335791 0.36191733 0.62651491
v -0.14213434 0.37840077 0.62651497
v -0.09753692 0.39137839 0.62651527
v -0.21630446 0.33031302 0.73093402
v -0.17891428 0.34995798 0.73093402
v -0.13845646 0.36586764 0.73093391
v -0.09493114 0.37804197 0.73093422
v -0.20894984 0.31289038 0.83535317
v -0.17224876 0.33201896 0.83535307
v -0.13293959 0.34706794 0.83535301
v -0.09102244 0.35803738 0.83535327
v -0.08512921 0.35574786 0.20883854
v -0.08773505 0.36908423 0.31325779
v -0.08903794 0.37575246 0.41767687
v -0.08903794 0.37575246 0.52209612
v -0.08773506 0.36908423 0.62651527
v -0.08512919 0.35574779 0.73093432
v 0.04766073 -0.30900755 0.01197200
v 0.08743374 -0.29964461 0.01197200
v 0.09723567 -0.32193884 0.01197200
v 0.05746265 -0.33130171 0.01197200
v 0.12521137 -0.28574320 0.01197200
v 0.13501328 -0.30803733 0.01197200
v 0.16099342 -0.26730309 0.01197200
v 0.17079540 -0.28959731 0.01197200
v 0.18470811 -0.24432452 0.01197200
v 0.19451011 -0.26661861 0.01197200
v 0.05581497 -0.31149538 0.92689329
v 0.06561689 -0.33378954 0.92689329
v 0.09723567 -0.32193884 0.92780027
v 0.08743372 -0.29964471 0.92779986
v 0.13501328 -0.30803733 0.92780006
v 0.12521133 -0.28574325 0.92780006
v 0.17079540 -0.28959731 0.92780006
v 0.16099342 -0.26730309 0.92780006
v 0.20458213 -0.26661861 0.92780006
v 0.19478010 -0.24432452 0.92780027
v 0.05287237 -0.33568043 0.11373089
v 0.09478955 -0.32471095 0.11373076
v 0.13409865 -0.30966199 0.11373071
v 0.17079972 -0.29053336 0.11373071
v 0.20489272 -0.26732518 0.11373071
v 0.05287237 -0.33568043 0.82604197
v 0.09478958 -0.32471095 0.82604166
v 0.13409865 -0.30966199 0.82604177
v 0.17079975 -0.29053331 0.82604156
v 0.20489269 -0.26732518 0.82604166
v 0.21469474 -0.28961934 0.11373071
v 0.21247717 -0.28457582 0.21548949
v 0.21770124 -0.30686985 0.21548944
v 0.21753346 -0.29607605 0.31724818
v 0.22733544 -0.31837024 0.31724818
v 0.22006162 -0.30182617 0.41900683
v 0.22986357 -0.32412049 0.41900683
v 0.22006162 -0.30182617 0.52076569
v 0.22986357 -0.32412049 0.52076569
v 0.21753346 -0.29607605 0.62252430
v 0.22733536 -0.31837024 0.62252430
v 0.21247714 -0.28457571 0.72428296
v 0.22227917 -0.30686985 0.72428296
v 0.21469464 -0.28961939 0.82604166
v 0.18060166 -0.31282749 0.11373071
v 0.14390064 -0.33195608 0.11373071
v 0.10459149 -0.34700511 0.11373071
v 0.06267430 -0.35797446 0.11373089
v 0.18795637 -0.33025021 0.21548944
v 0.15056613 -0.34989514 0.21548949
v 0.11010832 -0.36580481 0.21548954
v 0.06658302 -0.37797916 0.21548962
v 0.19285946 -0.34186523 0.31724812
v 0.15500981 -0.36185450 0.31724812
v 0.11378622 -0.37833794 0.31724818
v 0.06918880 -0.39131550 0.31724838
v 0.19531110 -0.34767280 0.41900683
v 0.15723159 -0.36783423 0.41900683
v 0.11562514 -0.38460445 0.41900699
v 0.07049173 -0.39798371 0.41900706
v 0.19531110 -0.34767280 0.52076569
v 0.15723165 -0.36783410 0.52076554
v 0.11562512 -0.38460445 0.52076569
v 0.07049173 -0.39798371 0.52076600
v 0.19285950 -0.34186523 0.62252425
v 0.15500976 -0.36185450 0.62252430
v 0.11378622 -0.37833794 0.62252445
v 0.06918880 -0.39131550 0.62252471
v 0.18795632 -0.33025019 0.72428296
v 0.15056610 -0.34989509 0.72428306
v 0.11010832 -0.36580481 0.72428290
v 0.06658302 -0.37797916 0.72428316
v 0.18060169 -0.31282749 0.82604166
v 0.14390066 -0.33195608 0.82604166
v 0.10459149 -0.34700511 0.82604156
v 0.06267430 -0.35797446 0.82604192
v 0.05678104 -0.35568495 0.21548962
v 0.05938686 -0.36902134 0.31724838
v 0.06068986 -0.37568955 0.41900714
v 0.06068986 -0.37568955 0.52076600
v 0.05938686 -0.36902134 0.62252471
v 0.05678104 -0.35568495 0.72428331
v -0.07600893 -0.30900760 0.00000015
v -0.08581083 -0.33130182 0.00000015
v -0.12558385 -0.32193895 0.00000000
v -0.11578187 -0.29964471 0.00000000
v -0.16336144 -0.30803738 0.00000000
v -0.15355949 -0.28574330 0.00000000
v -0.19914360 -0.28959736 0.00000000
v -0.18934158 -0.26730327 0.00000000
v -0.23293017 -0.26661876 0.00000015
v -0.22312830 -0.24432463 0.00000015
v -0.08659364 -0.30948791 0.93270739
v -0.11578187 -0.29964468 0.93270677
v -0.12558382 -0.32193890 0.93270739
v -0.09639545 -0.33178208 0.93270739
v -0.15355952 -0.28574325 0.93270698
v -0.16336144 -0.30803733 0.93270698
v -0.18934163 -0.26730322 0.93270698
v -0.19914350 -0.28959736 0.93270698
v -0.22312830 -0.24432458 0.93270739
v -0.23293022 -0.26661871 0.93270698
v -0.12313770 -0.32471100 0.10441923
v -0.08122054 -0.33568035 0.10441936
v -0.16244685 -0.30966199 0.10441920
v -0.19914778 -0.29053341 0.10441915
v -0.23324083 -0.26732528 0.10441923
v -0.08122054 -0.33568035 0.83535327
v -0.12313770 -0.32471100 0.83535307
v -0.16244685 -0.30966199 0.83535317
v -0.19914792 -0.29053336 0.83535286
v -0.20331045 -0.26732528 0.83535307
v -0.24304278 -0.28961939 0.10441920
v -0.25062728 -0.30687008 0.20883830
v -0.24082523 -0.28457571 0.20883843
v -0.25568358 -0.31837024 0.31325751
v -0.24588165 -0.29607616 0.31325751
v -0.25821168 -0.32412039 0.41767666
v -0.24840968 -0.30182622 0.41767661
v -0.25821163 -0.32412044 0.52209592
v -0.24840968 -0.30182622 0.52209592
v -0.25568347 -0.31837024 0.62651486
v -0.24588165 -0.29607621 0.62651486
v -0.25062728 -0.30687008 0.73093391
v -0.24082523 -0.28457571 0.73093391
v -0.24141477 -0.29313988 0.83535301
v -0.20894978 -0.31282744 0.10441915
v -0.17224881 -0.33195613 0.10441915
v -0.13293971 -0.34700521 0.10441923
v -0.09102244 -0.35797462 0.10441936
v -0.21630460 -0.33025024 0.20883830
v -0.17891423 -0.34989519 0.20883843
v -0.13845646 -0.36580481 0.20883846
v -0.09493122 -0.37797916 0.20883851
v -0.22120760 -0.34186533 0.31325738
v -0.18335791 -0.36185452 0.31325746
v -0.14213442 -0.37833799 0.31325751
v -0.09753700 -0.39131560 0.31325779
v -0.22365925 -0.34767291 0.41767666
v -0.18557980 -0.36783423 0.41767666
v -0.14397329 -0.38460445 0.41767669
v -0.09883984 -0.39798376 0.41767681
v -0.22365925 -0.34767291 0.52209586
v -0.18557980 -0.36783423 0.52209561
v -0.14397332 -0.38460445 0.52209592
v -0.09883984 -0.39798376 0.52209607
v -0.22120760 -0.34186533 0.62651481
v -0.18335791 -0.36185452 0.62651486
v -0.14213442 -0.37833799 0.62651497
v -0.09753695 -0.39131560 0.62651522
v -0.21630446 -0.33025024 0.73093391
v -0.17891428 -0.34989519 0.73093402
v -0.13069083 -0.36695453 0.73093381
v -0.09493114 -0.37797916 0.73093422
v -0.20894975 -0.31282755 0.83535317
v -0.17224881 -0.33195613 0.83535301
v -0.13293971 -0.34700521 0.83535286
v -0.09102244 -0.35797462 0.83535327
v -0.08512924 -0.35568503 0.20883854
v -0.08773494 -0.36902129 0.31325779
v -0.08903794 -0.37568967 0.41767681
v -0.08903794 -0.37568967 0.52209607
v -0.08773494 -0.36902129 0.62651527
v -0.08512924 -0.35568503 0.73093422
v -0.09448590 0.31424963 0.02511944
v -0.09448590 0.33860341 0.02511944
v -0.05430818 0.34604022 0.02511944
v -0.05430813 0.32168641 0.02511944
v -0.01413042 0.34851917 0.02511944
v -0.01413042 0.32416536 0.02511944
v 0.02604737 0.34604019 0.02511944
v 0.02604734 0.32168641 0.02511944
v 0.06622508 0.33860338 0.02511944
v 0.06622508 0.31424963 0.02511944
v -0.09448590 0.31424963 0.91465293
v -0.05430813 0.32168641 0.91465252
v -0.05430813 0.34604019 0.91465283
v -0.09448590 0.33860341 0.91465283
v -0.01413042 0.32416533 0.91465283
v -0.01413042 0.34851917 0.91465283
v 0.02604734 0.32168641 0.91465283
v 0.02604737 0.34604019 0.91465283
v 0.05064088 0.31633824 0.91465293
v 0.06009180 0.33855071 0.91465283
v -0.05430818 0.34681202 0.12395651
v -0.09448590 0.33937524 0.12395654
v -0.01413040 0.34929097 0.12395651
v 0.02604729 0.34681202 0.12395651
v 0.06622508 0.33937521 0.12395654
v -0.09448590 0.33937524 0.81581601
v -0.05430813 0.34681205 0.81581586
v -0.01413037 0.34929097 0.81581601
v 0.02604734 0.34681202 0.81581570
v 0.06622508 0.33937521 0.81581591
v 0.06622508 0.36372899 0.12395651
v 0.06622511 0.38257320 0.22279356
v 0.06622508 0.35821941 0.22279361
v 0.06622515 0.39513604 0.32163071
v 0.06622515 0.37078226 0.32163071
v 0.06622513 0.40141745 0.42046773
v 0.06622508 0.37706362 0.42046773
v 0.06622513 0.40141750 0.51930490
v 0.06622511 0.37706362 0.51930490
v 0.06622511 0.39513604 0.61814192
v 0.06622509 0.37078226 0.61814172
v 0.06622513 0.38257322 0.71697889
v 0.06622508 0.35821941 0.71697889
v 0.06622508 0.36372899 0.81581586
v 0.02604737 0.37116581 0.12395651
v -0.01413037 0.37364478 0.12395651
v -0.05430813 0.37116583 0.12395646
v -0.09448590 0.36372902 0.12395654
v 0.02604738 0.39001003 0.22279356
v -0.01413040 0.39248901 0.22279356
v -0.05430813 0.39001003 0.22279356
v -0.09448590 0.38257322 0.22279356
v 0.02604737 0.40257280 0.32163061
v -0.01413040 0.40505172 0.32163055
v -0.05430813 0.40257280 0.32163050
v -0.09448590 0.39513604 0.32163066
v 0.02604741 0.40885424 0.42046773
v -0.01413040 0.41133316 0.42046773
v -0.05430815 0.40885424 0.42046773
v -0.09448590 0.40141745 0.42046773
v 0.02604737 0.40885424 0.51930480
v -0.01413040 0.41133316 0.51930459
v -0.05430813 0.40885424 0.51930480
v -0.09448590 0.40141750 0.51930490
v 0.02604738 0.40257280 0.61814172
v -0.01413037 0.40505177 0.61814172
v -0.05430815 0.40257285 0.61814172
v -0.09448590 0.39513604 0.61814192
v 0.02604737 0.39001003 0.71697889
v -0.01413037 0.39248893 0.71697889
v -0.05430815 0.39001001 0.71697873
v -0.09448590 0.38257322 0.71697889
v 0.02604738 0.37116583 0.81581601
v -0.01413037 0.37364478 0.81581591
v -0.05430813 0.37116583 0.81581570
v -0.09448590 0.36372902 0.81581601
v -0.09448590 0.35821941 0.22279356
v -0.09448590 0.37078226 0.32163071
v -0.09448590 0.37706362 0.42046773
v -0.09448590 0.37706362 0.51930490
v -0.09448590 0.37078226 0.61814197
v -0.09448590 0.35821941 0.71697899
v -0.09448593 -0.31418689 0.02511944
v -0.05430823 -0.32162360 0.02511944
v -0.05430823 -0.34597738 0.02511944
v -0.09448593 -0.33854057 0.02511944
v -0.01413047 -0.32410257 0.02511944
v -0.01413037 -0.34845625 0.02511944
v 0.02604726 -0.32162365 0.02511944
v 0.02604729 -0.34597738 0.02511944
v 0.06622509 -0.31418689 0.02511944
v 0.06622504 -0.33854057 0.02511944
v -0.08672030 -0.31533659 0.91465283
v -0.09646441 -0.33815723 0.91465283
v -0.05430823 -0.34597738 0.91465262
v -0.05430823 -0.32162360 0.91465252
v -0.01413037 -0.34845625 0.91465283
v -0.01413047 -0.32410257 0.91465262
v 0.02604729 -0.34597738 0.91465283
v 0.02604726 -0.32162365 0.91465262
v 0.06622496 -0.33854052 0.91465262
v 0.06622509 -0.31418689 0.91465283
v -0.09448590 -0.33931245 0.12395654
v -0.05430813 -0.34674926 0.12395651
v -0.01413045 -0.34922826 0.12395651
v 0.02604724 -0.34674926 0.12395651
v 0.06622497 -0.33931255 0.12395654
v -0.09448590 -0.33931245 0.81581601
v -0.05430813 -0.34674926 0.81581570
v -0.01413045 -0.34922826 0.81581601
v 0.02604734 -0.34674921 0.81581570
v 0.06622497 -0.33931255 0.81581586
v 0.06622504 -0.36366636 0.12395654
v 0.06622507 -0.35815665 0.22279366
v 0.06622507 -0.38251044 0.22279356
v 0.06622514 -0.37071955 0.32163066
v 0.06622507 -0.39507331 0.32163066
v 0.06622508 -0.37700091 0.42046773
v 0.06622507 -0.40135464 0.42046773
v 0.06622508 -0.37700091 0.51930490
v 0.06622504 -0.40135474 0.51930490
v 0.06622511 -0.37071947 0.61814172
v 0.06622507 -0.39507331 0.61814172
v 0.06622507 -0.35815665 0.71697879
v 0.06622511 -0.38251033 0.71697889
v 0.06622504 -0.36366636 0.81581570
v 0.02604726 -0.37110312 0.12395651
v -0.01413042 -0.37358204 0.12395651
v -0.05430818 -0.37110312 0.12395651
v -0.09448599 -0.36366636 0.12395654
v 0.02604738 -0.38994730 0.22279356
v -0.01413047 -0.39242617 0.22279356
v -0.05430815 -0.38994730 0.22279356
v -0.09448593 -0.38251044 0.22279356
v 0.02604719 -0.40251012 0.32163055
v -0.01413042 -0.40498891 0.32163055
v -0.05430818 -0.40251007 0.32163050
v -0.09448593 -0.39507331 0.32163066
v 0.02604738 -0.40879145 0.42046773
v -0.01413042 -0.41127045 0.42046773
v -0.05430820 -0.40879145 0.42046773
v -0.09448599 -0.40135459 0.42046773
v 0.02604726 -0.40879145 0.51930464
v -0.01413042 -0.41127037 0.51930459
v -0.05430820 -0.40879145 0.51930464
v -0.09448593 -0.40135474 0.51930490
v 0.02604719 -0.40251012 0.61814172
v -0.01413045 -0.40498899 0.61814166
v -0.05430818 -0.40251007 0.61814172
v -0.09448593 -0.39507331 0.61814172
v 0.02604734 -0.38994730 0.71697879
v -0.01413047 -0.39242617 0.71697889
v -0.05430815 -0.38994730 0.71697863
v -0.09448593 -0.38251044 0.71697889
v 0.02604726 -0.37110312 0.81581601
v -0.01413047 -0.37358204 0.81581586
v -0.05430818 -0.37110312 0.81581570
v -0.09448599 -0.36366636 0.81581601
v -0.09448593 -0.35815660 0.22279356
v -0.09448592 -0.37071947 0.32163066
v -0.09448593 -0.37700101 0.42046773
v -0.09448593 -0.37700101 0.51930490
v -0.09448592 -0.37071947 0.61814192
v -0.09448593 -0.35815660 0.71697889
v -0.01407594 0.40278337 0.83875230
v -0.01407594 0.37756727 0.83875230
v 0.10204663 0.35917525 0.83875230
v 0.10983884 0.38315721 0.83875230
v -0.01407594 0.37756727 0.80429151
v 0.10204663 0.35917525 0.80429151
v -0.01407594 0.40278337 0.80429151
v 0.10983884 0.38315721 0.80429151
v 0.20680234 0.30579957 0.83875230
v 0.22162402 0.32619987 0.83875230
v 0.20680234 0.30579957 0.80429151
v 0.22162402 0.32619987 0.80429151
v 0.28993689 0.22266500 0.83875230
v 0.31033719 0.23748668 0.83875230
v 0.28993689 0.22266500 0.80429151
v 0.31033719 0.23748668 0.80429151
v 0.34331257 0.11790934 0.83875230
v 0.36729452 0.12570154 0.83875230
v 0.34331257 0.11790934 0.80429151
v 0.36729452 0.12570154 0.80429151
v 0.36170461 0.00178678 0.83875230
v 0.38692071 0.00178678 0.83875230
v 0.36170461 0.00178678 0.80429151
v 0.38692071 0.00178678 0.80429151
v 0.34331257 -0.11433579 0.83875230
v 0.36729452 -0.12212799 0.83875230
v 0.34331257 -0.11433579 0.80429151
v 0.36729452 -0.12212799 0.80429151
v 0.28993689 -0.21909145 0.83875230
v 0.31033719 -0.23391315 0.83875230
v 0.28993689 -0.21909145 0.80429151
v 0.31033719 -0.23391315 0.80429151
v 0.20680234 -0.30222602 0.83875230
v 0.22162402 -0.32262632 0.83875230
v 0.20680234 -0.30222602 0.80429151
v 0.22162402 -0.32262632 0.80429151
v 0.10204663 -0.35560170 0.83875230
v 0.10983884 -0.37958366 0.83875230
v 0.10204663 -0.35560170 0.80429151
v 0.10983884 -0.37958366 0.80429151
v -0.01407594 -0.37399374 0.83875230
v -0.01407594 -0.39920982 0.83875230
v -0.01407594 -0.37399374 0.80429151
v -0.01407594 -0.39920982 0.80429151
v -0.13019849 -0.35560167 0.83875230
v -0.13799070 -0.37958366 0.83875230
v -0.13019849 -0.35560167 0.80429151
v -0.13799070 -0.37958366 0.80429151
v -0.23495411 -0.30222602 0.83875230
v -0.24977578 -0.32262632 0.83875230
v -0.21903332 -0.28926494 0.80429151
v -0.24977578 -0.32262632 0.80429151
v -0.31808873 -0.21909143 0.83875230
v -0.33848903 -0.23391313 0.83875230
v -0.31808873 -0.21909143 0.80429151
v -0.33848903 -0.23391313 0.80429151
v -0.37146441 -0.11433573 0.83875230
v -0.39544637 -0.12212792 0.83875230
v -0.37146441 -0.11433573 0.80429151
v -0.39544637 -0.12212792 0.80429151
v -0.38985640 0.00178690 0.83875230
v -0.41507251 0.00178691 0.83875230
v -0.38985640 0.00178690 0.80429151
v -0.41507251 0.00178691 0.80429151
v -0.37146436 0.11790949 0.83875230
v -0.39544629 0.12570172 0.83875230
v -0.37146436 0.11790949 0.80429151
v -0.39544629 0.12570172 0.80429151
v -0.31808858 0.22266518 0.83875230
v -0.33848883 0.23748685 0.83875230
v -0.31808858 0.22266518 0.80429151
v -0.33848883 0.23748685 0.80429151
v -0.23495393 0.30579978 0.83875230
v -0.25937087 0.31817263 0.83875230
v -0.23495393 0.30579978 0.80429151
v -0.24977558 0.32620000 0.80429151
v -0.13019818 0.35917538 0.83875230
v -0.13799036 0.38315728 0.83875230
v -0.13019818 0.35917538 0.80429151
v -0.13799036 0.38315728 0.80429151
v -0.01407594 0.37972265 0.90114791
v -0.01407594 0.35595675 0.90114791
v 0.09536861 0.33862240 0.90114791
v 0.10271269 0.36122515 0.90114791
v -0.01407594 0.35595675 0.86075776
v 0.09536861 0.33862240 0.86075776
v -0.01407594 0.37972265 0.86075776
v 0.10271269 0.36122515 0.86075776
v 0.19409991 0.28831625 0.90114791
v 0.20806928 0.30754334 0.90114791
v 0.19409991 0.28831625 0.86075776
v 0.20806928 0.30754334 0.86075776
v 0.27245357 0.20996260 0.90114791
v 0.29168065 0.22393196 0.90114791
v 0.27245357 0.20996260 0.86075776
v 0.29168065 0.22393196 0.86075776
v 0.32275971 0.11123131 0.90114791
v 0.34536246 0.11857540 0.90114791
v 0.32275971 0.11123131 0.86075776
v 0.34536246 0.11857540 0.86075776
v 0.34009406 0.00178678 0.90114791
v 0.36385997 0.00178678 0.90114791
v 0.34009406 0.00178678 0.86075776
v 0.36385997 0.00178678 0.86075776
v 0.32275971 -0.10765776 0.90114791
v 0.34536246 -0.11500185 0.90114791
v 0.32275971 -0.10765776 0.86075776
v 0.34536246 -0.11500185 0.86075776
v 0.27245357 -0.20638905 0.90114791
v 0.29168065 -0.22035841 0.90114791
v 0.27245357 -0.20638905 0.86075776
v 0.29168065 -0.22035841 0.86075776
v 0.19409991 -0.28474270 0.90114791
v 0.20806928 -0.30396979 0.90114791
v 0.19409991 -0.28474270 0.86075776
v 0.20806928 -0.30396979 0.86075776
v 0.09536861 -0.33504885 0.90114791
v 0.10271269 -0.35765160 0.90114791
v 0.09536861 -0.33504885 0.86075776
v 0.10271269 -0.35765160 0.86075776
v -0.01407594 -0.35238320 0.90114791
v -0.01407594 -0.37614910 0.90114791
v -0.01407594 -0.35238320 0.86075776
v -0.01407594 -0.37614910 0.86075776
v -0.12352047 -0.33504882 0.90114791
v -0.13086455 -0.35765160 0.90114791
v -0.12352047 -0.33504882 0.86075776
v -0.13086455 -0.35765160 0.86075776
v -0.22225175 -0.28474270 0.90114791
v -0.23622104 -0.30396979 0.90114791
v -0.23626133 -0.27178162 0.86075776
v -0.23622104 -0.30396979 0.86075776
v -0.30060541 -0.20638905 0.90114791
v -0.31983250 -0.22035839 0.90114791
v -0.30060541 -0.20638905 0.86075776
v -0.31983250 -0.22035839 0.86075776
v -0.35091156 -0.10765768 0.90114791
v -0.37351433 -0.11500176 0.90114791
v -0.35091156 -0.10765768 0.86075776
v -0.37351433 -0.11500176 0.86075776
v -0.36824588 0.00178689 0.90114791
v -0.39201179 0.00178690 0.90114791
v -0.36824588 0.00178689 0.86075776
v -0.39201179 0.00178690 0.86075776
v -0.35091145 0.11123145 0.90114791
v -0.37351425 0.11857554 0.90114791
v -0.35091145 0.11123145 0.86075776
v -0.37351425 0.11857554 0.86075776
v -0.30060526 0.20996281 0.90114791
v -0.31983232 0.22393209 0.90114791
v -0.30060526 0.20996281 0.86075776
v -0.31983232 0.22393209 0.86075776
v -0.22225159 0.28831641 0.90114791
v -0.24398257 0.30754349 0.90114791
v -0.22225159 0.28831641 0.86075776
v -0.25030372 0.29409268 0.86075776
v -0.12352017 0.33862250 0.90114791
v -0.13086423 0.36122525 0.90114791
v -0.12352017 0.33862250 0.86075776
v -0.13086423 0.36122525 0.86075776
v -0.01407594 0.40278342 0.14792997
v -0.01407594 0.37756732 0.14792997
v 0.10204663 0.35917528 0.14792997
v 0.10983884 0.38315723 0.14792997
v -0.01407594 0.37756732 0.11346924
v 0.10204663 0.35917528 0.11346924
v -0.01407594 0.40278342 0.11346924
v 0.10983884 0.38315723 0.11346924
v 0.20680234 0.30579960 0.14792997
v 0.22162402 0.32619990 0.14792997
v 0.20680234 0.30579960 0.11346924
v 0.22162402 0.32619990 0.11346924
v 0.28993689 0.22266503 0.14792997
v 0.31033719 0.23748670 0.14792997
v 0.28993689 0.22266503 0.11346924
v 0.31033719 0.23748670 0.11346924
v 0.34331257 0.11790938 0.14792997
v 0.36729452 0.12570157 0.14792997
v 0.34331257 0.11790938 0.11346924
v 0.36729452 0.12570157 0.11346924
v 0.36170461 0.00178681 0.14792997
v 0.38692071 0.00178681 0.14792997
v 0.36170461 0.00178681 0.11346924
v 0.38692071 0.00178681 0.11346924
v 0.34331257 -0.11433575 0.14792997
v 0.36729452 -0.12212795 0.14792997
v 0.34331257 -0.11433575 0.11346924
v 0.36729452 -0.12212795 0.11346924
v 0.28993689 -0.21909143 0.14792997
v 0.31033719 -0.23391313 0.14792997
v 0.28993689 -0.21909143 0.11346924
v 0.31033719 -0.23391313 0.11346924
v 0.20680234 -0.30222600 0.14792997
v 0.22162402 -0.32262630 0.14792997
v 0.20680234 -0.30222600 0.11346924
v 0.22162402 -0.32262630 0.11346924
v 0.10204663 -0.35560167 0.14792997
v 0.10983884 -0.37958363 0.14792997
v 0.10204663 -0.35560167 0.11346924
v 0.10983884 -0.37958363 0.11346924
v -0.01407594 -0.37399372 0.14792997
v -0.01407594 -0.39920980 0.14792997
v -0.01407594 -0.37399372 0.11346924
v -0.01407594 -0.39920980 0.11346924
v -0.13019849 -0.35560167 0.14792997
v -0.13799070 -0.37958363 0.14792997
v -0.13019849 -0.35560167 0.11346924
v -0.13799070 -0.37958363 0.11346924
v -0.23495411 -0.30222600 0.14792997
v -0.24977578 -0.32262630 0.14792997
v -0.23495411 -0.30222600 0.11346924
v -0.24977578 -0.32262630 0.11346924
v -0.31808873 -0.21909140 0.14792997
v -0.33848903 -0.23391307 0.14792997
v -0.31808873 -0.21909140 0.11346924
v -0.33848903 -0.23391307 0.11346924
v -0.37146441 -0.11433569 0.14792997
v -0.39544637 -0.12212788 0.14792997
v -0.37146441 -0.11433569 0.11346924
v -0.39544637 -0.12212788 0.11346924
v -0.38985640 0.00178694 0.14792997
v -0.41507251 0.00178694 0.14792997
v -0.38985640 0.00178694 0.11346924
v -0.41507251 0.00178694 0.11346924
v -0.37146436 0.11790953 0.14792997
v -0.39544629 0.12570174 0.14792997
v -0.37146436 0.11790953 0.11346924
v -0.39544629 0.12570174 0.11346924
v -0.31808858 0.22266521 0.14792997
v -0.33848883 0.23748688 0.14792997
v -0.31808858 0.22266521 0.11346924
v -0.33848883 0.23748688 0.11346924
v -0.23495393 0.30579980 0.14792997
v -0.24977558 0.32620003 0.14792997
v -0.23495393 0.30579980 0.11346924
v -0.24977558 0.32620003 0.11346924
v -0.13019818 0.35917540 0.14792997
v -0.13799036 0.38315731 0.14792997
v -0.13019818 0.35917540 0.11346924
v -0.13799036 0.38315731 0.11346924
v -0.01407594 0.37972268 0.09146373
v -0.01407594 0.35595675 0.09146370
v 0.09536861 0.33862242 0.09146370
v 0.10271269 0.36122517 0.09146373
v -0.01407594 0.35595675 0.05107365
v 0.09536861 0.33862242 0.05107365
v -0.01407594 0.37972268 0.05107370
v 0.10271269 0.36122517 0.05107370
v 0.19409991 0.28831628 0.09146370
v 0.20806928 0.30754336 0.09146373
v 0.19409991 0.28831628 0.05107365
v 0.20806928 0.30754336 0.05107370
v 0.25584979 0.20023204 0.09146370
v 0.29061075 0.22746179 0.09146373
v 0.27245357 0.20996263 0.05107365
v 0.29168065 0.22393199 0.05107370
v 0.32275971 0.11123134 0.09146370
v 0.34536246 0.11857544 0.09146373
v 0.32275971 0.11123134 0.05107365
v 0.34536246 0.11857544 0.05107370
v 0.34009406 0.00178681 0.09146370
v 0.36385997 0.00178681 0.09146373
v 0.34009406 0.00178681 0.05107365
v 0.36385997 0.00178681 0.05107370
v 0.32275971 -0.10765773 0.09146370
v 0.34536246 -0.11500181 0.09146373
v 0.32275971 -0.10765773 0.05107365
v 0.34536246 -0.11500181 0.05107370
v 0.27245357 -0.20638904 0.09146370
v 0.29168065 -0.22035839 0.09146373
v 0.27245357 -0.20638904 0.05107365
v 0.29168065 -0.22035839 0.05107370
v 0.19409991 -0.28474268 0.09146370
v 0.20806928 -0.30396976 0.09146373
v 0.19409991 -0.28474268 0.05107365
v 0.20806928 -0.30396976 0.05107370
v 0.09536861 -0.33504882 0.09146370
v 0.10271269 -0.35765157 0.09146373
v 0.09536861 -0.33504882 0.05107365
v 0.10271269 -0.35765157 0.05107370
v -0.01407594 -0.35238317 0.09146370
v -0.01407594 -0.37614908 0.09146373
v -0.01407594 -0.35238317 0.05107365
v -0.01407594 -0.37614908 0.05107370
v -0.12352047 -0.33504879 0.09146370
v -0.13086455 -0.35765157 0.09146373
v -0.12352047 -0.33504879 0.05107365
v -0.13086455 -0.35765157 0.05107370
v -0.22225175 -0.28474268 0.09146370
v -0.23622104 -0.30396976 0.09146373
v -0.22225175 -0.28474268 0.05107365
v -0.23622104 -0.30396976 0.05107370
v -0.30060541 -0.20638904 0.09146370
v -0.31983250 -0.22035836 0.09146373
v -0.30060541 -0.20638904 0.05107365
v -0.31983250 -0.22035836 0.05107370
v -0.35091156 -0.10765764 0.09146370
v -0.37351433 -0.11500175 0.09146373
v -0.35091156 -0.10765764 0.05107365
v -0.37351433 -0.11500175 0.05107370
v -0.36824588 0.00178693 0.09146370
v -0.39201179 0.00178694 0.09146373
v -0.36824588 0.00178693 0.05107365
v -0.39201179 0.00178694 0.05107370
v -0.35091145 0.11123148 0.09146370
v -0.37351425 0.11857558 0.09146373
v -0.35091145 0.11123148 0.05107365
v -0.37351425 0.11857558 0.05107370
v -0.30060526 0.20996284 0.09146370
v -0.31983232 0.22393211 0.09146373
v -0.30060526 0.20996284 0.05107365
v -0.31983232 0.22393211 0.05107370
v -0.22225159 0.28831643 0.09146370
v -0.23622084 0.30754352 0.09146373
v -0.22225159 0.28831643 0.05107365
v -0.23622084 0.30754352 0.05107370
v -0.12352017 0.33862255 0.09146370
v -0.13086423 0.36122527 0.09146373
v -0.12352017 0.33862255 0.05107365
v -0.13086423 0.36122527 0.05107370
v -0.35245450 -0.10279082 0.90458257
v -0.22756673 -0.26562684 0.90458257
v -0.22712065 0.26489576 0.90458257
v -0.35245542 0.10192352 0.90458257
v -0.35245450 -0.10279082 0.88177864
v -0.22756673 -0.26562684 0.88177864
v -0.22712065 0.26489576 0.88177864
v -0.35245542 0.10192352 0.88177864
v -0.22500252 -0.26375333 0.89979143
v -0.09426288 -0.33135082 0.89979143
v -0.08598819 0.33088964 0.89979143
v -0.22731252 0.26278575 0.89979143
v -0.22500252 -0.26375333 0.87698761
v -0.08367820 -0.33087046 0.87698761
v -0.08598819 0.33088964 0.87698761
v -0.22731252 0.26278575 0.87698761
v -0.09505565 -0.33159953 0.90644864
v 0.05685423 -0.33111914 0.90644864
v 0.05685423 0.33064493 0.90644864
v -0.08447098 0.33064490 0.90644864
v -0.09505565 -0.33159953 0.87883494
v 0.05685423 -0.33111914 0.87883494
v 0.05685423 0.33064493 0.87883494
v -0.08447098 0.33064490 0.87883494
v 0.32712579 -0.10414581 0.90458257
v 0.32781859 0.10056744 0.90458257
v 0.20271064 0.26340380 0.90458257
v 0.20201118 -0.26711816 0.90458257
v 0.32712579 -0.10414581 0.88177864
v 0.20201118 -0.26711816 0.88177864
v 0.20271064 0.26340380 0.88177864
v 0.32781859 0.10056744 0.88177864
v 0.19945094 -0.26523234 0.89979143
v 0.20289790 0.26129284 0.89979143
v 0.06172141 0.33007778 0.89979143
v 0.05798245 -0.33166765 0.89979143
v 0.19945094 -0.26523234 0.87698761
v 0.05798245 -0.33166765 0.87698761
v 0.06172141 0.33007778 0.87698761
v 0.20289790 0.26129284 0.87698761
v -0.34610937 -0.10279082 0.03830098
v -0.33847225 0.10192352 0.03830098
v -0.22712065 0.26489576 0.03830098
v -0.22756673 -0.26562684 0.03830098
v -0.35245450 -0.10279082 0.06110490
v -0.22756673 -0.26562684 0.06110490
v -0.22712065 0.26489576 0.06110490
v -0.35245542 0.10192352 0.06110490
v -0.22500252 -0.26375333 0.04309216
v -0.22731252 0.26278575 0.04309216
v -0.08598819 0.33088964 0.04309216
v -0.08367820 -0.33087046 0.04309216
v -0.22500252 -0.26375333 0.06589609
v -0.08367820 -0.33087046 0.06589609
v -0.08598819 0.33088964 0.06589609
v -0.22731252 0.26278575 0.06589609
v -0.08447097 -0.33111914 0.03643491
v -0.08447098 0.33064490 0.03643491
v 0.05685423 0.33064493 0.03643491
v 0.05685423 -0.33111914 0.03643491
v -0.08447097 -0.33111914 0.06404865
v 0.05685423 -0.33111914 0.06404865
v 0.05685423 0.33064493 0.06404865
v -0.08447098 0.33064490 0.06404865
v 0.32712579 -0.10414581 0.03830098
v 0.20201118 -0.26711816 0.03830098
v 0.20271064 0.26340380 0.03830098
v 0.31618123 0.10056744 0.03830098
v 0.32712579 -0.10414581 0.06110490
v 0.20201118 -0.26711816 0.06110490
v 0.20271064 0.26340380 0.06110490
v 0.32781859 0.10056744 0.06110490
v 0.19945094 -0.26523234 0.04309216
v 0.05798245 -0.33166765 0.04309216
v 0.06172141 0.33007778 0.04309216
v 0.20289790 0.26129284 0.04309216
v 0.19945094 -0.26523234 0.06589609
v 0.05798245 -0.33166765 0.06589609
v 0.06172141 0.33007778 0.06589609
v 0.20289790 0.26129284 0.06589609
v 0.29474870 0.00181570 0.89546259
v 0.28908107 0.02296752 0.89546259
v 0.28908107 0.02296752 0.92337008
v 0.29474870 0.00181570 0.92337008
v 0.27359687 0.03845174 0.89546259
v 0.27359687 0.03845173 0.92337008
v 0.25244503 0.04411935 0.89546259
v 0.25244503 0.04411935 0.92337008
v 0.23129325 0.03845173 0.89546259
v 0.23129325 0.03845173 0.92337008
v 0.21580905 0.02296753 0.89546259
v 0.21580905 0.02296753 0.92337008
v 0.21014139 0.00181570 0.89546259
v 0.21014139 0.00181570 0.92337008
v 0.21580900 -0.01933612 0.89546259
v 0.21580905 -0.01933612 0.92337008
v 0.23129320 -0.03482032 0.89546259
v 0.23129320 -0.03482032 0.92337008
v 0.25244501 -0.04048794 0.89546259
v 0.25244501 -0.04048794 0.92337008
v 0.27359687 -0.03482034 0.89546259
v 0.27359687 -0.03482034 0.92337008
v 0.28908107 -0.01933615 0.89546259
v 0.28908107 -0.01933615 0.92337008
v 0.28042001 0.01796706 0.92337008
v 0.28474777 0.00181570 0.92337008
v 0.26859641 0.02979068 0.92337008
v 0.25244503 0.03411842 0.92337008
v 0.23629367 0.02979068 0.92337008
v 0.22447005 0.01796707 0.92337008
v 0.22014234 0.00181570 0.92337008
v 0.22447005 -0.01433566 0.92337008
v 0.23629367 -0.02615927 0.92337008
v 0.25244501 -0.03048703 0.92337008
v 0.26859641 -0.02615929 0.92337008
v 0.28041998 -0.01433568 0.92337008
v 0.28042001 0.01796706 0.92768705
v 0.28474777 0.00181570 0.92768705
v 0.26859641 0.02979068 0.92768705
v 0.25244503 0.03411842 0.92768705
v 0.23629367 0.02979068 0.92768705
v 0.22447005 0.01796707 0.92768705
v 0.22014234 0.00181570 0.92768705
v 0.22447005 -0.01433566 0.92768705
v 0.23629367 -0.02615927 0.92768705
v 0.25244501 -0.03048703 0.92768705
v 0.26859641 -0.02615929 0.92768705
v 0.28041998 -0.01433568 0.92768705
v 0.28556249 0.02093609 0.92870664
v 0.29068581 0.00181570 0.92870664
v 0.27156542 0.03493318 0.92870664
v 0.25244503 0.04005647 0.92870664
v 0.23332464 0.03493318 0.92870664
v 0.21932757 0.02093609 0.92870664
v 0.21420425 0.00181570 0.92870664
v 0.21932757 -0.01730468 0.92870664
v 0.23332464 -0.03130177 0.92870664
v 0.25244501 -0.03642507 0.92870664
v 0.27156540 -0.03130179 0.92870664
v 0.28556249 -0.01730471 0.92870664
v 0.28620332 0.02130606 0.94178068
v 0.29142576 0.00181570 0.94178068
v 0.27193543 0.03557400 0.94178068
v 0.25244503 0.04079643 0.94178068
v 0.23295471 0.03557400 0.94178068
v 0.21868674 0.02130606 0.94178068
v 0.21346431 0.00181570 0.94178068
v 0.21868674 -0.01767466 0.94178068
v 0.23295468 -0.03194260 0.94178068
v 0.25244501 -0.03716503 0.94178068
v 0.27193541 -0.03194261 0.94178068
v 0.28620332 -0.01767469 0.94178068
v -0.34132747 -0.00023657 0.00208872
v -0.33725332 -0.04089316 0.00208872
v -0.36063893 -0.04769138 0.00208872
v -0.36471316 -0.00703481 0.00208872
v -0.32841829 -0.08016575 0.00208857
v -0.35180392 -0.08696397 0.00208857
v -0.31482245 -0.11805440 0.00208872
v -0.33820811 -0.12485263 0.00208872
v -0.29646585 -0.15455914 0.00208872
v -0.31985151 -0.16135734 0.00208872
v -0.34132742 -0.00023654 0.93479590
v -0.36471313 -0.00703482 0.93479569
v -0.36063891 -0.04769139 0.93479590
v -0.33725319 -0.04089317 0.93479549
v -0.35180400 -0.08696397 0.93479569
v -0.32841829 -0.08016575 0.93479569
v -0.33820811 -0.12485263 0.93479569
v -0.31482235 -0.11805438 0.93479590
v -0.31985151 -0.16135739 0.93479569
v -0.29646585 -0.15455911 0.93479590
v -0.36193931 0.00108844 0.10650790
v -0.35909223 -0.04352770 0.10650779
v -0.35053840 -0.08622526 0.10650777
v -0.33636628 -0.12691574 0.10650772
v -0.31665888 -0.16551561 0.10650777
v -0.36193934 0.00108848 0.83744189
v -0.35911078 -0.04350907 0.83744168
v -0.35060576 -0.08615777 0.83744168
v -0.33650734 -0.12677435 0.83744137
v -0.31689374 -0.16528017 0.83744168
v -0.33971310 -0.17264610 0.10650777
v -0.33136580 -0.17417192 0.21092700
v -0.35415384 -0.18156918 0.21092702
v -0.34096056 -0.18015313 0.31534615
v -0.36356359 -0.18773592 0.31534612
v -0.34570867 -0.18319318 0.41976523
v -0.36821809 -0.19086961 0.41976523
v -0.34574668 -0.18315510 0.52418448
v -0.36825911 -0.19082867 0.52418448
v -0.34107224 -0.18004123 0.62860343
v -0.36368418 -0.18761500 0.62860343
v -0.33154451 -0.17399284 0.73302268
v -0.35434716 -0.18137551 0.73302268
v -0.33996772 -0.17239084 0.83744158
v -0.35949338 -0.13397310 0.10650777
v -0.37374335 -0.09320463 0.10650777
v -0.38237982 -0.05042416 0.10650779
v -0.38531446 -0.00572043 0.10650790
v -0.37512481 -0.14114680 0.21092702
v -0.39001922 -0.09806430 0.21092702
v -0.39863882 -0.05252074 0.21092702
v -0.40076951 -0.00473039 0.21092702
v -0.38538496 -0.14609039 0.31534607
v -0.40078279 -0.10139130 0.31534607
v -0.40945577 -0.05394087 0.31534592
v -0.41107465 -0.00406877 0.31534615
v -0.39047563 -0.14860175 0.41976523
v -0.40614281 -0.10307660 0.41976523
v -0.41485863 -0.05465631 0.41976523
v -0.41622750 -0.00373746 0.41976528
v -0.39050130 -0.14857592 0.52418448
v -0.40615581 -0.10306354 0.52418412
v -0.41486260 -0.05465233 0.52418448
v -0.41622768 -0.00373742 0.52418453
v -0.38546028 -0.14601480 0.62860333
v -0.40082077 -0.10135325 0.62860348
v -0.40946737 -0.05392924 0.62860353
v -0.41107480 -0.00406858 0.62860374
v -0.37524497 -0.14102638 0.73302253
v -0.39007946 -0.09800391 0.73302238
v -0.39865735 -0.05250198 0.73302238
v -0.40076994 -0.00473003 0.73302279
v -0.35964990 -0.13381621 0.83744178
v -0.37382149 -0.09312630 0.83744158
v -0.38240426 -0.05039973 0.83744158
v -0.38531517 -0.00571980 0.83744189
v -0.37739889 0.00208298 0.21092707
v -0.38770529 0.00274606 0.31534623
v -0.39285855 0.00307750 0.41976523
v -0.39285855 0.00307747 0.52418453
v -0.38770529 0.00274606 0.62860384
v -0.37739892 0.00208301 0.73302279
v -0.33619604 -0.00294003 0.01197205
v -0.36321863 0.00166766 0.01197205
v -0.35708177 0.04343032 0.01197205
v -0.33146144 0.03854988 0.01197205
v -0.34735972 0.08388227 0.01197205
v -0.32264854 0.07882499 0.01197205
v -0.33426832 0.12298158 0.01197205
v -0.31014479 0.11780992 0.01197205
v -0.31765746 0.16075723 0.01197205
v -0.29384037 0.15552605 0.01197205
v -0.33795930 -0.00142415 0.92780027
v -0.33658122 0.03941282 0.92779986
v -0.36036510 0.04465048 0.92780047
v -0.36174323 0.00381358 0.92780027
v -0.33036139 0.07918347 0.92780006
v -0.35414519 0.08442115 0.92780017
v -0.31929949 0.11788791 0.92780006
v -0.34308349 0.12312553 0.92780006
v -0.30339592 0.15552595 0.92780027
v -0.32717981 0.16076370 0.92780006
v -0.35700394 0.03954293 0.11373079
v -0.36391740 -0.00609527 0.11373094
v -0.34539461 0.08360141 0.11373076
v -0.32898743 0.12615663 0.11373071
v -0.30753092 0.16728450 0.11373076
v -0.35442762 -0.00424916 0.82604177
v -0.35176172 0.04056271 0.82604156
v -0.34313568 0.08404085 0.82604177
v -0.32839661 0.12627156 0.82604156
v -0.30750502 0.16728954 0.82604156
v -0.33190653 0.17237924 0.11373076
v -0.34464934 0.18035296 0.21548944
v -0.31843213 0.17597911 0.21548954
v -0.35500249 0.18493056 0.31724820
v -0.32675900 0.18138634 0.31724818
v -0.36093419 0.18691092 0.41900688
v -0.33141192 0.18389792 0.41900683
v -0.36093419 0.18691095 0.52076569
v -0.33141084 0.18389801 0.52076569
v -0.35500219 0.18493056 0.62252435
v -0.32675371 0.18138734 0.62252430
v -0.34464558 0.18035369 0.72428296
v -0.31841772 0.17598188 0.72428306
v -0.33188964 0.17238245 0.82604156
v -0.35349141 0.13123432 0.11373076
v -0.36987681 0.08876512 0.11373076
v -0.38161306 0.04476544 0.11373079
v -0.38913442 -0.00096116 0.11373091
v -0.36953869 0.13684931 0.21548949
v -0.38743030 0.09218666 0.21548954
v -0.39945525 0.04587841 0.21548960
v -0.40676081 -0.00258713 0.21548962
v -0.38163079 0.14005141 0.31724818
v -0.39977651 0.09420797 0.31724818
v -0.41112463 0.04663941 0.31724812
v -0.41746889 -0.00347155 0.31724843
v -0.38820636 0.14143477 0.41900688
v -0.40608689 0.09513271 0.41900683
v -0.41658259 0.04707954 0.41900699
v -0.42186422 -0.00372828 0.41900706
v -0.38812175 0.14145121 0.52076574
v -0.40571256 0.09520544 0.52076559
v -0.41567256 0.04725654 0.52076569
v -0.42013313 -0.00339152 0.52076605
v -0.38136617 0.14010285 0.62252430
v -0.39863964 0.09442914 0.62252430
v -0.40838608 0.04717216 0.62252435
v -0.41229247 -0.00246454 0.62252466
v -0.36907038 0.13694035 0.72428306
v -0.38552086 0.09255812 0.72428316
v -0.39493844 0.04675711 0.72428296
v -0.39833980 -0.00094889 0.72428306
v -0.35282077 0.13136485 0.82604166
v -0.36730200 0.08926599 0.82604156
v -0.37566790 0.04592198 0.82604151
v -0.37830263 0.00114602 0.82604177
v -0.38245790 -0.00802922 0.21548962
v -0.39353564 -0.00907160 0.31724848
v -0.39800715 -0.00938593 0.41900714
v -0.39623345 -0.00904077 0.52076605
v -0.38834407 -0.00806165 0.62252471
v -0.37439626 -0.00646094 0.72428331
f 1 2 3
f 1 3 4
f 2 5 6
f 2 6 3
f 5 7 8
f 5 8 6
f 7 1 4
f 7 4 8
f 4 3 9
f 4 9 10
f 3 6 11
f 3 11 9
f 6 8 12
f 6 12 11
f 8 4 10
f 8 10 12
f 10 9 13
f 10 13 14
f 9 11 15
f 9 15 13
f 11 12 16
f 11 16 15
f 12 10 14
f 12 14 16
f 14 13 17
f 14 17 18
f 13 15 19
f 13 19 17
f 15 16 20
f 15 20 19
f 16 14 18
f 16 18 20
f 18 17 21
f 18 21 22
f 17 19 23
f 17 23 21
f 19 20 24
f 19 24 23
f 20 18 22
f 20 22 24
f 22 21 25
f 22 25 26
f 21 23 27
f 21 27 25
f 23 24 28
f 23 28 27
f 24 22 26
f 24 26 28
f 26 25 29
f 26 29 30
f 25 27 31
f 25 31 29
f 27 28 32
f 27 32 31
f 28 26 30
f 28 30 32
f 30 29 33
f 30 33 34
f 29 31 35
f 29 35 33
f 31 32 36
f 31 36 35
f 32 30 34
f 32 34 36
f 34 33 37
f 34 37 38
f 33 35 39
f 33 39 37
f 35 36 40
f 35 40 39
f 36 34 38
f 36 38 40
f 38 37 41
f 38 41 42
f 37 39 43
f 37 43 41
f 39 40 44
f 39 44 43
f 40 38 42
f 40 42 44
f 42 41 45
f 42 45 46
f 41 43 47
f 41 47 45
f 43 44 48
f 43 48 47
f 44 42 46
f 44 46 48
f 46 45 49
f 46 49 50
f 45 47 51
f 45 51 49
f 47 48 52
f 47 52 51
f 48 46 50
f 48 50 52
f 50 49 53
f 50 53 54
f 49 51 55
f 49 55 53
f 51 52 56
f 51 56 55
f 52 50 54
f 52 54 56
f 54 53 57
f 54 57 58
f 53 55 59
f 53 59 57
f 55 56 60
f 55 60 59
f 56 54 58
f 56 58 60
f 58 57 61
f 58 61 62
f 57 59 63
f 57 63 61
f 59 60 64
f 59 64 63
f 60 58 62
f 60 62 64
f 62 61 65
f 62 65 66
f 61 63 67
f 61 67 65
f 63 64 68
f 63 68 67
f 64 62 66
f 64 66 68
f 66 65 69
f 66 69 70
f 65 67 71
f 65 71 69
f 67 68 72
f 67 72 71
f 68 66 70
f 68 70 72
f 70 69 73
f 70 73 74
f 69 71 75
f 69 75 73
f 71 72 76
f 71 76 75
f 72 70 74
f 72 74 76
f 74 73 77
f 74 77 78
f 73 75 79
f 73 79 77
f 75 76 80
f 75 80 79
f 76 74 78
f 76 78 80
f 78 77 2
f 78 2 1
f 77 79 5
f 77 5 2
f 79 80 7
f 79 7 5
f 80 78 1
f 80 1 7
f 81 82 83
f 81 83 84
f 84 83 85
f 84 85 86
f 86 85 87
f 86 87 88
f 88 87 89
f 88 89 90
f 91 92 93
f 91 93 94
f 92 95 96
f 92 96 93
f 95 97 98
f 95 98 96
f 97 99 100
f 97 100 98
f 81 84 101
f 81 101 102
f 84 86 103
f 84 103 101
f 86 88 104
f 86 104 103
f 88 90 105
f 88 105 104
f 106 107 92
f 106 92 91
f 107 108 95
f 107 95 92
f 108 109 97
f 108 97 95
f 109 110 99
f 109 99 97
f 90 89 111
f 90 111 105
f 105 111 112
f 105 112 113
f 113 112 114
f 113 114 115
f 115 114 116
f 115 116 117
f 117 116 118
f 117 118 119
f 119 118 120
f 119 120 121
f 121 120 122
f 121 122 123
f 123 122 124
f 123 124 110
f 110 124 100
f 110 100 99
f 89 87 125
f 89 125 111
f 87 85 126
f 87 126 125
f 85 83 127
f 85 127 126
f 83 82 128
f 83 128 127
f 111 125 129
f 111 129 112
f 125 126 130
f 125 130 129
f 126 127 131
f 126 131 130
f 127 128 132
f 127 132 131
f 112 129 133
f 112 133 114
f 129 130 134
f 129 134 133
f 130 131 135
f 130 135 134
f 131 132 136
f 131 136 135
f 114 133 137
f 114 137 116
f 133 134 138
f 133 138 137
f 134 135 139
f 134 139 138
f 135 136 140
f 135 140 139
f 116 137 141
f 116 141 118
f 137 138 142
f 137 142 141
f 138 139 143
f 138 143 142
f 139 140 144
f 139 144 143
f 118 141 145
f 118 145 120
f 141 142 146
f 141 146 145
f 142 143 147
f 142 147 146
f 143 144 148
f 143 148 147
f 120 145 149
f 120 149 122
f 145 146 150
f 145 150 149
f 146 147 151
f 146 151 150
f 147 148 152
f 147 152 151
f 122 149 153
f 122 153 124
f 149 150 154
f 149 154 153
f 150 151 155
f 150 155 154
f 151 152 156
f 151 156 155
f 124 153 98
f 124 98 100
f 153 154 96
f 153 96 98
f 154 155 93
f 154 93 96
f 155 156 94
f 155 94 93
f 82 81 102
f 82 102 128
f 128 102 157
f 128 157 132
f 132 157 158
f 132 158 136
f 136 158 159
f 136 159 140
f 140 159 160
f 140 160 144
f 144 160 161
f 144 161 148
f 148 161 162
f 148 162 152
f 152 162 106
f 152 106 156
f 156 106 91
f 156 91 94
f 163 164 165
f 163 165 166
f 164 167 168
f 164 168 165
f 167 169 170
f 167 170 168
f 169 171 172
f 169 172 170
f 173 174 175
f 173 175 176
f 176 175 177
f 176 177 178
f 178 177 179
f 178 179 180
f 180 179 181
f 180 181 182
f 163 183 184
f 163 184 164
f 164 184 185
f 164 185 167
f 167 185 186
f 167 186 169
f 169 186 187
f 169 187 171
f 188 173 176
f 188 176 189
f 189 176 178
f 189 178 190
f 190 178 180
f 190 180 191
f 191 180 182
f 191 182 192
f 171 187 193
f 171 193 172
f 187 194 195
f 187 195 193
f 194 196 197
f 194 197 195
f 196 198 199
f 196 199 197
f 198 200 201
f 198 201 199
f 200 202 203
f 200 203 201
f 202 204 205
f 202 205 203
f 204 192 206
f 204 206 205
f 192 182 181
f 192 181 206
f 172 193 207
f 172 207 170
f 170 207 208
f 170 208 168
f 168 208 209
f 168 209 165
f 165 209 210
f 165 210 166
f 193 195 211
f 193 211 207
f 207 211 212
f 207 212 208
f 208 212 213
f 208 213 209
f 209 213 214
f 209 214 210
f 195 197 215
f 195 215 211
f 211 215 216
f 211 216 212
f 212 216 217
f 212 217 213
f 213 217 218
f 213 218 214
f 197 199 219
f 197 219 215
f 215 219 220
f 215 220 216
f 216 220 221
f 216 221 217
f 217 221 222
f 217 222 218
f 199 201 223
f 199 223 219
f 219 223 224
f 219 224 220
f 220 224 225
f 220 225 221
f 221 225 226
f 221 226 222
f 201 203 227
f 201 227 223
f 223 227 228
f 223 228 224
f 224 228 229
f 224 229 225
f 225 229 230
f 225 230 226
f 203 205 231
f 203 231 227
f 227 231 232
f 227 232 228
f 228 232 233
f 228 233 229
f 229 233 234
f 229 234 230
f 205 206 235
f 205 235 231
f 231 235 236
f 231 236 232
f 232 236 237
f 232 237 233
f 233 237 238
f 233 238 234
f 206 181 179
f 206 179 235
f 235 179 177
f 235 177 236
f 236 177 175
f 236 175 237
f 237 175 174
f 237 174 238
f 166 210 183
f 166 183 163
f 210 214 239
f 210 239 183
f 214 218 240
f 214 240 239
f 218 222 241
f 218 241 240
f 222 226 242
f 222 242 241
f 226 230 243
f 226 243 242
f 230 234 244
f 230 244 243
f 234 238 188
f 234 188 244
f 238 174 173
f 238 173 188
f 245 246 247
f 245 247 248
f 246 249 250
f 246 250 247
f 249 251 252
f 249 252 250
f 251 253 254
f 251 254 252
f 255 256 257
f 255 257 258
f 258 257 259
f 258 259 260
f 260 259 261
f 260 261 262
f 262 261 263
f 262 263 264
f 245 265 266
f 245 266 246
f 246 266 267
f 246 267 249
f 249 267 268
f 249 268 251
f 251 268 269
f 251 269 253
f 270 255 258
f 270 258 271
f 271 258 260
f 271 260 272
f 272 260 262
f 272 262 273
f 273 262 264
f 273 264 274
f 253 269 275
f 253 275 254
f 269 276 277
f 269 277 275
f 276 278 279
f 276 279 277
f 278 280 281
f 278 281 279
f 280 282 283
f 280 283 281
f 282 284 285
f 282 285 283
f 284 286 287
f 284 287 285
f 286 274 288
f 286 288 287
f 274 264 263
f 274 263 288
f 254 275 289
f 254 289 252
f 252 289 290
f 252 290 250
f 250 290 291
f 250 291 247
f 247 291 292
f 247 292 248
f 275 277 293
f 275 293 289
f 289 293 294
f 289 294 290
f 290 294 295
f 290 295 291
f 291 295 296
f 291 296 292
f 277 279 297
f 277 297 293
f 293 297 298
f 293 298 294
f 294 298 299
f 294 299 295
f 295 299 300
f 295 300 296
f 279 281 301
f 279 301 297
f 297 301 302
f 297 302 298
f 298 302 303
f 298 303 299
f 299 303 304
f 299 304 300
f 281 283 305
f 281 305 301
f 301 305 306
f 301 306 302
f 302 306 307
f 302 307 303
f 303 307 308
f 303 308 304
f 283 285 309
f 283 309 305
f 305 309 310
f 305 310 306
f 306 310 311
f 306 311 307
f 307 311 312
f 307 312 308
f 285 287 313
f 285 313 309
f 309 313 314
f 309 314 310
f 310 314 315
f 310 315 311
f 311 315 316
f 311 316 312
f 287 288 317
f 287 317 313
f 313 317 318
f 313 318 314
f 314 318 319
f 314 319 315
f 315 319 320
f 315 320 316
f 288 263 261
f 288 261 317
f 317 261 259
f 317 259 318
f 318 259 257
f 318 257 319
f 319 257 256
f 319 256 320
f 248 292 265
f 248 265 245
f 292 296 321
f 292 321 265
f 296 300 322
f 296 322 321
f 300 304 323
f 300 323 322
f 304 308 324
f 304 324 323
f 308 312 325
f 308 325 324
f 312 316 326
f 312 326 325
f 316 320 270
f 316 270 326
f 320 256 255
f 320 255 270
f 327 328 329
f 327 329 330
f 330 329 331
f 330 331 332
f 332 331 333
f 332 333 334
f 334 333 335
f 334 335 336
f 337 338 339
f 337 339 340
f 338 341 342
f 338 342 339
f 341 343 344
f 341 344 342
f 343 345 346
f 343 346 344
f 327 330 347
f 327 347 348
f 330 332 349
f 330 349 347
f 332 334 350
f 332 350 349
f 334 336 351
f 334 351 350
f 352 353 338
f 352 338 337
f 353 354 341
f 353 341 338
f 354 355 343
f 354 343 341
f 355 356 345
f 355 345 343
f 336 335 357
f 336 357 351
f 351 357 358
f 351 358 359
f 359 358 360
f 359 360 361
f 361 360 362
f 361 362 363
f 363 362 364
f 363 364 365
f 365 364 366
f 365 366 367
f 367 366 368
f 367 368 369
f 369 368 370
f 369 370 356
f 356 370 346
f 356 346 345
f 335 333 371
f 335 371 357
f 333 331 372
f 333 372 371
f 331 329 373
f 331 373 372
f 329 328 374
f 329 374 373
f 357 371 375
f 357 375 358
f 371 372 376
f 371 376 375
f 372 373 377
f 372 377 376
f 373 374 378
f 373 378 377
f 358 375 379
f 358 379 360
f 375 376 380
f 375 380 379
f 376 377 381
f 376 381 380
f 377 378 382
f 377 382 381
f 360 379 383
f 360 383 362
f 379 380 384
f 379 384 383
f 380 381 385
f 380 385 384
f 381 382 386
f 381 386 385
f 362 383 387
f 362 387 364
f 383 384 388
f 383 388 387
f 384 385 389
f 384 389 388
f 385 386 390
f 385 390 389
f 364 387 391
f 364 391 366
f 387 388 392
f 387 392 391
f 388 389 393
f 388 393 392
f 389 390 394
f 389 394 393
f 366 391 395
f 366 395 368
f 391 392 396
f 391 396 395
f 392 393 397
f 392 397 396
f 393 394 398
f 393 398 397
f 368 395 399
f 368 399 370
f 395 396 400
f 395 400 399
f 396 397 401
f 396 401 400
f 397 398 402
f 397 402 401
f 370 399 344
f 370 344 346
f 399 400 342
f 399 342 344
f 400 401 339
f 400 339 342
f 401 402 340
f 401 340 339
f 328 327 348
f 328 348 374
f 374 348 403
f 374 403 378
f 378 403 404
f 378 404 382
f 382 404 405
f 382 405 386
f 386 405 406
f 386 406 390
f 390 406 407
f 390 407 394
f 394 407 408
f 394 408 398
f 398 408 352
f 398 352 402
f 402 352 337
f 402 337 340
f 409 410 411
f 409 411 412
f 412 411 413
f 412 413 414
f 414 413 415
f 414 415 416
f 416 415 417
f 416 417 418
f 419 420 421
f 419 421 422
f 420 423 424
f 420 424 421
f 423 425 426
f 423 426 424
f 425 427 428
f 425 428 426
f 409 412 429
f 409 429 430
f 412 414 431
f 412 431 429
f 414 416 432
f 414 432 431
f 416 418 433
f 416 433 432
f 434 435 420
f 434 420 419
f 435 436 423
f 435 423 420
f 436 437 425
f 436 425 423
f 437 438 427
f 437 427 425
f 418 417 439
f 418 439 433
f 433 439 440
f 433 440 441
f 441 440 442
f 441 442 443
f 443 442 444
f 443 444 445
f 445 444 446
f 445 446 447
f 447 446 448
f 447 448 449
f 449 448 450
f 449 450 451
f 451 450 452
f 451 452 438
f 438 452 428
f 438 428 427
f 417 415 453
f 417 453 439
f 415 413 454
f 415 454 453
f 413 411 455
f 413 455 454
f 411 410 456
f 411 456 455
f 439 453 457
f 439 457 440
f 453 454 458
f 453 458 457
f 454 455 459
f 454 459 458
f 455 456 460
f 455 460 459
f 440 457 461
f 440 461 442
f 457 458 462
f 457 462 461
f 458 459 463
f 458 463 462
f 459 460 464
f 459 464 463
f 442 461 465
f 442 465 444
f 461 462 466
f 461 466 465
f 462 463 467
f 462 467 466
f 463 464 468
f 463 468 467
f 444 465 469
f 444 469 446
f 465 466 470
f 465 470 469
f 466 467 471
f 466 471 470
f 467 468 472
f 467 472 471
f 446 469 473
f 446 473 448
f 469 470 474
f 469 474 473
f 470 471 475
f 470 475 474
f 471 472 476
f 471 476 475
f 448 473 477
f 448 477 450
f 473 474 478
f 473 478 477
f 474 475 479
f 474 479 478
f 475 476 480
f 475 480 479
f 450 477 481
f 450 481 452
f 477 478 482
f 477 482 481
f 478 479 483
f 478 483 482
f 479 480 484
f 479 484 483
f 452 481 426
f 452 426 428
f 481 482 424
f 481 424 426
f 482 483 421
f 482 421 424
f 483 484 422
f 483 422 421
f 410 409 430
f 410 430 456
f 456 430 485
f 456 485 460
f 460 485 486
f 460 486 464
f 464 486 487
f 464 487 468
f 468 487 488
f 468 488 472
f 472 488 489
f 472 489 476
f 476 489 490
f 476 490 480
f 480 490 434
f 480 434 484
f 484 434 419
f 484 419 422
f 491 492 493
f 491 493 494
f 492 495 496
f 492 496 493
f 495 497 498
f 495 498 496
f 497 499 500
f 497 500 498
f 501 502 503
f 501 503 504
f 504 503 505
f 504 505 506
f 506 505 507
f 506 507 508
f 508 507 509
f 508 509 510
f 491 511 512
f 491 512 492
f 492 512 513
f 492 513 495
f 495 513 514
f 495 514 497
f 497 514 515
f 497 515 499
f 516 501 504
f 516 504 517
f 517 504 506
f 517 506 518
f 518 506 508
f 518 508 519
f 519 508 510
f 519 510 520
f 499 515 521
f 499 521 500
f 515 522 523
f 515 523 521
f 522 524 525
f 522 525 523
f 524 526 527
f 524 527 525
f 526 528 529
f 526 529 527
f 528 530 531
f 528 531 529
f 530 532 533
f 530 533 531
f 532 520 534
f 532 534 533
f 520 510 509
f 520 509 534
f 500 521 535
f 500 535 498
f 498 535 536
f 498 536 496
f 496 536 537
f 496 537 493
f 493 537 538
f 493 538 494
f 521 523 539
f 521 539 535
f 535 539 540
f 535 540 536
f 536 540 541
f 536 541 537
f 537 541 542
f 537 542 538
f 523 525 543
f 523 543 539
f 539 543 544
f 539 544 540
f 540 544 545
f 540 545 541
f 541 545 546
f 541 546 542
f 525 527 547
f 525 547 543
f 543 547 548
f 543 548 544
f 544 548 549
f 544 549 545
f 545 549 550
f 545 550 546
f 527 529 551
f 527 551 547
f 547 551 552
f 547 552 548
f 548 552 553
f 548 553 549
f 549 553 554
f 549 554 550
f 529 531 555
f 529 555 551
f 551 555 556
f 551 556 552
f 552 556 557
f 552 557 553
f 553 557 558
f 553 558 554
f 531 533 559
f 531 559 555
f 555 559 560
f 555 560 556
f 556 560 561
f 556 561 557
f 557 561 562
f 557 562 558
f 533 534 563
f 533 563 559
f 559 563 564
f 559 564 560
f 560 564 565
f 560 565 561
f 561 565 566
f 561 566 562
f 534 509 507
f 534 507 563
f 563 507 505
f 563 505 564
f 564 505 503
f 564 503 565
f 565 503 502
f 565 502 566
f 494 538 511
f 494 511 491
f 538 542 567
f 538 567 511
f 542 546 568
f 542 568 567
f 546 550 569
f 546 569 568
f 550 554 570
f 550 570 569
f 554 558 571
f 554 571 570
f 558 562 572
f 558 572 571
f 562 566 516
f 562 516 572
f 566 502 501
f 566 501 516
f 573 574 575
f 573 575 576
f 576 575 577
f 576 577 578
f 578 577 579
f 578 579 580
f 580 579 581
f 580 581 582
f 583 584 585
f 583 585 586
f 584 587 588
f 584 588 585
f 587 589 590
f 587 590 588
f 589 591 592
f 589 592 590
f 573 576 593
f 573 593 594
f 576 578 595
f 576 595 593
f 578 580 596
f 578 596 595
f 580 582 597
f 580 597 596
f 598 599 584
f 598 584 583
f 599 600 587
f 599 587 584
f 600 601 589
f 600 589 587
f 601 602 591
f 601 591 589
f 582 581 603
f 582 603 597
f 597 603 604
f 597 604 605
f 605 604 606
f 605 606 607
f 607 606 608
f 607 608 609
f 609 608 610
f 609 610 611
f 611 610 612
f 611 612 613
f 613 612 614
f 613 614 615
f 615 614 616
f 615 616 602
f 602 616 592
f 602 592 591
f 581 579 617
f 581 617 603
f 579 577 618
f 579 618 617
f 577 575 619
f 577 619 618
f 575 574 620
f 575 620 619
f 603 617 621
f 603 621 604
f 617 618 622
f 617 622 621
f 618 619 623
f 618 623 622
f 619 620 624
f 619 624 623
f 604 621 625
f 604 625 606
f 621 622 626
f 621 626 625
f 622 623 627
f 622 627 626
f 623 624 628
f 623 628 627
f 606 625 629
f 606 629 608
f 625 626 630
f 625 630 629
f 626 627 631
f 626 631 630
f 627 628 632
f 627 632 631
f 608 629 633
f 608 633 610
f 629 630 634
f 629 634 633
f 630 631 635
f 630 635 634
f 631 632 636
f 631 636 635
f 610 633 637
f 610 637 612
f 633 634 638
f 633 638 637
f 634 635 639
f 634 639 638
f 635 636 640
f 635 640 639
f 612 637 641
f 612 641 614
f 637 638 642
f 637 642 641
f 638 639 643
f 638 643 642
f 639 640 644
f 639 644 643
f 614 641 645
f 614 645 616
f 641 642 646
f 641 646 645
f 642 643 647
f 642 647 646
f 643 644 648
f 643 648 647
f 616 645 590
f 616 590 592
f 645 646 588
f 645 588 590
f 646 647 585
f 646 585 588
f 647 648 586
f 647 586 585
f 574 573 594
f 574 594 620
f 620 594 649
f 620 649 624
f 624 649 650
f 624 650 628
f 628 650 651
f 628 651 632
f 632 651 652
f 632 652 636
f 636 652 653
f 636 653 640
f 640 653 654
f 640 654 644
f 644 654 598
f 644 598 648
f 648 598 583
f 648 583 586
f 655 656 657
f 655 657 658
f 656 659 660
f 656 660 657
f 659 661 662
f 659 662 660
f 661 663 664
f 661 664 662
f 665 666 667
f 665 667 668
f 668 667 669
f 668 669 670
f 670 669 671
f 670 671 672
f 672 671 673
f 672 673 674
f 655 675 676
f 655 676 656
f 656 676 677
f 656 677 659
f 659 677 678
f 659 678 661
f 661 678 679
f 661 679 663
f 680 665 668
f 680 668 681
f 681 668 670
f 681 670 682
f 682 670 672
f 682 672 683
f 683 672 674
f 683 674 684
f 663 679 685
f 663 685 664
f 679 686 687
f 679 687 685
f 686 688 689
f 686 689 687
f 688 690 691
f 688 691 689
f 690 692 693
f 690 693 691
f 692 694 695
f 692 695 693
f 694 696 697
f 694 697 695
f 696 684 698
f 696 698 697
f 684 674 673
f 684 673 698
f 664 685 699
f 664 699 662
f 662 699 700
f 662 700 660
f 660 700 701
f 660 701 657
f 657 701 702
f 657 702 658
f 685 687 703
f 685 703 699
f 699 703 704
f 699 704 700
f 700 704 705
f 700 705 701
f 701 705 706
f 701 706 702
f 687 689 707
f 687 707 703
f 703 707 708
f 703 708 704
f 704 708 709
f 704 709 705
f 705 709 710
f 705 710 706
f 689 691 711
f 689 711 707
f 707 711 712
f 707 712 708
f 708 712 713
f 708 713 709
f 709 713 714
f 709 714 710
f 691 693 715
f 691 715 711
f 711 715 716
f 711 716 712
f 712 716 717
f 712 717 713
f 713 717 718
f 713 718 714
f 693 695 719
f 693 719 715
f 715 719 720
f 715 720 716
f 716 720 721
f 716 721 717
f 717 721 722
f 717 722 718
f 695 697 723
f 695 723 719
f 719 723 724
f 719 724 720
f 720 724 725
f 720 725 721
f 721 725 726
f 721 726 722
f 697 698 727
f 697 727 723
f 723 727 728
f 723 728 724
f 724 728 729
f 724 729 725
f 725 729 730
f 725 730 726
f 698 673 671
f 698 671 727
f 727 671 669
f 727 669 728
f 728 669 667
f 728 667 729
f 729 667 666
f 729 666 730
f 658 702 675
f 658 675 655
f 702 706 731
f 702 731 675
f 706 710 732
f 706 732 731
f 710 714 733
f 710 733 732
f 714 718 734
f 714 734 733
f 718 722 735
f 718 735 734
f 722 726 736
f 722 736 735
f 726 730 680
f 726 680 736
f 730 666 665
f 730 665 680
f 737 738 739
f 737 739 740
f 738 741 742
f 738 742 739
f 741 743 744
f 741 744 742
f 743 745 746
f 743 746 744
f 747 748 749
f 747 749 750
f 750 749 751
f 750 751 752
f 752 751 753
f 752 753 754
f 754 753 755
f 754 755 756
f 737 757 758
f 737 758 738
f 738 758 759
f 738 759 741
f 741 759 760
f 741 760 743
f 743 760 761
f 743 761 745
f 762 747 750
f 762 750 763
f 763 750 752
f 763 752 764
f 764 752 754
f 764 754 765
f 765 754 756
f 765 756 766
f 745 761 767
f 745 767 746
f 761 768 769
f 761 769 767
f 768 770 771
f 768 771 769
f 770 772 773
f 770 773 771
f 772 774 775
f 772 775 773
f 774 776 777
f 774 777 775
f 776 778 779
f 776 779 777
f 778 766 780
f 778 780 779
f 766 756 755
f 766 755 780
f 746 767 781
f 746 781 744
f 744 781 782
f 744 782 742
f 742 782 783
f 742 783 739
f 739 783 784
f 739 784 740
f 767 769 785
f 767 785 781
f 781 785 786
f 781 786 782
f 782 786 787
f 782 787 783
f 783 787 788
f 783 788 784
f 769 771 789
f 769 789 785
f 785 789 790
f 785 790 786
f 786 790 791
f 786 791 787
f 787 791 792
f 787 792 788
f 771 773 793
f 771 793 789
f 789 793 794
f 789 794 790
f 790 794 795
f 790 795 791
f 791 795 796
f 791 796 792
f 773 775 797
f 773 797 793
f 793 797 798
f 793 798 794
f 794 798 799
f 794 799 795
f 795 799 800
f 795 800 796
f 775 777 801
f 775 801 797
f 797 801 802
f 797 802 798
f 798 802 803
f 798 803 799
f 799 803 804
f 799 804 800
f 777 779 805
f 777 805 801
f 801 805 806
f 801 806 802
f 802 806 807
f 802 807 803
f 803 807 808
f 803 808 804
f 779 780 809
f 779 809 805
f 805 809 810
f 805 810 806
f 806 810 811
f 806 811 807
f 807 811 812
f 807 812 808
f 780 755 753
f 780 753 809
f 809 753 751
f 809 751 810
f 810 751 749
f 810 749 811
f 811 749 748
f 811 748 812
f 740 784 757
f 740 757 737
f 784 788 813
f 784 813 757
f 788 792 814
f 788 814 813
f 792 796 815
f 792 815 814
f 796 800 816
f 796 816 815
f 800 804 817
f 800 817 816
f 804 808 818
f 804 818 817
f 808 812 762
f 808 762 818
f 812 748 747
f 812 747 762
f 819 820 821
f 819 821 822
f 822 821 823
f 822 823 824
f 824 823 825
f 824 825 826
f 826 825 827
f 826 827 828
f 829 830 831
f 829 831 832
f 830 833 834
f 830 834 831
f 833 835 836
f 833 836 834
f 835 837 838
f 835 838 836
f 819 822 839
f 819 839 840
f 822 824 841
f 822 841 839
f 824 826 842
f 824 842 841
f 826 828 843
f 826 843 842
f 844 845 830
f 844 830 829
f 845 846 833
f 845 833 830
f 846 847 835
f 846 835 833
f 847 848 837
f 847 837 835
f 828 827 849
f 828 849 843
f 843 849 850
f 843 850 851
f 851 850 852
f 851 852 853
f 853 852 854
f 853 854 855
f 855 854 856
f 855 856 857
f 857 856 858
f 857 858 859
f 859 858 860
f 859 860 861
f 861 860 862
f 861 862 848
f 848 862 838
f 848 838 837
f 827 825 863
f 827 863 849
f 825 823 864
f 825 864 863
f 823 821 865
f 823 865 864
f 821 820 866
f 821 866 865
f 849 863 867
f 849 867 850
f 863 864 868
f 863 868 867
f 864 865 869
f 864 869 868
f 865 866 870
f 865 870 869
f 850 867 871
f 850 871 852
f 867 868 872
f 867 872 871
f 868 869 873
f 868 873 872
f 869 870 874
f 869 874 873
f 852 871 875
f 852 875 854
f 871 872 876
f 871 876 875
f 872 873 877
f 872 877 876
f 873 874 878
f 873 878 877
f 854 875 879
f 854 879 856
f 875 876 880
f 875 880 879
f 876 877 881
f 876 881 880
f 877 878 882
f 877 882 881
f 856 879 883
f 856 883 858
f 879 880 884
f 879 884 883
f 880 881 885
f 880 885 884
f 881 882 886
f 881 886 885
f 858 883 887
f 858 887 860
f 883 884 888
f 883 888 887
f 884 885 889
f 884 889 888
f 885 886 890
f 885 890 889
f 860 887 891
f 860 891 862
f 887 888 892
f 887 892 891
f 888 889 893
f 888 893 892
f 889 890 894
f 889 894 893
f 862 891 836
f 862 836 838
f 891 892 834
f 891 834 836
f 892 893 831
f 892 831 834
f 893 894 832
f 893 832 831
f 820 819 840
f 820 840 866
f 866 840 895
f 866 895 870
f 870 895 896
f 870 896 874
f 874 896 897
f 874 897 878
f 878 897 898
f 878 898 882
f 882 898 899
f 882 899 886
f 886 899 900
f 886 900 890
f 890 900 844
f 890 844 894
f 894 844 829
f 894 829 832
f 901 902 903
f 901 903 904
f 904 903 905
f 904 905 906
f 906 905 907
f 906 907 908
f 908 907 909
f 908 909 910
f 911 912 913
f 911 913 914
f 912 915 916
f 912 916 913
f 915 917 918
f 915 918 916
f 917 919 920
f 917 920 918
f 901 904 921
f 901 921 922
f 904 906 923
f 904 923 921
f 906 908 924
f 906 924 923
f 908 910 925
f 908 925 924
f 926 927 912
f 926 912 911
f 927 928 915
f 927 915 912
f 928 929 917
f 928 917 915
f 929 930 919
f 929 919 917
f 910 909 931
f 910 931 925
f 925 931 932
f 925 932 933
f 933 932 934
f 933 934 935
f 935 934 936
f 935 936 937
f 937 936 938
f 937 938 939
f 939 938 940
f 939 940 941
f 941 940 942
f 941 942 943
f 943 942 944
f 943 944 930
f 930 944 920
f 930 920 919
f 909 907 945
f 909 945 931
f 907 905 946
f 907 946 945
f 905 903 947
f 905 947 946
f 903 902 948
f 903 948 947
f 931 945 949
f 931 949 932
f 945 946 950
f 945 950 949
f 946 947 951
f 946 951 950
f 947 948 952
f 947 952 951
f 932 949 953
f 932 953 934
f 949 950 954
f 949 954 953
f 950 951 955
f 950 955 954
f 951 952 956
f 951 956 955
f 934 953 957
f 934 957 936
f 953 954 958
f 953 958 957
f 954 955 959
f 954 959 958
f 955 956 960
f 955 960 959
f 936 957 961
f 936 961 938
f 957 958 962
f 957 962 961
f 958 959 963
f 958 963 962
f 959 960 964
f 959 964 963
f 938 961 965
f 938 965 940
f 961 962 966
f 961 966 965
f 962 963 967
f 962 967 966
f 963 964 968
f 963 968 967
f 940 965 969
f 940 969 942
f 965 966 970
f 965 970 969
f 966 967 971
f 966 971 970
f 967 968 972
f 967 972 971
f 942 969 973
f 942 973 944
f 969 970 974
f 969 974 973
f 970 971 975
f 970 975 974
f 971 972 976
f 971 976 975
f 944 973 918
f 944 918 920
f 973 974 916
f 973 916 918
f 974 975 913
f 974 913 916
f 975 976 914
f 975 914 913
f 902 901 922
f 902 922 948
f 948 922 977
f 948 977 952
f 952 977 978
f 952 978 956
f 956 978 979
f 956 979 960
f 960 979 980
f 960 980 964
f 964 980 981
f 964 981 968
f 968 981 982
f 968 982 972
f 972 982 926
f 972 926 976
f 976 926 911
f 976 911 914
f 983 984 985
f 983 985 986
f 984 987 988
f 984 988 985
f 987 989 990
f 987 990 988
f 989 991 992
f 989 992 990
f 993 994 995
f 993 995 996
f 996 995 997
f 996 997 998
f 998 997 999
f 998 999 1000
f 1000 999 1001
f 1000 1001 1002
f 983 1003 1004
f 983 1004 984
f 984 1004 1005
f 984 1005 987
f 987 1005 1006
f 987 1006 989
f 989 1006 1007
f 989 1007 991
f 1008 993 996
f 1008 996 1009
f 1009 996 998
f 1009 998 1010
f 1010 998 1000
f 1010 1000 1011
f 1011 1000 1002
f 1011 1002 1012
f 991 1007 1013
f 991 1013 992
f 1007 1014 1015
f 1007 1015 1013
f 1014 1016 1017
f 1014 1017 1015
f 1016 1018 1019
f 1016 1019 1017
f 1018 1020 1021
f 1018 1021 1019
f 1020 1022 1023
f 1020 1023 1021
f 1022 1024 1025
f 1022 1025 1023
f 1024 1012 1026
f 1024 1026 1025
f 1012 1002 1001
f 1012 1001 1026
f 992 1013 1027
f 992 1027 990
f 990 1027 1028
f 990 1028 988
f 988 1028 1029
f 988 1029 985
f 985 1029 1030
f 985 1030 986
f 1013 1015 1031
f 1013 1031 1027
f 1027 1031 1032
f 1027 1032 1028
f 1028 1032 1033
f 1028 1033 1029
f 1029 1033 1034
f 1029 1034 1030
f 1015 1017 1035
f 1015 1035 1031
f 1031 1035 1036
f 1031 1036 1032
f 1032 1036 1037
f 1032 1037 1033
f 1033 1037 1038
f 1033 1038 1034
f 1017 1019 1039
f 1017 1039 1035
f 1035 1039 1040
f 1035 1040 1036
f 1036 1040 1041
f 1036 1041 1037
f 1037 1041 1042
f 1037 1042 1038
f 1019 1021 1043
f 1019 1043 1039
f 1039 1043 1044
f 1039 1044 1040
f 1040 1044 1045
f 1040 1045 1041
f 1041 1045 1046
f 1041 1046 1042
f 1021 1023 1047
f 1021 1047 1043
f 1043 1047 1048
f 1043 1048 1044
f 1044 1048 1049
f 1044 1049 1045
f 1045 1049 1050
f 1045 1050 1046
f 1023 1025 1051
f 1023 1051 1047
f 1047 1051 1052
f 1047 1052 1048
f 1048 1052 1053
f 1048 1053 1049
f 1049 1053 1054
f 1049 1054 1050
f 1025 1026 1055
f 1025 1055 1051
f 1051 1055 1056
f 1051 1056 1052
f 1052 1056 1057
f 1052 1057 1053
f 1053 1057 1058
f 1053 1058 1054
f 1026 1001 999
f 1026 999 1055
f 1055 999 997
f 1055 997 1056
f 1056 997 995
f 1056 995 1057
f 1057 995 994
f 1057 994 1058
f 986 1030 1003
f 986 1003 983
f 1030 1034 1059
f 1030 1059 1003
f 1034 1038 1060
f 1034 1060 1059
f 1038 1042 1061
f 1038 1061 1060
f 1042 1046 1062
f 1042 1062 1061
f 1046 1050 1063
f 1046 1063 1062
f 1050 1054 1064
f 1050 1064 1063
f 1054 1058 1008
f 1054 1008 1064
f 1058 994 993
f 1058 993 1008
f 1065 1066 1067
f 1065 1067 1068
f 1066 1069 1070
f 1066 1070 1067
f 1069 1071 1072
f 1069 1072 1070
f 1071 1065 1068
f 1071 1068 1072
f 1068 1067 1073
f 1068 1073 1074
f 1067 1070 1075
f 1067 1075 1073
f 1070 1072 1076
f 1070 1076 1075
f 1072 1068 1074
f 1072 1074 1076
f 1074 1073 1077
f 1074 1077 1078
f 1073 1075 1079
f 1073 1079 1077
f 1075 1076 1080
f 1075 1080 1079
f 1076 1074 1078
f 1076 1078 1080
f 1078 1077 1081
f 1078 1081 1082
f 1077 1079 1083
f 1077 1083 1081
f 1079 1080 1084
f 1079 1084 1083
f 1080 1078 1082
f 1080 1082 1084
f 1082 1081 1085
f 1082 1085 1086
f 1081 1083 1087
f 1081 1087 1085
f 1083 1084 1088
f 1083 1088 1087
f 1084 1082 1086
f 1084 1086 1088
f 1086 1085 1089
f 1086 1089 1090
f 1085 1087 1091
f 1085 1091 1089
f 1087 1088 1092
f 1087 1092 1091
f 1088 1086 1090
f 1088 1090 1092
f 1090 1089 1093
f 1090 1093 1094
f 1089 1091 1095
f 1089 1095 1093
f 1091 1092 1096
f 1091 1096 1095
f 1092 1090 1094
f 1092 1094 1096
f 1094 1093 1097
f 1094 1097 1098
f 1093 1095 1099
f 1093 1099 1097
f 1095 1096 1100
f 1095 1100 1099
f 1096 1094 1098
f 1096 1098 1100
f 1098 1097 1101
f 1098 1101 1102
f 1097 1099 1103
f 1097 1103 1101
f 1099 1100 1104
f 1099 1104 1103
f 1100 1098 1102
f 1100 1102 1104
f 1102 1101 1105
f 1102 1105 1106
f 1101 1103 1107
f 1101 1107 1105
f 1103 1104 1108
f 1103 1108 1107
f 1104 1102 1106
f 1104 1106 1108
f 1106 1105 1109
f 1106 1109 1110
f 1105 1107 1111
f 1105 1111 1109
f 1107 1108 1112
f 1107 1112 1111
f 1108 1106 1110
f 1108 1110 1112
f 1110 1109 1113
f 1110 1113 1114
f 1109 1111 1115
f 1109 1115 1113
f 1111 1112 1116
f 1111 1116 1115
f 1112 1110 1114
f 1112 1114 1116
f 1114 1113 1117
f 1114 1117 1118
f 1113 1115 1119
f 1113 1119 1117
f 1115 1116 1120
f 1115 1120 1119
f 1116 1114 1118
f 1116 1118 1120
f 1118 1117 1121
f 1118 1121 1122
f 1117 1119 1123
f 1117 1123 1121
f 1119 1120 1124
f 1119 1124 1123
f 1120 1118 1122
f 1120 1122 1124
f 1122 1121 1125
f 1122 1125 1126
f 1121 1123 1127
f 1121 1127 1125
f 1123 1124 1128
f 1123 1128 1127
f 1124 1122 1126
f 1124 1126 1128
f 1126 1125 1129
f 1126 1129 1130
f 1125 1127 1131
f 1125 1131 1129
f 1127 1128 1132
f 1127 1132 1131
f 1128 1126 1130
f 1128 1130 1132
f 1130 1129 1133
f 1130 1133 1134
f 1129 1131 1135
f 1129 1135 1133
f 1131 1132 1136
f 1131 1136 1135
f 1132 1130 1134
f 1132 1134 1136
f 1134 1133 1137
f 1134 1137 1138
f 1133 1135 1139
f 1133 1139 1137
f 1135 1136 1140
f 1135 1140 1139
f 1136 1134 1138
f 1136 1138 1140
f 1138 1137 1141
f 1138 1141 1142
f 1137 1139 1143
f 1137 1143 1141
f 1139 1140 1144
f 1139 1144 1143
f 1140 1138 1142
f 1140 1142 1144
f 1142 1141 1066
f 1142 1066 1065
f 1141 1143 1069
f 1141 1069 1066
f 1143 1144 1071
f 1143 1071 1069
f 1144 1142 1065
f 1144 1065 1071
f 1145 1146 1147
f 1145 1147 1148
f 1146 1149 1150
f 1146 1150 1147
f 1149 1151 1152
f 1149 1152 1150
f 1151 1145 1148
f 1151 1148 1152
f 1148 1147 1153
f 1148 1153 1154
f 1147 1150 1155
f 1147 1155 1153
f 1150 1152 1156
f 1150 1156 1155
f 1152 1148 1154
f 1152 1154 1156
f 1154 1153 1157
f 1154 1157 1158
f 1153 1155 1159
f 1153 1159 1157
f 1155 1156 1160
f 1155 1160 1159
f 1156 1154 1158
f 1156 1158 1160
f 1158 1157 1161
f 1158 1161 1162
f 1157 1159 1163
f 1157 1163 1161
f 1159 1160 1164
f 1159 1164 1163
f 1160 1158 1162
f 1160 1162 1164
f 1162 1161 1165
f 1162 1165 1166
f 1161 1163 1167
f 1161 1167 1165
f 1163 1164 1168
f 1163 1168 1167
f 1164 1162 1166
f 1164 1166 1168
f 1166 1165 1169
f 1166 1169 1170
f 1165 1167 1171
f 1165 1171 1169
f 1167 1168 1172
f 1167 1172 1171
f 1168 1166 1170
f 1168 1170 1172
f 1170 1169 1173
f 1170 1173 1174
f 1169 1171 1175
f 1169 1175 1173
f 1171 1172 1176
f 1171 1176 1175
f 1172 1170 1174
f 1172 1174 1176
f 1174 1173 1177
f 1174 1177 1178
f 1173 1175 1179
f 1173 1179 1177
f 1175 1176 1180
f 1175 1180 1179
f 1176 1174 1178
f 1176 1178 1180
f 1178 1177 1181
f 1178 1181 1182
f 1177 1179 1183
f 1177 1183 1181
f 1179 1180 1184
f 1179 1184 1183
f 1180 1178 1182
f 1180 1182 1184
f 1182 1181 1185
f 1182 1185 1186
f 1181 1183 1187
f 1181 1187 1185
f 1183 1184 1188
f 1183 1188 1187
f 1184 1182 1186
f 1184 1186 1188
f 1186 1185 1189
f 1186 1189 1190
f 1185 1187 1191
f 1185 1191 1189
f 1187 1188 1192
f 1187 1192 1191
f 1188 1186 1190
f 1188 1190 1192
f 1190 1189 1193
f 1190 1193 1194
f 1189 1191 1195
f 1189 1195 1193
f 1191 1192 1196
f 1191 1196 1195
f 1192 1190 1194
f 1192 1194 1196
f 1194 1193 1197
f 1194 1197 1198
f 1193 1195 1199
f 1193 1199 1197
f 1195 1196 1200
f 1195 1200 1199
f 1196 1194 1198
f 1196 1198 1200
f 1198 1197 1201
f 1198 1201 1202
f 1197 1199 1203
f 1197 1203 1201
f 1199 1200 1204
f 1199 1204 1203
f 1200 1198 1202
f 1200 1202 1204
f 1202 1201 1205
f 1202 1205 1206
f 1201 1203 1207
f 1201 1207 1205
f 1203 1204 1208
f 1203 1208 1207
f 1204 1202 1206
f 1204 1206 1208
f 1206 1205 1209
f 1206 1209 1210
f 1205 1207 1211
f 1205 1211 1209
f 1207 1208 1212
f 1207 1212 1211
f 1208 1206 1210
f 1208 1210 1212
f 1210 1209 1213
f 1210 1213 1214
f 1209 1211 1215
f 1209 1215 1213
f 1211 1212 1216
f 1211 1216 1215
f 1212 1210 1214
f 1212 1214 1216
f 1214 1213 1217
f 1214 1217 1218
f 1213 1215 1219
f 1213 1219 1217
f 1215 1216 1220
f 1215 1220 1219
f 1216 1214 1218
f 1216 1218 1220
f 1218 1217 1221
f 1218 1221 1222
f 1217 1219 1223
f 1217 1223 1221
f 1219 1220 1224
f 1219 1224 1223
f 1220 1218 1222
f 1220 1222 1224
f 1222 1221 1146
f 1222 1146 1145
f 1221 1223 1149
f 1221 1149 1146
f 1223 1224 1151
f 1223 1151 1149
f 1224 1222 1145
f 1224 1145 1151
f 1225 1226 1227
f 1225 1227 1228
f 1226 1229 1230
f 1226 1230 1227
f 1229 1231 1232
f 1229 1232 1230
f 1231 1225 1228
f 1231 1228 1232
f 1228 1227 1233
f 1228 1233 1234
f 1227 1230 1235
f 1227 1235 1233
f 1230 1232 1236
f 1230 1236 1235
f 1232 1228 1234
f 1232 1234 1236
f 1234 1233 1237
f 1234 1237 1238
f 1233 1235 1239
f 1233 1239 1237
f 1235 1236 1240
f 1235 1240 1239
f 1236 1234 1238
f 1236 1238 1240
f 1238 1237 1241
f 1238 1241 1242
f 1237 1239 1243
f 1237 1243 1241
f 1239 1240 1244
f 1239 1244 1243
f 1240 1238 1242
f 1240 1242 1244
f 1242 1241 1245
f 1242 1245 1246
f 1241 1243 1247
f 1241 1247 1245
f 1243 1244 1248
f 1243 1248 1247
f 1244 1242 1246
f 1244 1246 1248
f 1246 1245 1249
f 1246 1249 1250
f 1245 1247 1251
f 1245 1251 1249
f 1247 1248 1252
f 1247 1252 1251
f 1248 1246 1250
f 1248 1250 1252
f 1250 1249 1253
f 1250 1253 1254
f 1249 1251 1255
f 1249 1255 1253
f 1251 1252 1256
f 1251 1256 1255
f 1252 1250 1254
f 1252 1254 1256
f 1254 1253 1257
f 1254 1257 1258
f 1253 1255 1259
f 1253 1259 1257
f 1255 1256 1260
f 1255 1260 1259
f 1256 1254 1258
f 1256 1258 1260
f 1258 1257 1261
f 1258 1261 1262
f 1257 1259 1263
f 1257 1263 1261
f 1259 1260 1264
f 1259 1264 1263
f 1260 1258 1262
f 1260 1262 1264
f 1262 1261 1265
f 1262 1265 1266
f 1261 1263 1267
f 1261 1267 1265
f 1263 1264 1268
f 1263 1268 1267
f 1264 1262 1266
f 1264 1266 1268
f 1266 1265 1269
f 1266 1269 1270
f 1265 1267 1271
f 1265 1271 1269
f 1267 1268 1272
f 1267 1272 1271
f 1268 1266 1270
f 1268 1270 1272
f 1270 1269 1273
f 1270 1273 1274
f 1269 1271 1275
f 1269 1275 1273
f 1271 1272 1276
f 1271 1276 1275
f 1272 1270 1274
f 1272 1274 1276
f 1274 1273 1277
f 1274 1277 1278
f 1273 1275 1279
f 1273 1279 1277
f 1275 1276 1280
f 1275 1280 1279
f 1276 1274 1278
f 1276 1278 1280
f 1278 1277 1281
f 1278 1281 1282
f 1277 1279 1283
f 1277 1283 1281
f 1279 1280 1284
f 1279 1284 1283
f 1280 1278 1282
f 1280 1282 1284
f 1282 1281 1285
f 1282 1285 1286
f 1281 1283 1287
f 1281 1287 1285
f 1283 1284 1288
f 1283 1288 1287
f 1284 1282 1286
f 1284 1286 1288
f 1286 1285 1289
f 1286 1289 1290
f 1285 1287 1291
f 1285 1291 1289
f 1287 1288 1292
f 1287 1292 1291
f 1288 1286 1290
f 1288 1290 1292
f 1290 1289 1293
f 1290 1293 1294
f 1289 1291 1295
f 1289 1295 1293
f 1291 1292 1296
f 1291 1296 1295
f 1292 1290 1294
f 1292 1294 1296
f 1294 1293 1297
f 1294 1297 1298
f 1293 1295 1299
f 1293 1299 1297
f 1295 1296 1300
f 1295 1300 1299
f 1296 1294 1298
f 1296 1298 1300
f 1298 1297 1301
f 1298 1301 1302
f 1297 1299 1303
f 1297 1303 1301
f 1299 1300 1304
f 1299 1304 1303
f 1300 1298 1302
f 1300 1302 1304
f 1302 1301 1226
f 1302 1226 1225
f 1301 1303 1229
f 1301 1229 1226
f 1303 1304 1231
f 1303 1231 1229
f 1304 1302 1225
f 1304 1225 1231
f 1305 1306 1307
f 1305 1307 1308
f 1306 1309 1310
f 1306 1310 1307
f 1309 1311 1312
f 1309 1312 1310
f 1311 1305 1308
f 1311 1308 1312
f 1308 1307 1313
f 1308 1313 1314
f 1307 1310 1315
f 1307 1315 1313
f 1310 1312 1316
f 1310 1316 1315
f 1312 1308 1314
f 1312 1314 1316
f 1314 1313 1317
f 1314 1317 1318
f 1313 1315 1319
f 1313 1319 1317
f 1315 1316 1320
f 1315 1320 1319
f 1316 1314 1318
f 1316 1318 1320
f 1318 1317 1321
f 1318 1321 1322
f 1317 1319 1323
f 1317 1323 1321
f 1319 1320 1324
f 1319 1324 1323
f 1320 1318 1322
f 1320 1322 1324
f 1322 1321 1325
f 1322 1325 1326
f 1321 1323 1327
f 1321 1327 1325
f 1323 1324 1328
f 1323 1328 1327
f 1324 1322 1326
f 1324 1326 1328
f 1326 1325 1329
f 1326 1329 1330
f 1325 1327 1331
f 1325 1331 1329
f 1327 1328 1332
f 1327 1332 1331
f 1328 1326 1330
f 1328 1330 1332
f 1330 1329 1333
f 1330 1333 1334
f 1329 1331 1335
f 1329 1335 1333
f 1331 1332 1336
f 1331 1336 1335
f 1332 1330 1334
f 1332 1334 1336
f 1334 1333 1337
f 1334 1337 1338
f 1333 1335 1339
f 1333 1339 1337
f 1335 1336 1340
f 1335 1340 1339
f 1336 1334 1338
f 1336 1338 1340
f 1338 1337 1341
f 1338 1341 1342
f 1337 1339 1343
f 1337 1343 1341
f 1339 1340 1344
f 1339 1344 1343
f 1340 1338 1342
f 1340 1342 1344
f 1342 1341 1345
f 1342 1345 1346
f 1341 1343 1347
f 1341 1347 1345
f 1343 1344 1348
f 1343 1348 1347
f 1344 1342 1346
f 1344 1346 1348
f 1346 1345 1349
f 1346 1349 1350
f 1345 1347 1351
f 1345 1351 1349
f 1347 1348 1352
f 1347 1352 1351
f 1348 1346 1350
f 1348 1350 1352
f 1350 1349 1353
f 1350 1353 1354
f 1349 1351 1355
f 1349 1355 1353
f 1351 1352 1356
f 1351 1356 1355
f 1352 1350 1354
f 1352 1354 1356
f 1354 1353 1357
f 1354 1357 1358
f 1353 1355 1359
f 1353 1359 1357
f 1355 1356 1360
f 1355 1360 1359
f 1356 1354 1358
f 1356 1358 1360
f 1358 1357 1361
f 1358 1361 1362
f 1357 1359 1363
f 1357 1363 1361
f 1359 1360 1364
f 1359 1364 1363
f 1360 1358 1362
f 1360 1362 1364
f 1362 1361 1365
f 1362 1365 1366
f 1361 1363 1367
f 1361 1367 1365
f 1363 1364 1368
f 1363 1368 1367
f 1364 1362 1366
f 1364 1366 1368
f 1366 1365 1369
f 1366 1369 1370
f 1365 1367 1371
f 1365 1371 1369
f 1367 1368 1372
f 1367 1372 1371
f 1368 1366 1370
f 1368 1370 1372
f 1370 1369 1373
f 1370 1373 1374
f 1369 1371 1375
f 1369 1375 1373
f 1371 1372 1376
f 1371 1376 1375
f 1372 1370 1374
f 1372 1374 1376
f 1374 1373 1377
f 1374 1377 1378
f 1373 1375 1379
f 1373 1379 1377
f 1375 1376 1380
f 1375 1380 1379
f 1376 1374 1378
f 1376 1378 1380
f 1378 1377 1381
f 1378 1381 1382
f 1377 1379 1383
f 1377 1383 1381
f 1379 1380 1384
f 1379 1384 1383
f 1380 1378 1382
f 1380 1382 1384
f 1382 1381 1306
f 1382 1306 1305
f 1381 1383 1309
f 1381 1309 1306
f 1383 1384 1311
f 1383 1311 1309
f 1384 1382 1305
f 1384 1305 1311
f 1385 1386 1387
f 1385 1387 1388
f 1389 1390 1386
f 1389 1386 1385
f 1390 1391 1387
f 1390 1387 1386
f 1391 1392 1388
f 1391 1388 1387
f 1392 1389 1385
f 1392 1385 1388
f 1393 1394 1395
f 1393 1395 1396
f 1397 1398 1394
f 1397 1394 1393
f 1398 1399 1395
f 1398 1395 1394
f 1399 1400 1396
f 1399 1396 1395
f 1400 1397 1393
f 1400 1393 1396
f 1401 1402 1403
f 1401 1403 1404
f 1405 1406 1402
f 1405 1402 1401
f 1406 1407 1403
f 1406 1403 1402
f 1407 1408 1404
f 1407 1404 1403
f 1408 1405 1401
f 1408 1401 1404
f 1409 1410 1411
f 1409 1411 1412
f 1413 1409 1412
f 1413 1412 1414
f 1414 1412 1411
f 1414 1411 1415
f 1415 1411 1410
f 1415 1410 1416
f 1416 1410 1409
f 1416 1409 1413
f 1417 1418 1419
f 1417 1419 1420
f 1421 1417 1420
f 1421 1420 1422
f 1422 1420 1419
f 1422 1419 1423
f 1423 1419 1418
f 1423 1418 1424
f 1424 1418 1417
f 1424 1417 1421
f 1425 1426 1427
f 1425 1427 1428
f 1429 1425 1428
f 1429 1428 1430
f 1430 1428 1427
f 1430 1427 1431
f 1431 1427 1426
f 1431 1426 1432
f 1432 1426 1425
f 1432 1425 1429
f 1433 1434 1435
f 1433 1435 1436
f 1437 1433 1436
f 1437 1436 1438
f 1438 1436 1435
f 1438 1435 1439
f 1439 1435 1434
f 1439 1434 1440
f 1440 1434 1433
f 1440 1433 1437
f 1441 1442 1443
f 1441 1443 1444
f 1445 1441 1444
f 1445 1444 1446
f 1446 1444 1443
f 1446 1443 1447
f 1447 1443 1442
f 1447 1442 1448
f 1448 1442 1441
f 1448 1441 1445
f 1449 1450 1451
f 1449 1451 1452
f 1453 1454 1450
f 1453 1450 1449
f 1454 1455 1451
f 1454 1451 1450
f 1455 1456 1452
f 1455 1452 1451
f 1456 1453 1449
f 1456 1449 1452
f 1457 1458 1459
f 1457 1459 1460
f 1461 1462 1458
f 1461 1458 1457
f 1462 1463 1459
f 1462 1459 1458
f 1463 1464 1460
f 1463 1460 1459
f 1464 1461 1457
f 1464 1457 1460
f 1465 1466 1467
f 1465 1467 1468
f 1466 1469 1470
f 1466 1470 1467
f 1469 1471 1472
f 1469 1472 1470
f 1471 1473 1474
f 1471 1474 1472
f 1473 1475 1476
f 1473 1476 1474
f 1475 1477 1478
f 1475 1478 1476
f 1477 1479 1480
f 1477 1480 1478
f 1479 1481 1482
f 1479 1482 1480
f 1481 1483 1484
f 1481 1484 1482
f 1483 1485 1486
f 1483 1486 1484
f 1485 1487 1488
f 1485 1488 1486
f 1487 1465 1468
f 1487 1468 1488
f 1468 1467 1489
f 1468 1489 1490
f 1467 1470 1491
f 1467 1491 1489
f 1470 1472 1492
f 1470 1492 1491
f 1472 1474 1493
f 1472 1493 1492
f 1474 1476 1494
f 1474 1494 1493
f 1476 1478 1495
f 1476 1495 1494
f 1478 1480 1496
f 1478 1496 1495
f 1480 1482 1497
f 1480 1497 1496
f 1482 1484 1498
f 1482 1498 1497
f 1484 1486 1499
f 1484 1499 1498
f 1486 1488 1500
f 1486 1500 1499
f 1488 1468 1490
f 1488 1490 1500
f 1490 1489 1501
f 1490 1501 1502
f 1489 1491 1503
f 1489 1503 1501
f 1491 1492 1504
f 1491 1504 1503
f 1492 1493 1505
f 1492 1505 1504
f 1493 1494 1506
f 1493 1506 1505
f 1494 1495 1507
f 1494 1507 1506
f 1495 1496 1508
f 1495 1508 1507
f 1496 1497 1509
f 1496 1509 1508
f 1497 1498 1510
f 1497 1510 1509
f 1498 1499 1511
f 1498 1511 1510
f 1499 1500 1512
f 1499 1512 1511
f 1500 1490 1502
f 1500 1502 1512
f 1502 1501 1513
f 1502 1513 1514
f 1501 1503 1515
f 1501 1515 1513
f 1503 1504 1516
f 1503 1516 1515
f 1504 1505 1517
f 1504 1517 1516
f 1505 1506 1518
f 1505 1518 1517
f 1506 1507 1519
f 1506 1519 1518
f 1507 1508 1520
f 1507 1520 1519
f 1508 1509 1521
f 1508 1521 1520
f 1509 1510 1522
f 1509 1522 1521
f 1510 1511 1523
f 1510 1523 1522
f 1511 1512 1524
f 1511 1524 1523
f 1512 1502 1514
f 1512 1514 1524
f 1514 1513 1525
f 1514 1525 1526
f 1513 1515 1527
f 1513 1527 1525
f 1515 1516 1528
f 1515 1528 1527
f 1516 1517 1529
f 1516 1529 1528
f 1517 1518 1530
f 1517 1530 1529
f 1518 1519 1531
f 1518 1531 1530
f 1519 1520 1532
f 1519 1532 1531
f 1520 1521 1533
f 1520 1533 1532
f 1521 1522 1534
f 1521 1534 1533
f 1522 1523 1535
f 1522 1535 1534
f 1523 1524 1536
f 1523 1536 1535
f 1524 1514 1526
f 1524 1526 1536
f 1525 1535 1536
f 1525 1536 1526
f 1527 1534 1535
f 1527 1535 1525
f 1528 1533 1534
f 1528 1534 1527
f 1533 1528 1529
f 1533 1529 1532
f 1530 1531 1532
f 1530 1532 1529
f 1537 1538 1539
f 1537 1539 1540
f 1538 1541 1542
f 1538 1542 1539
f 1541 1543 1544
f 1541 1544 1542
f 1543 1545 1546
f 1543 1546 1544
f 1547 1548 1549
f 1547 1549 1550
f 1550 1549 1551
f 1550 1551 1552
f 1552 1551 1553
f 1552 1553 1554
f 1554 1553 1555
f 1554 1555 1556
f 1537 1557 1558
f 1537 1558 1538
f 1538 1558 1559
f 1538 1559 1541
f 1541 1559 1560
f 1541 1560 1543
f 1543 1560 1561
f 1543 1561 1545
f 1562 1547 1550
f 1562 1550 1563
f 1563 1550 1552
f 1563 1552 1564
f 1564 1552 1554
f 1564 1554 1565
f 1565 1554 1556
f 1565 1556 1566
f 1545 1561 1567
f 1545 1567 1546
f 1561 1568 1569
f 1561 1569 1567
f 1568 1570 1571
f 1568 1571 1569
f 1570 1572 1573
f 1570 1573 1571
f 1572 1574 1575
f 1572 1575 1573
f 1574 1576 1577
f 1574 1577 1575
f 1576 1578 1579
f 1576 1579 1577
f 1578 1566 1580
f 1578 1580 1579
f 1566 1556 1555
f 1566 1555 1580
f 1546 1567 1581
f 1546 1581 1544
f 1544 1581 1582
f 1544 1582 1542
f 1542 1582 1583
f 1542 1583 1539
f 1539 1583 1584
f 1539 1584 1540
f 1567 1569 1585
f 1567 1585 1581
f 1581 1585 1586
f 1581 1586 1582
f 1582 1586 1587
f 1582 1587 1583
f 1583 1587 1588
f 1583 1588 1584
f 1569 1571 1589
f 1569 1589 1585
f 1585 1589 1590
f 1585 1590 1586
f 1586 1590 1591
f 1586 1591 1587
f 1587 1591 1592
f 1587 1592 1588
f 1571 1573 1593
f 1571 1593 1589
f 1589 1593 1594
f 1589 1594 1590
f 1590 1594 1595
f 1590 1595 1591
f 1591 1595 1596
f 1591 1596 1592
f 1573 1575 1597
f 1573 1597 1593
f 1593 1597 1598
f 1593 1598 1594
f 1594 1598 1599
f 1594 1599 1595
f 1595 1599 1600
f 1595 1600 1596
f 1575 1577 1601
f 1575 1601 1597
f 1597 1601 1602
f 1597 1602 1598
f 1598 1602 1603
f 1598 1603 1599
f 1599 1603 1604
f 1599 1604 1600
f 1577 1579 1605
f 1577 1605 1601
f 1601 1605 1606
f 1601 1606 1602
f 1602 1606 1607
f 1602 1607 1603
f 1603 1607 1608
f 1603 1608 1604
f 1579 1580 1609
f 1579 1609 1605
f 1605 1609 1610
f 1605 1610 1606
f 1606 1610 1611
f 1606 1611 1607
f 1607 1611 1612
f 1607 1612 1608
f 1580 1555 1553
f 1580 1553 1609
f 1609 1553 1551
f 1609 1551 1610
f 1610 1551 1549
f 1610 1549 1611
f 1611 1549 1548
f 1611 1548 1612
f 1540 1584 1557
f 1540 1557 1537
f 1584 1588 1613
f 1584 1613 1557
f 1588 1592 1614
f 1588 1614 1613
f 1592 1596 1615
f 1592 1615 1614
f 1596 1600 1616
f 1596 1616 1615
f 1600 1604 1617
f 1600 1617 1616
f 1604 1608 1618
f 1604 1618 1617
f 1608 1612 1562
f 1608 1562 1618
f 1612 1548 1547
f 1612 1547 1562
f 1619 1620 1621
f 1619 1621 1622
f 1622 1621 1623
f 1622 1623 1624
f 1624 1623 1625
f 1624 1625 1626
f 1626 1625 1627
f 1626 1627 1628
f 1629 1630 1631
f 1629 1631 1632
f 1630 1633 1634
f 1630 1634 1631
f 1633 1635 1636
f 1633 1636 1634
f 1635 1637 1638
f 1635 1638 1636
f 1619 1622 1639
f 1619 1639 1640
f 1622 1624 1641
f 1622 1641 1639
f 1624 1626 1642
f 1624 1642 1641
f 1626 1628 1643
f 1626 1643 1642
f 1644 1645 1630
f 1644 1630 1629
f 1645 1646 1633
f 1645 1633 1630
f 1646 1647 1635
f 1646 1635 1633
f 1647 1648 1637
f 1647 1637 1635
f 1628 1627 1649
f 1628 1649 1643
f 1643 1649 1650
f 1643 1650 1651
f 1651 1650 1652
f 1651 1652 1653
f 1653 1652 1654
f 1653 1654 1655
f 1655 1654 1656
f 1655 1656 1657
f 1657 1656 1658
f 1657 1658 1659
f 1659 1658 1660
f 1659 1660 1661
f 1661 1660 1662
f 1661 1662 1648
f 1648 1662 1638
f 1648 1638 1637
f 1627 1625 1663
f 1627 1663 1649
f 1625 1623 1664
f 1625 1664 1663
f 1623 1621 1665
f 1623 1665 1664
f 1621 1620 1666
f 1621 1666 1665
f 1649 1663 1667
f 1649 1667 1650
f 1663 1664 1668
f 1663 1668 1667
f 1664 1665 1669
f 1664 1669 1668
f 1665 1666 1670
f 1665 1670 1669
f 1650 1667 1671
f 1650 1671 1652
f 1667 1668 1672
f 1667 1672 1671
f 1668 1669 1673
f 1668 1673 1672
f 1669 1670 1674
f 1669 1674 1673
f 1652 1671 1675
f 1652 1675 1654
f 1671 1672 1676
f 1671 1676 1675
f 1672 1673 1677
f 1672 1677 1676
f 1673 1674 1678
f 1673 1678 1677
f 1654 1675 1679
f 1654 1679 1656
f 1675 1676 1680
f 1675 1680 1679
f 1676 1677 1681
f 1676 1681 1680
f 1677 1678 1682
f 1677 1682 1681
f 1656 1679 1683
f 1656 1683 1658
f 1679 1680 1684
f 1679 1684 1683
f 1680 1681 1685
f 1680 1685 1684
f 1681 1682 1686
f 1681 1686 1685
f 1658 1683 1687
f 1658 1687 1660
f 1683 1684 1688
f 1683 1688 1687
f 1684 1685 1689
f 1684 1689 1688
f 1685 1686 1690
f 1685 1690 1689
f 1660 1687 1691
f 1660 1691 1662
f 1687 1688 1692
f 1687 1692 1691
f 1688 1689 1693
f 1688 1693 1692
f 1689 1690 1694
f 1689 1694 1693
f 1662 1691 1636
f 1662 1636 1638
f 1691 1692 1634
f 1691 1634 1636
f 1692 1693 1631
f 1692 1631 1634
f 1693 1694 1632
f 1693 1632 1631
f 1620 1619 1640
f 1620 1640 1666
f 1666 1640 1695
f 1666 1695 1670
f 1670 1695 1696
f 1670 1696 1674
f 1674 1696 1697
f 1674 1697 1678
f 1678 1697 1698
f 1678 1698 1682
f 1682 1698 1699
f 1682 1699 1686
f 1686 1699 1700
f 1686 1700 1690
f 1690 1700 1644
f 1690 1644 1694
f 1694 1644 1629
f 1694 1629 1632
f 1388 1387 1386
f 1386 1385 1388
f 1386 1387 1391
f 1391 1390 1386
f 1396 1395 1394
f 1394 1393 1396
f 1393 1394 1398
f 1398 1397 1393
f 1394 1395 1399
f 1399 1398 1394
f 1395 1396 1400
f 1400 1399 1395
f 1396 1393 1397
f 1397 1400 1396
f 1404 1403 1402
f 1402 1401 1404
f 1401 1402 1406
f 1406 1405 1401
f 1402 1403 1407
f 1407 1406 1402
f 1403 1404 1408
f 1408 1407 1403
f 1404 1401 1405
f 1405 1408 1404
f 1412 1411 1410
f 1410 1409 1412
f 1415 1411 1412
f 1412 1414 1415
f 1420 1419 1418
f 1418 1417 1420
f 1422 1420 1417
f 1417 1421 1422
f 1423 1419 1420
f 1420 1422 1423
f 1424 1418 1419
f 1419 1423 1424
f 1421 1417 1418
f 1418 1424 1421
f 1428 1427 1426
f 1426 1425 1428
f 1431 1427 1428
f 1428 1430 1431
f 1436 1435 1434
f 1434 1433 1436
f 1438 1436 1433
f 1433 1437 1438
f 1439 1435 1436
f 1436 1438 1439
f 1440 1434 1435
f 1435 1439 1440
f 1437 1433 1434
f 1434 1440 1437
f 1444 1443 1442
f 1442 1441 1444
f 1446 1444 1441
f 1441 1445 1446
f 1447 1443 1444
f 1444 1446 1447
f 1448 1442 1443
f 1443 1447 1448
f 1445 1441 1442
f 1442 1448 1445
f 1452 1451 1450
f 1450 1449 1452
f 1450 1451 1455
f 1455 1454 1450
f 1460 1459 1458
f 1458 1457 1460
f 1457 1458 1462
f 1462 1461 1457
f 1458 1459 1463
f 1463 1462 1458
f 1459 1460 1464
f 1464 1463 1459
f 1460 1457 1461
f 1461 1464 1460