solid phalanx
  facet normal 0.9899946268195191 0.04119973819350846 0.1349563649527781
    outer loop
      vertex 0.0058268781120960535 0.012157320242661697 0.0031933553172991823
      vertex 0.005888880518349735 0.012619728771123018 0.0025973614982583307
      vertex 0.0057763447088223915 0.016040881000183246 0.002378470529974611
    endloop
  endfacet
  facet normal 0.8040378758463509 0.06426732979575543 0.5910945817087241
    outer loop
      vertex 0.0057763447088223915 0.016040881000183246 0.002378470529974611
      vertex 0.005888880518349735 0.012619728771123018 0.0025973614982583307
      vertex 0.0062218092823028565 0.015744182710647585 0.0018047850435972215
    endloop
  endfacet
  facet normal 0.7813555826728491 0.07393820933679827 0.6196907249798405
    outer loop
      vertex 0.0062218092823028565 0.015744182710647585 0.0018047850435972215
      vertex 0.005888880518349735 0.012619728771123018 0.0025973614982583307
      vertex 0.006368571913778576 0.011868920008616465 0.002082110774867675
    endloop
  endfacet
  facet normal 0.9540434864390793 0.05718233974687585 0.2941618704119203
    outer loop
      vertex 0.0062218092823028565 0.015744182710647585 0.0018047850435972215
      vertex 0.006368571913778576 0.011868920008616465 0.002082110774867675
      vertex 0.006513848545592885 0.016805667433627814 0.0006512829377099352
    endloop
  endfacet
  facet normal 0.9352681860160156 0.07286317992712753 0.34635874066813827
    outer loop
      vertex 0.006513848545592885 0.016805667433627814 0.0006512829377099352
      vertex 0.006368571913778576 0.011868920008616465 0.002082110774867675
      vertex 0.0068371377824103996 0.01199502949028799 0.0007903186665618256
    endloop
  endfacet
  facet normal 0.999021227572929 0.005366480560362814 0.04390657974692699
    outer loop
      vertex 0.006980358712718415 0.01698461288359107 -0.0017055233991969893
      vertex 0.007026604222528862 0.017344008951476128 -0.0028016902668909593
      vertex 0.006954447547376374 0.0213293371401427 -0.0016469917176189003
    endloop
  endfacet
  facet normal 0.5331745809207492 -0.26584954713309994 -0.8031493538247473
    outer loop
      vertex 0.0014555623070760207 0.031925794167952104 -0.0070059785626151345
      vertex 0.0018577982485294344 0.03436000108718872 -0.00754469633102417
      vertex 0.0031999999284744265 0.0335984206199646 -0.006401579380035401
    endloop
  endfacet
  facet normal 0.44163567766527406 -0.41534363269735153 -0.7952657385999359
    outer loop
      vertex 0.0031999999284744265 0.0335984206199646 -0.006401579380035401
      vertex 0.0018577982485294344 0.03436000108718872 -0.00754469633102417
      vertex 0.0020829603355377916 0.03663229748606682 -0.008606409654021263
    endloop
  endfacet
  facet normal 0.1703647046400398 -0.5374779364478468 -0.8258894207124078
    outer loop
      vertex 0.0031999999284744265 0.0335984206199646 -0.006401579380035401
      vertex 0.0020829603355377916 0.03663229748606682 -0.008606409654021263
      vertex 0.0031999999284744265 0.03673923969268799 -0.00844558298587799
    endloop
  endfacet
  facet normal 0.14516444534297288 -0.02898392673030857 -0.9889829198725119
    outer loop
      vertex 0.0031999999284744265 0.03673923969268799 -0.00844558298587799
      vertex 0.0020829603355377916 0.03663229748606682 -0.008606409654021263
      vertex 0.0031999999284744265 0.04211150536170372 -0.008603026912762568
    endloop
  endfacet
  facet normal 0.059618562552862096 -0.011538126990900802 -0.9981545464629574
    outer loop
      vertex 0.0031999999284744265 0.04211150536170372 -0.008603026912762568
      vertex 0.0020829603355377916 0.03663229748606682 -0.008606409654021263
      vertex 0.00212641573378018 0.04148552996771676 -0.008659914859703608
    endloop
  endfacet
  facet normal -0.056762429876913385 0.18648637220182712 -0.9808164249937245
    outer loop
      vertex 0.00212641573378018 0.04148552996771676 -0.008659914859703608
      vertex 0.0020000000298023225 0.04491785526275635 -0.007999997735023499
      vertex 0.0031999999284744265 0.04211150536170372 -0.008603026912762568
    endloop
  endfacet
  facet normal 0.8819459465344155 0.4221675186551348 -0.2096328542573429
    outer loop
      vertex 0.0031999999284744265 0.04211150536170372 -0.008603026912762568
      vertex 0.0020000000298023225 0.04491785526275635 -0.007999997735023499
      vertex 0.0015627092402428389 0.04631028205156326 -0.007035594880580902
    endloop
  endfacet
  facet normal 0.4232752133969535 0.4570745899920628 -0.7822537394652398
    outer loop
      vertex 0.0031999999284744265 0.04211150536170372 -0.008603026912762568
      vertex 0.0015627092402428389 0.04631028205156326 -0.007035594880580902
      vertex 0.0031999999284744265 0.04699125289916992 -0.005751767158508301
    endloop
  endfacet
  facet normal 0.12392737513071027 0.8024628330986152 -0.5836911916318047
    outer loop
      vertex 0.0031999999284744265 0.04699125289916992 -0.005751767158508301
      vertex 0.0015627092402428389 0.04631028205156326 -0.007035594880580902
      vertex 0.0 0.048555405139923104 -0.004280772805213928
    endloop
  endfacet
  facet normal -0.2179550000080961 0.6923324768762107 -0.6878745230301251
    outer loop
      vertex 0.0 0.048555405139923104 -0.004280772805213928
      vertex 0.0015627092402428389 0.04631028205156326 -0.007035594880580902
      vertex 0.0 0.045548485517501826 -0.007307179570198059
    endloop
  endfacet
  facet normal 0.18182491387077107 0.8449760454838426 -0.5029465013839683
    outer loop
      vertex 0.0031999999284744265 0.04699125289916992 -0.005751767158508301
      vertex 0.0 0.048555405139923104 -0.004280772805213928
      vertex 0.0020385536551475523 0.04890377998352051 -0.0029585084319114687
    endloop
  endfacet
  facet normal 0.0029702236119367067 0.9658586875754667 -0.2590524530026531
    outer loop
      vertex 0.0020385536551475523 0.04890377998352051 -0.0029585084319114687
      vertex 0.0 0.048555405139923104 -0.004280772805213928
      vertex 0.0007999999821186066 0.049550685882568356 -0.0005607666075229644
    endloop
  endfacet
  facet normal 0.2186290554601368 0.9646232382423251 -0.14732054965787672
    outer loop
      vertex 0.0020385536551475523 0.04890377998352051 -0.0029585084319114687
      vertex 0.0007999999821186066 0.049550685882568356 -0.0005607666075229644
      vertex 0.0031999999284744265 0.04872159004211426 -0.002427820414304733
    endloop
  endfacet
  facet normal 0.26979055338420177 0.9596444918781927 -0.07934422797211817
    outer loop
      vertex 0.0031999999284744265 0.04872159004211426 -0.002427820414304733
      vertex 0.0007999999821186066 0.049550685882568356 -0.0005607666075229644
      vertex 0.0021305587887763978 0.049306879043579104 0.0010147015750408173
    endloop
  endfacet
  facet normal 0.3248279000783761 0.9438953236711084 -0.05956889525991045
    outer loop
      vertex 0.0031999999284744265 0.04872159004211426 -0.002427820414304733
      vertex 0.0021305587887763978 0.049306879043579104 0.0010147015750408173
      vertex 0.0031999999284744265 0.04895761489868163 0.0013120971620082856
    endloop
  endfacet
  facet normal 0.12680879237820664 0.838937205205531 0.5292484255031034
    outer loop
      vertex 0.0031999999284744265 0.04895761489868163 0.0013120971620082856
      vertex 0.0021305587887763978 0.049306879043579104 0.0010147015750408173
      vertex 0.0 0.04821877076075627 0.0032499998807907107
    endloop
  endfacet
  facet normal -0.1044534707748771 0.9744122447807586 0.19902323900591307
    outer loop
      vertex 0.0031999999284744265 0.04895761489868163 0.0013120971620082856
      vertex 0.0 0.04821877076075627 0.0032499998807907107
      vertex 0.001854756325483322 0.048098511695861816 0.004812217652797699
    endloop
  endfacet
  facet normal -0.3752915032902566 0.7770104616488194 0.5053820634395604
    outer loop
      vertex 0.001854756325483322 0.048098511695861816 0.004812217652797699
      vertex 0.0 0.04821877076075627 0.0032499998807907107
      vertex 2.550936881077509e-09 0.046748488062904 0.005510519352697191
    endloop
  endfacet
  facet normal -0.173698823201527 0.9404409075554137 0.29223213070221193
    outer loop
      vertex 0.0007999999821186066 0.049550685882568356 -0.0005607666075229644
      vertex 0.0 0.04821877076075627 0.0032499998807907107
      vertex 0.0021305587887763978 0.049306879043579104 0.0010147015750408173
    endloop
  endfacet
  facet normal -0.07289966447835791 0.8537969351855778 0.5154768980145055
    outer loop
      vertex 1.9334256648998903e-08 0.04524988532066345 0.007992693930864334
      vertex 0.0012589007616043092 0.04548789501190185 0.007776505947113038
      vertex 2.550936881077509e-09 0.046748488062904 0.005510519352697191
    endloop
  endfacet
  facet normal -0.12388626162988559 0.8363107425385176 0.5340754030041498
    outer loop
      vertex 2.550936881077509e-09 0.046748488062904 0.005510519352697191
      vertex 0.0012589007616043092 0.04548789501190185 0.007776505947113038
      vertex 0.0031999999284744265 0.04765888690948487 0.004827206432819367
    endloop
  endfacet
  facet normal 0.10174968540169366 0.34318749343651905 0.9337394421729307
    outer loop
      vertex 2.550936881077509e-09 0.046748488062904 0.005510519352697191
      vertex 0.0031999999284744265 0.04765888690948487 0.004827206432819367
      vertex 0.001854756325483322 0.048098511695861816 0.004812217652797699
    endloop
  endfacet
  facet normal 0.28970378801472974 0.8977976208894227 0.3317094317851225
    outer loop
      vertex 0.001854756325483322 0.048098511695861816 0.004812217652797699
      vertex 0.0031999999284744265 0.04765888690948487 0.004827206432819367
      vertex 0.0031999999284744265 0.04895761489868163 0.0013120971620082856
    endloop
  endfacet
  facet normal 0.08521203699477882 0.3842865246130677 0.9192729604160074
    outer loop
      vertex 0.0012589007616043092 0.04548789501190185 0.007776505947113038
      vertex 1.9334256648998903e-08 0.04524988532066345 0.007992693930864334
      vertex 0.0010848131775856018 0.04165647029876709 0.009394305348396302
    endloop
  endfacet
  facet normal 0.20624240272592773 0.3726589700847355 0.9047592847455176
    outer loop
      vertex 0.0012589007616043092 0.04548789501190185 0.007776505947113038
      vertex 0.0010848131775856018 0.04165647029876709 0.009394305348396302
      vertex 0.0031999999284744265 0.04504792213439942 0.0075152462720870965
    endloop
  endfacet
  facet normal 0.2201020693732938 0.3641298157614446 0.904966605091663
    outer loop
      vertex 0.0031999999284744265 0.04504792213439942 0.0075152462720870965
      vertex 0.0010848131775856018 0.04165647029876709 0.009394305348396302
      vertex 0.003062177950685675 0.04103050882166082 0.009165246242826636
    endloop
  endfacet
  facet normal -0.4808513773563738 0.18881175097928302 0.856231321306699
    outer loop
      vertex 1.9334256648998903e-08 0.04524988532066345 0.007992693930864334
      vertex 0.0001041022104428246 0.04095007109087567 0.008999318924061087
      vertex 0.0010848131775856018 0.04165647029876709 0.009394305348396302
    endloop
  endfacet
  facet normal 0.0005420244802616177 0.48746814946918915 -0.8731406011992265
    outer loop
      vertex 0.0010848131775856018 0.04165647029876709 0.009394305348396302
      vertex 0.0001041022104428246 0.04095007109087567 0.008999318924061087
      vertex -0.0010854944586753846 0.04165620803833008 0.00939281165599823
    endloop
  endfacet
  facet normal 0.4200259532566723 0.21649023998722866 0.8813116217213387
    outer loop
      vertex -0.0010854944586753846 0.04165620803833008 0.00939281165599823
      vertex 0.0001041022104428246 0.04095007109087567 0.008999318924061087
      vertex 1.9334256648998903e-08 0.04524988532066345 0.007992693930864334
    endloop
  endfacet
  facet normal -0.08609577651954792 0.3841504770840907 0.919247479312052
    outer loop
      vertex -0.0010854944586753846 0.04165620803833008 0.00939281165599823
      vertex 1.9334256648998903e-08 0.04524988532066345 0.007992693930864334
      vertex -0.0012462522834539413 0.04548789501190185 0.007776505947113038
    endloop
  endfacet
  facet normal 0.0736334945281013 0.8537512224800633 0.5154483083660063
    outer loop
      vertex -0.0012462522834539413 0.04548789501190185 0.007776505947113038
      vertex 1.9334256648998903e-08 0.04524988532066345 0.007992693930864334
      vertex 2.550936881077509e-09 0.046748488062904 0.005510519352697191
    endloop
  endfacet
  facet normal -0.10312289195918507 0.3423481209110286 0.9338969071919352
    outer loop
      vertex 2.550936881077509e-09 0.046748488062904 0.005510519352697191
      vertex -0.0018421077728271486 0.048098511695861816 0.004812217652797699
      vertex -0.0031999999284744265 0.04765510082244873 0.004824821949005127
    endloop
  endfacet
  facet normal 0.12287954236799632 0.837006407515161 0.5332174901913815
    outer loop
      vertex 2.550936881077509e-09 0.046748488062904 0.005510519352697191
      vertex -0.0031999999284744265 0.04765510082244873 0.004824821949005127
      vertex -0.0012462522834539413 0.04548789501190185 0.007776505947113038
    endloop
  endfacet
  facet normal -0.24886195309158454 0.694748749861619 0.6748273133692496
    outer loop
      vertex -0.0012462522834539413 0.04548789501190185 0.007776505947113038
      vertex -0.0031999999284744265 0.04765510082244873 0.004824821949005127
      vertex -0.0031999999284744265 0.04504542827606201 0.007511534094810486
    endloop
  endfacet
  facet normal -0.2071070787323235 0.3728461091297046 0.9044846249913835
    outer loop
      vertex -0.0012462522834539413 0.04548789501190185 0.007776505947113038
      vertex -0.0031999999284744265 0.04504542827606201 0.007511534094810486
      vertex -0.0010854944586753846 0.04165620803833008 0.00939281165599823
    endloop
  endfacet
  facet normal -0.24491261727309077 0.34924518816523964 0.9044587378337782
    outer loop
      vertex -0.0010854944586753846 0.04165620803833008 0.00939281165599823
      vertex -0.0031999999284744265 0.04504542827606201 0.007511534094810486
      vertex -0.0030009995081595013 0.040961998530796594 0.009142184385231563
    endloop
  endfacet
  facet normal 0.37750177826693065 0.7762580886515225 0.5048918569440295
    outer loop
      vertex 2.550936881077509e-09 0.046748488062904 0.005510519352697191
      vertex 0.0 0.04821877076075627 0.0032499998807907107
      vertex -0.0018421077728271486 0.048098511695861816 0.004812217652797699
    endloop
  endfacet
  facet normal 0.10397820928809158 0.9747440237601991 0.19764265768557693
    outer loop
      vertex -0.0018421077728271486 0.048098511695861816 0.004812217652797699
      vertex 0.0 0.04821877076075627 0.0032499998807907107
      vertex -0.0031999999284744265 0.048953189849853515 0.0013114489614963532
    endloop
  endfacet
  facet normal -0.29005835397295293 0.8976966723675978 0.3316727840969815
    outer loop
      vertex -0.0018421077728271486 0.048098511695861816 0.004812217652797699
      vertex -0.0031999999284744265 0.048953189849853515 0.0013114489614963532
      vertex -0.0031999999284744265 0.04765510082244873 0.004824821949005127
    endloop
  endfacet
  facet normal -0.1286538241816396 0.8382244432399432 0.5299320487369369
    outer loop
      vertex -0.0031999999284744265 0.048953189849853515 0.0013114489614963532
      vertex 0.0 0.04821877076075627 0.0032499998807907107
      vertex -0.0021179102361202243 0.049306879043579104 0.0010147015750408173
    endloop
  endfacet
  facet normal 0.40503136536339623 0.9123097134218554 0.0603372179338324
    outer loop
      vertex -0.0021179102361202243 0.049306879043579104 0.0010147015750408173
      vertex 0.0 0.04821877076075627 0.0032499998807907107
      vertex -0.0002947368355173814 0.048543421845687065 0.00031972431626759075
    endloop
  endfacet
  facet normal 0.2914330953143823 0.92338824492583 -0.24984175009047893
    outer loop
      vertex -0.0021179102361202243 0.049306879043579104 0.0010147015750408173
      vertex -0.0002947368355173814 0.048543421845687065 0.00031972431626759075
      vertex -0.0031999999284744265 0.0487172794342041 -0.0024266211688518525
    endloop
  endfacet
  facet normal -0.0866133164853301 0.9842774820300539 0.15393495956406
    outer loop
      vertex -0.0031999999284744265 0.0487172794342041 -0.0024266211688518525
      vertex -0.0002947368355173814 0.048543421845687065 0.00031972431626759075
      vertex -0.002025905102491379 0.04890377998352051 -0.0029585084319114687
    endloop
  endfacet
  facet normal -0.33041679537984886 0.8371923719083788 -0.43581380628581934
    outer loop
      vertex -0.0031999999284744265 0.0487172794342041 -0.0024266211688518525
      vertex -0.002025905102491379 0.04890377998352051 -0.0029585084319114687
      vertex -0.0031999999284744265 0.04698780059814453 -0.005748926401138305
    endloop
  endfacet
  facet normal -0.1830302630340016 0.844695755783742 -0.5029801218484056
    outer loop
      vertex -0.0031999999284744265 0.04698780059814453 -0.005748926401138305
      vertex -0.002025905102491379 0.04890377998352051 -0.0029585084319114687
      vertex 0.0 0.048555405139923104 -0.004280772805213928
    endloop
  endfacet
  facet normal -0.12739858616382488 0.8040157142133147 -0.5807997344537205
    outer loop
      vertex -0.0031999999284744265 0.04698780059814453 -0.005748926401138305
      vertex 0.0 0.048555405139923104 -0.004280772805213928
      vertex -0.001547291874885559 0.04633790334065755 -0.007011117537816366
    endloop
  endfacet
  facet normal 0.22142649183985297 0.6917779104140834 -0.687323527441495
    outer loop
      vertex -0.001547291874885559 0.04633790334065755 -0.007011117537816366
      vertex 0.0 0.048555405139923104 -0.004280772805213928
      vertex 0.0 0.045548485517501826 -0.007307179570198059
    endloop
  endfacet
  facet normal 0.17831594364524142 0.9838738705224014 0.013986820409789182
    outer loop
      vertex -0.0002947368355173814 0.048543421845687065 0.00031972431626759075
      vertex 0.0 0.048555405139923104 -0.004280772805213928
      vertex -0.002025905102491379 0.04890377998352051 -0.0029585084319114687
    endloop
  endfacet
  facet normal -0.31795962913220166 0.6065881051233621 -0.7286649058140248
    outer loop
      vertex -0.001547291874885559 0.04633790334065755 -0.007011117537816366
      vertex -0.0020000000298023225 0.044912710189819335 -0.007999997735023499
      vertex -0.0031999999284744265 0.04698780059814453 -0.005748926401138305
    endloop
  endfacet
  facet normal -0.5986019073797103 0.40412535523831383 -0.6916346244476772
    outer loop
      vertex -0.0031999999284744265 0.04698780059814453 -0.005748926401138305
      vertex -0.0020000000298023225 0.044912710189819335 -0.007999997735023499
      vertex -0.0031999999284744265 0.04211046328911415 -0.008598777468387898
    endloop
  endfacet
  facet normal 0.04215468640281909 0.1914793370356349 -0.9805909676836075
    outer loop
      vertex -0.0031999999284744265 0.04211046328911415 -0.008598777468387898
      vertex -0.0020000000298023225 0.044912710189819335 -0.007999997735023499
      vertex -0.0020921014036451068 0.041389049121311736 -0.008692020007542201
    endloop
  endfacet
  facet normal -0.07968622915316143 -0.006053594630026673 -0.9968016146031291
    outer loop
      vertex -0.002107451632618904 0.03675139129161835 -0.008653572127223015
      vertex -0.0033141769604249434 0.037309525012969975 -0.008560493751005692
      vertex -0.0031999999284744265 0.04211046328911415 -0.008598777468387898
    endloop
  endfacet
  facet normal -0.2895460893227992 -0.488777131078762 -0.8229580659379239
    outer loop
      vertex -0.0033141769604249434 0.037309525012969975 -0.008560493751005692
      vertex -0.002107451632618904 0.03675139129161835 -0.008653572127223015
      vertex -0.0031999999284744265 0.033601582050323486 -0.006398417353630066
    endloop
  endfacet
  facet normal -0.44168063912370237 -0.41593973763383363 -0.7949291463271274
    outer loop
      vertex -0.0031999999284744265 0.033601582050323486 -0.006398417353630066
      vertex -0.002107451632618904 0.03675139129161835 -0.008653572127223015
      vertex -0.0018559502065181733 0.03436000108718872 -0.007542037963867188
    endloop
  endfacet
  facet normal -0.5423879853521306 -0.24879875100211107 -0.8024428047190943
    outer loop
      vertex -0.0031999999284744265 0.033601582050323486 -0.006398417353630066
      vertex -0.0018559502065181733 0.03436000108718872 -0.007542037963867188
      vertex -0.0014372869429446883 0.03170105352240094 -0.007000610080815979
    endloop
  endfacet
  facet normal 0.24833507469463761 0.6948454132948607 0.6749218786641183
    outer loop
      vertex 0.0031999999284744265 0.04504792213439942 0.0075152462720870965
      vertex 0.0031999999284744265 0.04765888690948487 0.004827206432819367
      vertex 0.0012589007616043092 0.04548789501190185 0.007776505947113038
    endloop
  endfacet
  facet normal 0.33045373770870917 0.8371805085648052 -0.4358085856353884
    outer loop
      vertex 0.0031999999284744265 0.04872159004211426 -0.002427820414304733
      vertex 0.0031999999284744265 0.04699125289916992 -0.005751767158508301
      vertex 0.0020385536551475523 0.04890377998352051 -0.0029585084319114687
    endloop
  endfacet
  facet normal 0.020185081362616146 -0.2827290266195639 -0.9589874138888052
    outer loop
      vertex 0.0014555623070760207 0.031925794167952104 -0.0070059785626151345
      vertex -0.0014372869429446883 0.03170105352240094 -0.007000610080815979
      vertex -8.772795647382737e-05 0.03436000108718872 -0.007756116032600403
    endloop
  endfacet
  facet normal -0.0890097653192808 -0.007962581232000183 -0.9959989251891442
    outer loop
      vertex -0.002107451632618904 0.03675139129161835 -0.008653572127223015
      vertex -0.0031999999284744265 0.04211046328911415 -0.008598777468387898
      vertex -0.0020921014036451068 0.041389049121311736 -0.008692020007542201
    endloop
  endfacet
  facet normal -0.32485246382135186 0.9438868694558245 -0.059568904791684016
    outer loop
      vertex -0.0031999999284744265 0.0487172794342041 -0.0024266211688518525
      vertex -0.0031999999284744265 0.048953189849853515 0.0013114489614963532
      vertex -0.0021179102361202243 0.049306879043579104 0.0010147015750408173
    endloop
  endfacet
  facet normal -0.9613817073862988 -0.03243423941077522 -0.27330062717975884
    outer loop
      vertex 0.0020829603355377916 0.03663229748606682 -0.008606409654021263
      vertex 0.0018577982485294344 0.03436000108718872 -0.00754469633102417
      vertex 0.0015999999642372132 0.04 -0.0073071795701980585
    endloop
  endfacet
  facet normal -0.7805272843644432 -0.009354316413694412 -0.6250517219615512
    outer loop
      vertex 0.0015999999642372132 0.04 -0.0073071795701980585
      vertex 0.0018577982485294344 0.03436000108718872 -0.00754469633102417
      vertex 0.0014555623070760207 0.031925794167952104 -0.0070059785626151345
    endloop
  endfacet
  facet normal 1.0834485973750576e-15 -0.037278174132216846 -0.9993049273036574
    outer loop
      vertex 0.0015999999642372132 0.04 -0.0073071795701980585
      vertex 0.0014555623070760207 0.031925794167952104 -0.0070059785626151345
      vertex 0.0007999999821186066 0.04 -0.007307179570198059
    endloop
  endfacet
  facet normal 0.439993830690243 0.0022250441491502362 -0.8979980390474468
    outer loop
      vertex 0.0007999999821186066 0.04 -0.007307179570198059
      vertex 0.0014555623070760207 0.031925794167952104 -0.0070059785626151345
      vertex -8.772795647382737e-05 0.03436000108718872 -0.007756116032600403
    endloop
  endfacet
  facet normal 0.8095264928344782 -0.0811357025437437 -0.581449787317738
    outer loop
      vertex 0.0007999999821186066 0.04 -0.007307179570198059
      vertex -8.772795647382737e-05 0.03436000108718872 -0.007756116032600403
      vertex 6.453299239201813e-07 0.041901632814991235 -0.00868543973990849
    endloop
  endfacet
  facet normal 0.9931783831771522 0.002726679833143644 0.11657300033329188
    outer loop
      vertex 6.453299239201813e-07 0.041901632814991235 -0.00868543973990849
      vertex -8.772795647382737e-05 0.03436000108718872 -0.007756116032600403
      vertex 1.7391303959100145e-05 0.03622505167256231 -0.00869533499945765
    endloop
  endfacet
  facet normal -0.9335398611232891 0.0044070816553003255 -0.35844651668720856
    outer loop
      vertex 0.0015999999642372132 0.04 -0.0073071795701980585
      vertex 0.00212641573378018 0.04148552996771676 -0.008659914859703608
      vertex 0.0020829603355377916 0.03663229748606682 -0.008606409654021263
    endloop
  endfacet
  facet normal 0.9612002917438575 -0.07083502352660544 0.26660157275137836
    outer loop
      vertex 0.006507743149995804 0.029881316135669578 0.0018194562562837684
      vertex 0.006544950619787618 0.026347515163503494 0.0007463916720494691
      vertex 0.006927148309247248 0.03089885666452605 0.0005776974372565747
    endloop
  endfacet
  facet normal 0.933087492485953 -0.048762464125467475 0.3563284348163772
    outer loop
      vertex 0.005884814262390137 0.029639906883239746 0.0026416030526161195
      vertex 0.005780189633369446 0.029637725353240968 0.002915276288986206
      vertex 0.005799944514536675 0.026916652581163943 0.002491175287779961
    endloop
  endfacet
  facet normal -0.9612002917438575 0.07083502352660545 -0.26660157275137836
    outer loop
      vertex 0.006927148309247248 0.03089885666452605 0.0005776974372565747
      vertex 0.006544950619787618 0.026347515163503494 0.0007463916720494691
      vertex 0.006507743149995804 0.029881316135669578 0.0018194562562837684
    endloop
  endfacet
  facet normal 0.7929935592610227 0.5593699195653635 0.24138456465974295
    outer loop
      vertex 0.006091253328323365 0.011842301845550539 0.0030548376441001893
      vertex 0.006368571913778576 0.011868920008616465 0.002082110774867675
      vertex 0.0058268781120960535 0.012157320242661697 0.0031933553172991823
    endloop
  endfacet
  facet normal -0.6089904531570575 -0.1704670313063025 -0.7746428978575726
    outer loop
      vertex 0.006091253328323365 0.011842301845550539 0.0030548376441001893
      vertex 0.0058268781120960535 0.012157320242661697 0.0031933553172991823
      vertex 0.0057763447088223915 0.016040881000183246 0.002378470529974611
    endloop
  endfacet
  facet normal 0.8803480290155286 0.3260174330925398 0.3445286361512285
    outer loop
      vertex 0.005888880518349735 0.012619728771123018 0.0025973614982583307
      vertex 0.0058268781120960535 0.012157320242661697 0.0031933553172991823
      vertex 0.006368571913778576 0.011868920008616465 0.002082110774867675
    endloop
  endfacet
  facet normal -0.8170858853946683 -0.15091915436276201 -0.5564117762370239
    outer loop
      vertex 0.0057763447088223915 0.016040881000183246 0.002378470529974611
      vertex 0.0062218092823028565 0.015744182710647585 0.0018047850435972215
      vertex 0.006091253328323365 0.011842301845550539 0.0030548376441001893
    endloop
  endfacet
  facet normal -0.9420563040907084 0.02954881759212807 -0.3341508451311504
    outer loop
      vertex 0.00212641573378018 0.04148552996771676 -0.008659914859703608
      vertex 0.0015999999642372132 0.04 -0.0073071795701980585
      vertex 0.0020000000298023225 0.04491785526275635 -0.007999997735023499
    endloop
  endfacet
  facet normal -0.9034179028834721 0.01310582225614595 -0.4285607660211323
    outer loop
      vertex 0.0020000000298023225 0.04491785526275635 -0.007999997735023499
      vertex 0.0015999999642372132 0.04 -0.0073071795701980585
      vertex 0.0015627092402428389 0.04631028205156326 -0.007035594880580902
    endloop
  endfacet
  facet normal 0.1504909063619206 0.043396606882648986 -0.987658453926984
    outer loop
      vertex 0.0015627092402428389 0.04631028205156326 -0.007035594880580902
      vertex 0.0015999999642372132 0.04 -0.0073071795701980585
      vertex 0.0 0.045548485517501826 -0.007307179570198059
    endloop
  endfacet
  facet normal 1.0842021967193118e-15 1.5632405189712533e-16 -1.0
    outer loop
      vertex 0.0015999999642372132 0.04 -0.0073071795701980585
      vertex 0.0007999999821186066 0.04 -0.007307179570198059
      vertex 0.0 0.045548485517501826 -0.007307179570198059
    endloop
  endfacet
  facet normal 0.9260928955529343 0.1335273017376624 -0.3528773278308503
    outer loop
      vertex 0.0 0.045548485517501826 -0.007307179570198059
      vertex 0.0007999999821186066 0.04 -0.007307179570198059
      vertex 6.453299239201813e-07 0.041901632814991235 -0.00868543973990849
    endloop
  endfacet
  facet normal -0.8498241518995755 0.2718568455897094 -0.45154486638005314
    outer loop
      vertex 0.0062751240674623725 0.02733116290912554 0.001846429633433253
      vertex 0.006544950619787618 0.026347515163503494 0.0007463916720494691
      vertex 0.005799944514536675 0.026916652581163943 0.002491175287779961
    endloop
  endfacet
  facet normal 0.799447441176883 -0.5535874878833031 0.23329098151190444
    outer loop
      vertex 0.0059341943614623135 0.027324849998249724 0.002999755968065823
      vertex 0.005799944514536675 0.026916652581163943 0.002491175287779961
      vertex 0.0062751240674623725 0.02733116290912554 0.001846429633433253
    endloop
  endfacet
  facet normal -0.799447441176883 0.5535874878833031 -0.23329098151190447
    outer loop
      vertex 0.005799944514536675 0.026916652581163943 0.002491175287779961
      vertex 0.0059341943614623135 0.027324849998249724 0.002999755968065823
      vertex 0.0062751240674623725 0.02733116290912554 0.001846429633433253
    endloop
  endfacet
  facet normal 0.9313203659860472 0.017402661052176804 0.36378499596316227
    outer loop
      vertex 0.0058268781120960535 0.012157320242661697 0.0031933553172991823
      vertex 0.005785662836216866 0.016587988873745532 0.003086916626767909
      vertex 0.00501555860042572 0.01184382200241089 0.0052853989601135245
    endloop
  endfacet
  facet normal 0.912032560630327 0.15990603649139104 0.37765946015385704
    outer loop
      vertex 0.0058268781120960535 0.012157320242661697 0.0031933553172991823
      vertex 0.00501555860042572 0.01184382200241089 0.0052853989601135245
      vertex 0.006388846039772034 0.006174741983413696 0.004369328320026398
    endloop
  endfacet
  facet normal 0.8441602725689815 0.12006401282851349 0.5224730299640137
    outer loop
      vertex 0.006388846039772034 0.006174741983413696 0.004369328320026398
      vertex 0.00501555860042572 0.01184382200241089 0.0052853989601135245
      vertex 0.005301786065101624 0.005524895191192627 0.006275026798248291
    endloop
  endfacet
  facet normal 0.683019021159293 0.14311177245847187 0.7162430015842359
    outer loop
      vertex 0.005301786065101624 0.005524895191192627 0.006275026798248291
      vertex 0.00501555860042572 0.01184382200241089 0.0052853989601135245
      vertex 0.0036435642838478087 0.01184382200241089 0.006593751311302185
    endloop
  endfacet
  facet normal 0.6290058043367934 0.12637434917357598 0.7670601162761487
    outer loop
      vertex 0.005301786065101624 0.005524895191192627 0.006275026798248291
      vertex 0.0036435642838478087 0.01184382200241089 0.006593751311302185
      vertex 0.0034000000357627875 0.004820644557476043 0.00795055866241455
    endloop
  endfacet
  facet normal 0.4353515198930996 0.15618588215418053 0.8866087211067171
    outer loop
      vertex 0.0034000000357627875 0.004820644557476043 0.00795055866241455
      vertex 0.0036435642838478087 0.01184382200241089 0.006593751311302185
      vertex 0.0019158017635345457 0.01184382200241089 0.0074421346187591554
    endloop
  endfacet
  facet normal 0.36863889328233806 0.14438119185912596 0.9182915864783425
    outer loop
      vertex 0.0034000000357627875 0.004820644557476043 0.00795055866241455
      vertex 0.0019158017635345457 0.01184382200241089 0.0074421346187591554
      vertex 0.0017754460871219635 0.0044567126035690305 0.008659939765930175
    endloop
  endfacet
  facet normal 0.15179664002440144 0.1579664741610733 0.9757071144141675
    outer loop
      vertex 0.0017754460871219635 0.0044567126035690305 0.008659939765930175
      vertex 0.0019158017635345457 0.01184382200241089 0.0074421346187591554
      vertex -4.188383536529727e-07 0.01184382200241089 0.007740252614021301
    endloop
  endfacet
  facet normal 0.1263872246295302 0.15241759422793633 0.9802015845836063
    outer loop
      vertex 0.0017754460871219635 0.0044567126035690305 0.008659939765930175
      vertex -4.188383536529727e-07 0.01184382200241089 0.007740252614021301
      vertex -2.2367397832567802e-07 0.00431418925523758 0.008911056518554688
    endloop
  endfacet
  facet normal -0.1504098556713612 0.15189475877937603 0.9768852837320642
    outer loop
      vertex -2.2367397832567802e-07 0.00431418925523758 0.008911056518554688
      vertex -4.188383536529727e-07 0.01184382200241089 0.007740252614021301
      vertex -0.0019166551530361176 0.01184382200241089 0.007445212006568909
    endloop
  endfacet
  facet normal -0.1257526792198459 0.1586396852943983 0.9792955191966952
    outer loop
      vertex -2.2367397832567802e-07 0.00431418925523758 0.008911056518554688
      vertex -0.0019166551530361176 0.01184382200241089 0.007445212006568909
      vertex -0.0017750175297260283 0.004456672072410584 0.00866007149219513
    endloop
  endfacet
  facet normal -0.43787791089914074 0.137710933779834 0.8884248048451204
    outer loop
      vertex -0.0017750175297260283 0.004456672072410584 0.00866007149219513
      vertex -0.0019166551530361176 0.01184382200241089 0.007445212006568909
      vertex -0.0036438983678817754 0.01184382200241089 0.006593905687332154
    endloop
  endfacet
  facet normal -0.36351927076806795 0.16450078323998193 0.9169477804617253
    outer loop
      vertex -0.0017750175297260283 0.004456672072410584 0.00866007149219513
      vertex -0.0036438983678817754 0.01184382200241089 0.006593905687332154
      vertex -0.0034000000357627866 0.004820644557476043 0.00795055866241455
    endloop
  endfacet
  facet normal -0.6190547340919749 0.12817175711347792 0.7748181960155284
    outer loop
      vertex -0.0034000000357627866 0.004820644557476043 0.00795055866241455
      vertex -0.0036438983678817754 0.01184382200241089 0.006593905687332154
      vertex -0.005189820528030396 0.005473014712333679 0.006412633657455444
    endloop
  endfacet
  facet normal -0.6826252035203684 0.14526591646427758 0.7161847841392396
    outer loop
      vertex -0.005189820528030396 0.005473014712333679 0.006412633657455444
      vertex -0.0036438983678817754 0.01184382200241089 0.006593905687332154
      vertex -0.005016353130340576 0.01184382200241089 0.0052857625484466556
    endloop
  endfacet
  facet normal -0.8377164891706863 0.11715610305287076 0.5333905991756925
    outer loop
      vertex -0.005189820528030396 0.005473014712333679 0.006412633657455444
      vertex -0.005016353130340576 0.01184382200241089 0.0052857625484466556
      vertex -0.006393212676048278 0.006169624924659729 0.004369640052318573
    endloop
  endfacet
  facet normal -0.8620047616432426 0.13006677344968215 0.48992900031409203
    outer loop
      vertex -0.006393212676048278 0.006169624924659729 0.004369640052318573
      vertex -0.005016353130340576 0.01184382200241089 0.0052857625484466556
      vertex -0.005933496356010437 0.01184382200241089 0.003672096431255341
    endloop
  endfacet
  facet normal -0.9261939458062454 0.11902057024168496 0.35776930920804545
    outer loop
      vertex -0.006393212676048278 0.006169624924659729 0.004369640052318573
      vertex -0.005933496356010437 0.01184382200241089 0.003672096431255341
      vertex -0.006372519731521606 0.01184382200241089 0.0025355517864227295
    endloop
  endfacet
  facet normal -0.9310615636550423 0.06145366505229787 0.35964956796285397
    outer loop
      vertex -0.006372519731521606 0.01184382200241089 0.0025355517864227295
      vertex -0.005933496356010437 0.01184382200241089 0.003672096431255341
      vertex -0.005696973502635956 0.01748303771018982 0.0033208291232585904
    endloop
  endfacet
  facet normal -0.939452201262284 0.06570732685166678 0.336321436636824
    outer loop
      vertex -0.006372519731521606 0.01184382200241089 0.0025355517864227295
      vertex -0.005696973502635956 0.01748303771018982 0.0033208291232585904
      vertex -0.006093804538249969 0.01748187303543091 0.002212582007050514
    endloop
  endfacet
  facet normal -0.9412505482927265 0.02354489975584895 0.3368872853553967
    outer loop
      vertex -0.006870245337486268 0.01747954308986664 4.339812439866364e-05
      vertex -0.006093804538249969 0.01748187303543091 0.002212582007050514
      vertex -0.006815593242645263 0.020301000277201334 -1.0963194654323165e-06
    endloop
  endfacet
  facet normal -0.9821025336488798 0.021973444043737102 0.187060902267972
    outer loop
      vertex -0.006870245337486268 0.01747954308986664 4.339812439866364e-05
      vertex -0.006815593242645263 0.020301000277201334 -1.0963194654323165e-06
      vertex -0.0071515299876530975 0.020279839038848876 -0.001762337386608124
    endloop
  endfacet
  facet normal -0.910617976122663 -0.07383991698480201 -0.40659878039898556
    outer loop
      vertex -0.006196309725443523 0.02023751735687256 -0.005256381829579671
      vertex -0.006946247021357218 0.02025867780049642 -0.0035806662837664285
      vertex -0.00715683251619339 0.03290075302124023 -0.005404889285564423
    endloop
  endfacet
  facet normal -0.7415291911902433 -0.06407816695097103 -0.6678536120535301
    outer loop
      vertex -0.006196309725443523 0.02023751735687256 -0.005256381829579671
      vertex -0.00715683251619339 0.03290075302124023 -0.005404889285564423
      vertex -0.0055681074857711794 0.03243385672569275 -0.007124080598354339
    endloop
  endfacet
  facet normal -0.7381931755508223 -0.03045736536639636 -0.6739014649525037
    outer loop
      vertex -0.0055681074857711794 0.03243385672569275 -0.007124080598354339
      vertex -0.00715683251619339 0.03290075302124023 -0.005404889285564423
      vertex -0.00804109513759613 0.0354485821723938 -0.004551416635513306
    endloop
  endfacet
  facet normal -0.9058287602063791 -0.18705107093848095 -0.38011334368019944
    outer loop
      vertex -0.00804109513759613 0.0354485821723938 -0.004551416635513306
      vertex -0.00715683251619339 0.03290075302124023 -0.005404889285564423
      vertex -0.007829962372779846 0.03232478033412586 -0.003517355729233135
    endloop
  endfacet
  facet normal -0.9799364368764292 -0.11912744587139604 -0.15979121165472585
    outer loop
      vertex -0.007829962372779846 0.03232478033412586 -0.003517355729233135
      vertex -0.008309727907180786 0.03425854444503784 -0.0020168016850948332
      vertex -0.00804109513759613 0.0354485821723938 -0.004551416635513306
    endloop
  endfacet
  facet normal 0.9611957083171183 -0.03703444586882579 0.2733701888135247
    outer loop
      vertex 0.006153563697313525 0.02235714238943513 0.0017475243458121095
      vertex 0.005696535769737128 0.020409711490977894 0.0030906527241071065
      vertex 0.006423385136098746 0.02123508681255172 0.0006467974640617903
    endloop
  endfacet
  facet normal 0.9638678146467503 -0.028079660851765283 0.26489690170809355
    outer loop
      vertex 0.006423385136098746 0.02123508681255172 0.0006467974640617903
      vertex 0.006544950619787618 0.026347515163503494 0.0007463916720494691
      vertex 0.006153563697313525 0.02235714238943513 0.0017475243458121095
    endloop
  endfacet
  facet normal 0.17659060960540865 -0.5865792754086476 -0.7904052822826123
    outer loop
      vertex 0.005736934442810601 0.021672861455055665 0.0021622637307583377
      vertex 0.006153563697313525 0.02235714238943513 0.0017475243458121095
      vertex 0.005696535769737128 0.020409711490977894 0.0030906527241071065
    endloop
  endfacet
  facet normal -0.17659060960540865 0.5865792754086476 0.7904052822826123
    outer loop
      vertex 0.005736934442810601 0.021672861455055665 0.0021622637307583377
      vertex 0.005696535769737128 0.020409711490977894 0.0030906527241071065
      vertex 0.006153563697313525 0.02235714238943513 0.0017475243458121095
    endloop
  endfacet
  facet normal 0.9766325053077761 -0.027375416099643494 0.2131655135560811
    outer loop
      vertex 0.006544950619787618 0.026347515163503494 0.0007463916720494691
      vertex 0.006423385136098746 0.02123508681255172 0.0006467974640617903
      vertex 0.0070181211961640256 0.024341369072596233 -0.0016791078415181904
    endloop
  endfacet
  facet normal 0.9660940440957583 -0.0719366769346649 0.24796655515270788
    outer loop
      vertex 0.006544950619787618 0.026347515163503494 0.0007463916720494691
      vertex 0.0070181211961640256 0.024341369072596233 -0.0016791078415181904
      vertex 0.006927148309247248 0.03089885666452605 0.0005776974372565747
    endloop
  endfacet
  facet normal 0.9612002917438575 -0.07083502352660545 0.26660157275137836
    outer loop
      vertex 0.006544950619787618 0.026347515163503494 0.0007463916720494691
      vertex 0.006927148309247248 0.03089885666452605 0.0005776974372565747
      vertex 0.006507743149995804 0.029881316135669578 0.0018194562562837684
    endloop
  endfacet
  facet normal 0.9586165851222985 -0.02905920569238935 0.28321335648763174
    outer loop
      vertex 0.0062751240674623725 0.02733116290912554 0.001846429633433253
      vertex 0.0059341943614623135 0.027324849998249724 0.002999755968065823
      vertex 0.006153563697313525 0.02235714238943513 0.0017475243458121095
    endloop
  endfacet
  facet normal 0.9645472660393198 -0.028788997159819668 0.26233521536119697
    outer loop
      vertex 0.0062751240674623725 0.02733116290912554 0.001846429633433253
      vertex 0.006153563697313525 0.02235714238943513 0.0017475243458121095
      vertex 0.006544950619787618 0.026347515163503494 0.0007463916720494691
    endloop
  endfacet
  facet normal 0.9527546486338947 -0.11529438297269796 0.28100851368143365
    outer loop
      vertex 0.0062751240674623725 0.02733116290912554 0.001846429633433253
      vertex 0.006052157282829285 0.028344392776489258 0.0030181106925010683
      vertex 0.0059341943614623135 0.027324849998249724 0.002999755968065823
    endloop
  endfacet
  facet normal 0.8995504804070702 -0.11168219476227793 0.4222984970047726
    outer loop
      vertex 0.0059341943614623135 0.027324849998249724 0.002999755968065823
      vertex 0.006052157282829285 0.028344392776489258 0.0030181106925010683
      vertex 0.006123833176162508 0.03197952283753289 0.0038267880181471503
    endloop
  endfacet
  facet normal 0.8617228735635806 -0.1225871921947751 0.4923475088665795
    outer loop
      vertex 0.0059341943614623135 0.027324849998249724 0.002999755968065823
      vertex 0.006123833176162508 0.03197952283753289 0.0038267880181471503
      vertex 0.005151981115341187 0.032586358460513026 0.005678848624229431
    endloop
  endfacet
  facet normal 0.8501343718099571 -0.16482243113616651 0.5001051050145889
    outer loop
      vertex 0.005151981115341187 0.032586358460513026 0.005678848624229431
      vertex 0.006123833176162508 0.03197952283753289 0.0038267880181471503
      vertex 0.005622773170471191 0.034262826442718504 0.005431066751480103
    endloop
  endfacet
  facet normal 0.6695633064758139 -0.17475920471905906 0.7219031784021576
    outer loop
      vertex 0.003739148712158203 0.032782907772064204 0.007036827874183654
      vertex 0.005151981115341187 0.032586358460513026 0.005678848624229431
      vertex 0.004667671414522024 0.03705251436967116 0.007209217089873094
    endloop
  endfacet
  facet normal 0.500312879533556 -0.14328164294195597 0.8539071339254026
    outer loop
      vertex 0.003739148712158203 0.032782907772064204 0.007036827874183654
      vertex 0.004667671414522024 0.03705251436967116 0.007209217089873094
      vertex 0.0035703275203704836 0.03720635805130005 0.007877976298332215
    endloop
  endfacet
  facet normal 0.48967534548151603 -0.19818451646139737 0.8490824185333954
    outer loop
      vertex 0.0035703275203704836 0.03720635805130005 0.007877976298332215
      vertex 0.004667671414522024 0.03705251436967116 0.007209217089873094
      vertex 0.0054261207580566405 0.041371822357177734 0.007779981493949891
    endloop
  endfacet
  facet normal 0.516702269926847 -0.21067822531716393 0.8298394119524897
    outer loop
      vertex 0.0035703275203704836 0.03720635805130005 0.007877976298332215
      vertex 0.0054261207580566405 0.041371822357177734 0.007779981493949891
      vertex 0.003062177950685675 0.04103050882166082 0.009165246242826636
    endloop
  endfacet
  facet normal 0.9515375449224112 0.09655216914638684 -0.291982840653621
    outer loop
      vertex 0.007026604222528862 0.017344008951476128 -0.0028016902668909593
      vertex 0.007025745235956633 0.010860372598354633 -0.004948482559277462
      vertex 0.0064269983768463134 0.016680775284767153 -0.0049750512838363644
    endloop
  endfacet
  facet normal 0.9654792755671502 -0.022465026076520983 -0.2595093274888438
    outer loop
      vertex 0.007026604222528862 0.017344008951476128 -0.0028016902668909593
      vertex 0.0064269983768463134 0.016680775284767153 -0.0049750512838363644
      vertex 0.006690286565572023 0.020600298643112185 -0.004334815740585327
    endloop
  endfacet
  facet normal 0.9828094398563643 0.014865113498110006 -0.1840234586402179
    outer loop
      vertex 0.007026604222528862 0.017344008951476128 -0.0028016902668909593
      vertex 0.006690286565572023 0.020600298643112185 -0.004334815740585327
      vertex 0.006925175732905322 0.0213080760807094 -0.003023175992588005
    endloop
  endfacet
  facet normal 0.991146767773636 0.10800176999048264 0.07722501156229732
    outer loop
      vertex 0.007026604222528862 0.017344008951476128 -0.0028016902668909593
      vertex 0.006980358712718415 0.01698461288359107 -0.0017055233991969893
      vertex 0.007621892690658569 0.01184382200241089 -0.0027497422695159915
    endloop
  endfacet
  facet normal 0.9924474707356578 0.12248645600287687 0.006714605442709547
    outer loop
      vertex 0.007621892690658569 0.01184382200241089 -0.0027497422695159915
      vertex 0.006980358712718415 0.01698461288359107 -0.0017055233991969893
      vertex 0.007611274123191834 0.01184382200241089 -0.0011802724748849868
    endloop
  endfacet
  facet normal 0.9692821640763258 0.13964378461367064 0.20246407044778428
    outer loop
      vertex 0.007611274123191834 0.01184382200241089 -0.0011802724748849868
      vertex 0.006980358712718415 0.01698461288359107 -0.0017055233991969893
      vertex 0.006513848545592885 0.016805667433627814 0.0006512829377099352
    endloop
  endfacet
  facet normal 0.9804728665862782 0.02022258961401254 0.19561187274137953
    outer loop
      vertex 0.006980358712718415 0.01698461288359107 -0.0017055233991969893
      vertex 0.006423385136098746 0.02123508681255172 0.0006467974640617903
      vertex 0.006513848545592885 0.016805667433627814 0.0006512829377099352
    endloop
  endfacet
  facet normal 0.9994689983329498 0.0243645471007173 -0.02163539266818952
    outer loop
      vertex 0.007026604222528862 0.017344008951476128 -0.0028016902668909593
      vertex 0.006925175732905322 0.0213080760807094 -0.003023175992588005
      vertex 0.006954447547376374 0.0213293371401427 -0.0016469917176189003
    endloop
  endfacet
  facet normal 0.94807002758927 -0.08323380351387122 0.30697777890182076
    outer loop
      vertex 0.006544950619787618 0.026347515163503494 0.0007463916720494691
      vertex 0.006507743149995804 0.029881316135669578 0.0018194562562837684
      vertex 0.0062751240674623725 0.02733116290912554 0.001846429633433253
    endloop
  endfacet
  facet normal 0.4512721282402946 0.04765913164324257 -0.8911128286836
    outer loop
      vertex 0.0034157311011637956 0.020554146213190898 -0.0074328282794782095
      vertex 0.004928870350122452 0.020466691553592684 -0.006671230494976044
      vertex 0.003366363495588303 0.017388833761215212 -0.007627118229866027
    endloop
  endfacet
  facet normal 0.492004960679037 0.02053246064866575 -0.8703502379656883
    outer loop
      vertex 0.003366363495588303 0.017388833761215212 -0.007627118229866027
      vertex 0.004928870350122452 0.020466691553592684 -0.006671230494976044
      vertex 0.005026057958602905 0.016689099073410034 -0.006705408096313477
    endloop
  endfacet
  facet normal 0.510356672592414 0.08303632704959586 -0.8559445280685614
    outer loop
      vertex 0.003366363495588303 0.017388833761215212 -0.007627118229866027
      vertex 0.005026057958602905 0.016689099073410034 -0.006705408096313477
      vertex 0.004128924608230591 0.01184382200241089 -0.007710370421409607
    endloop
  endfacet
  facet normal 0.5304147174348582 0.07689556228196939 -0.8442436259930183
    outer loop
      vertex 0.004128924608230591 0.01184382200241089 -0.007710370421409607
      vertex 0.005026057958602905 0.016689099073410034 -0.006705408096313477
      vertex 0.005565968155860902 0.010657118856906891 -0.006915603578090668
    endloop
  endfacet
  facet normal 0.5532201460845608 0.11760642941667787 -0.8246915773342401
    outer loop
      vertex 0.004128924608230591 0.01184382200241089 -0.007710370421409607
      vertex 0.005565968155860902 0.010657118856906891 -0.006915603578090668
      vertex 0.004392971992492676 0.009308683872222901 -0.007894769310951233
    endloop
  endfacet
  facet normal 0.5877223964578857 0.0737952431901381 -0.8056901679828967
    outer loop
      vertex 0.004392971992492676 0.009308683872222901 -0.007894769310951233
      vertex 0.005565968155860902 0.010657118856906891 -0.006915603578090668
      vertex 0.004153915643692017 0.008173158168792724 -0.008173158168792724
    endloop
  endfacet
  facet normal 0.5560614268485836 0.10152740675460466 -0.8249168899039478
    outer loop
      vertex 0.004153915643692017 0.008173158168792724 -0.008173158168792724
      vertex 0.005565968155860902 0.010657118856906891 -0.006915603578090668
      vertex 0.0065764284133911135 0.006719141006469726 -0.006719141006469726
    endloop
  endfacet
  facet normal 0.7826791983775115 0.17097271482993073 -0.598482750971838
    outer loop
      vertex 0.0065764284133911135 0.006719141006469726 -0.006719141006469726
      vertex 0.005565968155860902 0.010657118856906891 -0.006915603578090668
      vertex 0.007025745235956633 0.010860372598354633 -0.004948482559277462
    endloop
  endfacet
  facet normal 0.8163407757101114 0.1499152344185918 -0.5577751880482243
    outer loop
      vertex 0.0065764284133911135 0.006719141006469726 -0.006719141006469726
      vertex 0.007025745235956633 0.010860372598354633 -0.004948482559277462
      vertex 0.008253673911094666 0.004784391224384308 -0.004784391224384308
    endloop
  endfacet
  facet normal 0.9800637931517492 0.19836838691738645 0.01117785421265452
    outer loop
      vertex 0.008253673911094666 0.004784391224384308 -0.004784391224384308
      vertex 0.007025745235956633 0.010860372598354633 -0.004948482559277462
      vertex 0.00895405666033427 0.0012136905249208211 -0.0028256642967462537
    endloop
  endfacet
  facet normal 0.9445891785579452 0.12173361985619799 -0.3048478465528881
    outer loop
      vertex 0.00895405666033427 0.0012136905249208211 -0.0028256642967462537
      vertex 0.007025745235956633 0.010860372598354633 -0.004948482559277462
      vertex 0.007871737480163574 0.0099556165933609 -0.0026884177327156067
    endloop
  endfacet
  facet normal 0.9340081912678792 0.11030281017047325 0.33979698161255256
    outer loop
      vertex 0.00895405666033427 0.0012136905249208211 -0.0028256642967462537
      vertex 0.007871737480163574 0.0099556165933609 -0.0026884177327156067
      vertex 0.00857359354062514 0.0016134944869713348 -0.0019096580147743227
    endloop
  endfacet
  facet normal 0.9451161671674525 0.04936498641809584 -0.3229837901112763
    outer loop
      vertex 0.00857359354062514 0.0016134944869713348 -0.0019096580147743227
      vertex 0.007871737480163574 0.0099556165933609 -0.0026884177327156067
      vertex 0.008785489201545716 0.004483436346054077 -0.0008509650826454164
    endloop
  endfacet
  facet normal 0.9853801948060842 0.1696805843394439 0.01530917966935347
    outer loop
      vertex 0.008785489201545716 0.004483436346054077 -0.0008509650826454164
      vertex 0.007871737480163574 0.0099556165933609 -0.0026884177327156067
      vertex 0.007818978428840637 0.01011735200881958 -0.0010851728171110153
    endloop
  endfacet
  facet normal 0.979041182642874 0.17246017365365876 0.1083321337027608
    outer loop
      vertex 0.008785489201545716 0.004483436346054077 -0.0008509650826454164
      vertex 0.007818978428840637 0.01011735200881958 -0.0010851728171110153
      vertex 0.008580490549405415 0.004807487924893697 0.0004858140088617802
    endloop
  endfacet
  facet normal 0.9370485161041323 0.21564700309397786 0.27465696518317123
    outer loop
      vertex 0.008580490549405415 0.004807487924893697 0.0004858140088617802
      vertex 0.007818978428840637 0.01011735200881958 -0.0010851728171110153
      vertex 0.0068371377824103996 0.01199502949028799 0.0007903186665618256
    endloop
  endfacet
  facet normal -0.7929935592610227 -0.5593699195653635 -0.2413845646597429
    outer loop
      vertex 0.0058268781120960535 0.012157320242661697 0.0031933553172991823
      vertex 0.006368571913778576 0.011868920008616465 0.002082110774867675
      vertex 0.006091253328323365 0.011842301845550539 0.0030548376441001893
    endloop
  endfacet
  facet normal 0.48762174364063215 0.025500586304345256 0.872682505397584
    outer loop
      vertex 0.0058268781120960535 0.012157320242661697 0.0031933553172991823
      vertex 0.006091253328323365 0.011842301845550539 0.0030548376441001893
      vertex 0.005785662836216866 0.016587988873745532 0.003086916626767909
    endloop
  endfacet
  facet normal 0.9563509041803266 0.059648891326272956 0.2860680999989653
    outer loop
      vertex 0.005785662836216866 0.016587988873745532 0.003086916626767909
      vertex 0.006091253328323365 0.011842301845550539 0.0030548376441001893
      vertex 0.0062218092823028565 0.015744182710647585 0.0018047850435972215
    endloop
  endfacet
  facet normal 0.9742330107944798 -0.018198011622537875 0.22480852530833612
    outer loop
      vertex 0.006423385136098746 0.02123508681255172 0.0006467974640617903
      vertex 0.006954447547376374 0.0213293371401427 -0.0016469917176189003
      vertex 0.0070181211961640256 0.024341369072596233 -0.0016791078415181904
    endloop
  endfacet
  facet normal 0.9097793808345548 -0.12374020424948066 0.39621943422880107
    outer loop
      vertex 0.006927148309247248 0.03089885666452605 0.0005776974372565747
      vertex 0.0070181211961640256 0.024341369072596233 -0.0016791078415181904
      vertex 0.008047115325927733 0.032839695215225215 -0.0013877870216965674
    endloop
  endfacet
  facet normal 0.9989460515420832 -0.0344607656060543 -0.030318999692050992
    outer loop
      vertex 0.008047115325927733 0.032839695215225215 -0.0013877870216965674
      vertex 0.007995659075677395 0.03254820093512535 -0.0027518459409475327
      vertex 0.00804109513759613 0.0354485821723938 -0.004551416635513306
    endloop
  endfacet
  facet normal 0.9574877478430392 -0.1627715341297929 -0.2381651536381811
    outer loop
      vertex 0.00804109513759613 0.0354485821723938 -0.004551416635513306
      vertex 0.007995659075677395 0.03254820093512535 -0.0027518459409475327
      vertex 0.007869732975959777 0.03415659189224243 -0.004357340931892395
    endloop
  endfacet
  facet normal 0.9011829431969425 -0.17883619862585443 -0.3948251726422086
    outer loop
      vertex 0.00804109513759613 0.0354485821723938 -0.004551416635513306
      vertex 0.007869732975959777 0.03415659189224243 -0.004357340931892395
      vertex 0.00710115327835083 0.03192950735092163 -0.005102854645252228
    endloop
  endfacet
  facet normal 0.9383479924930477 -0.10448329721731552 -0.32952433231381484
    outer loop
      vertex 0.00710115327835083 0.03192950735092163 -0.005102854645252228
      vertex 0.007995659075677395 0.03254820093512535 -0.0027518459409475327
      vertex 0.006994002614702497 0.024494553770337785 -0.0030505514059747966
    endloop
  endfacet
  facet normal 0.992343156892705 -0.12300725193539805 -0.01114786703910136
    outer loop
      vertex 0.006994002614702497 0.024494553770337785 -0.0030505514059747966
      vertex 0.007995659075677395 0.03254820093512535 -0.0027518459409475327
      vertex 0.008047115325927733 0.032839695215225215 -0.0013877870216965674
    endloop
  endfacet
  facet normal 0.992404814083431 -0.11910800756659996 -0.030756584946085762
    outer loop
      vertex 0.006994002614702497 0.024494553770337785 -0.0030505514059747966
      vertex 0.008047115325927733 0.032839695215225215 -0.0013877870216965674
      vertex 0.0070181211961640256 0.024341369072596233 -0.0016791078415181904
    endloop
  endfacet
  facet normal 0.9936137846374975 -0.04310377745593679 -0.10427708927361741
    outer loop
      vertex 0.00710115327835083 0.03192950735092163 -0.005102854645252228
      vertex 0.006994002614702497 0.024494553770337785 -0.0030505514059747966
      vertex 0.006690286565572023 0.020600298643112185 -0.004334815740585327
    endloop
  endfacet
  facet normal 0.9861417412262533 -0.022712231371387812 -0.16434299728733742
    outer loop
      vertex 0.006690286565572023 0.020600298643112185 -0.004334815740585327
      vertex 0.006994002614702497 0.024494553770337785 -0.0030505514059747966
      vertex 0.006925175732905322 0.0213080760807094 -0.003023175992588005
    endloop
  endfacet
  facet normal 0.9995629225543912 -0.02176213660941829 -0.02000932944196536
    outer loop
      vertex 0.006925175732905322 0.0213080760807094 -0.003023175992588005
      vertex 0.006994002614702497 0.024494553770337785 -0.0030505514059747966
      vertex 0.0070181211961640256 0.024341369072596233 -0.0016791078415181904
    endloop
  endfacet
  facet normal 0.999552863681145 -0.021353490833756258 -0.020930865630335124
    outer loop
      vertex 0.0070181211961640256 0.024341369072596233 -0.0016791078415181904
      vertex 0.006954447547376374 0.0213293371401427 -0.0016469917176189003
      vertex 0.006925175732905322 0.0213080760807094 -0.003023175992588005
    endloop
  endfacet
  facet normal 0.9227166609178986 0.16070685878289065 0.3503816051174204
    outer loop
      vertex 0.0068371377824103996 0.01199502949028799 0.0007903186665618256
      vertex 0.006368571913778576 0.011868920008616465 0.002082110774867675
      vertex 0.007159466743469238 0.006352446675300598 0.002529518008232117
    endloop
  endfacet
  facet normal 0.8676986911092031 0.19101950801718726 0.458923227788971
    outer loop
      vertex 0.0068371377824103996 0.01199502949028799 0.0007903186665618256
      vertex 0.007159466743469238 0.006352446675300598 0.002529518008232117
      vertex 0.008580490549405415 0.004807487924893697 0.0004858140088617802
    endloop
  endfacet
  facet normal 0.9545889589336538 0.11396678802329609 0.2752662178866414
    outer loop
      vertex 0.006388846039772034 0.006174741983413696 0.004369328320026398
      vertex 0.006368571913778576 0.011868920008616465 0.002082110774867675
      vertex 0.006091253328323365 0.011842301845550539 0.0030548376441001893
    endloop
  endfacet
  facet normal 0.6353663772385894 0.20597385230857876 0.7442340618648642
    outer loop
      vertex 0.006388846039772034 0.006174741983413696 0.004369328320026398
      vertex 0.006091253328323365 0.011842301845550539 0.0030548376441001893
      vertex 0.0058268781120960535 0.012157320242661697 0.0031933553172991823
    endloop
  endfacet
  facet normal 0.7929935592610227 0.5593699195653635 0.2413845646597429
    outer loop
      vertex 0.0058268781120960535 0.012157320242661697 0.0031933553172991823
      vertex 0.006091253328323365 0.011842301845550539 0.0030548376441001893
      vertex 0.006368571913778576 0.011868920008616465 0.002082110774867675
    endloop
  endfacet
  facet normal 0.822402263162823 0.29941378818781755 0.4837415642548068
    outer loop
      vertex 0.0057763447088223915 0.016040881000183246 0.002378470529974611
      vertex 0.0062218092823028565 0.015744182710647585 0.0018047850435972215
      vertex 0.006513848545592885 0.016805667433627814 0.0006512829377099352
    endloop
  endfacet
  facet normal 0.8906995325089194 0.015987301963053334 0.45431129081757887
    outer loop
      vertex 0.004845779240131379 0.01749542355537415 0.004897671639919281
      vertex 0.005785662836216866 0.016587988873745532 0.003086916626767909
      vertex 0.004818967721964183 0.020531803306780366 0.004843386145014512
    endloop
  endfacet
  facet normal 0.7041439724041302 0.018907815598888426 0.709805438578918
    outer loop
      vertex 0.004845779240131379 0.01749542355537415 0.004897671639919281
      vertex 0.004818967721964183 0.020531803306780366 0.004843386145014512
      vertex 0.0035208903749783835 0.020458333492279053 0.0061330670118331905
    endloop
  endfacet
  facet normal 0.1583975873877921 -0.06999810694707805 0.984891095164106
    outer loop
      vertex -4.760047765254664e-07 0.020418875217437744 0.007272849480311076
      vertex 0.0018575111528237659 0.0204386043548584 0.006975436210632325
      vertex -3.911063504347112e-07 0.032271043062210084 0.008115192221270669
    endloop
  endfacet
  facet normal -0.12739075592939955 -0.07031346727191619 0.989357170906411
    outer loop
      vertex -4.760047765254664e-07 0.020418875217437744 0.007272849480311076
      vertex -3.911063504347112e-07 0.032271043062210084 0.008115192221270669
      vertex -0.0019633362114429478 0.0327986102104187 0.007899935293197631
    endloop
  endfacet
  facet normal -0.43081359168552646 -0.1539986948651173 0.8892041673310224
    outer loop
      vertex -0.0037404269218444825 0.03280997018814087 0.007040913891792297
      vertex -0.0019633362114429478 0.0327986102104187 0.007899935293197631
      vertex -0.003593238949775696 0.03688224633534749 0.007817491213480632
    endloop
  endfacet
  facet normal -0.5115479517149739 -0.27950133189956194 0.8125255064073899
    outer loop
      vertex -0.005212703347206116 0.03507322549819946 0.006175625920295715
      vertex -0.003593238949775696 0.03688224633534749 0.007817491213480632
      vertex -0.004448899924755096 0.0376803708076477 0.007553333640098571
    endloop
  endfacet
  facet normal -0.44048281853073035 -0.181218975123749 0.8792807115104493
    outer loop
      vertex -0.004448899924755096 0.0376803708076477 0.007553333640098571
      vertex -0.003593238949775696 0.03688224633534749 0.007817491213480632
      vertex -0.005087181383913213 0.04057654575868087 0.007830480445515027
    endloop
  endfacet
  facet normal -0.4941008673852518 -0.2027826088436274 0.8454250684713069
    outer loop
      vertex -0.005087181383913213 0.04057654575868087 0.007830480445515027
      vertex -0.003593238949775696 0.03688224633534749 0.007817491213480632
      vertex -0.0030009995081595013 0.040961998530796594 0.009142184385231563
    endloop
  endfacet
  facet normal 0.02537608485623273 -0.7864048975372784 0.6171899152179595
    outer loop
      vertex -0.0030009995081595013 0.040961998530796594 0.009142184385231563
      vertex 0.0001041022104428246 0.04095007109087567 0.008999318924061087
      vertex -1.7069977184291932e-06 0.0417723274230957 0.010051363706588745
    endloop
  endfacet
  facet normal -0.013053191928195597 -0.7884679412694806 0.614937329953836
    outer loop
      vertex -1.7069977184291932e-06 0.0417723274230957 0.010051363706588745
      vertex 0.0001041022104428246 0.04095007109087567 0.008999318924061087
      vertex 0.003062177950685675 0.04103050882166082 0.009165246242826636
    endloop
  endfacet
  facet normal 0.8190733433927583 -0.0822786515135887 0.5677579428317268
    outer loop
      vertex 0.0035703275203704836 0.03720635805130005 0.007877976298332215
      vertex 0.003062177950685675 0.04103050882166082 0.009165246242826636
      vertex 0.0030443507173786993 0.03814239885496057 0.008772423941156139
    endloop
  endfacet
  facet normal 0.42967213317726577 -0.15283282753662084 0.889957293805753
    outer loop
      vertex 0.003739148712158203 0.032782907772064204 0.007036827874183654
      vertex 0.0035703275203704836 0.03720635805130005 0.007877976298332215
      vertex 0.001962286573648453 0.03278282413482666 0.007894684052467347
    endloop
  endfacet
  facet normal 0.9119988040026752 -0.3303680082129686 0.24313609490794674
    outer loop
      vertex 0.006513848545592885 0.016805667433627814 0.0006512829377099352
      vertex 0.005785662836216866 0.016587988873745532 0.003086916626767909
      vertex 0.0057763447088223915 0.016040881000183246 0.002378470529974611
    endloop
  endfacet
  facet normal 0.9301695627358275 0.07290952468290283 0.3598177118630384
    outer loop
      vertex 0.006513848545592885 0.016805667433627814 0.0006512829377099352
      vertex 0.0068371377824103996 0.01199502949028799 0.0007903186665618256
      vertex 0.007611274123191834 0.01184382200241089 -0.0011802724748849868
    endloop
  endfacet
  facet normal 0.9261235582897533 0.13090527512342467 0.3537781278224902
    outer loop
      vertex 0.007611274123191834 0.01184382200241089 -0.0011802724748849868
      vertex 0.0068371377824103996 0.01199502949028799 0.0007903186665618256
      vertex 0.007818978428840637 0.01011735200881958 -0.0010851728171110153
    endloop
  endfacet
  facet normal 0.9924976624571645 0.1205324856829602 0.020501461219901228
    outer loop
      vertex 0.007611274123191834 0.01184382200241089 -0.0011802724748849868
      vertex 0.007818978428840637 0.01011735200881958 -0.0010851728171110153
      vertex 0.007871737480163574 0.0099556165933609 -0.0026884177327156067
    endloop
  endfacet
  facet normal 0.974201535161587 0.0027698591483684798 0.22566279438379977
    outer loop
      vertex 0.006980358712718415 0.01698461288359107 -0.0017055233991969893
      vertex 0.006954447547376374 0.0213293371401427 -0.0016469917176189003
      vertex 0.006423385136098746 0.02123508681255172 0.0006467974640617903
    endloop
  endfacet
  facet normal 0.864755550435277 0.02384961445408767 -0.5016263887414343
    outer loop
      vertex 0.00594731941819191 0.020474608540534973 -0.005621595382690431
      vertex 0.006690286565572023 0.020600298643112185 -0.004334815740585327
      vertex 0.0064269983768463134 0.016680775284767153 -0.0049750512838363644
    endloop
  endfacet
  facet normal 0.777153924280242 -0.008975422940716455 -0.6292465492625727
    outer loop
      vertex 0.00594731941819191 0.020474608540534973 -0.005621595382690431
      vertex 0.0064269983768463134 0.016680775284767153 -0.0049750512838363644
      vertex 0.005026057958602905 0.016689099073410034 -0.006705408096313477
    endloop
  endfacet
  facet normal 0.7741872403888793 0.09112269370445548 -0.6263631307086134
    outer loop
      vertex 0.005026057958602905 0.016689099073410034 -0.006705408096313477
      vertex 0.0064269983768463134 0.016680775284767153 -0.0049750512838363644
      vertex 0.005565968155860902 0.010657118856906891 -0.006915603578090668
    endloop
  endfacet
  facet normal 0.9584445531471238 -0.029209529292452366 0.28377956575680996
    outer loop
      vertex 0.005696535769737128 0.020409711490977894 0.0030906527241071065
      vertex 0.006153563697313525 0.02235714238943513 0.0017475243458121095
      vertex 0.0059341943614623135 0.027324849998249724 0.002999755968065823
    endloop
  endfacet
  facet normal 0.8932144099208924 -0.02479665150087298 0.44894670505976103
    outer loop
      vertex 0.005696535769737128 0.020409711490977894 0.0030906527241071065
      vertex 0.0059341943614623135 0.027324849998249724 0.002999755968065823
      vertex 0.004818967721964183 0.020531803306780366 0.004843386145014512
    endloop
  endfacet
  facet normal 0.9270037735973325 -0.05135775388686501 0.3715190235398472
    outer loop
      vertex 0.004818967721964183 0.020531803306780366 0.004843386145014512
      vertex 0.0059341943614623135 0.027324849998249724 0.002999755968065823
      vertex 0.005151981115341187 0.032586358460513026 0.005678848624229431
    endloop
  endfacet
  facet normal 0.6862980138749425 -0.06913931176236378 0.7240267893664818
    outer loop
      vertex 0.004818967721964183 0.020531803306780366 0.004843386145014512
      vertex 0.005151981115341187 0.032586358460513026 0.005678848624229431
      vertex 0.003739148712158203 0.032782907772064204 0.007036827874183654
    endloop
  endfacet
  facet normal 0.4420721204303041 -0.1573664882504588 0.883067397605626
    outer loop
      vertex 0.0035703275203704836 0.03720635805130005 0.007877976298332215
      vertex 0.0017068155887334244 0.03619388580322266 0.00863044147906096
      vertex 0.001962286573648453 0.03278282413482666 0.007894684052467347
    endloop
  endfacet
  facet normal 0.11394258331264107 -0.20131344561015663 0.9728771681587601
    outer loop
      vertex 0.001962286573648453 0.03278282413482666 0.007894684052467347
      vertex 0.0017068155887334244 0.03619388580322266 0.00863044147906096
      vertex -3.5977169318357486e-07 0.034167892932891845 0.00841115415096283
    endloop
  endfacet
  facet normal 0.05318364190898187 -0.15164471173496558 0.9870032328397492
    outer loop
      vertex -3.5977169318357486e-07 0.034167892932891845 0.00841115415096283
      vertex 0.0017068155887334244 0.03619388580322266 0.00863044147906096
      vertex -8.426641404129236e-05 0.03655700420846744 0.008782742145110151
    endloop
  endfacet
  facet normal -0.068122442919452 -0.19573071901365105 0.9782887193487847
    outer loop
      vertex -8.426641404129236e-05 0.03655700420846744 0.008782742145110151
      vertex -0.0019616487230125225 0.03615653326636867 0.008571887894680625
      vertex -0.0019633362114429478 0.0327986102104187 0.007899935293197631
    endloop
  endfacet
  facet normal -0.47553348346276003 -0.1723840123293301 0.862642254007427
    outer loop
      vertex -0.0019633362114429478 0.0327986102104187 0.007899935293197631
      vertex -0.0019616487230125225 0.03615653326636867 0.008571887894680625
      vertex -0.003593238949775696 0.03688224633534749 0.007817491213480632
    endloop
  endfacet
  facet normal -0.8335777532107428 -0.05738736718922848 0.5494131591427517
    outer loop
      vertex -0.0030615218119187794 0.03811547409404408 0.008753033551302823
      vertex -0.0030009995081595013 0.040961998530796594 0.009142184385231563
      vertex -0.003593238949775696 0.03688224633534749 0.007817491213480632
    endloop
  endfacet
  facet normal 0.0107950779354395 0.07490983225026873 -0.9971318786021258
    outer loop
      vertex -0.001427079290151596 0.008684278726577758 -0.008684278726577758
      vertex -0.0011823277175426483 0.0167057466506958 -0.008079013824462892
      vertex 0.001375366412103176 0.009962779134511948 -0.008557891361415387
    endloop
  endfacet
  facet normal 0.022187133004650087 0.07919408339015016 -0.996612275804903
    outer loop
      vertex 0.001375366412103176 0.009962779134511948 -0.008557891361415387
      vertex -0.0011823277175426483 0.0167057466506958 -0.008079013824462892
      vertex 0.0017768301611596885 0.01670322028073398 -0.008013336170803416
    endloop
  endfacet
  facet normal 0.19288040808475576 -0.05187333376293933 -0.979850144369728
    outer loop
      vertex 0.0015037252331102217 0.03056077828278413 -0.00833895238670143
      vertex 0.0034157311011637956 0.020554146213190898 -0.0074328282794782095
      vertex 0.0011696197092533112 0.02329939842224121 -0.008020302057266235
    endloop
  endfacet
  facet normal -0.005666342847763386 -0.043579777529287655 -0.9990338810817325
    outer loop
      vertex 0.0015037252331102217 0.03056077828278413 -0.00833895238670143
      vertex 0.0011696197092533112 0.02329939842224121 -0.008020302057266235
      vertex -0.001498271830379963 0.030524079799652097 -0.00832032473385334
    endloop
  endfacet
  facet normal -0.00022767226659027272 -0.04157562754106832 -0.9991353338561825
    outer loop
      vertex 0.0011696197092533112 0.02329939842224121 -0.008020302057266235
      vertex -0.0011694170534610748 0.02329885721206665 -0.008019746541976928
      vertex -0.001498271830379963 0.030524079799652097 -0.00832032473385334
    endloop
  endfacet
  facet normal -0.004013284726646192 -0.17174676507064313 -0.9851329566274148
    outer loop
      vertex -0.001498271830379963 0.030524079799652097 -0.00832032473385334
      vertex 0.0001334718018770218 0.03150245904922486 -0.008497541546821594
      vertex 0.0015037252331102217 0.03056077828278413 -0.00833895238670143
    endloop
  endfacet
  facet normal 0.10731051136319224 -0.06930622503450484 -0.9918069879378935
    outer loop
      vertex 0.0034157311011637956 0.020554146213190898 -0.0074328282794782095
      vertex 0.0015037252331102217 0.03056077828278413 -0.00833895238670143
      vertex 0.003272506445646286 0.031756205558776854 -0.008231110572814943
    endloop
  endfacet
  facet normal 0.38257856896425546 0.24681608539408606 -0.8903456960978704
    outer loop
      vertex 0.004294568598270416 0.03163361310958862 -0.007825918197631836
      vertex 0.003272506445646286 0.031756205558776854 -0.008231110572814943
      vertex 0.0055237231850624085 0.032253735184669494 -0.007125848203897477
    endloop
  endfacet
  facet normal 0.7510849008995668 -0.2230083877456905 -0.6214006200799577
    outer loop
      vertex 0.0055237231850624085 0.032253735184669494 -0.007125848203897477
      vertex 0.006865976452827453 0.033904206752777104 -0.006095792651176452
      vertex 0.00710115327835083 0.03192950735092163 -0.005102854645252228
    endloop
  endfacet
  facet normal 0.8532295041145105 -0.14960702648107055 -0.4996170042502544
    outer loop
      vertex 0.006865976452827453 0.033904206752777104 -0.006095792651176452
      vertex 0.00804109513759613 0.0354485821723938 -0.004551416635513306
      vertex 0.00710115327835083 0.03192950735092163 -0.005102854645252228
    endloop
  endfacet
  facet normal 0.7769338599650832 -0.1270434737800214 0.6166309536583949
    outer loop
      vertex 0.005622773170471191 0.034262826442718504 0.005431066751480103
      vertex 0.004667671414522024 0.03705251436967116 0.007209217089873094
      vertex 0.005151981115341187 0.032586358460513026 0.005678848624229431
    endloop
  endfacet
  facet normal -0.6943541322640993 -0.18589376551108652 0.6952092109227831
    outer loop
      vertex -0.005212703347206116 0.03507322549819946 0.006175625920295715
      vertex -0.005362538656880778 0.03307492963729366 0.005491645470742257
      vertex -0.0037404269218444825 0.03280997018814087 0.007040913891792297
    endloop
  endfacet
  facet normal -0.6359031728274583 -0.12233060035819378 0.7620120596184652
    outer loop
      vertex -0.005212703347206116 0.03507322549819946 0.006175625920295715
      vertex -0.0037404269218444825 0.03280997018814087 0.007040913891792297
      vertex -0.003593238949775696 0.03688224633534749 0.007817491213480632
    endloop
  endfacet
  facet normal -0.9299956321146389 -0.057285667001779055 0.36307916024450443
    outer loop
      vertex -0.0061348607142766316 0.032615792927918615 0.003990359913419794
      vertex -0.006667217301285786 0.032381322902181875 0.0025897808437762054
      vertex -0.005659313201904296 0.02033996025721232 0.00327158510684967
    endloop
  endfacet
  facet normal -0.9409810385020471 -0.05990173672486291 0.333116296684738
    outer loop
      vertex -0.005659313201904296 0.02033996025721232 0.00327158510684967
      vertex -0.006667217301285786 0.032381322902181875 0.0025897808437762054
      vertex -0.00604989767074585 0.02032697359720866 0.0021659336984157563
    endloop
  endfacet
  facet normal -0.9428068093883565 0.018165343375415626 0.33284431867015624
    outer loop
      vertex -0.005659313201904296 0.02033996025721232 0.00327158510684967
      vertex -0.00604989767074585 0.02032697359720866 0.0021659336984157563
      vertex -0.005696973502635956 0.01748303771018982 0.0033208291232585904
    endloop
  endfacet
  facet normal -0.9412822435193955 0.020052151336479973 0.3370247012636789
    outer loop
      vertex -0.005696973502635956 0.01748303771018982 0.0033208291232585904
      vertex -0.00604989767074585 0.02032697359720866 0.0021659336984157563
      vertex -0.006093804538249969 0.01748187303543091 0.002212582007050514
    endloop
  endfacet
  facet normal -0.8935964530014918 -0.06459682764241186 0.44419886204456804
    outer loop
      vertex -0.007880203127861023 0.03163361310958862 -0.0015344510972499848
      vertex -0.0070426239569981895 0.03224631210168203 0.00023961060059567293
      vertex -0.008309727907180786 0.03425854444503784 -0.0020168016850948332
    endloop
  endfacet
  facet normal -0.9805449441685161 -0.17630721565649674 -0.08629819333575504
    outer loop
      vertex -0.007880203127861023 0.03163361310958862 -0.0015344510972499848
      vertex -0.008309727907180786 0.03425854444503784 -0.0020168016850948332
      vertex -0.007829962372779846 0.03232478033412586 -0.003517355729233135
    endloop
  endfacet
  facet normal -0.4690054871573211 -0.05963569546909249 -0.8811795712805884
    outer loop
      vertex -0.0055681074857711794 0.03243385672569275 -0.007124080598354339
      vertex -0.003538426513021643 0.031762563315304845 -0.008158941702409224
      vertex -0.004998196977026323 0.020367273022146786 -0.0066107823217616355
    endloop
  endfacet
  facet normal -0.7444673501036276 -0.06343449132344599 -0.6646385709091962
    outer loop
      vertex -0.0055681074857711794 0.03243385672569275 -0.007124080598354339
      vertex -0.004998196977026323 0.020367273022146786 -0.0066107823217616355
      vertex -0.006196309725443523 0.02023751735687256 -0.005256381829579671
    endloop
  endfacet
  facet normal -0.9934242424170973 0.02174619495205483 -0.11240719542415294
    outer loop
      vertex -0.0071515299876530975 0.020279839038848876 -0.001762337386608124
      vertex -0.006946247021357218 0.02025867780049642 -0.0035806662837664285
      vertex -0.007216884195804595 0.01747764587402344 -0.0017268644273281096
    endloop
  endfacet
  facet normal -0.9810537489480572 0.025312124607350796 0.19207508433637124
    outer loop
      vertex -0.0071515299876530975 0.020279839038848876 -0.001762337386608124
      vertex -0.007216884195804595 0.01747764587402344 -0.0017268644273281096
      vertex -0.006870245337486268 0.01747954308986664 4.339812439866364e-05
    endloop
  endfacet
  facet normal -0.938786774005226 0.07627465548459778 0.33594876080076047
    outer loop
      vertex -0.006093804538249969 0.01748187303543091 0.002212582007050514
      vertex -0.006870245337486268 0.01747954308986664 4.339812439866364e-05
      vertex -0.00723414421081543 0.01184382200241089 0.000306054949760437
    endloop
  endfacet
  facet normal -0.9306943161395466 0.06661254630926516 0.35968160723025283
    outer loop
      vertex -0.006093804538249969 0.01748187303543091 0.002212582007050514
      vertex -0.00723414421081543 0.01184382200241089 0.000306054949760437
      vertex -0.006372519731521606 0.01184382200241089 0.0025355517864227295
    endloop
  endfacet
  facet normal -0.9247386674390384 0.13091205727932048 0.3573799521545208
    outer loop
      vertex -0.006372519731521606 0.01184382200241089 0.0025355517864227295
      vertex -0.00723414421081543 0.01184382200241089 0.000306054949760437
      vertex -0.007096208930015564 0.006366111040115356 0.002669512927532196
    endloop
  endfacet
  facet normal -0.9108893950957416 0.12992080937903408 0.3916645161262514
    outer loop
      vertex -0.006372519731521606 0.01184382200241089 0.0025355517864227295
      vertex -0.007096208930015564 0.006366111040115356 0.002669512927532196
      vertex -0.006393212676048278 0.006169624924659729 0.004369640052318573
    endloop
  endfacet
  facet normal -0.12151911325406901 -0.07117014495642221 -0.9900343002042034
    outer loop
      vertex -0.003538426513021643 0.031762563315304845 -0.008158941702409224
      vertex -0.001498271830379963 0.030524079799652097 -0.00832032473385334
      vertex -0.003191415385620014 0.020641882161836368 -0.0074021073128726035
    endloop
  endfacet
  facet normal -0.22998287655479224 -0.05089832406442765 -0.9718627665977413
    outer loop
      vertex -0.003191415385620014 0.020641882161836368 -0.0074021073128726035
      vertex -0.001498271830379963 0.030524079799652097 -0.00832032473385334
      vertex -0.0011694170534610748 0.02329885721206665 -0.008019746541976928
    endloop
  endfacet
  facet normal -0.417191118220684 0.026779676042717478 -0.9084241409324294
    outer loop
      vertex -0.003191415385620014 0.020641882161836368 -0.0074021073128726035
      vertex -0.0028325989141183743 0.017442065827986773 -0.007661220957251156
      vertex -0.005070613676851446 0.01740180644122037 -0.006634606068784541
    endloop
  endfacet
  facet normal -0.21096812982607407 0.07994731151241496 -0.9742180841986181
    outer loop
      vertex -0.0028325989141183743 0.017442065827986773 -0.007661220957251156
      vertex -0.0011823277175426483 0.0167057466506958 -0.008079013824462892
      vertex -0.001427079290151596 0.008684278726577758 -0.008684278726577758
    endloop
  endfacet
  facet normal -0.1836245075452989 0.08493168340124121 -0.9793205039124718
    outer loop
      vertex -0.0028325989141183743 0.017442065827986773 -0.007661220957251156
      vertex -0.001427079290151596 0.008684278726577758 -0.008684278726577758
      vertex -0.003243163228034973 0.01184382200241089 -0.008069747686386108
    endloop
  endfacet
  facet normal -0.1863904126235792 0.08326800401275708 -0.9789407814519443
    outer loop
      vertex -0.003243163228034973 0.01184382200241089 -0.008069747686386108
      vertex -0.001427079290151596 0.008684278726577758 -0.008684278726577758
      vertex -0.003986431658267975 0.008235177993774415 -0.008235177993774415
    endloop
  endfacet
  facet normal -0.4883837776632269 0.1400768504629784 -0.8613128129081606
    outer loop
      vertex -0.003243163228034973 0.01184382200241089 -0.008069747686386108
      vertex -0.003986431658267975 0.008235177993774415 -0.008235177993774415
      vertex -0.0054967284202575685 0.01184382200241089 -0.006791925430297853
    endloop
  endfacet
  facet normal -0.5286333486527093 0.11511116491542772 -0.8410090382415852
    outer loop
      vertex -0.0054967284202575685 0.01184382200241089 -0.006791925430297853
      vertex -0.003986431658267975 0.008235177993774415 -0.008235177993774415
      vertex -0.006260898113250733 0.006977638602256775 -0.006977638602256775
    endloop
  endfacet
  facet normal -0.7595409575781934 0.14348847536302678 -0.6344356477998341
    outer loop
      vertex -0.0054967284202575685 0.01184382200241089 -0.006791925430297853
      vertex -0.006260898113250733 0.006977638602256775 -0.006977638602256775
      vertex -0.006745481491088868 0.01184382200241089 -0.005296928882598878
    endloop
  endfacet
  facet normal -0.7844057535869161 0.13126018930199168 -0.6061999475784766
    outer loop
      vertex -0.006745481491088868 0.01184382200241089 -0.005296928882598878
      vertex -0.006260898113250733 0.006977638602256775 -0.006977638602256775
      vertex -0.00808506190776825 0.005037351250648498 -0.005037351250648498
    endloop
  endfacet
  facet normal -0.9122974485325079 0.1652590835457479 -0.3747036171518704
    outer loop
      vertex -0.006745481491088868 0.01184382200241089 -0.005296928882598878
      vertex -0.00808506190776825 0.005037351250648498 -0.005037351250648498
      vertex -0.007491218447685242 0.01184382200241089 -0.0034812700748443606
    endloop
  endfacet
  facet normal -0.9778034336633064 0.12393321668581446 -0.16894082667654595
    outer loop
      vertex -0.007491218447685242 0.01184382200241089 -0.0034812700748443606
      vertex -0.00808506190776825 0.005037351250648498 -0.005037351250648498
      vertex -0.008952800691127777 0.0011787757873535155 -0.002845623530447483
    endloop
  endfacet
  facet normal -0.9834679679041608 0.12709053739316606 -0.12899128424655917
    outer loop
      vertex -0.007491218447685242 0.01184382200241089 -0.0034812700748443606
      vertex -0.008952800691127777 0.0011787757873535155 -0.002845623530447483
      vertex -0.008787263631820679 0.0044791680574417115 -0.0008559679239988326
    endloop
  endfacet
  facet normal -0.8873866063486686 -0.20456470579241665 0.41315649821472616
    outer loop
      vertex -0.008787263631820679 0.0044791680574417115 -0.0008559679239988326
      vertex -0.008952800691127777 0.0011787757873535155 -0.002845623530447483
      vertex -0.008649366185313366 0.0016871237791463978 -0.0019422036995653247
    endloop
  endfacet
  facet normal -0.9862008117581185 0.14520951573140267 -0.07951198292508917
    outer loop
      vertex -0.007491218447685242 0.01184382200241089 -0.0034812700748443606
      vertex -0.008787263631820679 0.0044791680574417115 -0.0008559679239988326
      vertex -0.007647438645362854 0.01184382200241089 -0.0015436440706253051
    endloop
  endfacet
  facet normal -0.9823283136772899 0.1609541919451129 0.0955239877896005
    outer loop
      vertex -0.007647438645362854 0.01184382200241089 -0.0015436440706253051
      vertex -0.008787263631820679 0.0044791680574417115 -0.0008559679239988326
      vertex -0.008614218585631425 0.004751490144168629 0.00046470209737034404
    endloop
  endfacet
  facet normal -0.9579321891956581 0.19118879346993725 0.21403916967303765
    outer loop
      vertex -0.007647438645362854 0.01184382200241089 -0.0015436440706253051
      vertex -0.008614218585631425 0.004751490144168629 0.00046470209737034404
      vertex -0.00723414421081543 0.01184382200241089 0.000306054949760437
    endloop
  endfacet
  facet normal -0.8666967943787556 0.1790624663369622 0.46558919635544976
    outer loop
      vertex -0.00723414421081543 0.01184382200241089 0.000306054949760437
      vertex -0.008614218585631425 0.004751490144168629 0.00046470209737034404
      vertex -0.007096208930015564 0.006366111040115356 0.002669512927532196
    endloop
  endfacet
  facet normal 0.9045601367848246 0.16168190230737223 0.39449958353094433
    outer loop
      vertex 0.006388846039772034 0.006174741983413696 0.004369328320026398
      vertex 0.007159466743469238 0.006352446675300598 0.002529518008232117
      vertex 0.006368571913778576 0.011868920008616465 0.002082110774867675
    endloop
  endfacet
  facet normal -0.6019491627487652 0.609419170972776 -0.5160091854966488
    outer loop
      vertex 0.00857359354062514 0.0016134944869713348 -0.0019096580147743227
      vertex 0.009401975870132447 0.002192355990409851 -0.002192355990409851
      vertex 0.00895405666033427 0.0012136905249208211 -0.0028256642967462537
    endloop
  endfacet
  facet normal 0.36787703002799227 0.1476320275662401 -0.9180802117541064
    outer loop
      vertex 0.004392971992492676 0.009308683872222901 -0.007894769310951233
      vertex 0.004153915643692017 0.008173158168792724 -0.008173158168792724
      vertex 0.002822140604257584 0.01049538791179657 -0.008333377242088318
    endloop
  endfacet
  facet normal 0.1474527760414338 0.016332492278968172 -0.9889342387305802
    outer loop
      vertex 0.002822140604257584 0.01049538791179657 -0.008333377242088318
      vertex 0.004153915643692017 0.008173158168792724 -0.008173158168792724
      vertex 0.001375366412103176 0.009962779134511948 -0.008557891361415387
    endloop
  endfacet
  facet normal -0.40331675466133193 0.017199042440888646 -0.9148987858493243
    outer loop
      vertex -0.004998196977026323 0.020367273022146786 -0.0066107823217616355
      vertex -0.003191415385620014 0.020641882161836368 -0.0074021073128726035
      vertex -0.005070613676851446 0.01740180644122037 -0.006634606068784541
    endloop
  endfacet
  facet normal -0.7527516934174123 0.023667417488358735 -0.6578789717012163
    outer loop
      vertex -0.004998196977026323 0.020367273022146786 -0.0066107823217616355
      vertex -0.005070613676851446 0.01740180644122037 -0.006634606068784541
      vertex -0.006271972060203552 0.017473849654197692 -0.005257408022880554
    endloop
  endfacet
  facet normal -0.4164301705201926 0.09651099465826792 -0.9040307190525082
    outer loop
      vertex -0.005070613676851446 0.01740180644122037 -0.006634606068784541
      vertex -0.0028325989141183743 0.017442065827986773 -0.007661220957251156
      vertex -0.003243163228034973 0.01184382200241089 -0.008069747686386108
    endloop
  endfacet
  facet normal 0.9564663038355196 0.019829061878046228 0.29116836698421794
    outer loop
      vertex 0.006423385136098746 0.02123508681255172 0.0006467974640617903
      vertex 0.005696535769737128 0.020409711490977894 0.0030906527241071065
      vertex 0.006513848545592885 0.016805667433627814 0.0006512829377099352
    endloop
  endfacet
  facet normal 0.9573217863883313 0.022044144411943706 0.2881823259733318
    outer loop
      vertex 0.006513848545592885 0.016805667433627814 0.0006512829377099352
      vertex 0.005696535769737128 0.020409711490977894 0.0030906527241071065
      vertex 0.005785662836216866 0.016587988873745532 0.003086916626767909
    endloop
  endfacet
  facet normal 0.7010845849703943 0.06399988716550548 0.7102002669386238
    outer loop
      vertex 0.004845779240131379 0.01749542355537415 0.004897671639919281
      vertex 0.003537368178367615 0.017493653893470764 0.006189448237419129
      vertex 0.0036435642838478087 0.01184382200241089 0.006593751311302185
    endloop
  endfacet
  facet normal 0.4396062496980085 0.07232893995122637 0.8952736283796057
    outer loop
      vertex 0.0036435642838478087 0.01184382200241089 0.006593751311302185
      vertex 0.003537368178367615 0.017493653893470764 0.006189448237419129
      vertex 0.0019158017635345457 0.01184382200241089 0.0074421346187591554
    endloop
  endfacet
  facet normal 0.4490305838011571 0.0686488550633506 0.8908753389277779
    outer loop
      vertex 0.003537368178367615 0.017493653893470764 0.006189448237419129
      vertex 0.0018652737885713575 0.01749188482761383 0.007032375335693359
      vertex 0.0019158017635345457 0.01184382200241089 0.0074421346187591554
    endloop
  endfacet
  facet normal 0.15331809961344844 0.0728673112229941 0.9854866388166063
    outer loop
      vertex 0.0019158017635345457 0.01184382200241089 0.0074421346187591554
      vertex 0.0018652737885713575 0.01749188482761383 0.007032375335693359
      vertex -4.188383536529727e-07 0.01184382200241089 0.007740252614021301
    endloop
  endfacet
  facet normal 0.702450011456417 0.01743566955575833 0.7115194859116806
    outer loop
      vertex 0.004845779240131379 0.01749542355537415 0.004897671639919281
      vertex 0.0035208903749783835 0.020458333492279053 0.0061330670118331905
      vertex 0.003537368178367615 0.017493653893470764 0.006189448237419129
    endloop
  endfacet
  facet normal 0.451520452388643 0.019474224961220466 0.8920482249502629
    outer loop
      vertex 0.003537368178367615 0.017493653893470764 0.006189448237419129
      vertex 0.0035208903749783835 0.020458333492279053 0.0061330670118331905
      vertex 0.0018575111528237659 0.0204386043548584 0.006975436210632325
    endloop
  endfacet
  facet normal 0.4500583836202498 0.018437245088482428 0.8928087809417397
    outer loop
      vertex 0.003537368178367615 0.017493653893470764 0.006189448237419129
      vertex 0.0018575111528237659 0.0204386043548584 0.006975436210632325
      vertex 0.0018652737885713575 0.01749188482761383 0.007032375335693359
    endloop
  endfacet
  facet normal 0.15782877501542272 0.019492757659241366 0.9872740805753836
    outer loop
      vertex 0.0018652737885713575 0.01749188482761383 0.007032375335693359
      vertex 0.0018575111528237659 0.0204386043548584 0.006975436210632325
      vertex -4.760047765254664e-07 0.020418875217437744 0.007272849480311076
    endloop
  endfacet
  facet normal 0.027820455115235815 -0.0642224288699698 0.997547744174294
    outer loop
      vertex 0.0018652737885713575 0.01749188482761383 0.007032375335693359
      vertex -4.760047765254664e-07 0.020418875217437744 0.007272849480311076
      vertex -2.954443487780713e-07 0.01694337104496203 0.007049090423082051
    endloop
  endfacet
  facet normal -0.1553774320786503 -0.06347648604938641 0.9858136686613077
    outer loop
      vertex -2.954443487780713e-07 0.01694337104496203 0.007049090423082051
      vertex -4.760047765254664e-07 0.020418875217437744 0.007272849480311076
      vertex -0.0018584896127382916 0.020399146874745686 0.006978731354077656
    endloop
  endfacet
  facet normal -0.001437227061771486 0.019583115376156444 0.9998071993992327
    outer loop
      vertex -2.954443487780713e-07 0.01694337104496203 0.007049090423082051
      vertex -0.0018584896127382916 0.020399146874745686 0.006978731354077656
      vertex -0.0018662352114915848 0.017488346099853516 0.007035733759403229
    endloop
  endfacet
  facet normal -0.45338167757966674 0.018657327480984486 0.8911211806293879
    outer loop
      vertex -0.0018662352114915848 0.017488346099853516 0.007035733759403229
      vertex -0.0018584896127382916 0.020399146874745686 0.006978731354077656
      vertex -0.00352130542198817 0.02037941773732503 0.006133142511049907
    endloop
  endfacet
  facet normal -0.45151179260767066 0.020014847875928807 0.8920406420117367
    outer loop
      vertex -0.0018662352114915848 0.017488346099853516 0.007035733759403229
      vertex -0.00352130542198817 0.02037941773732503 0.006133142511049907
      vertex -0.003537770807743073 0.017486576437950135 0.0061897155642509465
    endloop
  endfacet
  facet normal -0.7045703764631768 0.017883608572302753 0.7094087405402968
    outer loop
      vertex -0.003537770807743073 0.017486576437950135 0.0061897155642509465
      vertex -0.00352130542198817 0.02037941773732503 0.006133142511049907
      vertex -0.004820081293582916 0.020359689394632976 0.0048437219858169555
    endloop
  endfacet
  facet normal -0.7022204179989477 0.019995882034606366 0.7116787542473367
    outer loop
      vertex -0.003537770807743073 0.017486576437950135 0.0061897155642509465
      vertex -0.004820081293582916 0.020359689394632976 0.0048437219858169555
      vertex -0.004846738278865815 0.017484806776046753 0.00489819422364235
    endloop
  endfacet
  facet normal -0.8821362232324954 0.01709784536324335 0.4706839144745054
    outer loop
      vertex -0.004846738278865815 0.017484806776046753 0.00489819422364235
      vertex -0.004820081293582916 0.020359689394632976 0.0048437219858169555
      vertex -0.005659313201904296 0.02033996025721232 0.00327158510684967
    endloop
  endfacet
  facet normal -0.8801019816013539 0.01977824542334937 0.4743725571629789
    outer loop
      vertex -0.004846738278865815 0.017484806776046753 0.00489819422364235
      vertex -0.005659313201904296 0.02033996025721232 0.00327158510684967
      vertex -0.005696973502635956 0.01748303771018982 0.0033208291232585904
    endloop
  endfacet
  facet normal -0.03059587773921378 0.13424388122168562 0.9904758818971339
    outer loop
      vertex 0.0018652737885713575 0.01749188482761383 0.007032375335693359
      vertex -2.954443487780713e-07 0.01694337104496203 0.007049090423082051
      vertex -4.188383536529727e-07 0.01184382200241089 0.007740252614021301
    endloop
  endfacet
  facet normal -0.15082830509767664 0.1327731507093228 0.9796030383946762
    outer loop
      vertex -4.188383536529727e-07 0.01184382200241089 0.007740252614021301
      vertex -2.954443487780713e-07 0.01694337104496203 0.007049090423082051
      vertex -0.0019166551530361176 0.01184382200241089 0.007445212006568909
    endloop
  endfacet
  facet normal 0.013955078318492803 0.07222314843593179 0.9972908666076944
    outer loop
      vertex -2.954443487780713e-07 0.01694337104496203 0.007049090423082051
      vertex -0.0018662352114915848 0.017488346099853516 0.007035733759403229
      vertex -0.0019166551530361176 0.01184382200241089 0.007445212006568909
    endloop
  endfacet
  facet normal -0.44104070780107013 0.06885532517965869 0.8948419068510003
    outer loop
      vertex -0.0019166551530361176 0.01184382200241089 0.007445212006568909
      vertex -0.0018662352114915848 0.017488346099853516 0.007035733759403229
      vertex -0.0036438983678817754 0.01184382200241089 0.006593905687332154
    endloop
  endfacet
  facet normal -0.45046724655491394 0.07221344105451595 0.8898676748327812
    outer loop
      vertex -0.0018662352114915848 0.017488346099853516 0.007035733759403229
      vertex -0.003537770807743073 0.017486576437950135 0.0061897155642509465
      vertex -0.0036438983678817754 0.01184382200241089 0.006593905687332154
    endloop
  endfacet
  facet normal -0.6884984937840894 0.06469076753883808 0.7223468201994634
    outer loop
      vertex -0.0036438983678817754 0.01184382200241089 0.006593905687332154
      vertex -0.003537770807743073 0.017486576437950135 0.0061897155642509465
      vertex -0.005016353130340576 0.01184382200241089 0.0052857625484466556
    endloop
  endfacet
  facet normal -0.7006793851822387 0.0698526920978464 0.7100485903002156
    outer loop
      vertex -0.003537770807743073 0.017486576437950135 0.0061897155642509465
      vertex -0.004846738278865815 0.017484806776046753 0.00489819422364235
      vertex -0.005016353130340576 0.01184382200241089 0.0052857625484466556
    endloop
  endfacet
  facet normal -0.8678246390603309 0.059982239908649954 0.49323678566723683
    outer loop
      vertex -0.005016353130340576 0.01184382200241089 0.0052857625484466556
      vertex -0.004846738278865815 0.017484806776046753 0.00489819422364235
      vertex -0.005933496356010437 0.01184382200241089 0.003672096431255341
    endloop
  endfacet
  facet normal -0.8783575521925087 0.06632741052963509 0.4733800641332688
    outer loop
      vertex -0.004846738278865815 0.017484806776046753 0.00489819422364235
      vertex -0.005696973502635956 0.01748303771018982 0.0033208291232585904
      vertex -0.005933496356010437 0.01184382200241089 0.003672096431255341
    endloop
  endfacet
  facet normal -0.9427592180837799 0.020006881870637757 0.33287352162026124
    outer loop
      vertex -0.006815593242645263 0.020301000277201334 -1.0963194654323165e-06
      vertex -0.006093804538249969 0.01748187303543091 0.002212582007050514
      vertex -0.00604989767074585 0.02032697359720866 0.0021659336984157563
    endloop
  endfacet
  facet normal -0.9939612205702656 0.025600199686024963 -0.10670389767249956
    outer loop
      vertex -0.007216884195804595 0.01747764587402344 -0.0017268644273281096
      vertex -0.006946247021357218 0.02025867780049642 -0.0035806662837664285
      vertex -0.00702003985643387 0.01747574746608734 -0.003560951501131058
    endloop
  endfacet
  facet normal -0.9124549939444869 0.02130011671693729 -0.40862230611361755
    outer loop
      vertex -0.00702003985643387 0.01747574746608734 -0.003560951501131058
      vertex -0.006946247021357218 0.02025867780049642 -0.0035806662837664285
      vertex -0.006196309725443523 0.02023751735687256 -0.005256381829579671
    endloop
  endfacet
  facet normal -0.9146904780639097 0.025191723248799727 -0.40336919369105545
    outer loop
      vertex -0.00702003985643387 0.01747574746608734 -0.003560951501131058
      vertex -0.006196309725443523 0.02023751735687256 -0.005256381829579671
      vertex -0.006271972060203552 0.017473849654197692 -0.005257408022880554
    endloop
  endfacet
  facet normal -0.7498247169910397 0.02077388714750017 -0.661310320048077
    outer loop
      vertex -0.006271972060203552 0.017473849654197692 -0.005257408022880554
      vertex -0.006196309725443523 0.02023751735687256 -0.005256381829579671
      vertex -0.004998196977026323 0.020367273022146786 -0.0066107823217616355
    endloop
  endfacet
  facet normal -0.4922882143550883 0.06231678597364448 -0.8681986709233053
    outer loop
      vertex -0.003243163228034973 0.01184382200241089 -0.008069747686386108
      vertex -0.0054967284202575685 0.01184382200241089 -0.006791925430297853
      vertex -0.005070613676851446 0.01740180644122037 -0.006634606068784541
    endloop
  endfacet
  facet normal -0.7494180712323014 0.07607235727488339 -0.6577123618794919
    outer loop
      vertex -0.005070613676851446 0.01740180644122037 -0.006634606068784541
      vertex -0.0054967284202575685 0.01184382200241089 -0.006791925430297853
      vertex -0.006271972060203552 0.017473849654197692 -0.005257408022880554
    endloop
  endfacet
  facet normal -0.7656598238747951 0.06888466726493453 -0.639546665005625
    outer loop
      vertex -0.0054967284202575685 0.01184382200241089 -0.006791925430297853
      vertex -0.006745481491088868 0.01184382200241089 -0.005296928882598878
      vertex -0.006271972060203552 0.017473849654197692 -0.005257408022880554
    endloop
  endfacet
  facet normal -0.912060014553627 0.07953194986106686 -0.4022700570558721
    outer loop
      vertex -0.006271972060203552 0.017473849654197692 -0.005257408022880554
      vertex -0.006745481491088868 0.01184382200241089 -0.005296928882598878
      vertex -0.00702003985643387 0.01747574746608734 -0.003560951501131058
    endloop
  endfacet
  facet normal -0.9226269944588638 0.07182749746911184 -0.37894622270597766
    outer loop
      vertex -0.006745481491088868 0.01184382200241089 -0.005296928882598878
      vertex -0.007491218447685242 0.01184382200241089 -0.0034812700748443606
      vertex -0.00702003985643387 0.01747574746608734 -0.003560951501131058
    endloop
  endfacet
  facet normal -0.9909812894316218 0.08140159768956273 -0.10644183336464505
    outer loop
      vertex -0.00702003985643387 0.01747574746608734 -0.003560951501131058
      vertex -0.007491218447685242 0.01184382200241089 -0.0034812700748443606
      vertex -0.007216884195804595 0.01747764587402344 -0.0017268644273281096
    endloop
  endfacet
  facet normal -0.9940795369489118 0.07336416232061158 -0.0801472014884617
    outer loop
      vertex -0.007491218447685242 0.01184382200241089 -0.0034812700748443606
      vertex -0.007647438645362854 0.01184382200241089 -0.0015436440706253051
      vertex -0.007216884195804595 0.01747764587402344 -0.0017268644273281096
    endloop
  endfacet
  facet normal -0.9781563678521089 0.08097994768986103 0.19144808200271266
    outer loop
      vertex -0.007216884195804595 0.01747764587402344 -0.0017268644273281096
      vertex -0.007647438645362854 0.01184382200241089 -0.0015436440706253051
      vertex -0.006870245337486268 0.01747954308986664 4.339812439866364e-05
    endloop
  endfacet
  facet normal -0.9733322810187724 0.07298394633514782 0.2174801469195332
    outer loop
      vertex -0.007647438645362854 0.01184382200241089 -0.0015436440706253051
      vertex -0.00723414421081543 0.01184382200241089 0.000306054949760437
      vertex -0.006870245337486268 0.01747954308986664 4.339812439866364e-05
    endloop
  endfacet
  facet normal 0.8975053109701526 0.05696343238622235 0.43730925459124453
    outer loop
      vertex 0.00501555860042572 0.01184382200241089 0.0052853989601135245
      vertex 0.005785662836216866 0.016587988873745532 0.003086916626767909
      vertex 0.004845779240131379 0.01749542355537415 0.004897671639919281
    endloop
  endfacet
  facet normal 0.6884198577034951 0.07020706811074606 0.7219065501204383
    outer loop
      vertex 0.00501555860042572 0.01184382200241089 0.0052853989601135245
      vertex 0.004845779240131379 0.01749542355537415 0.004897671639919281
      vertex 0.0036435642838478087 0.01184382200241089 0.006593751311302185
    endloop
  endfacet
  facet normal 0.7965822466277613 0.0792089507953001 -0.5993185016928614
    outer loop
      vertex 0.0064269983768463134 0.016680775284767153 -0.0049750512838363644
      vertex 0.007025745235956633 0.010860372598354633 -0.004948482559277462
      vertex 0.005565968155860902 0.010657118856906891 -0.006915603578090668
    endloop
  endfacet
  facet normal 0.7173748593410144 0.024755453221725714 -0.6962474263659771
    outer loop
      vertex 0.00594731941819191 0.020474608540534973 -0.005621595382690431
      vertex 0.005026057958602905 0.016689099073410034 -0.006705408096313477
      vertex 0.004928870350122452 0.020466691553592684 -0.006671230494976044
    endloop
  endfacet
  facet normal 0.20085335211531216 0.08413800632957434 -0.9760013969431227
    outer loop
      vertex 0.0017768301611596885 0.01670322028073398 -0.008013336170803416
      vertex 0.003366363495588303 0.017388833761215212 -0.007627118229866027
      vertex 0.002822140604257584 0.01049538791179657 -0.008333377242088318
    endloop
  endfacet
  facet normal 0.3737349710030113 0.06528815529134731 -0.9252349043502581
    outer loop
      vertex 0.002822140604257584 0.01049538791179657 -0.008333377242088318
      vertex 0.003366363495588303 0.017388833761215212 -0.007627118229866027
      vertex 0.004128924608230591 0.01184382200241089 -0.007710370421409607
    endloop
  endfacet
  facet normal 0.33914874529299416 0.10333625150918108 -0.935039971172473
    outer loop
      vertex 0.002822140604257584 0.01049538791179657 -0.008333377242088318
      vertex 0.004128924608230591 0.01184382200241089 -0.007710370421409607
      vertex 0.004392971992492676 0.009308683872222901 -0.007894769310951233
    endloop
  endfacet
  facet normal 0.8945642248578639 0.02042582062817616 0.44647243303043305
    outer loop
      vertex 0.005785662836216866 0.016587988873745532 0.003086916626767909
      vertex 0.005696535769737128 0.020409711490977894 0.0030906527241071065
      vertex 0.004818967721964183 0.020531803306780366 0.004843386145014512
    endloop
  endfacet
  facet normal -0.9424938543390364 -0.024629429969330187 0.33331475471771893
    outer loop
      vertex -0.006815593242645263 0.020301000277201334 -1.0963194654323165e-06
      vertex -0.00604989767074585 0.02032697359720866 0.0021659336984157563
      vertex -0.0070426239569981895 0.03224631210168203 0.00023961060059567293
    endloop
  endfacet
  facet normal -0.9854183393290504 -0.05611258944719799 0.160630239430521
    outer loop
      vertex -0.0070426239569981895 0.03224631210168203 0.00023961060059567293
      vertex -0.00604989767074585 0.02032697359720866 0.0021659336984157563
      vertex -0.006667217301285786 0.032381322902181875 0.0025897808437762054
    endloop
  endfacet
  facet normal 0.5206310984606699 -0.07148220972910664 -0.8507840813084602
    outer loop
      vertex 0.004294568598270416 0.03163361310958862 -0.007825918197631836
      vertex 0.0055237231850624085 0.032253735184669494 -0.007125848203897477
      vertex 0.0034157311011637956 0.020554146213190898 -0.0074328282794782095
    endloop
  endfacet
  facet normal 0.4462276185435435 -0.056966016377831726 -0.8931045769824488
    outer loop
      vertex 0.0034157311011637956 0.020554146213190898 -0.0074328282794782095
      vertex 0.0055237231850624085 0.032253735184669494 -0.007125848203897477
      vertex 0.004928870350122452 0.020466691553592684 -0.006671230494976044
    endloop
  endfacet
  facet normal 0.8669180431117334 -0.06494310917019809 -0.49420188091369166
    outer loop
      vertex 0.00710115327835083 0.03192950735092163 -0.005102854645252228
      vertex 0.006690286565572023 0.020600298643112185 -0.004334815740585327
      vertex 0.00594731941819191 0.020474608540534973 -0.005621595382690431
    endloop
  endfacet
  facet normal 0.7820611310726057 -0.06337983120989087 -0.6199704704752016
    outer loop
      vertex 0.0055237231850624085 0.032253735184669494 -0.007125848203897477
      vertex 0.00710115327835083 0.03192950735092163 -0.005102854645252228
      vertex 0.004928870350122452 0.020466691553592684 -0.006671230494976044
    endloop
  endfacet
  facet normal 0.7172457146268987 -0.04074516760586901 -0.6956280731584367
    outer loop
      vertex 0.004928870350122452 0.020466691553592684 -0.006671230494976044
      vertex 0.00710115327835083 0.03192950735092163 -0.005102854645252228
      vertex 0.00594731941819191 0.020474608540534973 -0.005621595382690431
    endloop
  endfacet
  facet normal 0.3614371347639321 -0.06167782187414944 -0.9303542572066298
    outer loop
      vertex 0.003272506445646286 0.031756205558776854 -0.008231110572814943
      vertex 0.004294568598270416 0.03163361310958862 -0.007825918197631836
      vertex 0.0034157311011637956 0.020554146213190898 -0.0074328282794782095
    endloop
  endfacet
  facet normal 0.7051798736775748 -0.06426719379681385 0.7061098169276238
    outer loop
      vertex 0.0035208903749783835 0.020458333492279053 0.0061330670118331905
      vertex 0.004818967721964183 0.020531803306780366 0.004843386145014512
      vertex 0.003739148712158203 0.032782907772064204 0.007036827874183654
    endloop
  endfacet
  facet normal 0.4513406783716345 -0.07007720944450403 0.8895958502395926
    outer loop
      vertex 0.0018575111528237659 0.0204386043548584 0.006975436210632325
      vertex 0.0035208903749783835 0.020458333492279053 0.0061330670118331905
      vertex 0.001962286573648453 0.03278282413482666 0.007894684052467347
    endloop
  endfacet
  facet normal 0.43359967178092845 -0.07353636825291451 0.8981000652352958
    outer loop
      vertex 0.001962286573648453 0.03278282413482666 0.007894684052467347
      vertex 0.0035208903749783835 0.020458333492279053 0.0061330670118331905
      vertex 0.003739148712158203 0.032782907772064204 0.007036827874183654
    endloop
  endfacet
  facet normal 0.13055814306320268 -0.07472861212089887 0.9886203547420883
    outer loop
      vertex 0.0018575111528237659 0.0204386043548584 0.006975436210632325
      vertex 0.001962286573648453 0.03278282413482666 0.007894684052467347
      vertex -3.911063504347112e-07 0.032271043062210084 0.008115192221270669
    endloop
  endfacet
  facet normal -0.4344927035137159 -0.07038397178915848 0.8979210361209524
    outer loop
      vertex -0.0019633362114429478 0.0327986102104187 0.007899935293197631
      vertex -0.0037404269218444825 0.03280997018814087 0.007040913891792297
      vertex -0.0018584896127382916 0.020399146874745686 0.006978731354077656
    endloop
  endfacet
  facet normal -0.45139111558448475 -0.07290341418515778 0.8893431019418445
    outer loop
      vertex -0.0018584896127382916 0.020399146874745686 0.006978731354077656
      vertex -0.0037404269218444825 0.03280997018814087 0.007040913891792297
      vertex -0.00352130542198817 0.02037941773732503 0.006133142511049907
    endloop
  endfacet
  facet normal -0.6947368930650986 -0.06456056485212479 0.7163606514041853
    outer loop
      vertex -0.0037404269218444825 0.03280997018814087 0.007040913891792297
      vertex -0.005362538656880778 0.03307492963729366 0.005491645470742257
      vertex -0.00352130542198817 0.02037941773732503 0.006133142511049907
    endloop
  endfacet
  facet normal -0.7025007606468213 -0.06607826024852642 0.7086087388772209
    outer loop
      vertex -0.00352130542198817 0.02037941773732503 0.006133142511049907
      vertex -0.005362538656880778 0.03307492963729366 0.005491645470742257
      vertex -0.004820081293582916 0.020359689394632976 0.0048437219858169555
    endloop
  endfacet
  facet normal -0.8797630820855677 -0.06155385244357055 0.47141069424511134
    outer loop
      vertex -0.005362538656880778 0.03307492963729366 0.005491645470742257
      vertex -0.0061348607142766316 0.032615792927918615 0.003990359913419794
      vertex -0.004820081293582916 0.020359689394632976 0.0048437219858169555
    endloop
  endfacet
  facet normal -0.8801762283952425 -0.061652816228261305 0.4706258994350506
    outer loop
      vertex -0.004820081293582916 0.020359689394632976 0.0048437219858169555
      vertex -0.0061348607142766316 0.032615792927918615 0.003990359913419794
      vertex -0.005659313201904296 0.02033996025721232 0.00327158510684967
    endloop
  endfacet
  facet normal -0.9005022772299208 -0.025861871033078507 0.4340815733596568
    outer loop
      vertex -0.0070426239569981895 0.03224631210168203 0.00023961060059567293
      vertex -0.007880203127861023 0.03163361310958862 -0.0015344510972499848
      vertex -0.006815593242645263 0.020301000277201334 -1.0963194654323165e-06
    endloop
  endfacet
  facet normal -0.9799585468669555 -0.06666044024020347 0.18771689356418428
    outer loop
      vertex -0.006815593242645263 0.020301000277201334 -1.0963194654323165e-06
      vertex -0.007880203127861023 0.03163361310958862 -0.0015344510972499848
      vertex -0.0071515299876530975 0.020279839038848876 -0.001762337386608124
    endloop
  endfacet
  facet normal -0.9968934062361309 -0.06303161090103859 -0.04722872674701946
    outer loop
      vertex -0.007880203127861023 0.03163361310958862 -0.0015344510972499848
      vertex -0.007829962372779846 0.03232478033412586 -0.003517355729233135
      vertex -0.0071515299876530975 0.020279839038848876 -0.001762337386608124
    endloop
  endfacet
  facet normal -0.9912006810347258 -0.07201228958110703 -0.11106502629352993
    outer loop
      vertex -0.0071515299876530975 0.020279839038848876 -0.001762337386608124
      vertex -0.007829962372779846 0.03232478033412586 -0.003517355729233135
      vertex -0.006946247021357218 0.02025867780049642 -0.0035806662837664285
    endloop
  endfacet
  facet normal -0.9332213409513785 -0.06649598499550453 -0.3530951893928729
    outer loop
      vertex -0.007829962372779846 0.03232478033412586 -0.003517355729233135
      vertex -0.00715683251619339 0.03290075302124023 -0.005404889285564423
      vertex -0.006946247021357218 0.02025867780049642 -0.0035806662837664285
    endloop
  endfacet
  facet normal -0.39052585456575445 -0.07463204036956454 -0.9175617774656718
    outer loop
      vertex -0.003191415385620014 0.020641882161836368 -0.0074021073128726035
      vertex -0.004998196977026323 0.020367273022146786 -0.0066107823217616355
      vertex -0.003538426513021643 0.031762563315304845 -0.008158941702409224
    endloop
  endfacet
  facet normal -0.1551441061376509 -0.07449716879398585 0.9850789197685786
    outer loop
      vertex -0.0019633362114429478 0.0327986102104187 0.007899935293197631
      vertex -0.0018584896127382916 0.020399146874745686 0.006978731354077656
      vertex -4.760047765254664e-07 0.020418875217437744 0.007272849480311076
    endloop
  endfacet
  facet normal 0.9481670801707641 0.09977116225950175 -0.301703336510944
    outer loop
      vertex 0.007025745235956633 0.010860372598354633 -0.004948482559277462
      vertex 0.007026604222528862 0.017344008951476128 -0.0028016902668909593
      vertex 0.007621892690658569 0.01184382200241089 -0.0027497422695159915
    endloop
  endfacet
  facet normal 0.991308540783468 0.1313864318150458 0.0067068997802121975
    outer loop
      vertex 0.007611274123191834 0.01184382200241089 -0.0011802724748849868
      vertex 0.007871737480163574 0.0099556165933609 -0.0026884177327156067
      vertex 0.007621892690658569 0.01184382200241089 -0.0027497422695159915
    endloop
  endfacet
  facet normal 0.9445623877307686 0.11499518315524856 -0.3075353695681845
    outer loop
      vertex 0.007621892690658569 0.01184382200241089 -0.0027497422695159915
      vertex 0.007871737480163574 0.0099556165933609 -0.0026884177327156067
      vertex 0.007025745235956633 0.010860372598354633 -0.004948482559277462
    endloop
  endfacet
  facet normal 0.12687779206159272 0.07236589422288228 -0.9892750897677035
    outer loop
      vertex 0.002822140604257584 0.01049538791179657 -0.008333377242088318
      vertex 0.001375366412103176 0.009962779134511948 -0.008557891361415387
      vertex 0.0017768301611596885 0.01670322028073398 -0.008013336170803416
    endloop
  endfacet
  facet normal -0.1448793705733429 -0.15703078437055518 0.97690905448882
    outer loop
      vertex -3.5977169318357486e-07 0.034167892932891845 0.00841115415096283
      vertex -8.426641404129236e-05 0.03655700420846744 0.008782742145110151
      vertex -0.0019633362114429478 0.0327986102104187 0.007899935293197631
    endloop
  endfacet
  facet normal 0.9293143738126711 -0.22189782314999482 -0.2951883309117363
    outer loop
      vertex 0.007995659075677395 0.03254820093512535 -0.0027518459409475327
      vertex 0.00710115327835083 0.03192950735092163 -0.005102854645252228
      vertex 0.007869732975959777 0.03415659189224243 -0.004357340931892395
    endloop
  endfacet
  facet normal -0.1481295304036502 -0.15245976049959098 0.9771456716635454
    outer loop
      vertex -0.0019633362114429478 0.0327986102104187 0.007899935293197631
      vertex -3.911063504347112e-07 0.032271043062210084 0.008115192221270669
      vertex -3.5977169318357486e-07 0.034167892932891845 0.00841115415096283
    endloop
  endfacet
  facet normal 0.14950766809889285 -0.15243258670477924 0.9769400000461244
    outer loop
      vertex -3.5977169318357486e-07 0.034167892932891845 0.00841115415096283
      vertex -3.911063504347112e-07 0.032271043062210084 0.008115192221270669
      vertex 0.001962286573648453 0.03278282413482666 0.007894684052467347
    endloop
  endfacet
  facet normal 0.8498241518995755 -0.2718568455897094 0.45154486638005314
    outer loop
      vertex 0.005799944514536675 0.026916652581163943 0.002491175287779961
      vertex 0.006544950619787618 0.026347515163503494 0.0007463916720494691
      vertex 0.0062751240674623725 0.02733116290912554 0.001846429633433253
    endloop
  endfacet
  facet normal 0.8551920524660345 -0.24330713175929156 0.457655102707266
    outer loop
      vertex 0.006153563697313525 0.02235714238943513 0.0017475243458121095
      vertex 0.005736934442810601 0.021672861455055665 0.0021622637307583377
      vertex 0.006423385136098746 0.02123508681255172 0.0006467974640617903
    endloop
  endfacet
  facet normal -0.8551920524660344 0.24330713175929156 -0.457655102707266
    outer loop
      vertex 0.006423385136098746 0.02123508681255172 0.0006467974640617903
      vertex 0.005736934442810601 0.021672861455055665 0.0021622637307583377
      vertex 0.006153563697313525 0.02235714238943513 0.0017475243458121095
    endloop
  endfacet
  facet normal -0.8551920524660344 0.24330713175929156 -0.457655102707266
    outer loop
      vertex 0.006423385136098746 0.02123508681255172 0.0006467974640617903
      vertex 0.005736934442810601 0.021672861455055665 0.0021622637307583377
      vertex 0.006153563697313525 0.02235714238943513 0.0017475243458121095
    endloop
  endfacet
  facet normal 0.8551920524660344 -0.24330713175929156 0.457655102707266
    outer loop
      vertex 0.006423385136098746 0.02123508681255172 0.0006467974640617903
      vertex 0.006153563697313525 0.02235714238943513 0.0017475243458121095
      vertex 0.005736934442810601 0.021672861455055665 0.0021622637307583377
    endloop
  endfacet
  facet normal -0.8551920524660345 0.24330713175929156 -0.457655102707266
    outer loop
      vertex 0.006153563697313525 0.02235714238943513 0.0017475243458121095
      vertex 0.006423385136098746 0.02123508681255172 0.0006467974640617903
      vertex 0.005736934442810601 0.021672861455055665 0.0021622637307583377
    endloop
  endfacet
  facet normal -0.17659060960540865 0.5865792754086476 0.7904052822826123
    outer loop
      vertex 0.005736934442810601 0.021672861455055665 0.0021622637307583377
      vertex 0.005696535769737128 0.020409711490977894 0.0030906527241071065
      vertex 0.006153563697313525 0.02235714238943513 0.0017475243458121095
    endloop
  endfacet
  facet normal -0.0832396749802785 0.054155258127304345 -0.995056965467979
    outer loop
      vertex -0.000317027881697175 0.02171958872250148 -0.007057142768587386
      vertex 0.0019710154831409457 0.02261155962944031 -0.007199999988079072
      vertex 0.0034157311011637956 0.020554146213190898 -0.0074328282794782095
    endloop
  endfacet
  facet normal -0.105763485555091 -0.018254132545627216 -0.994223753371566
    outer loop
      vertex -0.000317027881697175 0.02171958872250148 -0.007057142768587386
      vertex 0.0034157311011637956 0.020554146213190898 -0.0074328282794782095
      vertex 0.0019509231637824668 0.01735030076720498 -0.007218181816014377
    endloop
  endfacet
  facet normal -0.015957784877169222 0.028554170733978118 -0.9994648610308963
    outer loop
      vertex -0.000317027881697175 0.02171958872250148 -0.007057142768587386
      vertex 0.0019509231637824668 0.01735030076720498 -0.007218181816014377
      vertex -0.0003038843162357806 0.016726586818695068 -0.007199999988079072
    endloop
  endfacet
  facet normal -0.010548361512195457 0.3302474503173334 -0.943835448385103
    outer loop
      vertex -0.003191415385620014 0.020641882161836368 -0.0074021073128726035
      vertex -0.0017336741631681267 0.021837652271444147 -0.006999999880790711
      vertex -0.000317027881697175 0.02171958872250148 -0.007057142768587386
    endloop
  endfacet
  facet normal -0.0892787844367301 0.02825075133028675 -0.9956059429808432
    outer loop
      vertex -0.000317027881697175 0.02171958872250148 -0.007057142768587386
      vertex -0.0003038843162357806 0.016726586818695068 -0.007199999988079072
      vertex -0.002192030996084213 0.017807968854904176 -0.006999999880790711
    endloop
  endfacet
  facet normal 0.15065761918804982 -0.08660273677231452 -0.9847853815751602
    outer loop
      vertex -0.000317027881697175 0.02171958872250148 -0.007057142768587386
      vertex -0.002192030996084213 0.017807968854904176 -0.006999999880790711
      vertex -0.003191415385620014 0.020641882161836368 -0.0074021073128726035
    endloop
  endfacet
  facet normal -0.04972841348085165 0.1458327747734522 0.988058645372102
    outer loop
      vertex -1.3353794758372438e-05 0.03840065310983097 -0.0029654704823213465
      vertex 0.0031999999284744265 0.040631145636240644 -0.0031329543987909953
      vertex -0.00013196905774454914 0.04115536428266956 -0.003378022636777611
    endloop
  endfacet
  facet normal -0.15643361447226353 -0.6443610577834585 0.7485501663050549
    outer loop
      vertex -0.00013196905774454914 0.04115536428266956 -0.003378022636777611
      vertex 0.0031999999284744265 0.040631145636240644 -0.0031329543987909953
      vertex -1.6264853766188015e-05 0.04329927295446396 -0.00150833994965069
    endloop
  endfacet
  facet normal -0.10436137407535172 -0.6059800427606474 0.7886043947233037
    outer loop
      vertex -1.6264853766188015e-05 0.04329927295446396 -0.00150833994965069
      vertex 0.0031999999284744265 0.040631145636240644 -0.0031329543987909953
      vertex 0.0031999999284744265 0.04319495677947998 -0.0011628685146570206
    endloop
  endfacet
  facet normal -0.0573147390156194 -0.9688188161899731 0.24105004063021976
    outer loop
      vertex -1.6264853766188015e-05 0.04329927295446396 -0.00150833994965069
      vertex 0.0031999999284744265 0.04319495677947998 -0.0011628685146570206
      vertex 5.570535237590473e-05 0.04378514369328817 0.0004615649976767599
    endloop
  endfacet
  facet normal -0.18447927508920653 -0.9828364040177596 0.0
    outer loop
      vertex 5.570535237590473e-05 0.04378514369328817 0.0004615649976767599
      vertex 0.0031999999284744265 0.04319495677947998 -0.0011628685146570206
      vertex 0.0031999999284744265 0.04319495677947998 0.0011628685146570206
    endloop
  endfacet
  facet normal -0.06347566046206476 -0.8853833718404709 -0.46050746508314405
    outer loop
      vertex 5.570535237590473e-05 0.04378514369328817 0.0004615649976767599
      vertex 0.0031999999284744265 0.04319495677947998 0.0011628685146570206
      vertex -0.00011251519016664602 0.04297183875379891 0.0020484330402366045
    endloop
  endfacet
  facet normal -0.1728602465547141 -0.5833931634625233 -0.7935815975602213
    outer loop
      vertex -0.00011251519016664602 0.04297183875379891 0.0020484330402366045
      vertex 0.0031999999284744265 0.04319495677947998 0.0011628685146570206
      vertex 0.0031999999284744265 0.040478452046712236 0.0031598783930142722
    endloop
  endfacet
  facet normal -0.16735563371909543 -0.5782706154398495 -0.7984955774337749
    outer loop
      vertex -0.00011251519016664602 0.04297183875379891 0.0020484330402366045
      vertex 0.0031999999284744265 0.040478452046712236 0.0031598783930142722
      vertex -2.3892503569199534e-05 0.04088850380717844 0.003538610205270242
    endloop
  endfacet
  facet normal -0.08722388068288757 0.21304428893207603 -0.9731413697875779
    outer loop
      vertex -2.3892503569199534e-05 0.04088850380717844 0.003538610205270242
      vertex 0.0031999999284744265 0.040478452046712236 0.0031598783930142722
      vertex 4.539445042610167e-05 0.03836292386054992 0.002979489117860794
    endloop
  endfacet
  facet normal -0.14599263723201902 0.2981332125754674 -0.9432935584607112
    outer loop
      vertex 4.539445042610167e-05 0.03836292386054992 0.002979489117860794
      vertex 0.0031999999284744265 0.040478452046712236 0.0031598783930142722
      vertex 0.0031999999284744265 0.03739544868469239 0.002185477912425995
    endloop
  endfacet
  facet normal -0.03385240592590831 0.5657706157120825 -0.8238674802477634
    outer loop
      vertex 4.539445042610167e-05 0.03836292386054992 0.002979489117860794
      vertex 0.0031999999284744265 0.03739544868469239 0.002185477912425995
      vertex 9.32088028639555e-05 0.0377918291091919 0.0025853392481803893
    endloop
  endfacet
  facet normal -7.713039521499945e-16 0.7101912367667892 -0.7040088118906312
    outer loop
      vertex 9.32088028639555e-05 0.0377918291091919 0.0025853392481803893
      vertex 0.0031999999284744265 0.03739544868469239 0.002185477912425995
      vertex -0.0031999999284744265 0.037395448684692384 0.002185477912425995
    endloop
  endfacet
  facet normal 0.031185854144022515 0.5695085144045976 -0.8213936294627417
    outer loop
      vertex 9.32088028639555e-05 0.0377918291091919 0.0025853392481803893
      vertex -0.0031999999284744265 0.037395448684692384 0.002185477912425995
      vertex 4.539445042610167e-05 0.03836292386054992 0.002979489117860794
    endloop
  endfacet
  facet normal 0.14199204136928228 0.2983086423195359 -0.9438486182144143
    outer loop
      vertex 4.539445042610167e-05 0.03836292386054992 0.002979489117860794
      vertex -0.0031999999284744265 0.037395448684692384 0.002185477912425995
      vertex -0.0031999999284744265 0.040478452046712236 0.0031598783930142722
    endloop
  endfacet
  facet normal 0.08781967516945434 0.2176107642146089 -0.9720767767779793
    outer loop
      vertex 4.539445042610167e-05 0.03836292386054992 0.002979489117860794
      vertex -0.0031999999284744265 0.040478452046712236 0.0031598783930142722
      vertex -2.3892503569199534e-05 0.04088850380717844 0.003538610205270242
    endloop
  endfacet
  facet normal 0.1693982192872183 -0.5685907884181406 -0.8049899121283179
    outer loop
      vertex -2.3892503569199534e-05 0.04088850380717844 0.003538610205270242
      vertex -0.0031999999284744265 0.040478452046712236 0.0031598783930142722
      vertex -0.00011251519016664602 0.04297183875379891 0.0020484330402366045
    endloop
  endfacet
  facet normal 0.18504190483836502 -0.58208076513194 -0.7917963603839088
    outer loop
      vertex -0.00011251519016664602 0.04297183875379891 0.0020484330402366045
      vertex -0.0031999999284744265 0.040478452046712236 0.0031598783930142722
      vertex -0.0031999999284744265 0.04319495677947998 0.0011628685146570206
    endloop
  endfacet
  facet normal 0.06461442769331507 -0.8908292995796837 -0.4497200626436798
    outer loop
      vertex -0.00011251519016664602 0.04297183875379891 0.0020484330402366045
      vertex -0.0031999999284744265 0.04319495677947998 0.0011628685146570206
      vertex 5.570535237590473e-05 0.04378514369328817 0.0004615649976767599
    endloop
  endfacet
  facet normal 0.1783706609442539 -0.9839633668558552 0.0
    outer loop
      vertex 5.570535237590473e-05 0.04378514369328817 0.0004615649976767599
      vertex -0.0031999999284744265 0.04319495677947998 0.0011628685146570206
      vertex -0.0031999999284744265 0.04319495677947998 -0.0011628685146570206
    endloop
  endfacet
  facet normal 0.05750259753820051 -0.969783624868742 0.23709317200797383
    outer loop
      vertex 5.570535237590473e-05 0.04378514369328817 0.0004615649976767599
      vertex -0.0031999999284744265 0.04319495677947998 -0.0011628685146570206
      vertex -1.6264853766188015e-05 0.04329927295446396 -0.00150833994965069
    endloop
  endfacet
  facet normal 0.10541589284884544 -0.6059122752823106 0.7885162041436397
    outer loop
      vertex -1.6264853766188015e-05 0.04329927295446396 -0.00150833994965069
      vertex -0.0031999999284744265 0.04319495677947998 -0.0011628685146570206
      vertex -0.0031999999284744265 0.040631145636240644 -0.0031329543987909953
    endloop
  endfacet
  facet normal 0.17050281293575145 -0.6528483463436373 0.7380500169076444
    outer loop
      vertex -1.6264853766188015e-05 0.04329927295446396 -0.00150833994965069
      vertex -0.0031999999284744265 0.040631145636240644 -0.0031329543987909953
      vertex -0.00013196905774454914 0.04115536428266956 -0.003378022636777611
    endloop
  endfacet
  facet normal 0.05320429002540902 0.1501411530539828 0.987231957385149
    outer loop
      vertex -0.00013196905774454914 0.04115536428266956 -0.003378022636777611
      vertex -0.0031999999284744265 0.040631145636240644 -0.0031329543987909953
      vertex -1.3353794758372438e-05 0.03840065310983097 -0.0029654704823213465
    endloop
  endfacet
  facet normal 0.14472000451040612 0.27806144515342285 0.9495988379382624
    outer loop
      vertex -1.3353794758372438e-05 0.03840065310983097 -0.0029654704823213465
      vertex -0.0031999999284744265 0.040631145636240644 -0.0031329543987909953
      vertex -0.0031999999284744265 0.03739544868469239 -0.002185477912425995
    endloop
  endfacet
  facet normal 6.631330369807995e-16 0.6130425261359258 0.7900499105429243
    outer loop
      vertex -1.3353794758372438e-05 0.03840065310983097 -0.0029654704823213465
      vertex -0.0031999999284744265 0.03739544868469239 -0.002185477912425995
      vertex 0.0031999999284744265 0.037395448684692384 -0.002185477912425995
    endloop
  endfacet
  facet normal -0.1435420584216306 0.27810965974001856 0.9497634940464769
    outer loop
      vertex -1.3353794758372438e-05 0.03840065310983097 -0.0029654704823213465
      vertex 0.0031999999284744265 0.037395448684692384 -0.002185477912425995
      vertex 0.0031999999284744265 0.040631145636240644 -0.0031329543987909953
    endloop
  endfacet
  facet normal 0.0 0.939692770222366 -0.342019732752097
    outer loop
      vertex -0.0031999999284744265 0.037395448684692384 0.002185477912425995
      vertex 0.0031999999284744265 0.036600000858306884 0.0
      vertex -0.0031999999284744265 0.036600000858306884 0.0
    endloop
  endfacet
  facet normal -0.0 0.939692770222366 0.342019732752097
    outer loop
      vertex -0.0031999999284744265 0.036600000858306884 0.0
      vertex 0.0031999999284744265 0.036600000858306884 0.0
      vertex 0.0031999999284744265 0.037395448684692384 -0.002185477912425995
    endloop
  endfacet
  facet normal 1.0243121123335214e-15 0.939692770222365 0.3420197327520996
    outer loop
      vertex -0.0031999999284744265 0.036600000858306884 0.0
      vertex 0.0031999999284744265 0.037395448684692384 -0.002185477912425995
      vertex -0.0031999999284744265 0.03739544868469239 -0.002185477912425995
    endloop
  endfacet
  facet normal -1.0188169657163437e-15 0.939692770222365 -0.3420197327520996
    outer loop
      vertex 0.0031999999284744265 0.03739544868469239 0.002185477912425995
      vertex 0.0031999999284744265 0.036600000858306884 0.0
      vertex -0.0031999999284744265 0.037395448684692384 0.002185477912425995
    endloop
  endfacet
  facet normal 0.5913162556770055 0.45797269432992166 0.6637816636668404
    outer loop
      vertex 0.0015377182289958 0.028745028376579284 -0.00711646717786789
      vertex 0.0015037252331102217 0.03056077828278413 -0.00833895238670143
      vertex -1.651185082978216e-05 0.0313061208560549 -0.007498925636554587
    endloop
  endfacet
  facet normal 0.301753685570803 0.040880802209089434 -0.9525090410359256
    outer loop
      vertex 0.0015377182289958 0.028745028376579284 -0.00711646717786789
      vertex -1.651185082978216e-05 0.0313061208560549 -0.007498925636554587
      vertex 0.0014555623070760207 0.031925794167952104 -0.0070059785626151345
    endloop
  endfacet
  facet normal -0.9996251965748131 -0.025470699247710164 -0.010035429866198152
    outer loop
      vertex 0.0014555623070760207 0.031925794167952104 -0.0070059785626151345
      vertex 0.0015037252331102217 0.03056077828278413 -0.00833895238670143
      vertex 0.0015377182289958 0.028745028376579284 -0.00711646717786789
    endloop
  endfacet
  facet normal 0.5309030325670214 0.8128684686974507 0.2395554687511887
    outer loop
      vertex 0.0015037252331102217 0.03056077828278413 -0.00833895238670143
      vertex 0.0001334718018770218 0.03150245904922486 -0.008497541546821594
      vertex -1.651185082978216e-05 0.0313061208560549 -0.007498925636554587
    endloop
  endfacet
  facet normal 0.9999999999995506 5.676316352182307e-07 -7.592758790145972e-07
    outer loop
      vertex 0.0 0.04821877076075627 0.0032499998807907107
      vertex 2.550936881077509e-09 0.046748488062904 0.005510519352697191
      vertex 3.553005693409067e-18 0.04684760570526123 0.0022249223291873933
    endloop
  endfacet
  facet normal 0.9933416444962254 0.0689814377659004 -0.09227100602726614
    outer loop
      vertex 0.0 0.04821877076075627 0.0032499998807907107
      vertex 3.553005693409067e-18 0.04684760570526123 0.0022249223291873933
      vertex -0.0002947368355173814 0.048543421845687065 0.00031972431626759075
    endloop
  endfacet
  facet normal 0.9743547507195085 0.22038372737789055 0.04542942281552668
    outer loop
      vertex -0.0002947368355173814 0.048543421845687065 0.00031972431626759075
      vertex 3.553005693409067e-18 0.04684760570526123 0.0022249223291873933
      vertex 1.3880895638568956e-18 0.04758013223346911 -0.001328654112784486
    endloop
  endfacet
  facet normal -0.9933416444962252 -0.06898143776590042 0.09227100602726614
    outer loop
      vertex -0.0002947368355173814 0.048543421845687065 0.00031972431626759075
      vertex 3.553005693409067e-18 0.04684760570526123 0.0022249223291873933
      vertex 0.0 0.04821877076075627 0.0032499998807907107
    endloop
  endfacet
  facet normal -0.9999999999995506 -5.676316352182307e-07 7.592758790145972e-07
    outer loop
      vertex 0.0 0.04821877076075627 0.0032499998807907107
      vertex 3.553005693409067e-18 0.04684760570526123 0.0022249223291873933
      vertex 2.550936881077509e-09 0.046748488062904 0.005510519352697191
    endloop
  endfacet
  facet normal -0.9743547507195085 -0.22038372737789055 -0.04542942281552667
    outer loop
      vertex 3.553005693409067e-18 0.04684760570526123 0.0022249223291873933
      vertex -0.0002947368355173814 0.048543421845687065 0.00031972431626759075
      vertex 1.3880895638568956e-18 0.04758013223346911 -0.001328654112784486
    endloop
  endfacet
  facet normal -0.24818119256053353 0.7682765464294323 -0.5900485097563553
    outer loop
      vertex 0.005785662836216866 0.016587988873745532 0.003086916626767909
      vertex 0.0062218092823028565 0.015744182710647585 0.0018047850435972215
      vertex 0.0057763447088223915 0.016040881000183246 0.002378470529974611
    endloop
  endfacet
  facet normal 0.010548361512195466 -0.3302474503173334 0.943835448385103
    outer loop
      vertex -0.0017336741631681267 0.021837652271444147 -0.006999999880790711
      vertex -0.003191415385620014 0.020641882161836368 -0.0074021073128726035
      vertex -0.000317027881697175 0.02171958872250148 -0.007057142768587386
    endloop
  endfacet
  facet normal 0.31240139506010745 0.6700151357082571 -0.6734130131548874
    outer loop
      vertex -0.002192030996084213 0.017807968854904176 -0.006999999880790711
      vertex -0.0003038843162357806 0.016726586818695068 -0.007199999988079072
      vertex -0.0028325989141183743 0.017442065827986773 -0.007661220957251156
    endloop
  endfacet
  facet normal 0.6735213143874675 0.13438492608065455 -0.7268491801660613
    outer loop
      vertex -0.002192030996084213 0.017807968854904176 -0.006999999880790711
      vertex -0.0028325989141183743 0.017442065827986773 -0.007661220957251156
      vertex -0.003191415385620014 0.020641882161836368 -0.0074021073128726035
    endloop
  endfacet
  facet normal -0.9889697858891365 0.01079484072589751 0.14772350527962017
    outer loop
      vertex -0.0030009995081595013 0.040961998530796594 0.009142184385231563
      vertex -0.0031999999284744265 0.04504542827606201 0.007511534094810486
      vertex -0.0031999999284744265 0.041371822357177734 0.007779981493949891
    endloop
  endfacet
  facet normal -1.0 0.0 -0.0
    outer loop
      vertex -0.0031999999284744265 0.041371822357177734 0.007779981493949891
      vertex -0.0031999999284744265 0.04504542827606201 0.007511534094810486
      vertex -0.0031999999284744265 0.040478452046712236 0.0031598783930142722
    endloop
  endfacet
  facet normal -0.9999999999999999 0.0 -0.0
    outer loop
      vertex -0.0031999999284744265 0.04504542827606201 0.007511534094810486
      vertex -0.0031999999284744265 0.04765510082244873 0.004824821949005127
      vertex -0.0031999999284744265 0.040478452046712236 0.0031598783930142722
    endloop
  endfacet
  facet normal -1.0 0.0 0.0
    outer loop
      vertex -0.0031999999284744265 0.040478452046712236 0.0031598783930142722
      vertex -0.0031999999284744265 0.04765510082244873 0.004824821949005127
      vertex -0.0031999999284744265 0.04319495677947998 0.0011628685146570206
    endloop
  endfacet
  facet normal -1.0 0.0 0.0
    outer loop
      vertex -0.0031999999284744265 0.04319495677947998 0.0011628685146570206
      vertex -0.0031999999284744265 0.04765510082244873 0.004824821949005127
      vertex -0.0031999999284744265 0.048953189849853515 0.0013114489614963532
    endloop
  endfacet
  facet normal -1.0 0.0 0.0
    outer loop
      vertex -0.0031999999284744265 0.04319495677947998 0.0011628685146570206
      vertex -0.0031999999284744265 0.048953189849853515 0.0013114489614963532
      vertex -0.0031999999284744265 0.04319495677947998 -0.0011628685146570206
    endloop
  endfacet
  facet normal -1.0 0.0 0.0
    outer loop
      vertex -0.0031999999284744265 0.04319495677947998 -0.0011628685146570206
      vertex -0.0031999999284744265 0.048953189849853515 0.0013114489614963532
      vertex -0.0031999999284744265 0.0487172794342041 -0.0024266211688518525
    endloop
  endfacet
  facet normal -1.0 0.0 0.0
    outer loop
      vertex -0.0031999999284744265 0.04319495677947998 -0.0011628685146570206
      vertex -0.0031999999284744265 0.0487172794342041 -0.0024266211688518525
      vertex -0.0031999999284744265 0.04698780059814453 -0.005748926401138305
    endloop
  endfacet
  facet normal -1.0 0.0 -0.0
    outer loop
      vertex -0.0031999999284744265 0.04319495677947998 -0.0011628685146570206
      vertex -0.0031999999284744265 0.04698780059814453 -0.005748926401138305
      vertex -0.0031999999284744265 0.040631145636240644 -0.0031329543987909953
    endloop
  endfacet
  facet normal -1.0 0.0 0.0
    outer loop
      vertex -0.0031999999284744265 0.040631145636240644 -0.0031329543987909953
      vertex -0.0031999999284744265 0.04698780059814453 -0.005748926401138305
      vertex -0.0031999999284744265 0.04211046328911415 -0.008598777468387898
    endloop
  endfacet
  facet normal -0.9996953125695723 0.02382640910812727 0.0064485855377016755
    outer loop
      vertex -0.0031999999284744265 0.040631145636240644 -0.0031329543987909953
      vertex -0.0031999999284744265 0.04211046328911415 -0.008598777468387898
      vertex -0.0033141769604249434 0.037309525012969975 -0.008560493751005692
    endloop
  endfacet
  facet normal -0.9995558427562291 -0.010938167627127706 0.02772135820707931
    outer loop
      vertex -0.0031999999284744265 0.040631145636240644 -0.0031329543987909953
      vertex -0.0033141769604249434 0.037309525012969975 -0.008560493751005692
      vertex -0.0031999999284744265 0.03441385746002197 -0.005586143732070923
    endloop
  endfacet
  facet normal -0.9996218776885122 -0.019443507682675772 0.019443550485618154
    outer loop
      vertex -0.0031999999284744265 0.03441385746002197 -0.005586143732070923
      vertex -0.0033141769604249434 0.037309525012969975 -0.008560493751005692
      vertex -0.0031999999284744265 0.033601582050323486 -0.006398417353630066
    endloop
  endfacet
  facet normal -1.0 -0.0 0.0
    outer loop
      vertex -0.0031999999284744265 0.040631145636240644 -0.0031329543987909953
      vertex -0.0031999999284744265 0.03441385746002197 -0.005586143732070923
      vertex -0.0031999999284744265 0.03739544868469239 -0.002185477912425995
    endloop
  endfacet
  facet normal -1.0 0.0 0.0
    outer loop
      vertex -0.0031999999284744265 0.03739544868469239 -0.002185477912425995
      vertex -0.0031999999284744265 0.03441385746002197 -0.005586143732070923
      vertex -0.0031999999284744265 0.03261651039123535 -0.002809641063213348
    endloop
  endfacet
  facet normal -1.0 -0.0 0.0
    outer loop
      vertex -0.0031999999284744265 0.03739544868469239 -0.002185477912425995
      vertex -0.0031999999284744265 0.03261651039123535 -0.002809641063213348
      vertex -0.0031999999284744265 0.036600000858306884 0.0
    endloop
  endfacet
  facet normal -0.9999999999999999 -0.0 0.0
    outer loop
      vertex -0.0031999999284744265 0.036600000858306884 0.0
      vertex -0.0031999999284744265 0.03261651039123535 -0.002809641063213348
      vertex -0.0031999999284744265 0.03211336612701416 0.0004593441635370255
    endloop
  endfacet
  facet normal -1.0 0.0 0.0
    outer loop
      vertex -0.0031999999284744265 0.036600000858306884 0.0
      vertex -0.0031999999284744265 0.03211336612701416 0.0004593441635370255
      vertex -0.0031999999284744265 0.03299261331558227 0.0036478140950202942
    endloop
  endfacet
  facet normal -1.0 0.0 0.0
    outer loop
      vertex -0.0031999999284744265 0.036600000858306884 0.0
      vertex -0.0031999999284744265 0.03299261331558227 0.0036478140950202942
      vertex -0.0031999999284744265 0.037395448684692384 0.002185477912425995
    endloop
  endfacet
  facet normal -0.9999999999999999 0.0 0.0
    outer loop
      vertex -0.0031999999284744265 0.037395448684692384 0.002185477912425995
      vertex -0.0031999999284744265 0.03299261331558227 0.0036478140950202942
      vertex -0.0031999999284744265 0.03510014057159424 0.006196883916854859
    endloop
  endfacet
  facet normal -1.0 0.0 0.0
    outer loop
      vertex -0.0031999999284744265 0.037395448684692384 0.002185477912425995
      vertex -0.0031999999284744265 0.03510014057159424 0.006196883916854859
      vertex -0.0031999999284744265 0.040478452046712236 0.0031598783930142722
    endloop
  endfacet
  facet normal -0.985542622543295 -0.08330762331039542 -0.14753162050508858
    outer loop
      vertex -0.0031999999284744265 0.040478452046712236 0.0031598783930142722
      vertex -0.0031999999284744265 0.03510014057159424 0.006196883916854859
      vertex -0.003593238949775696 0.03688224633534749 0.007817491213480632
    endloop
  endfacet
  facet normal -0.9960568978212605 0.08710325187997012 -0.016842797113944267
    outer loop
      vertex -0.0031999999284744265 0.040478452046712236 0.0031598783930142722
      vertex -0.003593238949775696 0.03688224633534749 0.007817491213480632
      vertex -0.0031999999284744265 0.041371822357177734 0.007779981493949891
    endloop
  endfacet
  facet normal 1.0 0.0 0.0
    outer loop
      vertex 0.0031999999284744265 0.03739544868469239 0.002185477912425995
      vertex 0.0031999999284744265 0.03299261331558227 0.0036478140950202942
      vertex 0.0031999999284744265 0.036600000858306884 0.0
    endloop
  endfacet
  facet normal 1.0 0.0 0.0
    outer loop
      vertex 0.0031999999284744265 0.036600000858306884 0.0
      vertex 0.0031999999284744265 0.03299261331558227 0.0036478140950202942
      vertex 0.0031999999284744265 0.03211336612701416 0.0004593441635370255
    endloop
  endfacet
  facet normal 0.9999999999999999 0.0 0.0
    outer loop
      vertex 0.0031999999284744265 0.036600000858306884 0.0
      vertex 0.0031999999284744265 0.03211336612701416 0.0004593441635370255
      vertex 0.0031999999284744265 0.03261651039123535 -0.002809641063213348
    endloop
  endfacet
  facet normal 1.0 -0.0 0.0
    outer loop
      vertex 0.0031999999284744265 0.03299261331558227 0.0036478140950202942
      vertex 0.0031999999284744265 0.03739544868469239 0.002185477912425995
      vertex 0.0031999999284744265 0.03510014057159424 0.006196883916854859
    endloop
  endfacet
  facet normal 1.0 0.0 0.0
    outer loop
      vertex 0.0031999999284744265 0.03510014057159424 0.006196883916854859
      vertex 0.0031999999284744265 0.03739544868469239 0.002185477912425995
      vertex 0.0031999999284744265 0.040478452046712236 0.0031598783930142722
    endloop
  endfacet
  facet normal 0.9892013540251826 -0.07206500189184142 -0.12762177203390412
    outer loop
      vertex 0.0031999999284744265 0.03510014057159424 0.006196883916854859
      vertex 0.0031999999284744265 0.040478452046712236 0.0031598783930142722
      vertex 0.0035703275203704836 0.03720635805130005 0.007877976298332215
    endloop
  endfacet
  facet normal 0.9959618873633068 0.08814429968358489 -0.01704410024056419
    outer loop
      vertex 0.0035703275203704836 0.03720635805130005 0.007877976298332215
      vertex 0.0031999999284744265 0.040478452046712236 0.0031598783930142722
      vertex 0.0031999999284744265 0.041371822357177734 0.007779981493949891
    endloop
  endfacet
  facet normal 1.0 0.0 0.0
    outer loop
      vertex 0.0031999999284744265 0.041371822357177734 0.007779981493949891
      vertex 0.0031999999284744265 0.040478452046712236 0.0031598783930142722
      vertex 0.0031999999284744265 0.04504792213439942 0.0075152462720870965
    endloop
  endfacet
  facet normal 0.9999999999999999 0.0 0.0
    outer loop
      vertex 0.0031999999284744265 0.04504792213439942 0.0075152462720870965
      vertex 0.0031999999284744265 0.040478452046712236 0.0031598783930142722
      vertex 0.0031999999284744265 0.04765888690948487 0.004827206432819367
    endloop
  endfacet
  facet normal 1.0 0.0 0.0
    outer loop
      vertex 0.0031999999284744265 0.04765888690948487 0.004827206432819367
      vertex 0.0031999999284744265 0.040478452046712236 0.0031598783930142722
      vertex 0.0031999999284744265 0.04319495677947998 0.0011628685146570206
    endloop
  endfacet
  facet normal 0.9999999999999999 0.0 0.0
    outer loop
      vertex 0.0031999999284744265 0.04765888690948487 0.004827206432819367
      vertex 0.0031999999284744265 0.04319495677947998 0.0011628685146570206
      vertex 0.0031999999284744265 0.04895761489868163 0.0013120971620082856
    endloop
  endfacet
  facet normal 1.0 0.0 0.0
    outer loop
      vertex 0.0031999999284744265 0.04895761489868163 0.0013120971620082856
      vertex 0.0031999999284744265 0.04319495677947998 0.0011628685146570206
      vertex 0.0031999999284744265 0.04319495677947998 -0.0011628685146570206
    endloop
  endfacet
  facet normal 1.0 0.0 0.0
    outer loop
      vertex 0.0031999999284744265 0.04895761489868163 0.0013120971620082856
      vertex 0.0031999999284744265 0.04319495677947998 -0.0011628685146570206
      vertex 0.0031999999284744265 0.04872159004211426 -0.002427820414304733
    endloop
  endfacet
  facet normal 0.9999999999999999 0.0 0.0
    outer loop
      vertex 0.0031999999284744265 0.04872159004211426 -0.002427820414304733
      vertex 0.0031999999284744265 0.04319495677947998 -0.0011628685146570206
      vertex 0.0031999999284744265 0.04699125289916992 -0.005751767158508301
    endloop
  endfacet
  facet normal 1.0 0.0 0.0
    outer loop
      vertex 0.0031999999284744265 0.04699125289916992 -0.005751767158508301
      vertex 0.0031999999284744265 0.04319495677947998 -0.0011628685146570206
      vertex 0.0031999999284744265 0.040631145636240644 -0.0031329543987909953
    endloop
  endfacet
  facet normal 1.0 0.0 0.0
    outer loop
      vertex 0.0031999999284744265 0.04699125289916992 -0.005751767158508301
      vertex 0.0031999999284744265 0.040631145636240644 -0.0031329543987909953
      vertex 0.0031999999284744265 0.04211150536170372 -0.008603026912762568
    endloop
  endfacet
  facet normal 0.9999999999999999 0.0 0.0
    outer loop
      vertex 0.0031999999284744265 0.04211150536170372 -0.008603026912762568
      vertex 0.0031999999284744265 0.040631145636240644 -0.0031329543987909953
      vertex 0.0031999999284744265 0.03673923969268799 -0.00844558298587799
    endloop
  endfacet
  facet normal 1.0 0.0 -0.0
    outer loop
      vertex 0.0031999999284744265 0.03673923969268799 -0.00844558298587799
      vertex 0.0031999999284744265 0.040631145636240644 -0.0031329543987909953
      vertex 0.0031999999284744265 0.03441385746002197 -0.005586143732070923
    endloop
  endfacet
  facet normal 1.0 0.0 0.0
    outer loop
      vertex 0.0031999999284744265 0.03673923969268799 -0.00844558298587799
      vertex 0.0031999999284744265 0.03441385746002197 -0.005586143732070923
      vertex 0.0031999999284744265 0.0335984206199646 -0.006401579380035401
    endloop
  endfacet
  facet normal 1.0 0.0 0.0
    outer loop
      vertex 0.0031999999284744265 0.040631145636240644 -0.0031329543987909953
      vertex 0.0031999999284744265 0.037395448684692384 -0.002185477912425995
      vertex 0.0031999999284744265 0.03441385746002197 -0.005586143732070923
    endloop
  endfacet
  facet normal 1.0 0.0 -0.0
    outer loop
      vertex 0.0031999999284744265 0.03441385746002197 -0.005586143732070923
      vertex 0.0031999999284744265 0.037395448684692384 -0.002185477912425995
      vertex 0.0031999999284744265 0.03261651039123535 -0.002809641063213348
    endloop
  endfacet
  facet normal 0.9999999999999999 0.0 0.0
    outer loop
      vertex 0.0031999999284744265 0.03261651039123535 -0.002809641063213348
      vertex 0.0031999999284744265 0.037395448684692384 -0.002185477912425995
      vertex 0.0031999999284744265 0.036600000858306884 0.0
    endloop
  endfacet
  facet normal 0.9948832400464794 0.007257005297528899 0.1007704051233835
    outer loop
      vertex 0.003062177950685675 0.04103050882166082 0.009165246242826636
      vertex 0.0031999999284744265 0.041371822357177734 0.007779981493949891
      vertex 0.0031999999284744265 0.04504792213439942 0.0075152462720870965
    endloop
  endfacet
  facet normal -0.05564132785604044 0.6991858204986976 -0.712771513914508
    outer loop
      vertex -1.651185082978216e-05 0.0313061208560549 -0.007498925636554587
      vertex -0.0014372869429446883 0.03170105352240094 -0.007000610080815979
      vertex 0.0014555623070760207 0.031925794167952104 -0.0070059785626151345
    endloop
  endfacet
  facet normal -0.05870925376874269 0.39284820460700637 -0.9177273623789197
    outer loop
      vertex 0.0055237231850624085 0.032253735184669494 -0.007125848203897477
      vertex 0.0014555623070760207 0.031925794167952104 -0.0070059785626151345
      vertex 0.0031999999284744265 0.0335984206199646 -0.006401579380035401
    endloop
  endfacet
  facet normal 0.028872563398211232 0.5122238582310834 -0.8583665266898978
    outer loop
      vertex 0.0055237231850624085 0.032253735184669494 -0.007125848203897477
      vertex 0.0031999999284744265 0.0335984206199646 -0.006401579380035401
      vertex 0.006865976452827453 0.033904206752777104 -0.006095792651176452
    endloop
  endfacet
  facet normal 1.9353642056746584e-07 0.7071063102179757 -0.7071072521547792
    outer loop
      vertex 0.006865976452827453 0.033904206752777104 -0.006095792651176452
      vertex 0.0031999999284744265 0.0335984206199646 -0.006401579380035401
      vertex 0.0068446796919618335 0.034650906239237105 -0.005349094165222986
    endloop
  endfacet
  facet normal 0.36663127755871516 0.6858661300357398 -0.6286248149615651
    outer loop
      vertex -0.001498271830379963 0.030524079799652097 -0.00832032473385334
      vertex -0.003538426513021643 0.031762563315304845 -0.008158941702409224
      vertex -0.0014372869429446883 0.03170105352240094 -0.007000610080815979
    endloop
  endfacet
  facet normal 0.1760225921440832 0.9469157105104252 -0.26901056530072226
    outer loop
      vertex -0.0014372869429446883 0.03170105352240094 -0.007000610080815979
      vertex -0.003538426513021643 0.031762563315304845 -0.008158941702409224
      vertex -0.0055681074857711794 0.03243385672569275 -0.007124080598354339
    endloop
  endfacet
  facet normal -0.1759447519187744 0.5515088442190428 -0.815402623873885
    outer loop
      vertex -0.00804109513759613 0.0354485821723938 -0.004551416635513306
      vertex -0.0068446796919618335 0.034650906239237105 -0.005349094165222986
      vertex -0.0055681074857711794 0.03243385672569275 -0.007124080598354339
    endloop
  endfacet
  facet normal -2.5405161154112e-07 0.7071060028744359 -0.7071075594977568
    outer loop
      vertex -0.0031999999284744265 0.03441385746002197 -0.005586143732070923
      vertex -0.0031999999284744265 0.033601582050323486 -0.006398417353630066
      vertex -0.0068446796919618335 0.034650906239237105 -0.005349094165222986
    endloop
  endfacet
  facet normal -0.054678856417072166 0.604673946692629 -0.7945940100781537
    outer loop
      vertex -0.0068446796919618335 0.034650906239237105 -0.005349094165222986
      vertex -0.0031999999284744265 0.033601582050323486 -0.006398417353630066
      vertex -0.0055681074857711794 0.03243385672569275 -0.007124080598354339
    endloop
  endfacet
  facet normal 0.09484178067938641 0.37956372003504074 -0.9202914859275427
    outer loop
      vertex -0.0031999999284744265 0.033601582050323486 -0.006398417353630066
      vertex -0.0014372869429446883 0.03170105352240094 -0.007000610080815979
      vertex -0.0055681074857711794 0.03243385672569275 -0.007124080598354339
    endloop
  endfacet
  facet normal 2.200424304217066e-07 0.7071062643237562 -0.7071072980489267
    outer loop
      vertex 0.0031999999284744265 0.0335984206199646 -0.006401579380035401
      vertex 0.0031999999284744265 0.03441385746002197 -0.005586143732070923
      vertex 0.0068446796919618335 0.034650906239237105 -0.005349094165222986
    endloop
  endfacet
  facet normal 1.545890687233657e-06 0.7071063295025486 -0.7071072328685679
    outer loop
      vertex 0.006865976452827453 0.033904206752777104 -0.006095792651176452
      vertex 0.0068446796919618335 0.034650906239237105 -0.005349094165222986
      vertex 0.00804109513759613 0.0354485821723938 -0.004551416635513306
    endloop
  endfacet
  facet normal -0.08519291720874252 0.9619761004267403 -0.25950751254101717
    outer loop
      vertex 0.0014555623070760207 0.031925794167952104 -0.0070059785626151345
      vertex 0.0055237231850624085 0.032253735184669494 -0.007125848203897477
      vertex 0.003272506445646286 0.031756205558776854 -0.008231110572814943
    endloop
  endfacet
  facet normal -0.3895215114579085 0.63640596269149 -0.6657780732062785
    outer loop
      vertex 0.0014555623070760207 0.031925794167952104 -0.0070059785626151345
      vertex 0.003272506445646286 0.031756205558776854 -0.008231110572814943
      vertex 0.0015037252331102217 0.03056077828278413 -0.00833895238670143
    endloop
  endfacet
  facet normal -0.997728435988198 -0.008507017322772209 0.06682513506768364
    outer loop
      vertex 1.9334256648998903e-08 0.04524988532066345 0.007992693930864334
      vertex -1.2907046944864178e-05 0.04183167657544536 0.007364550357864748
      vertex 0.0001041022104428246 0.04095007109087567 0.008999318924061087
    endloop
  endfacet
  facet normal 0.997728435988198 0.008507017322772209 -0.06682513506768364
    outer loop
      vertex 1.9334256648998903e-08 0.04524988532066345 0.007992693930864334
      vertex 0.0001041022104428246 0.04095007109087567 0.008999318924061087
      vertex -1.2907046944864178e-05 0.04183167657544536 0.007364550357864748
    endloop
  endfacet
  facet normal 0.9102291481656971 0.2259487217467057 0.3470303631825022
    outer loop
      vertex 0.005736934442810601 0.021672861455055665 0.0021622637307583377
      vertex 0.005696535769737128 0.020409711490977894 0.0030906527241071065
      vertex 0.006423385136098746 0.02123508681255172 0.0006467974640617903
    endloop
  endfacet
  facet normal -0.9102291481656971 -0.2259487217467056 -0.3470303631825022
    outer loop
      vertex 0.006423385136098746 0.02123508681255172 0.0006467974640617903
      vertex 0.005696535769737128 0.020409711490977894 0.0030906527241071065
      vertex 0.005736934442810601 0.021672861455055665 0.0021622637307583377
    endloop
  endfacet
  facet normal -0.9968915587765483 0.014765959765842334 -0.07738983442453547
    outer loop
      vertex -8.426641404129236e-05 0.03655700420846744 0.008782742145110151
      vertex 5.7507444341085544e-09 0.03702945170579133 0.0077873392016799365
      vertex -1.048535720054337e-19 0.026592482952844533 0.005796042425291879
    endloop
  endfacet
  facet normal -0.9999999810464754 5.344656333665568e-06 -0.00019462395417863326
    outer loop
      vertex -1.048535720054337e-19 0.026592482952844533 0.005796042425291879
      vertex -8.260632569815912e-20 0.01593689481417338 0.005503424505392711
      vertex -2.954443487780713e-07 0.01694337104496203 0.007049090423082051
    endloop
  endfacet
  facet normal -0.9999250062528945 -0.010349250620756428 0.006547891396283578
    outer loop
      vertex -2.954443487780713e-07 0.01694337104496203 0.007049090423082051
      vertex -8.260632569815912e-20 0.01593689481417338 0.005503424505392711
      vertex 0.00011172368377447129 0.006401744941870372 0.007493935445944468
    endloop
  endfacet
  facet normal 0.9968915587765483 -0.014765959765842334 0.07738983442453545
    outer loop
      vertex -1.048535720054337e-19 0.026592482952844533 0.005796042425291879
      vertex 5.7507444341085544e-09 0.03702945170579133 0.0077873392016799365
      vertex -8.426641404129236e-05 0.03655700420846744 0.008782742145110151
    endloop
  endfacet
  facet normal 0.9999660349625917 0.008195998853206654 0.0008686334044007147
    outer loop
      vertex -1.048535720054337e-19 0.026592482952844533 0.005796042425291879
      vertex -8.426641404129236e-05 0.03655700420846744 0.008782742145110151
      vertex -5.272010156943856e-19 0.026488094329833983 0.006781002283096314
    endloop
  endfacet
  facet normal -0.9999660349625917 -0.008195998853206652 -0.0008686334044007147
    outer loop
      vertex -5.272010156943856e-19 0.026488094329833983 0.006781002283096314
      vertex -8.426641404129236e-05 0.03655700420846744 0.008782742145110151
      vertex -1.048535720054337e-19 0.026592482952844533 0.005796042425291879
    endloop
  endfacet
  facet normal -0.9993490510790005 -0.004230326419563328 0.03582706303739335
    outer loop
      vertex -8.260632569815912e-20 0.01593689481417338 0.005503424505392711
      vertex 6.643547117710112e-05 0.007554125428199767 0.006366748809814453
      vertex 0.00011172368377447129 0.006401744941870372 0.007493935445944468
    endloop
  endfacet
  facet normal 0.9999250062528945 0.010349250620756428 -0.006547891396283578
    outer loop
      vertex -2.954443487780713e-07 0.01694337104496203 0.007049090423082051
      vertex 0.00011172368377447129 0.006401744941870372 0.007493935445944468
      vertex -8.260632569815912e-20 0.01593689481417338 0.005503424505392711
    endloop
  endfacet
  facet normal 0.9999999781553233 -2.5125388322157966e-05 0.00020750438033799765
    outer loop
      vertex -2.954443487780713e-07 0.01694337104496203 0.007049090423082051
      vertex -8.260632569815912e-20 0.01593689481417338 0.005503424505392711
      vertex -5.272010156943856e-19 0.026488094329833983 0.006781002283096314
    endloop
  endfacet
  facet normal 1.0 -9.659416386793226e-18 4.2777287538646727e-16
    outer loop
      vertex -5.272010156943856e-19 0.026488094329833983 0.006781002283096314
      vertex -8.260632569815912e-20 0.01593689481417338 0.005503424505392711
      vertex -1.048535720054337e-19 0.026592482952844533 0.005796042425291879
    endloop
  endfacet
  facet normal 0.9993490510790005 0.004230326419563328 -0.03582706303739335
    outer loop
      vertex -8.260632569815912e-20 0.01593689481417338 0.005503424505392711
      vertex 0.00011172368377447129 0.006401744941870372 0.007493935445944468
      vertex 6.643547117710112e-05 0.007554125428199767 0.006366748809814453
    endloop
  endfacet
  facet normal -0.9999999995126566 3.104610189602352e-05 3.2903471148285563e-06
    outer loop
      vertex -1.048535720054337e-19 0.026592482952844533 0.005796042425291879
      vertex -2.954443487780713e-07 0.01694337104496203 0.007049090423082051
      vertex -5.272010156943856e-19 0.026488094329833983 0.006781002283096314
    endloop
  endfacet
  facet normal -0.3611474058624713 0.8771044364215804 0.3166391618994546
    outer loop
      vertex -0.0031999999284744265 0.041371822357177734 0.007779981493949891
      vertex -0.005087181383913213 0.04057654575868087 0.007830480445515027
      vertex -0.0030009995081595013 0.040961998530796594 0.009142184385231563
    endloop
  endfacet
  facet normal -0.35624831277676944 0.823757863110317 0.44103301759350105
    outer loop
      vertex -0.0010854944586753846 0.04165620803833008 0.00939281165599823
      vertex -0.0030009995081595013 0.040961998530796594 0.009142184385231563
      vertex -1.7069977184291932e-06 0.0417723274230957 0.010051363706588745
    endloop
  endfacet
  facet normal 5.066643879791455e-07 0.9848078942690157 -0.17364737655711987
    outer loop
      vertex -0.0010854944586753846 0.04165620803833008 0.00939281165599823
      vertex -1.7069977184291932e-06 0.0417723274230957 0.010051363706588745
      vertex 0.0010848131775856018 0.04165647029876709 0.009394305348396302
    endloop
  endfacet
  facet normal 0.31900150935535 0.8708619434559354 0.3739485425418316
    outer loop
      vertex 0.0010848131775856018 0.04165647029876709 0.009394305348396302
      vertex -1.7069977184291932e-06 0.0417723274230957 0.010051363706588745
      vertex 0.003062177950685675 0.04103050882166082 0.009165246242826636
    endloop
  endfacet
  facet normal 0.0 0.9709619377921194 0.23923401798024566
    outer loop
      vertex 0.003062177950685675 0.04103050882166082 0.009165246242826636
      vertex 0.0054261207580566405 0.041371822357177734 0.007779981493949891
      vertex 0.0031999999284744265 0.041371822357177734 0.007779981493949891
    endloop
  endfacet
  facet normal -0.5439464983962916 0.03790025268076546 -0.8382635490877243
    outer loop
      vertex -0.0014372869429446883 0.03170105352240094 -0.007000610080815979
      vertex 0.0 0.045548485517501826 -0.007307179570198059
      vertex -8.772795647382737e-05 0.03436000108718872 -0.007756116032600403
    endloop
  endfacet
  facet normal -0.9996798155563764 0.008790467196277215 -0.02372749577263234
    outer loop
      vertex -8.772795647382737e-05 0.03436000108718872 -0.007756116032600403
      vertex 0.0 0.045548485517501826 -0.007307179570198059
      vertex 6.453299239201813e-07 0.041901632814991235 -0.00868543973990849
    endloop
  endfacet
  facet normal 0.8042313786058836 0.0056176667027717335 -0.5942897706392872
    outer loop
      vertex -0.0018559502065181733 0.03436000108718872 -0.007542037963867188
      vertex -0.001547291874885559 0.04633790334065755 -0.007011117537816366
      vertex -0.0014372869429446883 0.03170105352240094 -0.007000610080815979
    endloop
  endfacet
  facet normal -0.18897817034214287 -0.0021252272964244192 -0.9819789888501049
    outer loop
      vertex -0.0014372869429446883 0.03170105352240094 -0.007000610080815979
      vertex -0.001547291874885559 0.04633790334065755 -0.007011117537816366
      vertex 0.0 0.045548485517501826 -0.007307179570198059
    endloop
  endfacet
  facet normal 0.9728964789531314 -0.005136799740750505 -0.23118402740895155
    outer loop
      vertex -0.002107451632618904 0.03675139129161835 -0.008653572127223015
      vertex -0.0020921014036451068 0.041389049121311736 -0.008692020007542201
      vertex -0.0018559502065181733 0.03436000108718872 -0.007542037963867188
    endloop
  endfacet
  facet normal 0.9864915023931268 0.006362444382328357 -0.1636888359285187
    outer loop
      vertex -0.0018559502065181733 0.03436000108718872 -0.007542037963867188
      vertex -0.0020921014036451068 0.041389049121311736 -0.008692020007542201
      vertex -0.0020000000298023225 0.044912710189819335 -0.007999997735023499
    endloop
  endfacet
  facet normal 0.9121246355165606 -0.0053366723688628645 -0.409878237055603
    outer loop
      vertex -0.0018559502065181733 0.03436000108718872 -0.007542037963867188
      vertex -0.0020000000298023225 0.044912710189819335 -0.007999997735023499
      vertex -0.001547291874885559 0.04633790334065755 -0.007011117537816366
    endloop
  endfacet
  facet normal -0.9931783831771522 -0.002726679833143644 -0.11657300033329188
    outer loop
      vertex 6.453299239201813e-07 0.041901632814991235 -0.00868543973990849
      vertex 1.7391303959100145e-05 0.03622505167256231 -0.00869533499945765
      vertex -8.772795647382737e-05 0.03436000108718872 -0.007756116032600403
    endloop
  endfacet
  facet normal 0.9999920861034641 -0.0034028200539692605 -0.0020612001654427606
    outer loop
      vertex -1.2907046944864178e-05 0.04183167657544536 0.007364550357864748
      vertex 2.550936881077509e-09 0.046748488062904 0.005510519352697191
      vertex 1.9334256648998903e-08 0.04524988532066345 0.007992693930864334
    endloop
  endfacet
  facet normal 0.8224022631628232 0.29941378818781755 0.4837415642548069
    outer loop
      vertex 0.0062218092823028565 0.015744182710647585 0.0018047850435972215
      vertex 0.006513848545592885 0.016805667433627814 0.0006512829377099352
      vertex 0.0057763447088223915 0.016040881000183246 0.002378470529974611
    endloop
  endfacet
  facet normal 0.9950476792423518 -0.03814105679287825 -0.09178984595875471
    outer loop
      vertex 0.0001041022104428246 0.04095007109087567 0.008999318924061087
      vertex -8.426641404129236e-05 0.03655700420846744 0.008782742145110151
      vertex -1.2907046944864178e-05 0.04183167657544536 0.007364550357864748
    endloop
  endfacet
  facet normal 0.995947034386617 0.010541925335261092 0.08932173591421308
    outer loop
      vertex -1.2907046944864178e-05 0.04183167657544536 0.007364550357864748
      vertex -8.426641404129236e-05 0.03655700420846744 0.008782742145110151
      vertex 5.7507444341085544e-09 0.03702945170579133 0.0077873392016799365
    endloop
  endfacet
  facet normal -0.9969823883984658 0.04583784379178407 -0.06264989465123363
    outer loop
      vertex -8.426641404129236e-05 0.03655700420846744 0.008782742145110151
      vertex 0.0001041022104428246 0.04095007109087567 0.008999318924061087
      vertex 5.7507444341085544e-09 0.03702945170579133 0.0077873392016799365
    endloop
  endfacet
  facet normal -0.9972938250618709 0.003782402445542186 0.07342152222068199
    outer loop
      vertex 5.7507444341085544e-09 0.03702945170579133 0.0077873392016799365
      vertex 0.0001041022104428246 0.04095007109087567 0.008999318924061087
      vertex -1.2907046944864178e-05 0.04183167657544536 0.007364550357864748
    endloop
  endfacet
  facet normal -0.9999920861034641 0.0034028200539692605 0.0020612001654427606
    outer loop
      vertex -1.2907046944864178e-05 0.04183167657544536 0.007364550357864748
      vertex 1.9334256648998903e-08 0.04524988532066345 0.007992693930864334
      vertex 2.550936881077509e-09 0.046748488062904 0.005510519352697191
    endloop
  endfacet
  facet normal -0.9792562385622098 0.11024098466475127 0.1700121893781109
    outer loop
      vertex 0.006052157282829285 0.028344392776489258 0.0030181106925010683
      vertex 0.005799944514536675 0.026916652581163943 0.002491175287779961
      vertex 0.0059341943614623135 0.027324849998249724 0.002999755968065823
    endloop
  endfacet
  facet normal 0.9542635937988482 0.05279203228859667 -0.2942685760949455
    outer loop
      vertex 0.0059341943614623135 0.027324849998249724 0.002999755968065823
      vertex 0.005799944514536675 0.026916652581163943 0.002491175287779961
      vertex 0.005780189633369446 0.029637725353240968 0.002915276288986206
    endloop
  endfacet
  facet normal 0.8932183144803155 0.04312855254800657 -0.44754996439733774
    outer loop
      vertex 0.0059341943614623135 0.027324849998249724 0.002999755968065823
      vertex 0.005780189633369446 0.029637725353240968 0.002915276288986206
      vertex 0.006123833176162508 0.03197952283753289 0.0038267880181471503
    endloop
  endfacet
  facet normal -0.8995504804070704 0.1116821947622779 -0.42229849700477246
    outer loop
      vertex 0.006123833176162508 0.03197952283753289 0.0038267880181471503
      vertex 0.006052157282829285 0.028344392776489258 0.0030181106925010683
      vertex 0.0059341943614623135 0.027324849998249724 0.002999755968065823
    endloop
  endfacet
  facet normal -0.8496017779041212 0.30807973626892876 -0.4280930916081495
    outer loop
      vertex 0.0062751240674623725 0.02733116290912554 0.001846429633433253
      vertex 0.005799944514536675 0.026916652581163943 0.002491175287779961
      vertex 0.006052157282829285 0.028344392776489258 0.0030181106925010683
    endloop
  endfacet
  facet normal -0.8551920524660345 0.24330713175929156 -0.457655102707266
    outer loop
      vertex 0.006153563697313525 0.02235714238943513 0.0017475243458121095
      vertex 0.006423385136098746 0.02123508681255172 0.0006467974640617903
      vertex 0.005736934442810601 0.021672861455055665 0.0021622637307583377
    endloop
  endfacet
  facet normal 0.8551920524660344 -0.24330713175929156 0.457655102707266
    outer loop
      vertex 0.005736934442810601 0.021672861455055665 0.0021622637307583377
      vertex 0.006423385136098746 0.02123508681255172 0.0006467974640617903
      vertex 0.006153563697313525 0.02235714238943513 0.0017475243458121095
    endloop
  endfacet
  facet normal -0.9998171678804832 -0.013564525444105644 0.013477182974420104
    outer loop
      vertex 0.0 0.045548485517501826 -0.007307179570198059
      vertex 3.333329843978087e-05 0.04657820304234823 -0.0037979273994763695
      vertex 0.0 0.048555405139923104 -0.004280772805213928
    endloop
  endfacet
  facet normal -0.9998135539804596 -0.018334880822245405 -0.006057179392838683
    outer loop
      vertex 0.0 0.048555405139923104 -0.004280772805213928
      vertex 3.333329843978087e-05 0.04657820304234823 -0.0037979273994763695
      vertex 1.3880895638568956e-18 0.04758013223346911 -0.001328654112784486
    endloop
  endfacet
  facet normal -0.9351577447121315 0.33635200560628575 0.11111849904290869
    outer loop
      vertex 0.0 0.048555405139923104 -0.004280772805213928
      vertex 1.3880895638568956e-18 0.04758013223346911 -0.001328654112784486
      vertex 0.0007999999821186066 0.049550685882568356 -0.0005607666075229644
    endloop
  endfacet
  facet normal -0.7739199971852179 0.476666561768413 -0.4169374375715281
    outer loop
      vertex 0.0007999999821186066 0.049550685882568356 -0.0005607666075229644
      vertex 1.3880895638568956e-18 0.04758013223346911 -0.001328654112784486
      vertex -0.0002947368355173814 0.048543421845687065 0.00031972431626759075
    endloop
  endfacet
  facet normal -0.6028254708615108 0.7841190925042624 0.1475083063793009
    outer loop
      vertex 0.0007999999821186066 0.049550685882568356 -0.0005607666075229644
      vertex -0.0002947368355173814 0.048543421845687065 0.00031972431626759075
      vertex 0.0 0.04821877076075627 0.0032499998807907107
    endloop
  endfacet
  facet normal 0.8229217590984015 -0.30687228887870455 0.47815183437976844
    outer loop
      vertex 0.006123833176162508 0.03197952283753289 0.0038267880181471503
      vertex 0.005780189633369446 0.029637725353240968 0.002915276288986206
      vertex 0.006507743149995804 0.029881316135669578 0.0018194562562837684
    endloop
  endfacet
  facet normal 0.590784453407845 -0.7763505324211013 0.21966697617317504
    outer loop
      vertex 0.006507743149995804 0.029881316135669578 0.0018194562562837684
      vertex 0.005780189633369446 0.029637725353240968 0.002915276288986206
      vertex 0.005884814262390137 0.029639906883239746 0.0026416030526161195
    endloop
  endfacet
  facet normal 0.8803480290155286 0.3260174330925398 0.3445286361512285
    outer loop
      vertex 0.005888880518349735 0.012619728771123018 0.0025973614982583307
      vertex 0.0058268781120960535 0.012157320242661697 0.0031933553172991823
      vertex 0.006368571913778576 0.011868920008616465 0.002082110774867675
    endloop
  endfacet
  facet normal 0.7929935592610226 0.5593699195653636 0.2413845646597429
    outer loop
      vertex 0.006368571913778576 0.011868920008616465 0.002082110774867675
      vertex 0.0058268781120960535 0.012157320242661697 0.0031933553172991823
      vertex 0.006091253328323365 0.011842301845550539 0.0030548376441001893
    endloop
  endfacet
  facet normal -0.7744971692899183 -0.4582301416016916 -0.436095485059863
    outer loop
      vertex 0.0058268781120960535 0.012157320242661697 0.0031933553172991823
      vertex 0.005888880518349735 0.012619728771123018 0.0025973614982583307
      vertex 0.006091253328323365 0.011842301845550539 0.0030548376441001893
    endloop
  endfacet
  facet normal -0.8847466395450276 -0.3849357925587123 -0.2627695176784725
    outer loop
      vertex 0.006091253328323365 0.011842301845550539 0.0030548376441001893
      vertex 0.005888880518349735 0.012619728771123018 0.0025973614982583307
      vertex 0.006368571913778576 0.011868920008616465 0.002082110774867675
    endloop
  endfacet
  facet normal -0.822402263162823 -0.29941378818781755 -0.4837415642548068
    outer loop
      vertex 0.0057763447088223915 0.016040881000183246 0.002378470529974611
      vertex 0.006513848545592885 0.016805667433627814 0.0006512829377099352
      vertex 0.0062218092823028565 0.015744182710647585 0.0018047850435972215
    endloop
  endfacet
  facet normal -0.9999333385320173 -0.004236352713474941 0.010741126938141398
    outer loop
      vertex 0.0 0.045548485517501826 -0.007307179570198059
      vertex 6.453299239201813e-07 0.041901632814991235 -0.00868543973990849
      vertex 3.333329843978087e-05 0.04657820304234823 -0.0037979273994763695
    endloop
  endfacet
  facet normal 0.9999333385320173 0.004236352713474939 -0.010741126938141398
    outer loop
      vertex 3.333329843978087e-05 0.04657820304234823 -0.0037979273994763695
      vertex 6.453299239201813e-07 0.041901632814991235 -0.00868543973990849
      vertex 0.0 0.045548485517501826 -0.007307179570198059
    endloop
  endfacet
  facet normal 0.9998171678804831 0.01356452544410564 -0.013477182974420101
    outer loop
      vertex 3.333329843978087e-05 0.04657820304234823 -0.0037979273994763695
      vertex 0.0 0.045548485517501826 -0.007307179570198059
      vertex 0.0 0.048555405139923104 -0.004280772805213928
    endloop
  endfacet
  facet normal 0.9998135539804596 0.01833488082224541 0.006057179392838683
    outer loop
      vertex 3.333329843978087e-05 0.04657820304234823 -0.0037979273994763695
      vertex 0.0 0.048555405139923104 -0.004280772805213928
      vertex 1.3880895638568956e-18 0.04758013223346911 -0.001328654112784486
    endloop
  endfacet
  facet normal 0.9794617005959616 0.19145317438790305 0.06324918246477146
    outer loop
      vertex 1.3880895638568956e-18 0.04758013223346911 -0.001328654112784486
      vertex 0.0 0.048555405139923104 -0.004280772805213928
      vertex -0.0002947368355173814 0.048543421845687065 0.00031972431626759075
    endloop
  endfacet
  facet normal 0.8038097365749138 -0.05775583347877023 0.5920761531142259
    outer loop
      vertex 0.006507743149995804 0.029881316135669578 0.0018194562562837684
      vertex 0.005884814262390137 0.029639906883239746 0.0026416030526161195
      vertex 0.005799944514536675 0.026916652581163943 0.002491175287779961
    endloop
  endfacet
  facet normal 0.8237924352090745 -0.06919317189977356 0.5626529380130804
    outer loop
      vertex 0.006507743149995804 0.029881316135669578 0.0018194562562837684
      vertex 0.005799944514536675 0.026916652581163943 0.002491175287779961
      vertex 0.0062751240674623725 0.02733116290912554 0.001846429633433253
    endloop
  endfacet
  facet normal 0.9612002917438575 -0.07083502352660545 0.26660157275137836
    outer loop
      vertex 0.006544950619787618 0.026347515163503494 0.0007463916720494691
      vertex 0.006927148309247248 0.03089885666452605 0.0005776974372565747
      vertex 0.006507743149995804 0.029881316135669578 0.0018194562562837684
    endloop
  endfacet
  facet normal -0.9612002917438575 0.07083502352660545 -0.26660157275137836
    outer loop
      vertex 0.006544950619787618 0.026347515163503494 0.0007463916720494691
      vertex 0.006507743149995804 0.029881316135669578 0.0018194562562837684
      vertex 0.006927148309247248 0.03089885666452605 0.0005776974372565747
    endloop
  endfacet
  facet normal -0.02358360008119891 -0.07470590137948231 0.9969266984619728
    outer loop
      vertex 0.006966439141676976 0.001211818680167198 0.006872565425359286
      vertex 0.003688995738824209 0.0011979646484057108 0.006793995062510173
      vertex 0.006790434718132019 -0.002322246730327606 0.006603572368621825
    endloop
  endfacet
  facet normal 0.0 -0.05401513674974024 0.9985401168715792
    outer loop
      vertex 0.006790434718132019 -0.002322246730327606 0.006603572368621825
      vertex 0.003688995738824209 0.0011979646484057108 0.006793995062510173
      vertex 0.0038999998569488525 -0.002322246730327606 0.006603572368621825
    endloop
  endfacet
  facet normal 0.0 -0.5774764196035341 0.8164073644951294
    outer loop
      vertex 0.006790434718132019 -0.002322246730327606 0.006603572368621825
      vertex 0.0038999998569488525 -0.002322246730327606 0.006603572368621825
      vertex 0.006971031129360199 -0.005204890966415405 0.004564566910266877
    endloop
  endfacet
  facet normal -0.0446025850151318 -0.6081379733338302 0.792577324176884
    outer loop
      vertex 0.006971031129360199 -0.005204890966415405 0.004564566910266877
      vertex 0.0038999998569488525 -0.002322246730327606 0.006603572368621825
      vertex 0.0036727272109551862 -0.0050920059735124765 0.004465569339015267
    endloop
  endfacet
  facet normal -0.04399175093523957 -0.8935811953230265 0.44674083450555896
    outer loop
      vertex 0.006971031129360199 -0.005204890966415405 0.004564566910266877
      vertex 0.0036727272109551862 -0.0050920059735124765 0.004465569339015267
      vertex 0.006971031129360199 -0.006774714887142181 0.0014245693385601043
    endloop
  endfacet
  facet normal -0.05036810019402128 -0.8960096101292958 0.44116871266987245
    outer loop
      vertex 0.006971031129360199 -0.006774714887142181 0.0014245693385601043
      vertex 0.0036727272109551862 -0.0050920059735124765 0.004465569339015267
      vertex 0.00364999994635582 -0.006605542302131653 0.0013889961689710617
    endloop
  endfacet
  facet normal -0.05028911868637811 -0.9975316845170412 -0.04900553975155785
    outer loop
      vertex 0.006971031129360199 -0.006774714887142181 0.0014245693385601043
      vertex 0.00364999994635582 -0.006605542302131653 0.0013889961689710617
      vertex 0.006971031129360199 -0.0066024607419967645 -0.002081747874617577
    endloop
  endfacet
  facet normal -0.04392047486712018 -0.9981129901864327 -0.04291212775596752
    outer loop
      vertex 0.006971031129360199 -0.0066024607419967645 -0.002081747874617577
      vertex 0.00364999994635582 -0.006605542302131653 0.0013889961689710617
      vertex 0.0036727272109551862 -0.0064592649178071455 -0.002036598351868716
    endloop
  endfacet
  facet normal -0.04401623641841257 -0.846624489028295 -0.5303673684429849
    outer loop
      vertex 0.006971031129360199 -0.0066024607419967645 -0.002081747874617577
      vertex 0.0036727272109551862 -0.0064592649178071455 -0.002036598351868716
      vertex 0.006954613273794001 -0.004737215313044461 -0.005057873292402788
    endloop
  endfacet
  facet normal -0.05266498291224573 -0.8418944905131899 -0.5370661657732585
    outer loop
      vertex 0.006954613273794001 -0.004737215313044461 -0.005057873292402788
      vertex 0.0036727272109551862 -0.0064592649178071455 -0.002036598351868716
      vertex 0.00364999994635582 -0.004614247977733612 -0.004926582425832749
    endloop
  endfacet
  facet normal -0.04928030484743358 -0.3109652825960343 -0.9491427946173919
    outer loop
      vertex 0.006954613273794001 -0.004737215313044461 -0.005057873292402788
      vertex 0.00364999994635582 -0.004614247977733612 -0.004926582425832749
      vertex 0.006983930873019355 0.000234841528747763 -0.006688378048794611
    endloop
  endfacet
  facet normal -0.050824285423197224 -0.30999005012421205 -0.9493803562509654
    outer loop
      vertex 0.006983930873019355 0.000234841528747763 -0.006688378048794611
      vertex 0.00364999994635582 -0.004614247977733612 -0.004926582425832749
      vertex 0.003659999942779541 0.0003098014473915101 -0.0065349099636077875
    endloop
  endfacet
  facet normal -0.03512115107609318 0.3551486079045345 -0.9341498654126977
    outer loop
      vertex 0.006983930873019355 0.000234841528747763 -0.006688378048794611
      vertex 0.003659999942779541 0.0003098014473915101 -0.0065349099636077875
      vertex 0.006968897267391807 0.004910285112104918 -0.004910285112104918
    endloop
  endfacet
  facet normal -0.043662089249931535 0.3604467756290056 -0.931757341747831
    outer loop
      vertex 0.006968897267391807 0.004910285112104918 -0.004910285112104918
      vertex 0.003659999942779541 0.0003098014473915101 -0.0065349099636077875
      vertex 0.0036008974611759182 0.004796484276652336 -0.004796484276652336
    endloop
  endfacet
  facet normal -0.8003315998499418 -0.04899650797062258 0.5975522341087157
    outer loop
      vertex 0.003400000035762787 0.0011287131905555726 0.0064012503623962404
      vertex 0.0034000000357627866 -0.0021563720703125 0.006131888628005982
      vertex 0.003688995738824209 0.0011979646484057108 0.006793995062510173
    endloop
  endfacet
  facet normal -0.6979632469987835 -0.08033055974974554 0.7116138749414654
    outer loop
      vertex 0.003688995738824209 0.0011979646484057108 0.006793995062510173
      vertex 0.0034000000357627866 -0.0021563720703125 0.006131888628005982
      vertex 0.0038999998569488525 -0.002322246730327606 0.006603572368621825
    endloop
  endfacet
  facet normal -0.6952660332366007 -0.40257103523844634 0.5954340472415794
    outer loop
      vertex 0.0038999998569488525 -0.002322246730327606 0.006603572368621825
      vertex 0.0034000000357627866 -0.0021563720703125 0.006131888628005982
      vertex 0.0036727272109551862 -0.0050920059735124765 0.004465569339015267
    endloop
  endfacet
  facet normal 0.027698135566206563 -0.9054189252605949 -0.42361466342196563
    outer loop
      vertex 0.007500000000000001 -0.00035355339447657266 0.00035355339447657266
      vertex 0.003400000035762787 0.00028048932265776854 -0.0012697063501064592
      vertex 0.007500000000000001 0.000391942302768047 -0.0012398426120097822
    endloop
  endfacet
  facet normal -0.028123569822219658 0.959146732883407 0.2815077434450803
    outer loop
      vertex 0.007500000000000001 0.000391942302768047 -0.0012398426120097822
      vertex 0.003400000035762787 0.00028048932265776854 -0.0012697063501064592
      vertex 0.0034000000357627875 -0.0001968192924623904 0.00035656862608764476
    endloop
  endfacet
  facet normal 0.03491583805203028 0.9052141524736342 0.4235188572124794
    outer loop
      vertex 0.007500000000000001 0.000391942302768047 -0.0012398426120097822
      vertex 0.0034000000357627875 -0.0001968192924623904 0.00035656862608764476
      vertex 0.007500000000000001 -0.00035355339447657266 0.00035355339447657266
    endloop
  endfacet
  facet normal 0.03333289600169787 0.881031649510869 -0.47188150059553835
    outer loop
      vertex 0.007500000000000001 -0.00035355339447657266 0.00035355339447657266
      vertex 0.0034000000357627875 -0.0001968192924623904 0.00035656862608764476
      vertex 0.003400000035762787 0.0003882285580039024 0.0014488887786865232
    endloop
  endfacet
  facet normal 0.0 0.8279957062162111 -0.5607344384711161
    outer loop
      vertex 0.007500000000000001 -0.00035355339447657266 0.00035355339447657266
      vertex 0.003400000035762787 0.0003882285580039024 0.0014488887786865232
      vertex 0.0075 0.0003882285580039024 0.0014488887786865232
    endloop
  endfacet
  facet normal 0.0 -0.8815215069366522 0.4721438687605014
    outer loop
      vertex 0.0075 0.0003882285580039024 0.0014488887786865232
      vertex 0.003400000035762787 0.0003882285580039024 0.0014488887786865232
      vertex 0.0034000000357627875 -0.0001968192924623904 0.00035656862608764476
    endloop
  endfacet
  facet normal -0.03122486938988033 -0.8275919629918406 0.5604610158814769
    outer loop
      vertex 0.0075 0.0003882285580039024 0.0014488887786865232
      vertex 0.0034000000357627875 -0.0001968192924623904 0.00035656862608764476
      vertex 0.007500000000000001 -0.00035355339447657266 0.00035355339447657266
    endloop
  endfacet
  facet normal -0.03686264516574416 -0.9588741195203331 -0.2814277319410624
    outer loop
      vertex 0.007500000000000001 -0.00035355339447657266 0.00035355339447657266
      vertex 0.0034000000357627875 -0.0001968192924623904 0.00035656862608764476
      vertex 0.003400000035762787 0.00028048932265776854 -0.0012697063501064592
    endloop
  endfacet
  facet normal 0.3830419887419622 -0.08905799594782517 0.9194278156649164
    outer loop
      vertex 0.006966439141676976 0.001211818680167198 0.006872565425359286
      vertex 0.006790434718132019 -0.002322246730327606 0.006603572368621825
      vertex 0.007151627540588379 -0.002271072715520859 0.00645805299282074
    endloop
  endfacet
  facet normal 0.38181756091379254 -0.5176626737022415 0.7656635726174316
    outer loop
      vertex 0.007151627540588379 -0.002271072715520859 0.00645805299282074
      vertex 0.006790434718132019 -0.002322246730327606 0.006603572368621825
      vertex 0.006971031129360199 -0.005204890966415405 0.004564566910266877
    endloop
  endfacet
  facet normal -0.9981959550322895 0.05761022696365367 0.0169084921377392
    outer loop
      vertex 0.0034000000357627875 -0.0001968192924623904 0.00035656862608764476
      vertex 0.0036008974611759182 0.004796484276652336 -0.004796484276652336
      vertex 0.003400000035762787 0.00028048932265776854 -0.0012697063501064592
    endloop
  endfacet
  facet normal -0.9987670008319798 0.005940220826608535 -0.04928683217273183
    outer loop
      vertex 0.003400000035762787 0.00028048932265776854 -0.0012697063501064592
      vertex 0.0036008974611759182 0.004796484276652336 -0.004796484276652336
      vertex 0.003659999942779541 0.0003098014473915101 -0.0065349099636077875
    endloop
  endfacet
  facet normal -0.9986797593648441 -0.01410528689036035 -0.049394120264641364
    outer loop
      vertex 0.003400000035762787 0.00028048932265776854 -0.0012697063501064592
      vertex 0.003659999942779541 0.0003098014473915101 -0.0065349099636077875
      vertex 0.00364999994635582 -0.004614247977733612 -0.004926582425832749
    endloop
  endfacet
  facet normal 1.0 1.028356060753531e-15 -1.5376136150562538e-16
    outer loop
      vertex 0.003400000035762787 0.0003882285580039024 0.0014488887786865232
      vertex 0.003400000035762787 0.0011287131905555726 0.0064012503623962404
      vertex 0.0034000000357627875 -0.0001968192924623904 0.00035656862608764476
    endloop
  endfacet
  facet normal -1.0 -1.398130684579926e-17 -6.867990917063215e-17
    outer loop
      vertex 0.0034000000357627875 -0.0001968192924623904 0.00035656862608764476
      vertex 0.003400000035762787 0.0011287131905555726 0.0064012503623962404
      vertex 0.003400000035762787 0.007813016772270203 0.005040513277053833
    endloop
  endfacet
  facet normal -1.0 -9.803787489779053e-17 7.506203921503195e-17
    outer loop
      vertex 0.0034000000357627875 -0.0001968192924623904 0.00035656862608764476
      vertex 0.003400000035762787 0.007813016772270203 0.005040513277053833
      vertex 0.0034000000357627866 0.009230796098709106 0.001114630103111267
    endloop
  endfacet
  facet normal -1.0 1.3365370680660286e-16 -1.9984105421422115e-17
    outer loop
      vertex 0.003400000035762787 0.0011287131905555726 0.0064012503623962404
      vertex 0.003400000035762787 0.0003882285580039024 0.0014488887786865232
      vertex 0.0034000000357627866 -0.0021563720703125 0.006131888628005982
    endloop
  endfacet
  facet normal -1.0 -2.8213900034310467e-16 -2.4591329993469497e-16
    outer loop
      vertex 0.0034000000357627866 -0.0021563720703125 0.006131888628005982
      vertex 0.003400000035762787 0.0003882285580039024 0.0014488887786865232
      vertex 0.0034000000357627875 -0.0001968192924623904 0.00035656862608764476
    endloop
  endfacet
  facet normal -0.9966336055448581 -0.07763728097545995 -0.026342150659991095
    outer loop
      vertex 0.0034000000357627866 -0.0021563720703125 0.006131888628005982
      vertex 0.0034000000357627875 -0.0001968192924623904 0.00035656862608764476
      vertex 0.0036727272109551862 -0.0050920059735124765 0.004465569339015267
    endloop
  endfacet
  facet normal -0.9990840579324333 -0.035009986121808306 0.024603781355982384
    outer loop
      vertex 0.0036727272109551862 -0.0050920059735124765 0.004465569339015267
      vertex 0.0034000000357627875 -0.0001968192924623904 0.00035656862608764476
      vertex 0.00364999994635582 -0.006605542302131653 0.0013889961689710617
    endloop
  endfacet
  facet normal -0.9991518612733248 -0.04032150689265054 -0.008350700327304094
    outer loop
      vertex 0.00364999994635582 -0.006605542302131653 0.0013889961689710617
      vertex 0.0034000000357627875 -0.0001968192924623904 0.00035656862608764476
      vertex 0.0036727272109551862 -0.0064592649178071455 -0.002036598351868716
    endloop
  endfacet
  facet normal -0.9991722797271239 -0.03739350340689586 -0.016015034432084456
    outer loop
      vertex 0.0036727272109551862 -0.0064592649178071455 -0.002036598351868716
      vertex 0.0034000000357627875 -0.0001968192924623904 0.00035656862608764476
      vertex 0.00364999994635582 -0.004614247977733612 -0.004926582425832749
    endloop
  endfacet
  facet normal -0.9990483994816024 -0.041850038192151086 -0.012282906682219524
    outer loop
      vertex 0.00364999994635582 -0.004614247977733612 -0.004926582425832749
      vertex 0.0034000000357627875 -0.0001968192924623904 0.00035656862608764476
      vertex 0.003400000035762787 0.00028048932265776854 -0.0012697063501064592
    endloop
  endfacet
  facet normal -0.9881818958080743 -0.10070384677937248 0.11556502948988087
    outer loop
      vertex 0.003201541900634766 0.006621231053556715 -0.006621231053556715
      vertex 0.0036008974611759182 0.004796484276652336 -0.004796484276652336
      vertex 0.003400000035762787 0.008788252472877503 -0.0030358892679214476
    endloop
  endfacet
  facet normal -0.9978477410959721 -0.023162348813895398 -0.06134648471664341
    outer loop
      vertex 0.003400000035762787 0.008788252472877503 -0.0030358892679214476
      vertex 0.0036008974611759182 0.004796484276652336 -0.004796484276652336
      vertex 0.0034000000357627875 -0.0001968192924623904 0.00035656862608764476
    endloop
  endfacet
  facet normal -0.9999999999999999 -8.432342178097153e-17 -9.549746447228394e-17
    outer loop
      vertex 0.003400000035762787 0.008788252472877503 -0.0030358892679214476
      vertex 0.0034000000357627875 -0.0001968192924623904 0.00035656862608764476
      vertex 0.0034000000357627866 0.009230796098709106 0.001114630103111267
    endloop
  endfacet
  facet normal -1.0 0.0 0.0
    outer loop
      vertex 0.003400000035762787 0.0011287131905555726 0.0064012503623962404
      vertex 0.003400000035762787 0.0020794495195150375 0.009044654270013174
      vertex 0.003400000035762787 0.003804453909397125 0.008483874797821046
    endloop
  endfacet
  facet normal -1.0 2.5489777652353837e-16 -3.2749080832093764e-16
    outer loop
      vertex 0.003400000035762787 0.0011287131905555726 0.0064012503623962404
      vertex 0.003400000035762787 0.003804453909397125 0.008483874797821046
      vertex 0.0034000000357627875 0.004820644557476043 0.00795055866241455
    endloop
  endfacet
  facet normal -1.0 3.837018917981231e-17 1.8848460568056674e-16
    outer loop
      vertex 0.0034000000357627875 0.004820644557476043 0.00795055866241455
      vertex 0.003400000035762787 0.007813016772270203 0.005040513277053833
      vertex 0.003400000035762787 0.0011287131905555726 0.0064012503623962404
    endloop
  endfacet
  facet normal 0.7904718294801113 -0.5034252134663458 0.34888012446215666
    outer loop
      vertex 0.007500000000000001 0.000391942302768047 -0.0012398426120097822
      vertex 0.00857359354062514 0.0016134944869713348 -0.0019096580147743227
      vertex 0.008472477316856384 0.0027316809296607973 -6.704007834196057e-05
    endloop
  endfacet
  facet normal 0.9373407892574707 -0.3155816159280155 -0.1476498848033572
    outer loop
      vertex 0.007500000000000001 0.000391942302768047 -0.0012398426120097822
      vertex 0.008472477316856384 0.0027316809296607973 -6.704007834196057e-05
      vertex 0.007500000000000001 -0.00035355339447657266 0.00035355339447657266
    endloop
  endfacet
  facet normal 0.9312827559472527 -0.3178174240352714 -0.17805761274057966
    outer loop
      vertex 0.007500000000000001 -0.00035355339447657266 0.00035355339447657266
      vertex 0.008472477316856384 0.0027316809296607973 -6.704007834196057e-05
      vertex 0.008459007934648164 0.0015158590552758193 0.002032648708139147
    endloop
  endfacet
  facet normal 0.5344022611521745 -0.6998470411573188 0.4739497254549149
    outer loop
      vertex 0.007500000000000001 -0.00035355339447657266 0.00035355339447657266
      vertex 0.008459007934648164 0.0015158590552758193 0.002032648708139147
      vertex 0.0075 0.0003882285580039024 0.0014488887786865232
    endloop
  endfacet
  facet normal -0.5344022611521746 0.6998470411573188 -0.4739497254549149
    outer loop
      vertex 0.0075 0.0003882285580039024 0.0014488887786865232
      vertex 0.008459007934648164 0.0015158590552758193 0.002032648708139147
      vertex 0.007500000000000001 -0.00035355339447657266 0.00035355339447657266
    endloop
  endfacet
  facet normal 0.5936757978592448 0.34740087870639336 -0.7258523792826025
    outer loop
      vertex 0.007500000000000001 -0.00035355339447657266 0.00035355339447657266
      vertex 0.008459007934648164 0.0015158590552758193 0.002032648708139147
      vertex 0.008472477316856384 -0.002711749374866486 2.0285755395889584e-05
    endloop
  endfacet
  facet normal 0.7797542878821779 0.23982493830653237 0.5783314356799445
    outer loop
      vertex 0.007500000000000001 -0.00035355339447657266 0.00035355339447657266
      vertex 0.008472477316856384 -0.002711749374866486 2.0285755395889584e-05
      vertex 0.00857359354062514 0.0016134944869713348 -0.0019096580147743227
    endloop
  endfacet
  facet normal -0.6081987123204178 0.718983640819288 0.33638794652309834
    outer loop
      vertex 0.007500000000000001 -0.00035355339447657266 0.00035355339447657266
      vertex 0.00857359354062514 0.0016134944869713348 -0.0019096580147743227
      vertex 0.007500000000000001 0.000391942302768047 -0.0012398426120097822
    endloop
  endfacet
  facet normal 0.428345390443264 -0.885608811646252 -0.17949166894460897
    outer loop
      vertex -0.009034241718404433 -0.0023744870108716627 -0.002984375778366538
      vertex -0.008626467943191529 -0.0024268554806709287 -0.0017528646081686019
      vertex -0.008472477316856384 -0.002711749374866486 2.0285755395889584e-05
    endloop
  endfacet
  facet normal 0.7867914390139116 0.6164541421392102 0.0307168053975124
    outer loop
      vertex -0.008472477316856384 -0.002711749374866486 2.0285755395889584e-05
      vertex -0.008626467943191529 -0.0024268554806709287 -0.0017528646081686019
      vertex -0.008725528601677187 -0.002476569548729927 0.0017822204962853463
    endloop
  endfacet
  facet normal -0.9943493735952063 -0.02315802565782342 -0.10360033338967807
    outer loop
      vertex -0.008725528601677187 -0.002476569548729927 0.0017822204962853463
      vertex -0.008915504650636154 -0.0022971320423212918 0.0035654883764006874
      vertex -0.008946228590276507 0.0002681633767982326 0.003286948278546333
    endloop
  endfacet
  facet normal -0.9976233643670749 -0.06221013550094857 -0.029622996301388156
    outer loop
      vertex -0.008459007934648164 0.0015158590552758193 0.002032648708139147
      vertex -0.008614218585631425 0.004751490144168629 0.00046470209737034404
      vertex -0.008472477316856384 0.0027316809296607973 -6.704007834196057e-05
    endloop
  endfacet
  facet normal -0.9820727145913639 -0.10934162679545642 0.15354996549941924
    outer loop
      vertex -0.008472477316856384 0.0027316809296607973 -6.704007834196057e-05
      vertex -0.008614218585631425 0.004751490144168629 0.00046470209737034404
      vertex -0.008649366185313366 0.0016871237791463978 -0.0019422036995653247
    endloop
  endfacet
  facet normal -0.020429627534281188 0.8742387424924394 -0.48506623407948
    outer loop
      vertex -0.008472477316856384 0.0027316809296607973 -6.704007834196057e-05
      vertex -0.008649366185313366 0.0016871237791463978 -0.0019422036995653247
      vertex -0.008952800691127777 0.0011787757873535155 -0.002845623530447483
    endloop
  endfacet
  facet normal 0.020429627534280962 -0.8742387424924394 0.48506623407948
    outer loop
      vertex -0.008649366185313366 0.0016871237791463978 -0.0019422036995653247
      vertex -0.008472477316856384 0.0027316809296607973 -6.704007834196057e-05
      vertex -0.008952800691127777 0.0011787757873535155 -0.002845623530447483
    endloop
  endfacet
  facet normal -0.42834539044326403 0.885608811646252 0.179491668944609
    outer loop
      vertex -0.008472477316856384 -0.002711749374866486 2.0285755395889584e-05
      vertex -0.008626467943191529 -0.0024268554806709287 -0.0017528646081686019
      vertex -0.009034241718404433 -0.0023744870108716627 -0.002984375778366538
    endloop
  endfacet
  facet normal -0.9491499955427691 0.00946649248031738 0.3146818575661478
    outer loop
      vertex -0.009034241718404433 -0.0023744870108716627 -0.002984375778366538
      vertex -0.008626467943191529 -0.0024268554806709287 -0.0017528646081686019
      vertex -0.008952800691127777 0.0011787757873535155 -0.002845623530447483
    endloop
  endfacet
  facet normal 0.9987074126056589 -0.046501885218958997 -0.02052020169474253
    outer loop
      vertex 0.008580490549405415 0.004807487924893697 0.0004858140088617802
      vertex 0.008459007934648164 0.0015158590552758193 0.002032648708139147
      vertex 0.008472477316856384 0.0027316809296607973 -6.704007834196057e-05
    endloop
  endfacet
  facet normal 0.991629443086815 -0.07883298816424941 0.10225657719886826
    outer loop
      vertex 0.008580490549405415 0.004807487924893697 0.0004858140088617802
      vertex 0.008472477316856384 0.0027316809296607973 -6.704007834196057e-05
      vertex 0.00857359354062514 0.0016134944869713348 -0.0019096580147743227
    endloop
  endfacet
  facet normal -0.37092111118357135 0.7847479594366242 -0.4965764487351359
    outer loop
      vertex 0.00857359354062514 0.0016134944869713348 -0.0019096580147743227
      vertex 0.008472477316856384 0.0027316809296607973 -6.704007834196057e-05
      vertex 0.00895405666033427 0.0012136905249208211 -0.0028256642967462537
    endloop
  endfacet
  facet normal -0.2535800301353413 -0.9513747441675074 -0.1748807149938758
    outer loop
      vertex 0.008626467943191529 -0.0024268554806709287 -0.0017528646081686019
      vertex 0.009056959923575907 -0.0023189321335624243 -0.002964202954488642
      vertex 0.008472477316856384 -0.002711749374866486 2.0285755395889584e-05
    endloop
  endfacet
  facet normal -0.7867914390139116 0.6164541421392102 0.0307168053975124
    outer loop
      vertex 0.008626467943191529 -0.0024268554806709287 -0.0017528646081686019
      vertex 0.008472477316856384 -0.002711749374866486 2.0285755395889584e-05
      vertex 0.008725528601677187 -0.002476569548729927 0.0017822204962853463
    endloop
  endfacet
  facet normal 0.9943493735952063 -0.02315802565782342 -0.10360033338967807
    outer loop
      vertex 0.008915504650636154 -0.0022971320423212918 0.0035654883764006874
      vertex 0.008725528601677187 -0.002476569548729927 0.0017822204962853463
      vertex 0.008946228590276507 0.0002681633767982326 0.003286948278546333
    endloop
  endfacet
  facet normal 0.37092111118357135 -0.7847479594366242 0.4965764487351359
    outer loop
      vertex 0.00857359354062514 0.0016134944869713348 -0.0019096580147743227
      vertex 0.00895405666033427 0.0012136905249208211 -0.0028256642967462537
      vertex 0.008472477316856384 0.0027316809296607973 -6.704007834196057e-05
    endloop
  endfacet
  facet normal 0.2535800301353413 0.9513747441675074 0.1748807149938758
    outer loop
      vertex 0.008626467943191529 -0.0024268554806709287 -0.0017528646081686019
      vertex 0.008472477316856384 -0.002711749374866486 2.0285755395889584e-05
      vertex 0.009056959923575907 -0.0023189321335624243 -0.002964202954488642
    endloop
  endfacet
  facet normal 0.941768010852708 0.014257800433422658 0.3359609037690757
    outer loop
      vertex 0.008626467943191529 -0.0024268554806709287 -0.0017528646081686019
      vertex 0.009056959923575907 -0.0023189321335624243 -0.002964202954488642
      vertex 0.00895405666033427 0.0012136905249208211 -0.0028256642967462537
    endloop
  endfacet
  facet normal 0.9855693804495621 0.07530241394149592 -0.15159994318880793
    outer loop
      vertex 0.008459007934648164 0.0015158590552758193 0.002032648708139147
      vertex 0.008725528601677187 -0.002476569548729927 0.0017822204962853463
      vertex 0.008472477316856384 -0.002711749374866486 2.0285755395889584e-05
    endloop
  endfacet
  facet normal 0.9958827433302967 0.0164918764996429 0.08913798038122307
    outer loop
      vertex 0.00857359354062514 0.0016134944869713348 -0.0019096580147743227
      vertex 0.008472477316856384 -0.002711749374866486 2.0285755395889584e-05
      vertex 0.008626467943191529 -0.0024268554806709287 -0.0017528646081686019
    endloop
  endfacet
  facet normal 0.9272445565780257 0.02662916213896738 0.37350825964119816
    outer loop
      vertex 0.00857359354062514 0.0016134944869713348 -0.0019096580147743227
      vertex 0.008626467943191529 -0.0024268554806709287 -0.0017528646081686019
      vertex 0.00895405666033427 0.0012136905249208211 -0.0028256642967462537
    endloop
  endfacet
  facet normal -0.5090835788582594 0.3999823226201384 0.762133880186589
    outer loop
      vertex -0.0034000000357627866 0.004820644557476043 0.00795055866241455
      vertex -0.005189820528030396 0.005473014712333679 0.006412633657455444
      vertex -0.0034000000357627875 0.0038044539093971255 0.008483874797821046
    endloop
  endfacet
  facet normal -0.4698533423895611 0.4434680339274971 0.7632653139831772
    outer loop
      vertex -0.0034000000357627875 0.0038044539093971255 0.008483874797821046
      vertex -0.005189820528030396 0.005473014712333679 0.006412633657455444
      vertex -0.005970161557197571 0.0034916433691978455 0.007083473801612854
    endloop
  endfacet
  facet normal -0.4858960905806402 0.26810876347918483 0.831879005687794
    outer loop
      vertex -0.0034000000357627875 0.0038044539093971255 0.008483874797821046
      vertex -0.005970161557197571 0.0034916433691978455 0.007083473801612854
      vertex -0.003400000035762787 0.0020202810655940663 0.009058901179920543
    endloop
  endfacet
  facet normal -0.5424107210259058 0.15984162379463843 0.8247674005553628
    outer loop
      vertex -0.003400000035762787 0.0020202810655940663 0.009058901179920543
      vertex -0.005970161557197571 0.0034916433691978455 0.007083473801612854
      vertex -0.006964489243648671 0.001211617586237413 0.00687142495755796
    endloop
  endfacet
  facet normal -0.7752971884994664 0.2857240281025714 0.5632726242856684
    outer loop
      vertex -0.006964489243648671 0.001211617586237413 0.00687142495755796
      vertex -0.005970161557197571 0.0034916433691978455 0.007083473801612854
      vertex -0.00782418727874756 0.004575968980789185 0.003981532156467437
    endloop
  endfacet
  facet normal -0.8811958683331169 0.15766057254349186 0.4456870937080212
    outer loop
      vertex -0.006964489243648671 0.001211617586237413 0.00687142495755796
      vertex -0.00782418727874756 0.004575968980789185 0.003981532156467437
      vertex -0.008946228590276507 0.0002681633767982326 0.003286948278546333
    endloop
  endfacet
  facet normal -0.9578467137065518 0.2667025881129487 -0.10676798459938229
    outer loop
      vertex -0.008946228590276507 0.0002681633767982326 0.003286948278546333
      vertex -0.00782418727874756 0.004575968980789185 0.003981532156467437
      vertex -0.008459007934648164 0.0015158590552758193 0.002032648708139147
    endloop
  endfacet
  facet normal -0.687043901038844 0.46079978586259535 0.5618133456890407
    outer loop
      vertex -0.005189820528030396 0.005473014712333679 0.006412633657455444
      vertex -0.006393212676048278 0.006169624924659729 0.004369640052318573
      vertex -0.005970161557197571 0.0034916433691978455 0.007083473801612854
    endloop
  endfacet
  facet normal -0.6762901053058685 0.46889640131833754 0.5681266217104158
    outer loop
      vertex -0.005970161557197571 0.0034916433691978455 0.007083473801612854
      vertex -0.006393212676048278 0.006169624924659729 0.004369640052318573
      vertex -0.00782418727874756 0.004575968980789185 0.003981532156467437
    endloop
  endfacet
  facet normal -0.7343502341886564 0.5694118893272153 0.3694588391686908
    outer loop
      vertex -0.006393212676048278 0.006169624924659729 0.004369640052318573
      vertex -0.007096208930015564 0.006366111040115356 0.002669512927532196
      vertex -0.00782418727874756 0.004575968980789185 0.003981532156467437
    endloop
  endfacet
  facet normal -0.8402827791733959 0.49828309070738536 0.2136324238961152
    outer loop
      vertex -0.00782418727874756 0.004575968980789185 0.003981532156467437
      vertex -0.007096208930015564 0.006366111040115356 0.002669512927532196
      vertex -0.008614218585631425 0.004751490144168629 0.00046470209737034404
    endloop
  endfacet
  facet normal -0.9732310383875024 0.06072878581861658 0.22166046217623137
    outer loop
      vertex -0.00782418727874756 0.004575968980789185 0.003981532156467437
      vertex -0.008614218585631425 0.004751490144168629 0.00046470209737034404
      vertex -0.008459007934648164 0.0015158590552758193 0.002032648708139147
    endloop
  endfacet
  facet normal -0.9827194557538159 -0.10723358466479639 0.15087554342192702
    outer loop
      vertex -0.008614218585631425 0.004751490144168629 0.00046470209737034404
      vertex -0.008787263631820679 0.0044791680574417115 -0.0008559679239988326
      vertex -0.008649366185313366 0.0016871237791463978 -0.0019422036995653247
    endloop
  endfacet
  facet normal -0.8530532511721806 0.046220186147730824 0.5197728783392238
    outer loop
      vertex -0.008946228590276507 0.0002681633767982326 0.003286948278546333
      vertex -0.008915504650636154 -0.0022971320423212918 0.0035654883764006874
      vertex -0.007151627540588379 -0.002271072715520859 0.00645805299282074
    endloop
  endfacet
  facet normal -0.7939351365006758 -0.3634487740508015 0.4874135694362876
    outer loop
      vertex -0.007151627540588379 -0.002271072715520859 0.00645805299282074
      vertex -0.008915504650636154 -0.0022971320423212918 0.0035654883764006874
      vertex -0.006971031129360199 -0.005204890966415405 0.004564566910266877
    endloop
  endfacet
  facet normal -0.825847167220829 -0.5630231797956472 -0.03132659263518136
    outer loop
      vertex -0.006971031129360199 -0.005204890966415405 0.004564566910266877
      vertex -0.008915504650636154 -0.0022971320423212918 0.0035654883764006874
      vertex -0.008725528601677187 -0.002476569548729927 0.0017822204962853463
    endloop
  endfacet
  facet normal -0.9028644501697491 -0.38454546599204026 0.19225131782289895
    outer loop
      vertex -0.006971031129360199 -0.005204890966415405 0.004564566910266877
      vertex -0.008725528601677187 -0.002476569548729927 0.0017822204962853463
      vertex -0.006971031129360199 -0.006774714887142181 0.0014245693385601043
    endloop
  endfacet
  facet normal -0.9262911389926599 -0.375511577004926 -0.03123749924296802
    outer loop
      vertex -0.006971031129360199 -0.006774714887142181 0.0014245693385601043
      vertex -0.008725528601677187 -0.002476569548729927 0.0017822204962853463
      vertex -0.008626467943191529 -0.0024268554806709287 -0.0017528646081686019
    endloop
  endfacet
  facet normal -0.9299436575423736 -0.3672591325392133 -0.018042266023346156
    outer loop
      vertex -0.006971031129360199 -0.006774714887142181 0.0014245693385601043
      vertex -0.008626467943191529 -0.0024268554806709287 -0.0017528646081686019
      vertex -0.006971031129360199 -0.0066024607419967645 -0.002081747874617577
    endloop
  endfacet
  facet normal -0.8854604236376379 -0.3728882893216156 0.2773340257852503
    outer loop
      vertex -0.006971031129360199 -0.0066024607419967645 -0.002081747874617577
      vertex -0.008626467943191529 -0.0024268554806709287 -0.0017528646081686019
      vertex -0.009034241718404433 -0.0023744870108716627 -0.002984375778366538
    endloop
  endfacet
  facet normal -0.8309918541236028 -0.4692859170298873 -0.29870263885281384
    outer loop
      vertex -0.006971031129360199 -0.0066024607419967645 -0.002081747874617577
      vertex -0.009034241718404433 -0.0023744870108716627 -0.002984375778366538
      vertex -0.006954613273794001 -0.004737215313044461 -0.005057873292402788
    endloop
  endfacet
  facet normal -0.7932757341366865 -0.19081501476797486 -0.5781896226749479
    outer loop
      vertex -0.006954613273794001 -0.004737215313044461 -0.005057873292402788
      vertex -0.009034241718404433 -0.0023744870108716627 -0.002984375778366538
      vertex -0.006977719885331613 0.00030380369336516775 -0.006689815764073973
    endloop
  endfacet
  facet normal -0.8852350440971114 0.03839119873052948 -0.4635569356210927
    outer loop
      vertex -0.006977719885331613 0.00030380369336516775 -0.006689815764073973
      vertex -0.009034241718404433 -0.0023744870108716627 -0.002984375778366538
      vertex -0.008952800691127777 0.0011787757873535155 -0.002845623530447483
    endloop
  endfacet
  facet normal -0.8844860932911323 0.04411920962127174 -0.46447588324581995
    outer loop
      vertex -0.006977719885331613 0.00030380369336516775 -0.006689815764073973
      vertex -0.008952800691127777 0.0011787757873535155 -0.002845623530447483
      vertex -0.00837261962890625 0.00371000874042511 -0.00371000874042511
    endloop
  endfacet
  facet normal -0.7398463437154065 0.24512151223614315 -0.626532386976133
    outer loop
      vertex -0.00837261962890625 0.00371000874042511 -0.00371000874042511
      vertex -0.006955408830391734 0.004912915339595393 -0.004912915339595393
      vertex -0.006977719885331613 0.00030380369336516775 -0.006689815764073973
    endloop
  endfacet
  facet normal -0.8739060730601492 -0.010723828468943814 0.4859765168931084
    outer loop
      vertex -0.007151627540588379 -0.002271072715520859 0.00645805299282074
      vertex -0.006964489243648671 0.001211617586237413 0.00687142495755796
      vertex -0.008946228590276507 0.0002681633767982326 0.003286948278546333
    endloop
  endfacet
  facet normal 0.047178423641765804 0.3591141216030223 -0.9321004473810577
    outer loop
      vertex -0.006955408830391734 0.004912915339595393 -0.004912915339595393
      vertex -0.0035917468219995503 0.004790013790130615 -0.004790013790130615
      vertex -0.006977719885331613 0.00030380369336516775 -0.006689815764073973
    endloop
  endfacet
  facet normal 0.04282313478684719 0.3620149432679772 -0.9311881442424569
    outer loop
      vertex -0.006977719885331613 0.00030380369336516775 -0.006689815764073973
      vertex -0.0035917468219995503 0.004790013790130615 -0.004790013790130615
      vertex -0.003659999942779541 0.0003098014473915101 -0.0065349099636077875
    endloop
  endfacet
  facet normal 0.04493455911530605 -0.3074977913457825 -0.9504872401640007
    outer loop
      vertex -0.006977719885331613 0.00030380369336516775 -0.006689815764073973
      vertex -0.003659999942779541 0.0003098014473915101 -0.0065349099636077875
      vertex -0.006954613273794001 -0.004737215313044461 -0.005057873292402788
    endloop
  endfacet
  facet normal 0.04925739549171145 -0.31001730074509776 -0.9494540442949815
    outer loop
      vertex -0.006954613273794001 -0.004737215313044461 -0.005057873292402788
      vertex -0.003659999942779541 0.0003098014473915101 -0.0065349099636077875
      vertex -0.00364999994635582 -0.004614247977733612 -0.004926582425832749
    endloop
  endfacet
  facet normal 0.052552576784553474 -0.8462960119967673 -0.5301144091153069
    outer loop
      vertex -0.006954613273794001 -0.004737215313044461 -0.005057873292402788
      vertex -0.00364999994635582 -0.004614247977733612 -0.004926582425832749
      vertex -0.006971031129360199 -0.0066024607419967645 -0.002081747874617577
    endloop
  endfacet
  facet normal 0.0439204827007408 -0.8422196782886576 -0.5373425394501015
    outer loop
      vertex -0.006971031129360199 -0.0066024607419967645 -0.002081747874617577
      vertex -0.00364999994635582 -0.004614247977733612 -0.004926582425832749
      vertex -0.0036727272109551862 -0.0064592649178071455 -0.002036598351868716
    endloop
  endfacet
  facet normal 0.04399173514757268 -0.9978285197601384 -0.04902012231723576
    outer loop
      vertex -0.006971031129360199 -0.0066024607419967645 -0.002081747874617577
      vertex -0.0036727272109551862 -0.0064592649178071455 -0.002036598351868716
      vertex -0.006971031129360199 -0.006774714887142181 0.0014245693385601043
    endloop
  endfacet
  facet normal 0.050368100580964074 -0.9978071218882062 -0.04294184384770125
    outer loop
      vertex -0.006971031129360199 -0.006774714887142181 0.0014245693385601043
      vertex -0.0036727272109551862 -0.0064592649178071455 -0.002036598351868716
      vertex -0.00364999994635582 -0.006605542302131653 0.0013889961689710617
    endloop
  endfacet
  facet normal 0.050289118492253586 -0.8933153723313206 0.4466079378132752
    outer loop
      vertex -0.006971031129360199 -0.006774714887142181 0.0014245693385601043
      vertex -0.00364999994635582 -0.006605542302131653 0.0013889961689710617
      vertex -0.006971031129360199 -0.005204890966415405 0.004564566910266877
    endloop
  endfacet
  facet normal 0.04392049078590987 -0.8963015422545921 0.44126470042499916
    outer loop
      vertex -0.006971031129360199 -0.005204890966415405 0.004564566910266877
      vertex -0.00364999994635582 -0.006605542302131653 0.0013889961689710617
      vertex -0.0036727272109551862 -0.0050920059735124765 0.004465569339015267
    endloop
  endfacet
  facet normal 0.04424897704226388 -0.5787570364787461 0.8142986680309949
    outer loop
      vertex -0.006971031129360199 -0.005204890966415405 0.004564566910266877
      vertex -0.0036727272109551862 -0.0050920059735124765 0.004465569339015267
      vertex -0.006790434718132019 -0.002322246730327606 0.006603572368621825
    endloop
  endfacet
  facet normal 0.0 -0.6110420166809454 0.7915981643804406
    outer loop
      vertex -0.006790434718132019 -0.002322246730327606 0.006603572368621825
      vertex -0.0036727272109551862 -0.0050920059735124765 0.004465569339015267
      vertex -0.0038999998569488525 -0.002322246730327606 0.006603572368621825
    endloop
  endfacet
  facet normal 0.0 -0.07557915484591583 0.9971398053195837
    outer loop
      vertex -0.006790434718132019 -0.002322246730327606 0.006603572368621825
      vertex -0.0038999998569488525 -0.002322246730327606 0.006603572368621825
      vertex -0.006964489243648671 0.001211617586237413 0.00687142495755796
    endloop
  endfacet
  facet normal 0.021608711373248983 -0.05691674947063403 0.9981450531974222
    outer loop
      vertex -0.006964489243648671 0.001211617586237413 0.00687142495755796
      vertex -0.0038999998569488525 -0.002322246730327606 0.006603572368621825
      vertex -0.0036869963577815463 0.0011989794511880192 0.0067997502854892184
    endloop
  endfacet
  facet normal 0.6952660332366007 -0.40257103523844634 0.5954340472415794
    outer loop
      vertex -0.0038999998569488525 -0.002322246730327606 0.006603572368621825
      vertex -0.0036727272109551862 -0.0050920059735124765 0.004465569339015267
      vertex -0.0034000000357627866 -0.0021563720703125 0.006131888628005982
    endloop
  endfacet
  facet normal 0.698141118401972 -0.08185814170610328 0.7112652272063262
    outer loop
      vertex -0.0038999998569488525 -0.002322246730327606 0.006603572368621825
      vertex -0.0034000000357627866 -0.0021563720703125 0.006131888628005982
      vertex -0.0036869963577815463 0.0011989794511880192 0.0067997502854892184
    endloop
  endfacet
  facet normal 0.8064526753084428 -0.04832157573341505 0.5893208869592994
    outer loop
      vertex -0.0036869963577815463 0.0011989794511880192 0.0067997502854892184
      vertex -0.0034000000357627866 -0.0021563720703125 0.006131888628005982
      vertex -0.003400000035762787 0.0011287131905555726 0.0064012503623962404
    endloop
  endfacet
  facet normal 0.997778879355196 0.04078726943735645 -0.05266599058722421
    outer loop
      vertex -0.00016509509570896623 0.022504586601257325 -0.0034903213739395146
      vertex 4.2578138350306646e-05 0.01735344119693922 -0.0035451800926871923
      vertex -2.990767441909104e-05 0.01759849029428819 -0.004728674958733951
    endloop
  endfacet
  facet normal -0.4259634797632338 -0.007538136931022951 -0.9047089534207154
    outer loop
      vertex -0.00016509509570896623 0.022504586601257325 -0.0034903213739395146
      vertex 0.0009461941735612022 0.017434791458977597 -0.003971306814087762
      vertex 4.2578138350306646e-05 0.01735344119693922 -0.0035451800926871923
    endloop
  endfacet
  facet normal -0.6211541739611838 -0.2078439697268874 0.7556244943215964
    outer loop
      vertex 0.0009461941735612022 0.017434791458977597 -0.003971306814087762
      vertex -0.00016509509570896623 0.022504586601257325 -0.0034903213739395146
      vertex -2.990767441909104e-05 0.01759849029428819 -0.004728674958733951
    endloop
  endfacet
  facet normal -0.3111952616558231 -0.9290035879825193 0.20027441833286988
    outer loop
      vertex -2.990767441909104e-05 0.01759849029428819 -0.004728674958733951
      vertex 0.0009070030599832535 0.017273865938186646 -0.004778681397438049
      vertex 0.0009461941735612022 0.017434791458977597 -0.003971306814087762
    endloop
  endfacet
  facet normal -0.8506932274995042 0.25484098450523807 -0.4597576593194265
    outer loop
      vertex -0.0005834493921561674 0.008177798336202448 -0.005535206307064403
      vertex 5.472006759157888e-05 0.0208336310033445 0.0002990378101390821
      vertex -1.5091341920197008e-05 0.007207179471850396 -0.0071248520612716675
    endloop
  endfacet
  facet normal 0.03773008528992705 -0.47822737812012683 0.8774252193095229
    outer loop
      vertex -1.5091341920197008e-05 0.007207179471850396 -0.0071248520612716675
      vertex 5.472006759157888e-05 0.0208336310033445 0.0002990378101390821
      vertex -0.0016850253492593768 0.007220438146591187 -0.007045816934108734
    endloop
  endfacet
  facet normal 0.3467717072672236 -0.4793109861804841 0.8062322007744832
    outer loop
      vertex -0.0016850253492593768 0.007220438146591187 -0.007045816934108734
      vertex 5.472006759157888e-05 0.0208336310033445 0.0002990378101390821
      vertex -0.0010206834971904755 0.020833513736724853 0.0007615141570568084
    endloop
  endfacet
  facet normal -0.9870027464735088 0.10560918769795376 -0.12112917867932792
    outer loop
      vertex 5.472006759157888e-05 0.0208336310033445 0.0002990378101390821
      vertex -0.0005834493921561674 0.008177798336202448 -0.005535206307064403
      vertex -6.362024029450758e-05 0.021639051948274885 0.001965540157897132
    endloop
  endfacet
  facet normal -0.028507550445485506 0.48738897942880466 -0.8727194866043421
    outer loop
      vertex -6.362024029450758e-05 0.021639051948274885 0.001965540157897132
      vertex -0.0005834493921561674 0.008177798336202448 -0.005535206307064403
      vertex -0.001475030779838562 0.0080422842502594 -0.005581763386726379
    endloop
  endfacet
  facet normal 0.6178241975094334 0.331620701305739 -0.7129663185854676
    outer loop
      vertex -6.362024029450758e-05 0.021639051948274885 0.001965540157897132
      vertex -0.001475030779838562 0.0080422842502594 -0.005581763386726379
      vertex -0.0010206834971904755 0.020833513736724853 0.0007615141570568084
    endloop
  endfacet
  facet normal 0.9845065949109983 0.04858224871919196 -0.16848302491983605
    outer loop
      vertex -0.0010206834971904755 0.020833513736724853 0.0007615141570568084
      vertex -0.001475030779838562 0.0080422842502594 -0.005581763386726379
      vertex -0.0016850253492593768 0.007220438146591187 -0.007045816934108734
    endloop
  endfacet
  facet normal 0.9537923966270286 0.08180685631312701 -0.289115379038598
    outer loop
      vertex 0.008946228590276507 0.0002681633767982326 0.003286948278546333
      vertex 0.008725528601677187 -0.002476569548729927 0.0017822204962853463
      vertex 0.008459007934648164 0.0015158590552758193 0.002032648708139147
    endloop
  endfacet
  facet normal -0.38181756091379254 -0.5176626737022415 0.7656635726174316
    outer loop
      vertex -0.007151627540588379 -0.002271072715520859 0.00645805299282074
      vertex -0.006971031129360199 -0.005204890966415405 0.004564566910266877
      vertex -0.006790434718132019 -0.002322246730327606 0.006603572368621825
    endloop
  endfacet
  facet normal -0.3829979786061101 -0.08855787136917816 0.9194944544706041
    outer loop
      vertex -0.007151627540588379 -0.002271072715520859 0.00645805299282074
      vertex -0.006790434718132019 -0.002322246730327606 0.006603572368621825
      vertex -0.006964489243648671 0.001211617586237413 0.00687142495755796
    endloop
  endfacet
  facet normal 0.9987761587607934 0.003984320955363347 -0.049298173166550115
    outer loop
      vertex -0.003400000035762787 0.00028048932265776854 -0.0012697063501064592
      vertex -0.003659999942779541 0.0003098014473915101 -0.0065349099636077875
      vertex -0.0035917468219995503 0.004790013790130615 -0.004790013790130615
    endloop
  endfacet
  facet normal 0.9983518451288584 0.05506705567569691 0.01616207619748488
    outer loop
      vertex -0.003400000035762787 0.00028048932265776854 -0.0012697063501064592
      vertex -0.0035917468219995503 0.004790013790130615 -0.004790013790130615
      vertex -0.0034000000357627875 -0.0001968192924623904 0.00035656862608764476
    endloop
  endfacet
  facet normal 0.9947080644736447 -0.05274601146052491 -0.0881687288447658
    outer loop
      vertex -0.0034000000357627875 -0.0001968192924623904 0.00035656862608764476
      vertex -0.0035917468219995503 0.004790013790130615 -0.004790013790130615
      vertex -0.003261930516787938 0.00869282739503043 -0.003403886428901128
    endloop
  endfacet
  facet normal 0.999427873235498 -0.0012247863788797638 0.033799794352858355
    outer loop
      vertex -0.0034000000357627875 -0.0001968192924623904 0.00035656862608764476
      vertex -0.003261930516787938 0.00869282739503043 -0.003403886428901128
      vertex -0.003400415688753128 0.009249904692173004 0.0007111753411591053
    endloop
  endfacet
  facet normal 0.9990483994816024 -0.04185003819215109 -0.01228290668221953
    outer loop
      vertex -0.0034000000357627875 -0.0001968192924623904 0.00035656862608764476
      vertex -0.00364999994635582 -0.004614247977733612 -0.004926582425832749
      vertex -0.003400000035762787 0.00028048932265776854 -0.0012697063501064592
    endloop
  endfacet
  facet normal 0.9986797593648441 -0.01410528689036035 -0.049394120264641364
    outer loop
      vertex -0.003400000035762787 0.00028048932265776854 -0.0012697063501064592
      vertex -0.00364999994635582 -0.004614247977733612 -0.004926582425832749
      vertex -0.003659999942779541 0.0003098014473915101 -0.0065349099636077875
    endloop
  endfacet
  facet normal 0.9991518612733248 -0.04032150689265054 -0.008350700327304091
    outer loop
      vertex -0.0034000000357627875 -0.0001968192924623904 0.00035656862608764476
      vertex -0.00364999994635582 -0.006605542302131653 0.0013889961689710617
      vertex -0.0036727272109551862 -0.0064592649178071455 -0.002036598351868716
    endloop
  endfacet
  facet normal 0.9991722797271239 -0.03739350340689585 -0.016015034432084456
    outer loop
      vertex -0.0034000000357627875 -0.0001968192924623904 0.00035656862608764476
      vertex -0.0036727272109551862 -0.0064592649178071455 -0.002036598351868716
      vertex -0.00364999994635582 -0.004614247977733612 -0.004926582425832749
    endloop
  endfacet
  facet normal 1.0 -2.821390003431046e-16 -2.4591329993469497e-16
    outer loop
      vertex -0.003400000035762787 0.0003882285580039024 0.0014488887786865232
      vertex -0.0034000000357627866 -0.0021563720703125 0.006131888628005982
      vertex -0.0034000000357627875 -0.0001968192924623904 0.00035656862608764476
    endloop
  endfacet
  facet normal 0.9966336055448581 -0.07763728097545995 -0.026342150659991095
    outer loop
      vertex -0.0034000000357627875 -0.0001968192924623904 0.00035656862608764476
      vertex -0.0034000000357627866 -0.0021563720703125 0.006131888628005982
      vertex -0.0036727272109551862 -0.0050920059735124765 0.004465569339015267
    endloop
  endfacet
  facet normal 0.9990840579324334 -0.03500998612180832 0.024603781355982384
    outer loop
      vertex -0.0034000000357627875 -0.0001968192924623904 0.00035656862608764476
      vertex -0.0036727272109551862 -0.0050920059735124765 0.004465569339015267
      vertex -0.00364999994635582 -0.006605542302131653 0.0013889961689710617
    endloop
  endfacet
  facet normal 1.0 1.3365370680660286e-16 -1.998410542142211e-17
    outer loop
      vertex -0.0034000000357627866 -0.0021563720703125 0.006131888628005982
      vertex -0.003400000035762787 0.0003882285580039024 0.0014488887786865232
      vertex -0.003400000035762787 0.0011287131905555726 0.0064012503623962404
    endloop
  endfacet
  facet normal -1.0 1.0283560607535305e-15 -1.5376136150562533e-16
    outer loop
      vertex -0.003400000035762787 0.0011287131905555726 0.0064012503623962404
      vertex -0.003400000035762787 0.0003882285580039024 0.0014488887786865232
      vertex -0.0034000000357627875 -0.0001968192924623904 0.00035656862608764476
    endloop
  endfacet
  facet normal 1.0 -1.3981306845799263e-17 -6.867990917063216e-17
    outer loop
      vertex -0.003400000035762787 0.0011287131905555726 0.0064012503623962404
      vertex -0.0034000000357627875 -0.0001968192924623904 0.00035656862608764476
      vertex -0.003400000035762787 0.007813016772270203 0.005040513277053833
    endloop
  endfacet
  facet normal 0.9999999956623056 4.701784293849384e-05 -8.040342961299288e-05
    outer loop
      vertex -0.003400000035762787 0.007813016772270203 0.005040513277053833
      vertex -0.0034000000357627875 -0.0001968192924623904 0.00035656862608764476
      vertex -0.003400415688753128 0.009249904692173004 0.0007111753411591053
    endloop
  endfacet
  facet normal 0.9913488751652194 -0.10948608073888534 0.07238926600741742
    outer loop
      vertex -0.0035917468219995503 0.004790013790130615 -0.004790013790130615
      vertex -0.0032581655042512076 0.006608267171042306 -0.006608267171042306
      vertex -0.003261930516787938 0.00869282739503043 -0.003403886428901128
    endloop
  endfacet
  facet normal 1.0 -3.83701891798123e-17 -1.884846056805667e-16
    outer loop
      vertex -0.003400000035762787 0.007813016772270203 0.005040513277053833
      vertex -0.0034000000357627866 0.004820644557476043 0.00795055866241455
      vertex -0.003400000035762787 0.0011287131905555726 0.0064012503623962404
    endloop
  endfacet
  facet normal 0.9999999999999999 -4.445216156117305e-16 7.793558111982237e-16
    outer loop
      vertex -0.003400000035762787 0.0011287131905555726 0.0064012503623962404
      vertex -0.0034000000357627866 0.004820644557476043 0.00795055866241455
      vertex -0.0034000000357627875 0.0038044539093971255 0.008483874797821046
    endloop
  endfacet
  facet normal 1.0 2.1935443489643479e-16 -7.358730729835451e-17
    outer loop
      vertex -0.003400000035762787 0.0011287131905555726 0.0064012503623962404
      vertex -0.0034000000357627875 0.0038044539093971255 0.008483874797821046
      vertex -0.003400000035762787 0.0020202810655940663 0.009058901179920543
    endloop
  endfacet
  facet normal -0.4321406261332878 0.2230439259105544 -0.8737882388539783
    outer loop
      vertex 0.0009461941735612022 0.017434791458977597 -0.003971306814087762
      vertex 0.00156514327113445 0.007278822385347806 -0.006869835486778846
      vertex 4.2578138350306646e-05 0.01735344119693922 -0.0035451800926871923
    endloop
  endfacet
  facet normal 0.1358995332492526 0.32893391589587295 -0.9345232987122591
    outer loop
      vertex 4.2578138350306646e-05 0.01735344119693922 -0.0035451800926871923
      vertex 0.00156514327113445 0.007278822385347806 -0.006869835486778846
      vertex -1.5091341920197008e-05 0.007207179471850396 -0.0071248520612716675
    endloop
  endfacet
  facet normal 0.9982026040198129 0.014813859366318334 -0.05806987944485026
    outer loop
      vertex 4.2578138350306646e-05 0.01735344119693922 -0.0035451800926871923
      vertex -1.5091341920197008e-05 0.007207179471850396 -0.0071248520612716675
      vertex -2.990767441909104e-05 0.01759849029428819 -0.004728674958733951
    endloop
  endfacet
  facet normal 0.6503244093621645 -0.16981250768964395 0.7404335721858557
    outer loop
      vertex -2.990767441909104e-05 0.01759849029428819 -0.004728674958733951
      vertex -1.5091341920197008e-05 0.007207179471850396 -0.0071248520612716675
      vertex 0.0011039534211158752 0.007939711213111877 -0.007939711213111877
    endloop
  endfacet
  facet normal -0.060891626220737655 -0.3213151746813633 0.9450125757764701
    outer loop
      vertex -2.990767441909104e-05 0.01759849029428819 -0.004728674958733951
      vertex 0.0011039534211158752 0.007939711213111877 -0.007939711213111877
      vertex 0.0009070030599832535 0.017273865938186646 -0.004778681397438049
    endloop
  endfacet
  facet normal -0.9371570741594463 -0.12949311750926437 0.32398788691961633
    outer loop
      vertex 0.0009070030599832535 0.017273865938186646 -0.004778681397438049
      vertex 0.0011039534211158752 0.007939711213111877 -0.007939711213111877
      vertex 0.00156514327113445 0.007278822385347806 -0.006869835486778846
    endloop
  endfacet
  facet normal -0.9948250052614138 -0.07889935707183601 0.06401640696164422
    outer loop
      vertex 0.0009070030599832535 0.017273865938186646 -0.004778681397438049
      vertex 0.00156514327113445 0.007278822385347806 -0.006869835486778846
      vertex 0.0009461941735612022 0.017434791458977597 -0.003971306814087762
    endloop
  endfacet
  facet normal 0.7183050612176277 -0.3179631448262143 0.6188192608196388
    outer loop
      vertex -0.0008826287835836411 0.023555715084075928 0.0019999925792217256
      vertex -0.0010206834971904755 0.020833513736724853 0.0007615141570568084
      vertex -0.00018219173909164965 0.025574286252260207 0.002224135186523199
    endloop
  endfacet
  facet normal 0.372532133223608 -0.3331195819929272 0.8661703953661343
    outer loop
      vertex -0.00018219173909164965 0.025574286252260207 0.002224135186523199
      vertex -0.0010206834971904755 0.020833513736724853 0.0007615141570568084
      vertex 5.472006759157888e-05 0.0208336310033445 0.0002990378101390821
    endloop
  endfacet
  facet normal -0.9671900355298175 -0.03160880771442187 0.2520799842246562
    outer loop
      vertex -0.0002520836936309934 0.029437960386276246 0.0024404448270797727
      vertex -0.00018219173909164965 0.025574286252260207 0.002224135186523199
      vertex -9.906299125689651e-07 0.02940817796266996 0.0034001137316226958
    endloop
  endfacet
  facet normal -0.8808990783574502 -0.10024986660250423 0.4625654310421121
    outer loop
      vertex -9.906299125689651e-07 0.02940817796266996 0.0034001137316226958
      vertex -0.00018219173909164965 0.025574286252260207 0.002224135186523199
      vertex 0.00023541195891224422 0.02757281101666964 0.0034525420574041516
    endloop
  endfacet
  facet normal -0.9154890896836414 -0.05378609561925517 0.3987314667646061
    outer loop
      vertex 0.00023541195891224422 0.02757281101666964 0.0034525420574041516
      vertex -0.00018219173909164965 0.025574286252260207 0.002224135186523199
      vertex -6.362024029450758e-05 0.021639051948274885 0.001965540157897132
    endloop
  endfacet
  facet normal 0.9885908330430533 0.019976359258241226 0.14929537800624496
    outer loop
      vertex -0.0002548656053841114 0.023869326114654543 0.0029334914684295654
      vertex -6.362024029450758e-05 0.021639051948274885 0.001965540157897132
      vertex -0.00018219173909164965 0.025574286252260207 0.002224135186523199
    endloop
  endfacet
  facet normal 0.9814821641640702 -0.10773312259322618 -0.15838666523456485
    outer loop
      vertex -0.0002548656053841114 0.023869326114654543 0.0029334914684295654
      vertex -0.00018219173909164965 0.025574286252260207 0.002224135186523199
      vertex 0.00023541195891224422 0.02757281101666964 0.0034525420574041516
    endloop
  endfacet
  facet normal 0.8808990783574502 0.10024986660250423 -0.4625654310421121
    outer loop
      vertex -9.906299125689651e-07 0.02940817796266996 0.0034001137316226958
      vertex 0.00023541195891224422 0.02757281101666964 0.0034525420574041516
      vertex -0.00018219173909164965 0.025574286252260207 0.002224135186523199
    endloop
  endfacet
  facet normal -0.7183050612176277 0.3179631448262143 -0.6188192608196388
    outer loop
      vertex -0.0008826287835836411 0.023555715084075928 0.0019999925792217256
      vertex -0.00018219173909164965 0.025574286252260207 0.002224135186523199
      vertex -0.0010206834971904755 0.020833513736724853 0.0007615141570568084
    endloop
  endfacet
  facet normal 0.7593600460402934 0.06542076197746884 -0.6473734968161508
    outer loop
      vertex -0.0010206834971904755 0.020833513736724853 0.0007615141570568084
      vertex -0.00018219173909164965 0.025574286252260207 0.002224135186523199
      vertex -6.362024029450758e-05 0.021639051948274885 0.001965540157897132
    endloop
  endfacet
  facet normal -0.9979609402341976 -0.02624601797722645 -0.05818168360588636
    outer loop
      vertex 5.472006759157888e-05 0.0208336310033445 0.0002990378101390821
      vertex -6.362024029450758e-05 0.021639051948274885 0.001965540157897132
      vertex -0.00018219173909164965 0.025574286252260207 0.002224135186523199
    endloop
  endfacet
  facet normal 0.9671900355298175 0.03160880771442186 -0.25207998422465616
    outer loop
      vertex -0.00018219173909164965 0.025574286252260207 0.002224135186523199
      vertex -0.0002520836936309934 0.029437960386276246 0.0024404448270797727
      vertex -9.906299125689651e-07 0.02940817796266996 0.0034001137316226958
    endloop
  endfacet
  facet normal -0.7888631969136931 0.1865029670590423 -0.5855864580344065
    outer loop
      vertex 0.00023541195891224422 0.02757281101666964 0.0034525420574041516
      vertex -6.362024029450758e-05 0.021639051948274885 0.001965540157897132
      vertex -0.0002548656053841114 0.023869326114654543 0.0029334914684295654
    endloop
  endfacet
  facet normal -0.9926955571515559 -0.0005248682563825919 -0.1206451628739234
    outer loop
      vertex -9.906299125689651e-07 0.02940817796266996 0.0034001137316226958
      vertex -2.3892503569199534e-05 0.04088850380717844 0.003538610205270242
      vertex 4.539445042610167e-05 0.03836292386054992 0.002979489117860794
    endloop
  endfacet
  facet normal -0.9671664368001684 0.016921087170958506 0.25357988945541177
    outer loop
      vertex -9.906299125689651e-07 0.02940817796266996 0.0034001137316226958
      vertex 4.539445042610167e-05 0.03836292386054992 0.002979489117860794
      vertex -0.0002520836936309934 0.029437960386276246 0.0024404448270797727
    endloop
  endfacet
  facet normal -0.9822192214354148 0.04376482486881484 -0.18256516958886118
    outer loop
      vertex -0.0002520836936309934 0.029437960386276246 0.0024404448270797727
      vertex 4.539445042610167e-05 0.03836292386054992 0.002979489117860794
      vertex 9.32088028639555e-05 0.0377918291091919 0.0025853392481803893
    endloop
  endfacet
  facet normal 0.9822192214354148 -0.04376482486881484 0.18256516958886118
    outer loop
      vertex -0.0002520836936309934 0.029437960386276246 0.0024404448270797727
      vertex 9.32088028639555e-05 0.0377918291091919 0.0025853392481803893
      vertex 4.539445042610167e-05 0.03836292386054992 0.002979489117860794
    endloop
  endfacet
  facet normal 0.9671664368001683 -0.016921087170958506 -0.2535798894554118
    outer loop
      vertex -0.0002520836936309934 0.029437960386276246 0.0024404448270797727
      vertex 4.539445042610167e-05 0.03836292386054992 0.002979489117860794
      vertex -9.906299125689651e-07 0.02940817796266996 0.0034001137316226958
    endloop
  endfacet
  facet normal 0.9926955571515559 0.0005248682563825919 0.1206451628739234
    outer loop
      vertex -9.906299125689651e-07 0.02940817796266996 0.0034001137316226958
      vertex 4.539445042610167e-05 0.03836292386054992 0.002979489117860794
      vertex -2.3892503569199534e-05 0.04088850380717844 0.003538610205270242
    endloop
  endfacet
  facet normal 0.6019491627487652 -0.609419170972776 0.5160091854966488
    outer loop
      vertex 0.009401975870132447 0.002192355990409851 -0.002192355990409851
      vertex 0.00857359354062514 0.0016134944869713348 -0.0019096580147743227
      vertex 0.00895405666033427 0.0012136905249208211 -0.0028256642967462537
    endloop
  endfacet
  facet normal -0.6019491627487652 0.609419170972776 -0.5160091854966488
    outer loop
      vertex 0.00895405666033427 0.0012136905249208211 -0.0028256642967462537
      vertex 0.00857359354062514 0.0016134944869713348 -0.0019096580147743227
      vertex 0.009401975870132447 0.002192355990409851 -0.002192355990409851
    endloop
  endfacet
  facet normal -0.0047928789421738055 -0.9313296591750176 0.3641457047012787
    outer loop
      vertex 0.006966439141676976 0.001211818680167198 0.006872565425359286
      vertex 0.003400000035762787 0.0020794495195150375 0.009044654270013174
      vertex 0.003688995738824209 0.0011979646484057108 0.006793995062510173
    endloop
  endfacet
  facet normal -0.22826175851273672 -0.9161459565740186 0.32950440946025183
    outer loop
      vertex 0.003688995738824209 0.0011979646484057108 0.006793995062510173
      vertex 0.003400000035762787 0.0020794495195150375 0.009044654270013174
      vertex 0.003400000035762787 0.0011287131905555726 0.0064012503623962404
    endloop
  endfacet
  facet normal -0.028123569822219658 -0.959146732883407 -0.2815077434450803
    outer loop
      vertex -0.007500000000000001 0.000391942302768047 -0.0012398426120097822
      vertex -0.003400000035762787 0.00028048932265776854 -0.0012697063501064592
      vertex -0.0034000000357627875 -0.0001968192924623904 0.00035656862608764476
    endloop
  endfacet
  facet normal 0.03491583805203028 -0.9052141524736342 -0.4235188572124794
    outer loop
      vertex -0.007500000000000001 0.000391942302768047 -0.0012398426120097822
      vertex -0.0034000000357627875 -0.0001968192924623904 0.00035656862608764476
      vertex -0.007500000000000001 -0.00035355339447657266 0.00035355339447657266
    endloop
  endfacet
  facet normal 0.03333289600169787 -0.881031649510869 0.47188150059553835
    outer loop
      vertex -0.007500000000000001 -0.00035355339447657266 0.00035355339447657266
      vertex -0.0034000000357627875 -0.0001968192924623904 0.00035656862608764476
      vertex -0.003400000035762787 0.0003882285580039024 0.0014488887786865232
    endloop
  endfacet
  facet normal 0.0 -0.8279957062162111 0.5607344384711161
    outer loop
      vertex -0.007500000000000001 -0.00035355339447657266 0.00035355339447657266
      vertex -0.003400000035762787 0.0003882285580039024 0.0014488887786865232
      vertex -0.0075 0.0003882285580039024 0.0014488887786865232
    endloop
  endfacet
  facet normal 0.0 0.8815215069366522 -0.4721438687605014
    outer loop
      vertex -0.0075 0.0003882285580039024 0.0014488887786865232
      vertex -0.003400000035762787 0.0003882285580039024 0.0014488887786865232
      vertex -0.0034000000357627875 -0.0001968192924623904 0.00035656862608764476
    endloop
  endfacet
  facet normal -0.03122486938988033 0.8275919629918406 -0.5604610158814769
    outer loop
      vertex -0.0075 0.0003882285580039024 0.0014488887786865232
      vertex -0.0034000000357627875 -0.0001968192924623904 0.00035656862608764476
      vertex -0.007500000000000001 -0.00035355339447657266 0.00035355339447657266
    endloop
  endfacet
  facet normal -0.03686264516574416 0.9588741195203331 0.2814277319410624
    outer loop
      vertex -0.007500000000000001 -0.00035355339447657266 0.00035355339447657266
      vertex -0.0034000000357627875 -0.0001968192924623904 0.00035656862608764476
      vertex -0.003400000035762787 0.00028048932265776854 -0.0012697063501064592
    endloop
  endfacet
  facet normal 0.027698135566206563 0.9054189252605949 0.42361466342196563
    outer loop
      vertex -0.007500000000000001 -0.00035355339447657266 0.00035355339447657266
      vertex -0.003400000035762787 0.00028048932265776854 -0.0012697063501064592
      vertex -0.007500000000000001 0.000391942302768047 -0.0012398426120097822
    endloop
  endfacet
  facet normal 0.9827802256239178 -0.18452837800636396 0.009607592463350105
    outer loop
      vertex 5.570535237590473e-05 0.04378514369328817 0.0004615649976767599
      vertex -0.00011251519016664602 0.04297183875379891 0.0020484330402366045
      vertex -1.6264853766188015e-05 0.04329927295446396 -0.00150833994965069
    endloop
  endfacet
  facet normal -0.9827802256239178 0.18452837800636393 -0.009607592463350106
    outer loop
      vertex -0.00011251519016664602 0.04297183875379891 0.0020484330402366045
      vertex 5.570535237590473e-05 0.04378514369328817 0.0004615649976767599
      vertex -1.6264853766188015e-05 0.04329927295446396 -0.00150833994965069
    endloop
  endfacet
  facet normal 0.8880005663408242 -0.07513334007360759 0.4536628432963834
    outer loop
      vertex -0.0029948681096235914 0.025384502609570824 -0.004997912695010503
      vertex -0.0015658062448104225 0.028553334871927898 -0.0072703553438186646
      vertex -0.0014372869429446883 0.03170105352240094 -0.007000610080815979
    endloop
  endfacet
  facet normal 0.9719348866393341 -0.23473526616752077 0.01555412969754229
    outer loop
      vertex -0.0029948681096235914 0.025384502609570824 -0.004997912695010503
      vertex -0.0014372869429446883 0.03170105352240094 -0.007000610080815979
      vertex -0.0028246774123265195 0.026166285551511324 -0.0038343792007519647
    endloop
  endfacet
  facet normal 0.028637416028245048 0.5739641056361489 0.8183795597670563
    outer loop
      vertex -0.0029948681096235914 0.025384502609570824 -0.004997912695010503
      vertex -0.0019438313941160838 0.025195478041966757 -0.004902120540539424
      vertex -0.0015658062448104225 0.028553334871927898 -0.0072703553438186646
    endloop
  endfacet
  facet normal -0.994746376225342 0.04834748896518139 -0.09023395867029167
    outer loop
      vertex -0.0015658062448104225 0.028553334871927898 -0.0072703553438186646
      vertex -0.0019438313941160838 0.025195478041966757 -0.004902120540539424
      vertex -0.0014372869429446883 0.03170105352240094 -0.007000610080815979
    endloop
  endfacet
  facet normal -0.8162488029439992 -0.11880856529017289 -0.5653515866309912
    outer loop
      vertex -0.0014372869429446883 0.03170105352240094 -0.007000610080815979
      vertex -0.0019438313941160838 0.025195478041966757 -0.004902120540539424
      vertex -0.0028246774123265195 0.026166285551511324 -0.0038343792007519647
    endloop
  endfacet
  facet normal -0.14905281672352189 -0.6519757669965145 -0.7434452616542061
    outer loop
      vertex 0.003201541900634766 0.006621231053556715 -0.006621231053556715
      vertex 0.00156514327113445 0.007278822385347806 -0.006869835486778846
      vertex 0.004153915643692017 0.008173158168792724 -0.008173158168792724
    endloop
  endfacet
  facet normal 0.0 -0.7071067811865476 -0.7071067811865476
    outer loop
      vertex 0.003201541900634766 0.006621231053556715 -0.006621231053556715
      vertex 0.004153915643692017 0.008173158168792724 -0.008173158168792724
      vertex 0.0065764284133911135 0.006719141006469726 -0.006719141006469726
    endloop
  endfacet
  facet normal 0.0 -0.7071067811865476 -0.7071067811865476
    outer loop
      vertex 0.003201541900634766 0.006621231053556715 -0.006621231053556715
      vertex 0.0065764284133911135 0.006719141006469726 -0.006719141006469726
      vertex 0.0036008974611759182 0.004796484276652336 -0.004796484276652336
    endloop
  endfacet
  facet normal 0.0 -0.7071067811865476 -0.7071067811865476
    outer loop
      vertex 0.0036008974611759182 0.004796484276652336 -0.004796484276652336
      vertex 0.0065764284133911135 0.006719141006469726 -0.006719141006469726
      vertex 0.006968897267391807 0.004910285112104918 -0.004910285112104918
    endloop
  endfacet
  facet normal 0.0 -0.7071067811865476 -0.7071067811865476
    outer loop
      vertex 0.006968897267391807 0.004910285112104918 -0.004910285112104918
      vertex 0.0065764284133911135 0.006719141006469726 -0.006719141006469726
      vertex 0.008253673911094666 0.004784391224384308 -0.004784391224384308
    endloop
  endfacet
  facet normal 0.0 -0.7071067811865476 -0.7071067811865476
    outer loop
      vertex 0.006968897267391807 0.004910285112104918 -0.004910285112104918
      vertex 0.008253673911094666 0.004784391224384308 -0.004784391224384308
      vertex 0.00837261962890625 0.00371000874042511 -0.00371000874042511
    endloop
  endfacet
  facet normal -0.9424769113942663 -0.2827070814708636 -0.17836473186970203
    outer loop
      vertex 0.00837261962890625 0.00371000874042511 -0.00371000874042511
      vertex 0.008253673911094666 0.004784391224384308 -0.004784391224384308
      vertex 0.00895405666033427 0.0012136905249208211 -0.0028256642967462537
    endloop
  endfacet
  facet normal 0.6019491627487652 -0.609419170972776 0.5160091854966488
    outer loop
      vertex 0.00857359354062514 0.0016134944869713348 -0.0019096580147743227
      vertex 0.00895405666033427 0.0012136905249208211 -0.0028256642967462537
      vertex 0.009401975870132447 0.002192355990409851 -0.002192355990409851
    endloop
  endfacet
  facet normal 0.02395947224890077 -0.8458734544224292 -0.532845233433706
    outer loop
      vertex 0.00156514327113445 0.007278822385347806 -0.006869835486778846
      vertex 0.0011039534211158752 0.007939711213111877 -0.007939711213111877
      vertex 0.004153915643692017 0.008173158168792724 -0.008173158168792724
    endloop
  endfacet
  facet normal -0.051394366144839075 -0.2855286333022383 -0.956991127802722
    outer loop
      vertex 0.004153915643692017 0.008173158168792724 -0.008173158168792724
      vertex 0.0011039534211158752 0.007939711213111877 -0.007939711213111877
      vertex 0.001375366412103176 0.009962779134511948 -0.008557891361415387
    endloop
  endfacet
  facet normal 0.18335991236571636 -0.3096893512835407 -0.9329907010462734
    outer loop
      vertex 0.001375366412103176 0.009962779134511948 -0.008557891361415387
      vertex 0.0011039534211158752 0.007939711213111877 -0.007939711213111877
      vertex -0.001427079290151596 0.008684278726577758 -0.008684278726577758
    endloop
  endfacet
  facet normal -0.015514889347220097 -0.7328998659915833 -0.6801595949761077
    outer loop
      vertex -0.001427079290151596 0.008684278726577758 -0.008684278726577758
      vertex 0.0011039534211158752 0.007939711213111877 -0.007939711213111877
      vertex -1.5091341920197008e-05 0.007207179471850396 -0.0071248520612716675
    endloop
  endfacet
  facet normal -0.037558835676598144 -0.7422564986431341 -0.6690624963967517
    outer loop
      vertex -0.001427079290151596 0.008684278726577758 -0.008684278726577758
      vertex -1.5091341920197008e-05 0.007207179471850396 -0.0071248520612716675
      vertex -0.0016850253492593768 0.007220438146591187 -0.007045816934108734
    endloop
  endfacet
  facet normal 0.014362478552094653 -0.7467731647201139 -0.6649237246961084
    outer loop
      vertex -0.001427079290151596 0.008684278726577758 -0.008684278726577758
      vertex -0.0016850253492593768 0.007220438146591187 -0.007045816934108734
      vertex -0.003986431658267975 0.008235177993774415 -0.008235177993774415
    endloop
  endfacet
  facet normal 0.06811633884756926 -0.6900539775261346 -0.7205453993207949
    outer loop
      vertex -0.0016850253492593768 0.007220438146591187 -0.007045816934108734
      vertex -0.0032581655042512076 0.006608267171042306 -0.006608267171042306
      vertex -0.003986431658267975 0.008235177993774415 -0.008235177993774415
    endloop
  endfacet
  facet normal 0.0 -0.7071067811865475 -0.7071067811865475
    outer loop
      vertex -0.003986431658267975 0.008235177993774415 -0.008235177993774415
      vertex -0.0032581655042512076 0.006608267171042306 -0.006608267171042306
      vertex -0.006260898113250733 0.006977638602256775 -0.006977638602256775
    endloop
  endfacet
  facet normal 0.0 -0.7071067811865476 -0.7071067811865476
    outer loop
      vertex -0.006260898113250733 0.006977638602256775 -0.006977638602256775
      vertex -0.0032581655042512076 0.006608267171042306 -0.006608267171042306
      vertex -0.006955408830391734 0.004912915339595393 -0.004912915339595393
    endloop
  endfacet
  facet normal 0.0 -0.7071067811865475 -0.7071067811865475
    outer loop
      vertex -0.006955408830391734 0.004912915339595393 -0.004912915339595393
      vertex -0.0032581655042512076 0.006608267171042306 -0.006608267171042306
      vertex -0.0035917468219995503 0.004790013790130615 -0.004790013790130615
    endloop
  endfacet
  facet normal 0.0 -0.7071067811865475 -0.7071067811865475
    outer loop
      vertex -0.006260898113250733 0.006977638602256775 -0.006977638602256775
      vertex -0.006955408830391734 0.004912915339595393 -0.004912915339595393
      vertex -0.00808506190776825 0.005037351250648498 -0.005037351250648498
    endloop
  endfacet
  facet normal 0.0 -0.7071067811865476 -0.7071067811865476
    outer loop
      vertex -0.00808506190776825 0.005037351250648498 -0.005037351250648498
      vertex -0.006955408830391734 0.004912915339595393 -0.004912915339595393
      vertex -0.00837261962890625 0.00371000874042511 -0.00371000874042511
    endloop
  endfacet
  facet normal 0.973155515919872 -0.22939796414297103 -0.018571911096801275
    outer loop
      vertex -0.00808506190776825 0.005037351250648498 -0.005037351250648498
      vertex -0.00837261962890625 0.00371000874042511 -0.00371000874042511
      vertex -0.008952800691127777 0.0011787757873535155 -0.002845623530447483
    endloop
  endfacet
  facet normal 0.9731796197667928 -0.13936834982059204 0.18302429002415452
    outer loop
      vertex 0.00857359354062514 0.0016134944869713348 -0.0019096580147743227
      vertex 0.008785489201545716 0.004483436346054077 -0.0008509650826454164
      vertex 0.008580490549405415 0.004807487924893697 0.0004858140088617802
    endloop
  endfacet
  facet normal 0.974411208978013 0.06513335178362263 0.2151288969511946
    outer loop
      vertex 0.008459007934648164 0.0015158590552758193 0.002032648708139147
      vertex 0.008580490549405415 0.004807487924893697 0.0004858140088617802
      vertex 0.00782418727874756 0.004575968980789185 0.003981532156467437
    endloop
  endfacet
  facet normal 0.9578467137065518 0.2667025881129487 -0.1067679845993823
    outer loop
      vertex 0.008459007934648164 0.0015158590552758193 0.002032648708139147
      vertex 0.00782418727874756 0.004575968980789185 0.003981532156467437
      vertex 0.008946228590276507 0.0002681633767982326 0.003286948278546333
    endloop
  endfacet
  facet normal 0.8814393494962469 0.15781021351470978 0.44515234433851397
    outer loop
      vertex 0.008946228590276507 0.0002681633767982326 0.003286948278546333
      vertex 0.00782418727874756 0.004575968980789185 0.003981532156467437
      vertex 0.006966439141676976 0.001211818680167198 0.006872565425359286
    endloop
  endfacet
  facet normal 0.8741014676605597 -0.011317767292599784 0.4856115035469877
    outer loop
      vertex 0.008946228590276507 0.0002681633767982326 0.003286948278546333
      vertex 0.006966439141676976 0.001211818680167198 0.006872565425359286
      vertex 0.007151627540588379 -0.002271072715520859 0.00645805299282074
    endloop
  endfacet
  facet normal 0.8438426481619291 0.49158057236228053 0.21512351340343022
    outer loop
      vertex 0.008580490549405415 0.004807487924893697 0.0004858140088617802
      vertex 0.007159466743469238 0.006352446675300598 0.002529518008232117
      vertex 0.00782418727874756 0.004575968980789185 0.003981532156467437
    endloop
  endfacet
  facet normal 0.7353643639729445 0.572078740277604 0.36327010215686173
    outer loop
      vertex 0.00782418727874756 0.004575968980789185 0.003981532156467437
      vertex 0.007159466743469238 0.006352446675300598 0.002529518008232117
      vertex 0.006388846039772034 0.006174741983413696 0.004369328320026398
    endloop
  endfacet
  facet normal 0.6824035765613529 0.4786379648039089 0.5524772007464613
    outer loop
      vertex 0.00782418727874756 0.004575968980789185 0.003981532156467437
      vertex 0.006388846039772034 0.006174741983413696 0.004369328320026398
      vertex 0.005301786065101624 0.005524895191192627 0.006275026798248291
    endloop
  endfacet
  facet normal 0.6871759816242909 0.45202695009608396 0.568736148548274
    outer loop
      vertex 0.00782418727874756 0.004575968980789185 0.003981532156467437
      vertex 0.005301786065101624 0.005524895191192627 0.006275026798248291
      vertex 0.005970161557197572 0.0034916433691978455 0.007083473801612854
    endloop
  endfacet
  facet normal 0.48714054547976604 0.45622866453720173 0.7446808004804996
    outer loop
      vertex 0.005970161557197572 0.0034916433691978455 0.007083473801612854
      vertex 0.005301786065101624 0.005524895191192627 0.006275026798248291
      vertex 0.0034000000357627875 0.004820644557476043 0.00795055866241455
    endloop
  endfacet
  facet normal 0.45078924755439465 0.33089337776010797 0.8290347561133062
    outer loop
      vertex 0.005970161557197572 0.0034916433691978455 0.007083473801612854
      vertex 0.0034000000357627875 0.004820644557476043 0.00795055866241455
      vertex 0.003400000035762787 0.0020794495195150375 0.009044654270013174
    endloop
  endfacet
  facet normal 1.0 6.946293327274582e-16 2.136737715472586e-15
    outer loop
      vertex 0.003400000035762787 0.0020794495195150375 0.009044654270013174
      vertex 0.0034000000357627875 0.004820644557476043 0.00795055866241455
      vertex 0.003400000035762787 0.003804453909397125 0.008483874797821046
    endloop
  endfacet
  facet normal 0.5415887452851952 0.16033186431171645 0.8252122904239473
    outer loop
      vertex 0.005970161557197572 0.0034916433691978455 0.007083473801612854
      vertex 0.003400000035762787 0.0020794495195150375 0.009044654270013174
      vertex 0.006966439141676976 0.001211818680167198 0.006872565425359286
    endloop
  endfacet
  facet normal 0.8530532511721806 0.046220186147730824 0.5197728783392238
    outer loop
      vertex 0.008946228590276507 0.0002681633767982326 0.003286948278546333
      vertex 0.007151627540588379 -0.002271072715520859 0.00645805299282074
      vertex 0.008915504650636154 -0.0022971320423212918 0.0035654883764006874
    endloop
  endfacet
  facet normal 0.7939351365006759 -0.36344877405080156 0.48741356943628755
    outer loop
      vertex 0.008915504650636154 -0.0022971320423212918 0.0035654883764006874
      vertex 0.007151627540588379 -0.002271072715520859 0.00645805299282074
      vertex 0.006971031129360199 -0.005204890966415405 0.004564566910266877
    endloop
  endfacet
  facet normal 0.8258471672208288 -0.5630231797956473 -0.03132659263518127
    outer loop
      vertex 0.008915504650636154 -0.0022971320423212918 0.0035654883764006874
      vertex 0.006971031129360199 -0.005204890966415405 0.004564566910266877
      vertex 0.008725528601677187 -0.002476569548729927 0.0017822204962853463
    endloop
  endfacet
  facet normal 0.9028644501697491 -0.3845454659920401 0.19225131782289895
    outer loop
      vertex 0.008725528601677187 -0.002476569548729927 0.0017822204962853463
      vertex 0.006971031129360199 -0.005204890966415405 0.004564566910266877
      vertex 0.006971031129360199 -0.006774714887142181 0.0014245693385601043
    endloop
  endfacet
  facet normal 0.9262911389926598 -0.37551157700492593 -0.031237499242968043
    outer loop
      vertex 0.008725528601677187 -0.002476569548729927 0.0017822204962853463
      vertex 0.006971031129360199 -0.006774714887142181 0.0014245693385601043
      vertex 0.008626467943191529 -0.0024268554806709287 -0.0017528646081686019
    endloop
  endfacet
  facet normal 0.9299436575423735 -0.36725913253921316 -0.018042266023346167
    outer loop
      vertex 0.008626467943191529 -0.0024268554806709287 -0.0017528646081686019
      vertex 0.006971031129360199 -0.006774714887142181 0.0014245693385601043
      vertex 0.006971031129360199 -0.0066024607419967645 -0.002081747874617577
    endloop
  endfacet
  facet normal 0.8843430484274993 -0.37273984310350616 0.28107362391574753
    outer loop
      vertex 0.008626467943191529 -0.0024268554806709287 -0.0017528646081686019
      vertex 0.006971031129360199 -0.0066024607419967645 -0.002081747874617577
      vertex 0.009056959923575907 -0.0023189321335624243 -0.002964202954488642
    endloop
  endfacet
  facet normal 0.832924324740315 -0.4668256989478658 -0.29717139172155665
    outer loop
      vertex 0.009056959923575907 -0.0023189321335624243 -0.002964202954488642
      vertex 0.006971031129360199 -0.0066024607419967645 -0.002081747874617577
      vertex 0.006954613273794001 -0.004737215313044461 -0.005057873292402788
    endloop
  endfacet
  facet normal 0.7949714159822403 -0.1932622517164074 -0.5750392593838232
    outer loop
      vertex 0.009056959923575907 -0.0023189321335624243 -0.002964202954488642
      vertex 0.006954613273794001 -0.004737215313044461 -0.005057873292402788
      vertex 0.006983930873019355 0.000234841528747763 -0.006688378048794611
    endloop
  endfacet
  facet normal 0.8854114419177079 0.04393825184715571 -0.4627267104304885
    outer loop
      vertex 0.006983930873019355 0.000234841528747763 -0.006688378048794611
      vertex 0.00895405666033427 0.0012136905249208211 -0.0028256642967462537
      vertex 0.009056959923575907 -0.0023189321335624243 -0.002964202954488642
    endloop
  endfacet
  facet normal 0.7413981612683338 0.24062269759679056 -0.6264419237799919
    outer loop
      vertex 0.006968897267391807 0.004910285112104918 -0.004910285112104918
      vertex 0.00837261962890625 0.00371000874042511 -0.00371000874042511
      vertex 0.006983930873019355 0.000234841528747763 -0.006688378048794611
    endloop
  endfacet
  facet normal 0.8856246533807439 0.04244772704070558 -0.4624577427109583
    outer loop
      vertex 0.006983930873019355 0.000234841528747763 -0.006688378048794611
      vertex 0.00837261962890625 0.00371000874042511 -0.00371000874042511
      vertex 0.00895405666033427 0.0012136905249208211 -0.0028256642967462537
    endloop
  endfacet
  facet normal 0.7749454347185861 0.28653365577182177 0.5633453978855746
    outer loop
      vertex 0.00782418727874756 0.004575968980789185 0.003981532156467437
      vertex 0.005970161557197572 0.0034916433691978455 0.007083473801612854
      vertex 0.006966439141676976 0.001211818680167198 0.006872565425359286
    endloop
  endfacet
  facet normal -0.7864325224852063 -0.5050865661638119 0.355543876699353
    outer loop
      vertex -0.008472477316856384 0.0027316809296607973 -6.704007834196057e-05
      vertex -0.008649366185313366 0.0016871237791463978 -0.0019422036995653247
      vertex -0.007500000000000001 0.000391942302768047 -0.0012398426120097822
    endloop
  endfacet
  facet normal 0.6059467338024582 0.7205419298863278 0.3371170168796277
    outer loop
      vertex -0.007500000000000001 0.000391942302768047 -0.0012398426120097822
      vertex -0.008649366185313366 0.0016871237791463978 -0.0019422036995653247
      vertex -0.007500000000000001 -0.00035355339447657266 0.00035355339447657266
    endloop
  endfacet
  facet normal -0.7702172000616785 0.23376285660415044 0.5933973302951536
    outer loop
      vertex -0.007500000000000001 -0.00035355339447657266 0.00035355339447657266
      vertex -0.008649366185313366 0.0016871237791463978 -0.0019422036995653247
      vertex -0.008472477316856384 -0.002711749374866486 2.0285755395889584e-05
    endloop
  endfacet
  facet normal -0.5936757978592448 0.34740087870639336 -0.7258523792826025
    outer loop
      vertex -0.007500000000000001 -0.00035355339447657266 0.00035355339447657266
      vertex -0.008472477316856384 -0.002711749374866486 2.0285755395889584e-05
      vertex -0.008459007934648164 0.0015158590552758193 0.002032648708139147
    endloop
  endfacet
  facet normal 0.5344022611521745 0.6998470411573188 -0.4739497254549149
    outer loop
      vertex -0.007500000000000001 -0.00035355339447657266 0.00035355339447657266
      vertex -0.008459007934648164 0.0015158590552758193 0.002032648708139147
      vertex -0.0075 0.0003882285580039024 0.0014488887786865232
    endloop
  endfacet
  facet normal -0.5344022611521746 -0.6998470411573188 0.4739497254549149
    outer loop
      vertex -0.0075 0.0003882285580039024 0.0014488887786865232
      vertex -0.008459007934648164 0.0015158590552758193 0.002032648708139147
      vertex -0.007500000000000001 -0.00035355339447657266 0.00035355339447657266
    endloop
  endfacet
  facet normal -0.9312827559472527 -0.3178174240352714 -0.17805761274057966
    outer loop
      vertex -0.007500000000000001 -0.00035355339447657266 0.00035355339447657266
      vertex -0.008459007934648164 0.0015158590552758193 0.002032648708139147
      vertex -0.008472477316856384 0.0027316809296607973 -6.704007834196057e-05
    endloop
  endfacet
  facet normal -0.9373407892574706 -0.31558161592801554 -0.14764988480335722
    outer loop
      vertex -0.007500000000000001 -0.00035355339447657266 0.00035355339447657266
      vertex -0.008472477316856384 0.0027316809296607973 -6.704007834196057e-05
      vertex -0.007500000000000001 0.000391942302768047 -0.0012398426120097822
    endloop
  endfacet
  facet normal 0.9609915973919082 -4.152819620787408e-05 -0.2765775623899332
    outer loop
      vertex -0.00016509509570896623 0.022504586601257325 -0.0034903213739395146
      vertex -0.00013196905774454914 0.04115536428266956 -0.003378022636777611
      vertex -1.3353794758372438e-05 0.03840065310983097 -0.0029654704823213465
    endloop
  endfacet
  facet normal -0.9609915973919082 4.152819620787408e-05 0.2765775623899332
    outer loop
      vertex -0.00016509509570896623 0.022504586601257325 -0.0034903213739395146
      vertex -1.3353794758372438e-05 0.03840065310983097 -0.0029654704823213465
      vertex -0.00013196905774454914 0.04115536428266956 -0.003378022636777611
    endloop
  endfacet
  facet normal -0.9645745552086772 -0.26236519942757214 0.027575887534452545
    outer loop
      vertex -0.0019438313941160838 0.025195478041966757 -0.004902120540539424
      vertex -0.0015315368500622836 0.023742780685424805 -0.004301900701089339
      vertex -0.0019237239658832551 0.025234291553497316 -0.003829501271247864
    endloop
  endfacet
  facet normal 0.08335785000676545 -0.041081721603729755 -0.9956725169413501
    outer loop
      vertex -0.0029369822144508363 0.02349965214729309 -0.004915297031402588
      vertex -0.0029948681096235914 0.025384502609570824 -0.004997912695010503
      vertex -0.0019438313941160838 0.025195478041966757 -0.004902120540539424
    endloop
  endfacet
  facet normal -0.7185435693659213 -0.694410082170256 0.03859762561582729
    outer loop
      vertex -0.0019237239658832551 0.025234291553497316 -0.003829501271247864
      vertex -0.0028246774123265195 0.026166285551511324 -0.0038343792007519647
      vertex -0.0019438313941160838 0.025195478041966757 -0.004902120540539424
    endloop
  endfacet
  facet normal -0.08335785000676545 0.041081721603729755 0.9956725169413501
    outer loop
      vertex -0.0029369822144508363 0.02349965214729309 -0.004915297031402588
      vertex -0.0019438313941160838 0.025195478041966757 -0.004902120540539424
      vertex -0.0029948681096235914 0.025384502609570824 -0.004997912695010503
    endloop
  endfacet
  facet normal 0.8194629460595899 0.18532630334238998 -0.5423418122593742
    outer loop
      vertex -0.002352321159381133 0.023142410425039436 -0.0041539657574433545
      vertex -0.0029369822144508363 0.02349965214729309 -0.004915297031402588
      vertex -0.0028246774123265195 0.026166285551511324 -0.0038343792007519647
    endloop
  endfacet
  facet normal 0.986842541697596 0.023294139283641473 -0.1599974405134744
    outer loop
      vertex -0.0028246774123265195 0.026166285551511324 -0.0038343792007519647
      vertex -0.0029369822144508363 0.02349965214729309 -0.004915297031402588
      vertex -0.0029948681096235914 0.025384502609570824 -0.004997912695010503
    endloop
  endfacet
  facet normal -0.31933048307316275 0.20879975288844416 -0.9243542101240115
    outer loop
      vertex -0.0015315368500622836 0.023742780685424805 -0.004301900701089339
      vertex -0.002352321159381133 0.023142410425039436 -0.0041539657574433545
      vertex -0.0019237239658832551 0.025234291553497316 -0.003829501271247864
    endloop
  endfacet
  facet normal 0.13453235327246374 0.12490676679870966 -0.983005262209143
    outer loop
      vertex -0.0019237239658832551 0.025234291553497316 -0.003829501271247864
      vertex -0.002352321159381133 0.023142410425039436 -0.0041539657574433545
      vertex -0.0028246774123265195 0.026166285551511324 -0.0038343792007519647
    endloop
  endfacet
  facet normal 0.6736340607169129 0.6389673997044432 0.3713998039269608
    outer loop
      vertex -0.00804109513759613 0.0354485821723938 -0.004551416635513306
      vertex -0.008309727907180786 0.03425854444503784 -0.0020168016850948332
      vertex -0.0068446796919618335 0.034650906239237105 -0.005349094165222986
    endloop
  endfacet
  facet normal 0.7138014364072801 0.5864262803851862 0.38287299076390674
    outer loop
      vertex -0.0068446796919618335 0.034650906239237105 -0.005349094165222986
      vertex -0.008309727907180786 0.03425854444503784 -0.0020168016850948332
      vertex -0.006637665867805481 0.03286735200881958 -0.003003260612487793
    endloop
  endfacet
  facet normal 0.6969735500713169 0.6831974152205551 0.21787418923988613
    outer loop
      vertex -0.006637665867805481 0.03286735200881958 -0.003003260612487793
      vertex -0.008309727907180786 0.03425854444503784 -0.0020168016850948332
      vertex -0.0070426239569981895 0.03224631210168203 0.00023961060059567293
    endloop
  endfacet
  facet normal -0.49903110329580663 0.7417449797712375 0.44808742777223337
    outer loop
      vertex 0.006927148309247248 0.03089885666452605 0.0005776974372565747
      vertex 0.008047115325927733 0.032839695215225215 -0.0013877870216965674
      vertex 0.006637665867805481 0.03286735200881958 -0.003003260612487793
    endloop
  endfacet
  facet normal -0.5367220155619169 0.6938187360212834 0.4801510591022183
    outer loop
      vertex 0.006637665867805481 0.03286735200881958 -0.003003260612487793
      vertex 0.008047115325927733 0.032839695215225215 -0.0013877870216965674
      vertex 0.0068446796919618335 0.034650906239237105 -0.005349094165222986
    endloop
  endfacet
  facet normal -0.684401556969277 0.5618691778911448 0.46464775449146256
    outer loop
      vertex 0.008047115325927733 0.032839695215225215 -0.0013877870216965674
      vertex 0.00804109513759613 0.0354485821723938 -0.004551416635513306
      vertex 0.0068446796919618335 0.034650906239237105 -0.005349094165222986
    endloop
  endfacet
  facet normal -0.27915654632107745 -0.4774226233248503 -0.8331502033749415
    outer loop
      vertex 0.0016191888730163158 0.019980586663536404 0.000263667186803144
      vertex 6.0519562102854254e-05 0.015574405193328858 0.0033108049631118777
      vertex 5.472006759157888e-05 0.0208336310033445 0.0002990378101390821
    endloop
  endfacet
  facet normal 0.9976599780549715 0.03480179334306962 0.058850687060220536
    outer loop
      vertex 5.472006759157888e-05 0.0208336310033445 0.0002990378101390821
      vertex 6.0519562102854254e-05 0.015574405193328858 0.0033108049631118777
      vertex 0.00014505568891763686 0.015176233649253844 0.0021131770312786103
    endloop
  endfacet
  facet normal 0.18618717048666417 0.3027068490869165 0.9347207610094261
    outer loop
      vertex 5.472006759157888e-05 0.0208336310033445 0.0002990378101390821
      vertex 0.00014505568891763686 0.015176233649253844 0.0021131770312786103
      vertex 0.0016191888730163158 0.019980586663536404 0.000263667186803144
    endloop
  endfacet
  facet normal -0.6228452528999242 0.44010999176539917 0.6468129452077239
    outer loop
      vertex 0.0016191888730163158 0.019980586663536404 0.000263667186803144
      vertex 0.00014505568891763686 0.015176233649253844 0.0021131770312786103
      vertex 0.001095085069537163 0.015308957099914552 0.002937694191932678
    endloop
  endfacet
  facet normal -0.40135716271627736 -0.4206746381704173 -0.8136001946512356
    outer loop
      vertex 0.0016191888730163158 0.019980586663536404 0.000263667186803144
      vertex 0.001095085069537163 0.015308957099914552 0.002937694191932678
      vertex 6.0519562102854254e-05 0.015574405193328858 0.0033108049631118777
    endloop
  endfacet
  facet normal 0.9910116321273889 -0.05102056436628608 -0.12366425109931624
    outer loop
      vertex -5.771326139578238e-05 0.009597663031174587 0.0027898109990816848
      vertex 0.00014505568891763686 0.015176233649253844 0.0021131770312786103
      vertex 5.552902318730811e-05 0.009602715594823969 0.0036952192769494165
    endloop
  endfacet
  facet normal 0.997595367508598 0.0036217095917939353 0.06921246957751366
    outer loop
      vertex 5.552902318730811e-05 0.009602715594823969 0.0036952192769494165
      vertex 0.00014505568891763686 0.015176233649253844 0.0021131770312786103
      vertex 6.0519562102854254e-05 0.015574405193328858 0.0033108049631118777
    endloop
  endfacet
  facet normal -0.3521976934179812 -0.059830579984790695 -0.9340112881811106
    outer loop
      vertex 5.552902318730811e-05 0.009602715594823969 0.0036952192769494165
      vertex 6.0519562102854254e-05 0.015574405193328858 0.0033108049631118777
      vertex 0.001095085069537163 0.015308957099914552 0.002937694191932678
    endloop
  endfacet
  facet normal -0.6570475518606642 0.21559638060397676 0.7223619004795122
    outer loop
      vertex 5.552902318730811e-05 0.009602715594823969 0.0036952192769494165
      vertex 0.001095085069537163 0.015308957099914552 0.002937694191932678
      vertex 0.00014505568891763686 0.015176233649253844 0.0021131770312786103
    endloop
  endfacet
  facet normal -0.9910116321273889 0.051020564366286075 0.12366425109931624
    outer loop
      vertex 5.552902318730811e-05 0.009602715594823969 0.0036952192769494165
      vertex 0.00014505568891763686 0.015176233649253844 0.0021131770312786103
      vertex -5.771326139578238e-05 0.009597663031174587 0.0027898109990816848
    endloop
  endfacet
  facet normal 0.8224022631628232 0.29941378818781755 0.4837415642548069
    outer loop
      vertex 0.0062218092823028565 0.015744182710647585 0.0018047850435972215
      vertex 0.006513848545592885 0.016805667433627814 0.0006512829377099352
      vertex 0.0057763447088223915 0.016040881000183246 0.002378470529974611
    endloop
  endfacet
  facet normal 0.27446110205976576 -0.762531478120108 -0.5858471202729448
    outer loop
      vertex 5.552902318730811e-05 0.009602715594823969 0.0036952192769494165
      vertex 6.643547117710112e-05 0.007554125428199767 0.006366748809814453
      vertex -0.0018854860961437226 0.0090793114900589 0.0034671375155448914
    endloop
  endfacet
  facet normal 0.11114176762157818 -0.8467718921060625 -0.5202161764392474
    outer loop
      vertex -0.0018854860961437226 0.0090793114900589 0.0034671375155448914
      vertex 6.643547117710112e-05 0.007554125428199767 0.006366748809814453
      vertex -0.001488061398267746 0.007165564894676208 0.0066671097278594976
    endloop
  endfacet
  facet normal 0.15951476915749604 -0.8383883520565789 -0.5212101395372932
    outer loop
      vertex -0.0018854860961437226 0.0090793114900589 0.0034671375155448914
      vertex -0.001488061398267746 0.007165564894676208 0.0066671097278594976
      vertex -0.003400000035762787 0.007813016772270203 0.005040513277053833
    endloop
  endfacet
  facet normal 0.35015321011148276 -0.6530397268664241 -0.6715145899999866
    outer loop
      vertex -0.003400000035762787 0.007813016772270203 0.005040513277053833
      vertex -0.001488061398267746 0.007165564894676208 0.0066671097278594976
      vertex -0.0034000000357627866 0.004820644557476043 0.00795055866241455
    endloop
  endfacet
  facet normal 0.2064740746922037 -0.593935723270409 -0.7775659541821865
    outer loop
      vertex -0.0034000000357627866 0.004820644557476043 0.00795055866241455
      vertex -0.001488061398267746 0.007165564894676208 0.0066671097278594976
      vertex -0.0017750175297260283 0.004456672072410584 0.00866007149219513
    endloop
  endfacet
  facet normal 0.12494624453345589 -0.5965179041462831 -0.792814496594198
    outer loop
      vertex -0.0017750175297260283 0.004456672072410584 0.00866007149219513
      vertex -0.001488061398267746 0.007165564894676208 0.0066671097278594976
      vertex 0.00011172368377447129 0.006401744941870372 0.007493935445944468
    endloop
  endfacet
  facet normal 0.07126912827499726 -0.5628400637280947 -0.8234875676156116
    outer loop
      vertex -0.0017750175297260283 0.004456672072410584 0.00866007149219513
      vertex 0.00011172368377447129 0.006401744941870372 0.007493935445944468
      vertex -2.2367397832567802e-07 0.00431418925523758 0.008911056518554688
    endloop
  endfacet
  facet normal 0.036310109877691045 -0.6980583826429712 -0.715119619603986
    outer loop
      vertex 6.643547117710112e-05 0.007554125428199767 0.006366748809814453
      vertex 0.00011172368377447129 0.006401744941870372 0.007493935445944468
      vertex -0.001488061398267746 0.007165564894676208 0.0066671097278594976
    endloop
  endfacet
  facet normal -0.14356582144254465 -0.5962872854153832 -0.7898293031823275
    outer loop
      vertex 0.00011172368377447129 0.006401744941870372 0.007493935445944468
      vertex 0.001488061398267746 0.007165564894676208 0.0066671097278594976
      vertex 0.0017754460871219635 0.0044567126035690305 0.008659939765930175
    endloop
  endfacet
  facet normal -0.0722057360668232 -0.5575352809180275 -0.8270070992504868
    outer loop
      vertex 0.00011172368377447129 0.006401744941870372 0.007493935445944468
      vertex 0.0017754460871219635 0.0044567126035690305 0.008659939765930175
      vertex -2.2367397832567802e-07 0.00431418925523758 0.008911056518554688
    endloop
  endfacet
  facet normal -0.04043728993240606 -0.6994888751293011 -0.7134985207786121
    outer loop
      vertex 0.00011172368377447129 0.006401744941870372 0.007493935445944468
      vertex 6.643547117710112e-05 0.007554125428199767 0.006366748809814453
      vertex 0.001488061398267746 0.007165564894676208 0.0066671097278594976
    endloop
  endfacet
  facet normal -0.12051874457816741 -0.8444167711173163 -0.5219535887999128
    outer loop
      vertex 0.001488061398267746 0.007165564894676208 0.0066671097278594976
      vertex 6.643547117710112e-05 0.007554125428199767 0.006366748809814453
      vertex 0.001536368280649185 0.009136647365309976 0.003467137515544892
    endloop
  endfacet
  facet normal -0.15771191931937978 -0.8397157987637882 -0.5196194066921394
    outer loop
      vertex 0.001488061398267746 0.007165564894676208 0.0066671097278594976
      vertex 0.001536368280649185 0.009136647365309976 0.003467137515544892
      vertex 0.003400000035762787 0.007813016772270203 0.005040513277053833
    endloop
  endfacet
  facet normal -0.3562402557972488 -0.8788411886359937 -0.3173815453147594
    outer loop
      vertex 0.003400000035762787 0.007813016772270203 0.005040513277053833
      vertex 0.001536368280649185 0.009136647365309976 0.003467137515544892
      vertex 0.0034000000357627866 0.009230796098709106 0.001114630103111267
    endloop
  endfacet
  facet normal -0.19578027450429342 -0.9613537926471645 -0.19356903026552644
    outer loop
      vertex 0.0034000000357627866 0.009230796098709106 0.001114630103111267
      vertex 0.001536368280649185 0.009136647365309976 0.003467137515544892
      vertex -5.771326139578238e-05 0.009597663031174587 0.0027898109990816848
    endloop
  endfacet
  facet normal -0.17493485864409397 -0.973407746186163 -0.14790251822043185
    outer loop
      vertex 0.0034000000357627866 0.009230796098709106 0.001114630103111267
      vertex -5.771326139578238e-05 0.009597663031174587 0.0027898109990816848
      vertex 0.0015580160046617189 0.00976616660753886 -0.00023021910339593888
    endloop
  endfacet
  facet normal 0.021147372732856412 -0.9987893666472129 -0.04441384580237093
    outer loop
      vertex 0.0015580160046617189 0.00976616660753886 -0.00023021910339593888
      vertex -5.771326139578238e-05 0.009597663031174587 0.0027898109990816848
      vertex -0.0020124250650405883 0.009690569639205933 -0.0002302191033959389
    endloop
  endfacet
  facet normal 0.1993248354372734 -0.9669874075583448 -0.1587607117693026
    outer loop
      vertex -0.0020124250650405883 0.009690569639205933 -0.0002302191033959389
      vertex -5.771326139578238e-05 0.009597663031174587 0.0027898109990816848
      vertex -0.003400415688753128 0.009249904692173004 0.0007111753411591053
    endloop
  endfacet
  facet normal 0.20840882818296103 -0.9624152819869852 -0.17413381444543277
    outer loop
      vertex -0.003400415688753128 0.009249904692173004 0.0007111753411591053
      vertex -5.771326139578238e-05 0.009597663031174587 0.0027898109990816848
      vertex -0.0018854860961437226 0.0090793114900589 0.0034671375155448914
    endloop
  endfacet
  facet normal 0.4225729655896887 -0.8601772810897689 -0.2855295673826945
    outer loop
      vertex -0.003400415688753128 0.009249904692173004 0.0007111753411591053
      vertex -0.0018854860961437226 0.0090793114900589 0.0034671375155448914
      vertex -0.003400000035762787 0.007813016772270203 0.005040513277053833
    endloop
  endfacet
  facet normal -0.2940418016134189 -0.9548646832327204 0.04210529205232362
    outer loop
      vertex 0.001536368280649185 0.009136647365309976 0.003467137515544892
      vertex 5.552902318730811e-05 0.009602715594823969 0.0036952192769494165
      vertex -5.771326139578238e-05 0.009597663031174587 0.0027898109990816848
    endloop
  endfacet
  facet normal 0.26327267620075934 -0.9643280880800332 -0.027546987239948847
    outer loop
      vertex -5.771326139578238e-05 0.009597663031174587 0.0027898109990816848
      vertex 5.552902318730811e-05 0.009602715594823969 0.0036952192769494165
      vertex -0.0018854860961437226 0.0090793114900589 0.0034671375155448914
    endloop
  endfacet
  facet normal -0.3249153551495712 -0.7511311582748722 -0.5746581549553411
    outer loop
      vertex 6.643547117710112e-05 0.007554125428199767 0.006366748809814453
      vertex 5.552902318730811e-05 0.009602715594823969 0.0036952192769494165
      vertex 0.001536368280649185 0.009136647365309976 0.003467137515544892
    endloop
  endfacet
  facet normal -0.39105276780483805 -0.8033012611463191 0.4492046489440075
    outer loop
      vertex 0.00156514327113445 0.007278822385347806 -0.006869835486778846
      vertex 0.003201541900634766 0.006621231053556715 -0.006621231053556715
      vertex 0.0015112236887216569 0.00896884560585022 -0.003894549310207367
    endloop
  endfacet
  facet normal -0.30661479945331854 -0.8069928247977324 0.5047275953236338
    outer loop
      vertex 0.0015112236887216569 0.00896884560585022 -0.003894549310207367
      vertex 0.003201541900634766 0.006621231053556715 -0.006621231053556715
      vertex 0.003400000035762787 0.008788252472877503 -0.0030358892679214476
    endloop
  endfacet
  facet normal -0.18769874461544558 -0.9592684074570837 0.2111239060943501
    outer loop
      vertex 0.0015112236887216569 0.00896884560585022 -0.003894549310207367
      vertex 0.003400000035762787 0.008788252472877503 -0.0030358892679214476
      vertex 0.0015580160046617189 0.00976616660753886 -0.00023021910339593888
    endloop
  endfacet
  facet normal -0.3440494818399579 -0.9336593138746656 0.09955018664344524
    outer loop
      vertex 0.0015580160046617189 0.00976616660753886 -0.00023021910339593888
      vertex 0.003400000035762787 0.008788252472877503 -0.0030358892679214476
      vertex 0.0034000000357627866 0.009230796098709106 0.001114630103111267
    endloop
  endfacet
  facet normal -0.35015321011148265 -0.6530397268664242 -0.6715145899999865
    outer loop
      vertex 0.003400000035762787 0.007813016772270203 0.005040513277053833
      vertex 0.0034000000357627875 0.004820644557476043 0.00795055866241455
      vertex 0.001488061398267746 0.007165564894676208 0.0066671097278594976
    endloop
  endfacet
  facet normal -0.206478596568102 -0.5939378597711241 -0.7775631214825994
    outer loop
      vertex 0.001488061398267746 0.007165564894676208 0.0066671097278594976
      vertex 0.0034000000357627875 0.004820644557476043 0.00795055866241455
      vertex 0.0017754460871219635 0.0044567126035690305 0.008659939765930175
    endloop
  endfacet
  facet normal 0.38271990488109253 -0.9137138653909566 0.1365739601832078
    outer loop
      vertex -0.003400415688753128 0.009249904692173004 0.0007111753411591053
      vertex -0.003261930516787938 0.00869282739503043 -0.003403886428901128
      vertex -0.0020124250650405883 0.009690569639205933 -0.0002302191033959389
    endloop
  endfacet
  facet normal 0.221332766383628 -0.9518527925300005 0.21210390820965558
    outer loop
      vertex -0.0020124250650405883 0.009690569639205933 -0.0002302191033959389
      vertex -0.003261930516787938 0.00869282739503043 -0.003403886428901128
      vertex -0.0018506681919097901 0.00891165018081665 -0.003894549310207367
    endloop
  endfacet
  facet normal 0.020701894376123842 -0.9777494459253034 0.2087521318741483
    outer loop
      vertex -0.0020124250650405883 0.009690569639205933 -0.0002302191033959389
      vertex -0.0018506681919097901 0.00891165018081665 -0.003894549310207367
      vertex 0.0015580160046617189 0.00976616660753886 -0.00023021910339593888
    endloop
  endfacet
  facet normal 0.016622340868231538 -0.9770451529855079 0.21238283078343612
    outer loop
      vertex 0.0015580160046617189 0.00976616660753886 -0.00023021910339593888
      vertex -0.0018506681919097901 0.00891165018081665 -0.003894549310207367
      vertex 0.0015112236887216569 0.00896884560585022 -0.003894549310207367
    endloop
  endfacet
  facet normal 0.4311692693475139 -0.7560869846620085 0.4923672742933295
    outer loop
      vertex -0.003261930516787938 0.00869282739503043 -0.003403886428901128
      vertex -0.0032581655042512076 0.006608267171042306 -0.006608267171042306
      vertex -0.0016850253492593768 0.007220438146591187 -0.007045816934108734
    endloop
  endfacet
  facet normal 0.23477199933384504 -0.8616185243923155 0.4499951408102066
    outer loop
      vertex -0.0016850253492593768 0.007220438146591187 -0.007045816934108734
      vertex -0.001475030779838562 0.0080422842502594 -0.005581763386726379
      vertex -0.003261930516787938 0.00869282739503043 -0.003403886428901128
    endloop
  endfacet
  facet normal 0.2971247996719166 -0.820241747186994 0.48879477246749553
    outer loop
      vertex -0.003261930516787938 0.00869282739503043 -0.003403886428901128
      vertex -0.001475030779838562 0.0080422842502594 -0.005581763386726379
      vertex -0.0018506681919097901 0.00891165018081665 -0.003894549310207367
    endloop
  endfacet
  facet normal 0.1080360148725714 -0.8737318748124637 0.4742581896258099
    outer loop
      vertex -0.001475030779838562 0.0080422842502594 -0.005581763386726379
      vertex -0.0005834493921561674 0.008177798336202448 -0.005535206307064403
      vertex -0.0018506681919097901 0.00891165018081665 -0.003894549310207367
    endloop
  endfacet
  facet normal 0.015451648674732876 -0.9082329957590918 0.4181794733935398
    outer loop
      vertex -0.0018506681919097901 0.00891165018081665 -0.003894549310207367
      vertex -0.0005834493921561674 0.008177798336202448 -0.005535206307064403
      vertex 0.0015112236887216569 0.00896884560585022 -0.003894549310207367
    endloop
  endfacet
  facet normal -0.0575957409887119 -0.8685213299576311 0.49229404833756524
    outer loop
      vertex 0.0015112236887216569 0.00896884560585022 -0.003894549310207367
      vertex -0.0005834493921561674 0.008177798336202448 -0.005535206307064403
      vertex 0.00156514327113445 0.007278822385347806 -0.006869835486778846
    endloop
  endfacet
  facet normal -0.04322947151380671 -0.8594826089560812 0.509333739010764
    outer loop
      vertex -0.0005834493921561674 0.008177798336202448 -0.005535206307064403
      vertex -1.5091341920197008e-05 0.007207179471850396 -0.0071248520612716675
      vertex 0.00156514327113445 0.007278822385347806 -0.006869835486778846
    endloop
  endfacet
  facet normal -0.949462327046886 0.009155039493486984 0.3137474697437172
    outer loop
      vertex -0.008649366185313366 0.0016871237791463978 -0.0019422036995653247
      vertex -0.008952800691127777 0.0011787757873535155 -0.002845623530447483
      vertex -0.008626467943191529 -0.0024268554806709287 -0.0017528646081686019
    endloop
  endfacet
  facet normal -0.9962706466705263 -0.001574819891836002 0.0862688734422769
    outer loop
      vertex -0.008649366185313366 0.0016871237791463978 -0.0019422036995653247
      vertex -0.008626467943191529 -0.0024268554806709287 -0.0017528646081686019
      vertex -0.008472477316856384 -0.002711749374866486 2.0285755395889584e-05
    endloop
  endfacet
  facet normal -0.9855693804495622 0.07530241394149594 -0.15159994318880798
    outer loop
      vertex -0.008472477316856384 -0.002711749374866486 2.0285755395889584e-05
      vertex -0.008725528601677187 -0.002476569548729927 0.0017822204962853463
      vertex -0.008459007934648164 0.0015158590552758193 0.002032648708139147
    endloop
  endfacet
  facet normal -0.4464145614559568 0.8946046036954453 0.01991588228025062
    outer loop
      vertex -0.0061348607142766316 0.032615792927918615 0.003990359913419794
      vertex -0.0070426239569981895 0.03224631210168203 0.00023961060059567293
      vertex -0.006667217301285786 0.032381322902181875 0.0025897808437762054
    endloop
  endfacet
  facet normal 0.9618474146369849 -0.07556566836470943 0.26294368355361325
    outer loop
      vertex 0.006123833176162508 0.03197952283753289 0.0038267880181471503
      vertex 0.006507743149995804 0.029881316135669578 0.0018194562562837684
      vertex 0.006927148309247248 0.03089885666452605 0.0005776974372565747
    endloop
  endfacet
  facet normal -0.2841979542708669 -0.4869695702518017 -0.8258887094742424
    outer loop
      vertex 0.001823597252368927 0.023312670707702637 -0.0017713721096515658
      vertex 0.0016191888730163158 0.019980586663536404 0.000263667186803144
      vertex 5.472006759157888e-05 0.0208336310033445 0.0002990378101390821
    endloop
  endfacet
  facet normal 0.8623520851918745 -0.2454979658386167 0.44280879613477386
    outer loop
      vertex 0.001823597252368927 0.023312670707702637 -0.0017713721096515658
      vertex 5.472006759157888e-05 0.0208336310033445 0.0002990378101390821
      vertex 0.0020578931272029876 0.022618353366851807 -0.002612590789794922
    endloop
  endfacet
  facet normal 0.37207846771261155 0.6551208599526915 0.6575517262691057
    outer loop
      vertex 0.0020578931272029876 0.022618353366851807 -0.002612590789794922
      vertex 5.472006759157888e-05 0.0208336310033445 0.0002990378101390821
      vertex 0.0016191888730163158 0.019980586663536404 0.000263667186803144
    endloop
  endfacet
  facet normal -0.3059263092054979 -0.48249109742735075 -0.8207383470018036
    outer loop
      vertex 0.001823597252368927 0.023312670707702637 -0.0017713721096515658
      vertex 0.0029822696745395658 0.022831900119781492 -0.0019206289947032928
      vertex 0.0016191888730163158 0.019980586663536404 0.000263667186803144
    endloop
  endfacet
  facet normal -0.5424564925849851 0.6587246372330862 0.5213662877042734
    outer loop
      vertex 0.0016191888730163158 0.019980586663536404 0.000263667186803144
      vertex 0.0029822696745395658 0.022831900119781492 -0.0019206289947032928
      vertex 0.0020578931272029876 0.022618353366851807 -0.002612590789794922
    endloop
  endfacet
  facet normal -0.8498241518995755 0.2718568455897094 -0.45154486638005314
    outer loop
      vertex 0.0062751240674623725 0.02733116290912554 0.001846429633433253
      vertex 0.006544950619787618 0.026347515163503494 0.0007463916720494691
      vertex 0.005799944514536675 0.026916652581163943 0.002491175287779961
    endloop
  endfacet
  facet normal -0.7305951770967605 0.0314179439909345 -0.6820876776473359
    outer loop
      vertex 0.006153563697313525 0.02235714238943513 0.0017475243458121095
      vertex 0.005736934442810601 0.021672861455055665 0.0021622637307583377
      vertex 0.0062751240674623725 0.02733116290912554 0.001846429633433253
    endloop
  endfacet
  facet normal 0.951298672783331 -0.07377584824283 0.2993124778166184
    outer loop
      vertex 0.0062751240674623725 0.02733116290912554 0.001846429633433253
      vertex 0.005736934442810601 0.021672861455055665 0.0021622637307583377
      vertex 0.006544950619787618 0.026347515163503494 0.0007463916720494691
    endloop
  endfacet
  facet normal -0.9645472660393198 0.028788997159819668 -0.26233521536119697
    outer loop
      vertex 0.006544950619787618 0.026347515163503494 0.0007463916720494691
      vertex 0.006153563697313525 0.02235714238943513 0.0017475243458121095
      vertex 0.0062751240674623725 0.02733116290912554 0.001846429633433253
    endloop
  endfacet
  facet normal -0.5192177950694526 -0.36306571757441153 0.7736899676261763
    outer loop
      vertex -0.003593238949775696 0.03688224633534749 0.007817491213480632
      vertex -0.0019616487230125225 0.03615653326636867 0.008571887894680625
      vertex -0.0030615218119187794 0.03811547409404408 0.008753033551302823
    endloop
  endfacet
  facet normal 0.003314720027254259 -0.09023240652092518 0.9959152200085023
    outer loop
      vertex -0.0030615218119187794 0.03811547409404408 0.008753033551302823
      vertex -0.0019616487230125225 0.03615653326636867 0.008571887894680625
      vertex 0.0001041022104428246 0.04095007109087567 0.008999318924061087
    endloop
  endfacet
  facet normal 0.5253416868643682 -0.41475262424053705 0.7429645837643191
    outer loop
      vertex 0.0017068155887334244 0.03619388580322266 0.00863044147906096
      vertex 0.0035703275203704836 0.03720635805130005 0.007877976298332215
      vertex 0.0030443507173786993 0.03814239885496057 0.008772423941156139
    endloop
  endfacet
  facet normal 0.04501037774799749 -0.13625305729244053 0.989651034594238
    outer loop
      vertex -0.0030615218119187794 0.03811547409404408 0.008753033551302823
      vertex 0.0001041022104428246 0.04095007109087567 0.008999318924061087
      vertex -0.0030009995081595013 0.040961998530796594 0.009142184385231563
    endloop
  endfacet
  facet normal 0.07408480091572205 -0.05227326499200802 0.9958809909022026
    outer loop
      vertex 0.0017068155887334244 0.03619388580322266 0.00863044147906096
      vertex 0.0001041022104428246 0.04095007109087567 0.008999318924061087
      vertex -8.426641404129236e-05 0.03655700420846744 0.008782742145110151
    endloop
  endfacet
  facet normal -0.10209661383572448 -0.044614951731020404 0.9937735091686224
    outer loop
      vertex -8.426641404129236e-05 0.03655700420846744 0.008782742145110151
      vertex 0.0001041022104428246 0.04095007109087567 0.008999318924061087
      vertex -0.0019616487230125225 0.03615653326636867 0.008571887894680625
    endloop
  endfacet
  facet normal -0.05185749878256687 -0.13427708144981068 0.9895860069833935
    outer loop
      vertex 0.003062177950685675 0.04103050882166082 0.009165246242826636
      vertex 0.0001041022104428246 0.04095007109087567 0.008999318924061087
      vertex 0.0030443507173786993 0.03814239885496057 0.008772423941156139
    endloop
  endfacet
  facet normal 0.004569798544504679 -0.07579360713185775 0.9971130558062131
    outer loop
      vertex 0.0030443507173786993 0.03814239885496057 0.008772423941156139
      vertex 0.0001041022104428246 0.04095007109087567 0.008999318924061087
      vertex 0.0017068155887334244 0.03619388580322266 0.00863044147906096
    endloop
  endfacet
  facet normal -0.006011956824517763 -0.49317471993871775 0.869909507930858
    outer loop
      vertex -0.0029948681096235914 0.025384502609570824 -0.004997912695010503
      vertex -0.0017336741631681267 0.021837652271444147 -0.006999999880790711
      vertex -0.000317027881697175 0.02171958872250148 -0.007057142768587386
    endloop
  endfacet
  facet normal -0.17645165385078906 -0.5769998192901995 0.7974559689364662
    outer loop
      vertex -0.0029948681096235914 0.025384502609570824 -0.004997912695010503
      vertex -0.000317027881697175 0.02171958872250148 -0.007057142768587386
      vertex -0.0019438313941160838 0.025195478041966757 -0.004902120540539424
    endloop
  endfacet
  facet normal -0.9286434495414994 -0.3319730274310588 -0.16557551957316108
    outer loop
      vertex -0.0019438313941160838 0.025195478041966757 -0.004902120540539424
      vertex -0.000317027881697175 0.02171958872250148 -0.007057142768587386
      vertex -0.0015315368500622836 0.023742780685424805 -0.004301900701089339
    endloop
  endfacet
  facet normal -0.5247001859353121 0.5591682142297074 -0.6418883260152103
    outer loop
      vertex -0.0015315368500622836 0.023742780685424805 -0.004301900701089339
      vertex -0.000317027881697175 0.02171958872250148 -0.007057142768587386
      vertex -0.002352321159381133 0.023142410425039436 -0.0041539657574433545
    endloop
  endfacet
  facet normal 0.059681177950362034 0.9122562591470887 -0.4052489045579478
    outer loop
      vertex -0.002352321159381133 0.023142410425039436 -0.0041539657574433545
      vertex -0.000317027881697175 0.02171958872250148 -0.007057142768587386
      vertex -0.0017336741631681267 0.021837652271444147 -0.006999999880790711
    endloop
  endfacet
  facet normal 0.6740801157491577 0.7159604854363404 -0.1817046527895259
    outer loop
      vertex -0.002352321159381133 0.023142410425039436 -0.0041539657574433545
      vertex -0.0017336741631681267 0.021837652271444147 -0.006999999880790711
      vertex -0.0029369822144508363 0.02349965214729309 -0.004915297031402588
    endloop
  endfacet
  facet normal 0.8810824588165761 0.04768403654160885 0.47055279557647384
    outer loop
      vertex -0.0029369822144508363 0.02349965214729309 -0.004915297031402588
      vertex -0.0017336741631681267 0.021837652271444147 -0.006999999880790711
      vertex -0.0029948681096235914 0.025384502609570824 -0.004997912695010503
    endloop
  endfacet
  facet normal -0.9537923966270286 0.08180685631312701 -0.289115379038598
    outer loop
      vertex -0.008946228590276507 0.0002681633767982326 0.003286948278546333
      vertex -0.008459007934648164 0.0015158590552758193 0.002032648708139147
      vertex -0.008725528601677187 -0.002476569548729927 0.0017822204962853463
    endloop
  endfacet
  facet normal 0.9991480091238294 -0.03988626362300984 -0.010599143271226345
    outer loop
      vertex -0.0015658062448104225 0.028553334871927898 -0.0072703553438186646
      vertex -0.001498271830379963 0.030524079799652097 -0.00832032473385334
      vertex -0.0014372869429446883 0.03170105352240094 -0.007000610080815979
    endloop
  endfacet
  facet normal -0.3062230596968198 0.09368552645292853 -0.9473386194192421
    outer loop
      vertex -0.0014372869429446883 0.03170105352240094 -0.007000610080815979
      vertex -1.651185082978216e-05 0.0313061208560549 -0.007498925636554587
      vertex -0.0015658062448104225 0.028553334871927898 -0.0072703553438186646
    endloop
  endfacet
  facet normal -0.5957861599543839 0.39345077555971725 0.7001680789769456
    outer loop
      vertex -0.0015658062448104225 0.028553334871927898 -0.0072703553438186646
      vertex -1.651185082978216e-05 0.0313061208560549 -0.007498925636554587
      vertex -0.001498271830379963 0.030524079799652097 -0.00832032473385334
    endloop
  endfacet
  facet normal -0.5045631141297514 0.8583535247301394 0.09298005400640241
    outer loop
      vertex -0.001498271830379963 0.030524079799652097 -0.00832032473385334
      vertex -1.651185082978216e-05 0.0313061208560549 -0.007498925636554587
      vertex 0.0001334718018770218 0.03150245904922486 -0.008497541546821594
    endloop
  endfacet
  facet normal 0.1918179959455777 -0.5627874774609927 -0.8040373819944661
    outer loop
      vertex 0.0019448448980555815 0.02688656540477977 -0.004915000305456274
      vertex 0.0029055415987968443 0.025043019771575924 -0.003395415097475052
      vertex 0.0018818731606006624 0.02492128372192383 -0.0035544207692146303
    endloop
  endfacet
  facet normal -0.1918179959455777 0.5627874774609927 0.8040373819944661
    outer loop
      vertex 0.0019448448980555815 0.02688656540477977 -0.004915000305456274
      vertex 0.0018818731606006624 0.02492128372192383 -0.0035544207692146303
      vertex 0.0029055415987968443 0.025043019771575924 -0.003395415097475052
    endloop
  endfacet
  facet normal 0.11733150472254857 0.6673497002163308 0.7354438765947514
    outer loop
      vertex 0.0019448448980555815 0.02688656540477977 -0.004915000305456274
      vertex 0.0029055415987968443 0.025043019771575924 -0.003395415097475052
      vertex 0.002993772625923157 0.027004014253616333 -0.005188918858766556
    endloop
  endfacet
  facet normal -0.11733150472254857 -0.6673497002163308 -0.7354438765947514
    outer loop
      vertex 0.002993772625923157 0.027004014253616333 -0.005188918858766556
      vertex 0.0029055415987968443 0.025043019771575924 -0.003395415097475052
      vertex 0.0019448448980555815 0.02688656540477977 -0.004915000305456274
    endloop
  endfacet
  facet normal 0.9776742093508466 0.13912713042401825 0.15746993983035418
    outer loop
      vertex 0.0020578931272029876 0.022618353366851807 -0.002612590789794922
      vertex 0.0018818731606006624 0.02492128372192383 -0.0035544207692146303
      vertex 0.001823597252368927 0.023312670707702637 -0.0017713721096515658
    endloop
  endfacet
  facet normal 0.1887243555800008 -0.7322098089839468 -0.6544095913406262
    outer loop
      vertex 0.001823597252368927 0.023312670707702637 -0.0017713721096515658
      vertex 0.0018818731606006624 0.02492128372192383 -0.0035544207692146303
      vertex 0.0029055415987968443 0.025043019771575924 -0.003395415097475052
    endloop
  endfacet
  facet normal -0.32196795999999456 -0.5330441863063894 -0.7824324432041408
    outer loop
      vertex 0.001823597252368927 0.023312670707702637 -0.0017713721096515658
      vertex 0.0029055415987968443 0.025043019771575924 -0.003395415097475052
      vertex 0.0029822696745395658 0.022831900119781492 -0.0019206289947032928
    endloop
  endfacet
  facet normal -0.6028732889678436 0.4281227252630334 0.673241954695671
    outer loop
      vertex 0.0029822696745395658 0.022831900119781492 -0.0019206289947032928
      vertex 0.0029055415987968443 0.025043019771575924 -0.003395415097475052
      vertex 0.0020578931272029876 0.022618353366851807 -0.002612590789794922
    endloop
  endfacet
  facet normal -0.18484654344241386 0.3598771277955416 0.9145054446349804
    outer loop
      vertex 0.0020578931272029876 0.022618353366851807 -0.002612590789794922
      vertex 0.0029055415987968443 0.025043019771575924 -0.003395415097475052
      vertex 0.0018818731606006624 0.02492128372192383 -0.0035544207692146303
    endloop
  endfacet
  facet normal -0.822402263162823 -0.29941378818781755 -0.4837415642548068
    outer loop
      vertex 0.0057763447088223915 0.016040881000183246 0.002378470529974611
      vertex 0.006513848545592885 0.016805667433627814 0.0006512829377099352
      vertex 0.0062218092823028565 0.015744182710647585 0.0018047850435972215
    endloop
  endfacet
  facet normal 0.24818119256053353 -0.7682765464294323 0.5900485097563553
    outer loop
      vertex 0.005785662836216866 0.016587988873745532 0.003086916626767909
      vertex 0.0057763447088223915 0.016040881000183246 0.002378470529974611
      vertex 0.0062218092823028565 0.015744182710647585 0.0018047850435972215
    endloop
  endfacet
  facet normal -0.24818119256053342 0.7682765464294322 -0.5900485097563553
    outer loop
      vertex 0.0057763447088223915 0.016040881000183246 0.002378470529974611
      vertex 0.005785662836216866 0.016587988873745532 0.003086916626767909
      vertex 0.0062218092823028565 0.015744182710647585 0.0018047850435972215
    endloop
  endfacet
  facet normal 0.0038377885136725454 -0.9399707170288522 0.34123353074923624
    outer loop
      vertex -0.006964489243648671 0.001211617586237413 0.00687142495755796
      vertex -0.0036869963577815463 0.0011989794511880192 0.0067997502854892184
      vertex -0.003400000035762787 0.0020202810655940663 0.009058901179920543
    endloop
  endfacet
  facet normal 0.2050500657012002 -0.9279280645126556 0.3112940372794349
    outer loop
      vertex -0.0036869963577815463 0.0011989794511880192 0.0067997502854892184
      vertex -0.003400000035762787 0.0011287131905555726 0.0064012503623962404
      vertex -0.003400000035762787 0.0020202810655940663 0.009058901179920543
    endloop
  endfacet
  facet normal 0.9872007679786996 0.030933039122610743 -0.15645379763017825
    outer loop
      vertex 0.0014555623070760207 0.031925794167952104 -0.0070059785626151345
      vertex 0.0019448448980555815 0.02688656540477977 -0.004915000305456274
      vertex 0.0015377182289958 0.028745028376579284 -0.00711646717786789
    endloop
  endfacet
  facet normal 0.0795708412292412 0.7689066698005825 0.634390269756913
    outer loop
      vertex 0.0015377182289958 0.028745028376579284 -0.00711646717786789
      vertex 0.0019448448980555815 0.02688656540477977 -0.004915000305456274
      vertex 0.002993772625923157 0.027004014253616333 -0.005188918858766556
    endloop
  endfacet
  facet normal -0.19111538678845907 -0.3919651289775279 -0.8999101325123124
    outer loop
      vertex 0.0019448448980555815 0.02688656540477977 -0.004915000305456274
      vertex 0.0014555623070760207 0.031925794167952104 -0.0070059785626151345
      vertex 0.002993772625923157 0.027004014253616333 -0.005188918858766556
    endloop
  endfacet
  facet normal -0.8147725871584128 -0.041133533035794645 0.5783196898560341
    outer loop
      vertex 0.002993772625923157 0.027004014253616333 -0.005188918858766556
      vertex 0.0014555623070760207 0.031925794167952104 -0.0070059785626151345
      vertex 0.0015377182289958 0.028745028376579284 -0.00711646717786789
    endloop
  endfacet
  facet normal 0.8498241518995755 -0.2718568455897094 0.45154486638005314
    outer loop
      vertex 0.0062751240674623725 0.02733116290912554 0.001846429633433253
      vertex 0.005799944514536675 0.026916652581163943 0.002491175287779961
      vertex 0.006544950619787618 0.026347515163503494 0.0007463916720494691
    endloop
  endfacet
  facet normal -0.951298672783331 0.07377584824283 -0.2993124778166184
    outer loop
      vertex 0.0062751240674623725 0.02733116290912554 0.001846429633433253
      vertex 0.006544950619787618 0.026347515163503494 0.0007463916720494691
      vertex 0.005736934442810601 0.021672861455055665 0.0021622637307583377
    endloop
  endfacet
  facet normal 0.7305951770967605 -0.0314179439909345 0.6820876776473359
    outer loop
      vertex 0.0062751240674623725 0.02733116290912554 0.001846429633433253
      vertex 0.005736934442810601 0.021672861455055665 0.0021622637307583377
      vertex 0.006153563697313525 0.02235714238943513 0.0017475243458121095
    endloop
  endfacet
  facet normal 0.9645472660393198 -0.028788997159819668 0.26233521536119697
    outer loop
      vertex 0.006153563697313525 0.02235714238943513 0.0017475243458121095
      vertex 0.006544950619787618 0.026347515163503494 0.0007463916720494691
      vertex 0.0062751240674623725 0.02733116290912554 0.001846429633433253
    endloop
  endfacet
  facet normal 0.31248252316169167 0.8895054902267981 -0.3333686481582904
    outer loop
      vertex -0.0011823277175426483 0.0167057466506958 -0.008079013824462892
      vertex -0.0028325989141183743 0.017442065827986773 -0.007661220957251156
      vertex -0.0003038843162357806 0.016726586818695068 -0.007199999988079072
    endloop
  endfacet
  facet normal 0.0014108069061910353 0.9996836743834593 -0.025110969616069637
    outer loop
      vertex -0.0011823277175426483 0.0167057466506958 -0.008079013824462892
      vertex -0.0003038843162357806 0.016726586818695068 -0.007199999988079072
      vertex 0.0017768301611596885 0.01670322028073398 -0.008013336170803416
    endloop
  endfacet
  facet normal -0.2203823941583418 0.779623186888839 -0.5861904867961675
    outer loop
      vertex 0.0017768301611596885 0.01670322028073398 -0.008013336170803416
      vertex -0.0003038843162357806 0.016726586818695068 -0.007199999988079072
      vertex 0.0019509231637824668 0.01735030076720498 -0.007218181816014377
    endloop
  endfacet
  facet normal -0.19277222536812283 0.78131903084059 -0.5936155668216114
    outer loop
      vertex 0.0017768301611596885 0.01670322028073398 -0.008013336170803416
      vertex 0.0019509231637824668 0.01735030076720498 -0.007218181816014377
      vertex 0.003366363495588303 0.017388833761215212 -0.007627118229866027
    endloop
  endfacet
  facet normal -0.2785918156312203 0.06316826543815568 -0.958329990402489
    outer loop
      vertex 0.003366363495588303 0.017388833761215212 -0.007627118229866027
      vertex 0.0019509231637824668 0.01735030076720498 -0.007218181816014377
      vertex 0.0034157311011637956 0.020554146213190898 -0.0074328282794782095
    endloop
  endfacet
  facet normal -0.7722735222940779 -0.5732722791385725 0.2737745436207775
    outer loop
      vertex 0.0034157311011637956 0.020554146213190898 -0.0074328282794782095
      vertex 0.0019710154831409457 0.02261155962944031 -0.007199999988079072
      vertex 0.0011696197092533112 0.02329939842224121 -0.008020302057266235
    endloop
  endfacet
  facet normal 0.2043873961591434 -0.6425586279309042 -0.7384742392005554
    outer loop
      vertex 0.0011696197092533112 0.02329939842224121 -0.008020302057266235
      vertex 0.0019710154831409457 0.02261155962944031 -0.007199999988079072
      vertex -0.000317027881697175 0.02171958872250148 -0.007057142768587386
    endloop
  endfacet
  facet normal -8.235732134052283e-05 -0.5204960354147263 -0.853864081885884
    outer loop
      vertex 0.0011696197092533112 0.02329939842224121 -0.008020302057266235
      vertex -0.000317027881697175 0.02171958872250148 -0.007057142768587386
      vertex -0.0011694170534610748 0.02329885721206665 -0.008019746541976928
    endloop
  endfacet
  facet normal 0.2552968458258382 -0.3990095766289308 -0.8806900012318635
    outer loop
      vertex -0.0011694170534610748 0.02329885721206665 -0.008019746541976928
      vertex -0.000317027881697175 0.02171958872250148 -0.007057142768587386
      vertex -0.003191415385620014 0.020641882161836368 -0.0074021073128726035
    endloop
  endfacet
  facet normal -0.02412123907428294 -0.006239489602785033 -0.9996895691138415
    outer loop
      vertex -0.005087181383913213 0.04057654575868087 0.007830480445515027
      vertex -0.0031999999284744265 0.041371822357177734 0.007779981493949891
      vertex -0.003593238949775696 0.03688224633534749 0.007817491213480632
    endloop
  endfacet
  facet normal 0.44048281853073035 0.181218975123749 -0.8792807115104493
    outer loop
      vertex -0.005087181383913213 0.04057654575868087 0.007830480445515027
      vertex -0.003593238949775696 0.03688224633534749 0.007817491213480632
      vertex -0.004448899924755096 0.0376803708076477 0.007553333640098571
    endloop
  endfacet
  facet normal 0.6765019660188595 0.5715735603408972 -0.4643799684437829
    outer loop
      vertex -0.004448899924755096 0.0376803708076477 0.007553333640098571
      vertex -0.003593238949775696 0.03688224633534749 0.007817491213480632
      vertex -0.0031999999284744265 0.03510014057159424 0.006196883916854859
    endloop
  endfacet
  facet normal 0.0031038598404097084 0.4665000463724363 -0.8845157278356366
    outer loop
      vertex -0.004448899924755096 0.0376803708076477 0.007553333640098571
      vertex -0.0031999999284744265 0.03510014057159424 0.006196883916854859
      vertex -0.005212703347206116 0.03507322549819946 0.006175625920295715
    endloop
  endfacet
  facet normal -0.0035761637663327007 0.7706934098957821 -0.6371961071726101
    outer loop
      vertex -0.005212703347206116 0.03507322549819946 0.006175625920295715
      vertex -0.0031999999284744265 0.03510014057159424 0.006196883916854859
      vertex -0.0031999999284744265 0.03299261331558227 0.0036478140950202942
    endloop
  endfacet
  facet normal -0.6130478881810196 0.296604980628206 -0.7322552644148989
    outer loop
      vertex -0.005212703347206116 0.03507322549819946 0.006175625920295715
      vertex -0.0031999999284744265 0.03299261331558227 0.0036478140950202942
      vertex -0.005362538656880778 0.03307492963729366 0.005491645470742257
    endloop
  endfacet
  facet normal -0.14928915533292292 0.9644290135492327 -0.21815000784881114
    outer loop
      vertex -0.005362538656880778 0.03307492963729366 0.005491645470742257
      vertex -0.0031999999284744265 0.03299261331558227 0.0036478140950202942
      vertex -0.0061348607142766316 0.032615792927918615 0.003990359913419794
    endloop
  endfacet
  facet normal -0.13452347334794693 0.9887863245688704 -0.06484627563698964
    outer loop
      vertex -0.0061348607142766316 0.032615792927918615 0.003990359913419794
      vertex -0.0031999999284744265 0.03299261331558227 0.0036478140950202942
      vertex -0.0070426239569981895 0.03224631210168203 0.00023961060059567293
    endloop
  endfacet
  facet normal 0.048497046194626685 0.962883911970275 -0.26552327314044566
    outer loop
      vertex -0.0070426239569981895 0.03224631210168203 0.00023961060059567293
      vertex -0.0031999999284744265 0.03299261331558227 0.0036478140950202942
      vertex -0.0031999999284744265 0.03211336612701416 0.0004593441635370255
    endloop
  endfacet
  facet normal 0.02304117631234742 0.9813553770384443 0.19081595360943004
    outer loop
      vertex -0.0070426239569981895 0.03224631210168203 0.00023961060059567293
      vertex -0.0031999999284744265 0.03211336612701416 0.0004593441635370255
      vertex -0.006637665867805481 0.03286735200881958 -0.003003260612487793
    endloop
  endfacet
  facet normal 0.06342336630661928 0.9863716848224334 0.15181691601033864
    outer loop
      vertex -0.006637665867805481 0.03286735200881958 -0.003003260612487793
      vertex -0.0031999999284744265 0.03211336612701416 0.0004593441635370255
      vertex -0.0031999999284744265 0.03261651039123535 -0.002809641063213348
    endloop
  endfacet
  facet normal 0.024141318117400525 0.7968376326545624 0.6037110102897141
    outer loop
      vertex -0.006637665867805481 0.03286735200881958 -0.003003260612487793
      vertex -0.0031999999284744265 0.03261651039123535 -0.002809641063213348
      vertex -0.0068446796919618335 0.034650906239237105 -0.005349094165222986
    endloop
  endfacet
  facet normal 0.08958061113280727 0.8360866878682818 0.5412341124490578
    outer loop
      vertex -0.0068446796919618335 0.034650906239237105 -0.005349094165222986
      vertex -0.0031999999284744265 0.03261651039123535 -0.002809641063213348
      vertex -0.0031999999284744265 0.03441385746002197 -0.005586143732070923
    endloop
  endfacet
  facet normal -0.08958061113280727 0.8360866878682817 0.5412341124490578
    outer loop
      vertex 0.0031999999284744265 0.03441385746002197 -0.005586143732070923
      vertex 0.0031999999284744265 0.03261651039123535 -0.002809641063213348
      vertex 0.0068446796919618335 0.034650906239237105 -0.005349094165222986
    endloop
  endfacet
  facet normal -0.024141318117400525 0.7968376326545623 0.6037110102897141
    outer loop
      vertex 0.0068446796919618335 0.034650906239237105 -0.005349094165222986
      vertex 0.0031999999284744265 0.03261651039123535 -0.002809641063213348
      vertex 0.006637665867805481 0.03286735200881958 -0.003003260612487793
    endloop
  endfacet
  facet normal -0.06342336630661928 0.9863716848224334 0.15181691601033864
    outer loop
      vertex 0.006637665867805481 0.03286735200881958 -0.003003260612487793
      vertex 0.0031999999284744265 0.03261651039123535 -0.002809641063213348
      vertex 0.0031999999284744265 0.03211336612701416 0.0004593441635370255
    endloop
  endfacet
  facet normal 0.26407181601057267 0.8540684165716477 0.44814419086235685
    outer loop
      vertex 0.006637665867805481 0.03286735200881958 -0.003003260612487793
      vertex 0.0031999999284744265 0.03211336612701416 0.0004593441635370255
      vertex 0.006927148309247248 0.03089885666452605 0.0005776974372565747
    endloop
  endfacet
  facet normal 0.3069948987907383 0.9174669243300918 -0.2529991598340714
    outer loop
      vertex 0.006927148309247248 0.03089885666452605 0.0005776974372565747
      vertex 0.0031999999284744265 0.03211336612701416 0.0004593441635370255
      vertex 0.0031999999284744265 0.03299261331558227 0.0036478140950202942
    endloop
  endfacet
  facet normal 0.33131204002383297 0.9167863337640062 -0.22301378961579557
    outer loop
      vertex 0.006927148309247248 0.03089885666452605 0.0005776974372565747
      vertex 0.0031999999284744265 0.03299261331558227 0.0036478140950202942
      vertex 0.006123833176162508 0.03197952283753289 0.0038267880181471503
    endloop
  endfacet
  facet normal 0.25220587842908937 0.5927559308818917 -0.7648742388720864
    outer loop
      vertex 0.006123833176162508 0.03197952283753289 0.0038267880181471503
      vertex 0.0031999999284744265 0.03299261331558227 0.0036478140950202942
      vertex 0.005622773170471191 0.034262826442718504 0.005431066751480103
    endloop
  endfacet
  facet normal 0.06480467871563836 0.7690783051966418 -0.6358607662786124
    outer loop
      vertex 0.005622773170471191 0.034262826442718504 0.005431066751480103
      vertex 0.0031999999284744265 0.03299261331558227 0.0036478140950202942
      vertex 0.0031999999284744265 0.03510014057159424 0.006196883916854859
    endloop
  endfacet
  facet normal -0.092766537769001 0.5124020264392223 -0.8537204066738306
    outer loop
      vertex 0.005622773170471191 0.034262826442718504 0.005431066751480103
      vertex 0.0031999999284744265 0.03510014057159424 0.006196883916854859
      vertex 0.004667671414522024 0.03705251436967116 0.007209217089873094
    endloop
  endfacet
  facet normal -0.34194785435539077 0.6222051851965759 -0.7042246604715281
    outer loop
      vertex 0.004667671414522024 0.03705251436967116 0.007209217089873094
      vertex 0.0031999999284744265 0.03510014057159424 0.006196883916854859
      vertex 0.0035703275203704836 0.03720635805130005 0.007877976298332215
    endloop
  endfacet
  facet normal -0.5260512084123906 -0.0667139132570468 -0.8478321649393793
    outer loop
      vertex 0.004667671414522024 0.03705251436967116 0.007209217089873094
      vertex 0.0035703275203704836 0.03720635805130005 0.007877976298332215
      vertex 0.0031999999284744265 0.041371822357177734 0.007779981493949891
    endloop
  endfacet
  facet normal 0.0 0.13100373634877877 -0.9913818744876565
    outer loop
      vertex 0.004667671414522024 0.03705251436967116 0.007209217089873094
      vertex 0.0031999999284744265 0.041371822357177734 0.007779981493949891
      vertex 0.0054261207580566405 0.041371822357177734 0.007779981493949891
    endloop
  endfacet
  facet normal 0.8551920524660344 -0.24330713175929156 0.457655102707266
    outer loop
      vertex 0.005736934442810601 0.021672861455055665 0.0021622637307583377
      vertex 0.006423385136098746 0.02123508681255172 0.0006467974640617903
      vertex 0.006153563697313525 0.02235714238943513 0.0017475243458121095
    endloop
  endfacet
  facet normal 0.17659060960540865 -0.5865792754086476 -0.7904052822826123
    outer loop
      vertex 0.005736934442810601 0.021672861455055665 0.0021622637307583377
      vertex 0.006153563697313525 0.02235714238943513 0.0017475243458121095
      vertex 0.005696535769737128 0.020409711490977894 0.0030906527241071065
    endloop
  endfacet
endsolid phalanx
