# https://github.com/mikedh/trimesh
v -0.01865000 0.00336944 0.27044235
v 0.01888949 0.00331921 0.26993234
v 0.01888949 0.00336944 0.27044235
v -0.01865000 0.00360834 0.26847880
v 0.01888949 0.00384992 0.26802682
v 0.01888949 0.00360834 0.26847880
v -0.01865000 0.00393658 0.26789714
v 0.01888949 0.00426170 0.26750097
v 0.01888949 0.00393658 0.26789714
v -0.01865000 0.00437200 0.26739067
v 0.01888949 0.00476815 0.26706555
v 0.01888949 0.00437200 0.26739067
v -0.01865000 0.00489786 0.26697891
v 0.01888949 0.00534982 0.26673733
v 0.01888949 0.00489786 0.26697891
v -0.01865000 0.00549394 0.26667761
v 0.01888949 0.00598436 0.26652887
v 0.01888949 0.00549394 0.26667761
v -0.01865000 0.00613735 0.26649841
v 0.01888949 0.00664736 0.26644817
v 0.01888949 0.00613735 0.26649841
v -0.01865000 0.00680336 0.26644817
v 0.01888949 0.00731337 0.26649841
v 0.01888949 0.00680336 0.26644817
v -0.01865000 0.00746637 0.26652887
v 0.01888949 0.00795678 0.26667761
v 0.01888949 0.00746637 0.26652887
v -0.01865000 0.00810090 0.26673733
v 0.01888949 0.00855286 0.26697891
v 0.01888949 0.00810090 0.26673733
v -0.01865000 0.00868256 0.26706555
v 0.01888949 0.00907872 0.26739067
v 0.01888949 0.00868256 0.26706555
v -0.01865000 0.00918902 0.26750097
v 0.01888949 0.00951414 0.26789714
v 0.01888949 0.00918902 0.26750097
v 0.01888949 0.00960080 0.26802685
v -0.01865000 0.00984238 0.26847880
v 0.01888949 0.00984238 0.26847880
v -0.01865000 0.00990208 0.26862291
v 0.01888949 0.01005084 0.26911333
v 0.01888949 0.00990208 0.26862291
v -0.01865000 0.01008128 0.26926633
v 0.01888949 0.01013151 0.26977634
v 0.01888949 0.01008128 0.26926633
v -0.01865000 0.01013151 0.26993234
v 0.01888949 0.01008127 0.27044235
v 0.01888949 0.01013151 0.26993234
v -0.01865000 0.01005084 0.27059535
v 0.01888949 0.00990208 0.27108577
v 0.01888949 0.01005084 0.27059535
v -0.01865000 0.00984238 0.27122987
v 0.01888949 0.00960080 0.27168186
v 0.01888949 0.00984238 0.27122987
v -0.01865000 0.00951413 0.27181153
v 0.01888949 0.00918902 0.27220771
v 0.01888949 0.00951413 0.27181153
v -0.01865000 0.00907871 0.27231801
v 0.01888949 0.00868256 0.27264313
v 0.01888949 0.00907871 0.27231801
v 0.01888949 0.00855286 0.27272977
v -0.01865000 0.00810089 0.27297134
v 0.01888949 0.00810089 0.27297138
v -0.01865000 0.00795677 0.27303107
v 0.01888949 0.00746636 0.27317981
v 0.01888949 0.00795677 0.27303107
v -0.01865000 0.00731336 0.27321026
v 0.01888949 0.00680335 0.27326050
v 0.01888949 0.00731336 0.27321026
v -0.01865000 0.00664736 0.27326050
v 0.01888949 0.00613735 0.27321026
v 0.01888949 0.00664736 0.27326050
v -0.01865000 0.00598435 0.27317981
v 0.01888949 0.00549394 0.27303107
v 0.01888949 0.00598435 0.27317981
v -0.01865000 0.00534982 0.27297134
v 0.01888949 0.00489785 0.27272977
v 0.01888949 0.00534982 0.27297134
v -0.01865000 0.00476815 0.27264310
v 0.01888949 0.00437200 0.27231801
v 0.01888949 0.00476815 0.27264313
v -0.01865000 0.00426169 0.27220770
v 0.01888949 0.00393658 0.27181153
v 0.01888949 0.00426169 0.27220770
v -0.01865000 0.00384992 0.27168182
v 0.01888949 0.00360833 0.27122987
v 0.01888949 0.00384992 0.27168182
v -0.01865000 0.00354864 0.27108574
v 0.01888949 0.00339987 0.27059535
v 0.01888949 0.00354864 0.27108577
v -0.01865000 0.00339987 0.26911333
v 0.01888949 0.00354864 0.26862291
v 0.01888949 0.00339987 0.26911333
v -0.01909104 0.00544908 0.27293554
v -0.01909104 0.00980657 0.27113062
v -0.01909104 0.00800164 0.26677314
v -0.01865000 0.00331921 0.26977633
v 0.01888949 0.00336944 0.26926632
v 0.01888949 0.00331921 0.26977633
v 0.01933053 0.00339028 0.26985434
v -0.01909104 0.00339028 0.26985434
v -0.01865000 0.00331921 0.26993234
v 0.01933053 0.00345437 0.26920369
v -0.01909104 0.00345437 0.26920369
v -0.01865000 0.00336944 0.26926632
v 0.01933053 0.00364415 0.26857806
v -0.01909104 0.00364415 0.26857806
v -0.01865000 0.00354864 0.26862291
v 0.01933053 0.00395235 0.26800147
v -0.01909104 0.00395235 0.26800147
v -0.01865000 0.00384992 0.26802682
v 0.01933053 0.00436710 0.26749609
v -0.01909104 0.00436710 0.26749609
v -0.01865000 0.00426170 0.26750097
v 0.01933053 0.00487249 0.26708132
v -0.01909104 0.00487249 0.26708132
v -0.01865000 0.00476815 0.26706555
v 0.01933053 0.00544908 0.26677314
v -0.01909104 0.00544908 0.26677314
v -0.01865000 0.00534982 0.26673733
v 0.01933053 0.00607472 0.26658333
v -0.01909104 0.00607472 0.26658333
v -0.01865000 0.00598436 0.26652887
v 0.01933053 0.00672536 0.26651926
v -0.01909104 0.00672536 0.26651926
v -0.01865000 0.00664736 0.26644817
v 0.01933053 0.00737600 0.26658333
v -0.01909104 0.00737600 0.26658333
v -0.01865000 0.00731337 0.26649841
v 0.01933053 0.00800164 0.26677314
v -0.01865000 0.00795678 0.26667761
v 0.01933053 0.00857823 0.26708132
v -0.01909104 0.00857823 0.26708132
v -0.01865000 0.00855286 0.26697891
v 0.01933053 0.00908361 0.26749609
v -0.01909104 0.00908361 0.26749609
v -0.01865000 0.00907872 0.26739067
v 0.01933053 0.00949838 0.26800147
v -0.01909104 0.00949838 0.26800147
v -0.01865000 0.00960080 0.26802682
v -0.01865000 0.00951414 0.26789714
v 0.01933053 0.00980657 0.26857806
v -0.01909104 0.00980657 0.26857806
v 0.01933053 0.00999635 0.26920369
v -0.01909104 0.00999635 0.26920369
v -0.01865000 0.01005084 0.26911333
v 0.01933053 0.01006044 0.26985434
v -0.01909104 0.01006044 0.26985434
v -0.01865000 0.01013151 0.26977634
v 0.01933053 0.00999635 0.27050498
v -0.01909104 0.00999635 0.27050498
v -0.01865000 0.01008127 0.27044235
v 0.01933053 0.00980657 0.27113062
v -0.01865000 0.00990208 0.27108577
v 0.01933053 0.00949837 0.27170721
v -0.01909104 0.00949837 0.27170721
v -0.01865000 0.00960080 0.27168186
v 0.01933053 0.00908361 0.27221259
v -0.01909104 0.00908361 0.27221259
v -0.01865000 0.00918902 0.27220771
v 0.01933053 0.00857823 0.27262735
v -0.01909104 0.00857823 0.27262735
v -0.01865000 0.00855286 0.27272977
v -0.01865000 0.00868256 0.27264313
v 0.01933053 0.00800164 0.27293554
v -0.01909104 0.00800164 0.27293554
v 0.01933053 0.00737600 0.27312534
v -0.01909104 0.00737600 0.27312534
v -0.01865000 0.00746636 0.27317981
v 0.01933053 0.00672536 0.27318942
v -0.01909104 0.00672536 0.27318942
v -0.01865000 0.00680335 0.27326050
v 0.01933053 0.00607471 0.27312534
v -0.01909104 0.00607471 0.27312534
v -0.01865000 0.00613735 0.27321026
v 0.01933053 0.00544908 0.27293554
v -0.01865000 0.00549394 0.27303107
v 0.01933053 0.00487248 0.27262735
v -0.01909104 0.00487248 0.27262735
v -0.01865000 0.00489785 0.27272977
v 0.01933053 0.00436710 0.27221259
v -0.01909104 0.00436710 0.27221259
v -0.01865000 0.00437200 0.27231801
v 0.01933053 0.00395234 0.27170721
v -0.01909104 0.00395234 0.27170721
v -0.01865000 0.00393658 0.27181153
v 0.01933053 0.00364415 0.27113062
v -0.01909104 0.00364415 0.27113062
v -0.01865000 0.00360833 0.27122987
v 0.01933053 0.00345436 0.27050498
v -0.01909104 0.00345436 0.27050498
v -0.01865000 0.00339987 0.27059535
v -0.01641385 -0.01914952 0.26900781
v -0.01394032 -0.02218595 0.26899119
v -0.01463981 -0.02308262 0.26976247
v 0.00095726 -0.03054346 0.27791082
v 0.00328247 -0.03022160 0.27785251
v 0.00095728 -0.03042974 0.27789903
v -0.01690043 -0.01251703 0.26814848
v -0.01605927 -0.01713771 0.26825456
v -0.01674064 -0.01747344 0.26869734
v -0.00319021 -0.03191589 0.27195294
v -0.00068674 -0.03149572 0.27722193
v -0.00341256 -0.03111232 0.27714553
v -0.01698846 -0.01090711 0.26777325
v -0.01654110 -0.00682803 0.26662011
v -0.01631033 -0.01097608 0.26763118
v -0.01718134 -0.00519154 0.26641312
v -0.01646820 0.00791967 0.26524044
v -0.01656658 -0.00519041 0.26641161
v -0.01646149 0.01042641 0.26649137
v -0.01724696 0.00941135 0.26566726
v -0.01734704 0.01042814 0.26647165
v 0.01750945 0.00941135 0.26566726
v 0.01672398 0.01042641 0.26649137
v 0.01760953 0.01042814 0.26647165
v 0.01716292 -0.01251703 0.26814848
v 0.01632175 -0.01713772 0.26825456
v 0.01652472 -0.01262862 0.26781551
v 0.01667632 -0.01914951 0.26900781
v 0.01420279 -0.02218596 0.26899122
v 0.01589041 -0.01874381 0.26839742
v 0.00328867 -0.03132260 0.27074796
v 0.00095696 -0.03035520 0.27014120
v 0.00307753 -0.03014932 0.27014007
v 0.01400224 -0.02460215 0.27007334
v 0.01144502 -0.02519384 0.26944943
v 0.01315773 -0.02352050 0.26918945
v -0.01058516 -0.02781555 0.27057581
v -0.00791883 -0.02847009 0.26995963
v -0.00833434 -0.02958204 0.27066164
v 0.01084765 -0.02781555 0.27057581
v 0.00818130 -0.02847010 0.26995963
v 0.01020149 -0.02642521 0.26965254
v -0.01373975 -0.02460214 0.27007334
v -0.01118255 -0.02519383 0.26944940
v -0.01183792 -0.02660987 0.27042328
v 0.00713328 -0.03036167 0.27070280
v 0.00470173 -0.02985381 0.27009700
v 0.00672659 -0.02926890 0.27004868
v -0.01813470 -0.00498750 0.27579103
v -0.01646260 0.00890588 0.27452849
v -0.01809398 0.00892201 0.27434898
v 0.01822178 -0.01212236 0.27607755
v 0.01680764 -0.00665633 0.27600043
v 0.01663086 -0.01224269 0.27613208
v -0.01551257 -0.02386149 0.27694085
v -0.01579393 -0.01975093 0.27647303
v -0.01742350 -0.02029261 0.27655298
v 0.01577503 -0.02386151 0.27694082
v 0.01605640 -0.01975094 0.27647303
v 0.01439800 -0.02292669 0.27681268
v -0.01802513 0.01029097 0.27364650
v -0.01646099 0.01104625 0.27291967
v -0.01793112 0.01105102 0.27277340
v 0.01818083 -0.01378036 0.27615893
v 0.01648822 -0.01815809 0.27636746
v 0.01807253 -0.01868610 0.27641826
v -0.00302005 -0.03022068 0.27785912
v -0.00069479 -0.03042974 0.27789903
v -0.00302002 -0.03022159 0.27785251
v 0.01672348 0.01104623 0.27291967
v 0.01828762 0.01029096 0.27364650
v 0.01819361 0.01105102 0.27277340
v 0.01269695 -0.02721362 0.27741005
v 0.01342464 -0.02425197 0.27697663
v 0.01163266 -0.02600979 0.27723692
v -0.00873315 -0.02920364 0.27769463
v -0.01012192 -0.02708032 0.27739543
v -0.01104772 -0.02812827 0.27754054
v 0.00899561 -0.02920366 0.27769460
v 0.01038438 -0.02708033 0.27739546
v 0.00844904 -0.02852709 0.27759995
v -0.01243449 -0.02721360 0.27741002
v -0.01316218 -0.02425195 0.27697663
v -0.01451676 -0.02517102 0.27710759
v 0.00500067 -0.02997332 0.27781323
v 0.00697031 -0.02931485 0.27771554
v 0.00495267 -0.02987666 0.27780199
v -0.01791835 -0.01378036 0.27615890
v -0.01622575 -0.01815808 0.27636746
v -0.01632232 -0.01390249 0.27617468
v -0.01795930 -0.01212236 0.27607752
v -0.01654516 -0.00665633 0.27600043
v -0.01811367 -0.00663494 0.27590972
v -0.00473822 -0.02997331 0.27781326
v -0.00670785 -0.02931485 0.27771551
v -0.00696088 -0.02962834 0.27775739
v -0.00621514 -0.02860138 0.27679659
v -0.00430549 -0.02913353 0.27053384
v -0.00621514 -0.02860138 0.27045505
v -0.01572031 -0.00668121 0.27523153
v -0.01554726 -0.01118231 0.26817741
v -0.01571419 -0.00681992 0.26745361
v 0.01526073 -0.01939055 0.27560059
v 0.01370030 -0.02172701 0.26933719
v 0.01371483 -0.02237348 0.27591034
v -0.01564447 0.00930827 0.27375330
v -0.01564498 0.00847108 0.26602142
v -0.01563607 0.01104576 0.26965880
v -0.00268710 -0.02942969 0.27691982
v -0.00069143 -0.02961025 0.27060382
v -0.00268710 -0.02942969 0.27057709
v 0.01598279 -0.00668121 0.27523153
v 0.01580975 -0.01118231 0.26817741
v 0.01580276 -0.01218416 0.27532315
v -0.01499826 -0.01939053 0.27560059
v -0.01343783 -0.02172699 0.26933719
v -0.01501225 -0.01855988 0.26877431
v 0.01575710 -0.01385741 0.27536358
v 0.01566751 -0.01696161 0.26857545
v 0.01566801 -0.01781175 0.27550065
v -0.01779666 0.01169356 0.27134059
v -0.01646209 0.01180480 0.27033956
v -0.01770630 0.01181614 0.27025505
v 0.01273289 -0.02369830 0.27607498
v 0.01110245 -0.02462487 0.26983762
v 0.01109571 -0.02529773 0.27631268
v 0.00294955 -0.02942970 0.27691982
v 0.00095392 -0.02961025 0.27060382
v 0.00095392 -0.02961025 0.27694655
v 0.00983316 -0.02638051 0.27647644
v 0.00785405 -0.02779223 0.27033755
v 0.00793513 -0.02788537 0.27668801
v -0.00957069 -0.02638050 0.27647644
v -0.00759160 -0.02779222 0.27033755
v -0.00965046 -0.02579733 0.27002730
v 0.00647760 -0.02860139 0.27679659
v 0.00456794 -0.02913353 0.27053384
v 0.00456794 -0.02913354 0.27687537
v -0.01247042 -0.02369829 0.27607498
v -0.01083999 -0.02462486 0.26983759
v -0.01246374 -0.02305819 0.26956242
v -0.01549462 -0.01385741 0.27536358
v -0.01540504 -0.01696159 0.26857545
v -0.01549512 -0.01287293 0.26834345
v 0.01590696 0.00930827 0.27375330
v 0.01589856 0.01104576 0.26965880
v 0.01590747 0.00847108 0.26602142
v 0.01744382 -0.00519154 0.26641312
v 0.01673069 0.00791967 0.26524044
v 0.01744877 0.00793147 0.26523916
v -0.01810544 0.00851971 0.26600965
v -0.01881770 0.00934524 0.27338545
v -0.01845361 0.01107978 0.26947119
v -0.01787837 -0.01084629 0.26895341
v -0.01885445 -0.00664236 0.27503105
v -0.01805062 -0.00681270 0.26761885
v -0.01754564 -0.01799137 0.27006295
v -0.01863259 -0.01359392 0.27531307
v -0.01778027 -0.01257100 0.26930335
v -0.01521241 -0.02385262 0.27112739
v -0.01807615 -0.02042867 0.27577609
v -0.01715969 -0.01960361 0.27031652
v -0.01222078 -0.02740577 0.27171162
v -0.01508996 -0.02556893 0.27635922
v -0.01431088 -0.02520607 0.27135448
v -0.01100862 -0.02851684 0.27182956
v -0.00917316 -0.02994280 0.27695935
v -0.01153992 -0.02869796 0.27681289
v -0.00718916 -0.03095835 0.27194809
v -0.00504768 -0.03087276 0.27710120
v -0.00760596 -0.03041812 0.27702702
v 0.00345269 -0.03191589 0.27195294
v 0.00094923 -0.03149572 0.27722193
v 0.00094748 -0.03229618 0.27199000
v -0.00687080 -0.03036167 0.27070280
v -0.00443926 -0.02985381 0.27009700
v -0.00464013 -0.03096965 0.27073419
v 0.00745164 -0.03095835 0.27194809
v 0.00531014 -0.03087277 0.27710120
v 0.00506796 -0.03156501 0.27194221
v 0.01127111 -0.02851684 0.27182956
v 0.00943562 -0.02994281 0.27695935
v 0.00890340 -0.03022177 0.27192252
v 0.01248326 -0.02740577 0.27171162
v 0.01535243 -0.02556895 0.27635919
v 0.01313795 -0.02777349 0.27667965
v 0.01547489 -0.02385262 0.27112739
v 0.01833862 -0.02042869 0.27577609
v 0.01632879 -0.02426533 0.27619089
v 0.01780812 -0.01799137 0.27006295
v 0.01889507 -0.01359392 0.27531307
v 0.01874815 -0.01885234 0.27563540
v 0.01814085 -0.01084629 0.26895341
v 0.01911693 -0.00664236 0.27503105
v 0.01893775 -0.01190734 0.27523431
v 0.01836793 0.00851971 0.26600965
v 0.01871610 0.01107978 0.26947119
v 0.01908019 0.00934524 0.27338545
v -0.01756612 0.01164744 0.26865747
v -0.01646184 0.01132732 0.26779407
v -0.01748281 0.01134823 0.26775332
v 0.01672458 0.01180480 0.27033956
v 0.01805915 0.01169356 0.27134059
v 0.01796879 0.01181614 0.27025505
v 0.01839719 -0.00498750 0.27579103
v 0.01672508 0.00890588 0.27452846
v 0.01682739 -0.00500769 0.27590747
v 0.01725095 -0.01090711 0.26777325
v 0.01680358 -0.00682802 0.26662014
v 0.01740022 -0.00679797 0.26674763
v 0.01672433 0.01132732 0.26779407
v 0.01782861 0.01164744 0.26865747
v 0.01774529 0.01134822 0.26775332
v 0.00095607 -0.03167134 0.27080762
v -0.00068500 -0.03229618 0.27199000
v -0.00069358 -0.03167135 0.27080759
v -0.00302620 -0.03132261 0.27074793
v -0.00864091 -0.03022177 0.27192252
v -0.01713773 -0.00679797 0.26674763
v -0.01809157 -0.00517201 0.26723898
v -0.01718628 0.00793147 0.26523916
v 0.01835405 -0.00517201 0.26723898
v 0.01700312 -0.01747345 0.26869734
v 0.01490229 -0.02308263 0.26976244
v 0.01210040 -0.02660987 0.27042328
v 0.00859682 -0.02958205 0.27066164
v 0.00490261 -0.03096966 0.27073419
v -0.01287548 -0.02777348 0.27667965
v 0.01477923 -0.02517104 0.27710759
v 0.01180239 -0.02869798 0.27681289
v 0.00367502 -0.03111233 0.27714553
v 0.00328250 -0.03022069 0.27785912
v -0.01781005 -0.01868608 0.27641826
v 0.01835647 0.00892202 0.27434898
v 0.01913699 -0.00499304 0.27490942
v 0.00786842 -0.03041812 0.27702702
v 0.01672273 0.01026594 0.27381706
v -0.01137020 -0.02600977 0.27723692
v -0.01636838 -0.01224269 0.27613208
v -0.01554027 -0.01218416 0.27532315
v -0.01656490 -0.00500769 0.27590747
v -0.00430549 -0.02913353 0.27687537
v -0.00767267 -0.02788535 0.27668801
v -0.01413553 -0.02292667 0.27681271
v -0.01345236 -0.02237347 0.27591034
v -0.01646024 0.01026594 0.27381706
v 0.01600331 -0.00503104 0.27513575
v -0.00069448 -0.03035520 0.27014120
v -0.00993902 -0.02642520 0.26965250
v -0.01626223 -0.01262862 0.26781554
v -0.01574050 -0.00517213 0.26723670
v 0.01657281 -0.01097608 0.26763118
v 0.01272620 -0.02305820 0.26956245
v 0.00991293 -0.02579734 0.27002733
v -0.00281507 -0.03014932 0.27014007
v -0.00646413 -0.02926890 0.27004868
v -0.01289526 -0.02352050 0.26918941
v -0.01562793 -0.01874380 0.26839745
v -0.01646204 0.00938663 0.26568431
v 0.01672453 0.00938664 0.26568431
v 0.01600298 -0.00517213 0.26723670
v 0.01682906 -0.00519041 0.26641164
v 0.00647760 -0.02860139 0.27045505
v -0.01646166 0.01163971 0.26873015
v 0.01672415 0.01163971 0.26873015
v -0.01825296 0.01039373 0.26744363
v -0.01563607 0.01035007 0.26752999
v -0.01563607 0.01078156 0.27202244
v -0.01646210 0.01167546 0.27146416
v -0.01868415 0.01081706 0.27172787
v 0.01851545 0.01039373 0.26744363
v 0.01589856 0.01035007 0.26752999
v 0.01894664 0.01081706 0.27172787
v 0.01672459 0.01167546 0.27146416
v 0.01589856 0.01078156 0.27202244
v -0.00480547 -0.03156502 0.27194221
v 0.01831311 -0.00681270 0.26761885
v 0.01804276 -0.01257100 0.26930335
v 0.01742218 -0.01960362 0.27031652
v 0.01457337 -0.02520608 0.27135448
v -0.01867526 -0.01190733 0.27523431
v -0.01887451 -0.00499304 0.27490942
v -0.01606631 -0.02426532 0.27619092
v -0.01848567 -0.01885233 0.27563540
v 0.01837616 -0.00663494 0.27590972
v 0.01768598 -0.02029264 0.27655295
v 0.01131018 -0.02812829 0.27754057
v 0.00722333 -0.02962835 0.27775739
v -0.00469022 -0.02987665 0.27780199
v -0.01083325 -0.02529772 0.27631265
v -0.01540554 -0.01781174 0.27550065
v -0.01574082 -0.00503104 0.27513575
v 0.01658480 -0.01390249 0.27617468
v -0.00818658 -0.02852708 0.27759995
v -0.00069478 -0.03054345 0.27791086
v 0.00294955 -0.02942970 0.27057709
v 0.01597667 -0.00681992 0.26745361
v 0.01575760 -0.01287293 0.26834345
v 0.01527473 -0.01855989 0.26877431
v -0.00069143 -0.02961025 0.27694655
v -0.01207320 -0.01611282 0.27499029
v -0.01107679 -0.01874194 0.27728103
v -0.01281776 -0.01538373 0.27699162
v 0.00024495 -0.02456860 0.27812833
v 0.00257011 -0.02216465 0.27783671
v 0.00024495 -0.02239193 0.27786485
v -0.01236178 -0.00985171 0.27385530
v -0.01287737 -0.01514117 0.27695923
v -0.01306653 -0.00965101 0.27605921
v -0.00539088 -0.02514135 0.27499029
v -0.00307216 -0.02442428 0.27798980
v -0.00578051 -0.02361024 0.27788945
v -0.01257013 -0.00556592 0.27383245
v -0.01307245 -0.00940257 0.27602769
v -0.01311603 -0.00485855 0.27564266
v -0.01258051 0.00035658 0.27369157
v -0.01320144 -0.00464828 0.27549330
v -0.01307219 0.00036116 0.27499512
v -0.01298820 0.00397727 0.27420334
v -0.01307206 0.00436822 0.27670901
v -0.01287761 0.00577137 0.27430528
v -0.01300287 0.00422890 0.27422816
v 0.01331920 0.00413196 0.27694777
v 0.01324236 0.00564555 0.27429899
v 0.01332527 0.00592813 0.27671211
v 0.01280961 -0.00556592 0.27383245
v 0.01331194 -0.00940257 0.27602769
v 0.01261224 -0.00960263 0.27383245
v 0.01260127 -0.00985171 0.27385530
v 0.01311685 -0.01514118 0.27695923
v 0.01236639 -0.01586015 0.27496729
v 0.01231269 -0.01611282 0.27499029
v 0.01131626 -0.01874195 0.27728103
v 0.01059009 -0.02063977 0.27499029
v 0.00286682 -0.02595401 0.27499029
v 0.00024441 -0.02474789 0.27803058
v 0.00024446 -0.02621228 0.27499029
v 0.01042114 -0.02091000 0.27499029
v 0.00895633 -0.02128731 0.27759798
v 0.00840054 -0.02301045 0.27499029
v -0.00794802 -0.02320298 0.27499029
v -0.00600509 -0.02349244 0.27787145
v -0.00851531 -0.02147324 0.27762274
v 0.00818751 -0.02320298 0.27499029
v 0.00624455 -0.02349245 0.27787145
v 0.00586064 -0.02502056 0.27499029
v -0.01018165 -0.02091000 0.27499029
v -0.00871685 -0.02128729 0.27759798
v -0.01090099 -0.01897958 0.27731346
v 0.00563036 -0.02514135 0.27499029
v 0.00331162 -0.02442429 0.27798980
v 0.00311399 -0.02590468 0.27499029
v 0.01339788 0.00035105 0.27495530
v 0.01135706 -0.00463821 0.27574232
v 0.01344093 -0.00464828 0.27549330
v -0.01070187 0.00419939 0.27667039
v -0.01294682 0.00591074 0.27658087
v -0.01111758 -0.00463821 0.27574232
v -0.01091519 0.00057756 0.27540825
v 0.01135496 -0.00488771 0.27576476
v 0.01120054 -0.00956694 0.27619427
v -0.01099747 -0.01859535 0.27738908
v -0.01079959 -0.01465825 0.27690767
v 0.01123694 -0.01859536 0.27738908
v 0.01103906 -0.01465826 0.27690771
v 0.00952063 -0.01733729 0.27723924
v 0.01330602 -0.00965101 0.27605921
v 0.01110875 -0.01441932 0.27687575
v -0.00000546 -0.02456860 0.27812833
v -0.00233065 -0.02216465 0.27783671
v -0.00280567 -0.02429489 0.27809443
v 0.01128690 0.00057494 0.27530449
v 0.01108900 -0.01879588 0.27741390
v 0.00754368 -0.01947580 0.27750392
v 0.00889231 -0.02112382 0.27770199
v -0.00847005 -0.02129464 0.27772315
v -0.00503418 -0.02132781 0.27773313
v -0.00711995 -0.01964482 0.27752486
v 0.00870952 -0.02129465 0.27772315
v 0.00527364 -0.02132782 0.27773313
v 0.00620361 -0.02331663 0.27797340
v -0.01084953 -0.01879586 0.27741390
v -0.00730421 -0.01947579 0.27750392
v -0.00913305 -0.01753768 0.27726406
v 0.00329092 -0.02424698 0.27808849
v 0.00505129 -0.02144266 0.27774737
v 0.00281566 -0.02211570 0.27783064
v -0.01086928 -0.01441931 0.27687575
v -0.01095441 -0.00981703 0.27622332
v -0.01111548 -0.00488771 0.27576480
v -0.00305145 -0.02424697 0.27808849
v -0.00481182 -0.02144266 0.27774734
v -0.00574407 -0.02343636 0.27798817
v -0.00475969 -0.02132846 0.27760828
v -0.00254878 -0.02199405 0.27439471
v -0.00475969 -0.02132846 0.27431235
v -0.01099034 -0.00488985 0.27564689
v -0.01083543 -0.00957758 0.27277615
v -0.01099034 -0.00488985 0.27235184
v 0.01092019 -0.01461449 0.27677671
v 0.00941900 -0.01726310 0.27380982
v 0.00941900 -0.01726310 0.27710449
v -0.01099262 -0.00463952 0.27232930
v -0.01078947 0.00053153 0.27184424
v -0.00230428 -0.02204233 0.27769670
v -0.00000487 -0.02226709 0.27442841
v -0.00230428 -0.02204233 0.27440062
v 0.01122983 -0.00488985 0.27564689
v 0.01107492 -0.00957758 0.27277615
v 0.01107492 -0.00957758 0.27607123
v -0.01068072 -0.01461448 0.27677671
v -0.00917953 -0.01726309 0.27380982
v -0.01068072 -0.01461448 0.27348204
v 0.01106847 -0.00982790 0.27609952
v 0.01098425 -0.01438038 0.27345137
v 0.01098425 -0.01438038 0.27674491
v 0.01123210 -0.00463952 0.27232930
v 0.01123210 -0.00463952 0.27562438
v 0.00927134 -0.01746309 0.27712947
v 0.00746355 -0.01937890 0.27407146
v 0.00746355 -0.01937890 0.27736657
v 0.00254374 -0.02204233 0.27769670
v 0.00024435 -0.02226709 0.27442841
v 0.00024435 -0.02226709 0.27772449
v 0.00728017 -0.01954859 0.27738770
v 0.00521648 -0.02121375 0.27429842
v 0.00521648 -0.02121375 0.27759378
v -0.00704070 -0.01954858 0.27738770
v -0.00497702 -0.02121374 0.27429842
v -0.00704070 -0.01954858 0.27409234
v 0.00499915 -0.02132847 0.27760828
v 0.00278824 -0.02199406 0.27439471
v 0.00278824 -0.02199406 0.27769063
v -0.00903187 -0.01746308 0.27712947
v -0.00722407 -0.01937889 0.27407146
v -0.00903187 -0.01746308 0.27383436
v -0.01082898 -0.00982790 0.27609952
v -0.01074477 -0.01438037 0.27345137
v -0.01082898 -0.00982790 0.27280598
v -0.00678568 -0.01959421 0.27397243
v 0.00507457 -0.02116812 0.27416721
v 0.00702515 -0.01959422 0.27397240
v -0.00904457 -0.01724776 0.27368202
v 0.01076785 -0.01462982 0.27335800
v -0.01052838 -0.01462981 0.27335800
v -0.01070378 -0.00982668 0.27267934
v 0.01085900 -0.01438160 0.27332507
v 0.01094326 -0.00982669 0.27267931
v 0.01110689 -0.00464001 0.27220364
v 0.01112021 0.00056746 0.27183629
v -0.00403551 -0.02141663 0.27419795
v 0.00264978 -0.02190590 0.27425852
v 0.00427498 -0.02141663 0.27419795
v -0.01071015 -0.00957802 0.27265045
v 0.01110457 -0.00488941 0.27222611
v -0.01086508 -0.00488941 0.27222608
v -0.00708386 -0.01934570 0.27394166
v 0.00906848 -0.01749628 0.27371276
v -0.00882901 -0.01749627 0.27371276
v 0.01282000 0.00035658 0.27369157
v 0.01281626 -0.00529963 0.27382923
v 0.01322769 0.00397727 0.27420334
v 0.01283465 0.00060679 0.27370694
v 0.01116819 0.00427855 0.27664219
v -0.00865284 -0.02112381 0.27770199
v 0.00304513 -0.02429490 0.27809443
v 0.00598353 -0.02343637 0.27798817
v -0.00000546 -0.02239193 0.27786482
v -0.01096105 -0.00956694 0.27619427
v -0.01083543 -0.00957758 0.27607123
v -0.00257620 -0.02211569 0.27783067
v -0.00254878 -0.02199405 0.27769063
v -0.00928116 -0.01733729 0.27723927
v -0.00917953 -0.01726309 0.27710449
v 0.00011976 -0.02215441 0.27428925
v 0.01094963 -0.00957802 0.27265045
v 0.00927134 -0.01746309 0.27383436
v 0.00928404 -0.01724777 0.27368202
v 0.00732333 -0.01934571 0.27394166
v 0.00728017 -0.01954859 0.27409234
v 0.00254374 -0.02204233 0.27440062
v -0.00241032 -0.02190589 0.27425852
v -0.00483510 -0.02116811 0.27416721
v -0.01061952 -0.01438158 0.27332507
v 0.01092019 -0.01461449 0.27348204
v 0.00499915 -0.02132847 0.27431235
v 0.01114046 -0.01897959 0.27731346
v 0.00306534 -0.02447260 0.27799665
v -0.00816106 -0.02301043 0.27499029
v -0.00000492 -0.02474790 0.27803058
v -0.01257677 -0.00529963 0.27382923
v 0.00875477 -0.02147324 0.27762270
v -0.00282587 -0.02447260 0.27799665
v -0.00596414 -0.02331663 0.27797337
v 0.01312186 -0.01547157 0.27688038
v 0.00601997 -0.02361025 0.27788945
v -0.01035061 -0.02063977 0.27499029
v -0.01212690 -0.01586015 0.27496729
v -0.01259516 0.00060679 0.27370694
v 0.01343798 -0.00490529 0.27552150
v -0.00287450 -0.02590469 0.27499029
v -0.00562115 -0.02502055 0.27499029
v 0.01324236 0.00422890 0.27422816
v 0.00937252 -0.01753769 0.27726406
v -0.00000487 -0.02226709 0.27772449
v -0.00497702 -0.02121374 0.27759378
v -0.00722408 -0.01937889 0.27736657
v -0.01074477 -0.01438037 0.27674491
v -0.01099262 -0.00463952 0.27562438
v 0.01119389 -0.00981703 0.27622332
v 0.00735942 -0.01964483 0.27752483
v -0.01086741 -0.00464001 0.27220364
v 0.01122983 -0.00488985 0.27235184
v 0.01106847 -0.00982790 0.27280598
v -0.00262733 -0.02595400 0.27499029
v -0.01237275 -0.00960263 0.27383245
v -0.00000497 -0.02621229 0.27499029
v -0.01595357 0.00413010 0.27578007
v 0.01619306 0.00414436 0.27563534
v 0.01619306 0.00413010 0.27578007
v -0.01595357 0.00414436 0.27563534
v 0.01619306 0.00418657 0.27549618
v -0.01595357 0.00418657 0.27549618
v 0.01619306 0.00425513 0.27536791
v -0.01595357 0.00425513 0.27536791
v 0.01619306 0.00434739 0.27525551
v -0.01595357 0.00434739 0.27525548
v 0.01619306 0.00445981 0.27516323
v -0.01595357 0.00445981 0.27516323
v 0.01619306 0.00458807 0.27509469
v -0.01595357 0.00458807 0.27509469
v 0.01619306 0.00472724 0.27505246
v -0.01595357 0.00472724 0.27505246
v 0.01619306 0.00487197 0.27503822
v -0.01595357 0.00487197 0.27503819
v 0.01619306 0.00501670 0.27505246
v -0.01595357 0.00501670 0.27505246
v 0.01619306 0.00515588 0.27509469
v -0.01595357 0.00515588 0.27509469
v 0.01619306 0.00528413 0.27516323
v -0.01595357 0.00528413 0.27516323
v 0.01619306 0.00539655 0.27525551
v -0.01595357 0.00539655 0.27525548
v 0.01619306 0.00548882 0.27536791
v -0.01595357 0.00548882 0.27536791
v 0.01619306 0.00555737 0.27549618
v -0.01595357 0.00555737 0.27549618
v 0.01619306 0.00559959 0.27563534
v -0.01595357 0.00559959 0.27563534
v 0.01619306 0.00561384 0.27578008
v -0.01595357 0.00561384 0.27578008
v 0.01619306 0.00559959 0.27592481
v -0.01595357 0.00559959 0.27592481
v 0.01619306 0.00555737 0.27606397
v -0.01595357 0.00555737 0.27606397
v 0.01619306 0.00548881 0.27619224
v -0.01595357 0.00548881 0.27619224
v 0.01619306 0.00539655 0.27630467
v -0.01595357 0.00539655 0.27630464
v 0.01619306 0.00528413 0.27639692
v -0.01595357 0.00528413 0.27639692
v 0.01619306 0.00515588 0.27646546
v -0.01595357 0.00515588 0.27646546
v 0.01619306 0.00501670 0.27650769
v -0.01595357 0.00501670 0.27650769
v 0.01619306 0.00487197 0.27652196
v -0.01595357 0.00487197 0.27652193
v 0.01619306 0.00472724 0.27650769
v -0.01595357 0.00472724 0.27650769
v 0.01619306 0.00458807 0.27646546
v -0.01595357 0.00458807 0.27646546
v 0.01619306 0.00445981 0.27639692
v -0.01595357 0.00445981 0.27639692
v 0.01619306 0.00434739 0.27630464
v -0.01595357 0.00434739 0.27630464
v 0.01619306 0.00425513 0.27619224
v -0.01595357 0.00425513 0.27619224
v 0.01619306 0.00418657 0.27606397
v -0.01595357 0.00418657 0.27606397
v 0.01619306 0.00414436 0.27592481
v -0.01595357 0.00414436 0.27592481
v -0.01776104 -0.01694563 0.26649346
v 0.01800053 -0.01698261 0.26611795
v 0.01800053 -0.01694563 0.26649346
v -0.01776104 -0.01678864 0.26514281
v 0.01800053 -0.01661078 0.26481002
v 0.01800053 -0.01678864 0.26514281
v -0.01776104 -0.01656514 0.26474172
v 0.01800053 -0.01632577 0.26445007
v 0.01800053 -0.01656514 0.26474172
v -0.01776104 -0.01626769 0.26439197
v 0.01800053 -0.01597602 0.26415262
v 0.01800053 -0.01626769 0.26439197
v -0.01776104 -0.01590773 0.26410698
v 0.01800053 -0.01557496 0.26392913
v 0.01800053 -0.01590773 0.26410698
v -0.01776104 -0.01549908 0.26389767
v 0.01800053 -0.01513801 0.26378815
v 0.01800053 -0.01549908 0.26389767
v -0.01776104 -0.01505745 0.26377213
v 0.01800053 -0.01468194 0.26373516
v 0.01800053 -0.01505745 0.26377213
v -0.01776104 -0.01459981 0.26373516
v 0.01800053 -0.01422431 0.26377213
v 0.01800053 -0.01459981 0.26373516
v -0.01776104 -0.01414375 0.26378815
v 0.01800053 -0.01378268 0.26389767
v 0.01800053 -0.01414375 0.26378815
v -0.01776104 -0.01370679 0.26392913
v 0.01800053 -0.01337402 0.26410698
v 0.01800053 -0.01370679 0.26392913
v -0.01776104 -0.01330573 0.26415262
v 0.01800053 -0.01301406 0.26439197
v 0.01800053 -0.01330573 0.26415262
v -0.01776104 -0.01295598 0.26445007
v 0.01800053 -0.01271661 0.26474172
v 0.01800053 -0.01295598 0.26445007
v -0.01776104 -0.01267098 0.26481002
v 0.01800053 -0.01249311 0.26514281
v 0.01800053 -0.01267098 0.26481002
v -0.01776104 -0.01246168 0.26521869
v 0.01800053 -0.01235215 0.26557977
v 0.01800053 -0.01246168 0.26521869
v -0.01776104 -0.01233612 0.26566030
v 0.01800053 -0.01229914 0.26603582
v 0.01800053 -0.01233612 0.26566030
v -0.01776104 -0.01229914 0.26611795
v 0.01800053 -0.01233612 0.26649346
v 0.01800053 -0.01229914 0.26611795
v -0.01776104 -0.01235215 0.26657400
v 0.01800053 -0.01246168 0.26693509
v 0.01800053 -0.01235215 0.26657400
v -0.01776104 -0.01249311 0.26701096
v 0.01800053 -0.01267098 0.26734375
v 0.01800053 -0.01249311 0.26701096
v -0.01776104 -0.01271661 0.26741204
v 0.01800053 -0.01295598 0.26770370
v 0.01800053 -0.01271661 0.26741204
v -0.01776104 -0.01301406 0.26776180
v 0.01800053 -0.01330573 0.26800115
v 0.01800053 -0.01301406 0.26776180
v -0.01776104 -0.01337403 0.26804679
v 0.01800053 -0.01370679 0.26822464
v 0.01800053 -0.01337403 0.26804679
v -0.01776104 -0.01378268 0.26825609
v 0.01800053 -0.01414375 0.26836562
v 0.01800053 -0.01378268 0.26825609
v -0.01776104 -0.01422431 0.26838164
v 0.01800053 -0.01459981 0.26841861
v 0.01800053 -0.01422431 0.26838164
v -0.01776104 -0.01468195 0.26841861
v 0.01800053 -0.01505745 0.26838164
v 0.01800053 -0.01468195 0.26841861
v -0.01776104 -0.01513801 0.26836561
v 0.01800053 -0.01549908 0.26825609
v 0.01800053 -0.01513801 0.26836561
v -0.01776104 -0.01557496 0.26822464
v 0.01800053 -0.01590773 0.26804679
v 0.01800053 -0.01557496 0.26822464
v -0.01776104 -0.01597602 0.26800115
v 0.01800053 -0.01626770 0.26776179
v 0.01800053 -0.01597602 0.26800115
v -0.01776104 -0.01632578 0.26770370
v 0.01800053 -0.01656514 0.26741204
v 0.01800053 -0.01632578 0.26770370
v -0.01776104 -0.01661078 0.26734375
v 0.01800053 -0.01678864 0.26701096
v 0.01800053 -0.01661078 0.26734375
v -0.01776104 -0.01682008 0.26693508
v 0.01800053 -0.01692961 0.26657400
v 0.01800053 -0.01682008 0.26693508
v -0.01776104 -0.01692961 0.26557977
v 0.01800053 -0.01682008 0.26521868
v 0.01800053 -0.01692961 0.26557977
v -0.01808123 -0.01552270 0.26820580
v -0.01808123 -0.01251197 0.26695872
v -0.01808123 -0.01375905 0.26394797
v -0.01776104 -0.01698261 0.26603582
v 0.01800053 -0.01694563 0.26566030
v 0.01800053 -0.01698261 0.26603582
v 0.01832072 -0.01694519 0.26607688
v -0.01808123 -0.01694519 0.26607688
v -0.01776104 -0.01698261 0.26611795
v 0.01832072 -0.01690091 0.26562735
v -0.01808123 -0.01690091 0.26562735
v -0.01776104 -0.01694563 0.26566030
v 0.01832072 -0.01676979 0.26519505
v -0.01808123 -0.01676979 0.26519505
v -0.01776104 -0.01682008 0.26521868
v 0.01832072 -0.01655685 0.26479669
v -0.01808123 -0.01655685 0.26479669
v -0.01776104 -0.01661078 0.26481002
v 0.01832072 -0.01627027 0.26444750
v -0.01808123 -0.01627027 0.26444750
v -0.01776104 -0.01632577 0.26445007
v 0.01832072 -0.01592108 0.26416091
v -0.01808123 -0.01592108 0.26416091
v -0.01776104 -0.01597602 0.26415262
v 0.01832072 -0.01552270 0.26394797
v -0.01808123 -0.01552270 0.26394797
v -0.01776104 -0.01557496 0.26392913
v 0.01832072 -0.01509042 0.26381685
v -0.01808123 -0.01509042 0.26381685
v -0.01776104 -0.01513801 0.26378815
v 0.01832072 -0.01464088 0.26377256
v -0.01808123 -0.01464088 0.26377256
v -0.01776104 -0.01468194 0.26373516
v 0.01832072 -0.01419133 0.26381685
v -0.01808123 -0.01419133 0.26381685
v -0.01776104 -0.01422431 0.26377213
v 0.01832072 -0.01375905 0.26394797
v -0.01776104 -0.01378268 0.26389767
v 0.01832072 -0.01336067 0.26416091
v -0.01808123 -0.01336067 0.26416091
v -0.01776104 -0.01337402 0.26410698
v 0.01832072 -0.01301148 0.26444750
v -0.01808123 -0.01301148 0.26444750
v -0.01776104 -0.01301406 0.26439197
v 0.01832072 -0.01272491 0.26479669
v -0.01808123 -0.01272491 0.26479669
v -0.01776104 -0.01271661 0.26474172
v 0.01832072 -0.01251197 0.26519505
v -0.01808123 -0.01251197 0.26519505
v -0.01776104 -0.01249311 0.26514281
v 0.01832072 -0.01238084 0.26562735
v -0.01808123 -0.01238084 0.26562735
v -0.01776104 -0.01235215 0.26557977
v 0.01832072 -0.01233656 0.26607689
v -0.01808123 -0.01233656 0.26607689
v -0.01776104 -0.01229914 0.26603582
v 0.01832072 -0.01238084 0.26652642
v -0.01808123 -0.01238084 0.26652642
v -0.01776104 -0.01233612 0.26649346
v 0.01832072 -0.01251197 0.26695872
v -0.01776104 -0.01246168 0.26693509
v 0.01832072 -0.01272491 0.26735711
v -0.01808123 -0.01272491 0.26735708
v -0.01776104 -0.01267098 0.26734375
v 0.01832072 -0.01301148 0.26770627
v -0.01808123 -0.01301148 0.26770627
v -0.01776104 -0.01295598 0.26770370
v 0.01832072 -0.01336067 0.26799286
v -0.01808123 -0.01336067 0.26799286
v -0.01776104 -0.01330573 0.26800115
v 0.01832072 -0.01375905 0.26820580
v -0.01808123 -0.01375905 0.26820580
v -0.01776104 -0.01370679 0.26822464
v 0.01832072 -0.01419133 0.26833691
v -0.01808123 -0.01419133 0.26833691
v -0.01776104 -0.01414375 0.26836562
v 0.01832072 -0.01464088 0.26838120
v -0.01808123 -0.01464088 0.26838120
v -0.01776104 -0.01459981 0.26841861
v 0.01832072 -0.01509043 0.26833691
v -0.01808123 -0.01509043 0.26833691
v -0.01776104 -0.01505745 0.26838164
v 0.01832072 -0.01552270 0.26820580
v -0.01776104 -0.01549908 0.26825609
v 0.01832072 -0.01592109 0.26799286
v -0.01808123 -0.01592109 0.26799286
v -0.01776104 -0.01590773 0.26804679
v 0.01832072 -0.01627027 0.26770627
v -0.01808123 -0.01627027 0.26770627
v -0.01776104 -0.01626770 0.26776176
v 0.01832072 -0.01655685 0.26735708
v -0.01808123 -0.01655685 0.26735708
v -0.01776104 -0.01656514 0.26741204
v 0.01832072 -0.01676979 0.26695871
v -0.01808123 -0.01676979 0.26695871
v -0.01776104 -0.01678864 0.26701096
v 0.01832072 -0.01690091 0.26652642
v -0.01808123 -0.01690091 0.26652642
v -0.01776104 -0.01692961 0.26657400
v -0.00745263 0.01560568 0.27649420
v -0.00459907 0.01230252 0.27707946
v -0.00312501 0.02241842 0.27528709
v -0.00018997 0.01145616 0.27735575
v 0.00042946 0.01145616 0.27735575
v 0.00011974 0.01145141 0.27723026
v -0.00123661 0.01150379 0.27734733
v -0.00149099 0.01152472 0.27721730
v -0.00184414 0.01155964 0.27733744
v -0.00285056 0.01170072 0.27731239
v -0.00312948 0.01178088 0.27717189
v -0.00342284 0.01184558 0.27728673
v -0.00435036 0.01219406 0.27722500
v -0.00486540 0.01241589 0.27718569
v -0.00567837 0.01281706 0.27711461
v -0.00582499 0.01292999 0.27696828
v -0.00611638 0.01309797 0.27706484
v -0.00678357 0.01364609 0.27696771
v -0.00694835 0.01393958 0.27678939
v -0.00712771 0.01411961 0.27688383
v -0.00762348 0.01517167 0.27669740
v -0.00786053 0.01568734 0.27660604
v -0.00816582 0.01637791 0.27648368
v -0.00819264 0.01654689 0.27632743
v -0.00828667 0.01679604 0.27640959
v -0.00838975 0.01751846 0.27628161
v -0.00835916 0.01771311 0.27612082
v -0.00838975 0.01794623 0.27620583
v -0.00828667 0.01866939 0.27607765
v -0.00819634 0.01884915 0.27591949
v -0.00816582 0.01908097 0.27600472
v -0.00786053 0.01974870 0.27588644
v -0.00771697 0.01990324 0.27573272
v -0.00762348 0.02012764 0.27581926
v -0.00712771 0.02074048 0.27571071
v -0.00693232 0.02085087 0.27556482
v -0.00678357 0.02104936 0.27565597
v -0.00611638 0.02148031 0.27557963
v -0.00585645 0.02156245 0.27543874
v -0.00567837 0.02169907 0.27554085
v -0.00486540 0.02200738 0.27548623
v -0.00457521 0.02206022 0.27535054
v -0.00435036 0.02216641 0.27545802
v -0.00342284 0.02239551 0.27541746
v -0.00285056 0.02250505 0.27539805
v -0.00184414 0.02264613 0.27537304
v -0.00153443 0.02264139 0.27524756
v -0.00123661 0.02270197 0.27536315
v -0.00018997 0.02274961 0.27535473
v 0.00011974 0.02271667 0.27523426
v 0.00042946 0.02274961 0.27535473
v 0.00147610 0.02270197 0.27536315
v 0.00177391 0.02264139 0.27524756
v 0.00208363 0.02264613 0.27537304
v 0.00309004 0.02250505 0.27539805
v 0.00336450 0.02241842 0.27528709
v 0.00366233 0.02239551 0.27541746
v 0.00458984 0.02216642 0.27545802
v 0.00481469 0.02206022 0.27535054
v 0.00510489 0.02200738 0.27548623
v 0.00591786 0.02169907 0.27554085
v 0.00609594 0.02156245 0.27543874
v 0.00635587 0.02148031 0.27557963
v 0.00702306 0.02104936 0.27565597
v 0.00717181 0.02085088 0.27556482
v 0.00736720 0.02074048 0.27571071
v 0.00786297 0.02012764 0.27581926
v 0.00795645 0.01990324 0.27573272
v 0.00810001 0.01974870 0.27588644
v 0.00840531 0.01908097 0.27600472
v 0.00843583 0.01884915 0.27591949
v 0.00852615 0.01866939 0.27607765
v 0.00862924 0.01794623 0.27620583
v 0.00859864 0.01771311 0.27612078
v 0.00862924 0.01751846 0.27628161
v 0.00852615 0.01679604 0.27640959
v 0.00843212 0.01654689 0.27632743
v 0.00840531 0.01637791 0.27648368
v 0.00810001 0.01568734 0.27660604
v 0.00769211 0.01560568 0.27649420
v 0.00786297 0.01517167 0.27669740
v 0.00736720 0.01411961 0.27688383
v 0.00718784 0.01393958 0.27678939
v 0.00702306 0.01364609 0.27696771
v 0.00635587 0.01309797 0.27706484
v 0.00606448 0.01292999 0.27696828
v 0.00591786 0.01281706 0.27711461
v 0.00510489 0.01241589 0.27718569
v 0.00483856 0.01230253 0.27707946
v 0.00458984 0.01219406 0.27722500
v 0.00366233 0.01184558 0.27728673
v 0.00336896 0.01178088 0.27717189
v 0.00309004 0.01170071 0.27731239
v 0.00147610 0.01150379 0.27734733
v 0.00208363 0.01155964 0.27733744
v 0.00173048 0.01152472 0.27721730
v -0.02933606 -0.00860594 0.25489568
v -0.02990727 -0.00475949 0.25608883
v -0.03046291 -0.00489119 0.25489568
v -0.03090896 -0.00302423 0.25489568
v -0.03071880 -0.00040918 0.25608883
v -0.03128946 -0.00042995 0.25489568
v -0.03090897 0.00534416 0.25489568
v -0.03071881 0.00146017 0.25608883
v -0.03034522 0.00525320 0.25608883
v -0.02933606 0.01130136 0.25489569
v -0.02990728 0.00745491 0.25608883
v -0.02880090 0.01110217 0.25608883
v -0.02846110 0.01341371 0.25489569
v -0.02614517 0.01653748 0.25608883
v -0.02663119 0.01683725 0.25489569
v -0.02536094 0.01873831 0.25489569
v -0.02248009 0.02135024 0.25608883
v -0.02289829 0.02173906 0.25489569
v -0.02128157 0.02335579 0.25489569
v -0.01794651 0.02535550 0.25608884
v -0.01828082 0.02581844 0.25489569
v -0.01637976 0.02708869 0.25489569
v -0.01271866 0.02839934 0.25608884
v -0.01295622 0.02891861 0.25489569
v -0.00712913 0.03092043 0.25489569
v -0.01064468 0.02925841 0.25608884
v -0.00699743 0.03036479 0.25608884
v -0.00488667 0.03136648 0.25489569
v -0.00100268 0.03117633 0.25608884
v -0.00102345 0.03174698 0.25489569
v 0.00126294 0.03174698 0.25489569
v 0.00503520 0.03080274 0.25608884
v 0.00512616 0.03136648 0.25489569
v 0.01108336 0.02979357 0.25489569
v 0.00723691 0.03036479 0.25608884
v 0.01088417 0.02925840 0.25608884
v 0.01661924 0.02708869 0.25489569
v 0.01295814 0.02839934 0.25608884
v 0.01631947 0.02660267 0.25608884
v 0.02152105 0.02335579 0.25489569
v 0.01818600 0.02535550 0.25608884
v 0.02113223 0.02293758 0.25608884
v 0.02560042 0.01873831 0.25489569
v 0.02271958 0.02135024 0.25608883
v 0.02513748 0.01840400 0.25608883
v 0.02870059 0.01341371 0.25489569
v 0.02638465 0.01653748 0.25608883
v 0.02818132 0.01317614 0.25608883
v 0.03070240 0.00758661 0.25489568
v 0.02904038 0.01110217 0.25608883
v 0.03014676 0.00745491 0.25608883
v 0.03114845 0.00534416 0.25489568
v 0.03095829 0.00146017 0.25608883
v 0.03152894 0.00148095 0.25489568
v 0.03114845 -0.00302424 0.25489568
v 0.03095829 -0.00040918 0.25608883
v 0.03058470 -0.00293329 0.25608883
v 0.02957554 -0.00860594 0.25489568
v 0.03014675 -0.00475952 0.25608883
v 0.02904037 -0.00840677 0.25608883
v -0.00654675 0.02942055 0.25677269
v -0.00785880 0.02596524 0.25789056
v -0.00515547 0.02678528 0.25789056
v 0.01704196 -0.02712601 0.25708187
v 0.01569405 -0.02630950 0.25924459
v 0.01351032 -0.02846033 0.25924459
v -0.01292711 -0.03013779 0.25816850
v -0.01194065 -0.02962732 0.25930124
v -0.01528740 -0.02834959 0.25732999
v 0.01316659 -0.03013780 0.25816850
v 0.01218011 -0.02962733 0.25930124
v 0.00986871 -0.03142017 0.25949270
v -0.02840373 -0.01143494 0.25488873
v -0.02608780 -0.01720224 0.25608191
v -0.02792873 -0.01124800 0.25608723
v -0.01680251 -0.02712599 0.25708187
v -0.01545458 -0.02630948 0.25924459
v -0.01956217 -0.02477929 0.25708187
v -0.02104900 -0.02314011 0.25708187
v -0.01842326 -0.02038614 0.25924459
v -0.02331379 -0.01994752 0.25708187
v -0.02442659 -0.01725003 0.25702440
v -0.01961688 -0.01178071 0.25814224
v -0.02592228 -0.01132696 0.25683015
v 0.00731891 0.02486862 0.26087667
v 0.00452957 0.02426320 0.26978285
v 0.00678943 0.02358181 0.26984977
v 0.02283332 -0.02284652 0.25487158
v 0.02503549 -0.01982726 0.25609356
v 0.02265002 -0.02277038 0.25608332
v -0.00093161 0.03018069 0.25677269
v -0.00352357 0.02710989 0.25789056
v -0.00071219 0.02738679 0.25789056
v 0.01830367 -0.02688430 0.25485834
v 0.02107466 -0.02435486 0.25608031
v 0.01813649 -0.02676614 0.25608031
v 0.00117109 0.03018070 0.25677269
v 0.00376305 0.02710989 0.25789056
v 0.00472394 0.02983076 0.25677269
v -0.01401029 -0.03032278 0.25511791
v -0.01338448 -0.03028851 0.25737860
v -0.01431878 -0.03044649 0.25515281
v 0.01516572 -0.02994797 0.25510649
v 0.01660691 -0.02800990 0.25632843
v 0.01437614 -0.02980163 0.25716691
v 0.00678624 0.02942055 0.25677269
v 0.00809828 0.02596523 0.25789056
v 0.01020254 0.02838422 0.25677269
v -0.01806419 -0.02688430 0.25485834
v -0.02083519 -0.02435483 0.25608031
v -0.02102961 -0.02445064 0.25485834
v 0.01214518 0.02757955 0.25677269
v 0.01212690 0.02399681 0.25789056
v 0.01529366 0.02589665 0.25677269
v -0.02262730 -0.02285295 0.25485834
v -0.02482948 -0.01983367 0.25608031
v -0.02506096 -0.01988752 0.25485834
v 0.01704200 0.02472845 0.25677269
v 0.01569409 0.02128027 0.25789056
v 0.01980166 0.02246365 0.25677269
v -0.02664038 -0.00848709 0.25677269
v -0.02023342 -0.00512718 0.25789056
v -0.02757140 -0.00481338 0.25677269
v 0.02127464 0.02092776 0.25677269
v 0.01839715 0.01697928 0.25789056
v 0.02349264 0.01800233 0.25677269
v -0.02793661 -0.00299155 0.25677269
v -0.02043283 -0.00086586 0.25789056
v -0.02823973 -0.00050872 0.25677269
v 0.02460544 0.01614647 0.25677269
v 0.01979573 0.01176812 0.25789056
v 0.02614793 0.01280038 0.25677269
v -0.02823281 0.00131217 0.25677269
v -0.02022810 0.00415938 0.25789056
v -0.02790629 0.00498266 0.25677269
v 0.02687296 0.01074290 0.25677269
v 0.02034010 0.00619058 0.25789056
v 0.02778057 0.00713613 0.25677269
v -0.02663347 0.01074290 0.25677269
v -0.02010062 0.00619058 0.25789056
v -0.01984422 0.00972800 0.25789056
v 0.02847229 0.00131216 0.25677269
v 0.02046759 0.00415938 0.25789056
v 0.02064200 0.00083276 0.25789056
v -0.02436595 0.01614647 0.25677269
v -0.01955624 0.01176812 0.25789056
v -0.01883945 0.01512493 0.25789056
v 0.02817609 -0.00299156 0.25677269
v 0.02067232 -0.00086586 0.25789056
v 0.02060039 -0.00327942 0.25789056
v -0.02103516 0.02092776 0.25677269
v -0.01815766 0.01697928 0.25789056
v -0.01657049 0.01988893 0.25789056
v 0.02687986 -0.00848712 0.25677269
v 0.02047290 -0.00512719 0.25789056
v 0.02011402 -0.00895781 0.25789056
v -0.01680251 0.02472845 0.25677269
v -0.01545461 0.02128027 0.25789056
v -0.01327087 0.02307242 0.25789056
v 0.02466606 -0.01725006 0.25702440
v 0.01985636 -0.01178071 0.25814228
v 0.01934453 -0.01748955 0.25899287
v -0.01190570 0.02757955 0.25677269
v -0.01188742 0.02399682 0.25789056
v -0.00939601 0.02532850 0.25789056
v 0.02128846 -0.02314013 0.25708187
v 0.01866274 -0.02038615 0.25924459
v 0.01687059 -0.02446579 0.25924459
v -0.01661192 -0.02030522 0.26319047
v -0.01388321 -0.02250167 0.27462220
v -0.01538136 -0.01959315 0.27436215
v 0.00428823 -0.02869016 0.27882139
v 0.00572057 -0.02636960 0.27853912
v 0.00382286 -0.02694091 0.27860980
v 0.01095400 0.02309474 0.26091332
v 0.00807447 0.02305272 0.26990176
v 0.01015717 0.02194620 0.27001044
v -0.01714801 -0.01751923 0.26288748
v -0.01596225 -0.01280973 0.27338661
v -0.01734254 -0.01211930 0.26192286
v -0.00316767 -0.03284022 0.26342256
v -0.00057572 -0.03047024 0.27540114
v -0.00292589 -0.03024016 0.27537857
v 0.01417274 0.02064668 0.26096397
v 0.01131368 0.02117810 0.27008590
v 0.01313917 0.01968896 0.27023217
v -0.01745144 -0.00939114 0.26161530
v -0.01614794 -0.00676040 0.27275684
v -0.01762491 -0.00557178 0.26154046
v 0.01652515 0.01646347 0.26103436
v 0.01404820 0.01844797 0.27033596
v 0.01529459 0.01574341 0.27054042
v -0.01767568 -0.00365146 0.26149517
v -0.01615687 -0.00101496 0.27221569
v -0.01767376 -0.00098146 0.26141692
v 0.01750754 0.01133183 0.26113421
v 0.01576933 0.01401751 0.27068697
v 0.01612725 0.01088972 0.27097775
v -0.01751255 0.00391000 0.26170059
v -0.01611963 0.00092858 0.27242108
v -0.01601403 0.00389051 0.27345804
v 0.01770127 0.00587021 0.26165599
v 0.01623114 0.00899802 0.27156592
v 0.01622430 0.00573314 0.27326279
v -0.01746179 0.00587021 0.26165599
v -0.01599165 0.00899802 0.27156592
v -0.01741420 0.00932956 0.26126852
v 0.01775203 0.00391000 0.26170059
v 0.01635911 0.00092858 0.27242108
v 0.01787600 0.00074517 0.26146380
v -0.01726806 0.01133183 0.26113421
v -0.01552984 0.01401751 0.27068697
v -0.01682176 0.01463878 0.26106785
v 0.01791516 -0.00365146 0.26149517
v 0.01639636 -0.00101496 0.27221569
v 0.01641665 -0.00462084 0.27255843
v -0.01628567 0.01646347 0.26103436
v -0.01380872 0.01844797 0.27033596
v -0.01492035 0.01932268 0.26098769
v 0.01769093 -0.00939114 0.26161530
v 0.01638743 -0.00676040 0.27275684
v 0.01626838 -0.01038477 0.27308446
v -0.01393325 0.02064668 0.26096397
v -0.01107419 0.02117810 0.27008590
v -0.01196283 0.02226171 0.26093057
v 0.01738749 -0.01751924 0.26288748
v 0.01620174 -0.01280973 0.27338661
v 0.01609558 -0.01738004 0.27408001
v -0.01071452 0.02309475 0.26091332
v -0.00783499 0.02305272 0.26990176
v -0.00846648 0.02429482 0.26088853
v 0.01685140 -0.02030522 0.26319047
v 0.01412268 -0.02250168 0.27462220
v 0.01523432 -0.02432000 0.26324987
v -0.00707943 0.02486862 0.26087667
v -0.00429009 0.02426320 0.26978285
v -0.00464017 0.02560762 0.26086136
v -0.00053766 -0.02916186 0.27887980
v -0.00243782 -0.02716704 0.27863781
v -0.00275923 -0.02894471 0.27885291
v 0.01417271 -0.02611615 0.26328030
v 0.01131365 -0.02585961 0.27494581
v 0.01220229 -0.02817114 0.26332374
v -0.00316768 0.02590015 0.26085532
v -0.00057572 0.02476300 0.26973377
v -0.00063093 0.02614968 0.26085016
v -0.01311696 -0.02167763 0.27795355
v -0.01289726 -0.01849160 0.27756417
v -0.01453313 -0.01917901 0.27764433
v 0.01095397 -0.02930176 0.26334778
v 0.00807444 -0.02859338 0.27521641
v 0.00870593 -0.03106751 0.26338553
v 0.00340716 0.02590015 0.26085532
v 0.00081520 0.02476300 0.26973377
v 0.00316538 0.02453293 0.26975634
v -0.01393324 -0.02611613 0.26328030
v -0.01107418 -0.02585960 0.27494581
v -0.01289968 -0.02393259 0.27475544
v -0.00874020 0.01257034 0.27277152
v -0.00788391 0.01186258 0.26741311
v -0.00788391 0.01186258 0.27286902
v 0.00186053 0.00980412 0.27315248
v 0.00051725 0.00974261 0.26770505
v 0.00186053 0.00980412 0.26769657
v 0.00466642 0.02386792 0.27121579
v 0.00585682 0.02357211 0.26580063
v 0.00466642 0.02386792 0.26575988
v -0.00981817 0.01454021 0.27250027
v -0.00918188 0.01318176 0.26723144
v -0.00918188 0.01318176 0.27268736
v -0.00162105 0.00980412 0.27315248
v -0.00027776 0.00974261 0.26770505
v -0.00027776 0.00974261 0.27316097
v 0.01090881 0.01905660 0.27187836
v 0.01104111 0.01812284 0.26655100
v 0.01090881 0.01905661 0.26642245
v -0.01051423 0.01609776 0.27228580
v -0.01012240 0.01520607 0.26695268
v -0.01012240 0.01520607 0.27240859
v 0.00812340 0.02268618 0.27137852
v 0.00897969 0.02212972 0.26599926
v 0.00812339 0.02268618 0.26592261
v -0.01080163 0.01757048 0.27208297
v -0.01066932 0.01663767 0.26675555
v -0.01066932 0.01663766 0.27221146
v 0.00942137 0.02173089 0.27151008
v 0.01005766 0.02093956 0.26616315
v 0.00942137 0.02173089 0.26605417
v 0.00051725 0.02432515 0.27115281
v 0.00186053 0.02426364 0.26570538
v 0.00051725 0.02432515 0.26569690
v 0.01075371 0.01609776 0.27228580
v 0.01036189 0.01520607 0.26695268
v 0.01075371 0.01609776 0.26682989
v -0.01012241 0.02045026 0.27168643
v -0.01051423 0.01958806 0.26634927
v -0.01051423 0.01958806 0.27180515
v 0.01104111 0.01816193 0.27402574
v 0.01090881 0.01922322 0.27648011
v 0.01104111 0.01829404 0.27663787
v -0.00788391 0.02268618 0.27137852
v -0.00874020 0.02212972 0.26599926
v -0.00874020 0.02212972 0.27145518
v 0.01036189 0.02045026 0.27168643
v 0.01075371 0.01958806 0.26634927
v 0.01036189 0.02045026 0.26623051
v -0.00874020 0.02216432 0.27344537
v -0.00788391 0.02283493 0.27586678
v -0.00788391 0.02272015 0.27336476
v 0.00756124 0.01149986 0.27291895
v 0.00651784 0.01098186 0.26753440
v 0.00756124 0.01149986 0.26746304
v -0.00918189 0.02173089 0.27151008
v -0.00981817 0.02093956 0.26616315
v -0.00981817 0.02093956 0.27161904
v 0.01005765 0.01454021 0.27250027
v 0.00942137 0.01318176 0.26723144
v 0.01005765 0.01454021 0.26704439
v -0.00442693 0.02386792 0.27121579
v -0.00561733 0.02357211 0.26580063
v -0.00561733 0.02357211 0.27125651
v -0.00026144 0.01028894 0.27870227
v -0.00130808 0.01130343 0.27806990
v -0.00154958 0.01034756 0.27869185
v -0.00240077 0.02419153 0.27117122
v -0.00369244 0.02400937 0.26574041
v -0.00369244 0.02400937 0.27119632
v -0.00369244 0.01005839 0.27311746
v -0.00240078 0.00987622 0.26768665
v -0.00240078 0.00987622 0.27314256
v 0.00651784 0.01102898 0.27506010
v 0.00756124 0.01170365 0.27775702
v 0.00651784 0.01118820 0.27784454
v -0.00027776 0.02432515 0.27115281
v -0.00162104 0.02426364 0.26570538
v -0.00162104 0.02426364 0.27116130
v -0.00561733 0.01069542 0.27302975
v -0.00442693 0.01024545 0.26763578
v -0.00442693 0.01024545 0.27309170
v 0.00897969 0.01257034 0.27277152
v 0.00812339 0.01186258 0.26741311
v 0.00897969 0.01257034 0.26731564
v 0.00264026 0.02419153 0.27117122
v 0.00393193 0.02400937 0.26574041
v 0.00264026 0.02419154 0.26571530
v -0.00732176 0.01149986 0.27291895
v -0.00627836 0.01098186 0.26753440
v -0.00627836 0.01098185 0.27299031
v 0.00393193 0.01005839 0.27311746
v 0.00264026 0.00987622 0.26768665
v 0.00393193 0.01005839 0.26766154
v 0.00651784 0.02336676 0.27128478
v 0.00756124 0.02296865 0.26588373
v 0.00651784 0.02336676 0.26582889
v -0.00755533 0.02262610 0.27651627
v -0.00714731 0.02135195 0.27628946
v -0.00644496 0.02180561 0.27620905
v -0.00342284 0.02245917 0.27583304
v 0.01046588 0.01686096 0.27753779
v 0.00907760 0.01763500 0.27694803
v 0.00896908 0.01687452 0.27708278
v -0.00601569 0.02327479 0.27640136
v -0.00598387 0.02203590 0.27616824
v -0.00512807 0.02236046 0.27611074
v 0.00994141 0.01549644 0.27777956
v 0.00884187 0.01643436 0.27716078
v 0.00852049 0.01570741 0.27728958
v -0.00880002 0.02171556 0.27667762
v -0.00803147 0.02038167 0.27646137
v -0.00750958 0.02102680 0.27634709
v 0.00779481 0.01230958 0.27834422
v 0.00738679 0.01355861 0.27767032
v 0.00668445 0.01298161 0.27777258
v -0.00424027 0.02375248 0.27631670
v -0.00458588 0.02252786 0.27608109
v -0.00360950 0.02276903 0.27603837
v 0.00625518 0.01147013 0.27849299
v 0.00622336 0.01268590 0.27782494
v 0.00536755 0.01226360 0.27789978
v -0.00229730 0.02406092 0.27626208
v -0.00300706 0.02288434 0.27601793
v -0.00194762 0.02303286 0.27599164
v -0.00229730 0.01041629 0.27867970
v -0.00300706 0.01151073 0.27803315
v -0.00353594 0.01058992 0.27864893
v 0.00903950 0.01356697 0.27812142
v 0.00827095 0.01516456 0.27738577
v 0.00774906 0.01405708 0.27758202
v 0.00253679 0.02406093 0.27626204
v 0.00324654 0.02288434 0.27601796
v 0.00377542 0.02388729 0.27629281
v -0.00424027 0.01076822 0.27861735
v -0.00458588 0.01203008 0.27794116
v -0.00538181 0.01119710 0.27854135
v 0.00447976 0.01076821 0.27861735
v 0.00482537 0.01203007 0.27794116
v 0.00384899 0.01166323 0.27800614
v -0.00123661 0.01156746 0.27776287
v -0.00601570 0.01147012 0.27849296
v -0.00598387 0.01268590 0.27782494
v -0.00701625 0.01196385 0.27840548
v 0.00253679 0.01041629 0.27867967
v 0.00324655 0.01151073 0.27803318
v 0.00218711 0.01136222 0.27805948
v 0.00447976 0.02375247 0.27631673
v 0.00482537 0.02252786 0.27608109
v 0.00562129 0.02347052 0.27636668
v -0.01022640 0.01916657 0.27712926
v -0.00883811 0.01808531 0.27686824
v -0.00872960 0.01884658 0.27673337
v -0.00755532 0.01230959 0.27834422
v -0.00714731 0.01355861 0.27767032
v -0.00837647 0.01298419 0.27822468
v 0.00050093 0.02418828 0.27623948
v 0.00154756 0.02309164 0.27598121
v 0.00178907 0.02412965 0.27624990
v -0.00880002 0.01356697 0.27812142
v -0.00803147 0.01516456 0.27738577
v -0.00941018 0.01486177 0.27789202
v 0.00050093 0.01028893 0.27870227
v 0.00154756 0.01130343 0.27806990
v 0.00044578 0.01125329 0.27807879
v 0.00625518 0.02327479 0.27640136
v 0.00622336 0.02203590 0.27616827
v 0.00725574 0.02289534 0.27646856
v -0.00970193 0.01549643 0.27777956
v -0.00860238 0.01643436 0.27716078
v -0.01007766 0.01634635 0.27762897
v 0.00903950 0.02171556 0.27667762
v 0.00827096 0.02038167 0.27646137
v 0.00964967 0.02096131 0.27681124
v -0.01022640 0.01686096 0.27753779
v -0.00883811 0.01763501 0.27694803
v -0.01035327 0.01775007 0.27738026
v 0.00994141 0.02049492 0.27689391
v 0.00884187 0.01927985 0.27665659
v 0.01031715 0.01967313 0.27703949
v -0.00026144 0.02418828 0.27623948
v -0.00130807 0.02309164 0.27598121
v -0.00020630 0.02314179 0.27597233
v 0.00779482 0.02262610 0.27651630
v 0.00738679 0.02135195 0.27628946
v 0.00861596 0.02209571 0.27661026
v -0.00970193 0.02049492 0.27689391
v -0.00860238 0.01927985 0.27665662
v -0.00828100 0.01998276 0.27653207
v 0.01046588 0.01916657 0.27712926
v 0.00907759 0.01808532 0.27686824
v 0.01059275 0.01827655 0.27728698
v -0.00404877 -0.02869015 0.27882142
v -0.00548111 -0.02636960 0.27853912
v -0.00618497 -0.02804705 0.27874183
v 0.00702306 0.01370976 0.27738329
v 0.00635587 0.01316164 0.27748042
v -0.00184414 0.02270979 0.27578862
v 0.00147610 0.01156746 0.27776287
v 0.00042946 0.01151982 0.27777133
v 0.00591786 0.01288072 0.27753018
v 0.00510489 0.01247956 0.27760127
v -0.00018997 0.02281327 0.27577028
v -0.00435036 0.01225772 0.27764058
v 0.00458984 0.01225772 0.27764058
v 0.00366233 0.01190925 0.27770231
v 0.00042946 0.02281327 0.27577028
v 0.00147610 0.02276564 0.27577873
v -0.00567837 0.01288072 0.27753018
v 0.00309004 0.01176438 0.27772797
v 0.00208363 0.01162330 0.27775298
v 0.00208363 0.02270979 0.27578862
v 0.00309004 0.02256871 0.27581363
v -0.00678357 0.01370975 0.27738329
v -0.00285056 0.01176438 0.27772797
v 0.00366233 0.02245917 0.27583304
v 0.00458984 0.02223007 0.27587360
v -0.00762348 0.01523533 0.27711298
v 0.00510488 0.02207105 0.27590177
v 0.00591786 0.02176273 0.27595642
v -0.00816582 0.01644157 0.27689926
v 0.00635587 0.02154397 0.27599517
v 0.00702306 0.02111302 0.27607155
v -0.00838975 0.01758212 0.27669715
v 0.00736720 0.02080415 0.27612629
v 0.00786297 0.02019130 0.27623484
v -0.00828667 0.01873305 0.27649323
v 0.00810001 0.01981236 0.27630201
v 0.00840531 0.01914464 0.27642030
v -0.00786053 0.01981236 0.27630201
v 0.00852615 0.01873305 0.27649323
v 0.00862924 0.01800989 0.27662137
v -0.00712771 0.02080415 0.27612629
v 0.00862924 0.01758212 0.27669715
v 0.00852615 0.01685970 0.27682517
v -0.00611638 0.02154397 0.27599517
v 0.00840531 0.01644157 0.27689926
v 0.00810001 0.01575100 0.27702161
v -0.00486540 0.02207104 0.27590177
v 0.00786297 0.01523533 0.27711298
v 0.00736720 0.01418327 0.27729941
v 0.01531041 0.00888799 0.27457112
v 0.01363142 0.00567939 0.27663270
v 0.01529497 0.00568956 0.27668266
v -0.01474372 0.01290923 0.27360077
v -0.01497731 0.01074434 0.27385221
v -0.01378290 0.01070973 0.27376084
v -0.01339194 0.00567938 0.27664216
v -0.01507092 0.00888800 0.27458057
v -0.01505548 0.00568957 0.27668482
v -0.01296307 0.00095994 0.27513541
v -0.01288015 0.00387794 0.27413582
v -0.01290980 0.00387794 0.27631528
v -0.01523551 -0.00491449 0.27586728
v -0.01350009 -0.00104906 0.27562341
v -0.01520383 -0.00103039 0.27545968
v -0.01129332 0.01871658 0.27298991
v -0.01254843 0.01769434 0.27311639
v -0.01244039 0.01362282 0.27345335
v -0.00707942 -0.03180869 0.26340121
v -0.00429008 -0.02997044 0.27535206
v -0.00654994 -0.02928904 0.27528514
v 0.01335643 -0.02167764 0.27795355
v 0.01313674 -0.01849162 0.27756414
v 0.01187867 -0.02071128 0.27783884
v -0.01346805 0.00096420 0.27584502
v -0.01507760 0.00388348 0.27694155
v -0.01516777 0.00097859 0.27570502
v 0.01529204 -0.01301429 0.27678366
v 0.01352938 -0.01673422 0.27732682
v 0.01521459 -0.01720078 0.27737721
v 0.00340713 -0.03284022 0.26342256
v 0.00081520 -0.03047025 0.27540114
v 0.00087041 -0.03308975 0.26342772
v 0.01531708 0.00388348 0.27694155
v 0.01370754 0.00096419 0.27584502
v 0.01540726 0.00097859 0.27570502
v 0.01242672 -0.02295818 0.27811200
v 0.00951979 -0.02347341 0.27818070
v 0.01070111 -0.02478690 0.27833833
v -0.00936842 -0.02579812 0.27846350
v -0.00656022 -0.02578293 0.27846654
v -0.00830915 -0.02437174 0.27829188
v 0.00960789 -0.02579813 0.27846347
v 0.00679968 -0.02578295 0.27846650
v 0.00763915 -0.02738667 0.27866007
v -0.01218725 -0.02295817 0.27811203
v -0.00928033 -0.02347340 0.27818067
v -0.01081328 -0.02184885 0.27797963
v 0.00731888 -0.03180871 0.26340121
v 0.00452954 -0.02997045 0.27535206
v 0.00487962 -0.03254770 0.26341652
v -0.01505256 -0.01301428 0.27678366
v -0.01328991 -0.01673421 0.27732682
v -0.01335870 -0.01301511 0.27679959
v -0.01510697 -0.01071366 0.27649272
v -0.01353221 -0.00717121 0.27619502
v -0.01521339 -0.00712563 0.27610313
v -0.01066933 0.01905660 0.27187836
v -0.01080163 0.01812284 0.26655100
v -0.01080163 0.01812284 0.27200691
v -0.00527282 -0.02587320 0.27769670
v -0.00344568 -0.02642326 0.27512063
v -0.00527282 -0.02587320 0.27505258
v -0.01303473 -0.00718469 0.27543977
v -0.01291307 -0.01086628 0.27312888
v -0.01303473 -0.00718469 0.27279562
v 0.01265266 -0.01828820 0.27675796
v 0.01144137 -0.02042531 0.27437830
v 0.01144137 -0.02042532 0.27702245
v 0.01311964 0.00387794 0.27413582
v 0.01320255 0.00095994 0.27513541
v 0.01314929 0.00387794 0.27631528
v -0.01299591 -0.00105458 0.27488941
v -0.01305364 -0.00494423 0.27259386
v -0.01299591 -0.00105458 0.27224530
v -0.00234271 -0.02664100 0.27779170
v -0.00044255 -0.02682673 0.27517058
v -0.00234271 -0.02664100 0.27514758
v 0.00070480 -0.02677177 0.27438134
v 0.00204268 -0.02664100 0.27436513
v 0.00075897 -0.02664100 0.27436513
v 0.01327421 -0.00718469 0.27543977
v 0.01315255 -0.01086628 0.27312888
v 0.01315255 -0.01086628 0.27577300
v -0.01241318 -0.01828818 0.27675799
v -0.01120190 -0.02042530 0.27437830
v -0.01241318 -0.01828818 0.27411385
v -0.01288888 0.00567638 0.27601599
v -0.01286324 0.00567638 0.27455616
v -0.01287661 0.00790087 0.27447309
v 0.01309695 -0.01301535 0.27602184
v 0.01303070 -0.01659616 0.27388535
v 0.01303070 -0.01659616 0.27652947
v 0.01311610 0.00790087 0.27443384
v 0.01310272 0.00567638 0.27454454
v 0.01312837 0.00567638 0.27600437
v 0.01323540 -0.00105458 0.27488941
v 0.01329313 -0.00494423 0.27259386
v 0.01329313 -0.00494423 0.27523801
v 0.01064617 -0.02152059 0.27715799
v 0.00917022 -0.02308473 0.27470746
v 0.00917022 -0.02308473 0.27735158
v 0.00258217 -0.02664100 0.27779170
v 0.00068203 -0.02682673 0.27517058
v 0.00068203 -0.02682673 0.27781470
v 0.00823516 -0.02394965 0.27745863
v 0.00655126 -0.02530837 0.27498265
v 0.00655126 -0.02530837 0.27762677
v -0.00799569 -0.02394965 0.27745863
v -0.00631180 -0.02530836 0.27498265
v -0.00799569 -0.02394965 0.27481451
v 0.00551228 -0.02587322 0.27769670
v 0.00368514 -0.02642327 0.27512063
v 0.00368514 -0.02642327 0.27776475
v -0.01040670 -0.02152057 0.27715802
v -0.00893075 -0.02308472 0.27470746
v -0.01040670 -0.02152057 0.27451386
v -0.01285746 -0.01301535 0.27602184
v -0.01279122 -0.01659615 0.27388535
v -0.01285746 -0.01301535 0.27337769
v 0.00725749 0.00095994 0.27184634
v -0.00779577 0.00387794 0.27349084
v -0.00701801 0.00095994 0.27184634
v -0.00873205 0.02022506 0.27280320
v -0.01016399 0.01946547 0.27289723
v -0.01131105 0.01437171 0.27336067
v 0.01547500 -0.00491449 0.27586724
v 0.01373957 -0.00104906 0.27562341
v 0.01379135 -0.00493744 0.27598547
v 0.01040347 0.01946547 0.27288561
v 0.00897153 0.02022506 0.27279159
v 0.01155053 0.01437171 0.27332141
v 0.01452661 0.01460590 0.27340912
v 0.01367384 0.01647792 0.27323227
v 0.01356579 0.01240640 0.27354158
v 0.00771668 0.02074090 0.27272777
v 0.00616293 0.02120866 0.27266986
v 0.01029568 0.01488756 0.27325759
v -0.01343435 0.01647792 0.27324391
v -0.01428713 0.01460590 0.27342076
v -0.01332631 0.01240640 0.27358083
v 0.01534645 -0.01071366 0.27649275
v 0.01377170 -0.00717120 0.27619505
v 0.01365352 -0.01083143 0.27654115
v 0.01521680 0.01074435 0.27384060
v 0.01498320 0.01290923 0.27358916
v 0.01402239 0.01070973 0.27372159
v 0.00483078 0.02147164 0.27263734
v 0.00321494 0.02162958 0.27261778
v 0.00896354 0.01515053 0.27322504
v -0.00592345 0.02120866 0.27268147
v -0.00747719 0.02074091 0.27273938
v -0.01005619 0.01488756 0.27329684
v 0.01278792 0.01769434 0.27310478
v 0.01153281 0.01871658 0.27297830
v 0.01267987 0.01362282 0.27341409
v -0.00442693 0.01029339 0.27516677
v -0.00561733 0.01090317 0.27789296
v -0.00561733 0.01074286 0.27510157
v -0.00369244 0.02404185 0.27317311
v -0.00240077 0.02433287 0.27561243
v -0.00240077 0.02422381 0.27314669
v -0.00627836 0.01102897 0.27506010
v -0.00732176 0.01170365 0.27775702
v -0.00732176 0.01154639 0.27498504
v -0.00162104 0.02429584 0.27313627
v -0.00027776 0.02446583 0.27558983
v -0.00027776 0.02435727 0.27312735
v -0.00788391 0.01190871 0.27493252
v -0.00874020 0.01276887 0.27757614
v -0.00874020 0.01261567 0.27482998
v 0.00393193 0.02404185 0.27317311
v 0.00264026 0.02433287 0.27561243
v 0.00393193 0.02415160 0.27564320
v -0.00918188 0.01322641 0.27474143
v -0.00981817 0.01472905 0.27724325
v -0.00981817 0.01458333 0.27454467
v 0.00585682 0.02360508 0.27323643
v 0.00466642 0.02401086 0.27566711
v 0.00585682 0.02371650 0.27571707
v -0.01012240 0.01524844 0.27444824
v -0.01051423 0.01627893 0.27698008
v -0.01051423 0.01613913 0.27431906
v 0.01104111 0.01757048 0.27208297
v 0.01090881 0.01663767 0.26675555
v 0.01104111 0.01757048 0.26662706
v -0.01066932 0.01667843 0.27424087
v -0.01080163 0.01774441 0.27673121
v -0.01080163 0.01761020 0.27410575
v -0.00981817 0.02097549 0.27361774
v -0.00918189 0.02188434 0.27602820
v -0.00918189 0.02176593 0.27350312
v 0.01090881 0.01667843 0.27424087
v 0.01104111 0.01774441 0.27673121
v 0.01090881 0.01681618 0.27688884
v 0.00186053 0.02429584 0.27313627
v 0.00051725 0.02446583 0.27558983
v 0.00186053 0.02440463 0.27560025
v -0.00732175 0.02300230 0.27332386
v -0.00627836 0.02351216 0.27575178
v -0.00627836 0.02339996 0.27326617
v 0.00585682 0.01069542 0.27302975
v 0.00466642 0.01024545 0.26763578
v 0.00585682 0.01069542 0.26757384
v 0.00756124 0.02300230 0.27332386
v 0.00651784 0.02351216 0.27575178
v 0.00756124 0.02311601 0.27581905
v 0.01075371 0.01962551 0.27381349
v 0.01036189 0.02061001 0.27624461
v 0.01075371 0.01975206 0.27639031
v 0.00051725 0.00979112 0.27523961
v 0.00186053 0.01001626 0.27804351
v 0.00051725 0.00995505 0.27805394
v 0.00897969 0.02216432 0.27344537
v 0.00812340 0.02283493 0.27586678
v 0.00897969 0.02228121 0.27596081
v 0.00812339 0.01190871 0.27493252
v 0.00897969 0.01276887 0.27757614
v 0.00812339 0.01206459 0.27769570
v 0.01005766 0.02097549 0.27361774
v 0.00942137 0.02188434 0.27602820
v 0.01005766 0.02109691 0.27616194
v 0.00466642 0.01029339 0.27516677
v 0.00585682 0.01090317 0.27789296
v 0.00466642 0.01045542 0.27796896
v 0.01036189 0.01524844 0.27444824
v 0.01075371 0.01627893 0.27698008
v 0.01036189 0.01539163 0.27713073
v -0.01080163 0.01816193 0.27402574
v -0.01066933 0.01922322 0.27648011
v -0.01066933 0.01909465 0.27389049
v 0.00264026 0.00992458 0.27522026
v 0.00393193 0.01026928 0.27800057
v 0.00264026 0.01008801 0.27803134
v 0.00942137 0.01322641 0.27474143
v 0.01005765 0.01472905 0.27724325
v 0.00942137 0.01337729 0.27747281
v -0.01051423 0.01962551 0.27381349
v -0.01012241 0.02061001 0.27624461
v -0.01012241 0.02048673 0.27368860
v -0.00027776 0.00979112 0.27523961
v -0.00162105 0.01001626 0.27804351
v -0.00162105 0.00985256 0.27523069
v -0.00627836 0.02336676 0.27128478
v -0.00732175 0.02296865 0.26588373
v -0.00732175 0.02296865 0.27133965
v -0.00240078 0.00992458 0.27522026
v -0.00369244 0.01026928 0.27800057
v -0.00369244 0.01010654 0.27519384
v -0.00561733 0.02360508 0.27323643
v -0.00442693 0.02401086 0.27566711
v -0.00442693 0.02390056 0.27319358
v -0.00554063 -0.00494423 0.27181141
v 0.00674253 -0.00105458 0.27146284
v -0.00650306 -0.00105458 0.27146284
v 0.02860976 -0.01142851 0.25490197
v 0.02629381 -0.01719584 0.25609512
v 0.02647294 -0.01725211 0.25492326
v 0.00077714 -0.02916186 0.27887980
v 0.00267728 -0.02716705 0.27863781
v 0.00070375 -0.02735995 0.27866170
v -0.00064310 -0.03344787 0.25949236
v -0.00323505 -0.03351776 0.25979385
v -0.00322097 -0.03320735 0.25948735
v -0.01492623 -0.02994797 0.25510649
v -0.01636744 -0.02800988 0.25632843
v -0.01667050 -0.02813959 0.25491499
v -0.01186648 -0.03044429 0.25818403
v -0.00889489 -0.03188118 0.25946604
v -0.01214595 -0.03061612 0.25836350
v 0.01210596 -0.03044428 0.25818403
v 0.00913436 -0.03188120 0.25946604
v 0.00896419 -0.03164630 0.25918439
v 0.00088258 -0.03344786 0.25949236
v 0.00347451 -0.03351777 0.25979385
v 0.00088579 -0.03376968 0.25979501
v -0.00469230 -0.03292533 0.25948485
v -0.00720194 -0.03247633 0.25979250
v -0.00708651 -0.03221284 0.25948144
v 0.00493178 -0.03292533 0.25948485
v 0.00744141 -0.03247634 0.25979250
v 0.00497146 -0.03322243 0.25979328
v -0.01071451 -0.02930175 0.26334778
v -0.00783498 -0.02859337 0.27521641
v -0.00991768 -0.02692387 0.27505105
v 0.01424977 -0.03032278 0.25511791
v 0.01362396 -0.03028851 0.25737860
v 0.01331290 -0.03014206 0.25725546
v 0.00826895 0.00567638 0.27393315
v -0.00804139 0.00883581 0.27381518
v -0.00802946 0.00567638 0.27394044
v 0.00011974 -0.02677177 0.27438134
v 0.00017391 -0.02664100 0.27436513
v 0.00006557 -0.02664100 0.27436513
v 0.01187278 0.00095994 0.27184634
v 0.01280287 0.00095994 0.27184634
v 0.01274449 0.00301445 0.27300421
v 0.00725005 -0.01301535 0.27259523
v 0.01142492 -0.01659616 0.27310290
v 0.01176183 -0.01301535 0.27259523
v 0.00388488 -0.02152058 0.27373141
v 0.00778021 -0.02308473 0.27392501
v 0.00910225 -0.02152058 0.27373141
v 0.00261735 -0.02394965 0.27403205
v 0.00547684 -0.02530837 0.27420020
v 0.00695235 -0.02394965 0.27403205
v 0.00534817 -0.01828819 0.27333139
v 0.00983399 -0.02042531 0.27359585
v 0.01098470 -0.01828819 0.27333139
v 0.00146235 -0.02587321 0.27427013
v 0.00305766 -0.02642327 0.27433818
v 0.00458749 -0.02587322 0.27427013
v -0.00281819 -0.02642326 0.27433818
v -0.00122287 -0.02587321 0.27427013
v -0.00434802 -0.02587321 0.27427013
v -0.00014274 -0.02587321 0.27427013
v 0.00023905 -0.02642327 0.27433818
v 0.00038222 -0.02587321 0.27427013
v -0.00028976 -0.02530837 0.27420020
v 0.00088288 -0.02394965 0.27403205
v -0.00064340 -0.02394965 0.27403205
v -0.00086852 -0.02308472 0.27392501
v 0.00151512 -0.02152058 0.27373141
v -0.00127564 -0.02152058 0.27373141
v -0.00156072 -0.02042531 0.27359585
v 0.00235644 -0.01828819 0.27333139
v -0.00211698 -0.01828819 0.27333139
v -0.00352083 -0.01301535 0.27259523
v 0.00280403 -0.01659615 0.27310290
v 0.00376031 -0.01301535 0.27259523
v -0.00407374 -0.01086628 0.27234643
v 0.00522539 -0.00718469 0.27201317
v -0.00498591 -0.00718469 0.27201317
v 0.00108466 0.02164192 0.27261843
v -0.00708001 0.01243979 0.27352014
v 0.00664037 0.01248149 0.27348302
v -0.00180320 -0.02664100 0.27436513
v -0.00046532 -0.02677177 0.27438134
v -0.00051949 -0.02664100 0.27436513
v -0.00959452 -0.02042531 0.27359585
v -0.00510870 -0.01828819 0.27333139
v -0.01074523 -0.01828819 0.27333139
v -0.00754073 -0.02308472 0.27392501
v -0.00364540 -0.02152058 0.27373141
v -0.00886278 -0.02152057 0.27373141
v -0.01173123 -0.01086628 0.27234643
v -0.00894214 -0.00718469 0.27201317
v -0.01210020 -0.00718469 0.27201317
v -0.01256339 0.00095994 0.27184634
v -0.01163330 0.00095994 0.27184634
v -0.01250500 0.00301445 0.27300421
v -0.01227975 -0.00494423 0.27181141
v -0.01090103 -0.00105458 0.27146284
v -0.01251755 -0.00105458 0.27146284
v -0.01118544 -0.01659615 0.27310290
v -0.00701057 -0.01301535 0.27259523
v -0.01152235 -0.01301535 0.27259523
v 0.00918163 -0.00718469 0.27201317
v 0.01197071 -0.01086628 0.27234643
v 0.01233968 -0.00718469 0.27201317
v 0.01114051 -0.00105458 0.27146284
v 0.01251924 -0.00494423 0.27181141
v 0.01275704 -0.00105458 0.27146284
v -0.00523737 -0.02530836 0.27420020
v -0.00237787 -0.02394965 0.27403205
v -0.00671288 -0.02394965 0.27403205
v -0.01413665 -0.02980163 0.25716691
v -0.01789703 -0.02676612 0.25608031
v -0.02241819 -0.02277183 0.25608031
v -0.02794184 0.01317614 0.25608883
v -0.02489799 0.01840400 0.25608883
v -0.02089274 0.02293759 0.25608884
v -0.01607999 0.02660267 0.25608884
v -0.00479571 0.03080274 0.25608884
v 0.02814577 0.00498266 0.25677269
v 0.02816056 -0.01124656 0.25609027
v -0.01196282 -0.02817112 0.26332374
v -0.01499484 -0.02431998 0.26324987
v -0.02040251 0.00083276 0.25789056
v 0.00087041 0.02614968 0.26085016
v 0.00487965 0.02560762 0.26086136
v 0.00870597 0.02429482 0.26088853
v 0.01220232 0.02226171 0.26093057
v 0.01515984 0.01932268 0.26098766
v 0.01706124 0.01463878 0.26106785
v 0.02008371 0.00972800 0.25789056
v 0.01791324 -0.00098146 0.26141692
v -0.01046164 -0.02478689 0.27833833
v 0.00316535 -0.03024017 0.27537857
v 0.00299869 -0.02894472 0.27885288
v 0.00393193 0.02400937 0.27119632
v 0.01090881 0.01909465 0.27389049
v 0.01104111 0.01812284 0.27200691
v 0.00756124 0.01154639 0.27498504
v 0.00651784 0.01098185 0.27299031
v 0.00466642 0.01024545 0.27309170
v 0.00264026 0.00987622 0.27314256
v 0.00051725 0.00974261 0.27316097
v 0.00051725 0.02435728 0.27312735
v 0.00186053 0.02426364 0.27116130
v 0.00651784 0.02339996 0.27326617
v 0.00756124 0.02296865 0.27133965
v 0.00897969 0.02212972 0.27145518
v 0.01005766 0.02093956 0.27161904
v 0.01075371 0.01613913 0.27431906
v 0.01036189 0.01520607 0.27240859
v 0.00942137 0.01318176 0.27268736
v -0.00240078 0.01008801 0.27803134
v -0.00627836 0.01118820 0.27784454
v -0.01007767 0.01967313 0.27703949
v -0.00874020 0.02228121 0.27596081
v -0.00837647 0.02209571 0.27661023
v -0.00732176 0.02311602 0.27581905
v -0.00369244 0.02415160 0.27564320
v -0.00353594 0.02388729 0.27629281
v 0.00861596 0.01298418 0.27822468
v -0.00027776 0.00995505 0.27805394
v -0.00788391 0.01206459 0.27769570
v -0.00918188 0.01337729 0.27747281
v -0.01012240 0.01539163 0.27713073
v -0.01066932 0.01681618 0.27688884
v -0.01035327 0.01827655 0.27728698
v -0.01080163 0.01829404 0.27663787
v -0.00981817 0.02109691 0.27616194
v -0.00941018 0.02096131 0.27681124
v -0.00561733 0.02371650 0.27571707
v -0.00538181 0.02347052 0.27636665
v -0.00162104 0.02440463 0.27560025
v -0.00154958 0.02412965 0.27624990
v 0.00964967 0.01486177 0.27789202
v -0.00018997 0.01151982 0.27777133
v -0.00184414 0.01162330 0.27775298
v -0.00194762 0.01136222 0.27805948
v -0.00342284 0.01190925 0.27770231
v -0.00486540 0.01247956 0.27760127
v -0.00512806 0.01226359 0.27789978
v -0.00611638 0.01316163 0.27748042
v -0.00712771 0.01418327 0.27729941
v -0.00786053 0.01575100 0.27702161
v -0.00828667 0.01685970 0.27682517
v -0.00838975 0.01800989 0.27662137
v 0.00044578 0.02314179 0.27597233
v 0.00218711 0.02303286 0.27599164
v 0.00384898 0.02276903 0.27603837
v 0.00536755 0.02236046 0.27611077
v 0.00774906 0.02102680 0.27634709
v 0.00852049 0.01998276 0.27653204
v 0.00896908 0.01884658 0.27673337
v -0.01497511 -0.01720077 0.27737718
v 0.01544332 -0.00103039 0.27545968
v 0.01562083 -0.01959317 0.27436212
v 0.00642443 -0.02804706 0.27874183
v -0.01598482 0.00573314 0.27326279
v 0.01625352 0.00389051 0.27345807
v -0.01341158 0.00387921 0.27695597
v -0.00046427 -0.02735995 0.27866166
v -0.01341404 -0.01083143 0.27654112
v -0.01291307 -0.01086628 0.27577300
v -0.01355186 -0.00493743 0.27598550
v -0.00358340 -0.02694090 0.27860983
v -0.00344568 -0.02642326 0.27776475
v -0.01163920 -0.02071127 0.27783887
v -0.01120190 -0.02042530 0.27702245
v 0.01064617 -0.02152058 0.27451386
v 0.00823516 -0.02394965 0.27481451
v 0.00258217 -0.02664100 0.27514758
v 0.01323540 -0.00105458 0.27224530
v 0.01265266 -0.01828820 0.27411385
v 0.00551228 -0.02587322 0.27505258
v 0.00803526 0.00387795 0.27349084
v -0.00381926 0.02145930 0.27264833
v -0.01338201 0.00884773 0.27447071
v 0.00828088 0.00883581 0.27378322
v 0.01362150 0.00884773 0.27442930
v -0.00473201 -0.03322243 0.25979328
v -0.00064631 -0.03376968 0.25979501
v -0.00063093 -0.03308974 0.26342772
v -0.00846647 -0.03106749 0.26338553
v -0.00962924 -0.03142016 0.25949270
v 0.00578012 -0.00494423 0.27181141
v 0.00990403 -0.00494423 0.27181141
v 0.00431322 -0.01086628 0.27234643
v 0.00797691 -0.01086628 0.27234643
v 0.00599848 -0.01659615 0.27310290
v 0.00180020 -0.02042531 0.27359585
v 0.00440214 -0.02042531 0.27359585
v 0.00110801 -0.02308472 0.27392501
v 0.00308291 -0.02308472 0.27392501
v 0.00052924 -0.02530837 0.27420020
v 0.00184602 -0.02530837 0.27420020
v -0.00256456 -0.01659615 0.27310290
v 0.00000043 -0.02642327 0.27433818
v -0.02880089 -0.00840675 0.25608883
v -0.03034522 -0.00293327 0.25608883
v -0.02754109 0.00713613 0.25677269
v -0.02590844 0.01280038 0.25677269
v -0.02325316 0.01800233 0.25677269
v -0.01956218 0.02246365 0.25677269
v -0.01505418 0.02589665 0.25677269
v -0.00996306 0.02838422 0.25677269
v -0.00448445 0.02983077 0.25677269
v 0.00124217 0.03117633 0.25608884
v 0.03058471 0.00525320 0.25608883
v 0.02847922 -0.00050872 0.25677269
v 0.02781089 -0.00481340 0.25677269
v 0.02616176 -0.01132699 0.25683018
v 0.02355326 -0.01994755 0.25708187
v 0.01980163 -0.02477931 0.25708187
v 0.01552686 -0.02834961 0.25732999
v -0.03046292 0.00758661 0.25489568
v 0.01319571 0.02891861 0.25489569
v 0.01852031 0.02581844 0.25489569
v 0.02515391 -0.01985938 0.25491631
v -0.02637999 -0.01728026 0.25486529
v -0.01084388 0.02979357 0.25489569
v 0.03152894 -0.00042995 0.25489568
v 0.02313777 0.02173906 0.25489569
v 0.03070239 -0.00489120 0.25489568
v 0.02687067 0.01683725 0.25489569
v 0.00736861 0.03092043 0.25489569
v 0.02957555 0.01130136 0.25489569
v -0.00464016 -0.03254770 0.26341652
v -0.01327086 -0.02846031 0.25924459
v -0.01663113 -0.02446577 0.25924459
v -0.01910505 -0.01748955 0.25899287
v -0.01987454 -0.00895781 0.25789056
v -0.02036091 -0.00327942 0.25789056
v -0.01763651 0.00074517 0.26146380
v 0.00095168 0.02738679 0.25789056
v 0.00539495 0.02678528 0.25789056
v 0.00963550 0.02532850 0.25789056
v 0.01351036 0.02307242 0.25789056
v 0.01680997 0.01988893 0.25789056
v 0.01765369 0.00932956 0.26126852
v 0.01786440 -0.00557178 0.26154046
v 0.01758203 -0.01211930 0.26192286
v 0.01238543 -0.03061612 0.25836350
v 0.01907894 0.01512493 0.25789056
v -0.01602889 -0.01038477 0.27308446
v -0.01289969 0.01968896 0.27023217
v -0.00991768 0.02194620 0.27001044
v 0.01313915 -0.02393261 0.27475544
v -0.01617717 -0.00462084 0.27255843
v -0.00654994 0.02358181 0.26984977
v 0.01015714 -0.02692388 0.27505105
v 0.00585682 0.01074286 0.27510157
v 0.00393193 0.01010654 0.27519384
v 0.00812339 0.02272015 0.27336476
v 0.00942137 0.02176593 0.27350312
v 0.01005765 0.01458333 0.27454467
v 0.01059276 0.01775007 0.27738026
v 0.00725574 0.01196386 0.27840548
v 0.00562130 0.01119710 0.27854135
v 0.00264026 0.02422381 0.27314669
v 0.01036189 0.02048673 0.27368860
v 0.00897969 0.01261567 0.27482998
v 0.00377542 0.01058992 0.27864893
v -0.00020630 0.01125329 0.27807879
v -0.00360950 0.01166323 0.27800614
v -0.00644496 0.01298161 0.27777258
v -0.00750958 0.01405708 0.27758202
v -0.00828101 0.01570741 0.27728958
v -0.00872960 0.01687452 0.27708278
v -0.00816582 0.01914464 0.27642030
v -0.00762348 0.02019130 0.27623484
v -0.00678357 0.02111302 0.27607155
v -0.00567837 0.02176273 0.27595642
v -0.00435036 0.02223008 0.27587360
v -0.00285056 0.02256871 0.27581363
v -0.00123661 0.02276564 0.27577873
v 0.00668445 0.02180561 0.27620905
v -0.00739969 -0.02738666 0.27866010
v -0.01585610 -0.01738003 0.27408001
v -0.01505510 0.01574341 0.27054042
v 0.01545288 -0.00712563 0.27610316
v 0.01477260 -0.01917903 0.27764433
v 0.00678940 -0.02928906 0.27528514
v 0.00585682 0.02357211 0.27125651
v 0.00466642 0.02390056 0.27319358
v 0.01075371 0.01958806 0.27180515
v 0.01090881 0.01663766 0.27221146
v 0.01104111 0.01761020 0.27410575
v 0.00812339 0.01186258 0.27286902
v 0.00186053 0.00985256 0.27523069
v -0.00442693 0.01045542 0.27796896
v -0.01051423 0.01975206 0.27639031
v -0.00701626 0.02289534 0.27646856
v 0.01031715 0.01634635 0.27762897
v 0.00178907 0.01034756 0.27869185
v 0.01105275 -0.02184886 0.27797963
v -0.00044255 -0.02682673 0.27781470
v -0.00631180 -0.02530836 0.27762677
v -0.00893075 -0.02308472 0.27735158
v -0.01279122 -0.01659615 0.27652950
v -0.01305364 -0.00494423 0.27523801
v 0.01359819 -0.01301511 0.27679956
v 0.00854862 -0.02437175 0.27829185
v 0.01327421 -0.00718469 0.27279562
v 0.01309695 -0.01301535 0.27337769
v -0.01295630 0.00095994 0.27259737
v 0.01319578 0.00095994 0.27259737
v -0.01588776 0.01088972 0.27097775
v 0.01365107 0.00387921 0.27695597
v -0.00292589 0.02453292 0.26975634
v -0.00561733 0.01069542 0.26757384
v -0.00369244 0.01005839 0.26766154
v -0.00240077 0.02419154 0.26571530
v -0.00442693 0.02386792 0.26575988
v -0.00732176 0.01149986 0.26746304
v -0.00874020 0.01257034 0.26731564
v -0.00981817 0.01454021 0.26704439
v -0.01051423 0.01609776 0.26682989
v -0.01080163 0.01757048 0.26662706
v -0.00788391 0.02268618 0.26592261
v -0.00918189 0.02173089 0.26605417
v -0.00627836 0.02336676 0.26582889
v -0.01066933 0.01905661 0.26642245
v -0.01012241 0.02045026 0.26623051
v -0.00162105 0.00980412 0.26769657
v 0.02126909 -0.02445064 0.25485834
v 0.01690998 -0.02813960 0.25491499
v 0.01455826 -0.03044649 0.25515281
v -0.00872471 -0.03164629 0.25918439
v 0.00346044 -0.03320734 0.25948735
v 0.00732599 -0.03221284 0.25948144
v -0.01307342 -0.03014206 0.25725546
v 0.00093715 -0.02642327 0.27433818
v -0.00966454 -0.00494423 0.27181141
v -0.00773743 -0.01086628 0.27234643
v -0.00575901 -0.01659615 0.27310290
v -0.00416266 -0.02042531 0.27359585
v -0.00284343 -0.02308472 0.27392501
v -0.00160654 -0.02530837 0.27420020
v -0.00069768 -0.02642327 0.27433818
v -0.00601875 0.03321795 0.23158134
v 0.03098003 0.00849613 0.23158134
v 0.00625820 -0.02850261 0.23158133
v -0.03128946 0.00148095 0.25489568
v -0.00027776 0.02432515 0.26569690
v 0.00011974 -0.02910719 0.23158133
v -0.00601875 -0.02850260 0.23158133
v -0.01192134 -0.02671207 0.23158133
v -0.01736120 -0.02380440 0.23158133
v -0.02212928 -0.01989135 0.23158133
v -0.02604234 -0.01512327 0.23158133
v -0.02895000 -0.00968341 0.23158134
v -0.03074053 -0.00378082 0.23158134
v -0.03134512 0.00235767 0.23158134
v -0.03074053 0.00849617 0.23158134
v -0.02895000 0.01439875 0.23158134
v -0.02604234 0.01983862 0.23158134
v -0.02212928 0.02460669 0.23158134
v -0.01736120 0.02851975 0.23158134
v -0.01192134 0.03142742 0.23158134
v 0.00011975 0.03382254 0.23158134
v 0.00625825 0.03321795 0.23158134
v 0.01216084 0.03142741 0.23158134
v 0.01760070 0.02851974 0.23158134
v 0.02236878 0.02460668 0.23158134
v 0.02628183 0.01983860 0.23158134
v 0.02918950 0.01439873 0.23158134
v 0.03158461 0.00235764 0.23158134
v 0.03098001 -0.00378084 0.23158134
v 0.02918947 -0.00968344 0.23158134
v 0.02628180 -0.01512331 0.23158133
v 0.02236874 -0.01989137 0.23158133
v 0.01760065 -0.02380443 0.23158133
v 0.01216078 -0.02671209 0.23158133
v -0.01155985 -0.03195399 0.23906058
v -0.00740981 -0.03213671 0.23806124
v -0.00731525 -0.03287792 0.23857977
v 0.01179933 -0.03195399 0.23906058
v 0.00764930 -0.03213672 0.23806124
v 0.01220793 -0.03111768 0.23854205
v -0.00491055 -0.03326450 0.23843749
v -0.00102921 -0.03293395 0.23791895
v -0.00102890 -0.03364695 0.23843749
v 0.01143980 -0.03141389 0.25775643
v 0.00883274 -0.03177930 0.25896685
v 0.00855869 -0.03246363 0.25851325
v -0.00318739 -0.03384194 0.25875733
v -0.00064061 -0.03351275 0.25925886
v -0.00321008 -0.03328138 0.25925066
v 0.00705101 -0.03296108 0.25874011
v 0.00490111 -0.03300982 0.25924662
v 0.00483717 -0.03359241 0.25874997
v 0.01319280 -0.03164266 0.24204008
v 0.01415329 -0.03064083 0.25154260
v 0.01365711 -0.03151453 0.25162790
v -0.01295331 -0.03164266 0.24204008
v -0.01391380 -0.03064084 0.25154260
v -0.01345361 -0.03077610 0.24162050
v 0.00515003 -0.03326450 0.23843749
v 0.00126869 -0.03293395 0.23791895
v 0.00515136 -0.03255146 0.23791895
v -0.01327579 -0.03140721 0.25503531
v -0.01283312 -0.03034396 0.25716040
v -0.01377212 -0.03054216 0.25509109
v 0.00342688 -0.03384194 0.25875733
v 0.00088010 -0.03351275 0.25925886
v 0.00087492 -0.03405384 0.25877235
v -0.01120032 -0.03141389 0.25775643
v -0.00859325 -0.03177930 0.25896685
v -0.01165055 -0.03062645 0.25804540
v 0.01351527 -0.03140721 0.25503531
v 0.01307261 -0.03034396 0.25716040
v 0.01257161 -0.03117266 0.25696227
v -0.00681152 -0.03296109 0.25874011
v -0.00466162 -0.03300982 0.25924659
v -0.00699736 -0.03232352 0.25924111
v 0.00126884 -0.03278706 0.23767025
v -0.00491251 -0.03240455 0.23767025
v -0.00491187 -0.03255146 0.23791895
v 0.00515199 -0.03240455 0.23767025
v 0.00769464 -0.03197631 0.23781255
v 0.01189004 -0.03062645 0.25804540
v 0.00344957 -0.03328137 0.25925066
v -0.01415190 -0.03041722 0.25150179
v 0.01401161 -0.03054216 0.25509109
v -0.01196845 -0.03111768 0.23854205
v -0.01369361 -0.03055563 0.24141924
v -0.01216442 -0.03091164 0.23829335
v 0.01393309 -0.03055563 0.24141924
v 0.01369310 -0.03077610 0.24162050
v 0.00723685 -0.03232353 0.25924114
v -0.00102935 -0.03278707 0.23767025
v -0.00745516 -0.03197631 0.23781253
v 0.01439139 -0.03041722 0.25150179
v 0.00755474 -0.03287792 0.23857977
v -0.01341763 -0.03151453 0.25162790
v -0.00459768 -0.03359242 0.25874997
v -0.00063543 -0.03405385 0.25877235
v -0.00831921 -0.03246364 0.25851325
v -0.01233213 -0.03117266 0.25696227
v 0.00126839 -0.03364695 0.23843749
v 0.01240391 -0.03091164 0.23829335
v 0.00515302 -0.03197004 0.23619867
v 0.00126907 -0.02993561 0.23263569
v 0.00515302 -0.02955309 0.23263569
v -0.01154817 -0.03220032 0.24204800
v -0.00734327 -0.03362720 0.25152952
v -0.01191727 -0.03219646 0.25162489
v -0.01471783 -0.03017215 0.24096585
v -0.01677346 -0.02821591 0.25131765
v -0.01681833 -0.02834408 0.24057443
v -0.02296015 -0.02298208 0.24045859
v -0.02519795 -0.01991940 0.25129120
v -0.02542943 -0.01997326 0.24045859
v -0.02949442 -0.00866488 0.25027418
v -0.03062733 -0.00493016 0.23584978
v -0.02949442 -0.00866488 0.23584978
v 0.02701446 -0.01494578 0.23263570
v 0.02830980 -0.01252238 0.23263570
v 0.02701446 -0.01664751 0.23514431
v 0.02319197 -0.02298063 0.24046163
v 0.02529090 -0.01989125 0.25134913
v 0.02295707 -0.02289454 0.25130444
v 0.01856973 -0.02707244 0.24045859
v 0.02138415 -0.02450735 0.25129120
v 0.01840259 -0.02695424 0.25129120
v 0.01495731 -0.03017216 0.24096585
v 0.01701294 -0.02821591 0.25131765
v 0.01529843 -0.03003257 0.25140704
v -0.02861475 0.01512843 0.23584979
v -0.02677501 0.01730145 0.25027418
v -0.02677500 0.01857036 0.23584979
v -0.00102960 -0.02993562 0.23263569
v -0.00491358 -0.03197003 0.23619867
v -0.00491358 -0.02955308 0.23263569
v 0.01861923 0.02633093 0.25027419
v 0.02163612 0.02512394 0.23584979
v 0.01861923 0.02759983 0.23584979
v -0.02731942 -0.01562893 0.23941278
v -0.02861475 -0.01150381 0.24706008
v -0.02861475 -0.01150380 0.23690414
v -0.00491357 0.03317771 0.23584979
v -0.00102960 0.03229134 0.25027419
v -0.00102959 0.03356025 0.23584979
v 0.03169781 -0.00013040 0.25027418
v 0.03131527 -0.00274548 0.23584978
v 0.03169781 0.00090261 0.23584978
v -0.02549792 0.02048165 0.23584979
v -0.02302204 0.02222962 0.25027419
v -0.02302203 0.02349854 0.23584979
v 0.02326153 0.02222962 0.25027419
v 0.02573742 0.02048164 0.23584979
v 0.02326153 0.02349852 0.23584979
v 0.00126909 0.03229134 0.25027419
v 0.00515307 0.03317771 0.23584979
v 0.00126909 0.03356025 0.23584979
v 0.03086681 -0.00493019 0.23584978
v 0.02973390 -0.00866489 0.25027418
v 0.02973389 -0.00866491 0.23584978
v -0.02139662 0.02512395 0.23584979
v -0.01837975 0.02633093 0.25027419
v -0.01837973 0.02759984 0.23584979
v 0.02701450 0.01730144 0.25027418
v 0.02885425 0.01512841 0.23584979
v 0.02701450 0.01857035 0.23584979
v -0.03145832 0.00313151 0.23584978
v -0.03107579 0.00574657 0.25027418
v -0.03107579 0.00701549 0.23584978
v 0.00740759 0.03146035 0.25027419
v 0.01114231 0.03159634 0.23584979
v 0.00740759 0.03272925 0.23584979
v 0.02885422 -0.01150383 0.23690414
v 0.02885423 -0.01150382 0.24706008
v 0.02755889 -0.01562896 0.23941278
v -0.01646845 0.02887692 0.23584979
v -0.01302652 0.02944776 0.25027419
v -0.01302651 0.03071668 0.23584979
v 0.02973391 0.01173580 0.25027418
v 0.03086682 0.00926999 0.23584978
v 0.02973391 0.01300471 0.23584978
v -0.03062734 0.00927000 0.23584978
v -0.02949443 0.01173580 0.25027418
v -0.02949442 0.01300472 0.23584978
v 0.01326601 0.02944776 0.25027419
v 0.01670795 0.02887691 0.23584979
v 0.01326601 0.03071667 0.23584979
v 0.02573738 -0.01927401 0.23619867
v 0.02326148 -0.01987394 0.23263569
v 0.02573738 -0.01685706 0.23263570
v -0.01090281 0.03159635 0.23584979
v -0.00716810 0.03146035 0.25027419
v -0.00716809 0.03272926 0.23584979
v 0.03131527 0.00574656 0.25027418
v 0.03169781 0.00313149 0.23584978
v 0.03131527 0.00701547 0.23584978
v 0.00116861 -0.03446098 0.25692559
v 0.00371538 -0.03403349 0.25822569
v 0.00094079 -0.03427037 0.25823958
v -0.00655316 -0.03357832 0.25706080
v -0.00750541 -0.03290731 0.25834976
v -0.01003638 -0.03208792 0.25753160
v -0.00100999 -0.03466308 0.25483737
v -0.00478224 -0.03417810 0.25614870
v -0.00482772 -0.03428707 0.25483737
v -0.00729061 -0.03370871 0.25487111
v -0.01101602 -0.03191051 0.25676329
v -0.01179576 -0.03213028 0.25498507
v 0.00753010 -0.03370872 0.25487111
v 0.01125551 -0.03191051 0.25676329
v 0.00730894 -0.03357523 0.25628906
v 0.00124948 -0.03466308 0.25483737
v 0.00502173 -0.03417810 0.25614870
v 0.00123910 -0.03455066 0.25614870
v -0.00102589 -0.03401380 0.24153896
v -0.00485400 -0.03416245 0.25150129
v -0.00489733 -0.03363237 0.24153896
v -0.02799988 -0.01322402 0.25131999
v -0.02670455 -0.01734914 0.24367269
v -0.02653691 -0.01731690 0.25129971
v 0.02690292 -0.01734127 0.24368894
v 0.02819826 -0.01321612 0.25133624
v 0.02663750 -0.01729022 0.25135464
v -0.01446032 -0.03053523 0.25144908
v -0.01400431 -0.03067715 0.24115878
v -0.02677500 -0.01494574 0.23263570
v -0.02677500 -0.01664747 0.23514431
v -0.02807033 -0.01252234 0.23263570
v -0.02302203 -0.01987391 0.23263569
v -0.02549792 -0.01927397 0.23619867
v -0.02549792 -0.01685702 0.23263570
v 0.01143790 -0.02796972 0.23275152
v 0.00770318 -0.03151958 0.23631451
v 0.00747504 -0.02910418 0.23266214
v -0.01833027 -0.02707242 0.24045859
v -0.02114467 -0.02450734 0.25129120
v -0.02133908 -0.02460315 0.24045859
v 0.01700355 -0.02766726 0.23631450
v 0.01356161 -0.02709006 0.23275152
v 0.01677541 -0.02525186 0.23266214
v 0.02163607 -0.02391630 0.23619867
v 0.01861918 -0.02397524 0.23263569
v 0.02163607 -0.02149935 0.23263569
v -0.03107578 -0.00274545 0.23584978
v -0.03145832 -0.00013040 0.25027418
v -0.03145832 0.00090264 0.23584978
v -0.01332216 -0.02709004 0.23275152
v -0.01676409 -0.02766724 0.23631451
v -0.01653596 -0.02525183 0.23266214
v -0.00092912 -0.03446098 0.25692559
v -0.00347590 -0.03403348 0.25822569
v -0.00447356 -0.03412020 0.25692243
v -0.00746374 -0.03151958 0.23631451
v -0.01119845 -0.02796971 0.23275152
v -0.00723560 -0.02910417 0.23266214
v 0.00126537 -0.03401380 0.24153896
v 0.00509349 -0.03416245 0.25150129
v 0.00125548 -0.03454050 0.25150129
v -0.00491333 -0.03262115 0.23734829
v -0.00102954 -0.03300369 0.23734829
v -0.00751388 -0.03217543 0.23749059
v 0.01178765 -0.03220032 0.24204800
v 0.00758276 -0.03362720 0.25152952
v 0.00753954 -0.03321826 0.24165521
v 0.00515279 -0.03262116 0.23734829
v -0.01837973 -0.02397521 0.23263569
v -0.02139661 -0.02391627 0.23619867
v -0.02139661 -0.02149932 0.23263569
v 0.00775333 -0.03217543 0.23749059
v 0.01265759 -0.03105168 0.23797140
v 0.01469980 -0.03053523 0.25144908
v 0.00679265 -0.03357832 0.25706080
v 0.00774490 -0.03290731 0.25834976
v 0.00526910 -0.03372223 0.25825085
v -0.03062733 -0.00493016 0.25027418
v 0.00515307 0.03190880 0.25027419
v 0.01114231 0.03032743 0.25027419
v 0.01670795 0.02760801 0.25027419
v 0.02163612 0.02385503 0.25027419
v 0.02573742 0.01921273 0.25027418
v 0.02885425 0.01385950 0.25027418
v 0.03086682 0.00800108 0.25027418
v 0.03169781 0.00186258 0.25027418
v 0.03086682 -0.00493017 0.25027418
v 0.03131527 -0.00298135 0.25027418
v 0.02326149 -0.02229089 0.23619867
v 0.01861919 -0.02639219 0.23619867
v -0.00099961 -0.03455066 0.25614870
v -0.01816312 -0.02695424 0.25129120
v -0.02275105 -0.02290096 0.25129120
v -0.00101599 -0.03454050 0.25150129
v 0.00126907 -0.03235257 0.23619867
v 0.00126902 -0.03300369 0.23734829
v -0.01432124 -0.02950024 0.23670594
v -0.01241811 -0.03105168 0.23797140
v 0.01243701 -0.03037991 0.23670594
v 0.01456072 -0.02950025 0.23670594
v -0.01505894 -0.03003257 0.25140704
v -0.00730006 -0.03321826 0.24165521
v 0.00513682 -0.03363237 0.24153896
v 0.01215676 -0.03219646 0.25162489
v 0.01203524 -0.03213028 0.25498507
v -0.00502961 -0.03372223 0.25825085
v -0.00070131 -0.03427036 0.25823958
v 0.01027587 -0.03208793 0.25753160
v -0.00102960 -0.03235257 0.23619867
v -0.01219754 -0.03037990 0.23670594
v -0.01837973 -0.02639216 0.23619867
v -0.02302203 -0.02229086 0.23619867
v -0.03107578 -0.00298134 0.25027418
v -0.03145832 0.00186259 0.25027418
v -0.03062734 0.00800108 0.25027418
v -0.02861476 0.01385951 0.25027418
v -0.02549793 0.01921273 0.25027418
v -0.02139663 0.02385503 0.25027419
v -0.01646846 0.02760801 0.25027419
v -0.01090282 0.03032743 0.25027419
v -0.00491358 0.03190880 0.25027419
v 0.02563543 -0.01996686 0.24047183
v 0.02157855 -0.02460317 0.24045859
v 0.01705779 -0.02834409 0.24057443
v -0.00706945 -0.03357523 0.25628906
v 0.00471305 -0.03412020 0.25692243
v 0.01424380 -0.03067715 0.24115878
v 0.00506721 -0.03428707 0.25483737
v 0.01417136 0.03628127 0.00269852
v -0.03380382 0.01640931 0.00269852
v -0.01393186 -0.03156585 0.00269851
v 0.00011973 -0.03436089 0.00000000
v 0.00011974 -0.03476544 0.00033696
v -0.00068083 -0.03462594 0.00018869
v 0.00092029 -0.03462594 0.00018869
v 0.00081296 -0.03483864 0.00070178
v 0.00145625 -0.03484337 0.00134926
v 0.00225599 -0.03476073 0.00068033
v 0.00377161 -0.03472057 0.00134926
v -0.00057349 -0.03483864 0.00070178
v -0.00201653 -0.03476073 0.00068033
v -0.00121678 -0.03484337 0.00134926
v -0.00353215 -0.03472057 0.00134926
v 0.00011973 -0.03436089 0.00269851
v 0.00011974 -0.03476544 0.00236155
v 0.00092029 -0.03462594 0.00250982
v -0.00068083 -0.03462594 0.00250982
v -0.00057349 -0.03483864 0.00199673
v -0.00201653 -0.03476073 0.00201818
v 0.00225599 -0.03476073 0.00201818
v 0.00081296 -0.03483864 0.00199673
v -0.00704369 -0.03365535 0.00000000
v -0.00712262 -0.03405212 0.00033695
v -0.00788058 -0.03375913 0.00018869
v -0.00631022 -0.03407149 0.00018869
v -0.00645699 -0.03425917 0.00070178
v -0.00582698 -0.03438930 0.00134926
v -0.00502648 -0.03446428 0.00068034
v -0.00781681 -0.03398868 0.00070178
v -0.00921693 -0.03363074 0.00068034
v -0.00844867 -0.03386781 0.00134926
v -0.01069559 -0.03329567 0.00134926
v -0.00704369 -0.03365536 0.00269851
v -0.00712262 -0.03405213 0.00236155
v -0.00631022 -0.03407149 0.00250982
v -0.00788058 -0.03375913 0.00250982
v -0.00781681 -0.03398868 0.00199673
v -0.00921693 -0.03363074 0.00201818
v -0.00502648 -0.03446428 0.00201818
v -0.00645699 -0.03425917 0.00199673
v -0.01393186 -0.03156585 0.00000000
v -0.01408667 -0.03193961 0.00033696
v -0.01477291 -0.03150436 0.00018869
v -0.01329366 -0.03211709 0.00018869
v -0.01347422 -0.03227253 0.00070178
v -0.01288171 -0.03252307 0.00134926
v -0.01211121 -0.03275277 0.00068034
v -0.01475514 -0.03174195 0.00070178
v -0.01605853 -0.03111774 0.00068034
v -0.01535128 -0.03150014 0.00134926
v -0.01744341 -0.03050063 0.00134926
v -0.01408667 -0.03193961 0.00236156
v -0.01329366 -0.03211709 0.00250982
v -0.01477291 -0.03150436 0.00250982
v -0.01475515 -0.03174195 0.00199673
v -0.01605853 -0.03111774 0.00201818
v -0.01211121 -0.03275277 0.00201818
v -0.01347422 -0.03227253 0.00199673
v -0.02028002 -0.02817269 0.00000000
v -0.02050477 -0.02850905 0.00033696
v -0.02109292 -0.02794830 0.00018869
v -0.01976163 -0.02883784 0.00018869
v -0.01996904 -0.02895506 0.00070178
v -0.01943679 -0.02931639 0.00134926
v -0.01872591 -0.02969199 0.00068034
v -0.02165935 -0.02783132 0.00134926
v -0.02227840 -0.02731829 0.00068034
v -0.02351628 -0.02644287 0.00134926
v -0.02112184 -0.02818478 0.00070178
v -0.02028002 -0.02817269 0.00269851
v -0.02050478 -0.02850906 0.00236156
v -0.01976163 -0.02883784 0.00250982
v -0.02109292 -0.02794830 0.00250982
v -0.02112184 -0.02818479 0.00199673
v -0.02227840 -0.02731829 0.00201818
v -0.01996904 -0.02895506 0.00199673
v -0.01872591 -0.02969200 0.00201818
v -0.02584422 -0.02360626 0.00000000
v -0.02613028 -0.02389232 0.00033696
v -0.02659773 -0.02322760 0.00018870
v -0.02546556 -0.02435977 0.00018870
v -0.02569186 -0.02443427 0.00070178
v -0.02524033 -0.02489249 0.00134926
v -0.02461638 -0.02539957 0.00068034
v -0.02713046 -0.02300236 0.00134926
v -0.02763753 -0.02237842 0.00068034
v -0.02868084 -0.02127831 0.00134926
v -0.02667223 -0.02345389 0.00070178
v -0.02584422 -0.02360626 0.00269851
v -0.02613028 -0.02389232 0.00236156
v -0.02546556 -0.02435977 0.00250982
v -0.02659773 -0.02322760 0.00250982
v -0.02667223 -0.02345389 0.00199673
v -0.02763753 -0.02237842 0.00201818
v -0.02461638 -0.02539957 0.00201818
v -0.02569186 -0.02443427 0.00199673
v -0.03041066 -0.01804204 0.00000000
v -0.03074703 -0.01826680 0.00033696
v -0.03107581 -0.01752365 0.00018870
v -0.03018627 -0.01885495 0.00018870
v -0.03042276 -0.01888387 0.00070178
v -0.03006929 -0.01942138 0.00134926
v -0.02955627 -0.02004043 0.00068034
v -0.03155436 -0.01719882 0.00134926
v -0.03192997 -0.01648794 0.00068034
v -0.03273860 -0.01520544 0.00134926
v -0.03119303 -0.01773107 0.00070179
v -0.03041066 -0.01804204 0.00269851
v -0.03074703 -0.01826680 0.00236156
v -0.03018627 -0.01885495 0.00250982
v -0.03107581 -0.01752365 0.00250982
v -0.03119303 -0.01773107 0.00199673
v -0.03192997 -0.01648794 0.00201818
v -0.03042276 -0.01888387 0.00199673
v -0.02955627 -0.02004043 0.00201818
v -0.03380381 -0.01169389 0.00000000
v -0.03417757 -0.01184871 0.00033696
v -0.03435505 -0.01105570 0.00018870
v -0.03374233 -0.01253495 0.00018870
v -0.03397991 -0.01251718 0.00070178
v -0.03373811 -0.01311331 0.00134926
v -0.03335571 -0.01382056 0.00068034
v -0.03451049 -0.01123626 0.00070178
v -0.03499073 -0.00987325 0.00068034
v -0.03476104 -0.01064374 0.00134926
v -0.03553364 -0.00845762 0.00134926
v -0.03380381 -0.01169389 0.00269851
v -0.03417757 -0.01184871 0.00236156
v -0.03374233 -0.01253495 0.00250982
v -0.03435505 -0.01105570 0.00250982
v -0.03451049 -0.01123626 0.00199674
v -0.03499074 -0.00987325 0.00201818
v -0.03335571 -0.01382056 0.00201818
v -0.03397992 -0.01251718 0.00199674
v -0.03589332 -0.00480573 0.00000001
v -0.03629009 -0.00488466 0.00033696
v -0.03630946 -0.00407226 0.00018870
v -0.03599710 -0.00564262 0.00018870
v -0.03622665 -0.00557885 0.00070179
v -0.03610578 -0.00621071 0.00134926
v -0.03586871 -0.00697896 0.00068034
v -0.03662727 -0.00358902 0.00134926
v -0.03670224 -0.00278852 0.00068034
v -0.03695854 -0.00129418 0.00134926
v -0.03649713 -0.00421903 0.00070179
v -0.03589332 -0.00480573 0.00269852
v -0.03629009 -0.00488466 0.00236156
v -0.03599709 -0.00564262 0.00250982
v -0.03630946 -0.00407226 0.00250982
v -0.03649713 -0.00421903 0.00199674
v -0.03670224 -0.00278852 0.00201818
v -0.03586871 -0.00697896 0.00201818
v -0.03622665 -0.00557885 0.00199674
v -0.03659886 0.00235771 0.00000001
v -0.03700341 0.00235771 0.00033696
v -0.03686391 0.00315828 0.00018870
v -0.03686391 0.00155714 0.00018870
v -0.03707661 0.00166448 0.00070179
v -0.03708134 0.00102118 0.00134926
v -0.03699870 0.00022143 0.00068034
v -0.03707661 0.00305094 0.00070179
v -0.03699870 0.00449399 0.00068034
v -0.03708134 0.00369423 0.00134926
v -0.03695854 0.00600960 0.00134926
v -0.03659886 0.00235771 0.00269852
v -0.03700341 0.00235771 0.00236156
v -0.03686391 0.00155714 0.00250982
v -0.03686391 0.00315828 0.00250982
v -0.03707661 0.00305094 0.00199673
v -0.03699870 0.00449399 0.00201818
v -0.03699870 0.00022143 0.00201818
v -0.03707661 0.00166448 0.00199674
v -0.03589332 0.00952115 0.00000001
v -0.03629009 0.00960007 0.00033696
v -0.03599709 0.01035804 0.00018870
v -0.03630946 0.00878768 0.00018870
v -0.03649713 0.00893444 0.00070179
v -0.03662727 0.00830443 0.00134926
v -0.03670224 0.00750393 0.00068034
v -0.03622665 0.01029426 0.00070179
v -0.03586871 0.01169438 0.00068034
v -0.03610578 0.01092612 0.00134926
v -0.03553364 0.01317304 0.00134926
v -0.03589332 0.00952115 0.00269852
v -0.03629009 0.00960007 0.00236156
v -0.03630946 0.00878768 0.00250982
v -0.03599709 0.01035804 0.00250982
v -0.03622665 0.01029426 0.00199674
v -0.03586871 0.01169438 0.00201818
v -0.03649713 0.00893444 0.00199674
v -0.03670224 0.00750393 0.00201818
v -0.03380382 0.01640931 0.00000001
v -0.03417757 0.01656412 0.00033696
v -0.03374233 0.01725036 0.00018870
v -0.03435505 0.01577111 0.00018870
v -0.03451049 0.01595167 0.00070179
v -0.03476104 0.01535915 0.00134926
v -0.03499074 0.01458866 0.00068034
v -0.03373811 0.01782873 0.00134926
v -0.03335571 0.01853597 0.00068034
v -0.03273860 0.01992086 0.00134926
v -0.03397992 0.01723259 0.00070179
v -0.03417757 0.01656412 0.00236156
v -0.03435505 0.01577111 0.00250982
v -0.03374233 0.01725036 0.00250982
v -0.03397992 0.01723259 0.00199674
v -0.03335571 0.01853597 0.00201819
v -0.03451049 0.01595167 0.00199674
v -0.03499074 0.01458866 0.00201818
v -0.03041066 0.02275746 0.00000001
v -0.03074703 0.02298222 0.00033696
v -0.03018627 0.02357036 0.00018870
v -0.03107581 0.02223907 0.00018870
v -0.03119303 0.02244649 0.00070179
v -0.03155436 0.02191424 0.00134926
v -0.03192996 0.02120336 0.00068034
v -0.03006929 0.02413680 0.00134926
v -0.02955627 0.02475585 0.00068034
v -0.02868084 0.02599374 0.00134926
v -0.03042275 0.02359929 0.00070179
v -0.03041066 0.02275746 0.00269852
v -0.03074702 0.02298222 0.00236156
v -0.03107581 0.02223907 0.00250982
v -0.03018627 0.02357036 0.00250982
v -0.03042276 0.02359929 0.00199674
v -0.02955626 0.02475586 0.00201819
v -0.03119303 0.02244649 0.00199674
v -0.03192996 0.02120336 0.00201818
v -0.02584422 0.02832168 0.00000001
v -0.02613028 0.02860774 0.00033697
v -0.02546556 0.02907519 0.00018870
v -0.02659773 0.02794302 0.00018870
v -0.02667223 0.02816932 0.00070179
v -0.02713046 0.02771778 0.00134927
v -0.02763753 0.02709384 0.00068034
v -0.02524033 0.02960791 0.00134927
v -0.02461638 0.03011499 0.00068034
v -0.02351628 0.03115829 0.00134927
v -0.02569186 0.02914969 0.00070179
v -0.02584422 0.02832168 0.00269852
v -0.02613029 0.02860774 0.00236157
v -0.02659773 0.02794302 0.00250982
v -0.02546556 0.02907519 0.00250983
v -0.02569186 0.02914969 0.00199674
v -0.02461638 0.03011498 0.00201819
v -0.02763753 0.02709384 0.00201819
v -0.02667224 0.02816932 0.00199674
v -0.02028002 0.03288811 0.00000001
v -0.02050478 0.03322448 0.00033697
v -0.01976163 0.03355326 0.00018871
v -0.02109292 0.03266372 0.00018871
v -0.02112184 0.03290020 0.00070179
v -0.02165935 0.03254675 0.00134927
v -0.02227840 0.03203371 0.00068034
v -0.01996904 0.03367049 0.00070179
v -0.01872591 0.03440742 0.00068035
v -0.01943679 0.03403181 0.00134927
v -0.01744341 0.03521606 0.00134927
v -0.02028002 0.03288811 0.00269852
v -0.02050478 0.03322448 0.00236157
v -0.02109292 0.03266372 0.00250983
v -0.01976163 0.03355326 0.00250983
v -0.01996904 0.03367048 0.00199674
v -0.01872591 0.03440742 0.00201819
v -0.02227840 0.03203371 0.00201819
v -0.02112184 0.03290021 0.00199674
v -0.01393185 0.03628128 0.00000001
v -0.01408666 0.03665503 0.00033697
v -0.01329365 0.03683252 0.00018871
v -0.01477291 0.03621979 0.00018871
v -0.01475514 0.03645737 0.00070179
v -0.01535127 0.03621556 0.00134927
v -0.01605853 0.03583317 0.00068035
v -0.01288170 0.03723850 0.00134927
v -0.01211120 0.03746820 0.00068035
v -0.01069559 0.03801109 0.00134927
v -0.01347421 0.03698795 0.00070179
v -0.01393185 0.03628128 0.00269852
v -0.01408666 0.03665503 0.00236157
v -0.01477291 0.03621979 0.00250983
v -0.01329365 0.03683252 0.00250983
v -0.01347422 0.03698795 0.00199674
v -0.01211120 0.03746820 0.00201819
v -0.01605853 0.03583317 0.00201819
v -0.01475514 0.03645738 0.00199674
v -0.00704370 0.03837077 0.00000001
v -0.00712262 0.03876754 0.00033697
v -0.00631023 0.03878691 0.00018871
v -0.00788058 0.03847454 0.00018871
v -0.00781681 0.03870410 0.00070179
v -0.00844866 0.03858324 0.00134927
v -0.00921692 0.03834616 0.00068035
v -0.00582697 0.03910472 0.00134927
v -0.00502648 0.03917969 0.00068035
v -0.00353214 0.03943599 0.00134927
v -0.00645699 0.03897458 0.00070179
v -0.00704370 0.03837077 0.00269852
v -0.00712262 0.03876754 0.00236157
v -0.00788058 0.03847455 0.00250983
v -0.00631023 0.03878691 0.00250983
v -0.00645699 0.03897459 0.00199674
v -0.00502648 0.03917969 0.00201819
v -0.00921692 0.03834616 0.00201819
v -0.00781681 0.03870410 0.00199674
v 0.00011976 0.03907631 0.00000001
v 0.00011976 0.03948085 0.00033697
v 0.00092032 0.03934135 0.00018871
v -0.00068081 0.03934136 0.00018871
v -0.00057347 0.03955407 0.00070179
v -0.00121677 0.03955879 0.00134927
v -0.00201652 0.03947615 0.00068035
v 0.00145628 0.03955879 0.00134927
v 0.00225603 0.03947614 0.00068035
v 0.00377165 0.03943599 0.00134927
v 0.00081299 0.03955407 0.00070179
v 0.00011976 0.03907631 0.00269852
v 0.00011976 0.03948086 0.00236157
v -0.00068080 0.03934136 0.00250983
v 0.00092032 0.03934135 0.00250983
v 0.00081299 0.03955406 0.00199674
v 0.00225603 0.03947614 0.00201819
v -0.00201652 0.03947615 0.00201819
v -0.00057347 0.03955406 0.00199674
v 0.00728320 0.03837077 0.00000001
v 0.00736212 0.03876754 0.00033697
v 0.00812010 0.03847455 0.00018871
v 0.00654972 0.03878691 0.00018871
v 0.00669650 0.03897458 0.00070179
v 0.00606648 0.03910473 0.00134927
v 0.00526598 0.03917969 0.00068035
v 0.00868817 0.03858324 0.00134927
v 0.00945644 0.03834616 0.00068035
v 0.01093509 0.03801109 0.00134927
v 0.00805632 0.03870410 0.00070179
v 0.00728320 0.03837077 0.00269852
v 0.00736212 0.03876754 0.00236156
v 0.00654972 0.03878691 0.00250983
v 0.00812010 0.03847455 0.00250983
v 0.00805632 0.03870410 0.00199674
v 0.00945644 0.03834616 0.00201819
v 0.00669650 0.03897458 0.00199674
v 0.00526598 0.03917969 0.00201819
v 0.01417136 0.03628127 0.00000001
v 0.01432617 0.03665502 0.00033697
v 0.01501242 0.03621978 0.00018871
v 0.01353316 0.03683250 0.00018870
v 0.01371373 0.03698794 0.00070179
v 0.01312121 0.03723849 0.00134927
v 0.01235071 0.03746819 0.00068035
v 0.01499465 0.03645736 0.00070179
v 0.01629803 0.03583315 0.00068035
v 0.01559079 0.03621555 0.00134927
v 0.01768292 0.03521604 0.00134927
v 0.01432617 0.03665501 0.00236157
v 0.01353316 0.03683250 0.00250983
v 0.01501242 0.03621978 0.00250983
v 0.01499465 0.03645736 0.00199674
v 0.01629803 0.03583315 0.00201819
v 0.01235071 0.03746818 0.00201819
v 0.01371373 0.03698794 0.00199674
v 0.02051952 0.03288810 0.00000001
v 0.02074428 0.03322447 0.00033697
v 0.02133242 0.03266371 0.00018871
v 0.02000113 0.03355325 0.00018871
v 0.02020855 0.03367047 0.00070179
v 0.01967629 0.03403180 0.00134927
v 0.01896541 0.03440741 0.00068035
v 0.02136135 0.03290019 0.00070179
v 0.02251791 0.03203370 0.00068034
v 0.02189885 0.03254673 0.00134927
v 0.02375579 0.03115828 0.00134927
v 0.02051952 0.03288810 0.00269852
v 0.02074427 0.03322447 0.00236157
v 0.02000113 0.03355325 0.00250983
v 0.02133242 0.03266371 0.00250983
v 0.02136135 0.03290020 0.00199674
v 0.02251790 0.03203370 0.00201819
v 0.01896542 0.03440740 0.00201819
v 0.02020855 0.03367047 0.00199674
v 0.02608373 0.02832167 0.00000001
v 0.02636979 0.02860772 0.00033697
v 0.02683723 0.02794300 0.00018871
v 0.02570506 0.02907517 0.00018870
v 0.02593136 0.02914967 0.00070179
v 0.02547983 0.02960789 0.00134927
v 0.02485589 0.03011497 0.00068034
v 0.02691174 0.02816930 0.00070179
v 0.02787703 0.02709382 0.00068034
v 0.02736996 0.02771776 0.00134927
v 0.02892034 0.02599372 0.00134926
v 0.02608373 0.02832167 0.00269852
v 0.02636979 0.02860773 0.00236156
v 0.02570506 0.02907517 0.00250982
v 0.02683723 0.02794300 0.00250983
v 0.02691174 0.02816930 0.00199674
v 0.02787703 0.02709382 0.00201819
v 0.02485589 0.03011497 0.00201819
v 0.02593137 0.02914967 0.00199674
v 0.03065016 0.02275745 0.00000001
v 0.03098653 0.02298220 0.00033697
v 0.03131531 0.02223906 0.00018871
v 0.03042577 0.02357034 0.00018870
v 0.03066225 0.02359927 0.00070179
v 0.03030879 0.02413678 0.00134926
v 0.02979576 0.02475584 0.00068034
v 0.03179386 0.02191422 0.00134926
v 0.03216946 0.02120334 0.00068034
v 0.03297810 0.01992084 0.00134926
v 0.03143253 0.02244647 0.00070179
v 0.03065016 0.02275745 0.00269852
v 0.03098653 0.02298220 0.00236157
v 0.03042577 0.02357034 0.00250983
v 0.03131531 0.02223906 0.00250983
v 0.03143253 0.02244647 0.00199674
v 0.03216946 0.02120334 0.00201819
v 0.03066225 0.02359927 0.00199674
v 0.02979576 0.02475584 0.00201819
v 0.03404332 0.01640928 0.00000001
v 0.03441707 0.01656409 0.00033697
v 0.03459456 0.01577108 0.00018870
v 0.03398183 0.01725034 0.00018870
v 0.03421941 0.01723257 0.00070179
v 0.03397760 0.01782871 0.00134926
v 0.03359521 0.01853596 0.00068034
v 0.03500053 0.01535913 0.00134926
v 0.03523024 0.01458863 0.00068034
v 0.03577313 0.01317302 0.00134926
v 0.03474999 0.01595164 0.00070179
v 0.03404332 0.01640928 0.00269852
v 0.03441707 0.01656409 0.00236156
v 0.03398183 0.01725034 0.00250982
v 0.03459456 0.01577108 0.00250982
v 0.03474999 0.01595164 0.00199674
v 0.03523024 0.01458863 0.00201818
v 0.03359521 0.01853596 0.00201819
v 0.03421941 0.01723257 0.00199674
v 0.03613281 0.00952111 0.00000001
v 0.03652958 0.00960004 0.00033696
v 0.03654895 0.00878764 0.00018870
v 0.03623659 0.01035800 0.00018870
v 0.03646614 0.01029423 0.00070179
v 0.03634528 0.01092609 0.00134926
v 0.03610820 0.01169435 0.00068034
v 0.03686676 0.00830441 0.00134926
v 0.03694174 0.00750390 0.00068034
v 0.03719802 0.00600957 0.00134926
v 0.03673662 0.00893441 0.00070179
v 0.03613281 0.00952111 0.00269852
v 0.03652958 0.00960004 0.00236156
v 0.03623659 0.01035800 0.00250982
v 0.03654895 0.00878764 0.00250982
v 0.03673662 0.00893441 0.00199674
v 0.03694174 0.00750390 0.00201818
v 0.03610820 0.01169435 0.00201818
v 0.03646614 0.01029424 0.00199674
v 0.03683834 0.00235769 0.00000001
v 0.03724289 0.00235768 0.00033696
v 0.03710339 0.00155712 0.00018870
v 0.03710339 0.00315825 0.00018870
v 0.03731609 0.00305091 0.00070179
v 0.03732083 0.00369420 0.00134926
v 0.03723818 0.00449396 0.00068034
v 0.03731609 0.00166445 0.00070178
v 0.03723817 0.00022141 0.00068034
v 0.03732082 0.00102115 0.00134926
v 0.03719802 -0.00129422 0.00134926
v 0.03683834 0.00235768 0.00269852
v 0.03724289 0.00235768 0.00236156
v 0.03710339 0.00315825 0.00250982
v 0.03710339 0.00155712 0.00250982
v 0.03731609 0.00166445 0.00199673
v 0.03723817 0.00022141 0.00201818
v 0.03723819 0.00449396 0.00201818
v 0.03731610 0.00305091 0.00199674
v 0.03613280 -0.00480577 0.00000001
v 0.03652957 -0.00488470 0.00033696
v 0.03623657 -0.00564267 0.00018870
v 0.03654894 -0.00407230 0.00018870
v 0.03673661 -0.00421907 0.00070178
v 0.03686675 -0.00358905 0.00134926
v 0.03694172 -0.00278855 0.00068034
v 0.03646612 -0.00557889 0.00070179
v 0.03610819 -0.00697900 0.00068034
v 0.03634527 -0.00621074 0.00134926
v 0.03577311 -0.00845766 0.00134926
v 0.03613280 -0.00480577 0.00269852
v 0.03652957 -0.00488470 0.00236156
v 0.03654894 -0.00407230 0.00250982
v 0.03623657 -0.00564267 0.00250982
v 0.03646612 -0.00557889 0.00199673
v 0.03610819 -0.00697900 0.00201818
v 0.03694172 -0.00278855 0.00201818
v 0.03673661 -0.00421907 0.00199674
v 0.03404329 -0.01169393 0.00000000
v 0.03441705 -0.01184874 0.00033696
v 0.03398180 -0.01253498 0.00018870
v 0.03459454 -0.01105572 0.00018870
v 0.03474996 -0.01123629 0.00070178
v 0.03500052 -0.01064378 0.00134926
v 0.03523022 -0.00987328 0.00068034
v 0.03421939 -0.01251722 0.00070179
v 0.03359518 -0.01382060 0.00068034
v 0.03397758 -0.01311335 0.00134926
v 0.03297807 -0.01520548 0.00134926
v 0.03404329 -0.01169393 0.00269851
v 0.03441704 -0.01184874 0.00236156
v 0.03459453 -0.01105572 0.00250982
v 0.03398180 -0.01253499 0.00250982
v 0.03421939 -0.01251722 0.00199673
v 0.03359518 -0.01382060 0.00201818
v 0.03523022 -0.00987328 0.00201818
v 0.03474997 -0.01123629 0.00199674
v 0.03065011 -0.01804209 0.00000000
v 0.03098649 -0.01826684 0.00033696
v 0.03042572 -0.01885499 0.00018870
v 0.03131527 -0.01752370 0.00018870
v 0.03143249 -0.01773111 0.00070178
v 0.03179382 -0.01719886 0.00134926
v 0.03216942 -0.01648798 0.00068034
v 0.03030875 -0.01942142 0.00134926
v 0.02979572 -0.02004047 0.00068034
v 0.02892029 -0.02127835 0.00134926
v 0.03066221 -0.01888391 0.00070178
v 0.03065011 -0.01804209 0.00269851
v 0.03098649 -0.01826684 0.00236156
v 0.03131527 -0.01752370 0.00250982
v 0.03042572 -0.01885499 0.00250982
v 0.03066221 -0.01888391 0.00199673
v 0.02979572 -0.02004048 0.00201818
v 0.03143249 -0.01773111 0.00199673
v 0.03216943 -0.01648798 0.00201818
v 0.02608368 -0.02360628 0.00000000
v 0.02636973 -0.02389235 0.00033696
v 0.02570501 -0.02435980 0.00018870
v 0.02683719 -0.02322762 0.00018869
v 0.02691169 -0.02345393 0.00070178
v 0.02736992 -0.02300239 0.00134926
v 0.02787698 -0.02237845 0.00068034
v 0.02593131 -0.02443430 0.00070178
v 0.02485584 -0.02539960 0.00068034
v 0.02547978 -0.02489252 0.00134926
v 0.02375573 -0.02644290 0.00134926
v 0.02608369 -0.02360629 0.00269851
v 0.02636974 -0.02389234 0.00236156
v 0.02683719 -0.02322762 0.00250982
v 0.02570502 -0.02435979 0.00250982
v 0.02593132 -0.02443430 0.00199673
v 0.02485584 -0.02539959 0.00201818
v 0.02787698 -0.02237845 0.00201818
v 0.02691169 -0.02345393 0.00199673
v 0.02051946 -0.02817272 0.00000000
v 0.02074421 -0.02850908 0.00033695
v 0.02000107 -0.02883787 0.00018869
v 0.02133236 -0.02794833 0.00018869
v 0.02136128 -0.02818481 0.00070178
v 0.02189879 -0.02783135 0.00134926
v 0.02251785 -0.02731832 0.00068034
v 0.02020848 -0.02895509 0.00070178
v 0.01896535 -0.02969202 0.00068034
v 0.01967623 -0.02931642 0.00134926
v 0.01768285 -0.03050066 0.00134926
v 0.02051946 -0.02817272 0.00269851
v 0.02074421 -0.02850909 0.00236156
v 0.02133235 -0.02794833 0.00250982
v 0.02000106 -0.02883787 0.00250982
v 0.02020848 -0.02895509 0.00199673
v 0.01896535 -0.02969202 0.00201818
v 0.02251785 -0.02731833 0.00201818
v 0.02136128 -0.02818481 0.00199673
v 0.01417129 -0.03156587 0.00000000
v 0.01432610 -0.03193963 0.00033695
v 0.01353309 -0.03211711 0.00018869
v 0.01501235 -0.03150438 0.00018869
v 0.01499458 -0.03174197 0.00070178
v 0.01559072 -0.03150016 0.00134926
v 0.01629797 -0.03111776 0.00068034
v 0.01312114 -0.03252309 0.00134926
v 0.01235064 -0.03275279 0.00068034
v 0.01093502 -0.03329569 0.00134926
v 0.01371366 -0.03227255 0.00070178
v 0.01417129 -0.03156587 0.00269851
v 0.01432610 -0.03193963 0.00236156
v 0.01501235 -0.03150438 0.00250982
v 0.01353309 -0.03211711 0.00250982
v 0.01371366 -0.03227254 0.00199673
v 0.01235064 -0.03275279 0.00201818
v 0.01629797 -0.03111776 0.00201818
v 0.01499458 -0.03174197 0.00199673
v 0.00728314 -0.03365536 0.00000000
v 0.00736206 -0.03405214 0.00033696
v 0.00654968 -0.03407149 0.00018869
v 0.00812003 -0.03375914 0.00018869
v 0.00805625 -0.03398869 0.00070178
v 0.00868811 -0.03386783 0.00134926
v 0.00945636 -0.03363076 0.00068034
v 0.00669644 -0.03425917 0.00070178
v 0.00526594 -0.03446428 0.00068034
v 0.00606643 -0.03438931 0.00134926
v 0.00728314 -0.03365536 0.00269851
v 0.00736206 -0.03405213 0.00236155
v 0.00812003 -0.03375914 0.00250982
v 0.00654968 -0.03407150 0.00250982
v 0.00669644 -0.03425917 0.00199673
v 0.00526594 -0.03446428 0.00201818
v 0.00945636 -0.03363076 0.00201818
v 0.00805625 -0.03398869 0.00199673
v -0.01524983 -0.03579050 0.00148904
v -0.00818969 -0.03737114 0.00095215
v -0.00829494 -0.03790025 0.00148903
v -0.02867857 -0.02700498 0.00148903
v -0.02276075 -0.03116707 0.00095215
v -0.02306047 -0.03161563 0.00148904
v -0.03385360 -0.02082250 0.00148904
v -0.02886146 -0.02605914 0.00095215
v -0.02924294 -0.02644062 0.00148903
v -0.03772304 -0.01374923 0.00148904
v -0.03384846 -0.01985917 0.00095215
v -0.03429701 -0.02015889 0.00148904
v -0.03802847 -0.01301186 0.00148904
v -0.03960909 -0.00595174 0.00095215
v -0.03753006 -0.01280541 0.00095215
v -0.04100629 0.00195864 0.00148904
v -0.03976480 -0.00516895 0.00095216
v -0.04029392 -0.00527420 0.00148904
v -0.04100629 0.00275676 0.00148904
v -0.03976481 0.00988434 0.00095216
v -0.04046681 0.00275676 0.00095216
v -0.03802847 0.01772727 0.00148905
v -0.03960910 0.01066713 0.00095216
v -0.04013822 0.01077238 0.00148904
v -0.03429701 0.02487429 0.00148904
v -0.03722462 0.01825820 0.00095216
v -0.03772304 0.01846464 0.00148904
v -0.03385360 0.02553791 0.00148904
v -0.02886146 0.03077455 0.00095216
v -0.03340504 0.02523819 0.00095216
v -0.02306046 0.03633104 0.00148905
v -0.02829711 0.03133891 0.00095216
v -0.02867857 0.03172038 0.00148905
v -0.02239685 0.03677446 0.00148905
v -0.01578075 0.03970207 0.00095216
v -0.02209713 0.03632590 0.00095217
v -0.01524982 0.04050592 0.00148905
v -0.00818968 0.04208655 0.00095216
v -0.01504338 0.04000750 0.00095216
v -0.00027931 0.04348374 0.00148905
v -0.00740689 0.04224225 0.00095217
v -0.00751214 0.04277137 0.00148905
v 0.00051882 0.04348374 0.00148905
v 0.00764640 0.04224225 0.00095216
v 0.00051882 0.04294426 0.00095217
v 0.00853444 0.04261566 0.00148905
v 0.01528287 0.04000750 0.00095216
v 0.00842919 0.04208654 0.00095216
v 0.01622669 0.04020048 0.00148905
v 0.02233663 0.03632588 0.00095216
v 0.01602024 0.03970207 0.00095217
v 0.02329997 0.03633103 0.00148905
v 0.02853660 0.03133889 0.00095216
v 0.02300025 0.03588247 0.00095217
v 0.02948243 0.03115600 0.00148905
v 0.03364454 0.02523817 0.00095216
v 0.02910096 0.03077453 0.00095216
v 0.03453651 0.02487427 0.00148904
v 0.03746412 0.01825817 0.00095216
v 0.03408795 0.02457455 0.00095216
v 0.03826797 0.01772724 0.00148905
v 0.03984859 0.01066710 0.00095216
v 0.03776955 0.01752080 0.00095216
v 0.04124577 0.00275673 0.00148904
v 0.04000429 0.00988431 0.00095216
v 0.04053341 0.00998956 0.00148904
v 0.04053340 -0.00527424 0.00148904
v 0.04070629 0.00195860 0.00095216
v 0.04124577 0.00195860 0.00148904
v 0.03826794 -0.01301190 0.00148904
v 0.03984857 -0.00595178 0.00095216
v 0.04037769 -0.00605703 0.00148904
v 0.03796251 -0.01374927 0.00148904
v 0.03408791 -0.01985920 0.00095215
v 0.03746410 -0.01354282 0.00095216
v 0.03409305 -0.02082254 0.00148904
v 0.02910091 -0.02605918 0.00095215
v 0.03364450 -0.02052282 0.00095215
v 0.02891802 -0.02700501 0.00148903
v 0.02300020 -0.03116710 0.00095215
v 0.02853655 -0.02662354 0.00095215
v 0.02263629 -0.03205908 0.00148904
v 0.01602017 -0.03498669 0.00095215
v 0.02233658 -0.03161051 0.00095215
v 0.00853436 -0.03790027 0.00148903
v 0.01528280 -0.03529212 0.00095215
v 0.01548925 -0.03579054 0.00148904
v 0.00584030 -0.03852844 0.01201633
v 0.00248553 -0.03885885 0.00217192
v 0.00584030 -0.03852844 0.00217192
v -0.02239685 -0.03205905 0.00148903
v -0.01578076 -0.03498666 0.00095215
v -0.01598720 -0.03548507 0.00148903
v -0.01024154 -0.03760534 0.01201633
v -0.01346745 -0.03662677 0.00217192
v -0.01024154 -0.03760534 0.00217192
v 0.00791151 -0.03681455 0.00066929
v -0.03905250 -0.00543414 0.00066930
v -0.00767208 0.04152995 0.00066930
v -0.01783886 -0.03481608 0.01201633
v -0.02081187 -0.03322697 0.00217192
v -0.01783886 -0.03481608 0.00217192
v -0.02474603 -0.03059825 0.01201633
v -0.02735190 -0.02845967 0.00217192
v -0.02474603 -0.03059825 0.00217192
v -0.03069763 -0.02511394 0.01201633
v -0.03283621 -0.02250807 0.00217192
v -0.03069763 -0.02511394 0.00217192
v -0.03546493 -0.01857391 0.01201633
v -0.03705404 -0.01560089 0.00217192
v -0.03546493 -0.01857390 0.00217192
v -0.03886474 -0.01122949 0.01201634
v -0.03984331 -0.00800358 0.00217192
v -0.03886474 -0.01122948 0.00217192
v -0.04076639 -0.00336292 0.01201634
v -0.04109681 -0.00000809 0.00217193
v -0.04076639 -0.00336292 0.00217192
v -0.04109681 0.00472349 0.01201634
v -0.04076639 0.00807832 0.00217193
v -0.04109681 0.00472349 0.00217193
v -0.03984331 0.01271898 0.01201634
v -0.03886474 0.01594489 0.00217193
v -0.03984331 0.01271898 0.00217193
v -0.03705404 0.02031629 0.01201634
v -0.03546493 0.02328931 0.00217193
v -0.03705404 0.02031630 0.00217193
v -0.03283621 0.02722347 0.01201634
v -0.03069763 0.02982934 0.00217193
v -0.03283621 0.02722347 0.00217193
v -0.02735190 0.03317507 0.01201634
v -0.02474603 0.03531366 0.00217193
v -0.02735190 0.03317507 0.00217193
v -0.02081187 0.03794238 0.01201635
v -0.01783885 0.03953149 0.00217193
v -0.02081187 0.03794238 0.00217193
v -0.01346744 0.04134219 0.01201635
v -0.01024153 0.04232076 0.00217193
v -0.01346744 0.04134219 0.00217193
v -0.00560087 0.04324384 0.01201635
v -0.00224604 0.04357426 0.00217193
v -0.00560087 0.04324384 0.00217193
v 0.00248555 0.04357426 0.01201635
v 0.00584038 0.04324384 0.00217193
v 0.00248555 0.04357426 0.00217193
v 0.01048104 0.04232075 0.01201635
v 0.01370695 0.04134218 0.00217193
v 0.01048104 0.04232075 0.00217193
v 0.01807836 0.03953148 0.01201635
v 0.02105137 0.03794237 0.00217193
v 0.01807836 0.03953148 0.00217193
v 0.02498553 0.03531364 0.01201634
v 0.02759140 0.03317506 0.00217193
v 0.02498553 0.03531364 0.00217193
v 0.03093713 0.02982932 0.01201634
v 0.03307571 0.02722345 0.00217193
v 0.03093713 0.02982932 0.00217193
v 0.03570443 0.02328928 0.01201634
v 0.03729354 0.02031627 0.00217193
v 0.03570443 0.02328929 0.00217193
v 0.03910423 0.01594486 0.01201634
v 0.04008280 0.01271895 0.00217193
v 0.03910423 0.01594486 0.00217193
v 0.04100588 0.00807828 0.01201634
v 0.04133630 0.00472345 0.00217193
v 0.04100588 0.00807829 0.00217193
v 0.04133629 -0.00000813 0.01201634
v 0.04100587 -0.00336296 0.00217192
v 0.04133629 -0.00000813 0.00217193
v 0.04008278 -0.00800362 0.01201634
v 0.03910421 -0.01122953 0.00217192
v 0.04008278 -0.00800362 0.00217192
v 0.03729351 -0.01560094 0.01201634
v 0.03570439 -0.01857395 0.00217192
v 0.03729351 -0.01560094 0.00217192
v 0.03307566 -0.02250811 0.01201633
v 0.03093708 -0.02511398 0.00217192
v 0.03307566 -0.02250811 0.00217192
v 0.02759134 -0.02845971 0.01201633
v 0.02498547 -0.03059828 0.00217192
v 0.02759134 -0.02845970 0.00217192
v 0.02105130 -0.03322700 0.01201633
v 0.01807829 -0.03481611 0.00217192
v 0.02105130 -0.03322700 0.00217192
v 0.01370687 -0.03662680 0.01201633
v 0.01048097 -0.03760536 0.00217192
v 0.01370687 -0.03662680 0.00217192
v 0.00051880 -0.03876833 0.00148903
v 0.00775157 -0.03805597 0.00148903
v -0.00027932 -0.03876833 0.00148903
v -0.00740690 -0.03752684 0.00095215
v -0.00027932 -0.03822885 0.00095215
v 0.01370695 0.04134218 0.01201635
v -0.03886474 0.01594488 0.01201634
v -0.01346745 -0.03662678 0.01201633
v 0.00051880 -0.03822885 0.00095215
v 0.00011974 -0.03758196 0.00066929
v -0.00751215 -0.03805596 0.00148903
v -0.00224605 -0.03885885 0.00217192
v -0.00767208 -0.03681454 0.00066929
v -0.01516453 -0.03454173 0.00066929
v -0.01504339 -0.03529209 0.00095215
v -0.02206954 -0.03085092 0.00066929
v -0.02209713 -0.03161049 0.00095215
v -0.02812187 -0.02588391 0.00066929
v -0.02829711 -0.02662350 0.00095215
v -0.03308888 -0.01983158 0.00066929
v -0.03340504 -0.02052278 0.00095215
v -0.03677970 -0.01292654 0.00066930
v -0.03722463 -0.01354278 0.00095215
v -0.04013821 -0.00605699 0.00148904
v -0.03981993 0.00235770 0.00066930
v -0.04046681 0.00195864 0.00095216
v -0.04029392 0.00998959 0.00148904
v -0.03905250 0.01014952 0.00066930
v -0.03677969 0.01764196 0.00066930
v -0.03753005 0.01752082 0.00095216
v -0.03308888 0.02454698 0.00066930
v -0.03384846 0.02457457 0.00095216
v -0.02924294 0.03115602 0.00148905
v -0.02812187 0.03059931 0.00066930
v -0.02206954 0.03556633 0.00066930
v -0.02276074 0.03588248 0.00095216
v -0.01598719 0.04020049 0.00148905
v -0.01516451 0.03925714 0.00066930
v -0.00829493 0.04261566 0.00148905
v 0.00011975 0.04229737 0.00066930
v -0.00027931 0.04294426 0.00095216
v 0.00775165 0.04277136 0.00148905
v 0.00791158 0.04152994 0.00066930
v 0.01548932 0.04050591 0.00148905
v 0.01540400 0.03925714 0.00066930
v 0.02263635 0.03677444 0.00148905
v 0.02230904 0.03556631 0.00066930
v 0.02891808 0.03172036 0.00148905
v 0.02836136 0.03059930 0.00066930
v 0.03409310 0.02553788 0.00148905
v 0.03332838 0.02454696 0.00066930
v 0.03796254 0.01846461 0.00148904
v 0.03701919 0.01764194 0.00066930
v 0.04037771 0.01077235 0.00148904
v 0.03929199 0.01014950 0.00066930
v 0.04005941 0.00235767 0.00066930
v 0.04070629 0.00275673 0.00095216
v 0.03929197 -0.00543418 0.00066930
v 0.04000428 -0.00516899 0.00095216
v 0.03701917 -0.01292658 0.00066930
v 0.03776952 -0.01280545 0.00095215
v 0.03453647 -0.02015893 0.00148903
v 0.03332834 -0.01983162 0.00066929
v 0.02948238 -0.02644065 0.00148904
v 0.02836131 -0.02588394 0.00066929
v 0.02329991 -0.03161566 0.00148903
v 0.02230900 -0.03085093 0.00066929
v 0.01622662 -0.03548511 0.00148904
v 0.01540394 -0.03454176 0.00066929
v 0.00764632 -0.03752685 0.00095215
v 0.00842911 -0.03737115 0.00095215
v -0.00751390 -0.03805688 0.00149166
v -0.01598626 -0.03548681 0.00149166
v -0.01525172 -0.03579107 0.00149166
v -0.02239882 -0.03205923 0.00149166
v -0.02868054 -0.02700477 0.00149166
v -0.03385549 -0.02082192 0.00149166
v -0.03772478 -0.01374829 0.00149166
v -0.04013973 -0.00605573 0.00149166
v -0.04100753 0.00275523 0.00149166
v -0.04100753 0.00196017 0.00149166
v -0.04029484 0.00999134 0.00149166
v -0.03802903 0.01772916 0.00149167
v -0.03385549 0.02553732 0.00149167
v -0.03429719 0.02487626 0.00149167
v -0.02924273 0.03115798 0.00149167
v -0.02305988 0.03633293 0.00149167
v -0.01598625 0.04020223 0.00149167
v -0.00829367 0.04261718 0.00149167
v 0.00051729 0.04348498 0.00149167
v -0.00027777 0.04348498 0.00149167
v 0.00853318 0.04261717 0.00149167
v 0.00775340 0.04277228 0.00149167
v 0.01622575 0.04020221 0.00149167
v 0.01549122 0.04050647 0.00149167
v 0.02329938 0.03633291 0.00149167
v 0.02263832 0.03677462 0.00149167
v 0.02948223 0.03115796 0.00149167
v 0.02892004 0.03172016 0.00149167
v 0.03453669 0.02487623 0.00149167
v 0.03409498 0.02553730 0.00149167
v 0.03796427 0.01846367 0.00149166
v 0.04037923 0.01077109 0.00149166
v 0.04124701 0.00196013 0.00149166
v 0.04124702 0.00275519 0.00149166
v 0.04037921 -0.00605577 0.00149166
v 0.04053431 -0.00527598 0.00149166
v 0.03796424 -0.01374833 0.00149166
v 0.03826850 -0.01301380 0.00149166
v 0.03409494 -0.02082196 0.00149166
v 0.03453665 -0.02016089 0.00149166
v 0.02948217 -0.02644261 0.00149166
v 0.02263825 -0.03205926 0.00149166
v 0.02329932 -0.03161755 0.00149166
v 0.01622568 -0.03548684 0.00149166
v 0.00775332 -0.03805689 0.00149166
v 0.00853310 -0.03790178 0.00149166
v 0.00051727 -0.03876957 0.00149166
v -0.00560088 -0.03852843 0.00217192
v -0.00829368 -0.03790177 0.00149166
v -0.02305988 -0.03161752 0.00149166
v -0.04029484 -0.00527594 0.00149166
v -0.04013973 0.01077112 0.00149166
v -0.02868054 0.03172017 0.00149167
v -0.02239881 0.03677464 0.00149167
v -0.01525171 0.04050648 0.00149167
v 0.03826853 0.01772913 0.00149167
v 0.01549114 -0.03579110 0.00149166
v 0.00248553 -0.03885885 0.01201633
v -0.00560088 -0.03852843 0.01201633
v 0.01048097 -0.03760536 0.01201633
v -0.02081187 -0.03322697 0.01201633
v -0.02735190 -0.02845967 0.01201633
v -0.03283621 -0.02250807 0.01201633
v -0.03705404 -0.01560090 0.01201634
v -0.03984331 -0.00800358 0.01201634
v -0.04109681 -0.00000809 0.01201634
v -0.04076639 0.00807831 0.01201634
v -0.03546493 0.02328931 0.01201634
v -0.03069763 0.02982934 0.01201634
v -0.02474603 0.03531366 0.01201634
v -0.01783885 0.03953149 0.01201635
v -0.01024153 0.04232075 0.01201635
v -0.00224604 0.04357426 0.01201635
v 0.00584038 0.04324384 0.01201635
v 0.02105137 0.03794237 0.01201635
v 0.02759140 0.03317506 0.01201634
v 0.03307571 0.02722345 0.01201634
v 0.03729354 0.02031627 0.01201634
v 0.04008280 0.01271895 0.01201634
v 0.04133630 0.00472345 0.01201634
v 0.04100587 -0.00336296 0.01201634
v 0.03910421 -0.01122953 0.01201634
v 0.03570439 -0.01857395 0.01201633
v 0.03093708 -0.02511398 0.01201633
v 0.02498547 -0.03059828 0.01201633
v 0.01807829 -0.03481611 0.01201633
v -0.00224605 -0.03885885 0.01201633
v -0.00027779 -0.03876957 0.00149166
v -0.02924273 -0.02644258 0.00149166
v -0.03429719 -0.02016085 0.00149166
v -0.03802904 -0.01301375 0.00149166
v -0.03772477 0.01846370 0.00149167
v -0.00751389 0.04277229 0.00149167
v 0.04053433 0.00999130 0.00149166
v 0.02891998 -0.02700481 0.00149166
v 0.00609360 -0.03837495 0.19703204
v 0.00220715 -0.03875770 0.01217538
v 0.00609360 -0.03837492 0.01217538
v -0.01317208 -0.03519683 0.20075457
v -0.00798570 -0.02767073 0.21142432
v -0.00982371 -0.02711317 0.21142432
v -0.01703657 -0.03359611 0.20075457
v -0.01538213 -0.02460702 0.21142432
v -0.02024320 -0.03188213 0.20075457
v -0.02372115 -0.02955824 0.20075457
v -0.02034482 -0.02106464 0.21142432
v -0.02653179 -0.02725161 0.20075457
v -0.03179617 -0.02148322 0.20075457
v -0.02330257 -0.01810689 0.21142432
v -0.02452106 -0.01662214 0.21142432
v -0.03412006 -0.01800526 0.20075457
v -0.02775037 -0.01145027 0.21142433
v -0.03583405 -0.01479863 0.20075458
v -0.03849023 -0.00745475 0.20075458
v -0.02935110 -0.00758578 0.21142433
v -0.02990865 -0.00574777 0.21142433
v -0.03930627 -0.00335222 0.20075458
v -0.03091296 0.00026622 0.21142433
v -0.03966266 0.00026623 0.20075458
v -0.03930627 0.00806757 0.20075458
v -0.03091296 0.00444912 0.21142433
v -0.03072470 0.00636059 0.21142433
v -0.03849023 0.01217010 0.20075458
v -0.02935110 0.01230113 0.21142433
v -0.03743477 0.01564949 0.20075458
v -0.03583405 0.01951398 0.20075458
v -0.02684496 0.01785955 0.21142433
v -0.03412007 0.02272062 0.20075458
v -0.03179617 0.02619857 0.20075458
v -0.02330257 0.02282223 0.21142433
v -0.02948954 0.02900921 0.20075458
v -0.02653179 0.03196696 0.20075458
v -0.01886007 0.02699848 0.21142433
v -0.02372115 0.03427359 0.20075458
v -0.02024320 0.03659748 0.20075458
v -0.01368820 0.03022779 0.21142433
v -0.01703656 0.03831147 0.20075458
v -0.00969267 0.04096765 0.20075458
v -0.00982371 0.03182852 0.21142433
v -0.00798569 0.03238607 0.21142433
v -0.00559015 0.04178369 0.20075458
v -0.00197170 0.03339038 0.21142433
v -0.00197169 0.04214008 0.20075458
v 0.00582966 0.04178369 0.20075458
v 0.00221120 0.03339038 0.21142433
v 0.00412268 0.03320211 0.21142433
v 0.01341158 0.03991218 0.20075458
v 0.00822520 0.03238607 0.21142433
v 0.01006321 0.03182851 0.21142433
v 0.01727607 0.03831146 0.20075458
v 0.01562163 0.02932236 0.21142433
v 0.02048271 0.03659748 0.20075458
v 0.02677129 0.03196694 0.20075458
v 0.01909958 0.02699847 0.21142433
v 0.02058431 0.02577997 0.21142433
v 0.02972904 0.02900919 0.20075458
v 0.02476056 0.02133748 0.21142433
v 0.03203567 0.02619855 0.20075458
v 0.03435956 0.02272060 0.20075458
v 0.02798987 0.01616560 0.21142433
v 0.03607355 0.01951396 0.20075458
v 0.03872973 0.01217007 0.20075458
v 0.02959060 0.01230111 0.21142433
v 0.03014815 0.01046309 0.21142433
v 0.03990215 0.00444909 0.20075458
v 0.03096419 0.00636057 0.21142433
v 0.03115245 0.00444909 0.21142433
v 0.03954576 -0.00335226 0.20075458
v 0.03115244 0.00026620 0.21142433
v 0.03096418 -0.00164528 0.21142433
v 0.03767424 -0.01093419 0.20075458
v 0.03014813 -0.00574780 0.21142433
v 0.02959057 -0.00758582 0.21142433
v 0.03607351 -0.01479867 0.20075458
v 0.02708442 -0.01314423 0.21142432
v 0.03435953 -0.01800531 0.20075457
v 0.03203563 -0.02148325 0.20075457
v 0.02354203 -0.01810691 0.21142432
v 0.02972899 -0.02429389 0.20075457
v 0.02396059 -0.02955827 0.20075457
v 0.02058427 -0.02106467 0.21142432
v 0.01909953 -0.02228316 0.21142432
v 0.01727601 -0.03359613 0.20075457
v 0.01562158 -0.02460705 0.21142432
v 0.01392765 -0.02551246 0.21142432
v -0.04061288 -0.00361624 0.19703204
v -0.04099567 0.00027030 0.01217539
v -0.04061288 -0.00361622 0.01217539
v 0.01341151 -0.03519685 0.20075457
v 0.00822514 -0.02767073 0.21142432
v 0.00993211 -0.03625231 0.20075457
v -0.00559016 -0.03706834 0.20075457
v -0.00197170 -0.02867503 0.21142432
v -0.00388317 -0.02848677 0.21142432
v -0.00196766 -0.03875773 0.19703204
v -0.00585418 -0.03837491 0.01217538
v -0.00196766 -0.03875770 0.01217538
v 0.01341416 0.02899853 0.21514686
v 0.01488486 0.02821242 0.21614582
v 0.01488486 0.02821242 0.21514686
v 0.00220716 0.04347309 0.19703205
v 0.00609368 0.04309033 0.01217540
v 0.00220716 0.04347312 0.01217540
v 0.04003789 -0.00771088 0.19703204
v 0.03890423 -0.01144801 0.01217539
v 0.04003789 -0.00771085 0.01217539
v -0.02445837 -0.03066884 0.19703204
v -0.02747722 -0.02819129 0.01217538
v -0.02445837 -0.03066881 0.01217538
v -0.02747722 0.03290668 0.19703205
v -0.02445837 0.03538422 0.01217539
v -0.02747722 0.03290671 0.01217539
v 0.03546567 0.02346454 0.19703205
v 0.03730663 0.02002038 0.01217539
v 0.03546567 0.02346457 0.01217539
v 0.01392536 -0.03642684 0.19703204
v 0.01018819 -0.03756046 0.01217538
v 0.01392536 -0.03642681 0.01217538
v -0.04099567 0.00444508 0.19703204
v -0.04061288 0.00833163 0.01217539
v -0.04099567 0.00444511 0.01217539
v 0.01018827 0.04227583 0.19703205
v 0.01392544 0.04114220 0.01217539
v 0.01018827 0.04227586 0.01217540
v 0.03730659 -0.01530506 0.19703204
v 0.03546563 -0.01874922 0.01217539
v 0.03730659 -0.01530503 0.01217539
v -0.03042926 -0.02523929 0.19703204
v -0.03290677 -0.02222040 0.01217539
v -0.03042926 -0.02523926 0.01217539
v -0.02098714 0.03770360 0.19703205
v -0.01754295 0.03954458 0.01217539
v -0.02098714 0.03770363 0.01217539
v 0.03890426 0.01616332 0.19703205
v 0.04003791 0.01242619 0.01217539
v 0.03890426 0.01616335 0.01217539
v -0.00196766 -0.02734283 0.21514686
v -0.00362724 -0.02717937 0.21614582
v -0.00362724 -0.02717937 0.21514686
v -0.03979841 0.01242619 0.19703205
v -0.03866476 0.01616338 0.01217539
v -0.03979841 0.01242622 0.01217539
v 0.01778246 0.03954454 0.19703205
v 0.02122665 0.03770361 0.01217539
v 0.01778246 0.03954457 0.01217539
v 0.03314623 -0.02222047 0.19703204
v 0.03066871 -0.02523930 0.01217539
v 0.03314623 -0.02222044 0.01217539
v -0.03522617 -0.01874920 0.19703204
v -0.03706713 -0.01530499 0.01217539
v -0.03522617 -0.01874918 0.01217539
v -0.01368593 0.04114218 0.19703205
v -0.00994876 0.04227587 0.01217540
v -0.01368593 0.04114221 0.01217539
v 0.04085237 0.00833157 0.19703205
v 0.04123515 0.00444507 0.01217539
v 0.04085237 0.00833160 0.01217539
v 0.00221119 -0.03742473 0.20075457
v 0.00412261 -0.02848678 0.21142432
v 0.00221119 -0.02867503 0.21142432
v -0.00994877 -0.03756048 0.19703204
v -0.01368594 -0.03642679 0.01217538
v -0.00994877 -0.03756045 0.01217538
v -0.03706713 0.02002037 0.19703205
v -0.03522617 0.02346459 0.01217539
v -0.03706713 0.02002040 0.01217539
v 0.02469787 0.03538418 0.19703205
v 0.02771673 0.03290669 0.01217539
v 0.02469787 0.03538421 0.01217539
v 0.02771667 -0.02819136 0.19703204
v 0.02469781 -0.03066884 0.01217538
v 0.02771667 -0.02819133 0.01217538
v -0.03866476 -0.01144800 0.19703204
v -0.03979841 -0.00771081 0.01217539
v -0.03866476 -0.01144797 0.01217539
v -0.00585417 0.04309030 0.19703205
v -0.00196765 0.04347312 0.01217540
v -0.00585417 0.04309033 0.01217540
v 0.04123515 0.00027024 0.19703204
v 0.04085236 -0.00361626 0.01217539
v 0.04123515 0.00027026 0.01217539
v -0.01754296 -0.03482919 0.19703204
v -0.02098714 -0.03298821 0.01217538
v -0.01754295 -0.03482916 0.01217538
v -0.03290677 0.02693579 0.19703205
v -0.03042926 0.02995468 0.01217539
v -0.03290677 0.02693582 0.01217539
v 0.03066876 0.02995463 0.19703205
v 0.03314628 0.02693580 0.01217539
v 0.03066876 0.02995466 0.01217539
v 0.02122658 -0.03298826 0.19703204
v 0.01778239 -0.03482919 0.01217538
v 0.02122658 -0.03298823 0.01217538
v -0.02573502 -0.01240742 0.21514686
v -0.02652112 -0.01093673 0.21614582
v -0.02652112 -0.01093673 0.21514686
v -0.00772183 -0.02636491 0.21514686
v -0.00931764 -0.02588083 0.21614582
v -0.00931764 -0.02588083 0.21514686
v 0.01835608 0.02589303 0.21514686
v 0.01964516 0.02483510 0.21614582
v 0.01964516 0.02483510 0.21514686
v -0.02811875 -0.00707971 0.21514686
v -0.02860284 -0.00548390 0.21614582
v -0.02860284 -0.00548390 0.21514686
v 0.02259720 0.02188307 0.21514686
v 0.02365512 0.02059398 0.21614582
v 0.02365512 0.02059398 0.21514686
v -0.02941730 -0.00138931 0.21514686
v -0.02958076 0.00027027 0.21614582
v -0.02958076 0.00027027 0.21514686
v 0.02597451 0.01712276 0.21514686
v 0.02676062 0.01565205 0.21614582
v 0.02676062 0.01565205 0.21514686
v -0.02941730 0.00610465 0.21514686
v -0.02958076 0.00444508 0.21614582
v -0.02941730 0.00610465 0.21614582
v 0.02884233 0.01019922 0.21514686
v 0.02835825 0.01179503 0.21614582
v 0.02884233 0.01019922 0.21614582
v -0.02860284 0.01019924 0.21514686
v -0.02811876 0.01179505 0.21614582
v -0.02811876 0.01179505 0.21514686
v 0.02982024 0.00444505 0.21514686
v 0.02965679 0.00610463 0.21614582
v 0.02982024 0.00444505 0.21614582
v -0.02652113 0.01565207 0.21514686
v -0.02573502 0.01712277 0.21614582
v -0.02573502 0.01712277 0.21514686
v 0.02982024 0.00027024 0.21514686
v 0.02965678 -0.00138934 0.21614582
v 0.02965678 -0.00138934 0.21514686
v -0.02341562 0.02059400 0.21514686
v -0.02235770 0.02188308 0.21614582
v -0.02235770 0.02188308 0.21514686
v 0.02884231 -0.00548393 0.21514686
v 0.02835823 -0.00707974 0.21614582
v 0.02835823 -0.00707974 0.21514686
v -0.01940567 0.02483511 0.21514686
v -0.01811658 0.02589304 0.21614582
v -0.01811658 0.02589304 0.21514686
v 0.02676059 -0.01093676 0.21514686
v 0.02597449 -0.01240746 0.21614582
v 0.02597449 -0.01240746 0.21514686
v -0.01464536 0.02821244 0.21514686
v -0.01317465 0.02899854 0.21614582
v -0.01317465 0.02899854 0.21514686
v 0.02365508 -0.01587868 0.21514686
v 0.02259716 -0.01716776 0.21614582
v 0.02259716 -0.01716776 0.21514686
v -0.00931763 0.03059617 0.21514686
v -0.00772183 0.03108025 0.21614582
v -0.00772183 0.03108025 0.21514686
v 0.00386668 -0.02717938 0.21514686
v 0.00220715 -0.02734283 0.21614582
v 0.00220715 -0.02734283 0.21514686
v 0.01964512 -0.02011979 0.21514686
v 0.01835604 -0.02117772 0.21614582
v 0.01835604 -0.02117772 0.21514686
v -0.00362723 0.03189472 0.21514686
v -0.00196765 0.03205817 0.21614582
v -0.00196765 0.03205817 0.21514686
v -0.01317466 -0.02428320 0.21514686
v -0.01464536 -0.02349709 0.21614582
v -0.01464536 -0.02349709 0.21514686
v 0.01488481 -0.02349711 0.21514686
v 0.01341410 -0.02428322 0.21614582
v 0.01341410 -0.02428322 0.21514686
v 0.00220716 0.03205817 0.21514686
v 0.00386674 0.03189471 0.21614582
v 0.00386674 0.03189471 0.21514686
v -0.01811659 -0.02117769 0.21514686
v -0.01940567 -0.02011977 0.21614582
v -0.01940567 -0.02011977 0.21514686
v 0.00955708 -0.02588084 0.21514686
v 0.00796127 -0.02636492 0.21614582
v 0.00796127 -0.02636492 0.21514686
v 0.00796133 0.03108025 0.21514686
v 0.00955713 0.03059617 0.21614582
v 0.00955713 0.03059617 0.21514686
v -0.02235770 -0.01716774 0.21514686
v -0.02341562 -0.01587865 0.21614582
v -0.02341562 -0.01587865 0.21514686
v 0.03264206 0.00027024 0.22345722
v 0.03242438 -0.00193986 0.23089670
v 0.03242438 -0.00193986 0.22345722
v -0.00196766 -0.03016465 0.22345721
v -0.00417775 -0.02994697 0.23089669
v -0.00417775 -0.02994697 0.22345721
v -0.02576188 0.02216172 0.22345722
v -0.02435303 0.02387841 0.23089670
v -0.02435303 0.02387841 0.22345722
v 0.03160991 -0.00603445 0.22345722
v 0.03096525 -0.00815961 0.23089670
v 0.03096525 -0.00815961 0.22345722
v -0.02140099 0.02683044 0.22345722
v -0.01968430 0.02823929 0.23089670
v -0.01968430 0.02823929 0.22345722
v 0.02936762 -0.01201662 0.22345722
v 0.02832074 -0.01397518 0.23089670
v 0.02832074 -0.01397518 0.22345721
v -0.01621308 0.03055869 0.22345722
v -0.01425451 0.03160557 0.23089670
v -0.01425451 0.03160557 0.22345722
v 0.02600134 -0.01744641 0.22345721
v 0.02459248 -0.01916309 0.23089669
v 0.02459248 -0.01916309 0.22345721
v -0.01039749 0.03320320 0.22345722
v -0.00827233 0.03384785 0.23089671
v -0.00827233 0.03384785 0.22345722
v 0.00441719 -0.02994698 0.22345721
v 0.00220715 -0.03016465 0.23089669
v 0.00220715 -0.03016465 0.22345721
v 0.02164044 -0.02211513 0.22345721
v 0.01992375 -0.02352398 0.23089669
v 0.01992375 -0.02352398 0.22345721
v -0.00417774 0.03466232 0.22345722
v -0.00196765 0.03487999 0.23089671
v -0.00196765 0.03487999 0.22345722
v -0.01425452 -0.02689022 0.22345721
v -0.01621308 -0.02584335 0.23089669
v -0.01621308 -0.02584335 0.22345721
v 0.01645252 -0.02584337 0.22345721
v 0.01449396 -0.02689024 0.23089669
v 0.01449396 -0.02689024 0.22345721
v 0.00220716 0.03487999 0.22345722
v 0.00441725 0.03466231 0.23089671
v 0.00441725 0.03466231 0.22345722
v -0.01968431 -0.02352395 0.22345721
v -0.02140099 -0.02211510 0.23089669
v -0.02140099 -0.02211510 0.22345721
v 0.01063694 -0.02848786 0.22345721
v 0.00851178 -0.02913252 0.23089669
v 0.00851178 -0.02913252 0.22345721
v 0.00851184 0.03384784 0.22345722
v 0.01063700 0.03320318 0.23089670
v 0.01063700 0.03320318 0.22345722
v -0.02435303 -0.01916306 0.22345721
v -0.02576188 -0.01744637 0.23089670
v -0.02576188 -0.01744637 0.22345721
v 0.01183762 0.03064709 0.23299420
v -0.02816969 0.01407553 0.23299420
v -0.01159812 -0.02593176 0.23299419
v 0.01449402 0.03160555 0.22345722
v 0.01645258 0.03055868 0.23089670
v 0.01645258 0.03055868 0.22345722
v -0.02808128 -0.01397514 0.22345721
v -0.02912815 -0.01201659 0.23089670
v -0.02912815 -0.01201659 0.22345722
v -0.00827234 -0.02913251 0.22345721
v -0.01039750 -0.02848785 0.23089669
v -0.01039750 -0.02848785 0.22345721
v 0.01992381 0.02823928 0.22345722
v 0.02164049 0.02683043 0.23089670
v 0.02164049 0.02683043 0.22345722
v -0.03072578 -0.00815957 0.22345722
v -0.03137044 -0.00603441 0.23089670
v -0.03137044 -0.00603441 0.22345722
v 0.02459253 0.02387839 0.22345722
v 0.02600138 0.02216170 0.23089670
v 0.02600138 0.02216170 0.22345722
v -0.03218490 -0.00193982 0.22345722
v -0.03240257 0.00027026 0.23089670
v -0.03240257 0.00027026 0.22345722
v 0.02832077 0.01869047 0.22345722
v 0.02936765 0.01673191 0.23089670
v 0.02936765 0.01673191 0.22345722
v -0.03240258 0.00444507 0.22345722
v -0.03218490 0.00665516 0.23089670
v -0.03218490 0.00665516 0.22345722
v 0.03096527 0.01287489 0.22345722
v 0.03160993 0.01074973 0.23089670
v 0.03160993 0.01074973 0.22345722
v -0.03137044 0.01074975 0.22345722
v -0.03072578 0.01287491 0.23089670
v -0.03072578 0.01287491 0.22345722
v 0.03242439 0.00665514 0.22345722
v 0.03264206 0.00444504 0.23089670
v 0.03264206 0.00444504 0.22345722
v -0.02912815 0.01673193 0.22345722
v -0.02808128 0.01869049 0.23089670
v -0.02808128 0.01869049 0.22345722
v 0.00082035 -0.03781908 0.01038775
v -0.00058089 -0.03781908 0.01038775
v 0.00011973 -0.03685564 0.01007788
v 0.00058662 -0.03861694 0.01117938
v 0.00011974 -0.03828938 0.01062060
v 0.00088369 -0.03882790 0.01217539
v 0.00157685 -0.03850841 0.01114790
v -0.00064421 -0.03882789 0.01217538
v -0.00133738 -0.03850841 0.01114790
v -0.00034714 -0.03861694 0.01117938
v -0.00199262 -0.03807304 0.19965415
v -0.00064572 -0.03746677 0.20078905
v -0.00197170 -0.03742473 0.20075457
v -0.00199114 -0.03856017 0.19829380
v -0.00059406 -0.03816163 0.19961694
v -0.00064421 -0.03882793 0.19703204
v 0.00083305 -0.03862060 0.19834920
v -0.00059356 -0.03862061 0.19834921
v 0.00223063 -0.03856016 0.19829380
v 0.00088369 -0.03882792 0.19703202
v 0.00220715 -0.03875773 0.19703204
v 0.00083355 -0.03816163 0.19961690
v 0.00088521 -0.03746677 0.20078905
v 0.00223210 -0.03807304 0.19965414
v -0.00703121 -0.03718379 0.01038774
v -0.00840552 -0.03691041 0.01038774
v -0.00753041 -0.03610216 0.01007788
v -0.00741611 -0.03792071 0.01117938
v -0.00781011 -0.03750835 0.01062060
v -0.00716590 -0.03818556 0.01217538
v -0.00642372 -0.03800745 0.01114790
v -0.00866444 -0.03788748 0.01217538
v -0.00928196 -0.03743890 0.01114790
v -0.00833192 -0.03773853 0.01117938
v -0.00689886 -0.03685089 0.20078905
v -0.00569612 -0.03770827 0.19965414
v -0.00848527 -0.03724381 0.19961692
v -0.00708509 -0.03752232 0.19961692
v -0.00983967 -0.03688407 0.19965412
v -0.00840038 -0.03655222 0.20078905
v -0.00969268 -0.03625230 0.20075457
v -0.00993325 -0.03736212 0.19829380
v -0.00866444 -0.03788751 0.19703204
v -0.00716590 -0.03818559 0.19703204
v -0.00857432 -0.03769406 0.19834920
v -0.00579261 -0.03818575 0.19829380
v -0.00585418 -0.03837494 0.19703204
v -0.00717512 -0.03797237 0.19834920
v -0.01460796 -0.03502892 0.01038775
v -0.01590254 -0.03449269 0.01038775
v -0.01488655 -0.03387070 0.01007788
v -0.01512924 -0.03567659 0.01117938
v -0.01543522 -0.03519529 0.01062060
v -0.01493551 -0.03598517 0.01217539
v -0.01417284 -0.03595528 0.01114790
v -0.01599191 -0.03531926 0.01117939
v -0.01686524 -0.03484004 0.01114790
v -0.01634710 -0.03540047 0.01217539
v -0.01441322 -0.03472825 0.20078906
v -0.01340086 -0.03580380 0.19965414
v -0.01582762 -0.03414239 0.20078905
v -0.01472686 -0.03535044 0.19961694
v -0.01730399 -0.03418707 0.19965414
v -0.01748904 -0.03463767 0.19829380
v -0.01604579 -0.03480412 0.19961691
v -0.01634711 -0.03540050 0.19703204
v -0.01493551 -0.03598521 0.19703204
v -0.01622098 -0.03522835 0.19834920
v -0.01358864 -0.03625328 0.19829380
v -0.01368594 -0.03642682 0.19703204
v -0.01490296 -0.03577429 0.19834921
v -0.02161874 -0.03143732 0.01038774
v -0.02278384 -0.03065883 0.01038775
v -0.02166603 -0.03024700 0.01007788
v -0.02225636 -0.03197085 0.01117939
v -0.02246257 -0.03143911 0.01062060
v -0.02212655 -0.03231129 0.01217539
v -0.02137271 -0.03243076 0.01114790
v -0.02303275 -0.03145208 0.01117939
v -0.02379581 -0.03081170 0.01114790
v -0.02339696 -0.03146244 0.01217539
v -0.02136908 -0.03118042 0.20078908
v -0.02058600 -0.03243280 0.19965414
v -0.02264200 -0.03032987 0.20078907
v -0.02179807 -0.03172947 0.19961692
v -0.02409873 -0.03008567 0.19965414
v -0.02436813 -0.03049152 0.19829380
v -0.02298508 -0.03093633 0.19961692
v -0.02339696 -0.03146247 0.19703204
v -0.02205348 -0.03211081 0.19834920
v -0.02323967 -0.03131823 0.19834921
v -0.02085786 -0.03283701 0.19829380
v -0.02212655 -0.03231132 0.19703204
v -0.02098714 -0.03298824 0.19703204
v -0.02779412 -0.02654699 0.01038775
v -0.02878495 -0.02555616 0.01038775
v -0.02760828 -0.02537031 0.01007788
v -0.02852357 -0.02694587 0.01117939
v -0.02862208 -0.02638412 0.01062060
v -0.02846268 -0.02730510 0.01217539
v -0.02774663 -0.02756934 0.01114790
v -0.02954307 -0.02622471 0.01217539
v -0.02980731 -0.02550866 0.01114790
v -0.02918384 -0.02628561 0.01117938
v -0.02749913 -0.02634373 0.20078907
v -0.02697542 -0.02772482 0.19965414
v -0.02858167 -0.02526119 0.20078905
v -0.02802700 -0.02679854 0.19961694
v -0.02996276 -0.02473749 0.19965415
v -0.02948954 -0.02429385 0.20075457
v -0.03030616 -0.02508299 0.19829380
v -0.02903647 -0.02578906 0.19961692
v -0.02954307 -0.02622474 0.19703204
v -0.02846268 -0.02730514 0.19703204
v -0.02936066 -0.02611396 0.19834918
v -0.02732092 -0.02806822 0.19829380
v -0.02747722 -0.02819132 0.19703204
v -0.02835190 -0.02712273 0.19834920
v -0.03289679 -0.02054587 0.01038775
v -0.03367528 -0.01938077 0.01038775
v -0.03248496 -0.01942806 0.01007788
v -0.03369005 -0.02079478 0.01117938
v -0.03367707 -0.02022460 0.01062060
v -0.03370040 -0.02115898 0.01217539
v -0.03304966 -0.02155784 0.01114790
v -0.03454926 -0.01988858 0.01217539
v -0.03466873 -0.01913474 0.01114790
v -0.03420882 -0.02001839 0.01117939
v -0.03256781 -0.02040407 0.20078907
v -0.03232361 -0.02186079 0.19965414
v -0.03341835 -0.01913114 0.20078907
v -0.03317426 -0.02074715 0.19961694
v -0.03467073 -0.01834806 0.19965415
v -0.03507494 -0.01861992 0.19829380
v -0.03396740 -0.01956014 0.19961694
v -0.03454926 -0.01988861 0.19703204
v -0.03355616 -0.02100173 0.19834920
v -0.03434874 -0.01981554 0.19834920
v -0.03272945 -0.02213019 0.19829380
v -0.03370040 -0.02115901 0.19703204
v -0.03290677 -0.02222043 0.19703204
v -0.03673066 -0.01366458 0.01038775
v -0.03726689 -0.01236999 0.01038775
v -0.03610867 -0.01264859 0.01007788
v -0.03755723 -0.01375394 0.01117939
v -0.03743326 -0.01319725 0.01062060
v -0.03763844 -0.01410914 0.01217539
v -0.03707801 -0.01462728 0.01114791
v -0.03822314 -0.01269754 0.01217539
v -0.03819325 -0.01193487 0.01114790
v -0.03791456 -0.01289127 0.01117939
v -0.03638033 -0.01358968 0.20078907
v -0.03642501 -0.01506606 0.19965415
v -0.03758838 -0.01248892 0.19961694
v -0.03704206 -0.01380786 0.19961694
v -0.03804173 -0.01116292 0.19965416
v -0.03696619 -0.01217528 0.20078907
v -0.03743477 -0.01093414 0.20075458
v -0.03849121 -0.01135070 0.19829380
v -0.03822314 -0.01269757 0.19703204
v -0.03746628 -0.01398304 0.19834919
v -0.03801223 -0.01266502 0.19834920
v -0.03687561 -0.01525110 0.19829380
v -0.03763844 -0.01410917 0.19703204
v -0.03706713 -0.01530502 0.19703204
v -0.03914839 -0.00616755 0.01038775
v -0.03942175 -0.00479323 0.01038775
v -0.03834014 -0.00529243 0.01007788
v -0.03997650 -0.00609395 0.01117939
v -0.03974632 -0.00557214 0.01062060
v -0.04012545 -0.00642648 0.01217539
v -0.03967688 -0.00704400 0.01114791
v -0.04042353 -0.00492793 0.01217540
v -0.04024541 -0.00418576 0.01114791
v -0.04015867 -0.00517814 0.01117939
v -0.03879016 -0.00616245 0.20078905
v -0.03912200 -0.00760174 0.19965416
v -0.03908883 -0.00466093 0.20078907
v -0.03948174 -0.00624733 0.19961693
v -0.03994621 -0.00345819 0.19965414
v -0.04042369 -0.00355467 0.19829380
v -0.03976025 -0.00484716 0.19961693
v -0.04042353 -0.00492796 0.19703204
v -0.03993199 -0.00633639 0.19834920
v -0.04021032 -0.00493719 0.19834923
v -0.03960005 -0.00769532 0.19829380
v -0.04012545 -0.00642651 0.19703204
v -0.03979841 -0.00771084 0.19703204
v -0.04005705 0.00165710 0.01038775
v -0.04005705 0.00305834 0.01038775
v -0.03909361 0.00235773 0.01007789
v -0.04085491 0.00189083 0.01117938
v -0.04052734 0.00235771 0.01062060
v -0.04106586 0.00159375 0.01217539
v -0.04074638 0.00090059 0.01114791
v -0.04106586 0.00312166 0.01217539
v -0.04074638 0.00381483 0.01114791
v -0.04085490 0.00282459 0.01117938
v -0.03970471 0.00159221 0.20078907
v -0.04031098 0.00024531 0.19965414
v -0.03970471 0.00312314 0.20078906
v -0.04039957 0.00164387 0.19961694
v -0.04031098 0.00447004 0.19965414
v -0.03966266 0.00444912 0.20075458
v -0.04079810 0.00446856 0.19829380
v -0.04039957 0.00307148 0.19961693
v -0.04106586 0.00312163 0.19703204
v -0.04106586 0.00159372 0.19703204
v -0.04085854 0.00307098 0.19834921
v -0.04079810 0.00024679 0.19829380
v -0.04099567 0.00027027 0.19703204
v -0.04085854 0.00164437 0.19834921
v -0.03942175 0.00950865 0.01038775
v -0.03914837 0.01088297 0.01038775
v -0.03834013 0.01000786 0.01007789
v -0.04015867 0.00989356 0.01117938
v -0.03974632 0.01028756 0.01062061
v -0.04042353 0.00964334 0.01217539
v -0.04024542 0.00890117 0.01114791
v -0.03997650 0.01080937 0.01117939
v -0.03967687 0.01175941 0.01114791
v -0.04012545 0.01114189 0.01217539
v -0.03908883 0.00937628 0.20078907
v -0.03994621 0.00817354 0.19965414
v -0.03879016 0.01087780 0.20078907
v -0.03976025 0.00956251 0.19961694
v -0.03912200 0.01231709 0.19965414
v -0.03960006 0.01241067 0.19829380
v -0.03948174 0.01096268 0.19961693
v -0.04012544 0.01114186 0.19703205
v -0.04021031 0.00965254 0.19834921
v -0.03993199 0.01105174 0.19834921
v -0.04042369 0.00827002 0.19829380
v -0.04042353 0.00964331 0.19703205
v -0.04061288 0.00833160 0.19703205
v -0.03726689 0.01708540 0.01038775
v -0.03673066 0.01837998 0.01038775
v -0.03610867 0.01736400 0.01007789
v -0.03791456 0.01760668 0.01117939
v -0.03743326 0.01791267 0.01062061
v -0.03822314 0.01741295 0.01217540
v -0.03819325 0.01665029 0.01114791
v -0.03755723 0.01846936 0.01117939
v -0.03707801 0.01934269 0.01114791
v -0.03763844 0.01882455 0.01217540
v -0.03696619 0.01689063 0.20078907
v -0.03804174 0.01587827 0.19965416
v -0.03638033 0.01830503 0.20078906
v -0.03758838 0.01720427 0.19961694
v -0.03642501 0.01978141 0.19965416
v -0.03687562 0.01996646 0.19829380
v -0.03704206 0.01852321 0.19961691
v -0.03763844 0.01882452 0.19703205
v -0.03822314 0.01741292 0.19703205
v -0.03746629 0.01869839 0.19834921
v -0.03849121 0.01606605 0.19829380
v -0.03866476 0.01616335 0.19703205
v -0.03801223 0.01738037 0.19834922
v -0.03367528 0.02409619 0.01038776
v -0.03289679 0.02526129 0.01038776
v -0.03248496 0.02414348 0.01007789
v -0.03420882 0.02473381 0.01117939
v -0.03367707 0.02494002 0.01062061
v -0.03454926 0.02460400 0.01217540
v -0.03466872 0.02385016 0.01114791
v -0.03369005 0.02551020 0.01117939
v -0.03304966 0.02627326 0.01114791
v -0.03370041 0.02587441 0.01217540
v -0.03341835 0.02384650 0.20078906
v -0.03467074 0.02306342 0.19965415
v -0.03317427 0.02546251 0.19961694
v -0.03396740 0.02427549 0.19961694
v -0.03232361 0.02657615 0.19965416
v -0.03256781 0.02511943 0.20078908
v -0.03272946 0.02684555 0.19829381
v -0.03370041 0.02587437 0.19703205
v -0.03434875 0.02453090 0.19834923
v -0.03355617 0.02571708 0.19834923
v -0.03507494 0.02333528 0.19829380
v -0.03454926 0.02460397 0.19703205
v -0.03522617 0.02346456 0.19703205
v -0.02878495 0.03027158 0.01038776
v -0.02779412 0.03126241 0.01038776
v -0.02760828 0.03008573 0.01007789
v -0.02918384 0.03100103 0.01117939
v -0.02862208 0.03109954 0.01062061
v -0.02954307 0.03094013 0.01217540
v -0.02980731 0.03022408 0.01114791
v -0.02852357 0.03166129 0.01117940
v -0.02774663 0.03228476 0.01114791
v -0.02846268 0.03202052 0.01217540
v -0.02858167 0.02997655 0.20078908
v -0.02996276 0.02945285 0.19965416
v -0.02802700 0.03151389 0.19961695
v -0.02903647 0.03050442 0.19961693
v -0.02697543 0.03244018 0.19965416
v -0.02749913 0.03105909 0.20078906
v -0.02732092 0.03278358 0.19829381
v -0.02846268 0.03202049 0.19703205
v -0.02954307 0.03094010 0.19703205
v -0.02835190 0.03183809 0.19834919
v -0.03030616 0.02979834 0.19829381
v -0.03042926 0.02995465 0.19703205
v -0.02936066 0.03082932 0.19834923
v -0.02278383 0.03537425 0.01038776
v -0.02161874 0.03615273 0.01038775
v -0.02166602 0.03496242 0.01007789
v -0.02303274 0.03616750 0.01117939
v -0.02246256 0.03615452 0.01062061
v -0.02339695 0.03617785 0.01217540
v -0.02379581 0.03552711 0.01114791
v -0.02212655 0.03702671 0.01217540
v -0.02137271 0.03714618 0.01114791
v -0.02225635 0.03668627 0.01117940
v -0.02264200 0.03504523 0.20078908
v -0.02409872 0.03480103 0.19965415
v -0.02136907 0.03589577 0.20078908
v -0.02298508 0.03565168 0.19961695
v -0.02058599 0.03714815 0.19965417
v -0.02085785 0.03755236 0.19829381
v -0.02179807 0.03644482 0.19961695
v -0.02212655 0.03702668 0.19703205
v -0.02323966 0.03603358 0.19834921
v -0.02205347 0.03682616 0.19834921
v -0.02436813 0.03520687 0.19829381
v -0.02339695 0.03617782 0.19703205
v -0.02445837 0.03538419 0.19703205
v -0.01590253 0.03920811 0.01038776
v -0.01460795 0.03974435 0.01038776
v -0.01488654 0.03858613 0.01007789
v -0.01599191 0.04003468 0.01117939
v -0.01543522 0.03991072 0.01062062
v -0.01634710 0.04011590 0.01217540
v -0.01686524 0.03955547 0.01114791
v -0.01493550 0.04070060 0.01217540
v -0.01417284 0.04067070 0.01114791
v -0.01512923 0.04039202 0.01117939
v -0.01582761 0.03885775 0.20078908
v -0.01730398 0.03890243 0.19965417
v -0.01441321 0.03944361 0.20078906
v -0.01604579 0.03951948 0.19961695
v -0.01340085 0.04051916 0.19965417
v -0.01317207 0.03991219 0.20075458
v -0.01358863 0.04096864 0.19829381
v -0.01472685 0.04006580 0.19961695
v -0.01493550 0.04070056 0.19703205
v -0.01634710 0.04011586 0.19703205
v -0.01490295 0.04048965 0.19834919
v -0.01748903 0.03935304 0.19829381
v -0.01754295 0.03954455 0.19703205
v -0.01622097 0.03994371 0.19834921
v -0.00840552 0.04162583 0.01038776
v -0.00703120 0.04189921 0.01038776
v -0.00753040 0.04081758 0.01007789
v -0.00833191 0.04245395 0.01117939
v -0.00781010 0.04222377 0.01062061
v -0.00866443 0.04260290 0.01217539
v -0.00928196 0.04215433 0.01114791
v -0.00741610 0.04263612 0.01117939
v -0.00642372 0.04272287 0.01114791
v -0.00716589 0.04290098 0.01217539
v -0.00840038 0.04126758 0.20078908
v -0.00983966 0.04159943 0.19965415
v -0.00708509 0.04223768 0.19961695
v -0.00848526 0.04195917 0.19961693
v -0.00569612 0.04242363 0.19965415
v -0.00689885 0.04156625 0.20078908
v -0.00579260 0.04290111 0.19829381
v -0.00716589 0.04290095 0.19703205
v -0.00857431 0.04240942 0.19834923
v -0.00717511 0.04268774 0.19834923
v -0.00993325 0.04207749 0.19829381
v -0.00866443 0.04260287 0.19703205
v -0.00994876 0.04227584 0.19703205
v -0.00058085 0.04253450 0.01038776
v 0.00082039 0.04253450 0.01038776
v 0.00011978 0.04157106 0.01007789
v -0.00034712 0.04333235 0.01117939
v 0.00011976 0.04300479 0.01062061
v -0.00064420 0.04354331 0.01217539
v -0.00133736 0.04322383 0.01114791
v 0.00088371 0.04354331 0.01217539
v 0.00157688 0.04322383 0.01114791
v 0.00058664 0.04333235 0.01117939
v -0.00064571 0.04218213 0.20078908
v -0.00199261 0.04278840 0.19965415
v 0.00088523 0.04218213 0.20078906
v -0.00059405 0.04287699 0.19961693
v 0.00223212 0.04278839 0.19965413
v 0.00221120 0.04214008 0.20075458
v 0.00223064 0.04327552 0.19829381
v 0.00083356 0.04287698 0.19961693
v 0.00088371 0.04354328 0.19703205
v -0.00059355 0.04333596 0.19834921
v 0.00083306 0.04333596 0.19834921
v -0.00199113 0.04327552 0.19829381
v -0.00064420 0.04354328 0.19703205
v -0.00196765 0.04347309 0.19703205
v 0.00727071 0.04189920 0.01038776
v 0.00864503 0.04162583 0.01038776
v 0.00776991 0.04081758 0.01007789
v 0.00765561 0.04263612 0.01117939
v 0.00804962 0.04222377 0.01062061
v 0.00740540 0.04290098 0.01217540
v 0.00666322 0.04272286 0.01114791
v 0.00890394 0.04260290 0.01217540
v 0.00952147 0.04215432 0.01114791
v 0.00857142 0.04245395 0.01117939
v 0.00713836 0.04156625 0.20078906
v 0.00593563 0.04242363 0.19965415
v 0.00872477 0.04195917 0.19961695
v 0.00732460 0.04223768 0.19961693
v 0.01007917 0.04159943 0.19965415
v 0.00863988 0.04126758 0.20078908
v 0.00993218 0.04096765 0.20075458
v 0.01017276 0.04207748 0.19829381
v 0.00890394 0.04260288 0.19703205
v 0.00740540 0.04290095 0.19703205
v 0.00881383 0.04240941 0.19834921
v 0.00603211 0.04290111 0.19829381
v 0.00609368 0.04309030 0.19703205
v 0.00741463 0.04268774 0.19834921
v 0.01484746 0.03974434 0.01038775
v 0.01614204 0.03920811 0.01038775
v 0.01512606 0.03858611 0.01007789
v 0.01536874 0.04039200 0.01117939
v 0.01567472 0.03991071 0.01062061
v 0.01517501 0.04070058 0.01217540
v 0.01441234 0.04067069 0.01114791
v 0.01623142 0.04003467 0.01117940
v 0.01710475 0.03955546 0.01114791
v 0.01658661 0.04011588 0.01217540
v 0.01465272 0.03944360 0.20078908
v 0.01364036 0.04051915 0.19965417
v 0.01628530 0.03951947 0.19961695
v 0.01496636 0.04006579 0.19961693
v 0.01754349 0.03890242 0.19965415
v 0.01606712 0.03885773 0.20078908
v 0.01772854 0.03935302 0.19829381
v 0.01658661 0.04011585 0.19703207
v 0.01514246 0.04048963 0.19834919
v 0.01646048 0.03994370 0.19834924
v 0.01382814 0.04096862 0.19829381
v 0.01517501 0.04070055 0.19703205
v 0.01392544 0.04114218 0.19703205
v 0.02185825 0.03615272 0.01038776
v 0.02302334 0.03537423 0.01038776
v 0.02190554 0.03496240 0.01007789
v 0.02249586 0.03668626 0.01117939
v 0.02270208 0.03615451 0.01062061
v 0.02236605 0.03702671 0.01217540
v 0.02161221 0.03714617 0.01114791
v 0.02327225 0.03616749 0.01117939
v 0.02403531 0.03552710 0.01114791
v 0.02363646 0.03617785 0.01217540
v 0.02160858 0.03589576 0.20078908
v 0.02082550 0.03714815 0.19965415
v 0.02288151 0.03504522 0.20078906
v 0.02203758 0.03644481 0.19961695
v 0.02433823 0.03480102 0.19965416
v 0.02396066 0.03427358 0.20075458
v 0.02460763 0.03520687 0.19829381
v 0.02322459 0.03565167 0.19961696
v 0.02363646 0.03617782 0.19703205
v 0.02229299 0.03682616 0.19834921
v 0.02347917 0.03603358 0.19834923
v 0.02109736 0.03755235 0.19829381
v 0.02236606 0.03702668 0.19703205
v 0.02122665 0.03770358 0.19703205
v 0.02803363 0.03126239 0.01038776
v 0.02902446 0.03027156 0.01038776
v 0.02784778 0.03008573 0.01007789
v 0.02876308 0.03166127 0.01117940
v 0.02886159 0.03109952 0.01062062
v 0.02870219 0.03202050 0.01217540
v 0.02798613 0.03228474 0.01114791
v 0.02978258 0.03094011 0.01217540
v 0.03004681 0.03022407 0.01114791
v 0.02942334 0.03100101 0.01117939
v 0.02773864 0.03105907 0.20078908
v 0.02721493 0.03244016 0.19965416
v 0.02927597 0.03050440 0.19961695
v 0.02826650 0.03151387 0.19961695
v 0.03020226 0.02945283 0.19965415
v 0.02882117 0.02997653 0.20078906
v 0.03054566 0.02979832 0.19829381
v 0.02978258 0.03094008 0.19703206
v 0.02859140 0.03183807 0.19834923
v 0.02960017 0.03082930 0.19834923
v 0.02756043 0.03278356 0.19829381
v 0.02870219 0.03202048 0.19703205
v 0.02771673 0.03290666 0.19703205
v 0.03313630 0.02526126 0.01038776
v 0.03391478 0.02409617 0.01038776
v 0.03272447 0.02414345 0.01007789
v 0.03392955 0.02551017 0.01117939
v 0.03391658 0.02493999 0.01062061
v 0.03393991 0.02587438 0.01217541
v 0.03328916 0.02627323 0.01114791
v 0.03478876 0.02460398 0.01217540
v 0.03490823 0.02385013 0.01114791
v 0.03444831 0.02473378 0.01117939
v 0.03280731 0.02511940 0.20078908
v 0.03256311 0.02657612 0.19965415
v 0.03365785 0.02384647 0.20078906
v 0.03341377 0.02546248 0.19961694
v 0.03491024 0.02306340 0.19965416
v 0.03531444 0.02333525 0.19829380
v 0.03420690 0.02427547 0.19961694
v 0.03478876 0.02460394 0.19703205
v 0.03393990 0.02587435 0.19703205
v 0.03458825 0.02453088 0.19834921
v 0.03296896 0.02684553 0.19829382
v 0.03314628 0.02693576 0.19703205
v 0.03379566 0.02571706 0.19834921
v 0.03697016 0.01837996 0.01038775
v 0.03750639 0.01708538 0.01038775
v 0.03634817 0.01736397 0.01007789
v 0.03779672 0.01846933 0.01117939
v 0.03767277 0.01791264 0.01062060
v 0.03787794 0.01882453 0.01217539
v 0.03731752 0.01934266 0.01114791
v 0.03846264 0.01741293 0.01217539
v 0.03843274 0.01665026 0.01114791
v 0.03815406 0.01760666 0.01117939
v 0.03661983 0.01830501 0.20078909
v 0.03666451 0.01978138 0.19965416
v 0.03720569 0.01689061 0.20078906
v 0.03728156 0.01852318 0.19961694
v 0.03828124 0.01587825 0.19965415
v 0.03767427 0.01564947 0.20075458
v 0.03873072 0.01606603 0.19829380
v 0.03782788 0.01720425 0.19961693
v 0.03846264 0.01741290 0.19703206
v 0.03770579 0.01869837 0.19834921
v 0.03825173 0.01738035 0.19834922
v 0.03711511 0.01996643 0.19829380
v 0.03787794 0.01882450 0.19703205
v 0.03730663 0.02002034 0.19703205
v 0.03938787 0.01088294 0.01038775
v 0.03966124 0.00950863 0.01038775
v 0.03857962 0.01000783 0.01007789
v 0.04021600 0.01080934 0.01117939
v 0.03998581 0.01028753 0.01062061
v 0.04036495 0.01114186 0.01217540
v 0.03991637 0.01175938 0.01114791
v 0.04039816 0.00989353 0.01117939
v 0.04048491 0.00890114 0.01114791
v 0.04066303 0.00964331 0.01217540
v 0.03902965 0.01087777 0.20078906
v 0.03936150 0.01231706 0.19965416
v 0.03932833 0.00937625 0.20078906
v 0.03972123 0.01096266 0.19961694
v 0.04018570 0.00817351 0.19965414
v 0.03954576 0.00806754 0.20075458
v 0.04066318 0.00826999 0.19829380
v 0.03999974 0.00956248 0.19961691
v 0.04066302 0.00964328 0.19703205
v 0.04017149 0.01105171 0.19834921
v 0.04044980 0.00965251 0.19834921
v 0.03983955 0.01241064 0.19829380
v 0.04036495 0.01114183 0.19703205
v 0.04003791 0.01242616 0.19703205
v 0.04029653 0.00305829 0.01038775
v 0.04029654 0.00165705 0.01038775
v 0.03933309 0.00235767 0.01007789
v 0.04109438 0.00282454 0.01117938
v 0.04076682 0.00235767 0.01062060
v 0.04130534 0.00312162 0.01217539
v 0.04098586 0.00381479 0.01114791
v 0.04130534 0.00159372 0.01217539
v 0.04098586 0.00090055 0.01114790
v 0.04109439 0.00189079 0.01117938
v 0.03994420 0.00312311 0.20078906
v 0.04055046 0.00447000 0.19965414
v 0.04063905 0.00164384 0.19961691
v 0.04063905 0.00307144 0.19961691
v 0.04055046 0.00024528 0.19965413
v 0.03994420 0.00159217 0.20078906
v 0.03990214 0.00026619 0.20075458
v 0.04103758 0.00024676 0.19829380
v 0.04130534 0.00159369 0.19703204
v 0.04109802 0.00307094 0.19834921
v 0.04109802 0.00164433 0.19834922
v 0.04103759 0.00446852 0.19829380
v 0.04130534 0.00312159 0.19703204
v 0.04123515 0.00444504 0.19703204
v 0.03966123 -0.00479328 0.01038775
v 0.03938785 -0.00616760 0.01038775
v 0.03857961 -0.00529248 0.01007788
v 0.04039815 -0.00517819 0.01117938
v 0.03998579 -0.00557218 0.01062060
v 0.04066300 -0.00492797 0.01217538
v 0.04048490 -0.00418580 0.01114791
v 0.04021598 -0.00609400 0.01117939
v 0.03991635 -0.00704404 0.01114791
v 0.04036492 -0.00642652 0.01217538
v 0.03932831 -0.00466097 0.20078906
v 0.04018569 -0.00345823 0.19965414
v 0.03972123 -0.00624737 0.19961694
v 0.03999974 -0.00484720 0.19961693
v 0.03936148 -0.00760178 0.19965416
v 0.03902964 -0.00616249 0.20078905
v 0.03872971 -0.00745478 0.20075458
v 0.03983953 -0.00769536 0.19829380
v 0.04036492 -0.00642655 0.19703204
v 0.04066300 -0.00492800 0.19703204
v 0.04017147 -0.00633643 0.19834920
v 0.04066317 -0.00355471 0.19829380
v 0.04085236 -0.00361629 0.19703204
v 0.04044979 -0.00493723 0.19834922
v 0.03750636 -0.01237003 0.01038775
v 0.03697012 -0.01366461 0.01038775
v 0.03634814 -0.01264863 0.01007788
v 0.03815403 -0.01289131 0.01117938
v 0.03767273 -0.01319730 0.01062060
v 0.03846261 -0.01269758 0.01217538
v 0.03843272 -0.01193492 0.01114791
v 0.03787791 -0.01410918 0.01217538
v 0.03731748 -0.01462732 0.01114791
v 0.03779669 -0.01375399 0.01117938
v 0.03720566 -0.01217532 0.20078905
v 0.03828120 -0.01116296 0.19965414
v 0.03728152 -0.01380790 0.19961694
v 0.03782785 -0.01248897 0.19961694
v 0.03666447 -0.01506610 0.19965412
v 0.03661979 -0.01358972 0.20078907
v 0.03711508 -0.01525115 0.19829380
v 0.03787791 -0.01410921 0.19703203
v 0.03846261 -0.01269761 0.19703204
v 0.03770575 -0.01398308 0.19834920
v 0.03873068 -0.01135074 0.19829380
v 0.03890423 -0.01144804 0.19703204
v 0.03825170 -0.01266507 0.19834920
v 0.03391475 -0.01938081 0.01038775
v 0.03313626 -0.02054590 0.01038775
v 0.03272443 -0.01942810 0.01007788
v 0.03444828 -0.02001843 0.01117939
v 0.03391653 -0.02022464 0.01062060
v 0.03478873 -0.01988862 0.01217539
v 0.03490819 -0.01913478 0.01114790
v 0.03393987 -0.02115903 0.01217539
v 0.03328912 -0.02155788 0.01114790
v 0.03392951 -0.02079482 0.01117939
v 0.03365781 -0.01913118 0.20078907
v 0.03491020 -0.01834810 0.19965415
v 0.03280727 -0.02040411 0.20078905
v 0.03420686 -0.01956018 0.19961694
v 0.03256306 -0.02186083 0.19965415
v 0.03296891 -0.02213023 0.19829380
v 0.03341372 -0.02074719 0.19961694
v 0.03393987 -0.02115906 0.19703204
v 0.03458821 -0.01981559 0.19834920
v 0.03379562 -0.02100177 0.19834920
v 0.03531440 -0.01861996 0.19829380
v 0.03478873 -0.01988865 0.19703204
v 0.03546563 -0.01874925 0.19703204
v 0.02902441 -0.02555619 0.01038775
v 0.02803357 -0.02654702 0.01038775
v 0.02784773 -0.02537035 0.01007788
v 0.02942329 -0.02628564 0.01117938
v 0.02886153 -0.02638416 0.01062060
v 0.02978252 -0.02622475 0.01217539
v 0.03004676 -0.02550870 0.01114790
v 0.02876302 -0.02694591 0.01117939
v 0.02798608 -0.02756938 0.01114790
v 0.02870212 -0.02730514 0.01217539
v 0.02882112 -0.02526123 0.20078905
v 0.03020221 -0.02473753 0.19965415
v 0.02826645 -0.02679857 0.19961694
v 0.02927592 -0.02578910 0.19961692
v 0.02721487 -0.02772486 0.19965415
v 0.02773858 -0.02634376 0.20078907
v 0.02677123 -0.02725164 0.20075457
v 0.02756037 -0.02806826 0.19829380
v 0.02870213 -0.02730517 0.19703205
v 0.02960011 -0.02611400 0.19834920
v 0.02859135 -0.02712276 0.19834920
v 0.03054561 -0.02508302 0.19829380
v 0.02978252 -0.02622478 0.19703204
v 0.03066871 -0.02523933 0.19703204
v 0.02302327 -0.03065886 0.01038775
v 0.02185818 -0.03143735 0.01038774
v 0.02190546 -0.03024703 0.01007788
v 0.02327218 -0.03145211 0.01117938
v 0.02270201 -0.03143914 0.01062060
v 0.02363640 -0.03146247 0.01217539
v 0.02403525 -0.03081173 0.01114790
v 0.02249580 -0.03197088 0.01117939
v 0.02161215 -0.03243079 0.01114790
v 0.02236599 -0.03231133 0.01217539
v 0.02288144 -0.03032991 0.20078905
v 0.02433817 -0.03008570 0.19965414
v 0.02160852 -0.03118045 0.20078907
v 0.02322453 -0.03093636 0.19961694
v 0.02082543 -0.03243283 0.19965412
v 0.02048264 -0.03188216 0.20075457
v 0.02109729 -0.03283704 0.19829380
v 0.02203751 -0.03172949 0.19961692
v 0.02236599 -0.03231135 0.19703204
v 0.02363640 -0.03146250 0.19703204
v 0.02229292 -0.03211084 0.19834920
v 0.02460757 -0.03049155 0.19829381
v 0.02469781 -0.03066887 0.19703204
v 0.02347911 -0.03131826 0.19834923
v 0.01614197 -0.03449271 0.01038775
v 0.01484739 -0.03502895 0.01038774
v 0.01512599 -0.03387072 0.01007788
v 0.01623135 -0.03531928 0.01117938
v 0.01567465 -0.03519532 0.01062060
v 0.01658653 -0.03540050 0.01217538
v 0.01710468 -0.03484007 0.01114790
v 0.01517494 -0.03598520 0.01217538
v 0.01441227 -0.03595530 0.01114790
v 0.01536867 -0.03567662 0.01117938
v 0.01606705 -0.03414241 0.20078905
v 0.01754342 -0.03418709 0.19965414
v 0.01465265 -0.03472827 0.20078905
v 0.01628522 -0.03480414 0.19961692
v 0.01364028 -0.03580382 0.19965415
v 0.01382807 -0.03625331 0.19829380
v 0.01496629 -0.03535046 0.19961692
v 0.01517494 -0.03598523 0.19703204
v 0.01646041 -0.03522837 0.19834920
v 0.01514239 -0.03577431 0.19834921
v 0.01772847 -0.03463770 0.19829380
v 0.01658653 -0.03540052 0.19703204
v 0.01778239 -0.03482922 0.19703204
v 0.00864495 -0.03691043 0.01038775
v 0.00727064 -0.03718379 0.01038775
v 0.00776984 -0.03610218 0.01007788
v 0.00857135 -0.03773855 0.01117938
v 0.00804954 -0.03750837 0.01062060
v 0.00890387 -0.03788750 0.01217539
v 0.00952139 -0.03743892 0.01114790
v 0.00765554 -0.03792071 0.01117939
v 0.00666315 -0.03800746 0.01114790
v 0.00740532 -0.03818558 0.01217539
v 0.00863981 -0.03655224 0.20078905
v 0.01007910 -0.03688408 0.19965415
v 0.00713829 -0.03685091 0.20078905
v 0.00872469 -0.03724382 0.19961692
v 0.00593555 -0.03770829 0.19965414
v 0.00582958 -0.03706835 0.20075457
v 0.00603203 -0.03818576 0.19829380
v 0.00732452 -0.03752234 0.19961690
v 0.00740532 -0.03818561 0.19703204
v 0.00890387 -0.03788753 0.19703204
v 0.00741455 -0.03797239 0.19834920
v 0.01017268 -0.03736214 0.19829380
v 0.01018819 -0.03756049 0.19703204
v 0.00881375 -0.03769407 0.19834921
v -0.00194675 -0.02754014 0.21388508
v -0.00064421 -0.02741302 0.21514686
v -0.00194823 -0.02802697 0.21252476
v -0.00057945 -0.02762201 0.21383229
v -0.00064572 -0.02871708 0.21145880
v 0.00088521 -0.02871708 0.21145882
v -0.00057995 -0.02806285 0.21258647
v 0.00218771 -0.02802697 0.21252476
v 0.00081894 -0.02762201 0.21383229
v 0.00081944 -0.02806285 0.21258648
v 0.00088369 -0.02741302 0.21514686
v 0.00218623 -0.02754014 0.21388510
v -0.00493896 -0.02699002 0.21514686
v -0.00368625 -0.02736881 0.21388510
v -0.00643750 -0.02669194 0.21514686
v -0.00504324 -0.02718236 0.21383229
v -0.00773982 -0.02656251 0.21388510
v -0.00783624 -0.02703970 0.21252476
v -0.00641477 -0.02690955 0.21383229
v -0.00669340 -0.02797065 0.21145882
v -0.00512876 -0.02761483 0.21258645
v -0.00650126 -0.02734182 0.21258647
v -0.00377977 -0.02784658 0.21252474
v -0.00519188 -0.02826933 0.21145880
v -0.01056721 -0.02543921 0.21514687
v -0.00941247 -0.02605511 0.21388510
v -0.01199896 -0.02507237 0.21383233
v -0.01070701 -0.02560751 0.21383231
v -0.01323085 -0.02447350 0.21388510
v -0.01197881 -0.02485451 0.21514686
v -0.01341851 -0.02492270 0.21252476
v -0.01247926 -0.02605873 0.21145882
v -0.01368821 -0.02551245 0.21142432
v -0.01087526 -0.02601499 0.21258647
v -0.01216812 -0.02547947 0.21258648
v -0.00959740 -0.02650546 0.21252477
v -0.01106485 -0.02664459 0.21145880
v -0.01578477 -0.02282018 0.21514686
v -0.01477237 -0.02364953 0.21388510
v -0.01711744 -0.02218107 0.21383231
v -0.01595472 -0.02295797 0.21383230
v -0.01820882 -0.02135337 0.21388510
v -0.01705517 -0.02197132 0.21514686
v -0.01848052 -0.02175733 0.21252476
v -0.01778094 -0.02305477 0.21145882
v -0.01886008 -0.02228313 0.21142432
v -0.01619922 -0.02332480 0.21258647
v -0.01736277 -0.02254734 0.21258648
v -0.01504161 -0.02405514 0.21252476
v -0.01650800 -0.02390531 0.21145880
v -0.02039112 -0.01923358 0.21514686
v -0.01955997 -0.02024450 0.21388510
v -0.02147151 -0.01815319 0.21514686
v -0.02058468 -0.01933557 0.21383231
v -0.02248244 -0.01732205 0.21388510
v -0.02282772 -0.01766524 0.21252474
v -0.02157350 -0.01834676 0.21383230
v -0.02239469 -0.01907423 0.21145880
v -0.02131216 -0.02015677 0.21145882
v -0.02188558 -0.01865813 0.21258648
v -0.01990317 -0.02058979 0.21252476
v -0.02089606 -0.01964764 0.21258648
v -0.02420926 -0.01481723 0.21514686
v -0.02359130 -0.01597088 0.21388510
v -0.02519591 -0.01371678 0.21383233
v -0.02441900 -0.01487950 0.21383233
v -0.02588746 -0.01253444 0.21388510
v -0.02505811 -0.01354683 0.21514686
v -0.02629307 -0.01280367 0.21252476
v -0.02614324 -0.01427007 0.21145880
v -0.02684496 -0.01314420 0.21142432
v -0.02529270 -0.01554300 0.21145882
v -0.02556273 -0.01396128 0.21258647
v -0.02399527 -0.01624258 0.21252476
v -0.02478527 -0.01512483 0.21258649
v -0.02709244 -0.00974088 0.21514686
v -0.02671142 -0.01099291 0.21388510
v -0.02784545 -0.00846908 0.21383233
v -0.02731030 -0.00976103 0.21383231
v -0.02829305 -0.00717454 0.21388510
v -0.02767714 -0.00832928 0.21514686
v -0.02874339 -0.00735948 0.21252475
v -0.02888252 -0.00882692 0.21145882
v -0.02829665 -0.01024132 0.21145882
v -0.02825292 -0.00863733 0.21258647
v -0.02716063 -0.01118058 0.21252475
v -0.02771740 -0.00993019 0.21258649
v -0.02892987 -0.00419957 0.21514688
v -0.02880044 -0.00550188 0.21388510
v -0.02922795 -0.00270103 0.21514686
v -0.02914748 -0.00417684 0.21383233
v -0.02960675 -0.00144832 0.21388510
v -0.03008451 -0.00154185 0.21252475
v -0.02942029 -0.00280531 0.21383231
v -0.03050725 -0.00295395 0.21145881
v -0.03072470 -0.00164525 0.21142433
v -0.03020858 -0.00445547 0.21145882
v -0.02985276 -0.00289083 0.21258646
v -0.02927762 -0.00559831 0.21252475
v -0.02957975 -0.00426332 0.21258647
v -0.02965095 0.00159372 0.21514686
v -0.02977807 0.00029118 0.21388510
v -0.02965095 0.00312162 0.21514686
v -0.02985994 0.00165847 0.21383232
v -0.02977808 0.00442416 0.21388510
v -0.02958076 0.00444508 0.21514686
v -0.03026491 0.00442564 0.21252475
v -0.02985994 0.00305687 0.21383232
v -0.03095501 0.00312314 0.21145881
v -0.03095501 0.00159220 0.21145881
v -0.03030078 0.00305736 0.21258647
v -0.03026490 0.00028970 0.21252475
v -0.03030078 0.00165798 0.21258649
v -0.02922795 0.00741637 0.21514686
v -0.02960675 0.00616366 0.21388510
v -0.02892987 0.00891491 0.21514686
v -0.02942029 0.00752065 0.21383233
v -0.02880044 0.01021723 0.21388510
v -0.02927763 0.01031365 0.21252475
v -0.02914748 0.00889218 0.21383232
v -0.03020859 0.00917081 0.21145881
v -0.02990866 0.01046311 0.21142433
v -0.03050726 0.00766929 0.21145881
v -0.02957976 0.00897867 0.21258647
v -0.03008451 0.00625719 0.21252476
v -0.02985276 0.00760617 0.21258649
v -0.02767714 0.01304462 0.21514686
v -0.02829305 0.01188988 0.21388510
v -0.02731030 0.01447637 0.21383233
v -0.02784545 0.01318442 0.21383230
v -0.02671143 0.01570825 0.21388510
v -0.02709244 0.01445622 0.21514686
v -0.02716064 0.01589592 0.21252477
v -0.02829666 0.01495666 0.21145882
v -0.02775038 0.01616562 0.21142433
v -0.02825292 0.01335267 0.21258647
v -0.02771740 0.01464553 0.21258649
v -0.02874339 0.01207482 0.21252478
v -0.02888252 0.01354226 0.21145881
v -0.02505812 0.01826218 0.21514686
v -0.02588747 0.01724978 0.21388511
v -0.02420926 0.01953258 0.21514686
v -0.02519591 0.01843213 0.21383233
v -0.02359130 0.02068623 0.21388511
v -0.02399527 0.02095793 0.21252475
v -0.02441900 0.01959485 0.21383232
v -0.02529271 0.02025834 0.21145882
v -0.02452107 0.02133750 0.21142433
v -0.02556273 0.01867664 0.21258647
v -0.02478527 0.01984018 0.21258647
v -0.02629307 0.01751902 0.21252475
v -0.02614324 0.01898542 0.21145882
v -0.02147151 0.02286853 0.21514686
v -0.02248244 0.02203739 0.21388511
v -0.02058468 0.02405092 0.21383230
v -0.02157350 0.02306210 0.21383230
v -0.01955997 0.02495985 0.21388511
v -0.02039112 0.02394892 0.21514686
v -0.01990318 0.02530514 0.21252477
v -0.02131216 0.02487211 0.21145881
v -0.02034482 0.02577999 0.21142433
v -0.02239469 0.02378958 0.21145881
v -0.02089606 0.02436299 0.21258647
v -0.02282772 0.02238058 0.21252475
v -0.02188558 0.02337347 0.21258647
v -0.01705517 0.02668667 0.21514686
v -0.01820881 0.02606872 0.21388511
v -0.01578476 0.02753553 0.21514686
v -0.01711744 0.02689641 0.21383232
v -0.01477237 0.02836488 0.21388511
v -0.01504161 0.02877048 0.21252477
v -0.01595471 0.02767332 0.21383232
v -0.01650800 0.02862066 0.21145881
v -0.01538213 0.02932237 0.21142433
v -0.01736277 0.02726269 0.21258649
v -0.01619922 0.02804015 0.21258647
v -0.01848051 0.02647268 0.21252477
v -0.01778093 0.02777012 0.21145881
v -0.01197880 0.02956985 0.21514686
v -0.01323084 0.02918884 0.21388511
v -0.01070700 0.03032286 0.21383232
v -0.01199895 0.02978772 0.21383230
v -0.00941246 0.03077046 0.21388511
v -0.01056720 0.03015456 0.21514686
v -0.00959740 0.03122080 0.21252475
v -0.01106485 0.03135994 0.21145884
v -0.01216811 0.03019481 0.21258649
v -0.01087525 0.03073034 0.21258651
v -0.01341850 0.02963805 0.21252475
v -0.01247924 0.03077407 0.21145881
v -0.00643750 0.03140729 0.21514686
v -0.00773981 0.03127786 0.21388511
v -0.00504323 0.03189771 0.21383233
v -0.00641476 0.03162489 0.21383232
v -0.00368624 0.03208416 0.21388511
v -0.00493895 0.03170537 0.21514686
v -0.00377977 0.03256193 0.21252477
v -0.00519187 0.03298467 0.21145881
v -0.00388317 0.03320212 0.21142433
v -0.00650125 0.03205717 0.21258648
v -0.00512875 0.03233018 0.21258648
v -0.00783623 0.03175505 0.21252475
v -0.00669339 0.03268600 0.21145881
v -0.00064420 0.03212836 0.21514686
v -0.00194674 0.03225548 0.21388511
v 0.00088371 0.03212836 0.21514686
v -0.00057945 0.03233735 0.21383233
v 0.00218624 0.03225548 0.21388511
v 0.00218772 0.03274232 0.21252477
v 0.00081895 0.03233735 0.21383232
v 0.00088522 0.03343243 0.21145881
v -0.00064572 0.03343243 0.21145881
v 0.00081945 0.03277819 0.21258648
v -0.00194821 0.03274232 0.21252477
v -0.00057994 0.03277820 0.21258649
v 0.00517846 0.03170536 0.21514688
v 0.00392575 0.03208416 0.21388511
v 0.00667700 0.03140728 0.21514686
v 0.00528274 0.03189770 0.21383233
v 0.00797931 0.03127785 0.21388511
v 0.00807574 0.03175504 0.21252475
v 0.00665426 0.03162489 0.21383232
v 0.00693290 0.03268600 0.21145881
v 0.00543138 0.03298467 0.21145883
v 0.00674076 0.03205717 0.21258648
v 0.00401927 0.03256192 0.21252478
v 0.00536826 0.03233017 0.21258651
v 0.01080671 0.03015455 0.21514686
v 0.00965197 0.03077046 0.21388511
v 0.01221831 0.02956985 0.21514686
v 0.01094651 0.03032285 0.21383232
v 0.01347034 0.02918883 0.21388509
v 0.01365801 0.02963804 0.21252477
v 0.01223846 0.02978771 0.21383230
v 0.01271875 0.03077407 0.21145883
v 0.01392771 0.03022779 0.21142433
v 0.01111475 0.03073033 0.21258649
v 0.01240762 0.03019480 0.21258648
v 0.00983690 0.03122080 0.21252478
v 0.01130435 0.03135993 0.21145883
v 0.01602426 0.02753551 0.21514685
v 0.01501187 0.02836487 0.21388511
v 0.01729467 0.02668666 0.21514686
v 0.01619421 0.02767331 0.21383233
v 0.01844832 0.02606871 0.21388511
v 0.01872002 0.02647267 0.21252477
v 0.01735694 0.02689641 0.21383232
v 0.01802043 0.02777011 0.21145883
v 0.01674750 0.02862065 0.21145881
v 0.01760227 0.02726267 0.21258647
v 0.01528111 0.02877048 0.21252477
v 0.01643872 0.02804013 0.21258647
v 0.02063062 0.02394892 0.21514685
v 0.01979947 0.02495984 0.21388511
v 0.02181300 0.02306209 0.21383233
v 0.02082419 0.02405090 0.21383233
v 0.02272193 0.02203738 0.21388511
v 0.02171101 0.02286852 0.21514686
v 0.02306722 0.02238057 0.21252475
v 0.02263419 0.02378956 0.21145881
v 0.02354207 0.02282222 0.21142433
v 0.02155166 0.02487210 0.21145881
v 0.02212507 0.02337346 0.21258646
v 0.02014267 0.02530512 0.21252475
v 0.02113556 0.02436298 0.21258647
v 0.02444875 0.01953256 0.21514686
v 0.02383080 0.02068622 0.21388511
v 0.02543540 0.01843211 0.21383232
v 0.02465849 0.01959484 0.21383230
v 0.02612696 0.01724977 0.21388511
v 0.02529760 0.01826216 0.21514686
v 0.02653256 0.01751901 0.21252475
v 0.02638275 0.01898540 0.21145881
v 0.02708445 0.01785953 0.21142433
v 0.02502476 0.01984016 0.21258647
v 0.02580222 0.01867662 0.21258649
v 0.02423476 0.02095791 0.21252475
v 0.02553220 0.02025832 0.21145881
v 0.02733194 0.01445620 0.21514685
v 0.02695092 0.01570824 0.21388510
v 0.02808494 0.01318440 0.21383232
v 0.02754979 0.01447635 0.21383232
v 0.02853254 0.01188986 0.21388510
v 0.02791664 0.01304460 0.21514686
v 0.02835825 0.01179503 0.21514686
v 0.02898288 0.01207480 0.21252477
v 0.02912202 0.01354224 0.21145882
v 0.02795689 0.01464551 0.21258647
v 0.02849241 0.01335265 0.21258647
v 0.02740013 0.01589591 0.21252475
v 0.02853615 0.01495665 0.21145881
v 0.02916936 0.00891489 0.21514686
v 0.02903993 0.01021721 0.21388510
v 0.02946744 0.00741635 0.21514686
v 0.02938697 0.00889216 0.21383232
v 0.02984623 0.00616364 0.21388510
v 0.02965679 0.00610463 0.21514686
v 0.03032400 0.00625717 0.21252475
v 0.02965978 0.00752063 0.21383230
v 0.03074674 0.00766927 0.21145882
v 0.02981924 0.00897865 0.21258647
v 0.03009225 0.00760615 0.21258649
v 0.02951712 0.01031363 0.21252475
v 0.03044807 0.00917079 0.21145881
v 0.02989043 0.00312160 0.21514686
v 0.03001756 0.00442413 0.21388510
v 0.03009942 0.00165845 0.21383233
v 0.03009942 0.00305684 0.21383232
v 0.03001755 0.00029116 0.21388510
v 0.02989043 0.00159369 0.21514686
v 0.03050438 0.00028968 0.21252476
v 0.03119449 0.00159218 0.21145882
v 0.03054027 0.00305734 0.21258647
v 0.03054026 0.00165795 0.21258649
v 0.03050439 0.00442561 0.21252476
v 0.03119449 0.00312311 0.21145881
v 0.02946743 -0.00270106 0.21514686
v 0.02984622 -0.00144835 0.21388510
v 0.02916935 -0.00419960 0.21514686
v 0.02965977 -0.00280534 0.21383230
v 0.02903992 -0.00550191 0.21388510
v 0.02951710 -0.00559834 0.21252475
v 0.02938696 -0.00417687 0.21383230
v 0.03044806 -0.00445550 0.21145880
v 0.03074673 -0.00295398 0.21145881
v 0.02981923 -0.00426336 0.21258647
v 0.03032399 -0.00154188 0.21252478
v 0.03009224 -0.00289086 0.21258650
v 0.02791661 -0.00832931 0.21514686
v 0.02853252 -0.00717457 0.21388510
v 0.02754977 -0.00976106 0.21383233
v 0.02808491 -0.00846911 0.21383231
v 0.02695090 -0.01099295 0.21388510
v 0.02733191 -0.00974091 0.21514686
v 0.02740010 -0.01118061 0.21252476
v 0.02853613 -0.01024136 0.21145883
v 0.02798985 -0.01145031 0.21142433
v 0.02849239 -0.00863736 0.21258647
v 0.02795686 -0.00993022 0.21258647
v 0.02898286 -0.00735951 0.21252476
v 0.02912199 -0.00882695 0.21145880
v 0.02529757 -0.01354687 0.21514686
v 0.02612693 -0.01253447 0.21388510
v 0.02444872 -0.01481727 0.21514686
v 0.02543537 -0.01371681 0.21383233
v 0.02383076 -0.01597091 0.21388510
v 0.02423473 -0.01624261 0.21252476
v 0.02465846 -0.01487954 0.21383230
v 0.02553217 -0.01554303 0.21145880
v 0.02476053 -0.01662218 0.21142432
v 0.02638271 -0.01427010 0.21145882
v 0.02502473 -0.01512487 0.21258647
v 0.02653254 -0.01280371 0.21252475
v 0.02580219 -0.01396132 0.21258647
v 0.02171097 -0.01815321 0.21514686
v 0.02272189 -0.01732207 0.21388510
v 0.02063058 -0.01923360 0.21514686
v 0.02181296 -0.01834678 0.21383231
v 0.01979943 -0.02024453 0.21388510
v 0.02014263 -0.02058982 0.21252474
v 0.02082414 -0.01933560 0.21383230
v 0.02155162 -0.02015679 0.21145882
v 0.02212503 -0.01865816 0.21258647
v 0.02113551 -0.01964767 0.21258647
v 0.02306718 -0.01766527 0.21252474
v 0.02263415 -0.01907426 0.21145880
v 0.01729462 -0.02197135 0.21514686
v 0.01844827 -0.02135340 0.21388510
v 0.01602422 -0.02282020 0.21514686
v 0.01735689 -0.02218109 0.21383231
v 0.01501182 -0.02364955 0.21388510
v 0.01528106 -0.02405516 0.21252474
v 0.01619416 -0.02295800 0.21383231
v 0.01674745 -0.02390533 0.21145880
v 0.01802038 -0.02305479 0.21145882
v 0.01643867 -0.02332482 0.21258645
v 0.01871996 -0.02175736 0.21252474
v 0.01760222 -0.02254736 0.21258648
v 0.01221825 -0.02485452 0.21514686
v 0.01347029 -0.02447351 0.21388510
v 0.01080665 -0.02543922 0.21514686
v 0.01223841 -0.02507239 0.21383233
v 0.00965191 -0.02605513 0.21388508
v 0.00983685 -0.02650547 0.21252476
v 0.01094645 -0.02560753 0.21383229
v 0.01130429 -0.02664461 0.21145880
v 0.01006316 -0.02711319 0.21142432
v 0.01271869 -0.02605874 0.21145882
v 0.01111470 -0.02601500 0.21258647
v 0.01365796 -0.02492272 0.21252476
v 0.01240757 -0.02547948 0.21258648
v 0.00667694 -0.02669195 0.21514686
v 0.00797926 -0.02656252 0.21388510
v 0.00517840 -0.02699003 0.21514686
v 0.00665421 -0.02690956 0.21383231
v 0.00392569 -0.02736882 0.21388510
v 0.00401921 -0.02784659 0.21252474
v 0.00528268 -0.02718237 0.21383231
v 0.00543132 -0.02826933 0.21145880
v 0.00693284 -0.02797066 0.21145882
v 0.00536820 -0.02761484 0.21258645
v 0.00807568 -0.02703971 0.21252474
v 0.00674069 -0.02734183 0.21258647
v -0.00194725 -0.02806708 0.21873356
v -0.00064591 -0.02879194 0.21976651
v -0.00197219 -0.02875329 0.21980152
v -0.00057909 -0.02763414 0.21745011
v -0.00057965 -0.02810021 0.21867290
v -0.00064421 -0.02741302 0.21614583
v -0.00194560 -0.02755178 0.21739796
v -0.00196766 -0.02734283 0.21614582
v 0.00081858 -0.02763414 0.21745009
v 0.00218508 -0.02755178 0.21739796
v 0.00088369 -0.02741302 0.21614582
v 0.00218674 -0.02806708 0.21873356
v 0.00088540 -0.02879194 0.21976651
v 0.00221168 -0.02875329 0.21980151
v 0.00081914 -0.02810021 0.21867292
v -0.00520631 -0.02834278 0.21976651
v -0.00378855 -0.02788573 0.21873353
v -0.00389796 -0.02856362 0.21980151
v -0.00670818 -0.02804404 0.21976651
v -0.00513634 -0.02765141 0.21867292
v -0.00784311 -0.02707922 0.21873353
v -0.00800145 -0.02774738 0.21980151
v -0.00641678 -0.02692152 0.21745011
v -0.00650825 -0.02737852 0.21867292
v -0.00643750 -0.02669194 0.21614582
v -0.00774096 -0.02657415 0.21739796
v -0.00772183 -0.02636491 0.21614582
v -0.00504596 -0.02719419 0.21745008
v -0.00368965 -0.02738001 0.21739796
v -0.00493896 -0.02699002 0.21614582
v -0.01109333 -0.02671382 0.21976650
v -0.00961365 -0.02654214 0.21873354
v -0.00985321 -0.02718566 0.21980151
v -0.01250807 -0.02612781 0.21976651
v -0.01088983 -0.02604939 0.21867292
v -0.01343296 -0.02496013 0.21873353
v -0.01371860 -0.02558456 0.21980151
v -0.01200327 -0.02508372 0.21745011
v -0.01218214 -0.02551409 0.21867290
v -0.01197881 -0.02485451 0.21614582
v -0.01323423 -0.02448469 0.21739798
v -0.01317466 -0.02428320 0.21614582
v -0.01056721 -0.02543921 0.21614582
v -0.00941798 -0.02606543 0.21739798
v -0.01071199 -0.02561858 0.21745011
v -0.01654944 -0.02396765 0.21976651
v -0.01506470 -0.02408794 0.21873353
v -0.01542520 -0.02467236 0.21980151
v -0.01782267 -0.02311691 0.21976651
v -0.01622023 -0.02335569 0.21867292
v -0.01850199 -0.02179122 0.21873353
v -0.01890396 -0.02234793 0.21980151
v -0.01712388 -0.02219136 0.21745011
v -0.01738327 -0.02257857 0.21867290
v -0.01705517 -0.02197132 0.21614582
v -0.01821432 -0.02136368 0.21739797
v -0.01811659 -0.02117769 0.21614582
v -0.01596176 -0.02296786 0.21745008
v -0.01477979 -0.02365857 0.21739796
v -0.01578477 -0.02282018 0.21614582
v -0.02136496 -0.02020983 0.21976651
v -0.01993222 -0.02061746 0.21873355
v -0.02039981 -0.02112032 0.21980151
v -0.02244776 -0.01912704 0.21976651
v -0.02092269 -0.01967385 0.21867292
v -0.02285539 -0.01769429 0.21873355
v -0.02335825 -0.01816188 0.21980151
v -0.02158182 -0.01835559 0.21745010
v -0.02191178 -0.01868476 0.21867292
v -0.02147151 -0.01815319 0.21614582
v -0.02248985 -0.01733109 0.21739797
v -0.02235770 -0.01716774 0.21614582
v -0.02059352 -0.01934390 0.21745008
v -0.01956902 -0.02025192 0.21739797
v -0.02039112 -0.01923358 0.21614582
v -0.02535484 -0.01558474 0.21976651
v -0.02402915 -0.01626406 0.21873355
v -0.02458586 -0.01666603 0.21980151
v -0.02559362 -0.01398229 0.21867292
v -0.02481650 -0.01514534 0.21867290
v -0.02632588 -0.01282677 0.21873353
v -0.02620559 -0.01431150 0.21976651
v -0.02691029 -0.01318727 0.21980151
v -0.02520579 -0.01372382 0.21745010
v -0.02505811 -0.01354683 0.21614582
v -0.02589651 -0.01254186 0.21739797
v -0.02573502 -0.01240742 0.21614582
v -0.02442929 -0.01488595 0.21745008
v -0.02360162 -0.01597639 0.21739797
v -0.02420926 -0.01481723 0.21614582
v -0.02836575 -0.01027014 0.21976651
v -0.02719805 -0.01119503 0.21873355
v -0.02782249 -0.01148067 0.21980151
v -0.02828732 -0.00865190 0.21867294
v -0.02775202 -0.00994421 0.21867290
v -0.02878006 -0.00737572 0.21873355
v -0.02895175 -0.00885540 0.21976651
v -0.02942358 -0.00761528 0.21980151
v -0.02785651 -0.00847405 0.21745011
v -0.02767714 -0.00832928 0.21614582
v -0.02830336 -0.00718005 0.21739798
v -0.02811875 -0.00707971 0.21614582
v -0.02732164 -0.00976534 0.21745008
v -0.02672261 -0.01099630 0.21739797
v -0.02709244 -0.00974088 0.21614582
v -0.03028197 -0.00447026 0.21976651
v -0.02931715 -0.00560518 0.21873356
v -0.02998531 -0.00576352 0.21980151
v -0.03058071 -0.00296838 0.21976652
v -0.02961646 -0.00427032 0.21867292
v -0.03012366 -0.00155062 0.21873353
v -0.03080155 -0.00166004 0.21980151
v -0.02943212 -0.00280803 0.21745010
v -0.02988935 -0.00289841 0.21867290
v -0.02922795 -0.00270103 0.21614582
v -0.02961794 -0.00145172 0.21739798
v -0.02941730 -0.00138931 0.21614582
v -0.02915945 -0.00417885 0.21745010
v -0.02881208 -0.00550303 0.21739798
v -0.02892987 -0.00419957 0.21614582
v -0.03102987 0.00159202 0.21976652
v -0.03030501 0.00029067 0.21873357
v -0.03099123 0.00026573 0.21980153
v -0.03102987 0.00312332 0.21976652
v -0.03033814 0.00165828 0.21867292
v -0.03030501 0.00442467 0.21873354
v -0.03099122 0.00444961 0.21980151
v -0.02987207 0.00305651 0.21745010
v -0.03033814 0.00305706 0.21867290
v -0.02965095 0.00312162 0.21614582
v -0.02978971 0.00442301 0.21739797
v -0.02987207 0.00165883 0.21745010
v -0.02978971 0.00029233 0.21739797
v -0.02965095 0.00159372 0.21614582
v -0.03058072 0.00768372 0.21976652
v -0.03012365 0.00626596 0.21873354
v -0.03080156 0.00637538 0.21980153
v -0.03028197 0.00918560 0.21976652
v -0.02988935 0.00761375 0.21867292
v -0.02931715 0.01032052 0.21873357
v -0.02998531 0.01047886 0.21980151
v -0.02915945 0.00889419 0.21745010
v -0.02961645 0.00898566 0.21867292
v -0.02892987 0.00891491 0.21614582
v -0.02881208 0.01021837 0.21739799
v -0.02860284 0.01019924 0.21614582
v -0.02943212 0.00752337 0.21745010
v -0.02961793 0.00616706 0.21739797
v -0.02922795 0.00741637 0.21614582
v -0.02895176 0.01357074 0.21976653
v -0.02878007 0.01209106 0.21873355
v -0.02942359 0.01233062 0.21980151
v -0.02836575 0.01498548 0.21976652
v -0.02828732 0.01336724 0.21867291
v -0.02719805 0.01591037 0.21873354
v -0.02782249 0.01619601 0.21980153
v -0.02732165 0.01448068 0.21745012
v -0.02775203 0.01465955 0.21867291
v -0.02709244 0.01445622 0.21614582
v -0.02672262 0.01571164 0.21739797
v -0.02652113 0.01565207 0.21614582
v -0.02785651 0.01318939 0.21745009
v -0.02830336 0.01189539 0.21739797
v -0.02767714 0.01304462 0.21614582
v -0.02620559 0.01902685 0.21976652
v -0.02632587 0.01754211 0.21873355
v -0.02691030 0.01790261 0.21980151
v -0.02535484 0.02030008 0.21976652
v -0.02559362 0.01869764 0.21867292
v -0.02402915 0.02097940 0.21873354
v -0.02458586 0.02138138 0.21980151
v -0.02442929 0.01960129 0.21745010
v -0.02481650 0.01986069 0.21867291
v -0.02420926 0.01953258 0.21614582
v -0.02360162 0.02069174 0.21739799
v -0.02341562 0.02059400 0.21614582
v -0.02505811 0.01826218 0.21614582
v -0.02589650 0.01725721 0.21739799
v -0.02520579 0.01843917 0.21745012
v -0.02244776 0.02384238 0.21976654
v -0.02285539 0.02240963 0.21873354
v -0.02335826 0.02287722 0.21980151
v -0.02136496 0.02492517 0.21976652
v -0.02191178 0.02340010 0.21867292
v -0.01993222 0.02533281 0.21873354
v -0.02039981 0.02583567 0.21980153
v -0.02059352 0.02405924 0.21745010
v -0.02092269 0.02438919 0.21867292
v -0.02039112 0.02394892 0.21614582
v -0.01956902 0.02496726 0.21739799
v -0.01940567 0.02483511 0.21614582
v -0.02158182 0.02307093 0.21745009
v -0.02248985 0.02204643 0.21739797
v -0.02147151 0.02286854 0.21614582
v -0.01782267 0.02783226 0.21976652
v -0.01850199 0.02650657 0.21873356
v -0.01890396 0.02706328 0.21980151
v -0.01622022 0.02807104 0.21867291
v -0.01738327 0.02729392 0.21867291
v -0.01506470 0.02880329 0.21873354
v -0.01654944 0.02868301 0.21976652
v -0.01542520 0.02938771 0.21980153
v -0.01596175 0.02768321 0.21745011
v -0.01578476 0.02753553 0.21614582
v -0.01477979 0.02837391 0.21739797
v -0.01464536 0.02821244 0.21614582
v -0.01712388 0.02690670 0.21745009
v -0.01821432 0.02607903 0.21739797
v -0.01705517 0.02668667 0.21614582
v -0.01250806 0.03084316 0.21976652
v -0.01343295 0.02967547 0.21873356
v -0.01371860 0.03029991 0.21980151
v -0.01088982 0.03076473 0.21867294
v -0.01218213 0.03022944 0.21867294
v -0.00961365 0.03125748 0.21873357
v -0.01109332 0.03142917 0.21976652
v -0.00985321 0.03190100 0.21980153
v -0.01071198 0.03033393 0.21745012
v -0.01056720 0.03015456 0.21614582
v -0.00941798 0.03078078 0.21739799
v -0.00931763 0.03059617 0.21614582
v -0.01200326 0.02979906 0.21745011
v -0.01323423 0.02920004 0.21739797
v -0.01197880 0.02956985 0.21614582
v -0.00670818 0.03275938 0.21976652
v -0.00784310 0.03179457 0.21873356
v -0.00800144 0.03246274 0.21980153
v -0.00513633 0.03236676 0.21867293
v -0.00650824 0.03209387 0.21867289
v -0.00378855 0.03260107 0.21873357
v -0.00520630 0.03305814 0.21976654
v -0.00389796 0.03327896 0.21980152
v -0.00504595 0.03190954 0.21745009
v -0.00493895 0.03170536 0.21614581
v -0.00368964 0.03209535 0.21739798
v -0.00362723 0.03189472 0.21614582
v -0.00643750 0.03140729 0.21614582
v -0.00774095 0.03128950 0.21739798
v -0.00641677 0.03163686 0.21745009
v -0.00064590 0.03350729 0.21976655
v -0.00194724 0.03278242 0.21873356
v -0.00197218 0.03346864 0.21980153
v 0.00081915 0.03281555 0.21867291
v -0.00057964 0.03281555 0.21867289
v 0.00218675 0.03278241 0.21873354
v 0.00088540 0.03350729 0.21976652
v 0.00221169 0.03346863 0.21980152
v 0.00081859 0.03234949 0.21745012
v 0.00088371 0.03212836 0.21614582
v 0.00218509 0.03226712 0.21739799
v 0.00220716 0.03205817 0.21614582
v -0.00057908 0.03234949 0.21745011
v -0.00194559 0.03226712 0.21739798
v -0.00064420 0.03212836 0.21614582
v 0.00544581 0.03305813 0.21976652
v 0.00402805 0.03260107 0.21873356
v 0.00413746 0.03327896 0.21980153
v 0.00674775 0.03209386 0.21867293
v 0.00537584 0.03236676 0.21867291
v 0.00808261 0.03179456 0.21873356
v 0.00694768 0.03275938 0.21976652
v 0.00824094 0.03246272 0.21980153
v 0.00665628 0.03163686 0.21745011
v 0.00667700 0.03140728 0.21614581
v 0.00798045 0.03128949 0.21739798
v 0.00796133 0.03108025 0.21614582
v 0.00517846 0.03170537 0.21614582
v 0.00392914 0.03209534 0.21739798
v 0.00528546 0.03190954 0.21745011
v 0.01133283 0.03142917 0.21976654
v 0.00985315 0.03125748 0.21873356
v 0.01009271 0.03190100 0.21980151
v 0.01242164 0.03022943 0.21867292
v 0.01112933 0.03076472 0.21867291
v 0.01367246 0.02967546 0.21873354
v 0.01274757 0.03084316 0.21976654
v 0.01395810 0.03029989 0.21980151
v 0.01224277 0.02979905 0.21745009
v 0.01221831 0.02956985 0.21614581
v 0.01347373 0.02920002 0.21739797
v 0.01341416 0.02899853 0.21614582
v 0.01080671 0.03015455 0.21614582
v 0.00965748 0.03078077 0.21739798
v 0.01095148 0.03033392 0.21745012
v 0.01678895 0.02868300 0.21976652
v 0.01530420 0.02880328 0.21873354
v 0.01566471 0.02938771 0.21980153
v 0.01762277 0.02729390 0.21867292
v 0.01645973 0.02807103 0.21867291
v 0.01874149 0.02650656 0.21873354
v 0.01806218 0.02783225 0.21976654
v 0.01914346 0.02706327 0.21980153
v 0.01736338 0.02690669 0.21745012
v 0.01729467 0.02668666 0.21614582
v 0.01845382 0.02607902 0.21739797
v 0.01835608 0.02589303 0.21614582
v 0.01620125 0.02768320 0.21745009
v 0.01501929 0.02837390 0.21739797
v 0.01602427 0.02753552 0.21614582
v 0.02160447 0.02492517 0.21976652
v 0.02017172 0.02533279 0.21873355
v 0.02063931 0.02583566 0.21980153
v 0.02215128 0.02340009 0.21867292
v 0.02116218 0.02438918 0.21867291
v 0.02309489 0.02240962 0.21873354
v 0.02268726 0.02384237 0.21976652
v 0.02359775 0.02287721 0.21980151
v 0.02182132 0.02307092 0.21745012
v 0.02171101 0.02286852 0.21614582
v 0.02272934 0.02204642 0.21739797
v 0.02259720 0.02188307 0.21614582
v 0.02083302 0.02405923 0.21745010
v 0.01980852 0.02496725 0.21739799
v 0.02063062 0.02394892 0.21614582
v 0.02559435 0.02030008 0.21976652
v 0.02426865 0.02097939 0.21873355
v 0.02482536 0.02138136 0.21980153
v 0.02583312 0.01869762 0.21867294
v 0.02505600 0.01986067 0.21867292
v 0.02656537 0.01754210 0.21873355
v 0.02644509 0.01902684 0.21976652
v 0.02714979 0.01790260 0.21980151
v 0.02544529 0.01843915 0.21745012
v 0.02529761 0.01826216 0.21614582
v 0.02613600 0.01725719 0.21739797
v 0.02597451 0.01712276 0.21614582
v 0.02466878 0.01960128 0.21745009
v 0.02384112 0.02069173 0.21739797
v 0.02444875 0.01953256 0.21614582
v 0.02860525 0.01498546 0.21976652
v 0.02743756 0.01591036 0.21873354
v 0.02806199 0.01619600 0.21980153
v 0.02852681 0.01336722 0.21867294
v 0.02799152 0.01465953 0.21867291
v 0.02901956 0.01209104 0.21873357
v 0.02919125 0.01357072 0.21976652
v 0.02966308 0.01233060 0.21980153
v 0.02809601 0.01318938 0.21745012
v 0.02791664 0.01304460 0.21614582
v 0.02854285 0.01189538 0.21739797
v 0.02756114 0.01448066 0.21745010
v 0.02696212 0.01571163 0.21739797
v 0.02733194 0.01445620 0.21614582
v 0.03052146 0.00918558 0.21976653
v 0.02955664 0.01032050 0.21873354
v 0.03022481 0.01047883 0.21980151
v 0.03082020 0.00768370 0.21976652
v 0.02985594 0.00898564 0.21867294
v 0.03036314 0.00626594 0.21873354
v 0.03104103 0.00637535 0.21980153
v 0.02967161 0.00752335 0.21745010
v 0.03012883 0.00761373 0.21867291
v 0.02946744 0.00741635 0.21614582
v 0.02985742 0.00616704 0.21739799
v 0.02916936 0.00891489 0.21614582
v 0.02905157 0.01021835 0.21739797
v 0.02939894 0.00889417 0.21745012
v 0.03126935 0.00312329 0.21976652
v 0.03054449 0.00442464 0.21873357
v 0.03123071 0.00444958 0.21980153
v 0.03057762 0.00165825 0.21867294
v 0.03057762 0.00305704 0.21867292
v 0.03054449 0.00029065 0.21873355
v 0.03126935 0.00159199 0.21976652
v 0.03123070 0.00026571 0.21980153
v 0.03011155 0.00165881 0.21745010
v 0.02989043 0.00159369 0.21614582
v 0.03002919 0.00029230 0.21739798
v 0.02982024 0.00027024 0.21614582
v 0.03011155 0.00305648 0.21745010
v 0.03002919 0.00442298 0.21739797
v 0.02989043 0.00312159 0.21614582
v 0.03082019 -0.00296841 0.21976652
v 0.03036313 -0.00155065 0.21873353
v 0.03104103 -0.00166007 0.21980151
v 0.03052145 -0.00447029 0.21976651
v 0.03012882 -0.00289844 0.21867290
v 0.02955663 -0.00560521 0.21873356
v 0.03022479 -0.00576355 0.21980151
v 0.02939892 -0.00417888 0.21745010
v 0.02985593 -0.00427035 0.21867290
v 0.02916935 -0.00419960 0.21614580
v 0.02905155 -0.00550306 0.21739798
v 0.02884231 -0.00548393 0.21614582
v 0.02946743 -0.00270106 0.21614582
v 0.02985741 -0.00145175 0.21739797
v 0.02967160 -0.00280806 0.21745011
v 0.02919123 -0.00885543 0.21976653
v 0.02901954 -0.00737575 0.21873355
v 0.02966306 -0.00761531 0.21980151
v 0.02860522 -0.01027017 0.21976651
v 0.02852679 -0.00865193 0.21867290
v 0.02743753 -0.01119506 0.21873356
v 0.02806196 -0.01148071 0.21980153
v 0.02756111 -0.00976537 0.21745011
v 0.02799149 -0.00994424 0.21867292
v 0.02733191 -0.00974091 0.21614582
v 0.02696208 -0.01099633 0.21739798
v 0.02676059 -0.01093676 0.21614582
v 0.02809598 -0.00847409 0.21745008
v 0.02854283 -0.00718008 0.21739797
v 0.02791661 -0.00832931 0.21614582
v 0.02644506 -0.01431155 0.21976653
v 0.02656534 -0.01282680 0.21873353
v 0.02714976 -0.01318730 0.21980151
v 0.02505596 -0.01514538 0.21867293
v 0.02583309 -0.01398233 0.21867290
v 0.02426862 -0.01626409 0.21873355
v 0.02559431 -0.01558478 0.21976653
v 0.02482532 -0.01666606 0.21980151
v 0.02466875 -0.01488598 0.21745011
v 0.02444872 -0.01481727 0.21614582
v 0.02384108 -0.01597642 0.21739797
v 0.02365508 -0.01587868 0.21614582
v 0.02544526 -0.01372386 0.21745010
v 0.02613597 -0.01254189 0.21739797
v 0.02529758 -0.01354687 0.21614582
v 0.02268722 -0.01912706 0.21976651
v 0.02309485 -0.01769432 0.21873356
v 0.02359771 -0.01816191 0.21980151
v 0.02116215 -0.01967387 0.21867290
v 0.02215124 -0.01868478 0.21867289
v 0.02017167 -0.02061748 0.21873353
v 0.02160442 -0.02020985 0.21976650
v 0.02063926 -0.02112035 0.21980151
v 0.02083297 -0.01934392 0.21745010
v 0.02063058 -0.01923360 0.21614582
v 0.01980848 -0.02025194 0.21739797
v 0.01964512 -0.02011979 0.21614582
v 0.02182128 -0.01835561 0.21745008
v 0.02272931 -0.01733112 0.21739797
v 0.02171097 -0.01815321 0.21614582
v 0.01806212 -0.02311694 0.21976651
v 0.01874144 -0.02179125 0.21873353
v 0.01914341 -0.02234796 0.21980151
v 0.01645967 -0.02335572 0.21867290
v 0.01762272 -0.02257860 0.21867290
v 0.01530415 -0.02408797 0.21873355
v 0.01678889 -0.02396769 0.21976651
v 0.01566465 -0.02467239 0.21980152
v 0.01620120 -0.02296788 0.21745008
v 0.01602422 -0.02282020 0.21614580
v 0.01501924 -0.02365859 0.21739796
v 0.01488481 -0.02349711 0.21614582
v 0.01729462 -0.02197135 0.21614582
v 0.01845378 -0.02136371 0.21739797
v 0.01736333 -0.02219138 0.21745008
v 0.01274751 -0.02612783 0.21976651
v 0.01367241 -0.02496015 0.21873355
v 0.01395805 -0.02558458 0.21980151
v 0.01133277 -0.02671384 0.21976651
v 0.01242158 -0.02551411 0.21867290
v 0.00985309 -0.02654215 0.21873354
v 0.01009265 -0.02718567 0.21980152
v 0.01095143 -0.02561860 0.21745010
v 0.01112927 -0.02604941 0.21867290
v 0.01080665 -0.02543922 0.21614582
v 0.00965743 -0.02606544 0.21739796
v 0.00955708 -0.02588084 0.21614582
v 0.01224271 -0.02508373 0.21745008
v 0.01347368 -0.02448471 0.21739796
v 0.01221825 -0.02485452 0.21614582
v 0.00694763 -0.02804406 0.21976651
v 0.00808255 -0.02707924 0.21873354
v 0.00824088 -0.02774740 0.21980151
v 0.00537578 -0.02765142 0.21867292
v 0.00674769 -0.02737853 0.21867290
v 0.00402799 -0.02788573 0.21873353
v 0.00544575 -0.02834280 0.21976651
v 0.00413740 -0.02856362 0.21980151
v 0.00528540 -0.02719420 0.21745009
v 0.00517840 -0.02699003 0.21614582
v 0.00392909 -0.02738001 0.21739798
v 0.00386668 -0.02717938 0.21614582
v 0.00667694 -0.02669195 0.21614582
v 0.00798040 -0.02657417 0.21739796
v 0.00665622 -0.02692153 0.21745009
v -0.00199260 -0.02995541 0.22220505
v -0.00064421 -0.03023484 0.22345720
v -0.00059459 -0.02952873 0.22090524
v -0.00059403 -0.03001511 0.22215024
v -0.00199426 -0.02943979 0.22086948
v 0.00223374 -0.02943979 0.22086948
v 0.00223209 -0.02995541 0.22220505
v 0.00083408 -0.02952873 0.22090524
v 0.00088369 -0.03023484 0.22345723
v 0.00083352 -0.03001511 0.22215026
v -0.00548947 -0.02975762 0.22345720
v -0.00411247 -0.02974662 0.22220505
v -0.00689593 -0.02925382 0.22215024
v -0.00549581 -0.02953232 0.22215024
v -0.00825598 -0.02892243 0.22220505
v -0.00698801 -0.02945954 0.22345721
v -0.00680159 -0.02877668 0.22090523
v -0.00815701 -0.02841639 0.22086948
v -0.00401025 -0.02924123 0.22086948
v -0.00540038 -0.02905540 0.22090526
v -0.01164707 -0.02804623 0.22345720
v -0.01029439 -0.02830408 0.22220506
v -0.01292823 -0.02727773 0.22215027
v -0.01160934 -0.02782402 0.22215026
v -0.01419749 -0.02668737 0.22220508
v -0.01305867 -0.02746153 0.22345721
v -0.01274261 -0.02682816 0.22090524
v -0.01400170 -0.02621035 0.22086948
v -0.01142270 -0.02737489 0.22090526
v -0.01009554 -0.02782835 0.22086948
v -0.01735249 -0.02516644 0.22345723
v -0.01607610 -0.02568323 0.22220505
v -0.01862290 -0.02431758 0.22345721
v -0.01727213 -0.02495586 0.22215026
v -0.01958880 -0.02333612 0.22220507
v -0.01818934 -0.02375804 0.22090523
v -0.01845910 -0.02416276 0.22215024
v -0.01930371 -0.02290647 0.22086948
v -0.01578825 -0.02525542 0.22086948
v -0.01700145 -0.02455176 0.22090527
v -0.02238645 -0.02122891 0.22345721
v -0.02123540 -0.02198478 0.22220505
v -0.02346684 -0.02014852 0.22345723
v -0.02226655 -0.02103805 0.22215026
v -0.02422271 -0.01899747 0.22220505
v -0.02293246 -0.01968431 0.22090526
v -0.02327598 -0.02002862 0.22215024
v -0.02385928 -0.01863170 0.22086950
v -0.02192224 -0.02069453 0.22090524
v -0.02086963 -0.02162135 0.22086950
v -0.02655551 -0.01638495 0.22345720
v -0.02557405 -0.01735086 0.22220505
v -0.02719380 -0.01503419 0.22215026
v -0.02640069 -0.01622116 0.22215024
v -0.02792116 -0.01383816 0.22220505
v -0.02740437 -0.01511455 0.22345723
v -0.02678969 -0.01476352 0.22090525
v -0.02749335 -0.01355032 0.22086949
v -0.02599597 -0.01595140 0.22090523
v -0.02514441 -0.01706577 0.22086949
v -0.02969946 -0.01082074 0.22345720
v -0.02892530 -0.01195956 0.22220505
v -0.03006196 -0.00937141 0.22215024
v -0.02951566 -0.01069030 0.22215024
v -0.03054201 -0.00805646 0.22220507
v -0.03028416 -0.00940914 0.22345722
v -0.02961281 -0.00918477 0.22090525
v -0.03006627 -0.00785761 0.22086949
v -0.02844829 -0.01176377 0.22086949
v -0.02906609 -0.01050468 0.22090526
v -0.03169747 -0.00475009 0.22345723
v -0.03116036 -0.00601806 0.22220507
v -0.03199555 -0.00325154 0.22345722
v -0.03149175 -0.00465801 0.22215028
v -0.03198455 -0.00187454 0.22220505
v -0.03129333 -0.00316245 0.22090525
v -0.03177025 -0.00325788 0.22215026
v -0.03147916 -0.00177232 0.22086949
v -0.03065432 -0.00591909 0.22086950
v -0.03101461 -0.00456366 0.22090526
v -0.03247277 0.00159372 0.22345722
v -0.03219334 0.00024532 0.22220505
v -0.03247277 0.00312162 0.22345720
v -0.03225304 0.00164389 0.22215026
v -0.03219334 0.00447002 0.22220507
v -0.03176666 0.00307200 0.22090525
v -0.03225304 0.00307145 0.22215025
v -0.03167771 0.00447167 0.22086949
v -0.03167772 0.00024367 0.22086949
v -0.03176666 0.00164334 0.22090526
v -0.03199555 0.00796688 0.22345720
v -0.03198455 0.00658988 0.22220505
v -0.03149175 0.00937334 0.22215025
v -0.03177025 0.00797322 0.22215025
v -0.03116036 0.01073339 0.22220505
v -0.03169747 0.00946543 0.22345722
v -0.03101461 0.00927900 0.22090524
v -0.03065432 0.01063443 0.22086949
v -0.03147916 0.00648766 0.22086949
v -0.03129333 0.00787779 0.22090527
v -0.03028416 0.01412448 0.22345724
v -0.03054201 0.01277180 0.22220507
v -0.02951566 0.01540564 0.22215028
v -0.03006196 0.01408675 0.22215025
v -0.02892530 0.01667490 0.22220509
v -0.02969946 0.01553608 0.22345722
v -0.02906609 0.01522002 0.22090525
v -0.02844829 0.01647911 0.22086949
v -0.02961282 0.01390011 0.22090527
v -0.03006628 0.01257295 0.22086949
v -0.02740437 0.01982990 0.22345724
v -0.02792116 0.01855351 0.22220506
v -0.02655552 0.02110030 0.22345722
v -0.02719380 0.01974954 0.22215026
v -0.02557405 0.02206621 0.22220506
v -0.02599597 0.02066675 0.22090525
v -0.02640069 0.02093650 0.22215025
v -0.02514440 0.02178112 0.22086949
v -0.02749336 0.01826567 0.22086949
v -0.02678969 0.01947886 0.22090525
v -0.02346684 0.02486386 0.22345722
v -0.02422271 0.02371282 0.22220506
v -0.02226655 0.02575340 0.22215028
v -0.02327598 0.02474397 0.22215025
v -0.02123540 0.02670013 0.22220507
v -0.02238645 0.02594425 0.22345722
v -0.02192224 0.02540987 0.22090525
v -0.02086963 0.02633670 0.22086949
v -0.02385928 0.02334705 0.22086949
v -0.02293246 0.02439966 0.22090527
v -0.01862289 0.02903293 0.22345724
v -0.01958879 0.02805147 0.22220506
v -0.01735248 0.02988178 0.22345722
v -0.01845909 0.02887811 0.22215028
v -0.01607609 0.03039858 0.22220506
v -0.01700145 0.02926711 0.22090525
v -0.01727212 0.02967121 0.22215025
v -0.01578825 0.02997077 0.22086949
v -0.01818934 0.02847339 0.22090525
v -0.01930371 0.02762182 0.22086949
v -0.01305866 0.03217688 0.22345721
v -0.01419749 0.03140271 0.22220506
v -0.01160933 0.03253937 0.22215025
v -0.01292822 0.03199307 0.22215027
v -0.01029438 0.03301943 0.22220507
v -0.01164706 0.03276158 0.22345722
v -0.01142269 0.03209023 0.22090527
v -0.01009553 0.03254369 0.22086949
v -0.01274260 0.03154351 0.22090525
v -0.01400169 0.03092570 0.22086949
v -0.00698800 0.03417489 0.22345724
v -0.00825598 0.03363777 0.22220507
v -0.00548946 0.03447297 0.22345722
v -0.00689593 0.03396917 0.22215028
v -0.00411246 0.03446197 0.22220506
v -0.00540037 0.03377075 0.22090526
v -0.00549580 0.03424767 0.22215027
v -0.00401024 0.03395657 0.22086949
v -0.00680158 0.03349203 0.22090527
v -0.00815701 0.03313174 0.22086951
v -0.00064420 0.03495019 0.22345722
v -0.00199259 0.03467075 0.22220506
v 0.00088371 0.03495019 0.22345721
v -0.00059402 0.03473045 0.22215025
v 0.00223210 0.03467075 0.22220507
v 0.00083408 0.03424407 0.22090526
v 0.00083353 0.03473045 0.22215025
v 0.00223375 0.03415513 0.22086949
v -0.00199425 0.03415513 0.22086949
v -0.00059458 0.03424407 0.22090526
v 0.00572897 0.03447296 0.22345724
v 0.00435197 0.03446196 0.22220506
v 0.00722751 0.03417488 0.22345722
v 0.00573531 0.03424767 0.22215028
v 0.00849548 0.03363776 0.22220506
v 0.00704109 0.03349202 0.22090527
v 0.00713543 0.03396916 0.22215025
v 0.00839651 0.03313172 0.22086949
v 0.00424975 0.03395657 0.22086949
v 0.00563988 0.03377074 0.22090524
v 0.01188657 0.03276157 0.22345721
v 0.01053389 0.03301942 0.22220506
v 0.01316773 0.03199307 0.22215025
v 0.01184884 0.03253936 0.22215027
v 0.01443699 0.03140270 0.22220506
v 0.01329817 0.03217687 0.22345722
v 0.01298211 0.03154350 0.22090525
v 0.01424120 0.03092569 0.22086949
v 0.01033504 0.03254368 0.22086949
v 0.01166220 0.03209022 0.22090525
v 0.01759199 0.02988178 0.22345724
v 0.01631560 0.03039857 0.22220506
v 0.01886239 0.02903291 0.22345722
v 0.01751163 0.02967120 0.22215025
v 0.01982830 0.02805145 0.22220506
v 0.01842884 0.02847337 0.22090525
v 0.01869859 0.02887809 0.22215025
v 0.01954320 0.02762180 0.22086949
v 0.01724095 0.02926710 0.22090524
v 0.01602775 0.02997076 0.22086949
v 0.02262595 0.02594424 0.22345722
v 0.02147491 0.02670011 0.22220506
v 0.02370634 0.02486385 0.22345724
v 0.02250605 0.02575338 0.22215027
v 0.02446221 0.02371280 0.22220506
v 0.02317195 0.02439964 0.22090524
v 0.02351549 0.02474395 0.22215025
v 0.02409878 0.02334703 0.22086949
v 0.02110914 0.02633668 0.22086949
v 0.02216174 0.02540986 0.22090527
v 0.02679501 0.02110028 0.22345724
v 0.02581355 0.02206619 0.22220506
v 0.02764387 0.01982988 0.22345721
v 0.02664019 0.02093649 0.22215026
v 0.02816066 0.01855349 0.22220507
v 0.02702919 0.01947884 0.22090524
v 0.02743329 0.01974952 0.22215025
v 0.02773285 0.01826565 0.22086949
v 0.02623547 0.02066673 0.22090524
v 0.02538390 0.02178110 0.22086949
v 0.02993896 0.01553606 0.22345721
v 0.02916479 0.01667488 0.22220505
v 0.03052366 0.01412446 0.22345722
v 0.02975515 0.01540562 0.22215026
v 0.03078150 0.01277177 0.22220505
v 0.02985231 0.01390009 0.22090524
v 0.03030145 0.01408673 0.22215025
v 0.03030576 0.01257293 0.22086949
v 0.02868779 0.01647909 0.22086949
v 0.02930558 0.01522000 0.22090527
v 0.03193696 0.00946540 0.22345722
v 0.03139985 0.01073337 0.22220507
v 0.03223504 0.00796686 0.22345720
v 0.03173124 0.00937332 0.22215026
v 0.03222404 0.00658986 0.22220505
v 0.03153281 0.00787777 0.22090525
v 0.03200974 0.00797320 0.22215025
v 0.03171864 0.00648764 0.22086949
v 0.03125410 0.00927898 0.22090525
v 0.03089381 0.01063440 0.22086947
v 0.03271225 0.00312159 0.22345720
v 0.03243283 0.00446999 0.22220505
v 0.03249252 0.00164387 0.22215026
v 0.03249252 0.00307142 0.22215025
v 0.03243282 0.00024530 0.22220505
v 0.03271225 0.00159369 0.22345722
v 0.03200614 0.00164331 0.22090525
v 0.03191720 0.00024364 0.22086949
v 0.03191720 0.00447164 0.22086949
v 0.03200614 0.00307197 0.22090526
v 0.03223503 -0.00325157 0.22345722
v 0.03222403 -0.00187457 0.22220507
v 0.03173123 -0.00465804 0.22215028
v 0.03200973 -0.00325791 0.22215026
v 0.03139983 -0.00601809 0.22220505
v 0.03193695 -0.00475012 0.22345722
v 0.03125409 -0.00456369 0.22090526
v 0.03089379 -0.00591912 0.22086949
v 0.03171864 -0.00177236 0.22086949
v 0.03153281 -0.00316248 0.22090526
v 0.03052363 -0.00940918 0.22345720
v 0.03078149 -0.00805649 0.22220505
v 0.02993893 -0.01082077 0.22345722
v 0.03030142 -0.00937145 0.22215026
v 0.02916476 -0.01195959 0.22220505
v 0.02930556 -0.01050471 0.22090525
v 0.02975512 -0.01069033 0.22215024
v 0.02868775 -0.01176380 0.22086949
v 0.03030575 -0.00785764 0.22086949
v 0.02985228 -0.00918480 0.22090525
v 0.02764383 -0.01511459 0.22345721
v 0.02816063 -0.01383820 0.22220505
v 0.02664015 -0.01622120 0.22215024
v 0.02743326 -0.01503423 0.22215024
v 0.02581351 -0.01735090 0.22220507
v 0.02679498 -0.01638499 0.22345723
v 0.02623543 -0.01595144 0.22090525
v 0.02538386 -0.01706581 0.22086949
v 0.02773282 -0.01355036 0.22086949
v 0.02702916 -0.01476355 0.22090525
v 0.02370629 -0.02014855 0.22345721
v 0.02446217 -0.01899750 0.22220507
v 0.02250600 -0.02103808 0.22215024
v 0.02351544 -0.02002865 0.22215024
v 0.02147485 -0.02198480 0.22220505
v 0.02262590 -0.02122894 0.22345723
v 0.02216169 -0.02069455 0.22090526
v 0.02110909 -0.02162138 0.22086952
v 0.02317191 -0.01968434 0.22090526
v 0.02409874 -0.01863173 0.22086949
v 0.01886234 -0.02431761 0.22345723
v 0.01982824 -0.02333615 0.22220505
v 0.01759193 -0.02516647 0.22345721
v 0.01869854 -0.02416279 0.22215027
v 0.01631554 -0.02568325 0.22220505
v 0.01724090 -0.02455179 0.22090523
v 0.01751157 -0.02495589 0.22215024
v 0.01602770 -0.02525545 0.22086948
v 0.01954316 -0.02290650 0.22086948
v 0.01842879 -0.02375807 0.22090524
v 0.01329811 -0.02746155 0.22345721
v 0.01443694 -0.02668739 0.22220505
v 0.01188652 -0.02804625 0.22345721
v 0.01316767 -0.02727775 0.22215027
v 0.01053383 -0.02830410 0.22220508
v 0.01166214 -0.02737490 0.22090523
v 0.01184879 -0.02782405 0.22215026
v 0.01033498 -0.02782836 0.22086948
v 0.01424115 -0.02621038 0.22086948
v 0.01298205 -0.02682818 0.22090526
v 0.00722745 -0.02945955 0.22345723
v 0.00849542 -0.02892244 0.22220505
v 0.00572891 -0.02975763 0.22345721
v 0.00713537 -0.02925383 0.22215024
v 0.00435191 -0.02974663 0.22220505
v 0.00563982 -0.02905541 0.22090524
v 0.00573525 -0.02953233 0.22215024
v 0.00424969 -0.02924124 0.22086950
v 0.00839646 -0.02841640 0.22086950
v 0.00704103 -0.02877669 0.22090527
v -0.00064421 -0.03023484 0.23089669
v -0.00133738 -0.02991536 0.23192417
v -0.00196766 -0.03016465 0.23089669
v 0.00088369 -0.03023484 0.23089669
v -0.00034713 -0.03002388 0.23189269
v 0.00157686 -0.02991536 0.23192420
v 0.00082036 -0.02922604 0.23268433
v 0.00058662 -0.03002388 0.23189271
v -0.00058088 -0.02922604 0.23268433
v 0.00011974 -0.02826259 0.23299419
v 0.00011974 -0.02969633 0.23245149
v -0.00474729 -0.02957951 0.23192417
v -0.00548947 -0.02975762 0.23089669
v -0.00535478 -0.02875584 0.23268433
v -0.00573968 -0.02949276 0.23189268
v -0.00672909 -0.02848248 0.23268433
v -0.00585397 -0.02767423 0.23299419
v -0.00665549 -0.02931060 0.23189271
v -0.00613368 -0.02908041 0.23245147
v -0.00698801 -0.02945954 0.23089669
v -0.00760553 -0.02901097 0.23192418
v -0.00827234 -0.02913251 0.23089669
v -0.01088441 -0.02801634 0.23192417
v -0.01164707 -0.02804623 0.23089669
v -0.01131953 -0.02708999 0.23268435
v -0.01184081 -0.02773765 0.23189270
v -0.01261411 -0.02655376 0.23268435
v -0.01270348 -0.02738032 0.23189270
v -0.01214679 -0.02725636 0.23245150
v -0.01305867 -0.02746153 0.23089669
v -0.01357681 -0.02690111 0.23192420
v -0.01425452 -0.02689022 0.23089669
v -0.01659865 -0.02528591 0.23192417
v -0.01735249 -0.02516644 0.23089669
v -0.01684468 -0.02429247 0.23268433
v -0.01748230 -0.02482599 0.23189271
v -0.01800977 -0.02351398 0.23268433
v -0.01689196 -0.02310214 0.23299419
v -0.01825868 -0.02430723 0.23189270
v -0.01768850 -0.02429425 0.23245149
v -0.01862290 -0.02431759 0.23089669
v -0.01902174 -0.02366684 0.23192417
v -0.01968431 -0.02352395 0.23089669
v -0.02167040 -0.02149314 0.23192420
v -0.02238645 -0.02122891 0.23089669
v -0.02171790 -0.02047079 0.23268433
v -0.02244735 -0.02086968 0.23189271
v -0.02270873 -0.01947997 0.23268433
v -0.02153205 -0.01929412 0.23299420
v -0.02310761 -0.02020942 0.23189271
v -0.02254585 -0.02030792 0.23245148
v -0.02346684 -0.02014852 0.23089669
v -0.02373108 -0.01943247 0.23192417
v -0.02435303 -0.01916306 0.23089669
v -0.02590477 -0.01678381 0.23192418
v -0.02655551 -0.01638496 0.23089670
v -0.02575190 -0.01577184 0.23268433
v -0.02654515 -0.01602075 0.23189271
v -0.02653039 -0.01460675 0.23268434
v -0.02534007 -0.01465404 0.23299420
v -0.02706392 -0.01524436 0.23189271
v -0.02653218 -0.01545057 0.23245149
v -0.02740437 -0.01511455 0.23089670
v -0.02752383 -0.01436072 0.23192420
v -0.02808128 -0.01397514 0.23089670
v -0.02913903 -0.01133888 0.23192420
v -0.02969946 -0.01082074 0.23089670
v -0.02879168 -0.01037618 0.23268434
v -0.02961825 -0.01046555 0.23189271
v -0.02932791 -0.00908160 0.23268434
v -0.02816969 -0.00936019 0.23299420
v -0.02997558 -0.00960287 0.23189271
v -0.02949429 -0.00990886 0.23245149
v -0.03028416 -0.00940914 0.23089670
v -0.03025426 -0.00864648 0.23192418
v -0.03072578 -0.00815957 0.23089670
v -0.03124890 -0.00536761 0.23192417
v -0.03169747 -0.00475009 0.23089670
v -0.03072041 -0.00449116 0.23268434
v -0.03154853 -0.00441756 0.23189271
v -0.03099378 -0.00311685 0.23268434
v -0.02991215 -0.00361605 0.23299420
v -0.03173069 -0.00350175 0.23189270
v -0.03131834 -0.00389575 0.23245149
v -0.03199555 -0.00325154 0.23089670
v -0.03181744 -0.00250937 0.23192417
v -0.03218490 -0.00193982 0.23089670
v -0.03215329 0.00090055 0.23192420
v -0.03247277 0.00159372 0.23089670
v -0.03146396 0.00165705 0.23268434
v -0.03226182 0.00189080 0.23189272
v -0.03146396 0.00305829 0.23268434
v -0.03050051 0.00235767 0.23299420
v -0.03226181 0.00282454 0.23189272
v -0.03193425 0.00235767 0.23245149
v -0.03247277 0.00312162 0.23089670
v -0.03215329 0.00381478 0.23192419
v -0.03240258 0.00444507 0.23089670
v -0.03181744 0.00722471 0.23192420
v -0.03199555 0.00796688 0.23089670
v -0.03099378 0.00783219 0.23268434
v -0.03173069 0.00821709 0.23189272
v -0.03072041 0.00920650 0.23268434
v -0.02991216 0.00833138 0.23299420
v -0.03154853 0.00913290 0.23189272
v -0.03131834 0.00861109 0.23245148
v -0.03169747 0.00946542 0.23089670
v -0.03124890 0.01008294 0.23192419
v -0.03137044 0.01074975 0.23089670
v -0.03025426 0.01336182 0.23192419
v -0.03028416 0.01412448 0.23089670
v -0.02932791 0.01379694 0.23268434
v -0.02997558 0.01431821 0.23189272
v -0.02879168 0.01509152 0.23268434
v -0.02961825 0.01518089 0.23189272
v -0.02949429 0.01462420 0.23245149
v -0.02969946 0.01553608 0.23089670
v -0.02913903 0.01605422 0.23192421
v -0.02912815 0.01673193 0.23089670
v -0.02752383 0.01907606 0.23192418
v -0.02740437 0.01982990 0.23089670
v -0.02653040 0.01932209 0.23268434
v -0.02706392 0.01995971 0.23189269
v -0.02575191 0.02048718 0.23268434
v -0.02534007 0.01936937 0.23299420
v -0.02654515 0.02073609 0.23189270
v -0.02653218 0.02016591 0.23245146
v -0.02655552 0.02110030 0.23089670
v -0.02590477 0.02149915 0.23192419
v -0.02576188 0.02216171 0.23089670
v -0.02373108 0.02414781 0.23192421
v -0.02346684 0.02486386 0.23089670
v -0.02270873 0.02419531 0.23268434
v -0.02310761 0.02492476 0.23189274
v -0.02171790 0.02518613 0.23268434
v -0.02153205 0.02400946 0.23299420
v -0.02244734 0.02558502 0.23189272
v -0.02254586 0.02502327 0.23245147
v -0.02238645 0.02594425 0.23089670
v -0.02167040 0.02620849 0.23192418
v -0.02140099 0.02683044 0.23089670
v -0.01902174 0.02838219 0.23192419
v -0.01862289 0.02903293 0.23089670
v -0.01800977 0.02822932 0.23268434
v -0.01825868 0.02902257 0.23189269
v -0.01684468 0.02900781 0.23268434
v -0.01689197 0.02781748 0.23299420
v -0.01748229 0.02954134 0.23189272
v -0.01768850 0.02900960 0.23245150
v -0.01735248 0.02988178 0.23089672
v -0.01659864 0.03000125 0.23192419
v -0.01621308 0.03055869 0.23089670
v -0.01357680 0.03161645 0.23192421
v -0.01305866 0.03217688 0.23089670
v -0.01261410 0.03126910 0.23268434
v -0.01270347 0.03209567 0.23189272
v -0.01131952 0.03180533 0.23268434
v -0.01159811 0.03064711 0.23299420
v -0.01184080 0.03245300 0.23189272
v -0.01214678 0.03197171 0.23245150
v -0.01164706 0.03276158 0.23089670
v -0.01088440 0.03273168 0.23192419
v -0.01039749 0.03320320 0.23089670
v -0.00760553 0.03372632 0.23192418
v -0.00698800 0.03417489 0.23089671
v -0.00672908 0.03319782 0.23268434
v -0.00665548 0.03402594 0.23189270
v -0.00535477 0.03347119 0.23268436
v -0.00585397 0.03238957 0.23299420
v -0.00573967 0.03420811 0.23189270
v -0.00613367 0.03379576 0.23245150
v -0.00548946 0.03447297 0.23089671
v -0.00474729 0.03429486 0.23192418
v -0.00417774 0.03466231 0.23089671
v -0.00133736 0.03463070 0.23192418
v -0.00064420 0.03495018 0.23089671
v -0.00058087 0.03394138 0.23268434
v -0.00034712 0.03473922 0.23189270
v 0.00082037 0.03394137 0.23268434
v 0.00011975 0.03297793 0.23299420
v 0.00058663 0.03473922 0.23189270
v 0.00011975 0.03441166 0.23245150
v 0.00088371 0.03495018 0.23089671
v 0.00157687 0.03463070 0.23192419
v 0.00220716 0.03487999 0.23089671
v 0.00498679 0.03429485 0.23192421
v 0.00572897 0.03447296 0.23089671
v 0.00559427 0.03347119 0.23268434
v 0.00597918 0.03420810 0.23189274
v 0.00696859 0.03319782 0.23268438
v 0.00609347 0.03238956 0.23299420
v 0.00689499 0.03402594 0.23189272
v 0.00637318 0.03379576 0.23245150
v 0.00722751 0.03417488 0.23089671
v 0.00784503 0.03372631 0.23192419
v 0.00851184 0.03384784 0.23089671
v 0.01112391 0.03273167 0.23192418
v 0.01188657 0.03276157 0.23089670
v 0.01155902 0.03180532 0.23268436
v 0.01208030 0.03245298 0.23189272
v 0.01285360 0.03126909 0.23268434
v 0.01294298 0.03209566 0.23189270
v 0.01238629 0.03197169 0.23245148
v 0.01329817 0.03217687 0.23089670
v 0.01381631 0.03161644 0.23192421
v 0.01449402 0.03160555 0.23089670
v 0.01683814 0.03000124 0.23192419
v 0.01759199 0.02988177 0.23089670
v 0.01708418 0.02900780 0.23268434
v 0.01772179 0.02954132 0.23189272
v 0.01824926 0.02822931 0.23268434
v 0.01713146 0.02781748 0.23299420
v 0.01849818 0.02902255 0.23189270
v 0.01792800 0.02900958 0.23245151
v 0.01886239 0.02903291 0.23089670
v 0.01926124 0.02838217 0.23192418
v 0.01992381 0.02823928 0.23089670
v 0.02190990 0.02620847 0.23192419
v 0.02262595 0.02594424 0.23089670
v 0.02195740 0.02518612 0.23268434
v 0.02268684 0.02558501 0.23189270
v 0.02294823 0.02419529 0.23268434
v 0.02177155 0.02400945 0.23299420
v 0.02334711 0.02492474 0.23189270
v 0.02278536 0.02502325 0.23245148
v 0.02370634 0.02486385 0.23089670
v 0.02397057 0.02414780 0.23192421
v 0.02459253 0.02387839 0.23089670
v 0.02614427 0.02149914 0.23192418
v 0.02679501 0.02110028 0.23089670
v 0.02599141 0.02048717 0.23268434
v 0.02678466 0.02073607 0.23189272
v 0.02676989 0.01932207 0.23268434
v 0.02557957 0.01936936 0.23299420
v 0.02730342 0.01995969 0.23189272
v 0.02677168 0.02016590 0.23245150
v 0.02764387 0.01982988 0.23089670
v 0.02776333 0.01907604 0.23192419
v 0.02832077 0.01869047 0.23089670
v 0.02937853 0.01605420 0.23192421
v 0.02993896 0.01553606 0.23089670
v 0.02903118 0.01509150 0.23268434
v 0.02985775 0.01518087 0.23189272
v 0.02956741 0.01379692 0.23268434
v 0.02840918 0.01407552 0.23299420
v 0.03021507 0.01431819 0.23189272
v 0.02973378 0.01462418 0.23245149
v 0.03052366 0.01412446 0.23089670
v 0.03049376 0.01336180 0.23192419
v 0.03096527 0.01287489 0.23089670
v 0.03148839 0.01008292 0.23192420
v 0.03193696 0.00946540 0.23089670
v 0.03095990 0.00920648 0.23268434
v 0.03178801 0.00913287 0.23189270
v 0.03123326 0.00783216 0.23268434
v 0.03015164 0.00833136 0.23299420
v 0.03197018 0.00821707 0.23189272
v 0.03155783 0.00861107 0.23245149
v 0.03223504 0.00796685 0.23089670
v 0.03205693 0.00722468 0.23192419
v 0.03242439 0.00665514 0.23089670
v 0.03239277 0.00381476 0.23192420
v 0.03271225 0.00312159 0.23089670
v 0.03170345 0.00305826 0.23268434
v 0.03250130 0.00282451 0.23189270
v 0.03170345 0.00165702 0.23268434
v 0.03074000 0.00235764 0.23299420
v 0.03250130 0.00189076 0.23189272
v 0.03217374 0.00235764 0.23245149
v 0.03271225 0.00159369 0.23089670
v 0.03239277 0.00090052 0.23192417
v 0.03264206 0.00027024 0.23089670
v 0.03205692 -0.00250940 0.23192420
v 0.03223503 -0.00325157 0.23089670
v 0.03123326 -0.00311688 0.23268434
v 0.03197017 -0.00350179 0.23189272
v 0.03095988 -0.00449119 0.23268434
v 0.03015163 -0.00361607 0.23299420
v 0.03178801 -0.00441759 0.23189270
v 0.03155782 -0.00389579 0.23245149
v 0.03193695 -0.00475012 0.23089670
v 0.03148838 -0.00536763 0.23192419
v 0.03160991 -0.00603445 0.23089670
v 0.03049374 -0.00864652 0.23192417
v 0.03052363 -0.00940918 0.23089670
v 0.02956738 -0.00908164 0.23268434
v 0.03021505 -0.00960291 0.23189271
v 0.02903115 -0.01037621 0.23268434
v 0.02840916 -0.00936023 0.23299420
v 0.02985772 -0.01046558 0.23189271
v 0.02973375 -0.00990889 0.23245148
v 0.02993893 -0.01082078 0.23089670
v 0.02937850 -0.01133892 0.23192420
v 0.02936762 -0.01201663 0.23089670
v 0.02776330 -0.01436075 0.23192420
v 0.02764383 -0.01511459 0.23089670
v 0.02676986 -0.01460678 0.23268435
v 0.02730338 -0.01524440 0.23189271
v 0.02599137 -0.01577187 0.23268433
v 0.02557954 -0.01465406 0.23299420
v 0.02678462 -0.01602078 0.23189271
v 0.02677165 -0.01545061 0.23245149
v 0.02679497 -0.01638500 0.23089668
v 0.02614424 -0.01678385 0.23192420
v 0.02600134 -0.01744641 0.23089670
v 0.02397053 -0.01943250 0.23192418
v 0.02370629 -0.02014855 0.23089669
v 0.02294818 -0.01947999 0.23268433
v 0.02334706 -0.02020944 0.23189268
v 0.02195735 -0.02047082 0.23268433
v 0.02177151 -0.01929414 0.23299420
v 0.02268680 -0.02086970 0.23189270
v 0.02278531 -0.02030795 0.23245151
v 0.02262590 -0.02122894 0.23089669
v 0.02190985 -0.02149317 0.23192417
v 0.02164044 -0.02211513 0.23089669
v 0.01926119 -0.02366687 0.23192417
v 0.01886234 -0.02431761 0.23089669
v 0.01824922 -0.02351401 0.23268435
v 0.01849812 -0.02430726 0.23189271
v 0.01708413 -0.02429249 0.23268435
v 0.01713141 -0.02310217 0.23299419
v 0.01772174 -0.02482602 0.23189270
v 0.01792795 -0.02429428 0.23245149
v 0.01759193 -0.02516647 0.23089669
v 0.01683809 -0.02528593 0.23192418
v 0.01645252 -0.02584337 0.23089669
v 0.01381626 -0.02690113 0.23192417
v 0.01329811 -0.02746155 0.23089669
v 0.01285356 -0.02655377 0.23268433
v 0.01294292 -0.02738034 0.23189271
v 0.01155898 -0.02709000 0.23268433
v 0.01183758 -0.02593177 0.23299419
v 0.01208025 -0.02773767 0.23189270
v 0.01238624 -0.02725638 0.23245149
v 0.01188652 -0.02804625 0.23089669
v 0.01112385 -0.02801635 0.23192420
v 0.01063694 -0.02848786 0.23089669
v 0.00784497 -0.02901098 0.23192417
v 0.00722745 -0.02945955 0.23089669
v 0.00696853 -0.02848249 0.23268433
v 0.00689492 -0.02931061 0.23189268
v 0.00559421 -0.02875586 0.23268433
v 0.00609341 -0.02767424 0.23299419
v 0.00597912 -0.02949278 0.23189271
v 0.00637312 -0.02908042 0.23245147
v 0.00572891 -0.02975763 0.23089669
v 0.00498673 -0.02957952 0.23192417
v 0.00441719 -0.02994698 0.23089669
f 1 2 3
f 4 5 6
f 7 8 9
f 10 11 12
f 13 14 15
f 16 17 18
f 19 20 21
f 22 23 24
f 25 26 27
f 28 29 30
f 31 32 33
f 34 35 36
f 37 38 39
f 40 41 42
f 43 44 45
f 46 47 48
f 49 50 51
f 52 53 54
f 55 56 57
f 58 59 60
f 61 62 63
f 64 65 66
f 67 68 69
f 70 71 72
f 73 74 75
f 76 77 78
f 79 80 81
f 82 83 84
f 85 86 87
f 88 89 90
f 91 92 93
f 94 95 96
f 97 98 99
f 100 2 99
f 101 97 102
f 103 98 93
f 104 91 105
f 106 92 6
f 107 4 108
f 109 5 9
f 110 7 111
f 112 8 12
f 113 10 114
f 115 11 15
f 116 13 117
f 118 14 18
f 119 16 120
f 121 17 21
f 122 19 123
f 124 20 24
f 125 22 126
f 127 23 27
f 128 25 129
f 130 26 30
f 96 28 131
f 132 29 33
f 133 31 134
f 135 32 36
f 136 34 137
f 138 35 37
f 139 140 141
f 142 39 42
f 143 40 38
f 144 41 45
f 145 43 146
f 147 44 48
f 148 46 149
f 150 47 51
f 151 49 152
f 153 50 54
f 95 52 154
f 155 53 57
f 156 55 157
f 158 56 60
f 159 58 160
f 161 59 61
f 162 163 164
f 165 63 66
f 166 64 62
f 167 65 69
f 168 67 169
f 170 68 72
f 171 70 172
f 173 71 75
f 174 73 175
f 176 74 78
f 94 76 177
f 178 77 81
f 179 79 180
f 181 80 84
f 182 82 183
f 184 83 87
f 185 85 186
f 187 86 90
f 188 88 189
f 190 89 3
f 191 1 192
f 99 103 100
f 97 104 105
f 102 99 2
f 93 105 91
f 93 106 103
f 91 107 108
f 6 108 4
f 6 109 106
f 4 110 111
f 9 111 7
f 8 109 9
f 114 110 113
f 12 114 10
f 12 115 112
f 10 116 117
f 15 117 13
f 14 115 15
f 120 116 119
f 18 120 16
f 18 121 118
f 16 122 123
f 21 123 19
f 21 124 121
f 19 125 126
f 24 126 22
f 24 127 124
f 22 128 129
f 27 129 25
f 26 127 27
f 131 128 96
f 30 131 28
f 30 132 130
f 28 133 134
f 33 134 31
f 32 132 33
f 137 133 136
f 36 137 34
f 36 138 135
f 34 139 141
f 37 141 140
f 37 142 138
f 38 139 143
f 42 38 40
f 42 144 142
f 40 145 146
f 45 146 43
f 45 147 144
f 43 148 149
f 48 149 46
f 47 147 48
f 152 148 151
f 51 152 49
f 51 153 150
f 49 95 154
f 54 154 52
f 54 155 153
f 52 156 157
f 57 157 55
f 56 155 57
f 160 156 159
f 60 160 58
f 60 161 158
f 58 162 164
f 61 164 163
f 61 165 161
f 62 162 166
f 66 62 64
f 66 167 165
f 64 168 169
f 69 169 67
f 68 167 69
f 172 168 171
f 72 172 70
f 72 173 170
f 70 174 175
f 75 175 73
f 74 173 75
f 177 174 94
f 78 177 76
f 78 178 176
f 76 179 180
f 81 180 79
f 80 178 81
f 79 182 183
f 84 183 82
f 84 184 181
f 82 185 186
f 87 186 85
f 87 187 184
f 85 188 189
f 90 189 88
f 89 187 90
f 88 191 192
f 3 192 1
f 2 190 3
f 102 191 101
f 167 178 190
f 1 102 2
f 4 111 5
f 7 114 8
f 10 117 11
f 13 120 14
f 16 123 17
f 19 126 20
f 22 129 23
f 25 131 26
f 28 134 29
f 31 137 32
f 34 141 35
f 37 140 38
f 40 146 41
f 43 149 44
f 46 152 47
f 49 154 50
f 52 157 53
f 55 160 56
f 58 164 59
f 61 163 62
f 64 169 65
f 67 172 68
f 70 175 71
f 73 177 74
f 76 180 77
f 79 183 80
f 82 186 83
f 85 189 86
f 88 192 89
f 91 108 92
f 107 104 101
f 101 191 188
f 188 185 182
f 182 179 94
f 94 174 171
f 171 168 166
f 166 162 159
f 159 156 95
f 95 151 148
f 148 145 143
f 143 139 136
f 136 133 96
f 96 128 125
f 125 122 119
f 119 116 113
f 113 110 107
f 107 101 94
f 101 188 94
f 188 182 94
f 94 171 166
f 166 159 95
f 95 148 96
f 148 143 96
f 143 136 96
f 96 125 119
f 119 113 107
f 94 166 95
f 96 119 107
f 107 94 96
f 97 105 98
f 99 98 103
f 97 101 104
f 102 97 99
f 93 98 105
f 93 92 106
f 91 104 107
f 6 92 108
f 6 5 109
f 4 107 110
f 9 5 111
f 8 112 109
f 114 7 110
f 12 8 114
f 12 11 115
f 10 113 116
f 15 11 117
f 14 118 115
f 120 13 116
f 18 14 120
f 18 17 121
f 16 119 122
f 21 17 123
f 21 20 124
f 19 122 125
f 24 20 126
f 24 23 127
f 22 125 128
f 27 23 129
f 26 130 127
f 131 25 128
f 30 26 131
f 30 29 132
f 28 96 133
f 33 29 134
f 32 135 132
f 137 31 133
f 36 32 137
f 36 35 138
f 34 136 139
f 37 35 141
f 37 39 142
f 38 140 139
f 42 39 38
f 42 41 144
f 40 143 145
f 45 41 146
f 45 44 147
f 43 145 148
f 48 44 149
f 47 150 147
f 152 46 148
f 51 47 152
f 51 50 153
f 49 151 95
f 54 50 154
f 54 53 155
f 52 95 156
f 57 53 157
f 56 158 155
f 160 55 156
f 60 56 160
f 60 59 161
f 58 159 162
f 61 59 164
f 61 63 165
f 62 163 162
f 66 63 62
f 66 65 167
f 64 166 168
f 69 65 169
f 68 170 167
f 172 67 168
f 72 68 172
f 72 71 173
f 70 171 174
f 75 71 175
f 74 176 173
f 177 73 174
f 78 74 177
f 78 77 178
f 76 94 179
f 81 77 180
f 80 181 178
f 79 179 182
f 84 80 183
f 84 83 184
f 82 182 185
f 87 83 186
f 87 86 187
f 85 185 188
f 90 86 189
f 89 190 187
f 88 188 191
f 3 89 192
f 2 100 190
f 102 1 191
f 190 100 109
f 100 103 109
f 103 106 109
f 109 112 115
f 115 118 109
f 118 121 109
f 121 124 127
f 127 130 121
f 130 132 121
f 132 135 144
f 135 138 144
f 138 142 144
f 144 147 155
f 147 150 155
f 150 153 155
f 155 158 161
f 161 165 155
f 165 167 155
f 167 170 173
f 173 176 167
f 176 178 167
f 178 181 190
f 181 184 190
f 184 187 190
f 190 109 121
f 121 132 190
f 132 144 190
f 144 155 190
f 155 167 190
f 193 194 195
f 196 197 198
f 199 200 201
f 202 203 204
f 205 206 207
f 208 209 210
f 211 212 213
f 214 215 216
f 217 218 219
f 220 221 222
f 223 224 225
f 226 227 228
f 229 230 231
f 232 233 234
f 235 236 237
f 238 239 240
f 241 242 243
f 244 245 246
f 247 248 249
f 250 251 252
f 253 254 255
f 256 257 258
f 259 260 261
f 262 263 264
f 265 266 267
f 268 269 270
f 271 272 273
f 274 275 276
f 277 278 279
f 280 281 282
f 283 284 285
f 286 287 288
f 289 290 291
f 292 293 294
f 295 296 297
f 298 299 300
f 301 302 303
f 304 305 306
f 307 308 309
f 310 311 312
f 313 314 315
f 316 317 318
f 319 320 321
f 322 323 324
f 325 326 327
f 328 329 330
f 331 332 333
f 334 335 336
f 337 338 339
f 340 341 342
f 343 344 345
f 346 347 348
f 349 350 351
f 352 353 354
f 355 356 357
f 358 359 360
f 361 362 363
f 364 365 366
f 367 368 369
f 370 371 372
f 373 374 375
f 376 377 378
f 379 380 381
f 382 383 384
f 385 386 387
f 388 389 390
f 391 392 393
f 394 395 396
f 397 398 399
f 400 401 402
f 403 404 405
f 406 407 408
f 202 369 409
f 367 410 231
f 229 355 237
f 235 352 195
f 193 349 201
f 199 346 205
f 411 412 208
f 413 343 212
f 342 214 388
f 414 402 340
f 385 217 400
f 382 220 415
f 379 226 416
f 376 232 417
f 375 238 418
f 419 364 223
f 196 203 365
f 360 274 420
f 283 350 280
f 241 347 285
f 383 244 256
f 377 250 421
f 265 422 378
f 423 277 424
f 286 204 259
f 268 363 288
f 247 356 276
f 425 353 249
f 344 243 253
f 390 263 426
f 397 386 427
f 258 380 384
f 271 428 374
f 429 337 398
f 321 260 198
f 325 430 269
f 431 334 432
f 292 433 284
f 310 246 306
f 316 252 297
f 322 267 318
f 197 330 319
f 434 261 301
f 435 287 289
f 436 331 437
f 307 281 248
f 298 438 242
f 304 399 439
f 295 257 312
f 324 278 273
f 440 320 224
f 236 327 441
f 293 442 207
f 206 443 294
f 219 305 444
f 445 221 228
f 227 446 317
f 225 329 239
f 290 447 368
f 230 291 448
f 194 333 449
f 450 335 309
f 299 209 451
f 341 339 452
f 401 453 454
f 222 311 218
f 233 455 323
f 345 315 391
f 389 404 396
f 300 456 314
f 338 394 457
f 213 458 393
f 392 459 211
f 254 460 461
f 313 462 255
f 216 405 463
f 215 464 403
f 395 264 465
f 466 467 262
f 408 202 409
f 367 468 361
f 231 358 229
f 237 357 235
f 195 354 193
f 201 351 199
f 205 348 411
f 413 412 343
f 342 414 340
f 400 469 385
f 415 470 382
f 416 471 379
f 417 472 376
f 418 373 375
f 238 372 419
f 406 364 366
f 473 285 347
f 378 421 265
f 365 424 196
f 358 420 355
f 423 372 371
f 407 365 203
f 473 351 350
f 474 348 347
f 470 387 383
f 472 381 377
f 373 378 422
f 362 288 363
f 475 249 353
f 427 426 397
f 203 259 204
f 359 270 360
f 420 276 356
f 476 280 350
f 474 243 344
f 387 477 244
f 384 256 258
f 381 478 250
f 374 479 271
f 371 480 277
f 475 357 356
f 375 428 370
f 476 354 353
f 213 343 458
f 388 216 463
f 469 427 386
f 471 384 380
f 468 204 362
f 410 363 359
f 284 432 292
f 266 318 267
f 198 319 321
f 481 289 287
f 248 437 307
f 260 301 261
f 269 435 325
f 275 482 331
f 282 483 334
f 242 484 298
f 245 306 246
f 485 312 257
f 251 297 252
f 272 324 273
f 279 328 330
f 248 425 249
f 431 280 282
f 438 243 242
f 285 433 241
f 259 481 286
f 486 288 287
f 252 421 250
f 479 267 272
f 276 436 247
f 399 477 397
f 256 246 485
f 277 197 424
f 487 198 260
f 251 258 257
f 430 270 269
f 480 273 278
f 294 207 206
f 317 228 227
f 488 224 320
f 291 368 448
f 309 194 450
f 453 341 454
f 303 440 447
f 326 441 327
f 332 449 333
f 336 200 442
f 443 209 299
f 489 444 305
f 490 218 311
f 491 221 296
f 323 234 233
f 455 239 329
f 324 455 328
f 488 330 329
f 327 482 325
f 437 333 308
f 297 445 316
f 446 318 317
f 309 483 307
f 432 336 293
f 492 320 302
f 294 484 292
f 438 460 254
f 303 434 301
f 435 291 326
f 439 489 304
f 490 306 305
f 491 312 311
f 429 426 263
f 398 439 399
f 215 339 464
f 451 413 212
f 342 452 214
f 210 411 208
f 207 199 205
f 201 450 193
f 195 449 235
f 237 441 229
f 231 448 367
f 369 447 409
f 440 406 408
f 225 419 223
f 240 418 238
f 234 417 232
f 228 416 226
f 222 415 220
f 217 444 400
f 402 454 340
f 315 462 313
f 465 396 395
f 456 459 392
f 466 338 467
f 456 315 314
f 396 457 394
f 391 458 345
f 211 299 451
f 213 392 211
f 461 300 314
f 255 344 253
f 461 255 254
f 463 404 389
f 457 464 338
f 403 216 215
f 390 264 263
f 429 467 337
f 264 466 262
f 409 440 408
f 193 450 194
f 196 424 197
f 199 442 200
f 202 407 203
f 205 411 206
f 208 413 209
f 211 451 212
f 214 452 215
f 217 415 218
f 220 416 221
f 223 406 224
f 226 417 227
f 229 441 230
f 232 418 233
f 235 449 236
f 238 419 239
f 241 433 242
f 244 477 245
f 247 436 248
f 250 478 251
f 253 438 254
f 256 485 257
f 259 487 260
f 262 429 263
f 265 421 266
f 268 486 269
f 271 479 272
f 274 430 275
f 277 480 278
f 280 425 281
f 283 431 284
f 286 481 287
f 289 434 290
f 292 432 293
f 295 491 296
f 460 298 300
f 298 484 443
f 299 298 443
f 299 459 300
f 301 492 302
f 304 489 305
f 307 437 308
f 310 490 311
f 313 461 314
f 316 445 317
f 319 488 320
f 322 446 323
f 325 435 326
f 328 455 329
f 331 482 332
f 334 483 335
f 453 439 337
f 337 467 338
f 338 464 339
f 339 453 337
f 340 454 341
f 458 343 345
f 343 412 344
f 412 474 344
f 344 462 345
f 346 473 347
f 349 476 350
f 352 475 353
f 355 420 356
f 358 410 359
f 361 468 362
f 364 423 365
f 367 448 368
f 370 428 371
f 373 422 374
f 376 472 377
f 379 471 380
f 382 470 383
f 385 469 386
f 427 414 390
f 414 388 390
f 388 463 389
f 389 465 390
f 391 456 392
f 394 466 395
f 397 426 398
f 400 444 401
f 403 457 404
f 406 366 407
f 202 468 369
f 367 361 410
f 229 358 355
f 235 357 352
f 193 354 349
f 199 351 346
f 411 348 412
f 414 469 402
f 385 470 217
f 382 471 220
f 379 472 226
f 376 373 232
f 375 370 238
f 419 372 364
f 196 487 203
f 360 270 274
f 283 473 350
f 241 474 347
f 383 387 244
f 377 381 250
f 265 479 422
f 423 371 277
f 286 362 204
f 268 359 363
f 247 475 356
f 425 476 353
f 397 477 386
f 258 478 380
f 271 480 428
f 321 492 260
f 325 482 430
f 431 282 334
f 292 484 433
f 310 485 246
f 316 266 252
f 322 272 267
f 197 279 330
f 434 481 261
f 435 486 287
f 436 275 331
f 307 483 281
f 304 245 399
f 295 251 257
f 324 328 278
f 440 302 320
f 236 332 327
f 293 336 442
f 206 210 443
f 219 490 305
f 445 296 221
f 227 234 446
f 225 488 329
f 290 303 447
f 230 326 291
f 194 308 333
f 450 200 335
f 401 489 453
f 222 491 311
f 233 240 455
f 408 407 202
f 367 369 468
f 231 410 358
f 237 355 357
f 195 352 354
f 201 349 351
f 205 346 348
f 413 208 412
f 342 388 414
f 400 402 469
f 415 217 470
f 416 220 471
f 417 226 472
f 418 232 373
f 238 370 372
f 406 223 364
f 473 283 285
f 378 377 421
f 365 423 424
f 358 360 420
f 423 364 372
f 407 366 365
f 473 346 351
f 474 412 348
f 470 385 387
f 472 379 381
f 373 376 378
f 362 286 288
f 475 247 249
f 427 390 426
f 203 487 259
f 359 268 270
f 420 274 276
f 476 425 280
f 474 241 243
f 387 386 477
f 384 383 256
f 381 380 478
f 374 422 479
f 371 428 480
f 475 352 357
f 375 374 428
f 476 349 354
f 213 212 343
f 388 214 216
f 469 414 427
f 471 382 384
f 468 202 204
f 410 361 363
f 284 431 432
f 266 316 318
f 198 197 319
f 481 434 289
f 248 436 437
f 260 492 301
f 269 486 435
f 275 430 482
f 282 281 483
f 242 433 484
f 245 304 306
f 485 310 312
f 251 295 297
f 272 322 324
f 279 278 328
f 248 281 425
f 431 283 280
f 438 253 243
f 285 284 433
f 259 261 481
f 486 268 288
f 252 266 421
f 479 265 267
f 276 275 436
f 399 245 477
f 256 244 246
f 277 279 197
f 487 196 198
f 251 478 258
f 430 274 270
f 480 271 273
f 294 293 207
f 317 445 228
f 488 225 224
f 291 290 368
f 309 308 194
f 453 339 341
f 303 302 440
f 326 230 441
f 332 236 449
f 336 335 200
f 443 210 209
f 489 401 444
f 490 219 218
f 491 222 221
f 323 446 234
f 455 240 239
f 324 323 455
f 488 319 330
f 327 332 482
f 437 331 333
f 297 296 445
f 446 322 318
f 309 335 483
f 432 334 336
f 492 321 320
f 294 443 484
f 438 298 460
f 303 290 434
f 435 289 291
f 439 453 489
f 490 310 306
f 491 295 312
f 429 398 426
f 398 337 439
f 215 452 339
f 451 209 413
f 342 341 452
f 210 206 411
f 207 442 199
f 201 200 450
f 195 194 449
f 237 236 441
f 231 230 448
f 369 368 447
f 440 224 406
f 225 239 419
f 240 233 418
f 234 227 417
f 228 221 416
f 222 218 415
f 217 219 444
f 402 401 454
f 315 345 462
f 465 389 396
f 456 300 459
f 466 394 338
f 456 391 315
f 396 404 457
f 391 393 458
f 211 459 299
f 213 393 392
f 461 460 300
f 255 462 344
f 461 313 255
f 463 405 404
f 457 403 464
f 403 405 216
f 390 465 264
f 429 262 467
f 264 395 466
f 409 447 440
f 493 494 495
f 496 497 498
f 499 500 501
f 502 503 504
f 505 506 507
f 508 509 510
f 511 510 512
f 512 513 514
f 515 516 517
f 518 519 520
f 521 522 523
f 524 525 526
f 527 528 529
f 530 531 532
f 533 534 535
f 536 537 538
f 539 540 541
f 542 543 544
f 545 546 547
f 548 549 512
f 510 550 551
f 519 552 553
f 554 555 495
f 556 557 558
f 551 512 510
f 559 560 522
f 561 562 563
f 515 564 545
f 565 566 567
f 568 569 570
f 571 572 573
f 574 575 576
f 577 578 579
f 501 580 581
f 506 582 507
f 583 584 585
f 586 587 588
f 589 590 591
f 592 593 594
f 551 595 596
f 597 598 599
f 600 601 602
f 603 604 605
f 606 607 608
f 564 609 610
f 611 612 613
f 614 615 616
f 617 618 619
f 620 621 622
f 623 624 625
f 626 627 628
f 629 630 631
f 549 516 513
f 632 633 634
f 635 636 637
f 638 639 640
f 596 641 642
f 643 644 645
f 646 647 648
f 649 650 651
f 642 548 596
f 652 547 653
f 654 545 655
f 656 642 564
f 551 596 548
f 561 528 496
f 540 568 657
f 565 525 556
f 571 531 567
f 658 543 577
f 503 563 583
f 585 534 504
f 494 574 554
f 659 537 573
f 616 660 498
f 620 575 570
f 661 629 662
f 589 550 582
f 606 553 602
f 611 558 594
f 617 566 613
f 614 579 625
f 663 597 664
f 586 569 584
f 665 626 666
f 603 580 555
f 600 546 610
f 592 560 608
f 623 572 619
f 615 667 598
f 649 622 632
f 590 638 646
f 648 595 591
f 640 601 668
f 669 670 650
f 671 672 612
f 673 644 667
f 674 599 667
f 675 588 643
f 635 628 651
f 676 605 637
f 647 609 641
f 639 677 607
f 633 678 618
f 679 567 531
f 680 496 528
f 535 681 533
f 680 544 543
f 682 529 528
f 506 499 501
f 683 507 509
f 521 519 559
f 679 526 525
f 684 532 531
f 504 583 585
f 495 494 554
f 685 561 563
f 535 686 568
f 541 657 574
f 525 687 556
f 684 573 537
f 688 577 543
f 689 541 494
f 538 688 542
f 690 495 500
f 510 691 508
f 545 652 655
f 692 653 547
f 687 523 522
f 693 685 503
f 694 504 534
f 512 514 511
f 515 654 695
f 582 662 589
f 696 613 566
f 497 616 498
f 584 664 586
f 555 666 603
f 562 697 597
f 570 698 620
f 576 699 626
f 581 700 629
f 551 550 701
f 552 602 553
f 702 608 560
f 557 594 558
f 703 619 572
f 578 625 579
f 555 500 495
f 661 501 581
f 507 550 509
f 563 663 583
f 686 584 569
f 556 696 565
f 703 567 566
f 576 554 574
f 546 692 547
f 559 553 702
f 579 658 577
f 561 498 660
f 557 522 560
f 657 570 575
f 578 573 572
f 591 646 648
f 612 650 671
f 615 673 667
f 587 643 588
f 604 637 605
f 609 642 641
f 599 598 667
f 621 632 622
f 627 651 628
f 631 676 638
f 596 595 704
f 705 668 601
f 706 639 607
f 593 636 670
f 618 634 633
f 624 645 644
f 619 678 623
f 673 625 624
f 622 699 620
f 666 628 604
f 594 669 611
f 672 613 612
f 605 700 603
f 662 631 590
f 598 616 615
f 591 701 589
f 599 664 597
f 698 588 621
f 610 705 600
f 706 602 601
f 677 608 607
f 546 564 610
f 647 704 648
f 640 646 638
f 636 676 637
f 650 635 651
f 634 649 632
f 643 633 675
f 667 644 674
f 707 682 685
f 515 517 656
f 656 549 548
f 493 689 494
f 496 658 497
f 499 690 500
f 502 693 503
f 505 708 506
f 508 683 509
f 511 691 510
f 512 549 513
f 515 695 516
f 518 692 519
f 521 559 522
f 524 687 525
f 527 680 528
f 530 679 531
f 533 694 534
f 536 684 537
f 539 681 540
f 542 688 543
f 545 564 546
f 510 509 550
f 519 692 552
f 554 665 555
f 556 687 557
f 551 548 512
f 559 702 560
f 561 660 562
f 515 656 564
f 565 696 566
f 568 686 569
f 571 703 572
f 574 657 575
f 577 659 578
f 501 500 580
f 506 661 582
f 583 663 584
f 586 664 587
f 589 662 590
f 592 677 593
f 551 701 595
f 597 697 598
f 600 705 601
f 603 666 604
f 606 706 607
f 564 642 609
f 611 669 612
f 614 673 615
f 617 672 618
f 620 698 621
f 623 678 624
f 626 699 627
f 629 700 630
f 549 517 516
f 632 675 633
f 635 670 636
f 638 676 639
f 596 704 641
f 643 674 644
f 646 668 647
f 649 671 650
f 642 656 548
f 652 545 547
f 654 515 545
f 561 682 528
f 540 535 568
f 565 679 525
f 571 684 531
f 658 680 543
f 503 685 563
f 585 686 534
f 494 541 574
f 659 688 537
f 616 697 660
f 620 699 575
f 661 581 629
f 589 701 550
f 606 702 553
f 611 696 558
f 617 703 566
f 614 497 579
f 663 562 597
f 586 698 569
f 665 576 626
f 603 700 580
f 600 552 546
f 592 557 560
f 623 578 572
f 649 627 622
f 590 631 638
f 648 704 595
f 640 706 601
f 669 593 670
f 671 634 672
f 673 624 644
f 674 587 599
f 675 621 588
f 635 604 628
f 676 630 605
f 647 705 609
f 639 636 677
f 633 645 678
f 679 565 567
f 680 658 496
f 535 540 681
f 680 527 544
f 682 709 529
f 506 708 499
f 683 505 507
f 521 520 519
f 679 530 526
f 684 536 532
f 504 503 583
f 685 682 561
f 535 534 686
f 541 540 657
f 684 571 573
f 688 659 577
f 689 539 541
f 538 537 688
f 690 493 495
f 692 518 653
f 687 524 523
f 693 707 685
f 694 502 504
f 582 661 662
f 696 611 613
f 497 614 616
f 584 663 664
f 555 665 666
f 562 660 697
f 570 569 698
f 576 575 699
f 581 580 700
f 552 600 602
f 702 606 608
f 557 592 594
f 703 617 619
f 578 623 625
f 555 580 500
f 661 506 501
f 507 582 550
f 563 562 663
f 686 585 584
f 556 558 696
f 703 571 567
f 576 665 554
f 546 552 692
f 559 519 553
f 579 497 658
f 561 496 498
f 557 687 522
f 657 568 570
f 578 659 573
f 591 590 646
f 612 669 650
f 587 674 643
f 604 635 637
f 621 675 632
f 627 649 651
f 631 630 676
f 705 647 668
f 706 640 639
f 593 677 636
f 618 672 634
f 624 678 645
f 619 618 678
f 673 614 625
f 622 627 699
f 666 626 628
f 594 593 669
f 672 617 613
f 605 630 700
f 662 629 631
f 598 697 616
f 591 595 701
f 599 587 664
f 698 586 588
f 610 609 705
f 706 606 602
f 677 592 608
f 647 641 704
f 640 668 646
f 636 639 676
f 650 670 635
f 634 671 649
f 643 645 633
f 707 709 682
f 656 517 549
f 710 711 712
f 713 714 711
f 715 716 714
f 717 718 716
f 719 720 718
f 721 722 720
f 723 724 722
f 725 726 724
f 727 728 726
f 729 730 728
f 731 732 730
f 733 734 732
f 735 736 734
f 737 738 736
f 739 740 738
f 741 742 740
f 743 744 742
f 745 746 744
f 747 748 746
f 749 750 748
f 751 752 750
f 753 754 752
f 755 756 754
f 757 758 756
f 759 760 758
f 761 762 760
f 763 764 762
f 765 766 764
f 767 768 766
f 769 770 768
f 763 747 731
f 771 772 770
f 773 712 772
f 724 740 756
f 710 713 711
f 713 715 714
f 715 717 716
f 717 719 718
f 719 721 720
f 721 723 722
f 723 725 724
f 725 727 726
f 727 729 728
f 729 731 730
f 731 733 732
f 733 735 734
f 735 737 736
f 737 739 738
f 739 741 740
f 741 743 742
f 743 745 744
f 745 747 746
f 747 749 748
f 749 751 750
f 751 753 752
f 753 755 754
f 755 757 756
f 757 759 758
f 759 761 760
f 761 763 762
f 763 765 764
f 765 767 766
f 767 769 768
f 769 771 770
f 715 713 710
f 710 773 771
f 771 769 767
f 767 765 763
f 763 761 759
f 759 757 755
f 755 753 751
f 751 749 747
f 747 745 743
f 743 741 739
f 739 737 735
f 735 733 739
f 733 731 739
f 731 729 727
f 727 725 731
f 725 723 731
f 723 721 715
f 721 719 715
f 719 717 715
f 715 710 771
f 771 767 715
f 767 763 715
f 763 759 747
f 759 755 747
f 755 751 747
f 747 743 739
f 747 739 731
f 731 723 715
f 715 763 731
f 771 773 772
f 773 710 712
f 772 712 711
f 711 714 772
f 714 716 772
f 716 718 724
f 718 720 724
f 720 722 724
f 724 726 732
f 726 728 732
f 728 730 732
f 732 734 740
f 734 736 740
f 736 738 740
f 740 742 744
f 744 746 740
f 746 748 740
f 748 750 752
f 752 754 748
f 754 756 748
f 756 758 760
f 760 762 756
f 762 764 756
f 764 766 772
f 766 768 772
f 768 770 772
f 772 716 724
f 724 732 740
f 740 748 756
f 756 764 772
f 772 724 756
f 774 775 776
f 777 778 779
f 780 781 782
f 783 784 785
f 786 787 788
f 789 790 791
f 792 793 794
f 795 796 797
f 798 799 800
f 801 802 803
f 804 805 806
f 807 808 809
f 810 811 812
f 813 814 815
f 816 817 818
f 819 820 821
f 822 823 824
f 825 826 827
f 828 829 830
f 831 832 833
f 834 835 836
f 837 838 839
f 840 841 842
f 843 844 845
f 846 847 848
f 849 850 851
f 852 853 854
f 855 856 857
f 858 859 860
f 861 862 863
f 864 865 866
f 867 868 869
f 870 871 872
f 873 775 872
f 874 870 875
f 876 871 866
f 877 864 878
f 879 865 779
f 880 777 881
f 882 778 782
f 883 780 884
f 885 781 785
f 886 783 887
f 888 784 788
f 889 786 890
f 891 787 791
f 892 789 893
f 894 790 794
f 895 792 896
f 897 793 797
f 898 795 899
f 900 796 800
f 901 798 902
f 903 799 803
f 869 801 904
f 905 802 806
f 906 804 907
f 908 805 809
f 909 807 910
f 911 808 812
f 912 810 913
f 914 811 815
f 915 813 916
f 917 814 818
f 918 816 919
f 920 817 821
f 921 819 922
f 923 820 824
f 924 822 925
f 926 823 827
f 868 825 927
f 928 826 830
f 929 828 930
f 931 829 833
f 932 831 933
f 934 832 836
f 935 834 936
f 937 835 839
f 938 837 939
f 940 838 842
f 941 840 942
f 943 841 845
f 944 843 945
f 946 844 848
f 947 846 948
f 949 847 851
f 867 849 950
f 951 850 854
f 952 852 953
f 954 853 857
f 955 855 956
f 957 856 860
f 958 858 959
f 960 859 863
f 961 861 962
f 963 862 776
f 964 774 965
f 872 876 873
f 870 877 878
f 875 872 775
f 866 878 864
f 865 876 866
f 881 877 880
f 779 881 777
f 778 879 779
f 884 880 883
f 782 884 780
f 782 885 882
f 780 886 887
f 785 887 783
f 785 888 885
f 783 889 890
f 788 890 786
f 787 888 788
f 893 889 892
f 791 893 789
f 791 894 891
f 789 895 896
f 794 896 792
f 793 894 794
f 899 895 898
f 797 899 795
f 797 900 897
f 795 901 902
f 800 902 798
f 799 900 800
f 904 901 869
f 803 904 801
f 803 905 903
f 801 906 907
f 806 907 804
f 805 905 806
f 910 906 909
f 809 910 807
f 808 908 809
f 913 909 912
f 812 913 810
f 812 914 911
f 810 915 916
f 815 916 813
f 815 917 914
f 813 918 919
f 818 919 816
f 817 917 818
f 922 918 921
f 821 922 819
f 821 923 920
f 819 924 925
f 824 925 822
f 823 923 824
f 927 924 868
f 827 927 825
f 826 926 827
f 930 868 929
f 830 930 828
f 830 931 928
f 828 932 933
f 833 933 831
f 833 934 931
f 831 935 936
f 836 936 834
f 835 934 836
f 939 935 938
f 839 939 837
f 838 937 839
f 837 941 942
f 842 942 840
f 841 940 842
f 945 941 944
f 845 945 843
f 845 946 943
f 948 944 947
f 848 948 846
f 847 946 848
f 950 947 867
f 851 950 849
f 851 951 949
f 849 952 953
f 854 953 852
f 853 951 854
f 852 955 956
f 857 956 855
f 856 954 857
f 959 955 958
f 860 959 858
f 860 960 957
f 858 961 962
f 863 962 861
f 863 963 960
f 861 964 965
f 776 965 774
f 775 963 776
f 875 964 874
f 894 917 940
f 774 875 775
f 777 884 778
f 780 887 781
f 783 890 784
f 786 893 787
f 789 896 790
f 792 899 793
f 795 902 796
f 798 904 799
f 801 907 802
f 804 910 805
f 807 913 808
f 810 916 811
f 813 919 814
f 816 922 817
f 819 925 820
f 822 927 823
f 825 930 826
f 828 933 829
f 831 936 832
f 834 939 835
f 837 942 838
f 840 945 841
f 843 948 844
f 846 950 847
f 849 953 850
f 852 956 853
f 855 959 856
f 858 962 859
f 861 965 862
f 864 881 865
f 880 877 874
f 874 964 880
f 964 961 880
f 961 958 955
f 955 952 867
f 867 947 944
f 944 941 867
f 941 938 867
f 938 935 932
f 932 929 868
f 868 924 921
f 921 918 868
f 918 915 868
f 915 912 909
f 909 906 869
f 869 901 898
f 898 895 869
f 895 892 869
f 892 889 886
f 886 883 880
f 961 955 880
f 955 867 880
f 938 932 867
f 932 868 867
f 915 909 868
f 909 869 868
f 892 886 869
f 886 880 869
f 880 867 869
f 870 878 871
f 872 871 876
f 870 874 877
f 875 870 872
f 866 871 878
f 865 879 876
f 881 864 877
f 779 865 881
f 778 882 879
f 884 777 880
f 782 778 884
f 782 781 885
f 780 883 886
f 785 781 887
f 785 784 888
f 783 886 889
f 788 784 890
f 787 891 888
f 893 786 889
f 791 787 893
f 791 790 894
f 789 892 895
f 794 790 896
f 793 897 894
f 899 792 895
f 797 793 899
f 797 796 900
f 795 898 901
f 800 796 902
f 799 903 900
f 904 798 901
f 803 799 904
f 803 802 905
f 801 869 906
f 806 802 907
f 805 908 905
f 910 804 906
f 809 805 910
f 808 911 908
f 913 807 909
f 812 808 913
f 812 811 914
f 810 912 915
f 815 811 916
f 815 814 917
f 813 915 918
f 818 814 919
f 817 920 917
f 922 816 918
f 821 817 922
f 821 820 923
f 819 921 924
f 824 820 925
f 823 926 923
f 927 822 924
f 827 823 927
f 826 928 926
f 930 825 868
f 830 826 930
f 830 829 931
f 828 929 932
f 833 829 933
f 833 832 934
f 831 932 935
f 836 832 936
f 835 937 934
f 939 834 935
f 839 835 939
f 838 940 937
f 837 938 941
f 842 838 942
f 841 943 940
f 945 840 941
f 845 841 945
f 845 844 946
f 948 843 944
f 848 844 948
f 847 949 946
f 950 846 947
f 851 847 950
f 851 850 951
f 849 867 952
f 854 850 953
f 853 954 951
f 852 952 955
f 857 853 956
f 856 957 954
f 959 855 955
f 860 856 959
f 860 859 960
f 858 958 961
f 863 859 962
f 863 862 963
f 861 961 964
f 776 862 965
f 775 873 963
f 875 774 964
f 963 873 876
f 876 879 882
f 882 885 894
f 885 888 894
f 888 891 894
f 894 897 900
f 900 903 905
f 905 908 911
f 911 914 917
f 917 920 923
f 923 926 928
f 928 931 940
f 931 934 940
f 934 937 940
f 940 943 946
f 946 949 951
f 951 954 957
f 957 960 963
f 963 876 882
f 894 900 905
f 905 911 894
f 911 917 894
f 917 923 940
f 923 928 940
f 940 946 951
f 951 957 940
f 957 963 940
f 963 882 894
f 963 894 940
f 966 967 968
f 969 970 971
f 972 973 974
f 975 976 977
f 978 967 979
f 980 981 982
f 983 984 985
f 986 966 987
f 988 989 990
f 991 992 993
f 994 995 996
f 997 998 999
f 1000 1001 1002
f 1003 1004 1005
f 1006 1007 1008
f 1009 968 1010
f 1011 1012 1013
f 1014 1015 1016
f 1017 1018 1019
f 1020 1021 1022
f 1023 1024 1025
f 1026 1027 1028
f 1029 1030 1031
f 1032 1033 1034
f 1035 1036 1037
f 1038 1039 1040
f 1041 1042 1043
f 1044 1045 1046
f 1047 1048 1049
f 1050 1051 1052
f 1053 1054 1055
f 1056 1057 1058
f 1059 1060 1061
f 969 973 972
f 974 976 975
f 978 976 967
f 979 981 980
f 982 984 983
f 985 966 986
f 988 966 989
f 990 992 991
f 994 992 995
f 997 995 998
f 999 1001 1000
f 1003 1001 1004
f 1006 1004 1007
f 1009 1007 968
f 1011 968 1012
f 1014 1012 1015
f 1016 1018 1017
f 1019 1021 1020
f 1022 1024 1023
f 1025 1027 1026
f 1028 1030 1029
f 1032 1030 1033
f 1034 1036 1035
f 1037 1039 1038
f 1041 1039 1042
f 1043 1045 1044
f 1047 1045 1048
f 1050 1048 1051
f 1053 1051 1054
f 1055 1057 1056
f 970 1061 971
f 1057 1060 1058
f 973 971 1015
f 971 1061 1015
f 1061 1057 1018
f 1057 1054 1021
f 1018 1057 1021
f 1054 1051 1045
f 1051 1048 1045
f 1045 1042 1039
f 1015 1061 1018
f 967 976 968
f 976 973 1012
f 984 981 966
f 981 967 966
f 992 989 966
f 976 1012 968
f 1054 1045 1021
f 1045 1039 1036
f 1036 1033 1045
f 1033 1030 1045
f 1030 1027 1045
f 1027 1024 1045
f 1024 1021 1045
f 1015 1012 973
f 968 1007 966
f 1007 1004 966
f 1004 1001 966
f 1001 998 966
f 998 995 966
f 995 992 966
f 969 971 973
f 974 973 976
f 978 977 976
f 979 967 981
f 982 981 984
f 985 984 966
f 988 987 966
f 990 989 992
f 994 993 992
f 997 996 995
f 999 998 1001
f 1003 1002 1001
f 1006 1005 1004
f 1009 1008 1007
f 1011 1010 968
f 1014 1013 1012
f 1016 1015 1018
f 1019 1018 1021
f 1022 1021 1024
f 1025 1024 1027
f 1028 1027 1030
f 1032 1031 1030
f 1034 1033 1036
f 1037 1036 1039
f 1041 1040 1039
f 1043 1042 1045
f 1047 1046 1045
f 1050 1049 1048
f 1053 1052 1051
f 1055 1054 1057
f 970 1059 1061
f 1057 1061 1060
f 1062 1063 1064
f 1065 1066 1067
f 1068 1069 1070
f 1071 1072 1073
f 1074 1075 1076
f 1077 1078 1079
f 1080 1081 1082
f 1083 1084 1085
f 1086 1087 1088
f 1089 1090 1091
f 1092 1093 1094
f 1095 1096 1097
f 1098 1099 1100
f 1101 1102 1103
f 1104 1105 1106
f 1107 1108 1109
f 1110 1111 1112
f 1113 1114 1115
f 1116 1117 1118
f 1119 1120 1121
f 1122 1123 1124
f 1125 1126 1127
f 1128 1129 1130
f 1131 1132 1133
f 1134 1135 1136
f 1137 1138 1139
f 1140 1141 1142
f 1143 1144 1145
f 1146 1147 1148
f 1149 1150 1151
f 1152 1153 1154
f 1155 1156 1157
f 1158 1159 1160
f 1161 1162 1163
f 1164 1165 1166
f 1167 1168 1169
f 1170 1171 1172
f 1173 1174 1175
f 1176 1177 1178
f 1179 1180 1181
f 1182 1183 1184
f 1185 1186 1187
f 1188 1189 1190
f 1191 1192 1193
f 1194 1195 1196
f 1197 1198 1199
f 1200 1201 1202
f 1203 1204 1205
f 1206 1207 1208
f 1209 1210 1211
f 1212 1213 1214
f 1215 1216 1217
f 1218 1219 1220
f 1221 1222 1223
f 1224 1225 1226
f 1227 1228 1229
f 1230 1231 1232
f 1233 1234 1235
f 1236 1237 1238
f 1239 1240 1241
f 1242 1243 1244
f 1245 1246 1247
f 1248 1249 1250
f 1251 1252 1253
f 1254 1255 1256
f 1257 1258 1259
f 1260 1261 1262
f 1263 1264 1265
f 1266 1267 1268
f 1269 1270 1271
f 1272 1273 1274
f 1275 1276 1277
f 1278 1279 1280
f 1281 1282 1283
f 1284 1285 1286
f 1287 1288 1289
f 1290 1291 1292
f 1293 1294 1295
f 1296 1297 1298
f 1299 1300 1301
f 1302 1303 1304
f 1305 1306 1307
f 1308 1309 1310
f 1311 1312 1313
f 1314 1315 1316
f 1317 1318 1319
f 1320 1321 1322
f 1323 1324 1325
f 1326 1327 1328
f 1329 1330 1331
f 1332 1333 1334
f 1335 1336 1337
f 1338 1339 1340
f 1341 1342 1343
f 1344 1345 1346
f 1347 1348 1349
f 1350 1351 1352
f 1353 1354 1355
f 1356 1357 1358
f 1359 1360 1361
f 1362 1363 1364
f 1365 1366 1367
f 1368 1369 1370
f 1371 1372 1373
f 1374 1375 1376
f 1377 1378 1379
f 1380 1381 1382
f 1383 1384 1385
f 1386 1387 1388
f 1389 1390 1391
f 1392 1393 1394
f 1395 1396 1397
f 1398 1399 1400
f 1401 1402 1403
f 1404 1405 1406
f 1407 1408 1409
f 1410 1411 1412
f 1413 1414 1415
f 1416 1417 1418
f 1419 1008 1009
f 1420 1421 1422
f 1423 1424 1425
f 1426 1427 1428
f 1429 1430 1431
f 1432 1433 1434
f 1435 1436 1437
f 1438 1439 1440
f 1441 1442 1443
f 1444 1445 1446
f 1447 1448 1449
f 1450 1451 1452
f 1453 1454 1455
f 1456 1457 1458
f 1459 969 972
f 1460 1461 1462
f 1463 1464 1465
f 1466 1467 1468
f 1469 1470 1471
f 1472 1473 1474
f 1475 1476 1477
f 1478 1479 1480
f 1481 1482 1483
f 1484 1485 1486
f 1487 1488 1489
f 1490 1491 1492
f 1493 1494 1495
f 1496 1497 1498
f 1499 1500 1501
f 1502 1503 1504
f 1505 1506 1507
f 1508 1509 1510
f 1511 1512 1513
f 1514 1050 1515
f 1516 1010 1011
f 1517 970 1518
f 1519 1053 1520
f 1521 1013 1014
f 1522 977 978
f 1523 1056 1524
f 1525 1017 1526
f 1527 979 980
f 1528 1060 1529
f 1530 1020 1531
f 1532 982 983
f 1533 974 975
f 1534 1023 1535
f 1536 985 986
f 1537 1026 1538
f 1539 987 988
f 1540 1029 1541
f 1542 990 991
f 1543 1032 1544
f 1545 993 994
f 1546 1035 1547
f 1548 996 997
f 1549 1038 1550
f 1551 999 1000
f 1552 1041 1553
f 1554 1002 1003
f 1555 1044 1556
f 1557 1005 1006
f 1558 1047 1559
f 1560 1561 1562
f 1563 1564 1565
f 1566 1567 1568
f 1569 1570 1571
f 1572 1573 1574
f 1575 1576 1577
f 1578 1579 1580
f 1581 1582 1583
f 1584 1585 1586
f 1587 1588 1589
f 1590 1591 1592
f 1593 1594 1595
f 1596 1597 1598
f 1599 1600 1601
f 1602 1603 1604
f 1605 1606 1607
f 1608 1609 1610
f 1611 1612 1613
f 1614 1615 1616
f 1617 1618 1619
f 1620 1621 1622
f 1623 1624 1625
f 1626 1627 1628
f 1629 1630 1631
f 1632 1633 1634
f 1635 1636 1637
f 1638 1639 1640
f 1641 1642 1643
f 1644 1645 1646
f 1647 1648 1649
f 1650 1651 1652
f 1653 1654 1655
f 1656 1657 1658
f 1659 1660 1661
f 1662 1663 1664
f 1665 1666 1667
f 1668 1669 1670
f 1671 1672 1673
f 1674 1675 1676
f 1677 1678 1679
f 1680 1681 1682
f 1683 1684 1685
f 1686 1687 1688
f 1689 1690 1691
f 1692 1693 1694
f 1695 1696 1697
f 1698 1699 1700
f 1701 1702 1703
f 1704 1705 1706
f 1707 1708 1709
f 1710 1711 1712
f 1713 1714 1715
f 1716 1717 1718
f 1719 1720 1721
f 1722 1723 1724
f 1725 1726 1727
f 1728 1729 1730
f 1731 1732 1733
f 1734 1735 1736
f 1737 1738 1739
f 1740 1741 1742
f 1743 1744 1745
f 1746 1747 1748
f 1749 1750 1751
f 1752 1753 1754
f 1755 1756 1757
f 1758 1759 1760
f 1761 1762 1763
f 1764 1765 1766
f 1767 1768 1769
f 1770 1771 1772
f 1773 1774 1775
f 1776 1777 1778
f 1779 1780 1781
f 1782 1783 1784
f 1785 1786 1787
f 1788 1789 1790
f 1791 1792 1793
f 1794 1795 1796
f 1797 1798 1799
f 1800 1801 1802
f 1803 1804 1805
f 1806 1807 1808
f 1809 1810 1811
f 1812 1813 1814
f 1815 1816 1817
f 1818 1819 1820
f 1821 1822 1823
f 1824 1825 1826
f 1827 1828 1829
f 1830 1831 1832
f 1833 1834 1835
f 1836 1837 1838
f 1839 1840 1841
f 1842 1843 1844
f 1845 1846 1847
f 1848 1849 1850
f 1851 1852 1853
f 1854 1855 1856
f 1857 1858 1859
f 1860 1861 1862
f 1863 1864 1865
f 1866 1867 1868
f 1869 1870 1871
f 1872 1873 1874
f 1875 1876 1877
f 1878 1879 1880
f 1881 1882 1883
f 1884 1885 1886
f 1887 1888 1889
f 1890 1891 1892
f 1893 1894 1895
f 1896 1897 1898
f 1899 1900 1901
f 1902 1903 1904
f 1905 1906 1907
f 1908 1909 1910
f 1911 1912 1913
f 1914 1915 1916
f 1917 1918 1919
f 1920 1921 1922
f 1923 1924 1925
f 1162 1128 1926
f 1825 1137 1927
f 1171 1140 1928
f 1143 1177 1142
f 1182 1136 1145
f 1188 1063 1184
f 1194 1066 1190
f 1196 1072 1070
f 1200 1929 1073
f 1206 1930 1075
f 1212 1931 1078
f 1218 1932 1081
f 1224 1087 1084
f 1122 1933 1088
f 1158 1090 1152
f 1167 1093 1160
f 1173 1097 1169
f 1179 1100 1175
f 1185 1103 1181
f 1191 1106 1187
f 1197 1109 1193
f 1934 1112 1199
f 1203 1117 1114
f 1209 1120 1118
f 1215 1935 1121
f 1221 1150 1816
f 1227 1156 1151
f 1125 1165 1157
f 1936 1129 1842
f 1937 1138 1317
f 1239 1141 1230
f 1248 1144 1241
f 1254 1183 1250
f 1256 1938 1189
f 1266 1195 1260
f 1272 1202 1268
f 1274 1213 1208
f 1280 1219 1214
f 1286 1225 1220
f 1292 1123 1226
f 1298 1153 1124
f 1939 1154 1307
f 1940 1159 1314
f 1941 1168 1146
f 1942 1174 1236
f 1943 1180 1245
f 1944 1186 1251
f 1257 1945 1192
f 1263 1204 1198
f 1946 1205 1271
f 1275 1216 1211
f 1281 1222 1217
f 1287 1228 1223
f 1295 1126 1229
f 1304 1132 1127
f 1818 1243 1591
f 1318 1599 1947
f 1614 1240 1611
f 1572 1249 1616
f 1576 1279 1698
f 1684 1285 1575
f 1711 1291 1683
f 1237 1695 1690
f 1288 1701 1587
f 1596 1294 1581
f 1602 1303 1598
f 1948 1233 1949
f 1617 1797 1358
f 1374 1368 1364
f 1362 1758 1805
f 1803 1809 1382
f 1386 1725 1397
f 1731 1326 1950
f 1335 1767 1951
f 1359 1743 1952
f 1371 1776 1953
f 1392 1761 1954
f 1782 1410 1955
f 1791 1323 1956
f 1957 1800 1334
f 1332 1806 1391
f 1389 1716 1400
f 1398 1722 1409
f 1407 1728 1322
f 1320 1734 1331
f 1329 1740 1340
f 1338 1746 1346
f 1344 1788 1619
f 1356 1749 1376
f 1719 1380 1811
f 1395 1958 1350
f 1755 1404 1959
f 1413 1737 1960
f 1764 1341 1961
f 1773 1347 1962
f 1779 1365 1963
f 1353 1752 1964
f 1785 1377 1965
f 1794 1401 1966
f 1801 1444 1967
f 1717 1460 1968
f 1969 1789 1469
f 1970 1429 1971
f 1416 1972 1369
f 1973 1435 1974
f 1450 1757 1477
f 1466 1733 1452
f 1484 1739 1468
f 1490 1775 1504
f 1496 1781 1492
f 1498 1360 1769
f 1510 1753 1361
f 1420 1786 1754
f 1777 1447 1975
f 1432 1393 1778
f 1438 1783 1394
f 1456 1792 1784
f 1463 1771 1793
f 1481 1976 1772
f 1453 1807 1446
f 1723 1472 1977
f 1729 1478 1978
f 1735 1487 1979
f 1741 1493 1980
f 1747 1981 1982
f 1983 1505 1984
f 1985 1423 1986
f 1987 1441 1988
f 1499 1756 1726
f 1502 1766 1486
f 1795 1426 1989
f 1990 1483 1518
f 1384 1991 1992
f 1993 1445 1533
f 1454 1994 1995
f 1996 1461 1527
f 1997 1473 1532
f 1998 1479 1536
f 1999 1488 1539
f 2000 1494 1542
f 1545 1506 1471
f 1548 1430 1507
f 1551 1417 1431
f 1554 1424 1418
f 1557 1436 1425
f 1419 1442 1437
f 1516 1500 1443
f 1521 2001 1501
f 1476 1530 2002
f 1451 1534 2003
f 1467 1537 2004
f 1540 1485 1538
f 1503 1543 2005
f 1491 1546 2006
f 1497 1549 2007
f 1550 1421 1509
f 1553 1427 1422
f 1556 1448 1428
f 1559 1433 1449
f 1515 1439 1434
f 1520 1457 1440
f 1524 1464 1458
f 1482 1529 1517
f 1511 1244 1301
f 1513 1843 1580
f 1231 1605 1308
f 2008 1232 1310
f 1574 1261 1255
f 1699 1273 1563
f 1692 1258 1253
f 2009 1270 1595
f 1686 1282 1277
f 1589 2010 1289
f 2011 1312 1604
f 1262 1568 2012
f 1562 2013 1265
f 1571 1566 2014
f 1630 1687 1594
f 1564 1267 1567
f 1264 1704 1560
f 1664 2015 1820
f 1668 1606 1601
f 2016 1677 2017
f 1623 2018 1615
f 1650 1703 1643
f 1659 1583 1628
f 1665 1597 1661
f 1662 1235 1673
f 2019 1635 2020
f 1620 1600 1512
f 2021 1674 2022
f 1644 1612 1309
f 1569 1573 1632
f 1641 1688 1658
f 1626 1588 1652
f 1671 1603 1667
f 1631 1561 1655
f 1851 1636 1663
f 1902 1670 1925
f 1624 1916 1905
f 1907 1633 1625
f 1859 1642 1918
f 2023 1867 1862
f 1861 2024 1660
f 2025 1870 1639
f 1872 1637 1896
f 1923 1622 1874
f 1899 1676 1904
f 1914 1646 1901
f 1908 1634 1913
f 2026 1855 1922
f 1919 1657 1921
f 1858 2027 1651
f 1864 2028 1666
f 1850 1648 1570
f 1629 1848 2029
f 1893 1315 1306
f 1713 1252 1247
f 2030 1297 1710
f 1707 1147 1316
f 1246 1689 1714
f 1565 2031 1849
f 2032 1653 2033
f 1242 2034 1822
f 2035 1592 2036
f 2037 2038 1828
f 1841 1590 1834
f 1831 1313 1840
f 1131 1846 1166
f 1680 1920 1854
f 2039 1917 2040
f 2041 1857 2042
f 1888 1866 2043
f 2044 1860 2045
f 2046 1863 2047
f 2048 1869 2049
f 1640 1876 1852
f 1912 1682 1909
f 1812 1906 1892
f 1890 1915 1887
f 2050 1900 1886
f 1884 1903 1883
f 1881 1924 1880
f 1878 1873 1875
f 2051 1898 1853
f 1926 1130 1825
f 1927 1139 1171
f 1928 1142 1177
f 1135 1145 1136
f 2052 1184 1063
f 2053 1190 1066
f 1070 1194 1196
f 1073 2054 1200
f 1075 2055 1206
f 1078 2056 1212
f 1081 2057 1218
f 1084 2058 1224
f 1088 2059 1122
f 1090 2060 1152
f 2061 1160 1093
f 1096 1169 1097
f 1099 1175 1100
f 1102 1181 1103
f 1105 1187 1106
f 1108 1193 1109
f 1111 1199 1112
f 2062 1203 1114
f 1118 2063 1209
f 1121 2064 1215
f 1816 2065 1221
f 1151 2066 1227
f 1157 2067 1125
f 1166 2068 1131
f 1070 2069 1068
f 1074 1073 1929
f 1097 2070 1095
f 2071 1100 1102
f 1816 2072 1817
f 1178 1135 2073
f 1062 1136 2052
f 1085 1087 2074
f 1933 1086 1088
f 1112 1113 1110
f 2075 1114 1117
f 1077 1075 1930
f 2076 1103 1105
f 2053 1064 1063
f 2061 1091 1090
f 2077 1118 1120
f 1931 1079 1078
f 2078 1106 1108
f 1069 1067 1066
f 2079 1093 1096
f 1935 1119 1121
f 1932 1082 1081
f 2080 1109 1111
f 1822 2036 1242
f 1837 2081 1578
f 2038 1842 1129
f 2082 1317 1138
f 2083 1230 1141
f 2084 1241 1144
f 2085 1250 1183
f 2086 1256 1189
f 1195 2087 1260
f 1201 1268 1202
f 1207 1274 1208
f 1214 1278 1280
f 1220 1284 1286
f 1226 1290 1292
f 1124 1296 1298
f 1154 1305 1307
f 2088 1314 1159
f 2089 1146 1168
f 2090 1236 1174
f 2091 1245 1180
f 2092 1251 1186
f 1192 1944 1257
f 1198 2093 1263
f 1204 1271 1205
f 1211 1946 1275
f 1217 2094 1281
f 1223 2095 1287
f 1229 1293 1295
f 1127 1302 1304
f 1133 1311 1313
f 1840 1610 1841
f 1834 1592 1835
f 1220 2058 1218
f 2059 1226 1123
f 1223 2066 1221
f 2067 1229 1126
f 2060 1124 1153
f 2038 1829 1828
f 2068 1127 1132
f 1158 1154 2088
f 2082 1130 1129
f 2096 1133 1831
f 2089 1160 1159
f 2083 1139 1138
f 2090 1169 1168
f 2084 1142 1141
f 2091 1175 1174
f 2085 1145 1144
f 2092 1181 1180
f 2086 1184 1183
f 2097 1187 1186
f 1938 1190 1189
f 1945 1193 1192
f 1201 1196 1195
f 1934 1198 1204
f 2055 1202 1207
f 2063 1205 1210
f 2056 1208 1213
f 2064 1211 1216
f 2057 1214 1219
f 2065 1217 1222
f 2098 1616 1249
f 2099 1575 1285
f 2100 1683 1291
f 2101 1598 1303
f 1591 1949 1818
f 1844 1936 1842
f 1948 1610 1609
f 1941 1148 1237
f 2036 1591 1243
f 2098 1241 1240
f 2102 1250 1249
f 2099 1280 1279
f 2095 1283 1288
f 2100 1286 1285
f 2103 1292 1291
f 2101 1295 1294
f 2104 1304 1303
f 1364 1370 1362
f 1805 1760 1803
f 1952 1951 1359
f 1954 1953 1392
f 1955 2105 1782
f 1956 2106 1791
f 1334 1802 1332
f 1391 1808 1389
f 1400 1718 1398
f 1409 1724 1407
f 1322 1730 1320
f 1331 1736 1329
f 1340 1742 1338
f 1346 1748 1344
f 1959 1958 1755
f 1961 1960 1764
f 1962 2107 1773
f 1963 2108 1779
f 1965 1964 1785
f 1966 2109 1794
f 1369 1971 1416
f 1732 1452 1733
f 1738 1468 1739
f 1780 1492 1781
f 1769 1496 1498
f 1361 1508 1510
f 1754 2110 1420
f 1778 1975 1432
f 1394 2111 1438
f 1784 2112 1456
f 1718 1968 1722
f 1757 2113 1755
f 1960 1739 1765
f 2108 1775 1780
f 2114 1781 1768
f 1964 1754 1786
f 2115 1796 1777
f 1973 1811 1810
f 1967 1802 1801
f 2116 1793 1792
f 1977 1474 1729
f 1978 1480 1735
f 1979 1489 1741
f 1980 1495 1747
f 1726 1988 1499
f 2117 1459 1384
f 1992 1533 1445
f 2118 1522 1454
f 1995 1527 1461
f 2119 1532 1473
f 2120 1536 1479
f 2121 1539 1488
f 2122 1542 1494
f 1471 2000 1545
f 1507 2123 1548
f 1431 2124 1551
f 1418 2125 1554
f 1425 2126 1557
f 1437 2127 1419
f 1443 2128 1516
f 1501 2129 1521
f 2001 1526 1476
f 2002 1531 1451
f 2003 1535 1467
f 2004 1538 1485
f 2130 1541 1503
f 2005 1544 1491
f 2006 1547 1497
f 2007 1550 1509
f 1422 1552 1553
f 1428 1555 1556
f 1449 1558 1559
f 1434 1514 1515
f 1440 1519 1520
f 1458 1523 1524
f 1483 1517 1518
f 1528 1465 1464
f 1984 1507 1430
f 1989 1428 1448
f 1986 1425 1436
f 1481 2117 1383
f 1988 1443 1500
f 2118 1446 1445
f 1475 1501 2001
f 2119 1462 1461
f 2120 1474 1473
f 2121 1480 1479
f 2130 1486 1485
f 2122 1489 1488
f 1470 1495 1494
f 1003 2126 1554
f 2127 1006 1008
f 1556 1046 1558
f 1049 1559 1047
f 2128 1009 1010
f 970 1990 1518
f 1991 972 974
f 1052 1515 1050
f 2129 1011 1013
f 1993 975 977
f 1055 1520 1053
f 1525 1014 1016
f 1994 978 979
f 1058 1524 1056
f 1019 1526 1017
f 1996 980 982
f 1529 1059 1517
f 1022 1531 1020
f 1997 983 985
f 1025 1535 1023
f 1998 986 987
f 1028 1538 1026
f 1999 988 990
f 1031 1541 1029
f 2000 991 993
f 1034 1544 1032
f 2123 994 996
f 1037 1547 1035
f 2124 997 999
f 1040 1550 1038
f 2125 1000 1002
f 1043 1553 1041
f 1579 1513 1580
f 1231 1310 1232
f 1277 2009 1686
f 1243 1301 1244
f 1844 2131 1599
f 1319 1947 1605
f 2132 1611 1240
f 2102 1574 1255
f 2133 1698 1279
f 1283 2134 1701
f 1289 1587 1589
f 1294 2135 1581
f 2104 1604 1312
f 1609 2011 1233
f 1937 1319 1231
f 1313 2136 1608
f 2132 1230 1232
f 1944 1253 1258
f 2087 1255 1261
f 1276 1271 1270
f 2133 1274 1273
f 2094 1277 1282
f 1293 1289 2010
f 2081 1244 1579
f 2037 1580 1843
f 1619 1790 1617
f 1358 1799 1356
f 1376 1751 1374
f 1382 1811 1380
f 1388 1721 1386
f 1397 1727 1395
f 1950 2113 1731
f 2137 2138 1737
f 2139 2114 1767
f 2140 2141 1752
f 2142 2115 1776
f 1957 2143 1770
f 1976 1385 1801
f 1967 1446 1807
f 2144 1455 1717
f 1968 1462 1723
f 1982 1469 1789
f 2145 1505 1798
f 1750 1984 1429
f 1759 2146 1423
f 1810 1986 1435
f 1720 1974 1441
f 1756 1477 1757
f 1765 1486 1766
f 1774 1504 1775
f 1787 2147 1426
f 1796 1989 1447
f 1772 2148 1481
f 1977 1724 1723
f 1784 2106 1782
f 2143 1793 1771
f 2138 1733 1738
f 1978 1730 1729
f 1800 1772 1976
f 1979 1736 1735
f 2107 1766 1774
f 1980 1742 1741
f 1982 1748 1747
f 2145 1790 1789
f 1951 1769 1360
f 1983 1799 1798
f 2141 1361 1753
f 1970 1751 1750
f 1972 1370 1369
f 2109 1787 1795
f 1985 1760 1759
f 1953 1778 1393
f 1987 1721 1720
f 2144 1808 1807
f 2105 1394 1783
f 1958 1726 1756
f 1471 1969 1469
f 1498 2007 1508
f 2110 1509 1421
f 1971 1431 1417
f 2147 1422 1427
f 2146 1418 1424
f 1975 1449 1433
f 1974 1437 1442
f 1992 1385 1384
f 2111 1434 1439
f 2112 1440 1457
f 1995 1455 1454
f 2116 1458 1464
f 2002 1477 1476
f 1465 2148 1463
f 2003 1452 1451
f 2004 1468 1467
f 2005 1504 1503
f 2006 1492 1491
f 2012 1260 1262
f 1269 1265 2013
f 1262 1586 1585
f 2013 1595 1270
f 1615 2017 1623
f 2149 1661 1597
f 1819 1664 1820
f 1512 2020 1620
f 1309 2022 1644
f 1300 2150 1635
f 1601 2151 1668
f 1607 2152 1674
f 1613 2153 1677
f 1573 2154 1632
f 1702 1643 1703
f 2155 1652 1588
f 1582 1628 1583
f 2156 1667 1603
f 1234 1673 1235
f 1309 2008 1310
f 2016 1611 1613
f 1586 1573 1584
f 1616 2018 1572
f 1301 2019 1511
f 2131 1512 1600
f 1581 2149 1596
f 2156 1598 1597
f 1607 1308 1605
f 1688 2134 1686
f 1587 1703 2155
f 1235 1949 1233
f 1299 1820 2015
f 1582 1589 1588
f 1947 1601 1606
f 1234 1604 1603
f 1625 1905 1907
f 1660 1862 1861
f 1663 1639 1638
f 1621 1874 1622
f 1645 1901 1646
f 2026 1921 1657
f 1636 1896 1637
f 1669 1925 1670
f 1675 1904 1676
f 1679 1914 1916
f 1634 1911 1913
f 2157 1918 1642
f 2158 1858 1651
f 1627 1868 1867
f 1666 1865 1864
f 1672 1871 1870
f 2159 1910 1570
f 2160 1856 1855
f 1667 2028 1671
f 2025 1673 1672
f 1670 2152 1668
f 2022 1676 1645
f 1628 2023 1659
f 2024 1661 1660
f 1646 2153 1644
f 2017 1679 1624
f 1636 1664 1663
f 1654 1631 1655
f 1625 2154 1623
f 2159 1632 1634
f 1637 2020 1635
f 2151 1622 1669
f 1658 2157 1641
f 2158 1643 1642
f 2027 1652 1651
f 2012 1567 1267
f 1265 1560 1562
f 1594 1631 1630
f 1584 1571 2014
f 2161 1268 1267
f 1259 1705 1704
f 2161 1563 1273
f 2093 1259 1264
f 2162 1562 1561
f 1595 1687 2009
f 2014 1568 1585
f 1687 1658 1688
f 1648 1571 1570
f 2160 1656 1630
f 1306 2030 1893
f 1316 1708 1707
f 1247 1714 1713
f 1306 1939 1307
f 1943 1247 1252
f 2103 1710 1297
f 1148 1696 1695
f 1238 1690 1689
f 1253 1693 1692
f 1940 1316 1147
f 1942 1238 1246
f 2163 1298 1297
f 1560 1706 2033
f 1649 1850 1849
f 1561 1653 1655
f 1409 2164 1398
f 2165 1400 1399
f 1397 2166 1386
f 2167 1388 1387
f 1322 2168 1407
f 1352 1395 1350
f 1331 2169 1320
f 1328 1950 1326
f 1959 1406 1351
f 1340 2170 1329
f 1415 2137 1413
f 1346 2171 1338
f 1337 2139 1335
f 1963 1367 1348
f 1619 2172 1344
f 1805 2173 1362
f 2174 1364 1363
f 1355 2140 1353
f 1952 1745 1336
f 1382 2175 1803
f 1373 2142 1371
f 1966 1403 1378
f 1343 1961 1341
f 1333 1957 1334
f 1956 1325 1411
f 1349 1962 1347
f 1763 1954 1761
f 1412 1955 1410
f 1379 1965 1377
f 1358 2176 1617
f 1376 2177 1356
f 1391 2178 1332
f 2179 1151 1156
f 1926 1163 1162
f 2180 1157 1165
f 1927 1826 1825
f 2181 1166 1846
f 1928 1172 1171
f 2034 1823 1822
f 1835 1821 1833
f 2182 1837 1828
f 2183 1841 1834
f 1832 1840 2184
f 2185 1829 1162
f 1847 2096 1830
f 1715 1693 1713
f 1709 1696 1707
f 1714 1691 1715
f 1708 1895 1709
f 1705 1694 1706
f 1690 1697 1691
f 1850 2029 1848
f 1909 1913 1912
f 1919 2040 1917
f 1859 2042 1857
f 1868 2043 1866
f 1862 2045 1860
f 1865 2047 1863
f 1871 2049 1869
f 1639 2186 1640
f 1854 1922 1855
f 1892 2039 1812
f 1889 1890 1887
f 1885 2050 1886
f 1883 2044 1884
f 1880 2046 1881
f 1877 1878 1875
f 1853 1876 2051
f 2186 1877 1876
f 2049 1879 2048
f 2047 1882 2046
f 2045 1885 2044
f 2043 1889 1888
f 2042 1891 2041
f 2040 1813 2039
f 1854 2029 1680
f 1638 1852 1851
f 1682 1813 1680
f 1907 2187 1911
f 1916 2188 1905
f 1901 2189 1914
f 1904 2190 1899
f 1925 2191 1902
f 1874 2192 1923
f 1896 2193 1872
f 1875 2193 2051
f 1880 2192 1878
f 1883 2191 1881
f 1886 2190 1884
f 1887 2189 2050
f 1892 2188 1890
f 1814 2187 1812
f 1681 1909 1682
f 1853 1897 1851
f 1849 1895 1894
f 1653 1848 1654
f 1566 1649 2031
f 1567 1565 1564
f 1894 1710 1712
f 1563 1700 1699
f 1577 1698 1700
f 1683 1712 1711
f 1685 1575 1577
f 2194 2195 2196
f 1062 2052 1063
f 1065 2053 1066
f 1068 2197 1069
f 1071 2069 1072
f 1074 1929 1075
f 1077 1930 1078
f 1080 1931 1081
f 1083 1932 1084
f 1086 2074 1087
f 1089 1933 1090
f 1092 2061 1093
f 1095 2079 1096
f 1098 2070 1099
f 1101 2071 1102
f 1104 2076 1105
f 1107 2078 1108
f 1110 2080 1111
f 1113 2062 1114
f 1116 2075 1117
f 1119 2077 1120
f 1122 2059 1123
f 1125 2067 1126
f 1128 2038 1129
f 1131 2068 1132
f 1134 2073 1135
f 1137 2082 1138
f 1140 2083 1141
f 1143 2084 1144
f 1146 1940 1147
f 1149 2072 1150
f 1152 2060 1153
f 1155 2179 1156
f 1158 2088 1159
f 1161 2185 1162
f 1164 2180 1165
f 1167 2089 1168
f 1170 1927 1171
f 1173 2090 1174
f 1176 1928 1177
f 1179 2091 1180
f 1182 2085 1183
f 1185 2092 1186
f 1188 2086 1189
f 1191 2097 1192
f 1194 1938 1195
f 1197 1945 1198
f 1200 2054 1201
f 1203 1934 1204
f 1206 2055 1207
f 1209 2063 1210
f 1212 2056 1213
f 1215 2064 1216
f 1218 2057 1219
f 1221 2065 1222
f 1224 2058 1225
f 1227 2066 1228
f 1230 1937 1231
f 1233 2011 1234
f 1236 1941 1237
f 1239 2132 1240
f 1242 2036 1243
f 1245 1942 1246
f 1248 2098 1249
f 1251 1943 1252
f 1254 2102 1255
f 1257 1944 1258
f 1260 2087 1261
f 1263 2093 1264
f 1266 2012 1267
f 1269 2013 1270
f 1272 2161 1273
f 1275 1946 1276
f 1278 2133 1279
f 1281 2094 1282
f 1284 2099 1285
f 1287 2095 1288
f 1290 2100 1291
f 1293 2010 1294
f 1296 2103 1297
f 1299 2015 1300
f 1302 2101 1303
f 1305 2163 1306
f 1308 2021 1309
f 1311 2104 1312
f 1314 1939 1315
f 1317 1936 1318
f 1320 2169 1321
f 1323 1957 1324
f 1326 2137 1327
f 1329 2170 1330
f 1332 2178 1333
f 1335 1952 1336
f 1338 2171 1339
f 1341 1962 1342
f 1344 2172 1345
f 1347 1963 1348
f 1350 1959 1351
f 1353 1965 1354
f 1356 2177 1357
f 1359 1951 1360
f 1362 2173 1363
f 1365 2139 1366
f 1368 1970 1369
f 1371 1954 1372
f 1374 2174 1375
f 1377 1966 1378
f 1380 2167 1381
f 1383 2117 1384
f 1386 2166 1387
f 1389 2165 1390
f 1392 1953 1393
f 1395 2198 1396
f 1398 2164 1399
f 1401 2142 1402
f 1404 1950 1405
f 1407 2168 1408
f 1410 1956 1411
f 1413 1961 1414
f 1416 1971 1417
f 1419 2127 1008
f 1420 2110 1421
f 1423 2146 1424
f 1426 2147 1427
f 1429 1984 1430
f 1432 1975 1433
f 1435 1986 1436
f 1438 2111 1439
f 1441 1974 1442
f 1444 1992 1445
f 1447 1989 1448
f 1450 2002 1451
f 1453 2118 1454
f 1456 2112 1457
f 1459 1990 969
f 1460 1995 1461
f 1463 2116 1464
f 1466 2003 1467
f 1469 1981 1470
f 1472 2119 1473
f 1475 2001 1476
f 1478 2120 1479
f 1481 2148 1482
f 1484 2004 1485
f 1487 2121 1488
f 1490 2005 1491
f 1493 2122 1494
f 1496 2006 1497
f 1499 1988 1500
f 1502 2130 1503
f 1505 1969 1506
f 1508 2007 1509
f 1511 2019 1512
f 1514 1049 1050
f 1516 2128 1010
f 1517 1059 970
f 1519 1052 1053
f 1521 2129 1013
f 1522 1993 977
f 1523 1055 1056
f 1525 1016 1017
f 1527 1994 979
f 1528 1058 1060
f 1530 1019 1020
f 1532 1996 982
f 1533 1991 974
f 1534 1022 1023
f 1536 1997 985
f 1537 1025 1026
f 1539 1998 987
f 1540 1028 1029
f 1542 1999 990
f 1543 1031 1032
f 1545 2000 993
f 1546 1034 1035
f 1548 2123 996
f 1549 1037 1038
f 1551 2124 999
f 1552 1040 1041
f 1554 2125 1002
f 1555 1043 1044
f 1557 2126 1005
f 1558 1046 1047
f 1560 2033 1561
f 1566 2031 1567
f 1569 2159 1570
f 1572 2018 1573
f 1578 2081 1579
f 1581 2135 1582
f 1584 2014 1585
f 1587 2155 1588
f 1590 1948 1591
f 1593 2162 1594
f 1596 2149 1597
f 1599 2131 1600
f 1602 2156 1603
f 1605 1947 1606
f 1608 2136 1609
f 1611 2008 1612
f 1614 2016 1615
f 1617 2176 1618
f 1620 2020 1621
f 1623 2017 1624
f 1626 2027 1627
f 1629 2160 1630
f 1632 2154 1633
f 1635 2150 1636
f 1641 2157 1642
f 1644 2022 1645
f 1650 2158 1651
f 1656 2026 1657
f 1659 2023 1660
f 1662 2025 1663
f 1665 2024 1666
f 1668 2151 1669
f 1671 2028 1672
f 1674 2152 1675
f 1677 2153 1678
f 1680 2029 1681
f 1686 2009 1687
f 1701 2134 1702
f 1716 2144 1717
f 1719 1973 1720
f 1722 1968 1723
f 1725 1987 1726
f 1728 1977 1729
f 1731 2113 1732
f 1734 1978 1735
f 1737 2138 1738
f 1740 1979 1741
f 1743 2140 1744
f 1746 1980 1747
f 1749 1983 1750
f 1752 2141 1753
f 1755 1958 1756
f 1758 1972 1759
f 1761 1955 1762
f 1764 1960 1765
f 1767 2114 1768
f 1770 2143 1771
f 1773 2107 1774
f 1776 2115 1777
f 1779 2108 1780
f 1782 2105 1783
f 1785 1964 1786
f 1788 1982 1789
f 1791 2106 1792
f 1794 2109 1795
f 1797 2145 1798
f 1800 1976 1801
f 1803 2175 1804
f 1806 1967 1807
f 1809 1985 1810
f 1812 2039 1813
f 1815 1935 1816
f 1818 1949 1819
f 1821 2035 1822
f 1824 1926 1825
f 1827 2182 1828
f 1830 2096 1831
f 1833 2183 1834
f 1836 2034 1837
f 1839 2184 1840
f 1842 2037 1843
f 1845 2181 1846
f 1848 2032 1849
f 1857 2043 1858
f 1860 2047 1861
f 1863 2049 1864
f 1866 2045 1867
f 1869 2186 1870
f 1872 2193 1873
f 1875 2051 1876
f 1878 2048 1879
f 1881 2046 1882
f 1884 2044 1885
f 1887 2050 1888
f 1890 2041 1891
f 1893 2030 1894
f 1899 2190 1900
f 1902 2191 1903
f 1905 2188 1906
f 1911 2187 1912
f 1914 2189 1915
f 1917 2042 1918
f 1920 2040 1921
f 1923 2192 1924
f 1162 1829 1128
f 1825 1130 1137
f 1171 1139 1140
f 1143 1135 1177
f 1182 2052 1136
f 1188 2053 1063
f 1194 1069 1066
f 1196 2054 1072
f 1200 2055 1929
f 1206 2056 1930
f 1212 2057 1931
f 1218 2058 1932
f 1224 2059 1087
f 1122 2060 1933
f 1158 2061 1090
f 1167 1096 1093
f 1173 1099 1097
f 1179 1102 1100
f 1185 1105 1103
f 1191 1108 1106
f 1197 1111 1109
f 1934 2062 1112
f 1203 2063 1117
f 1209 2064 1120
f 1215 2065 1935
f 1221 2066 1150
f 1227 2067 1156
f 1125 2068 1165
f 1936 2082 1129
f 1937 2083 1138
f 1239 2084 1141
f 1248 2085 1144
f 1254 2086 1183
f 1256 2087 1938
f 1266 1201 1195
f 1272 1207 1202
f 1274 1278 1213
f 1280 1284 1219
f 1286 1290 1225
f 1292 1296 1123
f 1298 1305 1153
f 1939 2088 1154
f 1940 2089 1159
f 1941 2090 1168
f 1942 2091 1174
f 1943 2092 1180
f 1944 2097 1186
f 1257 2093 1945
f 1263 1269 1204
f 1946 1210 1205
f 1275 2094 1216
f 1281 2095 1222
f 1287 1293 1228
f 1295 1302 1126
f 1304 1311 1132
f 1818 1299 1243
f 1318 1844 1599
f 1614 2098 1240
f 1572 2102 1249
f 1576 2099 1279
f 1684 2100 1285
f 1711 2103 1291
f 1237 1148 1695
f 1288 1283 1701
f 1596 2101 1294
f 1602 2104 1303
f 1948 1609 1233
f 1617 1790 1797
f 1374 1751 1368
f 1362 1370 1758
f 1803 1760 1809
f 1386 1721 1725
f 1731 2138 1326
f 1335 2139 1767
f 1359 2141 1743
f 1371 2142 1776
f 1392 2105 1761
f 1782 2106 1410
f 1791 2143 1323
f 1957 1770 1800
f 1332 1802 1806
f 1389 1808 1716
f 1398 1718 1722
f 1407 1724 1728
f 1320 1730 1734
f 1329 1736 1740
f 1338 1742 1746
f 1344 1748 1788
f 1356 1799 1749
f 1719 1388 1380
f 1395 1727 1958
f 1755 2113 1404
f 1413 2137 1737
f 1764 2107 1341
f 1773 2108 1347
f 1779 2114 1365
f 1353 2140 1752
f 1785 2109 1377
f 1794 2115 1401
f 1801 1385 1444
f 1717 1455 1460
f 1969 2145 1789
f 1970 1750 1429
f 1416 2146 1972
f 1973 1810 1435
f 1450 1732 1757
f 1466 1738 1733
f 1484 1765 1739
f 1490 1780 1775
f 1496 1768 1781
f 1498 1508 1360
f 1510 2110 1753
f 1420 2147 1786
f 1777 1796 1447
f 1432 2111 1393
f 1438 2112 1783
f 1456 2116 1792
f 1463 2148 1771
f 1481 1383 1976
f 1453 2144 1807
f 1723 1462 1472
f 1729 1474 1478
f 1735 1480 1487
f 1741 1489 1493
f 1747 1495 1981
f 1983 1798 1505
f 1985 1759 1423
f 1987 1720 1441
f 1499 1475 1756
f 1502 1774 1766
f 1795 1787 1426
f 1990 2117 1483
f 1384 1459 1991
f 1993 2118 1445
f 1454 1522 1994
f 1996 2119 1461
f 1997 2120 1473
f 1998 2121 1479
f 1999 2122 1488
f 2000 1470 1494
f 1545 2123 1506
f 1548 2124 1430
f 1551 2125 1417
f 1554 2126 1424
f 1557 2127 1436
f 1419 2128 1442
f 1516 2129 1500
f 1521 1525 2001
f 1476 1526 1530
f 1451 1531 1534
f 1467 1535 1537
f 1540 2130 1485
f 1503 1541 1543
f 1491 1544 1546
f 1497 1547 1549
f 1550 1552 1421
f 1553 1555 1427
f 1556 1558 1448
f 1559 1514 1433
f 1515 1519 1439
f 1520 1523 1457
f 1524 1528 1464
f 1482 1465 1529
f 1511 1579 1244
f 1513 2131 1843
f 1231 1319 1605
f 2008 2132 1232
f 1574 1586 1261
f 1699 2133 1273
f 1692 1705 1258
f 2009 1276 1270
f 1686 2134 1282
f 1589 2135 2010
f 2011 2136 1312
f 1262 1585 1568
f 1562 1593 2013
f 1571 1647 1566
f 1630 1656 1687
f 1564 2161 1267
f 1264 1259 1704
f 1664 2150 2015
f 1668 2152 1606
f 2016 1613 1677
f 1623 2154 2018
f 1650 2155 1703
f 1659 2149 1583
f 1665 2156 1597
f 1662 1819 1235
f 2019 1300 1635
f 1620 2151 1600
f 2021 1607 1674
f 1644 2153 1612
f 1569 1584 1573
f 1641 1702 1688
f 1626 1582 1588
f 1671 1234 1603
f 1631 2162 1561
f 1663 1638 1851
f 1851 1897 1636
f 1902 1675 1670
f 1624 1679 1916
f 1907 1911 1633
f 1859 2158 1642
f 2023 1627 1867
f 1861 1865 2024
f 2025 1672 1870
f 1872 1621 1637
f 1923 1669 1622
f 1899 1645 1676
f 1914 1678 1646
f 1908 2159 1634
f 2026 2160 1855
f 1919 2157 1657
f 1858 1868 2027
f 1864 1871 2028
f 1570 1910 1681
f 1681 1850 1570
f 2029 1856 1629
f 1629 1654 1848
f 1893 1708 1315
f 1713 1693 1252
f 2030 2163 1297
f 1707 1696 1147
f 1246 1238 1689
f 2031 1649 1849
f 1849 1894 1577
f 1894 1712 1685
f 1577 1894 1685
f 1577 1700 1849
f 1700 1565 1849
f 2033 1706 2032
f 1706 1694 2032
f 1694 1715 2032
f 1715 1691 2032
f 1691 1697 1895
f 1697 1709 1895
f 1895 2032 1691
f 1242 2081 2034
f 2035 1835 1592
f 1828 1837 2037
f 1837 1578 2037
f 1841 1610 1590
f 1133 1313 1831
f 1313 1608 1840
f 1131 2096 1846
f 1680 1813 1920
f 2039 1891 1917
f 2041 1889 1857
f 1888 1885 1866
f 2044 1882 1860
f 2046 1879 1863
f 2048 1877 1869
f 1640 2186 1876
f 1912 1814 1682
f 1812 2187 1906
f 1890 2188 1915
f 2050 2189 1900
f 1884 2190 1903
f 1881 2191 1924
f 1878 2192 1873
f 2051 2193 1898
f 1926 1128 1130
f 1927 1137 1139
f 1928 1140 1142
f 1135 1143 1145
f 2052 1182 1184
f 2053 1188 1190
f 1070 1069 1194
f 1073 1072 2054
f 1075 1929 2055
f 1078 1930 2056
f 1081 1931 2057
f 1084 1932 2058
f 1088 1087 2059
f 1090 1933 2060
f 2061 1158 1160
f 1096 1167 1169
f 1099 1173 1175
f 1102 1179 1181
f 1105 1185 1187
f 1108 1191 1193
f 1111 1197 1199
f 2062 1934 1203
f 1118 1117 2063
f 1121 1120 2064
f 1816 1935 2065
f 1151 1150 2066
f 1157 1156 2067
f 1166 1165 2068
f 1070 1072 2069
f 1074 1071 1073
f 1097 1099 2070
f 2071 1098 1100
f 1816 1150 2072
f 1178 1177 1135
f 1062 1134 1136
f 1085 1084 1087
f 1933 1089 1086
f 1112 2062 1113
f 2075 1115 1114
f 1077 1076 1075
f 2076 1101 1103
f 2053 1065 1064
f 2061 1092 1091
f 2077 1116 1118
f 1931 1080 1079
f 2078 1104 1106
f 1069 2197 1067
f 2079 1094 1093
f 1935 1815 1119
f 1932 1083 1082
f 2080 1107 1109
f 1822 2035 2036
f 1837 2034 2081
f 2038 2037 1842
f 2082 1936 1317
f 2083 1937 1230
f 2084 1239 1241
f 2085 1248 1250
f 2086 1254 1256
f 1195 1938 2087
f 1201 1266 1268
f 1207 1272 1274
f 1214 1213 1278
f 1220 1219 1284
f 1226 1225 1290
f 1124 1123 1296
f 1154 1153 1305
f 2088 1939 1314
f 2089 1940 1146
f 2090 1941 1236
f 2091 1942 1245
f 2092 1943 1251
f 1192 2097 1944
f 1198 1945 2093
f 1204 1269 1271
f 1211 1210 1946
f 1217 1216 2094
f 1223 1222 2095
f 1229 1228 1293
f 1127 1126 1302
f 1133 1132 1311
f 1840 1608 1610
f 1834 1590 1592
f 1220 1225 2058
f 2059 1224 1226
f 1223 1228 2066
f 2067 1227 1229
f 2060 1122 1124
f 2038 1128 1829
f 2068 1125 1127
f 1158 1152 1154
f 2082 1137 1130
f 2096 1131 1133
f 2089 1167 1160
f 2083 1140 1139
f 2090 1173 1169
f 2084 1143 1142
f 2091 1179 1175
f 2085 1182 1145
f 2092 1185 1181
f 2086 1188 1184
f 2097 1191 1187
f 1938 1194 1190
f 1945 1197 1193
f 1201 2054 1196
f 1934 1199 1198
f 2055 1200 1202
f 2063 1203 1205
f 2056 1206 1208
f 2064 1209 1211
f 2057 1212 1214
f 2065 1215 1217
f 2098 1614 1616
f 2099 1576 1575
f 2100 1684 1683
f 2101 1596 1598
f 1591 1948 1949
f 1844 1318 1936
f 1948 1590 1610
f 1941 1146 1148
f 2036 1592 1591
f 2098 1248 1241
f 2102 1254 1250
f 2099 1284 1280
f 2095 1281 1283
f 2100 1290 1286
f 2103 1296 1292
f 2101 1302 1295
f 2104 1311 1304
f 1364 1368 1370
f 1805 1758 1760
f 1952 1335 1951
f 1954 1371 1953
f 1955 1761 2105
f 1956 1410 2106
f 1334 1800 1802
f 1391 1806 1808
f 1400 1716 1718
f 1409 1722 1724
f 1322 1728 1730
f 1331 1734 1736
f 1340 1740 1742
f 1346 1746 1748
f 1959 1350 1958
f 1961 1413 1960
f 1962 1341 2107
f 1963 1347 2108
f 1965 1353 1964
f 1966 1377 2109
f 1369 1970 1971
f 1732 1450 1452
f 1738 1466 1468
f 1780 1490 1492
f 1769 1768 1496
f 1361 1360 1508
f 1754 1753 2110
f 1778 1777 1975
f 1394 1393 2111
f 1784 1783 2112
f 1718 1717 1968
f 1757 1732 2113
f 1960 1737 1739
f 2108 1773 1775
f 2114 1779 1781
f 1964 1752 1754
f 2115 1794 1796
f 1973 1719 1811
f 1967 1806 1802
f 2116 1463 1793
f 1977 1472 1474
f 1978 1478 1480
f 1979 1487 1489
f 1980 1493 1495
f 1726 1987 1988
f 2117 1990 1459
f 1992 1991 1533
f 2118 1993 1522
f 1995 1994 1527
f 2119 1996 1532
f 2120 1997 1536
f 2121 1998 1539
f 2122 1999 1542
f 1471 1470 2000
f 1507 1506 2123
f 1431 1430 2124
f 1418 1417 2125
f 1425 1424 2126
f 1437 1436 2127
f 1443 1442 2128
f 1501 1500 2129
f 2001 1525 1526
f 2002 1530 1531
f 2003 1534 1535
f 2004 1537 1538
f 2130 1540 1541
f 2005 1543 1544
f 2006 1546 1547
f 2007 1549 1550
f 1422 1421 1552
f 1428 1427 1555
f 1449 1448 1558
f 1434 1433 1514
f 1440 1439 1519
f 1458 1457 1523
f 1483 1482 1517
f 1528 1529 1465
f 1984 1505 1507
f 1989 1426 1428
f 1986 1423 1425
f 1481 1483 2117
f 1988 1441 1443
f 2118 1453 1446
f 1475 1499 1501
f 2119 1472 1462
f 2120 1478 1474
f 2121 1487 1480
f 2130 1502 1486
f 2122 1493 1489
f 1470 1981 1495
f 1003 1005 2126
f 2127 1557 1006
f 1556 1044 1046
f 1049 1514 1559
f 2128 1419 1009
f 970 969 1990
f 1991 1459 972
f 1052 1519 1515
f 2129 1516 1011
f 1993 1533 975
f 1055 1523 1520
f 1525 1521 1014
f 1994 1522 978
f 1058 1528 1524
f 1019 1530 1526
f 1996 1527 980
f 1529 1060 1059
f 1022 1534 1531
f 1997 1532 983
f 1025 1537 1535
f 1998 1536 986
f 1028 1540 1538
f 1999 1539 988
f 1031 1543 1541
f 2000 1542 991
f 1034 1546 1544
f 2123 1545 994
f 1037 1549 1547
f 2124 1548 997
f 1040 1552 1550
f 2125 1551 1000
f 1043 1555 1553
f 1579 1511 1513
f 1231 1308 1310
f 1277 1276 2009
f 1243 1299 1301
f 1844 1843 2131
f 1319 1318 1947
f 2132 2008 1611
f 2102 1572 1574
f 2133 1699 1698
f 1283 1282 2134
f 1289 1288 1587
f 1294 2010 2135
f 2104 1602 1604
f 1609 2136 2011
f 1937 1317 1319
f 1313 1312 2136
f 2132 1239 1230
f 1944 1251 1253
f 2087 1256 1255
f 1276 1946 1271
f 2133 1278 1274
f 2094 1275 1277
f 1293 1287 1289
f 2081 1242 1244
f 2037 1578 1580
f 1619 1788 1790
f 1358 1797 1799
f 1376 1749 1751
f 1382 1809 1811
f 1388 1719 1721
f 1397 1725 1727
f 1950 1404 2113
f 2137 1326 2138
f 2139 1365 2114
f 2140 1743 2141
f 2142 1401 2115
f 1957 1323 2143
f 1976 1383 1385
f 1967 1444 1446
f 2144 1453 1455
f 1968 1460 1462
f 1982 1981 1469
f 2145 1969 1505
f 1750 1983 1984
f 1759 1972 2146
f 1810 1985 1986
f 1720 1973 1974
f 1756 1475 1477
f 1765 1484 1486
f 1774 1502 1504
f 1787 1786 2147
f 1796 1795 1989
f 1772 1771 2148
f 1977 1728 1724
f 1784 1792 2106
f 2143 1791 1793
f 2138 1731 1733
f 1978 1734 1730
f 1800 1770 1772
f 1979 1740 1736
f 2107 1764 1766
f 1980 1746 1742
f 1982 1788 1748
f 2145 1797 1790
f 1951 1767 1769
f 1983 1749 1799
f 2141 1359 1361
f 1970 1368 1751
f 1972 1758 1370
f 2109 1785 1787
f 1985 1809 1760
f 1953 1776 1778
f 1987 1725 1721
f 2144 1716 1808
f 2105 1392 1394
f 1958 1727 1726
f 1471 1506 1969
f 1498 1497 2007
f 2110 1510 1509
f 1971 1429 1431
f 2147 1420 1422
f 2146 1416 1418
f 1975 1447 1449
f 1974 1435 1437
f 1992 1444 1385
f 2111 1432 1434
f 2112 1438 1440
f 1995 1460 1455
f 2116 1456 1458
f 2002 1450 1477
f 1465 1482 2148
f 2003 1466 1452
f 2004 1484 1468
f 2005 1490 1504
f 2006 1496 1492
f 2012 1266 1260
f 1269 1263 1265
f 1262 1261 1586
f 2013 1593 1595
f 1615 2016 2017
f 2149 1659 1661
f 1819 1662 1664
f 1512 2019 2020
f 1309 2021 2022
f 1300 2015 2150
f 1601 1600 2151
f 1607 1606 2152
f 1613 1612 2153
f 1573 2018 2154
f 1702 1641 1643
f 2155 1650 1652
f 1582 1626 1628
f 2156 1665 1667
f 1234 1671 1673
f 1309 1612 2008
f 2016 1614 1611
f 1586 1574 1573
f 1616 1615 2018
f 1301 1300 2019
f 2131 1513 1512
f 1581 1583 2149
f 2156 1602 1598
f 1607 2021 1308
f 1688 1702 2134
f 1587 1701 1703
f 1235 1819 1949
f 1299 1818 1820
f 1582 2135 1589
f 1947 1599 1601
f 1234 2011 1604
f 1625 1624 1905
f 1660 2023 1862
f 1663 2025 1639
f 1621 1872 1874
f 1645 1899 1901
f 2026 1922 1921
f 1636 1897 1896
f 1669 1923 1925
f 1675 1902 1904
f 1679 1678 1914
f 1634 1633 1911
f 2157 1919 1918
f 2158 1859 1858
f 1627 2027 1868
f 1666 2024 1865
f 1672 2028 1871
f 2159 1908 1910
f 2160 1629 1856
f 1667 1666 2028
f 2025 1662 1673
f 1670 1675 2152
f 2022 1674 1676
f 1628 1627 2023
f 2024 1665 1661
f 1646 1678 2153
f 2017 1677 1679
f 1636 2150 1664
f 1654 1629 1631
f 1625 1633 2154
f 2159 1569 1632
f 1637 1621 2020
f 2151 1620 1622
f 1658 1657 2157
f 2158 1650 1643
f 2027 1626 1652
f 2012 1568 1567
f 1265 1264 1560
f 1594 2162 1631
f 1584 1569 1571
f 2161 1272 1268
f 1259 1258 1705
f 2161 1564 1563
f 2093 1257 1259
f 2162 1593 1562
f 1595 1594 1687
f 2014 1566 1568
f 1687 1656 1658
f 1648 1647 1571
f 2160 2026 1656
f 1306 2163 2030
f 1316 1315 1708
f 1247 1246 1714
f 1306 1315 1939
f 1943 1245 1247
f 2103 1711 1710
f 1148 1147 1696
f 1238 1237 1690
f 1253 1252 1693
f 1940 1314 1316
f 1942 1236 1238
f 2163 1305 1298
f 1560 1704 1706
f 1649 1648 1850
f 1561 2033 1653
f 1409 1408 2164
f 2165 1389 1400
f 1397 1396 2166
f 2167 1380 1388
f 1322 1321 2168
f 1352 2198 1395
f 1331 1330 2169
f 1328 1405 1950
f 1959 1404 1406
f 1340 1339 2170
f 1415 1327 2137
f 1346 1345 2171
f 1337 1366 2139
f 1963 1365 1367
f 1619 1618 2172
f 1805 1804 2173
f 2174 1374 1364
f 1355 1744 2140
f 1952 1743 1745
f 1382 1381 2175
f 1373 1402 2142
f 1966 1401 1403
f 1343 1414 1961
f 1333 1324 1957
f 1956 1323 1325
f 1349 1342 1962
f 1763 1372 1954
f 1412 1762 1955
f 1379 1354 1965
f 1358 1357 2176
f 1376 1375 2177
f 1391 1390 2178
f 2179 1149 1151
f 1926 1824 1163
f 2180 1155 1157
f 1927 1170 1826
f 2181 1164 1166
f 1928 1176 1172
f 2034 1836 1823
f 1835 2035 1821
f 2182 1838 1837
f 2183 1839 1841
f 1832 1831 1840
f 2185 1827 1829
f 1847 1846 2096
f 1715 1694 1693
f 1709 1697 1696
f 1714 1689 1691
f 1708 1893 1895
f 1705 1692 1694
f 1690 1695 1697
f 1850 1681 2029
f 1909 1908 1913
f 1919 1921 2040
f 1859 1918 2042
f 1868 1858 2043
f 1862 1867 2045
f 1865 1861 2047
f 1871 1864 2049
f 1639 1870 2186
f 1854 1920 1922
f 1892 1891 2039
f 1889 2041 1890
f 1885 1888 2050
f 1883 1882 2044
f 1880 1879 2046
f 1877 2048 1878
f 1853 1852 1876
f 2186 1869 1877
f 2049 1863 1879
f 2047 1860 1882
f 2045 1866 1885
f 2043 1857 1889
f 2042 1917 1891
f 2040 1920 1813
f 1854 1856 2029
f 1638 1640 1852
f 1682 1814 1813
f 1907 1906 2187
f 1916 1915 2188
f 1901 1900 2189
f 1904 1903 2190
f 1925 1924 2191
f 1874 1873 2192
f 1896 1898 2193
f 1875 1873 2193
f 1880 1924 2192
f 1883 1903 2191
f 1886 1900 2190
f 1887 1915 2189
f 1892 1906 2188
f 1814 1912 2187
f 1681 1910 1909
f 1853 1898 1897
f 1849 2032 1895
f 1653 2032 1848
f 1566 1647 1649
f 1567 2031 1565
f 1894 2030 1710
f 1563 1565 1700
f 1577 1576 1698
f 1683 1685 1712
f 1685 1684 1575
f 2196 2199 2200
f 2200 2201 2196
f 2201 2202 2196
f 2202 2203 2204
f 2204 2205 2206
f 2206 2207 2208
f 2208 2209 2206
f 2209 2210 2206
f 2210 2211 2194
f 2211 2212 2194
f 2212 2213 2194
f 2194 2214 2215
f 2215 2216 2217
f 2217 2218 2219
f 2219 2220 2217
f 2220 2195 2217
f 2195 2221 2222
f 2222 2223 2195
f 2223 2224 2195
f 2224 2225 2196
f 2225 2226 2196
f 2226 2227 2196
f 2202 2204 2196
f 2204 2206 2196
f 2194 2215 2195
f 2215 2217 2195
f 2206 2210 2194
f 2195 2224 2196
f 2196 2206 2194
f 2228 2229 2230
f 2231 2232 2233
f 2234 2235 2236
f 2237 2238 2239
f 2240 2241 2242
f 2243 2244 2245
f 2246 2247 2248
f 2249 2250 2251
f 2252 2253 2254
f 2255 2256 2257
f 2258 2259 2260
f 2261 2262 2263
f 2264 2265 2266
f 2267 2268 2269
f 2235 2270 2253
f 2229 2271 2272
f 2232 2273 2274
f 2265 1830 2275
f 2241 1833 1821
f 1823 2268 2242
f 2244 2183 2276
f 2250 1161 2277
f 2247 1845 2278
f 1827 2256 2263
f 2279 2280 2281
f 2233 2282 2283
f 1838 2262 2269
f 2238 2184 2284
f 2285 2272 2271
f 2286 2279 2281
f 2274 2233 2232
f 2270 2254 2253
f 2277 2251 2250
f 2283 2287 2247
f 2242 1821 1823
f 2269 1836 1838
f 2284 1839 2244
f 2276 1833 2259
f 2182 2263 2262
f 2275 1832 2238
f 2185 2257 2256
f 2278 1847 2265
f 2253 2236 2235
f 2230 2272 2234
f 2251 2228 2249
f 2283 2231 2233
f 2254 2288 2252
f 2257 2289 2255
f 2278 2248 2247
f 2290 2242 2268
f 2260 2241 2291
f 2292 2269 2262
f 2276 2245 2244
f 2239 2284 2243
f 2293 2263 2256
f 2266 2275 2237
f 2228 2279 2229
f 2231 2288 2232
f 2234 2272 2235
f 2237 2275 2238
f 2240 2291 2241
f 2243 2284 2244
f 2246 2283 2247
f 2249 2289 2250
f 2252 2294 2253
f 2255 2293 2256
f 2258 2276 2259
f 2261 2292 2262
f 2264 2278 2265
f 2267 2290 2268
f 2235 2285 2270
f 2229 2286 2271
f 2232 2254 2273
f 2265 1847 1830
f 2241 2259 1833
f 1823 1836 2268
f 2244 1839 2183
f 2250 2257 1161
f 2247 2287 1845
f 1827 2185 2256
f 2279 2251 2280
f 2233 2295 2282
f 1838 2182 2262
f 2238 1832 2184
f 2285 2235 2272
f 2286 2229 2279
f 2274 2295 2233
f 2270 2273 2254
f 2277 2280 2251
f 2283 2282 2287
f 2242 2241 1821
f 2269 2268 1836
f 2284 2184 1839
f 2276 2183 1833
f 2182 1827 2263
f 2275 1830 1832
f 2185 1161 2257
f 2278 1845 1847
f 2253 2294 2236
f 2230 2229 2272
f 2251 2279 2228
f 2283 2246 2231
f 2254 2232 2288
f 2257 2250 2289
f 2278 2264 2248
f 2290 2240 2242
f 2260 2259 2241
f 2292 2267 2269
f 2276 2258 2245
f 2239 2238 2284
f 2293 2261 2263
f 2266 2265 2275
f 2296 2297 2298
f 2299 2300 2301
f 2302 2303 2304
f 2305 2306 2307
f 2308 2309 2310
f 2311 2312 2313
f 2314 2315 2316
f 2317 2318 2319
f 2320 2321 2322
f 2323 2324 2325
f 2326 2327 2328
f 2329 2330 2331
f 2332 2333 2334
f 2335 2336 2337
f 2338 2339 2340
f 2341 2342 2343
f 2344 2345 2346
f 2347 2348 2349
f 2350 2351 2352
f 2353 2354 2355
f 2356 2357 2358
f 2359 2360 2361
f 2362 2363 2364
f 2365 2366 2367
f 2368 2369 2370
f 2371 2372 2373
f 2374 2375 2376
f 2377 2378 2379
f 2380 2381 2382
f 2383 2384 2385
f 2386 2387 2388
f 2389 2390 2391
f 2392 2393 2394
f 2395 2396 2397
f 2398 2399 2400
f 2401 2402 2403
f 2404 2405 2406
f 2407 2408 2409
f 2410 2411 2412
f 2413 2414 2415
f 2280 2416 2417
f 2418 2419 2420
f 2421 2422 2423
f 2424 2425 2426
f 2427 2428 2429
f 2430 2431 2432
f 2433 2434 2435
f 2436 2437 2438
f 2439 2440 2441
f 2442 2443 2444
f 2445 2446 2447
f 2448 2449 2450
f 2285 2451 2452
f 2281 2453 2286
f 2454 2455 2456
f 2270 2457 2273
f 2458 2459 2460
f 2295 2461 2462
f 2282 2463 2287
f 2464 2465 2466
f 2199 2297 2326
f 2200 2328 2447
f 2201 2446 2439
f 2228 2299 2249
f 2202 2441 2458
f 2427 2440 2304
f 2203 2460 2421
f 2305 2459 2429
f 2204 2423 2418
f 2332 2419 2422
f 2420 2310 2205
f 1134 1062 2308
f 2206 2309 2436
f 1065 2467 1064
f 2207 2438 2359
f 2197 2437 1067
f 2208 2361 2374
f 2069 2360 1068
f 2209 2376 2323
f 1074 2375 1071
f 2210 2325 2341
f 1077 2324 1076
f 2211 2343 2353
f 1080 2342 1079
f 2212 2355 2368
f 1083 2354 1082
f 2213 2370 2383
f 2074 2369 1085
f 2194 2385 2335
f 1089 2384 1086
f 2214 2337 2349
f 1092 2336 1091
f 2215 2348 2364
f 1094 2362 2468
f 2216 2363 2379
f 1095 2377 2469
f 2217 2378 2331
f 1098 2329 2470
f 2218 2330 2346
f 1101 2344 2471
f 2219 2345 2358
f 1104 2356 2472
f 2220 2357 2373
f 1107 2371 2473
f 2195 2372 2388
f 1110 2386 2474
f 2221 2387 2340
f 1115 2338 2475
f 2222 2339 2350
f 1116 2476 2477
f 2352 2312 2223
f 2414 2366 2351
f 2224 2311 2382
f 2380 2313 2367
f 2225 2381 2435
f 2314 2433 2478
f 2226 2434 2432
f 2317 2430 2479
f 2227 2431 2424
f 2231 2246 2454
f 2196 2426 2298
f 2480 2389 2442
f 2392 2396 2444
f 2464 2405 2403
f 2267 2292 2393
f 2243 2465 2239
f 1149 2318 2316
f 2073 2306 1178
f 2398 2408 2397
f 1155 2321 2319
f 2303 1170 2481
f 2428 1176 2482
f 2401 2449 2455
f 2483 2404 2395
f 1817 2315 2415
f 2453 2327 2451
f 2452 2484 2485
f 2486 2487 2302
f 2461 2296 2425
f 2462 2488 2489
f 2416 1824 2490
f 2463 1164 2181
f 2230 2409 2491
f 2407 2294 2448
f 2492 2288 2456
f 2255 2301 2400
f 2493 2264 2494
f 2443 2290 2495
f 2260 2496 2391
f 2390 2245 2258
f 2399 2261 2293
f 2402 2237 2497
f 2328 2199 2326
f 2498 2451 2327
f 2484 2326 2297
f 2445 2328 2327
f 2447 2201 2200
f 2499 2453 2487
f 2439 2499 2486
f 2441 2201 2439
f 2486 2304 2440
f 2500 2441 2440
f 2460 2202 2458
f 2500 2429 2459
f 2501 2460 2459
f 2423 2203 2421
f 2501 2307 2422
f 2419 2423 2422
f 2420 2204 2418
f 2333 2411 2410
f 2310 2333 2308
f 2310 2206 2205
f 2308 1064 2467
f 2502 2309 2467
f 2438 2206 2436
f 2502 1067 2437
f 2503 2438 2437
f 2361 2207 2359
f 2503 1068 2360
f 2504 2361 2360
f 2376 2208 2374
f 2504 1071 2375
f 2505 2376 2375
f 2325 2209 2323
f 2505 1076 2324
f 2506 2325 2324
f 2343 2210 2341
f 2506 1079 2342
f 2507 2343 2342
f 2355 2211 2353
f 2507 1082 2354
f 2508 2355 2354
f 2370 2212 2368
f 2508 1085 2369
f 2509 2370 2369
f 2385 2213 2383
f 2509 1086 2384
f 2510 2385 2384
f 2337 2194 2335
f 2510 1091 2336
f 2349 2336 2347
f 2349 2215 2214
f 2468 1092 1094
f 2364 2468 2362
f 2364 2216 2215
f 2469 2079 1095
f 2379 2469 2377
f 2379 2217 2216
f 2470 2070 1098
f 2331 2470 2329
f 2331 2218 2217
f 2471 2071 1101
f 2346 2471 2344
f 2346 2219 2218
f 2472 2076 1104
f 2358 2472 2356
f 2358 2220 2219
f 2473 2078 1107
f 2373 2473 2371
f 2373 2195 2220
f 2474 2080 1110
f 2388 2474 2386
f 2388 2221 2195
f 2475 1113 1115
f 2340 2475 2338
f 2340 2222 2221
f 2477 2075 1116
f 2350 2477 2476
f 2352 2222 2350
f 2476 1119 2351
f 2366 2352 2351
f 2312 2224 2223
f 2366 2413 2367
f 2382 2313 2380
f 2382 2225 2224
f 2478 2511 2314
f 2435 2478 2433
f 2435 2226 2225
f 2479 2512 2317
f 2432 2479 2430
f 2432 2227 2226
f 2489 2513 2320
f 2488 2431 2489
f 2426 2227 2424
f 2488 2461 2425
f 2298 2425 2296
f 2298 2199 2196
f 2484 2457 2485
f 2480 2444 2396
f 2514 2394 2399
f 2403 2497 2464
f 2406 2515 2389
f 2512 2316 2318
f 2397 2514 2398
f 2490 2417 2416
f 2513 2319 2321
f 2481 2304 2303
f 2516 2322 2463
f 2482 2429 2428
f 2449 2456 2455
f 2406 2395 2404
f 2391 2442 2389
f 2495 2444 2443
f 2515 2466 2390
f 2334 2419 2332
f 2365 2313 2312
f 2306 2411 2307
f 2408 2491 2409
f 2517 2403 2405
f 2450 2407 2448
f 2517 2450 2449
f 2397 2483 2395
f 1178 2482 1176
f 2494 2455 2493
f 1172 2481 1170
f 2180 2322 2321
f 1826 2490 1824
f 2179 2319 2318
f 2400 2300 2398
f 2413 2315 2511
f 2072 2316 2315
f 1817 2414 1815
f 2410 2073 1134
f 2485 2285 2452
f 2453 2271 2286
f 2417 2281 2280
f 2516 2295 2462
f 2273 2461 2274
f 1163 2277 1161
f 2181 2287 2463
f 2236 2409 2234
f 2228 2491 2299
f 2231 2456 2288
f 2294 2492 2448
f 2249 2301 2289
f 2493 2246 2248
f 2496 2240 2443
f 2495 2267 2393
f 2466 2243 2245
f 2391 2258 2260
f 2292 2394 2393
f 2497 2239 2465
f 2293 2400 2399
f 2494 2266 2402
f 2296 2484 2297
f 2299 2491 2300
f 2302 2490 2303
f 2305 2482 2306
f 2308 2467 2309
f 2314 2511 2315
f 2317 2512 2318
f 2320 2513 2321
f 2323 2505 2324
f 2326 2498 2327
f 2329 2471 2330
f 2335 2510 2336
f 2338 2477 2339
f 2341 2506 2342
f 2344 2472 2345
f 2347 2468 2348
f 2350 2476 2351
f 2353 2507 2354
f 2356 2473 2357
f 2359 2503 2360
f 2362 2469 2363
f 2368 2508 2369
f 2371 2474 2372
f 2374 2504 2375
f 2377 2470 2378
f 2380 2478 2381
f 2383 2509 2384
f 2386 2475 2387
f 2389 2515 2390
f 2392 2495 2393
f 2395 2480 2396
f 2398 2514 2399
f 2401 2494 2402
f 2404 2517 2405
f 2407 2483 2408
f 2280 2277 2416
f 2421 2501 2422
f 2424 2488 2425
f 2427 2481 2428
f 2430 2489 2431
f 2433 2479 2434
f 2436 2502 2437
f 2439 2486 2440
f 2442 2496 2443
f 2445 2499 2446
f 2448 2492 2449
f 2285 2271 2451
f 2281 2487 2453
f 2454 2493 2455
f 2270 2485 2457
f 2458 2500 2459
f 2295 2274 2461
f 2282 2516 2463
f 2464 2497 2465
f 2427 2500 2440
f 2305 2501 2459
f 2422 2307 2332
f 2307 2411 2332
f 2420 2334 2310
f 2333 2410 2308
f 2410 1134 2308
f 1065 2502 2467
f 2197 2503 2437
f 2069 2504 2360
f 1074 2505 2375
f 1077 2506 2324
f 1080 2507 2342
f 1083 2508 2354
f 2074 2509 2369
f 1089 2510 2384
f 1092 2347 2336
f 1094 2079 2362
f 1095 2070 2377
f 1098 2071 2329
f 1101 2076 2344
f 1104 2078 2356
f 1107 2080 2371
f 1110 1113 2386
f 1115 2075 2338
f 1116 2077 2476
f 2352 2365 2312
f 2351 1119 1815
f 1815 2414 2351
f 2367 2413 2511
f 2511 2380 2367
f 2314 2512 2433
f 2317 2513 2430
f 2480 2406 2389
f 2392 2514 2396
f 2464 2515 2405
f 1149 2179 2318
f 2073 2412 2306
f 2398 2300 2408
f 1155 2180 2321
f 2303 1826 1170
f 2428 1172 1176
f 2401 2517 2449
f 2483 2450 2404
f 1817 2072 2315
f 2453 2445 2327
f 2452 2498 2484
f 2499 2487 2486
f 2487 2417 2302
f 2461 2457 2296
f 2489 2320 2462
f 2320 2516 2462
f 2416 1163 1824
f 2463 2322 1164
f 2230 2234 2409
f 2407 2236 2294
f 2492 2252 2288
f 2255 2289 2301
f 2493 2248 2264
f 2443 2240 2290
f 2260 2291 2496
f 2390 2466 2245
f 2399 2394 2261
f 2402 2266 2237
f 2328 2200 2199
f 2498 2452 2451
f 2484 2498 2326
f 2445 2447 2328
f 2447 2446 2201
f 2499 2445 2453
f 2439 2446 2499
f 2441 2202 2201
f 2486 2302 2304
f 2500 2458 2441
f 2460 2203 2202
f 2500 2427 2429
f 2501 2421 2460
f 2423 2204 2203
f 2501 2305 2307
f 2419 2418 2423
f 2420 2205 2204
f 2333 2332 2411
f 2310 2334 2333
f 2310 2309 2206
f 2308 1062 1064
f 2502 2436 2309
f 2438 2207 2206
f 2502 1065 1067
f 2503 2359 2438
f 2361 2208 2207
f 2503 2197 1068
f 2504 2374 2361
f 2376 2209 2208
f 2504 2069 1071
f 2505 2323 2376
f 2325 2210 2209
f 2505 1074 1076
f 2506 2341 2325
f 2343 2211 2210
f 2506 1077 1079
f 2507 2353 2343
f 2355 2212 2211
f 2507 1080 1082
f 2508 2368 2355
f 2370 2213 2212
f 2508 1083 1085
f 2509 2383 2370
f 2385 2194 2213
f 2509 2074 1086
f 2510 2335 2385
f 2337 2214 2194
f 2510 1089 1091
f 2349 2337 2336
f 2349 2348 2215
f 2468 2347 1092
f 2364 2348 2468
f 2364 2363 2216
f 2469 2362 2079
f 2379 2363 2469
f 2379 2378 2217
f 2470 2377 2070
f 2331 2378 2470
f 2331 2330 2218
f 2471 2329 2071
f 2346 2330 2471
f 2346 2345 2219
f 2472 2344 2076
f 2358 2345 2472
f 2358 2357 2220
f 2473 2356 2078
f 2373 2357 2473
f 2373 2372 2195
f 2474 2371 2080
f 2388 2372 2474
f 2388 2387 2221
f 2475 2386 1113
f 2340 2387 2475
f 2340 2339 2222
f 2477 2338 2075
f 2350 2339 2477
f 2352 2223 2222
f 2476 2077 1119
f 2366 2365 2352
f 2312 2311 2224
f 2366 2414 2413
f 2382 2311 2313
f 2382 2381 2225
f 2478 2380 2511
f 2435 2381 2478
f 2435 2434 2226
f 2479 2433 2512
f 2432 2434 2479
f 2432 2431 2227
f 2489 2430 2513
f 2488 2424 2431
f 2426 2196 2227
f 2488 2462 2461
f 2298 2426 2425
f 2298 2297 2199
f 2484 2296 2457
f 2480 2442 2444
f 2514 2392 2394
f 2403 2402 2497
f 2406 2405 2515
f 2512 2314 2316
f 2397 2396 2514
f 2490 2302 2417
f 2513 2317 2319
f 2481 2427 2304
f 2516 2320 2322
f 2482 2305 2429
f 2449 2492 2456
f 2406 2480 2395
f 2391 2496 2442
f 2495 2392 2444
f 2515 2464 2466
f 2334 2420 2419
f 2365 2367 2313
f 2306 2412 2411
f 2408 2300 2491
f 2517 2401 2403
f 2450 2483 2407
f 2517 2404 2450
f 2397 2408 2483
f 1178 2306 2482
f 2494 2401 2455
f 1172 2428 2481
f 2180 1164 2322
f 1826 2303 2490
f 2179 1155 2319
f 2400 2301 2300
f 2413 2415 2315
f 2072 1149 2316
f 1817 2415 2414
f 2410 2412 2073
f 2485 2270 2285
f 2453 2451 2271
f 2417 2487 2281
f 2516 2282 2295
f 2273 2457 2461
f 1163 2416 2277
f 2181 1845 2287
f 2236 2407 2409
f 2228 2230 2491
f 2231 2454 2456
f 2294 2252 2492
f 2249 2299 2301
f 2493 2454 2246
f 2496 2291 2240
f 2495 2290 2267
f 2466 2465 2243
f 2391 2390 2258
f 2292 2261 2394
f 2497 2237 2239
f 2293 2255 2400
f 2494 2264 2266
f 2518 2519 2520
f 2521 2522 2523
f 2524 2525 2522
f 2526 2527 2528
f 2526 2529 2525
f 2530 2531 2532
f 2523 2529 2530
f 2522 2525 2529
f 2533 2534 2535
f 2536 2537 2534
f 2531 2538 2532
f 2526 2537 2531
f 2539 2526 2528
f 2535 2540 2539
f 2534 2537 2540
f 2541 2542 2543
f 2544 2545 2542
f 2546 2547 2532
f 2546 2548 2545
f 2549 2550 2551
f 2543 2548 2549
f 2542 2545 2548
f 2552 2553 2554
f 2555 2556 2553
f 2550 2557 2551
f 2546 2556 2550
f 2558 2546 2532
f 2554 2559 2558
f 2553 2556 2559
f 2560 2561 2562
f 2563 2564 2561
f 2565 2566 2551
f 2565 2567 2564
f 2568 2569 2570
f 2562 2567 2568
f 2561 2564 2567
f 2520 2571 2572
f 2573 2574 2571
f 2569 2575 2570
f 2565 2574 2569
f 2576 2565 2551
f 2572 2577 2576
f 2571 2574 2577
f 2578 2579 2580
f 2581 2582 2579
f 2583 2584 2570
f 2585 2582 2583
f 2586 2585 2587
f 2580 2588 2586
f 2579 2582 2588
f 2589 2590 2591
f 2592 2593 2590
f 2585 2594 2587
f 2585 2595 2593
f 2596 2583 2570
f 2591 2595 2596
f 2590 2593 2595
f 2597 2598 2599
f 2600 2601 2598
f 2602 2603 2587
f 2604 2601 2602
f 2605 2604 2606
f 2599 2607 2605
f 2598 2601 2607
f 2608 2609 2610
f 2611 2612 2609
f 2604 2613 2606
f 2602 2612 2604
f 2614 2602 2587
f 2610 2615 2614
f 2609 2612 2615
f 2616 2617 2618
f 2619 2620 2617
f 2621 2622 2606
f 2623 2620 2621
f 2624 2623 2625
f 2618 2626 2624
f 2617 2620 2626
f 2627 2628 2629
f 2630 2631 2628
f 2623 2632 2625
f 2623 2633 2631
f 2634 2621 2606
f 2629 2633 2634
f 2628 2631 2633
f 2635 2636 2637
f 2638 2639 2636
f 2640 2641 2625
f 2640 2642 2639
f 2643 2644 2645
f 2637 2642 2643
f 2636 2639 2642
f 2646 2647 2648
f 2649 2650 2647
f 2644 2651 2645
f 2640 2650 2644
f 2652 2640 2625
f 2648 2653 2652
f 2647 2650 2653
f 2654 2655 2656
f 2657 2658 2655
f 2659 2660 2645
f 2661 2658 2659
f 2662 2661 2663
f 2656 2664 2662
f 2655 2658 2664
f 2665 2666 2667
f 2668 2669 2666
f 2661 2670 2663
f 2659 2669 2661
f 2671 2659 2645
f 2667 2672 2671
f 2666 2669 2672
f 2673 2674 2675
f 2676 2677 2674
f 2678 2679 2663
f 2678 2680 2677
f 2681 2682 2683
f 2675 2680 2681
f 2674 2677 2680
f 2684 2685 2686
f 2687 2688 2685
f 2682 2689 2683
f 2678 2688 2682
f 2690 2678 2663
f 2686 2691 2690
f 2685 2688 2691
f 2692 2693 2694
f 2695 2696 2693
f 2697 2698 2683
f 2697 2699 2696
f 2700 2701 2702
f 2694 2699 2700
f 2693 2696 2699
f 2703 2704 2705
f 2706 2707 2704
f 2701 2708 2702
f 2701 2709 2707
f 2710 2697 2683
f 2705 2709 2710
f 2704 2707 2709
f 2711 2712 2713
f 2714 2715 2712
f 2716 2717 2702
f 2718 2715 2716
f 2719 2718 2720
f 2713 2721 2719
f 2712 2715 2721
f 2519 2722 2723
f 2724 2725 2722
f 2718 2726 2720
f 2718 2727 2725
f 2728 2716 2702
f 2723 2727 2728
f 2722 2725 2727
f 2729 2730 2731
f 2732 2733 2730
f 2734 2735 2720
f 2736 2733 2734
f 2737 2736 2738
f 2731 2739 2737
f 2730 2733 2739
f 2740 2741 2742
f 2743 2744 2741
f 2736 2745 2738
f 2736 2746 2744
f 2747 2734 2720
f 2742 2746 2747
f 2741 2744 2746
f 2748 2749 2750
f 2751 2752 2749
f 2753 2754 2738
f 2755 2752 2753
f 2756 2755 2757
f 2750 2758 2756
f 2749 2752 2758
f 2759 2760 2761
f 2762 2763 2760
f 2755 2764 2757
f 2753 2763 2755
f 2765 2753 2738
f 2761 2766 2765
f 2760 2763 2766
f 2767 2768 2769
f 2770 2771 2768
f 2772 2773 2757
f 2772 2774 2771
f 2775 2776 2777
f 2769 2774 2775
f 2768 2771 2774
f 2778 2779 2780
f 2781 2782 2779
f 2776 2783 2777
f 2772 2782 2776
f 2784 2772 2757
f 2780 2785 2784
f 2779 2782 2785
f 2786 2787 2788
f 2789 2790 2787
f 2791 2792 2777
f 2793 2790 2791
f 2794 2793 2795
f 2788 2796 2794
f 2787 2790 2796
f 2797 2798 2799
f 2800 2801 2798
f 2793 2802 2795
f 2791 2801 2793
f 2803 2791 2777
f 2799 2804 2803
f 2798 2801 2804
f 2805 2806 2807
f 2808 2809 2806
f 2810 2811 2795
f 2812 2809 2810
f 2813 2812 2814
f 2807 2815 2813
f 2806 2809 2815
f 2816 2817 2818
f 2819 2820 2817
f 2812 2821 2814
f 2810 2820 2812
f 2822 2810 2795
f 2818 2823 2822
f 2817 2820 2823
f 2824 2825 2826
f 2827 2828 2825
f 2829 2830 2814
f 2831 2828 2829
f 2832 2831 2833
f 2826 2834 2832
f 2825 2828 2834
f 2835 2836 2837
f 2838 2839 2836
f 2831 2840 2833
f 2829 2839 2831
f 2841 2829 2814
f 2837 2842 2841
f 2836 2839 2842
f 2843 2844 2845
f 2846 2847 2844
f 2848 2849 2833
f 2850 2847 2848
f 2851 2850 2852
f 2845 2853 2851
f 2844 2847 2853
f 2854 2855 2856
f 2857 2858 2855
f 2850 2859 2852
f 2850 2860 2858
f 2861 2848 2833
f 2856 2860 2861
f 2855 2858 2860
f 2862 2863 2864
f 2865 2866 2863
f 2867 2868 2852
f 2867 2869 2866
f 2870 2871 2872
f 2864 2869 2870
f 2863 2866 2869
f 2518 2873 2874
f 2875 2876 2873
f 2871 2877 2872
f 2867 2876 2871
f 2878 2867 2852
f 2874 2879 2878
f 2873 2876 2879
f 2880 2881 2882
f 2883 2884 2881
f 2885 2886 2872
f 2885 2887 2884
f 2888 2889 2890
f 2882 2887 2888
f 2881 2884 2887
f 2891 2892 2893
f 2894 2895 2892
f 2889 2896 2890
f 2885 2895 2889
f 2897 2885 2872
f 2893 2898 2897
f 2892 2895 2898
f 2899 2900 2901
f 2902 2903 2900
f 2904 2905 2890
f 2904 2906 2903
f 2907 2908 2909
f 2901 2906 2907
f 2900 2903 2906
f 2910 2911 2912
f 2913 2914 2911
f 2908 2915 2909
f 2904 2914 2908
f 2916 2904 2890
f 2912 2917 2916
f 2911 2914 2917
f 2918 2919 2920
f 2921 2922 2919
f 2923 2924 2909
f 2925 2922 2923
f 2926 2925 2927
f 2920 2928 2926
f 2919 2922 2928
f 2929 2930 2931
f 2932 2933 2930
f 2925 2934 2927
f 2925 2935 2933
f 2936 2923 2909
f 2931 2935 2936
f 2930 2933 2935
f 2937 2938 2939
f 2940 2941 2938
f 2942 2943 2927
f 2944 2941 2942
f 2945 2944 2946
f 2939 2947 2945
f 2938 2941 2947
f 2948 2949 2950
f 2951 2952 2949
f 2944 2953 2946
f 2942 2952 2944
f 2954 2942 2927
f 2950 2955 2954
f 2949 2952 2955
f 2956 2957 2958
f 2959 2960 2957
f 2961 2962 2946
f 2963 2960 2961
f 2964 2963 2965
f 2958 2966 2964
f 2957 2960 2966
f 2967 2968 2969
f 2970 2971 2968
f 2963 2972 2965
f 2961 2971 2963
f 2973 2961 2946
f 2969 2974 2973
f 2968 2971 2974
f 2975 2976 2977
f 2978 2979 2976
f 2980 2981 2965
f 2980 2982 2979
f 2983 2984 2985
f 2977 2982 2983
f 2976 2979 2982
f 2986 2987 2988
f 2989 2990 2987
f 2984 2991 2985
f 2980 2990 2984
f 2992 2980 2965
f 2988 2993 2992
f 2987 2990 2993
f 2994 2995 2996
f 2997 2998 2995
f 2999 3000 2985
f 2999 3001 2998
f 3002 3003 3004
f 2996 3001 3002
f 2995 2998 3001
f 3005 3006 3007
f 3008 3009 3006
f 3003 3010 3004
f 2999 3009 3003
f 3011 2999 2985
f 3007 3012 3011
f 3006 3009 3012
f 3013 3014 3015
f 3016 3017 3014
f 3018 3019 3004
f 3018 3020 3017
f 3021 3022 3023
f 3015 3020 3021
f 3014 3017 3020
f 3024 3025 3026
f 3027 3028 3025
f 3022 3029 3023
f 3018 3028 3022
f 3030 3018 3004
f 3026 3031 3030
f 3025 3028 3031
f 3032 3033 3034
f 3035 3036 3033
f 3037 3038 3023
f 3039 3036 3037
f 3040 3039 3041
f 3034 3042 3040
f 3033 3036 3042
f 3043 3044 3045
f 3046 3047 3044
f 3039 3048 3041
f 3039 3049 3047
f 3050 3037 3023
f 3045 3049 3050
f 3044 3047 3049
f 3051 3052 3053
f 3054 3055 3052
f 3056 3057 3041
f 3056 3058 3055
f 3059 3060 3061
f 3053 3058 3059
f 3052 3055 3058
f 3062 3063 3064
f 3065 3066 3063
f 3060 3067 3061
f 3056 3066 3060
f 3068 3056 3041
f 3064 3069 3068
f 3063 3066 3069
f 3070 3071 3072
f 3073 3074 3071
f 3075 3076 3061
f 3075 3077 3074
f 3078 3079 3080
f 3072 3077 3078
f 3071 3074 3077
f 3081 3082 3083
f 3084 3085 3082
f 3079 3086 3080
f 3075 3085 3079
f 3087 3075 3061
f 3083 3088 3087
f 3082 3085 3088
f 3089 3090 3091
f 3092 3093 3090
f 3094 3095 3080
f 3096 3093 3094
f 3097 3096 3098
f 3091 3099 3097
f 3090 3093 3099
f 3100 3101 3102
f 3103 3104 3101
f 3096 3105 3098
f 3094 3104 3096
f 3106 3094 3080
f 3102 3107 3106
f 3101 3104 3107
f 3108 3109 3110
f 3111 3112 3109
f 3113 3114 3098
f 3113 3115 3112
f 3116 3117 2528
f 3110 3115 3116
f 3109 3112 3115
f 3118 3119 3120
f 3121 3122 3119
f 3117 3123 2528
f 3113 3122 3117
f 3124 3113 3098
f 3120 3125 3124
f 3119 3122 3125
f 2532 2547 2530
f 2530 2544 2523
f 2523 2541 2521
f 2532 2538 2558
f 2538 2554 2558
f 2536 2552 2554
f 2551 2566 2549
f 2566 2543 2549
f 2543 2560 2541
f 2551 2557 2576
f 2557 2572 2576
f 2555 2520 2572
f 2570 2584 2568
f 2584 2562 2568
f 2581 2560 2562
f 2570 2575 2596
f 2596 2573 2591
f 2573 2589 2591
f 2587 2603 2586
f 2603 2580 2586
f 2580 2597 2578
f 2587 2594 2614
f 2614 2592 2610
f 2592 2608 2610
f 2606 2622 2605
f 2605 2619 2599
f 2619 2597 2599
f 2606 2613 2634
f 2613 2629 2634
f 2629 2608 2627
f 2625 2641 2624
f 2641 2618 2624
f 2618 2635 2616
f 2625 2632 2652
f 2632 2648 2652
f 2630 2646 2648
f 2645 2660 2643
f 2643 2657 2637
f 2637 2654 2635
f 2645 2651 2671
f 2671 2649 2667
f 2649 2665 2667
f 2663 2679 2662
f 2662 2676 2656
f 2656 2673 2654
f 2663 2670 2690
f 2670 2686 2690
f 2668 2684 2686
f 2683 2698 2681
f 2698 2675 2681
f 2675 2692 2673
f 2683 2689 2710
f 2710 2687 2705
f 2705 2684 2703
f 2702 2717 2700
f 2717 2694 2700
f 2714 2692 2694
f 2702 2708 2728
f 2708 2723 2728
f 2706 2519 2723
f 2720 2735 2719
f 2719 2732 2713
f 2713 2729 2711
f 2720 2726 2747
f 2726 2742 2747
f 2724 2740 2742
f 2738 2754 2737
f 2737 2751 2731
f 2731 2748 2729
f 2738 2745 2765
f 2745 2761 2765
f 2743 2759 2761
f 2757 2773 2756
f 2756 2770 2750
f 2770 2748 2750
f 2757 2764 2784
f 2764 2780 2784
f 2780 2759 2778
f 2777 2792 2775
f 2775 2789 2769
f 2769 2786 2767
f 2777 2783 2803
f 2783 2799 2803
f 2799 2778 2797
f 2795 2811 2794
f 2811 2788 2794
f 2808 2786 2788
f 2795 2802 2822
f 2822 2800 2818
f 2818 2797 2816
f 2814 2830 2813
f 2813 2827 2807
f 2807 2824 2805
f 2814 2821 2841
f 2821 2837 2841
f 2837 2816 2835
f 2833 2849 2832
f 2832 2846 2826
f 2826 2843 2824
f 2833 2840 2861
f 2861 2838 2856
f 2838 2854 2856
f 2852 2868 2851
f 2868 2845 2851
f 2865 2843 2845
f 2852 2859 2878
f 2878 2857 2874
f 2874 2854 2518
f 2872 2886 2870
f 2886 2864 2870
f 2883 2862 2864
f 2872 2877 2897
f 2877 2893 2897
f 2875 2891 2893
f 2890 2905 2888
f 2888 2902 2882
f 2882 2899 2880
f 2890 2896 2916
f 2896 2912 2916
f 2894 2910 2912
f 2909 2924 2907
f 2924 2901 2907
f 2921 2899 2901
f 2909 2915 2936
f 2915 2931 2936
f 2913 2929 2931
f 2927 2943 2926
f 2926 2940 2920
f 2920 2937 2918
f 2927 2934 2954
f 2934 2950 2954
f 2950 2929 2948
f 2946 2962 2945
f 2945 2959 2939
f 2959 2937 2939
f 2946 2953 2973
f 2973 2951 2969
f 2969 2948 2967
f 2965 2981 2964
f 2981 2958 2964
f 2958 2975 2956
f 2965 2972 2992
f 2972 2988 2992
f 2970 2986 2988
f 2985 3000 2983
f 2983 2997 2977
f 2997 2975 2977
f 2985 2991 3011
f 2991 3007 3011
f 2989 3005 3007
f 3004 3019 3002
f 3002 3016 2996
f 2996 3013 2994
f 3004 3010 3030
f 3010 3026 3030
f 3008 3024 3026
f 3023 3038 3021
f 3038 3015 3021
f 3035 3013 3015
f 3023 3029 3050
f 3029 3045 3050
f 3027 3043 3045
f 3041 3057 3040
f 3057 3034 3040
f 3034 3051 3032
f 3041 3048 3068
f 3048 3064 3068
f 3064 3043 3062
f 3061 3076 3059
f 3059 3073 3053
f 3073 3051 3053
f 3061 3067 3087
f 3067 3083 3087
f 3065 3081 3083
f 3080 3095 3078
f 3095 3072 3078
f 3092 3070 3072
f 3080 3086 3106
f 3086 3102 3106
f 3102 3081 3100
f 3098 3114 3097
f 3097 3111 3091
f 3091 3108 3089
f 3098 3105 3124
f 3105 3120 3124
f 3120 3100 3118
f 2528 2527 3116
f 2527 3110 3116
f 2524 3108 3110
f 2528 3123 2539
f 2539 3121 2535
f 3121 2533 2535
f 2654 2805 2956
f 2520 2552 3100
f 2552 2533 3100
f 2533 3118 3100
f 3100 3081 3062
f 3062 3043 3024
f 3024 3005 2986
f 2986 2967 2948
f 2948 2929 2518
f 2929 2910 2518
f 2910 2891 2518
f 2518 2854 2835
f 2835 2816 2797
f 2797 2778 2759
f 2759 2740 2797
f 2740 2519 2797
f 2519 2703 2646
f 2703 2684 2646
f 2684 2665 2646
f 2646 2627 2608
f 2608 2589 2520
f 3100 3062 2520
f 3062 3024 2520
f 3024 2986 2518
f 2986 2948 2518
f 2518 2835 2797
f 2646 2608 2519
f 2608 2520 2519
f 2518 2797 2519
f 2520 3024 2518
f 2521 2524 2522
f 2524 2527 2525
f 2526 2525 2527
f 2526 2531 2529
f 2530 2529 2531
f 2523 2522 2529
f 2533 2536 2534
f 2536 2538 2537
f 2531 2537 2538
f 2526 2540 2537
f 2539 2540 2526
f 2535 2534 2540
f 2541 2544 2542
f 2544 2547 2545
f 2546 2545 2547
f 2546 2550 2548
f 2549 2548 2550
f 2543 2542 2548
f 2552 2555 2553
f 2555 2557 2556
f 2550 2556 2557
f 2546 2559 2556
f 2558 2559 2546
f 2554 2553 2559
f 2560 2563 2561
f 2563 2566 2564
f 2565 2564 2566
f 2565 2569 2567
f 2568 2567 2569
f 2562 2561 2567
f 2520 2573 2571
f 2573 2575 2574
f 2569 2574 2575
f 2565 2577 2574
f 2576 2577 2565
f 2572 2571 2577
f 2578 2581 2579
f 2581 2584 2582
f 2583 2582 2584
f 2585 2588 2582
f 2586 2588 2585
f 2580 2579 2588
f 2589 2592 2590
f 2592 2594 2593
f 2585 2593 2594
f 2585 2583 2595
f 2596 2595 2583
f 2591 2590 2595
f 2597 2600 2598
f 2600 2603 2601
f 2602 2601 2603
f 2604 2607 2601
f 2605 2607 2604
f 2599 2598 2607
f 2608 2611 2609
f 2611 2613 2612
f 2604 2612 2613
f 2602 2615 2612
f 2614 2615 2602
f 2610 2609 2615
f 2616 2619 2617
f 2619 2622 2620
f 2621 2620 2622
f 2623 2626 2620
f 2624 2626 2623
f 2618 2617 2626
f 2627 2630 2628
f 2630 2632 2631
f 2623 2631 2632
f 2623 2621 2633
f 2634 2633 2621
f 2629 2628 2633
f 2635 2638 2636
f 2638 2641 2639
f 2640 2639 2641
f 2640 2644 2642
f 2643 2642 2644
f 2637 2636 2642
f 2646 2649 2647
f 2649 2651 2650
f 2644 2650 2651
f 2640 2653 2650
f 2652 2653 2640
f 2648 2647 2653
f 2654 2657 2655
f 2657 2660 2658
f 2659 2658 2660
f 2661 2664 2658
f 2662 2664 2661
f 2656 2655 2664
f 2665 2668 2666
f 2668 2670 2669
f 2661 2669 2670
f 2659 2672 2669
f 2671 2672 2659
f 2667 2666 2672
f 2673 2676 2674
f 2676 2679 2677
f 2678 2677 2679
f 2678 2682 2680
f 2681 2680 2682
f 2675 2674 2680
f 2684 2687 2685
f 2687 2689 2688
f 2682 2688 2689
f 2678 2691 2688
f 2690 2691 2678
f 2686 2685 2691
f 2692 2695 2693
f 2695 2698 2696
f 2697 2696 2698
f 2697 2701 2699
f 2700 2699 2701
f 2694 2693 2699
f 2703 2706 2704
f 2706 2708 2707
f 2701 2707 2708
f 2701 2697 2709
f 2710 2709 2697
f 2705 2704 2709
f 2711 2714 2712
f 2714 2717 2715
f 2716 2715 2717
f 2718 2721 2715
f 2719 2721 2718
f 2713 2712 2721
f 2519 2724 2722
f 2724 2726 2725
f 2718 2725 2726
f 2718 2716 2727
f 2728 2727 2716
f 2723 2722 2727
f 2729 2732 2730
f 2732 2735 2733
f 2734 2733 2735
f 2736 2739 2733
f 2737 2739 2736
f 2731 2730 2739
f 2740 2743 2741
f 2743 2745 2744
f 2736 2744 2745
f 2736 2734 2746
f 2747 2746 2734
f 2742 2741 2746
f 2748 2751 2749
f 2751 2754 2752
f 2753 2752 2754
f 2755 2758 2752
f 2756 2758 2755
f 2750 2749 2758
f 2759 2762 2760
f 2762 2764 2763
f 2755 2763 2764
f 2753 2766 2763
f 2765 2766 2753
f 2761 2760 2766
f 2767 2770 2768
f 2770 2773 2771
f 2772 2771 2773
f 2772 2776 2774
f 2775 2774 2776
f 2769 2768 2774
f 2778 2781 2779
f 2781 2783 2782
f 2776 2782 2783
f 2772 2785 2782
f 2784 2785 2772
f 2780 2779 2785
f 2786 2789 2787
f 2789 2792 2790
f 2791 2790 2792
f 2793 2796 2790
f 2794 2796 2793
f 2788 2787 2796
f 2797 2800 2798
f 2800 2802 2801
f 2793 2801 2802
f 2791 2804 2801
f 2803 2804 2791
f 2799 2798 2804
f 2805 2808 2806
f 2808 2811 2809
f 2810 2809 2811
f 2812 2815 2809
f 2813 2815 2812
f 2807 2806 2815
f 2816 2819 2817
f 2819 2821 2820
f 2812 2820 2821
f 2810 2823 2820
f 2822 2823 2810
f 2818 2817 2823
f 2824 2827 2825
f 2827 2830 2828
f 2829 2828 2830
f 2831 2834 2828
f 2832 2834 2831
f 2826 2825 2834
f 2835 2838 2836
f 2838 2840 2839
f 2831 2839 2840
f 2829 2842 2839
f 2841 2842 2829
f 2837 2836 2842
f 2843 2846 2844
f 2846 2849 2847
f 2848 2847 2849
f 2850 2853 2847
f 2851 2853 2850
f 2845 2844 2853
f 2854 2857 2855
f 2857 2859 2858
f 2850 2858 2859
f 2850 2848 2860
f 2861 2860 2848
f 2856 2855 2860
f 2862 2865 2863
f 2865 2868 2866
f 2867 2866 2868
f 2867 2871 2869
f 2870 2869 2871
f 2864 2863 2869
f 2518 2875 2873
f 2875 2877 2876
f 2871 2876 2877
f 2867 2879 2876
f 2878 2879 2867
f 2874 2873 2879
f 2880 2883 2881
f 2883 2886 2884
f 2885 2884 2886
f 2885 2889 2887
f 2888 2887 2889
f 2882 2881 2887
f 2891 2894 2892
f 2894 2896 2895
f 2889 2895 2896
f 2885 2898 2895
f 2897 2898 2885
f 2893 2892 2898
f 2899 2902 2900
f 2902 2905 2903
f 2904 2903 2905
f 2904 2908 2906
f 2907 2906 2908
f 2901 2900 2906
f 2910 2913 2911
f 2913 2915 2914
f 2908 2914 2915
f 2904 2917 2914
f 2916 2917 2904
f 2912 2911 2917
f 2918 2921 2919
f 2921 2924 2922
f 2923 2922 2924
f 2925 2928 2922
f 2926 2928 2925
f 2920 2919 2928
f 2929 2932 2930
f 2932 2934 2933
f 2925 2933 2934
f 2925 2923 2935
f 2936 2935 2923
f 2931 2930 2935
f 2937 2940 2938
f 2940 2943 2941
f 2942 2941 2943
f 2944 2947 2941
f 2945 2947 2944
f 2939 2938 2947
f 2948 2951 2949
f 2951 2953 2952
f 2944 2952 2953
f 2942 2955 2952
f 2954 2955 2942
f 2950 2949 2955
f 2956 2959 2957
f 2959 2962 2960
f 2961 2960 2962
f 2963 2966 2960
f 2964 2966 2963
f 2958 2957 2966
f 2967 2970 2968
f 2970 2972 2971
f 2963 2971 2972
f 2961 2974 2971
f 2973 2974 2961
f 2969 2968 2974
f 2975 2978 2976
f 2978 2981 2979
f 2980 2979 2981
f 2980 2984 2982
f 2983 2982 2984
f 2977 2976 2982
f 2986 2989 2987
f 2989 2991 2990
f 2984 2990 2991
f 2980 2993 2990
f 2992 2993 2980
f 2988 2987 2993
f 2994 2997 2995
f 2997 3000 2998
f 2999 2998 3000
f 2999 3003 3001
f 3002 3001 3003
f 2996 2995 3001
f 3005 3008 3006
f 3008 3010 3009
f 3003 3009 3010
f 2999 3012 3009
f 3011 3012 2999
f 3007 3006 3012
f 3013 3016 3014
f 3016 3019 3017
f 3018 3017 3019
f 3018 3022 3020
f 3021 3020 3022
f 3015 3014 3020
f 3024 3027 3025
f 3027 3029 3028
f 3022 3028 3029
f 3018 3031 3028
f 3030 3031 3018
f 3026 3025 3031
f 3032 3035 3033
f 3035 3038 3036
f 3037 3036 3038
f 3039 3042 3036
f 3040 3042 3039
f 3034 3033 3042
f 3043 3046 3044
f 3046 3048 3047
f 3039 3047 3048
f 3039 3037 3049
f 3050 3049 3037
f 3045 3044 3049
f 3051 3054 3052
f 3054 3057 3055
f 3056 3055 3057
f 3056 3060 3058
f 3059 3058 3060
f 3053 3052 3058
f 3062 3065 3063
f 3065 3067 3066
f 3060 3066 3067
f 3056 3069 3066
f 3068 3069 3056
f 3064 3063 3069
f 3070 3073 3071
f 3073 3076 3074
f 3075 3074 3076
f 3075 3079 3077
f 3078 3077 3079
f 3072 3071 3077
f 3081 3084 3082
f 3084 3086 3085
f 3079 3085 3086
f 3075 3088 3085
f 3087 3088 3075
f 3083 3082 3088
f 3089 3092 3090
f 3092 3095 3093
f 3094 3093 3095
f 3096 3099 3093
f 3097 3099 3096
f 3091 3090 3099
f 3100 3103 3101
f 3103 3105 3104
f 3096 3104 3105
f 3094 3107 3104
f 3106 3107 3094
f 3102 3101 3107
f 3108 3111 3109
f 3111 3114 3112
f 3113 3112 3114
f 3113 3117 3115
f 3116 3115 3117
f 3110 3109 3115
f 3118 3121 3119
f 3121 3123 3122
f 3117 3122 3123
f 3113 3125 3122
f 3124 3125 3113
f 3120 3119 3125
f 2530 2547 2544
f 2523 2544 2541
f 2538 2536 2554
f 2536 2533 2552
f 2566 2563 2543
f 2543 2563 2560
f 2557 2555 2572
f 2555 2552 2520
f 2584 2581 2562
f 2581 2578 2560
f 2596 2575 2573
f 2573 2520 2589
f 2603 2600 2580
f 2580 2600 2597
f 2614 2594 2592
f 2592 2589 2608
f 2605 2622 2619
f 2619 2616 2597
f 2613 2611 2629
f 2629 2611 2608
f 2641 2638 2618
f 2618 2638 2635
f 2632 2630 2648
f 2630 2627 2646
f 2643 2660 2657
f 2637 2657 2654
f 2671 2651 2649
f 2649 2646 2665
f 2662 2679 2676
f 2656 2676 2673
f 2670 2668 2686
f 2668 2665 2684
f 2698 2695 2675
f 2675 2695 2692
f 2710 2689 2687
f 2705 2687 2684
f 2717 2714 2694
f 2714 2711 2692
f 2708 2706 2723
f 2706 2703 2519
f 2719 2735 2732
f 2713 2732 2729
f 2726 2724 2742
f 2724 2519 2740
f 2737 2754 2751
f 2731 2751 2748
f 2745 2743 2761
f 2743 2740 2759
f 2756 2773 2770
f 2770 2767 2748
f 2764 2762 2780
f 2780 2762 2759
f 2775 2792 2789
f 2769 2789 2786
f 2783 2781 2799
f 2799 2781 2778
f 2811 2808 2788
f 2808 2805 2786
f 2822 2802 2800
f 2818 2800 2797
f 2813 2830 2827
f 2807 2827 2824
f 2821 2819 2837
f 2837 2819 2816
f 2832 2849 2846
f 2826 2846 2843
f 2861 2840 2838
f 2838 2835 2854
f 2868 2865 2845
f 2865 2862 2843
f 2878 2859 2857
f 2874 2857 2854
f 2886 2883 2864
f 2883 2880 2862
f 2877 2875 2893
f 2875 2518 2891
f 2888 2905 2902
f 2882 2902 2899
f 2896 2894 2912
f 2894 2891 2910
f 2924 2921 2901
f 2921 2918 2899
f 2915 2913 2931
f 2913 2910 2929
f 2926 2943 2940
f 2920 2940 2937
f 2934 2932 2950
f 2950 2932 2929
f 2945 2962 2959
f 2959 2956 2937
f 2973 2953 2951
f 2969 2951 2948
f 2981 2978 2958
f 2958 2978 2975
f 2972 2970 2988
f 2970 2967 2986
f 2983 3000 2997
f 2997 2994 2975
f 2991 2989 3007
f 2989 2986 3005
f 3002 3019 3016
f 2996 3016 3013
f 3010 3008 3026
f 3008 3005 3024
f 3038 3035 3015
f 3035 3032 3013
f 3029 3027 3045
f 3027 3024 3043
f 3057 3054 3034
f 3034 3054 3051
f 3048 3046 3064
f 3064 3046 3043
f 3059 3076 3073
f 3073 3070 3051
f 3067 3065 3083
f 3065 3062 3081
f 3095 3092 3072
f 3092 3089 3070
f 3086 3084 3102
f 3102 3084 3081
f 3097 3114 3111
f 3091 3111 3108
f 3105 3103 3120
f 3120 3103 3100
f 2527 2524 3110
f 2524 2521 3108
f 2539 3123 3121
f 3121 3118 2533
f 3108 2521 2541
f 2541 2560 3108
f 2560 2578 3108
f 2578 2597 2654
f 2597 2616 2654
f 2616 2635 2654
f 2654 2673 2692
f 2692 2711 2729
f 2729 2748 2767
f 2767 2786 2729
f 2786 2805 2729
f 2805 2824 2880
f 2824 2843 2880
f 2843 2862 2880
f 2880 2899 2918
f 2918 2937 2880
f 2937 2956 2880
f 2956 2975 3032
f 2975 2994 3032
f 2994 3013 3032
f 3032 3051 3070
f 3070 3089 3108
f 2654 2692 2805
f 2692 2729 2805
f 3032 3070 2956
f 3070 3108 2956
f 3108 2578 2654
f 2805 2880 2956
f 3108 2654 2956
f 3126 3127 3128
f 3129 3130 3131
f 3132 3133 3134
f 3135 3136 3137
f 3138 3139 3140
f 3141 3142 3143
f 3144 3145 3146
f 3147 3148 3149
f 3150 3151 3152
f 3153 3154 3155
f 3156 3157 3158
f 3159 3160 3161
f 3162 3163 3164
f 3165 3166 3167
f 3168 3169 3170
f 3171 3172 3173
f 3174 3175 3176
f 3177 3178 3179
f 3180 3181 3182
f 3183 3184 3185
f 3186 3187 3188
f 3189 3190 3191
f 3192 3193 3194
f 3195 3196 3197
f 3198 3199 3200
f 3201 3202 3203
f 3204 3205 3206
f 3207 3208 3209
f 3210 3211 3212
f 3213 3214 3215
f 3216 3217 3218
f 3219 3220 3221
f 3222 3223 3224
f 3225 3226 3227
f 3228 3229 3230
f 3231 3232 3233
f 3234 3235 3236
f 3237 3238 3239
f 3240 3241 3242
f 3243 3244 3245
f 3246 3247 3248
f 3249 3250 3251
f 3252 3253 3254
f 3255 3256 3257
f 3258 3259 3260
f 3261 3262 3263
f 3264 3265 3266
f 3267 3268 3269
f 3270 3271 3272
f 3273 3274 3275
f 3276 3277 3278
f 3279 3280 3281
f 3282 3283 3284
f 3285 3286 3287
f 3288 3289 3290
f 3291 3292 3293
f 3294 3295 3296
f 3297 3298 3299
f 3300 3301 3302
f 3303 3304 3305
f 3306 3307 3308
f 3309 3310 3311
f 3312 3313 3215
f 3314 3315 3316
f 3317 3318 3319
f 3320 3316 3321
f 3322 3314 3323
f 3127 3324 3315
f 3126 3128 3221
f 3217 3325 3326
f 3216 3218 3227
f 3130 3327 3328
f 3129 3131 3230
f 3133 3329 3330
f 3132 3134 3233
f 3136 3331 3332
f 3135 3137 3236
f 3140 3333 3334
f 3335 3138 3239
f 3142 3223 3139
f 3141 3143 3242
f 3146 3336 3337
f 3338 3144 3245
f 3148 3339 3145
f 3147 3149 3248
f 3151 3340 3341
f 3150 3152 3251
f 3155 3342 3343
f 3344 3153 3254
f 3157 3345 3154
f 3156 3158 3257
f 3161 3346 3347
f 3348 3159 3260
f 3164 3349 3160
f 3350 3162 3263
f 3166 3224 3163
f 3165 3167 3266
f 3170 3351 3352
f 3353 3168 3269
f 3173 3354 3169
f 3355 3171 3272
f 3176 3356 3172
f 3357 3174 3275
f 3179 3358 3175
f 3359 3177 3278
f 3182 3360 3178
f 3361 3180 3281
f 3185 3362 3181
f 3363 3183 3284
f 3188 3364 3184
f 3365 3186 3287
f 3190 3366 3187
f 3189 3191 3290
f 3193 3367 3368
f 3192 3194 3293
f 3196 3369 3370
f 3195 3197 3296
f 3200 3371 3372
f 3373 3198 3299
f 3203 3374 3199
f 3375 3201 3302
f 3206 3376 3202
f 3377 3204 3305
f 3209 3378 3205
f 3379 3207 3308
f 3211 3380 3208
f 3210 3212 3311
f 3381 3222 3382
f 3320 3314 3316
f 3383 3128 3322
f 3127 3322 3128
f 3324 3316 3315
f 3384 3126 3385
f 3218 3326 3126
f 3324 3326 3325
f 3386 3131 3216
f 3130 3216 3131
f 3327 3217 3328
f 3387 3134 3129
f 3134 3330 3129
f 3329 3130 3330
f 3388 3137 3132
f 3137 3332 3132
f 3329 3332 3331
f 3389 3138 3135
f 3138 3334 3135
f 3331 3334 3333
f 3390 3143 3335
f 3142 3335 3143
f 3333 3139 3223
f 3391 3141 3392
f 3144 3337 3141
f 3223 3337 3336
f 3393 3149 3338
f 3148 3338 3149
f 3339 3146 3145
f 3394 3152 3147
f 3152 3341 3147
f 3339 3341 3340
f 3395 3150 3396
f 3155 3150 3153
f 3342 3151 3343
f 3397 3158 3344
f 3157 3344 3158
f 3342 3154 3345
f 3398 3159 3156
f 3159 3347 3156
f 3345 3347 3346
f 3399 3162 3348
f 3164 3348 3162
f 3346 3160 3349
f 3400 3167 3350
f 3167 3163 3350
f 3349 3163 3224
f 3401 3165 3402
f 3168 3352 3165
f 3224 3352 3351
f 3403 3353 3404
f 3173 3353 3171
f 3354 3170 3169
f 3405 3355 3406
f 3176 3355 3174
f 3356 3173 3172
f 3407 3357 3408
f 3179 3357 3177
f 3358 3176 3175
f 3409 3359 3410
f 3182 3359 3180
f 3360 3179 3178
f 3411 3361 3412
f 3183 3181 3361
f 3360 3181 3362
f 3413 3186 3363
f 3188 3363 3186
f 3362 3184 3364
f 3414 3191 3365
f 3191 3187 3365
f 3364 3187 3366
f 3415 3189 3416
f 3193 3189 3194
f 3366 3368 3367
f 3417 3192 3418
f 3197 3370 3192
f 3369 3193 3370
f 3419 3195 3420
f 3200 3195 3198
f 3371 3196 3372
f 3421 3373 3422
f 3203 3373 3201
f 3374 3200 3199
f 3423 3204 3375
f 3206 3375 3204
f 3376 3203 3202
f 3424 3377 3425
f 3209 3377 3207
f 3378 3206 3205
f 3426 3212 3379
f 3211 3379 3212
f 3380 3209 3208
f 3427 3210 3428
f 3313 3382 3210
f 3380 3382 3222
f 3429 3314 3312
f 3222 3320 3321
f 3312 3381 3313
f 3323 3429 3214
f 3430 3431 3383
f 3227 3385 3220
f 3226 3432 3386
f 3233 3387 3229
f 3236 3388 3232
f 3239 3389 3235
f 3238 3433 3390
f 3245 3392 3241
f 3244 3434 3393
f 3251 3394 3247
f 3250 3395 3396
f 3253 3435 3397
f 3256 3436 3398
f 3259 3437 3399
f 3266 3400 3262
f 3265 3401 3402
f 3268 3403 3404
f 3271 3405 3406
f 3278 3408 3274
f 3277 3409 3410
f 3284 3412 3280
f 3283 3438 3413
f 3290 3414 3286
f 3293 3416 3289
f 3296 3418 3292
f 3295 3419 3420
f 3298 3421 3422
f 3305 3423 3301
f 3304 3424 3425
f 3307 3439 3426
f 3215 3428 3310
f 3440 3323 3214
f 3221 3441 3219
f 3442 3215 3310
f 3227 3319 3225
f 3230 3443 3228
f 3233 3444 3231
f 3236 3445 3234
f 3239 3446 3237
f 3242 3447 3240
f 3245 3448 3243
f 3248 3449 3246
f 3251 3318 3249
f 3254 3450 3252
f 3257 3451 3255
f 3260 3452 3258
f 3263 3453 3261
f 3266 3454 3264
f 3269 3455 3267
f 3272 3456 3270
f 3275 3317 3273
f 3278 3457 3276
f 3281 3458 3279
f 3284 3459 3282
f 3287 3460 3285
f 3290 3461 3288
f 3293 3462 3291
f 3296 3463 3294
f 3299 3464 3297
f 3302 3465 3300
f 3305 3466 3303
f 3308 3467 3306
f 3311 3468 3309
f 3469 3430 3323
f 3126 3326 3127
f 3129 3330 3130
f 3132 3332 3133
f 3135 3334 3136
f 3138 3335 3139
f 3141 3337 3142
f 3144 3338 3145
f 3147 3341 3148
f 3150 3343 3151
f 3153 3344 3154
f 3156 3347 3157
f 3159 3348 3160
f 3162 3350 3163
f 3165 3352 3166
f 3168 3353 3169
f 3171 3355 3172
f 3174 3357 3175
f 3177 3359 3178
f 3180 3361 3181
f 3183 3363 3184
f 3186 3365 3187
f 3189 3368 3190
f 3192 3370 3193
f 3195 3372 3196
f 3198 3373 3199
f 3201 3375 3202
f 3204 3377 3205
f 3207 3379 3208
f 3210 3382 3211
f 3213 3440 3214
f 3216 3328 3217
f 3219 3319 3220
f 3222 3321 3324
f 3324 3325 3222
f 3325 3327 3222
f 3327 3329 3331
f 3331 3333 3223
f 3223 3336 3342
f 3336 3339 3342
f 3339 3340 3342
f 3342 3345 3224
f 3345 3346 3224
f 3346 3349 3224
f 3224 3351 3354
f 3354 3356 3224
f 3356 3358 3224
f 3358 3360 3366
f 3360 3362 3366
f 3362 3364 3366
f 3366 3367 3374
f 3367 3369 3374
f 3369 3371 3374
f 3374 3376 3378
f 3378 3380 3222
f 3327 3331 3222
f 3331 3223 3222
f 3374 3378 3222
f 3223 3342 3224
f 3224 3358 3366
f 3366 3374 3224
f 3374 3222 3224
f 3225 3443 3226
f 3228 3444 3229
f 3231 3445 3232
f 3234 3446 3235
f 3237 3447 3238
f 3240 3448 3241
f 3243 3449 3244
f 3246 3318 3247
f 3249 3450 3250
f 3252 3451 3253
f 3255 3452 3256
f 3258 3453 3259
f 3261 3454 3262
f 3264 3455 3265
f 3267 3456 3268
f 3270 3317 3271
f 3273 3457 3274
f 3276 3458 3277
f 3279 3459 3280
f 3282 3460 3283
f 3285 3461 3286
f 3288 3462 3289
f 3291 3463 3292
f 3294 3464 3295
f 3297 3465 3298
f 3300 3466 3301
f 3303 3467 3304
f 3306 3468 3307
f 3309 3442 3310
f 3313 3427 3215
f 3215 3214 3312
f 3214 3429 3312
f 3314 3322 3315
f 3319 3219 3440
f 3219 3441 3440
f 3441 3469 3440
f 3440 3213 3442
f 3442 3309 3468
f 3468 3306 3467
f 3467 3303 3466
f 3466 3300 3465
f 3465 3297 3466
f 3297 3464 3466
f 3464 3294 3463
f 3463 3291 3464
f 3291 3462 3464
f 3462 3288 3460
f 3288 3461 3460
f 3461 3285 3460
f 3460 3282 3458
f 3282 3459 3458
f 3459 3279 3458
f 3458 3276 3457
f 3457 3273 3458
f 3273 3317 3458
f 3317 3270 3456
f 3456 3267 3317
f 3267 3455 3317
f 3455 3264 3453
f 3264 3454 3453
f 3454 3261 3453
f 3453 3258 3451
f 3258 3452 3451
f 3452 3255 3451
f 3451 3252 3450
f 3450 3249 3451
f 3249 3318 3451
f 3318 3246 3449
f 3449 3243 3318
f 3243 3448 3318
f 3448 3240 3447
f 3447 3237 3448
f 3237 3446 3448
f 3446 3234 3444
f 3234 3445 3444
f 3445 3231 3444
f 3444 3228 3443
f 3443 3225 3319
f 3440 3442 3319
f 3442 3468 3319
f 3468 3467 3464
f 3467 3466 3464
f 3444 3443 3446
f 3443 3319 3446
f 3464 3462 3317
f 3462 3460 3317
f 3460 3458 3317
f 3317 3455 3453
f 3453 3451 3317
f 3451 3318 3317
f 3318 3448 3446
f 3319 3468 3464
f 3318 3446 3319
f 3319 3464 3317
f 3314 3470 3323
f 3323 3430 3322
f 3430 3383 3322
f 3128 3431 3221
f 3221 3220 3126
f 3220 3385 3126
f 3218 3384 3227
f 3227 3226 3216
f 3226 3386 3216
f 3131 3432 3230
f 3230 3229 3129
f 3229 3387 3129
f 3134 3471 3233
f 3233 3232 3132
f 3232 3388 3132
f 3137 3472 3236
f 3236 3235 3135
f 3235 3389 3135
f 3138 3473 3239
f 3239 3238 3335
f 3238 3390 3335
f 3143 3433 3242
f 3242 3241 3141
f 3241 3392 3141
f 3144 3391 3245
f 3245 3244 3338
f 3244 3393 3338
f 3149 3434 3248
f 3248 3247 3147
f 3247 3394 3147
f 3152 3474 3251
f 3251 3250 3150
f 3250 3396 3150
f 3153 3395 3254
f 3254 3253 3344
f 3253 3397 3344
f 3158 3435 3257
f 3257 3256 3156
f 3256 3398 3156
f 3159 3436 3260
f 3260 3259 3348
f 3259 3399 3348
f 3162 3437 3263
f 3263 3262 3350
f 3262 3400 3350
f 3167 3475 3266
f 3266 3265 3165
f 3265 3402 3165
f 3168 3401 3269
f 3269 3268 3353
f 3268 3404 3353
f 3171 3403 3272
f 3272 3271 3355
f 3271 3406 3355
f 3174 3405 3275
f 3275 3274 3357
f 3274 3408 3357
f 3177 3407 3278
f 3278 3277 3359
f 3277 3410 3359
f 3180 3409 3281
f 3281 3280 3361
f 3280 3412 3361
f 3183 3411 3284
f 3284 3283 3363
f 3283 3413 3363
f 3186 3438 3287
f 3287 3286 3365
f 3286 3414 3365
f 3191 3476 3290
f 3290 3289 3189
f 3289 3416 3189
f 3194 3415 3293
f 3293 3292 3192
f 3292 3418 3192
f 3197 3417 3296
f 3296 3295 3195
f 3295 3420 3195
f 3198 3419 3299
f 3299 3298 3373
f 3298 3422 3373
f 3201 3421 3302
f 3302 3301 3375
f 3301 3423 3375
f 3204 3477 3305
f 3305 3304 3377
f 3304 3425 3377
f 3207 3424 3308
f 3308 3307 3379
f 3307 3426 3379
f 3212 3439 3311
f 3311 3310 3210
f 3310 3428 3210
f 3320 3312 3314
f 3383 3431 3128
f 3127 3315 3322
f 3324 3321 3316
f 3384 3218 3126
f 3218 3217 3326
f 3324 3127 3326
f 3386 3432 3131
f 3130 3328 3216
f 3327 3325 3217
f 3387 3471 3134
f 3134 3133 3330
f 3329 3327 3130
f 3388 3472 3137
f 3137 3136 3332
f 3329 3133 3332
f 3389 3473 3138
f 3138 3140 3334
f 3331 3136 3334
f 3390 3433 3143
f 3142 3139 3335
f 3333 3140 3139
f 3391 3144 3141
f 3144 3146 3337
f 3223 3142 3337
f 3393 3434 3149
f 3148 3145 3338
f 3339 3336 3146
f 3394 3474 3152
f 3152 3151 3341
f 3339 3148 3341
f 3395 3153 3150
f 3155 3343 3150
f 3342 3340 3151
f 3397 3435 3158
f 3157 3154 3344
f 3342 3155 3154
f 3398 3436 3159
f 3159 3161 3347
f 3345 3157 3347
f 3399 3437 3162
f 3164 3160 3348
f 3346 3161 3160
f 3400 3475 3167
f 3167 3166 3163
f 3349 3164 3163
f 3401 3168 3165
f 3168 3170 3352
f 3224 3166 3352
f 3403 3171 3353
f 3173 3169 3353
f 3354 3351 3170
f 3405 3174 3355
f 3176 3172 3355
f 3356 3354 3173
f 3407 3177 3357
f 3179 3175 3357
f 3358 3356 3176
f 3409 3180 3359
f 3182 3178 3359
f 3360 3358 3179
f 3411 3183 3361
f 3183 3185 3181
f 3360 3182 3181
f 3413 3438 3186
f 3188 3184 3363
f 3362 3185 3184
f 3414 3476 3191
f 3191 3190 3187
f 3364 3188 3187
f 3415 3194 3189
f 3193 3368 3189
f 3366 3190 3368
f 3417 3197 3192
f 3197 3196 3370
f 3369 3367 3193
f 3419 3198 3195
f 3200 3372 3195
f 3371 3369 3196
f 3421 3201 3373
f 3203 3199 3373
f 3374 3371 3200
f 3423 3477 3204
f 3206 3202 3375
f 3376 3374 3203
f 3424 3207 3377
f 3209 3205 3377
f 3378 3376 3206
f 3426 3439 3212
f 3211 3208 3379
f 3380 3378 3209
f 3427 3313 3210
f 3313 3381 3382
f 3380 3211 3382
f 3429 3470 3314
f 3222 3381 3320
f 3312 3320 3381
f 3323 3470 3429
f 3430 3221 3431
f 3227 3384 3385
f 3226 3230 3432
f 3233 3471 3387
f 3236 3472 3388
f 3239 3473 3389
f 3238 3242 3433
f 3245 3391 3392
f 3244 3248 3434
f 3251 3474 3394
f 3250 3254 3395
f 3253 3257 3435
f 3256 3260 3436
f 3259 3263 3437
f 3266 3475 3400
f 3265 3269 3401
f 3268 3272 3403
f 3271 3275 3405
f 3278 3407 3408
f 3277 3281 3409
f 3284 3411 3412
f 3283 3287 3438
f 3290 3476 3414
f 3293 3415 3416
f 3296 3417 3418
f 3295 3299 3419
f 3298 3302 3421
f 3305 3477 3423
f 3304 3308 3424
f 3307 3311 3439
f 3215 3427 3428
f 3440 3469 3323
f 3221 3430 3441
f 3442 3213 3215
f 3227 3220 3319
f 3230 3226 3443
f 3233 3229 3444
f 3236 3232 3445
f 3239 3235 3446
f 3242 3238 3447
f 3245 3241 3448
f 3248 3244 3449
f 3251 3247 3318
f 3254 3250 3450
f 3257 3253 3451
f 3260 3256 3452
f 3263 3259 3453
f 3266 3262 3454
f 3269 3265 3455
f 3272 3268 3456
f 3275 3271 3317
f 3278 3274 3457
f 3281 3277 3458
f 3284 3280 3459
f 3287 3283 3460
f 3290 3286 3461
f 3293 3289 3462
f 3296 3292 3463
f 3299 3295 3464
f 3302 3298 3465
f 3305 3301 3466
f 3308 3304 3467
f 3311 3307 3468
f 3469 3441 3430
f 3478 3479 3480
f 3481 3482 3483
f 3484 3485 3486
f 3487 3488 3489
f 3490 3491 3492
f 3493 3494 3495
f 3496 3497 3498
f 3499 3500 3501
f 3502 3503 3504
f 3505 3506 3507
f 3508 3509 3510
f 3511 3512 3513
f 3514 3515 3516
f 3517 3518 3519
f 3520 3521 3522
f 3523 3524 3525
f 3526 3527 3528
f 3529 3530 3531
f 3532 3533 3534
f 3535 3536 3537
f 3538 3539 3540
f 3541 3542 3543
f 3544 3545 3546
f 3547 3548 3549
f 3550 3551 3552
f 3553 3554 3555
f 3556 3557 3558
f 3559 3560 3561
f 3562 3563 3564
f 3565 3566 3567
f 3568 3569 3570
f 3571 3572 3573
f 3574 3575 3576
f 3577 3578 3579
f 3580 3581 3582
f 3583 3584 3585
f 3586 3587 3588
f 3589 3590 3591
f 3592 3593 3594
f 3595 3596 3597
f 3598 3599 3600
f 3601 3602 3603
f 3604 3605 3606
f 3607 3608 3609
f 3610 3611 3612
f 3613 3614 3615
f 3616 3617 3618
f 3619 3620 3621
f 3622 3623 3624
f 3625 3626 3627
f 3628 3629 3630
f 3631 3632 3633
f 3634 3635 3636
f 3637 3638 3639
f 3640 3641 3642
f 3643 3644 3645
f 3646 3647 3648
f 3649 3650 3651
f 3652 3653 3654
f 3655 3656 3657
f 3658 3659 3660
f 3661 3662 3663
f 3664 3665 3666
f 3667 3668 3669
f 3670 3671 3672
f 3673 3674 3675
f 3676 3677 3678
f 3679 3680 3681
f 3682 3683 3684
f 3685 3686 3687
f 3688 3689 3690
f 3691 3692 3693
f 3694 3695 3696
f 3697 3698 3699
f 3700 3701 3702
f 3703 3704 3705
f 3706 3707 3708
f 3709 3710 3711
f 3712 3713 3714
f 3715 3716 3717
f 3718 3719 3720
f 3721 3722 3723
f 3724 3725 3726
f 3727 3728 3729
f 3730 3731 3732
f 3733 3734 3735
f 3736 3737 3738
f 3739 3740 3741
f 3742 3743 3744
f 3745 3746 3747
f 3748 3749 3750
f 3751 3752 3753
f 3754 3755 3756
f 3757 3758 3759
f 3760 3761 3762
f 3763 3764 3765
f 3766 3767 3768
f 3769 3770 3771
f 3772 3773 3774
f 3775 3776 3777
f 3778 3779 3780
f 3781 3782 3783
f 3784 3785 3786
f 3787 3788 3789
f 3790 3791 3792
f 3793 3794 3795
f 3796 3797 3798
f 3799 3800 3801
f 3802 3803 3804
f 3805 3806 3807
f 3808 3809 3810
f 3811 3812 3813
f 3814 3815 3816
f 3817 3818 3819
f 3820 3821 3822
f 3823 3824 3825
f 3826 3827 3828
f 3829 3830 3831
f 3832 3833 3834
f 3835 3836 3837
f 3838 3839 3840
f 3841 3842 3843
f 3844 3845 3846
f 3847 3848 3849
f 3850 3851 3852
f 3853 3854 3855
f 3856 3857 3858
f 3859 3860 3861
f 3862 3863 3864
f 3865 3866 3867
f 3865 3868 3869
f 3870 3871 3479
f 3872 3868 3870
f 3873 3872 3579
f 3866 3874 3873
f 3869 3868 3874
f 3875 3876 3877
f 3878 3879 3875
f 3880 3878 3577
f 3880 3881 3882
f 3883 3884 3885
f 3883 3886 3881
f 3887 3888 3640
f 3887 3879 3886
f 3882 3886 3879
f 3889 3890 3891
f 3889 3892 3893
f 3894 3895 3578
f 3896 3892 3894
f 3897 3896 3645
f 3890 3898 3897
f 3893 3892 3898
f 3899 3900 3574
f 3899 3901 3902
f 3903 3904 3905
f 3906 3901 3903
f 3907 3906 3643
f 3908 3909 3907
f 3910 3908 3911
f 3910 3902 3912
f 3901 3912 3902
f 3913 3914 3915
f 3913 3916 3917
f 3918 3919 3644
f 3918 3920 3916
f 3921 3922 3666
f 3914 3920 3921
f 3917 3916 3920
f 3923 3924 3481
f 3925 3926 3923
f 3927 3925 3484
f 3928 3929 3927
f 3930 3928 3664
f 3931 3932 3930
f 3933 3931 3934
f 3933 3926 3935
f 3929 3935 3926
f 3936 3937 3938
f 3936 3939 3940
f 3941 3942 3665
f 3941 3943 3939
f 3944 3945 3591
f 3937 3943 3944
f 3940 3939 3943
f 3946 3947 3486
f 3948 3949 3946
f 3950 3948 3487
f 3951 3952 3950
f 3953 3951 3589
f 3953 3954 3955
f 3956 3957 3958
f 3956 3949 3954
f 3952 3954 3949
f 3959 3960 3961
f 3959 3962 3963
f 3964 3965 3590
f 3966 3962 3964
f 3967 3966 3612
f 3960 3968 3967
f 3963 3962 3968
f 3969 3970 3489
f 3971 3972 3969
f 3973 3971 3974
f 3975 3976 3973
f 3977 3975 3610
f 3978 3979 3977
f 3980 3978 3981
f 3980 3972 3982
f 3976 3982 3972
f 3983 3984 3985
f 3983 3986 3987
f 3988 3989 3611
f 3990 3986 3988
f 3991 3990 3633
f 3984 3992 3991
f 3987 3986 3992
f 3993 3994 3490
f 3995 3996 3993
f 3997 3995 3493
f 3998 3999 3997
f 4000 3998 3631
f 4000 4001 4002
f 4003 4004 4005
f 4003 3996 4001
f 3996 4002 4001
f 4006 4007 4008
f 4006 4009 4010
f 4011 4012 3632
f 4013 4009 4011
f 4014 4013 3657
f 4007 4015 4014
f 4010 4009 4015
f 4016 4017 3495
f 4016 4018 4019
f 4020 4021 4022
f 4023 4018 4020
f 4024 4023 3655
f 4024 4025 4026
f 4027 4028 4029
f 4027 4019 4025
f 4019 4026 4025
f 4030 4031 4032
f 4030 4033 4034
f 4035 4036 3656
f 4037 4033 4035
f 4038 4037 3570
f 4031 4039 4038
f 4034 4033 4039
f 4040 4041 3496
f 4042 4043 4040
f 4044 4042 3499
f 4045 4046 4044
f 4047 4045 3568
f 4047 4048 4049
f 4050 4051 4052
f 4050 4043 4048
f 4043 4049 4048
f 4053 4054 4055
f 4053 4056 4057
f 4058 4059 3569
f 4060 4056 4058
f 4061 4060 3603
f 4054 4062 4061
f 4057 4056 4062
f 4063 4064 3501
f 4065 4066 4063
f 4067 4065 4068
f 4069 4070 4067
f 4071 4069 3601
f 4072 4073 4071
f 4074 4072 4075
f 4074 4066 4076
f 4070 4076 4066
f 4077 4078 4079
f 4077 4080 4081
f 4082 4083 3602
f 4082 4084 4080
f 4085 4086 3624
f 4078 4084 4085
f 4081 4080 4084
f 4087 4088 3502
f 4089 4090 4087
f 4091 4089 3505
f 4092 4093 4091
f 4094 4092 3622
f 4094 4095 4096
f 4097 4098 4099
f 4097 4090 4095
f 4093 4095 4090
f 4100 4101 4102
f 4100 4103 4104
f 4105 4106 3623
f 4105 4107 4103
f 4108 4109 3648
f 4101 4107 4108
f 4104 4103 4107
f 4110 4111 3507
f 4112 4113 4110
f 4114 4112 3508
f 4115 4116 4114
f 4117 4115 3646
f 4118 4119 4117
f 4120 4118 4121
f 4120 4113 4122
f 4116 4122 4113
f 4123 4124 4125
f 4123 4126 4127
f 4128 4129 3647
f 4128 4130 4126
f 4131 4132 3669
f 4124 4130 4131
f 4127 4126 4130
f 4133 4134 3510
f 4133 4135 4136
f 4137 4138 3511
f 4139 4135 4137
f 4140 4139 3667
f 4140 4141 4142
f 4143 4144 4145
f 4143 4136 4141
f 4135 4141 4136
f 4146 4147 4148
f 4146 4149 4150
f 4151 4152 3668
f 4151 4153 4149
f 4154 4155 3594
f 4147 4153 4154
f 4150 4149 4153
f 4156 4157 3513
f 4156 4158 4159
f 4160 4161 3514
f 4162 4158 4160
f 4163 4162 3592
f 4164 4165 4163
f 4166 4164 4167
f 4166 4159 4168
f 4158 4168 4159
f 4169 4170 4171
f 4169 4172 4173
f 4174 4175 3593
f 4176 4172 4174
f 4177 4176 3615
f 4170 4178 4177
f 4173 4172 4178
f 4179 4180 3516
f 4181 4182 4179
f 4183 4181 3517
f 4184 4185 4183
f 4186 4184 3613
f 4186 4187 4188
f 4189 4190 4191
f 4189 4182 4187
f 4182 4188 4187
f 4192 4193 4194
f 4192 4195 4196
f 4197 4198 3614
f 4199 4195 4197
f 4200 4199 3636
f 4193 4201 4200
f 4196 4195 4201
f 4202 4203 3519
f 4204 4205 4202
f 4206 4204 4207
f 4208 4209 4206
f 4210 4208 3634
f 4211 4212 4210
f 4213 4211 4214
f 4213 4205 4215
f 4209 4215 4205
f 4216 4217 4218
f 4216 4219 4220
f 4221 4222 3635
f 4221 4223 4219
f 4224 4225 3660
f 4217 4223 4224
f 4220 4219 4223
f 4226 4227 3520
f 4226 4228 4229
f 4230 4231 3523
f 4232 4228 4230
f 4233 4232 3658
f 4233 4234 4235
f 4236 4237 4238
f 4236 4229 4234
f 4228 4234 4229
f 4239 4240 4241
f 4239 4242 4243
f 4244 4245 3659
f 4246 4242 4244
f 4247 4246 3585
f 4240 4248 4247
f 4243 4242 4248
f 4249 4250 3525
f 4251 4252 4249
f 4253 4251 4254
f 4255 4256 4253
f 4257 4255 3583
f 4257 4258 4259
f 4260 4261 4262
f 4260 4252 4258
f 4256 4258 4252
f 4263 4264 4265
f 4263 4266 4267
f 4268 4269 3584
f 4270 4266 4268
f 4271 4270 3606
f 4264 4272 4271
f 4267 4266 4272
f 4273 4274 3526
f 4273 4275 4276
f 4277 4278 4279
f 4280 4275 4277
f 4281 4280 3604
f 4282 4283 4281
f 4284 4282 4285
f 4284 4276 4286
f 4276 4283 4286
f 4287 4288 4289
f 4287 4290 4291
f 4292 4293 3605
f 4292 4294 4290
f 4295 4296 3627
f 4288 4294 4295
f 4291 4290 4294
f 4297 4298 3529
f 4297 4299 4300
f 4301 4302 3532
f 4303 4299 4301
f 4304 4303 3625
f 4304 4305 4306
f 4307 4308 4309
f 4307 4300 4305
f 4300 4306 4305
f 4310 4311 4312
f 4310 4313 4314
f 4315 4316 3626
f 4315 4317 4313
f 4318 4319 3651
f 4311 4317 4318
f 4314 4313 4317
f 4320 4321 3534
f 4322 4323 4320
f 4324 4322 4325
f 4326 4327 4324
f 4328 4326 3649
f 4328 4329 4330
f 4331 4332 4333
f 4331 4323 4329
f 4323 4330 4329
f 4334 4335 4336
f 4334 4337 4338
f 4339 4340 3650
f 4341 4337 4339
f 4342 4341 3672
f 4335 4343 4342
f 4338 4337 4343
f 4344 4345 3535
f 4344 4346 4347
f 4348 4349 3538
f 4350 4346 4348
f 4351 4350 3670
f 4351 4352 4353
f 4354 4355 4356
f 4354 4347 4352
f 4346 4352 4347
f 4357 4358 4359
f 4357 4360 4361
f 4362 4363 3671
f 4364 4360 4362
f 4365 4364 3597
f 4358 4366 4365
f 4361 4360 4366
f 4367 4368 3540
f 4369 4370 4367
f 4371 4369 3541
f 4372 4373 4371
f 4374 4372 3595
f 4375 4376 4374
f 4377 4375 4378
f 4377 4370 4379
f 4370 4376 4379
f 4380 4381 4382
f 4380 4383 4384
f 4385 4386 3596
f 4387 4383 4385
f 4388 4387 3618
f 4381 4389 4388
f 4384 4383 4389
f 4390 4391 3543
f 4392 4393 4390
f 4394 4392 4395
f 4396 4397 4394
f 4398 4396 3616
f 4398 4399 4400
f 4401 4402 4403
f 4401 4393 4399
f 4393 4400 4399
f 4404 4405 4406
f 4404 4407 4408
f 4409 4410 3617
f 4409 4411 4407
f 4412 4413 3639
f 4405 4411 4412
f 4408 4407 4411
f 4414 4415 3544
f 4416 4417 4414
f 4418 4416 4419
f 4420 4421 4418
f 4422 4420 3637
f 4422 4423 4424
f 4425 4426 4427
f 4425 4417 4423
f 4421 4423 4417
f 4428 4429 4430
f 4428 4431 4432
f 4433 4434 3638
f 4435 4431 4433
f 4436 4435 3663
f 4429 4437 4436
f 4432 4431 4437
f 4438 4439 3547
f 4438 4440 4441
f 4442 4443 4444
f 4445 4440 4442
f 4446 4445 3661
f 4446 4447 4448
f 4449 4450 4451
f 4449 4441 4447
f 4441 4448 4447
f 4452 4453 4454
f 4452 4455 4456
f 4457 4458 3662
f 4457 4459 4455
f 4460 4461 3588
f 4453 4459 4460
f 4456 4455 4459
f 4462 4463 3550
f 4462 4464 4465
f 4466 4467 4468
f 4469 4464 4466
f 4470 4469 3586
f 4471 4472 4470
f 4473 4471 4474
f 4473 4465 4475
f 4465 4472 4475
f 4476 4477 4478
f 4476 4479 4480
f 4481 4482 3587
f 4483 4479 4481
f 4484 4483 3609
f 4477 4485 4484
f 4480 4479 4485
f 4486 4487 3553
f 4486 4488 4489
f 4490 4491 3556
f 4492 4488 4490
f 4493 4492 3607
f 4494 4495 4493
f 4496 4494 4497
f 4496 4489 4498
f 4489 4495 4498
f 4499 4500 4501
f 4499 4502 4503
f 4504 4505 3608
f 4506 4502 4504
f 4507 4506 3630
f 4500 4508 4507
f 4503 4502 4508
f 4509 4510 3558
f 4511 4512 4509
f 4513 4511 3559
f 4514 4515 4513
f 4516 4514 3628
f 4516 4517 4518
f 4519 4520 4521
f 4519 4512 4517
f 4512 4518 4517
f 4522 4523 4524
f 4522 4525 4526
f 4527 4528 3629
f 4527 4529 4525
f 4530 4531 3654
f 4523 4529 4530
f 4526 4525 4529
f 4532 4533 3561
f 4532 4534 4535
f 4536 4537 4538
f 4539 4534 4536
f 4540 4539 3652
f 4540 4541 4542
f 4543 4544 4545
f 4543 4535 4541
f 4535 4542 4541
f 4546 4547 4548
f 4546 4549 4550
f 4551 4552 3653
f 4551 4553 4549
f 4554 4555 3675
f 4547 4553 4554
f 4550 4549 4553
f 4556 4557 3562
f 4558 4559 4556
f 4560 4558 4561
f 4562 4563 4560
f 4564 4562 3673
f 4565 4566 4564
f 4567 4565 4568
f 4567 4559 4569
f 4563 4569 4559
f 4570 4571 4572
f 4570 4573 4574
f 4575 4576 3674
f 4577 4573 4575
f 4578 4577 3600
f 4571 4579 4578
f 4574 4573 4579
f 4580 4581 3565
f 4582 4583 4580
f 4584 4582 3571
f 4585 4586 4584
f 4587 4585 3598
f 4587 4588 4589
f 4590 4591 4592
f 4590 4583 4588
f 4583 4589 4588
f 4593 4594 4595
f 4593 4596 4597
f 4598 4599 3599
f 4598 4600 4596
f 4601 4602 3480
f 4594 4600 4601
f 4597 4596 4600
f 4603 4604 3573
f 4605 4606 4603
f 4607 4605 4608
f 4609 4610 4607
f 4611 4609 3478
f 4612 4613 4611
f 4614 4612 4615
f 4614 4606 4616
f 4610 4616 4606
f 4617 4618 3619
f 4619 4620 4617
f 4621 4619 3575
f 4622 4623 4621
f 4624 4622 3642
f 4624 4625 4626
f 4627 4628 3738
f 4618 4625 4627
f 4620 4626 4625
f 4629 4630 3621
f 4631 4632 4629
f 4633 4631 3679
f 4634 4635 4633
f 4636 4634 3482
f 4636 4637 4638
f 4639 4640 3576
f 4639 4632 4637
f 4635 4637 4632
f 4641 4642 3681
f 4641 4643 4644
f 4645 4646 3745
f 4647 4643 4645
f 4648 4647 4649
f 4648 4650 4651
f 4652 4653 3483
f 4652 4644 4650
f 4644 4651 4650
f 4654 4655 3747
f 4654 4656 4657
f 4658 4659 3754
f 4660 4656 4658
f 4661 4660 4662
f 4661 4663 4664
f 4665 4666 3485
f 4665 4657 4663
f 4657 4664 4663
f 4667 4668 3756
f 4669 4670 4667
f 4671 4669 3763
f 4672 4673 4671
f 4674 4672 3491
f 4675 4676 4674
f 4677 4675 3488
f 4677 4670 4678
f 4673 4678 4670
f 4679 4680 3765
f 4679 4681 4682
f 4683 4684 3676
f 4685 4681 4683
f 4686 4685 4687
f 4688 4689 4686
f 4690 4688 3492
f 4690 4682 4691
f 4681 4691 4682
f 4692 4693 3678
f 4692 4694 4695
f 4696 4697 3685
f 4698 4694 4696
f 4699 4698 3497
f 4700 4701 4699
f 4702 4700 3494
f 4702 4695 4703
f 4695 4701 4703
f 4704 4705 3687
f 4706 4707 4704
f 4708 4706 3691
f 4709 4710 4708
f 4711 4709 4712
f 4713 4714 4711
f 4715 4713 3498
f 4715 4707 4716
f 4710 4716 4707
f 4717 4718 3693
f 4719 4720 4717
f 4721 4719 4722
f 4723 4724 4721
f 4725 4723 3503
f 4726 4727 4725
f 4728 4726 3500
f 4728 4720 4729
f 4724 4729 4720
f 4730 4731 3697
f 4732 4733 4730
f 4734 4732 3703
f 4735 4736 4734
f 4737 4735 4738
f 4739 4740 4737
f 4741 4739 3504
f 4741 4733 4742
f 4736 4742 4733
f 4743 4744 3705
f 4743 4745 4746
f 4747 4748 3709
f 4749 4745 4747
f 4750 4749 4751
f 4750 4752 4753
f 4754 4755 3506
f 4754 4746 4752
f 4746 4753 4752
f 4756 4757 3711
f 4758 4759 4756
f 4760 4758 3715
f 4761 4762 4760
f 4763 4761 4764
f 4763 4765 4766
f 4767 4768 3509
f 4767 4759 4765
f 4762 4765 4759
f 4769 4770 3717
f 4769 4771 4772
f 4773 4774 3721
f 4775 4771 4773
f 4776 4775 4777
f 4778 4779 4776
f 4780 4778 3512
f 4780 4772 4781
f 4771 4781 4772
f 4782 4783 3723
f 4784 4785 4782
f 4786 4784 3727
f 4787 4788 4786
f 4789 4787 4790
f 4789 4791 4792
f 4793 4794 3515
f 4793 4785 4791
f 4788 4791 4785
f 4795 4796 3729
f 4795 4797 4798
f 4799 4800 3733
f 4801 4797 4799
f 4802 4801 3521
f 4802 4803 4804
f 4805 4806 3518
f 4805 4798 4803
f 4798 4804 4803
f 4807 4808 3735
f 4807 4809 4810
f 4811 4812 3742
f 4813 4809 4811
f 4814 4813 4815
f 4814 4816 4817
f 4818 4819 3522
f 4818 4810 4816
f 4809 4816 4810
f 4820 4821 3744
f 4822 4823 4820
f 4824 4822 3751
f 4825 4826 4824
f 4827 4825 3527
f 4828 4829 4827
f 4830 4828 3524
f 4830 4823 4831
f 4826 4831 4823
f 4832 4833 3753
f 4834 4835 4832
f 4836 4834 3760
f 4837 4838 4836
f 4839 4837 3530
f 4840 4841 4839
f 4842 4840 3528
f 4842 4835 4843
f 4838 4843 4835
f 4844 4845 3762
f 4846 4847 4844
f 4848 4846 3580
f 4849 4850 4848
f 4851 4849 4852
f 4851 4853 4854
f 4855 4856 3531
f 4855 4847 4853
f 4850 4853 4847
f 4857 4858 3582
f 4859 4860 4857
f 4861 4859 3682
f 4862 4863 4861
f 4864 4862 3536
f 4865 4866 4864
f 4867 4865 3533
f 4867 4860 4868
f 4863 4868 4860
f 4869 4870 3684
f 4869 4871 4872
f 4873 4874 3688
f 4875 4871 4873
f 4876 4875 4877
f 4878 4879 4876
f 4880 4878 3537
f 4880 4872 4881
f 4871 4881 4872
f 4882 4883 3690
f 4882 4884 4885
f 4886 4887 3694
f 4888 4884 4886
f 4889 4888 4890
f 4889 4891 4892
f 4893 4894 3539
f 4893 4885 4891
f 4885 4892 4891
f 4895 4896 3696
f 4895 4897 4898
f 4899 4900 4901
f 4902 4897 4899
f 4903 4902 3545
f 4903 4904 4905
f 4906 4907 3542
f 4906 4898 4904
f 4897 4904 4898
f 4908 4909 3700
f 4910 4911 4908
f 4912 4910 4913
f 4914 4915 4912
f 4916 4914 3548
f 4916 4917 4918
f 4919 4920 3546
f 4919 4911 4917
f 4911 4918 4917
f 4921 4922 3706
f 4921 4923 4924
f 4925 4926 3712
f 4927 4923 4925
f 4928 4927 3551
f 4928 4929 4930
f 4931 4932 3549
f 4931 4924 4929
f 4924 4930 4929
f 4933 4934 3714
f 4935 4936 4933
f 4937 4935 3718
f 4938 4939 4937
f 4940 4938 3554
f 4941 4942 4940
f 4943 4941 3552
f 4943 4936 4944
f 4939 4944 4936
f 4945 4946 3720
f 4945 4947 4948
f 4949 4950 3724
f 4951 4947 4949
f 4952 4951 4953
f 4952 4954 4955
f 4956 4957 3555
f 4956 4948 4954
f 4948 4955 4954
f 4958 4959 3726
f 4960 4961 4958
f 4962 4960 3730
f 4963 4964 4962
f 4965 4963 4966
f 4967 4968 4965
f 4969 4967 3557
f 4969 4961 4970
f 4964 4970 4961
f 4971 4972 3732
f 4973 4974 4971
f 4975 4973 3739
f 4976 4977 4975
f 4978 4976 3563
f 4978 4979 4980
f 4981 4982 3560
f 4981 4974 4979
f 4977 4979 4974
f 4983 4984 3741
f 4985 4986 4983
f 4987 4985 3748
f 4988 4989 4987
f 4990 4988 3566
f 4991 4992 4990
f 4993 4991 3564
f 4993 4986 4994
f 4989 4994 4986
f 4995 4996 3750
f 4997 4998 4995
f 4999 4997 3757
f 5000 5001 4999
f 5002 5000 5003
f 5004 5005 5002
f 5006 5004 3567
f 5006 4998 5007
f 5001 5007 4998
f 5008 5009 3759
f 5010 5011 5008
f 5012 5010 3736
f 5013 5014 5012
f 5015 5013 3641
f 5016 5017 5015
f 5018 5016 3572
f 5018 5011 5019
f 5014 5019 5011
f 5020 5021 5022
f 5020 5023 5024
f 5025 5026 5027
f 5025 5028 5023
f 5029 5030 3737
f 5031 5028 5029
f 5032 5031 5033
f 5021 5034 5032
f 5024 5028 5034
f 5035 5036 5037
f 5038 5039 5035
f 5040 5038 5041
f 5040 5042 5043
f 5044 5045 5046
f 5044 5047 5042
f 5048 5049 3620
f 5036 5047 5048
f 5039 5042 5047
f 5050 5051 5052
f 5053 5054 5050
f 5055 5053 5056
f 5055 5057 5058
f 5059 5060 5061
f 5062 5057 5059
f 5063 5062 3680
f 5051 5064 5063
f 5058 5064 5054
f 5065 5066 5067
f 5068 5069 5065
f 5070 5068 5071
f 5070 5072 5073
f 5074 5075 5076
f 5074 5077 5072
f 5078 5079 3746
f 5066 5077 5078
f 5069 5072 5077
f 5080 5081 5082
f 5083 5084 5080
f 5085 5083 5086
f 5085 5087 5088
f 5089 5090 5091
f 5089 5092 5087
f 5093 5094 3755
f 5081 5092 5093
f 5084 5087 5092
f 5095 5096 5097
f 5095 5098 5099
f 5100 5101 5102
f 5100 5103 5098
f 5104 5105 5106
f 5104 5107 5103
f 5108 5109 3764
f 5096 5107 5108
f 5099 5103 5107
f 5110 5111 5112
f 5110 5113 5114
f 5115 5116 5117
f 5115 5118 5113
f 5119 5120 5121
f 5119 5122 5118
f 5123 5124 3677
f 5111 5122 5123
f 5114 5118 5122
f 5125 5126 5127
f 5128 5129 5125
f 5130 5128 5131
f 5130 5132 5133
f 5134 5135 5136
f 5134 5137 5132
f 5138 5139 3686
f 5126 5137 5138
f 5133 5137 5129
f 5140 5141 5142
f 5143 5144 5140
f 5145 5143 5146
f 5145 5147 5148
f 5149 5150 3698
f 5149 5151 5147
f 5152 5153 3692
f 5141 5151 5152
f 5148 5151 5144
f 5154 5155 5156
f 5157 5158 5154
f 5159 5157 5160
f 5159 5161 5162
f 5163 5164 5165
f 5163 5166 5161
f 5167 5168 3699
f 5155 5166 5167
f 5162 5166 5158
f 5169 5170 5171
f 5172 5173 5169
f 5174 5172 5175
f 5174 5176 5177
f 5178 5179 5180
f 5178 5181 5176
f 5182 5183 3704
f 5170 5181 5182
f 5173 5176 5181
f 5184 5185 5186
f 5187 5188 5184
f 5189 5187 5190
f 5189 5191 5192
f 5193 5194 5195
f 5196 5191 5193
f 5197 5196 3710
f 5185 5198 5197
f 5192 5198 5188
f 5199 5200 5201
f 5202 5203 5199
f 5204 5202 5205
f 5204 5206 5207
f 5208 5209 5210
f 5208 5211 5206
f 5212 5213 3716
f 5200 5211 5212
f 5203 5206 5211
f 5214 5215 5216
f 5214 5217 5218
f 5219 5220 5221
f 5219 5222 5217
f 5223 5224 5225
f 5223 5226 5222
f 5227 5228 3722
f 5215 5226 5227
f 5218 5222 5226
f 5229 5230 5231
f 5229 5232 5233
f 5234 5235 5236
f 5234 5237 5232
f 5238 5239 5240
f 5238 5241 5237
f 5242 5243 3728
f 5230 5241 5242
f 5233 5237 5241
f 5244 5245 5246
f 5244 5247 5248
f 5249 5250 5251
f 5249 5252 5247
f 5253 5254 5255
f 5256 5252 5253
f 5257 5256 3734
f 5245 5258 5257
f 5248 5252 5258
f 5259 5260 5261
f 5259 5262 5263
f 5264 5265 5266
f 5264 5267 5262
f 5268 5269 5270
f 5268 5271 5267
f 5272 5273 3743
f 5260 5271 5272
f 5263 5267 5271
f 5274 5275 5276
f 5274 5277 5278
f 5279 5280 5281
f 5279 5282 5277
f 5283 5284 5285
f 5286 5282 5283
f 5287 5286 3752
f 5275 5288 5287
f 5278 5282 5288
f 5289 5290 5291
f 5289 5292 5293
f 5294 5295 5296
f 5294 5297 5292
f 5298 5299 5300
f 5301 5297 5298
f 5302 5301 3761
f 5290 5303 5302
f 5292 5303 5293
f 5304 5305 5306
f 5304 5307 5308
f 5309 5310 5311
f 5309 5312 5307
f 5313 5314 5315
f 5313 5316 5312
f 5317 5318 3581
f 5305 5316 5317
f 5308 5312 5316
f 5319 5320 5321
f 5319 5322 5323
f 5324 5325 5326
f 5324 5327 5322
f 5328 5329 5330
f 5328 5331 5327
f 5332 5333 3683
f 5320 5331 5332
f 5323 5327 5331
f 5334 5335 5336
f 5334 5337 5338
f 5339 5340 5341
f 5339 5342 5337
f 5343 5344 5345
f 5343 5346 5342
f 5347 5348 3689
f 5335 5346 5347
f 5338 5342 5346
f 5349 5350 5351
f 5349 5352 5353
f 5354 5355 5356
f 5354 5357 5352
f 5358 5359 3701
f 5358 5360 5357
f 5361 5362 3695
f 5350 5360 5361
f 5353 5357 5360
f 5363 5364 5365
f 5366 5367 5363
f 5368 5366 5369
f 5368 5370 5371
f 5372 5373 3707
f 5374 5370 5372
f 5375 5374 3702
f 5364 5376 5375
f 5371 5376 5367
f 5377 5378 5379
f 5377 5380 5381
f 5382 5383 5384
f 5382 5385 5380
f 5386 5387 5388
f 5386 5389 5385
f 5390 5391 3708
f 5378 5389 5390
f 5381 5385 5389
f 5392 5393 5394
f 5395 5396 5392
f 5397 5395 5398
f 5397 5399 5400
f 5401 5402 5403
f 5404 5399 5401
f 5405 5404 3713
f 5393 5406 5405
f 5400 5406 5396
f 5407 5408 5409
f 5410 5411 5407
f 5412 5410 5413
f 5412 5414 5415
f 5416 5417 5418
f 5416 5419 5414
f 5420 5421 3719
f 5408 5419 5420
f 5411 5414 5419
f 5422 5423 5424
f 5422 5425 5426
f 5427 5428 5429
f 5427 5430 5425
f 5431 5432 5433
f 5431 5434 5430
f 5435 5436 3725
f 5423 5434 5435
f 5426 5430 5434
f 5437 5438 5439
f 5437 5440 5441
f 5442 5443 5444
f 5442 5445 5440
f 5446 5447 5448
f 5446 5449 5445
f 5450 5451 3731
f 5438 5449 5450
f 5441 5445 5449
f 5452 5453 5454
f 5452 5455 5456
f 5457 5458 5459
f 5457 5460 5455
f 5461 5462 5463
f 5464 5460 5461
f 5465 5464 3740
f 5453 5466 5465
f 5455 5466 5456
f 5467 5468 5469
f 5470 5471 5467
f 5472 5470 5473
f 5472 5474 5475
f 5476 5477 5478
f 5476 5479 5474
f 5480 5481 3749
f 5468 5479 5480
f 5471 5474 5479
f 5482 5483 5484
f 5482 5485 5486
f 5487 5488 5489
f 5487 5490 5485
f 5491 5492 5493
f 5494 5490 5491
f 5495 5494 3758
f 5483 5496 5495
f 5486 5490 5496
f 5497 5498 3769
f 5497 5499 5500
f 5021 5501 5022
f 5032 5499 5021
f 5502 5032 5033
f 5503 5504 5502
f 5505 5503 3795
f 5498 5506 5505
f 5500 5504 5506
f 5507 5508 3771
f 5507 5509 5510
f 5511 5512 3832
f 5511 5513 5509
f 5038 5514 5041
f 5035 5513 5038
f 5515 5035 5037
f 5508 5516 5515
f 5509 5516 5510
f 5517 5518 3834
f 5517 5519 5520
f 5521 5522 3802
f 5521 5523 5519
f 5053 5524 5056
f 5053 5525 5523
f 5526 5050 5052
f 5518 5525 5526
f 5520 5523 5525
f 5527 5528 3804
f 5529 5530 5527
f 5531 5529 3811
f 5531 5532 5533
f 5068 5534 5071
f 5065 5532 5068
f 5535 5065 5067
f 5528 5536 5535
f 5533 5536 5530
f 5537 5538 3813
f 5539 5540 5537
f 5541 5539 3820
f 5541 5542 5543
f 5083 5544 5086
f 5083 5545 5542
f 5546 5080 5082
f 5538 5545 5546
f 5540 5542 5545
f 5547 5548 3822
f 5547 5549 5550
f 5551 5552 3829
f 5551 5553 5549
f 5101 5554 5102
f 5101 5555 5553
f 5556 5095 5097
f 5548 5555 5556
f 5550 5553 5555
f 5557 5558 3831
f 5557 5559 5560
f 5561 5562 3838
f 5561 5563 5559
f 5116 5564 5117
f 5110 5563 5116
f 5565 5110 5112
f 5558 5566 5565
f 5559 5566 5560
f 5567 5568 3840
f 5569 5570 5567
f 5571 5569 3844
f 5571 5572 5573
f 5128 5574 5131
f 5125 5572 5128
f 5575 5125 5127
f 5568 5576 5575
f 5573 5576 5570
f 5577 5578 3846
f 5579 5580 5577
f 5581 5579 3850
f 5581 5582 5583
f 5143 5584 5146
f 5140 5582 5143
f 5585 5140 5142
f 5578 5586 5585
f 5583 5586 5580
f 5587 5588 3852
f 5587 5589 5590
f 5591 5592 3856
f 5591 5593 5589
f 5157 5594 5160
f 5154 5593 5157
f 5595 5154 5156
f 5588 5596 5595
f 5589 5596 5590
f 5597 5598 3858
f 5597 5599 5600
f 5601 5602 3862
f 5601 5603 5599
f 5172 5604 5175
f 5172 5605 5603
f 5606 5169 5171
f 5598 5605 5606
f 5600 5603 5605
f 5607 5608 3864
f 5609 5610 5607
f 5611 5609 3772
f 5611 5612 5613
f 5187 5614 5190
f 5184 5612 5187
f 5615 5184 5186
f 5608 5616 5615
f 5613 5616 5610
f 5617 5618 3774
f 5617 5619 5620
f 5621 5622 3778
f 5621 5623 5619
f 5202 5624 5205
f 5199 5623 5202
f 5625 5199 5201
f 5618 5626 5625
f 5620 5623 5626
f 5627 5628 3780
f 5629 5630 5627
f 5631 5629 3784
f 5631 5632 5633
f 5220 5634 5221
f 5220 5635 5632
f 5636 5214 5216
f 5628 5635 5636
f 5633 5635 5630
f 5637 5638 3786
f 5637 5639 5640
f 5641 5642 3790
f 5641 5643 5639
f 5235 5644 5236
f 5235 5645 5643
f 5646 5229 5231
f 5638 5645 5646
f 5640 5643 5645
f 5647 5648 3792
f 5649 5650 5647
f 5651 5649 3799
f 5651 5652 5653
f 5250 5654 5251
f 5250 5655 5652
f 5656 5244 5246
f 5648 5655 5656
f 5653 5655 5650
f 5657 5658 3801
f 5659 5660 5657
f 5661 5659 3808
f 5661 5662 5663
f 5265 5664 5266
f 5259 5662 5265
f 5665 5259 5261
f 5658 5666 5665
f 5660 5662 5666
f 5667 5668 3810
f 5669 5670 5667
f 5671 5669 3817
f 5671 5672 5673
f 5280 5674 5281
f 5274 5672 5280
f 5675 5274 5276
f 5668 5676 5675
f 5670 5672 5676
f 5677 5678 3819
f 5677 5679 5680
f 5681 5682 3826
f 5681 5683 5679
f 5295 5684 5296
f 5289 5683 5295
f 5685 5289 5291
f 5678 5686 5685
f 5679 5686 5680
f 5687 5688 3828
f 5689 5690 5687
f 5691 5689 3835
f 5691 5692 5693
f 5310 5694 5311
f 5310 5695 5692
f 5696 5304 5306
f 5688 5695 5696
f 5693 5695 5690
f 5697 5698 3837
f 5699 5700 5697
f 5701 5699 3841
f 5701 5702 5703
f 5325 5704 5326
f 5319 5702 5325
f 5705 5319 5321
f 5698 5706 5705
f 5703 5706 5700
f 5707 5708 3843
f 5709 5710 5707
f 5711 5709 3847
f 5711 5712 5713
f 5340 5714 5341
f 5340 5715 5712
f 5716 5334 5336
f 5708 5715 5716
f 5713 5715 5710
f 5717 5718 3849
f 5719 5720 5717
f 5721 5719 3853
f 5721 5722 5723
f 5355 5724 5356
f 5349 5722 5355
f 5725 5349 5351
f 5718 5726 5725
f 5723 5726 5720
f 5727 5728 3855
f 5729 5730 5727
f 5731 5729 3859
f 5731 5732 5733
f 5366 5734 5369
f 5366 5735 5732
f 5736 5363 5365
f 5728 5735 5736
f 5733 5735 5730
f 5737 5738 3861
f 5737 5739 5740
f 5741 5742 3766
f 5741 5743 5739
f 5383 5744 5384
f 5377 5743 5383
f 5745 5377 5379
f 5738 5746 5745
f 5740 5743 5746
f 5747 5748 3768
f 5747 5749 5750
f 5751 5752 3775
f 5751 5753 5749
f 5395 5754 5398
f 5392 5753 5395
f 5755 5392 5394
f 5748 5756 5755
f 5750 5753 5756
f 5757 5758 3777
f 5759 5760 5757
f 5761 5759 3781
f 5761 5762 5763
f 5410 5764 5413
f 5407 5762 5410
f 5765 5407 5409
f 5758 5766 5765
f 5763 5766 5760
f 5767 5768 3783
f 5767 5769 5770
f 5771 5772 3787
f 5771 5773 5769
f 5428 5774 5429
f 5422 5773 5428
f 5775 5422 5424
f 5768 5776 5775
f 5769 5776 5770
f 5777 5778 3789
f 5777 5779 5780
f 5781 5782 3796
f 5781 5783 5779
f 5443 5784 5444
f 5443 5785 5783
f 5786 5437 5439
f 5778 5785 5786
f 5780 5783 5785
f 5787 5788 3798
f 5789 5790 5787
f 5791 5789 3805
f 5791 5792 5793
f 5458 5794 5459
f 5452 5792 5458
f 5795 5452 5454
f 5788 5796 5795
f 5793 5796 5790
f 5797 5798 3807
f 5799 5800 5797
f 5801 5799 3814
f 5801 5802 5803
f 5470 5804 5473
f 5467 5802 5470
f 5805 5467 5469
f 5798 5806 5805
f 5803 5806 5800
f 5807 5808 3816
f 5809 5810 5807
f 5811 5809 3793
f 5811 5812 5813
f 5488 5814 5489
f 5482 5812 5488
f 5815 5482 5484
f 5808 5816 5815
f 5813 5816 5810
f 5817 5818 5819
f 5820 5821 5817
f 5822 5820 3794
f 5823 5824 5822
f 5825 5823 5826
f 5825 5821 5827
f 5821 5824 5827
f 5828 5829 3770
f 5830 5831 5828
f 5832 5830 5833
f 5832 5834 5835
f 5836 5837 5838
f 5836 5831 5834
f 5831 5835 5834
f 5839 5840 3833
f 5841 5842 5839
f 5843 5841 3825
f 5843 5844 5845
f 5846 5847 5848
f 5840 5844 5846
f 5842 5845 5844
f 5849 5850 3803
f 5851 5852 5849
f 5853 5851 5854
f 5853 5855 5856
f 5857 5858 5859
f 5850 5855 5857
f 5852 5856 5855
f 5860 5861 3812
f 5862 5863 5860
f 5864 5862 5865
f 5864 5866 5867
f 5868 5869 5870
f 5868 5863 5866
f 5863 5867 5866
f 5871 5872 3821
f 5873 5874 5871
f 5875 5873 5876
f 5875 5877 5878
f 5879 5880 5881
f 5872 5877 5879
f 5874 5878 5877
f 5882 5883 3830
f 5884 5885 5882
f 5886 5884 5887
f 5886 5888 5889
f 5890 5891 5892
f 5890 5885 5888
f 5885 5889 5888
f 5893 5894 3839
f 5895 5896 5893
f 5897 5895 5898
f 5897 5899 5900
f 5901 5902 5903
f 5894 5899 5901
f 5896 5900 5899
f 5904 5905 3845
f 5906 5907 5904
f 5908 5906 5909
f 5908 5910 5911
f 5912 5913 5914
f 5912 5907 5910
f 5907 5911 5910
f 5915 5916 3851
f 5917 5918 5915
f 5919 5917 5920
f 5919 5921 5922
f 5923 5924 5925
f 5916 5921 5923
f 5918 5922 5921
f 5926 5927 3857
f 5928 5929 5926
f 5930 5928 3824
f 5930 5931 5932
f 5933 5934 5935
f 5927 5931 5933
f 5929 5932 5931
f 5936 5937 3863
f 5938 5939 5936
f 5940 5938 5941
f 5940 5942 5943
f 5944 5945 5946
f 5944 5939 5942
f 5939 5943 5942
f 5947 5948 3773
f 5949 5950 5947
f 5951 5949 5952
f 5951 5953 5954
f 5955 5956 5957
f 5948 5953 5955
f 5950 5954 5953
f 5958 5959 3779
f 5960 5961 5958
f 5962 5960 5963
f 5962 5964 5965
f 5966 5967 5968
f 5966 5961 5964
f 5961 5965 5964
f 5969 5970 3785
f 5971 5972 5969
f 5973 5971 5974
f 5973 5975 5976
f 5977 5978 5979
f 5977 5972 5975
f 5972 5976 5975
f 5980 5981 3791
f 5982 5983 5980
f 5984 5982 5985
f 5984 5986 5987
f 5988 5989 5990
f 5981 5986 5988
f 5983 5987 5986
f 5991 5992 3800
f 5993 5994 5991
f 5995 5993 5996
f 5995 5997 5998
f 5999 6000 6001
f 5992 5997 5999
f 5994 5998 5997
f 6002 6003 3809
f 6004 6005 6002
f 6006 6004 6007
f 6006 6008 6009
f 6010 6011 6012
f 6003 6008 6010
f 6005 6009 6008
f 6013 6014 3818
f 6015 6016 6013
f 6017 6015 3823
f 6017 6018 6019
f 6020 6021 6022
f 6014 6018 6020
f 6016 6019 6018
f 6023 6024 3827
f 6025 6026 6023
f 6027 6025 6028
f 6027 6029 6030
f 6031 6032 6033
f 6024 6029 6031
f 6026 6030 6029
f 6034 6035 3836
f 6036 6037 6034
f 6038 6036 6039
f 6038 6040 6041
f 6042 6043 6044
f 6035 6040 6042
f 6037 6041 6040
f 6045 6046 3842
f 6047 6048 6045
f 6049 6047 6050
f 6049 6051 6052
f 6053 6054 6055
f 6046 6051 6053
f 6048 6052 6051
f 6056 6057 3848
f 6058 6059 6056
f 6060 6058 6061
f 6060 6062 6063
f 6064 6065 6066
f 6064 6059 6062
f 6059 6063 6062
f 6067 6068 3854
f 6069 6070 6067
f 6071 6069 6072
f 6071 6073 6074
f 6075 6076 6077
f 6075 6070 6073
f 6070 6074 6073
f 6078 6079 3860
f 6080 6081 6078
f 6082 6080 6083
f 6082 6084 6085
f 6086 6087 6088
f 6086 6081 6084
f 6081 6085 6084
f 6089 6090 3767
f 6091 6092 6089
f 6093 6091 6094
f 6093 6095 6096
f 6097 6098 6099
f 6090 6095 6097
f 6092 6096 6095
f 6100 6101 3776
f 6102 6103 6100
f 6104 6102 6105
f 6104 6106 6107
f 6108 6109 6110
f 6101 6106 6108
f 6103 6107 6106
f 6111 6112 3782
f 6113 6114 6111
f 6115 6113 6116
f 6115 6117 6118
f 6119 6120 6121
f 6112 6117 6119
f 6114 6118 6117
f 6122 6123 3788
f 6124 6125 6122
f 6126 6124 6127
f 6126 6128 6129
f 6130 6131 6132
f 6130 6125 6128
f 6125 6129 6128
f 6133 6134 3797
f 6135 6136 6133
f 6137 6135 6138
f 6137 6139 6140
f 6141 6142 6143
f 6134 6139 6141
f 6136 6140 6139
f 6144 6145 3806
f 6146 6147 6144
f 6148 6146 6149
f 6148 6150 6151
f 6152 6153 6154
f 6145 6150 6152
f 6147 6151 6150
f 6155 6156 3815
f 6157 6158 6155
f 6159 6157 6160
f 6159 6161 6162
f 6163 6164 6165
f 6163 6158 6161
f 6158 6162 6161
f 3578 3873 3579
f 3895 3866 3873
f 3889 3867 3866
f 3577 3910 3911
f 3878 3900 3910
f 3875 3574 3900
f 3885 3870 3479
f 3884 3872 3870
f 3880 3579 3872
f 3645 3907 3643
f 3896 3908 3907
f 3908 3578 3911
f 3644 3897 3645
f 3919 3890 3897
f 3890 3915 3891
f 3643 3933 3934
f 3933 3903 3924
f 3903 3481 3924
f 3666 3930 3664
f 3922 3931 3930
f 3918 3934 3931
f 3666 3942 3921
f 3921 3936 3914
f 3914 3938 3915
f 3664 3956 3958
f 3928 3947 3956
f 3927 3486 3947
f 3591 3953 3589
f 3945 3957 3953
f 3941 3958 3957
f 3591 3965 3944
f 3965 3937 3944
f 3959 3938 3937
f 3589 3980 3981
f 3951 3970 3980
f 3970 3487 3489
f 3612 3977 3610
f 3966 3978 3977
f 3964 3981 3978
f 3611 3967 3612
f 3989 3960 3967
f 3983 3961 3960
f 3610 4003 4005
f 3975 3994 4003
f 3973 3490 3994
f 3633 4000 3631
f 3990 4004 4000
f 3988 4005 4004
f 3632 3991 3633
f 3991 4006 3984
f 3984 4008 3985
f 3631 4027 4029
f 3998 4017 4027
f 3997 3495 4017
f 3657 4024 3655
f 4013 4028 4024
f 4011 4029 4028
f 3656 4014 3657
f 4036 4007 4014
f 4030 4008 4007
f 3655 4050 4052
f 4050 4020 4041
f 4020 3496 4041
f 3570 4047 3568
f 4037 4051 4047
f 4035 4052 4051
f 3569 4038 3570
f 4059 4031 4038
f 4053 4032 4031
f 3568 4074 4075
f 4045 4064 4074
f 4044 3501 4064
f 3603 4071 3601
f 4071 4058 4072
f 4058 4075 4072
f 3602 4061 3603
f 4083 4054 4061
f 4077 4055 4054
f 3601 4097 4099
f 4097 4067 4088
f 4088 4068 3502
f 3624 4094 3622
f 4086 4098 4094
f 4082 4099 4098
f 3623 4085 3624
f 4106 4078 4085
f 4078 4102 4079
f 3622 4120 4121
f 4120 4091 4111
f 4091 3507 4111
f 3648 4117 3646
f 4109 4118 4117
f 4105 4121 4118
f 3647 4108 3648
f 4129 4101 4108
f 4101 4125 4102
f 3646 4143 4145
f 4115 4134 4143
f 4134 3508 3510
f 3669 4140 3667
f 4132 4144 4140
f 4128 4145 4144
f 3668 4131 3669
f 4152 4124 4131
f 4124 4148 4125
f 3667 4166 4167
f 4139 4157 4166
f 4157 3511 3513
f 3594 4163 3592
f 4155 4164 4163
f 4151 4167 4164
f 3593 4154 3594
f 4175 4147 4154
f 4169 4148 4147
f 3592 4189 4191
f 4162 4180 4189
f 4160 3516 4180
f 3615 4186 3613
f 4176 4190 4186
f 4174 4191 4190
f 3614 4177 3615
f 4177 4192 4170
f 4192 4171 4170
f 4214 4184 4213
f 4184 4203 4213
f 4183 3519 4203
f 3636 4210 3634
f 4199 4211 4210
f 4211 3614 4214
f 3636 4222 4200
f 4200 4216 4193
f 4193 4218 4194
f 3634 4236 4238
f 4208 4227 4236
f 4206 3520 4227
f 3660 4233 3658
f 4225 4237 4233
f 4221 4238 4237
f 3659 4224 3660
f 4245 4217 4224
f 4239 4218 4217
f 4262 4232 4260
f 4232 4250 4260
f 4230 3525 4250
f 3585 4257 3583
f 4246 4261 4257
f 4261 3659 4262
f 3584 4247 3585
f 4269 4240 4247
f 4263 4241 4240
f 3583 4284 4285
f 4284 4253 4274
f 4253 3526 4274
f 3606 4281 3604
f 4270 4282 4281
f 4268 4285 4282
f 3605 4271 3606
f 4271 4287 4264
f 4287 4265 4264
f 4309 4280 4307
f 4307 4277 4298
f 4298 4279 3529
f 3625 4296 4304
f 4296 4308 4304
f 4308 3605 4309
f 3627 4316 4295
f 4316 4288 4295
f 4310 4289 4288
f 4333 4303 4331
f 4303 4321 4331
f 4301 3534 4321
f 3651 4328 3649
f 4319 4332 4328
f 4315 4333 4332
f 3650 4318 3651
f 4318 4334 4311
f 4311 4336 4312
f 4356 4326 4354
f 4354 4324 4345
f 4324 3535 4345
f 3672 4351 3670
f 4341 4355 4351
f 4339 4356 4355
f 3672 4363 4342
f 4342 4357 4335
f 4335 4359 4336
f 4378 4350 4377
f 4350 4368 4377
f 4368 3538 3540
f 3597 4374 3595
f 4364 4375 4374
f 4362 4378 4375
f 3596 4365 3597
f 4365 4380 4358
f 4380 4359 4358
f 3595 4401 4403
f 4372 4391 4401
f 4371 3543 4391
f 3618 4398 3616
f 4387 4402 4398
f 4385 4403 4402
f 3618 4410 4388
f 4410 4381 4388
f 4381 4406 4382
f 4427 4396 4425
f 4425 4394 4415
f 4415 4395 3544
f 3639 4422 3637
f 4422 4409 4426
f 4409 4427 4426
f 3639 4434 4412
f 4412 4428 4405
f 4405 4430 4406
f 3637 4449 4451
f 4420 4439 4449
f 4418 3547 4439
f 3663 4446 3661
f 4435 4450 4446
f 4433 4451 4450
f 3662 4436 3663
f 4436 4452 4429
f 4452 4430 4429
f 3661 4473 4474
f 4473 4442 4463
f 4463 4444 3550
f 3588 4470 3586
f 4461 4471 4470
f 4471 3662 4474
f 3588 4482 4460
f 4482 4453 4460
f 4453 4478 4454
f 4497 4469 4496
f 4469 4487 4496
f 4466 3553 4487
f 3609 4493 3607
f 4483 4494 4493
f 4494 3587 4497
f 3609 4505 4484
f 4484 4499 4477
f 4477 4501 4478
f 3607 4519 4521
f 4519 4490 4510
f 4510 3556 3558
f 3630 4516 3628
f 4506 4520 4516
f 4504 4521 4520
f 3629 4507 3630
f 4507 4522 4500
f 4522 4501 4500
f 4545 4514 4543
f 4514 4533 4543
f 4513 3561 4533
f 3654 4540 3652
f 4531 4544 4540
f 4527 4545 4544
f 3653 4530 3654
f 4530 4546 4523
f 4546 4524 4523
f 4568 4539 4567
f 4539 4557 4567
f 4536 3562 4557
f 3675 4564 3673
f 4555 4565 4564
f 4551 4568 4565
f 3675 4576 4554
f 4576 4547 4554
f 4570 4548 4547
f 3673 4590 4592
f 4590 4560 4581
f 4581 4561 3565
f 3600 4587 3598
f 4577 4591 4587
f 4591 3674 4592
f 3600 4599 4578
f 4599 4571 4578
f 4571 4595 4572
f 3598 4614 4615
f 4614 4584 4604
f 4584 3573 4604
f 3480 4611 3478
f 4602 4612 4611
f 4598 4615 4612
f 3479 4601 3480
f 3871 4594 4601
f 3865 4595 4594
f 3478 3883 3885
f 3883 4607 3888
f 4607 3640 3888
f 3575 4639 3576
f 4639 4617 4630
f 4630 3619 3621
f 3483 4634 4652
f 4652 4633 4642
f 4633 3681 4642
f 3485 4647 4665
f 4647 4655 4665
f 4645 3747 4655
f 3488 4660 4677
f 4660 4668 4677
f 4668 3754 3756
f 3492 4672 4690
f 4690 4671 4680
f 4671 3765 4680
f 4687 4702 3494
f 4685 4693 4702
f 4693 3676 3678
f 3498 4698 4715
f 4698 4705 4715
f 4705 3685 3687
f 3500 4709 4728
f 4709 4718 4728
f 4708 3693 4718
f 3504 4723 4741
f 4741 4721 4731
f 4731 4722 3697
f 3506 4735 4754
f 4754 4734 4744
f 4734 3705 4744
f 4751 4767 3509
f 4749 4757 4767
f 4747 3711 4757
f 3512 4761 4780
f 4761 4770 4780
f 4770 3715 3717
f 3515 4775 4793
f 4793 4773 4783
f 4773 3723 4783
f 4790 4805 3518
f 4805 4786 4796
f 4786 3729 4796
f 3522 4801 4818
f 4801 4808 4818
f 4808 3733 3735
f 3524 4813 4830
f 4830 4811 4821
f 4811 3744 4821
f 3528 4825 4842
f 4842 4824 4833
f 4833 3751 3753
f 3531 4837 4855
f 4855 4836 4845
f 4836 3762 4845
f 4852 4867 3533
f 4867 4848 4858
f 4858 3580 3582
f 3536 4880 3537
f 4862 4870 4880
f 4861 3684 4870
f 3539 4875 4893
f 4875 4883 4893
f 4883 3688 3690
f 3542 4888 4906
f 4888 4896 4906
f 4896 3694 3696
f 3545 4919 3546
f 4902 4909 4919
f 4899 3700 4909
f 3549 4914 4931
f 4931 4912 4922
f 4912 3706 4922
f 3552 4927 4943
f 4943 4925 4934
f 4925 3714 4934
f 3555 4938 4956
f 4956 4937 4946
f 4937 3720 4946
f 3557 4951 4969
f 4951 4959 4969
f 4959 3724 3726
f 4966 4981 3560
f 4963 4972 4981
f 4962 3732 4972
f 3564 4976 4993
f 4993 4975 4984
f 4975 3741 4984
f 3567 4988 5006
f 5006 4987 4996
f 4987 3750 4996
f 5003 5018 3572
f 5018 4999 5009
f 5009 3757 3759
f 3642 5013 4624
f 5013 4628 4624
f 5012 3738 4628
f 3494 4016 3495
f 4700 4021 4016
f 4021 3497 4022
f 3499 4711 4712
f 4711 4040 4713
f 4713 3496 3498
f 3522 4226 3520
f 4819 4231 4226
f 4814 3523 4231
f 4254 4827 3527
f 4827 4249 4828
f 4249 3524 4828
f 3547 4932 4438
f 4932 4443 4438
f 4443 3551 4444
f 4468 4940 3554
f 4940 4462 4941
f 4941 3550 3552
f 3483 3923 3481
f 4653 3925 3923
f 3925 4649 3484
f 4662 3948 4661
f 4661 3946 4666
f 3946 3485 4666
f 3509 4133 3510
f 4133 4763 4138
f 4138 4764 3511
f 4777 4161 4776
f 4776 4156 4778
f 4156 3512 4778
f 3537 4344 3535
f 4344 4876 4349
f 4876 3538 4349
f 4890 4369 4889
f 4369 4894 4889
f 4367 3539 4894
f 3564 4556 3562
f 4991 4558 4556
f 4558 3566 4561
f 3571 5002 5003
f 5002 4580 5004
f 4580 3567 5004
f 4068 4725 3503
f 4725 4063 4726
f 4063 3500 4726
f 3530 4278 4839
f 4839 4273 4840
f 4273 3528 4840
f 4953 4491 4952
f 4491 4957 4952
f 4957 3553 3555
f 3974 4674 3491
f 4674 3969 4675
f 3969 3488 4675
f 3517 4789 4790
f 4789 4179 4794
f 4179 3515 4794
f 4395 4903 3545
f 4903 4390 4907
f 4907 3543 3542
f 3641 4605 5015
f 5015 4603 5016
f 5016 3573 3572
f 4738 4089 4737
f 4089 4739 4737
f 4087 3504 4739
f 4852 4302 4851
f 4302 4856 4851
f 4297 3531 4856
f 4966 4511 4965
f 4965 4509 4967
f 4509 3557 4967
f 4687 3995 4686
f 4686 3993 4688
f 3993 3492 4688
f 4207 4802 3521
f 4204 4806 4802
f 4202 3518 4806
f 4419 4916 3548
f 4416 4920 4916
f 4920 3544 3546
f 3642 3887 3640
f 3887 4621 3876
f 4621 3877 3876
f 3482 3904 4636
f 3904 4640 4636
f 4640 3574 3576
f 4751 4112 4750
f 4112 4755 4750
f 4755 3507 3506
f 4325 4864 3536
f 4864 4320 4865
f 4320 3533 4865
f 3563 4537 4978
f 4537 4982 4978
f 4982 3561 3560
f 5027 5048 3620
f 5026 5036 5048
f 5020 5037 5036
f 3680 5045 5063
f 5063 5040 5051
f 5051 5041 5052
f 5061 5078 3746
f 5060 5066 5078
f 5066 5056 5067
f 5076 5093 3755
f 5093 5070 5081
f 5081 5071 5082
f 5091 5108 3764
f 5090 5096 5108
f 5096 5086 5097
f 3677 5105 5123
f 5123 5100 5111
f 5111 5102 5112
f 5121 5138 3686
f 5138 5115 5126
f 5126 5117 5127
f 5136 5152 3692
f 5152 5130 5141
f 5141 5131 5142
f 3698 5167 3699
f 5150 5155 5167
f 5155 5146 5156
f 5165 5182 3704
f 5164 5170 5182
f 5159 5171 5170
f 3710 5179 5197
f 5197 5174 5185
f 5185 5175 5186
f 5195 5212 3716
f 5194 5200 5212
f 5200 5190 5201
f 5210 5227 3722
f 5227 5204 5215
f 5204 5216 5215
f 5225 5242 3728
f 5242 5219 5230
f 5219 5231 5230
f 5240 5257 3734
f 5239 5245 5257
f 5234 5246 5245
f 5255 5272 3743
f 5254 5260 5272
f 5260 5251 5261
f 5270 5287 3752
f 5287 5264 5275
f 5275 5266 5276
f 3761 5284 5302
f 5302 5279 5290
f 5279 5291 5290
f 3581 5299 5317
f 5317 5294 5305
f 5305 5296 5306
f 3683 5314 5332
f 5332 5309 5320
f 5320 5311 5321
f 5330 5347 3689
f 5347 5324 5335
f 5335 5326 5336
f 5345 5361 3695
f 5344 5350 5361
f 5350 5341 5351
f 3701 5375 3702
f 5359 5364 5375
f 5354 5365 5364
f 3707 5390 3708
f 5390 5368 5378
f 5378 5369 5379
f 5388 5405 3713
f 5387 5393 5405
f 5382 5394 5393
f 5403 5420 3719
f 5402 5408 5420
f 5397 5409 5408
f 5418 5435 3725
f 5417 5423 5435
f 5412 5424 5423
f 5433 5450 3731
f 5450 5427 5438
f 5438 5429 5439
f 5448 5465 3740
f 5465 5442 5453
f 5453 5444 5454
f 5463 5480 3749
f 5462 5468 5480
f 5457 5469 5468
f 5478 5495 3758
f 5495 5472 5483
f 5472 5484 5483
f 5493 5029 3737
f 5029 5487 5031
f 5031 5489 5033
f 3752 4832 3753
f 4832 5283 4834
f 5283 3760 4834
f 3580 5298 5300
f 5298 4844 5301
f 5301 3762 3761
f 3755 4667 3756
f 5094 4669 4667
f 5089 3763 4669
f 5106 4684 5104
f 5104 4679 5109
f 4679 3764 5109
f 3758 5008 3759
f 5494 5010 5008
f 5491 3736 5010
f 5027 4618 5025
f 4618 5030 5025
f 4627 3737 5030
f 3682 5313 5315
f 4859 5318 5313
f 5318 3582 3581
f 3685 5119 5121
f 4697 5124 5119
f 4692 3677 5124
f 3688 5328 5330
f 4874 5333 5328
f 5333 3684 3683
f 3691 5134 5136
f 5134 4704 5139
f 4704 3686 5139
f 3694 5343 5345
f 4887 5348 5343
f 4882 3689 5348
f 4722 5149 3698
f 4719 5153 5149
f 4717 3692 5153
f 4901 5358 3701
f 4900 5362 5358
f 5362 3696 3695
f 3703 5163 5165
f 5163 4730 5168
f 4730 3699 5168
f 4913 5372 3707
f 4910 5374 5372
f 4908 3702 5374
f 5180 4748 5178
f 5178 4743 5183
f 5183 3705 3704
f 3712 5386 5388
f 4926 5391 5386
f 4921 3708 5391
f 5195 4758 5193
f 5193 4756 5196
f 4756 3710 5196
f 3718 5401 5403
f 5401 4933 5404
f 5404 3714 3713
f 3721 5208 5210
f 4774 5213 5208
f 5213 3717 3716
f 3724 5416 5418
f 4950 5421 5416
f 4945 3719 5421
f 5225 4784 5223
f 4784 5228 5223
f 4782 3722 5228
f 3730 5431 5433
f 5431 4958 5436
f 5436 3726 3725
f 3733 5238 5240
f 4800 5243 5238
f 4795 3728 5243
f 3679 5044 5046
f 4631 5049 5044
f 5049 3621 3620
f 3739 5446 5448
f 4973 5451 5446
f 4971 3731 5451
f 3742 5253 5255
f 5253 4807 5256
f 4807 3734 5256
f 3745 5059 5061
f 5059 4641 5062
f 4641 3680 5062
f 3748 5461 5463
f 5461 4983 5464
f 5464 3741 3740
f 5270 4822 5268
f 4822 5273 5268
f 4820 3743 5273
f 3754 5074 5076
f 4659 5079 5074
f 4654 3746 5079
f 5478 4997 5476
f 5476 4995 5481
f 4995 3749 5481
f 5022 5515 5037
f 5501 5508 5515
f 5497 3771 5508
f 5052 5514 5526
f 5526 5511 5518
f 5518 3832 3834
f 5067 5524 5535
f 5524 5528 5535
f 5521 3804 5528
f 5082 5534 5546
f 5546 5531 5538
f 5531 3813 5538
f 5086 5556 5097
f 5544 5548 5556
f 5548 3820 3822
f 5112 5554 5565
f 5565 5551 5558
f 5551 3831 5558
f 5127 5564 5575
f 5575 5561 5568
f 5568 3838 3840
f 5131 5585 5142
f 5585 5571 5578
f 5578 3844 3846
f 5156 5584 5595
f 5584 5588 5595
f 5581 3852 5588
f 5171 5594 5606
f 5606 5591 5598
f 5598 3856 3858
f 5175 5615 5186
f 5604 5608 5615
f 5601 3864 5608
f 5201 5614 5625
f 5625 5611 5618
f 5611 3774 5618
f 5205 5636 5216
f 5624 5628 5636
f 5621 3780 5628
f 5221 5646 5231
f 5634 5638 5646
f 5638 3784 3786
f 5246 5644 5656
f 5656 5641 5648
f 5641 3792 5648
f 5261 5654 5665
f 5665 5651 5658
f 5651 3801 5658
f 5276 5664 5675
f 5664 5668 5675
f 5661 3810 5668
f 5281 5685 5291
f 5685 5671 5678
f 5671 3819 5678
f 5306 5684 5696
f 5696 5681 5688
f 5681 3828 5688
f 5321 5694 5705
f 5694 5698 5705
f 5691 3837 5698
f 5336 5704 5716
f 5704 5708 5716
f 5701 3843 5708
f 5351 5714 5725
f 5725 5711 5718
f 5711 3849 5718
f 5356 5736 5365
f 5736 5721 5728
f 5728 3853 3855
f 5379 5734 5745
f 5734 5738 5745
f 5738 3859 3861
f 5384 5755 5394
f 5755 5741 5748
f 5748 3766 3768
f 5409 5754 5765
f 5765 5751 5758
f 5751 3777 5758
f 5413 5775 5424
f 5775 5761 5768
f 5768 3781 3783
f 5439 5774 5786
f 5774 5778 5786
f 5771 3789 5778
f 5444 5795 5454
f 5784 5788 5795
f 5781 3798 5788
f 5459 5805 5469
f 5794 5798 5805
f 5791 3807 5798
f 5473 5815 5484
f 5815 5801 5808
f 5801 3816 5808
f 5489 5502 5033
f 5814 5503 5502
f 5811 3795 5503
f 3770 5818 5828
f 5828 5825 5830
f 5825 5833 5830
f 5838 5839 3833
f 5837 5841 5839
f 5832 3825 5841
f 3803 5847 5849
f 5847 5851 5849
f 5843 5854 5851
f 5859 5860 3812
f 5860 5853 5862
f 5862 5854 5865
f 5870 5871 3821
f 5871 5864 5873
f 5873 5865 5876
f 3830 5880 5882
f 5880 5884 5882
f 5875 5887 5884
f 3839 5891 5893
f 5891 5895 5893
f 5895 5887 5898
f 5903 5904 3845
f 5904 5897 5906
f 5906 5898 5909
f 5914 5915 3851
f 5915 5908 5917
f 5908 5920 5917
f 5925 5926 3857
f 5924 5928 5926
f 5919 3824 5928
f 3863 5934 5936
f 5934 5938 5936
f 5930 5941 5938
f 5946 5947 3773
f 5947 5940 5949
f 5940 5952 5949
f 5957 5958 3779
f 5958 5951 5960
f 5951 5963 5960
f 5968 5969 3785
f 5969 5962 5971
f 5962 5974 5971
f 3791 5978 5980
f 5978 5982 5980
f 5982 5974 5985
f 5990 5991 3800
f 5991 5984 5993
f 5984 5996 5993
f 6001 6002 3809
f 6002 5995 6004
f 5995 6007 6004
f 3818 6011 6013
f 6011 6015 6013
f 6015 6007 3823
f 6022 6023 3827
f 6023 6017 6025
f 6017 6028 6025
f 6033 6034 3836
f 6034 6027 6036
f 6036 6028 6039
f 3842 6043 6045
f 6043 6047 6045
f 6047 6039 6050
f 6055 6056 3848
f 6056 6049 6058
f 6049 6061 6058
f 6066 6067 3854
f 6067 6060 6069
f 6060 6072 6069
f 6077 6078 3860
f 6078 6071 6080
f 6071 6083 6080
f 6088 6089 3767
f 6089 6082 6091
f 6082 6094 6091
f 3776 6098 6100
f 6098 6102 6100
f 6102 6094 6105
f 6110 6111 3782
f 6109 6113 6111
f 6113 6105 6116
f 6121 6122 3788
f 6120 6124 6122
f 6115 6127 6124
f 3797 6131 6133
f 6131 6135 6133
f 6135 6127 6138
f 3806 6142 6144
f 6144 6137 6146
f 6137 6149 6146
f 3815 6153 6155
f 6153 6157 6155
f 6157 6149 6160
f 6165 5822 3794
f 5822 6159 5823
f 5823 6160 5826
f 3854 5727 3855
f 5727 6075 5729
f 6075 3859 5729
f 3766 6086 6088
f 5742 6079 6086
f 6079 3861 3860
f 3857 5597 3858
f 5597 5933 5602
f 5933 3862 5602
f 3772 5944 5946
f 5944 5607 5937
f 5607 3863 5937
f 3775 6097 6099
f 5752 6090 6097
f 5747 3767 6090
f 3778 5955 5957
f 5622 5948 5955
f 5617 3773 5948
f 3781 6108 6110
f 5759 6101 6108
f 6101 3777 3776
f 5968 5629 5966
f 5629 5959 5966
f 5627 3779 5959
f 3787 6119 6121
f 5772 6112 6119
f 5767 3782 6112
f 3790 5977 5979
f 5642 5970 5977
f 5970 3786 3785
f 3794 5505 3795
f 5505 5817 5498
f 5817 3769 5498
f 3832 5836 5838
f 5512 5829 5836
f 5829 3771 3770
f 6132 5782 6130
f 5782 6123 6130
f 5777 3788 6123
f 3799 5988 5990
f 5988 5647 5981
f 5647 3791 5981
f 3802 5846 5848
f 5522 5840 5846
f 5840 3834 3833
f 3805 6141 6143
f 6141 5787 6134
f 5787 3797 6134
f 3808 5999 6001
f 5999 5657 5992
f 5657 3800 5992
f 3811 5857 5859
f 5857 5527 5850
f 5527 3803 5850
f 3814 6152 6154
f 5799 6145 6152
f 5797 3806 6145
f 3817 6010 6012
f 6010 5667 6003
f 5667 3809 6003
f 5870 5539 5868
f 5539 5861 5868
f 5537 3812 5861
f 3793 6163 6165
f 6163 5807 6156
f 5807 3815 6156
f 3826 6020 6022
f 5682 6014 6020
f 6014 3819 3818
f 5881 5552 5879
f 5552 5872 5879
f 5872 3822 3821
f 3835 6031 6033
f 6031 5687 6024
f 5687 3827 6024
f 3838 5890 5892
f 5562 5883 5890
f 5883 3831 3830
f 6044 5699 6042
f 5699 6035 6042
f 5697 3836 6035
f 3844 5901 5903
f 5901 5567 5894
f 5567 3839 5894
f 3847 6053 6055
f 6053 5707 6046
f 5707 3842 6046
f 3850 5912 5914
f 5912 5577 5905
f 5577 3845 5905
f 3853 6064 6066
f 5719 6057 6064
f 6057 3849 3848
f 3856 5923 5925
f 5592 5916 5923
f 5916 3852 3851
f 4218 4406 4595
f 3478 3885 3479
f 3481 3905 3482
f 3484 4649 3485
f 3487 4662 3488
f 3490 3974 3491
f 3493 4687 3494
f 3496 4022 3497
f 3499 4712 3500
f 3502 4068 3503
f 3505 4738 3506
f 3508 4751 3509
f 3511 4764 3512
f 3514 4777 3515
f 3517 4790 3518
f 3520 4207 3521
f 3523 4815 3524
f 3526 4254 3527
f 3529 4279 3530
f 3532 4852 3533
f 3535 4325 3536
f 3538 4877 3539
f 3541 4890 3542
f 3544 4395 3545
f 3547 4419 3548
f 3550 4444 3551
f 3553 4468 3554
f 3556 4953 3557
f 3559 4966 3560
f 3562 4538 3563
f 3565 4561 3566
f 3568 4075 3569
f 3571 5003 3572
f 3574 3877 3575
f 3577 3911 3578
f 3580 5300 3581
f 3583 4285 3584
f 3586 4497 3587
f 3589 3981 3590
f 3592 4191 3593
f 3595 4403 3596
f 3598 4615 3599
f 3601 4099 3602
f 3604 4309 3605
f 3607 4521 3608
f 3610 4005 3611
f 3613 4214 3614
f 3616 4427 3617
f 3619 5027 3620
f 3622 4121 3623
f 3625 4333 3626
f 3628 4545 3629
f 3631 4029 3632
f 3634 4238 3635
f 3637 4451 3638
f 3640 4608 3641
f 3643 3934 3644
f 3646 4145 3647
f 3649 4356 3650
f 3652 4568 3653
f 3655 4052 3656
f 3658 4262 3659
f 3661 4474 3662
f 3664 3958 3665
f 3667 4167 3668
f 3670 4378 3671
f 3673 4592 3674
f 3676 5106 3677
f 3679 5046 3680
f 3682 5315 3683
f 3685 5121 3686
f 3688 5330 3689
f 3691 5136 3692
f 3694 5345 3695
f 3697 4722 3698
f 3700 4901 3701
f 3703 5165 3704
f 3706 4913 3707
f 3709 5180 3710
f 3712 5388 3713
f 3715 5195 3716
f 3718 5403 3719
f 3721 5210 3722
f 3724 5418 3725
f 3727 5225 3728
f 3730 5433 3731
f 3733 5240 3734
f 3736 5493 3737
f 3739 5448 3740
f 3742 5255 3743
f 3745 5061 3746
f 3748 5463 3749
f 3751 5270 3752
f 3754 5076 3755
f 3757 5478 3758
f 3760 5285 3761
f 3763 5091 3764
f 3766 6088 3767
f 3769 5819 3770
f 3772 5946 3773
f 3775 6099 3776
f 3778 5957 3779
f 3781 6110 3782
f 3784 5968 3785
f 3787 6121 3788
f 3790 5979 3791
f 3793 6165 3794
f 3796 6132 3797
f 3799 5990 3800
f 3802 5848 3803
f 3805 6143 3806
f 3808 6001 3809
f 3811 5859 3812
f 3814 6154 3815
f 3817 6012 3818
f 3820 5870 3821
f 3825 5833 5826
f 5826 6160 3825
f 6160 6149 3825
f 6149 6138 6127
f 6127 6116 6105
f 6105 6094 6083
f 6083 6072 6061
f 6061 6050 6039
f 6039 6028 6061
f 6028 3823 6061
f 3823 6007 5974
f 6007 5996 5974
f 5996 5985 5974
f 5974 5963 5952
f 5952 5941 3824
f 3824 5920 5909
f 5909 5898 5887
f 5887 5876 3825
f 5876 5865 3825
f 5865 5854 3825
f 6149 6127 3825
f 6127 6105 3825
f 6105 6083 3823
f 6083 6061 3823
f 5974 5952 3823
f 5952 3824 3823
f 3824 5909 5887
f 3824 5887 3825
f 3825 6105 3823
f 3826 6022 3827
f 3829 5881 3830
f 3832 5838 3833
f 3835 6033 3836
f 3838 5892 3839
f 3841 6044 3842
f 3844 5903 3845
f 3847 6055 3848
f 3850 5914 3851
f 3853 6066 3854
f 3856 5925 3857
f 3859 6077 3860
f 3862 5935 3863
f 3865 3869 3866
f 3865 3871 3868
f 3870 3868 3871
f 3872 3874 3868
f 3873 3874 3872
f 3866 3869 3874
f 3875 3879 3876
f 3878 3882 3879
f 3880 3882 3878
f 3880 3884 3881
f 3883 3881 3884
f 3883 3888 3886
f 3887 3886 3888
f 3887 3876 3879
f 3882 3881 3886
f 3889 3893 3890
f 3889 3895 3892
f 3894 3892 3895
f 3896 3898 3892
f 3897 3898 3896
f 3890 3893 3898
f 3899 3902 3900
f 3899 3904 3901
f 3903 3901 3904
f 3906 3909 3901
f 3907 3909 3906
f 3908 3912 3909
f 3910 3912 3908
f 3910 3900 3902
f 3901 3909 3912
f 3913 3917 3914
f 3913 3919 3916
f 3918 3916 3919
f 3918 3922 3920
f 3921 3920 3922
f 3914 3917 3920
f 3923 3926 3924
f 3925 3929 3926
f 3927 3929 3925
f 3928 3932 3929
f 3930 3932 3928
f 3931 3935 3932
f 3933 3935 3931
f 3933 3924 3926
f 3929 3932 3935
f 3936 3940 3937
f 3936 3942 3939
f 3941 3939 3942
f 3941 3945 3943
f 3944 3943 3945
f 3937 3940 3943
f 3946 3949 3947
f 3948 3952 3949
f 3950 3952 3948
f 3951 3955 3952
f 3953 3955 3951
f 3953 3957 3954
f 3956 3954 3957
f 3956 3947 3949
f 3952 3955 3954
f 3959 3963 3960
f 3959 3965 3962
f 3964 3962 3965
f 3966 3968 3962
f 3967 3968 3966
f 3960 3963 3968
f 3969 3972 3970
f 3971 3976 3972
f 3973 3976 3971
f 3975 3979 3976
f 3977 3979 3975
f 3978 3982 3979
f 3980 3982 3978
f 3980 3970 3972
f 3976 3979 3982
f 3983 3987 3984
f 3983 3989 3986
f 3988 3986 3989
f 3990 3992 3986
f 3991 3992 3990
f 3984 3987 3992
f 3993 3996 3994
f 3995 3999 3996
f 3997 3999 3995
f 3998 4002 3999
f 4000 4002 3998
f 4000 4004 4001
f 4003 4001 4004
f 4003 3994 3996
f 3996 3999 4002
f 4006 4010 4007
f 4006 4012 4009
f 4011 4009 4012
f 4013 4015 4009
f 4014 4015 4013
f 4007 4010 4015
f 4016 4019 4017
f 4016 4021 4018
f 4020 4018 4021
f 4023 4026 4018
f 4024 4026 4023
f 4024 4028 4025
f 4027 4025 4028
f 4027 4017 4019
f 4019 4018 4026
f 4030 4034 4031
f 4030 4036 4033
f 4035 4033 4036
f 4037 4039 4033
f 4038 4039 4037
f 4031 4034 4039
f 4040 4043 4041
f 4042 4046 4043
f 4044 4046 4042
f 4045 4049 4046
f 4047 4049 4045
f 4047 4051 4048
f 4050 4048 4051
f 4050 4041 4043
f 4043 4046 4049
f 4053 4057 4054
f 4053 4059 4056
f 4058 4056 4059
f 4060 4062 4056
f 4061 4062 4060
f 4054 4057 4062
f 4063 4066 4064
f 4065 4070 4066
f 4067 4070 4065
f 4069 4073 4070
f 4071 4073 4069
f 4072 4076 4073
f 4074 4076 4072
f 4074 4064 4066
f 4070 4073 4076
f 4077 4081 4078
f 4077 4083 4080
f 4082 4080 4083
f 4082 4086 4084
f 4085 4084 4086
f 4078 4081 4084
f 4087 4090 4088
f 4089 4093 4090
f 4091 4093 4089
f 4092 4096 4093
f 4094 4096 4092
f 4094 4098 4095
f 4097 4095 4098
f 4097 4088 4090
f 4093 4096 4095
f 4100 4104 4101
f 4100 4106 4103
f 4105 4103 4106
f 4105 4109 4107
f 4108 4107 4109
f 4101 4104 4107
f 4110 4113 4111
f 4112 4116 4113
f 4114 4116 4112
f 4115 4119 4116
f 4117 4119 4115
f 4118 4122 4119
f 4120 4122 4118
f 4120 4111 4113
f 4116 4119 4122
f 4123 4127 4124
f 4123 4129 4126
f 4128 4126 4129
f 4128 4132 4130
f 4131 4130 4132
f 4124 4127 4130
f 4133 4136 4134
f 4133 4138 4135
f 4137 4135 4138
f 4139 4142 4135
f 4140 4142 4139
f 4140 4144 4141
f 4143 4141 4144
f 4143 4134 4136
f 4135 4142 4141
f 4146 4150 4147
f 4146 4152 4149
f 4151 4149 4152
f 4151 4155 4153
f 4154 4153 4155
f 4147 4150 4153
f 4156 4159 4157
f 4156 4161 4158
f 4160 4158 4161
f 4162 4165 4158
f 4163 4165 4162
f 4164 4168 4165
f 4166 4168 4164
f 4166 4157 4159
f 4158 4165 4168
f 4169 4173 4170
f 4169 4175 4172
f 4174 4172 4175
f 4176 4178 4172
f 4177 4178 4176
f 4170 4173 4178
f 4179 4182 4180
f 4181 4185 4182
f 4183 4185 4181
f 4184 4188 4185
f 4186 4188 4184
f 4186 4190 4187
f 4189 4187 4190
f 4189 4180 4182
f 4182 4185 4188
f 4192 4196 4193
f 4192 4198 4195
f 4197 4195 4198
f 4199 4201 4195
f 4200 4201 4199
f 4193 4196 4201
f 4202 4205 4203
f 4204 4209 4205
f 4206 4209 4204
f 4208 4212 4209
f 4210 4212 4208
f 4211 4215 4212
f 4213 4215 4211
f 4213 4203 4205
f 4209 4212 4215
f 4216 4220 4217
f 4216 4222 4219
f 4221 4219 4222
f 4221 4225 4223
f 4224 4223 4225
f 4217 4220 4223
f 4226 4229 4227
f 4226 4231 4228
f 4230 4228 4231
f 4232 4235 4228
f 4233 4235 4232
f 4233 4237 4234
f 4236 4234 4237
f 4236 4227 4229
f 4228 4235 4234
f 4239 4243 4240
f 4239 4245 4242
f 4244 4242 4245
f 4246 4248 4242
f 4247 4248 4246
f 4240 4243 4248
f 4249 4252 4250
f 4251 4256 4252
f 4253 4256 4251
f 4255 4259 4256
f 4257 4259 4255
f 4257 4261 4258
f 4260 4258 4261
f 4260 4250 4252
f 4256 4259 4258
f 4263 4267 4264
f 4263 4269 4266
f 4268 4266 4269
f 4270 4272 4266
f 4271 4272 4270
f 4264 4267 4272
f 4273 4276 4274
f 4273 4278 4275
f 4277 4275 4278
f 4280 4283 4275
f 4281 4283 4280
f 4282 4286 4283
f 4284 4286 4282
f 4284 4274 4276
f 4276 4275 4283
f 4287 4291 4288
f 4287 4293 4290
f 4292 4290 4293
f 4292 4296 4294
f 4295 4294 4296
f 4288 4291 4294
f 4297 4300 4298
f 4297 4302 4299
f 4301 4299 4302
f 4303 4306 4299
f 4304 4306 4303
f 4304 4308 4305
f 4307 4305 4308
f 4307 4298 4300
f 4300 4299 4306
f 4310 4314 4311
f 4310 4316 4313
f 4315 4313 4316
f 4315 4319 4317
f 4318 4317 4319
f 4311 4314 4317
f 4320 4323 4321
f 4322 4327 4323
f 4324 4327 4322
f 4326 4330 4327
f 4328 4330 4326
f 4328 4332 4329
f 4331 4329 4332
f 4331 4321 4323
f 4323 4327 4330
f 4334 4338 4335
f 4334 4340 4337
f 4339 4337 4340
f 4341 4343 4337
f 4342 4343 4341
f 4335 4338 4343
f 4344 4347 4345
f 4344 4349 4346
f 4348 4346 4349
f 4350 4353 4346
f 4351 4353 4350
f 4351 4355 4352
f 4354 4352 4355
f 4354 4345 4347
f 4346 4353 4352
f 4357 4361 4358
f 4357 4363 4360
f 4362 4360 4363
f 4364 4366 4360
f 4365 4366 4364
f 4358 4361 4366
f 4367 4370 4368
f 4369 4373 4370
f 4371 4373 4369
f 4372 4376 4373
f 4374 4376 4372
f 4375 4379 4376
f 4377 4379 4375
f 4377 4368 4370
f 4370 4373 4376
f 4380 4384 4381
f 4380 4386 4383
f 4385 4383 4386
f 4387 4389 4383
f 4388 4389 4387
f 4381 4384 4389
f 4390 4393 4391
f 4392 4397 4393
f 4394 4397 4392
f 4396 4400 4397
f 4398 4400 4396
f 4398 4402 4399
f 4401 4399 4402
f 4401 4391 4393
f 4393 4397 4400
f 4404 4408 4405
f 4404 4410 4407
f 4409 4407 4410
f 4409 4413 4411
f 4412 4411 4413
f 4405 4408 4411
f 4414 4417 4415
f 4416 4421 4417
f 4418 4421 4416
f 4420 4424 4421
f 4422 4424 4420
f 4422 4426 4423
f 4425 4423 4426
f 4425 4415 4417
f 4421 4424 4423
f 4428 4432 4429
f 4428 4434 4431
f 4433 4431 4434
f 4435 4437 4431
f 4436 4437 4435
f 4429 4432 4437
f 4438 4441 4439
f 4438 4443 4440
f 4442 4440 4443
f 4445 4448 4440
f 4446 4448 4445
f 4446 4450 4447
f 4449 4447 4450
f 4449 4439 4441
f 4441 4440 4448
f 4452 4456 4453
f 4452 4458 4455
f 4457 4455 4458
f 4457 4461 4459
f 4460 4459 4461
f 4453 4456 4459
f 4462 4465 4463
f 4462 4467 4464
f 4466 4464 4467
f 4469 4472 4464
f 4470 4472 4469
f 4471 4475 4472
f 4473 4475 4471
f 4473 4463 4465
f 4465 4464 4472
f 4476 4480 4477
f 4476 4482 4479
f 4481 4479 4482
f 4483 4485 4479
f 4484 4485 4483
f 4477 4480 4485
f 4486 4489 4487
f 4486 4491 4488
f 4490 4488 4491
f 4492 4495 4488
f 4493 4495 4492
f 4494 4498 4495
f 4496 4498 4494
f 4496 4487 4489
f 4489 4488 4495
f 4499 4503 4500
f 4499 4505 4502
f 4504 4502 4505
f 4506 4508 4502
f 4507 4508 4506
f 4500 4503 4508
f 4509 4512 4510
f 4511 4515 4512
f 4513 4515 4511
f 4514 4518 4515
f 4516 4518 4514
f 4516 4520 4517
f 4519 4517 4520
f 4519 4510 4512
f 4512 4515 4518
f 4522 4526 4523
f 4522 4528 4525
f 4527 4525 4528
f 4527 4531 4529
f 4530 4529 4531
f 4523 4526 4529
f 4532 4535 4533
f 4532 4537 4534
f 4536 4534 4537
f 4539 4542 4534
f 4540 4542 4539
f 4540 4544 4541
f 4543 4541 4544
f 4543 4533 4535
f 4535 4534 4542
f 4546 4550 4547
f 4546 4552 4549
f 4551 4549 4552
f 4551 4555 4553
f 4554 4553 4555
f 4547 4550 4553
f 4556 4559 4557
f 4558 4563 4559
f 4560 4563 4558
f 4562 4566 4563
f 4564 4566 4562
f 4565 4569 4566
f 4567 4569 4565
f 4567 4557 4559
f 4563 4566 4569
f 4570 4574 4571
f 4570 4576 4573
f 4575 4573 4576
f 4577 4579 4573
f 4578 4579 4577
f 4571 4574 4579
f 4580 4583 4581
f 4582 4586 4583
f 4584 4586 4582
f 4585 4589 4586
f 4587 4589 4585
f 4587 4591 4588
f 4590 4588 4591
f 4590 4581 4583
f 4583 4586 4589
f 4593 4597 4594
f 4593 4599 4596
f 4598 4596 4599
f 4598 4602 4600
f 4601 4600 4602
f 4594 4597 4600
f 4603 4606 4604
f 4605 4610 4606
f 4607 4610 4605
f 4609 4613 4610
f 4611 4613 4609
f 4612 4616 4613
f 4614 4616 4612
f 4614 4604 4606
f 4610 4613 4616
f 4617 4620 4618
f 4619 4623 4620
f 4621 4623 4619
f 4622 4626 4623
f 4624 4626 4622
f 4624 4628 4625
f 4627 4625 4628
f 4618 4620 4625
f 4620 4623 4626
f 4629 4632 4630
f 4631 4635 4632
f 4633 4635 4631
f 4634 4638 4635
f 4636 4638 4634
f 4636 4640 4637
f 4639 4637 4640
f 4639 4630 4632
f 4635 4638 4637
f 4641 4644 4642
f 4641 4646 4643
f 4645 4643 4646
f 4647 4651 4643
f 4648 4651 4647
f 4648 4653 4650
f 4652 4650 4653
f 4652 4642 4644
f 4644 4643 4651
f 4654 4657 4655
f 4654 4659 4656
f 4658 4656 4659
f 4660 4664 4656
f 4661 4664 4660
f 4661 4666 4663
f 4665 4663 4666
f 4665 4655 4657
f 4657 4656 4664
f 4667 4670 4668
f 4669 4673 4670
f 4671 4673 4669
f 4672 4676 4673
f 4674 4676 4672
f 4675 4678 4676
f 4677 4678 4675
f 4677 4668 4670
f 4673 4676 4678
f 4679 4682 4680
f 4679 4684 4681
f 4683 4681 4684
f 4685 4689 4681
f 4686 4689 4685
f 4688 4691 4689
f 4690 4691 4688
f 4690 4680 4682
f 4681 4689 4691
f 4692 4695 4693
f 4692 4697 4694
f 4696 4694 4697
f 4698 4701 4694
f 4699 4701 4698
f 4700 4703 4701
f 4702 4703 4700
f 4702 4693 4695
f 4695 4694 4701
f 4704 4707 4705
f 4706 4710 4707
f 4708 4710 4706
f 4709 4714 4710
f 4711 4714 4709
f 4713 4716 4714
f 4715 4716 4713
f 4715 4705 4707
f 4710 4714 4716
f 4717 4720 4718
f 4719 4724 4720
f 4721 4724 4719
f 4723 4727 4724
f 4725 4727 4723
f 4726 4729 4727
f 4728 4729 4726
f 4728 4718 4720
f 4724 4727 4729
f 4730 4733 4731
f 4732 4736 4733
f 4734 4736 4732
f 4735 4740 4736
f 4737 4740 4735
f 4739 4742 4740
f 4741 4742 4739
f 4741 4731 4733
f 4736 4740 4742
f 4743 4746 4744
f 4743 4748 4745
f 4747 4745 4748
f 4749 4753 4745
f 4750 4753 4749
f 4750 4755 4752
f 4754 4752 4755
f 4754 4744 4746
f 4746 4745 4753
f 4756 4759 4757
f 4758 4762 4759
f 4760 4762 4758
f 4761 4766 4762
f 4763 4766 4761
f 4763 4768 4765
f 4767 4765 4768
f 4767 4757 4759
f 4762 4766 4765
f 4769 4772 4770
f 4769 4774 4771
f 4773 4771 4774
f 4775 4779 4771
f 4776 4779 4775
f 4778 4781 4779
f 4780 4781 4778
f 4780 4770 4772
f 4771 4779 4781
f 4782 4785 4783
f 4784 4788 4785
f 4786 4788 4784
f 4787 4792 4788
f 4789 4792 4787
f 4789 4794 4791
f 4793 4791 4794
f 4793 4783 4785
f 4788 4792 4791
f 4795 4798 4796
f 4795 4800 4797
f 4799 4797 4800
f 4801 4804 4797
f 4802 4804 4801
f 4802 4806 4803
f 4805 4803 4806
f 4805 4796 4798
f 4798 4797 4804
f 4807 4810 4808
f 4807 4812 4809
f 4811 4809 4812
f 4813 4817 4809
f 4814 4817 4813
f 4814 4819 4816
f 4818 4816 4819
f 4818 4808 4810
f 4809 4817 4816
f 4820 4823 4821
f 4822 4826 4823
f 4824 4826 4822
f 4825 4829 4826
f 4827 4829 4825
f 4828 4831 4829
f 4830 4831 4828
f 4830 4821 4823
f 4826 4829 4831
f 4832 4835 4833
f 4834 4838 4835
f 4836 4838 4834
f 4837 4841 4838
f 4839 4841 4837
f 4840 4843 4841
f 4842 4843 4840
f 4842 4833 4835
f 4838 4841 4843
f 4844 4847 4845
f 4846 4850 4847
f 4848 4850 4846
f 4849 4854 4850
f 4851 4854 4849
f 4851 4856 4853
f 4855 4853 4856
f 4855 4845 4847
f 4850 4854 4853
f 4857 4860 4858
f 4859 4863 4860
f 4861 4863 4859
f 4862 4866 4863
f 4864 4866 4862
f 4865 4868 4866
f 4867 4868 4865
f 4867 4858 4860
f 4863 4866 4868
f 4869 4872 4870
f 4869 4874 4871
f 4873 4871 4874
f 4875 4879 4871
f 4876 4879 4875
f 4878 4881 4879
f 4880 4881 4878
f 4880 4870 4872
f 4871 4879 4881
f 4882 4885 4883
f 4882 4887 4884
f 4886 4884 4887
f 4888 4892 4884
f 4889 4892 4888
f 4889 4894 4891
f 4893 4891 4894
f 4893 4883 4885
f 4885 4884 4892
f 4895 4898 4896
f 4895 4900 4897
f 4899 4897 4900
f 4902 4905 4897
f 4903 4905 4902
f 4903 4907 4904
f 4906 4904 4907
f 4906 4896 4898
f 4897 4905 4904
f 4908 4911 4909
f 4910 4915 4911
f 4912 4915 4910
f 4914 4918 4915
f 4916 4918 4914
f 4916 4920 4917
f 4919 4917 4920
f 4919 4909 4911
f 4911 4915 4918
f 4921 4924 4922
f 4921 4926 4923
f 4925 4923 4926
f 4927 4930 4923
f 4928 4930 4927
f 4928 4932 4929
f 4931 4929 4932
f 4931 4922 4924
f 4924 4923 4930
f 4933 4936 4934
f 4935 4939 4936
f 4937 4939 4935
f 4938 4942 4939
f 4940 4942 4938
f 4941 4944 4942
f 4943 4944 4941
f 4943 4934 4936
f 4939 4942 4944
f 4945 4948 4946
f 4945 4950 4947
f 4949 4947 4950
f 4951 4955 4947
f 4952 4955 4951
f 4952 4957 4954
f 4956 4954 4957
f 4956 4946 4948
f 4948 4947 4955
f 4958 4961 4959
f 4960 4964 4961
f 4962 4964 4960
f 4963 4968 4964
f 4965 4968 4963
f 4967 4970 4968
f 4969 4970 4967
f 4969 4959 4961
f 4964 4968 4970
f 4971 4974 4972
f 4973 4977 4974
f 4975 4977 4973
f 4976 4980 4977
f 4978 4980 4976
f 4978 4982 4979
f 4981 4979 4982
f 4981 4972 4974
f 4977 4980 4979
f 4983 4986 4984
f 4985 4989 4986
f 4987 4989 4985
f 4988 4992 4989
f 4990 4992 4988
f 4991 4994 4992
f 4993 4994 4991
f 4993 4984 4986
f 4989 4992 4994
f 4995 4998 4996
f 4997 5001 4998
f 4999 5001 4997
f 5000 5005 5001
f 5002 5005 5000
f 5004 5007 5005
f 5006 5007 5004
f 5006 4996 4998
f 5001 5005 5007
f 5008 5011 5009
f 5010 5014 5011
f 5012 5014 5010
f 5013 5017 5014
f 5015 5017 5013
f 5016 5019 5017
f 5018 5019 5016
f 5018 5009 5011
f 5014 5017 5019
f 5020 5024 5021
f 5020 5026 5023
f 5025 5023 5026
f 5025 5030 5028
f 5029 5028 5030
f 5031 5034 5028
f 5032 5034 5031
f 5021 5024 5034
f 5024 5023 5028
f 5035 5039 5036
f 5038 5043 5039
f 5040 5043 5038
f 5040 5045 5042
f 5044 5042 5045
f 5044 5049 5047
f 5048 5047 5049
f 5036 5039 5047
f 5039 5043 5042
f 5050 5054 5051
f 5053 5058 5054
f 5055 5058 5053
f 5055 5060 5057
f 5059 5057 5060
f 5062 5064 5057
f 5063 5064 5062
f 5051 5054 5064
f 5058 5057 5064
f 5065 5069 5066
f 5068 5073 5069
f 5070 5073 5068
f 5070 5075 5072
f 5074 5072 5075
f 5074 5079 5077
f 5078 5077 5079
f 5066 5069 5077
f 5069 5073 5072
f 5080 5084 5081
f 5083 5088 5084
f 5085 5088 5083
f 5085 5090 5087
f 5089 5087 5090
f 5089 5094 5092
f 5093 5092 5094
f 5081 5084 5092
f 5084 5088 5087
f 5095 5099 5096
f 5095 5101 5098
f 5100 5098 5101
f 5100 5105 5103
f 5104 5103 5105
f 5104 5109 5107
f 5108 5107 5109
f 5096 5099 5107
f 5099 5098 5103
f 5110 5114 5111
f 5110 5116 5113
f 5115 5113 5116
f 5115 5120 5118
f 5119 5118 5120
f 5119 5124 5122
f 5123 5122 5124
f 5111 5114 5122
f 5114 5113 5118
f 5125 5129 5126
f 5128 5133 5129
f 5130 5133 5128
f 5130 5135 5132
f 5134 5132 5135
f 5134 5139 5137
f 5138 5137 5139
f 5126 5129 5137
f 5133 5132 5137
f 5140 5144 5141
f 5143 5148 5144
f 5145 5148 5143
f 5145 5150 5147
f 5149 5147 5150
f 5149 5153 5151
f 5152 5151 5153
f 5141 5144 5151
f 5148 5147 5151
f 5154 5158 5155
f 5157 5162 5158
f 5159 5162 5157
f 5159 5164 5161
f 5163 5161 5164
f 5163 5168 5166
f 5167 5166 5168
f 5155 5158 5166
f 5162 5161 5166
f 5169 5173 5170
f 5172 5177 5173
f 5174 5177 5172
f 5174 5179 5176
f 5178 5176 5179
f 5178 5183 5181
f 5182 5181 5183
f 5170 5173 5181
f 5173 5177 5176
f 5184 5188 5185
f 5187 5192 5188
f 5189 5192 5187
f 5189 5194 5191
f 5193 5191 5194
f 5196 5198 5191
f 5197 5198 5196
f 5185 5188 5198
f 5192 5191 5198
f 5199 5203 5200
f 5202 5207 5203
f 5204 5207 5202
f 5204 5209 5206
f 5208 5206 5209
f 5208 5213 5211
f 5212 5211 5213
f 5200 5203 5211
f 5203 5207 5206
f 5214 5218 5215
f 5214 5220 5217
f 5219 5217 5220
f 5219 5224 5222
f 5223 5222 5224
f 5223 5228 5226
f 5227 5226 5228
f 5215 5218 5226
f 5218 5217 5222
f 5229 5233 5230
f 5229 5235 5232
f 5234 5232 5235
f 5234 5239 5237
f 5238 5237 5239
f 5238 5243 5241
f 5242 5241 5243
f 5230 5233 5241
f 5233 5232 5237
f 5244 5248 5245
f 5244 5250 5247
f 5249 5247 5250
f 5249 5254 5252
f 5253 5252 5254
f 5256 5258 5252
f 5257 5258 5256
f 5245 5248 5258
f 5248 5247 5252
f 5259 5263 5260
f 5259 5265 5262
f 5264 5262 5265
f 5264 5269 5267
f 5268 5267 5269
f 5268 5273 5271
f 5272 5271 5273
f 5260 5263 5271
f 5263 5262 5267
f 5274 5278 5275
f 5274 5280 5277
f 5279 5277 5280
f 5279 5284 5282
f 5283 5282 5284
f 5286 5288 5282
f 5287 5288 5286
f 5275 5278 5288
f 5278 5277 5282
f 5289 5293 5290
f 5289 5295 5292
f 5294 5292 5295
f 5294 5299 5297
f 5298 5297 5299
f 5301 5303 5297
f 5302 5303 5301
f 5290 5293 5303
f 5292 5297 5303
f 5304 5308 5305
f 5304 5310 5307
f 5309 5307 5310
f 5309 5314 5312
f 5313 5312 5314
f 5313 5318 5316
f 5317 5316 5318
f 5305 5308 5316
f 5308 5307 5312
f 5319 5323 5320
f 5319 5325 5322
f 5324 5322 5325
f 5324 5329 5327
f 5328 5327 5329
f 5328 5333 5331
f 5332 5331 5333
f 5320 5323 5331
f 5323 5322 5327
f 5334 5338 5335
f 5334 5340 5337
f 5339 5337 5340
f 5339 5344 5342
f 5343 5342 5344
f 5343 5348 5346
f 5347 5346 5348
f 5335 5338 5346
f 5338 5337 5342
f 5349 5353 5350
f 5349 5355 5352
f 5354 5352 5355
f 5354 5359 5357
f 5358 5357 5359
f 5358 5362 5360
f 5361 5360 5362
f 5350 5353 5360
f 5353 5352 5357
f 5363 5367 5364
f 5366 5371 5367
f 5368 5371 5366
f 5368 5373 5370
f 5372 5370 5373
f 5374 5376 5370
f 5375 5376 5374
f 5364 5367 5376
f 5371 5370 5376
f 5377 5381 5378
f 5377 5383 5380
f 5382 5380 5383
f 5382 5387 5385
f 5386 5385 5387
f 5386 5391 5389
f 5390 5389 5391
f 5378 5381 5389
f 5381 5380 5385
f 5392 5396 5393
f 5395 5400 5396
f 5397 5400 5395
f 5397 5402 5399
f 5401 5399 5402
f 5404 5406 5399
f 5405 5406 5404
f 5393 5396 5406
f 5400 5399 5406
f 5407 5411 5408
f 5410 5415 5411
f 5412 5415 5410
f 5412 5417 5414
f 5416 5414 5417
f 5416 5421 5419
f 5420 5419 5421
f 5408 5411 5419
f 5411 5415 5414
f 5422 5426 5423
f 5422 5428 5425
f 5427 5425 5428
f 5427 5432 5430
f 5431 5430 5432
f 5431 5436 5434
f 5435 5434 5436
f 5423 5426 5434
f 5426 5425 5430
f 5437 5441 5438
f 5437 5443 5440
f 5442 5440 5443
f 5442 5447 5445
f 5446 5445 5447
f 5446 5451 5449
f 5450 5449 5451
f 5438 5441 5449
f 5441 5440 5445
f 5452 5456 5453
f 5452 5458 5455
f 5457 5455 5458
f 5457 5462 5460
f 5461 5460 5462
f 5464 5466 5460
f 5465 5466 5464
f 5453 5456 5466
f 5455 5460 5466
f 5467 5471 5468
f 5470 5475 5471
f 5472 5475 5470
f 5472 5477 5474
f 5476 5474 5477
f 5476 5481 5479
f 5480 5479 5481
f 5468 5471 5479
f 5471 5475 5474
f 5482 5486 5483
f 5482 5488 5485
f 5487 5485 5488
f 5487 5492 5490
f 5491 5490 5492
f 5494 5496 5490
f 5495 5496 5494
f 5483 5486 5496
f 5486 5485 5490
f 5497 5500 5498
f 5497 5501 5499
f 5021 5499 5501
f 5032 5504 5499
f 5502 5504 5032
f 5503 5506 5504
f 5505 5506 5503
f 5498 5500 5506
f 5500 5499 5504
f 5507 5510 5508
f 5507 5512 5509
f 5511 5509 5512
f 5511 5514 5513
f 5038 5513 5514
f 5035 5516 5513
f 5515 5516 5035
f 5508 5510 5516
f 5509 5513 5516
f 5517 5520 5518
f 5517 5522 5519
f 5521 5519 5522
f 5521 5524 5523
f 5053 5523 5524
f 5053 5050 5525
f 5526 5525 5050
f 5518 5520 5525
f 5520 5519 5523
f 5527 5530 5528
f 5529 5533 5530
f 5531 5533 5529
f 5531 5534 5532
f 5068 5532 5534
f 5065 5536 5532
f 5535 5536 5065
f 5528 5530 5536
f 5533 5532 5536
f 5537 5540 5538
f 5539 5543 5540
f 5541 5543 5539
f 5541 5544 5542
f 5083 5542 5544
f 5083 5080 5545
f 5546 5545 5080
f 5538 5540 5545
f 5540 5543 5542
f 5547 5550 5548
f 5547 5552 5549
f 5551 5549 5552
f 5551 5554 5553
f 5101 5553 5554
f 5101 5095 5555
f 5556 5555 5095
f 5548 5550 5555
f 5550 5549 5553
f 5557 5560 5558
f 5557 5562 5559
f 5561 5559 5562
f 5561 5564 5563
f 5116 5563 5564
f 5110 5566 5563
f 5565 5566 5110
f 5558 5560 5566
f 5559 5563 5566
f 5567 5570 5568
f 5569 5573 5570
f 5571 5573 5569
f 5571 5574 5572
f 5128 5572 5574
f 5125 5576 5572
f 5575 5576 5125
f 5568 5570 5576
f 5573 5572 5576
f 5577 5580 5578
f 5579 5583 5580
f 5581 5583 5579
f 5581 5584 5582
f 5143 5582 5584
f 5140 5586 5582
f 5585 5586 5140
f 5578 5580 5586
f 5583 5582 5586
f 5587 5590 5588
f 5587 5592 5589
f 5591 5589 5592
f 5591 5594 5593
f 5157 5593 5594
f 5154 5596 5593
f 5595 5596 5154
f 5588 5590 5596
f 5589 5593 5596
f 5597 5600 5598
f 5597 5602 5599
f 5601 5599 5602
f 5601 5604 5603
f 5172 5603 5604
f 5172 5169 5605
f 5606 5605 5169
f 5598 5600 5605
f 5600 5599 5603
f 5607 5610 5608
f 5609 5613 5610
f 5611 5613 5609
f 5611 5614 5612
f 5187 5612 5614
f 5184 5616 5612
f 5615 5616 5184
f 5608 5610 5616
f 5613 5612 5616
f 5617 5620 5618
f 5617 5622 5619
f 5621 5619 5622
f 5621 5624 5623
f 5202 5623 5624
f 5199 5626 5623
f 5625 5626 5199
f 5618 5620 5626
f 5620 5619 5623
f 5627 5630 5628
f 5629 5633 5630
f 5631 5633 5629
f 5631 5634 5632
f 5220 5632 5634
f 5220 5214 5635
f 5636 5635 5214
f 5628 5630 5635
f 5633 5632 5635
f 5637 5640 5638
f 5637 5642 5639
f 5641 5639 5642
f 5641 5644 5643
f 5235 5643 5644
f 5235 5229 5645
f 5646 5645 5229
f 5638 5640 5645
f 5640 5639 5643
f 5647 5650 5648
f 5649 5653 5650
f 5651 5653 5649
f 5651 5654 5652
f 5250 5652 5654
f 5250 5244 5655
f 5656 5655 5244
f 5648 5650 5655
f 5653 5652 5655
f 5657 5660 5658
f 5659 5663 5660
f 5661 5663 5659
f 5661 5664 5662
f 5265 5662 5664
f 5259 5666 5662
f 5665 5666 5259
f 5658 5660 5666
f 5660 5663 5662
f 5667 5670 5668
f 5669 5673 5670
f 5671 5673 5669
f 5671 5674 5672
f 5280 5672 5674
f 5274 5676 5672
f 5675 5676 5274
f 5668 5670 5676
f 5670 5673 5672
f 5677 5680 5678
f 5677 5682 5679
f 5681 5679 5682
f 5681 5684 5683
f 5295 5683 5684
f 5289 5686 5683
f 5685 5686 5289
f 5678 5680 5686
f 5679 5683 5686
f 5687 5690 5688
f 5689 5693 5690
f 5691 5693 5689
f 5691 5694 5692
f 5310 5692 5694
f 5310 5304 5695
f 5696 5695 5304
f 5688 5690 5695
f 5693 5692 5695
f 5697 5700 5698
f 5699 5703 5700
f 5701 5703 5699
f 5701 5704 5702
f 5325 5702 5704
f 5319 5706 5702
f 5705 5706 5319
f 5698 5700 5706
f 5703 5702 5706
f 5707 5710 5708
f 5709 5713 5710
f 5711 5713 5709
f 5711 5714 5712
f 5340 5712 5714
f 5340 5334 5715
f 5716 5715 5334
f 5708 5710 5715
f 5713 5712 5715
f 5717 5720 5718
f 5719 5723 5720
f 5721 5723 5719
f 5721 5724 5722
f 5355 5722 5724
f 5349 5726 5722
f 5725 5726 5349
f 5718 5720 5726
f 5723 5722 5726
f 5727 5730 5728
f 5729 5733 5730
f 5731 5733 5729
f 5731 5734 5732
f 5366 5732 5734
f 5366 5363 5735
f 5736 5735 5363
f 5728 5730 5735
f 5733 5732 5735
f 5737 5740 5738
f 5737 5742 5739
f 5741 5739 5742
f 5741 5744 5743
f 5383 5743 5744
f 5377 5746 5743
f 5745 5746 5377
f 5738 5740 5746
f 5740 5739 5743
f 5747 5750 5748
f 5747 5752 5749
f 5751 5749 5752
f 5751 5754 5753
f 5395 5753 5754
f 5392 5756 5753
f 5755 5756 5392
f 5748 5750 5756
f 5750 5749 5753
f 5757 5760 5758
f 5759 5763 5760
f 5761 5763 5759
f 5761 5764 5762
f 5410 5762 5764
f 5407 5766 5762
f 5765 5766 5407
f 5758 5760 5766
f 5763 5762 5766
f 5767 5770 5768
f 5767 5772 5769
f 5771 5769 5772
f 5771 5774 5773
f 5428 5773 5774
f 5422 5776 5773
f 5775 5776 5422
f 5768 5770 5776
f 5769 5773 5776
f 5777 5780 5778
f 5777 5782 5779
f 5781 5779 5782
f 5781 5784 5783
f 5443 5783 5784
f 5443 5437 5785
f 5786 5785 5437
f 5778 5780 5785
f 5780 5779 5783
f 5787 5790 5788
f 5789 5793 5790
f 5791 5793 5789
f 5791 5794 5792
f 5458 5792 5794
f 5452 5796 5792
f 5795 5796 5452
f 5788 5790 5796
f 5793 5792 5796
f 5797 5800 5798
f 5799 5803 5800
f 5801 5803 5799
f 5801 5804 5802
f 5470 5802 5804
f 5467 5806 5802
f 5805 5806 5467
f 5798 5800 5806
f 5803 5802 5806
f 5807 5810 5808
f 5809 5813 5810
f 5811 5813 5809
f 5811 5814 5812
f 5488 5812 5814
f 5482 5816 5812
f 5815 5816 5482
f 5808 5810 5816
f 5813 5812 5816
f 5817 5821 5818
f 5820 5824 5821
f 5822 5824 5820
f 5823 5827 5824
f 5825 5827 5823
f 5825 5818 5821
f 5828 5831 5829
f 5830 5835 5831
f 5832 5835 5830
f 5832 5837 5834
f 5836 5834 5837
f 5836 5829 5831
f 5839 5842 5840
f 5841 5845 5842
f 5843 5845 5841
f 5843 5847 5844
f 5846 5844 5847
f 5840 5842 5844
f 5849 5852 5850
f 5851 5856 5852
f 5853 5856 5851
f 5853 5858 5855
f 5857 5855 5858
f 5850 5852 5855
f 5860 5863 5861
f 5862 5867 5863
f 5864 5867 5862
f 5864 5869 5866
f 5868 5866 5869
f 5868 5861 5863
f 5871 5874 5872
f 5873 5878 5874
f 5875 5878 5873
f 5875 5880 5877
f 5879 5877 5880
f 5872 5874 5877
f 5882 5885 5883
f 5884 5889 5885
f 5886 5889 5884
f 5886 5891 5888
f 5890 5888 5891
f 5890 5883 5885
f 5893 5896 5894
f 5895 5900 5896
f 5897 5900 5895
f 5897 5902 5899
f 5901 5899 5902
f 5894 5896 5899
f 5904 5907 5905
f 5906 5911 5907
f 5908 5911 5906
f 5908 5913 5910
f 5912 5910 5913
f 5912 5905 5907
f 5915 5918 5916
f 5917 5922 5918
f 5919 5922 5917
f 5919 5924 5921
f 5923 5921 5924
f 5916 5918 5921
f 5926 5929 5927
f 5928 5932 5929
f 5930 5932 5928
f 5930 5934 5931
f 5933 5931 5934
f 5927 5929 5931
f 5936 5939 5937
f 5938 5943 5939
f 5940 5943 5938
f 5940 5945 5942
f 5944 5942 5945
f 5944 5937 5939
f 5947 5950 5948
f 5949 5954 5950
f 5951 5954 5949
f 5951 5956 5953
f 5955 5953 5956
f 5948 5950 5953
f 5958 5961 5959
f 5960 5965 5961
f 5962 5965 5960
f 5962 5967 5964
f 5966 5964 5967
f 5966 5959 5961
f 5969 5972 5970
f 5971 5976 5972
f 5973 5976 5971
f 5973 5978 5975
f 5977 5975 5978
f 5977 5970 5972
f 5980 5983 5981
f 5982 5987 5983
f 5984 5987 5982
f 5984 5989 5986
f 5988 5986 5989
f 5981 5983 5986
f 5991 5994 5992
f 5993 5998 5994
f 5995 5998 5993
f 5995 6000 5997
f 5999 5997 6000
f 5992 5994 5997
f 6002 6005 6003
f 6004 6009 6005
f 6006 6009 6004
f 6006 6011 6008
f 6010 6008 6011
f 6003 6005 6008
f 6013 6016 6014
f 6015 6019 6016
f 6017 6019 6015
f 6017 6021 6018
f 6020 6018 6021
f 6014 6016 6018
f 6023 6026 6024
f 6025 6030 6026
f 6027 6030 6025
f 6027 6032 6029
f 6031 6029 6032
f 6024 6026 6029
f 6034 6037 6035
f 6036 6041 6037
f 6038 6041 6036
f 6038 6043 6040
f 6042 6040 6043
f 6035 6037 6040
f 6045 6048 6046
f 6047 6052 6048
f 6049 6052 6047
f 6049 6054 6051
f 6053 6051 6054
f 6046 6048 6051
f 6056 6059 6057
f 6058 6063 6059
f 6060 6063 6058
f 6060 6065 6062
f 6064 6062 6065
f 6064 6057 6059
f 6067 6070 6068
f 6069 6074 6070
f 6071 6074 6069
f 6071 6076 6073
f 6075 6073 6076
f 6075 6068 6070
f 6078 6081 6079
f 6080 6085 6081
f 6082 6085 6080
f 6082 6087 6084
f 6086 6084 6087
f 6086 6079 6081
f 6089 6092 6090
f 6091 6096 6092
f 6093 6096 6091
f 6093 6098 6095
f 6097 6095 6098
f 6090 6092 6095
f 6100 6103 6101
f 6102 6107 6103
f 6104 6107 6102
f 6104 6109 6106
f 6108 6106 6109
f 6101 6103 6106
f 6111 6114 6112
f 6113 6118 6114
f 6115 6118 6113
f 6115 6120 6117
f 6119 6117 6120
f 6112 6114 6117
f 6122 6125 6123
f 6124 6129 6125
f 6126 6129 6124
f 6126 6131 6128
f 6130 6128 6131
f 6130 6123 6125
f 6133 6136 6134
f 6135 6140 6136
f 6137 6140 6135
f 6137 6142 6139
f 6141 6139 6142
f 6134 6136 6139
f 6144 6147 6145
f 6146 6151 6147
f 6148 6151 6146
f 6148 6153 6150
f 6152 6150 6153
f 6145 6147 6150
f 6155 6158 6156
f 6157 6162 6158
f 6159 6162 6157
f 6159 6164 6161
f 6163 6161 6164
f 6163 6156 6158
f 3578 3895 3873
f 3895 3889 3866
f 3889 3891 3867
f 3577 3878 3910
f 3878 3875 3900
f 3875 3877 3574
f 3885 3884 3870
f 3884 3880 3872
f 3880 3577 3579
f 3645 3896 3907
f 3896 3894 3908
f 3908 3894 3578
f 3644 3919 3897
f 3919 3913 3890
f 3890 3913 3915
f 3643 3906 3933
f 3933 3906 3903
f 3903 3905 3481
f 3666 3922 3930
f 3922 3918 3931
f 3918 3644 3934
f 3666 3665 3942
f 3921 3942 3936
f 3914 3936 3938
f 3664 3928 3956
f 3928 3927 3947
f 3927 3484 3486
f 3591 3945 3953
f 3945 3941 3957
f 3941 3665 3958
f 3591 3590 3965
f 3965 3959 3937
f 3959 3961 3938
f 3589 3951 3980
f 3951 3950 3970
f 3970 3950 3487
f 3612 3966 3977
f 3966 3964 3978
f 3964 3590 3981
f 3611 3989 3967
f 3989 3983 3960
f 3983 3985 3961
f 3610 3975 4003
f 3975 3973 3994
f 3973 3974 3490
f 3633 3990 4000
f 3990 3988 4004
f 3988 3611 4005
f 3632 4012 3991
f 3991 4012 4006
f 3984 4006 4008
f 3631 3998 4027
f 3998 3997 4017
f 3997 3493 3495
f 3657 4013 4024
f 4013 4011 4028
f 4011 3632 4029
f 3656 4036 4014
f 4036 4030 4007
f 4030 4032 4008
f 3655 4023 4050
f 4050 4023 4020
f 4020 4022 3496
f 3570 4037 4047
f 4037 4035 4051
f 4035 3656 4052
f 3569 4059 4038
f 4059 4053 4031
f 4053 4055 4032
f 3568 4045 4074
f 4045 4044 4064
f 4044 3499 3501
f 3603 4060 4071
f 4071 4060 4058
f 4058 3569 4075
f 3602 4083 4061
f 4083 4077 4054
f 4077 4079 4055
f 3601 4069 4097
f 4097 4069 4067
f 4088 4067 4068
f 3624 4086 4094
f 4086 4082 4098
f 4082 3602 4099
f 3623 4106 4085
f 4106 4100 4078
f 4078 4100 4102
f 3622 4092 4120
f 4120 4092 4091
f 4091 3505 3507
f 3648 4109 4117
f 4109 4105 4118
f 4105 3623 4121
f 3647 4129 4108
f 4129 4123 4101
f 4101 4123 4125
f 3646 4115 4143
f 4115 4114 4134
f 4134 4114 3508
f 3669 4132 4140
f 4132 4128 4144
f 4128 3647 4145
f 3668 4152 4131
f 4152 4146 4124
f 4124 4146 4148
f 3667 4139 4166
f 4139 4137 4157
f 4157 4137 3511
f 3594 4155 4163
f 4155 4151 4164
f 4151 3668 4167
f 3593 4175 4154
f 4175 4169 4147
f 4169 4171 4148
f 3592 4162 4189
f 4162 4160 4180
f 4160 3514 3516
f 3615 4176 4186
f 4176 4174 4190
f 4174 3593 4191
f 3614 4198 4177
f 4177 4198 4192
f 4192 4194 4171
f 4214 3613 4184
f 4184 4183 4203
f 4183 3517 3519
f 3636 4199 4210
f 4199 4197 4211
f 4211 4197 3614
f 3636 3635 4222
f 4200 4222 4216
f 4193 4216 4218
f 3634 4208 4236
f 4208 4206 4227
f 4206 4207 3520
f 3660 4225 4233
f 4225 4221 4237
f 4221 3635 4238
f 3659 4245 4224
f 4245 4239 4217
f 4239 4241 4218
f 4262 3658 4232
f 4232 4230 4250
f 4230 3523 3525
f 3585 4246 4257
f 4246 4244 4261
f 4261 4244 3659
f 3584 4269 4247
f 4269 4263 4240
f 4263 4265 4241
f 3583 4255 4284
f 4284 4255 4253
f 4253 4254 3526
f 3606 4270 4281
f 4270 4268 4282
f 4268 3584 4285
f 3605 4293 4271
f 4271 4293 4287
f 4287 4289 4265
f 4309 3604 4280
f 4307 4280 4277
f 4298 4277 4279
f 3625 3627 4296
f 4296 4292 4308
f 4308 4292 3605
f 3627 3626 4316
f 4316 4310 4288
f 4310 4312 4289
f 4333 3625 4303
f 4303 4301 4321
f 4301 3532 3534
f 3651 4319 4328
f 4319 4315 4332
f 4315 3626 4333
f 3650 4340 4318
f 4318 4340 4334
f 4311 4334 4336
f 4356 3649 4326
f 4354 4326 4324
f 4324 4325 3535
f 3672 4341 4351
f 4341 4339 4355
f 4339 3650 4356
f 3672 3671 4363
f 4342 4363 4357
f 4335 4357 4359
f 4378 3670 4350
f 4350 4348 4368
f 4368 4348 3538
f 3597 4364 4374
f 4364 4362 4375
f 4362 3671 4378
f 3596 4386 4365
f 4365 4386 4380
f 4380 4382 4359
f 3595 4372 4401
f 4372 4371 4391
f 4371 3541 3543
f 3618 4387 4398
f 4387 4385 4402
f 4385 3596 4403
f 3618 3617 4410
f 4410 4404 4381
f 4381 4404 4406
f 4427 3616 4396
f 4425 4396 4394
f 4415 4394 4395
f 3639 4413 4422
f 4422 4413 4409
f 4409 3617 4427
f 3639 3638 4434
f 4412 4434 4428
f 4405 4428 4430
f 3637 4420 4449
f 4420 4418 4439
f 4418 4419 3547
f 3663 4435 4446
f 4435 4433 4450
f 4433 3638 4451
f 3662 4458 4436
f 4436 4458 4452
f 4452 4454 4430
f 3661 4445 4473
f 4473 4445 4442
f 4463 4442 4444
f 3588 4461 4470
f 4461 4457 4471
f 4471 4457 3662
f 3588 3587 4482
f 4482 4476 4453
f 4453 4476 4478
f 4497 3586 4469
f 4469 4466 4487
f 4466 4468 3553
f 3609 4483 4493
f 4483 4481 4494
f 4494 4481 3587
f 3609 3608 4505
f 4484 4505 4499
f 4477 4499 4501
f 3607 4492 4519
f 4519 4492 4490
f 4510 4490 3556
f 3630 4506 4516
f 4506 4504 4520
f 4504 3608 4521
f 3629 4528 4507
f 4507 4528 4522
f 4522 4524 4501
f 4545 3628 4514
f 4514 4513 4533
f 4513 3559 3561
f 3654 4531 4540
f 4531 4527 4544
f 4527 3629 4545
f 3653 4552 4530
f 4530 4552 4546
f 4546 4548 4524
f 4568 3652 4539
f 4539 4536 4557
f 4536 4538 3562
f 3675 4555 4564
f 4555 4551 4565
f 4551 3653 4568
f 3675 3674 4576
f 4576 4570 4547
f 4570 4572 4548
f 3673 4562 4590
f 4590 4562 4560
f 4581 4560 4561
f 3600 4577 4587
f 4577 4575 4591
f 4591 4575 3674
f 3600 3599 4599
f 4599 4593 4571
f 4571 4593 4595
f 3598 4585 4614
f 4614 4585 4584
f 4584 3571 3573
f 3480 4602 4611
f 4602 4598 4612
f 4598 3599 4615
f 3479 3871 4601
f 3871 3865 4594
f 3865 3867 4595
f 3478 4609 3883
f 3883 4609 4607
f 4607 4608 3640
f 3575 4619 4639
f 4639 4619 4617
f 4630 4617 3619
f 3483 3482 4634
f 4652 4634 4633
f 4633 3679 3681
f 3485 4649 4647
f 4647 4645 4655
f 4645 3745 3747
f 3488 4662 4660
f 4660 4658 4668
f 4668 4658 3754
f 3492 3491 4672
f 4690 4672 4671
f 4671 3763 3765
f 4687 4685 4702
f 4685 4683 4693
f 4693 4683 3676
f 3498 3497 4698
f 4698 4696 4705
f 4705 4696 3685
f 3500 4712 4709
f 4709 4708 4718
f 4708 3691 3693
f 3504 3503 4723
f 4741 4723 4721
f 4731 4721 4722
f 3506 4738 4735
f 4754 4735 4734
f 4734 3703 3705
f 4751 4749 4767
f 4749 4747 4757
f 4747 3709 3711
f 3512 4764 4761
f 4761 4760 4770
f 4770 4760 3715
f 3515 4777 4775
f 4793 4775 4773
f 4773 3721 3723
f 4790 4787 4805
f 4805 4787 4786
f 4786 3727 3729
f 3522 3521 4801
f 4801 4799 4808
f 4808 4799 3733
f 3524 4815 4813
f 4830 4813 4811
f 4811 3742 3744
f 3528 3527 4825
f 4842 4825 4824
f 4833 4824 3751
f 3531 3530 4837
f 4855 4837 4836
f 4836 3760 3762
f 4852 4849 4867
f 4867 4849 4848
f 4858 4848 3580
f 3536 4862 4880
f 4862 4861 4870
f 4861 3682 3684
f 3539 4877 4875
f 4875 4873 4883
f 4883 4873 3688
f 3542 4890 4888
f 4888 4886 4896
f 4896 4886 3694
f 3545 4902 4919
f 4902 4899 4909
f 4899 4901 3700
f 3549 3548 4914
f 4931 4914 4912
f 4912 4913 3706
f 3552 3551 4927
f 4943 4927 4925
f 4925 3712 3714
f 3555 3554 4938
f 4956 4938 4937
f 4937 3718 3720
f 3557 4953 4951
f 4951 4949 4959
f 4959 4949 3724
f 4966 4963 4981
f 4963 4962 4972
f 4962 3730 3732
f 3564 3563 4976
f 4993 4976 4975
f 4975 3739 3741
f 3567 3566 4988
f 5006 4988 4987
f 4987 3748 3750
f 5003 5000 5018
f 5018 5000 4999
f 5009 4999 3757
f 3642 3641 5013
f 5013 5012 4628
f 5012 3736 3738
f 3494 4700 4016
f 4700 4699 4021
f 4021 4699 3497
f 3499 4042 4711
f 4711 4042 4040
f 4713 4040 3496
f 3522 4819 4226
f 4819 4814 4231
f 4814 4815 3523
f 4254 4251 4827
f 4827 4251 4249
f 4249 3525 3524
f 3547 3549 4932
f 4932 4928 4443
f 4443 4928 3551
f 4468 4467 4940
f 4940 4467 4462
f 4941 4462 3550
f 3483 4653 3923
f 4653 4648 3925
f 3925 4648 4649
f 4662 3487 3948
f 4661 3948 3946
f 3946 3486 3485
f 3509 4768 4133
f 4133 4768 4763
f 4138 4763 4764
f 4777 3514 4161
f 4776 4161 4156
f 4156 3513 3512
f 3537 4878 4344
f 4344 4878 4876
f 4876 4877 3538
f 4890 3541 4369
f 4369 4367 4894
f 4367 3540 3539
f 3564 4991 4556
f 4991 4990 4558
f 4558 4990 3566
f 3571 4582 5002
f 5002 4582 4580
f 4580 3565 3567
f 4068 4065 4725
f 4725 4065 4063
f 4063 3501 3500
f 3530 4279 4278
f 4839 4278 4273
f 4273 3526 3528
f 4953 3556 4491
f 4491 4486 4957
f 4957 4486 3553
f 3974 3971 4674
f 4674 3971 3969
f 3969 3489 3488
f 3517 4181 4789
f 4789 4181 4179
f 4179 3516 3515
f 4395 4392 4903
f 4903 4392 4390
f 4907 4390 3543
f 3641 4608 4605
f 5015 4605 4603
f 5016 4603 3573
f 4738 3505 4089
f 4089 4087 4739
f 4087 3502 3504
f 4852 3532 4302
f 4302 4297 4856
f 4297 3529 3531
f 4966 3559 4511
f 4965 4511 4509
f 4509 3558 3557
f 4687 3493 3995
f 4686 3995 3993
f 3993 3490 3492
f 4207 4204 4802
f 4204 4202 4806
f 4202 3519 3518
f 4419 4416 4916
f 4416 4414 4920
f 4920 4414 3544
f 3642 4622 3887
f 3887 4622 4621
f 4621 3575 3877
f 3482 3905 3904
f 3904 3899 4640
f 4640 3899 3574
f 4751 3508 4112
f 4112 4110 4755
f 4755 4110 3507
f 4325 4322 4864
f 4864 4322 4320
f 4320 3534 3533
f 3563 4538 4537
f 4537 4532 4982
f 4982 4532 3561
f 5027 5026 5048
f 5026 5020 5036
f 5020 5022 5037
f 3680 5046 5045
f 5063 5045 5040
f 5051 5040 5041
f 5061 5060 5078
f 5060 5055 5066
f 5066 5055 5056
f 5076 5075 5093
f 5093 5075 5070
f 5081 5070 5071
f 5091 5090 5108
f 5090 5085 5096
f 5096 5085 5086
f 3677 5106 5105
f 5123 5105 5100
f 5111 5100 5102
f 5121 5120 5138
f 5138 5120 5115
f 5126 5115 5117
f 5136 5135 5152
f 5152 5135 5130
f 5141 5130 5131
f 3698 5150 5167
f 5150 5145 5155
f 5155 5145 5146
f 5165 5164 5182
f 5164 5159 5170
f 5159 5160 5171
f 3710 5180 5179
f 5197 5179 5174
f 5185 5174 5175
f 5195 5194 5212
f 5194 5189 5200
f 5200 5189 5190
f 5210 5209 5227
f 5227 5209 5204
f 5204 5205 5216
f 5225 5224 5242
f 5242 5224 5219
f 5219 5221 5231
f 5240 5239 5257
f 5239 5234 5245
f 5234 5236 5246
f 5255 5254 5272
f 5254 5249 5260
f 5260 5249 5251
f 5270 5269 5287
f 5287 5269 5264
f 5275 5264 5266
f 3761 5285 5284
f 5302 5284 5279
f 5279 5281 5291
f 3581 5300 5299
f 5317 5299 5294
f 5305 5294 5296
f 3683 5315 5314
f 5332 5314 5309
f 5320 5309 5311
f 5330 5329 5347
f 5347 5329 5324
f 5335 5324 5326
f 5345 5344 5361
f 5344 5339 5350
f 5350 5339 5341
f 3701 5359 5375
f 5359 5354 5364
f 5354 5356 5365
f 3707 5373 5390
f 5390 5373 5368
f 5378 5368 5369
f 5388 5387 5405
f 5387 5382 5393
f 5382 5384 5394
f 5403 5402 5420
f 5402 5397 5408
f 5397 5398 5409
f 5418 5417 5435
f 5417 5412 5423
f 5412 5413 5424
f 5433 5432 5450
f 5450 5432 5427
f 5438 5427 5429
f 5448 5447 5465
f 5465 5447 5442
f 5453 5442 5444
f 5463 5462 5480
f 5462 5457 5468
f 5457 5459 5469
f 5478 5477 5495
f 5495 5477 5472
f 5472 5473 5484
f 5493 5492 5029
f 5029 5492 5487
f 5031 5487 5489
f 3752 5286 4832
f 4832 5286 5283
f 5283 5285 3760
f 3580 4846 5298
f 5298 4846 4844
f 5301 4844 3762
f 3755 5094 4667
f 5094 5089 4669
f 5089 5091 3763
f 5106 3676 4684
f 5104 4684 4679
f 4679 3765 3764
f 3758 5494 5008
f 5494 5491 5010
f 5491 5493 3736
f 5027 3619 4618
f 4618 4627 5030
f 4627 3738 3737
f 3682 4859 5313
f 4859 4857 5318
f 5318 4857 3582
f 3685 4697 5119
f 4697 4692 5124
f 4692 3678 3677
f 3688 4874 5328
f 4874 4869 5333
f 5333 4869 3684
f 3691 4706 5134
f 5134 4706 4704
f 4704 3687 3686
f 3694 4887 5343
f 4887 4882 5348
f 4882 3690 3689
f 4722 4719 5149
f 4719 4717 5153
f 4717 3693 3692
f 4901 4900 5358
f 4900 4895 5362
f 5362 4895 3696
f 3703 4732 5163
f 5163 4732 4730
f 4730 3697 3699
f 4913 4910 5372
f 4910 4908 5374
f 4908 3700 3702
f 5180 3709 4748
f 5178 4748 4743
f 5183 4743 3705
f 3712 4926 5386
f 4926 4921 5391
f 4921 3706 3708
f 5195 3715 4758
f 5193 4758 4756
f 4756 3711 3710
f 3718 4935 5401
f 5401 4935 4933
f 5404 4933 3714
f 3721 4774 5208
f 4774 4769 5213
f 5213 4769 3717
f 3724 4950 5416
f 4950 4945 5421
f 4945 3720 3719
f 5225 3727 4784
f 4784 4782 5228
f 4782 3723 3722
f 3730 4960 5431
f 5431 4960 4958
f 5436 4958 3726
f 3733 4800 5238
f 4800 4795 5243
f 4795 3729 3728
f 3679 4631 5044
f 4631 4629 5049
f 5049 4629 3621
f 3739 4973 5446
f 4973 4971 5451
f 4971 3732 3731
f 3742 4812 5253
f 5253 4812 4807
f 4807 3735 3734
f 3745 4646 5059
f 5059 4646 4641
f 4641 3681 3680
f 3748 4985 5461
f 5461 4985 4983
f 5464 4983 3741
f 5270 3751 4822
f 4822 4820 5273
f 4820 3744 3743
f 3754 4659 5074
f 4659 4654 5079
f 4654 3747 3746
f 5478 3757 4997
f 5476 4997 4995
f 4995 3750 3749
f 5022 5501 5515
f 5501 5497 5508
f 5497 3769 3771
f 5052 5041 5514
f 5526 5514 5511
f 5518 5511 3832
f 5067 5056 5524
f 5524 5521 5528
f 5521 3802 3804
f 5082 5071 5534
f 5546 5534 5531
f 5531 3811 3813
f 5086 5544 5556
f 5544 5541 5548
f 5548 5541 3820
f 5112 5102 5554
f 5565 5554 5551
f 5551 3829 3831
f 5127 5117 5564
f 5575 5564 5561
f 5568 5561 3838
f 5131 5574 5585
f 5585 5574 5571
f 5578 5571 3844
f 5156 5146 5584
f 5584 5581 5588
f 5581 3850 3852
f 5171 5160 5594
f 5606 5594 5591
f 5598 5591 3856
f 5175 5604 5615
f 5604 5601 5608
f 5601 3862 3864
f 5201 5190 5614
f 5625 5614 5611
f 5611 3772 3774
f 5205 5624 5636
f 5624 5621 5628
f 5621 3778 3780
f 5221 5634 5646
f 5634 5631 5638
f 5638 5631 3784
f 5246 5236 5644
f 5656 5644 5641
f 5641 3790 3792
f 5261 5251 5654
f 5665 5654 5651
f 5651 3799 3801
f 5276 5266 5664
f 5664 5661 5668
f 5661 3808 3810
f 5281 5674 5685
f 5685 5674 5671
f 5671 3817 3819
f 5306 5296 5684
f 5696 5684 5681
f 5681 3826 3828
f 5321 5311 5694
f 5694 5691 5698
f 5691 3835 3837
f 5336 5326 5704
f 5704 5701 5708
f 5701 3841 3843
f 5351 5341 5714
f 5725 5714 5711
f 5711 3847 3849
f 5356 5724 5736
f 5736 5724 5721
f 5728 5721 3853
f 5379 5369 5734
f 5734 5731 5738
f 5738 5731 3859
f 5384 5744 5755
f 5755 5744 5741
f 5748 5741 3766
f 5409 5398 5754
f 5765 5754 5751
f 5751 3775 3777
f 5413 5764 5775
f 5775 5764 5761
f 5768 5761 3781
f 5439 5429 5774
f 5774 5771 5778
f 5771 3787 3789
f 5444 5784 5795
f 5784 5781 5788
f 5781 3796 3798
f 5459 5794 5805
f 5794 5791 5798
f 5791 3805 3807
f 5473 5804 5815
f 5815 5804 5801
f 5801 3814 3816
f 5489 5814 5502
f 5814 5811 5503
f 5811 3793 3795
f 3770 5819 5818
f 5828 5818 5825
f 5825 5826 5833
f 5838 5837 5839
f 5837 5832 5841
f 5832 5833 3825
f 3803 5848 5847
f 5847 5843 5851
f 5843 3825 5854
f 5859 5858 5860
f 5860 5858 5853
f 5862 5853 5854
f 5870 5869 5871
f 5871 5869 5864
f 5873 5864 5865
f 3830 5881 5880
f 5880 5875 5884
f 5875 5876 5887
f 3839 5892 5891
f 5891 5886 5895
f 5895 5886 5887
f 5903 5902 5904
f 5904 5902 5897
f 5906 5897 5898
f 5914 5913 5915
f 5915 5913 5908
f 5908 5909 5920
f 5925 5924 5926
f 5924 5919 5928
f 5919 5920 3824
f 3863 5935 5934
f 5934 5930 5938
f 5930 3824 5941
f 5946 5945 5947
f 5947 5945 5940
f 5940 5941 5952
f 5957 5956 5958
f 5958 5956 5951
f 5951 5952 5963
f 5968 5967 5969
f 5969 5967 5962
f 5962 5963 5974
f 3791 5979 5978
f 5978 5973 5982
f 5982 5973 5974
f 5990 5989 5991
f 5991 5989 5984
f 5984 5985 5996
f 6001 6000 6002
f 6002 6000 5995
f 5995 5996 6007
f 3818 6012 6011
f 6011 6006 6015
f 6015 6006 6007
f 6022 6021 6023
f 6023 6021 6017
f 6017 3823 6028
f 6033 6032 6034
f 6034 6032 6027
f 6036 6027 6028
f 3842 6044 6043
f 6043 6038 6047
f 6047 6038 6039
f 6055 6054 6056
f 6056 6054 6049
f 6049 6050 6061
f 6066 6065 6067
f 6067 6065 6060
f 6060 6061 6072
f 6077 6076 6078
f 6078 6076 6071
f 6071 6072 6083
f 6088 6087 6089
f 6089 6087 6082
f 6082 6083 6094
f 3776 6099 6098
f 6098 6093 6102
f 6102 6093 6094
f 6110 6109 6111
f 6109 6104 6113
f 6113 6104 6105
f 6121 6120 6122
f 6120 6115 6124
f 6115 6116 6127
f 3797 6132 6131
f 6131 6126 6135
f 6135 6126 6127
f 3806 6143 6142
f 6144 6142 6137
f 6137 6138 6149
f 3815 6154 6153
f 6153 6148 6157
f 6157 6148 6149
f 6165 6164 5822
f 5822 6164 6159
f 5823 6159 6160
f 3854 6068 5727
f 5727 6068 6075
f 6075 6077 3859
f 3766 5742 6086
f 5742 5737 6079
f 6079 5737 3861
f 3857 5927 5597
f 5597 5927 5933
f 5933 5935 3862
f 3772 5609 5944
f 5944 5609 5607
f 5607 3864 3863
f 3775 5752 6097
f 5752 5747 6090
f 5747 3768 3767
f 3778 5622 5955
f 5622 5617 5948
f 5617 3774 3773
f 3781 5759 6108
f 5759 5757 6101
f 6101 5757 3777
f 5968 3784 5629
f 5629 5627 5959
f 5627 3780 3779
f 3787 5772 6119
f 5772 5767 6112
f 5767 3783 3782
f 3790 5642 5977
f 5642 5637 5970
f 5970 5637 3786
f 3794 5820 5505
f 5505 5820 5817
f 5817 5819 3769
f 3832 5512 5836
f 5512 5507 5829
f 5829 5507 3771
f 6132 3796 5782
f 5782 5777 6123
f 5777 3789 3788
f 3799 5649 5988
f 5988 5649 5647
f 5647 3792 3791
f 3802 5522 5846
f 5522 5517 5840
f 5840 5517 3834
f 3805 5789 6141
f 6141 5789 5787
f 5787 3798 3797
f 3808 5659 5999
f 5999 5659 5657
f 5657 3801 3800
f 3811 5529 5857
f 5857 5529 5527
f 5527 3804 3803
f 3814 5799 6152
f 5799 5797 6145
f 5797 3807 3806
f 3817 5669 6010
f 6010 5669 5667
f 5667 3810 3809
f 5870 3820 5539
f 5539 5537 5861
f 5537 3813 3812
f 3793 5809 6163
f 6163 5809 5807
f 5807 3816 3815
f 3826 5682 6020
f 5682 5677 6014
f 6014 5677 3819
f 5881 3829 5552
f 5552 5547 5872
f 5872 5547 3822
f 3835 5689 6031
f 6031 5689 5687
f 5687 3828 3827
f 3838 5562 5890
f 5562 5557 5883
f 5883 5557 3831
f 6044 3841 5699
f 5699 5697 6035
f 5697 3837 3836
f 3844 5569 5901
f 5901 5569 5567
f 5567 3840 3839
f 3847 5709 6053
f 6053 5709 5707
f 5707 3843 3842
f 3850 5579 5912
f 5912 5579 5577
f 5577 3846 3845
f 3853 5719 6064
f 5719 5717 6057
f 6057 5717 3849
f 3856 5592 5923
f 5592 5587 5916
f 5916 5587 3852
f 4595 3867 3891
f 3891 3915 3938
f 3938 3961 4032
f 3961 3985 4032
f 3985 4008 4032
f 4032 4055 4125
f 4055 4079 4125
f 4079 4102 4125
f 4125 4148 4218
f 4148 4171 4218
f 4171 4194 4218
f 4218 4241 4265
f 4265 4289 4312
f 4312 4336 4359
f 4359 4382 4406
f 4406 4430 4454
f 4454 4478 4501
f 4501 4524 4595
f 4524 4548 4595
f 4548 4572 4595
f 4595 3891 3938
f 4218 4265 4406
f 4265 4312 4406
f 4312 4359 4406
f 4406 4454 4501
f 4595 3938 4032
f 4032 4125 4595
f 4125 4218 4595
f 4406 4501 4595
f 3116 2528 2539
f 2539 2528 3116
f 2534 2537 2538
f 2538 2536 2534
f 2534 2540 2537
f 2553 2556 2557
f 2557 2555 2553
f 2553 2559 2556
f 2571 2574 2575
f 2575 2573 2571
f 2571 2577 2574
f 2590 2593 2594
f 2594 2592 2590
f 2590 2595 2593
f 2609 2612 2613
f 2613 2611 2609
f 2609 2615 2612
f 2628 2631 2632
f 2632 2630 2628
f 2628 2633 2631
f 2647 2650 2651
f 2651 2649 2647
f 2647 2653 2650
f 2666 2669 2670
f 2670 2668 2666
f 2666 2672 2669
f 2674 2677 2679
f 2679 2676 2674
f 2674 2680 2677
f 2693 2696 2698
f 2698 2695 2693
f 2693 2699 2696
f 2712 2715 2717
f 2717 2714 2712
f 2712 2721 2715
f 2730 2733 2735
f 2735 2732 2730
f 2730 2739 2733
f 2749 2752 2754
f 2754 2751 2749
f 2749 2758 2752
f 2768 2771 2773
f 2773 2770 2768
f 2771 2774 2776
f 2776 2772 2771
f 2768 2774 2771
f 2787 2790 2792
f 2792 2789 2787
f 2787 2796 2790
f 2806 2809 2811
f 2811 2808 2806
f 2806 2815 2809
f 2825 2828 2830
f 2830 2827 2825
f 2825 2834 2828
f 2844 2847 2849
f 2849 2846 2844
f 2844 2853 2847
f 2863 2866 2868
f 2868 2865 2863
f 2863 2869 2866
f 2881 2884 2886
f 2886 2883 2881
f 2881 2887 2884
f 2900 2903 2905
f 2905 2902 2900
f 2900 2906 2903
f 2919 2922 2924
f 2924 2921 2919
f 2919 2928 2922
f 2938 2941 2943
f 2943 2940 2938
f 2938 2947 2941
f 2957 2960 2962
f 2962 2959 2957
f 2957 2966 2960
f 2987 2990 2991
f 2991 2989 2987
f 2987 2993 2990
f 3006 3009 3010
f 3010 3008 3006
f 3006 3012 3009
f 3025 3028 3029
f 3029 3027 3025
f 3025 3031 3028
f 3044 3047 3048
f 3048 3046 3044
f 3044 3049 3047
f 3063 3066 3067
f 3067 3065 3063
f 3063 3069 3066
f 3082 3085 3086
f 3086 3084 3082
f 3082 3088 3085
f 3101 3104 3105
f 3105 3103 3101
f 3101 3107 3104
f 3119 3122 3123
f 3123 3121 3119
f 3119 3125 3122