category,category_id,variant_id,stored_count,attempt_count,success_count,failure_count,attempt_step_sum,success_step_sum,failure_step_sum,attempt_step_max,num_copies,object_id,z_shift,table_size_x,table_size_y,table_size_z,object_mass,target_count,missing_to_target,complete_32,success_rate,stored_rate,mean_attempt_steps,mean_success_steps,mean_failure_steps,attempt_steps_per_stored,attempt_steps_per_success,stored_per_1k_attempt_steps,success_per_1k_attempt_steps,copies_with_stored,max_copy_stored,min_copy_stored,mean_copy_stored,copies_with_attempts,object_name,usable_success_fraction_est
afar,0,841,7,99,96,0,48905,47685,1220,599,4,30,0.500218391418457,0.5328766107559204,1.1588741540908811,0.050000000745058,0.5939550995826721,32,25,False,0.9696969696969696,0.0707070707070707,493.989898989899,496.71875,,6986.428571428572,509.4270833333333,0.1431346488089152,1.962989469379409,2,6,0,1.75,4,chocolate_milk_4,0.07291666666666667
afar,0,1030,8,104,103,0,49094,48495,599,599,4,22,0.5184091329574585,0.6936682462692261,0.9016708731651306,0.050000000745058,0.569069504737854,32,24,False,0.9903846153846154,0.0769230769230769,472.0576923076923,470.8252427184466,,6136.75,476.6407766990291,0.1629527029779606,2.0980160508412435,3,4,0,2.0,4,candy_cane_1,0.07766990291262135
afar,0,1768,8,107,94,4,49193,44104,5089,599,4,2,0.6388392448425293,0.6604543924331665,0.6057809591293335,0.050000000745058,0.4414663016796112,32,24,False,0.8785046728971962,0.0747663551401869,459.7476635514018,469.1914893617021,1272.25,6149.125,523.3297872340426,0.1626247636858902,1.9108409733092109,3,5,0,2.0,4,Dixie_cup_3,0.0851063829787234
afar,0,1387,9,111,100,8,48594,44264,4330,599,4,17,0.7621978521347046,0.5151833891868591,0.6565542817115784,0.050000000745058,0.4820777177810669,32,23,False,0.9009009009009008,0.081081081081081,437.7837837837838,442.64,541.25,5399.333333333333,485.94,0.1852080503765897,2.057867226406552,3,7,0,2.25,4,bottle_0,0.09
afar,0,1152,9,98,95,0,48507,47282,1225,599,4,29,0.469865083694458,0.6398716568946838,1.128596544265747,0.050000000745058,0.2737696766853332,32,23,False,0.9693877551020408,0.0918367346938775,494.9693877551021,497.7052631578948,,5389.666666666667,510.6,0.1855402313068217,1.9584802193497848,3,5,0,2.25,4,chicken_(animal)_2,0.09473684210526316
afar,0,313,11,108,106,0,48748,47550,1198,599,4,5,0.5240778923034668,0.5784991979598999,0.916940987110138,0.050000000745058,0.3922252655029297,32,21,False,0.9814814814814816,0.1018518518518518,451.3703703703704,448.5849056603773,,4431.636363636364,459.8867924528302,0.2256502830885369,2.174448182489538,3,6,0,2.75,4,Tabasco_sauce_4,0.10377358490566038
afar,0,971,11,104,102,0,48820,47622,1198,599,4,0,0.5934906601905823,0.5456260442733765,1.1713488101959229,0.050000000745058,0.532433807849884,32,21,False,0.9807692307692308,0.1057692307692307,469.4230769230769,466.88235294117646,,4438.181818181818,478.62745098039215,0.225317492830807,2.089307660794756,3,7,0,2.75,4,Band_Aid_0,0.10784313725490197
afar,0,475,11,109,99,2,49142,44662,4480,599,4,15,0.7634673118591309,0.569632887840271,0.6147445440292358,0.050000000745058,0.5984399318695068,32,21,False,0.908256880733945,0.1009174311926605,450.8440366972477,451.1313131313131,2240.0,4467.454545454545,496.3838383838384,0.2238411135077937,2.014570021570144,2,7,0,2.75,4,bolt_1,0.1111111111111111
afar,0,733,12,106,104,0,48757,48136,621,599,4,4,0.4654405117034912,0.5788153409957886,1.0375887155532837,0.050000000745058,0.7684028148651123,32,20,False,0.981132075471698,0.1132075471698113,459.97169811320754,462.84615384615387,,4063.0833333333335,468.8173076923077,0.2461185060606682,2.133027052525791,3,7,0,3.0,4,Tabasco_sauce_2,0.11538461538461539
afar,0,1260,13,111,110,0,48354,47755,599,599,4,4,0.6573865413665771,0.5269700288772583,0.6996942758560181,0.050000000745058,0.2475802451372146,32,19,False,0.990990990990991,0.1171171171171171,435.6216216216216,434.1363636363636,,3719.538461538461,439.58181818181816,0.2688505604500145,2.2748893576539686,3,7,0,3.25,4,Tabasco_sauce_2,0.11818181818181818
afar,0,188,11,101,93,1,48576,45497,3079,599,4,27,0.5932087302207947,0.5806138515472412,1.0804269313812256,0.050000000745058,0.5276781916618347,32,21,False,0.9207920792079208,0.1089108910891089,480.9504950495049,489.2150537634408,3079.0,4416.0,522.3225806451613,0.2264492753623188,1.9145256916996047,4,6,1,2.75,4,chalice_2,0.11827956989247312
afar,0,493,11,101,93,1,48940,44375,4565,599,4,26,0.425393134355545,0.5139309167861938,0.6426644325256348,0.050000000745058,0.400722473859787,32,21,False,0.9207920792079208,0.1089108910891089,484.5544554455445,477.1505376344086,4565.0,4449.090909090909,526.236559139785,0.2247650183898651,1.90028606456886,4,4,1,2.75,4,canister_3,0.11827956989247312
afar,0,1736,14,116,115,0,48332,48314,18,550,4,22,0.6293740272521973,0.5114487409591675,1.1375391483306885,0.050000000745058,0.7919716835021973,32,18,False,0.9913793103448276,0.1206896551724138,416.6551724137931,420.1217391304348,,3452.285714285714,420.2782608695652,0.2896631631217413,2.379375982785732,4,9,1,3.5,4,candy_cane_1,0.12173913043478261
afar,0,1184,12,104,93,3,48767,43572,5195,599,4,2,0.6340508460998535,0.5376307964324951,0.6369774341583252,0.050000000745058,0.5595172643661499,32,20,False,0.8942307692307693,0.1153846153846153,468.9134615384616,468.5161290322581,1731.6666666666667,4063.9166666666665,524.3763440860215,0.2460680378124551,1.9070272930465275,3,9,0,3.0,4,Dixie_cup_3,0.12903225806451613
afar,0,812,15,133,116,11,48925,44920,4005,599,4,13,0.6747121810913086,0.5376794934272766,1.0888406038284302,0.050000000745058,0.560333251953125,32,17,False,0.8721804511278195,0.112781954887218,367.8571428571428,387.2413793103448,364.09090909090907,3261.6666666666665,421.7672413793104,0.3065917220235054,2.3709759836484414,4,7,2,3.75,4,beer_can_4,0.12931034482758622
afar,0,1656,15,132,115,9,49192,44385,4807,599,4,13,0.6806146502494812,0.5429203510284424,1.1095564365386963,0.050000000745058,0.2205168306827545,32,17,False,0.8712121212121212,0.1136363636363636,372.6666666666667,385.9565217391304,534.1111111111111,3279.4666666666667,427.7565217391305,0.3049276305090259,2.3377785005691982,4,10,1,3.75,4,beer_can_4,0.13043478260869565
afar,0,1592,15,113,113,0,48389,48389,0,581,4,27,0.6375726461410522,0.6956691741943359,0.6871665120124817,0.050000000745058,0.5794078707695007,32,17,False,1.0,0.1327433628318584,428.2212389380531,428.2212389380531,,3225.9333333333334,428.2212389380531,0.3099878071462522,2.3352414805017667,2,11,0,3.75,4,chalice_2,0.13274336283185842
afar,0,730,14,107,105,0,49289,48091,1198,599,4,26,0.7882908582687378,0.6440447568893433,0.660477340221405,0.050000000745058,0.673042356967926,32,18,False,0.9813084112149532,0.1308411214953271,460.6448598130841,458.0095238095238,,3520.6428571428573,469.4190476190476,0.2840390350788208,2.1302927630911563,4,6,1,3.5,4,canister_3,0.13333333333333333
afar,0,357,14,113,105,2,49243,46153,3090,599,4,25,0.6583411693572998,0.5945822596549988,0.7201746106147766,0.050000000745058,0.6022287607192993,32,18,False,0.9292035398230089,0.1238938053097345,435.7787610619469,439.5523809523809,1545.0,3517.3571428571427,468.9809523809524,0.2843043681335418,2.132282761001564,3,6,0,3.5,4,canister_2,0.13333333333333333
afar,0,622,15,116,112,1,48804,46408,2396,599,4,22,0.7466778755187988,0.6401126384735107,1.1037839651107788,0.050000000745058,0.4356113374233246,32,17,False,0.9655172413793104,0.1293103448275862,420.7241379310345,414.3571428571428,2396.0,3253.6,435.75,0.3073518564052127,2.2948938611589216,3,10,0,3.75,4,candy_cane_1,0.13392857142857142
afar,0,1116,14,104,104,0,48759,48759,0,576,4,9,0.4633555114269256,0.6299493908882141,0.8130795955657959,0.050000000745058,0.6542348265647888,32,18,False,1.0,0.1346153846153846,468.83653846153845,468.83653846153845,,3482.785714285714,468.83653846153845,0.2871264792140938,2.1329395598761254,3,8,0,3.5,4,bear_0,0.1346153846153846
afar,0,800,15,117,111,2,48216,46457,1759,599,4,20,0.6460740566253662,0.554614245891571,0.8824062347412109,0.050000000745058,0.2091396152973175,32,17,False,0.9487179487179488,0.1282051282051282,412.1025641025641,418.5315315315315,879.5,3214.4,434.3783783783784,0.3111000497760079,2.302140368342459,4,10,1,3.75,4,can_1,0.13513513513513514
afar,0,42,14,104,101,1,48682,46885,1797,599,4,20,0.7499849796295166,0.6284818649291992,0.915029227733612,0.050000000745058,0.6701646447181702,32,18,False,0.971153846153846,0.1346153846153846,468.09615384615387,464.2079207920792,1797.0,3477.285714285714,482.0,0.2875806252824452,2.074688796680498,4,5,2,3.5,4,can_1,0.13861386138613863
afar,0,8,14,106,98,2,49315,45786,3529,599,4,21,0.627803385257721,0.523331880569458,1.1593985557556152,0.050000000745058,0.6740430593490601,32,18,False,0.9245283018867924,0.1320754716981132,465.2358490566038,467.2040816326531,1764.5,3522.5,503.2142857142857,0.2838892831795599,1.98722498225692,4,7,1,3.5,4,candle_holder_4,0.14285714285714285
afar,0,1490,16,115,112,0,48737,47314,1423,599,4,23,0.6475529670715332,0.5229109525680542,0.6181280016899109,0.050000000745058,0.7706459760665894,32,16,False,0.9739130434782608,0.1391304347826087,423.8,422.44642857142856,,3046.0625,435.1517857142857,0.3282926729179063,2.298048710425344,3,9,0,4.0,4,canister_0,0.14285714285714285
afar,0,586,15,116,104,0,49061,45919,3142,599,4,27,0.4886913001537323,0.5778125524520874,0.7858957648277283,0.050000000745058,0.7491414546966553,32,17,False,0.896551724137931,0.1293103448275862,422.9396551724138,441.5288461538461,,3270.733333333333,471.74038461538464,0.3057418315973991,2.119810032408634,4,5,2,3.75,4,chalice_2,0.14423076923076922
afar,0,358,17,118,117,0,49165,48566,599,599,4,19,0.6966222524642944,0.5175691246986389,0.86296546459198,0.050000000745058,0.6643967032432556,32,15,False,0.9915254237288136,0.1440677966101695,416.6525423728813,415.0940170940171,,2892.058823529412,420.2136752136752,0.3457744330316282,2.379741686158853,2,14,0,4.25,4,bottle_3,0.1452991452991453
afar,0,1335,17,165,117,22,49283,40785,8498,599,4,13,0.7534548044204712,0.5701601505279541,0.6838695406913757,0.050000000745058,0.6025640368461609,32,15,False,0.7090909090909091,0.103030303030303,298.6848484848485,348.5897435897436,386.27272727272725,2899.0,421.22222222222223,0.3449465332873405,2.374043787918755,3,10,0,4.25,4,beer_can_4,0.1452991452991453
afar,0,145,14,103,96,1,49004,45865,3139,599,4,15,0.5547129511833191,0.6760092973709106,0.6474350690841675,0.050000000745058,0.5647917985916138,32,18,False,0.9320388349514565,0.1359223300970873,475.7669902912621,477.7604166666667,3139.0,3500.285714285714,510.4583333333333,0.2856909640029385,1.959023753163007,2,10,0,3.5,4,bolt_1,0.14583333333333334
afar,0,100,18,148,120,20,49325,43539,5786,567,4,12,0.7831765413284302,0.6451619863510132,0.7816890478134155,0.050000000745058,0.459712266921997,32,14,False,0.8108108108108109,0.1216216216216216,333.27702702702703,362.825,289.3,2740.277777777778,411.0416666666667,0.3649265078560568,2.432843385707045,3,8,0,4.5,4,beer_can_1,0.15
afar,0,1977,19,134,126,0,49132,48066,1066,599,4,24,0.7325887680053711,0.5767289400100708,0.695621907711029,0.050000000745058,0.5982367396354675,32,13,False,0.9402985074626866,0.1417910447761194,366.6567164179105,381.4761904761905,,2585.894736842105,389.936507936508,0.3867133436456891,2.564520068387202,4,10,1,4.75,4,canister_1,0.15079365079365079
afar,0,1328,15,106,98,0,48651,45595,3056,599,4,28,0.5816020369529724,0.5165081024169922,1.1061900854110718,0.050000000745058,0.2608874142169952,32,17,False,0.9245283018867924,0.1415094339622641,458.97169811320754,465.2551020408163,,3243.4,496.4387755102041,0.3083184312758216,2.0143470843353684,2,13,0,3.75,4,chalice_4,0.15306122448979592
afar,0,1471,15,100,97,0,48586,46789,1797,599,4,22,0.5948494076728821,0.6388261914253235,1.0470538139343262,0.050000000745058,0.2957811951637268,32,17,False,0.97,0.15,485.86,482.3608247422681,,3239.0666666666666,500.8865979381444,0.3087309101387231,1.9964598855637423,4,7,1,3.75,4,candy_cane_1,0.15463917525773196
afar,0,1771,18,117,116,0,48807,48609,198,570,4,27,0.6852947473526001,0.6232972145080566,0.8127801418304443,0.050000000745058,0.4051139950752258,32,14,False,0.9914529914529916,0.1538461538461538,417.1538461538461,419.0431034482759,,2711.5,420.75,0.368799557440531,2.3767082590612003,4,7,2,4.5,4,chalice_2,0.15517241379310345
afar,0,986,14,97,90,0,48553,44360,4193,599,4,28,0.5333540439605713,0.6258938312530518,1.0271379947662354,0.050000000745058,0.3489012122154236,32,18,False,0.9278350515463918,0.1443298969072164,500.5463917525773,492.8888888888889,,3468.0714285714284,539.4777777777778,0.2883446954874055,1.853644470990464,4,7,1,3.5,4,chalice_4,0.15555555555555556
afar,0,284,17,114,109,0,49245,48204,1041,590,4,10,0.5355719327926636,0.6506258249282837,0.6910825967788696,0.050000000745058,0.6544902920722961,32,15,False,0.956140350877193,0.1491228070175438,431.9736842105263,442.2385321100917,,2896.764705882353,451.7889908256881,0.3452127119504518,2.213422682505838,4,8,1,4.25,4,beer_bottle_0,0.1559633027522936
afar,0,449,11,91,70,2,48936,36357,12579,599,4,7,0.4232208132743835,0.6098278760910034,0.8334052562713623,0.050000000745058,0.3428889513015747,32,21,False,0.7692307692307693,0.1208791208791208,537.7582417582418,519.3857142857142,6289.5,4448.727272727273,699.0857142857143,0.2247833905509236,1.4304397580513324,3,9,0,2.75,4,atomizer_0,0.15714285714285714
afar,0,79,18,124,114,2,49873,46966,2907,599,4,16,0.7006703019142151,0.6307946443557739,0.6917995810508728,0.050000000745058,0.7853354215621948,32,14,False,0.9193548387096774,0.1451612903225806,402.2016129032258,411.9824561403509,1453.5,2770.722222222222,437.4824561403509,0.3609167284903655,2.2858059471056484,3,14,0,4.5,4,boom_microphone_1,0.15789473684210525
afar,0,1697,13,99,82,8,48744,40967,7777,599,4,31,0.4679694473743438,0.6265236735343933,0.601905345916748,0.050000000745058,0.6886065006256104,32,19,False,0.8282828282828283,0.1313131313131313,492.3636363636364,499.5975609756098,972.125,3749.538461538461,594.439024390244,0.2666994912194321,1.6822583292302642,2,11,0,3.25,4,cider_0,0.15853658536585366
afar,0,1437,17,109,106,0,48582,47141,1441,599,4,6,0.4832476377487182,0.6107610464096069,0.6685613989830017,0.050000000745058,0.2583600580692291,32,15,False,0.9724770642201837,0.1559633027522936,445.70642201834863,444.7264150943397,,2857.764705882353,458.3207547169811,0.3499238401053888,2.181878061833601,4,7,2,4.25,4,aerosol_can_1,0.16037735849056603
afar,0,1995,17,135,106,13,48943,41285,7658,599,4,13,0.7664817571640015,0.610790491104126,0.8398910760879517,0.050000000745058,0.6716989278793335,32,15,False,0.7851851851851852,0.1259259259259259,362.5407407407407,389.4811320754717,589.0769230769231,2879.0,461.7264150943397,0.3473428273706148,2.165784688310892,4,8,1,4.25,4,beer_can_4,0.16037735849056603
afar,0,708,21,145,129,6,48810,45376,3434,599,4,5,0.747859537601471,0.6760743260383606,1.1054301261901855,0.050000000745058,0.2568792998790741,32,11,False,0.8896551724137931,0.1448275862068965,336.62068965517244,351.7519379844961,572.3333333333334,2324.285714285714,378.3720930232558,0.430239704978488,2.642901044867855,3,12,0,5.25,4,Tabasco_sauce_4,0.16279069767441862
afar,0,1377,18,117,110,0,48937,46799,2138,599,4,31,0.6197900772094727,0.6215015053749084,0.6480448842048645,0.050000000745058,0.3932937383651733,32,14,False,0.9401709401709402,0.1538461538461538,418.2649572649573,425.44545454545454,,2718.722222222222,444.8818181818182,0.3678198500112389,2.2477879722909044,3,14,0,4.5,4,cider_0,0.16363636363636364
afar,0,60,15,98,89,9,48712,44391,4321,599,4,20,0.4707160592079162,0.588868260383606,0.6014170050621033,0.050000000745058,0.2497314214706421,32,17,False,0.9081632653061223,0.1530612244897959,497.0612244897959,498.7752808988764,480.1111111111111,3247.4666666666667,547.3258426966293,0.3079323370011496,1.8270651995401543,4,7,1,3.75,4,can_1,0.16853932584269662
afar,0,540,19,124,112,8,49117,44894,4223,599,4,10,0.7115095853805542,0.5275360941886902,0.615875780582428,0.050000000745058,0.7221272587776184,32,13,False,0.9032258064516128,0.1532258064516129,396.10483870967744,400.8392857142857,527.875,2585.1052631578946,438.5446428571428,0.3868314432884744,2.280269560437324,4,13,1,4.75,4,beer_bottle_0,0.16964285714285715
afar,0,1728,18,111,106,2,48851,46475,2376,599,4,30,0.6369169354438782,0.6179313659667969,1.124715805053711,0.050000000745058,0.7563589811325073,32,14,False,0.954954954954955,0.1621621621621621,440.0990990990991,438.4433962264151,1188.0,2713.9444444444443,460.85849056603774,0.3684673804016294,2.169863462365152,3,11,0,4.5,4,chocolate_milk_4,0.16981132075471697
afar,0,1654,18,120,106,5,48847,43574,5273,599,4,2,0.7038525342941284,0.6125147938728333,0.7816033363342285,0.050000000745058,0.7979819774627686,32,14,False,0.8833333333333333,0.15,407.0583333333333,411.0754716981132,1054.6,2713.722222222222,460.8207547169811,0.3684975535856859,2.170041148893484,4,11,1,4.5,4,Dixie_cup_3,0.16981132075471697
afar,0,1865,16,102,94,4,48510,44992,3518,599,4,29,0.6220390796661377,0.534173309803009,0.6203802824020386,0.050000000745058,0.6276504397392273,32,16,False,0.9215686274509804,0.1568627450980392,475.5882352941176,478.6382978723405,879.5,3031.875,516.063829787234,0.3298289012574726,1.937744794887652,3,8,0,4.0,4,chicken_(animal)_2,0.1702127659574468
afar,0,520,14,93,82,1,48622,42615,6007,599,4,11,0.4022286534309387,0.5062257647514343,1.0995464324951172,0.050000000745058,0.3265413343906402,32,18,False,0.8817204301075269,0.1505376344086021,522.8172043010753,519.6951219512196,6007.0,3473.0,592.9512195121952,0.2879355024474517,1.6864793714779318,2,9,0,3.5,4,beer_bottle_3,0.17073170731707318
afar,0,794,21,148,123,9,49337,43618,5719,599,4,31,0.7854911088943481,0.6972094178199768,0.7874162793159485,0.050000000745058,0.7425582408905029,32,11,False,0.831081081081081,0.1418918918918918,333.3581081081081,354.6178861788618,635.4444444444445,2349.3809523809523,401.1138211382114,0.4256440399700022,2.493057948395727,3,19,0,5.25,4,cider_0,0.17073170731707318
afar,0,612,19,113,110,1,49421,47624,1797,599,4,15,0.545617938041687,0.6341231465339661,1.0392005443572998,0.050000000745058,0.2929432392120361,32,13,False,0.9734513274336284,0.168141592920354,437.353982300885,432.94545454545454,1797.0,2601.1052631578946,449.2818181818182,0.3844519536229538,2.225774468343417,4,8,2,4.75,4,bolt_1,0.17272727272727273
afar,0,1807,19,118,110,4,48913,45706,3207,599,4,23,0.6620593070983887,0.548922598361969,0.6753275990486145,0.050000000745058,0.6706335544586182,32,13,False,0.9322033898305084,0.1610169491525423,414.5169491525424,415.5090909090909,801.75,2574.368421052632,444.6636363636364,0.388444789728702,2.2488908879030114,2,10,0,4.75,4,canister_0,0.17272727272727273
afar,0,1640,18,106,104,1,48811,48353,458,596,4,6,0.5021252036094666,0.5511882901191711,1.0025135278701782,0.050000000745058,0.3480101823806762,32,14,False,0.981132075471698,0.1698113207547169,460.4811320754717,464.9326923076923,458.0,2711.722222222222,469.33653846153845,0.3687693347810944,2.130667267624101,4,13,1,4.5,4,aerosol_can_1,0.17307692307692307
afar,0,507,11,90,63,11,49331,34916,14415,599,4,29,0.4229026138782501,0.5508400201797485,0.6070172786712646,0.050000000745058,0.5518167614936829,32,21,False,0.7,0.1222222222222222,548.1222222222223,554.2222222222222,1310.4545454545455,4484.636363636364,783.031746031746,0.2229835194907867,1.2770874298108694,2,10,0,2.75,4,chicken_(animal)_2,0.1746031746031746
afar,0,305,18,106,102,0,48636,46822,1814,599,4,29,0.5236636996269226,0.5488556027412415,1.1355479955673218,0.050000000745058,0.6060283184051514,32,14,False,0.9622641509433962,0.1698113207547169,458.8301886792453,459.0392156862745,,2702.0,476.8235294117647,0.3700962250185048,2.097211941771527,4,8,2,4.5,4,chicken_(animal)_2,0.17647058823529413
afar,0,674,18,102,101,0,48825,48226,599,599,4,8,0.5872516632080078,0.5835212469100952,1.1082946062088013,0.050000000745058,0.5414648056030273,32,14,False,0.9901960784313726,0.1764705882352941,478.6764705882353,477.48514851485146,,2712.5,483.4158415841584,0.3686635944700461,2.0686123911930365,3,9,0,4.5,4,bandage_4,0.1782178217821782
afar,0,658,20,112,112,0,49031,49031,0,555,4,16,0.5836643576622009,0.606764018535614,0.7521069049835205,0.050000000745058,0.5195504426956177,32,12,False,1.0,0.1785714285714285,437.7767857142857,437.7767857142857,,2451.55,437.7767857142857,0.4079052028308621,2.284269135852828,4,8,3,5.0,4,boom_microphone_1,0.17857142857142858
afar,0,1629,18,115,100,3,48525,43064,5461,599,4,12,0.6890473961830139,0.6952309608459473,0.8230245113372803,0.050000000745058,0.2064771056175232,32,14,False,0.8695652173913043,0.1565217391304348,421.9565217391304,430.64,1820.3333333333333,2695.833333333333,485.25,0.3709428129829984,2.0607934054611023,3,10,0,4.5,4,beer_can_1,0.18
afar,0,1750,19,108,105,0,48643,47079,1564,599,4,16,0.5144382119178772,0.6974828243255615,1.1148486137390137,0.050000000745058,0.5440976619720459,32,13,False,0.9722222222222222,0.1759259259259259,450.39814814814815,448.37142857142857,,2560.157894736842,463.26666666666665,0.3906009086610612,2.158583968916391,4,7,3,4.75,4,boom_microphone_1,0.18095238095238095
afar,0,492,21,119,116,1,49093,48054,1039,599,4,7,0.7203097343444824,0.5727266669273376,0.7923455834388733,0.050000000745058,0.462249219417572,32,11,False,0.9747899159663864,0.1764705882352941,412.546218487395,414.2586206896552,1039.0,2337.7619047619046,423.2155172413793,0.4277595583891797,2.362862322530707,4,10,2,5.25,4,atomizer_0,0.1810344827586207
afar,0,587,21,118,114,2,48332,46491,1841,599,4,4,0.7254030108451843,0.6935757398605347,0.7430015206336975,0.050000000745058,0.4657290577888489,32,11,False,0.9661016949152542,0.1779661016949152,409.59322033898303,407.8157894736842,920.5,2301.5238095238096,423.96491228070175,0.4344947446826119,2.3586857568484647,4,9,3,5.25,4,Tabasco_sauce_2,0.18421052631578946
afar,0,1590,22,124,119,1,49144,47484,1660,599,4,5,0.7676686644554138,0.6186113953590393,0.8934329152107239,0.050000000745058,0.3093820214271545,32,10,False,0.9596774193548387,0.1774193548387097,396.3225806451613,399.0252100840336,1660.0,2233.818181818182,412.9747899159664,0.4476640078137717,2.4214553149926745,4,11,2,5.5,4,Tabasco_sauce_4,0.18487394957983194
afar,0,52,23,126,123,2,49661,48272,1389,599,4,28,0.7085268497467041,0.6747312545776367,0.7372907996177673,0.050000000745058,0.6432989239692688,32,9,False,0.9761904761904762,0.1825396825396825,394.1349206349207,392.4552845528455,694.5,2159.1739130434785,403.7479674796748,0.4631400898089043,2.476792654195445,3,16,0,5.75,4,chalice_4,0.18699186991869918
afar,0,1531,19,105,100,1,48529,45594,2935,599,4,4,0.5828915238380432,0.5269402861595154,0.7156655192375183,0.050000000745058,0.7419853806495667,32,13,False,0.9523809523809524,0.1809523809523809,462.1809523809524,455.94,2935.0,2554.157894736842,485.29,0.3915184734900781,2.060623544684621,4,7,1,4.75,4,Tabasco_sauce_2,0.19
afar,0,663,17,94,89,1,48903,45908,2995,599,4,25,0.4164512455463409,0.6536098718643188,1.0962724685668943,0.050000000745058,0.2811291217803955,32,15,False,0.946808510638298,0.1808510638297872,520.2446808510638,515.8202247191011,2995.0,2876.6470588235293,549.4719101123595,0.3476269349528659,1.819929247694416,4,7,2,4.25,4,canister_2,0.19101123595505617
afar,0,405,18,104,93,1,49201,45684,3517,599,4,12,0.4194775819778442,0.6077768802642822,1.1643550395965576,0.050000000745058,0.7657913565635681,32,14,False,0.8942307692307693,0.173076923076923,473.08653846153845,491.2258064516129,3517.0,2733.3888888888887,529.0430107526881,0.3658462226377512,1.8902054836283813,3,11,0,4.5,4,beer_can_1,0.1935483870967742
afar,0,1528,25,133,129,0,49192,48552,640,599,4,0,0.7778972387313843,0.6361718773841858,0.7296926975250244,0.050000000745058,0.3964614570140838,32,7,False,0.9699248120300752,0.18796992481203,369.8646616541353,376.3720930232558,,1967.68,381.3333333333333,0.508212717515043,2.6223776223776225,3,13,0,6.25,4,Band_Aid_0,0.1937984496124031
afar,0,1869,19,103,98,1,48247,46402,1845,599,4,29,0.4763293266296386,0.521748423576355,1.102978229522705,0.050000000745058,0.4786527156829834,32,13,False,0.9514563106796116,0.1844660194174757,468.41747572815535,473.48979591836735,1845.0,2539.315789473684,492.3163265306122,0.3938068688208593,2.03121437602338,4,11,1,4.75,4,chicken_(animal)_2,0.19387755102040816
afar,0,1155,20,109,103,1,48525,46986,1539,599,4,5,0.4945994317531585,0.6270226836204529,0.8448053598403931,0.050000000745058,0.4577073454856872,32,12,False,0.944954128440367,0.1834862385321101,445.1834862385321,456.1747572815534,1539.0,2426.25,471.11650485436894,0.4121586810922205,2.1226172076249354,4,7,1,5.0,4,Tabasco_sauce_4,0.1941747572815534
afar,0,1679,20,105,102,1,49491,48272,1219,599,4,20,0.5721173882484436,0.5941267013549805,0.9735183119773864,0.050000000745058,0.5189385414123535,32,12,False,0.9714285714285714,0.1904761904761904,471.3428571428572,473.2549019607843,1219.0,2474.55,485.2058823529412,0.4041138792911842,2.06098078438504,4,9,2,5.0,4,can_1,0.19607843137254902
afar,0,557,20,106,102,0,48686,46290,2396,599,4,7,0.5143089294433594,0.5694399476051331,0.8158110976219177,0.050000000745058,0.3494843244552612,32,12,False,0.9622641509433962,0.1886792452830188,459.3018867924528,453.8235294117647,,2434.3,477.3137254901961,0.4107957112927741,2.095058127593148,4,9,1,5.0,4,atomizer_0,0.19607843137254902
afar,0,450,21,111,107,1,49030,46794,2236,599,4,17,0.6670066118240356,0.5489925742149353,0.8707184791564941,0.050000000745058,0.6927018761634827,32,11,False,0.963963963963964,0.1891891891891892,441.7117117117117,437.3271028037384,2236.0,2334.7619047619046,458.22429906542055,0.4283091984499286,2.1823373444829697,3,15,0,5.25,4,bottle_0,0.19626168224299065
afar,0,1808,22,115,112,1,48536,47894,642,599,4,28,0.5760686993598938,0.5182003378868103,1.044910192489624,0.050000000745058,0.6568426489830017,32,10,False,0.9739130434782608,0.1913043478260869,422.0521739130435,427.625,642.0,2206.181818181818,433.3571428571428,0.4532717982528432,2.307565518378111,4,10,2,5.5,4,chalice_4,0.19642857142857142
afar,0,792,22,117,112,1,48788,46737,2051,599,4,21,0.616051197052002,0.650556743144989,0.852651059627533,0.050000000745058,0.4457456469535827,32,10,False,0.9572649572649572,0.188034188034188,416.991452991453,417.2946428571428,2051.0,2217.6363636363635,435.6071428571428,0.450930556694269,2.295646470443552,4,8,2,5.5,4,candle_holder_4,0.19642857142857142
afar,0,1139,22,123,112,9,49492,46309,3183,516,4,17,0.718065619468689,0.5147410035133362,1.0782556533813477,0.050000000745058,0.7659009695053101,32,10,False,0.9105691056910568,0.1788617886178861,402.3739837398374,413.4732142857143,353.6666666666667,2249.6363636363635,441.8928571428572,0.4445162854602764,2.2629919987068616,3,9,0,5.5,4,bottle_0,0.19642857142857142
afar,0,956,23,127,117,5,49214,47289,1925,599,4,29,0.7942118644714355,0.6295870542526245,0.8428128957748413,0.050000000745058,0.5809820890426636,32,9,False,0.9212598425196852,0.1811023622047244,387.5118110236221,404.1794871794872,385.0,2139.7391304347825,420.6324786324786,0.4673466899662697,2.3773722924371112,3,17,0,5.75,4,chicken_(animal)_2,0.19658119658119658
afar,0,75,24,132,122,3,48946,48005,941,544,4,5,0.6439777612686157,0.6719717979431152,1.0716527700424194,0.050000000745058,0.234793946146965,32,8,False,0.9242424242424242,0.1818181818181818,370.8030303030303,393.4836065573771,313.6666666666667,2039.4166666666667,401.1967213114754,0.4903362889715196,2.4925428022718914,4,15,2,6.0,4,Tabasco_sauce_4,0.19672131147540983
afar,0,227,20,125,101,19,49384,41929,7455,599,4,2,0.7454984188079834,0.5590750575065613,1.104790210723877,0.050000000745058,0.243057295680046,32,12,False,0.808,0.16,395.072,415.13861386138615,392.3684210526316,2469.2,488.9504950495049,0.4049894702737728,2.045196824882553,4,11,1,5.0,4,Dixie_cup_3,0.19801980198019803
afar,0,2014,21,111,106,0,48943,46492,2451,599,4,19,0.5552688837051392,0.5006002187728882,1.151376724243164,0.050000000745058,0.6742224097251892,32,11,False,0.954954954954955,0.1891891891891892,440.927927927928,438.6037735849056,,2330.619047619048,461.7264150943397,0.4290705514578183,2.165784688310892,4,13,1,5.25,4,bottle_3,0.19811320754716982
afar,0,1626,21,122,106,6,48217,43137,5080,599,4,2,0.7260783910751343,0.5772721767425537,1.1779040098190308,0.050000000745058,0.249566376209259,32,11,False,0.8688524590163934,0.1721311475409836,395.2213114754098,406.9528301886792,846.6666666666666,2296.04761904762,454.87735849056605,0.4355310367712632,2.1983947570359,4,10,1,5.25,4,Dixie_cup_3,0.19811320754716982
afar,0,1661,22,113,111,0,48874,47676,1198,599,4,4,0.6720458269119263,0.5260215401649475,0.7445962429046631,0.050000000745058,0.5763838291168213,32,10,False,0.9823008849557522,0.1946902654867256,432.5132743362832,429.5135135135135,,2221.5454545454545,440.3063063063063,0.4501370872038303,2.271146212710234,4,19,1,5.5,4,Tabasco_sauce_2,0.1981981981981982
afar,0,148,22,136,111,13,48770,42870,5900,599,4,13,0.7221077680587769,0.5894812345504761,0.8051398992538452,0.050000000745058,0.2034033685922622,32,10,False,0.8161764705882353,0.1617647058823529,358.6029411764706,386.2162162162162,453.84615384615387,2216.818181818182,439.3693693693694,0.4510969858519582,2.275989337707608,3,13,0,5.5,4,beer_can_4,0.1981981981981982
afar,0,562,23,127,116,5,49150,48945,205,542,4,19,0.5534157752990723,0.5266854763031006,1.1572657823562622,0.050000000745058,0.7463997006416321,32,9,False,0.9133858267716536,0.1811023622047244,387.007874015748,421.9396551724138,41.0,2136.9565217391305,423.7068965517241,0.4679552390640895,2.360122075279756,2,12,0,5.75,4,bottle_3,0.19827586206896552
afar,0,1871,19,98,95,1,48243,47606,637,599,4,27,0.4311971366405487,0.5387714505195618,0.9936760663986206,0.050000000745058,0.7431114912033081,32,13,False,0.9693877551020408,0.1938775510204081,492.2755102040816,501.1157894736842,637.0,2539.1052631578946,507.8210526315789,0.3938395207594884,1.969197603797442,4,7,1,4.75,4,chalice_2,0.2
afar,0,1452,24,124,120,2,49310,47514,1796,599,4,9,0.712943434715271,0.6820513010025024,0.7675076127052307,0.050000000745058,0.6620832085609436,32,8,False,0.967741935483871,0.1935483870967742,397.6612903225807,395.95,898.0,2054.583333333333,410.9166666666667,0.4867166903265058,2.4335834516325288,3,14,0,6.0,4,bear_0,0.2
afar,0,171,26,142,130,5,49149,47309,1840,599,4,11,0.6855270862579346,0.5491897463798523,0.8664159178733826,0.050000000745058,0.4667235612869262,32,6,False,0.9154929577464788,0.1830985915492957,346.11971830985914,363.9153846153846,368.0,1890.3461538461536,378.0692307692308,0.5290036419866121,2.6450182099330606,4,16,1,6.5,4,beer_bottle_3,0.2
afar,0,1362,22,110,109,0,48183,47584,599,599,4,7,0.5089312791824341,0.5274407267570496,0.7723379135131836,0.050000000745058,0.7682076692581177,32,10,False,0.990909090909091,0.2,438.0272727272727,436.55045871559633,,2190.1363636363635,442.045871559633,0.4565925741444078,2.262208662806384,4,11,2,5.5,4,atomizer_0,0.2018348623853211
afar,0,1986,22,129,109,3,49032,44507,4525,599,4,12,0.7562726736068726,0.646248459815979,0.8858520984649658,0.050000000745058,0.4406640529632568,32,10,False,0.8449612403100775,0.1705426356589147,380.09302325581393,408.3211009174312,1508.3333333333333,2228.7272727272725,449.8348623853211,0.4486865720345896,2.223038015989558,4,11,1,5.5,4,beer_can_1,0.2018348623853211
afar,0,350,20,119,99,15,49324,41988,7336,599,4,2,0.7222456932067871,0.5039992928504944,1.099883794784546,0.050000000745058,0.3331229090690613,32,12,False,0.8319327731092437,0.1680672268907563,414.4873949579832,424.1212121212121,489.06666666666666,2466.2,498.22222222222223,0.4054821182385856,2.007136485280999,3,14,0,5.0,4,Dixie_cup_3,0.20202020202020202
afar,0,1315,23,115,113,0,48665,48622,43,552,4,24,0.60259610414505,0.6556098461151123,0.9132061004638672,0.050000000745058,0.4560210704803467,32,9,False,0.982608695652174,0.2,423.1739130434783,430.283185840708,,2115.8695652173915,430.6637168141593,0.4726189253056611,2.32199732867564,2,22,0,5.75,4,canister_1,0.20353982300884957
afar,0,499,23,117,113,1,49218,47744,1474,599,4,30,0.6749659180641174,0.5381765961647034,0.6923096179962158,0.050000000745058,0.4704395532608032,32,9,False,0.9658119658119658,0.1965811965811965,420.6666666666667,422.5132743362832,1474.0,2139.913043478261,435.5575221238938,0.4673087081961883,2.295908001137795,4,11,2,5.75,4,chocolate_milk_4,0.20353982300884957
afar,0,1620,22,122,108,5,49128,45931,3197,599,4,12,0.6097937822341919,0.561083197593689,1.0942659378051758,0.050000000745058,0.7287150025367737,32,10,False,0.8852459016393442,0.180327868852459,402.6885245901639,425.287037037037,639.4,2233.090909090909,454.8888888888889,0.4478098029636867,2.198339032730825,4,14,1,5.5,4,beer_can_1,0.2037037037037037
afar,0,1964,21,103,103,0,48891,48891,0,589,4,14,0.7076348066329956,0.6991634368896484,1.0817716121673584,0.050000000745058,0.4476294815540313,32,11,False,1.0,0.203883495145631,474.66990291262135,474.66990291262135,,2328.1428571428573,474.66990291262135,0.4295269067926612,2.1067272095068623,4,9,1,5.25,4,beret_2,0.20388349514563106
afar,0,218,20,105,98,1,48540,45079,3461,599,4,30,0.5258600115776062,0.6540042161941528,0.6580140590667725,0.050000000745058,0.2236566990613937,32,12,False,0.9333333333333332,0.1904761904761904,462.2857142857143,459.98979591836735,3461.0,2427.0,495.3061224489796,0.4120313143798929,2.018953440461475,4,7,2,5.0,4,chocolate_milk_4,0.20408163265306123
afar,0,150,18,92,88,0,48966,46570,2396,599,4,22,0.5322694778442383,0.5106205344200134,0.8388971090316772,0.050000000745058,0.3139382600784302,32,14,False,0.9565217391304348,0.1956521739130435,532.2391304347826,529.2045454545455,,2720.333333333333,556.4318181818181,0.3676020095576522,1.7971653800596332,3,7,0,4.5,4,candy_cane_1,0.20454545454545456
afar,0,932,24,120,117,1,49175,48179,996,599,4,23,0.5995463132858276,0.6213282346725464,0.7433322072029114,0.050000000745058,0.5746229887008667,32,8,False,0.975,0.2,409.7916666666667,411.7863247863248,996.0,2048.958333333333,420.2991452991453,0.4880528723945094,2.379257752923233,3,14,0,6.0,4,canister_0,0.20512820512820512
afar,0,1505,23,116,112,3,48794,47844,950,567,4,26,0.5918719172477722,0.6458223462104797,0.7581040859222412,0.050000000745058,0.5050942301750183,32,9,False,0.9655172413793104,0.1982758620689655,420.63793103448273,427.1785714285714,316.6666666666667,2121.478260869565,435.6607142857143,0.471369430667705,2.295364184120998,4,12,2,5.75,4,canister_3,0.20535714285714285
afar,0,1729,21,106,102,0,48835,48777,58,582,4,2,0.4346807897090912,0.5210440158843994,0.8422548770904541,0.050000000745058,0.455874502658844,32,11,False,0.9622641509433962,0.1981132075471698,460.7075471698113,478.2058823529412,,2325.4761904761904,478.7745098039216,0.4300194532609808,2.0886659158390497,4,12,2,5.25,4,Dixie_cup_3,0.20588235294117646
afar,0,1276,21,108,102,1,48981,46192,2789,599,4,24,0.4579193890094757,0.617967963218689,0.969966471195221,0.050000000745058,0.5424080491065979,32,11,False,0.9444444444444444,0.1944444444444444,453.52777777777777,452.8627450980392,2789.0,2332.428571428572,480.2058823529412,0.4287376737918785,2.082440129846267,4,12,1,5.25,4,canister_1,0.20588235294117646
afar,0,935,21,110,102,1,48993,46644,2349,599,4,19,0.685306191444397,0.6956816911697388,1.049509882926941,0.050000000745058,0.6560784578323364,32,11,False,0.9272727272727272,0.1909090909090909,445.3909090909091,457.2941176470589,2349.0,2333.0,480.3235294117647,0.4286326618088298,2.081930071642888,4,10,2,5.25,4,bottle_3,0.20588235294117646
afar,0,37,20,102,97,0,48684,45987,2697,599,4,2,0.56668621301651,0.5438715219497681,0.7366193532943726,0.050000000745058,0.2923039197921753,32,12,False,0.9509803921568628,0.196078431372549,477.2941176470589,474.0927835051546,,2434.2,501.89690721649487,0.4108125872976748,1.9924410483937227,3,10,0,5.0,4,Dixie_cup_3,0.20618556701030927
afar,0,644,20,111,97,1,48853,40607,8246,599,4,26,0.7274125218391418,0.5441778302192688,0.8064974546432495,0.050000000745058,0.4439825117588043,32,12,False,0.8738738738738738,0.1801801801801801,440.1171171171171,418.62886597938143,8246.0,2442.65,503.639175257732,0.4093914396249974,1.9855484821812377,3,13,0,5.0,4,canister_3,0.20618556701030927
afar,0,1713,23,118,111,1,49426,47349,2077,599,4,14,0.6909053325653076,0.6321811676025391,0.7618511915206909,0.050000000745058,0.232890248298645,32,9,False,0.940677966101695,0.1949152542372881,418.864406779661,426.5675675675676,2077.0,2148.9565217391305,445.2792792792793,0.4653421276251365,2.245781572451746,3,16,0,5.75,4,beret_2,0.2072072072072072
afar,0,1586,21,124,101,19,48821,42055,6766,568,4,2,0.6105729341506958,0.5344362854957581,0.7022795081138611,0.050000000745058,0.5938559174537659,32,11,False,0.8145161290322581,0.1693548387096774,393.71774193548384,416.38613861386136,356.10526315789474,2324.809523809524,483.3762376237624,0.4301427664324778,2.068781876651441,4,9,1,5.25,4,Dixie_cup_3,0.2079207920792079
afar,0,741,19,96,91,1,48996,46001,2995,599,4,4,0.4603446424007416,0.6940739154815674,0.8358169794082642,0.050000000745058,0.2616690695285797,32,13,False,0.9479166666666666,0.1979166666666666,510.375,505.5054945054945,2995.0,2578.736842105264,538.4175824175824,0.3877867581027022,1.8572944730182053,4,14,1,4.75,4,Tabasco_sauce_2,0.2087912087912088
afar,0,2010,23,142,110,15,48935,40790,8145,599,4,12,0.7822849154472351,0.5567569136619568,0.6434088945388794,0.050000000745058,0.2056518048048019,32,9,False,0.7746478873239436,0.1619718309859155,344.61267605633805,370.8181818181818,543.0,2127.608695652174,444.8636363636364,0.470011239399203,2.247879840604884,4,14,1,5.75,4,beer_can_1,0.20909090909090908
afar,0,1121,26,135,124,5,49504,47551,1953,599,4,22,0.7621603012084961,0.5558106303215027,1.1144384145736694,0.050000000745058,0.6693094372749329,32,6,False,0.9185185185185184,0.1925925925925926,366.6962962962963,383.4758064516129,390.6,1904.0,399.2258064516129,0.5252100840336135,2.504848093083387,3,13,0,6.5,4,candy_cane_1,0.20967741935483872
afar,0,735,25,138,119,8,49020,45903,3117,599,4,13,0.7020764350891113,0.5670722723007202,0.7369935512542725,0.050000000745058,0.5136690139770508,32,7,False,0.8623188405797102,0.181159420289855,355.2173913043478,385.73949579831935,389.625,1960.8,411.93277310924367,0.5099959200326397,2.4275805793553653,4,9,4,6.25,4,beer_can_4,0.21008403361344538
afar,0,1099,19,104,90,1,48219,42913,5306,599,4,12,0.6030167937278748,0.6810818314552307,1.1184223890304563,0.050000000745058,0.6769395470619202,32,13,False,0.8653846153846154,0.1826923076923076,463.6442307692308,476.81111111111113,5306.0,2537.842105263158,535.7666666666667,0.3940355461540056,1.8664841659926583,4,11,1,4.75,4,beer_can_1,0.2111111111111111
afar,0,1644,18,102,85,2,48770,41499,7271,599,4,12,0.4976767599582672,0.5344225168228149,0.835237979888916,0.050000000745058,0.719196081161499,32,14,False,0.8333333333333334,0.1764705882352941,478.1372549019608,488.22352941176473,3635.5,2709.4444444444443,573.7647058823529,0.369079352060693,1.7428747180643838,2,17,0,4.5,4,beer_can_1,0.21176470588235294
afar,0,1924,21,104,99,1,49217,47370,1847,599,4,27,0.4414137601852417,0.5649936199188232,0.8198424577713013,0.050000000745058,0.4797291159629822,32,11,False,0.9519230769230768,0.2019230769230769,473.24038461538464,478.4848484848485,1847.0,2343.6666666666665,497.14141414141415,0.4266818375764472,2.0115000914318224,3,10,0,5.25,4,chalice_2,0.21212121212121213
afar,0,1914,20,103,94,2,48193,46298,1895,599,4,0,0.4320616424083709,0.6768064498901367,0.758341372013092,0.050000000745058,0.6572281718254089,32,12,False,0.912621359223301,0.1941747572815534,467.8932038834951,492.531914893617,947.5,2409.65,512.6914893617021,0.4149980287593633,1.950490735169008,3,17,0,5.0,4,Band_Aid_0,0.2127659574468085
afar,0,607,20,157,94,46,49013,33097,15916,599,4,13,0.7875665426254272,0.5890957713127136,0.7783135175704956,0.050000000745058,0.733278751373291,32,12,False,0.5987261146496815,0.1273885350318471,312.1847133757961,352.09574468085106,346.0,2450.65,521.4148936170212,0.4080550058147838,1.917858527329484,4,9,1,5.0,4,beer_can_4,0.2127659574468085
afar,0,1849,26,122,122,0,49088,49088,0,553,4,16,0.7192060947418213,0.6922951936721802,0.7197446823120117,0.050000000745058,0.6923765540122986,32,6,False,1.0,0.2131147540983606,402.3606557377049,402.3606557377049,,1888.0,402.3606557377049,0.5296610169491526,2.4853324641460235,4,12,1,6.5,4,boom_microphone_1,0.21311475409836064
afar,0,729,22,107,103,0,49127,47443,1684,599,4,29,0.5231680870056152,0.6877124905586243,0.750089704990387,0.050000000745058,0.5411763787269592,32,10,False,0.9626168224299064,0.205607476635514,459.13084112149534,460.6116504854369,,2233.0454545454545,476.9611650485437,0.4478189183137582,2.0966067539235045,4,9,3,5.5,4,chicken_(animal)_2,0.21359223300970873
afar,0,928,25,124,117,2,49459,48876,583,564,4,31,0.6747314929962158,0.6803630590438843,1.0999062061309814,0.050000000745058,0.464266300201416,32,7,False,0.9435483870967742,0.2016129032258064,398.86290322580646,417.7435897435897,291.5,1978.36,422.7264957264957,0.5054691764896176,2.3655957459714108,3,12,0,6.25,4,cider_0,0.21367521367521367
afar,0,302,25,125,117,3,49094,47346,1748,599,4,1,0.6490961313247681,0.5015463829040527,0.6261699199676514,0.050000000745058,0.5007991194725037,32,7,False,0.936,0.2,392.752,404.6666666666667,582.6666666666666,1963.76,419.6068376068376,0.509227196806127,2.3831832810526743,2,15,0,6.25,4,Dixie_cup_0,0.21367521367521367
afar,0,1182,26,126,121,1,49205,47096,2109,599,4,29,0.6842953562736511,0.6271043419837952,1.1745586395263672,0.050000000745058,0.673485279083252,32,6,False,0.9603174603174603,0.2063492063492063,390.515873015873,389.22314049586777,2109.0,1892.5,406.6528925619835,0.5284015852047557,2.4590996849913624,4,11,3,6.5,4,chicken_(animal)_2,0.21487603305785125
afar,0,257,24,115,111,2,48755,47232,1523,599,4,17,0.7229468822479248,0.6493431925773621,1.12444806098938,0.050000000745058,0.2110516279935836,32,8,False,0.9652173913043478,0.208695652173913,423.9565217391304,425.5135135135135,761.5,2031.4583333333333,439.23423423423424,0.4922572043892934,2.276689570300482,3,12,0,6.0,4,bottle_0,0.21621621621621623
afar,0,1292,24,116,111,1,48900,46473,2427,599,4,8,0.7408955693244934,0.6184548139572144,0.889541506767273,0.050000000745058,0.3251281380653381,32,8,False,0.956896551724138,0.2068965517241379,421.5517241379311,418.6756756756757,2427.0,2037.5,440.5405405405405,0.4907975460122699,2.2699386503067487,3,10,0,6.0,4,bandage_4,0.21621621621621623
afar,0,1277,21,102,97,1,48659,46801,1858,599,4,7,0.4301923215389251,0.6867916584014893,0.8029898405075073,0.050000000745058,0.4124376475811004,32,11,False,0.9509803921568628,0.2058823529411764,477.0490196078432,482.4845360824742,1858.0,2317.095238095238,501.639175257732,0.4315748371318769,1.99346472389486,3,14,0,5.25,4,atomizer_0,0.21649484536082475
afar,0,599,25,144,115,16,48951,41991,6960,599,4,17,0.7966096997261047,0.5200470685958862,0.8379150032997131,0.050000000745058,0.5310156345367432,32,7,False,0.7986111111111112,0.1736111111111111,339.9375,365.1391304347826,435.0,1958.04,425.6608695652174,0.5107147964290821,2.349288063573778,3,16,0,6.25,4,bottle_0,0.21739130434782608
afar,0,166,24,111,110,0,48890,48291,599,599,4,25,0.5271898508071899,0.5790234804153442,1.1403651237487793,0.050000000745058,0.3494852781295776,32,8,False,0.990990990990991,0.2162162162162162,440.4504504504504,439.0090909090909,,2037.0833333333333,444.45454545454544,0.4908979341378605,2.249948864798528,4,15,2,6.0,4,canister_2,0.21818181818181817
afar,0,991,21,107,96,1,48831,43593,5238,599,4,2,0.7775471210479736,0.5901514887809753,0.842555046081543,0.050000000745058,0.3475109934806824,32,11,False,0.897196261682243,0.1962616822429906,456.3644859813084,454.09375,5238.0,2325.285714285714,508.65625,0.4300546783805369,1.965964244025312,4,15,2,5.25,4,Dixie_cup_3,0.21875
afar,0,226,25,118,114,0,49381,48690,691,599,4,5,0.554179847240448,0.6724907159805298,0.916641652584076,0.050000000745058,0.5341794490814209,32,7,False,0.9661016949152542,0.211864406779661,418.4830508474576,427.10526315789474,,1975.24,433.1666666666667,0.5062675927988498,2.308580223162755,3,18,0,6.25,4,Tabasco_sauce_4,0.21929824561403508
afar,0,915,27,134,123,6,49121,45287,3834,599,4,23,0.7501471638679504,0.5121771693229675,1.0823774337768557,0.050000000745058,0.6260764598846436,32,5,False,0.917910447761194,0.2014925373134328,366.5746268656716,368.1869918699187,639.0,1819.2962962962963,399.3577235772358,0.5496630768917571,2.504020683618005,3,13,0,6.75,4,canister_0,0.21951219512195122
afar,0,190,24,113,109,1,49294,47476,1818,599,4,1,0.6715623140335083,0.57449871301651,0.9025572538375854,0.050000000745058,0.2268196642398834,32,8,False,0.9646017699115044,0.2123893805309734,436.2300884955752,435.5596330275229,1818.0,2053.9166666666665,452.2385321100917,0.4868746703452752,2.2112224611514586,3,13,0,6.0,4,Dixie_cup_0,0.22018348623853212
afar,0,848,24,114,109,2,49187,46728,2459,599,4,3,0.5589824914932251,0.5915614366531372,0.6016302108764648,0.050000000745058,0.5821143984794617,32,8,False,0.956140350877193,0.2105263157894736,431.46491228070175,428.697247706422,1229.5,2049.458333333333,451.25688073394497,0.4879338036473052,2.2160326915648443,4,10,4,6.0,4,Dixie_cup_4,0.22018348623853212
afar,0,1278,26,123,118,0,48680,47190,1490,599,4,19,0.7282990217208862,0.6954843997955322,0.9413633346557616,0.050000000745058,0.6106610894203186,32,6,False,0.959349593495935,0.2113821138211382,395.7723577235772,399.91525423728814,,1872.3076923076924,412.542372881356,0.5341002465078061,2.4239934264585044,4,11,2,6.5,4,bottle_3,0.22033898305084745
afar,0,1642,26,125,118,2,49302,47404,1898,599,4,24,0.7477540969848633,0.664783775806427,0.9844373464584352,0.050000000745058,0.6733654141426086,32,6,False,0.944,0.208,394.416,401.728813559322,949.0,1896.2307692307693,417.8135593220339,0.5273619731451057,2.393412031966249,3,10,0,6.5,4,canister_1,0.22033898305084745
afar,0,929,26,128,118,2,49337,46118,3219,599,4,7,0.7632546424865723,0.5991598963737488,0.6433213949203491,0.050000000745058,0.3088318109512329,32,6,False,0.921875,0.203125,385.4453125,390.8305084745763,1609.5,1897.576923076923,418.1101694915254,0.526987859010479,2.3917141293552504,2,25,0,6.5,4,atomizer_0,0.22033898305084745
afar,0,1956,20,100,90,2,48861,43388,5473,599,4,30,0.5411759614944458,0.5055391788482666,0.6314301490783691,0.050000000745058,0.4101224541664123,32,12,False,0.9,0.2,488.61,482.0888888888889,2736.5,2443.05,542.9,0.409324410061194,1.841959845275373,3,13,0,5.0,4,chocolate_milk_4,0.2222222222222222
afar,0,1780,25,117,112,1,48941,48241,700,599,4,27,0.6705954074859619,0.6456887722015381,1.0695374011993408,0.050000000745058,0.7327603101730347,32,7,False,0.9572649572649572,0.2136752136752136,418.2991452991453,430.7232142857143,700.0,1957.64,436.9732142857143,0.5108191495882798,2.2884697901554936,4,14,1,6.25,4,chalice_2,0.22321428571428573
afar,0,805,23,107,103,0,49563,47167,2396,599,4,19,0.5749754905700684,0.5294288396835327,0.6299972534179688,0.050000000745058,0.6378238797187805,32,9,False,0.9626168224299064,0.2149532710280373,463.2056074766355,457.9320388349514,,2154.913043478261,481.19417475728153,0.4640558481125033,2.0781631458951235,4,16,1,5.75,4,bottle_3,0.22330097087378642
afar,0,726,23,111,103,1,49152,47214,1938,599,4,10,0.6556801795959473,0.5188915729522705,0.7495409846305847,0.050000000745058,0.4744937419891357,32,9,False,0.927927927927928,0.2072072072072072,442.8108108108109,458.3883495145631,1938.0,2137.043478260869,477.2038834951457,0.4679361979166667,2.095540364583333,3,13,0,5.75,4,beer_bottle_0,0.22330097087378642
afar,0,68,21,101,94,0,48935,44742,4193,599,4,7,0.4482163488864898,0.6645144820213318,0.8683730363845825,0.050000000745058,0.4845377206802368,32,11,False,0.9306930693069309,0.2079207920792079,484.5049504950495,475.9787234042553,,2330.2380952380954,520.5851063829788,0.4291406968427506,1.9209155001532645,4,8,1,5.25,4,atomizer_0,0.22340425531914893
afar,0,1834,19,97,85,7,49143,43587,5556,599,4,15,0.4128000140190124,0.5686949491500854,0.6567304730415344,0.050000000745058,0.6549202799797058,32,13,False,0.8762886597938144,0.1958762886597938,506.62886597938143,512.7882352941176,793.7142857142857,2586.4736842105262,578.1529411764706,0.3866267830616771,1.7296461347496084,3,12,0,4.75,4,bolt_1,0.2235294117647059
afar,0,858,19,100,85,1,48667,41475,7192,599,4,12,0.4865018427371979,0.5636783242225647,1.1620190143585205,0.050000000745058,0.5532286167144775,32,13,False,0.85,0.19,486.67,487.9411764705882,7192.0,2561.4210526315787,572.5529411764705,0.3904082848747611,1.7465633797028788,4,13,1,4.75,4,beer_can_1,0.2235294117647059
afar,0,1488,24,116,107,2,48782,47573,1209,599,4,13,0.515364408493042,0.5932626724243164,1.0375425815582275,0.050000000745058,0.4578607082366943,32,8,False,0.9224137931034484,0.2068965517241379,420.5344827586207,444.6074766355141,604.5,2032.5833333333333,455.9065420560748,0.4919847484727973,2.1934320036078883,4,18,1,6.0,4,beer_can_4,0.22429906542056074
afar,0,1013,24,126,107,12,49361,43306,6055,599,4,2,0.6817350387573242,0.5941895246505737,0.7465022206306458,0.050000000745058,0.2331194877624511,32,8,False,0.8492063492063492,0.1904761904761904,391.75396825396825,404.7289719626168,504.5833333333333,2056.708333333333,461.31775700934577,0.4862138125240574,2.167703247503089,3,10,0,6.0,4,Dixie_cup_3,0.22429906542056074
afar,0,1052,24,131,107,20,48719,41215,7504,599,4,17,0.7822948694229126,0.6382852792739868,0.7517971992492676,0.050000000745058,0.6828494071960449,32,8,False,0.816793893129771,0.183206106870229,371.90076335877865,385.1869158878505,375.2,2029.9583333333333,455.31775700934577,0.4926209487058437,2.1962683963135534,4,7,4,6.0,4,bottle_0,0.22429906542056074
afar,0,74,27,125,120,2,49248,47273,1975,599,4,28,0.6656689643859863,0.5836976766586304,0.6839858293533325,0.050000000745058,0.6784753799438477,32,5,False,0.96,0.216,393.984,393.94166666666666,987.5,1824.0,410.4,0.5482456140350878,2.4366471734892787,3,19,0,6.75,4,chalice_4,0.225
afar,0,725,25,113,111,1,49138,48322,816,599,4,27,0.7328925132751465,0.5565513968467712,0.6995840072631836,0.050000000745058,0.7479591369628906,32,7,False,0.9823008849557522,0.2212389380530973,434.8495575221239,435.3333333333333,816.0,1965.52,442.6846846846847,0.5087712157596972,2.258944197973056,4,13,2,6.25,4,chalice_2,0.22522522522522523
afar,0,1336,25,114,111,0,49055,49001,54,575,4,9,0.6653754711151123,0.5537935495376587,0.8298282623291016,0.050000000745058,0.308525413274765,32,7,False,0.9736842105263158,0.219298245614035,430.3070175438597,441.4504504504504,,1962.2,441.93693693693695,0.5096320456630313,2.262766282743859,3,17,0,6.25,4,bear_0,0.22522522522522523
afar,0,530,26,124,115,2,48742,47636,1106,599,4,10,0.6425344944000244,0.6119862794876099,0.9270951747894288,0.050000000745058,0.3530540466308594,32,6,False,0.9274193548387096,0.2096774193548387,393.0806451612903,414.2260869565217,553.0,1874.692307692308,423.8434782608696,0.5334208690656929,2.359361536252103,4,10,2,6.5,4,beer_bottle_0,0.22608695652173913
afar,0,31,24,145,106,29,49236,40629,8607,508,4,17,0.7897111177444458,0.6397329568862915,0.976907193660736,0.050000000745058,0.669055163860321,32,8,False,0.7310344827586207,0.1655172413793103,339.5586206896552,383.2924528301887,296.7931034482759,2051.5,464.4905660377359,0.4874482086278333,2.1528962547729305,4,10,4,6.0,4,bottle_0,0.22641509433962265
afar,0,1459,20,99,88,5,48025,43520,4505,599,4,9,0.4072007238864898,0.5019814968109131,0.8103197813034058,0.050000000745058,0.3549472689628601,32,12,False,0.8888888888888888,0.202020202020202,485.1010101010101,494.54545454545456,901.0,2401.25,545.7386363636364,0.4164497657470067,1.8323789692868293,4,9,1,5.0,4,bear_0,0.22727272727272727
afar,0,790,19,94,83,1,49173,42584,6589,599,4,15,0.4092602133750915,0.5442604422569275,0.925636351108551,0.050000000745058,0.4921956658363342,32,13,False,0.8829787234042553,0.202127659574468,523.1170212765958,513.0602409638554,6589.0,2588.0526315789475,592.4457831325301,0.3863909055782645,1.6879181664734713,4,11,1,4.75,4,bolt_1,0.2289156626506024
afar,0,571,28,126,122,4,49002,48027,975,592,4,4,0.5696808099746704,0.6730356216430664,1.1580575704574585,0.050000000745058,0.5337488651275635,32,4,False,0.9682539682539684,0.2222222222222222,388.9047619047619,393.6639344262295,243.75,1750.071428571429,401.655737704918,0.5714052487653565,2.4896942981919103,3,13,0,7.0,4,Tabasco_sauce_2,0.22950819672131148
afar,0,505,26,117,113,1,49012,48677,335,558,4,25,0.4815613329410553,0.5868055820465088,0.8091040253639221,0.050000000745058,0.4993271827697754,32,6,False,0.9658119658119658,0.2222222222222222,418.9059829059829,430.7699115044248,335.0,1885.076923076923,433.7345132743363,0.5304823308577491,2.3055578225740634,4,16,1,6.5,4,canister_2,0.23008849557522124
afar,0,594,18,105,78,6,48687,38878,9809,599,4,10,0.5537108182907104,0.555916965007782,0.619483232498169,0.050000000745058,0.7274754643440247,32,14,False,0.7428571428571429,0.1714285714285714,463.6857142857143,498.4358974358975,1634.8333333333333,2704.833333333333,624.1923076923077,0.3697085464292316,1.6020703678600037,2,16,0,4.5,4,beer_bottle_0,0.23076923076923078
afar,0,360,21,97,91,0,48733,45139,3594,599,4,3,0.4830728769302368,0.5304684042930603,1.144637107849121,0.050000000745058,0.5989986658096313,32,11,False,0.9381443298969072,0.2164948453608247,502.4020618556701,496.032967032967,,2320.619047619048,535.5274725274726,0.4309195001333798,1.8673178339113128,3,11,0,5.25,4,Dixie_cup_4,0.23076923076923078
afar,0,1684,24,104,104,0,49358,49358,0,595,4,25,0.4165533781051636,0.6025146842002869,0.9480157494544984,0.050000000745058,0.4407343566417694,32,8,False,1.0,0.2307692307692307,474.59615384615387,474.59615384615387,,2056.583333333333,474.59615384615387,0.4862433648040844,2.1070545808176995,4,14,2,6.0,4,canister_2,0.23076923076923078
afar,0,1847,24,106,104,1,48677,48376,301,570,4,25,0.5010799169540405,0.5357099771499634,0.7987885475158691,0.050000000745058,0.6215044260025024,32,8,False,0.981132075471698,0.2264150943396226,459.2169811320755,465.1538461538461,301.0,2028.2083333333333,468.0480769230769,0.4930459970828111,2.136532654025515,4,11,1,6.0,4,canister_2,0.23076923076923078
afar,0,1063,24,117,104,10,49290,45279,4011,599,4,2,0.6135215759277344,0.6690282225608826,1.0308018922805786,0.050000000745058,0.7067750692367554,32,8,False,0.8888888888888888,0.2051282051282051,421.28205128205127,435.375,401.1,2053.75,473.9423076923077,0.4869141813755325,2.109961452627308,3,17,0,6.0,4,Dixie_cup_3,0.23076923076923078
afar,0,241,25,112,108,1,49697,47650,2047,599,4,23,0.5824807286262512,0.510099470615387,0.6896653175354004,0.050000000745058,0.2060846835374832,32,7,False,0.9642857142857144,0.2232142857142857,443.7232142857143,441.2037037037037,2047.0,1987.88,460.1574074074074,0.5030484737509306,2.1731694066040204,4,15,1,6.25,4,canister_0,0.23148148148148148
afar,0,1718,26,118,112,2,49410,47969,1441,599,4,8,0.646589457988739,0.5999130010604858,1.0335506200790403,0.050000000745058,0.3934495151042938,32,6,False,0.9491525423728814,0.2203389830508474,418.728813559322,428.2946428571428,720.5,1900.384615384616,441.1607142857143,0.5262092693786683,2.2667476219388787,4,13,1,6.5,4,bandage_4,0.23214285714285715
afar,0,699,27,123,116,4,48716,46522,2194,599,4,25,0.7407834529876709,0.5287535190582275,0.7485026717185974,0.050000000745058,0.2833980917930603,32,5,False,0.943089430894309,0.2195121951219512,396.0650406504065,401.0517241379311,548.5,1804.2962962962963,419.9655172413793,0.5542326956236144,2.381147877494047,4,16,1,6.75,4,canister_2,0.23275862068965517
afar,0,1098,24,106,103,0,49578,47781,1797,599,4,7,0.5519850850105286,0.6565020084381104,0.7075014114379883,0.050000000745058,0.7552542090415955,32,8,False,0.9716981132075472,0.2264150943396226,467.7169811320755,463.8932038834951,,2065.75,481.3398058252427,0.4840856831659204,2.0775343902537418,4,9,4,6.0,4,atomizer_0,0.23300970873786409
afar,0,1009,21,99,90,3,48424,43047,5377,599,4,20,0.4455828368663788,0.6977524757385254,0.8146814703941345,0.050000000745058,0.4110201001167297,32,11,False,0.9090909090909092,0.2121212121212121,489.1313131313131,478.3,1792.3333333333333,2305.904761904762,538.0444444444445,0.4336692549149182,1.8585825210639355,4,11,3,5.25,4,can_1,0.23333333333333334
afar,0,870,19,94,81,3,48878,42216,6662,599,4,15,0.4049936234951019,0.6895971298217773,1.1232291460037231,0.050000000745058,0.6979038715362549,32,13,False,0.8617021276595744,0.202127659574468,519.9787234042553,521.1851851851852,2220.6666666666665,2572.5263157894738,603.4320987654321,0.3887229428372683,1.6571872826220386,2,10,0,4.75,4,bolt_1,0.2345679012345679
afar,0,1446,23,108,98,1,48566,44342,4224,599,4,28,0.5177174210548401,0.5308700799942017,0.8053326606750488,0.050000000745058,0.3661626577377319,32,9,False,0.9074074074074074,0.2129629629629629,449.6851851851852,452.4693877551021,4224.0,2111.5652173913045,495.57142857142856,0.4735823415558209,2.017872585759585,3,17,0,5.75,4,chalice_4,0.23469387755102042
afar,0,72,27,119,115,2,49229,47732,1497,599,4,16,0.6976946592330933,0.6157376170158386,1.193749189376831,0.050000000745058,0.3030408322811126,32,5,False,0.9663865546218487,0.226890756302521,413.6890756302521,415.0608695652174,748.5,1823.2962962962963,428.0782608695652,0.5484572101809909,2.336021450770887,2,19,0,6.75,4,boom_microphone_1,0.23478260869565218
afar,0,467,24,104,102,1,48554,47356,1198,599,4,20,0.5562785863876343,0.5691550970077515,1.1418042182922363,0.050000000745058,0.645703136920929,32,8,False,0.9807692307692308,0.2307692307692307,466.86538461538464,464.2745098039216,1198.0,2023.0833333333333,476.0196078431373,0.4942950117395065,2.1007537998929027,4,7,5,6.0,4,can_1,0.23529411764705882
afar,0,1853,29,131,123,2,49631,46617,3014,599,4,20,0.7281121015548706,0.5208118557929993,0.8097528219223022,0.050000000745058,0.4670952558517456,32,3,False,0.9389312977099236,0.2213740458015267,378.8625954198473,379.0,1507.0,1711.4137931034484,403.5040650406504,0.5843122242147045,2.478289778565816,4,13,3,7.25,4,can_1,0.23577235772357724
afar,0,254,25,108,106,0,48344,47722,622,599,4,0,0.623963475227356,0.6087973117828369,0.7106789350509644,0.050000000745058,0.7713487148284912,32,7,False,0.9814814814814816,0.2314814814814814,447.6296296296296,450.2075471698113,,1933.76,456.0754716981132,0.5171272546748303,2.192619559821281,3,18,0,6.25,4,Band_Aid_0,0.2358490566037736
afar,0,529,25,109,106,0,49164,47367,1797,599,4,8,0.4775232374668121,0.5005143284797668,0.7715754508972168,0.050000000745058,0.5462387800216675,32,7,False,0.9724770642201837,0.2293577981651376,451.045871559633,446.85849056603774,,1966.56,463.811320754717,0.5085021560491416,2.1560491416483605,3,15,0,6.25,4,bandage_4,0.2358490566037736
afar,0,376,25,111,106,3,49202,48533,669,599,4,14,0.5262393951416016,0.5325137972831726,1.141896367073059,0.050000000745058,0.570036768913269,32,7,False,0.954954954954955,0.2252252252252252,443.26126126126127,457.85849056603774,223.0,1968.08,464.1698113207547,0.5081094264460795,2.154383968131377,4,14,2,6.25,4,beret_2,0.2358490566037736
afar,0,645,25,116,106,5,48779,48592,187,571,4,3,0.6885163187980652,0.5047454237937927,1.090369462966919,0.050000000745058,0.5780640244483948,32,7,False,0.913793103448276,0.2155172413793103,420.5086206896552,458.4150943396226,37.4,1951.16,460.1792452830189,0.5125156317267676,2.1730662785214947,3,15,0,6.25,4,Dixie_cup_4,0.2358490566037736
afar,0,385,25,122,106,8,48836,42349,6487,599,4,21,0.728230357170105,0.580840528011322,0.721394956111908,0.050000000745058,0.5103694200515747,32,7,False,0.8688524590163934,0.2049180327868852,400.2950819672131,399.5188679245283,810.875,1953.44,460.7169811320755,0.5119174379556065,2.1705299369317714,3,15,0,6.25,4,candle_holder_4,0.2358490566037736
afar,0,758,23,99,97,1,48585,47387,1198,599,4,30,0.5164079666137695,0.5061339735984802,1.09398353099823,0.050000000745058,0.4516122341156006,32,9,False,0.9797979797979798,0.2323232323232323,490.75757575757575,488.5257731958763,1198.0,2112.391304347826,500.8762886597938,0.4733971390346815,1.9965009776680045,3,12,0,5.75,4,chocolate_milk_4,0.23711340206185566
afar,0,132,28,145,118,24,48856,43718,5138,494,4,5,0.7725720405578613,0.6205762624740601,1.1072043180465698,0.050000000745058,0.517713189125061,32,4,False,0.8137931034482758,0.193103448275862,336.93793103448274,370.4915254237288,214.0833333333333,1744.857142857143,414.03389830508473,0.5731128213525463,2.4152611757000164,3,17,0,7.0,4,Tabasco_sauce_4,0.23728813559322035
afar,0,1086,24,106,101,3,49036,47203,1833,599,4,1,0.4382635354995727,0.6858572959899902,0.9906964302062988,0.050000000745058,0.798278272151947,32,8,False,0.9528301886792452,0.2264150943396226,462.6037735849056,467.35643564356434,611.0,2043.1666666666667,485.5049504950495,0.4894363324904152,2.0597112325638305,3,17,0,6.0,4,Dixie_cup_0,0.2376237623762376
afar,0,942,29,130,122,3,49164,47184,1980,599,4,5,0.7354001998901367,0.5376999378204346,1.1591596603393557,0.050000000745058,0.2367894649505615,32,3,False,0.9384615384615383,0.2230769230769231,378.18461538461537,386.75409836065575,660.0,1695.3103448275865,402.9836065573771,0.5898625010170043,2.481490521519812,4,12,1,7.25,4,Tabasco_sauce_4,0.23770491803278687
afar,0,184,20,99,84,1,48412,41727,6685,599,4,19,0.471002459526062,0.5947644710540771,0.8369929194450378,0.050000000745058,0.6860244274139404,32,12,False,0.8484848484848485,0.202020202020202,489.010101010101,496.75,6685.0,2420.6,576.3333333333334,0.4131207138725936,1.735106998264893,4,14,1,5.0,4,bottle_3,0.23809523809523808
afar,0,301,26,109,109,0,48303,48303,0,554,4,27,0.5424098968505859,0.5063090920448303,1.1075377464294434,0.050000000745058,0.286831259727478,32,6,False,1.0,0.2385321100917431,443.1467889908257,443.1467889908257,,1857.8076923076924,443.1467889908257,0.5382688445852224,2.256588617684202,4,10,2,6.5,4,chalice_2,0.23853211009174313
afar,0,539,26,115,109,4,48725,46182,2543,599,4,0,0.7724779844284058,0.6409764289855957,0.6058871150016785,0.050000000745058,0.4820255041122436,32,6,False,0.9478260869565216,0.2260869565217391,423.69565217391306,423.6880733944954,635.75,1874.0384615384608,447.0183486238532,0.5336069779374037,2.237044638276039,4,17,1,6.5,4,Band_Aid_0,0.23853211009174313
afar,0,383,27,117,113,2,49352,47395,1957,599,4,23,0.5483919382095337,0.6949186325073242,1.1396372318267822,0.050000000745058,0.4599678516387939,32,5,False,0.9658119658119658,0.2307692307692307,421.8119658119658,419.42477876106193,978.5,1827.851851851852,436.7433628318584,0.5470902901604798,2.2896741773383043,3,18,0,6.75,4,canister_0,0.23893805309734514
afar,0,1925,23,100,96,0,48596,46311,2285,599,4,2,0.5748985409736633,0.599976122379303,0.6832834482192993,0.050000000745058,0.3024338185787201,32,9,False,0.96,0.23,485.96,482.40625,,2112.8695652173915,506.2083333333333,0.4732899827146267,1.975471232200181,4,11,1,5.75,4,Dixie_cup_3,0.23958333333333334
afar,0,1302,29,126,121,2,49130,48873,257,521,4,10,0.6658893823623657,0.6831971406936646,0.9934996962547302,0.050000000745058,0.6355295181274414,32,3,False,0.9603174603174603,0.2301587301587301,389.9206349206349,403.9090909090909,128.5,1694.1379310344828,406.0330578512397,0.5902707103602687,2.4628536535721555,4,16,4,7.25,4,beer_bottle_0,0.2396694214876033
afar,0,458,29,132,121,4,48380,46648,1732,599,4,27,0.7121727466583252,0.5265170335769653,0.7603054046630859,0.050000000745058,0.5750362873077393,32,3,False,0.9166666666666666,0.2196969696969697,366.5151515151515,385.5206611570248,433.0,1668.2758620689656,399.8347107438017,0.5994212484497726,2.50103348491112,4,15,1,7.25,4,chalice_2,0.2396694214876033
afar,0,4,24,103,100,0,48545,47298,1247,599,4,24,0.4117126166820526,0.5067141056060791,0.7989126443862915,0.050000000745058,0.5834188461303711,32,8,False,0.970873786407767,0.233009708737864,471.31067961165047,472.98,,2022.7083333333333,485.45,0.4943866515604078,2.0599443815017,3,16,0,6.0,4,canister_1,0.24
afar,0,972,25,105,104,0,47991,47392,599,599,4,28,0.505918025970459,0.6235459446907043,1.119343400001526,0.050000000745058,0.377491295337677,32,7,False,0.9904761904761904,0.238095238095238,457.0571428571429,455.6923076923077,,1919.64,461.4519230769231,0.5209310078973141,2.1670729928528267,4,13,2,6.25,4,chalice_4,0.2403846153846154
afar,0,648,22,97,91,2,49317,45723,3594,599,4,6,0.4237580001354217,0.5273309350013733,0.9237935543060304,0.050000000745058,0.2865543365478515,32,10,False,0.9381443298969072,0.2268041237113402,508.4226804123711,502.45054945054943,1797.0,2241.681818181818,541.945054945055,0.4460936391102459,1.8452055072287443,3,13,0,5.5,4,aerosol_can_1,0.24175824175824176
afar,0,228,30,131,124,3,49607,47798,1809,599,4,29,0.7584177851676941,0.6067056655883789,1.0773053169250488,0.050000000745058,0.2448645681142807,32,2,False,0.9465648854961832,0.2290076335877862,378.6793893129771,385.46774193548384,603.0,1653.5666666666666,400.0564516129032,0.6047533614207672,2.499647227205838,3,15,0,7.5,4,chicken_(animal)_2,0.24193548387096775
afar,0,757,25,114,103,5,48546,43869,4677,599,4,26,0.7276157736778259,0.5329276323318481,0.8226577639579773,0.050000000745058,0.2233268618583679,32,7,False,0.9035087719298246,0.219298245614035,425.8421052631579,425.9126213592233,935.4,1941.84,471.3203883495146,0.5149754871668109,2.121699007127261,4,12,1,6.25,4,canister_3,0.24271844660194175
afar,0,93,23,110,94,11,49051,43354,5697,599,4,2,0.6480393409729004,0.5470685362815857,0.975016713142395,0.050000000745058,0.304395854473114,32,9,False,0.8545454545454545,0.209090909090909,445.9181818181818,461.2127659574468,517.9090909090909,2132.6521739130435,521.8191489361702,0.4688997166214756,1.9163727548877696,4,9,2,5.75,4,Dixie_cup_3,0.24468085106382978
afar,0,564,23,121,94,19,48866,40447,8419,599,4,2,0.6625090837478638,0.5633537173271179,1.105644464492798,0.050000000745058,0.240511268377304,32,9,False,0.7768595041322314,0.1900826446280991,403.8512396694215,430.2872340425532,443.10526315789474,2124.608695652174,519.8510638297872,0.4706749068882249,1.923627880325789,4,9,3,5.75,4,Dixie_cup_3,0.24468085106382978
afar,0,164,24,106,98,5,48398,44490,3908,599,4,14,0.4965055882930755,0.6497846841812134,0.7872338891029358,0.050000000745058,0.2847597599029541,32,8,False,0.9245283018867924,0.2264150943396226,456.5849056603773,453.9795918367347,781.6,2016.5833333333333,493.8571428571428,0.4958882598454481,2.02487706103558,3,13,0,6.0,4,beret_2,0.24489795918367346
afar,0,1414,26,110,106,2,48660,47181,1479,599,4,1,0.4580507278442383,0.56981360912323,0.7598264813423157,0.050000000745058,0.2733976244926452,32,6,False,0.9636363636363636,0.2363636363636363,442.3636363636364,445.1037735849056,739.5,1871.5384615384608,459.0566037735849,0.5343197698314838,2.1783806000822032,4,17,2,6.5,4,Dixie_cup_0,0.24528301886792453
afar,0,1509,26,113,106,1,48875,46811,2064,599,4,3,0.6564838886260986,0.585280179977417,0.6282305121421814,0.050000000745058,0.5038942098617554,32,6,False,0.9380530973451328,0.2300884955752212,432.5221238938053,441.6132075471698,2064.0,1879.8076923076924,461.0849056603773,0.5319693094629157,2.1687979539641944,3,10,0,6.5,4,Dixie_cup_4,0.24528301886792453
afar,0,593,27,115,110,1,49158,47328,1830,599,4,0,0.6618514060974121,0.5665963292121887,1.1607303619384766,0.050000000745058,0.5364295840263367,32,5,False,0.9565217391304348,0.2347826086956521,427.46086956521737,430.2545454545455,1830.0,1820.6666666666667,446.8909090909091,0.5492493592090809,2.2376825745555147,4,11,3,6.75,4,Band_Aid_0,0.24545454545454545
afar,0,803,27,124,110,3,49104,47813,1291,599,4,11,0.7990162372589111,0.5004512071609497,0.7826384902000427,0.050000000745058,0.2782680094242096,32,5,False,0.8870967741935484,0.2177419354838709,396.0,434.6636363636364,430.3333333333333,1818.6666666666667,446.4,0.5498533724340176,2.240143369175627,4,14,1,6.75,4,beer_bottle_3,0.24545454545454545
afar,0,279,29,135,118,12,49705,45958,3747,599,4,13,0.6080138683319092,0.6965961456298828,0.6966911554336548,0.050000000745058,0.6149681210517883,32,3,False,0.8740740740740741,0.2148148148148148,368.1851851851852,389.4745762711864,312.25,1713.9655172413793,421.228813559322,0.5834423096267981,2.374006639171109,3,18,0,7.25,4,beer_can_4,0.2457627118644068
afar,0,1635,24,102,97,1,48499,45884,2615,599,4,16,0.6424431800842285,0.5101713538169861,1.1926894187927246,0.050000000745058,0.3079051077365875,32,8,False,0.9509803921568628,0.2352941176470588,475.4803921568628,473.0309278350516,2615.0,2020.7916666666667,499.9896907216495,0.494855564032248,2.000041237963669,3,13,0,6.0,4,boom_microphone_1,0.24742268041237114
afar,0,605,25,107,101,1,48628,47537,1091,599,4,29,0.4179862141609192,0.5432326793670654,0.6620240211486816,0.050000000745058,0.4730871915817261,32,7,False,0.9439252336448598,0.2336448598130841,454.4672897196262,470.66336633663366,1091.0,1945.12,481.4653465346535,0.5141070987908201,2.0769926791149134,2,17,0,6.25,4,chicken_(animal)_2,0.24752475247524752
afar,0,1952,25,108,101,0,48392,46782,1610,577,4,21,0.4242062270641327,0.6104374527931213,1.1709848642349243,0.050000000745058,0.7517156600952148,32,7,False,0.9351851851851852,0.2314814814814814,448.0740740740741,463.1881188118812,,1935.68,479.1287128712871,0.5166143164159365,2.087121838320384,3,13,0,6.25,4,candle_holder_4,0.24752475247524752
afar,0,348,26,105,105,0,48551,48551,0,571,4,26,0.4170975685119629,0.5553812384605408,1.017953634262085,0.050000000745058,0.4813581705093384,32,6,False,1.0,0.2476190476190476,462.3904761904762,462.3904761904762,,1867.3461538461536,462.3904761904762,0.5355193507857716,2.162674301250232,4,11,2,6.5,4,canister_3,0.24761904761904763
afar,0,459,26,109,105,1,49195,47369,1826,599,4,30,0.4904248416423797,0.5978442430496216,0.9678730964660645,0.050000000745058,0.5637286305427551,32,6,False,0.963302752293578,0.2385321100917431,451.3302752293578,451.1333333333333,1826.0,1892.1153846153843,468.5238095238095,0.5285089948165465,2.1343632482975914,4,15,1,6.5,4,chocolate_milk_4,0.24761904761904763
afar,0,1426,30,124,121,1,49561,47859,1702,599,4,3,0.5900136232376099,0.6747947335243225,0.7201827168464661,0.050000000745058,0.5636796951293945,32,2,False,0.9758064516129032,0.2419354838709677,399.6854838709677,395.5289256198347,1702.0,1652.0333333333333,409.5950413223141,0.605314662738847,2.4414358063800163,4,10,5,7.5,4,Dixie_cup_4,0.24793388429752067
afar,0,170,24,103,96,1,49218,46174,3044,599,4,10,0.5387484431266785,0.6063451766967773,1.0032122135162354,0.050000000745058,0.6796339154243469,32,8,False,0.9320388349514565,0.233009708737864,477.8446601941748,480.9791666666667,3044.0,2050.75,512.6875,0.4876264781177618,1.950505912471047,4,12,1,6.0,4,beer_bottle_0,0.25
afar,0,947,30,123,119,3,48620,47180,1440,599,4,30,0.6091324687004089,0.5603535771369934,0.7393762469291687,0.050000000745058,0.4141426384449005,32,2,False,0.967479674796748,0.2439024390243902,395.2845528455285,396.4705882352941,480.0,1620.6666666666667,408.57142857142856,0.6170300287947347,2.4475524475524475,4,13,1,7.5,4,chocolate_milk_4,0.25210084033613445
afar,0,2001,29,120,115,2,49562,47093,2469,599,4,5,0.6066141128540039,0.534163236618042,0.7900147438049316,0.050000000745058,0.3964332342147827,32,3,False,0.9583333333333334,0.2416666666666666,413.01666666666665,409.504347826087,1234.5,1709.0344827586207,430.9739130434783,0.5851257011420039,2.320326056252774,4,13,3,7.25,4,Tabasco_sauce_4,0.25217391304347825
afar,0,579,28,115,111,0,48722,48263,459,562,4,5,0.5334832668304443,0.6483306288719177,0.6561920046806335,0.050000000745058,0.5633836984634399,32,4,False,0.9652173913043478,0.2434782608695652,423.6695652173913,434.8018018018018,,1740.071428571429,438.93693693693695,0.5746890521735561,2.278231599688026,4,12,2,7.0,4,Tabasco_sauce_4,0.25225225225225223
afar,0,1214,26,107,103,1,49335,47342,1993,599,4,24,0.7177845239639282,0.5028271079063416,1.1432931423187256,0.050000000745058,0.4193875789642334,32,6,False,0.9626168224299064,0.2429906542056074,461.0747663551402,459.63106796116506,1993.0,1897.5,478.9805825242718,0.5270092226613966,2.0877673051586094,4,17,1,6.5,4,canister_1,0.2524271844660194
afar,0,395,25,101,99,0,49216,48018,1198,599,4,7,0.6042774319648743,0.5676812529563904,1.0864042043685913,0.050000000745058,0.7035845518112183,32,7,False,0.9801980198019802,0.2475247524752475,487.28712871287127,485.030303030303,,1968.64,497.1313131313131,0.50796488946684,2.0115409622886866,4,10,2,6.25,4,atomizer_0,0.25252525252525254
afar,0,660,23,95,91,1,48869,46473,2396,599,4,0,0.4014632105827331,0.5349801182746887,0.6898717880249023,0.050000000745058,0.2415913790464401,32,9,False,0.9578947368421052,0.2421052631578947,514.4105263157895,510.6923076923077,2396.0,2124.7391304347825,537.021978021978,0.4706460128097567,1.862121181116864,4,8,3,5.75,4,Band_Aid_0,0.25274725274725274
afar,0,1685,28,115,110,0,48621,48517,104,596,4,16,0.6812279224395752,0.5159645080566406,0.9036478400230408,0.050000000745058,0.3074965178966522,32,4,False,0.9565217391304348,0.2434782608695652,422.7913043478261,441.0636363636364,,1736.4642857142858,442.0090909090909,0.5758828489747229,2.262396906686411,3,17,0,7.0,4,boom_microphone_1,0.2545454545454545
afar,0,767,28,119,110,2,49441,46450,2991,599,4,1,0.6466201543807983,0.6410177946090698,0.6441681981086731,0.050000000745058,0.7919068932533264,32,4,False,0.9243697478991596,0.2352941176470588,415.4705882352941,422.27272727272725,1495.5,1765.75,449.46363636363634,0.566331587144273,2.224874092352501,2,27,0,7.0,4,Dixie_cup_0,0.2545454545454545
afar,0,1153,26,109,102,3,48875,47812,1063,599,4,11,0.4912108182907104,0.5069588422775269,1.0169801712036133,0.050000000745058,0.5215188264846802,32,6,False,0.9357798165137616,0.2385321100917431,448.394495412844,468.7450980392157,354.3333333333333,1879.8076923076924,479.1666666666667,0.5319693094629157,2.0869565217391304,3,14,0,6.5,4,beer_bottle_3,0.2549019607843137
afar,0,490,24,105,94,0,48937,42348,6589,599,4,26,0.6719928979873657,0.6032974720001221,1.1177620887756348,0.050000000745058,0.650719940662384,32,8,False,0.8952380952380953,0.2285714285714285,466.06666666666666,450.51063829787233,,2039.0416666666667,520.6063829787234,0.4904264666816519,1.9208369945031367,4,10,1,6.0,4,canister_3,0.2553191489361702
afar,0,1118,22,96,86,2,48686,42824,5862,599,4,22,0.5463841557502747,0.5381041169166565,0.7941993474960327,0.050000000745058,0.4955790042877197,32,10,False,0.8958333333333334,0.2291666666666666,507.1458333333333,497.953488372093,2931.0,2213.0,566.1162790697674,0.4518752824220515,1.766421558558929,4,17,1,5.5,4,candy_cane_1,0.2558139534883721
afar,0,1433,31,122,121,1,49159,48928,231,528,4,4,0.6108351349830627,0.5391893982887268,0.8564239740371704,0.050000000745058,0.5623562335968018,32,1,False,0.9918032786885246,0.2540983606557377,402.94262295081967,404.3636363636364,231.0,1585.774193548387,406.27272727272725,0.630606806485079,2.461400760796599,4,17,1,7.75,4,Tabasco_sauce_2,0.256198347107438
afar,0,1115,31,133,121,5,49586,48083,1503,580,4,19,0.7983642816543579,0.517936110496521,1.149939775466919,0.050000000745058,0.5045129060745239,32,1,False,0.9097744360902256,0.2330827067669172,372.82706766917295,397.3801652892562,300.6,1599.548387096774,409.801652892562,0.6251764610978905,2.440204896543379,3,16,0,7.75,4,bottle_3,0.256198347107438
afar,0,128,30,137,117,9,48657,44840,3817,599,4,13,0.7152341604232788,0.6926960349082947,0.951247215270996,0.050000000745058,0.6534934639930725,32,2,False,0.8540145985401459,0.218978102189781,355.16058394160586,383.2478632478632,424.1111111111111,1621.9,415.87179487179486,0.6165608237252604,2.404587212528516,4,15,3,7.5,4,beer_can_4,0.2564102564102564
afar,0,727,29,120,113,3,49430,47266,2164,599,4,24,0.5226913690567017,0.642218828201294,0.7908005714416504,0.050000000745058,0.3072540760040283,32,3,False,0.9416666666666668,0.2416666666666666,411.9166666666667,418.283185840708,721.3333333333334,1704.4827586206898,437.43362831858406,0.5866882460044507,2.2860610965001014,4,15,3,7.25,4,canister_1,0.25663716814159293
afar,0,854,28,111,109,1,49111,48472,639,599,4,18,0.4978154599666595,0.698616623878479,0.9788022637367249,0.050000000745058,0.3241114318370819,32,4,False,0.981981981981982,0.2522522522522522,442.44144144144144,444.697247706422,639.0,1753.9642857142858,450.5596330275229,0.5701370365091324,2.21946203498198,4,12,3,7.0,4,bottle_2,0.25688073394495414
afar,0,297,28,114,109,1,48187,47764,423,554,4,27,0.6027542352676392,0.6293143630027771,0.751200795173645,0.050000000745058,0.4943186044692993,32,4,False,0.956140350877193,0.2456140350877192,422.6929824561403,438.2018348623853,423.0,1720.9642857142858,442.0825688073394,0.5810695830825742,2.2620208770000207,3,12,0,7.0,4,chalice_2,0.25688073394495414
afar,0,1008,27,112,105,5,49140,46934,2206,599,4,9,0.5664427280426025,0.6346301436424255,0.6289540529251099,0.050000000745058,0.3125240206718445,32,5,False,0.9375,0.2410714285714285,438.75,446.9904761904762,441.2,1820.0,468.0,0.5494505494505495,2.1367521367521367,3,15,0,6.75,4,bear_0,0.2571428571428571
afar,0,203,25,102,97,1,48416,45421,2995,599,4,13,0.522418737411499,0.5075194239616394,1.1672744750976562,0.050000000745058,0.6271200776100159,32,7,False,0.9509803921568628,0.2450980392156862,474.6666666666667,468.25773195876286,2995.0,1936.64,499.1340206185567,0.5163582286847324,2.003469927296761,4,10,3,6.25,4,beer_can_4,0.25773195876288657
afar,0,1219,24,102,93,2,49054,44240,4814,599,4,18,0.4377635419368744,0.6763250231742859,0.7838773727416992,0.050000000745058,0.5175483226776123,32,8,False,0.9117647058823528,0.2352941176470588,480.921568627451,475.6989247311828,2407.0,2043.9166666666667,527.4623655913979,0.489256737472989,1.895869857707832,4,19,1,6.0,4,bottle_2,0.25806451612903225
afar,0,519,31,123,120,1,49924,48977,947,498,4,17,0.6249723434448242,0.5204745531082153,0.76519775390625,0.050000000745058,0.2198176383972168,32,1,False,0.975609756097561,0.2520325203252032,405.8861788617886,408.14166666666665,947.0,1610.451612903226,416.03333333333336,0.6209438346286356,2.4036535534011696,4,18,1,7.75,4,bottle_0,0.25833333333333336
afar,0,933,31,124,120,1,48855,47288,1567,599,4,28,0.7453700304031372,0.5013270974159241,1.0363938808441162,0.050000000745058,0.6558200716972351,32,1,False,0.967741935483871,0.25,393.991935483871,394.06666666666666,1567.0,1575.967741935484,407.125,0.6345307542728482,2.456248081056186,4,17,2,7.75,4,chalice_4,0.25833333333333336
afar,0,15,28,115,108,0,48339,46180,2159,599,4,21,0.5819945335388184,0.6278020143508911,0.7707028985023499,0.050000000745058,0.2712421417236328,32,4,False,0.9391304347826088,0.2434782608695652,420.3391304347826,427.5925925925926,,1726.392857142857,447.5833333333333,0.5792424336457105,2.234220815490598,4,17,2,7.0,4,candle_holder_4,0.25925925925925924
afar,0,1299,28,120,108,9,49001,45904,3097,599,4,25,0.4996376037597656,0.5878145694732666,0.6208404898643494,0.050000000745058,0.5014747381210327,32,4,False,0.9,0.2333333333333333,408.3416666666666,425.037037037037,344.1111111111111,1750.0357142857142,453.712962962963,0.5714169098589825,2.204036652313218,4,14,2,7.0,4,canister_2,0.25925925925925924
afar,0,1308,27,110,104,0,49350,48078,1272,599,4,19,0.5365835428237915,0.5781586170196533,0.7489830851554871,0.050000000745058,0.6400772929191589,32,5,False,0.9454545454545454,0.2454545454545454,448.6363636363636,462.2884615384616,,1827.7777777777776,474.5192307692308,0.547112462006079,2.107396149949341,4,12,1,6.75,4,bottle_3,0.25961538461538464
afar,0,247,23,96,88,2,48329,44089,4240,599,4,18,0.4586478173732757,0.6349605321884155,0.9575543403625488,0.050000000745058,0.2285089492797851,32,9,False,0.9166666666666666,0.2395833333333333,503.4270833333333,501.0113636363636,2120.0,2101.260869565217,549.1931818181819,0.4759047362867015,1.820852904053467,4,10,2,5.75,4,bottle_2,0.26136363636363635
afar,0,830,28,114,107,3,48459,46038,2421,599,4,31,0.6673014760017395,0.5411691069602966,0.6266172528266907,0.050000000745058,0.2733654677867889,32,4,False,0.9385964912280702,0.2456140350877192,425.078947368421,430.2616822429907,807.0,1730.678571428571,452.8878504672897,0.5778080439134113,2.2080521678119647,3,21,0,7.0,4,cider_0,0.2616822429906542
afar,0,565,27,116,103,7,48891,45644,3247,599,4,13,0.6016243100166321,0.5336765646934509,1.0156877040863037,0.050000000745058,0.6233657002449036,32,5,False,0.8879310344827587,0.2327586206896551,421.4741379310345,443.1456310679612,463.8571428571428,1810.7777777777776,474.66990291262135,0.552248880161993,2.1067272095068623,4,17,1,6.75,4,beer_can_4,0.2621359223300971
afar,0,1372,26,102,99,0,48595,47370,1225,599,4,7,0.4639303684234619,0.5085358619689941,1.1594579219818115,0.050000000745058,0.541599690914154,32,6,False,0.9705882352941176,0.2549019607843137,476.421568627451,478.4848484848485,,1869.0384615384608,490.85858585858585,0.535034468566725,2.0372466303117607,3,13,0,6.5,4,atomizer_0,0.26262626262626265
afar,0,1386,26,102,99,0,48757,47096,1661,599,4,1,0.505928635597229,0.5272836089134216,0.986825942993164,0.050000000745058,0.6883103847503662,32,6,False,0.9705882352941176,0.2549019607843137,478.0098039215686,475.7171717171717,,1875.2692307692307,492.4949494949495,0.5332567631314478,2.0304776750005127,4,18,1,6.5,4,Dixie_cup_0,0.26262626262626265
afar,0,1793,31,128,118,4,49011,48424,587,599,4,24,0.7817255258560181,0.6223856806755066,1.034900784492493,0.050000000745058,0.7427994608879089,32,1,False,0.921875,0.2421875,382.8984375,410.3728813559322,146.75,1581.0,415.3474576271187,0.6325110689437066,2.407622778559915,4,12,6,7.75,4,canister_1,0.2627118644067797
afar,0,638,25,97,95,0,48887,47689,1198,599,4,22,0.4112003445625305,0.6780368089675903,0.9768108129501344,0.050000000745058,0.73822420835495,32,7,False,0.979381443298969,0.2577319587628865,503.9896907216495,501.9894736842105,,1955.48,514.6,0.5113833943584184,1.9432568985619896,3,13,0,6.25,4,candy_cane_1,0.2631578947368421
afar,0,48,29,113,110,1,49120,48547,573,595,4,22,0.542248547077179,0.5298731923103333,0.7502112984657288,0.050000000745058,0.5531107783317566,32,3,False,0.9734513274336284,0.2566371681415929,434.6902654867257,441.3363636363636,573.0,1693.7931034482758,446.54545454545456,0.5903908794788274,2.239413680781759,4,17,1,7.25,4,candy_cane_1,0.2636363636363636
afar,0,1304,29,117,110,1,49531,49415,116,574,4,10,0.6453078985214233,0.5643851161003113,0.93939471244812,0.050000000745058,0.622685432434082,32,3,False,0.9401709401709402,0.2478632478632478,423.3418803418804,449.2272727272728,116.0,1707.9655172413793,450.2818181818182,0.5854919141547718,2.2208313985181,3,20,0,7.25,4,beer_bottle_0,0.2636363636363636
afar,0,298,28,109,106,2,48833,47183,1650,599,4,7,0.4857325553894043,0.6666977405548096,1.0534582138061523,0.050000000745058,0.7351584434509277,32,4,False,0.9724770642201837,0.2568807339449541,448.0091743119266,445.122641509434,825.0,1744.0357142857142,460.688679245283,0.573382753465894,2.170663280978028,4,15,1,7.0,4,atomizer_0,0.2641509433962264
afar,0,567,27,113,102,5,49316,47483,1833,599,4,10,0.4857870936393738,0.5519762635231018,0.9493003487586976,0.050000000745058,0.230383425951004,32,5,False,0.9026548672566372,0.2389380530973451,436.42477876106193,465.5196078431373,366.6,1826.5185185185185,483.4901960784314,0.5474896585286723,2.068294265552762,4,16,1,6.75,4,beer_bottle_0,0.2647058823529412
afar,0,1788,30,117,113,0,49116,49011,105,546,4,0,0.6990958452224731,0.6176589727401733,0.90078866481781,0.050000000745058,0.2105974853038787,32,2,False,0.9658119658119658,0.2564102564102564,419.79487179487177,433.72566371681415,,1637.2,434.6548672566372,0.610798924993892,2.3006759508103265,4,11,3,7.5,4,Band_Aid_0,0.26548672566371684
afar,0,419,30,120,113,4,49119,47100,2019,599,4,10,0.5217898488044739,0.5418087244033813,0.8864579200744629,0.050000000745058,0.3536226749420166,32,2,False,0.9416666666666668,0.25,409.325,416.8141592920354,504.75,1637.3,434.6814159292035,0.6107616197398156,2.3005354343533053,4,15,1,7.5,4,beer_bottle_0,0.26548672566371684
afar,0,1599,28,106,105,1,48662,48299,363,590,4,23,0.4671865999698639,0.690558671951294,1.0339559316635132,0.050000000745058,0.45717853307724,32,4,False,0.9905660377358492,0.2641509433962264,459.0754716981132,459.9904761904762,363.0,1737.928571428571,463.4476190476191,0.5753976408696725,2.157741153261272,3,19,0,7.0,4,canister_0,0.26666666666666666
afar,0,626,28,113,105,6,48828,46717,2111,599,4,10,0.5552694201469421,0.6434329152107239,0.8085132241249084,0.050000000745058,0.2902901172637939,32,4,False,0.9292035398230089,0.247787610619469,432.1061946902655,444.9238095238095,351.8333333333333,1743.857142857143,465.0285714285714,0.573441468010158,2.150405505038093,3,12,0,7.0,4,beer_bottle_0,0.26666666666666666
afar,0,392,31,122,116,6,49206,48371,835,590,4,13,0.6286408305168152,0.682776153087616,0.9295058846473694,0.050000000745058,0.2416331768035888,32,1,False,0.9508196721311476,0.2540983606557377,403.327868852459,416.9913793103448,139.16666666666666,1587.2903225806451,424.1896551724138,0.6300044709994717,2.357436085030281,3,25,0,7.75,4,beer_can_4,0.2672413793103448
afar,0,1413,27,109,101,3,49080,46572,2508,599,4,13,0.4096235930919647,0.6481693983078003,1.0133907794952393,0.050000000745058,0.372563898563385,32,5,False,0.926605504587156,0.2477064220183486,450.2752293577981,461.1089108910891,836.0,1817.7777777777776,485.940594059406,0.5501222493887531,2.0578647106764465,4,15,1,6.75,4,beer_can_4,0.26732673267326734
afar,0,1428,27,151,101,44,49473,37431,12042,599,4,13,0.6417124271392822,0.6719301342964172,0.7886278033256531,0.050000000745058,0.6483307480812073,32,5,False,0.6688741721854304,0.1788079470198675,327.635761589404,370.6039603960396,273.6818181818182,1832.3333333333333,489.8316831683168,0.5457522284882663,2.041517595456108,4,13,1,6.75,4,beer_can_4,0.26732673267326734
afar,0,1137,30,128,112,2,49386,44114,5272,599,4,12,0.7083810567855835,0.54376620054245,1.136361598968506,0.050000000745058,0.6738877296447754,32,2,False,0.875,0.234375,385.828125,393.875,2636.0,1646.2,440.94642857142856,0.6074596039363382,2.267849188028996,3,13,0,7.5,4,beer_can_1,0.26785714285714285
afar,0,1829,26,100,97,0,49428,48309,1119,599,4,3,0.4612531065940857,0.5008588433265686,0.9572722315788268,0.050000000745058,0.4455462694168091,32,6,False,0.97,0.26,494.28,498.0309278350516,,1901.076923076923,509.5670103092784,0.5260176418224488,1.9624504329529824,4,14,2,6.5,4,Dixie_cup_4,0.26804123711340205
afar,0,281,26,106,97,2,49089,44184,4905,599,4,26,0.6663587093353271,0.5487199425697327,1.0744240283966064,0.050000000745058,0.7343993186950684,32,6,False,0.9150943396226416,0.2452830188679245,463.1037735849056,455.50515463917526,2452.5,1888.0384615384608,506.0721649484536,0.5296502271384628,1.9760027704781111,4,11,1,6.5,4,canister_3,0.26804123711340205
afar,0,700,25,96,93,0,49079,48420,659,599,4,23,0.4724458754062652,0.5611359477043152,0.78658127784729,0.050000000745058,0.5016250014305115,32,7,False,0.96875,0.2604166666666667,511.2395833333333,520.6451612903226,,1963.16,527.7311827956989,0.5093828317610384,1.8949041341510624,3,16,0,6.25,4,canister_0,0.26881720430107525
afar,0,772,25,97,93,2,48599,46325,2274,599,4,23,0.4176549613475799,0.6195469498634338,0.975586473941803,0.050000000745058,0.4306632578372955,32,7,False,0.9587628865979382,0.2577319587628865,501.020618556701,498.1182795698925,1137.0,1943.96,522.5698924731183,0.5144138768287413,1.9136196218029176,3,15,0,6.25,4,canister_0,0.26881720430107525
afar,0,1132,25,98,93,3,48591,46172,2419,599,4,10,0.4028675854206085,0.5406454205513,1.035119891166687,0.050000000745058,0.460350751876831,32,7,False,0.9489795918367347,0.2551020408163265,495.8265306122449,496.4731182795699,806.3333333333334,1943.64,522.483870967742,0.5144985696939762,1.913934679261592,4,11,2,6.25,4,beer_bottle_0,0.26881720430107525
afar,0,397,28,107,104,1,48933,47479,1454,599,4,6,0.6487439870834351,0.5187216401100159,0.9539865255355836,0.050000000745058,0.5246687531471252,32,4,False,0.97196261682243,0.2616822429906542,457.31775700934577,456.5288461538461,1454.0,1747.607142857143,470.50961538461536,0.5722109823636401,2.125355077350663,3,26,0,7.0,4,aerosol_can_1,0.2692307692307692
afar,0,1819,28,125,104,19,49033,43792,5241,599,4,25,0.6650320291519165,0.6267003417015076,1.0429307222366333,0.050000000745058,0.6788094639778137,32,4,False,0.832,0.224,392.264,421.0769230769231,275.8421052631579,1751.178571428571,471.47115384615387,0.5710439907817184,2.12102053718924,2,14,0,7.0,4,canister_2,0.2692307692307692
afar,0,1083,30,118,111,3,49070,45853,3217,599,4,26,0.7328982353210449,0.6172868013381958,0.7720565795898438,0.050000000745058,0.38997682929039,32,2,False,0.940677966101695,0.2542372881355932,415.8474576271187,413.0900900900901,1072.3333333333333,1635.6666666666667,442.0720720720721,0.6113715100876299,2.2620745873242307,3,27,0,7.5,4,canister_3,0.2702702702702703
afar,0,1583,23,100,85,1,48811,42937,5874,599,4,19,0.4448946118354797,0.6618653535842896,0.6812081336975098,0.050000000745058,0.4113068580627441,32,9,False,0.85,0.23,488.11,505.1411764705882,5874.0,2122.217391304348,574.2470588235294,0.4712052611091762,1.7414107475773903,3,18,0,5.75,4,bottle_3,0.27058823529411763
afar,0,1719,23,154,85,50,49590,32529,17061,599,4,13,0.7921016812324524,0.5843368768692017,0.8079982995986938,0.050000000745058,0.7108027338981628,32,9,False,0.551948051948052,0.1493506493506493,322.012987012987,382.6941176470588,341.22,2156.086956521739,583.4117647058823,0.4638031861262351,1.714055253075217,3,12,0,5.75,4,beer_can_4,0.27058823529411763
afar,0,1923,27,102,99,2,49099,47490,1609,599,4,24,0.5135460495948792,0.5253660678863525,0.667208194732666,0.050000000745058,0.7934510707855225,32,5,False,0.9705882352941176,0.2647058823529412,481.3627450980392,479.6969696969697,804.5,1818.4814814814813,495.949494949495,0.5499093667895476,2.016334344895008,2,25,0,6.75,4,canister_1,0.2727272727272727
afar,0,1180,29,110,106,0,48774,48401,373,548,4,3,0.4049352407455444,0.6525219678878784,1.1844813823699951,0.050000000745058,0.2555814087390899,32,3,False,0.9636363636363636,0.2636363636363636,443.4,456.6132075471698,,1681.8620689655172,460.1320754716981,0.5945790790175093,2.1732890474433098,4,17,1,7.25,4,Dixie_cup_4,0.27358490566037735
afar,0,1856,28,114,102,7,49159,44673,4486,599,4,2,0.6909018158912659,0.6665605902671814,0.9944604635238647,0.050000000745058,0.2083533257246017,32,4,False,0.8947368421052632,0.2456140350877192,431.219298245614,437.9705882352941,640.8571428571429,1755.678571428571,481.9509803921569,0.5695803413413617,2.074899814886389,4,15,2,7.0,4,Dixie_cup_3,0.27450980392156865
afar,0,1359,30,112,109,1,49657,48197,1460,599,4,25,0.634711742401123,0.5098496079444885,1.163431167602539,0.050000000745058,0.7913600206375122,32,2,False,0.9732142857142856,0.2678571428571428,443.3660714285714,442.1743119266055,1460.0,1655.2333333333331,455.5688073394496,0.6041444307952555,2.195058098556095,4,22,2,7.5,4,canister_2,0.27522935779816515
afar,0,631,29,109,105,0,48541,47904,637,599,4,31,0.5283128619194031,0.5314383506774902,0.8663291931152344,0.050000000745058,0.2260018736124038,32,3,False,0.963302752293578,0.2660550458715596,445.3302752293578,456.22857142857146,,1673.8275862068965,462.2952380952381,0.5974330977936178,2.163119836838961,3,15,0,7.25,4,cider_0,0.2761904761904762
afar,0,1331,26,108,94,11,48851,44164,4687,599,4,2,0.6225277185440063,0.562041699886322,1.025209665298462,0.050000000745058,0.4386184215545654,32,6,False,0.8703703703703703,0.2407407407407407,452.3240740740741,469.82978723404256,426.09090909090907,1878.884615384616,519.6914893617021,0.5322306605801315,1.9242185420973985,4,9,3,6.5,4,Dixie_cup_3,0.2765957446808511
afar,0,1655,31,123,112,1,49098,48015,1083,599,4,10,0.58681720495224,0.6674181818962097,1.0976215600967407,0.050000000745058,0.6615638732910156,32,1,False,0.9105691056910568,0.2520325203252032,399.1707317073171,428.7053571428572,1083.0,1583.8064516129032,438.375,0.6313902806631635,2.281151981750784,4,18,2,7.75,4,beer_bottle_0,0.2767857142857143
afar,0,1087,22,92,79,1,48422,40749,7673,599,4,18,0.4279473721981048,0.5345634818077087,0.9585183262825012,0.050000000745058,0.5197457075119019,32,10,False,0.8586956521739131,0.2391304347826087,526.3260869565217,515.8101265822785,7673.0,2201.0,612.9367088607595,0.4543389368468877,1.631489818677461,3,17,0,5.5,4,bottle_2,0.27848101265822783
afar,0,1703,29,111,104,4,48567,46950,1617,599,4,31,0.5263864994049072,0.5462016463279724,0.6692197322845459,0.050000000745058,0.7898436784744263,32,3,False,0.9369369369369368,0.2612612612612612,437.5405405405405,451.4423076923077,404.25,1674.7241379310344,466.99038461538464,0.5971132662095662,2.141371713303272,4,15,1,7.25,4,cider_0,0.27884615384615385
afar,0,883,29,112,104,3,48917,47558,1359,599,4,12,0.742460310459137,0.6450146436691284,1.0560846328735352,0.050000000745058,0.2585988044738769,32,3,False,0.9285714285714286,0.2589285714285714,436.75892857142856,457.2884615384616,453.0,1686.7931034482758,470.3557692307692,0.5928409346443977,2.126050248379909,4,20,1,7.25,4,beer_can_1,0.27884615384615385
afar,0,1342,24,93,86,1,48623,44430,4193,599,4,26,0.4317497909069061,0.5944525003433228,0.8487551212310791,0.050000000745058,0.5927754640579224,32,8,False,0.9247311827956988,0.2580645161290322,522.8279569892474,516.6279069767442,4193.0,2025.9583333333333,565.3837209302326,0.4935935668305123,1.7687102811426691,4,13,2,6.0,4,canister_3,0.27906976744186046
afar,0,1420,31,112,111,0,49028,48429,599,599,4,28,0.6797623634338379,0.6533737778663635,0.6909292936325073,0.050000000745058,0.6043415069580078,32,1,False,0.9910714285714286,0.2767857142857143,437.75,436.2972972972973,,1581.548387096774,441.6936936936937,0.6322917516521172,2.264012401076936,3,22,0,7.75,4,chalice_4,0.27927927927927926
afar,0,1576,31,112,111,0,48829,48230,599,599,4,3,0.6081873178482056,0.6606783866882324,1.0308160781860352,0.050000000745058,0.3900206089019775,32,1,False,0.9910714285714286,0.2767857142857143,435.9732142857143,434.5045045045045,,1575.1290322580646,439.9009009009009,0.6348686231542731,2.273239263552397,4,11,2,7.75,4,Dixie_cup_4,0.27927927927927926
afar,0,1084,30,110,107,2,48693,47239,1454,599,4,20,0.7875422239303589,0.6153502464294434,0.6675094366073608,0.050000000745058,0.2924308180809021,32,2,False,0.9727272727272728,0.2727272727272727,442.6636363636364,441.4859813084112,727.0,1623.1,455.0747663551402,0.6161049842893229,2.1974411106319183,4,13,1,7.5,4,can_1,0.2803738317757009
afar,0,1253,23,93,82,1,48249,42237,6012,599,4,11,0.4466686248779297,0.5568543076515198,0.8937109112739563,0.050000000745058,0.4882584810256958,32,9,False,0.8817204301075269,0.2473118279569892,518.8064516129032,515.0853658536586,6012.0,2097.782608695652,588.4024390243902,0.4766938174884453,1.699517088437066,3,10,0,5.75,4,beer_bottle_3,0.2804878048780488
afar,0,1240,29,107,103,2,48576,46756,1820,599,4,18,0.6273515820503235,0.5918077230453491,0.9080643653869628,0.050000000745058,0.3206250667572021,32,3,False,0.9626168224299064,0.2710280373831775,453.98130841121497,453.94174757281553,910.0,1675.0344827586207,471.6116504854369,0.5970026350461133,2.120388669301713,4,9,5,7.25,4,bottle_2,0.2815533980582524
afar,0,949,31,116,110,1,48939,46480,2459,599,4,25,0.6706023216247559,0.6125518679618835,0.8023043274879456,0.050000000745058,0.2385729551315307,32,1,False,0.9482758620689656,0.2672413793103448,421.88793103448273,422.54545454545456,2459.0,1578.6774193548388,444.9,0.6334416314187049,2.2476961114857272,4,13,1,7.75,4,canister_2,0.2818181818181818
afar,0,1527,31,119,110,2,48945,46022,2923,576,4,25,0.7315870523452759,0.5543796420097351,0.6042487621307373,0.050000000745058,0.6960092186927795,32,1,False,0.9243697478991596,0.2605042016806723,411.30252100840335,418.3818181818182,1461.5,1578.8709677419354,444.95454545454544,0.6333639799775258,2.2474205741138014,3,20,0,7.75,4,canister_2,0.2818181818181818
afar,0,714,23,92,81,2,48915,42326,6589,599,4,8,0.4853739738464355,0.6132766008377075,0.8309540748596191,0.050000000745058,0.6287717223167419,32,9,False,0.8804347826086957,0.25,531.6847826086956,522.5432098765432,3294.5,2126.7391304347825,603.8888888888889,0.4702034140856588,1.655933762649494,3,17,0,5.75,4,bandage_4,0.2839506172839506
afar,0,799,27,101,95,1,49120,45526,3594,599,4,2,0.4792667329311371,0.6846189498901367,0.9843706488609314,0.050000000745058,0.7694715261459351,32,5,False,0.9405940594059404,0.2673267326732673,486.3366336633664,479.22105263157897,3594.0,1819.25925925926,517.0526315789474,0.5496742671009772,1.9340390879478828,4,15,3,6.75,4,Dixie_cup_3,0.28421052631578947
afar,0,746,31,112,109,0,49083,47286,1797,599,4,4,0.7532479763031006,0.6679720282554626,0.874852180480957,0.050000000745058,0.40449258685112,32,1,False,0.9732142857142856,0.2767857142857143,438.2410714285714,433.8165137614679,,1583.3225806451612,450.302752293578,0.6315832365584826,2.2207281543507937,4,12,1,7.75,4,Tabasco_sauce_2,0.28440366972477066
afar,0,1827,31,123,109,11,48736,44666,4070,599,4,17,0.7067389488220215,0.6350897550582886,0.7572907209396362,0.050000000745058,0.2087079584598541,32,1,False,0.8861788617886179,0.2520325203252032,396.2276422764228,409.7798165137615,370.0,1572.1290322580646,447.1192660550459,0.6360801050558109,2.2365397242284963,4,20,1,7.75,4,bottle_0,0.28440366972477066
afar,0,57,26,99,91,1,49564,44772,4792,599,4,8,0.466503381729126,0.6996256709098816,0.7035068869590759,0.050000000745058,0.3819565176963806,32,6,False,0.9191919191919192,0.2626262626262626,500.6464646464647,492.0,4792.0,1906.3076923076924,544.6593406593406,0.5245742877895246,1.8360100072633363,3,14,0,6.5,4,bandage_4,0.2857142857142857
afar,0,1062,26,99,91,1,48904,44694,4210,599,4,31,0.4014888703823089,0.5144357085227966,0.7139570713043213,0.050000000745058,0.5561572313308716,32,6,False,0.9191919191919192,0.2626262626262626,493.979797979798,491.1428571428572,4210.0,1880.923076923077,537.4065934065934,0.5316538524456077,1.8607884835596271,4,16,1,6.5,4,cider_0,0.2857142857142857
afar,0,624,30,139,105,21,49137,41338,7799,599,4,13,0.7289136648178101,0.6998443603515625,0.7122981548309326,0.050000000745058,0.6553400754928589,32,2,False,0.7553956834532374,0.2158273381294964,353.5035971223021,393.6952380952381,371.3809523809524,1637.9,467.9714285714286,0.6105378838756945,2.1368825935649305,4,22,2,7.5,4,beer_can_4,0.2857142857142857
afar,0,1151,29,107,101,2,49530,48809,721,599,4,19,0.6219494342803955,0.6468818783760071,1.1694073677062988,0.050000000745058,0.3063192367553711,32,3,False,0.9439252336448598,0.2710280373831775,462.8971962616823,483.25742574257424,360.5,1707.9310344827586,490.3960396039604,0.5855037351100343,2.0391681809004645,3,20,0,7.25,4,bottle_3,0.2871287128712871
afar,0,1717,29,107,101,1,48859,45399,3460,599,4,9,0.6308624744415283,0.5526211261749268,0.8694748878479004,0.050000000745058,0.6966063976287842,32,3,False,0.9439252336448598,0.2710280373831775,456.6261682242991,449.4950495049505,3460.0,1684.7931034482758,483.7524752475247,0.5935446898217319,2.067172885241204,3,14,0,7.25,4,bear_0,0.2871287128712871
afar,0,878,25,100,87,3,48616,41655,6961,599,4,14,0.4656769931316376,0.5007983446121216,0.6257026791572571,0.050000000745058,0.5143835544586182,32,7,False,0.87,0.25,486.16,478.7931034482759,2320.333333333333,1944.64,558.8045977011494,0.5142339970380122,1.7895343096922824,3,9,0,6.25,4,beret_2,0.28735632183908044
afar,0,984,28,104,97,0,49245,45052,4193,599,4,21,0.4710182845592499,0.6065352559089661,0.9386543035507202,0.050000000745058,0.3017612993717193,32,4,False,0.9326923076923076,0.2692307692307692,473.50961538461536,464.45360824742266,,1758.75,507.680412371134,0.5685856432125089,1.9697431211290488,4,16,3,7.0,4,candle_holder_4,0.28865979381443296
afar,0,1552,28,110,97,1,49015,43502,5513,599,4,21,0.5543644428253174,0.635354220867157,0.7598835229873657,0.050000000745058,0.4786916375160217,32,4,False,0.8818181818181818,0.2545454545454545,445.59090909090907,448.4742268041237,5513.0,1750.5357142857142,505.30927835051546,0.5712536978475977,1.9789860246863205,4,13,1,7.0,4,candle_holder_4,0.28865979381443296
afar,0,1690,26,97,90,0,48584,44391,4193,599,4,14,0.487850159406662,0.5379307866096497,1.093600511550903,0.050000000745058,0.7171223759651184,32,6,False,0.9278350515463918,0.268041237113402,500.8659793814433,493.23333333333335,,1868.6153846153843,539.8222222222222,0.5351556067841264,1.8524617157912069,3,18,0,6.5,4,beret_2,0.28888888888888886
afar,0,1671,31,107,107,0,48018,48018,0,544,4,5,0.5960410833358765,0.6649130582809448,0.7057772874832153,0.050000000745058,0.6130675673484802,32,1,False,1.0,0.2897196261682243,448.7663551401869,448.7663551401869,,1548.967741935484,448.7663551401869,0.6455912366196009,2.22833104252572,3,12,0,7.75,4,Tabasco_sauce_4,0.2897196261682243
afar,0,1721,31,115,107,3,49441,47545,1896,599,4,28,0.6798081398010254,0.5088210701942444,1.0836244821548462,0.050000000745058,0.3314223289489746,32,1,False,0.9304347826086956,0.2695652173913043,429.9217391304348,444.3457943925234,632.0,1594.8709677419354,462.06542056074767,0.6270099714811593,2.1641957080156144,4,16,1,7.75,4,chalice_4,0.2897196261682243
afar,0,857,29,111,100,2,48159,46754,1405,599,4,11,0.4426677823066711,0.6384400725364685,1.1458806991577148,0.050000000745058,0.3456960618495941,32,3,False,0.9009009009009008,0.2612612612612612,433.8648648648648,467.54,702.5,1660.655172413793,481.59,0.6021719720093855,2.076455075894433,3,20,0,7.25,4,beer_bottle_3,0.29
afar,0,119,23,108,79,7,49687,36773,12914,599,4,12,0.4559791684150696,0.5226350426673889,0.6121921539306641,0.050000000745058,0.6170268654823303,32,9,False,0.7314814814814815,0.2129629629629629,460.0648148148149,465.4810126582278,1844.857142857143,2160.304347826087,628.9493670886076,0.4628977398514702,1.589953106446354,3,11,0,5.75,4,beer_can_1,0.2911392405063291
afar,0,691,30,104,103,0,48328,47729,599,599,4,25,0.4725506007671356,0.6238200068473816,1.0665733814239502,0.050000000745058,0.6166799664497375,32,2,False,0.9903846153846154,0.2884615384615384,464.6923076923077,463.3883495145631,,1610.9333333333334,469.2038834951457,0.6207581526237378,2.1312696573414995,4,11,5,7.5,4,canister_2,0.2912621359223301
afar,0,1104,30,104,103,0,48308,47709,599,599,4,30,0.5008854866027832,0.5271520614624023,1.1775104999542236,0.050000000745058,0.5428063273429871,32,2,False,0.9903846153846154,0.2884615384615384,464.5,463.19417475728153,,1610.2666666666669,469.00970873786406,0.6210151527697276,2.132152024509398,4,17,1,7.5,4,chocolate_milk_4,0.2912621359223301
afar,0,1287,30,107,103,2,48566,46170,2396,599,4,15,0.6431718468666077,0.6860873699188232,0.7048912644386292,0.050000000745058,0.3853275179862976,32,2,False,0.9626168224299064,0.2803738317757009,453.8878504672897,448.252427184466,1198.0,1618.8666666666666,471.5145631067961,0.6177160976815056,2.1208252687065023,4,23,2,7.5,4,bolt_1,0.2912621359223301
afar,0,1263,26,102,89,3,48794,45198,3596,599,4,10,0.4775841236114502,0.6063175201416016,0.7786305546760559,0.050000000745058,0.6913142204284668,32,6,False,0.8725490196078431,0.2549019607843137,478.3725490196079,507.8426966292135,1198.6666666666667,1876.692307692308,548.2471910112359,0.5328523998852318,1.8239947534532928,4,19,1,6.5,4,beer_bottle_0,0.29213483146067415
afar,0,1048,31,109,106,1,48339,47115,1224,599,4,29,0.5902522802352905,0.6906009912490845,1.10748553276062,0.050000000745058,0.3169435262680053,32,1,False,0.9724770642201837,0.2844036697247706,443.4770642201835,444.4811320754717,1224.0,1559.3225806451612,456.02830188679246,0.6413041229648938,2.1928463559444755,4,13,5,7.75,4,chicken_(animal)_2,0.29245283018867924
afar,0,1229,30,104,102,1,48769,47571,1198,599,4,9,0.4904411137104034,0.6930511593818665,1.143486261367798,0.050000000745058,0.3480812311172485,32,2,False,0.9807692307692308,0.2884615384615384,468.9326923076923,466.38235294117646,1198.0,1625.6333333333334,478.12745098039215,0.6151448666160881,2.0914925464946994,4,16,1,7.5,4,bear_0,0.29411764705882354
afar,0,697,30,105,102,0,48908,47663,1245,599,4,6,0.5239068269729614,0.5078396201133728,0.9405752420425416,0.050000000745058,0.3624206781387329,32,2,False,0.9714285714285714,0.2857142857142857,465.79047619047617,467.2843137254902,,1630.2666666666669,479.4901960784314,0.6133965813363866,2.0855483765437146,4,14,2,7.5,4,aerosol_can_1,0.29411764705882354
afar,0,2036,30,105,102,2,49118,47517,1601,599,4,28,0.5568456649780273,0.5564767718315125,0.8565510511398315,0.050000000745058,0.7419247627258301,32,2,False,0.9714285714285714,0.2857142857142857,467.79047619047617,465.8529411764706,800.5,1637.2666666666669,481.5490196078432,0.6107740543181726,2.0766317846817866,4,17,1,7.5,4,chalice_4,0.29411764705882354
afar,0,1999,28,100,95,1,48998,47452,1546,599,4,24,0.496829479932785,0.5199785232543945,0.9328066110610962,0.050000000745058,0.310015857219696,32,4,False,0.95,0.28,489.98,499.4947368421053,1546.0,1749.928571428571,515.7684210526315,0.571451895995755,1.9388546471284545,3,20,0,7.0,4,canister_1,0.29473684210526313
afar,0,512,31,110,105,2,48274,47894,380,586,4,11,0.4504584074020386,0.5225129723548889,0.8011581897735596,0.050000000745058,0.5239731073379517,32,1,False,0.9545454545454546,0.2818181818181818,438.8545454545455,456.1333333333333,190.0,1557.225806451613,459.752380952381,0.6421676264655922,2.175083896093135,4,15,3,7.75,4,beer_bottle_3,0.29523809523809524
afar,0,307,31,114,105,5,48633,43944,4689,599,4,16,0.7744253873825073,0.6136937141418457,0.874448299407959,0.050000000745058,0.7484403252601624,32,1,False,0.9210526315789472,0.2719298245614035,426.60526315789474,418.5142857142857,937.8,1568.8064516129032,463.1714285714286,0.637427261324615,2.1590278206156315,4,25,1,7.75,4,boom_microphone_1,0.29523809523809524
afar,0,1064,29,101,98,0,48565,47035,1530,599,4,4,0.4134492576122284,0.5993503332138062,0.929342806339264,0.050000000745058,0.7563958168029785,32,3,False,0.9702970297029704,0.2871287128712871,480.8415841584159,479.9489795918368,,1674.655172413793,495.5612244897959,0.5971378564810048,2.01791413569443,3,13,0,7.25,4,Tabasco_sauce_2,0.29591836734693877
afar,0,456,29,105,98,4,48490,47517,973,599,4,14,0.5008071660995483,0.5719679594039917,0.9616042375564576,0.050000000745058,0.4744729995727539,32,3,False,0.9333333333333332,0.2761904761904762,461.8095238095238,484.8673469387755,243.25,1672.0689655172414,494.7959183673469,0.5980614559703031,2.0210352650030936,4,17,2,7.25,4,beret_2,0.29591836734693877
afar,0,344,30,109,101,7,48167,44988,3179,599,4,2,0.5659109354019165,0.6152584552764893,1.1192225217819214,0.050000000745058,0.3571534156799316,32,2,False,0.926605504587156,0.2752293577981651,441.8990825688073,445.4257425742574,454.1428571428572,1605.5666666666666,476.9009900990099,0.6228330599788237,2.096871301928706,4,19,2,7.5,4,Dixie_cup_3,0.297029702970297
afar,0,1658,31,106,104,0,48952,48329,623,599,4,13,0.429219901561737,0.6516589522361755,0.8923771977424622,0.050000000745058,0.4979345798492431,32,1,False,0.981132075471698,0.2924528301886792,461.811320754717,464.7019230769231,,1579.0967741935483,470.6923076923077,0.6332734106880209,2.124530151985619,3,24,0,7.75,4,beer_can_4,0.2980769230769231
afar,0,174,31,135,104,26,49118,39199,9919,599,4,17,0.799621045589447,0.6628515720367432,1.129904866218567,0.050000000745058,0.4687755703926086,32,1,False,0.7703703703703704,0.2296296296296296,363.837037037037,376.9134615384616,381.5,1584.451612903226,472.2884615384616,0.6311331894621116,2.117350054969665,4,14,3,7.75,4,bottle_0,0.2980769230769231
afar,0,1334,26,95,87,1,48909,44916,3993,599,4,7,0.4786209166049957,0.6614916920661926,1.1085615158081057,0.050000000745058,0.666560173034668,32,6,False,0.9157894736842104,0.2736842105263158,514.8315789473684,516.2758620689655,3993.0,1881.1153846153843,562.1724137931035,0.5315995011143143,1.7788137152671288,2,21,0,6.5,4,atomizer_0,0.2988505747126437
afar,0,1075,30,104,100,2,48819,47287,1532,599,4,5,0.4438092410564422,0.6886316537857056,0.769227921962738,0.050000000745058,0.6508569121360779,32,2,False,0.9615384615384616,0.2884615384615384,469.4134615384616,472.87,766.0,1627.3,488.19,0.6145148405333989,2.048382801777996,4,20,2,7.5,4,Tabasco_sauce_4,0.3
afar,0,19,31,104,103,0,48813,48789,24,591,4,14,0.6622380018234253,0.5893169045448303,0.9704196453094482,0.050000000745058,0.5495393872261047,32,1,False,0.9903846153846154,0.2980769230769231,469.3557692307692,473.6796116504854,,1574.6129032258063,473.9126213592233,0.6350767213652101,2.110093622600537,3,19,0,7.75,4,beret_2,0.30097087378640774
afar,0,461,28,96,93,1,48991,47194,1797,599,4,2,0.4287126064300537,0.5265326499938965,0.9684985280036926,0.050000000745058,0.6103913187980652,32,4,False,0.96875,0.2916666666666667,510.3229166666667,507.4623655913978,1797.0,1749.678571428571,526.7849462365591,0.5715335469780164,1.8983078524626973,3,20,0,7.0,4,Dixie_cup_3,0.3010752688172043
afar,0,351,29,100,96,2,48463,47295,1168,599,4,7,0.643835186958313,0.5046241283416748,0.7997744679450989,0.050000000745058,0.4459328651428222,32,3,False,0.96,0.29,484.63,492.65625,584.0,1671.1379310344828,504.8229166666667,0.5983946515898727,1.9808926397457856,4,14,2,7.25,4,atomizer_0,0.3020833333333333
afar,0,685,30,101,99,0,48583,48038,545,584,4,13,0.4114267826080322,0.6915175914764404,0.8906850218772888,0.050000000745058,0.2886535227298736,32,2,False,0.9801980198019802,0.297029702970297,481.019801980198,485.2323232323232,,1619.4333333333334,490.7373737373737,0.617499948541671,2.037749830187514,4,16,1,7.5,4,beer_can_4,0.30303030303030304
afar,0,51,30,102,99,2,48674,47445,1229,599,4,9,0.5046436786651611,0.53985595703125,1.0494203567504885,0.050000000745058,0.6166551113128662,32,2,False,0.9705882352941176,0.2941176470588235,477.1960784313725,479.24242424242425,614.5,1622.4666666666667,491.6565656565657,0.6163454821876155,2.033940091219131,4,18,2,7.5,4,bear_0,0.30303030303030304
afar,0,711,28,107,92,6,48790,42887,5903,599,4,0,0.5616375803947449,0.5671330690383911,0.9935110807418824,0.050000000745058,0.3233068585395813,32,4,False,0.8598130841121495,0.2616822429906542,455.98130841121497,466.1630434782609,983.8333333333334,1742.5,530.3260869565217,0.5738880918220947,1.885632301701168,3,16,0,7.0,4,Band_Aid_0,0.30434782608695654
afar,0,1477,29,100,95,2,48679,46916,1763,599,4,13,0.443925678730011,0.5878188014030457,0.677046537399292,0.050000000745058,0.3891975879669189,32,3,False,0.95,0.29,486.79,493.85263157894735,881.5,1678.5862068965516,512.4105263157895,0.5957394358963825,1.9515602210398733,4,10,5,7.25,4,beer_can_4,0.30526315789473685
afar,0,1057,27,93,88,1,48615,45620,2995,599,4,7,0.4767738580703735,0.6801047325134277,0.7109012603759766,0.050000000745058,0.7490235567092896,32,5,False,0.946236559139785,0.2903225806451613,522.741935483871,518.4090909090909,2995.0,1800.5555555555557,552.4431818181819,0.5553841406973157,1.8101409030134727,3,19,0,6.75,4,atomizer_0,0.3068181818181818
afar,0,393,31,103,101,0,49291,48670,621,599,4,18,0.5054304003715515,0.5459278225898743,0.8248177170753479,0.050000000745058,0.7710471749305725,32,1,False,0.9805825242718448,0.3009708737864077,478.5533980582524,481.8811881188119,,1590.032258064516,488.029702970297,0.6289180580633381,2.04905560852894,4,20,3,7.75,4,bottle_2,0.3069306930693069
afar,0,223,31,104,101,0,48327,46530,1797,599,4,23,0.4591183066368103,0.6506474018096924,0.6327642202377319,0.050000000745058,0.5427908301353455,32,1,False,0.971153846153846,0.2980769230769231,464.6826923076923,460.6930693069307,,1558.9354838709678,478.48514851485146,0.6414633641649595,2.08992902518261,4,14,3,7.75,4,canister_0,0.3069306930693069
afar,0,1092,28,99,91,0,48588,45530,3058,599,4,27,0.447694182395935,0.5477421283721924,0.8178422451019287,0.050000000745058,0.3073039054870605,32,4,False,0.9191919191919192,0.2828282828282828,490.7878787878788,500.3296703296703,,1735.2857142857142,533.934065934066,0.5762739771136907,1.8728904256194945,4,11,4,7.0,4,chalice_2,0.3076923076923077
afar,0,900,28,100,91,1,48643,45569,3074,599,4,19,0.4134829938411712,0.5618972182273865,1.1162340641021729,0.050000000745058,0.4028079509735107,32,4,False,0.91,0.28,486.43,500.75824175824175,3074.0,1737.25,534.5384615384615,0.5756223917110376,1.870772773060872,4,12,1,7.0,4,bottle_3,0.3076923076923077
afar,0,856,29,101,94,1,48832,46462,2370,599,4,27,0.4326889812946319,0.6710085868835449,1.1873137950897217,0.050000000745058,0.2433066964149475,32,3,False,0.9306930693069309,0.2871287128712871,483.48514851485146,494.2765957446808,2370.0,1683.8620689655172,519.4893617021277,0.593872870249017,1.9249672346002624,4,18,1,7.25,4,chalice_2,0.30851063829787234
afar,0,510,30,105,97,2,48495,47207,1288,599,4,5,0.4738109111785888,0.5030501484870911,0.7295798063278198,0.050000000745058,0.2729966640472412,32,2,False,0.923809523809524,0.2857142857142857,461.8571428571428,486.6701030927835,644.0,1616.5,499.9484536082474,0.6186204763377667,2.000206206825446,4,10,5,7.5,4,Tabasco_sauce_4,0.30927835051546393
afar,0,910,30,108,97,7,48568,43148,5420,599,4,27,0.5363624095916748,0.5768328905105591,0.6038578748703003,0.050000000745058,0.3672923445701599,32,2,False,0.8981481481481481,0.2777777777777778,449.7037037037037,444.8247422680412,774.2857142857143,1618.9333333333334,500.7010309278351,0.617690660517213,1.9971998023389883,4,21,1,7.5,4,chalice_2,0.30927835051546393
afar,0,20,30,100,96,1,49330,46934,2396,599,4,20,0.5255187749862671,0.6657525897026062,0.8666477203369141,0.050000000745058,0.7052782773971558,32,2,False,0.96,0.3,493.3,488.8958333333333,2396.0,1644.3333333333333,513.8541666666666,0.6081491992702209,1.946077437664707,3,19,0,7.5,4,can_1,0.3125
afar,0,1178,30,102,95,1,48613,46276,2337,599,4,31,0.569934070110321,0.5188480019569397,0.6973174810409546,0.050000000745058,0.340928703546524,32,2,False,0.931372549019608,0.2941176470588235,476.5980392156863,487.1157894736842,2337.0,1620.4333333333334,511.7157894736842,0.6171188776664678,1.954209779277148,3,18,0,7.5,4,cider_0,0.3157894736842105
afar,0,389,30,103,95,4,48328,44563,3765,599,4,14,0.537585973739624,0.6033243536949158,0.6565225720405579,0.050000000745058,0.6147114634513855,32,2,False,0.9223300970873788,0.2912621359223301,469.2038834951457,469.0842105263158,941.25,1610.9333333333334,508.7157894736842,0.6207581526237378,1.9657341499751697,3,14,0,7.5,4,beret_2,0.3157894736842105
afar,0,957,30,123,95,24,49240,40761,8479,599,4,13,0.7397474646568298,0.6660566926002502,0.926044464111328,0.050000000745058,0.3425620794296264,32,2,False,0.7723577235772358,0.2439024390243902,400.3252032520325,429.0631578947368,353.2916666666667,1641.3333333333333,518.3157894736842,0.6092607636068237,1.9293257514216084,4,13,2,7.5,4,beer_can_4,0.3157894736842105
afar,0,1183,31,132,98,24,48871,38491,10380,599,4,2,0.682597279548645,0.5374428629875183,1.0289663076400757,0.050000000745058,0.4325515627861023,32,1,False,0.7424242424242424,0.2348484848484848,370.2348484848485,392.765306122449,432.5,1576.483870967742,498.68367346938777,0.6343230136481758,2.0052792044361687,4,16,3,7.75,4,Dixie_cup_3,0.3163265306122449
afar,0,1391,28,94,88,0,48687,45093,3594,599,4,14,0.5008753538131714,0.5279468894004822,1.1286771297454834,0.050000000745058,0.3403455018997192,32,4,False,0.9361702127659576,0.2978723404255319,517.9468085106383,512.4204545454545,,1738.821428571429,553.2613636363636,0.5751021833343603,1.8074640047651325,3,19,0,7.0,4,beret_2,0.3181818181818182
afar,0,1070,29,134,91,28,48911,38446,10465,599,4,13,0.7798599004745483,0.6177303194999695,1.0802099704742432,0.050000000745058,0.7459211349487305,32,3,False,0.6791044776119403,0.2164179104477611,365.0074626865672,422.4835164835165,373.75,1686.5862068965516,537.4835164835165,0.5929136595039971,1.860522172926336,4,11,4,7.25,4,beer_can_4,0.31868131868131866
afar,0,199,31,100,97,1,48662,47060,1602,599,4,0,0.4600138366222381,0.51368248462677,1.1190690994262695,0.050000000745058,0.6680489182472229,32,1,False,0.97,0.31,486.62,485.1546391752577,1602.0,1569.741935483871,501.6701030927835,0.6370473881057087,1.993341827298508,3,14,0,7.75,4,Band_Aid_0,0.31958762886597936
afar,0,1839,29,106,90,5,48926,42153,6773,599,4,28,0.4908148050308227,0.5265682339668274,0.6027936935424805,0.050000000745058,0.5693188905715942,32,3,False,0.8490566037735849,0.2735849056603773,461.5660377358491,468.3666666666667,1354.6,1687.103448275862,543.6222222222223,0.5927318807995748,1.839512733515922,2,18,0,7.25,4,chalice_4,0.32222222222222224
afar,0,236,31,100,96,0,48771,47513,1258,599,4,0,0.4601351022720337,0.5808572769165039,0.9402214288711548,0.050000000745058,0.4023529887199402,32,1,False,0.96,0.31,487.71,494.9270833333333,,1573.258064516129,508.03125,0.6356236287958008,1.968382850464416,4,24,2,7.75,4,Band_Aid_0,0.3229166666666667
afar,0,61,31,112,96,8,49403,43111,6292,599,4,12,0.7299089431762695,0.5630187392234802,0.7400937676429749,0.050000000745058,0.308195412158966,32,1,False,0.8571428571428571,0.2767857142857143,441.0982142857143,449.0729166666667,786.5,1593.645161290323,514.6145833333334,0.6274922575552092,1.9432018298483893,4,17,2,7.75,4,beer_can_1,0.3229166666666667
afar,0,931,28,95,86,2,48692,43301,5391,599,4,15,0.434077650308609,0.5846860408782959,0.7450606822967529,0.050000000745058,0.2192555516958236,32,4,False,0.9052631578947368,0.2947368421052631,512.5473684210526,503.5,2695.5,1739.0,566.1860465116279,0.5750431282346176,1.7662038938634683,4,14,1,7.0,4,bolt_1,0.32558139534883723
afar,0,1772,30,96,92,1,48684,46288,2396,599,4,18,0.6285510063171387,0.604159414768219,1.053924322128296,0.050000000745058,0.5709188580513,32,2,False,0.9583333333333334,0.3125,507.125,503.1304347826087,2396.0,1622.8,529.1739130434783,0.6162188809465122,1.889737901569304,4,13,3,7.5,4,bottle_2,0.32608695652173914
afar,0,130,31,103,95,2,48393,45667,2726,599,4,22,0.47579225897789,0.5408849120140076,0.7448445558547974,0.050000000745058,0.6067574620246887,32,1,False,0.9223300970873788,0.3009708737864077,469.8349514563107,480.7052631578948,1363.0,1561.0645161290322,509.4,0.6405885148678528,1.963093835885356,3,14,0,7.75,4,candy_cane_1,0.3263157894736842
afar,0,81,23,89,70,0,48600,37799,10801,599,4,14,0.4490981996059418,0.6096179485321045,0.9007235765457152,0.050000000745058,0.6147461533546448,32,9,False,0.7865168539325843,0.2584269662921348,546.0674157303371,539.9857142857143,,2113.043478260869,694.2857142857143,0.4732510288065844,1.440329218106996,4,14,2,5.75,4,beret_2,0.32857142857142857
afar,0,154,30,100,91,1,48356,43684,4672,599,4,21,0.4112239778041839,0.6102858781814575,1.02936053276062,0.050000000745058,0.7019525170326233,32,2,False,0.91,0.3,483.56,480.043956043956,4672.0,1611.8666666666666,531.3846153846154,0.6203987095706841,1.8818760856977417,4,22,1,7.5,4,candle_holder_4,0.32967032967032966
afar,0,1512,31,101,94,3,48659,45310,3349,599,4,17,0.4623894691467285,0.6982676982879639,0.6721320152282715,0.050000000745058,0.7595012187957764,32,1,False,0.9306930693069309,0.3069306930693069,481.7722772277228,482.0212765957447,1116.3333333333333,1569.645161290323,517.6489361702128,0.6370866643375326,1.9318111757331635,3,14,0,7.75,4,bottle_0,0.32978723404255317
afar,0,1239,26,94,78,1,49236,39652,9584,599,4,11,0.5124202966690063,0.5450551509857178,0.8738089799880981,0.050000000745058,0.4879427552223205,32,6,False,0.8297872340425532,0.2765957446808511,523.7872340425532,508.3589743589744,9584.0,1893.692307692308,631.2307692307693,0.5280688926801528,1.5842066780404582,2,24,0,6.5,4,beer_bottle_3,0.3333333333333333
afar,0,191,29,103,87,4,49283,41077,8206,599,4,26,0.5230149030685425,0.5718969106674194,1.1069810390472412,0.050000000745058,0.4334855079650879,32,3,False,0.8446601941747572,0.2815533980582524,478.4757281553398,472.14942528735634,2051.5,1699.4137931034484,566.471264367816,0.5884382038431102,1.7653146115293306,2,15,0,7.25,4,canister_3,0.3333333333333333
afar,0,837,30,96,90,0,48768,45242,3526,599,4,9,0.4067440032958984,0.6335170865058899,0.9369652271270752,0.050000000745058,0.25822713971138,32,2,False,0.9375,0.3125,508.0,502.68888888888887,,1625.6,541.8666666666667,0.6151574803149606,1.845472440944882,4,13,1,7.5,4,bear_0,0.3333333333333333
afar,0,1926,30,93,89,0,48416,46020,2396,599,4,28,0.4296793639659881,0.5080324411392212,0.9461146593093872,0.050000000745058,0.7269508242607117,32,2,False,0.956989247311828,0.3225806451612903,520.6021505376344,517.0786516853933,,1613.8666666666666,544.0,0.6196298744216788,1.838235294117647,4,14,1,7.5,4,chalice_4,0.33707865168539325
afar,0,142,31,101,91,5,48776,45890,2886,599,4,12,0.4774095714092254,0.5704033374786377,0.7066851258277893,0.050000000745058,0.5561948418617249,32,1,False,0.900990099009901,0.3069306930693069,482.9306930693069,504.2857142857143,577.2,1573.4193548387098,536.0,0.6355584713793669,1.8656716417910448,3,14,0,7.75,4,beer_can_1,0.34065934065934067
afar,0,294,31,116,90,21,48829,39206,9623,599,4,2,0.6100720167160034,0.561103343963623,0.7300958037376404,0.050000000745058,0.3270183205604553,32,1,False,0.7758620689655172,0.2672413793103448,420.9396551724138,435.6222222222222,458.2380952380952,1575.1290322580646,542.5444444444445,0.6348686231542731,1.8431669704478888,3,15,0,7.75,4,Dixie_cup_3,0.34444444444444444
afar,0,1862,31,97,89,2,48767,44548,4219,599,4,25,0.4171399772167206,0.5129929780960083,0.9017603397369384,0.050000000745058,0.3334482908248901,32,1,False,0.9175257731958762,0.3195876288659793,502.7525773195876,500.5393258426967,2109.5,1573.1290322580646,547.943820224719,0.6356757643488424,1.825004613775709,4,15,3,7.75,4,canister_2,0.34831460674157305
afar,0,1212,29,92,83,1,48751,43512,5239,599,4,7,0.4386068284511566,0.6459890604019165,1.0506045818328855,0.050000000745058,0.2473007589578628,32,3,False,0.9021739130434784,0.3152173913043478,529.9021739130435,524.2409638554217,5239.0,1681.0689655172414,587.3614457831326,0.5948595926237411,1.702529178888638,4,9,4,7.25,4,atomizer_0,0.3493975903614458
afar,0,1055,31,98,88,7,49380,45050,4330,599,4,2,0.6073405742645264,0.6165758967399597,0.7837129831314087,0.050000000745058,0.5431802868843079,32,1,False,0.8979591836734694,0.3163265306122449,503.8775510204082,511.9318181818182,618.5714285714286,1592.9032258064517,561.1363636363636,0.6277845281490482,1.7820980153908466,4,17,1,7.75,4,Dixie_cup_3,0.3522727272727273
afar,0,1851,31,105,88,16,48666,43721,4945,599,4,10,0.4706645011901855,0.5158658027648926,0.6001367568969727,0.050000000745058,0.2951463460922241,32,1,False,0.8380952380952381,0.2952380952380952,463.4857142857143,496.82954545454544,309.0625,1569.8709677419354,553.0227272727273,0.6369950273291415,1.8082439485472404,3,15,0,7.75,4,beer_bottle_0,0.3522727272727273
