category,category_id,variant_id,stored_count,attempt_count,success_count,failure_count,attempt_step_sum,success_step_sum,failure_step_sum,attempt_step_max,num_copies,object_id,z_shift,table_size_x,table_size_y,table_size_z,object_mass,target_count,missing_to_target,complete_32,success_rate,stored_rate,mean_attempt_steps,mean_success_steps,mean_failure_steps,attempt_steps_per_stored,attempt_steps_per_success,stored_per_1k_attempt_steps,success_per_1k_attempt_steps,copies_with_stored,max_copy_stored,min_copy_stored,mean_copy_stored,copies_with_attempts,eff_median,eff_mad,robust_z_attempt_steps_per_stored,object_name
afar,0,0,77,124,122,2,49116,48322,794,599,4,7,0.7030526399612427,0.5478236079216003,1.0880918502807615,0.050000000745058,0.4221998155117035,32,0,True,0.9838709677419356,0.6209677419354839,396.0967741935484,396.0819672131148,397.0,637.8701298701299,402.59016393442624,1.567717240817656,2.483915628308494,4,23,14,19.25,4,1054.0032377428306,248.72454921824044,-1.1284844304365618,atomizer_0
afar,0,1,39,116,109,4,48702,48233,469,587,4,31,0.5117243528366089,0.6993427276611328,0.9032682180404664,0.050000000745058,0.757331132888794,32,0,True,0.9396551724137931,0.3362068965517241,419.8448275862069,442.5045871559633,117.25,1248.7692307692307,446.8073394495413,0.8007884686460515,2.238101104677426,3,19,0,9.75,4,1054.0032377428306,248.72454921824044,0.5281732853038085,cider_0
afar,0,2,47,117,112,1,48951,48052,899,587,4,25,0.5612276792526245,0.697519063949585,0.698340892791748,0.050000000745058,0.2660558223724365,32,0,True,0.9572649572649572,0.4017094017094017,418.38461538461536,429.0357142857143,899.0,1041.5106382978724,437.0625,0.9601438172866744,2.288002288002288,4,22,2,11.75,4,1054.0032377428306,248.72454921824044,-0.0338778715334237,canister_2
afar,0,3,42,119,99,16,48955,42436,6519,599,4,2,0.6938737630844116,0.6499868631362915,0.992746889591217,0.050000000745058,0.7767549157142639,32,0,True,0.8319327731092437,0.3529411764705882,411.3865546218488,428.6464646464647,407.4375,1165.595238095238,494.4949494949495,0.857930752732101,2.0222653457256663,4,19,6,10.5,4,1054.0032377428306,248.72454921824044,0.3026191201241462,Dixie_cup_3
afar,0,4,24,103,100,0,48545,47298,1247,599,4,24,0.4117126166820526,0.5067141056060791,0.7989126443862915,0.050000000745058,0.5834188461303711,32,8,False,0.970873786407767,0.233009708737864,471.31067961165047,472.98,,2022.7083333333333,485.45,0.4943866515604078,2.0599443815017,3,16,0,6.0,4,1054.0032377428306,248.72454921824044,2.626968624647032,canister_1
afar,0,5,44,110,106,1,48424,47279,1145,599,4,29,0.7199434638023376,0.6690632700920105,0.7295529842376709,0.050000000745058,0.2454921305179596,32,0,True,0.9636363636363636,0.4,440.2181818181818,446.02830188679246,1145.0,1100.5454545454545,456.8301886792453,0.9086403436312572,2.188997191475301,3,23,0,11.0,4,1054.0032377428306,248.72454921824044,0.1262148241178422,chicken_(animal)_2
afar,0,6,52,127,111,12,49041,45543,3498,599,4,13,0.5588549375534058,0.688883900642395,1.1273868083953855,0.050000000745058,0.3697115778923034,32,0,True,0.8740157480314961,0.4094488188976378,386.1496062992126,410.2972972972973,291.5,943.0961538461538,441.8108108108109,1.0603372688158887,2.263412246895455,4,22,4,13.0,4,1054.0032377428306,248.72454921824044,-0.3007617395364947,beer_can_4
afar,0,7,39,123,111,4,48940,46899,2041,599,4,24,0.701748788356781,0.5165789127349854,1.1374433040618896,0.050000000745058,0.543077290058136,32,0,True,0.902439024390244,0.3170731707317073,397.8861788617886,422.5135135135135,510.25,1254.871794871795,440.9009009009009,0.7968941561095219,2.26808336738864,3,26,0,9.75,4,1054.0032377428306,248.72454921824044,0.5447224337498184,canister_1
afar,0,8,14,106,98,2,49315,45786,3529,599,4,21,0.627803385257721,0.523331880569458,1.1593985557556152,0.050000000745058,0.6740430593490601,32,18,False,0.9245283018867924,0.1320754716981132,465.2358490566038,467.2040816326531,1764.5,3522.5,503.2142857142857,0.2838892831795599,1.98722498225692,4,7,1,3.5,4,1054.0032377428306,248.72454921824044,6.694156533304339,candle_holder_4
afar,0,9,35,108,99,3,49533,46350,3183,599,4,24,0.5755111575126648,0.6865677833557129,1.1152279376983645,0.050000000745058,0.4376000165939331,32,0,True,0.9166666666666666,0.324074074074074,458.6388888888889,468.1818181818182,1061.0,1415.2285714285715,500.3333333333333,0.7065996406436114,1.9986675549633577,4,14,2,8.75,4,1054.0032377428306,248.72454921824044,0.9795835929216922,canister_1
afar,0,10,66,120,115,2,48696,46310,2386,599,4,7,0.6554721593856812,0.5808143615722656,0.9260730743408204,0.050000000745058,0.7037579417228699,32,0,True,0.9583333333333334,0.55,405.8,402.69565217391306,1193.0,737.8181818181819,423.4434782608696,1.3553474618038444,2.361590274355183,4,27,11,16.5,4,1054.0032377428306,248.72454921824044,-0.8574417800393603,atomizer_0
afar,0,11,54,119,117,1,49165,47967,1198,599,4,20,0.6098663806915283,0.6563345789909363,0.9172977805137634,0.050000000745058,0.6353384852409363,32,0,True,0.9831932773109244,0.453781512605042,413.1512605042017,409.97435897435895,1198.0,910.4629629629628,420.2136752136752,1.0983423166887014,2.379741686158853,4,22,2,13.5,4,1054.0032377428306,248.72454921824044,-0.3892575768790277,can_1
afar,0,12,63,133,125,7,48658,46201,2457,599,4,4,0.6730456352233887,0.5578455924987793,1.1897971630096436,0.050000000745058,0.6804952025413513,32,0,True,0.9398496240601504,0.4736842105263157,365.8496240601504,369.608,351.0,772.3492063492064,389.264,1.2947511200624768,2.568950635044597,4,27,8,15.75,4,1054.0032377428306,248.72454921824044,-0.7637993305128382,Tabasco_sauce_2
afar,0,13,38,120,117,2,49223,48472,751,556,4,26,0.5220597982406616,0.5719878673553467,0.9819066524505616,0.050000000745058,0.4721009135246277,32,0,True,0.975,0.3166666666666666,410.19166666666666,414.2905982905983,375.5,1295.342105263158,420.7094017094017,0.7719968307498527,2.376937610466652,4,28,2,9.5,4,1054.0032377428306,248.72454921824044,0.6544712480295971,canister_3
afar,0,14,42,100,95,0,48705,45710,2995,599,4,24,0.5854182243347168,0.5334208011627197,0.6944478750228882,0.050000000745058,0.4331449866294861,32,0,True,0.95,0.42,487.05,481.1578947368421,,1159.642857142857,512.6842105263158,0.8623344625808439,1.9505184272661944,4,16,1,10.5,4,1054.0032377428306,248.72454921824044,0.2864772436386927,canister_1
afar,0,15,28,115,108,0,48339,46180,2159,599,4,21,0.5819945335388184,0.6278020143508911,0.7707028985023499,0.050000000745058,0.2712421417236328,32,4,False,0.9391304347826088,0.2434782608695652,420.3391304347826,427.5925925925926,,1726.392857142857,447.5833333333333,0.5792424336457105,2.234220815490598,4,17,2,7.0,4,1054.0032377428306,248.72454921824044,1.823409871324668,candle_holder_4
afar,0,16,43,102,101,0,48266,47667,599,599,4,8,0.6289888024330139,0.6699566841125488,0.9495506286621094,0.050000000745058,0.2027705162763595,32,0,True,0.9901960784313726,0.4215686274509804,473.1960784313725,471.9504950495049,,1122.4651162790697,477.8811881188119,0.8908962830978329,2.0925703393693285,4,20,2,10.75,4,1054.0032377428306,248.72454921824044,0.1856573354654079,bandage_4
afar,0,17,48,108,103,3,49134,47447,1687,599,4,17,0.5992010235786438,0.5728612542152405,0.8211283087730408,0.050000000745058,0.3075229823589325,32,0,True,0.9537037037037036,0.4444444444444444,454.94444444444446,460.6504854368932,562.3333333333334,1023.625,477.0291262135922,0.9769202588838686,2.096308055521635,4,24,5,12.0,4,1054.0032377428306,248.72454921824044,-0.0823807759304065,bottle_0
afar,0,18,51,128,123,4,49201,47366,1835,599,4,15,0.7748333215713501,0.6703917384147644,1.1390502452850342,0.050000000745058,0.3453517556190491,32,0,True,0.9609375,0.3984375,384.3828125,385.0894308943089,458.75,964.7254901960785,400.0081300813008,1.0365642974736289,2.4999491880246336,4,19,3,12.75,4,1054.0032377428306,248.72454921824044,-0.2421065427982619,bolt_1
afar,0,19,31,104,103,0,48813,48789,24,591,4,14,0.6622380018234253,0.5893169045448303,0.9704196453094482,0.050000000745058,0.5495393872261047,32,1,False,0.9903846153846154,0.2980769230769231,469.3557692307692,473.6796116504854,,1574.6129032258063,473.9126213592233,0.6350767213652101,2.110093622600537,3,19,0,7.75,4,1054.0032377428306,248.72454921824044,1.4118076421163943,beret_2
afar,0,20,30,100,96,1,49330,46934,2396,599,4,20,0.5255187749862671,0.6657525897026062,0.8666477203369141,0.050000000745058,0.7052782773971558,32,2,False,0.96,0.3,493.3,488.8958333333333,2396.0,1644.3333333333333,513.8541666666666,0.6081491992702209,1.946077437664707,3,19,0,7.5,4,1054.0032377428306,248.72454921824044,1.6008779620962053,can_1
afar,0,21,44,104,102,0,49219,48021,1198,599,4,15,0.4792077541351318,0.5145071148872375,1.1167681217193604,0.050000000745058,0.4625148177146911,32,0,True,0.9807692307692308,0.4230769230769231,473.25961538461536,470.7941176470589,,1118.6136363636365,482.5392156862745,0.893963713200187,2.0723704260549787,4,19,7,11.0,4,1054.0032377428306,248.72454921824044,0.1752127564677779,bolt_1
afar,0,22,35,107,99,2,48707,45056,3651,599,4,25,0.5664768815040588,0.5975950956344604,0.6553056240081787,0.050000000745058,0.4344223737716675,32,0,True,0.9252336448598132,0.3271028037383177,455.2056074766355,455.1111111111111,1825.5,1391.6285714285714,491.989898989899,0.7185825446034451,2.032562054735459,3,22,0,8.75,4,1054.0032377428306,248.72454921824044,0.9155842810321656,canister_2
afar,0,23,49,99,88,1,49082,44217,4865,599,4,0,0.513731837272644,0.6057800650596619,1.0351035594940186,0.050000000745058,0.4180282950401306,32,0,True,0.8888888888888888,0.494949494949495,495.77777777777777,502.46590909090907,4865.0,1001.6734693877552,557.75,0.9983293264333156,1.7929179740026897,4,23,1,12.25,4,1054.0032377428306,248.72454921824044,-0.1419097104264043,Band_Aid_0
afar,0,24,68,108,95,5,49470,43776,5694,599,4,12,0.5359103083610535,0.6085019111633301,1.022908091545105,0.050000000745058,0.7703824639320374,32,0,True,0.8796296296296297,0.6296296296296297,458.05555555555554,460.8,1138.8,727.5,520.7368421052631,1.3745704467353952,1.9203557711744488,4,22,3,17.0,4,1054.0032377428306,248.72454921824044,-0.8854229892052358,beer_can_1
afar,0,25,57,127,120,7,48734,48467,267,552,4,11,0.6095763444900513,0.6734923720359802,0.846439003944397,0.050000000745058,0.6999205350875854,32,0,True,0.9448818897637796,0.4488188976377952,383.7322834645669,403.89166666666665,38.142857142857146,854.9824561403509,406.1166666666667,1.169614642754545,2.462346616325358,4,28,1,14.25,4,1054.0032377428306,248.72454921824044,-0.5397115709438302,beer_bottle_3
afar,0,26,84,123,121,2,48648,47610,1038,599,4,8,0.7192255258560181,0.6332253217697144,0.792133629322052,0.050000000745058,0.2396012842655182,32,0,True,0.983739837398374,0.6829268292682927,395.5121951219512,393.4710743801653,519.0,579.1428571428571,402.0495867768595,1.726689689195856,2.487255385627364,4,26,15,21.0,4,1054.0032377428306,248.72454921824044,-1.2877431187286803,bandage_4
afar,0,27,44,120,109,5,48956,44765,4191,599,4,21,0.708707332611084,0.507932722568512,0.6058072447776794,0.050000000745058,0.6690700650215149,32,0,True,0.9083333333333332,0.3666666666666666,407.9666666666666,410.6880733944954,838.2,1112.6363636363635,449.1376146788991,0.8987662390718196,2.2264890922460987,4,21,3,11.0,4,1054.0032377428306,248.72454921824044,0.1590033775897494,candle_holder_4
afar,0,28,41,95,90,4,48771,45776,2995,599,4,28,0.4044898450374603,0.612485408782959,0.9241806268692015,0.050000000745058,0.4393413662910461,32,0,True,0.9473684210526316,0.431578947368421,513.3789473684211,508.6222222222222,748.75,1189.5365853658536,541.9,0.8406635090525107,1.8453589223103888,4,14,5,10.25,4,1054.0032377428306,248.72454921824044,0.3675441095744676,chalice_4
afar,0,29,58,129,116,4,48722,46617,2105,599,4,10,0.7239841222763062,0.6149757504463196,0.8445947170257568,0.050000000745058,0.3214778900146484,32,0,True,0.8992248062015504,0.4496124031007752,377.68992248062017,401.8706896551725,526.25,840.0344827586207,420.0172413793104,1.190427322359509,2.380854644719018,4,23,1,14.5,4,1054.0032377428306,248.72454921824044,-0.5802480120698339,beer_bottle_0
afar,0,30,52,132,125,6,49947,47174,2773,599,4,14,0.6558728218078613,0.6892956495285034,0.6804870367050171,0.050000000745058,0.6180611848831177,32,0,True,0.946969696969697,0.3939393939393939,378.3863636363636,377.392,462.1666666666667,960.5192307692308,399.576,1.041103569783971,2.5026528119806994,4,25,4,13.0,4,1054.0032377428306,248.72454921824044,-0.2535132253807656,beret_2
afar,0,31,24,145,106,29,49236,40629,8607,508,4,17,0.7897111177444458,0.6397329568862915,0.976907193660736,0.050000000745058,0.669055163860321,32,8,False,0.7310344827586207,0.1655172413793103,339.5586206896552,383.2924528301887,296.7931034482759,2051.5,464.4905660377359,0.4874482086278333,2.1528962547729305,4,10,4,6.0,4,1054.0032377428306,248.72454921824044,2.70504688120717,bottle_0
afar,0,32,88,115,110,1,48979,47969,1010,599,4,9,0.7320119738578796,0.5130985379219055,1.1402060985565186,0.050000000745058,0.7901514172554016,32,0,True,0.9565217391304348,0.7652173913043478,425.90434782608696,436.08181818181816,1010.0,556.5795454545455,445.2636363636364,1.7966883766512178,2.2458604708140224,4,25,19,22.0,4,1054.0032377428306,248.72454921824044,-1.3489311027117672,bear_0
afar,0,33,40,99,85,6,49038,41794,7244,599,4,6,0.4177724719047546,0.6912004351615906,1.0399672985076904,0.050000000745058,0.5033276677131653,32,0,True,0.8585858585858586,0.404040404040404,495.3333333333333,491.6941176470588,1207.3333333333333,1225.95,576.9176470588235,0.8156939516293487,1.733349647212366,4,11,9,10.0,4,1054.0032377428306,248.72454921824044,0.4662912909360514,aerosol_can_1
afar,0,34,35,98,93,2,48812,47562,1250,599,4,31,0.409838318824768,0.621638298034668,0.8323392271995544,0.050000000745058,0.6206595301628113,32,0,True,0.9489795918367347,0.3571428571428571,498.0816326530612,511.4193548387097,625.0,1394.6285714285714,524.8602150537635,0.7170367942309268,1.90526919609932,4,19,5,8.75,4,1054.0032377428306,248.72454921824044,0.923719786780834,cider_0
afar,0,35,63,102,101,0,48790,48335,455,579,4,7,0.5035336017608643,0.612143874168396,1.188281774520874,0.050000000745058,0.5234368443489075,32,0,True,0.9901960784313726,0.6176470588235294,478.3333333333333,478.5643564356436,,774.4444444444445,483.0693069306931,1.291248206599713,2.070096331215413,4,21,12,15.75,4,1054.0032377428306,248.72454921824044,-0.7581173899899586,atomizer_0
afar,0,36,68,152,116,29,49383,42149,7234,599,4,31,0.7756223678588867,0.6908503770828247,1.1813440322875977,0.050000000745058,0.7282410860061646,32,0,True,0.7631578947368421,0.4473684210526316,324.8881578947368,363.3534482758621,249.44827586206893,726.2205882352941,425.7155172413793,1.3769920822955268,2.348986493327663,4,28,12,17.0,4,1054.0032377428306,248.72454921824044,-0.888892543127462,cider_0
afar,0,37,20,102,97,0,48684,45987,2697,599,4,2,0.56668621301651,0.5438715219497681,0.7366193532943726,0.050000000745058,0.2923039197921753,32,12,False,0.9509803921568628,0.196078431372549,477.2941176470589,474.0927835051546,,2434.2,501.89690721649487,0.4108125872976748,1.9924410483937227,3,10,0,5.0,4,1054.0032377428306,248.72454921824044,3.7428662312123273,Dixie_cup_3
afar,0,38,64,141,128,8,49623,45318,4305,599,4,31,0.6855919361114502,0.5482820868492126,0.8185995817184448,0.050000000745058,0.2051980197429657,32,0,True,0.9078014184397164,0.4539007092198581,351.93617021276594,354.046875,538.125,775.359375,387.6796875,1.2897245229026864,2.5794490458053727,4,26,4,16.0,4,1054.0032377428306,248.72454921824044,-0.755636249058507,cider_0
afar,0,39,42,113,105,6,49572,48206,1366,599,4,16,0.5070577263832092,0.6875045299530029,0.8798270225524902,0.050000000745058,0.5893375873565674,32,0,True,0.9292035398230089,0.3716814159292035,438.6902654867257,459.1047619047619,227.66666666666663,1180.2857142857142,472.1142857142857,0.8472524812394093,2.118131203098524,4,19,4,10.5,4,1054.0032377428306,248.72454921824044,0.3424572712902455,boom_microphone_1
afar,0,40,38,114,104,5,49077,44171,4906,599,4,22,0.7962436079978943,0.5224596261978149,0.6040758490562439,0.050000000745058,0.5446690320968628,32,0,True,0.912280701754386,0.3333333333333333,430.5,424.72115384615387,981.2,1291.5,471.8942307692308,0.7742934572202865,2.119118935550257,4,18,2,9.5,4,1054.0032377428306,248.72454921824044,0.64405209154446,candy_cane_1
afar,0,41,41,112,110,1,48713,47668,1045,599,4,8,0.515380322933197,0.619928240776062,0.77894127368927,0.050000000745058,0.617504358291626,32,0,True,0.9821428571428572,0.3660714285714285,434.9375,433.3454545454546,1045.0,1188.121951219512,442.8454545454546,0.8416644427565537,2.258124114712705,4,22,2,10.25,4,1054.0032377428306,248.72454921824044,0.3637078548311928,bandage_4
afar,0,42,14,104,101,1,48682,46885,1797,599,4,20,0.7499849796295166,0.6284818649291992,0.915029227733612,0.050000000745058,0.6701646447181702,32,18,False,0.971153846153846,0.1346153846153846,468.09615384615387,464.2079207920792,1797.0,3477.285714285714,482.0,0.2875806252824452,2.074688796680498,4,5,2,3.5,4,1054.0032377428306,248.72454921824044,6.571542839520832,can_1
afar,0,43,35,107,103,2,48921,47141,1780,599,4,0,0.6023683547973633,0.650766909122467,0.7724185585975647,0.050000000745058,0.4346169531345367,32,0,True,0.9626168224299064,0.3271028037383177,457.2056074766355,457.6796116504854,890.0,1397.7428571428572,474.9611650485437,0.7154391774493571,2.10543529363668,3,18,0,8.75,4,1054.0032377428306,248.72454921824044,0.9321652165580238,Band_Aid_0
afar,0,44,61,107,103,2,48460,46643,1817,599,4,22,0.4946365356445312,0.5318028330802917,0.7438853979110718,0.050000000745058,0.2624104022979736,32,0,True,0.9626168224299064,0.5700934579439252,452.8971962616823,452.8446601941748,908.5,794.4262295081967,470.4854368932039,1.2587701196863392,2.1254643004539826,4,20,10,15.25,4,1054.0032377428306,248.72454921824044,-0.7039300809050199,candy_cane_1
afar,0,45,41,123,119,1,48530,47425,1105,599,4,18,0.7028030157089233,0.6614553928375244,0.8963267803192139,0.050000000745058,0.3999272882938385,32,0,True,0.967479674796748,0.3333333333333333,394.5528455284553,398.52941176470586,1105.0,1183.658536585366,407.8151260504202,0.8448382443849165,2.452091489800124,4,24,2,10.25,4,1054.0032377428306,248.72454921824044,0.3516038096929303,bottle_2
afar,0,46,32,103,99,2,49162,46923,2239,599,4,22,0.493835985660553,0.5960052013397217,0.7987180948257446,0.050000000745058,0.4836294054985046,32,0,True,0.9611650485436892,0.3106796116504854,477.3009708737864,473.969696969697,1119.5,1536.3125,496.5858585858586,0.6509092388430088,2.0137504576705587,4,17,1,8.0,4,1054.0032377428306,248.72454921824044,1.3079432585764368,candy_cane_1
afar,0,47,32,117,114,3,49047,48195,852,599,4,16,0.6588209867477417,0.5815162658691406,0.9721779227256776,0.050000000745058,0.278582215309143,32,0,True,0.9743589743589745,0.2735042735042735,419.2051282051282,422.7631578947368,284.0,1532.71875,430.2368421052632,0.6524354190878138,2.3243011805003366,4,15,2,8.0,4,1054.0032377428306,248.72454921824044,1.2981976006483442,boom_microphone_1
afar,0,48,29,113,110,1,49120,48547,573,595,4,22,0.542248547077179,0.5298731923103333,0.7502112984657288,0.050000000745058,0.5531107783317566,32,3,False,0.9734513274336284,0.2566371681415929,434.6902654867257,441.3363636363636,573.0,1693.7931034482758,446.54545454545456,0.5903908794788274,2.239413680781759,4,17,1,7.25,4,1054.0032377428306,248.72454921824044,1.7350047101288526,candy_cane_1
afar,0,49,50,113,101,4,48951,48093,858,599,4,11,0.5780731439590454,0.5001150965690613,1.044979214668274,0.050000000745058,0.6899608373641968,32,0,True,0.8938053097345132,0.4424778761061947,433.1946902654867,476.1683168316832,214.5,979.02,484.66336633663366,1.0214295928581645,2.063287777573492,4,27,4,12.5,4,1054.0032377428306,248.72454921824044,-0.2033421872368608,beer_bottle_3
afar,0,50,58,104,97,1,48679,46810,1869,599,4,31,0.4077223837375641,0.6755678653717041,0.9237488508224488,0.050000000745058,0.450089693069458,32,0,True,0.9326923076923076,0.5576923076923077,468.0673076923077,482.5773195876289,1869.0,839.2931034482758,501.8453608247423,1.191478871792765,1.992645699377555,4,20,2,14.5,4,1054.0032377428306,248.72454921824044,-0.5822585106169189,cider_0
afar,0,51,30,102,99,2,48674,47445,1229,599,4,9,0.5046436786651611,0.53985595703125,1.0494203567504885,0.050000000745058,0.6166551113128662,32,2,False,0.9705882352941176,0.2941176470588235,477.1960784313725,479.24242424242425,614.5,1622.4666666666667,491.6565656565657,0.6163454821876155,2.033940091219131,4,18,2,7.5,4,1054.0032377428306,248.72454921824044,1.5415791646392432,bear_0
afar,0,52,23,126,123,2,49661,48272,1389,599,4,28,0.7085268497467041,0.6747312545776367,0.7372907996177673,0.050000000745058,0.6432989239692688,32,9,False,0.9761904761904762,0.1825396825396825,394.1349206349207,392.4552845528455,694.5,2159.1739130434785,403.7479674796748,0.4631400898089043,2.476792654195445,3,16,0,5.75,4,1054.0032377428306,248.72454921824044,2.997040794056125,chalice_4
afar,0,53,55,121,108,12,48940,44997,3943,599,4,12,0.5513845682144165,0.5279841423034668,1.1443356275558472,0.050000000745058,0.7891708016395569,32,0,True,0.8925619834710744,0.4545454545454545,404.46280991735534,416.6388888888889,328.5833333333333,889.8181818181819,453.14814814814815,1.1238250919493258,2.206783816918676,3,22,0,13.75,4,1054.0032377428306,248.72454921824044,-0.4452428221068182,beer_can_1
afar,0,54,40,127,119,5,49004,45130,3874,599,4,0,0.7992099523544312,0.6244072914123535,0.906940460205078,0.050000000745058,0.4951475858688354,32,0,True,0.937007874015748,0.3149606299212598,385.8582677165354,379.2436974789916,774.8,1225.1,411.7983193277311,0.8162598971512529,2.428373194024977,4,22,2,10.0,4,1054.0032377428306,248.72454921824044,0.4639862309739282,Band_Aid_0
afar,0,55,44,130,122,6,48744,46531,2213,599,4,30,0.7603176832199097,0.6603463888168335,1.077627182006836,0.050000000745058,0.4540272951126098,32,0,True,0.9384615384615383,0.3384615384615385,374.9538461538461,381.4016393442623,368.8333333333333,1107.8181818181818,399.5409836065574,0.9026752010503856,2.5028721483669787,4,21,1,11.0,4,1054.0032377428306,248.72454921824044,0.1459372622964327,chocolate_milk_4
afar,0,56,67,114,112,1,48757,47559,1198,599,4,15,0.5906352996826172,0.616001307964325,1.1718047857284546,0.050000000745058,0.5292272567749023,32,0,True,0.9824561403508772,0.5877192982456141,427.6929824561403,424.63392857142856,1198.0,727.7164179104477,435.3303571428572,1.3741616588387309,2.2971060565662365,4,25,7,16.75,4,1054.0032377428306,248.72454921824044,-0.8848360994870483,bolt_1
afar,0,57,26,99,91,1,49564,44772,4792,599,4,8,0.466503381729126,0.6996256709098816,0.7035068869590759,0.050000000745058,0.3819565176963806,32,6,False,0.9191919191919192,0.2626262626262626,500.6464646464647,492.0,4792.0,1906.3076923076924,544.6593406593406,0.5245742877895246,1.8360100072633363,3,14,0,6.5,4,1054.0032377428306,248.72454921824044,2.311309263242761,bandage_4
afar,0,58,45,124,121,2,48475,47831,644,599,4,23,0.721792459487915,0.5952844619750977,0.9780389070510864,0.050000000745058,0.7324175834655762,32,0,True,0.9758064516129032,0.3629032258064516,390.9274193548387,395.297520661157,322.0,1077.2222222222222,400.6198347107438,0.9283135636926252,2.496132026817947,4,25,2,11.25,4,1054.0032377428306,248.72454921824044,0.0629660605701123,canister_0
afar,0,59,37,125,122,2,48575,48098,477,563,4,17,0.6620714664459229,0.5428054928779602,1.0373120307922363,0.050000000745058,0.5204052329063416,32,0,True,0.976,0.296,388.6,394.24590163934425,238.5,1312.837837837838,398.155737704918,0.7617086978898611,2.5115800308800824,4,14,5,9.25,4,1054.0032377428306,248.72454921824044,0.701916792342423,bottle_0
afar,0,60,15,98,89,9,48712,44391,4321,599,4,20,0.4707160592079162,0.588868260383606,0.6014170050621033,0.050000000745058,0.2497314214706421,32,17,False,0.9081632653061223,0.1530612244897959,497.0612244897959,498.7752808988764,480.1111111111111,3247.4666666666667,547.3258426966293,0.3079323370011496,1.8270651995401543,4,7,1,3.75,4,1054.0032377428306,248.72454921824044,5.948311445168065,can_1
afar,0,61,31,112,96,8,49403,43111,6292,599,4,12,0.7299089431762695,0.5630187392234802,0.7400937676429749,0.050000000745058,0.308195412158966,32,1,False,0.8571428571428571,0.2767857142857143,441.0982142857143,449.0729166666667,786.5,1593.645161290323,514.6145833333334,0.6274922575552092,1.9432018298483893,4,17,2,7.75,4,1054.0032377428306,248.72454921824044,1.4634199904144,beer_can_1
afar,0,62,56,139,131,7,49822,48417,1405,529,4,1,0.721420407295227,0.5493241548538208,1.100419521331787,0.050000000745058,0.3749186396598816,32,0,True,0.9424460431654677,0.4028776978417266,358.431654676259,369.5954198473282,200.7142857142857,889.6785714285714,380.3206106870229,1.1240014451447151,2.62936052346353,4,28,3,14.0,4,1054.0032377428306,248.72454921824044,-0.445621422482568,Dixie_cup_0
afar,0,63,50,130,121,3,48817,46945,1872,505,4,11,0.777379035949707,0.5349113345146179,0.6580625772476196,0.050000000745058,0.5404224991798401,32,0,True,0.9307692307692308,0.3846153846153846,375.5153846153846,387.97520661157023,624.0,976.34,403.44628099173553,1.0242333613290453,2.478644734416289,4,23,5,12.5,4,1054.0032377428306,248.72454921824044,-0.2106099057056713,beer_bottle_3
afar,0,64,47,102,102,0,48411,48411,0,588,4,18,0.4878880977630615,0.6312982439994812,1.1829928159713743,0.050000000745058,0.4652416706085205,32,0,True,1.0,0.4607843137254901,474.61764705882354,474.61764705882354,,1030.021276595745,474.61764705882354,0.970853731589928,2.106959162173886,4,20,4,11.75,4,1054.0032377428306,248.72454921824044,-0.0650351275921548,bottle_2
afar,0,65,49,108,105,0,48908,47677,1231,599,4,16,0.5670788288116455,0.5701323747634888,0.813694417476654,0.050000000745058,0.6632983684539795,32,0,True,0.9722222222222222,0.4537037037037037,452.8518518518519,454.06666666666666,,998.1224489795918,465.79047619047617,1.0018810828494316,2.1468880346773536,4,26,3,12.25,4,1054.0032377428306,248.72454921824044,-0.1515394927411548,boom_microphone_1
afar,0,66,82,119,116,0,49358,48521,837,599,4,29,0.596125602722168,0.6999348998069763,0.8967463970184326,0.050000000745058,0.7301435470581055,32,0,True,0.9747899159663864,0.6890756302521008,414.7731092436975,418.2844827586207,,601.9268292682926,425.5,1.6613314964139552,2.3501762632197414,4,30,3,20.5,4,1054.0032377428306,248.72454921824044,-1.2259567399940186,chicken_(animal)_2
afar,0,67,66,126,124,1,49038,48464,574,503,4,1,0.6292114853858948,0.5316832661628723,1.086637258529663,0.050000000745058,0.447888433933258,32,0,True,0.984126984126984,0.5238095238095238,389.1904761904762,390.8387096774193,574.0,743.0,395.46774193548384,1.3458950201884252,2.528651250050981,4,22,12,16.5,4,1054.0032377428306,248.72454921824044,-0.8433895428371148,Dixie_cup_0
afar,0,68,21,101,94,0,48935,44742,4193,599,4,7,0.4482163488864898,0.6645144820213318,0.8683730363845825,0.050000000745058,0.4845377206802368,32,11,False,0.9306930693069309,0.2079207920792079,484.5049504950495,475.9787234042553,,2330.2380952380954,520.5851063829788,0.4291406968427506,1.9209155001532645,4,8,1,5.25,4,1054.0032377428306,248.72454921824044,3.4609386732679908,atomizer_0
afar,0,69,43,108,99,3,48942,45334,3608,599,4,31,0.4580755233764648,0.6327646970748901,0.8970627188682556,0.050000000745058,0.7737762928009033,32,0,True,0.9166666666666666,0.3981481481481481,453.1666666666667,457.9191919191919,1202.6666666666667,1138.186046511628,494.3636363636364,0.8785909852478444,2.022802500919456,3,18,0,10.75,4,1054.0032377428306,248.72454921824044,0.228289908225873,cider_0
afar,0,70,67,116,112,3,48061,47602,459,548,4,3,0.7088009119033813,0.6238475441932678,0.7290260195732117,0.050000000745058,0.4499025344848633,32,0,True,0.9655172413793104,0.5775862068965517,414.3189655172414,425.0178571428572,153.0,717.3283582089553,429.1160714285714,1.3940617132394248,2.3303718191465013,4,24,4,16.75,4,1054.0032377428306,248.72454921824044,-0.91300680596005,Dixie_cup_4
afar,0,71,55,109,103,4,48567,46459,2108,599,4,0,0.5531015992164612,0.577894926071167,0.6861429214477539,0.050000000745058,0.6821046471595764,32,0,True,0.944954128440367,0.5045871559633027,445.5688073394496,451.05825242718447,527.0,883.0363636363636,471.5242718446602,1.1324561945353842,2.120781600675356,4,20,8,13.75,4,1054.0032377428306,248.72454921824044,-0.4636339957083541,Band_Aid_0
afar,0,72,27,119,115,2,49229,47732,1497,599,4,16,0.6976946592330933,0.6157376170158386,1.193749189376831,0.050000000745058,0.3030408322811126,32,5,False,0.9663865546218487,0.226890756302521,413.6890756302521,415.0608695652174,748.5,1823.2962962962963,428.0782608695652,0.5484572101809909,2.336021450770887,2,19,0,6.75,4,1054.0032377428306,248.72454921824044,2.086196033424189,boom_microphone_1
afar,0,73,74,130,119,9,48744,47190,1554,572,4,27,0.6114019751548767,0.5994147658348083,0.6819665431976318,0.050000000745058,0.5119144320487976,32,0,True,0.9153846153846154,0.5692307692307692,374.9538461538461,396.5546218487395,172.66666666666666,658.7027027027027,409.61344537815125,1.5181355654029214,2.441326111931725,4,28,7,18.5,4,1054.0032377428306,248.72454921824044,-1.071989925090244,chalice_2
afar,0,74,27,125,120,2,49248,47273,1975,599,4,28,0.6656689643859863,0.5836976766586304,0.6839858293533325,0.050000000745058,0.6784753799438477,32,5,False,0.96,0.216,393.984,393.94166666666666,987.5,1824.0,410.4,0.5482456140350878,2.4366471734892787,3,19,0,6.75,4,1054.0032377428306,248.72454921824044,2.0881043619331354,chalice_4
afar,0,75,24,132,122,3,48946,48005,941,544,4,5,0.6439777612686157,0.6719717979431152,1.0716527700424194,0.050000000745058,0.234793946146965,32,8,False,0.9242424242424242,0.1818181818181818,370.8030303030303,393.4836065573771,313.6666666666667,2039.4166666666667,401.1967213114754,0.4903362889715196,2.4925428022718914,4,15,2,6.0,4,1054.0032377428306,248.72454921824044,2.6722788719417,Tabasco_sauce_4
afar,0,76,42,125,118,2,49311,47347,1964,599,4,10,0.6727198958396912,0.5755541324615479,1.1990771293640137,0.050000000745058,0.2950930595397949,32,0,True,0.944,0.336,394.488,401.2457627118644,982.0,1174.071428571429,417.8898305084746,0.8517369349638012,2.392975198231632,4,20,1,10.5,4,1054.0032377428306,248.72454921824044,0.3256051522394325,beer_bottle_0
afar,0,77,65,124,109,12,49066,43429,5637,599,4,21,0.6991421580314636,0.5101885199546814,0.8973658680915833,0.050000000745058,0.4217384457588196,32,0,True,0.8790322580645161,0.5241935483870968,395.6935483870968,398.4311926605504,469.75,754.8615384615384,450.1467889908257,1.324746260139404,2.2214975746953085,4,24,7,16.25,4,1054.0032377428306,248.72454921824044,-0.8112230047231481,candle_holder_4
afar,0,78,66,98,92,3,49326,45732,3594,599,4,14,0.4147776067256927,0.5628497004508972,0.8674351572990417,0.050000000745058,0.2630371749401092,32,0,True,0.9387755102040816,0.673469387755102,503.3265306122449,497.0869565217391,1198.0,747.3636363636364,536.1521739130435,1.338036735190366,1.8651421157199044,4,24,8,16.5,4,1054.0032377428306,248.72454921824044,-0.8315560799299604,beret_2
afar,0,79,18,124,114,2,49873,46966,2907,599,4,16,0.7006703019142151,0.6307946443557739,0.6917995810508728,0.050000000745058,0.7853354215621948,32,14,False,0.9193548387096774,0.1451612903225806,402.2016129032258,411.9824561403509,1453.5,2770.722222222222,437.4824561403509,0.3609167284903655,2.2858059471056484,3,14,0,4.5,4,1054.0032377428306,248.72454921824044,4.655459055693534,boom_microphone_1
afar,0,80,34,105,97,5,48406,44726,3680,599,4,22,0.4593753516674042,0.675347626209259,0.7063220739364624,0.050000000745058,0.5108547210693359,32,0,True,0.923809523809524,0.3238095238095238,461.0095238095238,461.0927835051546,736.0,1423.7058823529412,499.0309278350516,0.7023922654216419,2.0038838160558607,4,17,1,8.5,4,1054.0032377428306,248.72454921824044,1.0025726635078458,candy_cane_1
afar,0,81,23,89,70,0,48600,37799,10801,599,4,14,0.4490981996059418,0.6096179485321045,0.9007235765457152,0.050000000745058,0.6147461533546448,32,9,False,0.7865168539325843,0.2584269662921348,546.0674157303371,539.9857142857143,,2113.043478260869,694.2857142857143,0.4732510288065844,1.440329218106996,4,14,2,5.75,4,1054.0032377428306,248.72454921824044,2.871942654935292,beret_2
afar,0,82,56,115,112,1,48188,47546,642,599,4,15,0.6121628880500793,0.59400475025177,0.9484989643096924,0.050000000745058,0.2050575464963913,32,0,True,0.9739130434782608,0.4869565217391304,419.02608695652174,424.5178571428572,642.0,860.5,430.25,1.1621150493898895,2.324230098779779,3,27,0,14.0,4,1054.0032377428306,248.72454921824044,-0.5247489010142614,bolt_1
afar,0,83,68,104,104,0,48391,48391,0,576,4,28,0.5659185647964478,0.6329828500747681,0.990639865398407,0.050000000745058,0.300567090511322,32,0,True,1.0,0.6538461538461539,465.2980769230769,465.2980769230769,,711.6323529411765,465.2980769230769,1.4052199789217004,2.1491599677626003,4,21,13,17.0,4,1054.0032377428306,248.72454921824044,-0.9284534338268702,chalice_4
afar,0,84,65,125,114,11,49044,45947,3097,599,4,27,0.717464804649353,0.6530860066413879,0.8385199308395386,0.050000000745058,0.4054321944713592,32,0,True,0.912,0.52,392.352,403.0438596491228,281.54545454545456,754.5230769230769,430.2105263157895,1.3253405105619445,2.324443356985564,4,23,7,16.25,4,1054.0032377428306,248.72454921824044,-0.8121408566537671,chalice_2
afar,0,85,57,101,97,2,48516,46526,1990,599,4,17,0.4841728806495666,0.5007628798484802,0.870218813419342,0.050000000745058,0.4659027457237243,32,0,True,0.9603960396039604,0.5643564356435643,480.35643564356434,479.64948453608247,995.0,851.1578947368421,500.16494845360825,1.1748701459312392,1.9993404237777228,4,26,2,14.25,4,1054.0032377428306,248.72454921824044,-0.5500831513719575,bottle_0
afar,0,86,53,100,95,1,48647,46797,1850,599,4,7,0.4222036302089691,0.6689571142196655,0.903899908065796,0.050000000745058,0.2519695162773132,32,0,True,0.95,0.53,486.47,492.6,1850.0,917.8679245283018,512.0736842105263,1.0894813657573952,1.9528439574896703,4,23,7,13.25,4,1054.0032377428306,248.72454921824044,-0.3691765410845328,atomizer_0
afar,0,87,52,130,122,6,49066,47961,1105,591,4,19,0.745553731918335,0.5227003693580627,0.6728249192237854,0.050000000745058,0.5623198747634888,32,0,True,0.9384615384615383,0.4,377.4307692307692,393.12295081967216,184.16666666666663,943.5769230769232,402.1803278688525,1.059797008111523,2.486446826723189,4,20,4,13.0,4,1054.0032377428306,248.72454921824044,-0.2994579725895926,bottle_3
afar,0,88,60,120,118,2,49083,48771,312,568,4,1,0.5703436136245728,0.5129101872444153,0.7812922596931458,0.050000000745058,0.643780529499054,32,0,True,0.9833333333333332,0.5,409.025,413.3135593220339,156.0,818.05,415.957627118644,1.2224191675325469,2.4040910294806754,4,30,6,15.0,4,1054.0032377428306,248.72454921824044,-0.6398663073579222,Dixie_cup_0
afar,0,89,33,118,113,3,48771,48095,676,599,4,27,0.7124914526939392,0.6546854972839355,0.6375778913497925,0.050000000745058,0.2099343389272689,32,0,True,0.9576271186440678,0.2796610169491525,413.3135593220339,425.6194690265487,225.3333333333333,1477.909090909091,431.6017699115045,0.6766316048471428,2.316950646900822,4,17,1,8.25,4,1054.0032377428306,248.72454921824044,1.149562835109459,chalice_2
afar,0,90,55,116,113,1,48688,47190,1498,599,4,6,0.6642969250679016,0.6120895743370056,1.1753408908843994,0.050000000745058,0.280603677034378,32,0,True,0.9741379310344828,0.4741379310344827,419.7241379310345,417.6106194690266,1498.0,885.2363636363636,430.86725663716817,1.12964180085442,2.32090042720999,4,23,5,13.75,4,1054.0032377428306,248.72454921824044,-0.4576679581593303,aerosol_can_1
afar,0,91,48,110,107,2,49216,47419,1797,599,4,1,0.4500249326229095,0.642465353012085,0.8740710616111755,0.050000000745058,0.5255367755889893,32,0,True,0.9727272727272728,0.4363636363636363,447.4181818181818,443.1682242990654,898.5,1025.3333333333333,459.9626168224299,0.9752925877763328,2.1740897269180754,4,18,2,12.0,4,1054.0032377428306,248.72454921824044,-0.0777480573790816,Dixie_cup_0
afar,0,92,43,107,106,0,48773,48174,599,599,4,15,0.6401796340942383,0.5897925496101379,0.7237135767936707,0.050000000745058,0.5106331706047058,32,0,True,0.9906542056074766,0.4018691588785046,455.8224299065421,454.47169811320754,,1134.2558139534883,460.122641509434,0.881635331023312,2.17333360670863,4,24,1,10.75,4,1054.0032377428306,248.72454921824044,0.2176317650357567,bolt_1
afar,0,93,23,110,94,11,49051,43354,5697,599,4,2,0.6480393409729004,0.5470685362815857,0.975016713142395,0.050000000745058,0.304395854473114,32,9,False,0.8545454545454545,0.209090909090909,445.9181818181818,461.2127659574468,517.9090909090909,2132.6521739130435,521.8191489361702,0.4688997166214756,1.9163727548877696,4,9,2,5.75,4,1054.0032377428306,248.72454921824044,2.925118207002677,Dixie_cup_3
afar,0,94,54,111,105,4,49792,47645,2147,599,4,4,0.4660882949829101,0.5222208499908447,0.6817383170127869,0.050000000745058,0.7041854858398438,32,0,True,0.945945945945946,0.4864864864864865,448.5765765765766,453.7619047619048,536.75,922.074074074074,474.20952380952383,1.0845115681233932,2.108772493573265,4,22,2,13.5,4,1054.0032377428306,248.72454921824044,-0.357770156481403,Tabasco_sauce_2
afar,0,95,43,110,99,6,49168,44872,4296,599,4,16,0.5051055550575256,0.5941507816314697,0.8066318035125732,0.050000000745058,0.442355751991272,32,0,True,0.9,0.3909090909090909,446.9818181818182,453.2525252525252,716.0,1143.4418604651162,496.6464646464647,0.8745525545069964,2.013504718516108,3,20,0,10.75,4,1054.0032377428306,248.72454921824044,0.2425428097700519,boom_microphone_1
afar,0,96,39,122,117,3,49621,47754,1867,599,4,0,0.6681951284408569,0.6448301076889038,0.8005337119102478,0.050000000745058,0.6719560027122498,32,0,True,0.9590163934426228,0.319672131147541,406.7295081967213,408.1538461538461,622.3333333333334,1272.3333333333333,424.1111111111111,0.7859575582918522,2.3578726748755567,4,13,3,9.75,4,1054.0032377428306,248.72454921824044,0.5920752492612994,Band_Aid_0
afar,0,97,68,125,120,5,49012,47998,1014,544,4,27,0.6358245015144348,0.5849543213844299,0.7079253792762756,0.050000000745058,0.2738416492938995,32,0,True,0.96,0.544,392.096,399.98333333333335,202.8,720.7647058823529,408.4333333333333,1.3874153268587284,2.4483799885742266,4,27,6,17.0,4,1054.0032377428306,248.72454921824044,-0.9036879972095996,chalice_2
afar,0,98,39,107,102,2,48971,47346,1625,599,4,15,0.514925479888916,0.534026563167572,0.936305046081543,0.050000000745058,0.4391719400882721,32,0,True,0.9532710280373832,0.3644859813084112,457.67289719626166,464.1764705882353,812.5,1255.6666666666667,480.1078431372549,0.7963897000265463,2.082865369300198,4,22,3,9.75,4,1054.0032377428306,248.72454921824044,0.5468779951020298,bolt_1
afar,0,99,40,118,105,6,48605,45833,2772,599,4,12,0.539456844329834,0.5081559419631958,0.9131494760513306,0.050000000745058,0.3026065230369568,32,0,True,0.8898305084745762,0.3389830508474576,411.90677966101697,436.5047619047619,462.0,1215.125,462.9047619047619,0.8229606007612386,2.1602715769982512,4,18,1,10.0,4,1054.0032377428306,248.72454921824044,0.4369356743596054,beer_can_1
afar,0,100,18,148,120,20,49325,43539,5786,567,4,12,0.7831765413284302,0.6451619863510132,0.7816890478134155,0.050000000745058,0.459712266921997,32,14,False,0.8108108108108109,0.1216216216216216,333.27702702702703,362.825,289.3,2740.277777777778,411.0416666666667,0.3649265078560568,2.432843385707045,3,8,0,4.5,4,1054.0032377428306,248.72454921824044,4.572898738095934,beer_can_1
afar,0,101,43,120,117,1,49157,48511,646,599,4,3,0.5629957318305969,0.5061054229736328,0.948171854019165,0.050000000745058,0.6991034150123596,32,0,True,0.975,0.3583333333333333,409.64166666666665,414.6239316239317,646.0,1143.186046511628,420.14529914529913,0.8747482555892345,2.3801289745102427,4,17,2,10.75,4,1054.0032377428306,248.72454921824044,0.241849084473654,Dixie_cup_4
afar,0,102,70,140,127,11,49270,47578,1692,568,4,29,0.7127583026885986,0.6868995428085327,0.8952080607414246,0.050000000745058,0.6080512404441833,32,0,True,0.9071428571428573,0.5,351.92857142857144,374.62992125984255,153.8181818181818,703.8571428571429,387.9527559055118,1.4207428455449564,2.5776334483458494,4,25,7,17.5,4,1054.0032377428306,248.72454921824044,-0.9495385226054572,chicken_(animal)_2
afar,0,103,76,132,122,9,49051,47110,1941,599,4,27,0.6866006851196289,0.583403468132019,0.8157920837402344,0.050000000745058,0.2174445539712906,32,0,True,0.9242424242424242,0.5757575757575758,371.5984848484849,386.1475409836066,215.66666666666663,645.4078947368421,402.05737704918033,1.549407759270963,2.4872071925139143,4,25,10,19.0,4,1054.0032377428306,248.72454921824044,-1.1080432539681453,chalice_2
afar,0,104,41,111,109,1,48611,48576,35,589,4,1,0.4707185924053192,0.5417499542236328,1.020786166191101,0.050000000745058,0.6123102903366089,32,0,True,0.981981981981982,0.3693693693693693,437.93693693693695,445.651376146789,35.0,1185.6341463414635,445.9724770642202,0.8434304992697126,2.2422908395219188,4,19,2,10.25,4,1054.0032377428306,248.72454921824044,0.3569613378688828,Dixie_cup_0
afar,0,105,50,108,107,0,48567,48529,38,581,4,3,0.4299140870571136,0.5728912949562073,0.8317422866821289,0.050000000745058,0.2639303505420685,32,0,True,0.9907407407407408,0.4629629629629629,449.69444444444446,453.5420560747664,,971.34,453.8971962616823,1.0295056313958038,2.20314205118702,4,17,5,12.5,4,1054.0032377428306,248.72454921824044,-0.2241690819534523,Dixie_cup_4
afar,0,106,41,137,128,3,48939,46914,2025,599,4,30,0.7919777631759644,0.6127862930297852,1.019315242767334,0.050000000745058,0.3401697278022766,32,0,True,0.9343065693430656,0.2992700729927007,357.2189781021898,366.515625,675.0,1193.6341463414635,382.3359375,0.837777641553771,2.6155009297288463,4,23,1,10.25,4,1054.0032377428306,248.72454921824044,0.3786560198653323,chocolate_milk_4
afar,0,107,36,116,111,3,48694,46859,1835,599,4,10,0.6104433536529541,0.5057779550552368,0.6470745205879211,0.050000000745058,0.6676709055900574,32,0,True,0.956896551724138,0.3103448275862069,419.7758620689655,422.15315315315314,611.6666666666666,1352.611111111111,438.6846846846847,0.7393107980449337,2.2795416273052123,4,21,1,9.0,4,1054.0032377428306,248.72454921824044,0.8097753567951166,beer_bottle_0
afar,0,108,72,131,130,1,48968,48789,179,489,4,20,0.7370916604995728,0.6924151182174683,0.9193063974380492,0.050000000745058,0.6862205266952515,32,0,True,0.9923664122137404,0.549618320610687,373.8015267175573,375.3,179.0,680.1111111111111,376.6769230769231,1.4703479823558243,2.6547949681424603,3,30,0,18.0,4,1054.0032377428306,248.72454921824044,-1.0139338485314269,can_1
afar,0,109,36,137,113,17,49264,44843,4421,572,4,13,0.6414462924003601,0.6141977310180664,0.8641245365142822,0.050000000745058,0.6656421422958374,32,0,True,0.8248175182481752,0.2627737226277372,359.59124087591243,396.8407079646018,260.05882352941177,1368.4444444444443,435.9646017699115,0.7307567392010393,2.2937642091588177,4,18,1,9.0,4,1054.0032377428306,248.72454921824044,0.8527127482464228,beer_can_4
afar,0,110,60,130,116,11,48535,43483,5052,599,4,6,0.6643245220184326,0.6734075546264648,0.727039098739624,0.050000000745058,0.5438951253890991,32,0,True,0.8923076923076924,0.4615384615384615,373.34615384615387,374.8534482758621,459.27272727272725,808.9166666666666,418.4051724137931,1.236221283609766,2.390027814978881,4,24,4,15.0,4,1054.0032377428306,248.72454921824044,-0.6646344026372021,aerosol_can_1
afar,0,111,43,116,115,1,48943,48705,238,595,4,23,0.7493917346000671,0.5222421884536743,0.8270412683486938,0.050000000745058,0.5204551219940186,32,0,True,0.9913793103448276,0.3706896551724138,421.9224137931034,423.5217391304348,238.0,1138.2093023255811,425.5913043478261,0.8785730339374375,2.3496720675071,4,15,2,10.75,4,1054.0032377428306,248.72454921824044,0.2283529741619092,canister_0
afar,0,112,50,113,108,3,48606,46687,1919,599,4,2,0.7896429300308228,0.6836986541748047,0.6096537113189697,0.050000000745058,0.3269121050834656,32,0,True,0.9557522123893806,0.4424778761061947,430.141592920354,432.287037037037,639.6666666666666,972.12,450.05555555555554,1.028679586882278,2.2219479076657205,4,18,5,12.5,4,1054.0032377428306,248.72454921824044,-0.2220538504587985,Dixie_cup_3
afar,0,113,62,99,94,1,49248,46837,2411,599,4,27,0.4672838151454925,0.5441412329673767,0.9245046377182008,0.050000000745058,0.2430726289749145,32,0,True,0.9494949494949496,0.6262626262626263,497.45454545454544,498.2659574468085,2411.0,794.3225806451613,523.9148936170212,1.2589343729694606,1.9087069525666016,4,21,3,15.5,4,1054.0032377428306,248.72454921824044,-0.7042111595453755,chalice_2
afar,0,114,49,122,117,1,48805,47840,965,534,4,31,0.6250057816505432,0.6564820408821106,0.6490341424942017,0.050000000745058,0.3968950510025024,32,0,True,0.9590163934426228,0.4016393442622951,400.0409836065574,408.8888888888889,965.0,996.0204081632652,417.13675213675214,1.0039954922651368,2.397295359082061,4,20,2,12.25,4,1054.0032377428306,248.72454921824044,-0.1572398811228749,cider_0
afar,0,115,64,122,109,10,48621,44361,4260,599,4,2,0.7492514848709106,0.6022934913635254,1.0512882471084597,0.050000000745058,0.3009675741195678,32,0,True,0.8934426229508197,0.5245901639344263,398.5327868852459,406.9816513761468,426.0,759.703125,446.0642201834862,1.3163036547993665,2.241829662080171,4,20,12,16.0,4,1054.0032377428306,248.72454921824044,-0.7980934196843713,Dixie_cup_3
afar,0,116,82,132,124,7,49346,47975,1371,514,4,4,0.7448869943618774,0.630993127822876,0.8207188844680786,0.050000000745058,0.7754759192466736,32,0,True,0.9393939393939394,0.6212121212121212,373.8333333333333,386.89516129032256,195.8571428571429,601.780487804878,397.9516129032258,1.6617355003445062,2.512868317594131,4,26,15,20.5,4,1054.0032377428306,248.72454921824044,-1.226353593932978,Tabasco_sauce_2
afar,0,117,55,120,115,4,48642,45820,2822,599,4,0,0.7242476940155029,0.6114139556884766,0.8360636830329895,0.050000000745058,0.5997928380966187,32,0,True,0.9583333333333334,0.4583333333333333,405.35,398.4347826086956,705.5,884.4,422.9739130434783,1.1307100859339665,2.36421199786193,4,20,4,13.75,4,1054.0032377428306,248.72454921824044,-0.4599360385498683,Band_Aid_0
afar,0,118,63,103,99,4,48529,47295,1234,599,4,13,0.4552562236785888,0.6658675670623779,1.096275806427002,0.050000000745058,0.564849317073822,32,0,True,0.9611650485436892,0.6116504854368932,471.1553398058253,477.7272727272728,308.5,770.3015873015873,490.1919191919192,1.2981928331513115,2.040017309237775,4,25,10,15.75,4,1054.0032377428306,248.72454921824044,-0.7693521360238342,beer_can_4
afar,0,119,23,108,79,7,49687,36773,12914,599,4,12,0.4559791684150696,0.5226350426673889,0.6121921539306641,0.050000000745058,0.6170268654823303,32,9,False,0.7314814814814815,0.2129629629629629,460.0648148148149,465.4810126582278,1844.857142857143,2160.304347826087,628.9493670886076,0.4628977398514702,1.589953106446354,3,11,0,5.75,4,1054.0032377428306,248.72454921824044,3.000106346946927,beer_can_1
afar,0,120,54,112,111,1,48488,48472,16,593,4,20,0.4790456891059875,0.6290382742881775,0.6692375540733337,0.050000000745058,0.660044252872467,32,0,True,0.9910714285714286,0.4821428571428571,432.9285714285714,436.6846846846847,16.0,897.925925925926,436.8288288288288,1.113677610955288,2.2892262002969805,4,19,3,13.5,4,1054.0032377428306,248.72454921824044,-0.4232559558410561,can_1
afar,0,121,39,120,112,5,48593,47779,814,590,4,19,0.6251256465911865,0.5894118547439575,0.7241855263710022,0.050000000745058,0.4739401936531067,32,0,True,0.9333333333333332,0.325,404.94166666666666,426.5982142857143,162.8,1245.974358974359,433.8660714285714,0.8025847344267693,2.3048587245076453,3,21,0,9.75,4,1054.0032377428306,248.72454921824044,0.5205940534524847,bottle_3
afar,0,122,38,127,124,0,49557,47839,1718,599,4,18,0.7993329763412476,0.6875842809677124,0.9460944533348083,0.050000000745058,0.5875155925750732,32,0,True,0.9763779527559056,0.2992125984251969,390.21259842519686,385.7983870967742,,1304.1315789473683,399.6532258064516,0.7667937930060335,2.502169219282846,4,12,6,9.5,4,1054.0032377428306,248.72454921824044,0.6783068525914855,bottle_2
afar,0,123,42,109,105,2,49270,47307,1963,599,4,1,0.4736648797988891,0.6108530759811401,0.6788539290428162,0.050000000745058,0.2351036071777343,32,0,True,0.963302752293578,0.3853211009174312,452.0183486238532,450.54285714285714,981.5,1173.095238095238,469.2380952380952,0.8524457073269738,2.1311142683174347,4,20,1,10.5,4,1054.0032377428306,248.72454921824044,0.3229578844958177,Dixie_cup_0
afar,0,124,59,125,120,2,48854,46545,2309,599,4,26,0.7065762281417847,0.6627773642539978,0.8438319563865662,0.050000000745058,0.7681260108947754,32,0,True,0.96,0.472,390.832,387.875,1154.5,828.0338983050848,407.1166666666667,1.2076800262005158,2.4562983583739304,4,26,3,14.75,4,1054.0032377428306,248.72454921824044,-0.6127916200062087,canister_3
afar,0,125,63,115,107,7,49589,46812,2777,599,4,10,0.489302396774292,0.6742351651191711,0.6545778512954712,0.050000000745058,0.7697352766990662,32,0,True,0.9304347826086956,0.5478260869565217,431.2086956521739,437.4953271028037,396.7142857142857,787.1269841269841,463.4485981308411,1.270443041803626,2.1577365948093328,3,23,0,15.75,4,1054.0032377428306,248.72454921824044,-0.7237244318249524,beer_bottle_0
afar,0,126,50,103,101,2,48583,48230,353,594,4,25,0.4119568765163421,0.6596512794494629,0.7509045004844666,0.050000000745058,0.6915901303291321,32,0,True,0.9805825242718448,0.4854368932038835,471.6796116504854,477.5247524752475,176.5,971.66,481.019801980198,1.029166580902785,2.078916493423625,4,22,6,12.5,4,1054.0032377428306,248.72454921824044,-0.2233012946735945,canister_2
afar,0,127,62,115,110,2,49572,48654,918,599,4,29,0.5574920773506165,0.6821978688240051,0.8620752096176147,0.050000000745058,0.6441531181335449,32,0,True,0.9565217391304348,0.5391304347826087,431.0608695652174,442.3090909090909,459.0,799.5483870967741,450.6545454545454,1.2507060437343662,2.2189945937222624,4,21,5,15.5,4,1054.0032377428306,248.72454921824044,-0.6900396334025337,chicken_(animal)_2
afar,0,128,30,137,117,9,48657,44840,3817,599,4,13,0.7152341604232788,0.6926960349082947,0.951247215270996,0.050000000745058,0.6534934639930725,32,2,False,0.8540145985401459,0.218978102189781,355.16058394160586,383.2478632478632,424.1111111111111,1621.9,415.87179487179486,0.6165608237252604,2.404587212528516,4,15,3,7.5,4,1054.0032377428306,248.72454921824044,1.540042457997828,beer_can_4
afar,0,129,77,138,120,14,49362,45721,3641,599,4,6,0.7856749892234802,0.567139744758606,0.6411834359169006,0.050000000745058,0.594979465007782,32,0,True,0.8695652173913043,0.5579710144927537,357.69565217391306,381.0083333333333,260.07142857142856,641.0649350649351,411.35,1.5599043798873629,2.4310198128114746,4,24,11,19.25,4,1054.0032377428306,248.72454921824044,-1.119820645093824,aerosol_can_1
afar,0,130,31,103,95,2,48393,45667,2726,599,4,22,0.47579225897789,0.5408849120140076,0.7448445558547974,0.050000000745058,0.6067574620246887,32,1,False,0.9223300970873788,0.3009708737864077,469.8349514563107,480.7052631578948,1363.0,1561.0645161290322,509.4,0.6405885148678528,1.963093835885356,3,14,0,7.75,4,1054.0032377428306,248.72454921824044,1.37506664841273,candy_cane_1
afar,0,131,77,119,117,1,48735,48121,614,599,4,18,0.6434022188186646,0.6856710910797119,0.6986441612243652,0.050000000745058,0.4752544164657593,32,0,True,0.9831932773109244,0.6470588235294118,409.5378151260504,411.2905982905983,614.0,632.922077922078,416.5384615384616,1.5799733251256798,2.400738688827332,4,24,14,19.25,4,1054.0032377428306,248.72454921824044,-1.141902732125924,bottle_2
afar,0,132,28,145,118,24,48856,43718,5138,494,4,5,0.7725720405578613,0.6205762624740601,1.1072043180465698,0.050000000745058,0.517713189125061,32,4,False,0.8137931034482758,0.193103448275862,336.93793103448274,370.4915254237288,214.0833333333333,1744.857142857143,414.03389830508473,0.5731128213525463,2.4152611757000164,3,17,0,7.0,4,1054.0032377428306,248.72454921824044,1.873481972182545,Tabasco_sauce_4
afar,0,133,49,125,119,6,49261,47927,1334,599,4,7,0.7325307130813599,0.5299884676933289,1.032983899116516,0.050000000745058,0.2498863339424133,32,0,True,0.952,0.392,394.088,402.7478991596639,222.3333333333333,1005.3265306122448,413.9579831932773,0.9947016909928746,2.4157041066969813,4,22,4,12.25,4,1054.0032377428306,248.72454921824044,-0.1320032102290457,atomizer_0
afar,0,134,50,130,120,6,49506,47273,2233,599,4,10,0.724644660949707,0.603670060634613,0.7913257479667664,0.050000000745058,0.4465721249580383,32,0,True,0.9230769230769232,0.3846153846153846,380.81538461538463,393.94166666666666,372.1666666666667,990.12,412.55,1.0099785884539247,2.4239486122894194,4,22,4,12.5,4,1054.0032377428306,248.72454921824044,-0.1732408159667869,beer_bottle_0
afar,0,135,34,138,130,4,49329,47697,1632,599,4,20,0.7421265244483948,0.6299261450767517,0.6998228430747986,0.050000000745058,0.557731032371521,32,0,True,0.9420289855072465,0.2463768115942029,357.45652173913044,366.9,408.0,1450.8529411764705,379.4538461538461,0.6892497313953253,2.6353666200409496,4,12,2,8.5,4,1054.0032377428306,248.72454921824044,1.0761910145472682,can_1
afar,0,136,75,119,114,3,49148,49082,66,599,4,10,0.7265032529830933,0.6403012275695801,0.7962294220924377,0.050000000745058,0.2203884124755859,32,0,True,0.957983193277311,0.6302521008403361,413.00840336134456,430.5438596491228,22.0,655.3066666666666,431.12280701754383,1.526003092699601,2.319524700903394,4,26,1,18.75,4,1054.0032377428306,248.72454921824044,-1.0811994153215296,beer_bottle_0
afar,0,137,69,137,118,15,49202,45951,3251,599,4,11,0.6516592502593994,0.5078302025794983,0.7487466931343079,0.050000000745058,0.3701090216636657,32,0,True,0.8613138686131386,0.5036496350364964,359.13868613138686,389.41525423728814,216.7333333333333,713.072463768116,416.96610169491527,1.4023820169911791,2.3982764928254947,4,23,9,17.25,4,1054.0032377428306,248.72454921824044,-0.924548090523108,beer_bottle_3
afar,0,138,35,99,95,3,49238,46842,2396,599,4,23,0.4632359743118286,0.6107531785964966,0.9718090891838074,0.050000000745058,0.4761109352111816,32,0,True,0.9595959595959596,0.3535353535353535,497.35353535353534,493.0736842105263,798.6666666666666,1406.8,518.2947368421053,0.7108330963889679,1.929404118770056,3,18,0,8.75,4,1054.0032377428306,248.72454921824044,0.9567266958182896,canister_0
afar,0,139,63,112,107,2,48908,48405,503,599,4,10,0.4320482909679413,0.6134419441223145,0.8390598297119141,0.050000000745058,0.7652269601821899,32,0,True,0.9553571428571428,0.5625,436.6785714285714,452.38317757009344,251.5,776.3174603174604,457.0841121495327,1.288132820806412,2.187781140099779,4,23,3,15.75,4,1054.0032377428306,248.72454921824044,-0.7530380795225359,beer_bottle_0
afar,0,140,83,125,124,1,49710,49433,277,548,4,1,0.5083558559417725,0.5859331488609314,1.0585801601409912,0.050000000745058,0.7930865287780762,32,0,True,0.992,0.664,397.68,398.6532258064516,277.0,598.9156626506024,400.8870967741936,1.669684168175417,2.494467913900624,4,29,12,20.75,4,1054.0032377428306,248.72454921824044,-1.2341225277701575,Dixie_cup_0
afar,0,141,36,114,88,25,48162,39024,9138,599,4,2,0.5767108201980591,0.5084419250488281,1.0183647871017456,0.050000000745058,0.7705391049385071,32,0,True,0.7719298245614035,0.3157894736842105,422.4736842105263,443.45454545454544,365.52,1337.8333333333333,547.2954545454545,0.7474772642332129,1.8271666459034093,4,17,3,9.0,4,1054.0032377428306,248.72454921824044,0.7697004581072303,Dixie_cup_3
afar,0,142,31,101,91,5,48776,45890,2886,599,4,12,0.4774095714092254,0.5704033374786377,0.7066851258277893,0.050000000745058,0.5561948418617249,32,1,False,0.900990099009901,0.3069306930693069,482.9306930693069,504.2857142857143,577.2,1573.4193548387098,536.0,0.6355584713793669,1.8656716417910448,3,14,0,7.75,4,1054.0032377428306,248.72454921824044,1.408570935528215,beer_can_1
afar,0,143,46,118,109,9,48889,48495,394,548,4,27,0.6731707453727722,0.5251116156578064,0.7174096703529358,0.050000000745058,0.2621459066867828,32,0,True,0.923728813559322,0.3898305084745763,414.3135593220339,444.908256880734,43.77777777777778,1062.804347826087,448.5229357798165,0.9409069524841988,2.2295403874082105,4,24,6,11.5,4,1054.0032377428306,248.72454921824044,0.0238671605589991,chalice_2
afar,0,144,60,141,127,14,49677,47212,2465,471,4,31,0.6618975400924683,0.5530044436454773,1.140685796737671,0.050000000745058,0.2862553000450134,32,0,True,0.900709219858156,0.425531914893617,352.3191489361702,371.748031496063,176.07142857142858,827.95,391.1574803149607,1.207802403526783,2.556515087465024,4,24,1,15.0,4,1054.0032377428306,248.72454921824044,-0.6130191383873155,cider_0
afar,0,145,14,103,96,1,49004,45865,3139,599,4,15,0.5547129511833191,0.6760092973709106,0.6474350690841675,0.050000000745058,0.5647917985916138,32,18,False,0.9320388349514565,0.1359223300970873,475.7669902912621,477.7604166666667,3139.0,3500.285714285714,510.4583333333333,0.2856909640029385,1.959023753163007,2,10,0,3.5,4,1054.0032377428306,248.72454921824044,6.633915050260626,bolt_1
afar,0,146,62,121,120,1,49241,48642,599,599,4,23,0.676868200302124,0.5917149186134338,0.6734527349472046,0.050000000745058,0.5484333634376526,32,0,True,0.9917355371900828,0.512396694214876,406.9504132231405,405.35,599.0,794.2096774193549,410.3416666666666,1.2591133405089254,2.43699356227534,4,24,9,15.5,4,1054.0032377428306,248.72454921824044,-0.7045173344929061,canister_0
afar,0,147,56,128,125,0,48639,47226,1413,599,4,4,0.6646369695663452,0.6832953691482544,0.7644573450088501,0.050000000745058,0.6104575991630554,32,0,True,0.9765625,0.4375,379.9921875,377.808,,868.5535714285714,389.112,1.1513394601040317,2.569954152017928,4,20,4,14.0,4,1054.0032377428306,248.72454921824044,-0.5029089421294427,Tabasco_sauce_2
afar,0,148,22,136,111,13,48770,42870,5900,599,4,13,0.7221077680587769,0.5894812345504761,0.8051398992538452,0.050000000745058,0.2034033685922622,32,10,False,0.8161764705882353,0.1617647058823529,358.6029411764706,386.2162162162162,453.84615384615387,2216.818181818182,439.3693693693694,0.4510969858519582,2.275989337707608,3,13,0,5.5,4,1054.0032377428306,248.72454921824044,3.153362554054257,beer_can_4
afar,0,149,76,133,126,5,49011,46240,2771,599,4,15,0.7346887588500977,0.6781736612319946,1.1589343547821045,0.050000000745058,0.3202790915966034,32,0,True,0.9473684210526316,0.5714285714285714,368.5037593984962,366.984126984127,554.2,644.8815789473684,388.9761904761905,1.5506722980555383,2.57085144151313,4,29,8,19.0,4,1054.0032377428306,248.72454921824044,-1.1094705356784378,bolt_1
afar,0,150,18,92,88,0,48966,46570,2396,599,4,22,0.5322694778442383,0.5106205344200134,0.8388971090316772,0.050000000745058,0.3139382600784302,32,14,False,0.9565217391304348,0.1956521739130435,532.2391304347826,529.2045454545455,,2720.333333333333,556.4318181818181,0.3676020095576522,1.7971653800596332,3,7,0,4.5,4,1054.0032377428306,248.72454921824044,4.518812690618675,candy_cane_1
afar,0,151,44,123,116,6,48755,46665,2090,512,4,18,0.7954051494598389,0.5544253587722778,1.040187954902649,0.050000000745058,0.7491694092750549,32,0,True,0.943089430894309,0.3577235772357723,396.3821138211382,402.2844827586207,348.3333333333333,1108.0681818181818,420.3017241379311,0.9024715413803712,2.379243154548252,4,26,1,11.0,4,1054.0032377428306,248.72454921824044,0.1466152211088217,bottle_2
afar,0,152,37,110,108,0,49181,47983,1198,599,4,30,0.5768784284591675,0.5138485431671143,0.767317533493042,0.050000000745058,0.2042397111654281,32,0,True,0.9818181818181818,0.3363636363636363,447.1,444.287037037037,,1329.2162162162165,455.3796296296296,0.7523230515849617,2.1959699884101584,4,20,1,9.25,4,1054.0032377428306,248.72454921824044,0.7463322561594784,chocolate_milk_4
afar,0,153,51,111,101,5,48516,46221,2295,599,4,19,0.5931288003921509,0.6382975578308105,0.6816934943199158,0.050000000745058,0.3497477173805237,32,0,True,0.90990990990991,0.4594594594594595,437.0810810810811,457.63366336633663,459.0,951.2941176470588,480.35643564356434,1.0511996042542666,2.081787451562372,4,20,7,12.75,4,1054.0032377428306,248.72454921824044,-0.2785302123266149,bottle_3
afar,0,154,30,100,91,1,48356,43684,4672,599,4,21,0.4112239778041839,0.6102858781814575,1.02936053276062,0.050000000745058,0.7019525170326233,32,2,False,0.91,0.3,483.56,480.043956043956,4672.0,1611.8666666666666,531.3846153846154,0.6203987095706841,1.8818760856977417,4,22,1,7.5,4,1054.0032377428306,248.72454921824044,1.5128337109939471,candle_holder_4
afar,0,155,50,108,102,1,48885,47912,973,599,4,2,0.4712767601013183,0.6689849495887756,0.7074765563011169,0.050000000745058,0.4478344321250915,32,0,True,0.9444444444444444,0.4629629629629629,452.6388888888889,469.72549019607845,973.0,977.7,479.2647058823529,1.0228086325048584,2.086529610309911,4,26,2,12.5,4,1054.0032377428306,248.72454921824044,-0.2069218097662748,Dixie_cup_3
afar,0,156,43,103,101,1,48165,46967,1198,599,4,20,0.4831593036651611,0.640862226486206,0.7239675521850586,0.050000000745058,0.2734420001506805,32,0,True,0.9805825242718448,0.4174757281553398,467.621359223301,465.019801980198,1198.0,1120.1162790697674,476.8811881188119,0.892764455517492,2.096958372262016,4,16,1,10.75,4,1054.0032377428306,248.72454921824044,0.1792876759257529,can_1
afar,0,157,49,108,103,1,49081,47248,1833,599,4,29,0.5144554376602173,0.6431024074554443,0.7543880939483643,0.050000000745058,0.2800250351428985,32,0,True,0.9537037037037036,0.4537037037037037,454.4537037037037,458.71844660194176,1833.0,1001.6530612244898,476.5145631067961,0.998349666877203,2.098571748741876,4,19,2,12.25,4,1054.0032377428306,248.72454921824044,-0.1419650540029258,chicken_(animal)_2
afar,0,158,40,126,124,0,48926,48066,860,599,4,27,0.7421939373016357,0.5542861819267273,0.8715144395828247,0.050000000745058,0.5506255030632019,32,0,True,0.984126984126984,0.3174603174603174,388.3015873015873,387.6290322580645,,1223.15,394.56451612903226,0.8175612148959653,2.5344397661774924,4,16,4,10.0,4,1054.0032377428306,248.72454921824044,0.4586981522372941,chalice_2
afar,0,159,50,122,107,9,49622,45739,3883,599,4,19,0.5346437692642212,0.5975702404975891,0.703955888748169,0.050000000745058,0.7427573204040527,32,0,True,0.8770491803278688,0.4098360655737705,406.7377049180328,427.4672897196262,431.44444444444446,992.44,463.7570093457944,1.007617588972633,2.156301640401435,4,18,5,12.5,4,1054.0032377428306,248.72454921824044,-0.1669493581878164,bottle_3
afar,0,160,43,101,96,4,48997,47739,1258,599,4,19,0.4505437612533569,0.5360488295555115,0.9506493806838988,0.050000000745058,0.6605153679847717,32,0,True,0.9504950495049505,0.4257425742574257,485.1188118811881,497.28125,314.5,1139.4651162790697,510.3854166666667,0.8776047513113048,1.9593036308345408,4,21,4,10.75,4,1054.0032377428306,248.72454921824044,0.2317585347078633,bottle_3
afar,0,161,65,141,130,5,49320,47698,1622,599,4,9,0.6769499778747559,0.5496600866317749,0.8513771295547485,0.050000000745058,0.6293408870697021,32,0,True,0.9219858156028368,0.4609929078014184,349.7872340425532,366.9076923076923,324.4,758.7692307692307,379.38461538461536,1.3179237631792375,2.635847526358475,4,32,4,16.25,4,1054.0032377428306,248.72454921824044,-0.8006259869787287,bear_0
afar,0,162,69,129,109,17,48541,43865,4676,599,4,25,0.6640338897705078,0.6715556979179382,0.6304141879081726,0.050000000745058,0.3485731482505798,32,0,True,0.8449612403100775,0.5348837209302325,376.2868217054264,402.4311926605504,275.05882352941177,703.4927536231884,445.3302752293578,1.4214787499227457,2.2455244020518736,4,21,7,17.25,4,1054.0032377428306,248.72454921824044,-0.950526686174654,canister_2
afar,0,163,67,121,117,2,49324,47336,1988,599,4,16,0.7295381426811218,0.5857898592948914,0.8507276773452759,0.050000000745058,0.5542243719100952,32,0,True,0.9669421487603306,0.5537190082644629,407.6363636363636,404.5811965811966,994.0,736.179104477612,421.5726495726496,1.358365096099262,2.3720703916957264,4,26,1,16.75,4,1054.0032377428306,248.72454921824044,-0.8618866877482665,boom_microphone_1
afar,0,164,24,106,98,5,48398,44490,3908,599,4,14,0.4965055882930755,0.6497846841812134,0.7872338891029358,0.050000000745058,0.2847597599029541,32,8,False,0.9245283018867924,0.2264150943396226,456.5849056603773,453.9795918367347,781.6,2016.5833333333333,493.8571428571428,0.4958882598454481,2.02487706103558,3,13,0,6.0,4,1054.0032377428306,248.72454921824044,2.6103586337435,beret_2
afar,0,165,35,109,89,5,49097,39399,9698,599,4,21,0.6433629989624023,0.5431118607521057,1.1972920894622805,0.050000000745058,0.3145454227924347,32,0,True,0.8165137614678899,0.3211009174311927,450.4311926605504,442.685393258427,1939.6,1402.7714285714285,551.6516853932584,0.7128745137177425,1.8127380491679737,4,25,1,8.75,4,1054.0032377428306,248.72454921824044,0.9458018738129343,candle_holder_4
afar,0,166,24,111,110,0,48890,48291,599,599,4,25,0.5271898508071899,0.5790234804153442,1.1403651237487793,0.050000000745058,0.3494852781295776,32,8,False,0.990990990990991,0.2162162162162162,440.4504504504504,439.0090909090909,,2037.0833333333333,444.45454545454544,0.4908979341378605,2.249948864798528,4,15,2,6.0,4,1054.0032377428306,248.72454921824044,2.665951256359402,canister_2
afar,0,167,65,105,104,1,48669,48070,599,599,4,5,0.5550650358200073,0.509860098361969,1.0906586647033691,0.050000000745058,0.6591846346855164,32,0,True,0.9904761904761904,0.6190476190476191,463.5142857142857,462.21153846153845,599.0,748.7538461538461,467.97115384615387,1.335552405021677,2.1368838480346835,4,23,8,16.25,4,1054.0032377428306,248.72454921824044,-0.8277860600165915,Tabasco_sauce_4
afar,0,168,39,112,108,2,48330,47359,971,599,4,29,0.4406163394451141,0.5877252221107483,1.0225355625152588,0.050000000745058,0.3953236937522888,32,0,True,0.9642857142857144,0.3482142857142857,431.5178571428572,438.5092592592592,485.5,1239.2307692307693,447.5,0.8069522036002483,2.23463687150838,4,20,1,9.75,4,1054.0032377428306,248.72454921824044,0.5023065490772728,chicken_(animal)_2
afar,0,169,87,122,119,3,48515,47335,1180,599,4,5,0.5088478326797485,0.6769564747810364,0.7868675589561462,0.050000000745058,0.2414108514785766,32,0,True,0.9754098360655736,0.7131147540983607,397.6639344262295,397.7731092436975,393.3333333333333,557.6436781609195,407.6890756302521,1.793259816551582,2.452849634133773,4,27,17,21.75,4,1054.0032377428306,248.72454921824044,-1.3460453501284166,Tabasco_sauce_4
afar,0,170,24,103,96,1,49218,46174,3044,599,4,10,0.5387484431266785,0.6063451766967773,1.0032122135162354,0.050000000745058,0.6796339154243469,32,8,False,0.9320388349514565,0.233009708737864,477.8446601941748,480.9791666666667,3044.0,2050.75,512.6875,0.4876264781177618,1.950505912471047,4,12,1,6.0,4,1054.0032377428306,248.72454921824044,2.703013004770004,beer_bottle_0
afar,0,171,26,142,130,5,49149,47309,1840,599,4,11,0.6855270862579346,0.5491897463798523,0.8664159178733826,0.050000000745058,0.4667235612869262,32,6,False,0.9154929577464788,0.1830985915492957,346.11971830985914,363.9153846153846,368.0,1890.3461538461536,378.0692307692308,0.5290036419866121,2.6450182099330606,4,16,1,6.5,4,1054.0032377428306,248.72454921824044,2.268024200605614,beer_bottle_3
afar,0,172,42,127,121,2,49021,48297,724,520,4,10,0.6365379095077515,0.5274481773376465,0.665434718132019,0.050000000745058,0.551005482673645,32,0,True,0.952755905511811,0.3307086614173228,385.992125984252,399.1487603305785,362.0,1167.1666666666667,405.1322314049587,0.856775667571041,2.468329899430856,4,16,2,10.5,4,1054.0032377428306,248.72454921824044,0.3068805755163062,beer_bottle_0
afar,0,173,73,117,112,5,48933,47546,1387,599,4,30,0.6494032740592957,0.5396447777748108,0.9987019300460817,0.050000000745058,0.6403785943984985,32,0,True,0.9572649572649572,0.6239316239316239,418.2307692307692,424.5178571428572,277.4,670.3150684931506,436.9017857142857,1.4918357754480616,2.2888439294545604,4,31,2,18.25,4,1054.0032377428306,248.72454921824044,-1.040499102208967,chocolate_milk_4
afar,0,174,31,135,104,26,49118,39199,9919,599,4,17,0.799621045589447,0.6628515720367432,1.129904866218567,0.050000000745058,0.4687755703926086,32,1,False,0.7703703703703704,0.2296296296296296,363.837037037037,376.9134615384616,381.5,1584.451612903226,472.2884615384616,0.6311331894621116,2.117350054969665,4,14,3,7.75,4,1054.0032377428306,248.72454921824044,1.4384886018297702,bottle_0
afar,0,175,46,137,114,16,49382,44283,5099,599,4,17,0.7949255108833313,0.619335949420929,1.0641041994094849,0.050000000745058,0.5996572971343994,32,0,True,0.8321167883211679,0.3357664233576642,360.4525547445256,388.4473684210527,318.6875,1073.5217391304348,433.1754385964912,0.9315135069458508,2.3085334737353693,4,15,4,11.5,4,1054.0032377428306,248.72454921824044,0.0529309600814164,bottle_0
afar,0,176,46,122,107,3,49348,45103,4245,599,4,5,0.7364094257354736,0.5711280107498169,1.1179620027542114,0.050000000745058,0.7064228057861328,32,0,True,0.8770491803278688,0.3770491803278688,404.4918032786885,421.5233644859813,1415.0,1072.7826086956522,461.196261682243,0.9321553051795411,2.168274296830672,4,22,2,11.5,4,1054.0032377428306,248.72454921824044,0.0509265601143534,Tabasco_sauce_4
afar,0,177,55,113,110,3,49129,48467,662,599,4,15,0.6063687205314636,0.6893474459648132,0.92579185962677,0.050000000745058,0.416660338640213,32,0,True,0.9734513274336284,0.4867256637168141,434.7699115044248,440.6090909090909,220.66666666666663,893.2545454545455,446.6272727272727,1.1195017199617334,2.239003439923467,4,23,3,13.75,4,1054.0032377428306,248.72454921824044,-0.4359239700674343,bolt_1
afar,0,178,62,104,102,2,49056,47858,1198,599,4,7,0.4616417288780212,0.6834686994552612,0.6197622418403625,0.050000000745058,0.7335939407348633,32,0,True,0.9807692307692308,0.5961538461538461,471.6923076923077,469.1960784313725,599.0,791.2258064516129,480.9411764705882,1.2638617090671884,2.079256360078278,4,27,8,15.5,4,1054.0032377428306,248.72454921824044,-0.712609100963356,atomizer_0
afar,0,179,61,125,117,6,48632,47871,761,599,4,22,0.7563019394874573,0.5107322335243225,1.0424952507019043,0.050000000745058,0.578601062297821,32,0,True,0.936,0.488,389.056,409.1538461538461,126.83333333333331,797.2459016393443,415.6581196581196,1.25431814443165,2.405823326204968,4,25,3,15.25,4,1054.0032377428306,248.72454921824044,-0.6962835946275825,candy_cane_1
afar,0,180,46,107,103,2,48572,46746,1826,599,4,0,0.5499873161315918,0.678475022315979,0.8962118625640869,0.050000000745058,0.512279748916626,32,0,True,0.9626168224299064,0.4299065420560747,453.9439252336449,453.8446601941748,913.0,1055.9130434782608,471.5728155339806,0.947047681791979,2.1205632874907354,4,22,3,11.5,4,1054.0032377428306,248.72454921824044,0.005179078513144,Band_Aid_0
afar,0,181,52,102,99,0,48684,46887,1797,599,4,26,0.5838309526443481,0.6129327416419983,1.1004598140716553,0.050000000745058,0.2547071576118469,32,0,True,0.9705882352941176,0.5098039215686274,477.2941176470589,473.6060606060606,,936.2307692307692,491.75757575757575,1.0681127269739543,2.0335223071234902,4,17,5,13.0,4,1054.0032377428306,248.72454921824044,-0.3193795315382553,canister_3
afar,0,182,35,100,84,5,48716,40430,8286,599,4,28,0.4277002215385437,0.5055062770843506,0.8576619029045105,0.050000000745058,0.7325794100761414,32,0,True,0.84,0.35,487.16,481.3095238095238,1657.2,1391.8857142857144,579.952380952381,0.7184497906232039,1.7242794974956892,4,16,5,8.75,4,1054.0032377428306,248.72454921824044,0.9162816100963376,chalice_4
afar,0,183,52,124,118,4,49158,46899,2259,599,4,31,0.5604943037033081,0.6246644258499146,0.9960416555404664,0.050000000745058,0.5641157031059265,32,0,True,0.9516129032258064,0.4193548387096774,396.4354838709677,397.4491525423729,564.75,945.3461538461538,416.59322033898303,1.0578135806989706,2.40042312543228,4,15,11,13.0,4,1054.0032377428306,248.72454921824044,-0.2946601102249933,cider_0
afar,0,184,20,99,84,1,48412,41727,6685,599,4,19,0.471002459526062,0.5947644710540771,0.8369929194450378,0.050000000745058,0.6860244274139404,32,12,False,0.8484848484848485,0.202020202020202,489.010101010101,496.75,6685.0,2420.6,576.3333333333334,0.4131207138725936,1.735106998264893,4,14,1,5.0,4,1054.0032377428306,248.72454921824044,3.705985271818364,bottle_3
afar,0,185,34,130,119,4,49134,47325,1809,599,4,24,0.7837811708450317,0.6228730082511902,1.0215308666229248,0.050000000745058,0.5359247922897339,32,0,True,0.9153846153846154,0.2615384615384615,377.9538461538461,397.6890756302521,452.25,1445.1176470588234,412.890756302521,0.6919851833760736,2.4219481418162574,3,12,0,8.5,4,1054.0032377428306,248.72454921824044,1.0606378417924605,canister_1
afar,0,186,65,106,104,2,48651,47809,842,599,4,1,0.4270958006381988,0.5906890034675598,1.120539903640747,0.050000000745058,0.6569466590881348,32,0,True,0.981132075471698,0.6132075471698113,458.97169811320754,459.7019230769231,421.0,748.4769230769231,467.7980769230769,1.336046535528561,2.137674456845697,4,22,2,16.25,4,1054.0032377428306,248.72454921824044,-0.8285370297780069,Dixie_cup_0
afar,0,187,40,105,93,6,48922,44597,4325,599,4,2,0.4441034495830536,0.5085774660110474,0.9606516361236572,0.050000000745058,0.7386067509651184,32,0,True,0.8857142857142857,0.3809523809523809,465.9238095238095,479.5376344086022,720.8333333333334,1223.05,526.0430107526881,0.8176280609950534,1.9009852418134991,4,20,2,10.0,4,1054.0032377428306,248.72454921824044,0.4584269687123382,Dixie_cup_3
afar,0,188,11,101,93,1,48576,45497,3079,599,4,27,0.5932087302207947,0.5806138515472412,1.0804269313812256,0.050000000745058,0.5276781916618347,32,21,False,0.9207920792079208,0.1089108910891089,480.9504950495049,489.2150537634408,3079.0,4416.0,522.3225806451613,0.2264492753623188,1.9145256916996047,4,6,1,2.75,4,1054.0032377428306,248.72454921824044,9.117181328782802,chalice_2
afar,0,189,51,109,104,1,49345,46928,2417,599,4,16,0.4918569326400757,0.5847086310386658,1.1005831956863403,0.050000000745058,0.5326591730117798,32,0,True,0.9541284403669724,0.4678899082568807,452.70642201834863,451.2307692307692,2417.0,967.5490196078432,474.47115384615387,1.033539365690546,2.1076096868983685,3,23,0,12.75,4,1054.0032377428306,248.72454921824044,-0.2344495962112799,boom_microphone_1
afar,0,190,24,113,109,1,49294,47476,1818,599,4,1,0.6715623140335083,0.57449871301651,0.9025572538375854,0.050000000745058,0.2268196642398834,32,8,False,0.9646017699115044,0.2123893805309734,436.2300884955752,435.5596330275229,1818.0,2053.9166666666665,452.2385321100917,0.4868746703452752,2.2112224611514586,3,13,0,6.0,4,1054.0032377428306,248.72454921824044,2.7116004830602645,Dixie_cup_0
afar,0,191,29,103,87,4,49283,41077,8206,599,4,26,0.5230149030685425,0.5718969106674194,1.1069810390472412,0.050000000745058,0.4334855079650879,32,3,False,0.8446601941747572,0.2815533980582524,478.4757281553398,472.14942528735634,2051.5,1699.4137931034484,566.471264367816,0.5884382038431102,1.7653146115293306,2,15,0,7.25,4,1054.0032377428306,248.72454921824044,1.7502470944625654,canister_3
afar,0,192,39,115,113,1,49017,48166,851,599,4,1,0.5060625076293945,0.5729351043701172,1.1249239444732666,0.050000000745058,0.293222576379776,32,0,True,0.982608695652174,0.3391304347826087,426.2347826086957,426.2477876106194,851.0,1256.8461538461538,433.7787610619469,0.7956423281718588,2.3053226431646165,4,14,5,9.75,4,1054.0032377428306,248.72454921824044,0.5500765700117625,Dixie_cup_0
afar,0,193,68,125,115,6,49080,47753,1327,574,4,9,0.6113275289535522,0.5527476072311401,1.0800273418426514,0.050000000745058,0.7514077425003052,32,0,True,0.92,0.544,392.64,415.2434782608696,221.16666666666663,721.7647058823529,426.7826086956522,1.3854930725346373,2.343113284433578,4,20,11,17.0,4,1054.0032377428306,248.72454921824044,-0.9009761619600434,bear_0
afar,0,194,45,124,120,2,49288,47560,1728,599,4,28,0.7447795867919922,0.6996698975563049,1.1491055488586426,0.050000000745058,0.5641059279441833,32,0,True,0.967741935483871,0.3629032258064516,397.483870967742,396.3333333333333,864.0,1095.2888888888888,410.73333333333335,0.9130011361791917,2.4346696964778447,4,18,2,11.25,4,1054.0032377428306,248.72454921824044,0.1119598840787608,chalice_4
afar,0,195,46,105,98,2,48908,46634,2274,599,4,5,0.4593152701854706,0.6276692152023315,0.7788894176483154,0.050000000745058,0.27023446559906,32,0,True,0.9333333333333332,0.4380952380952381,465.79047619047617,475.8571428571428,1137.0,1063.2173913043478,499.0612244897959,0.9405414247157928,2.003762165698863,4,17,1,11.5,4,1054.0032377428306,248.72454921824044,0.0249872664229459,Tabasco_sauce_4
afar,0,196,70,130,117,12,48854,46339,2515,557,4,6,0.6939212679862976,0.528862476348877,0.9952253699302672,0.050000000745058,0.4195388853549957,32,0,True,0.9,0.5384615384615384,375.8,396.059829059829,209.5833333333333,697.9142857142857,417.55555555555554,1.4328407090514594,2.394890899414582,4,26,14,17.5,4,1054.0032377428306,248.72454921824044,-0.9656545720885342,aerosol_can_1
afar,0,197,40,137,112,9,48740,43582,5158,599,4,12,0.7284883260726929,0.5987797975540161,0.8018804788589478,0.050000000745058,0.403904378414154,32,0,True,0.8175182481751825,0.291970802919708,355.7664233576642,389.125,573.1111111111111,1218.5,435.1785714285714,0.8206811653672548,2.2979072630283137,4,18,2,10.0,4,1054.0032377428306,248.72454921824044,0.4460881183268576,beer_can_1
afar,0,198,77,138,127,9,49778,47689,2089,599,4,20,0.7956394553184509,0.5446624755859375,0.7188292741775513,0.050000000745058,0.7447530031204224,32,0,True,0.9202898550724636,0.5579710144927537,360.71014492753625,375.503937007874,232.11111111111111,646.4675324675325,391.9527559055118,1.5468680943388646,2.551327895857608,4,25,8,19.25,4,1054.0032377428306,248.72454921824044,-1.105169691018299,can_1
afar,0,199,31,100,97,1,48662,47060,1602,599,4,0,0.4600138366222381,0.51368248462677,1.1190690994262695,0.050000000745058,0.6680489182472229,32,1,False,0.97,0.31,486.62,485.1546391752577,1602.0,1569.741935483871,501.6701030927835,0.6370473881057087,1.993341827298508,3,14,0,7.75,4,1054.0032377428306,248.72454921824044,1.3985983800943629,Band_Aid_0
afar,0,200,53,123,121,1,48940,48314,626,599,4,18,0.6484379768371582,0.5727177858352661,0.8611270189285278,0.050000000745058,0.6203539967536926,32,0,True,0.983739837398374,0.4308943089430894,397.8861788617886,399.2892561983471,626.0,923.3962264150944,404.46280991735534,1.0829587249693502,2.4724152022885164,4,20,7,13.25,4,1054.0032377428306,248.72454921824044,-0.3541846971577408,bottle_2
afar,0,201,66,122,113,5,49098,47251,1847,599,4,24,0.4521146416664123,0.5159549117088318,0.9241424798965454,0.050000000745058,0.7126596570014954,32,0,True,0.9262295081967212,0.5409836065573771,402.44262295081967,418.1504424778761,369.4,743.9090909090909,434.4955752212389,1.3442502749602836,2.301519410159273,4,28,9,16.5,4,1054.0032377428306,248.72454921824044,-0.840924238064791,canister_1
afar,0,202,47,118,115,2,49002,47607,1395,599,4,3,0.7707500457763672,0.6028658151626587,0.795602560043335,0.050000000745058,0.3180186152458191,32,0,True,0.9745762711864406,0.3983050847457627,415.271186440678,413.9739130434783,697.5,1042.595744680851,426.10434782608695,0.959144524713277,2.3468429860005715,4,19,2,11.75,4,1054.0032377428306,248.72454921824044,-0.0309352417945437,Dixie_cup_4
afar,0,203,25,102,97,1,48416,45421,2995,599,4,13,0.522418737411499,0.5075194239616394,1.1672744750976562,0.050000000745058,0.6271200776100159,32,7,False,0.9509803921568628,0.2450980392156862,474.6666666666667,468.25773195876286,2995.0,1936.64,499.1340206185567,0.5163582286847324,2.003469927296761,4,10,3,6.25,4,1054.0032377428306,248.72454921824044,2.393565484443146,beer_can_4
afar,0,204,35,108,105,1,48891,47877,1014,599,4,25,0.7204705476760864,0.6914721727371216,1.0121078491210938,0.050000000745058,0.3568284809589386,32,0,True,0.9722222222222222,0.324074074074074,452.69444444444446,455.9714285714286,1014.0,1396.8857142857144,465.6285714285714,0.7158781779877688,2.147634533963306,4,19,3,8.75,4,1054.0032377428306,248.72454921824044,0.9298407863441184,canister_2
afar,0,205,62,118,113,4,48683,46860,1823,599,4,0,0.6059542894363403,0.648654580116272,1.1208827495574951,0.050000000745058,0.4547358751296997,32,0,True,0.9576271186440678,0.5254237288135594,412.5677966101695,414.6902654867257,455.75,785.2096774193549,430.8230088495576,1.2735451800423143,2.321138795883573,4,25,8,15.5,4,1054.0032377428306,248.72454921824044,-0.7289238517389118,Band_Aid_0
afar,0,206,40,119,112,0,49205,45469,3736,599,4,26,0.5844234824180603,0.6103180646896362,1.1187832355499268,0.050000000745058,0.4128229022026062,32,0,True,0.9411764705882352,0.3361344537815126,413.4873949579832,405.9732142857143,,1230.125,439.3303571428572,0.812925515699624,2.2761914439589472,4,23,2,10.0,4,1054.0032377428306,248.72454921824044,0.4776132031029483,canister_3
afar,0,207,63,111,109,1,48476,47278,1198,599,4,22,0.5936184525489807,0.5392481088638306,1.1017637252807615,0.050000000745058,0.5908824801445007,32,0,True,0.981981981981982,0.5675675675675675,436.7207207207208,433.74311926605503,1198.0,769.4603174603175,444.7339449541285,1.2996121792227082,2.2485353577027807,4,24,7,15.75,4,1054.0032377428306,248.72454921824044,-0.7716335212337784,candy_cane_1
afar,0,208,39,121,116,4,49013,47199,1814,599,4,17,0.6339988708496094,0.5620908737182617,0.615059494972229,0.050000000745058,0.797435998916626,32,0,True,0.9586776859504132,0.3223140495867768,405.06611570247935,406.88793103448273,453.5,1256.7435897435898,422.5258620689655,0.7957072613388285,2.3667190337257464,3,18,0,9.75,4,1054.0032377428306,248.72454921824044,0.5497984330630904,bottle_0
afar,0,209,73,122,118,0,49555,48302,1253,599,4,22,0.6942791938781738,0.5346917510032654,1.19777250289917,0.050000000745058,0.7594460844993591,32,0,True,0.9672131147540984,0.5983606557377049,406.1885245901639,409.33898305084745,,678.8356164383562,419.957627118644,1.4731106850973663,2.381192614266976,4,32,3,18.25,4,1054.0032377428306,248.72454921824044,-1.0173927799456246,candy_cane_1
afar,0,210,65,116,112,2,48861,47268,1593,599,4,15,0.6320759654045105,0.549028217792511,1.0917110443115234,0.050000000745058,0.3526651263236999,32,0,True,0.9655172413793104,0.5603448275862069,421.2155172413793,422.0357142857143,796.5,751.7076923076924,436.25892857142856,1.3303043326988806,2.2922166963426864,4,22,13,16.25,4,1054.0032377428306,248.72454921824044,-0.8197757158948251,bolt_1
afar,0,211,60,118,113,2,48513,45870,2643,599,4,14,0.6610109806060791,0.6294539570808411,1.1697640419006348,0.050000000745058,0.7432100176811218,32,0,True,0.9576271186440678,0.5084745762711864,411.1271186440678,405.929203539823,1321.5,808.55,429.3185840707965,1.236781893513079,2.3292725661162987,4,20,6,15.0,4,1054.0032377428306,248.72454921824044,-0.665628742228706,beret_2
afar,0,212,63,107,100,1,49299,45106,4193,599,4,4,0.4200950562953949,0.6483525633811951,0.7592859864234924,0.050000000745058,0.3974553048610687,32,0,True,0.9345794392523364,0.5887850467289719,460.7383177570093,451.06,4193.0,782.5238095238095,492.99,1.277916387756344,2.028438710724356,4,26,3,15.75,4,1054.0032377428306,248.72454921824044,-0.736207482973703,Tabasco_sauce_2
afar,0,213,79,121,118,3,49362,48122,1240,599,4,18,0.7457075119018555,0.564082682132721,1.1740548610687256,0.050000000745058,0.4596279263496399,32,0,True,0.975206611570248,0.6528925619834711,407.9504132231405,407.8135593220339,413.3333333333333,624.8354430379746,418.3220338983051,1.600421376767554,2.390502815931283,4,27,2,19.75,4,1054.0032377428306,248.72454921824044,-1.1638323536549264,bottle_2
afar,0,214,39,124,118,1,49357,47163,2194,599,4,25,0.7743728160858154,0.6096968650817871,0.6641049981117249,0.050000000745058,0.3585946261882782,32,0,True,0.9516129032258064,0.314516129032258,398.0403225806452,399.6864406779661,2194.0,1265.5641025641023,418.2796610169492,0.7901614765889337,2.3907449804485688,3,14,0,9.75,4,1054.0032377428306,248.72454921824044,0.5737182106489191,canister_2
afar,0,215,47,123,115,5,48488,46921,1567,599,4,27,0.7653211355209351,0.501015841960907,1.0650501251220703,0.050000000745058,0.2591436207294464,32,0,True,0.934959349593496,0.3821138211382114,394.2113821138211,408.0086956521739,313.4,1031.659574468085,421.6347826086957,0.9693119947203432,2.3717208381455204,4,23,1,11.75,4,1054.0032377428306,248.72454921824044,-0.0605923336726691,chalice_2
afar,0,216,50,125,121,4,49300,48102,1198,571,4,5,0.7478445768356323,0.6795387864112854,1.0828218460083008,0.050000000745058,0.4008282721042633,32,0,True,0.968,0.4,394.4,397.5371900826447,299.5,986.0,407.4380165289256,1.0141987829614605,2.4543610547667343,4,22,1,12.5,4,1054.0032377428306,248.72454921824044,-0.1844135771949585,Tabasco_sauce_4
afar,0,217,50,104,97,5,49495,46678,2817,599,4,17,0.4556737244129181,0.6204664707183838,0.975955843925476,0.050000000745058,0.4405454397201538,32,0,True,0.9326923076923076,0.4807692307692308,475.9134615384616,481.2164948453608,563.4,989.9,510.25773195876286,1.0102030508132134,1.959793918577634,4,21,5,12.5,4,1054.0032377428306,248.72454921824044,-0.1738374197216894,bottle_0
afar,0,218,20,105,98,1,48540,45079,3461,599,4,30,0.5258600115776062,0.6540042161941528,0.6580140590667725,0.050000000745058,0.2236566990613937,32,12,False,0.9333333333333332,0.1904761904761904,462.2857142857143,459.98979591836735,3461.0,2427.0,495.3061224489796,0.4120313143798929,2.018953440461475,4,7,2,5.0,4,1054.0032377428306,248.72454921824044,3.7233410174155233,chocolate_milk_4
afar,0,219,88,125,122,3,49219,48248,971,489,4,9,0.7763450741767883,0.6965700387954712,0.8166183829307556,0.050000000745058,0.6408181190490723,32,0,True,0.976,0.704,393.752,395.4754098360656,323.6666666666667,559.3068181818181,403.4344262295082,1.787927426400374,2.4787175684187,4,29,15,22.0,4,1054.0032377428306,248.72454921824044,-1.341535188394796,bear_0
afar,0,220,62,100,100,0,48788,48788,0,589,4,1,0.4476682841777801,0.6926455497741699,1.1473627090454102,0.050000000745058,0.4614297747611999,32,0,True,1.0,0.62,487.88,487.88,,786.9032258064516,487.88,1.2708042961383947,2.049684348610314,4,19,13,15.5,4,1054.0032377428306,248.72454921824044,-0.7243312275259539,Dixie_cup_0
afar,0,221,48,114,113,1,48886,48559,327,582,4,20,0.781444251537323,0.5308132767677307,0.959098219871521,0.050000000745058,0.5757482051849365,32,0,True,0.9912280701754386,0.4210526315789473,428.8245614035088,429.72566371681415,327.0,1018.4583333333334,432.6194690265487,0.9818762017755596,2.311500225013296,4,21,6,12.0,4,1054.0032377428306,248.72454921824044,-0.0963919247197801,can_1
afar,0,222,67,111,108,2,48707,47159,1548,599,4,27,0.4427008032798767,0.6183407306671143,0.6160972714424133,0.050000000745058,0.2529395520687103,32,0,True,0.972972972972973,0.6036036036036037,438.8018018018018,436.6574074074074,774.0,726.9701492537314,450.9907407407408,1.375572299669452,2.2173404233477734,4,27,2,16.75,4,1054.0032377428306,248.72454921824044,-0.8868598571359707,chalice_2
afar,0,223,31,104,101,0,48327,46530,1797,599,4,23,0.4591183066368103,0.6506474018096924,0.6327642202377319,0.050000000745058,0.5427908301353455,32,1,False,0.971153846153846,0.2980769230769231,464.6826923076923,460.6930693069307,,1558.9354838709678,478.48514851485146,0.6414633641649595,2.08992902518261,4,14,3,7.75,4,1054.0032377428306,248.72454921824044,1.3692930636878686,canister_0
afar,0,224,49,118,112,0,48662,47976,686,599,4,28,0.6977756023406982,0.5586523413658142,1.146433711051941,0.050000000745058,0.418059378862381,32,0,True,0.9491525423728814,0.4152542372881356,412.3898305084746,428.3571428571428,,993.1020408163264,434.4821428571428,1.0069458715219268,2.30159056347869,4,26,5,12.25,4,1054.0032377428306,248.72454921824044,-0.1651540125654574,chalice_4
afar,0,225,42,100,87,2,49150,41543,7607,599,4,29,0.4563021957874298,0.6621972918510437,0.6787493228912354,0.050000000745058,0.2807992100715637,32,0,True,0.87,0.42,491.5,477.5057471264368,3803.5,1170.2380952380952,564.9425287356322,0.854526958290946,1.770091556459817,3,28,0,10.5,4,1054.0032377428306,248.72454921824044,0.3152097837827999,chicken_(animal)_2
afar,0,226,25,118,114,0,49381,48690,691,599,4,5,0.554179847240448,0.6724907159805298,0.916641652584076,0.050000000745058,0.5341794490814209,32,7,False,0.9661016949152542,0.211864406779661,418.4830508474576,427.10526315789474,,1975.24,433.1666666666667,0.5062675927988498,2.308580223162755,3,18,0,6.25,4,1054.0032377428306,248.72454921824044,2.498242325076015,Tabasco_sauce_4
afar,0,227,20,125,101,19,49384,41929,7455,599,4,2,0.7454984188079834,0.5590750575065613,1.104790210723877,0.050000000745058,0.243057295680046,32,12,False,0.808,0.16,395.072,415.13861386138615,392.3684210526316,2469.2,488.9504950495049,0.4049894702737728,2.045196824882553,4,11,1,5.0,4,1054.0032377428306,248.72454921824044,3.8377804649467935,Dixie_cup_3
afar,0,228,30,131,124,3,49607,47798,1809,599,4,29,0.7584177851676941,0.6067056655883789,1.0773053169250488,0.050000000745058,0.2448645681142807,32,2,False,0.9465648854961832,0.2290076335877862,378.6793893129771,385.46774193548384,603.0,1653.5666666666666,400.0564516129032,0.6047533614207672,2.499647227205838,3,15,0,7.5,4,1054.0032377428306,248.72454921824044,1.6259172409004408,chicken_(animal)_2
afar,0,229,59,134,131,3,49088,48336,752,567,4,9,0.7891511917114258,0.5240665674209595,0.8322802782058716,0.050000000745058,0.4128333926200866,32,0,True,0.9776119402985076,0.4402985074626865,366.3283582089553,368.9770992366412,250.66666666666663,832.0,374.7175572519084,1.2019230769230769,2.6686766623207303,4,26,6,14.75,4,1054.0032377428306,248.72454921824044,-0.6020362056266131,bear_0
afar,0,230,37,116,102,4,49452,45121,4331,599,4,12,0.5594165325164795,0.5032820701599121,0.7510237097740173,0.050000000745058,0.7820035219192505,32,0,True,0.8793103448275862,0.3189655172413793,426.3103448275862,442.3627450980392,1082.75,1336.5405405405406,484.8235294117647,0.7482002750141551,2.062606163552536,4,19,1,9.25,4,1054.0032377428306,248.72454921824044,0.766194617041363,beer_can_1
afar,0,231,34,100,100,0,48407,48407,0,560,4,17,0.4445478618144989,0.6376843452453613,1.0501377582550049,0.050000000745058,0.4300308227539062,32,0,True,1.0,0.34,484.07,484.07,,1423.735294117647,484.07,0.7023777552833268,2.0658169273039024,4,14,3,8.5,4,1054.0032377428306,248.72454921824044,1.0026524233681269,bottle_0
afar,0,232,46,136,120,10,49465,46387,3078,599,4,24,0.7969222068786621,0.5117524266242981,0.802352786064148,0.050000000745058,0.4480607807636261,32,0,True,0.8823529411764706,0.3382352941176471,363.7132352941176,386.5583333333333,307.8,1075.3260869565215,412.2083333333333,0.9299504700293136,2.4259577479025576,3,24,0,11.5,4,1054.0032377428306,248.72454921824044,0.0578240541186593,canister_1
afar,0,233,58,119,113,3,48856,48723,133,592,4,24,0.5573947429656982,0.6172250509262085,1.0646464824676514,0.050000000745058,0.5592321753501892,32,0,True,0.9495798319327732,0.4873949579831932,410.5546218487395,431.17699115044246,44.333333333333336,842.3448275862069,432.353982300885,1.187162272801703,2.3129196004584904,4,21,1,14.5,4,1054.0032377428306,248.72454921824044,-0.5739827375277559,canister_1
afar,0,234,48,108,106,2,48766,47568,1198,599,4,7,0.5177129507064819,0.6571878790855408,0.7753245830535889,0.050000000745058,0.7935207486152649,32,0,True,0.9814814814814816,0.4444444444444444,451.537037037037,448.7547169811321,599.0,1015.9583333333334,460.0566037735849,0.9842923348234426,2.1736455727351025,4,20,1,12.0,4,1054.0032377428306,248.72454921824044,-0.1031715128436706,atomizer_0
afar,0,235,40,125,116,6,49125,47659,1466,575,4,31,0.6487547755241394,0.5825019478797913,0.8907763361930847,0.050000000745058,0.7890430092811584,32,0,True,0.928,0.32,393.0,410.8534482758621,244.3333333333333,1228.125,423.4913793103448,0.8142493638676844,2.3613231552162848,4,26,2,10.0,4,1054.0032377428306,248.72454921824044,0.472189532603836,cider_0
afar,0,236,31,100,96,0,48771,47513,1258,599,4,0,0.4601351022720337,0.5808572769165039,0.9402214288711548,0.050000000745058,0.4023529887199402,32,1,False,0.96,0.31,487.71,494.9270833333333,,1573.258064516129,508.03125,0.6356236287958008,1.968382850464416,4,24,2,7.75,4,1054.0032377428306,248.72454921824044,1.4081335427460282,Band_Aid_0
afar,0,237,33,124,120,2,49272,47474,1798,599,4,9,0.7314560413360596,0.5312446355819702,1.0523338317871094,0.050000000745058,0.4998296499252319,32,0,True,0.967741935483871,0.2661290322580645,397.35483870967744,395.6166666666667,899.0,1493.090909090909,410.6,0.6697515830491964,2.435460301997077,4,22,1,8.25,4,1054.0032377428306,248.72454921824044,1.1907334248072663,bear_0
afar,0,238,77,127,124,1,48876,47442,1434,599,4,23,0.725346565246582,0.6067665815353394,0.6266826391220093,0.050000000745058,0.2292022854089737,32,0,True,0.9763779527559056,0.6062992125984252,384.8503937007874,382.5967741935484,1434.0,634.7532467532468,394.1612903225807,1.5754153367706032,2.5370324903838286,4,28,1,19.25,4,1054.0032377428306,248.72454921824044,-1.1369369039416717,canister_0
afar,0,239,42,94,80,8,49631,43703,5928,599,4,27,0.4413037598133087,0.5149778127670288,0.7323609590530396,0.050000000745058,0.3846824169158935,32,0,True,0.851063829787234,0.4468085106382978,527.9893617021277,546.2875,741.0,1181.690476190476,620.3875,0.8462452902419858,1.611895790937116,4,17,8,10.5,4,1054.0032377428306,248.72454921824044,0.3462667541408126,chalice_2
afar,0,240,36,103,98,1,48752,46333,2419,599,4,22,0.4357255399227142,0.6528980731964111,1.1359410285949707,0.050000000745058,0.6926314830780029,32,0,True,0.9514563106796116,0.3495145631067961,473.3203883495146,472.7857142857143,2419.0,1354.2222222222222,497.4693877551021,0.7384312438464063,2.010173941581884,3,17,0,9.0,4,1054.0032377428306,248.72454921824044,0.8141444246971792,candy_cane_1
afar,0,241,25,112,108,1,49697,47650,2047,599,4,23,0.5824807286262512,0.510099470615387,0.6896653175354004,0.050000000745058,0.2060846835374832,32,7,False,0.9642857142857144,0.2232142857142857,443.7232142857143,441.2037037037037,2047.0,1987.88,460.1574074074074,0.5030484737509306,2.1731694066040204,4,15,1,6.25,4,1054.0032377428306,248.72454921824044,2.5325199226304056,canister_0
afar,0,242,54,123,121,0,49035,47837,1198,599,4,20,0.6840051412582397,0.5026249289512634,1.170182228088379,0.050000000745058,0.2652242481708526,32,0,True,0.983739837398374,0.4390243902439024,398.6585365853659,395.3471074380165,,908.0555555555557,405.2479338842976,1.1012542061792596,2.467625165697971,4,25,2,13.5,4,1054.0032377428306,248.72454921824044,-0.3957860691464778,can_1
afar,0,243,33,108,106,1,48872,47872,1000,599,4,15,0.5942075848579407,0.6182739734649658,0.8871383666992188,0.050000000745058,0.6221895813941956,32,0,True,0.9814814814814816,0.3055555555555556,452.5185185185185,451.622641509434,1000.0,1480.969696969697,461.0566037735849,0.6752332623997381,2.168931085284007,4,15,5,8.25,4,1054.0032377428306,248.72454921824044,1.1578626945096155,bolt_1
afar,0,244,51,107,97,5,48796,46185,2611,599,4,11,0.498584508895874,0.5754742622375488,0.989443302154541,0.050000000745058,0.2350408434867859,32,0,True,0.9065420560747663,0.4766355140186916,456.0373831775701,476.1340206185567,522.2,956.7843137254902,503.0515463917526,1.045167636691532,1.9878678580211493,4,23,5,12.75,4,1054.0032377428306,248.72454921824044,-0.2636417050741494,beer_bottle_3
afar,0,245,39,113,111,0,48626,47428,1198,599,4,20,0.6045724749565125,0.616910994052887,1.1513984203338623,0.050000000745058,0.3772556781768799,32,0,True,0.9823008849557522,0.3451327433628318,430.3185840707965,427.2792792792793,,1246.820512820513,438.0720720720721,0.8020400608727841,2.282729404022539,4,24,3,9.75,4,1054.0032377428306,248.72454921824044,0.5228886832790327,can_1
afar,0,246,42,105,101,1,49220,46857,2363,599,4,27,0.4120135605335235,0.5214824080467224,0.6728700995445251,0.050000000745058,0.2606387436389923,32,0,True,0.961904761904762,0.4,468.7619047619048,463.9306930693069,2363.0,1171.904761904762,487.3267326732673,0.8533116619260463,2.052011377488826,3,18,0,10.5,4,1054.0032377428306,248.72454921824044,0.3197295091987271,chalice_2
afar,0,247,23,96,88,2,48329,44089,4240,599,4,18,0.4586478173732757,0.6349605321884155,0.9575543403625488,0.050000000745058,0.2285089492797851,32,9,False,0.9166666666666666,0.2395833333333333,503.4270833333333,501.0113636363636,2120.0,2101.260869565217,549.1931818181819,0.4759047362867015,1.820852904053467,4,10,2,5.75,4,1054.0032377428306,248.72454921824044,2.839990161342696,bottle_2
afar,0,248,59,98,95,0,48921,47124,1797,599,4,18,0.466862142086029,0.5181073546409607,1.1580781936645508,0.050000000745058,0.4266438484191894,32,0,True,0.9693877551020408,0.6020408163265306,499.1938775510204,496.0421052631579,,829.1694915254237,514.9578947368421,1.2060260419860591,1.941906338791112,4,23,5,14.75,4,1054.0032377428306,248.72454921824044,-0.6097120782821366,bottle_2
afar,0,249,41,130,111,12,49001,44208,4793,599,4,5,0.7647060751914978,0.5501911640167236,1.0172418355941772,0.050000000745058,0.5803835988044739,32,0,True,0.8538461538461538,0.3153846153846154,376.9307692307692,398.2702702702703,399.4166666666667,1195.1463414634147,441.4504504504504,0.8367176180077958,2.265259892655252,4,20,1,10.25,4,1054.0032377428306,248.72454921824044,0.3827568439012466,Tabasco_sauce_4
afar,0,250,69,126,119,5,49243,48515,728,599,4,22,0.7763011455535889,0.5654201507568359,0.6087764501571655,0.050000000745058,0.3576105237007141,32,0,True,0.9444444444444444,0.5476190476190477,390.8174603174603,407.6890756302521,145.6,713.6666666666666,413.8067226890756,1.4012143858010275,2.416587129135105,4,27,9,17.25,4,1054.0032377428306,248.72454921824044,-0.92293671015743,candy_cane_1
afar,0,251,49,109,106,0,49095,48409,686,599,4,9,0.5320666432380676,0.5977461934089661,0.8542162179946899,0.050000000745058,0.362249493598938,32,0,True,0.9724770642201837,0.4495412844036697,450.41284403669727,456.688679245283,,1001.938775510204,463.16037735849056,0.9980649760668092,2.159079335981261,4,22,1,12.25,4,1054.0032377428306,248.72454921824044,-0.1411902439316239,bear_0
afar,0,252,45,123,118,3,49465,47456,2009,599,4,26,0.608970046043396,0.6701542139053345,0.9436457753181458,0.050000000745058,0.4299814105033874,32,0,True,0.959349593495935,0.3658536585365853,402.1544715447154,402.1694915254237,669.6666666666666,1099.2222222222222,419.1949152542373,0.909734155463459,2.385525118770848,4,21,4,11.25,4,1054.0032377428306,248.72454921824044,0.1226264360603486,canister_3
afar,0,253,62,121,117,3,48862,47992,870,546,4,15,0.6891956329345703,0.6601000428199768,1.1607005596160889,0.050000000745058,0.3873145580291748,32,0,True,0.9669421487603306,0.512396694214876,403.8181818181818,410.1880341880342,290.0,788.0967741935484,417.6239316239317,1.268879702017928,2.394498792517703,4,19,9,15.5,4,1054.0032377428306,248.72454921824044,-0.7210945209377738,bolt_1
afar,0,254,25,108,106,0,48344,47722,622,599,4,0,0.623963475227356,0.6087973117828369,0.7106789350509644,0.050000000745058,0.7713487148284912,32,7,False,0.9814814814814816,0.2314814814814814,447.6296296296296,450.2075471698113,,1933.76,456.0754716981132,0.5171272546748303,2.192619559821281,3,18,0,6.25,4,1054.0032377428306,248.72454921824044,2.385755398924424,Band_Aid_0
afar,0,255,45,99,94,2,48691,46857,1834,599,4,1,0.4998494982719421,0.5495902895927429,0.9448554515838624,0.050000000745058,0.5528939366340637,32,0,True,0.9494949494949496,0.4545454545454545,491.82828282828285,498.4787234042553,917.0,1082.022222222222,517.9893617021277,0.9241954365283112,1.930541578525805,4,17,3,11.25,4,1054.0032377428306,248.72454921824044,0.0759828697679819,Dixie_cup_0
afar,0,256,37,122,113,4,49078,45385,3693,599,4,17,0.7153476476669312,0.656708836555481,1.0046393871307373,0.050000000745058,0.2109864801168441,32,0,True,0.9262295081967212,0.3032786885245901,402.27868852459017,401.6371681415929,923.25,1326.4324324324325,434.3185840707965,0.7539019519947838,2.3024573128489343,3,17,0,9.25,4,1054.0032377428306,248.72454921824044,0.7387830931674707,bottle_0
afar,0,257,24,115,111,2,48755,47232,1523,599,4,17,0.7229468822479248,0.6493431925773621,1.12444806098938,0.050000000745058,0.2110516279935836,32,8,False,0.9652173913043478,0.208695652173913,423.9565217391304,425.5135135135135,761.5,2031.4583333333333,439.23423423423424,0.4922572043892934,2.276689570300482,3,12,0,6.0,4,1054.0032377428306,248.72454921824044,2.6506971830806485,bottle_0
afar,0,258,32,103,101,1,48166,47537,629,599,4,3,0.588408887386322,0.6556438207626343,1.0870732069015503,0.050000000745058,0.7846487164497375,32,0,True,0.9805825242718448,0.3106796116504854,467.63106796116506,470.66336633663366,629.0,1505.1875,476.8910891089109,0.6643690570111697,2.0969148361915044,4,16,1,8.0,4,1054.0032377428306,248.72454921824044,1.2235373864340002,Dixie_cup_4
afar,0,259,64,111,110,0,48976,48377,599,599,4,23,0.575379490852356,0.5266003012657166,1.139878749847412,0.050000000745058,0.5583605766296387,32,0,True,0.990990990990991,0.5765765765765766,441.2252252252253,439.7909090909091,,765.25,445.2363636363637,1.3067624959163673,2.245998039856256,4,20,12,16.0,4,1054.0032377428306,248.72454921824044,-0.7830512085344894,canister_0
afar,0,260,43,133,98,15,49073,40139,8934,599,4,12,0.7817490100860596,0.6066750884056091,0.8991608619689941,0.050000000745058,0.3987453579902649,32,0,True,0.7368421052631579,0.3233082706766917,368.96992481203006,409.5816326530612,595.6,1141.2325581395348,500.7448979591837,0.8762455932997779,1.99702484054368,4,24,2,10.75,4,1054.0032377428306,248.72454921824044,0.2365515458466139,beer_can_1
afar,0,261,68,120,113,5,48387,45668,2719,599,4,18,0.7748258113861084,0.5634788274765015,0.6558600664138794,0.050000000745058,0.7663421034812927,32,0,True,0.9416666666666668,0.5666666666666667,403.225,404.141592920354,543.8,711.5735294117648,428.2035398230088,1.4053361440056211,2.335338004009341,3,26,0,17.0,4,1054.0032377428306,248.72454921824044,-0.928612953547432,bottle_2
afar,0,262,45,109,107,1,48706,47842,864,599,4,6,0.4866043627262115,0.6248949766159058,0.6868224143981934,0.050000000745058,0.4500312209129333,32,0,True,0.981651376146789,0.4128440366972477,446.8440366972477,447.1214953271028,864.0,1082.3555555555556,455.196261682243,0.9239108118096332,2.1968545969695725,4,21,2,11.25,4,1054.0032377428306,248.72454921824044,0.0768868148511677,aerosol_can_1
afar,0,263,39,110,108,1,49127,47929,1198,599,4,22,0.7956775426864624,0.5018887519836426,1.0448262691497805,0.050000000745058,0.5331262350082397,32,0,True,0.9818181818181818,0.3545454545454545,446.6090909090909,443.787037037037,1198.0,1259.6666666666667,454.8796296296296,0.793860809738026,2.198383780812995,4,21,1,9.75,4,1054.0032377428306,248.72454921824044,0.5577253361002545,candy_cane_1
afar,0,264,73,117,112,3,48364,46480,1884,599,4,8,0.6494945287704468,0.5968264937400818,1.1209760904312134,0.050000000745058,0.2012643963098526,32,0,True,0.9572649572649572,0.6239316239316239,413.36752136752136,415.0,628.0,662.5205479452055,431.82142857142856,1.5093871474650566,2.3157720618641964,4,26,1,18.25,4,1054.0032377428306,248.72454921824044,-1.0616365577842743,bandage_4
afar,0,265,62,103,98,2,48069,46801,1268,599,4,13,0.4671478271484375,0.5211849212646484,0.7552763223648071,0.050000000745058,0.2250714302062988,32,0,True,0.9514563106796116,0.6019417475728155,466.68932038834953,477.5612244897959,634.0,775.3064516129032,490.5,1.289812561110071,2.038735983690112,4,23,9,15.5,4,1054.0032377428306,248.72454921824044,-0.7557797685651622,beer_can_4
afar,0,266,43,121,114,6,48634,45641,2993,599,4,4,0.7094825506210327,0.5457595586776733,1.1628611087799072,0.050000000745058,0.204983577132225,32,0,True,0.9421487603305784,0.3553719008264462,401.9338842975207,400.359649122807,498.8333333333333,1131.0232558139537,426.6140350877193,0.8841551178188098,2.344039149566147,3,21,0,10.75,4,1054.0032377428306,248.72454921824044,0.2088655999267264,Tabasco_sauce_2
afar,0,267,66,106,104,2,48443,47612,831,579,4,13,0.4506851136684418,0.6452590823173523,0.6847897171974182,0.050000000745058,0.6051064133644104,32,0,True,0.981132075471698,0.6226415094339622,457.00943396226415,457.8076923076923,415.5,733.9848484848485,465.7980769230769,1.3624259438928226,2.1468530024977808,4,22,13,16.5,4,1054.0032377428306,248.72454921824044,-0.8678371484959925,beer_can_4
afar,0,268,45,128,119,2,49148,46094,3054,599,4,22,0.7847857475280762,0.519887387752533,0.6131640076637268,0.050000000745058,0.7018556594848633,32,0,True,0.9296875,0.3515625,383.96875,387.3445378151261,1527.0,1092.1777777777777,413.00840336134456,0.9156018556197608,2.4212582404167007,4,20,1,11.25,4,1054.0032377428306,248.72454921824044,0.1035230633023638,candy_cane_1
afar,0,269,59,113,111,1,48962,48916,46,590,4,1,0.4714241921901703,0.6033485531806946,1.0615978240966797,0.050000000745058,0.3324447870254516,32,0,True,0.9823008849557522,0.5221238938053098,433.2920353982301,440.6846846846847,46.0,829.8644067796611,441.0990990990991,1.2050161349618072,2.2670642539111965,4,20,9,14.75,4,1054.0032377428306,248.72454921824044,-0.6078275826002414,Dixie_cup_0
afar,0,270,45,130,120,7,49229,47301,1928,513,4,31,0.6565656065940857,0.6399255394935608,1.154254913330078,0.050000000745058,0.6324294209480286,32,0,True,0.9230769230769232,0.3461538461538461,378.68461538461537,394.175,275.42857142857144,1093.977777777778,410.2416666666667,0.9140953503016516,2.437587600804404,4,21,2,11.25,4,1054.0032377428306,248.72454921824044,0.1084043667515654,cider_0
afar,0,271,49,116,112,1,49333,47919,1414,599,4,15,0.6609000563621521,0.6978524923324585,0.6382707953453064,0.050000000745058,0.796394407749176,32,0,True,0.9655172413793104,0.4224137931034483,425.2844827586207,427.8482142857143,1414.0,1006.795918367347,440.4732142857143,0.9932499543915836,2.270285610037906,4,17,6,12.25,4,1054.0032377428306,248.72454921824044,-0.1280184727194938,bolt_1
afar,0,272,59,112,108,3,48826,46430,2396,599,4,3,0.6475715637207031,0.5196233987808228,0.6932653188705444,0.050000000745058,0.5727222561836243,32,0,True,0.9642857142857144,0.5267857142857143,435.94642857142856,429.9074074074074,798.6666666666666,827.5593220338983,452.0925925925926,1.208372588375046,2.211936263466186,4,22,10,14.75,4,1054.0032377428306,248.72454921824044,-0.6140785926670153,Dixie_cup_4
afar,0,273,70,133,119,8,48922,46045,2877,599,4,22,0.7658844590187073,0.5052599310874939,1.181849241256714,0.050000000745058,0.5121464133262634,32,0,True,0.8947368421052632,0.5263157894736842,367.83458646616543,386.93277310924367,359.625,698.8857142857142,411.109243697479,1.4308491067413434,2.432443481460284,4,20,12,17.5,4,1054.0032377428306,248.72454921824044,-0.9630202178461084,candy_cane_1
afar,0,274,54,113,107,4,49017,47163,1854,599,4,25,0.516930103302002,0.6503304243087769,0.8028030395507812,0.050000000745058,0.4246552586555481,32,0,True,0.9469026548672568,0.4778761061946903,433.7787610619469,440.77570093457945,463.5,907.7222222222222,458.1028037383177,1.1016586082379582,2.1829161311381764,4,21,1,13.5,4,1054.0032377428306,248.72454921824044,-0.3966900142296632,canister_2
afar,0,275,80,124,117,5,48992,47703,1289,599,4,5,0.5155659317970276,0.5463839769363403,0.6029142737388611,0.050000000745058,0.550523042678833,32,0,True,0.9435483870967742,0.6451612903225806,395.0967741935484,407.71794871794873,257.8,612.4,418.7350427350427,1.6329196603527107,2.38814500326584,4,21,19,20.0,4,1054.0032377428306,248.72454921824044,-1.1975552264291542,Tabasco_sauce_4
afar,0,276,55,97,97,0,48927,48927,0,581,4,9,0.4266857206821441,0.6613146066665649,0.8523074984550476,0.050000000745058,0.7287423610687256,32,0,True,1.0,0.5670103092783505,504.4020618556701,504.4020618556701,,889.5818181818182,504.4020618556701,1.1241236944836184,1.982545424816564,4,22,4,13.75,4,1054.0032377428306,248.72454921824044,-0.4458838013476224,bear_0
afar,0,277,60,115,111,4,49059,47073,1986,599,4,8,0.5917920470237732,0.6421031355857849,1.1182420253753662,0.050000000745058,0.6918635368347168,32,0,True,0.9652173913043478,0.5217391304347826,426.6,424.0810810810811,496.5,817.65,441.97297297297297,1.2230171833914267,2.26258178927414,4,24,5,15.0,4,1054.0032377428306,248.72454921824044,-0.6409510414577446,bandage_4
afar,0,278,50,115,111,3,48613,48230,383,530,4,11,0.5052558779716492,0.5586823225021362,0.9199103116989136,0.050000000745058,0.2076577097177505,32,0,True,0.9652173913043478,0.4347826086956521,422.7217391304348,434.5045045045045,127.66666666666669,972.26,437.9549549549549,1.0285314627774464,2.283339847365931,4,24,2,12.5,4,1054.0032377428306,248.72454921824044,-0.2216741935238607,beer_bottle_3
afar,0,279,29,135,118,12,49705,45958,3747,599,4,13,0.6080138683319092,0.6965961456298828,0.6966911554336548,0.050000000745058,0.6149681210517883,32,3,False,0.8740740740740741,0.2148148148148148,368.1851851851852,389.4745762711864,312.25,1713.9655172413793,421.228813559322,0.5834423096267981,2.374006639171109,3,18,0,7.25,4,1054.0032377428306,248.72454921824044,1.7897089729216245,beer_can_4
afar,0,280,64,114,106,4,48545,47340,1205,599,4,13,0.5590003132820129,0.6948577165603638,0.8777185678482056,0.050000000745058,0.3452680110931396,32,0,True,0.9298245614035088,0.5614035087719298,425.8333333333333,446.6037735849056,301.25,758.515625,457.97169811320754,1.3183644041610876,2.1835410443918013,4,24,4,16.0,4,1054.0032377428306,248.72454921824044,-0.8013137240432193,beer_can_4
afar,0,281,26,106,97,2,49089,44184,4905,599,4,26,0.6663587093353271,0.5487199425697327,1.0744240283966064,0.050000000745058,0.7343993186950684,32,6,False,0.9150943396226416,0.2452830188679245,463.1037735849056,455.50515463917526,2452.5,1888.0384615384608,506.0721649484536,0.5296502271384628,1.9760027704781111,4,11,1,6.5,4,1054.0032377428306,248.72454921824044,2.2617661192604843,canister_3
afar,0,282,68,156,143,8,49270,47423,1847,503,4,27,0.7730152606964111,0.6841625571250916,0.8390854001045227,0.050000000745058,0.2892475128173828,32,0,True,0.9166666666666666,0.4358974358974359,315.8333333333333,331.6293706293706,230.875,724.5588235294117,344.54545454545456,1.3801501928151003,2.9023746701846966,4,23,9,17.0,4,1054.0032377428306,248.72454921824044,-0.8933989752333424,chalice_2
afar,0,283,71,135,99,34,49131,38476,10655,599,4,25,0.6590156555175781,0.5953148603439331,1.1635260581970217,0.050000000745058,0.2120185494422912,32,0,True,0.7333333333333333,0.5259259259259259,363.9333333333333,388.6464646464647,313.38235294117646,691.9859154929577,496.27272727272725,1.4451161181331542,2.015021066129328,4,20,16,17.75,4,1054.0032377428306,248.72454921824044,-0.9817313354271509,canister_2
afar,0,284,17,114,109,0,49245,48204,1041,590,4,10,0.5355719327926636,0.6506258249282837,0.6910825967788696,0.050000000745058,0.6544902920722961,32,15,False,0.956140350877193,0.1491228070175438,431.9736842105263,442.2385321100917,,2896.764705882353,451.7889908256881,0.3452127119504518,2.213422682505838,4,8,1,4.25,4,1054.0032377428306,248.72454921824044,4.997265505824689,beer_bottle_0
afar,0,285,72,117,113,3,49194,48222,972,599,4,21,0.5018607378005981,0.6842600107192993,0.7929204702377319,0.050000000745058,0.4014806747436523,32,0,True,0.9658119658119658,0.6153846153846154,420.46153846153845,426.7433628318584,324.0,683.25,435.34513274336285,1.4635931211123308,2.2970280928568525,4,23,10,18.0,4,1054.0032377428306,248.72454921824044,-1.0054216989980975,candle_holder_4
afar,0,286,62,102,96,4,49341,46324,3017,599,4,6,0.4255693852901459,0.596453070640564,1.0321426391601562,0.050000000745058,0.5027362704277039,32,0,True,0.9411764705882352,0.6078431372549019,483.7352941176471,482.5416666666667,754.25,795.8225806451613,513.96875,1.2565614803104923,1.945643582416246,4,22,4,15.5,4,1054.0032377428306,248.72454921824044,-0.7001434066710412,aerosol_can_1
afar,0,287,57,132,123,8,48653,45573,3080,599,4,23,0.7682893872261047,0.5045865178108215,1.136120319366455,0.050000000745058,0.4656393527984619,32,0,True,0.9318181818181818,0.4318181818181818,368.5833333333333,370.5121951219512,385.0,853.561403508772,395.5528455284553,1.1715618769654492,2.528107208188601,4,25,1,14.25,4,1054.0032377428306,248.72454921824044,-0.5435652315616206,canister_0
afar,0,288,34,118,111,2,48788,46840,1948,599,4,29,0.5621119737625122,0.6141442656517029,0.7343480587005615,0.050000000745058,0.5292994379997253,32,0,True,0.940677966101695,0.288135593220339,413.457627118644,421.981981981982,974.0,1434.9411764705883,439.5315315315315,0.6968926785275068,2.2751496269574485,4,17,1,8.5,4,1054.0032377428306,248.72454921824044,1.0330409301352126,chicken_(animal)_2
afar,0,289,59,136,109,21,48715,42312,6403,599,4,12,0.6403710246086121,0.5024222731590271,0.7077825665473938,0.050000000745058,0.411484956741333,32,0,True,0.8014705882352942,0.4338235294117647,358.1985294117647,388.1834862385321,304.9047619047619,825.6779661016949,446.9266055045872,1.211125936569845,2.2375038489171715,4,24,4,14.75,4,1054.0032377428306,248.72454921824044,-0.619180520000926,beer_can_1
afar,0,290,43,102,99,2,49006,47384,1622,599,4,28,0.6073982119560242,0.6628807783126831,0.9786007404327391,0.050000000745058,0.550987958908081,32,0,True,0.9705882352941176,0.4215686274509804,480.4509803921569,478.6262626262626,811.0,1139.6744186046512,495.010101010101,0.8774435783373464,2.020160796637146,4,19,3,10.75,4,1054.0032377428306,248.72454921824044,0.2323261281321895,chalice_4
afar,0,291,73,112,109,2,48750,47164,1586,599,4,4,0.4725465774536133,0.6144647002220154,1.1915881633758545,0.050000000745058,0.3623411655426025,32,0,True,0.9732142857142856,0.6517857142857143,435.2678571428572,432.697247706422,793.0,667.8082191780821,447.2477064220183,1.4974358974358974,2.235897435897436,4,25,8,18.25,4,1054.0032377428306,248.72454921824044,-1.0472972645468954,Tabasco_sauce_2
afar,0,292,91,146,127,17,49451,44908,4543,599,4,4,0.7126362919807434,0.6872791051864624,1.133888602256775,0.050000000745058,0.6944560408592224,32,0,True,0.8698630136986302,0.6232876712328768,338.7054794520548,353.6062992125984,267.2352941176471,543.4175824175824,389.3779527559056,1.8402054559058465,2.5681988230773896,4,28,17,22.75,4,1054.0032377428306,248.72454921824044,-1.3846241780287596,Tabasco_sauce_2
afar,0,293,82,123,119,3,49718,48508,1210,599,4,16,0.7120837569236755,0.549230694770813,1.0364515781402588,0.050000000745058,0.619806706905365,32,0,True,0.967479674796748,0.6666666666666666,404.2113821138211,407.6302521008403,403.3333333333333,606.3170731707318,417.7983193277311,1.6493020636389235,2.3934993362564865,4,26,13,20.5,4,1054.0032377428306,248.72454921824044,-1.214051121825235,boom_microphone_1
afar,0,294,31,116,90,21,48829,39206,9623,599,4,2,0.6100720167160034,0.561103343963623,0.7300958037376404,0.050000000745058,0.3270183205604553,32,1,False,0.7758620689655172,0.2672413793103448,420.9396551724138,435.6222222222222,458.2380952380952,1575.1290322580646,542.5444444444445,0.6348686231542731,1.8431669704478888,3,15,0,7.75,4,1054.0032377428306,248.72454921824044,1.4132072990193916,Dixie_cup_3
afar,0,295,33,107,99,4,48817,45763,3054,599,4,0,0.4863422214984894,0.5620002150535583,0.9624890089035034,0.050000000745058,0.4385770559310913,32,0,True,0.9252336448598132,0.308411214953271,456.233644859813,462.2525252525252,763.5,1479.3030303030305,493.1010101010101,0.6759940184771699,2.0279820554315093,4,18,1,8.25,4,1054.0032377428306,248.72454921824044,1.1533429690936885,Band_Aid_0
afar,0,296,34,99,92,0,48590,44397,4193,599,4,18,0.5150187015533447,0.5980001091957092,1.1591238975524902,0.050000000745058,0.4995003342628479,32,0,True,0.9292929292929292,0.3434343434343434,490.8080808080808,482.57608695652175,,1429.1176470588234,528.1521739130435,0.6997324552377032,1.8933937024079028,3,19,0,8.5,4,1054.0032377428306,248.72454921824044,1.0172484777995614,bottle_2
afar,0,297,28,114,109,1,48187,47764,423,554,4,27,0.6027542352676392,0.6293143630027771,0.751200795173645,0.050000000745058,0.4943186044692993,32,4,False,0.956140350877193,0.2456140350877192,422.6929824561403,438.2018348623853,423.0,1720.9642857142858,442.0825688073394,0.5810695830825742,2.2620208770000207,3,12,0,7.0,4,1054.0032377428306,248.72454921824044,1.8086884799699348,chalice_2
afar,0,298,28,109,106,2,48833,47183,1650,599,4,7,0.4857325553894043,0.6666977405548096,1.0534582138061523,0.050000000745058,0.7351584434509277,32,4,False,0.9724770642201837,0.2568807339449541,448.0091743119266,445.122641509434,825.0,1744.0357142857142,460.688679245283,0.573382753465894,2.170663280978028,4,15,1,7.0,4,1054.0032377428306,248.72454921824044,1.8712543932275525,atomizer_0
afar,0,299,64,101,97,4,48296,46077,2219,599,4,17,0.4884083569049835,0.5328909754753113,0.618961751461029,0.050000000745058,0.3863081932067871,32,0,True,0.9603960396039604,0.6336633663366337,478.1782178217822,475.020618556701,554.75,754.625,497.89690721649487,1.3251615040583071,2.008447904588372,4,22,7,16.0,4,1054.0032377428306,248.72454921824044,-0.8118644580610239,bottle_0
afar,0,300,59,117,110,4,49300,46763,2537,599,4,5,0.5701665878295898,0.5359821319580078,0.852756142616272,0.050000000745058,0.6446186304092407,32,0,True,0.9401709401709402,0.5042735042735043,421.36752136752136,425.1181818181818,634.25,835.5932203389831,448.1818181818182,1.1967545638945234,2.231237322515213,4,27,1,14.75,4,1054.0032377428306,248.72454921824044,-0.5922919840519364,Tabasco_sauce_4
afar,0,301,26,109,109,0,48303,48303,0,554,4,27,0.5424098968505859,0.5063090920448303,1.1075377464294434,0.050000000745058,0.286831259727478,32,6,False,1.0,0.2385321100917431,443.1467889908257,443.1467889908257,,1857.8076923076924,443.1467889908257,0.5382688445852224,2.256588617684202,4,10,2,6.5,4,1054.0032377428306,248.72454921824044,2.179785253639285,chalice_2
afar,0,302,25,125,117,3,49094,47346,1748,599,4,1,0.6490961313247681,0.5015463829040527,0.6261699199676514,0.050000000745058,0.5007991194725037,32,7,False,0.936,0.2,392.752,404.6666666666667,582.6666666666666,1963.76,419.6068376068376,0.509227196806127,2.3831832810526743,2,15,0,6.25,4,1054.0032377428306,248.72454921824044,2.46711045641111,Dixie_cup_0
afar,0,303,47,108,107,0,49197,48598,599,599,4,18,0.5474308729171753,0.5607877969741821,0.8813720941543579,0.050000000745058,0.3059907257556915,32,0,True,0.9907407407407408,0.4351851851851852,455.52777777777777,454.1869158878505,,1046.7446808510638,459.785046728972,0.9553428054556172,2.174929365611724,4,17,7,11.75,4,1054.0032377428306,248.72454921824044,-0.0196840104400023,bottle_2
afar,0,304,73,127,127,0,49666,49666,0,513,4,23,0.573487401008606,0.5966500043869019,0.6129344701766968,0.050000000745058,0.4471137225627899,32,0,True,1.0,0.5748031496062992,391.07086614173227,391.07086614173227,,680.3561643835617,391.07086614173227,1.4698183868239842,2.55708130310474,4,31,4,18.25,4,1054.0032377428306,248.72454921824044,-1.013269304429176,canister_0
afar,0,305,18,106,102,0,48636,46822,1814,599,4,29,0.5236636996269226,0.5488556027412415,1.1355479955673218,0.050000000745058,0.6060283184051514,32,14,False,0.9622641509433962,0.1698113207547169,458.8301886792453,459.0392156862745,,2702.0,476.8235294117647,0.3700962250185048,2.097211941771527,4,8,2,4.5,4,1054.0032377428306,248.72454921824044,4.469095711043478,chicken_(animal)_2
afar,0,306,43,93,80,2,49627,41840,7787,599,4,23,0.4172278940677643,0.5075952410697937,0.7743837833404541,0.050000000745058,0.4322600364685058,32,0,True,0.8602150537634409,0.4623655913978494,533.6236559139785,523.0,3893.5,1154.1162790697674,620.3375,0.8664638200979305,1.6120257118101031,4,22,2,10.75,4,1054.0032377428306,248.72454921824044,0.2714900744106636,canister_0
afar,0,307,31,114,105,5,48633,43944,4689,599,4,16,0.7744253873825073,0.6136937141418457,0.874448299407959,0.050000000745058,0.7484403252601624,32,1,False,0.9210526315789472,0.2719298245614035,426.60526315789474,418.5142857142857,937.8,1568.8064516129032,463.1714285714286,0.637427261324615,2.1590278206156315,4,25,1,7.75,4,1054.0032377428306,248.72454921824044,1.396061501957681,boom_microphone_1
afar,0,308,60,122,116,4,48864,47815,1049,575,4,29,0.6381564736366272,0.6775752305984497,0.7184953093528748,0.050000000745058,0.4371789991855621,32,0,True,0.9508196721311476,0.4918032786885246,400.5245901639344,412.19827586206895,262.25,814.4,421.2413793103448,1.2278978388998036,2.3739358218729536,4,26,2,15.0,4,1054.0032377428306,248.72454921824044,-0.6497645060188022,chicken_(animal)_2
afar,0,309,67,147,139,6,49840,47409,2431,599,4,30,0.778844952583313,0.5636922121047974,0.9524370431900024,0.050000000745058,0.6573140025138855,32,0,True,0.9455782312925172,0.4557823129251701,339.04761904761904,341.0719424460432,405.1666666666667,743.8805970149253,358.56115107913666,1.3443017656500802,2.78892455858748,4,20,13,16.75,4,1054.0032377428306,248.72454921824044,-0.8410015088113861,chocolate_milk_4
afar,0,310,42,115,111,2,48704,48389,315,530,4,5,0.5677677989006042,0.561273455619812,1.04175066947937,0.050000000745058,0.4732471704483032,32,0,True,0.9652173913043478,0.3652173913043478,423.5130434782609,435.93693693693695,157.5,1159.6190476190477,438.7747747747748,0.8623521681997371,2.27907358738502,4,23,4,10.5,4,1054.0032377428306,248.72454921824044,0.2864126761327512,Tabasco_sauce_4
afar,0,311,35,106,100,4,48632,46306,2326,599,4,4,0.5497374534606934,0.5543196201324463,0.8604265451431274,0.050000000745058,0.2824804186820984,32,0,True,0.9433962264150944,0.330188679245283,458.7924528301887,463.06,581.5,1389.4857142857145,486.32,0.7196907386083238,2.056259253166639,3,20,0,8.75,4,1054.0032377428306,248.72454921824044,0.9097732054974024,Tabasco_sauce_2
afar,0,312,61,101,96,0,48898,45903,2995,599,4,23,0.4119787812232971,0.5355768203735352,0.8027399778366089,0.050000000745058,0.5755718350410461,32,0,True,0.9504950495049505,0.6039603960396039,484.13861386138615,478.15625,,801.6065573770492,509.3541666666667,1.2474947850627838,1.9632704814102824,4,24,6,15.25,4,1054.0032377428306,248.72454921824044,-0.6844582146868949,canister_0
afar,0,313,11,108,106,0,48748,47550,1198,599,4,5,0.5240778923034668,0.5784991979598999,0.916940987110138,0.050000000745058,0.3922252655029297,32,21,False,0.9814814814814816,0.1018518518518518,451.3703703703704,448.5849056603773,,4431.636363636364,459.8867924528302,0.2256502830885369,2.174448182489538,3,6,0,2.75,4,1054.0032377428306,248.72454921824044,9.159584570866771,Tabasco_sauce_4
afar,0,314,52,114,113,1,48528,47929,599,599,4,15,0.7311544418334961,0.5838224291801453,0.636548638343811,0.050000000745058,0.6540254950523376,32,0,True,0.9912280701754386,0.4561403508771929,425.6842105263158,424.1504424778761,599.0,933.2307692307692,429.4513274336283,1.071546323771843,2.328552588196505,4,22,3,13.0,4,1054.0032377428306,248.72454921824044,-0.3275150372869239,bolt_1
afar,0,315,61,99,96,1,49094,47551,1543,599,4,13,0.4041108787059784,0.691047728061676,0.6630399227142334,0.050000000745058,0.4029318392276764,32,0,True,0.9696969696969696,0.6161616161616161,495.8989898989899,495.3229166666667,1543.0,804.8196721311475,511.3958333333333,1.24251436020695,1.955432435735528,4,22,5,15.25,4,1054.0032377428306,248.72454921824044,-0.675744776835862,beer_can_4
afar,0,316,61,100,96,1,48871,46730,2141,599,4,24,0.5300469398498535,0.6969674825668335,1.1330652236938477,0.050000000745058,0.2778435349464416,32,0,True,0.96,0.61,488.71,486.7708333333333,2141.0,801.1639344262295,509.0729166666667,1.248183994598023,1.964355139039512,4,25,2,15.25,4,1054.0032377428306,248.72454921824044,-0.6856585352071903,canister_1
afar,0,317,62,117,112,2,49013,46018,2995,599,4,28,0.7218518257141113,0.5368314385414124,0.9939504861831664,0.050000000745058,0.768265962600708,32,0,True,0.9572649572649572,0.5299145299145299,418.9145299145299,410.875,1497.5,790.5322580645161,437.6160714285714,1.26497051802583,2.285108032562789,4,32,2,15.5,4,1054.0032377428306,248.72454921824044,-0.7144898899267581,chalice_4
afar,0,318,35,116,112,2,48846,48249,597,532,4,1,0.7152690887451172,0.6752898693084717,1.0866336822509766,0.050000000745058,0.2024248987436294,32,0,True,0.9655172413793104,0.3017241379310345,421.0862068965517,430.7946428571428,298.5,1395.6,436.125,0.7165376898824878,2.292920607623961,4,16,3,8.75,4,1054.0032377428306,248.72454921824044,0.92635414102326,Dixie_cup_0
afar,0,319,46,121,117,2,49455,48261,1194,599,4,4,0.6738491058349609,0.6389825344085693,0.6377967596054077,0.050000000745058,0.5459956526756287,32,0,True,0.9669421487603306,0.3801652892561983,408.7190082644628,412.4871794871795,597.0,1075.108695652174,422.6923076923077,0.9301385097563442,2.3657870791628755,4,28,1,11.5,4,1054.0032377428306,248.72454921824044,0.057234524716582,Tabasco_sauce_2
afar,0,320,40,106,92,9,48486,42772,5714,599,4,2,0.5604109764099121,0.5390897393226624,1.1382004022598269,0.050000000745058,0.7899973392486572,32,0,True,0.8679245283018868,0.3773584905660377,457.4150943396226,464.9130434782609,634.8888888888889,1212.15,527.0217391304348,0.8249804067153406,1.8974549354452832,4,18,4,10.0,4,1054.0032377428306,248.72454921824044,0.4288679644921759,Dixie_cup_3
afar,0,321,59,114,110,3,49164,47216,1948,599,4,26,0.5848568677902222,0.5130635499954224,0.6445741653442383,0.050000000745058,0.3052019476890564,32,0,True,0.9649122807017544,0.5175438596491229,431.2631578947368,429.2363636363637,649.3333333333334,833.2881355932203,446.94545454545454,1.2000650882759742,2.237409486616224,4,18,13,14.75,4,1054.0032377428306,248.72454921824044,-0.5985429941187103,canister_3
afar,0,322,85,116,116,0,49220,49220,0,594,4,1,0.562018632888794,0.6054370403289795,0.8656309843063354,0.050000000745058,0.2066947966814041,32,0,True,1.0,0.7327586206896551,424.3103448275862,424.3103448275862,,579.0588235294117,424.3103448275862,1.7269402681836652,2.356765542462413,4,27,11,21.25,4,1054.0032377428306,248.72454921824044,-1.2879710040437693,Dixie_cup_0
afar,0,323,53,107,95,5,49352,42941,6411,599,4,21,0.5262719392776489,0.5112285017967224,0.7237028479576111,0.050000000745058,0.709540605545044,32,0,True,0.8878504672897196,0.4953271028037383,461.233644859813,452.0105263157895,1282.2,931.1698113207548,519.4947368421052,1.073917976981683,1.9249473172313176,4,18,7,13.25,4,1054.0032377428306,248.72454921824044,-0.3331040155951532,candle_holder_4
afar,0,324,34,127,118,5,48886,46684,2202,599,4,25,0.6834648847579956,0.5968168377876282,0.8349617719650269,0.050000000745058,0.5357316136360168,32,0,True,0.9291338582677166,0.2677165354330709,384.9291338582677,395.6271186440678,440.4,1437.8235294117646,414.2881355932203,0.6954956429243546,2.413778996031584,4,13,1,8.5,4,1054.0032377428306,248.72454921824044,1.0408573964427563,canister_2
afar,0,325,33,117,111,4,49025,48367,658,597,4,29,0.5318794250488281,0.6517662405967712,0.8460990786552429,0.050000000745058,0.7016264200210571,32,0,True,0.9487179487179488,0.282051282051282,419.017094017094,435.73873873873873,164.5,1485.6060606060605,441.6666666666667,0.6731259561448241,2.2641509433962264,4,25,1,8.25,4,1054.0032377428306,248.72454921824044,1.170435748848467,chicken_(animal)_2
afar,0,326,54,109,104,1,48919,47077,1842,599,4,28,0.4876438975334167,0.5843924283981323,0.9293345808982848,0.050000000745058,0.5637750029563904,32,0,True,0.9541284403669724,0.4954128440366973,448.79816513761466,452.6634615384616,1842.0,905.9074074074074,470.375,1.103865573703469,2.125963327132607,4,22,3,13.5,4,1054.0032377428306,248.72454921824044,-0.4016114930158948,chalice_4
afar,0,327,68,121,119,2,48792,47816,976,584,4,5,0.6453720927238464,0.584407389163971,0.6798426508903503,0.050000000745058,0.5066306591033936,32,0,True,0.9834710743801652,0.5619834710743802,403.2396694214876,401.8151260504202,488.0,717.5294117647059,410.016806722689,1.3936710936219052,2.4389244138383344,4,25,5,17.0,4,1054.0032377428306,248.72454921824044,-0.9124615818405168,Tabasco_sauce_4
afar,0,328,52,104,99,2,48918,47088,1830,599,4,15,0.4554388225078583,0.6683615446090698,0.6961634159088135,0.050000000745058,0.6058558225631714,32,0,True,0.9519230769230768,0.5,470.36538461538464,475.6363636363636,915.0,940.7307692307692,494.1212121212121,1.0630033934339098,2.023794922114559,4,18,8,13.0,4,1054.0032377428306,248.72454921824044,-0.3071762729152524,bolt_1
afar,0,329,47,112,104,6,48634,46793,1841,599,4,31,0.5573170185089111,0.5412197709083557,0.8395186066627502,0.050000000745058,0.202968418598175,32,0,True,0.9285714285714286,0.4196428571428571,434.2321428571428,449.9326923076923,306.8333333333333,1034.7659574468084,467.63461538461536,0.9664021055228852,2.138421680305959,4,19,1,11.75,4,1054.0032377428306,248.72454921824044,-0.0521683348123458,cider_0
afar,0,330,56,129,128,1,49972,49958,14,518,4,15,0.7022027373313904,0.5933555960655212,0.7634475231170654,0.050000000745058,0.6283008456230164,32,0,True,0.992248062015504,0.4341085271317829,387.37984496124034,390.296875,14.0,892.3571428571429,390.40625,1.1206275514288002,2.561434403265829,4,25,2,14.0,4,1054.0032377428306,248.72454921824044,-0.4383575780641138,bolt_1
afar,0,331,74,130,121,4,49297,47143,2154,599,4,21,0.6747459173202515,0.6981668472290039,0.9765599966049194,0.050000000745058,0.3787347972393036,32,0,True,0.9307692307692308,0.5692307692307692,379.2076923076923,389.6115702479339,538.5,666.1756756756756,407.4132231404959,1.5011055439479075,2.4545104164553626,4,29,6,18.5,4,1054.0032377428306,248.72454921824044,-1.0517244535631554,candle_holder_4
afar,0,332,61,127,123,3,48810,48263,547,511,4,7,0.7702676057815552,0.6164435148239136,0.9154574275016784,0.050000000745058,0.3158527612686157,32,0,True,0.968503937007874,0.4803149606299212,384.3307086614173,392.3821138211382,182.3333333333333,800.1639344262295,396.8292682926829,1.2497439049375128,2.519975414874001,4,29,1,15.25,4,1054.0032377428306,248.72454921824044,-0.6883703704567465,atomizer_0
afar,0,333,41,101,94,3,49071,47153,1918,599,4,21,0.4635906219482422,0.6399242281913757,1.0924110412597656,0.050000000745058,0.5814648866653442,32,0,True,0.9306930693069309,0.4059405940594059,485.8514851485148,501.6276595744681,639.3333333333334,1196.8536585365853,522.031914893617,0.8355240366000285,1.915591693668358,3,17,0,10.25,4,1054.0032377428306,248.72454921824044,0.3873868065224396,candle_holder_4
afar,0,334,72,122,111,8,49398,45795,3603,599,4,31,0.6017389297485352,0.5484747886657715,1.140398025512695,0.050000000745058,0.5099345445632935,32,0,True,0.9098360655737704,0.5901639344262295,404.9016393442623,412.5675675675676,450.375,686.0833333333334,445.02702702702703,1.4575488886189725,2.247054536620916,4,22,12,18.0,4,1054.0032377428306,248.72454921824044,-0.9977381657910216,cider_0
afar,0,335,33,99,89,3,49241,44973,4268,599,4,21,0.540939450263977,0.5343120098114014,1.0705289840698242,0.050000000745058,0.7563028931617737,32,0,True,0.898989898989899,0.3333333333333333,497.3838383838384,505.314606741573,1422.6666666666667,1492.1515151515152,553.2696629213483,0.6701732296257185,1.807436892020877,4,12,2,8.25,4,1054.0032377428306,248.72454921824044,1.1881859432091988,candle_holder_4
afar,0,336,41,98,96,0,49037,48415,622,599,4,21,0.4881366491317749,0.6942151188850403,1.1466150283813477,0.050000000745058,0.3287426233291626,32,0,True,0.979591836734694,0.4183673469387755,500.3775510204082,504.3229166666667,,1196.0243902439024,510.8020833333333,0.8361033505312315,1.957705406121908,4,17,5,10.25,4,1054.0032377428306,248.72454921824044,0.3851379675350029,candle_holder_4
afar,0,337,63,107,98,3,48992,46513,2479,599,4,9,0.4874893128871918,0.5009903311729431,1.0030224323272705,0.050000000745058,0.2490512728691101,32,0,True,0.9158878504672896,0.5887850467289719,457.8691588785047,474.6224489795918,826.3333333333334,777.6507936507936,499.9183673469388,1.2859242325277596,2.0003265839320705,4,20,13,15.75,4,1054.0032377428306,248.72454921824044,-0.7494222991897945,bear_0
afar,0,338,66,141,119,19,49480,45618,3862,599,4,11,0.6503872275352478,0.5352044701576233,0.9795318841934204,0.050000000745058,0.5324589014053345,32,0,True,0.8439716312056738,0.4680851063829787,350.92198581560285,383.3445378151261,203.26315789473685,749.6969696969697,415.7983193277311,1.333872271624899,2.40501212611156,4,23,6,16.5,4,1054.0032377428306,248.72454921824044,-0.8252284643476625,beer_bottle_3
afar,0,339,84,119,116,3,49467,48101,1366,599,4,8,0.6209249496459961,0.5927623510360718,1.039079189300537,0.050000000745058,0.5270062685012817,32,0,True,0.9747899159663864,0.7058823529411765,415.6890756302521,414.66379310344826,455.3333333333333,588.8928571428571,426.4396551724138,1.6981017648129055,2.344997675217822,4,25,14,21.0,4,1054.0032377428306,248.72454921824044,-1.2613027250455076,bandage_4
afar,0,340,35,107,100,4,48529,46638,1891,599,4,2,0.4979103207588196,0.564214289188385,0.8434804677963257,0.050000000745058,0.3414152264595032,32,0,True,0.9345794392523364,0.3271028037383177,453.5420560747664,466.38,472.75,1386.5428571428572,485.29,0.7212182406396176,2.060623544684621,3,19,0,8.75,4,1054.0032377428306,248.72454921824044,0.9017926617629944,Dixie_cup_3
afar,0,341,33,101,96,1,48505,46656,1849,599,4,31,0.4590280950069427,0.5494084358215332,1.0993950366973877,0.050000000745058,0.3916409015655517,32,0,True,0.9504950495049505,0.3267326732673267,480.2475247524753,486.0,1849.0,1469.8484848484848,505.2604166666667,0.6803422327595093,1.9791774043913,4,18,3,8.25,4,1054.0032377428306,248.72454921824044,1.1277037994615209,cider_0
afar,0,342,34,107,102,5,48514,47265,1249,599,4,28,0.4342943727970123,0.5317153930664062,0.9830079674720764,0.050000000745058,0.7400863170623779,32,0,True,0.9532710280373832,0.3177570093457944,453.4018691588785,463.38235294117646,249.8,1426.8823529411766,475.62745098039215,0.7008286267881436,2.102485880364431,4,13,6,8.5,4,1054.0032377428306,248.72454921824044,1.011186728418201,chalice_4
afar,0,343,43,128,119,6,49307,47016,2291,599,4,27,0.7960129380226135,0.6568441987037659,1.0283410549163818,0.050000000745058,0.7454895973205566,32,0,True,0.9296875,0.3359375,385.2109375,395.0924369747899,381.8333333333333,1146.6744186046512,414.3445378151261,0.8720871275883749,2.413450422860852,4,19,2,10.75,4,1054.0032377428306,248.72454921824044,0.2513089748790829,chalice_2
afar,0,344,30,109,101,7,48167,44988,3179,599,4,2,0.5659109354019165,0.6152584552764893,1.1192225217819214,0.050000000745058,0.3571534156799316,32,2,False,0.926605504587156,0.2752293577981651,441.8990825688073,445.4257425742574,454.1428571428572,1605.5666666666666,476.9009900990099,0.6228330599788237,2.096871301928706,4,19,2,7.5,4,1054.0032377428306,248.72454921824044,1.4957491489217432,Dixie_cup_3
afar,0,345,48,118,109,5,48588,46911,1677,599,4,24,0.5537529587745667,0.5657795667648315,1.0935746431350708,0.050000000745058,0.4207498431205749,32,0,True,0.923728813559322,0.4067796610169492,411.7627118644068,430.3761467889908,335.4,1012.25,445.76146788990826,0.9878982464806124,2.2433522680497244,4,18,2,12.0,4,1054.0032377428306,248.72454921824044,-0.1132279018941083,canister_1
afar,0,346,59,110,102,6,48850,46896,1954,599,4,22,0.5264564156532288,0.6477888822555542,1.099340796470642,0.050000000745058,0.4113790094852447,32,0,True,0.9272727272727272,0.5363636363636364,444.09090909090907,459.7647058823529,325.6666666666667,827.9661016949152,478.921568627451,1.2077789150460594,2.0880245649948823,4,22,2,14.75,4,1054.0032377428306,248.72454921824044,-0.6129754732434669,candy_cane_1
afar,0,347,40,110,107,2,48813,47800,1013,599,4,30,0.4999668598175049,0.5344932675361633,0.7319504022598267,0.050000000745058,0.3810440897941589,32,0,True,0.9727272727272728,0.3636363636363636,443.7545454545455,446.7289719626168,506.5,1220.325,456.196261682243,0.8194538340196259,2.1920390060024992,4,24,2,10.0,4,1054.0032377428306,248.72454921824044,0.4510372176572977,chocolate_milk_4
afar,0,348,26,105,105,0,48551,48551,0,571,4,26,0.4170975685119629,0.5553812384605408,1.017953634262085,0.050000000745058,0.4813581705093384,32,6,False,1.0,0.2476190476190476,462.3904761904762,462.3904761904762,,1867.3461538461536,462.3904761904762,0.5355193507857716,2.162674301250232,4,11,2,6.5,4,1054.0032377428306,248.72454921824044,2.2056519898658213,canister_3
afar,0,349,59,102,99,1,48378,46838,1540,599,4,8,0.4825882017612457,0.6181086301803589,1.1715964078903198,0.050000000745058,0.5889314413070679,32,0,True,0.9705882352941176,0.5784313725490197,474.2941176470589,473.1111111111111,1540.0,819.9661016949152,488.6666666666667,1.2195626111042208,2.046384720327421,4,20,10,14.75,4,1054.0032377428306,248.72454921824044,-0.6346701552399167,bandage_4
afar,0,350,20,119,99,15,49324,41988,7336,599,4,2,0.7222456932067871,0.5039992928504944,1.099883794784546,0.050000000745058,0.3331229090690613,32,12,False,0.8319327731092437,0.1680672268907563,414.4873949579832,424.1212121212121,489.06666666666666,2466.2,498.22222222222223,0.4054821182385856,2.007136485280999,3,14,0,5.0,4,1054.0032377428306,248.72454921824044,3.829644959198125,Dixie_cup_3
afar,0,351,29,100,96,2,48463,47295,1168,599,4,7,0.643835186958313,0.5046241283416748,0.7997744679450989,0.050000000745058,0.4459328651428222,32,3,False,0.96,0.29,484.63,492.65625,584.0,1671.1379310344828,504.8229166666667,0.5983946515898727,1.9808926397457856,4,14,2,7.25,4,1054.0032377428306,248.72454921824044,1.6735676149923555,atomizer_0
afar,0,352,65,112,106,4,48519,47595,924,599,4,12,0.5294482707977295,0.5859060287475586,1.04646098613739,0.050000000745058,0.2262585461139679,32,0,True,0.9464285714285714,0.5803571428571429,433.2053571428572,449.00943396226415,231.0,746.4461538461538,457.7264150943397,1.339681361940683,2.184711144087883,4,20,10,16.25,4,1054.0032377428306,248.72454921824044,-0.8340441413617211,beer_can_1
afar,0,353,40,104,102,1,48817,48140,677,599,4,15,0.524417519569397,0.5693447589874268,1.0557366609573364,0.050000000745058,0.6882807016372681,32,0,True,0.9807692307692308,0.3846153846153846,469.3942307692308,471.9607843137255,677.0,1220.425,478.5980392156863,0.8193866890632362,2.089436057111252,4,21,1,10.0,4,1054.0032377428306,248.72454921824044,0.4513084011822531,bolt_1
afar,0,354,48,135,98,29,48537,38286,10251,599,4,12,0.7277628183364868,0.5360931158065796,0.8395305871963501,0.050000000745058,0.4216747879981994,32,0,True,0.725925925925926,0.3555555555555555,359.53333333333336,390.6734693877551,353.48275862068965,1011.1875,495.2755102040816,0.9889362754187528,2.0190782289799536,4,22,2,12.0,4,1054.0032377428306,248.72454921824044,-0.1161092268467617,beer_can_1
afar,0,355,49,144,124,19,49214,44123,5091,462,4,4,0.7441689372062683,0.6388928294181824,0.941742181777954,0.050000000745058,0.3054260015487671,32,0,True,0.8611111111111112,0.3402777777777778,341.7638888888889,355.8306451612903,267.94736842105266,1004.3673469387757,396.8870967741936,0.9956516438411834,2.51960824155728,4,21,6,12.25,4,1054.0032377428306,248.72454921824044,-0.1346043583255589,Tabasco_sauce_2
afar,0,356,66,147,130,13,48683,45334,3349,599,4,3,0.7926868796348572,0.529575765132904,0.7915507555007935,0.050000000745058,0.7849407196044922,32,0,True,0.8843537414965986,0.4489795918367347,331.17687074829934,348.7230769230769,257.61538461538464,737.6212121212121,374.4846153846154,1.3557093852063349,2.6703366678306595,3,26,0,16.5,4,1054.0032377428306,248.72454921824044,-0.8579759294066973,Dixie_cup_4
afar,0,357,14,113,105,2,49243,46153,3090,599,4,25,0.6583411693572998,0.5945822596549988,0.7201746106147766,0.050000000745058,0.6022287607192993,32,18,False,0.9292035398230089,0.1238938053097345,435.7787610619469,439.5523809523809,1545.0,3517.3571428571427,468.9809523809524,0.2843043681335418,2.132282761001564,3,6,0,3.5,4,1054.0032377428306,248.72454921824044,6.680209952020906,canister_2
afar,0,358,17,118,117,0,49165,48566,599,599,4,19,0.6966222524642944,0.5175691246986389,0.86296546459198,0.050000000745058,0.6643967032432556,32,15,False,0.9915254237288136,0.1440677966101695,416.6525423728813,415.0940170940171,,2892.058823529412,420.2136752136752,0.3457744330316282,2.379741686158853,2,14,0,4.25,4,1054.0032377428306,248.72454921824044,4.984503928179717,bottle_3
afar,0,359,42,113,107,1,49041,47961,1080,588,4,4,0.5839303731918335,0.5054576396942139,0.6982750296592712,0.050000000745058,0.7037038207054138,32,0,True,0.9469026548672568,0.3716814159292035,433.9911504424779,448.233644859813,1080.0,1167.642857142857,458.3271028037384,0.856426255582064,2.181847841601925,4,24,5,10.5,4,1054.0032377428306,248.72454921824044,0.3081719256351423,Tabasco_sauce_2
afar,0,360,21,97,91,0,48733,45139,3594,599,4,3,0.4830728769302368,0.5304684042930603,1.144637107849121,0.050000000745058,0.5989986658096313,32,11,False,0.9381443298969072,0.2164948453608247,502.4020618556701,496.032967032967,,2320.619047619048,535.5274725274726,0.4309195001333798,1.8673178339113128,3,11,0,5.25,4,1054.0032377428306,248.72454921824044,3.4348534008674974,Dixie_cup_4
afar,0,361,52,102,94,4,48654,46771,1883,599,4,22,0.4040636718273163,0.5292716026306152,0.7721199989318848,0.050000000745058,0.3398383259773254,32,0,True,0.9215686274509804,0.5098039215686274,477.0,497.56382978723406,470.75,935.6538461538462,517.5957446808511,1.0687713240432442,1.9320097011550952,4,17,6,13.0,4,1054.0032377428306,248.72454921824044,-0.3209440518745378,candy_cane_1
afar,0,362,57,137,121,10,49153,45721,3432,599,4,25,0.7218188643455505,0.6873036623001099,0.9293248653411864,0.050000000745058,0.221644639968872,32,0,True,0.8832116788321168,0.4160583941605839,358.7810218978102,377.8595041322314,343.2,862.3333333333334,406.22314049586777,1.1596443757247776,2.4617012186438263,4,20,7,14.25,4,1054.0032377428306,248.72454921824044,-0.5197772030567417,canister_2
afar,0,363,50,104,96,4,48300,44065,4235,599,4,21,0.5709306001663208,0.5238768458366394,1.0777491331100464,0.050000000745058,0.3837015628814697,32,0,True,0.9230769230769232,0.4807692307692308,464.4230769230769,459.0104166666667,1058.75,966.0,503.125,1.0351966873706004,1.9875776397515528,4,19,1,12.5,4,1054.0032377428306,248.72454921824044,-0.2386502821860825,candle_holder_4
afar,0,364,79,137,103,34,49428,40196,9232,556,4,25,0.6821691989898682,0.609427273273468,0.8389101624488831,0.050000000745058,0.414800763130188,32,0,True,0.7518248175182481,0.5766423357664233,360.7883211678832,390.252427184466,271.52941176470586,625.6708860759494,479.8834951456311,1.5982843732297485,2.083839119527393,4,24,14,19.75,4,1054.0032377428306,248.72454921824044,-1.16156676977555,canister_2
afar,0,365,51,114,106,8,49022,47014,2008,585,4,25,0.6098443269729614,0.6233243942260742,0.8308539986610413,0.050000000745058,0.4402070343494415,32,0,True,0.9298245614035088,0.4473684210526316,430.0175438596491,443.52830188679246,251.0,961.2156862745098,462.47169811320754,1.0403492309575293,2.162294480029374,4,24,4,12.75,4,1054.0032377428306,248.72454921824044,-0.2516245527918022,canister_2
afar,0,366,56,97,94,2,48842,47045,1797,599,4,26,0.4133358001708984,0.5997034311294556,0.662279486656189,0.050000000745058,0.6682758331298828,32,0,True,0.9690721649484536,0.5773195876288659,503.5257731958763,500.4787234042553,898.5,872.1785714285714,519.5957446808511,1.1465541951599034,1.9245731133041235,4,17,11,14.0,4,1054.0032377428306,248.72454921824044,-0.4930785393498014,canister_3
afar,0,367,49,100,97,1,48440,47458,982,599,4,3,0.5018810033798218,0.525130569934845,1.1322565078735352,0.050000000745058,0.2161814868450164,32,0,True,0.97,0.49,484.4,489.25773195876286,982.0,988.5714285714286,499.3814432989691,1.0115606936416186,2.0024772914946327,4,15,10,12.25,4,1054.0032377428306,248.72454921824044,-0.1774402865532426,Dixie_cup_4
afar,0,368,61,126,110,10,49558,45233,4325,599,4,11,0.656266450881958,0.589410126209259,1.1070820093154907,0.050000000745058,0.6529741883277893,32,0,True,0.873015873015873,0.4841269841269841,393.3174603174603,411.2090909090909,432.5,812.4262295081967,450.5272727272727,1.230880987933331,2.2196214536502685,4,20,11,15.25,4,1054.0032377428306,248.72454921824044,-0.6551170464130082,beer_bottle_3
afar,0,369,54,124,114,7,49664,45274,4390,599,4,17,0.55951988697052,0.6913751363754272,0.9602148532867432,0.050000000745058,0.6648427844047546,32,0,True,0.9193548387096774,0.4354838709677419,400.5161290322581,397.140350877193,627.1428571428571,919.7037037037036,435.64912280701753,1.087306701030928,2.2954252577319587,4,18,6,13.5,4,1054.0032377428306,248.72454921824044,-0.3641982104062768,bottle_0
afar,0,370,35,97,82,2,48681,40505,8176,599,4,18,0.406867504119873,0.615291953086853,0.7300686240196228,0.050000000745058,0.5280057191848755,32,0,True,0.845360824742268,0.3608247422680412,501.8659793814433,493.9634146341463,4088.0,1390.8857142857144,593.670731707317,0.718966331833775,1.6844354060105586,4,16,1,8.75,4,1054.0032377428306,248.72454921824044,0.9135697748467811,bottle_2
afar,0,371,66,107,106,0,48399,47800,599,599,4,16,0.6701319217681885,0.560256838798523,1.134721040725708,0.050000000745058,0.4400195181369781,32,0,True,0.9906542056074766,0.616822429906542,452.3271028037384,450.9433962264151,,733.3181818181819,456.5943396226415,1.363664538523523,2.1901278952044465,4,20,11,16.5,4,1054.0032377428306,248.72454921824044,-0.8696450386623632,boom_microphone_1
afar,0,372,41,111,107,3,49084,48437,647,599,4,19,0.6076703667640686,0.5673291683197021,0.713381290435791,0.050000000745058,0.6683859825134277,32,0,True,0.963963963963964,0.3693693693693693,442.1981981981982,452.68224299065423,215.66666666666663,1197.1707317073171,458.7289719626168,0.8353027463124439,2.179936435498329,3,21,0,10.25,4,1054.0032377428306,248.72454921824044,0.3882466567235189,bottle_3
afar,0,373,72,108,105,1,48483,46686,1797,599,4,23,0.535723865032196,0.6108392477035522,0.6413809061050415,0.050000000745058,0.3030475378036499,32,0,True,0.9722222222222222,0.6666666666666666,448.9166666666667,444.6285714285714,1797.0,673.375,461.74285714285713,1.485056617783553,2.165707567601015,4,23,8,18.0,4,1054.0032377428306,248.72454921824044,-1.032201072087465,canister_0
afar,0,374,49,123,115,4,49054,46830,2224,599,4,25,0.6807942986488342,0.6068751811981201,0.8713204860687256,0.050000000745058,0.4781379103660583,32,0,True,0.934959349593496,0.3983739837398374,398.8130081300813,407.2173913043478,556.0,1001.1020408163264,426.55652173913046,0.9988991723406858,2.344355200391405,4,21,1,12.25,4,1054.0032377428306,248.72454921824044,-0.1434593305690078,canister_2
afar,0,375,65,124,112,8,48996,44175,4821,599,4,26,0.6422238945960999,0.6296308636665344,0.6964051127433777,0.050000000745058,0.5949411988258362,32,0,True,0.9032258064516128,0.5241935483870968,395.1290322580645,394.4196428571428,602.625,753.7846153846153,437.4642857142857,1.3266389092987183,2.285900889868561,4,24,2,16.25,4,1054.0032377428306,248.72454921824044,-0.8141434426842088,canister_3
afar,0,376,25,111,106,3,49202,48533,669,599,4,14,0.5262393951416016,0.5325137972831726,1.141896367073059,0.050000000745058,0.570036768913269,32,7,False,0.954954954954955,0.2252252252252252,443.26126126126127,457.85849056603774,223.0,1968.08,464.1698113207547,0.5081094264460795,2.154383968131377,4,14,2,6.25,4,1054.0032377428306,248.72454921824044,2.4788255846891927,beret_2
afar,0,377,61,144,130,7,49463,47928,1535,556,4,27,0.7796696424484253,0.6991190314292908,0.6059018969535828,0.050000000745058,0.5134996771812439,32,0,True,0.9027777777777778,0.4236111111111111,343.49305555555554,368.6769230769231,219.28571428571428,810.8688524590164,380.4846153846154,1.2332450518569436,2.628227159695125,4,21,8,15.25,4,1054.0032377428306,248.72454921824044,-0.6593403963918253,chalice_2
afar,0,378,37,114,108,1,49098,47759,1339,568,4,17,0.7003359198570251,0.5799590349197388,0.6228999495506287,0.050000000745058,0.5733148455619812,32,0,True,0.9473684210526316,0.3245614035087719,430.6842105263158,442.212962962963,1339.0,1326.972972972973,454.6111111111111,0.7535948511140983,2.1996822681168275,3,17,0,9.25,4,1054.0032377428306,248.72454921824044,0.7402489500591223,bottle_0
afar,0,379,80,144,129,11,49282,47004,2278,460,4,11,0.6251125335693359,0.5594532489776611,0.8944854736328125,0.050000000745058,0.2583890259265899,32,0,True,0.8958333333333334,0.5555555555555556,342.2361111111111,364.3720930232558,207.0909090909091,616.025,382.031007751938,1.6233107422588369,2.6175885718923744,4,30,6,20.0,4,1054.0032377428306,248.72454921824044,-1.187724823649513,beer_bottle_3
afar,0,380,70,105,101,4,49353,47800,1553,599,4,9,0.5615897178649902,0.5218939185142517,0.9412944316864014,0.050000000745058,0.6735584139823914,32,0,True,0.961904761904762,0.6666666666666666,470.0285714285714,473.26732673267327,388.25,705.0428571428571,488.64356435643566,1.418353494215144,2.046481470224708,4,28,10,17.5,4,1054.0032377428306,248.72454921824044,-0.9463230608095552,bear_0
afar,0,381,55,96,89,1,48547,44354,4193,599,4,30,0.4305920302867889,0.6701685190200806,1.1623258590698242,0.050000000745058,0.2669619619846344,32,0,True,0.9270833333333334,0.5729166666666666,505.6979166666667,498.3595505617977,4193.0,882.6727272727272,545.4719101123595,1.1329227346694954,1.833274970647002,4,24,2,13.75,4,1054.0032377428306,248.72454921824044,-0.4646201176172836,chocolate_milk_4
afar,0,382,38,153,89,56,49676,33415,16261,599,4,17,0.7544155120849609,0.5355584025382996,1.075511455535889,0.050000000745058,0.61458820104599,32,0,True,0.5816993464052288,0.2483660130718954,324.6797385620916,375.4494382022472,290.375,1307.2631578947369,558.1573033707865,0.7649569208470891,1.7916096304050246,4,14,4,9.5,4,1054.0032377428306,248.72454921824044,0.6867991787677276,bottle_0
afar,0,383,27,117,113,2,49352,47395,1957,599,4,23,0.5483919382095337,0.6949186325073242,1.1396372318267822,0.050000000745058,0.4599678516387939,32,5,False,0.9658119658119658,0.2307692307692307,421.8119658119658,419.42477876106193,978.5,1827.851851851852,436.7433628318584,0.5470902901604798,2.2896741773383043,3,18,0,6.75,4,1054.0032377428306,248.72454921824044,2.098549949561056,canister_0
afar,0,384,34,96,94,1,48389,47773,616,599,4,14,0.4707548916339874,0.5528861880302429,1.122915744781494,0.050000000745058,0.3636810779571533,32,0,True,0.9791666666666666,0.3541666666666667,504.0520833333333,508.2234042553192,616.0,1423.2058823529412,514.7765957446809,0.7026390295315051,1.942590258116514,4,19,4,8.5,4,1054.0032377428306,248.72454921824044,1.0012167458830676,beret_2
afar,0,385,25,122,106,8,48836,42349,6487,599,4,21,0.728230357170105,0.580840528011322,0.721394956111908,0.050000000745058,0.5103694200515747,32,7,False,0.8688524590163934,0.2049180327868852,400.2950819672131,399.5188679245283,810.875,1953.44,460.7169811320755,0.5119174379556065,2.1705299369317714,3,15,0,6.25,4,1054.0032377428306,248.72454921824044,2.43912431663569,candle_holder_4
afar,0,386,43,119,115,1,49271,48145,1126,599,4,10,0.6710302233695984,0.6781483888626099,1.1614134311676023,0.050000000745058,0.4310870766639709,32,0,True,0.9663865546218487,0.361344537815126,414.0420168067227,418.6521739130435,1126.0,1145.8372093023256,428.4434782608696,0.8727243205942644,2.3340301597288464,4,17,7,10.75,4,1054.0032377428306,248.72454921824044,0.2490386011817799,beer_bottle_0
afar,0,387,43,117,113,1,49276,47091,2185,599,4,26,0.6494937539100647,0.6899229288101196,0.7060591578483582,0.050000000745058,0.7723272442817688,32,0,True,0.9658119658119658,0.3675213675213675,421.1623931623932,416.7345132743363,2185.0,1145.953488372093,436.070796460177,0.8726357658900885,2.2932056173390696,3,18,0,10.75,4,1054.0032377428306,248.72454921824044,0.2493539308619608,canister_3
afar,0,388,71,114,112,2,49156,48542,614,557,4,30,0.5603439211845398,0.5555122494697571,0.730954647064209,0.050000000745058,0.749625563621521,32,0,True,0.9824561403508772,0.6228070175438597,431.1929824561403,433.4107142857143,307.0,692.3380281690141,438.8928571428572,1.4443811538774514,2.2784604117503457,4,25,9,17.75,4,1054.0032377428306,248.72454921824044,-0.9807764638604052,chocolate_milk_4
afar,0,389,30,103,95,4,48328,44563,3765,599,4,14,0.537585973739624,0.6033243536949158,0.6565225720405579,0.050000000745058,0.6147114634513855,32,2,False,0.9223300970873788,0.2912621359223301,469.2038834951457,469.0842105263158,941.25,1610.9333333333334,508.7157894736842,0.6207581526237378,1.9657341499751697,3,14,0,7.5,4,1054.0032377428306,248.72454921824044,1.5103026647610285,beret_2
afar,0,390,65,130,116,11,48701,45979,2722,599,4,31,0.6339396834373474,0.6719750761985779,0.887560248374939,0.050000000745058,0.4872348308563232,32,0,True,0.8923076923076924,0.5,374.62307692307695,396.3706896551725,247.45454545454547,749.2461538461539,419.8362068965517,1.3346748526724297,2.38188127553849,4,23,11,16.25,4,1054.0032377428306,248.72454921824044,-0.8264510026629636,cider_0
afar,0,391,40,154,104,40,49377,38509,10868,599,4,13,0.7547698020935059,0.685666024684906,0.6194953322410583,0.050000000745058,0.741681694984436,32,0,True,0.6753246753246753,0.2597402597402597,320.62987012987014,370.2788461538461,271.7,1234.425,474.7788461538461,0.810093768353687,2.106243797719586,4,24,1,10.0,4,1054.0032377428306,248.72454921824044,0.4892740946760399,beer_can_4
afar,0,392,31,122,116,6,49206,48371,835,590,4,13,0.6286408305168152,0.682776153087616,0.9295058846473694,0.050000000745058,0.2416331768035888,32,1,False,0.9508196721311476,0.2540983606557377,403.327868852459,416.9913793103448,139.16666666666666,1587.2903225806451,424.1896551724138,0.6300044709994717,2.357436085030281,3,25,0,7.75,4,1054.0032377428306,248.72454921824044,1.4461867147962522,beer_can_4
afar,0,393,31,103,101,0,49291,48670,621,599,4,18,0.5054304003715515,0.5459278225898743,0.8248177170753479,0.050000000745058,0.7710471749305725,32,1,False,0.9805825242718448,0.3009708737864077,478.5533980582524,481.8811881188119,,1590.032258064516,488.029702970297,0.6289180580633381,2.04905560852894,4,20,3,7.75,4,1054.0032377428306,248.72454921824044,1.4536223920934224,bottle_2
afar,0,394,51,133,111,16,48461,42632,5829,599,4,5,0.7986776828765869,0.5931233167648315,1.1798707246780396,0.050000000745058,0.6284293532371521,32,0,True,0.8345864661654135,0.3834586466165413,364.3684210526316,384.0720720720721,364.3125,950.2156862745098,436.5855855855856,1.0523926456325703,2.2905016404944183,4,22,6,12.75,4,1054.0032377428306,248.72454921824044,-0.2814547405369204,Tabasco_sauce_4
afar,0,395,25,101,99,0,49216,48018,1198,599,4,7,0.6042774319648743,0.5676812529563904,1.0864042043685913,0.050000000745058,0.7035845518112183,32,7,False,0.9801980198019802,0.2475247524752475,487.28712871287127,485.030303030303,,1968.64,497.1313131313131,0.50796488946684,2.0115409622886866,4,10,2,6.25,4,1054.0032377428306,248.72454921824044,2.4803442124289443,atomizer_0
afar,0,396,52,122,118,4,49324,46995,2329,599,4,0,0.7581034898757935,0.6010247468948364,1.153546929359436,0.050000000745058,0.7760006189346313,32,0,True,0.9672131147540984,0.4262295081967213,404.2950819672131,398.2627118644068,582.25,948.5384615384615,418.0,1.0542535074203228,2.392344497607656,3,23,0,13.0,4,1054.0032377428306,248.72454921824044,-0.2860030976975637,Band_Aid_0
afar,0,397,28,107,104,1,48933,47479,1454,599,4,6,0.6487439870834351,0.5187216401100159,0.9539865255355836,0.050000000745058,0.5246687531471252,32,4,False,0.97196261682243,0.2616822429906542,457.31775700934577,456.5288461538461,1454.0,1747.607142857143,470.50961538461536,0.5722109823636401,2.125355077350663,3,26,0,7.0,4,1054.0032377428306,248.72454921824044,1.8809395191188247,aerosol_can_1
afar,0,398,50,118,116,1,49229,48031,1198,599,4,0,0.7792713046073914,0.5921440720558167,1.0766514539718628,0.050000000745058,0.5842821002006531,32,0,True,0.9830508474576272,0.423728813559322,417.1949152542373,414.0603448275862,1198.0,984.58,424.38793103448273,1.0156615003351683,2.3563346807775902,4,16,8,12.5,4,1054.0032377428306,248.72454921824044,-0.1882643832493282,Band_Aid_0
afar,0,399,34,133,123,4,48885,48262,623,543,4,16,0.7153947353363037,0.6682392358779907,0.607513964176178,0.050000000745058,0.6535884141921997,32,0,True,0.924812030075188,0.2556390977443609,367.5563909774436,392.3739837398374,155.75,1437.7941176470588,397.4390243902439,0.6955098701033037,2.5161092359619515,4,12,1,8.5,4,1054.0032377428306,248.72454921824044,1.0407776365824757,boom_microphone_1
afar,0,400,48,105,100,4,48435,47177,1258,599,4,19,0.4980345964431762,0.5142358541488647,0.808570921421051,0.050000000745058,0.2968204319477081,32,0,True,0.9523809523809524,0.4571428571428571,461.2857142857143,471.77,314.5,1009.0625,484.35,0.9910188912976152,2.064622690203365,4,21,6,12.0,4,1054.0032377428306,248.72454921824044,-0.1218718767520687,bottle_3
afar,0,401,60,114,102,8,48621,44616,4005,599,4,26,0.7404910326004028,0.5848647952079773,0.866560697555542,0.050000000745058,0.7937881946563721,32,0,True,0.8947368421052632,0.5263157894736842,426.5,437.4117647058824,500.625,810.35,476.6764705882353,1.234034676374406,2.0978589498364903,4,23,2,15.0,4,1054.0032377428306,248.72454921824044,-0.6607474387795047,canister_3
afar,0,402,36,125,108,4,49255,46670,2585,599,4,22,0.6012866497039795,0.5284446477890015,1.08938467502594,0.050000000745058,0.4824506640434265,32,0,True,0.864,0.288,394.04,432.1296296296296,646.25,1368.1944444444443,456.0648148148149,0.730890264947721,2.192670794843163,4,19,3,9.0,4,1054.0032377428306,248.72454921824044,0.8520347894340338,candy_cane_1
afar,0,403,70,106,98,8,48960,47626,1334,599,4,22,0.4394565522670746,0.6104356646537781,0.8479243516921997,0.050000000745058,0.6080377101898193,32,0,True,0.9245283018867924,0.660377358490566,461.8867924528302,485.9795918367347,166.75,699.4285714285714,499.59183673469386,1.4297385620915033,2.001633986928105,4,26,4,17.5,4,1054.0032377428306,248.72454921824044,-0.9615480787106347,candy_cane_1
afar,0,404,56,124,117,4,48869,47454,1415,599,4,31,0.5580908060073853,0.6217925548553467,0.8353163003921509,0.050000000745058,0.3049452602863312,32,0,True,0.9435483870967742,0.4516129032258064,394.10483870967744,405.5897435897436,353.75,872.6607142857143,417.6837606837607,1.1459207268411469,2.3941558042931104,4,20,2,14.0,4,1054.0032377428306,248.72454921824044,-0.4917710473544796,cider_0
afar,0,405,18,104,93,1,49201,45684,3517,599,4,12,0.4194775819778442,0.6077768802642822,1.1643550395965576,0.050000000745058,0.7657913565635681,32,14,False,0.8942307692307693,0.173076923076923,473.08653846153845,491.2258064516129,3517.0,2733.3888888888887,529.0430107526881,0.3658462226377512,1.8902054836283813,3,11,0,4.5,4,1054.0032377428306,248.72454921824044,4.5542172063767685,beer_can_1
afar,0,406,62,106,102,0,48599,46203,2396,599,4,25,0.4963795840740204,0.534278929233551,0.7652806639671326,0.050000000745058,0.5565013289451599,32,0,True,0.9622641509433962,0.5849056603773585,458.4811320754717,452.9705882352941,,783.8548387096774,476.4607843137255,1.2757464145352786,2.098808617461265,4,25,1,15.5,4,1054.0032377428306,248.72454921824044,-0.7325979511092783,canister_2
afar,0,407,48,106,99,3,48802,46940,1862,599,4,28,0.458312839269638,0.5319642424583435,0.7548614740371704,0.050000000745058,0.2671999335289001,32,0,True,0.9339622641509434,0.4528301886792453,460.3962264150944,474.14141414141415,620.6666666666666,1016.7083333333334,492.949494949495,0.9835662472849472,2.028605385025204,4,18,8,12.0,4,1054.0032377428306,248.72454921824044,-0.1011376364065035,chalice_4
afar,0,408,32,129,127,2,49233,48587,646,507,4,19,0.7367902994155884,0.5914349555969238,0.6195838451385498,0.050000000745058,0.7045495510101318,32,0,True,0.9844961240310076,0.2480620155038759,381.6511627906977,382.5748031496063,323.0,1538.53125,387.66141732283467,0.6499705482095343,2.579570613206589,4,17,1,8.0,4,1054.0032377428306,248.72454921824044,1.3139601430363896,bottle_3
afar,0,409,65,128,119,4,48838,47024,1814,599,4,24,0.5579823851585388,0.6755073070526123,1.0876901149749756,0.050000000745058,0.6013106107711792,32,0,True,0.9296875,0.5078125,381.546875,395.15966386554624,453.5,751.3538461538461,410.4033613445378,1.3309308325484257,2.4366272165117326,4,23,8,16.25,4,1054.0032377428306,248.72454921824044,-0.8207352883677453,canister_1
afar,0,410,65,114,111,0,49105,47749,1356,599,4,26,0.5654445886611938,0.5698462724685669,1.056809663772583,0.050000000745058,0.6460542678833008,32,0,True,0.9736842105263158,0.5701754385964912,430.7456140350877,430.1711711711712,,755.4615384615385,442.3873873873874,1.3236941248345382,2.260462274717442,4,28,9,16.25,4,1054.0032377428306,248.72454921824044,-0.8095959035734144,canister_3
afar,0,411,61,117,111,2,48804,47006,1798,599,4,13,0.6958431005477905,0.6445953845977783,1.025559902191162,0.050000000745058,0.4718159437179565,32,0,True,0.9487179487179488,0.5213675213675214,417.12820512820514,423.4774774774775,899.0,800.0655737704918,439.6756756756757,1.2498975493811983,2.2744037373985737,4,22,4,15.25,4,1054.0032377428306,248.72454921824044,-0.6886371083501454,beer_can_4
afar,0,412,37,113,110,2,48901,47678,1223,599,4,18,0.681394100189209,0.666107177734375,1.180856466293335,0.050000000745058,0.5536312460899353,32,0,True,0.9734513274336284,0.3274336283185841,432.7522123893805,433.4363636363637,611.5,1321.6486486486488,444.5545454545455,0.7566307437475717,2.2494427516819697,4,18,2,9.25,4,1054.0032377428306,248.72454921824044,0.7258102596763506,bottle_2
afar,0,413,50,100,94,4,49032,45985,3047,599,4,17,0.468006432056427,0.583516001701355,1.0304436683654783,0.050000000745058,0.2959559261798858,32,0,True,0.94,0.5,490.32,489.2021276595744,761.75,980.64,521.6170212765958,1.019742209169522,1.9171153532387013,4,18,4,12.5,4,1054.0032377428306,248.72454921824044,-0.1989490141325798,bottle_0
afar,0,414,42,122,112,6,49277,46076,3201,599,4,17,0.6737069487571716,0.5209037065505981,0.9827649593353271,0.050000000745058,0.7594243288040161,32,0,True,0.918032786885246,0.3442622950819672,403.90983606557376,411.3928571428572,533.5,1173.2619047619048,439.9732142857143,0.8523246139172433,2.2728656371126488,3,21,0,10.5,4,1054.0032377428306,248.72454921824044,0.3234098570374106,bottle_0
afar,0,415,73,129,119,8,48802,45877,2925,599,4,3,0.6849645376205444,0.605079710483551,0.7010145783424377,0.050000000745058,0.7130315899848938,32,0,True,0.9224806201550388,0.5658914728682171,378.31007751937983,385.52100840336135,365.625,668.5205479452055,410.10084033613447,1.4958403344125242,2.438424654727265,4,29,10,18.25,4,1054.0032377428306,248.72454921824044,-1.0453655462869371,Dixie_cup_4
afar,0,416,37,100,97,1,48428,46796,1632,599,4,8,0.4409781396389007,0.6003842949867249,0.7140958905220032,0.050000000745058,0.4811036586761474,32,0,True,0.97,0.37,484.28,482.4329896907216,1632.0,1308.8648648648648,499.25773195876286,0.7640208144048898,2.0029734864128192,4,23,2,9.25,4,1054.0032377428306,248.72454921824044,0.6911427441887803,bandage_4
afar,0,417,63,137,116,8,49318,44205,5113,599,4,12,0.7738873958587646,0.646636962890625,0.7527072429656982,0.050000000745058,0.2374251931905746,32,0,True,0.8467153284671532,0.4598540145985401,359.985401459854,381.07758620689657,639.125,782.8253968253969,425.1551724137931,1.2774240642361816,2.3520824039904293,4,23,7,15.75,4,1054.0032377428306,248.72454921824044,-0.73538962789844,beer_can_1
afar,0,418,41,103,102,0,48957,48358,599,599,4,18,0.4783038198947906,0.553253173828125,1.150847315788269,0.050000000745058,0.2978869378566742,32,0,True,0.9902912621359224,0.3980582524271844,475.31067961165047,474.0980392156863,,1194.0731707317073,479.9705882352941,0.8374696161938028,2.0834609963845825,3,20,0,10.25,4,1054.0032377428306,248.72454921824044,0.3798465816822102,bottle_2
afar,0,419,30,120,113,4,49119,47100,2019,599,4,10,0.5217898488044739,0.5418087244033813,0.8864579200744629,0.050000000745058,0.3536226749420166,32,2,False,0.9416666666666668,0.25,409.325,416.8141592920354,504.75,1637.3,434.6814159292035,0.6107616197398156,2.3005354343533053,4,15,1,7.5,4,1054.0032377428306,248.72454921824044,1.581804720840993,beer_bottle_0
afar,0,420,64,100,96,4,48434,46403,2031,599,4,17,0.4352628886699676,0.6178848147392273,1.0260244607925415,0.050000000745058,0.6977592706680298,32,0,True,0.96,0.64,484.34,483.3645833333333,507.75,756.78125,504.5208333333333,1.321385803361275,1.9820787050419129,3,25,0,16.0,4,1054.0032377428306,248.72454921824044,-0.8060170633041683,bottle_0
afar,0,421,65,114,109,3,48844,46592,2252,599,4,23,0.7827956080436707,0.6152374148368835,1.0593461990356443,0.050000000745058,0.3069624900817871,32,0,True,0.956140350877193,0.5701754385964912,428.4561403508772,427.44954128440367,750.6666666666666,751.4461538461538,448.11009174311926,1.3307673409221197,2.2315944640078618,4,24,2,16.25,4,1054.0032377428306,248.72454921824044,-0.8204849651139401,canister_0
afar,0,422,61,118,105,10,48861,45964,2897,599,4,13,0.6380835175514221,0.6019163727760315,1.0608255863189695,0.050000000745058,0.355834811925888,32,0,True,0.8898305084745762,0.5169491525423728,414.0762711864407,437.752380952381,289.7,801.0,465.3428571428572,1.2484394506866416,2.1489531528212686,4,22,10,15.25,4,1054.0032377428306,248.72454921824044,-0.6861030983628552,beer_can_4
afar,0,423,62,130,116,9,49380,44267,5113,599,4,26,0.7684069871902466,0.6743875741958618,0.648715078830719,0.050000000745058,0.3752142190933227,32,0,True,0.8923076923076924,0.4769230769230769,379.84615384615387,381.61206896551727,568.1111111111111,796.4516129032259,425.6896551724138,1.2555690562980963,2.349129202106116,4,18,10,15.5,4,1054.0032377428306,248.72454921824044,-0.6984375748205139,canister_3
afar,0,424,63,127,125,2,48857,48322,535,510,4,3,0.6130601763725281,0.6315897107124329,0.8502335548400879,0.050000000745058,0.2621361315250397,32,0,True,0.984251968503937,0.4960629921259842,384.7007874015748,386.576,267.5,775.5079365079365,390.856,1.2894774546124403,2.558487013119921,4,28,11,15.75,4,1054.0032377428306,248.72454921824044,-0.7552333747245576,Dixie_cup_4
afar,0,425,63,110,105,4,48388,45822,2566,599,4,5,0.7087087631225586,0.5318447351455688,0.8844866752624512,0.050000000745058,0.6157891154289246,32,0,True,0.9545454545454546,0.5727272727272728,439.8909090909091,436.4,641.5,768.063492063492,460.83809523809526,1.3019756964536662,2.169959494089444,3,25,0,15.75,4,1054.0032377428306,248.72454921824044,-0.7754214815823649,Tabasco_sauce_4
afar,0,426,39,104,101,0,48994,47388,1606,599,4,21,0.536142885684967,0.5822745561599731,1.1002253293991089,0.050000000745058,0.6003482937812805,32,0,True,0.971153846153846,0.375,471.09615384615387,469.1881188118812,,1256.2564102564102,485.0891089108911,0.7960158386741234,2.0614769155406782,4,23,1,9.75,4,1054.0032377428306,248.72454921824044,0.5484772825568958,candle_holder_4
afar,0,427,58,97,91,2,49001,46556,2445,599,4,3,0.4404448866844177,0.609406054019928,0.6412837505340576,0.050000000745058,0.2406647950410843,32,0,True,0.9381443298969072,0.5979381443298969,505.16494845360825,511.6043956043956,1222.5,844.8448275862069,538.4725274725274,1.1836493132793209,1.857104957041693,4,21,4,14.5,4,1054.0032377428306,248.72454921824044,-0.5672031494038654,Dixie_cup_4
afar,0,428,49,135,119,10,49155,45366,3789,599,4,5,0.6321055293083191,0.6807506084442139,1.0248992443084717,0.050000000745058,0.719717264175415,32,0,True,0.8814814814814815,0.362962962962963,364.1111111111111,381.2268907563025,378.9,1003.1632653061224,413.06722689075633,0.9968467093886684,2.4209134370867664,4,21,1,12.25,4,1054.0032377428306,248.72454921824044,-0.1378696293403308,Tabasco_sauce_4
afar,0,429,56,98,95,1,48624,46981,1643,599,4,8,0.5821642875671387,0.5595211386680603,0.6696658134460449,0.050000000745058,0.5118297934532166,32,0,True,0.9693877551020408,0.5714285714285714,496.16326530612247,494.53684210526313,1643.0,868.2857142857143,511.8315789473684,1.1516946363935503,1.953767686739059,4,22,3,14.0,4,1054.0032377428306,248.72454921824044,-0.5036353265712881,bandage_4
afar,0,430,67,114,111,1,49174,48282,892,599,4,31,0.5798062086105347,0.5557980537414551,0.8898893594741821,0.050000000745058,0.3210787773132324,32,0,True,0.9736842105263158,0.5877192982456141,431.35087719298247,434.97297297297297,892.0,733.9402985074627,443.009009009009,1.362508642778704,2.2572904380363608,4,24,9,16.75,4,1054.0032377428306,248.72454921824044,-0.8679579606950344,cider_0
afar,0,431,53,112,110,1,48303,47938,365,559,4,9,0.5017770528793335,0.5635416507720947,0.9120415449142456,0.050000000745058,0.5188518762588501,32,0,True,0.9821428571428572,0.4732142857142857,431.2767857142857,435.8,365.0,911.377358490566,439.1181818181818,1.0972403370391073,2.277291265552864,4,25,1,13.25,4,1054.0032377428306,248.72454921824044,-0.386777886855237,bear_0
afar,0,432,32,101,94,3,49234,47931,1303,599,4,16,0.6041403412818909,0.5928722023963928,0.8422837257385254,0.050000000745058,0.5654720067977905,32,0,True,0.9306930693069309,0.3168316831683168,487.4653465346535,509.90425531914894,434.3333333333333,1538.5625,523.7659574468086,0.6499573465491327,1.9092497054880773,4,18,2,8.0,4,1054.0032377428306,248.72454921824044,1.3140448878879385,boom_microphone_1
afar,0,433,32,124,94,23,49319,40968,8351,599,4,2,0.657436728477478,0.6193367838859558,1.1695988178253174,0.050000000745058,0.5910207629203796,32,0,True,0.7580645161290323,0.2580645161290322,397.733870967742,435.82978723404256,363.0869565217391,1541.21875,524.6702127659574,0.6488371621484621,1.9059591638111075,2,18,0,8.0,4,1054.0032377428306,248.72454921824044,1.321248200269572,Dixie_cup_3
afar,0,434,70,120,118,1,49348,48508,840,599,4,16,0.6721495985984802,0.510031521320343,0.8847216367721558,0.050000000745058,0.327602744102478,32,0,True,0.9833333333333332,0.5833333333333334,411.23333333333335,411.0847457627119,840.0,704.9714285714285,418.20338983050846,1.4184972035340844,2.391181000243171,4,29,2,17.5,4,1054.0032377428306,248.72454921824044,-0.9465167633273804,boom_microphone_1
afar,0,435,68,104,101,1,48052,46397,1655,599,4,6,0.4388871490955353,0.5612820386886597,0.9091811180114746,0.050000000745058,0.7956460118293762,32,0,True,0.971153846153846,0.6538461538461539,462.0384615384616,459.3762376237624,1655.0,706.6470588235294,475.76237623762376,1.415133605260967,2.101889619578789,4,22,10,17.0,4,1054.0032377428306,248.72454921824044,-0.9419727301445108,aerosol_can_1
afar,0,436,38,127,119,5,49239,46802,2437,599,4,27,0.6966240406036377,0.5303183197975159,1.1856067180633545,0.050000000745058,0.7355718612670898,32,0,True,0.937007874015748,0.2992125984251969,387.7086614173229,393.2941176470589,487.4,1295.7631578947369,413.7731092436975,0.7717459737200186,2.416783444017953,4,18,1,9.5,4,1054.0032377428306,248.72454921824044,0.6556130733978314,chalice_2
afar,0,437,51,116,113,0,49092,47959,1133,599,4,22,0.6205666065216064,0.5257346034049988,0.6869317889213562,0.050000000745058,0.7665418386459351,32,0,True,0.9741379310344828,0.4396551724137931,423.2068965517241,424.4159292035398,,962.5882352941176,434.4424778761062,1.038865802982156,2.301800700725169,4,28,1,12.75,4,1054.0032377428306,248.72454921824044,-0.2479024259786859,candy_cane_1
afar,0,438,45,110,108,1,48947,48295,652,599,4,1,0.7379435300827026,0.5035703182220459,1.1303558349609375,0.050000000745058,0.4854265451431274,32,0,True,0.9818181818181818,0.4090909090909091,444.9727272727273,447.1759259259259,652.0,1087.7111111111112,453.212962962963,0.919361758636893,2.206468220728543,3,22,0,11.25,4,1054.0032377428306,248.72454921824044,0.09141019918768,Dixie_cup_0
afar,0,439,71,132,129,3,49205,48255,950,531,4,30,0.7413427829742432,0.5175971388816833,0.7309385538101196,0.050000000745058,0.4957935810089111,32,0,True,0.9772727272727272,0.5378787878787878,372.7651515151515,374.0697674418605,316.6666666666667,693.0281690140845,381.4341085271318,1.4429427903668326,2.6216847881312875,4,24,13,17.75,4,1054.0032377428306,248.72454921824044,-0.9789049155895851,chocolate_milk_4
afar,0,440,52,104,101,0,48545,46890,1655,599,4,6,0.4424970746040344,0.5732614994049072,1.1921350955963137,0.050000000745058,0.2688068747520447,32,0,True,0.971153846153846,0.5,466.7788461538461,464.25742574257424,,933.5576923076924,480.64356435643566,1.0711710783808837,2.0805438253167163,4,24,5,13.0,4,1054.0032377428306,248.72454921824044,-0.3266284757630308,aerosol_can_1
afar,0,441,56,134,126,6,48855,46726,2129,599,4,31,0.7920640707015991,0.5610434412956238,0.6536086201667786,0.050000000745058,0.778558075428009,32,0,True,0.9402985074626866,0.417910447761194,364.589552238806,370.8412698412698,354.8333333333333,872.4107142857143,387.7380952380952,1.146249104492887,2.579060485108996,4,19,1,14.0,4,1054.0032377428306,248.72454921824044,-0.4924490061668687,cider_0
afar,0,442,56,101,97,2,48371,46552,1819,599,4,15,0.4033098518848419,0.6677905917167664,0.8521463871002197,0.050000000745058,0.4528294205665588,32,0,True,0.9603960396039604,0.5544554455445545,478.9207920792079,479.9175257731959,909.5,863.7678571428571,498.6701030927835,1.157718467676914,2.00533377436894,4,25,7,14.0,4,1054.0032377428306,248.72454921824044,-0.5158870108237475,bolt_1
afar,0,443,37,106,96,1,49043,43721,5322,599,4,21,0.7149732112884521,0.6552313566207886,0.7324973940849304,0.050000000745058,0.4234668016433716,32,0,True,0.9056603773584906,0.3490566037735849,462.6698113207547,455.4270833333333,5322.0,1325.4864864864865,510.8645833333333,0.7544399812409518,1.957465897273821,4,19,2,9.25,4,1054.0032377428306,248.72454921824044,0.7362178436070794,candle_holder_4
afar,0,444,46,112,111,0,49302,48703,599,599,4,1,0.6140768527984619,0.6976069808006287,1.0383893251419067,0.050000000745058,0.4216174483299255,32,0,True,0.9910714285714286,0.4107142857142857,440.19642857142856,438.76576576576576,,1071.7826086956522,444.1621621621622,0.9330250294105716,2.251429962273336,3,30,0,11.5,4,1054.0032377428306,248.72454921824044,0.0482147248647972,Dixie_cup_0
afar,0,445,52,123,116,3,48843,46863,1980,548,4,31,0.6946417689323425,0.5250628590583801,0.674156904220581,0.050000000745058,0.3050135672092438,32,0,True,0.943089430894309,0.4227642276422764,397.0975609756098,403.9913793103448,660.0,939.2884615384615,421.0603448275862,1.064635669389677,2.374956493253895,4,27,2,13.0,4,1054.0032377428306,248.72454921824044,-0.3110875737559586,cider_0
afar,0,446,73,121,115,4,48694,47520,1174,599,4,29,0.4918467402458191,0.6669256687164307,0.8454515933990479,0.050000000745058,0.2509394586086273,32,0,True,0.950413223140496,0.6033057851239669,402.4297520661157,413.2173913043478,293.5,667.0410958904109,423.4260869565217,1.499158007146671,2.361687271532427,4,26,11,18.25,4,1054.0032377428306,248.72454921824044,-1.0493775765191575,chicken_(animal)_2
afar,0,447,43,124,113,7,48212,44983,3229,599,4,6,0.7202392816543579,0.5354520678520203,0.9222285747528076,0.050000000745058,0.4899278283119201,32,0,True,0.9112903225806452,0.3467741935483871,388.8064516129032,398.07964601769913,461.2857142857143,1121.2093023255811,426.6548672566372,0.8918941342404381,2.343814817887663,4,23,1,10.75,4,1054.0032377428306,248.72454921824044,0.1822517749194538,aerosol_can_1
afar,0,448,34,101,100,0,49184,48585,599,599,4,26,0.5010334253311157,0.6042101383209229,1.1531683206558228,0.050000000745058,0.2530170083045959,32,0,True,0.99009900990099,0.3366336633663366,486.970297029703,485.85,,1446.5882352941176,491.84,0.6912817176317502,2.033181522446324,3,23,0,8.5,4,1054.0032377428306,248.72454921824044,1.0646258348065138,canister_3
afar,0,449,11,91,70,2,48936,36357,12579,599,4,7,0.4232208132743835,0.6098278760910034,0.8334052562713623,0.050000000745058,0.3428889513015747,32,21,False,0.7692307692307693,0.1208791208791208,537.7582417582418,519.3857142857142,6289.5,4448.727272727273,699.0857142857143,0.2247833905509236,1.4304397580513324,3,9,0,2.75,4,1054.0032377428306,248.72454921824044,9.20593230058646,atomizer_0
afar,0,450,21,111,107,1,49030,46794,2236,599,4,17,0.6670066118240356,0.5489925742149353,0.8707184791564941,0.050000000745058,0.6927018761634827,32,11,False,0.963963963963964,0.1891891891891892,441.7117117117117,437.3271028037384,2236.0,2334.7619047619046,458.22429906542055,0.4283091984499286,2.1823373444829697,3,15,0,5.25,4,1054.0032377428306,248.72454921824044,3.4732064993969343,bottle_0
afar,0,451,68,126,126,0,48784,48784,0,526,4,28,0.7094719409942627,0.6711582541465759,0.7308273315429688,0.050000000745058,0.6166270971298218,32,0,True,1.0,0.5396825396825397,387.1746031746032,387.1746031746032,,717.4117647058823,387.1746031746032,1.3938996392259757,2.582814037389308,4,24,8,17.0,4,1054.0032377428306,248.72454921824044,-0.9127806212816412,chalice_4
afar,0,452,44,129,113,13,49598,45482,4116,599,4,10,0.7982519865036011,0.5989252924919128,0.6115036010742188,0.050000000745058,0.2796229720115661,32,0,True,0.875968992248062,0.3410852713178294,384.4806201550388,402.4955752212389,316.61538461538464,1127.2272727272727,438.92035398230087,0.887132545667164,2.278317674099762,4,22,2,11.0,4,1054.0032377428306,248.72454921824044,0.1985715191855464,beer_bottle_0
afar,0,453,36,110,109,1,48906,48307,599,599,4,24,0.5790974497795105,0.6160781979560852,0.81409752368927,0.050000000745058,0.4496269822120666,32,0,True,0.990909090909091,0.3272727272727272,444.6,443.1834862385321,599.0,1358.5,448.6788990825688,0.736105999263894,2.228765386660124,3,20,0,9.0,4,1054.0032377428306,248.72454921824044,0.8257450532647254,canister_1
afar,0,454,40,131,126,1,49153,47834,1319,599,4,0,0.7923957109451294,0.6285328269004822,1.0131475925445557,0.050000000745058,0.375312477350235,32,0,True,0.9618320610687024,0.3053435114503817,375.21374045801525,379.6349206349207,1319.0,1228.825,390.1031746031746,0.8137855268244054,2.563424409496877,4,13,5,10.0,4,1054.0032377428306,248.72454921824044,0.4740878172785254,Band_Aid_0
afar,0,455,37,120,100,13,48726,43280,5446,599,4,2,0.7284876108169556,0.6168368458747864,0.6363335847854614,0.050000000745058,0.6026630997657776,32,0,True,0.8333333333333334,0.3083333333333333,406.05,432.8,418.9230769230769,1316.918918918919,487.26,0.7593481919303863,2.0522924106226657,4,18,4,9.25,4,1054.0032377428306,248.72454921824044,0.7129840118743955,Dixie_cup_3
afar,0,456,29,105,98,4,48490,47517,973,599,4,14,0.5008071660995483,0.5719679594039917,0.9616042375564576,0.050000000745058,0.4744729995727539,32,3,False,0.9333333333333332,0.2761904761904762,461.8095238095238,484.8673469387755,243.25,1672.0689655172414,494.7959183673469,0.5980614559703031,2.0210352650030936,4,17,2,7.25,4,1054.0032377428306,248.72454921824044,1.6760924271212527,beret_2
afar,0,457,58,112,109,2,49401,48469,932,599,4,21,0.4457311332225799,0.628581702709198,1.1173954010009766,0.050000000745058,0.6213048696517944,32,0,True,0.9732142857142856,0.5178571428571429,441.0803571428572,444.6697247706422,466.0,851.7413793103449,453.2201834862385,1.1740653023218153,2.206433068156515,4,19,7,14.5,4,1054.0032377428306,248.72454921824044,-0.5485008373379603,candle_holder_4
afar,0,458,29,132,121,4,48380,46648,1732,599,4,27,0.7121727466583252,0.5265170335769653,0.7603054046630859,0.050000000745058,0.5750362873077393,32,3,False,0.9166666666666666,0.2196969696969697,366.5151515151515,385.5206611570248,433.0,1668.2758620689656,399.8347107438017,0.5994212484497726,2.50103348491112,4,15,1,7.25,4,1054.0032377428306,248.72454921824044,1.6658061554850052,chalice_2
afar,0,459,26,109,105,1,49195,47369,1826,599,4,30,0.4904248416423797,0.5978442430496216,0.9678730964660645,0.050000000745058,0.5637286305427551,32,6,False,0.963302752293578,0.2385321100917431,451.3302752293578,451.1333333333333,1826.0,1892.1153846153843,468.5238095238095,0.5285089948165465,2.1343632482975914,4,15,1,6.5,4,1054.0032377428306,248.72454921824044,2.2728220629702136,chocolate_milk_4
afar,0,460,34,123,118,4,49477,49042,435,574,4,8,0.6917389631271362,0.5593219995498657,0.8951302766799927,0.050000000745058,0.6979321837425232,32,0,True,0.959349593495935,0.2764227642276423,402.2520325203252,415.6101694915254,108.75,1455.2058823529412,419.29661016949154,0.6871879863370859,2.384946540816945,3,23,0,8.5,4,1054.0032377428306,248.72454921824044,1.087995473868866,bandage_4
afar,0,461,28,96,93,1,48991,47194,1797,599,4,2,0.4287126064300537,0.5265326499938965,0.9684985280036926,0.050000000745058,0.6103913187980652,32,4,False,0.96875,0.2916666666666667,510.3229166666667,507.4623655913978,1797.0,1749.678571428571,526.7849462365591,0.5715335469780164,1.8983078524626973,3,20,0,7.0,4,1054.0032377428306,248.72454921824044,1.8865568921357625,Dixie_cup_3
afar,0,462,68,129,125,3,48816,47349,1467,599,4,26,0.7459139823913574,0.556654691696167,1.0296660661697388,0.050000000745058,0.2050400823354721,32,0,True,0.9689922480620154,0.5271317829457365,378.4186046511628,378.792,489.0,717.8823529411765,390.528,1.3929859062602423,2.560635857096034,4,27,5,17.0,4,1054.0032377428306,248.72454921824044,-0.911504463517144,canister_3
afar,0,463,66,126,121,4,48632,47695,937,514,4,3,0.6599435806274414,0.6829849481582642,0.8316946625709534,0.050000000745058,0.7595024108886719,32,0,True,0.9603174603174603,0.5238095238095238,385.968253968254,394.1735537190083,234.25,736.8484848484849,401.9173553719008,1.357131107089982,2.4880736963316337,4,27,2,16.5,4,1054.0032377428306,248.72454921824044,-0.8600714384631725,Dixie_cup_4
afar,0,464,62,110,108,2,49362,48164,1198,599,4,20,0.5770074129104614,0.5958352088928223,1.075750708580017,0.050000000745058,0.2602135837078094,32,0,True,0.9818181818181818,0.5636363636363636,448.74545454545455,445.962962962963,599.0,796.1612903225806,457.05555555555554,1.2560269032859284,2.187917831530327,4,29,1,15.5,4,1054.0032377428306,248.72454921824044,-0.6992248818284498,can_1
afar,0,465,69,142,131,8,49427,48025,1402,494,4,24,0.6917256116867065,0.6248966455459595,1.0725359916687012,0.050000000745058,0.6775871515274048,32,0,True,0.9225352112676056,0.4859154929577465,348.0774647887324,366.6030534351145,175.25,716.3333333333334,377.3053435114504,1.3959981386691485,2.650373277763166,4,25,10,17.25,4,1054.0032377428306,248.72454921824044,-0.9157051494919466,canister_1
afar,0,466,43,109,108,0,49364,48765,599,599,4,30,0.4576106965541839,0.5597742199897766,1.071346879005432,0.050000000745058,0.4727824926376343,32,0,True,0.9908256880733946,0.3944954128440367,452.8807339449541,451.52777777777777,,1148.0,457.0740740740741,0.8710801393728222,2.1878291872619724,4,18,5,10.75,4,1054.0032377428306,248.72454921824044,0.2549037332331456,chocolate_milk_4
afar,0,467,24,104,102,1,48554,47356,1198,599,4,20,0.5562785863876343,0.5691550970077515,1.1418042182922363,0.050000000745058,0.645703136920929,32,8,False,0.9807692307692308,0.2307692307692307,466.86538461538464,464.2745098039216,1198.0,2023.0833333333333,476.0196078431373,0.4942950117395065,2.1007537998929027,4,7,5,6.0,4,1054.0032377428306,248.72454921824044,2.6279855628656152,can_1
afar,0,468,34,120,113,2,48669,47891,778,593,4,31,0.6019606590270996,0.6037207841873169,1.1835176944732666,0.050000000745058,0.3824201226234436,32,0,True,0.9416666666666668,0.2833333333333333,405.575,423.8141592920354,389.0,1431.4411764705883,430.6991150442478,0.6985966426267234,2.3218064887299925,4,23,1,8.5,4,1054.0032377428306,248.72454921824044,1.0235495067617657,cider_0
afar,0,469,59,105,104,0,49085,48486,599,599,4,9,0.4844346642494201,0.5993897318840027,0.9727783203125,0.050000000745058,0.4655075073242187,32,0,True,0.9904761904761904,0.5619047619047619,467.4761904761905,466.21153846153845,,831.9491525423729,471.97115384615387,1.2019965366201488,2.1187735560761944,4,19,8,14.75,4,1054.0032377428306,248.72454921824044,-0.6021740955545567,bear_0
afar,0,470,48,103,100,2,48539,47322,1217,599,4,7,0.5488955974578857,0.5014134049415588,1.0418418645858765,0.050000000745058,0.4207092523574829,32,0,True,0.970873786407767,0.4660194174757281,471.252427184466,473.22,608.5,1011.2291666666666,485.39,0.988895527307938,2.0601990152248706,4,18,6,12.0,4,1054.0032377428306,248.72454921824044,-0.1159962337113637,atomizer_0
afar,0,471,40,113,110,3,49093,48123,970,582,4,8,0.5137490034103394,0.6453726291656494,0.8846654295921326,0.050000000745058,0.7770430445671082,32,0,True,0.9734513274336284,0.3539823008849557,434.4513274336283,437.4818181818182,323.3333333333333,1227.325,446.3,0.8147801112174852,2.2406453058480844,3,26,0,10.0,4,1054.0032377428306,248.72454921824044,0.4700200644041911,bandage_4
afar,0,472,87,127,112,14,49211,46434,2777,599,4,9,0.790607213973999,0.5293415784835815,0.7462306618690491,0.050000000745058,0.3229482769966125,32,0,True,0.8818897637795275,0.6850393700787402,387.488188976378,414.5892857142857,198.3571428571429,565.6436781609195,439.38392857142856,1.767897421308244,2.275913921684176,4,24,20,21.75,4,1054.0032377428306,248.72454921824044,-1.324350668131967,bear_0
afar,0,473,72,126,119,6,49193,46634,2559,599,4,1,0.7699071168899536,0.5174522995948792,1.1320672035217283,0.050000000745058,0.6858709454536438,32,0,True,0.9444444444444444,0.5714285714285714,390.4206349206349,391.88235294117646,426.5,683.2361111111111,413.3865546218488,1.4636228731730123,2.4190433598276178,4,21,15,18.0,4,1054.0032377428306,248.72454921824044,-1.0054593633765636,Dixie_cup_0
afar,0,474,50,135,128,4,49264,47379,1885,599,4,29,0.7724961042404175,0.5496676564216614,0.8045300245285034,0.050000000745058,0.2428663969039917,32,0,True,0.9481481481481482,0.3703703703703703,364.9185185185185,370.1484375,471.25,985.28,384.875,1.014939915556999,2.5982461838259177,4,21,1,12.5,4,1054.0032377428306,248.72454921824044,-0.186366098574639,chicken_(animal)_2
afar,0,475,11,109,99,2,49142,44662,4480,599,4,15,0.7634673118591309,0.569632887840271,0.6147445440292358,0.050000000745058,0.5984399318695068,32,21,False,0.908256880733945,0.1009174311926605,450.8440366972477,451.1313131313131,2240.0,4467.454545454545,496.3838383838384,0.2238411135077937,2.014570021570144,2,7,0,2.75,4,1054.0032377428306,248.72454921824044,9.256717578896328,bolt_1
afar,0,476,36,96,69,9,48752,33730,15022,599,4,7,0.4084586203098297,0.5943750143051147,0.6840182542800903,0.050000000745058,0.2483993917703628,32,0,True,0.71875,0.375,507.8333333333333,488.84057971014494,1669.111111111111,1354.2222222222222,706.5507246376811,0.7384312438464063,1.415326550705612,3,21,0,9.0,4,1054.0032377428306,248.72454921824044,0.8141444246971792,atomizer_0
afar,0,477,46,122,120,0,48961,48330,631,599,4,22,0.6669005155563354,0.5686827898025513,0.8189877867698669,0.050000000745058,0.3347921967506408,32,0,True,0.9836065573770492,0.3770491803278688,401.3196721311475,402.75,,1064.3695652173913,408.0083333333333,0.9395232940503666,2.450930332305304,4,23,2,11.5,4,1054.0032377428306,248.72454921824044,0.0281117722539564,candy_cane_1
afar,0,478,86,116,105,8,48327,46255,2072,599,4,1,0.673717737197876,0.5022465586662292,0.9897418022155762,0.050000000745058,0.6613062620162964,32,0,True,0.9051724137931034,0.7413793103448276,416.61206896551727,440.5238095238095,259.0,561.9418604651163,460.25714285714287,1.7795435263931136,2.172698491526476,4,26,19,21.5,4,1054.0032377428306,248.72454921824044,-1.334389387846877,Dixie_cup_0
afar,0,479,41,104,98,4,49409,46399,3010,599,4,3,0.453304260969162,0.6648683547973633,0.6280510425567627,0.050000000745058,0.6910482048988342,32,0,True,0.9423076923076924,0.3942307692307692,475.08653846153845,473.4591836734694,752.5,1205.0975609756097,504.1734693877551,0.829808334513955,1.983444311765063,4,19,2,10.25,4,1054.0032377428306,248.72454921824044,0.4097429117504883,Dixie_cup_4
afar,0,480,42,110,98,2,48172,42238,5934,599,4,21,0.6810681819915771,0.5223821401596069,0.691053569316864,0.050000000745058,0.4578520655632019,32,0,True,0.8909090909090909,0.3818181818181818,437.9272727272728,431.0,2967.0,1146.952380952381,491.55102040816325,0.8718757784605164,2.034376816407872,3,21,0,10.5,4,1054.0032377428306,248.72454921824044,0.2520627629717058,candle_holder_4
afar,0,481,41,107,103,1,48707,47655,1052,599,4,25,0.4914766550064087,0.5434736013412476,0.9189740419387816,0.050000000745058,0.2587292492389679,32,0,True,0.9626168224299064,0.3831775700934579,455.2056074766355,462.66990291262135,1052.0,1187.9756097560976,472.8834951456311,0.8417681236783214,2.1146857741187097,4,21,1,10.25,4,1054.0032377428306,248.72454921824044,0.3633110008922336,canister_2
afar,0,482,42,119,111,2,49313,47734,1579,599,4,12,0.6318033337593079,0.554270327091217,1.0796995162963867,0.050000000745058,0.2683145105838775,32,0,True,0.9327731092436976,0.3529411764705882,414.3949579831933,430.036036036036,789.5,1174.1190476190477,444.26126126126127,0.8517023908502829,2.250927747247176,4,23,5,10.5,4,1054.0032377428306,248.72454921824044,0.325734287251316,beer_can_1
afar,0,483,70,112,109,2,49271,47749,1522,599,4,20,0.6662458777427673,0.5910540819168091,1.057481050491333,0.050000000745058,0.5571025609970093,32,0,True,0.9732142857142856,0.625,439.9196428571428,438.0642201834862,761.0,703.8714285714286,452.0275229357798,1.4207140102697329,2.2122546731342982,4,26,1,17.5,4,1054.0032377428306,248.72454921824044,-0.949499782101892,can_1
afar,0,484,59,152,121,26,49397,41156,8241,599,4,26,0.7725790143013,0.6849234700202942,0.6179855465888977,0.050000000745058,0.6714162230491638,32,0,True,0.7960526315789473,0.3881578947368421,324.98026315789474,340.1322314049587,316.96153846153845,837.2372881355932,408.2396694214876,1.194404518493026,2.449541470129765,4,21,9,14.75,4,1054.0032377428306,248.72454921824044,-0.5878335430484289,canister_3
afar,0,485,50,109,106,2,48918,47495,1423,599,4,19,0.4950770735740661,0.617068886756897,0.8966690301895142,0.050000000745058,0.6184889078140259,32,0,True,0.9724770642201837,0.4587155963302752,448.7889908256881,448.0660377358491,711.5,978.36,461.4905660377359,1.0221186475326056,2.166891532769124,4,19,5,12.5,4,1054.0032377428306,248.72454921824044,-0.2051319985015678,bottle_3
afar,0,486,46,105,101,1,49259,48020,1239,599,4,4,0.4426450431346893,0.6547895073890686,0.681283712387085,0.050000000745058,0.207393929362297,32,0,True,0.961904761904762,0.4380952380952381,469.1333333333333,475.44554455445547,1239.0,1070.8478260869565,487.71287128712873,0.9338395014109095,2.0503867313587363,4,20,5,11.5,4,1054.0032377428306,248.72454921824044,0.045679748435864,Tabasco_sauce_2
afar,0,487,55,153,130,18,49380,44266,5114,599,4,4,0.785051703453064,0.6298152804374695,1.053447961807251,0.050000000745058,0.3601731956005096,32,0,True,0.8496732026143791,0.3594771241830065,322.7450980392157,340.5076923076923,284.1111111111111,897.8181818181819,379.84615384615387,1.113811259619279,2.6326447954637504,4,22,3,13.75,4,1054.0032377428306,248.72454921824044,-0.4235481401103686,Tabasco_sauce_2
afar,0,488,62,141,120,15,49116,43250,5866,529,4,2,0.683953583240509,0.6730420589447021,0.6956869959831238,0.050000000745058,0.6205636858940125,32,0,True,0.851063829787234,0.4397163120567376,348.3404255319149,360.4166666666667,391.06666666666666,792.1935483870968,409.3,1.2623177783207102,2.443195699975568,4,24,4,15.5,4,1054.0032377428306,248.72454921824044,-0.7099847442702371,Dixie_cup_3
afar,0,489,39,113,108,2,48899,46185,2714,599,4,26,0.6972094774246216,0.6990803480148315,0.987284541130066,0.050000000745058,0.7111207842826843,32,0,True,0.9557522123893806,0.3451327433628318,432.7345132743363,427.6388888888889,1357.0,1253.820512820513,452.7685185185185,0.7975623223378802,2.2086341233972067,4,25,3,9.75,4,1054.0032377428306,248.72454921824044,0.5418715300259263,canister_3
afar,0,490,24,105,94,0,48937,42348,6589,599,4,26,0.6719928979873657,0.6032974720001221,1.1177620887756348,0.050000000745058,0.650719940662384,32,8,False,0.8952380952380953,0.2285714285714285,466.06666666666666,450.51063829787233,,2039.0416666666667,520.6063829787234,0.4904264666816519,1.9208369945031367,4,10,1,6.0,4,1054.0032377428306,248.72454921824044,2.6712619337231165,canister_3
afar,0,491,68,110,105,4,48602,47936,666,599,4,19,0.5292078256607056,0.5500806570053101,0.9479018449783324,0.050000000745058,0.429536372423172,32,0,True,0.9545454545454546,0.6181818181818182,441.8363636363636,456.53333333333336,166.5,714.7352941176471,462.87619047619046,1.3991193778033826,2.160404921608164,4,23,8,17.0,4,1054.0032377428306,248.72454921824044,-0.9200387685672178,bottle_3
afar,0,492,21,119,116,1,49093,48054,1039,599,4,7,0.7203097343444824,0.5727266669273376,0.7923455834388733,0.050000000745058,0.462249219417572,32,11,False,0.9747899159663864,0.1764705882352941,412.546218487395,414.2586206896552,1039.0,2337.7619047619046,423.2155172413793,0.4277595583891797,2.362862322530707,4,10,2,5.25,4,1054.0032377428306,248.72454921824044,3.4813420051456028,atomizer_0
afar,0,493,11,101,93,1,48940,44375,4565,599,4,26,0.425393134355545,0.5139309167861938,0.6426644325256348,0.050000000745058,0.400722473859787,32,21,False,0.9207920792079208,0.1089108910891089,484.5544554455445,477.1505376344086,4565.0,4449.090909090909,526.236559139785,0.2247650183898651,1.90028606456886,4,4,1,2.75,4,1054.0032377428306,248.72454921824044,9.206918422495388,canister_3
afar,0,494,46,123,113,6,49102,46204,2898,599,4,29,0.6278328895568848,0.5860111117362976,0.6364476084709167,0.050000000745058,0.3945288956165313,32,0,True,0.91869918699187,0.3739837398373983,399.2032520325203,408.8849557522124,483.0,1067.4347826086955,434.5309734513274,0.9368253838947496,2.301331921306668,4,26,3,11.5,4,1054.0032377428306,248.72454921824044,0.0364241368232486,chicken_(animal)_2
afar,0,495,61,122,117,5,49716,48666,1050,593,4,23,0.6904079914093018,0.5362052917480469,0.8832507133483887,0.050000000745058,0.4459934532642364,32,0,True,0.9590163934426228,0.5,407.5081967213115,415.948717948718,210.0,815.016393442623,424.9230769230769,1.2269691849706332,2.3533671252715425,4,28,4,15.25,4,1054.0032377428306,248.72454921824044,-0.6480929485535019,canister_0
afar,0,496,47,118,114,1,48803,47570,1233,599,4,16,0.7366489171981812,0.5436611771583557,0.6693226099014282,0.050000000745058,0.5973913073539734,32,0,True,0.9661016949152542,0.3983050847457627,413.5847457627119,417.280701754386,1233.0,1038.3617021276596,428.0964912280702,0.963055549863738,2.3359219720099174,4,20,3,11.75,4,1054.0032377428306,248.72454921824044,-0.0424172676384095,boom_microphone_1
afar,0,497,45,107,102,3,48135,46896,1239,599,4,22,0.5001258254051208,0.5509201288223267,0.8298553824424744,0.050000000745058,0.4884225726127624,32,0,True,0.9532710280373832,0.4205607476635514,449.85981308411215,459.7647058823529,413.0,1069.6666666666667,471.9117647058824,0.9348706762231224,2.1190401994390777,4,19,2,11.25,4,1054.0032377428306,248.72454921824044,0.0424766386845769,candy_cane_1
afar,0,498,41,94,87,5,48787,44799,3988,599,4,19,0.4648220837116241,0.6210132837295532,0.985831379890442,0.050000000745058,0.5688342452049255,32,0,True,0.925531914893617,0.4361702127659574,519.0106382978723,514.9310344827586,797.6,1189.9268292682927,560.7701149425287,0.8403878082276016,1.78326193453174,4,22,2,10.25,4,1054.0032377428306,248.72454921824044,0.3686023867450264,bottle_3
afar,0,499,23,117,113,1,49218,47744,1474,599,4,30,0.6749659180641174,0.5381765961647034,0.6923096179962158,0.050000000745058,0.4704395532608032,32,9,False,0.9658119658119658,0.1965811965811965,420.6666666666667,422.5132743362832,1474.0,2139.913043478261,435.5575221238938,0.4673087081961883,2.295908001137795,4,11,2,5.75,4,1054.0032377428306,248.72454921824044,2.944808489032064,chocolate_milk_4
afar,0,500,33,99,99,0,49002,49002,0,597,4,26,0.4411671757698059,0.5624217987060547,1.189023733139038,0.050000000745058,0.6606305837631226,32,0,True,1.0,0.3333333333333333,494.969696969697,494.969696969697,,1484.909090909091,494.969696969697,0.6734419003305987,2.0203257009917963,4,14,4,8.25,4,1054.0032377428306,248.72454921824044,1.1685456818563522,canister_3
afar,0,501,37,106,102,0,48340,47320,1020,599,4,13,0.4337873756885528,0.5388331413269043,1.0278773307800293,0.050000000745058,0.3835201263427734,32,0,True,0.9622641509433962,0.3490566037735849,456.0377358490566,463.921568627451,,1306.4864864864865,473.921568627451,0.7654116673562267,2.110053785684733,4,19,1,9.25,4,1054.0032377428306,248.72454921824044,0.6846929738655118,beer_can_4
afar,0,502,49,108,99,5,49501,46975,2526,599,4,3,0.4201363325119018,0.6961555480957031,1.11647367477417,0.050000000745058,0.5330784320831299,32,0,True,0.9166666666666666,0.4537037037037037,458.3425925925926,474.4949494949495,505.2,1010.2244897959184,500.010101010101,0.989878992343589,1.9999595967758228,4,22,6,12.25,4,1054.0032377428306,248.72454921824044,-0.1187207518638727,Dixie_cup_4
afar,0,503,53,118,114,2,49697,47301,2396,599,4,18,0.5030130743980408,0.6520556211471558,0.8588424921035767,0.050000000745058,0.4852609634399414,32,0,True,0.9661016949152542,0.4491525423728814,421.16101694915255,414.92105263157896,1198.0,937.6792452830188,435.93859649122805,1.0664627643519728,2.293901040304244,4,17,11,13.25,4,1054.0032377428306,248.72454921824044,-0.3154515031216269,bottle_2
afar,0,504,58,118,107,10,48831,44941,3890,599,4,17,0.5618244409561157,0.5865289568901062,0.7622134685516357,0.050000000745058,0.2945584058761596,32,0,True,0.9067796610169492,0.4915254237288136,413.8220338983051,420.0093457943925,389.0,841.9137931034483,456.3644859813084,1.187770064098626,2.1912309803198786,4,22,4,14.5,4,1054.0032377428306,248.72454921824044,-0.5751516320318749,bottle_0
afar,0,505,26,117,113,1,49012,48677,335,558,4,25,0.4815613329410553,0.5868055820465088,0.8091040253639221,0.050000000745058,0.4993271827697754,32,6,False,0.9658119658119658,0.2222222222222222,418.9059829059829,430.7699115044248,335.0,1885.076923076923,433.7345132743363,0.5304823308577491,2.3055578225740634,4,16,1,6.5,4,1054.0032377428306,248.72454921824044,2.253734914867568,canister_2
afar,0,506,39,130,114,6,48841,47079,1762,599,4,11,0.515434741973877,0.6913468241691589,0.6324479579925537,0.050000000745058,0.5645385980606079,32,0,True,0.8769230769230769,0.3,375.7,412.9736842105263,293.6666666666667,1252.3333333333333,428.4298245614035,0.7985094490284802,2.334104543314019,4,21,4,9.75,4,1054.0032377428306,248.72454921824044,0.5378385442701754,beer_bottle_3
afar,0,507,11,90,63,11,49331,34916,14415,599,4,29,0.4229026138782501,0.5508400201797485,0.6070172786712646,0.050000000745058,0.5518167614936829,32,21,False,0.7,0.1222222222222222,548.1222222222223,554.2222222222222,1310.4545454545455,4484.636363636364,783.031746031746,0.2229835194907867,1.2770874298108694,2,10,0,2.75,4,1054.0032377428306,248.72454921824044,9.30331183909325,chicken_(animal)_2
afar,0,508,36,143,121,7,48923,44317,4606,599,4,12,0.7229287624359131,0.6262595653533936,0.8681312799453735,0.050000000745058,0.5664359927177429,32,0,True,0.8461538461538461,0.2517482517482518,342.1188811188811,366.2561983471074,658.0,1358.9722222222222,404.3223140495868,0.7358502136009648,2.473274329047688,4,19,1,9.0,4,1054.0032377428306,248.72454921824044,0.8270256421325712,beer_can_1
afar,0,509,73,120,113,4,48773,46017,2756,599,4,26,0.5542140007019043,0.5831103324890137,0.6095865368843079,0.050000000745058,0.3501411080360412,32,0,True,0.9416666666666668,0.6083333333333333,406.44166666666666,407.2300884955752,689.0,668.1232876712329,431.6194690265487,1.4967297480163204,2.316855637340332,4,25,13,18.25,4,1054.0032377428306,248.72454921824044,-1.0464428507011443,canister_3
afar,0,510,30,105,97,2,48495,47207,1288,599,4,5,0.4738109111785888,0.5030501484870911,0.7295798063278198,0.050000000745058,0.2729966640472412,32,2,False,0.923809523809524,0.2857142857142857,461.8571428571428,486.6701030927835,644.0,1616.5,499.9484536082474,0.6186204763377667,2.000206206825446,4,10,5,7.5,4,1054.0032377428306,248.72454921824044,1.5253985476502243,Tabasco_sauce_4
afar,0,511,68,123,117,4,48770,46750,2020,599,4,16,0.6520709991455078,0.6730670928955078,0.7957842946052551,0.050000000745058,0.6037949919700623,32,0,True,0.951219512195122,0.5528455284552846,396.5040650406504,399.5726495726496,505.0,717.2058823529412,416.8376068376068,1.394299774451507,2.3990157883945047,4,28,3,17.0,4,1054.0032377428306,248.72454921824044,-0.9133389403036084,boom_microphone_1
afar,0,512,31,110,105,2,48274,47894,380,586,4,11,0.4504584074020386,0.5225129723548889,0.8011581897735596,0.050000000745058,0.5239731073379517,32,1,False,0.9545454545454546,0.2818181818181818,438.8545454545455,456.1333333333333,190.0,1557.225806451613,459.752380952381,0.6421676264655922,2.175083896093135,4,15,3,7.75,4,1054.0032377428306,248.72454921824044,1.3646567001966918,beer_bottle_3
afar,0,513,34,133,106,17,48839,41976,6863,599,4,13,0.7399981021881104,0.6219469904899597,1.171984314918518,0.050000000745058,0.3644076883792877,32,0,True,0.7969924812030075,0.2556390977443609,367.2105263157895,396.0,403.7058823529412,1436.4411764705883,460.745283018868,0.6961649501423043,2.170396609267184,4,19,1,8.5,4,1054.0032377428306,248.72454921824044,1.0371086830095468,beer_can_4
afar,0,514,39,104,104,0,48577,48577,0,594,4,8,0.7150031328201294,0.5914725661277771,1.1215331554412842,0.050000000745058,0.7988590598106384,32,0,True,1.0,0.375,467.08653846153845,467.08653846153845,,1245.5641025641023,467.08653846153845,0.8028490849579019,2.140930893221072,4,17,1,9.75,4,1054.0032377428306,248.72454921824044,0.5194815056577952,bandage_4
afar,0,515,45,96,94,0,48695,48070,625,599,4,27,0.4034577012062073,0.5903618335723877,0.9602867960929872,0.050000000745058,0.6161485910415649,32,0,True,0.9791666666666666,0.46875,507.2395833333333,511.3829787234043,,1082.111111111111,518.031914893617,0.92411951945785,1.930382996200842,4,17,2,11.25,4,1054.0032377428306,248.72454921824044,0.0762239217901649,chalice_2
afar,0,516,64,113,105,5,48546,47543,1003,599,4,12,0.4430107772350311,0.5665896534919739,0.9336724281311036,0.050000000745058,0.751106858253479,32,0,True,0.9292035398230089,0.5663716814159292,429.6106194690266,452.79047619047617,200.6,758.53125,462.3428571428572,1.3183372471470358,2.1628970461006056,4,23,11,16.0,4,1054.0032377428306,248.72454921824044,-0.801271351617445,beer_can_1
afar,0,517,41,100,94,4,48623,46861,1762,599,4,1,0.4681247174739837,0.593981146812439,0.802428126335144,0.050000000745058,0.2473343461751938,32,0,True,0.94,0.41,486.23,498.5212765957447,440.5,1185.9268292682927,517.2659574468086,0.8432223433354585,1.9332414700861733,4,17,5,10.25,4,1054.0032377428306,248.72454921824044,0.3577550457468015,Dixie_cup_0
afar,0,518,54,107,105,1,48545,47927,618,599,4,19,0.4917337894439697,0.539585530757904,0.6010996103286743,0.050000000745058,0.5732412934303284,32,0,True,0.9813084112149532,0.5046728971962616,453.6915887850468,456.4476190476191,618.0,898.9814814814815,462.3333333333333,1.1123699660109176,2.1629416005767843,4,19,7,13.5,4,1054.0032377428306,248.72454921824044,-0.4203934630776357,bottle_3
afar,0,519,31,123,120,1,49924,48977,947,498,4,17,0.6249723434448242,0.5204745531082153,0.76519775390625,0.050000000745058,0.2198176383972168,32,1,False,0.975609756097561,0.2520325203252032,405.8861788617886,408.14166666666665,947.0,1610.451612903226,416.03333333333336,0.6209438346286356,2.4036535534011696,4,18,1,7.75,4,1054.0032377428306,248.72454921824044,1.5089963183182316,bottle_0
afar,0,520,14,93,82,1,48622,42615,6007,599,4,11,0.4022286534309387,0.5062257647514343,1.0995464324951172,0.050000000745058,0.3265413343906402,32,18,False,0.8817204301075269,0.1505376344086021,522.8172043010753,519.6951219512196,6007.0,3473.0,592.9512195121952,0.2879355024474517,1.6864793714779318,2,9,0,3.5,4,1054.0032377428306,248.72454921824044,6.559920688451307,beer_bottle_3
afar,0,521,40,103,96,1,48923,46457,2466,599,4,14,0.4517266452312469,0.5460565090179443,1.1801612377166748,0.050000000745058,0.5745120048522949,32,0,True,0.9320388349514565,0.3883495145631068,474.9805825242718,483.9270833333333,2466.0,1223.075,509.6145833333333,0.8176113484455164,1.9622672362692395,4,23,1,10.0,4,1054.0032377428306,248.72454921824044,0.4584947645935773,beret_2
afar,0,522,47,101,98,2,48955,47158,1797,599,4,18,0.691336989402771,0.5439388751983643,0.9119502305984496,0.050000000745058,0.6224685907363892,32,0,True,0.9702970297029704,0.4653465346534653,484.7029702970297,481.2040816326531,898.5,1041.595744680851,499.5408163265306,0.9600653661525892,2.0018384230415687,4,20,2,11.75,4,1054.0032377428306,248.72454921824044,-0.0336470770440999,bottle_2
afar,0,523,52,100,93,3,49445,46088,3357,599,4,14,0.5344974994659424,0.5069119334220886,1.0556237697601318,0.050000000745058,0.6138819456100464,32,0,True,0.93,0.52,494.45,495.5698924731183,1119.0,950.8653846153846,531.6666666666666,1.0516735767013854,1.8808777429467085,4,21,6,13.0,4,1054.0032377428306,248.72454921824044,-0.279692865674558,beret_2
afar,0,524,48,100,98,0,48723,47525,1198,599,4,30,0.5204155445098877,0.6853693723678589,0.7189545631408691,0.050000000745058,0.6501791477203369,32,0,True,0.98,0.48,487.23,484.9489795918368,,1015.0625,497.1734693877551,0.98516101225294,2.0113704000164194,4,20,2,12.0,4,1054.0032377428306,248.72454921824044,-0.1056008652547315,chocolate_milk_4
afar,0,525,53,105,104,1,49018,48419,599,599,4,19,0.4345437586307525,0.652691125869751,0.7323897480964661,0.050000000745058,0.3339679837226867,32,0,True,0.9904761904761904,0.5047619047619047,466.83809523809526,465.5673076923077,599.0,924.8679245283018,471.3269230769231,1.0812354645232365,2.121669590762577,4,24,5,13.25,4,1054.0032377428306,248.72454921824044,-0.3501936943376394,bottle_3
afar,0,526,67,124,120,4,48892,47058,1834,599,4,0,0.6810623407363892,0.6020524501800537,0.9527440071105956,0.050000000745058,0.391882836818695,32,0,True,0.967741935483871,0.5403225806451613,394.2903225806452,392.15,458.5,729.7313432835821,407.4333333333333,1.3703673402601653,2.454389266137609,4,24,5,16.75,4,1054.0032377428306,248.72454921824044,-0.8793719538349575,Band_Aid_0
afar,0,527,62,129,117,6,48669,46401,2268,599,4,13,0.6141232252120972,0.6598830819129944,0.9775115251541138,0.050000000745058,0.453744113445282,32,0,True,0.9069767441860463,0.4806201550387597,377.27906976744185,396.5897435897436,378.0,784.983870967742,415.97435897435895,1.273911524789907,2.4039943290390187,4,22,6,15.5,4,1054.0032377428306,248.72454921824044,-0.729536201633973,beer_can_4
afar,0,528,61,113,108,3,49092,47250,1842,599,4,6,0.5226939916610718,0.6896735429763794,0.7673764824867249,0.050000000745058,0.5410962700843811,32,0,True,0.9557522123893806,0.5398230088495575,434.4424778761062,437.5,614.0,804.7868852459017,454.55555555555554,1.2425649800374807,2.199951112197507,4,23,9,15.25,4,1054.0032377428306,248.72454921824044,-0.6758336894669947,aerosol_can_1
afar,0,529,25,109,106,0,49164,47367,1797,599,4,8,0.4775232374668121,0.5005143284797668,0.7715754508972168,0.050000000745058,0.5462387800216675,32,7,False,0.9724770642201837,0.2293577981651376,451.045871559633,446.85849056603774,,1966.56,463.811320754717,0.5085021560491416,2.1560491416483605,3,15,0,6.25,4,1054.0032377428306,248.72454921824044,2.4747035951098675,bandage_4
afar,0,530,26,124,115,2,48742,47636,1106,599,4,10,0.6425344944000244,0.6119862794876099,0.9270951747894288,0.050000000745058,0.3530540466308594,32,6,False,0.9274193548387096,0.2096774193548387,393.0806451612903,414.2260869565217,553.0,1874.692307692308,423.8434782608696,0.5334208690656929,2.359361536252103,4,10,2,6.5,4,1054.0032377428306,248.72454921824044,2.2255735488144843,beer_bottle_0
afar,0,531,54,121,116,3,49691,47483,2208,599,4,16,0.6544183492660522,0.5187318325042725,1.1248546838760376,0.050000000745058,0.7273150682449341,32,0,True,0.9586776859504132,0.4462809917355372,410.6694214876033,409.3362068965517,736.0,920.2037037037036,428.3706896551725,1.0867159042885028,2.334426757360488,4,24,1,13.5,4,1054.0032377428306,248.72454921824044,-0.3628422927814987,boom_microphone_1
afar,0,532,41,124,117,3,48930,47523,1407,599,4,3,0.6887722015380859,0.6723340749740601,0.7278841733932495,0.050000000745058,0.2123504728078842,32,0,True,0.9435483870967742,0.3306451612903225,394.5967741935484,406.1794871794872,469.0,1193.4146341463415,418.2051282051282,0.8379317392192929,2.391171060698958,4,14,6,10.25,4,1054.0032377428306,248.72454921824044,0.3780607389568932,Dixie_cup_4
afar,0,533,69,116,110,4,48485,45856,2629,599,4,24,0.6594359874725342,0.6037182807922363,0.7082560658454895,0.050000000745058,0.6655043363571167,32,0,True,0.9482758620689656,0.5948275862068966,417.9741379310345,416.8727272727273,657.25,702.6811594202899,440.77272727272725,1.4231205527482726,2.2687429101784056,4,32,2,17.25,4,1054.0032377428306,248.72454921824044,-0.9527275959424096,canister_1
afar,0,534,58,117,111,1,49074,48385,689,599,4,3,0.569490909576416,0.6805456876754761,0.7403056621551514,0.050000000745058,0.2160061448812484,32,0,True,0.9487179487179488,0.4957264957264957,419.4358974358975,435.9009009009009,689.0,846.1034482758621,442.1081081081081,1.181888576435587,2.261890206626727,3,24,0,14.5,4,1054.0032377428306,248.72454921824044,-0.5637899774518377,Dixie_cup_4
afar,0,535,54,109,103,2,48696,46206,2490,599,4,1,0.4451782703399658,0.5720036625862122,0.894300103187561,0.050000000745058,0.2015388458967209,32,0,True,0.944954128440367,0.4954128440366973,446.7522935779817,448.6019417475728,1245.0,901.7777777777778,472.77669902912623,1.1089206505667817,2.1151634631181206,4,25,5,13.5,4,1054.0032377428306,248.72454921824044,-0.4128103682131359,Dixie_cup_0
afar,0,536,38,122,119,2,48609,47396,1213,599,4,14,0.7273216843605042,0.5388928651809692,1.0453921556472778,0.050000000745058,0.4977233409881592,32,0,True,0.9754098360655736,0.3114754098360656,398.4344262295082,398.2857142857143,606.5,1279.1842105263158,408.47899159663865,0.7817482359233887,2.448106317760085,4,22,3,9.5,4,1054.0032377428306,248.72454921824044,0.6106536995236101,beret_2
afar,0,537,32,130,118,5,48647,45690,2957,599,4,31,0.5982855558395386,0.6345377564430237,0.7872042059898376,0.050000000745058,0.770097553730011,32,0,True,0.9076923076923076,0.2461538461538461,374.2076923076923,387.20338983050846,591.4,1520.21875,412.2627118644068,0.6578000698912574,2.425637757724012,4,14,2,8.0,4,1054.0032377428306,248.72454921824044,1.2642996600288918,cider_0
afar,0,538,51,112,101,3,48772,47361,1411,599,4,11,0.4670825600624084,0.5627683401107788,0.9491335153579712,0.050000000745058,0.4802091121673584,32,0,True,0.9017857142857144,0.4553571428571428,435.4642857142857,468.9207920792079,470.3333333333333,956.313725490196,482.8910891089109,1.0456819486590667,2.070860329697368,4,21,5,12.75,4,1054.0032377428306,248.72454921824044,-0.2649178628386462,beer_bottle_3
afar,0,539,26,115,109,4,48725,46182,2543,599,4,0,0.7724779844284058,0.6409764289855957,0.6058871150016785,0.050000000745058,0.4820255041122436,32,6,False,0.9478260869565216,0.2260869565217391,423.69565217391306,423.6880733944954,635.75,1874.0384615384608,447.0183486238532,0.5336069779374037,2.237044638276039,4,17,1,6.5,4,1054.0032377428306,248.72454921824044,2.2238004257666977,Band_Aid_0
afar,0,540,19,124,112,8,49117,44894,4223,599,4,10,0.7115095853805542,0.5275360941886902,0.615875780582428,0.050000000745058,0.7221272587776184,32,13,False,0.9032258064516128,0.1532258064516129,396.10483870967744,400.8392857142857,527.875,2585.1052631578946,438.5446428571428,0.3868314432884744,2.280269560437324,4,13,1,4.75,4,1054.0032377428306,248.72454921824044,4.152096443187461,beer_bottle_0
afar,0,541,55,99,96,0,48221,46424,1797,599,4,27,0.4428141117095947,0.6734308004379272,1.0391539335250854,0.050000000745058,0.6038368940353394,32,0,True,0.9696969696969696,0.5555555555555556,487.0808080808081,483.5833333333333,,876.7454545454545,502.3020833333333,1.1405819041496443,1.9908338690611973,4,19,3,13.75,4,1054.0032377428306,248.72454921824044,-0.4806939047328348,chalice_2
afar,0,542,58,117,113,2,48749,47333,1416,599,4,11,0.5001165866851807,0.6525816917419434,0.8236942887306213,0.050000000745058,0.7588869333267212,32,0,True,0.9658119658119658,0.4957264957264957,416.6581196581196,418.87610619469024,708.0,840.5,431.4070796460177,1.189767995240928,2.317996266590084,4,27,5,14.5,4,1054.0032377428306,248.72454921824044,-0.5789856060053853,beer_bottle_3
afar,0,543,42,94,85,1,48792,43401,5391,599,4,8,0.5319391489028931,0.5050373077392578,0.7510198354721069,0.050000000745058,0.7246003150939941,32,0,True,0.9042553191489362,0.4468085106382978,519.063829787234,510.6,5391.0,1161.7142857142858,574.0235294117647,0.8607968519429414,1.7420888670273815,3,23,0,10.5,4,1054.0032377428306,248.72454921824044,0.2920946166556307,bandage_4
afar,0,544,33,95,82,1,48688,40901,7787,599,4,26,0.4845433533191681,0.5383034944534302,1.1090943813323977,0.050000000745058,0.4001691341400146,32,0,True,0.8631578947368421,0.3473684210526316,512.5052631578948,498.7926829268293,7787.0,1475.3939393939395,593.7560975609756,0.677785080512652,1.6841932303647715,4,23,1,8.25,4,1054.0032377428306,248.72454921824044,1.1427421585726962,canister_3
afar,0,545,38,146,110,21,49148,41671,7477,599,4,2,0.6933974027633667,0.5075843930244446,0.7219353914260864,0.050000000745058,0.6036090850830078,32,0,True,0.7534246575342466,0.2602739726027397,336.6301369863013,378.8272727272727,356.04761904761904,1293.3684210526317,446.8,0.7731749003011312,2.2381378692927485,4,17,2,9.5,4,1054.0032377428306,248.72454921824044,0.6491189416159995,Dixie_cup_3
afar,0,546,38,102,90,1,48137,40949,7188,599,4,26,0.4573211371898651,0.6446281671524048,0.9623583555221558,0.050000000745058,0.2934041023254394,32,0,True,0.8823529411764706,0.3725490196078431,471.9313725490196,454.9888888888889,7188.0,1266.7631578947369,534.8555555555556,0.7894135488293827,1.869663668280117,4,24,1,9.5,4,1054.0032377428306,248.72454921824044,0.5769698511607015,canister_3
afar,0,547,91,149,127,19,49160,44754,4406,460,4,23,0.7858737707138062,0.5663563013076782,0.8893382549285889,0.050000000745058,0.7455127239227295,32,0,True,0.8523489932885906,0.610738255033557,329.93288590604027,352.3937007874016,231.8947368421053,540.2197802197802,387.0866141732283,1.8510984540276647,2.5834011391375102,4,27,14,22.75,4,1054.0032377428306,248.72454921824044,-1.3932960907498677,canister_0
afar,0,548,72,117,117,0,49827,49827,0,570,4,20,0.5173331499099731,0.5870395302772522,1.137606859207153,0.050000000745058,0.3996810019016266,32,0,True,1.0,0.6153846153846154,425.87179487179486,425.87179487179486,,692.0416666666666,425.87179487179486,1.444999698958396,2.3481245108073936,3,26,0,18.0,4,1054.0032377428306,248.72454921824044,-0.9815801474290828,can_1
afar,0,549,56,109,108,0,49211,48612,599,599,4,28,0.7180551290512085,0.688927948474884,1.1703152656555176,0.050000000745058,0.7376575469970703,32,0,True,0.9908256880733946,0.5137614678899083,451.4770642201835,450.1111111111111,,878.7678571428571,455.6574074074074,1.137956960842088,2.194631281624027,4,26,2,14.0,4,1054.0032377428306,248.72454921824044,-0.4752094820804045,chalice_4
afar,0,550,78,127,121,5,49226,47615,1611,599,4,21,0.606810986995697,0.5686729550361633,1.0981848239898682,0.050000000745058,0.3088088631629944,32,0,True,0.952755905511811,0.6141732283464567,387.6062992125984,393.5123966942149,322.2,631.1025641025641,406.8264462809917,1.5845285011985537,2.4580506236541666,4,23,17,19.5,4,1054.0032377428306,248.72454921824044,-1.1468369538387366,candle_holder_4
afar,0,551,57,104,100,2,49102,47291,1811,599,4,0,0.5120418071746826,0.6097005009651184,0.9929137229919434,0.050000000745058,0.5793097019195557,32,0,True,0.9615384615384616,0.5480769230769231,472.13461538461536,472.91,905.5,861.438596491228,491.02,1.1608488452608856,2.036576921510325,4,25,5,14.25,4,1054.0032377428306,248.72454921824044,-0.5222035819642394,Band_Aid_0
afar,0,552,83,138,133,3,49193,47576,1617,599,4,7,0.7335565686225891,0.6153274774551392,0.7959274649620056,0.050000000745058,0.5235570073127747,32,0,True,0.9637681159420288,0.6014492753623188,356.4710144927536,357.7142857142857,539.0,592.6867469879518,369.8721804511278,1.6872319232411117,2.703636696277926,4,26,15,20.75,4,1054.0032377428306,248.72454921824044,-1.2510143208306463,atomizer_0
afar,0,553,50,99,96,1,48123,46326,1797,599,4,30,0.4473932683467865,0.6509183645248413,1.183099389076233,0.050000000745058,0.7588075995445251,32,0,True,0.9696969696969696,0.5050505050505051,486.09090909090907,482.5625,1797.0,962.46,501.28125,1.0390042183571264,1.994888099245683,4,20,2,12.5,4,1054.0032377428306,248.72454921824044,-0.2482501789695113,chocolate_milk_4
afar,0,554,32,111,105,0,48614,47907,707,599,4,10,0.4941836297512054,0.6662646532058716,1.1895486116409302,0.050000000745058,0.7326078414916992,32,0,True,0.945945945945946,0.2882882882882883,437.963963963964,456.25714285714287,,1519.1875,462.9904761904762,0.6582465956308883,2.159871641913852,4,15,1,8.0,4,1054.0032377428306,248.72454921824044,1.2615030799277869,beer_bottle_0
afar,0,555,67,115,113,2,49115,47917,1198,599,4,0,0.6239720582962036,0.6821063160896301,1.0563856363296509,0.050000000745058,0.302918404340744,32,0,True,0.982608695652174,0.5826086956521739,427.0869565217391,424.0442477876106,599.0,733.0597014925373,434.646017699115,1.3641453731039397,2.300722793443958,4,24,2,16.75,4,1054.0032377428306,248.72454921824044,-0.8703459947207628,Band_Aid_0
afar,0,556,53,138,129,4,49092,47358,1734,469,4,10,0.7586549520492554,0.539101243019104,1.01746666431427,0.050000000745058,0.3047878444194793,32,0,True,0.9347826086956522,0.3840579710144927,355.7391304347826,367.1162790697674,433.5,926.2641509433962,380.5581395348837,1.0796056383932209,2.6277193840136888,4,24,7,13.25,4,1054.0032377428306,248.72454921824044,-0.3464073583288251,beer_bottle_0
afar,0,557,20,106,102,0,48686,46290,2396,599,4,7,0.5143089294433594,0.5694399476051331,0.8158110976219177,0.050000000745058,0.3494843244552612,32,12,False,0.9622641509433962,0.1886792452830188,459.3018867924528,453.8235294117647,,2434.3,477.3137254901961,0.4107957112927741,2.095058127593148,4,9,1,5.0,4,1054.0032377428306,248.72454921824044,3.743137414737284,atomizer_0
afar,0,558,56,107,103,2,48904,47084,1820,599,4,1,0.4782138466835022,0.5948295593261719,0.953679859638214,0.050000000745058,0.3011744022369385,32,0,True,0.9626168224299064,0.5233644859813084,457.0467289719626,457.126213592233,910.0,873.2857142857143,474.7961165048544,1.1451006052674628,2.106167184688369,4,20,7,14.0,4,1054.0032377428306,248.72454921824044,-0.490076150323507,Dixie_cup_0
afar,0,559,72,107,105,2,48401,47203,1198,599,4,23,0.4723168611526489,0.5352599620819092,0.6938509941101074,0.050000000745058,0.5326621532440186,32,0,True,0.9813084112149532,0.6728971962616822,452.3457943925234,449.5523809523809,599.0,672.2361111111111,460.9619047619048,1.4875725708146526,2.1693766657713685,4,25,12,18.0,4,1054.0032377428306,248.72454921824044,-1.0352895511216818,canister_0
afar,0,560,54,111,108,1,48761,48117,644,599,4,1,0.5118246078491211,0.685931921005249,0.7558952569961548,0.050000000745058,0.4005675613880157,32,0,True,0.972972972972973,0.4864864864864865,439.2882882882883,445.52777777777777,644.0,902.9814814814816,451.4907407407408,1.1074424232480875,2.214884846496175,4,24,3,13.5,4,1054.0032377428306,248.72454921824044,-0.4095461220794109,Dixie_cup_0
afar,0,561,40,128,99,29,49301,40637,8664,599,4,13,0.5309130549430847,0.5788402557373047,0.7265392541885376,0.050000000745058,0.558915376663208,32,0,True,0.7734375,0.3125,385.1640625,410.47474747474746,298.7586206896552,1232.525,497.989898989899,0.8113425691162451,2.0080728585627066,4,19,1,10.0,4,1054.0032377428306,248.72454921824044,0.4841216077018835,beer_can_4
afar,0,562,23,127,116,5,49150,48945,205,542,4,19,0.5534157752990723,0.5266854763031006,1.1572657823562622,0.050000000745058,0.7463997006416321,32,9,False,0.9133858267716536,0.1811023622047244,387.007874015748,421.9396551724138,41.0,2136.9565217391305,423.7068965517241,0.4679552390640895,2.360122075279756,2,12,0,5.75,4,1054.0032377428306,248.72454921824044,2.9367908891638104,bottle_3
afar,0,563,37,102,101,0,48737,48138,599,599,4,15,0.4862228333950043,0.6759010553359985,1.0189107656478882,0.050000000745058,0.3081555962562561,32,0,True,0.9901960784313726,0.3627450980392157,477.8137254901961,476.6138613861386,,1317.2162162162165,482.5445544554456,0.7591768061226584,2.072347497794284,4,17,1,9.25,4,1054.0032377428306,248.72454921824044,0.713790233164804,bolt_1
afar,0,564,23,121,94,19,48866,40447,8419,599,4,2,0.6625090837478638,0.5633537173271179,1.105644464492798,0.050000000745058,0.240511268377304,32,9,False,0.7768595041322314,0.1900826446280991,403.8512396694215,430.2872340425532,443.10526315789474,2124.608695652174,519.8510638297872,0.4706749068882249,1.923627880325789,4,9,3,5.75,4,1054.0032377428306,248.72454921824044,2.9033056191258124,Dixie_cup_3
afar,0,565,27,116,103,7,48891,45644,3247,599,4,13,0.6016243100166321,0.5336765646934509,1.0156877040863037,0.050000000745058,0.6233657002449036,32,5,False,0.8879310344827587,0.2327586206896551,421.4741379310345,443.1456310679612,463.8571428571428,1810.7777777777776,474.66990291262135,0.552248880161993,2.1067272095068623,4,17,1,6.75,4,1054.0032377428306,248.72454921824044,2.052247873633448,beer_can_4
afar,0,566,54,109,106,2,48795,47292,1503,599,4,30,0.469326376914978,0.6474581360816956,0.98011577129364,0.050000000745058,0.2633678317070007,32,0,True,0.9724770642201837,0.4954128440366973,447.6605504587156,446.1509433962264,751.5,903.6111111111112,460.3301886792453,1.1066707654472794,2.172353724766882,4,25,5,13.5,4,1054.0032377428306,248.72454921824044,-0.4078386702556165,chocolate_milk_4
afar,0,567,27,113,102,5,49316,47483,1833,599,4,10,0.4857870936393738,0.5519762635231018,0.9493003487586976,0.050000000745058,0.230383425951004,32,5,False,0.9026548672566372,0.2389380530973451,436.42477876106193,465.5196078431373,366.6,1826.5185185185185,483.4901960784314,0.5474896585286723,2.068294265552762,4,16,1,6.75,4,1054.0032377428306,248.72454921824044,2.094934169228314,beer_bottle_0
afar,0,568,40,124,122,2,49047,48823,224,562,4,27,0.642350435256958,0.6186838746070862,0.882881760597229,0.050000000745058,0.2774372398853302,32,0,True,0.9838709677419356,0.3225806451612903,395.5403225806452,400.1885245901639,112.0,1226.175,402.0245901639344,0.8155442738597671,2.4874100352722897,4,16,7,10.0,4,1054.0032377428306,248.72454921824044,0.4669014538672013,chalice_2
afar,0,569,38,123,119,2,48863,47949,914,523,4,6,0.5971429347991943,0.5849030017852783,1.0444114208221436,0.050000000745058,0.5832743644714355,32,0,True,0.967479674796748,0.3089430894308943,397.260162601626,402.93277310924367,457.0,1285.8684210526317,410.61344537815125,0.777684546589444,2.4353805537932587,4,22,1,9.5,4,1054.0032377428306,248.72454921824044,0.628780177244328,aerosol_can_1
afar,0,570,74,118,118,0,49126,49126,0,527,4,23,0.741549551486969,0.5667049884796143,1.1732065677642822,0.050000000745058,0.2065346091985702,32,0,True,1.0,0.6271186440677966,416.3220338983051,416.3220338983051,,663.8648648648649,416.3220338983051,1.5063306599356756,2.4019867280055367,4,25,11,18.5,4,1054.0032377428306,248.72454921824044,-1.0579909917749672,canister_0
afar,0,571,28,126,122,4,49002,48027,975,592,4,4,0.5696808099746704,0.6730356216430664,1.1580575704574585,0.050000000745058,0.5337488651275635,32,4,False,0.9682539682539684,0.2222222222222222,388.9047619047619,393.6639344262295,243.75,1750.071428571429,401.655737704918,0.5714052487653565,2.4896942981919103,3,13,0,7.0,4,1054.0032377428306,248.72454921824044,1.8876222559838027,Tabasco_sauce_2
afar,0,572,56,104,101,2,48756,47626,1130,599,4,13,0.4379796683788299,0.5728433728218079,0.6799781918525696,0.050000000745058,0.7955983281135559,32,0,True,0.971153846153846,0.5384615384615384,468.8076923076923,471.5445544554456,565.0,870.6428571428571,482.73267326732673,1.1485765854458938,2.0715399130363443,4,17,10,14.0,4,1054.0032377428306,248.72454921824044,-0.4972431434830486,beer_can_4
afar,0,573,52,102,95,4,49580,45681,3899,599,4,2,0.4520775079727173,0.6521779298782349,1.180171251296997,0.050000000745058,0.5236172080039978,32,0,True,0.931372549019608,0.5098039215686274,486.078431372549,480.85263157894735,974.75,953.4615384615385,521.8947368421053,1.0488100040338846,1.9160951996772893,4,19,9,13.0,4,1054.0032377428306,248.72454921824044,-0.2726525241612871,Dixie_cup_3
afar,0,574,32,105,101,4,48488,47852,636,580,4,9,0.5412949919700623,0.6690927147865295,0.780316948890686,0.050000000745058,0.7049793004989624,32,0,True,0.961904761904762,0.3047619047619048,461.79047619047617,473.7821782178218,159.0,1515.25,480.0792079207921,0.6599571027883188,2.082989605675631,4,17,2,8.0,4,1054.0032377428306,248.72454921824044,1.2508252286326595,bear_0
afar,0,575,49,101,97,1,49029,47220,1809,599,4,24,0.5557045936584473,0.6212683916091919,0.7099572420120239,0.050000000745058,0.7272131443023682,32,0,True,0.9603960396039604,0.4851485148514851,485.4356435643565,486.8041237113402,1809.0,1000.591836734694,505.45360824742266,0.9994085133288462,1.9784209345489403,4,15,10,12.25,4,1054.0032377428306,248.72454921824044,-0.1448429199820467,canister_1
afar,0,576,33,112,109,1,49337,48658,679,596,4,19,0.6228245496749878,0.5380175113677979,0.775622546672821,0.050000000745058,0.2583537399768829,32,0,True,0.9732142857142856,0.2946428571428571,440.50892857142856,446.4036697247706,679.0,1495.060606060606,452.6330275229358,0.6688692056671464,2.209295255082393,4,15,1,8.25,4,1054.0032377428306,248.72454921824044,1.1960749184806343,bottle_3
afar,0,577,53,119,104,8,49172,43936,5236,599,4,21,0.5551459193229675,0.6444715261459351,1.0113043785095217,0.050000000745058,0.6392266750335693,32,0,True,0.8739495798319328,0.4453781512605042,413.21008403361344,422.46153846153845,654.5,927.7735849056604,472.8076923076923,1.0778491824615637,2.1150248108679737,4,25,5,13.25,4,1054.0032377428306,248.72454921824044,-0.3423140221030797,candle_holder_4
afar,0,578,57,118,118,0,48794,48794,0,528,4,7,0.673795223236084,0.5403462648391724,0.9499571919441224,0.050000000745058,0.6448084712028503,32,0,True,1.0,0.4830508474576271,413.5084745762712,413.5084745762712,,856.0350877192982,413.5084745762712,1.168176415133008,2.418330122556052,4,22,6,14.25,4,1054.0032377428306,248.72454921824044,-0.536857007523245,atomizer_0
afar,0,579,28,115,111,0,48722,48263,459,562,4,5,0.5334832668304443,0.6483306288719177,0.6561920046806335,0.050000000745058,0.5633836984634399,32,4,False,0.9652173913043478,0.2434782608695652,423.6695652173913,434.8018018018018,,1740.071428571429,438.93693693693695,0.5746890521735561,2.278231599688026,4,12,2,7.0,4,1054.0032377428306,248.72454921824044,1.860503903488241,Tabasco_sauce_4
afar,0,580,47,115,110,2,48990,46815,2175,599,4,14,0.7467907667160034,0.5096984505653381,0.840434730052948,0.050000000745058,0.224116250872612,32,0,True,0.9565217391304348,0.408695652173913,426.0,425.59090909090907,1087.5,1042.340425531915,445.3636363636364,0.9593794651969788,2.245356195141866,4,14,10,11.75,4,1054.0032377428306,248.72454921824044,-0.0316276252625157,beret_2
afar,0,581,34,109,103,3,48638,45629,3009,599,4,20,0.6459375023841858,0.5093081593513489,1.0748671293258667,0.050000000745058,0.7488977313041687,32,0,True,0.944954128440367,0.3119266055045872,446.2201834862385,443.0,1003.0,1430.529411764706,472.2135922330097,0.6990419013939718,2.1176857601052674,4,20,2,8.5,4,1054.0032377428306,248.72454921824044,1.0210769510930526,can_1
afar,0,582,39,115,111,2,49248,48137,1111,599,4,28,0.5385128259658813,0.6187742352485657,0.7484529614448547,0.050000000745058,0.2782801389694214,32,0,True,0.9652173913043478,0.3391304347826087,428.2434782608696,433.6666666666667,555.5,1262.7692307692307,443.6756756756757,0.7919103313840156,2.253898635477583,3,19,0,9.75,4,1054.0032377428306,248.72454921824044,0.5661389787975953,chalice_4
afar,0,583,45,143,131,7,49315,46997,2318,599,4,20,0.7782402038574219,0.6283980011940002,1.0391452312469482,0.050000000745058,0.7226331830024719,32,0,True,0.916083916083916,0.3146853146853147,344.86013986013984,358.7557251908397,331.1428571428572,1095.888888888889,376.4503816793893,0.9125012673628712,2.6563925783230253,4,19,1,11.25,4,1054.0032377428306,248.72454921824044,0.1135869852284948,can_1
afar,0,584,35,113,113,0,48605,48605,0,564,4,22,0.6510587930679321,0.5551732182502747,0.7836940288543701,0.050000000745058,0.2348997294902801,32,0,True,1.0,0.3097345132743362,430.13274336283183,430.13274336283183,,1388.7142857142858,430.13274336283183,0.7200905256660838,2.324863697150499,3,26,0,8.75,4,1054.0032377428306,248.72454921824044,0.9076812183048878,candy_cane_1
afar,0,585,63,111,103,6,48497,46164,2333,599,4,13,0.4640820026397705,0.623706579208374,0.7630946040153503,0.050000000745058,0.5203053951263428,32,0,True,0.927927927927928,0.5675675675675675,436.9099099099099,448.19417475728153,388.8333333333333,769.7936507936508,470.8446601941748,1.2990494257376746,2.123842711920325,4,22,1,15.75,4,1054.0032377428306,248.72454921824044,-0.770729576150593,beer_can_4
afar,0,586,15,116,104,0,49061,45919,3142,599,4,27,0.4886913001537323,0.5778125524520874,0.7858957648277283,0.050000000745058,0.7491414546966553,32,17,False,0.896551724137931,0.1293103448275862,422.9396551724138,441.5288461538461,,3270.733333333333,471.74038461538464,0.3057418315973991,2.119810032408634,4,5,2,3.75,4,1054.0032377428306,248.72454921824044,6.011406811974405,chalice_2
afar,0,587,21,118,114,2,48332,46491,1841,599,4,4,0.7254030108451843,0.6935757398605347,0.7430015206336975,0.050000000745058,0.4657290577888489,32,11,False,0.9661016949152542,0.1779661016949152,409.59322033898303,407.8157894736842,920.5,2301.5238095238096,423.96491228070175,0.4344947446826119,2.3586857568484647,4,9,3,5.25,4,1054.0032377428306,248.72454921824044,3.3830702611021626,Tabasco_sauce_2
afar,0,588,38,128,125,1,49410,48751,659,599,4,25,0.6913442015647888,0.6829389333724976,0.7217329144477844,0.050000000745058,0.2275516539812088,32,0,True,0.9765625,0.296875,386.015625,390.008,659.0,1300.2631578947369,395.28,0.7690750860149768,2.529852256628213,4,17,3,9.5,4,1054.0032377428306,248.72454921824044,0.6678163320208342,canister_2
afar,0,589,43,127,116,10,49344,46294,3050,533,4,27,0.7561588287353516,0.5092130303382874,0.930655598640442,0.050000000745058,0.3461138010025024,32,0,True,0.9133858267716536,0.3385826771653543,388.5354330708661,399.0862068965517,305.0,1147.5348837209303,425.3793103448276,0.8714332036316472,2.350843060959793,4,22,5,10.75,4,1054.0032377428306,248.72454921824044,0.2536424145124221,chalice_2
afar,0,590,71,127,123,2,49144,47839,1305,599,4,30,0.5846368670463562,0.5350469946861267,0.988524854183197,0.050000000745058,0.7462157607078552,32,0,True,0.968503937007874,0.5590551181102362,386.9606299212599,388.9349593495935,652.5,692.169014084507,399.5447154471545,1.4447338433989907,2.5028487709588148,4,28,5,17.75,4,1054.0032377428306,248.72454921824044,-0.9812348022124432,chocolate_milk_4
afar,0,591,37,113,107,1,48614,46180,2434,599,4,24,0.7398841381072998,0.5746387839317322,0.8626112937927246,0.050000000745058,0.4723145961761474,32,0,True,0.9469026548672568,0.3274336283185841,430.21238938053096,431.58878504672896,2434.0,1313.891891891892,454.33644859813086,0.7610976261982145,2.2010120541407825,4,17,3,9.25,4,1054.0032377428306,248.72454921824044,0.7047752132811441,canister_1
afar,0,592,34,128,126,0,49483,48668,815,598,4,18,0.6994357109069824,0.5042322278022766,0.9117620587348938,0.050000000745058,0.6894966959953308,32,0,True,0.984375,0.265625,386.5859375,386.25396825396825,,1455.3823529411766,392.72222222222223,0.6871046622072227,2.5463290422973546,4,17,3,8.5,4,1054.0032377428306,248.72454921824044,1.088474033030553,bottle_2
afar,0,593,27,115,110,1,49158,47328,1830,599,4,0,0.6618514060974121,0.5665963292121887,1.1607303619384766,0.050000000745058,0.5364295840263367,32,5,False,0.9565217391304348,0.2347826086956521,427.46086956521737,430.2545454545455,1830.0,1820.6666666666667,446.8909090909091,0.5492493592090809,2.2376825745555147,4,11,3,6.75,4,1054.0032377428306,248.72454921824044,2.0790649111012818,Band_Aid_0
afar,0,594,18,105,78,6,48687,38878,9809,599,4,10,0.5537108182907104,0.555916965007782,0.619483232498169,0.050000000745058,0.7274754643440247,32,14,False,0.7428571428571429,0.1714285714285714,463.6857142857143,498.4358974358975,1634.8333333333333,2704.833333333333,624.1923076923077,0.3697085464292316,1.6020703678600037,2,16,0,4.5,4,1054.0032377428306,248.72454921824044,4.4767792442505545,beer_bottle_0
afar,0,595,75,140,133,5,49557,47302,2255,599,4,7,0.7927976846694946,0.6358478665351868,0.6684045195579529,0.050000000745058,0.4222089052200317,32,0,True,0.95,0.5357142857142857,353.97857142857146,355.65413533834584,451.0,660.76,372.609022556391,1.5134088019855922,2.6837782755211173,4,25,16,18.75,4,1054.0032377428306,248.72454921824044,-1.0664108737606166,atomizer_0
afar,0,596,84,134,124,9,49024,47703,1321,599,4,10,0.6404727697372437,0.6806574463844299,0.6116409301757812,0.050000000745058,0.7170873880386353,32,0,True,0.9253731343283582,0.6268656716417911,365.8507462686568,384.7016129032258,146.77777777777777,583.6190476190476,395.35483870967744,1.7134464751958225,2.529373368146214,4,25,18,21.0,4,1054.0032377428306,248.72454921824044,-1.2756044276116192,beer_bottle_0
afar,0,597,49,118,106,8,49719,46030,3689,599,4,11,0.5483972430229187,0.5262890458106995,0.6737267971038818,0.050000000745058,0.501205325126648,32,0,True,0.8983050847457628,0.4152542372881356,421.3474576271187,434.245283018868,461.125,1014.6734693877552,469.0471698113208,0.9855387276493895,2.1319817373639856,4,18,7,12.25,4,1054.0032377428306,248.72454921824044,-0.1066558521821737,beer_bottle_3
afar,0,598,55,116,110,4,49332,46999,2333,599,4,6,0.5971564650535583,0.6394317150115967,0.6031373143196106,0.050000000745058,0.6826912760734558,32,0,True,0.9482758620689656,0.4741379310344827,425.2758620689655,427.2636363636364,583.25,896.9454545454546,448.4727272727273,1.1148949971620854,2.229789994324171,4,19,9,13.75,4,1054.0032377428306,248.72454921824044,-0.4259148326917994,aerosol_can_1
afar,0,599,25,144,115,16,48951,41991,6960,599,4,17,0.7966096997261047,0.5200470685958862,0.8379150032997131,0.050000000745058,0.5310156345367432,32,7,False,0.7986111111111112,0.1736111111111111,339.9375,365.1391304347826,435.0,1958.04,425.6608695652174,0.5107147964290821,2.349288063573778,3,16,0,6.25,4,1054.0032377428306,248.72454921824044,2.4515987587836485,bottle_0
afar,0,600,55,129,117,9,48321,45359,2962,599,4,5,0.7343301773071289,0.6541398763656616,0.9008141160011292,0.050000000745058,0.7548061609268188,32,0,True,0.9069767441860463,0.4263565891472868,374.5813953488372,387.6837606837607,329.1111111111111,878.5636363636364,413.0,1.138221477204528,2.4213075060532687,3,21,0,13.75,4,1054.0032377428306,248.72454921824044,-0.475763295188187,Tabasco_sauce_4
afar,0,601,86,116,109,5,48739,46077,2662,599,4,1,0.5851787328720093,0.5125861763954163,0.90863835811615,0.050000000745058,0.7878375053405762,32,0,True,0.9396551724137931,0.7413793103448276,420.16379310344826,422.72477064220186,532.4,566.7325581395348,447.1467889908257,1.764500707852028,2.236402059951989,4,28,15,21.5,4,1054.0032377428306,248.72454921824044,-1.321397805023422,Dixie_cup_0
afar,0,602,53,129,122,6,48776,46842,1934,594,4,26,0.7960730791091919,0.510359525680542,1.0226316452026367,0.050000000745058,0.2202149629592895,32,0,True,0.9457364341085271,0.4108527131782946,378.1085271317829,383.9508196721312,322.3333333333333,920.3018867924528,399.8032786885246,1.0865999671969822,2.501230113170412,4,27,2,13.25,4,1054.0032377428306,248.72454921824044,-0.3625760364205186,canister_3
afar,0,603,40,109,107,2,48306,47497,809,599,4,13,0.6878271102905273,0.6046949028968811,0.9720808863639832,0.050000000745058,0.6208795309066772,32,0,True,0.981651376146789,0.3669724770642202,443.1743119266055,443.8971962616823,404.5,1207.65,451.4579439252336,0.8280544859851778,2.21504575001035,4,19,1,10.0,4,1054.0032377428306,248.72454921824044,0.416664705869173,beer_can_4
afar,0,604,64,100,98,1,48791,47593,1198,599,4,14,0.493516594171524,0.667151689529419,0.8345966935157776,0.050000000745058,0.5730730295181274,32,0,True,0.98,0.64,487.91,485.6428571428572,1198.0,762.359375,497.8673469387755,1.3117173249164804,2.008567153778361,4,24,9,16.0,4,1054.0032377428306,248.72454921824044,-0.7908901073027377,beret_2
afar,0,605,25,107,101,1,48628,47537,1091,599,4,29,0.4179862141609192,0.5432326793670654,0.6620240211486816,0.050000000745058,0.4730871915817261,32,7,False,0.9439252336448598,0.2336448598130841,454.4672897196262,470.66336633663366,1091.0,1945.12,481.4653465346535,0.5141070987908201,2.0769926791149134,2,17,0,6.25,4,1054.0032377428306,248.72454921824044,2.416561847359382,chicken_(animal)_2
afar,0,606,41,132,115,16,49119,45213,3906,572,4,4,0.7162277698516846,0.6545952558517456,0.9271218180656432,0.050000000745058,0.6163363456726074,32,0,True,0.8712121212121212,0.3106060606060606,372.1136363636364,393.1565217391304,244.125,1198.0243902439024,427.1217391304348,0.834707546977748,2.341252875669293,4,24,2,10.25,4,1054.0032377428306,248.72454921824044,0.3905616380341153,Tabasco_sauce_2
afar,0,607,20,157,94,46,49013,33097,15916,599,4,13,0.7875665426254272,0.5890957713127136,0.7783135175704956,0.050000000745058,0.733278751373291,32,12,False,0.5987261146496815,0.1273885350318471,312.1847133757961,352.09574468085106,346.0,2450.65,521.4148936170212,0.4080550058147838,1.917858527329484,4,9,1,5.0,4,1054.0032377428306,248.72454921824044,3.787475921067528,beer_can_4
afar,0,608,57,114,104,8,48688,47857,831,599,4,11,0.4834750294685364,0.5935096740722656,0.8684271574020386,0.050000000745058,0.389625072479248,32,0,True,0.912280701754386,0.5,427.0877192982456,460.1634615384616,103.875,854.1754385964912,468.1538461538461,1.1707196845218537,2.13604995070654,4,23,8,14.25,4,1054.0032377428306,248.72454921824044,-0.5419000695662792,beer_bottle_3
afar,0,609,50,116,114,1,49390,48595,795,599,4,7,0.6821445822715759,0.5343942642211914,0.9386364221572876,0.050000000745058,0.7923175096511841,32,0,True,0.9827586206896552,0.4310344827586206,425.7758620689655,426.2719298245614,795.0,987.8,433.2456140350877,1.0123506782749545,2.308159546466896,4,25,2,12.5,4,1054.0032377428306,248.72454921824044,-0.1795322737457575,atomizer_0
afar,0,610,49,137,127,7,48668,47306,1362,508,4,27,0.6085142493247986,0.5117906332015991,1.1605968475341797,0.050000000745058,0.6806464791297913,32,0,True,0.927007299270073,0.3576642335766423,355.24087591240874,372.488188976378,194.57142857142856,993.2244897959184,383.21259842519686,1.006821730911482,2.609517547464453,4,25,1,12.25,4,1054.0032377428306,248.72454921824044,-0.1648219511063281,chalice_2
afar,0,611,59,126,79,46,48885,32873,16012,599,4,2,0.5572364926338196,0.6614882946014404,0.9885258078575134,0.050000000745058,0.6400006413459778,32,0,True,0.626984126984127,0.4682539682539682,387.9761904761905,416.1139240506329,348.0869565217391,828.5593220338983,618.7974683544304,1.2069141863557329,1.616037639357676,4,17,13,14.75,4,1054.0032377428306,248.72454921824044,-0.6113667574174589,Dixie_cup_3
afar,0,612,19,113,110,1,49421,47624,1797,599,4,15,0.545617938041687,0.6341231465339661,1.0392005443572998,0.050000000745058,0.2929432392120361,32,13,False,0.9734513274336284,0.168141592920354,437.353982300885,432.94545454545454,1797.0,2601.1052631578946,449.2818181818182,0.3844519536229538,2.225774468343417,4,8,2,4.75,4,1054.0032377428306,248.72454921824044,4.19548580718036,bolt_1
afar,0,613,33,112,106,1,48902,47048,1854,599,4,11,0.6556403636932373,0.5675861835479736,0.7430855631828308,0.050000000745058,0.7843000292778015,32,0,True,0.9464285714285714,0.2946428571428571,436.625,443.8490566037736,1854.0,1481.878787878788,461.33962264150944,0.6748190258067155,2.1676005071367226,3,16,0,8.25,4,1054.0032377428306,248.72454921824044,1.1603279992819395,beer_bottle_3
afar,0,614,43,118,116,0,49132,48502,630,599,4,14,0.6440912485122681,0.6790059208869934,0.7362875938415527,0.050000000745058,0.7168407440185547,32,0,True,0.9830508474576272,0.3644067796610169,416.3728813559322,418.1206896551725,,1142.6046511627908,423.5517241379311,0.8751933566718229,2.3609867296263127,4,25,1,10.75,4,1054.0032377428306,248.72454921824044,0.2402724360727496,beret_2
afar,0,615,89,125,121,4,48617,47553,1064,599,4,29,0.7350817918777466,0.5505416989326477,0.6491883397102356,0.050000000745058,0.4924845695495605,32,0,True,0.968,0.712,388.936,393.0,266.0,546.2584269662922,401.793388429752,1.8306353744574944,2.488841351790526,4,28,11,22.25,4,1054.0032377428306,248.72454921824044,-1.3769202756430587,chicken_(animal)_2
afar,0,616,51,124,122,1,48859,48109,750,599,4,1,0.673214852809906,0.5856196880340576,0.9299357533454896,0.050000000745058,0.2604143023490906,32,0,True,0.9838709677419356,0.4112903225806452,394.0241935483871,394.3360655737705,750.0,958.0196078431372,400.4836065573771,1.0438199717554597,2.496981108905217,4,25,3,12.75,4,1054.0032377428306,248.72454921824044,-0.2602917909423448,Dixie_cup_0
afar,0,617,62,140,134,4,49379,47579,1800,599,4,29,0.6910114288330078,0.6158687472343445,1.1337976455688477,0.050000000745058,0.4357289969921112,32,0,True,0.9571428571428572,0.4428571428571428,352.70714285714286,355.06716417910445,450.0,796.4354838709677,368.5,1.2555944834848822,2.71370420624152,4,25,9,15.5,4,1054.0032377428306,248.72454921824044,-0.6984813140987328,chicken_(animal)_2
afar,0,618,41,124,117,4,49582,45529,4053,599,4,21,0.7764314413070679,0.5893599390983582,1.082789659500122,0.050000000745058,0.7016743421554565,32,0,True,0.9435483870967742,0.3306451612903225,399.85483870967744,389.13675213675214,1013.25,1209.3170731707316,423.77777777777777,0.8269129926182889,2.359727320398532,4,15,3,10.25,4,1054.0032377428306,248.72454921824044,0.4211855336571523,candle_holder_4
afar,0,619,70,127,123,3,49415,48512,903,590,4,29,0.662277102470398,0.5883336067199707,0.9100698828697203,0.050000000745058,0.2904878854751587,32,0,True,0.968503937007874,0.5511811023622047,389.0944881889764,394.4065040650407,301.0,705.9285714285714,401.7479674796748,1.4165739148031975,2.4891227360113324,4,26,4,17.5,4,1054.0032377428306,248.72454921824044,-0.9439211495885194,chicken_(animal)_2
afar,0,620,43,109,94,5,48448,44203,4245,599,4,12,0.6296885013580322,0.5920138359069824,1.0990417003631592,0.050000000745058,0.5882963538169861,32,0,True,0.8623853211009175,0.3944954128440367,444.4770642201835,470.24468085106383,849.0,1126.6976744186047,515.4042553191489,0.887549537648613,1.940224570673712,4,19,3,10.75,4,1054.0032377428306,248.72454921824044,0.1971353358239951,beer_can_1
afar,0,621,42,116,111,2,49365,47766,1599,599,4,14,0.5271871089935303,0.6920479536056519,0.6811122894287109,0.050000000745058,0.3045411109924316,32,0,True,0.956896551724138,0.3620689655172414,425.5603448275862,430.3243243243243,799.5,1175.357142857143,444.72972972972974,0.850805226374962,2.248556669705257,3,23,0,10.5,4,1054.0032377428306,248.72454921824044,0.3290917975602903,beret_2
afar,0,622,15,116,112,1,48804,46408,2396,599,4,22,0.7466778755187988,0.6401126384735107,1.1037839651107788,0.050000000745058,0.4356113374233246,32,17,False,0.9655172413793104,0.1293103448275862,420.7241379310345,414.3571428571428,2396.0,3253.6,435.75,0.3073518564052127,2.2948938611589216,3,10,0,3.75,4,1054.0032377428306,248.72454921824044,5.964944034698676,candy_cane_1
afar,0,623,46,113,104,5,49127,44889,4238,599,4,21,0.6295362710952759,0.5202764272689819,1.0018397569656372,0.050000000745058,0.6048925518989563,32,0,True,0.9203539823008848,0.4070796460176991,434.7522123893805,431.625,847.6,1067.9782608695652,472.375,0.9363486473833128,2.1169621593014023,4,20,2,11.5,4,1054.0032377428306,248.72454921824044,0.037897960328442,candle_holder_4
afar,0,624,30,139,105,21,49137,41338,7799,599,4,13,0.7289136648178101,0.6998443603515625,0.7122981548309326,0.050000000745058,0.6553400754928589,32,2,False,0.7553956834532374,0.2158273381294964,353.5035971223021,393.6952380952381,371.3809523809524,1637.9,467.9714285714286,0.6105378838756945,2.1368825935649305,4,22,2,7.5,4,1054.0032377428306,248.72454921824044,1.5834318219907273,beer_can_4
afar,0,625,63,132,126,4,48961,47094,1867,599,4,0,0.7931293249130249,0.5691971778869629,0.6534091830253601,0.050000000745058,0.3321375250816345,32,0,True,0.9545454545454546,0.4772727272727273,370.9166666666667,373.7619047619048,466.75,777.1587301587301,388.57936507936506,1.2867384244602846,2.5734768489205693,4,25,2,15.75,4,1054.0032377428306,248.72454921824044,-0.750756694312592,Band_Aid_0
afar,0,626,28,113,105,6,48828,46717,2111,599,4,10,0.5552694201469421,0.6434329152107239,0.8085132241249084,0.050000000745058,0.2902901172637939,32,4,False,0.9292035398230089,0.247787610619469,432.1061946902655,444.9238095238095,351.8333333333333,1743.857142857143,465.0285714285714,0.573441468010158,2.150405505038093,3,12,0,7.0,4,1054.0032377428306,248.72454921824044,1.870770136932989,beer_bottle_0
afar,0,627,45,114,107,3,49179,45563,3616,599,4,9,0.7408201694488525,0.6986857652664185,1.0759501457214355,0.050000000745058,0.5273618102073669,32,0,True,0.9385964912280702,0.3947368421052631,431.39473684210526,425.8224299065421,1205.3333333333333,1092.8666666666666,459.61682242990656,0.915024705667053,2.1757254112527704,4,21,1,11.25,4,1054.0032377428306,248.72454921824044,0.1053912164742802,bear_0
afar,0,628,45,113,109,0,49765,47926,1839,599,4,25,0.5593838691711426,0.5550706386566162,0.8850889801979065,0.050000000745058,0.4746348261833191,32,0,True,0.9646017699115044,0.3982300884955752,440.3982300884956,439.6880733944954,,1105.888888888889,456.5596330275229,0.9042499748819453,2.1902943836029336,4,30,4,11.25,4,1054.0032377428306,248.72454921824044,0.1407053377240568,canister_2
afar,0,629,47,132,116,7,48850,45350,3500,599,4,3,0.780485987663269,0.5884922742843628,1.0441319942474363,0.050000000745058,0.2731240391731262,32,0,True,0.8787878787878788,0.3560606060606061,370.0757575757576,390.94827586206895,500.0,1039.3617021276596,421.1206896551725,0.962128966223132,2.374616171954964,4,25,6,11.75,4,1054.0032377428306,248.72454921824044,-0.0397054323888533,Dixie_cup_4
afar,0,630,60,115,111,2,48978,48079,899,599,4,8,0.7574191093444824,0.5776540040969849,0.8686062693595886,0.050000000745058,0.4011850357055664,32,0,True,0.9652173913043478,0.5217391304347826,425.89565217391305,433.14414414414415,449.5,816.3,441.2432432432432,1.2250398137939482,2.2663236555188044,4,29,5,15.0,4,1054.0032377428306,248.72454921824044,-0.6446120190446455,bandage_4
afar,0,631,29,109,105,0,48541,47904,637,599,4,31,0.5283128619194031,0.5314383506774902,0.8663291931152344,0.050000000745058,0.2260018736124038,32,3,False,0.963302752293578,0.2660550458715596,445.3302752293578,456.22857142857146,,1673.8275862068965,462.2952380952381,0.5974330977936178,2.163119836838961,3,15,0,7.25,4,1054.0032377428306,248.72454921824044,1.6808615166980585,cider_0
afar,0,632,68,126,121,4,48975,47577,1398,599,4,3,0.6071727871894836,0.5683989524841309,0.7688539624214172,0.050000000745058,0.5179712176322937,32,0,True,0.9603174603174603,0.5396825396825397,388.6904761904762,393.198347107438,349.5,720.2205882352941,404.75206611570246,1.3884635017866258,2.470648289943849,4,25,2,17.0,4,1054.0032377428306,248.72454921824044,-0.9051635546247992,Dixie_cup_4
afar,0,633,74,107,102,3,49225,47383,1842,599,4,22,0.512658417224884,0.5837485790252686,1.1310869455337524,0.050000000745058,0.6805784106254578,32,0,True,0.9532710280373832,0.6915887850467289,460.0467289719626,464.5392156862745,614.0,665.2027027027027,482.5980392156863,1.5033011681056374,2.07211782630777,4,23,12,18.5,4,1054.0032377428306,248.72454921824044,-1.0543629959681289,candy_cane_1
afar,0,634,42,122,113,3,48940,47384,1556,599,4,12,0.5191105604171753,0.5667173862457275,1.1985020637512207,0.050000000745058,0.4233317375183105,32,0,True,0.9262295081967212,0.3442622950819672,401.1475409836066,419.3274336283186,518.6666666666666,1165.2380952380952,433.0973451327434,0.8581937065794851,2.3089497343686145,4,18,2,10.5,4,1054.0032377428306,248.72454921824044,0.301650607535019,beer_can_1
afar,0,635,63,116,113,1,48698,47907,791,599,4,24,0.5595065355300903,0.5156670808792114,1.101597547531128,0.050000000745058,0.5322310328483582,32,0,True,0.9741379310344828,0.5431034482758621,419.8103448275862,423.95575221238937,791.0,772.984126984127,430.95575221238937,1.293687625775186,2.320423836707873,4,25,2,15.75,4,1054.0032377428306,248.72454921824044,-0.7620775303543899,canister_1
afar,0,636,44,128,123,2,49554,47165,2389,599,4,6,0.5986364483833313,0.6682855486869812,1.129913330078125,0.050000000745058,0.5812565684318542,32,0,True,0.9609375,0.34375,387.140625,383.4552845528455,1194.5,1126.2272727272727,402.8780487804878,0.8879202486176696,2.4821406949993947,4,19,4,11.0,4,1054.0032377428306,248.72454921824044,0.1958596839359902,aerosol_can_1
afar,0,637,54,107,100,5,49175,45899,3276,599,4,22,0.5302813649177551,0.5604469776153564,1.005046248435974,0.050000000745058,0.3623348772525787,32,0,True,0.9345794392523364,0.5046728971962616,459.5794392523365,458.99,655.2,910.6481481481482,491.75,1.0981189628876462,2.0335536349771224,4,24,6,13.5,4,1054.0032377428306,248.72454921824044,-0.3887553851661468,candy_cane_1
afar,0,638,25,97,95,0,48887,47689,1198,599,4,22,0.4112003445625305,0.6780368089675903,0.9768108129501344,0.050000000745058,0.73822420835495,32,7,False,0.979381443298969,0.2577319587628865,503.9896907216495,501.9894736842105,,1955.48,514.6,0.5113833943584184,1.9432568985619896,3,13,0,6.25,4,1054.0032377428306,248.72454921824044,2.4446564605447847,candy_cane_1
afar,0,639,45,98,95,3,48691,48043,648,599,4,24,0.4790345430374145,0.6875208616256714,0.969371259212494,0.050000000745058,0.5221419930458069,32,0,True,0.9693877551020408,0.4591836734693877,496.8469387755102,505.7157894736842,216.0,1082.022222222222,512.5368421052632,0.9241954365283112,1.9510792548931013,4,23,1,11.25,4,1054.0032377428306,248.72454921824044,0.0759828697679819,canister_1
afar,0,640,46,111,109,0,48765,48724,41,580,4,16,0.5829092264175415,0.5737727880477905,0.8824042081832886,0.050000000745058,0.6723889112472534,32,0,True,0.981981981981982,0.4144144144144144,439.3243243243243,447.0091743119266,,1060.108695652174,447.3853211009175,0.9432994975904848,2.235209679073105,4,24,4,11.5,4,1054.0032377428306,248.72454921824044,0.016556995973239,boom_microphone_1
afar,0,641,46,97,83,7,49114,43381,5733,599,4,24,0.5361539125442505,0.504035472869873,0.6017071604728699,0.050000000745058,0.3061366677284241,32,0,True,0.8556701030927835,0.4742268041237113,506.3298969072165,522.6626506024096,819.0,1067.695652173913,591.7349397590361,0.9365964897992426,1.6899458402899377,4,22,1,11.5,4,1054.0032377428306,248.72454921824044,0.0371315721057412,canister_1
afar,0,642,41,133,107,18,49011,41927,7084,599,4,12,0.748551070690155,0.6127973794937134,1.1035385131835938,0.050000000745058,0.5571103692054749,32,0,True,0.8045112781954887,0.3082706766917293,368.5037593984962,391.8411214953271,393.55555555555554,1195.3902439024391,458.0467289719626,0.8365468976352247,2.183183366999245,3,23,0,10.25,4,1054.0032377428306,248.72454921824044,0.3834182671328457,beer_can_1
afar,0,643,66,118,114,3,49315,47611,1704,599,4,30,0.762571394443512,0.6414430737495422,0.9156637787818908,0.050000000745058,0.2284207642078399,32,0,True,0.9661016949152542,0.559322033898305,417.9237288135593,417.640350877193,568.0,747.1969696969697,432.5877192982456,1.3383351921322113,2.311669877319274,4,23,13,16.5,4,1054.0032377428306,248.72454921824044,-0.832008052471553,chocolate_milk_4
afar,0,644,20,111,97,1,48853,40607,8246,599,4,26,0.7274125218391418,0.5441778302192688,0.8064974546432495,0.050000000745058,0.4439825117588043,32,12,False,0.8738738738738738,0.1801801801801801,440.1171171171171,418.62886597938143,8246.0,2442.65,503.639175257732,0.4093914396249974,1.9855484821812377,3,13,0,5.0,4,1054.0032377428306,248.72454921824044,3.7657812390710776,canister_3
afar,0,645,25,116,106,5,48779,48592,187,571,4,3,0.6885163187980652,0.5047454237937927,1.090369462966919,0.050000000745058,0.5780640244483948,32,7,False,0.913793103448276,0.2155172413793103,420.5086206896552,458.4150943396226,37.4,1951.16,460.1792452830189,0.5125156317267676,2.1730662785214947,3,15,0,6.25,4,1054.0032377428306,248.72454921824044,2.432941332266702,Dixie_cup_4
afar,0,646,50,113,105,5,48643,46317,2326,599,4,11,0.4414473176002502,0.6196007132530212,0.7128382921218872,0.050000000745058,0.2941333949565887,32,0,True,0.9292035398230089,0.4424778761061947,430.46902654867256,441.1142857142857,465.2,972.86,463.26666666666665,1.027897128055424,2.158583968916391,4,22,8,12.5,4,1054.0032377428306,248.72454921824044,-0.2200470923741269,beer_bottle_3
afar,0,647,48,141,126,7,49248,45778,3470,599,4,6,0.7889529466629028,0.6305195093154907,0.9372498393058776,0.050000000745058,0.2856113612651825,32,0,True,0.8936170212765957,0.3404255319148936,349.27659574468083,363.3174603174603,495.7142857142857,1026.0,390.8571428571428,0.9746588693957114,2.5584795321637426,4,19,5,12.0,4,1054.0032377428306,248.72454921824044,-0.0759401672127105,aerosol_can_1
afar,0,648,22,97,91,2,49317,45723,3594,599,4,6,0.4237580001354217,0.5273309350013733,0.9237935543060304,0.050000000745058,0.2865543365478515,32,10,False,0.9381443298969072,0.2268041237113402,508.4226804123711,502.45054945054943,1797.0,2241.681818181818,541.945054945055,0.4460936391102459,1.8452055072287443,3,13,0,5.5,4,1054.0032377428306,248.72454921824044,3.2207886395773127,aerosol_can_1
afar,0,649,49,104,100,1,48370,46692,1678,599,4,22,0.5342486500740051,0.5958082675933838,1.1612861156463623,0.050000000745058,0.3698424696922302,32,0,True,0.9615384615384616,0.4711538461538461,465.09615384615387,466.92,1678.0,987.1428571428572,483.7,1.0130246020260492,2.067397146991937,4,21,4,12.25,4,1054.0032377428306,248.72454921824044,-0.1813143369097515,candy_cane_1
afar,0,650,34,104,102,0,49465,48267,1198,599,4,30,0.4592369198799133,0.5724873542785645,0.7911673784255981,0.050000000745058,0.6878695487976074,32,0,True,0.9807692307692308,0.3269230769230769,475.625,473.2058823529412,,1454.8529411764705,484.9509803921569,0.6873546952390579,2.0620640857171737,4,13,4,8.5,4,1054.0032377428306,248.72454921824044,1.0870383555454928,chocolate_milk_4
afar,0,651,41,120,117,1,49622,47961,1661,599,4,6,0.6719200611114502,0.519805908203125,0.6597097516059875,0.050000000745058,0.5819782018661499,32,0,True,0.975,0.3416666666666667,413.51666666666665,409.9230769230769,1661.0,1210.2926829268292,424.1196581196581,0.8262464229575591,2.3578251581959613,3,20,0,10.25,4,1054.0032377428306,248.72454921824044,0.4238312265835486,aerosol_can_1
afar,0,652,41,94,83,4,48324,41735,6589,599,4,9,0.4335769116878509,0.6585504412651062,0.7314435839653015,0.050000000745058,0.3456660509109497,32,0,True,0.8829787234042553,0.4361702127659574,514.0851063829788,502.8313253012048,1647.25,1178.6341463414635,582.2168674698795,0.8484396987004387,1.717573048588693,4,13,8,10.25,4,1054.0032377428306,248.72454921824044,0.3379784911219894,bear_0
afar,0,653,45,115,113,1,49008,47846,1162,599,4,30,0.5014011263847351,0.5547043085098267,1.0855563879013062,0.050000000745058,0.5417158007621765,32,0,True,0.982608695652174,0.391304347826087,426.1565217391304,423.4159292035398,1162.0,1089.0666666666666,433.6991150442478,0.9182174338883448,2.3057460006529547,3,22,0,11.25,4,1054.0032377428306,248.72454921824044,0.0950862425259668,chocolate_milk_4
afar,0,654,41,100,96,3,48349,47678,671,599,4,16,0.4729577302932739,0.5856351852416992,1.0395848751068115,0.050000000745058,0.2713572978973388,32,0,True,0.96,0.41,483.49,496.6458333333333,223.66666666666663,1179.2439024390244,503.6354166666667,0.8480009927816501,1.9855633001716688,4,18,4,10.25,4,1054.0032377428306,248.72454921824044,0.3396320492009868,boom_microphone_1
afar,0,655,55,100,98,1,48698,47500,1198,599,4,5,0.477062851190567,0.6958303451538086,0.7385240197181702,0.050000000745058,0.2847434282302856,32,0,True,0.98,0.55,486.98,484.6938775510204,1198.0,885.4181818181818,496.9183673469388,1.1294098320259558,2.012402973428067,4,21,2,13.75,4,1054.0032377428306,248.72454921824044,-0.4571748972048657,Tabasco_sauce_4
afar,0,656,45,104,93,8,48779,46270,2509,599,4,24,0.5066362619400024,0.60679692029953,0.7588537335395813,0.050000000745058,0.4333229064941406,32,0,True,0.8942307692307693,0.4326923076923077,469.0288461538461,497.5268817204301,313.625,1083.977777777778,524.505376344086,0.9225281371081818,1.906558150023576,4,15,2,11.25,4,1054.0032377428306,248.72454921824044,0.0812860142560034,canister_1
afar,0,657,43,130,121,7,49451,46429,3022,599,4,6,0.7966036796569824,0.5241798162460327,0.6298126578330994,0.050000000745058,0.3787978887557983,32,0,True,0.9307692307692308,0.3307692307692307,380.39230769230767,383.7107438016529,431.7142857142857,1150.0232558139537,408.6859504132232,0.8695476330104548,2.446866595215466,3,29,0,10.75,4,1054.0032377428306,248.72454921824044,0.2603904696682941,aerosol_can_1
afar,0,658,20,112,112,0,49031,49031,0,555,4,16,0.5836643576622009,0.606764018535614,0.7521069049835205,0.050000000745058,0.5195504426956177,32,12,False,1.0,0.1785714285714285,437.7767857142857,437.7767857142857,,2451.55,437.7767857142857,0.4079052028308621,2.284269135852828,4,8,3,5.0,4,1054.0032377428306,248.72454921824044,3.7899165727921287,boom_microphone_1
afar,0,659,58,126,121,4,48958,47946,1012,586,4,27,0.6609656810760498,0.6051425933837891,0.7532159686088562,0.050000000745058,0.568372368812561,32,0,True,0.9603174603174603,0.4603174603174603,388.55555555555554,396.2479338842976,253.0,844.1034482758621,404.6115702479339,1.1846889170309245,2.471506188978308,4,18,12,14.5,4,1054.0032377428306,248.72454921824044,-0.56921364795095,chalice_2
afar,0,660,23,95,91,1,48869,46473,2396,599,4,0,0.4014632105827331,0.5349801182746887,0.6898717880249023,0.050000000745058,0.2415913790464401,32,9,False,0.9578947368421052,0.2421052631578947,514.4105263157895,510.6923076923077,2396.0,2124.7391304347825,537.021978021978,0.4706460128097567,1.862121181116864,4,8,3,5.75,4,1054.0032377428306,248.72454921824044,2.903659336767058,Band_Aid_0
afar,0,661,57,133,130,3,49190,48598,592,595,4,19,0.7778229713439941,0.6495556831359863,1.0407713651657104,0.050000000745058,0.3562133610248565,32,0,True,0.9774436090225564,0.4285714285714285,369.8496240601504,373.8307692307693,197.3333333333333,862.9824561403509,378.38461538461536,1.1587721081520634,2.6428135799959342,4,23,8,14.25,4,1054.0032377428306,248.72454921824044,-0.5180168889473805,bottle_3
afar,0,662,71,119,110,4,49222,46264,2958,599,4,17,0.556448757648468,0.557992696762085,0.6109813451766968,0.050000000745058,0.3749525249004364,32,0,True,0.9243697478991596,0.5966386554621849,413.6302521008403,420.58181818181816,739.5,693.2676056338029,447.4727272727273,1.4424444354150583,2.234773068952907,3,28,0,17.75,4,1054.0032377428306,248.72454921824044,-0.9782556029241982,bottle_0
afar,0,663,17,94,89,1,48903,45908,2995,599,4,25,0.4164512455463409,0.6536098718643188,1.0962724685668943,0.050000000745058,0.2811291217803955,32,15,False,0.946808510638298,0.1808510638297872,520.2446808510638,515.8202247191011,2995.0,2876.6470588235293,549.4719101123595,0.3476269349528659,1.819929247694416,4,7,2,4.25,4,1054.0032377428306,248.72454921824044,4.94270976139244,canister_2
afar,0,664,51,142,130,8,48957,46555,2402,495,4,21,0.7378318905830383,0.5592635869979858,0.8921728730201721,0.050000000745058,0.6148961186408997,32,0,True,0.9154929577464788,0.3591549295774648,344.7676056338028,358.11538461538464,300.25,959.9411764705884,376.5923076923077,1.0417304981922912,2.65539146598035,4,18,6,12.75,4,1054.0032377428306,248.72454921824044,-0.2550808134039816,candle_holder_4
afar,0,665,35,118,112,1,49030,47157,1873,599,4,0,0.5459212064743042,0.5948510766029358,1.1657066345214844,0.050000000745058,0.5144641399383545,32,0,True,0.9491525423728814,0.2966101694915254,415.5084745762712,421.0446428571428,1873.0,1400.857142857143,437.7678571428572,0.7138486640832143,2.284315725066286,4,22,3,8.75,4,1054.0032377428306,248.72454921824044,0.940610646335213,Band_Aid_0
afar,0,666,51,119,116,2,48778,47771,1007,599,4,3,0.7816264033317566,0.6234961748123169,0.7076741456985474,0.050000000745058,0.4544832706451416,32,0,True,0.9747899159663864,0.4285714285714285,409.89915966386553,411.8189655172414,503.5,956.4313725490196,420.5,1.0455533232194842,2.378121284185493,4,25,1,12.75,4,1054.0032377428306,248.72454921824044,-0.2645988233975223,Dixie_cup_4
afar,0,667,38,104,92,6,49038,42097,6941,599,4,16,0.4641535878181457,0.6764041185379028,0.6512209177017212,0.050000000745058,0.3804426193237304,32,0,True,0.8846153846153846,0.3653846153846153,471.5192307692308,457.57608695652175,1156.8333333333333,1290.4736842105262,533.0217391304348,0.7749092540478812,1.876096088747502,3,23,0,9.5,4,1054.0032377428306,248.72454921824044,0.6412688922093891,boom_microphone_1
afar,0,668,42,100,97,2,48732,47512,1220,599,4,0,0.4143134951591491,0.6757030487060547,1.1293842792510986,0.050000000745058,0.7994110584259033,32,0,True,0.97,0.42,487.32,489.8144329896907,610.0,1160.2857142857142,502.3917525773196,0.8618566855454322,1.9904785356644503,4,22,1,10.5,4,1054.0032377428306,248.72454921824044,0.2882205662991215,Band_Aid_0
afar,0,669,50,100,94,1,49288,45694,3594,599,4,6,0.4497492611408233,0.6685593128204346,0.94365656375885,0.050000000745058,0.2399658113718032,32,0,True,0.94,0.5,492.88,486.1063829787234,3594.0,985.76,524.3404255319149,1.0144457068657686,1.9071579289076448,4,20,2,12.5,4,1054.0032377428306,248.72454921824044,-0.185064417654852,aerosol_can_1
afar,0,670,73,128,124,2,49025,48305,720,529,4,24,0.6866356730461121,0.6956952214241028,0.6008723974227905,0.050000000745058,0.3389026522636413,32,0,True,0.96875,0.5703125,383.0078125,389.5564516129032,360.0,671.5753424657535,395.36290322580646,1.489036206017338,2.5293217746047936,4,28,14,18.25,4,1054.0032377428306,248.72454921824044,-1.037081446825964,canister_1
afar,0,671,41,114,105,7,48420,47139,1281,599,4,13,0.5775706171989441,0.629149317741394,1.0957973003387451,0.050000000745058,0.2286677360534668,32,0,True,0.9210526315789472,0.3596491228070175,424.7368421052632,448.9428571428571,183.0,1180.9756097560976,461.1428571428572,0.8467575382073523,2.168525402726146,4,15,2,10.25,4,1054.0032377428306,248.72454921824044,0.3443281541453403,beer_can_4
afar,0,672,45,111,101,9,48975,46456,2519,599,4,13,0.4147161543369293,0.5080742835998535,1.0229436159133911,0.050000000745058,0.6049365401268005,32,0,True,0.90990990990991,0.4054054054054054,441.2162162162162,459.960396039604,279.8888888888889,1088.3333333333333,484.9009900990099,0.9188361408882084,2.062276671771312,4,21,2,11.25,4,1054.0032377428306,248.72454921824044,0.0930975633429589,beer_can_4
afar,0,673,71,118,117,1,49172,48573,599,599,4,1,0.6370834112167358,0.5614315271377563,0.8297128081321716,0.050000000745058,0.2853500843048095,32,0,True,0.9915254237288136,0.6016949152542372,416.7118644067797,415.1538461538461,599.0,692.5633802816901,420.2735042735043,1.4439111689579436,2.37940291222647,4,25,7,17.75,4,1054.0032377428306,248.72454921824044,-0.9801653460576888,Dixie_cup_0
afar,0,674,18,102,101,0,48825,48226,599,599,4,8,0.5872516632080078,0.5835212469100952,1.1082946062088013,0.050000000745058,0.5414648056030273,32,14,False,0.9901960784313726,0.1764705882352941,478.6764705882353,477.48514851485146,,2712.5,483.4158415841584,0.3686635944700461,2.0686123911930365,3,9,0,4.5,4,1054.0032377428306,248.72454921824044,4.497569981163818,bandage_4
afar,0,675,39,145,92,47,48578,35539,13039,599,4,12,0.6722539663314819,0.5326593518257141,1.0952439308166504,0.050000000745058,0.3502160906791687,32,0,True,0.6344827586206897,0.2689655172413793,335.0206896551724,386.2934782608696,277.4255319148936,1245.5897435897436,528.0217391304348,0.8028325579480423,1.893861418749228,4,16,4,9.75,4,1054.0032377428306,248.72454921824044,0.5195510398949634,beer_can_1
afar,0,676,55,114,111,2,48987,47255,1732,599,4,10,0.4982640147209167,0.6118718981742859,0.9259461164474488,0.050000000745058,0.2412628531455993,32,0,True,0.9736842105263158,0.4824561403508772,429.7105263157895,425.7207207207208,866.0,890.6727272727272,441.3243243243243,1.122746851205422,2.2659072815236696,4,24,4,13.75,4,1054.0032377428306,248.72454921824044,-0.4429254356208341,beer_bottle_0
afar,0,677,56,95,90,2,48577,46156,2421,599,4,15,0.4572223126888275,0.5170791745185852,0.9687660336494446,0.050000000745058,0.2267277240753173,32,0,True,0.9473684210526316,0.5894736842105263,511.3368421052632,512.8444444444444,1210.5,867.4464285714286,539.7444444444444,1.152808942503654,1.8527286575951585,4,19,7,14.0,4,1054.0032377428306,248.72454921824044,-0.5059113311557372,bolt_1
afar,0,678,62,119,112,4,49171,47863,1308,599,4,20,0.7363166809082031,0.5178959965705872,1.1668606996536257,0.050000000745058,0.3807407021522522,32,0,True,0.9411764705882352,0.5210084033613446,413.20168067226894,427.3482142857143,327.0,793.0806451612904,439.0267857142857,1.2609058184702364,2.277765349494621,4,21,6,15.5,4,1054.0032377428306,248.72454921824044,-0.7075790839682115,can_1
afar,0,679,50,115,109,4,49132,47563,1569,599,4,8,0.5037598609924316,0.6657325029373169,1.083210825920105,0.050000000745058,0.6013235449790955,32,0,True,0.9478260869565216,0.4347826086956521,427.2347826086957,436.3577981651376,392.25,982.64,450.7522935779817,1.0176666938044452,2.2185133924936906,4,21,2,12.5,4,1054.0032377428306,248.72454921824044,-0.1935253436334673,bandage_4
afar,0,680,50,119,113,4,49072,47323,1749,599,4,20,0.7406870126724243,0.6127949953079224,0.7556936740875244,0.050000000745058,0.2993503510951996,32,0,True,0.9495798319327732,0.4201680672268907,412.3697478991597,418.787610619469,437.25,981.44,434.2654867256637,1.0189109879360938,2.302738832735572,4,23,2,12.5,4,1054.0032377428306,248.72454921824044,-0.1967795459329346,can_1
afar,0,681,44,118,113,3,48546,48461,85,557,4,22,0.762161135673523,0.5187753438949585,0.9141098260879515,0.050000000745058,0.477796733379364,32,0,True,0.9576271186440678,0.3728813559322034,411.40677966101697,428.8584070796461,28.33333333333333,1103.3181818181818,429.6106194690266,0.9063568574135872,2.327689201993985,4,19,2,11.0,4,1054.0032377428306,248.72454921824044,0.1337340036734298,candy_cane_1
afar,0,682,40,104,99,0,49028,46033,2995,599,4,4,0.46013343334198,0.619321346282959,0.70393306016922,0.050000000745058,0.5153782367706299,32,0,True,0.9519230769230768,0.3846153846153846,471.4230769230769,464.979797979798,,1225.7,495.2323232323232,0.8158603247124092,2.019254303663213,3,19,0,10.0,4,1054.0032377428306,248.72454921824044,0.4656133321236623,Tabasco_sauce_2
afar,0,683,44,108,107,1,49195,48769,426,575,4,20,0.5077919363975525,0.5455256104469299,0.6369962096214294,0.050000000745058,0.566666841506958,32,0,True,0.9907407407407408,0.4074074074074074,455.5092592592592,455.785046728972,426.0,1118.0681818181818,459.7663551401869,0.8943998373818477,2.1750177863604025,4,29,3,11.0,4,1054.0032377428306,248.72454921824044,0.1737335736043837,can_1
afar,0,684,61,128,117,7,49104,44988,4116,599,4,6,0.6240761280059814,0.6233877539634705,1.1413795948028564,0.050000000745058,0.3440112769603729,32,0,True,0.9140625,0.4765625,383.625,384.5128205128205,588.0,804.983606557377,419.6923076923077,1.2422613229064845,2.3826979472140764,4,19,10,15.25,4,1054.0032377428306,248.72454921824044,-0.675300213680197,aerosol_can_1
afar,0,685,30,101,99,0,48583,48038,545,584,4,13,0.4114267826080322,0.6915175914764404,0.8906850218772888,0.050000000745058,0.2886535227298736,32,2,False,0.9801980198019802,0.297029702970297,481.019801980198,485.2323232323232,,1619.4333333333334,490.7373737373737,0.617499948541671,2.037749830187514,4,16,1,7.5,4,1054.0032377428306,248.72454921824044,1.533353264382256,beer_can_4
afar,0,686,71,133,119,12,49677,46113,3564,599,4,11,0.661421537399292,0.6484254598617554,0.9566695690155028,0.050000000745058,0.6306559443473816,32,0,True,0.8947368421052632,0.5338345864661654,373.5112781954887,387.5042016806723,297.0,699.6760563380282,417.453781512605,1.42923284417336,2.3954747669947865,4,22,6,17.75,4,1054.0032377428306,248.72454921824044,-0.9608769404094368,beer_bottle_3
afar,0,687,32,118,114,3,48982,47865,1117,538,4,8,0.5166676044464111,0.5775043964385986,1.036078691482544,0.050000000745058,0.5634754300117493,32,0,True,0.9661016949152542,0.2711864406779661,415.1016949152543,419.8684210526316,372.3333333333333,1530.6875,429.6666666666667,0.6533012126903761,2.327385570209465,4,17,2,8.0,4,1054.0032377428306,248.72454921824044,1.2926891852976832,bandage_4
afar,0,688,61,116,109,2,48398,47697,701,599,4,9,0.5113244652748108,0.5219336152076721,0.6932840943336487,0.050000000745058,0.4959629774093628,32,0,True,0.9396551724137931,0.5258620689655172,417.2241379310345,437.58715596330273,350.5,793.4098360655738,444.0183486238532,1.2603826604405142,2.2521591801314105,4,24,3,15.25,4,1054.0032377428306,248.72454921824044,-0.7066863724701423,bear_0
afar,0,689,53,95,90,2,49001,46581,2420,599,4,28,0.4453866481781006,0.671883225440979,0.8590627908706665,0.050000000745058,0.6570910215377808,32,0,True,0.9473684210526316,0.5578947368421052,515.8,517.5666666666667,1210.0,924.5471698113208,544.4555555555555,1.0816105793759312,1.836697210261015,4,23,1,13.25,4,1054.0032377428306,248.72454921824044,-0.3510635282856102,chalice_4
afar,0,690,39,122,122,0,49091,49091,0,562,4,1,0.69356369972229,0.6344608068466187,1.1428683996200562,0.050000000745058,0.7075774669647217,32,0,True,1.0,0.319672131147541,402.38524590163934,402.38524590163934,,1258.7435897435898,402.38524590163934,0.7944429732537532,2.4851805829989204,4,21,3,9.75,4,1054.0032377428306,248.72454921824044,0.5552221035622028,Dixie_cup_0
afar,0,691,30,104,103,0,48328,47729,599,599,4,25,0.4725506007671356,0.6238200068473816,1.0665733814239502,0.050000000745058,0.6166799664497375,32,2,False,0.9903846153846154,0.2884615384615384,464.6923076923077,463.3883495145631,,1610.9333333333334,469.2038834951457,0.6207581526237378,2.1312696573414995,4,11,5,7.5,4,1054.0032377428306,248.72454921824044,1.5103026647610285,canister_2
afar,0,692,40,104,91,1,48856,43172,5684,599,4,19,0.4401396214962005,0.6936719417572021,0.6207019686698914,0.050000000745058,0.5927367806434631,32,0,True,0.875,0.3846153846153846,469.7692307692308,474.4175824175824,5684.0,1221.4,536.8791208791209,0.818732601932209,1.8626166693957755,4,14,1,10.0,4,1054.0032377428306,248.72454921824044,0.4539524405505708,bottle_3
afar,0,693,83,126,116,5,49224,47823,1401,513,4,10,0.5474048852920532,0.5907833576202393,0.7518789768218994,0.050000000745058,0.3410885632038116,32,0,True,0.9206349206349206,0.6587301587301587,390.6666666666667,412.2672413793104,280.2,593.0602409638554,424.3448275862069,1.6861693482853892,2.3565740289289776,4,23,19,20.75,4,1054.0032377428306,248.72454921824044,-1.2500014667012942,beer_bottle_0
afar,0,694,49,105,99,0,47721,46997,724,599,4,16,0.4886596202850342,0.5771682858467102,1.1640541553497314,0.050000000745058,0.7379931807518005,32,0,True,0.9428571428571428,0.4666666666666667,454.4857142857143,474.7171717171717,,973.8979591836736,482.030303030303,1.0268016177364263,2.074558370528698,3,26,0,12.25,4,1054.0032377428306,248.72454921824044,-0.2172323180722406,boom_microphone_1
afar,0,695,57,99,94,2,49209,46788,2421,599,4,4,0.4055604338645935,0.6133372783660889,0.7896032333374023,0.050000000745058,0.446198433637619,32,0,True,0.9494949494949496,0.5757575757575758,497.06060606060606,497.74468085106383,1210.5,863.3157894736842,523.5,1.1583246967018228,1.9102196752626552,4,20,10,14.25,4,1054.0032377428306,248.72454921824044,-0.5171129438641954,Tabasco_sauce_2
afar,0,696,61,135,134,1,49644,49471,173,510,4,23,0.6806029081344604,0.6758956909179688,1.1041858196258545,0.050000000745058,0.7509729266166687,32,0,True,0.9925925925925926,0.4518518518518518,367.73333333333335,369.1865671641791,173.0,813.8360655737705,370.4776119402985,1.2287486906776246,2.6992184352590445,4,32,1,15.25,4,1054.0032377428306,248.72454921824044,-0.6512938032742895,canister_0
afar,0,697,30,105,102,0,48908,47663,1245,599,4,6,0.5239068269729614,0.5078396201133728,0.9405752420425416,0.050000000745058,0.3624206781387329,32,2,False,0.9714285714285714,0.2857142857142857,465.79047619047617,467.2843137254902,,1630.2666666666669,479.4901960784314,0.6133965813363866,2.0855483765437146,4,14,2,7.5,4,1054.0032377428306,248.72454921824044,1.5627314795857814,aerosol_can_1
afar,0,698,50,127,125,1,48959,48029,930,599,4,15,0.7400931119918823,0.6311982870101929,0.942009449005127,0.050000000745058,0.2513231039047241,32,0,True,0.984251968503937,0.3937007874015748,385.503937007874,384.232,930.0,979.18,391.672,1.0212626891889132,2.553156722972283,4,23,7,12.5,4,1054.0032377428306,248.72454921824044,-0.2029082935969319,bolt_1
afar,0,699,27,123,116,4,48716,46522,2194,599,4,25,0.7407834529876709,0.5287535190582275,0.7485026717185974,0.050000000745058,0.2833980917930603,32,5,False,0.943089430894309,0.2195121951219512,396.0650406504065,401.0517241379311,548.5,1804.2962962962963,419.9655172413793,0.5542326956236144,2.381147877494047,4,16,1,6.75,4,1054.0032377428306,248.72454921824044,2.034671163682621,canister_2
afar,0,700,25,96,93,0,49079,48420,659,599,4,23,0.4724458754062652,0.5611359477043152,0.78658127784729,0.050000000745058,0.5016250014305115,32,7,False,0.96875,0.2604166666666667,511.2395833333333,520.6451612903226,,1963.16,527.7311827956989,0.5093828317610384,1.8949041341510624,3,16,0,6.25,4,1054.0032377428306,248.72454921824044,2.4654833552613766,canister_0
afar,0,701,33,101,99,1,48294,47096,1198,599,4,19,0.4834055006504059,0.6479071378707886,0.6748427152633667,0.050000000745058,0.5071449279785156,32,0,True,0.9801980198019802,0.3267326732673267,478.15841584158414,475.7171717171717,1198.0,1463.4545454545455,487.8181818181818,0.6833146974779476,2.049944092433843,4,12,5,8.25,4,1054.0032377428306,248.72454921824044,1.11036448922951,bottle_3
afar,0,702,40,100,93,1,49005,45389,3616,599,4,28,0.5290086269378662,0.6237694025039673,0.8234546780586243,0.050000000745058,0.5155713558197021,32,0,True,0.93,0.4,490.05,488.0537634408602,3616.0,1225.125,526.9354838709677,0.8162432404856648,1.8977655341291704,4,19,1,10.0,4,1054.0032377428306,248.72454921824044,0.4640540268551674,chalice_4
afar,0,703,60,129,124,2,49112,47599,1513,599,4,19,0.7171510457992554,0.5911784172058105,0.6348199844360352,0.050000000745058,0.7846713066101074,32,0,True,0.9612403100775194,0.4651162790697674,380.71317829457365,383.86290322580646,756.5,818.5333333333333,396.06451612903226,1.2216973448444373,2.52484117934517,3,23,0,15.0,4,1054.0032377428306,248.72454921824044,-0.6385555869873033,bottle_3
afar,0,704,44,110,105,3,48473,46944,1529,599,4,15,0.5931153893470764,0.5279437899589539,0.7669496536254883,0.050000000745058,0.2422902584075927,32,0,True,0.9545454545454546,0.4,440.6636363636364,447.0857142857143,509.6666666666667,1101.659090909091,461.6476190476191,0.9077218245208672,2.1661543539702515,3,22,0,11.0,4,1054.0032377428306,248.72454921824044,0.1292348224639392,bolt_1
afar,0,705,48,116,114,1,49013,48249,764,599,4,5,0.5285510420799255,0.6305596828460693,0.9973716735839844,0.050000000745058,0.5242899656295776,32,0,True,0.9827586206896552,0.4137931034482758,422.5258620689655,423.2368421052632,764.0,1021.1041666666666,429.93859649122805,0.9793320139554812,2.325913533144268,4,25,2,12.0,4,1054.0032377428306,248.72454921824044,-0.0892168606219962,Tabasco_sauce_4
afar,0,706,49,122,119,3,49229,49171,58,537,4,14,0.7238961458206177,0.5196833610534668,0.6558459997177124,0.050000000745058,0.7977685332298279,32,0,True,0.9754098360655736,0.4016393442622951,403.5163934426229,413.20168067226894,19.33333333333333,1004.6734693877552,413.6890756302521,0.995348270328465,2.4172743707977005,4,27,3,12.25,4,1054.0032377428306,248.72454921824044,-0.1337742046777357,beret_2
afar,0,707,43,141,128,9,49973,47555,2418,493,4,25,0.7896692752838135,0.5168808102607727,0.8107703924179077,0.050000000745058,0.4854881763458252,32,0,True,0.9078014184397164,0.3049645390070922,354.41843971631204,371.5234375,268.6666666666667,1162.1627906976744,390.4140625,0.8604646509114922,2.561383146899326,4,24,1,10.75,4,1054.0032377428306,248.72454921824044,0.2933108882791856,canister_2
afar,0,708,21,145,129,6,48810,45376,3434,599,4,5,0.747859537601471,0.6760743260383606,1.1054301261901855,0.050000000745058,0.2568792998790741,32,11,False,0.8896551724137931,0.1448275862068965,336.62068965517244,351.7519379844961,572.3333333333334,2324.285714285714,378.3720930232558,0.430239704978488,2.642901044867855,3,12,0,5.25,4,1054.0032377428306,248.72454921824044,3.444796796782536,Tabasco_sauce_4
afar,0,709,70,110,107,3,48686,48640,46,593,4,11,0.4470588862895965,0.639277994632721,1.028876781463623,0.050000000745058,0.5369753241539001,32,0,True,0.9727272727272728,0.6363636363636364,442.6,454.5794392523365,15.333333333333334,695.5142857142857,455.0093457943925,1.4377849895247097,2.197757055416341,4,28,5,17.5,4,1054.0032377428306,248.72454921824044,-0.972162976687469,beer_bottle_3
afar,0,710,70,110,108,2,49187,49150,37,562,4,3,0.5584601163864136,0.5317220687866211,0.9223451614379884,0.050000000745058,0.2406934797763824,32,0,True,0.9818181818181818,0.6363636363636364,447.1545454545454,455.0925925925926,18.5,702.6714285714286,455.4351851851852,1.4231402606379735,2.1957021164128734,4,21,14,17.5,4,1054.0032377428306,248.72454921824044,-0.9527539844013596,Dixie_cup_4
afar,0,711,28,107,92,6,48790,42887,5903,599,4,0,0.5616375803947449,0.5671330690383911,0.9935110807418824,0.050000000745058,0.3233068585395813,32,4,False,0.8598130841121495,0.2616822429906542,455.98130841121497,466.1630434782609,983.8333333333334,1742.5,530.3260869565217,0.5738880918220947,1.885632301701168,3,16,0,7.0,4,1054.0032377428306,248.72454921824044,1.8670897890943057,Band_Aid_0
afar,0,712,76,133,118,12,49290,47154,2136,599,4,28,0.7706805467605591,0.6571358442306519,1.019283890724182,0.050000000745058,0.3389771282672882,32,0,True,0.8872180451127819,0.5714285714285714,370.6015037593985,399.6101694915254,178.0,648.5526315789474,417.7118644067797,1.5418949076891864,2.3939947250963685,3,30,0,19.0,4,1054.0032377428306,248.72454921824044,-1.0995152457491462,chalice_4
afar,0,713,73,115,115,0,48933,48933,0,591,4,3,0.4965583384037018,0.6579515933990479,0.6143984198570251,0.050000000745058,0.7474442720413208,32,0,True,1.0,0.6347826086956522,425.504347826087,425.504347826087,,670.3150684931506,425.504347826087,1.4918357754480616,2.350152248993522,4,23,9,18.25,4,1054.0032377428306,248.72454921824044,-1.040499102208967,Dixie_cup_4
afar,0,714,23,92,81,2,48915,42326,6589,599,4,8,0.4853739738464355,0.6132766008377075,0.8309540748596191,0.050000000745058,0.6287717223167419,32,9,False,0.8804347826086957,0.25,531.6847826086956,522.5432098765432,3294.5,2126.7391304347825,603.8888888888889,0.4702034140856588,1.655933762649494,3,17,0,5.75,4,1054.0032377428306,248.72454921824044,2.90908300726617,bandage_4
afar,0,715,40,104,91,8,48981,43773,5208,599,4,2,0.6031291484832764,0.5055679678916931,0.7097315788269043,0.050000000745058,0.3638962507247925,32,0,True,0.875,0.3846153846153846,470.97115384615387,481.0219780219781,651.0,1224.525,538.2527472527472,0.8166431881750066,1.85786325309814,4,15,5,10.0,4,1054.0032377428306,248.72454921824044,0.4624269257054339,Dixie_cup_3
afar,0,716,62,107,101,3,48703,46654,2049,599,4,25,0.5535402297973633,0.5724306702613831,0.9519081711769104,0.050000000745058,0.6564433574676514,32,0,True,0.9439252336448598,0.5794392523364486,455.1682242990654,461.9207920792079,683.0,785.5322580645161,482.2079207920792,1.2730221957579615,2.0737942221218404,4,27,7,15.5,4,1054.0032377428306,248.72454921824044,-0.728049066174539,canister_2
afar,0,717,47,111,107,2,49009,47745,1264,599,4,15,0.6757035255432129,0.6820374727249146,0.904051661491394,0.050000000745058,0.2830146253108978,32,0,True,0.963963963963964,0.4234234234234234,441.52252252252254,446.214953271028,632.0,1042.7446808510638,458.0280373831776,0.9590075292293252,2.183272460160379,4,23,1,11.75,4,1054.0032377428306,248.72454921824044,-0.0305313514382271,bolt_1
afar,0,718,51,119,117,2,49858,48660,1198,599,4,23,0.6243103742599487,0.5626822710037231,0.8034699559211731,0.050000000745058,0.2778802514076233,32,0,True,0.9831932773109244,0.4285714285714285,418.9747899159664,415.8974358974359,599.0,977.6078431372548,426.13675213675214,1.022905050342974,2.346664527257411,4,23,2,12.75,4,1054.0032377428306,248.72454921824044,-0.2071717239951556,canister_0
afar,0,719,39,108,105,2,49653,48180,1473,599,4,22,0.4805893898010254,0.6351620554924011,0.881330132484436,0.050000000745058,0.5037230253219604,32,0,True,0.9722222222222222,0.3611111111111111,459.75,458.8571428571428,736.5,1273.1538461538462,472.8857142857143,0.7854510301492357,2.1146758504017886,4,19,2,9.75,4,1054.0032377428306,248.72454921824044,0.5943003448506792,candy_cane_1
afar,0,720,55,114,106,7,49148,46121,3027,599,4,25,0.7454297542572021,0.5729074478149414,0.8368317484855652,0.050000000745058,0.42316335439682,32,0,True,0.9298245614035088,0.4824561403508772,431.12280701754383,435.1037735849056,432.4285714285714,893.6,463.66037735849056,1.1190689346463742,2.156751037682103,3,22,0,13.75,4,1054.0032377428306,248.72454921824044,-0.4349871542539512,canister_2
afar,0,721,71,121,117,3,49332,48267,1065,559,4,26,0.7244957685470581,0.5312132835388184,1.190675139427185,0.050000000745058,0.6561150550842285,32,0,True,0.9669421487603306,0.5867768595041323,407.702479338843,412.5384615384616,355.0,694.8169014084507,421.6410256410256,1.4392280872456011,2.371685721235709,4,26,6,17.75,4,1054.0032377428306,248.72454921824044,-0.9740541680305198,canister_3
afar,0,722,70,124,115,9,48940,46571,2369,599,4,4,0.6437972784042358,0.6972044110298157,0.9025527238845824,0.050000000745058,0.669752836227417,32,0,True,0.9274193548387096,0.5645161290322581,394.6774193548387,404.9652173913044,263.22222222222223,699.1428571428571,425.5652173913044,1.4303228442991418,2.34981610134859,4,30,9,17.5,4,1054.0032377428306,248.72454921824044,-0.9623228887819366,Tabasco_sauce_2
afar,0,723,71,103,100,3,48257,46853,1404,599,4,30,0.4189751446247101,0.6338485479354858,0.6427226662635803,0.050000000745058,0.7930343747138977,32,0,True,0.970873786407767,0.6893203883495146,468.5145631067961,468.53,468.0,679.6760563380282,482.57,1.4712891393994654,2.072238224506289,4,23,6,17.75,4,1054.0032377428306,248.72454921824044,-1.0151136454005607,chocolate_milk_4
afar,0,724,43,123,113,5,49194,46888,2306,599,4,10,0.6939838528633118,0.615817666053772,0.8326078653335571,0.050000000745058,0.4126836061477661,32,0,True,0.91869918699187,0.3495934959349593,399.9512195121951,414.9380530973451,461.2,1144.046511627907,435.34513274336285,0.8740903362198642,2.2970280928568525,4,26,2,10.75,4,1054.0032377428306,248.72454921824044,0.2441825241069931,beer_bottle_0
afar,0,725,25,113,111,1,49138,48322,816,599,4,27,0.7328925132751465,0.5565513968467712,0.6995840072631836,0.050000000745058,0.7479591369628906,32,7,False,0.9823008849557522,0.2212389380530973,434.8495575221239,435.3333333333333,816.0,1965.52,442.6846846846847,0.5087712157596972,2.258944197973056,4,13,2,6.25,4,1054.0032377428306,248.72454921824044,2.471883286450329,chalice_2
afar,0,726,23,111,103,1,49152,47214,1938,599,4,10,0.6556801795959473,0.5188915729522705,0.7495409846305847,0.050000000745058,0.4744937419891357,32,9,False,0.927927927927928,0.2072072072072072,442.8108108108109,458.3883495145631,1938.0,2137.043478260869,477.2038834951457,0.4679361979166667,2.095540364583333,3,13,0,5.75,4,1054.0032377428306,248.72454921824044,2.9370267009246414,beer_bottle_0
afar,0,727,29,120,113,3,49430,47266,2164,599,4,24,0.5226913690567017,0.642218828201294,0.7908005714416504,0.050000000745058,0.3072540760040283,32,3,False,0.9416666666666668,0.2416666666666666,411.9166666666667,418.283185840708,721.3333333333334,1704.4827586206898,437.43362831858406,0.5866882460044507,2.2860610965001014,4,15,3,7.25,4,1054.0032377428306,248.72454921824044,1.7639932938310054,canister_1
afar,0,728,71,118,112,5,48939,48231,708,599,4,27,0.6134133338928223,0.6483439803123474,1.146666169166565,0.050000000745058,0.4296125769615173,32,0,True,0.9491525423728814,0.6016949152542372,414.7372881355933,430.63392857142856,141.6,689.2816901408451,436.9553571428572,1.4507856719589691,2.288563313512741,4,25,2,17.75,4,1054.0032377428306,248.72454921824044,-0.9890647490597532,chalice_2
afar,0,729,22,107,103,0,49127,47443,1684,599,4,29,0.5231680870056152,0.6877124905586243,0.750089704990387,0.050000000745058,0.5411763787269592,32,10,False,0.9626168224299064,0.205607476635514,459.13084112149534,460.6116504854369,,2233.0454545454545,476.9611650485437,0.4478189183137582,2.0966067539235045,4,9,3,5.5,4,1054.0032377428306,248.72454921824044,3.197368244240237,chicken_(animal)_2
afar,0,730,14,107,105,0,49289,48091,1198,599,4,26,0.7882908582687378,0.6440447568893433,0.660477340221405,0.050000000745058,0.673042356967926,32,18,False,0.9813084112149532,0.1308411214953271,460.6448598130841,458.0095238095238,,3520.6428571428573,469.4190476190476,0.2840390350788208,2.1302927630911563,4,6,1,3.5,4,1054.0032377428306,248.72454921824044,6.689120267840877,canister_3
afar,0,731,49,110,107,1,48654,48024,630,599,4,18,0.7931232452392578,0.5485950112342834,0.8177725076675415,0.050000000745058,0.7470168471336365,32,0,True,0.9727272727272728,0.4454545454545454,442.3090909090909,448.8224299065421,630.0,992.938775510204,454.7102803738318,1.007111439963826,2.199202532165906,3,27,0,12.25,4,1054.0032377428306,248.72454921824044,-0.1655967611776297,bottle_2
afar,0,732,44,107,99,4,48707,45091,3616,599,4,7,0.5766931176185608,0.5278897881507874,1.0143901109695437,0.050000000745058,0.2688184380531311,32,0,True,0.9252336448598132,0.411214953271028,455.2056074766355,455.4646464646465,904.0,1106.9772727272727,491.989898989899,0.9033609132157596,2.032562054735459,4,16,2,11.0,4,1054.0032377428306,248.72454921824044,0.1436568553820334,atomizer_0
afar,0,733,12,106,104,0,48757,48136,621,599,4,4,0.4654405117034912,0.5788153409957886,1.0375887155532837,0.050000000745058,0.7684028148651123,32,20,False,0.981132075471698,0.1132075471698113,459.97169811320754,462.84615384615387,,4063.0833333333335,468.8173076923077,0.2461185060606682,2.133027052525791,3,7,0,3.0,4,1054.0032377428306,248.72454921824044,8.16012947196026,Tabasco_sauce_2
afar,0,734,71,136,116,16,48361,42688,5673,599,4,26,0.7176505327224731,0.6097272634506226,0.7433071732521057,0.050000000745058,0.6622759699821472,32,0,True,0.8529411764705882,0.5220588235294118,355.59558823529414,368.0,354.5625,681.1408450704225,416.9051724137931,1.468125142160005,2.3986269928247967,4,22,14,17.75,4,1054.0032377428306,248.72454921824044,-1.011141379682901,canister_3
afar,0,735,25,138,119,8,49020,45903,3117,599,4,13,0.7020764350891113,0.5670722723007202,0.7369935512542725,0.050000000745058,0.5136690139770508,32,7,False,0.8623188405797102,0.181159420289855,355.2173913043478,385.73949579831935,389.625,1960.8,411.93277310924367,0.5099959200326397,2.4275805793553653,4,9,4,6.25,4,1054.0032377428306,248.72454921824044,2.4590834240724235,beer_can_4
afar,0,736,70,120,115,3,48928,47742,1186,599,4,29,0.7060152292251587,0.5080057382583618,0.7654696702957153,0.050000000745058,0.2113790065050125,32,0,True,0.9583333333333334,0.5833333333333334,407.73333333333335,415.1478260869565,395.3333333333333,698.9714285714285,425.46086956521737,1.430673642903859,2.3503924133420537,4,23,10,17.5,4,1054.0032377428306,248.72454921824044,-0.9627877748247176,chicken_(animal)_2
afar,0,737,61,101,90,7,48816,46338,2478,599,4,19,0.4495094418525696,0.6969460248947144,0.749917209148407,0.050000000745058,0.528018057346344,32,0,True,0.8910891089108911,0.6039603960396039,483.3267326732673,514.8666666666667,354.0,800.2622950819672,542.4,1.2495902982628646,1.8436578171091444,4,20,4,15.25,4,1054.0032377428306,248.72454921824044,-0.6881036325633475,bottle_3
afar,0,738,51,124,123,0,48799,48684,115,534,4,1,0.667817234992981,0.5714060068130493,0.6638515591621399,0.050000000745058,0.5427940487861633,32,0,True,0.9919354838709676,0.4112903225806452,393.5403225806452,395.8048780487805,,956.843137254902,396.739837398374,1.0451033832660506,2.5205434537592986,4,25,4,12.75,4,1054.0032377428306,248.72454921824044,-0.2634821853535872,Dixie_cup_0
afar,0,739,34,106,102,1,48548,47315,1233,599,4,22,0.5146499276161194,0.526398241519928,1.014184832572937,0.050000000745058,0.354114294052124,32,0,True,0.9622641509433962,0.320754716981132,458.0,463.8725490196079,1233.0,1427.8823529411766,475.9607843137255,0.7003378100024718,2.1010134300074155,4,14,1,8.5,4,1054.0032377428306,248.72454921824044,1.013898563667757,candy_cane_1
afar,0,740,73,105,99,5,48568,46666,1902,599,4,10,0.4242094755172729,0.6441758275032043,1.097195386886597,0.050000000745058,0.3385522961616516,32,0,True,0.9428571428571428,0.6952380952380952,462.5523809523809,471.37373737373736,380.4,665.3150684931506,490.5858585858586,1.5030472739252183,2.0383791797068027,4,25,11,18.25,4,1054.0032377428306,248.72454921824044,-1.0540582784567476,beer_bottle_0
afar,0,741,19,96,91,1,48996,46001,2995,599,4,4,0.4603446424007416,0.6940739154815674,0.8358169794082642,0.050000000745058,0.2616690695285797,32,13,False,0.9479166666666666,0.1979166666666666,510.375,505.5054945054945,2995.0,2578.736842105264,538.4175824175824,0.3877867581027022,1.8572944730182053,4,14,1,4.75,4,1054.0032377428306,248.72454921824044,4.13482633449292,Tabasco_sauce_2
afar,0,742,60,114,104,10,48408,45956,2452,579,4,5,0.6847813129425049,0.567455530166626,0.6105403304100037,0.050000000745058,0.4871695637702942,32,0,True,0.912280701754386,0.5263157894736842,424.6315789473685,441.88461538461536,245.2,806.8,465.46153846153845,1.2394645513138325,2.1484052222773093,4,24,3,15.0,4,1054.0032377428306,248.72454921824044,-0.6703744539154294,Tabasco_sauce_4
afar,0,743,63,114,111,1,48555,48505,50,558,4,16,0.6748757362365723,0.5096772909164429,0.8511441946029663,0.050000000745058,0.5344005227088928,32,0,True,0.9736842105263158,0.5526315789473685,425.92105263157896,436.981981981982,50.0,770.7142857142857,437.4324324324325,1.2974976830398517,2.28606734630831,4,25,2,15.75,4,1054.0032377428306,248.72454921824044,-0.7682329659208431,boom_microphone_1
afar,0,744,65,98,90,6,48961,44235,4726,599,4,18,0.4244666397571563,0.5965058207511902,0.905139148235321,0.050000000745058,0.7604259252548218,32,0,True,0.9183673469387756,0.6632653061224489,499.6020408163265,491.5,787.6666666666666,753.2461538461539,544.0111111111111,1.3275872633320398,1.8381977492289785,4,23,12,16.25,4,1054.0032377428306,248.72454921824044,-0.8156036616647387,bottle_2
afar,0,745,44,143,131,6,49297,48059,1238,599,4,9,0.7134153842926025,0.5504310131072998,0.6218710541725159,0.050000000745058,0.7113134264945984,32,0,True,0.916083916083916,0.3076923076923077,344.73426573426576,366.8625954198473,206.3333333333333,1120.3863636363635,376.3129770992367,0.8925492423474045,2.657362516988864,4,15,6,11.0,4,1054.0032377428306,248.72454921824044,0.1800201007738099,bear_0
afar,0,746,31,112,109,0,49083,47286,1797,599,4,4,0.7532479763031006,0.6679720282554626,0.874852180480957,0.050000000745058,0.40449258685112,32,1,False,0.9732142857142856,0.2767857142857143,438.2410714285714,433.8165137614679,,1583.3225806451612,450.302752293578,0.6315832365584826,2.2207281543507937,4,12,1,7.75,4,1054.0032377428306,248.72454921824044,1.4354268523544649,Tabasco_sauce_2
afar,0,747,49,123,116,4,49194,46672,2522,599,4,1,0.7518256306648254,0.621549129486084,0.9918566942214966,0.050000000745058,0.5462961792945862,32,0,True,0.943089430894309,0.3983739837398374,399.9512195121951,402.3448275862069,630.5,1003.9591836734694,424.0862068965517,0.9960564296458918,2.358011139569866,4,19,5,12.25,4,1054.0032377428306,248.72454921824044,-0.13571122985599,Dixie_cup_0
afar,0,748,43,118,112,2,48958,46755,2203,599,4,29,0.7129285335540771,0.5547897815704346,0.901697039604187,0.050000000745058,0.7735078930854797,32,0,True,0.9491525423728814,0.3644067796610169,414.89830508474574,417.4553571428572,1101.5,1138.5581395348838,437.125,0.8783038522815475,2.2876751501286816,3,26,0,10.75,4,1054.0032377428306,248.72454921824044,0.2292989632024524,chicken_(animal)_2
afar,0,749,46,109,100,3,48111,45016,3095,599,4,12,0.5686042308807373,0.5995061993598938,1.1837421655654907,0.050000000745058,0.6724277138710022,32,0,True,0.9174311926605504,0.4220183486238532,441.3853211009175,450.16,1031.6666666666667,1045.891304347826,481.11,0.956122300513396,2.078526740246513,4,18,6,11.5,4,1054.0032377428306,248.72454921824044,-0.0219982269226255,beer_can_1
afar,0,750,37,130,100,21,49806,39942,9864,599,4,2,0.7340131998062134,0.6252802610397339,0.7166513204574585,0.050000000745058,0.523607075214386,32,0,True,0.7692307692307693,0.2846153846153846,383.12307692307695,399.42,469.7142857142857,1346.108108108108,498.06,0.7428823836485564,2.00779022607718,4,17,6,9.25,4,1054.0032377428306,248.72454921824044,0.7921402840236034,Dixie_cup_3
afar,0,751,54,127,119,5,49392,47845,1547,599,4,28,0.7565759420394897,0.5736920833587646,0.9263201951980592,0.050000000745058,0.6938287615776062,32,0,True,0.937007874015748,0.4251968503937008,388.9133858267717,402.05882352941177,309.4,914.6666666666666,415.05882352941177,1.0932944606413997,2.409297052154195,4,20,8,13.5,4,1054.0032377428306,248.72454921824044,-0.3778578249966341,chalice_4
afar,0,752,51,126,114,11,49320,46236,3084,599,4,21,0.7042562961578369,0.5047749280929565,0.8104826211929321,0.050000000745058,0.3060462474822998,32,0,True,0.9047619047619048,0.4047619047619047,391.4285714285714,405.578947368421,280.3636363636364,967.0588235294116,432.6315789473685,1.0340632603406326,2.311435523114356,4,17,3,12.75,4,1054.0032377428306,248.72454921824044,-0.2357789272159643,candle_holder_4
afar,0,753,38,106,101,1,48802,47377,1425,599,4,11,0.4561499357223511,0.6331766247749329,0.740436851978302,0.050000000745058,0.5438510775566101,32,0,True,0.9528301886792452,0.3584905660377358,460.3962264150944,469.0792079207921,1425.0,1284.2631578947369,483.1881188118812,0.7786566124339166,2.0695873119954102,4,12,4,9.5,4,1054.0032377428306,248.72454921824044,0.6244269680279351,beer_bottle_3
afar,0,754,68,127,116,7,49244,46921,2323,599,4,24,0.5301985740661621,0.6425144076347351,0.9622825384140016,0.050000000745058,0.5112173557281494,32,0,True,0.9133858267716536,0.5354330708661418,387.748031496063,404.4913793103448,331.85714285714283,724.1764705882352,424.5172413793104,1.3808788887986354,2.355616927950613,4,24,11,17.0,4,1054.0032377428306,248.72454921824044,-0.8944358534169962,canister_1
afar,0,755,40,127,107,10,48992,43127,5865,599,4,21,0.7584437131881714,0.6568979620933533,0.6870932579040527,0.050000000745058,0.7195355892181396,32,0,True,0.84251968503937,0.3149606299212598,385.7637795275591,403.0560747663552,586.5,1224.8,457.8691588785047,0.8164598301763554,2.1840300457217503,4,15,5,10.0,4,1054.0032377428306,248.72454921824044,0.4631726803990615,candle_holder_4
afar,0,756,46,120,111,4,49041,45384,3657,599,4,27,0.7524752616882324,0.6073967218399048,0.6132286190986633,0.050000000745058,0.442646861076355,32,0,True,0.925,0.3833333333333333,408.675,408.8648648648648,914.25,1066.108695652174,441.8108108108109,0.937990660875594,2.263412246895455,3,23,0,11.5,4,1054.0032377428306,248.72454921824044,0.0328280074705762,chalice_2
afar,0,757,25,114,103,5,48546,43869,4677,599,4,26,0.7276157736778259,0.5329276323318481,0.8226577639579773,0.050000000745058,0.2233268618583679,32,7,False,0.9035087719298246,0.219298245614035,425.8421052631579,425.9126213592233,935.4,1941.84,471.3203883495146,0.5149754871668109,2.121699007127261,4,12,1,6.25,4,1054.0032377428306,248.72454921824044,2.4076670277408376,canister_3
afar,0,758,23,99,97,1,48585,47387,1198,599,4,30,0.5164079666137695,0.5061339735984802,1.09398353099823,0.050000000745058,0.4516122341156006,32,9,False,0.9797979797979798,0.2323232323232323,490.75757575757575,488.5257731958763,1198.0,2112.391304347826,500.8762886597938,0.4733971390346815,1.9965009776680045,3,12,0,5.75,4,1054.0032377428306,248.72454921824044,2.87017406672906,chocolate_milk_4
afar,0,759,51,121,118,3,48566,47735,831,577,4,17,0.5603903532028198,0.6117671728134155,0.7050641775131226,0.050000000745058,0.4776740074157715,32,0,True,0.975206611570248,0.4214876033057851,401.3719008264463,404.53389830508473,277.0,952.2745098039215,411.5762711864407,1.0501173660585594,2.4296833175472554,4,23,3,12.75,4,1054.0032377428306,248.72454921824044,-0.275871550317246,bottle_0
afar,0,760,59,105,102,2,48716,47229,1487,599,4,31,0.4509980976581573,0.5643003582954407,0.6931076645851135,0.050000000745058,0.5625726580619812,32,0,True,0.9714285714285714,0.5619047619047619,463.9619047619048,463.02941176470586,743.5,825.6949152542373,477.6078431372549,1.2111010756219722,2.0937679612447657,4,24,5,14.75,4,1054.0032377428306,248.72454921824044,-0.6191345566916112,cider_0
afar,0,761,34,105,103,1,49231,48143,1088,599,4,13,0.4860198199748993,0.6141035556793213,0.7271274924278259,0.050000000745058,0.2054572999477386,32,0,True,0.9809523809523808,0.3238095238095238,468.8666666666667,467.4077669902912,1088.0,1447.970588235294,477.97087378640776,0.6906217627104873,2.092177692917065,3,17,0,8.5,4,1054.0032377428306,248.72454921824044,1.0683745482397242,beer_can_4
afar,0,762,39,122,108,13,49139,46436,2703,551,4,31,0.7535268068313599,0.5028384327888489,0.8213300704956055,0.050000000745058,0.2970703840255737,32,0,True,0.8852459016393442,0.319672131147541,402.77868852459017,429.962962962963,207.92307692307693,1259.974358974359,454.9907407407408,0.7936669447892712,2.197846924031828,4,18,2,9.75,4,1054.0032377428306,248.72454921824044,0.5585597469462715,cider_0
afar,0,763,54,99,85,7,48731,42172,6559,599,4,27,0.4358442425727844,0.5286110043525696,0.6552990674972534,0.050000000745058,0.6586395502090454,32,0,True,0.8585858585858586,0.5454545454545454,492.2323232323232,496.1411764705882,937.0,902.425925925926,573.3058823529411,1.108124191992777,1.7442695614701114,4,26,2,13.5,4,1054.0032377428306,248.72454921824044,-0.4110526972180532,chalice_2
afar,0,764,54,121,116,4,49012,47606,1406,514,4,8,0.5505749583244324,0.6807286739349365,0.8065460920333862,0.050000000745058,0.7317306399345398,32,0,True,0.9586776859504132,0.4462809917355372,405.0578512396695,410.3965517241379,351.5,907.6296296296296,422.5172413793104,1.101770994858402,2.36676732228842,4,19,8,13.5,4,1054.0032377428306,248.72454921824044,-0.3969411100861034,bandage_4
afar,0,765,47,110,104,3,48892,46010,2882,599,4,20,0.6424537897109985,0.6952465772628784,0.9258806705474854,0.050000000745058,0.5481263995170593,32,0,True,0.9454545454545454,0.4272727272727272,444.4727272727273,442.4038461538461,960.6666666666666,1040.2553191489362,470.11538461538464,0.9613024625705636,2.1271373639859283,4,17,3,11.75,4,1054.0032377428306,248.72454921824044,-0.0372820902509518,can_1
afar,0,766,47,106,101,1,49791,46929,2862,599,4,26,0.4799975454807281,0.5222915410995483,0.93252831697464,0.050000000745058,0.5263004302978516,32,0,True,0.9528301886792452,0.4433962264150943,469.7264150943397,464.64356435643566,2862.0,1059.3829787234042,492.980198019802,0.9439456929967264,2.0284790423972203,4,15,8,11.75,4,1054.0032377428306,248.72454921824044,0.0145889712246015,canister_3
afar,0,767,28,119,110,2,49441,46450,2991,599,4,1,0.6466201543807983,0.6410177946090698,0.6441681981086731,0.050000000745058,0.7919068932533264,32,4,False,0.9243697478991596,0.2352941176470588,415.4705882352941,422.27272727272725,1495.5,1765.75,449.46363636363634,0.566331587144273,2.224874092352501,2,27,0,7.0,4,1054.0032377428306,248.72454921824044,1.9301399586464871,Dixie_cup_0
afar,0,768,48,112,106,5,49061,46511,2550,599,4,17,0.5678490996360779,0.656467616558075,0.8918976783752441,0.050000000745058,0.22449891269207,32,0,True,0.9464285714285714,0.4285714285714285,438.0446428571428,438.7830188679245,510.0,1022.1041666666666,462.83962264150944,0.9783738611116772,2.1605756099549542,4,24,6,12.0,4,1054.0032377428306,248.72454921824044,-0.08650502537244,bottle_0
afar,0,769,54,135,118,13,49298,44449,4849,599,4,25,0.6799847483634949,0.5720588564872742,0.689706027507782,0.050000000745058,0.4757109880447387,32,0,True,0.8740740740740741,0.4,365.1703703703704,376.6864406779661,373.0,912.925925925926,417.7796610169492,1.0953791228853098,2.3936062314901214,4,24,4,13.5,4,1054.0032377428306,248.72454921824044,-0.3825784270977131,canister_2
afar,0,770,59,107,103,2,48752,47666,1086,599,4,15,0.4465232789516449,0.583178699016571,1.1245685815811155,0.050000000745058,0.786336362361908,32,0,True,0.9626168224299064,0.5514018691588785,455.6261682242991,462.77669902912623,543.0,826.3050847457627,473.3203883495146,1.210206760748277,2.1127338365605515,4,21,1,14.75,4,1054.0032377428306,248.72454921824044,-0.6174798775562892,bolt_1
afar,0,771,49,120,117,1,48788,48128,660,599,4,18,0.6276007890701294,0.5788288116455078,0.8316112756729126,0.050000000745058,0.7744402289390564,32,0,True,0.975,0.4083333333333333,406.56666666666666,411.35042735042737,660.0,995.6734693877552,416.991452991453,1.004345330819054,2.398130687874068,4,18,6,12.25,4,1054.0032377428306,248.72454921824044,-0.1581807219237415,bottle_2
afar,0,772,25,97,93,2,48599,46325,2274,599,4,23,0.4176549613475799,0.6195469498634338,0.975586473941803,0.050000000745058,0.4306632578372955,32,7,False,0.9587628865979382,0.2577319587628865,501.020618556701,498.1182795698925,1137.0,1943.96,522.5698924731183,0.5144138768287413,1.9136196218029176,3,15,0,6.25,4,1054.0032377428306,248.72454921824044,2.413416118469897,canister_0
afar,0,773,45,133,122,6,49504,47148,2356,564,4,4,0.7240785360336304,0.5387517809867859,1.1369764804840088,0.050000000745058,0.5173773765563965,32,0,True,0.9172932330827068,0.3383458646616541,372.2105263157895,386.4590163934426,392.6666666666667,1100.088888888889,405.7704918032787,0.9090174531351002,2.464447317388494,4,19,6,11.25,4,1054.0032377428306,248.72454921824044,0.124976693276631,Tabasco_sauce_2
afar,0,774,42,127,110,11,49235,45372,3863,599,4,1,0.7942740321159363,0.6157583594322205,0.7252269983291626,0.050000000745058,0.2615780830383301,32,0,True,0.8661417322834646,0.3307086614173228,387.6771653543307,412.4727272727273,351.1818181818182,1172.2619047619048,447.59090909090907,0.8530516908703158,2.2341829998984464,3,25,0,10.5,4,1054.0032377428306,248.72454921824044,0.3206980217878545,Dixie_cup_0
afar,0,775,87,117,112,4,49424,47468,1956,599,4,17,0.5286155343055725,0.6824086308479309,0.9649215936660768,0.050000000745058,0.5205090045928955,32,0,True,0.9572649572649572,0.7435897435897436,422.4273504273504,423.82142857142856,489.0,568.0919540229885,441.2857142857143,1.7602784072515376,2.2661055357720947,4,28,15,21.75,4,1054.0032377428306,248.72454921824044,-1.3177113473485706,bottle_0
afar,0,776,72,123,118,5,49277,47840,1437,599,4,4,0.6295740604400635,0.65822434425354,1.141786813735962,0.050000000745058,0.62600177526474,32,0,True,0.959349593495935,0.5853658536585366,400.6260162601626,405.4237288135593,287.4,684.4027777777778,417.6016949152543,1.4611279095724172,2.3946262962436835,4,28,8,18.0,4,1054.0032377428306,248.72454921824044,-1.0022955555854147,Tabasco_sauce_2
afar,0,777,33,108,98,4,48100,45572,2528,599,4,19,0.496957927942276,0.5637556314468384,0.8516539931297302,0.050000000745058,0.5474511384963989,32,0,True,0.9074074074074074,0.3055555555555556,445.3703703703704,465.0204081632653,632.0,1457.5757575757575,490.8163265306122,0.6860706860706861,2.0374220374220373,4,13,4,8.25,4,1054.0032377428306,248.72454921824044,1.094422185035149,bottle_3
afar,0,778,51,99,97,1,48178,47432,746,599,4,5,0.4720629751682281,0.6514708995819092,0.734597384929657,0.050000000745058,0.3846831917762756,32,0,True,0.9797979797979798,0.5151515151515151,486.6464646464647,488.9896907216495,746.0,944.6666666666666,496.680412371134,1.058574453069866,2.013367097015235,4,22,5,12.75,4,1054.0032377428306,248.72454921824044,-0.2965027675099481,Tabasco_sauce_4
afar,0,779,41,102,92,2,48708,44436,4272,599,4,5,0.4987088441848755,0.6546143889427185,0.8444631695747375,0.050000000745058,0.2117569893598556,32,0,True,0.9019607843137256,0.4019607843137255,477.52941176470586,483.0,2136.0,1188.0,529.4347826086956,0.8417508417508418,1.8888067668555475,4,14,4,10.25,4,1054.0032377428306,248.72454921824044,0.3633771432153935,Tabasco_sauce_4
afar,0,780,53,103,101,1,48838,47733,1105,599,4,28,0.5047206282615662,0.5530745387077332,1.0317686796188354,0.050000000745058,0.5190808176994324,32,0,True,0.9805825242718448,0.5145631067961165,474.1553398058253,472.6039603960396,1105.0,921.4716981132076,483.5445544554456,1.0852205250010238,2.06806175519063,4,20,2,13.25,4,1054.0032377428306,248.72454921824044,-0.3594037008455659,chalice_4
afar,0,781,81,121,119,1,49086,49053,33,535,4,29,0.6379643678665161,0.5396119952201843,0.896198034286499,0.050000000745058,0.2623395025730133,32,0,True,0.9834710743801652,0.6694214876033058,405.6694214876033,412.21008403361344,33.0,606.0,412.4873949579832,1.6501650165016502,2.4243165057246467,4,30,15,20.25,4,1054.0032377428306,248.72454921824044,-1.2149109720263138,chicken_(animal)_2
afar,0,782,63,120,109,7,49469,45617,3852,599,4,8,0.5770745873451233,0.5204423069953918,0.7446115016937256,0.050000000745058,0.5756531953811646,32,0,True,0.9083333333333332,0.525,412.2416666666667,418.5045871559633,550.2857142857143,785.2222222222222,453.8440366972477,1.2735248337342575,2.203400109159272,4,23,8,15.75,4,1054.0032377428306,248.72454921824044,-0.7288898323002976,bandage_4
afar,0,783,38,120,115,4,49491,47594,1897,599,4,17,0.6140232682228088,0.6696131229400635,1.102569580078125,0.050000000745058,0.2522774636745453,32,0,True,0.9583333333333334,0.3166666666666666,412.425,413.8608695652174,474.25,1302.3947368421052,430.3565217391304,0.76781637065325,2.3236548059243094,3,18,0,9.5,4,1054.0032377428306,248.72454921824044,0.6735968229475195,bottle_0
afar,0,784,38,98,88,3,48128,42838,5290,599,4,29,0.4467338025569916,0.6178162097930908,0.6109877228736877,0.050000000745058,0.6951239109039307,32,0,True,0.8979591836734694,0.3877551020408163,491.1020408163265,486.79545454545456,1763.3333333333333,1266.5263157894738,546.9090909090909,0.789561170212766,1.8284574468085104,4,12,7,9.5,4,1054.0032377428306,248.72454921824044,0.5763275743910699,chicken_(animal)_2
afar,0,785,34,101,97,2,48209,46940,1269,599,4,27,0.4743476212024688,0.5518603920936584,1.0608887672424316,0.050000000745058,0.2302723526954651,32,0,True,0.9603960396039604,0.3366336633663366,477.3168316831683,483.9175257731959,634.5,1417.9117647058824,497.0,0.7052625028521645,2.0120724346076457,4,21,1,8.5,4,1054.0032377428306,248.72454921824044,0.986859971032476,chalice_2
afar,0,786,44,101,92,3,48545,43915,4630,599,4,21,0.4268558919429779,0.5321898460388184,1.1107051372528076,0.050000000745058,0.5562071204185486,32,0,True,0.9108910891089108,0.4356435643564356,480.64356435643566,477.3369565217391,1543.3333333333333,1103.2954545454545,527.6630434782609,0.9063755278607476,1.895148830981564,4,24,1,11.0,4,1054.0032377428306,248.72454921824044,0.1336723710541218,candle_holder_4
afar,0,787,34,108,104,1,48873,47360,1513,599,4,17,0.4562512338161468,0.5709415674209595,0.7061414122581482,0.050000000745058,0.6202146410942078,32,0,True,0.9629629629629628,0.3148148148148148,452.52777777777777,455.38461538461536,1513.0,1437.4411764705883,469.9326923076923,0.695680641663086,2.127964315675322,3,17,0,8.5,4,1054.0032377428306,248.72454921824044,1.0398205182591032,bottle_0
afar,0,788,56,130,126,4,48676,47386,1290,599,4,9,0.7674833536148071,0.6704149842262268,0.7976885437965393,0.050000000745058,0.7572324872016907,32,0,True,0.9692307692307692,0.4307692307692308,374.4307692307692,376.07936507936506,322.5,869.2142857142857,386.3174603174603,1.1504642945188597,2.588544662667433,4,27,8,14.0,4,1054.0032377428306,248.72454921824044,-0.5011171938395576,bear_0
afar,0,789,35,126,119,3,49529,47181,2348,599,4,5,0.6743049621582031,0.6595284342765808,0.8258896470069885,0.050000000745058,0.7732840776443481,32,0,True,0.9444444444444444,0.2777777777777778,393.0873015873016,396.47899159663865,782.6666666666666,1415.1142857142856,416.21008403361344,0.7066567061721416,2.4026328009852813,4,14,3,8.75,4,1054.0032377428306,248.72454921824044,0.9792736688931712,Tabasco_sauce_4
afar,0,790,19,94,83,1,49173,42584,6589,599,4,15,0.4092602133750915,0.5442604422569275,0.925636351108551,0.050000000745058,0.4921956658363342,32,13,False,0.8829787234042553,0.202127659574468,523.1170212765958,513.0602409638554,6589.0,2588.0526315789475,592.4457831325301,0.3863909055782645,1.6879181664734713,4,11,1,4.75,4,1054.0032377428306,248.72454921824044,4.160089220765101,bolt_1
afar,0,791,36,114,110,1,48269,48157,112,584,4,29,0.5666191577911377,0.6006420850753784,0.9771509170532228,0.050000000745058,0.6986495852470398,32,0,True,0.9649122807017544,0.3157894736842105,423.4122807017544,437.7909090909091,112.0,1340.8055555555557,438.8090909090909,0.7458202987424641,2.2788953572686403,3,18,0,9.0,4,1054.0032377428306,248.72454921824044,0.7777606350989673,chicken_(animal)_2
afar,0,792,22,117,112,1,48788,46737,2051,599,4,21,0.616051197052002,0.650556743144989,0.852651059627533,0.050000000745058,0.4457456469535827,32,10,False,0.9572649572649572,0.188034188034188,416.991452991453,417.2946428571428,2051.0,2217.6363636363635,435.6071428571428,0.450930556694269,2.295646470443552,4,8,2,5.5,4,1054.0032377428306,248.72454921824044,3.155581328349348,candle_holder_4
afar,0,793,70,129,119,6,48754,45748,3006,599,4,4,0.7068449258804321,0.5638034343719482,0.9048688411712646,0.050000000745058,0.6930879354476929,32,0,True,0.9224806201550388,0.5426356589147286,377.9379844961241,384.436974789916,501.0,696.4857142857143,409.6974789915967,1.4357796283381876,2.440825368174919,4,22,13,17.5,4,1054.0032377428306,248.72454921824044,-0.9695286224450432,Tabasco_sauce_2
afar,0,794,21,148,123,9,49337,43618,5719,599,4,31,0.7854911088943481,0.6972094178199768,0.7874162793159485,0.050000000745058,0.7425582408905029,32,11,False,0.831081081081081,0.1418918918918918,333.3581081081081,354.6178861788618,635.4444444444445,2349.3809523809523,401.1138211382114,0.4256440399700022,2.493057948395727,3,19,0,5.25,4,1054.0032377428306,248.72454921824044,3.5128509480452084,cider_0
afar,0,795,35,126,120,5,49358,48088,1270,564,4,17,0.6482951641082764,0.677993893623352,1.143066644668579,0.050000000745058,0.3706374764442444,32,0,True,0.9523809523809524,0.2777777777777778,391.73015873015873,400.73333333333335,254.0,1410.2285714285715,411.31666666666666,0.7091049070059565,2.431216824020422,4,19,2,8.75,4,1054.0032377428306,248.72454921824044,0.9660244166739111,bottle_0
afar,0,796,35,119,102,12,48452,42783,5669,599,4,26,0.740886926651001,0.5075815916061401,0.9505159258842468,0.050000000745058,0.6307725310325623,32,0,True,0.8571428571428571,0.2941176470588235,407.15966386554624,419.4411764705882,472.4166666666667,1384.3428571428572,475.0196078431373,0.7223644018822752,2.105176256914059,4,23,1,8.75,4,1054.0032377428306,248.72454921824044,0.8958266242139705,canister_3
afar,0,797,48,108,104,1,49156,47037,2119,599,4,24,0.5288311839103699,0.6299488544464111,0.6931518316268921,0.050000000745058,0.410738468170166,32,0,True,0.9629629629629628,0.4444444444444444,455.14814814814815,452.2788461538461,2119.0,1024.0833333333333,472.6538461538461,0.976483033607291,2.115713239482464,3,28,0,12.0,4,1054.0032377428306,248.72454921824044,-0.0811378514410268,canister_1
afar,0,798,83,119,116,2,49259,47906,1353,599,4,30,0.5934652090072632,0.5605411529541016,1.0876524448394775,0.050000000745058,0.6457874774932861,32,0,True,0.9747899159663864,0.6974789915966386,413.9411764705882,412.9827586206897,676.5,593.4819277108434,424.6465517241379,1.6849712742849023,2.354899612253598,4,27,14,20.75,4,1054.0032377428306,248.72454921824044,-1.2488579217165414,chocolate_milk_4
afar,0,799,27,101,95,1,49120,45526,3594,599,4,2,0.4792667329311371,0.6846189498901367,0.9843706488609314,0.050000000745058,0.7694715261459351,32,5,False,0.9405940594059404,0.2673267326732673,486.3366336633664,479.22105263157897,3594.0,1819.25925925926,517.0526315789474,0.5496742671009772,1.9340390879478828,4,15,3,6.75,4,1054.0032377428306,248.72454921824044,2.075248254083388,Dixie_cup_3
afar,0,800,15,117,111,2,48216,46457,1759,599,4,20,0.6460740566253662,0.554614245891571,0.8824062347412109,0.050000000745058,0.2091396152973175,32,17,False,0.9487179487179488,0.1282051282051282,412.1025641025641,418.5315315315315,879.5,3214.4,434.3783783783784,0.3111000497760079,2.302140368342459,4,10,1,3.75,4,1054.0032377428306,248.72454921824044,5.858640092916073,can_1
afar,0,801,75,137,129,5,48894,47333,1561,593,4,20,0.7846111059188843,0.5240908265113831,0.9403970241546632,0.050000000745058,0.3009474575519562,32,0,True,0.9416058394160584,0.5474452554744526,356.8905109489051,366.9224806201551,312.2,651.92,379.0232558139535,1.5339305436249846,2.6383605350349737,4,23,14,18.75,4,1054.0032377428306,248.72454921824044,-1.0903834973666933,can_1
afar,0,802,53,134,123,6,49106,46775,2331,599,4,22,0.7255957722663879,0.6399413347244263,1.15132737159729,0.050000000745058,0.2361850142478943,32,0,True,0.917910447761194,0.3955223880597014,366.46268656716416,380.2845528455285,388.5,926.5283018867924,399.2357723577236,1.0792978454771311,2.504785565918625,4,29,3,13.25,4,1054.0032377428306,248.72454921824044,-0.3456910244893197,candy_cane_1
afar,0,803,27,124,110,3,49104,47813,1291,599,4,11,0.7990162372589111,0.5004512071609497,0.7826384902000427,0.050000000745058,0.2782680094242096,32,5,False,0.8870967741935484,0.2177419354838709,396.0,434.6636363636364,430.3333333333333,1818.6666666666667,446.4,0.5498533724340176,2.240143369175627,4,14,1,6.75,4,1054.0032377428306,248.72454921824044,2.073641240602169,beer_bottle_3
afar,0,804,47,115,108,5,49054,47260,1794,595,4,8,0.5098822116851807,0.6572068929672241,0.9916709661483764,0.050000000745058,0.7054489254951477,32,0,True,0.9391304347826088,0.408695652173913,426.55652173913046,437.5925925925926,358.8,1043.7021276595744,454.2037037037037,0.95812777755127,2.2016553186284504,4,18,7,11.75,4,1054.0032377428306,248.72454921824044,-0.0279349134333328,bandage_4
afar,0,805,23,107,103,0,49563,47167,2396,599,4,19,0.5749754905700684,0.5294288396835327,0.6299972534179688,0.050000000745058,0.6378238797187805,32,9,False,0.9626168224299064,0.2149532710280373,463.2056074766355,457.9320388349514,,2154.913043478261,481.19417475728153,0.4640558481125033,2.0781631458951235,4,16,1,5.75,4,1054.0032377428306,248.72454921824044,2.9854860177754063,bottle_3
afar,0,806,41,131,122,5,48711,47235,1476,599,4,10,0.6412546634674072,0.6251674890518188,0.922685980796814,0.050000000745058,0.3198832869529724,32,0,True,0.931297709923664,0.3129770992366412,371.8396946564886,387.172131147541,295.2,1188.0731707317073,399.2704918032787,0.8416990002258217,2.5045677567695184,4,23,1,10.25,4,1054.0032377428306,248.72454921824044,0.3635755701848731,beer_bottle_0
afar,0,807,75,153,117,28,49238,41423,7815,461,4,31,0.7607945203781128,0.687343418598175,1.1300325393676758,0.050000000745058,0.604658305644989,32,0,True,0.7647058823529411,0.4901960784313725,321.8169934640523,354.04273504273505,279.10714285714283,656.5066666666667,420.8376068376068,1.5232137779763597,2.376213493643121,4,23,14,18.75,4,1054.0032377428306,248.72454921824044,-1.077945213022062,cider_0
afar,0,808,32,105,99,1,48733,46295,2438,599,4,25,0.4161517918109894,0.5369139909744263,0.9799994230270386,0.050000000745058,0.7344656586647034,32,0,True,0.9428571428571428,0.3047619047619048,464.1238095238096,467.6262626262626,2438.0,1522.90625,492.2525252525252,0.6566392382984836,2.0314776434859336,4,12,3,8.0,4,1054.0032377428306,248.72454921824044,1.271587717262074,canister_2
afar,0,809,62,117,109,7,48972,46539,2433,599,4,17,0.5017777681350708,0.614945650100708,0.9652429819107056,0.050000000745058,0.3027767241001129,32,0,True,0.9316239316239316,0.5299145299145299,418.56410256410254,426.9633027522936,347.57142857142856,789.8709677419355,449.2844036697248,1.2660295679163605,2.225761659723924,4,26,2,15.5,4,1054.0032377428306,248.72454921824044,-0.7162832003337225,bottle_0
afar,0,810,50,128,125,2,49311,47978,1333,599,4,28,0.6290121078491211,0.6692314147949219,0.7040627002716064,0.050000000745058,0.6271908283233643,32,0,True,0.9765625,0.390625,385.2421875,383.824,666.5,986.22,394.488,1.0139725416235728,2.534931354058932,4,20,3,12.5,4,1054.0032377428306,248.72454921824044,-0.183816973440056,chalice_4
afar,0,811,70,97,94,1,49136,47339,1797,599,4,16,0.4843992888927459,0.5834816694259644,0.7653508186340332,0.050000000745058,0.3625519275665283,32,0,True,0.9690721649484536,0.7216494845360825,506.5567010309279,503.6063829787234,1797.0,701.9428571428572,522.7234042553191,1.4246173884728102,1.9130576359492024,4,22,11,17.5,4,1054.0032377428306,248.72454921824044,-0.9547297500831792,boom_microphone_1
afar,0,812,15,133,116,11,48925,44920,4005,599,4,13,0.6747121810913086,0.5376794934272766,1.0888406038284302,0.050000000745058,0.560333251953125,32,17,False,0.8721804511278195,0.112781954887218,367.8571428571428,387.2413793103448,364.09090909090907,3261.6666666666665,421.7672413793104,0.3065917220235054,2.3709759836484414,4,7,2,3.75,4,1054.0032377428306,248.72454921824044,5.986819505711763,beer_can_4
afar,0,813,43,123,90,31,48721,38082,10639,599,4,2,0.5863649845123291,0.5680090188980103,0.9776430130004884,0.050000000745058,0.2294976115226745,32,0,True,0.7317073170731707,0.3495934959349593,396.1056910569106,423.1333333333333,343.1935483870968,1133.046511627907,541.3444444444444,0.8825763018000452,1.847252724697769,4,15,2,10.75,4,1054.0032377428306,248.72454921824044,0.2143523363618749,Dixie_cup_3
afar,0,814,47,109,103,3,48760,46315,2445,599,4,18,0.5481743812561035,0.6497528553009033,0.8186663389205933,0.050000000745058,0.361836314201355,32,0,True,0.944954128440367,0.4311926605504587,447.3394495412844,449.6601941747573,815.0,1037.4468085106382,473.3980582524272,0.9639048400328136,2.1123872026251025,4,21,5,11.75,4,1054.0032377428306,248.72454921824044,-0.0448983083986419,bottle_2
afar,0,815,64,125,120,3,49085,48410,675,599,4,0,0.7072616815567017,0.5169122219085693,0.8017882108688354,0.050000000745058,0.5671960711479187,32,0,True,0.96,0.512,392.68,403.4166666666667,225.0,766.953125,409.0416666666667,1.3038606498930427,2.444738718549455,4,25,1,16.0,4,1054.0032377428306,248.72454921824044,-0.7784326141250889,Band_Aid_0
afar,0,816,66,113,110,2,48986,48888,98,596,4,16,0.7429343461990356,0.5098720192909241,0.7344081997871399,0.050000000745058,0.277917206287384,32,0,True,0.9734513274336284,0.584070796460177,433.50442477876106,444.4363636363637,49.0,742.2121212121212,445.3272727272727,1.34732372514596,2.2455395419099333,4,23,1,16.5,4,1054.0032377428306,248.72454921824044,-0.8455261403064619,boom_microphone_1
afar,0,817,47,120,114,4,48619,46979,1640,599,4,15,0.7945377230644226,0.5123372077941895,1.119179368019104,0.050000000745058,0.3564283847808838,32,0,True,0.95,0.3916666666666666,405.15833333333336,412.0964912280702,410.0,1034.4468085106382,426.4824561403509,0.9667002612147514,2.344762335712376,4,25,1,11.75,4,1054.0032377428306,248.72454921824044,-0.0530338141473105,bolt_1
afar,0,818,61,118,114,3,49136,47177,1959,599,4,10,0.690568208694458,0.560314953327179,1.0774855613708496,0.050000000745058,0.6510447859764099,32,0,True,0.9661016949152542,0.5169491525423728,416.40677966101697,413.8333333333333,653.0,805.5081967213115,431.0175438596491,1.2414522956691632,2.320091175512862,4,21,3,15.25,4,1054.0032377428306,248.72454921824044,-0.673877611582069,beer_bottle_0
afar,0,819,53,118,116,1,48263,47065,1198,599,4,20,0.5945305228233337,0.6262583136558533,1.1628010272979736,0.050000000745058,0.3338411450386047,32,0,True,0.9830508474576272,0.4491525423728814,409.0084745762712,405.7327586206897,1198.0,910.622641509434,416.0603448275862,1.0981497213186084,2.4034975032633694,4,22,3,13.25,4,1054.0032377428306,248.72454921824044,-0.3888245549681097,can_1
afar,0,820,65,120,112,4,49331,45945,3386,599,4,21,0.7635213136672974,0.6809655427932739,0.6398594975471497,0.050000000745058,0.7294472455978394,32,0,True,0.9333333333333332,0.5416666666666666,411.0916666666666,410.2232142857143,846.5,758.9384615384615,440.4553571428572,1.3176298879001034,2.270377652997101,4,29,3,16.25,4,1054.0032377428306,248.72454921824044,-0.8001670610134191,candle_holder_4
afar,0,821,48,117,112,1,49248,46682,2566,599,4,28,0.7591685652732849,0.6337337493896484,0.9962512254714966,0.050000000745058,0.5749799609184265,32,0,True,0.9572649572649572,0.4102564102564102,420.9230769230769,416.8035714285714,2566.0,1026.0,439.7142857142857,0.9746588693957114,2.2742040285899936,3,32,0,12.0,4,1054.0032377428306,248.72454921824044,-0.0759401672127105,chalice_4
afar,0,822,47,106,104,2,48699,48055,644,588,4,25,0.4997647106647491,0.5422943830490112,0.6831997036933899,0.050000000745058,0.6181736588478088,32,0,True,0.981132075471698,0.4433962264150943,459.4245283018868,462.0673076923077,322.0,1036.148936170213,468.25961538461536,0.965112219963449,2.135567465451036,4,15,10,11.75,4,1054.0032377428306,248.72454921824044,-0.048417924360832,canister_2
afar,0,823,70,126,124,2,48279,47670,609,599,4,24,0.6910995244979858,0.5229016542434692,0.6117907762527466,0.050000000745058,0.6346899271011353,32,0,True,0.984126984126984,0.5555555555555556,383.1666666666667,384.4354838709677,304.5,689.7,389.3467741935484,1.449905756125852,2.5684044822800804,4,29,7,17.5,4,1054.0032377428306,248.72454921824044,-0.98793036163846,canister_1
afar,0,824,34,114,106,4,48820,46324,2496,599,4,9,0.6234354376792908,0.5627550482749939,0.6412226557731628,0.050000000745058,0.395045518875122,32,0,True,0.9298245614035088,0.2982456140350877,428.2456140350877,437.0188679245283,624.0,1435.8823529411766,460.5660377358491,0.6964358869315854,2.171241294551413,4,15,3,8.5,4,1054.0032377428306,248.72454921824044,1.0355932456642067,bear_0
afar,0,825,73,109,103,2,48989,46487,2502,599,4,21,0.5135655999183655,0.6209599375724792,0.7035315632820129,0.050000000745058,0.2528975009918213,32,0,True,0.944954128440367,0.6697247706422018,449.4403669724771,451.33009708737865,1251.0,671.082191780822,475.621359223301,1.4901304374451407,2.1025128089979384,4,25,14,18.25,4,1054.0032377428306,248.72454921824044,-1.038418790236704,candle_holder_4
afar,0,826,47,102,97,1,49392,46977,2415,599,4,21,0.5523707866668701,0.536657989025116,0.7592141628265381,0.050000000745058,0.2525558173656463,32,0,True,0.9509803921568628,0.4607843137254901,484.2352941176471,484.29896907216494,2415.0,1050.893617021277,509.1958762886598,0.9515711046323292,1.9638807904114024,4,17,6,11.75,4,1054.0032377428306,248.72454921824044,-0.0084327790854603,candle_holder_4
afar,0,827,36,109,106,0,48094,48031,63,571,4,25,0.5527734756469727,0.6999741792678833,1.0572947263717651,0.050000000745058,0.2568960189819336,32,0,True,0.9724770642201837,0.3302752293577982,441.2293577981652,453.122641509434,,1335.9444444444443,453.7169811320755,0.7485341206803343,2.2040171331143177,4,17,1,9.0,4,1054.0032377428306,248.72454921824044,0.7645781026358465,canister_2
afar,0,828,50,106,98,4,49204,44762,4442,599,4,8,0.4600453078746795,0.6089565753936768,0.6663224697113037,0.050000000745058,0.3534776866436004,32,0,True,0.9245283018867924,0.4716981132075472,464.188679245283,456.7551020408163,1110.5,984.08,502.0816326530612,1.0161775465409315,1.991707991220226,4,20,4,12.5,4,1054.0032377428306,248.72454921824044,-0.1896203008741063,bandage_4
afar,0,829,74,127,113,11,48787,47934,853,599,4,3,0.5389688611030579,0.6562596559524536,0.6961585283279419,0.050000000745058,0.5894171595573425,32,0,True,0.889763779527559,0.5826771653543307,384.1496062992126,424.1946902654867,77.54545454545455,659.2837837837837,431.7433628318584,1.5167975075327444,2.3161907885297315,4,30,10,18.5,4,1054.0032377428306,248.72454921824044,-1.0704141289317182,Dixie_cup_4
afar,0,830,28,114,107,3,48459,46038,2421,599,4,31,0.6673014760017395,0.5411691069602966,0.6266172528266907,0.050000000745058,0.2733654677867889,32,4,False,0.9385964912280702,0.2456140350877192,425.078947368421,430.2616822429907,807.0,1730.678571428571,452.8878504672897,0.5778080439134113,2.2080521678119647,3,21,0,7.0,4,1054.0032377428306,248.72454921824044,1.8350320223941945,cider_0
afar,0,831,61,133,124,3,49354,46482,2872,599,4,8,0.7468235492706299,0.6940526366233826,1.1801044940948486,0.050000000745058,0.2969021499156952,32,0,True,0.9323308270676692,0.4586466165413533,371.0827067669173,374.85483870967744,957.3333333333334,809.0819672131148,398.0161290322581,1.2359687158082424,2.512460996069214,3,28,0,15.25,4,1054.0032377428306,248.72454921824044,-0.664186134788573,bandage_4
afar,0,832,72,124,124,0,49183,49183,0,581,4,5,0.6151920557022095,0.51564621925354,1.100432276725769,0.050000000745058,0.6012923717498779,32,0,True,1.0,0.5806451612903226,396.6370967741936,396.6370967741936,,683.0972222222222,396.6370967741936,1.4639204603216558,2.521196348331741,4,26,12,18.0,4,1054.0032377428306,248.72454921824044,-1.0058360071612242,Tabasco_sauce_4
afar,0,833,38,107,107,0,48679,48679,0,546,4,4,0.4063197076320648,0.6670256853103638,1.1992292404174805,0.050000000745058,0.4472137093544006,32,0,True,1.0,0.3551401869158878,454.9439252336449,454.9439252336449,,1281.0263157894738,454.9439252336449,0.7806240884159494,2.1980730910659627,4,20,1,9.5,4,1054.0032377428306,248.72454921824044,0.6156491855096348,Tabasco_sauce_2
afar,0,834,57,131,118,7,49105,46279,2826,599,4,10,0.7059224843978882,0.6876025795936584,0.6558994650840759,0.050000000745058,0.6377549171447754,32,0,True,0.900763358778626,0.4351145038167939,374.8473282442748,392.1949152542373,403.7142857142857,861.4912280701755,416.14406779661016,1.1607779248549028,2.4030139496996235,4,23,7,14.25,4,1054.0032377428306,248.72454921824044,-0.5220608537932101,beer_bottle_0
afar,0,835,58,103,101,1,49280,48082,1198,599,4,30,0.5394830107688904,0.6774486303329468,1.1942899227142334,0.050000000745058,0.550706148147583,32,0,True,0.9805825242718448,0.5631067961165048,478.4466019417476,476.0594059405941,1198.0,849.6551724137931,487.9207920792079,1.176948051948052,2.049512987012987,4,28,3,14.5,4,1054.0032377428306,248.72454921824044,-0.5541582867378967,chocolate_milk_4
afar,0,836,44,120,114,1,48649,47854,795,530,4,29,0.7786102294921875,0.660919189453125,0.7131217122077942,0.050000000745058,0.4946289658546448,32,0,True,0.95,0.3666666666666666,405.40833333333336,419.7719298245614,795.0,1105.659090909091,426.7456140350877,0.904437912392855,2.343316409381488,4,20,1,11.0,4,1054.0032377428306,248.72454921824044,0.140082163462164,chicken_(animal)_2
afar,0,837,30,96,90,0,48768,45242,3526,599,4,9,0.4067440032958984,0.6335170865058899,0.9369652271270752,0.050000000745058,0.25822713971138,32,2,False,0.9375,0.3125,508.0,502.68888888888887,,1625.6,541.8666666666667,0.6151574803149606,1.845472440944882,4,13,1,7.5,4,1054.0032377428306,248.72454921824044,1.5500762484211856,bear_0
afar,0,838,38,120,116,2,49199,47679,1520,599,4,4,0.5532066822052002,0.6380203366279602,1.1456276178359983,0.050000000745058,0.6148220896720886,32,0,True,0.9666666666666668,0.3166666666666666,409.9916666666667,411.0258620689655,760.0,1294.7105263157894,424.1293103448276,0.7723734222240289,2.35777149942072,4,24,1,9.5,4,1054.0032377428306,248.72454921824044,0.6527585099772454,Tabasco_sauce_2
afar,0,839,39,115,97,5,49212,42311,6901,599,4,12,0.7551045417785645,0.6309277415275574,0.6827422380447388,0.050000000745058,0.5822628736495972,32,0,True,0.8434782608695652,0.3391304347826087,427.9304347826087,436.1958762886598,1380.2,1261.8461538461538,507.340206185567,0.792489636673982,1.9710639681378528,4,21,2,9.75,4,1054.0032377428306,248.72454921824044,0.5636357462595435,beer_can_1
afar,0,840,66,134,122,6,49462,47839,1623,599,4,10,0.6865202188491821,0.6700869798660278,0.7138603329658508,0.050000000745058,0.3363897204399109,32,0,True,0.9104477611940298,0.4925373134328358,369.1194029850746,392.12295081967216,270.5,749.4242424242424,405.4262295081968,1.334357688730743,2.46653997007804,4,21,7,16.5,4,1054.0032377428306,248.72454921824044,-0.8259680557793598,beer_bottle_0
afar,0,841,7,99,96,0,48905,47685,1220,599,4,30,0.500218391418457,0.5328766107559204,1.1588741540908811,0.050000000745058,0.5939550995826721,32,25,False,0.9696969696969696,0.0707070707070707,493.989898989899,496.71875,,6986.428571428572,509.4270833333333,0.1431346488089152,1.962989469379409,2,6,0,1.75,4,1054.0032377428306,248.72454921824044,16.087760135249184,chocolate_milk_4
afar,0,842,54,96,93,2,49170,47373,1797,599,4,30,0.4268185794353485,0.5624133348464966,0.8683047890663147,0.050000000745058,0.7441062927246094,32,0,True,0.96875,0.5625,512.1875,509.3870967741936,898.5,910.5555555555557,528.7096774193549,1.0982306284319707,1.891397193410616,4,26,2,13.5,4,1054.0032377428306,248.72454921824044,-0.3890064810225873,chocolate_milk_4
afar,0,843,53,124,119,5,48838,47881,957,573,4,9,0.5978518724441528,0.5457443594932556,0.8225233554840088,0.050000000745058,0.5090667605400085,32,0,True,0.9596774193548387,0.4274193548387097,393.85483870967744,402.3613445378151,191.4,921.4716981132076,410.4033613445378,1.0852205250010238,2.4366272165117326,4,26,4,13.25,4,1054.0032377428306,248.72454921824044,-0.3594037008455659,bear_0
afar,0,844,52,119,118,0,48508,47909,599,599,4,20,0.6772621870040894,0.6932953596115112,1.146098256111145,0.050000000745058,0.5439310669898987,32,0,True,0.9915966386554622,0.4369747899159664,407.6302521008403,406.0084745762712,,932.8461538461538,411.0847457627119,1.0719881256699926,2.432588439020368,3,19,0,13.0,4,1054.0032377428306,248.72454921824044,-0.3285580508444458,can_1
afar,0,845,43,96,86,0,48306,42365,5941,599,4,4,0.4339605867862701,0.5735502243041992,0.7469308376312256,0.050000000745058,0.4911209344863891,32,0,True,0.8958333333333334,0.4479166666666667,503.1875,492.6162790697674,,1123.3953488372092,561.6976744186046,0.8901585724340662,1.7803171448681323,3,24,0,10.75,4,1054.0032377428306,248.72454921824044,0.1881799729068556,Tabasco_sauce_2
afar,0,846,43,95,78,12,48699,38725,9974,599,4,16,0.432639330625534,0.5375903844833374,0.6392785906791687,0.050000000745058,0.5563469529151917,32,0,True,0.8210526315789474,0.4526315789473684,512.6210526315789,496.47435897435895,831.1666666666666,1132.5348837209303,624.3461538461538,0.8829750097537937,1.601675599088277,4,25,4,10.75,4,1054.0032377428306,248.72454921824044,0.2129648857690791,boom_microphone_1
afar,0,847,66,122,116,3,49503,47199,2304,599,4,7,0.5974823236465454,0.671222984790802,1.1197820901870728,0.050000000745058,0.333568811416626,32,0,True,0.9508196721311476,0.5409836065573771,405.7622950819672,406.88793103448273,768.0,750.0454545454545,426.75,1.3332525301496878,2.343292325717633,4,28,4,16.5,4,1054.0032377428306,248.72454921824044,-0.8242834308516053,atomizer_0
afar,0,848,24,114,109,2,49187,46728,2459,599,4,3,0.5589824914932251,0.5915614366531372,0.6016302108764648,0.050000000745058,0.5821143984794617,32,8,False,0.956140350877193,0.2105263157894736,431.46491228070175,428.697247706422,1229.5,2049.458333333333,451.25688073394497,0.4879338036473052,2.2160326915648443,4,10,4,6.0,4,1054.0032377428306,248.72454921824044,2.699510217572661,Dixie_cup_4
afar,0,849,69,152,125,19,50042,45520,4522,599,4,12,0.7285482883453369,0.6481518745422363,0.7726736068725586,0.050000000745058,0.2996854484081268,32,0,True,0.8223684210526315,0.4539473684210526,329.2236842105263,364.16,238.0,725.2463768115942,400.336,1.378841772910755,2.497901762519484,4,22,13,17.25,4,1054.0032377428306,248.72454921824044,-0.8915344440067717,beer_can_1
afar,0,850,72,101,97,2,48150,45754,2396,599,4,26,0.4062131345272064,0.6529053449630737,0.8032834529876709,0.050000000745058,0.2671390771865845,32,0,True,0.9603960396039604,0.7128712871287128,476.73267326732673,471.6907216494845,1198.0,668.75,496.3917525773196,1.4953271028037385,2.0145379023883696,4,25,10,18.0,4,1054.0032377428306,248.72454921824044,-1.0447433101166623,canister_3
afar,0,851,95,118,113,4,48734,48041,693,599,4,14,0.5681890249252319,0.5033242106437683,0.8451586961746216,0.050000000745058,0.7554911375045776,32,0,True,0.9576271186440678,0.8050847457627118,413.0,425.141592920354,173.25,512.9894736842106,431.27433628318585,1.9493577379242413,2.3187097303730457,4,27,21,23.75,4,1054.0032377428306,248.72454921824044,-1.467140195869246,beret_2
afar,0,852,45,107,103,2,48729,47034,1695,599,4,15,0.4450142383575439,0.6541436910629272,0.9543882608413696,0.050000000745058,0.7271668910980225,32,0,True,0.9626168224299064,0.4205607476635514,455.41121495327104,456.6407766990291,847.5,1082.8666666666666,473.0970873786408,0.9234747275749554,2.113731043116009,4,20,2,11.25,4,1054.0032377428306,248.72454921824044,0.0782728639787182,bolt_1
afar,0,853,53,109,105,2,49057,46829,2228,599,4,15,0.5708701610565186,0.6787788271903992,1.0596702098846436,0.050000000745058,0.7786062359809875,32,0,True,0.963302752293578,0.4862385321100917,450.0642201834862,445.9904761904762,1114.0,925.6037735849056,467.20952380952383,1.0803758892716635,2.1403673278023523,4,20,5,13.25,4,1054.0032377428306,248.72454921824044,-0.3481981929275886,bolt_1
afar,0,854,28,111,109,1,49111,48472,639,599,4,18,0.4978154599666595,0.698616623878479,0.9788022637367249,0.050000000745058,0.3241114318370819,32,4,False,0.981981981981982,0.2522522522522522,442.44144144144144,444.697247706422,639.0,1753.9642857142858,450.5596330275229,0.5701370365091324,2.21946203498198,4,12,3,7.0,4,1054.0032377428306,248.72454921824044,1.8981790432052887,bottle_2
afar,0,855,48,123,115,3,49012,45498,3514,599,4,21,0.6629441380500793,0.65989089012146,0.6514480710029602,0.050000000745058,0.7582518458366394,32,0,True,0.934959349593496,0.3902439024390244,398.4715447154472,395.6347826086957,1171.3333333333333,1021.0833333333334,426.1913043478261,0.9793519954296906,2.346364155716967,4,24,1,12.0,4,1054.0032377428306,248.72454921824044,-0.0892733571896951,candle_holder_4
afar,0,856,29,101,94,1,48832,46462,2370,599,4,27,0.4326889812946319,0.6710085868835449,1.1873137950897217,0.050000000745058,0.2433066964149475,32,3,False,0.9306930693069309,0.2871287128712871,483.48514851485146,494.2765957446808,2370.0,1683.8620689655172,519.4893617021277,0.593872870249017,1.9249672346002624,4,18,1,7.25,4,1054.0032377428306,248.72454921824044,1.7080733807539497,chalice_2
afar,0,857,29,111,100,2,48159,46754,1405,599,4,11,0.4426677823066711,0.6384400725364685,1.1458806991577148,0.050000000745058,0.3456960618495941,32,3,False,0.9009009009009008,0.2612612612612612,433.8648648648648,467.54,702.5,1660.655172413793,481.59,0.6021719720093855,2.076455075894433,3,20,0,7.25,4,1054.0032377428306,248.72454921824044,1.6451401006521795,beer_bottle_3
afar,0,858,19,100,85,1,48667,41475,7192,599,4,12,0.4865018427371979,0.5636783242225647,1.1620190143585205,0.050000000745058,0.5532286167144775,32,13,False,0.85,0.19,486.67,487.9411764705882,7192.0,2561.4210526315787,572.5529411764705,0.3904082848747611,1.7465633797028788,4,13,1,4.75,4,1054.0032377428306,248.72454921824044,4.087868766224287,beer_can_1
afar,0,859,62,97,94,1,48750,46953,1797,599,4,3,0.4248325824737549,0.6332117319107056,0.999165654182434,0.050000000745058,0.679650604724884,32,0,True,0.9690721649484536,0.6391752577319587,502.5773195876289,499.5,1797.0,786.2903225806451,518.6170212765958,1.2717948717948715,1.928205128205128,4,21,8,15.5,4,1054.0032377428306,248.72454921824044,-0.7259933200982626,Dixie_cup_4
afar,0,860,34,122,116,1,49257,47105,2152,599,4,29,0.7262535095214844,0.6931290626525879,1.162299394607544,0.050000000745058,0.2072748988866806,32,0,True,0.9508196721311476,0.2786885245901639,403.74590163934425,406.07758620689657,2152.0,1448.735294117647,424.6293103448276,0.6902572223237307,2.354995229104493,4,19,1,8.5,4,1054.0032377428306,248.72454921824044,1.0704483046070317,chicken_(animal)_2
afar,0,861,33,110,108,0,49028,48406,622,599,4,8,0.5713778138160706,0.6261647939682007,0.983584761619568,0.050000000745058,0.7179660797119141,32,0,True,0.9818181818181818,0.3,445.7090909090909,448.2037037037037,,1485.6969696969695,453.962962962963,0.6730847678877376,2.2028228767235047,4,16,2,8.25,4,1054.0032377428306,248.72454921824044,1.1706822793256997,bandage_4
afar,0,862,40,107,103,3,48763,47872,891,599,4,21,0.4888827204704284,0.5672594904899597,1.0233594179153442,0.050000000745058,0.5288952589035034,32,0,True,0.9626168224299064,0.3738317757009345,455.7289719626168,464.77669902912623,297.0,1219.075,473.4271844660194,0.8202940754260403,2.1122572442220537,4,17,6,10.0,4,1054.0032377428306,248.72454921824044,0.4476474235953525,candle_holder_4
afar,0,863,51,123,120,3,49564,48476,1088,599,4,30,0.7401456832885742,0.648794412612915,0.9775570631027222,0.050000000745058,0.6084996461868286,32,0,True,0.975609756097561,0.4146341463414634,402.9593495934959,403.9666666666666,362.6666666666667,971.843137254902,413.03333333333336,1.0289726414332985,2.4211120974901137,4,26,2,12.75,4,1054.0032377428306,248.72454921824044,-0.2228046566102442,chocolate_milk_4
afar,0,864,53,110,92,16,49220,41727,7493,599,4,2,0.5546246767044067,0.592013418674469,0.8200306296348572,0.050000000745058,0.4924081563949585,32,0,True,0.8363636363636363,0.4818181818181818,447.45454545454544,453.5543478260869,468.3125,928.6792452830188,535.0,1.0767980495733442,1.8691588785046729,4,18,8,13.25,4,1054.0032377428306,248.72454921824044,-0.3398580203676327,Dixie_cup_3
afar,0,865,43,131,119,12,49166,46069,3097,599,4,4,0.7034381031990051,0.6636239290237427,1.0064828395843506,0.050000000745058,0.7874847054481506,32,0,True,0.9083969465648856,0.3282442748091603,375.3129770992367,387.1344537815126,258.0833333333333,1143.3953488372092,413.15966386554624,0.8745881300085425,2.420371801651548,4,25,3,10.75,4,1054.0032377428306,248.72454921824044,0.2424166778979796,Tabasco_sauce_2
afar,0,866,72,113,107,6,48861,46337,2524,599,4,7,0.5380021333694458,0.6411475539207458,0.9249225854873656,0.050000000745058,0.5087037682533264,32,0,True,0.9469026548672568,0.6371681415929203,432.3982300884956,433.0560747663552,420.6666666666667,678.625,456.6448598130841,1.4735678762202984,2.189885593827388,4,23,12,18.0,4,1054.0032377428306,248.72454921824044,-1.017963937027295,atomizer_0
afar,0,867,65,115,110,5,48848,46959,1889,599,4,13,0.4326701462268829,0.5020283460617065,0.943997859954834,0.050000000745058,0.5379930138587952,32,0,True,0.9565217391304348,0.5652173913043478,424.7652173913044,426.9,377.8,751.5076923076923,444.07272727272726,1.3306583688175564,2.251883393383557,4,25,5,16.25,4,1054.0032377428306,248.72454921824044,-0.8203180829447366,beer_can_4
afar,0,868,74,133,116,12,49276,45026,4250,599,4,11,0.6439254879951477,0.6764547228813171,0.9210276007652284,0.050000000745058,0.4008027911186218,32,0,True,0.8721804511278195,0.556390977443609,370.49624060150376,388.1551724137931,354.1666666666667,665.8918918918919,424.7931034482759,1.5017452715317805,2.354087182401169,4,27,10,18.5,4,1054.0032377428306,248.72454921824044,-1.0524940284312725,beer_bottle_3
afar,0,869,41,128,122,2,49752,48031,1721,599,4,14,0.724538266658783,0.5837088823318481,1.0630913972854614,0.050000000745058,0.3437763452529907,32,0,True,0.953125,0.3203125,388.6875,393.6967213114754,860.5,1213.4634146341464,407.8032786885246,0.8240874738703972,2.452162727126548,4,27,2,10.25,4,1054.0032377428306,248.72454921824044,0.4324297285943368,beret_2
afar,0,870,19,94,81,3,48878,42216,6662,599,4,15,0.4049936234951019,0.6895971298217773,1.1232291460037231,0.050000000745058,0.6979038715362549,32,13,False,0.8617021276595744,0.202127659574468,519.9787234042553,521.1851851851852,2220.6666666666665,2572.5263157894738,603.4320987654321,0.3887229428372683,1.6571872826220386,2,10,0,4.75,4,1054.0032377428306,248.72454921824044,4.117984410311465,bolt_1
afar,0,871,42,115,113,0,49264,48643,621,599,4,14,0.6208192706108093,0.691804051399231,0.7184215188026428,0.050000000745058,0.4044567346572876,32,0,True,0.982608695652174,0.3652173913043478,428.38260869565215,430.46902654867256,,1172.952380952381,435.9646017699115,0.8525495290678792,2.2937642091588177,3,23,0,10.5,4,1054.0032377428306,248.72454921824044,0.322570479460167,beret_2
afar,0,872,41,103,98,3,49298,46381,2917,599,4,5,0.6398622393608093,0.5666483044624329,0.8259892463684082,0.050000000745058,0.4255634844303131,32,0,True,0.9514563106796116,0.3980582524271844,478.621359223301,473.2755102040816,972.3333333333334,1202.3902439024391,503.0408163265306,0.8316767414499574,1.9879102600511176,4,22,1,10.25,4,1054.0032377428306,248.72454921824044,0.4024011138797391,Tabasco_sauce_4
afar,0,873,83,122,111,8,48819,46139,2680,599,4,31,0.6229550838470459,0.6683393716812134,0.8405110836029053,0.050000000745058,0.5905585885047913,32,0,True,0.9098360655737704,0.680327868852459,400.155737704918,415.6666666666667,335.0,588.1807228915662,439.8108108108109,1.700157725475737,2.273704909973576,4,31,11,20.75,4,1054.0032377428306,248.72454921824044,-1.2632339158105743,cider_0
afar,0,874,35,115,113,0,48972,48340,632,599,4,3,0.5950508117675781,0.6773909330368042,0.9416749477386476,0.050000000745058,0.2415201365947723,32,0,True,0.982608695652174,0.3043478260869565,425.8434782608696,427.787610619469,,1399.2,433.3805309734513,0.714694110920526,2.3074409866862697,4,16,1,8.75,4,1054.0032377428306,248.72454921824044,0.9361167479216628,Dixie_cup_4
afar,0,875,74,107,105,2,48363,47165,1198,599,4,24,0.5378309488296509,0.52638840675354,0.7331938147544861,0.050000000745058,0.6546999216079712,32,0,True,0.9813084112149532,0.6915887850467289,451.9906542056075,449.1904761904762,599.0,653.5540540540541,460.6,1.5300953208030932,2.1710811984368217,4,27,8,18.5,4,1054.0032377428306,248.72454921824044,-1.0859522119832292,canister_1
afar,0,876,40,105,98,5,48684,47400,1284,599,4,5,0.4447328448295593,0.6199030876159668,0.8590661287307739,0.050000000745058,0.6981236338615417,32,0,True,0.9333333333333332,0.3809523809523809,463.6571428571429,483.6734693877551,256.8,1217.1,496.7755102040816,0.8216251745953496,2.0129816777586065,4,13,8,10.0,4,1054.0032377428306,248.72454921824044,0.4422915489774786,Tabasco_sauce_4
afar,0,877,60,131,108,18,48957,42620,6337,599,4,12,0.6326210498809814,0.5406766533851624,1.0756993293762207,0.050000000745058,0.7518320083618164,32,0,True,0.8244274809160306,0.4580152671755725,373.7175572519084,394.6296296296296,352.05555555555554,815.95,453.30555555555554,1.2255652919909308,2.206017525583676,4,18,10,15.0,4,1054.0032377428306,248.72454921824044,-0.6455611613819899,beer_can_1
afar,0,878,25,100,87,3,48616,41655,6961,599,4,14,0.4656769931316376,0.5007983446121216,0.6257026791572571,0.050000000745058,0.5143835544586182,32,7,False,0.87,0.25,486.16,478.7931034482759,2320.333333333333,1944.64,558.8045977011494,0.5142339970380122,1.7895343096922824,3,9,0,6.25,4,1054.0032377428306,248.72454921824044,2.4152601664395954,beret_2
afar,0,879,51,104,100,3,48293,47643,650,599,4,12,0.434750497341156,0.5098750591278076,1.124910593032837,0.050000000745058,0.3250437974929809,32,0,True,0.9615384615384616,0.4903846153846153,464.3557692307692,476.43,216.66666666666663,946.9215686274508,482.93,1.0560536723748783,2.07069347524486,4,25,2,12.75,4,1054.0032377428306,248.72454921824044,-0.2903878448883998,beer_can_1
afar,0,880,78,115,113,1,49503,48305,1198,599,4,22,0.535789430141449,0.589126467704773,1.1001555919647217,0.050000000745058,0.7149701714515686,32,0,True,0.982608695652174,0.6782608695652174,430.46086956521737,427.4778761061947,1198.0,634.6538461538462,438.07964601769913,1.5756620810859947,2.282689937983557,4,29,6,19.5,4,1054.0032377428306,248.72454921824044,-1.1372064619909534,candy_cane_1
afar,0,881,54,102,91,6,48980,43599,5381,599,4,2,0.4630887508392334,0.5611639618873596,0.881281852722168,0.050000000745058,0.678464949131012,32,0,True,0.8921568627450981,0.5294117647058824,480.1960784313725,479.1098901098901,896.8333333333334,907.0370370370372,538.2417582417582,1.1024908125765618,1.8579011841567987,4,19,3,13.5,4,1054.0032377428306,248.72454921824044,-0.3985481235673219,Dixie_cup_3
afar,0,882,38,106,98,2,49017,44797,4220,599,4,18,0.6613000631332397,0.5677293539047241,1.08515202999115,0.050000000745058,0.7814992666244507,32,0,True,0.9245283018867924,0.3584905660377358,462.4245283018868,457.1122448979592,2110.0,1289.921052631579,500.1734693877551,0.7752412428341188,1.9993063630985168,3,25,0,9.5,4,1054.0032377428306,248.72454921824044,0.6397702464135819,bottle_2
afar,0,883,29,112,104,3,48917,47558,1359,599,4,12,0.742460310459137,0.6450146436691284,1.0560846328735352,0.050000000745058,0.2585988044738769,32,3,False,0.9285714285714286,0.2589285714285714,436.75892857142856,457.2884615384616,453.0,1686.7931034482758,470.3557692307692,0.5928409346443977,2.126050248379909,4,20,1,7.25,4,1054.0032377428306,248.72454921824044,1.7160218633819593,beer_can_1
afar,0,884,50,122,113,9,48683,46243,2440,599,4,25,0.7554339170455933,0.6063652038574219,0.9160386323928832,0.050000000745058,0.3219986855983734,32,0,True,0.9262295081967212,0.4098360655737705,399.0409836065574,409.2300884955752,271.1111111111111,973.66,430.8230088495576,1.0270525645502535,2.321138795883573,3,24,0,12.5,4,1054.0032377428306,248.72454921824044,-0.2178776241744821,canister_2
afar,0,885,34,104,103,1,49047,48448,599,599,4,15,0.4760356247425079,0.5461298823356628,0.9036033749580384,0.050000000745058,0.2128703445196151,32,0,True,0.9903846153846154,0.3269230769230769,471.6057692307692,470.3689320388349,599.0,1442.5588235294117,476.1844660194175,0.6932126327808021,2.1000265051889007,4,20,1,8.5,4,1054.0032377428306,248.72454921824044,1.053698733948008,bolt_1
afar,0,886,66,117,110,4,49133,46096,3037,599,4,0,0.7090392708778381,0.5929906368255615,0.8462159633636475,0.050000000745058,0.2911968827247619,32,0,True,0.9401709401709402,0.5641025641025641,419.94017094017096,419.0545454545455,759.25,744.439393939394,446.6636363636364,1.343292695337146,2.238821158895244,4,21,9,16.5,4,1054.0032377428306,248.72454921824044,-0.8394861436142684,Band_Aid_0
afar,0,887,37,138,120,9,49400,45564,3836,599,4,4,0.7421226501464844,0.6420664191246033,0.6860528588294983,0.050000000745058,0.7435870170593262,32,0,True,0.8695652173913043,0.2681159420289855,357.9710144927536,379.7,426.22222222222223,1335.1351351351352,411.6666666666667,0.7489878542510121,2.42914979757085,4,18,1,9.25,4,1054.0032377428306,248.72454921824044,0.7623833891230679,Tabasco_sauce_2
afar,0,888,62,120,112,6,48951,48363,588,566,4,11,0.6022435426712036,0.5399208664894104,1.057439923286438,0.050000000745058,0.2104558646678924,32,0,True,0.9333333333333332,0.5166666666666667,407.925,431.8125,98.0,789.5322580645161,437.0625,1.2665726951441236,2.288002288002288,4,23,8,15.5,4,1054.0032377428306,248.72454921824044,-0.7172017251763142,beer_bottle_3
afar,0,889,40,132,116,7,49499,45828,3671,599,4,12,0.6843777298927307,0.6106626987457275,1.045487642288208,0.050000000745058,0.6195955872535706,32,0,True,0.8787878787878788,0.303030303030303,374.99242424242425,395.0689655172414,524.4285714285714,1237.475,426.7155172413793,0.8080971332754197,2.343481686498717,4,22,1,10.0,4,1054.0032377428306,248.72454921824044,0.4975451921871862,beer_can_1
afar,0,890,69,131,119,11,49306,46771,2535,599,4,24,0.7131682634353638,0.6663275957107544,0.8495036363601685,0.050000000745058,0.4508812427520752,32,0,True,0.9083969465648856,0.5267175572519084,376.381679389313,393.0336134453781,230.45454545454547,714.5797101449275,414.3361344537816,1.399424005192066,2.413499371273273,4,24,8,17.25,4,1054.0032377428306,248.72454921824044,-0.9204606866687048,canister_1
afar,0,891,77,127,119,8,48840,46293,2547,599,4,16,0.7530295848846436,0.6439385414123535,1.1627800464630127,0.050000000745058,0.7709317803382874,32,0,True,0.937007874015748,0.6062992125984252,384.5669291338583,389.016806722689,318.375,634.2857142857143,410.4201680672269,1.576576576576577,2.4365274365274363,4,30,6,19.25,4,1054.0032377428306,248.72454921824044,-1.1382047749674382,boom_microphone_1
afar,0,892,37,138,120,15,49247,45348,3899,599,4,27,0.7070146799087524,0.6134530305862427,0.6063146591186523,0.050000000745058,0.788311243057251,32,0,True,0.8695652173913043,0.2681159420289855,356.8623188405797,377.9,259.93333333333334,1331.0,410.39166666666665,0.7513148009015778,2.4366966515726847,4,20,2,9.25,4,1054.0032377428306,248.72454921824044,0.7511695839019299,chalice_2
afar,0,893,58,123,110,7,48668,45999,2669,599,4,5,0.6853690147399902,0.6078675985336304,1.000981092453003,0.050000000745058,0.5693007707595825,32,0,True,0.8943089430894309,0.4715447154471545,395.6747967479675,418.1727272727273,381.2857142857143,839.1034482758621,442.4363636363637,1.1917481712829785,2.26021204898496,4,19,8,14.5,4,1054.0032377428306,248.72454921824044,-0.582772824198731,Tabasco_sauce_4
afar,0,894,43,108,104,2,49246,48163,1083,599,4,19,0.5240901708602905,0.5844383239746094,1.1516367197036743,0.050000000745058,0.3827145099639892,32,0,True,0.9629629629629628,0.3981481481481481,455.9814814814815,463.1057692307692,541.5,1145.2558139534883,473.5192307692308,0.8731673638468099,2.111846647443447,4,20,3,10.75,4,1054.0032377428306,248.72454921824044,0.2474619527808749,bottle_3
afar,0,895,48,110,106,4,48613,47660,953,599,4,29,0.4884924292564392,0.6280742883682251,1.0755919218063354,0.050000000745058,0.6646305918693542,32,0,True,0.9636363636363636,0.4363636363636363,441.9363636363637,449.622641509434,238.25,1012.7708333333334,458.6132075471698,0.9873902042663484,2.1804867010881863,3,24,0,12.0,4,1054.0032377428306,248.72454921824044,-0.111815487701631,chicken_(animal)_2
afar,0,896,46,115,107,1,48578,46101,2477,599,4,31,0.5051630139350891,0.6927620768547058,0.7499752044677734,0.050000000745058,0.6467369198799133,32,0,True,0.9304347826086956,0.4,422.4173913043478,430.8504672897196,2477.0,1056.0434782608695,454.0,0.946930709374614,2.202643171806167,3,28,0,11.5,4,1054.0032377428306,248.72454921824044,0.0055327961543906,cider_0
afar,0,897,50,133,122,5,49280,46097,3183,599,4,1,0.7645566463470459,0.6287107467651367,0.8547797203063965,0.050000000745058,0.4115501046180725,32,0,True,0.9172932330827068,0.3759398496240601,370.5263157894737,377.844262295082,636.6,985.6,403.9344262295082,1.0146103896103895,2.4756493506493507,4,23,2,12.5,4,1054.0032377428306,248.72454921824044,-0.1854983112947809,Dixie_cup_0
afar,0,898,33,108,107,1,48434,47835,599,599,4,13,0.5515587329864502,0.5066431164741516,1.1448838710784912,0.050000000745058,0.2396871894598007,32,0,True,0.9907407407407408,0.3055555555555556,448.462962962963,447.0560747663552,599.0,1467.6969696969695,452.6542056074766,0.6813395548581574,2.209191889994632,3,19,0,8.25,4,1054.0032377428306,248.72454921824044,1.1218692448336878,beer_can_4
afar,0,899,74,114,111,1,49026,47229,1797,599,4,20,0.6071533560752869,0.686831533908844,0.6905056834220886,0.050000000745058,0.5370445847511292,32,0,True,0.9736842105263158,0.6491228070175439,430.05263157894734,425.4864864864865,1797.0,662.5135135135135,441.6756756756757,1.509403173826133,2.2641047607392,4,26,7,18.5,4,1054.0032377428306,248.72454921824044,-1.0616556340040972,can_1
afar,0,900,28,100,91,1,48643,45569,3074,599,4,19,0.4134829938411712,0.5618972182273865,1.1162340641021729,0.050000000745058,0.4028079509735107,32,4,False,0.91,0.28,486.43,500.75824175824175,3074.0,1737.25,534.5384615384615,0.5756223917110376,1.870772773060872,4,12,1,7.0,4,1054.0032377428306,248.72454921824044,1.852852654034136,bottle_3
afar,0,901,40,135,125,5,49451,47655,1796,599,4,31,0.5911160707473755,0.6845515966415405,0.7476919889450073,0.050000000745058,0.3421689569950104,32,0,True,0.925925925925926,0.2962962962962963,366.3037037037037,381.24,359.2,1236.275,395.608,0.8088815190794928,2.527754747123415,4,27,3,10.0,4,1054.0032377428306,248.72454921824044,0.4942909898877192,cider_0
afar,0,902,40,107,104,2,48120,46323,1797,599,4,22,0.5435799956321716,0.5364388823509216,0.8503555059432983,0.050000000745058,0.544643223285675,32,0,True,0.97196261682243,0.3738317757009345,449.7196261682243,445.4134615384616,898.5,1203.0,462.6923076923077,0.8312551953449709,2.1612635078969245,4,20,3,10.0,4,1054.0032377428306,248.72454921824044,0.4040546719587365,candy_cane_1
afar,0,903,47,100,96,0,48977,46581,2396,599,4,22,0.4709523618221283,0.6686652898788452,0.7567861080169678,0.050000000745058,0.7233683466911316,32,0,True,0.96,0.47,489.77,485.21875,,1042.063829787234,510.1770833333333,0.9596341139718644,1.9601037221552973,4,23,4,11.75,4,1054.0032377428306,248.72454921824044,-0.0323777073528185,candy_cane_1
afar,0,904,58,123,116,4,49380,47348,2032,599,4,28,0.7548925876617432,0.5792790055274963,0.9067240953445436,0.050000000745058,0.2097519785165786,32,0,True,0.943089430894309,0.4715447154471545,401.4634146341463,408.1724137931034,508.0,851.3793103448276,425.6896551724138,1.174564601053058,2.349129202106116,3,23,0,14.5,4,1054.0032377428306,248.72454921824044,-0.5494827087214207,chalice_4
afar,0,905,49,102,97,3,48572,46160,2412,599,4,16,0.4380776882171631,0.6234896183013916,0.9377069473266602,0.050000000745058,0.6658352613449097,32,0,True,0.9509803921568628,0.4803921568627451,476.1960784313725,475.8762886597938,804.0,991.265306122449,500.74226804123714,1.008811661039282,1.9970353289961296,4,18,6,12.25,4,1054.0032377428306,248.72454921824044,-0.1701349344523971,boom_microphone_1
afar,0,906,46,107,101,2,48498,45472,3026,599,4,18,0.571410059928894,0.6717164516448975,1.144558668136597,0.050000000745058,0.4650301337242126,32,0,True,0.9439252336448598,0.4299065420560747,453.25233644859816,450.2178217821782,1513.0,1054.304347826087,480.1782178217822,0.948492721349334,2.082560105571364,4,24,3,11.5,4,1054.0032377428306,248.72454921824044,0.0008165609377714,bottle_2
afar,0,907,42,103,101,0,48664,47466,1198,599,4,7,0.5858192443847656,0.5978958010673523,1.079232692718506,0.050000000745058,0.4770469069480896,32,0,True,0.9805825242718448,0.4077669902912621,472.4660194174757,469.960396039604,,1158.6666666666667,481.8217821782178,0.8630609896432682,2.07545618938024,4,20,2,10.5,4,1054.0032377428306,248.72454921824044,0.2838299758950786,atomizer_0
afar,0,908,45,99,93,4,48310,46460,1850,599,4,12,0.4189392328262329,0.6710017919540405,1.0916070938110352,0.050000000745058,0.7742581367492676,32,0,True,0.9393939393939394,0.4545454545454545,487.979797979798,499.5698924731183,462.5,1073.5555555555557,519.4623655913979,0.9314841647691988,1.9250672738563444,4,20,5,11.25,4,1054.0032377428306,248.72454921824044,0.0530226646550733,beer_can_1
afar,0,909,52,125,117,3,49167,46983,2184,599,4,22,0.7209228277206421,0.604145348072052,0.7782406210899353,0.050000000745058,0.5110561847686768,32,0,True,0.936,0.416,393.336,401.56410256410254,728.0,945.5192307692308,420.2307692307692,1.0576199483393334,2.3796448837635,4,25,6,13.0,4,1054.0032377428306,248.72454921824044,-0.2941907541241086,candy_cane_1
afar,0,910,30,108,97,7,48568,43148,5420,599,4,27,0.5363624095916748,0.5768328905105591,0.6038578748703003,0.050000000745058,0.3672923445701599,32,2,False,0.8981481481481481,0.2777777777777778,449.7037037037037,444.8247422680412,774.2857142857143,1618.9333333333334,500.7010309278351,0.617690660517213,1.9971998023389883,4,21,1,7.5,4,1054.0032377428306,248.72454921824044,1.531997346757478,chalice_2
afar,0,911,67,120,113,6,48529,46342,2187,599,4,3,0.6898496150970459,0.5234442949295044,0.96360445022583,0.050000000745058,0.4254209399223327,32,0,True,0.9416666666666668,0.5583333333333333,404.40833333333336,410.1061946902655,364.5,724.3134328358209,429.4601769911504,1.3806177749386963,2.3285046054936225,4,32,1,16.75,4,1054.0032377428306,248.72454921824044,-0.894064434366135,Dixie_cup_4
afar,0,912,66,122,121,0,49347,48748,599,599,4,7,0.7116237878799438,0.5950835943222046,0.778367280960083,0.050000000745058,0.4284733235836029,32,0,True,0.9918032786885246,0.5409836065573771,404.4836065573771,402.87603305785126,,747.6818181818181,407.8264462809917,1.3374673232415344,2.452023425942813,4,21,6,16.5,4,1054.0032377428306,248.72454921824044,-0.8306932232596472,atomizer_0
afar,0,913,75,176,122,50,49536,39569,9967,514,4,11,0.7763577103614807,0.5199550986289978,1.0345391035079956,0.050000000745058,0.2776671946048736,32,0,True,0.6931818181818182,0.4261363636363636,281.45454545454544,324.3360655737705,199.34,660.48,406.0327868852459,1.5140503875968991,2.4628552971576227,4,20,17,18.75,4,1054.0032377428306,248.72454921824044,-1.0671701876304922,beer_bottle_3
afar,0,914,58,112,109,2,49075,47542,1533,599,4,6,0.6494699120521545,0.529007077217102,1.1150472164154053,0.050000000745058,0.2876539528369903,32,0,True,0.9732142857142856,0.5178571428571429,438.1696428571428,436.1651376146789,766.5,846.1206896551724,450.2293577981652,1.1818644931227713,2.2210901681100355,4,24,5,14.5,4,1054.0032377428306,248.72454921824044,-0.5637432216716729,aerosol_can_1
afar,0,915,27,134,123,6,49121,45287,3834,599,4,23,0.7501471638679504,0.5121771693229675,1.0823774337768557,0.050000000745058,0.6260764598846436,32,5,False,0.917910447761194,0.2014925373134328,366.5746268656716,368.1869918699187,639.0,1819.2962962962963,399.3577235772358,0.5496630768917571,2.504020683618005,3,13,0,6.75,4,1054.0032377428306,248.72454921824044,2.075348692425964,canister_0
afar,0,916,45,126,118,7,49238,47039,2199,599,4,14,0.7847094535827637,0.5478648543357849,1.0465871095657349,0.050000000745058,0.239896610379219,32,0,True,0.9365079365079364,0.3571428571428571,390.77777777777777,398.635593220339,314.1428571428572,1094.1777777777777,417.271186440678,0.9139282667858158,2.396523010682806,3,23,0,11.25,4,1054.0032377428306,248.72454921824044,0.1089467338014762,beret_2
afar,0,917,57,113,105,8,48642,45641,3001,599,4,11,0.6396389603614807,0.6191927194595337,1.1881515979766846,0.050000000745058,0.4236984252929687,32,0,True,0.9292035398230089,0.504424778761062,430.4601769911504,434.67619047619047,375.125,853.3684210526316,463.25714285714287,1.1718268163315653,2.158628345873936,4,21,8,14.25,4,1054.0032377428306,248.72454921824044,-0.544088568188728,beer_bottle_3
afar,0,918,95,123,119,3,49435,47887,1548,599,4,3,0.5592491626739502,0.6645379066467285,0.7364071011543274,0.050000000745058,0.7090665698051453,32,0,True,0.967479674796748,0.7723577235772358,401.9105691056911,402.4117647058824,516.0,520.3684210526316,415.4201680672269,1.9217153838373624,2.407201375543643,4,30,15,23.75,4,1054.0032377428306,248.72454921824044,-1.447129706290942,Dixie_cup_4
afar,0,919,53,118,113,3,48743,46892,1851,599,4,18,0.5452399849891663,0.6328096389770508,0.9037404656410216,0.050000000745058,0.4723498821258545,32,0,True,0.9576271186440678,0.4491525423728814,413.0762711864407,414.9734513274336,617.0,919.6792452830188,431.353982300885,1.0873356174219888,2.318281599409146,4,31,5,13.25,4,1054.0032377428306,248.72454921824044,-0.3642645376136384,bottle_2
afar,0,920,47,124,122,1,49146,48326,820,541,4,30,0.632401704788208,0.6880366206169128,1.1390687227249146,0.050000000745058,0.4153370559215545,32,0,True,0.9838709677419356,0.3790322580645161,396.3387096774193,396.1147540983607,820.0,1045.659574468085,402.8360655737705,0.9563341879298416,2.482399381434908,4,23,4,11.75,4,1054.0032377428306,248.72454921824044,-0.0226266401788823,chocolate_milk_4
afar,0,921,50,110,107,1,48840,47240,1600,599,4,8,0.671974241733551,0.5346872806549072,0.9217677712440492,0.050000000745058,0.4058303833007812,32,0,True,0.9727272727272728,0.4545454545454545,444.0,441.4953271028037,1600.0,976.8,456.4485981308411,1.0237510237510237,2.190827190827191,4,18,7,12.5,4,1054.0032377428306,248.72454921824044,-0.2093624614908756,bandage_4
afar,0,922,34,91,75,3,48732,39148,9584,599,4,14,0.4113236367702484,0.5390023589134216,0.863221287727356,0.050000000745058,0.4275201559066772,32,0,True,0.8241758241758241,0.3736263736263736,535.5164835164835,521.9733333333334,3194.6666666666665,1433.2941176470588,649.76,0.6976935073463022,1.539029795616843,4,17,1,8.5,4,1054.0032377428306,248.72454921824044,1.0285743779594727,beret_2
afar,0,923,49,148,94,51,49329,35516,13813,599,4,13,0.7498512268066406,0.529656171798706,0.9337897896766664,0.050000000745058,0.2852456569671631,32,0,True,0.6351351351351351,0.3310810810810811,333.30405405405406,377.82978723404256,270.84313725490193,1006.7142857142856,524.7765957446809,0.993330495246204,1.9055727867988403,4,13,11,12.25,4,1054.0032377428306,248.72454921824044,-0.1282398470255802,beer_can_4
afar,0,924,57,124,123,0,49373,48774,599,599,4,16,0.6315386295318604,0.6521257758140564,0.7409727573394775,0.050000000745058,0.2317994236946106,32,0,True,0.9919354838709676,0.4596774193548387,398.1693548387097,396.5365853658537,,866.1929824561404,401.4065040650407,1.1544771433779597,2.491240151499808,4,30,4,14.25,4,1054.0032377428306,248.72454921824044,-0.5093104705145949,boom_microphone_1
afar,0,925,38,106,96,5,48418,45921,2497,599,4,5,0.4136939942836761,0.5863379836082458,0.7203596830368042,0.050000000745058,0.463075578212738,32,0,True,0.9056603773584906,0.3584905660377358,456.7735849056604,478.34375,499.4,1274.157894736842,504.3541666666667,0.7848320872402825,1.9827336940807136,4,18,1,9.5,4,1054.0032377428306,248.72454921824044,0.5970231591903143,Tabasco_sauce_4
afar,0,926,44,110,107,0,48593,46796,1797,599,4,14,0.6640617847442627,0.52518630027771,1.085779905319214,0.050000000745058,0.5626784563064575,32,0,True,0.9727272727272728,0.4,441.7545454545455,437.3457943925234,,1104.3863636363635,454.1401869158879,0.905480213199432,2.2019632457349823,3,27,0,11.0,4,1054.0032377428306,248.72454921824044,0.1366307367809107,beret_2
afar,0,927,35,122,112,1,48548,47144,1404,599,4,3,0.7269227504730225,0.6216267943382263,1.0895984172821045,0.050000000745058,0.7063947916030884,32,0,True,0.918032786885246,0.2868852459016393,397.9344262295082,420.9285714285714,1404.0,1387.0857142857142,433.4642857142857,0.7209359808848974,2.306995138831672,4,14,3,8.75,4,1054.0032377428306,248.72454921824044,0.9032648008984672,Dixie_cup_4
afar,0,928,25,124,117,2,49459,48876,583,564,4,31,0.6747314929962158,0.6803630590438843,1.0999062061309814,0.050000000745058,0.464266300201416,32,7,False,0.9435483870967742,0.2016129032258064,398.86290322580646,417.7435897435897,291.5,1978.36,422.7264957264957,0.5054691764896176,2.3655957459714108,3,12,0,6.25,4,1054.0032377428306,248.72454921824044,2.5067032510546303,cider_0
afar,0,929,26,128,118,2,49337,46118,3219,599,4,7,0.7632546424865723,0.5991598963737488,0.6433213949203491,0.050000000745058,0.3088318109512329,32,6,False,0.921875,0.203125,385.4453125,390.8305084745763,1609.5,1897.576923076923,418.1101694915254,0.526987859010479,2.3917141293552504,2,25,0,6.5,4,1054.0032377428306,248.72454921824044,2.2876328554870207,atomizer_0
afar,0,930,65,104,102,2,49001,47803,1198,599,4,6,0.6041346788406372,0.6021372675895691,1.1188068389892578,0.050000000745058,0.6339024901390076,32,0,True,0.9807692307692308,0.625,471.1634615384616,468.65686274509807,599.0,753.8615384615384,480.4019607843137,1.3265035407440664,2.0815901716291503,4,24,2,16.25,4,1054.0032377428306,248.72454921824044,-0.8139348399727043,aerosol_can_1
afar,0,931,28,95,86,2,48692,43301,5391,599,4,15,0.434077650308609,0.5846860408782959,0.7450606822967529,0.050000000745058,0.2192555516958236,32,4,False,0.9052631578947368,0.2947368421052631,512.5473684210526,503.5,2695.5,1739.0,566.1860465116279,0.5750431282346176,1.7662038938634683,4,14,1,7.0,4,1054.0032377428306,248.72454921824044,1.857598365720859,bolt_1
afar,0,932,24,120,117,1,49175,48179,996,599,4,23,0.5995463132858276,0.6213282346725464,0.7433322072029114,0.050000000745058,0.5746229887008667,32,8,False,0.975,0.2,409.7916666666667,411.7863247863248,996.0,2048.958333333333,420.2991452991453,0.4880528723945094,2.379257752923233,3,14,0,6.0,4,1054.0032377428306,248.72454921824044,2.6981542999478823,canister_0
afar,0,933,31,124,120,1,48855,47288,1567,599,4,28,0.7453700304031372,0.5013270974159241,1.0363938808441162,0.050000000745058,0.6558200716972351,32,1,False,0.967741935483871,0.25,393.991935483871,394.06666666666666,1567.0,1575.967741935484,407.125,0.6345307542728482,2.456248081056186,4,17,2,7.75,4,1054.0032377428306,248.72454921824044,1.415481741486761,chalice_4
afar,0,934,55,107,103,3,48908,47241,1667,599,4,2,0.5038030743598938,0.6281574964523315,1.0559301376342771,0.050000000745058,0.4540039896965027,32,0,True,0.9626168224299064,0.514018691588785,457.0841121495327,458.6504854368932,555.6666666666666,889.2363636363636,474.8349514563107,1.124560399116709,2.105994929254928,4,22,2,13.75,4,1054.0032377428306,248.72454921824044,-0.4468206171611055,Dixie_cup_3
afar,0,935,21,110,102,1,48993,46644,2349,599,4,19,0.685306191444397,0.6956816911697388,1.049509882926941,0.050000000745058,0.6560784578323364,32,11,False,0.9272727272727272,0.1909090909090909,445.3909090909091,457.2941176470589,2349.0,2333.0,480.3235294117647,0.4286326618088298,2.081930071642888,4,10,2,5.25,4,1054.0032377428306,248.72454921824044,3.4684285039572407,bottle_3
afar,0,936,33,102,95,3,48815,44928,3887,599,4,8,0.6461028456687927,0.5798401832580566,0.6381115317344666,0.050000000745058,0.2463947832584381,32,0,True,0.931372549019608,0.3235294117647059,478.578431372549,472.9263157894737,1295.6666666666667,1479.2424242424242,513.8421052631579,0.6760217146368944,1.9461231178940896,4,16,4,8.25,4,1054.0032377428306,248.72454921824044,1.1531786154422003,bandage_4
afar,0,937,53,114,105,4,48376,46660,1716,599,4,22,0.5675498843193054,0.6196774244308472,0.94865220785141,0.050000000745058,0.3836449980735779,32,0,True,0.9210526315789472,0.4649122807017544,424.35087719298247,444.3809523809524,429.0,912.754716981132,460.7238095238095,1.09558458739871,2.1704977674880106,4,24,6,13.25,4,1054.0032377428306,248.72454921824044,-0.3830427175492444,candy_cane_1
afar,0,938,52,126,126,0,49222,49222,0,527,4,23,0.6014213562011719,0.5528977513313293,1.1807308197021484,0.050000000745058,0.642534077167511,32,0,True,1.0,0.4126984126984127,390.6507936507937,390.6507936507937,,946.5769230769232,390.6507936507937,1.0564381780504652,2.559830969891512,4,28,3,13.0,4,1054.0032377428306,248.72454921824044,-0.291322466840924,canister_0
afar,0,939,55,119,114,3,49077,47380,1697,599,4,18,0.6850900650024414,0.508847177028656,0.7637616395950317,0.050000000745058,0.7921640872955322,32,0,True,0.957983193277311,0.4621848739495798,412.4117647058824,415.6140350877193,565.6666666666666,892.3090909090909,430.5,1.1206878986083093,2.3228803716608595,4,24,5,13.75,4,1054.0032377428306,248.72454921824044,-0.4384878870306512,bottle_2
afar,0,940,56,109,108,1,49047,49012,35,586,4,13,0.4631384015083313,0.6695147752761841,0.772599995136261,0.050000000745058,0.7198646664619446,32,0,True,0.9908256880733946,0.5137614678899083,449.9724770642202,453.8148148148149,35.0,875.8392857142857,454.1388888888889,1.141761983403674,2.201969539421371,4,21,2,14.0,4,1054.0032377428306,248.72454921824044,-0.4831512853112477,beer_can_4
afar,0,941,44,116,111,3,48575,47325,1250,556,4,8,0.726276159286499,0.5958393812179565,0.6146010160446167,0.050000000745058,0.5774297714233398,32,0,True,0.956896551724138,0.3793103448275862,418.75,426.35135135135135,416.6666666666667,1103.9772727272727,437.6126126126126,0.9058157488419968,2.285126093669583,4,22,2,11.0,4,1054.0032377428306,248.72454921824044,0.1355213496333648,bandage_4
afar,0,942,29,130,122,3,49164,47184,1980,599,4,5,0.7354001998901367,0.5376999378204346,1.1591596603393557,0.050000000745058,0.2367894649505615,32,3,False,0.9384615384615383,0.2230769230769231,378.18461538461537,386.75409836065575,660.0,1695.3103448275865,402.9836065573771,0.5898625010170043,2.481490521519812,4,12,1,7.25,4,1054.0032377428306,248.72454921824044,1.7391192187833522,Tabasco_sauce_4
afar,0,943,93,126,121,5,48585,47853,732,599,4,19,0.7122290134429932,0.591559648513794,1.1276614665985107,0.050000000745058,0.4291306734085083,32,0,True,0.9603174603174603,0.7380952380952381,385.5952380952381,395.4793388429752,146.4,522.4193548387096,401.5289256198347,1.9141710404445813,2.490480601008542,4,29,14,23.25,4,1054.0032377428306,248.72454921824044,-1.4415679117553497,bottle_3
afar,0,944,49,124,115,7,49363,48124,1239,599,4,9,0.7998546361923218,0.6826398372650146,0.744948148727417,0.050000000745058,0.2676977813243866,32,0,True,0.9274193548387096,0.3951612903225806,398.0887096774193,418.4695652173913,177.0,1007.408163265306,429.2434782608696,0.9926463140408808,2.3296801247898222,4,18,1,12.25,4,1054.0032377428306,248.72454921824044,-0.1263581654238472,bear_0
afar,0,945,49,124,123,1,48701,48102,599,599,4,23,0.5912666916847229,0.6048915982246399,0.689423680305481,0.050000000745058,0.2804597318172455,32,0,True,0.9919354838709676,0.3951612903225806,392.75,391.0731707317073,599.0,993.8979591836736,395.9430894308943,1.0061395043222932,2.5256154904416745,4,21,7,12.25,4,1054.0032377428306,248.72454921824044,-0.1629956130811166,canister_0
afar,0,946,38,112,93,5,49844,42505,7339,599,4,11,0.4587722420692444,0.5971564054489136,0.6018128991127014,0.050000000745058,0.3928957879543304,32,0,True,0.8303571428571429,0.3392857142857143,445.0357142857143,457.0430107526882,1467.8,1311.6842105263158,535.9569892473119,0.7623786212984511,1.8658213626514728,4,21,1,9.5,4,1054.0032377428306,248.72454921824044,0.6987883451341866,beer_bottle_3
afar,0,947,30,123,119,3,48620,47180,1440,599,4,30,0.6091324687004089,0.5603535771369934,0.7393762469291687,0.050000000745058,0.4141426384449005,32,2,False,0.967479674796748,0.2439024390243902,395.2845528455285,396.4705882352941,480.0,1620.6666666666667,408.57142857142856,0.6170300287947347,2.4475524475524475,4,13,1,7.5,4,1054.0032377428306,248.72454921824044,1.536697861190042,chocolate_milk_4
afar,0,948,55,103,101,0,48796,47598,1198,599,4,15,0.5419753789901733,0.6252425312995911,0.7162537574768066,0.050000000745058,0.7501713037490845,32,0,True,0.9805825242718448,0.5339805825242718,473.747572815534,471.26732673267327,,887.2,483.1287128712871,1.127141568981064,2.069841790310681,4,18,7,13.75,4,1054.0032377428306,248.72454921824044,-0.4523428998511108,bolt_1
afar,0,949,31,116,110,1,48939,46480,2459,599,4,25,0.6706023216247559,0.6125518679618835,0.8023043274879456,0.050000000745058,0.2385729551315307,32,1,False,0.9482758620689656,0.2672413793103448,421.88793103448273,422.54545454545456,2459.0,1578.6774193548388,444.9,0.6334416314187049,2.2476961114857272,4,13,1,7.75,4,1054.0032377428306,248.72454921824044,1.4228299402274942,canister_2
afar,0,950,60,129,122,1,49166,48031,1135,547,4,28,0.769178032875061,0.6030338406562805,1.0344188213348389,0.050000000745058,0.6851368546485901,32,0,True,0.9457364341085271,0.4651162790697674,381.13178294573646,393.6967213114754,1135.0,819.4333333333333,403.0,1.220355530244478,2.481389578163772,4,26,5,15.0,4,1054.0032377428306,248.72454921824044,-0.6361149352627028,chalice_4
afar,0,951,77,113,110,2,48314,47096,1218,599,4,4,0.4905332922935486,0.6338192820549011,0.9727232456207277,0.050000000745058,0.6141662001609802,32,0,True,0.9734513274336284,0.6814159292035398,427.5575221238938,428.1454545454545,609.0,627.4545454545455,439.2181818181818,1.5937409446537236,2.276772778076748,4,25,12,19.25,4,1054.0032377428306,248.72454921824044,-1.1567297793994715,Tabasco_sauce_2
afar,0,952,35,110,107,1,48704,47295,1409,599,4,18,0.608375072479248,0.5130910277366638,0.832747220993042,0.050000000745058,0.2914845943450928,32,0,True,0.9727272727272728,0.3181818181818182,442.7636363636364,442.0093457943925,1409.0,1391.5428571428572,455.1775700934579,0.7186268068331143,2.196944809461235,4,17,1,8.75,4,1054.0032377428306,248.72454921824044,0.9153518380107754,bottle_2
afar,0,953,39,133,119,12,48742,45573,3169,520,4,25,0.7945272922515869,0.5540786385536194,0.6809813380241394,0.050000000745058,0.4629698395729065,32,0,True,0.8947368421052632,0.2932330827067669,366.4812030075188,382.96638655462186,264.0833333333333,1249.7948717948718,409.5966386554622,0.8001313035985392,2.4414262853391326,4,24,4,9.75,4,1054.0032377428306,248.72454921824044,0.530954654790533,canister_2
afar,0,954,62,101,99,1,48341,47143,1198,599,4,23,0.4403405785560608,0.6511918306350708,1.1771302223205566,0.050000000745058,0.3023721277713775,32,0,True,0.9801980198019802,0.6138613861386139,478.6237623762376,476.1919191919192,1198.0,779.6935483870968,488.2929292929293,1.2825551809023397,2.047951014666639,4,21,13,15.5,4,1054.0032377428306,248.72454921824044,-0.7438826848896896,canister_0
afar,0,955,39,107,102,3,48274,46451,1823,599,4,4,0.5654873847961426,0.5731971263885498,0.6672259569168091,0.050000000745058,0.55476975440979,32,0,True,0.9532710280373832,0.3644859813084112,451.1588785046729,455.4019607843137,607.6666666666666,1237.7948717948718,473.2745098039216,0.8078883042631645,2.112938641919045,3,18,0,9.75,4,1054.0032377428306,248.72454921824044,0.4984126317958586,Tabasco_sauce_2
afar,0,956,23,127,117,5,49214,47289,1925,599,4,29,0.7942118644714355,0.6295870542526245,0.8428128957748413,0.050000000745058,0.5809820890426636,32,9,False,0.9212598425196852,0.1811023622047244,387.5118110236221,404.1794871794872,385.0,2139.7391304347825,420.6324786324786,0.4673466899662697,2.3773722924371112,3,17,0,5.75,4,1054.0032377428306,248.72454921824044,2.9443368655104014,chicken_(animal)_2
afar,0,957,30,123,95,24,49240,40761,8479,599,4,13,0.7397474646568298,0.6660566926002502,0.926044464111328,0.050000000745058,0.3425620794296264,32,2,False,0.7723577235772358,0.2439024390243902,400.3252032520325,429.0631578947368,353.2916666666667,1641.3333333333333,518.3157894736842,0.6092607636068237,1.9293257514216084,4,13,2,7.5,4,1054.0032377428306,248.72454921824044,1.5927424563475363,beer_can_4
afar,0,958,45,126,115,7,49473,46998,2475,599,4,29,0.6580480933189392,0.6110577583312988,0.9643322825431824,0.050000000745058,0.7361695766448975,32,0,True,0.9126984126984128,0.3571428571428571,392.6428571428572,408.6782608695653,353.57142857142856,1099.4,430.2,0.9095870474804438,2.3245002324500232,3,29,0,11.25,4,1054.0032377428306,248.72454921824044,0.1231085401047146,chicken_(animal)_2
afar,0,959,59,109,105,1,49511,47480,2031,599,4,27,0.5137397646903992,0.5877664089202881,0.9926310181617736,0.050000000745058,0.333267331123352,32,0,True,0.963302752293578,0.5412844036697247,454.2293577981652,452.1904761904762,2031.0,839.1694915254237,471.53333333333336,1.1916543798347845,2.120740845468684,4,27,3,14.75,4,1054.0032377428306,248.72454921824044,-0.5825937257865745,chalice_2
afar,0,960,43,115,111,1,49055,47224,1831,599,4,15,0.5813562273979187,0.6927438378334045,1.0319836139678955,0.050000000745058,0.4509760737419128,32,0,True,0.9652173913043478,0.3739130434782609,426.5652173913044,425.44144144144144,1831.0,1140.813953488372,441.93693693693695,0.8765671185404138,2.262766282743859,4,21,1,10.75,4,1054.0032377428306,248.72454921824044,0.2354163589979628,bolt_1
afar,0,961,39,107,99,5,48698,48536,162,599,4,19,0.4206551015377044,0.5114078521728516,0.9375610947608948,0.050000000745058,0.4897204041481018,32,0,True,0.9252336448598132,0.3644859813084112,455.1214953271028,490.2626262626263,32.4,1248.6666666666667,491.8989898989899,0.800854244527496,2.0329376976467204,4,18,1,9.75,4,1054.0032377428306,248.72454921824044,0.5278951483551364,bottle_3
afar,0,962,49,111,105,4,48789,48097,692,599,4,10,0.4117062985897064,0.6431641578674316,1.0266036987304688,0.050000000745058,0.2911608815193176,32,0,True,0.945945945945946,0.4414414414414414,439.5405405405405,458.06666666666666,173.0,995.6938775510204,464.6571428571429,1.0043247453319395,2.152124454282728,4,21,1,12.25,4,1054.0032377428306,248.72454921824044,-0.1581253783472199,beer_bottle_0
afar,0,963,32,104,99,1,48847,47103,1744,599,4,17,0.4126130640506744,0.5173972249031067,0.8180410861968994,0.050000000745058,0.4433478713035583,32,0,True,0.9519230769230768,0.3076923076923077,469.6826923076923,475.7878787878788,1744.0,1526.46875,493.4040404040404,0.6551067619301083,2.0267365447212726,4,12,3,8.0,4,1054.0032377428306,248.72454921824044,1.281248630338618,bottle_0
afar,0,964,57,131,124,3,49209,46795,2414,599,4,24,0.7920944690704346,0.604938268661499,1.078802227973938,0.050000000745058,0.3102222084999084,32,0,True,0.9465648854961832,0.4351145038167939,375.6412213740458,377.3790322580645,804.6666666666666,863.3157894736842,396.8467741935484,1.1583246967018228,2.519864252474141,4,16,12,14.25,4,1054.0032377428306,248.72454921824044,-0.5171129438641954,canister_1
afar,0,965,59,122,111,5,49199,45320,3879,599,4,6,0.7581860423088074,0.5947223901748657,0.6700116991996765,0.050000000745058,0.5222067832946777,32,0,True,0.9098360655737704,0.4836065573770491,403.2704918032787,408.2882882882883,775.8,833.8813559322034,443.23423423423424,1.1992113660846766,2.2561434175491373,4,23,1,14.75,4,1054.0032377428306,248.72454921824044,-0.5969342782927022,aerosol_can_1
afar,0,966,41,123,120,2,49213,48325,888,599,4,7,0.679334282875061,0.5317944288253784,1.110060453414917,0.050000000745058,0.5223380923271179,32,0,True,0.975609756097561,0.3333333333333333,400.1056910569106,402.7083333333333,444.0,1200.3170731707316,410.10833333333335,0.8331132017962734,2.438380102818361,4,15,2,10.25,4,1054.0032377428306,248.72454921824044,0.3967790164111465,atomizer_0
afar,0,967,80,118,111,5,49147,47343,1804,599,4,3,0.5497651696205139,0.5522997379302979,1.0891908407211304,0.050000000745058,0.2310979962348938,32,0,True,0.940677966101695,0.6779661016949152,416.5,426.5135135135135,360.8,614.3375,442.76576576576576,1.627769751968584,2.2585305308564103,4,28,15,20.0,4,1054.0032377428306,248.72454921824044,-1.192301045633139,Dixie_cup_4
afar,0,968,36,108,107,1,48706,48107,599,599,4,8,0.7721983790397644,0.5722584128379822,1.083125114440918,0.050000000745058,0.7402443885803223,32,0,True,0.9907407407407408,0.3333333333333333,450.9814814814815,449.5981308411215,599.0,1352.9444444444443,455.196261682243,0.7391286494477066,2.1968545969695725,4,17,2,9.0,4,1054.0032377428306,248.72454921824044,0.8106793018783017,bandage_4
afar,0,969,53,110,106,2,48556,47043,1513,599,4,13,0.5471713542938232,0.5720243453979492,0.7365580797195435,0.050000000745058,0.5155523419380188,32,0,True,0.9636363636363636,0.4818181818181818,441.4181818181818,443.8018867924528,756.5,916.1509433962264,458.0754716981132,1.0915231897190874,2.1830463794381747,4,22,4,13.25,4,1054.0032377428306,248.72454921824044,-0.3738327110413177,beer_can_4
afar,0,970,62,149,119,27,48829,42561,6268,599,4,11,0.7388458251953125,0.5122525095939636,0.7115479707717896,0.050000000745058,0.7822415232658386,32,0,True,0.7986577181208053,0.4161073825503356,327.71140939597313,357.65546218487395,232.14814814814807,787.5645161290323,410.327731092437,1.269737246308546,2.4370763275922096,4,23,5,15.5,4,1054.0032377428306,248.72454921824044,-0.7225379171189891,beer_bottle_3
afar,0,971,11,104,102,0,48820,47622,1198,599,4,0,0.5934906601905823,0.5456260442733765,1.1713488101959229,0.050000000745058,0.532433807849884,32,21,False,0.9807692307692308,0.1057692307692307,469.4230769230769,466.88235294117646,,4438.181818181818,478.62745098039215,0.225317492830807,2.089307660794756,3,7,0,2.75,4,1054.0032377428306,248.72454921824044,9.177334765227505,Band_Aid_0
afar,0,972,25,105,104,0,47991,47392,599,599,4,28,0.505918025970459,0.6235459446907043,1.119343400001526,0.050000000745058,0.377491295337677,32,7,False,0.9904761904761904,0.238095238095238,457.0571428571429,455.6923076923077,,1919.64,461.4519230769231,0.5209310078973141,2.1670729928528267,4,13,2,6.25,4,1054.0032377428306,248.72454921824044,2.3474642852006906,chalice_4
afar,0,973,39,109,108,0,49035,48436,599,599,4,24,0.5441806316375732,0.5353002548217773,0.8571120500564575,0.050000000745058,0.391472727060318,32,0,True,0.9908256880733946,0.3577981651376147,449.8623853211009,448.4814814814815,,1257.3076923076924,454.02777777777777,0.7953502600183542,2.2025084123585192,4,26,1,9.75,4,1054.0032377428306,248.72454921824044,0.5513281862807887,canister_1
afar,0,974,43,118,109,7,48590,48135,455,560,4,5,0.5572943687438965,0.5548105239868164,0.9449666738510132,0.050000000745058,0.4640828967094421,32,0,True,0.923728813559322,0.3644067796610169,411.7796610169492,441.605504587156,65.0,1130.0,445.7798165137615,0.8849557522123894,2.2432599300267544,3,17,0,10.75,4,1054.0032377428306,248.72454921824044,0.206090698741134,Tabasco_sauce_4
afar,0,975,39,102,93,0,48798,43992,4806,599,4,24,0.4169327318668365,0.6208828091621399,0.6950106024742126,0.050000000745058,0.436657190322876,32,0,True,0.9117647058823528,0.3823529411764705,478.4117647058824,473.03225806451616,,1251.2307692307693,524.7096774193549,0.7992130825033813,1.905815812123448,4,19,3,9.75,4,1054.0032377428306,248.72454921824044,0.5348485720719471,canister_1
afar,0,976,44,117,104,4,49404,44389,5015,599,4,1,0.6598079204559326,0.5882588624954224,0.6343343257904053,0.050000000745058,0.5744975209236145,32,0,True,0.8888888888888888,0.376068376068376,422.2564102564103,426.8173076923077,1253.75,1122.8181818181818,475.0384615384616,0.8906161444417456,2.105092705044126,3,20,0,11.0,4,1054.0032377428306,248.72454921824044,0.1866147910397757,Dixie_cup_0
afar,0,977,44,123,111,9,49061,48742,319,581,4,19,0.5390639305114746,0.5112577080726624,0.925163209438324,0.050000000745058,0.4512922167778015,32,0,True,0.902439024390244,0.3577235772357723,398.869918699187,439.1171171171171,35.44444444444444,1115.0227272727273,441.990990990991,0.8968427060190375,2.2624895538207537,4,21,5,11.0,4,1054.0032377428306,248.72454921824044,0.1654748026170991,bottle_3
afar,0,978,39,143,119,19,49159,44297,4862,551,4,13,0.691887378692627,0.5495895147323608,0.7542367577552795,0.050000000745058,0.3458054959774017,32,0,True,0.8321678321678322,0.2727272727272727,343.7692307692308,372.2436974789916,255.8947368421053,1260.4871794871794,413.10084033613447,0.7933440468683253,2.4207164507007874,3,21,0,9.75,4,1054.0032377428306,248.72454921824044,0.5599504316896338,beer_can_4
afar,0,979,48,132,125,3,48782,46773,2009,599,4,3,0.7275169491767883,0.541431188583374,0.7875269651412964,0.050000000745058,0.6018771529197693,32,0,True,0.946969696969697,0.3636363636363636,369.56060606060606,374.184,669.6666666666666,1016.2916666666666,390.256,0.9839694969455948,2.562420564962486,4,17,7,12.0,4,1054.0032377428306,248.72454921824044,-0.1022675677604854,Dixie_cup_4
afar,0,980,54,114,114,0,49047,49047,0,572,4,15,0.5682020783424377,0.6344696283340454,1.0166656970977783,0.050000000745058,0.7968894243240356,32,0,True,1.0,0.4736842105263157,430.2368421052632,430.2368421052632,,908.2777777777778,430.2368421052632,1.1009847697106856,2.3243011805003366,4,18,8,13.5,4,1054.0032377428306,248.72454921824044,-0.3951834390910206,bolt_1
afar,0,981,52,112,103,2,49036,45068,3968,599,4,12,0.6969959735870361,0.602562665939331,0.8085211515426636,0.050000000745058,0.4587228894233703,32,0,True,0.9196428571428572,0.4642857142857143,437.82142857142856,437.5533980582524,1984.0,943.0,476.0776699029127,1.0604453870625663,2.1004975936046986,4,24,1,13.0,4,1054.0032377428306,248.72454921824044,-0.301022492925875,beer_can_1
afar,0,982,53,126,124,1,48986,48132,854,599,4,24,0.6399591565132141,0.5887535214424133,0.8238687515258789,0.050000000745058,0.5951204895973206,32,0,True,0.984126984126984,0.4206349206349206,388.77777777777777,388.1612903225807,854.0,924.2641509433962,395.0483870967742,1.081941779283877,2.531335483607561,4,22,5,13.25,4,1054.0032377428306,248.72454921824044,-0.3518310288279375,canister_1
afar,0,983,52,127,117,10,48872,45701,3171,599,4,25,0.7343138456344604,0.6056362390518188,1.0548003911972046,0.050000000745058,0.2915588617324829,32,0,True,0.9212598425196852,0.4094488188976378,384.81889763779526,390.6068376068376,317.1,939.8461538461538,417.7094017094017,1.0640039286298903,2.3940088394172534,4,25,1,13.0,4,1054.0032377428306,248.72454921824044,-0.3095752040975524,canister_2
afar,0,984,28,104,97,0,49245,45052,4193,599,4,21,0.4710182845592499,0.6065352559089661,0.9386543035507202,0.050000000745058,0.3017612993717193,32,4,False,0.9326923076923076,0.2692307692307692,473.50961538461536,464.45360824742266,,1758.75,507.680412371134,0.5685856432125089,1.9697431211290488,4,16,3,7.0,4,1054.0032377428306,248.72454921824044,1.9111571118995936,candle_holder_4
afar,0,985,56,114,114,0,48978,48978,0,594,4,18,0.5824409127235413,0.6889897584915161,0.6595122814178467,0.050000000745058,0.2025028318166732,32,0,True,1.0,0.4912280701754385,429.6315789473685,429.6315789473685,,874.6071428571429,429.6315789473685,1.1433704928743518,2.3275756462085018,4,21,2,14.0,4,1054.0032377428306,248.72454921824044,-0.4864926537437363,bottle_2
afar,0,986,14,97,90,0,48553,44360,4193,599,4,28,0.5333540439605713,0.6258938312530518,1.0271379947662354,0.050000000745058,0.3489012122154236,32,18,False,0.9278350515463918,0.1443298969072164,500.5463917525773,492.8888888888889,,3468.0714285714284,539.4777777777778,0.2883446954874055,1.853644470990464,4,7,1,3.5,4,1054.0032377428306,248.72454921824044,6.546555214721351,chalice_4
afar,0,987,44,127,126,0,49432,48833,599,599,4,28,0.7752464413642883,0.6829442977905273,1.166520595550537,0.050000000745058,0.6546595692634583,32,0,True,0.9921259842519684,0.3464566929133858,389.2283464566929,387.5634920634921,,1123.4545454545455,392.3174603174603,0.8901116685547823,2.548956141770513,4,25,3,11.0,4,1054.0032377428306,248.72454921824044,0.1883405043804026,chalice_4
afar,0,988,46,99,98,0,48590,47991,599,599,4,9,0.4204815328121185,0.5328724980354309,1.053309440612793,0.050000000745058,0.7604939937591553,32,0,True,0.98989898989899,0.4646464646464646,490.8080808080808,489.7040816326531,,1056.304347826087,495.8163265306122,0.9466968512039514,2.016875900391027,4,13,8,11.5,4,1054.0032377428306,248.72454921824044,0.0062402314368838,bear_0
afar,0,989,37,107,99,2,49138,46090,3048,599,4,3,0.4875853657722473,0.6554890871047974,1.1226619482040403,0.050000000745058,0.7962389588356018,32,0,True,0.9252336448598132,0.3457943925233644,459.233644859813,465.55555555555554,1524.0,1328.054054054054,496.3434343434344,0.7529813993243518,2.014734014408401,4,12,5,9.25,4,1054.0032377428306,248.72454921824044,0.7431806638424262,Dixie_cup_4
afar,0,990,59,112,108,3,49688,47292,2396,599,4,18,0.6225780248641968,0.6444690823554993,0.935048758983612,0.050000000745058,0.5345302820205688,32,0,True,0.9642857142857144,0.5267857142857143,443.6428571428572,437.8888888888889,798.6666666666666,842.1694915254237,460.0740740740741,1.1874094348736113,2.1735630333279663,4,21,7,14.75,4,1054.0032377428306,248.72454921824044,-0.574458220037906,bottle_2
afar,0,991,21,107,96,1,48831,43593,5238,599,4,2,0.7775471210479736,0.5901514887809753,0.842555046081543,0.050000000745058,0.3475109934806824,32,11,False,0.897196261682243,0.1962616822429906,456.3644859813084,454.09375,5238.0,2325.285714285714,508.65625,0.4300546783805369,1.965964244025312,4,15,2,5.25,4,1054.0032377428306,248.72454921824044,3.4475086320320925,Dixie_cup_3
afar,0,992,54,129,119,8,49187,47523,1664,581,4,24,0.7353219985961914,0.6921332478523254,0.726104736328125,0.050000000745058,0.4822378754615783,32,0,True,0.9224806201550388,0.4186046511627907,381.2945736434109,399.3529411764706,208.0,910.8703703703704,413.3361344537816,1.0978510582064367,2.419338443084555,4,19,2,13.5,4,1054.0032377428306,248.72454921824044,-0.38815275511069,canister_1
afar,0,993,45,96,83,8,48880,42366,6514,599,4,20,0.4128483831882477,0.6970635652542114,0.6348395347595215,0.050000000745058,0.6189014911651611,32,0,True,0.8645833333333334,0.46875,509.1666666666667,510.4337349397591,814.25,1086.2222222222222,588.9156626506024,0.9206219312602292,1.6980360065466449,4,22,1,11.25,4,1054.0032377428306,248.72454921824044,0.0873725778161181,can_1
afar,0,994,39,95,89,0,48644,45050,3594,599,4,27,0.4593870341777801,0.5988878011703491,1.0125757455825806,0.050000000745058,0.6586095094680786,32,0,True,0.936842105263158,0.4105263157894737,512.0421052631579,506.17977528089887,,1247.2820512820513,546.561797752809,0.8017432776909793,1.8296192747306963,4,17,3,9.75,4,1054.0032377428306,248.72454921824044,0.5241402995480584,chalice_2
afar,0,995,50,134,117,12,49689,45761,3928,599,4,24,0.7939218282699585,0.6774999499320984,1.0795392990112305,0.050000000745058,0.4265593886375427,32,0,True,0.8731343283582089,0.373134328358209,370.8134328358209,391.1196581196581,327.3333333333333,993.78,424.6923076923077,1.0062589305480083,2.35464589748234,4,23,2,12.5,4,1054.0032377428306,248.72454921824044,-0.1633154989534113,canister_1
afar,0,996,47,120,115,4,49285,48098,1187,599,4,1,0.6291471719741821,0.5533356070518494,1.1118696928024292,0.050000000745058,0.4488939046859741,32,0,True,0.9583333333333334,0.3916666666666666,410.7083333333333,418.2434782608696,296.75,1048.6170212765958,428.5652173913044,0.953637009232018,2.3333671502485545,4,24,2,11.75,4,1054.0032377428306,248.72454921824044,-0.0146065316748756,Dixie_cup_0
afar,0,997,42,93,88,2,48991,46578,2413,599,4,14,0.4286986887454986,0.6012548208236694,0.946614682674408,0.050000000745058,0.2384949624538421,32,0,True,0.946236559139785,0.4516129032258064,526.7849462365591,529.2954545454545,1206.5,1166.452380952381,556.7159090909091,0.8573003204670245,1.7962482905023371,3,16,0,10.5,4,1054.0032377428306,248.72454921824044,0.3049435503380516,beret_2
afar,0,998,44,100,93,6,49343,45150,4193,599,4,0,0.5369899272918701,0.5290190577507019,0.6685509085655212,0.050000000745058,0.6065124273300171,32,0,True,0.93,0.44,493.43,485.483870967742,698.8333333333334,1121.4318181818182,530.5698924731183,0.8917171635287681,1.884765822913078,4,18,5,11.0,4,1054.0032377428306,248.72454921824044,0.1828552012619822,Band_Aid_0
afar,0,999,84,135,124,9,48654,45913,2741,599,4,28,0.687437117099762,0.6119266152381897,0.7277085185050964,0.050000000745058,0.5369843244552612,32,0,True,0.9185185185185184,0.6222222222222222,360.4,370.2661290322581,304.55555555555554,579.2142857142857,392.3709677419355,1.726476754223702,2.5486085419492746,4,26,10,21.0,4,1054.0032377428306,248.72454921824044,-1.2875494162108552,chalice_4
afar,0,1000,45,120,116,3,49203,47272,1931,599,4,4,0.5581785440444946,0.521643877029419,1.1044888496398926,0.050000000745058,0.2904314994812011,32,0,True,0.9666666666666668,0.375,410.025,407.5172413793104,643.6666666666666,1093.4,424.16379310344826,0.9145783793671116,2.357579822368555,4,18,1,11.25,4,1054.0032377428306,248.72454921824044,0.1068375286073774,Tabasco_sauce_2
afar,0,1001,35,99,84,4,49098,41853,7245,599,4,0,0.4463742673397064,0.5758315324783325,0.9536118507385254,0.050000000745058,0.5439218878746033,32,0,True,0.8484848484848485,0.3535353535353535,495.93939393939394,498.25,1811.25,1402.8,584.5,0.71285999429712,1.710863986313088,4,15,1,8.75,4,1054.0032377428306,248.72454921824044,0.9458793548200648,Band_Aid_0
afar,0,1002,32,106,98,3,48336,45357,2979,599,4,12,0.476516842842102,0.5807158946990967,1.125511646270752,0.050000000745058,0.5505344271659851,32,0,True,0.9245283018867924,0.3018867924528302,456.0,462.8265306122449,993.0,1510.5,493.2244897959184,0.6620324395895398,2.027474346242966,3,18,0,8.0,4,1054.0032377428306,248.72454921824044,1.2379440111972675,beer_can_1
afar,0,1003,67,105,99,5,48946,47083,1863,599,4,11,0.4963930547237396,0.6724137663841248,0.6567305326461792,0.050000000745058,0.2899991273880005,32,0,True,0.9428571428571428,0.638095238095238,466.15238095238095,475.5858585858586,372.6,730.5373134328358,494.4040404040404,1.3688554733788256,2.0226371920075183,4,26,8,16.75,4,1054.0032377428306,248.72454921824044,-0.877186295574121,beer_bottle_3
afar,0,1004,67,112,112,0,48970,48970,0,551,4,20,0.5921660661697388,0.6607210636138916,0.8394476175308228,0.050000000745058,0.7922166585922241,32,0,True,1.0,0.5982142857142857,437.2321428571428,437.2321428571428,,730.8955223880597,437.2321428571428,1.3681846028180518,2.287114559934654,4,23,6,16.75,4,1054.0032377428306,248.72454921824044,-0.8762148919026382,can_1
afar,0,1005,46,109,106,1,48655,47179,1476,599,4,23,0.6783783435821533,0.6111099720001221,0.6933720111846924,0.050000000745058,0.3329124450683594,32,0,True,0.9724770642201837,0.4220183486238532,446.3761467889908,445.0849056603773,1476.0,1057.7173913043478,459.00943396226415,0.9454321241393484,2.178604459973281,3,27,0,11.5,4,1054.0032377428306,248.72454921824044,0.0100721725503869,canister_0
afar,0,1006,87,127,118,8,48819,48030,789,546,4,9,0.6960257291793823,0.5714012384414673,1.067516803741455,0.050000000745058,0.6456144452095032,32,0,True,0.9291338582677166,0.6850393700787402,384.4015748031496,407.03389830508473,98.625,561.1379310344828,413.7203389830509,1.7820930375468569,2.417091706098036,4,30,5,21.75,4,1054.0032377428306,248.72454921824044,-1.3365695120150247,bear_0
afar,0,1007,55,105,103,2,48600,47620,980,599,4,6,0.5028417110443115,0.5558009147644043,1.1789381504058838,0.050000000745058,0.4024116396903991,32,0,True,0.9809523809523808,0.5238095238095238,462.8571428571428,462.33009708737865,490.0,883.6363636363636,471.8446601941748,1.131687242798354,2.119341563786008,4,20,9,13.75,4,1054.0032377428306,248.72454921824044,-0.4620068945586203,aerosol_can_1
afar,0,1008,27,112,105,5,49140,46934,2206,599,4,9,0.5664427280426025,0.6346301436424255,0.6289540529251099,0.050000000745058,0.3125240206718445,32,5,False,0.9375,0.2410714285714285,438.75,446.9904761904762,441.2,1820.0,468.0,0.5494505494505495,2.1367521367521367,3,15,0,6.75,4,1054.0032377428306,248.72454921824044,2.0772570209349106,bear_0
afar,0,1009,21,99,90,3,48424,43047,5377,599,4,20,0.4455828368663788,0.6977524757385254,0.8146814703941345,0.050000000745058,0.4110201001167297,32,11,False,0.9090909090909092,0.2121212121212121,489.1313131313131,478.3,1792.3333333333333,2305.904761904762,538.0444444444445,0.4336692549149182,1.8585825210639355,4,11,3,5.25,4,1054.0032377428306,248.72454921824044,3.394950682195456,can_1
afar,0,1010,61,123,108,10,48940,43112,5828,599,4,21,0.7512487173080444,0.5999555587768555,0.8317033052444458,0.050000000745058,0.4994532465934753,32,0,True,0.8780487804878049,0.4959349593495935,397.8861788617886,399.1851851851852,582.8,802.2950819672132,453.14814814814815,1.246424192889252,2.206783816918676,3,28,0,15.25,4,1054.0032377428306,248.72454921824044,-0.6825910494331019,candle_holder_4
afar,0,1011,53,138,126,9,49383,45529,3854,599,4,6,0.7995908260345459,0.6937483549118042,1.149876832962036,0.050000000745058,0.4408800899982452,32,0,True,0.9130434782608696,0.3840579710144927,357.8478260869565,361.3412698412698,428.22222222222223,931.754716981132,391.9285714285714,1.0732438288479842,2.5514853289593584,4,29,6,13.25,4,1054.0032377428306,248.72454921824044,-0.3315178478076767,aerosol_can_1
afar,0,1012,70,114,109,3,49211,46216,2995,599,4,14,0.7943947315216064,0.5277451276779175,0.9119359850883484,0.050000000745058,0.6576322913169861,32,0,True,0.956140350877193,0.6140350877192983,431.6754385964912,424.0,998.3333333333334,703.0142857142857,451.4770642201835,1.4224462010526102,2.2149519416390646,4,24,4,17.5,4,1054.0032377428306,248.72454921824044,-0.9518242123157974,beret_2
afar,0,1013,24,126,107,12,49361,43306,6055,599,4,2,0.6817350387573242,0.5941895246505737,0.7465022206306458,0.050000000745058,0.2331194877624511,32,8,False,0.8492063492063492,0.1904761904761904,391.75396825396825,404.7289719626168,504.5833333333333,2056.708333333333,461.31775700934577,0.4862138125240574,2.167703247503089,3,10,0,6.0,4,1054.0032377428306,248.72454921824044,2.719171023131944,Dixie_cup_3
afar,0,1014,42,112,107,3,48608,47146,1462,599,4,14,0.557352602481842,0.6912964582443237,1.0740315914154053,0.050000000745058,0.3277227580547333,32,0,True,0.9553571428571428,0.375,434.0,440.61682242990656,487.3333333333333,1157.3333333333333,454.2803738317757,0.8640552995391705,2.2012837393021725,4,16,6,10.5,4,1054.0032377428306,248.72454921824044,0.2802141955623365,beret_2
afar,0,1015,42,115,107,2,49227,46229,2998,599,4,29,0.5950143337249756,0.6610927581787109,0.6117693781852722,0.050000000745058,0.4329546988010406,32,0,True,0.9304347826086956,0.3652173913043478,428.0608695652174,432.0467289719626,1499.0,1172.071428571429,460.06542056074767,0.8531903223840576,2.173603916549861,4,21,1,10.5,4,1054.0032377428306,248.72454921824044,0.3201814817403201,chicken_(animal)_2
afar,0,1016,53,140,109,26,49604,40253,9351,599,4,2,0.672156810760498,0.6803396344184875,1.064046859741211,0.050000000745058,0.2685068845748901,32,0,True,0.7785714285714286,0.3785714285714285,354.3142857142857,369.29357798165137,359.65384615384613,935.9245283018868,455.0825688073394,1.068462220788646,2.197403435206838,4,20,6,13.25,4,1054.0032377428306,248.72454921824044,-0.3202100064840557,Dixie_cup_3
afar,0,1017,40,97,92,3,48639,46783,1856,599,4,0,0.4266382157802582,0.5015426874160767,0.9059722423553468,0.050000000745058,0.3476458489894867,32,0,True,0.9484536082474226,0.4123711340206185,501.4329896907216,508.5108695652174,618.6666666666666,1215.975,528.6847826086956,0.822385328645737,1.891486255885195,4,15,4,10.0,4,1054.0032377428306,248.72454921824044,0.4392407343217279,Band_Aid_0
afar,0,1018,51,114,112,0,49364,49335,29,572,4,31,0.6124153137207031,0.5977965593338013,0.7802345156669617,0.050000000745058,0.2383649349212646,32,0,True,0.9824561403508772,0.4473684210526316,433.0175438596491,440.4910714285714,,967.9215686274508,440.75,1.0331415606514869,2.2688598979013044,4,22,8,12.75,4,1054.0032377428306,248.72454921824044,-0.2334393046477197,cider_0
afar,0,1019,56,102,99,1,48466,46891,1575,599,4,3,0.4374290406703949,0.6257883906364441,1.144446849822998,0.050000000745058,0.6477833390235901,32,0,True,0.9705882352941176,0.5490196078431373,475.15686274509807,473.6464646464647,1575.0,865.4642857142857,489.55555555555554,1.1554491808690628,2.042669087607808,4,17,9,14.0,4,1054.0032377428306,248.72454921824044,-0.5112865760253933,Dixie_cup_4
afar,0,1020,44,107,96,4,48790,44844,3946,599,4,5,0.4000345468521118,0.6905091404914856,1.0808780193328855,0.050000000745058,0.3506758511066437,32,0,True,0.897196261682243,0.411214953271028,455.98130841121497,467.125,986.5,1108.8636363636365,508.2291666666667,0.9018241442918632,1.9676163148186103,4,13,9,11.0,4,1054.0032377428306,248.72454921824044,0.148772362784605,Tabasco_sauce_4
afar,0,1021,69,119,114,2,49120,46425,2695,599,4,28,0.5933153033256531,0.6568104028701782,0.8429334163665771,0.050000000745058,0.6750168204307556,32,0,True,0.957983193277311,0.5798319327731093,412.7731092436975,407.2368421052632,1347.5,711.8840579710145,430.87719298245617,1.404723127035831,2.320846905537459,4,23,5,17.25,4,1054.0032377428306,248.72454921824044,-0.9277708512544648,chalice_4
afar,0,1022,38,105,104,1,48915,48886,29,575,4,8,0.5363297462463379,0.5307421684265137,1.1181039810180664,0.050000000745058,0.756909966468811,32,0,True,0.9904761904761904,0.3619047619047619,465.8571428571428,470.0576923076923,29.0,1287.2368421052631,470.33653846153845,0.7768578145763059,2.1261371767351527,3,23,0,9.5,4,1054.0032377428306,248.72454921824044,0.6324911096910888,bandage_4
afar,0,1023,43,107,99,7,48394,45527,2867,599,4,2,0.4733079671859741,0.6841205358505249,0.7359814643859863,0.050000000745058,0.3041179776191711,32,0,True,0.9252336448598132,0.4018691588785046,452.2803738317757,459.8686868686869,409.57142857142856,1125.4418604651162,488.82828282828285,0.8885399016406993,2.045708145637889,4,21,1,10.75,4,1054.0032377428306,248.72454921824044,0.1937297752780404,Dixie_cup_3
afar,0,1024,71,117,116,0,49256,48657,599,599,4,30,0.6331548690795898,0.5837819576263428,0.8698841333389282,0.050000000745058,0.7383390665054321,32,0,True,0.9914529914529916,0.6068376068376068,420.991452991453,419.4568965517241,,693.7464788732394,424.6206896551725,1.4414487575117751,2.3550430404417737,4,24,7,17.75,4,1054.0032377428306,248.72454921824044,-0.9769569775934248,chocolate_milk_4
afar,0,1025,66,124,106,14,48805,44369,4436,599,4,12,0.6081472039222717,0.5012827515602112,0.7307782769203186,0.050000000745058,0.4773904681205749,32,0,True,0.8548387096774194,0.532258064516129,393.5887096774193,418.5754716981132,316.85714285714283,739.469696969697,460.4245283018868,1.3523204589693678,2.1719086159205,4,23,8,16.5,4,1054.0032377428306,248.72454921824044,-0.8529631430363054,beer_can_1
afar,0,1026,50,133,120,11,49820,46491,3329,599,4,25,0.6305201053619385,0.6968654990196228,0.6115913391113281,0.050000000745058,0.7894600629806519,32,0,True,0.9022556390977444,0.3759398496240601,374.5864661654135,387.425,302.6363636363636,996.4,415.1666666666667,1.0036130068245686,2.408671216378964,4,22,5,12.5,4,1054.0032377428306,248.72454921824044,-0.1562104905995741,canister_2
afar,0,1027,33,99,93,3,48334,46446,1888,599,4,10,0.4880624711513519,0.6430051326751709,1.1069834232330322,0.050000000745058,0.6207641363143921,32,0,True,0.9393939393939394,0.3333333333333333,488.22222222222223,499.4193548387097,629.3333333333334,1464.6666666666667,519.7204301075269,0.6827492034592626,1.924111391567013,4,14,2,8.25,4,1054.0032377428306,248.72454921824044,1.1136515622592753,beer_bottle_0
afar,0,1028,45,102,102,0,48505,48505,0,590,4,9,0.4041022956371307,0.5141040682792664,1.0788617134094238,0.050000000745058,0.6613515019416809,32,0,True,1.0,0.4411764705882353,475.5392156862745,475.5392156862745,,1077.888888888889,475.5392156862745,0.9277394083084218,2.1028759921657563,4,16,7,11.25,4,1054.0032377428306,248.72454921824044,0.0647739507364833,bear_0
afar,0,1029,43,122,109,3,48867,46624,2243,599,4,10,0.6043770909309387,0.548195481300354,1.161623477935791,0.050000000745058,0.4400758147239685,32,0,True,0.8934426229508197,0.3524590163934426,400.5491803278688,427.74311926605503,747.6666666666666,1136.4418604651162,448.3211009174312,0.8799394274254609,2.230544129985471,4,22,4,10.75,4,1054.0032377428306,248.72454921824044,0.2235599630231586,beer_bottle_0
afar,0,1030,8,104,103,0,49094,48495,599,599,4,22,0.5184091329574585,0.6936682462692261,0.9016708731651306,0.050000000745058,0.569069504737854,32,24,False,0.9903846153846154,0.0769230769230769,472.0576923076923,470.8252427184466,,6136.75,476.6407766990291,0.1629527029779606,2.0980160508412435,3,4,0,2.0,4,1054.0032377428306,248.72454921824044,13.78357183445663,candy_cane_1
afar,0,1031,51,103,100,1,48612,47402,1210,599,4,24,0.5325727462768555,0.5474039316177368,0.8369901776313782,0.050000000745058,0.4785787463188171,32,0,True,0.970873786407767,0.4951456310679611,471.9611650485437,474.02,1210.0,953.1764705882352,486.12,1.0491236731671192,2.057105241504156,4,17,3,12.75,4,1054.0032377428306,248.72454921824044,-0.2734255812686267,canister_1
afar,0,1032,42,130,121,5,48883,45923,2960,599,4,25,0.7472372055053711,0.5787712931632996,1.003533124923706,0.050000000745058,0.586414098739624,32,0,True,0.9307692307692308,0.3230769230769231,376.0230769230769,379.5289256198347,592.0,1163.8809523809523,403.9917355371901,0.859194402962175,2.475298160914837,4,18,2,10.5,4,1054.0032377428306,248.72454921824044,0.2979702596963354,canister_2
afar,0,1033,40,109,100,2,49362,45375,3987,599,4,28,0.6326636075973511,0.5159425735473633,0.6576477885246277,0.050000000745058,0.5470678210258484,32,0,True,0.9174311926605504,0.3669724770642202,452.8623853211009,453.75,1993.5,1234.05,493.62,0.8103399376038248,2.025849844009562,3,26,0,10.0,4,1054.0032377428306,248.72454921824044,0.4882571564574563,chalice_4
afar,0,1034,45,123,118,2,49354,47074,2280,599,4,7,0.6913430690765381,0.5607521533966064,0.6899556517601013,0.050000000745058,0.2830275297164917,32,0,True,0.959349593495935,0.3658536585365853,401.2520325203252,398.9322033898305,1140.0,1096.7555555555557,418.2542372881356,0.9117802001864084,2.390890302711026,3,27,0,11.25,4,1054.0032377428306,248.72454921824044,0.1159372424447766,atomizer_0
afar,0,1035,64,107,104,0,48611,46814,1797,599,4,24,0.544105589389801,0.6761216521263123,0.9201031923294068,0.050000000745058,0.7706680297851562,32,0,True,0.97196261682243,0.5981308411214953,454.30841121495325,450.13461538461536,,759.546875,467.4134615384616,1.3165744378844295,2.1394334615621977,4,26,3,16.0,4,1054.0032377428306,248.72454921824044,-0.7985171439421145,canister_1
afar,0,1036,53,102,101,1,48555,48294,261,586,4,26,0.4413027465343475,0.5218732357025146,0.7252000570297241,0.050000000745058,0.2710671424865722,32,0,True,0.9901960784313726,0.5196078431372549,476.02941176470586,478.15841584158414,261.0,916.1320754716982,480.74257425742576,1.0915456698589228,2.0801153331273814,4,18,5,13.25,4,1054.0032377428306,248.72454921824044,-0.3738838777441396,canister_3
afar,0,1037,46,121,120,1,48910,48881,29,575,4,0,0.6398793458938599,0.6254079341888428,0.7761318683624268,0.050000000745058,0.7722187042236328,32,0,True,0.9917355371900828,0.3801652892561983,404.21487603305786,407.3416666666666,29.0,1063.2608695652175,407.5833333333333,0.9405029646289104,2.453485994684114,4,32,1,11.5,4,1054.0032377428306,248.72454921824044,0.0251051723033619,Band_Aid_0
afar,0,1038,65,112,108,2,49073,48394,679,599,4,21,0.467550665140152,0.6021360754966736,0.8898202776908875,0.050000000745058,0.2966681122779846,32,0,True,0.9642857142857144,0.5803571428571429,438.1517857142857,448.0925925925926,339.5,754.9692307692308,454.3796296296296,1.3245572921973388,2.2008028854971164,4,22,10,16.25,4,1054.0032377428306,248.72454921824044,-0.8109309609270421,candle_holder_4
afar,0,1039,35,115,110,1,49094,46677,2417,599,4,8,0.6247806549072266,0.5654431581497192,0.7270182967185974,0.050000000745058,0.5652105212211609,32,0,True,0.9565217391304348,0.3043478260869565,426.90434782608696,424.3363636363636,2417.0,1402.6857142857143,446.3090909090909,0.7129180755285778,2.240599665946959,4,20,3,8.75,4,1054.0032377428306,248.72454921824044,0.9455694307915444,bandage_4
afar,0,1040,43,105,91,2,49011,42954,6057,599,4,16,0.4439155161380768,0.6319312453269958,0.6755600571632385,0.050000000745058,0.7204699516296387,32,0,True,0.8666666666666667,0.4095238095238095,466.7714285714285,472.0219780219781,3028.5,1139.7906976744189,538.5824175824176,0.8773540633735284,1.856726041092816,3,22,0,10.75,4,1054.0032377428306,248.72454921824044,0.2326414578123704,boom_microphone_1
afar,0,1041,65,126,121,3,49259,47987,1272,599,4,22,0.750778317451477,0.5487234592437744,0.9786862134933472,0.050000000745058,0.2587746381759643,32,0,True,0.9603174603174603,0.5158730158730159,390.94444444444446,396.58677685950414,424.0,757.8307692307692,407.099173553719,1.319555817211068,2.4564039058852187,4,26,9,16.25,4,1054.0032377428306,248.72454921824044,-0.8031709400590813,candy_cane_1
afar,0,1042,57,101,93,2,49166,44374,4792,599,4,29,0.4637572467327118,0.6797348260879517,1.1494910717010498,0.050000000745058,0.3267067074775696,32,0,True,0.9207920792079208,0.5643564356435643,486.7920792079208,477.13978494623655,2396.0,862.561403508772,528.6666666666666,1.159337753732254,1.8915510718789408,4,22,6,14.25,4,1054.0032377428306,248.72454921824044,-0.5191587143156148,chicken_(animal)_2
afar,0,1043,38,132,112,16,49113,43328,5785,599,4,17,0.7736316323280334,0.6205811500549316,0.6085785031318665,0.050000000745058,0.7517575025558472,32,0,True,0.8484848484848485,0.2878787878787879,372.0681818181818,386.8571428571428,361.5625,1292.4473684210527,438.50892857142856,0.773725897420235,2.2804552766070083,4,16,3,9.5,4,1054.0032377428306,248.72454921824044,0.6466211986229872,bottle_0
afar,0,1044,45,121,113,4,48917,45017,3900,599,4,25,0.7412806749343872,0.6757376194000244,0.8718464374542236,0.050000000745058,0.3212731480598449,32,0,True,0.9338842975206612,0.371900826446281,404.27272727272725,398.3805309734513,975.0,1087.0444444444445,432.8938053097345,0.9199255882413068,2.31003536602817,4,19,4,11.25,4,1054.0032377428306,248.72454921824044,0.0896023090213089,canister_2
afar,0,1045,83,125,118,6,49318,47690,1628,599,4,22,0.7511885166168213,0.5644833445549011,0.7562204599380493,0.050000000745058,0.6846591830253601,32,0,True,0.944,0.664,394.544,404.1525423728813,271.3333333333333,594.1927710843373,417.9491525423729,1.6829555132000489,2.3926355488868163,4,30,9,20.75,4,1054.0032377428306,248.72454921824044,-1.246930231599387,candy_cane_1
afar,0,1046,39,109,106,0,48732,46935,1797,599,4,17,0.7200086116790771,0.5320009589195251,0.7835544347763062,0.050000000745058,0.6836660504341125,32,0,True,0.9724770642201837,0.3577981651376147,447.0825688073394,442.7830188679245,,1249.5384615384614,459.7358490566038,0.8002954937207585,2.175162111138472,4,15,5,9.75,4,1054.0032377428306,248.72454921824044,0.5302593124188516,bottle_0
afar,0,1047,49,121,117,2,48387,46438,1949,599,4,22,0.646291971206665,0.6475480198860168,1.1188008785247805,0.050000000745058,0.3013963401317596,32,0,True,0.9669421487603306,0.4049586776859504,399.8925619834711,396.9059829059829,974.5,987.4897959183672,413.56410256410254,1.0126686920040506,2.418004836009672,4,27,4,12.25,4,1054.0032377428306,248.72454921824044,-0.1803734961088849,candy_cane_1
afar,0,1048,31,109,106,1,48339,47115,1224,599,4,29,0.5902522802352905,0.6906009912490845,1.10748553276062,0.050000000745058,0.3169435262680053,32,1,False,0.9724770642201837,0.2844036697247706,443.4770642201835,444.4811320754717,1224.0,1559.3225806451612,456.02830188679246,0.6413041229648938,2.1928463559444755,4,13,5,7.75,4,1054.0032377428306,248.72454921824044,1.370342806365116,chicken_(animal)_2
afar,0,1049,57,122,115,3,49262,47447,1815,599,4,14,0.5968075394630432,0.6575498580932617,0.6430814862251282,0.050000000745058,0.2198769301176071,32,0,True,0.9426229508196722,0.4672131147540984,403.78688524590166,412.5826086956522,605.0,864.2456140350877,428.3652173913043,1.157078478340303,2.3344565791076284,4,24,3,14.25,4,1054.0032377428306,248.72454921824044,-0.5145914128426783,beret_2
afar,0,1050,41,108,105,2,48769,48095,674,599,4,9,0.5204557180404663,0.6005387306213379,0.9545522928237916,0.050000000745058,0.4149792492389679,32,0,True,0.9722222222222222,0.3796296296296296,451.5648148148149,458.04761904761904,337.0,1189.4878048780488,464.4666666666666,0.8406979843753204,2.1530070331563085,4,17,2,10.25,4,1054.0032377428306,248.72454921824044,0.3674118249281479,bear_0
afar,0,1051,56,96,94,1,48676,47478,1198,599,4,6,0.4161607027053833,0.6873411536216736,0.7699942588806152,0.050000000745058,0.3817281126976013,32,0,True,0.9791666666666666,0.5833333333333334,507.0416666666667,505.0851063829787,1198.0,869.2142857142857,517.8297872340426,1.1504642945188597,1.9311364943709424,4,21,2,14.0,4,1054.0032377428306,248.72454921824044,-0.5011171938395576,aerosol_can_1
afar,0,1052,24,131,107,20,48719,41215,7504,599,4,17,0.7822948694229126,0.6382852792739868,0.7517971992492676,0.050000000745058,0.6828494071960449,32,8,False,0.816793893129771,0.183206106870229,371.90076335877865,385.1869158878505,375.2,2029.9583333333333,455.31775700934577,0.4926209487058437,2.1962683963135534,4,7,4,6.0,4,1054.0032377428306,248.72454921824044,2.646629430206314,bottle_0
afar,0,1053,68,126,121,3,49176,47941,1235,599,4,20,0.6103624701499939,0.6413748264312744,0.9455941915512084,0.050000000745058,0.2670589089393616,32,0,True,0.9603174603174603,0.5396825396825397,390.2857142857143,396.206611570248,411.6666666666667,723.1764705882352,406.4132231404959,1.3827883520416464,2.460549861721165,4,23,3,17.0,4,1054.0032377428306,248.72454921824044,-0.8971476886665524,can_1
afar,0,1054,43,126,104,14,48788,41092,7696,599,4,26,0.6940638422966003,0.6701313257217407,0.804816484451294,0.050000000745058,0.2040396928787231,32,0,True,0.8253968253968254,0.3412698412698413,387.2063492063492,395.11538461538464,549.7142857142857,1134.6046511627908,469.11538461538464,0.881364269902435,2.1316717225547266,3,24,0,10.75,4,1054.0032377428306,248.72454921824044,0.2185777540763,canister_3
afar,0,1055,31,98,88,7,49380,45050,4330,599,4,2,0.6073405742645264,0.6165758967399597,0.7837129831314087,0.050000000745058,0.5431802868843079,32,1,False,0.8979591836734694,0.3163265306122449,503.8775510204082,511.9318181818182,618.5714285714286,1592.9032258064517,561.1363636363636,0.6277845281490482,1.7820980153908466,4,17,1,7.75,4,1054.0032377428306,248.72454921824044,1.4614079836163425,Dixie_cup_3
afar,0,1056,62,117,105,6,48924,45292,3632,599,4,9,0.6574743986129761,0.5001973509788513,0.6501412391662598,0.050000000745058,0.4099377691745758,32,0,True,0.8974358974358975,0.5299145299145299,418.1538461538461,431.35238095238094,605.3333333333334,789.0967741935484,465.9428571428571,1.2672716866977352,2.146185921020358,4,20,6,15.5,4,1054.0032377428306,248.72454921824044,-0.7183826856882176,bear_0
afar,0,1057,27,93,88,1,48615,45620,2995,599,4,7,0.4767738580703735,0.6801047325134277,0.7109012603759766,0.050000000745058,0.7490235567092896,32,5,False,0.946236559139785,0.2903225806451613,522.741935483871,518.4090909090909,2995.0,1800.5555555555557,552.4431818181819,0.5553841406973157,1.8101409030134727,3,19,0,6.75,4,1054.0032377428306,248.72454921824044,2.024526891082429,atomizer_0
afar,0,1058,42,109,105,3,48735,47326,1409,599,4,13,0.4445268809795379,0.6518303751945496,0.9450291991233826,0.050000000745058,0.7625693082809448,32,0,True,0.963302752293578,0.3853211009174312,447.11009174311926,450.7238095238095,469.6666666666667,1160.357142857143,464.1428571428572,0.8618036318867344,2.154509079716836,4,18,3,10.5,4,1054.0032377428306,248.72454921824044,0.2884142688169472,beer_can_4
afar,0,1059,65,129,125,3,48970,47909,1061,599,4,29,0.7525284886360168,0.6726988554000854,0.6145051717758179,0.050000000745058,0.5675793290138245,32,0,True,0.9689922480620154,0.5038759689922481,379.6124031007752,383.272,353.6666666666667,753.3846153846154,391.76,1.3273432713906472,2.552583214212784,4,30,1,16.25,4,1054.0032377428306,248.72454921824044,-0.8152281767840311,chicken_(animal)_2
afar,0,1060,59,122,108,11,49022,43744,5278,599,4,31,0.6758432388305664,0.6827206611633301,1.1587402820587158,0.050000000745058,0.6253222823143005,32,0,True,0.8852459016393442,0.4836065573770491,401.8196721311475,405.037037037037,479.8181818181818,830.8813559322034,453.9074074074074,1.2035412671861614,2.2030924890865324,4,19,10,14.75,4,1054.0032377428306,248.72454921824044,-0.6050697840413708,cider_0
afar,0,1061,47,127,127,0,49774,49774,0,543,4,24,0.6987526416778564,0.5933856964111328,0.6605689525604248,0.050000000745058,0.7872162461280823,32,0,True,1.0,0.3700787401574803,391.9212598425197,391.9212598425197,,1059.021276595745,391.9212598425197,0.9442680917748222,2.5515329288383493,4,16,7,11.75,4,1054.0032377428306,248.72454921824044,0.0136080946449749,canister_1
afar,0,1062,26,99,91,1,48904,44694,4210,599,4,31,0.4014888703823089,0.5144357085227966,0.7139570713043213,0.050000000745058,0.5561572313308716,32,6,False,0.9191919191919192,0.2626262626262626,493.979797979798,491.1428571428572,4210.0,1880.923076923077,537.4065934065934,0.5316538524456077,1.8607884835596271,4,16,1,6.5,4,1054.0032377428306,248.72454921824044,2.2424703684463347,cider_0
afar,0,1063,24,117,104,10,49290,45279,4011,599,4,2,0.6135215759277344,0.6690282225608826,1.0308018922805786,0.050000000745058,0.7067750692367554,32,8,False,0.8888888888888888,0.2051282051282051,421.28205128205127,435.375,401.1,2053.75,473.9423076923077,0.4869141813755325,2.109961452627308,3,17,0,6.0,4,1054.0032377428306,248.72454921824044,2.7111485105186723,Dixie_cup_3
afar,0,1064,29,101,98,0,48565,47035,1530,599,4,4,0.4134492576122284,0.5993503332138062,0.929342806339264,0.050000000745058,0.7563958168029785,32,3,False,0.9702970297029704,0.2871287128712871,480.8415841584159,479.9489795918368,,1674.655172413793,495.5612244897959,0.5971378564810048,2.01791413569443,3,13,0,7.25,4,1054.0032377428306,248.72454921824044,1.6831057941459668,Tabasco_sauce_2
afar,0,1065,63,112,110,0,48409,47211,1198,599,4,5,0.57711261510849,0.6697406768798828,1.0313210487365725,0.050000000745058,0.2104470580816269,32,0,True,0.9821428571428572,0.5625,432.2232142857143,429.1909090909091,,768.3968253968254,440.08181818181816,1.3014108946683467,2.27230473672251,4,20,11,15.75,4,1054.0032377428306,248.72454921824044,-0.7745175364991795,Tabasco_sauce_4
afar,0,1066,65,110,105,2,49099,49000,99,558,4,27,0.58942711353302,0.6945964097976685,0.781406581401825,0.050000000745058,0.6970566511154175,32,0,True,0.9545454545454546,0.5909090909090909,446.3545454545455,466.6666666666667,49.5,755.3692307692307,467.6095238095238,1.323855883011874,2.1385364264037965,4,25,4,16.25,4,1054.0032377428306,248.72454921824044,-0.8098462268272196,chalice_2
afar,0,1067,56,110,109,1,49444,49406,38,597,4,16,0.4592959880828857,0.6999714374542236,0.7136533260345459,0.050000000745058,0.6500740051269531,32,0,True,0.990909090909091,0.509090909090909,449.4909090909091,453.2660550458716,38.0,882.9285714285714,453.61467889908255,1.1325944502871936,2.2045141978804303,4,24,5,14.0,4,1054.0032377428306,248.72454921824044,-0.4639263104170723,boom_microphone_1
afar,0,1068,44,98,87,1,48701,42218,6483,599,4,14,0.4019549787044525,0.6088309288024902,0.6296063661575317,0.050000000745058,0.4899839758872986,32,0,True,0.8877551020408163,0.4489795918367347,496.9489795918368,485.264367816092,6483.0,1106.840909090909,559.7816091954023,0.9034722079628756,1.7864109566538675,4,22,1,11.0,4,1054.0032377428306,248.72454921824044,0.1432870596661845,beret_2
afar,0,1069,63,114,112,2,48864,47666,1198,599,4,26,0.6013163328170776,0.6784211993217468,0.6135650873184204,0.050000000745058,0.6118454337120056,32,0,True,0.9824561403508772,0.5526315789473685,428.6315789473685,425.5892857142857,599.0,775.6190476190476,436.2857142857143,1.2892927308447937,2.2920759659463,4,31,1,15.75,4,1054.0032377428306,248.72454921824044,-0.7549320596968292,canister_3
afar,0,1070,29,134,91,28,48911,38446,10465,599,4,13,0.7798599004745483,0.6177303194999695,1.0802099704742432,0.050000000745058,0.7459211349487305,32,3,False,0.6791044776119403,0.2164179104477611,365.0074626865672,422.4835164835165,373.75,1686.5862068965516,537.4835164835165,0.5929136595039971,1.860522172926336,4,11,4,7.25,4,1054.0032377428306,248.72454921824044,1.715460794019982,beer_can_4
afar,0,1071,49,120,112,2,48833,47898,935,589,4,28,0.7802449464797974,0.5907654166221619,1.1624940633773804,0.050000000745058,0.4113337397575378,32,0,True,0.9333333333333332,0.4083333333333333,406.94166666666666,427.6607142857143,467.5,996.591836734694,436.00892857142856,1.0034198185653145,2.293531013863576,4,21,1,12.25,4,1054.0032377428306,248.72454921824044,-0.1556902609802715,chalice_4
afar,0,1072,42,112,109,0,48961,47739,1222,599,4,21,0.4782357215881347,0.6051737666130066,0.708425760269165,0.050000000745058,0.2672406435012817,32,0,True,0.9732142857142856,0.375,437.1517857142857,437.9724770642202,,1165.7380952380952,449.1834862385321,0.8578256163068565,2.2262617185106515,4,17,1,10.5,4,1054.0032377428306,248.72454921824044,0.3030065251597971,candle_holder_4
afar,0,1073,43,113,105,6,48637,46846,1791,599,4,31,0.5644717216491699,0.5710704326629639,0.6256477236747742,0.050000000745058,0.5257202386856079,32,0,True,0.9292035398230089,0.3805309734513274,430.4159292035398,446.15238095238095,298.5,1131.093023255814,463.20952380952383,0.8841005818615457,2.158850258034007,4,17,3,10.75,4,1054.0032377428306,248.72454921824044,0.2090547977348349,cider_0
afar,0,1074,52,100,82,4,48752,41059,7693,599,4,0,0.432751327753067,0.6210337281227112,0.6930991411209106,0.050000000745058,0.7544963359832764,32,0,True,0.82,0.52,487.52,500.719512195122,1923.25,937.5384615384615,594.5365853658536,1.0666229077781424,1.6819822776501476,3,19,0,13.0,4,1054.0032377428306,248.72454921824044,-0.3158332854426819,Band_Aid_0
afar,0,1075,30,104,100,2,48819,47287,1532,599,4,5,0.4438092410564422,0.6886316537857056,0.769227921962738,0.050000000745058,0.6508569121360779,32,2,False,0.9615384615384616,0.2884615384615384,469.4134615384616,472.87,766.0,1627.3,488.19,0.6145148405333989,2.048382801777996,4,20,2,7.5,4,1054.0032377428306,248.72454921824044,1.5546863683454313,Tabasco_sauce_4
afar,0,1076,41,108,105,2,48602,47332,1270,599,4,6,0.5451627373695374,0.5748847126960754,0.7589324116706848,0.050000000745058,0.4230877161026001,32,0,True,0.9722222222222222,0.3796296296296296,450.0185185185185,450.7809523809524,635.0,1185.4146341463415,462.87619047619046,0.8435866836755689,2.160404921608164,4,20,3,10.25,4,1054.0032377428306,248.72454921824044,0.3563660569604436,aerosol_can_1
afar,0,1077,63,140,120,17,49365,44259,5106,558,4,6,0.7941718101501465,0.5866532921791077,0.7634426355361938,0.050000000745058,0.4467058181762695,32,0,True,0.8571428571428571,0.45,352.60714285714283,368.825,300.3529411764706,783.5714285714286,411.375,1.276207839562443,2.4308720753570343,4,25,10,15.75,4,1054.0032377428306,248.72454921824044,-0.7333665127122633,aerosol_can_1
afar,0,1078,45,114,112,1,48927,48031,896,599,4,30,0.5478230118751526,0.6445874571800232,0.9142357110977172,0.050000000745058,0.5629436373710632,32,0,True,0.9824561403508772,0.3947368421052631,429.1842105263158,428.8482142857143,896.0,1087.2666666666669,436.8482142857143,0.9197375682138696,2.2891246142211865,4,22,1,11.25,4,1054.0032377428306,248.72454921824044,0.0902049390767657,chocolate_milk_4
afar,0,1079,40,114,106,5,48851,46426,2425,599,4,4,0.6115716099739075,0.500346302986145,1.1626392602920532,0.050000000745058,0.4897224903106689,32,0,True,0.9298245614035088,0.3508771929824561,428.5175438596491,437.9811320754717,485.0,1221.275,460.85849056603774,0.8188164008925098,2.169863462365152,3,22,0,10.0,4,1054.0032377428306,248.72454921824044,0.4536134611443763,Tabasco_sauce_2
afar,0,1080,65,118,116,2,48628,48012,616,599,4,16,0.7881529331207275,0.5724639296531677,1.1075154542922974,0.050000000745058,0.5695744156837463,32,0,True,0.9830508474576272,0.5508474576271186,412.1016949152543,413.8965517241379,308.0,748.123076923077,419.2068965517241,1.3366784568561323,2.3854569383894053,4,25,1,16.25,4,1054.0032377428306,248.72454921824044,-0.8294966022509267,boom_microphone_1
afar,0,1081,32,110,106,2,48833,46745,2088,599,4,23,0.6356414556503296,0.6099206805229187,0.983350932598114,0.050000000745058,0.5983041524887085,32,0,True,0.9636363636363636,0.2909090909090909,443.9363636363637,440.9905660377359,1044.0,1526.03125,460.688679245283,0.6552945753895931,2.170663280978028,3,20,0,8.0,4,1054.0032377428306,248.72454921824044,1.2800622024169372,canister_0
afar,0,1082,62,117,114,2,48725,48077,648,599,4,10,0.7613396644592285,0.5925821661949158,0.8856257200241089,0.050000000745058,0.5513312816619873,32,0,True,0.9743589743589745,0.5299145299145299,416.45299145299145,421.7280701754386,324.0,785.8870967741935,427.4122807017544,1.2724474089276552,2.339661364802463,4,30,3,15.5,4,1054.0032377428306,248.72454921824044,-0.7270868020537287,beer_bottle_0
afar,0,1083,30,118,111,3,49070,45853,3217,599,4,26,0.7328982353210449,0.6172868013381958,0.7720565795898438,0.050000000745058,0.38997682929039,32,2,False,0.940677966101695,0.2542372881355932,415.8474576271187,413.0900900900901,1072.3333333333333,1635.6666666666667,442.0720720720721,0.6113715100876299,2.2620745873242307,3,27,0,7.5,4,1054.0032377428306,248.72454921824044,1.577375389933385,canister_3
afar,0,1084,30,110,107,2,48693,47239,1454,599,4,20,0.7875422239303589,0.6153502464294434,0.6675094366073608,0.050000000745058,0.2924308180809021,32,2,False,0.9727272727272728,0.2727272727272727,442.6636363636364,441.4859813084112,727.0,1623.1,455.0747663551402,0.6161049842893229,2.1974411106319183,4,13,1,7.5,4,1054.0032377428306,248.72454921824044,1.5432966602972953,can_1
afar,0,1085,81,131,122,7,49510,47584,1926,599,4,22,0.6342980265617371,0.6299155354499817,1.0429408550262451,0.050000000745058,0.4069789946079254,32,0,True,0.931297709923664,0.6183206106870229,377.9389312977099,390.0327868852459,275.1428571428572,611.2345679012345,405.8196721311475,1.6360331246212887,2.464148656837003,4,25,16,20.25,4,1054.0032377428306,248.72454921824044,-1.2007156862755506,candy_cane_1
afar,0,1086,24,106,101,3,49036,47203,1833,599,4,1,0.4382635354995727,0.6858572959899902,0.9906964302062988,0.050000000745058,0.798278272151947,32,8,False,0.9528301886792452,0.2264150943396226,462.6037735849056,467.35643564356434,611.0,2043.1666666666667,485.5049504950495,0.4894363324904152,2.0597112325638305,3,17,0,6.0,4,1054.0032377428306,248.72454921824044,2.682448254127536,Dixie_cup_0
afar,0,1087,22,92,79,1,48422,40749,7673,599,4,18,0.4279473721981048,0.5345634818077087,0.9585183262825012,0.050000000745058,0.5197457075119019,32,10,False,0.8586956521739131,0.2391304347826087,526.3260869565217,515.8101265822785,7673.0,2201.0,612.9367088607595,0.4543389368468877,1.631489818677461,3,17,0,5.5,4,1054.0032377428306,248.72454921824044,3.1104662510158225,bottle_2
afar,0,1088,42,109,96,3,48642,44034,4608,599,4,10,0.4966644644737243,0.6303360462188721,1.1178295612335205,0.050000000745058,0.4127847254276275,32,0,True,0.8807339449541285,0.3853211009174312,446.25688073394497,458.6875,1536.0,1158.142857142857,506.6875,0.8634513383495744,1.973603059084741,3,17,0,10.5,4,1054.0032377428306,248.72454921824044,0.2824094907643584,beer_bottle_0
afar,0,1089,58,123,115,5,49026,47046,1980,599,4,14,0.7650752067565918,0.5221317410469055,1.1900649070739746,0.050000000745058,0.4023036956787109,32,0,True,0.934959349593496,0.4715447154471545,398.5853658536585,409.095652173913,396.0,845.2758620689655,426.31304347826085,1.1830457308366988,2.345694121486558,4,24,3,14.5,4,1054.0032377428306,248.72454921824044,-0.5660342548997465,beret_2
afar,0,1090,66,130,125,4,48795,47313,1482,599,4,3,0.7150064706802368,0.5910285711288452,1.066454529762268,0.050000000745058,0.3553554117679596,32,0,True,0.9615384615384616,0.5076923076923077,375.34615384615387,378.504,370.5,739.3181818181819,390.36,1.3525976022133417,2.5617378829798136,4,24,8,16.5,4,1054.0032377428306,248.72454921824044,-0.8533740271650261,Dixie_cup_4
afar,0,1091,48,120,114,4,48649,46800,1849,599,4,19,0.6585352420806885,0.6721401810646057,0.7573944330215454,0.050000000745058,0.6293896436691284,32,0,True,0.95,0.4,405.40833333333336,410.5263157894737,462.25,1013.5208333333334,426.7456140350877,0.9866595407922054,2.343316409381488,4,23,2,12.0,4,1054.0032377428306,248.72454921824044,-0.1097816112644638,bottle_3
afar,0,1092,28,99,91,0,48588,45530,3058,599,4,27,0.447694182395935,0.5477421283721924,0.8178422451019287,0.050000000745058,0.3073039054870605,32,4,False,0.9191919191919192,0.2828282828282828,490.7878787878788,500.3296703296703,,1735.2857142857142,533.934065934066,0.5762739771136907,1.8728904256194945,4,11,4,7.0,4,1054.0032377428306,248.72454921824044,1.847525834793936,chalice_2
afar,0,1093,42,98,93,3,49156,46540,2616,599,4,6,0.452699065208435,0.5979708433151245,0.6602332592010498,0.050000000745058,0.5632835626602173,32,0,True,0.9489795918367347,0.4285714285714285,501.59183673469386,500.4301075268817,872.0,1170.3809523809523,528.5591397849462,0.8544226544063797,1.8919358776141264,3,18,0,10.5,4,1054.0032377428306,248.72454921824044,0.3155971888184508,aerosol_can_1
afar,0,1094,73,138,124,13,48880,46769,2111,599,4,9,0.7631698846817017,0.6393709778785706,0.9485742449760436,0.050000000745058,0.6989819407463074,32,0,True,0.8985507246376812,0.5289855072463768,354.2028985507246,377.1693548387097,162.3846153846154,669.5890410958904,394.1935483870968,1.4934533551554827,2.536824877250409,4,26,8,18.25,4,1054.0032377428306,248.72454921824044,-1.0424679688970009,bear_0
afar,0,1095,53,126,110,10,49463,45106,4357,599,4,31,0.5792392492294312,0.6722873449325562,0.6558114886283875,0.050000000745058,0.2952927052974701,32,0,True,0.873015873015873,0.4206349206349206,392.5634920634921,410.0545454545455,435.7,933.2641509433962,449.6636363636364,1.071507995875705,2.2238845197420294,4,23,4,13.25,4,1054.0032377428306,248.72454921824044,-0.3274245115819316,cider_0
afar,0,1096,47,104,103,0,49287,48688,599,599,4,21,0.4008658528327942,0.5879656076431274,0.7907596826553345,0.050000000745058,0.7998909950256348,32,0,True,0.9903846153846154,0.4519230769230769,473.9134615384616,472.6990291262136,,1048.659574468085,478.5145631067961,0.9535983119280946,2.0898005559275266,4,16,7,11.75,4,1054.0032377428306,248.72454921824044,-0.0144911344302137,candle_holder_4
afar,0,1097,34,110,105,3,48644,46597,2047,599,4,17,0.5752755999565125,0.6136969327926636,0.7586717009544373,0.050000000745058,0.254874438047409,32,0,True,0.9545454545454546,0.3090909090909091,442.2181818181818,443.7809523809524,682.3333333333334,1430.7058823529412,463.2761904761905,0.6989556779870076,2.1585395937834058,4,12,5,8.5,4,1054.0032377428306,248.72454921824044,1.0215555102547391,bottle_0
afar,0,1098,24,106,103,0,49578,47781,1797,599,4,7,0.5519850850105286,0.6565020084381104,0.7075014114379883,0.050000000745058,0.7552542090415955,32,8,False,0.9716981132075472,0.2264150943396226,467.7169811320755,463.8932038834951,,2065.75,481.3398058252427,0.4840856831659204,2.0775343902537418,4,9,4,6.0,4,1054.0032377428306,248.72454921824044,2.7436905335133464,atomizer_0
afar,0,1099,19,104,90,1,48219,42913,5306,599,4,12,0.6030167937278748,0.6810818314552307,1.1184223890304563,0.050000000745058,0.6769395470619202,32,13,False,0.8653846153846154,0.1826923076923076,463.6442307692308,476.81111111111113,5306.0,2537.842105263158,535.7666666666667,0.3940355461540056,1.8664841659926583,4,11,1,4.75,4,1054.0032377428306,248.72454921824044,4.023926545603174,beer_can_1
afar,0,1100,51,120,116,2,49483,47813,1670,599,4,7,0.683701753616333,0.5234731435775757,0.8309139609336853,0.050000000745058,0.5198608636856079,32,0,True,0.9666666666666668,0.425,412.35833333333335,412.1810344827586,835.0,970.2549019607844,426.57758620689657,1.030656993310834,2.3442394357658185,4,20,8,12.75,4,1054.0032377428306,248.72454921824044,-0.2271116890654218,atomizer_0
afar,0,1101,66,119,118,1,48959,48360,599,599,4,24,0.676957368850708,0.5859434604644775,0.6203872561454773,0.050000000745058,0.2645169496536255,32,0,True,0.9915966386554622,0.5546218487394958,411.4201680672269,409.8305084745763,599.0,741.8030303030303,414.90677966101697,1.3480667497293657,2.410179946485835,4,25,10,16.5,4,1054.0032377428306,248.72454921824044,-0.8466355274540078,canister_1
afar,0,1102,45,95,87,1,48997,44205,4792,599,4,22,0.4469642639160156,0.5827008485794067,0.9000166654586792,0.050000000745058,0.4518011212348938,32,0,True,0.9157894736842104,0.4736842105263157,515.7578947368421,508.1034482758621,4792.0,1088.8222222222223,563.183908045977,0.918423576953691,1.775618915443803,4,23,2,11.25,4,1054.0032377428306,248.72454921824044,0.0944233494649646,candy_cane_1
afar,0,1103,59,103,101,1,48396,47198,1198,599,4,23,0.5978079438209534,0.6209715008735657,0.736481249332428,0.050000000745058,0.4163739085197449,32,0,True,0.9805825242718448,0.5728155339805825,469.8640776699029,467.3069306930693,1198.0,820.271186440678,479.1683168316832,1.219109017274155,2.0869493346557566,4,20,3,14.75,4,1054.0032377428306,248.72454921824044,-0.6338428156722552,canister_0
afar,0,1104,30,104,103,0,48308,47709,599,599,4,30,0.5008854866027832,0.5271520614624023,1.1775104999542236,0.050000000745058,0.5428063273429871,32,2,False,0.9903846153846154,0.2884615384615384,464.5,463.19417475728153,,1610.2666666666669,469.00970873786406,0.6210151527697276,2.132152024509398,4,17,1,7.5,4,1054.0032377428306,248.72454921824044,1.5084947745946575,chocolate_milk_4
afar,0,1105,40,134,134,0,49176,49176,0,472,4,23,0.7352856397628784,0.5117550492286682,0.6463643312454224,0.050000000745058,0.7933054566383362,32,0,True,1.0,0.2985074626865671,366.9850746268657,366.9850746268657,,1229.4,366.9850746268657,0.8134049129656743,2.724906458435009,4,17,2,10.0,4,1054.0032377428306,248.72454921824044,0.4756471225470204,canister_0
afar,0,1106,44,110,105,3,48362,45367,2995,599,4,7,0.6990365982055664,0.5463716983795166,1.0017080307006836,0.050000000745058,0.7977003455162048,32,0,True,0.9545454545454546,0.4,439.6545454545454,432.06666666666666,998.3333333333334,1099.1363636363635,460.5904761904762,0.9098052189735742,2.1711260907323933,4,18,5,11.0,4,1054.0032377428306,248.72454921824044,0.1223936017207407,atomizer_0
afar,0,1107,50,117,114,2,48314,46517,1797,599,4,23,0.7097763419151306,0.6096551418304443,0.8240183591842651,0.050000000745058,0.7127189636230469,32,0,True,0.9743589743589745,0.4273504273504273,412.94017094017096,408.0438596491228,898.5,966.28,423.8070175438597,1.034896717307613,2.359564515461357,4,23,1,12.5,4,1054.0032377428306,248.72454921824044,-0.2378909683162068,canister_0
afar,0,1108,60,127,116,5,49087,46292,2795,599,4,10,0.7818287014961243,0.5906179547309875,1.173267841339111,0.050000000745058,0.3102374076843261,32,0,True,0.9133858267716536,0.4724409448818897,386.5118110236221,399.0689655172414,559.0,818.1166666666667,423.16379310344826,1.222319555075682,2.363151139812985,4,27,10,15.0,4,1054.0032377428306,248.72454921824044,-0.639685518341285,beer_bottle_0
afar,0,1109,72,123,117,4,49314,46810,2504,599,4,0,0.6982405185699463,0.5318027138710022,0.9890899658203124,0.050000000745058,0.7701651453971863,32,0,True,0.951219512195122,0.5853658536585366,400.9268292682927,400.0854700854701,626.0,684.9166666666666,421.4871794871795,1.4600316340187371,2.372551405280448,4,23,9,18.0,4,1054.0032377428306,248.72454921824044,-1.0009019735821707,Band_Aid_0
afar,0,1110,49,102,97,0,47917,45054,2863,599,4,19,0.4001416265964508,0.6059302687644958,0.8709560632705688,0.050000000745058,0.6779298782348633,32,0,True,0.9509803921568628,0.4803921568627451,469.7745098039216,464.4742268041237,,977.8979591836736,493.9896907216495,1.0226015819020389,2.024333743765261,4,22,1,12.25,4,1054.0032377428306,248.72454921824044,-0.2063849770740158,bottle_3
afar,0,1111,60,109,106,3,49253,48625,628,599,4,19,0.6504659652709961,0.6014418601989746,0.8457021713256836,0.050000000745058,0.3510838150978088,32,0,True,0.9724770642201837,0.5504587155963303,451.8623853211009,458.7264150943397,209.3333333333333,820.8833333333333,464.6509433962264,1.2181999066046738,2.152153168334924,4,26,5,15.0,4,1054.0032377428306,248.72454921824044,-0.6321827741508461,bottle_3
afar,0,1112,38,108,97,8,48508,44744,3764,599,4,31,0.4627629220485687,0.6420709490776062,0.7097482085227966,0.050000000745058,0.5973212122917175,32,0,True,0.8981481481481481,0.3518518518518518,449.14814814814815,461.2783505154639,470.5,1276.5263157894738,500.08247422680415,0.7833759379896099,1.999670157499794,3,16,0,9.5,4,1054.0032377428306,248.72454921824044,0.6034459268866319,cider_0
afar,0,1113,69,131,127,3,49566,49480,86,490,4,24,0.6267081499099731,0.6824880838394165,1.1401095390319824,0.050000000745058,0.2998007833957672,32,0,True,0.9694656488549618,0.5267175572519084,378.3664122137404,389.6062992125984,28.666666666666668,718.3478260869565,390.2834645669291,1.3920832828955332,2.56224024532946,4,27,1,17.25,4,1054.0032377428306,248.72454921824044,-0.9102421770326958,canister_1
afar,0,1114,61,111,108,1,48614,47823,791,599,4,3,0.6021377444267273,0.5622440576553345,1.0923993587493896,0.050000000745058,0.3031599819660187,32,0,True,0.972972972972973,0.5495495495495496,437.963963963964,442.80555555555554,791.0,796.9508196721312,450.1296296296296,1.2547825729213806,2.221582260254248,3,24,0,15.25,4,1054.0032377428306,248.72454921824044,-0.6970838083077794,Dixie_cup_4
afar,0,1115,31,133,121,5,49586,48083,1503,580,4,19,0.7983642816543579,0.517936110496521,1.149939775466919,0.050000000745058,0.5045129060745239,32,1,False,0.9097744360902256,0.2330827067669172,372.82706766917295,397.3801652892562,300.6,1599.548387096774,409.801652892562,0.6251764610978905,2.440204896543379,3,16,0,7.75,4,1054.0032377428306,248.72454921824044,1.4794285662424251,bottle_3
afar,0,1116,14,104,104,0,48759,48759,0,576,4,9,0.4633555114269256,0.6299493908882141,0.8130795955657959,0.050000000745058,0.6542348265647888,32,18,False,1.0,0.1346153846153846,468.83653846153845,468.83653846153845,,3482.785714285714,468.83653846153845,0.2871264792140938,2.1329395598761254,3,8,0,3.5,4,1054.0032377428306,248.72454921824044,6.586457933393392,bear_0
afar,0,1117,44,100,94,1,48243,45236,3007,599,4,22,0.4040477573871612,0.6609765291213989,0.949011206626892,0.050000000745058,0.2742760777473449,32,0,True,0.94,0.44,482.43,481.2340425531915,3007.0,1096.4318181818182,513.2234042553191,0.9120494164956574,1.9484692079679955,3,25,0,11.0,4,1054.0032377428306,248.72454921824044,0.1150593200230772,candy_cane_1
afar,0,1118,22,96,86,2,48686,42824,5862,599,4,22,0.5463841557502747,0.5381041169166565,0.7941993474960327,0.050000000745058,0.4955790042877197,32,10,False,0.8958333333333334,0.2291666666666666,507.1458333333333,497.953488372093,2931.0,2213.0,566.1162790697674,0.4518752824220515,1.766421558558929,4,17,1,5.5,4,1054.0032377428306,248.72454921824044,3.143008274010497,candy_cane_1
afar,0,1119,32,123,122,0,49313,49105,208,598,4,25,0.6322288513183594,0.6405160427093506,1.0045028924942017,0.050000000745058,0.5517843961715698,32,0,True,0.991869918699187,0.2601626016260163,400.9186991869919,402.5,,1541.03125,404.2049180327869,0.6489161073145012,2.473992659136536,3,20,0,8.0,4,1054.0032377428306,248.72454921824044,1.3207397311602802,canister_2
afar,0,1120,61,135,109,23,48714,42000,6714,599,4,31,0.7465088367462158,0.5445836186408997,0.846731424331665,0.050000000745058,0.433060884475708,32,0,True,0.8074074074074075,0.4518518518518518,360.8444444444444,385.3211009174312,291.9130434782609,798.5901639344262,446.91743119266056,1.2522067578108962,2.237549780350618,4,19,8,15.25,4,1054.0032377428306,248.72454921824044,-0.69263817675113,cider_0
afar,0,1121,26,135,124,5,49504,47551,1953,599,4,22,0.7621603012084961,0.5558106303215027,1.1144384145736694,0.050000000745058,0.6693094372749329,32,6,False,0.9185185185185184,0.1925925925925926,366.6962962962963,383.4758064516129,390.6,1904.0,399.2258064516129,0.5252100840336135,2.504848093083387,3,13,0,6.5,4,1054.0032377428306,248.72454921824044,2.305051181897632,candy_cane_1
afar,0,1122,59,127,117,5,49314,46995,2319,599,4,0,0.7540292739868164,0.6554107666015625,1.06003737449646,0.050000000745058,0.3826108574867248,32,0,True,0.9212598425196852,0.4645669291338583,388.2992125984252,401.6666666666667,463.8,835.8305084745763,421.4871794871795,1.1964148112097983,2.372551405280448,4,27,10,14.75,4,1054.0032377428306,248.72454921824044,-0.5916484977215334,Band_Aid_0
afar,0,1123,42,114,109,1,48026,45608,2418,599,4,21,0.6631346344947815,0.515294075012207,0.8084213733673096,0.050000000745058,0.6965386867523193,32,0,True,0.956140350877193,0.3684210526315789,421.280701754386,418.4220183486239,2418.0,1143.4761904761904,440.605504587156,0.8745262982551119,2.2696039645192188,4,19,7,10.5,4,1054.0032377428306,248.72454921824044,0.2426359071042005,candle_holder_4
afar,0,1124,57,112,109,3,49048,48415,633,599,4,8,0.5428439378738403,0.5585063695907593,0.9251257181167604,0.050000000745058,0.4035291373729706,32,0,True,0.9732142857142856,0.5089285714285714,437.9285714285714,444.1743119266055,211.0,860.4912280701755,449.9816513761468,1.162126896101778,2.222312836405154,4,24,6,14.25,4,1054.0032377428306,248.72454921824044,-0.5247726890427662,bandage_4
afar,0,1125,51,111,107,1,48577,47894,683,599,4,6,0.5577114224433899,0.5960342884063721,0.8483802080154419,0.050000000745058,0.5116485357284546,32,0,True,0.963963963963964,0.4594594594594595,437.6306306306306,447.6074766355141,683.0,952.4901960784314,453.9906542056075,1.0498795726372565,2.20268851514091,4,26,2,12.75,4,1054.0032377428306,248.72454921824044,-0.2752866446751848,aerosol_can_1
afar,0,1126,38,108,105,3,49001,47771,1230,599,4,0,0.4906254410743713,0.6177479028701782,1.1755313873291016,0.050000000745058,0.580564558506012,32,0,True,0.9722222222222222,0.3518518518518518,453.712962962963,454.9619047619048,410.0,1289.5,466.67619047619047,0.7754943776657619,2.142813411971184,3,18,0,9.5,4,1054.0032377428306,248.72454921824044,0.6386284210453477,Band_Aid_0
afar,0,1127,62,121,113,6,49155,48244,911,584,4,29,0.6391100883483887,0.5712790489196777,1.145263671875,0.050000000745058,0.5463781356811523,32,0,True,0.9338842975206612,0.512396694214876,406.2396694214876,426.9380530973451,151.83333333333334,792.8225806451613,435.0,1.261316244532601,2.2988505747126435,4,21,5,15.5,4,1054.0032377428306,248.72454921824044,-0.7082789124197097,chicken_(animal)_2
afar,0,1128,70,106,100,4,48837,47039,1798,599,4,10,0.4609118700027466,0.6259188652038574,0.90553879737854,0.050000000745058,0.626649796962738,32,0,True,0.9433962264150944,0.660377358490566,460.7264150943397,470.39,449.5,697.6714285714286,488.37,1.4333394762168028,2.047627823166861,4,25,14,17.5,4,1054.0032377428306,248.72454921824044,-0.9663131606491406,beer_bottle_0
afar,0,1129,60,134,128,1,49224,47791,1433,599,4,24,0.6687612533569336,0.6585283279418945,0.9794438481330872,0.050000000745058,0.3248642683029175,32,0,True,0.9552238805970148,0.4477611940298507,367.3432835820896,373.3671875,1433.0,820.4,384.5625,1.2189176011701608,2.60035754916301,4,25,1,15.0,4,1054.0032377428306,248.72454921824044,-0.633493494521465,canister_1
afar,0,1130,64,115,114,1,49154,48555,599,599,4,28,0.7291620969772339,0.6428778171539307,0.9435158967971802,0.050000000745058,0.6642347574234009,32,0,True,0.991304347826087,0.5565217391304348,427.4260869565217,425.92105263157896,599.0,768.03125,431.1754385964912,1.302030353582618,2.3192415673190383,4,27,2,16.0,4,1054.0032377428306,248.72454921824044,-0.7755089167466611,chalice_4
afar,0,1131,55,135,134,1,49472,48873,599,599,4,0,0.7697134613990784,0.6215745210647583,0.7478334903717041,0.050000000745058,0.2415886968374252,32,0,True,0.9925925925925926,0.4074074074074074,366.4592592592593,364.7238805970149,599.0,899.4909090909091,369.1940298507463,1.1117399741267788,2.7086028460543337,4,27,4,13.75,4,1054.0032377428306,248.72454921824044,-0.4190119793292928,Band_Aid_0
afar,0,1132,25,98,93,3,48591,46172,2419,599,4,10,0.4028675854206085,0.5406454205513,1.035119891166687,0.050000000745058,0.460350751876831,32,7,False,0.9489795918367347,0.2551020408163265,495.8265306122449,496.4731182795699,806.3333333333334,1943.64,522.483870967742,0.5144985696939762,1.913934679261592,4,11,2,6.25,4,1054.0032377428306,248.72454921824044,2.4125483311900395,beer_bottle_0
afar,0,1133,34,119,109,1,48426,45571,2855,599,4,11,0.7640939950942993,0.5674322247505188,0.6315910220146179,0.050000000745058,0.3795360624790191,32,0,True,0.9159663865546218,0.2857142857142857,406.9411764705882,418.0825688073394,2855.0,1424.2941176470588,444.2752293577981,0.7021021765167472,2.250856977656631,4,14,3,8.5,4,1054.0032377428306,248.72454921824044,1.004167860713467,beer_bottle_3
afar,0,1134,59,102,96,5,49310,46854,2456,599,4,6,0.4743614792823791,0.5484088659286499,1.0986361503601074,0.050000000745058,0.6008429527282715,32,0,True,0.9411764705882352,0.5784313725490197,483.4313725490196,488.0625,491.2,835.7627118644068,513.6458333333334,1.1965118637193266,1.946866761306023,4,19,4,14.75,4,1054.0032377428306,248.72454921824044,-0.5918323509587914,aerosol_can_1
afar,0,1135,50,105,101,0,49051,47805,1246,599,4,15,0.5836700201034546,0.5647984147071838,0.9076005220413208,0.050000000745058,0.4238818883895874,32,0,True,0.961904761904762,0.4761904761904761,467.15238095238095,473.3168316831683,,981.02,485.6534653465346,1.019347210046686,2.0590813642943058,4,23,4,12.5,4,1054.0032377428306,248.72454921824044,-0.1979185167377484,bolt_1
afar,0,1136,65,132,123,6,49161,48753,408,504,4,19,0.7825748324394226,0.683617115020752,0.6840279698371887,0.050000000745058,0.6013163328170776,32,0,True,0.9318181818181818,0.4924242424242424,372.4318181818182,396.3658536585366,68.0,756.3230769230769,399.6829268292683,1.3221862858770164,2.501983279428816,4,27,8,16.25,4,1054.0032377428306,248.72454921824044,-0.8072595532045661,bottle_3
afar,0,1137,30,128,112,2,49386,44114,5272,599,4,12,0.7083810567855835,0.54376620054245,1.136361598968506,0.050000000745058,0.6738877296447754,32,2,False,0.875,0.234375,385.828125,393.875,2636.0,1646.2,440.94642857142856,0.6074596039363382,2.267849188028996,3,13,0,7.5,4,1054.0032377428306,248.72454921824044,1.6059400545620437,beer_can_1
afar,0,1138,78,114,108,5,48727,45999,2728,599,4,16,0.5365594625473022,0.6864022016525269,0.7623177170753479,0.050000000745058,0.6057350039482117,32,0,True,0.9473684210526316,0.6842105263157895,427.4298245614035,425.9166666666667,545.6,624.7051282051282,451.1759259259259,1.60075522810762,2.21643031584132,4,27,10,19.5,4,1054.0032377428306,248.72454921824044,-1.1641857460121794,boom_microphone_1
afar,0,1139,22,123,112,9,49492,46309,3183,516,4,17,0.718065619468689,0.5147410035133362,1.0782556533813477,0.050000000745058,0.7659009695053101,32,10,False,0.9105691056910568,0.1788617886178861,402.3739837398374,413.4732142857143,353.6666666666667,2249.6363636363635,441.8928571428572,0.4445162854602764,2.2629919987068616,3,9,0,5.5,4,1054.0032377428306,248.72454921824044,3.242360056335146,bottle_0
afar,0,1140,57,95,84,7,49306,42929,6377,599,4,28,0.4054726660251617,0.6333380937576294,1.0457168817520142,0.050000000745058,0.6049736142158508,32,0,True,0.8842105263157894,0.6,519.0105263157894,511.0595238095238,911.0,865.0175438596491,586.9761904761905,1.156045917332576,1.703646615016428,4,24,4,14.25,4,1054.0032377428306,248.72454921824044,-0.5124980663342489,chalice_4
afar,0,1141,47,132,119,6,48908,47155,1753,525,4,5,0.7563561201095581,0.6561902761459351,0.777316689491272,0.050000000745058,0.6808013916015625,32,0,True,0.9015151515151516,0.3560606060606061,370.5151515151515,396.2605042016807,292.1666666666667,1040.595744680851,410.9915966386554,0.9609879774270058,2.433139772634334,4,22,1,11.75,4,1054.0032377428306,248.72454921824044,-0.0363589122936561,Tabasco_sauce_4
afar,0,1142,46,120,118,0,49271,48855,416,558,4,11,0.7941436767578125,0.5658509731292725,0.913244366645813,0.050000000745058,0.7325701117515564,32,0,True,0.9833333333333332,0.3833333333333333,410.5916666666666,414.0254237288136,,1071.108695652174,417.5508474576271,0.9336120638915386,2.394917903026121,2,26,0,11.5,4,1054.0032377428306,248.72454921824044,0.0463871837183572,beer_bottle_3
afar,0,1143,53,111,107,3,48364,47106,1258,599,4,3,0.5909176468849182,0.6862015724182129,0.9857026934623718,0.050000000745058,0.5533646941184998,32,0,True,0.963963963963964,0.4774774774774775,435.7117117117117,440.2429906542056,419.3333333333333,912.5283018867924,452.0,1.0958564221321645,2.2123893805309733,4,22,2,13.25,4,1054.0032377428306,248.72454921824044,-0.3836567179831064,Dixie_cup_4
afar,0,1144,65,118,115,3,48905,48068,837,599,4,5,0.6329158544540405,0.5815219283103943,0.6011696457862854,0.050000000745058,0.5572023987770081,32,0,True,0.9745762711864406,0.5508474576271186,414.4491525423729,417.9826086956522,279.0,752.3846153846154,425.2608695652174,1.3291074532256415,2.3514978018607504,4,29,3,16.25,4,1054.0032377428306,248.72454921824044,-0.8179400120335875,Tabasco_sauce_4
afar,0,1145,32,108,103,2,48882,47777,1105,599,4,14,0.553070068359375,0.5659661293029785,1.0123846530914309,0.050000000745058,0.4794791340827942,32,0,True,0.9537037037037036,0.2962962962962963,452.6111111111111,463.8543689320388,552.5,1527.5625,474.5825242718447,0.6546376989484882,2.1071150934904463,4,13,5,8.0,4,1054.0032377428306,248.72454921824044,1.28421470014282,beret_2
afar,0,1146,49,109,107,1,48961,48110,851,599,4,6,0.4733894467353821,0.631327748298645,0.7443749904632568,0.050000000745058,0.7699770331382751,32,0,True,0.981651376146789,0.4495412844036697,449.1834862385321,449.6261682242991,851.0,999.204081632653,457.5794392523365,1.0007965523579991,2.1854128796388963,4,21,3,12.25,4,1054.0032377428306,248.72454921824044,-0.1486062831855125,aerosol_can_1
afar,0,1147,60,127,115,11,49311,47825,1486,599,4,5,0.5095374584197998,0.636637806892395,1.0619440078735352,0.050000000745058,0.560514509677887,32,0,True,0.905511811023622,0.4724409448818897,388.2755905511811,415.8695652173913,135.0909090909091,821.85,428.7913043478261,1.2167670499482874,2.332136845734217,4,18,11,15.0,4,1054.0032377428306,248.72454921824044,-0.6295613334096084,Tabasco_sauce_4
afar,0,1148,55,108,103,4,49296,46726,2570,599,4,16,0.5867180824279785,0.6829125881195068,0.6074058413505554,0.050000000745058,0.5555829405784607,32,0,True,0.9537037037037036,0.5092592592592593,456.44444444444446,453.6504854368932,642.5,896.290909090909,478.6019417475728,1.1157091853294383,2.0894190197987665,4,27,4,13.75,4,1054.0032377428306,248.72454921824044,-0.4276898521278728,boom_microphone_1
afar,0,1149,63,104,97,3,48986,45954,3032,599,4,16,0.4363771378993988,0.6794073581695557,0.7467322945594788,0.050000000745058,0.7747977375984192,32,0,True,0.9326923076923076,0.6057692307692307,471.0192307692308,473.7525773195876,1010.6666666666666,777.5555555555555,505.0103092783505,1.2860817376393254,1.9801575960478504,4,27,4,15.75,4,1054.0032377428306,248.72454921824044,-0.7496805692135616,boom_microphone_1
afar,0,1150,39,110,108,1,48126,47503,623,599,4,10,0.4383571743965149,0.6516997218132019,0.9638620615005492,0.050000000745058,0.3773441612720489,32,0,True,0.9818181818181818,0.3545454545454545,437.5090909090909,439.8425925925926,623.0,1234.0,445.6111111111111,0.8103727714748784,2.244109213315048,4,16,3,9.75,4,1054.0032377428306,248.72454921824044,0.4881215646949787,beer_bottle_0
afar,0,1151,29,107,101,2,49530,48809,721,599,4,19,0.6219494342803955,0.6468818783760071,1.1694073677062988,0.050000000745058,0.3063192367553711,32,3,False,0.9439252336448598,0.2710280373831775,462.8971962616823,483.25742574257424,360.5,1707.9310344827586,490.3960396039604,0.5855037351100343,2.0391681809004645,3,20,0,7.25,4,1054.0032377428306,248.72454921824044,1.7733444498639577,bottle_3
afar,0,1152,9,98,95,0,48507,47282,1225,599,4,29,0.469865083694458,0.6398716568946838,1.128596544265747,0.050000000745058,0.2737696766853332,32,23,False,0.9693877551020408,0.0918367346938775,494.9693877551021,497.7052631578948,,5389.666666666667,510.6,0.1855402313068217,1.9584802193497848,3,5,0,2.25,4,1054.0032377428306,248.72454921824044,11.757604916767354,chicken_(animal)_2
afar,0,1153,26,109,102,3,48875,47812,1063,599,4,11,0.4912108182907104,0.5069588422775269,1.0169801712036133,0.050000000745058,0.5215188264846802,32,6,False,0.9357798165137616,0.2385321100917431,448.394495412844,468.7450980392157,354.3333333333333,1879.8076923076924,479.1666666666667,0.5319693094629157,2.0869565217391304,3,14,0,6.5,4,1054.0032377428306,248.72454921824044,2.239445629129522,beer_bottle_3
afar,0,1154,33,112,103,4,48999,45395,3604,599,4,0,0.5982704162597656,0.5529894232749939,0.6197041273117065,0.050000000745058,0.7918610572814941,32,0,True,0.9196428571428572,0.2946428571428571,437.4910714285714,440.7281553398058,901.0,1484.8181818181818,475.71844660194176,0.6734831323088226,2.102083715994204,3,17,0,8.25,4,1054.0032377428306,248.72454921824044,1.1682991513791194,Band_Aid_0
afar,0,1155,20,109,103,1,48525,46986,1539,599,4,5,0.4945994317531585,0.6270226836204529,0.8448053598403931,0.050000000745058,0.4577073454856872,32,12,False,0.944954128440367,0.1834862385321101,445.1834862385321,456.1747572815534,1539.0,2426.25,471.11650485436894,0.4121586810922205,2.1226172076249354,4,7,1,5.0,4,1054.0032377428306,248.72454921824044,3.721307140978356,Tabasco_sauce_4
afar,0,1156,44,141,126,13,49155,46629,2526,573,4,10,0.7851297855377197,0.5898832678794861,0.884828507900238,0.050000000745058,0.4725847840309143,32,0,True,0.8936170212765957,0.3120567375886525,348.6170212765957,370.07142857142856,194.30769230769232,1117.159090909091,390.1190476190476,0.8951276574102329,2.5633201098565763,4,26,2,11.0,4,1054.0032377428306,248.72454921824044,0.1712682688320603,beer_bottle_0
afar,0,1157,58,112,106,4,49095,48386,709,599,4,29,0.5278000831604004,0.6599520444869995,1.199743390083313,0.050000000745058,0.6009504795074463,32,0,True,0.9464285714285714,0.5178571428571429,438.3482142857143,456.47169811320754,177.25,846.4655172413793,463.16037735849056,1.181383032895407,2.159079335981261,4,17,12,14.5,4,1054.0032377428306,248.72454921824044,-0.5628081060683777,chicken_(animal)_2
afar,0,1158,35,109,105,3,48438,48377,61,596,4,10,0.4887939691543579,0.5101062059402466,0.7154560685157776,0.050000000745058,0.531379222869873,32,0,True,0.963302752293578,0.3211009174311927,444.3853211009175,460.73333333333335,20.33333333333333,1383.942857142857,461.3142857142857,0.7225731863413023,2.1677195590239067,4,18,1,8.75,4,1054.0032377428306,248.72454921824044,0.8947418901141478,beer_bottle_0
afar,0,1159,46,116,110,3,48537,47209,1328,599,4,16,0.5467185974121094,0.6842352747917175,0.757806658744812,0.050000000745058,0.6743553876876831,32,0,True,0.9482758620689656,0.396551724137931,418.4224137931034,429.1727272727273,442.6666666666667,1055.1521739130435,441.24545454545455,0.9477305972763048,2.266312297834641,4,22,2,11.5,4,1054.0032377428306,248.72454921824044,0.0031157256058734,boom_microphone_1
afar,0,1160,37,104,95,3,48813,44579,4234,599,4,11,0.4368253350257873,0.5583911538124084,1.017864465713501,0.050000000745058,0.3808010816574096,32,0,True,0.9134615384615384,0.3557692307692308,469.3557692307692,469.2526315789474,1411.3333333333333,1319.2702702702702,513.8210526315789,0.7579947964681539,1.946202855796612,4,17,3,9.25,4,1054.0032377428306,248.72454921824044,0.7193604893530814,beer_bottle_3
afar,0,1161,54,115,110,5,48721,47406,1315,599,4,6,0.7030316591262817,0.551260769367218,1.031951904296875,0.050000000745058,0.251598984003067,32,0,True,0.9565217391304348,0.4695652173913043,423.6608695652174,430.96363636363634,263.0,902.2407407407408,442.9181818181818,1.1083516348186613,2.257753330186162,4,23,2,13.5,4,1054.0032377428306,248.72454921824044,-0.4115548889309341,aerosol_can_1
afar,0,1162,45,121,120,1,49147,48816,331,529,4,18,0.7718391418457031,0.6229482293128967,0.786636471748352,0.050000000745058,0.5535576939582825,32,0,True,0.9917355371900828,0.371900826446281,406.1735537190083,406.8,331.0,1092.1555555555556,409.5583333333333,0.9156204854823284,2.441654627952876,4,16,4,11.25,4,1054.0032377428306,248.72454921824044,0.1034628002968183,bottle_2
afar,0,1163,35,101,95,2,48505,45311,3194,599,4,3,0.484657734632492,0.6208600997924805,0.6285436153411865,0.050000000745058,0.3178241550922394,32,0,True,0.9405940594059404,0.3465346534653465,480.2475247524753,476.9578947368421,1597.0,1385.857142857143,510.578947368421,0.7215750953509947,1.958560973095557,3,17,0,8.75,4,1054.0032377428306,248.72454921824044,0.89993311759187,Dixie_cup_4
afar,0,1164,66,122,111,8,49696,46034,3662,599,4,19,0.525651216506958,0.6161782741546631,1.085055589675903,0.050000000745058,0.5373685359954834,32,0,True,0.9098360655737704,0.5409836065573771,407.344262295082,414.7207207207208,457.75,752.969696969697,447.7117117117117,1.3280746941403734,2.2335801674179008,4,25,1,16.5,4,1054.0032377428306,248.72454921824044,-0.8163533671672968,bottle_3
afar,0,1165,46,120,115,3,48637,46069,2568,599,4,6,0.7866535186767578,0.5161256194114685,0.7671263813972473,0.050000000745058,0.4333474040031433,32,0,True,0.9583333333333334,0.3833333333333333,405.3083333333333,400.6,856.0,1057.3260869565215,422.9304347826087,0.9457820178053744,2.3644550445134365,4,24,1,11.5,4,1054.0032377428306,248.72454921824044,0.0090110196266477,aerosol_can_1
afar,0,1166,43,101,99,1,48564,47940,624,599,4,28,0.4553211629390716,0.5980460047721863,0.8280619382858276,0.050000000745058,0.7615057229995728,32,0,True,0.9801980198019802,0.4257425742574257,480.8316831683168,484.24242424242425,624.0,1129.3953488372092,490.54545454545456,0.8854295362820196,2.038547071905115,4,20,1,10.75,4,1054.0032377428306,248.72454921824044,0.2044509844041928,chalice_4
afar,0,1167,54,121,92,28,49463,39578,9885,599,4,2,0.654167890548706,0.5778013467788696,0.837556004524231,0.050000000745058,0.5679665207862854,32,0,True,0.7603305785123967,0.4462809917355372,408.7851239669421,430.19565217391306,353.0357142857143,915.9814814814816,537.6413043478261,1.09172512787336,1.8599761437842428,4,25,7,13.5,4,1054.0032377428306,248.72454921824044,-0.3742922638351804,Dixie_cup_3
afar,0,1168,50,103,99,0,48494,47254,1240,599,4,25,0.4370469748973846,0.6323875784873962,0.684707760810852,0.050000000745058,0.7678219079971313,32,0,True,0.9611650485436892,0.4854368932038835,470.8155339805825,477.3131313131313,,969.88,489.83838383838383,1.0310553882954592,2.041489668825009,4,19,5,12.5,4,1054.0032377428306,248.72454921824044,-0.2281283614178044,canister_2
afar,0,1169,69,92,86,5,48929,45335,3594,599,4,1,0.4219909012317657,0.6181250810623169,0.7515079975128174,0.050000000745058,0.551301121711731,32,0,True,0.9347826086956522,0.75,531.8369565217391,527.1511627906976,718.8,709.1159420289855,568.9418604651163,1.4102066259273642,1.757648838112367,4,20,13,17.25,4,1054.0032377428306,248.72454921824044,-0.9352775256409176,Dixie_cup_0
afar,0,1170,66,134,121,9,49802,48432,1370,599,4,12,0.6003026366233826,0.5345053672790527,0.6957595348358154,0.050000000745058,0.4350124001502991,32,0,True,0.9029850746268656,0.4925373134328358,371.6567164179105,400.26446280991735,152.22222222222223,754.5757575757576,411.58677685950414,1.3252479820087546,2.429621300349384,4,28,12,16.5,4,1054.0032377428306,248.72454921824044,-0.811997995402858,beer_can_1
afar,0,1171,55,116,110,4,49027,47530,1497,599,4,5,0.4858524799346924,0.6182498931884766,1.187307834625244,0.050000000745058,0.2975422739982605,32,0,True,0.9482758620689656,0.4741379310344827,422.6465517241379,432.09090909090907,374.25,891.4,445.7,1.121830827911151,2.243661655822302,3,27,0,13.75,4,1054.0032377428306,248.72454921824044,-0.4409531918029749,Tabasco_sauce_4
afar,0,1172,39,128,123,3,49427,47922,1505,599,4,9,0.7083171606063843,0.699248194694519,1.1303369998931885,0.050000000745058,0.5783683657646179,32,0,True,0.9609375,0.3046875,386.1484375,389.609756097561,501.6666666666667,1267.3589743589744,401.8455284552846,0.7890424262043013,2.4885184211058733,4,17,4,9.75,4,1054.0032377428306,248.72454921824044,0.5785856072506866,bear_0
afar,0,1173,34,114,112,0,49088,48472,616,599,4,20,0.5381388664245605,0.53962641954422,0.8153067231178284,0.050000000745058,0.2888967990875244,32,0,True,0.9824561403508772,0.2982456140350877,430.5964912280702,432.7857142857143,,1443.764705882353,438.2857142857143,0.6926336375488917,2.2816166883963493,3,22,0,8.5,4,1054.0032377428306,248.72454921824044,1.0569688882195318,can_1
afar,0,1174,35,103,102,1,49511,48912,599,599,4,14,0.6019705533981323,0.599906861782074,1.1345378160476685,0.050000000745058,0.4634932279586792,32,0,True,0.9902912621359224,0.3398058252427184,480.68932038834953,479.52941176470586,599.0,1414.6,485.4019607843137,0.7069136151562279,2.060148249883864,4,17,1,8.75,4,1054.0032377428306,248.72454921824044,0.9778790107648276,beret_2
afar,0,1175,39,100,92,5,48743,45872,2871,599,4,21,0.4955843389034271,0.5071466565132141,0.9758152961730956,0.050000000745058,0.4924567341804504,32,0,True,0.92,0.39,487.43,498.60869565217394,574.2,1249.820512820513,529.8152173913044,0.8001148882916521,1.887450505713641,4,19,1,9.75,4,1054.0032377428306,248.72454921824044,0.5310241890277014,candle_holder_4
afar,0,1176,37,109,97,9,49119,45038,4081,599,4,2,0.6821869611740112,0.6452439427375793,0.7718062996864319,0.050000000745058,0.2689193487167358,32,0,True,0.8899082568807339,0.3394495412844037,450.6330275229358,464.30927835051546,453.44444444444446,1327.5405405405406,506.3814432989691,0.7532726643457726,1.974795903825404,3,25,0,9.25,4,1054.0032377428306,248.72454921824044,0.7417880997953574,Dixie_cup_3
afar,0,1177,58,133,131,2,49505,49201,304,555,4,14,0.7853045463562012,0.5293551683425903,1.1346333026885986,0.050000000745058,0.4691401124000549,32,0,True,0.9849624060150376,0.4360902255639097,372.218045112782,375.5801526717557,152.0,853.5344827586207,377.90076335877865,1.1715988284011716,2.646197353802646,4,25,4,14.5,4,1054.0032377428306,248.72454921824044,-0.5436382362008252,beret_2
afar,0,1178,30,102,95,1,48613,46276,2337,599,4,31,0.569934070110321,0.5188480019569397,0.6973174810409546,0.050000000745058,0.340928703546524,32,2,False,0.931372549019608,0.2941176470588235,476.5980392156863,487.1157894736842,2337.0,1620.4333333333334,511.7157894736842,0.6171188776664678,1.954209779277148,3,18,0,7.5,4,1054.0032377428306,248.72454921824044,1.5360650996318124,cider_0
afar,0,1179,40,107,94,2,49140,43354,5786,599,4,12,0.4765579104423523,0.5203413963317871,0.8813709616661072,0.050000000745058,0.6574867963790894,32,0,True,0.8785046728971962,0.3738317757009345,459.25233644859816,461.2127659574468,2893.0,1228.5,522.7659574468086,0.814000814000814,1.912901912901913,4,21,1,10.0,4,1054.0032377428306,248.72454921824044,0.4732064708224195,beer_can_1
afar,0,1180,29,110,106,0,48774,48401,373,548,4,3,0.4049352407455444,0.6525219678878784,1.1844813823699951,0.050000000745058,0.2555814087390899,32,3,False,0.9636363636363636,0.2636363636363636,443.4,456.6132075471698,,1681.8620689655172,460.1320754716981,0.5945790790175093,2.1732890474433098,4,17,1,7.25,4,1054.0032377428306,248.72454921824044,1.7026497102548377,Dixie_cup_4
afar,0,1181,53,154,122,18,48911,43444,5467,599,4,29,0.7916526794433594,0.6862406134605408,1.0641191005706787,0.050000000745058,0.7951604723930359,32,0,True,0.7922077922077922,0.3441558441558441,317.6038961038961,356.0983606557377,303.72222222222223,922.8490566037736,400.90983606557376,1.0836008259900636,2.4943264296375047,4,19,4,13.25,4,1054.0032377428306,248.72454921824044,-0.3556685315395737,chicken_(animal)_2
afar,0,1182,26,126,121,1,49205,47096,2109,599,4,29,0.6842953562736511,0.6271043419837952,1.1745586395263672,0.050000000745058,0.673485279083252,32,6,False,0.9603174603174603,0.2063492063492063,390.515873015873,389.22314049586777,2109.0,1892.5,406.6528925619835,0.5284015852047557,2.4590996849913624,4,11,3,6.5,4,1054.0032377428306,248.72454921824044,2.273865076527735,chicken_(animal)_2
afar,0,1183,31,132,98,24,48871,38491,10380,599,4,2,0.682597279548645,0.5374428629875183,1.0289663076400757,0.050000000745058,0.4325515627861023,32,1,False,0.7424242424242424,0.2348484848484848,370.2348484848485,392.765306122449,432.5,1576.483870967742,498.68367346938777,0.6343230136481758,2.0052792044361687,4,16,3,7.75,4,1054.0032377428306,248.72454921824044,1.416881398389758,Dixie_cup_3
afar,0,1184,12,104,93,3,48767,43572,5195,599,4,2,0.6340508460998535,0.5376307964324951,0.6369774341583252,0.050000000745058,0.5595172643661499,32,20,False,0.8942307692307693,0.1153846153846153,468.9134615384616,468.5161290322581,1731.6666666666667,4063.9166666666665,524.3763440860215,0.2460680378124551,1.9070272930465275,3,9,0,3.0,4,1054.0032377428306,248.72454921824044,8.162389334668223,Dixie_cup_3
afar,0,1185,64,120,119,1,48827,48228,599,599,4,18,0.7003569602966309,0.5222023129463196,0.8000432252883911,0.050000000745058,0.5851233005523682,32,0,True,0.9916666666666668,0.5333333333333333,406.89166666666665,405.2773109243698,599.0,762.921875,410.3109243697479,1.3107501996846007,2.4371761525385547,4,29,4,16.0,4,1054.0032377428306,248.72454921824044,-0.7893646999748622,bottle_2
afar,0,1186,73,113,112,0,49501,48902,599,599,4,30,0.6710220575332642,0.5494494438171387,0.8198474645614624,0.050000000745058,0.3599514365196228,32,0,True,0.991150442477876,0.6460176991150443,438.0619469026549,436.625,,678.0958904109589,441.9732142857143,1.4747176824710613,2.262580553928204,4,29,14,18.25,4,1054.0032377428306,248.72454921824044,-1.019398795061735,chocolate_milk_4
afar,0,1187,39,120,116,3,49240,47163,2077,599,4,29,0.697655200958252,0.6451594829559326,0.6622791290283203,0.050000000745058,0.7452102303504944,32,0,True,0.9666666666666668,0.325,410.3333333333333,406.57758620689657,692.3333333333334,1262.5641025641023,424.4827586206897,0.7920389926888708,2.355808285946385,4,17,3,9.75,4,1054.0032377428306,248.72454921824044,0.5655827049002505,chicken_(animal)_2
afar,0,1188,56,123,122,0,49240,48641,599,599,4,8,0.7250831127166748,0.6976835131645203,1.1561501026153564,0.050000000745058,0.7094857096672058,32,0,True,0.991869918699187,0.4552845528455284,400.3252032520325,398.6967213114754,,879.2857142857143,403.6065573770492,1.1372867587327375,2.47766043866775,4,23,2,14.0,4,1054.0032377428306,248.72454921824044,-0.4738051388261698,bandage_4
afar,0,1189,61,126,114,6,48914,46251,2663,599,4,31,0.6283600330352783,0.5886355638504028,0.7481284737586975,0.050000000745058,0.4747199416160583,32,0,True,0.9047619047619048,0.4841269841269841,388.2063492063492,405.7105263157895,443.8333333333333,801.8688524590164,429.0701754385965,1.2470867236374044,2.330621090076461,4,24,6,15.25,4,1054.0032377428306,248.72454921824044,-0.6837469136378311,cider_0
afar,0,1190,46,121,118,0,48440,47759,681,599,4,15,0.7722676396369934,0.5038410425186157,0.6129783987998962,0.050000000745058,0.6558849811553955,32,0,True,0.975206611570248,0.3801652892561983,400.3305785123967,404.7372881355933,,1053.0434782608695,410.5084745762712,0.9496284062758052,2.436003303055326,4,18,5,11.5,4,1054.0032377428306,248.72454921824044,-0.0026027095942779,bolt_1
afar,0,1191,34,108,99,0,48225,44239,3986,599,4,21,0.7243640422821045,0.5611980557441711,1.0986682176589966,0.050000000745058,0.7418302893638611,32,0,True,0.9166666666666666,0.3148148148148148,446.52777777777777,446.85858585858585,,1418.3823529411766,487.1212121212121,0.705028512182478,2.052877138413686,4,12,3,8.5,4,1054.0032377428306,248.72454921824044,0.9881361287969732,candle_holder_4
afar,0,1192,60,109,108,0,48558,47959,599,599,4,30,0.5938776135444641,0.5320864319801331,0.6861432194709778,0.050000000745058,0.4824435710906982,32,0,True,0.9908256880733946,0.5504587155963303,445.48623853211006,444.0648148148149,,809.3,449.6111111111111,1.2356357345854443,2.2241443222537995,4,25,6,15.0,4,1054.0032377428306,248.72454921824044,-0.6635948657915389,chocolate_milk_4
afar,0,1193,50,106,104,2,49362,48746,616,599,4,15,0.51067054271698,0.5985584855079651,0.789401650428772,0.050000000745058,0.6298405528068542,32,0,True,0.981132075471698,0.4716981132075472,465.6792452830189,468.71153846153845,308.0,987.24,474.63461538461536,1.012924922004781,2.1068838377699444,4,24,2,12.5,4,1054.0032377428306,248.72454921824044,-0.1810509014855088,bolt_1
afar,0,1194,76,122,119,3,49490,48053,1437,599,4,30,0.6132581233978271,0.6589646339416504,0.7627755403518677,0.050000000745058,0.6849485635757446,32,0,True,0.9754098360655736,0.6229508196721312,405.655737704918,403.8067226890756,479.0,651.1842105263158,415.88235294117646,1.5356637704586784,2.4045261669024045,4,27,7,19.0,4,1054.0032377428306,248.72454921824044,-1.0923788371976824,chocolate_milk_4
afar,0,1195,50,109,105,0,48526,46697,1829,599,4,30,0.7557623386383057,0.5623840689659119,0.989117443561554,0.050000000745058,0.4689218997955322,32,0,True,0.963302752293578,0.4587155963302752,445.1926605504587,444.73333333333335,,970.52,462.15238095238095,1.0303754688208384,2.1637884845237605,4,18,3,12.5,4,1054.0032377428306,248.72454921824044,-0.2263927868580885,chocolate_milk_4
afar,0,1196,50,122,112,4,48695,46334,2361,599,4,5,0.726695716381073,0.5465800166130066,1.1901676654815674,0.050000000745058,0.2841513454914093,32,0,True,0.918032786885246,0.4098360655737705,399.1393442622951,413.69642857142856,590.25,973.9,434.7767857142857,1.0267994660642776,2.300030803983982,4,26,3,12.5,4,1054.0032377428306,248.72454921824044,-0.2172267837145886,Tabasco_sauce_4
afar,0,1197,45,117,111,3,49297,47445,1852,599,4,1,0.5189551115036011,0.6240127682685852,0.6152365803718567,0.050000000745058,0.2895849943161011,32,0,True,0.9487179487179488,0.3846153846153846,421.3418803418804,427.4324324324325,617.3333333333334,1095.4888888888888,444.1171171171171,0.9128344524007546,2.251658315921861,3,21,0,11.25,4,1054.0032377428306,248.72454921824044,0.1125022511286721,Dixie_cup_0
afar,0,1198,48,115,104,11,49213,45095,4118,599,4,17,0.5582457184791565,0.6662137508392334,0.6148090958595276,0.050000000745058,0.5010897517204285,32,0,True,0.9043478260869564,0.417391304347826,427.9391304347826,433.6057692307692,374.3636363636364,1025.2708333333333,473.2019230769231,0.9753520411273444,2.1132627557759127,4,18,1,12.0,4,1054.0032377428306,248.72454921824044,-0.0779175470821788,bottle_0
afar,0,1199,41,124,121,1,48654,48118,536,561,4,6,0.679408073425293,0.5038475394248962,0.9737906455993652,0.050000000745058,0.2860316634178161,32,0,True,0.9758064516129032,0.3306451612903225,392.3709677419355,397.6694214876033,536.0,1186.6829268292684,402.099173553719,0.8426850824187118,2.4869486578698567,4,20,3,10.25,4,1054.0032377428306,248.72454921824044,0.3598054577647587,aerosol_can_1
afar,0,1200,55,117,116,1,48675,48076,599,599,4,8,0.6753562092781067,0.6401669979095459,1.1850471496582031,0.050000000745058,0.7159063816070557,32,0,True,0.9914529914529916,0.4700854700854701,416.02564102564105,414.44827586206895,599.0,885.0,419.61206896551727,1.1299435028248588,2.3831535695942474,4,21,6,13.75,4,1054.0032377428306,248.72454921824044,-0.4583089374001345,bandage_4
afar,0,1201,47,127,118,5,49283,46371,2912,599,4,7,0.7904481887817383,0.6490371227264404,0.6618121266365051,0.050000000745058,0.3659089207649231,32,0,True,0.9291338582677166,0.3700787401574803,388.0551181102362,392.9745762711864,582.4,1048.5744680851064,417.6525423728813,0.9536757096767648,2.394334760465069,4,25,1,11.75,4,1054.0032377428306,248.72454921824044,-0.0147219289195375,atomizer_0
afar,0,1202,46,126,124,1,48794,47930,864,599,4,23,0.6971174478530884,0.5878677368164062,1.073265552520752,0.050000000745058,0.7521159052848816,32,0,True,0.984126984126984,0.365079365079365,387.25396825396825,386.53225806451616,864.0,1060.7391304347825,393.5,0.94273886133541,2.541296060991105,4,23,1,11.5,4,1054.0032377428306,248.72454921824044,0.0182666312392631,canister_0
afar,0,1203,65,117,114,1,49239,47490,1749,599,4,15,0.6637172102928162,0.5274094939231873,0.8561497926712036,0.050000000745058,0.2809773087501526,32,0,True,0.9743589743589745,0.5555555555555556,420.84615384615387,416.578947368421,1749.0,757.5230769230769,431.92105263157896,1.3200917971526636,2.315237921160056,4,29,1,16.25,4,1054.0032377428306,248.72454921824044,-0.8040053509050985,bolt_1
afar,0,1204,41,126,115,2,49151,47411,1740,599,4,11,0.6462237238883972,0.6403710842132568,1.1691951751708984,0.050000000745058,0.3804590106010437,32,0,True,0.9126984126984128,0.3253968253968254,390.0873015873016,412.2695652173913,870.0,1198.8048780487804,427.4,0.8341641065288601,2.339728591483388,4,25,2,10.25,4,1054.0032377428306,248.72454921824044,0.3926781923752323,beer_bottle_3
afar,0,1205,55,108,106,2,48617,47536,1081,599,4,17,0.4120402932167053,0.6895382404327393,1.1063940525054932,0.050000000745058,0.7060796618461609,32,0,True,0.9814814814814816,0.5092592592592593,450.1574074074074,448.4528301886792,540.5,883.9454545454546,458.6509433962264,1.1312915235411485,2.1803072999156674,4,23,2,13.75,4,1054.0032377428306,248.72454921824044,-0.46116869093603,bottle_0
afar,0,1206,56,123,114,6,49279,47310,1969,599,4,13,0.5263164639472961,0.6545521020889282,1.152019739151001,0.050000000745058,0.4637660980224609,32,0,True,0.926829268292683,0.4552845528455284,400.6422764227642,415.0,328.1666666666667,879.9821428571429,432.2719298245614,1.136386696158607,2.313358631465736,4,20,4,14.0,4,1054.0032377428306,248.72454921824044,-0.4719165392773717,beer_can_4
afar,0,1207,64,110,103,6,48908,45431,3477,599,4,30,0.6211672425270081,0.5159115195274353,0.9814898371696472,0.050000000745058,0.6881340146064758,32,0,True,0.9363636363636364,0.5818181818181818,444.6181818181818,441.0776699029127,579.5,764.1875,474.8349514563107,1.308579373517625,2.105994929254928,4,21,9,16.0,4,1054.0032377428306,248.72454921824044,-0.7859325334871428,chocolate_milk_4
afar,0,1208,35,107,103,3,48256,48197,59,581,4,10,0.4608674943447113,0.6055475473403931,0.6995126605033875,0.050000000745058,0.6310434341430664,32,0,True,0.9626168224299064,0.3271028037383177,450.9906542056075,467.9320388349514,19.666666666666668,1378.7428571428572,468.50485436893206,0.7252984084880637,2.134449602122016,4,20,5,8.75,4,1054.0032377428306,248.72454921824044,0.8806403468164561,beer_bottle_0
afar,0,1209,52,98,88,1,48716,43886,4830,599,4,0,0.424766480922699,0.5421040654182434,0.7605195641517639,0.050000000745058,0.6792675852775574,32,0,True,0.8979591836734694,0.5306122448979592,497.1020408163265,498.70454545454544,4830.0,936.8461538461538,553.5909090909091,1.0674111174973315,1.806388044995484,4,24,5,13.0,4,1054.0032377428306,248.72454921824044,-0.3177107098462209,Band_Aid_0
afar,0,1210,66,125,124,1,49484,49290,194,597,4,18,0.7349566221237183,0.5353058576583862,1.1934857368469238,0.050000000745058,0.376836895942688,32,0,True,0.992,0.528,395.872,397.5,194.0,749.7575757575758,399.06451612903226,1.3337644491148657,2.5058604801552016,4,23,3,16.5,4,1054.0032377428306,248.72454921824044,-0.8250641106961744,bottle_2
afar,0,1211,40,125,101,12,48863,41986,6877,599,4,12,0.6680212020874023,0.6524696350097656,0.7210361957550049,0.050000000745058,0.6572251915931702,32,0,True,0.808,0.32,390.904,415.7029702970297,573.0833333333334,1221.575,483.7920792079208,0.8186153121994146,2.067003663303522,3,17,0,10.0,4,1054.0032377428306,248.72454921824044,0.454427011719243,beer_can_1
afar,0,1212,29,92,83,1,48751,43512,5239,599,4,7,0.4386068284511566,0.6459890604019165,1.0506045818328855,0.050000000745058,0.2473007589578628,32,3,False,0.9021739130434784,0.3152173913043478,529.9021739130435,524.2409638554217,5239.0,1681.0689655172414,587.3614457831326,0.5948595926237411,1.702529178888638,4,9,4,7.25,4,1054.0032377428306,248.72454921824044,1.7004989443672582,atomizer_0
afar,0,1213,54,127,124,1,48715,48327,388,591,4,20,0.6118704080581665,0.6876869797706604,1.0303316116333008,0.050000000745058,0.2931012511253357,32,0,True,0.9763779527559056,0.4251968503937008,383.5826771653543,389.733870967742,388.0,902.1296296296296,392.86290322580646,1.1084881453351123,2.5454172226213694,4,17,7,13.5,4,1054.0032377428306,248.72454921824044,-0.4118562039586625,can_1
afar,0,1214,26,107,103,1,49335,47342,1993,599,4,24,0.7177845239639282,0.5028271079063416,1.1432931423187256,0.050000000745058,0.4193875789642334,32,6,False,0.9626168224299064,0.2429906542056074,461.0747663551402,459.63106796116506,1993.0,1897.5,478.9805825242718,0.5270092226613966,2.0877673051586094,4,17,1,6.5,4,1054.0032377428306,248.72454921824044,2.287424252775516,canister_1
afar,0,1215,59,130,113,13,49338,43930,5408,599,4,17,0.7152149677276611,0.5456174612045288,0.9143046140670776,0.050000000745058,0.370547354221344,32,0,True,0.8692307692307693,0.4538461538461538,379.5230769230769,388.76106194690266,416.0,836.2372881355932,436.6194690265487,1.1958328266245084,2.290323888280838,4,24,3,14.75,4,1054.0032377428306,248.72454921824044,-0.5905453782979851,bottle_0
afar,0,1216,36,131,109,16,49927,44216,5711,599,4,31,0.7826417684555054,0.6758025288581848,0.782787024974823,0.050000000745058,0.7177284955978394,32,0,True,0.8320610687022901,0.2748091603053435,381.12213740458014,405.651376146789,356.9375,1386.861111111111,458.045871559633,0.7210527369960141,2.1831874536823763,4,20,2,9.0,4,1054.0032377428306,248.72454921824044,0.9026557140924164,cider_0
afar,0,1217,74,109,107,1,48595,47679,916,599,4,4,0.5209193825721741,0.5430541038513184,0.9253733158111572,0.050000000745058,0.2806124091148376,32,0,True,0.981651376146789,0.6788990825688074,445.8256880733945,445.5981308411215,916.0,656.6891891891892,454.1588785046729,1.5227904105360637,2.201872620639984,4,24,12,18.5,4,1054.0032377428306,248.72454921824044,-1.077450242011648,Tabasco_sauce_2
afar,0,1218,32,125,122,2,49527,48304,1223,599,4,18,0.6890543699264526,0.6202388405799866,1.0690205097198486,0.050000000745058,0.3393358290195465,32,0,True,0.976,0.256,396.216,395.9344262295082,611.5,1547.71875,405.9590163934426,0.6461122216164921,2.463302844912876,4,10,7,8.0,4,1054.0032377428306,248.72454921824044,1.3388751293916872,bottle_2
afar,0,1219,24,102,93,2,49054,44240,4814,599,4,18,0.4377635419368744,0.6763250231742859,0.7838773727416992,0.050000000745058,0.5175483226776123,32,8,False,0.9117647058823528,0.2352941176470588,480.921568627451,475.6989247311828,2407.0,2043.9166666666667,527.4623655913979,0.489256737472989,1.895869857707832,4,19,1,6.0,4,1054.0032377428306,248.72454921824044,2.684482130564703,bottle_2
afar,0,1220,43,106,101,5,48806,48139,667,599,4,19,0.5753300786018372,0.6823883056640625,0.9075596332550048,0.050000000745058,0.2041882872581482,32,0,True,0.9528301886792452,0.4056603773584906,460.4339622641509,476.6237623762376,133.4,1135.0232558139537,483.2277227722772,0.8810392164897759,2.0694176945457525,3,21,0,10.75,4,1054.0032377428306,248.72454921824044,0.2197129409249512,bottle_3
afar,0,1221,73,103,99,3,49360,48119,1241,599,4,16,0.4728009104728699,0.6251336932182312,0.9718291759490968,0.050000000745058,0.2023716121912002,32,0,True,0.9611650485436892,0.7087378640776699,479.22330097087377,486.050505050505,413.6666666666667,676.1643835616438,498.5858585858586,1.4789303079416531,2.005672609400324,4,22,15,18.25,4,1054.0032377428306,248.72454921824044,-1.0246367234204667,boom_microphone_1
afar,0,1222,46,109,104,2,48264,46972,1292,599,4,20,0.5619168281555176,0.5482202768325806,0.7476803660392761,0.050000000745058,0.6769333481788635,32,0,True,0.9541284403669724,0.4220183486238532,442.7889908256881,451.6538461538461,646.0,1049.2173913043478,464.0769230769231,0.9530913310127632,2.1548151831592905,4,23,1,11.5,4,1054.0032377428306,248.72454921824044,-0.0129784270708407,can_1
afar,0,1223,44,118,115,2,48810,47147,1663,599,4,30,0.7138566970825195,0.6114579439163208,0.6235001683235168,0.050000000745058,0.4680235385894775,32,0,True,0.9745762711864406,0.3728813559322034,413.64406779661016,409.9739130434783,831.5,1109.3181818181818,424.4347826086956,0.9014546199549271,2.356074574882196,4,17,6,11.0,4,1054.0032377428306,248.72454921824044,0.150005015170767,chocolate_milk_4
afar,0,1224,40,140,121,13,48993,45087,3906,577,4,31,0.6997050046920776,0.5998955965042114,0.8997928500175476,0.050000000745058,0.2180562764406204,32,0,True,0.8642857142857143,0.2857142857142857,349.95,372.6198347107438,300.46153846153845,1224.825,404.900826446281,0.816443165350152,2.46974057518421,3,23,0,10.0,4,1054.0032377428306,248.72454921824044,0.4632404762803006,cider_0
afar,0,1225,54,111,107,3,49189,47602,1587,599,4,4,0.4947970807552337,0.615527331829071,0.9726294875144958,0.050000000745058,0.2344546616077423,32,0,True,0.963963963963964,0.4864864864864865,443.14414414414415,444.8785046728972,529.0,910.9074074074074,459.7102803738318,1.097806420134583,2.175283091748155,4,16,8,13.5,4,1054.0032377428306,248.72454921824044,-0.3880523167681138,Tabasco_sauce_2
afar,0,1226,73,110,108,1,48139,47340,799,599,4,23,0.5504063367843628,0.5884743928909302,0.7002105712890625,0.050000000745058,0.7963140606880188,32,0,True,0.9818181818181818,0.6636363636363637,437.6272727272727,438.3333333333333,799.0,659.4383561643835,445.7314814814815,1.5164419701281706,2.243503188682773,4,25,6,18.25,4,1054.0032377428306,248.72454921824044,-1.0699949541013998,canister_0
afar,0,1227,51,123,103,15,48835,44319,4516,599,4,12,0.5599889755249023,0.6920682191848755,1.0954114198684692,0.050000000745058,0.3720402717590332,32,0,True,0.8373983739837398,0.4146341463414634,397.0325203252033,430.28155339805824,301.06666666666666,957.5490196078432,474.126213592233,1.0443329579195249,2.109143032661001,4,23,5,12.75,4,1054.0032377428306,248.72454921824044,-0.2615679487068418,beer_can_1
afar,0,1228,49,115,108,0,49407,49240,167,553,4,29,0.523914635181427,0.6674899458885193,0.9991384148597716,0.050000000745058,0.6842417120933533,32,0,True,0.9391304347826088,0.4260869565217391,429.62608695652176,455.9259259259259,,1008.3061224489796,457.47222222222223,0.991762300888538,2.185925071346165,4,19,6,12.25,4,1054.0032377428306,248.72454921824044,-0.1239230480568987,chicken_(animal)_2
afar,0,1229,30,104,102,1,48769,47571,1198,599,4,9,0.4904411137104034,0.6930511593818665,1.143486261367798,0.050000000745058,0.3480812311172485,32,2,False,0.9807692307692308,0.2884615384615384,468.9326923076923,466.38235294117646,1198.0,1625.6333333333334,478.12745098039215,0.6151448666160881,2.0914925464946994,4,16,1,7.5,4,1054.0032377428306,248.72454921824044,1.550166642929505,bear_0
afar,0,1230,39,138,105,24,49477,41409,8068,582,4,2,0.7468596696853638,0.5120198130607605,0.8115778565406799,0.050000000745058,0.2414241135120391,32,0,True,0.7608695652173914,0.2826086956521739,358.5289855072464,394.37142857142857,336.1666666666667,1268.6410256410256,471.20952380952383,0.7882450431513632,2.122198193099824,4,14,2,9.75,4,1054.0032377428306,248.72454921824044,0.5820623191090921,Dixie_cup_3
afar,0,1231,47,134,126,0,49524,48977,547,549,4,20,0.7382458448410034,0.5457373857498169,0.8891150951385498,0.050000000745058,0.3840444982051849,32,0,True,0.9402985074626866,0.3507462686567164,369.5820895522388,388.7063492063492,,1053.7021276595744,393.04761904761904,0.9490348114045716,2.544220983765447,4,20,4,11.75,4,1054.0032377428306,248.72454921824044,-0.0008165609377708,can_1
afar,0,1232,40,118,110,5,48959,46569,2390,599,4,9,0.7669655084609985,0.631741464138031,0.7020670175552368,0.050000000745058,0.661281406879425,32,0,True,0.9322033898305084,0.3389830508474576,414.90677966101697,423.3545454545455,478.0,1223.975,445.08181818181816,0.8170101513511305,2.246777916215609,3,20,0,10.0,4,1054.0032377428306,248.72454921824044,0.4609354163181775,bear_0
afar,0,1233,60,110,107,2,48481,47320,1161,599,4,6,0.4901776909828186,0.6836788654327393,1.0978257656097412,0.050000000745058,0.3152510225772857,32,0,True,0.9727272727272728,0.5454545454545454,440.7363636363637,442.2429906542056,580.5,808.0166666666667,453.0934579439252,1.2375982343598524,2.2070501846084034,4,26,5,15.0,4,1054.0032377428306,248.72454921824044,-0.6670750543618026,aerosol_can_1
afar,0,1234,77,134,129,3,49432,47613,1819,599,4,18,0.7464572191238403,0.5468498468399048,0.723649263381958,0.050000000745058,0.6583420038223267,32,0,True,0.9626865671641792,0.5746268656716418,368.8955223880597,369.09302325581393,606.3333333333334,641.974025974026,383.1937984496124,1.557695419970869,2.60964557371743,4,30,12,19.25,4,1054.0032377428306,248.72454921824044,-1.1173553403215,bottle_2
afar,0,1235,35,114,112,0,48827,47857,970,599,4,8,0.5393537878990173,0.6111403107643127,0.8784441947937012,0.050000000745058,0.508887767791748,32,0,True,0.9824561403508772,0.3070175438596491,428.3070175438597,427.2946428571428,,1395.057142857143,435.9553571428572,0.716816515452516,2.2938128494480514,4,17,1,8.75,4,1054.0032377428306,248.72454921824044,0.9248820018877872,bandage_4
afar,0,1236,68,110,107,3,48703,48637,66,582,4,19,0.5530116558074951,0.5665781497955322,0.6120795011520386,0.050000000745058,0.7369492650032043,32,0,True,0.9727272727272728,0.6181818181818182,442.7545454545455,454.5514018691589,22.0,716.2205882352941,455.1682242990654,1.3962178921216353,2.196989918485514,4,24,10,17.0,4,1054.0032377428306,248.72454921824044,-0.916010895623024,bottle_3
afar,0,1237,60,109,104,2,48997,48317,680,599,4,29,0.54615318775177,0.6109453439712524,0.8407930135726929,0.050000000745058,0.552831768989563,32,0,True,0.9541284403669724,0.5504587155963303,449.51376146788994,464.58653846153845,340.0,816.6166666666667,471.125,1.224564769271588,2.122578933404086,4,20,8,15.0,4,1054.0032377428306,248.72454921824044,-0.6437532712156192,chicken_(animal)_2
afar,0,1238,49,113,110,0,48593,46796,1797,599,4,14,0.59027498960495,0.6170552372932434,0.9655895233154296,0.050000000745058,0.5308162569999695,32,0,True,0.9734513274336284,0.4336283185840708,430.0265486725664,425.4181818181818,,991.6938775510204,441.7545454545455,1.0083756919720948,2.26370053299858,4,27,1,12.25,4,1054.0032377428306,248.72454921824044,-0.1689727193454447,beret_2
afar,0,1239,26,94,78,1,49236,39652,9584,599,4,11,0.5124202966690063,0.5450551509857178,0.8738089799880981,0.050000000745058,0.4879427552223205,32,6,False,0.8297872340425532,0.2765957446808511,523.7872340425532,508.3589743589744,9584.0,1893.692307692308,631.2307692307693,0.5280688926801528,1.5842066780404582,2,24,0,6.5,4,1054.0032377428306,248.72454921824044,2.277098418556052,beer_bottle_3
afar,0,1240,29,107,103,2,48576,46756,1820,599,4,18,0.6273515820503235,0.5918077230453491,0.9080643653869628,0.050000000745058,0.3206250667572021,32,3,False,0.9626168224299064,0.2710280373831775,453.98130841121497,453.94174757281553,910.0,1675.0344827586207,471.6116504854369,0.5970026350461133,2.120388669301713,4,9,5,7.25,4,1054.0032377428306,248.72454921824044,1.6841344213095917,bottle_2
afar,0,1241,65,106,100,5,49165,46960,2205,599,4,31,0.4710922539234161,0.6089046597480774,0.8767849206924438,0.050000000745058,0.254776656627655,32,0,True,0.9433962264150944,0.6132075471698113,463.8207547169811,469.6,441.0,756.3846153846154,491.65,1.322078714532696,2.0339672531272246,4,26,6,16.25,4,1054.0032377428306,248.72454921824044,-0.8070926710353626,cider_0
afar,0,1242,51,121,115,2,49593,48005,1588,599,4,15,0.6822576522827148,0.6349194645881653,0.6085237860679626,0.050000000745058,0.6970871686935425,32,0,True,0.950413223140496,0.4214876033057851,409.8595041322314,417.4347826086956,794.0,972.4117647058824,431.2434782608696,1.0283709394470997,2.318875647772871,4,24,2,12.75,4,1054.0032377428306,248.72454921824044,-0.2212626326448104,bolt_1
afar,0,1243,79,107,106,1,48964,48365,599,599,4,20,0.4322754442691803,0.581043004989624,0.9521507620811462,0.050000000745058,0.6919646263122559,32,0,True,0.9906542056074766,0.7383177570093458,457.6074766355141,456.2735849056604,599.0,619.7974683544304,461.9245283018868,1.6134302753043053,2.164855812433625,4,26,17,19.75,4,1054.0032377428306,248.72454921824044,-1.1774945109881332,can_1
afar,0,1244,48,116,115,0,49741,49142,599,599,4,30,0.5274953246116638,0.6662622690200806,0.639263927936554,0.050000000745058,0.6541365385055542,32,0,True,0.9913793103448276,0.4137931034482758,428.8017241379311,427.3217391304348,,1036.2708333333333,432.5304347826087,0.9649986932309362,2.3119760358657846,4,23,7,12.0,4,1054.0032377428306,248.72454921824044,-0.0480873593370606,chocolate_milk_4
afar,0,1245,67,113,109,1,48909,47675,1234,599,4,4,0.4603088796138763,0.6527174711227417,0.6791674494743347,0.050000000745058,0.7535066604614258,32,0,True,0.9646017699115044,0.5929203539823009,432.8230088495576,437.3853211009175,1234.0,729.9850746268656,448.70642201834863,1.3698910221022715,2.228628677748472,4,26,6,16.75,4,1054.0032377428306,248.72454921824044,-0.8786838762343239,Tabasco_sauce_2
afar,0,1246,79,123,121,2,49361,48486,875,599,4,14,0.7349138259887695,0.6527783870697021,0.947044849395752,0.050000000745058,0.3881102800369262,32,0,True,0.983739837398374,0.6422764227642277,401.3089430894309,400.7107438016529,437.5,624.8227848101266,407.94214876033055,1.600453799558356,2.451327971475456,4,30,13,19.75,4,1054.0032377428306,248.72454921824044,-1.1638666806834017,beret_2
afar,0,1247,60,130,123,5,48424,46744,1680,599,4,0,0.7374097108840942,0.6805648803710938,1.1580278873443604,0.050000000745058,0.6788738369941711,32,0,True,0.946153846153846,0.4615384615384615,372.4923076923077,380.0325203252033,336.0,807.0666666666667,393.6910569105691,1.2390550140426235,2.540062778787378,4,26,1,15.0,4,1054.0032377428306,248.72454921824044,-0.6696512978488808,Band_Aid_0
afar,0,1248,37,101,99,0,48597,47399,1198,599,4,3,0.4409288167953491,0.6962981224060059,0.8571126461029053,0.050000000745058,0.3270365595817566,32,0,True,0.9801980198019802,0.3663366336633663,481.15841584158414,478.77777777777777,,1313.4324324324325,490.8787878787879,0.7613638701977489,2.037162787826409,3,17,0,9.25,4,1054.0032377428306,248.72454921824044,0.7035292349232402,Dixie_cup_4
afar,0,1249,52,107,104,2,49152,47707,1445,599,4,30,0.4908657073974609,0.5275822281837463,0.8343087434768677,0.050000000745058,0.640686571598053,32,0,True,0.97196261682243,0.4859813084112149,459.3644859813084,458.72115384615387,722.5,945.2307692307692,472.61538461538464,1.0579427083333333,2.1158854166666665,4,26,3,13.0,4,1054.0032377428306,248.72454921824044,-0.2949730142922495,chocolate_milk_4
afar,0,1250,42,146,115,19,48882,41777,7105,545,4,12,0.7789968252182007,0.6516676545143127,0.922118067741394,0.050000000745058,0.6102752685546875,32,0,True,0.7876712328767124,0.2876712328767123,334.8082191780822,363.2782608695652,373.9473684210527,1163.857142857143,425.0608695652174,0.8592119798698907,2.3526042305961297,3,16,0,10.5,4,1054.0032377428306,248.72454921824044,0.297905692190394,beer_can_1
afar,0,1251,44,139,129,4,49325,47134,2191,599,4,24,0.658278226852417,0.6884473562240601,1.0975182056427002,0.050000000745058,0.2653432488441467,32,0,True,0.9280575539568344,0.316546762589928,354.8561151079137,365.37984496124034,547.75,1121.0227272727273,382.3643410852713,0.8920425747592499,2.6153066396350737,4,18,2,11.0,4,1054.0032377428306,248.72454921824044,0.1817458141144363,canister_1
afar,0,1252,35,125,120,2,49141,47690,1451,599,4,18,0.7377151250839233,0.5954419374465942,0.7018579244613647,0.050000000745058,0.5908141732215881,32,0,True,0.96,0.28,393.128,397.4166666666667,725.5,1404.0285714285717,409.5083333333333,0.7122362182291773,2.441952748214322,4,13,3,8.75,4,1054.0032377428306,248.72454921824044,0.9492110381266626,bottle_2
afar,0,1253,23,93,82,1,48249,42237,6012,599,4,11,0.4466686248779297,0.5568543076515198,0.8937109112739563,0.050000000745058,0.4882584810256958,32,9,False,0.8817204301075269,0.2473118279569892,518.8064516129032,515.0853658536586,6012.0,2097.782608695652,588.4024390243902,0.4766938174884453,1.699517088437066,3,10,0,5.75,4,1054.0032377428306,248.72454921824044,2.830557690909456,beer_bottle_3
afar,0,1254,41,119,116,1,49478,47681,1797,599,4,7,0.6902649402618408,0.6992606520652771,0.8669121861457825,0.050000000745058,0.7115336656570435,32,0,True,0.9747899159663864,0.3445378151260504,415.781512605042,411.0431034482759,1797.0,1206.780487804878,426.5344827586207,0.8286511176684587,2.34447633291564,4,24,2,10.25,4,1054.0032377428306,248.72454921824044,0.414306732048522,atomizer_0
afar,0,1255,33,118,109,1,49139,46152,2987,599,4,8,0.7273081541061401,0.6808462142944336,0.710852861404419,0.050000000745058,0.6341015100479126,32,0,True,0.923728813559322,0.2796610169491525,416.4322033898305,423.41284403669727,2987.0,1489.060606060606,450.8165137614679,0.6715643378986141,2.218197358513604,3,25,0,8.25,4,1054.0032377428306,248.72454921824044,1.1798039069832973,bandage_4
afar,0,1256,58,124,121,2,49094,48038,1056,599,4,28,0.5535959005355835,0.634222149848938,1.094492793083191,0.050000000745058,0.5306676626205444,32,0,True,0.9758064516129032,0.4677419354838709,395.9193548387097,397.0082644628099,528.0,846.448275862069,405.73553719008265,1.1814070965902146,2.4646596325416548,4,21,9,14.5,4,1054.0032377428306,248.72454921824044,-0.5628548618485425,chalice_4
afar,0,1257,36,103,95,2,48923,45970,2953,599,4,9,0.5907837748527527,0.5630704760551453,1.1203856468200684,0.050000000745058,0.7999603748321533,32,0,True,0.9223300970873788,0.3495145631067961,474.9805825242718,483.89473684210526,1476.5,1358.9722222222222,514.978947368421,0.7358502136009648,1.9418269525581016,4,23,1,9.0,4,1054.0032377428306,248.72454921824044,0.8270256421325712,bear_0
afar,0,1258,47,109,105,2,49033,47214,1819,599,4,18,0.7458357214927673,0.5570791363716125,1.078456163406372,0.050000000745058,0.3618341088294983,32,0,True,0.963302752293578,0.4311926605504587,449.8440366972477,449.6571428571429,909.5,1043.2553191489362,466.9809523809524,0.9585381273835988,2.1414149654314443,4,18,1,11.75,4,1054.0032377428306,248.72454921824044,-0.0291465845022832,bottle_2
afar,0,1259,36,114,112,0,48323,47324,999,599,4,30,0.6545359492301941,0.5556173324584961,1.0368056297302246,0.050000000745058,0.593015193939209,32,0,True,0.9824561403508772,0.3157894736842105,423.8859649122807,422.5357142857143,,1342.3055555555557,431.4553571428572,0.7449868592595659,2.317736895474205,4,16,1,9.0,4,1054.0032377428306,248.72454921824044,0.7818283879733017,chocolate_milk_4
afar,0,1260,13,111,110,0,48354,47755,599,599,4,4,0.6573865413665771,0.5269700288772583,0.6996942758560181,0.050000000745058,0.2475802451372146,32,19,False,0.990990990990991,0.1171171171171171,435.6216216216216,434.1363636363636,,3719.538461538461,439.58181818181816,0.2688505604500145,2.2748893576539686,3,7,0,3.25,4,1054.0032377428306,248.72454921824044,7.228492378822661,Tabasco_sauce_2
afar,0,1261,33,105,100,1,48384,45964,2420,599,4,14,0.6006083488464355,0.604960024356842,1.0562784671783447,0.050000000745058,0.5114595293998718,32,0,True,0.9523809523809524,0.3142857142857143,460.8,459.64,2420.0,1466.1818181818182,483.84,0.6820436507936508,2.066798941798942,3,14,0,8.25,4,1054.0032377428306,248.72454921824044,1.1177604035464814,beret_2
afar,0,1262,55,109,103,3,48714,46967,1747,599,4,10,0.5165026187896729,0.521184504032135,1.1141860485076904,0.050000000745058,0.5063821077346802,32,0,True,0.944954128440367,0.5045871559633027,446.91743119266056,455.990291262136,582.3333333333334,885.709090909091,472.9514563106796,1.129038879993431,2.1143819025331525,4,18,3,13.75,4,1054.0032377428306,248.72454921824044,-0.4563859996777218,beer_bottle_0
afar,0,1263,26,102,89,3,48794,45198,3596,599,4,10,0.4775841236114502,0.6063175201416016,0.7786305546760559,0.050000000745058,0.6913142204284668,32,6,False,0.8725490196078431,0.2549019607843137,478.3725490196079,507.8426966292135,1198.6666666666667,1876.692307692308,548.2471910112359,0.5328523998852318,1.8239947534532928,4,19,1,6.5,4,1054.0032377428306,248.72454921824044,2.2309972193135965,beer_bottle_0
afar,0,1264,54,114,106,6,49033,45548,3485,599,4,18,0.7995847463607788,0.6238833069801331,0.6092427372932434,0.050000000745058,0.2561646401882171,32,0,True,0.9298245614035088,0.4736842105263157,430.1140350877193,429.6981132075472,580.8333333333334,908.0185185185184,462.5754716981132,1.1012991250790285,2.161809393673648,3,28,0,13.5,4,1054.0032377428306,248.72454921824044,-0.395886507489054,bottle_2
afar,0,1265,43,116,116,0,49632,49632,0,586,4,20,0.5842003226280212,0.6121477484703064,0.7814939022064209,0.050000000745058,0.374447226524353,32,0,True,1.0,0.3706896551724138,427.86206896551727,427.86206896551727,,1154.2325581395348,427.86206896551727,0.8663765312701482,2.337201805286912,4,27,3,10.75,4,1054.0032377428306,248.72454921824044,0.2718054040908446,can_1
afar,0,1266,47,119,118,0,49504,48905,599,599,4,1,0.7774859666824341,0.637904167175293,1.02450692653656,0.050000000745058,0.2638691067695617,32,0,True,0.9915966386554622,0.3949579831932773,416.0,414.4491525423729,,1053.276595744681,419.5254237288136,0.9494182288299936,2.383645765998707,4,21,2,11.75,4,1054.0032377428306,248.72454921824044,-0.0019705333843903,Dixie_cup_0
afar,0,1267,73,141,117,17,49140,43531,5609,599,4,5,0.7636396884918213,0.6550277471542358,0.6449480652809143,0.050000000745058,0.3290947675704956,32,0,True,0.8297872340425532,0.5177304964539007,348.51063829787233,372.059829059829,329.94117647058823,673.1506849315068,420.0,1.4855514855514855,2.380952380952381,4,22,13,18.25,4,1054.0032377428306,248.72454921824044,-1.0328093775972114,Tabasco_sauce_4
afar,0,1268,72,116,114,0,48850,48229,621,599,4,18,0.495417833328247,0.6305347084999084,0.7426407337188721,0.050000000745058,0.6886954307556152,32,0,True,0.9827586206896552,0.6206896551724138,421.1206896551725,423.061403508772,,678.4722222222222,428.50877192982455,1.473899692937564,2.333674513817809,3,26,0,18.0,4,1054.0032377428306,248.72454921824044,-1.0183782451904215,bottle_2
afar,0,1269,37,121,111,3,49338,45575,3763,599,4,25,0.6135942935943604,0.6559868454933167,0.9538968801498412,0.050000000745058,0.4303821623325348,32,0,True,0.9173553719008264,0.3057851239669421,407.75206611570246,410.5855855855856,1254.3333333333333,1333.4594594594594,444.4864864864865,0.7499290607645223,2.249787182293567,4,11,7,9.25,4,1054.0032377428306,248.72454921824044,0.7578392327589462,canister_2
afar,0,1270,58,119,117,2,49108,48640,468,560,4,30,0.5488424897193909,0.5959872603416443,0.8047484159469604,0.050000000745058,0.2293775677680969,32,0,True,0.9831932773109244,0.4873949579831932,412.672268907563,415.7264957264957,234.0,846.6896551724138,419.7264957264957,1.181070294045777,2.382503869023377,4,23,5,14.5,4,1054.0032377428306,248.72454921824044,-0.5622002809262356,chocolate_milk_4
afar,0,1271,42,123,113,9,49322,47117,2205,599,4,11,0.5963685512542725,0.5998317003250122,0.7228456735610962,0.050000000745058,0.7343795299530029,32,0,True,0.91869918699187,0.3414634146341463,400.9918699186992,416.9646017699115,245.0,1174.3333333333333,436.4778761061947,0.8515469770082317,2.291066866712624,3,21,0,10.5,4,1054.0032377428306,248.72454921824044,0.326315394804792,beer_bottle_3
afar,0,1272,59,129,102,25,48551,41275,7276,599,4,31,0.7318121194839478,0.6309678554534912,0.872479259967804,0.050000000745058,0.7981775999069214,32,0,True,0.7906976744186046,0.4573643410852713,376.3643410852713,404.65686274509807,291.04,822.8983050847457,475.9901960784314,1.2152169883215589,2.1008836069287966,4,20,4,14.75,4,1054.0032377428306,248.72454921824044,-0.626718502728506,cider_0
afar,0,1273,33,132,122,2,48653,47875,778,599,4,11,0.7101303935050964,0.6361950635910034,0.6173191666603088,0.050000000745058,0.6457160115242004,32,0,True,0.9242424242424242,0.25,368.5833333333333,392.4180327868853,389.0,1474.3333333333333,398.7950819672131,0.6782726656115758,2.5075534910488564,2,23,0,8.25,4,1054.0032377428306,248.72454921824044,1.1398659696716515,beer_bottle_3
afar,0,1274,45,113,97,8,49608,47271,2337,599,4,11,0.4864021241664886,0.5043554306030273,0.9140505194664,0.050000000745058,0.394425630569458,32,0,True,0.8584070796460177,0.3982300884955752,439.0088495575221,487.3298969072165,292.125,1102.4,511.4226804123711,0.90711175616836,1.9553297855184648,4,21,5,11.25,4,1054.0032377428306,248.72454921824044,0.1312440458533832,beer_bottle_3
afar,0,1275,39,94,89,1,48844,45849,2995,599,4,1,0.5010378360748291,0.6171286702156067,0.9307767152786256,0.050000000745058,0.587092936038971,32,0,True,0.946808510638298,0.4148936170212766,519.6170212765958,515.1573033707865,2995.0,1252.4102564102564,548.8089887640449,0.7984604045532716,1.822127589877979,4,19,5,9.75,4,1054.0032377428306,248.72454921824044,0.5380471469816798,Dixie_cup_0
afar,0,1276,21,108,102,1,48981,46192,2789,599,4,24,0.4579193890094757,0.617967963218689,0.969966471195221,0.050000000745058,0.5424080491065979,32,11,False,0.9444444444444444,0.1944444444444444,453.52777777777777,452.8627450980392,2789.0,2332.428571428572,480.2058823529412,0.4287376737918785,2.082440129846267,4,12,1,5.25,4,1054.0032377428306,248.72454921824044,3.4668788838146374,canister_1
afar,0,1277,21,102,97,1,48659,46801,1858,599,4,7,0.4301923215389251,0.6867916584014893,0.8029898405075073,0.050000000745058,0.4124376475811004,32,11,False,0.9509803921568628,0.2058823529411764,477.0490196078432,482.4845360824742,1858.0,2317.095238095238,501.639175257732,0.4315748371318769,1.99346472389486,3,14,0,5.25,4,1054.0032377428306,248.72454921824044,3.425297409988109,atomizer_0
afar,0,1278,26,123,118,0,48680,47190,1490,599,4,19,0.7282990217208862,0.6954843997955322,0.9413633346557616,0.050000000745058,0.6106610894203186,32,6,False,0.959349593495935,0.2113821138211382,395.7723577235772,399.91525423728814,,1872.3076923076924,412.542372881356,0.5341002465078061,2.4239934264585044,4,11,2,6.5,4,1054.0032377428306,248.72454921824044,2.2191068647578507,bottle_3
afar,0,1279,78,110,109,1,48704,48105,599,599,4,30,0.4764163494110107,0.5756543874740601,0.6288679838180542,0.050000000745058,0.6949391961097717,32,0,True,0.990909090909091,0.7090909090909091,442.7636363636364,441.3302752293578,599.0,624.4102564102565,446.8256880733945,1.6015111695137976,2.238009198423128,4,26,10,19.5,4,1054.0032377428306,248.72454921824044,-1.1649853897396123,chocolate_milk_4
afar,0,1280,44,122,111,8,48642,46170,2472,599,4,12,0.6026136875152588,0.6102924942970276,1.1526638269424438,0.050000000745058,0.5982488393783569,32,0,True,0.9098360655737704,0.360655737704918,398.7049180327869,415.94594594594594,309.0,1105.5,438.2162162162162,0.9045680687471732,2.2819785370667325,4,17,5,11.0,4,1054.0032377428306,248.72454921824044,0.1396507351270071,beer_can_1
afar,0,1281,52,120,117,3,49019,47869,1150,599,4,23,0.5997282862663269,0.594516932964325,0.922041654586792,0.050000000745058,0.3717976808547973,32,0,True,0.975,0.4333333333333333,408.4916666666667,409.13675213675214,383.3333333333333,942.6730769230768,418.965811965812,1.0608131540831107,2.386829596686999,4,20,4,13.0,4,1054.0032377428306,248.72454921824044,-0.3019090544497684,canister_0
afar,0,1282,40,115,109,2,48384,45173,3211,599,4,21,0.6342145800590515,0.5516429543495178,0.6738123893737793,0.050000000745058,0.7644311785697937,32,0,True,0.9478260869565216,0.3478260869565217,420.7304347826087,414.4311926605504,1605.5,1209.6,443.8899082568808,0.8267195767195767,2.2528108465608465,3,25,0,10.0,4,1054.0032377428306,248.72454921824044,0.4219527846058072,candle_holder_4
afar,0,1283,57,116,113,3,48275,46478,1797,599,4,1,0.5882984399795532,0.6287255883216858,1.1141645908355713,0.050000000745058,0.6491170525550842,32,0,True,0.9741379310344828,0.4913793103448275,416.16379310344826,411.3097345132744,599.0,846.9298245614035,427.21238938053096,1.1807353702744692,2.340756084930088,4,26,6,14.25,4,1054.0032377428306,248.72454921824044,-0.5615489811113091,Dixie_cup_0
afar,0,1284,72,122,120,2,49241,48417,824,599,4,23,0.7037874460220337,0.6509037613868713,0.651311457157135,0.050000000745058,0.3137795031070709,32,0,True,0.9836065573770492,0.5901639344262295,403.6147540983607,403.475,412.0,683.9027777777778,410.3416666666666,1.4621961373652037,2.43699356227534,4,20,16,18.0,4,1054.0032377428306,248.72454921824044,-1.0036514732101929,canister_0
afar,0,1285,35,109,109,0,48637,48637,0,571,4,23,0.6274667382240295,0.5305347442626953,0.7077509164810181,0.050000000745058,0.423821747303009,32,0,True,1.0,0.3211009174311927,446.2110091743119,446.2110091743119,,1389.6285714285714,446.2110091743119,0.7196167526780023,2.241092172625778,4,19,2,8.75,4,1054.0032377428306,248.72454921824044,0.9101606105330532,canister_0
afar,0,1286,69,122,95,26,48732,39782,8950,599,4,2,0.743417501449585,0.684647262096405,0.6509009003639221,0.050000000745058,0.741608738899231,32,0,True,0.7786885245901639,0.5655737704918032,399.44262295081967,418.7578947368421,344.2307692307692,706.2608695652174,512.9684210526316,1.4159074119674957,1.949437741114668,4,20,14,17.25,4,1054.0032377428306,248.72454921824044,-0.9430200117882012,Dixie_cup_3
afar,0,1287,30,107,103,2,48566,46170,2396,599,4,15,0.6431718468666077,0.6860873699188232,0.7048912644386292,0.050000000745058,0.3853275179862976,32,2,False,0.9626168224299064,0.2803738317757009,453.8878504672897,448.252427184466,1198.0,1618.8666666666666,471.5145631067961,0.6177160976815056,2.1208252687065023,4,23,2,7.5,4,1054.0032377428306,248.72454921824044,1.5318165577408407,bolt_1
afar,0,1288,60,119,106,6,49635,43738,5897,599,4,1,0.5975054502487183,0.6917855739593506,0.6110652685165405,0.050000000745058,0.6663992404937744,32,0,True,0.8907563025210085,0.5042016806722689,417.10084033613447,412.622641509434,982.8333333333334,827.25,468.2547169811321,1.2088244182532488,2.1355898055807394,3,24,0,15.0,4,1054.0032377428306,248.72454921824044,-0.614917423062005,Dixie_cup_0
afar,0,1289,44,136,130,4,49231,47615,1616,599,4,20,0.6283403635025024,0.6756002902984619,0.7174561619758606,0.050000000745058,0.3623299598693847,32,0,True,0.9558823529411764,0.3235294117647059,361.99264705882354,366.2692307692308,404.0,1118.8863636363635,378.7,0.8937458105665129,2.6406126221283337,4,15,6,11.0,4,1054.0032377428306,248.72454921824044,0.1759523478994756,can_1
afar,0,1290,49,123,118,2,49439,48004,1435,587,4,23,0.7333009243011475,0.5421457886695862,0.8536185622215271,0.050000000745058,0.5030151009559631,32,0,True,0.959349593495935,0.3983739837398374,401.9430894308943,406.8135593220339,717.5,1008.9591836734694,418.9745762711864,0.9911203705576568,2.386779667873541,4,23,3,12.25,4,1054.0032377428306,248.72454921824044,-0.122152053608209,canister_0
afar,0,1291,57,113,109,2,48816,47835,981,599,4,9,0.6301867961883545,0.6151748895645142,0.7172626256942749,0.050000000745058,0.2424518316984176,32,0,True,0.9646017699115044,0.504424778761062,432.0,438.8532110091743,490.5,856.421052631579,447.8532110091743,1.1676499508357916,2.2328744673877416,4,27,1,14.25,4,1054.0032377428306,248.72454921824044,-0.5358103342690301,bear_0
afar,0,1292,24,116,111,1,48900,46473,2427,599,4,8,0.7408955693244934,0.6184548139572144,0.889541506767273,0.050000000745058,0.3251281380653381,32,8,False,0.956896551724138,0.2068965517241379,421.5517241379311,418.6756756756757,2427.0,2037.5,440.5405405405405,0.4907975460122699,2.2699386503067487,3,10,0,6.0,4,1054.0032377428306,248.72454921824044,2.667081187713384,bandage_4
afar,0,1293,32,104,94,3,49238,44409,4829,599,4,26,0.5810347199440002,0.5512567162513733,1.0740056037902832,0.050000000745058,0.4948440790176391,32,0,True,0.903846153846154,0.3076923076923077,473.4423076923077,472.43617021276594,1609.6666666666667,1538.6875,523.8085106382979,0.6499045452699135,1.909094601730371,4,19,2,8.0,4,1054.0032377428306,248.72454921824044,1.3143838672941328,canister_3
afar,0,1294,41,115,109,5,49028,46551,2477,599,4,17,0.6017341613769531,0.6596367359161377,0.6661944389343262,0.050000000745058,0.589871883392334,32,0,True,0.9478260869565216,0.3565217391304348,426.3304347826087,427.07339449541286,495.4,1195.8048780487804,449.79816513761466,0.8362568328302195,2.223219384841315,4,25,1,10.25,4,1054.0032377428306,248.72454921824044,0.3845426866265637,bottle_0
afar,0,1295,71,126,120,4,48723,47213,1510,562,4,30,0.7680288553237915,0.5363298058509827,0.9155340790748596,0.050000000745058,0.5877922177314758,32,0,True,0.9523809523809524,0.5634920634920635,386.6904761904762,393.44166666666666,377.5,686.2394366197183,406.025,1.4572173306241405,2.46290253063235,4,30,5,17.75,4,1054.0032377428306,248.72454921824044,-0.9973148393964314,chocolate_milk_4
afar,0,1296,56,106,102,3,48503,47315,1188,599,4,5,0.4111818075180053,0.6141282320022583,0.9979063272476196,0.050000000745058,0.3073754906654358,32,0,True,0.9622641509433962,0.5283018867924528,457.5754716981132,463.8725490196079,396.0,866.125,475.5196078431373,1.1545677586953385,2.102962703337938,3,22,0,14.0,4,1054.0032377428306,248.72454921824044,-0.5094948277355078,Tabasco_sauce_4
afar,0,1297,49,126,125,1,49399,49183,216,568,4,6,0.6199519038200378,0.6496173739433289,0.9770286083221436,0.050000000745058,0.5817956924438477,32,0,True,0.992063492063492,0.3888888888888889,392.05555555555554,393.464,216.0,1008.1428571428572,395.192,0.9919229134193,2.530415595457398,4,25,2,12.25,4,1054.0032377428306,248.72454921824044,-0.1243657966690713,aerosol_can_1
afar,0,1298,77,123,120,1,48631,47547,1084,599,4,6,0.782673716545105,0.5909843444824219,0.8027008771896362,0.050000000745058,0.5551144480705261,32,0,True,0.975609756097561,0.6260162601626016,395.3739837398374,396.225,1084.0,631.5714285714286,405.2583333333333,1.5833521827640806,2.467561843268697,4,29,8,19.25,4,1054.0032377428306,248.72454921824044,-1.1455654706448053,aerosol_can_1
afar,0,1299,28,120,108,9,49001,45904,3097,599,4,25,0.4996376037597656,0.5878145694732666,0.6208404898643494,0.050000000745058,0.5014747381210327,32,4,False,0.9,0.2333333333333333,408.3416666666666,425.037037037037,344.1111111111111,1750.0357142857142,453.712962962963,0.5714169098589825,2.204036652313218,4,14,2,7.0,4,1054.0032377428306,248.72454921824044,1.8875254047248893,canister_2
afar,0,1300,42,116,110,6,48039,46578,1461,572,4,25,0.5631083846092224,0.6705654263496399,0.9179168939590454,0.050000000745058,0.4985544085502624,32,0,True,0.9482758620689656,0.3620689655172414,414.1293103448276,423.4363636363637,243.5,1143.7857142857142,436.7181818181818,0.87428963966777,2.289806199129873,4,21,2,10.5,4,1054.0032377428306,248.72454921824044,0.2434752846814443,canister_2
afar,0,1301,64,102,101,1,49168,49152,16,594,4,7,0.5879504084587097,0.5700924396514893,0.973097026348114,0.050000000745058,0.2340408563613891,32,0,True,0.9901960784313726,0.6274509803921569,482.0392156862745,486.6534653465346,16.0,768.25,486.8118811881188,1.3016596160104132,2.054181581516433,4,26,3,16.0,4,1054.0032377428306,248.72454921824044,-0.7749157027858207,atomizer_0
afar,0,1302,29,126,121,2,49130,48873,257,521,4,10,0.6658893823623657,0.6831971406936646,0.9934996962547302,0.050000000745058,0.6355295181274414,32,3,False,0.9603174603174603,0.2301587301587301,389.9206349206349,403.9090909090909,128.5,1694.1379310344828,406.0330578512397,0.5902707103602687,2.4628536535721555,4,16,4,7.25,4,1054.0032377428306,248.72454921824044,1.735939825732148,beer_bottle_0
afar,0,1303,38,102,90,0,48991,41803,7188,599,4,26,0.6755931377410889,0.5746514797210693,0.6983528137207031,0.050000000745058,0.5395200848579407,32,0,True,0.8823529411764706,0.3725490196078431,480.30392156862746,464.47777777777776,,1289.2368421052631,544.3444444444444,0.7756526708987365,1.8370721152864813,4,21,3,9.5,4,1054.0032377428306,248.72454921824044,0.6379147801902011,canister_3
afar,0,1304,29,117,110,1,49531,49415,116,574,4,10,0.6453078985214233,0.5643851161003113,0.93939471244812,0.050000000745058,0.622685432434082,32,3,False,0.9401709401709402,0.2478632478632478,423.3418803418804,449.2272727272728,116.0,1707.9655172413793,450.2818181818182,0.5854919141547718,2.2208313985181,3,20,0,7.25,4,1054.0032377428306,248.72454921824044,1.773437961424287,beer_bottle_0
afar,0,1305,45,122,116,1,48466,45235,3231,599,4,21,0.6788949370384216,0.6661756038665771,1.1630980968475342,0.050000000745058,0.5156596302986145,32,0,True,0.9508196721311476,0.3688524590163934,397.2622950819672,389.9568965517241,3231.0,1077.022222222222,417.8103448275862,0.9284859489126398,2.393430446085916,4,19,6,11.25,4,1054.0032377428306,248.72454921824044,0.0624236935202009,candle_holder_4
afar,0,1306,64,107,104,2,49094,48997,97,591,4,9,0.5141887664794922,0.6421048641204834,0.7929973006248474,0.050000000745058,0.6152294874191284,32,0,True,0.97196261682243,0.5981308411214953,458.8224299065421,471.125,48.5,767.09375,472.0576923076923,1.303621623823685,2.118385138713488,4,23,12,16.0,4,1054.0032377428306,248.72454921824044,-0.77805126229312,bear_0
afar,0,1307,63,131,130,0,48722,48353,369,494,4,16,0.6841417551040649,0.5056906938552856,0.80805504322052,0.050000000745058,0.3144835531711578,32,0,True,0.9923664122137404,0.4809160305343511,371.9236641221374,371.9461538461538,,773.3650793650794,374.7846153846154,1.2930503673905012,2.668199170805796,4,27,1,15.75,4,1054.0032377428306,248.72454921824044,-0.7610444502593209,boom_microphone_1
afar,0,1308,27,110,104,0,49350,48078,1272,599,4,19,0.5365835428237915,0.5781586170196533,0.7489830851554871,0.050000000745058,0.6400772929191589,32,5,False,0.9454545454545454,0.2454545454545454,448.6363636363636,462.2884615384616,,1827.7777777777776,474.5192307692308,0.547112462006079,2.107396149949341,4,12,1,6.75,4,1054.0032377428306,248.72454921824044,2.098349072875904,bottle_3
afar,0,1309,60,132,128,2,49213,48095,1118,567,4,20,0.7256672978401184,0.5370166897773743,0.6982752084732056,0.050000000745058,0.4627001881599426,32,0,True,0.9696969696969696,0.4545454545454545,372.8257575757576,375.7421875,559.0,820.2166666666667,384.4765625,1.2191900514091805,2.6009387763395853,4,29,4,15.0,4,1054.0032377428306,248.72454921824044,-0.6339906643172168,can_1
afar,0,1310,58,121,111,7,49121,46233,2888,599,4,3,0.5413028597831726,0.652013897895813,0.703801155090332,0.050000000745058,0.2312846779823303,32,0,True,0.9173553719008264,0.4793388429752066,405.9586776859504,416.5135135135135,412.57142857142856,846.9137931034483,442.5315315315315,1.1807577207304412,2.259725982777224,4,27,6,14.5,4,1054.0032377428306,248.72454921824044,-0.561592455784094,Dixie_cup_4
afar,0,1311,63,99,95,2,48621,47379,1242,599,4,21,0.4296981990337372,0.503197193145752,1.1315178871154783,0.050000000745058,0.7290028929710388,32,0,True,0.9595959595959596,0.6363636363636364,491.1212121212121,498.7263157894737,621.0,771.7619047619048,511.8,1.2957364101931264,1.9538882375928093,4,24,4,15.75,4,1054.0032377428306,248.72454921824044,-0.765391995659403,candle_holder_4
afar,0,1312,39,127,126,0,49582,48983,599,599,4,5,0.6142834424972534,0.6053892374038696,0.698380172252655,0.050000000745058,0.4651066660881042,32,0,True,0.9921259842519684,0.3070866141732283,390.40944881889766,388.75396825396825,,1271.3333333333333,393.5079365079365,0.7865757734661772,2.541244806583034,4,18,3,9.75,4,1054.0032377428306,248.72454921824044,0.5893634140117432,Tabasco_sauce_4
afar,0,1313,49,116,109,2,48824,45787,3037,599,4,21,0.7040696144104004,0.6983568668365479,1.0247262716293335,0.050000000745058,0.210651084780693,32,0,True,0.9396551724137931,0.4224137931034483,420.8965517241379,420.0642201834862,1518.5,996.408163265306,447.9266055045872,1.0036047845321974,2.2325086023267247,4,26,3,12.25,4,1054.0032377428306,248.72454921824044,-0.1561883531689653,candle_holder_4
afar,0,1314,57,132,123,8,48815,46488,2327,599,4,4,0.5921615958213806,0.5122225880622864,0.8839850425720215,0.050000000745058,0.5499007105827332,32,0,True,0.9318181818181818,0.4318181818181818,369.81060606060606,377.9512195121951,290.875,856.4035087719299,396.869918699187,1.167673870736454,2.519717300010243,4,27,1,14.25,4,1054.0032377428306,248.72454921824044,-0.5358579103260398,Tabasco_sauce_2
afar,0,1315,23,115,113,0,48665,48622,43,552,4,24,0.60259610414505,0.6556098461151123,0.9132061004638672,0.050000000745058,0.4560210704803467,32,9,False,0.982608695652174,0.2,423.1739130434783,430.283185840708,,2115.8695652173915,430.6637168141593,0.4726189253056611,2.32199732867564,2,22,0,5.75,4,1054.0032377428306,248.72454921824044,2.8796065371622994,canister_1
afar,0,1316,73,123,114,9,49270,46571,2699,559,4,25,0.6007086634635925,0.5260208249092102,1.0829284191131592,0.050000000745058,0.6659902334213257,32,0,True,0.926829268292683,0.5934959349593496,400.5691056910569,408.5175438596491,299.8888888888889,674.931506849315,432.1929824561403,1.4816318246397402,2.313781205601786,4,29,2,18.25,4,1054.0032377428306,248.72454921824044,-1.0279800819473168,canister_2
afar,0,1317,49,115,110,2,49506,46930,2576,599,4,27,0.7061467170715332,0.5194718837738037,0.6792462468147278,0.050000000745058,0.3861826062202453,32,0,True,0.9565217391304348,0.4260869565217391,430.4869565217391,426.6363636363636,1288.0,1010.3265306122448,450.0545454545455,0.9897790166848462,2.2219528945986347,3,25,0,12.25,4,1054.0032377428306,248.72454921824044,-0.1184440339812647,chalice_2
afar,0,1318,59,118,112,3,49494,47636,1858,599,4,16,0.6156489253044128,0.5370123386383057,0.8033007979393005,0.050000000745058,0.207778051495552,32,0,True,0.9491525423728814,0.5,419.4406779661017,425.32142857142856,619.3333333333334,838.8813559322034,441.9107142857143,1.1920636844870085,2.262900553602457,4,23,7,14.75,4,1054.0032377428306,248.72454921824044,-0.5833751020449213,boom_microphone_1
afar,0,1319,47,106,102,2,48894,47105,1789,599,4,8,0.4213322103023529,0.6042991280555725,0.7371755242347717,0.050000000745058,0.7081661820411682,32,0,True,0.9622641509433962,0.4433962264150943,461.2641509433962,461.8137254901961,894.5,1040.2978723404256,479.3529411764706,0.9612631406716572,2.086145539329979,4,20,2,11.75,4,1054.0032377428306,248.72454921824044,-0.0371666930062899,bandage_4
afar,0,1320,71,117,113,3,49270,48741,529,585,4,31,0.4573670625686645,0.6928218603134155,0.9291512370109558,0.050000000745058,0.7202351093292236,32,0,True,0.9658119658119658,0.6068376068376068,421.1111111111111,431.3362831858407,176.33333333333334,693.943661971831,436.01769911504425,1.4410391719098845,2.2934848792368583,4,23,8,17.75,4,1054.0032377428306,248.72454921824044,-0.9764222495160476,cider_0
afar,0,1321,38,129,119,4,49292,47678,1614,599,4,24,0.6118220686912537,0.6118530035018921,0.8395341038703918,0.050000000745058,0.2077233344316482,32,0,True,0.9224806201550388,0.2945736434108527,382.1085271317829,400.655462184874,403.5,1297.157894736842,414.218487394958,0.7709161730098191,2.414184857583381,4,24,2,9.5,4,1054.0032377428306,248.72454921824044,0.659395369930107,canister_1
afar,0,1322,62,109,101,5,48947,46431,2516,599,4,0,0.5839405059814453,0.6311622858047485,1.1264373064041138,0.050000000745058,0.703482449054718,32,0,True,0.926605504587156,0.5688073394495413,449.0550458715596,459.71287128712873,503.2,789.4677419354839,484.6237623762376,1.266676200788608,2.063456391607249,4,20,8,15.5,4,1054.0032377428306,248.72454921824044,-0.7173766822891886,Band_Aid_0
afar,0,1323,53,131,123,5,49620,47004,2616,599,4,16,0.7911715507507324,0.6196485161781311,0.8774095773696899,0.050000000745058,0.4270937144756317,32,0,True,0.9389312977099236,0.4045801526717557,378.7786259541985,382.1463414634146,523.2,936.2264150943396,403.4146341463415,1.068117694478033,2.4788391777509067,4,31,2,13.25,4,1054.0032377428306,248.72454921824044,-0.3193913392389067,boom_microphone_1
afar,0,1324,36,113,111,1,48004,46806,1198,599,4,15,0.5529845952987671,0.6405694484710693,0.9950814247131348,0.050000000745058,0.5593187212944031,32,0,True,0.9823008849557522,0.3185840707964602,424.8141592920354,421.6756756756757,1198.0,1333.4444444444443,432.4684684684685,0.7499375052078994,2.3123073077243563,3,21,0,9.0,4,1054.0032377428306,248.72454921824044,0.7577985145119559,bolt_1
afar,0,1325,49,125,112,11,49052,45554,3498,599,4,21,0.7530616521835327,0.6206468343734741,0.8161686658859253,0.050000000745058,0.7894363403320312,32,0,True,0.896,0.392,392.416,406.7321428571428,318.0,1001.061224489796,437.9642857142857,0.9989399005137404,2.283291201174264,4,25,1,12.25,4,1054.0032377428306,248.72454921824044,-0.1435700177220509,candle_holder_4
afar,0,1326,32,103,91,10,48547,44795,3752,599,4,9,0.4313267171382904,0.5503022074699402,1.0838963985443115,0.050000000745058,0.540372371673584,32,0,True,0.883495145631068,0.3106796116504854,471.33009708737865,492.25274725274727,375.2,1517.09375,533.4835164835165,0.6591550456258883,1.87447216099862,4,18,1,8.0,4,1054.0032377428306,248.72454921824044,1.2558251748740286,bear_0
afar,0,1327,42,98,95,1,48291,47066,1225,599,4,11,0.4099170863628387,0.6228011250495911,0.9840859174728394,0.050000000745058,0.5845067501068115,32,0,True,0.9693877551020408,0.4285714285714285,492.765306122449,495.4315789473684,1225.0,1149.7857142857142,508.3263157894737,0.8697272783748524,1.967240272514548,4,22,1,10.5,4,1054.0032377428306,248.72454921824044,0.2597462961787815,beer_bottle_3
afar,0,1328,15,106,98,0,48651,45595,3056,599,4,28,0.5816020369529724,0.5165081024169922,1.1061900854110718,0.050000000745058,0.2608874142169952,32,17,False,0.9245283018867924,0.1415094339622641,458.97169811320754,465.2551020408163,,3243.4,496.4387755102041,0.3083184312758216,2.0143470843353684,2,13,0,3.75,4,1054.0032377428306,248.72454921824044,5.937283315153204,chalice_4
afar,0,1329,56,97,94,2,48454,46657,1797,599,4,7,0.4733644425868988,0.5649975538253784,1.0713088512420654,0.050000000745058,0.468620240688324,32,0,True,0.9690721649484536,0.5773195876288659,499.5257731958763,496.3510638297872,898.5,865.25,515.468085106383,1.1557353366079168,1.939984315020432,4,21,2,14.0,4,1054.0032377428306,248.72454921824044,-0.5118676835788695,atomizer_0
afar,0,1330,44,128,119,7,49042,47957,1085,599,4,31,0.5416752099990845,0.6958117485046387,0.6056880354881287,0.050000000745058,0.7493537068367004,32,0,True,0.9296875,0.34375,383.140625,403.0,155.0,1114.590909090909,412.11764705882354,0.897190163533298,2.426491578646874,4,22,3,11.0,4,1054.0032377428306,248.72454921824044,0.1643037828502451,cider_0
afar,0,1331,26,108,94,11,48851,44164,4687,599,4,2,0.6225277185440063,0.562041699886322,1.025209665298462,0.050000000745058,0.4386184215545654,32,6,False,0.8703703703703703,0.2407407407407407,452.3240740740741,469.82978723404256,426.09090909090907,1878.884615384616,519.6914893617021,0.5322306605801315,1.9242185420973985,4,9,3,6.5,4,1054.0032377428306,248.72454921824044,2.2369423965914703,Dixie_cup_3
afar,0,1332,33,100,85,3,49123,41645,7478,599,4,19,0.4265157282352447,0.6677277684211731,0.6025960445404053,0.050000000745058,0.7918946743011475,32,0,True,0.85,0.33,491.23,489.9411764705882,2492.6666666666665,1488.5757575757575,577.9176470588235,0.6717830751379191,1.730350345052216,3,20,0,8.25,4,1054.0032377428306,248.72454921824044,1.1784890777713912,bottle_3
afar,0,1333,40,125,110,8,48790,44574,4216,599,4,12,0.7374343276023865,0.6700071096420288,1.0122796297073364,0.050000000745058,0.4981833696365356,32,0,True,0.88,0.32,390.32,405.2181818181818,527.0,1219.75,443.54545454545456,0.819840131174421,2.254560360729658,4,18,3,10.0,4,1054.0032377428306,248.72454921824044,0.4494779123888028,beer_can_1
afar,0,1334,26,95,87,1,48909,44916,3993,599,4,7,0.4786209166049957,0.6614916920661926,1.1085615158081057,0.050000000745058,0.666560173034668,32,6,False,0.9157894736842104,0.2736842105263158,514.8315789473684,516.2758620689655,3993.0,1881.1153846153843,562.1724137931035,0.5315995011143143,1.7788137152671288,2,21,0,6.5,4,1054.0032377428306,248.72454921824044,2.2429918752250955,atomizer_0
afar,0,1335,17,165,117,22,49283,40785,8498,599,4,13,0.7534548044204712,0.5701601505279541,0.6838695406913757,0.050000000745058,0.6025640368461609,32,15,False,0.7090909090909091,0.103030303030303,298.6848484848485,348.5897435897436,386.27272727272725,2899.0,421.22222222222223,0.3449465332873405,2.374043787918755,3,10,0,4.25,4,1054.0032377428306,248.72454921824044,5.003327255206049,beer_can_4
afar,0,1336,25,114,111,0,49055,49001,54,575,4,9,0.6653754711151123,0.5537935495376587,0.8298282623291016,0.050000000745058,0.308525413274765,32,7,False,0.9736842105263158,0.219298245614035,430.3070175438597,441.4504504504504,,1962.2,441.93693693693695,0.5096320456630313,2.262766282743859,3,17,0,6.25,4,1054.0032377428306,248.72454921824044,2.462879993421802,bear_0
afar,0,1337,50,122,109,8,49002,46099,2903,599,4,12,0.5624921321868896,0.6607797145843506,1.1689338684082031,0.050000000745058,0.6522040367126465,32,0,True,0.8934426229508197,0.4098360655737705,401.655737704918,422.9266055045872,362.875,980.04,449.5596330275229,1.0203665156524224,2.2243990041222808,4,20,6,12.5,4,1054.0032377428306,248.72454921824044,-0.2005761152823135,beer_can_1
afar,0,1338,38,97,89,3,48789,45166,3623,599,4,0,0.4249701499938965,0.6593033671379089,1.078831911087036,0.050000000745058,0.3456555008888244,32,0,True,0.9175257731958762,0.3917525773195876,502.97938144329896,507.4831460674157,1207.6666666666667,1283.921052631579,548.1910112359551,0.7788640882166062,1.8241816802967885,4,19,2,9.5,4,1054.0032377428306,248.72454921824044,0.6234992349162446,Band_Aid_0
afar,0,1339,59,117,106,9,49111,47147,1964,599,4,11,0.6331021189689636,0.5526469349861145,1.0205130577087402,0.050000000745058,0.7702906131744385,32,0,True,0.905982905982906,0.5042735042735043,419.7521367521368,444.7830188679245,218.22222222222223,832.3898305084746,463.311320754717,1.2013601840728148,2.1583759239274296,4,21,4,14.75,4,1054.0032377428306,248.72454921824044,-0.6009790495123792,beer_bottle_3
afar,0,1340,33,113,112,0,48623,48053,570,599,4,14,0.4882683753967285,0.5206413865089417,0.8056143522262573,0.050000000745058,0.3346647620201111,32,0,True,0.991150442477876,0.2920353982300885,430.2920353982301,429.0446428571428,,1473.4242424242425,434.13392857142856,0.6786911543919544,2.3034366452090573,4,12,5,8.25,4,1054.0032377428306,248.72454921824044,1.137400664899328,beret_2
afar,0,1341,42,166,81,66,49819,31301,18518,599,4,13,0.7728525996208191,0.6350300908088684,0.7611704468727112,0.050000000745058,0.6292835474014282,32,0,True,0.4879518072289157,0.253012048192771,300.1144578313253,386.4320987654321,280.5757575757576,1186.1666666666667,615.0493827160494,0.8430518476886328,1.625885706256649,4,18,4,10.5,4,1054.0032377428306,248.72454921824044,0.358405445257874,beer_can_4
afar,0,1342,24,93,86,1,48623,44430,4193,599,4,26,0.4317497909069061,0.5944525003433228,0.8487551212310791,0.050000000745058,0.5927754640579224,32,8,False,0.9247311827956988,0.2580645161290322,522.8279569892474,516.6279069767442,4193.0,2025.9583333333333,565.3837209302326,0.4935935668305123,1.7687102811426691,4,13,2,6.0,4,1054.0032377428306,248.72454921824044,2.635782089208089,canister_3
afar,0,1343,70,116,111,4,48994,47389,1605,595,4,26,0.5471692681312561,0.6610896587371826,0.9922891855239868,0.050000000745058,0.7472530007362366,32,0,True,0.956896551724138,0.603448275862069,422.36206896551727,426.927927927928,401.25,699.9142857142857,441.3873873873874,1.428746377107401,2.265583540841736,4,25,13,17.5,4,1054.0032377428306,248.72454921824044,-0.9602309015894216,canister_3
afar,0,1344,62,104,97,0,49225,45032,4193,599,4,26,0.4897760450839996,0.5938631296157837,0.8464264273643494,0.050000000745058,0.6603648066520691,32,0,True,0.9326923076923076,0.5961538461538461,473.3173076923077,464.2474226804124,,793.9516129032259,507.4742268041237,1.2595226003047233,1.9705434230573893,4,23,6,15.5,4,1054.0032377428306,248.72454921824044,-0.7052171629444044,canister_3
afar,0,1345,58,115,111,1,49399,47880,1519,599,4,6,0.4713685512542724,0.5795800089836121,1.1273974180221558,0.050000000745058,0.45409095287323,32,0,True,0.9652173913043478,0.5043478260869565,429.55652173913046,431.35135135135135,1519.0,851.7068965517242,445.036036036036,1.1741128362922326,2.247009048766169,4,24,4,14.5,4,1054.0032377428306,248.72454921824044,-0.5485943488982898,aerosol_can_1
afar,0,1346,66,118,104,10,48980,46836,2144,599,4,19,0.4956860244274139,0.5033080577850342,0.9562686681747437,0.050000000745058,0.3501308560371399,32,0,True,0.8813559322033898,0.559322033898305,415.0847457627119,450.34615384615387,214.4,742.1212121212121,470.96153846153845,1.347488770926909,2.123315639036341,4,20,12,16.5,4,1054.0032377428306,248.72454921824044,-0.8457726707836944,bottle_3
afar,0,1347,56,117,116,1,49278,49035,243,569,4,3,0.5801718831062317,0.6318872570991516,1.1340138912200928,0.050000000745058,0.5550585389137268,32,0,True,0.9914529914529916,0.4786324786324786,421.1794871794872,422.7155172413793,243.0,879.9642857142857,424.8103448275862,1.1364097568894842,2.3539916392710745,4,24,4,14.0,4,1054.0032377428306,248.72454921824044,-0.4719649649068284,Dixie_cup_4
afar,0,1348,64,125,114,7,48745,44989,3756,599,4,8,0.6135299205780029,0.5497044324874878,0.8510428667068481,0.050000000745058,0.7829360961914062,32,0,True,0.912,0.512,389.96,394.640350877193,536.5714285714286,761.640625,427.5877192982456,1.3129551748897323,2.338701405272336,4,24,6,16.0,4,1054.0032377428306,248.72454921824044,-0.7928392388883562,bandage_4
afar,0,1349,63,121,114,6,48844,47736,1108,599,4,16,0.6338788270950317,0.6550025343894958,1.061943292617798,0.050000000745058,0.4239207208156585,32,0,True,0.9421487603305784,0.5206611570247934,403.6694214876033,418.7368421052632,184.66666666666663,775.3015873015873,428.4561403508772,1.2898206535091312,2.3339611825403326,4,24,5,15.75,4,1054.0032377428306,248.72454921824044,-0.7557929597760533,boom_microphone_1
afar,0,1350,39,125,120,1,48948,47834,1114,599,4,3,0.7021998167037964,0.5165876746177673,0.901072323322296,0.050000000745058,0.643773078918457,32,0,True,0.96,0.312,391.584,398.6166666666667,1114.0,1255.076923076923,407.9,0.7967639127237068,2.4515812699190977,4,15,3,9.75,4,1054.0032377428306,248.72454921824044,0.5452787076471632,Dixie_cup_4
afar,0,1351,43,110,108,0,48881,47683,1198,599,4,30,0.5183082818984985,0.5951675176620483,0.9945369958877563,0.050000000745058,0.429548442363739,32,0,True,0.9818181818181818,0.3909090909090909,444.3727272727273,441.5092592592592,,1136.7674418604652,452.6018518518519,0.879687404103844,2.209447433563143,4,28,1,10.75,4,1054.0032377428306,248.72454921824044,0.2244428861276656,chocolate_milk_4
afar,0,1352,71,116,107,4,49033,46413,2620,599,4,20,0.4759087264537811,0.6249033212661743,1.1080213785171509,0.050000000745058,0.5598863363265991,32,0,True,0.9224137931034484,0.6120689655172413,422.69827586206895,433.7663551401869,655.0,690.6056338028169,458.25233644859816,1.4480044051965004,2.1822038219158526,4,23,14,17.75,4,1054.0032377428306,248.72454921824044,-0.9854744319687916,can_1
afar,0,1353,33,106,101,2,48896,46382,2514,599,4,8,0.557860255241394,0.5857369303703308,0.986452579498291,0.050000000745058,0.6865582466125488,32,0,True,0.9528301886792452,0.3113207547169811,461.2830188679245,459.2277227722772,1257.0,1481.6969696969695,484.1188118811881,0.674901832460733,2.065608638743456,4,17,2,8.25,4,1054.0032377428306,248.72454921824044,1.1598349383274749,bandage_4
afar,0,1354,34,138,131,4,48941,47051,1890,599,4,16,0.7884722948074341,0.599897027015686,0.8111779093742371,0.050000000745058,0.7186152338981628,32,0,True,0.9492753623188406,0.2463768115942029,354.6449275362319,359.1679389312977,472.5,1439.4411764705883,373.5954198473282,0.6947140434400605,2.676692343842586,4,13,4,8.5,4,1054.0032377428306,248.72454921824044,1.0452441887582151,boom_microphone_1
afar,0,1355,45,121,113,3,48735,46354,2381,599,4,31,0.5755654573440552,0.5837249755859375,1.1353816986083984,0.050000000745058,0.5167407393455505,32,0,True,0.9338842975206612,0.371900826446281,402.7685950413223,410.21238938053096,793.6666666666666,1083.0,431.283185840708,0.9233610341643582,2.3186621524571662,3,21,0,11.25,4,1054.0032377428306,248.72454921824044,0.0786344420119927,cider_0
afar,0,1356,52,103,96,3,48450,44827,3623,599,4,0,0.431627482175827,0.5517814755439758,1.0214509963989258,0.050000000745058,0.5328575968742371,32,0,True,0.9320388349514565,0.5048543689320388,470.3883495145631,466.9479166666667,1207.6666666666667,931.7307692307692,504.6875,1.0732714138286894,1.9814241486068112,4,20,6,13.0,4,1054.0032377428306,248.72454921824044,-0.3315827901612582,Band_Aid_0
afar,0,1357,42,121,115,1,48737,46319,2418,599,4,29,0.7569318413734436,0.5073819160461426,0.7511440515518188,0.050000000745058,0.5371997356414795,32,0,True,0.950413223140496,0.3471074380165289,402.7851239669421,402.7739130434783,2418.0,1160.404761904762,423.8,0.8617682664095041,2.359603586597452,4,17,3,10.5,4,1054.0032377428306,248.72454921824044,0.2885434038288309,chicken_(animal)_2
afar,0,1358,46,127,116,5,49342,47112,2230,599,4,10,0.6486634016036987,0.6567171812057495,1.0673362016677856,0.050000000745058,0.7072671055793762,32,0,True,0.9133858267716536,0.3622047244094488,388.5196850393701,406.13793103448273,446.0,1072.6521739130435,425.36206896551727,0.9322686555064652,2.350938348668477,4,27,2,11.5,4,1054.0032377428306,248.72454921824044,0.0505728424731068,beer_bottle_0
afar,0,1359,30,112,109,1,49657,48197,1460,599,4,25,0.634711742401123,0.5098496079444885,1.163431167602539,0.050000000745058,0.7913600206375122,32,2,False,0.9732142857142856,0.2678571428571428,443.3660714285714,442.1743119266055,1460.0,1655.2333333333331,455.5688073394496,0.6041444307952555,2.195058098556095,4,22,2,7.5,4,1054.0032377428306,248.72454921824044,1.6304369663163678,canister_2
afar,0,1360,77,123,121,0,48454,47256,1198,599,4,24,0.6343294978141785,0.6459564566612244,0.6390984058380127,0.050000000745058,0.4191313683986664,32,0,True,0.983739837398374,0.6260162601626016,393.9349593495935,390.54545454545456,,629.2727272727273,400.44628099173553,1.5891360878358856,2.4972138523135343,4,32,3,19.25,4,1054.0032377428306,248.72454921824044,-1.1517991698548242,canister_1
afar,0,1361,74,129,127,2,49383,48785,598,537,4,8,0.7395392656326294,0.625054121017456,1.134157419204712,0.050000000745058,0.6988236904144287,32,0,True,0.9844961240310076,0.5736434108527132,382.8139534883721,384.13385826771656,299.0,667.3378378378378,388.84251968503935,1.498491383674544,2.571735212522528,4,24,12,18.5,4,1054.0032377428306,248.72454921824044,-1.0485728612461034,bandage_4
afar,0,1362,22,110,109,0,48183,47584,599,599,4,7,0.5089312791824341,0.5274407267570496,0.7723379135131836,0.050000000745058,0.7682076692581177,32,10,False,0.990909090909091,0.2,438.0272727272727,436.55045871559633,,2190.1363636363635,442.045871559633,0.4565925741444078,2.262208662806384,4,11,2,5.5,4,1054.0032377428306,248.72454921824044,3.0810058589865523,atomizer_0
afar,0,1363,51,122,114,1,49279,46009,3270,599,4,3,0.7457632422447205,0.5503324866294861,0.6071299314498901,0.050000000745058,0.2644928693771362,32,0,True,0.9344262295081968,0.4180327868852459,403.9262295081968,403.5877192982456,3270.0,966.2549019607844,432.2719298245614,1.0349235982873028,2.313358631465736,3,26,0,12.75,4,1054.0032377428306,248.72454921824044,-0.2379590300636466,Dixie_cup_4
afar,0,1364,61,139,131,3,48967,47112,1855,599,4,28,0.7923195362091064,0.6873894929885864,0.6154216527938843,0.050000000745058,0.2092605680227279,32,0,True,0.9424460431654677,0.4388489208633093,352.2805755395684,359.6335877862596,618.3333333333334,802.7377049180328,373.793893129771,1.245736924867768,2.6752711009455346,4,27,8,15.25,4,1054.0032377428306,248.72454921824044,-0.6813907289128066,chalice_4
afar,0,1365,40,124,122,0,49707,49085,622,599,4,18,0.548429548740387,0.6831493377685547,1.082532286643982,0.050000000745058,0.5669808387756348,32,0,True,0.9838709677419356,0.3225806451612903,400.86290322580646,402.3360655737705,,1242.675,407.4344262295082,0.804715633612972,2.4543826825195647,4,18,2,10.0,4,1054.0032377428306,248.72454921824044,0.5116467354848786,bottle_2
afar,0,1366,68,105,105,0,48116,48116,0,542,4,18,0.7262262105941772,0.5687873363494873,1.1036920547485352,0.050000000745058,0.417241483926773,32,0,True,1.0,0.6476190476190476,458.247619047619,458.247619047619,,707.5882352941177,458.247619047619,1.413251309335772,2.1822262864743536,4,23,7,17.0,4,1054.0032377428306,248.72454921824044,-0.9394204146155164,bottle_2
afar,0,1367,74,113,112,0,48640,48620,20,559,4,6,0.710343599319458,0.6512057781219482,1.0315390825271606,0.050000000745058,0.5136556029319763,32,0,True,0.991150442477876,0.6548672566371682,430.4424778761062,434.1071428571428,,657.2972972972973,434.2857142857143,1.5213815789473684,2.3026315789473686,4,24,7,18.5,4,1054.0032377428306,248.72454921824044,-1.0758011530085392,aerosol_can_1
afar,0,1368,73,116,115,1,48795,48582,213,568,4,18,0.7872965335845947,0.6645406484603882,1.114925980567932,0.050000000745058,0.5980104207992554,32,0,True,0.9913793103448276,0.6293103448275862,420.6465517241379,422.45217391304345,213.0,668.4246575342465,424.3043478260869,1.496054923660211,2.3567988523414285,4,29,1,18.25,4,1054.0032377428306,248.72454921824044,-1.0456255852834702,bottle_2
afar,0,1369,62,125,115,6,48959,48187,772,599,4,11,0.5534520745277405,0.5164927244186401,0.9627999663352966,0.050000000745058,0.5746124386787415,32,0,True,0.92,0.496,391.672,419.0173913043478,128.66666666666666,789.6612903225806,425.7304347826087,1.2663657345942525,2.3489041851345003,4,24,3,15.5,4,1054.0032377428306,248.72454921824044,-0.716851810950565,beer_bottle_3
afar,0,1370,36,112,110,1,48171,47198,973,599,4,5,0.4810269176959991,0.6323330998420715,0.778247594833374,0.050000000745058,0.3111864328384399,32,0,True,0.9821428571428572,0.3214285714285714,430.0982142857143,429.07272727272726,973.0,1338.0833333333333,437.9181818181818,0.7473376097652115,2.283531585393701,4,20,1,9.0,4,1054.0032377428306,248.72454921824044,0.7703784169196195,Tabasco_sauce_4
afar,0,1371,49,113,111,1,49435,48589,846,599,4,25,0.5257598161697388,0.59904545545578,0.9407959580421448,0.050000000745058,0.3202819228172302,32,0,True,0.9823008849557522,0.4336283185840708,437.4778761061947,437.73873873873873,846.0,1008.8775510204082,445.3603603603604,0.9912005664003236,2.2453727116415494,4,20,5,12.25,4,1054.0032377428306,248.72454921824044,-0.1223734279142952,canister_2
afar,0,1372,26,102,99,0,48595,47370,1225,599,4,7,0.4639303684234619,0.5085358619689941,1.1594579219818115,0.050000000745058,0.541599690914154,32,6,False,0.9705882352941176,0.2549019607843137,476.421568627451,478.4848484848485,,1869.0384615384608,490.85858585858585,0.535034468566725,2.0372466303117607,3,13,0,6.5,4,1054.0032377428306,248.72454921824044,2.210241249518916,atomizer_0
afar,0,1373,76,136,124,8,49880,47551,2329,599,4,31,0.6068613529205322,0.6965639591217041,0.9831794500350952,0.050000000745058,0.6751096248626709,32,0,True,0.9117647058823528,0.5588235294117647,366.7647058823529,383.4758064516129,291.125,656.3157894736842,402.258064516129,1.5236567762630313,2.4859663191659984,4,31,3,19.0,4,1054.0032377428306,248.72454921824044,-1.0784628405223284,cider_0
afar,0,1374,44,118,116,0,49078,47880,1198,599,4,7,0.7928283214569092,0.5116369724273682,0.900915026664734,0.050000000745058,0.6765884160995483,32,0,True,0.9830508474576272,0.3728813559322034,415.91525423728814,412.7586206896552,,1115.409090909091,423.0862068965517,0.896532051020824,2.3635844981458085,4,17,4,11.0,4,1054.0032377428306,248.72454921824044,0.166522557145337,atomizer_0
afar,0,1375,59,119,109,7,49394,45597,3797,599,4,2,0.7940273880958557,0.5982989072799683,0.7789367437362671,0.050000000745058,0.6772148013114929,32,0,True,0.9159663865546218,0.4957983193277311,415.0756302521008,418.3211009174312,542.4285714285714,837.1864406779661,453.1559633027523,1.194477061991335,2.206745758594161,4,20,10,14.75,4,1054.0032377428306,248.72454921824044,-0.5879714329763726,Dixie_cup_3
afar,0,1376,61,122,100,21,48853,42714,6139,599,4,5,0.7510708570480347,0.5285078883171082,0.7069839239120483,0.050000000745058,0.5995270609855652,32,0,True,0.819672131147541,0.5,400.4344262295082,427.14,292.3333333333333,800.8688524590164,488.53,1.2486438908562425,2.046957198124987,4,23,7,15.25,4,1054.0032377428306,248.72454921824044,-0.6864587488873872,Tabasco_sauce_4
afar,0,1377,18,117,110,0,48937,46799,2138,599,4,31,0.6197900772094727,0.6215015053749084,0.6480448842048645,0.050000000745058,0.3932937383651733,32,14,False,0.9401709401709402,0.1538461538461538,418.2649572649573,425.44545454545454,,2718.722222222222,444.8818181818182,0.3678198500112389,2.2477879722909044,3,14,0,4.5,4,1054.0032377428306,248.72454921824044,4.5144436227166125,cider_0
afar,0,1378,63,112,105,3,48745,46584,2161,599,4,25,0.6043416857719421,0.5511539578437805,0.6434458494186401,0.050000000745058,0.6492164134979248,32,0,True,0.9375,0.5625,435.2232142857143,443.6571428571429,720.3333333333334,773.7301587301587,464.2380952380952,1.2924402502820802,2.1540670838034672,4,22,4,15.75,4,1054.0032377428306,248.72454921824044,-0.7600544151682133,canister_2
afar,0,1379,65,127,118,6,49335,46287,3048,599,4,21,0.7324241399765015,0.6068401336669922,1.0522379875183103,0.050000000745058,0.7080273628234863,32,0,True,0.9291338582677166,0.5118110236220472,388.46456692913387,392.2627118644068,508.0,759.0,418.09322033898303,1.3175230566534917,2.391811087463261,4,22,9,16.25,4,1054.0032377428306,248.72454921824044,-0.8000001788442156,candle_holder_4
afar,0,1380,64,115,111,3,49692,48453,1239,599,4,14,0.7187567949295044,0.5038535594940186,0.8987130522727966,0.050000000745058,0.6441437602043152,32,0,True,0.9652173913043478,0.5565217391304348,432.10434782608695,436.5135135135135,413.0,776.4375,447.6756756756757,1.2879336714159222,2.23375996136199,4,25,3,16.0,4,1054.0032377428306,248.72454921824044,-0.7527125516800793,beret_2
afar,0,1381,46,103,96,4,49191,45327,3864,599,4,23,0.5801528692245483,0.5454280376434326,0.9441590309143066,0.050000000745058,0.5707184076309204,32,0,True,0.9320388349514565,0.4466019417475728,477.5825242718447,472.15625,966.0,1069.3695652173913,512.40625,0.935130410034356,1.9515765078977865,3,24,0,11.5,4,1054.0032377428306,248.72454921824044,0.0416709485017374,canister_0
afar,0,1382,56,111,107,2,49397,48172,1225,599,4,11,0.5494167804718018,0.5407320261001587,0.6741809844970703,0.050000000745058,0.2203318327665329,32,0,True,0.963963963963964,0.5045045045045045,445.0180180180181,450.2056074766355,612.5,882.0892857142857,461.6542056074766,1.1336720853493127,2.166123448792437,4,21,4,14.0,4,1054.0032377428306,248.72454921824044,-0.4662023150015215,beer_bottle_3
afar,0,1383,71,119,115,2,49623,48234,1389,599,4,28,0.6790822744369507,0.5486367344856262,0.9241114854812622,0.050000000745058,0.5228841304779053,32,0,True,0.9663865546218487,0.5966386554621849,417.0,419.4260869565217,694.5,698.9154929577464,431.504347826087,1.4307881425951676,2.3174737520907644,4,29,3,17.75,4,1054.0032377428306,248.72454921824044,-0.9629394629936064,chalice_4
afar,0,1384,60,120,116,3,48811,47246,1565,599,4,20,0.5930602550506592,0.6413914561271667,1.0684150457382202,0.050000000745058,0.2877791225910187,32,0,True,0.9666666666666668,0.5,406.7583333333333,407.2931034482759,521.6666666666666,813.5166666666667,420.7844827586207,1.229231115936981,2.3765134908114973,4,25,4,15.0,4,1054.0032377428306,248.72454921824044,-0.6521599604892435,can_1
afar,0,1385,40,108,106,0,48879,47681,1198,599,4,3,0.4594923555850982,0.5521380305290222,0.9939769506454468,0.050000000745058,0.769091784954071,32,0,True,0.9814814814814816,0.3703703703703703,452.5833333333333,449.8207547169811,,1221.975,461.122641509434,0.8183473475316598,2.1686204709588983,2,21,0,10.0,4,1054.0032377428306,248.72454921824044,0.4555117458190651,Dixie_cup_4
afar,0,1386,26,102,99,0,48757,47096,1661,599,4,1,0.505928635597229,0.5272836089134216,0.986825942993164,0.050000000745058,0.6883103847503662,32,6,False,0.9705882352941176,0.2549019607843137,478.0098039215686,475.7171717171717,,1875.2692307692307,492.4949494949495,0.5332567631314478,2.0304776750005127,4,18,1,6.5,4,1054.0032377428306,248.72454921824044,2.2271380691507665,Dixie_cup_0
afar,0,1387,9,111,100,8,48594,44264,4330,599,4,17,0.7621978521347046,0.5151833891868591,0.6565542817115784,0.050000000745058,0.4820777177810669,32,23,False,0.9009009009009008,0.081081081081081,437.7837837837838,442.64,541.25,5399.333333333333,485.94,0.1852080503765897,2.057867226406552,3,7,0,2.25,4,1054.0032377428306,248.72454921824044,11.783819324179728,bottle_0
afar,0,1388,69,124,118,4,48823,46658,2165,599,4,23,0.7665600776672363,0.5307101607322693,1.062610387802124,0.050000000745058,0.6795810461044312,32,0,True,0.9516129032258064,0.5564516129032258,393.733870967742,395.40677966101697,541.25,707.5797101449275,413.7542372881356,1.4132683366446142,2.416893677160355,4,23,7,17.25,4,1054.0032377428306,248.72454921824044,-0.9394435334155982,canister_0
afar,0,1389,56,118,114,2,48212,47719,493,543,4,21,0.5220677852630615,0.577666699886322,0.6678796410560608,0.050000000745058,0.260810911655426,32,0,True,0.9661016949152542,0.4745762711864407,408.5762711864407,418.5877192982456,246.5,860.9285714285714,422.9122807017544,1.16153654691778,2.364556541939766,4,28,1,14.0,4,1054.0032377428306,248.72454921824044,-0.5235866859073087,candle_holder_4
afar,0,1390,55,116,112,1,48718,47095,1623,599,4,14,0.5570803284645081,0.5427905917167664,1.1157381534576416,0.050000000745058,0.2237130552530288,32,0,True,0.9655172413793104,0.4741379310344827,419.9827586206897,420.4910714285714,1623.0,885.7818181818182,434.9821428571428,1.1289461800566525,2.2989449484790017,4,20,6,13.75,4,1054.0032377428306,248.72454921824044,-0.4561887752959361,beret_2
afar,0,1391,28,94,88,0,48687,45093,3594,599,4,14,0.5008753538131714,0.5279468894004822,1.1286771297454834,0.050000000745058,0.3403455018997192,32,4,False,0.9361702127659576,0.2978723404255319,517.9468085106383,512.4204545454545,,1738.821428571429,553.2613636363636,0.5751021833343603,1.8074640047651325,3,19,0,7.0,4,1054.0032377428306,248.72454921824044,1.8571141094262955,beret_2
afar,0,1392,61,110,106,4,49092,47495,1597,599,4,4,0.5347053408622742,0.5130268931388855,0.7267918586730957,0.050000000745058,0.652979850769043,32,0,True,0.9636363636363636,0.5545454545454546,446.2909090909091,448.0660377358491,399.25,804.7868852459017,463.1320754716981,1.2425649800374807,2.1592112767864418,4,24,6,15.25,4,1054.0032377428306,248.72454921824044,-0.6758336894669947,Tabasco_sauce_2
afar,0,1393,32,141,104,30,50043,41016,9027,599,4,13,0.782311737537384,0.530591607093811,0.9311181902885436,0.050000000745058,0.6785112619400024,32,0,True,0.7375886524822695,0.226950354609929,354.9148936170213,394.38461538461536,300.9,1563.84375,481.1826923076923,0.639450072937274,2.0782127370461403,4,15,2,8.0,4,1054.0032377428306,248.72454921824044,1.382603472790781,beer_can_4
afar,0,1394,42,121,115,4,49214,48513,701,599,4,25,0.4221193492412567,0.6525490880012512,0.6530635356903076,0.050000000745058,0.42326819896698,32,0,True,0.950413223140496,0.3471074380165289,406.7272727272728,421.8521739130435,175.25,1171.7619047619048,427.9478260869565,0.8534156947210143,2.336733449831349,4,20,5,10.5,4,1054.0032377428306,248.72454921824044,0.3193421041630764,canister_2
afar,0,1395,50,124,118,4,49543,47965,1578,599,4,9,0.6954370737075806,0.6026266813278198,0.8946083188056946,0.050000000745058,0.4808633923530578,32,0,True,0.9516129032258064,0.4032258064516129,399.5403225806452,406.4830508474576,394.5,990.86,419.8559322033898,1.009224310195184,2.381769372060634,4,24,1,12.5,4,1054.0032377428306,248.72454921824044,-0.1712340578821153,bear_0
afar,0,1396,38,100,93,3,48540,44347,4193,599,4,4,0.4202424585819244,0.5176253318786621,1.1665706634521484,0.050000000745058,0.6070839762687683,32,0,True,0.93,0.38,485.4,476.8494623655914,1397.6666666666667,1277.3684210526317,521.9354838709677,0.7828594973217965,1.915945611866502,4,16,4,9.5,4,1054.0032377428306,248.72454921824044,0.6057295776231003,Tabasco_sauce_2
afar,0,1397,46,109,108,1,48197,47598,599,599,4,24,0.5045813918113708,0.6759239435195923,1.1731743812561035,0.050000000745058,0.5465129613876343,32,0,True,0.9908256880733946,0.4220183486238532,442.1743119266055,440.72222222222223,599.0,1047.7608695652175,446.2685185185185,0.9544162499740648,2.240803369504326,4,21,3,11.5,4,1054.0032377428306,248.72454921824044,-0.0169282740647591,canister_1
afar,0,1398,37,106,105,0,48989,48967,22,566,4,15,0.559272825717926,0.6226696968078613,0.7361167669296265,0.050000000745058,0.5758593678474426,32,0,True,0.9905660377358492,0.3490566037735849,462.16037735849056,466.35238095238094,,1324.027027027027,466.5619047619048,0.7552715915817837,2.143338300434792,3,16,0,9.25,4,1054.0032377428306,248.72454921824044,0.7322600299996193,bolt_1
afar,0,1399,89,120,117,2,48608,46811,1797,599,4,18,0.6138584613800049,0.6826648712158203,0.6430917978286743,0.050000000745058,0.7499691843986511,32,0,True,0.975,0.7416666666666667,405.06666666666666,400.0940170940171,898.5,546.1573033707865,415.45299145299145,1.8309743252139563,2.407011191573404,4,30,13,22.25,4,1054.0032377428306,248.72454921824044,-1.377194506173913,bottle_2
afar,0,1400,43,111,101,2,48320,45229,3091,599,4,12,0.5675204396247864,0.554026186466217,0.9695675373077391,0.050000000745058,0.3506357967853546,32,0,True,0.90990990990991,0.3873873873873873,435.3153153153153,447.8118811881188,1545.5,1123.7209302325582,478.4158415841584,0.8899006622516556,2.0902317880794703,4,14,9,10.75,4,1054.0032377428306,248.72454921824044,0.1890628960113627,beer_can_1
afar,0,1401,39,108,104,3,49283,47660,1623,599,4,15,0.5085771679878235,0.6048732995986938,0.7220252752304077,0.050000000745058,0.2101773023605346,32,0,True,0.9629629629629628,0.3611111111111111,456.3240740740741,458.2692307692308,541.0,1263.6666666666667,473.875,0.7913479293062516,2.110261144816671,4,19,2,9.75,4,1054.0032377428306,248.72454921824044,0.5685726770984794,bolt_1
afar,0,1402,47,101,95,1,49139,45832,3307,599,4,8,0.5107927918434143,0.6050044894218445,0.7349762320518494,0.050000000745058,0.6624996662139893,32,0,True,0.9405940594059404,0.4653465346534653,486.5247524752475,482.4421052631579,3307.0,1045.5106382978724,517.2526315789473,0.9564704206434808,1.9332912757687373,4,21,1,11.75,4,1054.0032377428306,248.72454921824044,-0.0230305305351989,bandage_4
afar,0,1403,73,106,103,2,48705,46908,1797,599,4,30,0.4783530235290527,0.5059391856193542,1.1954541206359863,0.050000000745058,0.7778319120407104,32,0,True,0.9716981132075472,0.6886792452830188,459.4811320754717,455.41747572815535,898.5,667.1917808219179,472.8640776699029,1.498819423057181,2.1147726106149265,4,19,17,18.25,4,1054.0032377428306,248.72454921824044,-1.0489689438103202,chocolate_milk_4
afar,0,1404,32,101,95,2,48891,45875,3016,599,4,15,0.4603988826274872,0.5305308103561401,1.0229047536849976,0.050000000745058,0.7508371472358704,32,0,True,0.9405940594059404,0.3168316831683168,484.0693069306931,482.89473684210526,1508.0,1527.84375,514.6421052631579,0.6545171913031028,1.9430979116810865,4,14,2,8.0,4,1054.0032377428306,248.72454921824044,1.2849774038067576,bolt_1
afar,0,1405,40,110,105,5,48282,47459,823,595,4,11,0.4753957092761993,0.6960277557373047,1.020219087600708,0.050000000745058,0.4247609972953796,32,0,True,0.9545454545454546,0.3636363636363636,438.9272727272728,451.9904761904762,164.6,1207.05,459.8285714285714,0.8284660950250611,2.1747234994407854,3,17,0,10.0,4,1054.0032377428306,248.72454921824044,0.4150376047194389,beer_bottle_3
afar,0,1406,52,142,136,3,49312,48302,1010,548,4,8,0.7917859554290771,0.5440578460693359,1.004725217819214,0.050000000745058,0.4261952340602875,32,0,True,0.9577464788732394,0.3661971830985915,347.2676056338028,355.1617647058824,336.6666666666667,948.3076923076924,362.5882352941176,1.054510058403634,2.7579493835171967,4,24,3,13.0,4,1054.0032377428306,248.72454921824044,-0.2866289058320769,bandage_4
afar,0,1407,52,105,96,5,49260,47362,1898,599,4,16,0.5057657957077026,0.5093297958374023,1.165841579437256,0.050000000745058,0.4660767316818237,32,0,True,0.9142857142857144,0.4952380952380952,469.1428571428572,493.3541666666667,379.6,947.3076923076924,513.125,1.0556232237109215,1.94884287454324,4,22,4,13.0,4,1054.0032377428306,248.72454921824044,-0.2893407410816331,boom_microphone_1
afar,0,1408,66,105,101,1,48660,46264,2396,599,4,6,0.4336824119091034,0.6498740911483765,1.0647000074386597,0.050000000745058,0.3290101289749145,32,0,True,0.961904761904762,0.6285714285714286,463.4285714285714,458.0594059405941,2396.0,737.2727272727273,481.7821782178218,1.3563501849568431,2.075626798191533,4,24,12,16.5,4,1054.0032377428306,248.72454921824044,-0.8589209629027549,aerosol_can_1
afar,0,1409,44,136,95,37,48891,37188,11703,572,4,17,0.7374605536460876,0.5479923486709595,1.082904815673828,0.050000000745058,0.244664654135704,32,0,True,0.6985294117647058,0.3235294117647059,359.49264705882354,391.4526315789474,316.2972972972973,1111.159090909091,514.6421052631579,0.8999611380417664,1.9430979116810865,4,17,1,11.0,4,1054.0032377428306,248.72454921824044,0.1549972573347231,bottle_0
afar,0,1410,38,125,103,16,48804,42211,6593,599,4,2,0.6775918006896973,0.5505968928337097,1.0707539319992063,0.050000000745058,0.5121262073516846,32,0,True,0.824,0.304,390.432,409.8155339805825,412.0625,1284.3157894736842,473.8252427184466,0.7786247028932055,2.110482747315794,4,11,8,9.5,4,1054.0032377428306,248.72454921824044,0.6245696961989642,Dixie_cup_3
afar,0,1411,88,151,132,13,49431,45125,4306,428,4,26,0.7375730276107788,0.6178240180015564,1.0982574224472046,0.050000000745058,0.4564634561538696,32,0,True,0.8741721854304636,0.5827814569536424,327.3576158940397,341.8560606060606,331.2307692307692,561.7159090909091,374.4772727272728,1.7802593514191498,2.6703890271287247,4,27,13,22.0,4,1054.0032377428306,248.72454921824044,-1.3350021307481377,canister_3
afar,0,1412,66,100,96,2,48794,46398,2396,599,4,28,0.4010610282421112,0.59225994348526,0.9097506999969482,0.050000000745058,0.4654138088226318,32,0,True,0.96,0.66,487.94,483.3125,1198.0,739.3030303030303,508.2708333333333,1.3526253227855884,1.967455014960856,4,21,14,16.5,4,1054.0032377428306,248.72454921824044,-0.8534151155778983,chalice_4
afar,0,1413,27,109,101,3,49080,46572,2508,599,4,13,0.4096235930919647,0.6481693983078003,1.0133907794952393,0.050000000745058,0.372563898563385,32,5,False,0.926605504587156,0.2477064220183486,450.2752293577981,461.1089108910891,836.0,1817.7777777777776,485.940594059406,0.5501222493887531,2.0578647106764465,4,15,1,6.75,4,1054.0032377428306,248.72454921824044,2.071230720380341,beer_can_4
afar,0,1414,26,110,106,2,48660,47181,1479,599,4,1,0.4580507278442383,0.56981360912323,0.7598264813423157,0.050000000745058,0.2733976244926452,32,6,False,0.9636363636363636,0.2363636363636363,442.3636363636364,445.1037735849056,739.5,1871.5384615384608,459.0566037735849,0.5343197698314838,2.1783806000822032,4,17,2,6.5,4,1054.0032377428306,248.72454921824044,2.217020837642808,Dixie_cup_0
afar,0,1415,74,108,106,2,48014,47440,574,564,4,5,0.4946393370628357,0.6582040786743164,1.1432278156280518,0.050000000745058,0.6753321290016174,32,0,True,0.9814814814814816,0.6851851851851852,444.5740740740741,447.5471698113208,287.0,648.8378378378378,452.9622641509434,1.5412171449993752,2.207689423918024,4,23,7,18.5,4,1054.0032377428306,248.72454921824044,-1.098741813362893,Tabasco_sauce_4
afar,0,1416,39,107,102,3,48681,46481,2200,599,4,16,0.5995595455169678,0.6512619853019714,1.1896969079971311,0.050000000745058,0.5205684304237366,32,0,True,0.9532710280373832,0.3644859813084112,454.9626168224299,455.6960784313725,733.3333333333334,1248.2307692307693,477.2647058823529,0.8011339126147778,2.095273309915573,4,14,6,9.75,4,1054.0032377428306,248.72454921824044,0.5267130663232785,boom_microphone_1
afar,0,1417,41,124,123,0,49578,49559,19,521,4,20,0.6865116357803345,0.6085747480392456,0.8438083529472351,0.050000000745058,0.4516494274139404,32,0,True,0.9919354838709676,0.3306451612903225,399.8225806451613,402.9186991869919,,1209.219512195122,403.0731707317073,0.8269797087417806,2.480939126225342,4,18,4,10.25,4,1054.0032377428306,248.72454921824044,0.4209209643645129,can_1
afar,0,1418,61,120,117,1,48880,48268,612,587,4,19,0.7170923948287964,0.633728563785553,0.7877295017242432,0.050000000745058,0.7458593845367432,32,0,True,0.975,0.5083333333333333,407.3333333333333,412.54700854700855,612.0,801.311475409836,417.77777777777777,1.2479541734860884,2.393617021276596,4,22,11,15.25,4,1054.0032377428306,248.72454921824044,-0.6852584283670919,bottle_3
afar,0,1419,61,109,103,3,48219,48126,93,598,4,5,0.4279790222644806,0.5441065430641174,0.7384857535362244,0.050000000745058,0.5086924433708191,32,0,True,0.944954128440367,0.5596330275229358,442.3761467889908,467.24271844660194,31.0,790.4754098360655,468.1456310679612,1.265061490283913,2.1360874344138203,4,21,9,15.25,4,1054.0032377428306,248.72454921824044,-0.7146440529565451,Tabasco_sauce_4
afar,0,1420,31,112,111,0,49028,48429,599,599,4,28,0.6797623634338379,0.6533737778663635,0.6909292936325073,0.050000000745058,0.6043415069580078,32,1,False,0.9910714285714286,0.2767857142857143,437.75,436.2972972972973,,1581.548387096774,441.6936936936937,0.6322917516521172,2.264012401076936,3,22,0,7.75,4,1054.0032377428306,248.72454921824044,1.4306155317504134,chalice_4
afar,0,1421,45,105,102,0,48665,46868,1797,599,4,26,0.4843383133411407,0.5897909998893738,0.7510558366775513,0.050000000745058,0.7640870213508606,32,0,True,0.9714285714285714,0.4285714285714285,463.4761904761905,459.4901960784314,,1081.4444444444443,477.1078431372549,0.9246892016849892,2.0959621904859755,3,19,0,11.25,4,1054.0032377428306,248.72454921824044,0.0744160316237939,canister_3
afar,0,1422,72,143,132,8,49374,47398,1976,599,4,31,0.6459720134735107,0.6593949198722839,1.0952394008636477,0.050000000745058,0.629446804523468,32,0,True,0.9230769230769232,0.5034965034965035,345.27272727272725,359.0757575757576,247.0,685.75,374.04545454545456,1.4582573824279983,2.673471867784664,4,30,3,18.0,4,1054.0032377428306,248.72454921824044,-0.9986421108742072,cider_0
afar,0,1423,49,121,120,0,49150,48551,599,599,4,18,0.6627934575080872,0.5036990642547607,1.1220974922180176,0.050000000745058,0.4941970109939575,32,0,True,0.9917355371900828,0.4049586776859504,406.198347107438,404.5916666666666,,1003.061224489796,409.5833333333333,0.9969481180061036,2.441505595116989,4,22,4,12.25,4,1054.0032377428306,248.72454921824044,-0.1381463472229385,bottle_2
afar,0,1424,43,141,128,10,49058,45812,3246,599,4,25,0.6320063471794128,0.5926377177238464,0.7467942237854004,0.050000000745058,0.6430538296699524,32,0,True,0.9078014184397164,0.3049645390070922,347.9290780141844,357.90625,324.6,1140.8837209302326,383.265625,0.8765135146153532,2.609156508622447,4,20,1,10.75,4,1054.0032377428306,248.72454921824044,0.2356055568060713,canister_2
afar,0,1425,45,116,111,3,48912,48244,668,599,4,22,0.670760989189148,0.6654995083808899,1.1441662311553955,0.050000000745058,0.6379176378250122,32,0,True,0.956896551724138,0.3879310344827586,421.6551724137931,434.6306306306306,222.66666666666663,1086.9333333333334,440.6486486486487,0.9200196270853778,2.269381746810599,4,20,4,11.25,4,1054.0032377428306,248.72454921824044,0.0893009939935805,candy_cane_1
afar,0,1426,30,124,121,1,49561,47859,1702,599,4,3,0.5900136232376099,0.6747947335243225,0.7201827168464661,0.050000000745058,0.5636796951293945,32,2,False,0.9758064516129032,0.2419354838709677,399.6854838709677,395.5289256198347,1702.0,1652.0333333333333,409.5950413223141,0.605314662738847,2.4414358063800163,4,10,5,7.5,4,1054.0032377428306,248.72454921824044,1.621759093517788,Dixie_cup_4
afar,0,1427,48,115,110,1,48259,46408,1851,599,4,17,0.7320375442504883,0.6267226338386536,0.8804119825363159,0.050000000745058,0.2067550867795944,32,0,True,0.9565217391304348,0.417391304347826,419.6434782608696,421.8909090909091,1851.0,1005.3958333333334,438.7181818181818,0.9946331254273816,2.279367579104416,4,19,6,12.0,4,1054.0032377428306,248.72454921824044,-0.131815272667108,bottle_0
afar,0,1428,27,151,101,44,49473,37431,12042,599,4,13,0.6417124271392822,0.6719301342964172,0.7886278033256531,0.050000000745058,0.6483307480812073,32,5,False,0.6688741721854304,0.1788079470198675,327.635761589404,370.6039603960396,273.6818181818182,1832.3333333333333,489.8316831683168,0.5457522284882663,2.041517595456108,4,13,1,6.75,4,1054.0032377428306,248.72454921824044,2.11070298901277,beer_can_4
afar,0,1429,39,110,108,0,47746,46548,1198,599,4,27,0.7752182483673096,0.6355358362197876,0.9114350080490112,0.050000000745058,0.3333616256713867,32,0,True,0.9818181818181818,0.3545454545454545,434.0545454545455,431.0,,1224.2564102564102,442.0925925925926,0.8168223516106061,2.2619695890755245,4,21,1,9.75,4,1054.0032377428306,248.72454921824044,0.4616985545710975,chalice_2
afar,0,1430,48,127,119,7,48987,48253,734,581,4,11,0.6433537602424622,0.627576470375061,0.647835373878479,0.050000000745058,0.6296331286430359,32,0,True,0.937007874015748,0.3779527559055118,385.7244094488189,405.4873949579832,104.85714285714286,1020.5625,411.655462184874,0.9798517974156408,2.429215914426276,4,18,2,12.0,4,1054.0032377428306,248.72454921824044,-0.0906857713821724,beer_bottle_3
afar,0,1431,36,106,100,0,48782,45516,3266,599,4,4,0.4941248893737793,0.5382592082023621,0.6168102025985718,0.050000000745058,0.4532978534698486,32,0,True,0.9433962264150944,0.3396226415094339,460.2075471698113,455.16,,1355.0555555555557,487.82,0.737977122709196,2.0499364519699887,4,14,1,9.0,4,1054.0032377428306,248.72454921824044,0.8164042874051431,Tabasco_sauce_2
afar,0,1432,81,132,121,8,48669,44776,3893,599,4,21,0.7284396886825562,0.5342742800712585,0.7764660120010376,0.050000000745058,0.6137569546699524,32,0,True,0.9166666666666666,0.6136363636363636,368.70454545454544,370.0495867768595,486.625,600.8518518518518,402.22314049586777,1.6643037662577822,2.486182169348045,4,28,16,20.25,4,1054.0032377428306,248.72454921824044,-1.2288719016443994,candle_holder_4
afar,0,1433,31,122,121,1,49159,48928,231,528,4,4,0.6108351349830627,0.5391893982887268,0.8564239740371704,0.050000000745058,0.5623562335968018,32,1,False,0.9918032786885246,0.2540983606557377,402.94262295081967,404.3636363636364,231.0,1585.774193548387,406.27272727272725,0.630606806485079,2.461400760796599,4,17,1,7.75,4,1054.0032377428306,248.72454921824044,1.4420752226436997,Tabasco_sauce_2
afar,0,1434,70,124,119,5,49102,47981,1121,511,4,14,0.793287992477417,0.64405357837677,1.0585029125213623,0.050000000745058,0.3761076629161834,32,0,True,0.9596774193548387,0.5645161290322581,395.983870967742,403.20168067226894,224.2,701.4571428571429,412.6218487394958,1.4256038450572277,2.423526536597288,4,29,7,17.5,4,1054.0032377428306,248.72454921824044,-0.956046927204392,beret_2
afar,0,1435,53,124,119,4,49567,47858,1709,547,4,13,0.5778818726539612,0.5899832248687744,1.1315171718597412,0.050000000745058,0.6809344291687012,32,0,True,0.9596774193548387,0.4274193548387097,399.733870967742,402.16806722689074,427.25,935.2264150943396,416.52941176470586,1.0692597897794904,2.400790848750177,4,23,4,13.25,4,1054.0032377428306,248.72454921824044,-0.322103174488463,beer_can_4
afar,0,1436,36,129,117,8,49091,46080,3011,599,4,4,0.7978829145431519,0.5900713205337524,0.7996451258659363,0.050000000745058,0.282801479101181,32,0,True,0.9069767441860463,0.2790697674418604,380.5503875968992,393.84615384615387,376.375,1363.638888888889,419.5811965811966,0.7333319753111568,2.38332891976126,3,14,0,9.0,4,1054.0032377428306,248.72454921824044,0.8396808732971669,Tabasco_sauce_2
afar,0,1437,17,109,106,0,48582,47141,1441,599,4,6,0.4832476377487182,0.6107610464096069,0.6685613989830017,0.050000000745058,0.2583600580692291,32,15,False,0.9724770642201837,0.1559633027522936,445.70642201834863,444.7264150943397,,2857.764705882353,458.3207547169811,0.3499238401053888,2.181878061833601,4,7,2,4.25,4,1054.0032377428306,248.72454921824044,4.8915039310919965,aerosol_can_1
afar,0,1438,56,120,104,9,48741,42004,6737,599,4,26,0.7005164623260498,0.5018113851547241,1.0363717079162598,0.050000000745058,0.5698277950286865,32,0,True,0.8666666666666667,0.4666666666666667,406.175,403.88461538461536,748.5555555555555,870.375,468.6634615384616,1.1489300588826654,2.1337272522106647,4,22,5,14.0,4,1054.0032377428306,248.72454921824044,-0.4979695279248939,canister_3
afar,0,1439,44,98,94,2,48581,46185,2396,599,4,22,0.4507990479469299,0.6434705257415771,0.8845083713531494,0.050000000745058,0.7654149532318115,32,0,True,0.9591836734693876,0.4489795918367347,495.7244897959184,491.32978723404256,1198.0,1104.1136363636365,516.8191489361702,0.9057038760009056,1.9349128260019348,4,20,3,11.0,4,1054.0032377428306,248.72454921824044,0.1358911453492131,candy_cane_1
afar,0,1440,58,128,122,4,49337,46788,2549,599,4,3,0.7373067140579224,0.6121736168861389,0.8647452592849731,0.050000000745058,0.471868634223938,32,0,True,0.953125,0.453125,385.4453125,383.5081967213115,637.25,850.6379310344828,404.4016393442623,1.17558830086953,2.472789184587632,4,21,1,14.5,4,1054.0032377428306,248.72454921824044,-0.5514932072685053,Dixie_cup_4
afar,0,1441,60,133,124,8,48637,46547,2090,599,4,6,0.636304497718811,0.6624903082847595,0.7829748392105103,0.050000000745058,0.740970253944397,32,0,True,0.9323308270676692,0.4511278195488721,365.69172932330827,375.3790322580645,261.25,810.6166666666667,392.233870967742,1.2336287188765755,2.5494993523449225,4,25,5,15.0,4,1054.0032377428306,248.72454921824044,-0.6600242827129563,aerosol_can_1
afar,0,1442,51,114,113,1,49301,49281,20,597,4,18,0.7135478258132935,0.550910472869873,0.8916410207748413,0.050000000745058,0.3968939185142517,32,0,True,0.9912280701754386,0.4473684210526316,432.46491228070175,436.1150442477877,20.0,966.686274509804,436.2920353982301,1.0344617756232126,2.2920427577533924,4,23,1,12.75,4,1054.0032377428306,248.72454921824044,-0.2367892187795244,bottle_2
afar,0,1443,54,100,97,2,48398,46601,1797,599,4,6,0.4277643859386444,0.540477991104126,1.034719467163086,0.050000000745058,0.6121318340301514,32,0,True,0.97,0.54,483.98,480.4226804123711,898.5,896.2592592592592,498.9484536082474,1.1157485846522583,2.0042150502086864,4,20,5,13.5,4,1054.0032377428306,248.72454921824044,-0.4277756812569833,aerosol_can_1
afar,0,1444,48,97,89,3,48752,45265,3487,599,4,14,0.4010495841503143,0.5293872952461243,1.099209547042847,0.050000000745058,0.3501912355422973,32,0,True,0.9175257731958762,0.4948453608247423,502.5979381443299,508.5955056179776,1162.3333333333333,1015.6666666666666,547.7752808988764,0.9845749917952084,1.8255661306202824,4,25,6,12.0,4,1054.0032377428306,248.72454921824044,-0.103962464791458,beret_2
afar,0,1445,52,119,116,1,48706,47787,919,599,4,8,0.6963675618171692,0.6919520497322083,0.8369983434677124,0.050000000745058,0.5094603300094604,32,0,True,0.9747899159663864,0.4369747899159664,409.2941176470589,411.9568965517241,919.0,936.6538461538462,419.8793103448276,1.0676302714244652,2.3816367593315,4,24,2,13.0,4,1054.0032377428306,248.72454921824044,-0.3182322166249816,bandage_4
afar,0,1446,23,108,98,1,48566,44342,4224,599,4,28,0.5177174210548401,0.5308700799942017,0.8053326606750488,0.050000000745058,0.3661626577377319,32,9,False,0.9074074074074074,0.2129629629629629,449.6851851851852,452.4693877551021,4224.0,2111.5652173913045,495.57142857142856,0.4735823415558209,2.017872585759585,3,17,0,5.75,4,1054.0032377428306,248.72454921824044,2.867933855001166,chalice_4
afar,0,1447,38,111,103,2,49429,45803,3626,599,4,9,0.6792085766792297,0.5851254463195801,0.770968496799469,0.050000000745058,0.3218738734722137,32,0,True,0.927927927927928,0.3423423423423423,445.3063063063063,444.68932038834953,1813.0,1300.7631578947369,479.8932038834951,0.7687794614497562,2.0837969612980234,4,16,4,9.5,4,1054.0032377428306,248.72454921824044,0.6691722496456124,bear_0
afar,0,1448,41,104,100,0,48613,46217,2396,599,4,21,0.4813422858715057,0.5303544998168945,1.0833970308303833,0.050000000745058,0.3195005059242248,32,0,True,0.9615384615384616,0.3942307692307692,467.4326923076923,462.17,,1185.6829268292684,486.13,0.843395799477506,2.057062925554893,3,27,0,10.25,4,1054.0032377428306,248.72454921824044,0.3570936225152025,candle_holder_4
afar,0,1449,75,111,108,3,49044,48395,649,599,4,0,0.5381729006767273,0.6853750348091125,1.1084054708480835,0.050000000745058,0.640032172203064,32,0,True,0.972972972972973,0.6756756756756757,441.8378378378378,448.1018518518519,216.3333333333333,653.92,454.1111111111111,1.5292390506483973,2.202104232933692,4,23,13,18.75,4,1054.0032377428306,248.72454921824044,-1.084959826867581,Band_Aid_0
afar,0,1450,32,115,110,1,49471,46476,2995,599,4,16,0.6008960008621216,0.5818673372268677,0.850625216960907,0.050000000745058,0.3018894791603088,32,0,True,0.9565217391304348,0.2782608695652174,430.18260869565216,422.5090909090909,2995.0,1545.96875,449.7363636363637,0.6468436053445453,2.2235248933718745,4,20,1,8.0,4,1054.0032377428306,248.72454921824044,1.3341294177049638,boom_microphone_1
afar,0,1451,91,124,123,1,49371,48772,599,599,4,20,0.7204411029815674,0.6486179828643799,0.6007405519485474,0.050000000745058,0.4685875177383423,32,0,True,0.9919354838709676,0.7338709677419355,398.1532258064516,396.520325203252,599.0,542.5384615384615,401.390243902439,1.84318729618602,2.491341070669016,4,32,11,22.75,4,1054.0032377428306,248.72454921824044,-1.3870082090173803,can_1
afar,0,1452,24,124,120,2,49310,47514,1796,599,4,9,0.712943434715271,0.6820513010025024,0.7675076127052307,0.050000000745058,0.6620832085609436,32,8,False,0.967741935483871,0.1935483870967742,397.6612903225807,395.95,898.0,2054.583333333333,410.9166666666667,0.4867166903265058,2.4335834516325288,3,14,0,6.0,4,1054.0032377428306,248.72454921824044,2.713408373226636,bear_0
afar,0,1453,66,122,120,1,49483,48285,1198,599,4,24,0.5821347236633301,0.6742261648178101,1.0438178777694702,0.050000000745058,0.756866991519928,32,0,True,0.9836065573770492,0.5409836065573771,405.5983606557377,402.375,1198.0,749.7424242424242,412.35833333333335,1.3337914031081382,2.425075278378433,4,18,13,16.5,4,1054.0032377428306,248.72454921824044,-0.8251051991090463,canister_1
afar,0,1454,60,117,113,1,48991,48333,658,599,4,9,0.5434298515319824,0.6771422624588013,1.0234522819519043,0.050000000745058,0.5116896629333496,32,0,True,0.9658119658119658,0.5128205128205128,418.7264957264957,427.72566371681415,658.0,816.5166666666667,433.5486725663717,1.2247147435243209,2.306546100304137,4,26,6,15.0,4,1054.0032377428306,248.72454921824044,-0.6440244547405749,bear_0
afar,0,1455,59,114,108,0,48842,48168,674,599,4,3,0.5965315103530884,0.6789990663528442,0.6499687433242798,0.050000000745058,0.2315224409103393,32,0,True,0.9473684210526316,0.5175438596491229,428.43859649122805,446.0,,827.8305084745763,452.2407407407408,1.207976741329184,2.211211662094099,4,21,1,14.75,4,1054.0032377428306,248.72454921824044,-0.6133431797179829,Dixie_cup_4
afar,0,1456,41,118,99,5,48774,41329,7445,599,4,12,0.7030804753303528,0.5071176886558533,1.0807393789291382,0.050000000745058,0.7085418701171875,32,0,True,0.8389830508474576,0.3474576271186441,413.33898305084745,417.4646464646465,1489.0,1189.6097560975609,492.6666666666667,0.8406118013695821,2.029769959404601,4,21,1,10.25,4,1054.0032377428306,248.72454921824044,0.3677425365439472,beer_can_1
afar,0,1457,53,110,101,4,48123,45719,2404,599,4,22,0.4304859936237335,0.6960018873214722,0.6064184904098511,0.050000000745058,0.7439982891082764,32,0,True,0.9181818181818182,0.4818181818181818,437.4818181818182,452.66336633663366,601.0,907.9811320754716,476.4653465346535,1.101344471458554,2.098788521081396,4,26,3,13.25,4,1054.0032377428306,248.72454921824044,-0.3959878933631638,candy_cane_1
afar,0,1458,65,121,117,4,49252,47522,1730,599,4,4,0.5388873219490051,0.5489838719367981,0.7518860697746277,0.050000000745058,0.6677161455154419,32,0,True,0.9669421487603306,0.5371900826446281,407.0413223140496,406.1709401709402,432.5,757.723076923077,420.95726495726495,1.3197433606757083,2.375538049216276,4,19,12,16.25,4,1054.0032377428306,248.72454921824044,-0.8034629838551872,Tabasco_sauce_2
afar,0,1459,20,99,88,5,48025,43520,4505,599,4,9,0.4072007238864898,0.5019814968109131,0.8103197813034058,0.050000000745058,0.3549472689628601,32,12,False,0.8888888888888888,0.202020202020202,485.1010101010101,494.54545454545456,901.0,2401.25,545.7386363636364,0.4164497657470067,1.8323789692868293,4,9,1,5.0,4,1054.0032377428306,248.72454921824044,3.6535112597394512,bear_0
afar,0,1460,65,120,116,3,49455,48617,838,564,4,4,0.6288691759109497,0.6014747023582458,0.7606214284896851,0.050000000745058,0.3851489424705505,32,0,True,0.9666666666666668,0.5416666666666666,412.125,419.11206896551727,279.3333333333333,760.8461538461538,426.3362068965517,1.3143261550904863,2.345566676776868,4,22,1,16.25,4,1054.0032377428306,248.72454921824044,-0.7949937137681119,Tabasco_sauce_2
afar,0,1461,39,99,96,2,48874,47077,1797,599,4,15,0.5763433575630188,0.5458511710166931,0.7782737016677856,0.050000000745058,0.6619592308998108,32,0,True,0.9696969696969696,0.3939393939393939,493.67676767676767,490.3854166666667,898.5,1253.179487179487,509.1041666666667,0.7979702909522446,1.9642345623439863,4,22,1,9.75,4,1054.0032377428306,248.72454921824044,0.5401331740967229,bolt_1
afar,0,1462,64,123,120,3,48619,47167,1452,599,4,30,0.713299036026001,0.5237866640090942,1.0178881883621216,0.050000000745058,0.4469136893749237,32,0,True,0.975609756097561,0.5203252032520326,395.2764227642276,393.0583333333333,484.0,759.671875,405.15833333333336,1.3163578025051934,2.468170879697238,3,27,0,16.0,4,1054.0032377428306,248.72454921824044,-0.7981781645359199,chocolate_milk_4
afar,0,1463,40,131,117,9,49666,46296,3370,599,4,4,0.7597740888595581,0.6005602478981018,1.0006734132766724,0.050000000745058,0.2377622872591018,32,0,True,0.8931297709923665,0.3053435114503817,379.1297709923664,395.6923076923077,374.44444444444446,1241.65,424.4957264957265,0.8053799379857448,2.355736318608304,4,17,6,10.0,4,1054.0032377428306,248.72454921824044,0.5088671043540838,Tabasco_sauce_2
afar,0,1464,56,107,100,0,48303,48128,175,593,4,14,0.4289933443069458,0.6803172826766968,0.972976803779602,0.050000000745058,0.496463418006897,32,0,True,0.9345794392523364,0.5233644859813084,451.4299065420561,481.28,,862.5535714285714,483.03,1.1593482806450943,2.07026478686624,4,22,3,14.0,4,1054.0032377428306,248.72454921824044,-0.5191799536267799,beret_2
afar,0,1465,36,107,97,4,49026,45937,3089,599,4,12,0.5114875435829163,0.5137619376182556,0.7061445713043213,0.050000000745058,0.4798974394798279,32,0,True,0.9065420560747663,0.3364485981308411,458.1869158878505,473.5773195876289,772.25,1361.8333333333333,505.4226804123711,0.7343042467262269,1.978541998123445,4,13,7,9.0,4,1054.0032377428306,248.72454921824044,0.8347845040965791,beer_can_1
afar,0,1466,42,98,96,0,48655,47599,1056,599,4,6,0.5678480863571167,0.6655883193016052,1.110636830329895,0.050000000745058,0.5036270618438721,32,0,True,0.979591836734694,0.4285714285714285,496.4795918367347,495.8229166666667,,1158.452380952381,506.8229166666667,0.8632206350837529,1.9730757373342924,4,15,7,10.5,4,1054.0032377428306,248.72454921824044,0.283248868341602,aerosol_can_1
afar,0,1467,61,108,101,4,48989,47053,1936,599,4,9,0.5980056524276733,0.529975950717926,1.167667269706726,0.050000000745058,0.4985500574111938,32,0,True,0.9351851851851852,0.5648148148148148,453.6018518518519,465.8712871287129,484.0,803.0983606557377,485.0396039603961,1.2451774888240217,2.061687317561085,4,23,3,15.25,4,1054.0032377428306,248.72454921824044,-0.6804126899703439,bear_0
afar,0,1468,53,117,112,2,49153,47470,1683,599,4,27,0.5543463826179504,0.637600839138031,1.0548776388168335,0.050000000745058,0.2036748379468917,32,0,True,0.9572649572649572,0.452991452991453,420.1111111111111,423.8392857142857,841.5,927.4150943396228,438.8660714285714,1.0782658230423372,2.278599475108335,4,23,4,13.25,4,1054.0032377428306,248.72454921824044,-0.3432861894566942,chalice_2
afar,0,1469,38,98,88,5,48890,43666,5224,599,4,16,0.474250853061676,0.6837773323059082,0.9161262512207032,0.050000000745058,0.2036555260419845,32,0,True,0.8979591836734694,0.3877551020408163,498.8775510204082,496.20454545454544,1044.8,1286.578947368421,555.5681818181819,0.7772550623849458,1.7999590918388215,4,24,2,9.5,4,1054.0032377428306,248.72454921824044,0.6307070075532228,boom_microphone_1
afar,0,1470,56,110,104,2,49254,48065,1189,599,4,11,0.522720217704773,0.5874093770980835,0.9231244921684264,0.050000000745058,0.350101888179779,32,0,True,0.9454545454545454,0.509090909090909,447.7636363636364,462.1634615384616,594.5,879.5357142857143,473.59615384615387,1.1369634953506311,2.111503634222601,4,23,4,14.0,4,1054.0032377428306,248.72454921824044,-0.4731271800137808,beer_bottle_3
afar,0,1471,15,100,97,0,48586,46789,1797,599,4,22,0.5948494076728821,0.6388261914253235,1.0470538139343262,0.050000000745058,0.2957811951637268,32,17,False,0.97,0.15,485.86,482.3608247422681,,3239.0666666666666,500.8865979381444,0.3087309101387231,1.9964598855637423,4,7,1,3.75,4,1054.0032377428306,248.72454921824044,5.925532029071793,candy_cane_1
afar,0,1472,40,147,133,7,49505,46057,3448,599,4,5,0.7608354091644287,0.5759978890419006,0.8072203993797302,0.050000000745058,0.3734845519065857,32,0,True,0.9047619047619048,0.272108843537415,336.7687074829932,346.2932330827068,492.57142857142856,1237.625,372.218045112782,0.807999192000808,2.686597313402687,4,21,2,10.0,4,1054.0032377428306,248.72454921824044,0.4979519674746198,Tabasco_sauce_4
afar,0,1473,68,116,107,8,48551,47405,1146,599,4,31,0.5490293502807617,0.5141624808311462,0.790555477142334,0.050000000745058,0.2315449267625808,32,0,True,0.9224137931034484,0.5862068965517241,418.5431034482759,443.0373831775701,143.25,713.9852941176471,453.7476635514018,1.4005890712858644,2.2038680974645217,4,25,9,17.0,4,1054.0032377428306,248.72454921824044,-0.922072645004385,cider_0
afar,0,1474,46,112,103,7,48605,44333,4272,599,4,14,0.7320784330368042,0.5188906788825989,0.6648848652839661,0.050000000745058,0.5390470027923584,32,0,True,0.9196428571428572,0.4107142857142857,433.9732142857143,430.41747572815535,610.2857142857143,1056.6304347826087,471.8932038834951,0.9464046908754244,2.119123546960189,3,23,0,11.5,4,1054.0032377428306,248.72454921824044,0.00712452554,beret_2
afar,0,1475,39,104,89,6,48500,42400,6100,599,4,12,0.4383299946784973,0.6654455661773682,0.6597326993942261,0.050000000745058,0.3282783329486847,32,0,True,0.8557692307692307,0.375,466.34615384615387,476.4044943820225,1016.6666666666666,1243.5897435897436,544.943820224719,0.8041237113402062,1.8350515463917525,4,19,1,9.75,4,1054.0032377428306,248.72454921824044,0.5141273693958511,beer_can_1
afar,0,1476,38,108,104,4,48517,47344,1173,599,4,8,0.6089438796043396,0.6370081901550293,0.9762773513793944,0.050000000745058,0.2980915307998657,32,0,True,0.9629629629629628,0.3518518518518518,449.2314814814815,455.2307692307692,293.25,1276.7631578947369,466.50961538461536,0.7832306201949832,2.1435785394810067,4,13,5,9.5,4,1054.0032377428306,248.72454921824044,0.6040882036562636,bandage_4
afar,0,1477,29,100,95,2,48679,46916,1763,599,4,13,0.443925678730011,0.5878188014030457,0.677046537399292,0.050000000745058,0.3891975879669189,32,3,False,0.95,0.29,486.79,493.85263157894735,881.5,1678.5862068965516,512.4105263157895,0.5957394358963825,1.9515602210398733,4,10,5,7.25,4,1054.0032377428306,248.72454921824044,1.6937661120235323,beer_can_4
afar,0,1478,47,97,88,5,48507,43695,4812,599,4,2,0.4123266935348511,0.5312708020210266,0.8545587062835693,0.050000000745058,0.6368333101272583,32,0,True,0.9072164948453608,0.4845360824742268,500.0721649484536,496.5340909090909,962.4,1032.063829787234,551.2159090909091,0.9689323190467356,1.81417115055559,4,16,6,11.75,4,1054.0032377428306,248.72454921824044,-0.0594960598483805,Dixie_cup_3
afar,0,1479,48,109,99,1,49049,45360,3689,599,4,28,0.6198204159736633,0.5403695106506348,1.1484582424163818,0.050000000745058,0.7155376672744751,32,0,True,0.908256880733945,0.4403669724770642,449.9908256880734,458.1818181818182,3689.0,1021.8541666666666,495.44444444444446,0.9786132235111829,2.018389773491814,4,23,1,12.0,4,1054.0032377428306,248.72454921824044,-0.0871829841848291,chalice_4
afar,0,1480,56,116,111,3,48919,48305,614,597,4,25,0.5084220170974731,0.6513267159461975,0.9434237480163574,0.050000000745058,0.5243817567825317,32,0,True,0.956896551724138,0.4827586206896552,421.7155172413793,435.1801801801802,204.66666666666663,873.5535714285714,440.7117117117117,1.1447494838406345,2.269057012612686,4,19,4,14.0,4,1054.0032377428306,248.72454921824044,-0.4893497658816617,canister_2
afar,0,1481,66,139,130,8,49208,46783,2425,599,4,30,0.74724280834198,0.6545631885528564,0.8730041980743408,0.050000000745058,0.791063129901886,32,0,True,0.935251798561151,0.4748201438848921,354.0143884892086,359.8692307692308,303.125,745.5757575757576,378.5230769230769,1.341245325963258,2.641846854170053,4,26,3,16.5,4,1054.0032377428306,248.72454921824044,-0.8364045126488637,chocolate_milk_4
afar,0,1482,49,134,113,10,49666,43956,5710,599,4,12,0.7579721212387085,0.5873038172721863,0.6638332009315491,0.050000000745058,0.3572865724563598,32,0,True,0.8432835820895522,0.3656716417910448,370.64179104477614,388.9911504424779,571.0,1013.591836734694,439.5221238938053,0.9865904240325374,2.275198324809729,4,22,1,12.25,4,1054.0032377428306,248.72454921824044,-0.1095890617378161,beer_can_1
afar,0,1483,49,92,87,1,49157,46330,2827,599,4,31,0.4009352624416351,0.6247608661651611,1.1047496795654297,0.050000000745058,0.5981479287147522,32,0,True,0.9456521739130436,0.532608695652174,534.3152173913044,532.528735632184,2827.0,1003.204081632653,565.0229885057471,0.9968061517179648,1.769839493866591,4,18,1,12.25,4,1054.0032377428306,248.72454921824044,-0.1377589421872877,cider_0
afar,0,1484,59,120,117,3,49387,48108,1279,599,4,17,0.5860618948936462,0.5060020089149475,0.7425367832183838,0.050000000745058,0.6604740023612976,32,0,True,0.975,0.4916666666666666,411.5583333333333,411.1794871794872,426.3333333333333,837.0677966101695,422.1111111111111,1.194646364427886,2.3690444853908925,4,29,2,14.75,4,1054.0032377428306,248.72454921824044,-0.5882931761415741,bottle_0
afar,0,1485,46,109,97,12,49063,44549,4514,599,4,2,0.565832257270813,0.602509617805481,0.7878843545913696,0.050000000745058,0.5669561624526978,32,0,True,0.8899082568807339,0.4220183486238532,450.1192660550459,459.2680412371134,376.1666666666667,1066.5869565217392,505.8041237113402,0.93757006298025,1.9770499154148748,4,17,1,11.5,4,1054.0032377428306,248.72454921824044,0.0341249721551467,Dixie_cup_3
afar,0,1486,45,99,94,1,48414,45807,2607,599,4,17,0.4860048592090606,0.5681458711624146,0.8315736055374146,0.050000000745058,0.6417820453643799,32,0,True,0.9494949494949496,0.4545454545454545,489.030303030303,487.3085106382979,2607.0,1075.8666666666666,515.0425531914893,0.9294832073367209,1.941587144214484,4,18,6,11.25,4,1054.0032377428306,248.72454921824044,0.0592900172318248,bottle_0
afar,0,1487,61,116,108,3,48897,46989,1908,599,4,0,0.4603714644908905,0.6777538061141968,1.108314871788025,0.050000000745058,0.49010169506073,32,0,True,0.9310344827586208,0.5258620689655172,421.5258620689655,435.0833333333333,636.0,801.5901639344262,452.75,1.2475202977687794,2.2087244616234125,3,21,0,15.25,4,1054.0032377428306,248.72454921824044,-0.6845026710024615,Band_Aid_0
afar,0,1488,24,116,107,2,48782,47573,1209,599,4,13,0.515364408493042,0.5932626724243164,1.0375425815582275,0.050000000745058,0.4578607082366943,32,8,False,0.9224137931034484,0.2068965517241379,420.5344827586207,444.6074766355141,604.5,2032.5833333333333,455.9065420560748,0.4919847484727973,2.1934320036078883,4,18,1,6.0,4,1054.0032377428306,248.72454921824044,2.653747997736399,beer_can_4
afar,0,1489,51,116,112,3,49473,47917,1556,599,4,6,0.6883010864257812,0.5448713302612305,0.9072261452674866,0.050000000745058,0.5886424779891968,32,0,True,0.9655172413793104,0.4396551724137931,426.4913793103448,427.8303571428572,518.6666666666666,970.0588235294116,441.7232142857143,1.0308653204778364,2.263861095951327,4,18,7,12.75,4,1054.0032377428306,248.72454921824044,-0.2276434214672957,aerosol_can_1
afar,0,1490,16,115,112,0,48737,47314,1423,599,4,23,0.6475529670715332,0.5229109525680542,0.6181280016899109,0.050000000745058,0.7706459760665894,32,16,False,0.9739130434782608,0.1391304347826087,423.8,422.44642857142856,,3046.0625,435.1517857142857,0.3282926729179063,2.298048710425344,3,9,0,4.0,4,1054.0032377428306,248.72454921824044,5.402136526593907,canister_0
afar,0,1491,51,130,124,5,49400,46937,2463,599,4,8,0.7203713655471802,0.5197446346282959,0.9847755432128906,0.050000000745058,0.5641111731529236,32,0,True,0.953846153846154,0.3923076923076923,380.0,378.5241935483871,492.6,968.6274509803922,398.3870967741936,1.0323886639676114,2.5101214574898787,4,24,2,12.75,4,1054.0032377428306,248.72454921824044,-0.231525068000974,bandage_4
afar,0,1492,70,128,120,8,48644,46344,2300,556,4,26,0.5880720019340515,0.6034994721412659,0.9362519979476928,0.050000000745058,0.4452617168426513,32,0,True,0.9375,0.546875,380.03125,386.2,287.5,694.9142857142857,405.3666666666667,1.439026395855604,2.4669023928953213,4,22,13,17.5,4,1054.0032377428306,248.72454921824044,-0.9737900778372028,canister_3
afar,0,1493,39,115,107,3,49665,47400,2265,599,4,31,0.7038754224777222,0.573336660861969,0.8562992215156555,0.050000000745058,0.4714325666427612,32,0,True,0.9304347826086956,0.3391304347826087,431.8695652173913,442.9906542056075,755.0,1273.4615384615386,464.1588785046729,0.7852612503775295,2.154434712574248,3,20,0,9.75,4,1054.0032377428306,248.72454921824044,0.5951347556966966,cider_0
afar,0,1494,75,122,117,3,49133,47841,1292,599,4,14,0.6386755704879761,0.6106066703796387,1.1782474517822266,0.050000000745058,0.2897697687149048,32,0,True,0.9590163934426228,0.6147540983606558,402.7295081967213,408.8974358974359,430.6666666666667,655.1066666666667,419.94017094017096,1.5264689719740296,2.3812915962794863,4,22,17,18.75,4,1054.0032377428306,248.72454921824044,-1.0817417823714408,beret_2
afar,0,1495,59,125,121,2,48635,47102,1533,599,4,23,0.5563883781433105,0.5825899839401245,1.1016862392425537,0.050000000745058,0.4009110927581787,32,0,True,0.968,0.472,389.08,389.27272727272725,766.5,824.3220338983051,401.94214876033055,1.2131181248072376,2.487920222062301,4,18,9,14.75,4,1054.0032377428306,248.72454921824044,-0.6228575847460868,canister_0
afar,0,1496,69,121,109,11,48656,46846,1810,599,4,10,0.5883078575134277,0.6548358201980591,0.8341245651245117,0.050000000745058,0.2114400863647461,32,0,True,0.9008264462809916,0.5702479338842975,402.1157024793389,429.7798165137615,164.54545454545453,705.1594202898551,446.3853211009175,1.418119039789543,2.240217033870437,4,26,10,17.25,4,1054.0032377428306,248.72454921824044,-0.9460069607587266,beer_bottle_0
afar,0,1497,40,105,93,5,48957,46938,2019,599,4,19,0.4181013107299804,0.6574293375015259,1.0015535354614258,0.050000000745058,0.4168736338615417,32,0,True,0.8857142857142857,0.3809523809523809,466.25714285714287,504.7096774193548,403.8,1223.925,526.4193548387096,0.8170435279939539,1.8996262025859427,4,13,7,10.0,4,1054.0032377428306,248.72454921824044,0.4607998245556998,bottle_3
afar,0,1498,38,112,112,0,48878,48878,0,562,4,4,0.5954069495201111,0.6448172330856323,0.7835794687271118,0.050000000745058,0.6519665122032166,32,0,True,1.0,0.3392857142857143,436.4107142857143,436.4107142857143,,1286.2631578947369,436.4107142857143,0.7774458856745367,2.291419452514424,4,30,1,9.5,4,1054.0032377428306,248.72454921824044,0.6298506385270474,Tabasco_sauce_2
afar,0,1499,52,105,97,4,48304,45374,2930,599,4,21,0.5342968702316284,0.6194659471511841,1.0443230867385864,0.050000000745058,0.7763834595680237,32,0,True,0.923809523809524,0.4952380952380952,460.03809523809525,467.77319587628864,732.5,928.9230769230768,497.97938144329896,1.0765154024511427,2.00811526995694,4,18,10,13.0,4,1054.0032377428306,248.72454921824044,-0.3391967891311662,candle_holder_4
afar,0,1500,66,115,112,0,48937,47925,1012,599,4,24,0.5330689549446106,0.5432087779045105,0.8148520588874817,0.050000000745058,0.5158272981643677,32,0,True,0.9739130434782608,0.5739130434782609,425.5391304347826,427.9017857142857,,741.469696969697,436.9375,1.3486727833745429,2.288656844514376,4,25,10,16.5,4,1054.0032377428306,248.72454921824044,-0.8475394725371931,canister_1
afar,0,1501,43,104,101,2,48280,47056,1224,599,4,1,0.5196704864501953,0.6767747402191162,0.9904341101646424,0.050000000745058,0.550423800945282,32,0,True,0.971153846153846,0.4134615384615384,464.2307692307692,465.9009900990099,612.0,1122.7906976744189,478.019801980198,0.8906379453189727,2.091963545981773,4,16,4,10.75,4,1054.0032377428306,248.72454921824044,0.186540258569915,Dixie_cup_0
afar,0,1502,52,119,105,8,49266,44550,4716,599,4,12,0.5562731623649597,0.668701171875,0.8030548691749573,0.050000000745058,0.4857589602470398,32,0,True,0.8823529411764706,0.4369747899159664,414.0,424.2857142857143,589.5,947.4230769230768,469.2,1.055494661632769,2.131287297527707,4,18,7,13.0,4,1054.0032377428306,248.72454921824044,-0.2890278370143765,beer_can_1
afar,0,1503,52,98,90,4,49691,45538,4153,599,4,14,0.4523445069789886,0.5692247152328491,1.1568689346313477,0.050000000745058,0.2345253676176071,32,0,True,0.9183673469387756,0.5306122448979592,507.05102040816325,505.97777777777776,1038.25,955.5961538461538,552.1222222222223,1.0464671670926324,1.811193173814172,4,28,1,13.0,4,1054.0032377428306,248.72454921824044,-0.2668637989170422,beret_2
afar,0,1504,48,130,128,1,49591,49552,39,553,4,15,0.6117364168167114,0.6930493116378784,1.04379141330719,0.050000000745058,0.7422252297401428,32,0,True,0.9846153846153848,0.3692307692307692,381.4692307692308,387.125,39.0,1033.1458333333333,387.4296875,0.9679175656873223,2.5811135084995263,4,24,4,12.0,4,1054.0032377428306,248.72454921824044,-0.0565618444919237,bolt_1
afar,0,1505,23,116,112,3,48794,47844,950,567,4,26,0.5918719172477722,0.6458223462104797,0.7581040859222412,0.050000000745058,0.5050942301750183,32,9,False,0.9655172413793104,0.1982758620689655,420.63793103448273,427.1785714285714,316.6666666666667,2121.478260869565,435.6607142857143,0.471369430667705,2.295364184120998,4,12,2,5.75,4,1054.0032377428306,248.72454921824044,2.894816395735896,canister_3
afar,0,1506,38,102,96,4,48792,46402,2390,599,4,0,0.5473248362541199,0.5542486310005188,0.7304525375366211,0.050000000745058,0.2990462183952331,32,0,True,0.9411764705882352,0.3725490196078431,478.3529411764706,483.3541666666667,597.5,1284.0,508.25,0.778816199376947,1.9675356615838664,4,14,1,9.5,4,1054.0032377428306,248.72454921824044,0.6237133271727885,Band_Aid_0
afar,0,1507,97,136,130,4,49170,47502,1668,599,4,20,0.7736144065856934,0.5202403664588928,1.0568525791168213,0.050000000745058,0.386289894580841,32,0,True,0.9558823529411764,0.7132352941176471,361.5441176470589,365.4,417.0,506.9072164948454,378.2307692307692,1.972747610331503,2.6438885499288185,4,32,13,24.25,4,1054.0032377428306,248.72454921824044,-1.483634275312233,can_1
afar,0,1508,112,154,141,11,49744,46710,3034,599,4,15,0.7342233657836914,0.5875949859619141,0.8928874135017395,0.050000000745058,0.4287564158439636,32,0,True,0.9155844155844156,0.7272727272727273,323.012987012987,331.27659574468083,275.8181818181818,444.1428571428572,352.79432624113474,2.251527822450949,2.834512705049855,4,32,24,28.0,4,1054.0032377428306,248.72454921824044,-1.6538408774187672,bolt_1
afar,0,1509,26,113,106,1,48875,46811,2064,599,4,3,0.6564838886260986,0.585280179977417,0.6282305121421814,0.050000000745058,0.5038942098617554,32,6,False,0.9380530973451328,0.2300884955752212,432.5221238938053,441.6132075471698,2064.0,1879.8076923076924,461.0849056603773,0.5319693094629157,2.1687979539641944,3,10,0,6.5,4,1054.0032377428306,248.72454921824044,2.239445629129522,Dixie_cup_4
afar,0,1510,61,99,97,1,48158,47078,1080,599,4,26,0.5263355374336243,0.6232982873916626,1.025407791137695,0.050000000745058,0.5413730144500732,32,0,True,0.9797979797979798,0.6161616161616161,486.44444444444446,485.340206185567,1080.0,789.4754098360655,496.4742268041237,1.2666638980024088,2.0142032476431746,4,23,9,15.25,4,1054.0032377428306,248.72454921824044,-0.7173558882061013,canister_3
afar,0,1511,53,128,122,5,49281,48172,1109,599,4,3,0.6255092620849609,0.669598400592804,0.9771558046340942,0.050000000745058,0.4961866736412048,32,0,True,0.953125,0.4140625,385.0078125,394.8524590163934,221.8,929.8301886792452,403.94262295081967,1.075465189423916,2.475599115277693,4,29,5,13.25,4,1054.0032377428306,248.72454921824044,-0.3367368514955018,Dixie_cup_4
afar,0,1512,31,101,94,3,48659,45310,3349,599,4,17,0.4623894691467285,0.6982676982879639,0.6721320152282715,0.050000000745058,0.7595012187957764,32,1,False,0.9306930693069309,0.3069306930693069,481.7722772277228,482.0212765957447,1116.3333333333333,1569.645161290323,517.6489361702128,0.6370866643375326,1.9318111757331635,3,14,0,7.75,4,1054.0032377428306,248.72454921824044,1.3983359444250514,bottle_0
afar,0,1513,45,118,113,1,49088,46861,2227,599,4,26,0.7393572330474854,0.5693068504333496,1.1389527320861816,0.050000000745058,0.2698740363121032,32,0,True,0.9576271186440678,0.3813559322033898,416.0,414.6991150442478,2227.0,1090.8444444444444,434.4070796460177,0.9167209908735332,2.3019882659713167,3,24,0,11.25,4,1054.0032377428306,248.72454921824044,0.0999072829696224,canister_3
afar,0,1514,67,133,129,2,49695,48233,1462,599,4,28,0.7868058681488037,0.55588698387146,1.1551141738891602,0.050000000745058,0.2374464720487594,32,0,True,0.9699248120300752,0.5037593984962406,373.6466165413534,373.8992248062016,731.0,741.7164179104477,385.2325581395349,1.3482241674212698,2.5958345910051315,4,24,8,16.75,4,1054.0032377428306,248.72454921824044,-0.8468704059932617,chalice_4
afar,0,1515,51,97,91,2,48655,45630,3025,599,4,8,0.5701391696929932,0.5044954419136047,1.0708404779434204,0.050000000745058,0.2205201983451843,32,0,True,0.9381443298969072,0.5257731958762887,501.5979381443299,501.4285714285714,1512.5,954.0196078431372,534.6703296703297,1.0481964854588428,1.870311376014798,4,22,4,12.75,4,1054.0032377428306,248.72454921824044,-0.2711391319405695,bandage_4
afar,0,1516,37,120,118,0,49262,48641,621,599,4,6,0.7542412877082825,0.5369887351989746,1.1950669288635254,0.050000000745058,0.5618353486061096,32,0,True,0.9833333333333332,0.3083333333333333,410.51666666666665,412.2118644067797,,1331.4054054054054,417.4745762711864,0.7510860297998457,2.395355446388697,4,14,2,9.25,4,1054.0032377428306,248.72454921824044,0.7522689765706689,aerosol_can_1
afar,0,1517,40,131,124,3,49091,47115,1976,599,4,16,0.7876996994018555,0.6030946373939514,0.6318942308425903,0.050000000745058,0.7371654510498047,32,0,True,0.9465648854961832,0.3053435114503817,374.7404580152672,379.9596774193548,658.6666666666666,1227.275,395.89516129032256,0.8148133059012854,2.525921248293985,4,24,1,10.0,4,1054.0032377428306,248.72454921824044,0.4698844726417134,boom_microphone_1
afar,0,1518,44,120,117,3,48933,47855,1078,599,4,27,0.5879828929901123,0.6530249118804932,0.9505650997161864,0.050000000745058,0.7533698678016663,32,0,True,0.975,0.3666666666666666,407.775,409.017094017094,359.3333333333333,1112.1136363636365,418.2307692307692,0.8991886865714344,2.3910244620194963,4,20,2,11.0,4,1054.0032377428306,248.72454921824044,0.1575858273456626,chalice_2
afar,0,1519,54,108,104,2,49315,49222,93,596,4,19,0.5257347822189331,0.694495439529419,0.92737078666687,0.050000000745058,0.5147321820259094,32,0,True,0.9629629629629628,0.5,456.6203703703704,473.2884615384616,46.5,913.2407407407408,474.1826923076923,1.0950015208354456,2.1088918179053024,4,28,3,13.5,4,1054.0032377428306,248.72454921824044,-0.3817247011858159,bottle_3
afar,0,1520,34,105,104,0,48211,47612,599,599,4,7,0.6100937128067017,0.5145900249481201,1.0592265129089355,0.050000000745058,0.5008856654167175,32,0,True,0.9904761904761904,0.3238095238095238,459.15238095238095,457.8076923076923,,1417.970588235294,463.5673076923077,0.7052332455248802,2.157184045134928,4,24,1,8.5,4,1054.0032377428306,248.72454921824044,0.9870194907530382,atomizer_0
afar,0,1521,42,117,111,1,49373,48100,1273,599,4,28,0.6330514550209045,0.6605518460273743,1.099257469177246,0.050000000745058,0.677105724811554,32,0,True,0.9487179487179488,0.358974358974359,421.991452991453,433.3333333333333,1273.0,1175.547619047619,444.8018018018018,0.8506673688048123,2.24819233184129,2,28,0,10.5,4,1054.0032377428306,248.72454921824044,0.3296083376078247,chalice_4
afar,0,1522,49,102,101,0,48611,48012,599,599,4,7,0.4148655533790588,0.5212633013725281,0.690054178237915,0.050000000745058,0.6522427201271057,32,0,True,0.9901960784313726,0.4803921568627451,476.578431372549,475.36633663366337,,992.061224489796,481.2970297029703,1.0080023040052664,2.077719034786365,4,22,3,12.25,4,1054.0032377428306,248.72454921824044,-0.1679765349680567,atomizer_0
afar,0,1523,76,121,115,2,49402,48654,748,599,4,19,0.5875236392021179,0.6397355794906616,0.6314697861671448,0.050000000745058,0.278727650642395,32,0,True,0.950413223140496,0.628099173553719,408.2809917355372,423.0782608695652,374.0,650.0263157894736,429.5826086956522,1.538399255090887,2.327840978098053,4,29,4,19.0,4,1054.0032377428306,248.72454921824044,-1.0955188569603267,bottle_3
afar,0,1524,77,111,108,2,49000,47774,1226,599,4,1,0.5276865363121033,0.6819925904273987,0.7559225559234619,0.050000000745058,0.4135160744190216,32,0,True,0.972972972972973,0.6936936936936937,441.44144144144144,442.3518518518519,613.0,636.3636363636364,453.7037037037037,1.5714285714285714,2.204081632653061,4,31,3,19.25,4,1054.0032377428306,248.72454921824044,-1.1325697926306983,Dixie_cup_0
afar,0,1525,60,133,127,2,49474,48133,1341,517,4,28,0.7334591150283813,0.5775482654571533,1.0202823877334597,0.050000000745058,0.2219320386648178,32,0,True,0.9548872180451128,0.4511278195488721,371.98496240601503,379.0,670.5,824.5666666666667,389.5590551181102,1.2127582164369164,2.56700489145814,4,28,2,15.0,4,1054.0032377428306,248.72454921824044,-0.6221941809816474,chalice_4
afar,0,1526,40,108,103,3,48718,46958,1760,599,4,28,0.5942588448524475,0.6282418370246887,0.7232722640037537,0.050000000745058,0.7841323018074036,32,0,True,0.9537037037037036,0.3703703703703703,451.0925925925926,455.9029126213592,586.6666666666666,1217.95,472.990291262136,0.8210517673139291,2.114208300833368,4,18,2,10.0,4,1054.0032377428306,248.72454921824044,0.4445966089396018,chalice_4
afar,0,1527,31,119,110,2,48945,46022,2923,576,4,25,0.7315870523452759,0.5543796420097351,0.6042487621307373,0.050000000745058,0.6960092186927795,32,1,False,0.9243697478991596,0.2605042016806723,411.30252100840335,418.3818181818182,1461.5,1578.8709677419354,444.95454545454544,0.6333639799775258,2.2474205741138014,3,20,0,7.75,4,1054.0032377428306,248.72454921824044,1.4233548115661177,canister_2
afar,0,1528,25,133,129,0,49192,48552,640,599,4,0,0.7778972387313843,0.6361718773841858,0.7296926975250244,0.050000000745058,0.3964614570140838,32,7,False,0.9699248120300752,0.18796992481203,369.8646616541353,376.3720930232558,,1967.68,381.3333333333333,0.508212717515043,2.6223776223776225,3,13,0,6.25,4,1054.0032377428306,248.72454921824044,2.4777408505893703,Band_Aid_0
afar,0,1529,70,115,111,1,48862,47572,1290,599,4,15,0.5373209714889526,0.6815544366836548,0.8460208177566528,0.050000000745058,0.4488892555236816,32,0,True,0.9652173913043478,0.6086956521739131,424.8869565217392,428.5765765765766,1290.0,698.0285714285715,440.1981981981982,1.4326061151815317,2.271703982645,4,26,1,17.5,4,1054.0032377428306,248.72454921824044,-0.9653446480600134,bolt_1
afar,0,1530,48,132,121,2,48945,47902,1043,580,4,19,0.6430507898330688,0.6919859647750854,1.0410605669021606,0.050000000745058,0.5081305503845215,32,0,True,0.9166666666666666,0.3636363636363636,370.79545454545456,395.8842975206612,521.5,1019.6875,404.504132231405,0.9806926141587496,2.472162631525181,4,21,1,12.0,4,1054.0032377428306,248.72454921824044,-0.0930586272255341,bottle_3
afar,0,1531,19,105,100,1,48529,45594,2935,599,4,4,0.5828915238380432,0.5269402861595154,0.7156655192375183,0.050000000745058,0.7419853806495667,32,13,False,0.9523809523809524,0.1809523809523809,462.1809523809524,455.94,2935.0,2554.157894736842,485.29,0.3915184734900781,2.060623544684621,4,7,1,4.75,4,1054.0032377428306,248.72454921824044,4.068172278622248,Tabasco_sauce_2
afar,0,1532,40,112,102,7,49431,46563,2868,599,4,25,0.5128399729728699,0.5747321844100952,0.8834831118583679,0.050000000745058,0.676692545413971,32,0,True,0.9107142857142856,0.3571428571428571,441.3482142857143,456.5,409.7142857142857,1235.775,484.61764705882354,0.8092087960996136,2.0634824300540147,3,22,0,10.0,4,1054.0032377428306,248.72454921824044,0.4929350722629411,canister_2
afar,0,1533,39,109,105,4,48513,48429,84,598,4,12,0.489053875207901,0.5030010938644409,1.0880047082901,0.050000000745058,0.2588643431663513,32,0,True,0.963302752293578,0.3577981651376147,445.07339449541286,461.22857142857146,21.0,1243.923076923077,462.0285714285714,0.8039082307835014,2.164368313647888,4,23,1,9.75,4,1054.0032377428306,248.72454921824044,0.5150313144790362,beer_can_1
afar,0,1534,74,114,111,2,49125,47328,1797,599,4,15,0.6046279668807983,0.6629830598831177,1.1144211292266846,0.050000000745058,0.4371343553066253,32,0,True,0.9736842105263158,0.6491228070175439,430.92105263157896,426.3783783783784,898.5,663.8513513513514,442.5675675675676,1.5063613231552162,2.2595419847328246,4,26,2,18.5,4,1054.0032377428306,248.72454921824044,-1.0580276381972586,bolt_1
afar,0,1535,61,131,124,4,49087,47466,1621,599,4,3,0.6607652306556702,0.5829591155052185,0.8058220744132996,0.050000000745058,0.5958281755447388,32,0,True,0.9465648854961832,0.465648854961832,374.7099236641221,382.7903225806452,405.25,804.7049180327868,395.86290322580646,1.242691547660277,2.5261270804897427,4,23,8,15.25,4,1054.0032377428306,248.72454921824044,-0.6760559710448274,Dixie_cup_4
afar,0,1536,36,109,108,0,48888,48575,313,558,4,23,0.5648238658905029,0.6719135046005249,0.9655108451843262,0.050000000745058,0.757622241973877,32,0,True,0.9908256880733946,0.3302752293577982,448.51376146788994,449.7685185185185,,1358.0,452.6666666666667,0.7363770250368189,2.2091310751104567,3,15,0,9.0,4,1054.0032377428306,248.72454921824044,0.8243891356399472,canister_0
afar,0,1537,36,123,117,5,48908,48770,138,569,4,14,0.6339644193649292,0.5451798439025879,0.940805196762085,0.050000000745058,0.3984507918357849,32,0,True,0.951219512195122,0.2926829268292683,397.6260162601626,416.8376068376068,27.6,1358.5555555555557,418.017094017094,0.736075897603664,2.392246667211908,4,15,3,9.0,4,1054.0032377428306,248.72454921824044,0.8258957107785898,beret_2
afar,0,1538,73,125,116,6,48983,48379,604,541,4,19,0.7249842882156372,0.50244140625,0.7952461242675781,0.050000000745058,0.6491979360580444,32,0,True,0.928,0.584,391.864,417.0603448275862,100.66666666666669,671.0,422.2672413793104,1.4903129657228018,2.368168548271849,4,27,11,18.25,4,1054.0032377428306,248.72454921824044,-1.038641680805161,bottle_3
afar,0,1539,60,133,126,6,49492,47967,1525,599,4,29,0.6833763122558594,0.5131502747535706,1.1688734292984009,0.050000000745058,0.5275622010231018,32,0,True,0.9473684210526316,0.4511278195488721,372.1203007518797,380.6904761904762,254.16666666666663,824.8666666666667,392.7936507936508,1.21231714216439,2.5458659985452194,4,20,6,15.0,4,1054.0032377428306,248.72454921824044,-0.6213806304067806,chicken_(animal)_2
afar,0,1540,57,126,109,17,48752,44338,4414,591,4,25,0.6824743747711182,0.5525611042976379,0.9111415147781372,0.050000000745058,0.3766550123691559,32,0,True,0.8650793650793651,0.4523809523809524,386.9206349206349,406.7706422018349,259.6470588235294,855.2982456140351,447.2660550458716,1.16918280275681,2.2358057105349523,4,22,4,14.25,4,1054.0032377428306,248.72454921824044,-0.5388552019176547,canister_2
afar,0,1541,47,128,120,5,49784,48324,1460,599,4,29,0.6562073230743408,0.6702325344085693,0.6709673404693604,0.050000000745058,0.5990538597106934,32,0,True,0.9375,0.3671875,388.9375,402.7,292.0,1059.2340425531916,414.8666666666667,0.9440784187690824,2.4104129840912742,4,21,5,11.75,4,1054.0032377428306,248.72454921824044,0.0141850808682849,chicken_(animal)_2
afar,0,1542,49,97,85,1,48567,41379,7188,599,4,22,0.4462561309337616,0.5462110638618469,1.1616123914718628,0.050000000745058,0.5436661839485168,32,0,True,0.8762886597938144,0.5051546391752577,500.6907216494845,486.8117647058824,7188.0,991.1632653061224,571.3764705882353,1.0089155187678878,1.7501595733728663,4,23,2,12.25,4,1054.0032377428306,248.72454921824044,-0.1704116523350052,candy_cane_1
afar,0,1543,44,110,97,5,48591,44052,4539,599,4,12,0.4789990186691284,0.52158123254776,0.7768404483795166,0.050000000745058,0.3377830386161804,32,0,True,0.8818181818181818,0.4,441.7363636363637,454.1443298969072,907.8,1104.340909090909,500.9381443298969,0.9055174826613982,1.996254450412628,4,18,1,11.0,4,1054.0032377428306,248.72454921824044,0.1365074715422941,beer_can_1
afar,0,1544,72,99,94,4,48533,46702,1831,599,4,27,0.4516843259334564,0.5617602467536926,0.6285849213600159,0.050000000745058,0.5234050750732422,32,0,True,0.9494949494949496,0.7272727272727273,490.2323232323232,496.82978723404256,457.75,674.0694444444445,516.3085106382979,1.4835266725733007,1.9368264891929203,4,22,14,18.0,4,1054.0032377428306,248.72454921824044,-1.030317853164162,chalice_2
afar,0,1545,46,127,124,2,49180,47989,1191,599,4,4,0.7314274907112122,0.6921083927154541,0.6168991923332214,0.050000000745058,0.5154448747634888,32,0,True,0.9763779527559056,0.3622047244094488,387.244094488189,387.008064516129,595.5,1069.1304347826087,396.61290322580646,0.9353395689304596,2.521350142334282,4,20,7,11.5,4,1054.0032377428306,248.72454921824044,0.0410224661594525,Tabasco_sauce_2
afar,0,1546,45,94,84,5,48559,43725,4834,599,4,2,0.4238463044166565,0.5115708708763123,1.173301339149475,0.050000000745058,0.4554027318954468,32,0,True,0.8936170212765957,0.4787234042553192,516.5851063829788,520.5357142857143,966.8,1079.088888888889,578.0833333333334,0.9267077163862518,1.729854403921003,4,14,10,11.25,4,1054.0032377428306,248.72454921824044,0.0680281530359508,Dixie_cup_3
afar,0,1547,60,104,103,1,48716,48117,599,599,4,13,0.4506842195987701,0.6913150548934937,1.1309683322906494,0.050000000745058,0.5729349851608276,32,0,True,0.9903846153846154,0.5769230769230769,468.4230769230769,467.1553398058253,599.0,811.9333333333333,472.97087378640776,1.231628212496921,2.1142950981197144,4,23,2,15.0,4,1054.0032377428306,248.72454921824044,-0.6564536996343743,beer_can_4
afar,0,1548,38,123,113,8,49156,45276,3880,599,4,13,0.7317123413085938,0.5540624856948853,0.7784754037857056,0.050000000745058,0.3573188185691833,32,0,True,0.91869918699187,0.3089430894308943,399.6422764227642,400.6725663716814,485.0,1293.578947368421,435.0088495575221,0.7730490682724388,2.298803808283831,3,21,0,9.5,4,1054.0032377428306,248.72454921824044,0.6496898543001164,beer_can_4
afar,0,1549,54,127,120,2,49425,46481,2944,599,4,15,0.7182214260101318,0.5815435647964478,0.9386485815048218,0.050000000745058,0.3704399466514587,32,0,True,0.9448818897637796,0.4251968503937008,389.1732283464567,387.3416666666666,1472.0,915.2777777777778,411.875,1.0925644916540211,2.427921092564492,4,23,5,13.5,4,1054.0032377428306,248.72454921824044,-0.3762005923441273,bolt_1
afar,0,1550,45,100,91,7,49178,44983,4195,599,4,9,0.4109362959861755,0.5742097496986389,1.1153666973114014,0.050000000745058,0.4199970960617065,32,0,True,0.91,0.45,491.78,494.3186813186813,599.2857142857143,1092.8444444444444,540.4175824175824,0.9150433120501036,1.850420919923543,4,16,8,11.25,4,1054.0032377428306,248.72454921824044,0.1053309534687348,bear_0
afar,0,1551,51,125,115,7,48859,46084,2775,599,4,9,0.7155634164810181,0.6050095558166504,1.0277241468429563,0.050000000745058,0.6007716059684753,32,0,True,0.92,0.408,390.872,400.7304347826087,396.4285714285714,958.0196078431372,424.8608695652174,1.0438199717554597,2.353711701017213,4,20,1,12.75,4,1054.0032377428306,248.72454921824044,-0.2602917909423448,bear_0
afar,0,1552,28,110,97,1,49015,43502,5513,599,4,21,0.5543644428253174,0.635354220867157,0.7598835229873657,0.050000000745058,0.4786916375160217,32,4,False,0.8818181818181818,0.2545454545454545,445.59090909090907,448.4742268041237,5513.0,1750.5357142857142,505.30927835051546,0.5712536978475977,1.9789860246863205,4,13,1,7.0,4,1054.0032377428306,248.72454921824044,1.888881322349668,candle_holder_4
afar,0,1553,71,131,125,5,48888,47214,1674,599,4,1,0.6430891752243042,0.6713886857032776,0.90988427400589,0.050000000745058,0.2169633656740188,32,0,True,0.9541984732824428,0.5419847328244275,373.19083969465646,377.712,334.8,688.5633802816901,391.104,1.4522991327115038,2.556864670266732,4,31,2,17.75,4,1054.0032377428306,248.72454921824044,-0.9910126870559134,Dixie_cup_0
afar,0,1554,38,99,89,6,49232,43772,5460,599,4,13,0.4747130870819092,0.532802939414978,0.6016355752944946,0.050000000745058,0.4352647066116333,32,0,True,0.898989898989899,0.3838383838383838,497.2929292929293,491.82022471910113,910.0,1295.578947368421,553.1685393258427,0.7718557036074098,1.807767305817355,3,22,0,9.5,4,1054.0032377428306,248.72454921824044,0.6551135247992287,beer_can_4
afar,0,1555,61,119,117,1,48653,47780,873,599,4,1,0.569640040397644,0.6927551031112671,1.115321397781372,0.050000000745058,0.5106654167175293,32,0,True,0.9831932773109244,0.5126050420168067,408.8487394957983,408.3760683760684,873.0,797.5901639344262,415.8376068376068,1.2537767455244282,2.4047849053501325,3,24,0,15.25,4,1054.0032377428306,248.72454921824044,-0.6953500120006864,Dixie_cup_0
afar,0,1556,60,126,120,6,49014,47290,1724,599,4,1,0.6444512605667114,0.5042073130607605,1.089103102684021,0.050000000745058,0.3253735899925232,32,0,True,0.9523809523809524,0.4761904761904761,389.0,394.0833333333333,287.3333333333333,816.9,408.45,1.2241400416207615,2.448280083241523,4,25,7,15.0,4,1054.0032377428306,248.72454921824044,-0.6429849178949117,Dixie_cup_0
afar,0,1557,32,124,112,8,49102,47194,1908,599,4,11,0.7524977922439575,0.6674748659133911,0.834749162197113,0.050000000745058,0.4303111135959625,32,0,True,0.9032258064516128,0.2580645161290322,395.983870967742,421.375,238.5,1534.4375,438.4107142857143,0.6517046148833041,2.2809661520915645,4,19,2,8.0,4,1054.0032377428306,248.72454921824044,1.3028585674835191,beer_bottle_3
afar,0,1558,49,117,110,1,48838,47557,1281,599,4,9,0.7212796211242676,0.5402708649635315,0.7043260335922241,0.050000000745058,0.5711344480514526,32,0,True,0.9401709401709402,0.4188034188034188,417.4188034188034,432.3363636363636,1281.0,996.6938775510204,443.9818181818182,1.00331708915189,2.2523444858511814,4,21,3,12.25,4,1054.0032377428306,248.72454921824044,-0.1554135430976637,bear_0
afar,0,1559,36,107,102,2,48718,46352,2366,599,4,26,0.4912441670894623,0.6029496788978577,0.8598447442054749,0.050000000745058,0.7320119738578796,32,0,True,0.9532710280373832,0.3364485981308411,455.30841121495325,454.4313725490196,1183.0,1353.2777777777778,477.62745098039215,0.7389465905825362,2.0936820066505195,4,16,1,9.0,4,1054.0032377428306,248.72454921824044,0.8115832469614876,canister_3
afar,0,1560,40,110,106,4,48633,46564,2069,599,4,6,0.4688125252723694,0.6699941158294678,0.8200682401657104,0.050000000745058,0.6708160042762756,32,0,True,0.9636363636363636,0.3636363636363636,442.1181818181818,439.2830188679245,517.25,1215.825,458.8018867924528,0.8224867888059548,2.17958999033578,4,19,3,10.0,4,1054.0032377428306,248.72454921824044,0.4388339590342949,aerosol_can_1
afar,0,1561,48,104,83,18,48498,41519,6979,599,4,2,0.5878292322158813,0.6462624073028564,1.0052944421768188,0.050000000745058,0.3662730455398559,32,0,True,0.7980769230769231,0.4615384615384615,466.3269230769231,500.2289156626506,387.72222222222223,1010.375,584.3132530120482,0.9897315353210442,1.711410779825972,4,16,8,12.0,4,1054.0032377428306,248.72454921824044,-0.1183125929870261,Dixie_cup_3
afar,0,1562,59,122,119,3,48373,47255,1118,599,4,23,0.6627683639526367,0.5415991544723511,1.1004501581192017,0.050000000745058,0.2881301045417785,32,0,True,0.9754098360655736,0.4836065573770491,396.5,397.10084033613447,372.6666666666667,819.8813559322034,406.4957983193277,1.219688669298989,2.4600500279081308,3,26,0,14.75,4,1054.0032377428306,248.72454921824044,-0.6348999717864889,canister_0
afar,0,1563,36,127,119,1,49342,47552,1790,599,4,10,0.7096596956253052,0.548575222492218,1.1504063606262207,0.050000000745058,0.6375789642333984,32,0,True,0.937007874015748,0.2834645669291338,388.5196850393701,399.5966386554622,1790.0,1370.611111111111,414.6386554621849,0.7296015564833205,2.4117384783754203,4,13,3,9.0,4,1054.0032377428306,248.72454921824044,0.858588391287128,beer_bottle_0
afar,0,1564,43,99,97,1,48902,47720,1182,599,4,9,0.4006994068622589,0.6163164377212524,0.8446069359779358,0.050000000745058,0.5265757441520691,32,0,True,0.9797979797979798,0.4343434343434343,493.959595959596,491.9587628865979,1182.0,1137.2558139534883,504.1443298969072,0.8793096396875384,1.9835589546439816,4,18,2,10.75,4,1054.0032377428306,248.72454921824044,0.2257672707844253,bear_0
afar,0,1565,58,117,110,4,48503,46203,2300,599,4,1,0.5836564302444458,0.6126136779785156,0.7355927228927612,0.050000000745058,0.3559805154800415,32,0,True,0.9401709401709402,0.4957264957264957,414.55555555555554,420.0272727272727,575.0,836.2586206896551,440.9363636363637,1.1958023215058862,2.267900954580129,4,18,7,14.5,4,1054.0032377428306,248.72454921824044,-0.590487527925917,Dixie_cup_0
afar,0,1566,63,129,110,14,49014,44207,4807,599,4,12,0.6070725917816162,0.642568826675415,1.1247308254241943,0.050000000745058,0.6420644521713257,32,0,True,0.8527131782945736,0.4883720930232558,379.953488372093,401.8818181818182,343.35714285714283,778.0,445.58181818181816,1.2853470437017995,2.244256742971396,4,24,8,15.75,4,1054.0032377428306,248.72454921824044,-0.7484753091026477,beer_can_1
afar,0,1567,33,94,83,5,48945,43178,5767,599,4,2,0.5065963268280029,0.5611438751220703,0.6001689434051514,0.050000000745058,0.2356735616922378,32,0,True,0.8829787234042553,0.351063829787234,520.6914893617021,520.2168674698795,1153.4,1483.1818181818182,589.6987951807229,0.6742261722341404,1.6957809786495046,4,21,1,8.25,4,1054.0032377428306,248.72454921824044,1.1638616027889368,Dixie_cup_3
afar,0,1568,52,135,129,5,49147,47298,1849,599,4,30,0.7577474117279053,0.5837539434432983,1.1573916673660278,0.050000000745058,0.6262245178222656,32,0,True,0.9555555555555556,0.3851851851851852,364.05185185185184,366.6511627906977,369.8,945.1346153846154,380.984496124031,1.0580503387795797,2.624778725049342,4,21,5,13.0,4,1054.0032377428306,248.72454921824044,-0.2952337676816302,chocolate_milk_4
afar,0,1569,47,101,95,0,48701,45107,3594,599,4,26,0.5469101667404175,0.6758681535720825,1.174405813217163,0.050000000745058,0.5776997208595276,32,0,True,0.9405940594059404,0.4653465346534653,482.1881188118812,474.8105263157895,,1036.1914893617022,512.6421052631579,0.965072585778526,1.950678630828936,3,24,0,11.75,4,1054.0032377428306,248.72454921824044,-0.0483025271161694,canister_3
afar,0,1570,39,100,90,4,48586,44392,4194,599,4,10,0.4093205332756042,0.611912190914154,0.6734505891799927,0.050000000745058,0.7659338712692261,32,0,True,0.9,0.39,485.86,493.24444444444447,1048.5,1245.7948717948718,539.8444444444444,0.80270036636068,1.8523854608323385,4,19,2,9.75,4,1054.0032377428306,248.72454921824044,0.5201073137923082,beer_bottle_0
afar,0,1571,40,108,104,2,49806,48113,1693,599,4,25,0.4805845022201538,0.6286090016365051,0.6081197261810303,0.050000000745058,0.431225061416626,32,0,True,0.9629629629629628,0.3703703703703703,461.1666666666667,462.625,846.5,1245.15,478.9038461538461,0.8031160904308717,2.0881018351202667,4,23,3,10.0,4,1054.0032377428306,248.72454921824044,0.5183585277275305,canister_2
afar,0,1572,36,109,105,2,48818,46556,2262,599,4,0,0.6064125895500183,0.6519389748573303,0.6563847661018372,0.050000000745058,0.3043117523193359,32,0,True,0.963302752293578,0.3302752293577982,447.8715596330275,443.3904761904762,1131.0,1356.0555555555557,464.9333333333333,0.7374329140890655,2.150845999426441,4,19,4,9.0,4,1054.0032377428306,248.72454921824044,0.8191161226546994,Band_Aid_0
afar,0,1573,32,99,93,2,48400,44902,3498,599,4,21,0.4511661827564239,0.6513417363166809,1.1767425537109375,0.050000000745058,0.7972249388694763,32,0,True,0.9393939393939394,0.3232323232323232,488.8888888888889,482.81720430107526,1749.0,1512.5,520.4301075268817,0.6611570247933884,1.921487603305785,3,16,0,8.0,4,1054.0032377428306,248.72454921824044,1.2433676816963797,candle_holder_4
afar,0,1574,41,115,113,2,48906,48317,589,588,4,4,0.6456822752952576,0.5590327382087708,1.0984519720077517,0.050000000745058,0.4366592764854431,32,0,True,0.982608695652174,0.3565217391304348,425.2695652173913,427.5840707964602,294.5,1192.8292682926829,432.7964601769912,0.8383429436061015,2.3105549421338893,3,25,0,10.25,4,1054.0032377428306,248.72454921824044,0.376473323201055,Tabasco_sauce_2
afar,0,1575,53,134,127,4,49178,47648,1530,599,4,15,0.7945605516433716,0.5523590445518494,0.9659639596939088,0.050000000745058,0.2057434320449829,32,0,True,0.9477611940298508,0.3955223880597014,367.0,375.1811023622048,382.5,927.8867924528302,387.2283464566929,1.0777176786367888,2.582455569563626,4,24,2,13.25,4,1054.0032377428306,248.72454921824044,-0.342007021886149,bolt_1
afar,0,1576,31,112,111,0,48829,48230,599,599,4,3,0.6081873178482056,0.6606783866882324,1.0308160781860352,0.050000000745058,0.3900206089019775,32,1,False,0.9910714285714286,0.2767857142857143,435.9732142857143,434.5045045045045,,1575.1290322580646,439.9009009009009,0.6348686231542731,2.273239263552397,4,11,2,7.75,4,1054.0032377428306,248.72454921824044,1.4132072990193916,Dixie_cup_4
afar,0,1577,77,110,107,1,49065,47268,1797,599,4,20,0.5507291555404663,0.5077807903289795,0.6493690013885498,0.050000000745058,0.7400616407394409,32,0,True,0.9727272727272728,0.7,446.04545454545456,441.7570093457944,1797.0,637.2077922077922,458.5514018691589,1.5693467848772038,2.180780597167024,4,26,11,19.25,4,1054.0032377428306,248.72454921824044,-1.1302805810563978,can_1
afar,0,1578,45,119,113,4,49285,46890,2395,599,4,21,0.7884213328361511,0.6081642508506775,0.9422240257263184,0.050000000745058,0.2997254729270935,32,0,True,0.9495798319327732,0.3781512605042016,414.15966386554624,414.95575221238937,598.75,1095.2222222222222,436.1504424778761,0.9130567109668256,2.292786851983362,4,23,2,11.25,4,1054.0032377428306,248.72454921824044,0.1117790950621239,candle_holder_4
afar,0,1579,51,133,121,4,48722,46463,2259,599,4,5,0.747647762298584,0.6406123638153076,0.6611198782920837,0.050000000745058,0.5656081438064575,32,0,True,0.9097744360902256,0.3834586466165413,366.3308270676692,383.9917355371901,564.75,955.3333333333334,402.6611570247934,1.04675505931612,2.48347768975001,4,22,5,12.75,4,1054.0032377428306,248.72454921824044,-0.2675765248480151,Tabasco_sauce_4
afar,0,1580,33,102,100,1,48866,47668,1198,599,4,16,0.7329037189483643,0.5804665088653564,0.7402262687683105,0.050000000745058,0.2048164308071136,32,0,True,0.9803921568627452,0.3235294117647059,479.078431372549,476.68,1198.0,1480.7878787878788,488.66,0.6753161707526706,2.046412638644456,4,18,1,8.25,4,1054.0032377428306,248.72454921824044,1.1573696335551509,boom_microphone_1
afar,0,1581,79,128,115,11,49108,46533,2575,599,4,10,0.6151710748672485,0.5745071768760681,0.833934485912323,0.050000000745058,0.4095024168491363,32,0,True,0.8984375,0.6171875,383.65625,404.6347826086957,234.0909090909091,621.620253164557,427.02608695652174,1.608699193614075,2.3417773071597296,4,29,1,19.75,4,1054.0032377428306,248.72454921824044,-1.1725514188876764,beer_bottle_0
afar,0,1582,50,128,126,1,49448,48955,493,516,4,23,0.6091432571411133,0.5097333192825317,0.7027562260627747,0.050000000745058,0.3833246231079101,32,0,True,0.984375,0.390625,386.3125,388.531746031746,493.0,988.96,392.44444444444446,1.0111632421938197,2.548131370328426,4,30,4,12.5,4,1054.0032377428306,248.72454921824044,-0.176386544856272,canister_0
afar,0,1583,23,100,85,1,48811,42937,5874,599,4,19,0.4448946118354797,0.6618653535842896,0.6812081336975098,0.050000000745058,0.4113068580627441,32,9,False,0.85,0.23,488.11,505.1411764705882,5874.0,2122.217391304348,574.2470588235294,0.4712052611091762,1.7414107475773903,3,18,0,5.75,4,1054.0032377428306,248.72454921824044,2.8968207957029604,bottle_3
afar,0,1584,60,101,101,0,48902,48902,0,596,4,18,0.6203587651252747,0.5645805597305298,0.8025307059288025,0.050000000745058,0.3467352390289306,32,0,True,1.0,0.594059405940594,484.1782178217822,484.1782178217822,,815.0333333333333,484.1782178217822,1.2269436832849372,2.065355200196311,4,24,10,15.0,4,1054.0032377428306,248.72454921824044,-0.64804701036075,bottle_2
afar,0,1585,92,118,117,0,49237,48638,599,599,4,1,0.7945308685302734,0.6334945559501648,1.1023613214492798,0.050000000745058,0.2820181846618652,32,0,True,0.9915254237288136,0.7796610169491526,417.2627118644068,415.7094017094017,,535.1847826086956,420.8290598290598,1.8685135162580984,2.376261754371712,4,29,17,23.0,4,1054.0032377428306,248.72454921824044,-1.4069501747530382,Dixie_cup_0
afar,0,1586,21,124,101,19,48821,42055,6766,568,4,2,0.6105729341506958,0.5344362854957581,0.7022795081138611,0.050000000745058,0.5938559174537659,32,11,False,0.8145161290322581,0.1693548387096774,393.71774193548384,416.38613861386136,356.10526315789474,2324.809523809524,483.3762376237624,0.4301427664324778,2.068781876651441,4,9,1,5.25,4,1054.0032377428306,248.72454921824044,3.4462172819132566,Dixie_cup_3
afar,0,1587,51,104,101,2,48816,47019,1797,599,4,20,0.4215229451656341,0.6166976690292358,0.760620653629303,0.050000000745058,0.6365801692008972,32,0,True,0.971153846153846,0.4903846153846153,469.38461538461536,465.53465346534654,898.5,957.1764705882352,483.3267326732673,1.044739429695182,2.068993772533596,3,19,0,12.75,4,1054.0032377428306,248.72454921824044,-0.262578240270402,can_1
afar,0,1588,52,131,113,13,48972,44221,4751,599,4,13,0.709773063659668,0.6833803057670593,1.1699190139770508,0.050000000745058,0.5519521832466125,32,0,True,0.8625954198473282,0.3969465648854962,373.8320610687023,391.3362831858407,365.46153846153845,941.7692307692308,433.3805309734513,1.061831250510496,2.3074409866862697,4,19,3,13.0,4,1054.0032377428306,248.72454921824044,-0.3043601363099443,beer_can_4
afar,0,1589,55,130,126,3,48689,47721,968,522,4,8,0.7794920206069946,0.6694765686988831,0.8930371999740601,0.050000000745058,0.5861522555351257,32,0,True,0.9692307692307692,0.4230769230769231,374.5307692307693,378.7380952380952,322.6666666666667,885.2545454545455,386.4206349206349,1.1296185996837067,2.587853519275401,4,25,2,13.75,4,1054.0032377428306,248.72454921824044,-0.4576186520638839,bandage_4
afar,0,1590,22,124,119,1,49144,47484,1660,599,4,5,0.7676686644554138,0.6186113953590393,0.8934329152107239,0.050000000745058,0.3093820214271545,32,10,False,0.9596774193548387,0.1774193548387097,396.3225806451613,399.0252100840336,1660.0,2233.818181818182,412.9747899159664,0.4476640078137717,2.4214553149926745,4,11,2,5.5,4,1054.0032377428306,248.72454921824044,3.1994637532967127,Tabasco_sauce_4
afar,0,1591,51,117,109,7,48715,46807,1908,599,4,0,0.6094329357147217,0.5332738757133484,0.9080616235733032,0.050000000745058,0.6223929524421692,32,0,True,0.9316239316239316,0.4358974358974359,416.36752136752136,429.4220183486239,272.57142857142856,955.1960784313726,446.9266055045872,1.0469054705942729,2.2375038489171715,4,23,1,12.75,4,1054.0032377428306,248.72454921824044,-0.2679487375293267,Band_Aid_0
afar,0,1592,15,113,113,0,48389,48389,0,581,4,27,0.6375726461410522,0.6956691741943359,0.6871665120124817,0.050000000745058,0.5794078707695007,32,17,False,1.0,0.1327433628318584,428.2212389380531,428.2212389380531,,3225.9333333333334,428.2212389380531,0.3099878071462522,2.3352414805017667,2,11,0,3.75,4,1054.0032377428306,248.72454921824044,5.889916592794289,chalice_2
afar,0,1593,63,111,110,1,48702,48103,599,599,4,23,0.6323661208152771,0.6389650106430054,0.9121711254119872,0.050000000745058,0.7325788140296936,32,0,True,0.990990990990991,0.5675675675675675,438.7567567567568,437.3,599.0,773.047619047619,442.74545454545455,1.293581372428237,2.258634142335017,4,25,2,15.75,4,1054.0032377428306,248.72454921824044,-0.7619053503385451,canister_0
afar,0,1594,64,118,108,6,49052,44495,4557,599,4,26,0.5180295705795288,0.6518427133560181,1.1332314014434814,0.050000000745058,0.6525714993476868,32,0,True,0.9152542372881356,0.5423728813559322,415.6949152542373,411.9907407407408,759.5,766.4375,454.1851851851852,1.3047378292424363,2.201745086846612,4,25,5,16.0,4,1054.0032377428306,248.72454921824044,-0.7798309041756413,canister_3
afar,0,1595,49,109,107,1,48949,48116,833,599,4,1,0.5708178281784058,0.5950320959091187,0.8866571187973022,0.050000000745058,0.7996260523796082,32,0,True,0.981651376146789,0.4495412844036697,449.07339449541286,449.68224299065423,833.0,998.9591836734694,457.4672897196262,1.0010419007538458,2.1859486404216635,4,23,5,12.25,4,1054.0032377428306,248.72454921824044,-0.149270406103771,Dixie_cup_0
afar,0,1596,50,117,104,9,49004,43976,5028,599,4,2,0.763161301612854,0.6993176937103271,0.8464044332504272,0.050000000745058,0.6344325542449951,32,0,True,0.8888888888888888,0.4273504273504273,418.8376068376068,422.84615384615387,558.6666666666666,980.08,471.1923076923077,1.0203248714390662,2.1222757325932577,4,19,5,12.5,4,1054.0032377428306,248.72454921824044,-0.2004676418723311,Dixie_cup_3
afar,0,1597,38,108,107,0,49536,48937,599,599,4,7,0.6204046010971069,0.5934584736824036,0.9505712985992432,0.050000000745058,0.2403675019741058,32,0,True,0.9907407407407408,0.3518518518518518,458.6666666666667,457.3551401869159,,1303.578947368421,462.95327102803736,0.7671188630490956,2.160045219638243,4,17,2,9.5,4,1054.0032377428306,248.72454921824044,0.6768082067956783,atomizer_0
afar,0,1598,34,138,116,14,48888,44097,4791,599,4,12,0.7884970903396606,0.6948820352554321,0.8719240427017212,0.050000000745058,0.6777349710464478,32,0,True,0.8405797101449275,0.2463768115942029,354.2608695652174,380.1465517241379,342.2142857142857,1437.8823529411766,421.44827586206895,0.6954671903125511,2.3727704140075274,4,18,1,8.5,4,1054.0032377428306,248.72454921824044,1.0410169161633192,beer_can_1
afar,0,1599,28,106,105,1,48662,48299,363,590,4,23,0.4671865999698639,0.690558671951294,1.0339559316635132,0.050000000745058,0.45717853307724,32,4,False,0.9905660377358492,0.2641509433962264,459.0754716981132,459.9904761904762,363.0,1737.928571428571,463.4476190476191,0.5753976408696725,2.157741153261272,3,19,0,7.0,4,1054.0032377428306,248.72454921824044,1.854692827953477,canister_0
afar,0,1600,70,127,116,10,49170,46049,3121,599,4,26,0.5707705616950989,0.684244692325592,0.9764368534088136,0.050000000745058,0.5165224671363831,32,0,True,0.9133858267716536,0.5511811023622047,387.1653543307087,396.9741379310345,312.1,702.4285714285714,423.8793103448276,1.4236322961155177,2.359162090705715,4,23,7,17.5,4,1054.0032377428306,248.72454921824044,-0.953412572961966,canister_3
afar,0,1601,79,129,124,4,49499,48884,615,545,4,6,0.6023436784744263,0.6848616600036621,0.633232057094574,0.050000000745058,0.6285018920898438,32,0,True,0.9612403100775194,0.6124031007751938,383.71317829457365,394.2258064516129,153.75,626.5696202531645,399.1854838709677,1.595991838218954,2.505101113153801,4,27,9,19.75,4,1054.0032377428306,248.72454921824044,-1.159129550753797,aerosol_can_1
afar,0,1602,49,103,98,3,49024,46611,2413,599,4,16,0.4809664487838745,0.5297696590423584,1.1390693187713623,0.050000000745058,0.5140305757522583,32,0,True,0.9514563106796116,0.4757281553398058,475.9611650485437,475.6224489795918,804.3333333333334,1000.4897959183672,500.2448979591837,0.9995104438642296,1.99902088772846,4,17,9,12.25,4,1054.0032377428306,248.72454921824044,-0.1451196378646544,boom_microphone_1
afar,0,1603,61,131,123,6,49076,47911,1165,599,4,14,0.7544169425964355,0.5667701959609985,1.1243040561676023,0.050000000745058,0.4040664136409759,32,0,True,0.9389312977099236,0.465648854961832,374.62595419847327,389.520325203252,194.16666666666663,804.5245901639345,398.9918699186992,1.2429700872116718,2.506316733230092,4,30,2,15.25,4,1054.0032377428306,248.72454921824044,-0.6765449905160587,beret_2
afar,0,1604,36,137,99,37,48816,39850,8966,553,4,31,0.7396822571754456,0.5018312931060791,0.6259251236915588,0.050000000745058,0.587108850479126,32,0,True,0.7226277372262774,0.2627737226277372,356.3211678832117,402.5252525252525,242.32432432432432,1356.0,493.09090909090907,0.7374631268436578,2.028023598820059,4,17,1,9.0,4,1054.0032377428306,248.72454921824044,0.8189654651408349,cider_0
afar,0,1605,32,112,106,1,48700,47762,938,589,4,13,0.4921194314956665,0.6572113037109375,0.6562039852142334,0.050000000745058,0.6172841787338257,32,0,True,0.9464285714285714,0.2857142857142857,434.82142857142856,450.5849056603773,938.0,1521.875,459.4339622641509,0.6570841889117043,2.1765913757700206,3,17,0,8.0,4,1054.0032377428306,248.72454921824044,1.2687911371609693,beer_can_4
afar,0,1606,44,123,123,0,49882,49882,0,586,4,7,0.7761968374252319,0.5424582958221436,1.133699655532837,0.050000000745058,0.6154689192771912,32,0,True,1.0,0.3577235772357723,405.5447154471545,405.5447154471545,,1133.6818181818182,405.5447154471545,0.8820817128423079,2.4658193336273606,4,23,3,11.0,4,1054.0032377428306,248.72454921824044,0.2160751830690456,atomizer_0
afar,0,1607,61,120,115,3,49183,47700,1483,599,4,3,0.7864940166473389,0.562258780002594,0.7855963110923767,0.050000000745058,0.3759933114051819,32,0,True,0.9583333333333334,0.5083333333333333,409.85833333333335,414.7826086956522,494.3333333333333,806.2786885245902,427.6782608695653,1.2402659455502918,2.338206290791533,3,27,0,15.25,4,1054.0032377428306,248.72454921824044,-0.6717881647504438,Dixie_cup_4
afar,0,1608,39,106,97,2,48557,44315,4242,599,4,18,0.4824033975601196,0.552286684513092,0.7686349153518677,0.050000000745058,0.3053374886512756,32,0,True,0.9150943396226416,0.3679245283018867,458.0849056603773,456.8556701030928,2121.0,1245.051282051282,500.58762886597935,0.8031797681075848,1.9976522437547624,4,17,3,9.75,4,1054.0032377428306,248.72454921824044,0.5180908209144329,bottle_2
afar,0,1609,32,126,120,3,49089,48497,592,582,4,9,0.5931016206741333,0.6676009297370911,0.6478294730186462,0.050000000745058,0.2506533861160278,32,0,True,0.9523809523809524,0.2539682539682539,389.5952380952381,404.14166666666665,197.3333333333333,1534.03125,409.075,0.6518772026319543,2.4445395098698284,3,28,0,8.0,4,1054.0032377428306,248.72454921824044,1.3017568844133869,bear_0
afar,0,1610,32,117,115,0,49216,48018,1198,599,4,20,0.7993143796920776,0.5011498332023621,0.7902076244354248,0.050000000745058,0.2638504207134247,32,0,True,0.9829059829059827,0.2735042735042735,420.64957264957263,417.54782608695655,,1538.0,427.9652173913044,0.6501950585175552,2.3366384915474643,4,18,1,8.0,4,1054.0032377428306,248.72454921824044,1.312519480560063,can_1
afar,0,1611,66,106,93,1,48952,42292,6660,599,4,15,0.4701590538024902,0.6529511213302612,0.999585747718811,0.050000000745058,0.4173851013183594,32,0,True,0.8773584905660378,0.6226415094339622,461.811320754717,454.752688172043,6660.0,741.6969696969697,526.3655913978495,1.3482595195293348,1.8998202320640627,3,25,0,16.5,4,1054.0032377428306,248.72454921824044,-0.846923146344112,bolt_1
afar,0,1612,73,118,112,2,48525,46412,2113,599,4,3,0.5686674118041992,0.5152138471603394,0.7160552740097046,0.050000000745058,0.3472972512245178,32,0,True,0.9491525423728814,0.6186440677966102,411.228813559322,414.3928571428572,1056.5,664.7260273972603,433.25892857142856,1.504379185986605,2.3080886141164347,4,30,7,18.25,4,1054.0032377428306,248.72454921824044,-1.0556556608640204,Dixie_cup_4
afar,0,1613,48,105,100,2,47731,47036,695,599,4,29,0.4627475142478943,0.6034509539604187,1.071901559829712,0.050000000745058,0.7372239828109741,32,0,True,0.9523809523809524,0.4571428571428571,454.5809523809524,470.36,347.5,994.3958333333334,477.31,1.005635750350925,2.0950744798977605,4,21,1,12.0,4,1054.0032377428306,248.72454921824044,-0.1616454604122262,chicken_(animal)_2
afar,0,1614,55,116,106,8,49116,46023,3093,599,4,16,0.7443116903305054,0.6540660858154297,0.7975727319717407,0.050000000745058,0.3790664076805115,32,0,True,0.913793103448276,0.4741379310344827,423.41379310344826,434.1792452830189,386.625,893.0181818181818,463.35849056603774,1.1197980291554688,2.158156201645085,4,24,2,13.75,4,1054.0032377428306,248.72454921824044,-0.4365649493082385,boom_microphone_1
afar,0,1615,44,128,126,1,49500,48695,805,599,4,24,0.6324219107627869,0.5439509153366089,0.8075045347213745,0.050000000745058,0.3712595701217651,32,0,True,0.984375,0.34375,386.71875,386.468253968254,805.0,1125.0,392.8571428571428,0.8888888888888888,2.5454545454545454,4,19,8,11.0,4,1054.0032377428306,248.72454921824044,0.192531522493353,canister_1
afar,0,1616,53,119,109,6,48968,44892,4076,599,4,26,0.6832596659660339,0.684685230255127,0.9902758002281188,0.050000000745058,0.3046703934669494,32,0,True,0.9159663865546218,0.4453781512605042,411.4957983193277,411.8532110091743,679.3333333333334,923.9245283018868,449.2477064220183,1.082339487011926,2.2259434732886785,4,20,2,13.25,4,1054.0032377428306,248.72454921824044,-0.3527520294787301,canister_3
afar,0,1617,40,135,131,1,49472,48091,1381,599,4,7,0.7435141801834106,0.5866653919219971,0.6454746723175049,0.050000000745058,0.3315814733505249,32,0,True,0.9703703703703704,0.2962962962962963,366.4592592592593,367.10687022900765,1381.0,1236.8,377.64885496183206,0.8085381630012937,2.647962483829237,4,15,3,10.0,4,1054.0032377428306,248.72454921824044,0.4957147033937359,atomizer_0
afar,0,1618,45,115,106,2,49073,44570,4503,599,4,15,0.568267285823822,0.5644066333770752,1.056756854057312,0.050000000745058,0.672627329826355,32,0,True,0.9217391304347826,0.391304347826087,426.7217391304348,420.47169811320754,2251.5,1090.5111111111112,462.9528301886792,0.9170012022904652,2.1600472765064294,3,25,0,11.25,4,1054.0032377428306,248.72454921824044,0.0990033378864372,bolt_1
afar,0,1619,47,103,96,2,48865,45797,3068,599,4,0,0.4000824987888336,0.6383569240570068,0.948277473449707,0.050000000745058,0.7529405355453491,32,0,True,0.9320388349514565,0.4563106796116505,474.41747572815535,477.0520833333333,1534.0,1039.6808510638298,509.0104166666667,0.9618336232477234,1.9645963368464137,4,25,3,11.75,4,1054.0032377428306,248.72454921824044,-0.0388399530538885,Band_Aid_0
afar,0,1620,22,122,108,5,49128,45931,3197,599,4,12,0.6097937822341919,0.561083197593689,1.0942659378051758,0.050000000745058,0.7287150025367737,32,10,False,0.8852459016393442,0.180327868852459,402.6885245901639,425.287037037037,639.4,2233.090909090909,454.8888888888889,0.4478098029636867,2.198339032730825,4,14,1,5.5,4,1054.0032377428306,248.72454921824044,3.1974915094788527,beer_can_1
afar,0,1621,56,101,97,4,48549,46305,2244,599,4,17,0.5845223069190979,0.6555006504058838,1.162084937095642,0.050000000745058,0.2904462218284607,32,0,True,0.9603960396039604,0.5544554455445545,480.6831683168317,477.37113402061857,561.0,866.9464285714286,500.50515463917526,1.1534738099651898,1.997981420832561,4,22,2,14.0,4,1054.0032377428306,248.72454921824044,-0.5072672487805152,bottle_0
afar,0,1622,72,127,119,4,49201,46087,3114,599,4,8,0.6725335121154785,0.6340040564537048,1.0854809284210205,0.050000000745058,0.3983536958694458,32,0,True,0.937007874015748,0.5669291338582677,387.40944881889766,387.2857142857143,778.5,683.3472222222222,413.453781512605,1.463384890551005,2.4186500274384666,4,31,2,18.0,4,1054.0032377428306,248.72454921824044,-1.0051580483488352,bandage_4
afar,0,1623,57,126,112,10,48714,44954,3760,546,4,2,0.693358302116394,0.5378202795982361,1.038745641708374,0.050000000745058,0.2408317774534225,32,0,True,0.8888888888888888,0.4523809523809524,386.6190476190476,401.375,376.0,854.6315789473684,434.94642857142856,1.1700948392659194,2.2991337192593506,4,20,3,14.25,4,1054.0032377428306,248.72454921824044,-0.5406630920840254,Dixie_cup_3
afar,0,1624,49,95,89,2,48953,45902,3051,599,4,5,0.5005456209182739,0.5883447527885437,0.8186913132667542,0.050000000745058,0.6558457612991333,32,0,True,0.936842105263158,0.5157894736842106,515.2947368421053,515.7528089887641,1525.5,999.0408163265306,550.0337078651686,1.000960104590117,1.818070394051437,4,18,6,12.25,4,1054.0032377428306,248.72454921824044,-0.1490490317976848,Tabasco_sauce_4
afar,0,1625,53,108,107,0,49068,48555,513,584,4,8,0.5212206840515137,0.6209365129470825,0.9601253271102904,0.050000000745058,0.7600191235542297,32,0,True,0.9907407407407408,0.4907407407407407,454.3333333333333,453.785046728972,,925.811320754717,458.5794392523365,1.0801336920192386,2.180647265019972,4,22,2,13.25,4,1054.0032377428306,248.72454921824044,-0.3476353591965485,bandage_4
afar,0,1626,21,122,106,6,48217,43137,5080,599,4,2,0.7260783910751343,0.5772721767425537,1.1779040098190308,0.050000000745058,0.249566376209259,32,11,False,0.8688524590163934,0.1721311475409836,395.2213114754098,406.9528301886792,846.6666666666666,2296.04761904762,454.87735849056605,0.4355310367712632,2.1983947570359,4,10,1,5.25,4,1054.0032377428306,248.72454921824044,3.368219734735545,Dixie_cup_3
afar,0,1627,71,127,122,1,49795,47516,2279,599,4,26,0.656935453414917,0.6374592781066895,1.1773310899734497,0.050000000745058,0.7180834412574768,32,0,True,0.9606299212598424,0.5590551181102362,392.0866141732283,389.4754098360656,2279.0,701.3380281690141,408.155737704918,1.42584596847073,2.4500451852595644,4,27,8,17.75,4,1054.0032377428306,248.72454921824044,-0.9563699466143996,canister_3
afar,0,1628,41,114,108,4,49104,47167,1937,599,4,6,0.6458154916763306,0.6157318949699402,0.8142495155334473,0.050000000745058,0.3536286056041717,32,0,True,0.9473684210526316,0.3596491228070175,430.7368421052632,436.7314814814815,484.25,1197.658536585366,454.6666666666667,0.8349625285109156,2.19941348973607,4,13,5,10.25,4,1054.0032377428306,248.72454921824044,0.389569503186717,aerosol_can_1
afar,0,1629,18,115,100,3,48525,43064,5461,599,4,12,0.6890473961830139,0.6952309608459473,0.8230245113372803,0.050000000745058,0.2064771056175232,32,14,False,0.8695652173913043,0.1565217391304348,421.9565217391304,430.64,1820.3333333333333,2695.833333333333,485.25,0.3709428129829984,2.0607934054611023,3,10,0,4.5,4,1054.0032377428306,248.72454921824044,4.452372727004549,beer_can_1
afar,0,1630,39,104,103,0,48394,47795,599,599,4,23,0.6929984092712402,0.5260482430458069,0.9983310699462892,0.050000000745058,0.5938591957092285,32,0,True,0.9903846153846154,0.375,465.3269230769231,464.0291262135922,,1240.871794871795,469.8446601941748,0.8058850270694714,2.128363020209117,2,22,0,9.75,4,1054.0032377428306,248.72454921824044,0.5067567402560316,canister_0
afar,0,1631,41,115,108,5,49258,47340,1918,599,4,21,0.4554889798164367,0.5211812853813171,1.1669528484344482,0.050000000745058,0.2246518284082412,32,0,True,0.9391304347826088,0.3565217391304348,428.3304347826087,438.3333333333333,383.6,1201.4146341463415,456.0925925925926,0.8323521052417882,2.1925372528320275,4,14,7,10.25,4,1054.0032377428306,248.72454921824044,0.3997554209533427,candle_holder_4
afar,0,1632,61,125,119,5,49105,47193,1912,599,4,14,0.6159703135490417,0.584357738494873,0.8849766254425049,0.050000000745058,0.3393270969390869,32,0,True,0.952,0.488,392.84,396.5798319327731,382.4,805.0,412.6470588235294,1.2422360248447204,2.4233784746970777,4,22,2,15.25,4,1054.0032377428306,248.72454921824044,-0.6752557573646304,beret_2
afar,0,1633,40,126,123,1,49091,49015,76,522,4,6,0.6191198229789734,0.5410553812980652,0.7901022434234619,0.050000000745058,0.7923730611801147,32,0,True,0.9761904761904762,0.3174603174603174,389.6111111111111,398.4959349593496,76.0,1227.275,399.1138211382114,0.8148133059012854,2.5055509156464524,3,27,0,10.0,4,1054.0032377428306,248.72454921824044,0.4698844726417134,aerosol_can_1
afar,0,1634,58,108,101,3,49031,44999,4032,599,4,13,0.4068069159984588,0.609184205532074,0.6639010310173035,0.050000000745058,0.2426127642393112,32,0,True,0.9351851851851852,0.5370370370370371,453.9907407407408,445.53465346534654,1344.0,845.3620689655172,485.4554455445544,1.1829250882095002,2.0599212742958537,4,20,7,14.5,4,1054.0032377428306,248.72454921824044,-0.5658004759989226,beer_can_4
afar,0,1635,24,102,97,1,48499,45884,2615,599,4,16,0.6424431800842285,0.5101713538169861,1.1926894187927246,0.050000000745058,0.3079051077365875,32,8,False,0.9509803921568628,0.2352941176470588,475.4803921568628,473.0309278350516,2615.0,2020.7916666666667,499.9896907216495,0.494855564032248,2.000041237963669,3,13,0,6.0,4,1054.0032377428306,248.72454921824044,2.621770940418716,boom_microphone_1
afar,0,1636,57,113,111,2,48911,48653,258,580,4,27,0.5973314046859741,0.6173697113990784,1.133880853652954,0.050000000745058,0.4147305190563202,32,0,True,0.9823008849557522,0.504424778761062,432.8407079646018,438.3153153153153,129.0,858.0877192982456,440.63963963963965,1.165382020404408,2.2694281449980576,4,20,9,14.25,4,1054.0032377428306,248.72454921824044,-0.5312906088531031,chalice_2
afar,0,1637,43,122,118,4,49152,47713,1439,564,4,27,0.7551332116127014,0.6535651683807373,0.637994647026062,0.050000000745058,0.7359569668769836,32,0,True,0.9672131147540984,0.3524590163934426,402.88524590163934,404.3474576271187,359.75,1143.0697674418604,416.542372881356,0.8748372395833334,2.400716145833333,4,18,2,10.75,4,1054.0032377428306,248.72454921824044,0.2415337547934731,chalice_2
afar,0,1638,34,95,86,1,48671,43474,5197,599,4,23,0.4091008603572845,0.555948793888092,1.081687331199646,0.050000000745058,0.7007491588592529,32,0,True,0.9052631578947368,0.3578947368421052,512.3263157894737,505.5116279069768,5197.0,1431.5,565.9418604651163,0.6985679357317499,1.766965955086191,3,22,0,8.5,4,1054.0032377428306,248.72454921824044,1.023709026482328,canister_0
afar,0,1639,55,121,119,1,49109,48199,910,599,4,26,0.7881332635879517,0.5451068878173828,0.794840931892395,0.050000000745058,0.7069780826568604,32,0,True,0.9834710743801652,0.4545454545454545,405.8595041322314,405.0336134453781,910.0,892.8909090909091,412.6806722689076,1.1199576452381437,2.423181086969802,4,24,2,13.75,4,1054.0032377428306,248.72454921824044,-0.4369100919763639,canister_3
afar,0,1640,18,106,104,1,48811,48353,458,596,4,6,0.5021252036094666,0.5511882901191711,1.0025135278701782,0.050000000745058,0.3480101823806762,32,14,False,0.981132075471698,0.1698113207547169,460.4811320754717,464.9326923076923,458.0,2711.722222222222,469.33653846153845,0.3687693347810944,2.130667267624101,4,13,1,4.5,4,1054.0032377428306,248.72454921824044,4.495460775969718,aerosol_can_1
afar,0,1641,38,117,108,2,49164,47951,1213,599,4,9,0.7178244590759277,0.5826989412307739,0.8852053284645081,0.050000000745058,0.3495641648769378,32,0,True,0.9230769230769232,0.3247863247863248,420.2051282051282,443.9907407407408,606.5,1293.7894736842106,455.22222222222223,0.7729232771946953,2.196729314132292,3,20,0,9.5,4,1054.0032377428306,248.72454921824044,0.6502607669842337,bear_0
afar,0,1642,26,125,118,2,49302,47404,1898,599,4,24,0.7477540969848633,0.664783775806427,0.9844373464584352,0.050000000745058,0.6733654141426086,32,6,False,0.944,0.208,394.416,401.728813559322,949.0,1896.2307692307693,417.8135593220339,0.5273619731451057,2.393412031966249,3,10,0,6.5,4,1054.0032377428306,248.72454921824044,2.283982308035695,canister_1
afar,0,1643,48,121,121,0,49034,49034,0,565,4,20,0.5751855969429016,0.5248872637748718,0.6761108040809631,0.050000000745058,0.7685940265655518,32,0,True,1.0,0.396694214876033,405.2396694214876,405.2396694214876,,1021.5416666666666,405.2396694214876,0.9789125912632052,2.467675490475996,4,26,3,12.0,4,1054.0032377428306,248.72454921824044,-0.0880304327003154,can_1
afar,0,1644,18,102,85,2,48770,41499,7271,599,4,12,0.4976767599582672,0.5344225168228149,0.835237979888916,0.050000000745058,0.719196081161499,32,14,False,0.8333333333333334,0.1764705882352941,478.1372549019608,488.22352941176473,3635.5,2709.4444444444443,573.7647058823529,0.369079352060693,1.7428747180643838,2,17,0,4.5,4,1054.0032377428306,248.72454921824044,4.489283817901285,beer_can_1
afar,0,1645,39,114,114,0,48655,48655,0,544,4,15,0.5667954087257385,0.551085889339447,1.1006581783294678,0.050000000745058,0.6129014492034912,32,0,True,1.0,0.3421052631578947,426.7982456140351,426.7982456140351,,1247.5641025641023,426.7982456140351,0.8015620182920563,2.3430274380844724,4,14,1,9.75,4,1054.0032377428306,248.72454921824044,0.5249051761569075,bolt_1
afar,0,1646,48,106,103,1,48667,48555,112,591,4,29,0.4752682447433471,0.6635828018188477,0.7598862648010254,0.050000000745058,0.4187281727790832,32,0,True,0.9716981132075472,0.4528301886792453,459.122641509434,471.4077669902912,112.0,1013.8958333333334,472.495145631068,0.9862946144204492,2.1164238601105474,4,13,10,12.0,4,1054.0032377428306,248.72454921824044,-0.1087646730458803,chicken_(animal)_2
afar,0,1647,57,110,107,2,48211,47052,1159,599,4,18,0.6247212886810303,0.5265428423881531,0.6661373972892761,0.050000000745058,0.5648000836372375,32,0,True,0.9727272727272728,0.5181818181818182,438.2818181818182,439.7383177570093,579.5,845.8070175438596,450.5700934579439,1.1823027939681816,2.219410507975358,4,23,11,14.25,4,1054.0032377428306,248.72454921824044,-0.5645938487599338,bottle_2
afar,0,1648,58,130,119,6,49656,47344,2312,599,4,20,0.6840693950653076,0.6480988264083862,0.6383131146430969,0.050000000745058,0.2694001793861389,32,0,True,0.9153846153846154,0.4461538461538462,381.9692307692308,397.8487394957983,385.3333333333333,856.1379310344828,417.2773109243698,1.1680360882874177,2.396487836313839,4,25,6,14.5,4,1054.0032377428306,248.72454921824044,-0.5365781133959461,can_1
afar,0,1649,66,130,121,3,49885,47342,2543,599,4,0,0.641333818435669,0.6974897384643555,1.0469976663589478,0.050000000745058,0.4575448036193847,32,0,True,0.9307692307692308,0.5076923076923077,383.7307692307692,391.2561983471074,847.6666666666666,755.8333333333334,412.27272727272725,1.323042998897464,2.4255788313120177,4,21,9,16.5,4,1054.0032377428306,248.72454921824044,-0.8085876571344768,Band_Aid_0
afar,0,1650,63,113,110,2,49019,48142,877,599,4,23,0.4848253130912781,0.5701555013656616,0.8655379414558411,0.050000000745058,0.7981922030448914,32,0,True,0.9734513274336284,0.5575221238938053,433.7964601769912,437.6545454545454,438.5,778.0793650793651,445.6272727272727,1.2852159366776148,2.2440278259450417,4,21,5,15.75,4,1054.0032377428306,248.72454921824044,-0.7482600840828417,canister_0
afar,0,1651,41,116,112,2,48893,46729,2164,599,4,7,0.709280252456665,0.6116704940795898,0.7550086975097656,0.050000000745058,0.5218622088432312,32,0,True,0.9655172413793104,0.3534482758620689,421.4913793103448,417.2232142857143,1082.0,1192.5121951219512,436.5446428571428,0.8385658478718835,2.2907164624792915,3,21,0,10.25,4,1054.0032377428306,248.72454921824044,0.3756134729999763,atomizer_0
afar,0,1652,60,134,127,6,49527,47202,2325,599,4,20,0.7835298776626587,0.6169798374176025,1.1700963973999023,0.050000000745058,0.732175886631012,32,0,True,0.9477611940298508,0.4477611940298507,369.6044776119403,371.6692913385827,387.5,825.45,389.9763779527559,1.2114604155309223,2.5642578795404525,4,22,2,15.0,4,1054.0032377428306,248.72454921824044,-0.619798726511206,can_1
afar,0,1653,50,106,100,3,48951,46371,2580,599,4,4,0.5391473770141602,0.6155849695205688,0.6221073865890503,0.050000000745058,0.7000765204429626,32,0,True,0.9433962264150944,0.4716981132075472,461.8018867924528,463.71,860.0,979.02,489.51,1.0214295928581645,2.0428591857163285,3,18,0,12.5,4,1054.0032377428306,248.72454921824044,-0.2033421872368608,Tabasco_sauce_2
afar,0,1654,18,120,106,5,48847,43574,5273,599,4,2,0.7038525342941284,0.6125147938728333,0.7816033363342285,0.050000000745058,0.7979819774627686,32,14,False,0.8833333333333333,0.15,407.0583333333333,411.0754716981132,1054.6,2713.722222222222,460.8207547169811,0.3684975535856859,2.170041148893484,4,11,1,4.5,4,1054.0032377428306,248.72454921824044,4.50088444646883,Dixie_cup_3
afar,0,1655,31,123,112,1,49098,48015,1083,599,4,10,0.58681720495224,0.6674181818962097,1.0976215600967407,0.050000000745058,0.6615638732910156,32,1,False,0.9105691056910568,0.2520325203252032,399.1707317073171,428.7053571428572,1083.0,1583.8064516129032,438.375,0.6313902806631635,2.281151981750784,4,18,2,7.75,4,1054.0032377428306,248.72454921824044,1.4367390307010242,beer_bottle_0
afar,0,1656,15,132,115,9,49192,44385,4807,599,4,13,0.6806146502494812,0.5429203510284424,1.1095564365386963,0.050000000745058,0.2205168306827545,32,17,False,0.8712121212121212,0.1136363636363636,372.6666666666667,385.9565217391304,534.1111111111111,3279.4666666666667,427.7565217391305,0.3049276305090259,2.3377785005691982,4,10,1,3.75,4,1054.0032377428306,248.72454921824044,6.035090173153864,beer_can_4
afar,0,1657,34,101,100,1,48337,47738,599,599,4,23,0.4573638439178467,0.5090685486793518,0.7388014793395996,0.050000000745058,0.3706333637237549,32,0,True,0.99009900990099,0.3366336633663366,478.5841584158416,477.38,599.0,1421.6764705882354,483.37,0.7033949148685272,2.068808573142728,4,18,2,8.5,4,1054.0032377428306,248.72454921824044,0.9970692331484524,canister_0
afar,0,1658,31,106,104,0,48952,48329,623,599,4,13,0.429219901561737,0.6516589522361755,0.8923771977424622,0.050000000745058,0.4979345798492431,32,1,False,0.981132075471698,0.2924528301886792,461.811320754717,464.7019230769231,,1579.0967741935483,470.6923076923077,0.6332734106880209,2.124530151985619,3,24,0,7.75,4,1054.0032377428306,248.72454921824044,1.4239671614611786,beer_can_4
afar,0,1659,94,122,118,4,49324,48267,1057,599,4,24,0.594322144985199,0.691417932510376,0.9257216453552246,0.050000000745058,0.7616053819656372,32,0,True,0.9672131147540984,0.7704918032786885,404.2950819672131,409.042372881356,264.25,524.7234042553191,418.0,1.9057659557213529,2.392344497607656,4,29,18,23.5,4,1054.0032377428306,248.72454921824044,-1.4353197093306689,canister_1
afar,0,1660,66,101,96,4,48096,46003,2093,599,4,3,0.4314821064472198,0.6942719221115112,1.1564624309539795,0.050000000745058,0.5423777103424072,32,0,True,0.9504950495049505,0.6534653465346535,476.1980198019802,479.1979166666667,523.25,728.7272727272727,501.0,1.372255489021956,1.996007984031936,4,24,3,16.5,4,1054.0032377428306,248.72454921824044,-0.8820948277625986,Dixie_cup_4
afar,0,1661,22,113,111,0,48874,47676,1198,599,4,4,0.6720458269119263,0.5260215401649475,0.7445962429046631,0.050000000745058,0.5763838291168213,32,10,False,0.9823008849557522,0.1946902654867256,432.5132743362832,429.5135135135135,,2221.5454545454545,440.3063063063063,0.4501370872038303,2.271146212710234,4,19,1,5.5,4,1054.0032377428306,248.72454921824044,3.1661821388703406,Tabasco_sauce_2
afar,0,1662,38,109,108,0,48350,47751,599,599,4,0,0.7872267961502075,0.62818443775177,0.9135290384292604,0.050000000745058,0.5370435118675232,32,0,True,0.9908256880733946,0.3486238532110092,443.57798165137615,442.1388888888889,,1272.3684210526317,447.6851851851852,0.7859358841778697,2.233712512926577,4,17,2,9.5,4,1054.0032377428306,248.72454921824044,0.5921704013753193,Band_Aid_0
afar,0,1663,86,109,109,0,49369,49369,0,580,4,14,0.5607767105102539,0.6292072534561157,0.7389770150184631,0.050000000745058,0.351343035697937,32,0,True,1.0,0.7889908256880734,452.9266055045872,452.9266055045872,,574.0581395348837,452.9266055045872,1.7419838360104518,2.207863234013247,4,23,19,21.5,4,1054.0032377428306,248.72454921824044,-1.3015320351720217,beret_2
afar,0,1664,47,113,111,0,48376,47178,1198,599,4,4,0.6019293665885925,0.5057340860366821,1.0745755434036257,0.050000000745058,0.2016818523406982,32,0,True,0.9823008849557522,0.415929203539823,428.1061946902655,425.02702702702703,,1029.276595744681,435.8198198198198,0.9715561435422524,2.2945262113444684,4,21,8,11.75,4,1054.0032377428306,248.72454921824044,-0.0670545793737391,Tabasco_sauce_2
afar,0,1665,62,122,118,3,48671,46850,1821,599,4,3,0.6304150223731995,0.6329666972160339,1.162111759185791,0.050000000745058,0.5194814205169678,32,0,True,0.9672131147540984,0.5081967213114754,398.94262295081967,397.03389830508473,607.0,785.016129032258,412.46610169491527,1.2738591769226029,2.4244416593043083,3,28,0,15.5,4,1054.0032377428306,248.72454921824044,-0.7294487230775357,Dixie_cup_4
afar,0,1666,59,121,109,8,49687,47687,2000,599,4,22,0.5033518075942993,0.6100724935531616,1.0372024774551392,0.050000000745058,0.4003097116947174,32,0,True,0.9008264462809916,0.4876033057851239,410.6363636363636,437.4954128440367,250.0,842.1525423728814,455.8440366972477,1.187433332662467,2.1937327671221847,4,20,11,14.75,4,1054.0032377428306,248.72454921824044,-0.5745041833472204,candy_cane_1
afar,0,1667,57,113,110,1,49389,48271,1118,599,4,28,0.589767336845398,0.6405770778656006,1.0678507089614868,0.050000000745058,0.6009951233863831,32,0,True,0.9734513274336284,0.504424778761062,437.070796460177,438.8272727272727,1118.0,866.4736842105264,448.9909090909091,1.1541031403753872,2.227216586689344,4,24,2,14.25,4,1054.0032377428306,248.72454921824044,-0.5085492536024387,chalice_4
afar,0,1668,51,115,113,1,49363,48165,1198,599,4,28,0.651524543762207,0.5312404036521912,1.112504959106445,0.050000000745058,0.6667073369026184,32,0,True,0.982608695652174,0.4434782608695652,429.2434782608696,426.2389380530973,1198.0,967.9019607843136,436.8407079646018,1.033162490124182,2.289163948706521,4,16,6,12.75,4,1054.0032377428306,248.72454921824044,-0.233492477887907,chalice_4
afar,0,1669,70,150,127,21,49124,44825,4299,506,4,1,0.7617394924163818,0.6706402897834778,1.1545703411102295,0.050000000745058,0.2485783100128173,32,0,True,0.8466666666666667,0.4666666666666667,327.49333333333334,352.9527559055118,204.7142857142857,701.7714285714286,386.8031496062992,1.4249653936975817,2.585294357137041,4,26,4,17.5,4,1054.0032377428306,248.72454921824044,-0.9551946361259602,Dixie_cup_0
afar,0,1670,43,95,75,6,49250,40181,9069,599,4,9,0.4340709149837494,0.5486399531364441,0.8485364317893982,0.050000000745058,0.6053984761238098,32,0,True,0.7894736842105263,0.4526315789473684,518.421052631579,535.7466666666667,1511.5,1145.3488372093022,656.6666666666666,0.8730964467005076,1.5228426395939083,4,25,2,10.75,4,1054.0032377428306,248.72454921824044,0.2477142165250196,bear_0
afar,0,1671,31,107,107,0,48018,48018,0,544,4,5,0.5960410833358765,0.6649130582809448,0.7057772874832153,0.050000000745058,0.6130675673484802,32,1,False,1.0,0.2897196261682243,448.7663551401869,448.7663551401869,,1548.967741935484,448.7663551401869,0.6455912366196009,2.22833104252572,3,12,0,7.75,4,1054.0032377428306,248.72454921824044,1.342262189748744,Tabasco_sauce_4
afar,0,1672,32,106,103,2,48061,46264,1797,599,4,3,0.4368318915367126,0.5169853568077087,1.0163286924362185,0.050000000745058,0.5957616567611694,32,0,True,0.9716981132075472,0.3018867924528302,453.4056603773585,449.1650485436893,898.5,1501.90625,466.6116504854369,0.6658205197561432,2.143109797965086,3,23,0,8.0,4,1054.0032377428306,248.72454921824044,1.214639177021394,Dixie_cup_4
afar,0,1673,37,114,103,6,48904,46691,2213,599,4,27,0.5822932720184326,0.6851670145988464,0.8589119911193848,0.050000000745058,0.6653040647506714,32,0,True,0.9035087719298246,0.3245614035087719,428.9824561403509,453.31067961165047,368.8333333333333,1321.7297297297298,474.7961165048544,0.7565843284802879,2.106167184688369,3,16,0,9.25,4,1054.0032377428306,248.72454921824044,0.7260301382100983,chalice_2
afar,0,1674,63,114,106,6,49005,46471,2534,599,4,25,0.5947256088256836,0.6149486899375916,0.8522801399230957,0.050000000745058,0.325988233089447,32,0,True,0.9298245614035088,0.5526315789473685,429.8684210526316,438.4056603773585,422.3333333333333,777.8571428571429,462.311320754717,1.285583103764922,2.163044587287012,4,25,6,15.75,4,1054.0032377428306,248.72454921824044,-0.7488627141382985,canister_2
afar,0,1675,49,111,102,6,48245,46077,2168,599,4,14,0.516602635383606,0.6110734939575195,0.7896114587783813,0.050000000745058,0.3670303225517273,32,0,True,0.918918918918919,0.4414414414414414,434.63963963963965,451.7352941176471,361.3333333333333,984.591836734694,472.9901960784314,1.015649290081874,2.11420872629288,4,22,1,12.25,4,1054.0032377428306,248.72454921824044,-0.1882322839749458,beret_2
afar,0,1676,39,121,116,5,48826,47033,1793,599,4,9,0.722671389579773,0.6759600043296814,1.1089980602264404,0.050000000745058,0.3270760774612427,32,0,True,0.9586776859504132,0.3223140495867768,403.5206611570248,405.4568965517241,358.6,1251.948717948718,420.91379310344826,0.7987547618072338,2.375783394093311,4,19,1,9.75,4,1054.0032377428306,248.72454921824044,0.5367955307126542,bear_0
afar,0,1677,55,119,113,5,49705,48146,1559,599,4,23,0.7372206449508667,0.5914559364318848,0.8845835328102112,0.050000000745058,0.7733216881752014,32,0,True,0.9495798319327732,0.4621848739495798,417.6890756302521,426.070796460177,311.8,903.7272727272727,439.86725663716817,1.1065285182577205,2.2734131375113167,4,30,2,13.75,4,1054.0032377428306,248.72454921824044,-0.4075236590902639,canister_0
afar,0,1678,36,116,112,1,48786,47535,1251,599,4,4,0.5224125981330872,0.5156531929969788,1.044804930686951,0.050000000745058,0.6390764117240906,32,0,True,0.9655172413793104,0.3103448275862069,420.5689655172414,424.4196428571428,1251.0,1355.1666666666667,435.5892857142857,0.7379166154224572,2.295740581314312,3,18,0,9.0,4,1054.0032377428306,248.72454921824044,0.8167056024328715,Tabasco_sauce_2
afar,0,1679,20,105,102,1,49491,48272,1219,599,4,20,0.5721173882484436,0.5941267013549805,0.9735183119773864,0.050000000745058,0.5189385414123535,32,12,False,0.9714285714285714,0.1904761904761904,471.3428571428572,473.2549019607843,1219.0,2474.55,485.2058823529412,0.4041138792911842,2.06098078438504,4,9,2,5.0,4,1054.0032377428306,248.72454921824044,3.852288783531921,can_1
afar,0,1680,38,112,100,10,48612,44517,4095,599,4,2,0.5387023687362671,0.6870387196540833,0.8461182117462158,0.050000000745058,0.6091384887695312,32,0,True,0.8928571428571429,0.3392857142857143,434.0357142857143,445.17,409.5,1279.2631578947369,486.12,0.781699991771579,2.057105241504156,4,15,4,9.5,4,1054.0032377428306,248.72454921824044,0.610867791780154,Dixie_cup_3
afar,0,1681,40,106,98,0,49380,45753,3627,599,4,28,0.6053867936134338,0.5335145592689514,0.8444026708602905,0.050000000745058,0.2383002340793609,32,0,True,0.9245283018867924,0.3773584905660377,465.8490566037736,466.8673469387755,,1234.5,503.8775510204082,0.8100445524503848,1.9846091535034427,4,24,4,10.0,4,1054.0032377428306,248.72454921824044,0.4894774823197568,chalice_4
afar,0,1682,51,130,122,5,49648,47699,1949,599,4,6,0.6659214496612549,0.5416965484619141,0.7737048864364624,0.050000000745058,0.7639079689979553,32,0,True,0.9384615384615383,0.3923076923076923,381.9076923076923,390.9754098360656,389.8,973.4901960784314,406.9508196721312,1.02723171124718,2.457299387689333,4,30,2,12.75,4,1054.0032377428306,248.72454921824044,-0.2183381044345046,aerosol_can_1
afar,0,1683,49,121,108,8,49016,44623,4393,599,4,21,0.7849080562591553,0.5657304525375366,0.6606096625328064,0.050000000745058,0.2674834728240967,32,0,True,0.8925619834710744,0.4049586776859504,405.09090909090907,413.1759259259259,549.125,1000.3265306122448,453.8518518518519,0.9996735759751918,2.203362167455525,4,21,6,12.25,4,1054.0032377428306,248.72454921824044,-0.1455623864768267,candle_holder_4
afar,0,1684,24,104,104,0,49358,49358,0,595,4,25,0.4165533781051636,0.6025146842002869,0.9480157494544984,0.050000000745058,0.4407343566417694,32,8,False,1.0,0.2307692307692307,474.59615384615387,474.59615384615387,,2056.583333333333,474.59615384615387,0.4862433648040844,2.1070545808176995,4,14,2,6.0,4,1054.0032377428306,248.72454921824044,2.7188320437257487,canister_2
afar,0,1685,28,115,110,0,48621,48517,104,596,4,16,0.6812279224395752,0.5159645080566406,0.9036478400230408,0.050000000745058,0.3074965178966522,32,4,False,0.9565217391304348,0.2434782608695652,422.7913043478261,441.0636363636364,,1736.4642857142858,442.0090909090909,0.5758828489747229,2.262396906686411,3,17,0,7.0,4,1054.0032377428306,248.72454921824044,1.850721926338056,boom_microphone_1
afar,0,1686,42,109,99,0,47987,45525,2462,599,4,29,0.4795587658882141,0.5194710493087769,0.7065924406051636,0.050000000745058,0.4791662096977234,32,0,True,0.908256880733945,0.3853211009174312,440.2477064220183,459.8484848484849,,1142.547619047619,484.7171717171717,0.8752370433659116,2.063058745076792,4,21,2,10.5,4,1054.0032377428306,248.72454921824044,0.2401177743724701,chicken_(animal)_2
afar,0,1687,67,119,101,14,49106,45372,3734,599,4,13,0.4366756081581116,0.6240930557250977,0.92423677444458,0.050000000745058,0.3088639080524444,32,0,True,0.8487394957983193,0.5630252100840336,412.655462184874,449.2277227722772,266.7142857142857,732.9253731343283,486.1980198019802,1.36439538956543,2.056775139494156,4,23,11,16.75,4,1054.0032377428306,248.72454921824044,-0.8707102710975692,beer_can_4
afar,0,1688,39,115,112,2,49101,48612,489,596,4,11,0.7540217041969299,0.5022382736206055,0.8638222813606262,0.050000000745058,0.3659107685089111,32,0,True,0.9739130434782608,0.3391304347826087,426.9652173913044,434.0357142857143,244.5,1259.0,438.4017857142857,0.7942811755361397,2.281012606667889,4,22,4,9.75,4,1054.0032377428306,248.72454921824044,0.5559174459338836,beer_bottle_3
afar,0,1689,39,106,105,1,48818,48219,599,599,4,30,0.5404149293899536,0.546180009841919,0.967348575592041,0.050000000745058,0.4697117805480957,32,0,True,0.9905660377358492,0.3679245283018867,460.5471698113208,459.22857142857146,599.0,1251.7435897435898,464.9333333333333,0.7988856569298209,2.150845999426441,4,24,2,9.75,4,1054.0032377428306,248.72454921824044,0.5362392568153095,chocolate_milk_4
afar,0,1690,26,97,90,0,48584,44391,4193,599,4,14,0.487850159406662,0.5379307866096497,1.093600511550903,0.050000000745058,0.7171223759651184,32,6,False,0.9278350515463918,0.268041237113402,500.8659793814433,493.23333333333335,,1868.6153846153843,539.8222222222222,0.5351556067841264,1.8524617157912069,3,18,0,6.5,4,1054.0032377428306,248.72454921824044,2.2090939346056424,beret_2
afar,0,1691,35,114,112,0,49433,48497,936,599,4,6,0.6548640727996826,0.6975229382514954,1.1443476676940918,0.050000000745058,0.760939359664917,32,0,True,0.9824561403508772,0.3070175438596491,433.62280701754383,433.00892857142856,,1412.3714285714286,441.3660714285714,0.7080290494204277,2.2656929581453684,4,20,1,8.75,4,1054.0032377428306,248.72454921824044,0.9718354922086744,aerosol_can_1
afar,0,1692,49,114,107,3,49793,47345,2448,599,4,24,0.558383584022522,0.6936331987380981,0.9582368731498718,0.050000000745058,0.3667731285095215,32,0,True,0.9385964912280702,0.4298245614035088,436.780701754386,442.4766355140187,816.0,1016.1836734693876,465.3551401869159,0.9840740666358724,2.1488964312252725,4,19,6,12.25,4,1054.0032377428306,248.72454921824044,-0.1025604275195786,canister_1
afar,0,1693,53,103,101,2,48049,47416,633,599,4,0,0.4169358015060425,0.5517094731330872,0.7645054459571838,0.050000000745058,0.6297187805175781,32,0,True,0.9805825242718448,0.5145631067961165,466.495145631068,469.4653465346535,316.5,906.5849056603772,475.73267326732673,1.103040646007201,2.102020853711836,4,20,9,13.25,4,1054.0032377428306,248.72454921824044,-0.3997742293719781,Band_Aid_0
afar,0,1694,43,103,96,4,48850,45516,3334,599,4,10,0.495678573846817,0.5018861889839172,0.7783787250518799,0.050000000745058,0.7155176997184753,32,0,True,0.9320388349514565,0.4174757281553398,474.2718446601942,474.125,833.5,1136.046511627907,508.8541666666667,0.8802456499488229,1.9651995905834183,4,22,1,10.75,4,1054.0032377428306,248.72454921824044,0.2224878421105435,beer_bottle_0
afar,0,1695,60,104,89,1,48872,40472,8400,599,4,23,0.515509843826294,0.6455110907554626,0.6138882040977478,0.050000000745058,0.7798303365707397,32,0,True,0.8557692307692307,0.5769230769230769,469.9230769230769,454.7415730337079,8400.0,814.5333333333333,549.123595505618,1.2276968407267963,1.8210836470780816,3,24,0,15.0,4,1054.0032377428306,248.72454921824044,-0.6494029279855281,canister_0
afar,0,1696,64,118,111,5,48965,46371,2594,599,4,11,0.5844016671180725,0.5520877838134766,0.8838127851486206,0.050000000745058,0.6781204342842102,32,0,True,0.940677966101695,0.5423728813559322,414.957627118644,417.7567567567568,518.8,765.078125,441.1261261261261,1.3070560604513428,2.2669253548452977,4,24,6,16.0,4,1054.0032377428306,248.72454921824044,-0.7835173052180068,beer_bottle_3
afar,0,1697,13,99,82,8,48744,40967,7777,599,4,31,0.4679694473743438,0.6265236735343933,0.601905345916748,0.050000000745058,0.6886065006256104,32,19,False,0.8282828282828283,0.1313131313131313,492.3636363636364,499.5975609756098,972.125,3749.538461538461,594.439024390244,0.2666994912194321,1.6822583292302642,2,11,0,3.25,4,1054.0032377428306,248.72454921824044,7.309847436309347,cider_0
afar,0,1698,51,104,104,0,48668,48668,0,593,4,4,0.4073816239833832,0.5439831614494324,0.9858114719390868,0.050000000745058,0.769374430179596,32,0,True,1.0,0.4903846153846153,467.96153846153845,467.96153846153845,,954.2745098039215,467.96153846153845,1.0479164954384812,2.1369277554039616,4,21,7,12.75,4,1054.0032377428306,248.72454921824044,-0.2704478798181337,Tabasco_sauce_2
afar,0,1699,60,123,123,0,49250,49250,0,578,4,1,0.7112370729446411,0.5962855815887451,1.1190202236175537,0.050000000745058,0.5732411742210388,32,0,True,1.0,0.4878048780487805,400.4065040650407,400.4065040650407,,820.8333333333334,400.4065040650407,1.218274111675127,2.49746192893401,4,22,3,15.0,4,1054.0032377428306,248.72454921824044,-0.6323183659133238,Dixie_cup_0
afar,0,1700,49,102,97,2,48682,47413,1269,599,4,31,0.428257554769516,0.5450647473335266,1.1028308868408203,0.050000000745058,0.2603644728660583,32,0,True,0.9509803921568628,0.4803921568627451,477.2745098039216,488.7938144329897,634.5,993.5102040816328,501.8762886597938,1.0065321884885583,1.9925229037426564,4,20,4,12.25,4,1054.0032377428306,248.72454921824044,-0.1640471410350262,cider_0
afar,0,1701,66,117,116,0,48500,48477,23,563,4,20,0.5757871270179749,0.6762219667434692,1.1638996601104736,0.050000000745058,0.7162978649139404,32,0,True,0.9914529914529916,0.5641025641025641,414.52991452991455,417.9051724137931,,734.8484848484849,418.1034482758621,1.3608247422680413,2.391752577319588,4,26,5,16.5,4,1054.0032377428306,248.72454921824044,-0.8654951089622849,can_1
afar,0,1702,61,149,122,19,49547,43262,6285,599,4,21,0.7716737985610962,0.5923792123794556,1.1905059814453125,0.050000000745058,0.7556760907173157,32,0,True,0.8187919463087249,0.4093959731543624,332.5302013422819,354.6065573770492,330.7894736842105,812.2459016393443,406.12295081967216,1.231154257573617,2.462308515147234,4,23,10,15.25,4,1054.0032377428306,248.72454921824044,-0.6556060658842394,candle_holder_4
afar,0,1703,29,111,104,4,48567,46950,1617,599,4,31,0.5263864994049072,0.5462016463279724,0.6692197322845459,0.050000000745058,0.7898436784744263,32,3,False,0.9369369369369368,0.2612612612612612,437.5405405405405,451.4423076923077,404.25,1674.7241379310344,466.99038461538464,0.5971132662095662,2.141371713303272,4,15,1,7.25,4,1054.0032377428306,248.72454921824044,1.683292817266626,cider_0
afar,0,1704,48,98,94,3,48315,46649,1666,599,4,18,0.467738538980484,0.6563218832015991,0.6617191433906555,0.050000000745058,0.2685602903366089,32,0,True,0.9591836734693876,0.4897959183673469,493.0102040816327,496.2659574468085,555.3333333333334,1006.5625,513.9893617021277,0.993480285625582,1.9455655593500985,4,23,1,12.0,4,1054.0032377428306,248.72454921824044,-0.1286514648759592,bottle_2
afar,0,1705,52,133,120,12,48476,44845,3631,599,4,30,0.6534065008163452,0.6635346412658691,0.6168531179428101,0.050000000745058,0.6016324162483215,32,0,True,0.9022556390977444,0.3909774436090225,364.4812030075188,373.7083333333333,302.5833333333333,932.2307692307692,403.9666666666666,1.0726957669774737,2.475451769948016,4,26,4,13.0,4,1054.0032377428306,248.72454921824044,-0.3302268725364801,chocolate_milk_4
afar,0,1706,59,118,108,4,48563,45381,3182,599,4,16,0.7745333909988403,0.6534458994865417,0.9176636934280396,0.050000000745058,0.7401173114776611,32,0,True,0.9152542372881356,0.5,411.5508474576271,420.19444444444446,795.5,823.1016949152543,449.6574074074074,1.2149167061342998,2.223915326483125,4,29,1,14.75,4,1054.0032377428306,248.72454921824044,-0.6261669430167317,boom_microphone_1
afar,0,1707,75,129,119,4,49566,49392,174,517,4,19,0.5779438614845276,0.6506587266921997,1.020825743675232,0.050000000745058,0.5043917298316956,32,0,True,0.9224806201550388,0.5813953488372093,384.2325581395349,415.05882352941177,43.5,660.88,416.52100840336135,1.5131340031473188,2.400839284993746,4,26,11,18.75,4,1054.0032377428306,248.72454921824044,-1.06608545353067,bottle_3
afar,0,1708,36,115,108,4,49628,46153,3475,599,4,25,0.5881990194320679,0.5604015588760376,0.7521957159042358,0.050000000745058,0.625199019908905,32,0,True,0.9391304347826088,0.3130434782608696,431.54782608695655,427.3425925925926,868.75,1378.5555555555557,459.5185185185185,0.725396953332796,2.176190859998388,3,12,0,9.0,4,1054.0032377428306,248.72454921824044,0.8801324157697138,canister_2
afar,0,1709,52,120,117,1,49075,47881,1194,599,4,30,0.6934499740600586,0.6468764543533325,1.0878541469573977,0.050000000745058,0.3691533803939819,32,0,True,0.975,0.4333333333333333,408.9583333333333,409.2393162393162,1194.0,943.75,419.44444444444446,1.0596026490066226,2.384105960264901,4,26,4,13.0,4,1054.0032377428306,248.72454921824044,-0.2989886164887079,chocolate_milk_4
afar,0,1710,76,115,112,1,49689,48057,1632,599,4,8,0.6250520944595337,0.5379607081413269,1.0107429027557373,0.050000000745058,0.7763494253158569,32,0,True,0.9739130434782608,0.6608695652173913,432.0782608695652,429.0803571428572,1632.0,653.8026315789474,443.6517857142857,1.529513574432973,2.25402000442754,4,27,9,19.0,4,1054.0032377428306,248.72454921824044,-1.085278110688976,bandage_4
afar,0,1711,44,115,110,3,48787,48030,757,560,4,6,0.6383132338523865,0.5644258856773376,1.108981370925903,0.050000000745058,0.2059347331523895,32,0,True,0.9565217391304348,0.3826086956521739,424.2347826086957,436.6363636363636,252.3333333333333,1108.7954545454545,443.5181818181818,0.9018795990735236,2.254698997683809,4,21,3,11.0,4,1054.0032377428306,248.72454921824044,0.1485874649266809,aerosol_can_1
afar,0,1712,71,138,118,19,49536,45172,4364,542,4,5,0.7058355212211609,0.6003750562667847,1.026879906654358,0.050000000745058,0.5050248503684998,32,0,True,0.855072463768116,0.5144927536231884,358.95652173913044,382.8135593220339,229.68421052631572,697.6901408450705,419.79661016949154,1.433301033591731,2.382105943152455,4,23,8,17.75,4,1054.0032377428306,248.72454921824044,-0.9662624160458791,Tabasco_sauce_4
afar,0,1713,23,118,111,1,49426,47349,2077,599,4,14,0.6909053325653076,0.6321811676025391,0.7618511915206909,0.050000000745058,0.232890248298645,32,9,False,0.940677966101695,0.1949152542372881,418.864406779661,426.5675675675676,2077.0,2148.9565217391305,445.2792792792793,0.4653421276251365,2.245781572451746,3,16,0,5.75,4,1054.0032377428306,248.72454921824044,2.969332912158485,beret_2
afar,0,1714,35,104,99,1,48276,45854,2422,599,4,27,0.4567696154117584,0.6841397881507874,0.9146808981895448,0.050000000745058,0.6176254153251648,32,0,True,0.9519230769230768,0.3365384615384615,464.1923076923077,463.1717171717172,2422.0,1379.3142857142857,487.6363636363636,0.7249979285773469,2.0507084265473527,4,14,5,8.75,4,1054.0032377428306,248.72454921824044,0.8821899669590593,chalice_2
afar,0,1715,62,111,106,4,48500,46486,2014,599,4,4,0.521044135093689,0.589186429977417,0.6819194555282593,0.050000000745058,0.4223033189773559,32,0,True,0.954954954954955,0.5585585585585585,436.93693693693695,438.5471698113208,503.5,782.258064516129,457.5471698113208,1.2783505154639174,2.185567010309278,4,24,6,15.5,4,1054.0032377428306,248.72454921824044,-0.7369281396529247,Tabasco_sauce_2
afar,0,1716,53,128,114,7,48860,46075,2785,599,4,12,0.7366271018981934,0.6502037644386292,0.9822834134101868,0.050000000745058,0.5348443388938904,32,0,True,0.890625,0.4140625,381.71875,404.1666666666667,397.8571428571428,921.8867924528302,428.5964912280702,1.084731887024151,2.3331968890708144,4,23,4,13.25,4,1054.0032377428306,248.72454921824044,-0.3582780333834862,beer_can_1
afar,0,1717,29,107,101,1,48859,45399,3460,599,4,9,0.6308624744415283,0.5526211261749268,0.8694748878479004,0.050000000745058,0.6966063976287842,32,3,False,0.9439252336448598,0.2710280373831775,456.6261682242991,449.4950495049505,3460.0,1684.7931034482758,483.7524752475247,0.5935446898217319,2.067172885241204,3,14,0,7.25,4,1054.0032377428306,248.72454921824044,1.7105981928828466,bear_0
afar,0,1718,26,118,112,2,49410,47969,1441,599,4,8,0.646589457988739,0.5999130010604858,1.0335506200790403,0.050000000745058,0.3934495151042938,32,6,False,0.9491525423728814,0.2203389830508474,418.728813559322,428.2946428571428,720.5,1900.384615384616,441.1607142857143,0.5262092693786683,2.2667476219388787,4,13,1,6.5,4,1054.0032377428306,248.72454921824044,2.2952468544569284,bandage_4
afar,0,1719,23,154,85,50,49590,32529,17061,599,4,13,0.7921016812324524,0.5843368768692017,0.8079982995986938,0.050000000745058,0.7108027338981628,32,9,False,0.551948051948052,0.1493506493506493,322.012987012987,382.6941176470588,341.22,2156.086956521739,583.4117647058823,0.4638031861262351,1.714055253075217,3,12,0,5.75,4,1054.0032377428306,248.72454921824044,2.988669476546624,beer_can_4
afar,0,1720,40,113,112,0,48582,47983,599,599,4,18,0.7238001823425293,0.5101719498634338,0.9056611061096193,0.050000000745058,0.6720539331436157,32,0,True,0.991150442477876,0.3539823008849557,429.929203539823,428.4196428571428,,1214.55,433.7678571428572,0.8233502120126795,2.305380593635503,4,16,4,10.0,4,1054.0032377428306,248.72454921824044,0.4353763690911105,bottle_2
afar,0,1721,31,115,107,3,49441,47545,1896,599,4,28,0.6798081398010254,0.5088210701942444,1.0836244821548462,0.050000000745058,0.3314223289489746,32,1,False,0.9304347826086956,0.2695652173913043,429.9217391304348,444.3457943925234,632.0,1594.8709677419354,462.06542056074767,0.6270099714811593,2.1641957080156144,4,16,1,7.75,4,1054.0032377428306,248.72454921824044,1.4667441755590167,chalice_4
afar,0,1722,40,114,111,2,48372,46695,1677,599,4,20,0.7913814783096313,0.6744329333305359,0.6589397192001343,0.050000000745058,0.4181118011474609,32,0,True,0.9736842105263158,0.3508771929824561,424.3157894736842,420.6756756756757,838.5,1209.3,435.7837837837838,0.8269246671628214,2.2947159513768294,3,20,0,10.0,4,1054.0032377428306,248.72454921824044,0.4211392340309404,can_1
afar,0,1723,41,104,96,5,49067,45259,3808,599,4,14,0.4240726232528686,0.6788343191146851,0.6430835127830505,0.050000000745058,0.7200583219528198,32,0,True,0.9230769230769232,0.3942307692307692,471.7980769230769,471.4479166666667,761.6,1196.7560975609756,511.1145833333333,0.8355921495098538,1.9565084476328285,4,19,3,10.25,4,1054.0032377428306,248.72454921824044,0.3871222372298002,beret_2
afar,0,1724,90,126,126,0,49146,49146,0,559,4,15,0.6310369372367859,0.6380937695503235,0.7745881676673889,0.050000000745058,0.2335601300001144,32,0,True,1.0,0.7142857142857143,390.04761904761904,390.04761904761904,,546.0666666666667,390.04761904761904,1.83127823220608,2.563789525088512,4,26,20,22.5,4,1054.0032377428306,248.72454921824044,-1.377440297983049,bolt_1
afar,0,1725,78,122,118,4,49215,47529,1686,599,4,6,0.6522208452224731,0.5469446778297424,0.9622642993927002,0.050000000745058,0.5888967514038086,32,0,True,0.9672131147540984,0.639344262295082,403.4016393442623,402.7881355932203,421.5,630.9615384615385,417.0762711864407,1.5848826577263029,2.397642995021843,4,28,3,19.5,4,1054.0032377428306,248.72454921824044,-1.147219392143161,aerosol_can_1
afar,0,1726,40,102,99,0,49070,47273,1797,599,4,17,0.5652236342430115,0.5574960112571716,0.8992717862129211,0.050000000745058,0.2565011382102966,32,0,True,0.9705882352941176,0.392156862745098,481.078431372549,477.5050505050505,,1226.75,495.6565656565657,0.8151620134501733,2.0175259832891785,4,20,3,10.0,4,1054.0032377428306,248.72454921824044,0.4684607591356962,bottle_0
afar,0,1727,38,102,99,0,48685,46888,1797,599,4,11,0.5060816407203674,0.6269583106040955,0.7286631464958191,0.050000000745058,0.5043554306030273,32,0,True,0.9705882352941176,0.3725490196078431,477.30392156862746,473.6161616161616,,1281.1842105263158,491.7676767676768,0.7805278833316216,2.0334805381534355,4,23,2,9.5,4,1054.0032377428306,248.72454921824044,0.6160773700227226,beer_bottle_3
afar,0,1728,18,111,106,2,48851,46475,2376,599,4,30,0.6369169354438782,0.6179313659667969,1.124715805053711,0.050000000745058,0.7563589811325073,32,14,False,0.954954954954955,0.1621621621621621,440.0990990990991,438.4433962264151,1188.0,2713.9444444444443,460.85849056603774,0.3684673804016294,2.169863462365152,3,11,0,4.5,4,1054.0032377428306,248.72454921824044,4.501487076524287,chocolate_milk_4
afar,0,1729,21,106,102,0,48835,48777,58,582,4,2,0.4346807897090912,0.5210440158843994,0.8422548770904541,0.050000000745058,0.455874502658844,32,11,False,0.9622641509433962,0.1981132075471698,460.7075471698113,478.2058823529412,,2325.4761904761904,478.7745098039216,0.4300194532609808,2.0886659158390497,4,12,2,5.25,4,1054.0032377428306,248.72454921824044,3.448025172079627,Dixie_cup_3
afar,0,1730,35,104,101,2,48450,46653,1797,599,4,17,0.514794647693634,0.5934662818908691,1.0667473077774048,0.050000000745058,0.3165870308876037,32,0,True,0.971153846153846,0.3365384615384615,465.86538461538464,461.9108910891089,898.5,1384.2857142857142,479.7029702970297,0.7223942208462333,2.084623323013416,4,14,2,8.75,4,1054.0032377428306,248.72454921824044,0.89567166219971,bottle_0
afar,0,1731,56,118,112,5,49510,48757,753,599,4,9,0.751894474029541,0.5954452753067017,0.8809258937835693,0.050000000745058,0.236393541097641,32,0,True,0.9491525423728814,0.4745762711864407,419.5762711864407,435.3303571428572,150.6,884.1071428571429,442.0535714285714,1.1310846293678043,2.262169258735609,4,30,1,14.0,4,1054.0032377428306,248.72454921824044,-0.4607302188729525,bear_0
afar,0,1732,65,113,109,3,48578,47101,1477,599,4,19,0.5265192985534668,0.5832743644714355,0.7793489694595337,0.050000000745058,0.4478340446949005,32,0,True,0.9646017699115044,0.5752212389380531,429.8938053097345,432.1192660550459,492.3333333333333,747.3538461538461,445.6697247706422,1.3380542632467372,2.2438140722137594,4,24,10,16.25,4,1054.0032377428306,248.72454921824044,-0.8315826293659702,bottle_3
afar,0,1733,36,108,104,2,48796,48132,664,599,4,8,0.5424205660820007,0.5548205375671387,0.7336390018463135,0.050000000745058,0.4987611770629883,32,0,True,0.9629629629629628,0.3333333333333333,451.8148148148149,462.8076923076923,332.0,1355.4444444444443,469.1923076923077,0.7377653906057874,2.13132223952783,4,15,3,9.0,4,1054.0032377428306,248.72454921824044,0.8174588900021923,bandage_4
afar,0,1734,59,126,116,5,48836,46867,1969,599,4,10,0.6897084712982178,0.6492922306060791,0.7321723699569702,0.050000000745058,0.5719452500343323,32,0,True,0.9206349206349206,0.4682539682539682,387.5873015873016,404.0258620689655,393.8,827.728813559322,421.0,1.208125153575231,2.375296912114014,4,22,2,14.75,4,1054.0032377428306,248.72454921824044,-0.6136189595738701,beer_bottle_0
afar,0,1735,42,109,109,0,49169,49169,0,575,4,7,0.5494012832641602,0.5784025192260742,1.037336826324463,0.050000000745058,0.540782630443573,32,0,True,1.0,0.3853211009174312,451.091743119266,451.091743119266,,1170.690476190476,451.091743119266,0.8541967499847465,2.216843946388985,4,20,3,10.5,4,1054.0032377428306,248.72454921824044,0.3164365663956944,atomizer_0
afar,0,1736,14,116,115,0,48332,48314,18,550,4,22,0.6293740272521973,0.5114487409591675,1.1375391483306885,0.050000000745058,0.7919716835021973,32,18,False,0.9913793103448276,0.1206896551724138,416.6551724137931,420.1217391304348,,3452.285714285714,420.2782608695652,0.2896631631217413,2.379375982785732,4,9,1,3.5,4,1054.0032377428306,248.72454921824044,6.503746958281928,candy_cane_1
afar,0,1737,61,103,101,2,48648,47450,1198,599,4,7,0.400109589099884,0.660839319229126,0.9858123064041138,0.050000000745058,0.5105037093162537,32,0,True,0.9805825242718448,0.5922330097087378,472.31067961165047,469.8019801980198,599.0,797.5081967213115,481.66336633663366,1.253905607630324,2.076138792961684,4,18,10,15.25,4,1054.0032377428306,248.72454921824044,-0.6955722935785187,atomizer_0
afar,0,1738,38,124,111,3,48609,46817,1792,599,4,19,0.7138828039169312,0.5445892810821533,0.947645902633667,0.050000000745058,0.4950388073921203,32,0,True,0.8951612903225806,0.3064516129032258,392.008064516129,421.7747747747748,597.3333333333334,1279.1842105263158,437.9189189189189,0.7817482359233887,2.283527741776214,4,27,1,9.5,4,1054.0032377428306,248.72454921824044,0.6106536995236101,bottle_3
afar,0,1739,51,105,101,2,48625,46572,2053,599,4,17,0.4220754504203796,0.6667180061340332,1.1334166526794434,0.050000000745058,0.7548096776008606,32,0,True,0.961904761904762,0.4857142857142857,463.0952380952381,461.1089108910891,1026.5,953.4313725490196,481.4356435643565,1.0488431876606683,2.077120822622108,4,17,7,12.75,4,1054.0032377428306,248.72454921824044,-0.2727343291461909,bottle_0
afar,0,1740,36,120,114,3,48649,47180,1469,599,4,0,0.6266414523124695,0.5052087306976318,1.1877782344818115,0.050000000745058,0.4005847871303558,32,0,True,0.95,0.3,405.40833333333336,413.859649122807,489.6666666666667,1351.361111111111,426.7456140350877,0.739994655594154,2.343316409381488,3,22,0,9.0,4,1054.0032377428306,248.72454921824044,0.8063855627331713,Band_Aid_0
afar,0,1741,76,101,101,0,48939,48939,0,578,4,28,0.4015738070011139,0.5369389057159424,0.645336925983429,0.050000000745058,0.6399661302566528,32,0,True,1.0,0.7524752475247525,484.5445544554456,484.5445544554456,,643.9342105263158,484.5445544554456,1.5529536770265024,2.063793702364168,4,25,11,19.0,4,1054.0032377428306,248.72454921824044,-1.1120396427569648,chalice_4
afar,0,1742,65,112,111,1,49168,48569,599,599,4,4,0.4283435344696045,0.5521166920661926,0.9790545701980592,0.050000000745058,0.7253435254096985,32,0,True,0.9910714285714286,0.5803571428571429,439.0,437.55855855855856,599.0,756.4307692307692,442.9549549549549,1.321998047510576,2.2575658965180607,4,22,9,16.25,4,1054.0032377428306,248.72454921824044,-0.80696750940846,Tabasco_sauce_2
afar,0,1743,34,110,109,1,49016,48993,23,578,4,7,0.7608968615531921,0.5009044408798218,1.0708863735198977,0.050000000745058,0.3566404581069946,32,0,True,0.990909090909091,0.3090909090909091,445.6,449.4770642201835,23.0,1441.6470588235295,449.6880733944954,0.69365105271748,2.223763669006039,4,15,2,8.5,4,1054.0032377428306,248.72454921824044,1.0512261782792955,atomizer_0
afar,0,1744,53,105,102,1,49236,48274,962,599,4,17,0.4898725748062134,0.6118272542953491,1.198656439781189,0.050000000745058,0.3151874542236328,32,0,True,0.9714285714285714,0.5047619047619047,468.9142857142857,473.2745098039216,962.0,928.9811320754716,482.7058823529412,1.0764481273864652,2.071654886668292,4,23,1,13.25,4,1054.0032377428306,248.72454921824044,-0.3390393531224837,bottle_0
afar,0,1745,53,113,111,0,48401,48172,229,581,4,24,0.5930975079536438,0.626455545425415,0.7598897218704224,0.050000000745058,0.6807106137275696,32,0,True,0.9823008849557522,0.4690265486725664,428.3274336283186,433.981981981982,,913.2264150943396,436.0450450450451,1.095018697960786,2.293341046672589,4,19,6,13.25,4,1054.0032377428306,248.72454921824044,-0.3817635499786993,canister_1
afar,0,1746,40,127,122,4,49231,48385,846,560,4,14,0.6089093685150146,0.5530980229377747,0.7729514241218567,0.050000000745058,0.6915595531463623,32,0,True,0.9606299212598424,0.3149606299212598,387.6456692913386,396.5983606557377,211.5,1230.775,403.5327868852459,0.8124961914241027,2.478113383843513,4,15,7,10.0,4,1054.0032377428306,248.72454921824044,0.4793758960151602,beret_2
afar,0,1747,33,123,115,5,49408,46477,2931,599,4,16,0.7840282917022705,0.5641716122627258,0.6049603819847107,0.050000000745058,0.787212610244751,32,0,True,0.934959349593496,0.2682926829268293,401.6910569105691,404.1478260869565,586.2,1497.2121212121212,429.6347826086957,0.6679080310880829,2.3275582901554404,4,20,2,8.25,4,1054.0032377428306,248.72454921824044,1.201909473108468,boom_microphone_1
afar,0,1748,36,111,109,1,49333,48716,617,599,4,8,0.6638501286506653,0.5203971266746521,0.871382474899292,0.050000000745058,0.221708595752716,32,0,True,0.981981981981982,0.3243243243243243,444.44144144144144,446.9357798165138,617.0,1370.361111111111,452.5963302752294,0.7297346603693268,2.2094743883404617,4,13,6,9.0,4,1054.0032377428306,248.72454921824044,0.8579104324747391,bandage_4
afar,0,1749,56,137,117,14,49704,45006,4698,574,4,11,0.6976263523101807,0.6775137186050415,0.7816771268844604,0.050000000745058,0.7910255789756775,32,0,True,0.8540145985401459,0.4087591240875912,362.8029197080292,384.6666666666667,335.57142857142856,887.5714285714286,424.8205128205128,1.126669885723483,2.3539352969579914,4,26,2,14.0,4,1054.0032377428306,248.72454921824044,-0.4513356467584186,beer_bottle_3
afar,0,1750,19,108,105,0,48643,47079,1564,599,4,16,0.5144382119178772,0.6974828243255615,1.1148486137390137,0.050000000745058,0.5440976619720459,32,13,False,0.9722222222222222,0.1759259259259259,450.39814814814815,448.37142857142857,,2560.157894736842,463.26666666666665,0.3906009086610612,2.158583968916391,4,7,3,4.75,4,1054.0032377428306,248.72454921824044,4.0844432901195855,boom_microphone_1
afar,0,1751,61,106,102,0,49119,46723,2396,599,4,26,0.5314255356788635,0.5146341919898987,0.9910578727722168,0.050000000745058,0.2964030504226684,32,0,True,0.9622641509433962,0.5754716981132075,463.3867924528302,458.0686274509804,,805.2295081967213,481.55882352941177,1.241881960137625,2.076589507115373,4,29,1,15.25,4,1054.0032377428306,248.72454921824044,-0.6746333689466995,canister_3
afar,0,1752,66,127,119,8,48576,46469,2107,552,4,30,0.7454851865768433,0.6711691617965698,0.7362834811210632,0.050000000745058,0.3891640305519104,32,0,True,0.937007874015748,0.5196850393700787,382.488188976378,390.4957983193277,263.375,736.0,408.20168067226894,1.358695652173913,2.449769433465085,4,28,6,16.5,4,1054.0032377428306,248.72454921824044,-0.8623723895840081,chocolate_milk_4
afar,0,1753,32,125,119,4,49050,46775,2275,599,4,8,0.6733195781707764,0.5436111688613892,0.6362519264221191,0.050000000745058,0.5747592449188232,32,0,True,0.952,0.256,392.4,393.06722689075633,568.75,1532.8125,412.1848739495798,0.6523955147808359,2.4260958205912333,4,12,2,8.0,4,1054.0032377428306,248.72454921824044,1.29845183520299,bandage_4
afar,0,1754,46,102,97,5,48388,45557,2831,599,4,4,0.6501561403274536,0.5397627353668213,0.9386371374130248,0.050000000745058,0.679293692111969,32,0,True,0.9509803921568628,0.4509803921568627,474.3921568627451,469.659793814433,566.2,1051.9130434782608,498.8453608247423,0.9506489212201372,2.0046292469207243,4,25,4,11.5,4,1054.0032377428306,248.72454921824044,-0.0056682624850807,Tabasco_sauce_2
afar,0,1755,54,102,97,1,48847,46557,2290,599,4,9,0.4491775929927826,0.6314350962638855,0.6561901569366455,0.050000000745058,0.7269479036331177,32,0,True,0.9509803921568628,0.5294117647058824,478.8921568627451,479.9690721649485,2290.0,904.574074074074,503.5773195876289,1.1054926607570577,1.9857923721006407,4,21,1,13.5,4,1054.0032377428306,248.72454921824044,-0.4052272733486365,bear_0
afar,0,1756,59,107,105,1,48291,47671,620,599,4,7,0.4403800666332245,0.6921796798706055,0.945498526096344,0.050000000745058,0.5054346323013306,32,0,True,0.9813084112149532,0.5514018691588785,451.31775700934577,454.0095238095238,620.0,818.4915254237288,459.9142857142857,1.2217597481932452,2.174318195937131,4,26,4,14.75,4,1054.0032377428306,248.72454921824044,-0.638668963150279,atomizer_0
afar,0,1757,44,122,120,0,48821,48342,479,529,4,8,0.6403811573982239,0.6808376312255859,0.6341038942337036,0.050000000745058,0.2974139451980591,32,0,True,0.9836065573770492,0.360655737704918,400.172131147541,402.85,,1109.5681818181818,406.8416666666666,0.9012515106204296,2.457958665328445,4,21,1,11.0,4,1054.0032377428306,248.72454921824044,0.1506829739831561,bandage_4
afar,0,1758,39,102,99,1,48972,47470,1502,599,4,30,0.4499121010303497,0.6140235662460327,1.1314501762390137,0.050000000745058,0.3620725274085998,32,0,True,0.9705882352941176,0.3823529411764705,480.11764705882354,479.4949494949495,1502.0,1255.6923076923076,494.6666666666667,0.7963734378828718,2.0215633423180592,4,18,1,9.75,4,1054.0032377428306,248.72454921824044,0.5469475293391975,chocolate_milk_4
afar,0,1759,51,127,121,5,49228,47693,1535,599,4,18,0.7402251958847046,0.5404380559921265,0.6157888174057007,0.050000000745058,0.3703637719154358,32,0,True,0.952755905511811,0.4015748031496063,387.62204724409446,394.1570247933884,307.0,965.2549019607844,406.8429752066116,1.0359957747623303,2.457950759730235,4,30,3,12.75,4,1054.0032377428306,248.72454921824044,-0.2406708653132028,bottle_2
afar,0,1760,42,137,120,9,49304,46638,2666,599,4,24,0.7666527032852173,0.6516868472099304,0.7280260920524597,0.050000000745058,0.5910906791687012,32,0,True,0.8759124087591241,0.3065693430656934,359.88321167883214,388.65,296.22222222222223,1173.904761904762,410.8666666666667,0.8518578614311212,2.4338796040889177,4,23,1,10.5,4,1054.0032377428306,248.72454921824044,0.3251531796978396,canister_1
afar,0,1761,57,111,110,0,48763,48188,575,575,4,18,0.5171684622764587,0.6323861479759216,1.014876365661621,0.050000000745058,0.3579385578632355,32,0,True,0.990990990990991,0.5135135135135135,439.3063063063063,438.07272727272726,,855.4912280701755,443.3,1.1689190574821071,2.2558087074216107,4,25,8,14.25,4,1054.0032377428306,248.72454921824044,-0.5383318652905472,bottle_2
afar,0,1762,49,107,94,3,49247,43502,5745,599,4,12,0.47109255194664,0.6451828479766846,0.8022179007530212,0.050000000745058,0.7968358397483826,32,0,True,0.8785046728971962,0.4579439252336448,460.25233644859816,462.7872340425532,1915.0,1005.0408163265306,523.9042553191489,0.9949844660588464,1.908745710398603,4,24,1,12.25,4,1054.0032377428306,248.72454921824044,-0.1327780203003477,beer_can_1
afar,0,1763,67,142,129,10,49506,46633,2873,496,4,25,0.7936068773269653,0.5811997056007385,0.6165980100631714,0.050000000745058,0.5282133221626282,32,0,True,0.908450704225352,0.4718309859154929,348.63380281690144,361.49612403100775,287.3,738.8955223880597,383.7674418604651,1.3533713085282593,2.605744758211126,4,24,6,16.75,4,1054.0032377428306,248.72454921824044,-0.8545202099061886,canister_2
afar,0,1764,36,106,103,2,48742,47758,984,584,4,25,0.4932943880558014,0.6264997124671936,0.6080973148345947,0.050000000745058,0.4363528490066528,32,0,True,0.9716981132075472,0.3396226415094339,459.8301886792453,463.66990291262135,492.0,1353.9444444444443,473.22330097087377,0.738582741783267,2.113167288991014,4,21,1,9.0,4,1054.0032377428306,248.72454921824044,0.8133911371278579,canister_2
afar,0,1765,42,99,94,3,48521,46701,1820,599,4,16,0.4405950605869293,0.5294423699378967,0.7047261595726013,0.050000000745058,0.2275556921958923,32,0,True,0.9494949494949496,0.4242424242424242,490.1111111111111,496.8191489361702,606.6666666666666,1155.2619047619048,516.1808510638298,0.8656045835823664,1.9373054965891057,4,17,2,10.5,4,1054.0032377428306,248.72454921824044,0.2745968225453991,boom_microphone_1
afar,0,1766,33,100,98,0,48372,47174,1198,599,4,17,0.4548397958278656,0.6767597198486328,0.9797934293746948,0.050000000745058,0.6682285070419312,32,0,True,0.98,0.33,483.72,481.3673469387755,,1465.8181818181818,493.59183673469386,0.6822128504093277,2.0259654345489126,4,15,1,8.25,4,1054.0032377428306,248.72454921824044,1.116774281637552,bottle_0
afar,0,1767,53,114,109,2,48670,47410,1260,599,4,20,0.6347424983978271,0.5180260539054871,0.7574342489242554,0.050000000745058,0.6291602849960327,32,0,True,0.956140350877193,0.4649122807017544,426.9298245614035,434.95412844036696,630.0,918.3018867924528,446.51376146788994,1.0889665091432097,2.239572632011506,4,24,2,13.25,4,1054.0032377428306,248.72454921824044,-0.3679997069196309,can_1
afar,0,1768,8,107,94,4,49193,44104,5089,599,4,2,0.6388392448425293,0.6604543924331665,0.6057809591293335,0.050000000745058,0.4414663016796112,32,24,False,0.8785046728971962,0.0747663551401869,459.7476635514018,469.1914893617021,1272.25,6149.125,523.3297872340426,0.1626247636858902,1.9108409733092109,3,5,0,2.0,4,1054.0032377428306,248.72454921824044,13.817130795669888,Dixie_cup_3
afar,0,1769,35,119,117,2,49179,48424,755,599,4,29,0.7291442155838013,0.5943333506584167,0.9724652767181396,0.050000000745058,0.4259427487850189,32,0,True,0.9831932773109244,0.2941176470588235,413.2689075630252,413.88034188034186,377.5,1405.1142857142856,420.3333333333333,0.7116858821854857,2.379064234734338,4,17,1,8.75,4,1054.0032377428306,248.72454921824044,0.9521553163976092,chicken_(animal)_2
afar,0,1770,54,117,116,1,47962,47622,340,504,4,29,0.7610559463500977,0.5838247537612915,0.936658263206482,0.050000000745058,0.5792783498764038,32,0,True,0.9914529914529916,0.4615384615384615,409.9316239316239,410.5344827586207,340.0,888.1851851851852,413.4655172413793,1.1258913306367542,2.418581376923397,4,21,9,13.5,4,1054.0032377428306,248.72454921824044,-0.4496712399385851,chicken_(animal)_2
afar,0,1771,18,117,116,0,48807,48609,198,570,4,27,0.6852947473526001,0.6232972145080566,0.8127801418304443,0.050000000745058,0.4051139950752258,32,14,False,0.9914529914529916,0.1538461538461538,417.1538461538461,419.0431034482759,,2711.5,420.75,0.368799557440531,2.3767082590612003,4,7,2,4.5,4,1054.0032377428306,248.72454921824044,4.494858145914262,chalice_2
afar,0,1772,30,96,92,1,48684,46288,2396,599,4,18,0.6285510063171387,0.604159414768219,1.053924322128296,0.050000000745058,0.5709188580513,32,2,False,0.9583333333333334,0.3125,507.125,503.1304347826087,2396.0,1622.8,529.1739130434783,0.6162188809465122,1.889737901569304,4,13,3,7.5,4,1054.0032377428306,248.72454921824044,1.5424831097224283,bottle_2
afar,0,1773,38,121,106,10,48795,46131,2664,581,4,31,0.7806364297866821,0.5421580076217651,0.757906973361969,0.050000000745058,0.449567973613739,32,0,True,0.8760330578512396,0.3140495867768595,403.26446280991735,435.1981132075472,266.4,1284.078947368421,460.3301886792453,0.7787683164258633,2.172353724766882,4,19,1,9.5,4,1054.0032377428306,248.72454921824044,0.6239274194293324,cider_0
afar,0,1774,50,117,115,1,49405,48500,905,599,4,30,0.5174630880355835,0.5851201415061951,0.9217779636383056,0.050000000745058,0.689588189125061,32,0,True,0.9829059829059827,0.4273504273504273,422.2649572649573,421.7391304347826,905.0,988.1,429.60869565217394,1.0120433154539017,2.327699625543973,3,22,0,12.5,4,1054.0032377428306,248.72454921824044,-0.1787187231708904,chocolate_milk_4
afar,0,1775,50,113,111,1,49156,48192,964,599,4,7,0.5649275779724121,0.6831104159355164,1.162622332572937,0.050000000745058,0.3558870255947113,32,0,True,0.9823008849557522,0.4424778761061947,435.0088495575221,434.1621621621622,964.0,983.12,442.84684684684686,1.0171698266742617,2.2581170152168606,4,21,5,12.5,4,1054.0032377428306,248.72454921824044,-0.1922236627136803,atomizer_0
afar,0,1776,70,119,112,4,48958,47688,1270,599,4,16,0.7693595886230469,0.602196991443634,0.7141724228858948,0.050000000745058,0.3004883229732513,32,0,True,0.9411764705882352,0.5882352941176471,411.4117647058824,425.7857142857143,317.5,699.4,437.125,1.4297969688304262,2.2876751501286816,4,28,3,17.5,4,1054.0032377428306,248.72454921824044,-0.9616255597177652,boom_microphone_1
afar,0,1777,33,110,104,2,49302,47522,1780,548,4,29,0.5326837301254272,0.5531018972396851,0.6515079140663147,0.050000000745058,0.6049657464027405,32,0,True,0.9454545454545454,0.3,448.2,456.9423076923077,890.0,1494.0,474.0576923076923,0.6693440428380187,2.1094478925804228,3,19,0,8.25,4,1054.0032377428306,248.72454921824044,1.1931987295795905,chicken_(animal)_2
afar,0,1778,41,148,131,14,49408,46792,2616,502,4,11,0.7072263956069946,0.66021329164505,1.0445506572723389,0.050000000745058,0.3307447433471679,32,0,True,0.8851351351351351,0.277027027027027,333.8378378378378,357.19083969465646,186.8571428571429,1205.0731707317073,377.1603053435114,0.8298251295336787,2.6513924870466323,4,20,2,10.25,4,1054.0032377428306,248.72454921824044,0.4096767694273284,beer_bottle_3
afar,0,1779,34,121,97,22,49354,43394,5960,599,4,25,0.6428912878036499,0.5494636297225952,1.0874545574188232,0.050000000745058,0.2914748787879944,32,0,True,0.8016528925619835,0.2809917355371901,407.8842975206612,447.3608247422681,270.90909090909093,1451.5882352941176,508.8041237113402,0.6889005956963975,1.965392875957369,4,13,4,8.5,4,1054.0032377428306,248.72454921824044,1.0781850110542948,canister_2
afar,0,1780,25,117,112,1,48941,48241,700,599,4,27,0.6705954074859619,0.6456887722015381,1.0695374011993408,0.050000000745058,0.7327603101730347,32,7,False,0.9572649572649572,0.2136752136752136,418.2991452991453,430.7232142857143,700.0,1957.64,436.9732142857143,0.5108191495882798,2.2884697901554936,4,14,1,6.25,4,1054.0032377428306,248.72454921824044,2.450514024683826,chalice_2
afar,0,1781,61,121,120,1,49180,48962,218,554,4,30,0.554271936416626,0.6399708986282349,0.7701581120491028,0.050000000745058,0.5825805068016052,32,0,True,0.9917355371900828,0.5041322314049587,406.44628099173553,408.01666666666665,218.0,806.2295081967213,409.8333333333333,1.2403416022773486,2.440016266775112,4,19,8,15.25,4,1054.0032377428306,248.72454921824044,-0.6719215336971432,chocolate_milk_4
afar,0,1782,56,97,84,3,48479,42162,6317,599,4,21,0.4296577274799347,0.6391768455505371,1.0057772397994995,0.050000000745058,0.5885511040687561,32,0,True,0.865979381443299,0.5773195876288659,499.7835051546392,501.9285714285714,2105.6666666666665,865.6964285714286,577.1309523809524,1.1551393386827289,1.732709008024093,4,25,1,14.0,4,1054.0032377428306,248.72454921824044,-0.5106570428424605,candle_holder_4
afar,0,1783,36,112,106,2,48865,47277,1588,599,4,1,0.7434200048446655,0.5894486904144287,0.8244636058807373,0.050000000745058,0.3851455450057983,32,0,True,0.9464285714285714,0.3214285714285714,436.2946428571428,446.00943396226415,794.0,1357.361111111111,460.9905660377359,0.7367236263174051,2.1692417886012483,4,20,1,9.0,4,1054.0032377428306,248.72454921824044,0.8226565742305085,Dixie_cup_0
afar,0,1784,55,140,124,9,49260,45401,3859,599,4,3,0.7646681070327759,0.651202380657196,0.955308198928833,0.050000000745058,0.4081190526485443,32,0,True,0.8857142857142857,0.3928571428571428,351.85714285714283,366.1370967741936,428.77777777777777,895.6363636363636,397.258064516129,1.116524563540398,2.5172553796183514,4,25,2,13.75,4,1054.0032377428306,248.72454921824044,-0.4294648715639459,Dixie_cup_4
afar,0,1785,34,93,89,2,49140,46744,2396,599,4,8,0.4411800801753998,0.6909468770027161,1.0342075824737549,0.050000000745058,0.6562163233757019,32,0,True,0.956989247311828,0.3655913978494624,528.3870967741935,525.2134831460675,1198.0,1445.2941176470588,552.1348314606741,0.6919006919006919,1.8111518111518112,3,20,0,8.5,4,1054.0032377428306,248.72454921824044,1.061116400954147,bandage_4
afar,0,1786,72,113,108,3,48766,48055,711,599,4,22,0.5063972473144531,0.5793430805206299,1.1741458177566528,0.050000000745058,0.3484731316566467,32,0,True,0.9557522123893806,0.6371681415929203,431.5575221238938,444.9537037037037,237.0,677.3055555555555,451.537037037037,1.4764385022351638,2.214657753352746,4,24,10,18.0,4,1054.0032377428306,248.72454921824044,-1.0215420529815706,candy_cane_1
afar,0,1787,39,105,100,1,48828,45981,2847,599,4,17,0.608481764793396,0.5977418422698975,1.0297701358795166,0.050000000745058,0.5581584572792053,32,0,True,0.9523809523809524,0.3714285714285714,465.0285714285714,459.81,2847.0,1252.0,488.28,0.7987220447284346,2.0480052428934217,3,23,0,9.75,4,1054.0032377428306,248.72454921824044,0.5369345991869903,bottle_0
afar,0,1788,30,117,113,0,49116,49011,105,546,4,0,0.6990958452224731,0.6176589727401733,0.90078866481781,0.050000000745058,0.2105974853038787,32,2,False,0.9658119658119658,0.2564102564102564,419.79487179487177,433.72566371681415,,1637.2,434.6548672566372,0.610798924993892,2.3006759508103265,4,11,3,7.5,4,1054.0032377428306,248.72454921824044,1.5815335373160375,Band_Aid_0
afar,0,1789,43,109,105,2,48970,47495,1475,599,4,9,0.5716913938522339,0.6021414995193481,0.7094814777374268,0.050000000745058,0.7182499766349792,32,0,True,0.963302752293578,0.3944954128440367,449.2660550458716,452.3333333333333,737.5,1138.8372093023256,466.3809523809524,0.8780886256891974,2.144169899938738,4,16,2,10.75,4,1054.0032377428306,248.72454921824044,0.2300557544348865,bear_0
afar,0,1790,39,101,99,2,48377,47245,1132,599,4,8,0.5123143196105957,0.6872631907463074,1.0960381031036377,0.050000000745058,0.2129680961370468,32,0,True,0.9801980198019802,0.3861386138613861,478.980198019802,477.22222222222223,566.0,1240.4358974358977,488.6565656565657,0.8061682204353309,2.0464270211050706,4,17,1,9.75,4,1054.0032377428306,248.72454921824044,0.5055746582241737,bandage_4
afar,0,1791,42,118,115,0,48883,47086,1797,599,4,23,0.7556369304656982,0.6079765558242798,0.7043226361274719,0.050000000745058,0.2125867903232574,32,0,True,0.9745762711864406,0.3559322033898305,414.2627118644068,409.4434782608696,,1163.8809523809523,425.0695652173913,0.859194402962175,2.3525561033488125,4,24,1,10.5,4,1054.0032377428306,248.72454921824044,0.2979702596963354,canister_0
afar,0,1792,35,107,103,2,48982,47728,1254,599,4,15,0.4995974004268646,0.5040368437767029,1.0492194890975952,0.050000000745058,0.3667089939117431,32,0,True,0.9626168224299064,0.3271028037383177,457.77570093457945,463.378640776699,627.0,1399.4857142857145,475.5533980582524,0.7145482013800988,2.102813278347148,4,25,1,8.75,4,1054.0032377428306,248.72454921824044,0.9368915579929644,bolt_1
afar,0,1793,31,128,118,4,49011,48424,587,599,4,24,0.7817255258560181,0.6223856806755066,1.034900784492493,0.050000000745058,0.7427994608879089,32,1,False,0.921875,0.2421875,382.8984375,410.3728813559322,146.75,1581.0,415.3474576271187,0.6325110689437066,2.407622778559915,4,12,6,7.75,4,1054.0032377428306,248.72454921824044,1.4291283962909795,canister_1
afar,0,1794,46,109,100,2,48768,45118,3650,599,4,24,0.603401243686676,0.5675564408302307,0.7592266798019409,0.050000000745058,0.2865112423896789,32,0,True,0.9174311926605504,0.4220183486238532,447.41284403669727,451.18,1825.0,1060.1739130434785,487.68,0.943241469816273,2.050524934383202,4,18,1,11.5,4,1054.0032377428306,248.72454921824044,0.016733854793862,canister_1
afar,0,1795,43,130,117,9,49156,45583,3573,599,4,31,0.7049946188926697,0.5123311281204224,0.7130765318870544,0.050000000745058,0.4683620929718017,32,0,True,0.9,0.3307692307692307,378.12307692307695,389.5982905982906,397.0,1143.1627906976744,420.13675213675214,0.8747660509398649,2.380177394417772,4,20,4,10.75,4,1054.0032377428306,248.72454921824044,0.2417860185376178,cider_0
afar,0,1796,68,111,109,2,48719,47841,878,599,4,13,0.6470233798027039,0.6245831251144409,0.616901695728302,0.050000000745058,0.7790656685829163,32,0,True,0.981981981981982,0.6126126126126126,438.9099099099099,438.908256880734,439.0,716.4558823529412,446.9633027522936,1.3957593546665572,2.23732014203904,4,21,8,17.0,4,1054.0032377428306,248.72454921824044,-0.9153728167407754,beer_can_4
afar,0,1797,42,102,99,0,48951,47154,1797,599,4,0,0.6352021098136902,0.6612913608551025,0.9536839723587036,0.050000000745058,0.6841562986373901,32,0,True,0.9705882352941176,0.4117647058823529,479.9117647058824,476.3030303030303,,1165.5,494.45454545454544,0.858000858000858,2.0224305938591653,4,19,2,10.5,4,1054.0032377428306,248.72454921824044,0.302360850100379,Band_Aid_0
afar,0,1798,46,137,127,5,49229,48212,1017,521,4,5,0.7471721172332764,0.5198690891265869,0.6037757396697998,0.050000000745058,0.3690276741981506,32,0,True,0.927007299270073,0.3357664233576642,359.33576642335765,379.62204724409446,203.4,1070.195652173913,387.62992125984255,0.9344085803083548,2.5797802108513275,4,22,5,11.5,4,1054.0032377428306,248.72454921824044,0.0439111602296317,Tabasco_sauce_4
afar,0,1799,58,113,106,6,48156,45780,2376,599,4,11,0.5899766683578491,0.5281556844711304,0.7039943933486938,0.050000000745058,0.4022614359855652,32,0,True,0.9380530973451328,0.5132743362831859,426.1592920353982,431.8867924528302,396.0,830.2758620689655,454.3018867924528,1.2044189716753884,2.201179499958468,4,21,2,14.5,4,1054.0032377428306,248.72454921824044,-0.6067117836430893,beer_bottle_3
afar,0,1800,57,138,131,5,49454,47310,2144,599,4,3,0.7411132454872131,0.6941995620727539,0.6042101979255676,0.050000000745058,0.5272067785263062,32,0,True,0.9492753623188406,0.4130434782608695,358.3623188405797,361.1450381679389,428.8,867.6140350877193,377.51145038167937,1.1525862417600194,2.64892627492215,4,22,9,14.25,4,1054.0032377428306,248.72454921824044,-0.5054568098968045,Dixie_cup_4
afar,0,1801,70,118,117,1,48491,47892,599,599,4,18,0.6660257577896118,0.6856879591941833,0.9436910152435304,0.050000000745058,0.2166775166988372,32,0,True,0.9915254237288136,0.5932203389830508,410.9406779661017,409.3333333333333,599.0,692.7285714285714,414.45299145299145,1.443566847456229,2.412818873605412,4,22,5,17.5,4,1054.0032377428306,248.72454921824044,-0.9797173748826612,bottle_2
afar,0,1802,39,103,100,0,48814,48156,658,599,4,29,0.488369882106781,0.6333205699920654,0.9345151782035828,0.050000000745058,0.2057737559080124,32,0,True,0.970873786407767,0.3786407766990291,473.92233009708735,481.56,,1251.6410256410256,488.14,0.7989511205801614,2.0485926168722086,4,16,2,9.75,4,1054.0032377428306,248.72454921824044,0.5359611198666367,chicken_(animal)_2
afar,0,1803,49,130,122,5,49078,47151,1927,599,4,10,0.7310887575149536,0.5193400382995605,1.1837704181671145,0.050000000745058,0.6884100437164307,32,0,True,0.9384615384615383,0.3769230769230769,377.5230769230769,386.4836065573771,385.4,1001.591836734694,402.27868852459017,0.9984106931822812,2.4858388687395574,3,30,0,12.25,4,1054.0032377428306,248.72454921824044,-0.1421310847324905,beer_bottle_0
afar,0,1804,53,103,90,7,48476,43063,5413,599,4,2,0.4579084813594818,0.6530734896659851,1.0116461515426636,0.050000000745058,0.7406583428382874,32,0,True,0.8737864077669902,0.5145631067961165,470.6407766990291,478.47777777777776,773.2857142857143,914.6415094339624,538.6222222222223,1.09332453172704,1.856588827461012,4,20,5,13.25,4,1054.0032377428306,248.72454921824044,-0.3779260472670631,Dixie_cup_3
afar,0,1805,57,122,119,1,49132,47581,1551,599,4,27,0.7041304111480713,0.5914232730865479,0.8432278633117676,0.050000000745058,0.4545725584030151,32,0,True,0.9754098360655736,0.4672131147540984,402.7213114754098,399.84033613445376,1551.0,861.9649122807018,412.873949579832,1.1601400309370675,2.4220467312545795,4,22,4,14.25,4,1054.0032377428306,248.72454921824044,-0.5207763002539465,chalice_2
afar,0,1806,67,125,115,6,49193,45581,3612,599,4,6,0.5571515560150146,0.6091061234474182,0.995968222618103,0.050000000745058,0.2486375421285629,32,0,True,0.92,0.536,393.544,396.3565217391304,602.0,734.223880597015,427.7652173913044,1.361982395869331,2.3377309779846724,4,25,4,16.75,4,1054.0032377428306,248.72454921824044,-0.8671889327884437,aerosol_can_1
afar,0,1807,19,118,110,4,48913,45706,3207,599,4,23,0.6620593070983887,0.548922598361969,0.6753275990486145,0.050000000745058,0.6706335544586182,32,13,False,0.9322033898305084,0.1610169491525423,414.5169491525424,415.5090909090909,801.75,2574.368421052632,444.6636363636364,0.388444789728702,2.2488908879030114,2,10,0,4.75,4,1054.0032377428306,248.72454921824044,4.1229798962974895,canister_0
afar,0,1808,22,115,112,1,48536,47894,642,599,4,28,0.5760686993598938,0.5182003378868103,1.044910192489624,0.050000000745058,0.6568426489830017,32,10,False,0.9739130434782608,0.1913043478260869,422.0521739130435,427.625,642.0,2206.181818181818,433.3571428571428,0.4532717982528432,2.307565518378111,4,10,2,5.5,4,1054.0032377428306,248.72454921824044,3.1245184882180674,chalice_4
afar,0,1809,72,119,118,1,48843,48244,599,599,4,1,0.6395338773727417,0.6168521046638489,0.8061318397521973,0.050000000745058,0.6434734463691711,32,0,True,0.9915966386554622,0.6050420168067226,410.4453781512605,408.8474576271187,599.0,678.375,413.9237288135593,1.4741109268472452,2.415904018999652,4,32,13,18.0,4,1054.0032377428306,248.72454921824044,-1.018641895839684,Dixie_cup_0
afar,0,1810,44,117,115,1,49039,48201,838,599,4,6,0.5395931005477905,0.5250918865203857,1.103453516960144,0.050000000745058,0.5814389586448669,32,0,True,0.9829059829059827,0.376068376068376,419.13675213675214,419.1391304347826,838.0,1114.5227272727273,426.4260869565217,0.897245049858276,2.3450722894023124,3,21,0,11.0,4,1054.0032377428306,248.72454921824044,0.164118884992321,aerosol_can_1
afar,0,1811,53,99,97,0,48223,47025,1198,599,4,7,0.6828876733779907,0.5194907784461975,0.999940037727356,0.050000000745058,0.6269290447235107,32,0,True,0.9797979797979798,0.5353535353535354,487.1010101010101,484.7938144329897,,909.8679245283018,497.1443298969072,1.0990606142297243,2.011488293967609,4,19,3,13.25,4,1054.0032377428306,248.72454921824044,-0.3908712230809824,atomizer_0
afar,0,1812,42,119,115,0,48963,46567,2396,599,4,15,0.6933572292327881,0.6796016693115234,0.6552016735076904,0.050000000745058,0.3500124216079712,32,0,True,0.9663865546218487,0.3529411764705882,411.453781512605,404.9304347826087,,1165.7857142857142,425.7652173913044,0.857790576557809,2.3487122929559057,4,27,2,10.5,4,1054.0032377428306,248.72454921824044,0.3031356601716806,bolt_1
afar,0,1813,52,100,87,9,48946,42737,6209,599,4,1,0.4170642793178558,0.6204656362533569,0.6014906167984009,0.050000000745058,0.7896906733512878,32,0,True,0.87,0.52,489.46,491.2298850574713,689.8888888888889,941.2692307692308,562.5977011494252,1.0623952927716258,1.7774690475217587,3,19,0,13.0,4,1054.0032377428306,248.72454921824044,-0.3057160539347224,Dixie_cup_0
afar,0,1814,57,133,121,6,49664,46844,2820,599,4,16,0.7763350009918213,0.5663658380508423,1.0046675205230713,0.050000000745058,0.4768610596656799,32,0,True,0.9097744360902256,0.4285714285714285,373.4135338345865,387.1404958677686,470.0,871.2982456140351,410.44628099173553,1.1477126288659794,2.4363724226804124,4,29,3,14.25,4,1054.0032377428306,248.72454921824044,-0.4954658379247555,boom_microphone_1
afar,0,1815,39,100,97,3,49177,49120,57,587,4,19,0.4387158155441284,0.5466982126235962,0.9663139581680298,0.050000000745058,0.5187487602233887,32,0,True,0.97,0.39,491.77,506.3917525773196,19.0,1260.948717948718,506.97938144329896,0.7930536632978832,1.9724668035870427,4,19,3,9.75,4,1054.0032377428306,248.72454921824044,0.56120204795866,bottle_3
afar,0,1816,62,108,99,5,49119,45468,3651,599,4,19,0.5107314586639404,0.579784631729126,0.8928968906402588,0.050000000745058,0.4271729290485382,32,0,True,0.9166666666666666,0.5740740740740741,454.80555555555554,459.27272727272725,730.2,792.241935483871,496.1515151515151,1.2622406807956188,2.015513345141392,4,21,7,15.5,4,1054.0032377428306,248.72454921824044,-0.7098535264355812,bottle_3
afar,0,1817,55,119,109,9,50186,46635,3551,599,4,13,0.6787340641021729,0.6122613549232483,0.6113309860229492,0.050000000745058,0.6228117346763611,32,0,True,0.9159663865546218,0.4621848739495798,421.7310924369748,427.8440366972477,394.55555555555554,912.4727272727272,460.4220183486239,1.095923165823138,2.171920455904037,4,26,3,13.75,4,1054.0032377428306,248.72454921824044,-0.3838074271805087,beer_can_4
afar,0,1818,56,132,117,13,49639,44900,4739,599,4,30,0.7843403816223145,0.5850889682769775,0.715493381023407,0.050000000745058,0.3218935132026672,32,0,True,0.8863636363636364,0.4242424242424242,376.0530303030303,383.7606837606838,364.5384615384616,886.4107142857143,424.2649572649573,1.128145208404682,2.3570176675597816,4,24,4,14.0,4,1054.0032377428306,248.72454921824044,-0.4544833126730819,chocolate_milk_4
afar,0,1819,28,125,104,19,49033,43792,5241,599,4,25,0.6650320291519165,0.6267003417015076,1.0429307222366333,0.050000000745058,0.6788094639778137,32,4,False,0.832,0.224,392.264,421.0769230769231,275.8421052631579,1751.178571428571,471.47115384615387,0.5710439907817184,2.12102053718924,2,14,0,7.0,4,1054.0032377428306,248.72454921824044,1.8906246450100963,canister_2
afar,0,1820,46,108,101,6,48271,45058,3213,599,4,17,0.4883961379528045,0.5101925134658813,1.101032018661499,0.050000000745058,0.3402850031852722,32,0,True,0.9351851851851852,0.4259259259259259,446.9537037037037,446.1188118811881,535.5,1049.3695652173913,477.9306930693069,0.952953118849827,2.0923535870398378,4,17,1,11.5,4,1054.0032377428306,248.72454921824044,-0.0125657564893865,bottle_0
afar,0,1821,51,118,118,0,49167,49167,0,565,4,19,0.6351957321166992,0.5576934218406677,1.161776423454285,0.050000000745058,0.2108096331357956,32,0,True,1.0,0.4322033898305085,416.6694915254237,416.6694915254237,,964.0588235294116,416.6694915254237,1.0372811031789615,2.399983728923872,4,21,7,12.75,4,1054.0032377428306,248.72454921824044,-0.2439144329646329,bottle_3
afar,0,1822,35,105,103,1,48115,47503,612,599,4,28,0.4799757003784179,0.673616349697113,1.0492372512817385,0.050000000745058,0.3943423330783844,32,0,True,0.9809523809523808,0.3333333333333333,458.2380952380952,461.19417475728153,612.0,1374.7142857142858,467.13592233009706,0.7274238802868128,2.1407045619869063,4,16,2,8.75,4,1054.0032377428306,248.72454921824044,0.869715524811101,chalice_4
afar,0,1823,70,129,122,5,49342,48953,389,583,4,0,0.6940915584564209,0.6063492298126221,0.7111119031906128,0.050000000745058,0.6545610427856445,32,0,True,0.9457364341085271,0.5426356589147286,382.49612403100775,401.25409836065575,77.8,704.8857142857142,404.44262295081967,1.418669693162012,2.472538608082364,4,22,9,17.5,4,1054.0032377428306,248.72454921824044,-0.9467492063487712,Band_Aid_0
afar,0,1824,60,108,105,1,48847,47050,1797,599,4,26,0.6102222204208374,0.5361793041229248,0.8370606899261475,0.050000000745058,0.7378067970275879,32,0,True,0.9722222222222222,0.5555555555555556,452.287037037037,448.0952380952381,1797.0,814.1166666666667,465.20952380952383,1.228325178618953,2.149569062583168,4,25,2,15.0,4,1054.0032377428306,248.72454921824044,-0.6505328593395097,canister_3
afar,0,1825,32,115,111,3,48933,47315,1618,599,4,5,0.6195054650306702,0.525660514831543,1.1463699340820312,0.050000000745058,0.2258238792419433,32,0,True,0.9652173913043478,0.2782608695652174,425.504347826087,426.26126126126127,539.3333333333334,1529.15625,440.8378378378378,0.6539554084155886,2.2684078229415734,4,12,1,8.0,4,1054.0032377428306,248.72454921824044,1.2885366875718005,Tabasco_sauce_4
afar,0,1826,60,108,107,0,48821,48222,599,599,4,1,0.4465847909450531,0.669106662273407,0.81031334400177,0.050000000745058,0.7923880219459534,32,0,True,0.9907407407407408,0.5555555555555556,452.0462962962963,450.67289719626166,,813.6833333333333,456.2710280373832,1.2289793326642224,2.191679809917863,3,26,0,15.0,4,1054.0032377428306,248.72454921824044,-0.651707987947651,Dixie_cup_0
afar,0,1827,31,123,109,11,48736,44666,4070,599,4,17,0.7067389488220215,0.6350897550582886,0.7572907209396362,0.050000000745058,0.2087079584598541,32,1,False,0.8861788617886179,0.2520325203252032,396.2276422764228,409.7798165137615,370.0,1572.1290322580646,447.1192660550459,0.6360801050558109,2.2365397242284963,4,20,1,7.75,4,1054.0032377428306,248.72454921824044,1.4050717932707233,bottle_0
afar,0,1828,53,134,133,0,49674,49075,599,599,4,0,0.7900213003158569,0.6584938764572144,1.159881591796875,0.050000000745058,0.7222047448158264,32,0,True,0.9925373134328358,0.3955223880597014,370.7014925373134,368.98496240601503,,937.245283018868,373.4887218045113,1.06695655675001,2.677457019768893,4,27,5,13.25,4,1054.0032377428306,248.72454921824044,-0.3166283372865286,Band_Aid_0
afar,0,1829,26,100,97,0,49428,48309,1119,599,4,3,0.4612531065940857,0.5008588433265686,0.9572722315788268,0.050000000745058,0.4455462694168091,32,6,False,0.97,0.26,494.28,498.0309278350516,,1901.076923076923,509.5670103092784,0.5260176418224488,1.9624504329529824,4,14,2,6.5,4,1054.0032377428306,248.72454921824044,2.297124278860468,Dixie_cup_4
afar,0,1830,59,136,129,3,49360,48635,725,599,4,29,0.6680314540863037,0.6320390701293945,0.9537821412086488,0.050000000745058,0.2756509184837341,32,0,True,0.9485294117647058,0.4338235294117647,362.9411764705882,377.015503875969,241.66666666666663,836.6101694915254,382.6356589147287,1.1952998379254458,2.613452188006483,4,31,3,14.75,4,1054.0032377428306,248.72454921824044,-0.5895341854930659,chicken_(animal)_2
afar,0,1831,48,101,96,5,48975,47129,1846,599,4,7,0.5118027925491333,0.6617600917816162,0.6841790676116943,0.050000000745058,0.2635831832885742,32,0,True,0.9504950495049505,0.4752475247524752,484.9009900990099,490.9270833333333,369.2,1020.3125,510.15625,0.9800918836140888,1.9601837672281777,4,18,6,12.0,4,1054.0032377428306,248.72454921824044,-0.0913637301945614,atomizer_0
afar,0,1832,79,111,106,4,48785,48035,750,580,4,11,0.5463933944702148,0.5783010125160217,1.1899755001068115,0.050000000745058,0.6338542103767395,32,0,True,0.954954954954955,0.7117117117117117,439.5045045045045,453.16037735849056,187.5,617.5316455696203,460.2358490566038,1.6193502101055652,2.172799016091012,4,31,11,19.75,4,1054.0032377428306,248.72454921824044,-1.1836390490852289,beer_bottle_3
afar,0,1833,61,122,112,7,49125,47423,1702,599,4,11,0.7770610451698303,0.5989694595336914,0.7174919247627258,0.050000000745058,0.5711355209350586,32,0,True,0.918032786885246,0.5,402.6639344262295,423.4196428571428,243.1428571428572,805.327868852459,438.6160714285714,1.2417302798982188,2.2798982188295165,4,22,9,15.25,4,1054.0032377428306,248.72454921824044,-0.6743666310533005,beer_bottle_3
afar,0,1834,19,97,85,7,49143,43587,5556,599,4,15,0.4128000140190124,0.5686949491500854,0.6567304730415344,0.050000000745058,0.6549202799797058,32,13,False,0.8762886597938144,0.1958762886597938,506.62886597938143,512.7882352941176,793.7142857142857,2586.4736842105262,578.1529411764706,0.3866267830616771,1.7296461347496084,3,12,0,4.75,4,1054.0032377428306,248.72454921824044,4.155807375634222,bolt_1
afar,0,1835,60,122,113,6,49293,47539,1754,599,4,11,0.562233030796051,0.5259450078010559,1.1383583545684814,0.050000000745058,0.2198009639978408,32,0,True,0.9262295081967212,0.4918032786885246,404.0409836065574,420.6991150442478,292.3333333333333,821.55,436.2212389380531,1.217211368754184,2.292414744487046,4,27,8,15.0,4,1054.0032377428306,248.72454921824044,-0.6303748839844754,beer_bottle_3
afar,0,1836,51,111,110,0,48589,48185,404,569,4,14,0.6719317436218262,0.6094721555709839,1.0098512172698977,0.050000000745058,0.3970932364463806,32,0,True,0.990990990990991,0.4594594594594595,437.73873873873873,438.04545454545456,,952.7254901960785,441.7181818181818,1.0496202844265163,2.2638868879787606,4,17,5,12.75,4,1054.0032377428306,248.72454921824044,-0.2746485657929363,beret_2
afar,0,1837,34,118,115,1,48623,48562,61,582,4,20,0.6908350586891174,0.6873220205307007,0.9124293923377992,0.050000000745058,0.7544548511505127,32,0,True,0.9745762711864406,0.288135593220339,412.0593220338983,422.2782608695652,61.0,1430.0882352941176,422.8086956521739,0.6992575530098925,2.365135841062872,4,24,2,8.5,4,1054.0032377428306,248.72454921824044,1.0198805531888364,can_1
afar,0,1838,68,110,108,2,48111,47265,846,599,4,23,0.5218298435211182,0.6189066767692566,0.6738870143890381,0.050000000745058,0.7039112448692322,32,0,True,0.9818181818181818,0.6181818181818182,437.3727272727273,437.6388888888889,423.0,707.5147058823529,445.47222222222223,1.413398183367629,2.2448088794662344,4,28,5,17.0,4,1054.0032377428306,248.72454921824044,-0.9396198142662192,canister_0
afar,0,1839,29,106,90,5,48926,42153,6773,599,4,28,0.4908148050308227,0.5265682339668274,0.6027936935424805,0.050000000745058,0.5693188905715942,32,3,False,0.8490566037735849,0.2735849056603773,461.5660377358491,468.3666666666667,1354.6,1687.103448275862,543.6222222222223,0.5927318807995748,1.839512733515922,2,18,0,7.25,4,1054.0032377428306,248.72454921824044,1.7168634674249252,chalice_4
afar,0,1840,42,118,113,2,49003,48666,337,571,4,28,0.6403228640556335,0.5180544853210449,1.0860729217529297,0.050000000745058,0.3065889179706573,32,0,True,0.9576271186440678,0.3559322033898305,415.2796610169492,430.6725663716814,168.5,1166.7380952380952,433.6548672566372,0.8570903822214967,2.3059812664530743,4,19,1,10.5,4,1054.0032377428306,248.72454921824044,0.3057183604093532,chalice_4
afar,0,1841,66,97,94,2,48476,48006,470,595,4,22,0.4179295003414154,0.6327228546142578,0.8619904518127441,0.050000000745058,0.2592168748378753,32,0,True,0.9690721649484536,0.6804123711340206,499.7525773195876,510.7021276595744,235.0,734.4848484848485,515.7021276595744,1.3614984734714086,1.939103886459279,4,20,12,16.5,4,1054.0032377428306,248.72454921824044,-0.8664812308712144,candy_cane_1
afar,0,1842,36,124,123,1,49151,49024,127,594,4,3,0.6265523433685303,0.5646948218345642,0.8955085873603821,0.050000000745058,0.3549562096595764,32,0,True,0.9919354838709676,0.2903225806451613,396.3790322580645,398.5691056910569,127.0,1365.3055555555557,399.6016260162602,0.7324367764643649,2.50249231958658,4,20,1,9.0,4,1054.0032377428306,248.72454921824044,0.8442005987130942,Dixie_cup_4
afar,0,1843,32,99,97,0,48427,47229,1198,599,4,30,0.4735046625137329,0.6646882891654968,0.9902931451797484,0.050000000745058,0.6316432952880859,32,0,True,0.9797979797979798,0.3232323232323232,489.16161616161617,486.89690721649487,,1513.34375,499.2474226804124,0.6607884031635245,2.0030148470894336,4,11,2,8.0,4,1054.0032377428306,248.72454921824044,1.245655792688193,chocolate_milk_4
afar,0,1844,42,126,109,6,48802,45064,3738,599,4,12,0.5634562969207764,0.5099573731422424,0.9013545513153076,0.050000000745058,0.7977275252342224,32,0,True,0.8650793650793651,0.3333333333333333,387.3174603174603,413.4311926605504,623.0,1161.952380952381,447.72477064220186,0.8606204663743289,2.2335150198762346,4,16,5,10.5,4,1054.0032377428306,248.72454921824044,0.2927402917150488,beer_can_1
afar,0,1845,45,124,121,3,49244,48252,992,583,4,14,0.7800276279449463,0.5838038325309753,0.8184078931808472,0.050000000745058,0.5316292643547058,32,0,True,0.9758064516129032,0.3629032258064516,397.1290322580645,398.7768595041322,330.6666666666667,1094.3111111111111,406.97520661157023,0.9138169117049793,2.4571521403622776,4,24,5,11.25,4,1054.0032377428306,248.72454921824044,0.1093083118347506,beret_2
afar,0,1846,51,93,83,4,49040,43307,5733,599,4,2,0.4339208006858825,0.569681704044342,1.1673673391342163,0.050000000745058,0.4476604163646698,32,0,True,0.8924731182795699,0.5483870967741935,527.3118279569892,521.7710843373494,1433.25,961.5686274509804,590.843373493976,1.0399673735725938,1.6924959216965745,4,19,7,12.75,4,1054.0032377428306,248.72454921824044,-0.2506674344684294,Dixie_cup_3
afar,0,1847,24,106,104,1,48677,48376,301,570,4,25,0.5010799169540405,0.5357099771499634,0.7987885475158691,0.050000000745058,0.6215044260025024,32,8,False,0.981132075471698,0.2264150943396226,459.2169811320755,465.1538461538461,301.0,2028.2083333333333,468.0480769230769,0.4930459970828111,2.136532654025515,4,11,1,6.0,4,1054.0032377428306,248.72454921824044,2.641883718519591,canister_2
afar,0,1848,35,107,102,1,49187,46753,2434,599,4,29,0.4461307823657989,0.544842004776001,1.1556432247161863,0.050000000745058,0.2078694254159927,32,0,True,0.9532710280373832,0.3271028037383177,459.6915887850468,458.3627450980392,2434.0,1405.3428571428572,482.22549019607845,0.7115701303189867,2.073718665501047,4,25,1,8.75,4,1054.0032377428306,248.72454921824044,0.9527751644546508,chicken_(animal)_2
afar,0,1849,26,122,122,0,49088,49088,0,553,4,16,0.7192060947418213,0.6922951936721802,0.7197446823120117,0.050000000745058,0.6923765540122986,32,6,False,1.0,0.2131147540983606,402.3606557377049,402.3606557377049,,1888.0,402.3606557377049,0.5296610169491526,2.4853324641460235,4,12,1,6.5,4,1054.0032377428306,248.72454921824044,2.261661817904732,boom_microphone_1
afar,0,1850,40,127,123,0,49522,48646,876,599,4,6,0.765192449092865,0.5168812870979309,1.0189547538757324,0.050000000745058,0.2273406982421875,32,0,True,0.968503937007874,0.3149606299212598,389.93700787401576,395.4959349593496,,1238.05,402.6178861788618,0.8077218206049837,2.483744598360325,4,17,4,10.0,4,1054.0032377428306,248.72454921824044,0.4991044974556811,aerosol_can_1
afar,0,1851,31,105,88,16,48666,43721,4945,599,4,10,0.4706645011901855,0.5158658027648926,0.6001367568969727,0.050000000745058,0.2951463460922241,32,1,False,0.8380952380952381,0.2952380952380952,463.4857142857143,496.82954545454544,309.0625,1569.8709677419354,553.0227272727273,0.6369950273291415,1.8082439485472404,3,15,0,7.75,4,1054.0032377428306,248.72454921824044,1.398948294320112,beer_bottle_0
afar,0,1852,45,117,114,1,48931,47692,1239,599,4,14,0.7261919975280762,0.6162773966789246,0.988103985786438,0.050000000745058,0.3738917112350464,32,0,True,0.9743589743589745,0.3846153846153846,418.2136752136752,418.35087719298247,1239.0,1087.3555555555556,429.219298245614,0.9196623817211992,2.329811367027038,4,22,2,11.25,4,1054.0032377428306,248.72454921824044,0.0904459910989487,beret_2
afar,0,1853,29,131,123,2,49631,46617,3014,599,4,20,0.7281121015548706,0.5208118557929993,0.8097528219223022,0.050000000745058,0.4670952558517456,32,3,False,0.9389312977099236,0.2213740458015267,378.8625954198473,379.0,1507.0,1711.4137931034484,403.5040650406504,0.5843122242147045,2.478289778565816,4,13,3,7.25,4,1054.0032377428306,248.72454921824044,1.7827891174572397,can_1
afar,0,1854,35,114,98,2,49581,43139,6442,599,4,11,0.4281616806983948,0.5963312387466431,1.018630862236023,0.050000000745058,0.6302619576454163,32,0,True,0.8596491228070176,0.3070175438596491,434.92105263157896,440.1938775510204,3221.0,1416.6,505.9285714285714,0.7059155724975293,1.976563602993082,4,16,1,8.75,4,1054.0032377428306,248.72454921824044,0.9833026812639404,beer_bottle_3
afar,0,1855,61,121,111,5,48622,44843,3779,599,4,12,0.6682456731796265,0.5934659838676453,0.6056027412414551,0.050000000745058,0.7850207090377808,32,0,True,0.9173553719008264,0.5041322314049587,401.8347107438017,403.990990990991,755.8,797.0819672131148,438.036036036036,1.254576117806754,2.2829171979762246,4,18,13,15.25,4,1054.0032377428306,248.72454921824044,-0.6967281577832474,beer_can_1
afar,0,1856,28,114,102,7,49159,44673,4486,599,4,2,0.6909018158912659,0.6665605902671814,0.9944604635238647,0.050000000745058,0.2083533257246017,32,4,False,0.8947368421052632,0.2456140350877192,431.219298245614,437.9705882352941,640.8571428571429,1755.678571428571,481.9509803921569,0.5695803413413617,2.074899814886389,4,15,2,7.0,4,1054.0032377428306,248.72454921824044,1.9028279036330995,Dixie_cup_3
afar,0,1857,37,102,96,0,48400,44910,3490,599,4,31,0.5643086433410645,0.5107678771018982,0.6229845285415649,0.050000000745058,0.575365424156189,32,0,True,0.9411764705882352,0.3627450980392157,474.5098039215686,467.8125,,1308.108108108108,504.1666666666667,0.7644628099173554,1.983471074380165,4,15,1,9.25,4,1054.0032377428306,248.72454921824044,0.6890905445404678,cider_0
afar,0,1858,47,131,128,0,49559,48929,630,599,4,15,0.7345434427261353,0.575836718082428,0.6639038920402527,0.050000000745058,0.2429950982332229,32,0,True,0.9770992366412212,0.3587786259541984,378.3129770992367,382.2578125,,1054.4468085106382,387.1796875,0.9483645755564076,2.5827801206642587,3,21,0,11.75,4,1054.0032377428306,248.72454921824044,0.0012028908438133,bolt_1
afar,0,1859,54,118,115,2,48943,47721,1222,599,4,29,0.5875830054283142,0.5814549922943115,0.904327929019928,0.050000000745058,0.5482596158981323,32,0,True,0.9745762711864406,0.4576271186440678,414.771186440678,414.9652173913044,611.0,906.3518518518518,425.5913043478261,1.103324275177247,2.3496720675071,4,21,2,13.5,4,1054.0032377428306,248.72454921824044,-0.4004062329049809,chicken_(animal)_2
afar,0,1860,34,121,117,0,48698,47676,1022,599,4,29,0.5740323066711426,0.6082669496536255,0.8092511892318726,0.050000000745058,0.6767463088035583,32,0,True,0.9669421487603306,0.2809917355371901,402.46280991735534,407.4871794871795,,1432.2941176470588,416.22222222222223,0.6981806234342273,2.402562733582488,4,21,1,8.5,4,1054.0032377428306,248.72454921824044,1.0258625427099164,chicken_(animal)_2
afar,0,1861,50,137,124,11,48971,46098,2873,474,4,31,0.7122052311897278,0.6226568222045898,0.8939762115478516,0.050000000745058,0.6030205488204956,32,0,True,0.9051094890510948,0.364963503649635,357.4525547445256,371.758064516129,261.1818181818182,979.42,394.9274193548387,1.0210124359314696,2.5321108411100446,4,22,2,12.5,4,1054.0032377428306,248.72454921824044,-0.2022574531370384,cider_0
afar,0,1862,31,97,89,2,48767,44548,4219,599,4,25,0.4171399772167206,0.5129929780960083,0.9017603397369384,0.050000000745058,0.3334482908248901,32,1,False,0.9175257731958762,0.3195876288659793,502.7525773195876,500.5393258426967,2109.5,1573.1290322580646,547.943820224719,0.6356757643488424,1.825004613775709,4,15,3,7.75,4,1054.0032377428306,248.72454921824044,1.4077836285202794,canister_2
afar,0,1863,52,94,84,5,48701,43292,5409,599,4,27,0.4035646319389343,0.5857154130935669,1.030098795890808,0.050000000745058,0.380760133266449,32,0,True,0.8936170212765957,0.5531914893617021,518.0957446808511,515.3809523809524,1081.8,936.5576923076924,579.7738095238095,1.0677398821379438,1.7248105788382169,4,19,4,13.0,4,1054.0032377428306,248.72454921824044,-0.3184929700143621,chalice_2
afar,0,1864,89,113,112,1,49277,48775,502,579,4,17,0.63715660572052,0.6620180606842041,1.1592353582382202,0.050000000745058,0.6255473494529724,32,0,True,0.991150442477876,0.7876106194690266,436.07964601769913,435.4910714285714,502.0,553.6741573033707,439.9732142857143,1.806116443777016,2.2728656371126488,4,24,19,22.25,4,1054.0032377428306,248.72454921824044,-1.356810036713766,bottle_0
afar,0,1865,16,102,94,4,48510,44992,3518,599,4,29,0.6220390796661377,0.534173309803009,0.6203802824020386,0.050000000745058,0.6276504397392273,32,16,False,0.9215686274509804,0.1568627450980392,475.5882352941176,478.6382978723405,879.5,3031.875,516.063829787234,0.3298289012574726,1.937744794887652,3,8,0,4.0,4,1054.0032377428306,248.72454921824044,5.363662363990828,chicken_(animal)_2
afar,0,1866,33,104,101,0,48621,47429,1192,599,4,17,0.6141639351844788,0.5691663026809692,1.1716535091400146,0.050000000745058,0.2943106293678283,32,0,True,0.971153846153846,0.3173076923076923,467.50961538461536,469.5940594059406,,1473.3636363636365,481.3960396039604,0.6787190720059234,2.0772917052302504,4,17,2,8.25,4,1054.0032377428306,248.72454921824044,1.1372363112478392,bottle_0
afar,0,1867,51,109,108,0,48650,48051,599,599,4,4,0.4774616062641144,0.6009006500244141,1.0424621105194092,0.050000000745058,0.7308516502380371,32,0,True,0.9908256880733946,0.4678899082568807,446.3302752293578,444.9166666666667,,953.9215686274508,450.462962962963,1.0483042137718397,2.219938335046249,4,27,2,12.75,4,1054.0032377428306,248.72454921824044,-0.2714049981415065,Tabasco_sauce_2
afar,0,1868,35,133,126,3,49283,47767,1516,599,4,4,0.7593741416931152,0.5772906541824341,1.0553667545318604,0.050000000745058,0.366009771823883,32,0,True,0.9473684210526316,0.2631578947368421,370.5488721804512,379.1031746031746,505.3333333333333,1408.0857142857142,391.1349206349207,0.710184039120995,2.5566625408355823,4,20,2,8.75,4,1054.0032377428306,248.72454921824044,0.9602133411391474,Tabasco_sauce_2
afar,0,1869,19,103,98,1,48247,46402,1845,599,4,29,0.4763293266296386,0.521748423576355,1.102978229522705,0.050000000745058,0.4786527156829834,32,13,False,0.9514563106796116,0.1844660194174757,468.41747572815535,473.48979591836735,1845.0,2539.315789473684,492.3163265306122,0.3938068688208593,2.03121437602338,4,11,1,4.75,4,1054.0032377428306,248.72454921824044,4.027922934391993,chicken_(animal)_2
afar,0,1870,45,109,102,3,48600,46723,1877,599,4,1,0.5115458965301514,0.5914994478225708,0.825404942035675,0.050000000745058,0.6482046842575073,32,0,True,0.9357798165137616,0.4128440366972477,445.8715596330275,458.0686274509804,625.6666666666666,1080.0,476.4705882352941,0.925925925925926,2.098765432098765,4,15,5,11.25,4,1054.0032377428306,248.72454921824044,0.0704989362633241,Dixie_cup_0
afar,0,1871,19,98,95,1,48243,47606,637,599,4,27,0.4311971366405487,0.5387714505195618,0.9936760663986206,0.050000000745058,0.7431114912033081,32,13,False,0.9693877551020408,0.1938775510204081,492.2755102040816,501.1157894736842,637.0,2539.1052631578946,507.8210526315789,0.3938395207594884,1.969197603797442,4,7,1,4.75,4,1054.0032377428306,248.72454921824044,4.027352021707876,chalice_2
afar,0,1872,50,100,89,4,48811,43402,5409,599,4,27,0.4008103907108307,0.5145536065101624,1.1880905628204346,0.050000000745058,0.2591073513031006,32,0,True,0.89,0.5,488.11,487.6629213483146,1352.25,976.22,548.438202247191,1.0243592632808178,1.823359488639856,4,16,10,12.5,4,1054.0032377428306,248.72454921824044,-0.210935325935618,chalice_2
afar,0,1873,37,108,103,1,47995,46153,1842,599,4,24,0.6483842134475708,0.5121234655380249,0.9615182876586914,0.050000000745058,0.2613289356231689,32,0,True,0.9537037037037036,0.3425925925925926,444.39814814814815,448.0873786407767,1842.0,1297.162162162162,465.97087378640776,0.7709136368371705,2.146056880925096,4,21,4,9.25,4,1054.0032377428306,248.72454921824044,0.6594069424845146,canister_1
afar,0,1874,35,115,108,1,48773,46864,1909,599,4,9,0.519404411315918,0.5171357989311218,0.6726420521736145,0.050000000745058,0.6472051739692688,32,0,True,0.9391304347826088,0.3043478260869565,424.11304347826086,433.9259259259259,1909.0,1393.5142857142855,451.6018518518519,0.7176101531585098,2.21433990117483,3,23,0,8.75,4,1054.0032377428306,248.72454921824044,0.9206980275027574,bear_0
afar,0,1875,68,123,118,1,48361,46641,1720,599,4,18,0.7224143147468567,0.5895835161209106,0.6491191387176514,0.050000000745058,0.484979510307312,32,0,True,0.959349593495935,0.5528455284552846,393.1788617886179,395.2627118644068,1720.0,711.1911764705883,409.83898305084745,1.4060916854490189,2.439982630632121,4,24,2,17.0,4,1054.0032377428306,248.72454921824044,-0.929649831731086,bottle_2
afar,0,1876,53,120,103,14,48970,45385,3585,599,4,27,0.7930748462677002,0.5302671790122986,1.16901957988739,0.050000000745058,0.6685110926628113,32,0,True,0.8583333333333333,0.4416666666666666,408.0833333333333,440.63106796116506,256.07142857142856,923.9622641509434,475.4368932038834,1.0822952828262202,2.103328568511333,4,19,2,13.25,4,1054.0032377428306,248.72454921824044,-0.3526496960730865,chalice_2
afar,0,1877,42,125,108,7,48902,43850,5052,599,4,8,0.6649587154388428,0.5873140692710876,1.1349031925201416,0.050000000745058,0.4259930849075317,32,0,True,0.864,0.336,391.216,406.0185185185185,721.7142857142857,1164.3333333333333,452.7962962962963,0.8588605782994561,2.208498629912887,4,23,1,10.5,4,1054.0032377428306,248.72454921824044,0.2991970423092299,bandage_4
afar,0,1878,52,144,136,3,48827,47327,1500,599,4,7,0.7748585939407349,0.680222749710083,0.6509361863136292,0.050000000745058,0.6035954356193542,32,0,True,0.9444444444444444,0.3611111111111111,339.0763888888889,347.99264705882354,500.0,938.9807692307692,359.0220588235294,1.064984537243738,2.7853441743297767,4,31,2,13.0,4,1054.0032377428306,248.72454921824044,-0.3119219846019757,atomizer_0
afar,0,1879,36,101,98,2,49060,47263,1797,599,4,4,0.4607927799224853,0.5987921953201294,0.700244128704071,0.050000000745058,0.7155957818031311,32,0,True,0.9702970297029704,0.3564356435643564,485.74257425742576,482.2755102040816,898.5,1362.7777777777778,500.6122448979592,0.7337953526294333,1.9975540154912352,4,18,1,9.0,4,1054.0032377428306,248.72454921824044,0.8373456818322714,Tabasco_sauce_2
afar,0,1880,87,136,129,6,49343,46708,2635,599,4,29,0.705356240272522,0.662366509437561,1.1998305320739746,0.050000000745058,0.7280051112174988,32,0,True,0.9485294117647058,0.6397058823529411,362.8161764705882,362.07751937984494,439.1666666666667,567.1609195402299,382.50387596899225,1.7631680278864277,2.614352593072979,4,28,7,21.75,4,1054.0032377428306,248.72454921824044,-1.3202361594774676,chicken_(animal)_2
afar,0,1881,32,121,115,2,48802,46356,2446,599,4,1,0.7087063789367676,0.6924788951873779,0.856020450592041,0.050000000745058,0.6556734442710876,32,0,True,0.950413223140496,0.2644628099173554,403.3223140495868,403.095652173913,1223.0,1525.0625,424.3652173913043,0.6557108315232982,2.356460800786853,3,21,0,8.0,4,1054.0032377428306,248.72454921824044,1.2774351120189296,Dixie_cup_0
afar,0,1882,40,103,95,1,48737,45671,3066,599,4,5,0.5199496746063232,0.5629243850708008,0.7631616592407227,0.050000000745058,0.5186060667037964,32,0,True,0.9223300970873788,0.3883495145631068,473.1747572815534,480.7473684210526,3066.0,1218.425,513.021052631579,0.8207316822947658,1.949237745450069,4,20,1,10.0,4,1054.0032377428306,248.72454921824044,0.4458847306831407,Tabasco_sauce_4
afar,0,1883,80,115,111,3,49343,48103,1240,599,4,29,0.5858045816421509,0.6641002297401428,0.6684718132019043,0.050000000745058,0.6395969986915588,32,0,True,0.9652173913043478,0.6956521739130435,429.0695652173913,433.3603603603604,413.3333333333333,616.7875,444.5315315315315,1.6213039336886692,2.249559207993028,4,28,13,20.0,4,1054.0032377428306,248.72454921824044,-1.1856570492717264,chicken_(animal)_2
afar,0,1884,60,110,107,2,48630,47412,1218,599,4,18,0.4799855947494507,0.5672198534011841,0.743013322353363,0.050000000745058,0.507651686668396,32,0,True,0.9727272727272728,0.5454545454545454,442.09090909090907,443.1028037383177,609.0,810.5,454.4859813084112,1.2338062924120914,2.200287888134896,4,19,8,15.0,4,1054.0032377428306,248.72454921824044,-0.6603406634920713,bottle_2
afar,0,1885,57,105,103,1,48900,48290,610,599,4,11,0.6192626953125,0.5829097032546997,0.7744567394256592,0.050000000745058,0.2696365118026733,32,0,True,0.9809523809523808,0.5428571428571428,465.7142857142857,468.8349514563107,610.0,857.8947368421053,474.75728155339806,1.165644171779141,2.1063394683026586,4,24,1,14.25,4,1054.0032377428306,248.72454921824044,-0.5318139454802103,beer_bottle_3
afar,0,1886,35,97,92,1,49006,47767,1239,599,4,5,0.4089345037937164,0.510697603225708,1.1543238162994385,0.050000000745058,0.5869390368461609,32,0,True,0.9484536082474226,0.3608247422680412,505.2164948453608,519.2065217391304,1239.0,1400.1714285714286,532.6739130434783,0.714198261437375,1.877321144349672,3,23,0,8.75,4,1054.0032377428306,248.72454921824044,0.9387511021640886,Tabasco_sauce_4
afar,0,1887,42,105,99,1,49157,47297,1860,599,4,24,0.4805834591388702,0.522219717502594,0.840070903301239,0.050000000745058,0.5464945435523987,32,0,True,0.9428571428571428,0.4,468.1619047619048,477.7474747474748,1860.0,1170.404761904762,496.5353535353535,0.8544052729011128,2.013955286124052,4,25,2,10.5,4,1054.0032377428306,248.72454921824044,0.3156617563243928,canister_1
afar,0,1888,67,106,102,2,48820,47584,1236,599,4,15,0.4275958240032196,0.6194139122962952,0.8882729411125183,0.050000000745058,0.5654523372650146,32,0,True,0.9622641509433962,0.6320754716981132,460.5660377358491,466.5098039215686,618.0,728.6567164179105,478.62745098039215,1.3723883654240066,2.089307660794756,3,24,0,16.75,4,1054.0032377428306,248.72454921824044,-0.8822861648494058,bolt_1
afar,0,1889,38,107,105,1,48603,47679,924,599,4,7,0.5747615694999695,0.5790665745735168,1.126750349998474,0.050000000745058,0.4104124307632446,32,0,True,0.9813084112149532,0.3551401869158878,454.233644859813,454.0857142857143,924.0,1279.0263157894738,462.8857142857143,0.7818447420941094,2.1603604715758284,4,17,1,9.5,4,1054.0032377428306,248.72454921824044,0.6102255150105224,atomizer_0
afar,0,1890,46,127,112,8,49323,44952,4371,599,4,10,0.6203848123550415,0.6340768337249756,0.6074275970458984,0.050000000745058,0.6144241094589233,32,0,True,0.8818897637795275,0.3622047244094488,388.3700787401575,401.3571428571428,546.375,1072.2391304347825,440.38392857142856,0.932627780143138,2.270745899478945,4,22,2,11.5,4,1054.0032377428306,248.72454921824044,0.0494527366091594,beer_bottle_0
afar,0,1891,71,106,102,2,48452,46056,2396,599,4,1,0.4392002522945404,0.57943195104599,0.7227783203125,0.050000000745058,0.2088911682367324,32,0,True,0.9622641509433962,0.6698113207547169,457.0943396226415,451.52941176470586,1198.0,682.4225352112676,475.0196078431373,1.4653677866754726,2.105176256914059,4,25,10,17.75,4,1054.0032377428306,248.72454921824044,-1.0076656471799486,Dixie_cup_0
afar,0,1892,68,114,113,0,49227,48628,599,599,4,28,0.5265151262283325,0.6200717687606812,1.139253854751587,0.050000000745058,0.2920626997947693,32,0,True,0.9912280701754386,0.5964912280701754,431.8157894736842,430.3362831858407,,723.9264705882352,435.6371681415929,1.381355760050379,2.295488248319012,4,30,7,17.0,4,1054.0032377428306,248.72454921824044,-0.8951138122293854,chalice_4
afar,0,1893,52,127,121,2,48574,48424,150,537,4,29,0.7200908064842224,0.5753878355026245,1.1286367177963257,0.050000000745058,0.3335589170455932,32,0,True,0.952755905511811,0.4094488188976378,382.4724409448819,400.198347107438,75.0,934.1153846153846,401.4380165289256,1.0705315600938774,2.491044591756907,4,19,4,13.0,4,1054.0032377428306,248.72454921824044,-0.3251161061046243,chicken_(animal)_2
afar,0,1894,60,114,109,4,48786,48152,634,587,4,21,0.6096878051757812,0.6362358331680298,0.9711850881576538,0.050000000745058,0.2001506686210632,32,0,True,0.956140350877193,0.5263157894736842,427.9473684210527,441.76146788990826,158.5,813.1,447.57798165137615,1.2298610257040954,2.2342475300291067,4,28,8,15.0,4,1054.0032377428306,248.72454921824044,-0.6532898918432252,candle_holder_4
afar,0,1895,38,116,107,2,48820,45744,3076,599,4,19,0.6350415349006653,0.5070138573646545,0.992337703704834,0.050000000745058,0.4158817231655121,32,0,True,0.9224137931034484,0.3275862068965517,420.86206896551727,427.5140186915888,1538.0,1284.7368421052631,456.2616822429907,0.7783695206882425,2.191724702990577,4,28,1,9.5,4,1054.0032377428306,248.72454921824044,0.6257115215671983,bottle_3
afar,0,1896,47,116,111,2,48789,47895,894,599,4,28,0.5116766691207886,0.6702558994293213,1.1619672775268557,0.050000000745058,0.6719319224357605,32,0,True,0.956896551724138,0.4051724137931034,420.5948275862069,431.4864864864865,447.0,1038.063829787234,439.5405405405405,0.9633318985836972,2.275102994527455,4,25,2,11.75,4,1054.0032377428306,248.72454921824044,-0.0432250483510433,chalice_4
afar,0,1897,43,103,89,8,49077,44686,4391,599,4,0,0.5411763787269592,0.6319910287857056,1.0912554264068604,0.050000000745058,0.7305729985237122,32,0,True,0.8640776699029126,0.4174757281553398,476.4757281553398,502.08988764044943,548.875,1141.3255813953488,551.4269662921348,0.8761741752755874,1.8134767813843555,4,16,7,10.75,4,1054.0032377428306,248.72454921824044,0.2368038095907587,Band_Aid_0
afar,0,1898,47,111,100,3,49134,45773,3361,599,4,31,0.42268767952919,0.6398661136627197,0.9441473484039308,0.050000000745058,0.6262674927711487,32,0,True,0.9009009009009008,0.4234234234234234,442.6486486486487,457.73,1120.3333333333333,1045.404255319149,491.34,0.9565677534904546,2.035250539341393,4,17,7,11.75,4,1054.0032377428306,248.72454921824044,-0.0233190236468542,cider_0
afar,0,1899,54,132,124,7,49133,46990,2143,599,4,14,0.7863072156906128,0.5381422638893127,0.718638002872467,0.050000000745058,0.5325084328651428,32,0,True,0.9393939393939394,0.4090909090909091,372.219696969697,378.9516129032258,306.1428571428572,909.8703703703704,396.233870967742,1.099057659821301,2.523762033663729,4,19,7,13.5,4,1054.0032377428306,248.72454921824044,-0.3908645903602463,beret_2
afar,0,1900,62,134,128,4,49092,47531,1561,599,4,30,0.6227440237998962,0.5538769960403442,1.1964073181152344,0.050000000745058,0.4123461842536926,32,0,True,0.9552238805970148,0.4626865671641791,366.3582089552239,371.3359375,390.25,791.8064516129032,383.53125,1.262934897743013,2.607349466308156,4,21,9,15.5,4,1054.0032377428306,248.72454921824044,-0.711034486947485,chocolate_milk_4
afar,0,1901,41,124,117,3,49237,46064,3173,599,4,21,0.6921185255050659,0.5923109650611877,0.7209328413009644,0.050000000745058,0.633903980255127,32,0,True,0.9435483870967742,0.3306451612903225,397.0725806451613,393.7094017094017,1057.6666666666667,1200.9024390243903,420.8290598290598,0.8327071105063265,2.376261754371712,4,13,8,10.25,4,1054.0032377428306,248.72454921824044,0.3983664321669847,candle_holder_4
afar,0,1902,46,110,108,0,49017,47819,1198,599,4,22,0.7169215679168701,0.5662834644317627,1.0968672037124634,0.050000000745058,0.4414379596710205,32,0,True,0.9818181818181818,0.4181818181818181,445.6090909090909,442.7685185185185,,1065.5869565217392,453.8611111111111,0.9384499255360386,2.2033172164759165,4,19,1,11.5,4,1054.0032377428306,248.72454921824044,0.0314131369055905,candy_cane_1
afar,0,1903,63,137,113,18,49150,44767,4383,599,4,27,0.7753554582595825,0.6823266744613647,0.6418882608413696,0.050000000745058,0.2150361835956573,32,0,True,0.8248175182481752,0.4598540145985401,358.75912408759126,396.16814159292034,243.5,780.1587301587301,434.95575221238937,1.281790437436419,2.299084435401831,4,24,4,15.75,4,1054.0032377428306,248.72454921824044,-0.7426211885639233,chalice_2
afar,0,1904,75,123,121,0,49519,49463,56,509,4,1,0.4620444774627685,0.6977005004882812,1.09309983253479,0.050000000745058,0.45828378200531,32,0,True,0.983739837398374,0.6097560975609756,402.5934959349593,408.7851239669421,,660.2533333333333,409.2479338842976,1.5145701649871766,2.443506532845978,4,24,14,18.75,4,1054.0032377428306,248.72454921824044,-1.0677848702870585,Dixie_cup_0
afar,0,1905,42,119,119,0,49037,49037,0,569,4,16,0.6558212041854858,0.5335427522659302,1.1882994174957275,0.050000000745058,0.757061779499054,32,0,True,1.0,0.3529411764705882,412.0756302521008,412.0756302521008,,1167.547619047619,412.0756302521008,0.8564961151783347,2.426738993005282,4,22,3,10.5,4,1054.0032377428306,248.72454921824044,0.307913655611375,boom_microphone_1
afar,0,1906,50,98,89,1,49065,43674,5391,599,4,26,0.4266482889652252,0.6106271743774414,0.9895140528678894,0.050000000745058,0.6557799577713013,32,0,True,0.9081632653061223,0.5102040816326531,500.66326530612247,490.7191011235955,5391.0,981.3,551.2921348314607,1.019056353816366,1.813920309793132,4,27,5,12.5,4,1054.0032377428306,248.72454921824044,-0.1971592028678727,canister_3
afar,0,1907,65,118,115,1,49406,47772,1634,599,4,30,0.6744499206542969,0.5933555364608765,0.920282244682312,0.050000000745058,0.580210268497467,32,0,True,0.9745762711864406,0.5508474576271186,418.6949152542373,415.4086956521739,1634.0,760.0923076923077,429.6173913043479,1.3156296806055945,2.3276525118406672,4,25,3,16.25,4,1054.0032377428306,248.72454921824044,-0.797038020340854,chocolate_milk_4
afar,0,1908,32,101,94,0,49190,45575,3615,599,4,27,0.4973706305027008,0.6607543230056763,0.8828988075256348,0.050000000745058,0.4155834913253784,32,0,True,0.9306930693069309,0.3168316831683168,487.029702970297,484.8404255319149,,1537.1875,523.2978723404256,0.6505387273836145,1.910957511689368,4,21,2,8.0,4,1054.0032377428306,248.72454921824044,1.3103161144197986,chalice_2
afar,0,1909,63,118,117,0,48814,48215,599,599,4,27,0.6778819561004639,0.6881283521652222,0.9512484669685364,0.050000000745058,0.6932810544967651,32,0,True,0.9915254237288136,0.5338983050847458,413.6779661016949,412.0940170940171,,774.8253968253969,417.2136752136752,1.2906133486294915,2.3968533617404844,4,26,2,15.75,4,1054.0032377428306,248.72454921824044,-0.7570843098948896,chalice_2
afar,0,1910,71,103,97,2,48393,45351,3042,599,4,19,0.4527469575405121,0.6106154918670654,0.9293615221977234,0.050000000745058,0.7817589044570923,32,0,True,0.941747572815534,0.6893203883495146,469.8349514563107,467.5360824742268,1521.0,681.5915492957746,498.89690721649487,1.467154340503792,2.0044221271671523,4,23,9,17.75,4,1054.0032377428306,248.72454921824044,-1.0099191440774673,bottle_3
afar,0,1911,79,123,122,0,48880,48859,21,551,4,7,0.7058273553848267,0.5429534316062927,1.174980878829956,0.050000000745058,0.5858711004257202,32,0,True,0.991869918699187,0.6422764227642277,397.3983739837398,400.4836065573771,,618.7341772151899,400.655737704918,1.61620294599018,2.495908346972177,4,26,10,19.75,4,1054.0032377428306,248.72454921824044,-1.1803779813800666,atomizer_0
afar,0,1912,39,107,101,2,48914,47381,1533,599,4,15,0.743221640586853,0.508056640625,1.0623748302459717,0.050000000745058,0.7516259551048279,32,0,True,0.9439252336448598,0.3644859813084112,457.1401869158879,469.1188118811881,766.5,1254.2051282051282,484.2970297029703,0.7973177413419471,2.064848509629145,4,24,1,9.75,4,1054.0032377428306,248.72454921824044,0.5429145435834475,bolt_1
afar,0,1913,43,119,113,1,48893,48215,678,599,4,0,0.7099391222000122,0.5704967975616455,0.7774114608764648,0.050000000745058,0.5314726829528809,32,0,True,0.9495798319327732,0.361344537815126,410.8655462184874,426.6814159292035,678.0,1137.046511627907,432.6814159292035,0.8794714989875851,2.311169288037142,4,21,5,10.75,4,1054.0032377428306,248.72454921824044,0.2251996773600998,Band_Aid_0
afar,0,1914,20,103,94,2,48193,46298,1895,599,4,0,0.4320616424083709,0.6768064498901367,0.758341372013092,0.050000000745058,0.6572281718254089,32,12,False,0.912621359223301,0.1941747572815534,467.8932038834951,492.531914893617,947.5,2409.65,512.6914893617021,0.4149980287593633,1.950490735169008,3,17,0,5.0,4,1054.0032377428306,248.72454921824044,3.676290675835724,Band_Aid_0
afar,0,1915,51,111,109,2,48786,47851,935,590,4,3,0.7250709533691406,0.5584478974342346,0.8057118058204651,0.050000000745058,0.4440935552120209,32,0,True,0.981981981981982,0.4594594594594595,439.5135135135135,439.0,467.5,956.5882352941176,447.57798165137615,1.045381871848481,2.2342475300291067,4,21,4,12.75,4,1054.0032377428306,248.72454921824044,-0.2641734374760231,Dixie_cup_4
afar,0,1916,51,116,108,6,49128,46145,2983,599,4,23,0.4730946123600006,0.5119969844818115,0.7648839950561523,0.050000000745058,0.3494557738304138,32,0,True,0.9310344827586208,0.4396551724137931,423.5172413793104,427.2685185185185,497.1666666666667,963.2941176470588,454.8888888888889,1.038104543234001,2.198339032730825,4,17,2,12.75,4,1054.0032377428306,248.72454921824044,-0.2459881893319405,canister_0
afar,0,1917,56,103,103,0,48351,48351,0,565,4,15,0.4129388034343719,0.5153412222862244,0.9715626239776612,0.050000000745058,0.6311637759208679,32,0,True,1.0,0.5436893203883495,469.4271844660194,469.4271844660194,,863.4107142857143,469.4271844660194,1.1581973485553556,2.130255837521457,4,24,7,14.0,4,1054.0032377428306,248.72454921824044,-0.5168555234128744,bolt_1
afar,0,1918,76,130,125,4,48940,48238,702,599,4,3,0.730188250541687,0.6144108176231384,0.8123344779014587,0.050000000745058,0.666581392288208,32,0,True,0.9615384615384616,0.5846153846153846,376.46153846153845,385.904,175.5,643.9473684210526,391.52,1.5529219452390683,2.554147936248468,4,25,11,19.0,4,1054.0032377428306,248.72454921824044,-1.1120039607142078,Dixie_cup_4
afar,0,1919,64,125,117,5,49531,47394,2137,599,4,7,0.6340587139129639,0.6455684304237366,1.136691331863403,0.050000000745058,0.2501323223114013,32,0,True,0.936,0.512,396.248,405.0769230769231,427.4,773.921875,423.3418803418804,1.2921200864105309,2.362157032969252,4,31,2,16.0,4,1054.0032377428306,248.72454921824044,-0.7595345122297441,atomizer_0
afar,0,1920,46,104,99,5,47771,45919,1852,599,4,28,0.5303518176078796,0.5619992613792419,0.8005686402320862,0.050000000745058,0.4371743202209472,32,0,True,0.9519230769230768,0.4423076923076923,459.33653846153845,463.82828282828285,370.4,1038.5,482.5353535353535,0.9629272989889264,2.072387013041385,3,19,0,11.5,4,1054.0032377428306,248.72454921824044,-0.0420422265932581,chalice_4
afar,0,1921,36,99,88,4,48877,42379,6498,599,4,23,0.425184965133667,0.6222749948501587,0.6929814219474792,0.050000000745058,0.5922128558158875,32,0,True,0.8888888888888888,0.3636363636363636,493.7070707070707,481.57954545454544,1624.5,1357.6944444444443,555.4204545454545,0.736542750168791,1.8004378337459337,4,13,3,9.0,4,1054.0032377428306,248.72454921824044,0.8235605193136937,canister_0
afar,0,1922,47,124,115,5,48848,46967,1881,544,4,17,0.6514184474945068,0.5913314819335938,0.8664383888244629,0.050000000745058,0.5189827084541321,32,0,True,0.9274193548387096,0.3790322580645161,393.9354838709677,408.4086956521739,376.2,1039.3191489361702,424.7652173913044,0.9621683589911564,2.354241729446446,4,20,2,11.75,4,1054.0032377428306,248.72454921824044,-0.0398208296335152,bottle_0
afar,0,1923,27,102,99,2,49099,47490,1609,599,4,24,0.5135460495948792,0.5253660678863525,0.667208194732666,0.050000000745058,0.7934510707855225,32,5,False,0.9705882352941176,0.2647058823529412,481.3627450980392,479.6969696969697,804.5,1818.4814814814813,495.949494949495,0.5499093667895476,2.016334344895008,2,25,0,6.75,4,1054.0032377428306,248.72454921824044,2.073139048889289,canister_1
afar,0,1924,21,104,99,1,49217,47370,1847,599,4,27,0.4414137601852417,0.5649936199188232,0.8198424577713013,0.050000000745058,0.4797291159629822,32,11,False,0.9519230769230768,0.2019230769230769,473.24038461538464,478.4848484848485,1847.0,2343.6666666666665,497.14141414141415,0.4266818375764472,2.0115000914318224,3,10,0,5.25,4,1054.0032377428306,248.72454921824044,3.497354746619173,chalice_2
afar,0,1925,23,100,96,0,48596,46311,2285,599,4,2,0.5748985409736633,0.599976122379303,0.6832834482192993,0.050000000745058,0.3024338185787201,32,9,False,0.96,0.23,485.96,482.40625,,2112.8695652173915,506.2083333333333,0.4732899827146267,1.975471232200181,4,11,1,5.75,4,1054.0032377428306,248.72454921824044,2.871471031413631,Dixie_cup_3
afar,0,1926,30,93,89,0,48416,46020,2396,599,4,28,0.4296793639659881,0.5080324411392212,0.9461146593093872,0.050000000745058,0.7269508242607117,32,2,False,0.956989247311828,0.3225806451612903,520.6021505376344,517.0786516853933,,1613.8666666666666,544.0,0.6196298744216788,1.838235294117647,4,14,1,7.5,4,1054.0032377428306,248.72454921824044,1.5182573814930596,chalice_4
afar,0,1927,60,125,109,16,49144,43813,5331,599,4,17,0.6985275745391846,0.5111766457557678,1.0261564254760742,0.050000000745058,0.790230393409729,32,0,True,0.872,0.48,393.152,401.95412844036696,333.1875,819.0666666666667,450.8623853211009,1.2209018394921047,2.217971675077324,4,23,7,15.0,4,1054.0032377428306,248.72454921824044,-0.6371092748542064,bottle_0
afar,0,1928,41,104,99,2,49189,46920,2269,599,4,21,0.468219131231308,0.6521462202072144,0.6496922969818115,0.050000000745058,0.469620406627655,32,0,True,0.9519230769230768,0.3942307692307692,472.97115384615387,473.93939393939394,1134.5,1199.7317073170732,496.85858585858585,0.8335196893614426,2.0126451035800685,4,19,1,10.25,4,1054.0032377428306,248.72454921824044,0.3951916006553089,candle_holder_4
afar,0,1929,38,118,115,1,48977,47316,1661,599,4,20,0.5319235324859619,0.6474594473838806,1.1810503005981443,0.050000000745058,0.5482413172721863,32,0,True,0.9745762711864406,0.3220338983050847,415.0593220338983,411.4434782608696,1661.0,1288.8684210526317,425.8869565217392,0.7758743900198052,2.3480409171652,4,21,1,9.5,4,1054.0032377428306,248.72454921824044,0.6369156829929966,can_1
afar,0,1930,33,98,87,3,48301,43753,4548,599,4,10,0.4021441638469696,0.6104516983032227,0.6906216144561768,0.050000000745058,0.7934455275535583,32,0,True,0.8877551020408163,0.336734693877551,492.8673469387755,502.9080459770115,1516.0,1463.6666666666667,555.183908045977,0.6832156684126622,1.8012049439970188,4,19,1,8.25,4,1054.0032377428306,248.72454921824044,1.110939727009719,beer_bottle_0
afar,0,1931,69,133,127,4,49723,48639,1084,457,4,27,0.5721814632415771,0.6041120886802673,1.132532000541687,0.050000000745058,0.5061750411987305,32,0,True,0.9548872180451128,0.518796992481203,373.8571428571428,382.984251968504,271.0,720.6231884057971,391.5196850393701,1.3876877903585865,2.5541499909498624,4,27,8,17.25,4,1054.0032377428306,248.72454921824044,-0.9040717692909518,chalice_2
afar,0,1932,62,112,108,1,49750,47509,2241,599,4,14,0.5382442474365234,0.5124901533126831,1.1670658588409424,0.050000000745058,0.4517245888710022,32,0,True,0.9642857142857144,0.5535714285714286,444.19642857142856,439.89814814814815,2241.0,802.4193548387096,460.64814814814815,1.2462311557788943,2.170854271356784,4,29,3,15.5,4,1054.0032377428306,248.72454921824044,-0.6822540418796142,beret_2
afar,0,1933,58,116,112,2,49462,47880,1582,599,4,9,0.7103586792945862,0.6238335371017456,0.6933670043945312,0.050000000745058,0.7437918782234192,32,0,True,0.9655172413793104,0.5,426.3965517241379,427.5,791.0,852.7931034482758,441.625,1.172617362823986,2.2643645626945936,4,26,4,14.5,4,1054.0032377428306,248.72454921824044,-0.5456487347479102,bear_0
afar,0,1934,48,110,108,1,49171,48100,1071,599,4,22,0.5547429323196411,0.5711438655853271,0.8107321262359619,0.050000000745058,0.7466034293174744,32,0,True,0.9818181818181818,0.4363636363636363,447.0090909090909,445.3703703703704,1071.0,1024.3958333333333,455.287037037037,0.9761851497834088,2.19641658701267,4,20,8,12.0,4,1054.0032377428306,248.72454921824044,-0.0802904029255405,candy_cane_1
afar,0,1935,33,133,124,0,48842,47285,1557,599,4,1,0.7346370220184326,0.6455841064453125,0.986308217048645,0.050000000745058,0.516338050365448,32,0,True,0.9323308270676692,0.2481203007518796,367.2330827067669,381.3306451612903,,1480.060606060606,393.8870967741936,0.6756480078620859,2.538798574996929,4,18,2,8.25,4,1054.0032377428306,248.72454921824044,1.1553973897372911,Dixie_cup_0
afar,0,1936,83,128,116,8,48896,44521,4375,599,4,21,0.7746114730834961,0.6587635278701782,1.187279462814331,0.050000000745058,0.3072431087493896,32,0,True,0.90625,0.6484375,382.0,383.8017241379311,546.875,589.1084337349398,421.5172413793104,1.6974803664921465,2.3723821989528795,4,30,6,20.75,4,1054.0032377428306,248.72454921824044,-1.2607181168441184,candle_holder_4
afar,0,1937,64,115,110,3,49033,46918,2115,599,4,8,0.6407944560050964,0.6553472876548767,1.0345866680145264,0.050000000745058,0.2592740356922149,32,0,True,0.9565217391304348,0.5565217391304348,426.37391304347824,426.5272727272727,705.0,766.140625,445.7545454545455,1.3052434075010708,2.2433871066424653,4,26,5,16.0,4,1054.0032377428306,248.72454921824044,-0.7806359802653533,bandage_4
afar,0,1938,46,108,106,1,48938,48025,913,599,4,8,0.5314518213272095,0.5143582224845886,0.9107643365859984,0.050000000745058,0.3570142686367035,32,0,True,0.9814814814814816,0.4259259259259259,453.1296296296296,453.0660377358491,913.0,1063.8695652173913,461.6792452830189,0.939964853488087,2.166005966733418,3,27,0,11.5,4,1054.0032377428306,248.72454921824044,0.0267558546291783,bandage_4
afar,0,1939,45,108,105,2,49276,47854,1422,599,4,26,0.4352316856384277,0.5379517674446106,0.6963659524917603,0.050000000745058,0.2414073795080185,32,0,True,0.9722222222222222,0.4166666666666667,456.2592592592592,455.752380952381,711.0,1095.022222222222,469.2952380952381,0.913223475931488,2.130854777173472,4,17,3,11.25,4,1054.0032377428306,248.72454921824044,0.1112367280122125,canister_3
afar,0,1940,46,101,94,1,49368,45175,4193,599,4,16,0.4600689113140106,0.5353469848632812,0.7968753576278687,0.050000000745058,0.2666409015655517,32,0,True,0.9306930693069309,0.4554455445544554,488.7920792079208,480.5851063829787,4193.0,1073.2173913043478,525.1914893617021,0.9317776697455842,1.9040674120888024,4,14,10,11.5,4,1054.0032377428306,248.72454921824044,0.0521056189185079,boom_microphone_1
afar,0,1941,47,106,102,4,48720,47474,1246,599,4,0,0.532622218132019,0.6587852239608765,0.993851602077484,0.050000000745058,0.4859835505485534,32,0,True,0.9622641509433962,0.4433962264150943,459.622641509434,465.4313725490196,311.5,1036.595744680851,477.6470588235294,0.964696223316913,2.0935960591133007,4,15,8,11.75,4,1054.0032377428306,248.72454921824044,-0.0472062532918809,Band_Aid_0
afar,0,1942,84,112,111,1,48819,48385,434,538,4,23,0.4746616184711456,0.5717570781707764,0.9446266889572144,0.050000000745058,0.4967363476753235,32,0,True,0.9910714285714286,0.75,435.88392857142856,435.9009009009009,434.0,581.1785714285714,439.8108108108109,1.7206415534935169,2.273704909973576,4,27,14,21.0,4,1054.0032377428306,248.72454921824044,-1.282222596970655,canister_0
afar,0,1943,48,123,120,3,49424,47838,1586,599,4,18,0.7058963775634766,0.648872971534729,1.0815107822418213,0.050000000745058,0.6458778381347656,32,0,True,0.975609756097561,0.3902439024390244,401.8211382113821,398.65,528.6666666666666,1029.6666666666667,411.8666666666667,0.9711880867594692,2.4279702168986725,4,18,8,12.0,4,1054.0032377428306,248.72454921824044,-0.0659967712976709,bottle_2
afar,0,1944,63,125,119,6,48939,48819,120,507,4,28,0.5354292988777161,0.6832715272903442,0.7850215435028076,0.050000000745058,0.4287388324737549,32,0,True,0.952,0.504,391.512,410.2436974789916,20.0,776.8095238095239,411.25210084033614,1.2873168638509165,2.4315985206072868,4,31,5,15.75,4,1054.0032377428306,248.72454921824044,-0.7517036843997384,chalice_4
afar,0,1945,65,114,109,3,48708,47692,1016,599,4,22,0.5926790237426758,0.547055721282959,0.6100074052810669,0.050000000745058,0.4769777059555053,32,0,True,0.956140350877193,0.5701754385964912,427.2631578947368,437.54128440366975,338.6666666666667,749.3538461538461,446.8623853211009,1.334483041800115,2.237825408557116,4,22,9,16.25,4,1054.0032377428306,248.72454921824044,-0.8261589588668578,candy_cane_1
afar,0,1946,33,112,108,1,49144,46945,2199,599,4,9,0.608322024345398,0.6742240786552429,1.0231919288635254,0.050000000745058,0.7291731834411621,32,0,True,0.9642857142857144,0.2946428571428571,438.7857142857143,434.6759259259259,2199.0,1489.2121212121212,455.037037037037,0.6714960117206576,2.197623311085789,3,18,0,8.25,4,1054.0032377428306,248.72454921824044,1.180214791112018,bear_0
afar,0,1947,63,93,86,2,48708,44515,4193,599,4,7,0.4271844625473022,0.5038859248161316,0.6830544471740723,0.050000000745058,0.5761429667472839,32,0,True,0.9247311827956988,0.6774193548387096,523.741935483871,517.6162790697674,2096.5,773.1428571428571,566.3720930232558,1.2934220251293422,1.765623716843229,4,24,9,15.75,4,1054.0032377428306,248.72454921824044,-0.761647080314778,atomizer_0
afar,0,1948,49,144,131,11,48735,45213,3522,599,4,26,0.7667709589004517,0.6535040140151978,0.8338905572891235,0.050000000745058,0.4881796836853027,32,0,True,0.9097222222222222,0.3402777777777778,338.4375,345.1374045801527,320.1818181818182,994.591836734694,372.0229007633588,1.0054375705345235,2.6880065661229096,3,23,0,12.25,4,1054.0032377428306,248.72454921824044,-0.1611139314793838,canister_3
afar,0,1949,45,104,100,2,49012,47190,1822,599,4,20,0.5235608816146851,0.6083672642707825,1.049454927444458,0.050000000745058,0.5853396058082581,32,0,True,0.9615384615384616,0.4326923076923077,471.2692307692308,471.9,911.0,1089.1555555555556,490.12,0.918142495715335,2.0403166571451887,4,19,2,11.25,4,1054.0032377428306,248.72454921824044,0.0953272945481498,can_1
afar,0,1950,52,99,96,1,48820,47023,1797,599,4,30,0.4381134510040283,0.6600218415260315,0.7716788053512573,0.050000000745058,0.7443129420280457,32,0,True,0.9696969696969696,0.5252525252525253,493.1313131313131,489.8229166666667,1797.0,938.8461538461538,508.5416666666667,1.0651372388365423,1.9664072101597705,4,18,7,13.0,4,1054.0032377428306,248.72454921824044,-0.3122870393471085,chocolate_milk_4
afar,0,1951,37,114,110,0,49186,47797,1389,574,4,8,0.5968374609947205,0.6352990865707397,0.6446852087974548,0.050000000745058,0.2362411618232727,32,0,True,0.9649122807017544,0.3245614035087719,431.4561403508772,434.5181818181818,,1329.3513513513512,447.1454545454545,0.752246574228439,2.2364087341926564,3,18,0,9.25,4,1054.0032377428306,248.72454921824044,0.746698720382391,bandage_4
afar,0,1952,25,108,101,0,48392,46782,1610,577,4,21,0.4242062270641327,0.6104374527931213,1.1709848642349243,0.050000000745058,0.7517156600952148,32,7,False,0.9351851851851852,0.2314814814814814,448.0740740740741,463.1881188118812,,1935.68,479.1287128712871,0.5166143164159365,2.087121838320384,3,13,0,6.25,4,1054.0032377428306,248.72454921824044,2.390962122603572,candle_holder_4
afar,0,1953,38,119,111,1,48855,47708,1147,599,4,22,0.624954342842102,0.5783405900001526,0.7341102957725525,0.050000000745058,0.7564234733581543,32,0,True,0.9327731092436976,0.3193277310924369,410.546218487395,429.8018018018018,1147.0,1285.657894736842,440.1351351351352,0.7778118923344591,2.2720294749769727,3,24,0,9.5,4,1054.0032377428306,248.72454921824044,0.6282092645602106,candy_cane_1
afar,0,1954,47,106,93,4,48954,45822,3132,599,4,19,0.470581442117691,0.5157582759857178,0.6833101511001587,0.050000000745058,0.7113001942634583,32,0,True,0.8773584905660378,0.4433962264150943,461.8301886792453,492.7096774193548,783.0,1041.5744680851064,526.3870967741935,0.9600849777341994,1.8997426155166075,4,22,3,11.75,4,1054.0032377428306,248.72454921824044,-0.0337047756664309,bottle_3
afar,0,1955,35,107,100,3,48798,48040,758,599,4,11,0.5561389327049255,0.6995878219604492,0.8579742908477783,0.050000000745058,0.6113134622573853,32,0,True,0.9345794392523364,0.3271028037383177,456.0560747663552,480.4,252.66666666666663,1394.2285714285715,487.98,0.7172425099389319,2.049264314111234,4,21,1,8.75,4,1054.0032377428306,248.72454921824044,0.922635052681012,beer_bottle_3
afar,0,1956,20,100,90,2,48861,43388,5473,599,4,30,0.5411759614944458,0.5055391788482666,0.6314301490783691,0.050000000745058,0.4101224541664123,32,12,False,0.9,0.2,488.61,482.0888888888889,2736.5,2443.05,542.9,0.409324410061194,1.841959845275373,3,13,0,5.0,4,1054.0032377428306,248.72454921824044,3.766865973170901,chocolate_milk_4
afar,0,1957,47,125,120,2,49123,46696,2427,599,4,24,0.7447333931922913,0.5764662027359009,1.043247938156128,0.050000000745058,0.2200666815042495,32,0,True,0.96,0.376,392.984,389.1333333333333,1213.5,1045.1702127659576,409.35833333333335,0.9567819554994604,2.4428475459560697,4,22,2,11.75,4,1054.0032377428306,248.72454921824044,-0.0239537084924946,canister_1
afar,0,1958,71,128,113,12,49551,46018,3533,599,4,29,0.7543469667434692,0.6024655699729919,0.8868511915206909,0.050000000745058,0.4393448531627655,32,0,True,0.8828125,0.5546875,387.1171875,407.2389380530973,294.4166666666667,697.9014084507043,438.50442477876106,1.4328671469798793,2.280478698714456,4,25,4,17.75,4,1054.0032377428306,248.72454921824044,-0.9656894931058322,chicken_(animal)_2
afar,0,1959,34,131,122,2,49316,47206,2110,599,4,20,0.7982655763626099,0.595584511756897,0.7291092872619629,0.050000000745058,0.7532047033309937,32,0,True,0.931297709923664,0.2595419847328244,376.4580152671756,386.9344262295082,1055.0,1450.470588235294,404.2295081967213,0.6894314218509205,2.473842160759186,4,13,4,8.5,4,1054.0032377428306,248.72454921824044,1.0751541363636146,can_1
afar,0,1960,36,122,119,0,49380,48739,641,599,4,28,0.6220315098762512,0.6260164976119995,0.6846480965614319,0.050000000745058,0.3042464256286621,32,0,True,0.9754098360655736,0.2950819672131147,404.75409836065575,409.57142857142856,,1371.6666666666667,414.9579831932773,0.7290400972053463,2.4098825435398945,4,18,3,9.0,4,1054.0032377428306,248.72454921824044,0.8614508840505488,chalice_4
afar,0,1961,54,127,123,2,49366,49246,120,514,4,10,0.727571964263916,0.5214633941650391,1.0149524211883545,0.050000000745058,0.599492073059082,32,0,True,0.968503937007874,0.4251968503937008,388.7086614173229,400.3739837398374,60.0,914.1851851851852,401.349593495935,1.0938702750881173,2.491593404367378,4,21,8,13.5,4,1054.0032377428306,248.72454921824044,-0.3791635234501239,beer_bottle_0
afar,0,1962,36,122,111,4,48695,47902,793,599,4,12,0.4358687102794647,0.5353023409843445,0.7489109635353088,0.050000000745058,0.3836246430873871,32,0,True,0.9098360655737704,0.2950819672131147,399.1393442622951,431.5495495495496,198.25,1352.638888888889,438.6936936936937,0.7392956155662799,2.2794948146626965,4,15,3,9.0,4,1054.0032377428306,248.72454921824044,0.8098506855520488,beer_can_1
afar,0,1963,60,97,95,0,48450,47832,618,599,4,24,0.4658383131027221,0.5174385905265808,1.0297921895980835,0.050000000745058,0.5142702460289001,32,0,True,0.979381443298969,0.6185567010309279,499.4845360824742,503.4947368421053,,807.5,510.0,1.238390092879257,1.96078431372549,4,23,7,15.0,4,1054.0032377428306,248.72454921824044,-0.6684761692407399,canister_1
afar,0,1964,21,103,103,0,48891,48891,0,589,4,14,0.7076348066329956,0.6991634368896484,1.0817716121673584,0.050000000745058,0.4476294815540313,32,11,False,1.0,0.203883495145631,474.66990291262135,474.66990291262135,,2328.1428571428573,474.66990291262135,0.4295269067926612,2.1067272095068623,4,9,1,5.25,4,1054.0032377428306,248.72454921824044,3.4552567327451107,beret_2
afar,0,1965,62,116,113,2,49084,48186,898,599,4,22,0.6439338326454163,0.6213630437850952,1.1459261178970337,0.050000000745058,0.3246992230415344,32,0,True,0.9741379310344828,0.5344827586206896,423.13793103448273,426.42477876106193,449.0,791.6774193548387,434.3716814159292,1.2631407383261348,2.302175861787956,3,32,0,15.5,4,1054.0032377428306,248.72454921824044,-0.7113844011732341,candy_cane_1
afar,0,1966,79,135,124,10,48535,45660,2875,599,4,6,0.6553553342819214,0.5743045806884766,0.908665895462036,0.050000000745058,0.2076862454414367,32,0,True,0.9185185185185184,0.5851851851851851,359.51851851851853,368.2258064516129,287.5,614.367088607595,391.4112903225807,1.6276913567528588,2.554857319460184,4,25,8,19.75,4,1054.0032377428306,248.72454921824044,-1.1922208062040778,aerosol_can_1
afar,0,1967,68,116,112,4,48441,47481,960,599,4,0,0.7143288850784302,0.6533166766166687,0.7271358370780945,0.050000000745058,0.3472440242767334,32,0,True,0.9655172413793104,0.5862068965517241,417.5948275862069,423.9375,240.0,712.3676470588235,432.50892857142856,1.4037695340723768,2.31209099729568,3,29,0,17.0,4,1054.0032377428306,248.72454921824044,-0.9264594373198436,Band_Aid_0
afar,0,1968,57,119,114,3,49045,47374,1671,599,4,17,0.7268104553222656,0.5788421630859375,0.8246883749961853,0.050000000745058,0.5037540197372437,32,0,True,0.957983193277311,0.4789915966386555,412.1428571428572,415.561403508772,557.0,860.438596491228,430.219298245614,1.1621979814456112,2.3243959628912223,4,22,1,14.25,4,1054.0032377428306,248.72454921824044,-0.5249154172137955,bottle_0
afar,0,1969,46,119,114,2,49208,47329,1879,599,4,18,0.6939892768859863,0.5426951050758362,0.6402337551116943,0.050000000745058,0.5470508337020874,32,0,True,0.957983193277311,0.3865546218487395,413.5126050420168,415.1666666666667,939.5,1069.7391304347825,431.64912280701753,0.9348073483986344,2.316696472118355,4,21,6,11.5,4,1054.0032377428306,248.72454921824044,0.0426731484852689,bottle_2
afar,0,1970,54,102,99,2,48784,46987,1797,599,4,20,0.5259106159210205,0.5754534602165222,0.8477847576141357,0.050000000745058,0.5767485499382019,32,0,True,0.9705882352941176,0.5294117647058824,478.2745098039216,474.6161616161616,898.5,903.4074074074074,492.7676767676768,1.106920301738275,2.0293538865201706,4,25,4,13.5,4,1054.0032377428306,248.72454921824044,-0.4083910811397853,can_1
afar,0,1971,44,112,106,4,49028,47032,1996,599,4,23,0.5366456508636475,0.5257343649864197,0.7769623398780823,0.050000000745058,0.7241824269294739,32,0,True,0.9464285714285714,0.3928571428571428,437.75,443.6981132075472,499.0,1114.2727272727273,462.52830188679246,0.8974463571836502,2.1620298604878845,3,24,0,11.0,4,1054.0032377428306,248.72454921824044,0.1634409261799319,canister_0
afar,0,1972,65,124,115,8,48876,45931,2945,599,4,27,0.6421211361885071,0.5732290744781494,1.149022340774536,0.050000000745058,0.5917494893074036,32,0,True,0.9274193548387096,0.5241935483870968,394.1612903225807,399.4,368.125,751.9384615384615,425.0086956521739,1.329896063507652,2.352893035436616,4,25,8,16.25,4,1054.0032377428306,248.72454921824044,-0.8191499077603124,chalice_2
afar,0,1973,67,116,115,1,49213,48865,348,529,4,23,0.7646026611328125,0.5565480589866638,0.8689614534378052,0.050000000745058,0.2006021738052368,32,0,True,0.9913793103448276,0.5775862068965517,424.25,424.9130434782609,348.0,734.5223880597015,427.9391304347826,1.3614288907402516,2.336780931867596,4,26,10,16.75,4,1054.0032377428306,248.72454921824044,-0.8663794297288748,canister_0
afar,0,1974,32,109,105,2,49132,47899,1233,599,4,7,0.5848451852798462,0.5122777223587036,1.1989811658859253,0.050000000745058,0.2681995034217834,32,0,True,0.963302752293578,0.2935779816513761,450.7522935779817,456.1809523809524,616.5,1535.375,467.9238095238095,0.6513066840348449,2.137100056989335,3,24,0,8.0,4,1054.0032377428306,248.72454921824044,1.305400913029978,atomizer_0
afar,0,1975,39,106,101,2,49257,46404,2853,599,4,23,0.5404670238494873,0.5709097385406494,1.1770503520965576,0.050000000745058,0.3638633489608764,32,0,True,0.9528301886792452,0.3679245283018867,464.688679245283,459.44554455445547,1426.5,1263.0,487.6930693069307,0.7917656373713381,2.0504699839616705,4,19,1,9.75,4,1054.0032377428306,248.72454921824044,0.5667647869321084,canister_0
afar,0,1976,62,120,118,2,49231,48598,633,580,4,7,0.7104958295822144,0.504896879196167,1.1169562339782717,0.050000000745058,0.2692430913448334,32,0,True,0.9833333333333332,0.5166666666666667,410.2583333333333,411.8474576271187,316.5,794.0483870967741,417.2118644067797,1.2593690967073592,2.396863764701103,4,23,7,15.5,4,1054.0032377428306,248.72454921824044,-0.7049547272750928,atomizer_0
afar,0,1977,19,134,126,0,49132,48066,1066,599,4,24,0.7325887680053711,0.5767289400100708,0.695621907711029,0.050000000745058,0.5982367396354675,32,13,False,0.9402985074626866,0.1417910447761194,366.6567164179105,381.4761904761905,,2585.894736842105,389.936507936508,0.3867133436456891,2.564520068387202,4,10,1,4.75,4,1054.0032377428306,248.72454921824044,4.154237365752901,canister_1
afar,0,1978,70,122,117,3,49058,47363,1695,599,4,9,0.5962874293327332,0.5476685762405396,0.642971932888031,0.050000000745058,0.4505218863487243,32,0,True,0.9590163934426228,0.5737704918032787,402.1147540983607,404.8119658119658,565.0,700.8285714285714,419.2991452991453,1.4268824656529009,2.3849321211627053,4,25,1,17.5,4,1054.0032377428306,248.72454921824044,-0.9577515093612562,bear_0
afar,0,1979,72,108,102,4,49205,47150,2055,599,4,27,0.5408578515052795,0.5484709739685059,0.7558771967887878,0.050000000745058,0.7847097516059875,32,0,True,0.9444444444444444,0.6666666666666666,455.6018518518519,462.2549019607843,513.75,683.4027777777778,482.4019607843137,1.4632659282593232,2.0729600650340414,4,21,14,18.0,4,1054.0032377428306,248.72454921824044,-1.0050073908349708,chalice_2
afar,0,1980,64,109,89,8,48459,42303,6156,599,4,5,0.4007479548454284,0.6663045287132263,0.6276534795761108,0.050000000745058,0.5311106443405151,32,0,True,0.8165137614678899,0.5871559633027523,444.57798165137615,475.314606741573,769.5,757.171875,544.4831460674158,1.3207041003735116,1.8366041395819144,3,25,0,16.0,4,1054.0032377428306,248.72454921824044,-0.8049577526598104,Tabasco_sauce_4
afar,0,1981,58,119,116,1,49771,49120,651,599,4,18,0.6122874021530151,0.6434252262115479,0.8595789670944214,0.050000000745058,0.6984577178955078,32,0,True,0.9747899159663864,0.4873949579831932,418.2436974789916,423.44827586206895,651.0,858.1206896551724,429.0603448275862,1.1653372445801773,2.3306744891603546,4,25,5,14.5,4,1054.0032377428306,248.72454921824044,-0.5312011986769986,bottle_2
afar,0,1982,75,129,126,3,49199,48113,1086,599,4,19,0.6613078117370605,0.6601364612579346,0.6640967130661011,0.050000000745058,0.364303708076477,32,0,True,0.9767441860465116,0.5813953488372093,381.3875968992248,381.8492063492063,362.0,655.9866666666667,390.468253968254,1.5244212280737413,2.5610276631638853,4,28,2,18.75,4,1054.0032377428306,248.72454921824044,-1.0793553673518317,bottle_3
afar,0,1983,63,96,95,1,48866,48267,599,599,4,5,0.4531678855419159,0.6567260026931763,1.0682141780853271,0.050000000745058,0.7975572943687439,32,0,True,0.9895833333333334,0.65625,509.0208333333333,508.0736842105263,599.0,775.6507936507936,514.3789473684211,1.2892399623460074,1.9440920067122327,4,22,11,15.75,4,1054.0032377428306,248.72454921824044,-0.7548459696889068,Tabasco_sauce_4
afar,0,1984,43,98,95,1,48701,48065,636,599,4,20,0.4515120983123779,0.6729168891906738,1.038113355636597,0.050000000745058,0.3618603348731994,32,0,True,0.9693877551020408,0.4387755102040816,496.9489795918368,505.9473684210527,636.0,1132.5813953488373,512.6421052631579,0.882938748690992,1.950678630828936,4,19,3,10.75,4,1054.0032377428306,248.72454921824044,0.2130910176411514,can_1
afar,0,1985,42,89,70,9,48801,37636,11165,599,4,17,0.4000515043735504,0.529752254486084,0.628440260887146,0.050000000745058,0.7072356939315796,32,0,True,0.7865168539325843,0.4719101123595505,548.3258426966293,537.6571428571428,1240.5555555555557,1161.928571428571,697.1571428571428,0.8606381016782443,1.4343968361304071,4,22,2,10.5,4,1054.0032377428306,248.72454921824044,0.2926757242091066,bottle_0
afar,0,1986,22,129,109,3,49032,44507,4525,599,4,12,0.7562726736068726,0.646248459815979,0.8858520984649658,0.050000000745058,0.4406640529632568,32,10,False,0.8449612403100775,0.1705426356589147,380.09302325581393,408.3211009174312,1508.3333333333333,2228.7272727272725,449.8348623853211,0.4486865720345896,2.223038015989558,4,11,1,5.5,4,1054.0032377428306,248.72454921824044,3.185658046571698,beer_can_1
afar,0,1987,56,135,114,9,48729,44307,4422,599,4,2,0.7874901294708252,0.6248958110809326,0.7688919305801392,0.050000000745058,0.3055295944213867,32,0,True,0.8444444444444444,0.4148148148148148,360.9555555555556,388.6578947368421,491.3333333333333,870.1607142857143,427.4473684210527,1.1492129943155,2.339469309856553,4,21,6,14.0,4,1054.0032377428306,248.72454921824044,-0.4985506354783701,Dixie_cup_3
afar,0,1988,60,119,113,4,49402,47205,2197,599,4,25,0.7979331016540527,0.5253794193267822,0.6261375546455383,0.050000000745058,0.5453377366065979,32,0,True,0.9495798319327732,0.5042016806722689,415.1428571428572,417.7433628318584,549.25,823.3666666666667,437.1858407079646,1.214525727703332,2.287356787174608,4,23,7,15.0,4,1054.0032377428306,248.72454921824044,-0.6254483832811149,canister_2
afar,0,1989,84,133,125,6,48618,47574,1044,526,4,3,0.7785504460334778,0.6254966259002686,1.1850850582122805,0.050000000745058,0.2145508378744125,32,0,True,0.9398496240601504,0.631578947368421,365.5488721804512,380.592,174.0,578.7857142857143,388.944,1.7277551524126866,2.5710642148998315,4,30,5,21.0,4,1054.0032377428306,248.72454921824044,-1.2887116313178073,Dixie_cup_4
afar,0,1990,51,115,111,0,48899,47079,1820,599,4,16,0.5789148211479187,0.5947222709655762,1.1137902736663818,0.050000000745058,0.6317337155342102,32,0,True,0.9652173913043478,0.4434782608695652,425.2086956521739,424.1351351351352,,958.8039215686274,440.5315315315315,1.0429661138264583,2.269985071269351,4,25,5,12.75,4,1054.0032377428306,248.72454921824044,-0.2581648613348498,boom_microphone_1
afar,0,1991,74,121,119,2,48803,47922,881,599,4,22,0.6889562606811523,0.5479223728179932,0.7280706167221069,0.050000000745058,0.3778418898582458,32,0,True,0.9834710743801652,0.6115702479338843,403.3305785123967,402.7058823529412,440.5,659.5,410.109243697479,1.516300227445034,2.438374690080528,4,28,6,18.5,4,1054.0032377428306,248.72454921824044,-1.0698277861750571,candy_cane_1
afar,0,1992,43,128,118,6,49155,45225,3930,599,4,26,0.7183787226676941,0.5489952564239502,1.0264993906021118,0.050000000745058,0.4262864589691162,32,0,True,0.921875,0.3359375,384.0234375,383.2627118644068,655.0,1143.139534883721,416.5677966101695,0.8747838470145458,2.4005696266910794,4,20,3,10.75,4,1054.0032377428306,248.72454921824044,0.2417229526015817,canister_3
afar,0,1993,60,106,106,0,49835,49835,0,578,4,16,0.5465741157531738,0.5008915066719055,1.156100869178772,0.050000000745058,0.4464522004127502,32,0,True,1.0,0.5660377358490566,470.1415094339623,470.1415094339623,,830.5833333333334,470.1415094339623,1.2039731112671817,2.127019163238688,4,19,13,15.0,4,1054.0032377428306,248.72454921824044,-0.6058779722301508,boom_microphone_1
afar,0,1994,39,99,96,1,49283,47545,1738,599,4,16,0.4847719669342041,0.5885701179504395,0.7099419832229614,0.050000000745058,0.3998558819293976,32,0,True,0.9696969696969696,0.3939393939393939,497.8080808080808,495.2604166666667,1738.0,1263.6666666666667,513.3645833333334,0.7913479293062516,1.9479333644461576,4,20,5,9.75,4,1054.0032377428306,248.72454921824044,0.5685726770984794,boom_microphone_1
afar,0,1995,17,135,106,13,48943,41285,7658,599,4,13,0.7664817571640015,0.610790491104126,0.8398910760879517,0.050000000745058,0.6716989278793335,32,15,False,0.7851851851851852,0.1259259259259259,362.5407407407407,389.4811320754717,589.0769230769231,2879.0,461.7264150943397,0.3473428273706148,2.165784688310892,4,8,1,4.25,4,1054.0032377428306,248.72454921824044,4.949090550214924,beer_can_4
afar,0,1996,56,118,111,4,49381,48373,1008,584,4,10,0.5790417194366455,0.5135430693626404,0.9915155172348022,0.050000000745058,0.7807326912879944,32,0,True,0.940677966101695,0.4745762711864407,418.4830508474576,435.7927927927928,252.0,881.8035714285714,444.8738738738739,1.1340394078694234,2.247828112026893,4,22,2,14.0,4,1054.0032377428306,248.72454921824044,-0.4669771250728231,beer_bottle_0
afar,0,1997,49,136,133,2,49544,48383,1161,599,4,30,0.6737492084503174,0.5675017833709717,0.7200372219085693,0.050000000745058,0.5935856103897095,32,0,True,0.9779411764705882,0.3602941176470588,364.2941176470589,363.781954887218,580.5,1011.1020408163264,372.5112781954887,0.989019861133538,2.684482480219603,4,22,2,12.25,4,1054.0032377428306,248.72454921824044,-0.1163409780734458,chocolate_milk_4
afar,0,1998,78,117,104,13,49228,44936,4292,564,4,2,0.5064727067947388,0.6983953714370728,0.8451986312866211,0.050000000745058,0.4843772053718567,32,0,True,0.8888888888888888,0.6666666666666666,420.7521367521368,432.0769230769231,330.15384615384613,631.1282051282051,473.34615384615387,1.5844641261070935,2.112618834809458,4,22,17,19.5,4,1054.0032377428306,248.72454921824044,-1.1467674196015685,Dixie_cup_3
afar,0,1999,28,100,95,1,48998,47452,1546,599,4,24,0.496829479932785,0.5199785232543945,0.9328066110610962,0.050000000745058,0.310015857219696,32,4,False,0.95,0.28,489.98,499.4947368421053,1546.0,1749.928571428571,515.7684210526315,0.571451895995755,1.9388546471284545,3,20,0,7.0,4,1054.0032377428306,248.72454921824044,1.8872348509481511,canister_1
afar,0,2000,51,114,107,4,48704,46781,1923,571,4,9,0.5629408955574036,0.5215163230895996,0.6110467314720154,0.050000000745058,0.709000825881958,32,0,True,0.9385964912280702,0.4473684210526316,427.2280701754386,437.2056074766355,480.75,954.9803921568628,455.1775700934579,1.0471419185282522,2.196944809461235,4,28,1,12.75,4,1054.0032377428306,248.72454921824044,-0.268533643171388,bear_0
afar,0,2001,29,120,115,2,49562,47093,2469,599,4,5,0.6066141128540039,0.534163236618042,0.7900147438049316,0.050000000745058,0.3964332342147827,32,3,False,0.9583333333333334,0.2416666666666666,413.01666666666665,409.504347826087,1234.5,1709.0344827586207,430.9739130434783,0.5851257011420039,2.320326056252774,4,13,3,7.25,4,1054.0032377428306,248.72454921824044,1.7763368197945024,Tabasco_sauce_4
afar,0,2002,65,116,110,2,48966,47079,1887,599,4,23,0.7183198928833008,0.6494490504264832,1.1063220500946045,0.050000000745058,0.2607163786888122,32,0,True,0.9482758620689656,0.5603448275862069,422.1206896551725,427.9909090909091,943.5,753.3230769230769,445.1454545454545,1.327451701180411,2.246456725074541,4,24,7,16.25,4,1054.0032377428306,248.72454921824044,-0.8153950589532346,canister_0
afar,0,2003,43,116,113,3,48405,47501,904,568,4,25,0.7299226522445679,0.5478636622428894,1.11604905128479,0.050000000745058,0.7066860795021057,32,0,True,0.9741379310344828,0.3706896551724138,417.2844827586207,420.3628318584071,301.3333333333333,1125.6976744186047,428.3628318584071,0.8883379816134697,2.334469579588885,4,22,1,10.75,4,1054.0032377428306,248.72454921824044,0.1944235005744389,canister_2
afar,0,2004,44,116,102,10,48494,43487,5007,599,4,2,0.5748706459999084,0.511246383190155,1.0881340503692627,0.050000000745058,0.293487548828125,32,0,True,0.8793103448275862,0.3793103448275862,418.0517241379311,426.34313725490193,500.7,1102.1363636363635,475.4313725490196,0.907328741700004,2.103352992122737,4,14,5,11.0,4,1054.0032377428306,248.72454921824044,0.1305291074694093,Dixie_cup_3
afar,0,2005,43,131,110,16,49337,43895,5442,599,4,6,0.7966281175613403,0.6049925088882446,0.8592914938926697,0.050000000745058,0.5022681951522827,32,0,True,0.8396946564885496,0.3282442748091603,376.618320610687,399.04545454545456,340.125,1147.3720930232555,448.5181818181818,0.8715568437480998,2.229564018890488,4,22,2,10.75,4,1054.0032377428306,248.72454921824044,0.2532009529601682,aerosol_can_1
afar,0,2006,58,110,105,1,49383,48108,1275,599,4,20,0.4935269355773926,0.529797375202179,0.6980953812599182,0.050000000745058,0.4271855354309082,32,0,True,0.9545454545454546,0.5272727272727272,448.9363636363637,458.1714285714286,1275.0,851.4310344827586,470.3142857142857,1.1744932466638316,2.126237774132799,4,20,9,14.5,4,1054.0032377428306,248.72454921824044,-0.5493424413809262,can_1
afar,0,2007,50,122,116,3,48977,47442,1535,599,4,31,0.6134430170059204,0.5142977237701416,0.7627463340759277,0.050000000745058,0.6493897438049316,32,0,True,0.9508196721311476,0.4098360655737705,401.4508196721312,408.9827586206897,511.6666666666667,979.54,422.2155172413793,1.0208873552892177,2.3684586642709844,4,30,4,12.5,4,1054.0032377428306,248.72454921824044,-0.2019320329070916,cider_0
afar,0,2008,43,107,101,4,48838,47336,1502,599,4,11,0.4746521711349487,0.5949827432632446,0.8555879592895508,0.050000000745058,0.2694482207298279,32,0,True,0.9439252336448598,0.4018691588785046,456.4299065420561,468.6732673267327,375.5,1135.7674418604652,483.5445544554456,0.8804619353781891,2.06806175519063,4,19,4,10.75,4,1054.0032377428306,248.72454921824044,0.2217310508781095,beer_bottle_3
afar,0,2009,49,116,109,5,48962,47145,1817,599,4,10,0.6327404975891113,0.65938401222229,0.8978078365325928,0.050000000745058,0.3195036947727203,32,0,True,0.9396551724137931,0.4224137931034483,422.0862068965517,432.5229357798165,363.4,999.2244897959184,449.1926605504587,1.0007761120869243,2.22621624933622,4,22,2,12.25,4,1054.0032377428306,248.72454921824044,-0.148550939608991,beer_bottle_0
afar,0,2010,23,142,110,15,48935,40790,8145,599,4,12,0.7822849154472351,0.5567569136619568,0.6434088945388794,0.050000000745058,0.2056518048048019,32,9,False,0.7746478873239436,0.1619718309859155,344.61267605633805,370.8181818181818,543.0,2127.608695652174,444.8636363636364,0.470011239399203,2.247879840604884,4,14,1,5.75,4,1054.0032377428306,248.72454921824044,2.9114411248744805,beer_can_1
afar,0,2011,44,98,91,3,49146,45014,4132,599,4,21,0.4345627725124359,0.6332892179489136,0.8043407201766968,0.050000000745058,0.4314426481723785,32,0,True,0.9285714285714286,0.4489795918367347,501.48979591836735,494.6593406593407,1377.3333333333333,1116.9545454545455,540.065934065934,0.8952915801896391,1.8516257681194808,4,20,4,11.0,4,1054.0032377428306,248.72454921824044,0.1707135752582873,candle_holder_4
afar,0,2012,52,131,126,4,48832,47125,1707,599,4,27,0.6470478177070618,0.5919947028160095,0.8391447067260742,0.050000000745058,0.2103085964918136,32,0,True,0.9618320610687024,0.3969465648854962,372.763358778626,374.0079365079365,426.75,939.0769230769232,387.55555555555554,1.064875491480996,2.580275229357798,4,19,5,13.0,4,1054.0032377428306,248.72454921824044,-0.3116612312125954,chalice_2
afar,0,2013,60,105,101,0,48709,46971,1738,599,4,22,0.4161940515041351,0.6590430736541748,0.608745813369751,0.050000000745058,0.6586071848869324,32,0,True,0.961904761904762,0.5714285714285714,463.8952380952381,465.0594059405941,,811.8166666666667,482.26732673267327,1.2318052105360406,2.0735387710690016,3,26,0,15.0,4,1054.0032377428306,248.72454921824044,-0.6567700804134888,candy_cane_1
afar,0,2014,21,111,106,0,48943,46492,2451,599,4,19,0.5552688837051392,0.5006002187728882,1.151376724243164,0.050000000745058,0.6742224097251892,32,11,False,0.954954954954955,0.1891891891891892,440.927927927928,438.6037735849056,,2330.619047619048,461.7264150943397,0.4290705514578183,2.165784688310892,4,13,1,5.25,4,1054.0032377428306,248.72454921824044,3.461971753363059,bottle_3
afar,0,2015,37,118,105,7,48758,46095,2663,599,4,13,0.5060031414031982,0.6545438766479492,1.109602451324463,0.050000000745058,0.6464722156524658,32,0,True,0.8898305084745762,0.3135593220338983,413.20338983050846,439.0,380.4285714285714,1317.7837837837835,464.3619047619048,0.7588498297715247,2.1534927601624347,4,20,1,9.25,4,1054.0032377428306,248.72454921824044,0.7153293829010384,beer_can_4
afar,0,2016,57,121,111,6,48811,44402,4409,599,4,21,0.6003371477127075,0.6165882349014282,0.8689188957214355,0.050000000745058,0.7096280455589294,32,0,True,0.9173553719008264,0.4710743801652892,403.3966942148761,400.0180180180181,734.8333333333334,856.3333333333334,439.73873873873873,1.1677695601401323,2.274077564483416,3,25,0,14.25,4,1054.0032377428306,248.72454921824044,-0.5360482145540788,candle_holder_4
afar,0,2017,45,108,103,1,48602,46190,2412,599,4,0,0.4612045288085937,0.5784744620323181,0.8697208166122437,0.050000000745058,0.3073921203613281,32,0,True,0.9537037037037036,0.4166666666666667,450.0185185185185,448.4466019417476,2412.0,1080.0444444444445,471.8640776699029,0.925887823546356,2.1192543516727707,4,17,1,11.25,4,1054.0032377428306,248.72454921824044,0.0706194622744156,Band_Aid_0
afar,0,2018,37,118,105,9,48992,47151,1841,599,4,19,0.6507939100265503,0.5057626962661743,0.6399235725402832,0.050000000745058,0.5015002489089966,32,0,True,0.8898305084745762,0.3135593220338983,415.1864406779661,449.0571428571429,204.5555555555556,1324.108108108108,466.5904761904762,0.7552253429131287,2.1432070542129327,4,24,1,9.25,4,1054.0032377428306,248.72454921824044,0.732479908533367,bottle_3
afar,0,2019,55,103,98,2,48494,46186,2308,599,4,14,0.411283403635025,0.625477135181427,0.762367844581604,0.050000000745058,0.4835249781608581,32,0,True,0.9514563106796116,0.5339805825242718,470.8155339805825,471.2857142857143,1154.0,881.709090909091,494.83673469387753,1.134160927125005,2.0208685610591,4,23,5,13.75,4,1054.0032377428306,248.72454921824044,-0.4672333406759467,beret_2
afar,0,2020,38,125,119,3,48736,48367,369,496,4,22,0.6438436508178711,0.5302807688713074,0.6850517988204956,0.050000000745058,0.3261308073997497,32,0,True,0.952,0.304,389.888,406.4453781512605,123.0,1282.5263157894738,409.546218487395,0.7797110965200262,2.441726854891661,4,14,6,9.5,4,1054.0032377428306,248.72454921824044,0.6197169383839691,candy_cane_1
afar,0,2021,58,106,99,2,49004,46451,2553,599,4,1,0.5228774547576904,0.6141349673271179,1.0071353912353516,0.050000000745058,0.4718496203422546,32,0,True,0.9339622641509434,0.5471698113207547,462.3018867924528,469.2020202020202,1276.5,844.8965517241379,494.989898989899,1.1835768508693167,2.020243245449351,4,26,1,14.5,4,1054.0032377428306,248.72454921824044,-0.5670628820633711,Dixie_cup_0
afar,0,2022,43,109,103,2,48745,47249,1496,599,4,10,0.4803105592727661,0.6804013252258301,0.776852548122406,0.050000000745058,0.4414083659648895,32,0,True,0.944954128440367,0.3944954128440367,447.2018348623853,458.7281553398058,748.0,1133.6046511627908,473.252427184466,0.8821417581290388,2.113037234588163,4,25,1,10.75,4,1054.0032377428306,248.72454921824044,0.2158659188267438,beer_bottle_0
afar,0,2023,83,131,124,7,49172,47614,1558,599,4,19,0.76955246925354,0.6465762853622437,1.071149468421936,0.050000000745058,0.211815133690834,32,0,True,0.9465648854961832,0.6335877862595419,375.3587786259542,383.983870967742,222.57142857142856,592.433734939759,396.5483870967742,1.6879524932888637,2.521760351419507,4,27,15,20.75,4,1054.0032377428306,248.72454921824044,-1.251700447821498,bottle_3
afar,0,2024,49,114,113,1,49311,48855,456,593,4,17,0.6215912103652954,0.5889276266098022,1.0488922595977783,0.050000000745058,0.5351541638374329,32,0,True,0.9912280701754386,0.4298245614035088,432.55263157894734,432.34513274336285,456.0,1006.3469387755102,436.3805309734513,0.9936930907911014,2.2915779440692745,4,22,4,12.25,4,1054.0032377428306,248.72454921824044,-0.129236031402968,bottle_0
afar,0,2025,40,106,102,2,48672,46831,1841,599,4,18,0.4676101505756378,0.5097775459289551,1.0189629793167114,0.050000000745058,0.3956094980239868,32,0,True,0.9622641509433962,0.3773584905660377,459.1698113207547,459.12745098039215,920.5,1216.8,477.1764705882353,0.821827744904668,2.095660749506904,4,19,3,10.0,4,1054.0032377428306,248.72454921824044,0.4414779984026119,bottle_2
afar,0,2026,37,99,96,1,49002,47205,1797,599,4,26,0.487270325422287,0.5766226649284363,1.0864131450653076,0.050000000745058,0.4837054014205932,32,0,True,0.9696969696969696,0.3737373737373737,494.969696969697,491.71875,1797.0,1324.3783783783783,510.4375,0.7550712215827925,1.959103710052651,4,17,1,9.25,4,1054.0032377428306,248.72454921824044,0.7332128369791928,canister_3
afar,0,2027,67,115,115,0,48794,48794,0,522,4,20,0.510765552520752,0.6886404752731323,0.8337066173553467,0.050000000745058,0.4716960191726684,32,0,True,1.0,0.5826086956521739,424.295652173913,424.295652173913,,728.2686567164179,424.295652173913,1.3731196458580972,2.356847153338525,4,20,11,16.75,4,1054.0032377428306,248.72454921824044,-0.8833385188268456,can_1
afar,0,2028,34,118,107,2,49029,47152,1877,599,4,10,0.4816559255123138,0.5066862106323242,0.6471031904220581,0.050000000745058,0.4654255509376526,32,0,True,0.9067796610169492,0.288135593220339,415.5,440.67289719626166,938.5,1442.029411764706,458.214953271028,0.6934671316975668,2.1823818556364603,4,17,1,8.5,4,1054.0032377428306,248.72454921824044,1.0522630564629487,beer_bottle_0
afar,0,2029,62,106,102,3,48671,46674,1997,599,4,14,0.6247310042381287,0.6828607320785522,0.8429098725318909,0.050000000745058,0.5626084804534912,32,0,True,0.9622641509433962,0.5849056603773585,459.16037735849056,457.5882352941176,665.6666666666666,785.016129032258,477.1666666666667,1.2738591769226029,2.0957038071952496,4,27,10,15.5,4,1054.0032377428306,248.72454921824044,-0.7294487230775357,beret_2
afar,0,2030,35,106,102,1,48785,48131,654,599,4,11,0.6028157472610474,0.5549273490905762,1.0426127910614014,0.050000000745058,0.6717008948326111,32,0,True,0.9622641509433962,0.330188679245283,460.2358490566038,471.8725490196079,654.0,1393.857142857143,478.2843137254902,0.7174336373885416,2.090806600389464,4,14,4,8.75,4,1054.0032377428306,248.72454921824044,0.9216277995883196,beer_bottle_3
afar,0,2031,44,120,115,3,48634,47404,1230,599,4,28,0.7743586301803589,0.6657207012176514,1.032927393913269,0.050000000745058,0.7815247178077698,32,0,True,0.9583333333333334,0.3666666666666666,405.28333333333336,412.2086956521739,410.0,1105.3181818181818,422.90434782608696,0.9047168647448288,2.364600896492166,4,22,3,11.0,4,1054.0032377428306,248.72454921824044,0.1391576741725422,chalice_4
afar,0,2032,53,127,122,2,49324,48815,509,536,4,24,0.6058394312858582,0.520316481590271,0.9427754282951356,0.050000000745058,0.2422713637351989,32,0,True,0.9606299212598424,0.4173228346456692,388.3779527559056,400.12295081967216,254.5,930.6415094339624,404.2950819672131,1.074527613332252,2.4734409212553725,4,21,6,13.25,4,1054.0032377428306,248.72454921824044,-0.3345366832741639,canister_1
afar,0,2033,57,110,104,4,48842,47372,1470,599,4,10,0.4933154284954071,0.5391765236854553,1.140699863433838,0.050000000745058,0.677947998046875,32,0,True,0.9454545454545454,0.5181818181818182,444.0181818181818,455.5,367.5,856.8771929824561,469.63461538461536,1.16702837721633,2.129314933868392,4,18,11,14.25,4,1054.0032377428306,248.72454921824044,-0.5345733567867765,beer_bottle_0
afar,0,2034,57,123,112,10,48927,46559,2368,599,4,5,0.771973192691803,0.5705293416976929,0.9951493740081788,0.050000000745058,0.6241186857223511,32,0,True,0.9105691056910568,0.4634146341463415,397.780487804878,415.7053571428572,236.8,858.3684210526316,436.8482142857143,1.165000919737568,2.2891246142211865,4,26,2,14.25,4,1054.0032377428306,248.72454921824044,-0.530529391940947,Tabasco_sauce_4
afar,0,2035,34,131,122,2,48834,47282,1552,596,4,11,0.6502963304519653,0.6919776201248169,1.007462739944458,0.050000000745058,0.747685968875885,32,0,True,0.931297709923664,0.2595419847328244,372.7786259541985,387.55737704918033,776.0,1436.2941176470588,400.27868852459017,0.6962362288569439,2.498259409427858,4,19,2,8.5,4,1054.0032377428306,248.72454921824044,1.0367098837081412,beer_bottle_3
afar,0,2036,30,105,102,2,49118,47517,1601,599,4,28,0.5568456649780273,0.5564767718315125,0.8565510511398315,0.050000000745058,0.7419247627258301,32,2,False,0.9714285714285714,0.2857142857142857,467.79047619047617,465.8529411764706,800.5,1637.2666666666669,481.5490196078432,0.6107740543181726,2.0766317846817866,4,17,1,7.5,4,1054.0032377428306,248.72454921824044,1.581714326332675,chalice_4
afar,0,2037,65,123,117,4,48912,47243,1669,599,4,29,0.7403606176376343,0.5602012872695923,0.6994808912277222,0.050000000745058,0.6310142278671265,32,0,True,0.951219512195122,0.5284552845528455,397.6585365853659,403.7863247863248,417.25,752.4923076923077,418.0512820512821,1.3289172391233235,2.392051030421982,4,25,7,16.25,4,1054.0032377428306,248.72454921824044,-0.8176479682374812,chicken_(animal)_2
afar,0,2038,65,126,97,23,48638,40551,8087,599,4,17,0.7639582753181458,0.5799033641815186,0.9388769268989564,0.050000000745058,0.5672584176063538,32,0,True,0.7698412698412699,0.5158730158730159,386.015873015873,418.0515463917526,351.60869565217394,748.276923076923,501.4226804123711,1.3364036350178872,1.9943254245651547,4,20,12,16.25,4,1054.0032377428306,248.72454921824044,-0.8290793968279182,bottle_0
afar,0,2039,40,94,89,2,48890,45895,2995,599,4,17,0.4316279292106628,0.5167390704154968,1.1582039594650269,0.050000000745058,0.6054134964942932,32,0,True,0.946808510638298,0.425531914893617,520.1063829787234,515.6741573033707,1497.5,1222.25,549.3258426966293,0.8181632235631008,1.8204131724279,4,16,4,10.0,4,1054.0032377428306,248.72454921824044,0.4562575005126933,bottle_0
afar,0,2040,35,107,106,0,48705,48106,599,599,4,7,0.4350488781929016,0.5433072447776794,0.7955424785614014,0.050000000745058,0.383949875831604,32,0,True,0.9906542056074766,0.3271028037383177,455.1869158878505,453.8301886792453,,1391.571428571429,459.4811320754717,0.7186120521507032,2.176367929370701,4,15,3,8.75,4,1054.0032377428306,248.72454921824044,0.9154293190179056,atomizer_0
afar,0,2041,43,93,81,5,48623,44026,4597,599,4,9,0.4684394896030426,0.6310595870018005,0.6072627305984497,0.050000000745058,0.3435329496860504,32,0,True,0.8709677419354839,0.4623655913978494,522.8279569892474,543.5308641975308,919.4,1130.7674418604652,600.283950617284,0.8843551405713346,1.665878288052979,4,16,2,10.75,4,1054.0032377428306,248.72454921824044,0.2081718746303284,bear_0
afar,0,2042,42,108,95,5,49101,45357,3744,599,4,22,0.4280079007148742,0.524380087852478,0.6663469672203064,0.050000000745058,0.2806750237941742,32,0,True,0.8796296296296297,0.3888888888888889,454.6388888888889,477.4421052631579,748.8,1169.071428571429,516.8526315789474,0.8553797275004582,1.934787478870084,4,20,2,10.5,4,1054.0032377428306,248.72454921824044,0.3120459759916514,candy_cane_1
afar,0,2043,36,115,115,0,49393,49393,0,549,4,6,0.5399949550628662,0.6456325650215149,1.172992467880249,0.050000000745058,0.3801000118255615,32,0,True,1.0,0.3130434782608696,429.504347826087,429.504347826087,,1372.0277777777778,429.504347826087,0.7288482173587351,2.328265138784848,4,23,1,9.0,4,1054.0032377428306,248.72454921824044,0.8624301578906662,aerosol_can_1
afar,0,2044,55,132,106,19,48873,42027,6846,599,4,13,0.673213005065918,0.609703540802002,0.8408560156822205,0.050000000745058,0.7692759037017822,32,0,True,0.803030303030303,0.4166666666666667,370.25,396.4811320754717,360.3157894736842,888.6,461.0660377358491,1.1253657438667568,2.168886706361385,4,21,5,13.75,4,1054.0032377428306,248.72454921824044,-0.4485463305017322,beer_can_4
afar,0,2045,41,96,82,5,48874,41708,7166,599,4,31,0.4175573289394378,0.6007977724075317,0.6855852603912354,0.050000000745058,0.3090479075908661,32,0,True,0.8541666666666666,0.4270833333333333,509.1041666666667,508.6341463414634,1433.2,1192.0487804878048,596.0243902439024,0.8388918443344109,1.6777836886688218,4,22,1,10.25,4,1054.0032377428306,248.72454921824044,0.374356768859938,cider_0
afar,0,2046,50,98,88,3,49086,43662,5424,599,4,19,0.4045276045799255,0.6217348575592041,0.7433489561080933,0.050000000745058,0.2699581682682037,32,0,True,0.8979591836734694,0.5102040816326531,500.8775510204082,496.1590909090909,1808.0,981.72,557.7954545454545,1.018620380556574,1.7927718697795705,4,17,7,12.5,4,1054.0032377428306,248.72454921824044,-0.196020232063059,bottle_3
afar,0,2047,33,100,96,1,48890,47069,1821,599,4,8,0.427783191204071,0.6689806580543518,0.8294888138771057,0.050000000745058,0.6585862636566162,32,0,True,0.96,0.33,488.9,490.3020833333333,1821.0,1481.5151515151515,509.2708333333333,0.6749846594395582,1.963591736551442,4,15,1,8.25,4,1054.0032377428306,248.72454921824044,1.1593418773730098,bandage_4
