# https://github.com/mikedh/trimesh
v 0.01934321 0.03060095 0.00798656
v 0.01859755 0.02968023 0.01013567
v 0.01920910 0.02935337 0.01013567
v -0.00262698 0.03550325 0.08637099
v -0.00185943 0.03478454 0.08637099
v -0.00185941 0.03478452 0.01013565
v -0.03311046 -0.01005639 0.01013567
v -0.03398699 -0.01031571 0.00798656
v -0.03369880 -0.01146626 0.00798656
v 0.00445705 0.03550325 0.08637101
v 0.00506964 0.03464862 0.08637101
v 0.00506966 0.03464860 0.01013565
v -0.02230765 -0.02657035 0.01013567
v -0.02349207 -0.02715573 0.00798656
v -0.02261324 -0.02795227 0.00798656
v 0.01615143 -0.03190663 0.01013567
v 0.01621644 -0.03304593 0.00798656
v 0.01728865 -0.03253881 0.00798656
v -0.02695541 -0.02153811 0.01013567
v -0.02824823 -0.02190810 0.00798656
v -0.02754168 -0.02286079 0.00798656
v 0.00972362 -0.03427486 0.01013567
v 0.00954818 -0.03543188 0.00798656
v 0.01069872 -0.03514367 0.00798656
v 0.00466924 -0.03632310 0.08857821
v 0.00368952 -0.03570345 0.08637101
v 0.00445707 -0.03642216 0.08637101
v 0.02766827 0.02399245 0.00072606
v 0.02415293 0.02717857 0.00798656
v 0.02503176 0.02638203 0.00798656
v -0.03537256 -0.00097488 0.00072606
v -0.03403957 -0.00097488 0.00931955
v -0.03357348 0.00020978 0.00984385
v -0.03047685 -0.01508430 0.04672862
v -0.03085900 -0.01508430 0.01013567
v -0.03053212 -0.01569585 0.01013567
v -0.03141912 -0.00181164 0.04672862
v -0.03016215 -0.00181164 0.05653030
v -0.03051807 -0.00116372 0.05653030
v -0.03125902 0.00369515 0.04672862
v -0.03247448 0.00369515 0.01185419
v -0.03313060 0.00308253 0.01205271
v 0.02327407 0.02797510 0.00798656
v -0.02712474 0.01783456 0.05653030
v -0.02776093 0.01783456 0.04672862
v -0.02796236 0.01722303 0.04672862
v 0.02199371 -0.02832990 0.08637101
v 0.02145769 -0.02876980 0.08637101
v 0.02145769 -0.02876983 0.01013567
v -0.02475596 0.02329926 0.04672862
v -0.02444239 0.02329926 0.05653030
v -0.02450510 0.02410802 0.05653030
v -0.00323954 -0.03556751 0.08637101
v -0.00241650 -0.03639333 0.08857821
v -0.00359392 -0.03625005 0.08857821
v -0.03110296 0.00529970 0.04729264
v -0.03289179 0.00576534 0.01123298
v -0.03235676 0.00503314 0.01140815
v 0.01237783 0.03255079 0.01013567
v 0.01294092 0.03362900 0.00798656
v 0.01182416 0.03402859 0.00798656
v 0.02702595 -0.02368216 0.01013567
v 0.02753874 -0.02464875 0.00798656
v 0.02833527 -0.02376992 0.00798656
v -0.03048739 -0.01651003 0.04672862
v -0.03000074 -0.01651003 0.05653030
v -0.02977502 -0.01569583 0.05653030
v 0.03392530 -0.01192222 0.08637101
v 0.03372403 -0.01258577 0.08637101
v 0.03372403 -0.01258577 0.01013567
v 0.03552731 -0.00526200 0.08637101
v 0.03545934 -0.00595205 0.08637101
v 0.03545934 -0.00595208 0.01013567
v -0.03209521 0.01100332 0.08637101
v -0.03038675 0.01043417 0.05653030
v -0.03101572 0.00984085 0.05653030
v 0.03673767 0.00375518 0.00798656
v 0.03687776 0.00308256 0.01013567
v 0.03615905 0.00231501 0.01013567
v 0.03523849 0.01069256 0.00798656
v 0.03549575 0.01003048 0.01013567
v 0.03494057 0.00913746 0.01013567
v 0.03241471 0.01720417 0.00798656
v 0.03278479 0.01657528 0.01013567
v 0.03241451 0.01559112 0.01013567
v 0.02837482 0.02303976 0.00798656
v 0.02884912 0.02246543 0.01013567
v 0.02867795 0.02142794 0.01013567
v 0.03549575 -0.01094939 0.08637101
v 0.03453801 -0.01138347 0.08637101
v 0.03453801 -0.01138347 0.01013567
v 0.03687776 -0.00400147 0.08637101
v 0.03602311 -0.00461406 0.08637101
v 0.03602313 -0.00461406 0.01013567
v -0.02464840 0.02410800 0.04672862
v -0.03290034 -0.00926802 0.08637101
v -0.03067339 -0.00926802 0.05653030
v -0.03105152 -0.01005637 0.05653030
v -0.03366563 -0.01094941 0.01013567
v 0.01304138 0.03234952 0.01013567
v 0.02036056 0.02999116 0.00798656
v 0.00607089 0.03534987 0.00798656
v 0.00571760 0.03415277 0.01013567
v 0.00640766 0.03408480 0.01013567
v -0.03543076 0.00020978 0.00072606
v -0.02739529 -0.02100211 0.01013567
v 0.02658607 -0.02421817 0.01013567
v 0.01553990 -0.03223351 0.01013567
v 0.00906007 -0.03447615 0.01013567
v -0.03053214 -0.01569583 0.08637101
v -0.03085900 -0.01508430 0.08637101
v -0.02955739 0.00354623 0.05653030
v -0.03212598 0.00308256 0.04672862
v -0.00218753 0.03563916 0.00798656
v -0.00112721 0.03442466 0.01013567
v -0.02740398 0.01718872 0.05653030
v -0.02922465 0.01722303 0.08637099
v -0.02889779 0.01783459 0.08637099
v -0.03176260 0.00653291 0.04778438
v -0.00100286 0.03569737 0.00798656
v -0.00043713 0.03449260 0.01013567
v -0.03189392 0.01166687 0.08637101
v -0.02284365 -0.02613047 0.01013567
v 0.00348651 -0.03641227 0.08857821
v 0.00295730 -0.03534357 0.08637101
v -0.02475593 0.02329923 0.01013567
v -0.02519583 0.02276323 0.01013567
v 0.03518529 -0.01144115 0.00798656
v 0.03392533 -0.01192222 0.01013567
v 0.03668059 -0.00451464 0.00798656
v 0.03552731 -0.00526200 0.01013567
v 0.02324380 -0.02869836 0.00798656
v 0.02280248 -0.02822237 0.01013567
v 0.02199371 -0.02832993 0.01013567
v -0.03552319 0.00044469 0.08857818
v -0.03513980 -0.00571351 0.09220845
v -0.03548899 0.00139444 0.09220845
v -0.00388748 -0.03507168 0.08637101
v -0.02519583 0.02276323 0.04672862
v -0.00262695 -0.03642216 0.08637101
v 0.03393415 -0.01337414 0.01013567
v 0.03581922 -0.00668427 0.01013567
v -0.03270789 0.01046454 0.01013565
v -0.03025668 0.01046456 0.04672862
v -0.02973180 0.01100332 0.04672862
v -0.03058441 -0.01651003 0.01013567
v -0.03027917 -0.01569583 0.04672862
v 0.03105476 -0.01814194 0.08637101
v 0.03072788 -0.01875347 0.08637101
v 0.03072788 -0.01875350 0.01013567
v -0.03310164 -0.00860447 0.08637101
v 0.02884910 0.02246545 0.08637101
v 0.02867795 0.02142794 0.08637101
v 0.03278479 0.01657528 0.08637101
v 0.03241451 0.01559112 0.08637101
v 0.03549573 0.01003048 0.08637101
v 0.03494057 0.00913746 0.08637101
v 0.03687776 0.00308258 0.08637101
v 0.03615905 0.00231503 0.08637101
v 0.01832587 0.03121072 0.00798656
v 0.02280245 -0.02822234 0.08637101
v 0.00135789 -0.03652927 0.00798656
v 0.00226724 -0.03541154 0.01013567
v 0.00161933 -0.03590736 0.01013567
v 0.02878551 0.02061920 0.08637101
v 0.02922541 0.02008318 0.08637101
v 0.02922543 0.02008318 0.01013567
v 0.03236224 0.01477692 0.08637101
v 0.03268909 0.01416539 0.08637101
v 0.03268912 0.01416536 0.01013567
v 0.03473046 0.00834911 0.08637101
v 0.03493173 0.00768556 0.08637101
v 0.03493175 0.00768556 0.01013567
v 0.03579917 0.00158281 0.08637101
v 0.03586714 0.00089273 0.08637101
v 0.03586714 0.00089273 0.01013567
v 0.01051199 -0.03448497 0.01013567
v 0.01696563 -0.03195893 0.01013567
v -0.00112721 0.03442466 0.08637099
v 0.02878551 0.02061918 0.01013567
v 0.03236224 0.01477692 0.01013567
v 0.00571758 0.03415280 0.08637101
v -0.01140121 -0.03440270 0.00798656
v -0.01054771 -0.03346973 0.01013567
v -0.01121126 -0.03326843 0.01013567
v -0.01780352 -0.03137463 0.00798656
v -0.01676745 -0.03059916 0.01013567
v -0.01737898 -0.03027230 0.01013567
v -0.03311048 -0.01005637 0.08637099
v -0.02085555 -0.02954531 0.00072606
v -0.03058441 -0.01651003 0.08637101
v -0.03173709 -0.01005639 0.04672862
v -0.01467675 0.03227223 0.00798656
v -0.01432134 0.03098770 0.01013567
v -0.01370979 0.03131458 0.01013567
v -0.02075142 0.02863123 0.00798656
v -0.02016360 0.02741099 0.01013567
v -0.01962760 0.02785087 0.01013567
v -0.00800847 0.03465819 0.00798656
v -0.00789351 0.03335592 0.01013567
v -0.00722996 0.03355722 0.01013567
v -0.03021086 0.01113993 0.05653030
v 0.03679587 0.00257051 0.00798656
v 0.03579917 0.00158279 0.01013567
v 0.03552668 0.00954201 0.00798656
v 0.03473046 0.00834911 0.01013567
v 0.03292181 0.01613197 0.00798656
v 0.02908137 0.02208709 0.00798656
v -0.03072572 -0.00860447 0.05653030
v 0.00489765 0.03552389 0.00798656
v 0.03236740 -0.01794288 0.00798656
v 0.03176079 -0.01773308 0.01013567
v 0.03105476 -0.01814197 0.01013567
v -0.02684785 -0.02234687 0.01013567
v -0.02683513 -0.02381346 0.00798656
v -0.02204437 -0.02734259 0.01013567
v -0.02173438 -0.02874880 0.00798656
v 0.01629118 0.03243026 0.00072606
v 0.01070740 0.03442815 0.00798656
v 0.02779817 -0.02341888 0.01013567
v 0.02884912 -0.02338434 0.01013567
v 0.02884910 -0.02338434 0.08637101
v -0.00868186 0.03356606 0.01013565
v -0.00915903 0.03436999 0.00798656
v -0.01030956 0.03408180 0.00798656
v -0.00455683 0.03552278 0.00072606
v 0.02383994 0.02747461 0.08637101
v 0.02387446 0.02642368 0.08637101
v 0.02387448 0.02642365 0.01013567
v -0.03209521 0.01100329 0.01013567
v -0.02962622 0.01166687 0.04672862
v -0.01513551 0.03103999 0.01013565
v -0.01574896 0.03176511 0.00798656
v -0.01682117 0.03125800 0.00798656
v -0.01146011 0.03379359 0.00072606
v -0.02097236 0.02730341 0.01013565
v -0.02170411 0.02792466 0.00798656
v -0.02265677 0.02721811 0.00798656
v -0.01789340 0.03075088 0.00072604
v -0.03366563 0.01003046 0.01013567
v -0.03222229 0.00434306 0.01161060
v -0.03077064 0.00434309 0.04672862
v -0.03071868 0.00503314 0.04729312
v -0.03336914 -0.00181166 0.01080355
v -0.03450652 -0.00215955 0.00879440
v 0.01184925 -0.03485548 0.00798656
v 0.01140499 -0.03504015 0.01013567
v 0.01836088 -0.03203170 0.00798656
v 0.01794979 -0.03232919 0.01013567
v 0.02658605 -0.02421817 0.08637101
v 0.02647849 -0.02502691 0.08637101
v 0.02647849 -0.02502693 0.01013567
v 0.03549575 -0.01094939 0.01013567
v 0.03687778 -0.00400147 0.01013567
v -0.02895477 -0.02095544 0.00798656
v -0.02816753 -0.02073882 0.01013567
v -0.02475596 0.02329926 0.08637099
v -0.02473475 0.02276323 0.05653030
v -0.03403702 -0.00181164 0.08637101
v -0.03024585 -0.00250172 0.05653030
v -0.01360455 0.03277936 0.00798656
v -0.01330092 0.03202061 0.01013567
v -0.01979875 0.02933776 0.00798656
v -0.01936431 0.02862311 0.01013567
v 0.00724414 0.03517583 0.00798656
v 0.00713988 0.03444469 0.01013567
v -0.00685794 0.03494638 0.00798656
v -0.00669121 0.03416990 0.01013567
v 0.00230379 -0.03650147 0.08857821
v 0.00839763 -0.03572007 0.00798656
v 0.00852132 -0.03508883 0.01013567
v 0.01514424 -0.03355303 0.00798656
v 0.01513104 -0.03293954 0.01013567
v 0.02674220 -0.02552760 0.00798656
v -0.01698601 -0.03185019 0.08857821
v -0.01676745 -0.03059916 0.08637101
v -0.01635857 -0.03130517 0.08637101
v -0.01050663 -0.03470963 0.08857821
v -0.01054774 -0.03346970 0.08637101
v -0.01000896 -0.03408240 0.08637101
v 0.01405768 0.03322941 0.00798656
v 0.01382972 0.03255963 0.01013567
v -0.03498804 -0.00665170 0.08857821
v -0.03341060 -0.01261679 0.09220845
v -0.02085557 -0.02954529 0.09220845
v -0.01905191 -0.03068432 0.08857821
v -0.01475151 -0.03320393 0.09220845
v -0.03371434 -0.00806572 0.08637101
v 0.00445707 0.03550325 0.01013567
v 0.01299980 -0.03456729 0.00072606
v 0.01943309 -0.03152458 0.00072606
v -0.03419302 0.00369515 0.08637099
v -0.03049341 0.00298334 0.05653030
v 0.03297719 -0.01692554 0.00798656
v -0.03543399 -0.00073804 0.08857821
v -0.02519586 0.02276325 0.08637099
v -0.02538438 0.02249995 0.05653030
v -0.02596807 0.02249997 0.08637099
v 0.00372440 0.03569793 0.00798656
v -0.02587105 0.02249995 0.04672860
v 0.02467377 0.02521151 0.01013567
v 0.02591059 0.02558552 0.00798656
v -0.03480687 0.00633173 0.08881656
v -0.03444476 0.00843396 0.09220845
v -0.03466360 0.00750913 0.08857818
v -0.03495012 0.00515431 0.08857818
v -0.02437090 -0.02635919 0.00798656
v -0.01932977 0.02967407 0.01013567
v -0.01936433 0.02862311 0.08637099
v -0.01306203 0.03304463 0.01013567
v -0.01330092 0.03202061 0.08637099
v -0.00625713 0.03512764 0.01013567
v -0.00669123 0.03416992 0.08637099
v 0.00790742 0.03516342 0.01013567
v 0.00713988 0.03444471 0.08637101
v 0.02100746 0.02977592 0.01013567
v 0.02002327 0.02940564 0.01013567
v 0.02002327 0.02940566 0.08637101
v 0.02133844 -0.03011148 0.00798656
v 0.02229111 -0.02940491 0.00798656
v 0.01140499 0.03412121 0.01013567
v 0.01183907 0.03316347 0.01013565
v 0.01920908 0.02935337 0.08637101
v 0.02514915 -0.02728526 0.00072606
v 0.02419646 -0.02799181 0.00798656
v -0.03537992 0.00162211 0.08857818
v -0.03523667 0.00279951 0.08857818
v 0.00018180 0.03575557 0.00798656
v 0.03685407 0.00138585 0.00798656
v 0.03581489 0.00839148 0.00798656
v 0.03342894 0.01505974 0.00798656
v 0.02978792 0.02113443 0.00798656
v 0.03175763 -0.01896023 0.00798656
v 0.03478570 -0.01255791 0.00798656
v 0.03650655 -0.00568789 0.00798656
v -0.03509339 0.00397691 0.08857818
v -0.03187772 -0.00323394 0.04672862
v -0.03076561 -0.00323392 0.05653030
v -0.03114394 0.01003046 0.04672862
v -0.03216181 0.00930442 0.05781786
v 0.01304135 0.03234952 0.08637101
v -0.02939707 0.00414195 0.05723561
v -0.03311075 0.00139444 0.01036478
v -0.03548897 0.00139444 0.00072606
v -0.03432896 -0.00323392 0.08637099
v -0.03396907 -0.00250170 0.08637101
v 0.02413774 0.02565144 0.01013567
v -0.02812814 0.01672870 0.05653030
v -0.02855729 0.01681415 0.04672862
v -0.03270791 0.01046456 0.08637099
v -0.03369722 0.00434309 0.08637101
v -0.03362925 0.00503314 0.08664646
v 0.03278481 -0.01749419 0.01013567
v 0.03278479 -0.01749416 0.08637101
v -0.01251797 -0.03400311 0.00798656
v -0.01882086 -0.03076486 0.00798656
v -0.03095470 0.01657525 0.01013567
v -0.03143750 0.01615184 0.00798656
v -0.03204727 0.01513450 0.00798656
v -0.03356944 -0.00116372 0.01109905
v -0.03534481 -0.00192076 0.08857821
v 0.03078017 -0.01956770 0.01013567
v 0.03176077 -0.01773306 0.08637101
v -0.03184948 -0.00116372 0.04672862
v 0.02999765 0.01981989 0.01013567
v 0.03339512 0.01375651 0.01013567
v 0.03554443 0.00714681 0.01013567
v 0.03636296 0.00024479 0.01013567
v 0.02999762 0.01981991 0.08637101
v 0.03339512 0.01375653 0.08637101
v 0.03554443 0.00714681 0.08637101
v 0.03636294 0.00024481 0.08637101
v -0.02995714 -0.01508430 0.05653030
v 0.03393415 -0.01337412 0.08637101
v 0.03581922 -0.00668427 0.08637101
v 0.03558488 -0.01032442 0.00798656
v 0.03685464 -0.00334139 0.00798656
v 0.03078015 -0.01956767 0.08637101
v -0.01276030 -0.03396920 0.08857821
v -0.01388714 -0.03359899 0.08857821
v -0.01819316 -0.03032457 0.01013567
v -0.01199961 -0.03347854 0.01013567
v -0.02993068 0.01681417 0.08637099
v 0.01730853 0.03182049 0.00798656
v 0.01794979 0.03141028 0.01013567
v 0.01818869 0.03038626 0.01013565
v -0.00916771 -0.03520187 0.00798656
v -0.00957488 -0.03504015 0.01013567
v -0.01000896 -0.03408240 0.01013567
v 0.00972362 -0.03427486 0.08637101
v 0.02702593 -0.02368214 0.08637101
v -0.03479284 0.00608744 0.00072606
v -0.03346657 0.00608744 0.00931281
v -0.03381854 0.00726071 0.00878682
v 0.00295732 -0.03534357 0.01013567
v 0.00254255 -0.03647106 0.00798656
v 0.00372722 -0.03641286 0.00798656
v -0.02993068 0.01681415 0.01013565
v -0.03290034 -0.00926805 0.01013567
v 0.01051197 -0.03448497 0.08637101
v 0.01696561 -0.03195890 0.08637101
v 0.01615143 -0.03190661 0.08637101
v 0.02779817 -0.02341886 0.08637101
v -0.03276269 0.00374094 0.01036478
v -0.01028447 -0.03480229 0.00798656
v -0.03364558 0.01066746 0.00798656
v -0.00335793 -0.03629759 0.00798656
v -0.00101144 -0.03664565 0.00072606
v -0.00218468 -0.03647163 0.00798656
v -0.00453120 -0.03612356 0.00798656
v 0.00609652 -0.03629646 0.00072606
v 0.00491186 -0.03635466 0.00798656
v -0.03147475 -0.00860447 0.04672862
v -0.03310164 -0.00860447 0.01013567
v -0.03241075 0.00256769 0.01089076
v 0.01140499 -0.03504012 0.08637101
v 0.01794979 -0.03232916 0.08637101
v -0.02684785 -0.02234685 0.08637101
v -0.02204437 -0.02734256 0.08637101
v -0.03021794 0.01818653 0.00798656
v -0.02922465 0.01722303 0.01013567
v -0.02889779 0.01783456 0.01013567
v -0.03139133 -0.00926802 0.04672862
v -0.03311463 0.00491419 0.00983879
v -0.01678618 -0.03198442 0.00798656
v -0.01635857 -0.03130519 0.01013567
v -0.03142889 -0.00250172 0.04672862
v -0.03382174 0.00653291 0.01102174
v -0.03417048 0.00843396 0.00826083
v -0.03404519 0.00955072 0.00798656
v -0.03514090 0.00374094 0.00072606
v -0.03531494 0.00256769 0.00072606
v -0.03496686 0.00491419 0.00072606
v -0.01962760 0.02785089 0.08637099
v -0.01370981 0.03131458 0.08637099
v -0.00722998 0.03355724 0.08637099
v -0.01737898 -0.03027228 0.08637101
v 0.01859755 0.02968025 0.08637101
v 0.01818867 0.03038628 0.08637101
v -0.00388748 -0.03507170 0.01013567
v -0.02230765 -0.02657033 0.08637101
v -0.02284365 -0.02613045 0.08637101
v -0.02695541 -0.02153809 0.08637101
v -0.02739531 -0.02100209 0.08637101
v -0.02016362 0.02741102 0.08637099
v -0.00789353 0.03335595 0.08637099
v -0.01432134 0.03098772 0.08637099
v -0.03082771 0.01716919 0.00798656
v -0.03357851 -0.00250172 0.01052621
v -0.03420301 -0.00323394 0.01026159
v -0.00323954 -0.03556753 0.01013567
v 0.00368952 -0.03570345 0.01013567
v -0.03497381 -0.00334421 0.00826893
v -0.00957488 -0.03504012 0.08637101
v -0.02596807 0.02249995 0.01013565
v -0.02520251 0.02475388 0.00798656
v -0.02464837 0.02410800 0.01013567
v -0.00262695 -0.03642218 0.01013567
v 0.00445709 -0.03642218 0.01013567
v 0.00226724 -0.03541154 0.08637101
v -0.00457756 -0.03500373 0.08637101
v -0.00457754 -0.03500376 0.01013567
v -0.02599905 0.02387505 0.00798656
v -0.03416324 -0.00055114 0.01135992
v 0.01237783 0.03255079 0.08637101
v -0.03427518 -0.00916518 0.00798656
v -0.01121126 -0.03326841 0.08637101
v 0.02913181 -0.02289109 0.00798656
v 0.01794976 0.03141028 0.08637101
v -0.00570445 -0.03594952 0.00798656
v -0.01475149 -0.03320396 0.00072606
v -0.01576884 -0.03259419 0.00798656
v -0.02365242 -0.02602289 0.08637101
v -0.02365242 -0.02602289 0.01013567
v -0.02701901 -0.02338434 0.08637101
v -0.02200983 -0.02839352 0.08637101
v -0.00957490 0.03412121 0.01013567
v -0.01611969 0.03141028 0.01013567
v -0.02200985 0.02747459 0.01013567
v -0.02701901 -0.02338436 0.01013567
v -0.02200983 -0.02839352 0.01013567
v 0.02239524 0.02877162 0.00072606
v -0.02200985 0.02747461 0.08637099
v -0.02097236 0.02730343 0.08637099
v -0.01611969 0.03141030 0.08637099
v -0.01513554 0.03103999 0.08637099
v 0.01140497 0.03412124 0.08637101
v 0.01183905 0.03316350 0.08637101
v -0.00957490 0.03412124 0.08637099
v -0.00868188 0.03356606 0.08637099
v 0.01553990 -0.03223349 0.08637101
v 0.02383994 0.02747459 0.01013567
v 0.01513102 -0.03293952 0.08637101
v 0.00906007 -0.03447613 0.08637101
v 0.00852132 -0.03508883 0.08637101
v -0.03324601 0.01178422 0.00798656
v -0.03189392 0.01166687 0.01013567
v -0.00530976 -0.03536362 0.01013567
v -0.02960817 0.01920387 0.00798656
v -0.02895006 0.01864876 0.01013567
v -0.02440598 0.02563271 0.00798656
v -0.03188925 -0.01583344 0.00798656
v -0.03138212 -0.01690564 0.00798656
v -0.03444476 0.00843396 0.00072606
v -0.00805095 -0.03560144 0.00072606
v -0.03461880 0.00726071 0.00072606
v 0.00021081 0.03498840 0.01013567
v -0.00043715 0.03449263 0.08637099
v 0.00640766 0.03408483 0.08637101
v 0.02413774 0.02565144 0.08637101
v -0.02816753 -0.02073880 0.08637101
v 0.00021079 0.03498843 0.08637101
v 0.02467377 0.02521154 0.08637101
v 0.00255113 0.03587197 0.09220845
v -0.00549504 0.03537105 0.08857818
v -0.00455685 0.03552281 0.09220845
v -0.02464840 0.02410802 0.08637099
v 0.01315056 -0.03498864 0.09438661
v 0.01296711 -0.03447594 0.09511267
v 0.00608229 -0.03605661 0.09511267
v -0.03127197 -0.00055111 0.05653030
v -0.03266101 -0.00055111 0.04672862
v 0.00076984 -0.02405222 0.10375139
v 0.00076984 -0.02114484 0.10406489
v -0.00331746 -0.02095719 0.10363503
v 0.00618883 -0.03688843 0.09366057
v 0.00616219 -0.03665280 0.09438661
v -0.00103341 -0.03613248 0.09438661
v -0.01340923 0.03292674 0.08857818
v -0.01963594 0.02952042 0.08857818
v -0.02507846 0.02496481 0.08857818
v 0.02612147 0.02546147 0.08857821
v 0.02548251 0.02510398 0.08637101
v 0.02059158 0.02991067 0.08857821
v 0.01429997 0.03319555 0.08857821
v 0.01382972 0.03255963 0.08637101
v 0.00748841 0.03518986 0.08857821
v -0.00663763 0.03505283 0.08857818
v -0.00099267 -0.00801534 0.10759621
v -0.00071528 -0.00785292 0.10741235
v -0.00071528 -0.00799910 0.10690064
v -0.00787454 -0.03489715 0.00000002
v -0.00097582 -0.03592049 0.00000002
v 0.00599000 -0.03557827 0.00000002
v 0.01275519 -0.03388368 0.00000002
v 0.03509264 -0.01166329 0.08857821
v 0.03472243 -0.01279014 0.08857821
v 0.03663308 -0.00475058 0.08857821
v 0.03648981 -0.00592798 0.08857821
v -0.02838863 0.02123856 0.00798656
v -0.02932034 0.01963292 0.01013567
v -0.02701901 0.02246543 0.01013567
v -0.03265921 0.01334823 0.01013567
v -0.03244684 0.01401772 0.00798656
v 0.03053809 -0.02099491 0.00798656
v 0.03114786 -0.01997757 0.00798656
v 0.03398655 -0.01479143 0.00798656
v 0.03438614 -0.01367468 0.00798656
v 0.03615849 -0.00803441 0.00798656
v 0.03633253 -0.00686114 0.00798656
v -0.03204727 0.01513450 0.09220845
v -0.03185940 0.01530310 0.08857818
v -0.03244233 0.01427013 0.08857818
v -0.02360944 0.02651157 0.00072606
v -0.02838863 0.02123856 0.00072606
v -0.02360944 0.02651157 0.00798656
v -0.01235067 0.03346175 0.08857818
v -0.01146013 0.03379361 0.09220845
v -0.01120806 0.03377996 0.08857818
v 0.00959064 0.03482774 0.00072606
v 0.00609652 -0.03629646 0.09220847
v 0.00817732 -0.03582649 0.08857821
v 0.01299980 -0.03456726 0.09220847
v 0.03223320 -0.01814267 0.08857821
v 0.03358694 -0.01590817 0.09220847
v 0.03165028 -0.01917562 0.08857821
v -0.00687770 -0.03577548 0.00798656
v 0.00724708 -0.03600827 0.00798656
v 0.00808724 -0.03604657 0.01013567
v 0.01407203 -0.03406016 0.00798656
v 0.01489212 -0.03396356 0.01013567
v 0.02594567 -0.02640643 0.00798656
v 0.02664964 -0.02606442 0.01013567
v -0.03404519 0.00955069 0.00072606
v -0.03204727 0.01513450 0.00072606
v -0.02838863 0.02123856 0.09220845
v -0.02817148 0.02136726 0.08857818
v -0.02894474 0.02046787 0.08857818
v 0.00225497 -0.00785292 0.10741235
v 0.00076984 -0.00779348 0.10734509
v 0.00076984 -0.00729914 0.10778148
v -0.01313744 0.03474515 0.10246253
v -0.01306579 0.03447808 0.10273642
v -0.00628352 0.03526550 0.10184028
v -0.02759210 0.02211739 0.00798656
v 0.03281614 -0.01710971 0.08857821
v -0.00337217 0.03558096 0.00798656
v 0.00255113 0.03587195 0.00072606
v -0.00076410 0.03572780 0.08857818
v 0.00041862 0.03581700 0.08857821
v -0.02498908 0.02556486 0.10127608
v -0.02492747 0.02550323 0.10156649
v -0.01942042 0.03002276 0.10156649
v -0.02952766 0.01943492 0.08857818
v 0.02766825 0.02399245 0.09220845
v 0.02702085 0.02468821 0.08857821
v -0.01446781 0.03239173 0.08857818
v -0.01444106 -0.03254760 0.00000000
v -0.03127646 0.01633606 0.08857818
v -0.02949021 0.01657528 0.04672862
v -0.02895006 0.01864876 0.08637099
v -0.01199963 -0.03347852 0.08637101
v -0.00263521 -0.01803844 0.10302522
v -0.03456339 -0.00801462 0.00798656
v 0.01943309 -0.03152458 0.00798656
v 0.02766825 0.02399245 0.00798656
v 0.02239524 0.02877162 0.00798656
v -0.03519798 -0.00452887 0.00072606
v -0.03519798 -0.00452887 0.00798656
v 0.00609652 -0.03629646 0.00798656
v 0.00076984 0.00748625 0.10669434
v 0.00225497 0.00757225 0.10666851
v 0.00225497 0.00760545 0.10692948
v 0.03115046 -0.02055185 0.01013567
v -0.00099267 -0.00741282 0.10809672
v -0.00071528 -0.00732960 0.10786597
v -0.03011058 0.01840197 0.08857818
v -0.01163345 -0.03433942 0.08857821
v -0.01595305 -0.03243311 0.08857821
v 0.00076984 -0.02636989 0.10353681
v 0.00587648 -0.02586694 0.10353681
v 0.00542433 -0.02359380 0.10375139
v -0.00388466 -0.02359380 0.10375139
v 0.02678942 0.02478898 0.00798656
v 0.02548251 0.02510395 0.01013567
v 0.02652002 0.02527513 0.01013567
v 0.02137790 0.02938139 0.00798656
v 0.01517444 0.03282985 0.00798656
v 0.01472274 0.03311477 0.01013567
v -0.00262698 0.03550325 0.01013567
v -0.00607731 -0.03608235 0.01013567
v -0.03476379 0.00135880 0.00000000
v 0.00161930 -0.03590734 0.08637101
v 0.00100671 -0.03676198 0.08637101
v 0.00100671 -0.03676201 0.01013567
v 0.00931991 -0.03550827 0.08857821
v 0.03354841 0.01485080 0.08857821
v 0.03190758 0.01827640 0.09220847
v 0.03408342 0.01379224 0.08857821
v 0.03589130 0.00816325 0.08857821
v 0.03495029 0.01184312 0.09220847
v 0.03620952 0.00702064 0.08857821
v 0.03688448 0.00114711 0.08857821
v 0.03667946 0.00493986 0.09220847
v 0.03697368 -0.00003564 0.08857821
v -0.03392317 0.00976280 0.08857818
v -0.03355297 0.01088964 0.08857818
v 0.00254253 -0.03607441 0.09220847
v -0.00453120 -0.03572691 0.09220847
v 0.00076984 0.00751822 0.10690823
v 0.00225497 0.00748528 0.10742196
v 0.00485713 -0.02074228 0.10406489
v -0.02481955 0.02514548 0.04672862
v -0.01931639 0.02986708 0.10184028
v -0.03239635 -0.01476123 0.00798656
v 0.00076984 0.00742383 0.10735651
v -0.00071528 0.00760545 0.10692948
v -0.00071528 0.00757225 0.10666851
v -0.03318274 0.01201646 0.08857818
v -0.03281254 0.01314328 0.08857818
v -0.01801896 -0.03126727 0.08857821
v 0.01600748 -0.03316538 0.08857821
v 0.02739141 -0.02483908 0.08857821
v 0.00616219 -0.03673913 0.09293453
v 0.01315056 -0.03498864 0.09293453
v 0.03546286 -0.01053647 0.08857821
v 0.03598445 -0.00920763 0.09220847
v 0.03677633 -0.00357316 0.08857821
v 0.03702866 -0.00216812 0.09220847
v -0.00778024 0.03473462 0.08857818
v -0.03435161 -0.00893690 0.08857821
v -0.03466983 -0.00779431 0.08857821
v -0.03200872 -0.01562447 0.08857821
v -0.03036789 -0.01905006 0.09220845
v -0.03254375 -0.01456591 0.08857821
v -0.02840619 -0.02172646 0.08857821
v -0.02612858 -0.02476612 0.09220845
v -0.02913743 -0.02079260 0.08857821
v -0.02458180 -0.02623514 0.08857821
v -0.02368242 -0.02700840 0.08857821
v 0.03067710 0.02001895 0.08857821
v 0.03140835 0.01908510 0.08857821
v 0.02115989 -0.03059300 0.01013567
v 0.02119442 -0.02954204 0.01013567
v 0.02119442 -0.02954202 0.08637101
v 0.01975647 -0.03206412 0.09366057
v 0.01966314 -0.03190842 0.09438661
v 0.02342332 0.02778123 0.08857821
v 0.02432271 0.02700798 0.08857821
v 0.02522209 0.02623474 0.08857821
v -0.03525561 -0.00310350 0.08857821
v -0.03055017 -0.01467541 0.05653030
v -0.03156503 -0.01467541 0.08637101
v -0.03258905 -0.01443652 0.08637101
v -0.02585171 0.02406541 0.08857818
v 0.01955865 0.03049361 0.08857821
v 0.02239524 0.02877164 0.09220845
v 0.03448932 -0.01426717 0.01013567
v 0.03653793 -0.00745184 0.01013567
v -0.02056980 0.02878917 0.08857818
v -0.01789340 0.03075090 0.09220845
v 0.00631099 0.03533313 0.08857821
v 0.00959064 0.03482776 0.09220845
v 0.01317314 0.03356574 0.08857821
v 0.01629118 0.03243028 0.09220845
v -0.01317080 0.03491369 0.10218174
v -0.01946883 0.03009520 0.10127608
v -0.02965302 0.00407461 0.05723787
v -0.03040570 0.00470004 0.05795682
v -0.02524973 -0.02556266 0.00798656
v -0.03150962 0.00542838 0.05796208
v 0.03679530 0.00232983 0.08857821
v 0.03557308 0.00930586 0.08857821
v 0.03301340 0.01590938 0.08857821
v 0.02921460 0.02188666 0.08857821
v 0.02994585 0.02095280 0.08857821
v -0.03453285 -0.00116370 0.08637101
v -0.03538750 -0.00055111 0.08637101
v 0.01321172 -0.03515955 0.09366057
v 0.00112104 -0.03659065 0.08857821
v -0.00006168 -0.03667985 0.08857821
v 0.01046252 -0.03519007 0.08857821
v 0.01706606 -0.03263037 0.08857821
v 0.02816466 -0.02393970 0.08857821
v -0.02795162 0.01864876 0.04672862
v -0.00594872 -0.03596353 0.08857821
v -0.00530976 -0.03536362 0.08637101
v -0.03284642 0.01290098 0.00798656
v 0.02210949 -0.02956284 0.08857821
v -0.00071528 0.00748528 0.10742196
v 0.01274773 -0.03455364 0.08857821
v 0.01389034 -0.03423542 0.08857821
v 0.01494892 -0.03370041 0.08857821
v 0.01943306 -0.03152455 0.09220847
v -0.03467208 -0.00763162 0.08637101
v -0.03207457 -0.00763164 0.05653030
v -0.03121187 -0.00806572 0.05653030
v -0.03149634 -0.01443652 0.05653030
v -0.03485158 -0.00686407 0.00798656
v -0.03371432 -0.00806574 0.01013567
v -0.03467206 -0.00763164 0.01013567
v -0.03290348 -0.01368902 0.00798656
v -0.03156501 -0.01467544 0.01013567
v -0.03258905 -0.01443654 0.01013567
v 0.03697045 -0.00098348 0.00798656
v 0.03721759 -0.00036780 0.01013567
v 0.03639127 0.00609037 0.00798656
v 0.03650217 0.00671271 0.01013567
v 0.03444317 0.01291533 0.00798656
v 0.03441914 0.01351761 0.01013567
v 0.03120103 0.01922907 0.00798656
v 0.03104858 0.01978535 0.01013567
v -0.00099267 0.00784381 0.10698755
v -0.00099267 0.00780718 0.10659791
v 0.01160514 -0.03487186 0.08857821
v -0.02966134 -0.02000274 0.00798656
v -0.02921849 -0.02070428 0.01013567
v -0.00477132 -0.03610680 0.08857821
v -0.03044775 0.01197114 0.05653030
v -0.03210403 0.01245521 0.08637101
v -0.03265921 0.01334823 0.08637101
v -0.01983821 -0.03015509 0.00798656
v -0.01917734 -0.03069485 0.01013567
v 0.02038578 -0.03081803 0.00798656
v -0.02468990 -0.02619404 0.08637101
v -0.02468990 -0.02619406 0.01013567
v 0.01489212 -0.03396354 0.08637101
v 0.01749272 0.03165946 0.08857821
v 0.01852567 0.03107654 0.08857821
v 0.02664964 -0.02606439 0.08637101
v 0.03104858 0.01978538 0.08637101
v 0.03115044 -0.02055183 0.08637101
v 0.03441914 0.01351761 0.08637101
v 0.03448930 -0.01426714 0.08637101
v 0.03650217 0.00671273 0.08637101
v 0.03653793 -0.00745182 0.08637101
v 0.03721759 -0.00036778 0.08637101
v -0.01611967 -0.03232921 0.01013567
v -0.01475149 -0.03320396 0.00798656
v -0.00101144 -0.03664565 0.00798656
v 0.01299980 -0.03456729 0.00798656
v 0.02383996 -0.02839352 0.01013567
v 0.02514915 -0.02728526 0.00798656
v 0.02992832 -0.02201226 0.00798656
v 0.03358696 -0.01590820 0.00798656
v 0.03598447 -0.00920765 0.00798656
v 0.03702868 -0.00216814 0.00798656
v -0.03513977 -0.00571354 0.00072606
v -0.03513977 -0.00571354 0.00798656
v -0.00785099 -0.03460444 0.09656477
v -0.00786254 -0.03465015 0.09675508
v -0.00097340 -0.03444942 0.09675508
v -0.00097106 -0.03443563 0.09656477
v -0.00788823 -0.03475419 0.09688746
v -0.00097859 -0.03452458 0.09688746
v -0.03341060 -0.01261679 0.00072606
v -0.03036789 -0.01905008 0.00798656
v -0.03341060 -0.01261679 0.00798656
v -0.03307876 -0.01350733 0.08857821
v -0.03036789 -0.01905008 0.00072606
v -0.02612856 -0.02476615 0.00798656
v -0.02986868 -0.01985875 0.08857821
v -0.02548118 -0.02546189 0.08857821
v 0.02514913 -0.02728524 0.09220847
v 0.02117563 -0.03029409 0.08857821
v 0.02992832 -0.02201223 0.09220847
v 0.02661815 -0.02573846 0.08857821
v 0.02584490 -0.02663784 0.08857821
v 0.03106735 -0.02020858 0.08857821
v 0.03048443 -0.02124155 0.08857821
v 0.03461843 0.01273368 0.08857821
v 0.03435223 -0.01391696 0.08857821
v 0.03398199 -0.01504380 0.08857821
v 0.03652771 0.00587802 0.08857821
v 0.03634654 -0.00710538 0.08857821
v 0.03620327 -0.00828280 0.08857821
v 0.03706286 -0.00121836 0.08857821
v 0.00076984 0.00695889 0.10778219
v -0.00071528 0.00698989 0.10786645
v -0.00193552 -0.01399652 0.10450502
v 0.00076984 -0.01787717 0.10401851
v 0.00076984 0.02598175 0.10353679
v 0.01144815 0.02558566 0.10342111
v 0.00621360 0.02717356 0.10342111
v -0.03198925 -0.00806572 0.04672862
v -0.03108265 -0.01467544 0.04672862
v 0.00599823 -0.03543640 0.09688748
v -0.01819318 -0.03032455 0.08637101
v -0.01917734 -0.03069483 0.08637101
v 0.02115987 -0.03059298 0.08637101
v -0.00099267 -0.00823329 0.10697370
v -0.00071528 -0.00798904 0.10663545
v 0.00253236 0.00784381 0.10698755
v 0.00253236 0.00765319 0.10760082
v -0.03470784 0.00653291 0.08664348
v -0.03366563 0.01003048 0.08637101
v -0.00103341 -0.03637830 0.09293451
v -0.00104232 -0.03644659 0.09366057
v -0.00820381 -0.03618136 0.09366057
v -0.01295584 0.03410587 0.10300160
v -0.00622746 0.03498367 0.10209746
v -0.00625713 0.03512766 0.08637099
v 0.03670611 0.00351255 0.08857821
v 0.03525487 0.01044845 0.08857821
v 0.03247839 0.01696796 0.08857821
v 0.02848335 0.02282053 0.08857821
v -0.02847580 0.01963292 0.04672862
v -0.00570739 0.03523459 0.00798656
v -0.02899840 0.02022122 0.00798656
v -0.01494286 -0.03360848 0.09438661
v -0.01471003 -0.03311625 0.09511265
v -0.02079778 -0.02946740 0.09511265
v -0.00815971 -0.03594921 0.09438661
v 0.02093845 0.02907061 0.09873337
v 0.02124099 0.02966340 0.09807733
v 0.01487062 0.03373819 0.09841219
v -0.02993916 0.01245521 0.04672862
v 0.00160137 0.03590617 0.08857821
v -0.00335796 -0.03579001 0.09220847
v -0.00123910 -0.03653660 0.08857821
v 0.00703470 -0.03614470 0.08857821
v 0.00598273 -0.03533032 0.09675510
v -0.02481955 0.02514548 0.05653030
v 0.01277417 -0.03393665 0.09688748
v 0.01188374 0.02663727 0.10340434
v 0.00076984 0.02770970 0.10342111
v 0.00135787 -0.03602169 0.09220847
v 0.00017323 -0.03600770 0.09220847
v -0.01006545 0.03409818 0.08857818
v -0.03504767 0.00308256 0.08637101
v -0.03525618 -0.00334421 0.00072606
v -0.03531438 -0.00215955 0.00072606
v -0.02481955 0.02514548 0.01013567
v -0.00805095 -0.03560144 0.00798656
v -0.03429338 0.00863597 0.08857818
v -0.02430523 0.02586419 0.08857818
v -0.02360946 0.02651159 0.09220845
v -0.02337138 0.02659542 0.08857818
v -0.01870209 0.03025169 0.08857818
v -0.01764353 0.03078670 0.08857818
v 0.00866581 0.03504661 0.08857821
v 0.00979263 0.03467639 0.08857821
v 0.02162456 0.02932774 0.08857821
v 0.02252392 0.02855449 0.08857821
v 0.02775210 0.02375436 0.08857821
v -0.02951945 0.02004458 0.10127608
v -0.02944701 0.01999617 0.10156649
v -0.01658495 0.03132171 0.08857818
v -0.02243750 0.02732667 0.08857818
v -0.02739822 0.02226664 0.08857818
v -0.02701903 0.02246543 0.08637099
v -0.03095470 0.01657528 0.08637099
v 0.01091948 0.03430617 0.08857821
v 0.00395617 0.03561965 0.08857821
v -0.02634102 0.02246543 0.05653030
v -0.02916065 0.01644949 0.05653030
v -0.00802740 -0.03536344 0.09511265
v -0.01884606 0.03004433 0.00798656
v -0.01253234 0.03328649 0.00798656
v -0.00805097 -0.03560144 0.09220845
v 0.00841739 0.03500178 0.00798656
v 0.01542681 0.03282533 0.08857821
v -0.01611967 -0.03232919 0.08637101
v -0.01289265 -0.03403370 0.08637101
v -0.01289263 -0.03403372 0.01013567
v 0.02383994 -0.02839350 0.08637101
v -0.02479507 0.02537085 0.10184028
v 0.01494008 0.03397343 0.09771993
v 0.00799376 0.03612303 0.09774116
v -0.00590940 -0.01654858 0.10401849
v -0.00724769 -0.01955005 0.10406489
v -0.00455683 0.03552278 0.00798656
v 0.00136646 0.03581377 0.00798656
v 0.00076984 -0.00791338 0.10687395
v -0.02683705 0.02246543 0.04672862
v -0.00100670 -0.03543159 0.09511265
v -0.00570445 -0.03569183 0.09220845
v -0.00101144 -0.03604247 0.09220847
v 0.00372719 -0.03615517 0.09220847
v 0.00585196 -0.03623390 0.08857821
v 0.00082338 0.03584310 0.08637101
v -0.01306203 0.03304463 0.08637099
v -0.01932980 0.02967407 0.08637099
v -0.02481955 0.02514551 0.08637099
v -0.02932034 0.01963292 0.08637099
v -0.03366563 -0.01094939 0.08637101
v -0.03339698 -0.01236474 0.08857821
v -0.03371517 -0.01122213 0.08857821
v -0.03095470 -0.01749419 0.08637101
v -0.03040369 -0.01880019 0.08857821
v -0.03093870 -0.01774161 0.08857821
v -0.02621243 -0.02452804 0.08857821
v -0.02694368 -0.02359418 0.08857821
v -0.02098427 -0.02932814 0.08857821
v -0.02188366 -0.02855488 0.08857821
v -0.01492010 -0.03301606 0.08857821
v 0.01918320 -0.03156036 0.08857821
v 0.01812462 -0.03209536 0.08857821
v 0.02491104 -0.02736909 0.08857821
v 0.02397719 -0.02810034 0.08857821
v 0.02971117 -0.02214093 0.08857821
v 0.02893791 -0.02304032 0.08857821
v 0.03339907 -0.01607676 0.08857821
v 0.03583307 -0.00940963 0.08857821
v 0.03691961 -0.00239576 0.08857821
v 0.03661691 0.00469530 0.08857821
v 0.03493665 0.01159107 0.08857821
v 0.03194336 0.01802652 0.08857821
v 0.02652000 0.02527513 0.08637101
v 0.02100743 0.02977595 0.08637101
v 0.01645977 0.03224239 0.08857821
v 0.01472272 0.03311479 0.08637101
v 0.00790742 0.03516342 0.08637101
v -0.02789089 0.01963292 0.05653030
v -0.03095470 -0.01749419 0.04672862
v -0.03095468 -0.01749421 0.01013567
v 0.00082340 0.03584308 0.01013567
v -0.01146011 0.03379359 0.00798656
v -0.01789340 0.03075088 0.00798656
v -0.01363473 -0.03360355 0.00798656
v 0.00017323 -0.03658747 0.00798656
v 0.01629118 0.03243026 0.00798656
v 0.00959064 0.03482774 0.00798656
v -0.00097106 -0.03582357 0.08740201
v 0.00597574 -0.03528372 0.09656477
v 0.00597576 -0.03548231 0.08740201
v 0.01272251 -0.03379232 0.09656477
v 0.01272253 -0.03379232 0.08740201
v 0.01900993 -0.03081861 0.09656477
v -0.00100356 -0.03512756 0.09675508
v -0.00100670 -0.03521473 0.09656477
v 0.00608229 -0.03601851 0.09656477
v -0.00801195 -0.03526050 0.09675508
v -0.00802740 -0.03532534 0.09656477
v 0.03043358 -0.02238696 0.09366057
v 0.03028778 -0.02227884 0.09293451
v 0.03399151 -0.01609952 0.09293451
v 0.03415559 -0.01617712 0.09366057
v 0.03641857 -0.00931637 0.09293451
v 0.03659464 -0.00936049 0.09366057
v 0.03747566 -0.00219007 0.09293451
v 0.03765697 -0.00219898 0.09366057
v 0.03712216 0.00500553 0.09293451
v 0.03730171 0.00503215 0.09366057
v 0.03537165 0.01199388 0.09293451
v 0.03554256 0.01205504 0.09366057
v 0.03229145 0.01850648 0.09293451
v 0.03244712 0.01859979 0.09366057
v 0.02799987 0.02429300 0.09293448
v 0.02813434 0.02441491 0.09366057
v 0.02266184 0.02913109 0.09293448
v 0.02276997 0.02927689 0.09366057
v 0.01648253 0.03283483 0.09293448
v 0.01656013 0.03299893 0.09366057
v 0.00969937 0.03526189 0.09293448
v 0.00974348 0.03543796 0.09366057
v 0.00257308 0.03631898 0.09293448
v 0.00258199 0.03650026 0.09366057
v -0.00462252 0.03596548 0.09293448
v -0.00464914 0.03614503 0.09366055
v -0.01161089 0.03421497 0.09293448
v -0.01167203 0.03438590 0.09366055
v -0.01812348 0.03113477 0.09293448
v -0.01821678 0.03129044 0.09366055
v -0.02390999 0.02684319 0.09293448
v -0.02403190 0.02697768 0.09366055
v -0.02874809 0.02150516 0.09293448
v -0.02889389 0.02161329 0.09366055
v -0.03245185 0.01532587 0.09293448
v -0.03261592 0.01540345 0.09366055
v -0.03487888 0.00854271 0.09293448
v -0.03505495 0.00858682 0.09366055
v -0.03593597 0.00141642 0.09293451
v -0.03611728 0.00142533 0.09366057
v -0.03558247 -0.00577918 0.09293451
v -0.03576202 -0.00580580 0.09366057
v -0.03383198 -0.01276756 0.09293451
v -0.03400289 -0.01282871 0.09366057
v -0.03075176 -0.01928014 0.09293451
v -0.03090743 -0.01937346 0.09366057
v -0.02646018 -0.02506665 0.09293451
v -0.02659467 -0.02518856 0.09366057
v -0.02112215 -0.02990475 0.09293451
v -0.02123028 -0.03005055 0.09366057
v -0.01494286 -0.03360848 0.09293451
v -0.01502046 -0.03377258 0.09366057
v -0.00815971 -0.03603554 0.09293451
v 0.00608229 -0.03620049 0.09220847
v 0.01296711 -0.03447594 0.09220847
v -0.00693437 -0.01172422 0.10490847
v -0.00892692 -0.01470628 0.10447732
v -0.00453691 -0.01304553 0.10482879
v -0.01086979 -0.01761400 0.10406489
v -0.00836028 -0.02223613 0.10375139
v -0.00433681 -0.02586694 0.10353679
v 0.01927894 0.01831503 0.10322773
v 0.02050078 0.01953689 0.10335199
v 0.01627235 0.02280950 0.10332232
v 0.01531235 0.02157031 0.10353679
v 0.02130566 0.02034175 0.10340436
v 0.01690472 0.02357116 0.10321318
v 0.01717513 0.02389896 0.10323276
v 0.01207001 0.02707254 0.10345517
v 0.00653060 0.02876731 0.10346239
v 0.00643565 0.02828991 0.10340434
v 0.00076984 0.03528817 0.10233651
v 0.00076984 0.03567284 0.10209746
v -0.00615241 0.03460639 0.10233651
v -0.01280862 0.03362674 0.10325496
v -0.01915677 0.02962818 0.10209746
v -0.01894304 0.02930832 0.10233651
v -0.02459189 0.02516766 0.10209746
v 0.00076984 0.03596018 0.10184030
v -0.00632004 0.03544913 0.10156649
v 0.02093845 0.02884629 0.10007330
v 0.01466222 0.03316289 0.09910214
v 0.03039018 0.01959759 0.09464662
v 0.03035063 0.01957118 0.09483696
v 0.02592622 0.02496231 0.09483696
v 0.02595986 0.02499594 0.09464662
v 0.02053509 0.02916365 0.09472542
v 0.02056151 0.02923449 0.09455077
v 0.01438438 0.03267433 0.09483696
v -0.01157178 -0.01253569 0.10447732
v -0.01404461 -0.01500850 0.10406489
v -0.02679558 0.02299622 0.00798656
v 0.03190758 0.01827638 0.00798656
v 0.03049446 0.02018174 0.00798656
v 0.03495029 0.01184310 0.00798656
v 0.03393606 0.01398753 0.00798656
v 0.03667946 0.00493984 0.00798656
v 0.02643962 0.02521695 0.10051600
v 0.02643962 0.02529349 0.09910214
v 0.02643962 0.02547570 0.09628905
v 0.02643962 0.02547570 0.09483696
v 0.02093845 0.02977455 0.09472903
v 0.02592622 0.02478704 0.09875712
v 0.02053507 0.02850700 0.09840491
v 0.02060717 -0.01344895 0.10375139
v 0.01528205 -0.00989083 0.10447732
v 0.01818977 -0.01183370 0.10406489
v 0.02012583 -0.00821158 0.10406489
v 0.01358144 -0.00550083 0.10490847
v 0.01689493 -0.00687332 0.10447732
v 0.01788816 -0.00359913 0.10447732
v 0.01125599 -0.00227990 0.10527811
v 0.01437058 -0.00289944 0.10490847
v 0.02416957 -0.00484858 0.10375139
v 0.02131805 -0.00428136 0.10406489
v 0.01463702 -0.00019407 0.10490847
v 0.00869674 -0.00019407 0.10558628
v 0.01146144 -0.00019407 0.10527811
v -0.00700475 0.00135239 0.10558628
v -0.01283089 0.00251127 0.10490844
v -0.00971632 0.00189176 0.10527809
v -0.01283089 -0.00289941 0.10490844
v -0.01977838 -0.00428136 0.10406489
v -0.01634847 -0.00359910 0.10447732
v -0.01204177 -0.00550083 0.10490844
v -0.01858616 -0.00821158 0.10406489
v -0.01535526 -0.00687332 0.10447732
v -0.00218471 -0.03589189 0.09220847
v 0.00491186 -0.03625533 0.09220847
v -0.03507724 -0.00546895 0.08857821
v -0.03504767 -0.00400147 0.08637101
v -0.02921849 -0.02070426 0.08637101
v -0.02008489 -0.03010140 0.08857821
v -0.00825297 -0.03545004 0.08857821
v -0.00607733 -0.03608233 0.08637101
v -0.00712612 -0.03582026 0.08857821
v 0.00808722 -0.03604657 0.08637101
v 0.02024178 -0.03102534 0.08857821
v 0.00277877 0.03576292 0.08857821
v -0.03098439 0.01292649 0.05653030
v -0.03166262 -0.00400149 0.05653030
v -0.03179518 -0.01094939 0.05653030
v -0.03057058 -0.01749419 0.05653030
v -0.02921849 -0.02070428 0.05653030
v -0.03061083 0.01334823 0.04672862
v -0.03270325 -0.00400149 0.04672862
v -0.03287451 -0.00763164 0.04672862
v -0.03244745 -0.01094939 0.04672862
v -0.03203800 -0.01443652 0.04672862
v -0.02921849 -0.02070428 0.04672862
v -0.03504767 -0.00400149 0.01013567
v 0.00255113 0.03587195 0.00798656
v -0.02085555 -0.02954531 0.00798656
v 0.00941423 0.03412347 0.00000000
v -0.00445031 0.03480457 0.00000000
v 0.00251551 0.03514679 0.00000000
v -0.01121550 0.03310999 0.00000000
v 0.01598075 0.03177390 0.00000000
v -0.01752014 0.03012814 0.00000000
v 0.02196274 0.02818844 0.00000000
v -0.02312187 0.02597358 0.00000000
v 0.02713028 0.02350486 0.00000000
v -0.02780546 0.02080603 0.00000000
v 0.03128484 0.01790312 0.00000000
v -0.03139092 0.01482407 0.00000000
v 0.03426669 0.01159851 0.00000000
v -0.03374046 0.00825752 0.00000000
v 0.03596128 0.00483329 0.00000000
v 0.03630350 -0.00213252 0.00000000
v -0.03442159 -0.00560699 0.00000000
v 0.03528018 -0.00903124 0.00000000
v -0.03272700 -0.01237221 0.00000000
v 0.03293061 -0.01559776 0.00000002
v -0.02974513 -0.01867682 0.00000000
v 0.02934517 -0.02157975 0.00000002
v -0.02559059 -0.02427856 0.00000000
v 0.02466156 -0.02674730 0.00000002
v -0.02042305 -0.02896214 0.00000000
v 0.01905983 -0.03090183 0.00000002
v 0.01900993 -0.03081859 0.08740201
v 0.02459641 -0.02667540 0.09656477
v 0.02459641 -0.02667540 0.08740201
v 0.02926723 -0.02152194 0.09656477
v 0.02926723 -0.02152194 0.08740201
v 0.03284290 -0.01555628 0.09656477
v 0.03284290 -0.01555628 0.08740201
v 0.03518606 -0.00900765 0.09656477
v 0.03518606 -0.00900765 0.08740201
v 0.03620658 -0.00212774 0.09656477
v 0.03620658 -0.00212774 0.08740201
v 0.03586531 0.00481908 0.09656477
v 0.03586531 0.00481908 0.08740201
v 0.03417535 0.01156585 0.09656477
v 0.03417533 0.01156585 0.08740201
v 0.03120162 0.01785327 0.09656475
v 0.03120160 0.01785327 0.08740201
v 0.02705841 0.02343973 0.09656475
v 0.02705841 0.02343973 0.08740201
v 0.02190494 0.02811055 0.09656475
v 0.02190494 0.02811055 0.08740201
v 0.01593928 0.03168624 0.09656475
v 0.01593928 0.03168624 0.08740201
v 0.00939065 0.03402938 0.09656475
v 0.00939065 0.03402938 0.08740201
v 0.00251075 0.03504992 0.09656475
v 0.00251075 0.03504990 0.08740201
v -0.00443607 0.03470865 0.09656475
v -0.00443607 0.03470863 0.08740198
v -0.01118284 0.03301867 0.09656475
v -0.01118284 0.03301867 0.08740198
v -0.01747026 0.03004494 0.09656475
v -0.01747026 0.03004494 0.08740198
v -0.02305672 0.02590173 0.09656475
v -0.02305672 0.02590173 0.08740198
v -0.02772754 0.02074828 0.09656475
v -0.02772754 0.02074826 0.08740198
v -0.03130323 0.01478260 0.09656475
v -0.03130323 0.01478260 0.08740198
v -0.03364637 0.00823399 0.09656475
v -0.03364637 0.00823397 0.08740198
v -0.03466691 0.00135406 0.09656475
v -0.03466691 0.00135406 0.08740198
v -0.03432564 -0.00559276 0.09656477
v -0.03432564 -0.00559276 0.08740198
v -0.03263566 -0.01233950 0.09656477
v -0.03263566 -0.01233950 0.08740201
v -0.02966193 -0.01862692 0.09656477
v -0.02966193 -0.01862692 0.08740201
v -0.02551872 -0.02421338 0.09656477
v -0.02551872 -0.02421338 0.08740201
v -0.02036528 -0.02888422 0.09656477
v -0.02036528 -0.02888422 0.08740201
v -0.01439962 -0.03245989 0.09656477
v -0.01439959 -0.03245989 0.08740201
v -0.00785099 -0.03480303 0.08740201
v 0.02462836 -0.02671064 0.09675510
v 0.02930542 -0.02155027 0.09675508
v 0.03288592 -0.01557660 0.09675508
v 0.03523219 -0.00901922 0.09675508
v 0.03625411 -0.00213006 0.09675508
v 0.03591237 0.00482605 0.09675508
v 0.03422013 0.01158186 0.09675508
v 0.03124241 0.01787772 0.09675508
v 0.02709365 0.02347167 0.09675508
v 0.02193330 0.02814876 0.09675508
v 0.01595963 0.03172924 0.09675508
v 0.00940220 0.03407551 0.09675508
v 0.00251307 0.03509743 0.09675508
v -0.00444304 0.03475568 0.09675508
v -0.01119885 0.03306347 0.09675508
v -0.01749471 0.03008575 0.09675508
v -0.02308867 0.02593699 0.09675508
v -0.02776576 0.02077662 0.09675508
v -0.03134623 0.01480295 0.09675508
v -0.03369250 0.00824554 0.09675508
v -0.03471442 0.00135641 0.09675508
v -0.03437270 -0.00559973 0.09675508
v -0.03268046 -0.01235552 0.09675508
v -0.02970274 -0.01865137 0.09675508
v -0.02555398 -0.02424533 0.09675508
v -0.02039361 -0.02892242 0.09675508
v -0.01441994 -0.03250289 0.09675508
v 0.02469933 -0.02678897 0.09688748
v 0.02939034 -0.02161326 0.09688748
v 0.03298148 -0.01562181 0.09688746
v 0.03533472 -0.00904489 0.09688746
v 0.03635969 -0.00213525 0.09688746
v 0.03601693 0.00484157 0.09688746
v 0.03431966 0.01161748 0.09688746
v 0.03133309 0.01793206 0.09688746
v 0.02717200 0.02354267 0.09688746
v 0.02199626 0.02823365 0.09688746
v 0.01600482 0.03182480 0.09688746
v 0.00942790 0.03417806 0.09688746
v 0.00251826 0.03520301 0.09688746
v -0.00445856 0.03486027 0.09688746
v -0.01123448 0.03316300 0.09688746
v -0.01754906 0.03017641 0.09688746
v -0.02315966 0.02601531 0.09688746
v -0.02785067 0.02083958 0.09688746
v -0.03144179 0.01484816 0.09688746
v -0.03379506 0.00827124 0.09688746
v -0.03482000 0.00136160 0.09688746
v -0.03447726 -0.00561522 0.09688746
v -0.03277999 -0.01239114 0.09688746
v -0.02979340 -0.01870572 0.09688746
v -0.02563231 -0.02431632 0.09688746
v -0.02045660 -0.02900733 0.09688746
v -0.01446515 -0.03259845 0.09688746
v -0.00098809 -0.03475518 0.09696001
v 0.00602666 -0.03563194 0.09696003
v 0.01283941 -0.03411902 0.09696003
v 0.01918832 -0.03111621 0.09696003
v 0.01908872 -0.03095006 0.09688748
v 0.02482943 -0.02693249 0.09696003
v 0.02954590 -0.02172862 0.09696003
v 0.03315656 -0.01570462 0.09696003
v 0.03552262 -0.00909195 0.09696003
v 0.03655313 -0.00214477 0.09696003
v 0.03620855 0.00487000 0.09696003
v 0.03450203 0.01168272 0.09696003
v 0.03149922 0.01803164 0.09696001
v 0.02731549 0.02367274 0.09696001
v 0.02211163 0.02838924 0.09696001
v 0.01608763 0.03199990 0.09696001
v 0.00947498 0.03436593 0.09696001
v 0.00252775 0.03539647 0.09696001
v -0.00448699 0.03505184 0.09695999
v -0.01129972 0.03334536 0.09695999
v -0.01764863 0.03034256 0.09695999
v -0.02328974 0.02615881 0.09695999
v -0.02800623 0.02095497 0.09695999
v -0.03161690 0.01493095 0.09695999
v -0.03398295 0.00831830 0.09695999
v -0.03501347 0.00137109 0.09696001
v -0.03466886 -0.00564365 0.09696001
v -0.03296236 -0.01245640 0.09696001
v -0.02995955 -0.01880529 0.09696001
v -0.02577583 -0.02444640 0.09696001
v -0.02057196 -0.02916290 0.09696001
v -0.01454796 -0.03277356 0.09696001
v -0.00793529 -0.03494603 0.09696001
v -0.00099758 -0.03498089 0.09688746
v 0.00607295 -0.03595246 0.09675510
v 0.00605506 -0.03582813 0.09688748
v 0.01294566 -0.03441601 0.09675510
v 0.01290460 -0.03430125 0.09688748
v 0.01935048 -0.03138678 0.09675510
v 0.01928781 -0.03128222 0.09688748
v 0.02504125 -0.02716622 0.09675510
v 0.02495939 -0.02707589 0.09688748
v 0.02979928 -0.02191654 0.09675508
v 0.02970136 -0.02184392 0.09688748
v 0.03344173 -0.01583948 0.09675508
v 0.03333153 -0.01578737 0.09688746
v 0.03582861 -0.00916861 0.09675508
v 0.03571035 -0.00913898 0.09688746
v 0.03686821 -0.00216025 0.09675508
v 0.03674644 -0.00215427 0.09688746
v 0.03652056 0.00491629 0.09675508
v 0.03639998 0.00489840 0.09688746
v 0.03479904 0.01178900 0.09675508
v 0.03468426 0.01174792 0.09688746
v 0.03176979 0.01819379 0.09675508
v 0.03166523 0.01813115 0.09688746
v 0.02754923 0.02388457 0.09675508
v 0.02745890 0.02380270 0.09688746
v 0.02229955 0.02864260 0.09675508
v 0.02222693 0.02854470 0.09688746
v 0.01622249 0.03228505 0.09675508
v 0.01617038 0.03217487 0.09688746
v 0.00955161 0.03467193 0.09675508
v 0.00952199 0.03455367 0.09688746
v 0.00254325 0.03571153 0.09675508
v 0.00253728 0.03558976 0.09688746
v -0.00453328 0.03536388 0.09675508
v -0.00451539 0.03524330 0.09688746
v -0.01140599 0.03364235 0.09675508
v -0.01136493 0.03352757 0.09688746
v -0.01781081 0.03061311 0.09675508
v -0.01774814 0.03050855 0.09688746
v -0.02350156 0.02639255 0.09675508
v -0.02341970 0.02630224 0.09688746
v -0.02825960 0.02114286 0.09675508
v -0.02816169 0.02107027 0.09688746
v -0.03190204 0.01506583 0.09675508
v -0.03179186 0.01501372 0.09688746
v -0.03428892 0.00839493 0.09675508
v -0.03417069 0.00836531 0.09688746
v -0.03532852 0.00138657 0.09675508
v -0.03520678 0.00138059 0.09688746
v -0.03498087 -0.00568994 0.09675508
v -0.03486029 -0.00567205 0.09688746
v -0.03325935 -0.01256265 0.09675508
v -0.03314459 -0.01252159 0.09688746
v -0.03023010 -0.01896747 0.09675508
v -0.03012556 -0.01890480 0.09688746
v -0.02600956 -0.02465822 0.09675508
v -0.02591923 -0.02457638 0.09688746
v -0.02075988 -0.02941626 0.09675508
v -0.02068726 -0.02931835 0.09688746
v -0.01468282 -0.03305870 0.09675508
v -0.01463071 -0.03294850 0.09688746
v -0.00798232 -0.03513853 0.09688746
v 0.01296711 -0.03447594 0.09656477
v 0.01938319 -0.03144135 0.09656477
v 0.02508398 -0.02721337 0.09656477
v 0.02985041 -0.02195446 0.09656477
v 0.03349926 -0.01586669 0.09656477
v 0.03589035 -0.00918408 0.09656477
v 0.03693179 -0.00216336 0.09656477
v 0.03658352 0.00492563 0.09656477
v 0.03485895 0.01181043 0.09656477
v 0.03182438 0.01822653 0.09656475
v 0.02759638 0.02392732 0.09656475
v 0.02233747 0.02869372 0.09656475
v 0.01624972 0.03234259 0.09656475
v 0.00956707 0.03473367 0.09656475
v 0.00254637 0.03577511 0.09656475
v -0.00454262 0.03542682 0.09656475
v -0.01142745 0.03370229 0.09656475
v -0.01784352 0.03066770 0.09656475
v -0.02354431 0.02643972 0.09656475
v -0.02831072 0.02118078 0.09656475
v -0.03195959 0.01509304 0.09656475
v -0.03435066 0.00841041 0.09656475
v -0.03539210 0.00138971 0.09656475
v -0.03504383 -0.00569928 0.09656477
v -0.03331928 -0.01258411 0.09656477
v -0.03028469 -0.01900018 0.09656477
v -0.02605671 -0.02470097 0.09656477
v -0.02079780 -0.02946740 0.09656477
v -0.01471003 -0.03311625 0.09656477
v 0.01938321 -0.03144135 0.09511267
v 0.02508400 -0.02721337 0.09511267
v 0.02985041 -0.02195446 0.09511267
v 0.03349926 -0.01586669 0.09511267
v 0.03589035 -0.00918408 0.09511267
v 0.03693179 -0.00216336 0.09511267
v 0.03658352 0.00492563 0.09511267
v 0.03485895 0.01181043 0.09511267
v 0.03182438 0.01822653 0.09511265
v 0.02759638 0.02392732 0.09511265
v 0.02233747 0.02869372 0.09511265
v 0.01624972 0.03234259 0.09511265
v 0.00956707 0.03473367 0.09511265
v 0.00254637 0.03577511 0.09511265
v -0.00454262 0.03542682 0.09511265
v -0.01142745 0.03370229 0.09511265
v -0.01784352 0.03066770 0.09511265
v -0.02354431 0.02643969 0.09511265
v -0.02831072 0.02118078 0.09511265
v -0.03195959 0.01509304 0.09511265
v -0.03435066 0.00841041 0.09511265
v -0.03539210 0.00138971 0.09511265
v -0.03504383 -0.00569928 0.09511265
v -0.03331926 -0.01258411 0.09511265
v -0.03028469 -0.01900018 0.09511265
v -0.02605671 -0.02470100 0.09511265
v -0.00100668 -0.03594327 0.09220847
v 0.01938321 -0.03144135 0.09220847
v 0.01966314 -0.03190842 0.09293451
v 0.02508398 -0.02721337 0.09220847
v 0.02544968 -0.02761684 0.09293451
v 0.02985041 -0.02195444 0.09220847
v 0.03349926 -0.01586669 0.09220847
v 0.03589033 -0.00918406 0.09220847
v 0.03693179 -0.00216336 0.09220847
v 0.03658352 0.00492563 0.09220847
v 0.03485895 0.01181043 0.09220847
v 0.03182436 0.01822653 0.09220847
v 0.02759638 0.02392730 0.09220847
v 0.02233747 0.02869372 0.09220845
v 0.01624970 0.03234257 0.09220845
v 0.00956707 0.03473367 0.09220845
v 0.00254637 0.03577508 0.09220845
v -0.00454262 0.03542682 0.09220845
v -0.01142745 0.03370227 0.09220845
v -0.01784352 0.03066770 0.09220845
v -0.02354431 0.02643969 0.09220845
v -0.02831072 0.02118078 0.09220845
v -0.03195957 0.01509304 0.09220845
v -0.03435066 0.00841041 0.09220845
v -0.03539208 0.00138968 0.09220845
v -0.03504383 -0.00569928 0.09220845
v -0.03331926 -0.01258411 0.09220845
v -0.03028469 -0.01900018 0.09220845
v -0.02605669 -0.02470097 0.09220845
v -0.02079778 -0.02946740 0.09220845
v -0.01471003 -0.03311625 0.09220845
v -0.00802740 -0.03550732 0.09220845
v -0.02612858 -0.02476615 0.00072606
v 0.02992832 -0.02201226 0.00072606
v 0.03190758 0.01827638 0.00072606
v 0.03358696 -0.01590820 0.00072606
v 0.03495029 0.01184310 0.00072606
v 0.03598447 -0.00920765 0.00072606
v 0.03667946 0.00493984 0.00072606
v 0.03702868 -0.00216814 0.00072606
v 0.00076984 -0.00867319 0.10547267
v 0.00201260 -0.00852619 0.10554170
v 0.00201260 -0.00883859 0.10644593
v 0.00076984 -0.00899709 0.10641055
v 0.00228996 -0.00856702 0.10552252
v 0.00228996 -0.00888260 0.10643611
v 0.00260175 -0.00826367 0.10566496
v 0.00253236 -0.00796034 0.10580740
v 0.00253236 -0.00822846 0.10658205
v 0.00260175 -0.00855554 0.10650907
v 0.00225497 -0.00773830 0.10591166
v 0.00076984 -0.00765702 0.10594983
v 0.00076984 -0.00790140 0.10665501
v 0.00225497 -0.00798904 0.10663545
v -0.00071528 -0.00773830 0.10591166
v -0.00099267 -0.00796034 0.10580740
v -0.00106206 -0.00826367 0.10566496
v -0.00106206 -0.00855554 0.10650907
v -0.00099267 -0.00822846 0.10658202
v -0.00075027 -0.00856702 0.10552252
v -0.00047291 -0.00852619 0.10554170
v -0.00047291 -0.00883859 0.10644590
v -0.00075027 -0.00888260 0.10643609
v 0.00201260 -0.00883008 0.10715976
v 0.00076984 -0.00898511 0.10720810
v 0.00228996 -0.00887313 0.10717319
v 0.00253236 -0.00823329 0.10697370
v 0.00260175 -0.00855322 0.10707343
v -0.00106206 -0.00855322 0.10707343
v -0.00047291 -0.00883008 0.10715976
v -0.00075027 -0.00887313 0.10717319
v 0.00201260 -0.00842921 0.10806472
v 0.00076984 -0.00853673 0.10818643
v 0.00228996 -0.00845908 0.10809849
v 0.00253236 -0.00801534 0.10759621
v 0.00260175 -0.00823721 0.10784737
v -0.00106206 -0.00823721 0.10784734
v -0.00047291 -0.00842921 0.10806470
v -0.00075027 -0.00845908 0.10809849
v 0.00201260 -0.00762487 0.10868479
v 0.00076984 -0.00767996 0.10883757
v 0.00228996 -0.00764019 0.10872720
v 0.00253236 -0.00741282 0.10809672
v 0.00260175 -0.00752649 0.10841196
v 0.00225497 -0.00732960 0.10786597
v -0.00106206 -0.00752649 0.10841196
v -0.00047291 -0.00762487 0.10868479
v -0.00075027 -0.00764019 0.10872720
v 0.00201260 -0.00649602 0.10892963
v 0.00076984 -0.00651867 0.10909043
v 0.00228996 -0.00650231 0.10897430
v 0.00253236 -0.00640883 0.10831064
v 0.00260175 -0.00645557 0.10864245
v 0.00076984 -0.00636209 0.10797876
v 0.00225497 -0.00637461 0.10806770
v -0.00106206 -0.00645557 0.10864243
v -0.00099267 -0.00640883 0.10831064
v -0.00047291 -0.00649602 0.10892963
v -0.00075027 -0.00650231 0.10897427
v 0.00201260 -0.00503474 0.10903085
v 0.00076984 -0.00504173 0.10919310
v 0.00228996 -0.00503668 0.10907590
v 0.00253236 -0.00500782 0.10840630
v 0.00260175 -0.00502226 0.10874111
v 0.00076984 -0.00499341 0.10807151
v 0.00225497 -0.00499727 0.10816123
v -0.00071528 -0.00499727 0.10816120
v -0.00106206 -0.00502226 0.10874111
v -0.00099267 -0.00500782 0.10840629
v -0.00047291 -0.00503474 0.10903083
v -0.00075027 -0.00503668 0.10907590
v 0.00201260 -0.00341241 0.10905947
v 0.00076984 -0.00341468 0.10922186
v 0.00228996 -0.00341304 0.10910458
v 0.00253236 -0.00340363 0.10843442
v 0.00260175 -0.00340834 0.10876950
v 0.00076984 -0.00339894 0.10809935
v 0.00225497 -0.00340020 0.10818913
v -0.00071528 -0.00340020 0.10818913
v -0.00106206 -0.00340834 0.10876950
v -0.00099267 -0.00340363 0.10843442
v -0.00047291 -0.00341241 0.10905947
v -0.00075027 -0.00341304 0.10910458
v 0.00201260 -0.00179659 0.10907645
v 0.00076984 -0.00179772 0.10923884
v 0.00228996 -0.00179691 0.10912156
v 0.00253236 -0.00179224 0.10845133
v 0.00260175 -0.00179456 0.10878645
v 0.00076984 -0.00178989 0.10811626
v 0.00225497 -0.00179053 0.10820603
v -0.00071528 -0.00179053 0.10820603
v -0.00106206 -0.00179456 0.10878645
v -0.00099267 -0.00179224 0.10845133
v -0.00047291 -0.00179659 0.10907645
v -0.00075027 -0.00179691 0.10912156
v 0.00201260 -0.00017853 0.10908204
v 0.00076984 -0.00017850 0.10924445
v 0.00228996 -0.00017850 0.10912711
v 0.00253236 -0.00017857 0.10845690
v 0.00260175 -0.00017855 0.10879203
v 0.00076984 -0.00017859 0.10812180
v 0.00225497 -0.00017859 0.10821160
v -0.00071528 -0.00017859 0.10821158
v -0.00106206 -0.00017855 0.10879203
v -0.00099267 -0.00017857 0.10845690
v -0.00047291 -0.00017850 0.10908201
v -0.00075027 -0.00017850 0.10912711
v 0.00201260 0.00144180 0.10907620
v 0.00076984 0.00144295 0.10923859
v 0.00228996 0.00144211 0.10912131
v 0.00253236 0.00143735 0.10845111
v 0.00260175 0.00143974 0.10878620
v 0.00076984 0.00143498 0.10811601
v 0.00225497 0.00143561 0.10820580
v -0.00071528 0.00143561 0.10820577
v -0.00106206 0.00143974 0.10878620
v -0.00099267 0.00143735 0.10845111
v -0.00047291 0.00144180 0.10907620
v -0.00075027 0.00144211 0.10912131
v 0.00201260 0.00306435 0.10905901
v 0.00076984 0.00306665 0.10922138
v 0.00228996 0.00306498 0.10910410
v 0.00253236 0.00305553 0.10843394
v 0.00260175 0.00306027 0.10876903
v 0.00076984 0.00305082 0.10809887
v 0.00225497 0.00305208 0.10818866
v -0.00071528 0.00305208 0.10818863
v -0.00106206 0.00306027 0.10876900
v -0.00099267 0.00305555 0.10843394
v -0.00047291 0.00306437 0.10905901
v -0.00075027 0.00306501 0.10910408
v 0.00201260 0.00469789 0.10903010
v 0.00076984 0.00470486 0.10919237
v 0.00228996 0.00469981 0.10907520
v 0.00253236 0.00467105 0.10840559
v 0.00260175 0.00468542 0.10874038
v 0.00076984 0.00465666 0.10807078
v 0.00225497 0.00466051 0.10816049
v -0.00071528 0.00466051 0.10816049
v -0.00106206 0.00468544 0.10874038
v -0.00099267 0.00467105 0.10840559
v -0.00047291 0.00469789 0.10903010
v -0.00075027 0.00469981 0.10907518
v 0.00201260 0.00616615 0.10892879
v 0.00076984 0.00618886 0.10908960
v 0.00228996 0.00617244 0.10897346
v 0.00253236 0.00607868 0.10830984
v 0.00260175 0.00612556 0.10864164
v 0.00076984 0.00603181 0.10797801
v 0.00225497 0.00604435 0.10806693
v -0.00071528 0.00604435 0.10806690
v -0.00106206 0.00612556 0.10864161
v -0.00099267 0.00607868 0.10830982
v -0.00047291 0.00616615 0.10892879
v -0.00075027 0.00617244 0.10897346
v 0.00201260 0.00729053 0.10868333
v 0.00076984 0.00734661 0.10883574
v 0.00228996 0.00730610 0.10872567
v 0.00253236 0.00707462 0.10809671
v 0.00260175 0.00719035 0.10841118
v 0.00225497 0.00698989 0.10786647
v -0.00106206 0.00719035 0.10841118
v -0.00099267 0.00707462 0.10809668
v -0.00047291 0.00729053 0.10868333
v -0.00075027 0.00730610 0.10872567
v 0.00201260 0.00808104 0.10805657
v 0.00076984 0.00819219 0.10817496
v 0.00228996 0.00811193 0.10808944
v 0.00260175 0.00788255 0.10784515
v -0.00106206 0.00788255 0.10784512
v -0.00099267 0.00765319 0.10760082
v -0.00047291 0.00808104 0.10805657
v -0.00075027 0.00811193 0.10808944
v 0.00201260 0.00845117 0.10713549
v 0.00076984 0.00860895 0.10717390
v 0.00228996 0.00849500 0.10714616
v 0.00260175 0.00816941 0.10706685
v -0.00106206 0.00816941 0.10706685
v -0.00047291 0.00845117 0.10713547
v -0.00075027 0.00849500 0.10714616
v 0.00201260 0.00840587 0.10641802
v 0.00076984 0.00856139 0.10637130
v 0.00228996 0.00844905 0.10640505
v 0.00253236 0.00780718 0.10659793
v 0.00260175 0.00812812 0.10650149
v -0.00106206 0.00812812 0.10650149
v -0.00047291 0.00840587 0.10641802
v -0.00075027 0.00844905 0.10640505
v 0.00201260 0.00803771 0.10551799
v 0.00076984 0.00817978 0.10543932
v 0.00228996 0.00807716 0.10549615
v 0.00253236 0.00749083 0.10582082
v 0.00260175 0.00778401 0.10565849
v 0.00076984 0.00719768 0.10598315
v 0.00225497 0.00727623 0.10593966
v -0.00106206 0.00778401 0.10565849
v -0.00099267 0.00749083 0.10582082
v -0.00047291 0.00803771 0.10551799
v -0.00075027 0.00807716 0.10549615
v 0.00076984 -0.00663845 0.10532470
v 0.00076984 -0.00812099 0.10558628
v 0.00231629 -0.00796867 0.10558628
v 0.00202708 -0.00651463 0.10532470
v 0.00380333 -0.00751758 0.10558628
v 0.00323600 -0.00614791 0.10532470
v 0.00517379 -0.00678507 0.10558628
v 0.00435016 -0.00555240 0.10532470
v 0.00637501 -0.00579924 0.10558628
v 0.00532672 -0.00475094 0.10532470
v 0.00736082 -0.00459804 0.10558628
v 0.00612815 -0.00377439 0.10532470
v 0.00809335 -0.00322758 0.10558628
v 0.00672368 -0.00266024 0.10532470
v 0.00854444 -0.00174054 0.10558628
v 0.00709040 -0.00145131 0.10532470
v 0.00721423 -0.00019407 0.10532470
v 0.00854444 0.00135239 0.10558628
v 0.00709040 0.00106316 0.10532470
v 0.00809335 0.00283942 0.10558628
v 0.00672368 0.00227210 0.10532470
v 0.00736084 0.00420990 0.10558628
v 0.00612817 0.00338625 0.10532470
v 0.00637501 0.00541110 0.10558628
v 0.00532672 0.00436280 0.10532470
v 0.00517379 0.00639690 0.10558628
v 0.00435014 0.00516423 0.10532470
v 0.00380333 0.00712944 0.10558628
v 0.00323600 0.00575977 0.10532470
v 0.00231631 0.00758053 0.10558628
v 0.00202708 0.00612649 0.10532470
v 0.00076984 0.00773285 0.10558628
v 0.00076984 0.00625031 0.10532470
v -0.00077664 0.00758053 0.10558628
v -0.00048741 0.00612649 0.10532470
v -0.00226366 0.00712944 0.10558628
v -0.00169633 0.00575977 0.10532470
v -0.00363412 0.00639692 0.10558628
v -0.00281047 0.00516423 0.10532470
v -0.00483532 0.00541112 0.10558628
v -0.00378703 0.00436280 0.10532470
v -0.00582115 0.00420987 0.10558628
v -0.00458848 0.00338625 0.10532470
v -0.00655366 0.00283942 0.10558628
v -0.00518399 0.00227208 0.10532470
v -0.00555074 0.00106316 0.10532470
v -0.00715707 -0.00019407 0.10558628
v -0.00567456 -0.00019407 0.10532470
v -0.00700475 -0.00174054 0.10558628
v -0.00555074 -0.00145131 0.10532470
v -0.00655366 -0.00322758 0.10558628
v -0.00518399 -0.00266024 0.10532470
v -0.00582115 -0.00459804 0.10558628
v -0.00458848 -0.00377439 0.10532470
v -0.00483534 -0.00579924 0.10558628
v -0.00378703 -0.00475094 0.10532470
v -0.00363412 -0.00678507 0.10558628
v -0.00281047 -0.00555240 0.10532470
v -0.00226366 -0.00751758 0.10558628
v -0.00169633 -0.00614791 0.10532470
v -0.00077664 -0.00796867 0.10558628
v -0.00048741 -0.00651463 0.10532470
v 0.00076984 -0.01088566 0.10527811
v 0.00285567 -0.01068024 0.10527811
v 0.01125599 0.00189176 0.10527809
v 0.01064760 0.00389743 0.10527809
v 0.00965958 0.00574585 0.10527809
v 0.00832993 0.00736604 0.10527809
v 0.00670977 0.00869566 0.10527809
v -0.00517010 -0.00908381 0.10527811
v -0.00332166 -0.01007182 0.10527811
v -0.00131600 -0.01068024 0.10527811
v 0.00076984 -0.01410109 0.10482879
v 0.00347519 -0.01379480 0.10490847
v 0.01437058 0.00251127 0.10490847
v 0.01358146 0.00511266 0.10474721
v 0.01230000 0.00751012 0.10462533
v 0.01057543 0.00961151 0.10474721
v 0.00847404 0.01133608 0.10490847
v 0.00417488 -0.01731238 0.10447732
v 0.01822352 -0.00019407 0.10447732
v 0.01788816 0.00321096 0.10437720
v 0.01689493 0.00648515 0.10386802
v 0.01528205 0.00950267 0.10360225
v 0.01311145 0.01214753 0.10386802
v 0.01046658 0.01431813 0.10437720
v 0.00744907 0.01593101 0.10447732
v 0.00607658 0.01261755 0.10490844
v 0.02172061 -0.00019407 0.10406489
v 0.02131805 0.00389321 0.10395235
v 0.02012583 0.00782344 0.10328580
v 0.01818977 0.01144554 0.10261277
v 0.01558427 0.01462036 0.10328580
v 0.01240945 0.01722585 0.10395235
v 0.00878736 0.01916191 0.10406489
v -0.01157178 0.01214755 0.10447729
v -0.01404461 0.01462036 0.10406487
v -0.01665010 0.01144554 0.10432128
v -0.01374236 0.00950267 0.10447729
v -0.01858616 0.00782344 0.10461673
v -0.01535526 0.00648515 0.10447729
v -0.01977838 0.00389321 0.10432128
v -0.01634849 0.00321096 0.10447732
v -0.02018092 -0.00019407 0.10406487
v -0.01668385 -0.00019407 0.10447732
v 0.02462800 -0.00019407 0.10375139
v 0.02416957 0.00446042 0.10375137
v 0.02281191 0.00893605 0.10316267
v 0.02060717 0.01306081 0.10277847
v 0.01764010 0.01667620 0.10316267
v 0.01402472 0.01964325 0.10375137
v 0.00989995 0.02184799 0.10375137
v -0.01610043 0.01667618 0.10375137
v -0.01906748 0.01306081 0.10427372
v -0.02127222 0.00893605 0.10480447
v -0.02262988 0.00446042 0.10427372
v -0.02308831 -0.00019407 0.10375137
v -0.01248503 -0.02003140 0.10375139
v 0.01078690 -0.02437739 0.10353681
v 0.00989995 -0.02223613 0.10375139
v 0.01531235 -0.02195848 0.10353681
v 0.01402472 -0.02003140 0.10375139
v 0.01927894 -0.01870317 0.10353681
v 0.01764010 -0.01706435 0.10375139
v 0.02253423 -0.01473660 0.10353681
v 0.02495316 -0.01021112 0.10353681
v 0.02281191 -0.00932419 0.10375139
v 0.02644271 -0.00530073 0.10353681
v 0.02694566 -0.00019407 0.10353681
v 0.02644271 0.00491256 0.10353681
v 0.02495316 0.00982298 0.10322773
v 0.02253425 0.01434843 0.10294527
v 0.01078690 0.02398922 0.10353679
v 0.00587648 0.02547879 0.10353679
v 0.00542433 0.02320566 0.10375137
v 0.00076984 0.02366408 0.10375137
v -0.00433681 0.02547879 0.10353679
v -0.00388466 0.02320566 0.10375137
v -0.00924721 0.02398922 0.10353679
v -0.00836028 0.02184799 0.10375137
v -0.01377268 0.02157033 0.10353679
v -0.01248503 0.01964325 0.10375137
v -0.01773925 0.01831503 0.10353679
v -0.02099456 0.01434843 0.10410927
v -0.02341347 0.00982298 0.10498889
v -0.02490302 0.00491256 0.10410927
v -0.02540599 -0.00019407 0.10353679
v -0.02490302 -0.00530073 0.10353679
v -0.02262988 -0.00484856 0.10375137
v -0.02341347 -0.01021112 0.10353679
v -0.02127222 -0.00932419 0.10375139
v -0.02099456 -0.01473657 0.10353679
v -0.01906750 -0.01344895 0.10375139
v -0.01773927 -0.01870317 0.10353679
v -0.01610043 -0.01706432 0.10375139
v -0.01377268 -0.02195848 0.10353679
v -0.00924721 -0.02437739 0.10353679
v 0.02813745 0.00524969 0.10342111
v 0.02654957 0.01048423 0.10335199
v 0.02397099 0.01530843 0.10311327
v -0.01896111 0.01953687 0.10342111
v -0.02243132 0.01530843 0.10391772
v -0.02500988 0.01048423 0.10457633
v -0.02659779 0.00524969 0.10391774
v -0.02713395 -0.00019407 0.10342111
v 0.02925383 0.00547173 0.10340436
v 0.02760118 0.01091982 0.10340436
v 0.02491741 0.01594080 0.10328257
v -0.01976597 0.02034175 0.10340434
v -0.02337774 0.01594080 0.10380745
v -0.02606149 0.01091982 0.10436459
v -0.02771416 0.00547176 0.10380748
v -0.02827218 -0.00019407 0.10340436
v 0.00076984 -0.02923610 0.10340436
v 0.00076984 -0.02972283 0.10346239
v 0.00653060 -0.02915545 0.10346239
v 0.00643565 -0.02867808 0.10340436
v 0.01207001 -0.02747508 0.10346239
v 0.01188374 -0.02702541 0.10340436
v 0.01717513 -0.02474634 0.10346239
v 0.01690472 -0.02434163 0.10340436
v 0.02164982 -0.02107405 0.10346239
v 0.02130566 -0.02072989 0.10340436
v 0.02532211 -0.01659938 0.10346239
v 0.02491741 -0.01632897 0.10340436
v 0.02805085 -0.01149423 0.10346239
v 0.02760118 -0.01130799 0.10340436
v 0.02973122 -0.00595485 0.10346239
v 0.02925383 -0.00585990 0.10340436
v 0.03029861 -0.00019407 0.10346239
v 0.02981187 -0.00019407 0.10340436
v 0.02973122 0.00556669 0.10346239
v 0.02805087 0.01110609 0.10346239
v 0.02532211 0.01621122 0.10341941
v 0.02164982 0.02067152 0.10345517
v 0.00076984 0.02933469 0.10346239
v 0.00076984 0.02884796 0.10340434
v -0.00499093 0.02876731 0.10346239
v -0.00489598 0.02828991 0.10340434
v -0.01053032 0.02708693 0.10350514
v -0.01034407 0.02663727 0.10340434
v -0.01563547 0.02435820 0.10346239
v -0.01536505 0.02395349 0.10340434
v -0.02011016 0.02068591 0.10346239
v -0.02378242 0.01621122 0.10381749
v -0.02651118 0.01110609 0.10433957
v -0.02819153 0.00556671 0.10381749
v -0.02875892 -0.00019407 0.10346239
v -0.02819153 -0.00595485 0.10346239
v -0.02771416 -0.00585990 0.10340436
v -0.02651118 -0.01149423 0.10346239
v -0.02606151 -0.01130797 0.10340436
v -0.02378242 -0.01659936 0.10346239
v -0.02337774 -0.01632895 0.10340436
v -0.02011016 -0.02107405 0.10346239
v -0.01976600 -0.02072989 0.10340436
v -0.01563547 -0.02474634 0.10346239
v -0.01536505 -0.02434163 0.10340436
v -0.01053034 -0.02747510 0.10346239
v -0.01034407 -0.02702541 0.10340436
v -0.00499093 -0.02915545 0.10346239
v -0.00489598 -0.02867808 0.10340436
v 0.02933351 0.01163738 0.10347834
v 0.02647646 0.01698253 0.10347834
v 0.02263152 0.02152955 0.10340931
v 0.01794645 0.02483157 0.10313785
v 0.01260130 0.02823151 0.10340931
v 0.00680147 0.03012895 0.10347834
v -0.00526180 0.03012895 0.10347832
v -0.01106163 0.02836957 0.10372179
v -0.01640678 0.02551254 0.10347832
v -0.02109186 0.02166761 0.10347832
v -0.02493679 0.01698253 0.10367559
v -0.02779382 0.01163738 0.10411761
v -0.02955317 0.00583755 0.10367562
v -0.03014724 -0.00019407 0.10347832
v 0.00076984 -0.03111116 0.10347834
v 0.00076984 -0.03169050 0.10339415
v 0.00691449 -0.03108531 0.10339415
v 0.00680145 -0.03051709 0.10347834
v 0.01282298 -0.02929297 0.10339415
v 0.01260130 -0.02875774 0.10347834
v 0.01826832 -0.02638238 0.10339415
v 0.01794645 -0.02590068 0.10347834
v 0.02304117 -0.02246542 0.10339415
v 0.02263152 -0.02205575 0.10347834
v 0.02695816 -0.01769255 0.10339413
v 0.02647646 -0.01737070 0.10347834
v 0.02986875 -0.01224723 0.10339413
v 0.02933351 -0.01202552 0.10347834
v 0.03166106 -0.00633871 0.10339413
v 0.03109287 -0.00622569 0.10347834
v 0.03226627 -0.00019407 0.10339413
v 0.03168693 -0.00019407 0.10347834
v 0.03166106 0.00595057 0.10339413
v 0.03109287 0.00583755 0.10347834
v 0.02986875 0.01185909 0.10339413
v 0.02695816 0.01730440 0.10339413
v 0.02304117 0.02189399 0.10330249
v 0.01826832 0.02521790 0.10300595
v 0.01282298 0.02872154 0.10330249
v 0.00691449 0.03069716 0.10339410
v 0.00076984 0.03130235 0.10339410
v 0.00076984 0.03072302 0.10347834
v -0.00537482 0.03069716 0.10339410
v -0.01128332 0.02890483 0.10372213
v -0.01672865 0.02599424 0.10339410
v -0.02150151 0.02207726 0.10339410
v -0.02541847 0.01730440 0.10351827
v -0.02832906 0.01185909 0.10393383
v -0.03012139 0.00595057 0.10351827
v -0.03072658 -0.00019407 0.10339413
v -0.03012139 -0.00633871 0.10339413
v -0.02955320 -0.00622569 0.10347832
v -0.02832906 -0.01224723 0.10339413
v -0.02779382 -0.01202552 0.10347834
v -0.02541849 -0.01769255 0.10339413
v -0.02493679 -0.01737067 0.10347834
v -0.02150151 -0.02246540 0.10339413
v -0.02109186 -0.02205575 0.10347834
v -0.01672865 -0.02638238 0.10339413
v -0.01640678 -0.02590068 0.10347834
v -0.01128334 -0.02929297 0.10339413
v -0.01106163 -0.02875774 0.10347834
v -0.00537482 -0.03108531 0.10339413
v -0.00526180 -0.03051709 0.10347834
v 0.00076984 -0.03314930 0.10312856
v 0.00719907 -0.03251607 0.10312856
v 0.01338125 -0.03064071 0.10312856
v 0.01907878 -0.02759534 0.10312856
v 0.02407268 -0.02349693 0.10312856
v 0.02817109 -0.01850302 0.10312856
v 0.03121649 -0.01280550 0.10312856
v 0.03309184 -0.00662332 0.10312856
v 0.03372507 -0.00019407 0.10312856
v 0.03309184 0.00623518 0.10312856
v 0.03121649 0.01241733 0.10312856
v 0.02817111 0.01811486 0.10312856
v 0.02407268 0.02283779 0.10299305
v 0.01907878 0.02618904 0.10261949
v 0.01338125 0.02998157 0.10299305
v 0.00719907 0.03212792 0.10312856
v 0.00076984 0.03276115 0.10312856
v -0.00565940 0.03212792 0.10312856
v -0.01184158 0.03056190 0.10386554
v -0.01753911 0.02720720 0.10312856
v -0.02253302 0.02310879 0.10312856
v -0.02663142 0.01811486 0.10312856
v -0.02967682 0.01241733 0.10341641
v -0.03155215 0.00623518 0.10312856
v -0.03218538 -0.00019407 0.10312856
v -0.03155215 -0.00662332 0.10312856
v -0.02967682 -0.01280548 0.10312856
v -0.02663142 -0.01850300 0.10312856
v -0.02253302 -0.02349693 0.10312856
v -0.01753911 -0.02759534 0.10312856
v -0.01184158 -0.03064071 0.10312856
v -0.00565940 -0.03251607 0.10312856
v 0.00076984 -0.03392930 0.10295517
v 0.00735125 -0.03328108 0.10295517
v 0.01367975 -0.03136136 0.10295517
v 0.01951213 -0.02824389 0.10295517
v 0.02462425 -0.02404848 0.10295517
v 0.02881966 -0.01893636 0.10295517
v 0.03193713 -0.01310400 0.10295517
v 0.03385686 -0.00677550 0.10295517
v 0.03450507 -0.00019407 0.10295517
v 0.03385686 0.00638734 0.10295517
v 0.03193713 0.01271584 0.10295517
v 0.02881966 0.01854822 0.10295517
v 0.02462425 0.02336039 0.10280520
v 0.01951213 0.02670733 0.10238098
v 0.01367975 0.03067325 0.10280520
v 0.00735125 0.03289294 0.10295517
v 0.00076984 0.03354116 0.10295517
v -0.00581158 0.03289294 0.10295515
v -0.01214009 0.03150392 0.10394657
v -0.01797244 0.02785574 0.10295515
v -0.02308456 0.02366034 0.10295515
v -0.02727997 0.01854822 0.10295515
v -0.03039744 0.01271584 0.10310760
v -0.03231719 0.00638734 0.10295515
v -0.03296540 -0.00019407 0.10295517
v -0.03231719 -0.00677548 0.10295517
v -0.03039744 -0.01310398 0.10295517
v -0.02727999 -0.01893636 0.10295517
v -0.02308458 -0.02404848 0.10295517
v -0.01797247 -0.02824389 0.10295517
v -0.01214009 -0.03136136 0.10295517
v -0.00581158 -0.03328108 0.10295517
v 0.00076984 -0.03461049 0.10276538
v 0.00748415 -0.03394917 0.10276538
v 0.01394042 -0.03199069 0.10276538
v 0.01989056 -0.02881028 0.10276538
v 0.02510591 -0.02453016 0.10276538
v 0.02938603 -0.01931481 0.10276538
v 0.03256646 -0.01336467 0.10276538
v 0.03452494 -0.00690840 0.10276538
v 0.03518624 -0.00019407 0.10276536
v 0.03452494 0.00652023 0.10276536
v 0.03256646 0.01297651 0.10276536
v 0.02938603 0.01892667 0.10276536
v 0.02510591 0.02382815 0.10260847
v 0.01989056 0.02715829 0.10213346
v 0.01394042 0.03128868 0.10260844
v 0.00748415 0.03356103 0.10276536
v 0.00076984 0.03422233 0.10276536
v -0.00594448 0.03356103 0.10276536
v -0.01240075 0.03232789 0.10372793
v -0.01835089 0.02842211 0.10276536
v -0.02356624 0.02414199 0.10276536
v -0.02784636 0.01892664 0.10276536
v -0.03102677 0.01297651 0.10279868
v -0.03298525 0.00652023 0.10276536
v -0.03364657 -0.00019407 0.10276536
v -0.03298525 -0.00690837 0.10276536
v -0.03102677 -0.01336465 0.10276536
v -0.02784636 -0.01931481 0.10276536
v -0.02356624 -0.02453013 0.10276538
v -0.01835089 -0.02881025 0.10276538
v -0.01240075 -0.03199069 0.10276538
v -0.00594448 -0.03394917 0.10276538
v 0.00076984 -0.03519283 0.10255917
v 0.00759776 -0.03452032 0.10255917
v 0.01416328 -0.03252870 0.10255917
v 0.02021410 -0.02929446 0.10255917
v 0.02551768 -0.02494193 0.10255917
v 0.02987023 -0.01963833 0.10255917
v 0.03310447 -0.01358751 0.10255917
v 0.03509609 -0.00702200 0.10255917
v 0.03576858 -0.00019407 0.10255915
v 0.03509609 0.00663384 0.10255915
v 0.03310447 0.01319937 0.10255915
v 0.02987023 0.01925019 0.10255915
v 0.02551768 0.02423708 0.10240078
v 0.02021410 0.02754143 0.10187672
v 0.01416328 0.03182385 0.10240078
v 0.00759776 0.03413218 0.10255915
v 0.00076984 0.03480466 0.10255915
v -0.00605809 0.03413218 0.10255915
v -0.01262361 0.03303493 0.10349726
v -0.01867441 0.02890632 0.10255915
v -0.02397801 0.02455378 0.10255915
v -0.02833054 0.01925019 0.10255915
v -0.03156478 0.01319937 0.10255915
v -0.03355643 0.00663384 0.10255915
v -0.03422891 -0.00019407 0.10255915
v -0.03355643 -0.00702198 0.10255915
v -0.03156478 -0.01358751 0.10255915
v -0.02833057 -0.01963833 0.10255915
v -0.02397801 -0.02494193 0.10255915
v -0.01867443 -0.02929446 0.10255915
v -0.01262361 -0.03252870 0.10255915
v -0.00605809 -0.03452032 0.10255915
v 0.00076984 -0.03567631 0.10233651
v 0.00769207 -0.03499453 0.10233651
v 0.01434831 -0.03297539 0.10233651
v 0.02048271 -0.02969648 0.10233651
v 0.02585958 -0.02528381 0.10233651
v 0.03027223 -0.01990696 0.10233651
v 0.03355116 -0.01377254 0.10233651
v 0.03557031 -0.00711632 0.10233651
v 0.03625209 -0.00019407 0.10233651
v 0.03557031 0.00672816 0.10233651
v 0.03355116 0.01338439 0.10233651
v 0.03027226 0.01951879 0.10233651
v 0.02585958 0.02458340 0.10218036
v 0.02048271 0.02785622 0.10161045
v 0.01434831 0.03227496 0.10218036
v 0.00769210 0.03460639 0.10233651
v -0.02431989 0.02489567 0.10233651
v -0.02873257 0.01951879 0.10233651
v -0.03201147 0.01338439 0.10233651
v -0.03403062 0.00672818 0.10233651
v -0.03471240 -0.00019407 0.10233651
v -0.03403064 -0.00711630 0.10233651
v -0.03201147 -0.01377254 0.10233651
v -0.02873257 -0.01990694 0.10233651
v -0.02431991 -0.02528381 0.10233651
v -0.01894304 -0.02969648 0.10233651
v -0.01280862 -0.03297539 0.10233651
v -0.00615241 -0.03499453 0.10233651
v 0.00076984 -0.03606099 0.10209748
v 0.00776713 -0.03537181 0.10209748
v 0.01449551 -0.03333078 0.10209748
v 0.02069644 -0.03001632 0.10209748
v 0.02613158 -0.02555582 0.10209746
v 0.03059210 -0.02012066 0.10209746
v 0.03390656 -0.01391976 0.10209746
v 0.03594758 -0.00719138 0.10209746
v 0.03663674 -0.00019407 0.10209746
v 0.03594758 0.00680321 0.10209746
v 0.03390656 0.01353159 0.10209746
v 0.03059210 0.01973252 0.10209746
v 0.02613158 0.02486395 0.10194561
v 0.02069644 0.02825028 0.10140850
v 0.01449551 0.03263893 0.10194561
v 0.00776713 0.03498367 0.10209746
v -0.02905241 0.01973252 0.10209746
v -0.03236687 0.01353159 0.10209746
v -0.03440789 0.00680321 0.10209746
v -0.03509707 -0.00019407 0.10209746
v -0.03440792 -0.00719135 0.10209746
v -0.03236687 -0.01391973 0.10209746
v -0.02905241 -0.02012066 0.10209746
v -0.02459191 -0.02555580 0.10209746
v -0.01915677 -0.03001632 0.10209746
v -0.01295584 -0.03333078 0.10209746
v -0.00622746 -0.03537181 0.10209746
v 0.00076984 -0.03634832 0.10184030
v 0.00782319 -0.03565364 0.10184030
v 0.01460546 -0.03359623 0.10184030
v 0.02085606 -0.03025525 0.10184030
v 0.02633476 -0.02575899 0.10184030
v 0.03083100 -0.02028031 0.10184030
v 0.03417201 -0.01402971 0.10184030
v 0.03622941 -0.00724741 0.10184030
v 0.03692410 -0.00019407 0.10184030
v 0.03622941 0.00685927 0.10184030
v 0.03417203 0.01364154 0.10184030
v 0.03083100 0.01989215 0.10184030
v 0.02633476 0.02507742 0.10169360
v 0.02085606 0.02855187 0.10118269
v 0.01460546 0.03291467 0.10169360
v 0.00782319 0.03526550 0.10184030
v -0.02929133 0.01989215 0.10184028
v -0.03263234 0.01364157 0.10184028
v -0.03468972 0.00685927 0.10184028
v -0.03538443 -0.00019407 0.10184030
v -0.03468972 -0.00724741 0.10184030
v -0.03263234 -0.01402971 0.10184030
v -0.02929133 -0.02028029 0.10184030
v -0.02479510 -0.02575899 0.10184030
v -0.01931639 -0.03025523 0.10184030
v -0.01306579 -0.03359623 0.10184030
v -0.00628352 -0.03565364 0.10184030
v 0.00076984 -0.03653556 0.10156653
v 0.00785971 -0.03583727 0.10156653
v 0.01467713 -0.03376922 0.10156653
v 0.02096008 -0.03041093 0.10156653
v 0.02646716 -0.02589139 0.10156653
v 0.03098668 -0.02038433 0.10156651
v 0.03434499 -0.01410136 0.10156651
v 0.03641304 -0.00728396 0.10156651
v 0.03711134 -0.00019407 0.10156651
v 0.03641304 0.00689579 0.10156651
v 0.03434499 0.01371321 0.10156651
v 0.03098668 0.01999617 0.10156651
v 0.02646716 0.02522007 0.10142493
v 0.02096008 0.02875973 0.10093499
v 0.01467713 0.03309791 0.10142493
v 0.00785971 0.03544913 0.10156649
v 0.00076984 0.03614742 0.10156649
v -0.03280533 0.01371321 0.10156649
v -0.03487335 0.00689579 0.10156651
v -0.03557165 -0.00019407 0.10156651
v -0.03487335 -0.00728394 0.10156651
v -0.03280533 -0.01410136 0.10156651
v -0.02944701 -0.02038431 0.10156651
v -0.02492747 -0.02589137 0.10156651
v -0.01942042 -0.03041090 0.10156651
v -0.01313746 -0.03376922 0.10156651
v -0.00632004 -0.03583727 0.10156651
v 0.00076984 -0.03662269 0.10127611
v 0.00787670 -0.03592272 0.10127611
v 0.01471047 -0.03384973 0.10127611
v 0.02100850 -0.03048336 0.10127611
v 0.02652875 -0.02595300 0.10127611
v 0.03105912 -0.02043274 0.10127611
v 0.03442550 -0.01413470 0.10127611
v 0.03649849 -0.00730095 0.10127611
v 0.03719846 -0.00019407 0.10127611
v 0.03649849 0.00691278 0.10127611
v 0.03442550 0.01374656 0.10127611
v 0.03105914 0.02004458 0.10127611
v 0.02652875 0.02529092 0.10113913
v 0.02100850 0.02887600 0.10066650
v 0.01471047 0.03318766 0.10113913
v 0.00787672 0.03553458 0.10127611
v 0.00076984 0.03623454 0.10127611
v -0.00633703 0.03553458 0.10127608
v -0.03288581 0.01374656 0.10127608
v -0.03495881 0.00691280 0.10127608
v -0.03565877 -0.00019407 0.10127608
v -0.03495881 -0.00730095 0.10127608
v -0.03288581 -0.01413470 0.10127608
v -0.02951945 -0.02043272 0.10127608
v -0.02498908 -0.02595300 0.10127611
v -0.01946883 -0.03048336 0.10127611
v -0.01317080 -0.03384973 0.10127611
v -0.00633703 -0.03592272 0.10127611
v 0.00076984 -0.03660971 0.10096906
v 0.00787417 -0.03591000 0.10096906
v 0.01470549 -0.03383773 0.10096906
v 0.02100127 -0.03047256 0.10096906
v 0.02651959 -0.02594382 0.10096906
v 0.03104833 -0.02042552 0.10096906
v 0.03441351 -0.01412974 0.10096906
v 0.03648575 -0.00729842 0.10096906
v 0.03718548 -0.00019407 0.10096906
v 0.03648575 0.00691026 0.10096906
v 0.03441351 0.01374159 0.10096906
v 0.03104833 0.02003736 0.10096906
v 0.02651959 0.02528973 0.10083609
v 0.02100127 0.02890363 0.10037864
v 0.01470549 0.03318364 0.10083607
v 0.00787417 0.03552184 0.10096903
v 0.00076984 0.03622155 0.10096903
v -0.00633450 0.03552184 0.10096903
v -0.01316582 0.03481247 0.10182449
v -0.01946161 0.03008442 0.10096903
v -0.02497990 0.02555565 0.10096903
v -0.02950864 0.02003736 0.10096903
v -0.03287381 0.01374157 0.10096903
v -0.03494608 0.00691026 0.10096903
v -0.03564579 -0.00019407 0.10096903
v -0.03494608 -0.00729842 0.10096903
v -0.03287384 -0.01412974 0.10096903
v -0.02950866 -0.02042550 0.10096903
v -0.02497990 -0.02594382 0.10096903
v -0.01946161 -0.03047256 0.10096903
v -0.01316582 -0.03383773 0.10096906
v -0.00633450 -0.03591000 0.10096906
v 0.00076984 -0.03649662 0.10064537
v 0.00785211 -0.03579908 0.10064537
v 0.01466222 -0.03373323 0.10064537
v 0.02093845 -0.03037853 0.10064537
v 0.02643962 -0.02586384 0.10064537
v 0.03095431 -0.02036270 0.10064537
v 0.03430901 -0.01408647 0.10064537
v 0.03637485 -0.00727636 0.10064537
v 0.03707240 -0.00019407 0.10064537
v 0.03637485 0.00688819 0.10064537
v 0.03430901 0.01369830 0.10064535
v 0.03095431 0.01997453 0.10064535
v 0.01466222 0.03308637 0.10051600
v 0.00785211 0.03541093 0.10064535
v 0.00076984 0.03610846 0.10064535
v -0.00631244 0.03541093 0.10064535
v -0.01312255 0.03461047 0.10145349
v -0.01939878 0.02999037 0.10064535
v -0.02489993 0.02547570 0.10064535
v -0.02941462 0.01997453 0.10064535
v -0.03276934 0.01369830 0.10064535
v -0.03483516 0.00688819 0.10064535
v -0.03553271 -0.00019407 0.10064535
v -0.03483516 -0.00727633 0.10064537
v -0.03276934 -0.01408644 0.10064537
v -0.02941462 -0.02036267 0.10064537
v -0.02489993 -0.02586384 0.10064537
v -0.01939878 -0.03037853 0.10064537
v -0.01312255 -0.03373323 0.10064537
v -0.00631244 -0.03579908 0.10064537
v 0.00076984 -0.03649662 0.09919328
v 0.00785211 -0.03579908 0.09919328
v 0.01466222 -0.03373323 0.09919328
v 0.02093845 -0.03037853 0.09919328
v 0.02643962 -0.02586384 0.09919328
v 0.03095431 -0.02036270 0.09919328
v 0.03430901 -0.01408647 0.09919328
v 0.03637485 -0.00727636 0.09919328
v 0.03707240 -0.00019407 0.09919328
v 0.03637485 0.00688819 0.09919328
v 0.03430901 0.01369830 0.09919328
v 0.03095431 0.01997453 0.09919326
v 0.00785211 0.03541091 0.09919326
v 0.00076984 0.03610848 0.09919326
v -0.00631244 0.03541093 0.09919324
v -0.01312255 0.03419144 0.09967449
v -0.01939878 0.02999039 0.09919324
v -0.02489993 0.02547570 0.09919324
v -0.02941462 0.01997453 0.09919324
v -0.03276934 0.01369830 0.09919324
v -0.03483516 0.00688819 0.09919324
v -0.03553271 -0.00019407 0.09919324
v -0.03483516 -0.00727633 0.09919326
v -0.03276934 -0.01408644 0.09919326
v -0.02941464 -0.02036267 0.09919326
v -0.02489993 -0.02586384 0.09919326
v -0.01939878 -0.03037853 0.09919326
v -0.01312255 -0.03373323 0.09919326
v -0.00631244 -0.03579908 0.09919326
v 0.00076984 -0.03704115 0.09846721
v 0.00795834 -0.03633316 0.09846721
v 0.01487060 -0.03423635 0.09846721
v 0.02124099 -0.03083131 0.09846721
v 0.02682466 -0.02624890 0.09846721
v 0.03140706 -0.02066521 0.09846721
v 0.03481210 -0.01429484 0.09846721
v 0.03690894 -0.00738259 0.09846721
v 0.03761693 -0.00019407 0.09846721
v 0.03690894 0.00699444 0.09846721
v 0.03481212 0.01390670 0.09846721
v 0.03140709 0.02027707 0.09846721
v -0.00641867 0.03594500 0.09846719
v -0.01333093 0.03447586 0.09878104
v -0.01970130 0.03044315 0.09846719
v -0.02528499 0.02586076 0.09846719
v -0.02986737 0.02027707 0.09846719
v -0.03327243 0.01390670 0.09846719
v -0.03536925 0.00699444 0.09846719
v -0.03607724 -0.00019407 0.09846721
v -0.03536925 -0.00738259 0.09846721
v -0.03327243 -0.01429484 0.09846721
v -0.02986740 -0.02066521 0.09846721
v -0.02528499 -0.02624888 0.09846721
v -0.01970132 -0.03083131 0.09846721
v -0.01333093 -0.03423635 0.09846721
v -0.00641867 -0.03633316 0.09846721
v 0.00076984 -0.03722266 0.09774116
v 0.00799376 -0.03651117 0.09774116
v 0.01494008 -0.03440405 0.09774116
v 0.02134183 -0.03098223 0.09774116
v 0.02695302 -0.02637724 0.09774116
v 0.03155799 -0.02076607 0.09774116
v 0.03497980 -0.01436430 0.09774116
v 0.03708695 -0.00741800 0.09774116
v 0.03779844 -0.00019407 0.09774116
v 0.03708695 0.00702984 0.09774116
v 0.03497980 0.01397616 0.09774116
v 0.03155801 0.02037791 0.09774116
v 0.02695302 0.02594664 0.09771993
v -0.00645409 0.03612303 0.09774116
v -0.01340041 0.03442711 0.09794676
v -0.01980216 0.03059407 0.09774116
v -0.02541333 0.02598910 0.09774116
v -0.03001832 0.02037791 0.09774116
v -0.03344013 0.01397616 0.09774116
v -0.03554726 0.00702986 0.09774116
v -0.03625877 -0.00019407 0.09774116
v -0.03554726 -0.00741798 0.09774116
v -0.03344013 -0.01436430 0.09774116
v -0.03001832 -0.02076605 0.09774116
v -0.02541333 -0.02637724 0.09774116
v -0.01980216 -0.03098221 0.09774116
v -0.01340041 -0.03440403 0.09774116
v -0.00645409 -0.03651117 0.09774116
v 0.00076984 -0.03704115 0.09701512
v 0.00795834 -0.03633316 0.09701512
v 0.01487060 -0.03423635 0.09701512
v 0.02124099 -0.03083131 0.09701512
v 0.02682466 -0.02624890 0.09701512
v 0.03140706 -0.02066521 0.09701512
v 0.03481210 -0.01429484 0.09701512
v 0.03690894 -0.00738259 0.09701512
v 0.03761693 -0.00019407 0.09701512
v 0.03690894 0.00699442 0.09701512
v 0.03481212 0.01390670 0.09701512
v 0.03140709 0.02027707 0.09701512
v 0.02682466 0.02586074 0.09701510
v 0.02124099 0.02989129 0.09673917
v 0.02134183 0.02993650 0.09741238
v 0.01487062 0.03384821 0.09701510
v 0.00795836 0.03594500 0.09701510
v 0.00076984 0.03665301 0.09701510
v -0.00641867 0.03594500 0.09701510
v -0.01333093 0.03405737 0.09711968
v -0.01970130 0.03044315 0.09701510
v -0.02528499 0.02586076 0.09701510
v -0.02986737 0.02027707 0.09701510
v -0.03327243 0.01390668 0.09701510
v -0.03536925 0.00699444 0.09701510
v -0.03607724 -0.00019407 0.09701512
v -0.03536925 -0.00738259 0.09701512
v -0.03327243 -0.01429484 0.09701512
v -0.02986740 -0.02066521 0.09701512
v -0.02528499 -0.02624888 0.09701512
v -0.01970132 -0.03083131 0.09701512
v -0.01333093 -0.03423635 0.09701512
v -0.00641867 -0.03633316 0.09701512
v 0.00076984 -0.03649662 0.09628905
v 0.00785211 -0.03579908 0.09628905
v 0.01466222 -0.03373326 0.09628905
v 0.02093845 -0.03037853 0.09628905
v 0.02643962 -0.02586387 0.09628905
v 0.03095431 -0.02036270 0.09628905
v 0.03430903 -0.01408647 0.09628905
v 0.03637485 -0.00727636 0.09628905
v 0.03707240 -0.00019407 0.09628905
v 0.03637485 0.00688819 0.09628905
v 0.03430903 0.01369830 0.09628905
v 0.03095431 0.01997453 0.09628905
v 0.02093845 0.02953835 0.09606304
v 0.01466222 0.03334509 0.09628905
v 0.00785211 0.03541093 0.09628905
v 0.00076984 0.03610848 0.09628905
v -0.00631244 0.03541093 0.09628905
v -0.01312255 0.03334898 0.09629099
v -0.01939878 0.02999039 0.09628905
v -0.02489995 0.02547570 0.09628905
v -0.02941462 0.01997453 0.09628905
v -0.03276934 0.01369830 0.09628905
v -0.03483516 0.00688819 0.09628905
v -0.03553271 -0.00019407 0.09628905
v -0.03483516 -0.00727636 0.09628905
v -0.03276934 -0.01408644 0.09628905
v -0.02941464 -0.02036267 0.09628905
v -0.02489995 -0.02586384 0.09628905
v -0.01939880 -0.03037853 0.09628905
v -0.01312255 -0.03373326 0.09628905
v -0.00631244 -0.03579908 0.09628905
v 0.00076984 -0.03649662 0.09483696
v 0.00785211 -0.03579908 0.09483696
v 0.01466222 -0.03373326 0.09483696
v 0.02093845 -0.03037853 0.09483696
v 0.02643962 -0.02586387 0.09483696
v 0.03095431 -0.02036270 0.09483696
v 0.03430903 -0.01408647 0.09483696
v 0.03637485 -0.00727636 0.09483696
v 0.03707240 -0.00019407 0.09483696
v 0.03637485 0.00688819 0.09483696
v 0.03430903 0.01369830 0.09483696
v 0.03095431 0.01997453 0.09483696
v 0.01466222 0.03334509 0.09483696
v 0.00785211 0.03541093 0.09483696
v 0.00076984 0.03610848 0.09483696
v -0.00631244 0.03541093 0.09483693
v -0.01312255 0.03334509 0.09483693
v -0.01939878 0.02999039 0.09483693
v -0.02489995 0.02547570 0.09483693
v -0.02941462 0.01997453 0.09483693
v -0.03276934 0.01369830 0.09483693
v -0.03483516 0.00688821 0.09483696
v -0.03553271 -0.00019407 0.09483696
v -0.03483516 -0.00727636 0.09483696
v -0.03276934 -0.01408644 0.09483696
v -0.02941464 -0.02036267 0.09483696
v -0.02489995 -0.02586384 0.09483696
v -0.01939880 -0.03037853 0.09483696
v -0.01312255 -0.03373326 0.09483696
v -0.00631244 -0.03579908 0.09483696
v 0.00076984 -0.03643298 0.09464665
v 0.00783970 -0.03573665 0.09464665
v 0.01463786 -0.03367445 0.09464665
v 0.02090310 -0.03032563 0.09464665
v 0.02639461 -0.02581884 0.09464665
v 0.03090138 -0.02032732 0.09464665
v 0.03425022 -0.01406210 0.09464665
v 0.03631243 -0.00726393 0.09464665
v 0.03700876 -0.00019407 0.09464665
v 0.03631243 0.00687578 0.09464665
v 0.03425022 0.01367394 0.09464662
v 0.03090138 0.01993918 0.09464662
v 0.02639461 0.02543070 0.09464662
v 0.02090310 0.02975158 0.09455368
v 0.01463786 0.03328631 0.09464662
v 0.00783970 0.03534851 0.09464662
v 0.00076984 0.03604482 0.09464662
v -0.00630001 0.03534851 0.09464662
v -0.01309819 0.03328631 0.09464662
v -0.01936343 0.02993747 0.09464662
v -0.02485492 0.02543070 0.09464662
v -0.02936169 0.01993918 0.09464662
v -0.03271053 0.01367396 0.09464662
v -0.03477274 0.00687578 0.09464662
v -0.03546907 -0.00019407 0.09464662
v -0.03477276 -0.00726393 0.09464662
v -0.03271055 -0.01406210 0.09464662
v -0.02936171 -0.02032732 0.09464662
v -0.02485495 -0.02581884 0.09464662
v -0.01936343 -0.03032561 0.09464662
v -0.01309819 -0.03367445 0.09464662
v -0.00630001 -0.03573665 0.09464662
v 0.00076984 -0.03631108 0.09451427
v 0.00781590 -0.03561709 0.09451427
v 0.01459120 -0.03356183 0.09451427
v 0.02083538 -0.03022427 0.09451427
v 0.02630842 -0.02573266 0.09451427
v 0.03080002 -0.02025960 0.09451427
v 0.03413761 -0.01401545 0.09451427
v 0.03619287 -0.00724015 0.09451427
v 0.03688685 -0.00019407 0.09451427
v 0.03619287 0.00685201 0.09451427
v 0.03413761 0.01362731 0.09451427
v 0.03080005 0.01987146 0.09451427
v 0.02630842 0.02534450 0.09451427
v 0.02083538 0.02967005 0.09443123
v 0.01459123 0.03317369 0.09451427
v 0.00781590 0.03522895 0.09451427
v 0.00076984 0.03592294 0.09451427
v -0.00627623 0.03522895 0.09451425
v -0.01305154 0.03317369 0.09451425
v -0.01929571 0.02983611 0.09451425
v -0.02476875 0.02534450 0.09451425
v -0.02926036 0.01987146 0.09451425
v -0.03259792 0.01362731 0.09451425
v -0.03465320 0.00685201 0.09451425
v -0.03534718 -0.00019407 0.09451425
v -0.03465320 -0.00724015 0.09451427
v -0.03259792 -0.01401545 0.09451427
v -0.02926036 -0.02025960 0.09451427
v -0.02476875 -0.02573264 0.09451427
v -0.01929571 -0.03022425 0.09451427
v -0.01305154 -0.03356183 0.09451427
v -0.00627623 -0.03561709 0.09451427
v 0.00076984 -0.03611754 0.09444172
v 0.00777816 -0.03542728 0.09444172
v 0.01451716 -0.03338303 0.09444172
v 0.02072784 -0.03006334 0.09444172
v 0.02617157 -0.02559580 0.09444172
v 0.03063911 -0.02015209 0.09444172
v 0.03395880 -0.01394139 0.09444172
v 0.03600303 -0.00720241 0.09444172
v 0.03669329 -0.00019407 0.09444172
v 0.03600303 0.00681424 0.09444172
v 0.03395880 0.01355325 0.09444172
v 0.03063911 0.01976394 0.09444172
v 0.02617157 0.02520766 0.09444170
v 0.02072784 0.02951882 0.09436351
v 0.01451716 0.03299489 0.09444170
v 0.00777816 0.03503914 0.09444170
v 0.00076984 0.03572938 0.09444170
v -0.00623849 0.03503914 0.09444170
v -0.01297747 0.03299489 0.09444170
v -0.01918817 0.02967520 0.09444170
v -0.02463188 0.02520766 0.09444170
v -0.02909942 0.01976392 0.09444170
v -0.03241911 0.01355325 0.09444170
v -0.03446336 0.00681424 0.09444170
v -0.03515363 -0.00019407 0.09444170
v -0.03446336 -0.00720239 0.09444170
v -0.03241911 -0.01394139 0.09444170
v -0.02909944 -0.02015206 0.09444170
v -0.02463188 -0.02559580 0.09444170
v -0.01918817 -0.03006334 0.09444170
v -0.01297747 -0.03338303 0.09444170
v -0.00623849 -0.03542728 0.09444170
v 0.00076984 -0.03577056 0.09483696
v 0.00076984 -0.03577056 0.09884474
v 0.00771046 -0.03508698 0.09884474
v 0.00771046 -0.03508698 0.09483696
v 0.01438438 -0.03306247 0.09884474
v 0.01438438 -0.03306247 0.09483696
v 0.02053507 -0.02977485 0.09884474
v 0.02053509 -0.02977485 0.09483696
v 0.02592622 -0.02535045 0.09884474
v 0.02592622 -0.02535045 0.09483696
v 0.03035061 -0.01995932 0.09884474
v 0.03035063 -0.01995932 0.09483696
v 0.03363824 -0.01380861 0.09884474
v 0.03363824 -0.01380861 0.09483696
v 0.03566273 -0.00713471 0.09884474
v 0.03566275 -0.00713471 0.09483696
v 0.03634633 -0.00019407 0.09884474
v 0.03634633 -0.00019407 0.09483696
v 0.03566273 0.00674654 0.09884474
v 0.03566275 0.00674654 0.09483696
v 0.03363824 0.01342044 0.09884474
v 0.03363824 0.01342047 0.09483696
v 0.03035063 0.01957118 0.09884474
v 0.01438438 0.03249904 0.09875712
v 0.00771046 0.03469884 0.09884474
v 0.00771048 0.03469884 0.09483696
v 0.00076984 0.03538242 0.09884474
v 0.00076984 0.03538242 0.09483696
v -0.00617079 0.03469884 0.09884474
v -0.00617079 0.03469884 0.09483693
v -0.01284471 0.03337850 0.09927050
v -0.01284471 0.03267433 0.09483693
v -0.01899540 0.02938669 0.09884474
v -0.01899540 0.02938671 0.09483693
v -0.02438653 0.02496231 0.09884474
v -0.02438655 0.02496231 0.09483693
v -0.02881094 0.01957115 0.09884474
v -0.02881094 0.01957115 0.09483693
v -0.03209855 0.01342047 0.09884474
v -0.03209855 0.01342047 0.09483696
v -0.03412306 0.00674657 0.09884474
v -0.03412306 0.00674657 0.09483696
v -0.03480664 -0.00019407 0.09884474
v -0.03480667 -0.00019407 0.09483696
v -0.03412306 -0.00713471 0.09884474
v -0.03412306 -0.00713471 0.09483696
v -0.03209855 -0.01380861 0.09884474
v -0.03209857 -0.01380861 0.09483696
v -0.02881094 -0.01995930 0.09884474
v -0.02881094 -0.01995932 0.09483696
v -0.02438653 -0.02535045 0.09884474
v -0.02438655 -0.02535045 0.09483696
v -0.01899540 -0.02977485 0.09884474
v -0.01899540 -0.02977485 0.09483696
v -0.01284469 -0.03306247 0.09884474
v -0.01284471 -0.03306247 0.09483696
v -0.00617079 -0.03508698 0.09884474
v -0.00617079 -0.03508698 0.09483696
v 0.00042505 -0.00192741 0.10516469
v 0.00076984 -0.00026669 0.10514689
v 0.00075568 -0.00026529 0.10514689
v 0.00250319 -0.00053886 0.10516469
v 0.00240262 -0.00087039 0.10516469
v 0.00223932 -0.00117593 0.10516469
v 0.00201952 -0.00144375 0.10516469
v 0.00175170 -0.00166352 0.10516469
v 0.00144616 -0.00182685 0.10516469
v 0.00111461 -0.00192741 0.10516469
v 0.00076984 -0.00196137 0.10516469
v 0.00042505 0.00153927 0.10516469
v 0.00111461 0.00153927 0.10516469
v 0.00076984 0.00157322 0.10516469
v 0.00144616 0.00143870 0.10516469
v 0.00009353 0.00143870 0.10516469
v -0.00021201 0.00127538 0.10516469
v 0.00175170 0.00127538 0.10516469
v -0.00047983 0.00105561 0.10516469
v 0.00201950 0.00105561 0.10516469
v -0.00069963 0.00078779 0.10516469
v 0.00223932 0.00078779 0.10516469
v 0.00240262 0.00048225 0.10516469
v -0.00086293 0.00048225 0.10516469
v 0.00250319 0.00015070 0.10516469
v -0.00096352 0.00015070 0.10516469
v -0.00099747 -0.00019407 0.10516469
v 0.00076984 -0.00012148 0.10514687
v 0.00075568 -0.00012285 0.10514687
v 0.00074205 -0.00012700 0.10514687
v 0.00072951 -0.00013370 0.10514687
v 0.00071850 -0.00014273 0.10514687
v 0.00070948 -0.00015373 0.10514687
v 0.00070275 -0.00016630 0.10514687
v 0.00069863 -0.00017990 0.10514687
v 0.00069723 -0.00019407 0.10514687
v -0.00096352 -0.00053886 0.10516469
v 0.00069863 -0.00020824 0.10514687
v 0.00070275 -0.00022186 0.10514689
v 0.00070945 -0.00023441 0.10514689
v 0.00071850 -0.00024542 0.10514689
v 0.00072951 -0.00025444 0.10514689
v 0.00074205 -0.00026116 0.10514689
v -0.00086295 -0.00087039 0.10516469
v -0.00069963 -0.00117593 0.10516469
v -0.00047983 -0.00144375 0.10516469
v -0.00021201 -0.00166354 0.10516469
v 0.00009353 -0.00182685 0.10516469
v 0.00253714 -0.00019407 0.10516469
v 0.00078401 -0.00012285 0.10514687
v 0.00079762 -0.00012700 0.10514687
v 0.00081018 -0.00013370 0.10514687
v 0.00082119 -0.00014273 0.10514687
v 0.00083021 -0.00015373 0.10514687
v 0.00083691 -0.00016628 0.10514687
v 0.00084104 -0.00017990 0.10514687
v 0.00084244 -0.00019407 0.10514687
v 0.00084104 -0.00020824 0.10514687
v 0.00083691 -0.00022186 0.10514689
v 0.00083021 -0.00023441 0.10514689
v 0.00082119 -0.00024542 0.10514689
v 0.00081018 -0.00025444 0.10514689
v 0.00079762 -0.00026116 0.10514689
v 0.00078401 -0.00026529 0.10514689
v 0.00003327 -0.00389700 0.10514689
v 0.00390902 -0.00229161 0.10514689
v 0.00343950 -0.00286373 0.10514689
v 0.00286738 -0.00333325 0.10514689
v 0.00221464 -0.00368214 0.10514689
v 0.00150640 -0.00389700 0.10514689
v 0.00076984 -0.00396954 0.10514689
v -0.00271823 0.00125072 0.10514687
v -0.00236933 0.00190347 0.10514687
v -0.00293308 0.00054248 0.10514687
v -0.00300563 -0.00019407 0.10514687
v -0.00293308 -0.00093062 0.10514687
v -0.00271823 -0.00163888 0.10514687
v -0.00236935 -0.00229161 0.10514687
v -0.00189981 -0.00286373 0.10514687
v -0.00132769 -0.00333325 0.10514687
v -0.00067497 -0.00368214 0.10514687
v 0.00003327 0.00350885 0.10514687
v 0.00150640 0.00350885 0.10514687
v 0.00076984 0.00358140 0.10514687
v 0.00221464 0.00329400 0.10514687
v -0.00067497 0.00329400 0.10514687
v -0.00132769 0.00294510 0.10514687
v 0.00286738 0.00294510 0.10514687
v -0.00189981 0.00247558 0.10514687
v 0.00343950 0.00247558 0.10514687
v 0.00390902 0.00190347 0.10514687
v 0.00425792 0.00125074 0.10514689
v 0.00447275 0.00054248 0.10514689
v 0.00454530 -0.00019407 0.10514689
v 0.00447275 -0.00093062 0.10514689
v 0.00425792 -0.00163888 0.10514689
v 0.00486133 -0.01007182 0.10527811
v 0.00607658 -0.01300569 0.10490847
v 0.00744907 -0.01631918 0.10447732
v 0.00878736 -0.01955005 0.10406489
v 0.00670977 -0.00908381 0.10527811
v 0.00847404 -0.01172422 0.10490847
v 0.01046658 -0.01470628 0.10447732
v 0.01240945 -0.01761400 0.10406489
v 0.00832995 -0.00775418 0.10527811
v 0.01057543 -0.00999966 0.10490847
v 0.01311147 -0.01253569 0.10447732
v 0.01558427 -0.01500850 0.10406489
v 0.00965958 -0.00613401 0.10527811
v 0.01230000 -0.00789826 0.10490847
v 0.01064760 -0.00428557 0.10527811
v 0.00486133 0.00968368 0.10527809
v 0.00485713 0.02035413 0.10406489
v 0.00417488 0.01692424 0.10447732
v 0.00347519 0.01340666 0.10490844
v 0.00285567 0.01029210 0.10527809
v 0.00076984 0.02075670 0.10406489
v 0.00076984 0.01725960 0.10447732
v 0.00076984 0.01367313 0.10490844
v 0.00076984 0.01049752 0.10527809
v -0.00331746 0.02035413 0.10406487
v -0.00263521 0.01692424 0.10447729
v -0.00193552 0.01340666 0.10490844
v -0.00131600 0.01029210 0.10527809
v -0.00724767 0.01916191 0.10406487
v -0.00590940 0.01593101 0.10447729
v -0.00453691 0.01261755 0.10490844
v -0.00332166 0.00968368 0.10527809
v -0.01086979 0.01722585 0.10406487
v -0.00892689 0.01431813 0.10447729
v -0.00693437 0.01133608 0.10490844
v -0.00517010 0.00869566 0.10527809
v -0.00903574 0.00961151 0.10490844
v -0.00679026 0.00736604 0.10527809
v -0.01076031 0.00751012 0.10490844
v -0.00811989 0.00574585 0.10527809
v -0.01204177 0.00511266 0.10490844
v -0.00910791 0.00389741 0.10527809
v -0.01309735 -0.00019407 0.10490844
v -0.00992177 -0.00019407 0.10527811
v -0.00971632 -0.00227990 0.10527811
v -0.00910791 -0.00428557 0.10527811
v -0.00811989 -0.00613401 0.10527811
v -0.01076031 -0.00789826 0.10490844
v -0.01374236 -0.00989081 0.10447732
v -0.01665010 -0.01183370 0.10406489
v -0.00679026 -0.00775418 0.10527811
v -0.00903574 -0.00999966 0.10490844
v -0.02659779 -0.00563783 0.10342111
v -0.02500988 -0.01087240 0.10342111
v -0.02243132 -0.01569657 0.10342111
v -0.01896111 -0.01992503 0.10342111
v -0.01473268 -0.02339521 0.10342111
v -0.00990848 -0.02597380 0.10342111
v -0.00467394 -0.02756168 0.10342111
v 0.00621360 -0.02756168 0.10342113
v 0.00076984 -0.02809784 0.10342113
v 0.02867361 -0.00019407 0.10342111
v 0.02813745 -0.00563783 0.10342111
v 0.02654957 -0.01087240 0.10342111
v 0.02397099 -0.01569659 0.10342111
v 0.02050080 -0.01992503 0.10342111
v 0.01627235 -0.02339521 0.10342113
v 0.01144815 -0.02597380 0.10342113
v -0.00467394 0.02717356 0.10342111
v -0.00990848 0.02558566 0.10342111
v -0.01473268 0.02300707 0.10342111
v 0.03028778 -0.02227884 0.09438661
v 0.03399151 -0.01609952 0.09438661
v 0.03641857 -0.00931639 0.09438661
v 0.03747566 -0.00219009 0.09438661
v 0.03712216 0.00500551 0.09438661
v 0.03537165 0.01199388 0.09438661
v 0.03229145 0.01850646 0.09438661
v 0.02799987 0.02429300 0.09438661
v 0.02266184 0.02913109 0.09438661
v 0.01648253 0.03283483 0.09438661
v 0.00969937 0.03526189 0.09438661
v 0.00257310 0.03631898 0.09438661
v -0.00462252 0.03596548 0.09438659
v -0.01161089 0.03421499 0.09438659
v -0.01812348 0.03113477 0.09438659
v -0.02390999 0.02684319 0.09438659
v -0.02874809 0.02150516 0.09438659
v -0.03245185 0.01532587 0.09438659
v -0.03487888 0.00854271 0.09438659
v -0.03593597 0.00141642 0.09438661
v -0.03558247 -0.00577918 0.09438661
v -0.03383198 -0.01276756 0.09438661
v -0.03075176 -0.01928014 0.09438661
v -0.02646018 -0.02506665 0.09438661
v -0.02112215 -0.02990475 0.09438661
v 0.00225497 -0.00799910 0.10690064
v -0.00071528 -0.00637461 0.10806770
v -0.00071528 0.00727623 0.10593966
v 0.00076984 -0.03592385 0.09451427
v 0.00774035 -0.03523731 0.09451427
v 0.01444304 -0.03320407 0.09451427
v 0.02062023 -0.02990229 0.09451427
v 0.02603462 -0.02545884 0.09451427
v 0.03047806 -0.02004448 0.09451427
v 0.03377984 -0.01386726 0.09451427
v 0.03581309 -0.00716462 0.09451427
v 0.03649962 -0.00019407 0.09451427
v 0.03581309 0.00677646 0.09451427
v 0.03377984 0.01347912 0.09451427
v 0.03047806 0.01965632 0.09451427
v 0.02603462 0.02507070 0.09451427
v 0.02062023 0.02934450 0.09442945
v 0.01444304 0.03281593 0.09451427
v 0.00774037 0.03484917 0.09451427
v 0.00076984 0.03553571 0.09451427
v -0.00620071 0.03484917 0.09451425
v -0.01290337 0.03281595 0.09451425
v -0.01908056 0.02951415 0.09451425
v -0.02449493 0.02507068 0.09451425
v -0.02893837 0.01965632 0.09451425
v -0.03224018 0.01347912 0.09451425
v -0.03427340 0.00677646 0.09451425
v -0.03495993 -0.00019407 0.09451425
v -0.03427342 -0.00716460 0.09451427
v -0.03224018 -0.01386726 0.09451427
v -0.02893840 -0.02004446 0.09451427
v -0.02449493 -0.02545884 0.09451427
v -0.01908056 -0.02990229 0.09451427
v -0.01290337 -0.03320407 0.09451427
v -0.00620071 -0.03523731 0.09451427
v 0.00076984 -0.03581814 0.09464665
v 0.00771973 -0.03513363 0.09464665
v 0.01440259 -0.03310641 0.09464665
v 0.02056151 -0.02981440 0.09464665
v 0.02595986 -0.02538408 0.09464665
v 0.03039015 -0.01998576 0.09464665
v 0.03368219 -0.01382681 0.09464665
v 0.03570940 -0.00714398 0.09464665
v 0.03639391 -0.00019407 0.09464665
v 0.03570940 0.00675584 0.09464665
v 0.03368219 0.01343867 0.09464662
v 0.01440259 0.03271827 0.09464662
v 0.00771975 0.03474549 0.09464662
v 0.00076984 0.03543000 0.09464662
v -0.00618006 0.03474549 0.09464662
v -0.01286290 0.03271827 0.09464662
v -0.01902182 0.02942623 0.09464662
v -0.02442019 0.02499594 0.09464662
v -0.02885048 0.01959759 0.09464662
v -0.03214250 0.01343865 0.09464662
v -0.03416971 0.00675584 0.09464662
v -0.03485422 -0.00019407 0.09464662
v -0.03416971 -0.00714398 0.09464662
v -0.03214252 -0.01382681 0.09464662
v -0.02885051 -0.01998574 0.09464662
v -0.02442019 -0.02538408 0.09464662
v -0.01902184 -0.02981440 0.09464662
v -0.01286290 -0.03310641 0.09464662
v -0.00618006 -0.03513363 0.09464662
v -0.03398911 0.00576536 0.08664553
v -0.00312957 0.03554942 0.08857818
v -0.02734088 0.01864876 0.05653030
v 0.02544966 -0.02761684 0.09438661
v 0.03610308 0.00724092 0.00798656
v 0.03691228 0.00020119 0.00798656
v 0.02682466 0.02575074 0.09841219
v -0.00687770 -0.03567615 0.09220845
v -0.00937979 -0.03507983 0.08857821
v 0.01903438 -0.03085940 0.09675510
v 0.02557157 -0.02775133 0.09366057
v 0.00076984 0.03665301 0.09846721
v 0.00076984 0.03683452 0.09774116
v 0.01273855 -0.03383712 0.09675510
v -0.03087502 -0.01797787 0.00798656
v -0.00431229 0.03546023 0.08857818
v -0.03516642 -0.00428623 0.08857821
v -0.03210403 0.01245521 0.01013567
v -0.02278304 -0.02778165 0.08857821
v 0.00795836 0.03594500 0.09846721
v -0.03403339 -0.01007952 0.08857821
v -0.03147371 -0.01668305 0.08857821
v -0.02767493 -0.02266033 0.08857821
v -0.03069353 0.01736901 0.08857818
v -0.01552639 0.03185672 0.08857818
v -0.00892285 0.03441640 0.08857818
v -0.00194682 0.03563862 0.08857818
v -0.02150367 0.02805794 0.08857818
v 0.00513359 0.03547640 0.08857821
v 0.01204630 0.03393596 0.08857821
v -0.02662499 0.02316602 0.08857818
v 0.02304334 -0.02883159 0.08857821
f 1 2 3
f 4 5 6
f 7 8 9
f 10 11 12
f 13 14 15
f 16 17 18
f 19 20 21
f 22 23 24
f 25 26 27
f 28 29 30
f 31 32 33
f 34 35 36
f 37 38 39
f 40 41 42
f 28 43 29
f 44 45 46
f 47 48 49
f 50 51 52
f 53 54 55
f 56 57 58
f 59 60 61
f 62 63 64
f 65 66 67
f 68 69 70
f 71 72 73
f 74 75 76
f 77 78 79
f 80 81 82
f 83 84 85
f 86 87 88
f 89 90 91
f 92 93 94
f 52 95 50
f 96 97 98
f 9 99 7
f 60 59 100
f 3 101 1
f 102 103 104
f 33 105 31
f 20 19 106
f 63 62 107
f 17 16 108
f 23 22 109
f 67 110 111
f 112 40 113
f 114 6 115
f 116 117 118
f 57 56 119
f 120 115 121
f 75 74 122
f 14 13 123
f 124 125 26
f 50 126 127
f 128 91 129
f 130 94 131
f 132 133 134
f 135 136 137
f 55 138 53
f 51 50 139
f 49 134 47
f 70 129 68
f 73 131 71
f 54 53 140
f 141 70 69
f 142 73 72
f 143 144 145
f 146 65 147
f 148 149 150
f 97 96 151
f 152 153 88
f 88 87 152
f 154 155 85
f 85 84 154
f 156 157 82
f 82 81 156
f 158 159 79
f 79 78 158
f 2 1 160
f 129 91 90
f 131 94 93
f 134 133 161
f 162 163 164
f 165 166 167
f 168 169 170
f 171 172 173
f 174 175 176
f 24 177 22
f 18 178 16
f 5 179 115
f 153 165 180
f 155 168 181
f 11 182 103
f 183 184 185
f 186 187 188
f 98 189 96
f 90 68 129
f 93 71 131
f 161 47 134
f 46 116 44
f 14 190 15
f 66 191 110
f 192 98 97
f 193 194 195
f 196 197 198
f 199 200 201
f 145 75 202
f 203 79 204
f 205 82 206
f 207 85 181
f 208 88 180
f 151 209 97
f 210 12 103
f 211 212 213
f 214 21 215
f 216 15 217
f 15 190 217
f 218 219 61
f 220 221 222
f 223 224 225
f 226 225 224
f 227 228 229
f 230 145 231
f 232 233 234
f 235 234 233
f 236 237 238
f 218 61 60
f 239 237 196
f 235 233 193
f 144 143 240
f 239 238 237
f 241 242 243
f 226 224 199
f 244 32 245
f 246 247 177
f 248 249 178
f 250 251 252
f 91 253 89
f 94 254 92
f 255 106 256
f 257 51 258
f 259 38 260
f 261 195 262
f 263 198 264
f 265 104 266
f 267 201 268
f 125 124 269
f 270 109 271
f 272 108 273
f 274 107 252
f 122 202 75
f 118 44 116
f 275 276 277
f 278 279 280
f 281 100 282
f 283 284 136
f 285 286 287
f 209 151 288
f 106 255 20
f 107 274 63
f 12 289 10
f 24 290 246
f 18 291 248
f 292 112 293
f 108 272 17
f 212 211 294
f 23 290 24
f 295 136 135
f 109 270 23
f 296 258 297
f 297 298 296
f 299 289 12
f 300 297 258
f 301 302 30
f 303 304 305
f 243 58 241
f 306 137 303
f 123 307 14
f 308 264 309
f 310 262 311
f 312 268 313
f 314 266 315
f 316 317 318
f 49 319 320
f 219 321 322
f 323 318 317
f 132 324 325
f 320 324 132
f 145 230 143
f 326 137 327
f 17 291 18
f 121 328 120
f 329 204 176
f 330 206 173
f 331 181 170
f 332 180 167
f 213 333 211
f 129 334 128
f 131 335 130
f 327 137 336
f 336 137 306
f 304 303 137
f 337 338 260
f 339 340 76
f 282 100 341
f 40 112 342
f 343 344 105
f 338 345 346
f 30 347 301
f 75 145 144
f 137 326 135
f 117 116 348
f 349 348 116
f 144 76 75
f 76 350 74
f 342 351 352
f 101 3 317
f 212 353 354
f 185 355 183
f 26 25 124
f 188 356 186
f 347 30 29
f 357 358 359
f 360 33 32
f 361 136 295
f 294 353 212
f 362 150 149
f 354 363 212
f 39 364 37
f 365 167 166
f 366 170 169
f 367 173 172
f 368 176 175
f 166 369 365
f 169 370 366
f 172 371 367
f 175 372 368
f 100 281 60
f 373 34 147
f 69 374 141
f 72 375 142
f 351 342 112
f 376 253 91
f 377 254 94
f 149 378 362
f 379 287 380
f 112 292 351
f 356 188 381
f 355 185 382
f 258 296 257
f 110 67 66
f 67 147 65
f 348 383 117
f 41 40 242
f 260 346 259
f 342 242 40
f 201 267 199
f 195 261 193
f 198 263 196
f 104 265 102
f 58 243 56
f 204 329 203
f 206 330 205
f 181 331 207
f 180 332 208
f 320 134 49
f 111 373 67
f 384 385 386
f 116 46 349
f 317 3 323
f 387 388 389
f 109 22 390
f 107 62 391
f 392 393 394
f 395 396 397
f 398 349 46
f 8 7 399
f 400 390 22
f 401 402 16
f 403 391 62
f 404 41 241
f 405 389 184
f 406 143 230
f 407 408 409
f 108 16 402
f 410 408 407
f 397 411 412
f 413 414 399
f 42 415 343
f 396 411 397
f 416 400 177
f 417 401 178
f 222 403 220
f 19 214 418
f 13 216 419
f 188 187 276
f 420 421 422
f 423 399 7
f 58 393 424
f 425 426 187
f 427 260 38
f 428 429 394
f 423 97 209
f 430 240 143
f 424 241 58
f 404 431 432
f 433 424 393
f 434 309 264
f 435 311 262
f 436 313 268
f 349 398 357
f 432 415 404
f 393 58 57
f 187 426 277
f 276 437 188
f 438 323 3
f 97 423 192
f 260 427 337
f 439 438 2
f 244 37 364
f 440 410 407
f 441 442 123
f 443 444 106
f 445 434 198
f 446 436 201
f 447 435 195
f 448 398 421
f 427 449 450
f 280 279 184
f 37 244 449
f 407 451 440
f 397 452 395
f 358 357 398
f 449 245 453
f 451 407 409
f 452 397 412
f 454 280 389
f 455 300 139
f 184 389 280
f 139 127 455
f 456 126 457
f 409 458 451
f 412 459 452
f 27 26 452
f 449 427 37
f 395 452 26
f 164 163 460
f 138 461 462
f 163 395 125
f 453 450 449
f 450 337 427
f 463 127 126
f 464 343 33
f 123 13 441
f 106 19 443
f 2 386 439
f 198 197 445
f 195 194 447
f 201 200 446
f 277 276 187
f 264 198 434
f 262 195 435
f 268 201 436
f 364 360 244
f 22 177 400
f 16 178 401
f 3 2 438
f 418 443 19
f 419 441 13
f 62 220 403
f 452 459 27
f 100 59 465
f 399 466 8
f 140 53 451
f 451 458 140
f 344 343 415
f 279 467 185
f 105 33 343
f 421 420 448
f 343 464 42
f 399 423 413
f 127 139 50
f 185 184 279
f 398 448 358
f 157 171 206
f 159 174 204
f 103 12 11
f 213 212 363
f 209 413 423
f 36 147 34
f 468 221 220
f 21 214 19
f 139 258 51
f 64 220 62
f 61 322 59
f 15 216 13
f 147 67 373
f 167 180 165
f 170 181 168
f 115 6 5
f 224 223 200
f 237 236 197
f 233 232 194
f 363 148 213
f 180 88 153
f 181 85 155
f 206 82 157
f 204 79 159
f 38 37 427
f 469 439 386
f 462 470 410
f 425 471 472
f 186 471 425
f 442 473 474
f 41 404 415
f 475 418 214
f 476 419 216
f 29 229 347
f 225 477 223
f 234 478 232
f 238 479 236
f 215 480 214
f 217 481 216
f 482 384 160
f 429 428 240
f 214 480 475
f 216 481 476
f 483 484 236
f 236 479 483
f 485 486 232
f 232 478 485
f 487 488 322
f 163 162 396
f 489 490 223
f 223 477 489
f 482 160 1
f 187 186 425
f 240 430 429
f 45 422 421
f 273 108 491
f 252 107 250
f 229 492 227
f 491 493 273
f 494 495 271
f 496 230 497
f 470 462 498
f 499 422 500
f 457 501 456
f 36 502 503
f 46 421 398
f 150 213 148
f 173 206 171
f 176 204 174
f 197 236 484
f 194 232 486
f 504 429 430
f 405 505 387
f 183 505 405
f 474 123 442
f 241 424 404
f 256 106 444
f 410 440 462
f 386 385 469
f 143 406 430
f 57 394 393
f 391 250 107
f 126 50 95
f 429 504 506
f 506 394 429
f 394 506 392
f 200 223 490
f 59 322 488
f 7 192 423
f 402 491 108
f 390 494 109
f 347 229 228
f 121 115 179
f 104 103 182
f 507 121 508
f 266 104 509
f 301 347 510
f 230 496 406
f 271 109 494
f 444 511 256
f 508 512 507
f 509 315 266
f 396 395 163
f 510 513 301
f 465 341 100
f 394 57 428
f 503 146 36
f 258 139 300
f 228 510 347
f 322 321 487
f 488 465 59
f 421 46 45
f 179 508 121
f 182 509 104
f 147 36 146
f 484 445 197
f 486 447 194
f 490 446 200
f 184 183 405
f 126 456 463
f 160 386 2
f 242 241 41
f 514 515 516
f 517 52 51
f 518 519 520
f 521 522 364
f 523 524 525
f 386 160 384
f 526 527 528
f 529 311 435
f 530 309 434
f 531 517 257
f 532 533 513
f 534 318 323
f 535 536 341
f 537 315 509
f 538 313 436
f 539 540 541
f 542 505 471
f 543 408 505
f 505 542 543
f 544 411 408
f 408 543 544
f 411 544 545
f 68 546 547
f 71 548 549
f 550 551 552
f 553 359 554
f 362 555 556
f 141 557 558
f 142 559 560
f 12 210 299
f 561 562 563
f 550 564 565
f 564 550 566
f 516 567 568
f 567 516 569
f 570 299 210
f 571 572 573
f 574 575 576
f 498 577 470
f 578 271 579
f 580 273 581
f 582 252 583
f 430 584 504
f 430 585 584
f 586 587 588
f 235 225 226
f 589 590 591
f 592 593 594
f 552 595 550
f 238 564 566
f 596 575 574
f 133 132 325
f 226 597 598
f 599 514 600
f 601 602 603
f 604 561 588
f 532 605 606
f 588 561 586
f 431 404 424
f 607 568 529
f 424 433 431
f 598 120 328
f 311 529 567
f 608 471 190
f 471 608 542
f 562 561 609
f 357 610 349
f 520 527 518
f 604 611 118
f 379 612 467
f 613 525 524
f 148 574 576
f 414 614 466
f 249 248 615
f 87 86 616
f 492 43 617
f 322 61 219
f 618 619 453
f 412 411 620
f 248 291 615
f 43 482 617
f 621 622 623
f 340 339 119
f 555 362 624
f 540 539 625
f 625 626 540
f 118 627 604
f 467 628 379
f 287 275 629
f 355 505 183
f 523 630 631
f 631 632 523
f 630 523 633
f 634 635 636
f 637 317 316
f 638 282 639
f 6 640 4
f 577 498 641
f 432 642 344
f 643 644 645
f 134 320 132
f 356 471 186
f 270 290 23
f 319 324 320
f 646 494 390
f 647 648 649
f 650 651 652
f 653 654 655
f 656 304 657
f 658 124 25
f 659 55 54
f 28 30 302
f 660 623 661
f 524 523 632
f 632 662 524
f 597 640 6
f 457 95 663
f 113 293 112
f 344 31 105
f 103 102 210
f 603 664 593
f 364 39 521
f 35 665 502
f 661 666 660
f 667 660 666
f 623 660 621
f 660 667 668
f 668 621 660
f 122 669 670
f 437 671 286
f 672 491 402
f 673 250 391
f 547 69 68
f 549 72 71
f 525 633 523
f 526 674 675
f 676 677 546
f 678 679 548
f 226 199 267
f 680 516 538
f 681 284 682
f 683 684 685
f 686 687 688
f 285 689 690
f 691 605 692
f 693 694 695
f 48 695 694
f 694 49 48
f 426 425 472
f 696 697 518
f 698 605 699
f 699 605 700
f 346 701 361
f 702 703 704
f 705 586 531
f 706 707 534
f 708 141 374
f 709 142 375
f 710 711 530
f 712 713 537
f 714 715 535
f 699 510 228
f 592 716 717
f 389 405 387
f 243 718 719
f 474 720 307
f 56 719 721
f 174 722 653
f 171 723 650
f 168 724 647
f 165 725 726
f 39 727 728
f 726 605 691
f 729 518 527
f 450 453 619
f 194 193 233
f 229 29 43
f 643 730 731
f 390 732 646
f 402 733 672
f 391 734 673
f 628 467 279
f 590 540 626
f 508 599 600
f 598 114 120
f 735 500 422
f 323 706 534
f 717 603 592
f 603 717 601
f 570 210 102
f 359 565 585
f 359 553 357
f 736 737 461
f 115 120 114
f 497 738 496
f 739 48 47
f 563 304 561
f 306 352 351
f 728 521 39
f 363 596 574
f 600 512 508
f 666 740 667
f 200 199 224
f 197 196 237
f 681 151 96
f 683 111 110
f 686 444 443
f 690 442 441
f 653 175 174
f 650 172 171
f 647 169 168
f 726 166 165
f 295 727 259
f 113 42 464
f 573 741 742
f 573 743 744
f 692 605 648
f 546 677 547
f 548 679 549
f 745 746 747
f 704 748 702
f 749 750 751
f 752 753 754
f 755 368 756
f 757 367 758
f 759 366 760
f 761 365 762
f 763 667 740
f 667 763 764
f 573 765 741
f 596 363 354
f 766 256 767
f 461 768 736
f 769 770 771
f 772 381 773
f 774 694 693
f 473 775 776
f 493 777 581
f 778 707 779
f 251 780 583
f 369 781 762
f 378 782 624
f 370 783 760
f 374 784 708
f 371 785 758
f 375 786 709
f 372 787 756
f 6 114 597
f 788 472 789
f 458 409 790
f 247 246 791
f 792 325 793
f 221 468 794
f 353 294 795
f 253 376 796
f 254 377 797
f 798 799 619
f 800 801 802
f 802 803 800
f 801 804 805
f 805 802 801
f 682 284 283
f 806 807 808
f 685 684 809
f 810 811 807
f 688 687 812
f 689 687 813
f 472 471 789
f 409 408 790
f 246 290 791
f 743 573 742
f 744 743 672
f 325 324 793
f 814 815 739
f 673 816 817
f 817 816 818
f 576 575 819
f 819 575 820
f 649 648 821
f 547 677 822
f 822 677 823
f 652 651 824
f 549 679 825
f 825 679 826
f 655 654 827
f 828 829 740
f 830 613 831
f 832 833 834
f 612 379 380
f 835 750 414
f 836 753 35
f 802 805 837
f 807 21 20
f 838 839 773
f 695 840 693
f 841 541 842
f 623 843 844
f 843 623 622
f 611 604 588
f 721 845 846
f 847 848 849
f 482 101 637
f 593 850 851
f 515 852 313
f 853 159 158
f 854 157 156
f 855 155 154
f 856 153 152
f 698 228 227
f 857 551 500
f 858 268 312
f 859 500 551
f 860 861 862
f 861 860 863
f 849 863 860
f 863 849 848
f 864 865 866
f 769 867 231
f 393 392 433
f 135 728 727
f 600 514 868
f 54 869 659
f 869 54 870
f 140 870 54
f 495 572 871
f 837 872 802
f 512 600 868
f 873 663 95
f 872 837 874
f 875 876 834
f 269 877 878
f 851 594 593
f 879 490 489
f 327 292 880
f 33 360 464
f 344 881 882
f 550 358 448
f 550 448 420
f 807 215 21
f 883 566 501
f 388 387 884
f 304 885 305
f 885 304 656
f 711 886 887
f 886 711 888
f 568 889 711
f 889 568 890
f 387 505 884
f 572 571 871
f 715 891 713
f 891 715 892
f 605 893 707
f 893 605 894
f 894 605 698
f 605 895 606
f 740 666 828
f 831 524 662
f 602 601 896
f 896 897 602
f 898 486 485
f 899 484 483
f 900 298 901
f 609 383 902
f 903 488 487
f 904 11 10
f 905 901 298
f 906 902 383
f 863 907 861
f 907 863 528
f 227 894 698
f 531 586 886
f 239 263 908
f 530 711 889
f 235 261 909
f 529 568 567
f 910 379 628
f 162 411 396
f 570 265 911
f 537 713 891
f 218 281 638
f 535 715 912
f 534 707 893
f 472 788 426
f 325 792 133
f 426 788 913
f 612 914 915
f 133 792 916
f 602 917 664
f 918 866 865
f 866 918 919
f 917 602 897
f 300 455 552
f 920 921 525
f 518 729 696
f 640 597 922
f 479 238 566
f 895 605 856
f 856 605 725
f 313 538 515
f 228 698 699
f 597 226 922
f 598 328 923
f 924 541 540
f 525 613 920
f 293 880 292
f 552 925 300
f 926 528 527
f 528 848 526
f 598 597 114
f 55 659 927
f 730 878 928
f 25 929 658
f 929 25 930
f 868 931 512
f 932 567 569
f 933 889 890
f 934 886 888
f 935 588 587
f 846 885 656
f 885 846 845
f 845 305 885
f 259 361 295
f 936 937 938
f 939 940 941
f 475 942 943
f 476 944 945
f 913 946 629
f 914 380 946
f 27 930 25
f 416 741 765
f 417 947 948
f 916 949 950
f 222 951 952
f 354 953 596
f 89 954 676
f 92 955 678
f 158 956 853
f 156 957 854
f 154 958 855
f 152 895 856
f 959 606 895
f 960 893 894
f 469 961 778
f 962 912 961
f 963 891 892
f 901 905 964
f 964 935 901
f 880 293 521
f 521 728 880
f 965 966 767
f 923 507 967
f 312 922 858
f 477 225 968
f 310 968 909
f 478 234 969
f 308 969 908
f 807 767 966
f 915 789 970
f 641 884 577
f 645 790 971
f 636 616 634
f 316 617 637
f 639 972 638
f 314 973 911
f 974 803 975
f 975 976 974
f 976 975 977
f 977 978 976
f 978 977 979
f 803 802 872
f 980 981 982
f 983 984 981
f 981 980 983
f 520 982 981
f 982 520 519
f 984 907 926
f 985 986 987
f 987 988 985
f 988 987 989
f 989 990 988
f 990 989 991
f 991 992 990
f 992 991 993
f 993 994 992
f 994 993 995
f 995 996 994
f 996 995 997
f 997 998 996
f 998 997 999
f 999 1000 998
f 1000 999 1001
f 1001 1002 1000
f 1002 1001 1003
f 1003 1004 1002
f 1004 1003 1005
f 1005 1006 1004
f 1006 1005 1007
f 1007 1008 1006
f 1008 1007 1009
f 1009 1010 1008
f 1010 1009 1011
f 1011 1012 1010
f 1012 1011 1013
f 1013 1014 1012
f 1014 1013 1015
f 1015 1016 1014
f 1016 1015 1017
f 1017 1018 1016
f 1018 1017 1019
f 1019 1020 1018
f 1020 1019 1021
f 1021 1022 1020
f 1022 1021 1023
f 1023 1024 1022
f 1024 1023 1025
f 1025 1026 1024
f 1026 1025 1027
f 1027 1028 1026
f 1028 1027 1029
f 1029 1030 1028
f 1030 1029 1031
f 1031 1032 1030
f 1032 1031 1033
f 1033 1034 1032
f 1034 1033 1035
f 1035 1036 1034
f 1036 1035 1037
f 1038 674 847
f 674 1038 1039
f 1039 675 674
f 359 430 406
f 807 806 810
f 807 255 766
f 886 586 887
f 285 945 944
f 564 238 239
f 239 908 969
f 287 629 946
f 287 946 380
f 234 239 969
f 235 909 968
f 789 505 970
f 970 505 355
f 287 379 910
f 225 235 968
f 884 408 577
f 577 408 470
f 790 411 971
f 971 411 162
f 570 911 973
f 218 638 972
f 744 948 947
f 482 637 617
f 707 912 715
f 912 707 961
f 961 707 778
f 814 950 949
f 28 634 616
f 1040 1041 920
f 920 1042 1040
f 1041 1043 921
f 1044 921 1043
f 921 1044 633
f 1045 633 1044
f 633 1045 630
f 1046 1047 1048
f 1048 1049 1046
f 1049 1048 833
f 1047 1050 1051
f 1051 1048 1047
f 875 833 1048
f 1052 1051 1050
f 1051 1052 1053
f 1053 875 1051
f 875 1053 1054
f 1054 1055 875
f 1056 1057 851
f 851 1058 1056
f 1058 851 850
f 850 1059 1058
f 1059 850 1060
f 1060 1061 1059
f 1061 1060 1062
f 1057 1063 594
f 594 851 1057
f 1064 594 1063
f 1065 864 1066
f 1067 1068 1069
f 1069 1070 1067
f 1070 1069 1071
f 1071 1072 1070
f 1072 1071 1073
f 1040 1074 1041
f 1041 1074 1075
f 1041 1075 1043
f 876 875 1055
f 875 834 833
f 32 244 360
f 125 460 163
f 127 463 1076
f 462 440 138
f 245 449 244
f 26 125 395
f 440 451 53
f 53 138 440
f 1076 455 127
f 344 798 618
f 344 618 881
f 344 882 31
f 808 665 752
f 566 550 595
f 566 463 456
f 566 456 501
f 793 794 468
f 793 468 64
f 793 63 274
f 1077 1078 761
f 794 294 211
f 1079 331 1080
f 1081 80 205
f 1081 205 330
f 797 1081 77
f 1082 1083 864
f 1084 1085 1086
f 1069 1087 1088
f 1089 1090 1091
f 1092 1093 1094
f 1095 1096 1097
f 1098 1095 1099
f 1100 1101 1102
f 1103 1104 1105
f 1106 1107 1108
f 1109 1110 1111
f 870 1112 869
f 1112 870 731
f 731 928 1112
f 928 731 730
f 930 1113 929
f 1113 930 871
f 871 571 1113
f 569 489 932
f 890 485 933
f 888 483 934
f 562 902 771
f 771 563 562
f 1114 1115 745
f 745 283 1114
f 937 936 704
f 704 809 937
f 940 939 1116
f 1116 812 940
f 942 475 775
f 775 813 942
f 944 476 839
f 839 1117 944
f 946 913 914
f 1118 454 1119
f 1119 1120 1118
f 870 140 644
f 644 731 870
f 930 27 1121
f 1121 871 930
f 741 416 777
f 777 742 741
f 947 417 840
f 840 1122 947
f 949 916 780
f 780 818 949
f 951 222 782
f 782 820 951
f 953 354 784
f 784 823 953
f 954 89 786
f 786 826 954
f 955 92 787
f 787 827 955
f 956 158 785
f 785 824 956
f 957 156 783
f 783 821 957
f 958 154 781
f 781 692 958
f 895 152 959
f 894 227 960
f 961 469 962
f 892 487 963
f 1123 10 931
f 931 868 1123
f 902 906 1124
f 1124 771 902
f 352 718 342
f 1115 1125 746
f 746 745 1115
f 936 1126 748
f 748 704 936
f 939 1127 1128
f 1128 1116 939
f 905 925 857
f 857 964 905
f 906 610 1129
f 1129 1124 906
f 242 342 718
f 293 113 522
f 522 521 293
f 1125 1130 1131
f 1131 746 1125
f 1126 1132 1133
f 1133 748 1126
f 1127 965 1134
f 1134 1128 1127
f 925 552 551
f 551 857 925
f 610 357 553
f 553 1129 610
f 1130 1135 751
f 751 1131 1130
f 1132 99 754
f 754 1133 1132
f 767 1134 965
f 967 1136 923
f 922 312 640
f 968 310 477
f 969 308 478
f 566 883 479
f 799 751 1135
f 751 799 749
f 99 9 808
f 808 754 99
f 754 808 752
f 480 215 811
f 811 776 480
f 481 217 1137
f 1137 773 481
f 789 915 788
f 884 641 388
f 790 645 458
f 620 579 459
f 791 581 247
f 615 693 249
f 793 583 792
f 583 793 582
f 794 624 221
f 624 794 555
f 795 708 353
f 708 795 557
f 796 709 253
f 709 796 559
f 797 756 254
f 756 797 755
f 1081 758 78
f 758 1081 757
f 1079 760 81
f 760 1079 759
f 1077 762 84
f 762 1077 761
f 616 636 87
f 617 316 492
f 972 639 385
f 321 219 973
f 973 314 321
f 289 299 1136
f 1136 967 289
f 1138 1139 1140
f 1139 1138 1141
f 1141 1138 1142
f 1141 1142 1143
f 1143 1142 1144
f 1143 1144 1145
f 1145 1144 1146
f 1145 1146 1147
f 1147 1146 1148
f 1147 1148 1149
f 1149 1148 1150
f 1149 1150 1151
f 1151 1150 1152
f 1151 1152 642
f 642 1152 1153
f 642 1153 1154
f 1154 1153 1155
f 1154 1155 1156
f 1156 1155 1157
f 1156 1157 1158
f 1158 1157 1159
f 1158 1159 1160
f 1160 1159 1161
f 1160 1161 1162
f 1162 1161 1163
f 1162 1163 608
f 608 1163 545
f 608 545 542
f 542 545 544
f 542 544 543
f 979 1164 978
f 1164 979 1165
f 1165 1166 1164
f 1166 1165 1167
f 1167 1168 1166
f 1168 1167 1169
f 1169 1170 1168
f 1170 1169 1171
f 1171 1172 1170
f 1172 1171 1173
f 1173 1174 1172
f 1174 1173 1175
f 1175 1176 1174
f 1176 1175 1177
f 1177 1178 1176
f 1178 1177 1179
f 1179 1180 1178
f 1180 1179 1181
f 1181 1182 1180
f 1182 1181 1183
f 1183 1184 1182
f 1184 1183 1185
f 1185 1186 1184
f 1186 1185 1187
f 1187 1188 1186
f 1188 1187 1189
f 1189 1190 1188
f 1190 1189 1191
f 1191 1192 1190
f 1192 1191 1193
f 1193 1194 1192
f 1194 1193 1195
f 1195 1196 1194
f 1196 1195 1197
f 1197 1198 1196
f 1198 1197 1199
f 1199 1200 1198
f 1200 1199 1201
f 1201 1202 1200
f 1202 1201 1203
f 1203 1204 1202
f 1204 1203 1205
f 1205 1206 1204
f 1206 1205 1207
f 1207 1208 1206
f 1208 1207 1209
f 1209 1210 1208
f 1210 1209 1211
f 1211 1212 1210
f 1212 1211 1213
f 1213 1214 1212
f 1214 1213 1215
f 1215 1216 1214
f 1216 1215 1217
f 1217 1218 1216
f 1218 1217 800
f 800 1219 1218
f 1219 800 803
f 803 974 1219
f 1220 1165 979
f 1165 1220 1221
f 1221 1167 1165
f 1167 1221 1222
f 1222 1169 1167
f 1169 1222 1223
f 1223 1171 1169
f 1171 1223 1224
f 1224 1173 1171
f 1173 1224 1225
f 1225 1175 1173
f 1175 1225 1226
f 1226 1177 1175
f 1177 1226 1227
f 1227 1179 1177
f 1179 1227 1228
f 1228 1181 1179
f 1181 1228 1229
f 1229 1183 1181
f 1183 1229 1230
f 1230 1185 1183
f 1185 1230 1231
f 1231 1187 1185
f 1187 1231 1232
f 1232 1189 1187
f 1189 1232 1233
f 1233 1191 1189
f 1191 1233 1234
f 1234 1193 1191
f 1193 1234 1235
f 1235 1195 1193
f 1195 1235 1236
f 1236 1197 1195
f 1197 1236 1237
f 1237 1199 1197
f 1199 1237 1238
f 1238 1201 1199
f 1201 1238 1239
f 1239 1203 1201
f 1203 1239 1240
f 1240 1205 1203
f 1205 1240 1241
f 1241 1207 1205
f 1207 1241 1242
f 1242 1209 1207
f 1209 1242 1243
f 1243 1211 1209
f 1211 1243 1244
f 1244 1213 1211
f 1213 1244 1245
f 1245 1215 1213
f 1215 1245 1246
f 1246 1217 1215
f 1217 1246 801
f 801 800 1217
f 1220 1247 1248
f 1248 1221 1220
f 1221 1248 1249
f 1249 1222 1221
f 1222 1249 1250
f 1250 1223 1222
f 1223 1250 1251
f 1251 1224 1223
f 1224 1251 1252
f 1252 1225 1224
f 1225 1252 1253
f 1253 1226 1225
f 1226 1253 1254
f 1254 1227 1226
f 1227 1254 1255
f 1255 1228 1227
f 1228 1255 1256
f 1256 1229 1228
f 1229 1256 1257
f 1257 1230 1229
f 1230 1257 1258
f 1258 1231 1230
f 1231 1258 1259
f 1259 1232 1231
f 1232 1259 1260
f 1260 1233 1232
f 1233 1260 1261
f 1261 1234 1233
f 1234 1261 1262
f 1262 1235 1234
f 1235 1262 1263
f 1263 1236 1235
f 1236 1263 1264
f 1264 1237 1236
f 1237 1264 1265
f 1265 1238 1237
f 1238 1265 1266
f 1266 1239 1238
f 1239 1266 1267
f 1267 1240 1239
f 1240 1267 1268
f 1268 1241 1240
f 1241 1268 1269
f 1269 1242 1241
f 1242 1269 1270
f 1270 1243 1242
f 1243 1270 1271
f 1271 1244 1243
f 1244 1271 1272
f 1272 1245 1244
f 1245 1272 1273
f 1273 1246 1245
f 1246 1273 804
f 804 801 1246
f 805 1274 1275
f 1275 837 805
f 837 1275 1276
f 1276 874 837
f 874 1276 1277
f 1277 1278 874
f 1278 1277 1279
f 1279 1247 1278
f 1247 1279 1280
f 1280 1248 1247
f 1248 1280 1281
f 1281 1249 1248
f 1249 1281 1282
f 1282 1250 1249
f 1250 1282 1283
f 1283 1251 1250
f 1251 1283 1284
f 1284 1252 1251
f 1252 1284 1285
f 1285 1253 1252
f 1253 1285 1286
f 1286 1254 1253
f 1254 1286 1287
f 1287 1255 1254
f 1255 1287 1288
f 1288 1256 1255
f 1256 1288 1289
f 1289 1257 1256
f 1257 1289 1290
f 1290 1258 1257
f 1258 1290 1291
f 1291 1259 1258
f 1259 1291 1292
f 1292 1260 1259
f 1260 1292 1293
f 1293 1261 1260
f 1261 1293 1294
f 1294 1262 1261
f 1262 1294 1295
f 1295 1263 1262
f 1263 1295 1296
f 1296 1264 1263
f 1264 1296 1297
f 1297 1265 1264
f 1265 1297 1298
f 1298 1266 1265
f 1266 1298 1299
f 1299 1267 1266
f 1267 1299 1300
f 1300 1268 1267
f 1268 1300 1301
f 1301 1269 1268
f 1269 1301 1302
f 1302 1270 1269
f 1270 1302 1303
f 1303 1271 1270
f 1271 1303 1304
f 1304 1272 1271
f 1272 1304 1305
f 1305 1273 1272
f 1273 1305 1306
f 1306 804 1273
f 804 1306 1274
f 1274 805 804
f 1307 980 1308
f 1308 1309 1307
f 1309 1308 1310
f 1310 1311 1309
f 1311 1310 1312
f 1312 1313 1311
f 1313 1312 1314
f 1314 1315 1313
f 1315 1314 1316
f 1316 1317 1315
f 1317 1316 1318
f 1318 1319 1317
f 1319 1318 1320
f 1320 1321 1319
f 1321 1320 1322
f 1322 1323 1321
f 1323 1322 1324
f 1324 1325 1323
f 1325 1324 1326
f 1326 1327 1325
f 1327 1326 1328
f 1328 1329 1327
f 1329 1328 1330
f 1330 1331 1329
f 1331 1330 1332
f 1332 1333 1331
f 1333 1332 1334
f 1334 1335 1333
f 1335 1334 1336
f 1336 1337 1335
f 1337 1336 1338
f 1338 1339 1337
f 1339 1338 1340
f 1340 1341 1339
f 1341 1340 1342
f 1342 1343 1341
f 1343 1342 1344
f 1344 1345 1343
f 1345 1344 1346
f 1346 1347 1345
f 1347 1346 1348
f 1348 1349 1347
f 1349 1348 1350
f 1350 1351 1349
f 1351 1350 1352
f 1352 1353 1351
f 1353 1352 1354
f 1354 1355 1353
f 1355 1354 1356
f 1356 1357 1355
f 1357 1356 1358
f 1358 1359 1357
f 1359 1358 1360
f 1360 1361 1359
f 1361 1360 1362
f 1362 1363 1361
f 1363 1362 1364
f 1364 1365 1363
f 1365 1364 1366
f 1366 1367 1365
f 1367 1366 983
f 983 1368 1367
f 1368 983 980
f 980 1307 1368
f 982 1308 980
f 1308 982 1369
f 1369 1310 1308
f 1310 1369 1370
f 1370 1312 1310
f 1312 1370 1371
f 1371 1314 1312
f 1314 1371 1372
f 1372 1316 1314
f 1316 1372 1373
f 1373 1318 1316
f 1318 1373 1374
f 1374 1320 1318
f 1320 1374 1375
f 1375 1322 1320
f 1322 1375 1376
f 1376 1324 1322
f 1324 1376 1377
f 1377 1326 1324
f 1326 1377 1378
f 1378 1328 1326
f 1328 1378 1379
f 1379 1330 1328
f 1330 1379 1380
f 1380 1332 1330
f 1332 1380 1381
f 1381 1334 1332
f 1334 1381 1382
f 1382 1336 1334
f 1336 1382 1383
f 1383 1338 1336
f 1338 1383 1384
f 1384 1340 1338
f 1340 1384 1385
f 1385 1342 1340
f 1342 1385 1386
f 1386 1344 1342
f 1344 1386 1387
f 1387 1346 1344
f 1346 1387 1388
f 1388 1348 1346
f 1348 1388 1389
f 1389 1350 1348
f 1350 1389 1390
f 1390 1352 1350
f 1352 1390 1391
f 1391 1354 1352
f 1354 1391 1392
f 1392 1356 1354
f 1356 1392 1393
f 1393 1358 1356
f 1358 1393 1394
f 1394 1360 1358
f 1360 1394 1395
f 1395 1362 1360
f 1362 1395 1396
f 1396 1364 1362
f 1364 1396 1397
f 1397 1366 1364
f 1366 1397 984
f 984 983 1366
f 519 1369 982
f 1369 519 1398
f 1398 1370 1369
f 1370 1398 1399
f 1399 1371 1370
f 1371 1399 1400
f 1400 1372 1371
f 1372 1400 1401
f 1401 1373 1372
f 1373 1401 1402
f 1402 1374 1373
f 1374 1402 1403
f 1403 1375 1374
f 1375 1403 1404
f 1404 1376 1375
f 1376 1404 1405
f 1405 1377 1376
f 1377 1405 1406
f 1406 1378 1377
f 1378 1406 1407
f 1407 1379 1378
f 1379 1407 1408
f 1408 1380 1379
f 1380 1408 1409
f 1409 1381 1380
f 1381 1409 1410
f 1410 1382 1381
f 1382 1410 1411
f 1411 1383 1382
f 1383 1411 1412
f 1412 1384 1383
f 1384 1412 1413
f 1413 1385 1384
f 1385 1413 1414
f 1414 1386 1385
f 1386 1414 1415
f 1415 1387 1386
f 1387 1415 1416
f 1416 1388 1387
f 1388 1416 1417
f 1417 1389 1388
f 1389 1417 1418
f 1418 1390 1389
f 1390 1418 1419
f 1419 1391 1390
f 1391 1419 1420
f 1420 1392 1391
f 1392 1420 1421
f 1421 1393 1392
f 1393 1421 1422
f 1422 1394 1393
f 1394 1422 1423
f 1423 1395 1394
f 1395 1423 862
f 862 1396 1395
f 1396 862 861
f 861 1397 1396
f 1397 861 907
f 907 984 1397
f 847 1424 1038
f 675 1039 1425
f 1425 1426 675
f 1426 1425 1427
f 1427 1428 1426
f 1428 1427 1429
f 1429 986 1428
f 986 1429 1430
f 1430 987 986
f 987 1430 1431
f 1431 989 987
f 989 1431 1432
f 1432 991 989
f 991 1432 1433
f 1433 993 991
f 993 1433 1434
f 1434 995 993
f 995 1434 1435
f 1435 997 995
f 997 1435 1436
f 1436 999 997
f 999 1436 1437
f 1437 1001 999
f 1001 1437 1438
f 1438 1003 1001
f 1003 1438 1439
f 1439 1005 1003
f 1005 1439 1440
f 1440 1007 1005
f 1007 1440 1441
f 1441 1009 1007
f 1009 1441 1442
f 1442 1011 1009
f 1011 1442 1443
f 1443 1013 1011
f 1013 1443 1444
f 1444 1015 1013
f 1015 1444 1445
f 1445 1017 1015
f 1017 1445 1446
f 1446 1019 1017
f 1019 1446 1447
f 1447 1021 1019
f 1021 1447 1448
f 1448 1023 1021
f 1023 1448 1449
f 1449 1025 1023
f 1025 1449 1450
f 1450 1027 1025
f 1027 1450 1451
f 1451 1029 1027
f 1029 1451 1452
f 1452 1031 1029
f 1031 1452 1453
f 1453 1033 1031
f 1033 1453 1454
f 1454 1035 1033
f 1035 1454 1455
f 1455 1037 1035
f 1037 1455 1424
f 1424 847 1037
f 808 798 806
f 798 808 799
f 799 808 9
f 284 937 809
f 684 940 812
f 809 684 284
f 811 810 1456
f 687 942 813
f 812 687 684
f 566 595 1076
f 566 1076 463
f 190 811 1456
f 217 190 1137
f 687 689 285
f 285 944 1117
f 775 475 480
f 480 776 775
f 483 873 934
f 873 483 663
f 663 483 883
f 883 483 479
f 471 1137 190
f 839 476 481
f 481 773 839
f 933 485 478
f 478 308 933
f 505 789 471
f 910 1118 1120
f 914 913 788
f 788 915 914
f 932 489 477
f 477 310 932
f 408 884 505
f 1119 454 388
f 388 641 1119
f 598 923 1136
f 852 4 640
f 640 312 852
f 411 790 408
f 644 140 458
f 458 645 644
f 299 598 1136
f 598 299 570
f 713 868 514
f 868 713 1123
f 931 10 289
f 289 967 931
f 290 620 411
f 1121 27 459
f 459 579 1121
f 219 570 973
f 570 219 218
f 963 487 321
f 321 314 963
f 291 791 290
f 744 947 1122
f 777 416 247
f 247 581 777
f 962 469 385
f 385 639 962
f 324 615 291
f 744 815 814
f 814 949 818
f 840 417 249
f 249 693 840
f 960 227 492
f 492 316 960
f 794 324 1457
f 324 794 793
f 816 951 820
f 818 816 814
f 780 916 792
f 792 583 780
f 616 1458 28
f 1458 616 1077
f 1077 616 86
f 1077 86 208
f 959 152 87
f 87 636 959
f 795 1457 1459
f 1457 795 794
f 575 953 823
f 820 575 816
f 782 222 221
f 221 624 782
f 1077 1460 1458
f 1460 1077 1079
f 1079 83 207
f 1079 1080 759
f 648 958 692
f 821 648 651
f 781 154 84
f 84 762 781
f 796 1459 1461
f 1459 796 795
f 795 796 376
f 795 128 334
f 677 954 826
f 823 677 575
f 784 354 353
f 353 708 784
f 1079 1462 1460
f 1462 1079 1081
f 651 957 821
f 824 651 654
f 783 156 81
f 81 760 783
f 797 1461 1463
f 1461 797 796
f 796 130 335
f 796 560 559
f 679 955 827
f 826 679 677
f 786 89 253
f 253 709 786
f 1081 1463 1462
f 1463 1081 797
f 654 956 824
f 827 654 679
f 785 158 78
f 78 758 785
f 787 92 254
f 254 756 787
f 1464 1465 1466
f 1466 1467 1464
f 1465 1468 1469
f 1469 1466 1465
f 1470 1471 1472
f 1472 1473 1470
f 1474 1475 1476
f 1476 1477 1474
f 1475 1478 842
f 842 1476 1475
f 1479 1480 1481
f 1481 1482 1479
f 1483 1484 1485
f 1485 1486 1483
f 1484 1464 1467
f 1467 1485 1484
f 1467 1466 1487
f 1487 1488 1467
f 1466 1469 1489
f 1489 1487 1466
f 1473 1472 1490
f 1490 1491 1473
f 1482 1481 1492
f 1492 841 1482
f 1486 1485 1493
f 1493 1494 1486
f 1485 1467 1488
f 1488 1493 1485
f 1488 1487 1495
f 1495 1496 1488
f 1487 1489 1497
f 1497 1495 1487
f 1491 1490 1498
f 1498 1499 1491
f 841 1492 1500
f 1500 539 841
f 1494 1493 1501
f 1501 1502 1494
f 1493 1488 1496
f 1496 1501 1493
f 1496 1495 1503
f 1503 1504 1496
f 1495 1497 1505
f 1505 1503 1495
f 1499 1498 1506
f 1506 1507 1499
f 591 1508 589
f 539 1500 1509
f 1509 625 539
f 1502 1501 1510
f 1510 1511 1502
f 1501 1496 1504
f 1504 1510 1501
f 1504 1503 1512
f 1512 1513 1504
f 1503 1505 1514
f 1514 1512 1503
f 1507 1506 1515
f 1515 1516 1507
f 1508 591 1517
f 1517 1518 1508
f 625 1509 1519
f 1519 1520 625
f 1511 1510 1521
f 1521 1522 1511
f 1510 1504 1513
f 1513 1521 1510
f 1513 1512 1523
f 1523 1524 1513
f 1512 1514 1525
f 1525 1523 1512
f 1516 1515 1526
f 1526 1527 1516
f 1518 1517 1528
f 1528 1529 1518
f 1530 1528 1517
f 1520 1519 1531
f 1531 1532 1520
f 1522 1521 1533
f 1533 1534 1522
f 1521 1513 1524
f 1524 1533 1521
f 1524 1523 1535
f 1535 1536 1524
f 1523 1525 1537
f 1537 1535 1523
f 1527 1526 1538
f 1538 1539 1527
f 1529 1528 1540
f 1540 1541 1529
f 1528 1530 1542
f 1542 1540 1528
f 1532 1531 1543
f 1543 1544 1532
f 1534 1533 1545
f 1545 1546 1534
f 1533 1524 1536
f 1536 1545 1533
f 1536 1535 1547
f 1547 1548 1536
f 1535 1537 1549
f 1549 1547 1535
f 1539 1538 1550
f 1550 1551 1539
f 1541 1540 1552
f 1552 1553 1541
f 1540 1542 1554
f 1554 1552 1540
f 1544 1543 1555
f 1555 1556 1544
f 1546 1545 1557
f 1557 1558 1546
f 1545 1536 1548
f 1548 1557 1545
f 1548 1547 1559
f 1559 1560 1548
f 1547 1549 1561
f 1561 1559 1547
f 1551 1550 1562
f 1562 1563 1551
f 1553 1552 1564
f 1564 1565 1553
f 1552 1554 1566
f 1566 1564 1552
f 1556 1555 1567
f 1567 1568 1556
f 1558 1557 1569
f 1569 1570 1558
f 1557 1548 1560
f 1560 1569 1557
f 1560 1559 1571
f 1571 1572 1560
f 1559 1561 1573
f 1573 1571 1559
f 1563 1562 1574
f 1574 1575 1563
f 1565 1564 1576
f 1576 1577 1565
f 1564 1566 1578
f 1578 1576 1564
f 1568 1567 1579
f 1579 1580 1568
f 1570 1569 1581
f 1581 1582 1570
f 1569 1560 1572
f 1572 1581 1569
f 1572 1571 1583
f 1583 1584 1572
f 1571 1573 1585
f 1585 1583 1571
f 1575 1574 1586
f 1586 1587 1575
f 1577 1576 1588
f 1588 1589 1577
f 1576 1578 1590
f 1590 1588 1576
f 1580 1579 1591
f 1591 1592 1580
f 1582 1581 1593
f 1593 1594 1582
f 1581 1572 1584
f 1584 1593 1581
f 1584 1583 1595
f 1595 1596 1584
f 1583 1585 1597
f 1597 1595 1583
f 1587 1586 1598
f 1598 1599 1587
f 1589 1588 1600
f 1600 1601 1589
f 1588 1590 1602
f 1602 1600 1588
f 1592 1591 1603
f 1603 1604 1592
f 1594 1593 1605
f 1605 1606 1594
f 1593 1584 1596
f 1596 1605 1593
f 1596 1595 1607
f 1607 1608 1596
f 1595 1597 1609
f 1609 1607 1595
f 1599 1598 1610
f 1610 1611 1599
f 1601 1600 1612
f 1612 1613 1601
f 1600 1602 1614
f 1614 1612 1600
f 1604 1603 1615
f 1615 1616 1604
f 1606 1605 1617
f 1617 1618 1606
f 1605 1596 1608
f 1608 1617 1605
f 1608 1607 1619
f 1619 1620 1608
f 1607 1609 1621
f 1621 1619 1607
f 1611 1610 1622
f 1622 1623 1611
f 1613 1612 828
f 828 1624 1613
f 1612 1614 829
f 829 828 1612
f 1616 1615 1625
f 1625 1626 1616
f 1618 1617 1627
f 1627 1628 1618
f 1617 1608 1620
f 1620 1627 1617
f 1620 1619 1629
f 1629 1630 1620
f 1619 1621 1631
f 1631 1629 1619
f 1623 1622 844
f 844 1632 1623
f 1626 1625 1633
f 1633 1634 1626
f 1628 1627 1635
f 1635 1636 1628
f 1627 1620 1630
f 1630 1635 1627
f 1630 1629 1637
f 1637 1638 1630
f 1629 1631 1639
f 1639 1637 1629
f 1632 844 843
f 843 1640 1632
f 1634 1633 1641
f 1641 763 1634
f 1636 1635 1642
f 1642 1643 1636
f 1635 1630 1638
f 1638 1642 1635
f 1638 1637 1644
f 1644 1645 1638
f 1637 1639 1646
f 1646 1644 1637
f 1640 843 1647
f 1647 1648 1640
f 763 1641 1649
f 1649 764 763
f 1643 1642 1650
f 1650 1651 1643
f 1642 1638 1645
f 1645 1650 1642
f 1645 1644 1652
f 1652 1653 1645
f 1644 1646 1654
f 1654 1652 1644
f 1648 1647 1655
f 1655 1656 1648
f 1657 1658 622
f 764 1649 1659
f 1659 1660 764
f 1651 1650 1661
f 1661 1662 1651
f 1650 1645 1653
f 1653 1661 1650
f 1663 1664 1665
f 1665 1666 1663
f 1666 1665 1667
f 1667 1668 1666
f 1668 1667 1669
f 1669 1670 1668
f 1670 1669 1671
f 1671 1672 1670
f 1672 1671 1673
f 1673 1674 1672
f 1674 1673 1675
f 1675 1676 1674
f 1676 1675 1677
f 1677 1678 1676
f 1678 1677 1101
f 1101 1679 1678
f 1679 1101 1680
f 1680 1681 1679
f 1681 1680 1682
f 1682 1683 1681
f 1683 1682 1684
f 1684 1685 1683
f 1685 1684 1686
f 1686 1687 1685
f 1687 1686 1688
f 1688 1689 1687
f 1689 1688 1690
f 1690 1691 1689
f 1691 1690 1692
f 1692 1693 1691
f 1693 1692 1694
f 1694 1695 1693
f 1695 1694 1696
f 1696 1697 1695
f 1697 1696 1698
f 1698 1699 1697
f 1699 1698 1700
f 1700 1701 1699
f 1701 1700 1702
f 1702 1703 1701
f 1703 1702 1704
f 1704 1705 1703
f 1705 1704 1706
f 1706 1707 1705
f 1707 1706 1103
f 1103 1708 1707
f 1708 1103 1709
f 1709 1710 1708
f 1710 1709 1711
f 1711 1712 1710
f 1712 1711 1713
f 1713 1714 1712
f 1714 1713 1715
f 1715 1716 1714
f 1716 1715 1717
f 1717 1718 1716
f 1718 1717 1719
f 1719 1720 1718
f 1720 1719 1721
f 1721 1722 1720
f 1722 1721 1723
f 1723 1724 1722
f 1724 1723 1664
f 1664 1663 1724
f 1664 1725 1726
f 1726 1665 1664
f 1680 1727 1728
f 1728 1682 1680
f 1682 1728 1729
f 1729 1684 1682
f 1684 1729 1730
f 1730 1686 1684
f 1686 1730 1731
f 1731 1688 1686
f 1719 1732 1733
f 1733 1721 1719
f 1721 1733 1734
f 1734 1723 1721
f 1723 1734 1725
f 1725 1664 1723
f 1725 1735 1736
f 1736 1726 1725
f 1727 1737 1738
f 1738 1728 1727
f 1728 1738 1739
f 1739 1729 1728
f 1729 1739 1740
f 1740 1730 1729
f 1730 1740 1741
f 1741 1731 1730
f 1732 1040 1042
f 1042 1733 1732
f 1733 1042 830
f 830 1734 1733
f 1734 830 1735
f 1735 1725 1734
f 1735 831 1742
f 1742 1736 1735
f 1100 1743 1744
f 1744 1737 1100
f 1737 1744 1745
f 1745 1738 1737
f 1738 1745 1746
f 1746 1739 1738
f 1739 1746 1747
f 1747 1740 1739
f 1740 1747 1748
f 1748 1741 1740
f 1741 1748 1749
f 1749 1750 1741
f 831 1735 830
f 662 1742 831
f 1743 1751 1752
f 1752 1744 1743
f 1744 1752 1753
f 1753 1745 1744
f 1745 1753 1754
f 1754 1746 1745
f 1746 1754 1755
f 1755 1747 1746
f 1747 1755 1756
f 1756 1748 1747
f 1748 1756 1757
f 1757 1749 1748
f 1758 1759 1760
f 1760 1761 1758
f 1761 1760 1762
f 1762 1763 1761
f 1763 1762 1764
f 1764 1765 1763
f 1765 1764 1766
f 1766 1767 1765
f 1751 1768 1769
f 1769 1752 1751
f 1752 1769 1770
f 1770 1753 1752
f 1753 1770 1771
f 1771 1754 1753
f 1754 1771 1772
f 1772 1755 1754
f 1755 1772 1773
f 1773 1756 1755
f 1756 1773 1774
f 1774 1757 1756
f 1759 1775 1776
f 1776 1760 1759
f 1760 1776 1777
f 1777 1762 1760
f 1762 1777 1778
f 1778 1764 1762
f 1764 1778 1779
f 1779 1766 1764
f 1043 1780 1044
f 632 631 1781
f 1781 1782 632
f 1782 1781 1783
f 1783 1784 1782
f 1784 1783 1785
f 1785 1786 1784
f 1786 1785 1787
f 1787 1089 1786
f 1089 1787 1788
f 1788 1789 1089
f 1789 1788 1790
f 1790 1098 1789
f 1098 1790 1791
f 1791 1768 1098
f 1768 1791 1792
f 1792 1769 1768
f 1769 1792 1793
f 1793 1770 1769
f 1770 1793 1794
f 1794 1771 1770
f 1771 1794 1046
f 1046 1772 1771
f 1772 1046 1049
f 1049 1773 1772
f 1773 1049 1795
f 1795 1774 1773
f 1774 1795 1796
f 1796 1797 1774
f 1797 1796 832
f 832 1798 1797
f 1798 832 1799
f 1799 1800 1798
f 1800 1799 1801
f 1801 1802 1800
f 1802 1801 1803
f 1803 1804 1802
f 1804 1803 1805
f 1805 1775 1804
f 1775 1805 1806
f 1806 1776 1775
f 1776 1806 1807
f 1807 1777 1776
f 1777 1807 1808
f 1808 1778 1777
f 1778 1808 1809
f 1809 1779 1778
f 1779 1809 1810
f 1810 1811 1779
f 1811 1810 1812
f 1812 1813 1811
f 1813 1812 1814
f 1814 1815 1813
f 1815 1814 1816
f 1816 1817 1815
f 1817 1816 1818
f 1818 1780 1817
f 1780 1818 1819
f 1819 1044 1780
f 1044 1819 1045
f 1792 1820 1821
f 1821 1793 1792
f 1793 1821 1822
f 1822 1794 1793
f 1794 1822 1047
f 1047 1046 1794
f 833 1795 1049
f 1805 1823 1824
f 1824 1806 1805
f 1806 1824 1825
f 1825 1807 1806
f 1807 1825 1826
f 1826 1808 1807
f 1808 1826 1827
f 1827 1809 1808
f 1820 1828 1829
f 1829 1821 1820
f 1821 1829 1830
f 1830 1822 1821
f 1822 1830 1050
f 1050 1047 1822
f 1823 1831 1832
f 1832 1824 1823
f 1824 1832 1833
f 1833 1825 1824
f 1825 1833 1834
f 1834 1826 1825
f 1826 1834 1835
f 1835 1827 1826
f 1836 1837 1838
f 1838 1839 1836
f 1839 1838 1840
f 1840 1841 1839
f 1841 1840 1842
f 1842 1843 1841
f 1843 1842 1844
f 1844 1845 1843
f 1845 1844 1846
f 1846 1847 1845
f 1847 1846 1848
f 1848 1849 1847
f 1849 1848 1850
f 1850 1851 1849
f 1851 1850 1852
f 1852 1853 1851
f 1853 1852 1854
f 1854 1828 1853
f 1828 1854 1855
f 1855 1829 1828
f 1829 1855 1856
f 1856 1830 1829
f 1830 1856 1857
f 1857 1050 1830
f 1050 1857 1052
f 1055 1054 1858
f 1858 1859 1055
f 1859 1858 1860
f 1860 1861 1859
f 1861 1860 1862
f 1862 1863 1861
f 1863 1862 1864
f 1864 1865 1863
f 1865 1864 1866
f 1866 1831 1865
f 1831 1866 1867
f 1867 1832 1831
f 1832 1867 1868
f 1868 1833 1832
f 1833 1868 1869
f 1869 1834 1833
f 1834 1869 1870
f 1870 1835 1834
f 1835 1870 1871
f 1871 1872 1835
f 1872 1871 1873
f 1873 1874 1872
f 1874 1873 1875
f 1875 1876 1874
f 1876 1875 1877
f 1877 1878 1876
f 1878 1877 1879
f 1879 1880 1878
f 1880 1879 1881
f 1881 1882 1880
f 1882 1881 1883
f 1883 1884 1882
f 1884 1883 1837
f 1837 1836 1884
f 1855 1885 1886
f 1886 1856 1855
f 1856 1886 1887
f 1887 1857 1856
f 1857 1887 1888
f 1888 1052 1857
f 1052 1888 1889
f 1889 1053 1052
f 1053 1889 1890
f 1890 1054 1053
f 1860 1891 1892
f 1892 1862 1860
f 1862 1892 1893
f 1893 1864 1862
f 1864 1893 1894
f 1894 1866 1864
f 1866 1894 1895
f 1895 1867 1866
f 1867 1895 1896
f 1896 1868 1867
f 1868 1896 1897
f 1897 1869 1868
f 1869 1897 1898
f 1898 1870 1869
f 1899 1900 1901
f 1901 1902 1899
f 1902 1901 1903
f 1903 1904 1902
f 1904 1903 1905
f 1905 1906 1904
f 1906 1905 1907
f 1907 1908 1906
f 1908 1907 1909
f 1909 1910 1908
f 1910 1909 1911
f 1911 1912 1910
f 1912 1911 1913
f 1913 1914 1912
f 1914 1913 1915
f 1915 1916 1914
f 1916 1915 1917
f 1917 1918 1916
f 1918 1917 1919
f 1919 1885 1918
f 1885 1919 1920
f 1920 1886 1885
f 1886 1920 1921
f 1921 1887 1886
f 1887 1921 1922
f 1922 1888 1887
f 1888 1922 1923
f 1923 1889 1888
f 1889 1923 1924
f 1924 1890 1889
f 1890 1924 1925
f 1925 1926 1890
f 1926 1925 1927
f 1927 1891 1926
f 1891 1927 1928
f 1928 1892 1891
f 1892 1928 1929
f 1929 1893 1892
f 1893 1929 1930
f 1930 1894 1893
f 1894 1930 1931
f 1931 1895 1894
f 1895 1931 1932
f 1932 1896 1895
f 1896 1932 1933
f 1933 1897 1896
f 1897 1933 1934
f 1934 1898 1897
f 1898 1934 1935
f 1935 1936 1898
f 1936 1935 1937
f 1937 1938 1936
f 1938 1937 1939
f 1939 1940 1938
f 1940 1939 1941
f 1941 1942 1940
f 1942 1941 1943
f 1943 1944 1942
f 1944 1943 1945
f 1945 1946 1944
f 1946 1945 1947
f 1947 1948 1946
f 1948 1947 1900
f 1900 1899 1948
f 1900 1949 1950
f 1950 1901 1900
f 1901 1950 1951
f 1951 1903 1901
f 1903 1951 1952
f 1952 1905 1903
f 1905 1952 1953
f 1953 1907 1905
f 1907 1953 1954
f 1954 1909 1907
f 1909 1954 1955
f 1955 1911 1909
f 1911 1955 1956
f 1956 1913 1911
f 1913 1956 1957
f 1957 1915 1913
f 1915 1957 1958
f 1958 1917 1915
f 1917 1958 1959
f 1959 1919 1917
f 1919 1959 1960
f 1960 1920 1919
f 1920 1960 1961
f 1961 1921 1920
f 1921 1961 1962
f 1962 1922 1921
f 1922 1962 1963
f 1963 1923 1922
f 1923 1963 1964
f 1964 1924 1923
f 1924 1964 1965
f 1965 1925 1924
f 1925 1965 1966
f 1966 1927 1925
f 1927 1966 1967
f 1967 1928 1927
f 1928 1967 1968
f 1968 1929 1928
f 1929 1968 1969
f 1969 1930 1929
f 1930 1969 1970
f 1970 1931 1930
f 1931 1970 1971
f 1971 1932 1931
f 1932 1971 1972
f 1972 1933 1932
f 1933 1972 1973
f 1973 1934 1933
f 1934 1973 1974
f 1974 1935 1934
f 1935 1974 1975
f 1975 1937 1935
f 1937 1975 1976
f 1976 1939 1937
f 1939 1976 1977
f 1977 1941 1939
f 1941 1977 1978
f 1978 1943 1941
f 1943 1978 1979
f 1979 1945 1943
f 1945 1979 1980
f 1980 1947 1945
f 1947 1980 1949
f 1949 1900 1947
f 1949 1981 1982
f 1982 1950 1949
f 1950 1982 1983
f 1983 1951 1950
f 1951 1983 1984
f 1984 1952 1951
f 1952 1984 1985
f 1985 1953 1952
f 1953 1985 1986
f 1986 1954 1953
f 1954 1986 1987
f 1987 1955 1954
f 1955 1987 1988
f 1988 1956 1955
f 1956 1988 1989
f 1989 1957 1956
f 1957 1989 1990
f 1990 1958 1957
f 1958 1990 1991
f 1991 1959 1958
f 1959 1991 1992
f 1992 1960 1959
f 1960 1992 1993
f 1993 1961 1960
f 1961 1993 1994
f 1994 1962 1961
f 1962 1994 1995
f 1995 1963 1962
f 1963 1995 1996
f 1996 1964 1963
f 1964 1996 1997
f 1997 1965 1964
f 1965 1997 1998
f 1998 1966 1965
f 1966 1998 1999
f 1999 1967 1966
f 1967 1999 2000
f 2000 1968 1967
f 1968 2000 2001
f 2001 1969 1968
f 1969 2001 2002
f 2002 1970 1969
f 1970 2002 2003
f 2003 1971 1970
f 1971 2003 2004
f 2004 1972 1971
f 1972 2004 2005
f 2005 1973 1972
f 1973 2005 2006
f 2006 1974 1973
f 1974 2006 2007
f 2007 1975 1974
f 1975 2007 2008
f 2008 1976 1975
f 1976 2008 2009
f 2009 1977 1976
f 1977 2009 2010
f 2010 1978 1977
f 1978 2010 2011
f 2011 1979 1978
f 1979 2011 2012
f 2012 1980 1979
f 1980 2012 1981
f 1981 1949 1980
f 1981 2013 2014
f 2014 1982 1981
f 1982 2014 2015
f 2015 1983 1982
f 1983 2015 2016
f 2016 1984 1983
f 1984 2016 2017
f 2017 1985 1984
f 1985 2017 2018
f 2018 1986 1985
f 1986 2018 2019
f 2019 1987 1986
f 1987 2019 2020
f 2020 1988 1987
f 1988 2020 2021
f 2021 1989 1988
f 1989 2021 2022
f 2022 1990 1989
f 1990 2022 2023
f 2023 1991 1990
f 1991 2023 2024
f 2024 1992 1991
f 1992 2024 2025
f 2025 1993 1992
f 1993 2025 2026
f 2026 1994 1993
f 1994 2026 2027
f 2027 1995 1994
f 1995 2027 2028
f 2028 1996 1995
f 1996 2028 2029
f 2029 1997 1996
f 1997 2029 2030
f 2030 1998 1997
f 1998 2030 2031
f 2031 1999 1998
f 1999 2031 2032
f 2032 2000 1999
f 2000 2032 2033
f 2033 2001 2000
f 2001 2033 2034
f 2034 2002 2001
f 2002 2034 2035
f 2035 2003 2002
f 2003 2035 2036
f 2036 2004 2003
f 2004 2036 2037
f 2037 2005 2004
f 2005 2037 2038
f 2038 2006 2005
f 2006 2038 2039
f 2039 2007 2006
f 2007 2039 2040
f 2040 2008 2007
f 2008 2040 2041
f 2041 2009 2008
f 2009 2041 2042
f 2042 2010 2009
f 2010 2042 2043
f 2043 2011 2010
f 2011 2043 2044
f 2044 2012 2011
f 2012 2044 2013
f 2013 1981 2012
f 2013 2045 2046
f 2046 2014 2013
f 2014 2046 2047
f 2047 2015 2014
f 2015 2047 2048
f 2048 2016 2015
f 2016 2048 2049
f 2049 2017 2016
f 2017 2049 2050
f 2050 2018 2017
f 2018 2050 2051
f 2051 2019 2018
f 2019 2051 2052
f 2052 2020 2019
f 2020 2052 2053
f 2053 2021 2020
f 2021 2053 2054
f 2054 2022 2021
f 2022 2054 2055
f 2055 2023 2022
f 2023 2055 2056
f 2056 2024 2023
f 2024 2056 2057
f 2057 2025 2024
f 2025 2057 2058
f 2058 2026 2025
f 2026 2058 2059
f 2059 2027 2026
f 2027 2059 2060
f 2060 2028 2027
f 2028 2060 2061
f 2061 2029 2028
f 2029 2061 2062
f 2062 2030 2029
f 2030 2062 2063
f 2063 2031 2030
f 2031 2063 2064
f 2064 2032 2031
f 2032 2064 2065
f 2065 2033 2032
f 2033 2065 2066
f 2066 2034 2033
f 2034 2066 2067
f 2067 2035 2034
f 2035 2067 2068
f 2068 2036 2035
f 2036 2068 2069
f 2069 2037 2036
f 2037 2069 2070
f 2070 2038 2037
f 2038 2070 2071
f 2071 2039 2038
f 2039 2071 2072
f 2072 2040 2039
f 2040 2072 2073
f 2073 2041 2040
f 2041 2073 2074
f 2074 2042 2041
f 2042 2074 2075
f 2075 2043 2042
f 2043 2075 2076
f 2076 2044 2043
f 2044 2076 2045
f 2045 2013 2044
f 2045 2077 2078
f 2078 2046 2045
f 2046 2078 2079
f 2079 2047 2046
f 2047 2079 2080
f 2080 2048 2047
f 2048 2080 2081
f 2081 2049 2048
f 2049 2081 2082
f 2082 2050 2049
f 2050 2082 2083
f 2083 2051 2050
f 2051 2083 2084
f 2084 2052 2051
f 2052 2084 2085
f 2085 2053 2052
f 2053 2085 2086
f 2086 2054 2053
f 2054 2086 2087
f 2087 2055 2054
f 2055 2087 2088
f 2088 2056 2055
f 2056 2088 2089
f 2089 2057 2056
f 2057 2089 2090
f 2090 2058 2057
f 2058 2090 2091
f 2091 2059 2058
f 2059 2091 2092
f 2092 2060 2059
f 2060 2092 1056
f 1056 2061 2060
f 2061 1056 1058
f 1058 2062 2061
f 2062 1058 1059
f 1059 2063 2062
f 2063 1059 1061
f 1061 2064 2063
f 2064 1061 2093
f 2093 2065 2064
f 2065 2093 2094
f 2094 2066 2065
f 2066 2094 2095
f 2095 2067 2066
f 2067 2095 2096
f 2096 2068 2067
f 2068 2096 2097
f 2097 2069 2068
f 2069 2097 2098
f 2098 2070 2069
f 2070 2098 2099
f 2099 2071 2070
f 2071 2099 2100
f 2100 2072 2071
f 2072 2100 2101
f 2101 2073 2072
f 2073 2101 2102
f 2102 2074 2073
f 2074 2102 2103
f 2103 2075 2074
f 2075 2103 2104
f 2104 2076 2075
f 2076 2104 2077
f 2077 2045 2076
f 2077 2105 2106
f 2106 2078 2077
f 2078 2106 2107
f 2107 2079 2078
f 2079 2107 2108
f 2108 2080 2079
f 2080 2108 2109
f 2109 2081 2080
f 2081 2109 2110
f 2110 2082 2081
f 2082 2110 2111
f 2111 2083 2082
f 2083 2111 2112
f 2112 2084 2083
f 2084 2112 2113
f 2113 2085 2084
f 2085 2113 2114
f 2114 2086 2085
f 2086 2114 2115
f 2115 2087 2086
f 2087 2115 2116
f 2116 2088 2087
f 2088 2116 2117
f 2117 2089 2088
f 2089 2117 2118
f 2118 2090 2089
f 2090 2118 2119
f 2119 2091 2090
f 2091 2119 2120
f 2120 2092 2091
f 2092 2120 1057
f 1057 1056 2092
f 1062 2093 1061
f 2093 1062 2121
f 2121 2094 2093
f 2094 2121 2122
f 2122 2095 2094
f 2095 2122 2123
f 2123 2096 2095
f 2096 2123 2124
f 2124 2097 2096
f 2097 2124 2125
f 2125 2098 2097
f 2098 2125 2126
f 2126 2099 2098
f 2099 2126 2127
f 2127 2100 2099
f 2100 2127 2128
f 2128 2101 2100
f 2101 2128 2129
f 2129 2102 2101
f 2102 2129 2130
f 2130 2103 2102
f 2103 2130 2131
f 2131 2104 2103
f 2104 2131 2105
f 2105 2077 2104
f 2105 2132 2133
f 2133 2106 2105
f 2106 2133 2134
f 2134 2107 2106
f 2107 2134 2135
f 2135 2108 2107
f 2108 2135 2136
f 2136 2109 2108
f 2109 2136 2137
f 2137 2110 2109
f 2110 2137 2138
f 2138 2111 2110
f 2111 2138 2139
f 2139 2112 2111
f 2112 2139 2140
f 2140 2113 2112
f 2113 2140 2141
f 2141 2114 2113
f 2114 2141 2142
f 2142 2115 2114
f 2115 2142 2143
f 2143 2116 2115
f 2116 2143 2144
f 2144 2117 2116
f 2117 2144 2145
f 2145 2118 2117
f 2118 2145 2146
f 2146 2119 2118
f 2119 2146 2147
f 2147 2120 2119
f 2120 2147 1063
f 1063 1057 2120
f 2148 2121 1062
f 2121 2148 2149
f 2149 2122 2121
f 2122 2149 2150
f 2150 2123 2122
f 2123 2150 2151
f 2151 2124 2123
f 2124 2151 2152
f 2152 2125 2124
f 2125 2152 2153
f 2153 2126 2125
f 2126 2153 2154
f 2154 2127 2126
f 2127 2154 2155
f 2155 2128 2127
f 2128 2155 2156
f 2156 2129 2128
f 2129 2156 2157
f 2157 2130 2129
f 2130 2157 2158
f 2158 2131 2130
f 2131 2158 2132
f 2132 2105 2131
f 2132 2159 2160
f 2160 2133 2132
f 2133 2160 2161
f 2161 2134 2133
f 2134 2161 2162
f 2162 2135 2134
f 2135 2162 2163
f 2163 2136 2135
f 2136 2163 2164
f 2164 2137 2136
f 2137 2164 2165
f 2165 2138 2137
f 2138 2165 2166
f 2166 2139 2138
f 2139 2166 2167
f 2167 2140 2139
f 2140 2167 2168
f 2168 2141 2140
f 2141 2168 2169
f 2169 2142 2141
f 2142 2169 2170
f 2170 2143 2142
f 2143 2170 2171
f 2171 2144 2143
f 2144 2171 2172
f 2172 2145 2144
f 2145 2172 2173
f 2173 2146 2145
f 2146 2173 2174
f 2174 2147 2146
f 2147 2174 2175
f 2175 1063 2147
f 1063 2175 1064
f 2148 897 2176
f 2176 2149 2148
f 2149 2176 2177
f 2177 2150 2149
f 2150 2177 2178
f 2178 2151 2150
f 2151 2178 2179
f 2179 2152 2151
f 2152 2179 2180
f 2180 2153 2152
f 2153 2180 2181
f 2181 2154 2153
f 2154 2181 2182
f 2182 2155 2154
f 2155 2182 2183
f 2183 2156 2155
f 2156 2183 2184
f 2184 2157 2156
f 2157 2184 2185
f 2185 2158 2157
f 2158 2185 2159
f 2159 2132 2158
f 2159 2186 2187
f 2187 2160 2159
f 2160 2187 2188
f 2188 2161 2160
f 2161 2188 2189
f 2189 2162 2161
f 2162 2189 2190
f 2190 2163 2162
f 2163 2190 2191
f 2191 2164 2163
f 2164 2191 2192
f 2192 2165 2164
f 2165 2192 2193
f 2193 2166 2165
f 2166 2193 2194
f 2194 2167 2166
f 2167 2194 2195
f 2195 2168 2167
f 2168 2195 2196
f 2196 2169 2168
f 2169 2196 2197
f 2197 2170 2169
f 2170 2197 2198
f 2198 2171 2170
f 2171 2198 2199
f 2199 2172 2171
f 2172 2199 2200
f 2200 2173 2172
f 2173 2200 2201
f 2201 2174 2173
f 2174 2201 2202
f 2202 2175 2174
f 2175 2202 2203
f 2203 1064 2175
f 1064 2203 716
f 897 896 2204
f 2204 2176 897
f 2176 2204 2205
f 2205 2177 2176
f 2177 2205 2206
f 2206 2178 2177
f 2178 2206 2207
f 2207 2179 2178
f 2179 2207 2208
f 2208 2180 2179
f 2180 2208 2209
f 2209 2181 2180
f 2181 2209 2210
f 2210 2182 2181
f 2182 2210 2211
f 2211 2183 2182
f 2183 2211 2212
f 2212 2184 2183
f 2184 2212 2213
f 2213 2185 2184
f 2185 2213 2186
f 2186 2159 2185
f 2186 2214 2215
f 2215 2187 2186
f 2187 2215 2216
f 2216 2188 2187
f 2188 2216 2217
f 2217 2189 2188
f 2189 2217 2218
f 2218 2190 2189
f 2190 2218 2219
f 2219 2191 2190
f 2191 2219 2220
f 2220 2192 2191
f 2192 2220 2221
f 2221 2193 2192
f 2193 2221 2222
f 2222 2194 2193
f 2194 2222 2223
f 2223 2195 2194
f 2195 2223 2224
f 2224 2196 2195
f 2196 2224 2225
f 2225 2197 2196
f 2197 2225 2226
f 2226 2198 2197
f 2198 2226 2227
f 2227 2199 2198
f 2199 2227 2228
f 2228 2200 2199
f 2200 2228 2229
f 2229 2201 2200
f 2201 2229 2230
f 2230 2202 2201
f 2202 2230 2231
f 2231 2203 2202
f 2203 2231 2232
f 2232 716 2203
f 716 2232 2233
f 2233 717 716
f 717 2233 2234
f 2234 601 717
f 601 2234 2235
f 2235 896 601
f 896 2235 2236
f 2236 2204 896
f 2204 2236 2237
f 2237 2205 2204
f 2205 2237 2238
f 2238 2206 2205
f 2206 2238 2239
f 2239 2207 2206
f 2207 2239 2240
f 2240 2208 2207
f 2208 2240 2241
f 2241 2209 2208
f 2209 2241 2242
f 2242 2210 2209
f 2210 2242 2243
f 2243 2211 2210
f 2211 2243 2244
f 2244 2212 2211
f 2212 2244 2245
f 2245 2213 2212
f 2213 2245 2214
f 2214 2186 2213
f 2214 2246 2247
f 2247 2215 2214
f 2215 2247 2248
f 2248 2216 2215
f 2216 2248 2249
f 2249 2217 2216
f 2217 2249 2250
f 2250 2218 2217
f 2218 2250 2251
f 2251 2219 2218
f 2219 2251 2252
f 2252 2220 2219
f 2220 2252 2253
f 2253 2221 2220
f 2221 2253 2254
f 2254 2222 2221
f 2222 2254 2255
f 2255 2223 2222
f 2223 2255 2256
f 2256 2224 2223
f 2224 2256 2257
f 2257 2225 2224
f 2225 2257 1082
f 1082 2226 2225
f 2226 1082 1065
f 1065 2227 2226
f 2227 1065 2258
f 2258 2228 2227
f 2228 2258 2259
f 2259 2229 2228
f 2229 2259 2260
f 2260 2230 2229
f 2230 2260 2261
f 2261 2231 2230
f 2231 2261 2262
f 2262 2232 2231
f 2232 2262 2263
f 2263 2233 2232
f 2233 2263 2264
f 2264 2234 2233
f 2234 2264 2265
f 2265 2235 2234
f 2235 2265 2266
f 2266 2236 2235
f 2236 2266 2267
f 2267 2237 2236
f 2237 2267 2268
f 2268 2238 2237
f 2238 2268 2269
f 2269 2239 2238
f 2239 2269 2270
f 2270 2240 2239
f 2240 2270 2271
f 2271 2241 2240
f 2241 2271 2272
f 2272 2242 2241
f 2242 2272 2273
f 2273 2243 2242
f 2243 2273 2274
f 2274 2244 2243
f 2244 2274 2275
f 2275 2245 2244
f 2245 2275 2246
f 2246 2214 2245
f 2246 2276 2277
f 2277 2247 2246
f 2247 2277 2278
f 2278 2248 2247
f 2248 2278 2279
f 2279 2249 2248
f 2249 2279 2280
f 2280 2250 2249
f 2250 2280 2281
f 2281 2251 2250
f 2251 2281 2282
f 2282 2252 2251
f 2252 2282 2283
f 2283 2253 2252
f 2253 2283 2284
f 2284 2254 2253
f 2254 2284 2285
f 2285 2255 2254
f 2255 2285 2286
f 2286 2256 2255
f 2256 2286 2287
f 2287 2257 2256
f 2257 2287 1083
f 1083 1082 2257
f 864 1065 1082
f 1066 2258 1065
f 2258 1066 2288
f 2288 2259 2258
f 2259 2288 2289
f 2289 2260 2259
f 2260 2289 2290
f 2290 2261 2260
f 2261 2290 2291
f 2291 2262 2261
f 2262 2291 2292
f 2292 2263 2262
f 2263 2292 2293
f 2293 2264 2263
f 2264 2293 2294
f 2294 2265 2264
f 2265 2294 2295
f 2295 2266 2265
f 2266 2295 2296
f 2296 2267 2266
f 2267 2296 2297
f 2297 2268 2267
f 2268 2297 2298
f 2298 2269 2268
f 2269 2298 2299
f 2299 2270 2269
f 2270 2299 2300
f 2300 2271 2270
f 2271 2300 2301
f 2301 2272 2271
f 2272 2301 2302
f 2302 2273 2272
f 2273 2302 2303
f 2303 2274 2273
f 2274 2303 2304
f 2304 2275 2274
f 2275 2304 2276
f 2276 2246 2275
f 2276 2305 2306
f 2306 2277 2276
f 2277 2306 2307
f 2307 2278 2277
f 2278 2307 2308
f 2308 2279 2278
f 2279 2308 2309
f 2309 2280 2279
f 2280 2309 2310
f 2310 2281 2280
f 2281 2310 2311
f 2311 2282 2281
f 2282 2311 2312
f 2312 2283 2282
f 2283 2312 2313
f 2313 2284 2283
f 2284 2313 2314
f 2314 2285 2284
f 2285 2314 2315
f 2315 2286 2285
f 2286 2315 2316
f 2317 2290 2289
f 2290 2317 2318
f 2318 2291 2290
f 2291 2318 2319
f 2319 2292 2291
f 2292 2319 2320
f 2320 2293 2292
f 2293 2320 2321
f 2321 2294 2293
f 2294 2321 2322
f 2322 2295 2294
f 2295 2322 2323
f 2323 2296 2295
f 2296 2323 2324
f 2324 2297 2296
f 2297 2324 2325
f 2325 2298 2297
f 2298 2325 2326
f 2326 2299 2298
f 2299 2326 2327
f 2327 2300 2299
f 2300 2327 2328
f 2328 2301 2300
f 2301 2328 2329
f 2329 2302 2301
f 2302 2329 2330
f 2330 2303 2302
f 2303 2330 2331
f 2331 2304 2303
f 2304 2331 2305
f 2305 2276 2304
f 2305 2332 2333
f 2333 2306 2305
f 2306 2333 2334
f 2334 2307 2306
f 2307 2334 2335
f 2335 2308 2307
f 2308 2335 2336
f 2336 2309 2308
f 2309 2336 2337
f 2337 2310 2309
f 2310 2337 2338
f 2338 2311 2310
f 2311 2338 2339
f 2339 2312 2311
f 2312 2339 2340
f 2340 2313 2312
f 2313 2340 2341
f 2341 2314 2313
f 2314 2341 2342
f 2342 2315 2314
f 2315 2342 2343
f 2343 2316 2315
f 2316 2343 2344
f 2317 2345 2346
f 2346 2318 2317
f 2318 2346 2347
f 2347 2319 2318
f 2319 2347 2348
f 2348 2320 2319
f 2320 2348 2349
f 2349 2321 2320
f 2321 2349 2350
f 2350 2322 2321
f 2322 2350 2351
f 2351 2323 2322
f 2323 2351 2352
f 2352 2324 2323
f 2324 2352 2353
f 2353 2325 2324
f 2325 2353 2354
f 2354 2326 2325
f 2326 2354 2355
f 2355 2327 2326
f 2327 2355 2356
f 2356 2328 2327
f 2328 2356 2357
f 2357 2329 2328
f 2329 2357 2358
f 2358 2330 2329
f 2330 2358 2359
f 2359 2331 2330
f 2331 2359 2332
f 2332 2305 2331
f 2332 2360 2361
f 2361 2333 2332
f 2333 2361 2362
f 2362 2334 2333
f 2334 2362 2363
f 2363 2335 2334
f 2335 2363 2364
f 2364 2336 2335
f 2336 2364 2365
f 2365 2337 2336
f 2337 2365 2366
f 2366 2338 2337
f 2338 2366 2367
f 2367 2339 2338
f 2339 2367 2368
f 2368 2340 2339
f 2340 2368 2369
f 2369 2341 2340
f 2341 2369 2370
f 2370 2342 2341
f 2342 2370 2371
f 2371 2343 2342
f 2343 2371 2372
f 2372 2344 2343
f 2344 2372 2373
f 2373 2374 2344
f 2374 2373 2375
f 2375 918 2374
f 918 2375 2376
f 2376 919 918
f 919 2376 2377
f 2345 2378 2379
f 2379 2346 2345
f 2346 2379 2380
f 2380 2347 2346
f 2347 2380 2381
f 2381 2348 2347
f 2348 2381 2382
f 2382 2349 2348
f 2349 2382 2383
f 2383 2350 2349
f 2350 2383 2384
f 2384 2351 2350
f 2351 2384 2385
f 2385 2352 2351
f 2352 2385 2386
f 2386 2353 2352
f 2353 2386 2387
f 2387 2354 2353
f 2354 2387 2388
f 2388 2355 2354
f 2355 2388 2389
f 2389 2356 2355
f 2356 2389 2390
f 2390 2357 2356
f 2357 2390 2391
f 2391 2358 2357
f 2358 2391 2392
f 2392 2359 2358
f 2359 2392 2360
f 2360 2332 2359
f 2360 2393 2394
f 2394 2361 2360
f 2361 2394 2395
f 2395 2362 2361
f 2362 2395 2396
f 2396 2363 2362
f 2363 2396 2397
f 2397 2364 2363
f 2364 2397 2398
f 2398 2365 2364
f 2365 2398 2399
f 2399 2366 2365
f 2366 2399 2400
f 2400 2367 2366
f 2367 2400 2401
f 2401 2368 2367
f 2368 2401 2402
f 2402 2369 2368
f 2369 2402 2403
f 2403 2370 2369
f 2370 2403 2404
f 2404 2371 2370
f 2371 2404 1084
f 1084 2372 2371
f 2372 1084 2405
f 2405 2373 2372
f 2373 2405 2406
f 2406 2375 2373
f 2375 2406 2407
f 2407 2376 2375
f 2376 2407 2408
f 2408 2377 2376
f 2377 2408 2409
f 2409 2378 2377
f 2378 2409 2410
f 2410 2379 2378
f 2379 2410 2411
f 2411 2380 2379
f 2380 2411 2412
f 2412 2381 2380
f 2381 2412 2413
f 2413 2382 2381
f 2382 2413 2414
f 2414 2383 2382
f 2383 2414 2415
f 2415 2384 2383
f 2384 2415 2416
f 2416 2385 2384
f 2385 2416 2417
f 2417 2386 2385
f 2386 2417 2418
f 2418 2387 2386
f 2387 2418 2419
f 2419 2388 2387
f 2388 2419 2420
f 2420 2389 2388
f 2389 2420 2421
f 2421 2390 2389
f 2390 2421 2422
f 2422 2391 2390
f 2391 2422 2423
f 2423 2392 2391
f 2392 2423 2393
f 2393 2360 2392
f 2393 2424 2425
f 2425 2394 2393
f 2394 2425 2426
f 2426 2395 2394
f 2395 2426 2427
f 2427 2396 2395
f 2396 2427 2428
f 2428 2397 2396
f 2397 2428 2429
f 2429 2398 2397
f 2398 2429 2430
f 2430 2399 2398
f 2399 2430 2431
f 2431 2400 2399
f 2400 2431 2432
f 2432 2401 2400
f 2401 2432 2433
f 2433 2402 2401
f 2402 2433 2434
f 2434 2403 2402
f 2403 2434 2435
f 2435 2404 2403
f 2404 2435 1085
f 1085 1084 2404
f 1086 2405 1084
f 2405 1086 2436
f 2436 2406 2405
f 2406 2436 2437
f 2437 2407 2406
f 2407 2437 2438
f 2438 2408 2407
f 2408 2438 2439
f 2439 2409 2408
f 2409 2439 2440
f 2440 2410 2409
f 2410 2440 2441
f 2441 2411 2410
f 2411 2441 2442
f 2442 2412 2411
f 2412 2442 2443
f 2443 2413 2412
f 2413 2443 2444
f 2444 2414 2413
f 2414 2444 2445
f 2445 2415 2414
f 2415 2445 2446
f 2446 2416 2415
f 2416 2446 2447
f 2447 2417 2416
f 2417 2447 2448
f 2448 2418 2417
f 2418 2448 2449
f 2449 2419 2418
f 2419 2449 2450
f 2450 2420 2419
f 2420 2450 2451
f 2451 2421 2420
f 2421 2451 2452
f 2452 2422 2421
f 2422 2452 2453
f 2453 2423 2422
f 2423 2453 2424
f 2424 2393 2423
f 2424 2454 2455
f 2455 2425 2424
f 2425 2455 2456
f 2456 2426 2425
f 2426 2456 2457
f 2457 2427 2426
f 2427 2457 2458
f 2458 2428 2427
f 2428 2458 2459
f 2459 2429 2428
f 2429 2459 2460
f 2460 2430 2429
f 2430 2460 2461
f 2461 2431 2430
f 2431 2461 2462
f 2462 2432 2431
f 2432 2462 2463
f 2463 2433 2432
f 2433 2463 2464
f 2464 2434 2433
f 2434 2464 2465
f 2465 2435 2434
f 2435 2465 2466
f 2466 1085 2435
f 1085 2466 2467
f 2467 1086 1085
f 1086 2467 2468
f 2468 2436 1086
f 2436 2468 2469
f 2469 2437 2436
f 2437 2469 2470
f 2470 2438 2437
f 2438 2470 2471
f 2471 2439 2438
f 2439 2471 2472
f 2472 2440 2439
f 2440 2472 2473
f 2473 2441 2440
f 2441 2473 2474
f 2474 2442 2441
f 2442 2474 2475
f 2475 2443 2442
f 2443 2475 2476
f 2476 2444 2443
f 2444 2476 2477
f 2477 2445 2444
f 2445 2477 2478
f 2478 2446 2445
f 2446 2478 2479
f 2479 2447 2446
f 2447 2479 2480
f 2480 2448 2447
f 2448 2480 2481
f 2481 2449 2448
f 2449 2481 2482
f 2482 2450 2449
f 2450 2482 2483
f 2483 2451 2450
f 2451 2483 2484
f 2484 2452 2451
f 2452 2484 2485
f 2485 2453 2452
f 2453 2485 2454
f 2454 2424 2453
f 2454 2486 2487
f 2487 2455 2454
f 2455 2487 2488
f 2488 2456 2455
f 2456 2488 2489
f 2489 2457 2456
f 2457 2489 2490
f 2490 2458 2457
f 2458 2490 2491
f 2491 2459 2458
f 2459 2491 2492
f 2492 2460 2459
f 2460 2492 2493
f 2493 2461 2460
f 2461 2493 2494
f 2494 2462 2461
f 2462 2494 2495
f 2495 2463 2462
f 2463 2495 2496
f 2496 2464 2463
f 2464 2496 2497
f 2497 2465 2464
f 2465 2497 2498
f 2498 2466 2465
f 2466 2498 2499
f 2499 2467 2466
f 2467 2499 2500
f 2500 2468 2467
f 2468 2500 2501
f 2501 2469 2468
f 2469 2501 2502
f 2502 2470 2469
f 2470 2502 2503
f 2503 2471 2470
f 2471 2503 2504
f 2504 2472 2471
f 2472 2504 2505
f 2505 2473 2472
f 2473 2505 2506
f 2506 2474 2473
f 2474 2506 2507
f 2507 2475 2474
f 2475 2507 2508
f 2508 2476 2475
f 2476 2508 2509
f 2509 2477 2476
f 2477 2509 2510
f 2510 2478 2477
f 2478 2510 2511
f 2511 2479 2478
f 2479 2511 2512
f 2512 2480 2479
f 2480 2512 2513
f 2513 2481 2480
f 2481 2513 2514
f 2514 2482 2481
f 2482 2514 2515
f 2515 2483 2482
f 2483 2515 2516
f 2516 2484 2483
f 2484 2516 2517
f 2517 2485 2484
f 2485 2517 2486
f 2486 2454 2485
f 2486 2518 2519
f 2519 2487 2486
f 2487 2519 2520
f 2520 2488 2487
f 2488 2520 2521
f 2521 2489 2488
f 2489 2521 2522
f 2522 2490 2489
f 2490 2522 2523
f 2523 2491 2490
f 2491 2523 2524
f 2524 2492 2491
f 2492 2524 2525
f 2525 2493 2492
f 2493 2525 2526
f 2526 2494 2493
f 2494 2526 2527
f 2527 2495 2494
f 2495 2527 2528
f 2528 2496 2495
f 2496 2528 2529
f 2529 2497 2496
f 2497 2529 2530
f 2530 2498 2497
f 2498 2530 2531
f 2531 2499 2498
f 2499 2531 2532
f 2532 2500 2499
f 2500 2532 2533
f 2533 2501 2500
f 2501 2533 2534
f 2534 2502 2501
f 2502 2534 2535
f 2535 2503 2502
f 2503 2535 2536
f 2536 2504 2503
f 2504 2536 2537
f 2537 2505 2504
f 2505 2537 2538
f 2538 2506 2505
f 2506 2538 2539
f 2539 2507 2506
f 2507 2539 2540
f 2540 2508 2507
f 2508 2540 2541
f 2541 2509 2508
f 2509 2541 2542
f 2542 2510 2509
f 2510 2542 2543
f 2543 2511 2510
f 2511 2543 2544
f 2544 2512 2511
f 2512 2544 2545
f 2545 2513 2512
f 2513 2545 2546
f 2546 2514 2513
f 2514 2546 2547
f 2547 2515 2514
f 2515 2547 2548
f 2548 2516 2515
f 2516 2548 2549
f 2549 2517 2516
f 2517 2549 2518
f 2518 2486 2517
f 2550 2551 2552
f 2552 2553 2550
f 2553 2552 2554
f 2554 2555 2553
f 2555 2554 2556
f 2556 2557 2555
f 2557 2556 2558
f 2558 2559 2557
f 2559 2558 2560
f 2560 2561 2559
f 2561 2560 2562
f 2562 2563 2561
f 2563 2562 2564
f 2564 2565 2563
f 2565 2564 2566
f 2566 2567 2565
f 2567 2566 2568
f 2568 2569 2567
f 2569 2568 2570
f 2570 2571 2569
f 2571 2570 2572
f 2572 1068 2571
f 1068 2572 1087
f 1087 1069 1068
f 1088 1071 1069
f 1071 1088 2573
f 2573 1073 1071
f 1073 2573 2574
f 2574 2575 1073
f 2575 2574 2576
f 2576 2577 2575
f 2577 2576 2578
f 2578 2579 2577
f 2579 2578 2580
f 2580 2581 2579
f 2581 2580 2582
f 2582 2583 2581
f 2583 2582 2584
f 2584 2585 2583
f 2585 2584 2586
f 2586 2587 2585
f 2587 2586 2588
f 2588 2589 2587
f 2589 2588 2590
f 2590 2591 2589
f 2591 2590 2592
f 2592 2593 2591
f 2593 2592 2594
f 2594 2595 2593
f 2595 2594 2596
f 2596 2597 2595
f 2597 2596 2598
f 2598 2599 2597
f 2599 2598 2600
f 2600 2601 2599
f 2601 2600 2602
f 2602 2603 2601
f 2603 2602 2604
f 2604 2605 2603
f 2605 2604 2606
f 2606 2607 2605
f 2607 2606 2551
f 2551 2550 2607
f 2608 2609 2610
f 2609 2608 2611
f 2611 2608 2612
f 2612 2608 2613
f 2613 2608 2614
f 2614 2608 2615
f 2615 2608 2616
f 2616 2608 2617
f 2617 2608 2618
f 2619 2620 2621
f 2620 2619 2622
f 2622 2619 2623
f 2622 2623 2624
f 2622 2624 2625
f 2625 2624 2626
f 2625 2626 2627
f 2627 2626 2628
f 2627 2628 2629
f 2629 2628 2630
f 2630 2628 2631
f 2630 2631 2632
f 2632 2631 2633
f 2632 2633 2634
f 2632 2634 2635
f 2635 2634 2636
f 2636 2634 2637
f 2637 2634 2638
f 2638 2634 2639
f 2639 2634 2640
f 2640 2634 2641
f 2641 2634 2642
f 2642 2634 2643
f 2643 2634 2644
f 2643 2644 2645
f 2645 2644 2646
f 2646 2644 2647
f 2647 2644 2648
f 2648 2644 2649
f 2649 2644 2650
f 2650 2644 2610
f 2610 2644 2608
f 2608 2644 2651
f 2608 2651 2652
f 2608 2652 2653
f 2608 2653 2654
f 2608 2654 2655
f 2635 2656 2632
f 2656 2635 2657
f 2656 2657 2658
f 2656 2658 2659
f 2656 2659 2660
f 2656 2660 2661
f 2656 2661 2662
f 2656 2662 2663
f 2656 2663 2664
f 2656 2664 2665
f 2656 2665 2611
f 2611 2665 2666
f 2611 2666 2667
f 2611 2667 2668
f 2611 2668 2669
f 2611 2669 2670
f 2611 2670 2671
f 2611 2671 2609
f 2672 2618 2608
f 2618 2672 2673
f 2673 2672 2674
f 2674 2672 2675
f 2675 2672 2676
f 2676 2672 2677
f 2677 2672 2678
f 2679 2621 2680
f 2619 2679 2623
f 2623 2679 2624
f 2624 2679 2626
f 2626 2679 2681
f 2626 2681 2628
f 2628 2681 2631
f 2631 2681 2682
f 2631 2682 2633
f 2633 2682 2634
f 2634 2682 2683
f 2634 2683 2644
f 2644 2683 2651
f 2651 2683 2652
f 2652 2683 2684
f 2652 2684 2653
f 2653 2684 2654
f 2654 2684 2685
f 2654 2685 2655
f 2655 2685 2608
f 2608 2685 2672
f 2672 2685 2686
f 2672 2686 2687
f 2672 2687 2688
f 2689 2690 2691
f 2690 2689 2692
f 2692 2689 2693
f 2692 2693 2694
f 2692 2694 2695
f 2695 2694 2696
f 2695 2696 2697
f 2697 2696 2680
f 2697 2680 2698
f 2698 2680 2699
f 2699 2620 2622
f 2699 2622 2625
f 2699 2625 2627
f 2699 2627 2700
f 2700 2627 2629
f 2700 2629 2630
f 2700 2630 2701
f 2701 2630 2632
f 2701 2632 2656
f 2701 2656 2611
f 2701 2611 2702
f 2702 2611 2612
f 2702 2612 2613
f 2702 2613 2703
f 2703 2613 2614
f 2703 2614 2615
f 2703 2615 2673
f 2673 2615 2616
f 2673 2616 2617
f 2673 2617 2618
f 1724 2678 2672
f 2678 1724 1672
f 1672 1724 1670
f 1670 1724 1668
f 1668 1724 1666
f 1666 1724 1663
f 1697 1693 1695
f 1693 1697 1699
f 1693 1699 1691
f 1691 1699 1701
f 1691 1701 1689
f 1689 1701 1703
f 1689 1703 1687
f 1687 1703 1705
f 1687 1705 2691
f 2691 1705 2689
f 2689 1705 2693
f 2693 1705 1707
f 2693 1707 2694
f 2694 1707 2696
f 2696 1707 2680
f 2680 1707 1708
f 2680 1708 2679
f 2679 1708 2681
f 2681 1708 1710
f 2681 1710 2682
f 2682 1710 1712
f 2682 1712 2683
f 2683 1712 2684
f 2684 1712 1714
f 2684 1714 2685
f 2685 1714 2686
f 2686 1714 1716
f 2686 1716 2687
f 2687 1716 2688
f 2688 1716 2672
f 2672 1716 1718
f 2672 1718 1724
f 1724 1718 1720
f 1724 1720 1722
f 2691 1685 1687
f 1685 2691 2690
f 1685 2690 2692
f 1685 2692 1683
f 1683 2692 2695
f 1683 2695 2697
f 1683 2697 2698
f 1683 2698 1681
f 1681 2698 2699
f 1681 2699 2700
f 1681 2700 1679
f 1679 2700 2701
f 1679 2701 2702
f 1679 2702 1678
f 1678 2702 2703
f 1678 2703 1676
f 1676 2703 2673
f 1676 2673 2674
f 1676 2674 1674
f 1674 2674 2675
f 1674 2675 2676
f 1674 2676 2677
f 1674 2677 1672
f 1672 2677 2678
f 1665 2704 1667
f 2704 1665 1726
f 2704 1726 2705
f 2705 1726 1736
f 2705 1736 2706
f 2706 1736 1742
f 2706 1742 2707
f 2707 1742 662
f 2707 662 1782
f 1782 662 632
f 1667 2708 1669
f 2708 1667 2704
f 2708 2704 2709
f 2709 2704 2705
f 2709 2705 2710
f 2710 2705 2706
f 2710 2706 2711
f 2711 2706 2707
f 2711 2707 1784
f 1784 2707 1782
f 1669 2712 1671
f 2712 1669 2708
f 2712 2708 2713
f 2713 2708 2709
f 2713 2709 2714
f 2714 2709 2710
f 2714 2710 2715
f 2715 2710 2711
f 2715 2711 1786
f 1786 2711 1784
f 1671 2716 1673
f 2716 1671 2712
f 2716 2712 2717
f 2717 2712 2713
f 2717 2713 1090
f 1090 2713 1091
f 1091 2713 2714
f 1091 2714 1089
f 1089 2714 2715
f 1089 2715 1786
f 1673 2718 1675
f 2718 1673 1093
f 1093 1673 2716
f 1093 2716 1094
f 1094 2716 2717
f 1094 2717 1092
f 1092 2717 1090
f 1092 1090 1789
f 1789 1090 1089
f 1675 1096 1677
f 1096 1675 1097
f 1097 1675 1095
f 1095 1675 2718
f 1095 2718 1099
f 1099 2718 1098
f 1098 2718 1093
f 1098 1093 1092
f 1098 1092 1789
f 1677 1102 1101
f 1102 1677 1100
f 1100 1677 1743
f 1743 1677 1751
f 1751 1677 1768
f 1768 1677 1096
f 1768 1096 1095
f 1768 1095 1098
f 1727 1100 1737
f 1100 1727 1680
f 1100 1680 1101
f 2719 1741 1750
f 1741 2719 1731
f 1731 2719 1690
f 1731 1690 1688
f 2720 1774 1797
f 1774 2720 1757
f 1757 2720 2721
f 1757 2721 1749
f 1749 2721 2722
f 1749 2722 1750
f 1750 2722 2723
f 1750 2723 2719
f 2719 2723 1692
f 2719 1692 1690
f 2724 1797 1798
f 1797 2724 2720
f 2720 2724 2725
f 2720 2725 2721
f 2721 2725 2726
f 2721 2726 2722
f 2722 2726 2727
f 2722 2727 2723
f 2723 2727 1694
f 2723 1694 1692
f 1800 2724 1798
f 2724 1800 2728
f 2724 2728 2725
f 2725 2728 2729
f 2725 2729 2726
f 2726 2729 2730
f 2726 2730 2727
f 2727 2730 2731
f 2727 2731 1694
f 1694 2731 1696
f 1802 2728 1800
f 2728 1802 2732
f 2728 2732 2729
f 2729 2732 2733
f 2729 2733 2730
f 2730 2733 2734
f 2730 2734 2731
f 2731 2734 2735
f 2731 2735 1696
f 1696 2735 1698
f 1804 2732 1802
f 2732 1804 2736
f 2732 2736 2733
f 2733 2736 2737
f 2733 2737 2734
f 2734 2737 2738
f 2734 2738 2735
f 2735 2738 2739
f 2735 2739 1698
f 1698 2739 1700
f 1775 2736 1804
f 2736 1775 2737
f 2737 1775 1759
f 2737 1759 1758
f 2737 1758 2738
f 2738 1758 2740
f 2738 2740 2739
f 2739 2740 2741
f 2739 2741 1700
f 1700 2741 1702
f 1761 2740 1758
f 2740 1761 2741
f 2741 1761 2742
f 2741 2742 2743
f 2741 2743 1702
f 1702 2743 1704
f 1763 2742 1761
f 2742 1763 2743
f 2743 1763 2744
f 2743 2744 1704
f 1704 2744 2745
f 1704 2745 1706
f 1765 2744 1763
f 2744 1765 2745
f 2745 1765 1706
f 1706 1765 1104
f 1706 1104 1103
f 1767 1104 1765
f 1104 1767 1105
f 1105 1767 1103
f 1103 1767 1709
f 1709 1767 2746
f 1709 2746 2747
f 1811 1766 1779
f 1766 1811 1767
f 1767 1811 2746
f 2746 1811 2747
f 2747 1811 1709
f 1709 1811 1107
f 1709 1107 1106
f 1709 1106 2748
f 1709 2748 1711
f 2748 1713 1711
f 1713 2748 1106
f 1713 1106 1108
f 1713 1108 2749
f 2749 1108 1107
f 2749 1107 1811
f 2749 1811 1109
f 1109 1811 1110
f 1110 1811 1813
f 2749 1715 1713
f 1715 2749 1109
f 1715 1109 2750
f 2750 1109 1111
f 2750 1111 2751
f 2751 1111 1110
f 2751 1110 2752
f 2752 1110 1813
f 2752 1813 2753
f 2753 1813 1815
f 2750 1717 1715
f 1717 2750 2754
f 2754 2750 2751
f 2754 2751 2755
f 2755 2751 2752
f 2755 2752 2753
f 2755 2753 1074
f 1074 2753 1815
f 1074 1815 1075
f 1075 1815 1817
f 2754 1719 1717
f 1719 2754 1732
f 1732 2754 2755
f 1732 2755 1040
f 1040 2755 1074
f 1043 1075 1817
f 1043 1817 1780
f 2756 1809 1827
f 1809 2756 1810
f 1810 2756 1812
f 1812 2756 2757
f 1812 2757 1814
f 1814 2757 2758
f 1814 2758 1816
f 1816 2758 2759
f 1816 2759 1818
f 1818 2759 2760
f 1818 2760 1819
f 1819 2760 2761
f 1819 2761 1045
f 1045 2761 630
f 630 2761 2762
f 630 2762 2763
f 2763 2762 2764
f 1792 2765 1820
f 2765 1792 1791
f 2765 1791 1790
f 2765 1790 2766
f 2766 1790 1788
f 2766 1788 2767
f 2767 1788 1787
f 2767 1787 2768
f 2768 1787 1785
f 2768 1785 2769
f 2769 1785 1783
f 2769 1783 2770
f 2770 1783 1781
f 2770 1781 2771
f 2771 1781 631
f 2771 631 630
f 2771 630 2763
f 2772 834 876
f 834 2772 2773
f 832 2773 1799
f 1799 2773 2774
f 1799 2774 1801
f 1801 2774 1803
f 1803 2774 1823
f 1803 1823 1805
f 833 832 1796
f 833 1796 1795
f 1872 1827 1835
f 1827 1872 2756
f 2756 1872 2757
f 2757 1872 1874
f 2757 1874 2758
f 2758 1874 1876
f 2758 1876 2759
f 2759 1876 1878
f 2759 1878 2760
f 2760 1878 1880
f 2760 1880 2761
f 2761 1880 1882
f 2761 1882 2762
f 2762 1882 1884
f 2762 1884 2764
f 1820 1853 1828
f 1853 1820 2765
f 1853 2765 2766
f 1853 2766 1851
f 1851 2766 2767
f 1851 2767 1849
f 1849 2767 2768
f 1849 2768 1847
f 1847 2768 2769
f 1847 2769 1845
f 1845 2769 2770
f 1845 2770 1843
f 1843 2770 2771
f 1843 2771 1841
f 1841 2771 2763
f 1841 2763 1839
f 1839 2763 2764
f 1839 2764 1884
f 1839 1884 1836
f 1861 1055 1859
f 1055 1861 1863
f 2772 1863 2773
f 2773 1863 1865
f 2773 1865 2774
f 2774 1865 1831
f 2774 1831 1823
f 1936 1870 1898
f 1870 1936 1871
f 1871 1936 1873
f 1873 1936 1938
f 1873 1938 1875
f 1875 1938 1940
f 1875 1940 1877
f 1877 1940 1942
f 1877 1942 1879
f 1879 1942 1944
f 1879 1944 1881
f 1881 1944 1946
f 1881 1946 1883
f 1883 1946 1948
f 1883 1948 1837
f 1837 1948 1902
f 1902 1948 1899
f 1855 1918 1885
f 1918 1855 1854
f 1918 1854 1916
f 1916 1854 1852
f 1916 1852 1850
f 1916 1850 1914
f 1914 1850 1848
f 1914 1848 1912
f 1912 1848 1846
f 1912 1846 1910
f 1910 1846 1844
f 1910 1844 1908
f 1908 1844 1842
f 1908 1842 1906
f 1906 1842 1840
f 1906 1840 1904
f 1904 1840 1838
f 1904 1838 1902
f 1902 1838 1837
f 1891 1890 1926
f 1890 1891 1860
f 1890 1860 1858
f 1054 1890 1858
f 587 901 935
f 439 778 779
f 771 1124 769
f 746 1131 835
f 748 1133 836
f 1274 1307 1309
f 1309 1275 1274
f 1275 1309 1311
f 1311 1276 1275
f 1276 1311 1313
f 1313 1277 1276
f 1277 1313 1315
f 1315 1279 1277
f 1279 1315 1317
f 1317 1280 1279
f 1280 1317 1319
f 1319 1281 1280
f 1281 1319 1321
f 1321 1282 1281
f 1282 1321 1323
f 1323 1283 1282
f 1283 1323 1325
f 1325 1284 1283
f 1284 1325 1327
f 1327 1285 1284
f 1285 1327 1329
f 1329 1286 1285
f 1286 1329 1331
f 1331 1287 1286
f 1287 1331 1333
f 1333 1288 1287
f 1288 1333 1335
f 1335 1289 1288
f 1289 1335 1337
f 1337 1290 1289
f 1290 1337 1339
f 1339 1291 1290
f 1291 1339 1341
f 1341 1292 1291
f 1292 1341 1343
f 1343 1293 1292
f 1293 1343 1345
f 1345 1294 1293
f 1294 1345 1347
f 1347 1295 1294
f 1295 1347 1349
f 1349 1296 1295
f 1296 1349 1351
f 1351 1297 1296
f 1297 1351 1353
f 1353 1298 1297
f 1298 1353 1355
f 1355 1299 1298
f 1299 1355 1357
f 1357 1300 1299
f 1300 1357 1359
f 1359 1301 1300
f 1301 1359 1361
f 1361 1302 1301
f 1302 1361 1363
f 1363 1303 1302
f 1303 1363 1365
f 1365 1304 1303
f 1304 1365 1367
f 1367 1305 1304
f 1305 1367 1368
f 1368 1306 1305
f 1306 1368 1307
f 1307 1274 1306
f 1400 2775 2776
f 2776 1401 1400
f 1401 2776 2777
f 2777 1402 1401
f 1402 2777 2778
f 2778 1403 1402
f 1403 2778 2779
f 2779 1404 1403
f 1404 2779 2780
f 2780 1405 1404
f 1405 2780 2781
f 2781 1406 1405
f 1406 2781 2782
f 2782 1407 1406
f 1407 2782 2783
f 2783 1408 1407
f 1408 2783 2784
f 2784 1409 1408
f 1409 2784 2785
f 2785 1410 1409
f 1410 2785 2786
f 2786 1411 1410
f 1411 2786 2787
f 2787 1412 1411
f 1412 2787 2788
f 2788 1413 1412
f 1413 2788 2789
f 2789 1414 1413
f 1414 2789 2790
f 2790 1415 1414
f 1415 2790 2791
f 2791 1416 1415
f 1416 2791 2792
f 2792 1417 1416
f 1417 2792 2793
f 2793 1418 1417
f 1418 2793 2794
f 2794 1419 1418
f 1419 2794 2795
f 2795 1420 1419
f 1420 2795 2796
f 2796 1421 1420
f 1421 2796 2797
f 2797 1422 1421
f 1422 2797 2798
f 2798 1423 1422
f 1423 2798 2799
f 2775 985 988
f 988 2776 2775
f 2776 988 990
f 990 2777 2776
f 2777 990 992
f 992 2778 2777
f 2778 992 994
f 994 2779 2778
f 2779 994 996
f 996 2780 2779
f 2780 996 998
f 998 2781 2780
f 2781 998 1000
f 1000 2782 2781
f 2782 1000 1002
f 1002 2783 2782
f 2783 1002 1004
f 1004 2784 2783
f 2784 1004 1006
f 1006 2785 2784
f 2785 1006 1008
f 1008 2786 2785
f 2786 1008 1010
f 1010 2787 2786
f 2787 1010 1012
f 1012 2788 2787
f 2788 1012 1014
f 1014 2789 2788
f 2789 1014 1016
f 1016 2790 2789
f 2790 1016 1018
f 1018 2791 2790
f 2791 1018 1020
f 1020 2792 2791
f 2792 1020 1022
f 1022 2793 2792
f 2793 1022 1024
f 1024 2794 2793
f 2794 1024 1026
f 1026 2795 2794
f 2795 1026 1028
f 1028 2796 2795
f 2796 1028 1030
f 1030 2797 2796
f 2797 1030 1032
f 1032 2798 2797
f 2798 1032 1034
f 1034 2799 2798
f 2799 1034 1036
f 799 8 466
f 799 466 614
f 239 234 235
f 1159 1457 324
f 324 1161 1159
f 1077 208 332
f 1077 332 1078
f 1157 1459 1457
f 1457 1159 1157
f 1079 1077 83
f 1155 1461 1459
f 1459 1157 1155
f 795 376 128
f 795 334 558
f 1462 1152 1150
f 1081 1079 80
f 1153 1463 1461
f 1461 1155 1153
f 796 797 377
f 1463 1153 1152
f 1152 1462 1463
f 1468 1470 1473
f 1473 1469 1468
f 1471 1474 1477
f 1477 1472 1471
f 1478 1479 1482
f 1482 842 1478
f 1480 1483 1486
f 1486 1481 1480
f 1469 1473 1491
f 1491 1489 1469
f 1472 1477 2800
f 2800 1490 1472
f 842 1482 841
f 1481 1486 1494
f 1494 1492 1481
f 1489 1491 1499
f 1499 1497 1489
f 1490 2800 589
f 589 1498 1490
f 1492 1494 1502
f 1502 1500 1492
f 1497 1499 1507
f 1507 1505 1497
f 1498 589 1508
f 1508 1506 1498
f 1500 1502 1511
f 1511 1509 1500
f 1505 1507 1516
f 1516 1514 1505
f 1506 1508 1518
f 1518 1515 1506
f 626 625 1520
f 1520 2801 626
f 1509 1511 1522
f 1522 1519 1509
f 1514 1516 1527
f 1527 1525 1514
f 1515 1518 1529
f 1529 1526 1515
f 2801 1520 1532
f 1532 1530 2801
f 1519 1522 1534
f 1534 1531 1519
f 1525 1527 1539
f 1539 1537 1525
f 1526 1529 1541
f 1541 1538 1526
f 1530 1532 1544
f 1544 1542 1530
f 1531 1534 1546
f 1546 1543 1531
f 1537 1539 1551
f 1551 1549 1537
f 1538 1541 1553
f 1553 1550 1538
f 1542 1544 1556
f 1556 1554 1542
f 1543 1546 1558
f 1558 1555 1543
f 1549 1551 1563
f 1563 1561 1549
f 1550 1553 1565
f 1565 1562 1550
f 1554 1556 1568
f 1568 1566 1554
f 1555 1558 1570
f 1570 1567 1555
f 1561 1563 1575
f 1575 1573 1561
f 1562 1565 1577
f 1577 1574 1562
f 1566 1568 1580
f 1580 1578 1566
f 1567 1570 1582
f 1582 1579 1567
f 1573 1575 1587
f 1587 1585 1573
f 1574 1577 1589
f 1589 1586 1574
f 1578 1580 1592
f 1592 1590 1578
f 1579 1582 1594
f 1594 1591 1579
f 1585 1587 1599
f 1599 1597 1585
f 1586 1589 1601
f 1601 1598 1586
f 1590 1592 1604
f 1604 1602 1590
f 1591 1594 1606
f 1606 1603 1591
f 1597 1599 1611
f 1611 1609 1597
f 1598 1601 1613
f 1613 1610 1598
f 1602 1604 1616
f 1616 1614 1602
f 1603 1606 1618
f 1618 1615 1603
f 1609 1611 1623
f 1623 1621 1609
f 1610 1613 1624
f 1624 1622 1610
f 1614 1616 1626
f 1626 829 1614
f 1615 1618 1628
f 1628 1625 1615
f 1621 1623 1632
f 1632 1631 1621
f 1625 1628 1636
f 1636 1633 1625
f 1631 1632 1640
f 1640 1639 1631
f 1633 1636 1643
f 1643 1641 1633
f 1639 1640 1648
f 1648 1646 1639
f 622 1647 843
f 764 668 667
f 1641 1643 1651
f 1651 1649 1641
f 1646 1648 1656
f 1656 1654 1646
f 1647 622 1658
f 1658 1655 1647
f 668 764 1660
f 1660 2802 668
f 1649 1651 1662
f 1662 1659 1649
f 2518 2803 2804
f 2804 2519 2518
f 2519 2804 2805
f 2805 2520 2519
f 2520 2805 2806
f 2806 2521 2520
f 2521 2806 2807
f 2807 2522 2521
f 2522 2807 2808
f 2808 2523 2522
f 2523 2808 2809
f 2809 2524 2523
f 2524 2809 2810
f 2810 2525 2524
f 2525 2810 2811
f 2811 2526 2525
f 2526 2811 2812
f 2812 2527 2526
f 2527 2812 2813
f 2813 2528 2527
f 2528 2813 2814
f 2814 2529 2528
f 2529 2814 2815
f 2815 2530 2529
f 2530 2815 2816
f 2816 2531 2530
f 2531 2816 2817
f 2817 2532 2531
f 2532 2817 2818
f 2818 2533 2532
f 2533 2818 2819
f 2819 2534 2533
f 2534 2819 2820
f 2820 2535 2534
f 2535 2820 2821
f 2821 2536 2535
f 2536 2821 2822
f 2822 2537 2536
f 2537 2822 2823
f 2823 2538 2537
f 2538 2823 2824
f 2824 2539 2538
f 2539 2824 2825
f 2825 2540 2539
f 2540 2825 2826
f 2826 2541 2540
f 2541 2826 2827
f 2827 2542 2541
f 2542 2827 2828
f 2828 2543 2542
f 2543 2828 2829
f 2829 2544 2543
f 2544 2829 2830
f 2830 2545 2544
f 2545 2830 2831
f 2831 2546 2545
f 2546 2831 2832
f 2832 2547 2546
f 2547 2832 2833
f 2833 2548 2547
f 2548 2833 2834
f 2834 2549 2548
f 2549 2834 2803
f 2803 2518 2549
f 2803 2835 2836
f 2836 2804 2803
f 2804 2836 2837
f 2837 2805 2804
f 2805 2837 2838
f 2838 2806 2805
f 2806 2838 2839
f 2839 2807 2806
f 2807 2839 2840
f 2840 2808 2807
f 2808 2840 2841
f 2841 2809 2808
f 2809 2841 2842
f 2842 2810 2809
f 2810 2842 2843
f 2843 2811 2810
f 2811 2843 2844
f 2844 2812 2811
f 2812 2844 2845
f 2845 2813 2812
f 2813 2845 1067
f 1067 2814 2813
f 2814 1067 1070
f 1070 2815 2814
f 2815 1070 1072
f 1072 2816 2815
f 2816 1072 2846
f 2846 2817 2816
f 2817 2846 2847
f 2847 2818 2817
f 2818 2847 2848
f 2848 2819 2818
f 2819 2848 2849
f 2849 2820 2819
f 2820 2849 2850
f 2850 2821 2820
f 2821 2850 2851
f 2851 2822 2821
f 2822 2851 2852
f 2852 2823 2822
f 2823 2852 2853
f 2853 2824 2823
f 2824 2853 2854
f 2854 2825 2824
f 2825 2854 2855
f 2855 2826 2825
f 2826 2855 2856
f 2856 2827 2826
f 2827 2856 2857
f 2857 2828 2827
f 2828 2857 2858
f 2858 2829 2828
f 2829 2858 2859
f 2859 2830 2829
f 2830 2859 2860
f 2860 2831 2830
f 2831 2860 2861
f 2861 2832 2831
f 2832 2861 2862
f 2862 2833 2832
f 2833 2862 2863
f 2863 2834 2833
f 2834 2863 2835
f 2835 2803 2834
f 2835 2550 2553
f 2553 2836 2835
f 2836 2553 2555
f 2555 2837 2836
f 2837 2555 2557
f 2557 2838 2837
f 2838 2557 2559
f 2559 2839 2838
f 2839 2559 2561
f 2561 2840 2839
f 2840 2561 2563
f 2563 2841 2840
f 2841 2563 2565
f 2565 2842 2841
f 2842 2565 2567
f 2567 2843 2842
f 2843 2567 2569
f 2569 2844 2843
f 2844 2569 2571
f 2571 2845 2844
f 2845 2571 1068
f 1068 1067 2845
f 1073 2846 1072
f 2846 1073 2575
f 2575 2847 2846
f 2847 2575 2577
f 2577 2848 2847
f 2848 2577 2579
f 2579 2849 2848
f 2849 2579 2581
f 2581 2850 2849
f 2850 2581 2583
f 2583 2851 2850
f 2851 2583 2585
f 2585 2852 2851
f 2852 2585 2587
f 2587 2853 2852
f 2853 2587 2589
f 2589 2854 2853
f 2854 2589 2591
f 2591 2855 2854
f 2855 2591 2593
f 2593 2856 2855
f 2856 2593 2595
f 2595 2857 2856
f 2857 2595 2597
f 2597 2858 2857
f 2858 2597 2599
f 2599 2859 2858
f 2859 2599 2601
f 2601 2860 2859
f 2860 2601 2603
f 2603 2861 2860
f 2861 2603 2605
f 2605 2862 2861
f 2862 2605 2607
f 2607 2863 2862
f 2863 2607 2550
f 2550 2835 2863
f 2621 2679 2619
f 2699 2680 2621
f 2699 2621 2620
f 309 530 889
f 517 531 886
f 2864 303 305
f 533 532 606
f 318 534 893
f 536 535 912
f 315 537 891
f 846 340 721
f 2865 5 4
f 935 964 2866
f 2867 1399 1398
f 359 406 496
f 1149 584 585
f 565 1147 1149
f 1149 585 565
f 564 1145 1147
f 1147 565 564
f 239 1143 1145
f 1145 564 239
f 570 1138 1140
f 1140 598 570
f 218 1142 1138
f 1138 570 218
f 482 1144 1142
f 1142 218 482
f 28 1146 1144
f 1144 482 28
f 793 64 63
f 793 274 582
f 1458 1148 1146
f 1146 28 1458
f 794 795 294
f 1148 1458 1460
f 1081 330 2868
f 1081 2868 757
f 796 377 130
f 796 335 560
f 797 329 2869
f 797 2869 755
f 2870 1083 2287
f 1083 2870 865
f 2374 865 2870
f 865 2374 918
f 1055 1863 876
f 876 1863 2772
f 768 927 2871
f 878 730 269
f 489 569 879
f 485 890 898
f 483 888 899
f 902 562 609
f 454 1118 2872
f 487 892 903
f 10 1123 904
f 453 881 618
f 619 618 798
f 2873 979 977
f 979 2873 1220
f 2873 1278 1247
f 1247 1220 2873
f 2874 1428 986
f 772 471 356
f 910 2872 1118
f 620 290 578
f 578 290 270
f 580 291 272
f 774 324 319
f 1477 1476 924
f 924 2800 1477
f 1476 842 541
f 2800 924 590
f 1624 828 666
f 917 1062 1060
f 1062 917 2148
f 897 2148 917
f 2316 2287 2286
f 2287 2316 2870
f 2289 2875 2317
f 2344 2870 2316
f 2870 2344 2374
f 2875 2876 2345
f 2345 2317 2875
f 2377 2876 919
f 2876 2377 2378
f 2378 2345 2876
f 901 587 900
f 563 771 770
f 326 880 728
f 283 745 288
f 809 704 703
f 812 1116 511
f 813 775 473
f 1117 839 838
f 871 1121 495
f 742 777 493
f 1122 840 695
f 818 780 251
f 820 782 378
f 823 784 374
f 826 786 375
f 827 787 372
f 824 785 371
f 821 783 370
f 692 781 369
f 1124 1129 867
f 867 769 1124
f 339 240 428
f 1131 751 750
f 1133 754 753
f 720 474 776
f 2877 977 975
f 977 2877 2873
f 981 926 520
f 1399 2867 2775
f 2775 1400 1399
f 2799 862 1423
f 862 2799 860
f 2867 2874 985
f 985 2775 2867
f 1036 860 2799
f 860 1036 849
f 1460 1150 1148
f 1150 1460 1462
f 1622 1624 661
f 921 920 1041
f 1048 1051 875
f 910 1120 736
f 728 135 326
f 361 259 346
f 986 985 2874
f 1037 849 1036
f 849 1037 847
f 808 807 2878
f 656 350 846
f 1120 1119 737
f 340 846 350
f 798 642 1154
f 506 1151 642
f 506 642 392
f 392 642 433
f 433 642 431
f 431 642 432
f 1156 806 798
f 798 1154 1156
f 808 2878 503
f 808 503 502
f 808 502 665
f 806 1156 1158
f 737 1119 641
f 515 514 2879
f 4 2879 2865
f 2879 4 852
f 770 670 563
f 1115 1114 2880
f 288 682 283
f 703 685 809
f 511 688 812
f 473 689 813
f 838 286 1117
f 493 743 742
f 695 815 1122
f 251 817 818
f 378 819 820
f 374 822 823
f 375 825 826
f 372 655 827
f 371 652 824
f 370 649 821
f 369 691 692
f 776 811 720
f 773 1137 772
f 459 412 620
f 579 620 578
f 581 791 580
f 693 615 774
f 696 1426 1428
f 937 284 938
f 1151 506 504
f 359 738 554
f 940 684 941
f 942 687 943
f 811 190 720
f 720 190 307
f 1137 471 772
f 791 291 580
f 615 324 774
f 951 816 952
f 953 575 596
f 958 648 855
f 855 648 724
f 954 677 676
f 957 651 854
f 854 651 723
f 955 679 678
f 956 654 853
f 853 654 722
f 541 924 1476
f 1517 2801 1530
f 666 661 1624
f 613 830 1042
f 834 2773 832
f 1129 553 2881
f 750 835 1131
f 753 836 1133
f 554 2881 553
f 975 872 2877
f 661 844 1622
f 852 515 2879
f 926 981 984
f 1428 2874 696
f 226 267 858
f 226 858 922
f 538 516 515
f 567 932 311
f 889 933 309
f 886 934 517
f 588 935 611
f 305 845 2864
f 380 914 612
f 606 959 533
f 893 960 318
f 778 439 469
f 912 962 536
f 891 963 315
f 934 873 52
f 964 857 735
f 735 2866 964
f 909 262 310
f 908 264 308
f 971 164 645
f 911 266 314
f 874 2877 872
f 2877 874 1278
f 1278 2873 2877
f 697 1398 519
f 1398 697 2867
f 697 696 2874
f 2874 2867 697
f 584 1149 1151
f 810 1158 1160
f 590 589 2800
f 865 864 1083
f 736 2871 910
f 872 975 803
f 584 1151 504
f 1042 920 613
f 880 326 327
f 359 496 738
f 1060 664 917
f 494 646 572
f 716 592 1064
f 670 770 122
f 286 838 437
f 815 695 48
f 822 374 69
f 825 375 72
f 655 372 175
f 652 371 172
f 649 370 169
f 691 369 166
f 799 9 8
f 799 614 749
f 226 1139 1141
f 1141 235 226
f 598 1140 1139
f 1139 226 598
f 794 211 333
f 48 739 815
f 69 547 822
f 72 549 825
f 175 653 655
f 172 650 652
f 169 647 649
f 166 726 691
f 78 77 1081
f 81 80 1079
f 84 83 1077
f 482 43 28
f 622 621 1657
f 621 668 2802
f 2802 1657 621
f 2875 2289 2288
f 352 306 303
f 382 970 355
f 541 841 539
f 633 525 921
f 285 2882 945
f 309 933 308
f 235 1141 1143
f 1143 239 235
f 311 932 310
f 313 852 312
f 315 963 314
f 536 962 639
f 318 960 316
f 533 959 636
f 2288 2883 2875
f 2883 919 2876
f 2876 2875 2883
f 663 883 457
f 389 388 454
f 240 339 144
f 938 284 2884
f 941 684 2885
f 943 687 2886
f 307 190 14
f 272 291 17
f 52 517 934
f 845 721 719
f 2866 735 45
f 594 1064 592
f 298 297 905
f 925 905 297
f 866 1066 864
f 595 552 455
f 737 736 1120
f 919 2883 866
f 297 300 925
f 124 658 877
f 151 681 682
f 111 683 685
f 444 686 688
f 442 690 689
f 576 149 148
f 524 831 613
f 2883 2288 1066
f 867 2881 497
f 91 128 376
f 94 130 377
f 360 364 522
f 927 768 55
f 2881 867 1129
f 482 1 101
f 2871 736 768
f 500 735 857
f 807 811 215
f 519 518 697
f 682 288 151
f 685 703 111
f 688 511 444
f 689 473 442
f 743 493 491
f 817 251 250
f 819 378 149
f 550 359 358
f 1162 190 1456
f 190 1162 608
f 491 672 743
f 250 673 817
f 149 576 819
f 1135 619 799
f 767 807 766
f 385 384 972
f 286 285 1117
f 512 931 967
f 384 218 972
f 218 384 482
f 815 744 1122
f 164 971 162
f 557 141 708
f 559 142 709
f 495 1121 579
f 829 1626 1634
f 1634 740 829
f 609 561 2887
f 470 408 410
f 28 302 634
f 2866 611 935
f 970 382 915
f 1160 1456 810
f 1456 1160 1162
f 664 1060 850
f 731 644 643
f 642 798 344
f 1158 810 806
f 729 675 1426
f 1426 696 729
f 611 2866 44
f 95 52 873
f 381 772 356
f 694 774 319
f 540 590 924
f 303 2864 352
f 528 926 907
f 966 2878 807
f 844 661 623
f 497 231 867
f 35 34 836
f 239 196 263
f 235 193 261
f 570 102 265
f 218 60 281
f 877 269 124
f 1066 866 2883
f 727 295 135
f 848 847 674
f 850 593 664
f 664 603 602
f 572 495 494
f 527 520 926
f 2888 568 607
f 202 122 770
f 262 909 261
f 264 908 263
f 266 911 265
f 770 769 202
f 1114 136 2880
f 2880 136 701
f 522 464 360
f 636 635 533
f 500 859 499
f 348 349 610
f 513 533 635
f 2881 554 738
f 585 430 359
f 569 516 879
f 879 516 2889
f 2890 514 599
f 490 879 2889
f 2889 516 680
f 2891 711 710
f 2892 713 712
f 2893 715 714
f 2894 586 705
f 779 707 706
f 44 118 611
f 119 428 57
f 779 438 439
f 277 629 275
f 701 136 361
f 280 2872 278
f 51 257 517
f 732 390 400
f 287 286 671
f 38 259 727
f 669 304 670
f 345 2880 701
f 32 31 882
f 419 945 2882
f 428 119 339
f 191 941 2885
f 418 943 2886
f 79 203 77
f 82 205 80
f 85 207 83
f 88 208 86
f 556 150 362
f 117 2887 627
f 279 278 628
f 74 657 669
f 276 275 671
f 447 2888 607
f 733 402 401
f 734 391 403
f 938 189 936
f 941 191 939
f 189 98 1126
f 1126 936 189
f 191 66 1127
f 1127 939 191
f 98 192 1132
f 1132 1126 98
f 66 65 965
f 965 1127 66
f 99 1132 192
f 966 965 65
f 252 582 274
f 136 1114 283
f 888 711 899
f 899 711 2891
f 890 568 898
f 898 568 2888
f 1123 713 904
f 904 713 2892
f 892 715 903
f 903 715 2893
f 587 586 900
f 900 586 2894
f 5 2865 2890
f 943 418 475
f 945 419 476
f 192 7 99
f 65 146 966
f 177 247 416
f 178 249 417
f 2878 966 146
f 2879 514 2865
f 2865 514 2890
f 150 556 333
f 70 558 334
f 73 560 335
f 268 858 267
f 486 898 2888
f 484 899 2891
f 298 900 2894
f 488 903 2893
f 11 904 2892
f 271 578 270
f 273 580 272
f 383 348 906
f 610 906 348
f 718 352 2864
f 231 202 769
f 346 260 338
f 345 338 1125
f 373 111 703
f 202 231 145
f 502 36 35
f 307 123 474
f 614 414 750
f 333 213 150
f 334 129 70
f 335 131 73
f 466 399 414
f 413 209 747
f 189 938 2884
f 319 49 694
f 43 492 229
f 220 64 468
f 635 301 513
f 738 497 2881
f 328 121 507
f 138 55 768
f 302 301 635
f 146 503 2878
f 415 432 344
f 350 76 340
f 76 144 339
f 176 2869 329
f 173 2868 330
f 170 1080 331
f 167 1078 332
f 446 2889 680
f 445 2891 710
f 296 2894 705
f 465 2893 714
f 182 2892 712
f 2884 96 189
f 2885 110 191
f 2886 443 418
f 2882 441 419
f 292 327 336
f 179 2890 599
f 2869 176 368
f 2868 173 367
f 1080 170 366
f 1078 167 365
f 2895 47 161
f 1135 1130 337
f 619 1135 450
f 422 499 420
f 629 277 913
f 256 1134 767
f 1134 256 1128
f 1128 256 1116
f 2872 280 454
f 337 450 1135
f 2890 179 5
f 338 337 1130
f 1130 1125 338
f 177 24 246
f 581 273 493
f 583 252 251
f 1116 256 511
f 967 507 512
f 579 271 495
f 913 277 426
f 2884 284 681
f 639 282 536
f 178 18 248
f 341 536 282
f 626 591 590
f 719 56 243
f 551 550 859
f 724 648 647
f 723 651 650
f 722 654 653
f 645 164 643
f 460 643 164
f 674 526 848
f 415 42 41
f 565 359 550
f 545 290 411
f 290 545 1163
f 2801 1517 591
f 591 626 2801
f 627 561 604
f 721 119 56
f 730 643 460
f 47 2895 739
f 881 453 245
f 573 646 732
f 573 732 765
f 400 765 732
f 401 948 733
f 753 752 665
f 403 952 734
f 159 853 722
f 157 854 723
f 155 855 724
f 153 856 725
f 95 457 126
f 747 288 745
f 700 513 510
f 719 2864 845
f 725 605 726
f 722 174 159
f 723 171 157
f 724 168 155
f 725 165 153
f 599 508 179
f 574 148 363
f 2880 345 1115
f 750 749 614
f 256 766 255
f 368 755 2869
f 367 757 2868
f 366 759 1080
f 365 761 1078
f 814 739 2895
f 814 2895 950
f 765 400 416
f 948 401 417
f 952 403 222
f 573 572 646
f 90 676 546
f 93 678 548
f 675 729 526
f 700 605 532
f 336 351 292
f 740 1634 763
f 513 700 532
f 436 680 538
f 435 607 529
f 434 710 530
f 257 705 531
f 341 714 535
f 509 712 537
f 627 118 117
f 593 592 603
f 671 437 276
f 527 526 729
f 1125 1115 345
f 669 122 74
f 1163 291 290
f 464 522 113
f 245 882 881
f 744 672 733
f 744 733 948
f 734 816 673
f 836 702 748
f 1161 324 291
f 291 1163 1161
f 676 90 89
f 678 93 92
f 45 44 2866
f 910 278 2872
f 952 816 734
f 702 836 34
f 773 381 838
f 437 838 381
f 381 188 437
f 915 382 612
f 467 612 382
f 382 185 467
f 848 528 863
f 414 413 835
f 718 243 242
f 727 39 38
f 231 497 230
f 882 245 32
f 501 457 883
f 910 628 278
f 950 161 916
f 641 498 737
f 461 737 498
f 670 304 563
f 317 637 101
f 498 462 461
f 282 638 281
f 762 365 369
f 760 366 370
f 758 367 371
f 756 368 372
f 350 656 657
f 546 68 90
f 548 71 93
f 507 923 328
f 916 161 133
f 383 609 2887
f 287 671 275
f 2887 561 627
f 657 304 669
f 438 779 706
f 269 460 125
f 422 45 735
f 558 70 141
f 560 73 142
f 34 373 702
f 2887 117 383
f 835 747 746
f 747 835 413
f 2894 296 298
f 2888 447 486
f 2891 445 484
f 2893 465 488
f 2892 182 11
f 776 474 473
f 624 362 378
f 510 699 700
f 2889 446 490
f 635 634 302
f 42 113 40
f 2885 684 683
f 2886 687 686
f 285 690 2882
f 119 721 340
f 657 74 350
f 288 747 209
f 455 1076 595
f 460 269 730
f 2864 719 718
f 161 950 2895
f 701 346 345
f 768 461 138
f 607 435 447
f 351 336 306
f 703 702 373
f 665 35 753
f 680 436 446
f 710 434 445
f 705 257 296
f 706 323 438
f 714 341 465
f 712 509 182
f 96 2884 681
f 110 2885 683
f 443 2886 686
f 441 2882 690
f 242 342 352
f 352 718 242
f 344 882 881
f 344 105 31
f 1055 1863 2772
f 2772 876 1055
f 2772 1863 1055
f 1055 876 2772
f 21 215 811
f 811 807 21
f 808 2878 807
f 807 766 255
f 807 20 21
f 420 448 358
f 358 550 420
f 359 406 430
f 344 618 798
f 344 881 618
f 344 31 882
f 808 752 665
f 566 595 550
f 566 456 463
f 566 501 456
f 793 468 794
f 793 64 468
f 793 274 63
f 1077 761 1078
f 794 211 294
f 1079 1080 331
f 1081 205 80
f 1081 330 205
f 797 77 1081
f 1082 864 1083
f 1084 1086 1085
f 1069 1088 1087
f 1089 1091 1090
f 1092 1094 1093
f 1095 1097 1096
f 1098 1099 1095
f 1100 1102 1101
f 1103 1105 1104
f 1106 1108 1107
f 1109 1111 1110
f 342 242 718
f 718 352 342
f 804 1274 1306
f 799 9 808
f 463 1076 595
f 595 566 463
f 208 86 616
f 616 1077 208
f 1081 80 1079
f 1079 83 1077
f 1079 759 1080
f 1079 207 83
f 795 334 128
f 795 376 796
f 796 559 560
f 796 335 130
f 1101 1102 1100
f 1104 1105 1103
f 1767 2746 2747
f 2747 1709 1767
f 1090 1091 1089
f 2317 2318 2347
f 2347 2346 2317
f 1084 2405 2436
f 2436 1086 1084
f 2579 2581 2582
f 2582 2580 2579
f 2621 2679 2619
f 2620 2699 2680
f 2680 2621 2620
f 1094 1092 1093
f 2747 2746 1767
f 1767 1709 2747
f 1107 1108 1106
f 1110 1111 1109
f 799 749 614
f 799 8 9
f 614 466 8
f 8 799 614
f 1078 332 208
f 208 1077 1078
f 795 558 334
f 795 128 376
f 796 377 797
f 2680 2699 2620
f 2620 2621 2680
f 2621 2619 2679
f 793 582 274
f 793 63 64
f 794 333 211
f 794 294 795
f 330 1081 757
f 796 560 335
f 796 130 377
f 755 2869 329
f 329 797 755
f 550 358 359