# https://github.com/mikedh/trimesh
v -0.00001602 0.06795762 0.97506471
v -0.00001602 0.06581986 0.99333935
v 0.01280662 0.06455698 0.99333935
v 0.01322367 0.06665364 0.97506471
v 0.02513653 0.06081675 0.99333935
v 0.02595454 0.06279177 0.97506471
v 0.03649982 0.05474291 0.99333935
v 0.03768747 0.05652037 0.97506471
v 0.04645983 0.04656900 0.99333935
v 0.04797140 0.04808057 0.97506471
v 0.05463374 0.03660899 0.99333935
v 0.05641120 0.03779664 0.97506471
v 0.06070758 0.02524570 0.99333935
v 0.06268260 0.02606371 0.97506471
v 0.06444781 0.01291579 0.99333935
v 0.06654447 0.01333284 0.97506471
v 0.06571069 0.00009315 0.99333935
v 0.06784845 0.00009315 0.97506471
v 0.06444781 -0.01272950 0.99333935
v 0.06654447 -0.01314655 0.97506471
v 0.06070758 -0.02505941 0.99333935
v 0.06268260 -0.02587742 0.97506471
v 0.05463374 -0.03642270 0.99333935
v 0.05641120 -0.03761035 0.97506471
v 0.04645983 -0.04638271 0.99333935
v 0.04797140 -0.04789428 0.97506471
v 0.03649982 -0.05455663 0.99333935
v 0.03768747 -0.05633408 0.97506471
v 0.02513653 -0.06063046 0.99333935
v 0.02595454 -0.06260548 0.97506471
v 0.01280662 -0.06437069 0.99333935
v 0.01322367 -0.06646734 0.97506471
v -0.00001602 -0.06563358 0.99333935
v -0.00001602 -0.06777133 0.97506471
v -0.01283867 -0.06437069 0.99333935
v -0.01325572 -0.06646734 0.97506471
v -0.02516858 -0.06063046 0.99333935
v -0.02598667 -0.06260539 0.97506471
v -0.03653186 -0.05455663 0.99333935
v -0.03771952 -0.05633408 0.97506471
v -0.04649188 -0.04638263 0.99333935
v -0.04800345 -0.04789428 0.97506471
v -0.05466588 -0.03642261 0.99333935
v -0.05644325 -0.03761027 0.97506471
v -0.06073963 -0.02505932 0.99333935
v -0.06271465 -0.02587742 0.97506471
v -0.06447986 -0.01272941 0.99333935
v -0.06657651 -0.01314647 0.97506471
v -0.06574275 0.00009323 0.99333935
v -0.06788050 0.00009323 0.97506471
v -0.06447986 0.01291587 0.99333935
v -0.06657651 0.01333292 0.97506471
v -0.06073963 0.02524578 0.99333935
v -0.06271456 0.02606380 0.97506471
v -0.05466580 0.03660907 0.99333935
v -0.05644325 0.03779672 0.97506471
v -0.04649180 0.04656900 0.99333935
v -0.04800337 0.04808065 0.97506471
v -0.03653178 0.05474299 0.99333935
v -0.03771944 0.05652045 0.97506471
v -0.02516849 0.06081675 0.99333935
v -0.02598651 0.06279177 0.97506471
v -0.03508681 0.03516401 0.99995308
v -0.02757092 0.04133210 0.99995308
v -0.01325564 0.06665364 0.97506471
v -0.01283858 0.06455698 0.99333935
v 0.00965996 0.04873775 0.99995308
v -0.00001602 0.04969075 0.99995308
v -0.00969193 0.04873775 0.99995308
v -0.01899613 0.04591544 0.99995308
v -0.04125490 0.02764813 0.99995308
v -0.04583822 0.01907342 0.99995308
v -0.04866062 0.00976921 0.99995308
v -0.04961363 0.00009323 0.99995308
v -0.04866062 -0.00958284 0.99995308
v -0.04583822 -0.01888696 0.99995308
v -0.04125498 -0.02746175 0.99995308
v -0.03508681 -0.03497764 0.99995308
v -0.02757101 -0.04114573 0.99995308
v -0.01899622 -0.04572905 0.99995308
v -0.00969209 -0.04855145 0.99995308
v -0.00001602 -0.04950446 0.99995308
v 0.00965996 -0.04855145 0.99995308
v 0.01896417 -0.04572905 0.99995308
v 0.02753896 -0.04114573 0.99995308
v 0.03505476 -0.03497764 0.99995308
v 0.04122285 -0.02746184 0.99995308
v 0.04580617 -0.01888705 0.99995308
v 0.04862858 -0.00958284 0.99995308
v 0.04958158 0.00009315 0.99995308
v 0.04862858 0.00976913 0.99995308
v 0.04580617 0.01907334 0.99995308
v 0.04122285 0.02764813 0.99995308
v 0.03505476 0.03516393 0.99995308
v 0.02753896 0.04133202 0.99995308
v 0.01896417 0.04591534 0.99995308
v 0.12688885 0.06369651 0.25567272
v 0.12642146 0.06346229 0.07856254
v 0.11960281 0.07555099 0.07856254
v 0.12004495 0.07582996 0.25567272
v 0.11905845 0.07520763 0.43851953
v 0.12584614 0.06317391 0.43851953
v 0.13142459 0.05053410 0.43851953
v 0.13251355 0.05095202 0.25567272
v 0.13202544 0.05076463 0.07856254
v 0.13685879 0.03771651 0.25567272
v 0.13635468 0.03757791 0.07856254
v 0.13573416 0.03740731 0.43851953
v 0.13873958 0.02392211 0.43851953
v 0.13988911 0.02411951 0.25567272
v 0.13937379 0.02403100 0.07856254
v 0.14156872 0.01029061 0.25567272
v 0.14104725 0.01025304 0.07856254
v 0.14040538 0.01020681 0.43851953
v 0.14072221 -0.00360565 0.43851953
v 0.14188819 -0.00363629 0.25567272
v 0.14136551 -0.00362251 0.07856254
v 0.14083768 -0.01752717 0.25567272
v 0.14031884 -0.01746228 0.07856254
v 0.13968034 -0.01738242 0.43851953
v 0.13729632 -0.03099122 0.43851953
v 0.13843397 -0.03124872 0.25567272
v 0.13792403 -0.03113332 0.07856254
v 0.13469366 -0.04466775 0.25567272
v 0.13419751 -0.04450288 0.07856254
v 0.13358682 -0.04430000 0.43851953
v 0.12859363 -0.05718222 0.43851953
v 0.12965911 -0.05765680 0.25567272
v 0.12918154 -0.05744408 0.07856254
v 0.12337283 -0.07008824 0.25567272
v 0.12291836 -0.06982981 0.07856254
v 0.12235895 -0.06951163 0.43851953
v 0.11494861 -0.08117221 0.43851953
v 0.11590103 -0.08184547 0.25567272
v 0.11547411 -0.08154372 0.07856254
v 0.10731022 -0.09281166 0.25567272
v 0.10691489 -0.09246950 0.07856254
v 0.10642834 -0.09204834 0.43851953
v 0.09688546 -0.10203925 0.43851953
v 0.09768834 -0.10288535 0.25567272
v 0.09732845 -0.10250604 0.07856254
v 0.08712311 -0.11196485 0.25567272
v 0.08680220 -0.11155217 0.07856254
v 0.08640713 -0.11104411 0.43851953
v 0.07509854 -0.11898134 0.43851953
v 0.07572088 -0.11996782 0.25567272
v 0.07544190 -0.11952559 0.07856254
v 0.06358742 -0.12681173 0.25567272
v 0.06335312 -0.12634434 0.07856254
v 0.06306474 -0.12576901 0.43851953
v 0.05042493 -0.13134746 0.43851953
v 0.05084285 -0.13243641 0.25567272
v 0.05065554 -0.13194831 0.07856254
v 0.03760734 -0.13678168 0.25567272
v 0.03746874 -0.13627756 0.07856254
v 0.03729824 -0.13565703 0.43851953
v 0.02381295 -0.13866235 0.43851953
v 0.02401034 -0.13981191 0.25567272
v 0.02392192 -0.13929667 0.07856254
v 0.01018144 -0.14149160 0.25567272
v 0.01014387 -0.14097011 0.07856254
v 0.01009764 -0.14032827 0.43851953
v -0.00371481 -0.14064508 0.43851953
v -0.00374546 -0.14181098 0.25567272
v -0.00373168 -0.14128839 0.07856254
v -0.01763634 -0.14076056 0.25567272
v -0.01757145 -0.14024172 0.07856254
v -0.01749150 -0.13960322 0.43851953
v -0.03110039 -0.13721919 0.43851953
v -0.03135789 -0.13835684 0.25567272
v -0.03124249 -0.13784690 0.07856254
v -0.04477692 -0.13461654 0.25567272
v -0.04461205 -0.13412038 0.07856254
v -0.04440917 -0.13350969 0.43851953
v -0.05729139 -0.12851650 0.43851953
v -0.05776597 -0.12958199 0.25567272
v -0.05755325 -0.12910442 0.07856254
v -0.07019741 -0.12329570 0.25567272
v -0.06993898 -0.12284123 0.07856254
v -0.06962080 -0.12228183 0.43851953
v -0.08128138 -0.11487140 0.43851953
v -0.08195464 -0.11582389 0.25567272
v -0.08165289 -0.11539700 0.07856254
v -0.09292091 -0.10723309 0.25567272
v -0.09257876 -0.10683778 0.07856254
v -0.09215751 -0.10635122 0.43851953
v -0.10214842 -0.09680834 0.43851953
v -0.10299452 -0.09761113 0.25567272
v -0.10261529 -0.09725125 0.07856254
v -0.11207410 -0.08704599 0.25567272
v -0.11166134 -0.08672506 0.07856254
v -0.11115328 -0.08633001 0.43851953
v -0.11909051 -0.07502134 0.43851953
v -0.12007699 -0.07564367 0.25567272
v -0.11963485 -0.07536469 0.07856254
v -0.12692090 -0.06351021 0.25567272
v -0.12645351 -0.06327592 0.07856254
v -0.12587818 -0.06298761 0.43851953
v -0.13145663 -0.05034773 0.43851953
v -0.13254558 -0.05076564 0.25567272
v -0.13205748 -0.05057833 0.07856254
v -0.13689085 -0.03753014 0.25567272
v -0.13638673 -0.03739155 0.07856254
v -0.13576620 -0.03722102 0.43851953
v -0.13877152 -0.02373574 0.43851953
v -0.13992116 -0.02393314 0.25567272
v -0.13940584 -0.02384463 0.07856254
v -0.14160077 -0.01010424 0.25567272
v -0.14107928 -0.01006666 0.07856254
v -0.14043744 -0.01002043 0.43851953
v -0.14075417 0.00379203 0.43851953
v -0.14192015 0.00382267 0.25567272
v -0.14139756 0.00380889 0.07856254
v -0.14086964 0.01771354 0.25567272
v -0.14035089 0.01764865 0.07856254
v -0.13971230 0.01756871 0.43851953
v -0.13732836 0.03117761 0.43851953
v -0.13846593 0.03143509 0.25567272
v -0.13795599 0.03131970 0.07856254
v -0.13472571 0.04485412 0.25567272
v -0.13422955 0.04468925 0.07856254
v -0.13361877 0.04448639 0.43851953
v -0.12862567 0.05736859 0.43851953
v -0.12969116 0.05784319 0.25567272
v -0.12921351 0.05763046 0.07856254
v -0.12340478 0.07027462 0.25567272
v -0.12295032 0.07001618 0.07856254
v -0.12239100 0.06969800 0.43851953
v -0.11498057 0.08135859 0.43851953
v -0.11593298 0.08203185 0.25567272
v -0.11550608 0.08173010 0.07856254
v -0.10734218 0.09299812 0.25567272
v -0.10694686 0.09265588 0.07856254
v -0.10646031 0.09223472 0.43851953
v -0.09691743 0.10222553 0.43851953
v -0.09772021 0.10307172 0.25567272
v -0.09736034 0.10269241 0.07856254
v -0.08715508 0.11215122 0.25567272
v -0.08683415 0.11173855 0.07856254
v -0.08643910 0.11123048 0.43851953
v -0.07513042 0.11916770 0.43851953
v -0.07575275 0.12015420 0.25567272
v -0.07547377 0.11971198 0.07856254
v -0.06361930 0.12699810 0.25567272
v -0.06338500 0.12653063 0.07856254
v -0.06309661 0.12595540 0.43851953
v -0.05045682 0.13153376 0.43851953
v -0.05087472 0.13262280 0.25567272
v -0.05068742 0.13213461 0.07856254
v -0.03763923 0.13696804 0.25567272
v -0.03750063 0.13646385 0.07856254
v -0.03733003 0.13584333 0.43851953
v -0.02384482 0.13884875 0.43851953
v -0.02404223 0.13999827 0.25567272
v -0.02395371 0.13948296 0.07856254
v -0.01021333 0.14167789 0.25567272
v -0.01017575 0.14115650 0.07856254
v -0.01012952 0.14051455 0.43851953
v 0.00368294 0.14083138 0.43851953
v 0.00371358 0.14199727 0.25567272
v 0.00369981 0.14147468 0.07856254
v 0.01760447 0.14094677 0.25567272
v 0.01753957 0.14042801 0.07856254
v 0.01745970 0.13978941 0.43851953
v 0.03106852 0.13740549 0.43851953
v 0.03132602 0.13854306 0.25567272
v 0.03121063 0.13803311 0.07856254
v 0.04474503 0.13480274 0.25567272
v 0.04458025 0.13430660 0.07856254
v 0.04437730 0.13369589 0.43851953
v 0.05725951 0.12870272 0.43851953
v 0.05773410 0.12976820 0.25567272
v 0.05752138 0.12929063 0.07856254
v 0.07016553 0.12348190 0.25567272
v 0.06990709 0.12302745 0.07856254
v 0.06958891 0.12246803 0.43851953
v 0.08124950 0.11505760 0.43851953
v 0.08192276 0.11601011 0.25567272
v 0.08162101 0.11558311 0.07856254
v 0.01702535 0.13631739 0.52219477
v 0.03029595 0.13399268 0.52219477
v 0.00359101 0.13733340 0.52219477
v 0.00342681 0.13108596 0.55714060
v 0.01624955 0.13011626 0.55714060
v 0.02891613 0.12789737 0.55714060
v 0.11204205 0.08723220 0.25567272
v 0.11162938 0.08691128 0.07856254
v 0.10258333 0.09743745 0.07856254
v 0.10296265 0.09779733 0.25567272
v 0.10211645 0.09699455 0.43851953
v 0.11112131 0.08651622 0.43851953
v 0.09288904 0.10741923 0.25567272
v 0.09254679 0.10702398 0.07856254
v 0.09212563 0.10653743 0.43851953
v 0.11039121 0.08594842 0.01209759
v 0.10144551 0.09635793 0.01209759
v 0.11827613 0.07471413 0.01209759
v 0.11444809 0.07229938 0.00350199
v 0.10681826 0.08317011 0.00350199
v 0.09816206 0.09324269 0.00350199
v 0.09940141 0.07740247 0.00000000
v 0.09134614 0.08677577 0.00000000
v 0.10650144 0.06728649 0.00000000
v 0.09652481 0.06099300 0.00099855
v 0.09008975 0.07016153 0.00099855
v 0.08278897 0.07865688 0.00099855
v -0.13274109 0.04419474 0.01209759
v -0.13642628 0.03097335 0.01209759
v -0.12778069 0.05699237 0.01209759
v -0.12364610 0.05515099 0.00350199
v -0.12844591 0.04276756 0.00350199
v -0.13201185 0.02997404 0.00350199
v 0.03705307 -0.13476514 0.01209759
v 0.05009357 -0.13048391 0.01209759
v 0.02365638 -0.13775078 0.01209759
v 0.02289033 -0.13329004 0.00350199
v 0.03585344 -0.13040105 0.00350199
v 0.04847200 -0.12625831 0.00350199
v -0.08587130 0.11050038 0.01209759
v -0.09628081 0.10155460 0.01209759
v -0.07463692 0.11838540 0.01209759
v -0.07222216 0.11455735 0.00350199
v -0.08309290 0.10692743 0.00350199
v -0.09316557 0.09827123 0.00350199
v 0.13484226 0.03716224 0.01209759
v 0.13056104 0.05020274 0.01209759
v 0.13782790 0.02376555 0.01209759
v 0.13336716 0.02299950 0.00350199
v 0.13047818 0.03596261 0.00350199
v 0.12633543 0.04858109 0.00350199
v -0.04411753 -0.13263192 0.01209759
v -0.03089615 -0.13631711 0.01209759
v -0.05691517 -0.12767161 0.01209759
v -0.05507378 -0.12353701 0.00350199
v -0.04269036 -0.12833674 0.00350199
v -0.02989683 -0.13190268 0.00350199
v -0.01006310 0.13959201 0.01209759
v -0.02368825 0.13793715 0.01209759
v 0.00365863 0.13990670 0.01209759
v 0.00353973 0.13538218 0.00350199
v -0.00973798 0.13507770 0.00350199
v -0.02292220 0.13347633 0.00350199
v 0.13270905 -0.04400836 0.01209759
v 0.13639423 -0.03078698 0.01209759
v 0.12774873 -0.05680600 0.01209759
v 0.12361413 -0.05496461 0.00350199
v 0.12841395 -0.04258119 0.00350199
v 0.13197980 -0.02978766 0.00350199
v -0.11042318 -0.08576221 0.01209759
v -0.10147739 -0.09617172 0.01209759
v -0.11830819 -0.07452784 0.01209759
v -0.11448013 -0.07211308 0.00350199
v -0.10685022 -0.08298382 0.00350199
v -0.09819402 -0.09305648 0.00350199
v 0.06913162 0.12166405 0.01209759
v 0.05688328 0.12785782 0.01209759
v 0.08071560 0.11430233 0.01209759
v 0.07810310 0.11060645 0.00350199
v 0.06689390 0.11772994 0.00350199
v 0.05504199 0.12372322 0.00350199
v -0.13951490 -0.00995401 0.01209759
v -0.13785995 -0.02357917 0.01209759
v -0.13982958 0.00376771 0.01209759
v -0.13530506 0.00364882 0.00350199
v -0.13500057 -0.00962889 0.00350199
v -0.13339921 -0.02281311 0.00350199
v 0.12501920 0.06275950 0.01209759
v 0.12097296 0.06073150 0.00350199
v 0.08583941 -0.11031401 0.01209759
v 0.09624884 -0.10136822 0.01209759
v 0.07460504 -0.11819902 0.01209759
v 0.07219021 -0.11437096 0.00350199
v 0.08306103 -0.10674114 0.00350199
v 0.09313360 -0.09808485 0.00350199
v -0.12158702 0.06924071 0.01209759
v -0.11422529 0.08082469 0.01209759
v -0.11052933 0.07821219 0.00350199
v -0.11765281 0.06700298 0.00350199
v 0.01003121 -0.13940573 0.01209759
v -0.00369051 -0.13972041 0.01209759
v -0.00357160 -0.13519589 0.00350199
v 0.00970609 -0.13489140 0.00350199
v -0.06268221 0.12512846 0.01209759
v -0.05012545 0.13067029 0.01209759
v -0.04850388 0.12644469 0.00350199
v -0.06065428 0.12108213 0.00350199
v 0.13948284 0.01014038 0.01209759
v 0.13979753 -0.00358134 0.01209759
v 0.13527301 -0.00346243 0.00350199
v 0.13496853 0.00981526 0.00350199
v -0.06916351 -0.12147785 0.01209759
v -0.08074748 -0.11411612 0.01209759
v -0.07813489 -0.11042024 0.00350199
v -0.06692577 -0.11754365 0.00350199
v 0.01734483 0.13887169 0.01209759
v 0.03086426 0.13650332 0.01209759
v 0.02986495 0.13208897 0.00350199
v 0.01678302 0.13438064 0.00350199
v -0.12505126 -0.06257312 0.01209759
v -0.13059308 -0.05001637 0.01209759
v -0.12636748 -0.04839480 0.00350199
v -0.12100501 -0.06054520 0.00350199
v 0.12155497 -0.06905434 0.01209759
v 0.11419324 -0.08063831 0.01209759
v 0.11049736 -0.07802572 0.00350199
v 0.11762085 -0.06681660 0.00350199
v 0.09152025 0.10583804 0.01209759
v 0.08855808 0.10241609 0.00350199
v -0.13879456 0.01745391 0.01209759
v -0.13430351 0.01689210 0.00350199
v 0.06265033 -0.12494209 0.01209759
v 0.06062241 -0.12089584 0.00350199
v -0.10576102 0.09162934 0.01209759
v -0.10233897 0.08866715 0.00350199
v -0.01737670 -0.13868539 0.01209759
v -0.01681490 -0.13419434 0.00350199
v -0.03708494 0.13495153 0.01209759
v -0.03588531 0.13058735 0.00350199
v 0.13876252 -0.01726754 0.01209759
v 0.13427147 -0.01670573 0.00350199
v -0.09155213 -0.10565193 0.01209759
v -0.08858995 -0.10222989 0.00350199
v 0.04408565 0.13281813 0.01209759
v 0.04265848 0.12852304 0.00350199
v -0.13487440 -0.03697587 0.01209759
v -0.13051022 -0.03577623 0.00350199
v 0.10572904 -0.09144296 0.01209759
v 0.10230701 -0.08848078 0.00350199
v -0.07745067 0.06712309 0.00590434
v -0.08364889 0.05921101 0.00590434
v -0.09322471 0.06597995 0.00099855
v -0.08631677 0.07479785 0.00099855
v -0.07857977 0.08289806 0.00099855
v -0.07050849 0.07439105 0.00590434
v -0.05896544 0.06222482 0.00971519
v -0.05367195 0.04653947 0.01104896
v -0.06995404 0.04953050 0.00971519
v -0.11952974 0.03980486 0.00000000
v -0.12284811 0.02789954 0.00000000
v -0.11506317 0.05132865 0.00000000
v -0.10428754 0.04652988 0.00099855
v -0.10833585 0.03608545 0.00099855
v -0.11134340 0.02529517 0.00099855
v 0.03336327 -0.12134148 0.00000000
v 0.04510568 -0.11748638 0.00000000
v 0.02130008 -0.12402991 0.00000000
v 0.01930358 -0.11240433 0.00099855
v 0.03023688 -0.10996766 0.00099855
v 0.04087949 -0.10647363 0.00099855
v 0.06224868 0.10956305 0.00000000
v 0.05121959 0.11514019 0.00000000
v 0.07267968 0.10293406 0.00000000
v 0.06587086 0.09330175 0.00099855
v 0.05641685 0.09930983 0.00099855
v 0.04642071 0.10436466 0.00099855
v -0.12562933 -0.00895392 0.00000000
v -0.12413908 -0.02122288 0.00000000
v -0.12591267 0.00340194 0.00000000
v -0.11412094 0.00309205 0.00099855
v -0.11386405 -0.00810654 0.00099855
v -0.11251350 -0.01922637 0.00099855
v 0.07729338 -0.09932411 0.00000000
v 0.08666676 -0.09126885 0.00000000
v 0.06717732 -0.10642432 0.00000000
v 0.06088383 -0.09644770 0.00099855
v 0.07005244 -0.09001255 0.00099855
v 0.07854790 -0.08271169 0.00099855
v 0.01561677 0.12505776 0.00000000
v 0.00329285 0.12598981 0.00000000
v 0.02779055 0.12292524 0.00000000
v 0.02518610 0.11142053 0.00099855
v 0.01415254 0.11335335 0.00099855
v 0.00298297 0.11419806 0.00099855
v -0.11260535 -0.05633536 0.00000000
v -0.10653349 -0.06710012 0.00000000
v -0.11759555 -0.04502848 0.00000000
v -0.10658280 -0.04080229 0.00099855
v -0.10206000 -0.05105018 0.00099855
v -0.09655687 -0.06080671 0.00099855
v 0.10945396 -0.06217148 0.00000000
v 0.11503112 -0.05114229 0.00000000
v 0.10282499 -0.07260239 0.00000000
v 0.09319277 -0.06579357 0.00099855
v 0.09920075 -0.05633964 0.00099855
v 0.10425557 -0.04634351 0.00099855
v -0.03339514 0.12152786 0.00000000
v -0.04513757 0.11767275 0.00000000
v -0.02133197 0.12421629 0.00000000
v -0.01933546 0.11259063 0.00099855
v -0.03026877 0.11015404 0.00099855
v -0.04091137 0.10666000 0.00099855
v 0.12494867 -0.01553948 0.00000000
v 0.12588064 -0.00321555 0.00000000
v 0.12281607 -0.02771325 0.00000000
v 0.11131136 -0.02510880 0.00099855
v 0.11324418 -0.01407533 0.00099855
v 0.11408889 -0.00290568 0.00099855
v -0.08244078 -0.09512618 0.00000000
v -0.07271156 -0.10274787 0.00000000
v -0.09137802 -0.08658956 0.00000000
v -0.08282086 -0.07847068 0.00099855
v -0.07472064 -0.08620769 0.00099855
v -0.06590274 -0.09311554 0.00099855
v -0.07732535 0.09951050 0.00000000
v -0.08669865 0.09145523 0.00000000
v -0.06720929 0.10661070 0.00000000
v -0.06091580 0.09663406 0.00099855
v -0.07008442 0.09019892 0.00099855
v 0.12141861 0.03347236 0.00000000
v 0.11756350 0.04521485 0.00000000
v 0.12410712 0.02140925 0.00000000
v 0.11248146 0.01941275 0.00099855
v 0.11004477 0.03034597 0.00099855
v 0.10655083 0.04098866 0.00099855
v -0.03972766 -0.11942057 0.00000000
v -0.02782234 -0.12273894 0.00000000
v -0.05125146 -0.11495400 0.00000000
v -0.04645259 -0.10417845 0.00099855
v -0.03600824 -0.10822668 0.00099855
v -0.02521797 -0.11123423 0.00099855
v -0.10948592 0.06235785 0.00000000
v -0.10285695 0.07278877 0.00000000
v -0.09923272 0.05652602 0.00099855
v 0.00903112 -0.12552016 0.00000000
v -0.00332472 -0.12580351 0.00000000
v -0.00301485 -0.11401177 0.00099855
v 0.00818374 -0.11375497 0.00099855
v 0.08240883 0.09531228 0.00000000
v 0.07468876 0.08639389 0.00099855
v -0.12498064 0.01572586 0.00000000
v -0.11327622 0.01426171 0.00099855
v 0.05641257 -0.11249618 0.00000000
v 0.05112740 -0.10195083 0.00099855
v 0.03969580 0.11960687 0.00000000
v 0.03597628 0.10841297 0.00099855
v -0.12145065 -0.03328606 0.00000000
v -0.11007683 -0.03015968 0.00099855
v 0.09520330 -0.08233152 0.00000000
v 0.08628490 -0.07461147 0.00099855
v -0.00906300 0.12570644 0.00000000
v -0.00821563 0.11394127 0.00099855
v 0.11949770 -0.03961849 0.00000000
v 0.10830380 -0.03589907 0.00099855
v -0.09943328 -0.07721627 0.00000000
v -0.09012172 -0.06997525 0.00099855
v -0.05644453 0.11268256 0.00000000
v -0.05115926 0.10213720 0.00099855
v 0.12559727 0.00914029 0.00000000
v 0.11383210 0.00829291 0.00099855
v -0.06228065 -0.10937683 0.00000000
v -0.05644881 -0.09912364 0.00099855
v -0.09523525 0.08251790 0.00000000
v 0.11257330 0.05652174 0.00000000
v 0.10202795 0.05123657 0.00099855
v -0.01564865 -0.12487155 0.00000000
v -0.01418442 -0.11316706 0.00099855
v -0.00001594 0.00009315 0.01276374
v 0.05600569 0.04365698 0.01104896
v 0.07242228 0.04578866 0.00971519
v 0.06342802 0.03189066 0.01104896
v 0.07994509 0.03077861 0.00971519
v 0.06841240 0.01890231 0.01104896
v 0.08439513 0.01458939 0.00971519
v 0.07076705 0.00519120 0.01104896
v 0.08560128 -0.00215700 0.00971519
v 0.07040154 -0.00871585 0.01104896
v 0.08351719 -0.01881686 0.00971519
v 0.06732996 -0.02228435 0.01104896
v 0.07822294 -0.03475003 0.00971519
v 0.06167026 -0.03499289 0.01104896
v 0.06992207 -0.04934413 0.00971519
v 0.05364008 -0.04635318 0.01104896
v 0.05893347 -0.06203845 0.00971519
v 0.04354781 -0.05592849 0.01104896
v 0.04567949 -0.07234515 0.00971519
v 0.03178149 -0.06335090 0.01104896
v 0.03066944 -0.07986798 0.00971519
v 0.01879322 -0.06833519 0.01104896
v 0.01448022 -0.08431801 0.00971519
v 0.00508211 -0.07068985 0.01104896
v -0.00226609 -0.08552416 0.00971519
v -0.00882494 -0.07032442 0.01104896
v -0.01892603 -0.08343999 0.00971519
v -0.02239352 -0.06725275 0.01104896
v -0.03485920 -0.07814583 0.00971519
v -0.03510206 -0.06159315 0.01104896
v -0.04945330 -0.06984487 0.00971519
v -0.04646227 -0.05356287 0.01104896
v -0.06214762 -0.05885627 0.00971519
v -0.05603765 -0.04347069 0.01104896
v -0.07245423 -0.04560228 0.00971519
v -0.06346007 -0.03170429 0.01104896
v -0.07997715 -0.03059232 0.00971519
v -0.06844436 -0.01871602 0.01104896
v -0.08442710 -0.01440302 0.00971519
v -0.07079902 -0.00500491 0.01104896
v -0.08563323 0.00234337 0.00971519
v -0.07043350 0.00890215 0.01104896
v -0.08354916 0.01900323 0.00971519
v -0.06736192 0.02247072 0.01104896
v -0.07825491 0.03493631 0.00971519
v -0.06170223 0.03517926 0.01104896
v -0.04357977 0.05611478 0.01104896
v -0.04571144 0.07253145 0.00971519
v -0.03181338 0.06353728 0.01104896
v -0.03070140 0.08005434 0.00971519
v -0.01882510 0.06852157 0.01104896
v -0.01451211 0.08450430 0.00971519
v -0.00511399 0.07087622 0.01104896
v 0.00223420 0.08571045 0.00971519
v 0.00879306 0.07051071 0.01104896
v 0.01889406 0.08362628 0.00971519
v 0.02236165 0.06743903 0.01104896
v 0.03482724 0.07833203 0.00971519
v 0.03507017 0.06177935 0.01104896
v 0.04942141 0.07003116 0.00971519
v 0.04643038 0.05374917 0.01104896
v 0.06211573 0.05904256 0.00971519
v 0.09154448 0.04598228 0.00590434
v 0.08660668 0.05473642 0.00590434
v 0.09560264 0.03678722 0.00590434
v -0.01272884 -0.10153121 0.00590434
v -0.00270676 -0.10228912 0.00590434
v -0.02262884 -0.09979699 0.00590434
v 0.08083271 0.06296306 0.00590434
v 0.07428199 0.07058561 0.00590434
v -0.09720754 0.03238777 0.00590434
v -0.09990616 0.02270605 0.00590434
v -0.09357517 0.04175917 0.00590434
v 0.02712884 -0.09866053 0.00590434
v 0.03667813 -0.09552551 0.00590434
v 0.01731881 -0.10084690 0.00590434
v 0.05061925 0.08911682 0.00590434
v 0.04165010 0.09365228 0.00590434
v 0.05910193 0.08372592 0.00590434
v -0.10216785 -0.00726413 0.00590434
v -0.10095598 -0.01724160 0.00590434
v -0.10239829 0.00278398 0.00590434
v 0.06285398 -0.08075550 0.00590434
v 0.07047661 -0.07420469 0.00590434
v 0.05462733 -0.08652955 0.00590434
v 0.01269696 0.10171751 0.00590434
v 0.00267489 0.10247551 0.00590434
v 0.02259696 0.09998328 0.00590434
v -0.09157653 -0.04579599 0.00590434
v -0.08663872 -0.05455013 0.00590434
v -0.09563468 -0.03660093 0.00590434
v 0.08900774 -0.05054197 0.00590434
v 0.09354321 -0.04157279 0.00590434
v 0.08361693 -0.05902464 0.00590434
v -0.02716071 0.09884691 0.00590434
v -0.03671001 0.09571181 0.00590434
v -0.01735068 0.10103319 0.00590434
v 0.10160842 -0.01261967 0.00590434
v 0.10236634 -0.00259759 0.00590434
v 0.09987411 -0.02251967 0.00590434
v -0.06704587 -0.07734159 0.00590434
v -0.05913381 -0.08353972 0.00590434
v -0.07431386 -0.07039941 0.00590434
v -0.06288586 0.08094188 0.00590434
v -0.05465921 0.08671585 0.00590434
v 0.09873774 0.02723801 0.00590434
v 0.10092402 0.01742789 0.00590434
v -0.03231056 -0.09709837 0.00590434
v -0.04168196 -0.09346609 0.00590434
v -0.08903969 0.05072834 0.00590434
v 0.00734133 -0.10205868 0.00590434
v 0.06701392 0.07752779 0.00590434
v -0.10164038 0.01280605 0.00590434
v 0.04587311 -0.09146736 0.00590434
v 0.03227868 0.09728467 0.00590434
v -0.09876970 -0.02705164 0.00590434
v 0.07741872 -0.06693670 0.00590434
v -0.00737321 0.10224507 0.00590434
v 0.09717558 -0.03220139 0.00590434
v -0.08086467 -0.06277677 0.00590434
v -0.04590508 0.09165365 0.00590434
v 0.10213590 0.00745050 0.00590434
v -0.05065114 -0.08893052 0.00590434
v -0.00875269 0.12139800 0.59379940
v 0.00317934 0.12167167 0.59379940
v -0.00942921 0.13079115 0.55714060
v -0.02219475 0.12924062 0.55714060
v -0.02060084 0.11995893 0.59379940
v -0.01856563 0.10810814 0.62919872
v -0.00788887 0.10940492 0.62919872
v 0.00286347 0.10965154 0.62919872
v -0.12274992 -0.06141971 0.52219477
v -0.12818979 -0.04909408 0.52219477
v -0.11613097 -0.07315443 0.52219477
v -0.11084520 -0.06982005 0.55714060
v -0.11716291 -0.05861958 0.55714060
v -0.12235504 -0.04685498 0.55714060
v 0.11931740 -0.06778160 0.52219477
v 0.11209120 -0.07915242 0.52219477
v 0.12539714 -0.05575874 0.52219477
v 0.11968816 -0.05321627 0.55714060
v 0.11388517 -0.06469187 0.55714060
v 0.10698792 -0.07554505 0.55714060
v 0.08983551 0.10389178 0.52219477
v 0.09957801 0.09458612 0.52219477
v 0.07922971 0.11220029 0.52219477
v 0.07562234 0.10709701 0.55714060
v 0.08574535 0.09916672 0.55714060
v 0.09504433 0.09028460 0.55714060
v -0.13624026 0.01713444 0.52219477
v -0.13391556 0.03040504 0.52219477
v -0.13725628 0.00370008 0.52219477
v -0.13100884 0.00353590 0.55714060
v -0.13003914 0.01635863 0.55714060
v -0.12782024 0.02902513 0.55714060
v 0.06149693 -0.12264075 0.52219477
v 0.04917130 -0.12808062 0.52219477
v 0.07323165 -0.11602180 0.52219477
v 0.06989725 -0.11073603 0.55714060
v 0.05869678 -0.11705374 0.55714060
v 0.04693218 -0.12224587 0.55714060
v -0.10381467 0.08994458 0.52219477
v -0.09450900 0.09968718 0.52219477
v -0.11212316 0.07933880 0.52219477
v -0.10701989 0.07573143 0.55714060
v -0.09908959 0.08585441 0.55714060
v -0.09020749 0.09515350 0.55714060
v -0.01705715 -0.13613109 0.52219477
v -0.03032775 -0.13380639 0.52219477
v -0.00362288 -0.13714711 0.52219477
v -0.00345870 -0.13089967 0.55714060
v -0.01628142 -0.12992997 0.55714060
v -0.02894793 -0.12771107 0.55714060
v -0.03640261 0.13246940 0.52219477
v -0.02325254 0.13540008 0.52219477
v -0.04920316 0.12826690 0.52219477
v -0.04696407 0.12243224 0.55714060
v -0.03474628 0.12644340 0.55714060
v 0.13620822 -0.01694807 0.52219477
v 0.13388351 -0.03021866 0.52219477
v 0.13722423 -0.00351371 0.52219477
v 0.13097679 -0.00334953 0.55714060
v 0.13000709 -0.01617226 0.55714060
v 0.12778820 -0.02883884 0.55714060
v -0.08986739 -0.10370559 0.52219477
v -0.09960997 -0.09439993 0.52219477
v -0.07926159 -0.11201408 0.52219477
v -0.07565422 -0.10691080 0.55714060
v -0.08577722 -0.09898051 0.55714060
v -0.09507630 -0.09009840 0.55714060
v 0.04327398 0.13037529 0.52219477
v 0.05583605 0.12550623 0.52219477
v 0.04130331 0.12444458 0.55714060
v 0.05329355 0.11979725 0.55714060
v -0.13239218 -0.03629361 0.52219477
v -0.13532287 -0.02314346 0.52219477
v -0.12636620 -0.03463721 0.55714060
v -0.12916351 -0.02208575 0.55714060
v 0.10378280 -0.08975822 0.52219477
v 0.09447704 -0.09950080 0.52219477
v 0.09905772 -0.08566805 0.55714060
v 0.09017561 -0.09496713 0.55714060
v 0.10835909 0.08436828 0.52219477
v 0.11609891 0.07334071 0.52219477
v 0.10342566 0.08053194 0.55714060
v 0.11081324 0.07000642 0.55714060
v -0.13029817 0.04338296 0.52219477
v -0.12542911 0.05594511 0.52219477
v -0.12436756 0.04141239 0.55714060
v -0.11972011 0.05340264 0.55714060
v 0.03637081 -0.13228301 0.52219477
v 0.02322075 -0.13521370 0.52219477
v 0.03471442 -0.12625703 0.55714060
v 0.02216296 -0.12905434 0.55714060
v -0.08429107 0.10846826 0.52219477
v -0.07326352 0.11620818 0.52219477
v -0.08045472 0.10353482 0.55714060
v -0.06992913 0.11092241 0.55714060
v 0.13236013 0.03647990 0.52219477
v 0.13529083 0.02332983 0.52219477
v 0.12815773 0.04928047 0.52219477
v 0.12232307 0.04704135 0.55714060
v 0.12633423 0.03482359 0.55714060
v 0.12913145 0.02227204 0.55714060
v -0.04330576 -0.13018900 0.52219477
v -0.05586791 -0.12532002 0.52219477
v -0.04133519 -0.12425839 0.55714060
v -0.05332543 -0.11961103 0.55714060
v -0.00987819 0.13702445 0.52219477
v 0.13026621 -0.04319659 0.52219477
v 0.12433550 -0.04122602 0.55714060
v -0.10839107 -0.08418199 0.52219477
v -0.10345762 -0.08034564 0.55714060
v 0.06785890 0.11942649 0.52219477
v 0.06476915 0.11399426 0.55714060
v -0.13694734 -0.00976911 0.52219477
v -0.13071403 -0.00932012 0.55714060
v 0.12271786 0.06160610 0.52219477
v 0.11713086 0.05880587 0.55714060
v 0.08425921 -0.10828190 0.52219477
v 0.08042285 -0.10334845 0.55714060
v -0.11934937 0.06796797 0.52219477
v -0.11391712 0.06487824 0.55714060
v 0.00984631 -0.13683817 0.52219477
v 0.00939733 -0.13060486 0.55714060
v -0.06152880 0.12282713 0.52219477
v -0.05872866 0.11724003 0.55714060
v 0.13691528 0.00995548 0.52219477
v 0.13068198 0.00950650 0.55714060
v -0.06789077 -0.11924028 0.52219477
v -0.06480103 -0.11380805 0.55714060
v 0.03010567 0.09074515 0.66036655
v 0.03884653 0.08735718 0.66036655
v 0.04457049 0.10020996 0.62919872
v 0.03454219 0.10409689 0.62919872
v 0.02418189 0.10698461 0.62919872
v 0.02107547 0.09326212 0.66036655
v 0.01830435 0.08102115 0.68977907
v 0.02614818 0.07883485 0.68977907
v 0.03374059 0.07589203 0.68977907
v 0.11539853 -0.03825647 0.59379940
v 0.11108511 -0.04938496 0.59379940
v 0.11860304 -0.02675947 0.59379940
v 0.10687552 -0.02410460 0.62919872
v 0.10398781 -0.03446488 0.62919872
v 0.10010087 -0.04449321 0.62919872
v -0.09602340 -0.07456456 0.59379940
v -0.10288006 -0.06479553 0.59379940
v -0.08824437 -0.08361650 0.59379940
v -0.07952148 -0.07534029 0.62919872
v -0.08653138 -0.06718341 0.62919872
v -0.09271016 -0.05838015 0.62919872
v -0.05450906 0.10882087 0.59379940
v -0.04358996 0.11363985 0.59379940
v -0.06490453 0.10295718 0.59379940
v -0.05848923 0.09278738 0.62919872
v -0.04912141 0.09807126 0.62919872
v -0.03928193 0.10241379 0.62919872
v 0.12128883 0.00882998 0.59379940
v 0.12156250 -0.00310214 0.59379940
v 0.11984976 0.02067812 0.59379940
v 0.10799897 0.01864293 0.62919872
v 0.10929575 0.00796617 0.62919872
v 0.10954237 -0.00278618 0.62919872
v -0.06014495 -0.10562206 0.59379940
v -0.07021821 -0.09922054 0.59379940
v -0.04949413 -0.11100799 0.59379940
v -0.04460238 -0.10002374 0.62919872
v -0.05420020 -0.09517026 0.62919872
v -0.06327748 -0.08940160 0.62919872
v -0.09196927 0.07969087 0.59379940
v -0.08372559 0.08832156 0.59379940
v -0.09932963 0.07029542 0.59379940
v -0.08951077 0.06335470 0.62919872
v -0.08287812 0.07182121 0.62919872
v -0.07544937 0.07959869 0.62919872
v 0.10871160 0.05458627 0.59379940
v 0.11353068 0.04366724 0.59379940
v 0.10284801 0.06498182 0.59379940
v 0.09267811 0.05856643 0.62919872
v 0.09796199 0.04919871 0.62919872
v 0.10230462 0.03935915 0.62919872
v -0.01511244 -0.12058535 0.59379940
v -0.02686864 -0.11852593 0.59379940
v -0.00321122 -0.12148538 0.59379940
v -0.00289534 -0.10946526 0.62919872
v -0.01361987 -0.10865418 0.62919872
v -0.02421377 -0.10679840 0.62919872
v 0.09599144 0.07475085 0.59379940
v 0.08821249 0.08380262 0.59379940
v 0.07948960 0.07552650 0.62919872
v 0.08649940 0.06736961 0.62919872
v -0.11543049 0.03844277 0.59379940
v -0.11111716 0.04957134 0.59379940
v -0.11863510 0.02694585 0.59379940
v -0.10690749 0.02429097 0.62919872
v -0.10401977 0.03465127 0.62919872
v -0.10013283 0.04467950 0.62919872
v 0.03221833 -0.11717641 0.59379940
v 0.02056895 -0.11977265 0.59379940
v 0.04355807 -0.11345348 0.59379940
v 0.03925006 -0.10222750 0.62919872
v 0.02903144 -0.10558225 0.62919872
v 0.01853376 -0.10792185 0.62919872
v 0.06011308 0.10580825 0.59379940
v 0.07018625 0.09940674 0.59379940
v 0.04946225 0.11119419 0.59379940
v 0.05416833 0.09535655 0.62919872
v 0.06324561 0.08958781 0.62919872
v -0.12132088 -0.00864361 0.59379940
v -0.12159455 0.00328843 0.59379940
v -0.11988182 -0.02049175 0.59379940
v -0.10803102 -0.01845656 0.62919872
v -0.10932781 -0.00777988 0.62919872
v -0.10957434 0.00297256 0.62919872
v 0.07464178 -0.09591423 0.59379940
v 0.06487265 -0.10277089 0.59379940
v 0.08369363 -0.08813520 0.59379940
v 0.07541749 -0.07941231 0.62919872
v 0.06726053 -0.08642221 0.62919872
v 0.05845726 -0.09260099 0.62919872
v 0.01508056 0.12077164 0.59379940
v 0.02683676 0.11871213 0.59379940
v 0.01358808 0.10884048 0.62919872
v -0.10874366 -0.05439998 0.59379940
v -0.11356265 -0.04348087 0.59379940
v -0.09799405 -0.04901234 0.62919872
v -0.10233667 -0.03917285 0.62919872
v 0.10569926 -0.06003587 0.59379940
v 0.09929765 -0.07010904 0.59379940
v 0.09524746 -0.05409103 0.62919872
v 0.08947880 -0.06316831 0.62919872
v -0.03225021 0.11736271 0.59379940
v -0.02906332 0.10576861 0.62919872
v 0.12066247 -0.01500335 0.59379940
v 0.10873131 -0.01351079 0.62919872
v -0.07961368 -0.09186018 0.59379940
v -0.07174408 -0.08276904 0.62919872
v -0.07467373 0.09610061 0.59379940
v -0.06729249 0.08660857 0.62919872
v 0.11725354 0.03232750 0.59379940
v 0.10565944 0.02914060 0.62919872
v -0.03836556 -0.11532141 0.59379940
v -0.03457405 -0.10391070 0.62919872
v -0.10573123 0.06022217 0.59379940
v -0.09527943 0.05427742 0.62919872
v 0.00872081 -0.12121171 0.59379940
v 0.00785708 -0.10921864 0.62919872
v 0.07958179 0.09204640 0.59379940
v 0.07171212 0.08295525 0.62919872
v -0.12069452 0.01518964 0.59379940
v -0.10876335 0.01369708 0.62919872
v 0.05447718 -0.10863449 0.59379940
v 0.04908954 -0.09788488 0.62919872
v 0.03833377 0.11550760 0.59379940
v -0.11728558 -0.03214113 0.59379940
v -0.10569142 -0.02895423 0.62919872
v 0.09193740 -0.07950451 0.59379940
v 0.08284616 -0.07163491 0.62919872
v 0.04940258 0.05718275 0.71991277
v 0.05476095 0.05206459 0.71991277
v 0.06017804 0.05720408 0.68977907
v 0.05428972 0.06282840 0.68977907
v 0.04787964 0.06785003 0.68977907
v 0.04356938 0.06175239 0.71991277
v 0.04050635 0.05741937 0.76216472
v 0.04592970 0.05317083 0.76216472
v 0.05091151 0.04841228 0.76216472
v -0.09212507 -0.02522523 0.66036655
v -0.09416420 -0.01607518 0.66036655
v -0.08920089 -0.03413198 0.66036655
v -0.07748338 -0.02963529 0.68977907
v -0.08002337 -0.02189871 0.68977907
v -0.08179466 -0.01395096 0.68977907
v 0.07220851 -0.06242657 0.66036655
v 0.06573347 -0.06920560 0.66036655
v 0.07798969 -0.05504695 0.66036655
v 0.06774094 -0.04780234 0.68977907
v 0.06271934 -0.05421242 0.68977907
v 0.05709499 -0.06010075 0.68977907
v -0.00687817 0.09537171 0.66036655
v 0.00249384 0.09558664 0.66036655
v -0.01618427 0.09424141 0.66036655
v -0.01406004 0.08187178 0.68977907
v -0.00597660 0.08285355 0.68977907
v 0.00216402 0.08304025 0.68977907
v 0.09063598 -0.03002845 0.66036655
v 0.08724810 -0.03876931 0.66036655
v 0.09315303 -0.02099817 0.66036655
v 0.08091206 -0.01822705 0.68977907
v 0.07872568 -0.02607088 0.68977907
v 0.07578294 -0.03366339 0.68977907
v -0.07542472 -0.05854656 0.66036655
v -0.08081031 -0.05087341 0.66036655
v -0.06931476 -0.06565635 0.66036655
v -0.06020992 -0.05701787 0.68977907
v -0.06551718 -0.05084216 0.68977907
v -0.07019510 -0.04417725 0.68977907
v -0.04281740 0.08549301 0.66036655
v -0.03424106 0.08927810 0.66036655
v -0.05098258 0.08088743 0.66036655
v -0.04428634 0.07027231 0.68977907
v -0.03719392 0.07427276 0.68977907
v -0.02974437 0.07756058 0.68977907
v 0.09526255 0.00695546 0.66036655
v 0.09547747 -0.00241654 0.66036655
v 0.09413224 0.01626156 0.66036655
v 0.08176261 0.01413725 0.68977907
v 0.08274438 0.00605390 0.68977907
v 0.08293108 -0.00208680 0.68977907
v -0.04724416 -0.08294059 0.66036655
v -0.05515604 -0.07791247 0.66036655
v -0.03887840 -0.08717098 0.66036655
v -0.03377248 -0.07570573 0.68977907
v -0.04103909 -0.07203124 0.68977907
v -0.04791151 -0.06766373 0.68977907
v -0.07224049 0.06261294 0.66036655
v -0.06576543 0.06939188 0.66036655
v -0.07802164 0.05523324 0.66036655
v -0.06777290 0.04798873 0.68977907
v -0.06275129 0.05439879 0.68977907
v -0.05712695 0.06028713 0.68977907
v 0.08538384 0.04289459 0.66036655
v 0.08916893 0.03431828 0.66036655
v 0.08077826 0.05105978 0.66036655
v 0.07016314 0.04436354 0.68977907
v 0.07416359 0.03727120 0.68977907
v 0.07745141 0.02982166 0.68977907
v -0.01187350 -0.09469345 0.66036655
v -0.02110734 -0.09307583 0.66036655
v -0.00252571 -0.09540035 0.66036655
v -0.00219597 -0.08285396 0.68977907
v -0.01031562 -0.08223993 0.68977907
v -0.01833622 -0.08083485 0.68977907
v 0.07539276 0.05873285 0.66036655
v 0.06928281 0.06584256 0.66036655
v 0.06548523 0.05102846 0.68977907
v -0.09066803 0.03021474 0.66036655
v -0.08728005 0.03895562 0.66036655
v -0.09318500 0.02118455 0.66036655
v -0.08094402 0.01841343 0.68977907
v -0.07875774 0.02625726 0.68977907
v -0.07581490 0.03384968 0.68977907
v 0.02530243 -0.09201590 0.66036655
v 0.01615239 -0.09405512 0.66036655
v 0.03420911 -0.08909172 0.66036655
v 0.02971249 -0.07737421 0.68977907
v 0.02197591 -0.07991420 0.68977907
v 0.01402816 -0.08168549 0.68977907
v 0.04721228 0.08312678 0.66036655
v 0.05512417 0.07809867 0.66036655
v 0.04100713 0.07221745 0.68977907
v -0.09529458 -0.00676908 0.66036655
v -0.09550952 0.00260293 0.66036655
v -0.08277643 -0.00586753 0.68977907
v -0.08296313 0.00227318 0.68977907
v 0.05862376 -0.07531555 0.66036655
v 0.05095061 -0.08070114 0.66036655
v 0.05091937 -0.06540801 0.68977907
v 0.04425437 -0.07008593 0.68977907
v 0.01184154 0.09487973 0.66036655
v 0.01028365 0.08242622 0.68977907
v -0.08541580 -0.04270831 0.66036655
v -0.07419564 -0.03708483 0.68977907
v 0.08301772 -0.04713499 0.66036655
v 0.07210837 -0.04092992 0.68977907
v -0.02533430 0.09220219 0.66036655
v -0.02200788 0.08010049 0.68977907
v 0.09477056 -0.01176433 0.66036655
v 0.08231705 -0.01020645 0.68977907
v -0.06253574 -0.07213132 0.66036655
v -0.05432159 -0.06264212 0.68977907
v -0.05865564 0.07550193 0.66036655
v -0.05095133 0.06559440 0.68977907
v 0.09209302 0.02541152 0.66036655
v 0.07999132 0.02208508 0.68977907
v -0.03013754 -0.09055886 0.66036655
v -0.02618005 -0.07864857 0.68977907
v -0.08304967 0.04732137 0.66036655
v -0.07214033 0.04111630 0.68977907
v 0.00684629 -0.09518541 0.66036655
v 0.00594473 -0.08266726 0.68977907
v 0.06250386 0.07231752 0.66036655
v -0.09480254 0.01195071 0.66036655
v -0.08234910 0.01039282 0.68977907
v 0.04278552 -0.08530664 0.66036655
v 0.03716203 -0.07408639 0.68977907
v -0.05576279 0.03180105 0.82793215
v -0.05238706 0.03711293 0.82793215
v -0.05734224 0.04061562 0.76216472
v -0.06103735 0.03480116 0.76216472
v -0.06414626 0.02865319 0.76216472
v -0.05860291 0.02618459 0.82793215
v -0.05487570 0.02452468 0.88686234
v -0.05221619 0.02978382 0.88686226
v -0.04905524 0.03475775 0.88686234
v -0.07493970 0.00946592 0.71991277
v -0.07366114 0.01676481 0.71991277
v -0.07549851 0.00207698 0.71991277
v -0.07019399 0.00193762 0.76216472
v -0.06967447 0.00880730 0.76216472
v -0.06848571 0.01559326 0.76216472
v 0.03381627 -0.06741077 0.71991277
v 0.02703716 -0.07040274 0.71991277
v 0.04027036 -0.06377035 0.71991277
v 0.03743923 -0.05928231 0.76216472
v 0.03143866 -0.06266694 0.76216472
v 0.02513593 -0.06544859 0.76216472
v 0.02379360 0.07174869 0.71991277
v 0.03070275 0.06907070 0.71991277
v 0.01665564 0.07373827 0.71991277
v 0.01548400 0.06856292 0.76216472
v 0.02212033 0.06671321 0.76216472
v 0.02854402 0.06422339 0.76216472
v -0.07282327 -0.01991959 0.71991277
v -0.07443516 -0.01268704 0.71991277
v -0.07051191 -0.02695995 0.71991277
v -0.06555785 -0.02505873 0.76216472
v -0.06770681 -0.01851322 0.76216472
v -0.06920537 -0.01178890 0.76216472
v 0.05707358 -0.04932529 0.71991277
v 0.05195542 -0.05468375 0.71991277
v 0.06164330 -0.04349210 0.71991277
v 0.05731020 -0.04042914 0.76216472
v 0.05306166 -0.04585240 0.76216472
v 0.04830311 -0.05083429 0.76216472
v -0.00544022 0.07540580 0.71991277
v 0.00196781 0.07557573 0.71991277
v -0.01279621 0.07451237 0.71991277
v -0.01189807 0.06928257 0.76216472
v -0.00505904 0.07011326 0.76216472
v 0.00182845 0.07027119 0.76216472
v 0.07163953 -0.02371631 0.71991277
v 0.06896153 -0.03062545 0.71991277
v 0.07362910 -0.01657835 0.71991277
v 0.06845367 -0.01540680 0.76216472
v 0.06660396 -0.02204303 0.76216472
v 0.06411422 -0.02846673 0.76216472
v -0.05962260 -0.04625842 0.71991277
v -0.06387952 -0.04019314 0.71991277
v -0.05479292 -0.05187830 0.71991277
v -0.05094355 -0.04822599 0.76216472
v -0.05543374 -0.04300099 0.76216472
v -0.05939157 -0.03736202 0.76216472
v -0.03384824 0.06759724 0.71991277
v -0.02706904 0.07058913 0.71991277
v -0.04030231 0.06395673 0.71991277
v -0.03747127 0.05946876 0.76216472
v -0.03147071 0.06285340 0.76216472
v -0.02516798 0.06563506 0.76216472
v 0.07529663 0.00551751 0.71991277
v 0.07546648 -0.00189061 0.71991277
v 0.07440311 0.01287341 0.71991277
v 0.06917332 0.01197536 0.76216472
v 0.07000399 0.00513632 0.76216472
v 0.07016194 -0.00175116 0.76216472
v -0.03734731 -0.06554053 0.71991277
v -0.04360135 -0.06156609 0.71991277
v -0.03073470 -0.06888442 0.71991277
v -0.02857598 -0.06403701 0.76216472
v -0.03472386 -0.06092810 0.76216472
v -0.04053841 -0.05723299 0.76216472
v -0.05710555 0.04951175 0.71991277
v -0.05198739 0.05487012 0.71991277
v -0.06167526 0.04367855 0.71991277
v -0.05309363 0.04603887 0.76216472
v -0.04833516 0.05102076 0.76216472
v 0.06748799 0.03392544 0.71991277
v 0.07047985 0.02714633 0.71991277
v 0.06384756 0.04037952 0.71991277
v 0.05935951 0.03754848 0.76216472
v 0.06274415 0.03154791 0.76216472
v 0.06552581 0.02524518 0.76216472
v -0.00938872 -0.07483053 0.71991277
v -0.01668761 -0.07355189 0.71991277
v -0.00199978 -0.07538934 0.71991277
v -0.00186041 -0.07008473 0.76216472
v -0.00873009 -0.06956521 0.76216472
v -0.01551605 -0.06837654 0.76216472
v 0.05959056 0.04644471 0.71991277
v 0.05540178 0.04318736 0.76216472
v -0.07167157 0.02390269 0.71991277
v -0.06899359 0.03081191 0.71991277
v -0.06663601 0.02222958 0.76216472
v 0.01999679 -0.07271410 0.71991277
v 0.01276424 -0.07432599 0.71991277
v 0.01859043 -0.06759755 0.76216472
v 0.01186610 -0.06909611 0.76216472
v 0.03731535 0.06572682 0.71991277
v 0.03469191 0.06111448 0.76216472
v -0.07532859 -0.00533105 0.71991277
v -0.07003605 -0.00494987 0.76216472
v 0.04633554 -0.05951335 0.71991277
v 0.04307819 -0.05532457 0.76216472
v 0.00935675 0.07501690 0.71991277
v 0.00869804 0.06975167 0.76216472
v -0.06752003 -0.03373907 0.71991277
v -0.06277620 -0.03136146 0.76216472
v 0.06561773 -0.03723814 0.71991277
v 0.06100531 -0.03461460 0.76216472
v -0.02002876 0.07290047 0.71991277
v -0.01862239 0.06778402 0.76216472
v 0.07490773 -0.00927955 0.71991277
v 0.06964242 -0.00862084 0.76216472
v -0.04943454 -0.05699638 0.71991277
v -0.04596165 -0.05298446 0.76216472
v -0.04636750 0.05969982 0.71991277
v -0.04311024 0.05551095 0.76216472
v 0.07279122 0.02010604 0.71991277
v 0.06767477 0.01869960 0.76216472
v -0.02382548 -0.07156240 0.71991277
v -0.02215230 -0.06652675 0.76216472
v -0.06564970 0.03742452 0.71991277
v 0.00540826 -0.07521942 0.71991277
v 0.00502707 -0.06992680 0.76216472
v -0.03728423 0.04801893 0.90860238
v -0.03240763 0.05144174 0.90860238
v -0.03205683 0.05088559 0.88686234
v -0.03688062 0.04749993 0.88686234
v -0.04135025 0.04365877 0.88686234
v -0.04180284 0.04413576 0.90860238
v -0.04291858 0.04531184 0.91941355
v -0.03827936 0.04929869 0.91941346
v -0.03327256 0.05281285 0.91941355
v 0.00459118 -0.06387436 0.82793215
v -0.00170102 -0.06401869 0.82793215
v 0.01083905 -0.06311550 0.82793215
v 0.01014840 -0.05909415 0.88686234
v 0.00429799 -0.05980474 0.88686226
v -0.00159376 -0.05993990 0.88686234
v 0.04195818 0.04858288 0.82793215
v 0.04650941 0.04423574 0.82793215
v 0.03700368 0.05246418 0.82793215
v 0.03464850 0.04913246 0.88686234
v 0.03928782 0.04549803 0.88686226
v 0.04354952 0.04142746 0.88686234
v -0.06365336 0.00805408 0.82793215
v -0.06256732 0.01425350 0.82793215
v -0.06412803 0.00177823 0.82793215
v -0.06004925 0.00167105 0.88686234
v -0.05960480 0.00754766 0.88686226
v -0.05858793 0.01335262 0.88686234
v 0.02871977 -0.05724206 0.82793215
v 0.02296188 -0.05978325 0.82793215
v 0.03420166 -0.05415002 0.82793215
v 0.03202469 -0.05069904 0.88686234
v 0.02689163 -0.05359437 0.88686226
v 0.02149997 -0.05597395 0.88686234
v 0.02020686 0.06095465 0.82793215
v 0.02607524 0.05868011 0.82793215
v 0.01414424 0.06264454 0.82793215
v 0.01324336 0.05866505 0.88686234
v 0.01892034 0.05708278 0.88686226
v 0.02441533 0.05495290 0.88686234
v -0.06185572 -0.01690484 0.82793215
v -0.06322484 -0.01076175 0.82793215
v -0.05989260 -0.02288460 0.82793215
v -0.05608329 -0.02142277 0.88686234
v -0.05792151 -0.01582342 0.88686226
v -0.05920349 -0.01007120 0.88686234
v 0.04847371 -0.04188096 0.82793215
v 0.04412647 -0.04643218 0.82793215
v 0.05235501 -0.03692638 0.82793215
v 0.04902311 -0.03457120 0.88686234
v 0.04538878 -0.03921051 0.88686226
v 0.04131812 -0.04347223 0.88686234
v -0.00462315 0.06406092 0.82793215
v 0.00166897 0.06420515 0.82793215
v -0.01087101 0.06330204 0.82793215
v -0.01018045 0.05928069 0.88686234
v -0.00433004 0.05999128 0.88686226
v 0.00156171 0.06012645 0.88686234
v 0.06084540 -0.02012965 0.82793215
v 0.05857086 -0.02599804 0.82793215
v 0.06253529 -0.01406694 0.82793215
v 0.05855580 -0.01316607 0.88686234
v 0.05697343 -0.01884304 0.88686226
v 0.05484357 -0.02433804 0.88686234
v -0.05064360 -0.03927600 0.82793215
v -0.05425928 -0.03412445 0.82793215
v -0.04654145 -0.04404927 0.82793215
v -0.04358157 -0.04124092 0.88686234
v -0.04742273 -0.03677127 0.88686226
v -0.05080839 -0.03194749 0.88686234
v -0.02875182 0.05742852 0.82793215
v -0.02299385 0.05996979 0.82793215
v -0.03423371 0.05433648 0.82793215
v -0.02692368 0.05378092 0.88686226
v -0.02153202 0.05616049 0.88686234
v 0.06395156 0.00470044 0.82793215
v 0.06409590 -0.00159169 0.82793215
v 0.06319271 0.01094830 0.82793215
v 0.05917136 0.01025774 0.88686234
v 0.05988195 0.00440733 0.88686226
v 0.06001712 -0.00148451 0.88686234
v -0.03172384 -0.05565353 0.82793215
v -0.03703573 -0.05227781 0.82793215
v -0.02610729 -0.05849365 0.82793215
v -0.02444738 -0.05476635 0.88686234
v -0.02970662 -0.05210686 0.88686226
v -0.03468055 -0.04894590 0.88686234
v -0.04850576 0.04206743 0.82793215
v -0.04415853 0.04661874 0.82793215
v -0.04542083 0.03939707 0.88686226
v 0.05731926 0.02882910 0.82793215
v 0.05986046 0.02307114 0.82793215
v 0.05422723 0.03431091 0.82793215
v 0.05077624 0.03213404 0.88686234
v 0.05367157 0.02700098 0.88686226
v 0.05605116 0.02160930 0.88686234
v -0.00797688 -0.06354411 0.82793215
v -0.01417621 -0.06245807 0.82793215
v -0.00747036 -0.05949546 0.88686226
v -0.01327540 -0.05847859 0.88686234
v 0.05061156 0.03946246 0.82793215
v 0.04739060 0.03695782 0.88686226
v -0.06087753 0.02031611 0.82793215
v -0.05700557 0.01902960 0.88686226
v 0.01698213 -0.06174646 0.82793215
v 0.01590063 -0.05781217 0.88686226
v 0.03169180 0.05583999 0.82793215
v 0.02967457 0.05229340 0.88686226
v -0.06398370 -0.00451389 0.82793215
v -0.05991408 -0.00422079 0.88686226
v 0.03935321 -0.05053425 0.82793215
v 0.03684857 -0.04731337 0.88686226
v 0.00794483 0.06373057 0.82793215
v 0.00743831 0.05968200 0.88686226
v -0.05735131 -0.02864255 0.82793215
v -0.05370371 -0.02681443 0.88686226
v 0.05573073 -0.03161450 0.82793215
v 0.05218406 -0.02959728 0.88686226
v -0.01701409 0.06193291 0.82793215
v -0.01593268 0.05799871 0.88686226
v 0.06362122 -0.00786754 0.82793215
v 0.05957267 -0.00736111 0.88686226
v -0.04199022 -0.04839651 0.82793215
v -0.03931985 -0.04531157 0.88686226
v -0.03938526 0.05072081 0.82793215
v 0.06182366 0.01709139 0.82793215
v 0.05788938 0.01600997 0.88686226
v -0.02023891 -0.06076820 0.82793215
v -0.01895239 -0.05689623 0.88686226
v -0.01622141 0.05904897 0.94555659
v -0.01036484 0.06035415 0.94555667
v -0.01056609 0.06152648 0.91941346
v -0.01653660 0.06019588 0.91941346
v -0.02234841 0.05828780 0.91941346
v -0.02192228 0.05717736 0.94555667
v -0.02153980 0.05618070 0.97169972
v -0.01593850 0.05801969 0.97169972
v -0.01018413 0.05930210 0.97169972
v 0.05852343 0.01618426 0.90860238
v 0.05981937 0.01036903 0.90860238
v 0.05666501 0.02184489 0.90860238
v 0.05817845 0.02242570 0.91941355
v 0.06008653 0.01661390 0.91941346
v 0.06141715 0.01064339 0.91941355
v -0.01915971 -0.05752018 0.90860238
v -0.02471489 -0.05536703 0.90860238
v -0.01342059 -0.05911984 0.90860238
v -0.01377849 -0.06070091 0.91941355
v -0.01967085 -0.05905854 0.91941346
v -0.02537445 -0.05684786 0.91941355
v -0.05278776 0.03010894 0.90860238
v -0.04959214 0.03513732 0.90860238
v -0.05547636 0.02479218 0.90860238
v -0.05695720 0.02545166 0.91941355
v -0.05419687 0.03091043 0.91941346
v -0.05091590 0.03607304 0.91941355
v 0.00434525 -0.06046054 0.90860238
v -0.00161105 -0.06059716 0.90860238
v 0.01025968 -0.05974216 0.90860238
v 0.01053404 -0.06133993 0.91941355
v 0.00446166 -0.06207748 0.91941346
v -0.00165368 -0.06221770 0.91941355
v 0.03971812 0.04599512 0.90860238
v 0.04402651 0.04187997 0.90860238
v 0.03502805 0.04966935 0.90860238
v 0.03596377 0.05099311 0.91941355
v 0.04077907 0.04722085 0.91941346
v 0.04520250 0.04299578 0.91941355
v -0.06025726 0.00762924 0.90860238
v -0.05922917 0.01349780 0.90860238
v -0.06070650 0.00168835 0.90860238
v -0.06232704 0.00173089 0.91941355
v -0.06186581 0.00783049 0.91941346
v -0.06081025 0.01385570 0.91941355
v 0.02718620 -0.05418220 0.90860238
v 0.02173554 -0.05658780 0.90860238
v 0.03237550 -0.05125511 0.90860238
v 0.03324043 -0.05262621 0.91941355
v 0.02791253 -0.05563145 0.91941346
v 0.02231636 -0.05810125 0.91941355
v 0.01912767 0.05770673 0.90860238
v 0.02468284 0.05555348 0.90860238
v 0.01338854 0.05930639 0.90860238
v 0.01374644 0.06088747 0.91941355
v 0.01963880 0.05924510 0.91941346
v 0.02534232 0.05703441 0.91941355
v -0.05855557 -0.01599771 0.90860238
v -0.05985159 -0.01018248 0.90860238
v -0.05669714 -0.02165834 0.90860238
v -0.05821059 -0.02223916 0.91941355
v -0.06011867 -0.01642735 0.91941346
v -0.06144927 -0.01045684 0.91941355
v 0.04588587 -0.03964084 0.90860238
v 0.04177070 -0.04394920 0.90860238
v 0.04956001 -0.03495076 0.90860238
v 0.05088386 -0.03588648 0.91941355
v 0.04711152 -0.04070179 0.91941346
v 0.04288653 -0.04512521 0.91941355
v -0.00437730 0.06064709 0.90860238
v 0.00157901 0.06078371 0.90860238
v -0.01029173 0.05992881 0.90860238
v -0.00449380 0.06226403 0.91941346
v 0.00162163 0.06240424 0.91941355
v 0.05759740 -0.01905038 0.90860238
v 0.05544423 -0.02460554 0.90860238
v 0.05919703 -0.01331125 0.90860238
v 0.06077811 -0.01366915 0.91941355
v 0.05913575 -0.01956151 0.91941346
v 0.05692506 -0.02526502 0.91941355
v -0.04794173 -0.03717489 0.90860238
v -0.05136446 -0.03229829 0.90860238
v -0.04405854 -0.04169349 0.90860238
v -0.04523455 -0.04280925 0.91941355
v -0.04922140 -0.03817002 0.91941346
v -0.05273555 -0.03316322 0.91941355
v -0.02721833 0.05436875 0.90860238
v -0.02176759 0.05677436 0.90860238
v -0.02794466 0.05581801 0.91941346
v 0.06053776 0.00445459 0.90860238
v 0.06067437 -0.00150171 0.90860238
v 0.06215469 0.00457101 0.91941346
v 0.06229491 -0.00154435 0.91941355
v -0.03003166 -0.05267842 0.90860238
v -0.03506011 -0.04948289 0.90860238
v -0.03083315 -0.05408752 0.91941346
v -0.03599583 -0.05080664 0.91941355
v -0.04591800 0.03982748 0.90860238
v -0.04714365 0.04088843 0.91941346
v 0.05425941 0.02729553 0.90860238
v 0.05133233 0.03248484 0.90860238
v 0.05270342 0.03334976 0.91941355
v 0.05570865 0.02802187 0.91941346
v -0.00755203 -0.06014792 0.90860238
v -0.00775329 -0.06175639 0.91941346
v 0.04790960 0.03736143 0.90860238
v 0.04918934 0.03835656 0.91941346
v -0.05762952 0.01923693 0.90860238
v -0.05916789 0.01974815 0.91941346
v 0.01607492 -0.05844623 0.90860238
v 0.01650455 -0.06000933 0.91941346
v 0.02999961 0.05286498 0.90860238
v 0.03080110 0.05427399 0.91941346
v -0.06056988 -0.00426804 0.90860238
v -0.06218683 -0.00438446 0.91941346
v 0.03725218 -0.04783239 0.90860238
v 0.03824731 -0.04911206 0.91941346
v 0.00751998 0.06033446 0.90860238
v 0.00772115 0.06194303 0.91941346
v -0.05429155 -0.02710899 0.90860238
v -0.05574079 -0.02783532 0.91941346
v 0.05275562 -0.02992231 0.90860238
v 0.05416474 -0.03072380 0.91941346
v -0.01610697 0.05863278 0.90860238
v 0.06022513 -0.00744269 0.90860238
v 0.06183360 -0.00764386 0.91941346
v -0.03975017 -0.04580866 0.90860238
v -0.04081113 -0.04703432 0.91941346
v 0.00768767 0.06167518 0.98251080
v 0.01368687 0.06062423 0.98251080
v 0.01324807 0.05868627 0.97169972
v 0.00744106 0.05970357 0.97169972
v 0.00156231 0.06014810 0.97169972
v 0.00161453 0.06213443 0.98251080
v 0.00168379 0.06476928 0.98545936
v 0.00801485 0.06429050 0.98545936
v 0.01426880 0.06319487 0.98545936
v 0.06065339 -0.00749628 0.94555659
v 0.05961803 -0.01340652 0.94555667
v 0.06110589 -0.00151310 0.94555667
v 0.06003877 -0.00148502 0.97169972
v 0.05959416 -0.00736377 0.97169972
v 0.05857694 -0.01317086 0.97169972
v -0.04003267 -0.04613498 0.94555659
v -0.04437167 -0.04199062 0.94555667
v -0.03530921 -0.04983532 0.94555667
v -0.03469305 -0.04896362 0.97169972
v -0.03933407 -0.04532792 0.97169972
v -0.04359733 -0.04125581 0.97169972
v -0.03754917 0.04835973 0.94555659
v -0.03263790 0.05180676 0.94555667
v -0.04209988 0.04444887 0.94555667
v -0.04136515 0.04367453 0.97169972
v -0.03689388 0.04751705 0.97169972
v -0.03206839 0.05090390 0.97169972
v 0.05893963 0.01629862 0.94555659
v 0.06024482 0.01044205 0.94555667
v 0.05706795 0.02199957 0.94555667
v 0.05607136 0.02161710 0.97169972
v 0.05791027 0.01601570 0.97169972
v 0.05919277 0.01026143 0.97169972
v -0.01929582 -0.05792979 0.94555659
v -0.02489054 -0.05576131 0.94555667
v -0.01351587 -0.05954083 0.94555667
v -0.01328020 -0.05849973 0.97169972
v -0.01895923 -0.05691677 0.97169972
v -0.02445620 -0.05478612 0.97169972
v -0.05316296 0.03032236 0.94555659
v -0.04994465 0.03538649 0.94555667
v -0.05587065 0.02496775 0.94555667
v -0.05489547 0.02453349 0.97169972
v -0.05223503 0.02979462 0.97169972
v -0.04907296 0.03477034 0.97169972
v 0.00437623 -0.06089112 0.94555659
v -0.00162244 -0.06102868 0.94555667
v 0.01033271 -0.06016761 0.94555667
v 0.01015209 -0.05911556 0.97169972
v 0.00429962 -0.05982640 0.97169972
v -0.00159436 -0.05996156 0.97169972
v 0.04000063 0.04632152 0.94555659
v 0.04433962 0.04217709 0.94555667
v 0.03527716 0.05002185 0.94555667
v 0.03466099 0.04915018 0.97169972
v 0.03930202 0.04551446 0.97169972
v 0.04356518 0.04144235 0.97169972
v -0.06068553 0.00768283 0.94555659
v -0.05965017 0.01359316 0.94555667
v -0.06113802 0.00169965 0.94555667
v -0.06007091 0.00167165 0.97169972
v -0.05962629 0.00755040 0.97169972
v -0.05860907 0.01335741 0.97169972
v 0.02737966 -0.05456810 0.94555659
v 0.02189023 -0.05699081 0.94555667
v 0.03260584 -0.05162020 0.94555667
v 0.03203626 -0.05071736 0.97169972
v 0.02690131 -0.05361371 0.97169972
v 0.02150776 -0.05599414 0.97169972
v 0.01926377 0.05811635 0.94555659
v 0.02485841 0.05594787 0.94555667
v 0.01348382 0.05972737 0.94555667
v 0.01892710 0.05710332 0.97169972
v 0.02442415 0.05497268 0.97169972
v -0.05897177 -0.01611208 0.94555659
v -0.06027695 -0.01025550 0.94555667
v -0.05710016 -0.02181294 0.94555667
v -0.05610349 -0.02143055 0.97169972
v -0.05794249 -0.01582916 0.97169972
v -0.05922489 -0.01007479 0.97169972
v 0.04621227 -0.03992332 0.94555659
v 0.04206783 -0.04426234 0.94555667
v 0.04991252 -0.03519987 0.94555667
v 0.04904082 -0.03458370 0.97169972
v 0.04540513 -0.03922473 0.97169972
v 0.04133310 -0.04348797 0.97169972
v -0.00440828 0.06107766 0.94555659
v 0.00159039 0.06121524 0.94555667
v -0.00433167 0.06001293 0.97169972
v 0.05800699 -0.01918649 0.94555659
v 0.05583852 -0.02478111 0.94555667
v 0.05699398 -0.01884981 0.97169972
v 0.05486334 -0.02434686 0.97169972
v -0.04828250 -0.03743991 0.94555659
v -0.05172955 -0.03252856 0.94555667
v -0.04743984 -0.03678463 0.97169972
v -0.05082670 -0.03195905 0.97169972
v -0.02741171 0.05475464 0.94555659
v -0.02693344 0.05380035 0.97169972
v 0.06096833 0.00448557 0.94555659
v 0.05990360 0.00440888 0.97169972
v -0.03024505 -0.05305362 0.94555659
v -0.02971731 -0.05212569 0.97169972
v -0.04624432 0.04010996 0.94555659
v -0.04543726 0.03941127 0.97169972
v 0.05464529 0.02748899 0.94555659
v 0.05169743 0.03271520 0.94555667
v 0.05079456 0.03214559 0.97169972
v 0.05369092 0.02701065 0.97169972
v -0.00760562 -0.06057619 0.94555659
v -0.00747311 -0.05951694 0.97169972
v 0.04825037 0.03762647 0.94555659
v 0.04740770 0.03697117 0.97169972
v -0.05803913 0.01937304 0.94555659
v -0.05702611 0.01903645 0.97169972
v 0.01618936 -0.05886243 0.94555659
v 0.01590637 -0.05783314 0.97169972
v 0.03021301 0.05324008 0.94555659
v 0.02968526 0.05231223 0.97169972
v -0.06100046 -0.00429903 0.94555659
v -0.05993574 -0.00422233 0.97169972
v 0.03751711 -0.04817317 0.94555659
v 0.03686183 -0.04733050 0.97169972
v 0.00757357 0.06076273 0.94555659
v -0.05467744 -0.02730236 0.94555659
v -0.05372315 -0.02682410 0.97169972
v 0.05313083 -0.03013572 0.94555659
v 0.05220298 -0.02960798 0.97169972
v 0.03240512 0.05709415 0.98801468
v 0.03783650 0.05364240 0.98801468
v 0.03732939 0.05292498 0.98545936
v 0.03197077 0.05633042 0.98545936
v 0.02630483 0.05919561 0.98545936
v 0.02666222 0.05999814 0.98801468
v 0.02590447 0.05829670 0.99056999
v 0.03148430 0.05547515 0.99056999
v 0.03676134 0.05212151 0.99056999
v -0.05549948 -0.02771436 0.98251080
v -0.05795867 -0.02214242 0.98251080
v -0.05250733 -0.03301924 0.98251080
v -0.05473651 -0.03442543 0.98545936
v -0.05785577 -0.02889533 0.98545936
v -0.06041939 -0.02308679 0.98545936
v 0.05393009 -0.03059036 0.98251080
v 0.05066342 -0.03573069 0.98251080
v 0.05667854 -0.02515528 0.98251080
v 0.05908627 -0.02622754 0.98545936
v 0.05622117 -0.03189347 0.98545936
v 0.05281573 -0.03725210 0.98545936
v -0.01646513 0.05993564 0.98251080
v -0.01052047 0.06126043 0.98251080
v -0.02225176 0.05803587 0.98251080
v -0.02319604 0.06049659 0.98545936
v -0.01716364 0.06247702 0.98545936
v -0.01096654 0.06385811 0.98545936
v 0.06156583 -0.00761039 0.98251080
v 0.06051490 -0.01360957 0.98251080
v 0.06202510 -0.00153723 0.98251080
v 0.06465992 -0.00160649 0.98545936
v 0.06418117 -0.00793756 0.98545936
v 0.06308552 -0.01419150 0.98545936
v -0.04063453 -0.04683025 0.98251080
v -0.04503878 -0.04262348 0.98251080
v -0.03584003 -0.05058621 0.98251080
v -0.03736144 -0.05273852 0.98545936
v -0.04235951 -0.04882306 0.98545936
v -0.04695079 -0.04443765 0.98545936
v -0.03811372 0.04908562 0.98251080
v -0.03312849 0.05258453 0.98251080
v -0.04273282 0.04511599 0.98251080
v -0.04454691 0.04702809 0.98545936
v -0.03973160 0.05116628 0.98545936
v -0.03453476 0.05481379 0.98545936
v 0.05982621 0.01654241 0.98251080
v 0.06115109 0.01059776 0.98251080
v 0.05792644 0.02232897 0.98251080
v 0.06038726 0.02327334 0.98545936
v 0.06236766 0.01724094 0.98545936
v 0.06374878 0.01104384 0.98545936
v -0.01958576 -0.05880242 0.98251080
v -0.02526463 -0.05660133 0.98251080
v -0.01371892 -0.06043768 0.98251080
v -0.01430084 -0.06300833 0.98545936
v -0.02041688 -0.06130364 0.98545936
v -0.02633688 -0.05900907 0.98545936
v -0.05396223 0.03077699 0.98251080
v -0.05069556 0.03591732 0.98251080
v -0.05671067 0.02534183 0.98251080
v -0.05911840 0.02641417 0.98545936
v -0.05625330 0.03208002 0.98545936
v -0.05284786 0.03743864 0.98545936
v 0.00444232 -0.06180826 0.98251080
v -0.00164658 -0.06194788 0.98251080
v 0.01048842 -0.06107388 0.98251080
v 0.01093449 -0.06367157 0.98545936
v 0.00463167 -0.06443711 0.98545936
v -0.00171584 -0.06458272 0.98545936
v 0.04060241 0.04701678 0.98251080
v 0.04500664 0.04281004 0.98251080
v 0.03580798 0.05077267 0.98251080
v 0.04232746 0.04900952 0.98545936
v 0.04691873 0.04462411 0.98545936
v -0.06159796 0.00779702 0.98251080
v -0.06054702 0.01379612 0.98251080
v -0.06205722 0.00172387 0.98251080
v -0.06469207 0.00179312 0.98545936
v -0.06421329 0.00812419 0.98545936
v -0.06311775 0.01437813 0.98545936
v 0.02779166 -0.05539013 0.98251080
v 0.02221963 -0.05784924 0.98251080
v 0.03309644 -0.05239800 0.98251080
v 0.03450271 -0.05462716 0.98545936
v 0.02897264 -0.05774643 0.98545936
v 0.02316399 -0.06031005 0.98545936
v 0.01955371 0.05898896 0.98251080
v 0.02523249 0.05678787 0.98251080
v 0.02038483 0.06149019 0.98545936
v -0.05985844 -0.01635578 0.98251080
v -0.06118322 -0.01041112 0.98251080
v -0.06239980 -0.01705438 0.98545936
v -0.06378091 -0.01085729 0.98545936
v 0.04690745 -0.04052519 0.98251080
v 0.04270068 -0.04492943 0.98251080
v 0.04890026 -0.04225017 0.98545936
v 0.04451486 -0.04684145 0.98545936
v -0.00447436 0.06199481 0.98251080
v -0.00466372 0.06462366 0.98545936
v 0.05887963 -0.01947642 0.98251080
v 0.06138084 -0.02030754 0.98545936
v -0.04900842 -0.03800438 0.98251080
v -0.05108898 -0.03962235 0.98545936
v -0.02782371 0.05557669 0.98251080
v -0.02900469 0.05793297 0.98545936
v 0.06188548 0.00455166 0.98251080
v 0.06451433 0.00474101 0.98545936
v -0.03069969 -0.05385289 0.98251080
v -0.03200282 -0.05614395 0.98545936
v -0.04693958 0.04071175 0.98251080
v -0.04893231 0.04243681 0.98545936
v 0.05546733 0.02790100 0.98251080
v 0.05247520 0.03320577 0.98251080
v 0.05470438 0.03461197 0.98545936
v 0.05782364 0.02908189 0.98545936
v -0.00771972 -0.06148863 0.98251080
v -0.00804690 -0.06410395 0.98545936
v 0.04897629 0.03819092 0.98251080
v 0.05105695 0.03980880 0.98545936
v -0.05891176 0.01966305 0.98251080
v -0.06141298 0.02049408 0.98545936
v 0.01643308 -0.05974901 0.98251080
v 0.01713159 -0.06229046 0.98545936
v 0.03066764 0.05403945 0.98251080
v -0.06191760 -0.00436503 0.98251080
v -0.06454646 -0.00455438 0.98545936
v 0.03808159 -0.04889899 0.98251080
v 0.03969955 -0.05097964 0.98545936
v 0.04586917 0.03577480 0.99351847
v 0.04914620 0.03110579 0.99351847
v 0.05387215 0.03408706 0.99056999
v 0.05028009 0.03920479 0.99056999
v 0.04620490 0.04394683 0.99056999
v 0.04215137 0.04010098 0.99351847
v 0.03498517 0.03330174 0.99526574
v 0.03145723 0.02456773 0.99587720
v 0.04079124 0.02583533 0.99526574
v -0.06542277 -0.00461755 0.98801468
v -0.06557034 0.00181615 0.98801468
v -0.06464686 -0.01100597 0.98801468
v -0.06281112 -0.01069070 0.99056999
v -0.06356502 -0.00448376 0.99056999
v -0.06370841 0.00176727 0.99056999
v 0.04023884 -0.05167320 0.98801468
v 0.03497139 -0.05537027 0.98801468
v 0.04511956 -0.04747885 0.98801468
v 0.04383758 -0.04612762 0.99056999
v 0.03909554 -0.05020289 0.99056999
v 0.03397771 -0.05379494 0.99056999
v 0.00812391 0.06516228 0.98801468
v 0.01446276 0.06405175 0.98801468
v 0.00170681 0.06564755 0.98801468
v 0.00165793 0.06378562 0.99056999
v 0.00789269 0.06331412 0.99056999
v 0.01405153 0.06223519 0.99056999
v -0.05864126 -0.02928903 0.98801468
v -0.06123963 -0.02340154 0.98801468
v -0.05547963 -0.03489419 0.98801468
v -0.05390428 -0.03390042 0.99056999
v -0.05697612 -0.02845448 0.99056999
v -0.05950071 -0.02273419 0.99056999
v 0.05698482 -0.03232782 0.98801468
v 0.05353315 -0.03775921 0.98801468
v 0.05988889 -0.02658493 0.98801468
v 0.05818735 -0.02582726 0.99056999
v 0.05536582 -0.03140700 0.99056999
v 0.05201218 -0.03668413 0.99056999
v -0.01739656 0.06332420 0.98801468
v -0.01111523 0.06472407 0.98801468
v -0.02351080 0.06131684 0.98801468
v -0.02284353 0.05957791 0.99056999
v -0.01690290 0.06152828 0.99056999
v -0.01080004 0.06288832 0.99056999
v 0.06505284 -0.00804662 0.98801468
v 0.06394250 -0.01438547 0.98801468
v 0.06553821 -0.00162961 0.98801468
v 0.06367628 -0.00158063 0.99056999
v 0.06320477 -0.00781540 0.99056999
v 0.06212584 -0.01397425 0.99056999
v -0.04293450 -0.04948726 0.98801468
v -0.04758818 -0.04504235 0.98801468
v -0.03786855 -0.05345595 0.98801468
v -0.03679347 -0.05193498 0.99056999
v -0.04171552 -0.04807910 0.99056999
v -0.04623695 -0.04376037 0.99056999
v -0.04027098 0.05185982 0.98801468
v -0.03500352 0.05555683 0.98801468
v -0.04515161 0.04766541 0.98801468
v -0.04386971 0.04631426 0.99056999
v -0.03912759 0.05038944 0.99056999
v -0.03400977 0.05398148 0.99056999
v 0.06321479 0.01747378 0.98801468
v 0.06461466 0.01119253 0.98801468
v 0.06120750 0.02358810 0.98801468
v 0.05946858 0.02292074 0.99056999
v 0.06141886 0.01698019 0.99056999
v 0.06277899 0.01087725 0.99056999
v -0.02069388 -0.06213740 0.98801468
v -0.02669427 -0.05981167 0.98801468
v -0.01449481 -0.06386521 0.98801468
v -0.01408358 -0.06204863 0.99056999
v -0.02010657 -0.06036988 0.99056999
v -0.02593660 -0.05811015 0.99056999
v -0.05701695 0.03251445 0.98801468
v -0.05356520 0.03794585 0.98801468
v -0.05992102 0.02677157 0.98801468
v -0.05821950 0.02601381 0.99056999
v -0.05539795 0.03159355 0.99056999
v -0.05204431 0.03687067 0.99056999
v 0.00469477 -0.06531343 0.98801468
v -0.00173895 -0.06546100 0.98801468
v 0.01108318 -0.06453744 0.98801468
v 0.01076791 -0.06270178 0.99056999
v 0.00456096 -0.06345568 0.99056999
v -0.00168998 -0.06359906 0.99056999
v 0.04290245 0.04967379 0.98801468
v 0.04755605 0.04522881 0.98801468
v 0.04168347 0.04826556 0.99056999
v -0.06508506 0.00823325 0.98801468
v -0.06397463 0.01457211 0.98801468
v -0.06323691 0.00800204 0.99056999
v -0.06215798 0.01416087 0.99056999
v 0.02936623 -0.05853183 0.98801468
v 0.02347875 -0.06113029 0.98801468
v 0.02853170 -0.05686678 0.99056999
v 0.02281149 -0.05939137 0.99056999
v 0.02066184 0.06232395 0.98801468
v 0.02007452 0.06055643 0.99056999
v -0.06324693 -0.01728722 0.98801468
v -0.06145107 -0.01679355 0.99056999
v 0.04956454 -0.04282516 0.98801468
v 0.04815631 -0.04160618 0.99056999
v -0.00472682 0.06549997 0.98801468
v -0.00459301 0.06364222 0.99056999
v 0.06221462 -0.02058454 0.98801468
v 0.06044710 -0.01999723 0.99056999
v -0.05178254 -0.04016164 0.98801468
v -0.05031223 -0.03901826 0.99056999
v -0.02939828 0.05871846 0.98801468
v -0.02856374 0.05705333 0.99056999
v 0.06539064 0.00480410 0.98801468
v 0.06353289 0.00467031 0.99056999
v -0.03243717 -0.05690761 0.98801468
v -0.03151634 -0.05528862 0.99056999
v -0.04959659 0.04301178 0.98801468
v -0.04818844 0.04179274 0.99056999
v 0.05860904 0.02947558 0.98801468
v 0.05544750 0.03508072 0.98801468
v 0.05694398 0.02864103 0.99056999
v -0.00815596 -0.06497564 0.98801468
v -0.00792474 -0.06312757 0.99056999
v 0.05175049 0.04034820 0.98801468
v -0.06224675 0.02077118 0.98801468
v -0.06047923 0.02018386 0.99056999
v 0.01736443 -0.06313758 0.98801468
v 0.01687085 -0.06134164 0.99056999
v -0.00001602 0.00009332 0.99666328
v 0.03842742 0.01066042 0.99587720
v 0.04502917 0.01737961 0.99526574
v 0.03562718 0.01795734 0.99587720
v 0.02607782 0.03023752 0.99587720
v 0.02783395 0.03949207 0.99526574
v 0.01969555 0.03474901 0.99587720
v 0.01961252 0.04416829 0.99526574
v 0.01255580 0.03792864 0.99587720
v 0.01063668 0.04715077 0.99526574
v 0.00493291 0.03965430 0.99587720
v 0.00125158 0.04832479 0.99526574
v -0.00288011 0.03985966 0.99587720
v -0.00818232 0.04764536 0.99526574
v -0.01058312 0.03853676 0.99587720
v -0.01730231 0.04513850 0.99526574
v -0.01788005 0.03573661 0.99587720
v -0.02575804 0.04090057 0.99526574
v -0.02449043 0.03156659 0.99587720
v -0.03322453 0.03509442 0.99526574
v -0.03016040 0.02618715 0.99587720
v -0.03941487 0.02794329 0.99526574
v -0.03467181 0.01980489 0.99587720
v -0.04409108 0.01972178 0.99526574
v -0.03785143 0.01266514 0.99587720
v -0.04707354 0.01074602 0.99526574
v -0.03957709 0.00504224 0.99587720
v -0.04824758 0.00136091 0.99526574
v -0.03978245 -0.00277086 0.99587720
v -0.04756816 -0.00807299 0.99526574
v -0.03845955 -0.01047379 0.99587720
v -0.04506130 -0.01719298 0.99526574
v -0.03565933 -0.01777070 0.99587720
v -0.04082337 -0.02564878 0.99526574
v -0.03148937 -0.02438118 0.99587720
v -0.03501722 -0.03311520 0.99526574
v -0.02610986 -0.03005105 0.99587720
v -0.02786599 -0.03930554 0.99526574
v -0.01972769 -0.03456248 0.99587720
v -0.01964457 -0.04398173 0.99526574
v -0.01258793 -0.03774209 0.99587720
v -0.01066881 -0.04696421 0.99526574
v -0.00496504 -0.03946775 0.99587720
v -0.00128363 -0.04813825 0.99526574
v 0.00284806 -0.03967311 0.99587720
v 0.00815019 -0.04745882 0.99526574
v 0.01055108 -0.03835021 0.99587720
v 0.01727026 -0.04495195 0.99526574
v 0.01784800 -0.03554998 0.99587720
v 0.02572599 -0.04071404 0.99526574
v 0.02445839 -0.03138003 0.99587720
v 0.03319248 -0.03490788 0.99526574
v 0.03012827 -0.02600052 0.99587720
v 0.03938274 -0.02775665 0.99526574
v 0.03463968 -0.01961827 0.99587720
v 0.04405894 -0.01953523 0.99526574
v 0.03781929 -0.01247851 0.99587720
v 0.04704141 -0.01055948 0.99526574
v 0.03954495 -0.00485570 0.99587720
v 0.04821545 -0.00117429 0.99526574
v 0.03975031 0.00295740 0.99587720
v 0.04753603 0.00825953 0.99526574
v -0.05517667 0.01842191 0.99351847
v -0.05311511 0.02374064 0.99351847
v -0.05670818 0.01292708 0.99351847
v 0.01538984 -0.05595392 0.99351847
v 0.00982217 -0.05719472 0.99351847
v 0.02080950 -0.05417458 0.99351847
v 0.02872173 0.05061817 0.99351847
v 0.03353601 0.04755865 0.99351847
v 0.02363130 0.05319232 0.99351847
v -0.05799188 -0.00408228 0.99351847
v -0.05812268 0.00162047 0.99351847
v -0.05730406 -0.00974497 0.99351847
v 0.03566545 -0.04579197 0.99351847
v 0.03099643 -0.04906899 0.99351847
v 0.03999163 -0.04207409 0.99351847
v 0.00719915 0.05776964 0.99351847
v 0.01281783 0.05678538 0.99351847
v 0.00151112 0.05819988 0.99351847
v -0.05198079 -0.02595088 0.99351847
v -0.05428392 -0.02073229 0.99351847
v -0.04917835 -0.03091923 0.99351847
v 0.05050892 -0.02864444 0.99351847
v 0.04744939 -0.03345872 0.99351847
v 0.05308297 -0.02355401 0.99351847
v -0.01542189 0.05614045 0.99351847
v -0.00985422 0.05738127 0.99351847
v -0.02084154 0.05436114 0.99351847
v 0.05766030 -0.00712186 0.99351847
v 0.05667605 -0.01274054 0.99351847
v 0.05809045 -0.00143383 0.99351847
v -0.03805850 -0.04385436 0.99351847
v -0.04218343 -0.03991442 0.99351847
v -0.03356814 -0.04737211 0.99351847
v -0.03569759 0.04597850 0.99351847
v -0.03102857 0.04925555 0.99351847
v -0.04002376 0.04226072 0.99351847
v 0.05603112 0.01549918 0.99351847
v 0.05727194 0.00993151 0.99351847
v 0.05425180 0.02091884 0.99351847
v -0.01834469 -0.05506725 0.99351847
v -0.02366335 -0.05300576 0.99351847
v -0.01284988 -0.05659885 0.99351847
v -0.05054105 0.02883099 0.99351847
v -0.04748144 0.03364534 0.99351847
v 0.00415958 -0.05788254 0.99351847
v -0.00154317 -0.05801325 0.99351847
v 0.03802644 0.04404089 0.99351847
v -0.05769244 0.00730840 0.99351847
v 0.02602808 -0.05187145 0.99351847
v 0.01831256 0.05525387 0.99351847
v -0.05606326 -0.01531263 0.99351847
v 0.04393164 -0.03794916 0.99351847
v -0.00419162 0.05806908 0.99351847
v 0.05514454 -0.01823527 0.99351847
v -0.04590131 -0.03558824 0.99351847
v -0.02606013 0.05205800 0.99351847
v 0.05795975 0.00426892 0.99351847
v -0.02875377 -0.05043171 0.99351847
v -0.04396369 0.03813580 0.99351847
v 0.05194866 0.02613742 0.99351847
v -0.00723120 -0.05758310 0.99351847
f 1 2 3
f 1 3 4
f 4 3 5
f 4 5 6
f 6 5 7
f 6 7 8
f 8 7 9
f 8 9 10
f 10 9 11
f 10 11 12
f 12 11 13
f 12 13 14
f 14 13 15
f 14 15 16
f 16 15 17
f 16 17 18
f 18 17 19
f 18 19 20
f 20 19 21
f 20 21 22
f 22 21 23
f 22 23 24
f 24 23 25
f 24 25 26
f 26 25 27
f 26 27 28
f 28 27 29
f 28 29 30
f 30 29 31
f 30 31 32
f 32 31 33
f 32 33 34
f 34 33 35
f 34 35 36
f 36 35 37
f 36 37 38
f 38 37 39
f 38 39 40
f 40 39 41
f 40 41 42
f 42 41 43
f 42 43 44
f 44 43 45
f 44 45 46
f 46 45 47
f 46 47 48
f 48 47 49
f 48 49 50
f 50 49 51
f 50 51 52
f 52 51 53
f 52 53 54
f 54 53 55
f 54 55 56
f 56 55 57
f 56 57 58
f 58 57 59
f 58 59 60
f 60 59 61
f 60 61 62
f 59 57 63
f 59 63 64
f 65 66 2
f 65 2 1
f 62 61 66
f 62 66 65
f 1 4 6
f 1 6 8
f 1 8 10
f 1 10 12
f 1 12 14
f 1 14 16
f 1 16 18
f 1 18 20
f 1 20 22
f 1 22 24
f 1 24 26
f 1 26 28
f 1 28 30
f 1 30 32
f 1 32 34
f 1 34 36
f 1 36 38
f 1 38 40
f 1 40 42
f 1 42 44
f 1 44 46
f 1 46 48
f 1 48 50
f 1 50 52
f 1 52 54
f 1 54 56
f 1 56 58
f 1 58 60
f 1 60 62
f 1 62 65
f 67 68 69
f 67 69 70
f 67 70 64
f 67 64 63
f 67 63 71
f 67 71 72
f 67 72 73
f 67 73 74
f 67 74 75
f 67 75 76
f 67 76 77
f 67 77 78
f 67 78 79
f 67 79 80
f 67 80 81
f 67 81 82
f 67 82 83
f 67 83 84
f 67 84 85
f 67 85 86
f 67 86 87
f 67 87 88
f 67 88 89
f 67 89 90
f 67 90 91
f 67 91 92
f 67 92 93
f 67 93 94
f 67 94 95
f 67 95 96
f 37 35 81
f 37 81 80
f 15 13 92
f 15 92 91
f 2 66 69
f 2 69 68
f 43 41 78
f 43 78 77
f 21 19 89
f 21 89 88
f 49 47 75
f 49 75 74
f 5 3 67
f 5 67 96
f 27 25 86
f 27 86 85
f 55 53 72
f 55 72 71
f 11 9 94
f 11 94 93
f 33 31 83
f 33 83 82
f 61 59 64
f 61 64 70
f 39 37 80
f 39 80 79
f 3 2 68
f 3 68 67
f 17 15 91
f 17 91 90
f 45 43 77
f 45 77 76
f 23 21 88
f 23 88 87
f 51 49 74
f 51 74 73
f 7 5 96
f 7 96 95
f 29 27 85
f 29 85 84
f 57 55 71
f 57 71 63
f 35 33 82
f 35 82 81
f 13 11 93
f 13 93 92
f 66 61 70
f 66 70 69
f 41 39 79
f 41 79 78
f 19 17 90
f 19 90 89
f 47 45 76
f 47 76 75
f 25 23 87
f 25 87 86
f 53 51 73
f 53 73 72
f 9 7 95
f 9 95 94
f 31 29 84
f 31 84 83
f 97 98 99
f 97 99 100
f 97 100 101
f 97 101 102
f 97 102 103
f 97 103 104
f 97 104 105
f 97 105 98
f 106 107 105
f 106 105 104
f 106 104 103
f 106 103 108
f 106 108 109
f 106 109 110
f 106 110 111
f 106 111 107
f 112 113 111
f 112 111 110
f 112 110 109
f 112 109 114
f 112 114 115
f 112 115 116
f 112 116 117
f 112 117 113
f 118 119 117
f 118 117 116
f 118 116 115
f 118 115 120
f 118 120 121
f 118 121 122
f 118 122 123
f 118 123 119
f 124 125 123
f 124 123 122
f 124 122 121
f 124 121 126
f 124 126 127
f 124 127 128
f 124 128 129
f 124 129 125
f 130 131 129
f 130 129 128
f 130 128 127
f 130 127 132
f 130 132 133
f 130 133 134
f 130 134 135
f 130 135 131
f 136 137 135
f 136 135 134
f 136 134 133
f 136 133 138
f 136 138 139
f 136 139 140
f 136 140 141
f 136 141 137
f 142 143 141
f 142 141 140
f 142 140 139
f 142 139 144
f 142 144 145
f 142 145 146
f 142 146 147
f 142 147 143
f 148 149 147
f 148 147 146
f 148 146 145
f 148 145 150
f 148 150 151
f 148 151 152
f 148 152 153
f 148 153 149
f 154 155 153
f 154 153 152
f 154 152 151
f 154 151 156
f 154 156 157
f 154 157 158
f 154 158 159
f 154 159 155
f 160 161 159
f 160 159 158
f 160 158 157
f 160 157 162
f 160 162 163
f 160 163 164
f 160 164 165
f 160 165 161
f 166 167 165
f 166 165 164
f 166 164 163
f 166 163 168
f 166 168 169
f 166 169 170
f 166 170 171
f 166 171 167
f 172 173 171
f 172 171 170
f 172 170 169
f 172 169 174
f 172 174 175
f 172 175 176
f 172 176 177
f 172 177 173
f 178 179 177
f 178 177 176
f 178 176 175
f 178 175 180
f 178 180 181
f 178 181 182
f 178 182 183
f 178 183 179
f 184 185 183
f 184 183 182
f 184 182 181
f 184 181 186
f 184 186 187
f 184 187 188
f 184 188 189
f 184 189 185
f 190 191 189
f 190 189 188
f 190 188 187
f 190 187 192
f 190 192 193
f 190 193 194
f 190 194 195
f 190 195 191
f 196 197 195
f 196 195 194
f 196 194 193
f 196 193 198
f 196 198 199
f 196 199 200
f 196 200 201
f 196 201 197
f 202 203 201
f 202 201 200
f 202 200 199
f 202 199 204
f 202 204 205
f 202 205 206
f 202 206 207
f 202 207 203
f 208 209 207
f 208 207 206
f 208 206 205
f 208 205 210
f 208 210 211
f 208 211 212
f 208 212 213
f 208 213 209
f 214 215 213
f 214 213 212
f 214 212 211
f 214 211 216
f 214 216 217
f 214 217 218
f 214 218 219
f 214 219 215
f 220 221 219
f 220 219 218
f 220 218 217
f 220 217 222
f 220 222 223
f 220 223 224
f 220 224 225
f 220 225 221
f 226 227 225
f 226 225 224
f 226 224 223
f 226 223 228
f 226 228 229
f 226 229 230
f 226 230 231
f 226 231 227
f 232 233 231
f 232 231 230
f 232 230 229
f 232 229 234
f 232 234 235
f 232 235 236
f 232 236 237
f 232 237 233
f 238 239 237
f 238 237 236
f 238 236 235
f 238 235 240
f 238 240 241
f 238 241 242
f 238 242 243
f 238 243 239
f 244 245 243
f 244 243 242
f 244 242 241
f 244 241 246
f 244 246 247
f 244 247 248
f 244 248 249
f 244 249 245
f 250 251 249
f 250 249 248
f 250 248 247
f 250 247 252
f 250 252 253
f 250 253 254
f 250 254 255
f 250 255 251
f 256 257 255
f 256 255 254
f 256 254 253
f 256 253 258
f 256 258 259
f 256 259 260
f 256 260 261
f 256 261 257
f 262 263 261
f 262 261 260
f 262 260 259
f 262 259 264
f 262 264 265
f 262 265 266
f 262 266 267
f 262 267 263
f 268 269 267
f 268 267 266
f 268 266 265
f 268 265 270
f 268 270 271
f 268 271 272
f 268 272 273
f 268 273 269
f 274 275 273
f 274 273 272
f 274 272 271
f 274 271 276
f 274 276 277
f 274 277 278
f 274 278 279
f 274 279 275
f 280 281 265
f 280 265 264
f 280 264 259
f 280 259 282
f 280 282 283
f 280 283 284
f 280 284 285
f 280 285 281
f 286 287 288
f 286 288 289
f 286 289 290
f 286 290 291
f 286 291 101
f 286 101 100
f 286 100 99
f 286 99 287
f 292 293 279
f 292 279 278
f 292 278 277
f 292 277 294
f 292 294 290
f 292 290 289
f 292 289 288
f 292 288 293
f 295 296 288
f 295 288 287
f 295 287 99
f 295 99 297
f 295 297 298
f 295 298 299
f 295 299 300
f 295 300 296
f 301 302 300
f 301 300 299
f 301 299 298
f 301 298 303
f 301 303 304
f 301 304 305
f 301 305 306
f 301 306 302
f 307 308 219
f 307 219 221
f 307 221 225
f 307 225 309
f 307 309 310
f 307 310 311
f 307 311 312
f 307 312 308
f 313 314 153
f 313 153 155
f 313 155 159
f 313 159 315
f 313 315 316
f 313 316 317
f 313 317 318
f 313 318 314
f 319 320 237
f 319 237 239
f 319 239 243
f 319 243 321
f 319 321 322
f 319 322 323
f 319 323 324
f 319 324 320
f 325 326 105
f 325 105 107
f 325 107 111
f 325 111 327
f 325 327 328
f 325 328 329
f 325 329 330
f 325 330 326
f 331 332 171
f 331 171 173
f 331 173 177
f 331 177 333
f 331 333 334
f 331 334 335
f 331 335 336
f 331 336 332
f 337 338 255
f 337 255 257
f 337 257 261
f 337 261 339
f 337 339 340
f 337 340 341
f 337 341 342
f 337 342 338
f 343 344 123
f 343 123 125
f 343 125 129
f 343 129 345
f 343 345 346
f 343 346 347
f 343 347 348
f 343 348 344
f 349 350 189
f 349 189 191
f 349 191 195
f 349 195 351
f 349 351 352
f 349 352 353
f 349 353 354
f 349 354 350
f 355 356 273
f 355 273 275
f 355 275 279
f 355 279 357
f 355 357 358
f 355 358 359
f 355 359 360
f 355 360 356
f 361 362 207
f 361 207 209
f 361 209 213
f 361 213 363
f 361 363 364
f 361 364 365
f 361 365 366
f 361 366 362
f 367 297 99
f 367 99 98
f 367 98 105
f 367 105 326
f 367 326 330
f 367 330 368
f 367 368 298
f 367 298 297
f 369 370 141
f 369 141 143
f 369 143 147
f 369 147 371
f 369 371 372
f 369 372 373
f 369 373 374
f 369 374 370
f 375 309 225
f 375 225 227
f 375 227 231
f 375 231 376
f 375 376 377
f 375 377 378
f 375 378 310
f 375 310 309
f 379 315 159
f 379 159 161
f 379 161 165
f 379 165 380
f 379 380 381
f 379 381 382
f 379 382 316
f 379 316 315
f 383 321 243
f 383 243 245
f 383 245 249
f 383 249 384
f 383 384 385
f 383 385 386
f 383 386 322
f 383 322 321
f 387 327 111
f 387 111 113
f 387 113 117
f 387 117 388
f 387 388 389
f 387 389 390
f 387 390 328
f 387 328 327
f 391 333 177
f 391 177 179
f 391 179 183
f 391 183 392
f 391 392 393
f 391 393 394
f 391 394 334
f 391 334 333
f 395 339 261
f 395 261 263
f 395 263 267
f 395 267 396
f 395 396 397
f 395 397 398
f 395 398 340
f 395 340 339
f 399 351 195
f 399 195 197
f 399 197 201
f 399 201 400
f 399 400 401
f 399 401 402
f 399 402 352
f 399 352 351
f 403 345 129
f 403 129 131
f 403 131 135
f 403 135 404
f 403 404 405
f 403 405 406
f 403 406 346
f 403 346 345
f 407 357 279
f 407 279 293
f 407 293 288
f 407 288 296
f 407 296 300
f 407 300 408
f 407 408 358
f 407 358 357
f 409 363 213
f 409 213 215
f 409 215 219
f 409 219 308
f 409 308 312
f 409 312 410
f 409 410 364
f 409 364 363
f 411 371 147
f 411 147 149
f 411 149 153
f 411 153 314
f 411 314 318
f 411 318 412
f 411 412 372
f 411 372 371
f 413 376 231
f 413 231 233
f 413 233 237
f 413 237 320
f 413 320 324
f 413 324 414
f 413 414 377
f 413 377 376
f 415 380 165
f 415 165 167
f 415 167 171
f 415 171 332
f 415 332 336
f 415 336 416
f 415 416 381
f 415 381 380
f 417 384 249
f 417 249 251
f 417 251 255
f 417 255 338
f 417 338 342
f 417 342 418
f 417 418 385
f 417 385 384
f 419 388 117
f 419 117 119
f 419 119 123
f 419 123 344
f 419 344 348
f 419 348 420
f 419 420 389
f 419 389 388
f 421 392 183
f 421 183 185
f 421 185 189
f 421 189 350
f 421 350 354
f 421 354 422
f 421 422 393
f 421 393 392
f 423 396 267
f 423 267 269
f 423 269 273
f 423 273 356
f 423 356 360
f 423 360 424
f 423 424 397
f 423 397 396
f 425 400 201
f 425 201 203
f 425 203 207
f 425 207 362
f 425 362 366
f 425 366 426
f 425 426 401
f 425 401 400
f 427 404 135
f 427 135 137
f 427 137 141
f 427 141 370
f 427 370 374
f 427 374 428
f 427 428 405
f 427 405 404
f 429 430 431
f 429 431 432
f 429 432 433
f 429 433 434
f 429 434 435
f 429 435 436
f 429 436 437
f 429 437 430
f 438 439 312
f 438 312 311
f 438 311 310
f 438 310 440
f 438 440 441
f 438 441 442
f 438 442 443
f 438 443 439
f 444 445 318
f 444 318 317
f 444 317 316
f 444 316 446
f 444 446 447
f 444 447 448
f 444 448 449
f 444 449 445
f 450 451 360
f 450 360 359
f 450 359 358
f 450 358 452
f 450 452 453
f 450 453 454
f 450 454 455
f 450 455 451
f 456 457 366
f 456 366 365
f 456 365 364
f 456 364 458
f 456 458 459
f 456 459 460
f 456 460 461
f 456 461 457
f 462 463 374
f 462 374 373
f 462 373 372
f 462 372 464
f 462 464 465
f 462 465 466
f 462 466 467
f 462 467 463
f 468 469 340
f 468 340 398
f 468 398 397
f 468 397 470
f 468 470 471
f 468 471 472
f 468 472 473
f 468 473 469
f 474 475 352
f 474 352 402
f 474 402 401
f 474 401 476
f 474 476 477
f 474 477 478
f 474 478 479
f 474 479 475
f 480 481 346
f 480 346 406
f 480 406 405
f 480 405 482
f 480 482 483
f 480 483 484
f 480 484 485
f 480 485 481
f 486 487 385
f 486 385 418
f 486 418 342
f 486 342 488
f 486 488 489
f 486 489 490
f 486 490 491
f 486 491 487
f 492 493 389
f 492 389 420
f 492 420 348
f 492 348 494
f 492 494 495
f 492 495 496
f 492 496 497
f 492 497 493
f 498 499 393
f 498 393 422
f 498 422 354
f 498 354 500
f 498 500 501
f 498 501 502
f 498 502 503
f 498 503 499
f 504 505 324
f 504 324 323
f 504 323 322
f 504 322 506
f 504 506 507
f 504 507 508
f 504 508 433
f 504 433 505
f 509 510 330
f 509 330 329
f 509 329 328
f 509 328 511
f 509 511 512
f 509 512 513
f 509 513 514
f 509 514 510
f 515 516 336
f 515 336 335
f 515 335 334
f 515 334 517
f 515 517 518
f 515 518 519
f 515 519 520
f 515 520 516
f 521 440 310
f 521 310 378
f 521 378 377
f 521 377 522
f 521 522 431
f 521 431 523
f 521 523 441
f 521 441 440
f 524 446 316
f 524 316 382
f 524 382 381
f 524 381 525
f 524 525 526
f 524 526 527
f 524 527 447
f 524 447 446
f 528 452 358
f 528 358 408
f 528 408 300
f 528 300 302
f 528 302 306
f 528 306 529
f 528 529 453
f 528 453 452
f 530 458 364
f 530 364 410
f 530 410 312
f 530 312 439
f 530 439 443
f 530 443 531
f 530 531 459
f 530 459 458
f 532 464 372
f 532 372 412
f 532 412 318
f 532 318 445
f 532 445 449
f 532 449 533
f 532 533 465
f 532 465 464
f 534 470 397
f 534 397 424
f 534 424 360
f 534 360 451
f 534 451 455
f 534 455 535
f 534 535 471
f 534 471 470
f 536 476 401
f 536 401 426
f 536 426 366
f 536 366 457
f 536 457 461
f 536 461 537
f 536 537 477
f 536 477 476
f 538 482 405
f 538 405 428
f 538 428 374
f 538 374 463
f 538 463 467
f 538 467 539
f 538 539 483
f 538 483 482
f 540 488 342
f 540 342 341
f 540 341 340
f 540 340 469
f 540 469 473
f 540 473 541
f 540 541 489
f 540 489 488
f 542 494 348
f 542 348 347
f 542 347 346
f 542 346 481
f 542 481 485
f 542 485 543
f 542 543 495
f 542 495 494
f 544 500 354
f 544 354 353
f 544 353 352
f 544 352 475
f 544 475 479
f 544 479 545
f 544 545 501
f 544 501 500
f 546 506 322
f 546 322 386
f 546 386 385
f 546 385 487
f 546 487 491
f 546 491 547
f 546 547 507
f 546 507 506
f 548 511 328
f 548 328 390
f 548 390 389
f 548 389 493
f 548 493 497
f 548 497 549
f 548 549 512
f 548 512 511
f 550 517 334
f 550 334 394
f 550 394 393
f 550 393 499
f 550 499 503
f 550 503 551
f 550 551 518
f 550 518 517
f 552 522 377
f 552 377 414
f 552 414 324
f 552 324 505
f 552 505 433
f 552 433 432
f 552 432 431
f 552 431 522
f 553 303 298
f 553 298 368
f 553 368 330
f 553 330 510
f 553 510 514
f 553 514 554
f 553 554 304
f 553 304 303
f 555 525 381
f 555 381 416
f 555 416 336
f 555 336 516
f 555 516 520
f 555 520 556
f 555 556 526
f 555 526 525
f 557 558 559
f 557 559 560
f 557 560 561
f 557 561 562
f 557 562 563
f 557 563 564
f 557 564 565
f 557 565 566
f 557 566 567
f 557 567 568
f 557 568 569
f 557 569 570
f 557 570 571
f 557 571 572
f 557 572 573
f 557 573 574
f 557 574 575
f 557 575 576
f 557 576 577
f 557 577 578
f 557 578 579
f 557 579 580
f 557 580 581
f 557 581 582
f 557 582 583
f 557 583 584
f 557 584 585
f 557 585 586
f 557 586 587
f 557 587 588
f 557 588 589
f 557 589 590
f 557 590 591
f 557 591 592
f 557 592 593
f 557 593 594
f 557 594 595
f 557 595 596
f 557 596 597
f 557 597 598
f 557 598 599
f 557 599 600
f 557 600 601
f 557 601 602
f 557 602 437
f 557 437 436
f 557 436 435
f 557 435 603
f 557 603 604
f 557 604 605
f 557 605 606
f 557 606 607
f 557 607 608
f 557 608 609
f 557 609 610
f 557 610 611
f 557 611 612
f 557 612 613
f 557 613 614
f 557 614 615
f 557 615 616
f 557 616 617
f 557 617 618
f 557 618 558
f 619 620 304
f 619 304 554
f 619 554 514
f 619 514 621
f 619 621 561
f 619 561 560
f 619 560 559
f 619 559 620
f 622 623 526
f 622 526 556
f 622 556 520
f 622 520 624
f 622 624 583
f 622 583 582
f 622 582 581
f 622 581 623
f 625 626 306
f 625 306 305
f 625 305 304
f 625 304 620
f 625 620 559
f 625 559 558
f 625 558 618
f 625 618 626
f 627 628 443
f 627 443 442
f 627 442 441
f 627 441 629
f 627 629 601
f 627 601 600
f 627 600 599
f 627 599 628
f 630 631 449
f 630 449 448
f 630 448 447
f 630 447 632
f 630 632 579
f 630 579 578
f 630 578 577
f 630 577 631
f 633 634 455
f 633 455 454
f 633 454 453
f 633 453 635
f 633 635 616
f 633 616 615
f 633 615 614
f 633 614 634
f 636 637 461
f 636 461 460
f 636 460 459
f 636 459 638
f 636 638 597
f 636 597 596
f 636 596 595
f 636 595 637
f 639 640 467
f 639 467 466
f 639 466 465
f 639 465 641
f 639 641 575
f 639 575 574
f 639 574 573
f 639 573 640
f 642 643 473
f 642 473 472
f 642 472 471
f 642 471 644
f 642 644 612
f 642 612 611
f 642 611 610
f 642 610 643
f 645 646 479
f 645 479 478
f 645 478 477
f 645 477 647
f 645 647 593
f 645 593 592
f 645 592 591
f 645 591 646
f 648 649 485
f 648 485 484
f 648 484 483
f 648 483 650
f 648 650 571
f 648 571 570
f 648 570 569
f 648 569 649
f 651 652 491
f 651 491 490
f 651 490 489
f 651 489 653
f 651 653 608
f 651 608 607
f 651 607 606
f 651 606 652
f 654 655 497
f 654 497 496
f 654 496 495
f 654 495 656
f 654 656 567
f 654 567 566
f 654 566 565
f 654 565 655
f 657 658 503
f 657 503 502
f 657 502 501
f 657 501 659
f 657 659 589
f 657 589 588
f 657 588 587
f 657 587 658
f 660 434 433
f 660 433 508
f 660 508 507
f 660 507 661
f 660 661 604
f 660 604 603
f 660 603 435
f 660 435 434
f 662 621 514
f 662 514 513
f 662 513 512
f 662 512 663
f 662 663 563
f 662 563 562
f 662 562 561
f 662 561 621
f 664 624 520
f 664 520 519
f 664 519 518
f 664 518 665
f 664 665 585
f 664 585 584
f 664 584 583
f 664 583 624
f 666 629 441
f 666 441 523
f 666 523 431
f 666 431 430
f 666 430 437
f 666 437 602
f 666 602 601
f 666 601 629
f 667 632 447
f 667 447 527
f 667 527 526
f 667 526 623
f 667 623 581
f 667 581 580
f 667 580 579
f 667 579 632
f 668 635 453
f 668 453 529
f 668 529 306
f 668 306 626
f 668 626 618
f 668 618 617
f 668 617 616
f 668 616 635
f 669 638 459
f 669 459 531
f 669 531 443
f 669 443 628
f 669 628 599
f 669 599 598
f 669 598 597
f 669 597 638
f 670 641 465
f 670 465 533
f 670 533 449
f 670 449 631
f 670 631 577
f 670 577 576
f 670 576 575
f 670 575 641
f 671 644 471
f 671 471 535
f 671 535 455
f 671 455 634
f 671 634 614
f 671 614 613
f 671 613 612
f 671 612 644
f 672 647 477
f 672 477 537
f 672 537 461
f 672 461 637
f 672 637 595
f 672 595 594
f 672 594 593
f 672 593 647
f 673 650 483
f 673 483 539
f 673 539 467
f 673 467 640
f 673 640 573
f 673 573 572
f 673 572 571
f 673 571 650
f 674 653 489
f 674 489 541
f 674 541 473
f 674 473 643
f 674 643 610
f 674 610 609
f 674 609 608
f 674 608 653
f 675 656 495
f 675 495 543
f 675 543 485
f 675 485 649
f 675 649 569
f 675 569 568
f 675 568 567
f 675 567 656
f 676 659 501
f 676 501 545
f 676 545 479
f 676 479 646
f 676 646 591
f 676 591 590
f 676 590 589
f 676 589 659
f 677 661 507
f 677 507 547
f 677 547 491
f 677 491 652
f 677 652 606
f 677 606 605
f 677 605 604
f 677 604 661
f 678 663 512
f 678 512 549
f 678 549 497
f 678 497 655
f 678 655 565
f 678 565 564
f 678 564 563
f 678 563 663
f 679 665 518
f 679 518 551
f 679 551 503
f 679 503 658
f 679 658 587
f 679 587 586
f 679 586 585
f 679 585 665
f 680 681 283
f 680 283 682
f 680 682 683
f 680 683 684
f 680 684 685
f 680 685 686
f 680 686 687
f 680 687 681
f 688 689 199
f 688 199 198
f 688 198 193
f 688 193 690
f 688 690 691
f 688 691 692
f 688 692 693
f 688 693 689
f 694 695 133
f 694 133 132
f 694 132 127
f 694 127 696
f 694 696 697
f 694 697 698
f 694 698 699
f 694 699 695
f 700 701 290
f 700 290 294
f 700 294 277
f 700 277 702
f 700 702 703
f 700 703 704
f 700 704 705
f 700 705 701
f 706 707 217
f 706 217 216
f 706 216 211
f 706 211 708
f 706 708 709
f 706 709 710
f 706 710 711
f 706 711 707
f 712 713 151
f 712 151 150
f 712 150 145
f 712 145 714
f 712 714 715
f 712 715 716
f 712 716 717
f 712 717 713
f 718 719 235
f 718 235 234
f 718 234 229
f 718 229 720
f 718 720 721
f 718 721 722
f 718 722 723
f 718 723 719
f 724 725 169
f 724 169 168
f 724 168 163
f 724 163 726
f 724 726 727
f 724 727 728
f 724 728 729
f 724 729 725
f 730 731 253
f 730 253 252
f 730 252 247
f 730 247 732
f 730 732 733
f 730 733 734
f 730 734 683
f 730 683 731
f 735 736 121
f 735 121 120
f 735 120 115
f 735 115 737
f 735 737 738
f 735 738 739
f 735 739 740
f 735 740 736
f 741 742 187
f 741 187 186
f 741 186 181
f 741 181 743
f 741 743 744
f 741 744 745
f 741 745 746
f 741 746 742
f 747 748 271
f 747 271 270
f 747 270 265
f 747 265 281
f 747 281 285
f 747 285 749
f 747 749 750
f 747 750 748
f 751 752 205
f 751 205 204
f 751 204 199
f 751 199 689
f 751 689 693
f 751 693 753
f 751 753 754
f 751 754 752
f 755 756 139
f 755 139 138
f 755 138 133
f 755 133 695
f 755 695 699
f 755 699 757
f 755 757 758
f 755 758 756
f 759 760 101
f 759 101 291
f 759 291 290
f 759 290 701
f 759 701 705
f 759 705 761
f 759 761 762
f 759 762 760
f 763 764 223
f 763 223 222
f 763 222 217
f 763 217 707
f 763 707 711
f 763 711 765
f 763 765 766
f 763 766 764
f 767 768 157
f 767 157 156
f 767 156 151
f 767 151 713
f 767 713 717
f 767 717 769
f 767 769 770
f 767 770 768
f 771 772 241
f 771 241 240
f 771 240 235
f 771 235 719
f 771 719 723
f 771 723 773
f 771 773 774
f 771 774 772
f 775 776 109
f 775 109 108
f 775 108 103
f 775 103 777
f 775 777 778
f 775 778 779
f 775 779 780
f 775 780 776
f 781 782 175
f 781 175 174
f 781 174 169
f 781 169 725
f 781 725 729
f 781 729 783
f 781 783 784
f 781 784 782
f 785 282 259
f 785 259 258
f 785 258 253
f 785 253 731
f 785 731 683
f 785 683 682
f 785 682 283
f 785 283 282
f 786 696 127
f 786 127 126
f 786 126 121
f 786 121 736
f 786 736 740
f 786 740 787
f 786 787 697
f 786 697 696
f 788 690 193
f 788 193 192
f 788 192 187
f 788 187 742
f 788 742 746
f 788 746 789
f 788 789 691
f 788 691 690
f 790 702 277
f 790 277 276
f 790 276 271
f 790 271 748
f 790 748 750
f 790 750 791
f 790 791 703
f 790 703 702
f 792 708 211
f 792 211 210
f 792 210 205
f 792 205 752
f 792 752 754
f 792 754 793
f 792 793 709
f 792 709 708
f 794 777 103
f 794 103 102
f 794 102 101
f 794 101 760
f 794 760 762
f 794 762 795
f 794 795 778
f 794 778 777
f 796 714 145
f 796 145 144
f 796 144 139
f 796 139 756
f 796 756 758
f 796 758 797
f 796 797 715
f 796 715 714
f 798 720 229
f 798 229 228
f 798 228 223
f 798 223 764
f 798 764 766
f 798 766 799
f 798 799 721
f 798 721 720
f 800 726 163
f 800 163 162
f 800 162 157
f 800 157 768
f 800 768 770
f 800 770 801
f 800 801 727
f 800 727 726
f 802 732 247
f 802 247 246
f 802 246 241
f 802 241 772
f 802 772 774
f 802 774 803
f 802 803 733
f 802 733 732
f 804 737 115
f 804 115 114
f 804 114 109
f 804 109 776
f 804 776 780
f 804 780 805
f 804 805 738
f 804 738 737
f 806 743 181
f 806 181 180
f 806 180 175
f 806 175 782
f 806 782 784
f 806 784 807
f 806 807 744
f 806 744 743
f 808 809 810
f 808 810 811
f 808 811 812
f 808 812 813
f 808 813 814
f 808 814 815
f 808 815 816
f 808 816 809
f 817 818 697
f 817 697 787
f 817 787 740
f 817 740 819
f 817 819 820
f 817 820 821
f 817 821 822
f 817 822 818
f 823 824 691
f 823 691 789
f 823 789 746
f 823 746 825
f 823 825 826
f 823 826 827
f 823 827 828
f 823 828 824
f 829 830 733
f 829 733 803
f 829 803 774
f 829 774 831
f 829 831 832
f 829 832 833
f 829 833 834
f 829 834 830
f 835 836 738
f 835 738 805
f 835 805 780
f 835 780 837
f 835 837 838
f 835 838 839
f 835 839 840
f 835 840 836
f 841 842 744
f 841 744 807
f 841 807 784
f 841 784 843
f 841 843 844
f 841 844 845
f 841 845 846
f 841 846 842
f 847 848 723
f 847 723 722
f 847 722 721
f 847 721 849
f 847 849 850
f 847 850 851
f 847 851 852
f 847 852 848
f 853 854 778
f 853 778 795
f 853 795 762
f 853 762 855
f 853 855 856
f 853 856 857
f 853 857 858
f 853 858 854
f 859 860 729
f 859 729 728
f 859 728 727
f 859 727 861
f 859 861 862
f 859 862 863
f 859 863 864
f 859 864 860
f 865 855 762
f 865 762 761
f 865 761 705
f 865 705 866
f 865 866 867
f 865 867 868
f 865 868 856
f 865 856 855
f 869 870 766
f 869 766 765
f 869 765 711
f 869 711 871
f 869 871 872
f 869 872 873
f 869 873 874
f 869 874 870
f 875 876 770
f 875 770 769
f 875 769 717
f 875 717 877
f 875 877 878
f 875 878 879
f 875 879 880
f 875 880 876
f 881 882 703
f 881 703 791
f 881 791 750
f 881 750 883
f 881 883 810
f 881 810 884
f 881 884 885
f 881 885 882
f 886 887 709
f 886 709 793
f 886 793 754
f 886 754 888
f 886 888 889
f 886 889 890
f 886 890 891
f 886 891 887
f 892 893 715
f 892 715 797
f 892 797 758
f 892 758 894
f 892 894 895
f 892 895 896
f 892 896 897
f 892 897 893
f 898 899 285
f 898 285 284
f 898 284 283
f 898 283 681
f 898 681 687
f 898 687 900
f 898 900 812
f 898 812 899
f 901 902 693
f 901 693 692
f 901 692 691
f 901 691 824
f 901 824 828
f 901 828 903
f 901 903 904
f 901 904 902
f 905 906 699
f 905 699 698
f 905 698 697
f 905 697 818
f 905 818 822
f 905 822 907
f 905 907 908
f 905 908 906
f 909 684 683
f 909 683 734
f 909 734 733
f 909 733 830
f 909 830 834
f 909 834 910
f 909 910 685
f 909 685 684
f 911 819 740
f 911 740 739
f 911 739 738
f 911 738 836
f 911 836 840
f 911 840 912
f 911 912 820
f 911 820 819
f 913 825 746
f 913 746 745
f 913 745 744
f 913 744 842
f 913 842 846
f 913 846 914
f 913 914 826
f 913 826 825
f 915 831 774
f 915 774 773
f 915 773 723
f 915 723 848
f 915 848 852
f 915 852 916
f 915 916 832
f 915 832 831
f 917 837 780
f 917 780 779
f 917 779 778
f 917 778 854
f 917 854 858
f 917 858 918
f 917 918 838
f 917 838 837
f 919 843 784
f 919 784 783
f 919 783 729
f 919 729 860
f 919 860 864
f 919 864 920
f 919 920 844
f 919 844 843
f 921 849 721
f 921 721 799
f 921 799 766
f 921 766 870
f 921 870 874
f 921 874 922
f 921 922 850
f 921 850 849
f 923 861 727
f 923 727 801
f 923 801 770
f 923 770 876
f 923 876 880
f 923 880 924
f 923 924 862
f 923 862 861
f 925 866 705
f 925 705 704
f 925 704 703
f 925 703 882
f 925 882 885
f 925 885 926
f 925 926 867
f 925 867 866
f 927 871 711
f 927 711 710
f 927 710 709
f 927 709 887
f 927 887 891
f 927 891 928
f 927 928 872
f 927 872 871
f 929 877 717
f 929 717 716
f 929 716 715
f 929 715 893
f 929 893 897
f 929 897 930
f 929 930 878
f 929 878 877
f 931 883 750
f 931 750 749
f 931 749 285
f 931 285 899
f 931 899 812
f 931 812 811
f 931 811 810
f 931 810 883
f 932 888 754
f 932 754 753
f 932 753 693
f 932 693 902
f 932 902 904
f 932 904 933
f 932 933 889
f 932 889 888
f 934 894 758
f 934 758 757
f 934 757 699
f 934 699 906
f 934 906 908
f 934 908 935
f 934 935 895
f 934 895 894
f 936 937 938
f 936 938 939
f 936 939 940
f 936 940 941
f 936 941 942
f 936 942 943
f 936 943 944
f 936 944 937
f 945 946 889
f 945 889 933
f 945 933 904
f 945 904 947
f 945 947 948
f 945 948 949
f 945 949 950
f 945 950 946
f 951 952 895
f 951 895 935
f 951 935 908
f 951 908 953
f 951 953 954
f 951 954 955
f 951 955 956
f 951 956 952
f 957 958 687
f 957 687 686
f 957 686 685
f 957 685 959
f 957 959 960
f 957 960 961
f 957 961 962
f 957 962 958
f 963 964 822
f 963 822 821
f 963 821 820
f 963 820 965
f 963 965 966
f 963 966 967
f 963 967 968
f 963 968 964
f 969 970 828
f 969 828 827
f 969 827 826
f 969 826 971
f 969 971 972
f 969 972 973
f 969 973 974
f 969 974 970
f 975 976 834
f 975 834 833
f 975 833 832
f 975 832 977
f 975 977 978
f 975 978 979
f 975 979 980
f 975 980 976
f 981 982 840
f 981 840 839
f 981 839 838
f 981 838 983
f 981 983 984
f 981 984 985
f 981 985 986
f 981 986 982
f 987 988 846
f 987 846 845
f 987 845 844
f 987 844 989
f 987 989 990
f 987 990 991
f 987 991 992
f 987 992 988
f 993 994 852
f 993 852 851
f 993 851 850
f 993 850 995
f 993 995 996
f 993 996 997
f 993 997 998
f 993 998 994
f 999 1000 858
f 999 858 857
f 999 857 856
f 999 856 1001
f 999 1001 1002
f 999 1002 1003
f 999 1003 1004
f 999 1004 1000
f 1005 1006 864
f 1005 864 863
f 1005 863 862
f 1005 862 1007
f 1005 1007 1008
f 1005 1008 1009
f 1005 1009 1010
f 1005 1010 1006
f 1011 1001 856
f 1011 856 868
f 1011 868 867
f 1011 867 1012
f 1011 1012 938
f 1011 938 1013
f 1011 1013 1002
f 1011 1002 1001
f 1014 1015 874
f 1014 874 873
f 1014 873 872
f 1014 872 1016
f 1014 1016 1017
f 1014 1017 1018
f 1014 1018 1019
f 1014 1019 1015
f 1020 1021 880
f 1020 880 879
f 1020 879 878
f 1020 878 1022
f 1020 1022 1023
f 1020 1023 1024
f 1020 1024 1025
f 1020 1025 1021
f 1026 1027 885
f 1026 885 884
f 1026 884 810
f 1026 810 809
f 1026 809 816
f 1026 816 1028
f 1026 1028 940
f 1026 940 1027
f 1029 1030 891
f 1029 891 890
f 1029 890 889
f 1029 889 946
f 1029 946 950
f 1029 950 1031
f 1029 1031 1032
f 1029 1032 1030
f 1033 1034 897
f 1033 897 896
f 1033 896 895
f 1033 895 952
f 1033 952 956
f 1033 956 1035
f 1033 1035 1036
f 1033 1036 1034
f 1037 813 812
f 1037 812 900
f 1037 900 687
f 1037 687 958
f 1037 958 962
f 1037 962 1038
f 1037 1038 814
f 1037 814 813
f 1039 947 904
f 1039 904 903
f 1039 903 828
f 1039 828 970
f 1039 970 974
f 1039 974 1040
f 1039 1040 948
f 1039 948 947
f 1041 953 908
f 1041 908 907
f 1041 907 822
f 1041 822 964
f 1041 964 968
f 1041 968 1042
f 1041 1042 954
f 1041 954 953
f 1043 959 685
f 1043 685 910
f 1043 910 834
f 1043 834 976
f 1043 976 980
f 1043 980 1044
f 1043 1044 960
f 1043 960 959
f 1045 965 820
f 1045 820 912
f 1045 912 840
f 1045 840 982
f 1045 982 986
f 1045 986 1046
f 1045 1046 966
f 1045 966 965
f 1047 971 826
f 1047 826 914
f 1047 914 846
f 1047 846 988
f 1047 988 992
f 1047 992 1048
f 1047 1048 972
f 1047 972 971
f 1049 977 832
f 1049 832 916
f 1049 916 852
f 1049 852 994
f 1049 994 998
f 1049 998 1050
f 1049 1050 978
f 1049 978 977
f 1051 983 838
f 1051 838 918
f 1051 918 858
f 1051 858 1000
f 1051 1000 1004
f 1051 1004 1052
f 1051 1052 984
f 1051 984 983
f 1053 989 844
f 1053 844 920
f 1053 920 864
f 1053 864 1006
f 1053 1006 1010
f 1053 1010 1054
f 1053 1054 990
f 1053 990 989
f 1055 995 850
f 1055 850 922
f 1055 922 874
f 1055 874 1015
f 1055 1015 1019
f 1055 1019 1056
f 1055 1056 996
f 1055 996 995
f 1057 1007 862
f 1057 862 924
f 1057 924 880
f 1057 880 1021
f 1057 1021 1025
f 1057 1025 1058
f 1057 1058 1008
f 1057 1008 1007
f 1059 1012 867
f 1059 867 926
f 1059 926 885
f 1059 885 1027
f 1059 1027 940
f 1059 940 939
f 1059 939 938
f 1059 938 1012
f 1060 1016 872
f 1060 872 928
f 1060 928 891
f 1060 891 1030
f 1060 1030 1032
f 1060 1032 1061
f 1060 1061 1017
f 1060 1017 1016
f 1062 1022 878
f 1062 878 930
f 1062 930 897
f 1062 897 1034
f 1062 1034 1036
f 1062 1036 1063
f 1062 1063 1023
f 1062 1023 1022
f 1064 1065 1066
f 1064 1066 1067
f 1064 1067 1068
f 1064 1068 1069
f 1064 1069 1070
f 1064 1070 1071
f 1064 1071 1072
f 1064 1072 1065
f 1073 1074 1017
f 1073 1017 1061
f 1073 1061 1032
f 1073 1032 1075
f 1073 1075 1076
f 1073 1076 1077
f 1073 1077 1078
f 1073 1078 1074
f 1079 1080 1023
f 1079 1023 1063
f 1079 1063 1036
f 1079 1036 1081
f 1079 1081 1082
f 1079 1082 1083
f 1079 1083 1084
f 1079 1084 1080
f 1085 1086 816
f 1085 816 815
f 1085 815 814
f 1085 814 1087
f 1085 1087 1088
f 1085 1088 1089
f 1085 1089 1090
f 1085 1090 1086
f 1091 1092 950
f 1091 950 949
f 1091 949 948
f 1091 948 1093
f 1091 1093 1094
f 1091 1094 1095
f 1091 1095 1096
f 1091 1096 1092
f 1097 1098 956
f 1097 956 955
f 1097 955 954
f 1097 954 1099
f 1097 1099 1100
f 1097 1100 1101
f 1097 1101 1102
f 1097 1102 1098
f 1103 1104 962
f 1103 962 961
f 1103 961 960
f 1103 960 1105
f 1103 1105 1106
f 1103 1106 1107
f 1103 1107 1108
f 1103 1108 1104
f 1109 1110 968
f 1109 968 967
f 1109 967 966
f 1109 966 1111
f 1109 1111 1112
f 1109 1112 1113
f 1109 1113 1114
f 1109 1114 1110
f 1115 1116 974
f 1115 974 973
f 1115 973 972
f 1115 972 1117
f 1115 1117 1118
f 1115 1118 1119
f 1115 1119 1120
f 1115 1120 1116
f 1121 1122 980
f 1121 980 979
f 1121 979 978
f 1121 978 1123
f 1121 1123 1124
f 1121 1124 1125
f 1121 1125 1126
f 1121 1126 1122
f 1127 1128 986
f 1127 986 985
f 1127 985 984
f 1127 984 1129
f 1127 1129 1130
f 1127 1130 1131
f 1127 1131 1132
f 1127 1132 1128
f 1133 1134 992
f 1133 992 991
f 1133 991 990
f 1133 990 1135
f 1133 1135 1136
f 1133 1136 1137
f 1133 1137 1138
f 1133 1138 1134
f 1139 1140 998
f 1139 998 997
f 1139 997 996
f 1139 996 1141
f 1139 1141 1066
f 1139 1066 1142
f 1139 1142 1143
f 1139 1143 1140
f 1144 1145 1004
f 1144 1004 1003
f 1144 1003 1002
f 1144 1002 1146
f 1144 1146 1147
f 1144 1147 1148
f 1144 1148 1149
f 1144 1149 1145
f 1150 1151 1010
f 1150 1010 1009
f 1150 1009 1008
f 1150 1008 1152
f 1150 1152 1153
f 1150 1153 1154
f 1150 1154 1155
f 1150 1155 1151
f 1156 1146 1002
f 1156 1002 1013
f 1156 1013 938
f 1156 938 937
f 1156 937 944
f 1156 944 1157
f 1156 1157 1147
f 1156 1147 1146
f 1158 1159 1019
f 1158 1019 1018
f 1158 1018 1017
f 1158 1017 1074
f 1158 1074 1078
f 1158 1078 1160
f 1158 1160 1068
f 1158 1068 1159
f 1161 1162 1025
f 1161 1025 1024
f 1161 1024 1023
f 1161 1023 1080
f 1161 1080 1084
f 1161 1084 1163
f 1161 1163 1164
f 1161 1164 1162
f 1165 941 940
f 1165 940 1028
f 1165 1028 816
f 1165 816 1086
f 1165 1086 1090
f 1165 1090 1166
f 1165 1166 942
f 1165 942 941
f 1167 1075 1032
f 1167 1032 1031
f 1167 1031 950
f 1167 950 1092
f 1167 1092 1096
f 1167 1096 1168
f 1167 1168 1076
f 1167 1076 1075
f 1169 1081 1036
f 1169 1036 1035
f 1169 1035 956
f 1169 956 1098
f 1169 1098 1102
f 1169 1102 1170
f 1169 1170 1082
f 1169 1082 1081
f 1171 1087 814
f 1171 814 1038
f 1171 1038 962
f 1171 962 1104
f 1171 1104 1108
f 1171 1108 1172
f 1171 1172 1088
f 1171 1088 1087
f 1173 1093 948
f 1173 948 1040
f 1173 1040 974
f 1173 974 1116
f 1173 1116 1120
f 1173 1120 1174
f 1173 1174 1094
f 1173 1094 1093
f 1175 1099 954
f 1175 954 1042
f 1175 1042 968
f 1175 968 1110
f 1175 1110 1114
f 1175 1114 1176
f 1175 1176 1100
f 1175 1100 1099
f 1177 1105 960
f 1177 960 1044
f 1177 1044 980
f 1177 980 1122
f 1177 1122 1126
f 1177 1126 1178
f 1177 1178 1106
f 1177 1106 1105
f 1179 1111 966
f 1179 966 1046
f 1179 1046 986
f 1179 986 1128
f 1179 1128 1132
f 1179 1132 1180
f 1179 1180 1112
f 1179 1112 1111
f 1181 1117 972
f 1181 972 1048
f 1181 1048 992
f 1181 992 1134
f 1181 1134 1138
f 1181 1138 1182
f 1181 1182 1118
f 1181 1118 1117
f 1183 1123 978
f 1183 978 1050
f 1183 1050 998
f 1183 998 1140
f 1183 1140 1143
f 1183 1143 1184
f 1183 1184 1124
f 1183 1124 1123
f 1185 1129 984
f 1185 984 1052
f 1185 1052 1004
f 1185 1004 1145
f 1185 1145 1149
f 1185 1149 1186
f 1185 1186 1130
f 1185 1130 1129
f 1187 1135 990
f 1187 990 1054
f 1187 1054 1010
f 1187 1010 1151
f 1187 1151 1155
f 1187 1155 1188
f 1187 1188 1136
f 1187 1136 1135
f 1189 1141 996
f 1189 996 1056
f 1189 1056 1019
f 1189 1019 1159
f 1189 1159 1068
f 1189 1068 1067
f 1189 1067 1066
f 1189 1066 1141
f 1190 1152 1008
f 1190 1008 1058
f 1190 1058 1025
f 1190 1025 1162
f 1190 1162 1164
f 1190 1164 1191
f 1190 1191 1153
f 1190 1153 1152
f 1192 1193 1194
f 1192 1194 1195
f 1192 1195 1196
f 1192 1196 1197
f 1192 1197 1198
f 1192 1198 1199
f 1192 1199 1200
f 1192 1200 1193
f 1201 1202 1153
f 1201 1153 1191
f 1201 1191 1164
f 1201 1164 1203
f 1201 1203 1204
f 1201 1204 1205
f 1201 1205 1206
f 1201 1206 1202
f 1207 1208 944
f 1207 944 943
f 1207 943 942
f 1207 942 1209
f 1207 1209 1210
f 1207 1210 1211
f 1207 1211 1212
f 1207 1212 1208
f 1213 1214 1078
f 1213 1078 1077
f 1213 1077 1076
f 1213 1076 1215
f 1213 1215 1216
f 1213 1216 1217
f 1213 1217 1218
f 1213 1218 1214
f 1219 1220 1084
f 1219 1084 1083
f 1219 1083 1082
f 1219 1082 1221
f 1219 1221 1222
f 1219 1222 1223
f 1219 1223 1224
f 1219 1224 1220
f 1225 1226 1090
f 1225 1090 1089
f 1225 1089 1088
f 1225 1088 1227
f 1225 1227 1228
f 1225 1228 1229
f 1225 1229 1230
f 1225 1230 1226
f 1231 1232 1096
f 1231 1096 1095
f 1231 1095 1094
f 1231 1094 1233
f 1231 1233 1234
f 1231 1234 1235
f 1231 1235 1236
f 1231 1236 1232
f 1237 1238 1102
f 1237 1102 1101
f 1237 1101 1100
f 1237 1100 1239
f 1237 1239 1240
f 1237 1240 1241
f 1237 1241 1242
f 1237 1242 1238
f 1243 1244 1108
f 1243 1108 1107
f 1243 1107 1106
f 1243 1106 1245
f 1243 1245 1246
f 1243 1246 1247
f 1243 1247 1248
f 1243 1248 1244
f 1249 1250 1114
f 1249 1114 1113
f 1249 1113 1112
f 1249 1112 1251
f 1249 1251 1252
f 1249 1252 1253
f 1249 1253 1254
f 1249 1254 1250
f 1255 1256 1120
f 1255 1120 1119
f 1255 1119 1118
f 1255 1118 1257
f 1255 1257 1258
f 1255 1258 1259
f 1255 1259 1260
f 1255 1260 1256
f 1261 1262 1126
f 1261 1126 1125
f 1261 1125 1124
f 1261 1124 1263
f 1261 1263 1194
f 1261 1194 1264
f 1261 1264 1265
f 1261 1265 1262
f 1266 1267 1132
f 1266 1132 1131
f 1266 1131 1130
f 1266 1130 1268
f 1266 1268 1269
f 1266 1269 1270
f 1266 1270 1271
f 1266 1271 1267
f 1272 1273 1138
f 1272 1138 1137
f 1272 1137 1136
f 1272 1136 1274
f 1272 1274 1275
f 1272 1275 1276
f 1272 1276 1277
f 1272 1277 1273
f 1278 1279 1143
f 1278 1143 1142
f 1278 1142 1066
f 1278 1066 1065
f 1278 1065 1072
f 1278 1072 1280
f 1278 1280 1196
f 1278 1196 1279
f 1281 1282 1149
f 1281 1149 1148
f 1281 1148 1147
f 1281 1147 1283
f 1281 1283 1284
f 1281 1284 1285
f 1281 1285 1286
f 1281 1286 1282
f 1287 1288 1155
f 1287 1155 1154
f 1287 1154 1153
f 1287 1153 1202
f 1287 1202 1206
f 1287 1206 1289
f 1287 1289 1290
f 1287 1290 1288
f 1291 1283 1147
f 1291 1147 1157
f 1291 1157 944
f 1291 944 1208
f 1291 1208 1212
f 1291 1212 1292
f 1291 1292 1284
f 1291 1284 1283
f 1293 1069 1068
f 1293 1068 1160
f 1293 1160 1078
f 1293 1078 1214
f 1293 1214 1218
f 1293 1218 1294
f 1293 1294 1070
f 1293 1070 1069
f 1295 1203 1164
f 1295 1164 1163
f 1295 1163 1084
f 1295 1084 1220
f 1295 1220 1224
f 1295 1224 1296
f 1295 1296 1204
f 1295 1204 1203
f 1297 1209 942
f 1297 942 1166
f 1297 1166 1090
f 1297 1090 1226
f 1297 1226 1230
f 1297 1230 1298
f 1297 1298 1210
f 1297 1210 1209
f 1299 1215 1076
f 1299 1076 1168
f 1299 1168 1096
f 1299 1096 1232
f 1299 1232 1236
f 1299 1236 1300
f 1299 1300 1216
f 1299 1216 1215
f 1301 1221 1082
f 1301 1082 1170
f 1301 1170 1102
f 1301 1102 1238
f 1301 1238 1242
f 1301 1242 1302
f 1301 1302 1222
f 1301 1222 1221
f 1303 1227 1088
f 1303 1088 1172
f 1303 1172 1108
f 1303 1108 1244
f 1303 1244 1248
f 1303 1248 1304
f 1303 1304 1228
f 1303 1228 1227
f 1305 1233 1094
f 1305 1094 1174
f 1305 1174 1120
f 1305 1120 1256
f 1305 1256 1260
f 1305 1260 1306
f 1305 1306 1234
f 1305 1234 1233
f 1307 1239 1100
f 1307 1100 1176
f 1307 1176 1114
f 1307 1114 1250
f 1307 1250 1254
f 1307 1254 1308
f 1307 1308 1240
f 1307 1240 1239
f 1309 1245 1106
f 1309 1106 1178
f 1309 1178 1126
f 1309 1126 1262
f 1309 1262 1265
f 1309 1265 1310
f 1309 1310 1246
f 1309 1246 1245
f 1311 1251 1112
f 1311 1112 1180
f 1311 1180 1132
f 1311 1132 1267
f 1311 1267 1271
f 1311 1271 1312
f 1311 1312 1252
f 1311 1252 1251
f 1313 1257 1118
f 1313 1118 1182
f 1313 1182 1138
f 1313 1138 1273
f 1313 1273 1277
f 1313 1277 1314
f 1313 1314 1258
f 1313 1258 1257
f 1315 1263 1124
f 1315 1124 1184
f 1315 1184 1143
f 1315 1143 1279
f 1315 1279 1196
f 1315 1196 1195
f 1315 1195 1194
f 1315 1194 1263
f 1316 1268 1130
f 1316 1130 1186
f 1316 1186 1149
f 1316 1149 1282
f 1316 1282 1286
f 1316 1286 1317
f 1316 1317 1269
f 1316 1269 1268
f 1318 1274 1136
f 1318 1136 1188
f 1318 1188 1155
f 1318 1155 1288
f 1318 1288 1290
f 1318 1290 1319
f 1318 1319 1275
f 1318 1275 1274
f 1320 1321 1322
f 1320 1322 1323
f 1320 1323 1324
f 1320 1324 1325
f 1320 1325 1326
f 1320 1326 1327
f 1320 1327 1328
f 1320 1328 1321
f 1329 1330 1269
f 1329 1269 1317
f 1329 1317 1286
f 1329 1286 1331
f 1329 1331 1332
f 1329 1332 1333
f 1329 1333 1334
f 1329 1334 1330
f 1335 1336 1275
f 1335 1275 1319
f 1335 1319 1290
f 1335 1290 1337
f 1335 1337 1338
f 1335 1338 1339
f 1335 1339 1340
f 1335 1340 1336
f 1341 1342 1072
f 1341 1072 1071
f 1341 1071 1070
f 1341 1070 1343
f 1341 1343 1344
f 1341 1344 1345
f 1341 1345 1346
f 1341 1346 1342
f 1347 1348 1206
f 1347 1206 1205
f 1347 1205 1204
f 1347 1204 1349
f 1347 1349 1350
f 1347 1350 1351
f 1347 1351 1352
f 1347 1352 1348
f 1353 1354 1212
f 1353 1212 1211
f 1353 1211 1210
f 1353 1210 1355
f 1353 1355 1356
f 1353 1356 1357
f 1353 1357 1358
f 1353 1358 1354
f 1359 1360 1218
f 1359 1218 1217
f 1359 1217 1216
f 1359 1216 1361
f 1359 1361 1362
f 1359 1362 1363
f 1359 1363 1364
f 1359 1364 1360
f 1365 1366 1224
f 1365 1224 1223
f 1365 1223 1222
f 1365 1222 1367
f 1365 1367 1368
f 1365 1368 1369
f 1365 1369 1370
f 1365 1370 1366
f 1371 1372 1230
f 1371 1230 1229
f 1371 1229 1228
f 1371 1228 1373
f 1371 1373 1374
f 1371 1374 1375
f 1371 1375 1376
f 1371 1376 1372
f 1377 1378 1236
f 1377 1236 1235
f 1377 1235 1234
f 1377 1234 1379
f 1377 1379 1380
f 1377 1380 1381
f 1377 1381 1382
f 1377 1382 1378
f 1383 1384 1242
f 1383 1242 1241
f 1383 1241 1240
f 1383 1240 1385
f 1383 1385 1386
f 1383 1386 1387
f 1383 1387 1388
f 1383 1388 1384
f 1389 1390 1248
f 1389 1248 1247
f 1389 1247 1246
f 1389 1246 1391
f 1389 1391 1322
f 1389 1322 1392
f 1389 1392 1393
f 1389 1393 1390
f 1394 1395 1254
f 1394 1254 1253
f 1394 1253 1252
f 1394 1252 1396
f 1394 1396 1397
f 1394 1397 1398
f 1394 1398 1399
f 1394 1399 1395
f 1400 1401 1260
f 1400 1260 1259
f 1400 1259 1258
f 1400 1258 1402
f 1400 1402 1403
f 1400 1403 1404
f 1400 1404 1405
f 1400 1405 1401
f 1406 1407 1265
f 1406 1265 1264
f 1406 1264 1194
f 1406 1194 1193
f 1406 1193 1200
f 1406 1200 1408
f 1406 1408 1324
f 1406 1324 1407
f 1409 1410 1271
f 1409 1271 1270
f 1409 1270 1269
f 1409 1269 1330
f 1409 1330 1334
f 1409 1334 1411
f 1409 1411 1412
f 1409 1412 1410
f 1413 1414 1277
f 1413 1277 1276
f 1413 1276 1275
f 1413 1275 1336
f 1413 1336 1340
f 1413 1340 1415
f 1413 1415 1416
f 1413 1416 1414
f 1417 1197 1196
f 1417 1196 1280
f 1417 1280 1072
f 1417 1072 1342
f 1417 1342 1346
f 1417 1346 1418
f 1417 1418 1198
f 1417 1198 1197
f 1419 1331 1286
f 1419 1286 1285
f 1419 1285 1284
f 1419 1284 1420
f 1419 1420 1421
f 1419 1421 1422
f 1419 1422 1332
f 1419 1332 1331
f 1423 1337 1290
f 1423 1290 1289
f 1423 1289 1206
f 1423 1206 1348
f 1423 1348 1352
f 1423 1352 1424
f 1423 1424 1338
f 1423 1338 1337
f 1425 1420 1284
f 1425 1284 1292
f 1425 1292 1212
f 1425 1212 1354
f 1425 1354 1358
f 1425 1358 1426
f 1425 1426 1421
f 1425 1421 1420
f 1427 1343 1070
f 1427 1070 1294
f 1427 1294 1218
f 1427 1218 1360
f 1427 1360 1364
f 1427 1364 1428
f 1427 1428 1344
f 1427 1344 1343
f 1429 1349 1204
f 1429 1204 1296
f 1429 1296 1224
f 1429 1224 1366
f 1429 1366 1370
f 1429 1370 1430
f 1429 1430 1350
f 1429 1350 1349
f 1431 1355 1210
f 1431 1210 1298
f 1431 1298 1230
f 1431 1230 1372
f 1431 1372 1376
f 1431 1376 1432
f 1431 1432 1356
f 1431 1356 1355
f 1433 1361 1216
f 1433 1216 1300
f 1433 1300 1236
f 1433 1236 1378
f 1433 1378 1382
f 1433 1382 1434
f 1433 1434 1362
f 1433 1362 1361
f 1435 1367 1222
f 1435 1222 1302
f 1435 1302 1242
f 1435 1242 1384
f 1435 1384 1388
f 1435 1388 1436
f 1435 1436 1368
f 1435 1368 1367
f 1437 1373 1228
f 1437 1228 1304
f 1437 1304 1248
f 1437 1248 1390
f 1437 1390 1393
f 1437 1393 1438
f 1437 1438 1374
f 1437 1374 1373
f 1439 1379 1234
f 1439 1234 1306
f 1439 1306 1260
f 1439 1260 1401
f 1439 1401 1405
f 1439 1405 1440
f 1439 1440 1380
f 1439 1380 1379
f 1441 1385 1240
f 1441 1240 1308
f 1441 1308 1254
f 1441 1254 1395
f 1441 1395 1399
f 1441 1399 1442
f 1441 1442 1386
f 1441 1386 1385
f 1443 1391 1246
f 1443 1246 1310
f 1443 1310 1265
f 1443 1265 1407
f 1443 1407 1324
f 1443 1324 1323
f 1443 1323 1322
f 1443 1322 1391
f 1444 1396 1252
f 1444 1252 1312
f 1444 1312 1271
f 1444 1271 1410
f 1444 1410 1412
f 1444 1412 1445
f 1444 1445 1397
f 1444 1397 1396
f 1446 1402 1258
f 1446 1258 1314
f 1446 1314 1277
f 1446 1277 1414
f 1446 1414 1416
f 1446 1416 1447
f 1446 1447 1403
f 1446 1403 1402
f 1448 1449 1450
f 1448 1450 1451
f 1448 1451 1452
f 1448 1452 1453
f 1448 1453 1454
f 1448 1454 1455
f 1448 1455 1456
f 1448 1456 1449
f 1457 1458 1397
f 1457 1397 1445
f 1457 1445 1412
f 1457 1412 1459
f 1457 1459 1460
f 1457 1460 1461
f 1457 1461 1462
f 1457 1462 1458
f 1463 1464 1403
f 1463 1403 1447
f 1463 1447 1416
f 1463 1416 1465
f 1463 1465 1466
f 1463 1466 1467
f 1463 1467 1468
f 1463 1468 1464
f 1469 1470 1200
f 1469 1200 1199
f 1469 1199 1198
f 1469 1198 1471
f 1469 1471 1472
f 1469 1472 1473
f 1469 1473 1474
f 1469 1474 1470
f 1475 1476 1334
f 1475 1334 1333
f 1475 1333 1332
f 1475 1332 1477
f 1475 1477 1478
f 1475 1478 1479
f 1475 1479 1480
f 1475 1480 1476
f 1481 1482 1340
f 1481 1340 1339
f 1481 1339 1338
f 1481 1338 1483
f 1481 1483 1484
f 1481 1484 1485
f 1481 1485 1486
f 1481 1486 1482
f 1487 1488 1346
f 1487 1346 1345
f 1487 1345 1344
f 1487 1344 1489
f 1487 1489 1490
f 1487 1490 1491
f 1487 1491 1492
f 1487 1492 1488
f 1493 1494 1352
f 1493 1352 1351
f 1493 1351 1350
f 1493 1350 1495
f 1493 1495 1496
f 1493 1496 1497
f 1493 1497 1498
f 1493 1498 1494
f 1499 1500 1358
f 1499 1358 1357
f 1499 1357 1356
f 1499 1356 1501
f 1499 1501 1502
f 1499 1502 1503
f 1499 1503 1504
f 1499 1504 1500
f 1505 1506 1364
f 1505 1364 1363
f 1505 1363 1362
f 1505 1362 1507
f 1505 1507 1508
f 1505 1508 1509
f 1505 1509 1510
f 1505 1510 1506
f 1511 1512 1370
f 1511 1370 1369
f 1511 1369 1368
f 1511 1368 1513
f 1511 1513 1514
f 1511 1514 1515
f 1511 1515 1516
f 1511 1516 1512
f 1517 1518 1376
f 1517 1376 1375
f 1517 1375 1374
f 1517 1374 1519
f 1517 1519 1450
f 1517 1450 1520
f 1517 1520 1521
f 1517 1521 1518
f 1522 1523 1382
f 1522 1382 1381
f 1522 1381 1380
f 1522 1380 1524
f 1522 1524 1525
f 1522 1525 1526
f 1522 1526 1527
f 1522 1527 1523
f 1528 1529 1388
f 1528 1388 1387
f 1528 1387 1386
f 1528 1386 1530
f 1528 1530 1531
f 1528 1531 1532
f 1528 1532 1533
f 1528 1533 1529
f 1534 1535 1393
f 1534 1393 1392
f 1534 1392 1322
f 1534 1322 1321
f 1534 1321 1328
f 1534 1328 1536
f 1534 1536 1452
f 1534 1452 1535
f 1537 1538 1399
f 1537 1399 1398
f 1537 1398 1397
f 1537 1397 1458
f 1537 1458 1462
f 1537 1462 1539
f 1537 1539 1540
f 1537 1540 1538
f 1541 1542 1405
f 1541 1405 1404
f 1541 1404 1403
f 1541 1403 1464
f 1541 1464 1468
f 1541 1468 1543
f 1541 1543 1544
f 1541 1544 1542
f 1545 1325 1324
f 1545 1324 1408
f 1545 1408 1200
f 1545 1200 1470
f 1545 1470 1474
f 1545 1474 1546
f 1545 1546 1326
f 1545 1326 1325
f 1547 1459 1412
f 1547 1412 1411
f 1547 1411 1334
f 1547 1334 1476
f 1547 1476 1480
f 1547 1480 1548
f 1547 1548 1460
f 1547 1460 1459
f 1549 1465 1416
f 1549 1416 1415
f 1549 1415 1340
f 1549 1340 1482
f 1549 1482 1486
f 1549 1486 1550
f 1549 1550 1466
f 1549 1466 1465
f 1551 1471 1198
f 1551 1198 1418
f 1551 1418 1346
f 1551 1346 1488
f 1551 1488 1492
f 1551 1492 1552
f 1551 1552 1472
f 1551 1472 1471
f 1553 1477 1332
f 1553 1332 1422
f 1553 1422 1421
f 1553 1421 1554
f 1553 1554 1555
f 1553 1555 1556
f 1553 1556 1478
f 1553 1478 1477
f 1557 1483 1338
f 1557 1338 1424
f 1557 1424 1352
f 1557 1352 1494
f 1557 1494 1498
f 1557 1498 1558
f 1557 1558 1484
f 1557 1484 1483
f 1559 1554 1421
f 1559 1421 1426
f 1559 1426 1358
f 1559 1358 1500
f 1559 1500 1504
f 1559 1504 1560
f 1559 1560 1555
f 1559 1555 1554
f 1561 1489 1344
f 1561 1344 1428
f 1561 1428 1364
f 1561 1364 1506
f 1561 1506 1510
f 1561 1510 1562
f 1561 1562 1490
f 1561 1490 1489
f 1563 1495 1350
f 1563 1350 1430
f 1563 1430 1370
f 1563 1370 1512
f 1563 1512 1516
f 1563 1516 1564
f 1563 1564 1496
f 1563 1496 1495
f 1565 1501 1356
f 1565 1356 1432
f 1565 1432 1376
f 1565 1376 1518
f 1565 1518 1521
f 1565 1521 1566
f 1565 1566 1502
f 1565 1502 1501
f 1567 1507 1362
f 1567 1362 1434
f 1567 1434 1382
f 1567 1382 1523
f 1567 1523 1527
f 1567 1527 1568
f 1567 1568 1508
f 1567 1508 1507
f 1569 1513 1368
f 1569 1368 1436
f 1569 1436 1388
f 1569 1388 1529
f 1569 1529 1533
f 1569 1533 1570
f 1569 1570 1514
f 1569 1514 1513
f 1571 1519 1374
f 1571 1374 1438
f 1571 1438 1393
f 1571 1393 1535
f 1571 1535 1452
f 1571 1452 1451
f 1571 1451 1450
f 1571 1450 1519
f 1572 1524 1380
f 1572 1380 1440
f 1572 1440 1405
f 1572 1405 1542
f 1572 1542 1544
f 1572 1544 1573
f 1572 1573 1525
f 1572 1525 1524
f 1574 1530 1386
f 1574 1386 1442
f 1574 1442 1399
f 1574 1399 1538
f 1574 1538 1540
f 1574 1540 1575
f 1574 1575 1531
f 1574 1531 1530
f 1576 1577 1578
f 1576 1578 1579
f 1576 1579 1580
f 1576 1580 1581
f 1576 1581 1582
f 1576 1582 1583
f 1576 1583 1584
f 1576 1584 1577
f 1585 1586 1525
f 1585 1525 1573
f 1585 1573 1544
f 1585 1544 1587
f 1585 1587 1588
f 1585 1588 1589
f 1585 1589 1590
f 1585 1590 1586
f 1591 1592 1531
f 1591 1531 1575
f 1591 1575 1540
f 1591 1540 1593
f 1591 1593 1594
f 1591 1594 1595
f 1591 1595 1596
f 1591 1596 1592
f 1597 1598 1328
f 1597 1328 1327
f 1597 1327 1326
f 1597 1326 1599
f 1597 1599 1600
f 1597 1600 1601
f 1597 1601 1602
f 1597 1602 1598
f 1603 1604 1462
f 1603 1462 1461
f 1603 1461 1460
f 1603 1460 1605
f 1603 1605 1606
f 1603 1606 1607
f 1603 1607 1608
f 1603 1608 1604
f 1609 1610 1468
f 1609 1468 1467
f 1609 1467 1466
f 1609 1466 1611
f 1609 1611 1612
f 1609 1612 1613
f 1609 1613 1614
f 1609 1614 1610
f 1615 1616 1474
f 1615 1474 1473
f 1615 1473 1472
f 1615 1472 1617
f 1615 1617 1618
f 1615 1618 1619
f 1615 1619 1620
f 1615 1620 1616
f 1621 1622 1480
f 1621 1480 1479
f 1621 1479 1478
f 1621 1478 1623
f 1621 1623 1624
f 1621 1624 1625
f 1621 1625 1626
f 1621 1626 1622
f 1627 1628 1486
f 1627 1486 1485
f 1627 1485 1484
f 1627 1484 1629
f 1627 1629 1630
f 1627 1630 1631
f 1627 1631 1632
f 1627 1632 1628
f 1633 1634 1492
f 1633 1492 1491
f 1633 1491 1490
f 1633 1490 1635
f 1633 1635 1636
f 1633 1636 1637
f 1633 1637 1638
f 1633 1638 1634
f 1639 1640 1498
f 1639 1498 1497
f 1639 1497 1496
f 1639 1496 1641
f 1639 1641 1642
f 1639 1642 1643
f 1639 1643 1644
f 1639 1644 1640
f 1645 1646 1504
f 1645 1504 1503
f 1645 1503 1502
f 1645 1502 1647
f 1645 1647 1578
f 1645 1578 1648
f 1645 1648 1649
f 1645 1649 1646
f 1650 1651 1510
f 1650 1510 1509
f 1650 1509 1508
f 1650 1508 1652
f 1650 1652 1653
f 1650 1653 1654
f 1650 1654 1655
f 1650 1655 1651
f 1656 1657 1516
f 1656 1516 1515
f 1656 1515 1514
f 1656 1514 1658
f 1656 1658 1659
f 1656 1659 1660
f 1656 1660 1661
f 1656 1661 1657
f 1662 1663 1521
f 1662 1521 1520
f 1662 1520 1450
f 1662 1450 1449
f 1662 1449 1456
f 1662 1456 1664
f 1662 1664 1580
f 1662 1580 1663
f 1665 1666 1527
f 1665 1527 1526
f 1665 1526 1525
f 1665 1525 1586
f 1665 1586 1590
f 1665 1590 1667
f 1665 1667 1668
f 1665 1668 1666
f 1669 1670 1533
f 1669 1533 1532
f 1669 1532 1531
f 1669 1531 1592
f 1669 1592 1596
f 1669 1596 1671
f 1669 1671 1672
f 1669 1672 1670
f 1673 1453 1452
f 1673 1452 1536
f 1673 1536 1328
f 1673 1328 1598
f 1673 1598 1602
f 1673 1602 1674
f 1673 1674 1454
f 1673 1454 1453
f 1675 1593 1540
f 1675 1540 1539
f 1675 1539 1462
f 1675 1462 1604
f 1675 1604 1608
f 1675 1608 1676
f 1675 1676 1594
f 1675 1594 1593
f 1677 1587 1544
f 1677 1544 1543
f 1677 1543 1468
f 1677 1468 1610
f 1677 1610 1614
f 1677 1614 1678
f 1677 1678 1588
f 1677 1588 1587
f 1679 1599 1326
f 1679 1326 1546
f 1679 1546 1474
f 1679 1474 1616
f 1679 1616 1620
f 1679 1620 1680
f 1679 1680 1600
f 1679 1600 1599
f 1681 1605 1460
f 1681 1460 1548
f 1681 1548 1480
f 1681 1480 1622
f 1681 1622 1626
f 1681 1626 1682
f 1681 1682 1606
f 1681 1606 1605
f 1683 1611 1466
f 1683 1466 1550
f 1683 1550 1486
f 1683 1486 1628
f 1683 1628 1632
f 1683 1632 1684
f 1683 1684 1612
f 1683 1612 1611
f 1685 1617 1472
f 1685 1472 1552
f 1685 1552 1492
f 1685 1492 1634
f 1685 1634 1638
f 1685 1638 1686
f 1685 1686 1618
f 1685 1618 1617
f 1687 1623 1478
f 1687 1478 1556
f 1687 1556 1555
f 1687 1555 1688
f 1687 1688 1689
f 1687 1689 1690
f 1687 1690 1624
f 1687 1624 1623
f 1691 1629 1484
f 1691 1484 1558
f 1691 1558 1498
f 1691 1498 1640
f 1691 1640 1644
f 1691 1644 1692
f 1691 1692 1630
f 1691 1630 1629
f 1693 1688 1555
f 1693 1555 1560
f 1693 1560 1504
f 1693 1504 1646
f 1693 1646 1649
f 1693 1649 1694
f 1693 1694 1689
f 1693 1689 1688
f 1695 1635 1490
f 1695 1490 1562
f 1695 1562 1510
f 1695 1510 1651
f 1695 1651 1655
f 1695 1655 1696
f 1695 1696 1636
f 1695 1636 1635
f 1697 1641 1496
f 1697 1496 1564
f 1697 1564 1516
f 1697 1516 1657
f 1697 1657 1661
f 1697 1661 1698
f 1697 1698 1642
f 1697 1642 1641
f 1699 1647 1502
f 1699 1502 1566
f 1699 1566 1521
f 1699 1521 1663
f 1699 1663 1580
f 1699 1580 1579
f 1699 1579 1578
f 1699 1578 1647
f 1700 1652 1508
f 1700 1508 1568
f 1700 1568 1527
f 1700 1527 1666
f 1700 1666 1668
f 1700 1668 1701
f 1700 1701 1653
f 1700 1653 1652
f 1702 1658 1514
f 1702 1514 1570
f 1702 1570 1533
f 1702 1533 1670
f 1702 1670 1672
f 1702 1672 1703
f 1702 1703 1659
f 1702 1659 1658
f 1704 1705 1706
f 1704 1706 1707
f 1704 1707 1708
f 1704 1708 1709
f 1704 1709 1710
f 1704 1710 1711
f 1704 1711 1712
f 1704 1712 1705
f 1713 1714 1653
f 1713 1653 1701
f 1713 1701 1668
f 1713 1668 1715
f 1713 1715 1716
f 1713 1716 1717
f 1713 1717 1718
f 1713 1718 1714
f 1719 1720 1659
f 1719 1659 1703
f 1719 1703 1672
f 1719 1672 1721
f 1719 1721 1722
f 1719 1722 1723
f 1719 1723 1724
f 1719 1724 1720
f 1725 1726 1456
f 1725 1456 1455
f 1725 1455 1454
f 1725 1454 1727
f 1725 1727 1728
f 1725 1728 1729
f 1725 1729 1730
f 1725 1730 1726
f 1731 1732 1590
f 1731 1590 1589
f 1731 1589 1588
f 1731 1588 1733
f 1731 1733 1734
f 1731 1734 1735
f 1731 1735 1736
f 1731 1736 1732
f 1737 1738 1596
f 1737 1596 1595
f 1737 1595 1594
f 1737 1594 1739
f 1737 1739 1740
f 1737 1740 1741
f 1737 1741 1742
f 1737 1742 1738
f 1743 1744 1602
f 1743 1602 1601
f 1743 1601 1600
f 1743 1600 1745
f 1743 1745 1746
f 1743 1746 1747
f 1743 1747 1748
f 1743 1748 1744
f 1749 1750 1608
f 1749 1608 1607
f 1749 1607 1606
f 1749 1606 1751
f 1749 1751 1752
f 1749 1752 1753
f 1749 1753 1754
f 1749 1754 1750
f 1755 1756 1614
f 1755 1614 1613
f 1755 1613 1612
f 1755 1612 1757
f 1755 1757 1758
f 1755 1758 1759
f 1755 1759 1760
f 1755 1760 1756
f 1761 1762 1620
f 1761 1620 1619
f 1761 1619 1618
f 1761 1618 1763
f 1761 1763 1764
f 1761 1764 1765
f 1761 1765 1766
f 1761 1766 1762
f 1767 1768 1626
f 1767 1626 1625
f 1767 1625 1624
f 1767 1624 1769
f 1767 1769 1770
f 1767 1770 1771
f 1767 1771 1772
f 1767 1772 1768
f 1773 1774 1632
f 1773 1632 1631
f 1773 1631 1630
f 1773 1630 1775
f 1773 1775 1776
f 1773 1776 1777
f 1773 1777 1778
f 1773 1778 1774
f 1779 1780 1638
f 1779 1638 1637
f 1779 1637 1636
f 1779 1636 1781
f 1779 1781 1782
f 1779 1782 1783
f 1779 1783 1784
f 1779 1784 1780
f 1785 1786 1644
f 1785 1644 1643
f 1785 1643 1642
f 1785 1642 1787
f 1785 1787 1788
f 1785 1788 1789
f 1785 1789 1790
f 1785 1790 1786
f 1791 1792 1649
f 1791 1649 1648
f 1791 1648 1578
f 1791 1578 1577
f 1791 1577 1584
f 1791 1584 1793
f 1791 1793 1708
f 1791 1708 1792
f 1794 1795 1655
f 1794 1655 1654
f 1794 1654 1653
f 1794 1653 1714
f 1794 1714 1718
f 1794 1718 1796
f 1794 1796 1797
f 1794 1797 1795
f 1798 1799 1661
f 1798 1661 1660
f 1798 1660 1659
f 1798 1659 1720
f 1798 1720 1724
f 1798 1724 1800
f 1798 1800 1801
f 1798 1801 1799
f 1802 1581 1580
f 1802 1580 1664
f 1802 1664 1456
f 1802 1456 1726
f 1802 1726 1730
f 1802 1730 1803
f 1802 1803 1582
f 1802 1582 1581
f 1804 1715 1668
f 1804 1668 1667
f 1804 1667 1590
f 1804 1590 1732
f 1804 1732 1736
f 1804 1736 1805
f 1804 1805 1716
f 1804 1716 1715
f 1806 1721 1672
f 1806 1672 1671
f 1806 1671 1596
f 1806 1596 1738
f 1806 1738 1742
f 1806 1742 1807
f 1806 1807 1722
f 1806 1722 1721
f 1808 1727 1454
f 1808 1454 1674
f 1808 1674 1602
f 1808 1602 1744
f 1808 1744 1748
f 1808 1748 1809
f 1808 1809 1728
f 1808 1728 1727
f 1810 1739 1594
f 1810 1594 1676
f 1810 1676 1608
f 1810 1608 1750
f 1810 1750 1754
f 1810 1754 1811
f 1810 1811 1740
f 1810 1740 1739
f 1812 1733 1588
f 1812 1588 1678
f 1812 1678 1614
f 1812 1614 1756
f 1812 1756 1760
f 1812 1760 1813
f 1812 1813 1734
f 1812 1734 1733
f 1814 1745 1600
f 1814 1600 1680
f 1814 1680 1620
f 1814 1620 1762
f 1814 1762 1766
f 1814 1766 1815
f 1814 1815 1746
f 1814 1746 1745
f 1816 1751 1606
f 1816 1606 1682
f 1816 1682 1626
f 1816 1626 1768
f 1816 1768 1772
f 1816 1772 1817
f 1816 1817 1752
f 1816 1752 1751
f 1818 1757 1612
f 1818 1612 1684
f 1818 1684 1632
f 1818 1632 1774
f 1818 1774 1778
f 1818 1778 1819
f 1818 1819 1758
f 1818 1758 1757
f 1820 1763 1618
f 1820 1618 1686
f 1820 1686 1638
f 1820 1638 1780
f 1820 1780 1784
f 1820 1784 1821
f 1820 1821 1764
f 1820 1764 1763
f 1822 1769 1624
f 1822 1624 1690
f 1822 1690 1689
f 1822 1689 1823
f 1822 1823 1706
f 1822 1706 1824
f 1822 1824 1770
f 1822 1770 1769
f 1825 1775 1630
f 1825 1630 1692
f 1825 1692 1644
f 1825 1644 1786
f 1825 1786 1790
f 1825 1790 1826
f 1825 1826 1776
f 1825 1776 1775
f 1827 1823 1689
f 1827 1689 1694
f 1827 1694 1649
f 1827 1649 1792
f 1827 1792 1708
f 1827 1708 1707
f 1827 1707 1706
f 1827 1706 1823
f 1828 1781 1636
f 1828 1636 1696
f 1828 1696 1655
f 1828 1655 1795
f 1828 1795 1797
f 1828 1797 1829
f 1828 1829 1782
f 1828 1782 1781
f 1830 1787 1642
f 1830 1642 1698
f 1830 1698 1661
f 1830 1661 1799
f 1830 1799 1801
f 1830 1801 1831
f 1830 1831 1788
f 1830 1788 1787
f 1832 1833 1834
f 1832 1834 1835
f 1832 1835 1712
f 1832 1712 1711
f 1832 1711 1710
f 1832 1710 1836
f 1832 1836 1837
f 1832 1837 1838
f 1832 1838 1839
f 1832 1839 1840
f 1832 1840 1841
f 1832 1841 1842
f 1832 1842 1843
f 1832 1843 1844
f 1832 1844 1845
f 1832 1845 1846
f 1832 1846 1847
f 1832 1847 1848
f 1832 1848 1849
f 1832 1849 1850
f 1832 1850 1851
f 1832 1851 1852
f 1832 1852 1853
f 1832 1853 1854
f 1832 1854 1855
f 1832 1855 1856
f 1832 1856 1857
f 1832 1857 1858
f 1832 1858 1859
f 1832 1859 1860
f 1832 1860 1861
f 1832 1861 1862
f 1832 1862 1863
f 1832 1863 1864
f 1832 1864 1865
f 1832 1865 1866
f 1832 1866 1867
f 1832 1867 1868
f 1832 1868 1869
f 1832 1869 1870
f 1832 1870 1871
f 1832 1871 1872
f 1832 1872 1873
f 1832 1873 1874
f 1832 1874 1875
f 1832 1875 1876
f 1832 1876 1877
f 1832 1877 1878
f 1832 1878 1879
f 1832 1879 1880
f 1832 1880 1881
f 1832 1881 1882
f 1832 1882 1883
f 1832 1883 1884
f 1832 1884 1885
f 1832 1885 1886
f 1832 1886 1887
f 1832 1887 1888
f 1832 1888 1889
f 1832 1889 1890
f 1832 1890 1891
f 1832 1891 1892
f 1832 1892 1893
f 1832 1893 1833
f 1894 1895 1782
f 1894 1782 1829
f 1894 1829 1797
f 1894 1797 1896
f 1894 1896 1857
f 1894 1857 1856
f 1894 1856 1855
f 1894 1855 1895
f 1897 1898 1788
f 1897 1788 1831
f 1897 1831 1801
f 1897 1801 1899
f 1897 1899 1879
f 1897 1879 1878
f 1897 1878 1877
f 1897 1877 1898
f 1900 1901 1584
f 1900 1584 1583
f 1900 1583 1582
f 1900 1582 1902
f 1900 1902 1839
f 1900 1839 1838
f 1900 1838 1837
f 1900 1837 1901
f 1903 1904 1718
f 1903 1718 1717
f 1903 1717 1716
f 1903 1716 1905
f 1903 1905 1861
f 1903 1861 1860
f 1903 1860 1859
f 1903 1859 1904
f 1906 1907 1724
f 1906 1724 1723
f 1906 1723 1722
f 1906 1722 1908
f 1906 1908 1883
f 1906 1883 1882
f 1906 1882 1881
f 1906 1881 1907
f 1909 1910 1730
f 1909 1730 1729
f 1909 1729 1728
f 1909 1728 1911
f 1909 1911 1843
f 1909 1843 1842
f 1909 1842 1841
f 1909 1841 1910
f 1912 1913 1736
f 1912 1736 1735
f 1912 1735 1734
f 1912 1734 1914
f 1912 1914 1865
f 1912 1865 1864
f 1912 1864 1863
f 1912 1863 1913
f 1915 1916 1742
f 1915 1742 1741
f 1915 1741 1740
f 1915 1740 1917
f 1915 1917 1887
f 1915 1887 1886
f 1915 1886 1885
f 1915 1885 1916
f 1918 1919 1748
f 1918 1748 1747
f 1918 1747 1746
f 1918 1746 1920
f 1918 1920 1847
f 1918 1847 1846
f 1918 1846 1845
f 1918 1845 1919
f 1921 1922 1754
f 1921 1754 1753
f 1921 1753 1752
f 1921 1752 1923
f 1921 1923 1891
f 1921 1891 1890
f 1921 1890 1889
f 1921 1889 1922
f 1924 1925 1760
f 1924 1760 1759
f 1924 1759 1758
f 1924 1758 1926
f 1924 1926 1869
f 1924 1869 1868
f 1924 1868 1867
f 1924 1867 1925
f 1927 1928 1766
f 1927 1766 1765
f 1927 1765 1764
f 1927 1764 1929
f 1927 1929 1851
f 1927 1851 1850
f 1927 1850 1849
f 1927 1849 1928
f 1930 1931 1772
f 1930 1772 1771
f 1930 1771 1770
f 1930 1770 1932
f 1930 1932 1834
f 1930 1834 1833
f 1930 1833 1893
f 1930 1893 1931
f 1933 1934 1778
f 1933 1778 1777
f 1933 1777 1776
f 1933 1776 1935
f 1933 1935 1873
f 1933 1873 1872
f 1933 1872 1871
f 1933 1871 1934
f 1936 1937 1784
f 1936 1784 1783
f 1936 1783 1782
f 1936 1782 1895
f 1936 1895 1855
f 1936 1855 1854
f 1936 1854 1853
f 1936 1853 1937
f 1938 1939 1790
f 1938 1790 1789
f 1938 1789 1788
f 1938 1788 1898
f 1938 1898 1877
f 1938 1877 1876
f 1938 1876 1875
f 1938 1875 1939
f 1940 1709 1708
f 1940 1708 1793
f 1940 1793 1584
f 1940 1584 1901
f 1940 1901 1837
f 1940 1837 1836
f 1940 1836 1710
f 1940 1710 1709
f 1941 1896 1797
f 1941 1797 1796
f 1941 1796 1718
f 1941 1718 1904
f 1941 1904 1859
f 1941 1859 1858
f 1941 1858 1857
f 1941 1857 1896
f 1942 1899 1801
f 1942 1801 1800
f 1942 1800 1724
f 1942 1724 1907
f 1942 1907 1881
f 1942 1881 1880
f 1942 1880 1879
f 1942 1879 1899
f 1943 1902 1582
f 1943 1582 1803
f 1943 1803 1730
f 1943 1730 1910
f 1943 1910 1841
f 1943 1841 1840
f 1943 1840 1839
f 1943 1839 1902
f 1944 1905 1716
f 1944 1716 1805
f 1944 1805 1736
f 1944 1736 1913
f 1944 1913 1863
f 1944 1863 1862
f 1944 1862 1861
f 1944 1861 1905
f 1945 1908 1722
f 1945 1722 1807
f 1945 1807 1742
f 1945 1742 1916
f 1945 1916 1885
f 1945 1885 1884
f 1945 1884 1883
f 1945 1883 1908
f 1946 1911 1728
f 1946 1728 1809
f 1946 1809 1748
f 1946 1748 1919
f 1946 1919 1845
f 1946 1845 1844
f 1946 1844 1843
f 1946 1843 1911
f 1947 1917 1740
f 1947 1740 1811
f 1947 1811 1754
f 1947 1754 1922
f 1947 1922 1889
f 1947 1889 1888
f 1947 1888 1887
f 1947 1887 1917
f 1948 1914 1734
f 1948 1734 1813
f 1948 1813 1760
f 1948 1760 1925
f 1948 1925 1867
f 1948 1867 1866
f 1948 1866 1865
f 1948 1865 1914
f 1949 1920 1746
f 1949 1746 1815
f 1949 1815 1766
f 1949 1766 1928
f 1949 1928 1849
f 1949 1849 1848
f 1949 1848 1847
f 1949 1847 1920
f 1950 1923 1752
f 1950 1752 1817
f 1950 1817 1772
f 1950 1772 1931
f 1950 1931 1893
f 1950 1893 1892
f 1950 1892 1891
f 1950 1891 1923
f 1951 1926 1758
f 1951 1758 1819
f 1951 1819 1778
f 1951 1778 1934
f 1951 1934 1871
f 1951 1871 1870
f 1951 1870 1869
f 1951 1869 1926
f 1952 1929 1764
f 1952 1764 1821
f 1952 1821 1784
f 1952 1784 1937
f 1952 1937 1853
f 1952 1853 1852
f 1952 1852 1851
f 1952 1851 1929
f 1953 1932 1770
f 1953 1770 1824
f 1953 1824 1706
f 1953 1706 1705
f 1953 1705 1712
f 1953 1712 1835
f 1953 1835 1834
f 1953 1834 1932
f 1954 1935 1776
f 1954 1776 1826
f 1954 1826 1790
f 1954 1790 1939
f 1954 1939 1875
f 1954 1875 1874
f 1954 1874 1873
f 1954 1873 1935
f 4 3 2
f 2 1 4
f 6 5 3
f 3 4 6
f 8 7 5
f 5 6 8
f 10 9 7
f 7 8 10
f 12 11 9
f 9 10 12
f 14 13 11
f 11 12 14
f 16 15 13
f 13 14 16
f 18 17 15
f 15 16 18
f 20 19 17
f 17 18 20
f 22 21 19
f 19 20 22
f 24 23 21
f 21 22 24
f 26 25 23
f 23 24 26
f 28 27 25
f 25 26 28
f 30 29 27
f 27 28 30
f 32 31 29
f 29 30 32
f 34 33 31
f 31 32 34
f 36 35 33
f 33 34 36
f 38 37 35
f 35 36 38
f 40 39 37
f 37 38 40
f 42 41 39
f 39 40 42
f 44 43 41
f 41 42 44
f 46 45 43
f 43 44 46
f 48 47 45
f 45 46 48
f 50 49 47
f 47 48 50
f 52 51 49
f 49 50 52
f 54 53 51
f 51 52 54
f 56 55 53
f 53 54 56
f 58 57 55
f 55 56 58
f 60 59 57
f 57 58 60
f 62 61 59
f 59 60 62
f 64 63 57
f 57 59 64
f 1 2 66
f 66 65 1
f 65 66 61
f 61 62 65
f 80 81 35
f 35 37 80
f 91 92 13
f 13 15 91
f 68 69 66
f 66 2 68
f 77 78 41
f 41 43 77
f 88 89 19
f 19 21 88
f 74 75 47
f 47 49 74
f 96 67 3
f 3 5 96
f 85 86 25
f 25 27 85
f 71 72 53
f 53 55 71
f 93 94 9
f 9 11 93
f 82 83 31
f 31 33 82
f 70 64 59
f 59 61 70
f 79 80 37
f 37 39 79
f 67 68 2
f 2 3 67
f 90 91 15
f 15 17 90
f 76 77 43
f 43 45 76
f 87 88 21
f 21 23 87
f 73 74 49
f 49 51 73
f 95 96 5
f 5 7 95
f 84 85 27
f 27 29 84
f 63 71 55
f 55 57 63
f 81 82 33
f 33 35 81
f 92 93 11
f 11 13 92
f 69 70 61
f 61 66 69
f 78 79 39
f 39 41 78
f 89 90 17
f 17 19 89
f 75 76 45
f 45 47 75
f 86 87 23
f 23 25 86
f 72 73 51
f 51 53 72
f 94 95 7
f 7 9 94
f 83 84 29
f 29 31 83