# https://github.com/mikedh/trimesh
v -0.00713038 0.00042285 0.16601441
v -0.00810815 0.00098738 0.16596709
v -0.00825944 0.00042285 0.16596709
v -0.00769491 0.00140067 0.16596709
v -0.00713038 0.00155191 0.16596709
v -0.00810815 -0.00014167 0.16596709
v -0.00656586 0.00140067 0.16596709
v -0.00769491 -0.00055496 0.16596709
v -0.00615257 0.00098738 0.16596709
v -0.00713038 -0.00070619 0.16596709
v -0.00600129 0.00042285 0.16596709
v -0.00656586 -0.00055496 0.16596709
v -0.00615257 -0.00014167 0.16596709
v 0.01080255 -0.01738027 0.00811584
v 0.01236195 -0.01673436 0.00811584
v 0.01236195 -0.01893972 0.00811584
v 0.01015659 -0.01893972 0.00811584
v 0.01392141 -0.01738027 0.00811584
v 0.01080255 -0.02049913 0.00811584
v 0.01456730 -0.01893972 0.00811584
v 0.01236195 -0.02114507 0.00811584
v 0.01392141 -0.02049913 0.00811584
v -0.03237125 -0.00823930 0.00811584
v -0.03393066 -0.00888524 0.00811584
v -0.03393066 -0.00667989 0.00811584
v -0.03172530 -0.00667989 0.00811584
v -0.03549006 -0.00823930 0.00811584
v -0.03237125 -0.00512047 0.00811584
v -0.03613602 -0.00667989 0.00811584
v -0.03393066 -0.00447453 0.00811584
v -0.03549006 -0.00512047 0.00811584
v 0.01785161 0.00746010 0.00811584
v 0.01849756 0.00901955 0.00811584
v 0.02005696 0.00746010 0.00811584
v 0.02005696 0.00966545 0.00811584
v 0.01849756 0.00590070 0.00811584
v 0.02161637 0.00901955 0.00811584
v 0.02005696 0.00525474 0.00811584
v 0.02226232 0.00746010 0.00811584
v 0.02161637 0.00590070 0.00811584
v -0.01670467 -0.02593709 0.00811584
v -0.01605876 -0.02437769 0.00811584
v -0.01449932 -0.02593709 0.00811584
v -0.01449932 -0.02373174 0.00811584
v -0.01605876 -0.02749654 0.00811584
v -0.01293991 -0.02437769 0.00811584
v -0.01229396 -0.02593709 0.00811584
v -0.01449932 -0.02814244 0.00811584
v -0.01293991 -0.02749654 0.00811584
v -0.02463275 0.01850205 0.00811584
v -0.02619215 0.01785614 0.00811584
v -0.02619215 0.02006150 0.00811584
v -0.02398679 0.02006150 0.00811584
v -0.02775161 0.01850205 0.00811584
v -0.02463275 0.02162091 0.00811584
v -0.02839751 0.02006150 0.00811584
v -0.02619215 0.02226680 0.00811584
v -0.02775161 0.02162091 0.00811584
v 0.00122050 0.02541434 0.00811584
v -0.00033891 0.02476839 0.00811584
v -0.00033891 0.02697374 0.00811584
v 0.00186644 0.02697374 0.00811584
v -0.00189836 0.02541434 0.00811584
v 0.00122050 0.02853319 0.00811584
v -0.00254427 0.02697374 0.00811584
v -0.00033891 0.02917910 0.00811584
v -0.00189836 0.02853319 0.00811584
v -0.00633717 0.01609129 0.15188054
v -0.00657570 0.01268163 0.15819507
v -0.00643923 0.01571033 0.15166896
v -0.00636407 0.01819568 0.14748427
v -0.00626377 0.01857006 0.14770846
v -0.01277941 -0.01047089 0.15819507
v -0.01427763 -0.01354300 0.15188054
v -0.01417558 -0.01316209 0.15166896
v -0.01545348 -0.01572639 0.14770846
v -0.01535314 -0.01535200 0.14748427
v -0.01938917 -0.00013183 0.15819507
v -0.02279882 -0.00037036 0.15188054
v -0.02241786 -0.00026830 0.15166896
v -0.02527760 -0.00044376 0.14770846
v -0.02490321 -0.00034341 0.14748427
v -0.00543200 0.00042326 0.00000000
v 0.00421224 0.02006883 0.00024197
v 0.01251558 0.01176543 0.00024197
v -0.02677631 -0.01091973 0.00024197
v -0.01847293 -0.01922311 0.00024197
v -0.00713038 -0.02226235 0.00024197
v 0.00421224 -0.01922311 0.00024197
v 0.01251558 -0.01091973 0.00024197
v -0.00713038 0.02310806 0.00024197
v -0.02981559 0.00042285 0.00024197
v -0.01847297 0.02006883 0.00024197
v -0.02677636 0.01176543 0.00024197
v 0.01508147 0.00042285 0.00005257
v 0.01555482 0.00042285 0.00024197
v -0.02619215 0.01832138 0.01870154
v -0.02496174 0.01883105 0.01870154
v -0.02619215 0.02006150 0.01870154
v -0.02445208 0.02006150 0.01870154
v -0.02742261 0.01883105 0.01870154
v -0.02496174 0.02129191 0.01870154
v -0.02793223 0.02006150 0.01870154
v -0.02619215 0.02180157 0.01870154
v -0.02742261 0.02129191 0.01870154
v -0.02619215 0.01799240 0.01857561
v -0.02472913 0.01859843 0.01857561
v -0.02412308 0.02006150 0.01857561
v -0.02765523 0.01859843 0.01857561
v -0.02472913 0.02152453 0.01857561
v -0.02826126 0.02006150 0.01857561
v -0.02619215 0.02213056 0.01857561
v -0.02765523 0.02152453 0.01857561
v -0.01374014 0.01076192 0.15819507
v -0.01565152 0.01359549 0.15188054
v -0.01537268 0.01331665 0.15166896
v -0.01695450 0.01570549 0.14770846
v -0.01668041 0.01543140 0.14748427
v -0.02030302 0.00894404 0.15188054
v -0.01746945 0.00703261 0.15819507
v -0.02002413 0.00866515 0.15166896
v -0.02213894 0.00997288 0.14748427
v -0.02241301 0.01024696 0.14770846
v -0.01449932 -0.02419702 0.01870154
v -0.01572973 -0.02470667 0.01870154
v -0.01449932 -0.02593709 0.01870154
v -0.01623938 -0.02593709 0.01870154
v -0.01326890 -0.02470667 0.01870154
v -0.01572973 -0.02716751 0.01870154
v -0.01275925 -0.02593709 0.01870154
v -0.01449932 -0.02767716 0.01870154
v -0.01326890 -0.02716751 0.01870154
v -0.01596240 -0.02447406 0.01857561
v -0.01656843 -0.02593709 0.01857561
v -0.01449932 -0.02386802 0.01857561
v -0.01303628 -0.02447406 0.01857561
v -0.01596240 -0.02740017 0.01857561
v -0.01243025 -0.02593709 0.01857561
v -0.01449932 -0.02800620 0.01857561
v -0.01303628 -0.02740017 0.01857561
v 0.01882655 0.00869051 0.01870154
v 0.01831690 0.00746010 0.01870154
v 0.02005696 0.00746010 0.01870154
v 0.02005696 0.00920018 0.01870154
v 0.01882655 0.00622969 0.01870154
v 0.02128737 0.00869051 0.01870154
v 0.02005696 0.00572003 0.01870154
v 0.02179704 0.00746010 0.01870154
v 0.02128737 0.00622969 0.01870154
v 0.01859389 0.00892318 0.01857561
v 0.01798790 0.00746010 0.01857561
v 0.02005696 0.00952921 0.01857561
v 0.01859389 0.00599706 0.01857561
v 0.02152000 0.00892318 0.01857561
v 0.02005696 0.00539103 0.01857561
v 0.02212603 0.00746010 0.01857561
v 0.02152000 0.00599706 0.01857561
v -0.01859824 0.02028574 0.09670496
v -0.01483925 0.02127590 0.10112118
v -0.00725336 0.02315874 0.09620830
v -0.01814600 0.02038900 0.10883184
v 0.00058266 0.02127480 0.10111676
v 0.00433745 0.02028574 0.09670496
v -0.01859819 0.02028574 0.12095173
v -0.01484339 0.02127480 0.11655016
v 0.00388527 0.02038900 0.10883184
v -0.00683020 0.02226248 0.12097294
v 0.00057847 0.02127590 0.11654573
v 0.00433745 0.02028574 0.12095173
v 0.01579815 0.00039622 0.06848452
v 0.01273254 0.01189071 0.06803961
v 0.01377607 0.00799609 0.07179988
v 0.01285639 0.01142833 0.07951047
v 0.01273254 0.01189071 0.09118415
v 0.01373483 0.00815002 0.08704276
v -0.01859819 -0.01944003 0.09670496
v -0.00699582 -0.02247680 0.09706662
v -0.01469683 -0.02048541 0.10110641
v 0.01287244 -0.01052272 0.07956220
v 0.01378732 -0.00710848 0.08715298
v 0.01273254 -0.01104498 0.09118415
v 0.01579455 0.00046309 0.09055055
v -0.01828291 -0.01952453 0.10883321
v -0.01469410 -0.02048616 0.11655760
v -0.01859824 -0.01944003 0.12095173
v -0.00711557 -0.02250886 0.12041878
v 0.00418043 -0.01948211 0.10883321
v 0.00433745 -0.01944003 0.12095173
v 0.00075239 -0.02040068 0.11656043
v 0.01273254 -0.01104498 0.06803961
v 0.01374413 -0.00726951 0.07190705
v 0.00433745 -0.01944003 0.09670496
v 0.00074960 -0.02040138 0.10110940
v -0.02709613 0.01195011 0.05260571
v -0.02699327 0.01189071 0.05284758
v -0.01859824 0.02028574 0.05284758
v -0.01865761 0.02038864 0.05260571
v -0.03018486 0.00042285 0.05260571
v -0.03006608 0.00042285 0.05284758
v -0.00713038 0.02335855 0.05284758
v -0.00713038 0.02347733 0.05260571
v -0.02699327 0.01189071 0.06803961
v -0.01859824 0.02028574 0.06803961
v -0.03006608 0.00042285 0.06803961
v -0.00713038 0.02335855 0.06803961
v -0.01859824 0.02028574 0.09118415
v -0.00713038 0.02335855 0.09118415
v -0.02699327 0.01189071 0.09670496
v -0.02699327 0.01189071 0.10883348
v -0.02709613 -0.01110440 0.05260571
v -0.02699327 -0.01104498 0.05284758
v 0.00433750 0.02028574 0.05284758
v 0.00439687 0.02038864 0.05260571
v 0.00433745 0.02028574 0.09118415
v -0.02699327 0.01189071 0.07956705
v -0.01859824 0.02028574 0.07956705
v -0.02699327 0.01189071 0.12095173
v -0.02699327 -0.01104498 0.06803961
v 0.00433750 0.02028574 0.06803961
v -0.03006608 0.00042285 0.07956705
v -0.00713038 0.02335855 0.07956705
v 0.01273254 0.01189071 0.05284758
v 0.01283540 0.01195011 0.05260571
v -0.01865761 -0.01954293 0.05260571
v -0.01859819 -0.01944003 0.05284758
v -0.01871693 0.02049137 0.13975256
v -0.00712025 0.02356960 0.13976575
v -0.02699327 0.01189071 0.09118415
v 0.01273254 0.01189071 0.10883348
v 0.01273254 0.01189071 0.09670496
v -0.02699327 -0.01104498 0.07956705
v 0.00433745 0.02028574 0.07956705
v -0.03006608 0.00042285 0.09118415
v 0.01273254 0.01189071 0.12095173
v -0.01878997 0.02061790 0.14009210
v -0.00712748 0.02372975 0.14009725
v -0.01859819 -0.01944003 0.06803961
v 0.00445619 0.02049137 0.13975256
v 0.00452924 0.02061790 0.14009210
v -0.03006608 0.00042285 0.09670496
v 0.01580531 0.00042285 0.05284758
v 0.01592413 0.00042285 0.05260571
v -0.00713038 -0.02263161 0.05260571
v -0.00713038 -0.02251284 0.05284758
v -0.02699327 -0.01104498 0.09118415
v -0.01859819 -0.01944003 0.07956705
v -0.03006604 0.00042285 0.10883348
v -0.00713038 -0.02251284 0.06803961
v -0.02699327 -0.01104498 0.09670496
v 0.01273254 -0.01104498 0.05284758
v 0.01283540 -0.01110440 0.05260571
v 0.00439687 -0.01954293 0.05260571
v 0.00433745 -0.01944003 0.05284758
v -0.01859819 -0.01944003 0.09118415
v -0.02699327 -0.01104498 0.10883348
v 0.00433745 -0.01944003 0.06803961
v -0.03006608 0.00042285 0.12095173
v -0.00713038 -0.02251284 0.07956705
v -0.02719890 0.01200940 0.13975256
v -0.02699327 -0.01104498 0.12095173
v 0.00433745 -0.01944003 0.07956705
v -0.00713038 -0.02251284 0.09118415
v -0.03030350 0.00042285 0.13975256
v -0.02732545 0.01208247 0.14009210
v 0.01580531 0.00042285 0.09670496
v -0.03044959 0.00042285 0.14009210
v 0.00433745 -0.01944003 0.09118415
v -0.02719890 -0.01116368 0.13975256
v 0.01580531 0.00042285 0.10883348
v 0.01273254 -0.01104498 0.09670496
v -0.02732545 -0.01123677 0.14009210
v 0.01273254 -0.01104498 0.10883348
v -0.01871693 -0.01964565 0.13975256
v 0.01293812 0.01200940 0.13975256
v 0.01580531 0.00042285 0.12095173
v -0.01878997 -0.01977220 0.14009210
v 0.01306466 0.01208247 0.14009210
v 0.01273254 -0.01104498 0.12095173
v -0.00713038 -0.02275027 0.13975256
v 0.01604274 0.00042285 0.13975256
v -0.00713038 -0.02289635 0.14009210
v 0.01618886 0.00042285 0.14009210
v 0.00445619 -0.01964565 0.13975256
v 0.01293812 -0.01116368 0.13975256
v 0.00452924 -0.01977220 0.14009210
v 0.01306466 -0.01123677 0.14009210
v 0.01236195 -0.01719965 0.01870154
v 0.01113153 -0.01770931 0.01870154
v 0.01236195 -0.01893972 0.01870154
v 0.01062188 -0.01893972 0.01870154
v 0.01113153 -0.02017013 0.01870154
v 0.01359236 -0.01770931 0.01870154
v 0.01236195 -0.02067978 0.01870154
v 0.01410202 -0.01893972 0.01870154
v 0.01359236 -0.02017013 0.01870154
v 0.01236195 -0.01687061 0.01857561
v 0.01089892 -0.01747664 0.01857561
v 0.01029289 -0.01893972 0.01857561
v 0.01089892 -0.02040275 0.01857561
v 0.01382503 -0.01747664 0.01857561
v 0.01236195 -0.02100878 0.01857561
v 0.01443106 -0.01893972 0.01857561
v 0.01382503 -0.02040275 0.01857561
v -0.01162565 0.00355689 0.16157613
v -0.01148878 0.00341998 0.16117237
v -0.01026437 0.00491816 0.16157613
v -0.01012751 0.00478125 0.16117237
v -0.01259040 -0.00004363 0.16157613
v -0.01240344 0.00000649 0.16117237
v -0.00666387 0.00588292 0.16157613
v -0.00671397 0.00569595 0.16117237
v -0.00480436 0.00538464 0.16157613
v -0.00148137 0.01131660 0.15819507
v -0.00485446 0.00519767 0.16117237
v -0.01802413 -0.00522616 0.15819507
v -0.01209217 -0.00190318 0.16157613
v -0.01190520 -0.00185307 0.16117237
v 0.00376340 0.00607187 0.15819507
v -0.00216861 0.00274889 0.16157613
v -0.00235557 0.00269879 0.16117237
v -0.00945642 -0.00453892 0.16157613
v -0.00940632 -0.00435196 0.16117237
v -0.00167033 0.00088933 0.16157613
v 0.00512839 0.00097755 0.15819507
v -0.00185729 0.00083922 0.16117237
v -0.00768508 -0.01183592 0.15819507
v -0.00759686 -0.00503721 0.16157613
v -0.00754677 -0.00485024 0.16117237
v -0.02714690 0.01131732 0.04161484
v -0.02714690 0.01131732 0.01888829
v -0.02539624 0.01084823 0.01888829
v -0.02539624 0.01084823 0.04161484
v -0.01802485 0.02043940 0.01888829
v -0.01802485 0.02043940 0.04161484
v -0.01755572 0.01868871 0.04161484
v -0.01755572 0.01868871 0.01888829
v -0.02816175 0.00052717 0.01888829
v -0.02816175 0.00052717 0.04161484
v -0.00723465 0.02145422 0.01888829
v -0.00723465 0.02145422 0.04161484
v -0.02991246 0.00099624 0.01888829
v -0.02991246 0.00099624 0.04161484
v -0.00770379 0.02320493 0.04161484
v -0.00770379 0.02320493 0.01888829
v -0.02039728 0.02340181 0.04443257
v -0.03010934 0.01368975 0.04443257
v -0.03010934 0.01368975 0.05120318
v -0.02039728 0.02340181 0.05120318
v -0.03366421 0.00042285 0.04443257
v -0.03366421 0.00042285 0.05120318
v -0.00713038 0.02695668 0.04443257
v -0.00713038 0.02695668 0.05120318
v 0.01231278 0.01231047 0.01888829
v 0.00475723 0.01986601 0.01888829
v 0.00347564 0.01858440 0.01888829
v 0.01103119 0.01102885 0.01888829
v -0.02657351 -0.01146476 0.01888829
v -0.01901796 -0.01902031 0.01888829
v -0.01773638 -0.01773869 0.01888829
v -0.02529193 -0.01018314 0.01888829
v 0.00475723 0.01986601 0.04161484
v 0.00347564 0.01858440 0.04161484
v -0.02657351 -0.01146476 0.04161484
v -0.02529193 -0.01018314 0.04161484
v -0.03010931 -0.01284403 0.04443257
v -0.03010931 -0.01284403 0.05120318
v 0.00613654 0.02340181 0.04443257
v 0.00613654 0.02340181 0.05120318
v 0.01103119 0.01102885 0.04161484
v -0.01773638 -0.01773869 0.04161484
v 0.01231278 0.01231047 0.04161484
v -0.01901796 -0.01902031 0.04161484
v -0.00655700 -0.02235921 0.01888829
v 0.00376407 -0.01959370 0.01888829
v 0.00329499 -0.01784299 0.01888829
v -0.00702607 -0.02060852 0.01888829
v 0.01288616 -0.01047160 0.01888829
v 0.01565168 -0.00015054 0.01888829
v 0.01390098 0.00031854 0.01888829
v 0.01113546 -0.01000252 0.01888829
v 0.01584857 0.01368975 0.04443257
v 0.01584857 0.01368975 0.05120318
v -0.02039723 -0.02255610 0.04443257
v -0.02039723 -0.02255610 0.05120318
v 0.01565168 -0.00015054 0.04161484
v 0.01390098 0.00031854 0.04161484
v -0.00655700 -0.02235921 0.04161484
v -0.00702607 -0.02060852 0.04161484
v 0.00329499 -0.01784299 0.04161484
v 0.01113546 -0.01000252 0.04161484
v -0.01629611 0.03785351 0.10130559
v -0.01893455 0.03785351 0.10767531
v -0.01842326 0.03784218 0.10788713
v -0.01578481 0.03784218 0.10151734
v -0.00828850 0.03785351 0.09702928
v -0.01465824 0.03785351 0.09966771
v -0.01444648 0.03784218 0.10017901
v -0.00807671 0.03784218 0.09754056
v 0.00376407 -0.01959370 0.04161484
v 0.01288616 -0.01047160 0.04161484
v -0.01213821 0.04266525 0.10807158
v -0.01121016 0.04266525 0.10583107
v -0.01121338 0.04211170 0.10582973
v -0.01214149 0.04211170 0.10807024
v -0.01013275 0.04266525 0.10475367
v -0.00789221 0.04266525 0.10382560
v -0.00789357 0.04211170 0.10382234
v -0.01013408 0.04211170 0.10475039
v -0.01121016 0.04266525 0.11183585
v -0.01213821 0.04266525 0.10959530
v -0.01214149 0.04211170 0.10959667
v -0.01121343 0.04211170 0.11183718
v -0.00636849 0.04266525 0.10382560
v -0.00412798 0.04266525 0.10475367
v -0.00412665 0.04211170 0.10475044
v -0.00636715 0.04211170 0.10382234
v -0.01893455 0.03785351 0.10999159
v -0.01629611 0.03785351 0.11636137
v -0.01578481 0.03784218 0.11614957
v -0.01842326 0.03784218 0.10977980
v 0.00039754 0.03785351 0.09966771
v -0.00597223 0.03785351 0.09702928
v -0.00618398 0.03784218 0.09754056
v 0.00018579 0.03784218 0.10017901
v 0.01940343 0.00042285 0.04443257
v 0.01940343 0.00042285 0.05120318
v -0.00713038 -0.02611096 0.04443257
v -0.00713038 -0.02611096 0.05120318
v -0.00789225 0.04266525 0.11384136
v -0.01013275 0.04266525 0.11291326
v -0.01013408 0.04211170 0.11291652
v -0.00789357 0.04211170 0.11384457
v -0.00305053 0.04266525 0.10583107
v -0.00212252 0.04266525 0.10807161
v -0.00211925 0.04211170 0.10807024
v -0.00304730 0.04211170 0.10582973
v -0.00412798 0.04266525 0.11291329
v -0.00636852 0.04266525 0.11384130
v -0.00636715 0.04211170 0.11384457
v -0.00412665 0.04211170 0.11291652
v -0.00212247 0.04266525 0.10959535
v -0.00305056 0.04266525 0.11183585
v -0.00304730 0.04211170 0.11183718
v -0.00211925 0.04211170 0.10959667
v -0.01465824 0.03785351 0.11799920
v -0.00828850 0.03785351 0.12063764
v -0.00807671 0.03784218 0.12012636
v -0.01444648 0.03784218 0.11748795
v 0.00467382 0.03785351 0.10767531
v 0.00203538 0.03785351 0.10130559
v 0.00152413 0.03784218 0.10151734
v 0.00416257 0.03784218 0.10788713
v 0.01584857 -0.01284403 0.04443257
v 0.01584857 -0.01284403 0.05120318
v 0.00613654 -0.02255610 0.04443257
v 0.00613654 -0.02255610 0.05120318
v -0.00597223 0.03785351 0.12063764
v 0.00039754 0.03785351 0.11799920
v 0.00018575 0.03784218 0.11748795
v -0.00618398 0.03784218 0.12012639
v 0.00203538 0.03785351 0.11636137
v 0.00467382 0.03785351 0.10999159
v 0.00416252 0.03784218 0.10977984
v 0.00152413 0.03784218 0.11614957
v -0.02038237 0.02337597 0.14153546
v -0.03008346 0.01367484 0.14153546
v -0.03008346 0.01367484 0.14444049
v -0.02038237 0.02337597 0.14444049
v 0.03509757 0.00159800 0.06767159
v 0.03509757 0.00796773 0.07031003
v 0.03508625 0.00775597 0.07082131
v 0.03508625 0.00138620 0.06818287
v 0.03509757 0.00960561 0.07194790
v 0.03509757 0.01224404 0.07831762
v 0.03508625 0.01173276 0.07852943
v 0.03508625 0.00909431 0.07215966
v -0.03363434 0.00042285 0.14153546
v -0.03363434 0.00042285 0.14444049
v -0.00713038 0.02692681 0.14153546
v -0.00713038 0.02692681 0.14444049
v 0.03509757 0.01224404 0.08063391
v 0.03509757 0.00960561 0.08700368
v 0.03508625 0.00909431 0.08679188
v 0.03508625 0.01173276 0.08042212
v 0.03509757 -0.00708806 0.07031003
v 0.03509757 -0.00071828 0.06767159
v 0.03508625 -0.00050652 0.06818287
v 0.03508625 -0.00687630 0.07082131
v 0.03990927 0.00544771 0.07871393
v 0.03990927 0.00451966 0.07647337
v 0.03935576 0.00452288 0.07647205
v 0.03935576 0.00545097 0.07871256
v 0.03990927 0.00344221 0.07539597
v 0.03990927 0.00120170 0.07446792
v 0.03935576 0.00120302 0.07446465
v 0.03935576 0.00344357 0.07539271
v 0.03990927 0.00451966 0.08247816
v 0.03990927 0.00544771 0.08023765
v 0.03935576 0.00545094 0.08023897
v 0.03935576 0.00452292 0.08247953
v 0.03990927 -0.00032203 0.07446792
v 0.03990927 -0.00256253 0.07539597
v 0.03935576 -0.00256390 0.07539276
v 0.03935576 -0.00032339 0.07446465
v -0.03008346 -0.01282912 0.14153546
v -0.03008346 -0.01282912 0.14444049
v 0.00612159 0.02337597 0.14153546
v 0.00612159 0.02337597 0.14444049
v 0.03509757 0.00796773 0.08864156
v 0.03509757 0.00159800 0.09127995
v 0.03508625 0.00138620 0.09076867
v 0.03508625 0.00775597 0.08813027
v 0.03509757 -0.01136437 0.07831762
v 0.03509757 -0.00872592 0.07194790
v 0.03508625 -0.00821464 0.07215966
v 0.03508625 -0.01085309 0.07852943
v 0.03990927 0.00120170 0.08448367
v 0.03990927 0.00344225 0.08355556
v 0.03935576 0.00344357 0.08355884
v 0.03935576 0.00120307 0.08448688
v 0.03990927 -0.00363998 0.07647337
v 0.03990927 -0.00456804 0.07871393
v 0.03935576 -0.00457125 0.07871261
v 0.03935576 -0.00364320 0.07647205
v 0.03990927 -0.00256253 0.08355561
v 0.03990927 -0.00032203 0.08448363
v 0.03935576 -0.00032335 0.08448688
v 0.03935576 -0.00256390 0.08355884
v 0.03990927 -0.00456804 0.08023765
v 0.03990927 -0.00363998 0.08247816
v 0.03935576 -0.00364320 0.08247953
v 0.03935576 -0.00457125 0.08023902
v -0.01450007 -0.04007999 0.09966771
v -0.00813034 -0.04007999 0.09702928
v -0.00791853 -0.04006869 0.09754056
v -0.01428831 -0.04006869 0.10017901
v -0.01877638 -0.04007999 0.10767531
v -0.01613794 -0.04007999 0.10130559
v -0.01562665 -0.04006869 0.10151734
v -0.01826510 -0.04006869 0.10788713
v -0.02327964 -0.00790024 0.14770846
v -0.02290525 -0.00779994 0.14748427
v 0.00119271 0.01657209 0.14770846
v 0.00109241 0.01619772 0.14748427
v 0.03509757 -0.00071828 0.09127995
v 0.03509757 -0.00708806 0.08864156
v 0.03508625 -0.00687625 0.08813027
v 0.03508625 -0.00050652 0.09076867
v 0.03509757 -0.00872592 0.08700368
v 0.03509757 -0.01136437 0.08063391
v 0.03508625 -0.01085304 0.08042215
v 0.03508625 -0.00821464 0.08679192
v -0.02038237 -0.02253026 0.14153546
v -0.02038237 -0.02253026 0.14444049
v 0.01582273 0.01367484 0.14153546
v 0.01582273 0.01367484 0.14444049
v -0.00581405 -0.04007999 0.09702928
v 0.00055572 -0.04007999 0.09966771
v 0.00034391 -0.04006869 0.10017901
v -0.00602581 -0.04006869 0.09754056
v -0.01613794 -0.04007999 0.11636137
v -0.01877638 -0.04007999 0.10999159
v -0.01826510 -0.04006869 0.10977984
v -0.01562665 -0.04006869 0.11614957
v -0.00773404 -0.04489173 0.10382560
v -0.00997459 -0.04489173 0.10475367
v -0.00997591 -0.04433817 0.10475044
v -0.00773540 -0.04433817 0.10382234
v -0.01105199 -0.04489173 0.10583107
v -0.01198005 -0.04489173 0.10807161
v -0.01198328 -0.04433817 0.10807024
v -0.01105525 -0.04433817 0.10582973
v -0.00396980 -0.04489173 0.10475367
v -0.00621031 -0.04489173 0.10382560
v -0.00620899 -0.04433817 0.10382234
v -0.00396848 -0.04433817 0.10475039
v -0.01198005 -0.04489173 0.10959535
v -0.01105199 -0.04489173 0.11183585
v -0.01105522 -0.04433817 0.11183718
v -0.01198331 -0.04433817 0.10959667
v 0.00219359 -0.04007999 0.10130559
v 0.00483198 -0.04007999 0.10767531
v 0.00432070 -0.04006869 0.10788713
v 0.00168230 -0.04006869 0.10151734
v -0.00813034 -0.04007999 0.12063764
v -0.01450007 -0.04007999 0.11799920
v -0.01428831 -0.04006869 0.11748795
v -0.00791853 -0.04006869 0.12012639
v -0.00196430 -0.04489173 0.10807158
v -0.00289235 -0.04489173 0.10583107
v -0.00288914 -0.04433817 0.10582973
v -0.00196108 -0.04433817 0.10807024
v -0.00997459 -0.04489173 0.11291329
v -0.00773404 -0.04489173 0.11384130
v -0.00773540 -0.04433817 0.11384457
v -0.00997591 -0.04433817 0.11291652
v 0.01101687 0.00128947 0.14770846
v 0.00901890 0.00874595 0.14770846
v 0.00864447 0.00864566 0.14748427
v 0.01064243 0.00118913 0.14748427
v -0.00799700 -0.01772435 0.14770846
v -0.00789666 -0.01734997 0.14748427
v -0.00289235 -0.04489173 0.11183585
v -0.00196434 -0.04489173 0.10959530
v -0.00196108 -0.04433817 0.10959667
v -0.00288914 -0.04433817 0.11183718
v -0.00621031 -0.04489173 0.11384136
v -0.00396980 -0.04489173 0.11291326
v -0.00396848 -0.04433817 0.11291652
v -0.00620899 -0.04433817 0.11384457
v -0.00713038 -0.02608110 0.14153546
v -0.00713038 -0.02608110 0.14444049
v 0.01937357 0.00042285 0.14153546
v 0.01937357 0.00042285 0.14444049
v 0.00483198 -0.04007999 0.10999159
v 0.00219359 -0.04007999 0.11636137
v 0.00168230 -0.04006869 0.11614957
v 0.00432070 -0.04006869 0.10977980
v 0.00055572 -0.04007999 0.11799920
v -0.00581405 -0.04007999 0.12063764
v -0.00602581 -0.04006869 0.12012636
v 0.00034396 -0.04006869 0.11748795
v -0.00058534 -0.01008456 0.15827984
v 0.00337703 -0.00612216 0.15827984
v -0.00280559 -0.00245558 0.16151394
v -0.00425197 -0.00390194 0.16151394
v 0.00245924 -0.01496646 0.14751189
v 0.00825893 -0.00916677 0.14751189
v 0.00607748 -0.00784281 0.15177669
v 0.00113528 -0.01278501 0.15177669
v 0.00612159 -0.02253026 0.14153546
v 0.00612159 -0.02253026 0.14444049
v 0.01582273 -0.01282912 0.14153546
v 0.01582273 -0.01282912 0.14444049
v -0.03885067 0.01873656 0.00566088
v -0.04375785 0.00042285 0.00566088
v -0.04375785 0.00042285 0.01525365
v -0.03885067 0.01873656 0.01525365
v -0.00461051 -0.00389051 0.16200017
v -0.00076242 -0.01060670 0.15855860
v 0.00389921 -0.00594506 0.15855860
v -0.00281698 -0.00209703 0.16200017
v 0.00683550 0.00757010 0.15188054
v 0.00645456 0.00746804 0.15166896
v -0.03393066 -0.00493982 0.01870154
v -0.03516107 -0.00544947 0.01870154
v -0.03393066 -0.00667989 0.01870154
v -0.03567073 -0.00667989 0.01870154
v -0.03270025 -0.00544947 0.01870154
v -0.03516107 -0.00791030 0.01870154
v -0.03219058 -0.00667989 0.01870154
v -0.03393066 -0.00841995 0.01870154
v -0.03270025 -0.00791030 0.01870154
v -0.03393066 -0.00461082 0.01857561
v -0.03539369 -0.00521685 0.01857561
v -0.03599973 -0.00667989 0.01857561
v -0.03246758 -0.00521685 0.01857561
v -0.03539369 -0.00814297 0.01857561
v -0.03186160 -0.00667989 0.01857561
v -0.03393066 -0.00874895 0.01857561
v -0.03246758 -0.00814297 0.01857561
v -0.00033891 0.02871381 0.01870154
v -0.00156932 0.02820415 0.01870154
v -0.00033891 0.02697374 0.01870154
v -0.00207898 0.02697374 0.01870154
v -0.00156932 0.02574333 0.01870154
v 0.00089150 0.02820415 0.01870154
v 0.00140115 0.02697374 0.01870154
v -0.00033891 0.02523368 0.01870154
v 0.00089150 0.02574333 0.01870154
v -0.00180199 0.02843682 0.01857561
v -0.00240801 0.02697374 0.01857561
v -0.00033891 0.02904285 0.01857561
v 0.00112412 0.02843682 0.01857561
v -0.00180199 0.02551071 0.01857561
v -0.00033891 0.02490468 0.01857561
v 0.00173015 0.02697374 0.01857561
v 0.00112412 0.02551071 0.01857561
v -0.02109624 -0.00672439 0.15188054
v -0.02071528 -0.00662233 0.15166896
v 0.00001690 0.01438871 0.15188054
v -0.00008520 0.01400780 0.15166896
v -0.00792362 -0.01524558 0.15188054
v -0.00782155 -0.01486462 0.15166896
v 0.00853805 0.00121607 0.15188054
v 0.00815709 0.00111402 0.15166896
v 0.04010157 -0.00226010 0.08217572
v 0.04056584 -0.00211290 0.08202853
v 0.04056584 0.00043984 0.08308591
v 0.04010157 0.00043984 0.08329405
v 0.04256465 -0.00201243 0.08192806
v 0.04256465 0.00043984 0.08294380
v 0.04279846 0.00043984 0.08283658
v 0.04279846 -0.00193661 0.08185225
v 0.04010157 -0.00337847 0.07947579
v 0.04056584 -0.00317033 0.07947579
v 0.04256465 -0.00302817 0.07947579
v 0.04279846 -0.00292095 0.07947579
v 0.04341005 0.00154688 0.08058279
v 0.04321187 0.00162871 0.08066465
v 0.04321187 0.00043984 0.08115706
v 0.04341005 0.00043984 0.08104132
v 0.04416759 0.00043984 0.08088206
v 0.04416759 0.00143424 0.08047018
v 0.04431314 0.00136817 0.08040406
v 0.04431314 0.00043984 0.08078860
v 0.04321187 -0.00074902 0.07828693
v 0.04341005 -0.00066716 0.07836875
v 0.04341005 -0.00112570 0.07947579
v 0.04321187 -0.00124148 0.07947579
v 0.04416759 -0.00055455 0.07848139
v 0.04416759 -0.00096642 0.07947579
v 0.04431314 -0.00048844 0.07854746
v 0.04431314 -0.00087296 0.07947579
v 0.03938536 -0.00954535 0.07855523
v 0.03938536 -0.00727167 0.07306610
v 0.03938536 -0.01067343 0.07841299
v 0.03938536 -0.00816991 0.07236904
v 0.03929895 -0.00833535 0.07223711
v 0.03929895 -0.01088364 0.07838930
v -0.00605166 -0.04436777 0.09884825
v -0.00056249 -0.04436777 0.10112193
v -0.00590942 -0.04436777 0.09772016
v 0.00013458 -0.04436777 0.10022368
v -0.00588569 -0.04428136 0.09750994
v 0.00026646 -0.04428136 0.10005828
v -0.01468368 -0.04436777 0.11524317
v -0.01695740 -0.04436777 0.10975400
v -0.01558197 -0.04436777 0.11594024
v -0.01808544 -0.04436777 0.10989624
v -0.01829570 -0.04428136 0.10991997
v -0.01574738 -0.04428136 0.11607212
v 0.03938536 0.00684952 0.08718730
v 0.03938536 0.00136040 0.08946098
v 0.03938536 0.00754663 0.08808554
v 0.03938536 0.00150264 0.09058906
v 0.03929895 0.00767852 0.08825098
v 0.03929895 0.00152633 0.09079927
v -0.00967211 -0.04508403 0.10613351
v -0.00952496 -0.04554825 0.10628070
v -0.01058234 -0.04554825 0.10883348
v -0.01079048 -0.04508403 0.10883348
v -0.00942400 -0.04755587 0.10638166
v -0.01043961 -0.04755587 0.10883348
v -0.00935176 -0.04778876 0.10645390
v -0.01033741 -0.04778876 0.10883348
v -0.00789273 -0.04436777 0.11881867
v -0.01338186 -0.04436777 0.11654499
v -0.00803499 -0.04436777 0.11994675
v -0.01407897 -0.04436777 0.11744323
v -0.01421086 -0.04428136 0.11760868
v -0.00805867 -0.04428136 0.12015697
v 0.04341005 0.00200542 0.07947579
v 0.04321187 0.00212115 0.07947579
v 0.04416759 0.00184611 0.07947579
v 0.04431314 0.00175264 0.07947579
v 0.04321187 0.00043988 0.07779448
v 0.04341005 0.00043984 0.07791020
v 0.04416759 0.00043984 0.07806953
v 0.04431314 0.00043984 0.07816300
v 0.04056584 0.00299262 0.08202853
v 0.04010157 0.00313981 0.08217572
v 0.04256465 0.00289210 0.08192806
v 0.04279846 0.00281629 0.08185225
v 0.04010157 -0.00226010 0.07677583
v 0.04056584 -0.00211290 0.07692300
v 0.04256465 -0.00201243 0.07702352
v 0.04279846 -0.00193661 0.07709935
v -0.00697217 -0.04508403 0.10501518
v -0.00697217 -0.04554825 0.10522331
v -0.00697217 -0.04755587 0.10536609
v -0.00697217 -0.04778876 0.10546825
v -0.00697217 -0.04489173 0.10451265
v -0.01002748 -0.04489173 0.10577818
v -0.01129299 -0.04489173 0.10883348
v -0.00391692 -0.04489173 0.10577818
v -0.00427224 -0.04508403 0.10613351
v -0.00967214 -0.04508403 0.11153340
v -0.01002748 -0.04489173 0.11188874
v -0.00265140 -0.04489173 0.10883348
v -0.00315392 -0.04508403 0.10883348
v -0.00697217 -0.04508403 0.11265174
v -0.00697217 -0.04489173 0.11315426
v -0.00427224 -0.04508403 0.11153340
v -0.00391692 -0.04489173 0.11188874
v -0.01695740 -0.04436777 0.10791291
v -0.01468373 -0.04436777 0.10242379
v -0.01808544 -0.04436777 0.10777067
v -0.01558197 -0.04436777 0.10172667
v -0.01574738 -0.04428136 0.10159480
v -0.01829570 -0.04428136 0.10774699
v -0.01338186 -0.04436777 0.10112193
v -0.00789273 -0.04436777 0.09884825
v -0.01407897 -0.04436777 0.10022368
v -0.00803499 -0.04436777 0.09772016
v -0.01421086 -0.04428136 0.10005828
v -0.00805872 -0.04428136 0.09750994
v -0.01565823 -0.03927557 0.11751950
v -0.01925609 -0.03927557 0.10883348
v -0.01925609 -0.04460459 0.10883348
v -0.01874118 -0.04460428 0.10983493
v -0.01565823 -0.04460459 0.11751950
v -0.01600226 -0.04460428 0.11644725
v -0.01916126 -0.04480761 0.10883348
v -0.01865089 -0.04480214 0.10982470
v -0.01593116 -0.04480214 0.11639065
v -0.01559114 -0.04480761 0.11745244
v 0.04341005 -0.00066716 0.08058279
v 0.04321187 -0.00074902 0.08066465
v 0.04416759 -0.00055455 0.08047018
v 0.04431314 -0.00048844 0.08040406
v -0.01565823 -0.03927557 0.10014742
v -0.01565823 -0.04460459 0.10014742
v -0.01600226 -0.04460428 0.10121967
v -0.01874118 -0.04460428 0.10783203
v -0.01559119 -0.04480761 0.10021446
v -0.01593116 -0.04480214 0.10127626
v -0.01865089 -0.04480214 0.10784226
v -0.00697217 -0.03927557 0.09654956
v -0.01458598 -0.04460428 0.09980338
v -0.00697217 -0.04460459 0.09654956
v -0.00797367 -0.04460428 0.09706447
v -0.01452940 -0.04480214 0.09987449
v -0.00796340 -0.04480214 0.09715477
v -0.00697217 -0.04480761 0.09664439
v 0.03938536 -0.00048068 0.08946098
v 0.03938536 -0.00596985 0.08718730
v 0.03938536 -0.00062292 0.09058906
v 0.03938536 -0.00666692 0.08808554
v 0.03929895 -0.00064666 0.09079927
v 0.03929895 -0.00679880 0.08825098
v 0.00171384 -0.03927557 0.10014742
v -0.00597073 -0.04460428 0.09706447
v 0.00171384 -0.04460459 0.10014742
v 0.00064159 -0.04460428 0.09980338
v -0.00598096 -0.04480214 0.09715477
v 0.00058500 -0.04480214 0.09987449
v 0.00164679 -0.04480761 0.10021446
v 0.03938536 -0.00727167 0.08588543
v 0.03938536 -0.00954535 0.08039630
v 0.03938536 -0.00816991 0.08658254
v 0.03938536 -0.01067343 0.08053856
v 0.03929895 -0.01088364 0.08056229
v 0.03929895 -0.00833535 0.08671443
v 0.03429315 0.00043984 0.09175971
v 0.03429315 -0.00824618 0.08816180
v 0.03962217 0.00043984 0.09175971
v 0.03962186 -0.00056161 0.09124475
v 0.03962217 -0.00824618 0.08816180
v 0.03962186 -0.00717393 0.08850588
v 0.03982519 0.00043984 0.09166488
v 0.03981972 -0.00055139 0.09115448
v 0.03981972 -0.00711734 0.08843479
v 0.03982519 -0.00817913 0.08809476
v 0.03429315 -0.01184408 0.07947579
v 0.03962217 -0.01184408 0.07947579
v 0.03962186 -0.01132917 0.08047724
v 0.03962186 -0.00859021 0.08708960
v 0.03982519 -0.01174925 0.07947579
v 0.03981972 -0.01123888 0.08046700
v 0.03981972 -0.00851915 0.08703301
v 0.00073934 -0.04436777 0.11524317
v 0.00074396 -0.04492123 0.11524506
v 0.00163757 -0.04436777 0.11594024
v 0.00180302 -0.04428136 0.11607212
v 0.00198681 -0.04480214 0.11639065
v 0.00182547 -0.04488744 0.11624523
v 0.00186446 -0.04407482 0.11612818
v 0.00205787 -0.04460428 0.11644725
v -0.02912025 0.01311874 0.14595991
v -0.02892137 0.01300388 0.14604550
v -0.01971141 0.02221384 0.14604550
v -0.01982622 0.02241276 0.14595991
v -0.02500484 0.01074268 0.14617596
v -0.01745022 0.01829734 0.14617596
v -0.03252214 0.00042285 0.14595991
v -0.03229247 0.00042285 0.14604550
v -0.00713038 0.02558494 0.14604550
v -0.00713038 0.02581461 0.14595991
v -0.02403109 0.01018045 0.14651594
v -0.01688798 0.01732356 0.14651594
v -0.02777004 0.00042285 0.14617596
v -0.00713038 0.02106251 0.14617596
v -0.02664562 0.00042285 0.14651594
v -0.00713038 0.01993809 0.14651594
v -0.02912025 -0.01227302 0.14595991
v -0.02892137 -0.01215817 0.14604550
v 0.00545063 0.02221384 0.14604550
v 0.00556549 0.02241276 0.14595991
v -0.02500484 -0.00989697 0.14617596
v 0.00318944 0.01829734 0.14617596
v -0.02403109 -0.00933474 0.14651594
v 0.00262725 0.01732356 0.14651594
v 0.01466060 0.01300388 0.14604550
v 0.01485952 0.01311874 0.14595991
v -0.01982622 -0.02156705 0.14595991
v -0.01971141 -0.02136813 0.14604550
v 0.01074411 0.01074268 0.14617596
v -0.01745022 -0.01745164 0.14617596
v 0.00977030 0.01018045 0.14651594
v -0.01688798 -0.01647783 0.14651594
v 0.01238484 0.00042285 0.14651594
v 0.01350931 0.00042285 0.14617596
v -0.00713038 -0.02021679 0.14617596
v -0.00713038 -0.01909237 0.14651594
v 0.01803170 0.00042285 0.14604550
v -0.00713038 -0.02473923 0.14604550
v 0.01826136 0.00042285 0.14595991
v -0.00713038 -0.02496890 0.14595991
v 0.00977030 -0.00933474 0.14651594
v 0.01074411 -0.00989697 0.14617596
v 0.00318944 -0.01745164 0.14617596
v 0.00262725 -0.01647783 0.14651594
v 0.01466060 -0.01215817 0.14604550
v 0.00545063 -0.02136813 0.14604550
v 0.00556549 -0.02156705 0.14595991
v 0.01485952 -0.01227302 0.14595991
v -0.02946229 0.01331620 0.14458025
v -0.02940571 0.01328352 0.14469661
v -0.01999105 0.02269823 0.14469661
v -0.02002373 0.02275476 0.14458025
v -0.02922703 0.01318036 0.14575412
v -0.01988789 0.02251950 0.14575412
v -0.03291708 0.00042285 0.14458025
v -0.03285175 0.00042285 0.14469661
v -0.00713038 0.02614422 0.14469661
v -0.00713038 0.02620955 0.14458025
v -0.03264542 0.00042285 0.14575412
v -0.00713038 0.02593789 0.14575412
v -0.02946229 -0.01247049 0.14458025
v -0.02940571 -0.01243781 0.14469661
v 0.00573031 0.02269823 0.14469661
v 0.00576296 0.02275476 0.14458025
v -0.02922703 -0.01233464 0.14575412
v 0.00562715 0.02251950 0.14575412
v -0.02002373 -0.02190905 0.14458025
v -0.01999105 -0.02185251 0.14469661
v 0.01514498 0.01328352 0.14469661
v 0.01520152 0.01331620 0.14458025
v 0.01496626 0.01318036 0.14575412
v -0.01988789 -0.02167379 0.14575412
v -0.00713038 -0.02536383 0.14458025
v -0.00713038 -0.02529851 0.14469661
v 0.01859098 0.00042285 0.14469661
v 0.01865630 0.00042285 0.14458025
v -0.00713038 -0.02509217 0.14575412
v 0.01838464 0.00042285 0.14575412
v 0.00576296 -0.02190905 0.14458025
v 0.00573031 -0.02185251 0.14469661
v 0.01514498 -0.01243781 0.14469661
v 0.01520152 -0.01247049 0.14458025
v 0.00562715 -0.02167379 0.14575412
v 0.01496626 -0.01233464 0.14575412
v -0.02956904 0.01337781 0.14452238
v -0.02008534 0.02286151 0.14452238
v -0.03304031 0.00042285 0.14452238
v -0.00713038 0.02633278 0.14452238
v -0.02956904 -0.01253210 0.14452238
v 0.00582457 0.02286151 0.14452238
v -0.02008534 -0.02201580 0.14452238
v 0.01530826 0.01337781 0.14452238
v -0.00713038 -0.02548706 0.14452238
v 0.01877953 0.00042285 0.14452238
v 0.00582457 -0.02201580 0.14452238
v 0.01530826 -0.01253210 0.14452238
v 0.03429315 0.00831075 0.07160488
v 0.03429315 0.01157096 0.07947579
v 0.03429315 0.01272375 0.07947579
v 0.03429315 0.00912590 0.07078973
v 0.03429315 0.00043988 0.06834470
v 0.03429315 0.00043984 0.06719187
v 0.03420974 0.00815659 0.07175903
v 0.03420974 0.01135299 0.07947579
v 0.03420974 0.00043988 0.06856264
v 0.03429315 -0.00743103 0.07160488
v 0.03429315 -0.00824618 0.07078973
v 0.03429315 0.00831075 0.08734665
v 0.03429315 0.00912590 0.08816180
v 0.03420974 -0.00727687 0.07175903
v 0.03420974 0.00815659 0.08719250
v 0.03429315 -0.01069126 0.07947579
v 0.03420974 -0.01047327 0.07947579
v 0.03420974 0.00043988 0.09038890
v 0.03429315 0.00043988 0.09060687
v 0.03429315 -0.00743103 0.08734665
v 0.03420974 -0.00727687 0.08719250
v 0.03962217 0.00912590 0.07078973
v 0.03962186 0.00946992 0.07186198
v 0.03962217 0.01272375 0.07947579
v 0.03962186 0.01220885 0.07847430
v 0.03982519 0.00905880 0.07085682
v 0.03981972 0.00939883 0.07191857
v 0.03981972 0.01211856 0.07848453
v 0.03982519 0.01262892 0.07947579
v 0.03962186 0.00805365 0.07044570
v 0.03962217 0.00043984 0.06719187
v 0.03962186 0.00144129 0.06770679
v 0.03981972 0.00799706 0.07051681
v 0.03981972 0.00143106 0.06779707
v 0.03982519 0.00043984 0.06728671
v -0.01987809 0.02250252 0.14029632
v -0.02921005 0.01317056 0.14029632
v -0.02940103 0.01328083 0.14128011
v -0.01998836 0.02269350 0.14128011
v -0.02002250 0.02275269 0.14139616
v -0.02946022 0.01331501 0.14139616
v -0.03262579 0.00042285 0.14029632
v -0.03284633 0.00042285 0.14128011
v -0.00713038 0.02591826 0.14029632
v -0.00713038 0.02613879 0.14128011
v -0.03291465 0.00042285 0.14139616
v -0.00713038 0.02620712 0.14139616
v -0.02921005 -0.01232484 0.14029632
v -0.02940103 -0.01243511 0.14128011
v 0.00561731 0.02250252 0.14029632
v 0.00572758 0.02269350 0.14128011
v -0.02946022 -0.01246930 0.14139616
v 0.00576177 0.02275269 0.14139616
v 0.01494928 0.01317056 0.14029632
v 0.01514026 0.01328083 0.14128011
v -0.01987809 -0.02165681 0.14029632
v -0.01998836 -0.02184779 0.14128011
v 0.01519945 0.01331501 0.14139616
v -0.02002250 -0.02190698 0.14139616
v -0.00713038 -0.02507255 0.14029632
v -0.00713038 -0.02529308 0.14128011
v 0.01836502 0.00042285 0.14029632
v 0.01858555 0.00042285 0.14128011
v -0.00713038 -0.02536140 0.14139616
v 0.01865387 0.00042285 0.14139616
v 0.00561731 -0.02165681 0.14029632
v 0.00572758 -0.02184779 0.14128011
v 0.01494928 -0.01232484 0.14029632
v 0.01514026 -0.01243511 0.14128011
v 0.00576177 -0.02190698 0.14139616
v 0.01519945 -0.01246930 0.14139616
v -0.02008487 0.02286071 0.14145368
v -0.02956824 0.01337737 0.14145368
v -0.03303939 0.00042285 0.14145368
v -0.00713038 0.02633186 0.14145368
v -0.02956824 -0.01253166 0.14145368
v 0.00582413 0.02286071 0.14145368
v 0.01530747 0.01337737 0.14145368
v -0.02008487 -0.02201500 0.14145368
v -0.00713038 -0.02548613 0.14145368
v 0.01877865 0.00042285 0.14145368
v 0.00582413 -0.02201500 0.14145368
v 0.01530747 -0.01253166 0.14145368
v 0.03962186 -0.00056161 0.06770679
v 0.03962217 -0.00824618 0.07078973
v 0.03962186 -0.00717397 0.07044570
v 0.03981972 -0.00055139 0.06779707
v 0.03981972 -0.00711739 0.07051681
v 0.03982519 -0.00817913 0.07085682
v -0.00056249 -0.04436777 0.11654499
v -0.00056060 -0.04492123 0.11654961
v 0.00032256 -0.04407482 0.11767007
v 0.00026646 -0.04428136 0.11760868
v 0.00058500 -0.04480214 0.11779247
v 0.00064164 -0.04460428 0.11786353
v 0.00013458 -0.04436777 0.11744323
v 0.00043959 -0.04488744 0.11763113
v -0.00605166 -0.04436777 0.11881867
v -0.00604972 -0.04492123 0.11882330
v -0.00588190 -0.04407482 0.12024006
v -0.00597073 -0.04460428 0.12060244
v -0.00590942 -0.04436777 0.11994675
v -0.00599221 -0.04488744 0.12029524
v -0.00588569 -0.04428136 0.12015697
v -0.00598096 -0.04480214 0.12051216
v 0.00301301 -0.04436777 0.10975400
v 0.00301764 -0.04492123 0.10975589
v 0.00443440 -0.04407482 0.10992376
v 0.00435131 -0.04428136 0.10991997
v 0.00470650 -0.04480214 0.10982466
v 0.00479679 -0.04460428 0.10983493
v 0.00414109 -0.04436777 0.10989624
v 0.00448958 -0.04488744 0.10981345
v -0.00789464 -0.04492123 0.11882330
v -0.00806246 -0.04407482 0.12024006
v -0.00796340 -0.04480214 0.12051216
v -0.00797363 -0.04460428 0.12060244
v -0.00795215 -0.04488744 0.12029524
v 0.00301301 -0.04436777 0.10791291
v 0.00301764 -0.04492123 0.10791102
v 0.00443440 -0.04407482 0.10774315
v 0.00479679 -0.04460428 0.10783198
v 0.00414109 -0.04436777 0.10777067
v 0.00448958 -0.04488744 0.10785346
v 0.00435131 -0.04428136 0.10774694
v 0.00470650 -0.04480214 0.10784226
v 0.00155566 0.03704909 0.11751950
v 0.00515357 0.03704909 0.10883348
v 0.00515357 0.04237810 0.10883348
v 0.00463862 0.04237779 0.10983493
v 0.00189970 0.04237779 0.11644725
v 0.00155566 0.04237810 0.11751950
v 0.00505874 0.04258113 0.10883348
v 0.00454833 0.04257567 0.10982470
v 0.00182865 0.04257567 0.11639065
v 0.00148863 0.04258113 0.11745244
v -0.00713035 0.03704909 0.12111740
v -0.00612889 0.04237779 0.12060244
v -0.00713035 0.04237810 0.12111740
v 0.00048343 0.04237779 0.11786353
v -0.00713035 0.04258113 0.12102257
v -0.00613917 0.04257567 0.12051216
v 0.00042683 0.04257567 0.11779247
v 0.04321187 0.00162874 0.07828693
v 0.04341005 0.00154688 0.07836875
v 0.04416759 0.00143424 0.07848139
v 0.04431314 0.00136817 0.07854746
v 0.03962186 0.01220885 0.08047724
v 0.03962217 0.00912590 0.08816180
v 0.03962186 0.00946992 0.08708957
v 0.03981972 0.01211856 0.08046700
v 0.03981972 0.00939883 0.08703297
v 0.03982519 0.00905880 0.08809476
v 0.03938536 0.00815135 0.07306610
v 0.03938536 0.01042507 0.07855523
v 0.03938536 0.00904963 0.07236899
v 0.03938536 0.01155310 0.07841299
v 0.03929895 0.00921504 0.07223711
v 0.03929895 0.01176336 0.07838930
v 0.03938536 0.00136035 0.06949056
v 0.03938536 0.00684952 0.07176424
v 0.03938536 0.00150260 0.06836252
v 0.03938536 0.00754660 0.07086600
v 0.03929895 0.00767852 0.07070060
v 0.03929895 0.00152633 0.06815228
v 0.03990927 0.00476065 0.07947579
v 0.04010157 0.00425814 0.07947579
v 0.04010157 0.00313981 0.07677583
v 0.03990927 0.00349509 0.07642049
v 0.04010157 0.00043984 0.07565749
v 0.03990927 0.00043984 0.07515497
v 0.03990927 0.00349509 0.08253105
v 0.03990927 -0.00261542 0.07642049
v 0.03990927 0.00043984 0.08379656
v 0.03990927 -0.00388094 0.07947579
v 0.03990927 -0.00261542 0.08253105
v 0.03938536 0.01042507 0.08039630
v 0.03938536 0.00815139 0.08588548
v 0.03938536 0.01155310 0.08053856
v 0.03938536 0.00904963 0.08658254
v 0.03929895 0.01176336 0.08056229
v 0.03929895 0.00921504 0.08671443
v 0.03938536 -0.00596985 0.07176424
v 0.03938536 -0.00048072 0.06949056
v 0.03938536 -0.00666692 0.07086600
v 0.03938536 -0.00062292 0.06836252
v 0.03929895 -0.00064666 0.06815228
v 0.03929895 -0.00679880 0.07070060
v 0.04056584 0.00405001 0.07947579
v 0.04056584 0.00299262 0.07692300
v 0.04256465 0.00390789 0.07947579
v 0.04279846 0.00380067 0.07947579
v 0.04279846 0.00281629 0.07709930
v 0.04256465 0.00289210 0.07702352
v 0.04056584 0.00043984 0.07586563
v 0.04256465 0.00043984 0.07600774
v 0.04279846 0.00043984 0.07611496
v 0.03962186 -0.00859021 0.07186198
v 0.03962186 -0.01132917 0.07847430
v 0.03981972 -0.00851915 0.07191857
v 0.03981972 -0.01123888 0.07848457
v 0.03962186 0.00805365 0.08850588
v 0.03962186 0.00144133 0.09124475
v 0.03981972 0.00799706 0.08843479
v 0.03981972 0.00143106 0.09115448
v 0.04311002 0.00178242 0.07813321
v 0.04311002 0.00043984 0.07757706
v 0.04311002 0.00233856 0.07947579
v 0.04311002 0.00178242 0.08081836
v 0.04311002 -0.00090273 0.07813321
v 0.04311002 0.00043984 0.08137447
v 0.04311002 -0.00145884 0.07947579
v 0.04311002 -0.00090273 0.08081836
v 0.04292054 0.00355967 0.07947579
v 0.04292054 0.00264589 0.07726972
v 0.04292054 0.00043984 0.07635597
v 0.04292054 0.00264589 0.08168181
v 0.04292054 -0.00176617 0.07726972
v 0.04292054 -0.00267999 0.07947579
v 0.04292054 0.00043984 0.08259557
v 0.04292054 -0.00176617 0.08168181
v 0.03909236 -0.01096674 0.08056608
v 0.03909236 -0.00839679 0.08677049
v -0.01426692 -0.04407482 0.11767007
v 0.00186446 -0.04407482 0.10153874
v 0.00180302 -0.04428136 0.10159480
v -0.01837880 -0.04407482 0.10992376
v -0.01580882 -0.04407482 0.11612822
v 0.00032253 -0.04407482 0.09999684
v -0.00588190 -0.04407482 0.09742685
v -0.01580882 -0.04407482 0.10153874
v -0.01837880 -0.04407482 0.10774319
v -0.00806250 -0.04407482 0.09742685
v -0.01426692 -0.04407482 0.09999684
v -0.01808699 0.03667453 0.10883343
v -0.01487661 0.03667523 0.10108717
v -0.01493201 0.03686137 0.10103181
v -0.01816435 0.03686109 0.10883343
v 0.03909236 -0.00685490 0.08831238
v 0.03909236 -0.00065044 0.09088237
v 0.03909236 -0.00839679 0.07218104
v 0.03909236 -0.01096674 0.07838551
v 0.03909236 0.00153013 0.09088237
v 0.03909236 0.00773458 0.08831238
v 0.03909236 -0.00065044 0.06806921
v 0.03909236 -0.00685490 0.07063915
v 0.03909236 0.00927648 0.08677049
v 0.03909236 0.01184641 0.08056608
v 0.03909236 0.00773458 0.07063915
v 0.03909236 0.00153013 0.06806921
v 0.03909236 0.01184641 0.07838551
v 0.03909236 0.00927648 0.07218104
v 0.00427624 0.04184829 0.10992376
v 0.00170625 0.04184829 0.11612822
v 0.00419314 0.04205489 0.10991997
v 0.00164485 0.04205489 0.11607212
v -0.01792837 -0.03889695 0.10883343
v -0.01471871 -0.03889730 0.10108691
v -0.01477486 -0.03908669 0.10103075
v -0.01800728 -0.03908656 0.10883343
v -0.01820348 -0.03917831 0.10883343
v -0.01491362 -0.03917826 0.10089203
v -0.00697217 -0.03917875 0.09759754
v 0.00096927 -0.03917826 0.10089203
v -0.01491362 -0.03917826 0.11677493
v 0.00425913 -0.03917831 0.10883343
v 0.00531174 -0.03927557 0.10883348
v -0.00697217 -0.03917848 0.12006680
v -0.00697217 -0.03927557 0.12111740
v 0.00096927 -0.03917826 0.11677493
v 0.00171384 -0.03927557 0.11751950
v -0.01477486 -0.03908669 0.11663615
v -0.00697169 -0.03908488 0.09779320
v 0.00083050 -0.03908669 0.10103075
v -0.00697266 -0.03908573 0.11987102
v 0.00406293 -0.03908656 0.10883343
v 0.00083050 -0.03908669 0.11663615
v 0.00077436 -0.03889730 0.11658005
v -0.00697394 -0.03889478 0.11979493
v -0.01471866 -0.03889735 0.11658000
v 0.00398402 -0.03889695 0.10883343
v 0.00077431 -0.03889735 0.10108695
v -0.00697046 -0.03889254 0.09786643
v 0.00016435 0.04184829 0.11767007
v -0.00604006 0.04184829 0.12024006
v -0.00604386 0.04205489 0.12015697
v 0.00010829 0.04205489 0.11760868
v -0.01506843 0.03695134 0.10089539
v -0.01835727 0.03695143 0.10883343
v -0.01941427 0.03704909 0.10883348
v -0.01581640 0.03704909 0.10014742
v -0.00713038 0.03695223 0.09759754
v -0.00713035 0.03704909 0.09654956
v 0.00080775 0.03695134 0.10089539
v 0.00155566 0.03704909 0.10014742
v -0.01506848 0.03695134 0.11677157
v -0.01581640 0.03704909 0.11751950
v 0.00409654 0.03695143 0.10883343
v -0.00713038 0.03695178 0.12006425
v 0.00080770 0.03695134 0.11677157
v -0.00713136 0.03685788 0.09778946
v 0.00067128 0.03686137 0.10103181
v 0.00390362 0.03686109 0.10883343
v -0.01493201 0.03686137 0.11663514
v 0.00067123 0.03686137 0.11663510
v -0.00712942 0.03685956 0.11987198
v 0.00382621 0.03667453 0.10883343
v 0.00061584 0.03667523 0.11657974
v -0.00712712 0.03667056 0.11979988
v -0.01487665 0.03667523 0.11657983
v 0.00061592 0.03667523 0.10108713
v -0.00713369 0.03666633 0.09785597
v -0.00697217 -0.04554825 0.11244360
v -0.00441943 -0.04554825 0.11138623
v -0.00697217 -0.04755587 0.11230087
v -0.00452035 -0.04755587 0.11128530
v -0.00697217 -0.04778876 0.11219871
v -0.00459260 -0.04778876 0.11121306
v 0.01118337 0.03214314 0.00566088
v -0.00713038 0.03705028 0.00566088
v -0.00713038 0.03705028 0.01525365
v 0.01118337 0.03214314 0.01525365
v -0.02544410 0.03214314 0.00566088
v -0.02544410 0.03214314 0.01525365
v -0.00697217 -0.04460459 0.12111740
v 0.00171384 -0.04460459 0.11751950
v -0.00697217 -0.04480761 0.12102257
v 0.00164679 -0.04480761 0.11745244
v 0.00531174 -0.04460459 0.10883348
v 0.00521686 -0.04480761 0.10883348
v -0.00336206 -0.04554825 0.10883348
v -0.00350479 -0.04755587 0.10883348
v -0.00360694 -0.04778876 0.10883348
v -0.02619215 0.01785614 0.01827168
v -0.02463275 0.01850205 0.01827168
v -0.01338380 -0.04492123 0.10111730
v -0.01438398 -0.04488744 0.10003578
v 0.00073934 -0.04436777 0.10242379
v 0.00163757 -0.04436777 0.10172667
v -0.00952496 -0.04554825 0.11138623
v -0.00942400 -0.04755587 0.11128530
v -0.00935176 -0.04778876 0.11121306
v -0.00441943 -0.04554825 0.10628070
v -0.00452035 -0.04755587 0.10638166
v -0.00459260 -0.04778876 0.10645390
v -0.00835992 -0.04817294 0.10744573
v -0.00821445 -0.04827041 0.10759121
v -0.00872901 -0.04827041 0.10883348
v -0.00893477 -0.04817294 0.10883348
v -0.00697217 -0.04817294 0.10687089
v -0.00697217 -0.04827041 0.10707665
v -0.00697217 -0.04844573 0.10720871
v -0.00812104 -0.04844573 0.10768461
v -0.00859691 -0.04844573 0.10883348
v -0.00697217 -0.04909301 0.10747565
v -0.00793234 -0.04909297 0.10787331
v -0.00833001 -0.04909297 0.10883348
v -0.00821445 -0.04827041 0.11007571
v -0.00835992 -0.04817294 0.11022123
v -0.00558443 -0.04817294 0.10744573
v -0.00572995 -0.04827041 0.10759121
v -0.00582331 -0.04844573 0.10768461
v -0.00812104 -0.04844573 0.10998235
v -0.00785692 -0.04921880 0.10794873
v -0.00822341 -0.04921880 0.10883348
v -0.00697217 -0.04921880 0.10758225
v -0.00601206 -0.04909297 0.10787331
v -0.00793234 -0.04909297 0.10979360
v -0.00608743 -0.04921880 0.10794873
v -0.00785692 -0.04921880 0.10971823
v -0.00500963 -0.04817294 0.10883348
v -0.00521539 -0.04827041 0.10883348
v -0.00697217 -0.04827041 0.11059027
v -0.00697217 -0.04817294 0.11079602
v -0.00534744 -0.04844573 0.10883348
v -0.00697217 -0.04844573 0.11045820
v -0.00561434 -0.04909297 0.10883348
v -0.00697217 -0.04909297 0.11019131
v -0.00572095 -0.04921880 0.10883348
v -0.00697217 -0.04921880 0.11008471
v -0.00572995 -0.04827041 0.11007571
v -0.00582331 -0.04844573 0.10998235
v -0.00558443 -0.04817294 0.11022123
v -0.00601206 -0.04909297 0.10979360
v -0.00608743 -0.04921880 0.10971823
v -0.00918776 -0.04791994 0.10661788
v -0.00697217 -0.04791994 0.10570020
v -0.01010546 -0.04791994 0.10883348
v -0.00918776 -0.04791994 0.11104903
v -0.00475663 -0.04791994 0.10661788
v -0.00383889 -0.04791994 0.10883348
v -0.00697217 -0.04791994 0.11196675
v -0.00475663 -0.04791994 0.11104903
v -0.01458598 -0.04460428 0.11786353
v -0.01452940 -0.04480214 0.11779247
v 0.00205787 -0.04460428 0.10121967
v 0.00198681 -0.04480214 0.10127626
v -0.01116151 0.00275193 0.16231620
v -0.01146356 0.00293087 0.16201698
v -0.01213699 0.00041743 0.16201698
v -0.01178594 0.00042140 0.16231620
v -0.01349831 0.01145241 0.15855860
v -0.00963836 0.00475603 0.16201698
v -0.01815995 0.00679077 0.15855860
v -0.00713038 0.01315870 0.15855860
v -0.00712496 0.00542949 0.16201698
v -0.01986618 0.00042285 0.15855860
v -0.00076247 0.01145241 0.15855860
v -0.00463177 0.00476145 0.16201698
v -0.01815995 -0.00594506 0.15855860
v -0.01146893 -0.00207576 0.16201698
v 0.00389921 0.00679077 0.15855860
v -0.00279179 0.00292147 0.16201698
v -0.01349827 -0.01060670 0.15855860
v -0.00962902 -0.00391574 0.16201698
v -0.00212375 0.00042828 0.16201698
v 0.00560550 0.00042285 0.15855860
v -0.00713035 -0.01231298 0.15855860
v -0.00713578 -0.00458378 0.16201698
v -0.00945942 0.00445398 0.16231620
v -0.00712893 0.00507844 0.16231620
v -0.00480388 0.00445543 0.16231620
v -0.01116297 -0.00190365 0.16231620
v -0.00309781 0.00274938 0.16231620
v -0.00945691 -0.00360972 0.16231620
v -0.00247480 0.00042431 0.16231620
v -0.00713185 -0.00423273 0.16231620
v -0.00310517 -0.00190908 0.16230859
v -0.00479845 -0.00360236 0.16230859
v 0.00170625 0.04184829 0.10153874
v 0.00427624 0.04184829 0.10774319
v 0.00164485 0.04205489 0.10159480
v 0.00419314 0.04205489 0.10774699
v -0.00822067 0.04184829 0.12024006
v -0.01442508 0.04184829 0.11767007
v -0.01436902 0.04205489 0.11760868
v -0.00821688 0.04205489 0.12015697
v -0.00604006 0.04184829 0.09742685
v 0.00016440 0.04184829 0.09999684
v -0.00604386 0.04205489 0.09750994
v 0.00010829 0.04205489 0.10005828
v -0.01596698 0.04184829 0.11612818
v -0.01853693 0.04184829 0.10992376
v -0.01845388 0.04205489 0.10991997
v -0.01590554 0.04205489 0.11607212
v -0.01442508 0.04184829 0.09999684
v -0.00822063 0.04184829 0.09742685
v -0.01436902 0.04205489 0.10005828
v -0.00821683 0.04205489 0.09750994
v -0.01853693 0.04184829 0.10774315
v -0.01596698 0.04184829 0.10153874
v -0.01590554 0.04205489 0.10159480
v -0.01845388 0.04205489 0.10774694
v -0.00828194 0.00108773 0.16521789
v -0.00836226 0.00113408 0.16505693
v -0.00855284 0.00042285 0.16505693
v -0.00846009 0.00042285 0.16521789
v -0.00779521 0.00157441 0.16521789
v -0.00784161 0.00165472 0.16505693
v -0.00713038 0.00175255 0.16521789
v -0.00713038 0.00184531 0.16505693
v -0.00836226 -0.00028837 0.16505693
v -0.00828194 -0.00024201 0.16521789
v -0.00646552 0.00157441 0.16521789
v -0.00641916 0.00165472 0.16505693
v -0.00784161 -0.00080901 0.16505693
v -0.00779521 -0.00072870 0.16521789
v -0.00597880 0.00108773 0.16521789
v -0.00589852 0.00113408 0.16505693
v -0.00713038 -0.00099960 0.16505693
v -0.00713038 -0.00090684 0.16521789
v -0.00580064 0.00042285 0.16521789
v -0.00570793 0.00042285 0.16505693
v -0.00641916 -0.00080901 0.16505693
v -0.00646552 -0.00072870 0.16521789
v -0.00589852 -0.00028837 0.16505693
v -0.00597880 -0.00024201 0.16521789
v -0.00817246 0.00102452 0.16584636
v -0.00773201 0.00146493 0.16584636
v -0.00713038 0.00162615 0.16584636
v -0.00833368 0.00042285 0.16584636
v -0.00652872 0.00146493 0.16584636
v -0.00817246 -0.00017881 0.16584636
v -0.00608827 0.00102452 0.16584636
v -0.00773201 -0.00061922 0.16584636
v -0.00592706 0.00042285 0.16584636
v -0.00713038 -0.00078043 0.16584636
v -0.00652872 -0.00061922 0.16584636
v -0.00608827 -0.00017881 0.16584636
v -0.01066827 0.00246545 0.16470501
v -0.01092584 0.00261414 0.16455702
v -0.01151300 0.00042285 0.16455702
v -0.01121558 0.00042285 0.16470501
v -0.00917298 0.00396074 0.16470501
v -0.00932167 0.00421831 0.16455702
v -0.00713038 0.00450805 0.16470501
v -0.00713038 0.00480547 0.16455702
v -0.01092584 -0.00176842 0.16455702
v -0.01066827 -0.00161974 0.16470501
v -0.00508779 0.00396074 0.16470501
v -0.00493906 0.00421831 0.16455702
v -0.00932167 -0.00337260 0.16455702
v -0.00917298 -0.00311502 0.16470501
v -0.00359247 0.00246545 0.16470501
v -0.00333493 0.00261414 0.16455702
v -0.00713038 -0.00395976 0.16455702
v -0.00713038 -0.00366234 0.16470501
v -0.00304519 0.00042285 0.16470501
v -0.00274777 0.00042285 0.16455702
v -0.00493906 -0.00337260 0.16455702
v -0.00508779 -0.00311502 0.16470501
v -0.00333493 -0.00176842 0.16455702
v -0.00359247 -0.00161974 0.16470501
v -0.00851231 0.00122071 0.16498018
v -0.00792824 0.00180483 0.16498018
v -0.00713038 0.00201861 0.16498018
v -0.00872609 0.00042285 0.16498018
v -0.00633249 0.00180483 0.16498018
v -0.00851231 -0.00037499 0.16498018
v -0.00574843 0.00122071 0.16498018
v -0.00792824 -0.00095910 0.16498018
v -0.00553464 0.00042285 0.16498018
v -0.00713038 -0.00117290 0.16498018
v -0.00633249 -0.00095910 0.16498018
v -0.00574843 -0.00037499 0.16498018
v -0.01104608 0.00268357 0.16274841
v -0.01165185 0.00042285 0.16274841
v -0.00939110 0.00433855 0.16274841
v -0.00713038 0.00494432 0.16274841
v -0.00486963 0.00433855 0.16274841
v -0.01104608 -0.00183785 0.16274841
v -0.00321469 0.00268357 0.16274841
v -0.00939110 -0.00349284 0.16274841
v -0.00260892 0.00042285 0.16274841
v -0.00713038 -0.00409861 0.16274841
v -0.00321456 -0.00183794 0.16273850
v -0.00486959 -0.00349292 0.16273850
v -0.01103131 0.00267505 0.16425603
v -0.00938259 0.00432382 0.16425603
v -0.00713038 0.00492729 0.16425603
v -0.01163478 0.00042285 0.16425603
v -0.00487814 0.00432382 0.16425603
v -0.01103131 -0.00182934 0.16425603
v -0.00322942 0.00267505 0.16425603
v -0.00938259 -0.00347811 0.16425603
v -0.00262595 0.00042285 0.16425603
v -0.00713038 -0.00408158 0.16425603
v -0.00487814 -0.00347811 0.16425603
v -0.00322942 -0.00182934 0.16425603
v -0.02619215 0.02226680 0.01827168
v -0.02775161 0.02162091 0.01827168
v -0.02839751 0.02006150 0.01827168
v -0.02463275 0.02162091 0.01827168
v -0.02775161 0.01850205 0.01827168
v -0.02398679 0.02006150 0.01827168
v 0.01849756 0.00901955 0.01827168
v 0.02005696 0.00966545 0.01827168
v -0.01293991 -0.02437769 0.01827168
v -0.01229396 -0.02593709 0.01827168
v -0.01449932 -0.02814244 0.01827168
v -0.01605876 -0.02749654 0.01827168
v 0.02161637 0.00901955 0.01827168
v 0.01849756 0.00590070 0.01827168
v 0.01785161 0.00746010 0.01827168
v -0.00620982 0.04214129 0.09884825
v -0.00620788 0.04269475 0.09884361
v -0.00612889 0.04237779 0.09706447
v -0.00613913 0.04257567 0.09715477
v -0.00615037 0.04266096 0.09737168
v -0.00606758 0.04214129 0.09772016
v -0.01712021 0.04269475 0.10975589
v -0.01711558 0.04214129 0.10975400
v -0.01859214 0.04266096 0.10981345
v -0.01824362 0.04214129 0.10989624
v -0.01889935 0.04237779 0.10983493
v -0.01880907 0.04257567 0.10982466
v -0.01670467 -0.02593709 0.01827168
v -0.01449932 -0.02373174 0.01827168
v 0.02005696 0.00525474 0.01827168
v -0.00805280 0.04269475 0.09884361
v -0.00805091 0.04214129 0.09884825
v -0.00811031 0.04266096 0.09737168
v -0.00819315 0.04214129 0.09772016
v -0.00813184 0.04237779 0.09706447
v -0.00812156 0.04257567 0.09715477
v -0.01711558 0.04214129 0.10791291
v -0.01712021 0.04269475 0.10791102
v -0.01889935 0.04237779 0.10783198
v -0.01880907 0.04257567 0.10784226
v -0.01859214 0.04266096 0.10785346
v -0.01824362 0.04214129 0.10777067
v -0.01605876 -0.02437769 0.01827168
v -0.01484652 0.04269475 0.10242186
v -0.01484189 0.04214129 0.10242379
v -0.01592803 0.04266096 0.10142168
v -0.01574014 0.04214129 0.10172667
v -0.01616044 0.04237779 0.10121967
v -0.01608934 0.04257567 0.10127626
v -0.01354003 0.04214129 0.10112193
v -0.01354197 0.04269475 0.10111730
v -0.01474416 0.04237779 0.09980338
v -0.01468756 0.04257567 0.09987449
v -0.01454210 0.04266096 0.10003578
v -0.01423715 0.04214129 0.10022368
v -0.01461558 0.04266525 0.10134824
v -0.01018564 0.04266525 0.10577818
v -0.01771605 0.04266525 0.10883343
v -0.01145117 0.04266525 0.10883348
v -0.00713035 0.04266525 0.09824778
v -0.00713035 0.04266525 0.10451265
v -0.01484652 0.04269475 0.11524506
v -0.01461558 0.04266525 0.11631868
v -0.01018564 0.04266525 0.11188874
v 0.00035485 0.04266525 0.10134824
v -0.00071876 0.04269475 0.10111730
v -0.00407508 0.04266525 0.10577818
v -0.01354197 0.04269475 0.11654961
v 0.00058580 0.04269475 0.10242186
v -0.00713035 0.04266525 0.11941918
v -0.00713035 0.04266525 0.11315426
v -0.00805280 0.04269475 0.11882330
v -0.00280957 0.04266525 0.10883348
v 0.00345536 0.04266525 0.10883348
v 0.00285947 0.04269475 0.10791102
v -0.00620793 0.04269475 0.11882330
v 0.00285947 0.04269475 0.10975594
v -0.00407508 0.04266525 0.11188874
v 0.00035485 0.04266525 0.11631868
v 0.00058580 0.04269475 0.11524506
v -0.00071876 0.04269475 0.11654961
v -0.01558744 0.04266525 0.10037638
v -0.01909047 0.04266525 0.10883348
v -0.00713035 0.04266525 0.09687331
v -0.01592803 0.04266096 0.11624523
v -0.01558744 0.04266525 0.11729056
v 0.00028141 0.04266096 0.10003578
v 0.00132675 0.04266525 0.10037638
v -0.01454215 0.04266096 0.11763113
v 0.00166730 0.04266096 0.10142172
v -0.00811036 0.04266096 0.12029524
v -0.00713035 0.04266525 0.12079360
v 0.00433142 0.04266096 0.10785351
v 0.00482978 0.04266525 0.10883348
v -0.00615037 0.04266096 0.12029524
v 0.00433142 0.04266096 0.10981345
v 0.00028141 0.04266096 0.11763113
v 0.00132675 0.04266525 0.11729056
v 0.00166730 0.04266096 0.11624523
v -0.01574935 0.04258113 0.10021446
v -0.01931942 0.04258113 0.10883348
v -0.00713035 0.04258113 0.09664439
v -0.01608934 0.04257567 0.11639065
v -0.01574935 0.04258113 0.11745244
v -0.01468756 0.04257567 0.11779247
v 0.00042683 0.04257567 0.09987449
v 0.00148863 0.04258113 0.10021446
v 0.00182865 0.04257567 0.10127626
v -0.00812156 0.04257567 0.12051216
v 0.00454833 0.04257567 0.10784226
v 0.00058116 0.04214129 0.10242379
v 0.00189970 0.04237779 0.10121967
v 0.00147941 0.04214129 0.10172667
v 0.01015659 -0.01893972 0.01827168
v 0.01080255 -0.01738027 0.01827168
v 0.01236195 -0.01673436 0.01827168
v -0.01338380 -0.04492123 0.11654961
v -0.01438393 -0.04488744 0.11763113
v 0.00058116 0.04214129 0.11524317
v 0.00147941 0.04214129 0.11594024
v 0.00285485 0.04214129 0.10975400
v 0.00398293 0.04214129 0.10989624
v -0.00620982 0.04214129 0.11881867
v -0.00606758 0.04214129 0.11994675
v 0.00285485 0.04214129 0.10791291
v 0.00398293 0.04214129 0.10777067
v 0.00463862 0.04237779 0.10783203
v -0.00805091 0.04214129 0.11881867
v -0.00819315 0.04214129 0.11994675
v -0.00813184 0.04237779 0.12060244
v -0.02732941 0.01208477 0.05254253
v -0.01879230 0.02062188 0.05254253
v -0.01951808 0.02187902 0.05283382
v -0.02858655 0.01281060 0.05283382
v -0.03045423 0.00042285 0.05254253
v -0.03190583 0.00042285 0.05283382
v -0.00713038 0.02374669 0.05254253
v -0.00713038 0.02519830 0.05283382
v -0.02732941 -0.01123906 0.05254253
v -0.02858651 -0.01196489 0.05283382
v 0.00453157 0.02062188 0.05254253
v 0.00525736 0.02187902 0.05283382
v 0.01306868 0.01208477 0.05254253
v -0.01879227 -0.01977617 0.05254253
v 0.01432578 0.01281060 0.05283382
v -0.01951808 -0.02103331 0.05283382
v 0.01619345 0.00042285 0.05254253
v -0.00713038 -0.02290098 0.05254253
v 0.01764506 0.00042285 0.05283382
v -0.00713038 -0.02435259 0.05283382
v 0.01306868 -0.01123906 0.05254253
v 0.00453153 -0.01977617 0.05254253
v 0.00525736 -0.02103331 0.05283382
v 0.01432578 -0.01196489 0.05283382
v -0.01354003 0.04214129 0.11654499
v -0.01423715 0.04214129 0.11744323
v -0.01474416 0.04237779 0.11786353
v 0.02226232 0.00746010 0.01827168
v 0.02161637 0.00590070 0.01827168
v -0.01293991 -0.02749654 0.01827168
v -0.00072065 0.04214129 0.10112193
v -0.00002359 0.04214129 0.10022368
v 0.00048343 0.04237779 0.09980338
v -0.01484189 0.04214129 0.11524317
v -0.01616044 0.04237779 0.11644725
v -0.01574014 0.04214129 0.11594024
v -0.03549006 -0.00512047 0.01827168
v -0.03613602 -0.00667989 0.01827168
v -0.01859824 0.02028574 0.01762568
v -0.02699327 0.01189071 0.01762568
v -0.02699327 0.01189071 0.04287744
v -0.01859824 0.02028574 0.04287744
v -0.02758452 -0.01138638 0.01770795
v -0.02699327 -0.01104498 0.01762568
v -0.03006608 0.00042285 0.01762568
v -0.03074886 0.00042285 0.01770795
v -0.00713038 0.02404133 0.01770795
v -0.00713038 0.02335855 0.01762568
v 0.00433750 0.02028574 0.01762568
v 0.00467889 0.02087704 0.01770795
v -0.03006608 0.00042285 0.04287744
v -0.00713038 0.02335855 0.04287744
v -0.02709613 0.01195011 0.04311932
v -0.01865761 0.02038864 0.04311932
v -0.02699327 -0.01104498 0.04287744
v 0.00433750 0.02028574 0.04287744
v -0.03018486 0.00042285 0.04311932
v -0.00713038 0.02347733 0.04311932
v 0.01273254 0.01189071 0.01762568
v 0.01332380 0.01223209 0.01770795
v -0.01893958 -0.02003133 0.01770795
v -0.01859819 -0.01944003 0.01762568
v -0.02709613 -0.01110440 0.04311932
v 0.00439687 0.02038864 0.04311932
v 0.01580531 0.00042285 0.01762568
v 0.01648808 0.00042285 0.01770795
v -0.00713038 -0.02319561 0.01770795
v -0.00713038 -0.02251284 0.01762568
v 0.01273254 0.01189071 0.04287744
v -0.01859819 -0.01944003 0.04287744
v 0.01283540 0.01195011 0.04311932
v -0.01865761 -0.01954293 0.04311932
v 0.00467884 -0.02003133 0.01770795
v 0.00433745 -0.01944003 0.01762568
v 0.01273254 -0.01104498 0.01762568
v 0.01332380 -0.01138638 0.01770795
v 0.01580531 0.00042285 0.04287744
v -0.00713038 -0.02251284 0.04287744
v 0.01592413 0.00042285 0.04311932
v -0.00713038 -0.02263161 0.04311932
v 0.00433745 -0.01944003 0.04287744
v 0.01273254 -0.01104498 0.04287744
v 0.01283540 -0.01110440 0.04311932
v 0.00439687 -0.01954293 0.04311932
v -0.01893962 0.02087704 0.01770795
v -0.02758457 0.01223209 0.01770795
v -0.00713038 0.02557550 0.01762568
v 0.00544596 0.02220567 0.01762568
v 0.00934106 0.02895221 0.01770795
v -0.00713038 0.03336570 0.01770795
v -0.02891317 -0.01215345 0.01762568
v -0.03228303 0.00042285 0.01762568
v -0.04007324 0.00042285 0.01770795
v -0.03565969 -0.01604859 0.01770795
v 0.01465243 0.01299916 0.01762568
v 0.02139901 0.01689430 0.01770795
v -0.01970665 -0.02135996 0.01762568
v -0.02360175 -0.02810650 0.01770795
v 0.00951435 0.02925232 0.01763388
v 0.02169907 0.01706755 0.01763388
v -0.02377505 -0.02840660 0.01763388
v -0.03595980 -0.01622184 0.01763388
v 0.01802226 0.00042285 0.01762568
v -0.00713038 -0.02472979 0.01762568
v 0.02581250 0.00042285 0.01770795
v -0.00713038 -0.03251999 0.01770795
v 0.02615901 0.00042285 0.01763388
v -0.00713038 -0.03286654 0.01763388
v 0.00544596 -0.02135996 0.01762568
v 0.01465243 -0.01215345 0.01762568
v 0.00934106 -0.02810650 0.01770795
v 0.02139901 -0.01604859 0.01770795
v 0.00951431 -0.02840660 0.01763388
v 0.02169907 -0.01622184 0.01763388
v -0.04041978 0.00042285 0.01763388
v -0.00713038 0.03371225 0.01763388
v -0.01970669 0.02220567 0.01762568
v -0.02891322 0.01299916 0.01762568
v -0.02360179 0.02895221 0.01770795
v -0.03565974 0.01689430 0.01770795
v -0.02377505 0.02925232 0.01763388
v -0.03595980 0.01706755 0.01763388
v -0.03549006 -0.00823930 0.01827168
v -0.03237125 -0.00512047 0.01827168
v -0.03393066 -0.00447453 0.01827168
v -0.00254427 0.02697374 0.01827168
v -0.00189836 0.02541434 0.01827168
v 0.00122050 0.02853319 0.01827168
v -0.00033891 0.02917910 0.01827168
v -0.03237125 -0.00823930 0.01827168
v -0.03393066 -0.00888524 0.01827168
v -0.03172530 -0.00667989 0.01827168
v 0.00186644 0.02697374 0.01827168
v 0.00122050 0.02541434 0.01827168
v -0.00033891 0.02476839 0.01827168
v -0.00189836 0.02853319 0.01827168
v -0.00712536 -0.02440014 0.08951995
v -0.00712536 -0.02453171 0.08963234
v -0.00646376 -0.02453171 0.08963234
v -0.00646376 -0.02440014 0.08951995
v -0.00712536 -0.02464409 0.08976391
v -0.00646376 -0.02464409 0.08976391
v -0.00712536 -0.02425259 0.08942957
v -0.00646376 -0.02425259 0.08942957
v -0.00712536 -0.02473451 0.08991145
v -0.00646376 -0.02473451 0.08991145
v -0.00712536 -0.02409275 0.08936332
v -0.00646376 -0.02409275 0.08936332
v -0.00712536 -0.02480072 0.09007129
v -0.00646376 -0.02480072 0.09007129
v -0.00712536 -0.02392449 0.08932296
v -0.00646376 -0.02392449 0.08932296
v -0.00712536 -0.02484112 0.09023956
v -0.00646376 -0.02484112 0.09023956
v -0.00712536 -0.02375203 0.08930938
v -0.00646376 -0.02375203 0.08930938
v -0.00712536 -0.02485471 0.09041206
v -0.00646376 -0.02485471 0.09041206
v -0.00712536 -0.02357953 0.08932296
v -0.00646376 -0.02357953 0.08932296
v -0.00712536 -0.02484112 0.09058456
v -0.00646376 -0.02484112 0.09058456
v -0.00712536 -0.02341125 0.08936332
v -0.00646376 -0.02341125 0.08936332
v -0.00712536 -0.02480072 0.09075279
v -0.00646376 -0.02480072 0.09075279
v -0.00712536 -0.02325141 0.08942957
v -0.00646376 -0.02325141 0.08942957
v -0.00712536 -0.02473451 0.09091267
v -0.00646376 -0.02473451 0.09091267
v -0.00712536 -0.02310387 0.08951995
v -0.00646376 -0.02310387 0.08951995
v -0.00712536 -0.02464409 0.09106020
v -0.00646376 -0.02464409 0.09106020
v -0.00712536 -0.02297230 0.08963234
v -0.00646376 -0.02297230 0.08963234
v -0.00712536 -0.02453171 0.09119178
v -0.00646376 -0.02453171 0.09119178
v -0.00712536 -0.02285991 0.08976391
v -0.00646376 -0.02285991 0.08976391
v -0.00712536 -0.02440014 0.09130413
v -0.00646376 -0.02440014 0.09130413
v -0.00712536 -0.02276950 0.08991145
v -0.00646376 -0.02276950 0.08991145
v -0.00712536 -0.02425259 0.09139455
v -0.00646376 -0.02425259 0.09139455
v -0.00712536 -0.02270330 0.09007129
v -0.00646376 -0.02270330 0.09007129
v -0.00712536 -0.02409275 0.09146075
v -0.00646376 -0.02409275 0.09146075
v -0.00712536 -0.02266288 0.09023956
v -0.00646376 -0.02266288 0.09023956
v -0.00712536 -0.02392449 0.09150116
v -0.00646376 -0.02392449 0.09150116
v -0.00712536 -0.02264931 0.09041206
v -0.00646376 -0.02264931 0.09041206
v -0.00712536 -0.02375203 0.09151474
v -0.00646376 -0.02375203 0.09151474
v -0.00712536 -0.02266288 0.09058456
v -0.00646376 -0.02266288 0.09058456
v -0.00712536 -0.02357953 0.09150116
v -0.00646376 -0.02357953 0.09150116
v -0.00712536 -0.02270330 0.09075279
v -0.00646376 -0.02270330 0.09075279
v -0.00712536 -0.02341125 0.09146075
v -0.00646376 -0.02341125 0.09146075
v -0.00712536 -0.02276950 0.09091267
v -0.00646376 -0.02276950 0.09091267
v -0.00712536 -0.02325141 0.09139455
v -0.00646376 -0.02325141 0.09139455
v -0.00712536 -0.02285991 0.09106020
v -0.00646376 -0.02285991 0.09106020
v -0.00712536 -0.02310387 0.09130413
v -0.00646376 -0.02310387 0.09130413
v -0.00712536 -0.02297230 0.09119178
v -0.00646376 -0.02297230 0.09119178
v -0.00646376 -0.02622229 0.08884939
v -0.00712536 -0.02622229 0.08884939
v -0.00712536 -0.02144099 0.08617742
v -0.00646376 -0.02144099 0.08617742
v -0.00646376 -0.02849813 0.09852741
v -0.00712536 -0.02849813 0.09852741
v -0.00712536 -0.02144099 0.09852741
v -0.00646376 -0.02144099 0.09852741
v -0.00646376 0.02512173 0.08944863
v -0.00646376 0.02525330 0.08956097
v -0.00712536 0.02525330 0.08956097
v -0.00712536 0.02512173 0.08944863
v -0.00646376 0.02536565 0.08969254
v -0.00712536 0.02536565 0.08969254
v -0.00646376 0.02497420 0.08935821
v -0.00712536 0.02497420 0.08935821
v -0.00646376 0.02545606 0.08984007
v -0.00712536 0.02545606 0.08984007
v -0.00646376 0.02481431 0.08929201
v -0.00712536 0.02481431 0.08929201
v -0.00646376 0.02552226 0.08999997
v -0.00712536 0.02552226 0.08999997
v -0.00646376 0.02464608 0.08925161
v -0.00712536 0.02464608 0.08925161
v -0.00646376 0.02556266 0.09016819
v -0.00712536 0.02556266 0.09016819
v -0.00646376 0.02447358 0.08923802
v -0.00712536 0.02447358 0.08923802
v -0.00646376 0.02557625 0.09034069
v -0.00712536 0.02557625 0.09034069
v -0.00646376 0.02430107 0.08925161
v -0.00712536 0.02430107 0.08925161
v -0.00646376 0.02556266 0.09051320
v -0.00712536 0.02556266 0.09051320
v -0.00646376 0.02413285 0.08929201
v -0.00712536 0.02413285 0.08929201
v -0.00646376 0.02552226 0.09068146
v -0.00712536 0.02552226 0.09068146
v -0.00646376 0.02397297 0.08935821
v -0.00712536 0.02397297 0.08935821
v -0.00646376 0.02545606 0.09084130
v -0.00712536 0.02545606 0.09084130
v -0.00646376 0.02382542 0.08944863
v -0.00712536 0.02382542 0.08944863
v -0.00646376 0.02536565 0.09098885
v -0.00712536 0.02536565 0.09098885
v -0.00646376 0.02369385 0.08956097
v -0.00712536 0.02369385 0.08956097
v -0.00646376 0.02525330 0.09112042
v -0.00712536 0.02525330 0.09112042
v -0.00646376 0.02358152 0.08969254
v -0.00712536 0.02358152 0.08969254
v -0.00646376 0.02512173 0.09123280
v -0.00712536 0.02512173 0.09123280
v -0.00646376 0.02349109 0.08984007
v -0.00712536 0.02349109 0.08984007
v -0.00646376 0.02497420 0.09132318
v -0.00712536 0.02497420 0.09132318
v -0.00646376 0.02342489 0.08999997
v -0.00712536 0.02342489 0.08999997
v -0.00646376 0.02481431 0.09138943
v -0.00712536 0.02481431 0.09138943
v -0.00646376 0.02338449 0.09016819
v -0.00712536 0.02338449 0.09016819
v -0.00646376 0.02464608 0.09142978
v -0.00712536 0.02464608 0.09142978
v -0.00646376 0.02337090 0.09034069
v -0.00712536 0.02337090 0.09034069
v -0.00646376 0.02447358 0.09144337
v -0.00712536 0.02447358 0.09144337
v -0.00646376 0.02338449 0.09051320
v -0.00712536 0.02338449 0.09051320
v -0.00646376 0.02430107 0.09142978
v -0.00712536 0.02430107 0.09142978
v -0.00646376 0.02342489 0.09068146
v -0.00712536 0.02342489 0.09068146
v -0.00646376 0.02413285 0.09138943
v -0.00712536 0.02413285 0.09138943
v -0.00646376 0.02349109 0.09084130
v -0.00712536 0.02349109 0.09084130
v -0.00646376 0.02397297 0.09132318
v -0.00712536 0.02397297 0.09132318
v -0.00646376 0.02358152 0.09098885
v -0.00712536 0.02358152 0.09098885
v -0.00646376 0.02382542 0.09123280
v -0.00712536 0.02382542 0.09123280
v -0.00646376 0.02369385 0.09112042
v -0.00712536 0.02369385 0.09112042
v -0.01970360 0.02220029 0.04460957
v -0.02890783 0.01299607 0.04460957
v -0.02868328 0.01286643 0.04453383
v -0.01957393 0.02197575 0.04453383
v -0.03227682 0.00042285 0.04460957
v -0.00713038 0.02556929 0.04460957
v -0.03201751 0.00042285 0.04453383
v -0.00713038 0.02530998 0.04453383
v -0.02890779 -0.01215035 0.04460957
v 0.00544287 0.02220029 0.04460957
v 0.00531320 0.02197575 0.04453383
v -0.02868324 -0.01202073 0.04453383
v 0.01464706 0.01299607 0.04460957
v -0.01970356 -0.02135459 0.04460957
v 0.01442250 0.01286643 0.04453383
v -0.01957393 -0.02113003 0.04453383
v 0.01801604 0.00042285 0.04460957
v 0.01775678 0.00042285 0.04453383
v -0.00713038 -0.02446427 0.04453383
v -0.00713038 -0.02472357 0.04460957
v 0.01464706 -0.01215035 0.04460957
v 0.01442250 -0.01202073 0.04453383
v 0.00531320 -0.02113003 0.04453383
v 0.00544282 -0.02135459 0.04460957
v -0.02868328 0.01286643 0.05110192
v -0.02858655 0.01281060 0.05134031
v -0.01951808 0.02187902 0.05134031
v -0.01957393 0.02197575 0.05110192
v -0.03201751 0.00042285 0.05110192
v -0.03190583 0.00042285 0.05134031
v -0.00713038 0.02519830 0.05134031
v -0.00713038 0.02530998 0.05110192
v -0.02868324 -0.01202073 0.05110192
v -0.02858651 -0.01196489 0.05134031
v 0.00525736 0.02187902 0.05134031
v 0.00531320 0.02197575 0.05110192
v 0.01432578 0.01281060 0.05134031
v 0.01442250 0.01286643 0.05110192
v -0.01957393 -0.02113003 0.05110192
v -0.01951808 -0.02103331 0.05134031
v 0.01764506 0.00042285 0.05134031
v 0.01775678 0.00042285 0.05110192
v -0.00713038 -0.02446427 0.05110192
v -0.00713038 -0.02435259 0.05134031
v 0.00531320 -0.02113003 0.05110192
v 0.00525736 -0.02103331 0.05134031
v 0.01432578 -0.01196489 0.05134031
v 0.01442250 -0.01202073 0.05110192
v -0.02890783 0.01299607 0.05102618
v -0.01970360 0.02220029 0.05102618
v -0.03227682 0.00042285 0.05102618
v -0.00713038 0.02556929 0.05102618
v -0.02890779 -0.01215035 0.05102618
v 0.00544287 0.02220029 0.05102618
v 0.01464706 0.01299607 0.05102618
v -0.01970356 -0.02135459 0.05102618
v 0.01801604 0.00042285 0.05102618
v -0.00713038 -0.02472357 0.05102618
v 0.00544282 -0.02135459 0.05102618
v 0.01464706 -0.01215035 0.05102618
v 0.00968880 0.02955445 0.01505194
v 0.00959145 0.02938587 0.01546655
v 0.02183263 0.01714465 0.01546655
v 0.02200124 0.01724199 0.01505194
v -0.02394949 -0.02870874 0.01505194
v -0.02385215 -0.02854016 0.01546655
v -0.03609337 -0.01629894 0.01546655
v -0.03626194 -0.01639628 0.01505194
v 0.00959145 0.02938587 0.01732514
v 0.02183263 0.01714465 0.01732514
v -0.02385215 -0.02854016 0.01732514
v -0.03609337 -0.01629894 0.01732514
v 0.02631321 0.00042285 0.01546655
v 0.02650789 0.00042285 0.01505194
v -0.00713038 -0.03321542 0.01505194
v -0.00713038 -0.03302074 0.01546655
v 0.02631321 0.00042285 0.01732514
v -0.00713038 -0.03302074 0.01732514
v 0.00968875 -0.02870874 0.01505194
v 0.00959141 -0.02854016 0.01546655
v 0.02183263 -0.01629894 0.01546655
v 0.02200124 -0.01639628 0.01505194
v 0.00959141 -0.02854016 0.01732514
v 0.02183263 -0.01629894 0.01732514
v -0.04057398 0.00042285 0.01732514
v -0.00713038 0.03386645 0.01732514
v -0.00713038 0.03386645 0.01546655
v -0.04057398 0.00042285 0.01546655
v -0.00713038 0.03406114 0.01505194
v -0.04076867 0.00042285 0.01505194
v -0.02385218 0.02938587 0.01732514
v -0.03609340 0.01714465 0.01732514
v -0.02385218 0.02938587 0.01546655
v -0.03609340 0.01714465 0.01546655
v -0.02394954 0.02955445 0.01505194
v -0.03626198 0.01724199 0.01505194
v 0.00991453 0.02994546 0.01492130
v 0.02239225 0.01746774 0.01492130
v -0.02417522 -0.02909975 0.01492130
v -0.03665295 -0.01662203 0.01492130
v 0.02458995 0.01873656 0.01525365
v -0.03885063 -0.01789085 0.01525365
v -0.02544406 -0.03129743 0.01525365
v 0.02695938 0.00042285 0.01492130
v -0.00713038 -0.03366691 0.01492130
v 0.02949708 0.00042285 0.01525365
v -0.00713038 -0.03620456 0.01525365
v 0.00991450 -0.02909975 0.01492130
v 0.02239225 -0.01662203 0.01492130
v 0.01118337 -0.03129743 0.01525365
v 0.02458995 -0.01789085 0.01525365
v -0.00713038 0.03451262 0.01492130
v -0.04122015 0.00042285 0.01492130
v -0.02417527 0.02994546 0.01492130
v -0.03665299 0.01746774 0.01492130
v -0.03885063 -0.01789085 0.00566088
v -0.02544406 -0.03129743 0.00566088
v -0.00713038 -0.03620456 0.00566088
v 0.02458995 0.01873656 0.00566088
v 0.02949708 0.00042285 0.00566088
v 0.02458995 -0.01789085 0.00566088
v -0.01879230 0.02062188 0.04318248
v -0.02732941 0.01208477 0.04318248
v -0.02858655 0.01281060 0.04289121
v -0.01951808 0.02187902 0.04289121
v -0.03045423 0.00042285 0.04318248
v -0.03190583 0.00042285 0.04289121
v -0.00713038 0.02374669 0.04318248
v -0.00713038 0.02519830 0.04289121
v -0.02732941 -0.01123906 0.04318248
v -0.02858651 -0.01196489 0.04289121
v 0.00453157 0.02062188 0.04318248
v 0.00525736 0.02187902 0.04289121
v 0.01306868 0.01208477 0.04318248
v 0.01432578 0.01281060 0.04289121
v -0.01879227 -0.01977617 0.04318248
v -0.01951808 -0.02103331 0.04289121
v 0.01619345 0.00042285 0.04318248
v -0.00713038 -0.02290098 0.04318248
v 0.01764506 0.00042285 0.04289121
v -0.00713038 -0.02435259 0.04289121
v 0.01306868 -0.01123906 0.04318248
v 0.00453153 -0.01977617 0.04318248
v 0.00525736 -0.02103331 0.04289121
v 0.01432578 -0.01196489 0.04289121
v -0.02858655 0.01281060 0.04429544
v -0.01951808 0.02187902 0.04429544
v -0.03190583 0.00042285 0.04429544
v -0.00713038 0.02519830 0.04429544
v -0.02858651 -0.01196489 0.04429544
v 0.00525736 0.02187902 0.04429544
v 0.01432578 0.01281060 0.04429544
v -0.01951808 -0.02103331 0.04429544
v 0.01764506 0.00042285 0.04429544
v -0.00713038 -0.02435259 0.04429544
v 0.01432578 -0.01196489 0.04429544
v 0.00525736 -0.02103331 0.04429544
v -0.00072065 0.04214129 0.11654499
v -0.00002359 0.04214129 0.11744323
v 0.02241435 0.01748053 0.00598983
v 0.00992728 0.02996760 0.00598983
v -0.03667509 -0.01663482 0.00598983
v -0.02418801 -0.02912189 0.00598983
v 0.02200791 0.01724584 0.00585403
v 0.00969263 0.02956111 0.00585403
v -0.03626861 -0.01640012 0.00585403
v -0.02395332 -0.02871539 0.00585403
v 0.02698495 0.00042285 0.00598983
v 0.02651562 0.00042285 0.00585403
v -0.00713038 -0.03322310 0.00585403
v -0.00713038 -0.03369245 0.00598983
v 0.00969259 -0.02871539 0.00585403
v 0.00992728 -0.02912189 0.00598983
v 0.02241435 -0.01663482 0.00598983
v 0.02200791 -0.01640012 0.00585403
v 0.01118337 -0.03129743 0.00566088
v -0.04124569 0.00042285 0.00598983
v -0.04077634 0.00042285 0.00585403
v -0.00713038 0.03406881 0.00585403
v -0.00713038 0.03453816 0.00598983
v -0.02395337 0.02956111 0.00585403
v -0.02418801 0.02996760 0.00598983
v -0.03667513 0.01748053 0.00598983
v -0.03626864 0.01724584 0.00585403
v 0.02183263 0.01714465 0.00256589
v 0.00959145 0.02938587 0.00256589
v 0.00959145 0.02938587 0.00542306
v 0.02183263 0.01714465 0.00542306
v -0.03609337 -0.01629894 0.00256589
v -0.02385215 -0.02854016 0.00256589
v -0.02385215 -0.02854016 0.00542306
v -0.03609337 -0.01629894 0.00542306
v 0.02631321 0.00042285 0.00256589
v 0.02631321 0.00042285 0.00542306
v -0.00713038 -0.03302074 0.00256589
v -0.00713038 -0.03302074 0.00542306
v 0.00959141 -0.02854016 0.00256589
v 0.00959141 -0.02854016 0.00542306
v 0.02183263 -0.01629894 0.00256589
v 0.02183263 -0.01629894 0.00542306
v -0.04057398 0.00042285 0.00542306
v -0.00713038 0.03386645 0.00542306
v -0.00713038 0.03386645 0.00256589
v -0.04057398 0.00042285 0.00256589
v -0.02385218 0.02938587 0.00542306
v -0.03609340 0.01714465 0.00542306
v -0.02385218 0.02938587 0.00256589
v -0.03609340 0.01714465 0.00256589
v 0.01364613 0.01241819 0.00472197
v 0.00486493 0.02119933 0.00472197
v -0.02790686 -0.01157246 0.00472197
v -0.01912567 -0.02035362 0.00472197
v 0.00449995 0.02056710 0.00456605
v 0.01301390 0.01205315 0.00456605
v -0.01876064 -0.01972138 0.00456605
v -0.02727463 -0.01120743 0.00456605
v 0.01686025 0.00042285 0.00472197
v 0.01613020 0.00042285 0.00456605
v -0.00713038 -0.02283773 0.00456605
v -0.00713038 -0.02356775 0.00472197
v 0.00449990 -0.01972138 0.00456605
v 0.00486493 -0.02035362 0.00472197
v 0.01364613 -0.01157246 0.00472197
v 0.01301390 -0.01120743 0.00456605
v -0.00713038 0.02368344 0.00456605
v -0.00713038 0.02441346 0.00472197
v -0.03112099 0.00042285 0.00472197
v -0.03039098 0.00042285 0.00456605
v -0.01876068 0.02056710 0.00456605
v -0.01912567 0.02119933 0.00472197
v -0.02790686 0.01241819 0.00472197
v -0.02727463 0.01205315 0.00456605
v 0.00433750 0.02028574 0.00082612
v 0.01273254 0.01189071 0.00082612
v -0.02699327 -0.01104498 0.00082612
v -0.01859819 -0.01944003 0.00082612
v 0.00433750 0.02028574 0.00391561
v 0.01273254 0.01189071 0.00391561
v -0.01859819 -0.01944003 0.00391561
v -0.02699327 -0.01104498 0.00391561
v 0.01580531 0.00042285 0.00082612
v -0.00713038 -0.02251284 0.00082612
v 0.01580531 0.00042285 0.00391561
v -0.00713038 -0.02251284 0.00391561
v 0.00433745 -0.01944003 0.00082612
v 0.01273254 -0.01104498 0.00082612
v 0.00433745 -0.01944003 0.00391561
v 0.01273254 -0.01104498 0.00391561
v -0.00713038 0.02335855 0.00391561
v -0.03006608 0.00042285 0.00391561
v -0.00713038 0.02335855 0.00082612
v -0.03006608 0.00042285 0.00082612
v -0.01859824 0.02028574 0.00391561
v -0.02699327 0.01189071 0.00391561
v -0.01859824 0.02028574 0.00082612
v -0.02699327 0.01189071 0.00082612
v 0.03993882 -0.00597174 0.07175965
v 0.03990503 -0.00697192 0.07067815
v 0.03993882 -0.00954998 0.07855334
v 0.03990503 -0.01102197 0.07849583
v 0.03993882 0.00136229 0.08946562
v 0.03990503 0.00141981 0.09093755
v -0.00457760 0.04332177 0.11138623
v -0.00443042 0.04285750 0.11153340
v -0.00331208 0.04285750 0.10883348
v -0.00352022 0.04332177 0.10883348
v -0.00366295 0.04532941 0.10883348
v -0.00467852 0.04532941 0.11128530
v -0.00376510 0.04556228 0.10883348
v -0.00475077 0.04556228 0.11121306
v -0.00713035 0.04332177 0.11244360
v -0.00713035 0.04285750 0.11265174
v -0.00713035 0.04532941 0.11230087
v -0.00713035 0.04556228 0.11219871
v 0.03993882 -0.00727630 0.07306417
v 0.03990503 -0.00835781 0.07206403
v 0.03993882 0.00685147 0.08719194
v 0.03990503 0.00785160 0.08827344
v 0.03993882 -0.00048262 0.08946562
v 0.03990503 -0.00054013 0.09093755
v 0.03993882 0.00815597 0.08588738
v 0.03990503 0.00923748 0.08688755
v -0.02327416 0.00974348 0.14727916
v -0.02088726 0.00836540 0.15179833
v -0.01507293 0.01417973 0.15179833
v -0.01645096 0.01656663 0.14727916
v -0.02301547 0.00042285 0.15179833
v -0.02577159 0.00042285 0.14727916
v -0.00713038 0.01906406 0.14727916
v -0.00713038 0.01630794 0.15179833
v -0.02327416 -0.00889777 0.14727916
v -0.02088726 -0.00751968 0.15179833
v 0.00081215 0.01417973 0.15179833
v 0.00219024 0.01656663 0.14727916
v -0.01507293 -0.01333402 0.15179833
v -0.01645096 -0.01572091 0.14727916
v 0.00901338 0.00974348 0.14727916
v 0.00662653 0.00836540 0.15179833
v 0.00875470 0.00042285 0.15179833
v 0.01151086 0.00042285 0.14727916
v -0.00713038 -0.01821835 0.14727916
v -0.00713038 -0.01546223 0.15179833
v 0.00081215 -0.01333402 0.15179833
v 0.00219024 -0.01572091 0.14727916
v 0.00901338 -0.00889777 0.14727916
v 0.00662653 -0.00751968 0.15179833
v -0.00968313 0.04332177 0.11138623
v -0.00983032 0.04285750 0.11153340
v -0.00958217 0.04532941 0.11128530
v -0.00950992 0.04556228 0.11121306
v -0.00443042 0.04285750 0.10613351
v -0.00457760 0.04332177 0.10628070
v -0.00467852 0.04532941 0.10638166
v -0.00475077 0.04556228 0.10645390
v 0.03400836 -0.00721305 0.08712868
v 0.03400836 0.00043988 0.09029862
v -0.01941427 0.04237810 0.10883348
v -0.01581640 0.04237810 0.11751950
v 0.01392141 -0.01738027 0.01827168
v 0.03993882 -0.00048262 0.06948593
v 0.03990503 -0.00054013 0.06801399
v -0.01468836 -0.04492123 0.10242186
v -0.01576987 -0.04488744 0.10142172
v 0.00074396 -0.04492123 0.10242186
v 0.00182547 -0.04488744 0.10142168
v -0.01468836 -0.04492123 0.11524506
v -0.01576987 -0.04488744 0.11624523
v -0.00056060 -0.04492123 0.10111730
v 0.00043959 -0.04488744 0.10003578
v -0.01696203 -0.04492123 0.10975594
v -0.01843398 -0.04488744 0.10981345
v -0.00604977 -0.04492123 0.09884361
v -0.00599221 -0.04488744 0.09737168
v -0.01696203 -0.04492123 0.10791102
v -0.01843398 -0.04488744 0.10785351
v -0.00789464 -0.04492123 0.09884361
v -0.00795219 -0.04488744 0.09737168
v -0.00712536 0.02694388 0.08877802
v -0.00646376 0.02694388 0.08877802
v -0.00646376 0.02216258 0.08610606
v -0.00712536 0.02216258 0.08610606
v -0.00712536 0.02921972 0.09845604
v -0.00646376 0.02921972 0.09845604
v -0.00646376 0.02216258 0.09845604
v -0.00712536 0.02216258 0.09845604
v -0.00713035 0.04237810 0.09654956
v 0.00155566 0.04237810 0.10014742
v -0.01445742 -0.04489173 0.10134824
v -0.00697217 -0.04489173 0.09824778
v -0.01755788 -0.04489173 0.10883348
v 0.00051302 -0.04489173 0.10134824
v -0.01445742 -0.04489173 0.11631868
v 0.00361353 -0.04489173 0.10883343
v -0.00697217 -0.04489173 0.11941918
v 0.00051302 -0.04489173 0.11631868
v -0.01542927 -0.04489173 0.10037638
v -0.00697217 -0.04489173 0.09687331
v -0.01893235 -0.04489173 0.10883348
v 0.00148492 -0.04489173 0.10037638
v -0.01542927 -0.04489173 0.11729056
v 0.00498794 -0.04489173 0.10883348
v -0.00697217 -0.04489173 0.12079360
v 0.00148492 -0.04489173 0.11729056
v 0.03993882 -0.00597174 0.08719194
v 0.03990503 -0.00697192 0.08827344
v 0.03993882 -0.00727630 0.08588738
v 0.03990503 -0.00835781 0.08688755
v 0.03993882 -0.00954998 0.08039824
v 0.03990503 -0.01102197 0.08045577
v 0.01456730 -0.01893972 0.01827168
v 0.01392141 -0.02049913 0.01827168
v 0.03400836 0.00809277 0.08712868
v 0.03993882 0.01042966 0.08039824
v 0.03990503 0.01190164 0.08045577
v -0.01581640 0.04237810 0.10014742
v 0.03400836 -0.00721305 0.07182285
v 0.03400836 0.00043988 0.06865292
v 0.01236195 -0.02114507 0.01827168
v -0.01896428 0.02091974 0.14023989
v -0.00713038 0.02407952 0.14023954
v 0.00470350 0.02091974 0.14023989
v -0.02762727 0.01225675 0.14023989
v -0.03079816 0.00042285 0.14023989
v -0.02762727 -0.01141104 0.14023989
v -0.01896428 -0.02007403 0.14023989
v 0.01336653 0.01225675 0.14023989
v -0.00713038 -0.02324492 0.14023989
v 0.01653739 0.00042285 0.14023989
v 0.00470350 -0.02007403 0.14023989
v 0.01336653 -0.01141104 0.14023989
v 0.01080255 -0.02049913 0.01827168
v 0.03400836 0.00809277 0.07182285
v 0.03400836 0.01126271 0.07947576
v -0.01074051 0.04332177 0.10883348
v -0.01094865 0.04285750 0.10883348
v -0.01059778 0.04532941 0.10883348
v -0.01049559 0.04556228 0.10883348
v -0.00983032 0.04285750 0.10613351
v -0.00713035 0.04285750 0.10501518
v -0.00968313 0.04332177 0.10628070
v -0.00958217 0.04532941 0.10638166
v -0.00950992 0.04556228 0.10645390
v -0.00713035 0.04332177 0.10522331
v -0.00713035 0.04556228 0.10546825
v -0.00713035 0.04532941 0.10536609
v 0.03400836 -0.01038299 0.07947576
v 0.03990927 0.00792508 0.07199055
v 0.03993882 0.00815597 0.07306417
v 0.03993882 0.00685147 0.07175965
v 0.03993882 0.01042970 0.07855329
v 0.03990927 0.01102554 0.07947579
v 0.03990927 0.00043984 0.06889009
v 0.03993882 0.00136229 0.06948598
v 0.03990927 0.00792508 0.08696099
v 0.03990927 -0.00704536 0.07199055
v 0.03990927 0.00043984 0.09006150
v 0.03990927 -0.01014587 0.07947579
v 0.03990927 -0.00704536 0.08696099
v 0.03990927 0.00889693 0.07101870
v 0.03990503 0.00923748 0.07206403
v 0.03990503 0.00785160 0.07067815
v 0.03990503 0.01190164 0.07849578
v 0.03990927 0.01239997 0.07947579
v 0.03990927 0.00043984 0.06751563
v 0.03990503 0.00141981 0.06801399
v 0.03990927 0.00889693 0.08793290
v 0.03990927 -0.00801726 0.07101870
v 0.03990927 0.00043984 0.09143591
v 0.03990927 -0.01152028 0.07947579
v 0.03990927 -0.00801726 0.08793290
v -0.00809051 0.04686648 0.10787331
v -0.00801509 0.04699233 0.10794873
v -0.00713035 0.04699233 0.10758225
v -0.00713035 0.04686648 0.10747565
v -0.00848819 0.04686648 0.10883348
v -0.00838157 0.04699233 0.10883348
v -0.00713035 0.04621927 0.10720871
v -0.00827925 0.04621927 0.10768461
v -0.00875512 0.04621927 0.10883348
v -0.00851809 0.04594646 0.10744573
v -0.00837261 0.04604393 0.10759121
v -0.00713038 0.04604393 0.10707665
v -0.00713038 0.04594646 0.10687089
v -0.00909293 0.04594646 0.10883348
v -0.00888717 0.04604393 0.10883348
v -0.00624560 0.04699233 0.10794873
v -0.00617022 0.04686648 0.10787331
v -0.00809051 0.04686648 0.10979360
v -0.00801509 0.04699233 0.10971823
v -0.00598149 0.04621927 0.10768461
v -0.00827925 0.04621927 0.10998235
v -0.00588811 0.04604393 0.10759121
v -0.00837261 0.04604393 0.11007571
v -0.00574261 0.04594646 0.10744573
v -0.00851809 0.04594646 0.11022123
v -0.00587911 0.04699233 0.10883348
v -0.00577250 0.04686648 0.10883348
v -0.00713035 0.04686648 0.11019131
v -0.00713035 0.04699233 0.11008471
v -0.00550562 0.04621927 0.10883348
v -0.00713035 0.04621927 0.11045820
v -0.00624560 0.04699233 0.10971823
v -0.00617022 0.04686648 0.10979360
v -0.00537356 0.04604393 0.10883348
v -0.00713035 0.04604393 0.11059027
v -0.00516780 0.04594646 0.10883348
v -0.00713035 0.04594646 0.11079602
v -0.00598149 0.04621927 0.10998235
v -0.00588811 0.04604393 0.11007571
v -0.00574261 0.04594646 0.11022123
v -0.00713035 0.04569345 0.10570020
v -0.00934593 0.04569345 0.10661788
v -0.01026362 0.04569345 0.10883348
v -0.00491481 0.04569345 0.10661788
v -0.00934593 0.04569345 0.11104903
v -0.00399707 0.04569345 0.10883348
v -0.00713035 0.04569345 0.11196675
v -0.00491481 0.04569345 0.11104903
v 0.04437016 0.00158018 0.07947579
v 0.04437016 0.00124620 0.07866944
v 0.04437016 0.00043984 0.07833545
v 0.04437016 0.00124620 0.08028216
v 0.04437016 -0.00036648 0.07866944
v 0.04437016 -0.00070051 0.07947579
v 0.04437016 0.00043984 0.08061613
v 0.04437016 -0.00036648 0.08028216
v -0.00774013 -0.04926605 0.10806553
v -0.00805823 -0.04926605 0.10883348
v -0.00697217 -0.04926605 0.10774743
v -0.00620427 -0.04926605 0.10806553
v -0.00774013 -0.04926605 0.10960138
v -0.00588617 -0.04926605 0.10883348
v -0.00697217 -0.04926605 0.10991949
v -0.00620427 -0.04926605 0.10960138
v -0.00789829 0.04703957 0.10806553
v -0.00821639 0.04703957 0.10883348
v -0.00713035 0.04703957 0.10774743
v -0.00636244 0.04703957 0.10806553
v -0.00789829 0.04703957 0.10960138
v -0.00604434 0.04703957 0.10883348
v -0.00713035 0.04703957 0.10991949
v -0.00636244 0.04703957 0.10960138
f 1 2 3
f 2 1 4
f 4 1 5
f 1 3 6
f 5 1 7
f 1 6 8
f 7 1 9
f 1 8 10
f 9 1 11
f 1 10 12
f 1 12 13
f 11 1 13
f 14 15 16
f 17 14 16
f 15 18 16
f 19 17 16
f 18 20 16
f 21 19 16
f 20 22 16
f 22 21 16
f 23 24 25
f 26 23 25
f 24 27 25
f 28 26 25
f 27 29 25
f 30 28 25
f 29 31 25
f 31 30 25
f 32 33 34
f 33 35 34
f 36 32 34
f 35 37 34
f 38 36 34
f 37 39 34
f 40 38 34
f 39 40 34
f 41 42 43
f 42 44 43
f 45 41 43
f 44 46 43
f 46 47 43
f 48 45 43
f 49 48 43
f 47 49 43
f 50 51 52
f 53 50 52
f 51 54 52
f 55 53 52
f 54 56 52
f 57 55 52
f 56 58 52
f 58 57 52
f 59 60 61
f 62 59 61
f 60 63 61
f 64 62 61
f 63 65 61
f 66 64 61
f 67 66 61
f 65 67 61
f 68 69 70
f 71 72 68
f 71 68 70
f 73 74 75
f 74 76 77
f 74 77 75
f 78 79 80
f 79 81 82
f 79 82 80
f 83 84 85
f 86 83 87
f 87 83 88
f 88 83 89
f 89 83 90
f 83 91 84
f 92 83 86
f 83 93 91
f 94 83 92
f 93 83 94
f 83 95 96
f 83 96 90
f 83 85 96
f 83 96 95
f 97 98 99
f 98 100 99
f 101 97 99
f 100 102 99
f 103 101 99
f 102 104 99
f 105 103 99
f 104 105 99
f 97 106 107
f 97 107 98
f 98 107 108
f 98 108 100
f 101 109 106
f 101 106 97
f 110 102 100
f 110 100 108
f 103 111 109
f 103 109 101
f 102 110 112
f 102 112 104
f 105 113 111
f 105 111 103
f 104 112 113
f 104 113 105
f 114 115 116
f 115 117 118
f 115 118 116
f 119 120 121
f 122 123 119
f 122 119 121
f 124 125 126
f 125 127 126
f 128 124 126
f 127 129 126
f 130 128 126
f 129 131 126
f 132 130 126
f 131 132 126
f 125 133 134
f 125 134 127
f 124 135 133
f 124 133 125
f 128 136 135
f 128 135 124
f 127 134 137
f 127 137 129
f 136 128 130
f 136 130 138
f 129 137 139
f 129 139 131
f 132 140 138
f 132 138 130
f 131 139 140
f 131 140 132
f 141 142 143
f 144 141 143
f 142 145 143
f 146 144 143
f 145 147 143
f 148 146 143
f 147 149 143
f 149 148 143
f 141 150 151
f 141 151 142
f 144 152 150
f 144 150 141
f 142 151 153
f 142 153 145
f 146 154 152
f 146 152 144
f 145 153 155
f 145 155 147
f 154 146 148
f 154 148 156
f 147 155 157
f 147 157 149
f 149 157 156
f 149 156 148
f 158 159 160
f 159 158 161
f 160 162 163
f 161 164 165
f 163 162 166
f 165 164 167
f 168 167 169
f 166 168 169
f 170 171 172
f 173 174 175
f 176 177 178
f 179 180 181
f 181 180 182
f 183 184 185
f 172 171 173
f 185 184 186
f 187 188 189
f 190 170 191
f 190 191 179
f 175 174 182
f 176 178 183
f 177 192 193
f 193 192 187
f 189 188 186
f 194 195 196
f 194 196 197
f 195 194 198
f 195 198 199
f 200 201 197
f 200 197 196
f 196 195 202
f 196 202 203
f 195 199 204
f 195 204 202
f 200 196 203
f 200 203 205
f 206 158 160
f 206 160 207
f 158 208 209
f 158 209 161
f 199 198 210
f 199 210 211
f 212 213 201
f 212 201 200
f 214 207 160
f 214 160 163
f 203 202 215
f 203 215 216
f 164 161 209
f 164 209 217
f 199 211 218
f 199 218 204
f 212 200 205
f 212 205 219
f 202 204 220
f 202 220 215
f 205 203 216
f 205 216 221
f 222 223 213
f 222 213 212
f 211 210 224
f 211 224 225
f 167 164 226
f 167 226 227
f 216 215 228
f 216 228 206
f 163 166 229
f 163 229 230
f 204 218 231
f 204 231 220
f 219 205 221
f 219 221 232
f 215 220 233
f 215 233 228
f 221 216 206
f 221 206 207
f 229 166 169
f 229 169 234
f 226 235 236
f 226 236 227
f 222 212 219
f 222 219 171
f 211 225 237
f 211 237 218
f 238 169 167
f 238 167 227
f 206 228 208
f 206 208 158
f 227 236 239
f 227 239 238
f 228 233 240
f 228 240 208
f 241 242 223
f 241 223 222
f 225 224 243
f 225 243 244
f 232 221 207
f 232 207 214
f 220 231 245
f 220 245 233
f 171 219 232
f 171 232 173
f 218 237 246
f 218 246 231
f 208 240 247
f 208 247 209
f 241 222 171
f 241 171 170
f 225 244 248
f 225 248 237
f 233 245 249
f 233 249 240
f 250 251 242
f 250 242 241
f 244 243 252
f 244 252 253
f 253 252 251
f 253 251 250
f 173 232 214
f 173 214 174
f 231 246 254
f 231 254 245
f 240 249 255
f 240 255 247
f 250 241 170
f 250 170 190
f 244 253 256
f 244 256 248
f 209 247 257
f 209 257 217
f 237 248 258
f 237 258 246
f 253 250 190
f 253 190 256
f 174 214 163
f 174 163 230
f 245 254 176
f 245 176 249
f 164 217 259
f 164 259 226
f 247 255 260
f 247 260 257
f 248 256 261
f 248 261 258
f 246 258 262
f 246 262 254
f 249 176 183
f 249 183 255
f 217 257 263
f 217 263 259
f 256 190 179
f 256 179 261
f 259 264 235
f 259 235 226
f 182 174 230
f 182 230 265
f 254 262 177
f 254 177 176
f 264 259 263
f 264 263 266
f 258 261 267
f 258 267 262
f 257 260 268
f 257 268 263
f 255 183 185
f 255 185 260
f 261 179 181
f 261 181 267
f 265 230 229
f 265 229 269
f 262 267 192
f 262 192 177
f 181 182 265
f 181 265 270
f 266 263 268
f 266 268 271
f 267 181 270
f 267 270 192
f 270 265 269
f 270 269 272
f 260 185 273
f 260 273 268
f 234 169 238
f 234 238 274
f 269 229 234
f 269 234 275
f 192 270 272
f 192 272 187
f 271 268 273
f 271 273 276
f 238 239 277
f 238 277 274
f 272 269 275
f 272 275 278
f 185 186 279
f 185 279 273
f 275 234 274
f 275 274 280
f 187 272 278
f 187 278 188
f 276 273 279
f 276 279 281
f 274 277 282
f 274 282 280
f 186 188 283
f 186 283 279
f 278 275 280
f 278 280 284
f 188 278 284
f 188 284 283
f 281 279 283
f 281 283 285
f 280 282 286
f 280 286 284
f 285 283 284
f 285 284 286
f 287 288 289
f 288 290 289
f 290 291 289
f 292 287 289
f 291 293 289
f 294 292 289
f 293 295 289
f 295 294 289
f 287 296 297
f 287 297 288
f 288 297 298
f 288 298 290
f 290 298 299
f 290 299 291
f 292 300 296
f 292 296 287
f 291 299 301
f 291 301 293
f 300 292 294
f 300 294 302
f 293 301 303
f 293 303 295
f 295 303 302
f 295 302 294
f 120 304 305
f 306 114 307
f 308 78 309
f 69 310 311
f 312 313 314
f 315 316 317
f 318 319 320
f 321 73 322
f 323 324 325
f 326 327 328
f 329 330 331
f 329 331 332
f 333 334 335
f 333 335 336
f 331 337 338
f 331 338 332
f 339 336 335
f 339 335 340
f 341 342 338
f 341 338 337
f 343 344 339
f 343 339 340
f 345 346 347
f 345 347 348
f 342 329 332
f 342 332 338
f 334 343 340
f 334 340 335
f 346 349 350
f 346 350 347
f 351 345 348
f 351 348 352
f 353 354 355
f 353 355 356
f 357 358 359
f 357 359 360
f 354 361 362
f 354 362 355
f 363 357 360
f 363 360 364
f 349 365 366
f 349 366 350
f 367 351 352
f 367 352 368
f 356 355 362
f 356 362 369
f 360 359 370
f 360 370 364
f 371 353 356
f 371 356 369
f 358 372 370
f 358 370 359
f 361 371 369
f 361 369 362
f 372 363 364
f 372 364 370
f 373 374 375
f 373 375 376
f 377 378 379
f 377 379 380
f 381 367 368
f 381 368 382
f 365 383 384
f 365 384 366
f 378 385 386
f 378 386 379
f 387 373 376
f 387 376 388
f 376 375 389
f 376 389 388
f 380 379 386
f 380 386 390
f 391 392 393
f 391 393 394
f 395 396 397
f 395 397 398
f 374 399 389
f 374 389 375
f 400 377 380
f 400 380 390
f 401 402 403
f 401 403 404
f 405 406 407
f 405 407 408
f 409 410 411
f 409 411 412
f 413 414 415
f 413 415 416
f 417 418 419
f 417 419 420
f 421 422 423
f 421 423 424
f 425 381 382
f 425 382 426
f 383 427 428
f 383 428 384
f 399 387 388
f 399 388 389
f 385 400 390
f 385 390 386
f 429 430 431
f 429 431 432
f 433 434 435
f 433 435 436
f 437 438 439
f 437 439 440
f 441 442 443
f 441 443 444
f 445 446 447
f 445 447 448
f 449 450 451
f 449 451 452
f 453 425 426
f 453 426 454
f 427 455 456
f 427 456 428
f 455 453 454
f 455 454 456
f 457 458 459
f 457 459 460
f 461 462 463
f 461 463 464
f 465 466 467
f 465 467 468
f 469 470 471
f 469 471 472
f 473 474 475
f 473 475 476
f 466 477 478
f 466 478 467
f 479 465 468
f 479 468 480
f 481 482 483
f 481 483 484
f 485 486 487
f 485 487 488
f 489 490 491
f 489 491 492
f 493 494 495
f 493 495 496
f 117 123 122
f 117 122 118
f 497 498 499
f 497 499 500
f 501 502 503
f 501 503 504
f 477 505 506
f 477 506 478
f 507 479 480
f 507 480 508
f 509 510 511
f 509 511 512
f 513 514 515
f 513 515 516
f 517 518 519
f 517 519 520
f 521 522 523
f 521 523 524
f 525 526 527
f 525 527 528
f 529 530 531
f 529 531 532
f 533 534 535
f 533 535 536
f 537 538 539
f 537 539 540
f 81 541 542
f 81 542 82
f 543 72 71
f 543 71 544
f 545 546 547
f 545 547 548
f 549 550 551
f 549 551 552
f 505 553 554
f 505 554 506
f 555 507 508
f 555 508 556
f 557 558 559
f 557 559 560
f 561 562 563
f 561 563 564
f 114 120 305
f 114 305 307
f 565 566 567
f 565 567 568
f 569 570 571
f 569 571 572
f 573 574 575
f 573 575 576
f 577 578 579
f 577 579 580
f 313 69 311
f 313 311 314
f 78 315 317
f 78 317 309
f 304 306 307
f 304 307 305
f 581 582 583
f 581 583 584
f 585 586 587
f 585 587 588
f 589 590 591
f 589 591 592
f 593 594 595
f 593 595 596
f 310 312 314
f 310 314 311
f 316 308 309
f 316 309 317
f 597 598 599
f 597 599 600
f 76 601 602
f 76 602 77
f 603 604 605
f 603 605 606
f 607 608 609
f 607 609 610
f 553 611 612
f 553 612 554
f 613 555 556
f 613 556 614
f 615 616 617
f 615 617 618
f 619 620 621
f 619 621 622
f 319 323 325
f 319 325 320
f 327 321 322
f 327 322 328
f 324 318 320
f 324 320 325
f 73 326 328
f 73 328 322
f 623 624 625
f 623 625 626
f 627 628 629
f 627 629 630
f 630 629 624
f 630 624 623
f 611 631 632
f 611 632 612
f 633 613 614
f 633 614 634
f 631 633 634
f 631 634 632
f 344 333 336
f 344 336 339
f 330 341 337
f 330 337 331
f 635 636 637
f 635 637 638
f 626 639 640
f 626 640 623
f 641 642 625
f 641 625 624
f 643 318 644
f 599 598 643
f 599 643 644
f 645 646 647
f 646 648 647
f 649 645 647
f 648 650 647
f 651 649 647
f 650 652 647
f 653 651 647
f 652 653 647
f 645 654 655
f 645 655 646
f 646 655 656
f 646 656 648
f 649 657 654
f 649 654 645
f 648 656 658
f 648 658 650
f 657 649 651
f 657 651 659
f 650 658 660
f 650 660 652
f 653 661 659
f 653 659 651
f 652 660 661
f 652 661 653
f 662 663 664
f 663 665 664
f 665 666 664
f 667 662 664
f 668 667 664
f 666 669 664
f 670 668 664
f 669 670 664
f 663 671 672
f 663 672 665
f 662 673 671
f 662 671 663
f 667 674 673
f 667 673 662
f 665 672 675
f 665 675 666
f 666 675 676
f 666 676 669
f 674 667 668
f 674 668 677
f 670 678 677
f 670 677 668
f 669 676 678
f 669 678 670
f 679 315 680
f 542 541 679
f 542 679 680
f 313 681 682
f 681 543 544
f 681 544 682
f 683 326 684
f 602 601 683
f 602 683 684
f 324 685 686
f 685 597 600
f 685 600 686
f 687 688 689
f 687 689 690
f 689 688 691
f 689 691 692
f 693 692 691
f 693 691 694
f 688 687 695
f 688 695 696
f 688 696 697
f 688 697 691
f 697 698 694
f 697 694 691
f 699 700 701
f 699 701 702
f 699 702 703
f 699 703 704
f 705 704 703
f 705 703 706
f 707 708 709
f 707 709 710
f 709 708 711
f 709 711 712
f 711 713 714
f 711 714 712
f 715 716 524
f 715 524 523
f 716 715 717
f 716 717 718
f 719 718 717
f 719 717 720
f 721 722 576
f 721 576 575
f 722 721 723
f 722 723 724
f 723 725 726
f 723 726 724
f 727 728 580
f 727 580 579
f 728 727 729
f 728 729 730
f 731 730 729
f 731 729 732
f 733 734 520
f 733 520 519
f 734 733 735
f 734 735 736
f 735 737 738
f 735 738 736
f 739 740 741
f 739 741 742
f 741 740 743
f 741 743 744
f 743 745 746
f 743 746 744
f 747 748 596
f 747 596 595
f 748 747 749
f 748 749 750
f 751 750 749
f 751 749 752
f 753 754 700
f 753 700 699
f 753 699 704
f 753 704 755
f 756 755 704
f 756 704 705
f 757 758 708
f 757 708 707
f 708 758 759
f 708 759 711
f 759 760 713
f 759 713 711
f 690 689 761
f 690 761 762
f 761 689 692
f 761 692 763
f 764 763 692
f 764 692 693
f 765 766 696
f 765 696 695
f 696 766 767
f 696 767 697
f 767 768 698
f 767 698 697
f 769 770 740
f 769 740 739
f 745 743 771
f 745 771 772
f 740 770 771
f 740 771 743
f 773 769 739
f 773 739 774
f 774 739 742
f 774 742 775
f 776 777 769
f 776 769 773
f 778 779 775
f 778 775 742
f 780 781 777
f 780 777 776
f 779 778 782
f 779 782 783
f 783 782 784
f 783 784 785
f 785 784 781
f 785 781 780
f 786 787 572
f 786 572 571
f 787 786 788
f 787 788 789
f 790 789 788
f 790 788 791
f 792 793 568
f 792 568 567
f 793 792 794
f 793 794 795
f 794 796 797
f 794 797 795
f 798 799 562
f 798 562 561
f 562 799 800
f 562 800 801
f 802 798 561
f 802 561 803
f 800 804 805
f 800 805 801
f 803 806 807
f 803 807 802
f 710 709 808
f 710 808 809
f 808 709 712
f 808 712 810
f 712 714 811
f 712 811 810
f 702 701 809
f 702 809 808
f 702 808 810
f 702 810 703
f 706 703 810
f 706 810 811
f 799 812 538
f 799 538 537
f 538 812 813
f 538 813 814
f 800 799 537
f 800 537 815
f 813 816 817
f 813 817 814
f 815 818 804
f 815 804 800
f 812 819 534
f 812 534 533
f 813 812 533
f 813 533 820
f 534 819 821
f 534 821 822
f 816 813 820
f 816 820 823
f 824 822 821
f 824 821 825
f 826 827 528
f 826 528 527
f 827 826 828
f 827 828 829
f 828 830 831
f 828 831 829
f 819 832 558
f 819 558 557
f 821 819 557
f 821 557 833
f 558 832 834
f 558 834 835
f 825 821 833
f 825 833 836
f 837 835 834
f 837 834 838
f 839 840 532
f 839 532 531
f 840 839 841
f 840 841 842
f 843 842 841
f 843 841 844
f 845 846 546
f 845 546 545
f 847 845 545
f 847 545 848
f 546 846 849
f 546 849 850
f 851 847 848
f 851 848 852
f 853 850 849
f 853 849 854
f 846 855 550
f 846 550 549
f 550 855 856
f 550 856 857
f 849 846 549
f 849 549 858
f 856 859 860
f 856 860 857
f 858 861 854
f 858 854 849
f 82 542 680
f 82 680 80
f 80 680 315
f 80 315 78
f 544 71 70
f 544 70 682
f 682 70 69
f 682 69 313
f 603 606 862
f 603 862 863
f 864 865 866
f 864 866 867
f 865 868 869
f 865 869 866
f 868 617 616
f 868 616 869
f 863 862 864
f 863 864 867
f 870 871 872
f 870 872 873
f 872 871 874
f 872 874 875
f 871 870 876
f 871 876 877
f 873 872 878
f 873 878 879
f 874 880 881
f 874 881 875
f 871 877 882
f 871 882 874
f 878 872 875
f 878 875 883
f 880 874 882
f 880 882 884
f 875 881 885
f 875 885 883
f 877 876 886
f 877 886 887
f 879 878 888
f 879 888 889
f 877 887 890
f 877 890 882
f 888 878 883
f 888 883 891
f 884 882 890
f 884 890 892
f 883 885 893
f 883 893 891
f 889 888 894
f 889 894 895
f 887 886 896
f 887 896 897
f 894 888 891
f 894 891 898
f 887 897 899
f 887 899 890
f 891 893 900
f 891 900 898
f 892 890 899
f 892 899 901
f 898 900 902
f 898 902 903
f 901 899 904
f 901 904 905
f 906 894 898
f 906 898 903
f 897 907 904
f 897 904 899
f 895 894 906
f 895 906 908
f 897 896 909
f 897 909 907
f 903 902 910
f 903 910 911
f 905 904 912
f 905 912 913
f 914 906 903
f 914 903 911
f 907 915 912
f 907 912 904
f 911 910 913
f 911 913 912
f 907 909 916
f 907 916 915
f 908 906 914
f 908 914 917
f 915 914 911
f 915 911 912
f 917 914 915
f 917 915 916
f 918 919 920
f 918 920 921
f 920 919 922
f 920 922 923
f 922 870 873
f 922 873 923
f 919 918 924
f 919 924 925
f 921 920 926
f 921 926 927
f 919 925 928
f 919 928 922
f 926 920 923
f 926 923 929
f 870 922 928
f 870 928 876
f 923 873 879
f 923 879 929
f 925 924 930
f 925 930 931
f 927 926 932
f 927 932 933
f 925 931 934
f 925 934 928
f 932 926 929
f 932 929 935
f 876 928 934
f 876 934 886
f 929 879 889
f 929 889 935
f 931 930 936
f 931 936 937
f 933 932 938
f 933 938 939
f 938 932 935
f 938 935 940
f 931 937 941
f 931 941 934
f 935 889 895
f 935 895 940
f 886 934 941
f 886 941 896
f 937 936 942
f 937 942 943
f 939 938 944
f 939 944 945
f 937 943 946
f 937 946 941
f 944 938 940
f 944 940 947
f 940 895 908
f 940 908 947
f 896 941 946
f 896 946 909
f 943 942 948
f 943 948 949
f 945 944 950
f 945 950 951
f 943 949 952
f 943 952 946
f 950 944 947
f 950 947 953
f 909 946 952
f 909 952 916
f 947 908 917
f 947 917 953
f 949 948 951
f 949 951 950
f 949 950 953
f 949 953 952
f 953 917 916
f 953 916 952
f 954 955 468
f 954 468 467
f 954 918 921
f 954 921 955
f 956 954 467
f 956 467 478
f 955 957 480
f 955 480 468
f 918 954 956
f 918 956 924
f 955 921 927
f 955 927 957
f 958 956 478
f 958 478 506
f 957 959 508
f 957 508 480
f 924 956 958
f 924 958 930
f 957 927 933
f 957 933 959
f 960 958 506
f 960 506 554
f 959 961 556
f 959 556 508
f 930 958 960
f 930 960 936
f 959 933 939
f 959 939 961
f 936 960 962
f 936 962 942
f 961 939 945
f 961 945 963
f 962 960 554
f 962 554 612
f 961 963 614
f 961 614 556
f 942 962 964
f 942 964 948
f 963 945 951
f 963 951 965
f 964 962 612
f 964 612 632
f 963 965 634
f 963 634 614
f 948 964 965
f 948 965 951
f 965 964 632
f 965 632 634
f 966 967 968
f 966 968 969
f 970 966 969
f 970 969 971
f 966 972 973
f 966 973 967
f 972 966 970
f 972 970 974
f 975 970 971
f 975 971 976
f 967 977 978
f 967 978 968
f 974 970 975
f 974 975 979
f 967 973 980
f 967 980 977
f 979 975 981
f 979 981 982
f 977 980 983
f 977 983 984
f 981 975 976
f 981 976 855
f 977 984 845
f 977 845 978
f 982 981 985
f 982 985 986
f 984 983 986
f 984 986 985
f 984 985 846
f 984 846 845
f 985 981 855
f 985 855 846
f 969 968 474
f 969 474 473
f 987 969 473
f 987 473 988
f 474 968 989
f 474 989 990
f 991 987 988
f 991 988 992
f 993 990 989
f 993 989 994
f 971 969 470
f 971 470 469
f 470 969 987
f 470 987 995
f 996 971 469
f 996 469 997
f 987 991 998
f 987 998 995
f 997 999 1000
f 997 1000 996
f 1001 1002 1003
f 1001 1003 1004
f 1005 1004 1003
f 1005 1003 1006
f 1002 1007 1008
f 1002 1008 1003
f 1009 1001 1004
f 1009 1004 1010
f 1006 1003 1008
f 1006 1008 1011
f 1004 1005 1012
f 1004 1012 1010
f 1007 1013 1014
f 1007 1014 1008
f 1015 1009 1010
f 1015 1010 1016
f 1011 1008 1014
f 1011 1014 1017
f 1010 1012 1018
f 1010 1018 1016
f 1019 1015 1016
f 1019 1016 1020
f 1013 1021 1022
f 1013 1022 1014
f 1016 1018 1023
f 1016 1023 1020
f 1017 1014 1022
f 1017 1022 1024
f 1021 1025 1026
f 1021 1026 1022
f 1027 1019 1020
f 1027 1020 1028
f 1024 1022 1026
f 1024 1026 1029
f 1020 1023 1030
f 1020 1030 1028
f 1025 1031 1032
f 1025 1032 1026
f 1033 1027 1028
f 1033 1028 1034
f 1029 1026 1032
f 1029 1032 1035
f 1028 1030 1036
f 1028 1036 1034
f 1031 1033 1034
f 1031 1034 1032
f 1035 1032 1034
f 1035 1034 1036
f 1037 1038 466
f 1037 466 465
f 1037 1005 1006
f 1037 1006 1038
f 1038 1039 477
f 1038 477 466
f 1040 1037 465
f 1040 465 479
f 1038 1006 1011
f 1038 1011 1039
f 1005 1037 1040
f 1005 1040 1012
f 1039 1041 505
f 1039 505 477
f 1042 1040 479
f 1042 479 507
f 1039 1011 1017
f 1039 1017 1041
f 1012 1040 1042
f 1012 1042 1018
f 1018 1042 1043
f 1018 1043 1023
f 1041 1017 1024
f 1041 1024 1044
f 1043 1042 507
f 1043 507 555
f 1041 1044 553
f 1041 553 505
f 1044 1024 1029
f 1044 1029 1045
f 1023 1043 1046
f 1023 1046 1030
f 1044 1045 611
f 1044 611 553
f 1046 1043 555
f 1046 555 613
f 1045 1029 1035
f 1045 1035 1047
f 1030 1046 1048
f 1030 1048 1036
f 1045 1047 631
f 1045 631 611
f 1048 1046 613
f 1048 613 633
f 1047 1035 1036
f 1047 1036 1048
f 1047 1048 633
f 1047 633 631
f 976 971 486
f 976 486 485
f 486 971 996
f 486 996 1049
f 1050 976 485
f 1050 485 1051
f 996 1000 1052
f 996 1052 1049
f 1051 1053 1054
f 1051 1054 1050
f 1055 609 608
f 1055 608 1056
f 1057 1058 1059
f 1057 1059 1060
f 1058 1061 1062
f 1058 1062 1059
f 619 622 1057
f 619 1057 1060
f 1061 1055 1056
f 1061 1056 1062
f 607 610 1063
f 607 1063 1064
f 1065 621 620
f 1065 620 1066
f 1064 1063 1067
f 1064 1067 1068
f 1067 1069 1070
f 1067 1070 1068
f 1069 1065 1066
f 1069 1066 1070
f 1071 605 604
f 1071 604 1072
f 1073 1074 1075
f 1073 1075 1076
f 1074 1077 1078
f 1074 1078 1075
f 615 618 1073
f 615 1073 1076
f 1077 1071 1072
f 1077 1072 1078
f 747 595 594
f 747 594 1079
f 1080 752 1081
f 1080 1081 1082
f 752 749 1083
f 752 1083 1081
f 585 588 1080
f 585 1080 1082
f 749 747 1079
f 749 1079 1083
f 589 592 1084
f 589 1084 1085
f 1086 583 582
f 1086 582 1087
f 1085 1084 1088
f 1085 1088 1089
f 1088 1090 1091
f 1088 1091 1089
f 1090 1086 1087
f 1090 1087 1091
f 1092 1093 462
f 1092 462 461
f 1094 1095 462
f 1094 462 1093
f 461 1096 1097
f 461 1097 1092
f 1094 1098 1099
f 1094 1099 1095
f 1096 1100 1101
f 1096 1101 1097
f 1102 1092 458
f 1102 458 457
f 457 1103 1104
f 457 1104 1102
f 1097 1105 458
f 1097 458 1092
f 1106 1104 1103
f 1106 1103 1107
f 1108 1105 1097
f 1108 1097 1101
f 1109 1110 758
f 1109 758 757
f 758 1110 1111
f 758 1111 759
f 1111 1112 760
f 1111 760 759
f 968 978 482
f 968 482 481
f 989 968 481
f 989 481 1113
f 482 978 1114
f 482 1114 1115
f 994 989 1113
f 994 1113 1116
f 1117 1115 1114
f 1117 1114 1118
f 1119 1120 492
f 1119 492 491
f 1120 1119 1121
f 1120 1121 1122
f 1121 1123 1124
f 1121 1124 1122
f 1125 1126 496
f 1125 496 495
f 1126 1125 1127
f 1126 1127 1128
f 1129 1128 1127
f 1129 1127 1130
f 1131 1132 1133
f 1131 1133 1134
f 1134 1133 1135
f 1134 1135 1136
f 1137 762 1132
f 1137 1132 1131
f 1136 1135 765
f 1136 765 1138
f 1139 690 762
f 1139 762 1137
f 1138 765 695
f 1138 695 1140
f 1141 687 690
f 1141 690 1139
f 687 1141 1140
f 687 1140 695
f 1142 1143 500
f 1142 500 499
f 1143 1142 1144
f 1143 1144 1145
f 1144 1146 1147
f 1144 1147 1145
f 1148 1149 504
f 1148 504 503
f 1149 1148 1150
f 1149 1150 1151
f 1152 1151 1150
f 1152 1150 1153
f 1132 1154 1155
f 1132 1155 1133
f 1156 1157 1158
f 1156 1158 1159
f 1155 1154 1156
f 1155 1156 1159
f 1133 1155 1160
f 1133 1160 1135
f 1160 1155 1159
f 1160 1159 1161
f 1159 1158 1162
f 1159 1162 1161
f 762 761 1154
f 762 1154 1132
f 1154 761 763
f 1154 763 1156
f 1157 1156 763
f 1157 763 764
f 1135 1160 766
f 1135 766 765
f 766 1160 1161
f 766 1161 767
f 1161 1162 768
f 1161 768 767
f 118 122 121
f 118 121 116
f 116 121 120
f 116 120 114
f 855 976 514
f 855 514 513
f 514 976 1050
f 514 1050 1163
f 856 855 513
f 856 513 1164
f 1050 1054 1165
f 1050 1165 1163
f 1164 1166 859
f 1164 859 856
f 978 845 510
f 978 510 509
f 1114 978 509
f 1114 509 1167
f 510 845 847
f 510 847 1168
f 1118 1114 1167
f 1118 1167 1169
f 1170 1168 847
f 1170 847 851
f 1171 1109 757
f 1171 757 1172
f 1173 754 1109
f 1173 1109 1171
f 754 1173 1174
f 754 1174 700
f 1172 757 707
f 1172 707 1175
f 700 1174 1176
f 700 1176 701
f 1175 707 710
f 1175 710 1177
f 1177 710 809
f 1177 809 1178
f 701 1176 1178
f 701 1178 809
f 1157 1179 1180
f 1157 1180 1158
f 1180 1179 1173
f 1180 1173 1171
f 1181 1180 1171
f 1181 1171 1172
f 1179 1182 1174
f 1179 1174 1173
f 1183 1181 1172
f 1183 1172 1175
f 1184 1183 1175
f 1184 1175 1177
f 1182 1185 1176
f 1182 1176 1174
f 1186 1184 1177
f 1186 1177 1178
f 1185 1186 1178
f 1185 1178 1176
f 1179 1157 764
f 1179 764 1182
f 1158 1180 1181
f 1158 1181 1162
f 1162 1181 1183
f 1162 1183 768
f 1182 764 693
f 1182 693 1185
f 768 1183 1184
f 768 1184 698
f 698 1184 1186
f 698 1186 694
f 1185 693 694
f 1185 694 1186
f 754 753 1110
f 754 1110 1109
f 1110 753 755
f 1110 755 1111
f 755 756 1112
f 755 1112 1111
f 1187 1188 552
f 1187 552 551
f 1187 843 844
f 1187 844 1188
f 1065 1057 622
f 1065 622 621
f 1065 1069 1058
f 1065 1058 1057
f 868 1073 618
f 868 618 617
f 1074 1073 868
f 1074 868 865
f 1189 1080 588
f 1189 588 587
f 1189 751 752
f 1189 752 1080
f 1086 1190 584
f 1086 584 583
f 1191 1190 1086
f 1191 1086 1090
f 1192 1193 564
f 1192 564 563
f 1192 731 732
f 1192 732 1193
f 1194 1195 560
f 1194 560 559
f 725 1195 1194
f 725 1194 726
f 1196 1197 540
f 1196 540 539
f 1196 790 791
f 1196 791 1197
f 1198 1199 536
f 1198 536 535
f 796 1199 1198
f 796 1198 797
f 1200 1201 159
f 1200 159 161
f 1202 1201 1200
f 1202 1200 1203
f 1204 1205 548
f 1204 548 547
f 830 1205 1204
f 830 1204 831
f 1206 1207 516
f 1206 516 515
f 1206 719 720
f 1206 720 1207
f 1208 1209 512
f 1208 512 511
f 737 1209 1208
f 737 1208 738
f 1210 1211 488
f 1210 488 487
f 1210 1152 1153
f 1210 1153 1211
f 1212 1213 484
f 1212 484 483
f 1146 1213 1212
f 1146 1212 1147
f 1214 1215 472
f 1214 472 471
f 1214 1129 1130
f 1214 1130 1215
f 1216 1217 476
f 1216 476 475
f 1123 1217 1216
f 1123 1216 1124
f 1218 1219 464
f 1218 464 463
f 1218 1220 1221
f 1218 1221 1219
f 1222 183 178
f 1222 178 1223
f 1223 1224 1225
f 1223 1225 1222
f 1226 1227 812
f 1226 812 799
f 1227 1228 819
f 1227 819 812
f 1228 1229 832
f 1228 832 819
f 1230 1226 799
f 1230 799 798
f 1229 1231 1232
f 1229 1232 832
f 1233 1230 798
f 1233 798 1234
f 1231 1235 1236
f 1231 1236 1232
f 1235 1233 1234
f 1235 1234 1236
f 1224 1227 1226
f 1224 1226 1225
f 1225 1226 1230
f 1225 1230 1237
f 1227 1224 1238
f 1227 1238 1228
f 1228 1238 1239
f 1228 1239 1229
f 1237 1230 1233
f 1237 1233 1240
f 1229 1239 1241
f 1229 1241 1231
f 1240 1233 1235
f 1240 1235 1242
f 1231 1241 1242
f 1231 1242 1235
f 1243 189 186
f 1243 186 1244
f 1244 1240 1242
f 1244 1242 1243
f 1244 186 184
f 1244 184 1245
f 1245 1237 1240
f 1245 1240 1244
f 1246 187 189
f 1246 189 1243
f 1241 1246 1243
f 1241 1243 1242
f 193 187 1246
f 193 1246 1247
f 1239 1247 1246
f 1239 1246 1241
f 177 193 1247
f 177 1247 1248
f 1238 1248 1247
f 1238 1247 1239
f 177 1248 1223
f 177 1223 178
f 1224 1223 1248
f 1224 1248 1238
f 184 183 1222
f 184 1222 1245
f 1222 1225 1237
f 1222 1237 1245
f 1249 1250 460
f 1249 460 459
f 1251 1250 1249
f 1251 1249 1252
f 1253 1254 1255
f 1253 1255 1256
f 1257 1253 1256
f 1257 1256 1258
f 1259 1257 1258
f 1259 1258 1260
f 1254 1261 1262
f 1254 1262 1255
f 1263 1259 1260
f 1263 1260 1093
f 1261 1264 1102
f 1261 1102 1262
f 1265 1263 1093
f 1265 1093 1092
f 1264 1265 1092
f 1264 1092 1102
f 1202 1253 1257
f 1202 1257 1266
f 1253 1202 1203
f 1253 1203 1254
f 1266 1257 1259
f 1266 1259 1267
f 1267 1259 1263
f 1267 1263 1268
f 1254 1203 1269
f 1254 1269 1261
f 1268 1263 1265
f 1268 1265 1270
f 1261 1269 1271
f 1261 1271 1264
f 1264 1271 1270
f 1264 1270 1265
f 1272 1273 168
f 1272 168 166
f 1272 1268 1270
f 1272 1270 1273
f 1273 1274 167
f 1273 167 168
f 1271 1274 1273
f 1271 1273 1270
f 167 1274 1275
f 167 1275 165
f 1269 1275 1274
f 1269 1274 1271
f 162 1276 1272
f 162 1272 166
f 1276 1267 1268
f 1276 1268 1272
f 165 1275 1200
f 165 1200 161
f 1203 1200 1275
f 1203 1275 1269
f 160 1277 1276
f 160 1276 162
f 1277 1266 1267
f 1277 1267 1276
f 1201 1277 160
f 1201 160 159
f 1201 1202 1266
f 1201 1266 1277
f 782 1278 1279
f 782 1279 784
f 1279 1278 1280
f 1279 1280 1281
f 1280 1282 1283
f 1280 1283 1281
f 1284 1285 1286
f 1284 1286 1287
f 1285 1288 1289
f 1285 1289 1286
f 1288 635 638
f 1288 638 1289
f 1236 1234 620
f 1236 620 619
f 620 1234 1290
f 620 1290 1066
f 1291 1236 619
f 1291 619 1060
f 1290 1292 1070
f 1290 1070 1066
f 1060 1059 1293
f 1060 1293 1291
f 1232 1236 616
f 1232 616 615
f 1294 1232 615
f 1294 615 1076
f 616 1236 1291
f 616 1291 869
f 1295 1294 1076
f 1295 1076 1075
f 866 869 1291
f 866 1291 1293
f 1055 1063 610
f 1055 610 609
f 1063 1055 1061
f 1063 1061 1067
f 1069 1067 1061
f 1069 1061 1058
f 1071 862 606
f 1071 606 605
f 862 1071 1077
f 862 1077 864
f 1077 1074 865
f 1077 865 864
f 77 602 684
f 77 684 75
f 75 684 326
f 75 326 73
f 600 599 644
f 600 644 686
f 686 644 318
f 686 318 324
f 784 1279 1296
f 784 1296 781
f 1296 1279 1281
f 1296 1281 1297
f 1298 1297 1281
f 1298 1281 1283
f 106 1299 1300
f 106 1300 107
f 51 50 1300
f 51 1300 1299
f 566 1301 792
f 566 792 567
f 1302 823 796
f 1302 796 794
f 823 820 1199
f 823 1199 796
f 533 536 1199
f 533 1199 820
f 1301 1302 794
f 1301 794 792
f 1303 1084 592
f 1303 592 591
f 1084 1303 1304
f 1084 1304 1088
f 1304 1191 1090
f 1304 1090 1088
f 778 1305 1278
f 778 1278 782
f 1278 1305 1306
f 1278 1306 1280
f 1306 1307 1282
f 1306 1282 1280
f 781 1296 1308
f 781 1308 777
f 1308 1296 1297
f 1308 1297 1309
f 1310 1309 1297
f 1310 1297 1298
f 1311 1312 1313
f 1311 1313 1314
f 1315 1316 1312
f 1315 1312 1311
f 1316 1317 1318
f 1316 1318 1312
f 1312 1318 1319
f 1312 1319 1313
f 1318 1317 1320
f 1318 1320 1321
f 1319 1318 1321
f 1319 1321 1322
f 1314 1313 1323
f 1314 1323 1324
f 1325 1326 1316
f 1325 1316 1315
f 1326 1327 1317
f 1326 1317 1316
f 1313 1319 1328
f 1313 1328 1323
f 1321 1329 1330
f 1321 1330 1322
f 1320 1331 1329
f 1320 1329 1321
f 1317 1327 1332
f 1317 1332 1320
f 1328 1319 1322
f 1328 1322 1333
f 1332 1334 1331
f 1332 1331 1320
f 1322 1330 1335
f 1322 1335 1333
f 1326 1325 1336
f 1326 1336 1337
f 1338 1339 1324
f 1338 1324 1323
f 1327 1326 1337
f 1327 1337 1340
f 1341 1338 1323
f 1341 1323 1328
f 1327 1340 1342
f 1327 1342 1332
f 1341 1328 1333
f 1341 1333 1343
f 1334 1332 1342
f 1334 1342 1344
f 1345 1343 1333
f 1345 1333 1335
f 1340 1337 1346
f 1340 1346 1347
f 1347 1346 1338
f 1347 1338 1341
f 1346 1348 1339
f 1346 1339 1338
f 1337 1336 1348
f 1337 1348 1346
f 1340 1347 1349
f 1340 1349 1342
f 1347 1341 1343
f 1347 1343 1349
f 1344 1342 1349
f 1344 1349 1350
f 1350 1349 1343
f 1350 1343 1345
f 1351 745 772
f 1351 772 1352
f 1353 1351 1311
f 1353 1311 1314
f 1351 1352 1315
f 1351 1315 1311
f 1354 1353 1314
f 1354 1314 1324
f 1352 1355 1325
f 1352 1325 1315
f 1355 1356 1336
f 1355 1336 1325
f 1357 1354 1324
f 1357 1324 1339
f 1356 1358 1348
f 1356 1348 1336
f 1358 1357 1339
f 1358 1339 1348
f 745 1351 1353
f 745 1353 746
f 746 1353 1354
f 746 1354 1307
f 1352 772 1310
f 1352 1310 1355
f 1355 1310 1298
f 1355 1298 1356
f 1307 1354 1357
f 1307 1357 1282
f 1282 1357 1358
f 1282 1358 1283
f 1356 1298 1283
f 1356 1283 1358
f 1234 798 586
f 1234 586 585
f 586 798 802
f 586 802 1359
f 1290 1234 585
f 1290 585 1082
f 802 807 1360
f 802 1360 1359
f 1082 1081 1292
f 1082 1292 1290
f 832 1232 582
f 832 582 581
f 834 832 581
f 834 581 1361
f 582 1232 1294
f 582 1294 1087
f 838 834 1361
f 838 1361 1362
f 1091 1087 1294
f 1091 1294 1295
f 1305 778 742
f 1305 742 741
f 1305 741 744
f 1305 744 1306
f 744 746 1307
f 744 1307 1306
f 1363 1364 1365
f 1363 1365 1366
f 1367 114 306
f 1367 306 1368
f 304 120 1369
f 304 1369 1364
f 310 69 1370
f 310 1370 1371
f 1372 78 308
f 1372 308 1365
f 1373 313 312
f 1373 312 1374
f 316 315 1375
f 316 1375 1376
f 319 318 1377
f 319 1377 1378
f 1379 73 321
f 1379 321 1380
f 323 1381 1382
f 323 1382 324
f 1383 1384 327
f 1383 327 326
f 1370 1367 1368
f 1370 1368 1371
f 1369 1372 1365
f 1369 1365 1364
f 1364 1368 306
f 1364 306 304
f 1371 1374 312
f 1371 312 310
f 1376 1365 308
f 1376 308 316
f 1377 1373 1374
f 1377 1374 1378
f 1375 1379 1380
f 1375 1380 1376
f 1378 1381 323
f 1378 323 319
f 1384 1380 321
f 1384 321 327
f 642 639 626
f 642 626 625
f 641 1382 1381
f 641 1381 642
f 1383 640 639
f 1383 639 1384
f 1368 1385 1386
f 1368 1386 1371
f 1371 1386 1387
f 1371 1387 1374
f 1385 1368 1364
f 1385 1364 1363
f 1366 1365 1376
f 1366 1376 1388
f 1374 1387 1389
f 1374 1389 1378
f 1388 1376 1380
f 1388 1380 1390
f 1378 1389 1391
f 1378 1391 1381
f 1390 1380 1384
f 1390 1384 1392
f 1381 1391 1393
f 1381 1393 642
f 1392 1384 639
f 1392 639 1394
f 1394 639 642
f 1394 642 1393
f 1395 1396 452
f 1395 452 451
f 1395 1397 1398
f 1395 1398 1396
f 1399 1400 448
f 1399 448 447
f 1401 1400 1399
f 1401 1399 1402
f 1403 1404 424
f 1403 424 423
f 1403 1405 1406
f 1403 1406 1404
f 1407 1408 420
f 1407 420 419
f 1409 1408 1407
f 1409 1407 1410
f 1411 1412 398
f 1411 398 397
f 1411 1413 1414
f 1411 1414 1412
f 1415 1416 394
f 1415 394 393
f 1417 1416 1415
f 1417 1415 1418
f 1419 1420 1421
f 1419 1421 1422
f 1420 1419 1423
f 1420 1423 1424
f 1424 1423 1425
f 1424 1425 1426
f 1422 1421 1427
f 1422 1427 1428
f 1426 1425 1429
f 1426 1429 1430
f 1428 1427 1431
f 1428 1431 1432
f 1430 1429 1433
f 1430 1433 1434
f 1432 1431 1435
f 1432 1435 1436
f 1434 1433 1437
f 1434 1437 1438
f 1436 1435 1439
f 1436 1439 1440
f 1440 1439 1441
f 1440 1441 1442
f 1438 1437 1442
f 1438 1442 1441
f 1423 1419 1443
f 1423 1443 1444
f 1425 1423 1444
f 1425 1444 1445
f 1419 1422 1446
f 1419 1446 1443
f 1429 1425 1445
f 1429 1445 1447
f 1422 1428 1448
f 1422 1448 1446
f 1433 1429 1447
f 1433 1447 1449
f 1428 1432 1450
f 1428 1450 1448
f 1437 1433 1449
f 1437 1449 1451
f 1432 1436 1452
f 1432 1452 1450
f 1436 1440 1453
f 1436 1453 1452
f 1442 1437 1451
f 1442 1451 1454
f 1440 1442 1454
f 1440 1454 1453
f 2 1443 1446
f 2 1446 3
f 1443 2 4
f 1443 4 1444
f 1444 4 5
f 1444 5 1445
f 3 1446 1448
f 3 1448 6
f 1445 5 7
f 1445 7 1447
f 6 1448 1450
f 6 1450 8
f 1447 7 9
f 1447 9 1449
f 8 1450 1452
f 8 1452 10
f 1449 9 11
f 1449 11 1451
f 10 1452 1453
f 10 1453 12
f 12 1453 1454
f 12 1454 13
f 1451 11 13
f 1451 13 1454
f 1455 1456 1457
f 1455 1457 1458
f 1456 1455 1459
f 1456 1459 1460
f 1460 1459 1461
f 1460 1461 1462
f 1458 1457 1463
f 1458 1463 1464
f 1462 1461 1465
f 1462 1465 1466
f 1464 1463 1467
f 1464 1467 1468
f 1466 1465 1469
f 1466 1469 1470
f 1468 1467 1471
f 1468 1471 1472
f 1470 1469 1473
f 1470 1473 1474
f 1472 1471 1475
f 1472 1475 1476
f 1476 1475 1477
f 1476 1477 1478
f 1474 1473 1478
f 1474 1478 1477
f 1459 1455 1479
f 1459 1479 1480
f 1461 1459 1480
f 1461 1480 1481
f 1455 1458 1482
f 1455 1482 1479
f 1465 1461 1481
f 1465 1481 1483
f 1458 1464 1484
f 1458 1484 1482
f 1469 1465 1483
f 1469 1483 1485
f 1464 1468 1486
f 1464 1486 1484
f 1473 1469 1485
f 1473 1485 1487
f 1468 1472 1488
f 1468 1488 1486
f 1472 1476 1489
f 1472 1489 1488
f 1478 1473 1487
f 1478 1487 1490
f 1476 1478 1490
f 1476 1490 1489
f 1420 1479 1482
f 1420 1482 1421
f 1479 1420 1424
f 1479 1424 1480
f 1480 1424 1426
f 1480 1426 1481
f 1421 1482 1484
f 1421 1484 1427
f 1481 1426 1430
f 1481 1430 1483
f 1427 1484 1486
f 1427 1486 1431
f 1483 1430 1434
f 1483 1434 1485
f 1431 1486 1488
f 1431 1488 1435
f 1485 1434 1438
f 1485 1438 1487
f 1435 1488 1489
f 1435 1489 1439
f 1439 1489 1490
f 1439 1490 1441
f 1487 1438 1441
f 1487 1441 1490
f 777 1308 770
f 777 770 769
f 770 1308 1309
f 770 1309 771
f 772 771 1309
f 772 1309 1310
f 1491 1363 1366
f 1491 1366 1492
f 1385 1493 1494
f 1385 1494 1386
f 1386 1494 1495
f 1386 1495 1387
f 1493 1385 1363
f 1493 1363 1491
f 1492 1366 1388
f 1492 1388 1496
f 1387 1495 1497
f 1387 1497 1389
f 1496 1388 1390
f 1496 1390 1498
f 1389 1497 1499
f 1389 1499 1391
f 1498 1390 1392
f 1498 1392 1500
f 1391 1499 1501
f 1391 1501 1393
f 1500 1392 1394
f 1500 1394 1502
f 1502 1394 1393
f 1502 1393 1501
f 1493 1491 1503
f 1493 1503 1504
f 1494 1493 1504
f 1494 1504 1505
f 1491 1492 1506
f 1491 1506 1503
f 1495 1494 1505
f 1495 1505 1507
f 1492 1496 1508
f 1492 1508 1506
f 1497 1495 1507
f 1497 1507 1509
f 1496 1498 1510
f 1496 1510 1508
f 1499 1497 1509
f 1499 1509 1511
f 1498 1500 1512
f 1498 1512 1510
f 1500 1502 1513
f 1500 1513 1512
f 1501 1499 1511
f 1501 1511 1514
f 1502 1501 1514
f 1502 1514 1513
f 1456 1503 1506
f 1456 1506 1457
f 1503 1456 1460
f 1503 1460 1504
f 1504 1460 1462
f 1504 1462 1505
f 1457 1506 1508
f 1457 1508 1463
f 1505 1462 1466
f 1505 1466 1507
f 1463 1508 1510
f 1463 1510 1467
f 1507 1466 1470
f 1507 1470 1509
f 1467 1510 1512
f 1467 1512 1471
f 1509 1470 1474
f 1509 1474 1511
f 1471 1512 1513
f 1471 1513 1475
f 1475 1513 1514
f 1475 1514 1477
f 1511 1474 1477
f 1511 1477 1514
f 112 1515 1516
f 112 1516 113
f 57 58 1516
f 57 1516 1515
f 113 1516 1517
f 113 1517 111
f 58 56 1517
f 58 1517 1516
f 110 1518 1515
f 110 1515 112
f 55 57 1515
f 55 1515 1518
f 111 1517 1519
f 111 1519 109
f 56 54 1519
f 56 1519 1517
f 1518 110 108
f 1518 108 1520
f 53 55 1518
f 53 1518 1520
f 109 1519 1299
f 109 1299 106
f 54 51 1299
f 54 1299 1519
f 107 1300 1520
f 107 1520 108
f 50 53 1520
f 50 1520 1300
f 35 33 1521
f 35 1521 1522
f 152 1522 1521
f 152 1521 150
f 47 46 1523
f 47 1523 1524
f 1523 136 138
f 1523 138 1524
f 45 48 1525
f 45 1525 1526
f 137 1526 1525
f 137 1525 139
f 37 35 1522
f 37 1522 1527
f 154 1527 1522
f 154 1522 152
f 32 36 1528
f 32 1528 1529
f 151 1529 1528
f 151 1528 153
f 1530 1531 413
f 1530 413 416
f 1532 1533 1405
f 1532 1405 1403
f 1533 1534 1535
f 1533 1535 1405
f 1535 1534 1531
f 1535 1531 1530
f 422 1532 1403
f 422 1403 423
f 410 1536 1537
f 410 1537 411
f 1536 1538 1539
f 1536 1539 1537
f 1408 1540 417
f 1408 417 420
f 1538 1541 1409
f 1538 1409 1539
f 1541 1540 1408
f 1541 1408 1409
f 41 45 1526
f 41 1526 1542
f 134 1542 1526
f 134 1526 137
f 46 44 1543
f 46 1543 1523
f 136 1523 1543
f 136 1543 135
f 36 38 1544
f 36 1544 1528
f 153 1528 1544
f 153 1544 155
f 33 32 1529
f 33 1529 1521
f 150 1521 1529
f 150 1529 151
f 406 1545 1546
f 406 1546 407
f 1545 1547 1548
f 1545 1548 1546
f 1412 1549 395
f 1412 395 398
f 1547 1550 1414
f 1547 1414 1548
f 1550 1549 1412
f 1550 1412 1414
f 1551 1552 401
f 1551 401 404
f 1553 1554 1418
f 1553 1418 1415
f 1554 1555 1556
f 1554 1556 1418
f 1556 1555 1552
f 1556 1552 1551
f 392 1553 1415
f 392 1415 393
f 42 41 1542
f 42 1542 1557
f 133 1557 1542
f 133 1542 134
f 44 42 1557
f 44 1557 1543
f 135 1543 1557
f 135 1557 133
f 402 1558 1559
f 402 1559 403
f 1558 1560 1561
f 1558 1561 1559
f 1416 1562 391
f 1416 391 394
f 1560 1563 1417
f 1560 1417 1561
f 1563 1562 1416
f 1563 1416 1417
f 1564 1565 405
f 1564 405 408
f 1566 1567 1413
f 1566 1413 1411
f 1567 1568 1569
f 1567 1569 1413
f 1569 1568 1565
f 1569 1565 1564
f 396 1566 1411
f 396 1411 397
f 405 1565 1570
f 405 1570 1571
f 1570 1558 402
f 1570 402 1571
f 401 1552 1572
f 401 1572 1573
f 1574 1545 406
f 1574 406 1575
f 1572 1536 410
f 1572 410 1573
f 413 1531 1574
f 413 1574 1575
f 409 1576 1577
f 409 1577 1578
f 1579 1580 414
f 1579 414 1581
f 430 1578 1577
f 430 1577 1582
f 1579 1581 433
f 1579 433 1583
f 1584 1585 429
f 1584 429 1586
f 434 1587 1588
f 434 1588 1589
f 438 1585 1584
f 438 1584 1590
f 1588 1587 441
f 1588 441 1591
f 442 1592 1593
f 442 1593 1594
f 1593 1592 437
f 1593 437 1595
f 1573 1571 402
f 1573 402 401
f 1571 1575 406
f 1571 406 405
f 1578 1573 410
f 1578 410 409
f 1575 1581 414
f 1575 414 413
f 1585 1578 430
f 1585 430 429
f 1581 1587 434
f 1581 434 433
f 1592 1585 438
f 1592 438 437
f 1587 1592 442
f 1587 442 441
f 1570 1596 1560
f 1570 1560 1558
f 1568 1596 1570
f 1568 1570 1565
f 1555 1597 1572
f 1555 1572 1552
f 1574 1598 1547
f 1574 1547 1545
f 1572 1597 1538
f 1572 1538 1536
f 1534 1598 1574
f 1534 1574 1531
f 1577 1576 1599
f 1577 1599 1600
f 1601 1580 1579
f 1601 1579 1602
f 1577 1600 1603
f 1577 1603 1582
f 1604 1602 1579
f 1604 1579 1583
f 1584 1586 1605
f 1584 1605 1606
f 1607 1589 1588
f 1607 1588 1608
f 1609 1590 1584
f 1609 1584 1606
f 1588 1591 1610
f 1588 1610 1608
f 1593 1595 1611
f 1593 1611 1612
f 1613 1594 1593
f 1613 1593 1612
f 1596 1614 1563
f 1596 1563 1560
f 1614 1596 1568
f 1614 1568 1567
f 1555 1554 1615
f 1555 1615 1597
f 1597 1615 1541
f 1597 1541 1538
f 1550 1547 1598
f 1550 1598 1616
f 1616 1598 1534
f 1616 1534 1533
f 1599 1617 1618
f 1599 1618 1600
f 1600 1618 1619
f 1600 1619 1603
f 1620 1601 1602
f 1620 1602 1621
f 1621 1602 1604
f 1621 1604 1622
f 1605 1623 1106
f 1605 1106 1606
f 1606 1106 1107
f 1606 1107 1609
f 1624 1607 1608
f 1624 1608 1098
f 1098 1608 1610
f 1098 1610 1099
f 1611 1108 1101
f 1611 1101 1612
f 1100 1613 1612
f 1100 1612 1101
f 1625 1583 433
f 1625 433 436
f 1626 1622 1397
f 1626 1397 1395
f 1622 1604 1627
f 1622 1627 1397
f 1627 1604 1583
f 1627 1583 1625
f 450 1626 1395
f 450 1395 451
f 14 17 1628
f 14 1628 1629
f 297 1629 1628
f 297 1628 298
f 15 14 1629
f 15 1629 1630
f 296 1630 1629
f 296 1629 297
f 593 596 748
f 593 748 1631
f 1189 587 586
f 1189 586 1359
f 1631 748 750
f 1631 750 1632
f 1359 1360 751
f 1359 751 1189
f 1360 1632 750
f 1360 750 751
f 1633 443 442
f 1633 442 1594
f 1634 1633 1594
f 1634 1594 1613
f 1219 1096 461
f 1219 461 464
f 1219 1221 1100
f 1219 1100 1096
f 1221 1634 1613
f 1221 1613 1100
f 441 444 1635
f 441 1635 1591
f 1095 1099 1220
f 1095 1220 1218
f 1099 1610 1636
f 1099 1636 1220
f 1591 1635 1636
f 1591 1636 1610
f 462 1095 1218
f 462 1218 463
f 1637 439 438
f 1637 438 1590
f 1638 1637 1590
f 1638 1590 1609
f 1250 1103 457
f 1250 457 460
f 1609 1107 1251
f 1609 1251 1638
f 1107 1103 1250
f 1107 1250 1251
f 1639 435 434
f 1639 434 1589
f 1640 1639 1589
f 1640 1589 1607
f 1396 1641 449
f 1396 449 452
f 1396 1398 1624
f 1396 1624 1641
f 1398 1640 1607
f 1398 1607 1624
f 429 432 1642
f 429 1642 1586
f 1643 1402 1623
f 1643 1623 1605
f 1402 1399 1644
f 1402 1644 1623
f 1586 1642 1643
f 1586 1643 1605
f 446 1644 1399
f 446 1399 447
f 1645 1646 1647
f 1645 1647 1648
f 1645 194 197
f 1645 197 1646
f 1649 1645 1648
f 1649 1648 1650
f 1646 1651 1652
f 1646 1652 1647
f 194 1645 1649
f 194 1649 198
f 201 1651 1646
f 201 1646 197
f 1653 1649 1650
f 1653 1650 1654
f 1651 1655 1656
f 1651 1656 1652
f 198 1649 1653
f 198 1653 210
f 213 1655 1651
f 213 1651 201
f 223 1657 1655
f 223 1655 213
f 210 1653 1658
f 210 1658 224
f 1655 1657 1659
f 1655 1659 1656
f 1658 1653 1654
f 1658 1654 1660
f 242 1661 1657
f 242 1657 223
f 224 1658 1662
f 224 1662 243
f 1657 1661 1663
f 1657 1663 1659
f 1662 1658 1660
f 1662 1660 1664
f 251 1665 1661
f 251 1661 242
f 243 1662 1666
f 243 1666 252
f 1666 1662 1664
f 1666 1664 1667
f 1661 1665 1668
f 1661 1668 1663
f 252 1666 1665
f 252 1665 251
f 1665 1666 1667
f 1665 1667 1668
f 430 1582 1669
f 430 1669 431
f 1582 1603 1670
f 1582 1670 1669
f 1400 1671 445
f 1400 445 448
f 1603 1619 1401
f 1603 1401 1670
f 1619 1671 1400
f 1619 1400 1401
f 40 39 1672
f 40 1672 1673
f 157 1673 1672
f 157 1672 156
f 38 40 1673
f 38 1673 1544
f 155 1544 1673
f 155 1673 157
f 48 49 1674
f 48 1674 1525
f 139 1525 1674
f 139 1674 140
f 49 47 1524
f 49 1524 1674
f 140 1674 1524
f 140 1524 138
f 414 1580 1675
f 414 1675 415
f 1580 1601 1676
f 1580 1676 1675
f 1404 1677 421
f 1404 421 424
f 1601 1620 1406
f 1601 1406 1676
f 1620 1677 1404
f 1620 1404 1406
f 1678 1576 409
f 1678 409 412
f 1679 1617 1410
f 1679 1410 1407
f 1617 1599 1680
f 1617 1680 1410
f 1680 1599 1576
f 1680 1576 1678
f 418 1679 1407
f 418 1407 419
f 39 37 1527
f 39 1527 1672
f 1527 154 156
f 1527 156 1672
f 655 1681 1682
f 655 1682 656
f 31 29 1682
f 31 1682 1681
f 1683 1684 1685
f 1683 1685 1686
f 1685 1684 330
f 1685 330 329
f 1683 1686 334
f 1683 334 333
f 1687 1688 1689
f 1687 1689 1690
f 1691 1692 1693
f 1691 1693 1694
f 1689 1695 342
f 1689 342 341
f 1696 1692 344
f 1696 344 343
f 1685 1697 1698
f 1685 1698 1686
f 1689 1688 1699
f 1689 1699 1695
f 1693 1692 1696
f 1693 1696 1700
f 1695 1685 329
f 1695 329 342
f 1686 1696 343
f 1686 343 334
f 1697 1685 1695
f 1697 1695 1701
f 1702 1696 1686
f 1702 1686 1698
f 1694 1693 1703
f 1694 1703 1704
f 1705 1706 1688
f 1705 1688 1687
f 1703 1693 354
f 1703 354 353
f 1688 1706 358
f 1688 358 357
f 1693 1700 361
f 1693 361 354
f 1699 1688 357
f 1699 357 363
f 1701 1695 1699
f 1701 1699 1707
f 1708 1700 1696
f 1708 1696 1702
f 1704 1703 1709
f 1704 1709 1710
f 1711 1712 1706
f 1711 1706 1705
f 1713 1703 353
f 1713 353 371
f 1706 1714 372
f 1706 372 358
f 1700 1713 371
f 1700 371 361
f 1714 1699 363
f 1714 363 372
f 1715 1713 1700
f 1715 1700 1708
f 1707 1699 1714
f 1707 1714 1716
f 1717 1718 1712
f 1717 1712 1711
f 1710 1709 1719
f 1710 1719 1720
f 1712 1718 374
f 1712 374 373
f 1719 1709 378
f 1719 378 377
f 1709 1703 1713
f 1709 1713 1721
f 1706 1712 1722
f 1706 1722 1714
f 1720 1719 1718
f 1720 1718 1717
f 1709 1721 385
f 1709 385 378
f 1722 1712 373
f 1722 373 387
f 1723 1721 1713
f 1723 1713 1715
f 1716 1714 1722
f 1716 1722 1724
f 1718 1725 399
f 1718 399 374
f 1726 1719 377
f 1726 377 400
f 1718 1719 1726
f 1718 1726 1725
f 1721 1726 400
f 1721 400 385
f 1725 1722 387
f 1725 387 399
f 1727 1726 1721
f 1727 1721 1723
f 1724 1722 1725
f 1724 1725 1728
f 1728 1725 1726
f 1728 1726 1727
f 1692 1683 333
f 1692 333 344
f 1684 1689 341
f 1684 341 330
f 1729 1683 1692
f 1729 1692 1691
f 1684 1730 1690
f 1684 1690 1689
f 1730 1684 1683
f 1730 1683 1729
f 1731 1732 1733
f 1731 1733 1734
f 1735 1736 1737
f 1735 1737 1738
f 1735 1687 1690
f 1735 1690 1736
f 1731 1691 1694
f 1731 1694 1732
f 1732 1694 1704
f 1732 1704 1739
f 1732 1739 1740
f 1732 1740 1733
f 1741 1705 1687
f 1741 1687 1735
f 1741 1735 1738
f 1741 1738 1742
f 1743 1733 1740
f 1743 1740 1744
f 1745 1742 1738
f 1745 1738 1746
f 1739 1704 1710
f 1739 1710 1747
f 1748 1711 1705
f 1748 1705 1741
f 1739 1747 1749
f 1739 1749 1740
f 1748 1741 1742
f 1748 1742 1750
f 1744 1740 1749
f 1744 1749 1751
f 1752 1750 1742
f 1752 1742 1745
f 1753 1717 1711
f 1753 1711 1748
f 1747 1710 1720
f 1747 1720 1754
f 1754 1720 1717
f 1754 1717 1753
f 1753 1748 1750
f 1753 1750 1755
f 1747 1754 1756
f 1747 1756 1749
f 1757 1755 1750
f 1757 1750 1752
f 1751 1749 1756
f 1751 1756 1758
f 1754 1753 1755
f 1754 1755 1756
f 1758 1756 1755
f 1758 1755 1757
f 1737 1759 1746
f 1737 1746 1738
f 1760 1734 1733
f 1760 1733 1743
f 1761 1729 1691
f 1761 1691 1731
f 1730 1762 1736
f 1730 1736 1690
f 1762 1730 1729
f 1762 1729 1761
f 1761 1731 1734
f 1761 1734 1763
f 1736 1762 1764
f 1736 1764 1737
f 1765 1763 1734
f 1765 1734 1760
f 1759 1737 1764
f 1759 1764 1766
f 1762 1761 1763
f 1762 1763 1764
f 1766 1764 1763
f 1766 1763 1765
f 656 1682 1767
f 656 1767 658
f 29 27 1767
f 29 1767 1682
f 657 1768 1769
f 657 1769 654
f 28 30 1769
f 28 1769 1768
f 672 1770 1771
f 672 1771 675
f 65 63 1771
f 65 1771 1770
f 674 1772 1773
f 674 1773 673
f 64 66 1773
f 64 1773 1772
f 24 23 1774
f 24 1774 1775
f 660 1775 1774
f 660 1774 661
f 23 26 1776
f 23 1776 1774
f 661 1774 1776
f 661 1776 659
f 1772 674 677
f 1772 677 1777
f 62 64 1772
f 62 1772 1777
f 654 1769 1681
f 654 1681 655
f 30 31 1681
f 30 1681 1769
f 59 62 1777
f 59 1777 1778
f 678 1778 1777
f 678 1777 677
f 60 59 1778
f 60 1778 1779
f 676 1779 1778
f 676 1778 678
f 671 1780 1770
f 671 1770 672
f 67 65 1770
f 67 1770 1780
f 673 1773 1780
f 673 1780 671
f 66 67 1780
f 66 1780 1773
f 1781 1782 1783
f 1781 1783 1784
f 1782 1785 1786
f 1782 1786 1783
f 1787 1781 1784
f 1787 1784 1788
f 1785 1789 1790
f 1785 1790 1786
f 1791 1787 1788
f 1791 1788 1792
f 1789 1793 1794
f 1789 1794 1790
f 1795 1791 1792
f 1795 1792 1796
f 1793 1797 1798
f 1793 1798 1794
f 1799 1795 1796
f 1799 1796 1800
f 1797 1801 1802
f 1797 1802 1798
f 1803 1799 1800
f 1803 1800 1804
f 1801 1805 1806
f 1801 1806 1802
f 1807 1803 1804
f 1807 1804 1808
f 1805 1809 1810
f 1805 1810 1806
f 1811 1807 1808
f 1811 1808 1812
f 1809 1813 1814
f 1809 1814 1810
f 1815 1811 1812
f 1815 1812 1816
f 1813 1817 1818
f 1813 1818 1814
f 1819 1815 1816
f 1819 1816 1820
f 1817 1821 1822
f 1817 1822 1818
f 1823 1819 1820
f 1823 1820 1824
f 1821 1825 1826
f 1821 1826 1822
f 1827 1823 1824
f 1827 1824 1828
f 1825 1829 1830
f 1825 1830 1826
f 1831 1827 1828
f 1831 1828 1832
f 1829 1833 1834
f 1829 1834 1830
f 1835 1831 1832
f 1835 1832 1836
f 1833 1837 1838
f 1833 1838 1834
f 1839 1835 1836
f 1839 1836 1840
f 1837 1841 1842
f 1837 1842 1838
f 1843 1839 1840
f 1843 1840 1844
f 1841 1845 1846
f 1841 1846 1842
f 1847 1843 1844
f 1847 1844 1848
f 1845 1849 1850
f 1845 1850 1846
f 1851 1847 1848
f 1851 1848 1852
f 1849 1853 1854
f 1849 1854 1850
f 1855 1851 1852
f 1855 1852 1856
f 1853 1857 1858
f 1853 1858 1854
f 1859 1855 1856
f 1859 1856 1860
f 1857 1859 1860
f 1857 1860 1858
f 1861 1862 1863
f 1861 1863 1864
f 1865 1866 1862
f 1865 1862 1861
f 1864 1863 1867
f 1864 1867 1868
f 1868 1867 1866
f 1868 1866 1865
f 1869 1870 1871
f 1869 1871 1872
f 1870 1873 1874
f 1870 1874 1871
f 1875 1869 1872
f 1875 1872 1876
f 1873 1877 1878
f 1873 1878 1874
f 1879 1875 1876
f 1879 1876 1880
f 1877 1881 1882
f 1877 1882 1878
f 1883 1879 1880
f 1883 1880 1884
f 1881 1885 1886
f 1881 1886 1882
f 1887 1883 1884
f 1887 1884 1888
f 1885 1889 1890
f 1885 1890 1886
f 1891 1887 1888
f 1891 1888 1892
f 1889 1893 1894
f 1889 1894 1890
f 1895 1891 1892
f 1895 1892 1896
f 1893 1897 1898
f 1893 1898 1894
f 1899 1895 1896
f 1899 1896 1900
f 1897 1901 1902
f 1897 1902 1898
f 1903 1899 1900
f 1903 1900 1904
f 1901 1905 1906
f 1901 1906 1902
f 1907 1903 1904
f 1907 1904 1908
f 1905 1909 1910
f 1905 1910 1906
f 1911 1907 1908
f 1911 1908 1912
f 1909 1913 1914
f 1909 1914 1910
f 1915 1911 1912
f 1915 1912 1916
f 1913 1917 1918
f 1913 1918 1914
f 1919 1915 1916
f 1919 1916 1920
f 1917 1921 1922
f 1917 1922 1918
f 1923 1919 1920
f 1923 1920 1924
f 1921 1925 1926
f 1921 1926 1922
f 1927 1923 1924
f 1927 1924 1928
f 1925 1929 1930
f 1925 1930 1926
f 1931 1927 1928
f 1931 1928 1932
f 1929 1933 1934
f 1929 1934 1930
f 1935 1931 1932
f 1935 1932 1936
f 1933 1937 1938
f 1933 1938 1934
f 1939 1935 1936
f 1939 1936 1940
f 1937 1941 1942
f 1937 1942 1938
f 1943 1939 1940
f 1943 1940 1944
f 1941 1945 1946
f 1941 1946 1942
f 1947 1943 1944
f 1947 1944 1948
f 1945 1947 1948
f 1945 1948 1946
f 1949 1950 346
f 1949 346 345
f 1951 1950 1949
f 1951 1949 1952
f 1950 1953 349
f 1950 349 346
f 1954 1949 345
f 1954 345 351
f 1950 1951 1955
f 1950 1955 1953
f 1954 1956 1952
f 1954 1952 1949
f 1953 1957 365
f 1953 365 349
f 1958 1954 351
f 1958 351 367
f 1958 1959 1956
f 1958 1956 1954
f 1953 1955 1960
f 1953 1960 1957
f 1961 1958 367
f 1961 367 381
f 1957 1962 383
f 1957 383 365
f 1961 1963 1959
f 1961 1959 1958
f 1957 1960 1964
f 1957 1964 1962
f 1965 1966 1963
f 1965 1963 1961
f 1962 1964 1967
f 1962 1967 1968
f 1965 1961 381
f 1965 381 425
f 1962 1968 427
f 1962 427 383
f 1969 1970 1966
f 1969 1966 1965
f 1968 1967 1971
f 1968 1971 1972
f 1969 1965 425
f 1969 425 453
f 1968 1972 455
f 1968 455 427
f 1972 1971 1970
f 1972 1970 1969
f 1972 1969 453
f 1972 453 455
f 1973 1974 1975
f 1973 1975 1976
f 1975 1974 1648
f 1975 1648 1647
f 1977 1978 1974
f 1977 1974 1973
f 1979 1980 1976
f 1979 1976 1975
f 1974 1978 1650
f 1974 1650 1648
f 1979 1975 1647
f 1979 1647 1652
f 1978 1977 1981
f 1978 1981 1982
f 1983 1984 1980
f 1983 1980 1979
f 1978 1982 1654
f 1978 1654 1650
f 1983 1979 1652
f 1983 1652 1656
f 1985 1986 1984
f 1985 1984 1983
f 1982 1981 1987
f 1982 1987 1988
f 1985 1983 1656
f 1985 1656 1659
f 1982 1988 1660
f 1982 1660 1654
f 1989 1990 1986
f 1989 1986 1985
f 1988 1987 1991
f 1988 1991 1992
f 1989 1985 1659
f 1989 1659 1663
f 1988 1992 1664
f 1988 1664 1660
f 1992 1991 1993
f 1992 1993 1994
f 1995 1996 1990
f 1995 1990 1989
f 1992 1994 1667
f 1992 1667 1664
f 1995 1989 1663
f 1995 1663 1668
f 1994 1993 1996
f 1994 1996 1995
f 1994 1995 1668
f 1994 1668 1667
f 1997 1998 348
f 1997 348 347
f 1997 1973 1976
f 1997 1976 1998
f 1999 1997 347
f 1999 347 350
f 1998 2000 352
f 1998 352 348
f 1999 1977 1973
f 1999 1973 1997
f 1980 2000 1998
f 1980 1998 1976
f 2001 1999 350
f 2001 350 366
f 2000 2002 368
f 2000 368 352
f 1977 1999 2001
f 1977 2001 1981
f 1984 2002 2000
f 1984 2000 1980
f 1986 2003 2002
f 1986 2002 1984
f 1981 2001 2004
f 1981 2004 1987
f 2002 2003 382
f 2002 382 368
f 2004 2001 366
f 2004 366 384
f 1990 2005 2003
f 1990 2003 1986
f 1987 2004 2006
f 1987 2006 1991
f 2003 2005 426
f 2003 426 382
f 2006 2004 384
f 2006 384 428
f 1991 2006 2007
f 1991 2007 1993
f 1996 2008 2005
f 1996 2005 1990
f 2005 2008 454
f 2005 454 426
f 2007 2006 428
f 2007 428 456
f 1993 2007 2008
f 1993 2008 1996
f 2008 2007 456
f 2008 456 454
f 2009 2010 2011
f 2009 2011 2012
f 2013 2014 2015
f 2013 2015 2016
f 2011 2010 2017
f 2011 2017 2018
f 2015 2014 2019
f 2015 2019 2020
f 2017 1743 1744
f 2017 1744 2018
f 2019 1745 1746
f 2019 1746 2020
f 2012 2011 2021
f 2012 2021 2022
f 2023 2024 2014
f 2023 2014 2013
f 2021 2011 2018
f 2021 2018 2025
f 2014 2024 2026
f 2014 2026 2019
f 2018 1744 1751
f 2018 1751 2025
f 2026 1752 1745
f 2026 1745 2019
f 2027 2028 2024
f 2027 2024 2023
f 2022 2021 2029
f 2022 2029 2030
f 2024 2028 2031
f 2024 2031 2026
f 2029 2021 2025
f 2029 2025 2032
f 2031 1757 1752
f 2031 1752 2026
f 2025 1751 1758
f 2025 1758 2032
f 2030 2029 2028
f 2030 2028 2027
f 2028 2029 2032
f 2028 2032 2031
f 2032 1758 1757
f 2032 1757 2031
f 1759 2033 2020
f 1759 2020 1746
f 2034 1760 1743
f 2034 1743 2017
f 2010 2035 2034
f 2010 2034 2017
f 2036 2015 2020
f 2036 2020 2033
f 2037 2035 2010
f 2037 2010 2009
f 2036 2038 2016
f 2036 2016 2015
f 2039 1765 1760
f 2039 1760 2034
f 2033 1759 1766
f 2033 1766 2040
f 2035 2041 2039
f 2035 2039 2034
f 2042 2036 2033
f 2042 2033 2040
f 2043 2041 2035
f 2043 2035 2037
f 2042 2044 2038
f 2042 2038 2036
f 2040 1766 1765
f 2040 1765 2039
f 2041 2042 2040
f 2041 2040 2039
f 2044 2042 2041
f 2044 2041 2043
f 2045 2009 2012
f 2045 2012 2046
f 2047 2013 2016
f 2047 2016 2048
f 2045 2046 2049
f 2045 2049 1287
f 2047 2048 2050
f 2047 2050 2051
f 2046 2012 2022
f 2046 2022 2052
f 2053 2023 2013
f 2053 2013 2047
f 2046 2052 2054
f 2046 2054 2049
f 2053 2047 2051
f 2053 2051 2055
f 2056 2027 2023
f 2056 2023 2053
f 2052 2022 2030
f 2052 2030 2057
f 2056 2053 2055
f 2056 2055 2058
f 2052 2057 2059
f 2052 2059 2054
f 2057 2030 2027
f 2057 2027 2056
f 2057 2056 2058
f 2057 2058 2059
f 2060 2037 2009
f 2060 2009 2045
f 2038 2061 2048
f 2038 2048 2016
f 2060 2045 1287
f 2060 1287 1286
f 2048 2061 637
f 2048 637 2050
f 2062 2043 2037
f 2062 2037 2060
f 2044 2063 2061
f 2044 2061 2038
f 2062 2060 1286
f 2062 1286 1289
f 2061 2063 638
f 2061 638 637
f 2063 2044 2043
f 2063 2043 2062
f 2063 2062 1289
f 2063 1289 638
f 2064 2065 2051
f 2064 2051 2050
f 2065 2066 2055
f 2065 2055 2051
f 636 2064 2050
f 636 2050 637
f 2067 1284 1287
f 2067 1287 2049
f 2068 2067 2049
f 2068 2049 2054
f 2069 2068 2054
f 2069 2054 2059
f 2070 2071 2072
f 2070 2072 2073
f 1697 2071 2070
f 1697 2070 1698
f 2071 2074 2075
f 2071 2075 2072
f 2076 2070 2073
f 2076 2073 2077
f 2071 1697 1701
f 2071 1701 2074
f 2076 1702 1698
f 2076 1698 2070
f 2074 2078 2079
f 2074 2079 2075
f 2080 2076 2077
f 2080 2077 2081
f 2074 1701 1707
f 2074 1707 2078
f 2080 1708 1702
f 2080 1702 2076
f 2082 2080 2081
f 2082 2081 2083
f 2078 2084 2085
f 2078 2085 2079
f 2082 1715 1708
f 2082 1708 2080
f 2078 1707 1716
f 2078 1716 2084
f 2086 1723 1715
f 2086 1715 2082
f 2084 1716 1724
f 2084 1724 2087
f 2086 2082 2083
f 2086 2083 2088
f 2084 2087 2089
f 2084 2089 2085
f 2090 1727 1723
f 2090 1723 2086
f 2087 1724 1728
f 2087 1728 2091
f 2087 2091 2092
f 2087 2092 2089
f 2090 2086 2088
f 2090 2088 2093
f 2091 1728 1727
f 2091 1727 2090
f 2091 2090 2093
f 2091 2093 2092
f 2073 2072 2094
f 2073 2094 2095
f 2094 1951 1952
f 2094 1952 2095
f 2072 2075 2096
f 2072 2096 2094
f 2077 2073 2095
f 2077 2095 2097
f 1951 2094 2096
f 1951 2096 1955
f 1956 2097 2095
f 1956 2095 1952
f 2075 2079 2098
f 2075 2098 2096
f 2081 2077 2097
f 2081 2097 2099
f 1955 2096 2098
f 1955 2098 1960
f 1959 2099 2097
f 1959 2097 1956
f 2083 2081 2099
f 2083 2099 2100
f 2079 2085 2101
f 2079 2101 2098
f 1963 2100 2099
f 1963 2099 1959
f 1960 2098 2101
f 1960 2101 1964
f 2088 2083 2100
f 2088 2100 2102
f 2085 2089 2103
f 2085 2103 2101
f 1966 2102 2100
f 1966 2100 1963
f 1964 2101 2103
f 1964 2103 1967
f 2093 2088 2102
f 2093 2102 2104
f 2089 2092 2105
f 2089 2105 2103
f 1970 2104 2102
f 1970 2102 1966
f 1967 2103 2105
f 1967 2105 1971
f 2092 2093 2104
f 2092 2104 2105
f 1971 2105 2104
f 1971 2104 1970
f 437 440 2106
f 437 2106 1595
f 2107 1252 1108
f 2107 1108 1611
f 1252 1249 1105
f 1252 1105 1108
f 1595 2106 2107
f 1595 2107 1611
f 458 1105 1249
f 458 1249 459
f 2108 2109 1284
f 2108 1284 2067
f 2110 2111 2065
f 2110 2065 2064
f 2108 2112 2113
f 2108 2113 2109
f 2110 2114 2115
f 2110 2115 2111
f 2116 2117 2112
f 2116 2112 2108
f 2111 2115 2118
f 2111 2118 2119
f 2116 2108 2067
f 2116 2067 2068
f 2111 2119 2066
f 2111 2066 2065
f 2119 2118 2120
f 2119 2120 2121
f 2122 2123 2117
f 2122 2117 2116
f 2119 2121 2124
f 2119 2124 2066
f 2122 2116 2068
f 2122 2068 2069
f 2121 2120 2123
f 2121 2123 2122
f 2121 2122 2069
f 2121 2069 2124
f 2125 2126 2114
f 2125 2114 2110
f 2109 2113 2127
f 2109 2127 2128
f 2125 2110 2064
f 2125 2064 636
f 2109 2128 1285
f 2109 1285 1284
f 2128 2127 2129
f 2128 2129 2130
f 2126 2125 2131
f 2126 2131 2132
f 2128 2130 1288
f 2128 1288 1285
f 2131 2125 636
f 2131 636 635
f 2130 2129 2132
f 2130 2132 2131
f 2130 2131 635
f 2130 635 1288
f 2133 2134 2135
f 2133 2135 2136
f 2137 2138 2139
f 2137 2139 2140
f 2112 2136 2135
f 2112 2135 2113
f 2114 2140 2139
f 2114 2139 2115
f 2141 2133 2136
f 2141 2136 2142
f 2138 2143 2144
f 2138 2144 2139
f 2117 2142 2136
f 2117 2136 2112
f 2115 2139 2144
f 2115 2144 2118
f 2143 2145 2146
f 2143 2146 2144
f 2147 2141 2142
f 2147 2142 2148
f 2118 2144 2146
f 2118 2146 2120
f 2123 2148 2142
f 2123 2142 2117
f 2145 2147 2148
f 2145 2148 2146
f 2120 2146 2148
f 2120 2148 2123
f 2126 2149 2140
f 2126 2140 2114
f 2113 2135 2150
f 2113 2150 2127
f 2134 2151 2150
f 2134 2150 2135
f 2152 2137 2140
f 2152 2140 2149
f 2127 2150 2153
f 2127 2153 2129
f 2149 2126 2132
f 2149 2132 2154
f 2151 2155 2153
f 2151 2153 2150
f 2156 2152 2149
f 2156 2149 2154
f 2129 2153 2154
f 2129 2154 2132
f 2155 2156 2154
f 2155 2154 2153
f 2157 2158 2134
f 2157 2134 2133
f 2159 2160 2138
f 2159 2138 2137
f 2161 2158 2157
f 2161 2157 2162
f 2163 2160 2159
f 2163 2159 2164
f 2162 2157 2165
f 2162 2165 2166
f 2167 2168 2160
f 2167 2160 2163
f 2165 2157 2133
f 2165 2133 2141
f 2160 2168 2143
f 2160 2143 2138
f 2169 2170 2168
f 2169 2168 2167
f 2166 2165 2171
f 2166 2171 2172
f 2172 2171 2170
f 2172 2170 2169
f 2168 2170 2145
f 2168 2145 2143
f 2171 2165 2141
f 2171 2141 2147
f 2170 2171 2147
f 2170 2147 2145
f 2173 2174 2158
f 2173 2158 2161
f 2175 2176 2164
f 2175 2164 2159
f 2158 2174 2151
f 2158 2151 2134
f 2175 2159 2137
f 2175 2137 2152
f 2177 2178 2174
f 2177 2174 2173
f 2176 2175 2179
f 2176 2179 2180
f 2180 2179 2178
f 2180 2178 2177
f 2174 2178 2155
f 2174 2155 2151
f 2179 2175 2152
f 2179 2152 2156
f 2178 2179 2156
f 2178 2156 2155
f 84 2181 2182
f 84 2182 85
f 2183 86 87
f 2183 87 2184
f 2182 2181 2185
f 2182 2185 2186
f 2183 2184 2187
f 2183 2187 2188
f 2185 2161 2162
f 2185 2162 2186
f 2187 2163 2164
f 2187 2164 2188
f 85 2182 2189
f 85 2189 96
f 2184 87 88
f 2184 88 2190
f 2189 2182 2186
f 2189 2186 2191
f 2184 2190 2192
f 2184 2192 2187
f 2186 2162 2166
f 2186 2166 2191
f 2192 2167 2163
f 2192 2163 2187
f 2190 88 89
f 2190 89 2193
f 96 2189 2194
f 96 2194 90
f 2190 2193 2195
f 2190 2195 2192
f 2194 2189 2191
f 2194 2191 2196
f 2195 2169 2167
f 2195 2167 2192
f 2191 2166 2172
f 2191 2172 2196
f 2193 89 90
f 2193 90 2194
f 2193 2194 2196
f 2193 2196 2195
f 2196 2172 2169
f 2196 2169 2195
f 2197 2173 2161
f 2197 2161 2185
f 2176 2198 2188
f 2176 2188 2164
f 2181 2199 2197
f 2181 2197 2185
f 2200 2183 2188
f 2200 2188 2198
f 91 2199 2181
f 91 2181 84
f 2200 92 86
f 2200 86 2183
f 2201 2177 2173
f 2201 2173 2197
f 2198 2176 2180
f 2198 2180 2202
f 2199 2203 2201
f 2199 2201 2197
f 2204 2200 2198
f 2204 2198 2202
f 93 2203 2199
f 93 2199 91
f 2204 94 92
f 2204 92 2200
f 2202 2180 2177
f 2202 2177 2201
f 2203 2204 2202
f 2203 2202 2201
f 2203 93 94
f 2203 94 2204
f 658 1767 1775
f 658 1775 660
f 27 24 1775
f 27 1775 1767
f 1768 657 659
f 1768 659 1776
f 26 28 1768
f 26 1768 1776
f 675 1771 1779
f 675 1779 676
f 63 60 1779
f 63 1779 1771
f 1148 503 502
f 1148 502 2205
f 1211 1153 1053
f 1211 1053 1051
f 1153 1150 2206
f 1153 2206 1053
f 485 488 1211
f 485 1211 1051
f 1150 1148 2205
f 1150 2205 2206
f 715 523 522
f 715 522 2207
f 1207 720 1166
f 1207 1166 1164
f 720 717 2208
f 720 2208 1166
f 513 516 1207
f 513 1207 1164
f 717 715 2207
f 717 2207 2208
f 517 520 734
f 517 734 2209
f 1208 511 510
f 1208 510 1168
f 2209 734 736
f 2209 736 2210
f 736 738 1170
f 736 1170 2210
f 738 1208 1168
f 738 1168 1170
f 1639 1625 436
f 1639 436 435
f 1625 1639 1640
f 1625 1640 1627
f 1397 1627 1640
f 1397 1640 1398
f 1669 1642 432
f 1669 432 431
f 1642 1669 1670
f 1642 1670 1643
f 1670 1401 1402
f 1670 1402 1643
f 2211 2212 2213
f 2211 2213 2214
f 2211 2214 2215
f 2211 2215 2216
f 2215 2217 2218
f 2215 2218 2216
f 2212 2211 2219
f 2212 2219 2220
f 2219 2211 2216
f 2219 2216 2221
f 2222 2221 2216
f 2222 2216 2218
f 521 524 716
f 521 716 2223
f 1206 515 514
f 1206 514 1163
f 2223 716 718
f 2223 718 2224
f 1163 1165 719
f 1163 719 1206
f 1165 2224 718
f 1165 718 719
f 733 519 518
f 733 518 2225
f 2226 1169 737
f 2226 737 735
f 1169 1167 1209
f 1169 1209 737
f 509 512 1209
f 509 1209 1167
f 735 733 2225
f 735 2225 2226
f 826 527 526
f 826 526 2227
f 1205 830 852
f 1205 852 848
f 830 828 2228
f 830 2228 852
f 545 548 1205
f 545 1205 848
f 828 826 2227
f 828 2227 2228
f 497 500 1143
f 497 1143 2229
f 1212 483 482
f 1212 482 1115
f 2229 1143 1145
f 2229 1145 2230
f 1145 1147 1117
f 1145 1117 2230
f 1147 1212 1115
f 1147 1115 1117
f 123 2231 2232
f 123 2232 119
f 2233 2234 117
f 2233 117 115
f 2235 2236 81
f 2235 81 79
f 72 2237 2238
f 72 2238 68
f 1367 2233 115
f 1367 115 114
f 119 2232 1369
f 119 1369 120
f 68 2238 1370
f 68 1370 69
f 1372 2235 79
f 1372 79 78
f 541 2239 2240
f 541 2240 679
f 2241 2242 543
f 2241 543 681
f 1373 2241 681
f 1373 681 313
f 679 2240 1375
f 679 1375 315
f 2243 2244 76
f 2243 76 74
f 598 2245 2246
f 598 2246 643
f 643 2246 1377
f 643 1377 318
f 1379 2243 74
f 1379 74 73
f 2247 2248 597
f 2247 597 685
f 601 2249 2250
f 601 2250 683
f 1382 2247 685
f 1382 685 324
f 683 2250 1383
f 683 1383 326
f 2251 2252 627
f 2251 627 630
f 628 2253 2254
f 628 2254 629
f 629 2254 641
f 629 641 624
f 640 2251 630
f 640 630 623
f 880 2231 2234
f 880 2234 881
f 2234 2231 123
f 2234 123 117
f 2231 880 884
f 2231 884 2236
f 881 2234 2237
f 881 2237 885
f 2231 2236 2235
f 2231 2235 2232
f 2237 2234 2233
f 2237 2233 2238
f 2236 884 892
f 2236 892 2239
f 885 2237 2242
f 885 2242 893
f 2236 2239 541
f 2236 541 81
f 2242 2237 72
f 2242 72 543
f 2238 2233 1367
f 2238 1367 1370
f 2232 2235 1372
f 2232 1372 1369
f 2239 892 901
f 2239 901 2244
f 893 2242 2245
f 893 2245 900
f 2239 2244 2243
f 2239 2243 2240
f 2245 2242 2241
f 2245 2241 2246
f 2246 2241 1373
f 2246 1373 1377
f 2240 2243 1379
f 2240 1379 1375
f 900 2245 2248
f 900 2248 902
f 2244 901 905
f 2244 905 2249
f 2248 2245 598
f 2248 598 597
f 2244 2249 601
f 2244 601 76
f 902 2248 2253
f 902 2253 910
f 2249 905 913
f 2249 913 2252
f 2253 2248 2247
f 2253 2247 2254
f 2249 2252 2251
f 2249 2251 2250
f 2254 2247 1382
f 2254 1382 641
f 2250 2251 640
f 2250 640 1383
f 2252 2253 628
f 2252 628 627
f 910 2253 2252
f 910 2252 913
f 2220 2219 2255
f 2220 2255 2256
f 2255 2219 2221
f 2255 2221 2257
f 2258 2257 2221
f 2258 2221 2222
f 2259 2260 2214
f 2259 2214 2213
f 2214 2260 2261
f 2214 2261 2215
f 2261 2262 2217
f 2261 2217 2215
f 182 180 2263
f 182 2263 2264
f 983 2264 2263
f 983 2263 986
f 1255 1262 418
f 1255 418 417
f 417 1540 2265
f 417 2265 1255
f 2266 1679 418
f 2266 418 1262
f 1615 2265 1540
f 1615 1540 1541
f 1617 1679 2266
f 1617 2266 1618
f 18 15 1630
f 18 1630 2267
f 300 2267 1630
f 300 1630 296
f 1149 2268 501
f 1149 501 504
f 1210 487 486
f 1210 486 1049
f 1151 2269 2268
f 1151 2268 1149
f 1049 1052 1152
f 1049 1152 1210
f 1052 2269 1151
f 1052 1151 1152
f 787 2270 569
f 787 569 572
f 1196 539 538
f 1196 538 814
f 789 2271 2270
f 789 2270 787
f 814 817 790
f 814 790 1196
f 817 2271 789
f 817 789 790
f 1303 591 590
f 1303 590 2272
f 2273 1362 1191
f 2273 1191 1304
f 1362 1361 1190
f 1362 1190 1191
f 581 584 1190
f 581 1190 1361
f 1304 1303 2272
f 1304 2272 2273
f 727 579 578
f 727 578 2274
f 1193 732 806
f 1193 806 803
f 732 729 2275
f 732 2275 806
f 561 564 1193
f 561 1193 803
f 729 727 2274
f 729 2274 2275
f 573 576 722
f 573 722 2276
f 1194 559 558
f 1194 558 835
f 2276 722 724
f 2276 724 2277
f 724 726 837
f 724 837 2277
f 726 1194 835
f 726 835 837
f 728 2278 577
f 728 577 580
f 1192 563 562
f 1192 562 801
f 730 2279 2278
f 730 2278 728
f 801 805 731
f 801 731 1192
f 805 2279 730
f 805 730 731
f 574 2280 721
f 574 721 575
f 2281 836 725
f 2281 725 723
f 836 833 1195
f 836 1195 725
f 557 560 1195
f 557 1195 833
f 2280 2281 723
f 2280 723 721
f 570 2282 786
f 570 786 571
f 1197 791 818
f 1197 818 815
f 791 788 2283
f 791 2283 818
f 537 540 1197
f 537 1197 815
f 2282 2283 788
f 2282 788 786
f 793 2284 565
f 793 565 568
f 1198 535 534
f 1198 534 822
f 795 2285 2284
f 795 2284 793
f 795 797 824
f 795 824 2285
f 797 1198 822
f 797 822 824
f 2286 2287 2288
f 2286 2288 2289
f 2290 2291 2287
f 2290 2287 2286
f 2289 2288 2292
f 2289 2292 2293
f 2293 2292 2291
f 2293 2291 2290
f 1260 1258 422
f 1260 422 421
f 2294 1532 422
f 2294 422 1258
f 421 1677 2295
f 421 2295 1260
f 2294 1616 1533
f 2294 1533 1532
f 1677 1620 1621
f 1677 1621 2295
f 569 2270 2296
f 569 2296 774
f 2296 1301 566
f 2296 566 774
f 565 2284 2297
f 565 2297 773
f 2298 2282 570
f 2298 570 775
f 2297 2280 574
f 2297 574 773
f 577 2278 2298
f 577 2298 775
f 573 2276 2299
f 573 2299 776
f 2300 2274 578
f 2300 578 779
f 590 776 2299
f 590 2299 2272
f 2300 779 593
f 2300 593 1631
f 2301 780 589
f 2301 589 1085
f 594 783 2302
f 594 2302 1079
f 604 780 2301
f 604 2301 1072
f 2302 783 607
f 2302 607 1064
f 608 785 2303
f 608 2303 1056
f 2303 785 603
f 2303 603 863
f 773 774 566
f 773 566 565
f 774 775 570
f 774 570 569
f 776 773 574
f 776 574 573
f 775 779 578
f 775 578 577
f 780 776 590
f 780 590 589
f 779 783 594
f 779 594 593
f 785 780 604
f 785 604 603
f 783 785 608
f 783 608 607
f 2296 2304 1302
f 2296 1302 1301
f 2271 2304 2296
f 2271 2296 2270
f 2285 2305 2297
f 2285 2297 2284
f 2298 2306 2283
f 2298 2283 2282
f 2297 2305 2281
f 2297 2281 2280
f 2279 2306 2298
f 2279 2298 2278
f 2299 2276 2277
f 2299 2277 2307
f 2275 2274 2300
f 2275 2300 2308
f 2299 2307 2273
f 2299 2273 2272
f 1632 2308 2300
f 1632 2300 1631
f 2301 1085 1089
f 2301 1089 2309
f 1083 1079 2302
f 1083 2302 2310
f 1078 1072 2301
f 1078 2301 2309
f 2302 1064 1068
f 2302 1068 2310
f 2303 863 867
f 2303 867 2311
f 1062 1056 2303
f 1062 2303 2311
f 816 2304 2271
f 816 2271 817
f 2304 816 823
f 2304 823 1302
f 818 2283 2306
f 818 2306 804
f 2285 824 825
f 2285 825 2305
f 804 2306 2279
f 804 2279 805
f 2305 825 836
f 2305 836 2281
f 806 2275 2308
f 806 2308 807
f 2277 837 838
f 2277 838 2307
f 807 2308 1632
f 807 1632 1360
f 2307 838 1362
f 2307 1362 2273
f 1081 1083 2310
f 1081 2310 1292
f 1089 1091 1295
f 1089 1295 2309
f 1292 2310 1068
f 1292 1068 1070
f 2309 1295 1075
f 2309 1075 1078
f 1059 1062 2311
f 1059 2311 1293
f 867 866 1293
f 867 1293 2311
f 1262 1102 446
f 1262 446 445
f 445 1671 2266
f 445 2266 1262
f 1104 1644 446
f 1104 446 1102
f 1618 2266 1671
f 1618 1671 1619
f 1623 1644 1104
f 1623 1104 1106
f 1093 1260 450
f 1093 450 449
f 2295 1626 450
f 2295 450 1260
f 449 1641 1094
f 449 1094 1093
f 2295 1621 1622
f 2295 1622 1626
f 1641 1624 1098
f 1641 1098 1094
f 1633 1635 444
f 1633 444 443
f 1635 1633 1634
f 1635 1634 1636
f 1220 1636 1634
f 1220 1634 1221
f 1637 2106 440
f 1637 440 439
f 2106 1637 1638
f 2106 1638 2107
f 1638 1251 1252
f 1638 1252 2107
f 525 528 827
f 525 827 2312
f 829 831 853
f 829 853 2313
f 831 1204 850
f 831 850 853
f 1204 547 546
f 1204 546 850
f 2312 827 829
f 2312 829 2313
f 839 531 530
f 839 530 2314
f 1188 844 861
f 1188 861 858
f 844 841 2315
f 844 2315 861
f 549 552 1188
f 549 1188 858
f 841 839 2314
f 841 2314 2315
f 529 532 840
f 529 840 2316
f 1187 551 550
f 1187 550 857
f 2316 840 842
f 2316 842 2317
f 842 843 860
f 842 860 2317
f 843 1187 857
f 843 857 860
f 22 20 2318
f 22 2318 2319
f 303 2319 2318
f 303 2318 302
f 2320 175 182
f 2320 182 2264
f 980 2320 2264
f 980 2264 983
f 498 2321 1142
f 498 1142 499
f 2322 1116 1146
f 2322 1146 1144
f 1116 1113 1213
f 1116 1213 1146
f 481 484 1213
f 481 1213 1113
f 2321 2322 1144
f 2321 1144 1142
f 1546 1564 408
f 1546 408 407
f 1564 1546 1548
f 1564 1548 1569
f 1413 1569 1548
f 1413 1548 1414
f 1559 1551 404
f 1559 404 403
f 1551 1559 1561
f 1551 1561 1556
f 1561 1417 1418
f 1561 1418 1556
f 1256 1255 392
f 1256 392 391
f 391 1562 2323
f 391 2323 1256
f 2265 1553 392
f 2265 392 1255
f 1614 2323 1562
f 1614 1562 1563
f 1554 1553 2265
f 1554 2265 1615
f 1258 1256 396
f 1258 396 395
f 2323 1566 396
f 2323 396 1256
f 395 1549 2294
f 395 2294 1258
f 2323 1614 1567
f 2323 1567 1566
f 1549 1550 1616
f 1549 1616 2294
f 2324 191 170
f 2324 170 2325
f 2325 974 979
f 2325 979 2324
f 21 22 2319
f 21 2319 2326
f 301 2326 2319
f 301 2319 303
f 235 2327 2328
f 235 2328 236
f 236 2328 2329
f 236 2329 239
f 2327 2330 1002
f 2327 1002 1001
f 264 2330 2327
f 264 2327 235
f 2330 2331 1007
f 2330 1007 1002
f 2328 2327 1001
f 2328 1001 1009
f 2330 264 266
f 2330 266 2331
f 2331 2332 1013
f 2331 1013 1007
f 2329 2328 1009
f 2329 1009 1015
f 2331 266 271
f 2331 271 2332
f 2332 271 276
f 2332 276 2333
f 239 2329 2334
f 239 2334 277
f 2332 2333 1021
f 2332 1021 1013
f 2334 2329 1015
f 2334 1015 1019
f 2333 276 281
f 2333 281 2335
f 277 2334 2336
f 277 2336 282
f 2333 2335 1025
f 2333 1025 1021
f 2336 2334 1019
f 2336 1019 1027
f 2335 281 285
f 2335 285 2337
f 282 2336 2338
f 282 2338 286
f 2335 2337 1031
f 2335 1031 1025
f 2338 2336 1027
f 2338 1027 1033
f 2337 285 286
f 2337 286 2338
f 2337 2338 1033
f 2337 1033 1031
f 2066 2124 2058
f 2066 2058 2055
f 2124 2069 2059
f 2124 2059 2058
f 19 21 2326
f 19 2326 2339
f 299 2339 2326
f 299 2326 301
f 20 18 2267
f 20 2267 2318
f 2267 300 302
f 2267 302 2318
f 2325 170 172
f 2325 172 2340
f 2340 972 974
f 2340 974 2325
f 2341 173 175
f 2341 175 2320
f 973 2341 2320
f 973 2320 980
f 172 173 2341
f 172 2341 2340
f 972 2340 2341
f 972 2341 973
f 17 19 2339
f 17 2339 1628
f 298 1628 2339
f 298 2339 299
f 2256 2255 2342
f 2256 2342 2343
f 2342 2255 2257
f 2342 2257 2344
f 2345 2344 2257
f 2345 2257 2258
f 1573 2343 2346
f 1573 2346 1571
f 1571 2346 2347
f 1571 2347 1575
f 1578 2256 2343
f 1578 2343 1573
f 1575 2347 2259
f 1575 2259 1581
f 1585 2220 2256
f 1585 2256 1578
f 1581 2259 2213
f 1581 2213 1587
f 1592 2212 2220
f 1592 2220 1585
f 2212 1592 1587
f 2212 1587 2213
f 2343 2342 2348
f 2343 2348 2346
f 2348 2342 2344
f 2348 2344 2349
f 2350 2349 2344
f 2350 2344 2345
f 2346 2348 2351
f 2346 2351 2347
f 2352 2353 2349
f 2352 2349 2350
f 2351 2348 2349
f 2351 2349 2353
f 2354 179 191
f 2354 191 2324
f 2324 979 982
f 2324 982 2354
f 2355 2356 490
f 2355 490 1134
f 493 2357 2355
f 493 2355 1134
f 489 2358 2359
f 489 2359 1131
f 2360 2361 494
f 2360 494 1136
f 2359 2321 498
f 2359 498 1131
f 501 2268 2360
f 501 2360 1136
f 497 2229 2362
f 497 2362 1137
f 2363 2205 502
f 2363 502 1138
f 518 1137 2362
f 518 2362 2225
f 2363 1138 521
f 2363 521 2223
f 2364 1139 517
f 2364 517 2209
f 522 1140 2365
f 522 2365 2207
f 526 1139 2364
f 526 2364 2227
f 2365 1140 529
f 2365 529 2316
f 530 1141 2366
f 530 2366 2314
f 2366 1141 525
f 2366 525 2312
f 1131 1134 490
f 1131 490 489
f 1134 1136 494
f 1134 494 493
f 1137 1131 498
f 1137 498 497
f 1136 1138 502
f 1136 502 501
f 1139 1137 518
f 1139 518 517
f 1138 1140 522
f 1138 522 521
f 1141 1139 526
f 1141 526 525
f 1140 1141 530
f 1140 530 529
f 2355 2367 2368
f 2355 2368 2356
f 2369 2367 2355
f 2369 2355 2357
f 2370 2371 2359
f 2370 2359 2358
f 2360 2372 2373
f 2360 2373 2361
f 2359 2371 2322
f 2359 2322 2321
f 2269 2372 2360
f 2269 2360 2268
f 2362 2229 2230
f 2362 2230 2374
f 2206 2205 2363
f 2206 2363 2375
f 2362 2374 2226
f 2362 2226 2225
f 2224 2375 2363
f 2224 2363 2223
f 2364 2209 2210
f 2364 2210 2376
f 2208 2207 2365
f 2208 2365 2377
f 2228 2227 2364
f 2228 2364 2376
f 2365 2316 2317
f 2365 2317 2377
f 2366 2312 2313
f 2366 2313 2378
f 2315 2314 2366
f 2315 2366 2378
f 991 2367 2369
f 991 2369 998
f 2367 991 992
f 2367 992 2368
f 999 2373 2372
f 999 2372 1000
f 2370 993 994
f 2370 994 2371
f 1000 2372 2269
f 1000 2269 1052
f 2371 994 1116
f 2371 1116 2322
f 1053 2206 2375
f 1053 2375 1054
f 2230 1117 1118
f 2230 1118 2374
f 1054 2375 2224
f 1054 2224 1165
f 2374 1118 1169
f 2374 1169 2226
f 1166 2208 2377
f 1166 2377 859
f 2210 1170 851
f 2210 851 2376
f 859 2377 2317
f 859 2317 860
f 2376 851 852
f 2376 852 2228
f 861 2315 2378
f 861 2378 854
f 2313 853 854
f 2313 854 2378
f 1126 2357 493
f 1126 493 496
f 1214 471 470
f 1214 470 995
f 1128 2369 2357
f 1128 2357 1126
f 995 998 1129
f 995 1129 1214
f 998 2369 1128
f 998 1128 1129
f 490 2356 1119
f 490 1119 491
f 2368 992 1123
f 2368 1123 1121
f 992 988 1217
f 992 1217 1123
f 473 476 1217
f 473 1217 988
f 2356 2368 1121
f 2356 1121 1119
f 1537 1678 412
f 1537 412 411
f 1678 1537 1539
f 1678 1539 1680
f 1539 1409 1410
f 1539 1410 1680
f 1675 1530 416
f 1675 416 415
f 1530 1675 1676
f 1530 1676 1535
f 1405 1535 1676
f 1405 1676 1406
f 2379 2380 2381
f 2379 2381 2382
f 2380 2379 2383
f 2380 2383 2384
f 2385 2386 2379
f 2385 2379 2382
f 2386 2387 2383
f 2386 2383 2379
f 2388 2389 2390
f 2388 2390 2391
f 2389 2388 2392
f 2389 2392 2393
f 2389 2386 2385
f 2389 2385 2390
f 2386 2389 2393
f 2386 2393 2387
f 2382 2381 2394
f 2382 2394 2395
f 2384 2383 2396
f 2384 2396 2397
f 2398 2385 2382
f 2398 2382 2395
f 2387 2399 2396
f 2387 2396 2383
f 2390 2385 2398
f 2390 2398 2400
f 2387 2393 2401
f 2387 2401 2399
f 2391 2390 2400
f 2391 2400 2402
f 2393 2392 2403
f 2393 2403 2401
f 2395 2394 2404
f 2395 2404 2405
f 2397 2396 2406
f 2397 2406 2407
f 2408 2398 2395
f 2408 2395 2405
f 2399 2409 2406
f 2399 2406 2396
f 2405 2404 2410
f 2405 2410 2411
f 2407 2406 2411
f 2407 2411 2410
f 2400 2398 2408
f 2400 2408 2412
f 2399 2401 2413
f 2399 2413 2409
f 2402 2400 2412
f 2402 2412 2414
f 2401 2403 2415
f 2401 2415 2413
f 2416 2408 2405
f 2416 2405 2411
f 2409 2416 2411
f 2409 2411 2406
f 2412 2408 2416
f 2412 2416 2417
f 2409 2413 2417
f 2409 2417 2416
f 2414 2412 2417
f 2414 2417 2418
f 2413 2415 2418
f 2413 2418 2417
f 2419 2352 2350
f 2419 2350 2420
f 2419 2420 2388
f 2419 2388 2391
f 2420 2421 2392
f 2420 2392 2388
f 2422 2419 2391
f 2422 2391 2402
f 2421 2423 2403
f 2421 2403 2392
f 2424 2422 2402
f 2424 2402 2414
f 2423 2425 2415
f 2423 2415 2403
f 2426 2424 2414
f 2426 2414 2418
f 2425 2426 2418
f 2425 2418 2415
f 2352 2419 2422
f 2352 2422 2262
f 2420 2350 2345
f 2420 2345 2421
f 2421 2345 2258
f 2421 2258 2423
f 2262 2422 2424
f 2262 2424 2217
f 2423 2258 2222
f 2423 2222 2425
f 2425 2222 2218
f 2425 2218 2426
f 2217 2424 2426
f 2217 2426 2218
f 1120 2358 489
f 1120 489 492
f 1216 475 474
f 1216 474 990
f 1122 2370 2358
f 1122 2358 1120
f 1122 1124 993
f 1122 993 2370
f 1124 1216 990
f 1124 990 993
f 494 2361 1125
f 494 1125 495
f 1215 1130 999
f 1215 999 997
f 1130 1127 2373
f 1130 2373 999
f 469 472 1215
f 469 1215 997
f 2361 2373 1127
f 2361 1127 1125
f 2347 2351 2260
f 2347 2260 2259
f 2260 2351 2353
f 2260 2353 2261
f 2353 2352 2262
f 2353 2262 2261
f 180 179 2354
f 180 2354 2263
f 2354 982 986
f 2354 986 2263
f 756 2427 2428
f 756 2428 1112
f 1112 2428 2429
f 1112 2429 760
f 2427 756 705
f 2427 705 2430
f 760 2429 2431
f 760 2431 713
f 713 2431 2432
f 713 2432 714
f 2430 705 706
f 2430 706 2433
f 714 2432 2434
f 714 2434 811
f 2433 706 811
f 2433 811 2434
f 2428 2433 2429
f 2433 2428 2430
f 2430 2428 2427
f 2431 2434 2432
f 2434 2431 2429
f 2434 2429 2433
f 1329 2435 2436
f 1329 2436 1330
f 1331 2437 2435
f 1331 2435 1329
f 1334 2438 2437
f 1334 2437 1331
f 1330 2436 2439
f 1330 2439 1335
f 2438 1334 1344
f 2438 1344 2440
f 2441 1345 1335
f 2441 1335 2439
f 2440 1344 1350
f 2440 1350 2442
f 2442 1350 1345
f 2442 1345 2441
f 2441 2435 2437
f 2435 2441 2436
f 2436 2441 2439
f 2438 2441 2437
f 2441 2438 2440
f 2441 2440 2442
f 2443 2380 2384
f 2443 2384 2444
f 2380 2443 2445
f 2380 2445 2381
f 2381 2445 2446
f 2381 2446 2394
f 2444 2384 2397
f 2444 2397 2447
f 2394 2446 2448
f 2394 2448 2404
f 2447 2397 2407
f 2447 2407 2449
f 2404 2448 2450
f 2404 2450 2410
f 2449 2407 2410
f 2449 2410 2450
f 2443 2449 2445
f 2449 2443 2444
f 2449 2444 2447
f 2449 2446 2445
f 2446 2449 2448
f 2448 2449 2450
f 1864 1800 1861
f 1800 1864 1804
f 1804 1864 1808
f 1808 1864 1812
f 1812 1864 1816
f 1816 1864 1820
f 1820 1864 1824
f 1824 1864 1828
f 1828 1864 1832
f 1832 1864 1836
f 1836 1864 1840
f 1850 1868 1846
f 1868 1850 1854
f 1868 1854 1858
f 1868 1858 1860
f 1868 1860 1856
f 1868 1856 1852
f 1868 1852 1848
f 1868 1848 1844
f 1868 1844 1840
f 1868 1840 1864
f 1861 1798 1802
f 1798 1861 1794
f 1794 1861 1790
f 1790 1861 1786
f 1786 1861 1783
f 1783 1861 1784
f 1784 1861 1788
f 1788 1861 1792
f 1792 1861 1796
f 1796 1861 1800
f 1861 1868 1865
f 1868 1861 1814
f 1814 1861 1810
f 1810 1861 1806
f 1806 1861 1802
f 1868 1814 1818
f 1868 1818 1822
f 1868 1822 1826
f 1868 1826 1830
f 1868 1830 1834
f 1868 1834 1838
f 1868 1838 1842
f 1868 1842 1846
f 1867 1862 1866
f 1862 1867 1813
f 1862 1813 1809
f 1862 1809 1805
f 1862 1805 1801
f 1813 1867 1817
f 1817 1867 1821
f 1821 1867 1825
f 1825 1867 1829
f 1829 1867 1833
f 1833 1867 1837
f 1837 1867 1841
f 1862 1795 1799
f 1795 1862 1791
f 1791 1862 1787
f 1787 1862 1781
f 1781 1862 1782
f 1782 1862 1785
f 1785 1862 1789
f 1789 1862 1793
f 1793 1862 1797
f 1797 1862 1801
f 1867 1845 1841
f 1845 1867 1849
f 1849 1867 1853
f 1853 1867 1857
f 1857 1867 1859
f 1859 1867 1855
f 1855 1867 1851
f 1851 1867 1847
f 1847 1867 1843
f 1843 1867 1839
f 1799 1863 1862
f 1863 1799 1803
f 1863 1803 1807
f 1863 1807 1811
f 1863 1811 1815
f 1863 1815 1819
f 1863 1819 1823
f 1863 1823 1827
f 1863 1827 1831
f 1863 1831 1835
f 1863 1835 1839
f 1863 1839 1867
f 2287 1883 1887
f 1883 2287 1879
f 1879 2287 1875
f 1875 2287 1869
f 1869 2287 1870
f 1870 2287 1873
f 1873 2287 1877
f 1877 2287 1881
f 1881 2287 1885
f 1885 2287 1889
f 1929 2291 2292
f 2291 1929 1925
f 2291 1925 1921
f 2291 1921 1917
f 2291 1917 1913
f 2291 1913 1909
f 2291 1909 1905
f 2291 1905 1901
f 2291 1901 1897
f 2291 1897 1893
f 2291 1893 1889
f 2291 1889 2287
f 2288 1923 2292
f 1923 2288 1919
f 1919 2288 1915
f 1915 2288 1911
f 1911 2288 1907
f 1907 2288 1903
f 1903 2288 1899
f 1899 2288 1895
f 1895 2288 1891
f 1891 2288 2287
f 2292 1923 1927
f 1891 2287 1887
f 2292 1933 1929
f 1933 2292 1937
f 1937 2292 1941
f 1941 2292 1945
f 1945 2292 1947
f 1947 2292 1943
f 1943 2292 1939
f 1939 2292 1935
f 1935 2292 1931
f 1931 2292 1927
f 2293 1936 2289
f 1936 2293 1940
f 1940 2293 1944
f 1944 2293 1948
f 1948 2293 1946
f 1946 2293 1942
f 1942 2293 1938
f 1938 2293 1934
f 2289 1936 1932
f 2289 1932 1928
f 2289 1892 2286
f 1892 2289 1896
f 1896 2289 1900
f 1900 2289 1904
f 1904 2289 1908
f 1908 2289 1912
f 1912 2289 1916
f 1916 2289 1920
f 1920 2289 1924
f 1924 2289 1928
f 2286 1892 1888
f 2290 1934 2293
f 1934 2290 1930
f 1930 2290 1926
f 1926 2290 1922
f 1922 2290 1918
f 1918 2290 1914
f 1914 2290 1910
f 1910 2290 1906
f 1906 2290 1902
f 1902 2290 1898
f 1898 2290 1894
f 1894 2290 1890
f 1890 2290 2286
f 1884 2286 1888
f 2286 1884 1880
f 2286 1880 1876
f 2286 1876 1872
f 2286 1872 1871
f 2286 1871 1874
f 2286 1874 1878
f 2286 1878 1882
f 2286 1882 1886
f 2286 1886 1890
f 120 305 304
f 306 307 114
f 308 309 78
f 69 311 310
f 312 314 313
f 315 317 316
f 318 320 319
f 321 322 73
f 323 325 324
f 326 328 327
f 332 331 330
f 330 329 332
f 336 335 334
f 334 333 336
f 332 338 337
f 337 331 332
f 340 335 336
f 336 339 340
f 337 338 342
f 342 341 337
f 340 339 344
f 344 343 340
f 348 347 346
f 346 345 348
f 338 332 329
f 329 342 338
f 335 340 343
f 343 334 335
f 347 350 349
f 349 346 347
f 352 348 345
f 345 351 352
f 356 355 354
f 354 353 356
f 360 359 358
f 358 357 360
f 355 362 361
f 361 354 355
f 364 360 357
f 357 363 364
f 350 366 365
f 365 349 350
f 368 352 351
f 351 367 368
f 369 362 355
f 355 356 369
f 364 370 359
f 359 360 364
f 369 356 353
f 353 371 369
f 359 370 372
f 372 358 359
f 362 369 371
f 371 361 362
f 370 364 363
f 363 372 370
f 376 375 374
f 374 373 376
f 380 379 378
f 378 377 380
f 382 368 367
f 367 381 382
f 366 384 383
f 383 365 366
f 379 386 385
f 385 378 379
f 388 376 373
f 373 387 388
f 388 389 375
f 375 376 388
f 390 386 379
f 379 380 390
f 394 393 392
f 392 391 394
f 398 397 396
f 396 395 398
f 375 389 399
f 399 374 375
f 390 380 377
f 377 400 390
f 404 403 402
f 402 401 404
f 408 407 406
f 406 405 408
f 412 411 410
f 410 409 412
f 416 415 414
f 414 413 416
f 420 419 418
f 418 417 420
f 424 423 422
f 422 421 424
f 426 382 381
f 381 425 426
f 384 428 427
f 427 383 384
f 389 388 387
f 387 399 389
f 386 390 400
f 400 385 386
f 432 431 430
f 430 429 432
f 436 435 434
f 434 433 436
f 440 439 438
f 438 437 440
f 444 443 442
f 442 441 444
f 448 447 446
f 446 445 448
f 452 451 450
f 450 449 452
f 454 426 425
f 425 453 454
f 428 456 455
f 455 427 428
f 456 454 453
f 453 455 456
f 460 459 458
f 458 457 460
f 464 463 462
f 462 461 464
f 468 467 466
f 466 465 468
f 472 471 470
f 470 469 472
f 476 475 474
f 474 473 476
f 467 478 477
f 477 466 467
f 480 468 465
f 465 479 480
f 484 483 482
f 482 481 484
f 488 487 486
f 486 485 488
f 492 491 490
f 490 489 492
f 496 495 494
f 494 493 496
f 118 122 123
f 123 117 118
f 500 499 498
f 498 497 500
f 504 503 502
f 502 501 504
f 478 506 505
f 505 477 478
f 508 480 479
f 479 507 508
f 512 511 510
f 510 509 512
f 516 515 514
f 514 513 516
f 520 519 518
f 518 517 520
f 524 523 522
f 522 521 524
f 528 527 526
f 526 525 528
f 532 531 530
f 530 529 532
f 536 535 534
f 534 533 536
f 540 539 538
f 538 537 540
f 82 542 541
f 541 81 82
f 544 71 72
f 72 543 544
f 548 547 546
f 546 545 548
f 552 551 550
f 550 549 552
f 506 554 553
f 553 505 506
f 556 508 507
f 507 555 556
f 560 559 558
f 558 557 560
f 564 563 562
f 562 561 564
f 307 305 120
f 120 114 307
f 568 567 566
f 566 565 568
f 572 571 570
f 570 569 572
f 576 575 574
f 574 573 576
f 580 579 578
f 578 577 580
f 314 311 69
f 69 313 314
f 309 317 315
f 315 78 309
f 305 307 306
f 306 304 305
f 584 583 582
f 582 581 584
f 588 587 586
f 586 585 588
f 592 591 590
f 590 589 592
f 596 595 594
f 594 593 596
f 311 314 312
f 312 310 311
f 317 309 308
f 308 316 317
f 600 599 598
f 598 597 600
f 77 602 601
f 601 76 77
f 606 605 604
f 604 603 606
f 610 609 608
f 608 607 610
f 554 612 611
f 611 553 554
f 614 556 555
f 555 613 614
f 618 617 616
f 616 615 618
f 622 621 620
f 620 619 622
f 320 325 323
f 323 319 320
f 328 322 321
f 321 327 328
f 325 320 318
f 318 324 325
f 322 328 326
f 326 73 322
f 626 625 624
f 624 623 626
f 630 629 628
f 628 627 630
f 623 624 629
f 629 630 623
f 612 632 631
f 631 611 612
f 634 614 613
f 613 633 634
f 632 634 633
f 633 631 632
f 339 336 333
f 333 344 339
f 331 337 341
f 341 330 331
f 638 637 636
f 636 635 638
f 623 640 639
f 639 626 623
f 624 625 642
f 642 641 624
f 341 342 329
f 329 330 341
f 343 344 333
f 333 334 343
f 361 371 353
f 353 354 361
f 372 363 357
f 357 358 372
f 399 387 373
f 373 374 399
f 385 400 377
f 377 378 385
f 1864 1863 1862
f 1862 1861 1864
f 1861 1862 1866
f 1866 1865 1861
f 1868 1867 1863
f 1863 1864 1868
f 1865 1866 1867
f 1867 1868 1865
f 2289 2288 2287
f 2287 2286 2289
f 2286 2287 2291
f 2291 2290 2286
f 2293 2292 2288
f 2288 2289 2293
f 2290 2291 2292
f 2292 2293 2290
f 1865 1868 1864
f 1864 1861 1865
f 1863 1867 1866
f 1866 1862 1863
f 2288 2292 2291
f 2291 2287 2288
f 2290 2293 2289
f 2289 2286 2290