# https://github.com/mikedh/trimesh
v -0.00934200 0.02951643 0.01424417
v -0.00934200 0.02951643 0.01762657
v -0.00934200 0.02571442 0.01762657
v -0.00934200 0.02571442 0.01424417
v -0.01489673 0.02571442 0.01762657
v -0.01489673 0.02571442 0.01424417
v -0.01489696 0.02951666 0.01720095
v -0.01444824 0.02951643 0.01720095
v -0.01465299 0.02991336 0.01720095
v -0.01489673 0.02906794 0.01720095
v -0.01489673 0.02614004 0.01720095
v -0.01489673 0.02906794 0.01762657
v -0.01489696 0.02951666 0.01333076
v -0.01489673 0.02906794 0.01333076
v -0.01489673 0.02614004 0.01333076
v -0.01521354 0.02688206 0.01333076
v -0.01521354 0.02927268 0.01333076
v -0.01444824 0.02951643 0.01762657
v -0.00976762 0.02951643 0.01424417
v -0.00976762 0.02951643 0.01720095
v -0.01489673 0.02614004 0.01424417
v -0.01489673 0.02571442 0.01290515
v -0.00934200 0.02951643 0.01290515
v -0.00934200 0.02571442 0.01290515
v -0.01489673 0.02906794 0.01290515
v -0.01444824 0.02951643 0.01290515
v -0.01521354 0.02927268 0.01720095
v -0.01521354 0.02688206 0.01720095
v -0.01444824 0.02951643 0.01333076
v -0.00976762 0.02951643 0.01333076
v -0.01465299 0.02991336 0.01333076
v -0.01521354 0.02927268 0.01424417
v -0.01465299 0.02991336 0.01424417
v -0.01521354 0.02688206 0.01424417
v -0.01004981 0.02991336 0.01333076
v -0.01004981 0.02991336 0.01424417
v -0.01004981 0.02991336 0.01720095
v -0.01381348 0.02970929 0.01458304
v -0.01088932 0.02970929 0.01458304
v 0.00904976 0.02951643 0.01424417
v 0.00904976 0.02571442 0.01424417
v 0.00904976 0.02571442 0.01762657
v 0.00904976 0.02951643 0.01762657
v 0.01460450 0.02571442 0.01424417
v 0.01460450 0.02571442 0.01762657
v 0.01460472 0.02951666 0.01720095
v 0.01436075 0.02991336 0.01720095
v 0.01415601 0.02951643 0.01720095
v 0.01460450 0.02906794 0.01720095
v 0.01460450 0.02906794 0.01762657
v 0.01460450 0.02614004 0.01720095
v 0.01460472 0.02951666 0.01333076
v 0.01492131 0.02927268 0.01333076
v 0.01492131 0.02688206 0.01333076
v 0.01460450 0.02614004 0.01333076
v 0.01460450 0.02906794 0.01333076
v 0.01415601 0.02951643 0.01762657
v 0.00947538 0.02951643 0.01424417
v 0.00947538 0.02951643 0.01720095
v 0.01460450 0.02614004 0.01424417
v 0.01460450 0.02571442 0.01290515
v 0.00904976 0.02951643 0.01290515
v 0.01415601 0.02951643 0.01290515
v 0.01460450 0.02906794 0.01290515
v 0.00904976 0.02571442 0.01290515
v 0.01492131 0.02688206 0.01720095
v 0.01492131 0.02927268 0.01720095
v 0.01415601 0.02951643 0.01333076
v 0.00947538 0.02951643 0.01333076
v 0.01436075 0.02991336 0.01333076
v 0.01492131 0.02927268 0.01424417
v 0.01436075 0.02991336 0.01424417
v 0.01492131 0.02688206 0.01424417
v 0.00975757 0.02991336 0.01424417
v 0.00975757 0.02991336 0.01333076
v 0.00975757 0.02991336 0.01720095
v 0.01059708 0.02970929 0.01458304
v 0.01352124 0.02970929 0.01458304
v -0.01042194 0.02970929 0.01505041
v -0.01428085 0.02970929 0.01505041
v -0.01428085 0.02970929 0.01639470
v -0.01381348 0.02970929 0.01686207
v -0.01088932 0.02970929 0.01686207
v -0.01042194 0.02970929 0.01639470
v 0.01012971 0.02970929 0.01639470
v 0.01012971 0.02970929 0.01505041
v 0.01059708 0.02970929 0.01686207
v 0.01352124 0.02970929 0.01686207
v 0.01398861 0.02970929 0.01639470
v 0.01398861 0.02970929 0.01505041
v -0.01388658 0.00765932 0.02114416
v -0.01388658 0.00591622 0.02114416
v -0.01367895 0.00635806 0.02187344
v -0.01175592 0.00150670 0.02862800
v -0.01159831 0.00205194 0.02918161
v -0.01196360 0.00280795 0.02789854
v -0.01159813 -0.00651920 0.02918210
v -0.01175550 -0.00504259 0.02862941
v -0.01199409 -0.00591414 0.02779135
v -0.01388658 -0.00504258 0.02114416
v -0.01388658 -0.00651911 0.02114416
v -0.01364793 -0.00591413 0.02198240
v -0.01170279 -0.02729113 0.02881427
v -0.01180593 -0.02563359 0.02845203
v -0.01202628 -0.02683975 0.02767807
v -0.01367843 -0.00994243 0.02187523
v -0.01344758 -0.00885000 0.02268610
v -0.01374657 -0.00823561 0.02163590
v -0.01107518 -0.02835099 0.02858324
v -0.01074009 -0.02897657 0.02713616
v -0.00961049 -0.02863040 0.02793690
v 0.01359434 0.00765932 0.02114416
v 0.01338672 0.00635806 0.02187344
v 0.01359434 0.00591622 0.02114416
v 0.01146368 0.00150670 0.02862800
v 0.01167137 0.00280795 0.02789854
v 0.01130607 0.00205194 0.02918161
v 0.01130590 -0.00651920 0.02918210
v 0.01170185 -0.00591414 0.02779135
v 0.01146326 -0.00504259 0.02862941
v 0.01359434 -0.00504258 0.02114416
v 0.01335569 -0.00591413 0.02198240
v 0.01359434 -0.00651911 0.02114416
v 0.01141056 -0.02729113 0.02881427
v 0.01173405 -0.02683975 0.02767807
v 0.01151369 -0.02563359 0.02845203
v 0.01338620 -0.00994243 0.02187523
v 0.01345434 -0.00823561 0.02163590
v 0.01315534 -0.00885000 0.02268610
v 0.01078294 -0.02835099 0.02858324
v 0.00931825 -0.02863040 0.02793690
v 0.01044785 -0.02897657 0.02713616
v -0.01485862 -0.00651943 0.01280183
v -0.01485862 -0.00651943 0.01828706
v -0.01485862 0.00898899 0.01828706
v -0.01485862 0.00898899 0.01280183
v -0.01449702 0.02878225 0.01280183
v -0.01449702 0.02878225 0.01828706
v -0.00014612 0.02878225 0.01828706
v -0.00014612 0.02878225 0.01280183
v -0.00014612 0.00898899 0.02114416
v -0.00014612 0.02759470 0.02041635
v -0.01379040 0.02759470 0.02041635
v -0.01388658 0.00898899 0.02114416
v -0.00014612 0.00898899 0.00738522
v -0.00014612 -0.00651943 0.00738522
v -0.01485862 -0.00651943 0.00738522
v -0.01485862 0.00898899 0.00738522
v -0.01485862 -0.00651943 0.01009353
v -0.01485862 0.00898899 0.01009353
v -0.01449702 0.02800607 0.00833389
v -0.00014612 0.02800607 0.00833389
v -0.00014612 -0.03264299 0.00850638
v -0.00014612 -0.03255675 0.01280183
v -0.01485862 -0.03255675 0.01280183
v -0.01485862 -0.03264299 0.00850638
v -0.00014612 -0.03255675 0.01828706
v -0.01485862 -0.03255675 0.01828706
v -0.00014612 -0.03156698 0.02114416
v -0.01388658 -0.03156698 0.02114416
v -0.00014612 -0.00651943 0.03042619
v -0.00014612 0.00146666 0.03042619
v -0.00961240 0.00146666 0.03042619
v -0.00961240 -0.00651943 0.03042619
v -0.00014612 -0.02625601 0.03042619
v -0.00961240 -0.02625601 0.03042619
v -0.01159777 -0.02809164 0.02918316
v -0.00014612 -0.02809134 0.02918367
v -0.00014612 0.00403657 0.02918158
v -0.01159827 0.00403640 0.02918178
v -0.01462052 0.02202233 0.01347044
v -0.00748166 0.02202233 0.01347044
v -0.00748166 0.01497272 0.01347044
v -0.01474931 0.01497272 0.01347044
v -0.01479832 0.01216036 0.01122338
v -0.00748166 0.01216036 0.01122338
v -0.00748166 0.01011207 0.00744125
v -0.01483727 0.01011207 0.00744125
v -0.01485862 -0.01451153 0.01347044
v -0.00748166 -0.01451153 0.01347044
v -0.00748166 -0.02156114 0.01347044
v -0.01485862 -0.02156114 0.01347044
v -0.00748166 0.02598086 0.00823286
v -0.00748166 0.02483469 0.01122338
v -0.01456413 0.02483469 0.01122338
v -0.01453553 0.02598086 0.00823286
v -0.01485862 -0.02437350 0.01122338
v -0.00748166 -0.02437350 0.01122338
v -0.00748166 -0.02601299 0.00819608
v -0.01485862 -0.02601299 0.00819608
v -0.01485862 -0.01169916 0.01122338
v -0.01485862 -0.01028696 0.00753874
v -0.00748166 -0.01028696 0.00753874
v -0.00748166 -0.01169916 0.01122338
v -0.00514322 0.02976457 0.01267867
v -0.00514322 0.02976457 0.01357454
v -0.00390685 0.02976457 0.01357454
v -0.00390685 0.02976457 0.01267867
v -0.00955164 0.02818122 0.01678656
v -0.00955164 0.02818122 0.01768243
v -0.00955164 0.02976457 0.01768243
v -0.00955164 0.02976457 0.01678656
v -0.00955164 0.02818122 0.01299835
v -0.00955164 0.02818122 0.01357454
v -0.00955164 0.02976457 0.01357454
v -0.00955164 0.02976457 0.01299835
v -0.00839527 0.02818122 0.01768243
v -0.00839527 0.02976457 0.01768243
v -0.00839527 0.02976457 0.01267867
v -0.00839527 0.02818122 0.01267867
v -0.00889540 0.02818122 0.01267867
v -0.00889540 0.02976457 0.01267867
v -0.00014612 0.02976457 0.01267867
v -0.00014612 0.02818122 0.01267867
v -0.00390685 0.02818122 0.01267867
v -0.00390685 0.02818122 0.01768243
v -0.00390685 0.02976457 0.01768243
v -0.00514322 0.02976457 0.01768243
v -0.00514322 0.02818122 0.01768243
v -0.00514322 0.02818122 0.01267867
v -0.00839527 0.02976457 0.01357454
v -0.00390685 0.02976457 0.01678656
v -0.00014612 0.02976457 0.01768243
v -0.00014612 0.02976457 0.01678656
v -0.00839527 0.02976457 0.01678656
v -0.00514322 0.02976457 0.01678656
v -0.00514322 0.02976457 0.01568269
v -0.00390685 0.02976457 0.01568269
v -0.00014612 0.02818122 0.01768243
v -0.00955164 0.02976457 0.01568269
v -0.00839527 0.02976457 0.01568269
v -0.00014612 0.02976457 0.01357454
v -0.00955164 0.02818122 0.01568269
v -0.00955164 0.02818122 0.01467841
v -0.00955164 0.02976457 0.01467841
v -0.00390685 0.02976457 0.01467841
v -0.00014612 0.02976457 0.01568269
v -0.00014612 0.02976457 0.01467841
v -0.00839527 0.02976457 0.01467841
v -0.00514322 0.02976457 0.01467841
v -0.00014612 0.02887965 0.01568269
v -0.00390685 0.02887965 0.01568269
v -0.00390685 0.02887965 0.01357454
v -0.00014612 0.02887965 0.01357454
v -0.00839527 0.02887965 0.01357454
v -0.00514322 0.02887965 0.01357454
v -0.00514322 0.02887965 0.01568269
v -0.00839527 0.02887965 0.01568269
v -0.00014612 0.02887965 0.01678656
v -0.00390685 0.02887965 0.01678656
v -0.00514322 0.02887965 0.01678656
v -0.00839527 0.02887965 0.01678656
v -0.00514322 0.02887965 0.01467841
v -0.00390685 0.02887965 0.01467841
v -0.00839527 0.02887965 0.01467841
v -0.00014612 0.02887965 0.01467841
v -0.00146627 0.02908460 0.01488229
v -0.00146627 0.02908460 0.01547881
v -0.00146627 0.03013933 0.01547881
v -0.00146627 0.03013933 0.01488229
v -0.00014612 0.02908460 0.01596138
v -0.00014612 0.03013933 0.01596138
v -0.00098370 0.03013933 0.01596138
v -0.00098370 0.02908460 0.01596138
v -0.00126938 0.03013933 0.01538776
v -0.00126938 0.03013933 0.01497334
v -0.00098370 0.03013933 0.01439972
v -0.00098370 0.02908460 0.01439972
v -0.00014612 0.03013933 0.01439972
v -0.00014612 0.02908460 0.01439972
v -0.01513906 -0.03259679 0.01429935
v -0.01513906 -0.03259679 0.01798744
v -0.01513906 -0.03139368 0.01798744
v -0.01513906 -0.03139368 0.01429935
v -0.01481510 -0.03292076 0.01429935
v -0.01481510 -0.03292076 0.01798744
v -0.01300699 -0.03106972 0.01429935
v -0.01300699 -0.03106972 0.01798744
v -0.01300699 -0.03259679 0.01798744
v -0.01300699 -0.03259679 0.01429935
v -0.01481510 -0.03106972 0.01429935
v -0.01481510 -0.03106972 0.01798744
v -0.01333095 -0.03292076 0.01429935
v -0.01333095 -0.03292076 0.01798744
v -0.01333095 -0.03292076 0.01310146
v -0.01300699 -0.03259679 0.01310146
v -0.01513906 -0.03259679 0.01310146
v -0.01481510 -0.03292076 0.01310146
v -0.01513906 -0.03139368 0.01310146
v -0.01481510 -0.03106972 0.01310146
v -0.01300699 -0.03106972 0.01310146
v -0.00093412 0.03013933 0.01572303
v -0.00088767 0.02998362 0.01559381
v -0.00114307 0.02998362 0.01533841
v -0.00093412 0.03013933 0.01463808
v -0.00014612 0.03013933 0.01463808
v -0.00014612 0.03013933 0.01572303
v -0.00014612 0.02998362 0.01559381
v -0.00088767 0.02998362 0.01476729
v -0.00014612 0.02998362 0.01476729
v -0.00114307 0.02998362 0.01502270
v -0.00014612 0.02461356 0.01185973
v -0.00014612 0.02412420 0.01270734
v -0.01593234 0.02412420 0.01270734
v -0.01593234 0.02461356 0.01185973
v -0.01508315 0.03030312 0.01185973
v -0.01508376 0.03030312 0.01270734
v -0.00014612 0.03030312 0.01270734
v -0.00014612 0.03030312 0.01185973
v -0.01532666 0.02579207 0.00882919
v -0.01593234 0.02521922 0.01038477
v -0.01593234 0.02946833 0.01038477
v -0.01532666 0.02928266 0.00882919
v -0.01508124 0.03030312 0.01038477
v -0.00014612 0.03030312 0.01038477
v -0.01593234 0.02946856 0.01270734
v -0.01593234 0.02946851 0.01185973
v -0.00014612 0.02579207 0.00882919
v -0.00014612 0.02521922 0.01038477
v -0.01447409 0.03011757 0.00882919
v -0.00014612 0.03011757 0.00882919
v -0.01561336 0.02483469 0.01122338
v -0.01561336 0.02538902 0.01191716
v -0.01456413 0.02538902 0.01191716
v -0.01590786 -0.01028696 0.00753874
v -0.01590786 -0.00945774 0.00750407
v -0.01485862 -0.00945774 0.00750407
v -0.01566975 0.02202233 0.01347044
v -0.01579854 0.01497272 0.01347044
v -0.01579854 0.01467599 0.01430744
v -0.01566975 0.02231298 0.01430957
v -0.01590786 -0.02601299 0.00819608
v -0.01485862 -0.02679387 0.00822872
v -0.01590786 -0.02679387 0.00822872
v -0.01485862 -0.01098231 0.01174752
v -0.01485862 -0.01421784 0.01430851
v -0.01485862 -0.02185483 0.01430851
v -0.01590786 -0.01098231 0.01174752
v -0.01590786 -0.01421784 0.01430851
v -0.01485862 -0.02505470 0.01179310
v -0.01588650 0.01011207 0.00744125
v -0.01483727 0.00933120 0.00740231
v -0.01588650 0.00933120 0.00740231
v -0.01590786 -0.01169916 0.01122338
v -0.01590786 -0.02437350 0.01122338
v -0.01590786 -0.02505470 0.01179310
v -0.01590786 -0.02185483 0.01430851
v -0.01590786 -0.02156114 0.01347044
v -0.01474931 0.01468207 0.01430957
v -0.01462052 0.02231907 0.01430744
v -0.01584755 0.01216036 0.01122338
v -0.01584755 0.01147833 0.01179211
v -0.01479832 0.01147998 0.01179408
v -0.01590786 -0.01451153 0.01347044
v -0.00269149 -0.03218036 0.01009251
v -0.00269149 -0.03218036 0.01101908
v -0.00014612 -0.03218036 0.01101908
v -0.00014612 -0.03218036 0.01009251
v -0.01430059 -0.03444256 0.01009251
v -0.01430059 -0.03444256 0.01101908
v -0.01490999 -0.03444256 0.01101908
v -0.01490999 -0.03444256 0.01009251
v -0.00269149 -0.03336509 0.01009251
v -0.00269149 -0.03336509 0.01101908
v -0.00441517 -0.03444256 0.01101908
v -0.00441517 -0.03444256 0.01009251
v -0.00441517 -0.03218036 0.01101908
v -0.01430059 -0.03218036 0.01101908
v -0.00441517 -0.03218036 0.00786873
v -0.00441517 -0.03444256 0.00786873
v -0.01430059 -0.03444256 0.00786873
v -0.01430059 -0.03218036 0.00786873
v -0.01430059 -0.03218036 0.00904239
v -0.01430059 -0.03036178 0.00786873
v -0.01430059 -0.03036178 0.00904239
v -0.01582777 -0.03036178 0.01009251
v -0.01582777 -0.03036178 0.01101908
v -0.01430059 -0.03036178 0.01101908
v -0.01430059 -0.03036178 0.01009251
v -0.01582777 -0.03218036 0.01101908
v -0.01582777 -0.03218036 0.00786873
v -0.01582777 -0.03036178 0.00786873
v -0.01582777 -0.03218036 0.01009251
v -0.01582777 -0.03352478 0.00904239
v -0.01582777 -0.03352478 0.00786873
v -0.01490999 -0.03444256 0.00786873
v -0.01490999 -0.03444256 0.00904239
v -0.01582777 -0.03352478 0.01009251
v -0.01582777 -0.03352478 0.01101908
v -0.00269149 -0.03218036 0.00786873
v -0.00269149 -0.03336509 0.00786873
v -0.01430059 -0.03218036 0.01009251
v -0.00441517 -0.03218036 0.01009251
v -0.00014612 -0.03336509 0.01101908
v -0.00014612 -0.03218036 0.00786873
v -0.00014612 -0.03336509 0.00786873
v -0.00014612 -0.03336509 0.01009251
v -0.00441517 -0.03218036 0.00904239
v -0.00269149 -0.03218036 0.00904239
v -0.00014612 -0.03336509 0.00904239
v -0.00269149 -0.03336509 0.00904239
v -0.01582777 -0.03218036 0.00904239
v -0.01582777 -0.03036178 0.00904239
v -0.00441517 -0.03444256 0.00904239
v -0.01430059 -0.03444256 0.00904239
v -0.00014612 -0.03218036 0.00904239
v -0.00952932 0.01860629 0.01281522
v -0.01447825 0.02040755 0.01281522
v -0.01517245 0.01850024 0.01313669
v -0.01022353 0.01669898 0.01313669
v -0.01154399 0.01307103 0.01188225
v -0.01649291 0.01487229 0.01188225
v -0.01698991 0.01350680 0.01042912
v -0.01204099 0.01170554 0.01042912
v -0.01730901 0.01263010 0.00859808
v -0.01236008 0.01082884 0.00859808
v -0.01741896 0.01232801 0.00656835
v -0.01247003 0.01052675 0.00656835
v -0.01730901 0.01263010 0.00453862
v -0.01236008 0.01082884 0.00453862
v -0.01698991 0.01350680 0.00270757
v -0.01204099 0.01170554 0.00270757
v -0.01649291 0.01487229 0.00125444
v -0.01154399 0.01307103 0.00125444
v -0.01586666 0.01659292 0.00032148
v -0.01091774 0.01479165 0.00032148
v -0.01517245 0.01850024 0.00000000
v -0.01022353 0.01669898 0.00000000
v -0.01447824 0.02040756 0.00032148
v -0.00952932 0.01860630 0.00032148
v -0.01385199 0.02212818 0.00125444
v -0.00890306 0.02032692 0.00125444
v -0.01335499 0.02349367 0.00270757
v -0.00840607 0.02169241 0.00270757
v -0.01303590 0.02437037 0.00453862
v -0.00808697 0.02256911 0.00453862
v -0.01292594 0.02467246 0.00656835
v -0.00797702 0.02287120 0.00656835
v -0.01303590 0.02437037 0.00859808
v -0.00808697 0.02256911 0.00859808
v -0.01335499 0.02349367 0.01042913
v -0.00840607 0.02169241 0.01042913
v -0.01385199 0.02212817 0.01188225
v -0.00890307 0.02032691 0.01188225
v -0.01586666 0.01659291 0.01281521
v -0.01091774 0.01479165 0.01281521
v -0.01591311 0.01876982 0.01267822
v -0.01655887 0.01699562 0.01237918
v -0.01714141 0.01539510 0.01151134
v -0.01760372 0.01412492 0.01015964
v -0.01790054 0.01330942 0.00845640
v -0.01800281 0.01302841 0.00656835
v -0.01790054 0.01330942 0.00468029
v -0.01760372 0.01412492 0.00297705
v -0.01714141 0.01539510 0.00162535
v -0.01655887 0.01699562 0.00075751
v -0.01591311 0.01876982 0.00045847
v -0.01526736 0.02054401 0.00075751
v -0.01468482 0.02214453 0.00162536
v -0.01422251 0.02341471 0.00297706
v -0.01392569 0.02423022 0.00468029
v -0.01382341 0.02451122 0.00656835
v -0.01392569 0.02423022 0.00845641
v -0.01422251 0.02341471 0.01015964
v -0.01468482 0.02214452 0.01151134
v -0.01526736 0.02054400 0.01237918
v -0.01700372 0.01577339 0.00425160
v -0.01719520 0.01524731 0.00535036
v -0.01592330 0.01541197 0.00554198
v -0.01576195 0.01585529 0.00461609
v -0.01591311 0.01876982 0.01050983
v -0.01632969 0.01762528 0.01031692
v -0.01670549 0.01659279 0.00975707
v -0.01700372 0.01577339 0.00888509
v -0.01719520 0.01524731 0.00778633
v -0.01726118 0.01506603 0.00656835
v -0.01670549 0.01659279 0.00337962
v -0.01632969 0.01762528 0.00281977
v -0.01591311 0.01876982 0.00262686
v -0.01549654 0.01991435 0.00281977
v -0.01512074 0.02094685 0.00337962
v -0.01482250 0.02176624 0.00425161
v -0.01463103 0.02229232 0.00535036
v -0.01456505 0.02247360 0.00656835
v -0.01463103 0.02229232 0.00778634
v -0.01482250 0.02176623 0.00888509
v -0.01512074 0.02094684 0.00975708
v -0.01549654 0.01991434 0.01031692
v -0.01471464 0.01602477 0.00727329
v -0.01460382 0.01632926 0.00790923
v -0.01400886 0.01657275 0.00759515
v -0.01409372 0.01633958 0.00710817
v -0.01376254 0.02134862 0.00554198
v -0.01370694 0.02150138 0.00656835
v -0.01551063 0.01654577 0.00388129
v -0.01484292 0.01838030 0.00988973
v -0.01519396 0.01741583 0.00972717
v -0.01376254 0.02134862 0.00759472
v -0.01519396 0.01741583 0.00340952
v -0.01551063 0.01654577 0.00925540
v -0.01392389 0.02090530 0.00852061
v -0.01484292 0.01838030 0.00324696
v -0.01576195 0.01585529 0.00852061
v -0.01417521 0.02021482 0.00925541
v -0.01449188 0.01934477 0.00340952
v -0.01592330 0.01541197 0.00759471
v -0.01449189 0.01934476 0.00972717
v -0.01417521 0.02021482 0.00388129
v -0.01597890 0.01525922 0.00656835
v -0.01392389 0.02090530 0.00461609
v -0.01483141 0.01778719 0.00733003
v -0.01474164 0.01803382 0.00746376
v -0.01533137 0.01826081 0.00742807
v -0.01541756 0.01802401 0.00729967
v -0.01373149 0.01872595 0.00873794
v -0.01351399 0.01932354 0.00841392
v -0.01317430 0.01886567 0.00798162
v -0.01334086 0.01840806 0.00822975
v -0.01351399 0.01932354 0.00472278
v -0.01373149 0.01872596 0.00439875
v -0.01334086 0.01840806 0.00490694
v -0.01317430 0.01886567 0.00515507
v -0.01475283 0.01591985 0.00656835
v -0.01412296 0.01625924 0.00656835
v -0.01397260 0.01806353 0.00884959
v -0.01352549 0.01790079 0.00831525
v -0.01334137 0.01979779 0.00522747
v -0.01304212 0.01922884 0.00554154
v -0.01471464 0.01602477 0.00586340
v -0.01409372 0.01633958 0.00602852
v -0.01323055 0.02010228 0.00586340
v -0.01295725 0.01946200 0.00602852
v -0.01460382 0.01632926 0.00522746
v -0.01400886 0.01657275 0.00554154
v -0.01319236 0.02020720 0.00656835
v -0.01292801 0.01954234 0.00656835
v -0.01443120 0.01680351 0.00472278
v -0.01387667 0.01693591 0.00515507
v -0.01421370 0.01740109 0.00873794
v -0.01371012 0.01739352 0.00822975
v -0.01323055 0.02010228 0.00727329
v -0.01295725 0.01946200 0.00710817
v -0.01421370 0.01740109 0.00439875
v -0.01371012 0.01739352 0.00490694
v -0.01443120 0.01680351 0.00841392
v -0.01387667 0.01693591 0.00798162
v -0.01334137 0.01979779 0.00790923
v -0.01304212 0.01922883 0.00759515
v -0.01397260 0.01806353 0.00428710
v -0.01352549 0.01790079 0.00482144
v -0.01352549 0.01790079 0.00782390
v -0.01365819 0.01753620 0.00776245
v -0.01377790 0.01720730 0.00758411
v -0.01387290 0.01694628 0.00730634
v -0.01393390 0.01677870 0.00695634
v -0.01395491 0.01672095 0.00656835
v -0.01393390 0.01677870 0.00618036
v -0.01387290 0.01694628 0.00583035
v -0.01377790 0.01720730 0.00555258
v -0.01365819 0.01753620 0.00537424
v -0.01352549 0.01790079 0.00531279
v -0.01339279 0.01826538 0.00537424
v -0.01327308 0.01859428 0.00555258
v -0.01317807 0.01885530 0.00583035
v -0.01311708 0.01902288 0.00618036
v -0.01309606 0.01908063 0.00656835
v -0.01311708 0.01902288 0.00695634
v -0.01317807 0.01885530 0.00730634
v -0.01327308 0.01859428 0.00758412
v -0.01339279 0.01826538 0.00776245
v -0.01464213 0.01830722 0.00750984
v -0.01454263 0.01858061 0.00746376
v -0.01514029 0.01878580 0.00742807
v -0.01523583 0.01852331 0.00747231
v -0.01433588 0.01914863 0.00627741
v -0.01438162 0.01902297 0.00601495
v -0.01498571 0.01921053 0.00603701
v -0.01494179 0.01933118 0.00628901
v -0.01490264 0.01759147 0.00601495
v -0.01494838 0.01746580 0.00627741
v -0.01552988 0.01771543 0.00628901
v -0.01548596 0.01783608 0.00603701
v -0.01432012 0.01919193 0.00656835
v -0.01492666 0.01937276 0.00656835
v -0.01483141 0.01778719 0.00580666
v -0.01541756 0.01802401 0.00583702
v -0.01433588 0.01914863 0.00685929
v -0.01494179 0.01933118 0.00684769
v -0.01474164 0.01803382 0.00567293
v -0.01533137 0.01826081 0.00570862
v -0.01438162 0.01902297 0.00712174
v -0.01498571 0.01921053 0.00709968
v -0.01464213 0.01830722 0.00562685
v -0.01523583 0.01852331 0.00566438
v -0.01490264 0.01759147 0.00712174
v -0.01548596 0.01783608 0.00709968
v -0.01445286 0.01882724 0.00733003
v -0.01505411 0.01902260 0.00729967
v -0.01454263 0.01858061 0.00567293
v -0.01514029 0.01878580 0.00570862
v -0.01494838 0.01746580 0.00685928
v -0.01552988 0.01771543 0.00684769
v -0.01445286 0.01882724 0.00580666
v -0.01505411 0.01902260 0.00583702
v -0.01496414 0.01742250 0.00656835
v -0.01554501 0.01767385 0.00656835
v -0.01542017 0.01859040 0.00723358
v -0.01549048 0.01839723 0.00720102
v -0.01555390 0.01822297 0.00710653
v -0.01560424 0.01808467 0.00695936
v -0.01563656 0.01799588 0.00677391
v -0.01564769 0.01796529 0.00656835
v -0.01563656 0.01799588 0.00636278
v -0.01560424 0.01808467 0.00617733
v -0.01555390 0.01822297 0.00603016
v -0.01549048 0.01839723 0.00593567
v -0.01542017 0.01859040 0.00590312
v -0.01534986 0.01878357 0.00593567
v -0.01528644 0.01895783 0.00603016
v -0.01523610 0.01909613 0.00617733
v -0.01520378 0.01918492 0.00636278
v -0.01519265 0.01921551 0.00656835
v -0.01520378 0.01918492 0.00677392
v -0.01523610 0.01909613 0.00695936
v -0.01528644 0.01895783 0.00710653
v -0.01534986 0.01878357 0.00720102
v -0.01482506 0.01514267 0.00550138
v -0.01469222 0.01550765 0.00473910
v -0.01352355 0.01648909 0.00461327
v -0.01441223 0.01627690 0.00392048
v -0.01284540 0.01835228 0.00429924
v -0.01304390 0.01780690 0.00420731
v -0.01268619 0.02101916 0.00649187
v -0.01226254 0.01995367 0.00649187
v -0.01316095 0.01971475 0.00921621
v -0.01342167 0.01899844 0.00960462
v -0.01484123 0.01509825 0.00748983
v -0.01488700 0.01497249 0.00664483
v -0.01373874 0.01589786 0.00524244
v -0.01382998 0.01564718 0.00576601
v -0.01229398 0.01986730 0.00591149
v -0.01273196 0.02089340 0.00564687
v -0.01347143 0.01886174 0.00348481
v -0.01376043 0.01806770 0.00335098
v -0.01466146 0.01559214 0.00852135
v -0.01445456 0.01616061 0.00912630
v -0.01356587 0.01637280 0.00843351
v -0.01370798 0.01598235 0.00801800
v -0.01288097 0.02048400 0.00839759
v -0.01274813 0.02084898 0.00763531
v -0.01231015 0.01982288 0.00737069
v -0.01240139 0.01957219 0.00789425
v -0.01415152 0.01699321 0.00353208
v -0.01334448 0.01698108 0.00434650
v -0.01410176 0.01712992 0.00965188
v -0.01381275 0.01792396 0.00978572
v -0.01309622 0.01766316 0.00892938
v -0.01329472 0.01711778 0.00883746
v -0.01291172 0.02039951 0.00461535
v -0.01311863 0.01983105 0.00401040
v -0.01257425 0.01909726 0.00470319
v -0.01243214 0.01948771 0.00511869
v -0.01384614 0.01560276 0.00722521
v -0.01387758 0.01551638 0.00664483
v -0.01261658 0.01898097 0.00852342
v -0.01279565 0.01848898 0.00879019
v -0.00995574 -0.01616773 0.01281522
v -0.01522227 -0.01616773 0.01281522
v -0.01522227 -0.01819745 0.01313669
v -0.00995574 -0.01819745 0.01313669
v -0.00995574 -0.02205822 0.01188225
v -0.01522227 -0.02205822 0.01188225
v -0.01522227 -0.02351135 0.01042912
v -0.00995574 -0.02351135 0.01042912
v -0.01522227 -0.02444432 0.00859808
v -0.00995574 -0.02444432 0.00859808
v -0.01522227 -0.02476579 0.00656835
v -0.00995574 -0.02476579 0.00656835
v -0.01522227 -0.02444432 0.00453862
v -0.00995574 -0.02444432 0.00453862
v -0.01522227 -0.02351135 0.00270757
v -0.00995574 -0.02351135 0.00270757
v -0.01522227 -0.02205822 0.00125444
v -0.00995574 -0.02205822 0.00125444
v -0.01522227 -0.02022717 0.00032148
v -0.00995574 -0.02022717 0.00032148
v -0.01522227 -0.01819744 0.00000000
v -0.00995574 -0.01819744 0.00000000
v -0.01522227 -0.01616771 0.00032148
v -0.00995574 -0.01616771 0.00032148
v -0.01522227 -0.01433667 0.00125444
v -0.00995574 -0.01433667 0.00125444
v -0.01522227 -0.01288354 0.00270757
v -0.00995574 -0.01288354 0.00270757
v -0.01522227 -0.01195058 0.00453862
v -0.00995574 -0.01195058 0.00453862
v -0.01522227 -0.01162910 0.00656835
v -0.00995574 -0.01162910 0.00656835
v -0.01522227 -0.01195058 0.00859808
v -0.00995574 -0.01195058 0.00859808
v -0.01522227 -0.01288354 0.01042913
v -0.00995574 -0.01288354 0.01042913
v -0.01522227 -0.01433667 0.01188225
v -0.00995574 -0.01433667 0.01188225
v -0.01522227 -0.02022718 0.01281521
v -0.00995574 -0.02022718 0.01281521
v -0.01601047 -0.01819744 0.01267822
v -0.01601047 -0.02008550 0.01237918
v -0.01601047 -0.02178874 0.01151134
v -0.01601047 -0.02314044 0.01015964
v -0.01601047 -0.02400828 0.00845640
v -0.01601047 -0.02430732 0.00656835
v -0.01601047 -0.02400828 0.00468029
v -0.01601047 -0.02314044 0.00297705
v -0.01601047 -0.02178874 0.00162535
v -0.01601047 -0.02008550 0.00075751
v -0.01601047 -0.01819744 0.00045847
v -0.01601047 -0.01630938 0.00075751
v -0.01601047 -0.01460615 0.00162536
v -0.01601047 -0.01325445 0.00297706
v -0.01601047 -0.01238661 0.00468029
v -0.01601047 -0.01208758 0.00656835
v -0.01601047 -0.01238661 0.00845641
v -0.01601047 -0.01325446 0.01015964
v -0.01601047 -0.01460616 0.01151134
v -0.01601047 -0.01630940 0.01237918
v -0.01601047 -0.02138617 0.00425160
v -0.01601047 -0.02194602 0.00535036
v -0.01487160 -0.02135627 0.00554198
v -0.01487160 -0.02088450 0.00461609
v -0.01601047 -0.01819744 0.01050983
v -0.01601047 -0.01941543 0.01031692
v -0.01601047 -0.02051419 0.00975707
v -0.01601047 -0.02138617 0.00888509
v -0.01601047 -0.02194602 0.00778633
v -0.01601047 -0.02213893 0.00656835
v -0.01601047 -0.02051419 0.00337962
v -0.01601047 -0.01941543 0.00281977
v -0.01601047 -0.01819744 0.00262686
v -0.01601047 -0.01697946 0.00281977
v -0.01601047 -0.01588070 0.00337962
v -0.01601047 -0.01500872 0.00425161
v -0.01601047 -0.01444887 0.00535036
v -0.01601047 -0.01425596 0.00656835
v -0.01601047 -0.01444887 0.00778634
v -0.01601047 -0.01500872 0.00888509
v -0.01601047 -0.01588070 0.00975708
v -0.01601047 -0.01697946 0.01031692
v -0.01394541 -0.02036704 0.00727329
v -0.01394541 -0.02004301 0.00790923
v -0.01346961 -0.01961072 0.00759515
v -0.01346961 -0.01985885 0.00710817
v -0.01487160 -0.01503862 0.00554198
v -0.01487160 -0.01487606 0.00656835
v -0.01487160 -0.02014970 0.00388129
v -0.01487160 -0.01819744 0.00988973
v -0.01487160 -0.01922381 0.00972717
v -0.01487160 -0.01503862 0.00759472
v -0.01487160 -0.01922381 0.00340952
v -0.01487160 -0.02014970 0.00925540
v -0.01487160 -0.01551039 0.00852061
v -0.01487160 -0.01819744 0.00324696
v -0.01487160 -0.02088450 0.00852061
v -0.01487160 -0.01624519 0.00925541
v -0.01487160 -0.01717108 0.00340952
v -0.01487160 -0.02135627 0.00759471
v -0.01487160 -0.01717108 0.00972717
v -0.01487160 -0.01624519 0.00388129
v -0.01487160 -0.02151883 0.00656835
v -0.01487160 -0.01551039 0.00461609
v -0.01465792 -0.01875084 0.00733003
v -0.01465792 -0.01848838 0.00746376
v -0.01528972 -0.01847679 0.00742807
v -0.01528972 -0.01872878 0.00729967
v -0.01394541 -0.01749250 0.00873794
v -0.01394541 -0.01685657 0.00841392
v -0.01346961 -0.01717065 0.00798162
v -0.01346961 -0.01765763 0.00822975
v -0.01394541 -0.01685656 0.00472278
v -0.01394541 -0.01749250 0.00439875
v -0.01346961 -0.01765762 0.00490694
v -0.01346961 -0.01717064 0.00515507
v -0.01394541 -0.02047869 0.00656835
v -0.01346961 -0.01994435 0.00656835
v -0.01394541 -0.01819744 0.00884959
v -0.01346961 -0.01819745 0.00831525
v -0.01394541 -0.01635188 0.00522747
v -0.01346961 -0.01678417 0.00554154
v -0.01394541 -0.02036704 0.00586340
v -0.01346961 -0.01985885 0.00602852
v -0.01394541 -0.01602785 0.00586340
v -0.01346961 -0.01653604 0.00602852
v -0.01394541 -0.02004301 0.00522746
v -0.01346961 -0.01961072 0.00554154
v -0.01394541 -0.01591620 0.00656835
v -0.01346961 -0.01645054 0.00656835
v -0.01394541 -0.01953833 0.00472278
v -0.01346961 -0.01922425 0.00515507
v -0.01394541 -0.01890239 0.00873794
v -0.01346961 -0.01873727 0.00822975
v -0.01394541 -0.01602785 0.00727329
v -0.01346961 -0.01653604 0.00710817
v -0.01394541 -0.01890239 0.00439875
v -0.01346961 -0.01873727 0.00490694
v -0.01394541 -0.01953833 0.00841392
v -0.01346961 -0.01922425 0.00798162
v -0.01394541 -0.01635188 0.00790923
v -0.01346961 -0.01678417 0.00759515
v -0.01394541 -0.01819744 0.00428710
v -0.01346961 -0.01819745 0.00482144
v -0.01346961 -0.01819745 0.00782390
v -0.01346961 -0.01858544 0.00776245
v -0.01346961 -0.01893544 0.00758411
v -0.01346961 -0.01921322 0.00730634
v -0.01346961 -0.01939155 0.00695634
v -0.01346961 -0.01945300 0.00656835
v -0.01346961 -0.01939155 0.00618036
v -0.01346961 -0.01921322 0.00583035
v -0.01346961 -0.01893544 0.00555258
v -0.01346961 -0.01858544 0.00537424
v -0.01346961 -0.01819745 0.00531279
v -0.01346961 -0.01780946 0.00537424
v -0.01346961 -0.01745945 0.00555258
v -0.01346961 -0.01718168 0.00583035
v -0.01346961 -0.01700334 0.00618036
v -0.01346961 -0.01694189 0.00656835
v -0.01346961 -0.01700334 0.00695634
v -0.01346961 -0.01718168 0.00730634
v -0.01346961 -0.01745945 0.00758412
v -0.01346961 -0.01780946 0.00776245
v -0.01465792 -0.01819745 0.00750984
v -0.01465792 -0.01790651 0.00746376
v -0.01528972 -0.01791810 0.00742807
v -0.01528972 -0.01819745 0.00747231
v -0.01465792 -0.01730203 0.00627741
v -0.01465792 -0.01743576 0.00601495
v -0.01528972 -0.01746612 0.00603701
v -0.01528972 -0.01733772 0.00628901
v -0.01465792 -0.01895913 0.00601495
v -0.01465792 -0.01909286 0.00627741
v -0.01528972 -0.01905717 0.00628901
v -0.01528972 -0.01892877 0.00603701
v -0.01465792 -0.01725595 0.00656835
v -0.01528972 -0.01729348 0.00656835
v -0.01465792 -0.01875084 0.00580666
v -0.01528972 -0.01872878 0.00583702
v -0.01465792 -0.01730203 0.00685929
v -0.01528972 -0.01733772 0.00684769
v -0.01465792 -0.01848838 0.00567293
v -0.01528972 -0.01847679 0.00570862
v -0.01465792 -0.01743576 0.00712174
v -0.01528972 -0.01746612 0.00709968
v -0.01465792 -0.01819745 0.00562685
v -0.01528972 -0.01819745 0.00566438
v -0.01465792 -0.01895913 0.00712174
v -0.01528972 -0.01892877 0.00709968
v -0.01465792 -0.01764405 0.00733003
v -0.01528972 -0.01766611 0.00729967
v -0.01465792 -0.01790651 0.00567293
v -0.01528972 -0.01791810 0.00570862
v -0.01465792 -0.01909286 0.00685928
v -0.01528972 -0.01905717 0.00684769
v -0.01465792 -0.01764405 0.00580666
v -0.01528972 -0.01766611 0.00583702
v -0.01465792 -0.01913894 0.00656835
v -0.01528972 -0.01910141 0.00656835
v -0.01548589 -0.01819744 0.00723358
v -0.01548589 -0.01840301 0.00720102
v -0.01548589 -0.01858846 0.00710653
v -0.01548589 -0.01873563 0.00695936
v -0.01548589 -0.01883012 0.00677391
v -0.01548589 -0.01886268 0.00656835
v -0.01548589 -0.01883012 0.00636278
v -0.01548589 -0.01873563 0.00617733
v -0.01548589 -0.01858846 0.00603016
v -0.01548589 -0.01840301 0.00593567
v -0.01548589 -0.01819745 0.00590312
v -0.01548589 -0.01799188 0.00593567
v -0.01548589 -0.01780643 0.00603016
v -0.01548589 -0.01765926 0.00617733
v -0.01548589 -0.01756477 0.00636278
v -0.01548589 -0.01753221 0.00656835
v -0.01548589 -0.01756477 0.00677392
v -0.01548589 -0.01765926 0.00695936
v -0.01548589 -0.01780643 0.00710653
v -0.01548589 -0.01799188 0.00720102
v -0.01374748 -0.02123371 0.00550138
v -0.01374748 -0.02084531 0.00473910
v -0.01298496 -0.01952335 0.00461327
v -0.01374748 -0.02002669 0.00392048
v -0.01298496 -0.01754058 0.00429924
v -0.01298496 -0.01812096 0.00420731
v -0.01374748 -0.01498008 0.00649187
v -0.01298496 -0.01583641 0.00649187
v -0.01374748 -0.01636820 0.00921621
v -0.01374748 -0.01713049 0.00960462
v -0.01374748 -0.02128098 0.00748983
v -0.01374748 -0.02141482 0.00664483
v -0.01298496 -0.02015252 0.00524244
v -0.01298496 -0.02041929 0.00576601
v -0.01298496 -0.01592833 0.00591149
v -0.01374748 -0.01511391 0.00564687
v -0.01374748 -0.01727596 0.00348481
v -0.01374748 -0.01812096 0.00335098
v -0.01374748 -0.02075540 0.00852135
v -0.01374748 -0.02015044 0.00912630
v -0.01298496 -0.01964710 0.00843351
v -0.01298496 -0.02006261 0.00801800
v -0.01374748 -0.01554958 0.00839759
v -0.01374748 -0.01516118 0.00763531
v -0.01298496 -0.01597560 0.00737069
v -0.01298496 -0.01624238 0.00789425
v -0.01374748 -0.01926441 0.00353208
v -0.01298496 -0.01899979 0.00434650
v -0.01374748 -0.01911893 0.00965188
v -0.01374748 -0.01827393 0.00978572
v -0.01298496 -0.01827393 0.00892938
v -0.01298496 -0.01885430 0.00883746
v -0.01374748 -0.01563949 0.00461535
v -0.01374748 -0.01624444 0.00401040
v -0.01298496 -0.01674779 0.00470319
v -0.01298496 -0.01633228 0.00511869
v -0.01298496 -0.02046656 0.00722521
v -0.01298496 -0.02055848 0.00664483
v -0.01298496 -0.01687155 0.00852342
v -0.01298496 -0.01739511 0.00879019
v -0.00014612 -0.03138723 0.02155993
v -0.01232772 -0.03138723 0.02155993
v -0.01377209 0.00874120 0.02154631
v -0.00014612 0.00875004 0.02153195
v -0.00014612 0.00799287 0.02174536
v -0.00500313 0.00798992 0.02175015
v -0.00573748 0.00388610 0.02841033
v -0.00014612 0.00388617 0.02841024
v -0.01126573 0.00396122 0.02879610
v -0.01168790 0.00369416 0.02809009
v -0.01193947 0.00363021 0.02798332
v -0.01143633 0.00375812 0.02819687
v -0.01093319 0.00388603 0.02841041
v -0.01282717 0.00798516 0.02175787
v -0.01325030 0.00767414 0.02182535
v -0.01329963 0.00836318 0.02165209
v -0.01346186 0.00751863 0.02185909
v -0.01352803 -0.00487206 0.02134005
v -0.01332830 -0.00560147 0.02204158
v -0.01300867 -0.00528880 0.02210076
v -0.01316948 -0.00470154 0.02153594
v -0.01175398 -0.00560147 0.02757122
v -0.01151387 -0.00528880 0.02735110
v -0.01155431 -0.00487210 0.02827256
v -0.01135312 -0.00470161 0.02791572
v -0.01155472 0.00140831 0.02827122
v -0.01135351 0.00130991 0.02791443
v -0.01174253 0.00258505 0.02761155
v -0.01152145 0.00236215 0.02732457
v -0.01338272 0.00597962 0.02185043
v -0.01308649 0.00560118 0.02182742
v -0.01352803 0.00567040 0.02134005
v -0.01316948 0.00542459 0.02153594
v -0.01332208 -0.02881471 0.02206341
v -0.01179859 -0.02650144 0.02741435
v -0.01157089 -0.02616314 0.02715063
v -0.01296573 -0.02828105 0.02225158
v -0.01160213 -0.02542609 0.02810438
v -0.01139833 -0.02521858 0.02775673
v -0.01160240 -0.00775697 0.02810365
v -0.01139859 -0.00823439 0.02775603
v -0.01312004 -0.00920904 0.02277304
v -0.01279251 -0.00956808 0.02285998
v -0.01332208 -0.01016508 0.02206341
v -0.01296572 -0.01038774 0.02225158
v -0.00014612 -0.03077206 0.02198785
v -0.00014612 -0.02845465 0.02734825
v -0.00605038 -0.02845477 0.02734804
v -0.00713193 -0.03077206 0.02198785
v -0.01040953 -0.02886119 0.02690552
v -0.01187057 -0.03107965 0.02177389
v -0.01141343 -0.03077206 0.02198785
v -0.01007896 -0.02874581 0.02667488
v -0.00936999 -0.02854262 0.02764242
v -0.00912949 -0.02845484 0.02734793
v -0.00323635 -0.00220844 0.03204511
v -0.00323635 -0.00293925 0.03371781
v -0.00014612 -0.00293925 0.03371781
v -0.00014612 -0.00220844 0.03204511
v -0.00323635 -0.00783837 0.03204511
v -0.00323635 -0.00710756 0.03371781
v -0.00983349 -0.00710756 0.03371781
v -0.01053825 -0.00783837 0.03204511
v -0.00983349 -0.00293925 0.03371781
v -0.01053825 -0.00220844 0.03204511
v -0.00323635 -0.00293925 0.03037241
v -0.00323635 -0.00710756 0.03037241
v -0.00983349 -0.00710756 0.03037241
v -0.00983349 -0.00293925 0.03037241
v -0.00014612 -0.00293925 0.03037241
v -0.00014612 -0.00710756 0.03037241
v -0.00014612 -0.00783837 0.03204511
v -0.00014612 -0.00710756 0.03371781
v -0.01674842 0.00457835 0.01980337
v -0.01695488 0.00457835 0.01976697
v -0.01702988 0.00495815 0.01997302
v -0.01674842 0.00495815 0.02002265
v -0.01674842 0.00419855 0.02046121
v -0.01717987 0.00419855 0.02038514
v -0.01702988 0.00419855 0.01997302
v -0.01674842 0.00419855 0.02002265
v -0.01717987 0.00495815 0.02038514
v -0.01674842 0.00495815 0.02046121
v -0.01713643 0.00457835 0.01966215
v -0.01727738 0.00495815 0.01983013
v -0.01755929 0.00419855 0.02016608
v -0.01727738 0.00419855 0.01983013
v -0.01755929 0.00495815 0.02016608
v -0.01746109 0.00419855 0.01961119
v -0.01727119 0.00457835 0.01950155
v -0.01784089 0.00495815 0.01983047
v -0.01803079 0.00457835 0.01994011
v -0.01770023 0.00457835 0.02033406
v -0.01746109 0.00495815 0.01961119
v -0.01784089 0.00419855 0.01983047
v -0.01820668 0.00457835 0.01945687
v -0.01799074 0.00419855 0.01941879
v -0.01755884 0.00419855 0.01934263
v -0.01755884 0.00495815 0.01934263
v -0.01799074 0.00495815 0.01941879
v -0.01734289 0.00457835 0.01930455
v -0.01799074 0.00495815 0.01898068
v -0.01820668 0.00457835 0.01894261
v -0.01734289 0.00457835 0.01909491
v -0.01755884 0.00495815 0.01905684
v -0.01799074 0.00419855 0.01898068
v -0.01755884 0.00419855 0.01905684
v -0.01784089 0.00419855 0.01856899
v -0.01746109 0.00419855 0.01878827
v -0.01746109 0.00495815 0.01878827
v -0.01784089 0.00495815 0.01856899
v -0.01727119 0.00457835 0.01889792
v -0.01803080 0.00457835 0.01845936
v -0.01755929 0.00495815 0.01823338
v -0.01770023 0.00457835 0.01806541
v -0.01713643 0.00457835 0.01873732
v -0.01727738 0.00495815 0.01856934
v -0.01755929 0.00419855 0.01823338
v -0.01727738 0.00419855 0.01856934
v -0.01293490 0.00419858 0.01625748
v -0.01278490 0.00419858 0.01666960
v -0.01278490 0.00495819 0.01666960
v -0.01293490 0.00495819 0.01625748
v -0.01270990 0.00457839 0.01687565
v -0.01300990 0.00457839 0.01605143
v -0.01272135 0.00495815 0.02002265
v -0.01272135 0.00457835 0.01980337
v -0.01272136 0.00419855 0.02002265
v -0.01272136 0.00419855 0.02046121
v -0.01272135 0.00495815 0.02046121
v -0.01675325 0.00435542 0.02051094
v -0.01641229 0.00457835 0.02068049
v -0.01675325 0.00480128 0.02051094
v -0.01666231 0.00457835 0.02052697
v -0.01719234 0.00480128 0.02043351
v -0.01754597 0.00457835 0.02042312
v -0.01719234 0.00435542 0.02043351
v -0.01728328 0.00457835 0.02041748
v -0.01728328 0.00457835 0.02139903
v -0.01719234 0.00480128 0.02141506
v -0.01697280 0.00426308 0.02047222
v -0.01697280 0.00426308 0.02145377
v -0.01719234 0.00435542 0.02141506
v -0.01697280 0.00489362 0.02145377
v -0.01697280 0.00489362 0.02047222
v -0.01675325 0.00480128 0.02149248
v -0.01666231 0.00457835 0.02150852
v -0.01675325 0.00435542 0.02149248
v -0.01860698 0.00359373 0.02389672
v -0.01860698 0.00437725 0.02389672
v -0.01919100 0.00437725 0.02331270
v -0.01919100 0.00359373 0.02331270
v -0.01549074 0.00359373 0.02350861
v -0.01844622 0.00359373 0.02350861
v -0.01828726 0.00392371 0.02338613
v -0.01564970 0.00392371 0.02338613
v -0.01532998 0.00359373 0.02084328
v -0.01532998 0.00437725 0.02084328
v -0.01474595 0.00437725 0.02142730
v -0.01474595 0.00359373 0.02142730
v -0.01919100 0.00359373 0.02142730
v -0.01919100 0.00437725 0.02142730
v -0.01532998 0.00437725 0.02389672
v -0.01532998 0.00359373 0.02389672
v -0.01474595 0.00359373 0.02331270
v -0.01474595 0.00437725 0.02331270
v -0.01860698 0.00359373 0.02084328
v -0.01860698 0.00437725 0.02084328
v -0.01591165 0.00509334 0.02136294
v -0.01585084 0.00509334 0.02142375
v -0.01585084 0.00509334 0.02238620
v -0.01591165 0.00509334 0.02244702
v -0.01808612 0.00509334 0.02142375
v -0.01802531 0.00509334 0.02136294
v -0.01802531 0.00509334 0.02244702
v -0.01808612 0.00509334 0.02238620
v -0.01513406 0.00359373 0.02158806
v -0.01549074 0.00359373 0.02123139
v -0.01513406 0.00359373 0.02315194
v -0.01844622 0.00359373 0.02123139
v -0.01880289 0.00359373 0.02158806
v -0.01880289 0.00359373 0.02315194
v -0.01564970 0.00392371 0.02135387
v -0.01828726 0.00392371 0.02135387
v -0.01860556 0.00392371 0.02167217
v -0.01533139 0.00392371 0.02167217
v -0.01533139 0.00392371 0.02306782
v -0.01860556 0.00392371 0.02306782
v -0.01510348 -0.00291149 0.01888607
v -0.01492623 -0.00291149 0.01989130
v -0.01368966 -0.00291149 0.01967326
v -0.01386691 -0.00291149 0.01866803
v -0.01386691 -0.00536505 0.01866803
v -0.01368966 -0.00536505 0.01967326
v -0.01492623 -0.00536505 0.01989130
v -0.01510348 -0.00536505 0.01888607
v -0.01367343 0.00736312 0.02189283
v -0.00014612 0.00396137 0.02879591
v -0.00014612 0.00837146 0.02163866
v -0.01367844 -0.02934837 0.02187523
v -0.01180621 -0.00727955 0.02845127
v -0.00014612 -0.02863018 0.02793727
v -0.00014612 -0.02854242 0.02764276
v -0.00014612 -0.03107965 0.02177389
v 0.01456639 -0.00651943 0.01280183
v 0.01456639 0.00898899 0.01280183
v 0.01456639 0.00898899 0.01828706
v 0.01456639 -0.00651943 0.01828706
v 0.01420479 0.02878225 0.01280183
v 0.01420479 0.02878225 0.01828706
v 0.01359434 0.00898899 0.02114416
v 0.01349816 0.02759470 0.02041635
v 0.01456639 0.00898899 0.00738522
v 0.01456639 -0.00651943 0.00738522
v 0.01456639 -0.00651943 0.01009353
v 0.01456639 0.00898899 0.01009353
v 0.01420479 0.02800607 0.00833389
v 0.01456639 -0.03264299 0.00850638
v 0.01456639 -0.03255675 0.01280183
v 0.01456639 -0.03255675 0.01828706
v 0.01359434 -0.03156698 0.02114416
v 0.00932016 -0.00651943 0.03042619
v 0.00932016 0.00146666 0.03042619
v 0.00932016 -0.02625601 0.03042619
v 0.01130553 -0.02809164 0.02918316
v 0.01130603 0.00403640 0.02918178
v 0.01432828 0.02202233 0.01347044
v 0.01445707 0.01497272 0.01347044
v 0.00718942 0.01497272 0.01347044
v 0.00718942 0.02202233 0.01347044
v 0.01450609 0.01216036 0.01122338
v 0.01454503 0.01011207 0.00744125
v 0.00718942 0.01011207 0.00744125
v 0.00718942 0.01216036 0.01122338
v 0.01456639 -0.01451153 0.01347044
v 0.01456639 -0.02156114 0.01347044
v 0.00718942 -0.02156114 0.01347044
v 0.00718942 -0.01451153 0.01347044
v 0.00718942 0.02598086 0.00823286
v 0.01424330 0.02598086 0.00823286
v 0.01427189 0.02483469 0.01122338
v 0.00718942 0.02483469 0.01122338
v 0.01456639 -0.02437350 0.01122338
v 0.01456639 -0.02601299 0.00819608
v 0.00718942 -0.02601299 0.00819608
v 0.00718942 -0.02437350 0.01122338
v 0.01456639 -0.01169916 0.01122338
v 0.00718942 -0.01169916 0.01122338
v 0.00718942 -0.01028696 0.00753874
v 0.01456639 -0.01028696 0.00753874
v 0.00485099 0.02976457 0.01267867
v 0.00361461 0.02976457 0.01267867
v 0.00361461 0.02976457 0.01357454
v 0.00485099 0.02976457 0.01357454
v 0.00925941 0.02818122 0.01678656
v 0.00925941 0.02976457 0.01678656
v 0.00925941 0.02976457 0.01768243
v 0.00925941 0.02818122 0.01768243
v 0.00925941 0.02818122 0.01299835
v 0.00925941 0.02976457 0.01299835
v 0.00925941 0.02976457 0.01357454
v 0.00925941 0.02818122 0.01357454
v 0.00810303 0.02818122 0.01768243
v 0.00810303 0.02976457 0.01768243
v 0.00810303 0.02976457 0.01267867
v 0.00860317 0.02976457 0.01267867
v 0.00860317 0.02818122 0.01267867
v 0.00810303 0.02818122 0.01267867
v 0.00361461 0.02818122 0.01267867
v 0.00361461 0.02818122 0.01768243
v 0.00485099 0.02818122 0.01768243
v 0.00485099 0.02976457 0.01768243
v 0.00361461 0.02976457 0.01768243
v 0.00485099 0.02818122 0.01267867
v 0.00810303 0.02976457 0.01357454
v 0.00361461 0.02976457 0.01678656
v 0.00810303 0.02976457 0.01678656
v 0.00485099 0.02976457 0.01678656
v 0.00485099 0.02976457 0.01568269
v 0.00361461 0.02976457 0.01568269
v 0.00925941 0.02976457 0.01568269
v 0.00810303 0.02976457 0.01568269
v 0.00925941 0.02818122 0.01568269
v 0.00925941 0.02976457 0.01467841
v 0.00925941 0.02818122 0.01467841
v 0.00361461 0.02976457 0.01467841
v 0.00810303 0.02976457 0.01467841
v 0.00485099 0.02976457 0.01467841
v 0.00361461 0.02887965 0.01568269
v 0.00361461 0.02887965 0.01357454
v 0.00485099 0.02887965 0.01357454
v 0.00810303 0.02887965 0.01357454
v 0.00485099 0.02887965 0.01568269
v 0.00810303 0.02887965 0.01568269
v 0.00361461 0.02887965 0.01678656
v 0.00810303 0.02887965 0.01678656
v 0.00485099 0.02887965 0.01678656
v 0.00485099 0.02887965 0.01467841
v 0.00361461 0.02887965 0.01467841
v 0.00810303 0.02887965 0.01467841
v 0.00117404 0.02908460 0.01488229
v 0.00117404 0.03013933 0.01488229
v 0.00117404 0.03013933 0.01547881
v 0.00117404 0.02908460 0.01547881
v 0.00069147 0.02908460 0.01596138
v 0.00069147 0.03013933 0.01596138
v 0.00097715 0.03013933 0.01497334
v 0.00097715 0.03013933 0.01538776
v 0.00069147 0.03013933 0.01439972
v 0.00069147 0.02908460 0.01439972
v 0.01484682 -0.03259679 0.01429935
v 0.01484682 -0.03139368 0.01429935
v 0.01484682 -0.03139368 0.01798744
v 0.01484682 -0.03259679 0.01798744
v 0.01452287 -0.03292076 0.01798744
v 0.01452287 -0.03292076 0.01429935
v 0.01271476 -0.03106972 0.01429935
v 0.01271476 -0.03259679 0.01429935
v 0.01271476 -0.03259679 0.01798744
v 0.01271476 -0.03106972 0.01798744
v 0.01452287 -0.03106972 0.01429935
v 0.01452287 -0.03106972 0.01798744
v 0.01303871 -0.03292076 0.01429935
v 0.01303871 -0.03292076 0.01798744
v 0.01271476 -0.03259679 0.01310146
v 0.01303871 -0.03292076 0.01310146
v 0.01452287 -0.03292076 0.01310146
v 0.01484682 -0.03259679 0.01310146
v 0.01484682 -0.03139368 0.01310146
v 0.01452287 -0.03106972 0.01310146
v 0.01271476 -0.03106972 0.01310146
v 0.00085084 0.02998362 0.01533841
v 0.00059544 0.02998362 0.01559381
v 0.00064189 0.03013933 0.01572303
v 0.00064189 0.03013933 0.01463808
v 0.00059544 0.02998362 0.01476729
v 0.00085084 0.02998362 0.01502270
v 0.01564011 0.02461356 0.01185973
v 0.01564011 0.02412420 0.01270734
v 0.01479091 0.03030312 0.01185973
v 0.01479153 0.03030312 0.01270734
v 0.01503442 0.02579207 0.00882919
v 0.01503442 0.02928266 0.00882919
v 0.01564011 0.02946833 0.01038477
v 0.01564011 0.02521922 0.01038477
v 0.01478900 0.03030312 0.01038477
v 0.01564011 0.02946851 0.01185973
v 0.01564011 0.02946856 0.01270734
v 0.01418186 0.03011757 0.00882919
v 0.01427189 0.02538902 0.01191716
v 0.01532113 0.02538902 0.01191716
v 0.01532113 0.02483469 0.01122338
v 0.01456639 -0.00945774 0.00750407
v 0.01561562 -0.00945774 0.00750407
v 0.01561562 -0.01028696 0.00753874
v 0.01537752 0.02202233 0.01347044
v 0.01537752 0.02231298 0.01430957
v 0.01550630 0.01467599 0.01430744
v 0.01550630 0.01497272 0.01347044
v 0.01561562 -0.02601299 0.00819608
v 0.01561562 -0.02679387 0.00822872
v 0.01456639 -0.02679387 0.00822872
v 0.01456639 -0.01098231 0.01174752
v 0.01456639 -0.02185483 0.01430851
v 0.01456639 -0.01421784 0.01430851
v 0.01561562 -0.01421784 0.01430851
v 0.01561562 -0.01098231 0.01174752
v 0.01456639 -0.02505470 0.01179310
v 0.01559426 0.01011207 0.00744125
v 0.01559426 0.00933120 0.00740231
v 0.01454503 0.00933120 0.00740231
v 0.01561562 -0.01169916 0.01122338
v 0.01561562 -0.02437350 0.01122338
v 0.01561562 -0.02156114 0.01347044
v 0.01561562 -0.02185483 0.01430851
v 0.01561562 -0.02505470 0.01179310
v 0.01445707 0.01468207 0.01430957
v 0.01432828 0.02231907 0.01430744
v 0.01555532 0.01147833 0.01179211
v 0.01555532 0.01216036 0.01122338
v 0.01450609 0.01147998 0.01179408
v 0.01561562 -0.01451153 0.01347044
v 0.00239925 -0.03218036 0.01009251
v 0.00239925 -0.03218036 0.01101908
v 0.01400835 -0.03444256 0.01009251
v 0.01461775 -0.03444256 0.01009251
v 0.01461775 -0.03444256 0.01101908
v 0.01400835 -0.03444256 0.01101908
v 0.00239925 -0.03336509 0.01009251
v 0.00412294 -0.03444256 0.01009251
v 0.00412294 -0.03444256 0.01101908
v 0.00239925 -0.03336509 0.01101908
v 0.01400835 -0.03218036 0.01101908
v 0.00412294 -0.03218036 0.01101908
v 0.00412294 -0.03218036 0.00786873
v 0.01400835 -0.03218036 0.00786873
v 0.01400835 -0.03444256 0.00786873
v 0.00412294 -0.03444256 0.00786873
v 0.01400835 -0.03218036 0.00904239
v 0.01400835 -0.03036178 0.00904239
v 0.01400835 -0.03036178 0.00786873
v 0.01553553 -0.03036178 0.01009251
v 0.01400835 -0.03036178 0.01009251
v 0.01400835 -0.03036178 0.01101908
v 0.01553553 -0.03036178 0.01101908
v 0.01553553 -0.03218036 0.01101908
v 0.01553553 -0.03036178 0.00786873
v 0.01553553 -0.03218036 0.00786873
v 0.01553553 -0.03218036 0.01009251
v 0.01553553 -0.03352478 0.00904239
v 0.01461775 -0.03444256 0.00904239
v 0.01461775 -0.03444256 0.00786873
v 0.01553553 -0.03352478 0.00786873
v 0.01553553 -0.03352478 0.01009251
v 0.01553553 -0.03352478 0.01101908
v 0.00239925 -0.03218036 0.00786873
v 0.00239925 -0.03336509 0.00786873
v 0.01400835 -0.03218036 0.01009251
v 0.00412294 -0.03218036 0.01009251
v 0.00239925 -0.03218036 0.00904239
v 0.00412294 -0.03218036 0.00904239
v 0.00239925 -0.03336509 0.00904239
v 0.01553553 -0.03218036 0.00904239
v 0.01553553 -0.03036178 0.00904239
v 0.01400835 -0.03444256 0.00904239
v 0.00412294 -0.03444256 0.00904239
v 0.01062550 0.02164373 0.01281522
v 0.00993130 0.01973642 0.01313669
v 0.01488022 0.01793515 0.01313669
v 0.01557442 0.01984247 0.01281522
v 0.00861083 0.01610847 0.01188225
v 0.00811383 0.01474298 0.01042912
v 0.01306276 0.01294172 0.01042912
v 0.01355975 0.01430721 0.01188225
v 0.00779474 0.01386628 0.00859808
v 0.01274366 0.01206502 0.00859808
v 0.00768479 0.01356419 0.00656835
v 0.01263371 0.01176293 0.00656835
v 0.00779474 0.01386628 0.00453862
v 0.01274366 0.01206502 0.00453862
v 0.00811383 0.01474298 0.00270757
v 0.01306276 0.01294172 0.00270757
v 0.00861083 0.01610847 0.00125444
v 0.01355975 0.01430721 0.00125444
v 0.00923709 0.01782909 0.00032148
v 0.01418601 0.01602783 0.00032148
v 0.00993130 0.01973642 0.00000000
v 0.01488022 0.01793516 0.00000000
v 0.01062551 0.02164374 0.00032148
v 0.01557443 0.01984248 0.00032148
v 0.01125176 0.02336436 0.00125444
v 0.01620068 0.02156310 0.00125444
v 0.01174876 0.02472985 0.00270757
v 0.01669768 0.02292859 0.00270757
v 0.01206785 0.02560655 0.00453862
v 0.01701677 0.02380529 0.00453862
v 0.01217780 0.02590864 0.00656835
v 0.01712672 0.02410738 0.00656835
v 0.01206785 0.02560655 0.00859808
v 0.01701677 0.02380529 0.00859808
v 0.01174876 0.02472985 0.01042913
v 0.01669768 0.02292859 0.01042913
v 0.01125176 0.02336435 0.01188225
v 0.01620068 0.02156309 0.01188225
v 0.00923709 0.01782909 0.01281521
v 0.01418601 0.01602783 0.01281521
v 0.01497513 0.01589138 0.01237918
v 0.01562088 0.01766558 0.01267822
v 0.01439258 0.01429086 0.01151134
v 0.01393028 0.01302068 0.01015964
v 0.01363346 0.01220518 0.00845640
v 0.01353118 0.01192417 0.00656835
v 0.01363346 0.01220518 0.00468029
v 0.01393028 0.01302068 0.00297705
v 0.01439258 0.01429086 0.00162535
v 0.01497513 0.01589138 0.00075751
v 0.01562088 0.01766558 0.00045847
v 0.01626664 0.01943977 0.00075751
v 0.01684918 0.02104029 0.00162536
v 0.01731148 0.02231047 0.00297706
v 0.01760830 0.02312598 0.00468029
v 0.01771058 0.02340698 0.00656835
v 0.01760830 0.02312598 0.00845641
v 0.01731148 0.02231047 0.01015964
v 0.01684917 0.02104028 0.01151134
v 0.01626663 0.01943976 0.01237918
v 0.01453027 0.01466915 0.00425160
v 0.01363166 0.01553009 0.00461609
v 0.01347031 0.01508677 0.00554198
v 0.01433879 0.01414307 0.00535036
v 0.01562088 0.01766558 0.01050983
v 0.01520430 0.01652104 0.01031692
v 0.01482851 0.01548855 0.00975707
v 0.01453027 0.01466915 0.00888509
v 0.01433879 0.01414307 0.00778633
v 0.01427281 0.01396179 0.00656835
v 0.01482851 0.01548855 0.00337962
v 0.01520430 0.01652104 0.00281977
v 0.01562088 0.01766558 0.00262686
v 0.01603746 0.01881011 0.00281977
v 0.01641326 0.01984261 0.00337962
v 0.01671149 0.02066200 0.00425161
v 0.01690297 0.02118808 0.00535036
v 0.01696895 0.02136936 0.00656835
v 0.01690297 0.02118808 0.00778634
v 0.01671149 0.02066200 0.00888509
v 0.01641325 0.01984260 0.00975708
v 0.01603745 0.01881010 0.01031692
v 0.01293832 0.01633311 0.00727329
v 0.01266502 0.01697339 0.00710817
v 0.01274989 0.01720656 0.00759515
v 0.01304914 0.01663760 0.00790923
v 0.01568667 0.02117617 0.00656835
v 0.01563107 0.02102342 0.00554198
v 0.01388298 0.01622057 0.00388129
v 0.01419965 0.01709062 0.00972717
v 0.01455069 0.01805509 0.00988973
v 0.01563107 0.02102342 0.00759472
v 0.01419965 0.01709062 0.00340952
v 0.01388298 0.01622057 0.00925540
v 0.01546972 0.02058010 0.00852061
v 0.01455069 0.01805509 0.00324696
v 0.01363166 0.01553009 0.00852061
v 0.01521840 0.01988961 0.00925541
v 0.01490173 0.01901957 0.00340952
v 0.01347031 0.01508677 0.00759471
v 0.01490172 0.01901956 0.00972717
v 0.01521840 0.01988962 0.00388129
v 0.01341471 0.01493401 0.00656835
v 0.01546972 0.02058010 0.00461609
v 0.01416063 0.01760815 0.00733003
v 0.01476187 0.01741279 0.00729967
v 0.01484806 0.01764959 0.00742807
v 0.01425039 0.01785478 0.00746376
v 0.01392147 0.01903429 0.00873794
v 0.01341788 0.01904186 0.00822975
v 0.01358444 0.01949948 0.00798162
v 0.01413897 0.01963188 0.00841392
v 0.01413897 0.01963188 0.00472278
v 0.01358444 0.01949948 0.00515507
v 0.01341789 0.01904187 0.00490694
v 0.01392147 0.01903430 0.00439875
v 0.01290013 0.01622819 0.00656835
v 0.01263578 0.01689305 0.00656835
v 0.01368036 0.01837187 0.00884959
v 0.01323325 0.01853460 0.00831525
v 0.01431158 0.02010613 0.00522747
v 0.01371662 0.01986264 0.00554154
v 0.01293832 0.01633311 0.00586340
v 0.01266502 0.01697339 0.00602852
v 0.01442241 0.02041062 0.00586340
v 0.01380149 0.02009581 0.00602852
v 0.01304914 0.01663760 0.00522746
v 0.01274989 0.01720656 0.00554154
v 0.01446060 0.02051554 0.00656835
v 0.01383073 0.02017615 0.00656835
v 0.01322175 0.01711185 0.00472278
v 0.01288207 0.01756972 0.00515507
v 0.01343926 0.01770943 0.00873794
v 0.01304862 0.01802733 0.00822975
v 0.01442241 0.02041062 0.00727329
v 0.01380149 0.02009581 0.00710817
v 0.01343926 0.01770943 0.00439875
v 0.01304862 0.01802733 0.00490694
v 0.01322175 0.01711185 0.00841392
v 0.01288207 0.01756972 0.00798162
v 0.01431158 0.02010613 0.00790923
v 0.01371662 0.01986264 0.00759515
v 0.01368036 0.01837187 0.00428710
v 0.01323325 0.01853460 0.00482144
v 0.01323325 0.01853460 0.00782390
v 0.01310055 0.01817001 0.00776245
v 0.01298085 0.01784111 0.00758411
v 0.01288584 0.01758009 0.00730634
v 0.01282485 0.01741251 0.00695634
v 0.01280383 0.01735476 0.00656835
v 0.01282485 0.01741251 0.00618036
v 0.01288584 0.01758009 0.00583035
v 0.01298085 0.01784111 0.00555258
v 0.01310055 0.01817001 0.00537424
v 0.01323325 0.01853460 0.00531279
v 0.01336595 0.01889919 0.00537424
v 0.01348566 0.01922809 0.00555258
v 0.01358067 0.01948911 0.00583035
v 0.01364166 0.01965669 0.00618036
v 0.01366268 0.01971444 0.00656835
v 0.01364166 0.01965669 0.00695634
v 0.01358067 0.01948911 0.00730634
v 0.01348566 0.01922809 0.00758412
v 0.01336595 0.01889919 0.00776245
v 0.01434990 0.01812817 0.00750984
v 0.01494360 0.01791209 0.00747231
v 0.01503914 0.01817458 0.00742807
v 0.01444941 0.01840157 0.00746376
v 0.01465615 0.01896959 0.00627741
v 0.01523764 0.01871996 0.00628901
v 0.01519373 0.01859931 0.00603701
v 0.01461041 0.01884392 0.00601495
v 0.01408939 0.01741242 0.00601495
v 0.01469347 0.01722486 0.00603701
v 0.01464956 0.01710421 0.00628901
v 0.01404365 0.01728676 0.00627741
v 0.01467191 0.01901289 0.00656835
v 0.01525278 0.01876154 0.00656835
v 0.01416063 0.01760815 0.00580666
v 0.01476187 0.01741279 0.00583702
v 0.01465615 0.01896959 0.00685929
v 0.01523764 0.01871996 0.00684769
v 0.01425039 0.01785478 0.00567293
v 0.01484806 0.01764959 0.00570862
v 0.01461041 0.01884392 0.00712174
v 0.01519373 0.01859931 0.00709968
v 0.01434990 0.01812817 0.00562685
v 0.01494360 0.01791209 0.00566438
v 0.01408939 0.01741242 0.00712174
v 0.01469347 0.01722486 0.00709968
v 0.01453917 0.01864819 0.00733003
v 0.01512533 0.01841138 0.00729967
v 0.01444941 0.01840157 0.00567293
v 0.01503914 0.01817458 0.00570862
v 0.01404365 0.01728676 0.00685928
v 0.01464956 0.01710421 0.00684769
v 0.01453917 0.01864820 0.00580666
v 0.01512533 0.01841138 0.00583702
v 0.01402789 0.01724346 0.00656835
v 0.01463443 0.01706263 0.00656835
v 0.01512794 0.01784499 0.00723358
v 0.01505763 0.01765182 0.00720102
v 0.01499420 0.01747756 0.00710653
v 0.01494387 0.01733927 0.00695936
v 0.01491155 0.01725048 0.00677391
v 0.01490042 0.01721988 0.00656835
v 0.01491155 0.01725048 0.00636278
v 0.01494387 0.01733927 0.00617733
v 0.01499420 0.01747756 0.00603016
v 0.01505763 0.01765182 0.00593567
v 0.01512794 0.01784499 0.00590312
v 0.01519825 0.01803817 0.00593567
v 0.01526167 0.01821243 0.00603016
v 0.01531201 0.01835072 0.00617733
v 0.01534432 0.01843951 0.00636278
v 0.01535546 0.01847010 0.00656835
v 0.01534432 0.01843951 0.00677392
v 0.01531201 0.01835072 0.00695936
v 0.01526167 0.01821242 0.00710653
v 0.01519825 0.01803816 0.00720102
v 0.01258874 0.01595139 0.00473910
v 0.01245590 0.01558641 0.00550138
v 0.01286872 0.01672064 0.00392048
v 0.01232434 0.01745442 0.00461327
v 0.01280399 0.01877223 0.00420731
v 0.01300249 0.01931761 0.00429924
v 0.01358535 0.02091901 0.00649187
v 0.01459477 0.02146290 0.00649187
v 0.01385928 0.01944218 0.00960462
v 0.01412000 0.02015849 0.00921621
v 0.01239395 0.01541623 0.00664483
v 0.01243973 0.01554199 0.00748983
v 0.01210916 0.01686319 0.00524244
v 0.01201792 0.01661251 0.00576601
v 0.01454899 0.02133714 0.00564687
v 0.01355391 0.02083263 0.00591149
v 0.01380953 0.01930548 0.00348481
v 0.01352052 0.01851144 0.00335098
v 0.01261949 0.01603588 0.00852135
v 0.01213991 0.01694768 0.00801800
v 0.01228202 0.01733813 0.00843351
v 0.01282640 0.01660435 0.00912630
v 0.01439998 0.02092774 0.00839759
v 0.01344650 0.02053753 0.00789425
v 0.01353774 0.02078821 0.00737069
v 0.01453283 0.02129272 0.00763531
v 0.01312944 0.01743695 0.00353208
v 0.01250341 0.01794641 0.00434650
v 0.01317920 0.01757366 0.00965188
v 0.01255317 0.01808312 0.00883746
v 0.01275167 0.01862849 0.00892938
v 0.01346820 0.01836770 0.00978572
v 0.01436923 0.02084325 0.00461535
v 0.01341575 0.02045304 0.00511869
v 0.01327364 0.02006259 0.00470319
v 0.01416233 0.02027479 0.00401040
v 0.01197031 0.01648171 0.00664483
v 0.01200175 0.01656809 0.00722521
v 0.01305225 0.01945431 0.00879019
v 0.01323131 0.01994630 0.00852342
v 0.00966350 -0.01616773 0.01281522
v 0.00966350 -0.01819745 0.01313669
v 0.01493004 -0.01819745 0.01313669
v 0.01493004 -0.01616773 0.01281522
v 0.00966350 -0.02205822 0.01188225
v 0.00966350 -0.02351135 0.01042912
v 0.01493004 -0.02351135 0.01042912
v 0.01493004 -0.02205822 0.01188225
v 0.00966350 -0.02444432 0.00859808
v 0.01493004 -0.02444432 0.00859808
v 0.00966350 -0.02476579 0.00656835
v 0.01493004 -0.02476579 0.00656835
v 0.00966350 -0.02444432 0.00453862
v 0.01493004 -0.02444432 0.00453862
v 0.00966350 -0.02351135 0.00270757
v 0.01493004 -0.02351135 0.00270757
v 0.00966350 -0.02205822 0.00125444
v 0.01493004 -0.02205822 0.00125444
v 0.00966350 -0.02022717 0.00032148
v 0.01493004 -0.02022717 0.00032148
v 0.00966350 -0.01819744 0.00000000
v 0.01493004 -0.01819744 0.00000000
v 0.00966350 -0.01616771 0.00032148
v 0.01493004 -0.01616771 0.00032148
v 0.00966350 -0.01433667 0.00125444
v 0.01493004 -0.01433667 0.00125444
v 0.00966350 -0.01288354 0.00270757
v 0.01493004 -0.01288354 0.00270757
v 0.00966350 -0.01195058 0.00453862
v 0.01493004 -0.01195058 0.00453862
v 0.00966350 -0.01162910 0.00656835
v 0.01493004 -0.01162910 0.00656835
v 0.00966350 -0.01195058 0.00859808
v 0.01493004 -0.01195058 0.00859808
v 0.00966350 -0.01288354 0.01042913
v 0.01493004 -0.01288354 0.01042913
v 0.00966350 -0.01433667 0.01188225
v 0.01493004 -0.01433667 0.01188225
v 0.00966350 -0.02022718 0.01281521
v 0.01493004 -0.02022718 0.01281521
v 0.01571823 -0.02008550 0.01237918
v 0.01571823 -0.01819744 0.01267822
v 0.01571823 -0.02178874 0.01151134
v 0.01571823 -0.02314044 0.01015964
v 0.01571823 -0.02400828 0.00845640
v 0.01571823 -0.02430732 0.00656835
v 0.01571823 -0.02400828 0.00468029
v 0.01571823 -0.02314044 0.00297705
v 0.01571823 -0.02178874 0.00162535
v 0.01571823 -0.02008550 0.00075751
v 0.01571823 -0.01819744 0.00045847
v 0.01571823 -0.01630938 0.00075751
v 0.01571823 -0.01460615 0.00162536
v 0.01571823 -0.01325445 0.00297706
v 0.01571823 -0.01238661 0.00468029
v 0.01571823 -0.01208758 0.00656835
v 0.01571823 -0.01238661 0.00845641
v 0.01571823 -0.01325446 0.01015964
v 0.01571823 -0.01460616 0.01151134
v 0.01571823 -0.01630940 0.01237918
v 0.01571823 -0.02138617 0.00425160
v 0.01457936 -0.02088450 0.00461609
v 0.01457936 -0.02135627 0.00554198
v 0.01571823 -0.02194602 0.00535036
v 0.01571823 -0.01819744 0.01050983
v 0.01571823 -0.01941543 0.01031692
v 0.01571823 -0.02051419 0.00975707
v 0.01571823 -0.02138617 0.00888509
v 0.01571823 -0.02194602 0.00778633
v 0.01571823 -0.02213893 0.00656835
v 0.01571823 -0.02051419 0.00337962
v 0.01571823 -0.01941543 0.00281977
v 0.01571823 -0.01819744 0.00262686
v 0.01571823 -0.01697946 0.00281977
v 0.01571823 -0.01588070 0.00337962
v 0.01571823 -0.01500872 0.00425161
v 0.01571823 -0.01444887 0.00535036
v 0.01571823 -0.01425596 0.00656835
v 0.01571823 -0.01444887 0.00778634
v 0.01571823 -0.01500872 0.00888509
v 0.01571823 -0.01588070 0.00975708
v 0.01571823 -0.01697946 0.01031692
v 0.01365318 -0.02036704 0.00727329
v 0.01317738 -0.01985885 0.00710817
v 0.01317738 -0.01961072 0.00759515
v 0.01365318 -0.02004301 0.00790923
v 0.01457936 -0.01487606 0.00656835
v 0.01457936 -0.01503862 0.00554198
v 0.01457936 -0.02014970 0.00388129
v 0.01457936 -0.01922381 0.00972717
v 0.01457936 -0.01819744 0.00988973
v 0.01457936 -0.01503862 0.00759472
v 0.01457936 -0.01922381 0.00340952
v 0.01457936 -0.02014970 0.00925540
v 0.01457936 -0.01551039 0.00852061
v 0.01457936 -0.01819744 0.00324696
v 0.01457936 -0.02088450 0.00852061
v 0.01457936 -0.01624519 0.00925541
v 0.01457936 -0.01717108 0.00340952
v 0.01457936 -0.02135627 0.00759471
v 0.01457936 -0.01717108 0.00972717
v 0.01457936 -0.01624519 0.00388129
v 0.01457936 -0.02151883 0.00656835
v 0.01457936 -0.01551039 0.00461609
v 0.01436569 -0.01875084 0.00733003
v 0.01499749 -0.01872878 0.00729967
v 0.01499749 -0.01847679 0.00742807
v 0.01436569 -0.01848838 0.00746376
v 0.01365318 -0.01749250 0.00873794
v 0.01317738 -0.01765763 0.00822975
v 0.01317738 -0.01717065 0.00798162
v 0.01365318 -0.01685657 0.00841392
v 0.01365318 -0.01685656 0.00472278
v 0.01317738 -0.01717064 0.00515507
v 0.01317738 -0.01765762 0.00490694
v 0.01365318 -0.01749250 0.00439875
v 0.01365318 -0.02047869 0.00656835
v 0.01317738 -0.01994435 0.00656835
v 0.01365318 -0.01819744 0.00884959
v 0.01317738 -0.01819745 0.00831525
v 0.01365318 -0.01635188 0.00522747
v 0.01317738 -0.01678417 0.00554154
v 0.01365318 -0.02036704 0.00586340
v 0.01317738 -0.01985885 0.00602852
v 0.01365318 -0.01602785 0.00586340
v 0.01317738 -0.01653604 0.00602852
v 0.01365318 -0.02004301 0.00522746
v 0.01317738 -0.01961072 0.00554154
v 0.01365318 -0.01591620 0.00656835
v 0.01317738 -0.01645054 0.00656835
v 0.01365318 -0.01953833 0.00472278
v 0.01317738 -0.01922425 0.00515507
v 0.01365318 -0.01890239 0.00873794
v 0.01317738 -0.01873727 0.00822975
v 0.01365318 -0.01602785 0.00727329
v 0.01317738 -0.01653604 0.00710817
v 0.01365318 -0.01890239 0.00439875
v 0.01317738 -0.01873727 0.00490694
v 0.01365318 -0.01953833 0.00841392
v 0.01317738 -0.01922425 0.00798162
v 0.01365318 -0.01635188 0.00790923
v 0.01317738 -0.01678417 0.00759515
v 0.01365318 -0.01819744 0.00428710
v 0.01317738 -0.01819745 0.00482144
v 0.01317738 -0.01819745 0.00782390
v 0.01317738 -0.01858544 0.00776245
v 0.01317738 -0.01893544 0.00758411
v 0.01317738 -0.01921322 0.00730634
v 0.01317738 -0.01939155 0.00695634
v 0.01317738 -0.01945300 0.00656835
v 0.01317738 -0.01939155 0.00618036
v 0.01317738 -0.01921322 0.00583035
v 0.01317738 -0.01893544 0.00555258
v 0.01317738 -0.01858544 0.00537424
v 0.01317738 -0.01819745 0.00531279
v 0.01317738 -0.01780946 0.00537424
v 0.01317738 -0.01745945 0.00555258
v 0.01317738 -0.01718168 0.00583035
v 0.01317738 -0.01700334 0.00618036
v 0.01317738 -0.01694189 0.00656835
v 0.01317738 -0.01700334 0.00695634
v 0.01317738 -0.01718168 0.00730634
v 0.01317738 -0.01745945 0.00758412
v 0.01317738 -0.01780946 0.00776245
v 0.01436569 -0.01819745 0.00750984
v 0.01499749 -0.01819745 0.00747231
v 0.01499749 -0.01791810 0.00742807
v 0.01436569 -0.01790651 0.00746376
v 0.01436569 -0.01730203 0.00627741
v 0.01499749 -0.01733772 0.00628901
v 0.01499749 -0.01746612 0.00603701
v 0.01436569 -0.01743576 0.00601495
v 0.01436569 -0.01895913 0.00601495
v 0.01499749 -0.01892877 0.00603701
v 0.01499749 -0.01905717 0.00628901
v 0.01436569 -0.01909286 0.00627741
v 0.01436569 -0.01725595 0.00656835
v 0.01499749 -0.01729348 0.00656835
v 0.01436569 -0.01875084 0.00580666
v 0.01499749 -0.01872878 0.00583702
v 0.01436569 -0.01730203 0.00685929
v 0.01499749 -0.01733772 0.00684769
v 0.01436569 -0.01848838 0.00567293
v 0.01499749 -0.01847679 0.00570862
v 0.01436569 -0.01743576 0.00712174
v 0.01499749 -0.01746612 0.00709968
v 0.01436569 -0.01819745 0.00562685
v 0.01499749 -0.01819745 0.00566438
v 0.01436569 -0.01895913 0.00712174
v 0.01499749 -0.01892877 0.00709968
v 0.01436569 -0.01764405 0.00733003
v 0.01499749 -0.01766611 0.00729967
v 0.01436569 -0.01790651 0.00567293
v 0.01499749 -0.01791810 0.00570862
v 0.01436569 -0.01909286 0.00685928
v 0.01499749 -0.01905717 0.00684769
v 0.01436569 -0.01764405 0.00580666
v 0.01499749 -0.01766611 0.00583702
v 0.01436569 -0.01913894 0.00656835
v 0.01499749 -0.01910141 0.00656835
v 0.01519365 -0.01819744 0.00723358
v 0.01519365 -0.01840301 0.00720102
v 0.01519365 -0.01858846 0.00710653
v 0.01519365 -0.01873563 0.00695936
v 0.01519365 -0.01883012 0.00677391
v 0.01519365 -0.01886268 0.00656835
v 0.01519365 -0.01883012 0.00636278
v 0.01519365 -0.01873563 0.00617733
v 0.01519365 -0.01858846 0.00603016
v 0.01519365 -0.01840301 0.00593567
v 0.01519365 -0.01819745 0.00590312
v 0.01519365 -0.01799188 0.00593567
v 0.01519365 -0.01780643 0.00603016
v 0.01519365 -0.01765926 0.00617733
v 0.01519365 -0.01756477 0.00636278
v 0.01519365 -0.01753221 0.00656835
v 0.01519365 -0.01756477 0.00677392
v 0.01519365 -0.01765926 0.00695936
v 0.01519365 -0.01780643 0.00710653
v 0.01519365 -0.01799188 0.00720102
v 0.01345524 -0.02084531 0.00473910
v 0.01345524 -0.02123371 0.00550138
v 0.01345524 -0.02002669 0.00392048
v 0.01269272 -0.01952335 0.00461327
v 0.01269272 -0.01812096 0.00420731
v 0.01269272 -0.01754058 0.00429924
v 0.01269272 -0.01583641 0.00649187
v 0.01345524 -0.01498008 0.00649187
v 0.01345524 -0.01713049 0.00960462
v 0.01345524 -0.01636820 0.00921621
v 0.01345524 -0.02141482 0.00664483
v 0.01345524 -0.02128098 0.00748983
v 0.01269272 -0.02015252 0.00524244
v 0.01269272 -0.02041929 0.00576601
v 0.01345524 -0.01511391 0.00564687
v 0.01269272 -0.01592833 0.00591149
v 0.01345524 -0.01727596 0.00348481
v 0.01345524 -0.01812096 0.00335098
v 0.01345524 -0.02075540 0.00852135
v 0.01269272 -0.02006261 0.00801800
v 0.01269272 -0.01964710 0.00843351
v 0.01345524 -0.02015044 0.00912630
v 0.01345524 -0.01554958 0.00839759
v 0.01269272 -0.01624238 0.00789425
v 0.01269272 -0.01597560 0.00737069
v 0.01345524 -0.01516118 0.00763531
v 0.01345524 -0.01926441 0.00353208
v 0.01269272 -0.01899979 0.00434650
v 0.01345524 -0.01911893 0.00965188
v 0.01269272 -0.01885430 0.00883746
v 0.01269272 -0.01827393 0.00892938
v 0.01345524 -0.01827393 0.00978572
v 0.01345524 -0.01563949 0.00461535
v 0.01269272 -0.01633228 0.00511869
v 0.01269272 -0.01674779 0.00470319
v 0.01345524 -0.01624444 0.00401040
v 0.01269272 -0.02055848 0.00664483
v 0.01269272 -0.02046656 0.00722521
v 0.01269272 -0.01739511 0.00879019
v 0.01269272 -0.01687155 0.00852342
v 0.01203548 -0.03138723 0.02155993
v 0.01347985 0.00874120 0.02154631
v 0.00694740 0.00388608 0.02841036
v 0.00834958 0.00798770 0.02175374
v 0.01097350 0.00396122 0.02879610
v 0.01164723 0.00363021 0.02798332
v 0.01139566 0.00369416 0.02809009
v 0.01114410 0.00375812 0.02819687
v 0.01295806 0.00767414 0.02182535
v 0.01253494 0.00798516 0.02175787
v 0.01064096 0.00388603 0.02841041
v 0.01300739 0.00836318 0.02165209
v 0.01316963 0.00751863 0.02185909
v 0.01323579 -0.00487206 0.02134005
v 0.01287724 -0.00470154 0.02153594
v 0.01271644 -0.00528880 0.02210076
v 0.01303606 -0.00560147 0.02204158
v 0.01122164 -0.00528880 0.02735110
v 0.01146175 -0.00560147 0.02757122
v 0.01106089 -0.00470161 0.02791572
v 0.01126207 -0.00487210 0.02827256
v 0.01106128 0.00130991 0.02791443
v 0.01126248 0.00140831 0.02827122
v 0.01122922 0.00236215 0.02732457
v 0.01145029 0.00258505 0.02761155
v 0.01279426 0.00560118 0.02182742
v 0.01309049 0.00597962 0.02185043
v 0.01287724 0.00542459 0.02153594
v 0.01323579 0.00567040 0.02134005
v 0.01302985 -0.02881471 0.02206341
v 0.01267349 -0.02828105 0.02225158
v 0.01127865 -0.02616314 0.02715063
v 0.01150635 -0.02650144 0.02741435
v 0.01110609 -0.02521858 0.02775673
v 0.01130989 -0.02542609 0.02810438
v 0.01110635 -0.00823439 0.02775603
v 0.01131016 -0.00775697 0.02810365
v 0.01250027 -0.00956808 0.02285998
v 0.01282780 -0.00920904 0.02277304
v 0.01267349 -0.01038774 0.02225158
v 0.01302984 -0.01016508 0.02206341
v 0.00308274 -0.03077206 0.02198785
v 0.00368361 -0.02845473 0.02734811
v 0.01011729 -0.02886119 0.02690552
v 0.00978673 -0.02874581 0.02667488
v 0.01112119 -0.03077206 0.02198785
v 0.01157833 -0.03107965 0.02177389
v 0.00907776 -0.02854262 0.02764242
v 0.00883726 -0.02845484 0.02734793
v 0.00294412 -0.00220844 0.03204511
v 0.00294412 -0.00293925 0.03371781
v 0.00294412 -0.00783837 0.03204511
v 0.01024602 -0.00783837 0.03204511
v 0.00954125 -0.00710756 0.03371781
v 0.00294412 -0.00710756 0.03371781
v 0.01024602 -0.00220844 0.03204511
v 0.00954125 -0.00293925 0.03371781
v 0.00294412 -0.00293925 0.03037241
v 0.00954125 -0.00293925 0.03037241
v 0.00954125 -0.00710756 0.03037241
v 0.00294412 -0.00710756 0.03037241
v 0.01645619 0.00457835 0.01980337
v 0.01645619 0.00495815 0.02002265
v 0.01673764 0.00495815 0.01997302
v 0.01666264 0.00457835 0.01976697
v 0.01645619 0.00419855 0.02046121
v 0.01645619 0.00419855 0.02002265
v 0.01673764 0.00419855 0.01997302
v 0.01688764 0.00419855 0.02038514
v 0.01645619 0.00495815 0.02046121
v 0.01688764 0.00495815 0.02038514
v 0.01698515 0.00495815 0.01983013
v 0.01684420 0.00457835 0.01966215
v 0.01698515 0.00419855 0.01983013
v 0.01726705 0.00419855 0.02016608
v 0.01726705 0.00495815 0.02016608
v 0.01697895 0.00457835 0.01950155
v 0.01716885 0.00419855 0.01961119
v 0.01740799 0.00457835 0.02033406
v 0.01773855 0.00457835 0.01994011
v 0.01754866 0.00495815 0.01983047
v 0.01716885 0.00495815 0.01961119
v 0.01754866 0.00419855 0.01983047
v 0.01769850 0.00419855 0.01941879
v 0.01791444 0.00457835 0.01945687
v 0.01726660 0.00419855 0.01934263
v 0.01769850 0.00495815 0.01941879
v 0.01726660 0.00495815 0.01934263
v 0.01705065 0.00457835 0.01930455
v 0.01791445 0.00457835 0.01894261
v 0.01769850 0.00495815 0.01898068
v 0.01726660 0.00495815 0.01905684
v 0.01705065 0.00457835 0.01909491
v 0.01769850 0.00419855 0.01898068
v 0.01726660 0.00419855 0.01905684
v 0.01716885 0.00419855 0.01878827
v 0.01754866 0.00419855 0.01856899
v 0.01754866 0.00495815 0.01856899
v 0.01716885 0.00495815 0.01878827
v 0.01697895 0.00457835 0.01889792
v 0.01773856 0.00457835 0.01845936
v 0.01740800 0.00457835 0.01806541
v 0.01726705 0.00495815 0.01823338
v 0.01698515 0.00495815 0.01856934
v 0.01684420 0.00457835 0.01873732
v 0.01726705 0.00419855 0.01823338
v 0.01698515 0.00419855 0.01856934
v 0.01249266 0.00419858 0.01666960
v 0.01264266 0.00419858 0.01625748
v 0.01264266 0.00495819 0.01625748
v 0.01249266 0.00495819 0.01666960
v 0.01241767 0.00457839 0.01687565
v 0.01271766 0.00457839 0.01605143
v 0.01242912 0.00457835 0.01980337
v 0.01242912 0.00495815 0.02002265
v 0.01242912 0.00419855 0.02046121
v 0.01242912 0.00419855 0.02002265
v 0.01242912 0.00495815 0.02046121
v 0.01646101 0.00435542 0.02051094
v 0.01637007 0.00457835 0.02052697
v 0.01646101 0.00480128 0.02051094
v 0.01612005 0.00457835 0.02068049
v 0.01690011 0.00480128 0.02043351
v 0.01699105 0.00457835 0.02041748
v 0.01690011 0.00435542 0.02043351
v 0.01725373 0.00457835 0.02042312
v 0.01690011 0.00480128 0.02141506
v 0.01699105 0.00457835 0.02139903
v 0.01668056 0.00426308 0.02047222
v 0.01690011 0.00435542 0.02141506
v 0.01668056 0.00426308 0.02145377
v 0.01668056 0.00489362 0.02047222
v 0.01668056 0.00489362 0.02145377
v 0.01637007 0.00457835 0.02150852
v 0.01646101 0.00480128 0.02149248
v 0.01646101 0.00435542 0.02149248
v 0.01831474 0.00359373 0.02389672
v 0.01889877 0.00359373 0.02331270
v 0.01889877 0.00437725 0.02331270
v 0.01831474 0.00437725 0.02389672
v 0.01519850 0.00359373 0.02350861
v 0.01535746 0.00392371 0.02338613
v 0.01799502 0.00392371 0.02338613
v 0.01815398 0.00359373 0.02350861
v 0.01503774 0.00359373 0.02084328
v 0.01445372 0.00359373 0.02142730
v 0.01445372 0.00437725 0.02142730
v 0.01503774 0.00437725 0.02084328
v 0.01889877 0.00359373 0.02142730
v 0.01889877 0.00437725 0.02142730
v 0.01503774 0.00437725 0.02389672
v 0.01445372 0.00437725 0.02331270
v 0.01445372 0.00359373 0.02331270
v 0.01503774 0.00359373 0.02389672
v 0.01831474 0.00437725 0.02084328
v 0.01831474 0.00359373 0.02084328
v 0.01561942 0.00509334 0.02136294
v 0.01555860 0.00509334 0.02142375
v 0.01555860 0.00509334 0.02238620
v 0.01561942 0.00509334 0.02244702
v 0.01779388 0.00509334 0.02142375
v 0.01773307 0.00509334 0.02136294
v 0.01773307 0.00509334 0.02244702
v 0.01779388 0.00509334 0.02238620
v 0.01484183 0.00359373 0.02158806
v 0.01519850 0.00359373 0.02123139
v 0.01484183 0.00359373 0.02315194
v 0.01815398 0.00359373 0.02123139
v 0.01851066 0.00359373 0.02158806
v 0.01851066 0.00359373 0.02315194
v 0.01799502 0.00392371 0.02135387
v 0.01535746 0.00392371 0.02135387
v 0.01831333 0.00392371 0.02167217
v 0.01503915 0.00392371 0.02167217
v 0.01503915 0.00392371 0.02306782
v 0.01831333 0.00392371 0.02306782
v 0.01481124 -0.00291149 0.01888607
v 0.01357468 -0.00291149 0.01866803
v 0.01339743 -0.00291149 0.01967326
v 0.01463400 -0.00291149 0.01989130
v 0.01357468 -0.00536505 0.01866803
v 0.01481124 -0.00536505 0.01888607
v 0.01463400 -0.00536505 0.01989130
v 0.01339743 -0.00536505 0.01967326
v 0.01338119 0.00736312 0.02189283
v 0.01338620 -0.02934837 0.02187523
v 0.01151397 -0.00727955 0.02845127
v 0.00218663 -0.03204698 0.02416570
v 0.00218663 -0.03633621 0.02416570
v 0.00421635 -0.03633621 0.02448717
v 0.00421635 -0.03204698 0.02448717
v 0.00807713 -0.03204698 0.02323273
v 0.00807713 -0.03633621 0.02323273
v 0.00953026 -0.03633621 0.02177960
v 0.00953026 -0.03204698 0.02177960
v 0.01046322 -0.03633621 0.01994856
v 0.01046322 -0.03204698 0.01994856
v 0.01078470 -0.03633621 0.01791883
v 0.01078470 -0.03204698 0.01791883
v 0.01046322 -0.03633621 0.01588910
v 0.01046322 -0.03204698 0.01588910
v 0.00953026 -0.03633621 0.01405805
v 0.00953026 -0.03204698 0.01405805
v 0.00807713 -0.03633621 0.01260492
v 0.00807713 -0.03204698 0.01260492
v 0.00624608 -0.03633621 0.01167196
v 0.00624608 -0.03204698 0.01167196
v 0.00421635 -0.03633621 0.01135048
v 0.00421635 -0.03204698 0.01135048
v 0.00218662 -0.03633621 0.01167196
v 0.00218662 -0.03204698 0.01167196
v 0.00035557 -0.03633621 0.01260493
v 0.00035557 -0.03204698 0.01260493
v -0.00109755 -0.03633621 0.01405805
v -0.00109755 -0.03204698 0.01405805
v -0.00203052 -0.03633621 0.01588910
v -0.00203052 -0.03204698 0.01588910
v -0.00235199 -0.03633621 0.01791883
v -0.00235199 -0.03204698 0.01791883
v -0.00203052 -0.03633621 0.01994856
v -0.00203052 -0.03204698 0.01994856
v -0.00109755 -0.03633621 0.02177961
v -0.00109755 -0.03204698 0.02177961
v 0.00035558 -0.03633621 0.02323274
v 0.00035558 -0.03204698 0.02323274
v 0.00624608 -0.03633621 0.02416569
v 0.00624608 -0.03204698 0.02416570
v 0.00421635 -0.03697814 0.02402870
v 0.00610441 -0.03697814 0.02372966
v 0.00780765 -0.03697814 0.02286182
v 0.00915934 -0.03697814 0.02151012
v 0.01002719 -0.03697814 0.01980688
v 0.01032623 -0.03697814 0.01791883
v 0.01002719 -0.03697814 0.01603077
v 0.00915934 -0.03697814 0.01432753
v 0.00780765 -0.03697814 0.01297583
v 0.00610441 -0.03697814 0.01210799
v 0.00421635 -0.03697814 0.01180895
v 0.00232829 -0.03697814 0.01210799
v 0.00062506 -0.03697814 0.01297584
v -0.00072664 -0.03697814 0.01432754
v -0.00159449 -0.03697814 0.01603077
v -0.00189352 -0.03697814 0.01791883
v -0.00159449 -0.03697814 0.01980689
v -0.00072664 -0.03697814 0.02151012
v 0.00062507 -0.03697814 0.02286182
v 0.00232830 -0.03697814 0.02372966
v 0.00421635 -0.03697814 0.02186031
v 0.00543434 -0.03697814 0.02166740
v 0.00653310 -0.03697814 0.02110755
v 0.00740508 -0.03697814 0.02023557
v 0.00796493 -0.03697814 0.01913681
v 0.00815783 -0.03697814 0.01791883
v 0.00796493 -0.03697814 0.01670084
v 0.00740508 -0.03697814 0.01560208
v 0.00653310 -0.03697814 0.01473010
v 0.00543434 -0.03697814 0.01417025
v 0.00421635 -0.03697814 0.01397734
v 0.00299836 -0.03697814 0.01417025
v 0.00189961 -0.03697814 0.01473010
v 0.00102762 -0.03697814 0.01560209
v 0.00046778 -0.03697814 0.01670084
v 0.00027487 -0.03697814 0.01791883
v 0.00046778 -0.03697814 0.01913682
v 0.00102763 -0.03697814 0.02023557
v 0.00189961 -0.03697814 0.02110756
v 0.00299837 -0.03697814 0.02166740
v -0.00703958 0.00798868 0.02175216
v -0.00764021 0.00388607 0.02841036
v -0.00880859 0.00798760 0.02175391
v -0.00930927 0.00388605 0.02841039
v 0.00512567 -0.03077206 0.02198785
v 0.00564642 -0.02845477 0.02734805
v 0.00668791 -0.03077206 0.02198785
v 0.00712856 -0.02845480 0.02734799
v -0.01460523 0.02285915 0.01280183
v -0.01476460 0.01413590 0.01280183
v -0.01485862 -0.01367471 0.01280183
v -0.01485862 -0.02239796 0.01280183
v -0.01272135 0.00457835 0.02068049
v 0.01431300 0.02285915 0.01280183
v 0.01447236 0.01413590 0.01280183
v 0.01456639 -0.01367471 0.01280183
v 0.01456639 -0.02239796 0.01280183
v 0.01242912 0.00457835 0.02068049
f 7 8 9
f 17 31 13
f 9 27 7
f 29 14 13
f 10 8 7
f 46 47 48
f 53 52 70
f 47 46 67
f 68 52 56
f 49 46 48
f 36 39 79
f 84 83 37
f 82 81 9
f 80 38 33
f 86 77 74
f 76 87 85
f 47 89 88
f 72 78 90
f 1 2 3
f 1 3 4
f 4 3 5
f 4 5 6
f 10 11 5
f 10 5 12
f 19 20 2
f 19 2 1
f 21 15 22
f 21 22 6
f 20 8 18
f 20 18 2
f 15 14 25
f 15 25 22
f 29 30 23
f 29 23 26
f 32 27 9
f 32 9 33
f 34 16 15
f 34 15 21
f 34 28 27
f 34 27 32
f 19 30 35
f 19 35 36
f 25 14 29
f 25 29 26
f 10 12 18
f 10 18 8
f 20 19 36
f 20 36 37
f 16 34 32
f 16 32 17
f 28 34 21
f 28 21 11
f 17 32 33
f 17 33 31
f 31 33 36
f 31 36 35
f 11 21 6
f 11 6 5
f 30 19 1
f 30 1 23
f 24 4 6
f 24 6 22
f 23 1 4
f 23 4 24
f 33 38 39
f 33 39 36
f 9 8 20
f 9 20 37
f 40 41 42
f 40 42 43
f 41 44 45
f 41 45 42
f 49 50 45
f 49 45 51
f 58 40 43
f 58 43 59
f 60 44 61
f 60 61 55
f 59 43 57
f 59 57 48
f 55 61 64
f 55 64 56
f 68 63 62
f 68 62 69
f 71 72 47
f 71 47 67
f 73 60 55
f 73 55 54
f 73 71 67
f 73 67 66
f 58 74 75
f 58 75 69
f 64 63 68
f 64 68 56
f 49 48 57
f 49 57 50
f 59 76 74
f 59 74 58
f 54 53 71
f 54 71 73
f 66 51 60
f 66 60 73
f 53 70 72
f 53 72 71
f 70 75 74
f 70 74 72
f 51 45 44
f 51 44 60
f 69 62 40
f 69 40 58
f 65 61 44
f 65 44 41
f 62 65 41
f 62 41 40
f 74 77 78
f 74 78 72
f 47 76 59
f 47 59 48
f 9 81 80
f 9 80 33
f 76 85 86
f 76 86 74
f 37 83 82
f 37 82 9
f 72 90 89
f 72 89 47
f 47 88 87
f 47 87 76
f 36 79 84
f 36 84 37
f 16 14 15
f 14 16 13
f 13 16 17
f 18 3 2
f 3 18 5
f 5 18 12
f 22 23 24
f 23 22 26
f 26 22 25
f 7 11 10
f 11 7 28
f 28 7 27
f 29 35 30
f 35 29 31
f 31 29 13
f 55 53 54
f 53 55 52
f 52 55 56
f 57 45 50
f 45 57 42
f 42 57 43
f 65 64 61
f 64 65 63
f 63 65 62
f 46 66 67
f 66 46 51
f 51 46 49
f 68 70 52
f 70 68 75
f 75 68 69
f 80 39 38
f 39 80 79
f 79 80 81
f 79 81 84
f 84 81 82
f 84 82 83
f 86 78 77
f 78 86 90
f 90 86 85
f 90 85 89
f 89 85 87
f 89 87 88
f 91 92 93
f 94 95 96
f 97 98 99
f 100 101 102
f 103 104 105
f 106 107 108
f 109 110 111
f 112 113 114
f 115 116 117
f 118 119 120
f 121 122 123
f 124 125 126
f 127 128 129
f 130 131 132
f 133 134 135
f 133 135 136
f 137 138 139
f 137 139 140
f 141 142 143
f 141 143 144
f 145 146 147
f 145 147 148
f 149 133 136
f 149 136 150
f 151 137 140
f 151 140 152
f 153 154 155
f 153 155 156
f 154 157 158
f 154 158 155
f 159 160 158
f 159 158 157
f 143 142 139
f 143 139 138
f 160 101 134
f 160 134 158
f 144 143 138
f 144 138 135
f 161 162 163
f 161 163 164
f 165 161 164
f 165 164 166
f 165 166 167
f 165 167 168
f 166 164 97
f 166 97 167
f 163 162 169
f 163 169 170
f 171 172 173
f 171 173 174
f 175 176 177
f 175 177 178
f 179 180 181
f 179 181 182
f 183 184 185
f 183 185 186
f 187 188 189
f 187 189 190
f 191 192 193
f 191 193 194
f 195 196 197
f 195 197 198
f 199 200 201
f 199 201 202
f 203 204 205
f 203 205 206
f 207 208 201
f 207 201 200
f 209 210 211
f 209 211 212
f 213 214 215
f 213 215 198
f 216 217 218
f 216 218 219
f 219 218 208
f 219 208 207
f 198 215 220
f 198 220 195
f 195 220 210
f 195 210 209
f 209 221 196
f 209 196 195
f 222 217 223
f 222 223 224
f 202 201 208
f 202 208 225
f 225 208 218
f 225 218 226
f 226 218 217
f 226 217 222
f 227 226 222
f 227 222 228
f 229 223 217
f 229 217 216
f 230 202 225
f 230 225 231
f 198 197 232
f 198 232 213
f 233 199 202
f 233 202 230
f 212 211 203
f 212 203 206
f 204 234 235
f 204 235 205
f 234 233 230
f 234 230 235
f 236 228 237
f 236 237 238
f 205 235 239
f 205 239 221
f 235 230 231
f 235 231 239
f 196 240 236
f 196 236 197
f 240 227 228
f 240 228 236
f 239 231 227
f 239 227 240
f 241 237 228
f 241 228 242
f 197 243 244
f 197 244 232
f 221 245 246
f 221 246 196
f 247 227 231
f 247 231 248
f 222 224 249
f 222 249 250
f 225 226 251
f 225 251 252
f 247 251 226
f 247 226 227
f 246 253 240
f 246 240 196
f 243 197 236
f 243 236 254
f 242 228 222
f 242 222 250
f 245 221 239
f 245 239 255
f 248 231 225
f 248 225 252
f 253 255 239
f 253 239 240
f 256 254 236
f 256 236 238
f 257 258 259
f 257 259 260
f 261 262 263
f 261 263 264
f 260 259 265
f 260 265 266
f 267 268 257
f 267 257 260
f 264 263 259
f 264 259 258
f 269 270 268
f 269 268 267
f 252 251 247
f 252 247 248
f 246 245 255
f 246 255 253
f 254 256 244
f 254 244 243
f 250 249 241
f 250 241 242
f 271 272 273
f 271 273 274
f 272 271 275
f 272 275 276
f 277 278 279
f 277 279 280
f 281 282 278
f 281 278 277
f 283 284 276
f 283 276 275
f 274 273 282
f 274 282 281
f 283 285 286
f 283 286 280
f 271 287 288
f 271 288 275
f 284 283 280
f 284 280 279
f 289 274 281
f 289 281 290
f 285 283 275
f 285 275 288
f 290 281 277
f 290 277 291
f 291 277 280
f 291 280 286
f 287 271 274
f 287 274 289
f 265 292 293
f 265 293 294
f 269 267 295
f 269 295 296
f 259 263 292
f 259 292 265
f 263 262 297
f 263 297 292
f 267 260 266
f 267 266 295
f 292 297 298
f 292 298 293
f 296 295 299
f 296 299 300
f 295 266 301
f 295 301 299
f 266 265 294
f 266 294 301
f 302 303 304
f 302 304 305
f 306 307 308
f 306 308 309
f 310 311 312
f 310 312 313
f 314 306 309
f 314 309 315
f 305 304 316
f 305 316 317
f 318 319 311
f 318 311 310
f 319 302 305
f 319 305 311
f 311 305 317
f 311 317 312
f 317 316 307
f 317 307 306
f 313 312 314
f 313 314 320
f 312 317 306
f 312 306 314
f 320 314 315
f 320 315 321
f 185 322 323
f 185 323 324
f 192 325 326
f 192 326 327
f 328 329 330
f 328 330 331
f 332 190 333
f 332 333 334
f 191 192 327
f 191 327 335
f 182 179 336
f 182 336 337
f 336 335 338
f 336 338 339
f 190 187 340
f 190 340 333
f 341 178 342
f 341 342 343
f 325 344 338
f 325 338 326
f 345 346 347
f 345 347 348
f 337 336 339
f 337 339 347
f 349 350 331
f 349 331 330
f 329 351 352
f 329 352 330
f 351 175 178
f 351 178 341
f 342 353 352
f 342 352 343
f 333 340 346
f 333 346 334
f 335 327 326
f 335 326 338
f 351 341 343
f 351 343 352
f 354 348 347
f 354 347 339
f 322 328 331
f 322 331 323
f 353 349 330
f 353 330 352
f 174 171 350
f 174 350 349
f 328 171 174
f 328 174 329
f 345 332 334
f 345 334 346
f 178 175 353
f 178 353 342
f 192 191 344
f 192 344 325
f 179 182 348
f 179 348 354
f 354 339 338
f 354 338 344
f 187 190 332
f 187 332 345
f 340 337 347
f 340 347 346
f 350 324 323
f 350 323 331
f 355 356 357
f 355 357 358
f 359 360 361
f 359 361 362
f 363 364 365
f 363 365 366
f 365 367 368
f 365 368 360
f 369 370 371
f 369 371 372
f 366 365 360
f 366 360 359
f 373 372 374
f 373 374 375
f 376 377 378
f 376 378 379
f 380 368 378
f 380 378 377
f 372 381 382
f 372 382 374
f 383 380 377
f 383 377 376
f 384 385 386
f 384 386 387
f 388 389 380
f 388 380 383
f 390 391 370
f 390 370 369
f 364 356 367
f 364 367 365
f 392 368 367
f 392 367 393
f 394 357 356
f 394 356 364
f 395 396 391
f 395 391 390
f 397 394 364
f 397 364 363
f 393 367 356
f 393 356 355
f 369 398 399
f 369 399 390
f 398 393 355
f 398 355 399
f 396 400 401
f 396 401 391
f 400 397 363
f 400 363 401
f 372 373 398
f 372 398 369
f 373 392 393
f 373 393 398
f 385 384 402
f 385 402 381
f 384 388 383
f 384 383 402
f 389 388 362
f 389 362 361
f 388 384 387
f 388 387 362
f 381 402 403
f 381 403 382
f 402 383 376
f 402 376 403
f 382 403 375
f 382 375 374
f 403 376 379
f 403 379 375
f 368 392 379
f 368 379 378
f 392 373 375
f 392 375 379
f 370 404 405
f 370 405 371
f 404 366 359
f 404 359 405
f 391 401 404
f 391 404 370
f 401 363 366
f 401 366 404
f 371 405 387
f 371 387 386
f 405 359 362
f 405 362 387
f 390 399 406
f 390 406 395
f 399 355 358
f 399 358 406
f 407 408 409
f 407 409 410
f 411 412 413
f 411 413 414
f 414 413 415
f 414 415 416
f 416 415 417
f 416 417 418
f 418 417 419
f 418 419 420
f 420 419 421
f 420 421 422
f 422 421 423
f 422 423 424
f 424 423 425
f 424 425 426
f 426 425 427
f 426 427 428
f 428 427 429
f 428 429 430
f 430 429 431
f 430 431 432
f 432 431 433
f 432 433 434
f 434 433 435
f 434 435 436
f 436 435 437
f 436 437 438
f 438 437 439
f 438 439 440
f 440 439 441
f 440 441 442
f 442 441 443
f 442 443 444
f 444 443 408
f 444 408 407
f 410 409 445
f 410 445 446
f 446 445 412
f 446 412 411
f 445 409 447
f 445 447 448
f 412 445 448
f 412 448 449
f 413 412 449
f 413 449 450
f 415 413 450
f 415 450 451
f 417 415 451
f 417 451 452
f 419 417 452
f 419 452 453
f 421 419 453
f 421 453 454
f 423 421 454
f 423 454 455
f 425 423 455
f 425 455 456
f 427 425 456
f 427 456 457
f 429 427 457
f 429 457 458
f 431 429 458
f 431 458 459
f 433 431 459
f 433 459 460
f 435 433 460
f 435 460 461
f 437 435 461
f 437 461 462
f 439 437 462
f 439 462 463
f 441 439 463
f 441 463 464
f 443 441 464
f 443 464 465
f 408 443 465
f 408 465 466
f 409 408 466
f 409 466 447
f 467 468 469
f 467 469 470
f 471 472 448
f 471 448 447
f 472 473 449
f 472 449 448
f 473 474 450
f 473 450 449
f 474 475 451
f 474 451 450
f 475 476 452
f 475 452 451
f 476 468 453
f 476 453 452
f 468 467 454
f 468 454 453
f 467 477 455
f 467 455 454
f 477 478 456
f 477 456 455
f 478 479 457
f 478 457 456
f 479 480 458
f 479 458 457
f 480 481 459
f 480 459 458
f 481 482 460
f 481 460 459
f 482 483 461
f 482 461 460
f 483 484 462
f 483 462 461
f 484 485 463
f 484 463 462
f 485 486 464
f 485 464 463
f 486 487 465
f 486 465 464
f 487 488 466
f 487 466 465
f 488 471 447
f 488 447 466
f 489 490 491
f 489 491 492
f 484 483 493
f 484 493 494
f 477 467 470
f 477 470 495
f 472 471 496
f 472 496 497
f 485 484 494
f 485 494 498
f 478 477 495
f 478 495 499
f 473 472 497
f 473 497 500
f 486 485 498
f 486 498 501
f 479 478 499
f 479 499 502
f 474 473 500
f 474 500 503
f 487 486 501
f 487 501 504
f 480 479 502
f 480 502 505
f 475 474 503
f 475 503 506
f 488 487 504
f 488 504 507
f 481 480 505
f 481 505 508
f 476 475 506
f 476 506 509
f 471 488 507
f 471 507 496
f 482 481 508
f 482 508 510
f 468 476 509
f 468 509 469
f 483 482 510
f 483 510 493
f 511 512 513
f 511 513 514
f 515 516 517
f 515 517 518
f 519 520 521
f 519 521 522
f 523 489 492
f 523 492 524
f 525 515 518
f 525 518 526
f 527 519 522
f 527 522 528
f 529 523 524
f 529 524 530
f 531 527 528
f 531 528 532
f 533 529 530
f 533 530 534
f 535 531 532
f 535 532 536
f 537 533 534
f 537 534 538
f 539 525 526
f 539 526 540
f 541 535 536
f 541 536 542
f 543 537 538
f 543 538 544
f 545 539 540
f 545 540 546
f 547 541 542
f 547 542 548
f 549 543 544
f 549 544 550
f 490 545 546
f 490 546 491
f 516 547 548
f 516 548 517
f 520 549 550
f 520 550 521
f 551 552 540
f 551 540 526
f 552 553 546
f 552 546 540
f 553 554 491
f 553 491 546
f 554 555 492
f 554 492 491
f 555 556 524
f 555 524 492
f 556 557 530
f 556 530 524
f 557 558 534
f 557 534 530
f 558 559 538
f 558 538 534
f 559 560 544
f 559 544 538
f 560 561 550
f 560 550 544
f 561 562 521
f 561 521 550
f 562 563 522
f 562 522 521
f 563 564 528
f 563 528 522
f 564 565 532
f 564 532 528
f 565 566 536
f 565 536 532
f 566 567 542
f 566 542 536
f 567 568 548
f 567 548 542
f 568 569 517
f 568 517 548
f 569 570 518
f 569 518 517
f 570 551 526
f 570 526 518
f 571 572 573
f 571 573 574
f 575 576 577
f 575 577 578
f 579 580 581
f 579 581 582
f 583 575 578
f 583 578 584
f 585 579 582
f 585 582 586
f 587 583 584
f 587 584 588
f 589 585 586
f 589 586 590
f 591 587 588
f 591 588 592
f 593 589 590
f 593 590 594
f 595 511 514
f 595 514 596
f 597 591 592
f 597 592 598
f 599 593 594
f 599 594 600
f 601 595 596
f 601 596 602
f 572 597 598
f 572 598 573
f 603 599 600
f 603 600 604
f 605 601 602
f 605 602 606
f 576 603 604
f 576 604 577
f 580 605 606
f 580 606 581
f 607 608 513
f 607 513 574
f 608 609 514
f 608 514 513
f 609 610 596
f 609 596 514
f 610 611 602
f 610 602 596
f 611 612 606
f 611 606 602
f 612 613 581
f 612 581 606
f 613 614 582
f 613 582 581
f 614 615 586
f 614 586 582
f 615 616 590
f 615 590 586
f 616 617 594
f 616 594 590
f 617 618 600
f 617 600 594
f 618 619 604
f 618 604 600
f 619 620 577
f 619 577 604
f 620 621 578
f 620 578 577
f 621 622 584
f 621 584 578
f 622 623 588
f 622 588 584
f 623 624 592
f 623 592 588
f 624 625 598
f 624 598 592
f 625 626 573
f 625 573 598
f 626 607 574
f 626 574 573
f 512 571 574
f 512 574 513
f 470 469 627
f 470 627 628
f 504 501 547
f 504 547 516
f 495 537 629
f 495 629 630
f 502 499 543
f 502 543 549
f 549 520 631
f 549 631 632
f 500 497 539
f 500 539 545
f 535 494 633
f 535 633 634
f 498 494 535
f 498 535 541
f 507 504 635
f 507 635 636
f 495 470 533
f 495 533 537
f 509 506 637
f 509 637 638
f 533 470 628
f 533 628 639
f 493 510 527
f 493 527 531
f 469 509 523
f 469 523 529
f 529 533 639
f 529 639 640
f 496 507 515
f 496 515 525
f 493 531 641
f 493 641 642
f 508 505 520
f 508 520 519
f 520 505 643
f 520 643 631
f 506 503 490
f 506 490 489
f 643 644 632
f 643 632 631
f 645 646 647
f 645 647 648
f 649 650 651
f 649 651 652
f 653 630 629
f 653 629 654
f 655 656 657
f 655 657 658
f 633 642 641
f 633 641 634
f 628 627 640
f 628 640 639
f 659 660 661
f 659 661 662
f 638 637 663
f 638 663 664
f 636 635 665
f 636 665 666
f 519 527 662
f 519 662 661
f 539 497 655
f 539 655 658
f 506 489 663
f 506 663 637
f 545 490 648
f 545 648 647
f 498 541 651
f 498 651 650
f 499 495 630
f 499 630 653
f 489 523 664
f 489 664 663
f 543 499 653
f 543 653 654
f 515 507 636
f 515 636 666
f 541 547 652
f 541 652 651
f 505 502 644
f 505 644 643
f 500 545 647
f 500 647 646
f 516 515 666
f 516 666 665
f 547 501 649
f 547 649 652
f 508 519 661
f 508 661 660
f 537 543 654
f 537 654 629
f 502 549 632
f 502 632 644
f 510 508 660
f 510 660 659
f 490 503 645
f 490 645 648
f 523 509 638
f 523 638 664
f 496 525 657
f 496 657 656
f 497 496 656
f 497 656 655
f 525 539 658
f 525 658 657
f 494 493 642
f 494 642 633
f 504 516 665
f 504 665 635
f 527 510 659
f 527 659 662
f 469 529 640
f 469 640 627
f 503 500 646
f 503 646 645
f 531 535 634
f 531 634 641
f 501 498 650
f 501 650 649
f 552 551 571
f 552 571 512
f 557 556 605
f 557 605 580
f 564 563 603
f 564 603 576
f 556 555 601
f 556 601 605
f 563 562 599
f 563 599 603
f 570 569 597
f 570 597 572
f 555 554 595
f 555 595 601
f 562 561 593
f 562 593 599
f 569 568 591
f 569 591 597
f 554 553 511
f 554 511 595
f 561 560 589
f 561 589 593
f 568 567 587
f 568 587 591
f 560 559 585
f 560 585 589
f 567 566 583
f 567 583 587
f 559 558 579
f 559 579 585
f 566 565 575
f 566 575 583
f 558 557 580
f 558 580 579
f 565 564 576
f 565 576 575
f 551 570 572
f 551 572 571
f 553 552 512
f 553 512 511
f 667 668 669
f 667 669 670
f 671 672 673
f 671 673 674
f 674 673 675
f 674 675 676
f 676 675 677
f 676 677 678
f 678 677 679
f 678 679 680
f 680 679 681
f 680 681 682
f 682 681 683
f 682 683 684
f 684 683 685
f 684 685 686
f 686 685 687
f 686 687 688
f 688 687 689
f 688 689 690
f 690 689 691
f 690 691 692
f 692 691 693
f 692 693 694
f 694 693 695
f 694 695 696
f 696 695 697
f 696 697 698
f 698 697 699
f 698 699 700
f 700 699 701
f 700 701 702
f 702 701 703
f 702 703 704
f 704 703 668
f 704 668 667
f 670 669 705
f 670 705 706
f 706 705 672
f 706 672 671
f 705 669 707
f 705 707 708
f 672 705 708
f 672 708 709
f 673 672 709
f 673 709 710
f 675 673 710
f 675 710 711
f 677 675 711
f 677 711 712
f 679 677 712
f 679 712 713
f 681 679 713
f 681 713 714
f 683 681 714
f 683 714 715
f 685 683 715
f 685 715 716
f 687 685 716
f 687 716 717
f 689 687 717
f 689 717 718
f 691 689 718
f 691 718 719
f 693 691 719
f 693 719 720
f 695 693 720
f 695 720 721
f 697 695 721
f 697 721 722
f 699 697 722
f 699 722 723
f 701 699 723
f 701 723 724
f 703 701 724
f 703 724 725
f 668 703 725
f 668 725 726
f 669 668 726
f 669 726 707
f 727 728 729
f 727 729 730
f 731 732 708
f 731 708 707
f 732 733 709
f 732 709 708
f 733 734 710
f 733 710 709
f 734 735 711
f 734 711 710
f 735 736 712
f 735 712 711
f 736 728 713
f 736 713 712
f 728 727 714
f 728 714 713
f 727 737 715
f 727 715 714
f 737 738 716
f 737 716 715
f 738 739 717
f 738 717 716
f 739 740 718
f 739 718 717
f 740 741 719
f 740 719 718
f 741 742 720
f 741 720 719
f 742 743 721
f 742 721 720
f 743 744 722
f 743 722 721
f 744 745 723
f 744 723 722
f 745 746 724
f 745 724 723
f 746 747 725
f 746 725 724
f 747 748 726
f 747 726 725
f 748 731 707
f 748 707 726
f 749 750 751
f 749 751 752
f 744 743 753
f 744 753 754
f 737 727 730
f 737 730 755
f 732 731 756
f 732 756 757
f 745 744 754
f 745 754 758
f 738 737 755
f 738 755 759
f 733 732 757
f 733 757 760
f 746 745 758
f 746 758 761
f 739 738 759
f 739 759 762
f 734 733 760
f 734 760 763
f 747 746 761
f 747 761 764
f 740 739 762
f 740 762 765
f 735 734 763
f 735 763 766
f 748 747 764
f 748 764 767
f 741 740 765
f 741 765 768
f 736 735 766
f 736 766 769
f 731 748 767
f 731 767 756
f 742 741 768
f 742 768 770
f 728 736 769
f 728 769 729
f 743 742 770
f 743 770 753
f 771 772 773
f 771 773 774
f 775 776 777
f 775 777 778
f 779 780 781
f 779 781 782
f 783 749 752
f 783 752 784
f 785 775 778
f 785 778 786
f 787 779 782
f 787 782 788
f 789 783 784
f 789 784 790
f 791 787 788
f 791 788 792
f 793 789 790
f 793 790 794
f 795 791 792
f 795 792 796
f 797 793 794
f 797 794 798
f 799 785 786
f 799 786 800
f 801 795 796
f 801 796 802
f 803 797 798
f 803 798 804
f 805 799 800
f 805 800 806
f 807 801 802
f 807 802 808
f 809 803 804
f 809 804 810
f 750 805 806
f 750 806 751
f 776 807 808
f 776 808 777
f 780 809 810
f 780 810 781
f 811 812 800
f 811 800 786
f 812 813 806
f 812 806 800
f 813 814 751
f 813 751 806
f 814 815 752
f 814 752 751
f 815 816 784
f 815 784 752
f 816 817 790
f 816 790 784
f 817 818 794
f 817 794 790
f 818 819 798
f 818 798 794
f 819 820 804
f 819 804 798
f 820 821 810
f 820 810 804
f 821 822 781
f 821 781 810
f 822 823 782
f 822 782 781
f 823 824 788
f 823 788 782
f 824 825 792
f 824 792 788
f 825 826 796
f 825 796 792
f 826 827 802
f 826 802 796
f 827 828 808
f 827 808 802
f 828 829 777
f 828 777 808
f 829 830 778
f 829 778 777
f 830 811 786
f 830 786 778
f 831 832 833
f 831 833 834
f 835 836 837
f 835 837 838
f 839 840 841
f 839 841 842
f 843 835 838
f 843 838 844
f 845 839 842
f 845 842 846
f 847 843 844
f 847 844 848
f 849 845 846
f 849 846 850
f 851 847 848
f 851 848 852
f 853 849 850
f 853 850 854
f 855 771 774
f 855 774 856
f 857 851 852
f 857 852 858
f 859 853 854
f 859 854 860
f 861 855 856
f 861 856 862
f 832 857 858
f 832 858 833
f 863 859 860
f 863 860 864
f 865 861 862
f 865 862 866
f 836 863 864
f 836 864 837
f 840 865 866
f 840 866 841
f 867 868 773
f 867 773 834
f 868 869 774
f 868 774 773
f 869 870 856
f 869 856 774
f 870 871 862
f 870 862 856
f 871 872 866
f 871 866 862
f 872 873 841
f 872 841 866
f 873 874 842
f 873 842 841
f 874 875 846
f 874 846 842
f 875 876 850
f 875 850 846
f 876 877 854
f 876 854 850
f 877 878 860
f 877 860 854
f 878 879 864
f 878 864 860
f 879 880 837
f 879 837 864
f 880 881 838
f 880 838 837
f 881 882 844
f 881 844 838
f 882 883 848
f 882 848 844
f 883 884 852
f 883 852 848
f 884 885 858
f 884 858 852
f 885 886 833
f 885 833 858
f 886 867 834
f 886 834 833
f 772 831 834
f 772 834 773
f 730 729 887
f 730 887 888
f 764 761 807
f 764 807 776
f 755 797 889
f 755 889 890
f 762 759 803
f 762 803 809
f 809 780 891
f 809 891 892
f 760 757 799
f 760 799 805
f 795 754 893
f 795 893 894
f 758 754 795
f 758 795 801
f 767 764 895
f 767 895 896
f 755 730 793
f 755 793 797
f 769 766 897
f 769 897 898
f 793 730 888
f 793 888 899
f 753 770 787
f 753 787 791
f 729 769 783
f 729 783 789
f 789 793 899
f 789 899 900
f 756 767 775
f 756 775 785
f 753 791 901
f 753 901 902
f 768 765 780
f 768 780 779
f 780 765 903
f 780 903 891
f 766 763 750
f 766 750 749
f 903 904 892
f 903 892 891
f 905 906 907
f 905 907 908
f 909 910 911
f 909 911 912
f 913 890 889
f 913 889 914
f 915 916 917
f 915 917 918
f 893 902 901
f 893 901 894
f 888 887 900
f 888 900 899
f 919 920 921
f 919 921 922
f 898 897 923
f 898 923 924
f 896 895 925
f 896 925 926
f 779 787 922
f 779 922 921
f 799 757 915
f 799 915 918
f 766 749 923
f 766 923 897
f 805 750 908
f 805 908 907
f 758 801 911
f 758 911 910
f 759 755 890
f 759 890 913
f 749 783 924
f 749 924 923
f 803 759 913
f 803 913 914
f 775 767 896
f 775 896 926
f 801 807 912
f 801 912 911
f 765 762 904
f 765 904 903
f 760 805 907
f 760 907 906
f 776 775 926
f 776 926 925
f 807 761 909
f 807 909 912
f 768 779 921
f 768 921 920
f 797 803 914
f 797 914 889
f 762 809 892
f 762 892 904
f 770 768 920
f 770 920 919
f 750 763 905
f 750 905 908
f 783 769 898
f 783 898 924
f 756 785 917
f 756 917 916
f 757 756 916
f 757 916 915
f 785 799 918
f 785 918 917
f 754 753 902
f 754 902 893
f 764 776 925
f 764 925 895
f 787 770 919
f 787 919 922
f 729 789 900
f 729 900 887
f 763 760 906
f 763 906 905
f 791 795 894
f 791 894 901
f 761 758 910
f 761 910 909
f 812 811 831
f 812 831 772
f 817 816 865
f 817 865 840
f 824 823 863
f 824 863 836
f 816 815 861
f 816 861 865
f 823 822 859
f 823 859 863
f 830 829 857
f 830 857 832
f 815 814 855
f 815 855 861
f 822 821 853
f 822 853 859
f 829 828 851
f 829 851 857
f 814 813 771
f 814 771 855
f 821 820 849
f 821 849 853
f 828 827 847
f 828 847 851
f 820 819 845
f 820 845 849
f 827 826 843
f 827 843 847
f 819 818 839
f 819 839 845
f 826 825 835
f 826 835 843
f 818 817 840
f 818 840 839
f 825 824 836
f 825 836 835
f 811 830 832
f 811 832 831
f 813 812 772
f 813 772 771
f 160 159 927
f 160 927 928
f 144 929 930
f 144 930 141
f 931 932 933
f 931 933 934
f 935 936 937
f 935 937 170
f 938 939 940
f 938 940 941
f 942 943 941
f 942 941 940
f 101 97 99
f 101 99 102
f 95 94 98
f 95 98 97
f 944 945 946
f 944 946 947
f 945 948 949
f 945 949 946
f 948 950 951
f 948 951 949
f 950 952 953
f 950 953 951
f 952 954 955
f 952 955 953
f 954 956 957
f 954 957 955
f 956 958 959
f 956 959 957
f 958 944 947
f 958 947 959
f 960 961 962
f 960 962 963
f 961 964 965
f 961 965 962
f 964 966 967
f 964 967 965
f 966 968 969
f 966 969 967
f 968 970 971
f 968 971 969
f 970 960 963
f 970 963 971
f 972 973 974
f 972 974 975
f 976 977 978
f 976 978 979
f 980 976 979
f 980 979 981
f 982 983 984
f 982 984 985
f 986 987 988
f 986 988 989
f 989 988 990
f 989 990 991
f 992 993 994
f 992 994 995
f 987 983 990
f 987 990 988
f 994 989 991
f 994 991 995
f 993 986 989
f 993 989 994
f 992 982 985
f 992 985 996
f 995 991 982
f 995 982 992
f 997 998 986
f 997 986 993
f 999 984 983
f 999 983 987
f 996 997 993
f 996 993 992
f 998 999 987
f 998 987 986
f 991 990 983
f 991 983 982
f 1000 1001 1002
f 1000 1002 1003
f 1004 1005 1006
f 1004 1006 1007
f 1003 1002 1008
f 1003 1008 1009
f 1007 1006 1001
f 1007 1001 1000
f 1001 1010 1011
f 1001 1011 1002
f 1005 1012 1013
f 1005 1013 1006
f 1002 1011 1014
f 1002 1014 1008
f 1006 1013 1010
f 1006 1010 1001
f 1013 1015 1016
f 1013 1016 1010
f 1014 1017 1018
f 1014 1018 1019
f 1010 1016 1020
f 1010 1020 1011
f 1019 1018 1021
f 1019 1021 1012
f 1012 1021 1015
f 1012 1015 1013
f 1011 1020 1017
f 1011 1017 1014
f 1018 1022 1023
f 1018 1023 1021
f 1021 1023 1024
f 1021 1024 1015
f 1020 1025 1026
f 1020 1026 1017
f 1015 1024 1027
f 1015 1027 1016
f 1017 1026 1022
f 1017 1022 1018
f 1016 1027 1025
f 1016 1025 1020
f 1026 1028 1029
f 1026 1029 1022
f 1027 1030 1031
f 1027 1031 1025
f 1022 1029 1032
f 1022 1032 1023
f 1023 1032 1033
f 1023 1033 1024
f 1025 1031 1028
f 1025 1028 1026
f 1024 1033 1030
f 1024 1030 1027
f 1032 1034 1035
f 1032 1035 1033
f 1031 1036 1037
f 1031 1037 1028
f 1033 1035 1038
f 1033 1038 1030
f 1028 1037 1039
f 1028 1039 1029
f 1030 1038 1036
f 1030 1036 1031
f 1029 1039 1034
f 1029 1034 1032
f 1037 1040 1041
f 1037 1041 1039
f 1038 1042 1043
f 1038 1043 1036
f 1039 1041 1044
f 1039 1044 1034
f 1034 1044 1045
f 1034 1045 1035
f 1036 1043 1040
f 1036 1040 1037
f 1035 1045 1042
f 1035 1042 1038
f 1044 1046 1047
f 1044 1047 1045
f 1043 1048 1049
f 1043 1049 1040
f 1045 1047 1050
f 1045 1050 1042
f 1040 1049 1051
f 1040 1051 1041
f 1042 1050 1048
f 1042 1048 1043
f 1041 1051 1046
f 1041 1046 1044
f 1003 1052 1053
f 1003 1053 1000
f 1007 1054 1055
f 1007 1055 1004
f 1009 1056 1052
f 1009 1052 1003
f 1000 1053 1054
f 1000 1054 1007
f 1057 1058 1059
f 1057 1059 1060
f 1061 1062 1063
f 1061 1063 1064
f 1064 1065 1066
f 1064 1066 1061
f 1067 1068 1069
f 1067 1069 1063
f 1061 1066 1070
f 1061 1070 1071
f 1059 1072 1073
f 1059 1073 1060
f 1063 1069 1065
f 1063 1065 1064
f 1071 1070 1072
f 1071 1072 1059
f 1057 1074 1068
f 1057 1068 1067
f 1060 1073 1074
f 1060 1074 1057
f 1075 1076 1077
f 1075 1077 1078
f 1079 1080 1081
f 1079 1081 1082
f 1083 1084 1085
f 1083 1085 1086
f 1087 1078 1077
f 1087 1077 1088
f 1089 1090 1091
f 1089 1091 1092
f 1085 1092 1091
f 1085 1091 1086
f 1084 1083 1093
f 1084 1093 1094
f 1090 1089 1076
f 1090 1076 1075
f 1095 1096 1085
f 1095 1085 1084
f 1097 1098 1089
f 1097 1089 1092
f 1099 1100 1094
f 1099 1094 1088
f 1101 1102 1077
f 1101 1077 1076
f 1100 1095 1084
f 1100 1084 1094
f 1088 1077 1102
f 1088 1102 1099
f 1076 1089 1098
f 1076 1098 1101
f 1092 1085 1096
f 1092 1096 1097
f 1094 1093 1087
f 1094 1087 1088
f 1103 1104 1083
f 1103 1083 1086
f 1079 1105 1091
f 1079 1091 1090
f 1106 1107 1087
f 1106 1087 1093
f 1108 1080 1075
f 1108 1075 1078
f 1104 1106 1093
f 1104 1093 1083
f 1107 1108 1078
f 1107 1078 1087
f 1080 1079 1090
f 1080 1090 1075
f 1105 1103 1086
f 1105 1086 1091
f 1106 1104 1109
f 1106 1109 1110
f 1107 1106 1110
f 1107 1110 1111
f 1104 1103 1112
f 1104 1112 1109
f 1103 1105 1113
f 1103 1113 1112
f 1108 1107 1111
f 1108 1111 1114
f 1080 1108 1114
f 1080 1114 1081
f 1105 1079 1082
f 1105 1082 1113
f 1115 1116 1117
f 1115 1117 1118
f 1119 1120 1121
f 1119 1121 1122
f 1122 1121 1116
f 1122 1116 1115
f 1118 1119 1122
f 1118 1122 1115
f 1120 1117 1116
f 1120 1116 1121
f 936 938 941
f 936 941 943
f 937 936 943
f 937 943 1123
f 929 1123 943
f 929 943 942
f 170 169 1124
f 170 1124 935
f 939 936 935
f 930 929 942
f 930 942 1125
f 92 100 944
f 92 944 958
f 93 92 958
f 93 958 956
f 96 93 956
f 96 956 954
f 94 96 954
f 94 954 952
f 98 94 952
f 98 952 950
f 99 98 950
f 99 950 948
f 102 99 948
f 102 948 945
f 100 102 945
f 100 945 944
f 106 1126 960
f 106 960 970
f 107 106 970
f 107 970 968
f 1127 107 968
f 1127 968 966
f 104 1127 966
f 104 966 964
f 105 104 964
f 105 964 961
f 1126 105 961
f 1126 961 960
f 111 110 976
f 111 976 980
f 1128 111 980
f 1128 980 1129
f 110 928 977
f 110 977 976
f 928 927 1130
f 928 1130 977
f 147 149 150
f 147 150 148
f 1131 1132 1133
f 1131 1133 1134
f 1135 140 139
f 1135 139 1136
f 141 1137 1138
f 141 1138 142
f 145 1139 1140
f 145 1140 146
f 1141 1142 1132
f 1141 1132 1131
f 1143 152 140
f 1143 140 1135
f 153 1144 1145
f 153 1145 154
f 154 1145 1146
f 154 1146 157
f 159 157 1146
f 159 1146 1147
f 1138 1136 139
f 1138 139 142
f 1147 1146 1134
f 1147 1134 123
f 1137 1133 1136
f 1137 1136 1138
f 161 1148 1149
f 161 1149 162
f 165 1150 1148
f 165 1148 161
f 165 168 1151
f 165 1151 1150
f 1150 1151 118
f 1150 118 1148
f 1149 1152 169
f 1149 169 162
f 1153 1154 1155
f 1153 1155 1156
f 1157 1158 1159
f 1157 1159 1160
f 1161 1162 1163
f 1161 1163 1164
f 1165 1166 1167
f 1165 1167 1168
f 1169 1170 1171
f 1169 1171 1172
f 1173 1174 1175
f 1173 1175 1176
f 1177 1178 1179
f 1177 1179 1180
f 1181 1182 1183
f 1181 1183 1184
f 1185 1186 1187
f 1185 1187 1188
f 1189 1184 1183
f 1189 1183 1190
f 1191 1192 1193
f 1191 1193 1194
f 213 1178 1195
f 213 1195 214
f 1196 1197 1198
f 1196 1198 1199
f 1197 1189 1190
f 1197 1190 1198
f 1178 1177 1200
f 1178 1200 1195
f 1177 1191 1194
f 1177 1194 1200
f 1191 1177 1180
f 1191 1180 1201
f 1202 224 223
f 1202 223 1199
f 1182 1203 1190
f 1182 1190 1183
f 1203 1204 1198
f 1203 1198 1190
f 1204 1202 1199
f 1204 1199 1198
f 1205 1206 1202
f 1205 1202 1204
f 229 1196 1199
f 229 1199 223
f 1207 1208 1203
f 1207 1203 1182
f 1178 213 232
f 1178 232 1179
f 1209 1207 1182
f 1209 1182 1181
f 1192 1186 1185
f 1192 1185 1193
f 1188 1187 1210
f 1188 1210 1211
f 1211 1210 1207
f 1211 1207 1209
f 1212 238 237
f 1212 237 1206
f 1187 1201 1213
f 1187 1213 1210
f 1210 1213 1208
f 1210 1208 1207
f 1180 1179 1212
f 1180 1212 1214
f 1214 1212 1206
f 1214 1206 1205
f 1213 1214 1205
f 1213 1205 1208
f 241 1215 1206
f 241 1206 237
f 1179 232 244
f 1179 244 1216
f 1201 1180 1217
f 1201 1217 1218
f 1219 1220 1208
f 1219 1208 1205
f 1202 1221 249
f 1202 249 224
f 1203 1222 1223
f 1203 1223 1204
f 1219 1205 1204
f 1219 1204 1223
f 1217 1180 1214
f 1217 1214 1224
f 1216 1225 1212
f 1216 1212 1179
f 1215 1221 1202
f 1215 1202 1206
f 1218 1226 1213
f 1218 1213 1201
f 1220 1222 1203
f 1220 1203 1208
f 1224 1214 1213
f 1224 1213 1226
f 256 238 1212
f 256 1212 1225
f 1227 1228 1229
f 1227 1229 1230
f 261 1231 1232
f 261 1232 262
f 1228 1233 1234
f 1228 1234 1229
f 1235 1228 1227
f 1235 1227 1236
f 1231 1230 1229
f 1231 1229 1232
f 269 1235 1236
f 269 1236 270
f 1222 1220 1219
f 1222 1219 1223
f 1217 1224 1226
f 1217 1226 1218
f 1225 1216 244
f 1225 244 256
f 1221 1215 241
f 1221 241 249
f 1237 1238 1239
f 1237 1239 1240
f 1240 1241 1242
f 1240 1242 1237
f 1243 1244 1245
f 1243 1245 1246
f 1247 1243 1246
f 1247 1246 1248
f 1249 1242 1241
f 1249 1241 1250
f 1238 1247 1248
f 1238 1248 1239
f 1249 1244 1251
f 1249 1251 1252
f 1237 1242 1253
f 1237 1253 1254
f 1250 1245 1244
f 1250 1244 1249
f 1255 1256 1247
f 1255 1247 1238
f 1252 1253 1242
f 1252 1242 1249
f 1256 1257 1243
f 1256 1243 1247
f 1257 1251 1244
f 1257 1244 1243
f 1254 1255 1238
f 1254 1238 1237
f 1234 1258 1259
f 1234 1259 1260
f 269 296 1261
f 269 1261 1235
f 1229 1234 1260
f 1229 1260 1232
f 1232 1260 297
f 1232 297 262
f 1235 1261 1233
f 1235 1233 1228
f 1260 1259 298
f 1260 298 297
f 296 300 1262
f 296 1262 1261
f 1261 1262 1263
f 1261 1263 1233
f 1233 1263 1258
f 1233 1258 1234
f 309 302 303
f 309 303 308
f 302 1264 1265
f 302 1265 303
f 1266 309 308
f 1266 308 1267
f 1268 1269 1270
f 1268 1270 1271
f 1272 315 309
f 1272 309 1266
f 1264 1273 1274
f 1264 1274 1265
f 318 1268 1271
f 318 1271 319
f 319 1271 1264
f 319 1264 302
f 321 318 319
f 321 319 315
f 315 319 302
f 315 302 309
f 1271 1270 1273
f 1271 1273 1264
f 1273 1266 1267
f 1273 1267 1274
f 1269 1275 1272
f 1269 1272 1270
f 1270 1272 1266
f 1270 1266 1273
f 1275 321 315
f 1275 315 1272
f 1167 1276 1277
f 1167 1277 1278
f 1176 1279 1280
f 1176 1280 1281
f 1282 1283 1284
f 1282 1284 1285
f 1286 1287 1288
f 1286 1288 1170
f 1173 1289 1279
f 1173 1279 1176
f 1162 1290 1291
f 1162 1291 1161
f 1291 1292 1293
f 1291 1293 1289
f 1170 1288 1294
f 1170 1294 1169
f 1295 1296 1297
f 1295 1297 1158
f 1281 1280 1293
f 1281 1293 1298
f 1299 1300 1301
f 1299 1301 1302
f 1290 1301 1292
f 1290 1292 1291
f 1303 1284 1283
f 1303 1283 1304
f 1285 1284 1305
f 1285 1305 1306
f 1306 1295 1158
f 1306 1158 1157
f 1297 1296 1305
f 1297 1305 1307
f 1288 1287 1302
f 1288 1302 1294
f 1289 1293 1280
f 1289 1280 1279
f 1306 1305 1296
f 1306 1296 1295
f 1308 1292 1301
f 1308 1301 1300
f 1278 1277 1283
f 1278 1283 1282
f 1307 1305 1284
f 1307 1284 1303
f 1154 1303 1304
f 1154 1304 1153
f 1282 1285 1154
f 1282 1154 1153
f 1299 1302 1287
f 1299 1287 1286
f 1158 1297 1307
f 1158 1307 1157
f 1176 1281 1298
f 1176 1298 1173
f 1161 1308 1300
f 1161 1300 1162
f 1308 1298 1293
f 1308 1293 1292
f 1169 1299 1286
f 1169 1286 1170
f 1294 1302 1301
f 1294 1301 1290
f 1304 1283 1277
f 1304 1277 1276
f 1309 358 357
f 1309 357 1310
f 358 397 394
f 358 394 357
f 1311 1312 1313
f 1311 1313 1314
f 1315 1316 1317
f 1315 1317 1318
f 1317 1314 1319
f 1317 1319 1320
f 1321 1322 1323
f 1321 1323 1324
f 1316 1311 1314
f 1316 1314 1317
f 1325 1326 1327
f 1325 1327 1322
f 1328 1329 1330
f 1328 1330 1331
f 1332 1331 1330
f 1332 1330 1319
f 1322 1327 1333
f 1322 1333 1334
f 1335 1328 1331
f 1335 1331 1332
f 1336 1337 1338
f 1336 1338 1339
f 1340 1335 1332
f 1340 1332 1341
f 1342 1321 1324
f 1342 1324 1343
f 1318 1317 1320
f 1318 1320 1310
f 1344 1345 1320
f 1344 1320 1319
f 394 1318 1310
f 394 1310 357
f 395 1342 1343
f 395 1343 396
f 397 1315 1318
f 397 1318 394
f 1345 1309 1310
f 1345 1310 1320
f 1321 1342 1346
f 1321 1346 1347
f 1347 1346 1309
f 1347 1309 1345
f 396 1343 1348
f 396 1348 400
f 400 1348 1315
f 400 1315 397
f 1322 1321 1347
f 1322 1347 1325
f 1325 1347 1345
f 1325 1345 1344
f 1339 1334 1349
f 1339 1349 1336
f 1336 1349 1335
f 1336 1335 1340
f 1341 1313 1312
f 1341 1312 1340
f 1340 1312 1337
f 1340 1337 1336
f 1334 1333 1350
f 1334 1350 1349
f 1349 1350 1328
f 1349 1328 1335
f 1333 1327 1326
f 1333 1326 1350
f 1350 1326 1329
f 1350 1329 1328
f 1319 1330 1329
f 1319 1329 1344
f 1344 1329 1326
f 1344 1326 1325
f 1324 1323 1351
f 1324 1351 1352
f 1352 1351 1311
f 1352 1311 1316
f 1343 1324 1352
f 1343 1352 1348
f 1348 1352 1316
f 1348 1316 1315
f 1323 1338 1337
f 1323 1337 1351
f 1351 1337 1312
f 1351 1312 1311
f 395 396 400
f 395 400 406
f 406 400 397
f 406 397 358
f 1342 395 406
f 1342 406 1346
f 1346 406 358
f 1346 358 1309
f 1353 1354 1355
f 1353 1355 1356
f 1357 1358 1359
f 1357 1359 1360
f 1358 1361 1362
f 1358 1362 1359
f 1361 1363 1364
f 1361 1364 1362
f 1363 1365 1366
f 1363 1366 1364
f 1365 1367 1368
f 1365 1368 1366
f 1367 1369 1370
f 1367 1370 1368
f 1369 1371 1372
f 1369 1372 1370
f 1371 1373 1374
f 1371 1374 1372
f 1373 1375 1376
f 1373 1376 1374
f 1375 1377 1378
f 1375 1378 1376
f 1377 1379 1380
f 1377 1380 1378
f 1379 1381 1382
f 1379 1382 1380
f 1381 1383 1384
f 1381 1384 1382
f 1383 1385 1386
f 1383 1386 1384
f 1385 1387 1388
f 1385 1388 1386
f 1387 1389 1390
f 1387 1390 1388
f 1389 1353 1356
f 1389 1356 1390
f 1354 1391 1392
f 1354 1392 1355
f 1391 1357 1360
f 1391 1360 1392
f 1392 1393 1394
f 1392 1394 1355
f 1360 1395 1393
f 1360 1393 1392
f 1359 1396 1395
f 1359 1395 1360
f 1362 1397 1396
f 1362 1396 1359
f 1364 1398 1397
f 1364 1397 1362
f 1366 1399 1398
f 1366 1398 1364
f 1368 1400 1399
f 1368 1399 1366
f 1370 1401 1400
f 1370 1400 1368
f 1372 1402 1401
f 1372 1401 1370
f 1374 1403 1402
f 1374 1402 1372
f 1376 1404 1403
f 1376 1403 1374
f 1378 1405 1404
f 1378 1404 1376
f 1380 1406 1405
f 1380 1405 1378
f 1382 1407 1406
f 1382 1406 1380
f 1384 1408 1407
f 1384 1407 1382
f 1386 1409 1408
f 1386 1408 1384
f 1388 1410 1409
f 1388 1409 1386
f 1390 1411 1410
f 1390 1410 1388
f 1356 1412 1411
f 1356 1411 1390
f 1355 1394 1412
f 1355 1412 1356
f 1413 1414 1415
f 1413 1415 1416
f 1417 1394 1393
f 1417 1393 1418
f 1418 1393 1395
f 1418 1395 1419
f 1419 1395 1396
f 1419 1396 1420
f 1420 1396 1397
f 1420 1397 1421
f 1421 1397 1398
f 1421 1398 1422
f 1422 1398 1399
f 1422 1399 1416
f 1416 1399 1400
f 1416 1400 1413
f 1413 1400 1401
f 1413 1401 1423
f 1423 1401 1402
f 1423 1402 1424
f 1424 1402 1403
f 1424 1403 1425
f 1425 1403 1404
f 1425 1404 1426
f 1426 1404 1405
f 1426 1405 1427
f 1427 1405 1406
f 1427 1406 1428
f 1428 1406 1407
f 1428 1407 1429
f 1429 1407 1408
f 1429 1408 1430
f 1430 1408 1409
f 1430 1409 1431
f 1431 1409 1410
f 1431 1410 1432
f 1432 1410 1411
f 1432 1411 1433
f 1433 1411 1412
f 1433 1412 1434
f 1434 1412 1394
f 1434 1394 1417
f 1435 1436 1437
f 1435 1437 1438
f 1430 1439 1440
f 1430 1440 1429
f 1423 1441 1414
f 1423 1414 1413
f 1418 1442 1443
f 1418 1443 1417
f 1431 1444 1439
f 1431 1439 1430
f 1424 1445 1441
f 1424 1441 1423
f 1419 1446 1442
f 1419 1442 1418
f 1432 1447 1444
f 1432 1444 1431
f 1425 1448 1445
f 1425 1445 1424
f 1420 1449 1446
f 1420 1446 1419
f 1433 1450 1447
f 1433 1447 1432
f 1426 1451 1448
f 1426 1448 1425
f 1421 1452 1449
f 1421 1449 1420
f 1434 1453 1450
f 1434 1450 1433
f 1427 1454 1451
f 1427 1451 1426
f 1422 1455 1452
f 1422 1452 1421
f 1417 1443 1453
f 1417 1453 1434
f 1428 1456 1454
f 1428 1454 1427
f 1416 1415 1455
f 1416 1455 1422
f 1429 1440 1456
f 1429 1456 1428
f 1457 1458 1459
f 1457 1459 1460
f 1461 1462 1463
f 1461 1463 1464
f 1465 1466 1467
f 1465 1467 1468
f 1469 1470 1436
f 1469 1436 1435
f 1471 1472 1462
f 1471 1462 1461
f 1473 1474 1466
f 1473 1466 1465
f 1475 1476 1470
f 1475 1470 1469
f 1477 1478 1474
f 1477 1474 1473
f 1479 1480 1476
f 1479 1476 1475
f 1481 1482 1478
f 1481 1478 1477
f 1483 1484 1480
f 1483 1480 1479
f 1485 1486 1472
f 1485 1472 1471
f 1487 1488 1482
f 1487 1482 1481
f 1489 1490 1484
f 1489 1484 1483
f 1491 1492 1486
f 1491 1486 1485
f 1493 1494 1488
f 1493 1488 1487
f 1495 1496 1490
f 1495 1490 1489
f 1438 1437 1492
f 1438 1492 1491
f 1464 1463 1494
f 1464 1494 1493
f 1468 1467 1496
f 1468 1496 1495
f 1497 1472 1486
f 1497 1486 1498
f 1498 1486 1492
f 1498 1492 1499
f 1499 1492 1437
f 1499 1437 1500
f 1500 1437 1436
f 1500 1436 1501
f 1501 1436 1470
f 1501 1470 1502
f 1502 1470 1476
f 1502 1476 1503
f 1503 1476 1480
f 1503 1480 1504
f 1504 1480 1484
f 1504 1484 1505
f 1505 1484 1490
f 1505 1490 1506
f 1506 1490 1496
f 1506 1496 1507
f 1507 1496 1467
f 1507 1467 1508
f 1508 1467 1466
f 1508 1466 1509
f 1509 1466 1474
f 1509 1474 1510
f 1510 1474 1478
f 1510 1478 1511
f 1511 1478 1482
f 1511 1482 1512
f 1512 1482 1488
f 1512 1488 1513
f 1513 1488 1494
f 1513 1494 1514
f 1514 1494 1463
f 1514 1463 1515
f 1515 1463 1462
f 1515 1462 1516
f 1516 1462 1472
f 1516 1472 1497
f 1517 1518 1519
f 1517 1519 1520
f 1521 1522 1523
f 1521 1523 1524
f 1525 1526 1527
f 1525 1527 1528
f 1529 1530 1522
f 1529 1522 1521
f 1531 1532 1526
f 1531 1526 1525
f 1533 1534 1530
f 1533 1530 1529
f 1535 1536 1532
f 1535 1532 1531
f 1537 1538 1534
f 1537 1534 1533
f 1539 1540 1536
f 1539 1536 1535
f 1541 1542 1458
f 1541 1458 1457
f 1543 1544 1538
f 1543 1538 1537
f 1545 1546 1540
f 1545 1540 1539
f 1547 1548 1542
f 1547 1542 1541
f 1520 1519 1544
f 1520 1544 1543
f 1549 1550 1546
f 1549 1546 1545
f 1551 1552 1548
f 1551 1548 1547
f 1524 1523 1550
f 1524 1550 1549
f 1528 1527 1552
f 1528 1552 1551
f 1553 1518 1459
f 1553 1459 1554
f 1554 1459 1458
f 1554 1458 1555
f 1555 1458 1542
f 1555 1542 1556
f 1556 1542 1548
f 1556 1548 1557
f 1557 1548 1552
f 1557 1552 1558
f 1558 1552 1527
f 1558 1527 1559
f 1559 1527 1526
f 1559 1526 1560
f 1560 1526 1532
f 1560 1532 1561
f 1561 1532 1536
f 1561 1536 1562
f 1562 1536 1540
f 1562 1540 1563
f 1563 1540 1546
f 1563 1546 1564
f 1564 1546 1550
f 1564 1550 1565
f 1565 1550 1523
f 1565 1523 1566
f 1566 1523 1522
f 1566 1522 1567
f 1567 1522 1530
f 1567 1530 1568
f 1568 1530 1534
f 1568 1534 1569
f 1569 1534 1538
f 1569 1538 1570
f 1570 1538 1544
f 1570 1544 1571
f 1571 1544 1519
f 1571 1519 1572
f 1572 1519 1518
f 1572 1518 1553
f 1460 1459 1518
f 1460 1518 1517
f 1414 1573 1574
f 1414 1574 1415
f 1450 1464 1493
f 1450 1493 1447
f 1441 1575 1576
f 1441 1576 1483
f 1448 1495 1489
f 1448 1489 1445
f 1495 1577 1578
f 1495 1578 1468
f 1446 1491 1485
f 1446 1485 1442
f 1481 1579 1580
f 1481 1580 1439
f 1444 1487 1481
f 1444 1481 1439
f 1453 1581 1582
f 1453 1582 1450
f 1441 1483 1479
f 1441 1479 1414
f 1455 1583 1584
f 1455 1584 1452
f 1479 1585 1573
f 1479 1573 1414
f 1440 1477 1473
f 1440 1473 1456
f 1415 1475 1469
f 1415 1469 1455
f 1475 1586 1585
f 1475 1585 1479
f 1443 1471 1461
f 1443 1461 1453
f 1440 1587 1588
f 1440 1588 1477
f 1454 1465 1468
f 1454 1468 1451
f 1468 1578 1589
f 1468 1589 1451
f 1452 1435 1438
f 1452 1438 1449
f 1589 1578 1577
f 1589 1577 1590
f 1591 1592 1593
f 1591 1593 1594
f 1595 1596 1597
f 1595 1597 1598
f 1599 1600 1576
f 1599 1576 1575
f 1601 1602 1603
f 1601 1603 1604
f 1580 1579 1588
f 1580 1588 1587
f 1573 1585 1586
f 1573 1586 1574
f 1605 1606 1607
f 1605 1607 1608
f 1583 1609 1610
f 1583 1610 1584
f 1581 1611 1612
f 1581 1612 1582
f 1465 1607 1606
f 1465 1606 1473
f 1485 1602 1601
f 1485 1601 1442
f 1452 1584 1610
f 1452 1610 1435
f 1491 1593 1592
f 1491 1592 1438
f 1444 1598 1597
f 1444 1597 1487
f 1445 1599 1575
f 1445 1575 1441
f 1435 1610 1609
f 1435 1609 1469
f 1489 1600 1599
f 1489 1599 1445
f 1461 1611 1581
f 1461 1581 1453
f 1487 1597 1596
f 1487 1596 1493
f 1451 1589 1590
f 1451 1590 1448
f 1446 1594 1593
f 1446 1593 1491
f 1464 1612 1611
f 1464 1611 1461
f 1493 1596 1595
f 1493 1595 1447
f 1454 1608 1607
f 1454 1607 1465
f 1483 1576 1600
f 1483 1600 1489
f 1448 1590 1577
f 1448 1577 1495
f 1456 1605 1608
f 1456 1608 1454
f 1438 1592 1591
f 1438 1591 1449
f 1469 1609 1583
f 1469 1583 1455
f 1443 1604 1603
f 1443 1603 1471
f 1442 1601 1604
f 1442 1604 1443
f 1471 1603 1602
f 1471 1602 1485
f 1439 1580 1587
f 1439 1587 1440
f 1450 1582 1612
f 1450 1612 1464
f 1473 1606 1605
f 1473 1605 1456
f 1415 1574 1586
f 1415 1586 1475
f 1449 1591 1594
f 1449 1594 1446
f 1477 1588 1579
f 1477 1579 1481
f 1447 1595 1598
f 1447 1598 1444
f 1498 1460 1517
f 1498 1517 1497
f 1503 1528 1551
f 1503 1551 1502
f 1510 1524 1549
f 1510 1549 1509
f 1502 1551 1547
f 1502 1547 1501
f 1509 1549 1545
f 1509 1545 1508
f 1516 1520 1543
f 1516 1543 1515
f 1501 1547 1541
f 1501 1541 1500
f 1508 1545 1539
f 1508 1539 1507
f 1515 1543 1537
f 1515 1537 1514
f 1500 1541 1457
f 1500 1457 1499
f 1507 1539 1535
f 1507 1535 1506
f 1514 1537 1533
f 1514 1533 1513
f 1506 1535 1531
f 1506 1531 1505
f 1513 1533 1529
f 1513 1529 1512
f 1505 1531 1525
f 1505 1525 1504
f 1512 1529 1521
f 1512 1521 1511
f 1504 1525 1528
f 1504 1528 1503
f 1511 1521 1524
f 1511 1524 1510
f 1497 1517 1520
f 1497 1520 1516
f 1499 1457 1460
f 1499 1460 1498
f 1613 1614 1615
f 1613 1615 1616
f 1617 1618 1619
f 1617 1619 1620
f 1618 1621 1622
f 1618 1622 1619
f 1621 1623 1624
f 1621 1624 1622
f 1623 1625 1626
f 1623 1626 1624
f 1625 1627 1628
f 1625 1628 1626
f 1627 1629 1630
f 1627 1630 1628
f 1629 1631 1632
f 1629 1632 1630
f 1631 1633 1634
f 1631 1634 1632
f 1633 1635 1636
f 1633 1636 1634
f 1635 1637 1638
f 1635 1638 1636
f 1637 1639 1640
f 1637 1640 1638
f 1639 1641 1642
f 1639 1642 1640
f 1641 1643 1644
f 1641 1644 1642
f 1643 1645 1646
f 1643 1646 1644
f 1645 1647 1648
f 1645 1648 1646
f 1647 1649 1650
f 1647 1650 1648
f 1649 1613 1616
f 1649 1616 1650
f 1614 1651 1652
f 1614 1652 1615
f 1651 1617 1620
f 1651 1620 1652
f 1652 1653 1654
f 1652 1654 1615
f 1620 1655 1653
f 1620 1653 1652
f 1619 1656 1655
f 1619 1655 1620
f 1622 1657 1656
f 1622 1656 1619
f 1624 1658 1657
f 1624 1657 1622
f 1626 1659 1658
f 1626 1658 1624
f 1628 1660 1659
f 1628 1659 1626
f 1630 1661 1660
f 1630 1660 1628
f 1632 1662 1661
f 1632 1661 1630
f 1634 1663 1662
f 1634 1662 1632
f 1636 1664 1663
f 1636 1663 1634
f 1638 1665 1664
f 1638 1664 1636
f 1640 1666 1665
f 1640 1665 1638
f 1642 1667 1666
f 1642 1666 1640
f 1644 1668 1667
f 1644 1667 1642
f 1646 1669 1668
f 1646 1668 1644
f 1648 1670 1669
f 1648 1669 1646
f 1650 1671 1670
f 1650 1670 1648
f 1616 1672 1671
f 1616 1671 1650
f 1615 1654 1672
f 1615 1672 1616
f 1673 1674 1675
f 1673 1675 1676
f 1677 1654 1653
f 1677 1653 1678
f 1678 1653 1655
f 1678 1655 1679
f 1679 1655 1656
f 1679 1656 1680
f 1680 1656 1657
f 1680 1657 1681
f 1681 1657 1658
f 1681 1658 1682
f 1682 1658 1659
f 1682 1659 1676
f 1676 1659 1660
f 1676 1660 1673
f 1673 1660 1661
f 1673 1661 1683
f 1683 1661 1662
f 1683 1662 1684
f 1684 1662 1663
f 1684 1663 1685
f 1685 1663 1664
f 1685 1664 1686
f 1686 1664 1665
f 1686 1665 1687
f 1687 1665 1666
f 1687 1666 1688
f 1688 1666 1667
f 1688 1667 1689
f 1689 1667 1668
f 1689 1668 1690
f 1690 1668 1669
f 1690 1669 1691
f 1691 1669 1670
f 1691 1670 1692
f 1692 1670 1671
f 1692 1671 1693
f 1693 1671 1672
f 1693 1672 1694
f 1694 1672 1654
f 1694 1654 1677
f 1695 1696 1697
f 1695 1697 1698
f 1690 1699 1700
f 1690 1700 1689
f 1683 1701 1674
f 1683 1674 1673
f 1678 1702 1703
f 1678 1703 1677
f 1691 1704 1699
f 1691 1699 1690
f 1684 1705 1701
f 1684 1701 1683
f 1679 1706 1702
f 1679 1702 1678
f 1692 1707 1704
f 1692 1704 1691
f 1685 1708 1705
f 1685 1705 1684
f 1680 1709 1706
f 1680 1706 1679
f 1693 1710 1707
f 1693 1707 1692
f 1686 1711 1708
f 1686 1708 1685
f 1681 1712 1709
f 1681 1709 1680
f 1694 1713 1710
f 1694 1710 1693
f 1687 1714 1711
f 1687 1711 1686
f 1682 1715 1712
f 1682 1712 1681
f 1677 1703 1713
f 1677 1713 1694
f 1688 1716 1714
f 1688 1714 1687
f 1676 1675 1715
f 1676 1715 1682
f 1689 1700 1716
f 1689 1716 1688
f 1717 1718 1719
f 1717 1719 1720
f 1721 1722 1723
f 1721 1723 1724
f 1725 1726 1727
f 1725 1727 1728
f 1729 1730 1696
f 1729 1696 1695
f 1731 1732 1722
f 1731 1722 1721
f 1733 1734 1726
f 1733 1726 1725
f 1735 1736 1730
f 1735 1730 1729
f 1737 1738 1734
f 1737 1734 1733
f 1739 1740 1736
f 1739 1736 1735
f 1741 1742 1738
f 1741 1738 1737
f 1743 1744 1740
f 1743 1740 1739
f 1745 1746 1732
f 1745 1732 1731
f 1747 1748 1742
f 1747 1742 1741
f 1749 1750 1744
f 1749 1744 1743
f 1751 1752 1746
f 1751 1746 1745
f 1753 1754 1748
f 1753 1748 1747
f 1755 1756 1750
f 1755 1750 1749
f 1698 1697 1752
f 1698 1752 1751
f 1724 1723 1754
f 1724 1754 1753
f 1728 1727 1756
f 1728 1756 1755
f 1757 1732 1746
f 1757 1746 1758
f 1758 1746 1752
f 1758 1752 1759
f 1759 1752 1697
f 1759 1697 1760
f 1760 1697 1696
f 1760 1696 1761
f 1761 1696 1730
f 1761 1730 1762
f 1762 1730 1736
f 1762 1736 1763
f 1763 1736 1740
f 1763 1740 1764
f 1764 1740 1744
f 1764 1744 1765
f 1765 1744 1750
f 1765 1750 1766
f 1766 1750 1756
f 1766 1756 1767
f 1767 1756 1727
f 1767 1727 1768
f 1768 1727 1726
f 1768 1726 1769
f 1769 1726 1734
f 1769 1734 1770
f 1770 1734 1738
f 1770 1738 1771
f 1771 1738 1742
f 1771 1742 1772
f 1772 1742 1748
f 1772 1748 1773
f 1773 1748 1754
f 1773 1754 1774
f 1774 1754 1723
f 1774 1723 1775
f 1775 1723 1722
f 1775 1722 1776
f 1776 1722 1732
f 1776 1732 1757
f 1777 1778 1779
f 1777 1779 1780
f 1781 1782 1783
f 1781 1783 1784
f 1785 1786 1787
f 1785 1787 1788
f 1789 1790 1782
f 1789 1782 1781
f 1791 1792 1786
f 1791 1786 1785
f 1793 1794 1790
f 1793 1790 1789
f 1795 1796 1792
f 1795 1792 1791
f 1797 1798 1794
f 1797 1794 1793
f 1799 1800 1796
f 1799 1796 1795
f 1801 1802 1718
f 1801 1718 1717
f 1803 1804 1798
f 1803 1798 1797
f 1805 1806 1800
f 1805 1800 1799
f 1807 1808 1802
f 1807 1802 1801
f 1780 1779 1804
f 1780 1804 1803
f 1809 1810 1806
f 1809 1806 1805
f 1811 1812 1808
f 1811 1808 1807
f 1784 1783 1810
f 1784 1810 1809
f 1788 1787 1812
f 1788 1812 1811
f 1813 1778 1719
f 1813 1719 1814
f 1814 1719 1718
f 1814 1718 1815
f 1815 1718 1802
f 1815 1802 1816
f 1816 1802 1808
f 1816 1808 1817
f 1817 1808 1812
f 1817 1812 1818
f 1818 1812 1787
f 1818 1787 1819
f 1819 1787 1786
f 1819 1786 1820
f 1820 1786 1792
f 1820 1792 1821
f 1821 1792 1796
f 1821 1796 1822
f 1822 1796 1800
f 1822 1800 1823
f 1823 1800 1806
f 1823 1806 1824
f 1824 1806 1810
f 1824 1810 1825
f 1825 1810 1783
f 1825 1783 1826
f 1826 1783 1782
f 1826 1782 1827
f 1827 1782 1790
f 1827 1790 1828
f 1828 1790 1794
f 1828 1794 1829
f 1829 1794 1798
f 1829 1798 1830
f 1830 1798 1804
f 1830 1804 1831
f 1831 1804 1779
f 1831 1779 1832
f 1832 1779 1778
f 1832 1778 1813
f 1720 1719 1778
f 1720 1778 1777
f 1674 1833 1834
f 1674 1834 1675
f 1710 1724 1753
f 1710 1753 1707
f 1701 1835 1836
f 1701 1836 1743
f 1708 1755 1749
f 1708 1749 1705
f 1755 1837 1838
f 1755 1838 1728
f 1706 1751 1745
f 1706 1745 1702
f 1741 1839 1840
f 1741 1840 1699
f 1704 1747 1741
f 1704 1741 1699
f 1713 1841 1842
f 1713 1842 1710
f 1701 1743 1739
f 1701 1739 1674
f 1715 1843 1844
f 1715 1844 1712
f 1739 1845 1833
f 1739 1833 1674
f 1700 1737 1733
f 1700 1733 1716
f 1675 1735 1729
f 1675 1729 1715
f 1735 1846 1845
f 1735 1845 1739
f 1703 1731 1721
f 1703 1721 1713
f 1700 1847 1848
f 1700 1848 1737
f 1714 1725 1728
f 1714 1728 1711
f 1728 1838 1849
f 1728 1849 1711
f 1712 1695 1698
f 1712 1698 1709
f 1849 1838 1837
f 1849 1837 1850
f 1851 1852 1853
f 1851 1853 1854
f 1855 1856 1857
f 1855 1857 1858
f 1859 1860 1836
f 1859 1836 1835
f 1861 1862 1863
f 1861 1863 1864
f 1840 1839 1848
f 1840 1848 1847
f 1833 1845 1846
f 1833 1846 1834
f 1865 1866 1867
f 1865 1867 1868
f 1843 1869 1870
f 1843 1870 1844
f 1841 1871 1872
f 1841 1872 1842
f 1725 1867 1866
f 1725 1866 1733
f 1745 1862 1861
f 1745 1861 1702
f 1712 1844 1870
f 1712 1870 1695
f 1751 1853 1852
f 1751 1852 1698
f 1704 1858 1857
f 1704 1857 1747
f 1705 1859 1835
f 1705 1835 1701
f 1695 1870 1869
f 1695 1869 1729
f 1749 1860 1859
f 1749 1859 1705
f 1721 1871 1841
f 1721 1841 1713
f 1747 1857 1856
f 1747 1856 1753
f 1711 1849 1850
f 1711 1850 1708
f 1706 1854 1853
f 1706 1853 1751
f 1724 1872 1871
f 1724 1871 1721
f 1753 1856 1855
f 1753 1855 1707
f 1714 1868 1867
f 1714 1867 1725
f 1743 1836 1860
f 1743 1860 1749
f 1708 1850 1837
f 1708 1837 1755
f 1716 1865 1868
f 1716 1868 1714
f 1698 1852 1851
f 1698 1851 1709
f 1729 1869 1843
f 1729 1843 1715
f 1703 1864 1863
f 1703 1863 1731
f 1702 1861 1864
f 1702 1864 1703
f 1731 1863 1862
f 1731 1862 1745
f 1699 1840 1847
f 1699 1847 1700
f 1710 1842 1872
f 1710 1872 1724
f 1733 1866 1865
f 1733 1865 1716
f 1675 1834 1846
f 1675 1846 1735
f 1709 1851 1854
f 1709 1854 1706
f 1737 1848 1839
f 1737 1839 1741
f 1707 1855 1858
f 1707 1858 1704
f 1758 1720 1777
f 1758 1777 1757
f 1763 1788 1811
f 1763 1811 1762
f 1770 1784 1809
f 1770 1809 1769
f 1762 1811 1807
f 1762 1807 1761
f 1769 1809 1805
f 1769 1805 1768
f 1776 1780 1803
f 1776 1803 1775
f 1761 1807 1801
f 1761 1801 1760
f 1768 1805 1799
f 1768 1799 1767
f 1775 1803 1797
f 1775 1797 1774
f 1760 1801 1717
f 1760 1717 1759
f 1767 1799 1795
f 1767 1795 1766
f 1774 1797 1793
f 1774 1793 1773
f 1766 1795 1791
f 1766 1791 1765
f 1773 1793 1789
f 1773 1789 1772
f 1765 1791 1785
f 1765 1785 1764
f 1772 1789 1781
f 1772 1781 1771
f 1764 1785 1788
f 1764 1788 1763
f 1771 1781 1784
f 1771 1784 1770
f 1757 1777 1780
f 1757 1780 1776
f 1759 1717 1720
f 1759 1720 1758
f 1147 1873 927
f 1147 927 159
f 1137 141 930
f 1137 930 1874
f 931 934 1875
f 931 1875 1876
f 1877 1152 1878
f 1877 1878 1879
f 1880 1881 1882
f 1880 1882 1883
f 1884 1882 1881
f 1884 1881 1885
f 123 122 119
f 123 119 118
f 117 118 120
f 117 120 115
f 1886 1887 1888
f 1886 1888 1889
f 1889 1888 1890
f 1889 1890 1891
f 1891 1890 1892
f 1891 1892 1893
f 1893 1892 1894
f 1893 1894 1895
f 1895 1894 1896
f 1895 1896 1897
f 1897 1896 1898
f 1897 1898 1899
f 1899 1898 1900
f 1899 1900 1901
f 1901 1900 1887
f 1901 1887 1886
f 1902 1903 1904
f 1902 1904 1905
f 1905 1904 1906
f 1905 1906 1907
f 1907 1906 1908
f 1907 1908 1909
f 1909 1908 1910
f 1909 1910 1911
f 1911 1910 1912
f 1911 1912 1913
f 1913 1912 1903
f 1913 1903 1902
f 972 1914 1915
f 972 1915 973
f 1916 1917 1918
f 1916 1918 1919
f 1920 1921 1917
f 1920 1917 1916
f 1922 985 984
f 1922 984 1923
f 985 998 999
f 985 999 984
f 1924 1925 1926
f 1924 1926 1927
f 1925 1928 1929
f 1925 1929 1926
f 1930 1931 1932
f 1930 1932 1933
f 1927 1926 1929
f 1927 1929 1923
f 1932 1931 1928
f 1932 1928 1925
f 1933 1932 1925
f 1933 1925 1924
f 996 997 998
f 996 998 985
f 1930 996 985
f 1930 985 1922
f 1931 1930 1922
f 1931 1922 1928
f 997 1933 1924
f 997 1924 998
f 999 1927 1923
f 999 1923 984
f 996 1930 1933
f 996 1933 997
f 998 1924 1927
f 998 1927 999
f 1928 1922 1923
f 1928 1923 1929
f 1934 1935 1936
f 1934 1936 1937
f 1938 1939 1940
f 1938 1940 1941
f 1935 1942 1943
f 1935 1943 1936
f 1939 1934 1937
f 1939 1937 1940
f 1937 1936 1944
f 1937 1944 1945
f 1941 1940 1946
f 1941 1946 1947
f 1936 1943 1948
f 1936 1948 1944
f 1940 1937 1945
f 1940 1945 1946
f 1946 1945 1949
f 1946 1949 1950
f 1948 1951 1952
f 1948 1952 1953
f 1945 1944 1954
f 1945 1954 1949
f 1951 1947 1955
f 1951 1955 1952
f 1947 1946 1950
f 1947 1950 1955
f 1944 1948 1953
f 1944 1953 1954
f 1952 1955 1956
f 1952 1956 1957
f 1955 1950 1958
f 1955 1958 1956
f 1954 1953 1959
f 1954 1959 1960
f 1950 1949 1961
f 1950 1961 1958
f 1953 1952 1957
f 1953 1957 1959
f 1949 1954 1960
f 1949 1960 1961
f 1959 1957 1962
f 1959 1962 1963
f 1961 1960 1964
f 1961 1964 1965
f 1957 1956 1966
f 1957 1966 1962
f 1956 1958 1967
f 1956 1967 1966
f 1960 1959 1963
f 1960 1963 1964
f 1958 1961 1965
f 1958 1965 1967
f 1966 1967 1968
f 1966 1968 1969
f 1964 1963 1970
f 1964 1970 1971
f 1967 1965 1972
f 1967 1972 1968
f 1963 1962 1973
f 1963 1973 1970
f 1965 1964 1971
f 1965 1971 1972
f 1962 1966 1969
f 1962 1969 1973
f 1970 1973 1974
f 1970 1974 1975
f 1972 1971 1976
f 1972 1976 1977
f 1973 1969 1978
f 1973 1978 1974
f 1969 1968 1979
f 1969 1979 1978
f 1971 1970 1975
f 1971 1975 1976
f 1968 1972 1977
f 1968 1977 1979
f 1978 1979 1980
f 1978 1980 1981
f 1976 1975 1982
f 1976 1982 1983
f 1979 1977 1984
f 1979 1984 1980
f 1975 1974 1985
f 1975 1985 1982
f 1977 1976 1983
f 1977 1983 1984
f 1974 1978 1981
f 1974 1981 1985
f 1935 1934 1986
f 1935 1986 1987
f 1939 1938 1988
f 1939 1988 1989
f 1942 1935 1987
f 1942 1987 1990
f 1934 1939 1989
f 1934 1989 1986
f 1991 1992 1993
f 1991 1993 1994
f 1995 1996 1997
f 1995 1997 1998
f 1996 1995 1999
f 1996 1999 2000
f 2001 1997 2002
f 2001 2002 2003
f 1995 2004 2005
f 1995 2005 1999
f 1993 1992 2006
f 1993 2006 2007
f 1997 1996 2000
f 1997 2000 2002
f 2004 1993 2007
f 2004 2007 2005
f 1991 2001 2003
f 1991 2003 2008
f 1992 1991 2008
f 1992 2008 2006
f 2009 2010 2011
f 2009 2011 2012
f 2013 2014 2015
f 2013 2015 2016
f 2017 2018 2019
f 2017 2019 2020
f 2021 2022 2011
f 2021 2011 2010
f 2023 2024 2025
f 2023 2025 2026
f 2019 2018 2025
f 2019 2025 2024
f 2020 2027 2028
f 2020 2028 2017
f 2026 2009 2012
f 2026 2012 2023
f 2029 2020 2019
f 2029 2019 2030
f 2031 2024 2023
f 2031 2023 2032
f 2033 2022 2027
f 2033 2027 2034
f 2035 2012 2011
f 2035 2011 2036
f 2034 2027 2020
f 2034 2020 2029
f 2022 2033 2036
f 2022 2036 2011
f 2012 2035 2032
f 2012 2032 2023
f 2024 2031 2030
f 2024 2030 2019
f 2027 2022 2021
f 2027 2021 2028
f 2037 2018 2017
f 2037 2017 2038
f 2013 2026 2025
f 2013 2025 2039
f 2040 2028 2021
f 2040 2021 2041
f 2042 2010 2009
f 2042 2009 2016
f 2038 2017 2028
f 2038 2028 2040
f 2041 2021 2010
f 2041 2010 2042
f 2016 2009 2026
f 2016 2026 2013
f 2039 2025 2018
f 2039 2018 2037
f 2040 2043 2044
f 2040 2044 2038
f 2041 2045 2043
f 2041 2043 2040
f 2038 2044 2046
f 2038 2046 2037
f 2037 2046 2047
f 2037 2047 2039
f 2042 2048 2045
f 2042 2045 2041
f 2016 2015 2048
f 2016 2048 2042
f 2039 2047 2014
f 2039 2014 2013
f 2049 2050 2051
f 2049 2051 2052
f 2053 2054 2055
f 2053 2055 2056
f 2054 2049 2052
f 2054 2052 2055
f 2050 2049 2054
f 2050 2054 2053
f 2056 2055 2052
f 2056 2052 2051
f 1879 1885 1881
f 1879 1881 1880
f 1878 2057 1885
f 1878 1885 1879
f 1874 1884 1885
f 1874 1885 2057
f 1152 1877 1124
f 1152 1124 169
f 1883 1877 1879
f 930 1125 1884
f 930 1884 1874
f 114 1901 1886
f 114 1886 121
f 113 1899 1901
f 113 1901 114
f 116 1897 1899
f 116 1899 113
f 115 1895 1897
f 115 1897 116
f 120 1893 1895
f 120 1895 115
f 119 1891 1893
f 119 1893 120
f 122 1889 1891
f 122 1891 119
f 121 1886 1889
f 121 1889 122
f 127 1913 1902
f 127 1902 2058
f 129 1911 1913
f 129 1913 127
f 2059 1909 1911
f 2059 1911 129
f 126 1907 1909
f 126 1909 2059
f 125 1905 1907
f 125 1907 126
f 2058 1902 1905
f 2058 1905 125
f 131 1920 1916
f 131 1916 132
f 1128 1129 1920
f 1128 1920 131
f 132 1916 1919
f 132 1919 1873
f 1873 1919 1130
f 1873 1130 927
f 1140 1139 1142
f 1140 1142 1141
f 2060 2061 2062
f 2060 2062 2063
f 2064 2065 2066
f 2064 2066 2067
f 2067 2066 2068
f 2067 2068 2069
f 2069 2068 2070
f 2069 2070 2071
f 2071 2070 2072
f 2071 2072 2073
f 2073 2072 2074
f 2073 2074 2075
f 2075 2074 2076
f 2075 2076 2077
f 2077 2076 2078
f 2077 2078 2079
f 2079 2078 2080
f 2079 2080 2081
f 2081 2080 2082
f 2081 2082 2083
f 2083 2082 2084
f 2083 2084 2085
f 2085 2084 2086
f 2085 2086 2087
f 2087 2086 2088
f 2087 2088 2089
f 2089 2088 2090
f 2089 2090 2091
f 2091 2090 2092
f 2091 2092 2093
f 2093 2092 2094
f 2093 2094 2095
f 2095 2094 2096
f 2095 2096 2097
f 2097 2096 2061
f 2097 2061 2060
f 2063 2062 2098
f 2063 2098 2099
f 2099 2098 2065
f 2099 2065 2064
f 2098 2062 2100
f 2098 2100 2101
f 2065 2098 2101
f 2065 2101 2102
f 2066 2065 2102
f 2066 2102 2103
f 2068 2066 2103
f 2068 2103 2104
f 2070 2068 2104
f 2070 2104 2105
f 2072 2070 2105
f 2072 2105 2106
f 2074 2072 2106
f 2074 2106 2107
f 2076 2074 2107
f 2076 2107 2108
f 2078 2076 2108
f 2078 2108 2109
f 2080 2078 2109
f 2080 2109 2110
f 2082 2080 2110
f 2082 2110 2111
f 2084 2082 2111
f 2084 2111 2112
f 2086 2084 2112
f 2086 2112 2113
f 2088 2086 2113
f 2088 2113 2114
f 2090 2088 2114
f 2090 2114 2115
f 2092 2090 2115
f 2092 2115 2116
f 2094 2092 2116
f 2094 2116 2117
f 2096 2094 2117
f 2096 2117 2118
f 2061 2096 2118
f 2061 2118 2119
f 2062 2061 2119
f 2062 2119 2100
f 2120 2121 2101
f 2120 2101 2100
f 2121 2122 2102
f 2121 2102 2101
f 2122 2123 2103
f 2122 2103 2102
f 2123 2124 2104
f 2123 2104 2103
f 2124 2125 2105
f 2124 2105 2104
f 2125 2126 2106
f 2125 2106 2105
f 2126 2127 2107
f 2126 2107 2106
f 2127 2128 2108
f 2127 2108 2107
f 2128 2129 2109
f 2128 2109 2108
f 2129 2130 2110
f 2129 2110 2109
f 2130 2131 2111
f 2130 2111 2110
f 2131 2132 2112
f 2131 2112 2111
f 2132 2133 2113
f 2132 2113 2112
f 2133 2134 2114
f 2133 2114 2113
f 2134 2135 2115
f 2134 2115 2114
f 2135 2136 2116
f 2135 2116 2115
f 2136 2137 2117
f 2136 2117 2116
f 2137 2138 2118
f 2137 2118 2117
f 2138 2139 2119
f 2138 2119 2118
f 2139 2120 2100
f 2139 2100 2119
f 1876 1875 1883
f 1876 1883 1882
f 933 932 2140
f 933 2140 2141
f 2141 2140 2142
f 2141 2142 2143
f 2143 2142 940
f 2143 940 939
f 1915 1914 2144
f 1915 2144 2145
f 2145 2144 2146
f 2145 2146 2147
f 959 955 957
f 955 959 947
f 955 947 953
f 953 947 951
f 951 947 946
f 951 946 949
f 170 164 163
f 164 170 97
f 97 170 95
f 177 184 183
f 184 177 172
f 172 177 173
f 173 177 176
f 171 184 172
f 184 171 185
f 185 171 2148
f 175 173 176
f 173 175 174
f 174 175 2149
f 189 194 193
f 194 189 180
f 180 189 181
f 181 189 188
f 179 194 180
f 194 179 191
f 187 181 188
f 181 187 182
f 153 189 146
f 189 153 156
f 189 156 190
f 146 193 147
f 193 146 189
f 147 193 192
f 2150 134 133
f 134 2150 179
f 134 179 158
f 158 179 182
f 158 182 2151
f 158 2151 155
f 192 149 147
f 149 192 133
f 133 192 191
f 133 191 2150
f 187 155 2151
f 155 187 190
f 155 190 156
f 145 177 152
f 177 145 148
f 177 148 178
f 152 183 151
f 183 152 177
f 151 183 186
f 175 136 2149
f 136 175 178
f 136 178 148
f 137 185 2148
f 185 137 151
f 185 151 186
f 2148 138 137
f 138 2148 171
f 138 171 135
f 135 171 174
f 135 174 2149
f 135 2149 136
f 206 209 212
f 209 206 221
f 221 206 205
f 282 279 278
f 279 282 284
f 284 282 276
f 276 282 273
f 276 273 272
f 285 291 286
f 291 285 290
f 290 285 288
f 290 288 287
f 290 287 289
f 301 300 299
f 300 301 298
f 298 301 294
f 298 294 293
f 307 303 308
f 303 307 304
f 304 307 316
f 310 321 318
f 321 310 320
f 320 310 313
f 337 2151 182
f 2151 337 340
f 2151 340 187
f 350 185 324
f 185 350 2148
f 2148 350 171
f 336 191 335
f 191 336 2150
f 2150 336 179
f 354 2150 179
f 2150 354 191
f 191 354 344
f 345 2151 187
f 2151 345 182
f 182 345 348
f 349 2149 174
f 2149 349 353
f 2149 353 175
f 2148 322 185
f 322 2148 171
f 322 171 328
f 2149 329 174
f 329 2149 175
f 329 175 351
f 380 360 368
f 360 380 361
f 361 380 389
f 386 372 371
f 372 386 381
f 381 386 385
f 440 436 438
f 436 440 442
f 436 442 434
f 434 442 432
f 432 442 444
f 432 444 430
f 430 444 407
f 430 407 428
f 428 407 410
f 428 410 426
f 426 410 446
f 426 446 411
f 426 411 424
f 424 411 414
f 424 414 422
f 422 414 416
f 422 416 420
f 420 416 418
f 621 623 622
f 623 621 620
f 623 620 624
f 624 620 619
f 624 619 625
f 625 619 618
f 625 618 626
f 626 618 617
f 626 617 607
f 607 617 608
f 608 617 616
f 608 616 615
f 608 615 609
f 609 615 614
f 609 614 610
f 610 614 613
f 610 613 611
f 611 613 612
f 700 696 698
f 696 700 702
f 696 702 694
f 694 702 692
f 692 702 704
f 692 704 690
f 690 704 667
f 690 667 688
f 688 667 670
f 688 670 686
f 686 670 706
f 686 706 684
f 684 706 671
f 684 671 674
f 684 674 682
f 682 674 676
f 682 676 680
f 680 676 678
f 881 883 882
f 883 881 880
f 883 880 884
f 884 880 879
f 884 879 885
f 885 879 878
f 885 878 886
f 886 878 877
f 886 877 867
f 867 877 868
f 868 877 876
f 868 876 869
f 869 876 875
f 869 875 874
f 869 874 870
f 870 874 873
f 870 873 871
f 871 873 872
f 1127 167 97
f 167 1127 104
f 167 104 103
f 1126 103 105
f 103 1126 167
f 167 1126 160
f 942 931 1125
f 931 942 932
f 932 942 2140
f 2140 942 2142
f 2142 942 940
f 933 1124 934
f 1124 933 2141
f 1124 2141 2143
f 1124 2143 939
f 1124 939 935
f 134 144 135
f 144 134 91
f 91 134 92
f 92 134 100
f 100 134 101
f 969 965 967
f 965 969 971
f 965 971 963
f 965 963 962
f 160 108 101
f 108 160 106
f 106 160 1126
f 108 97 101
f 97 108 1127
f 1127 108 107
f 91 929 144
f 929 91 1123
f 1123 91 93
f 1123 93 937
f 937 93 96
f 937 95 170
f 95 937 96
f 928 167 160
f 167 928 110
f 167 110 109
f 975 1130 972
f 1130 975 977
f 977 975 978
f 1128 109 111
f 109 1128 168
f 109 168 167
f 974 980 981
f 980 974 973
f 980 973 1129
f 1063 1012 1005
f 1012 1063 1062
f 1012 1062 1019
f 1009 2152 1056
f 2152 1009 1058
f 1058 1009 1059
f 1014 1061 1008
f 1061 1014 1062
f 1062 1014 1019
f 1009 1071 1059
f 1071 1009 1008
f 1071 1008 1061
f 1004 1067 1005
f 1067 1004 1057
f 1005 1067 1063
f 1058 1055 2152
f 1055 1058 1004
f 1004 1058 1057
f 1099 1095 1100
f 1095 1099 1096
f 1096 1099 1102
f 1096 1102 1097
f 1097 1102 1101
f 1097 1101 1098
f 1112 1110 1109
f 1110 1112 1111
f 1111 1112 1113
f 1111 1113 1114
f 1114 1113 1082
f 1114 1082 1081
f 1896 1900 1898
f 1900 1896 1887
f 1887 1896 1894
f 1887 1894 1892
f 1887 1892 1888
f 1888 1892 1890
f 1152 118 117
f 118 1152 1149
f 118 1149 1148
f 1168 1159 1165
f 1159 1168 1156
f 1159 1156 1155
f 1159 1155 1160
f 1156 2153 1153
f 2153 1156 1167
f 1167 1156 1168
f 1160 2154 1157
f 2154 1160 1154
f 1154 1160 1155
f 1174 1171 1175
f 1171 1174 1164
f 1171 1164 1163
f 1171 1163 1172
f 1164 2155 1161
f 2155 1164 1173
f 1173 1164 1174
f 1172 2156 1169
f 2156 1172 1162
f 1162 1172 1163
f 153 1170 1144
f 1170 153 1171
f 1171 153 1175
f 1175 1140 1176
f 1140 1175 146
f 146 1175 153
f 1146 1131 1134
f 1131 1146 1161
f 1131 1161 2155
f 1161 1146 1162
f 1162 1146 2156
f 2156 1146 1145
f 2155 1141 1131
f 1141 2155 1140
f 1140 2155 1173
f 1140 1173 1176
f 1145 1169 2156
f 1169 1145 1170
f 1170 1145 1144
f 145 1158 1139
f 1158 145 1159
f 1159 145 1165
f 1165 1143 1166
f 1143 1165 152
f 152 1165 145
f 1132 1157 2154
f 1157 1132 1158
f 1158 1132 1139
f 1135 1167 1143
f 1167 1135 2153
f 1143 1167 1166
f 1133 1135 1136
f 1135 1133 1153
f 1135 1153 2153
f 1153 1133 1154
f 1154 1133 2154
f 2154 1133 1132
f 1201 1192 1191
f 1192 1201 1186
f 1186 1201 1187
f 1248 1240 1239
f 1240 1248 1241
f 1241 1248 1246
f 1241 1246 1250
f 1250 1246 1245
f 1253 1255 1254
f 1255 1253 1256
f 1256 1253 1252
f 1256 1252 1257
f 1257 1252 1251
f 298 1262 300
f 1262 298 1263
f 1263 298 1258
f 1258 298 1259
f 1267 1265 1274
f 1265 1267 303
f 303 1267 308
f 318 1269 1268
f 1269 318 1275
f 1275 318 321
f 2156 1290 1162
f 1290 2156 1294
f 1294 2156 1169
f 1167 1304 1276
f 1304 1167 2153
f 1304 2153 1153
f 1173 1291 1289
f 1291 1173 2155
f 1291 2155 1161
f 1161 1298 1308
f 1298 1161 1173
f 1169 1300 1299
f 1300 1169 1162
f 2154 1303 1154
f 1303 2154 1307
f 1307 2154 1157
f 1153 1278 1282
f 1278 1153 2153
f 1278 2153 1167
f 1157 1285 1306
f 1285 1157 2154
f 1285 2154 1154
f 1319 1341 1332
f 1341 1319 1313
f 1313 1319 1314
f 1338 1334 1339
f 1334 1338 1322
f 1322 1338 1323
f 1381 1385 1383
f 1385 1381 1379
f 1385 1379 1387
f 1387 1379 1377
f 1387 1377 1389
f 1389 1377 1375
f 1389 1375 1353
f 1353 1375 1373
f 1353 1373 1354
f 1354 1373 1371
f 1354 1371 1391
f 1391 1371 1369
f 1391 1369 1357
f 1357 1369 1367
f 1357 1367 1358
f 1358 1367 1365
f 1358 1365 1361
f 1361 1365 1363
f 1569 1567 1568
f 1567 1569 1570
f 1567 1570 1566
f 1566 1570 1571
f 1566 1571 1565
f 1565 1571 1564
f 1564 1571 1572
f 1564 1572 1563
f 1563 1572 1553
f 1563 1553 1554
f 1563 1554 1562
f 1562 1554 1555
f 1562 1555 1561
f 1561 1555 1560
f 1560 1555 1556
f 1560 1556 1557
f 1560 1557 1559
f 1559 1557 1558
f 1641 1645 1643
f 1645 1641 1639
f 1645 1639 1647
f 1647 1639 1637
f 1647 1637 1649
f 1649 1637 1635
f 1649 1635 1613
f 1613 1635 1633
f 1613 1633 1614
f 1614 1633 1631
f 1614 1631 1651
f 1651 1631 1629
f 1651 1629 1617
f 1617 1629 1627
f 1617 1627 1618
f 1618 1627 1625
f 1618 1625 1621
f 1621 1625 1623
f 1829 1827 1828
f 1827 1829 1830
f 1827 1830 1826
f 1826 1830 1831
f 1826 1831 1825
f 1825 1831 1824
f 1824 1831 1832
f 1824 1832 1823
f 1823 1832 1813
f 1823 1813 1814
f 1823 1814 1822
f 1822 1814 1815
f 1822 1815 1821
f 1821 1815 1820
f 1820 1815 1816
f 1820 1816 1817
f 1820 1817 1819
f 1819 1817 1818
f 1151 2059 118
f 2059 1151 126
f 126 1151 124
f 124 2058 125
f 2058 124 1151
f 2058 1151 1147
f 1125 1882 1884
f 1882 1125 1876
f 1876 1125 931
f 1124 1875 934
f 1875 1124 1883
f 1883 1124 1877
f 112 1133 1137
f 1133 112 1134
f 1134 112 114
f 1134 114 121
f 1134 121 123
f 1906 1910 1908
f 1910 1906 1912
f 1912 1906 1903
f 1903 1906 1904
f 128 1147 123
f 1147 128 127
f 1147 127 2058
f 118 128 123
f 128 118 2059
f 128 2059 129
f 117 1878 1152
f 1878 117 116
f 1874 112 1137
f 112 1874 2057
f 112 2057 113
f 113 2057 1878
f 113 1878 116
f 1151 1873 1147
f 1873 1151 132
f 132 1151 130
f 1918 1130 1919
f 1130 1918 2146
f 1130 2146 2144
f 1130 2144 1914
f 1130 1914 972
f 130 1128 131
f 1128 130 168
f 168 130 1151
f 1920 2147 1921
f 2147 1920 2145
f 2145 1920 1915
f 1915 1920 973
f 973 1920 1129
f 1998 1947 1951
f 1947 1998 1941
f 1941 1998 1997
f 1942 1994 1993
f 1994 1942 1990
f 1994 1990 2157
f 1948 1998 1951
f 1998 1948 1943
f 1998 1943 1995
f 1943 2004 1995
f 2004 1943 1942
f 2004 1942 1993
f 2001 1941 1997
f 1941 2001 1938
f 1938 2001 1991
f 1994 1938 1991
f 1938 1994 1988
f 1988 1994 2157
f 2030 2034 2029
f 2034 2030 2033
f 2033 2030 2031
f 2033 2031 2036
f 2036 2031 2032
f 2036 2032 2035
f 2045 2044 2043
f 2044 2045 2046
f 2046 2045 2048
f 2046 2048 2047
f 2047 2048 2015
f 2047 2015 2014
f 2083 2079 2081
f 2079 2083 2085
f 2079 2085 2077
f 2077 2085 2075
f 2075 2085 2087
f 2075 2087 2073
f 2073 2087 2089
f 2073 2089 2071
f 2071 2089 2091
f 2071 2091 2069
f 2069 2091 2093
f 2069 2093 2067
f 2067 2093 2095
f 2067 2095 2064
f 2064 2095 2097
f 2064 2097 2099
f 2099 2097 2060
f 2099 2060 2063
f 2129 2131 2130
f 2131 2129 2128
f 2131 2128 2132
f 2132 2128 2127
f 2132 2127 2133
f 2133 2127 2126
f 2133 2126 2134
f 2134 2126 2125
f 2134 2125 2135
f 2135 2125 2124
f 2135 2124 2136
f 2136 2124 2123
f 2136 2123 2137
f 2137 2123 2122
f 2137 2122 2138
f 2138 2122 2121
f 2138 2121 2139
f 2139 2121 2120
f 974 978 975
f 978 974 979
f 979 974 981
f 1917 2146 1918
f 2146 1917 2147
f 2147 1917 1921
f 2 18 8
f 8 20 2
f 33 9 27
f 27 32 33
f 21 15 16
f 16 34 21
f 32 27 28
f 28 34 32
f 36 35 30
f 30 19 36
f 26 29 14
f 14 25 26
f 8 18 12
f 12 10 8
f 37 36 19
f 19 20 37
f 17 32 34
f 34 16 17
f 11 21 34
f 34 28 11
f 31 33 32
f 32 17 31
f 35 36 33
f 33 31 35
f 36 39 38
f 38 33 36
f 37 20 8
f 8 9 37
f 48 57 43
f 43 59 48
f 53 70 52
f 68 56 52
f 67 47 72
f 72 71 67
f 54 55 60
f 60 73 54
f 66 67 71
f 71 73 66
f 69 75 74
f 74 58 69
f 56 68 63
f 63 64 56
f 50 57 48
f 48 49 50
f 58 74 76
f 76 59 58
f 73 71 53
f 53 54 73
f 73 60 51
f 51 66 73
f 71 72 70
f 70 53 71
f 72 74 75
f 75 70 72
f 72 78 77
f 77 74 72
f 48 59 76
f 76 47 48
f 33 80 81
f 81 9 33
f 74 86 85
f 85 76 74
f 9 82 83
f 83 37 9
f 47 89 90
f 90 72 47
f 76 87 88
f 88 47 76
f 36 79 39
f 84 37 83
f 82 9 81
f 80 33 38
f 86 74 77
f 76 85 87
f 47 88 89
f 72 90 78
f 37 84 79
f 79 36 37
f 91 93 92
f 94 96 95
f 97 99 98
f 100 102 101
f 103 105 104
f 106 108 107
f 109 111 110
f 112 114 113
f 115 117 116
f 118 120 119
f 121 123 122
f 124 126 125
f 127 129 128
f 130 132 131
f 158 134 101
f 101 160 158
f 135 138 143
f 143 144 135
f 168 167 166
f 166 165 168
f 167 97 164
f 164 166 167
f 170 169 162
f 162 163 170
f 174 173 172
f 172 171 174
f 178 177 176
f 176 175 178
f 182 181 180
f 180 179 182
f 186 185 184
f 184 183 186
f 190 189 188
f 188 187 190
f 194 193 192
f 192 191 194
f 239 240 196
f 196 221 239
f 226 227 231
f 231 225 226
f 206 203 211
f 211 212 206
f 196 246 245
f 245 221 196
f 248 231 227
f 227 247 248
f 252 251 226
f 226 225 252
f 227 226 251
f 251 247 227
f 196 240 253
f 253 246 196
f 254 236 197
f 197 243 254
f 250 222 228
f 228 242 250
f 255 239 221
f 221 245 255
f 252 225 231
f 231 248 252
f 240 239 255
f 255 253 240
f 260 259 258
f 258 257 260
f 260 257 268
f 268 267 260
f 258 259 263
f 263 264 258
f 248 247 251
f 251 252 248
f 253 255 245
f 245 246 253
f 274 273 272
f 272 271 274
f 276 275 271
f 271 272 276
f 275 276 284
f 284 283 275
f 281 282 273
f 273 274 281
f 280 286 285
f 285 283 280
f 275 288 287
f 287 271 275
f 279 280 283
f 283 284 279
f 290 281 274
f 274 289 290
f 288 275 283
f 283 285 288
f 289 274 271
f 271 287 289
f 294 293 292
f 292 265 294
f 299 301 266
f 266 295 299
f 301 294 265
f 265 266 301
f 313 312 311
f 311 310 313
f 317 316 304
f 304 305 317
f 312 317 305
f 305 311 312
f 306 307 316
f 316 317 306
f 320 314 312
f 312 313 320
f 314 306 317
f 317 312 314
f 321 315 314
f 314 320 321
f 324 323 322
f 322 185 324
f 327 326 325
f 325 192 327
f 331 330 329
f 329 328 331
f 334 333 190
f 190 332 334
f 335 327 192
f 192 191 335
f 337 336 179
f 179 182 337
f 339 338 335
f 335 336 339
f 333 340 187
f 187 190 333
f 343 342 178
f 178 341 343
f 326 338 344
f 344 325 326
f 347 339 336
f 336 337 347
f 330 331 350
f 350 349 330
f 330 352 351
f 351 329 330
f 341 178 175
f 175 351 341
f 343 352 353
f 353 342 343
f 334 346 340
f 340 333 334
f 338 326 327
f 327 335 338
f 352 343 341
f 341 351 352
f 323 331 328
f 328 322 323
f 352 330 349
f 349 353 352
f 349 350 171
f 171 174 349
f 329 174 171
f 171 328 329
f 342 353 175
f 175 178 342
f 325 344 191
f 191 192 325
f 354 348 182
f 182 179 354
f 345 332 190
f 190 187 345
f 346 347 337
f 337 340 346
f 331 323 324
f 324 350 331
f 366 365 364
f 364 363 366
f 380 377 378
f 378 368 380
f 1334 1333 1327
f 1327 1322 1334
f 379 378 377
f 377 376 379
f 387 386 385
f 385 384 387
f 361 362 388
f 388 389 361
f 362 387 384
f 384 388 362
f 374 375 403
f 403 382 374
f 375 379 376
f 376 403 375
f 370 404 401
f 401 391 370
f 404 366 363
f 363 401 404
f 410 409 408
f 408 407 410
f 414 413 412
f 412 411 414
f 416 415 413
f 413 414 416
f 418 417 415
f 415 416 418
f 420 419 417
f 417 418 420
f 422 421 419
f 419 420 422
f 424 423 421
f 421 422 424
f 426 425 423
f 423 424 426
f 428 427 425
f 425 426 428
f 430 429 427
f 427 428 430
f 432 431 429
f 429 430 432
f 434 433 431
f 431 432 434
f 436 435 433
f 433 434 436
f 438 437 435
f 435 436 438
f 440 439 437
f 437 438 440
f 442 441 439
f 439 440 442
f 444 443 441
f 441 442 444
f 407 408 443
f 443 444 407
f 446 445 409
f 409 410 446
f 411 412 445
f 445 446 411
f 448 447 409
f 409 445 448
f 449 448 445
f 445 412 449
f 450 449 412
f 412 413 450
f 451 450 413
f 413 415 451
f 452 451 415
f 415 417 452
f 453 452 417
f 417 419 453
f 454 453 419
f 419 421 454
f 455 454 421
f 421 423 455
f 456 455 423
f 423 425 456
f 457 456 425
f 425 427 457
f 458 457 427
f 427 429 458
f 459 458 429
f 429 431 459
f 460 459 431
f 431 433 460
f 461 460 433
f 433 435 461
f 462 461 435
f 435 437 462
f 463 462 437
f 437 439 463
f 464 463 439
f 439 441 464
f 465 464 441
f 441 443 465
f 466 465 443
f 443 408 466
f 447 466 408
f 408 409 447
f 470 469 468
f 468 467 470
f 447 448 472
f 472 471 447
f 448 449 473
f 473 472 448
f 449 450 474
f 474 473 449
f 450 451 475
f 475 474 450
f 451 452 476
f 476 475 451
f 452 453 468
f 468 476 452
f 453 454 467
f 467 468 453
f 454 455 477
f 477 467 454
f 455 456 478
f 478 477 455
f 456 457 479
f 479 478 456
f 457 458 480
f 480 479 457
f 458 459 481
f 481 480 458
f 459 460 482
f 482 481 459
f 460 461 483
f 483 482 460
f 461 462 484
f 484 483 461
f 462 463 485
f 485 484 462
f 463 464 486
f 486 485 463
f 464 465 487
f 487 486 464
f 465 466 488
f 488 487 465
f 466 447 471
f 471 488 466
f 492 491 490
f 490 489 492
f 494 493 483
f 483 484 494
f 495 470 467
f 467 477 495
f 497 496 471
f 471 472 497
f 498 494 484
f 484 485 498
f 499 495 477
f 477 478 499
f 500 497 472
f 472 473 500
f 501 498 485
f 485 486 501
f 502 499 478
f 478 479 502
f 503 500 473
f 473 474 503
f 504 501 486
f 486 487 504
f 505 502 479
f 479 480 505
f 506 503 474
f 474 475 506
f 507 504 487
f 487 488 507
f 508 505 480
f 480 481 508
f 509 506 475
f 475 476 509
f 496 507 488
f 488 471 496
f 510 508 481
f 481 482 510
f 469 509 476
f 476 468 469
f 493 510 482
f 482 483 493
f 514 513 512
f 512 511 514
f 518 517 516
f 516 515 518
f 522 521 520
f 520 519 522
f 524 492 489
f 489 523 524
f 526 518 515
f 515 525 526
f 528 522 519
f 519 527 528
f 530 524 523
f 523 529 530
f 532 528 527
f 527 531 532
f 534 530 529
f 529 533 534
f 536 532 531
f 531 535 536
f 538 534 533
f 533 537 538
f 540 526 525
f 525 539 540
f 542 536 535
f 535 541 542
f 544 538 537
f 537 543 544
f 546 540 539
f 539 545 546
f 548 542 541
f 541 547 548
f 550 544 543
f 543 549 550
f 491 546 545
f 545 490 491
f 517 548 547
f 547 516 517
f 521 550 549
f 549 520 521
f 526 540 552
f 552 551 526
f 540 546 553
f 553 552 540
f 546 491 554
f 554 553 546
f 491 492 555
f 555 554 491
f 492 524 556
f 556 555 492
f 524 530 557
f 557 556 524
f 530 534 558
f 558 557 530
f 534 538 559
f 559 558 534
f 538 544 560
f 560 559 538
f 544 550 561
f 561 560 544
f 550 521 562
f 562 561 550
f 521 522 563
f 563 562 521
f 522 528 564
f 564 563 522
f 528 532 565
f 565 564 528
f 532 536 566
f 566 565 532
f 536 542 567
f 567 566 536
f 542 548 568
f 568 567 542
f 548 517 569
f 569 568 548
f 517 518 570
f 570 569 517
f 518 526 551
f 551 570 518
f 574 573 572
f 572 571 574
f 578 577 576
f 576 575 578
f 582 581 580
f 580 579 582
f 584 578 575
f 575 583 584
f 586 582 579
f 579 585 586
f 588 584 583
f 583 587 588
f 590 586 585
f 585 589 590
f 592 588 587
f 587 591 592
f 594 590 589
f 589 593 594
f 596 514 511
f 511 595 596
f 598 592 591
f 591 597 598
f 600 594 593
f 593 599 600
f 602 596 595
f 595 601 602
f 573 598 597
f 597 572 573
f 604 600 599
f 599 603 604
f 606 602 601
f 601 605 606
f 577 604 603
f 603 576 577
f 581 606 605
f 605 580 581
f 574 513 608
f 608 607 574
f 513 514 609
f 609 608 513
f 514 596 610
f 610 609 514
f 596 602 611
f 611 610 596
f 602 606 612
f 612 611 602
f 606 581 613
f 613 612 606
f 581 582 614
f 614 613 581
f 582 586 615
f 615 614 582
f 586 590 616
f 616 615 586
f 590 594 617
f 617 616 590
f 594 600 618
f 618 617 594
f 600 604 619
f 619 618 600
f 604 577 620
f 620 619 604
f 577 578 621
f 621 620 577
f 578 584 622
f 622 621 578
f 584 588 623
f 623 622 584
f 588 592 624
f 624 623 588
f 592 598 625
f 625 624 592
f 598 573 626
f 626 625 598
f 573 574 607
f 607 626 573
f 513 574 571
f 571 512 513
f 628 627 469
f 469 470 628
f 516 547 501
f 501 504 516
f 630 629 537
f 537 495 630
f 549 543 499
f 499 502 549
f 632 631 520
f 520 549 632
f 545 539 497
f 497 500 545
f 634 633 494
f 494 535 634
f 541 535 494
f 494 498 541
f 636 635 504
f 504 507 636
f 537 533 470
f 470 495 537
f 638 637 506
f 506 509 638
f 639 628 470
f 470 533 639
f 531 527 510
f 510 493 531
f 529 523 509
f 509 469 529
f 640 639 533
f 533 529 640
f 525 515 507
f 507 496 525
f 642 641 531
f 531 493 642
f 519 520 505
f 505 508 519
f 631 643 505
f 505 520 631
f 489 490 503
f 503 506 489
f 631 632 644
f 644 643 631
f 648 647 646
f 646 645 648
f 652 651 650
f 650 649 652
f 654 629 630
f 630 653 654
f 658 657 656
f 656 655 658
f 634 641 642
f 642 633 634
f 639 640 627
f 627 628 639
f 662 661 660
f 660 659 662
f 664 663 637
f 637 638 664
f 666 665 635
f 635 636 666
f 661 662 527
f 527 519 661
f 658 655 497
f 497 539 658
f 637 663 489
f 489 506 637
f 647 648 490
f 490 545 647
f 650 651 541
f 541 498 650
f 653 630 495
f 495 499 653
f 663 664 523
f 523 489 663
f 654 653 499
f 499 543 654
f 666 636 507
f 507 515 666
f 651 652 547
f 547 541 651
f 643 644 502
f 502 505 643
f 646 647 545
f 545 500 646
f 665 666 515
f 515 516 665
f 652 649 501
f 501 547 652
f 660 661 519
f 519 508 660
f 629 654 543
f 543 537 629
f 644 632 549
f 549 502 644
f 659 660 508
f 508 510 659
f 648 645 503
f 503 490 648
f 664 638 509
f 509 523 664
f 656 657 525
f 525 496 656
f 655 656 496
f 496 497 655
f 657 658 539
f 539 525 657
f 633 642 493
f 493 494 633
f 635 665 516
f 516 504 635
f 662 659 510
f 510 527 662
f 627 640 529
f 529 469 627
f 645 646 500
f 500 503 645
f 641 634 535
f 535 531 641
f 649 650 498
f 498 501 649
f 512 571 551
f 551 552 512
f 580 605 556
f 556 557 580
f 576 603 563
f 563 564 576
f 605 601 555
f 555 556 605
f 603 599 562
f 562 563 603
f 572 597 569
f 569 570 572
f 601 595 554
f 554 555 601
f 599 593 561
f 561 562 599
f 597 591 568
f 568 569 597
f 595 511 553
f 553 554 595
f 593 589 560
f 560 561 593
f 591 587 567
f 567 568 591
f 589 585 559
f 559 560 589
f 587 583 566
f 566 567 587
f 585 579 558
f 558 559 585
f 583 575 565
f 565 566 583
f 579 580 557
f 557 558 579
f 575 576 564
f 564 565 575
f 571 572 570
f 570 551 571
f 511 512 552
f 552 553 511
f 670 669 668
f 668 667 670
f 674 673 672
f 672 671 674
f 676 675 673
f 673 674 676
f 678 677 675
f 675 676 678
f 680 679 677
f 677 678 680
f 682 681 679
f 679 680 682
f 684 683 681
f 681 682 684
f 686 685 683
f 683 684 686
f 688 687 685
f 685 686 688
f 690 689 687
f 687 688 690
f 692 691 689
f 689 690 692
f 694 693 691
f 691 692 694
f 696 695 693
f 693 694 696
f 698 697 695
f 695 696 698
f 700 699 697
f 697 698 700
f 702 701 699
f 699 700 702
f 704 703 701
f 701 702 704
f 667 668 703
f 703 704 667
f 706 705 669
f 669 670 706
f 671 672 705
f 705 706 671
f 708 707 669
f 669 705 708
f 709 708 705
f 705 672 709
f 710 709 672
f 672 673 710
f 711 710 673
f 673 675 711
f 712 711 675
f 675 677 712
f 713 712 677
f 677 679 713
f 714 713 679
f 679 681 714
f 715 714 681
f 681 683 715
f 716 715 683
f 683 685 716
f 717 716 685
f 685 687 717
f 718 717 687
f 687 689 718
f 719 718 689
f 689 691 719
f 720 719 691
f 691 693 720
f 721 720 693
f 693 695 721
f 722 721 695
f 695 697 722
f 723 722 697
f 697 699 723
f 724 723 699
f 699 701 724
f 725 724 701
f 701 703 725
f 726 725 703
f 703 668 726
f 707 726 668
f 668 669 707
f 730 729 728
f 728 727 730
f 752 751 750
f 750 749 752
f 754 753 743
f 743 744 754
f 755 730 727
f 727 737 755
f 757 756 731
f 731 732 757
f 758 754 744
f 744 745 758
f 759 755 737
f 737 738 759
f 760 757 732
f 732 733 760
f 761 758 745
f 745 746 761
f 762 759 738
f 738 739 762
f 763 760 733
f 733 734 763
f 764 761 746
f 746 747 764
f 765 762 739
f 739 740 765
f 766 763 734
f 734 735 766
f 767 764 747
f 747 748 767
f 768 765 740
f 740 741 768
f 769 766 735
f 735 736 769
f 756 767 748
f 748 731 756
f 770 768 741
f 741 742 770
f 729 769 736
f 736 728 729
f 753 770 742
f 742 743 753
f 774 773 772
f 772 771 774
f 778 777 776
f 776 775 778
f 782 781 780
f 780 779 782
f 784 752 749
f 749 783 784
f 786 778 775
f 775 785 786
f 788 782 779
f 779 787 788
f 790 784 783
f 783 789 790
f 792 788 787
f 787 791 792
f 794 790 789
f 789 793 794
f 796 792 791
f 791 795 796
f 798 794 793
f 793 797 798
f 800 786 785
f 785 799 800
f 802 796 795
f 795 801 802
f 804 798 797
f 797 803 804
f 806 800 799
f 799 805 806
f 808 802 801
f 801 807 808
f 810 804 803
f 803 809 810
f 751 806 805
f 805 750 751
f 777 808 807
f 807 776 777
f 781 810 809
f 809 780 781
f 834 833 832
f 832 831 834
f 838 837 836
f 836 835 838
f 842 841 840
f 840 839 842
f 844 838 835
f 835 843 844
f 846 842 839
f 839 845 846
f 848 844 843
f 843 847 848
f 850 846 845
f 845 849 850
f 852 848 847
f 847 851 852
f 854 850 849
f 849 853 854
f 856 774 771
f 771 855 856
f 858 852 851
f 851 857 858
f 860 854 853
f 853 859 860
f 862 856 855
f 855 861 862
f 833 858 857
f 857 832 833
f 864 860 859
f 859 863 864
f 866 862 861
f 861 865 866
f 837 864 863
f 863 836 837
f 841 866 865
f 865 840 841
f 834 773 868
f 868 867 834
f 773 774 869
f 869 868 773
f 774 856 870
f 870 869 774
f 856 862 871
f 871 870 856
f 862 866 872
f 872 871 862
f 866 841 873
f 873 872 866
f 841 842 874
f 874 873 841
f 842 846 875
f 875 874 842
f 846 850 876
f 876 875 846
f 850 854 877
f 877 876 850
f 854 860 878
f 878 877 854
f 860 864 879
f 879 878 860
f 864 837 880
f 880 879 864
f 837 838 881
f 881 880 837
f 838 844 882
f 882 881 838
f 844 848 883
f 883 882 844
f 848 852 884
f 884 883 848
f 852 858 885
f 885 884 852
f 858 833 886
f 886 885 858
f 833 834 867
f 867 886 833
f 773 834 831
f 831 772 773
f 888 887 729
f 729 730 888
f 776 807 761
f 761 764 776
f 890 889 797
f 797 755 890
f 809 803 759
f 759 762 809
f 892 891 780
f 780 809 892
f 805 799 757
f 757 760 805
f 894 893 754
f 754 795 894
f 801 795 754
f 754 758 801
f 896 895 764
f 764 767 896
f 797 793 730
f 730 755 797
f 898 897 766
f 766 769 898
f 899 888 730
f 730 793 899
f 791 787 770
f 770 753 791
f 789 783 769
f 769 729 789
f 900 899 793
f 793 789 900
f 785 775 767
f 767 756 785
f 902 901 791
f 791 753 902
f 779 780 765
f 765 768 779
f 891 903 765
f 765 780 891
f 749 750 763
f 763 766 749
f 891 892 904
f 904 903 891
f 908 907 906
f 906 905 908
f 912 911 910
f 910 909 912
f 914 889 890
f 890 913 914
f 918 917 916
f 916 915 918
f 894 901 902
f 902 893 894
f 899 900 887
f 887 888 899
f 922 921 920
f 920 919 922
f 924 923 897
f 897 898 924
f 926 925 895
f 895 896 926
f 921 922 787
f 787 779 921
f 918 915 757
f 757 799 918
f 897 923 749
f 749 766 897
f 907 908 750
f 750 805 907
f 910 911 801
f 801 758 910
f 913 890 755
f 755 759 913
f 923 924 783
f 783 749 923
f 914 913 759
f 759 803 914
f 926 896 767
f 767 775 926
f 911 912 807
f 807 801 911
f 903 904 762
f 762 765 903
f 906 907 805
f 805 760 906
f 925 926 775
f 775 776 925
f 912 909 761
f 761 807 912
f 920 921 779
f 779 768 920
f 889 914 803
f 803 797 889
f 904 892 809
f 809 762 904
f 919 920 768
f 768 770 919
f 908 905 763
f 763 750 908
f 924 898 769
f 769 783 924
f 916 917 785
f 785 756 916
f 915 916 756
f 756 757 915
f 917 918 799
f 799 785 917
f 893 902 753
f 753 754 893
f 895 925 776
f 776 764 895
f 922 919 770
f 770 787 922
f 887 900 789
f 789 729 887
f 905 906 760
f 760 763 905
f 901 894 795
f 795 791 901
f 909 910 758
f 758 761 909
f 772 831 811
f 811 812 772
f 840 865 816
f 816 817 840
f 836 863 823
f 823 824 836
f 865 861 815
f 815 816 865
f 863 859 822
f 822 823 863
f 832 857 829
f 829 830 832
f 861 855 814
f 814 815 861
f 859 853 821
f 821 822 859
f 857 851 828
f 828 829 857
f 855 771 813
f 813 814 855
f 853 849 820
f 820 821 853
f 851 847 827
f 827 828 851
f 849 845 819
f 819 820 849
f 847 843 826
f 826 827 847
f 845 839 818
f 818 819 845
f 843 835 825
f 825 826 843
f 839 840 817
f 817 818 839
f 835 836 824
f 824 825 835
f 831 832 830
f 830 811 831
f 771 772 812
f 812 813 771
f 141 930 929
f 929 144 141
f 934 933 932
f 932 931 934
f 170 937 936
f 936 935 170
f 941 940 939
f 939 938 941
f 940 941 943
f 943 942 940
f 102 99 97
f 97 101 102
f 97 98 94
f 94 95 97
f 947 946 945
f 945 944 947
f 946 949 948
f 948 945 946
f 949 951 950
f 950 948 949
f 951 953 952
f 952 950 951
f 953 955 954
f 954 952 953
f 955 957 956
f 956 954 955
f 957 959 958
f 958 956 957
f 959 947 944
f 944 958 959
f 963 962 961
f 961 960 963
f 962 965 964
f 964 961 962
f 965 967 966
f 966 964 965
f 967 969 968
f 968 966 967
f 969 971 970
f 970 968 969
f 971 963 960
f 960 970 971
f 975 974 973
f 973 972 975
f 979 978 977
f 977 976 979
f 981 979 976
f 976 980 981
f 989 988 987
f 987 986 989
f 991 990 988
f 988 989 991
f 988 990 983
f 983 987 988
f 995 991 989
f 989 994 995
f 994 989 986
f 986 993 994
f 992 982 991
f 991 995 992
f 982 983 990
f 990 991 982
f 1003 1002 1001
f 1001 1000 1003
f 1009 1008 1002
f 1002 1003 1009
f 1000 1001 1006
f 1006 1007 1000
f 1002 1011 1010
f 1010 1001 1002
f 1008 1014 1011
f 1011 1002 1008
f 1001 1010 1013
f 1013 1006 1001
f 1010 1016 1015
f 1015 1013 1010
f 1019 1018 1017
f 1017 1014 1019
f 1011 1020 1016
f 1016 1010 1011
f 1012 1021 1018
f 1018 1019 1012
f 1014 1017 1020
f 1020 1011 1014
f 1021 1023 1022
f 1022 1018 1021
f 1017 1026 1025
f 1025 1020 1017
f 1016 1027 1024
f 1024 1015 1016
f 1018 1022 1026
f 1026 1017 1018
f 1020 1025 1027
f 1027 1016 1020
f 1022 1029 1028
f 1028 1026 1022
f 1025 1031 1030
f 1030 1027 1025
f 1023 1032 1029
f 1029 1022 1023
f 1026 1028 1031
f 1031 1025 1026
f 1027 1030 1033
f 1033 1024 1027
f 1028 1037 1036
f 1036 1031 1028
f 1030 1038 1035
f 1035 1033 1030
f 1029 1039 1037
f 1037 1028 1029
f 1031 1036 1038
f 1038 1030 1031
f 1032 1034 1039
f 1039 1029 1032
f 1039 1041 1040
f 1040 1037 1039
f 1036 1043 1042
f 1042 1038 1036
f 1034 1044 1041
f 1041 1039 1034
f 1037 1040 1043
f 1043 1036 1037
f 1038 1042 1045
f 1045 1035 1038
f 1045 1047 1046
f 1046 1044 1045
f 1040 1049 1048
f 1048 1043 1040
f 1042 1050 1047
f 1047 1045 1042
f 1041 1051 1049
f 1049 1040 1041
f 1043 1048 1050
f 1050 1042 1043
f 1044 1046 1051
f 1051 1041 1044
f 1000 1053 1052
f 1052 1003 1000
f 1003 1052 1056
f 1056 1009 1003
f 1007 1054 1053
f 1053 1000 1007
f 1060 1059 1058
f 1058 1057 1060
f 1064 1063 1062
f 1062 1061 1064
f 1061 1066 1065
f 1065 1064 1061
f 1063 1069 1068
f 1068 1067 1063
f 1071 1070 1066
f 1066 1061 1071
f 1060 1073 1072
f 1072 1059 1060
f 1064 1065 1069
f 1069 1063 1064
f 1059 1072 1070
f 1070 1071 1059
f 1067 1068 1074
f 1074 1057 1067
f 1057 1074 1073
f 1073 1060 1057
f 1078 1077 1076
f 1076 1075 1078
f 1082 1081 1080
f 1080 1079 1082
f 1086 1085 1084
f 1084 1083 1086
f 1088 1077 1078
f 1078 1087 1088
f 1092 1091 1090
f 1090 1089 1092
f 1086 1091 1092
f 1092 1085 1086
f 1094 1093 1083
f 1083 1084 1094
f 1075 1076 1089
f 1089 1090 1075
f 1084 1085 1096
f 1096 1095 1084
f 1092 1089 1098
f 1098 1097 1092
f 1088 1094 1100
f 1100 1099 1088
f 1076 1077 1102
f 1102 1101 1076
f 1094 1084 1095
f 1095 1100 1094
f 1099 1102 1077
f 1077 1088 1099
f 1101 1098 1089
f 1089 1076 1101
f 1097 1096 1085
f 1085 1092 1097
f 1088 1087 1093
f 1093 1094 1088
f 1110 1109 1104
f 1104 1106 1110
f 1111 1110 1106
f 1106 1107 1111
f 1109 1112 1103
f 1103 1104 1109
f 1112 1113 1105
f 1105 1103 1112
f 1114 1111 1107
f 1107 1108 1114
f 1081 1114 1108
f 1108 1080 1081
f 1113 1082 1079
f 1079 1105 1113
f 1118 1117 1116
f 1116 1115 1118
f 1122 1121 1120
f 1120 1119 1122
f 1115 1116 1121
f 1121 1122 1115
f 1115 1122 1119
f 1119 1118 1115
f 1121 1116 1117
f 1117 1120 1121
f 943 941 938
f 938 936 943
f 1123 943 936
f 936 937 1123
f 942 943 1123
f 1123 929 942
f 935 1124 169
f 169 170 935
f 939 935 936
f 1125 942 929
f 929 930 1125
f 958 944 100
f 100 92 958
f 956 958 92
f 92 93 956
f 954 956 93
f 93 96 954
f 952 954 96
f 96 94 952
f 950 952 94
f 94 98 950
f 948 950 98
f 98 99 948
f 945 948 99
f 99 102 945
f 944 945 102
f 102 100 944
f 970 960 1126
f 1126 106 970
f 968 970 106
f 106 107 968
f 966 968 107
f 107 1127 966
f 964 966 1127
f 1127 104 964
f 961 964 104
f 104 105 961
f 960 961 105
f 105 1126 960
f 980 976 110
f 110 111 980
f 1129 980 111
f 111 1128 1129
f 976 977 928
f 928 110 976
f 148 150 149
f 149 147 148
f 123 1134 1146
f 1146 1147 123
f 1138 1136 1133
f 1133 1137 1138
f 1150 1151 168
f 168 165 1150
f 1148 118 1151
f 1151 1150 1148
f 162 169 1152
f 1152 1149 162
f 1156 1155 1154
f 1154 1153 1156
f 1160 1159 1158
f 1158 1157 1160
f 1164 1163 1162
f 1162 1161 1164
f 1168 1167 1166
f 1166 1165 1168
f 1172 1171 1170
f 1170 1169 1172
f 1176 1175 1174
f 1174 1173 1176
f 1214 1213 1201
f 1201 1180 1214
f 1208 1205 1204
f 1204 1203 1208
f 1193 1185 1186
f 1186 1192 1193
f 1218 1217 1180
f 1180 1201 1218
f 1205 1208 1220
f 1220 1219 1205
f 1204 1223 1222
f 1222 1203 1204
f 1223 1204 1205
f 1205 1219 1223
f 1224 1214 1180
f 1180 1217 1224
f 1179 1212 1225
f 1225 1216 1179
f 1206 1202 1221
f 1221 1215 1206
f 1201 1213 1226
f 1226 1218 1201
f 1208 1203 1222
f 1222 1220 1208
f 1226 1213 1214
f 1214 1224 1226
f 1230 1229 1228
f 1228 1227 1230
f 1236 1227 1228
f 1228 1235 1236
f 1232 1229 1230
f 1230 1231 1232
f 1223 1219 1220
f 1220 1222 1223
f 1218 1226 1224
f 1224 1217 1218
f 1240 1239 1238
f 1238 1237 1240
f 1237 1242 1241
f 1241 1240 1237
f 1250 1241 1242
f 1242 1249 1250
f 1239 1248 1247
f 1247 1238 1239
f 1252 1251 1244
f 1244 1249 1252
f 1254 1253 1242
f 1242 1237 1254
f 1249 1244 1245
f 1245 1250 1249
f 1238 1247 1256
f 1256 1255 1238
f 1249 1242 1253
f 1253 1252 1249
f 1237 1238 1255
f 1255 1254 1237
f 1260 1259 1258
f 1258 1234 1260
f 1233 1263 1262
f 1262 1261 1233
f 1234 1258 1263
f 1263 1233 1234
f 1271 1270 1269
f 1269 1268 1271
f 1265 1274 1273
f 1273 1264 1265
f 1264 1273 1270
f 1270 1271 1264
f 1274 1267 1266
f 1266 1273 1274
f 1270 1272 1275
f 1275 1269 1270
f 1273 1266 1272
f 1272 1270 1273
f 1272 315 321
f 321 1275 1272
f 1278 1277 1276
f 1276 1167 1278
f 1281 1280 1279
f 1279 1176 1281
f 1285 1284 1283
f 1283 1282 1285
f 1170 1288 1287
f 1287 1286 1170
f 1176 1279 1289
f 1289 1173 1176
f 1161 1291 1290
f 1290 1162 1161
f 1289 1293 1292
f 1292 1291 1289
f 1169 1294 1288
f 1288 1170 1169
f 1158 1297 1296
f 1296 1295 1158
f 1298 1293 1280
f 1280 1281 1298
f 1291 1292 1301
f 1301 1290 1291
f 1304 1283 1284
f 1284 1303 1304
f 1306 1305 1284
f 1284 1285 1306
f 1157 1158 1295
f 1295 1306 1157
f 1307 1305 1296
f 1296 1297 1307
f 1294 1302 1287
f 1287 1288 1294
f 1279 1280 1293
f 1293 1289 1279
f 1295 1296 1305
f 1305 1306 1295
f 1282 1283 1277
f 1277 1278 1282
f 1303 1284 1305
f 1305 1307 1303
f 1153 1304 1303
f 1303 1154 1153
f 1153 1154 1285
f 1285 1282 1153
f 1157 1307 1297
f 1297 1158 1157
f 1173 1298 1281
f 1281 1176 1173
f 1162 1300 1308
f 1308 1161 1162
f 1170 1286 1299
f 1299 1169 1170
f 1290 1301 1302
f 1302 1294 1290
f 1276 1277 1283
f 1283 1304 1276
f 1318 1317 1316
f 1316 1315 1318
f 1331 1330 1329
f 1329 1328 1331
f 1339 1338 1337
f 1337 1336 1339
f 1340 1312 1313
f 1313 1341 1340
f 1336 1337 1312
f 1312 1340 1336
f 1350 1326 1327
f 1327 1333 1350
f 1328 1329 1326
f 1326 1350 1328
f 1348 1352 1324
f 1324 1343 1348
f 1315 1316 1352
f 1352 1348 1315
f 1356 1355 1354
f 1354 1353 1356
f 1360 1359 1358
f 1358 1357 1360
f 1359 1362 1361
f 1361 1358 1359
f 1362 1364 1363
f 1363 1361 1362
f 1364 1366 1365
f 1365 1363 1364
f 1366 1368 1367
f 1367 1365 1366
f 1368 1370 1369
f 1369 1367 1368
f 1370 1372 1371
f 1371 1369 1370
f 1372 1374 1373
f 1373 1371 1372
f 1374 1376 1375
f 1375 1373 1374
f 1376 1378 1377
f 1377 1375 1376
f 1378 1380 1379
f 1379 1377 1378
f 1380 1382 1381
f 1381 1379 1380
f 1382 1384 1383
f 1383 1381 1382
f 1384 1386 1385
f 1385 1383 1384
f 1386 1388 1387
f 1387 1385 1386
f 1388 1390 1389
f 1389 1387 1388
f 1390 1356 1353
f 1353 1389 1390
f 1355 1392 1391
f 1391 1354 1355
f 1392 1360 1357
f 1357 1391 1392
f 1355 1394 1393
f 1393 1392 1355
f 1392 1393 1395
f 1395 1360 1392
f 1360 1395 1396
f 1396 1359 1360
f 1359 1396 1397
f 1397 1362 1359
f 1362 1397 1398
f 1398 1364 1362
f 1364 1398 1399
f 1399 1366 1364
f 1366 1399 1400
f 1400 1368 1366
f 1368 1400 1401
f 1401 1370 1368
f 1370 1401 1402
f 1402 1372 1370
f 1372 1402 1403
f 1403 1374 1372
f 1374 1403 1404
f 1404 1376 1374
f 1376 1404 1405
f 1405 1378 1376
f 1378 1405 1406
f 1406 1380 1378
f 1380 1406 1407
f 1407 1382 1380
f 1382 1407 1408
f 1408 1384 1382
f 1384 1408 1409
f 1409 1386 1384
f 1386 1409 1410
f 1410 1388 1386
f 1388 1410 1411
f 1411 1390 1388
f 1390 1411 1412
f 1412 1356 1390
f 1356 1412 1394
f 1394 1355 1356
f 1416 1415 1414
f 1414 1413 1416
f 1418 1393 1394
f 1394 1417 1418
f 1419 1395 1393
f 1393 1418 1419
f 1420 1396 1395
f 1395 1419 1420
f 1421 1397 1396
f 1396 1420 1421
f 1422 1398 1397
f 1397 1421 1422
f 1416 1399 1398
f 1398 1422 1416
f 1413 1400 1399
f 1399 1416 1413
f 1423 1401 1400
f 1400 1413 1423
f 1424 1402 1401
f 1401 1423 1424
f 1425 1403 1402
f 1402 1424 1425
f 1426 1404 1403
f 1403 1425 1426
f 1427 1405 1404
f 1404 1426 1427
f 1428 1406 1405
f 1405 1427 1428
f 1429 1407 1406
f 1406 1428 1429
f 1430 1408 1407
f 1407 1429 1430
f 1431 1409 1408
f 1408 1430 1431
f 1432 1410 1409
f 1409 1431 1432
f 1433 1411 1410
f 1410 1432 1433
f 1434 1412 1411
f 1411 1433 1434
f 1417 1394 1412
f 1412 1434 1417
f 1438 1437 1436
f 1436 1435 1438
f 1429 1440 1439
f 1439 1430 1429
f 1413 1414 1441
f 1441 1423 1413
f 1417 1443 1442
f 1442 1418 1417
f 1430 1439 1444
f 1444 1431 1430
f 1423 1441 1445
f 1445 1424 1423
f 1418 1442 1446
f 1446 1419 1418
f 1431 1444 1447
f 1447 1432 1431
f 1424 1445 1448
f 1448 1425 1424
f 1419 1446 1449
f 1449 1420 1419
f 1432 1447 1450
f 1450 1433 1432
f 1425 1448 1451
f 1451 1426 1425
f 1420 1449 1452
f 1452 1421 1420
f 1433 1450 1453
f 1453 1434 1433
f 1426 1451 1454
f 1454 1427 1426
f 1421 1452 1455
f 1455 1422 1421
f 1434 1453 1443
f 1443 1417 1434
f 1427 1454 1456
f 1456 1428 1427
f 1422 1455 1415
f 1415 1416 1422
f 1428 1456 1440
f 1440 1429 1428
f 1460 1459 1458
f 1458 1457 1460
f 1464 1463 1462
f 1462 1461 1464
f 1468 1467 1466
f 1466 1465 1468
f 1435 1436 1470
f 1470 1469 1435
f 1461 1462 1472
f 1472 1471 1461
f 1465 1466 1474
f 1474 1473 1465
f 1469 1470 1476
f 1476 1475 1469
f 1473 1474 1478
f 1478 1477 1473
f 1475 1476 1480
f 1480 1479 1475
f 1477 1478 1482
f 1482 1481 1477
f 1479 1480 1484
f 1484 1483 1479
f 1471 1472 1486
f 1486 1485 1471
f 1481 1482 1488
f 1488 1487 1481
f 1483 1484 1490
f 1490 1489 1483
f 1485 1486 1492
f 1492 1491 1485
f 1487 1488 1494
f 1494 1493 1487
f 1489 1490 1496
f 1496 1495 1489
f 1491 1492 1437
f 1437 1438 1491
f 1493 1494 1463
f 1463 1464 1493
f 1495 1496 1467
f 1467 1468 1495
f 1498 1486 1472
f 1472 1497 1498
f 1499 1492 1486
f 1486 1498 1499
f 1500 1437 1492
f 1492 1499 1500
f 1501 1436 1437
f 1437 1500 1501
f 1502 1470 1436
f 1436 1501 1502
f 1503 1476 1470
f 1470 1502 1503
f 1504 1480 1476
f 1476 1503 1504
f 1505 1484 1480
f 1480 1504 1505
f 1506 1490 1484
f 1484 1505 1506
f 1507 1496 1490
f 1490 1506 1507
f 1508 1467 1496
f 1496 1507 1508
f 1509 1466 1467
f 1467 1508 1509
f 1510 1474 1466
f 1466 1509 1510
f 1511 1478 1474
f 1474 1510 1511
f 1512 1482 1478
f 1478 1511 1512
f 1513 1488 1482
f 1482 1512 1513
f 1514 1494 1488
f 1488 1513 1514
f 1515 1463 1494
f 1494 1514 1515
f 1516 1462 1463
f 1463 1515 1516
f 1497 1472 1462
f 1462 1516 1497
f 1520 1519 1518
f 1518 1517 1520
f 1524 1523 1522
f 1522 1521 1524
f 1528 1527 1526
f 1526 1525 1528
f 1521 1522 1530
f 1530 1529 1521
f 1525 1526 1532
f 1532 1531 1525
f 1529 1530 1534
f 1534 1533 1529
f 1531 1532 1536
f 1536 1535 1531
f 1533 1534 1538
f 1538 1537 1533
f 1535 1536 1540
f 1540 1539 1535
f 1457 1458 1542
f 1542 1541 1457
f 1537 1538 1544
f 1544 1543 1537
f 1539 1540 1546
f 1546 1545 1539
f 1541 1542 1548
f 1548 1547 1541
f 1543 1544 1519
f 1519 1520 1543
f 1545 1546 1550
f 1550 1549 1545
f 1547 1548 1552
f 1552 1551 1547
f 1549 1550 1523
f 1523 1524 1549
f 1551 1552 1527
f 1527 1528 1551
f 1554 1459 1518
f 1518 1553 1554
f 1555 1458 1459
f 1459 1554 1555
f 1556 1542 1458
f 1458 1555 1556
f 1557 1548 1542
f 1542 1556 1557
f 1558 1552 1548
f 1548 1557 1558
f 1559 1527 1552
f 1552 1558 1559
f 1560 1526 1527
f 1527 1559 1560
f 1561 1532 1526
f 1526 1560 1561
f 1562 1536 1532
f 1532 1561 1562
f 1563 1540 1536
f 1536 1562 1563
f 1564 1546 1540
f 1540 1563 1564
f 1565 1550 1546
f 1546 1564 1565
f 1566 1523 1550
f 1550 1565 1566
f 1567 1522 1523
f 1523 1566 1567
f 1568 1530 1522
f 1522 1567 1568
f 1569 1534 1530
f 1530 1568 1569
f 1570 1538 1534
f 1534 1569 1570
f 1571 1544 1538
f 1538 1570 1571
f 1572 1519 1544
f 1544 1571 1572
f 1553 1518 1519
f 1519 1572 1553
f 1517 1518 1459
f 1459 1460 1517
f 1415 1574 1573
f 1573 1414 1415
f 1447 1493 1464
f 1464 1450 1447
f 1483 1576 1575
f 1575 1441 1483
f 1445 1489 1495
f 1495 1448 1445
f 1468 1578 1577
f 1577 1495 1468
f 1442 1485 1491
f 1491 1446 1442
f 1439 1580 1579
f 1579 1481 1439
f 1439 1481 1487
f 1487 1444 1439
f 1450 1582 1581
f 1581 1453 1450
f 1414 1479 1483
f 1483 1441 1414
f 1452 1584 1583
f 1583 1455 1452
f 1414 1573 1585
f 1585 1479 1414
f 1456 1473 1477
f 1477 1440 1456
f 1455 1469 1475
f 1475 1415 1455
f 1479 1585 1586
f 1586 1475 1479
f 1453 1461 1471
f 1471 1443 1453
f 1477 1588 1587
f 1587 1440 1477
f 1451 1468 1465
f 1465 1454 1451
f 1451 1589 1578
f 1578 1468 1451
f 1449 1438 1435
f 1435 1452 1449
f 1590 1577 1578
f 1578 1589 1590
f 1594 1593 1592
f 1592 1591 1594
f 1598 1597 1596
f 1596 1595 1598
f 1575 1576 1600
f 1600 1599 1575
f 1604 1603 1602
f 1602 1601 1604
f 1587 1588 1579
f 1579 1580 1587
f 1574 1586 1585
f 1585 1573 1574
f 1608 1607 1606
f 1606 1605 1608
f 1584 1610 1609
f 1609 1583 1584
f 1582 1612 1611
f 1611 1581 1582
f 1473 1606 1607
f 1607 1465 1473
f 1442 1601 1602
f 1602 1485 1442
f 1435 1610 1584
f 1584 1452 1435
f 1438 1592 1593
f 1593 1491 1438
f 1487 1597 1598
f 1598 1444 1487
f 1441 1575 1599
f 1599 1445 1441
f 1469 1609 1610
f 1610 1435 1469
f 1445 1599 1600
f 1600 1489 1445
f 1453 1581 1611
f 1611 1461 1453
f 1493 1596 1597
f 1597 1487 1493
f 1448 1590 1589
f 1589 1451 1448
f 1491 1593 1594
f 1594 1446 1491
f 1461 1611 1612
f 1612 1464 1461
f 1447 1595 1596
f 1596 1493 1447
f 1465 1607 1608
f 1608 1454 1465
f 1489 1600 1576
f 1576 1483 1489
f 1495 1577 1590
f 1590 1448 1495
f 1454 1608 1605
f 1605 1456 1454
f 1449 1591 1592
f 1592 1438 1449
f 1455 1583 1609
f 1609 1469 1455
f 1471 1603 1604
f 1604 1443 1471
f 1443 1604 1601
f 1601 1442 1443
f 1485 1602 1603
f 1603 1471 1485
f 1440 1587 1580
f 1580 1439 1440
f 1464 1612 1582
f 1582 1450 1464
f 1456 1605 1606
f 1606 1473 1456
f 1475 1586 1574
f 1574 1415 1475
f 1446 1594 1591
f 1591 1449 1446
f 1481 1579 1588
f 1588 1477 1481
f 1444 1598 1595
f 1595 1447 1444
f 1497 1517 1460
f 1460 1498 1497
f 1502 1551 1528
f 1528 1503 1502
f 1509 1549 1524
f 1524 1510 1509
f 1501 1547 1551
f 1551 1502 1501
f 1508 1545 1549
f 1549 1509 1508
f 1515 1543 1520
f 1520 1516 1515
f 1500 1541 1547
f 1547 1501 1500
f 1507 1539 1545
f 1545 1508 1507
f 1514 1537 1543
f 1543 1515 1514
f 1499 1457 1541
f 1541 1500 1499
f 1506 1535 1539
f 1539 1507 1506
f 1513 1533 1537
f 1537 1514 1513
f 1505 1531 1535
f 1535 1506 1505
f 1512 1529 1533
f 1533 1513 1512
f 1504 1525 1531
f 1531 1505 1504
f 1511 1521 1529
f 1529 1512 1511
f 1503 1528 1525
f 1525 1504 1503
f 1510 1524 1521
f 1521 1511 1510
f 1516 1520 1517
f 1517 1497 1516
f 1498 1460 1457
f 1457 1499 1498
f 1616 1615 1614
f 1614 1613 1616
f 1620 1619 1618
f 1618 1617 1620
f 1619 1622 1621
f 1621 1618 1619
f 1622 1624 1623
f 1623 1621 1622
f 1624 1626 1625
f 1625 1623 1624
f 1626 1628 1627
f 1627 1625 1626
f 1628 1630 1629
f 1629 1627 1628
f 1630 1632 1631
f 1631 1629 1630
f 1632 1634 1633
f 1633 1631 1632
f 1634 1636 1635
f 1635 1633 1634
f 1636 1638 1637
f 1637 1635 1636
f 1638 1640 1639
f 1639 1637 1638
f 1640 1642 1641
f 1641 1639 1640
f 1642 1644 1643
f 1643 1641 1642
f 1644 1646 1645
f 1645 1643 1644
f 1646 1648 1647
f 1647 1645 1646
f 1648 1650 1649
f 1649 1647 1648
f 1650 1616 1613
f 1613 1649 1650
f 1615 1652 1651
f 1651 1614 1615
f 1652 1620 1617
f 1617 1651 1652
f 1615 1654 1653
f 1653 1652 1615
f 1652 1653 1655
f 1655 1620 1652
f 1620 1655 1656
f 1656 1619 1620
f 1619 1656 1657
f 1657 1622 1619
f 1622 1657 1658
f 1658 1624 1622
f 1624 1658 1659
f 1659 1626 1624
f 1626 1659 1660
f 1660 1628 1626
f 1628 1660 1661
f 1661 1630 1628
f 1630 1661 1662
f 1662 1632 1630
f 1632 1662 1663
f 1663 1634 1632
f 1634 1663 1664
f 1664 1636 1634
f 1636 1664 1665
f 1665 1638 1636
f 1638 1665 1666
f 1666 1640 1638
f 1640 1666 1667
f 1667 1642 1640
f 1642 1667 1668
f 1668 1644 1642
f 1644 1668 1669
f 1669 1646 1644
f 1646 1669 1670
f 1670 1648 1646
f 1648 1670 1671
f 1671 1650 1648
f 1650 1671 1672
f 1672 1616 1650
f 1616 1672 1654
f 1654 1615 1616
f 1676 1675 1674
f 1674 1673 1676
f 1698 1697 1696
f 1696 1695 1698
f 1689 1700 1699
f 1699 1690 1689
f 1673 1674 1701
f 1701 1683 1673
f 1677 1703 1702
f 1702 1678 1677
f 1690 1699 1704
f 1704 1691 1690
f 1683 1701 1705
f 1705 1684 1683
f 1678 1702 1706
f 1706 1679 1678
f 1691 1704 1707
f 1707 1692 1691
f 1684 1705 1708
f 1708 1685 1684
f 1679 1706 1709
f 1709 1680 1679
f 1692 1707 1710
f 1710 1693 1692
f 1685 1708 1711
f 1711 1686 1685
f 1680 1709 1712
f 1712 1681 1680
f 1693 1710 1713
f 1713 1694 1693
f 1686 1711 1714
f 1714 1687 1686
f 1681 1712 1715
f 1715 1682 1681
f 1694 1713 1703
f 1703 1677 1694
f 1687 1714 1716
f 1716 1688 1687
f 1682 1715 1675
f 1675 1676 1682
f 1688 1716 1700
f 1700 1689 1688
f 1720 1719 1718
f 1718 1717 1720
f 1724 1723 1722
f 1722 1721 1724
f 1728 1727 1726
f 1726 1725 1728
f 1695 1696 1730
f 1730 1729 1695
f 1721 1722 1732
f 1732 1731 1721
f 1725 1726 1734
f 1734 1733 1725
f 1729 1730 1736
f 1736 1735 1729
f 1733 1734 1738
f 1738 1737 1733
f 1735 1736 1740
f 1740 1739 1735
f 1737 1738 1742
f 1742 1741 1737
f 1739 1740 1744
f 1744 1743 1739
f 1731 1732 1746
f 1746 1745 1731
f 1741 1742 1748
f 1748 1747 1741
f 1743 1744 1750
f 1750 1749 1743
f 1745 1746 1752
f 1752 1751 1745
f 1747 1748 1754
f 1754 1753 1747
f 1749 1750 1756
f 1756 1755 1749
f 1751 1752 1697
f 1697 1698 1751
f 1753 1754 1723
f 1723 1724 1753
f 1755 1756 1727
f 1727 1728 1755
f 1780 1779 1778
f 1778 1777 1780
f 1784 1783 1782
f 1782 1781 1784
f 1788 1787 1786
f 1786 1785 1788
f 1781 1782 1790
f 1790 1789 1781
f 1785 1786 1792
f 1792 1791 1785
f 1789 1790 1794
f 1794 1793 1789
f 1791 1792 1796
f 1796 1795 1791
f 1793 1794 1798
f 1798 1797 1793
f 1795 1796 1800
f 1800 1799 1795
f 1717 1718 1802
f 1802 1801 1717
f 1797 1798 1804
f 1804 1803 1797
f 1799 1800 1806
f 1806 1805 1799
f 1801 1802 1808
f 1808 1807 1801
f 1803 1804 1779
f 1779 1780 1803
f 1805 1806 1810
f 1810 1809 1805
f 1807 1808 1812
f 1812 1811 1807
f 1809 1810 1783
f 1783 1784 1809
f 1811 1812 1787
f 1787 1788 1811
f 1814 1719 1778
f 1778 1813 1814
f 1815 1718 1719
f 1719 1814 1815
f 1816 1802 1718
f 1718 1815 1816
f 1817 1808 1802
f 1802 1816 1817
f 1818 1812 1808
f 1808 1817 1818
f 1819 1787 1812
f 1812 1818 1819
f 1820 1786 1787
f 1787 1819 1820
f 1821 1792 1786
f 1786 1820 1821
f 1822 1796 1792
f 1792 1821 1822
f 1823 1800 1796
f 1796 1822 1823
f 1824 1806 1800
f 1800 1823 1824
f 1825 1810 1806
f 1806 1824 1825
f 1826 1783 1810
f 1810 1825 1826
f 1827 1782 1783
f 1783 1826 1827
f 1828 1790 1782
f 1782 1827 1828
f 1829 1794 1790
f 1790 1828 1829
f 1830 1798 1794
f 1794 1829 1830
f 1831 1804 1798
f 1798 1830 1831
f 1832 1779 1804
f 1804 1831 1832
f 1813 1778 1779
f 1779 1832 1813
f 1777 1778 1719
f 1719 1720 1777
f 1675 1834 1833
f 1833 1674 1675
f 1707 1753 1724
f 1724 1710 1707
f 1743 1836 1835
f 1835 1701 1743
f 1705 1749 1755
f 1755 1708 1705
f 1728 1838 1837
f 1837 1755 1728
f 1702 1745 1751
f 1751 1706 1702
f 1699 1840 1839
f 1839 1741 1699
f 1699 1741 1747
f 1747 1704 1699
f 1710 1842 1841
f 1841 1713 1710
f 1674 1739 1743
f 1743 1701 1674
f 1712 1844 1843
f 1843 1715 1712
f 1674 1833 1845
f 1845 1739 1674
f 1716 1733 1737
f 1737 1700 1716
f 1715 1729 1735
f 1735 1675 1715
f 1739 1845 1846
f 1846 1735 1739
f 1713 1721 1731
f 1731 1703 1713
f 1737 1848 1847
f 1847 1700 1737
f 1711 1728 1725
f 1725 1714 1711
f 1711 1849 1838
f 1838 1728 1711
f 1709 1698 1695
f 1695 1712 1709
f 1850 1837 1838
f 1838 1849 1850
f 1854 1853 1852
f 1852 1851 1854
f 1858 1857 1856
f 1856 1855 1858
f 1835 1836 1860
f 1860 1859 1835
f 1864 1863 1862
f 1862 1861 1864
f 1847 1848 1839
f 1839 1840 1847
f 1834 1846 1845
f 1845 1833 1834
f 1868 1867 1866
f 1866 1865 1868
f 1844 1870 1869
f 1869 1843 1844
f 1842 1872 1871
f 1871 1841 1842
f 1733 1866 1867
f 1867 1725 1733
f 1702 1861 1862
f 1862 1745 1702
f 1695 1870 1844
f 1844 1712 1695
f 1698 1852 1853
f 1853 1751 1698
f 1747 1857 1858
f 1858 1704 1747
f 1701 1835 1859
f 1859 1705 1701
f 1729 1869 1870
f 1870 1695 1729
f 1705 1859 1860
f 1860 1749 1705
f 1713 1841 1871
f 1871 1721 1713
f 1753 1856 1857
f 1857 1747 1753
f 1708 1850 1849
f 1849 1711 1708
f 1751 1853 1854
f 1854 1706 1751
f 1721 1871 1872
f 1872 1724 1721
f 1707 1855 1856
f 1856 1753 1707
f 1725 1867 1868
f 1868 1714 1725
f 1749 1860 1836
f 1836 1743 1749
f 1755 1837 1850
f 1850 1708 1755
f 1714 1868 1865
f 1865 1716 1714
f 1709 1851 1852
f 1852 1698 1709
f 1715 1843 1869
f 1869 1729 1715
f 1731 1863 1864
f 1864 1703 1731
f 1703 1864 1861
f 1861 1702 1703
f 1745 1862 1863
f 1863 1731 1745
f 1700 1847 1840
f 1840 1699 1700
f 1724 1872 1842
f 1842 1710 1724
f 1716 1865 1866
f 1866 1733 1716
f 1735 1846 1834
f 1834 1675 1735
f 1706 1854 1851
f 1851 1709 1706
f 1741 1839 1848
f 1848 1737 1741
f 1704 1858 1855
f 1855 1707 1704
f 1757 1777 1720
f 1720 1758 1757
f 1762 1811 1788
f 1788 1763 1762
f 1769 1809 1784
f 1784 1770 1769
f 1761 1807 1811
f 1811 1762 1761
f 1768 1805 1809
f 1809 1769 1768
f 1775 1803 1780
f 1780 1776 1775
f 1760 1801 1807
f 1807 1761 1760
f 1767 1799 1805
f 1805 1768 1767
f 1774 1797 1803
f 1803 1775 1774
f 1759 1717 1801
f 1801 1760 1759
f 1766 1795 1799
f 1799 1767 1766
f 1773 1793 1797
f 1797 1774 1773
f 1765 1791 1795
f 1795 1766 1765
f 1772 1789 1793
f 1793 1773 1772
f 1764 1785 1791
f 1791 1765 1764
f 1771 1781 1789
f 1789 1772 1771
f 1763 1788 1785
f 1785 1764 1763
f 1770 1784 1781
f 1781 1771 1770
f 1776 1780 1777
f 1777 1757 1776
f 1758 1720 1717
f 1717 1759 1758
f 1874 930 141
f 141 1137 1874
f 1876 1875 934
f 934 931 1876
f 1879 1878 1152
f 1152 1877 1879
f 1883 1882 1881
f 1881 1880 1883
f 1885 1881 1882
f 1882 1884 1885
f 118 119 122
f 122 123 118
f 115 120 118
f 118 117 115
f 1889 1888 1887
f 1887 1886 1889
f 1891 1890 1888
f 1888 1889 1891
f 1893 1892 1890
f 1890 1891 1893
f 1895 1894 1892
f 1892 1893 1895
f 1897 1896 1894
f 1894 1895 1897
f 1899 1898 1896
f 1896 1897 1899
f 1901 1900 1898
f 1898 1899 1901
f 1886 1887 1900
f 1900 1901 1886
f 1905 1904 1903
f 1903 1902 1905
f 1907 1906 1904
f 1904 1905 1907
f 1909 1908 1906
f 1906 1907 1909
f 1911 1910 1908
f 1908 1909 1911
f 1913 1912 1910
f 1910 1911 1913
f 1902 1903 1912
f 1912 1913 1902
f 973 1915 1914
f 1914 972 973
f 1919 1918 1917
f 1917 1916 1919
f 1916 1917 1921
f 1921 1920 1916
f 1927 1926 1925
f 1925 1924 1927
f 1926 1929 1928
f 1928 1925 1926
f 1923 1929 1926
f 1926 1927 1923
f 1925 1928 1931
f 1931 1932 1925
f 1924 1925 1932
f 1932 1933 1924
f 1928 1922 1930
f 1930 1931 1928
f 1929 1923 1922
f 1922 1928 1929
f 1937 1936 1935
f 1935 1934 1937
f 1936 1943 1942
f 1942 1935 1936
f 1940 1937 1934
f 1934 1939 1940
f 1945 1944 1936
f 1936 1937 1945
f 1944 1948 1943
f 1943 1936 1944
f 1946 1945 1937
f 1937 1940 1946
f 1950 1949 1945
f 1945 1946 1950
f 1953 1952 1951
f 1951 1948 1953
f 1949 1954 1944
f 1944 1945 1949
f 1952 1955 1947
f 1947 1951 1952
f 1954 1953 1948
f 1948 1944 1954
f 1957 1956 1955
f 1955 1952 1957
f 1960 1959 1953
f 1953 1954 1960
f 1958 1961 1949
f 1949 1950 1958
f 1959 1957 1952
f 1952 1953 1959
f 1961 1960 1954
f 1954 1949 1961
f 1963 1962 1957
f 1957 1959 1963
f 1965 1964 1960
f 1960 1961 1965
f 1962 1966 1956
f 1956 1957 1962
f 1964 1963 1959
f 1959 1960 1964
f 1967 1965 1961
f 1961 1958 1967
f 1971 1970 1963
f 1963 1964 1971
f 1968 1972 1965
f 1965 1967 1968
f 1970 1973 1962
f 1962 1963 1970
f 1972 1971 1964
f 1964 1965 1972
f 1973 1969 1966
f 1966 1962 1973
f 1975 1974 1973
f 1973 1970 1975
f 1977 1976 1971
f 1971 1972 1977
f 1974 1978 1969
f 1969 1973 1974
f 1978 1979 1968
f 1968 1969 1978
f 1976 1975 1970
f 1970 1971 1976
f 1979 1977 1972
f 1972 1968 1979
f 1981 1980 1979
f 1979 1978 1981
f 1983 1982 1975
f 1975 1976 1983
f 1980 1984 1977
f 1977 1979 1980
f 1982 1985 1974
f 1974 1975 1982
f 1984 1983 1976
f 1976 1977 1984
f 1985 1981 1978
f 1978 1974 1985
f 1987 1986 1934
f 1934 1935 1987
f 1990 1987 1935
f 1935 1942 1990
f 1986 1989 1939
f 1939 1934 1986
f 1994 1993 1992
f 1992 1991 1994
f 1998 1997 1996
f 1996 1995 1998
f 2000 1999 1995
f 1995 1996 2000
f 2003 2002 1997
f 1997 2001 2003
f 1999 2005 2004
f 2004 1995 1999
f 2007 2006 1992
f 1992 1993 2007
f 2002 2000 1996
f 1996 1997 2002
f 2005 2007 1993
f 1993 2004 2005
f 2008 2003 2001
f 2001 1991 2008
f 2006 2008 1991
f 1991 1992 2006
f 2012 2011 2010
f 2010 2009 2012
f 2016 2015 2014
f 2014 2013 2016
f 2020 2019 2018
f 2018 2017 2020
f 2010 2011 2022
f 2022 2021 2010
f 2026 2025 2024
f 2024 2023 2026
f 2024 2025 2018
f 2018 2019 2024
f 2017 2028 2027
f 2027 2020 2017
f 2023 2012 2009
f 2009 2026 2023
f 2030 2019 2020
f 2020 2029 2030
f 2032 2023 2024
f 2024 2031 2032
f 2034 2027 2022
f 2022 2033 2034
f 2036 2011 2012
f 2012 2035 2036
f 2029 2020 2027
f 2027 2034 2029
f 2011 2036 2033
f 2033 2022 2011
f 2023 2032 2035
f 2035 2012 2023
f 2019 2030 2031
f 2031 2024 2019
f 2028 2021 2022
f 2022 2027 2028
f 2038 2044 2043
f 2043 2040 2038
f 2040 2043 2045
f 2045 2041 2040
f 2037 2046 2044
f 2044 2038 2037
f 2039 2047 2046
f 2046 2037 2039
f 2041 2045 2048
f 2048 2042 2041
f 2042 2048 2015
f 2015 2016 2042
f 2013 2014 2047
f 2047 2039 2013
f 2052 2051 2050
f 2050 2049 2052
f 2056 2055 2054
f 2054 2053 2056
f 2055 2052 2049
f 2049 2054 2055
f 2053 2054 2049
f 2049 2050 2053
f 2051 2052 2055
f 2055 2056 2051
f 1880 1881 1885
f 1885 1879 1880
f 1879 1885 2057
f 2057 1878 1879
f 2057 1885 1884
f 1884 1874 2057
f 169 1124 1877
f 1877 1152 169
f 1883 1879 1877
f 1874 1884 1125
f 1125 930 1874
f 121 1886 1901
f 1901 114 121
f 114 1901 1899
f 1899 113 114
f 113 1899 1897
f 1897 116 113
f 116 1897 1895
f 1895 115 116
f 115 1895 1893
f 1893 120 115
f 120 1893 1891
f 1891 119 120
f 119 1891 1889
f 1889 122 119
f 122 1889 1886
f 1886 121 122
f 2058 1902 1913
f 1913 127 2058
f 127 1913 1911
f 1911 129 127
f 129 1911 1909
f 1909 2059 129
f 2059 1909 1907
f 1907 126 2059
f 126 1907 1905
f 1905 125 126
f 125 1905 1902
f 1902 2058 125
f 132 1916 1920
f 1920 131 132
f 131 1920 1129
f 1129 1128 131
f 1873 1919 1916
f 1916 132 1873
f 1141 1142 1139
f 1139 1140 1141
f 2063 2062 2061
f 2061 2060 2063
f 2067 2066 2065
f 2065 2064 2067
f 2069 2068 2066
f 2066 2067 2069
f 2071 2070 2068
f 2068 2069 2071
f 2073 2072 2070
f 2070 2071 2073
f 2075 2074 2072
f 2072 2073 2075
f 2077 2076 2074
f 2074 2075 2077
f 2079 2078 2076
f 2076 2077 2079
f 2081 2080 2078
f 2078 2079 2081
f 2083 2082 2080
f 2080 2081 2083
f 2085 2084 2082
f 2082 2083 2085
f 2087 2086 2084
f 2084 2085 2087
f 2089 2088 2086
f 2086 2087 2089
f 2091 2090 2088
f 2088 2089 2091
f 2093 2092 2090
f 2090 2091 2093
f 2095 2094 2092
f 2092 2093 2095
f 2097 2096 2094
f 2094 2095 2097
f 2060 2061 2096
f 2096 2097 2060
f 2099 2098 2062
f 2062 2063 2099
f 2064 2065 2098
f 2098 2099 2064
f 2101 2100 2062
f 2062 2098 2101
f 2102 2101 2098
f 2098 2065 2102
f 2103 2102 2065
f 2065 2066 2103
f 2104 2103 2066
f 2066 2068 2104
f 2105 2104 2068
f 2068 2070 2105
f 2106 2105 2070
f 2070 2072 2106
f 2107 2106 2072
f 2072 2074 2107
f 2108 2107 2074
f 2074 2076 2108
f 2109 2108 2076
f 2076 2078 2109
f 2110 2109 2078
f 2078 2080 2110
f 2111 2110 2080
f 2080 2082 2111
f 2112 2111 2082
f 2082 2084 2112
f 2113 2112 2084
f 2084 2086 2113
f 2114 2113 2086
f 2086 2088 2114
f 2115 2114 2088
f 2088 2090 2115
f 2116 2115 2090
f 2090 2092 2116
f 2117 2116 2092
f 2092 2094 2117
f 2118 2117 2094
f 2094 2096 2118
f 2119 2118 2096
f 2096 2061 2119
f 2100 2119 2061
f 2061 2062 2100
f 1882 1883 1875
f 1875 1876 1882
f 2141 2140 932
f 932 933 2141
f 2143 2142 2140
f 2140 2141 2143
f 939 940 2142
f 2142 2143 939
f 2145 2144 1914
f 1914 1915 2145
f 2147 2146 2144
f 2144 2145 2147
f 180 194 191
f 191 179 180
f 188 181 182
f 182 187 188
f 1308 1298 1173
f 1173 1161 1308
f 1299 1300 1162
f 1162 1169 1299