# https://github.com/mikedh/trimesh
v 0.00268744 -0.00932768 0.08363114
v 0.00249242 -0.01138717 0.08309258
v 0.00406896 -0.01071110 0.08291884
v 0.00435302 -0.00893241 0.08335291
v 0.00245465 -0.01347315 0.08234150
v 0.00394348 -0.01246535 0.08227811
v 0.00509084 -0.01154362 0.08217204
v 0.00554494 -0.01017728 0.08253068
v 0.00596062 -0.00862921 0.08284300
v 0.00864103 -0.00838349 0.07570193
v 0.00812266 -0.00945168 0.07575920
v 0.00792832 -0.00900042 0.07504852
v 0.00844871 -0.00802976 0.07474813
v 0.00710561 -0.01093745 0.07591151
v 0.00696577 -0.01025952 0.07533094
v 0.00657975 -0.00991558 0.07511746
v 0.00709903 -0.00902966 0.07467799
v 0.00773345 -0.00807247 0.07303832
v 0.00317967 0.00290096 0.07702297
v 0.00516570 0.00243323 0.07724770
v 0.00508453 0.00245126 0.07584482
v 0.00302136 0.00295365 0.07551722
v 0.00702810 0.00157155 0.07738943
v 0.00702512 0.00156354 0.07609857
v 0.00700223 0.00160157 0.07340725
v 0.00493831 0.00247160 0.07309944
v 0.00278504 0.00294098 0.07272619
v 0.00547712 -0.01303616 0.07607796
v 0.00536871 -0.01190593 0.07553283
v 0.00340325 -0.01559321 0.07619023
v 0.00344953 -0.01341510 0.07562218
v 0.00334662 -0.01171480 0.07522687
v 0.00524661 -0.01077015 0.07519247
v 0.00430068 -0.01358991 0.08148701
v 0.00564985 -0.01195405 0.08156799
v 0.00277676 -0.01493196 0.08150091
v 0.00315671 -0.01627414 0.08045829
v 0.00481023 -0.01423738 0.08055655
v 0.00619723 -0.01238246 0.08065911
v 0.00674439 -0.01242374 0.07845765
v 0.00537230 -0.01431784 0.07839366
v 0.00548981 -0.01383418 0.07713170
v 0.00697849 -0.01177260 0.07707599
v 0.00400179 -0.01626142 0.07836837
v 0.00394806 -0.01604604 0.07724418
v -0.00000007 0.00313308 0.07689562
v 0.00148560 0.00309474 0.07691396
v 0.00136742 0.00317253 0.07536136
v -0.00000007 0.00322000 0.07533483
v 0.00119858 0.00315597 0.07255029
v -0.00000007 0.00320984 0.07252049
v -0.00000007 -0.00027854 0.08302231
v 0.00104607 -0.00023732 0.08298233
v 0.00111774 0.00084963 0.08222983
v -0.00000007 0.00081625 0.08227484
v 0.00229167 -0.00018083 0.08285542
v 0.00243246 0.00086397 0.08210015
v 0.00264591 0.00171213 0.08117044
v 0.00122538 0.00176065 0.08128975
v -0.00000007 0.00174559 0.08133474
v -0.00000007 0.00277398 0.07921957
v 0.00135269 0.00274650 0.07920989
v 0.00145146 0.00296512 0.07811368
v -0.00000007 0.00299964 0.07810697
v 0.00291242 0.00259662 0.07920294
v 0.00309716 0.00279136 0.07816795
v 0.00379476 -0.00020665 0.08262058
v 0.00402654 0.00071285 0.08188753
v 0.00497782 -0.00034984 0.08228629
v 0.00553600 0.00016623 0.08158854
v 0.00606421 0.00071171 0.08062735
v 0.00435804 0.00144065 0.08097836
v 0.00477822 0.00220613 0.07919781
v 0.00502059 0.00236350 0.07827876
v 0.00661776 0.00138867 0.07905761
v 0.00686305 0.00152856 0.07828633
v 0.00532589 -0.00975057 0.07447761
v 0.00545252 -0.00915780 0.07228954
v 0.00324199 -0.01052364 0.07437822
v 0.00315761 -0.00994906 0.07203555
v 0.00904700 -0.00100783 0.07704329
v 0.00928326 -0.00202649 0.07686464
v 0.00910069 -0.00202600 0.07567550
v 0.00892316 -0.00101251 0.07585235
v 0.00923767 -0.00312634 0.07666753
v 0.00904052 -0.00309524 0.07547574
v 0.00898333 -0.00320987 0.07295120
v 0.00904723 -0.00214092 0.07308203
v 0.00889657 -0.00108019 0.07323308
v 0.00897496 -0.00623154 0.07604036
v 0.00886505 -0.00741645 0.07580169
v 0.00871791 -0.00713120 0.07469933
v 0.00882923 -0.00602547 0.07488750
v 0.00858898 -0.00706415 0.07260730
v 0.00879282 -0.00600388 0.07266238
v 0.00895751 -0.00129427 0.07830732
v 0.00931344 -0.00232035 0.07815328
v 0.00934450 -0.00211846 0.07761441
v 0.00904834 -0.00109195 0.07777636
v 0.00929690 -0.00338859 0.07825456
v 0.00931191 -0.00322090 0.07754371
v 0.00618317 -0.00645499 0.08292193
v 0.00613794 -0.00749678 0.08296336
v 0.00742297 -0.00751423 0.08212291
v 0.00751759 -0.00644915 0.08196490
v 0.00718648 -0.00866017 0.08204532
v 0.00796984 -0.00885618 0.08109434
v 0.00825700 -0.00763135 0.08115237
v 0.00839371 -0.00649497 0.08090486
v 0.00893083 -0.00644895 0.07883655
v 0.00880366 -0.00769916 0.07892510
v 0.00888161 -0.00761530 0.07730147
v 0.00900052 -0.00637485 0.07741041
v 0.00851428 -0.00895090 0.07883173
v 0.00862514 -0.00873290 0.07718626
v 0.00660694 -0.01021606 0.08180826
v 0.00727997 -0.01050534 0.08087645
v 0.00782733 -0.01056848 0.07863471
v 0.00802582 -0.01007722 0.07710013
v 0.00254018 -0.00224282 0.08358946
v 0.00268035 -0.00299847 0.08375535
v 0.00432525 -0.00299697 0.08345390
v 0.00416885 -0.00223704 0.08328112
v 0.00276127 -0.00391655 0.08384980
v 0.00446575 -0.00388323 0.08350594
v 0.00628236 -0.00379076 0.08277196
v 0.00573635 -0.00300370 0.08310230
v 0.00592657 -0.00228321 0.08259722
v 0.00279777 -0.00676547 0.08388606
v 0.00278419 -0.00793725 0.08385236
v 0.00448701 -0.00768854 0.08352726
v 0.00450807 -0.00659245 0.08354490
v -0.00000007 -0.00231048 0.08378807
v -0.00000007 -0.00304537 0.08397001
v 0.00125708 -0.00302583 0.08392153
v 0.00118173 -0.00228354 0.08374304
v -0.00000007 -0.00396601 0.08407168
v 0.00130042 -0.00394887 0.08402181
v -0.00000007 -0.00688800 0.08410201
v -0.00000007 -0.00810291 0.08406054
v 0.00131222 -0.00807124 0.08401485
v 0.00131954 -0.00686277 0.08405436
v -0.00000007 -0.00959423 0.08380846
v 0.00126081 -0.00954254 0.08376904
v -0.00000007 -0.01185679 0.08320659
v 0.00115889 -0.01176169 0.08317904
v -0.00000007 -0.01418033 0.08241414
v 0.00115067 -0.01403146 0.08239076
v 0.00149293 -0.01082780 0.07430925
v 0.00139706 -0.01025630 0.07193555
v 0.00159511 -0.01210897 0.07518532
v -0.00000007 -0.01215243 0.07514790
v -0.00000007 -0.01085071 0.07427947
v -0.00000007 -0.01028768 0.07191059
v 0.00148560 -0.01703603 0.08076793
v 0.00130914 -0.01869191 0.07999958
v 0.00233830 -0.01840194 0.07973638
v -0.00000007 -0.01723652 0.08083856
v -0.00000007 -0.01883957 0.08005473
v -0.00000007 -0.02018433 0.07933117
v 0.00107138 -0.02002887 0.07932385
v 0.00181266 -0.01960691 0.07930108
v 0.00133938 -0.01564326 0.08157930
v -0.00000007 -0.01583735 0.08162066
v 0.00159818 -0.01622775 0.07589986
v 0.00166079 -0.01405759 0.07556661
v -0.00000007 -0.01635945 0.07582410
v -0.00000007 -0.01416479 0.07551584
v 0.00192129 -0.01976803 0.07820932
v 0.00096683 -0.02052833 0.07816051
v 0.00098276 -0.02014909 0.07755001
v 0.00190328 -0.01947567 0.07753368
v -0.00000007 -0.02070426 0.07814753
v -0.00000007 -0.02030820 0.07754083
v -0.00000007 -0.01950463 0.07691048
v 0.00107138 -0.01938485 0.07694413
v 0.00181266 -0.01907653 0.07703399
v 0.00132324 -0.01808659 0.07637734
v -0.00000007 -0.01818583 0.07630430
v 0.00236234 -0.01793559 0.07669766
v 0.00383819 -0.01635442 0.07941181
v 0.00279141 -0.01831193 0.07911787
v 0.00288319 -0.01821987 0.07829558
v 0.00190328 -0.01983151 0.07884470
v 0.00280521 -0.01805232 0.07741193
v 0.00098276 -0.02057489 0.07873645
v -0.00000007 -0.02074989 0.07871858
v 0.00762792 -0.01068588 0.07986797
v 0.00835136 -0.00898222 0.08009350
v 0.00652343 -0.01259924 0.07964509
v 0.00865504 -0.00770246 0.08016099
v 0.00879618 -0.00649390 0.07993789
v 0.00855394 -0.00209044 0.07934618
v 0.00919848 -0.00291957 0.07880979
v 0.00926439 -0.00263107 0.07853504
v 0.00883461 -0.00163208 0.07873641
v 0.00898022 -0.00377591 0.07944236
v 0.00925174 -0.00362643 0.07878826
v 0.00458395 0.00192194 0.08008071
v 0.00278362 0.00226809 0.08019754
v 0.00638782 0.00112198 0.07979569
v 0.00128980 0.00237512 0.08027000
v -0.00000007 0.00238367 0.08030039
v 0.00517433 -0.01445749 0.07953625
v 0.00934852 -0.00233637 0.06850988
v 0.00916865 -0.00114673 0.06862093
v 0.00930241 -0.00347971 0.06844260
v 0.00983131 -0.00353113 0.06362866
v 0.00985166 -0.00229996 0.06368335
v 0.00961747 -0.00099089 0.06378971
v 0.00871249 -0.00741796 0.06830410
v 0.00907523 -0.00632575 0.06836690
v 0.00762327 -0.00834095 0.06819068
v 0.00775875 -0.00876243 0.06343281
v 0.00904164 -0.00777153 0.06357970
v 0.00955139 -0.00655618 0.06361893
v 0.00132796 -0.01026470 0.06748701
v 0.00308507 -0.00998697 0.06761375
v -0.00000007 -0.01029498 0.06745810
v -0.00000007 -0.01041860 0.06256506
v 0.00124623 -0.01042596 0.06263131
v 0.00298931 -0.01024004 0.06283209
v 0.00490941 0.00256914 0.06845455
v 0.00265659 0.00290144 0.06812472
v 0.00711808 0.00178480 0.06873315
v 0.00733751 0.00217002 0.06392891
v 0.00497448 0.00288405 0.06371860
v 0.00261278 0.00309804 0.06345882
v 0.00109530 0.00305930 0.06796864
v -0.00000007 0.00310895 0.06794154
v 0.00104259 0.00320361 0.06333433
v -0.00000007 0.00324755 0.06331224
v 0.00545684 -0.00927672 0.06788009
v 0.00545168 -0.00963912 0.06314340
v 0.00264320 0.00662615 0.05523158
v 0.00546371 0.00602823 0.05547552
v 0.00574896 0.00713652 0.05355793
v 0.00286670 0.00786514 0.05329036
v 0.00840408 0.00500186 0.05549974
v 0.00873870 0.00599833 0.05356549
v 0.00918127 0.00849640 0.05038498
v 0.00618777 0.00985841 0.05032501
v 0.00325671 0.01076561 0.04998027
v 0.00854298 -0.00631270 0.04988495
v 0.00558588 -0.00730336 0.04930166
v 0.00553306 -0.00682607 0.04783264
v 0.00860399 -0.00571884 0.04849259
v 0.00253321 -0.00829632 0.04989247
v 0.00257683 -0.00763647 0.04735764
v 0.00252095 -0.00658803 0.04375003
v 0.00554708 -0.00567785 0.04436893
v 0.00870337 -0.00442427 0.04506464
v 0.01140448 -0.00415916 0.05219554
v 0.01046180 -0.00528456 0.05071260
v 0.01066075 -0.00450362 0.04907710
v 0.01174850 -0.00301896 0.04967365
v 0.01081019 -0.00307243 0.04561223
v 0.01196302 -0.00142099 0.04613450
v 0.01140909 0.00203431 0.05430255
v 0.01178554 0.00086413 0.05374931
v 0.01226812 0.00192999 0.05143452
v 0.01186247 0.00306522 0.05210594
v 0.01181942 -0.00038139 0.05329679
v 0.01230473 0.00067416 0.05087464
v 0.01277703 0.00265063 0.04746150
v 0.01279108 0.00403122 0.04808747
v 0.01237472 0.00526088 0.04882105
v 0.00095116 -0.00844457 0.05013678
v 0.00083846 -0.00791994 0.04714111
v -0.00004622 -0.00841827 0.05011620
v -0.00013851 -0.00793580 0.04708756
v -0.00023080 -0.00694739 0.04337369
v 0.00073794 -0.00692260 0.04344271
v -0.00000007 0.00699453 0.05511391
v 0.00095184 0.00691695 0.05512183
v 0.00107558 0.00821825 0.05318149
v -0.00000007 0.00830699 0.05318212
v 0.00130525 0.01117497 0.04983519
v -0.00000007 0.01126064 0.04983028
v 0.00919683 0.00053367 0.03409240
v 0.00631151 -0.00096187 0.03350593
v 0.00684855 0.00085744 0.02765358
v 0.00951596 0.00249750 0.02822406
v 0.00328062 -0.00206279 0.03298025
v 0.00391634 -0.00032862 0.02711869
v 0.00463791 -0.00023474 0.02195368
v 0.00757813 0.00110201 0.02240823
v 0.01017317 0.00295324 0.02287347
v 0.01188832 0.00424404 0.03496100
v 0.01088376 0.00214115 0.03453377
v 0.01105972 0.00425498 0.02857751
v 0.01207942 0.00657598 0.02883568
v 0.01168285 0.00489037 0.02309604
v 0.01272141 0.00741150 0.02316542
v 0.01364818 0.01389342 0.03724973
v 0.01402954 0.01199885 0.03665307
v 0.01471468 0.01530426 0.02990320
v 0.01432320 0.01747539 0.03035518
v 0.01373135 0.00995215 0.03612478
v 0.01432487 0.01298018 0.02953583
v 0.01507375 0.01436675 0.02333258
v 0.01547561 0.01689051 0.02349051
v 0.01504795 0.01924692 0.02373132
v 0.00119813 -0.00247257 0.03273183
v 0.00165265 -0.00071639 0.02687772
v -0.00024618 -0.00250541 0.03268271
v -0.00016975 -0.00071333 0.02683760
v -0.00000391 -0.00059749 0.02173858
v 0.00217615 -0.00063097 0.02176208
v -0.00000007 0.02301066 0.03664498
v 0.00195708 0.02297798 0.03667947
v 0.00222903 0.02764970 0.02859976
v -0.00000007 0.02768102 0.02862171
v 0.00436192 0.02249031 0.03700526
v 0.00483138 0.02712876 0.02894187
v 0.00514354 0.02943438 0.02113292
v 0.00239322 0.03000427 0.02078944
v -0.00000007 0.03006667 0.02086125
v 0.00742343 0.02110460 0.03775758
v 0.00797021 0.02562442 0.02997474
v 0.01039586 0.01894383 0.03827882
v 0.01096880 0.02322984 0.03088439
v 0.01150926 0.02542763 0.02363600
v 0.00840365 0.02790192 0.02238216
v 0.00678661 0.01512475 0.04485924
v 0.00379471 0.01628111 0.04434918
v 0.00976648 0.01336655 0.04508763
v 0.00162319 0.01673424 0.04410933
v -0.00000007 0.01679366 0.04407736
v 0.00086648 -0.00487719 0.03849149
v 0.00277165 -0.00449059 0.03877262
v -0.00026733 -0.00491366 0.03842971
v 0.01338353 0.00776788 0.04298657
v 0.01298433 0.00929704 0.04368666
v 0.01323591 0.00608170 0.04236969
v 0.01085453 -0.00061965 0.04049967
v 0.01194063 0.00124438 0.04101074
v 0.00892066 -0.00209602 0.03998866
v 0.00583839 -0.00347458 0.03934439
v 0.00511326 -0.00283195 0.00044007
v 0.00730083 -0.00161618 0.00012040
v 0.00820613 -0.00339418 0.00000000
v 0.00677374 -0.00457269 0.00033231
v 0.00924761 0.00014985 0.00038213
v 0.00971217 -0.00212486 0.00030410
v 0.00996948 -0.00370192 0.00033738
v 0.00899662 -0.00491425 0.00017047
v 0.00782804 -0.00559929 0.00036197
v 0.01231082 0.00404547 0.00410455
v 0.01131709 0.00201483 0.00410573
v 0.01057308 0.00208305 0.00163491
v 0.01152308 0.00390708 0.00164140
v 0.01022599 -0.00004539 0.00373076
v 0.01017046 0.00038894 0.00148034
v 0.01008625 0.00208173 0.00055288
v 0.01105283 0.00382402 0.00056820
v 0.01420335 0.01448053 0.00377456
v 0.01481566 0.01198268 0.00385981
v 0.01409880 0.01118061 0.00155287
v 0.01349755 0.01363041 0.00154803
v 0.01462250 0.00965611 0.00394720
v 0.01390883 0.00898196 0.00158197
v 0.01337502 0.00864314 0.00055146
v 0.01356470 0.01075973 0.00054741
v 0.01299382 0.01314316 0.00057509
v 0.00570815 -0.00349383 0.00392213
v 0.00310292 -0.00340332 0.00451032
v 0.00292990 -0.00284122 0.00188950
v 0.00489228 -0.00357924 0.00161193
v 0.00062295 -0.00331428 0.00462700
v 0.00062181 -0.00267267 0.00197795
v 0.00061384 -0.00234650 0.00082071
v 0.00280909 -0.00246838 0.00073629
v 0.00353544 0.03079876 0.00364538
v 0.00370779 0.03067628 0.00185754
v 0.00152556 0.04490077 0.00163682
v 0.00136856 0.04566537 0.00261348
v 0.00312807 0.02809811 0.00055456
v 0.00126653 0.04395005 0.00068152
v -0.00000007 0.06258289 0.00066996
v -0.00000007 0.06310014 0.00131320
v -0.00000007 0.06357936 0.00194237
v 0.00734153 0.02471253 0.00371266
v 0.00694589 0.02377414 0.00183375
v 0.01064066 0.02137089 0.00367598
v 0.01010977 0.02038544 0.00169212
v 0.00974483 0.01962557 0.00072234
v 0.00665049 0.02251611 0.00072248
v 0.00868556 0.02782420 0.01573081
v 0.00525026 0.02935075 0.01444713
v 0.01199035 0.02534766 0.01711948
v 0.01205735 0.02402861 0.01153153
v 0.00861362 0.02656450 0.01037330
v 0.00508158 0.02814170 0.00935194
v 0.00241712 0.02999401 0.01406952
v -0.00000007 0.03011254 0.01412073
v 0.00228927 0.02884951 0.00900303
v -0.00000007 0.02900291 0.00900562
v 0.00270035 -0.00261251 0.01784039
v 0.00537268 -0.00211887 0.01788641
v 0.00026145 -0.00258951 0.01785075
v 0.00050373 -0.00453784 0.01398351
v 0.00307289 -0.00453801 0.01393946
v 0.00583023 -0.00396043 0.01384022
v 0.01624597 0.01643419 0.01792857
v 0.01576597 0.01891317 0.01789131
v 0.01590618 0.01376869 0.01798788
v 0.01623814 0.01218376 0.01302639
v 0.01649652 0.01486658 0.01283396
v 0.01595914 0.01740550 0.01260408
v 0.01281333 0.00370524 0.01826779
v 0.01377916 0.00639135 0.01820152
v 0.01127743 0.00158047 0.01822782
v 0.01188200 0.00002084 0.01362188
v 0.01341134 0.00219174 0.01352210
v 0.01431324 0.00486090 0.01339784
v 0.00852761 -0.00054135 0.01805669
v 0.00907264 -0.00223492 0.01372866
v 0.00805099 0.02542628 0.00645705
v 0.00456675 0.02756837 0.00601073
v 0.01145335 0.02260553 0.00698869
v 0.00199644 0.02857705 0.00586562
v -0.00000007 0.02875421 0.00585483
v 0.00148928 0.03320561 0.00407094
v -0.00000007 0.03347202 0.00409243
v 0.00317792 -0.00443120 0.00905160
v 0.00580928 -0.00393814 0.00887463
v 0.00060805 -0.00442017 0.00912410
v 0.01582694 0.01325827 0.00787947
v 0.01523972 0.01579438 0.00767189
v 0.01561636 0.01072880 0.00805369
v 0.01260716 0.00180200 0.00845245
v 0.01355343 0.00417795 0.00836079
v 0.01120701 -0.00019775 0.00853486
v 0.00873600 -0.00233583 0.00874324
v 0.00832523 -0.00220160 0.00447388
v 0.01019466 -0.00365385 0.00165356
v 0.00927552 -0.00489994 0.00179007
v 0.00938637 -0.00545712 0.00090967
v 0.01042299 -0.00372722 0.00095779
v 0.00807505 -0.00562495 0.00170271
v 0.00784916 -0.00608697 0.00100274
v 0.01042863 -0.00166529 0.00116468
v 0.01008642 -0.00207758 0.00214390
v 0.00872096 -0.00344763 0.00256009
v 0.00715123 -0.00468832 0.00222430
v 0.00643916 -0.00511047 0.00123730
v 0.01452556 0.02068316 0.01224497
v 0.01384533 0.01913267 0.00739221
v 0.01288969 0.01783357 0.00370086
v 0.01374997 0.02228051 0.02396664
v 0.01437811 0.02209536 0.01776276
v 0.01225433 0.01693910 0.00158978
v 0.01180965 0.01635578 0.00064998
v 0.01124971 0.00683490 0.04974627
v 0.01184182 0.01126513 0.04455503
v 0.01248383 0.01633973 0.03796880
v 0.01310604 0.02027812 0.03087388
v 0.01038036 0.00352931 0.05500571
v 0.01077692 0.00451465 0.05295839
v 0.00829864 0.00028367 0.07340478
v 0.00851532 0.00038235 0.06874987
v 0.00886874 0.00068794 0.06391876
v 0.00744854 -0.00059147 0.08005398
v 0.00784838 -0.00022465 0.07926577
v 0.00805335 0.00007166 0.07868882
v -0.00000007 -0.00137297 0.08350270
v 0.00108645 -0.00133620 0.08346200
v 0.00236367 -0.00127727 0.08332527
v 0.00392012 -0.00125085 0.08303977
v 0.00544239 -0.00118264 0.08240757
v 0.00823282 0.00023913 0.07806275
v 0.00832978 0.00029644 0.07727326
v 0.00662500 -0.00091729 0.08126445
v 0.00731376 -0.00201255 0.08098792
v 0.00829345 0.00028532 0.07605318
v 0.01535188 0.00853084 0.01322296
v 0.01468396 0.00743632 0.00821960
v 0.01359096 0.00680560 0.00403252
v 0.01397632 0.01090165 0.02323019
v 0.01491662 0.01009560 0.01809076
v 0.01284794 0.00638560 0.00161419
v 0.01234166 0.00617208 0.00056054
v 0.01254029 0.00067025 0.04678113
v 0.01272066 0.00370359 0.04167298
v 0.01289972 0.00711935 0.03552563
v 0.01327946 0.00979034 0.02916495
v 0.01174193 -0.00211627 0.05281738
v 0.01219295 -0.00111461 0.05027960
v 0.00889152 -0.00460422 0.07280558
v 0.00921904 -0.00490549 0.06840577
v 0.00975100 -0.00503717 0.06361914
v 0.00863264 -0.00512871 0.08027849
v 0.00902422 -0.00502552 0.07938078
v 0.00911790 -0.00488602 0.07855024
v -0.00000007 -0.00538627 0.08410460
v 0.00131710 -0.00536616 0.08405540
v 0.00279279 -0.00530536 0.08388387
v 0.00450823 -0.00521169 0.08352726
v 0.00623025 -0.00514178 0.08279927
v 0.00915782 -0.00477053 0.07748689
v 0.00910600 -0.00465872 0.07636550
v 0.00766379 -0.00515761 0.08156688
v 0.00782828 -0.00403038 0.08115892
v 0.00893116 -0.00454883 0.07518634
v 0.01027536 -0.00461264 0.06015784
v 0.01035222 -0.00303028 0.06023074
v 0.01004964 -0.00628682 0.06015659
v 0.01057303 -0.00581466 0.05742914
v 0.01077682 -0.00383361 0.05761148
v 0.01084447 -0.00218553 0.05781076
v 0.01127287 -0.00295509 0.05521552
v 0.01133194 -0.00128346 0.05555378
v 0.01115465 -0.00466747 0.05486721
v 0.00924549 0.00126608 0.06075051
v 0.00758917 0.00277503 0.06085139
v 0.01007622 -0.00043580 0.06052652
v 0.01052196 0.00036074 0.05833301
v 0.00962263 0.00200293 0.05871041
v 0.00785081 0.00350411 0.05893948
v 0.01000024 0.00276621 0.05685827
v 0.00811744 0.00425366 0.05722128
v 0.01096553 0.00119753 0.05631778
v 0.00100040 0.00386714 0.06035837
v -0.00000007 0.00391407 0.06033976
v 0.00258992 0.00375048 0.06046922
v 0.00257162 0.00468057 0.05860431
v 0.00095962 0.00485004 0.05849382
v -0.00000007 0.00490593 0.05847743
v 0.00092824 0.00588551 0.05681283
v -0.00000007 0.00595157 0.05679901
v 0.00256742 0.00565605 0.05692462
v 0.00111775 -0.01032962 0.05904343
v 0.00283608 -0.01031071 0.05940305
v -0.00000007 -0.01023632 0.05890000
v -0.00000007 -0.00973859 0.05600692
v 0.00098690 -0.00990789 0.05617668
v 0.00260676 -0.01015901 0.05645399
v 0.00092260 -0.00917633 0.05316454
v 0.00182254 -0.00939711 0.05294900
v -0.00000584 -0.00904991 0.05308969
v 0.01035417 -0.00176464 0.06034790
v 0.01083383 -0.00092248 0.05803478
v 0.01130968 -0.00002917 0.05589204
v 0.00945129 -0.00771726 0.06026366
v 0.00802161 -0.00887202 0.06021246
v 0.00833189 -0.00884638 0.05827359
v 0.00980884 -0.00758894 0.05823045
v 0.00566539 -0.00979835 0.05784000
v 0.00608805 -0.00994640 0.05630594
v 0.00857481 -0.00907183 0.05684689
v 0.00355962 -0.01024320 0.05474803
v 0.00405725 -0.01112364 0.05284029
v 0.00633305 -0.01089131 0.05433299
v 0.00847390 -0.01018050 0.05491998
v 0.00549115 -0.00979178 0.05989087
v 0.00240064 -0.00968455 0.05183534
v 0.00304240 -0.00869951 0.04924250
v 0.00307286 -0.00974922 0.04769146
v 0.00273755 -0.01063165 0.05012967
v 0.00506962 0.00351560 0.06069904
v 0.00517437 0.00433408 0.05883387
v 0.00529030 0.00518308 0.05715949
v 0.01029073 -0.00729861 0.05107187
v 0.01033611 -0.00769180 0.05311772
v 0.00910109 -0.01041709 0.05065185
v 0.00893185 -0.00995884 0.04906717
v 0.01005428 -0.00846148 0.05465649
v 0.00902360 -0.01115071 0.05181453
v 0.00776306 -0.01363386 0.04870339
v 0.00769964 -0.01291509 0.04801651
v 0.00745909 -0.01238322 0.04708234
v 0.00791924 -0.00810807 0.04774075
v 0.00959837 -0.00750028 0.04918808
v 0.00836100 -0.01004437 0.04761691
v 0.00702728 -0.01049752 0.04653223
v 0.00703294 -0.01235478 0.04629093
v 0.00607269 -0.01264376 0.04574936
v 0.01094467 -0.00597829 0.05438342
v 0.01097971 -0.00563969 0.05221784
v 0.01052612 -0.00685058 0.05619425
v 0.00992172 -0.00797549 0.05691134
v 0.00959822 -0.00932884 0.05514267
v 0.00553151 -0.00773598 0.04855859
v 0.00838616 -0.00684422 0.04925021
v 0.00526497 -0.00887765 0.04700972
v 0.01021585 -0.00605017 0.05049015
v 0.00311069 -0.01352968 0.04578369
v 0.00443169 -0.01301380 0.04552180
v 0.00412439 -0.01344830 0.04515352
v 0.00305160 -0.01382612 0.04523655
v 0.00543428 -0.01328257 0.04525567
v 0.00507915 -0.01332984 0.04492104
v 0.00395803 -0.01336067 0.04484545
v 0.00316501 -0.01362355 0.04491382
v 0.00754580 -0.01418691 0.04881538
v 0.00646603 -0.01502493 0.04648337
v 0.00668988 -0.01461565 0.04657175
v 0.00683615 -0.01457979 0.04855761
v 0.00584508 -0.01521982 0.04624158
v 0.00514163 -0.01474333 0.04501942
v 0.00575732 -0.01470617 0.04527381
v 0.00609002 -0.01455748 0.04561577
v 0.00300306 -0.01256532 0.04826240
v 0.00424493 -0.01305722 0.05019395
v 0.00310524 -0.01178838 0.04653217
v 0.00308581 -0.01423432 0.04660892
v 0.00408741 -0.01478170 0.04755407
v 0.00612194 -0.01295479 0.05131121
v 0.00782018 -0.01246072 0.05183031
v 0.00553321 -0.01484713 0.04817692
v 0.00871248 -0.01184700 0.05210588
v 0.00485351 -0.01108482 0.04602212
v 0.00556689 -0.01395918 0.04496682
v 0.00600915 -0.01401470 0.04544176
v 0.00492975 -0.01390273 0.04471749
v 0.00574681 -0.01337294 0.04515049
v 0.00604412 -0.01353070 0.04542589
v 0.00415839 -0.01472070 0.04492045
v 0.00389606 -0.01386633 0.04465590
v 0.00345230 -0.01467145 0.04502585
v 0.00308116 -0.01405518 0.04486706
v 0.00618265 -0.01318363 0.04553075
v 0.00649511 -0.01334915 0.04591525
v 0.00665285 -0.01393572 0.04631258
v 0.00294250 -0.01447968 0.04547228
v 0.00365508 -0.01510119 0.04578169
v 0.00476584 -0.01529957 0.04601164
v 0.00122666 0.02961965 0.00020242
v 0.00066940 0.04370686 0.00029629
v 0.00000087 0.02976229 0.00016874
v 0.00000004 0.04367030 0.00024950
v -0.00000007 0.06220787 0.00036697
v -0.00000007 0.06231136 0.00039494
v 0.00075408 0.04614444 0.00297610
v -0.00000007 0.04620910 0.00299534
v -0.00000007 0.06374311 0.00217748
v -0.00000007 0.06370078 0.00215148
v 0.00892699 -0.00290921 0.08017922
v 0.00915869 -0.00258899 0.07968712
v 0.00914381 -0.00166462 0.08117664
v 0.00899331 -0.00194416 0.08149234
v 0.00873260 -0.00227007 0.08012625
v 0.00882486 -0.00145070 0.08144714
v 0.00886621 -0.00083418 0.08256616
v 0.00902918 -0.00083175 0.08269181
v 0.00898659 -0.00115956 0.08259942
v 0.00808555 -0.00302090 0.08144052
v 0.00793587 -0.00351461 0.08104780
v 0.00890911 -0.00338622 0.07957811
v 0.00717166 -0.00289831 0.08267666
v 0.00686006 -0.00334292 0.08247716
v 0.00674676 -0.00259375 0.08310164
v 0.00636595 -0.00295075 0.08294888
v 0.00697966 -0.00228790 0.08259538
v 0.00663152 -0.00257504 0.08237802
v 0.00916800 -0.00298305 0.07901213
v 0.00867800 -0.00257529 0.07951651
v 0.00781990 -0.00216184 0.08134824
v 0.00761989 -0.00243179 0.08093792
v 0.00871240 -0.00060834 0.08356740
v 0.00866521 -0.00109579 0.08325785
v 0.00852760 -0.00072646 0.08321339
v 0.00810028 -0.00095772 0.08355115
v 0.00816363 -0.00099050 0.08377944
v 0.00821146 -0.00127016 0.08359341
v 0.00839430 -0.00205713 0.08237773
v 0.00772437 -0.00202173 0.08321186
v 0.00817265 -0.00139885 0.08230333
v 0.00756955 -0.00155227 0.08314842
v 0.00742313 -0.00179136 0.08350441
v -0.00268759 -0.00932768 0.08363114
v -0.00435317 -0.00893241 0.08335290
v -0.00406911 -0.01071110 0.08291884
v -0.00249257 -0.01138717 0.08309258
v -0.00596077 -0.00862921 0.08284300
v -0.00554509 -0.01017728 0.08253068
v -0.00509099 -0.01154362 0.08217204
v -0.00394363 -0.01246535 0.08227811
v -0.00245480 -0.01347315 0.08234149
v -0.00864118 -0.00838349 0.07570193
v -0.00844886 -0.00802976 0.07474813
v -0.00792847 -0.00900042 0.07504852
v -0.00812281 -0.00945168 0.07575921
v -0.00773360 -0.00807247 0.07303832
v -0.00709918 -0.00902966 0.07467800
v -0.00657990 -0.00991558 0.07511746
v -0.00696592 -0.01025952 0.07533094
v -0.00710576 -0.01093745 0.07591151
v -0.00317982 0.00290096 0.07702297
v -0.00302151 0.00295365 0.07551722
v -0.00508305 0.00245197 0.07584456
v -0.00516349 0.00243487 0.07724549
v -0.00278519 0.00294098 0.07272619
v -0.00493790 0.00247181 0.07309945
v -0.00699788 0.00160328 0.07340732
v -0.00701222 0.00156925 0.07609652
v -0.00700939 0.00158467 0.07737176
v -0.00536886 -0.01190593 0.07553283
v -0.00547727 -0.01303616 0.07607796
v -0.00524676 -0.01077015 0.07519247
v -0.00334677 -0.01171480 0.07522687
v -0.00344968 -0.01341510 0.07562218
v -0.00340340 -0.01559321 0.07619023
v -0.00565000 -0.01195405 0.08156799
v -0.00430083 -0.01358991 0.08148701
v -0.00619738 -0.01238246 0.08065911
v -0.00481038 -0.01423738 0.08055655
v -0.00315686 -0.01627414 0.08045830
v -0.00277691 -0.01493196 0.08150091
v -0.00674454 -0.01242374 0.07845765
v -0.00697864 -0.01177260 0.07707599
v -0.00548996 -0.01383418 0.07713170
v -0.00537245 -0.01431784 0.07839366
v -0.00394820 -0.01604604 0.07724418
v -0.00400194 -0.01626142 0.07836837
v -0.00136757 0.00317253 0.07536136
v -0.00148575 0.00309474 0.07691396
v -0.00119873 0.00315597 0.07255029
v -0.00111789 0.00084963 0.08222983
v -0.00104621 -0.00023732 0.08298233
v -0.00122553 0.00176065 0.08128975
v -0.00264606 0.00171213 0.08117044
v -0.00243261 0.00086397 0.08210015
v -0.00229182 -0.00018083 0.08285542
v -0.00145161 0.00296512 0.07811368
v -0.00135283 0.00274650 0.07920989
v -0.00309730 0.00279136 0.07816795
v -0.00291256 0.00259662 0.07920294
v -0.00402639 0.00072358 0.08187887
v -0.00379473 -0.00019989 0.08261525
v -0.00435770 0.00145574 0.08096482
v -0.00606045 0.00083242 0.08051910
v -0.00553381 0.00025066 0.08152028
v -0.00497682 -0.00030693 0.08225242
v -0.00501880 0.00236681 0.07827198
v -0.00477728 0.00221305 0.07918603
v -0.00684770 0.00155510 0.07823215
v -0.00660921 0.00144408 0.07896339
v -0.00545267 -0.00915780 0.07228954
v -0.00532604 -0.00975057 0.07447761
v -0.00315776 -0.00994906 0.07203555
v -0.00324214 -0.01052364 0.07437822
v -0.00897335 -0.00094999 0.07695632
v -0.00887133 -0.00098900 0.07584211
v -0.00906393 -0.00200767 0.07566374
v -0.00923388 -0.00197339 0.07676697
v -0.00887872 -0.00107334 0.07323334
v -0.00903445 -0.00213599 0.07308223
v -0.00897898 -0.00320816 0.07295127
v -0.00902844 -0.00308686 0.07546553
v -0.00922548 -0.00309184 0.07658462
v -0.00897674 -0.00622619 0.07602405
v -0.00882958 -0.00602480 0.07488546
v -0.00871808 -0.00713112 0.07469907
v -0.00886541 -0.00741578 0.07579965
v -0.00879297 -0.00600388 0.07266238
v -0.00858912 -0.00706415 0.07260730
v -0.00893421 -0.00103108 0.07784525
v -0.00899178 -0.00096793 0.07751028
v -0.00931529 -0.00199075 0.07731668
v -0.00932117 -0.00204162 0.07763750
v -0.00931771 -0.00312282 0.07729200
v -0.00933368 -0.00316703 0.07781962
v -0.00618813 -0.00643483 0.08290200
v -0.00753177 -0.00639053 0.08190553
v -0.00742487 -0.00750691 0.08211549
v -0.00613869 -0.00749426 0.08296087
v -0.00841473 -0.00640900 0.08080880
v -0.00825975 -0.00762060 0.08114036
v -0.00796999 -0.00885618 0.08109434
v -0.00718662 -0.00866017 0.08204532
v -0.00894231 -0.00640741 0.07875137
v -0.00900595 -0.00635696 0.07736102
v -0.00888242 -0.00761306 0.07729529
v -0.00880522 -0.00769396 0.07891445
v -0.00862529 -0.00873290 0.07718626
v -0.00851443 -0.00895090 0.07883173
v -0.00660709 -0.01021606 0.08180826
v -0.00728012 -0.01050534 0.08087645
v -0.00802597 -0.01007722 0.07710013
v -0.00782747 -0.01056848 0.07863471
v -0.00254032 -0.00224282 0.08358945
v -0.00416874 -0.00222724 0.08327338
v -0.00432568 -0.00299356 0.08345093
v -0.00268050 -0.00299847 0.08375535
v -0.00592397 -0.00218022 0.08251593
v -0.00573813 -0.00298395 0.08308508
v -0.00629982 -0.00371820 0.08270018
v -0.00446754 -0.00387633 0.08349911
v -0.00276142 -0.00391656 0.08384980
v -0.00279792 -0.00676547 0.08388606
v -0.00450882 -0.00658993 0.08354241
v -0.00448724 -0.00768823 0.08352695
v -0.00278434 -0.00793725 0.08385236
v -0.00118187 -0.00228354 0.08374303
v -0.00125723 -0.00302583 0.08392153
v -0.00130056 -0.00394887 0.08402181
v -0.00131969 -0.00686277 0.08405436
v -0.00131237 -0.00807123 0.08401485
v -0.00126096 -0.00954254 0.08376904
v -0.00115904 -0.01176169 0.08317903
v -0.00115082 -0.01403146 0.08239076
v -0.00139721 -0.01025630 0.07193554
v -0.00149308 -0.01082780 0.07430925
v -0.00159526 -0.01210897 0.07518532
v -0.00233844 -0.01840194 0.07973638
v -0.00130929 -0.01869191 0.07999958
v -0.00148575 -0.01703603 0.08076793
v -0.00181281 -0.01960691 0.07930108
v -0.00107152 -0.02002886 0.07932385
v -0.00133953 -0.01564326 0.08157930
v -0.00166094 -0.01405759 0.07556661
v -0.00159833 -0.01622775 0.07589986
v -0.00192144 -0.01976803 0.07820931
v -0.00190343 -0.01947568 0.07753368
v -0.00098291 -0.02014909 0.07755001
v -0.00096698 -0.02052833 0.07816051
v -0.00181281 -0.01907653 0.07703399
v -0.00107153 -0.01938485 0.07694413
v -0.00132339 -0.01808660 0.07637734
v -0.00236248 -0.01793559 0.07669766
v -0.00288334 -0.01821987 0.07829558
v -0.00279156 -0.01831194 0.07911786
v -0.00383834 -0.01635442 0.07941181
v -0.00190343 -0.01983151 0.07884470
v -0.00280536 -0.01805232 0.07741193
v -0.00098291 -0.02057489 0.07873645
v -0.00835151 -0.00898222 0.08009349
v -0.00762807 -0.01068588 0.07986797
v -0.00652358 -0.01259924 0.07964509
v -0.00881484 -0.00642058 0.07983367
v -0.00865751 -0.00769329 0.08014797
v -0.00855416 -0.00139860 0.07873954
v -0.00883181 -0.00113973 0.07815509
v -0.00930423 -0.00211359 0.07788609
v -0.00925912 -0.00218419 0.07810311
v -0.00932368 -0.00322131 0.07824528
v -0.00908211 -0.00323215 0.07888489
v -0.00278377 0.00226809 0.08019754
v -0.00458344 0.00193451 0.08006615
v -0.00638274 0.00122248 0.07967924
v -0.00128995 0.00237512 0.08027000
v -0.00517448 -0.01445749 0.07953625
v -0.00916655 -0.00114588 0.06862096
v -0.00934705 -0.00233576 0.06850990
v -0.00961762 -0.00099089 0.06378971
v -0.00985181 -0.00229996 0.06368335
v -0.00983146 -0.00353113 0.06362866
v -0.00930200 -0.00347949 0.06844261
v -0.00907538 -0.00632575 0.06836690
v -0.00871264 -0.00741796 0.06830410
v -0.00955154 -0.00655618 0.06361893
v -0.00904179 -0.00777153 0.06357970
v -0.00775890 -0.00876243 0.06343281
v -0.00762342 -0.00834095 0.06819068
v -0.00308521 -0.00998697 0.06761375
v -0.00132811 -0.01026470 0.06748702
v -0.00298946 -0.01024005 0.06283210
v -0.00124638 -0.01042596 0.06263131
v -0.00265674 0.00290144 0.06812472
v -0.00490949 0.00256917 0.06845455
v -0.00261292 0.00309804 0.06345883
v -0.00497463 0.00288405 0.06371860
v -0.00733766 0.00217002 0.06392891
v -0.00711767 0.00178501 0.06873316
v -0.00109544 0.00305930 0.06796864
v -0.00104274 0.00320361 0.06333434
v -0.00545699 -0.00927672 0.06788009
v -0.00545183 -0.00963912 0.06314340
v -0.00264335 0.00662615 0.05523158
v -0.00286685 0.00786514 0.05329036
v -0.00574911 0.00713652 0.05355793
v -0.00546386 0.00602823 0.05547552
v -0.00325686 0.01076562 0.04998027
v -0.00618791 0.00985841 0.05032501
v -0.00918142 0.00849640 0.05038498
v -0.00873885 0.00599833 0.05356549
v -0.00840423 0.00500186 0.05549974
v -0.00855851 -0.00631270 0.04988495
v -0.00865028 -0.00571884 0.04849259
v -0.00567104 -0.00682607 0.04783264
v -0.00562975 -0.00730336 0.04930166
v -0.00878042 -0.00442427 0.04506464
v -0.00577795 -0.00567785 0.04436893
v -0.00290564 -0.00658803 0.04375003
v -0.00280527 -0.00763647 0.04735764
v -0.00258873 -0.00829632 0.04989247
v -0.01140463 -0.00415915 0.05219554
v -0.01174865 -0.00301896 0.04967365
v -0.01066667 -0.00450362 0.04907710
v -0.01046388 -0.00528456 0.05071260
v -0.01196317 -0.00142099 0.04613450
v -0.01081995 -0.00307243 0.04561223
v -0.01140924 0.00203431 0.05430255
v -0.01186262 0.00306522 0.05210594
v -0.01226827 0.00192999 0.05143452
v -0.01178569 0.00086413 0.05374931
v -0.01237487 0.00526088 0.04882105
v -0.01279123 0.00403122 0.04808747
v -0.01277718 0.00265063 0.04746150
v -0.01230488 0.00067416 0.05087464
v -0.01181957 -0.00038139 0.05329679
v -0.00110910 -0.00791994 0.04714111
v -0.00103926 -0.00844457 0.05013678
v -0.00118992 -0.00692260 0.04344271
v -0.00107573 0.00821825 0.05318149
v -0.00095199 0.00691695 0.05512183
v -0.00130540 0.01117497 0.04983519
v -0.00928927 0.00053367 0.03409240
v -0.00960647 0.00249750 0.02822406
v -0.00711346 0.00085744 0.02765358
v -0.00658660 -0.00096187 0.03350593
v -0.01025023 0.00295324 0.02287347
v -0.00779483 0.00110201 0.02240823
v -0.00490915 -0.00023474 0.02195368
v -0.00431760 -0.00032862 0.02711869
v -0.00372683 -0.00206279 0.03298025
v -0.01188847 0.00424403 0.03496100
v -0.01207957 0.00657598 0.02883568
v -0.01107116 0.00425498 0.02857751
v -0.01089545 0.00214115 0.03453377
v -0.01272156 0.00741150 0.02316542
v -0.01169262 0.00489037 0.02309604
v -0.01364833 0.01389342 0.03724973
v -0.01432335 0.01747539 0.03035518
v -0.01471483 0.01530426 0.02990320
v -0.01402969 0.01199885 0.03665306
v -0.01504809 0.01924692 0.02373132
v -0.01547576 0.01689051 0.02349051
v -0.01507390 0.01436675 0.02333258
v -0.01432502 0.01298018 0.02953583
v -0.01373150 0.00995214 0.03612478
v -0.00203790 -0.00071639 0.02687772
v -0.00169625 -0.00247257 0.03273183
v -0.00230198 -0.00063097 0.02176208
v -0.00222918 0.02764970 0.02859976
v -0.00195723 0.02297798 0.03667947
v -0.00239337 0.03000427 0.02078944
v -0.00514369 0.02943438 0.02113292
v -0.00483153 0.02712876 0.02894187
v -0.00436207 0.02249031 0.03700526
v -0.00797036 0.02562443 0.02997474
v -0.00742358 0.02110461 0.03775758
v -0.00840380 0.02790193 0.02238216
v -0.01150941 0.02542763 0.02363600
v -0.01096895 0.02322984 0.03088439
v -0.01039601 0.01894383 0.03827882
v -0.00379485 0.01628111 0.04434918
v -0.00678676 0.01512475 0.04485924
v -0.00976663 0.01336655 0.04508763
v -0.00162334 0.01673424 0.04410933
v -0.00322171 -0.00449059 0.03877262
v -0.00139200 -0.00487719 0.03849149
v -0.01298448 0.00929704 0.04368666
v -0.01338368 0.00776788 0.04298657
v -0.01323606 0.00608170 0.04236969
v -0.01194078 0.00124437 0.04101074
v -0.01086597 -0.00061965 0.04049967
v -0.00901118 -0.00209601 0.03998866
v -0.00610940 -0.00347458 0.03934439
v -0.00489138 -0.00283195 0.00044007
v -0.00675085 -0.00457269 0.00033231
v -0.00820197 -0.00339418 0.00000000
v -0.00727662 -0.00161618 0.00012040
v -0.00782819 -0.00559929 0.00036196
v -0.00899677 -0.00491425 0.00017047
v -0.00996963 -0.00370192 0.00033738
v -0.00971218 -0.00212486 0.00030410
v -0.00924640 0.00014985 0.00038213
v -0.01231097 0.00404547 0.00410455
v -0.01152299 0.00390708 0.00164140
v -0.01057300 0.00208305 0.00163492
v -0.01131724 0.00201483 0.00410574
v -0.01105109 0.00382402 0.00056820
v -0.01008456 0.00208173 0.00055288
v -0.01017047 0.00038894 0.00148034
v -0.01022613 -0.00004539 0.00373076
v -0.01466700 0.01448053 0.00377456
v -0.01383060 0.01363041 0.00154803
v -0.01433815 0.01118061 0.00155285
v -0.01514894 0.01198267 0.00385980
v -0.01310795 0.01314316 0.00057509
v -0.01364625 0.01075973 0.00054741
v -0.01340225 0.00864314 0.00055145
v -0.01399203 0.00898196 0.00158197
v -0.01473852 0.00965611 0.00394720
v -0.00548400 -0.00349383 0.00392213
v -0.00459999 -0.00357924 0.00161193
v -0.00204067 -0.00284122 0.00188950
v -0.00221682 -0.00340332 0.00451032
v -0.00193550 -0.00246838 0.00073629
v -0.00353559 0.03079876 0.00364538
v -0.00136871 0.04566537 0.00261348
v -0.00152568 0.04490077 0.00163682
v -0.00370780 0.03067628 0.00185754
v -0.00126654 0.04395005 0.00068152
v -0.00312686 0.02809811 0.00055456
v -0.00695623 0.02377414 0.00183375
v -0.00735616 0.02471253 0.00371265
v -0.00665243 0.02251611 0.00072248
v -0.00977206 0.01962557 0.00072234
v -0.01019297 0.02038544 0.00169212
v -0.01075668 0.02137089 0.00367598
v -0.00525041 0.02935075 0.01444713
v -0.00868617 0.02782420 0.01573081
v -0.00508173 0.02814170 0.00935194
v -0.00861739 0.02656450 0.01037330
v -0.01208646 0.02402861 0.01153152
v -0.01199412 0.02534766 0.01711948
v -0.00241727 0.02999401 0.01406952
v -0.00228942 0.02884951 0.00900303
v -0.00540357 -0.00211887 0.01788641
v -0.00239666 -0.00261251 0.01784039
v -0.00563231 -0.00396043 0.01384022
v -0.00237285 -0.00453801 0.01393946
v -0.01578061 0.01891317 0.01789131
v -0.01625653 0.01643419 0.01792857
v -0.01607516 0.01740550 0.01260408
v -0.01657995 0.01486658 0.01283396
v -0.01626726 0.01218376 0.01302639
v -0.01590995 0.01376869 0.01798788
v -0.01377931 0.00639135 0.01820153
v -0.01281925 0.00370524 0.01826780
v -0.01431339 0.00486090 0.01339784
v -0.01341341 0.00219174 0.01352210
v -0.01189753 0.00002084 0.01362188
v -0.01132372 0.00158047 0.01822782
v -0.00864120 -0.00054135 0.01805669
v -0.00908456 -0.00223492 0.01372866
v -0.00456690 0.02756837 0.00601072
v -0.00806155 0.02542628 0.00645705
v -0.01153678 0.02260553 0.00698869
v -0.00199659 0.02857705 0.00586562
v -0.00148943 0.03320561 0.00407094
v -0.00552144 -0.00393814 0.00887463
v -0.00230923 -0.00443120 0.00905160
v -0.01557300 0.01579438 0.00767189
v -0.01606653 0.01325827 0.00787947
v -0.01569979 0.01072880 0.00805369
v -0.01355358 0.00417795 0.00836079
v -0.01260754 0.00180200 0.00845246
v -0.01120908 -0.00019775 0.00853486
v -0.00870589 -0.00233583 0.00874324
v -0.00830228 -0.00220160 0.00447388
v -0.01019481 -0.00365385 0.00165356
v -0.01042314 -0.00372722 0.00095779
v -0.00938651 -0.00545712 0.00090968
v -0.00927567 -0.00489994 0.00179007
v -0.00784930 -0.00608697 0.00100274
v -0.00807519 -0.00562495 0.00170272
v -0.01042875 -0.00166529 0.00116468
v -0.01008657 -0.00207758 0.00214391
v -0.00871695 -0.00344763 0.00256009
v -0.00712827 -0.00468832 0.00222430
v -0.00640507 -0.00511047 0.00123730
v -0.01408492 0.01913267 0.00739221
v -0.01460899 0.02068317 0.01224497
v -0.01322297 0.01783357 0.00370087
v -0.01438867 0.02209536 0.01776276
v -0.01375012 0.02228051 0.02396664
v -0.01249368 0.01693910 0.00158978
v -0.01189120 0.01635578 0.00064998
v -0.01184197 0.01126513 0.04455503
v -0.01124986 0.00683490 0.04974627
v -0.01248398 0.01633973 0.03796880
v -0.01310618 0.02027811 0.03087388
v -0.01077707 0.00451465 0.05295839
v -0.01038051 0.00352931 0.05500571
v -0.00851385 0.00038296 0.06874989
v -0.00828585 0.00028859 0.07340497
v -0.00886888 0.00068794 0.06391876
v -0.00783562 0.00007695 0.07891579
v -0.00743888 -0.00021916 0.07972195
v -0.00802992 0.00023616 0.07840728
v -0.00108660 -0.00133620 0.08346200
v -0.00236381 -0.00127727 0.08332527
v -0.00392000 -0.00124090 0.08303191
v -0.00544033 -0.00109993 0.08234229
v -0.00818907 0.00031765 0.07790083
v -0.00827592 0.00033485 0.07722044
v -0.00661861 -0.00066627 0.08106169
v -0.00730465 -0.00158937 0.08064788
v -0.00825612 0.00030182 0.07604703
v -0.01469452 0.00743632 0.00821960
v -0.01535565 0.00853084 0.01322297
v -0.01360559 0.00680560 0.00403251
v -0.01491722 0.01009560 0.01809077
v -0.01397646 0.01090166 0.02323020
v -0.01285827 0.00638561 0.00161418
v -0.01234354 0.00617208 0.00056054
v -0.01272080 0.00370359 0.04167298
v -0.01254044 0.00067025 0.04678113
v -0.01289987 0.00711935 0.03552563
v -0.01327961 0.00979034 0.02916495
v -0.01219310 -0.00111461 0.05027960
v -0.01174207 -0.00211627 0.05281738
v -0.00921912 -0.00490546 0.06840577
v -0.00889110 -0.00460400 0.07280558
v -0.00975115 -0.00503717 0.06361914
v -0.00907762 -0.00480009 0.07906486
v -0.00869535 -0.00485867 0.07998194
v -0.00914954 -0.00475967 0.07829357
v -0.00131725 -0.00536616 0.08405540
v -0.00279294 -0.00530536 0.08388387
v -0.00451000 -0.00520492 0.08352057
v -0.00624407 -0.00508449 0.08274259
v -0.00917124 -0.00471579 0.07733813
v -0.00910848 -0.00464171 0.07631640
v -0.00789799 -0.00372602 0.08085638
v -0.00770595 -0.00497967 0.08138756
v -0.00893026 -0.00454620 0.07518022
v -0.01035237 -0.00303028 0.06023074
v -0.01027551 -0.00461264 0.06015784
v -0.01084462 -0.00218553 0.05781076
v -0.01077697 -0.00383361 0.05761148
v -0.01057318 -0.00581466 0.05742914
v -0.01004979 -0.00628682 0.06015660
v -0.01133209 -0.00128346 0.05555378
v -0.01127301 -0.00295509 0.05521552
v -0.01115480 -0.00466747 0.05486721
v -0.00758932 0.00277503 0.06085139
v -0.00924564 0.00126608 0.06075051
v -0.00785096 0.00350411 0.05893948
v -0.00962278 0.00200293 0.05871041
v -0.01052211 0.00036074 0.05833301
v -0.01007637 -0.00043580 0.06052652
v -0.00811759 0.00425366 0.05722128
v -0.01000039 0.00276621 0.05685827
v -0.01096567 0.00119752 0.05631778
v -0.00100055 0.00386714 0.06035837
v -0.00095977 0.00485004 0.05849382
v -0.00257177 0.00468057 0.05860431
v -0.00259007 0.00375048 0.06046922
v -0.00092838 0.00588551 0.05681283
v -0.00256757 0.00565605 0.05692462
v -0.00283623 -0.01031071 0.05940305
v -0.00111790 -0.01032962 0.05904343
v -0.00260691 -0.01015901 0.05645399
v -0.00098705 -0.00990789 0.05617668
v -0.00182892 -0.00939711 0.05294900
v -0.00093344 -0.00917633 0.05316454
v -0.01035432 -0.00176464 0.06034790
v -0.01083398 -0.00092248 0.05803478
v -0.01130983 -0.00002917 0.05589204
v -0.00945143 -0.00771726 0.06026366
v -0.00980899 -0.00758894 0.05823045
v -0.00833204 -0.00884638 0.05827359
v -0.00802176 -0.00887202 0.06021246
v -0.00857496 -0.00907183 0.05684689
v -0.00608820 -0.00994640 0.05630594
v -0.00566554 -0.00979835 0.05784000
v -0.00847405 -0.01018050 0.05491998
v -0.00633320 -0.01089131 0.05433299
v -0.00405740 -0.01112364 0.05284029
v -0.00355976 -0.01024320 0.05474803
v -0.00549130 -0.00979178 0.05989086
v -0.00240186 -0.00968455 0.05183534
v -0.00273770 -0.01063165 0.05012967
v -0.00307301 -0.00974922 0.04769146
v -0.00304781 -0.00869951 0.04924250
v -0.00506977 0.00351560 0.06069904
v -0.00517452 0.00433408 0.05883387
v -0.00529045 0.00518308 0.05715949
v -0.01029088 -0.00729861 0.05107187
v -0.00893200 -0.00995884 0.04906717
v -0.00910124 -0.01041709 0.05065185
v -0.01033626 -0.00769180 0.05311772
v -0.00745924 -0.01238322 0.04708234
v -0.00769979 -0.01291509 0.04801651
v -0.00776321 -0.01363386 0.04870339
v -0.00902375 -0.01115071 0.05181453
v -0.01005443 -0.00846148 0.05465649
v -0.00791939 -0.00810807 0.04774075
v -0.00702743 -0.01049752 0.04653223
v -0.00836115 -0.01004437 0.04761691
v -0.00959852 -0.00750027 0.04918808
v -0.00607283 -0.01264376 0.04574936
v -0.00703309 -0.01235478 0.04629093
v -0.01097986 -0.00563969 0.05221784
v -0.01094482 -0.00597829 0.05438342
v -0.01052627 -0.00685058 0.05619425
v -0.00992187 -0.00797549 0.05691134
v -0.00959836 -0.00932884 0.05514267
v -0.00553682 -0.00773598 0.04855859
v -0.00526512 -0.00887765 0.04700972
v -0.00838823 -0.00684422 0.04925021
v -0.01021624 -0.00605017 0.05049015
v -0.00311084 -0.01352969 0.04578369
v -0.00305175 -0.01382612 0.04523655
v -0.00412454 -0.01344830 0.04515352
v -0.00443184 -0.01301379 0.04552180
v -0.00316516 -0.01362355 0.04491382
v -0.00395818 -0.01336067 0.04484545
v -0.00507930 -0.01332985 0.04492104
v -0.00543443 -0.01328257 0.04525567
v -0.00669003 -0.01461565 0.04657175
v -0.00646618 -0.01502493 0.04648337
v -0.00754595 -0.01418691 0.04881538
v -0.00609017 -0.01455748 0.04561577
v -0.00575747 -0.01470617 0.04527381
v -0.00514178 -0.01474332 0.04501942
v -0.00584523 -0.01521982 0.04624158
v -0.00683630 -0.01457979 0.04855761
v -0.00424508 -0.01305723 0.05019395
v -0.00300320 -0.01256532 0.04826240
v -0.00408755 -0.01478170 0.04755407
v -0.00308596 -0.01423432 0.04660892
v -0.00310539 -0.01178838 0.04653217
v -0.00782033 -0.01246072 0.05183031
v -0.00612209 -0.01295479 0.05131121
v -0.00553336 -0.01484713 0.04817692
v -0.00871263 -0.01184700 0.05210588
v -0.00485366 -0.01108482 0.04602212
v -0.00600930 -0.01401470 0.04544176
v -0.00556704 -0.01395918 0.04496682
v -0.00604427 -0.01353070 0.04542589
v -0.00574696 -0.01337294 0.04515049
v -0.00492990 -0.01390273 0.04471749
v -0.00389620 -0.01386633 0.04465590
v -0.00415854 -0.01472070 0.04492045
v -0.00308131 -0.01405518 0.04486706
v -0.00345245 -0.01467145 0.04502585
v -0.00618280 -0.01318363 0.04553075
v -0.00649526 -0.01334915 0.04591525
v -0.00665300 -0.01393572 0.04631258
v -0.00365523 -0.01510119 0.04578169
v -0.00294265 -0.01447968 0.04547227
v -0.00476599 -0.01529957 0.04601164
v -0.00000007 0.06295433 0.00125922
v -0.00000007 0.06302934 0.00128699
v -0.00066933 0.04370686 0.00029629
v -0.00122498 0.02961965 0.00020242
v -0.00075423 0.04614445 0.00297610
v -0.00901950 -0.00236304 0.07966757
v -0.00905025 -0.00160919 0.08117843
v -0.00917920 -0.00123987 0.08080631
v -0.00921700 -0.00188799 0.07907592
v -0.00901445 -0.00099571 0.08244592
v -0.00904259 -0.00067191 0.08255245
v -0.00886899 -0.00063229 0.08240076
v -0.00883028 -0.00103759 0.08110880
v -0.00874152 -0.00159711 0.07957495
v -0.00901704 -0.00275604 0.07898221
v -0.00801516 -0.00316129 0.08070142
v -0.00815435 -0.00271328 0.08113981
v -0.00688710 -0.00323020 0.08236566
v -0.00719585 -0.00279753 0.08257697
v -0.00636884 -0.00291762 0.08292000
v -0.00674944 -0.00256327 0.08307506
v -0.00662740 -0.00241505 0.08225174
v -0.00697599 -0.00214485 0.08248248
v -0.00868723 -0.00179596 0.07887371
v -0.00923533 -0.00217248 0.07829769
v -0.00761064 -0.00194431 0.08054953
v -0.00781208 -0.00173798 0.08101117
v -0.00868094 -0.00102297 0.08318717
v -0.00871547 -0.00057312 0.08353669
v -0.00821882 -0.00123992 0.08356351
v -0.00816474 -0.00097898 0.08376940
v -0.00809929 -0.00091481 0.08351727
v -0.00852639 -0.00062792 0.08313467
v -0.00773918 -0.00196028 0.08315108
v -0.00843604 -0.00187049 0.08219533
v -0.00816801 -0.00114186 0.08209893
v -0.00756737 -0.00146505 0.08307958
v -0.00742485 -0.00177248 0.08348795
v 0.00650976 -0.00025995 0.00015728
v 0.00828249 0.00110691 0.00017394
v 0.00454792 -0.00140339 0.00022797
v 0.00380551 0.00055493 0.00020937
v 0.00479343 0.00235868 0.00017192
v 0.00681790 0.00251159 0.00015735
v -0.00619858 0.02098509 0.00030784
v -0.00910045 0.01881147 0.00036279
v -0.00336545 0.02265921 0.00020507
v -0.00294902 0.01998812 0.00017737
v -0.00460431 0.01785348 0.00023417
v -0.00748154 0.01717383 0.00028094
v 0.00258435 -0.00159291 0.00034969
v 0.00057356 -0.00165379 0.00041151
v 0.00045005 0.00016669 0.00031479
v 0.00191988 0.00131484 0.00026734
v -0.01144157 0.00629367 0.00020183
v -0.01034280 0.00409310 0.00020241
v -0.01248890 0.00855971 0.00020032
v -0.01033144 0.00865815 0.00015736
v -0.00846744 0.00713397 0.00016185
v -0.00866942 0.00505538 0.00015735
v 0.01258180 0.01055011 0.00020534
v 0.01215486 0.01281513 0.00024237
v 0.01249344 0.00855971 0.00020032
v 0.01035737 0.00865815 0.00015736
v 0.00928814 0.01031744 0.00017025
v 0.01011783 0.01236375 0.00020074
v -0.00930353 0.00254396 0.00019885
v -0.00827439 0.00110691 0.00017395
v -0.00687937 0.00437097 0.00016185
v -0.00679197 0.00251159 0.00015735
v -0.00136509 0.02318530 0.00014449
v 0.00000408 0.02335086 0.00013856
v 0.00001296 0.02043265 0.00014190
v -0.00109693 0.01909552 0.00015310
v -0.00646400 -0.00025995 0.00015728
v -0.00425043 -0.00140339 0.00022797
v -0.00470106 0.00235868 0.00017192
v -0.00349072 0.00055493 0.00020938
v 0.01096169 0.01575379 0.00031903
v 0.00910499 0.01881147 0.00036279
v 0.00806902 0.01416053 0.00024834
v 0.00750746 0.01717384 0.00028094
v -0.00175561 -0.00159291 0.00034969
v -0.00129774 0.00131484 0.00026734
v 0.00620714 0.02098509 0.00030783
v 0.00337355 0.02265921 0.00020507
v 0.00464078 0.01785348 0.00023417
v 0.00297495 0.01998812 0.00017737
v 0.01145014 0.00629367 0.00020183
v 0.01035096 0.00409310 0.00020242
v 0.00869534 0.00505538 0.00015735
v 0.00850391 0.00713397 0.00016185
v -0.01258318 0.01055011 0.00020535
v -0.01216118 0.01281513 0.00024238
v -0.01009190 0.01236375 0.00020074
v -0.00925166 0.01031744 0.00017026
v 0.00931255 0.00254396 0.00019885
v 0.00691584 0.00437097 0.00016185
v 0.00137411 0.02318529 0.00014449
v 0.00113340 0.01909552 0.00015310
v -0.01096307 0.01575380 0.00031903
v -0.00803254 0.01416053 0.00024834
v 0.00005833 0.00957568 0.00019611
f 1 2 3
f 1 3 4
f 2 5 6
f 2 6 3
f 3 6 7
f 3 7 8
f 4 3 8
f 4 8 9
f 10 11 12
f 10 12 13
f 11 14 15
f 11 15 12
f 12 15 16
f 12 16 17
f 13 12 17
f 13 17 18
f 19 20 21
f 19 21 22
f 20 23 24
f 20 24 21
f 21 24 25
f 21 25 26
f 22 21 26
f 22 26 27
f 14 28 29
f 14 29 15
f 28 30 31
f 28 31 29
f 29 31 32
f 29 32 33
f 15 29 33
f 15 33 16
f 7 6 34
f 7 34 35
f 6 5 36
f 6 36 34
f 34 36 37
f 34 37 38
f 35 34 38
f 35 38 39
f 40 41 42
f 40 42 43
f 41 44 45
f 41 45 42
f 42 45 30
f 42 30 28
f 43 42 28
f 43 28 14
f 46 47 48
f 46 48 49
f 47 19 22
f 47 22 48
f 48 22 27
f 48 27 50
f 49 48 50
f 49 50 51
f 52 53 54
f 52 54 55
f 53 56 57
f 53 57 54
f 54 57 58
f 54 58 59
f 55 54 59
f 55 59 60
f 61 62 63
f 61 63 64
f 62 65 66
f 62 66 63
f 63 66 19
f 63 19 47
f 64 63 47
f 64 47 46
f 56 67 68
f 56 68 57
f 67 69 70
f 67 70 68
f 68 70 71
f 68 71 72
f 57 68 72
f 57 72 58
f 65 73 74
f 65 74 66
f 73 75 76
f 73 76 74
f 74 76 23
f 74 23 20
f 66 74 20
f 66 20 19
f 18 17 77
f 18 77 78
f 17 16 33
f 17 33 77
f 77 33 32
f 77 32 79
f 78 77 79
f 78 79 80
f 81 82 83
f 81 83 84
f 82 85 86
f 82 86 83
f 83 86 87
f 83 87 88
f 84 83 88
f 84 88 89
f 90 91 92
f 90 92 93
f 91 10 13
f 91 13 92
f 92 13 18
f 92 18 94
f 93 92 94
f 93 94 95
f 96 97 98
f 96 98 99
f 97 100 101
f 97 101 98
f 98 101 85
f 98 85 82
f 99 98 82
f 99 82 81
f 102 103 104
f 102 104 105
f 103 9 106
f 103 106 104
f 104 106 107
f 104 107 108
f 105 104 108
f 105 108 109
f 110 111 112
f 110 112 113
f 111 114 115
f 111 115 112
f 112 115 10
f 112 10 91
f 113 112 91
f 113 91 90
f 9 8 116
f 9 116 106
f 8 7 35
f 8 35 116
f 116 35 39
f 116 39 117
f 106 116 117
f 106 117 107
f 114 118 119
f 114 119 115
f 118 40 43
f 118 43 119
f 119 43 14
f 119 14 11
f 115 119 11
f 115 11 10
f 120 121 122
f 120 122 123
f 121 124 125
f 121 125 122
f 122 125 126
f 122 126 127
f 123 122 127
f 123 127 128
f 129 130 131
f 129 131 132
f 130 1 4
f 130 4 131
f 131 4 9
f 131 9 103
f 132 131 103
f 132 103 102
f 133 134 135
f 133 135 136
f 134 137 138
f 134 138 135
f 135 138 124
f 135 124 121
f 136 135 121
f 136 121 120
f 139 140 141
f 139 141 142
f 140 143 144
f 140 144 141
f 141 144 1
f 141 1 130
f 142 141 130
f 142 130 129
f 143 145 146
f 143 146 144
f 145 147 148
f 145 148 146
f 146 148 5
f 146 5 2
f 144 146 2
f 144 2 1
f 80 79 149
f 80 149 150
f 79 32 151
f 79 151 149
f 149 151 152
f 149 152 153
f 150 149 153
f 150 153 154
f 37 155 156
f 37 156 157
f 155 158 159
f 155 159 156
f 156 159 160
f 156 160 161
f 157 156 161
f 157 161 162
f 5 148 163
f 5 163 36
f 148 147 164
f 148 164 163
f 163 164 158
f 163 158 155
f 36 163 155
f 36 155 37
f 30 165 166
f 30 166 31
f 165 167 168
f 165 168 166
f 166 168 152
f 166 152 151
f 31 166 151
f 31 151 32
f 169 170 171
f 169 171 172
f 170 173 174
f 170 174 171
f 171 174 175
f 171 175 176
f 172 171 176
f 172 176 177
f 167 165 178
f 167 178 179
f 165 30 180
f 165 180 178
f 178 180 177
f 178 177 176
f 179 178 176
f 179 176 175
f 44 181 182
f 44 182 183
f 181 37 157
f 181 157 182
f 182 157 162
f 182 162 184
f 183 182 184
f 183 184 169
f 30 45 185
f 30 185 180
f 45 44 183
f 45 183 185
f 185 183 169
f 185 169 172
f 180 185 172
f 180 172 177
f 162 161 186
f 162 186 184
f 161 160 187
f 161 187 186
f 186 187 173
f 186 173 170
f 184 186 170
f 184 170 169
f 107 117 188
f 107 188 189
f 117 39 190
f 117 190 188
f 188 190 40
f 188 40 118
f 189 188 118
f 189 118 114
f 109 108 191
f 109 191 192
f 108 107 189
f 108 189 191
f 191 189 114
f 191 114 111
f 192 191 111
f 192 111 110
f 193 194 195
f 193 195 196
f 194 197 198
f 194 198 195
f 195 198 100
f 195 100 97
f 196 195 97
f 196 97 96
f 58 72 199
f 58 199 200
f 72 71 201
f 72 201 199
f 199 201 75
f 199 75 73
f 200 199 73
f 200 73 65
f 60 59 202
f 60 202 203
f 59 58 200
f 59 200 202
f 202 200 65
f 202 65 62
f 203 202 62
f 203 62 61
f 39 38 204
f 39 204 190
f 38 37 181
f 38 181 204
f 204 181 44
f 204 44 41
f 190 204 41
f 190 41 40
f 89 88 205
f 89 205 206
f 88 87 207
f 88 207 205
f 205 207 208
f 205 208 209
f 206 205 209
f 206 209 210
f 95 94 211
f 95 211 212
f 94 18 213
f 94 213 211
f 211 213 214
f 211 214 215
f 212 211 215
f 212 215 216
f 80 150 217
f 80 217 218
f 150 154 219
f 150 219 217
f 217 219 220
f 217 220 221
f 218 217 221
f 218 221 222
f 27 26 223
f 27 223 224
f 26 25 225
f 26 225 223
f 223 225 226
f 223 226 227
f 224 223 227
f 224 227 228
f 51 50 229
f 51 229 230
f 50 27 224
f 50 224 229
f 229 224 228
f 229 228 231
f 230 229 231
f 230 231 232
f 18 78 233
f 18 233 213
f 78 80 218
f 78 218 233
f 233 218 222
f 233 222 234
f 213 233 234
f 213 234 214
f 235 236 237
f 235 237 238
f 236 239 240
f 236 240 237
f 237 240 241
f 237 241 242
f 238 237 242
f 238 242 243
f 244 245 246
f 244 246 247
f 245 248 249
f 245 249 246
f 246 249 250
f 246 250 251
f 247 246 251
f 247 251 252
f 253 254 255
f 253 255 256
f 254 244 247
f 254 247 255
f 255 247 252
f 255 252 257
f 256 255 257
f 256 257 258
f 259 260 261
f 259 261 262
f 260 263 264
f 260 264 261
f 261 264 265
f 261 265 266
f 262 261 266
f 262 266 267
f 248 268 269
f 248 269 249
f 268 270 271
f 268 271 269
f 269 271 272
f 269 272 273
f 249 269 273
f 249 273 250
f 274 275 276
f 274 276 277
f 275 235 238
f 275 238 276
f 276 238 243
f 276 243 278
f 277 276 278
f 277 278 279
f 280 281 282
f 280 282 283
f 281 284 285
f 281 285 282
f 282 285 286
f 282 286 287
f 283 282 287
f 283 287 288
f 289 290 291
f 289 291 292
f 290 280 283
f 290 283 291
f 291 283 288
f 291 288 293
f 292 291 293
f 292 293 294
f 295 296 297
f 295 297 298
f 296 299 300
f 296 300 297
f 297 300 301
f 297 301 302
f 298 297 302
f 298 302 303
f 284 304 305
f 284 305 285
f 304 306 307
f 304 307 305
f 305 307 308
f 305 308 309
f 285 305 309
f 285 309 286
f 310 311 312
f 310 312 313
f 311 314 315
f 311 315 312
f 312 315 316
f 312 316 317
f 313 312 317
f 313 317 318
f 314 319 320
f 314 320 315
f 319 321 322
f 319 322 320
f 320 322 323
f 320 323 324
f 315 320 324
f 315 324 316
f 243 242 325
f 243 325 326
f 242 241 327
f 242 327 325
f 325 327 321
f 325 321 319
f 326 325 319
f 326 319 314
f 279 278 328
f 279 328 329
f 278 243 326
f 278 326 328
f 328 326 314
f 328 314 311
f 329 328 311
f 329 311 310
f 250 273 330
f 250 330 331
f 273 272 332
f 273 332 330
f 330 332 306
f 330 306 304
f 331 330 304
f 331 304 284
f 267 266 333
f 267 333 334
f 266 265 335
f 266 335 333
f 333 335 299
f 333 299 296
f 334 333 296
f 334 296 295
f 258 257 336
f 258 336 337
f 257 252 338
f 257 338 336
f 336 338 280
f 336 280 290
f 337 336 290
f 337 290 289
f 252 251 339
f 252 339 338
f 251 250 331
f 251 331 339
f 339 331 284
f 339 284 281
f 338 339 281
f 338 281 280
f 340 341 342
f 340 342 343
f 341 344 345
f 341 345 342
f 342 345 346
f 342 346 347
f 343 342 347
f 343 347 348
f 349 350 351
f 349 351 352
f 350 353 354
f 350 354 351
f 351 354 344
f 351 344 355
f 352 351 355
f 352 355 356
f 357 358 359
f 357 359 360
f 358 361 362
f 358 362 359
f 359 362 363
f 359 363 364
f 360 359 364
f 360 364 365
f 366 367 368
f 366 368 369
f 367 370 371
f 367 371 368
f 368 371 372
f 368 372 373
f 369 368 373
f 369 373 340
f 374 375 376
f 374 376 377
f 375 378 379
f 375 379 376
f 376 379 380
f 376 380 381
f 377 376 381
f 377 381 382
f 374 383 384
f 374 384 375
f 383 385 386
f 383 386 384
f 384 386 387
f 384 387 388
f 375 384 388
f 375 388 378
f 316 324 389
f 316 389 390
f 324 323 391
f 324 391 389
f 389 391 392
f 389 392 393
f 390 389 393
f 390 393 394
f 318 317 395
f 318 395 396
f 317 316 390
f 317 390 395
f 395 390 394
f 395 394 397
f 396 395 397
f 396 397 398
f 286 309 399
f 286 399 400
f 309 308 401
f 309 401 399
f 399 401 402
f 399 402 403
f 400 399 403
f 400 403 404
f 303 302 405
f 303 405 406
f 302 301 407
f 302 407 405
f 405 407 408
f 405 408 409
f 406 405 409
f 406 409 410
f 294 293 411
f 294 411 412
f 293 288 413
f 293 413 411
f 411 413 414
f 411 414 415
f 412 411 415
f 412 415 416
f 288 287 417
f 288 417 413
f 287 286 400
f 287 400 417
f 417 400 404
f 417 404 418
f 413 417 418
f 413 418 414
f 394 393 419
f 394 419 420
f 393 392 421
f 393 421 419
f 419 421 385
f 419 385 383
f 420 419 383
f 420 383 374
f 398 397 422
f 398 422 423
f 397 394 420
f 397 420 422
f 422 420 374
f 422 374 424
f 423 422 424
f 423 424 425
f 404 403 426
f 404 426 427
f 403 402 428
f 403 428 426
f 426 428 370
f 426 370 367
f 427 426 367
f 427 367 366
f 410 409 429
f 410 429 430
f 409 408 431
f 409 431 429
f 429 431 361
f 429 361 358
f 430 429 358
f 430 358 357
f 416 415 432
f 416 432 433
f 415 414 434
f 415 434 432
f 432 434 353
f 432 353 350
f 433 432 350
f 433 350 349
f 414 418 435
f 414 435 434
f 418 404 427
f 418 427 435
f 435 427 366
f 435 366 436
f 434 435 436
f 434 436 353
f 437 438 439
f 437 439 440
f 438 441 442
f 438 442 439
f 439 442 348
f 439 348 347
f 440 439 347
f 440 347 346
f 344 354 443
f 344 443 345
f 354 353 444
f 354 444 443
f 443 444 437
f 443 437 440
f 345 443 440
f 345 440 346
f 353 436 445
f 353 445 444
f 436 366 446
f 436 446 445
f 445 446 441
f 445 441 438
f 444 445 438
f 444 438 437
f 366 369 447
f 366 447 446
f 369 340 343
f 369 343 447
f 447 343 348
f 447 348 442
f 446 447 442
f 446 442 441
f 392 448 449
f 392 449 421
f 448 410 430
f 448 430 449
f 449 430 357
f 449 357 450
f 421 449 450
f 421 450 385
f 323 451 452
f 323 452 391
f 451 303 406
f 451 406 452
f 452 406 410
f 452 410 448
f 391 452 448
f 391 448 392
f 385 450 453
f 385 453 386
f 450 357 360
f 450 360 453
f 453 360 365
f 453 365 454
f 386 453 454
f 386 454 387
f 241 455 456
f 241 456 327
f 455 267 334
f 455 334 456
f 456 334 295
f 456 295 457
f 327 456 457
f 327 457 321
f 321 457 458
f 321 458 322
f 457 295 298
f 457 298 458
f 458 298 303
f 458 303 451
f 322 458 451
f 322 451 323
f 239 459 460
f 239 460 240
f 459 259 262
f 459 262 460
f 460 262 267
f 460 267 455
f 240 460 455
f 240 455 241
f 25 461 462
f 25 462 225
f 461 89 206
f 461 206 462
f 462 206 210
f 462 210 463
f 225 462 463
f 225 463 226
f 71 464 465
f 71 465 201
f 464 193 196
f 464 196 465
f 465 196 96
f 465 96 466
f 201 465 466
f 201 466 75
f 52 467 468
f 52 468 53
f 467 133 136
f 467 136 468
f 468 136 120
f 468 120 469
f 53 468 469
f 53 469 56
f 56 469 470
f 56 470 67
f 469 120 123
f 469 123 470
f 470 123 128
f 470 128 471
f 67 470 471
f 67 471 69
f 75 466 472
f 75 472 76
f 466 96 99
f 466 99 472
f 472 99 81
f 472 81 473
f 76 472 473
f 76 473 23
f 69 471 474
f 69 474 70
f 471 128 475
f 471 475 474
f 474 475 193
f 474 193 464
f 70 474 464
f 70 464 71
f 23 473 476
f 23 476 24
f 473 81 84
f 473 84 476
f 476 84 89
f 476 89 461
f 24 476 461
f 24 461 25
f 408 477 478
f 408 478 431
f 477 416 433
f 477 433 478
f 478 433 349
f 478 349 479
f 431 478 479
f 431 479 361
f 301 480 481
f 301 481 407
f 480 294 412
f 480 412 481
f 481 412 416
f 481 416 477
f 407 481 477
f 407 477 408
f 361 479 482
f 361 482 362
f 479 349 352
f 479 352 482
f 482 352 356
f 482 356 483
f 362 482 483
f 362 483 363
f 265 484 485
f 265 485 335
f 484 258 337
f 484 337 485
f 485 337 289
f 485 289 486
f 335 485 486
f 335 486 299
f 299 486 487
f 299 487 300
f 486 289 292
f 486 292 487
f 487 292 294
f 487 294 480
f 300 487 480
f 300 480 301
f 263 488 489
f 263 489 264
f 488 253 256
f 488 256 489
f 489 256 258
f 489 258 484
f 264 489 484
f 264 484 265
f 87 490 491
f 87 491 207
f 490 95 212
f 490 212 491
f 491 212 216
f 491 216 492
f 207 491 492
f 207 492 208
f 197 493 494
f 197 494 198
f 493 109 192
f 493 192 494
f 494 192 110
f 494 110 495
f 198 494 495
f 198 495 100
f 137 496 497
f 137 497 138
f 496 139 142
f 496 142 497
f 497 142 129
f 497 129 498
f 138 497 498
f 138 498 124
f 124 498 499
f 124 499 125
f 498 129 132
f 498 132 499
f 499 132 102
f 499 102 500
f 125 499 500
f 125 500 126
f 100 495 501
f 100 501 101
f 495 110 113
f 495 113 501
f 501 113 90
f 501 90 502
f 101 501 502
f 101 502 85
f 126 500 503
f 126 503 504
f 500 102 105
f 500 105 503
f 503 105 109
f 503 109 493
f 504 503 493
f 504 493 197
f 85 502 505
f 85 505 86
f 502 90 93
f 502 93 505
f 505 93 95
f 505 95 490
f 86 505 490
f 86 490 87
f 208 492 506
f 208 506 507
f 492 216 508
f 492 508 506
f 506 508 509
f 506 509 510
f 507 506 510
f 507 510 511
f 511 510 512
f 511 512 513
f 510 509 514
f 510 514 512
f 512 514 253
f 512 253 488
f 513 512 488
f 513 488 263
f 226 463 515
f 226 515 516
f 463 210 517
f 463 517 515
f 515 517 518
f 515 518 519
f 516 515 519
f 516 519 520
f 520 519 521
f 520 521 522
f 519 518 523
f 519 523 521
f 521 523 259
f 521 259 459
f 522 521 459
f 522 459 239
f 232 231 524
f 232 524 525
f 231 228 526
f 231 526 524
f 524 526 527
f 524 527 528
f 525 524 528
f 525 528 529
f 529 528 530
f 529 530 531
f 528 527 532
f 528 532 530
f 530 532 235
f 530 235 275
f 531 530 275
f 531 275 274
f 222 221 533
f 222 533 534
f 221 220 535
f 221 535 533
f 533 535 536
f 533 536 537
f 534 533 537
f 534 537 538
f 538 537 539
f 538 539 540
f 537 536 541
f 537 541 539
f 539 541 270
f 539 270 268
f 540 539 268
f 540 268 248
f 210 209 542
f 210 542 517
f 209 208 507
f 209 507 542
f 542 507 511
f 542 511 543
f 517 542 543
f 517 543 518
f 518 543 544
f 518 544 523
f 543 511 513
f 543 513 544
f 544 513 263
f 544 263 260
f 523 544 260
f 523 260 259
f 216 215 545
f 216 545 508
f 215 214 546
f 215 546 545
f 545 546 547
f 545 547 548
f 508 545 548
f 508 548 509
f 547 549 550
f 547 550 551
f 549 538 552
f 549 552 550
f 550 552 553
f 550 553 554
f 551 550 554
f 551 554 555
f 214 234 556
f 214 556 546
f 234 222 534
f 234 534 556
f 556 534 538
f 556 538 549
f 546 556 549
f 546 549 547
f 538 540 557
f 538 557 552
f 540 248 558
f 540 558 557
f 557 558 559
f 557 559 560
f 552 557 560
f 552 560 553
f 228 227 561
f 228 561 526
f 227 226 516
f 227 516 561
f 561 516 520
f 561 520 562
f 526 561 562
f 526 562 527
f 527 562 563
f 527 563 532
f 562 520 522
f 562 522 563
f 563 522 239
f 563 239 236
f 532 563 236
f 532 236 235
f 564 565 566
f 564 566 567
f 565 568 569
f 565 569 566
f 566 569 570
f 566 570 571
f 567 566 571
f 567 571 572
f 573 574 575
f 573 575 576
f 574 564 567
f 574 567 575
f 575 567 572
f 575 572 577
f 576 575 577
f 576 577 578
f 253 514 579
f 253 579 580
f 514 509 581
f 514 581 579
f 579 581 568
f 579 568 565
f 580 579 565
f 580 565 564
f 509 548 582
f 509 582 581
f 548 547 551
f 548 551 582
f 582 551 555
f 582 555 583
f 581 582 583
f 581 583 568
f 248 245 584
f 248 584 558
f 245 244 585
f 245 585 584
f 584 585 573
f 584 573 586
f 558 584 586
f 558 586 559
f 244 254 587
f 244 587 585
f 254 253 580
f 254 580 587
f 587 580 564
f 587 564 574
f 585 587 574
f 585 574 573
f 588 589 590
f 588 590 591
f 589 578 592
f 589 592 590
f 590 592 593
f 590 593 594
f 591 590 594
f 591 594 595
f 570 596 597
f 570 597 598
f 596 599 600
f 596 600 597
f 597 600 601
f 597 601 602
f 598 597 602
f 598 602 603
f 553 560 604
f 553 604 605
f 560 559 606
f 560 606 604
f 604 606 588
f 604 588 607
f 605 604 607
f 605 607 608
f 555 554 609
f 555 609 610
f 554 553 605
f 554 605 609
f 609 605 608
f 609 608 611
f 610 609 611
f 610 611 599
f 568 583 612
f 568 612 569
f 583 555 610
f 583 610 612
f 612 610 599
f 612 599 596
f 569 612 596
f 569 596 570
f 559 586 613
f 559 613 606
f 586 573 576
f 586 576 613
f 613 576 578
f 613 578 589
f 606 613 589
f 606 589 588
f 603 602 614
f 603 614 615
f 602 601 616
f 602 616 614
f 614 616 593
f 614 593 617
f 615 614 617
f 615 617 618
f 601 619 620
f 601 620 616
f 619 621 622
f 619 622 620
f 620 622 595
f 620 595 594
f 616 620 594
f 616 594 593
f 578 577 623
f 578 623 592
f 577 572 624
f 577 624 623
f 623 624 618
f 623 618 617
f 592 623 617
f 592 617 593
f 572 571 625
f 572 625 624
f 571 570 598
f 571 598 625
f 625 598 603
f 625 603 615
f 624 625 615
f 624 615 618
f 608 607 626
f 608 626 627
f 607 588 591
f 607 591 626
f 626 591 595
f 626 595 622
f 627 626 622
f 627 622 621
f 599 611 628
f 599 628 600
f 611 608 627
f 611 627 628
f 628 627 621
f 628 621 619
f 600 628 619
f 600 619 601
f 378 629 630
f 378 630 379
f 629 631 632
f 629 632 630
f 630 632 633
f 630 633 634
f 379 630 634
f 379 634 380
f 425 424 635
f 425 635 636
f 424 374 377
f 424 377 635
f 635 377 382
f 635 382 637
f 636 635 637
f 636 637 638
f 639 640 641
f 639 641 642
f 640 643 644
f 640 644 641
f 641 644 645
f 641 645 646
f 642 641 646
f 642 646 647
f 639 648 649
f 639 649 650
f 648 651 652
f 648 652 649
f 649 652 126
f 649 126 504
f 650 649 504
f 650 504 197
f 651 653 654
f 651 654 652
f 653 655 656
f 653 656 654
f 654 656 128
f 654 128 127
f 652 654 127
f 652 127 126
f 643 640 657
f 643 657 658
f 640 639 650
f 640 650 657
f 657 650 197
f 657 197 194
f 658 657 194
f 658 194 193
f 655 659 660
f 655 660 656
f 659 643 658
f 659 658 660
f 660 658 193
f 660 193 475
f 656 660 475
f 656 475 128
f 647 646 661
f 647 661 662
f 646 645 663
f 646 663 661
f 661 663 664
f 661 664 665
f 662 661 665
f 662 665 666
f 651 648 667
f 651 667 668
f 648 639 642
f 648 642 667
f 667 642 647
f 667 647 662
f 668 667 662
f 668 662 666
f 643 659 669
f 643 669 644
f 659 655 670
f 659 670 669
f 669 670 664
f 669 664 663
f 644 669 663
f 644 663 645
f 655 653 671
f 655 671 670
f 653 651 668
f 653 668 671
f 671 668 666
f 671 666 665
f 670 671 665
f 670 665 664
f 672 673 674
f 672 674 675
f 673 676 677
f 673 677 674
f 674 677 678
f 674 678 679
f 675 674 679
f 675 679 680
f 681 682 683
f 681 683 684
f 682 685 686
f 682 686 683
f 683 686 687
f 683 687 688
f 684 683 688
f 684 688 689
f 690 691 692
f 690 692 693
f 691 694 695
f 691 695 692
f 692 695 696
f 692 696 697
f 693 692 697
f 693 697 698
f 689 688 699
f 689 699 700
f 688 687 701
f 688 701 699
f 699 701 702
f 699 702 703
f 700 699 703
f 700 703 704
f 678 705 706
f 678 706 679
f 705 707 708
f 705 708 706
f 706 708 709
f 706 709 710
f 679 706 710
f 679 710 680
f 711 712 713
f 711 713 714
f 712 689 700
f 712 700 713
f 713 700 704
f 713 704 715
f 714 713 715
f 714 715 716
f 46 49 717
f 46 717 718
f 49 51 719
f 49 719 717
f 717 719 694
f 717 694 691
f 718 717 691
f 718 691 690
f 52 55 720
f 52 720 721
f 55 60 722
f 55 722 720
f 720 722 723
f 720 723 724
f 721 720 724
f 721 724 725
f 61 64 726
f 61 726 727
f 64 46 718
f 64 718 726
f 726 718 690
f 726 690 728
f 727 726 728
f 727 728 729
f 725 724 730
f 725 730 731
f 724 723 732
f 724 732 730
f 730 732 733
f 730 733 734
f 731 730 734
f 731 734 735
f 729 728 736
f 729 736 737
f 728 690 693
f 728 693 736
f 736 693 698
f 736 698 738
f 737 736 738
f 737 738 739
f 685 740 741
f 685 741 686
f 740 742 743
f 740 743 741
f 741 743 702
f 741 702 701
f 686 741 701
f 686 701 687
f 744 745 746
f 744 746 747
f 745 748 749
f 745 749 746
f 746 749 750
f 746 750 751
f 747 746 751
f 747 751 752
f 753 754 755
f 753 755 756
f 754 757 758
f 754 758 755
f 755 758 685
f 755 685 682
f 756 755 682
f 756 682 681
f 759 760 761
f 759 761 762
f 760 744 747
f 760 747 761
f 761 747 752
f 761 752 763
f 762 761 763
f 762 763 764
f 765 766 767
f 765 767 768
f 766 769 770
f 766 770 767
f 767 770 771
f 767 771 772
f 768 767 772
f 768 772 676
f 773 774 775
f 773 775 776
f 774 753 756
f 774 756 775
f 775 756 681
f 775 681 777
f 776 775 777
f 776 777 778
f 676 772 779
f 676 779 677
f 772 771 780
f 772 780 779
f 779 780 707
f 779 707 705
f 677 779 705
f 677 705 678
f 778 777 781
f 778 781 782
f 777 681 684
f 777 684 781
f 781 684 689
f 781 689 712
f 782 781 712
f 782 712 711
f 783 784 785
f 783 785 786
f 784 787 788
f 784 788 785
f 785 788 789
f 785 789 790
f 786 785 790
f 786 790 791
f 792 793 794
f 792 794 795
f 793 765 768
f 793 768 794
f 794 768 676
f 794 676 673
f 795 794 673
f 795 673 672
f 133 796 797
f 133 797 134
f 796 783 786
f 796 786 797
f 797 786 791
f 797 791 798
f 134 797 798
f 134 798 137
f 139 799 800
f 139 800 140
f 799 792 795
f 799 795 800
f 800 795 672
f 800 672 801
f 140 800 801
f 140 801 143
f 143 801 802
f 143 802 145
f 801 672 675
f 801 675 802
f 802 675 680
f 802 680 803
f 145 802 803
f 145 803 147
f 742 804 805
f 742 805 743
f 804 154 153
f 804 153 805
f 805 153 152
f 805 152 806
f 743 805 806
f 743 806 702
f 709 807 808
f 709 808 809
f 807 810 811
f 807 811 808
f 808 811 160
f 808 160 159
f 809 808 159
f 809 159 158
f 680 710 812
f 680 812 803
f 710 709 809
f 710 809 812
f 812 809 158
f 812 158 164
f 803 812 164
f 803 164 147
f 704 703 813
f 704 813 814
f 703 702 806
f 703 806 813
f 813 806 152
f 813 152 168
f 814 813 168
f 814 168 167
f 815 816 817
f 815 817 818
f 816 819 820
f 816 820 817
f 817 820 175
f 817 175 174
f 818 817 174
f 818 174 173
f 167 179 821
f 167 821 814
f 179 175 820
f 179 820 821
f 821 820 819
f 821 819 822
f 814 821 822
f 814 822 704
f 716 823 824
f 716 824 825
f 823 815 826
f 823 826 824
f 824 826 810
f 824 810 807
f 825 824 807
f 825 807 709
f 704 822 827
f 704 827 715
f 822 819 816
f 822 816 827
f 827 816 815
f 827 815 823
f 715 827 823
f 715 823 716
f 810 826 828
f 810 828 811
f 826 815 818
f 826 818 828
f 828 818 173
f 828 173 187
f 811 828 187
f 811 187 160
f 771 829 830
f 771 830 780
f 829 778 782
f 829 782 830
f 830 782 711
f 830 711 831
f 780 830 831
f 780 831 707
f 769 832 833
f 769 833 770
f 832 773 776
f 832 776 833
f 833 776 778
f 833 778 829
f 770 833 829
f 770 829 771
f 834 835 836
f 834 836 837
f 835 759 762
f 835 762 836
f 836 762 764
f 836 764 838
f 837 836 838
f 837 838 839
f 723 840 841
f 723 841 732
f 840 729 737
f 840 737 841
f 841 737 739
f 841 739 842
f 732 841 842
f 732 842 733
f 60 203 843
f 60 843 722
f 203 61 727
f 203 727 843
f 843 727 729
f 843 729 840
f 722 843 840
f 722 840 723
f 707 831 844
f 707 844 708
f 831 711 714
f 831 714 844
f 844 714 716
f 844 716 825
f 708 844 825
f 708 825 709
f 748 845 846
f 748 846 749
f 845 847 848
f 845 848 846
f 846 848 849
f 846 849 850
f 749 846 850
f 749 850 750
f 757 851 852
f 757 852 758
f 851 853 854
f 851 854 852
f 852 854 855
f 852 855 856
f 758 852 856
f 758 856 685
f 742 857 858
f 742 858 804
f 857 859 860
f 857 860 858
f 858 860 220
f 858 220 219
f 804 858 219
f 804 219 154
f 694 861 862
f 694 862 695
f 861 863 864
f 861 864 862
f 862 864 865
f 862 865 866
f 695 862 866
f 695 866 696
f 51 230 867
f 51 867 719
f 230 232 868
f 230 868 867
f 867 868 863
f 867 863 861
f 719 867 861
f 719 861 694
f 685 856 869
f 685 869 740
f 856 855 870
f 856 870 869
f 869 870 859
f 869 859 857
f 740 869 857
f 740 857 742
f 871 872 873
f 871 873 874
f 872 875 876
f 872 876 873
f 873 876 877
f 873 877 878
f 874 873 878
f 874 878 879
f 880 881 882
f 880 882 883
f 881 884 885
f 881 885 882
f 882 885 886
f 882 886 887
f 883 882 887
f 883 887 888
f 889 890 891
f 889 891 892
f 890 893 894
f 890 894 891
f 891 894 884
f 891 884 881
f 892 891 881
f 892 881 880
f 895 896 897
f 895 897 898
f 896 899 900
f 896 900 897
f 897 900 901
f 897 901 902
f 898 897 902
f 898 902 903
f 888 887 904
f 888 904 905
f 887 886 906
f 887 906 904
f 904 906 272
f 904 272 271
f 905 904 271
f 905 271 270
f 274 277 907
f 274 907 908
f 277 279 909
f 277 909 907
f 907 909 875
f 907 875 872
f 908 907 872
f 908 872 871
f 910 911 912
f 910 912 913
f 911 914 915
f 911 915 912
f 912 915 916
f 912 916 917
f 913 912 917
f 913 917 918
f 919 920 921
f 919 921 922
f 920 923 924
f 920 924 921
f 921 924 914
f 921 914 911
f 922 921 911
f 922 911 910
f 925 926 927
f 925 927 928
f 926 929 930
f 926 930 927
f 927 930 931
f 927 931 932
f 928 927 932
f 928 932 933
f 918 917 934
f 918 934 935
f 917 916 936
f 917 936 934
f 934 936 308
f 934 308 307
f 935 934 307
f 935 307 306
f 310 313 937
f 310 937 938
f 313 318 939
f 313 939 937
f 937 939 940
f 937 940 941
f 938 937 941
f 938 941 942
f 942 941 943
f 942 943 944
f 941 940 945
f 941 945 943
f 943 945 946
f 943 946 947
f 944 943 947
f 944 947 948
f 875 949 950
f 875 950 876
f 949 942 944
f 949 944 950
f 950 944 948
f 950 948 951
f 876 950 951
f 876 951 877
f 279 329 952
f 279 952 909
f 329 310 938
f 329 938 952
f 952 938 942
f 952 942 949
f 909 952 949
f 909 949 875
f 886 953 954
f 886 954 906
f 953 918 935
f 953 935 954
f 954 935 306
f 954 306 332
f 906 954 332
f 906 332 272
f 899 955 956
f 899 956 900
f 955 925 928
f 955 928 956
f 956 928 933
f 956 933 957
f 900 956 957
f 900 957 901
f 893 958 959
f 893 959 894
f 958 919 922
f 958 922 959
f 959 922 910
f 959 910 960
f 894 959 960
f 894 960 884
f 884 960 961
f 884 961 885
f 960 910 913
f 960 913 961
f 961 913 918
f 961 918 953
f 885 961 953
f 885 953 886
f 962 963 964
f 962 964 965
f 963 966 967
f 963 967 964
f 964 967 968
f 964 968 969
f 965 964 969
f 965 969 970
f 971 972 973
f 971 973 974
f 972 975 976
f 972 976 973
f 973 976 970
f 973 970 977
f 974 973 977
f 974 977 978
f 979 980 981
f 979 981 982
f 980 983 984
f 980 984 981
f 981 984 985
f 981 985 986
f 982 981 986
f 982 986 987
f 988 989 990
f 988 990 991
f 989 962 992
f 989 992 990
f 990 992 372
f 990 372 371
f 991 990 371
f 991 371 370
f 993 994 995
f 993 995 996
f 994 382 381
f 994 381 995
f 995 381 380
f 995 380 997
f 996 995 997
f 996 997 998
f 993 996 999
f 993 999 1000
f 996 998 1001
f 996 1001 999
f 999 1001 1002
f 999 1002 1003
f 1000 999 1003
f 1000 1003 1004
f 940 1005 1006
f 940 1006 945
f 1005 1007 1008
f 1005 1008 1006
f 1006 1008 1009
f 1006 1009 1010
f 945 1006 1010
f 945 1010 946
f 318 396 1011
f 318 1011 939
f 396 398 1012
f 396 1012 1011
f 1011 1012 1007
f 1011 1007 1005
f 939 1011 1005
f 939 1005 940
f 916 1013 1014
f 916 1014 936
f 1013 1015 1016
f 1013 1016 1014
f 1014 1016 402
f 1014 402 401
f 936 1014 401
f 936 401 308
f 929 1017 1018
f 929 1018 930
f 1017 1019 1020
f 1017 1020 1018
f 1018 1020 1021
f 1018 1021 1022
f 930 1018 1022
f 930 1022 931
f 923 1023 1024
f 923 1024 924
f 1023 1025 1026
f 1023 1026 1024
f 1024 1026 1027
f 1024 1027 1028
f 924 1024 1028
f 924 1028 914
f 914 1028 1029
f 914 1029 915
f 1028 1027 1030
f 1028 1030 1029
f 1029 1030 1015
f 1029 1015 1013
f 915 1029 1013
f 915 1013 916
f 1007 1031 1032
f 1007 1032 1008
f 1031 993 1000
f 1031 1000 1032
f 1032 1000 1004
f 1032 1004 1033
f 1008 1032 1033
f 1008 1033 1009
f 398 423 1034
f 398 1034 1012
f 423 425 1035
f 423 1035 1034
f 1034 1035 993
f 1034 993 1031
f 1012 1034 1031
f 1012 1031 1007
f 1015 1036 1037
f 1015 1037 1016
f 1036 988 991
f 1036 991 1037
f 1037 991 370
f 1037 370 428
f 1016 1037 428
f 1016 428 402
f 1019 1038 1039
f 1019 1039 1020
f 1038 979 982
f 1038 982 1039
f 1039 982 987
f 1039 987 1040
f 1020 1039 1040
f 1020 1040 1021
f 1025 1041 1042
f 1025 1042 1026
f 1041 971 974
f 1041 974 1042
f 1042 974 978
f 1042 978 1043
f 1026 1042 1043
f 1026 1043 1027
f 1027 1043 1044
f 1027 1044 1030
f 1043 978 1045
f 1043 1045 1044
f 1044 1045 988
f 1044 988 1036
f 1030 1044 1036
f 1030 1036 1015
f 1046 1047 1048
f 1046 1048 1049
f 1047 968 967
f 1047 967 1048
f 1048 967 966
f 1048 966 1050
f 1049 1048 1050
f 1049 1050 1051
f 970 969 1052
f 970 1052 977
f 969 968 1047
f 969 1047 1052
f 1052 1047 1046
f 1052 1046 1053
f 977 1052 1053
f 977 1053 978
f 978 1053 1054
f 978 1054 1045
f 1053 1046 1049
f 1053 1049 1054
f 1054 1049 1051
f 1054 1051 1055
f 1045 1054 1055
f 1045 1055 988
f 988 1055 1056
f 988 1056 989
f 1055 1051 1050
f 1055 1050 1056
f 1056 1050 966
f 1056 966 963
f 989 1056 963
f 989 963 962
f 1009 1033 1057
f 1009 1057 1058
f 1033 1004 1059
f 1033 1059 1057
f 1057 1059 979
f 1057 979 1038
f 1058 1057 1038
f 1058 1038 1019
f 946 1010 1060
f 946 1060 1061
f 1010 1009 1058
f 1010 1058 1060
f 1060 1058 1019
f 1060 1019 1017
f 1061 1060 1017
f 1061 1017 929
f 1004 1003 1062
f 1004 1062 1059
f 1003 1002 1063
f 1003 1063 1062
f 1062 1063 983
f 1062 983 980
f 1059 1062 980
f 1059 980 979
f 877 951 1064
f 877 1064 1065
f 951 948 1066
f 951 1066 1064
f 1064 1066 925
f 1064 925 955
f 1065 1064 955
f 1065 955 899
f 948 947 1067
f 948 1067 1066
f 947 946 1061
f 947 1061 1067
f 1067 1061 929
f 1067 929 926
f 1066 1067 926
f 1066 926 925
f 879 878 1068
f 879 1068 1069
f 878 877 1065
f 878 1065 1068
f 1068 1065 899
f 1068 899 896
f 1069 1068 896
f 1069 896 895
f 696 866 1070
f 696 1070 1071
f 866 865 1072
f 866 1072 1070
f 1070 1072 847
f 1070 847 845
f 1071 1070 845
f 1071 845 748
f 733 842 1073
f 733 1073 1074
f 842 739 1075
f 842 1075 1073
f 1073 1075 759
f 1073 759 835
f 1074 1073 835
f 1074 835 834
f 52 721 1076
f 52 1076 467
f 721 725 1077
f 721 1077 1076
f 1076 1077 783
f 1076 783 796
f 467 1076 796
f 467 796 133
f 725 731 1078
f 725 1078 1077
f 731 735 1079
f 731 1079 1078
f 1078 1079 787
f 1078 787 784
f 1077 1078 784
f 1077 784 783
f 739 738 1080
f 739 1080 1075
f 738 698 1081
f 738 1081 1080
f 1080 1081 744
f 1080 744 760
f 1075 1080 760
f 1075 760 759
f 735 734 1082
f 735 1082 1079
f 734 733 1074
f 734 1074 1082
f 1082 1074 834
f 1082 834 1083
f 1079 1082 1083
f 1079 1083 787
f 698 697 1084
f 698 1084 1081
f 697 696 1071
f 697 1071 1084
f 1084 1071 748
f 1084 748 745
f 1081 1084 745
f 1081 745 744
f 1021 1040 1085
f 1021 1085 1086
f 1040 987 1087
f 1040 1087 1085
f 1085 1087 971
f 1085 971 1041
f 1086 1085 1041
f 1086 1041 1025
f 931 1022 1088
f 931 1088 1089
f 1022 1021 1086
f 1022 1086 1088
f 1088 1086 1025
f 1088 1025 1023
f 1089 1088 1023
f 1089 1023 923
f 987 986 1090
f 987 1090 1087
f 986 985 1091
f 986 1091 1090
f 1090 1091 975
f 1090 975 972
f 1087 1090 972
f 1087 972 971
f 901 957 1092
f 901 1092 1093
f 957 933 1094
f 957 1094 1092
f 1092 1094 919
f 1092 919 958
f 1093 1092 958
f 1093 958 893
f 933 932 1095
f 933 1095 1094
f 932 931 1089
f 932 1089 1095
f 1095 1089 923
f 1095 923 920
f 1094 1095 920
f 1094 920 919
f 903 902 1096
f 903 1096 1097
f 902 901 1093
f 902 1093 1096
f 1096 1093 893
f 1096 893 890
f 1097 1096 890
f 1097 890 889
f 750 850 1098
f 750 1098 1099
f 850 849 1100
f 850 1100 1098
f 1098 1100 853
f 1098 853 851
f 1099 1098 851
f 1099 851 757
f 839 838 1101
f 839 1101 1102
f 838 764 1103
f 838 1103 1101
f 1101 1103 773
f 1101 773 832
f 1102 1101 832
f 1102 832 769
f 137 798 1104
f 137 1104 496
f 798 791 1105
f 798 1105 1104
f 1104 1105 792
f 1104 792 799
f 496 1104 799
f 496 799 139
f 791 790 1106
f 791 1106 1105
f 790 789 1107
f 790 1107 1106
f 1106 1107 765
f 1106 765 793
f 1105 1106 793
f 1105 793 792
f 764 763 1108
f 764 1108 1103
f 763 752 1109
f 763 1109 1108
f 1108 1109 753
f 1108 753 774
f 1103 1108 774
f 1103 774 773
f 789 1110 1111
f 789 1111 1107
f 1110 839 1102
f 1110 1102 1111
f 1111 1102 769
f 1111 769 766
f 1107 1111 766
f 1107 766 765
f 752 751 1112
f 752 1112 1109
f 751 750 1099
f 751 1099 1112
f 1112 1099 757
f 1112 757 754
f 1109 1112 754
f 1109 754 753
f 849 1113 1114
f 849 1114 1100
f 1113 1115 1116
f 1113 1116 1114
f 1114 1116 1117
f 1114 1117 1118
f 1100 1114 1118
f 1100 1118 853
f 1115 1119 1120
f 1115 1120 1116
f 1119 903 1097
f 1119 1097 1120
f 1120 1097 889
f 1120 889 1121
f 1116 1120 1121
f 1116 1121 1117
f 865 1122 1123
f 865 1123 1072
f 1122 1124 1125
f 1122 1125 1123
f 1123 1125 1126
f 1123 1126 1127
f 1072 1123 1127
f 1072 1127 847
f 1124 1128 1129
f 1124 1129 1125
f 1128 879 1069
f 1128 1069 1129
f 1129 1069 895
f 1129 895 1130
f 1125 1129 1130
f 1125 1130 1126
f 232 525 1131
f 232 1131 868
f 525 529 1132
f 525 1132 1131
f 1131 1132 1133
f 1131 1133 1134
f 868 1131 1134
f 868 1134 863
f 529 531 1135
f 529 1135 1132
f 531 274 908
f 531 908 1135
f 1135 908 871
f 1135 871 1136
f 1132 1135 1136
f 1132 1136 1133
f 859 1137 1138
f 859 1138 860
f 1137 1139 1140
f 1137 1140 1138
f 1138 1140 536
f 1138 536 535
f 860 1138 535
f 860 535 220
f 1139 1141 1142
f 1139 1142 1140
f 1141 888 905
f 1141 905 1142
f 1142 905 270
f 1142 270 541
f 1140 1142 541
f 1140 541 536
f 847 1127 1143
f 847 1143 848
f 1127 1126 1144
f 1127 1144 1143
f 1143 1144 1115
f 1143 1115 1113
f 848 1143 1113
f 848 1113 849
f 1126 1130 1145
f 1126 1145 1144
f 1130 895 898
f 1130 898 1145
f 1145 898 903
f 1145 903 1119
f 1144 1145 1119
f 1144 1119 1115
f 853 1118 1146
f 853 1146 854
f 1118 1117 1147
f 1118 1147 1146
f 1146 1147 1148
f 1146 1148 1149
f 854 1146 1149
f 854 1149 855
f 1148 1150 1151
f 1148 1151 1152
f 1150 1153 1154
f 1150 1154 1151
f 1151 1154 1155
f 1151 1155 1156
f 1152 1151 1156
f 1152 1156 1139
f 855 1149 1157
f 855 1157 870
f 1149 1148 1152
f 1149 1152 1157
f 1157 1152 1139
f 1157 1139 1137
f 870 1157 1137
f 870 1137 859
f 1139 1156 1158
f 1139 1158 1141
f 1156 1155 1159
f 1156 1159 1158
f 1158 1159 1160
f 1158 1160 1161
f 1141 1158 1161
f 1141 1161 888
f 863 1134 1162
f 863 1162 864
f 1134 1133 1163
f 1134 1163 1162
f 1162 1163 1124
f 1162 1124 1122
f 864 1162 1122
f 864 1122 865
f 1133 1136 1164
f 1133 1164 1163
f 1136 871 874
f 1136 874 1164
f 1164 874 879
f 1164 879 1128
f 1163 1164 1128
f 1163 1128 1124
f 1165 1166 1167
f 1165 1167 1168
f 1166 1169 1170
f 1166 1170 1167
f 1167 1170 1171
f 1167 1171 1172
f 1168 1167 1172
f 1168 1172 1173
f 1174 1175 1176
f 1174 1176 1177
f 1175 1178 1179
f 1175 1179 1176
f 1176 1179 1169
f 1176 1169 1166
f 1177 1176 1166
f 1177 1166 1165
f 889 1180 1181
f 889 1181 1121
f 1180 1165 1168
f 1180 1168 1181
f 1181 1168 1173
f 1181 1173 1182
f 1121 1181 1182
f 1121 1182 1117
f 1117 1182 1183
f 1117 1183 1147
f 1182 1173 1184
f 1182 1184 1183
f 1183 1184 1153
f 1183 1153 1150
f 1147 1183 1150
f 1147 1150 1148
f 888 1161 1185
f 888 1185 883
f 1161 1160 1186
f 1161 1186 1185
f 1185 1186 1174
f 1185 1174 1187
f 883 1185 1187
f 883 1187 880
f 880 1187 1188
f 880 1188 892
f 1187 1174 1177
f 1187 1177 1188
f 1188 1177 1165
f 1188 1165 1180
f 892 1188 1180
f 892 1180 889
f 1189 1190 1191
f 1189 1191 1192
f 1190 1193 1194
f 1190 1194 1191
f 1191 1194 1195
f 1191 1195 1196
f 1192 1191 1196
f 1192 1196 1178
f 1171 1197 1198
f 1171 1198 1199
f 1197 1200 1201
f 1197 1201 1198
f 1198 1201 1202
f 1198 1202 1203
f 1199 1198 1203
f 1199 1203 1204
f 1155 1205 1206
f 1155 1206 1159
f 1205 1207 1208
f 1205 1208 1206
f 1206 1208 1189
f 1206 1189 1209
f 1159 1206 1209
f 1159 1209 1160
f 1153 1210 1211
f 1153 1211 1154
f 1210 1204 1212
f 1210 1212 1211
f 1211 1212 1207
f 1211 1207 1205
f 1154 1211 1205
f 1154 1205 1155
f 1173 1172 1213
f 1173 1213 1184
f 1172 1171 1199
f 1172 1199 1213
f 1213 1199 1204
f 1213 1204 1210
f 1184 1213 1210
f 1184 1210 1153
f 1160 1209 1214
f 1160 1214 1186
f 1209 1189 1192
f 1209 1192 1214
f 1214 1192 1178
f 1214 1178 1175
f 1186 1214 1175
f 1186 1175 1174
f 1200 1215 1216
f 1200 1216 1201
f 1215 1217 1218
f 1215 1218 1216
f 1216 1218 1195
f 1216 1195 1219
f 1201 1216 1219
f 1201 1219 1202
f 1202 1219 1220
f 1202 1220 1221
f 1219 1195 1194
f 1219 1194 1220
f 1220 1194 1193
f 1220 1193 1222
f 1221 1220 1222
f 1221 1222 1223
f 1178 1196 1224
f 1178 1224 1179
f 1196 1195 1218
f 1196 1218 1224
f 1224 1218 1217
f 1224 1217 1225
f 1179 1224 1225
f 1179 1225 1169
f 1169 1225 1226
f 1169 1226 1170
f 1225 1217 1215
f 1225 1215 1226
f 1226 1215 1200
f 1226 1200 1197
f 1170 1226 1197
f 1170 1197 1171
f 1207 1227 1228
f 1207 1228 1208
f 1227 1223 1222
f 1227 1222 1228
f 1228 1222 1193
f 1228 1193 1190
f 1208 1228 1190
f 1208 1190 1189
f 1204 1203 1229
f 1204 1229 1212
f 1203 1202 1221
f 1203 1221 1229
f 1229 1221 1223
f 1229 1223 1227
f 1212 1229 1227
f 1212 1227 1207
f 638 1230 1231
f 638 1231 637
f 1230 633 634
f 1230 634 1231
f 1231 634 380
f 1231 380 381
f 637 1231 381
f 637 381 382
f 998 997 1232
f 998 1232 1233
f 997 380 634
f 997 634 1232
f 1232 634 633
f 1232 633 632
f 1233 1232 632
f 1233 632 631
f 425 636 1234
f 425 1234 1035
f 636 638 637
f 636 637 1234
f 1234 637 382
f 1234 382 994
f 1035 1234 994
f 1035 994 993
f 1235 1236 1237
f 1235 1237 1238
f 1236 1239 1240
f 1236 1240 1237
f 1237 1240 1241
f 1237 1241 1242
f 1238 1237 1242
f 1238 1242 1243
f 1235 1244 1245
f 1235 1245 1246
f 1244 839 1110
f 1244 1110 1245
f 1245 1110 789
f 1245 789 1247
f 1246 1245 1247
f 1246 1247 1248
f 1248 1247 1249
f 1248 1249 1250
f 1247 789 788
f 1247 788 1249
f 1249 788 787
f 1249 787 1251
f 1250 1249 1251
f 1250 1251 1252
f 1243 1253 1254
f 1243 1254 1238
f 1253 834 837
f 1253 837 1254
f 1254 837 839
f 1254 839 1244
f 1238 1254 1244
f 1238 1244 1235
f 1252 1251 1255
f 1252 1255 1256
f 1251 787 1083
f 1251 1083 1255
f 1255 1083 834
f 1255 834 1253
f 1256 1255 1253
f 1256 1253 1243
f 1239 1257 1258
f 1239 1258 1240
f 1257 1259 1260
f 1257 1260 1258
f 1258 1260 1261
f 1258 1261 1262
f 1240 1258 1262
f 1240 1262 1241
f 1248 1263 1264
f 1248 1264 1246
f 1263 1259 1257
f 1263 1257 1264
f 1264 1257 1239
f 1264 1239 1236
f 1246 1264 1236
f 1246 1236 1235
f 1243 1242 1265
f 1243 1265 1256
f 1242 1241 1262
f 1242 1262 1265
f 1265 1262 1261
f 1265 1261 1266
f 1256 1265 1266
f 1256 1266 1252
f 1252 1266 1267
f 1252 1267 1250
f 1266 1261 1260
f 1266 1260 1267
f 1267 1260 1259
f 1267 1259 1263
f 1250 1267 1263
f 1250 1263 1248
f 344 341 1268
f 344 1268 1269
f 341 340 1270
f 341 1270 1268
f 1268 1270 1271
f 1268 1271 1272
f 1269 1268 1272
f 1269 1272 1273
f 1002 1001 1274
f 1002 1274 1275
f 1001 998 1276
f 1001 1276 1274
f 1274 1276 1277
f 1274 1277 1278
f 1275 1274 1278
f 1275 1278 1279
f 340 373 1280
f 340 1280 1270
f 373 372 1281
f 373 1281 1280
f 1280 1281 1282
f 1280 1282 1283
f 1270 1280 1283
f 1270 1283 1271
f 975 1091 1284
f 975 1284 1285
f 1091 985 1286
f 1091 1286 1284
f 1284 1286 1287
f 1284 1287 1288
f 1285 1284 1288
f 1285 1288 1289
f 365 364 1290
f 365 1290 1291
f 364 363 1292
f 364 1292 1290
f 1290 1292 1293
f 1290 1293 1294
f 1291 1290 1294
f 1291 1294 1295
f 970 976 1296
f 970 1296 1297
f 976 975 1285
f 976 1285 1296
f 1296 1285 1289
f 1296 1289 1298
f 1297 1296 1298
f 1297 1298 1299
f 998 1233 1300
f 998 1300 1276
f 1233 631 1301
f 1233 1301 1300
f 1300 1301 1302
f 1300 1302 1303
f 1276 1300 1303
f 1276 1303 1277
f 962 965 1304
f 962 1304 1305
f 965 970 1297
f 965 1297 1304
f 1304 1297 1299
f 1304 1299 1306
f 1305 1304 1306
f 1305 1306 1307
f 387 454 1308
f 387 1308 1309
f 454 365 1291
f 454 1291 1308
f 1308 1291 1295
f 1308 1295 1310
f 1309 1308 1310
f 1309 1310 1311
f 372 992 1312
f 372 1312 1281
f 992 962 1305
f 992 1305 1312
f 1312 1305 1307
f 1312 1307 1313
f 1281 1312 1313
f 1281 1313 1282
f 378 388 1314
f 378 1314 1315
f 388 387 1309
f 388 1309 1314
f 1314 1309 1311
f 1314 1311 1316
f 1315 1314 1316
f 1315 1316 1317
f 363 483 1318
f 363 1318 1292
f 483 356 1319
f 483 1319 1318
f 1318 1319 1320
f 1318 1320 1321
f 1292 1318 1321
f 1292 1321 1293
f 985 984 1322
f 985 1322 1286
f 984 983 1323
f 984 1323 1322
f 1322 1323 1324
f 1322 1324 1325
f 1286 1322 1325
f 1286 1325 1287
f 356 355 1326
f 356 1326 1319
f 355 344 1269
f 355 1269 1326
f 1326 1269 1273
f 1326 1273 1327
f 1319 1326 1327
f 1319 1327 1320
f 631 629 1328
f 631 1328 1301
f 629 378 1315
f 629 1315 1328
f 1328 1315 1317
f 1328 1317 1329
f 1301 1328 1329
f 1301 1329 1302
f 983 1063 1330
f 983 1330 1323
f 1063 1002 1275
f 1063 1275 1330
f 1330 1275 1279
f 1330 1279 1331
f 1323 1330 1331
f 1323 1331 1324
f 1311 1310 1332
f 1311 1332 1316
f 1295 1294 1332
f 1295 1332 1310
f 1293 1321 1332
f 1293 1332 1294
f 1320 1327 1332
f 1320 1332 1321
f 1273 1272 1332
f 1273 1332 1327
f 1271 1283 1332
f 1271 1332 1272
f 1282 1313 1332
f 1282 1332 1283
f 1307 1306 1332
f 1307 1332 1313
f 1299 1298 1332
f 1299 1332 1306
f 1289 1288 1332
f 1289 1332 1298
f 1287 1325 1332
f 1287 1332 1288
f 1324 1331 1332
f 1324 1332 1325
f 1279 1278 1332
f 1279 1332 1331
f 1277 1303 1332
f 1277 1332 1278
f 1302 1329 1332
f 1302 1332 1303
f 1317 1316 1332
f 1317 1332 1329
f 4 3 2
f 2 1 4
f 3 6 5
f 5 2 3
f 8 7 6
f 6 3 8
f 9 8 3
f 3 4 9
f 13 12 11
f 11 10 13
f 12 15 14
f 14 11 12
f 17 16 15
f 15 12 17
f 18 17 12
f 12 13 18
f 22 21 20
f 20 19 22
f 21 24 23
f 23 20 21
f 26 25 24
f 24 21 26
f 27 26 21
f 21 22 27
f 15 29 28
f 28 14 15
f 29 31 30
f 30 28 29
f 33 32 31
f 31 29 33
f 16 33 29
f 29 15 16
f 35 34 6
f 6 7 35
f 34 36 5
f 5 6 34
f 38 37 36
f 36 34 38
f 39 38 34
f 34 35 39
f 43 42 41
f 41 40 43
f 42 45 44
f 44 41 42
f 28 30 45
f 45 42 28
f 14 28 42
f 42 43 14
f 49 48 47
f 47 46 49
f 48 22 19
f 19 47 48
f 50 27 22
f 22 48 50
f 51 50 48
f 48 49 51
f 55 54 53
f 53 52 55
f 54 57 56
f 56 53 54
f 59 58 57
f 57 54 59
f 60 59 54
f 54 55 60
f 64 63 62
f 62 61 64
f 63 66 65
f 65 62 63
f 47 19 66
f 66 63 47
f 46 47 63
f 63 64 46
f 57 68 67
f 67 56 57
f 68 70 69
f 69 67 68
f 72 71 70
f 70 68 72
f 58 72 68
f 68 57 58
f 66 74 73
f 73 65 66
f 74 76 75
f 75 73 74
f 20 23 76
f 76 74 20
f 19 20 74
f 74 66 19
f 78 77 17
f 17 18 78
f 77 33 16
f 16 17 77
f 79 32 33
f 33 77 79
f 80 79 77
f 77 78 80
f 84 83 82
f 82 81 84
f 83 86 85
f 85 82 83
f 88 87 86
f 86 83 88
f 89 88 83
f 83 84 89
f 93 92 91
f 91 90 93
f 92 13 10
f 10 91 92
f 94 18 13
f 13 92 94
f 95 94 92
f 92 93 95
f 99 98 97
f 97 96 99
f 98 101 100
f 100 97 98
f 82 85 101
f 101 98 82
f 81 82 98
f 98 99 81
f 105 104 103
f 103 102 105
f 104 106 9
f 9 103 104
f 108 107 106
f 106 104 108
f 109 108 104
f 104 105 109
f 113 112 111
f 111 110 113
f 112 115 114
f 114 111 112
f 91 10 115
f 115 112 91
f 90 91 112
f 112 113 90
f 106 116 8
f 8 9 106
f 116 35 7
f 7 8 116
f 117 39 35
f 35 116 117
f 107 117 116
f 116 106 107
f 115 119 118
f 118 114 115
f 119 43 40
f 40 118 119
f 11 14 43
f 43 119 11
f 10 11 119
f 119 115 10
f 123 122 121
f 121 120 123
f 122 125 124
f 124 121 122
f 127 126 125
f 125 122 127
f 128 127 122
f 122 123 128
f 132 131 130
f 130 129 132
f 131 4 1
f 1 130 131
f 103 9 4
f 4 131 103
f 102 103 131
f 131 132 102
f 136 135 134
f 134 133 136
f 135 138 137
f 137 134 135
f 121 124 138
f 138 135 121
f 120 121 135
f 135 136 120
f 142 141 140
f 140 139 142
f 141 144 143
f 143 140 141
f 130 1 144
f 144 141 130
f 129 130 141
f 141 142 129
f 144 146 145
f 145 143 144
f 146 148 147
f 147 145 146
f 2 5 148
f 148 146 2
f 1 2 146
f 146 144 1
f 150 149 79
f 79 80 150
f 149 151 32
f 32 79 149
f 153 152 151
f 151 149 153
f 154 153 149
f 149 150 154
f 157 156 155
f 155 37 157
f 156 159 158
f 158 155 156
f 161 160 159
f 159 156 161
f 162 161 156
f 156 157 162
f 36 163 148
f 148 5 36
f 163 164 147
f 147 148 163
f 155 158 164
f 164 163 155
f 37 155 163
f 163 36 37
f 31 166 165
f 165 30 31
f 166 168 167
f 167 165 166
f 151 152 168
f 168 166 151
f 32 151 166
f 166 31 32
f 172 171 170
f 170 169 172
f 171 174 173
f 173 170 171
f 176 175 174
f 174 171 176
f 177 176 171
f 171 172 177
f 179 178 165
f 165 167 179
f 178 180 30
f 30 165 178
f 176 177 180
f 180 178 176
f 175 176 178
f 178 179 175
f 183 182 181
f 181 44 183
f 182 157 37
f 37 181 182
f 184 162 157
f 157 182 184
f 169 184 182
f 182 183 169
f 180 185 45
f 45 30 180
f 185 183 44
f 44 45 185
f 172 169 183
f 183 185 172
f 177 172 185
f 185 180 177
f 184 186 161
f 161 162 184
f 186 187 160
f 160 161 186
f 170 173 187
f 187 186 170
f 169 170 186
f 186 184 169
f 189 188 117
f 117 107 189
f 188 190 39
f 39 117 188
f 118 40 190
f 190 188 118
f 114 118 188
f 188 189 114
f 192 191 108
f 108 109 192
f 191 189 107
f 107 108 191
f 111 114 189
f 189 191 111
f 110 111 191
f 191 192 110
f 196 195 194
f 194 193 196
f 195 198 197
f 197 194 195
f 97 100 198
f 198 195 97
f 96 97 195
f 195 196 96
f 200 199 72
f 72 58 200
f 199 201 71
f 71 72 199
f 73 75 201
f 201 199 73
f 65 73 199
f 199 200 65
f 203 202 59
f 59 60 203
f 202 200 58
f 58 59 202
f 62 65 200
f 200 202 62
f 61 62 202
f 202 203 61
f 190 204 38
f 38 39 190
f 204 181 37
f 37 38 204
f 41 44 181
f 181 204 41
f 40 41 204
f 204 190 40
f 206 205 88
f 88 89 206
f 205 207 87
f 87 88 205
f 209 208 207
f 207 205 209
f 210 209 205
f 205 206 210
f 212 211 94
f 94 95 212
f 211 213 18
f 18 94 211
f 215 214 213
f 213 211 215
f 216 215 211
f 211 212 216
f 218 217 150
f 150 80 218
f 217 219 154
f 154 150 217
f 221 220 219
f 219 217 221
f 222 221 217
f 217 218 222
f 224 223 26
f 26 27 224
f 223 225 25
f 25 26 223
f 227 226 225
f 225 223 227
f 228 227 223
f 223 224 228
f 230 229 50
f 50 51 230
f 229 224 27
f 27 50 229
f 231 228 224
f 224 229 231
f 232 231 229
f 229 230 232
f 213 233 78
f 78 18 213
f 233 218 80
f 80 78 233
f 234 222 218
f 218 233 234
f 214 234 233
f 233 213 214
f 238 237 236
f 236 235 238
f 237 240 239
f 239 236 237
f 242 241 240
f 240 237 242
f 243 242 237
f 237 238 243
f 247 246 245
f 245 244 247
f 246 249 248
f 248 245 246
f 251 250 249
f 249 246 251
f 252 251 246
f 246 247 252
f 256 255 254
f 254 253 256
f 255 247 244
f 244 254 255
f 257 252 247
f 247 255 257
f 258 257 255
f 255 256 258
f 262 261 260
f 260 259 262
f 261 264 263
f 263 260 261
f 266 265 264
f 264 261 266
f 267 266 261
f 261 262 267
f 249 269 268
f 268 248 249
f 269 271 270
f 270 268 269
f 273 272 271
f 271 269 273
f 250 273 269
f 269 249 250
f 277 276 275
f 275 274 277
f 276 238 235
f 235 275 276
f 278 243 238
f 238 276 278
f 279 278 276
f 276 277 279
f 283 282 281
f 281 280 283
f 282 285 284
f 284 281 282
f 287 286 285
f 285 282 287
f 288 287 282
f 282 283 288
f 292 291 290
f 290 289 292
f 291 283 280
f 280 290 291
f 293 288 283
f 283 291 293
f 294 293 291
f 291 292 294
f 298 297 296
f 296 295 298
f 297 300 299
f 299 296 297
f 302 301 300
f 300 297 302
f 303 302 297
f 297 298 303
f 285 305 304
f 304 284 285
f 305 307 306
f 306 304 305
f 309 308 307
f 307 305 309
f 286 309 305
f 305 285 286
f 313 312 311
f 311 310 313
f 312 315 314
f 314 311 312
f 317 316 315
f 315 312 317
f 318 317 312
f 312 313 318
f 315 320 319
f 319 314 315
f 320 322 321
f 321 319 320
f 324 323 322
f 322 320 324
f 316 324 320
f 320 315 316
f 326 325 242
f 242 243 326
f 325 327 241
f 241 242 325
f 319 321 327
f 327 325 319
f 314 319 325
f 325 326 314
f 329 328 278
f 278 279 329
f 328 326 243
f 243 278 328
f 311 314 326
f 326 328 311
f 310 311 328
f 328 329 310
f 331 330 273
f 273 250 331
f 330 332 272
f 272 273 330
f 304 306 332
f 332 330 304
f 284 304 330
f 330 331 284
f 334 333 266
f 266 267 334
f 333 335 265
f 265 266 333
f 296 299 335
f 335 333 296
f 295 296 333
f 333 334 295
f 337 336 257
f 257 258 337
f 336 338 252
f 252 257 336
f 290 280 338
f 338 336 290
f 289 290 336
f 336 337 289
f 338 339 251
f 251 252 338
f 339 331 250
f 250 251 339
f 281 284 331
f 331 339 281
f 280 281 339
f 339 338 280
f 343 342 341
f 341 340 343
f 342 345 344
f 344 341 342
f 347 346 345
f 345 342 347
f 348 347 342
f 342 343 348
f 352 351 350
f 350 349 352
f 351 354 353
f 353 350 351
f 355 344 354
f 354 351 355
f 356 355 351
f 351 352 356
f 360 359 358
f 358 357 360
f 359 362 361
f 361 358 359
f 364 363 362
f 362 359 364
f 365 364 359
f 359 360 365
f 369 368 367
f 367 366 369
f 368 371 370
f 370 367 368
f 373 372 371
f 371 368 373
f 340 373 368
f 368 369 340
f 377 376 375
f 375 374 377
f 376 379 378
f 378 375 376
f 381 380 379
f 379 376 381
f 382 381 376
f 376 377 382
f 375 384 383
f 383 374 375
f 384 386 385
f 385 383 384
f 388 387 386
f 386 384 388
f 378 388 384
f 384 375 378
f 390 389 324
f 324 316 390
f 389 391 323
f 323 324 389
f 393 392 391
f 391 389 393
f 394 393 389
f 389 390 394
f 396 395 317
f 317 318 396
f 395 390 316
f 316 317 395
f 397 394 390
f 390 395 397
f 398 397 395
f 395 396 398
f 400 399 309
f 309 286 400
f 399 401 308
f 308 309 399
f 403 402 401
f 401 399 403
f 404 403 399
f 399 400 404
f 406 405 302
f 302 303 406
f 405 407 301
f 301 302 405
f 409 408 407
f 407 405 409
f 410 409 405
f 405 406 410
f 412 411 293
f 293 294 412
f 411 413 288
f 288 293 411
f 415 414 413
f 413 411 415
f 416 415 411
f 411 412 416
f 413 417 287
f 287 288 413
f 417 400 286
f 286 287 417
f 418 404 400
f 400 417 418
f 414 418 417
f 417 413 414
f 420 419 393
f 393 394 420
f 419 421 392
f 392 393 419
f 383 385 421
f 421 419 383
f 374 383 419
f 419 420 374
f 423 422 397
f 397 398 423
f 422 420 394
f 394 397 422
f 424 374 420
f 420 422 424
f 425 424 422
f 422 423 425
f 427 426 403
f 403 404 427
f 426 428 402
f 402 403 426
f 367 370 428
f 428 426 367
f 366 367 426
f 426 427 366
f 430 429 409
f 409 410 430
f 429 431 408
f 408 409 429
f 358 361 431
f 431 429 358
f 357 358 429
f 429 430 357
f 433 432 415
f 415 416 433
f 432 434 414
f 414 415 432
f 350 353 434
f 434 432 350
f 349 350 432
f 432 433 349
f 434 435 418
f 418 414 434
f 435 427 404
f 404 418 435
f 436 366 427
f 427 435 436
f 353 436 435
f 435 434 353
f 440 439 438
f 438 437 440
f 439 442 441
f 441 438 439
f 347 348 442
f 442 439 347
f 346 347 439
f 439 440 346
f 345 443 354
f 354 344 345
f 443 444 353
f 353 354 443
f 440 437 444
f 444 443 440
f 346 440 443
f 443 345 346
f 444 445 436
f 436 353 444
f 445 446 366
f 366 436 445
f 438 441 446
f 446 445 438
f 437 438 445
f 445 444 437
f 446 447 369
f 369 366 446
f 447 343 340
f 340 369 447
f 442 348 343
f 343 447 442
f 441 442 447
f 447 446 441
f 421 449 448
f 448 392 421
f 449 430 410
f 410 448 449
f 450 357 430
f 430 449 450
f 385 450 449
f 449 421 385
f 391 452 451
f 451 323 391
f 452 406 303
f 303 451 452
f 448 410 406
f 406 452 448
f 392 448 452
f 452 391 392
f 386 453 450
f 450 385 386
f 453 360 357
f 357 450 453
f 454 365 360
f 360 453 454
f 387 454 453
f 453 386 387
f 327 456 455
f 455 241 327
f 456 334 267
f 267 455 456
f 457 295 334
f 334 456 457
f 321 457 456
f 456 327 321
f 322 458 457
f 457 321 322
f 458 298 295
f 295 457 458
f 451 303 298
f 298 458 451
f 323 451 458
f 458 322 323
f 240 460 459
f 459 239 240
f 460 262 259
f 259 459 460
f 455 267 262
f 262 460 455
f 241 455 460
f 460 240 241
f 225 462 461
f 461 25 225
f 462 206 89
f 89 461 462
f 463 210 206
f 206 462 463
f 226 463 462
f 462 225 226
f 201 465 464
f 464 71 201
f 465 196 193
f 193 464 465
f 466 96 196
f 196 465 466
f 75 466 465
f 465 201 75
f 53 468 467
f 467 52 53
f 468 136 133
f 133 467 468
f 469 120 136
f 136 468 469
f 56 469 468
f 468 53 56
f 67 470 469
f 469 56 67
f 470 123 120
f 120 469 470
f 471 128 123
f 123 470 471
f 69 471 470
f 470 67 69
f 76 472 466
f 466 75 76
f 472 99 96
f 96 466 472
f 473 81 99
f 99 472 473
f 23 473 472
f 472 76 23
f 70 474 471
f 471 69 70
f 474 475 128
f 128 471 474
f 464 193 475
f 475 474 464
f 71 464 474
f 474 70 71
f 24 476 473
f 473 23 24
f 476 84 81
f 81 473 476
f 461 89 84
f 84 476 461
f 25 461 476
f 476 24 25
f 431 478 477
f 477 408 431
f 478 433 416
f 416 477 478
f 479 349 433
f 433 478 479
f 361 479 478
f 478 431 361
f 407 481 480
f 480 301 407
f 481 412 294
f 294 480 481
f 477 416 412
f 412 481 477
f 408 477 481
f 481 407 408
f 362 482 479
f 479 361 362
f 482 352 349
f 349 479 482
f 483 356 352
f 352 482 483
f 363 483 482
f 482 362 363
f 335 485 484
f 484 265 335
f 485 337 258
f 258 484 485
f 486 289 337
f 337 485 486
f 299 486 485
f 485 335 299
f 300 487 486
f 486 299 300
f 487 292 289
f 289 486 487
f 480 294 292
f 292 487 480
f 301 480 487
f 487 300 301
f 264 489 488
f 488 263 264
f 489 256 253
f 253 488 489
f 484 258 256
f 256 489 484
f 265 484 489
f 489 264 265
f 207 491 490
f 490 87 207
f 491 212 95
f 95 490 491
f 492 216 212
f 212 491 492
f 208 492 491
f 491 207 208
f 198 494 493
f 493 197 198
f 494 192 109
f 109 493 494
f 495 110 192
f 192 494 495
f 100 495 494
f 494 198 100
f 138 497 496
f 496 137 138
f 497 142 139
f 139 496 497
f 498 129 142
f 142 497 498
f 124 498 497
f 497 138 124
f 125 499 498
f 498 124 125
f 499 132 129
f 129 498 499
f 500 102 132
f 132 499 500
f 126 500 499
f 499 125 126
f 101 501 495
f 495 100 101
f 501 113 110
f 110 495 501
f 502 90 113
f 113 501 502
f 85 502 501
f 501 101 85
f 504 503 500
f 500 126 504
f 503 105 102
f 102 500 503
f 493 109 105
f 105 503 493
f 197 493 503
f 503 504 197
f 86 505 502
f 502 85 86
f 505 93 90
f 90 502 505
f 490 95 93
f 93 505 490
f 87 490 505
f 505 86 87
f 507 506 492
f 492 208 507
f 506 508 216
f 216 492 506
f 510 509 508
f 508 506 510
f 511 510 506
f 506 507 511
f 513 512 510
f 510 511 513
f 512 514 509
f 509 510 512
f 488 253 514
f 514 512 488
f 263 488 512
f 512 513 263
f 516 515 463
f 463 226 516
f 515 517 210
f 210 463 515
f 519 518 517
f 517 515 519
f 520 519 515
f 515 516 520
f 522 521 519
f 519 520 522
f 521 523 518
f 518 519 521
f 459 259 523
f 523 521 459
f 239 459 521
f 521 522 239
f 525 524 231
f 231 232 525
f 524 526 228
f 228 231 524
f 528 527 526
f 526 524 528
f 529 528 524
f 524 525 529
f 531 530 528
f 528 529 531
f 530 532 527
f 527 528 530
f 275 235 532
f 532 530 275
f 274 275 530
f 530 531 274
f 534 533 221
f 221 222 534
f 533 535 220
f 220 221 533
f 537 536 535
f 535 533 537
f 538 537 533
f 533 534 538
f 540 539 537
f 537 538 540
f 539 541 536
f 536 537 539
f 268 270 541
f 541 539 268
f 248 268 539
f 539 540 248
f 517 542 209
f 209 210 517
f 542 507 208
f 208 209 542
f 543 511 507
f 507 542 543
f 518 543 542
f 542 517 518
f 523 544 543
f 543 518 523
f 544 513 511
f 511 543 544
f 260 263 513
f 513 544 260
f 259 260 544
f 544 523 259
f 508 545 215
f 215 216 508
f 545 546 214
f 214 215 545
f 548 547 546
f 546 545 548
f 509 548 545
f 545 508 509
f 551 550 549
f 549 547 551
f 550 552 538
f 538 549 550
f 554 553 552
f 552 550 554
f 555 554 550
f 550 551 555
f 546 556 234
f 234 214 546
f 556 534 222
f 222 234 556
f 549 538 534
f 534 556 549
f 547 549 556
f 556 546 547
f 552 557 540
f 540 538 552
f 557 558 248
f 248 540 557
f 560 559 558
f 558 557 560
f 553 560 557
f 557 552 553
f 526 561 227
f 227 228 526
f 561 516 226
f 226 227 561
f 562 520 516
f 516 561 562
f 527 562 561
f 561 526 527
f 532 563 562
f 562 527 532
f 563 522 520
f 520 562 563
f 236 239 522
f 522 563 236
f 235 236 563
f 563 532 235
f 567 566 565
f 565 564 567
f 566 569 568
f 568 565 566
f 571 570 569
f 569 566 571
f 572 571 566
f 566 567 572
f 576 575 574
f 574 573 576
f 575 567 564
f 564 574 575
f 577 572 567
f 567 575 577
f 578 577 575
f 575 576 578
f 580 579 514
f 514 253 580
f 579 581 509
f 509 514 579
f 565 568 581
f 581 579 565
f 564 565 579
f 579 580 564
f 581 582 548
f 548 509 581
f 582 551 547
f 547 548 582
f 583 555 551
f 551 582 583
f 568 583 582
f 582 581 568
f 558 584 245
f 245 248 558
f 584 585 244
f 244 245 584
f 586 573 585
f 585 584 586
f 559 586 584
f 584 558 559
f 585 587 254
f 254 244 585
f 587 580 253
f 253 254 587
f 574 564 580
f 580 587 574
f 573 574 587
f 587 585 573
f 591 590 589
f 589 588 591
f 590 592 578
f 578 589 590
f 594 593 592
f 592 590 594
f 595 594 590
f 590 591 595
f 598 597 596
f 596 570 598
f 597 600 599
f 599 596 597
f 602 601 600
f 600 597 602
f 603 602 597
f 597 598 603
f 605 604 560
f 560 553 605
f 604 606 559
f 559 560 604
f 607 588 606
f 606 604 607
f 608 607 604
f 604 605 608
f 610 609 554
f 554 555 610
f 609 605 553
f 553 554 609
f 611 608 605
f 605 609 611
f 599 611 609
f 609 610 599
f 569 612 583
f 583 568 569
f 612 610 555
f 555 583 612
f 596 599 610
f 610 612 596
f 570 596 612
f 612 569 570
f 606 613 586
f 586 559 606
f 613 576 573
f 573 586 613
f 589 578 576
f 576 613 589
f 588 589 613
f 613 606 588
f 615 614 602
f 602 603 615
f 614 616 601
f 601 602 614
f 617 593 616
f 616 614 617
f 618 617 614
f 614 615 618
f 616 620 619
f 619 601 616
f 620 622 621
f 621 619 620
f 594 595 622
f 622 620 594
f 593 594 620
f 620 616 593
f 592 623 577
f 577 578 592
f 623 624 572
f 572 577 623
f 617 618 624
f 624 623 617
f 593 617 623
f 623 592 593
f 624 625 571
f 571 572 624
f 625 598 570
f 570 571 625
f 615 603 598
f 598 625 615
f 618 615 625
f 625 624 618
f 627 626 607
f 607 608 627
f 626 591 588
f 588 607 626
f 622 595 591
f 591 626 622
f 621 622 626
f 626 627 621
f 600 628 611
f 611 599 600
f 628 627 608
f 608 611 628
f 619 621 627
f 627 628 619
f 601 619 628
f 628 600 601
f 379 630 629
f 629 378 379
f 630 632 631
f 631 629 630
f 634 633 632
f 632 630 634
f 380 634 630
f 630 379 380
f 636 635 424
f 424 425 636
f 635 377 374
f 374 424 635
f 637 382 377
f 377 635 637
f 638 637 635
f 635 636 638
f 642 641 640
f 640 639 642
f 641 644 643
f 643 640 641
f 646 645 644
f 644 641 646
f 647 646 641
f 641 642 647
f 650 649 648
f 648 639 650
f 649 652 651
f 651 648 649
f 504 126 652
f 652 649 504
f 197 504 649
f 649 650 197
f 652 654 653
f 653 651 652
f 654 656 655
f 655 653 654
f 127 128 656
f 656 654 127
f 126 127 654
f 654 652 126
f 658 657 640
f 640 643 658
f 657 650 639
f 639 640 657
f 194 197 650
f 650 657 194
f 193 194 657
f 657 658 193
f 656 660 659
f 659 655 656
f 660 658 643
f 643 659 660
f 475 193 658
f 658 660 475
f 128 475 660
f 660 656 128
f 662 661 646
f 646 647 662
f 661 663 645
f 645 646 661
f 665 664 663
f 663 661 665
f 666 665 661
f 661 662 666
f 668 667 648
f 648 651 668
f 667 642 639
f 639 648 667
f 662 647 642
f 642 667 662
f 666 662 667
f 667 668 666
f 644 669 659
f 659 643 644
f 669 670 655
f 655 659 669
f 663 664 670
f 670 669 663
f 645 663 669
f 669 644 645
f 670 671 653
f 653 655 670
f 671 668 651
f 651 653 671
f 665 666 668
f 668 671 665
f 664 665 671
f 671 670 664
f 675 674 673
f 673 672 675
f 674 677 676
f 676 673 674
f 679 678 677
f 677 674 679
f 680 679 674
f 674 675 680
f 684 683 682
f 682 681 684
f 683 686 685
f 685 682 683
f 688 687 686
f 686 683 688
f 689 688 683
f 683 684 689
f 693 692 691
f 691 690 693
f 692 695 694
f 694 691 692
f 697 696 695
f 695 692 697
f 698 697 692
f 692 693 698
f 700 699 688
f 688 689 700
f 699 701 687
f 687 688 699
f 703 702 701
f 701 699 703
f 704 703 699
f 699 700 704
f 679 706 705
f 705 678 679
f 706 708 707
f 707 705 706
f 710 709 708
f 708 706 710
f 680 710 706
f 706 679 680
f 714 713 712
f 712 711 714
f 713 700 689
f 689 712 713
f 715 704 700
f 700 713 715
f 716 715 713
f 713 714 716
f 718 717 49
f 49 46 718
f 717 719 51
f 51 49 717
f 691 694 719
f 719 717 691
f 690 691 717
f 717 718 690
f 721 720 55
f 55 52 721
f 720 722 60
f 60 55 720
f 724 723 722
f 722 720 724
f 725 724 720
f 720 721 725
f 727 726 64
f 64 61 727
f 726 718 46
f 46 64 726
f 728 690 718
f 718 726 728
f 729 728 726
f 726 727 729
f 731 730 724
f 724 725 731
f 730 732 723
f 723 724 730
f 734 733 732
f 732 730 734
f 735 734 730
f 730 731 735
f 737 736 728
f 728 729 737
f 736 693 690
f 690 728 736
f 738 698 693
f 693 736 738
f 739 738 736
f 736 737 739
f 686 741 740
f 740 685 686
f 741 743 742
f 742 740 741
f 701 702 743
f 743 741 701
f 687 701 741
f 741 686 687
f 747 746 745
f 745 744 747
f 746 749 748
f 748 745 746
f 751 750 749
f 749 746 751
f 752 751 746
f 746 747 752
f 756 755 754
f 754 753 756
f 755 758 757
f 757 754 755
f 682 685 758
f 758 755 682
f 681 682 755
f 755 756 681
f 762 761 760
f 760 759 762
f 761 747 744
f 744 760 761
f 763 752 747
f 747 761 763
f 764 763 761
f 761 762 764
f 768 767 766
f 766 765 768
f 767 770 769
f 769 766 767
f 772 771 770
f 770 767 772
f 676 772 767
f 767 768 676
f 776 775 774
f 774 773 776
f 775 756 753
f 753 774 775
f 777 681 756
f 756 775 777
f 778 777 775
f 775 776 778
f 677 779 772
f 772 676 677
f 779 780 771
f 771 772 779
f 705 707 780
f 780 779 705
f 678 705 779
f 779 677 678
f 782 781 777
f 777 778 782
f 781 684 681
f 681 777 781
f 712 689 684
f 684 781 712
f 711 712 781
f 781 782 711
f 786 785 784
f 784 783 786
f 785 788 787
f 787 784 785
f 790 789 788
f 788 785 790
f 791 790 785
f 785 786 791
f 795 794 793
f 793 792 795
f 794 768 765
f 765 793 794
f 673 676 768
f 768 794 673
f 672 673 794
f 794 795 672
f 134 797 796
f 796 133 134
f 797 786 783
f 783 796 797
f 798 791 786
f 786 797 798
f 137 798 797
f 797 134 137
f 140 800 799
f 799 139 140
f 800 795 792
f 792 799 800
f 801 672 795
f 795 800 801
f 143 801 800
f 800 140 143
f 145 802 801
f 801 143 145
f 802 675 672
f 672 801 802
f 803 680 675
f 675 802 803
f 147 803 802
f 802 145 147
f 743 805 804
f 804 742 743
f 805 153 154
f 154 804 805
f 806 152 153
f 153 805 806
f 702 806 805
f 805 743 702
f 809 808 807
f 807 709 809
f 808 811 810
f 810 807 808
f 159 160 811
f 811 808 159
f 158 159 808
f 808 809 158
f 803 812 710
f 710 680 803
f 812 809 709
f 709 710 812
f 164 158 809
f 809 812 164
f 147 164 812
f 812 803 147
f 814 813 703
f 703 704 814
f 813 806 702
f 702 703 813
f 168 152 806
f 806 813 168
f 167 168 813
f 813 814 167
f 818 817 816
f 816 815 818
f 817 820 819
f 819 816 817
f 174 175 820
f 820 817 174
f 173 174 817
f 817 818 173
f 814 821 179
f 179 167 814
f 821 820 175
f 175 179 821
f 822 819 820
f 820 821 822
f 704 822 821
f 821 814 704
f 825 824 823
f 823 716 825
f 824 826 815
f 815 823 824
f 807 810 826
f 826 824 807
f 709 807 824
f 824 825 709
f 715 827 822
f 822 704 715
f 827 816 819
f 819 822 827
f 823 815 816
f 816 827 823
f 716 823 827
f 827 715 716
f 811 828 826
f 826 810 811
f 828 818 815
f 815 826 828
f 187 173 818
f 818 828 187
f 160 187 828
f 828 811 160
f 780 830 829
f 829 771 780
f 830 782 778
f 778 829 830
f 831 711 782
f 782 830 831
f 707 831 830
f 830 780 707
f 770 833 832
f 832 769 770
f 833 776 773
f 773 832 833
f 829 778 776
f 776 833 829
f 771 829 833
f 833 770 771
f 837 836 835
f 835 834 837
f 836 762 759
f 759 835 836
f 838 764 762
f 762 836 838
f 839 838 836
f 836 837 839
f 732 841 840
f 840 723 732
f 841 737 729
f 729 840 841
f 842 739 737
f 737 841 842
f 733 842 841
f 841 732 733
f 722 843 203
f 203 60 722
f 843 727 61
f 61 203 843
f 840 729 727
f 727 843 840
f 723 840 843
f 843 722 723
f 708 844 831
f 831 707 708
f 844 714 711
f 711 831 844
f 825 716 714
f 714 844 825
f 709 825 844
f 844 708 709
f 749 846 845
f 845 748 749
f 846 848 847
f 847 845 846
f 850 849 848
f 848 846 850
f 750 850 846
f 846 749 750
f 758 852 851
f 851 757 758
f 852 854 853
f 853 851 852
f 856 855 854
f 854 852 856
f 685 856 852
f 852 758 685
f 804 858 857
f 857 742 804
f 858 860 859
f 859 857 858
f 219 220 860
f 860 858 219
f 154 219 858
f 858 804 154
f 695 862 861
f 861 694 695
f 862 864 863
f 863 861 862
f 866 865 864
f 864 862 866
f 696 866 862
f 862 695 696
f 719 867 230
f 230 51 719
f 867 868 232
f 232 230 867
f 861 863 868
f 868 867 861
f 694 861 867
f 867 719 694
f 740 869 856
f 856 685 740
f 869 870 855
f 855 856 869
f 857 859 870
f 870 869 857
f 742 857 869
f 869 740 742
f 874 873 872
f 872 871 874
f 873 876 875
f 875 872 873
f 878 877 876
f 876 873 878
f 879 878 873
f 873 874 879
f 883 882 881
f 881 880 883
f 882 885 884
f 884 881 882
f 887 886 885
f 885 882 887
f 888 887 882
f 882 883 888
f 892 891 890
f 890 889 892
f 891 894 893
f 893 890 891
f 881 884 894
f 894 891 881
f 880 881 891
f 891 892 880
f 898 897 896
f 896 895 898
f 897 900 899
f 899 896 897
f 902 901 900
f 900 897 902
f 903 902 897
f 897 898 903
f 905 904 887
f 887 888 905
f 904 906 886
f 886 887 904
f 271 272 906
f 906 904 271
f 270 271 904
f 904 905 270
f 908 907 277
f 277 274 908
f 907 909 279
f 279 277 907
f 872 875 909
f 909 907 872
f 871 872 907
f 907 908 871
f 913 912 911
f 911 910 913
f 912 915 914
f 914 911 912
f 917 916 915
f 915 912 917
f 918 917 912
f 912 913 918
f 922 921 920
f 920 919 922
f 921 924 923
f 923 920 921
f 911 914 924
f 924 921 911
f 910 911 921
f 921 922 910
f 928 927 926
f 926 925 928
f 927 930 929
f 929 926 927
f 932 931 930
f 930 927 932
f 933 932 927
f 927 928 933
f 935 934 917
f 917 918 935
f 934 936 916
f 916 917 934
f 307 308 936
f 936 934 307
f 306 307 934
f 934 935 306
f 938 937 313
f 313 310 938
f 937 939 318
f 318 313 937
f 941 940 939
f 939 937 941
f 942 941 937
f 937 938 942
f 944 943 941
f 941 942 944
f 943 945 940
f 940 941 943
f 947 946 945
f 945 943 947
f 948 947 943
f 943 944 948
f 876 950 949
f 949 875 876
f 950 944 942
f 942 949 950
f 951 948 944
f 944 950 951
f 877 951 950
f 950 876 877
f 909 952 329
f 329 279 909
f 952 938 310
f 310 329 952
f 949 942 938
f 938 952 949
f 875 949 952
f 952 909 875
f 906 954 953
f 953 886 906
f 954 935 918
f 918 953 954
f 332 306 935
f 935 954 332
f 272 332 954
f 954 906 272
f 900 956 955
f 955 899 900
f 956 928 925
f 925 955 956
f 957 933 928
f 928 956 957
f 901 957 956
f 956 900 901
f 894 959 958
f 958 893 894
f 959 922 919
f 919 958 959
f 960 910 922
f 922 959 960
f 884 960 959
f 959 894 884
f 885 961 960
f 960 884 885
f 961 913 910
f 910 960 961
f 953 918 913
f 913 961 953
f 886 953 961
f 961 885 886
f 965 964 963
f 963 962 965
f 964 967 966
f 966 963 964
f 969 968 967
f 967 964 969
f 970 969 964
f 964 965 970
f 974 973 972
f 972 971 974
f 973 976 975
f 975 972 973
f 977 970 976
f 976 973 977
f 978 977 973
f 973 974 978
f 982 981 980
f 980 979 982
f 981 984 983
f 983 980 981
f 986 985 984
f 984 981 986
f 987 986 981
f 981 982 987
f 991 990 989
f 989 988 991
f 990 992 962
f 962 989 990
f 371 372 992
f 992 990 371
f 370 371 990
f 990 991 370
f 996 995 994
f 994 993 996
f 995 381 382
f 382 994 995
f 997 380 381
f 381 995 997
f 998 997 995
f 995 996 998
f 1000 999 996
f 996 993 1000
f 999 1001 998
f 998 996 999
f 1003 1002 1001
f 1001 999 1003
f 1004 1003 999
f 999 1000 1004
f 945 1006 1005
f 1005 940 945
f 1006 1008 1007
f 1007 1005 1006
f 1010 1009 1008
f 1008 1006 1010
f 946 1010 1006
f 1006 945 946
f 939 1011 396
f 396 318 939
f 1011 1012 398
f 398 396 1011
f 1005 1007 1012
f 1012 1011 1005
f 940 1005 1011
f 1011 939 940
f 936 1014 1013
f 1013 916 936
f 1014 1016 1015
f 1015 1013 1014
f 401 402 1016
f 1016 1014 401
f 308 401 1014
f 1014 936 308
f 930 1018 1017
f 1017 929 930
f 1018 1020 1019
f 1019 1017 1018
f 1022 1021 1020
f 1020 1018 1022
f 931 1022 1018
f 1018 930 931
f 924 1024 1023
f 1023 923 924
f 1024 1026 1025
f 1025 1023 1024
f 1028 1027 1026
f 1026 1024 1028
f 914 1028 1024
f 1024 924 914
f 915 1029 1028
f 1028 914 915
f 1029 1030 1027
f 1027 1028 1029
f 1013 1015 1030
f 1030 1029 1013
f 916 1013 1029
f 1029 915 916
f 1008 1032 1031
f 1031 1007 1008
f 1032 1000 993
f 993 1031 1032
f 1033 1004 1000
f 1000 1032 1033
f 1009 1033 1032
f 1032 1008 1009
f 1012 1034 423
f 423 398 1012
f 1034 1035 425
f 425 423 1034
f 1031 993 1035
f 1035 1034 1031
f 1007 1031 1034
f 1034 1012 1007
f 1016 1037 1036
f 1036 1015 1016
f 1037 991 988
f 988 1036 1037
f 428 370 991
f 991 1037 428
f 402 428 1037
f 1037 1016 402
f 1020 1039 1038
f 1038 1019 1020
f 1039 982 979
f 979 1038 1039
f 1040 987 982
f 982 1039 1040
f 1021 1040 1039
f 1039 1020 1021
f 1026 1042 1041
f 1041 1025 1026
f 1042 974 971
f 971 1041 1042
f 1043 978 974
f 974 1042 1043
f 1027 1043 1042
f 1042 1026 1027
f 1030 1044 1043
f 1043 1027 1030
f 1044 1045 978
f 978 1043 1044
f 1036 988 1045
f 1045 1044 1036
f 1015 1036 1044
f 1044 1030 1015
f 1049 1048 1047
f 1047 1046 1049
f 1048 967 968
f 968 1047 1048
f 1050 966 967
f 967 1048 1050
f 1051 1050 1048
f 1048 1049 1051
f 977 1052 969
f 969 970 977
f 1052 1047 968
f 968 969 1052
f 1053 1046 1047
f 1047 1052 1053
f 978 1053 1052
f 1052 977 978
f 1045 1054 1053
f 1053 978 1045
f 1054 1049 1046
f 1046 1053 1054
f 1055 1051 1049
f 1049 1054 1055
f 988 1055 1054
f 1054 1045 988
f 989 1056 1055
f 1055 988 989
f 1056 1050 1051
f 1051 1055 1056
f 963 966 1050
f 1050 1056 963
f 962 963 1056
f 1056 989 962
f 1058 1057 1033
f 1033 1009 1058
f 1057 1059 1004
f 1004 1033 1057
f 1038 979 1059
f 1059 1057 1038
f 1019 1038 1057
f 1057 1058 1019
f 1061 1060 1010
f 1010 946 1061
f 1060 1058 1009
f 1009 1010 1060
f 1017 1019 1058
f 1058 1060 1017
f 929 1017 1060
f 1060 1061 929
f 1059 1062 1003
f 1003 1004 1059
f 1062 1063 1002
f 1002 1003 1062
f 980 983 1063
f 1063 1062 980
f 979 980 1062
f 1062 1059 979
f 1065 1064 951
f 951 877 1065
f 1064 1066 948
f 948 951 1064
f 955 925 1066
f 1066 1064 955
f 899 955 1064
f 1064 1065 899
f 1066 1067 947
f 947 948 1066
f 1067 1061 946
f 946 947 1067
f 926 929 1061
f 1061 1067 926
f 925 926 1067
f 1067 1066 925
f 1069 1068 878
f 878 879 1069
f 1068 1065 877
f 877 878 1068
f 896 899 1065
f 1065 1068 896
f 895 896 1068
f 1068 1069 895
f 1071 1070 866
f 866 696 1071
f 1070 1072 865
f 865 866 1070
f 845 847 1072
f 1072 1070 845
f 748 845 1070
f 1070 1071 748
f 1074 1073 842
f 842 733 1074
f 1073 1075 739
f 739 842 1073
f 835 759 1075
f 1075 1073 835
f 834 835 1073
f 1073 1074 834
f 467 1076 721
f 721 52 467
f 1076 1077 725
f 725 721 1076
f 796 783 1077
f 1077 1076 796
f 133 796 1076
f 1076 467 133
f 1077 1078 731
f 731 725 1077
f 1078 1079 735
f 735 731 1078
f 784 787 1079
f 1079 1078 784
f 783 784 1078
f 1078 1077 783
f 1075 1080 738
f 738 739 1075
f 1080 1081 698
f 698 738 1080
f 760 744 1081
f 1081 1080 760
f 759 760 1080
f 1080 1075 759
f 1079 1082 734
f 734 735 1079
f 1082 1074 733
f 733 734 1082
f 1083 834 1074
f 1074 1082 1083
f 787 1083 1082
f 1082 1079 787
f 1081 1084 697
f 697 698 1081
f 1084 1071 696
f 696 697 1084
f 745 748 1071
f 1071 1084 745
f 744 745 1084
f 1084 1081 744
f 1086 1085 1040
f 1040 1021 1086
f 1085 1087 987
f 987 1040 1085
f 1041 971 1087
f 1087 1085 1041
f 1025 1041 1085
f 1085 1086 1025
f 1089 1088 1022
f 1022 931 1089
f 1088 1086 1021
f 1021 1022 1088
f 1023 1025 1086
f 1086 1088 1023
f 923 1023 1088
f 1088 1089 923
f 1087 1090 986
f 986 987 1087
f 1090 1091 985
f 985 986 1090
f 972 975 1091
f 1091 1090 972
f 971 972 1090
f 1090 1087 971
f 1093 1092 957
f 957 901 1093
f 1092 1094 933
f 933 957 1092
f 958 919 1094
f 1094 1092 958
f 893 958 1092
f 1092 1093 893
f 1094 1095 932
f 932 933 1094
f 1095 1089 931
f 931 932 1095
f 920 923 1089
f 1089 1095 920
f 919 920 1095
f 1095 1094 919
f 1097 1096 902
f 902 903 1097
f 1096 1093 901
f 901 902 1096
f 890 893 1093
f 1093 1096 890
f 889 890 1096
f 1096 1097 889
f 1099 1098 850
f 850 750 1099
f 1098 1100 849
f 849 850 1098
f 851 853 1100
f 1100 1098 851
f 757 851 1098
f 1098 1099 757
f 1102 1101 838
f 838 839 1102
f 1101 1103 764
f 764 838 1101
f 832 773 1103
f 1103 1101 832
f 769 832 1101
f 1101 1102 769
f 496 1104 798
f 798 137 496
f 1104 1105 791
f 791 798 1104
f 799 792 1105
f 1105 1104 799
f 139 799 1104
f 1104 496 139
f 1105 1106 790
f 790 791 1105
f 1106 1107 789
f 789 790 1106
f 793 765 1107
f 1107 1106 793
f 792 793 1106
f 1106 1105 792
f 1103 1108 763
f 763 764 1103
f 1108 1109 752
f 752 763 1108
f 774 753 1109
f 1109 1108 774
f 773 774 1108
f 1108 1103 773
f 1107 1111 1110
f 1110 789 1107
f 1111 1102 839
f 839 1110 1111
f 766 769 1102
f 1102 1111 766
f 765 766 1111
f 1111 1107 765
f 1109 1112 751
f 751 752 1109
f 1112 1099 750
f 750 751 1112
f 754 757 1099
f 1099 1112 754
f 753 754 1112
f 1112 1109 753
f 1100 1114 1113
f 1113 849 1100
f 1114 1116 1115
f 1115 1113 1114
f 1118 1117 1116
f 1116 1114 1118
f 853 1118 1114
f 1114 1100 853
f 1116 1120 1119
f 1119 1115 1116
f 1120 1097 903
f 903 1119 1120
f 1121 889 1097
f 1097 1120 1121
f 1117 1121 1120
f 1120 1116 1117
f 1072 1123 1122
f 1122 865 1072
f 1123 1125 1124
f 1124 1122 1123
f 1127 1126 1125
f 1125 1123 1127
f 847 1127 1123
f 1123 1072 847
f 1125 1129 1128
f 1128 1124 1125
f 1129 1069 879
f 879 1128 1129
f 1130 895 1069
f 1069 1129 1130
f 1126 1130 1129
f 1129 1125 1126
f 868 1131 525
f 525 232 868
f 1131 1132 529
f 529 525 1131
f 1134 1133 1132
f 1132 1131 1134
f 863 1134 1131
f 1131 868 863
f 1132 1135 531
f 531 529 1132
f 1135 908 274
f 274 531 1135
f 1136 871 908
f 908 1135 1136
f 1133 1136 1135
f 1135 1132 1133
f 860 1138 1137
f 1137 859 860
f 1138 1140 1139
f 1139 1137 1138
f 535 536 1140
f 1140 1138 535
f 220 535 1138
f 1138 860 220
f 1140 1142 1141
f 1141 1139 1140
f 1142 905 888
f 888 1141 1142
f 541 270 905
f 905 1142 541
f 536 541 1142
f 1142 1140 536
f 848 1143 1127
f 1127 847 848
f 1143 1144 1126
f 1126 1127 1143
f 1113 1115 1144
f 1144 1143 1113
f 849 1113 1143
f 1143 848 849
f 1144 1145 1130
f 1130 1126 1144
f 1145 898 895
f 895 1130 1145
f 1119 903 898
f 898 1145 1119
f 1115 1119 1145
f 1145 1144 1115
f 854 1146 1118
f 1118 853 854
f 1146 1147 1117
f 1117 1118 1146
f 1149 1148 1147
f 1147 1146 1149
f 855 1149 1146
f 1146 854 855
f 1152 1151 1150
f 1150 1148 1152
f 1151 1154 1153
f 1153 1150 1151
f 1156 1155 1154
f 1154 1151 1156
f 1139 1156 1151
f 1151 1152 1139
f 870 1157 1149
f 1149 855 870
f 1157 1152 1148
f 1148 1149 1157
f 1137 1139 1152
f 1152 1157 1137
f 859 1137 1157
f 1157 870 859
f 1141 1158 1156
f 1156 1139 1141
f 1158 1159 1155
f 1155 1156 1158
f 1161 1160 1159
f 1159 1158 1161
f 888 1161 1158
f 1158 1141 888
f 864 1162 1134
f 1134 863 864
f 1162 1163 1133
f 1133 1134 1162
f 1122 1124 1163
f 1163 1162 1122
f 865 1122 1162
f 1162 864 865
f 1163 1164 1136
f 1136 1133 1163
f 1164 874 871
f 871 1136 1164
f 1128 879 874
f 874 1164 1128
f 1124 1128 1164
f 1164 1163 1124
f 1168 1167 1166
f 1166 1165 1168
f 1167 1170 1169
f 1169 1166 1167
f 1172 1171 1170
f 1170 1167 1172
f 1173 1172 1167
f 1167 1168 1173
f 1177 1176 1175
f 1175 1174 1177
f 1176 1179 1178
f 1178 1175 1176
f 1166 1169 1179
f 1179 1176 1166
f 1165 1166 1176
f 1176 1177 1165
f 1121 1181 1180
f 1180 889 1121
f 1181 1168 1165
f 1165 1180 1181
f 1182 1173 1168
f 1168 1181 1182
f 1117 1182 1181
f 1181 1121 1117
f 1147 1183 1182
f 1182 1117 1147
f 1183 1184 1173
f 1173 1182 1183
f 1150 1153 1184
f 1184 1183 1150
f 1148 1150 1183
f 1183 1147 1148
f 883 1185 1161
f 1161 888 883
f 1185 1186 1160
f 1160 1161 1185
f 1187 1174 1186
f 1186 1185 1187
f 880 1187 1185
f 1185 883 880
f 892 1188 1187
f 1187 880 892
f 1188 1177 1174
f 1174 1187 1188
f 1180 1165 1177
f 1177 1188 1180
f 889 1180 1188
f 1188 892 889
f 1192 1191 1190
f 1190 1189 1192
f 1191 1194 1193
f 1193 1190 1191
f 1196 1195 1194
f 1194 1191 1196
f 1178 1196 1191
f 1191 1192 1178
f 1199 1198 1197
f 1197 1171 1199
f 1198 1201 1200
f 1200 1197 1198
f 1203 1202 1201
f 1201 1198 1203
f 1204 1203 1198
f 1198 1199 1204
f 1159 1206 1205
f 1205 1155 1159
f 1206 1208 1207
f 1207 1205 1206
f 1209 1189 1208
f 1208 1206 1209
f 1160 1209 1206
f 1206 1159 1160
f 1154 1211 1210
f 1210 1153 1154
f 1211 1212 1204
f 1204 1210 1211
f 1205 1207 1212
f 1212 1211 1205
f 1155 1205 1211
f 1211 1154 1155
f 1184 1213 1172
f 1172 1173 1184
f 1213 1199 1171
f 1171 1172 1213
f 1210 1204 1199
f 1199 1213 1210
f 1153 1210 1213
f 1213 1184 1153
f 1186 1214 1209
f 1209 1160 1186
f 1214 1192 1189
f 1189 1209 1214
f 1175 1178 1192
f 1192 1214 1175
f 1174 1175 1214
f 1214 1186 1174
f 1201 1216 1215
f 1215 1200 1201
f 1216 1218 1217
f 1217 1215 1216
f 1219 1195 1218
f 1218 1216 1219
f 1202 1219 1216
f 1216 1201 1202
f 1221 1220 1219
f 1219 1202 1221
f 1220 1194 1195
f 1195 1219 1220
f 1222 1193 1194
f 1194 1220 1222
f 1223 1222 1220
f 1220 1221 1223
f 1179 1224 1196
f 1196 1178 1179
f 1224 1218 1195
f 1195 1196 1224
f 1225 1217 1218
f 1218 1224 1225
f 1169 1225 1224
f 1224 1179 1169
f 1170 1226 1225
f 1225 1169 1170
f 1226 1215 1217
f 1217 1225 1226
f 1197 1200 1215
f 1215 1226 1197
f 1171 1197 1226
f 1226 1170 1171
f 1208 1228 1227
f 1227 1207 1208
f 1228 1222 1223
f 1223 1227 1228
f 1190 1193 1222
f 1222 1228 1190
f 1189 1190 1228
f 1228 1208 1189
f 1212 1229 1203
f 1203 1204 1212
f 1229 1221 1202
f 1202 1203 1229
f 1227 1223 1221
f 1221 1229 1227
f 1207 1227 1229
f 1229 1212 1207
f 637 1231 1230
f 1230 638 637
f 1231 634 633
f 633 1230 1231
f 381 380 634
f 634 1231 381
f 382 381 1231
f 1231 637 382
f 1233 1232 997
f 997 998 1233
f 1232 634 380
f 380 997 1232
f 632 633 634
f 634 1232 632
f 631 632 1232
f 1232 1233 631
f 1035 1234 636
f 636 425 1035
f 1234 637 638
f 638 636 1234
f 994 382 637
f 637 1234 994
f 993 994 1234
f 1234 1035 993
f 1238 1237 1236
f 1236 1235 1238
f 1237 1240 1239
f 1239 1236 1237
f 1242 1241 1240
f 1240 1237 1242
f 1243 1242 1237
f 1237 1238 1243
f 1246 1245 1244
f 1244 1235 1246
f 1245 1110 839
f 839 1244 1245
f 1247 789 1110
f 1110 1245 1247
f 1248 1247 1245
f 1245 1246 1248
f 1250 1249 1247
f 1247 1248 1250
f 1249 788 789
f 789 1247 1249
f 1251 787 788
f 788 1249 1251
f 1252 1251 1249
f 1249 1250 1252
f 1238 1254 1253
f 1253 1243 1238
f 1254 837 834
f 834 1253 1254
f 1244 839 837
f 837 1254 1244
f 1235 1244 1254
f 1254 1238 1235
f 1256 1255 1251
f 1251 1252 1256
f 1255 1083 787
f 787 1251 1255
f 1253 834 1083
f 1083 1255 1253
f 1243 1253 1255
f 1255 1256 1243
f 1240 1258 1257
f 1257 1239 1240
f 1258 1260 1259
f 1259 1257 1258
f 1262 1261 1260
f 1260 1258 1262
f 1241 1262 1258
f 1258 1240 1241
f 1246 1264 1263
f 1263 1248 1246
f 1264 1257 1259
f 1259 1263 1264
f 1236 1239 1257
f 1257 1264 1236
f 1235 1236 1264
f 1264 1246 1235
f 1256 1265 1242
f 1242 1243 1256
f 1265 1262 1241
f 1241 1242 1265
f 1266 1261 1262
f 1262 1265 1266
f 1252 1266 1265
f 1265 1256 1252
f 1250 1267 1266
f 1266 1252 1250
f 1267 1260 1261
f 1261 1266 1267
f 1263 1259 1260
f 1260 1267 1263
f 1248 1263 1267
f 1267 1250 1248
f 1269 1268 341
f 341 344 1269
f 1268 1270 340
f 340 341 1268
f 1272 1271 1270
f 1270 1268 1272
f 1273 1272 1268
f 1268 1269 1273
f 1275 1274 1001
f 1001 1002 1275
f 1274 1276 998
f 998 1001 1274
f 1278 1277 1276
f 1276 1274 1278
f 1279 1278 1274
f 1274 1275 1279
f 1270 1280 373
f 373 340 1270
f 1280 1281 372
f 372 373 1280
f 1283 1282 1281
f 1281 1280 1283
f 1271 1283 1280
f 1280 1270 1271
f 1285 1284 1091
f 1091 975 1285
f 1284 1286 985
f 985 1091 1284
f 1288 1287 1286
f 1286 1284 1288
f 1289 1288 1284
f 1284 1285 1289
f 1291 1290 364
f 364 365 1291
f 1290 1292 363
f 363 364 1290
f 1294 1293 1292
f 1292 1290 1294
f 1295 1294 1290
f 1290 1291 1295
f 1297 1296 976
f 976 970 1297
f 1296 1285 975
f 975 976 1296
f 1298 1289 1285
f 1285 1296 1298
f 1299 1298 1296
f 1296 1297 1299
f 1276 1300 1233
f 1233 998 1276
f 1300 1301 631
f 631 1233 1300
f 1303 1302 1301
f 1301 1300 1303
f 1277 1303 1300
f 1300 1276 1277
f 1305 1304 965
f 965 962 1305
f 1304 1297 970
f 970 965 1304
f 1306 1299 1297
f 1297 1304 1306
f 1307 1306 1304
f 1304 1305 1307
f 1309 1308 454
f 454 387 1309
f 1308 1291 365
f 365 454 1308
f 1310 1295 1291
f 1291 1308 1310
f 1311 1310 1308
f 1308 1309 1311
f 1281 1312 992
f 992 372 1281
f 1312 1305 962
f 962 992 1312
f 1313 1307 1305
f 1305 1312 1313
f 1282 1313 1312
f 1312 1281 1282
f 1315 1314 388
f 388 378 1315
f 1314 1309 387
f 387 388 1314
f 1316 1311 1309
f 1309 1314 1316
f 1317 1316 1314
f 1314 1315 1317
f 1292 1318 483
f 483 363 1292
f 1318 1319 356
f 356 483 1318
f 1321 1320 1319
f 1319 1318 1321
f 1293 1321 1318
f 1318 1292 1293
f 1286 1322 984
f 984 985 1286
f 1322 1323 983
f 983 984 1322
f 1325 1324 1323
f 1323 1322 1325
f 1287 1325 1322
f 1322 1286 1287
f 1319 1326 355
f 355 356 1319
f 1326 1269 344
f 344 355 1326
f 1327 1273 1269
f 1269 1326 1327
f 1320 1327 1326
f 1326 1319 1320
f 1301 1328 629
f 629 631 1301
f 1328 1315 378
f 378 629 1328
f 1329 1317 1315
f 1315 1328 1329
f 1302 1329 1328
f 1328 1301 1302
f 1323 1330 1063
f 1063 983 1323
f 1330 1275 1002
f 1002 1063 1330
f 1331 1279 1275
f 1275 1330 1331
f 1324 1331 1330
f 1330 1323 1324
f 1316 1332 1310
f 1310 1311 1316
f 1310 1332 1294
f 1294 1295 1310
f 1294 1332 1321
f 1321 1293 1294
f 1321 1332 1327
f 1327 1320 1321
f 1327 1332 1272
f 1272 1273 1327
f 1272 1332 1283
f 1283 1271 1272
f 1283 1332 1313
f 1313 1282 1283
f 1313 1332 1306
f 1306 1307 1313
f 1306 1332 1298
f 1298 1299 1306
f 1298 1332 1288
f 1288 1289 1298
f 1288 1332 1325
f 1325 1287 1288
f 1325 1332 1331
f 1331 1324 1325
f 1331 1332 1278
f 1278 1279 1331
f 1278 1332 1303
f 1303 1277 1278
f 1303 1332 1329
f 1329 1302 1303
f 1329 1332 1316
f 1316 1317 1329