# https://github.com/mikedh/trimesh
v 0.02578815 -0.00042342 0.05923864
v 0.02513547 0.00321823 0.05923864
v 0.01915659 0.00116021 0.05923864
v 0.01944032 -0.00042342 0.05923864
v 0.01455996 0.01076074 0.05923864
v 0.01455996 0.00443862 0.05923864
v 0.01610621 0.00420701 0.05923864
v 0.01811758 0.01022802 0.05923864
v 0.02369799 0.00610294 0.05923864
v 0.02097610 0.00873914 0.05923864
v 0.01734874 0.00355981 0.05923864
v 0.01853199 0.00241416 0.05923864
v 0.00814381 0.00873914 0.05923864
v 0.00553046 0.00625242 0.05923864
v 0.01063529 0.00247914 0.05923864
v 0.01177118 0.00355981 0.05923864
v 0.01117824 0.01028515 0.05923864
v 0.01309011 0.00423201 0.05923864
v 0.00398445 0.00321823 0.05297936
v 0.00996333 0.00116021 0.05297936
v 0.00967960 -0.00042342 0.05297936
v 0.00333177 -0.00042342 0.05297936
v 0.01455996 0.00443862 0.05297936
v 0.01309011 0.00423201 0.05297936
v 0.01117824 0.01028515 0.05297936
v 0.01455996 0.01076074 0.05297936
v 0.00398445 0.00321823 0.05923864
v 0.00996333 0.00116021 0.05923864
v 0.02578815 -0.00042342 0.05297936
v 0.01944032 -0.00042342 0.05297936
v 0.01915659 0.00116021 0.05297936
v 0.02513547 0.00321823 0.05297936
v 0.01811758 0.01022802 0.05297936
v 0.01610621 0.00420701 0.05297936
v 0.01853199 0.00241416 0.05297936
v 0.01734874 0.00355980 0.05297936
v 0.02097610 0.00873913 0.05297936
v 0.02369799 0.00610294 0.05297936
v 0.00814381 0.00873913 0.05297936
v 0.01177118 0.00355980 0.05297936
v 0.01063529 0.00247914 0.05297936
v 0.00553046 0.00625242 0.05297936
v 0.00333177 -0.00042342 0.05923864
v 0.00967960 -0.00042342 0.05923864
v 0.01915659 -0.00200704 0.05923864
v 0.02513547 -0.00406506 0.05923864
v 0.01455996 -0.01160757 0.05923864
v 0.01811758 -0.01107486 0.05923864
v 0.01610621 -0.00505385 0.05923864
v 0.01455996 -0.00528545 0.05923864
v 0.02369799 -0.00694977 0.05923864
v 0.01853199 -0.00326099 0.05923864
v 0.01734874 -0.00440664 0.05923864
v 0.02097610 -0.00958597 0.05923864
v 0.00814381 -0.00958597 0.05923864
v 0.01177118 -0.00440664 0.05923864
v 0.01063529 -0.00332597 0.05923864
v 0.00553046 -0.00709925 0.05923864
v 0.01117824 -0.01113198 0.05923864
v 0.01309011 -0.00507884 0.05923864
v 0.00398445 -0.00406506 0.05297936
v 0.00996333 -0.00200704 0.05297936
v 0.01455996 -0.00528545 0.05297936
v 0.01455996 -0.01160757 0.05297936
v 0.01117824 -0.01113198 0.05297936
v 0.01309011 -0.00507884 0.05297936
v 0.00996333 -0.00200704 0.05923864
v 0.00398445 -0.00406506 0.05923864
v 0.02513547 -0.00406506 0.05297936
v 0.01915659 -0.00200704 0.05297936
v 0.01610621 -0.00505385 0.05297936
v 0.01811758 -0.01107486 0.05297936
v 0.01853199 -0.00326099 0.05297936
v 0.02369799 -0.00694977 0.05297936
v 0.02097610 -0.00958597 0.05297936
v 0.01734874 -0.00440664 0.05297936
v 0.00814381 -0.00958597 0.05297936
v 0.00553046 -0.00709925 0.05297936
v 0.01063529 -0.00332598 0.05297936
v 0.01177118 -0.00440664 0.05297936
v 0.02578815 -0.00042342 0.04596885
v 0.02513547 0.00321823 0.04596885
v 0.01915659 0.00116021 0.04596885
v 0.01944032 -0.00042342 0.04596885
v 0.01455996 0.01076074 0.04596885
v 0.01455996 0.00443862 0.04596885
v 0.01610621 0.00420701 0.04596885
v 0.01811758 0.01022802 0.04596885
v 0.02369799 0.00610293 0.04596885
v 0.02097610 0.00873913 0.04596885
v 0.01734874 0.00355980 0.04596885
v 0.01853199 0.00241416 0.04596885
v 0.00814381 0.00873913 0.04596885
v 0.00553046 0.00625242 0.04596885
v 0.01063529 0.00247914 0.04596885
v 0.01177118 0.00355980 0.04596885
v 0.01117824 0.01028515 0.04596885
v 0.01309011 0.00423200 0.04596885
v 0.00398445 0.00321823 0.03970957
v 0.00996333 0.00116021 0.03970957
v 0.00967960 -0.00042342 0.03970957
v 0.00333177 -0.00042342 0.03970957
v 0.01455996 0.00443862 0.03970957
v 0.01309011 0.00423200 0.03970957
v 0.01117824 0.01028515 0.03970957
v 0.01455996 0.01076074 0.03970957
v 0.00398445 0.00321823 0.04596885
v 0.00996333 0.00116021 0.04596885
v 0.02578815 -0.00042342 0.03970957
v 0.01944032 -0.00042342 0.03970957
v 0.01915659 0.00116021 0.03970957
v 0.02513547 0.00321823 0.03970957
v 0.01811758 0.01022802 0.03970957
v 0.01610621 0.00420701 0.03970957
v 0.01853199 0.00241416 0.03970957
v 0.01734874 0.00355980 0.03970957
v 0.02097610 0.00873913 0.03970957
v 0.02369799 0.00610293 0.03970957
v 0.00814381 0.00873913 0.03970957
v 0.01177118 0.00355980 0.03970957
v 0.01063529 0.00247914 0.03970957
v 0.00553046 0.00625242 0.03970957
v 0.00333177 -0.00042342 0.04596885
v 0.00967960 -0.00042342 0.04596885
v 0.01915659 -0.00200704 0.04596885
v 0.02513547 -0.00406506 0.04596885
v 0.01455996 -0.01160757 0.04596885
v 0.01811758 -0.01107486 0.04596885
v 0.01610621 -0.00505385 0.04596885
v 0.01455996 -0.00528545 0.04596885
v 0.02369799 -0.00694977 0.04596885
v 0.01853199 -0.00326099 0.04596885
v 0.01734874 -0.00440664 0.04596885
v 0.02097610 -0.00958597 0.04596885
v 0.00814381 -0.00958597 0.04596885
v 0.01177118 -0.00440664 0.04596885
v 0.01063529 -0.00332598 0.04596885
v 0.00553046 -0.00709925 0.04596885
v 0.01117824 -0.01113199 0.04596885
v 0.01309011 -0.00507884 0.04596885
v 0.00398445 -0.00406507 0.03970957
v 0.00996333 -0.00200704 0.03970957
v 0.01455996 -0.00528545 0.03970957
v 0.01455996 -0.01160757 0.03970957
v 0.01117824 -0.01113199 0.03970957
v 0.01309011 -0.00507884 0.03970957
v 0.00996333 -0.00200704 0.04596885
v 0.00398445 -0.00406506 0.04596885
v 0.02513547 -0.00406507 0.03970957
v 0.01915659 -0.00200704 0.03970957
v 0.01610621 -0.00505385 0.03970957
v 0.01811758 -0.01107486 0.03970957
v 0.01853199 -0.00326099 0.03970957
v 0.02369799 -0.00694977 0.03970957
v 0.02097610 -0.00958597 0.03970957
v 0.01734874 -0.00440664 0.03970957
v 0.00814381 -0.00958597 0.03970957
v 0.00553046 -0.00709925 0.03970957
v 0.01063529 -0.00332598 0.03970957
v 0.01177118 -0.00440664 0.03970957
v 0.02578815 -0.00042342 0.03269906
v 0.02513547 0.00321823 0.03269906
v 0.01915659 0.00116021 0.03269906
v 0.01944032 -0.00042342 0.03269906
v 0.01455996 0.01076074 0.03269906
v 0.01455996 0.00443861 0.03269906
v 0.01610621 0.00420701 0.03269906
v 0.01811758 0.01022802 0.03269906
v 0.02369799 0.00610293 0.03269906
v 0.02097610 0.00873913 0.03269906
v 0.01734874 0.00355980 0.03269906
v 0.01853199 0.00241416 0.03269906
v 0.00814381 0.00873913 0.03269906
v 0.00553046 0.00625242 0.03269906
v 0.01063529 0.00247914 0.03269906
v 0.01177118 0.00355980 0.03269906
v 0.01117824 0.01028515 0.03269906
v 0.01309011 0.00423200 0.03269906
v 0.00398445 0.00321823 0.02643954
v 0.00996333 0.00116020 0.02643954
v 0.00967960 -0.00042342 0.02643954
v 0.00333177 -0.00042342 0.02643954
v 0.01455996 0.00443861 0.02643954
v 0.01309011 0.00423200 0.02643954
v 0.01117824 0.01028515 0.02643954
v 0.01455996 0.01076073 0.02643954
v 0.00398445 0.00321823 0.03269906
v 0.00996333 0.00116021 0.03269906
v 0.02578815 -0.00042342 0.02643954
v 0.01944032 -0.00042342 0.02643954
v 0.01915659 0.00116020 0.02643954
v 0.02513547 0.00321823 0.02643954
v 0.01811758 0.01022802 0.02643954
v 0.01610621 0.00420701 0.02643954
v 0.01853199 0.00241415 0.02643954
v 0.01734874 0.00355980 0.02643954
v 0.02097610 0.00873913 0.02643978
v 0.02369799 0.00610293 0.02643978
v 0.00814381 0.00873913 0.02643978
v 0.01177118 0.00355980 0.02643954
v 0.01063529 0.00247914 0.02643954
v 0.00553046 0.00625242 0.02643978
v 0.00333177 -0.00042342 0.03269906
v 0.00967960 -0.00042342 0.03269906
v 0.01915659 -0.00200704 0.03269906
v 0.02513547 -0.00406507 0.03269906
v 0.01455996 -0.01160758 0.03269906
v 0.01811758 -0.01107486 0.03269906
v 0.01610621 -0.00505385 0.03269906
v 0.01455996 -0.00528545 0.03269906
v 0.02369799 -0.00694977 0.03269906
v 0.01853199 -0.00326100 0.03269906
v 0.01734874 -0.00440664 0.03269906
v 0.02097610 -0.00958597 0.03269906
v 0.00814381 -0.00958597 0.03269906
v 0.01177118 -0.00440664 0.03269906
v 0.01063529 -0.00332598 0.03269906
v 0.00553046 -0.00709926 0.03269906
v 0.01117824 -0.01113199 0.03269906
v 0.01309011 -0.00507884 0.03269906
v 0.00398445 -0.00406507 0.02643954
v 0.00996333 -0.00200704 0.02643954
v 0.01455996 -0.00528545 0.02643954
v 0.01455996 -0.01160758 0.02643955
v 0.01117824 -0.01113199 0.02643955
v 0.01309011 -0.00507884 0.02643954
v 0.00996333 -0.00200704 0.03269906
v 0.00398445 -0.00406507 0.03269906
v 0.02513547 -0.00406507 0.02643954
v 0.01915659 -0.00200704 0.02643954
v 0.01610621 -0.00505385 0.02643954
v 0.01811758 -0.01107486 0.02643954
v 0.01853199 -0.00326100 0.02643954
v 0.02369799 -0.00694977 0.02643954
v 0.02097610 -0.00958597 0.02643954
v 0.01734874 -0.00440664 0.02643954
v 0.00814381 -0.00958597 0.02643954
v 0.00553046 -0.00709926 0.02643954
v 0.01063529 -0.00332598 0.02643954
v 0.01177118 -0.00440664 0.02643954
v 0.02578815 -0.00042342 0.01942927
v 0.02513547 0.00321822 0.01942927
v 0.01915659 0.00116020 0.01942927
v 0.01944032 -0.00042342 0.01942927
v 0.01455996 0.01076073 0.01942927
v 0.01455996 0.00443861 0.01942927
v 0.01610621 0.00420701 0.01942927
v 0.01811758 0.01022802 0.01942927
v 0.02369799 0.00610293 0.01942927
v 0.02097610 0.00873913 0.01942927
v 0.01734874 0.00355980 0.01942927
v 0.01853199 0.00241415 0.01942927
v 0.00814381 0.00873913 0.01942927
v 0.00553046 0.00625241 0.01942927
v 0.01063529 0.00247914 0.01942927
v 0.01177118 0.00355980 0.01942927
v 0.01117824 0.01028515 0.01942927
v 0.01309011 0.00423200 0.01942927
v 0.00398445 0.00321822 0.01316976
v 0.00996333 0.00116020 0.01316976
v 0.00967960 -0.00042342 0.01316976
v 0.00333177 -0.00042342 0.01316976
v 0.01455996 0.00443861 0.01316976
v 0.01309011 0.00423200 0.01316976
v 0.01117824 0.01028515 0.01316976
v 0.01455996 0.01076073 0.01316976
v 0.00398445 0.00321822 0.01942927
v 0.00996333 0.00116020 0.01942927
v 0.02578815 -0.00042342 0.01316976
v 0.01944032 -0.00042342 0.01316976
v 0.01915659 0.00116020 0.01316976
v 0.02513547 0.00321822 0.01316976
v 0.01811758 0.01022802 0.01316976
v 0.01610621 0.00420701 0.01316976
v 0.01853199 0.00241415 0.01316976
v 0.01734874 0.00355980 0.01316976
v 0.02097610 0.00873913 0.01316976
v 0.02369799 0.00610293 0.01316976
v 0.00814381 0.00873913 0.01316976
v 0.01177118 0.00355980 0.01316976
v 0.01063529 0.00247914 0.01316976
v 0.00553046 0.00625241 0.01316976
v 0.00333177 -0.00042342 0.01942927
v 0.00967960 -0.00042342 0.01942927
v 0.01915659 -0.00200705 0.01942927
v 0.02513547 -0.00406507 0.01942927
v 0.01455996 -0.01160758 0.01942927
v 0.01811758 -0.01107486 0.01942927
v 0.01610621 -0.00505385 0.01942927
v 0.01455996 -0.00528546 0.01942927
v 0.02369799 -0.00694977 0.01942927
v 0.01853199 -0.00326100 0.01942927
v 0.01734874 -0.00440664 0.01942927
v 0.02097610 -0.00958597 0.01942927
v 0.00814381 -0.00958597 0.01942927
v 0.01177118 -0.00440664 0.01942927
v 0.01063529 -0.00332598 0.01942927
v 0.00553046 -0.00709926 0.01942927
v 0.01117824 -0.01113199 0.01942927
v 0.01309011 -0.00507884 0.01942927
v 0.00398445 -0.00406507 0.01316976
v 0.00996333 -0.00200705 0.01316976
v 0.01455996 -0.00528546 0.01316976
v 0.01455996 -0.01160758 0.01316976
v 0.01117824 -0.01113199 0.01316976
v 0.01309011 -0.00507885 0.01316976
v 0.00996333 -0.00200705 0.01942927
v 0.00398445 -0.00406507 0.01942927
v 0.02513547 -0.00406507 0.01316976
v 0.01915659 -0.00200705 0.01316976
v 0.01610621 -0.00505385 0.01316976
v 0.01811758 -0.01107486 0.01316976
v 0.01853199 -0.00326100 0.01316976
v 0.02369799 -0.00694977 0.01316976
v 0.02097610 -0.00958597 0.01316976
v 0.01734874 -0.00440664 0.01316976
v 0.00814381 -0.00958597 0.01316976
v 0.00553046 -0.00709926 0.01316976
v 0.01063529 -0.00332598 0.01316976
v 0.01177118 -0.00440664 0.01316976
v -0.00915270 -0.01160122 0.06098157
v -0.00998724 -0.01221438 0.06016655
v -0.00491455 -0.01226342 0.05610621
v -0.00347589 -0.01144245 0.05610621
v -0.01198052 -0.01289040 0.05691789
v -0.01107314 -0.01301203 0.05610621
v -0.00876090 -0.01304321 0.05610621
v -0.01123643 -0.01278947 0.05827396
v -0.00311217 -0.01100542 0.05610621
v -0.00864236 -0.01117133 0.06125554
v -0.01240921 -0.01209537 0.05988400
v -0.01240921 -0.01269807 0.05805759
v -0.01240921 -0.01148791 0.06086089
v -0.01240921 -0.01285731 0.05683172
v -0.01618392 -0.01039606 0.06124912
v -0.02170649 -0.00925160 0.05610621
v -0.02134254 -0.00968720 0.05610621
v -0.01566715 -0.01090259 0.06097943
v -0.01240921 -0.01103803 0.06131672
v -0.01240921 -0.01104018 0.05089569
v -0.00863451 -0.01117657 0.05096306
v -0.00915128 -0.01160479 0.05123298
v -0.01240921 -0.01148958 0.05135152
v -0.01990388 -0.01066313 0.05610621
v -0.01483142 -0.01166334 0.06016583
v -0.01605753 -0.01217630 0.05610621
v -0.01374552 -0.01268712 0.05610621
v -0.01283815 -0.01278614 0.05691765
v -0.01358200 -0.01250788 0.05827348
v -0.01617630 -0.01039654 0.05095687
v -0.01566573 -0.01090331 0.05123084
v -0.00998724 -0.01221581 0.05204657
v -0.01198052 -0.01289040 0.05529476
v -0.01123643 -0.01278947 0.05393869
v -0.01240921 -0.01209608 0.05232840
v -0.01240921 -0.01269807 0.05415458
v -0.01240921 -0.01285731 0.05538068
v -0.01483119 -0.01166406 0.05204586
v -0.01283815 -0.01278614 0.05529452
v -0.01358223 -0.01250788 0.05393845
v -0.00491455 0.01054930 0.05610620
v -0.00998724 0.01060119 0.06016655
v -0.00915270 0.00997588 0.06098157
v -0.00347589 0.00971071 0.05610620
v -0.01198052 0.01133885 0.05691789
v -0.01123643 0.01121245 0.05827396
v -0.00876090 0.01140383 0.05610620
v -0.01107314 0.01143168 0.05610620
v -0.00311217 0.00927083 0.05610620
v -0.00864236 0.00953814 0.06125554
v -0.01240921 0.01115509 0.05805759
v -0.01240921 0.01054715 0.05988400
v -0.01240921 0.00994850 0.06086088
v -0.01240921 0.01131719 0.05683172
v -0.02134254 0.00845700 0.05610620
v -0.02170649 0.00803687 0.05610620
v -0.01618392 0.00898233 0.06124911
v -0.01566715 0.00946839 0.06097942
v -0.01240921 0.00950386 0.06131671
v -0.00863451 0.00953457 0.05096305
v -0.01240921 0.00949862 0.05089569
v -0.01240921 0.00994612 0.05135152
v -0.00915128 0.00997374 0.05123298
v -0.01990388 0.00937532 0.05610620
v -0.01483142 0.01019368 0.06016583
v -0.01605753 0.01074996 0.05610620
v -0.01358200 0.01100013 0.05827348
v -0.01283815 0.01125982 0.05691765
v -0.01374552 0.01118532 0.05610620
v -0.01617630 0.00897591 0.05095686
v -0.01566573 0.00946411 0.05123084
v -0.00998724 0.01060404 0.05204657
v -0.01123643 0.01121269 0.05393868
v -0.01198052 0.01133647 0.05529475
v -0.01240921 0.01055120 0.05232840
v -0.01240921 0.01115509 0.05415458
v -0.01240921 0.01131552 0.05538068
v -0.01483119 0.01019534 0.05204586
v -0.01283815 0.01125744 0.05529451
v -0.01358223 0.01100037 0.05393845
v -0.01421277 -0.00434166 0.00265351
v -0.01583591 -0.00466467 0.00265351
v -0.01583591 -0.00409530 0.00265351
v -0.01443081 -0.00381585 0.00265351
v -0.01883487 0.00257577 0.00265351
v -0.01745905 0.00349505 0.00265351
v -0.01724125 0.00296924 0.00265351
v -0.01843236 0.00217326 0.00265351
v -0.01283695 -0.00342239 0.00265351
v -0.01323946 -0.00301988 0.00265351
v -0.01975439 0.00119971 0.00265351
v -0.01922858 0.00098191 0.00265351
v -0.01191743 -0.00204633 0.00265351
v -0.01244348 -0.00182853 0.00265351
v -0.02007716 -0.00042319 0.00265351
v -0.01950802 -0.00042319 0.00265351
v -0.01159466 -0.00042319 0.00265351
v -0.01216380 -0.00042319 0.00265351
v -0.01975439 -0.00204633 0.00265351
v -0.01922858 -0.00182853 0.00265351
v -0.01191743 0.00119971 0.00265351
v -0.01244348 0.00098191 0.00265351
v -0.01883487 -0.00342239 0.00265351
v -0.01843236 -0.00301988 0.00265351
v -0.01283695 0.00257577 0.00265351
v -0.01323946 0.00217326 0.00265351
v -0.01745905 -0.00434166 0.00265351
v -0.01724125 -0.00381585 0.00265351
v -0.01421277 0.00349505 0.00265351
v -0.01443081 0.00296924 0.00265351
v -0.01718460 -0.00042319 0.00336380
v -0.01718460 0.00068533 0.00334667
v -0.01718460 0.00068533 0.00380273
v -0.01718460 -0.00042319 0.00380273
v -0.01448746 -0.00042319 0.00339284
v -0.01448746 -0.00153194 0.00334571
v -0.01448746 -0.00153194 0.00380273
v -0.01448698 -0.00042319 0.00380273
v -0.01538651 -0.00153194 0.00380273
v -0.01538651 -0.00153194 0.00444161
v -0.01448746 -0.00153194 0.00444161
v -0.01866801 0.00240868 0.00880140
v -0.01953611 0.00110950 0.00880140
v -0.01953611 0.00110950 0.00308982
v -0.01866801 0.00240867 0.00308982
v -0.01421277 -0.00434166 0.00880140
v -0.01583591 -0.00466467 0.00880140
v -0.01883487 0.00257577 0.00880140
v -0.01745905 0.00349505 0.00880140
v -0.01283695 -0.00342239 0.00880140
v -0.01975439 0.00119971 0.00880140
v -0.01191743 -0.00204633 0.00880140
v -0.02007716 -0.00042319 0.00880140
v -0.01159466 -0.00042319 0.00880140
v -0.01975439 -0.00204633 0.00880140
v -0.01191743 0.00119971 0.00880140
v -0.01883487 -0.00342239 0.00880140
v -0.01283695 0.00257577 0.00880140
v -0.01745905 -0.00434166 0.00880140
v -0.01421277 0.00349505 0.00880140
v -0.01583591 0.00381806 0.00880140
v -0.01583591 0.00381806 0.00265351
v -0.01271532 -0.00042319 0.00288583
v -0.01259939 -0.00051126 0.00283346
v -0.01419706 -0.00070406 0.00329072
v -0.01628555 0.00068533 0.00380273
v -0.01628555 0.00068533 0.00444161
v -0.01718460 0.00068533 0.00444161
v -0.01905196 -0.00165714 0.00273587
v -0.01731575 -0.00170285 0.00327454
v -0.01259939 0.00084504 0.00271850
v -0.01583591 0.00084504 0.00337356
v -0.01583591 0.00324869 0.00265351
v -0.01531938 0.00084504 0.00336832
v -0.01448746 0.00068533 0.00333714
v -0.01271532 0.00068533 0.00274135
v -0.01271532 0.00068533 0.00380273
v -0.01448746 0.00068533 0.00380273
v -0.01271532 -0.00042319 0.00380273
v -0.01895651 -0.00153194 0.00276824
v -0.01895651 -0.00042319 0.00283751
v -0.01895651 -0.00042319 0.00380273
v -0.01895651 -0.00153194 0.00380273
v -0.01718460 -0.00042319 0.00444161
v -0.01895651 -0.00042319 0.00444161
v -0.01895651 -0.00153194 0.00444161
v -0.01718460 -0.00153194 0.00380273
v -0.01718460 -0.00153194 0.00444161
v -0.01271532 -0.00042319 0.00444161
v -0.01271532 0.00068533 0.00444161
v -0.01448746 0.00068533 0.00444161
v -0.01448746 -0.00042319 0.00444161
v -0.01538651 0.00068533 0.00380273
v -0.01538651 0.00068533 0.00444161
v -0.01628555 -0.00153194 0.00380273
v -0.01628555 -0.00153194 0.00444161
v -0.01583591 0.00068533 0.00380273
v -0.01583591 0.00068533 0.00444161
v -0.01583591 -0.00153194 0.00380273
v -0.01583591 -0.00153194 0.00444161
v -0.01628555 0.00068533 0.00341117
v -0.01583591 0.00068533 0.00341117
v -0.01538651 -0.00153194 0.00341117
v -0.01583591 -0.00153194 0.00341117
v -0.01628555 -0.00153194 0.00341117
v -0.01538651 0.00068533 0.00341117
v -0.01718460 -0.00153194 0.00333714
v -0.01905196 -0.00032512 0.00280514
v -0.01744001 -0.00013707 0.00328168
v -0.01531462 -0.00170285 0.00336546
v -0.01583591 -0.00170285 0.00337094
v -0.01730718 0.00084504 0.00328525
v -0.01428680 -0.00178449 0.00324146
v -0.01436464 0.00084504 0.00327859
v -0.01635720 -0.00170285 0.00336546
v -0.01635244 0.00084504 0.00336832
v -0.01921882 -0.00259166 0.00518641
v -0.01921882 0.00142441 0.00518641
v -0.01634911 0.00142441 0.00518641
v -0.01634911 -0.00259166 0.00518641
v -0.01921882 0.00142441 0.00564177
v -0.01634911 0.00142441 0.00564177
v -0.01921882 -0.00259166 0.00564177
v -0.01634911 -0.00259166 0.00564177
v -0.01532081 -0.00259166 0.00666792
v -0.01532081 0.00142441 0.00666792
v -0.01245110 0.00142441 0.00666792
v -0.01245110 -0.00259166 0.00666792
v -0.01532081 0.00142441 0.00712327
v -0.01245110 0.00142441 0.00712327
v -0.01532081 -0.00259166 0.00712327
v -0.01245110 -0.00259166 0.00712327
v -0.01744143 -0.00407602 0.00831867
v -0.01744143 0.00290902 0.00831867
v -0.01457172 0.00290902 0.00831867
v -0.01457172 -0.00407602 0.00831867
v -0.01744143 0.00290902 0.00877402
v -0.01457172 0.00290902 0.00877402
v -0.01744143 -0.00407602 0.00877402
v -0.01457172 -0.00407602 0.00877402
v -0.01953611 -0.00195587 0.00880140
v -0.01984103 -0.00042319 0.00880140
v -0.01213571 0.00110950 0.00880140
v -0.01183079 -0.00042319 0.00880140
v -0.01866801 -0.00325529 0.00880140
v -0.01300381 0.00240868 0.00880140
v -0.01736860 -0.00412363 0.00880140
v -0.01430322 0.00327701 0.00880140
v -0.01583591 -0.00442831 0.00880140
v -0.01736860 0.00327701 0.00880140
v -0.01583591 0.00358193 0.00880140
v -0.01430322 -0.00412363 0.00880140
v -0.01300381 -0.00325529 0.00880140
v -0.01213571 -0.00195587 0.00880140
v -0.01213571 -0.00195587 0.00308982
v -0.01300381 -0.00325529 0.00308982
v -0.01984103 -0.00042319 0.00308982
v -0.01183079 -0.00042319 0.00308982
v -0.01953611 -0.00195587 0.00308982
v -0.01213571 0.00110950 0.00308982
v -0.01866801 -0.00325529 0.00308982
v -0.01300381 0.00240867 0.00308982
v -0.01736860 -0.00412363 0.00308982
v -0.01430322 0.00327701 0.00308982
v -0.01583591 -0.00442831 0.00308982
v -0.01736860 0.00327701 0.00308982
v -0.01583591 0.00358193 0.00308982
v -0.01430322 -0.00412363 0.00308982
v -0.01367645 -0.00238173 0.09428177
v -0.01387784 -0.00238173 0.09198025
v -0.01306668 -0.00042341 0.09198025
v -0.01287766 -0.00042341 0.09414092
v 0.00952948 0.00153491 0.10049979
v 0.00789579 0.00153491 0.10213349
v 0.00915459 0.00234606 0.10363367
v 0.01102960 0.00234606 0.10175859
v -0.01753361 -0.00238173 0.09496197
v -0.01779448 -0.00238173 0.09198025
v -0.01583616 -0.00319289 0.09198025
v -0.01560503 -0.00319289 0.09462183
v 0.00600332 0.00153491 0.10345866
v 0.00390940 0.00153491 0.10443501
v 0.00457918 0.00234606 0.10627526
v 0.00698245 0.00234606 0.10515462
v 0.01628610 0.00153491 0.09496197
v 0.01708497 -0.00042341 0.09510282
v 0.01735812 -0.00042341 0.09198025
v 0.01654697 0.00153491 0.09198025
v 0.00167777 0.00153491 0.10503302
v -0.00062375 0.00153491 0.10523433
v -0.00062375 0.00234606 0.10719265
v 0.00201783 0.00234606 0.10696152
v 0.01263033 0.00153491 0.09198025
v 0.01242894 0.00153491 0.09428185
v 0.01435752 0.00234606 0.09462183
v 0.01458865 0.00234606 0.09198025
v -0.00725083 0.00153491 0.10345866
v -0.00914330 0.00153491 0.10213349
v -0.01040210 0.00234606 0.10363367
v -0.00822995 0.00234606 0.10515462
v 0.01163015 -0.00042341 0.09414092
v 0.01181917 -0.00042341 0.09198025
v -0.01077699 0.00153491 0.10049979
v -0.01210209 0.00153491 0.09860733
v -0.01379805 0.00234606 0.09958645
v -0.01227711 0.00234606 0.10175859
v 0.01183101 0.00153491 0.09651340
v 0.01085459 0.00153491 0.09860733
v 0.01255054 0.00234606 0.09958645
v 0.01367126 0.00234606 0.09718318
v -0.00292528 0.00153491 0.10503302
v -0.00515691 0.00153491 0.10443501
v -0.00582669 0.00234606 0.10627526
v -0.00326534 0.00234606 0.10696152
v -0.01307852 0.00153491 0.09651340
v -0.01491869 0.00234606 0.09718318
v 0.01435752 -0.00319289 0.09462183
v 0.01242894 -0.00238173 0.09428185
v 0.01263033 -0.00238173 0.09198025
v 0.01458865 -0.00319289 0.09198025
v -0.01833247 -0.00042341 0.09510282
v -0.01860563 -0.00042341 0.09198025
v -0.01367645 0.00153491 0.09428177
v -0.01387784 0.00153491 0.09198025
v -0.01583616 0.00234606 0.09198025
v -0.01560503 0.00234606 0.09462191
v 0.01628610 -0.00238173 0.09496197
v 0.01654697 -0.00238173 0.09198025
v 0.01627366 -0.00042341 0.09813046
v 0.01551143 -0.00238173 0.09785296
v 0.01494901 -0.00042341 0.10097119
v 0.01424649 -0.00238173 0.10056565
v 0.01315117 -0.00042341 0.10353883
v 0.01252979 -0.00238173 0.10301739
v 0.01093475 -0.00042341 0.10575517
v 0.01041339 -0.00238173 0.10513379
v 0.00836718 -0.00042341 0.10755301
v 0.00796157 -0.00238173 0.10685057
v 0.00552639 -0.00042341 0.10887774
v 0.00524896 -0.00238173 0.10811543
v 0.00249874 -0.00042341 0.10968897
v 0.00235789 -0.00238173 0.10889010
v -0.00062375 -0.00042341 0.10996213
v -0.00062375 -0.00238173 0.10915097
v -0.00374625 -0.00042341 0.10968897
v -0.00360540 -0.00238173 0.10889010
v -0.00677390 -0.00042341 0.10887766
v -0.00649647 -0.00238173 0.10811543
v -0.00961469 -0.00042341 0.10755301
v -0.00920908 -0.00238173 0.10685057
v -0.01218226 -0.00042341 0.10575517
v -0.01166089 -0.00238173 0.10513379
v -0.01439868 -0.00042341 0.10353883
v -0.01377729 -0.00238173 0.10301739
v -0.01619652 -0.00042341 0.10097119
v -0.01549400 -0.00238173 0.10056565
v -0.01752117 -0.00042341 0.09813046
v -0.01675894 -0.00238173 0.09785296
v -0.01307852 -0.00238173 0.09651340
v -0.01491869 -0.00319289 0.09718318
v -0.01210209 -0.00238173 0.09860733
v -0.01379805 -0.00319289 0.09958645
v -0.01077699 -0.00238173 0.10049979
v -0.01227711 -0.00319288 0.10175859
v -0.00914330 -0.00238173 0.10213349
v -0.01040210 -0.00319288 0.10363367
v -0.00725083 -0.00238173 0.10345867
v -0.00822995 -0.00319288 0.10515462
v -0.00515691 -0.00238173 0.10443501
v -0.00582669 -0.00319288 0.10627526
v -0.00292528 -0.00238173 0.10503302
v -0.00326534 -0.00319288 0.10696152
v -0.00062375 -0.00238173 0.10523433
v -0.00062375 -0.00319288 0.10719265
v 0.00167777 -0.00238173 0.10503302
v 0.00201783 -0.00319288 0.10696152
v 0.00390940 -0.00238173 0.10443501
v 0.00457918 -0.00319288 0.10627526
v 0.00600332 -0.00238173 0.10345867
v 0.00698245 -0.00319288 0.10515462
v 0.00789579 -0.00238173 0.10213349
v 0.00915459 -0.00319288 0.10363367
v 0.00952948 -0.00238173 0.10049979
v 0.01102960 -0.00319288 0.10175859
v 0.01085459 -0.00238173 0.09860733
v 0.01255054 -0.00319289 0.09958645
v 0.01183101 -0.00238173 0.09651340
v 0.01367126 -0.00319289 0.09718318
v -0.01779448 0.00153491 0.09198025
v -0.01753361 0.00153491 0.09496197
v -0.01675894 0.00153491 0.09785296
v -0.01549400 0.00153491 0.10056564
v -0.01377729 0.00153491 0.10301739
v -0.01166089 0.00153491 0.10513379
v -0.00920908 0.00153491 0.10685057
v -0.00649647 0.00153491 0.10811543
v -0.00360540 0.00153491 0.10889010
v -0.00062375 0.00153491 0.10915097
v 0.00235789 0.00153491 0.10889010
v 0.00524896 0.00153491 0.10811543
v 0.00796157 0.00153491 0.10685057
v 0.01041339 0.00153491 0.10513379
v 0.01252979 0.00153491 0.10301739
v 0.01424649 0.00153491 0.10056564
v 0.01551143 0.00153491 0.09785296
v -0.01231629 -0.00042341 0.09623597
v -0.01139965 -0.00042341 0.09820171
v -0.01015561 -0.00042341 0.09997843
v -0.00862193 -0.00042341 0.10151211
v -0.00684522 -0.00042341 0.10275614
v -0.00487948 -0.00042341 0.10367278
v -0.00278443 -0.00042341 0.10423416
v -0.00062375 -0.00042341 0.10442318
v 0.00153692 -0.00042341 0.10423416
v 0.00363197 -0.00042341 0.10367278
v 0.00559771 -0.00042341 0.10275614
v 0.00737443 -0.00042341 0.10151211
v 0.00890810 -0.00042341 0.09997843
v 0.01015214 -0.00042341 0.09820171
v 0.01106878 -0.00042341 0.09623597
v 0.01263033 0.00153490 0.06016329
v 0.01458865 0.00234606 0.06016329
v 0.01458865 0.00234606 0.05618611
v 0.01263033 0.00153490 0.05618611
v 0.01654697 0.00153490 0.06016329
v 0.01654697 0.00153490 0.05618611
v 0.01735812 -0.00042342 0.06016329
v 0.01735812 -0.00042342 0.05618611
v 0.01181917 -0.00042342 0.06016329
v 0.01181917 -0.00042342 0.05618611
v 0.01263033 -0.00238174 0.05618611
v 0.01263033 -0.00238174 0.06016329
v 0.01654697 -0.00238174 0.06016329
v 0.01654697 -0.00238174 0.05618611
v -0.01779448 0.00153490 0.05976554
v -0.01583616 0.00234606 0.05976554
v -0.01583616 0.00234606 0.05618611
v -0.01779448 0.00153490 0.05618611
v -0.01860563 -0.00042342 0.05976554
v -0.01860563 -0.00042342 0.05618611
v -0.01779448 -0.00238174 0.05976554
v -0.01779448 -0.00238174 0.05618611
v -0.01387784 -0.00238174 0.05976554
v -0.01583616 -0.00319289 0.05976554
v -0.01583616 -0.00319289 0.05618611
v -0.01387784 -0.00238174 0.05618611
v 0.01458865 -0.00319289 0.06016329
v 0.01458865 -0.00319289 0.05618611
v -0.01306668 -0.00042342 0.05976554
v -0.01306668 -0.00042342 0.05618611
v -0.01387784 0.00153490 0.05976554
v -0.01387784 0.00153490 0.05618611
v -0.01387784 0.00153491 0.08840089
v -0.01583616 0.00234606 0.08840089
v -0.01387784 0.00153491 0.08482147
v -0.01583616 0.00234606 0.08482147
v -0.01387784 0.00153491 0.08124204
v -0.01583616 0.00234606 0.08124204
v -0.01387784 0.00153491 0.07766261
v -0.01583616 0.00234606 0.07766261
v -0.01387784 0.00153491 0.07408318
v -0.01583616 0.00234606 0.07408318
v -0.01387784 0.00153491 0.07050383
v -0.01583616 0.00234606 0.07050383
v -0.01387784 0.00153491 0.06692440
v -0.01583616 0.00234606 0.06692440
v -0.01387784 0.00153490 0.06334497
v -0.01583616 0.00234606 0.06334497
v -0.01306668 -0.00042341 0.08840089
v -0.01306668 -0.00042341 0.08482147
v -0.01306668 -0.00042341 0.08124204
v -0.01306668 -0.00042341 0.07766261
v -0.01306668 -0.00042341 0.07408318
v -0.01306668 -0.00042341 0.07050383
v -0.01306668 -0.00042342 0.06692440
v -0.01306668 -0.00042342 0.06334497
v -0.01387784 -0.00238173 0.08840089
v -0.01387784 -0.00238173 0.08482147
v -0.01387784 -0.00238173 0.08124204
v -0.01387784 -0.00238173 0.07766261
v -0.01387784 -0.00238173 0.07408318
v -0.01387784 -0.00238174 0.07050383
v -0.01387784 -0.00238174 0.06692440
v -0.01387784 -0.00238174 0.06334497
v -0.01779448 -0.00238173 0.08840089
v -0.01583616 -0.00319289 0.08840090
v -0.01779448 -0.00238173 0.08482147
v -0.01583616 -0.00319289 0.08482147
v -0.01779448 -0.00238173 0.08124204
v -0.01583616 -0.00319289 0.08124204
v -0.01779448 -0.00238173 0.07766261
v -0.01583616 -0.00319289 0.07766261
v -0.01779448 -0.00238173 0.07408318
v -0.01583616 -0.00319289 0.07408318
v -0.01779448 -0.00238174 0.07050383
v -0.01583616 -0.00319289 0.07050383
v -0.01779448 -0.00238174 0.06692440
v -0.01583616 -0.00319289 0.06692440
v -0.01779448 -0.00238174 0.06334497
v -0.01583616 -0.00319289 0.06334497
v -0.01860563 -0.00042341 0.08840089
v -0.01860563 -0.00042341 0.08482147
v -0.01860563 -0.00042341 0.08124204
v -0.01860563 -0.00042341 0.07766261
v -0.01860563 -0.00042341 0.07408318
v -0.01860563 -0.00042341 0.07050383
v -0.01860563 -0.00042342 0.06692440
v -0.01860563 -0.00042342 0.06334497
v -0.01779448 0.00153491 0.08840089
v -0.01779448 0.00153491 0.08482147
v -0.01779448 0.00153491 0.08124204
v -0.01779448 0.00153491 0.07766261
v -0.01779448 0.00153491 0.07408318
v -0.01779448 0.00153491 0.07050383
v -0.01779448 0.00153491 0.06692440
v -0.01779448 0.00153490 0.06334497
v 0.01263033 -0.00238173 0.08800315
v 0.01458865 -0.00319289 0.08800315
v 0.01263033 -0.00238173 0.08402605
v 0.01458865 -0.00319289 0.08402605
v 0.01263033 -0.00238173 0.08004887
v 0.01458865 -0.00319289 0.08004887
v 0.01263033 -0.00238173 0.07607177
v 0.01458865 -0.00319289 0.07607177
v 0.01263033 -0.00238173 0.07209467
v 0.01458865 -0.00319289 0.07209467
v 0.01263033 -0.00238174 0.06811749
v 0.01458865 -0.00319289 0.06811749
v 0.01263033 -0.00238174 0.06414039
v 0.01458865 -0.00319289 0.06414039
v 0.01654697 -0.00238173 0.08800315
v 0.01654697 -0.00238173 0.08402605
v 0.01654697 -0.00238173 0.08004887
v 0.01654697 -0.00238173 0.07607177
v 0.01654697 -0.00238173 0.07209467
v 0.01654697 -0.00238174 0.06811749
v 0.01654697 -0.00238174 0.06414039
v 0.01263033 0.00153491 0.08800315
v 0.01181917 -0.00042341 0.08800315
v 0.01263033 0.00153491 0.08402605
v 0.01181917 -0.00042341 0.08402605
v 0.01263033 0.00153491 0.08004887
v 0.01181917 -0.00042341 0.08004887
v 0.01263033 0.00153491 0.07607177
v 0.01181917 -0.00042341 0.07607177
v 0.01263033 0.00153491 0.07209467
v 0.01181917 -0.00042341 0.07209467
v 0.01263033 0.00153491 0.06811749
v 0.01181917 -0.00042341 0.06811749
v 0.01263033 0.00153490 0.06414039
v 0.01181917 -0.00042342 0.06414039
v 0.01735812 -0.00042341 0.08800315
v 0.01735812 -0.00042341 0.08402605
v 0.01735812 -0.00042341 0.08004887
v 0.01735812 -0.00042341 0.07607177
v 0.01735812 -0.00042341 0.07209467
v 0.01735812 -0.00042341 0.06811749
v 0.01735812 -0.00042342 0.06414039
v 0.01654697 0.00153491 0.08800315
v 0.01654697 0.00153491 0.08402605
v 0.01654697 0.00153491 0.08004887
v 0.01654697 0.00153491 0.07607177
v 0.01654697 0.00153491 0.07209467
v 0.01654697 0.00153491 0.06811749
v 0.01654697 0.00153490 0.06414039
v 0.01458865 0.00234606 0.08800315
v 0.01458865 0.00234606 0.08402605
v 0.01458865 0.00234606 0.08004887
v 0.01458865 0.00234606 0.07607177
v 0.01458865 0.00234606 0.07209467
v 0.01458865 0.00234606 0.06811749
v 0.01458865 0.00234606 0.06414039
v -0.01484849 -0.00280788 0.07447621
v -0.01471731 -0.00312456 0.06827497
v -0.01583616 -0.00335007 0.06827497
v -0.01583616 -0.00303346 0.07447621
v -0.01345169 -0.00141108 0.07447621
v -0.01313501 -0.00154226 0.06827497
v -0.01377370 -0.00248587 0.06827497
v -0.01401546 -0.00224411 0.07447621
v -0.01682382 -0.00280788 0.07447621
v -0.01695500 -0.00312456 0.06827497
v -0.01789861 -0.00248587 0.06827497
v -0.01765685 -0.00224411 0.07447621
v -0.01290194 -0.00335764 0.07582169
v -0.01424442 -0.00426626 0.07582169
v -0.01420051 -0.00437212 0.07542619
v -0.01282110 -0.00343847 0.07542619
v -0.01877038 -0.00335764 0.07582169
v -0.01967900 -0.00201515 0.07582169
v -0.01978486 -0.00205906 0.07542619
v -0.01885121 -0.00343847 0.07542619
v -0.01826692 -0.00285418 0.07447621
v -0.01715481 -0.00360689 0.07447621
v -0.01340539 -0.00285418 0.07447621
v -0.01265268 -0.00174207 0.07447621
v -0.01841099 -0.00042341 0.07447621
v -0.01927376 -0.00042341 0.07447621
v -0.01901964 -0.00174207 0.07447621
v -0.01822062 -0.00141108 0.07447621
v -0.01420051 -0.00437212 0.06827497
v -0.01583616 -0.00459770 0.07542619
v -0.01583616 -0.00459770 0.06827497
v -0.01188737 -0.00205906 0.07542619
v -0.01282110 -0.00343847 0.06827497
v -0.01188737 -0.00205906 0.06827497
v -0.01747180 -0.00437212 0.07542619
v -0.01885121 -0.00343847 0.06827497
v -0.01747180 -0.00437212 0.06827497
v -0.01265268 0.00089524 0.07613635
v -0.01217379 0.00107857 0.07605776
v -0.01303979 0.00235797 0.07605776
v -0.01340539 0.00200735 0.07613635
v -0.01583616 -0.00383240 0.07447621
v -0.01451750 -0.00360689 0.07447621
v -0.02010012 -0.00042341 0.07542619
v -0.01998580 -0.00042341 0.07582169
v -0.01742790 -0.00426626 0.07582169
v -0.01199324 -0.00201515 0.07582169
v -0.01168652 -0.00042341 0.07582169
v -0.01157219 -0.00042341 0.07542619
v -0.01583616 -0.00449184 0.07582169
v -0.01303979 -0.00320480 0.07605776
v -0.01217379 -0.00192540 0.07605776
v -0.01949844 -0.00192540 0.07605776
v -0.01863253 -0.00320480 0.07605776
v -0.01735313 -0.00407079 0.07605776
v -0.01979086 -0.00042341 0.07605776
v -0.01188146 -0.00042341 0.07605776
v -0.01431919 -0.00407079 0.07605776
v -0.01340539 -0.00285418 0.07613635
v -0.01265268 -0.00174207 0.07613635
v -0.01927376 -0.00042341 0.07613635
v -0.01901964 -0.00174207 0.07613635
v -0.01451750 -0.00360689 0.07613635
v -0.01583616 -0.00383240 0.07613635
v -0.01826692 -0.00285418 0.07613635
v -0.01715481 -0.00360689 0.07613635
v -0.01239855 -0.00042341 0.07447621
v -0.01239855 -0.00042341 0.07613635
v -0.01326132 -0.00042341 0.07447621
v -0.02010012 -0.00042341 0.06827497
v -0.01978486 -0.00205906 0.06827497
v -0.01853723 -0.00154226 0.06827497
v -0.01875292 -0.00042341 0.06827497
v -0.01157219 -0.00042341 0.06827497
v -0.01291939 -0.00042341 0.06827497
v -0.01583616 -0.00429630 0.07605776
v -0.01765685 0.00139728 0.07447621
v -0.01822062 0.00056425 0.07447621
v -0.01853723 0.00069543 0.06827497
v -0.01789861 0.00163904 0.06827497
v -0.01885121 0.00259165 0.07542619
v -0.01885121 0.00259165 0.06827497
v -0.01978486 0.00121223 0.06827497
v -0.01978486 0.00121223 0.07542619
v -0.01583616 0.00250324 0.06827497
v -0.01471731 0.00227773 0.06827497
v -0.01484849 0.00196105 0.07447621
v -0.01583616 0.00218663 0.07447621
v -0.01345169 0.00056425 0.07447621
v -0.01401546 0.00139728 0.07447621
v -0.01377370 0.00163904 0.06827497
v -0.01313501 0.00069543 0.06827497
v -0.01682382 0.00196105 0.07447621
v -0.01695500 0.00227773 0.06827497
v -0.01290194 0.00251081 0.07582169
v -0.01282110 0.00259165 0.07542619
v -0.01420051 0.00352529 0.07542619
v -0.01424442 0.00341943 0.07582169
v -0.01877038 0.00251081 0.07582169
v -0.01967900 0.00116833 0.07582169
v -0.01715481 0.00276007 0.07447621
v -0.01826692 0.00200735 0.07447621
v -0.01265268 0.00089524 0.07447621
v -0.01340539 0.00200735 0.07447621
v -0.01901964 0.00089524 0.07447621
v -0.01583616 0.00375087 0.06827497
v -0.01583616 0.00375087 0.07542619
v -0.01420051 0.00352529 0.06827497
v -0.01188737 0.00121223 0.07542619
v -0.01188737 0.00121223 0.06827497
v -0.01282110 0.00259165 0.06827497
v -0.01747180 0.00352529 0.07542619
v -0.01747180 0.00352529 0.06827497
v -0.01583616 0.00298557 0.07447621
v -0.01451750 0.00276007 0.07447621
v -0.01742790 0.00341943 0.07582169
v -0.01199324 0.00116833 0.07582169
v -0.01583616 0.00364501 0.07582169
v -0.01949844 0.00107857 0.07605776
v -0.01863253 0.00235797 0.07605776
v -0.01735313 0.00322397 0.07605776
v -0.01431919 0.00322397 0.07605776
v -0.01901964 0.00089524 0.07613635
v -0.01451750 0.00276007 0.07613635
v -0.01583616 0.00298557 0.07613635
v -0.01715481 0.00276007 0.07613635
v -0.01826692 0.00200735 0.07613635
v -0.01583616 0.00344947 0.07605776
v -0.02543573 -0.00716835 0.04580634
v -0.02411918 -0.00866581 0.04580634
v -0.02411918 -0.00866581 0.05610620
v -0.02543573 -0.00716835 0.05610620
v 0.01740401 -0.00061725 0.00335458
v 0.01740401 -0.00800052 0.00335458
v 0.01462737 -0.00831424 0.00190830
v 0.01462737 -0.00070294 0.00190830
v 0.02185378 -0.00866581 0.03961870
v 0.02185378 -0.00866581 0.03276054
v 0.02317033 -0.00716835 0.03276054
v 0.02317033 -0.00716835 0.03961870
v 0.01740401 -0.00800051 0.06902466
v 0.01582539 -0.00475471 0.07019411
v 0.01351172 -0.00483826 0.07069921
v 0.01462737 -0.00831423 0.07047094
v 0.00633816 -0.01053317 0.01957358
v 0.01659018 -0.00944204 0.01957358
v 0.01648331 -0.00945560 0.02615325
v 0.00633816 -0.01053293 0.02615325
v -0.00113270 0.00789548 0.06636870
v -0.00113270 0.00940674 0.06528589
v -0.00609328 0.00930154 0.06544395
v -0.00638606 0.00779884 0.06653389
v 0.00937402 -0.00882695 0.07180796
v 0.00412066 -0.00919590 0.07224761
v 0.00412066 -0.00919567 0.06653389
v 0.00890723 -0.00886599 0.06715754
v 0.01462737 -0.00831495 0.06819988
v 0.01117806 -0.00347220 0.07135046
v 0.02203301 -0.00737877 0.06995560
v 0.01941419 -0.00776153 0.06994298
v 0.01828283 -0.00920233 0.06871331
v 0.02078002 -0.00883029 0.06874569
v -0.00113270 -0.00934087 0.00601054
v 0.00412066 -0.00919567 0.00584534
v 0.00382788 -0.01070337 0.00693529
v -0.00113270 -0.01085237 0.00709334
v 0.01970959 -0.00054869 0.05941270
v 0.02317033 -0.00042325 0.05941270
v 0.02317033 -0.00716811 0.05941270
v 0.01970959 -0.00499322 0.05941270
v 0.01659018 -0.00944203 0.03961870
v 0.01659018 -0.00944203 0.03276054
v -0.00113270 -0.00934087 0.06636870
v -0.00113270 -0.01085237 0.06528589
v 0.00382788 -0.01070336 0.06544395
v 0.01970959 -0.00054822 0.05280542
v 0.01970959 -0.00499346 0.05280542
v 0.02317033 -0.00716835 0.05280542
v 0.02317033 -0.00042515 0.05280542
v 0.01637119 -0.00946274 0.06781665
v 0.01802551 -0.00333485 0.06970733
v 0.00834786 -0.01036036 0.06604093
v 0.01374904 -0.00978575 0.06703876
v 0.01022093 -0.00121185 0.07154970
v 0.02185378 -0.00866557 0.05941270
v 0.01861821 -0.00594130 0.05941270
v 0.00633816 -0.01053341 0.05610906
v 0.00633816 -0.01053317 0.05280542
v 0.00633816 -0.00697650 0.05280542
v 0.00633816 -0.00697650 0.05610906
v 0.01648331 -0.00945560 0.05941270
v 0.00633816 -0.01053293 0.05941270
v 0.00633816 -0.00697626 0.05941270
v 0.01416583 -0.00638071 0.05941270
v 0.01659018 -0.00944203 0.05280542
v 0.01425438 -0.00637261 0.05280542
v 0.01861821 -0.00594130 0.05280542
v 0.02185378 -0.00866581 0.05280542
v 0.01648331 -0.00945560 0.04622599
v 0.00633816 -0.01053293 0.04622599
v 0.00633816 -0.00697626 0.04622599
v 0.01416583 -0.00638071 0.04622599
v 0.02185378 -0.00865605 0.06781617
v -0.00835649 -0.01053341 0.04580634
v -0.00113270 -0.01085237 0.04580634
v -0.00239284 -0.01084189 0.05610621
v -0.00871211 -0.01048937 0.05030418
v 0.02185378 -0.00866557 0.04622599
v 0.02317033 -0.00716812 0.04622599
v -0.01577165 -0.00472710 0.07075301
v -0.01689278 -0.00831423 0.07047094
v -0.01163942 -0.00882695 0.07180796
v -0.01345822 -0.00402157 0.07146424
v -0.02411918 -0.00866581 0.03264104
v -0.02543573 -0.00716835 0.03264104
v -0.00839148 -0.01053127 0.03264104
v -0.01609966 -0.00978051 0.04580634
v -0.01621748 -0.00976671 0.03264104
v -0.01689278 -0.00831495 0.06819988
v -0.01117264 -0.00886599 0.06715754
v -0.01966942 -0.00800051 0.06902466
v -0.02054823 -0.00920233 0.06871331
v -0.02167959 -0.00776153 0.06994298
v -0.02432984 -0.00740591 0.07009842
v -0.02308565 -0.00885409 0.06888541
v -0.00638606 -0.00919590 0.07224761
v -0.01170416 -0.00172480 0.07167466
v -0.00638606 -0.00919567 0.06653389
v -0.01061327 -0.01036036 0.06604093
v -0.00609328 -0.01070336 0.06544395
v -0.00638606 -0.00919567 0.00584534
v -0.00609328 -0.01070337 0.00693529
v -0.00113270 0.00940674 0.06465701
v -0.00351564 0.00936842 0.06362419
v -0.00113270 0.00940674 0.03264104
v -0.00624991 0.00929534 0.03264104
v -0.00618112 0.00929820 0.04580633
v -0.00113270 0.00940674 0.04580633
v -0.02002123 -0.00044301 0.06677073
v -0.02005146 0.00000568 0.06676907
v -0.02005408 -0.00001264 0.06959355
v -0.02002504 -0.00044919 0.06959498
v -0.02067463 -0.00788102 0.06948382
v -0.01959230 -0.00933253 0.06826510
v -0.01863660 -0.00946274 0.06781665
v -0.01601444 -0.00978575 0.06703876
v 0.01890171 -0.00059701 0.06991204
v 0.02203301 -0.00050227 0.06995560
v 0.02203301 0.00659155 0.06995560
v 0.01891361 -0.00006787 0.06991156
v -0.01945067 -0.00279833 0.06967662
v -0.01998576 -0.00103808 0.06959665
v -0.01808127 -0.00410393 0.06977636
v -0.02411918 -0.00865605 0.06781617
v -0.01610656 -0.00975242 0.06190823
v -0.00871211 -0.01048866 0.06190823
v -0.01965204 -0.00933658 0.04580634
v -0.01610656 -0.00975290 0.05030418
v -0.02242582 -0.00894883 0.05610620
v -0.00379413 -0.01178355 0.05610621
v -0.00923459 -0.01141388 0.06110011
v -0.00923459 -0.01046366 0.06110011
v -0.00379413 -0.01080738 0.05610621
v 0.00633816 0.00563370 0.03961870
v 0.01425438 0.00525452 0.03961870
v 0.01659018 0.00841058 0.03961870
v 0.00633816 0.00918133 0.03961870
v -0.01558384 -0.01072764 0.05111206
v -0.01558384 -0.00982764 0.05111206
v -0.02102429 -0.00915282 0.05610621
v -0.02102429 -0.00999807 0.05610621
v -0.00923459 -0.01046580 0.05111206
v -0.00923459 -0.01141627 0.05111206
v 0.01861821 -0.00594130 0.03961870
v 0.01425438 -0.00637261 0.03961870
v 0.02317033 -0.00042515 0.04622599
v 0.00633816 -0.01053317 0.03961870
v 0.00633816 -0.00697650 0.03961870
v 0.00633816 -0.01053317 0.03276054
v 0.01425438 -0.00637262 0.01957358
v 0.01861821 -0.00594130 0.01957358
v 0.02185378 -0.00866581 0.01957358
v 0.02317033 -0.00042516 0.01957358
v 0.01970959 -0.00057060 0.01957358
v 0.01970959 0.00408983 0.01957358
v 0.02317033 0.00645181 0.01957358
v 0.01861821 -0.00594130 0.04622599
v 0.01970959 -0.00499322 0.04622599
v -0.02009526 -0.00092598 0.00278807
v -0.02167959 -0.00776153 0.00243625
v -0.02398231 -0.00743257 0.00234271
v -0.02398231 -0.00055965 0.00234271
v 0.01970959 -0.00499346 0.03961870
v -0.02543573 -0.00050181 0.00350835
v -0.02543573 0.00644467 0.00350835
v -0.02398231 0.00662724 0.00234271
v 0.01970959 -0.00054822 0.04622599
v 0.01970959 0.00408840 0.04622599
v 0.02317033 0.00645182 0.04622598
v 0.01462737 -0.00831496 0.00417936
v 0.00890723 -0.00886600 0.00522170
v 0.00412066 -0.00919591 0.00013163
v 0.00937402 -0.00882696 0.00057128
v -0.00113270 -0.00934087 0.00000000
v 0.01828283 -0.00920234 0.00366592
v 0.01941419 -0.00776153 0.00243625
v 0.02189853 -0.00740163 0.00238912
v 0.02065291 -0.00885029 0.00360166
v -0.00113270 -0.01085237 0.03264104
v 0.01637119 -0.00946275 0.00456259
v 0.01374904 -0.00978575 0.00534048
v 0.00834786 -0.01036036 0.00633831
v 0.02185378 -0.00865606 0.00456307
v 0.02317033 -0.00715765 0.00350835
v 0.02317033 -0.00716812 0.01296630
v 0.02185378 -0.00866558 0.01296630
v 0.01861821 -0.00594130 0.01296630
v 0.01970959 -0.00499322 0.01296630
v -0.02543573 -0.00036065 0.01368301
v -0.02543573 -0.00042468 0.01945409
v -0.02543573 0.00645181 0.01945409
v -0.02543573 0.00644705 0.01368301
v 0.01648331 -0.00945560 0.01296630
v 0.01416583 -0.00638071 0.01296630
v 0.00633816 -0.00697627 0.01296630
v 0.00633816 -0.01053293 0.01296630
v 0.00633816 -0.00697650 0.01957358
v 0.01970959 -0.00499346 0.01957358
v 0.02317033 -0.00716836 0.01957358
v -0.00113270 -0.01085237 0.01368301
v -0.00113270 -0.01085237 0.01945409
v -0.00839148 -0.01053127 0.01945409
v -0.00836006 -0.01053317 0.01368301
v 0.01659018 0.00841058 0.03276053
v 0.02185378 0.00786192 0.03961870
v 0.02185378 0.00786192 0.03276053
v 0.02185378 -0.00866557 0.02615325
v 0.02317033 -0.00716812 0.02615325
v -0.01689278 0.00721328 0.00190830
v -0.01163942 0.00755390 0.00057128
v -0.01322257 0.00310366 0.00091309
v -0.01582568 0.00397533 0.00162766
v -0.01168822 -0.00170934 0.00070267
v -0.01169345 -0.00177575 0.00454450
v -0.01167560 -0.00065081 0.00454450
v -0.01167251 -0.00061701 0.00070624
v -0.00638606 -0.00919591 0.00013163
v -0.01819671 0.00327766 0.00260407
v -0.01966942 0.00700476 0.00335458
v -0.02010882 -0.00049395 0.00662847
v -0.02010454 -0.00084957 0.00663037
v -0.02009716 -0.00047491 0.00278426
v -0.02067463 0.00692550 0.00289542
v -0.02167959 0.00684599 0.00243625
v -0.02054823 0.00824062 0.00366592
v -0.01959230 0.00833250 0.00411414
v -0.01163942 0.00755391 0.07180796
v -0.00638606 0.00779908 0.07224760
v -0.01117264 0.00757985 0.06715754
v 0.00412066 0.00779884 0.06653389
v -0.00113270 0.00789548 0.07237924
v 0.00412066 0.00779908 0.07224760
v -0.02411918 -0.00866582 0.01368301
v -0.02411918 -0.00866581 0.01945409
v -0.02543573 -0.00716836 0.01945409
v -0.02543573 -0.00716836 0.01368301
v -0.01966323 -0.00933516 0.01368301
v -0.01973464 -0.00932588 0.01945409
v -0.01611561 -0.00977861 0.01368301
v -0.01621748 -0.00976671 0.01945409
v 0.01416583 -0.00638071 0.02615325
v 0.00633816 -0.00697626 0.02615325
v 0.01425438 -0.00637262 0.03276054
v 0.01861821 -0.00594130 0.03276054
v 0.02317033 0.00645182 0.02615325
v 0.02317033 -0.00042516 0.02615325
v 0.00633816 -0.00697650 0.03276054
v 0.01861821 -0.00594130 0.02615325
v 0.01861821 0.00498340 0.03276053
v 0.01425438 0.00525452 0.03276053
v 0.01970959 -0.00499322 0.02615325
v 0.01892313 -0.00062534 0.07019411
v 0.01889124 -0.00112401 0.07019411
v 0.01888981 -0.00112616 0.06991228
v 0.01970959 -0.00499346 0.03276053
v -0.01973464 -0.00932587 0.03264104
v 0.02317033 -0.00042516 0.03276053
v 0.02317033 -0.00042516 0.03961870
v -0.01610656 -0.01064647 0.06190823
v -0.00871211 -0.01144102 0.06190823
v -0.01610656 -0.01064695 0.05030418
v -0.02242582 -0.00977694 0.05610621
v -0.01240921 -0.01016136 0.05610621
v -0.01558384 -0.00982598 0.06110011
v -0.01558384 -0.01072597 0.06110011
v -0.00239284 -0.01182068 0.05610621
v -0.02242582 0.00889022 0.05610620
v -0.02242582 0.00806210 0.05610620
v -0.01610656 0.00864719 0.06190822
v -0.01610656 0.00954076 0.06190822
v -0.00871211 -0.01144150 0.05030418
v 0.01351434 -0.00483469 0.07015912
v 0.01118210 -0.00346672 0.07019411
v 0.01036589 -0.00156032 0.07019411
v 0.01802694 -0.00333818 0.07019411
v 0.01275835 -0.00230298 0.07019411
v 0.01275764 -0.00228918 0.06848694
v 0.01216494 -0.00119328 0.06848694
v 0.01216494 -0.00119328 0.07019411
v 0.01256483 0.00103993 0.07019411
v 0.01256483 0.00103827 0.06848694
v 0.01382640 0.00192684 0.06848694
v 0.01382568 0.00192993 0.07019411
v -0.02543573 0.00645206 0.05610620
v -0.02411918 0.00786192 0.05610620
v -0.02411918 0.00786192 0.04580633
v -0.02543573 0.00645182 0.04580633
v 0.02317033 0.00645182 0.03276053
v 0.02317033 0.00645182 0.03961870
v 0.01462737 0.00721328 0.07047094
v 0.01347411 0.00382086 0.07068088
v 0.01611579 0.00364519 0.07019411
v 0.01740401 0.00700477 0.06902466
v -0.00113270 -0.00934086 0.07237924
v 0.00937402 0.00755391 0.07180796
v 0.00890723 0.00757985 0.06715754
v 0.01462737 0.00721376 0.06819988
v 0.01102524 0.00227175 0.07135046
v 0.01828283 0.00824063 0.06871331
v 0.01941419 0.00684600 0.06994298
v 0.02078002 0.00797784 0.06874568
v 0.00382788 0.00930154 0.06544395
v 0.00633816 0.00917990 0.05941270
v 0.00222997 0.00936842 0.06134480
v 0.00125856 0.00936842 0.06369251
v 0.01659018 0.00841058 0.01957358
v 0.02185378 0.00786191 0.01957358
v 0.01861821 0.00498340 0.01957358
v 0.01425438 0.00525475 0.01957358
v 0.01637119 0.00842463 0.06781665
v 0.01819404 0.00208013 0.06970733
v 0.01374904 0.00865266 0.06703876
v 0.00834786 0.00905922 0.06604093
v 0.00633816 0.00918109 0.02615325
v 0.01648331 0.00842010 0.02615325
v 0.00633816 0.00918132 0.01957358
v 0.01020022 -0.00033565 0.07155374
v 0.01861821 0.00498959 0.05941270
v 0.02185378 0.00786097 0.05941270
v 0.02317033 0.00645563 0.05941270
v 0.01970959 0.00409745 0.05941270
v 0.00633816 0.00918133 0.05610906
v 0.00633816 0.00563656 0.05610906
v 0.00633816 0.00563370 0.05280542
v 0.00633816 0.00918133 0.05280542
v 0.01648331 0.00841963 0.05941270
v 0.01416583 0.00526642 0.05941270
v 0.00633816 0.00564275 0.05941270
v 0.01425438 0.00525452 0.05280542
v 0.01659018 0.00841058 0.05280542
v 0.01861821 0.00498340 0.05280542
v 0.01970959 0.00408840 0.05280542
v 0.02317033 0.00645182 0.05280542
v 0.02185378 0.00786192 0.05280542
v 0.01648331 0.00842010 0.04622598
v 0.00633816 0.00918109 0.04622598
v 0.02185378 0.00785478 0.06781617
v 0.02185378 0.00786192 0.04622598
v -0.00113270 0.00940674 0.05610620
v -0.00113270 0.00940674 0.05173523
v -0.01582544 0.00397534 0.07075276
v -0.01322376 0.00310462 0.07146782
v -0.01689278 0.00721328 0.07047094
v -0.02411918 0.00786192 0.03264104
v -0.02543573 0.00645182 0.03264104
v -0.02411918 0.00785477 0.00456307
v -0.02274669 0.00801092 0.00355881
v -0.00379413 0.00937509 0.05610620
v -0.01240921 0.00891878 0.05610620
v -0.00923459 0.00913991 0.06110011
v -0.01689278 0.00721376 0.06819988
v -0.01966942 0.00700477 0.06902466
v -0.02432984 0.00660964 0.07009842
v -0.02167959 0.00684600 0.06994298
v -0.02054823 0.00824063 0.06871331
v -0.02308565 0.00799450 0.06888541
v -0.01162966 0.00082737 0.07168038
v 0.00125856 0.00778146 0.06369251
v 0.00222997 0.00778146 0.06134480
v 0.00164179 0.00779694 0.06134361
v 0.00081392 0.00779694 0.06329904
v -0.01061327 0.00905922 0.06604093
v -0.02067463 0.00692550 0.06948382
v -0.01863660 0.00842463 0.06781665
v -0.01959230 0.00833251 0.06826510
v -0.01601444 0.00865266 0.06703876
v -0.01970655 0.00160859 0.06967662
v -0.01819505 0.00327862 0.06977517
v -0.02411918 0.00785478 0.06781617
v -0.00871211 0.00917228 0.06190822
v -0.00624991 0.00929534 0.01945409
v -0.01621748 0.00863980 0.01945409
v -0.01621748 0.00863980 0.03264104
v -0.01965204 0.00833608 0.04580633
v -0.01610656 0.00863005 0.05030418
v -0.01609966 0.00864956 0.04580633
v -0.01610656 0.00952409 0.05030418
v -0.00923459 0.00913372 0.05111206
v -0.00923459 0.01008466 0.05111206
v -0.01558384 0.00958289 0.05111206
v -0.01558384 0.00868289 0.05111206
v -0.00871211 0.01012441 0.06190822
v -0.00923459 0.01008847 0.06110011
v -0.01558384 0.00958622 0.06110011
v 0.01416583 0.00525952 0.04622599
v 0.00633816 0.00563370 0.04622599
v -0.00113270 0.00029347 0.07237924
v 0.01861821 0.00498340 0.03961870
v 0.01861821 0.00498316 0.04622599
v 0.01970959 0.00408840 0.03961870
v 0.00412066 -0.00083695 0.00013163
v 0.00937402 -0.00077959 0.00057128
v -0.00618802 0.00928534 0.01368301
v -0.01061327 0.00905921 0.00633830
v -0.01601444 0.00865265 0.00534048
v -0.01611561 0.00864028 0.01368301
v 0.01648331 0.00841772 0.01296630
v 0.00633816 0.00917704 0.01296630
v 0.00633816 0.00563751 0.01296630
v 0.01416583 0.00526261 0.01296630
v -0.01167179 -0.00061939 0.07167704
v -0.01168298 -0.00041896 0.06884875
v -0.01171607 -0.00175980 0.06884685
v -0.02543573 -0.00039754 0.05610620
v -0.02543573 -0.00041301 0.04580634
v 0.01462737 0.00721328 0.00190830
v 0.01462737 0.00721375 0.00417936
v 0.01740401 0.00700476 0.00335458
v 0.00412066 0.00779883 0.00584534
v 0.00890723 0.00757984 0.00522170
v 0.00937402 0.00755390 0.00057128
v 0.00412066 0.00779907 0.00013163
v -0.00113270 0.00789547 -0.00000000
v -0.00113270 0.00789548 0.00601054
v 0.02189853 0.00660677 0.00238912
v 0.01941419 0.00684599 0.00243625
v 0.01828283 0.00824062 0.00366592
v 0.02065291 0.00799188 0.00360166
v -0.00113270 0.00940674 0.00709334
v 0.00382788 0.00930153 0.00693529
v 0.01637119 0.00842462 0.00456259
v 0.00834786 0.00905921 0.00633830
v 0.01374904 0.00865265 0.00534048
v 0.02317033 0.00645324 0.01296630
v 0.02317033 0.00644467 0.00350835
v 0.02185378 0.00785477 0.00456307
v 0.02185378 0.00785882 0.01296630
v 0.00633816 0.00563370 0.02615325
v 0.01416583 0.00525951 0.02615325
v 0.01861821 0.00498602 0.01296630
v 0.01970959 0.00409387 0.01296630
v 0.01970959 -0.00055417 0.03961870
v 0.00116026 0.00945530 0.01597597
v -0.00113270 0.00940674 0.01945409
v 0.00633816 0.00563370 0.01957358
v -0.00609328 0.00930153 0.00693529
v -0.00342566 0.00945530 0.01139029
v 0.02185378 0.00786191 0.02615325
v 0.00210976 0.00942126 0.01368301
v -0.01945781 -0.00279714 0.00270261
v -0.01808508 -0.00410156 0.00260335
v -0.01966942 -0.00800052 0.00335458
v -0.02067463 -0.00788103 0.00289542
v -0.01970679 0.00160834 0.00270261
v -0.01689278 0.00721375 0.00417936
v -0.01863660 0.00842462 0.00456259
v -0.00638606 0.00779907 0.00013163
v -0.00638606 0.00779883 0.00584534
v -0.01165227 0.00082522 0.00454474
v -0.01165203 0.00081641 0.00071076
v -0.01117264 0.00757984 0.00522170
v -0.02543573 -0.00715765 0.00350835
v -0.02274669 -0.00887719 0.00355881
v -0.02411918 -0.00865606 0.00456307
v -0.01959230 -0.00933254 0.00411414
v -0.01863660 -0.00946275 0.00456259
v -0.02054823 -0.00920234 0.00366592
v -0.02543573 -0.00040921 0.03264104
v -0.00342566 0.00945530 0.01597597
v -0.00437517 0.00942126 0.01368301
v -0.02411918 0.00786191 0.01945409
v -0.02411918 0.00785334 0.01368301
v -0.01966323 0.00832774 0.01368301
v -0.01973464 0.00832846 0.01945409
v 0.01861821 0.00498316 0.02615325
v 0.00164179 0.00890783 0.06134361
v 0.00081392 0.00890783 0.06329904
v 0.00633816 0.00918132 0.03276053
v 0.00633816 0.00563370 0.03276053
v 0.01970959 0.00408840 0.02615325
v 0.01970959 0.00408840 0.03276053
v -0.01973464 0.00832846 0.03264104
v 0.00133212 0.00936842 0.05898615
v -0.00379413 0.01035268 0.05610620
v -0.00871211 0.00915038 0.05030418
v -0.02102429 0.00905136 0.05610620
v -0.01558384 0.00868813 0.06110011
v -0.00239284 0.00939960 0.05610620
v -0.00239284 0.01037982 0.05610620
v -0.00871211 0.01010322 0.05030418
v -0.02102429 0.00820635 0.05610620
v -0.00347850 0.00936842 0.05894401
v -0.00113270 0.00940674 0.05798713
v 0.01347554 0.00381943 0.07019411
v 0.01038851 0.00021372 0.07019411
v 0.01102667 0.00227008 0.07019411
v 0.01819475 0.00208108 0.07019411
v 0.01666992 0.00082166 0.07019411
v 0.01666992 0.00082142 0.06848694
v 0.01680798 -0.00021664 0.06848694
v 0.01679846 -0.00016832 0.07019411
v 0.01895122 -0.00018617 0.07019411
v 0.01547381 0.00182996 0.07019411
v 0.01547381 0.00182687 0.06848694
v 0.01651568 -0.00209066 0.07019411
v 0.01677180 -0.00109235 0.07019411
v 0.01677942 -0.00105974 0.06848694
v 0.01651568 -0.00207971 0.06848694
v -0.00113270 0.00948219 0.01044054
v 0.00116026 0.00945530 0.01139029
v 0.01678513 -0.00063034 0.07019411
v -0.00449847 0.00936842 0.06128268
v -0.01689278 -0.00831496 0.00417936
v -0.01601444 -0.00978575 0.00534048
v -0.01577165 -0.00472711 0.00162623
v -0.01689278 -0.00831424 0.00190830
v -0.01163942 -0.00882696 0.00057128
v -0.01117264 -0.00886600 0.00522170
v 0.02317033 -0.00050657 0.00350835
v 0.02189853 -0.00055013 0.00238912
v -0.00449847 0.00778146 0.06128268
v -0.00347850 0.00778146 0.05894401
v -0.00390720 0.00779694 0.06130029
v -0.00307933 0.00779694 0.05934486
v -0.00113270 0.00948220 0.01692572
v 0.02317033 0.00644468 0.06887089
v 0.02317033 -0.00715764 0.06887089
v -0.00390720 0.00890783 0.06130029
v -0.00307933 0.00890783 0.05934486
v -0.01345513 -0.00401944 0.00091285
v -0.00113270 -0.00088051 0.00000000
v -0.00113270 0.00892616 0.06132195
v -0.00111104 0.00779694 0.05854745
v -0.00111104 0.00890783 0.05854745
v -0.02543573 0.00644468 0.06887089
v -0.02543573 -0.00715764 0.06887089
v 0.00133212 0.00778146 0.05898615
v -0.00113270 0.00781574 0.06465701
v -0.00351564 0.00778146 0.06362419
v -0.00113270 0.00781574 0.05798713
v -0.00310979 0.00779694 0.06326857
v 0.00084439 0.00779694 0.05937557
v -0.00115436 0.00779694 0.06409645
v -0.00115436 0.00890783 0.06409645
v 0.00084439 0.00890783 0.05937557
v -0.00310979 0.00890783 0.06326857
v -0.00305624 0.00763245 0.01560654
v -0.00113270 0.00764816 0.01640347
v -0.00113270 0.00874120 0.01640347
v -0.00305624 0.00872526 0.01560654
v -0.00342566 0.00762864 0.01139029
v -0.00113270 0.00764816 0.01044054
v -0.00437517 0.00759841 0.01368301
v -0.00342566 0.00762864 0.01597597
v -0.00113270 0.00764816 0.01692572
v 0.00116026 0.00762864 0.01139029
v 0.00210976 0.00759841 0.01368301
v 0.00116026 0.00762864 0.01597597
v -0.00385293 0.00760889 0.01368301
v -0.00305624 0.00763245 0.01175948
v -0.00113270 0.00764816 0.01096278
v 0.00158752 0.00760889 0.01368301
v 0.00079083 0.00763245 0.01560654
v 0.00079083 0.00763245 0.01175948
v 0.00079083 0.00872525 0.01175948
v 0.00158752 0.00869955 0.01368301
v 0.00079083 0.00872526 0.01560654
v -0.00385293 0.00869955 0.01368301
v -0.00305624 0.00872525 0.01175948
v -0.00113270 0.00874120 0.01096278
v -0.00113270 0.00874120 0.01368301
v -0.01061327 -0.01036036 0.00633831
v -0.02009978 0.00013517 0.00277902
v 0.01970959 -0.00054251 0.02615325
v -0.00113270 -0.00183620 0.07237924
v 0.01941419 -0.00061963 0.00243625
v 0.01970959 -0.00055060 0.01296630
v 0.02317033 -0.00042444 0.01296630
v -0.02543573 -0.00050370 0.06887089
v -0.02432984 -0.00054107 0.07009842
v -0.00113270 -0.00090693 0.07237924
v 0.01021046 -0.00077363 0.07155184
v -0.01321900 0.00310104 0.00475135
v 0.01037660 -0.00072602 0.07019411
v -0.02011477 -0.00001289 0.00662585
v -0.01970465 0.00161215 0.00654206
v -0.01582544 0.00397533 0.00546735
v -0.01808651 -0.00410060 0.06694950
v -0.01945685 -0.00278928 0.06685143
v -0.01577165 -0.00472710 0.06792805
v -0.01344775 -0.00401467 0.06863833
v -0.01582568 0.00397534 0.06792590
v -0.01321971 0.00310152 0.06864261
v -0.01808651 -0.00410061 0.00644256
v -0.01577165 -0.00472711 0.00546568
v -0.01344608 -0.00401373 0.00475063
v -0.01970512 0.00161145 0.06685167
v -0.01819695 0.00327743 0.06695021
v -0.01819695 0.00327742 0.00644614
v -0.01998029 -0.00104856 0.06677288
v -0.01945733 -0.00278858 0.00653992
v -0.01164989 0.00092163 0.06885090
v 0.02317033 -0.00051251 0.06887089
v 0.01167578 -0.00072412 0.07019411
v 0.01167578 -0.00025472 0.07019411
v 0.01413584 -0.00336437 0.07019411
v 0.01413655 -0.00288688 0.07019411
v 0.01167578 -0.00072412 0.06848694
v 0.01167578 -0.00025472 0.06848694
v 0.01216494 -0.00025472 0.06848694
v 0.01216494 -0.00025472 0.07019411
v 0.01413726 -0.00336437 0.06848694
v 0.01413798 -0.00288688 0.06848694
v 0.01679370 -0.00063819 0.06848694
v 0.01970959 -0.00055417 0.03276053
v 0.01167578 -0.00119328 0.07019411
v 0.01489802 -0.00288688 0.07019411
v 0.01489825 -0.00288688 0.06848694
v 0.01489825 -0.00336437 0.06848694
v 0.01489802 -0.00336437 0.07019411
v 0.01167578 -0.00119328 0.06848694
f 4 1 2
f 2 3 4
f 8 5 6
f 6 7 8
f 12 9 10
f 10 11 12
f 16 13 14
f 14 15 16
f 18 17 13
f 13 16 18
f 3 2 9
f 9 12 3
f 22 19 20
f 20 21 22
f 26 23 24
f 24 25 26
f 15 14 27
f 27 28 15
f 11 10 8
f 8 7 11
f 32 29 30
f 30 31 32
f 34 23 26
f 26 33 34
f 38 35 36
f 36 37 38
f 42 39 40
f 40 41 42
f 39 25 24
f 24 40 39
f 38 32 31
f 31 35 38
f 1 29 32
f 32 2 1
f 33 26 5
f 5 8 33
f 19 42 41
f 41 20 19
f 33 37 36
f 36 34 33
f 9 38 37
f 37 10 9
f 2 32 38
f 38 9 2
f 39 42 14
f 14 13 39
f 10 37 33
f 33 8 10
f 26 25 17
f 17 5 26
f 17 25 39
f 39 13 17
f 27 19 22
f 22 43 27
f 14 42 19
f 19 27 14
f 28 27 43
f 43 44 28
f 5 17 18
f 18 6 5
f 46 1 4
f 4 45 46
f 50 47 48
f 48 49 50
f 54 51 52
f 52 53 54
f 58 55 56
f 56 57 58
f 55 59 60
f 60 56 55
f 51 46 45
f 45 52 51
f 62 61 22
f 22 21 62
f 66 63 64
f 64 65 66
f 68 58 57
f 57 67 68
f 48 54 53
f 53 49 48
f 30 29 69
f 69 70 30
f 64 63 71
f 71 72 64
f 76 73 74
f 74 75 76
f 80 77 78
f 78 79 80
f 66 65 77
f 77 80 66
f 70 69 74
f 74 73 70
f 69 29 1
f 1 46 69
f 47 64 72
f 72 48 47
f 79 78 61
f 61 62 79
f 76 75 72
f 72 71 76
f 75 74 51
f 51 54 75
f 74 69 46
f 46 51 74
f 58 78 77
f 77 55 58
f 72 75 54
f 54 48 72
f 59 65 64
f 64 47 59
f 77 65 59
f 59 55 77
f 22 61 68
f 68 43 22
f 61 78 58
f 58 68 61
f 43 68 67
f 67 44 43
f 60 59 47
f 47 50 60
f 84 81 82
f 82 83 84
f 88 85 86
f 86 87 88
f 92 89 90
f 90 91 92
f 96 93 94
f 94 95 96
f 98 97 93
f 93 96 98
f 83 82 89
f 89 92 83
f 102 99 100
f 100 101 102
f 106 103 104
f 104 105 106
f 95 94 107
f 107 108 95
f 91 90 88
f 88 87 91
f 112 109 110
f 110 111 112
f 114 103 106
f 106 113 114
f 118 115 116
f 116 117 118
f 122 119 120
f 120 121 122
f 119 105 104
f 104 120 119
f 118 112 111
f 111 115 118
f 81 109 112
f 112 82 81
f 113 106 85
f 85 88 113
f 99 122 121
f 121 100 99
f 113 117 116
f 116 114 113
f 89 118 117
f 117 90 89
f 82 112 118
f 118 89 82
f 119 122 94
f 94 93 119
f 90 117 113
f 113 88 90
f 106 105 97
f 97 85 106
f 97 105 119
f 119 93 97
f 107 99 102
f 102 123 107
f 94 122 99
f 99 107 94
f 108 107 123
f 123 124 108
f 85 97 98
f 98 86 85
f 126 81 84
f 84 125 126
f 130 127 128
f 128 129 130
f 134 131 132
f 132 133 134
f 138 135 136
f 136 137 138
f 135 139 140
f 140 136 135
f 131 126 125
f 125 132 131
f 142 141 102
f 102 101 142
f 146 143 144
f 144 145 146
f 148 138 137
f 137 147 148
f 128 134 133
f 133 129 128
f 110 109 149
f 149 150 110
f 144 143 151
f 151 152 144
f 156 153 154
f 154 155 156
f 160 157 158
f 158 159 160
f 146 145 157
f 157 160 146
f 150 149 154
f 154 153 150
f 149 109 81
f 81 126 149
f 127 144 152
f 152 128 127
f 159 158 141
f 141 142 159
f 156 155 152
f 152 151 156
f 155 154 131
f 131 134 155
f 154 149 126
f 126 131 154
f 138 158 157
f 157 135 138
f 152 155 134
f 134 128 152
f 139 145 144
f 144 127 139
f 157 145 139
f 139 135 157
f 102 141 148
f 148 123 102
f 141 158 138
f 138 148 141
f 123 148 147
f 147 124 123
f 140 139 127
f 127 130 140
f 164 161 162
f 162 163 164
f 168 165 166
f 166 167 168
f 172 169 170
f 170 171 172
f 176 173 174
f 174 175 176
f 178 177 173
f 173 176 178
f 163 162 169
f 169 172 163
f 182 179 180
f 180 181 182
f 186 183 184
f 184 185 186
f 175 174 187
f 187 188 175
f 171 170 168
f 168 167 171
f 192 189 190
f 190 191 192
f 194 183 186
f 186 193 194
f 198 195 196
f 196 197 198
f 202 199 200
f 200 201 202
f 199 185 184
f 184 200 199
f 198 192 191
f 191 195 198
f 161 189 192
f 192 162 161
f 193 186 165
f 165 168 193
f 179 202 201
f 201 180 179
f 193 197 196
f 196 194 193
f 169 198 197
f 197 170 169
f 162 192 198
f 198 169 162
f 199 202 174
f 174 173 199
f 170 197 193
f 193 168 170
f 186 185 177
f 177 165 186
f 177 185 199
f 199 173 177
f 187 179 182
f 182 203 187
f 174 202 179
f 179 187 174
f 188 187 203
f 203 204 188
f 165 177 178
f 178 166 165
f 206 161 164
f 164 205 206
f 210 207 208
f 208 209 210
f 214 211 212
f 212 213 214
f 218 215 216
f 216 217 218
f 215 219 220
f 220 216 215
f 211 206 205
f 205 212 211
f 222 221 182
f 182 181 222
f 226 223 224
f 224 225 226
f 228 218 217
f 217 227 228
f 208 214 213
f 213 209 208
f 190 189 229
f 229 230 190
f 224 223 231
f 231 232 224
f 236 233 234
f 234 235 236
f 240 237 238
f 238 239 240
f 226 225 237
f 237 240 226
f 230 229 234
f 234 233 230
f 229 189 161
f 161 206 229
f 207 224 232
f 232 208 207
f 239 238 221
f 221 222 239
f 236 235 232
f 232 231 236
f 235 234 211
f 211 214 235
f 234 229 206
f 206 211 234
f 218 238 237
f 237 215 218
f 232 235 214
f 214 208 232
f 219 225 224
f 224 207 219
f 237 225 219
f 219 215 237
f 182 221 228
f 228 203 182
f 221 238 218
f 218 228 221
f 203 228 227
f 227 204 203
f 220 219 207
f 207 210 220
f 244 241 242
f 242 243 244
f 248 245 246
f 246 247 248
f 252 249 250
f 250 251 252
f 256 253 254
f 254 255 256
f 258 257 253
f 253 256 258
f 243 242 249
f 249 252 243
f 262 259 260
f 260 261 262
f 266 263 264
f 264 265 266
f 255 254 267
f 267 268 255
f 251 250 248
f 248 247 251
f 272 269 270
f 270 271 272
f 274 263 266
f 266 273 274
f 278 275 276
f 276 277 278
f 282 279 280
f 280 281 282
f 279 265 264
f 264 280 279
f 278 272 271
f 271 275 278
f 241 269 272
f 272 242 241
f 273 266 245
f 245 248 273
f 259 282 281
f 281 260 259
f 273 277 276
f 276 274 273
f 249 278 277
f 277 250 249
f 242 272 278
f 278 249 242
f 279 282 254
f 254 253 279
f 250 277 273
f 273 248 250
f 266 265 257
f 257 245 266
f 257 265 279
f 279 253 257
f 267 259 262
f 262 283 267
f 254 282 259
f 259 267 254
f 268 267 283
f 283 284 268
f 245 257 258
f 258 246 245
f 286 241 244
f 244 285 286
f 290 287 288
f 288 289 290
f 294 291 292
f 292 293 294
f 298 295 296
f 296 297 298
f 295 299 300
f 300 296 295
f 291 286 285
f 285 292 291
f 302 301 262
f 262 261 302
f 306 303 304
f 304 305 306
f 308 298 297
f 297 307 308
f 288 294 293
f 293 289 288
f 270 269 309
f 309 310 270
f 304 303 311
f 311 312 304
f 316 313 314
f 314 315 316
f 320 317 318
f 318 319 320
f 306 305 317
f 317 320 306
f 310 309 314
f 314 313 310
f 309 269 241
f 241 286 309
f 287 304 312
f 312 288 287
f 319 318 301
f 301 302 319
f 316 315 312
f 312 311 316
f 315 314 291
f 291 294 315
f 314 309 286
f 286 291 314
f 298 318 317
f 317 295 298
f 312 315 294
f 294 288 312
f 299 305 304
f 304 287 299
f 317 305 299
f 299 295 317
f 262 301 308
f 308 283 262
f 301 318 298
f 298 308 301
f 283 308 307
f 307 284 283
f 300 299 287
f 287 290 300
f 324 321 322
f 322 323 324
f 328 325 326
f 326 327 328
f 324 329 330
f 330 321 324
f 322 331 332
f 332 328 322
f 322 321 333
f 333 331 322
f 325 328 332
f 332 334 325
f 338 335 336
f 336 337 338
f 323 322 328
f 328 327 323
f 333 339 335
f 335 338 333
f 343 340 341
f 341 342 343
f 337 344 345
f 345 338 337
f 349 346 347
f 347 348 349
f 332 331 345
f 345 349 332
f 331 333 338
f 338 345 331
f 349 348 334
f 334 332 349
f 342 341 329
f 329 324 342
f 349 345 344
f 344 346 349
f 351 350 340
f 340 343 351
f 324 323 352
f 352 342 324
f 354 327 326
f 326 353 354
f 356 355 352
f 352 354 356
f 355 343 342
f 342 352 355
f 354 353 357
f 357 356 354
f 337 336 350
f 350 351 337
f 354 352 323
f 323 327 354
f 337 351 358
f 358 344 337
f 359 348 347
f 360 359 347
f 347 346 360
f 360 358 355
f 355 356 360
f 358 351 343
f 343 355 358
f 359 360 356
f 356 357 359
f 346 344 358
f 358 360 346
f 357 334 348
f 348 359 357
f 325 353 326
f 325 334 357
f 357 353 325
f 364 361 362
f 362 363 364
f 368 365 366
f 366 367 368
f 370 369 364
f 364 363 370
f 372 362 366
f 366 371 372
f 373 363 362
f 362 372 373
f 371 366 365
f 365 374 371
f 378 375 376
f 376 377 378
f 361 367 366
f 366 362 361
f 378 377 379
f 379 373 378
f 383 380 381
f 381 382 383
f 385 384 375
f 375 378 385
f 389 386 387
f 387 388 389
f 387 385 372
f 372 371 387
f 385 378 373
f 373 372 385
f 374 388 387
f 387 371 374
f 383 364 369
f 369 380 383
f 387 386 384
f 384 385 387
f 381 390 391
f 391 382 381
f 392 361 364
f 364 383 392
f 368 367 393
f 393 394 368
f 393 392 395
f 395 396 393
f 392 383 382
f 382 395 392
f 397 394 393
f 393 396 397
f 390 376 375
f 375 391 390
f 393 367 361
f 361 392 393
f 375 384 398
f 398 391 375
f 399 389 388
f 389 399 400
f 400 386 389
f 395 398 400
f 400 396 395
f 382 391 398
f 398 395 382
f 396 400 399
f 399 397 396
f 398 384 386
f 386 400 398
f 388 374 397
f 397 399 388
f 365 368 394
f 397 374 365
f 365 394 397
f 321 330 339
f 339 333 321
f 379 370 363
f 363 373 379
f 404 401 402
f 402 403 404
f 408 405 406
f 406 407 408
f 410 409 401
f 401 404 410
f 412 411 405
f 405 408 412
f 414 413 409
f 409 410 414
f 416 415 411
f 411 412 416
f 418 417 413
f 413 414 418
f 420 419 415
f 415 416 420
f 422 421 417
f 417 418 422
f 424 423 419
f 419 420 424
f 426 425 421
f 421 422 426
f 428 427 423
f 423 424 428
f 430 429 425
f 425 426 430
f 403 402 427
f 427 428 403
f 434 431 432
f 432 433 434
f 438 435 436
f 436 437 438
f 441 437 439
f 439 440 441
f 445 442 443
f 443 444 445
f 402 401 446
f 446 447 402
f 406 405 448
f 448 449 406
f 401 409 450
f 450 446 401
f 405 411 451
f 451 448 405
f 409 413 452
f 452 450 409
f 411 415 453
f 453 451 411
f 413 417 454
f 454 452 413
f 415 419 455
f 455 453 415
f 417 421 456
f 456 454 417
f 419 423 457
f 457 455 419
f 421 425 458
f 458 456 421
f 423 427 459
f 459 457 423
f 425 429 460
f 460 458 425
f 427 402 447
f 447 459 427
f 462 406 449
f 449 461 462
f 429 462 461
f 461 460 429
f 435 463 464
f 464 465 435
f 468 433 466
f 466 467 468
f 420 469 470
f 470 424 420
f 418 464 471
f 471 422 418
f 474 472 473
f 473 430 474
f 478 475 476
f 476 477 478
f 477 476 463
f 463 479 477
f 483 480 481
f 481 482 483
f 484 434 433
f 433 468 484
f 486 483 482
f 482 485 486
f 488 487 483
f 483 486 488
f 485 482 434
f 434 484 485
f 490 477 479
f 479 489 490
f 491 478 477
f 477 490 491
f 489 479 438
f 438 492 489
f 494 493 478
f 478 491 494
f 496 495 487
f 487 488 496
f 498 497 493
f 493 494 498
f 500 499 495
f 495 496 500
f 440 439 499
f 499 500 440
f 467 466 497
f 497 498 467
f 492 438 437
f 437 441 492
f 466 501 502
f 502 497 466
f 439 503 504
f 504 499 439
f 499 504 505
f 505 495 499
f 497 502 506
f 506 493 497
f 495 505 507
f 507 487 495
f 493 506 475
f 475 478 493
f 479 463 435
f 435 438 479
f 431 481 508
f 508 509 431
f 482 481 431
f 431 434 482
f 487 507 480
f 480 483 487
f 437 436 503
f 503 439 437
f 503 510 511
f 511 504 503
f 433 432 501
f 501 466 433
f 431 509 512
f 512 432 431
f 436 513 510
f 510 503 436
f 475 514 471
f 471 476 475
f 480 469 508
f 508 481 480
f 505 515 470
f 470 507 505
f 504 511 515
f 515 505 504
f 502 472 474
f 474 506 502
f 435 465 513
f 513 436 435
f 507 470 469
f 469 480 507
f 476 471 464
f 464 463 476
f 432 512 516
f 516 501 432
f 506 474 514
f 514 475 506
f 501 516 472
f 472 502 501
f 412 509 508
f 508 416 412
f 407 406 462
f 462 473 407
f 422 471 514
f 514 426 422
f 520 517 518
f 518 519 520
f 519 518 521
f 521 522 519
f 518 517 523
f 523 521 518
f 517 520 524
f 524 523 517
f 520 519 522
f 522 524 520
f 528 525 526
f 526 527 528
f 527 526 529
f 529 530 527
f 526 525 531
f 531 529 526
f 525 528 532
f 532 531 525
f 528 527 530
f 530 532 528
f 536 533 534
f 534 535 536
f 535 534 537
f 537 538 535
f 534 533 539
f 539 537 534
f 533 536 540
f 540 539 533
f 536 535 538
f 538 540 536
f 542 453 455
f 455 541 542
f 544 454 456
f 456 543 544
f 541 455 457
f 457 545 541
f 543 456 458
f 458 546 543
f 545 457 459
f 459 547 545
f 546 458 460
f 460 548 546
f 547 459 447
f 447 549 547
f 551 461 449
f 449 550 551
f 548 460 461
f 461 551 548
f 549 447 446
f 446 552 549
f 550 449 448
f 448 442 550
f 552 446 450
f 450 553 552
f 442 448 451
f 451 443 442
f 553 450 452
f 452 554 553
f 443 451 453
f 453 542 443
f 554 452 454
f 454 544 554
f 556 553 554
f 554 555 556
f 444 443 542
f 542 557 444
f 555 554 544
f 544 558 555
f 557 542 541
f 541 559 557
f 558 544 543
f 543 560 558
f 559 541 545
f 545 561 559
f 560 543 546
f 546 562 560
f 561 545 547
f 547 563 561
f 562 546 548
f 548 564 562
f 563 547 549
f 549 565 563
f 567 551 550
f 550 566 567
f 564 548 551
f 551 567 564
f 565 549 552
f 552 568 565
f 566 550 442
f 442 445 566
f 568 552 553
f 553 556 568
f 414 410 513
f 513 465 414
f 513 410 404
f 404 510 513
f 428 424 470
f 470 515 428
f 412 408 512
f 512 509 412
f 414 465 464
f 414 464 418
f 420 416 508
f 508 469 420
f 430 426 514
f 514 474 430
f 407 473 472
f 472 516 407
f 403 428 515
f 515 511 403
f 404 403 511
f 511 510 404
f 408 407 516
f 516 512 408
f 473 462 429
f 429 430 473
f 572 569 570
f 570 571 572
f 576 573 574
f 574 575 576
f 580 577 578
f 578 579 580
f 584 581 582
f 582 583 584
f 588 585 586
f 586 587 588
f 592 589 590
f 590 591 592
f 596 593 594
f 594 595 596
f 600 597 598
f 598 599 600
f 602 601 594
f 594 593 602
f 606 603 604
f 604 605 606
f 610 607 608
f 608 609 610
f 596 595 585
f 585 588 596
f 583 582 589
f 589 592 583
f 614 611 612
f 612 613 614
f 575 574 581
f 581 584 575
f 609 608 573
f 573 576 609
f 605 604 615
f 615 616 605
f 599 598 603
f 603 606 599
f 620 617 618
f 618 619 620
f 613 612 597
f 597 600 613
f 577 621 622
f 622 578 577
f 591 590 611
f 611 614 591
f 626 623 624
f 624 625 626
f 616 615 623
f 623 626 616
f 595 594 607
f 607 610 595
f 628 587 586
f 586 627 628
f 627 586 629
f 629 630 627
f 630 629 631
f 631 632 630
f 632 631 633
f 633 634 632
f 634 633 635
f 635 636 634
f 636 635 637
f 637 638 636
f 638 637 639
f 639 640 638
f 640 639 641
f 641 642 640
f 642 641 643
f 643 644 642
f 644 643 645
f 645 646 644
f 646 645 647
f 647 648 646
f 648 647 649
f 649 650 648
f 650 649 651
f 651 652 650
f 652 651 653
f 653 654 652
f 654 653 655
f 655 656 654
f 656 655 657
f 657 658 656
f 658 657 621
f 621 577 658
f 580 579 570
f 570 569 580
f 660 580 569
f 569 659 660
f 662 660 659
f 659 661 662
f 664 662 661
f 661 663 664
f 666 664 663
f 663 665 666
f 668 666 665
f 665 667 668
f 670 668 667
f 667 669 670
f 672 670 669
f 669 671 672
f 674 672 671
f 671 673 674
f 676 674 673
f 673 675 676
f 678 676 675
f 675 677 678
f 680 678 677
f 677 679 680
f 682 680 679
f 679 681 682
f 684 682 681
f 681 683 684
f 686 684 683
f 683 685 686
f 688 686 685
f 685 687 688
f 617 688 687
f 687 618 617
f 626 625 689
f 689 690 626
f 616 626 690
f 690 691 616
f 605 616 691
f 691 692 605
f 606 605 692
f 692 693 606
f 599 606 693
f 693 694 599
f 600 599 694
f 694 695 600
f 613 600 695
f 695 696 613
f 614 613 696
f 696 697 614
f 591 614 697
f 697 698 591
f 592 591 698
f 698 699 592
f 583 592 699
f 699 700 583
f 584 583 700
f 700 701 584
f 575 584 701
f 701 702 575
f 576 575 702
f 702 703 576
f 609 576 703
f 703 704 609
f 610 609 704
f 704 705 610
f 595 610 705
f 705 585 595
f 572 571 624
f 624 623 572
f 706 572 623
f 623 615 706
f 707 706 615
f 615 604 707
f 708 707 604
f 604 603 708
f 709 708 603
f 603 598 709
f 710 709 598
f 598 597 710
f 711 710 597
f 597 612 711
f 712 711 612
f 612 611 712
f 713 712 611
f 611 590 713
f 714 713 590
f 590 589 714
f 715 714 589
f 589 582 715
f 716 715 582
f 582 581 716
f 717 716 581
f 581 574 717
f 718 717 574
f 574 573 718
f 719 718 573
f 573 608 719
f 720 719 608
f 608 607 720
f 601 720 607
f 607 594 601
f 690 689 622
f 622 621 690
f 691 690 621
f 621 657 691
f 692 691 657
f 657 655 692
f 693 692 655
f 655 653 693
f 694 693 653
f 653 651 694
f 695 694 651
f 651 649 695
f 696 695 649
f 649 647 696
f 697 696 647
f 647 645 697
f 698 697 645
f 645 643 698
f 699 698 643
f 643 641 699
f 700 699 641
f 641 639 700
f 701 700 639
f 639 637 701
f 702 701 637
f 637 635 702
f 703 702 635
f 635 633 703
f 704 703 633
f 633 631 704
f 705 704 631
f 631 629 705
f 585 705 629
f 629 586 585
f 620 628 627
f 627 617 620
f 617 627 630
f 630 688 617
f 688 630 632
f 632 686 688
f 686 632 634
f 634 684 686
f 684 634 636
f 636 682 684
f 682 636 638
f 638 680 682
f 680 638 640
f 640 678 680
f 678 640 642
f 642 676 678
f 676 642 644
f 644 674 676
f 674 644 646
f 646 672 674
f 672 646 648
f 648 670 672
f 670 648 650
f 650 668 670
f 668 650 652
f 652 666 668
f 666 652 654
f 654 664 666
f 664 654 656
f 656 662 664
f 662 656 658
f 658 660 662
f 660 658 577
f 577 580 660
f 602 619 618
f 618 601 602
f 601 618 687
f 687 720 601
f 720 687 685
f 685 719 720
f 719 685 683
f 683 718 719
f 718 683 681
f 681 717 718
f 717 681 679
f 679 716 717
f 716 679 677
f 677 715 716
f 715 677 675
f 675 714 715
f 714 675 673
f 673 713 714
f 713 673 671
f 671 712 713
f 712 671 669
f 669 711 712
f 711 669 667
f 667 710 711
f 710 667 665
f 665 709 710
f 709 665 663
f 663 708 709
f 708 663 661
f 661 707 708
f 707 661 659
f 659 706 707
f 706 659 569
f 569 572 706
f 724 721 722
f 722 723 724
f 723 722 725
f 725 726 723
f 726 725 727
f 727 728 726
f 732 729 730
f 730 731 732
f 728 727 733
f 733 734 728
f 729 721 724
f 724 730 729
f 738 735 736
f 736 737 738
f 740 739 735
f 735 738 740
f 742 741 739
f 739 740 742
f 746 743 744
f 744 745 746
f 745 744 741
f 741 742 745
f 733 747 748
f 748 734 733
f 750 749 743
f 743 746 750
f 752 751 749
f 749 750 752
f 748 747 732
f 732 731 748
f 736 751 752
f 752 737 736
f 625 624 753
f 753 754 625
f 754 753 755
f 755 756 754
f 756 755 757
f 757 758 756
f 758 757 759
f 759 760 758
f 760 759 761
f 761 762 760
f 762 761 763
f 763 764 762
f 764 763 765
f 765 766 764
f 766 765 767
f 767 768 766
f 768 767 751
f 751 736 768
f 753 624 571
f 571 769 753
f 755 753 769
f 769 770 755
f 757 755 770
f 770 771 757
f 759 757 771
f 771 772 759
f 761 759 772
f 772 773 761
f 763 761 773
f 773 774 763
f 765 763 774
f 774 775 765
f 767 765 775
f 775 776 767
f 751 767 776
f 776 749 751
f 769 571 570
f 570 777 769
f 770 769 777
f 777 778 770
f 771 770 778
f 778 779 771
f 772 771 779
f 779 780 772
f 773 772 780
f 780 781 773
f 774 773 781
f 781 782 774
f 775 774 782
f 782 783 775
f 776 775 783
f 783 784 776
f 749 776 784
f 784 743 749
f 786 579 578
f 578 785 786
f 788 786 785
f 785 787 788
f 790 788 787
f 787 789 790
f 792 790 789
f 789 791 792
f 794 792 791
f 791 793 794
f 796 794 793
f 793 795 796
f 798 796 795
f 795 797 798
f 800 798 797
f 797 799 800
f 744 800 799
f 799 741 744
f 777 570 579
f 579 786 777
f 778 777 786
f 786 788 778
f 779 778 788
f 788 790 779
f 780 779 790
f 790 792 780
f 781 780 792
f 792 794 781
f 782 781 794
f 794 796 782
f 783 782 796
f 796 798 783
f 784 783 798
f 798 800 784
f 743 784 800
f 800 744 743
f 785 578 622
f 622 801 785
f 787 785 801
f 801 802 787
f 789 787 802
f 802 803 789
f 791 789 803
f 803 804 791
f 793 791 804
f 804 805 793
f 795 793 805
f 805 806 795
f 797 795 806
f 806 807 797
f 799 797 807
f 807 808 799
f 741 799 808
f 808 739 741
f 801 622 689
f 689 809 801
f 802 801 809
f 809 810 802
f 803 802 810
f 810 811 803
f 804 803 811
f 811 812 804
f 805 804 812
f 812 813 805
f 806 805 813
f 813 814 806
f 807 806 814
f 814 815 807
f 808 807 815
f 815 816 808
f 739 808 816
f 816 735 739
f 809 689 625
f 625 754 809
f 810 809 754
f 754 756 810
f 811 810 756
f 756 758 811
f 812 811 758
f 758 760 812
f 813 812 760
f 760 762 813
f 814 813 762
f 762 764 814
f 815 814 764
f 764 766 815
f 816 815 766
f 766 768 816
f 735 816 768
f 768 736 735
f 818 620 619
f 619 817 818
f 820 818 817
f 817 819 820
f 822 820 819
f 819 821 822
f 824 822 821
f 821 823 824
f 826 824 823
f 823 825 826
f 828 826 825
f 825 827 828
f 830 828 827
f 827 829 830
f 747 830 829
f 829 732 747
f 628 620 818
f 818 831 628
f 831 818 820
f 820 832 831
f 832 820 822
f 822 833 832
f 833 822 824
f 824 834 833
f 834 824 826
f 826 835 834
f 835 826 828
f 828 836 835
f 836 828 830
f 830 837 836
f 837 830 747
f 747 733 837
f 602 593 838
f 838 839 602
f 839 838 840
f 840 841 839
f 841 840 842
f 842 843 841
f 843 842 844
f 844 845 843
f 845 844 846
f 846 847 845
f 847 846 848
f 848 849 847
f 849 848 850
f 850 851 849
f 851 850 721
f 721 729 851
f 852 587 628
f 628 831 852
f 853 852 831
f 831 832 853
f 854 853 832
f 832 833 854
f 855 854 833
f 833 834 855
f 856 855 834
f 834 835 856
f 857 856 835
f 835 836 857
f 858 857 836
f 836 837 858
f 727 858 837
f 837 733 727
f 619 602 839
f 839 817 619
f 817 839 841
f 841 819 817
f 819 841 843
f 843 821 819
f 821 843 845
f 845 823 821
f 823 845 847
f 847 825 823
f 825 847 849
f 849 827 825
f 827 849 851
f 851 829 827
f 829 851 729
f 729 732 829
f 859 588 587
f 587 852 859
f 860 859 852
f 852 853 860
f 861 860 853
f 853 854 861
f 862 861 854
f 854 855 862
f 863 862 855
f 855 856 863
f 864 863 856
f 856 857 864
f 865 864 857
f 857 858 865
f 725 865 858
f 858 727 725
f 866 596 588
f 588 859 866
f 867 866 859
f 859 860 867
f 868 867 860
f 860 861 868
f 869 868 861
f 861 862 869
f 870 869 862
f 862 863 870
f 871 870 863
f 863 864 871
f 872 871 864
f 864 865 872
f 722 872 865
f 865 725 722
f 838 593 596
f 596 866 838
f 840 838 866
f 866 867 840
f 842 840 867
f 867 868 842
f 844 842 868
f 868 869 844
f 846 844 869
f 869 870 846
f 848 846 870
f 870 871 848
f 850 848 871
f 871 872 850
f 721 850 872
f 872 722 721
f 876 873 874
f 874 875 876
f 880 877 878
f 878 879 880
f 884 881 882
f 882 883 884
f 888 885 886
f 886 887 888
f 892 889 890
f 890 891 892
f 884 893 894
f 894 881 884
f 880 895 896
f 896 877 880
f 900 897 898
f 898 899 900
f 903 901 887
f 887 902 903
f 906 904 888
f 888 905 906
f 909 907 892
f 892 908 909
f 913 910 911
f 911 912 913
f 915 873 876
f 876 914 915
f 917 916 891
f 891 890 917
f 889 892 907
f 907 918 889
f 885 888 904
f 904 919 885
f 921 920 919
f 919 904 921
f 907 902 922
f 922 918 907
f 924 923 885
f 885 919 924
f 926 925 890
f 890 889 926
f 927 926 889
f 889 918 927
f 925 928 917
f 917 890 925
f 929 924 919
f 919 920 929
f 923 930 886
f 886 885 923
f 876 875 882
f 882 881 876
f 896 895 931
f 931 932 896
f 899 898 933
f 933 934 899
f 936 935 915
f 915 914 936
f 894 893 937
f 937 938 894
f 934 933 928
f 928 925 934
f 940 939 896
f 896 932 940
f 940 932 924
f 924 929 940
f 884 900 899
f 899 893 884
f 941 877 896
f 896 939 941
f 943 891 916
f 916 942 943
f 897 900 944
f 944 945 897
f 931 895 915
f 915 935 931
f 931 935 930
f 930 923 931
f 937 934 925
f 925 926 937
f 946 921 904
f 904 906 946
f 877 941 947
f 947 878 877
f 937 926 927
f 927 938 937
f 937 893 899
f 899 934 937
f 930 935 936
f 936 948 930
f 880 873 915
f 915 895 880
f 905 888 887
f 887 901 905
f 873 880 879
f 879 874 873
f 922 886 930
f 930 948 922
f 952 949 950
f 950 951 952
f 909 903 902
f 902 907 909
f 936 914 894
f 894 938 936
f 927 948 936
f 936 938 927
f 894 914 876
f 876 881 894
f 902 887 886
f 886 922 902
f 956 953 954
f 954 955 956
f 918 922 948
f 948 927 918
f 960 957 958
f 958 959 960
f 964 961 962
f 962 963 964
f 966 965 949
f 949 952 966
f 970 967 968
f 968 969 970
f 972 971 953
f 953 956 972
f 949 965 973
f 973 974 949
f 962 961 975
f 975 976 962
f 897 950 977
f 977 898 897
f 980 978 979
f 979 969 980
f 968 981 982
f 982 983 968
f 953 984 985
f 985 954 953
f 987 986 960
f 960 959 987
f 956 916 917
f 917 972 956
f 984 953 971
f 971 988 984
f 981 968 967
f 967 989 981
f 989 920 921
f 921 981 989
f 990 979 984
f 984 988 990
f 967 912 911
f 911 989 967
f 972 991 992
f 992 971 972
f 971 992 993
f 993 988 971
f 917 928 991
f 991 972 917
f 989 911 929
f 929 920 989
f 970 994 912
f 912 967 970
f 960 965 966
f 966 957 960
f 975 910 913
f 913 976 975
f 977 995 933
f 933 898 977
f 997 986 987
f 987 996 997
f 973 998 999
f 999 974 973
f 933 995 991
f 991 928 933
f 975 939 940
f 940 910 975
f 940 929 911
f 911 910 940
f 949 974 977
f 977 950 949
f 941 939 975
f 975 961 941
f 916 956 955
f 955 942 916
f 951 950 897
f 897 945 951
f 987 976 913
f 913 996 987
f 913 912 994
f 994 996 913
f 999 992 991
f 991 995 999
f 981 921 946
f 946 982 981
f 947 941 961
f 961 964 947
f 999 998 993
f 993 992 999
f 977 974 999
f 999 995 977
f 994 1000 997
f 997 996 994
f 962 976 987
f 987 959 962
f 969 968 983
f 983 980 969
f 963 962 959
f 959 958 963
f 994 970 990
f 990 1000 994
f 979 978 985
f 985 984 979
f 931 923 924
f 924 932 931
f 997 998 973
f 973 986 997
f 993 998 997
f 997 1000 993
f 960 986 973
f 973 965 960
f 970 969 979
f 979 990 970
f 900 884 883
f 883 944 900
f 1000 990 988
f 988 993 1000
f 908 892 891
f 891 943 908
f 1004 1001 1002
f 1002 1003 1004
f 1008 1005 1006
f 1006 1007 1008
f 1012 1009 1010
f 1010 1011 1012
f 1016 1013 1014
f 1014 1015 1016
f 1020 1017 1018
f 1018 1019 1020
f 1024 1021 1022
f 1022 1023 1024
f 1028 1025 1026
f 1026 1027 1028
f 1029 1016 1025
f 1025 1028 1029
f 1013 1016 1029
f 1016 1015 1030
f 1030 1025 1016
f 1034 1031 1032
f 1032 1033 1034
f 1038 1035 1036
f 1036 1037 1038
f 1042 1039 1040
f 1040 1041 1042
f 1044 1010 1009
f 1009 1043 1044
f 1047 1027 1045
f 1045 1046 1047
f 1051 1048 1049
f 1049 1050 1051
f 1052 1033 1032
f 1032 1013 1052
f 1032 1053 1014
f 1014 1013 1032
f 1055 1029 1028
f 1028 1054 1055
f 1054 1028 1027
f 1027 1047 1054
f 1025 1030 1056
f 1056 1026 1025
f 1052 1013 1029
f 1029 1055 1052
f 1042 1041 1057
f 1057 1058 1042
f 1062 1059 1060
f 1060 1061 1062
f 1066 1063 1064
f 1064 1065 1066
f 1061 1060 1067
f 1067 1068 1061
f 1070 1050 1049
f 1049 1069 1070
f 1058 1057 1063
f 1063 1066 1058
f 1074 1071 1072
f 1072 1073 1074
f 1075 1034 1063
f 1063 1057 1075
f 1055 1063 1052
f 1055 1054 1064
f 1064 1063 1055
f 1047 1064 1054
f 1079 1076 1077
f 1077 1078 1079
f 1033 1063 1034
f 1052 1063 1033
f 1070 1080 1081
f 1081 1050 1070
f 1064 1059 1062
f 1062 1065 1064
f 1085 1082 1083
f 1083 1084 1085
f 1087 1086 1002
f 1002 1001 1087
f 1090 1088 1076
f 1076 1089 1090
f 1084 1083 1091
f 1091 1092 1084
f 1093 1091 1083
f 1097 1094 1095
f 1095 1096 1097
f 1085 1084 1098
f 1098 1099 1085
f 1102 1100 1092
f 1092 1101 1102
f 1104 1103 1035
f 1035 1038 1104
f 1106 1023 1022
f 1022 1105 1106
f 1110 1107 1108
f 1108 1109 1110
f 1046 1045 1100
f 1100 1102 1046
f 1114 1111 1112
f 1112 1113 1114
f 1117 1093 1115
f 1115 1116 1117
f 1101 1092 1091
f 1091 1118 1101
f 1122 1119 1120
f 1120 1121 1122
f 1124 1095 1115
f 1115 1123 1124
f 1116 1115 1095
f 1095 1094 1116
f 1093 1083 1082
f 1082 1125 1093
f 1097 1126 1003
f 1118 1117 1127
f 1128 1101 1118
f 1118 1127 1128
f 1064 1047 1046
f 1046 1078 1064
f 1131 1129 1089
f 1089 1130 1131
f 1135 1132 1133
f 1133 1134 1135
f 1139 1136 1137
f 1137 1138 1139
f 1093 1125 1123
f 1123 1115 1093
f 1143 1140 1141
f 1141 1142 1143
f 1145 1144 1141
f 1141 1140 1145
f 1072 1071 1067
f 1067 1060 1072
f 1147 1043 1009
f 1009 1146 1147
f 1003 1002 1129
f 1129 1131 1003
f 1130 1089 1076
f 1076 1079 1130
f 1148 1051 1050
f 1050 1081 1148
f 1072 1149 1150
f 1150 1073 1072
f 1078 1060 1059
f 1151 1044 1043
f 1043 1149 1151
f 1154 1018 1152
f 1152 1153 1154
f 1158 1155 1156
f 1156 1157 1158
f 1160 1081 1080
f 1080 1159 1160
f 1164 1161 1162
f 1162 1163 1164
f 1009 1012 1165
f 1165 1146 1009
f 1164 1166 1167
f 1167 1168 1164
f 1148 1169 1170
f 1170 1171 1148
f 1077 1149 1072
f 1172 1007 1006
f 1175 1173 1036
f 1036 1174 1175
f 1175 1007 1172
f 1172 1173 1175
f 1036 1035 1176
f 1176 1174 1036
f 1180 1177 1178
f 1178 1179 1180
f 1151 1149 1077
f 1077 1181 1151
f 1182 1006 1178
f 1178 1177 1182
f 1184 1173 1172
f 1172 1183 1184
f 1037 1036 1173
f 1173 1184 1037
f 1188 1185 1186
f 1186 1187 1188
f 1183 1172 1006
f 1006 1182 1183
f 1190 1189 1188
f 1188 1187 1190
f 1194 1191 1192
f 1192 1193 1194
f 1198 1195 1196
f 1196 1197 1198
f 1197 1199 1017
f 1017 1198 1197
f 1017 1199 1152
f 1152 1018 1017
f 1154 1153 1200
f 1200 1201 1154
f 1195 1188 1189
f 1189 1196 1195
f 1195 1180 1185
f 1185 1188 1195
f 1183 1182 1195
f 1198 1184 1183
f 1183 1195 1198
f 1037 1184 1198
f 1205 1202 1203
f 1203 1204 1205
f 1177 1180 1195
f 1182 1177 1195
f 1208 1206 1138
f 1138 1207 1208
f 1210 1209 1154
f 1154 1201 1210
f 1214 1211 1212
f 1212 1213 1214
f 1218 1215 1216
f 1216 1217 1218
f 1035 1103 1219
f 1219 1176 1035
f 1181 1077 1076
f 1076 1088 1181
f 1221 1211 1214
f 1214 1220 1221
f 1224 1222 1223
f 1223 1161 1224
f 1228 1225 1226
f 1226 1227 1228
f 1231 1229 1230
f 1230 1024 1231
f 1234 1232 1021
f 1021 1233 1234
f 1098 1084 1092
f 1092 1100 1098
f 1238 1235 1236
f 1236 1237 1238
f 1236 1235 1239
f 1239 1240 1236
f 1240 1239 1241
f 1241 1242 1240
f 1242 1241 1205
f 1205 1204 1242
f 1020 1019 1243
f 1243 1244 1020
f 1010 1044 1245
f 1245 1246 1010
f 1204 1203 1181
f 1181 1088 1204
f 1248 1155 1158
f 1158 1247 1248
f 1244 1249 1151
f 1151 1020 1244
f 1203 1017 1020
f 1250 1243 1019
f 1019 1209 1250
f 1252 1206 1208
f 1208 1251 1252
f 1078 1077 1072
f 1072 1060 1078
f 1018 1154 1209
f 1209 1019 1018
f 1253 1250 1209
f 1209 1210 1253
f 1256 1119 1254
f 1254 1255 1256
f 1010 1246 1257
f 1257 1011 1010
f 1151 1249 1245
f 1245 1044 1151
f 1151 1181 1203
f 1203 1020 1151
f 1237 1236 1086
f 1086 1087 1237
f 1086 1236 1240
f 1240 1258 1086
f 1258 1240 1242
f 1242 1090 1258
f 1090 1242 1204
f 1204 1088 1090
f 1011 1259 1260
f 1260 1012 1011
f 1205 1104 1038
f 1038 1202 1205
f 1159 1080 1071
f 1071 1074 1159
f 1017 1203 1202
f 1202 1198 1017
f 1262 1128 1127
f 1127 1261 1262
f 1264 1263 1140
f 1140 1143 1264
f 1265 1144 1135
f 1267 1143 1142
f 1142 1266 1267
f 1078 1128 1262
f 1262 1268 1078
f 1141 1144 1265
f 1264 1143 1267
f 1267 1261 1264
f 1262 1261 1267
f 1267 1133 1262
f 1261 1127 1131
f 1131 1264 1261
f 1142 1265 1266
f 1272 1269 1270
f 1270 1271 1272
f 1266 1265 1134
f 1079 1273 1263
f 1263 1130 1079
f 1145 1132 1135
f 1135 1144 1145
f 1273 1079 1078
f 1078 1268 1273
f 1134 1133 1267
f 1267 1266 1134
f 1263 1264 1131
f 1131 1130 1263
f 1133 1132 1268
f 1268 1262 1133
f 1273 1268 1132
f 1132 1145 1273
f 1265 1142 1141
f 1134 1265 1135
f 1015 1014 1274
f 1276 1056 1030
f 1030 1275 1276
f 1014 1053 1277
f 1281 1278 1279
f 1279 1280 1281
f 1277 1053 1256
f 1256 1255 1277
f 1285 1282 1283
f 1283 1284 1285
f 1289 1286 1287
f 1287 1288 1289
f 1291 1290 1208
f 1208 1207 1291
f 1295 1292 1293
f 1293 1294 1295
f 1045 1027 1026
f 1026 1296 1045
f 1234 1297 1298
f 1298 1232 1234
f 1297 1292 1299
f 1299 1298 1297
f 1295 1299 1292
f 1300 1293 1292
f 1292 1297 1300
f 1303 1301 1302
f 1302 1121 1303
f 1307 1304 1305
f 1305 1306 1307
f 1078 1059 1064
f 1311 1308 1309
f 1309 1310 1311
f 1022 1021 1232
f 1232 1304 1022
f 1312 1295 1302
f 1302 1301 1312
f 1294 1313 1302
f 1302 1295 1294
f 1315 1298 1299
f 1299 1314 1315
f 1304 1232 1298
f 1298 1315 1304
f 1318 1316 1317
f 1317 1308 1318
f 1319 1300 1297
f 1297 1234 1319
f 1314 1299 1295
f 1295 1312 1314
f 1323 1320 1321
f 1321 1322 1323
f 1327 1324 1325
f 1325 1326 1327
f 1305 1328 1329
f 1329 1330 1305
f 1327 1326 1331
f 1331 1332 1327
f 1336 1333 1334
f 1334 1335 1336
f 1328 1321 1320
f 1320 1329 1328
f 1338 1327 1332
f 1332 1337 1338
f 1328 1303 1339
f 1339 1321 1328
f 1314 1312 1328
f 1305 1315 1314
f 1314 1328 1305
f 1304 1315 1305
f 1301 1303 1328
f 1312 1301 1328
f 1337 1332 1336
f 1336 1340 1337
f 1171 1340 1336
f 1336 1335 1171
f 1305 1330 1325
f 1325 1324 1305
f 1342 1341 1324
f 1324 1327 1342
f 1345 1343 1344
f 1344 1229 1345
f 1288 1346 1347
f 1347 1289 1288
f 1167 1348 1349
f 1349 1168 1167
f 1350 1351 1352
f 1102 1101 1128
f 1353 1345 1229
f 1229 1231 1353
f 1354 1345 1353
f 1358 1355 1356
f 1356 1357 1358
f 1229 1344 1359
f 1359 1230 1229
f 1363 1360 1361
f 1361 1362 1363
f 1021 1024 1230
f 1230 1233 1021
f 1231 1024 1023
f 1023 1364 1231
f 1367 1365 1354
f 1354 1366 1367
f 1368 1353 1231
f 1231 1364 1368
f 1098 1100 1045
f 1045 1296 1098
f 1113 1369 1365
f 1365 1356 1113
f 1367 1357 1356
f 1356 1365 1367
f 1354 1370 1343
f 1343 1345 1354
f 1358 1287 1371
f 1368 1271 1366
f 1368 1364 1372
f 1372 1271 1368
f 1375 1108 1373
f 1373 1374 1375
f 1358 1357 1270
f 1270 1287 1358
f 1367 1270 1357
f 1378 1376 1270
f 1270 1377 1378
f 1365 1369 1370
f 1370 1354 1365
f 1379 1377 1270
f 1270 1269 1379
f 1383 1380 1381
f 1381 1382 1383
f 1386 1272 1384
f 1384 1385 1386
f 1338 1337 1387
f 1387 1388 1338
f 1230 1359 1389
f 1389 1233 1230
f 1207 1138 1137
f 1137 1390 1207
f 1376 1288 1287
f 1287 1270 1376
f 1388 1136 1139
f 1139 1338 1388
f 1139 1110 1338
f 1391 1387 1337
f 1337 1340 1391
f 1338 1110 1342
f 1342 1327 1338
f 1170 1391 1340
f 1340 1171 1170
f 1207 1390 1392
f 1392 1291 1207
f 1332 1331 1333
f 1333 1336 1332
f 1174 1393 1394
f 1394 1175 1174
f 1398 1395 1396
f 1396 1397 1398
f 1402 1399 1400
f 1400 1401 1402
f 1099 1403 1404
f 1404 1405 1099
f 1004 1406 1407
f 1407 1001 1004
f 1408 1409 1410
f 1414 1411 1412
f 1412 1413 1414
f 1413 1412 1409
f 1409 1408 1413
f 1416 1411 1414
f 1414 1415 1416
f 1420 1417 1418
f 1418 1419 1420
f 1422 1411 1416
f 1416 1421 1422
f 1423 1419 1418
f 1418 1410 1423
f 1425 1409 1412
f 1412 1424 1425
f 1424 1412 1411
f 1411 1422 1424
f 1429 1426 1427
f 1427 1428 1429
f 1423 1410 1409
f 1409 1425 1423
f 1431 1317 1316
f 1316 1430 1431
f 1433 1426 1429
f 1429 1432 1433
f 1392 1434 1260
f 1260 1291 1392
f 1400 1435 1436
f 1436 1318 1400
f 1401 1400 1318
f 1318 1437 1401
f 1437 1318 1308
f 1308 1311 1437
f 1309 1158 1157
f 1157 1310 1309
f 1432 1429 1399
f 1399 1402 1432
f 1428 1420 1399
f 1399 1429 1428
f 1425 1399 1423
f 1425 1424 1400
f 1400 1399 1425
f 1439 1438 1396
f 1396 1395 1439
f 1419 1399 1420
f 1423 1399 1419
f 1309 1440 1247
f 1247 1158 1309
f 1441 1435 1400
f 1317 1440 1309
f 1309 1308 1317
f 1445 1442 1443
f 1443 1444 1445
f 1225 1221 1220
f 1220 1446 1225
f 1211 1221 1447
f 1448 1397 1447
f 1447 1221 1448
f 1450 1416 1415
f 1415 1449 1450
f 1452 1218 1217
f 1217 1451 1452
f 1447 1453 1212
f 1212 1211 1447
f 1421 1416 1450
f 1450 1438 1421
f 1456 1454 1163
f 1163 1455 1456
f 1458 1457 1445
f 1445 1444 1458
f 1162 1459 1455
f 1455 1163 1162
f 1459 1162 1445
f 1445 1457 1459
f 1407 1460 1087
f 1087 1001 1407
f 1395 1461 1462
f 1194 1193 1463
f 1463 1464 1194
f 1466 1465 1464
f 1464 1463 1466
f 1374 1398 1465
f 1465 1466 1374
f 1271 1372 1384
f 1384 1272 1271
f 1467 1440 1317
f 1317 1431 1467
f 1469 1363 1362
f 1362 1468 1469
f 1316 1470 1471
f 1471 1430 1316
f 1316 1436 1107
f 1107 1470 1316
f 1471 1470 1206
f 1206 1252 1471
f 1436 1316 1318
f 1472 1247 1440
f 1440 1467 1472
f 1208 1290 1473
f 1473 1251 1208
f 1206 1470 1139
f 1139 1138 1206
f 1373 1108 1107
f 1107 1436 1373
f 1193 1347 1346
f 1346 1463 1193
f 1474 1466 1463
f 1463 1346 1474
f 1375 1374 1466
f 1466 1474 1375
f 1341 1475 1305
f 1305 1324 1341
f 1380 1350 1476
f 1476 1381 1380
f 1385 1476 1350
f 1350 1352 1385
f 1378 1377 1477
f 1477 1109 1378
f 1382 1379 1269
f 1269 1478 1382
f 1273 1145 1140
f 1140 1263 1273
f 1385 1352 1479
f 1479 1386 1385
f 1384 1372 1480
f 1480 1481 1384
f 1377 1379 1482
f 1482 1477 1377
f 1482 1379 1382
f 1382 1381 1482
f 1269 1272 1386
f 1386 1478 1269
f 1382 1478 1483
f 1483 1383 1382
f 1380 1351 1350
f 1478 1386 1479
f 1479 1483 1478
f 1383 1351 1380
f 1479 1352 1351
f 1479 1351 1483
f 1351 1383 1483
f 1384 1481 1476
f 1476 1385 1384
f 1341 1480 1372
f 1372 1484 1341
f 1476 1481 1482
f 1482 1381 1476
f 1485 1475 1341
f 1293 1486 1294
f 1300 1319 1487
f 1487 1488 1300
f 1294 1489 1313
f 1493 1490 1491
f 1491 1492 1493
f 1122 1313 1489
f 1489 1494 1122
f 1275 1030 1015
f 1015 1274 1275
f 1490 1495 1496
f 1496 1491 1490
f 1166 1191 1194
f 1194 1167 1166
f 1496 1495 1285
f 1285 1284 1496
f 1500 1497 1498
f 1498 1499 1500
f 1502 1422 1421
f 1421 1501 1502
f 1460 1192 1237
f 1237 1087 1460
f 1255 1254 1503
f 1503 1498 1255
f 1372 1023 1106
f 1106 1504 1372
f 1458 1444 1505
f 1505 1506 1458
f 1448 1221 1225
f 1225 1228 1448
f 1444 1443 1507
f 1507 1508 1444
f 1508 1505 1444
f 1508 1509 1510
f 1510 1505 1508
f 1512 1511 1186
f 1186 1179 1512
f 1293 1300 1488
f 1488 1486 1293
f 1360 1307 1306
f 1306 1361 1360
f 1514 1484 1504
f 1504 1513 1514
f 1400 1502 1441
f 1420 1428 1427
f 1427 1417 1420
f 1516 1514 1513
f 1513 1515 1516
f 1517 1436 1435
f 1485 1341 1484
f 1305 1475 1306
f 1313 1122 1121
f 1121 1302 1313
f 1303 1121 1518
f 1518 1339 1303
f 1180 1179 1186
f 1186 1185 1180
f 1110 1139 1470
f 1470 1107 1110
f 1031 1256 1053
f 1053 1032 1031
f 1034 1075 1519
f 1519 1031 1034
f 1521 1516 1515
f 1515 1520 1521
f 1395 1462 1439
f 1507 1522 1509
f 1509 1508 1507
f 1219 1215 1523
f 1523 1176 1219
f 1376 1474 1346
f 1346 1288 1376
f 1521 1520 1524
f 1461 1436 1517
f 1378 1109 1108
f 1108 1375 1378
f 1372 1504 1484
f 1526 1525 1516
f 1516 1521 1526
f 1358 1371 1527
f 1527 1355 1358
f 1227 1226 1168
f 1168 1349 1227
f 1086 1258 1129
f 1129 1002 1086
f 1097 1096 1528
f 1528 1126 1097
f 1304 1307 1105
f 1105 1022 1304
f 1371 1287 1286
f 1286 1527 1371
f 1322 1321 1339
f 1339 1518 1322
f 1004 1003 1126
f 1126 1528 1004
f 1075 1057 1041
f 1041 1519 1075
f 1361 1306 1475
f 1475 1529 1361
f 1531 1106 1105
f 1105 1530 1531
f 1532 1485 1484
f 1484 1514 1532
f 1530 1105 1307
f 1307 1360 1530
f 1513 1504 1106
f 1106 1531 1513
f 1515 1513 1531
f 1531 1533 1515
f 1534 1529 1532
f 1532 1525 1534
f 1362 1361 1529
f 1529 1534 1362
f 1525 1532 1514
f 1514 1516 1525
f 1533 1531 1530
f 1530 1535 1533
f 1535 1530 1360
f 1360 1363 1535
f 1536 1535 1363
f 1363 1469 1536
f 1468 1362 1534
f 1534 1537 1468
f 1538 1533 1535
f 1535 1536 1538
f 1537 1534 1525
f 1525 1526 1537
f 1520 1515 1533
f 1533 1538 1520
f 1536 1469 1524
f 1520 1538 1524
f 1526 1521 1524
f 1468 1537 1524
f 1538 1536 1524
f 1537 1526 1524
f 1542 1539 1540
f 1540 1541 1542
f 1544 1501 1439
f 1439 1543 1544
f 1543 1439 1462
f 1462 1545 1543
f 1545 1462 1461
f 1461 1546 1545
f 1546 1461 1517
f 1517 1547 1546
f 1549 1441 1502
f 1502 1548 1549
f 1548 1502 1501
f 1501 1544 1548
f 1550 1435 1441
f 1441 1549 1550
f 1551 1545 1546
f 1546 1539 1551
f 1553 1544 1543
f 1543 1552 1553
f 1555 1550 1549
f 1549 1554 1555
f 1556 1548 1544
f 1544 1553 1556
f 1552 1543 1545
f 1545 1551 1552
f 1539 1546 1547
f 1547 1540 1539
f 1554 1549 1548
f 1548 1556 1554
f 1540 1547 1550
f 1550 1555 1540
f 1558 1554 1556
f 1556 1557 1558
f 1541 1540 1555
f 1555 1559 1541
f 1560 1551 1539
f 1539 1542 1560
f 1562 1553 1552
f 1552 1561 1562
f 1559 1555 1554
f 1554 1558 1559
f 1557 1556 1553
f 1553 1562 1557
f 1561 1552 1551
f 1551 1560 1561
f 1561 1560 1563
f 1542 1541 1563
f 1558 1557 1563
f 1541 1559 1563
f 1560 1542 1563
f 1562 1561 1563
f 1559 1558 1563
f 1557 1562 1563
f 1510 1509 1219
f 1219 1103 1510
f 1104 1564 1510
f 1510 1103 1104
f 1446 1565 1226
f 1226 1225 1446
f 1212 1449 1452
f 1452 1213 1212
f 1453 1450 1449
f 1449 1212 1453
f 1438 1450 1453
f 1453 1396 1438
f 1374 1373 1395
f 1395 1398 1374
f 1398 1397 1448
f 1228 1465 1398
f 1398 1448 1228
f 1349 1464 1465
f 1465 1227 1349
f 1464 1349 1348
f 1167 1194 1464
f 1464 1348 1167
f 1235 1238 1454
f 1454 1456 1235
f 1235 1456 1455
f 1459 1239 1235
f 1235 1455 1459
f 1239 1459 1457
f 1241 1458 1506
f 1564 1205 1241
f 1241 1506 1564
f 1215 1219 1509
f 1509 1522 1215
f 1205 1564 1104
f 1472 1566 1248
f 1248 1247 1472
f 1056 1567 1296
f 1296 1026 1056
f 1178 1568 1512
f 1512 1179 1178
f 1175 1394 1008
f 1008 1007 1175
f 1414 1393 1523
f 1523 1415 1414
f 1570 1569 1190
f 1190 1187 1570
f 1527 1571 1572
f 1572 1355 1527
f 1574 1573 1567
f 1567 1056 1574
f 1038 1037 1198
f 1198 1202 1038
f 1213 1452 1451
f 1451 1575 1213
f 1099 1098 1296
f 1296 1567 1099
f 1090 1089 1129
f 1129 1258 1090
f 1161 1442 1445
f 1445 1162 1161
f 1458 1241 1239
f 1239 1457 1458
f 1506 1505 1510
f 1510 1564 1506
f 1359 1403 1573
f 1573 1389 1359
f 1094 1131 1116
f 1127 1117 1116
f 1116 1131 1127
f 1118 1091 1093
f 1093 1117 1118
f 1376 1378 1375
f 1375 1474 1376
f 1465 1228 1227
f 1547 1517 1435
f 1435 1550 1547
f 1367 1366 1271
f 1271 1270 1367
f 1366 1354 1353
f 1353 1368 1366
f 1234 1233 1389
f 1389 1319 1234
f 1396 1453 1447
f 1447 1397 1396
f 1395 1373 1436
f 1436 1461 1395
f 1576 1574 1056
f 1056 1276 1576
f 1578 1577 1565
f 1565 1446 1578
f 1214 1213 1575
f 1575 1579 1214
f 1581 1123 1125
f 1125 1580 1581
f 1580 1125 1082
f 1082 1582 1580
f 1583 1085 1099
f 1099 1405 1583
f 1344 1343 1584
f 1584 1585 1344
f 1507 1443 1586
f 1586 1587 1507
f 1522 1507 1587
f 1587 1588 1522
f 1370 1369 1589
f 1589 1590 1370
f 1582 1082 1085
f 1085 1583 1582
f 1522 1588 1216
f 1216 1215 1522
f 1220 1214 1579
f 1579 1591 1220
f 1370 1590 1584
f 1584 1343 1370
f 1446 1220 1591
f 1591 1578 1446
f 1581 1592 1124
f 1124 1123 1581
f 1442 1161 1223
f 1223 1593 1442
f 1443 1442 1593
f 1593 1586 1443
f 1369 1113 1112
f 1112 1589 1369
f 1344 1585 1594
f 1594 1359 1344
f 1571 1406 1004
f 1004 1528 1571
f 1595 1040 1322
f 1322 1518 1595
f 1452 1523 1218
f 1487 1576 1596
f 1596 1597 1487
f 1006 1005 1568
f 1568 1178 1006
f 1278 1598 1599
f 1597 1596 1600
f 1600 1601 1597
f 1603 1597 1601
f 1601 1602 1603
f 1598 1604 1605
f 1605 1599 1598
f 1492 1606 1503
f 1503 1493 1492
f 1511 1570 1187
f 1187 1186 1511
f 1597 1282 1488
f 1488 1487 1597
f 1290 1259 1607
f 1607 1473 1290
f 1275 1278 1608
f 1608 1276 1275
f 1486 1285 1495
f 1495 1294 1486
f 1282 1597 1603
f 1612 1609 1610
f 1610 1611 1612
f 1278 1281 1608
f 1608 1281 1280
f 1280 1613 1608
f 1014 1612 1598
f 1598 1274 1014
f 1598 1612 1611
f 1611 1604 1598
f 1497 1277 1255
f 1255 1498 1497
f 1494 1489 1490
f 1490 1493 1494
f 1486 1488 1282
f 1282 1285 1486
f 1489 1294 1495
f 1495 1490 1489
f 1278 1275 1274
f 1274 1598 1278
f 1612 1014 1277
f 1277 1497 1612
f 1500 1610 1609
f 1609 1497 1500
f 1609 1612 1497
f 1278 1599 1605
f 1605 1279 1278
f 1282 1603 1602
f 1602 1283 1282
f 1149 1043 1147
f 1147 1150 1149
f 1046 1102 1128
f 1128 1078 1046
f 1023 1372 1364
f 1110 1109 1477
f 1477 1342 1110
f 1529 1475 1485
f 1485 1532 1529
f 1469 1468 1524
f 1480 1341 1342
f 1342 1477 1480
f 1480 1477 1482
f 1482 1481 1480
f 1003 1131 1094
f 1094 1097 1003
f 1519 1595 1120
f 1120 1031 1519
f 1501 1421 1438
f 1438 1439 1501
f 1424 1422 1502
f 1502 1400 1424
f 1427 1426 1570
f 1570 1511 1427
f 1005 1410 1418
f 1418 1568 1005
f 1426 1433 1569
f 1569 1570 1426
f 1393 1174 1176
f 1176 1523 1393
f 1394 1413 1408
f 1408 1008 1394
f 1568 1418 1417
f 1417 1512 1568
f 1417 1427 1511
f 1511 1512 1417
f 1393 1414 1413
f 1413 1394 1393
f 1408 1410 1005
f 1005 1008 1408
f 1523 1215 1218
f 1452 1449 1415
f 1415 1523 1452
f 1527 1286 1406
f 1406 1571 1527
f 1571 1528 1096
f 1096 1572 1571
f 1347 1193 1192
f 1192 1460 1347
f 1454 1238 1191
f 1191 1166 1454
f 1289 1347 1460
f 1460 1407 1289
f 1406 1286 1289
f 1289 1407 1406
f 1191 1238 1237
f 1237 1192 1191
f 1163 1454 1166
f 1166 1164 1163
f 1224 1161 1164
f 1168 1226 1565
f 1565 1164 1168
f 1071 1080 1070
f 1070 1067 1071
f 1068 1067 1070
f 1070 1069 1068
f 1595 1518 1121
f 1121 1120 1595
f 1606 1499 1498
f 1498 1503 1606
f 1519 1041 1040
f 1040 1595 1519
f 1254 1494 1493
f 1493 1503 1254
f 1119 1122 1494
f 1494 1254 1119
f 1119 1256 1031
f 1031 1120 1119
f 1039 1323 1322
f 1322 1040 1039
f 1081 1160 1169
f 1169 1148 1081
f 1171 1335 1051
f 1051 1148 1171
f 1335 1334 1048
f 1048 1051 1335
f 1259 1011 1257
f 1257 1607 1259
f 1434 1165 1012
f 1012 1260 1434
f 1259 1290 1291
f 1291 1260 1259
f 1566 1253 1210
f 1210 1248 1566
f 1210 1201 1155
f 1155 1248 1210
f 1155 1201 1200
f 1200 1156 1155
f 1596 1608 1613
f 1613 1600 1596
f 1576 1276 1608
f 1608 1596 1576
f 1487 1319 1574
f 1574 1576 1487
f 1403 1099 1567
f 1567 1573 1403
f 1319 1389 1573
f 1573 1574 1319
f 1403 1359 1594
f 1594 1404 1403
f 1124 1592 1111
f 1111 1114 1124
f 1095 1124 1114
f 1095 1114 1572
f 1572 1096 1095
f 1572 1114 1113
f 1572 1113 1356
f 1356 1355 1572
f 1565 1577 1222
f 1222 1224 1565
f 1565 1224 1164