# https://github.com/mikedh/trimesh
v 0.01584668 -0.00461953 0.11031141
v 0.01589074 -0.00477820 0.11014695
v 0.01594766 -0.00461953 0.11017980
v 0.01594766 -0.00461953 0.10954437
v 0.01589074 -0.00477820 0.10957722
v 0.01580020 -0.00477820 0.10945924
v 0.01601114 -0.00461953 0.10969762
v 0.01594766 -0.00477820 0.10971463
v 0.01603279 -0.00461953 0.10986208
v 0.01596707 -0.00477820 0.10986208
v 0.01601114 -0.00461953 0.11002655
v 0.01594766 -0.00477820 0.11000953
v 0.01584668 -0.00461953 0.10941276
v 0.01580020 -0.00477820 0.11026493
v 0.01571507 -0.00461953 0.11041239
v 0.01568221 -0.00477820 0.11035548
v 0.01556181 -0.00461953 0.11047587
v 0.01554480 -0.00477820 0.11041239
v 0.01539735 -0.00461953 0.11049753
v 0.01539735 -0.00470101 0.11046986
v 0.01539735 -0.00477820 0.11043181
v 0.01524989 -0.00477820 0.11041239
v 0.01523289 -0.00461953 0.10924829
v 0.01524989 -0.00477820 0.10931178
v 0.01511249 -0.00477820 0.10936869
v 0.01478356 -0.00461953 0.10969762
v 0.01482763 -0.00477820 0.10986208
v 0.01476191 -0.00461953 0.10986208
v 0.01484704 -0.00477820 0.10971463
v 0.01484704 -0.00461953 0.10954437
v 0.01490396 -0.00477820 0.10957722
v 0.01494803 -0.00461953 0.10941276
v 0.01499449 -0.00477820 0.10945924
v 0.01507962 -0.00461953 0.10931178
v 0.01539735 -0.00484975 0.11038399
v 0.01539735 -0.00461953 0.10922664
v 0.01539735 -0.00477820 0.10929236
v 0.01556181 -0.00461953 0.10924829
v 0.01554480 -0.00477820 0.10931178
v 0.01571507 -0.00461953 0.10931178
v 0.01568221 -0.00477820 0.10936869
v 0.01572628 -0.00491444 0.10953316
v 0.01562993 -0.00491444 0.10945924
v 0.01516476 -0.00491444 0.10945924
v 0.01527695 -0.00491444 0.10941276
v 0.01539735 -0.00491444 0.10939691
v 0.01551775 -0.00491444 0.10941276
v 0.01506842 -0.00491444 0.10953316
v 0.01580020 -0.00491444 0.10962950
v 0.01584668 -0.00491444 0.10974169
v 0.01586253 -0.00491444 0.10986208
v 0.01584668 -0.00491444 0.10998248
v 0.01494803 -0.00491444 0.10998248
v 0.01484704 -0.00477820 0.11000953
v 0.01527695 -0.00491444 0.11031141
v 0.01511249 -0.00477820 0.11035548
v 0.01516476 -0.00491444 0.11026493
v 0.01499449 -0.00477820 0.11026493
v 0.01506842 -0.00491444 0.11019101
v 0.01490396 -0.00477820 0.11014695
v 0.01499449 -0.00491444 0.11009467
v 0.01493217 -0.00491444 0.10986208
v 0.01494803 -0.00491444 0.10974169
v 0.01499449 -0.00491444 0.10962950
v 0.01509869 -0.00444927 0.10927593
v 0.01477168 -0.00444927 0.10965879
v 0.01474759 -0.00444927 0.10975917
v 0.01481120 -0.00444927 0.10956342
v 0.01486513 -0.00444927 0.10947541
v 0.01493217 -0.00444927 0.10939691
v 0.01501067 -0.00444927 0.10932986
v 0.01473949 -0.00444927 0.10986208
v 0.01519406 -0.00444927 0.10923643
v 0.01529444 -0.00444927 0.10921233
v 0.01539735 -0.00444927 0.10920423
v 0.01550026 -0.00444927 0.10921233
v 0.01560064 -0.00444927 0.10923643
v 0.01569601 -0.00444927 0.10927593
v 0.01493217 -0.00444927 0.11032726
v 0.01484704 -0.00461953 0.11017980
v 0.01494803 -0.00461953 0.11031141
v 0.01539735 -0.00444927 0.11051994
v 0.01539735 -0.00453513 0.11051431
v 0.01550026 -0.00444927 0.11051184
v 0.01529444 -0.00444927 0.11051184
v 0.01523289 -0.00461953 0.11047587
v 0.01519406 -0.00444927 0.11048774
v 0.01507962 -0.00461953 0.11041239
v 0.01509869 -0.00444927 0.11044824
v 0.01501067 -0.00444927 0.11039430
v 0.01578403 -0.00444927 0.10932986
v 0.01486513 -0.00444927 0.11024876
v 0.01481120 -0.00444927 0.11016075
v 0.01478356 -0.00461953 0.11002655
v 0.01477168 -0.00444927 0.11006538
v 0.01474759 -0.00444927 0.10996500
v 0.01578403 -0.00444927 0.11039430
v 0.01586253 -0.00444927 0.11032726
v 0.01569601 -0.00444927 0.11044824
v 0.01560064 -0.00444927 0.11048774
v 0.01605521 -0.00444927 0.10986208
v 0.01604711 -0.00444927 0.10975917
v 0.01586253 -0.00444927 0.10939691
v 0.01592957 -0.00444927 0.10947541
v 0.01598350 -0.00444927 0.10956342
v 0.01602300 -0.00444927 0.10965879
v 0.01580020 -0.00491444 0.11009467
v 0.01604711 -0.00444927 0.10996500
v 0.01602300 -0.00444927 0.11006538
v 0.01598350 -0.00444927 0.11016075
v 0.01592957 -0.00444927 0.11024876
v 0.01535328 -0.00508471 0.11002655
v 0.01539735 -0.00510149 0.10994795
v 0.01539735 -0.00508471 0.11003235
v 0.01562993 -0.00501899 0.11009467
v 0.01554480 -0.00508471 0.10994722
v 0.01568221 -0.00501899 0.11002655
v 0.01551775 -0.00508471 0.10998248
v 0.01556181 -0.00501899 0.11014695
v 0.01548248 -0.00508471 0.11000953
v 0.01548248 -0.00501899 0.11017980
v 0.01544142 -0.00508471 0.11002655
v 0.01539735 -0.00501899 0.11019101
v 0.01556181 -0.00508471 0.10990615
v 0.01539735 -0.00510713 0.10986208
v 0.01531222 -0.00508471 0.11000953
v 0.01527695 -0.00508471 0.10998248
v 0.01524989 -0.00508471 0.10994722
v 0.01523289 -0.00508471 0.10990615
v 0.01568221 -0.00501899 0.10969762
v 0.01551775 -0.00508471 0.10974169
v 0.01562993 -0.00501899 0.10962950
v 0.01531222 -0.00501899 0.10954437
v 0.01535328 -0.00508471 0.10969762
v 0.01531222 -0.00508471 0.10971463
v 0.01539735 -0.00501899 0.10953316
v 0.01539735 -0.00508471 0.10969182
v 0.01548248 -0.00501899 0.10954437
v 0.01544142 -0.00508471 0.10969762
v 0.01556181 -0.00501899 0.10957722
v 0.01548248 -0.00508471 0.10971463
v 0.01522708 -0.00508471 0.10986208
v 0.01554480 -0.00508471 0.10977695
v 0.01571507 -0.00501899 0.10977695
v 0.01556181 -0.00508471 0.10981802
v 0.01572628 -0.00501899 0.10986208
v 0.01556762 -0.00508471 0.10986208
v 0.01571507 -0.00501899 0.10994722
v 0.01523289 -0.00508471 0.10981802
v 0.01524989 -0.00508471 0.10977695
v 0.01527695 -0.00508471 0.10974169
v 0.01523289 -0.00501899 0.10957722
v 0.01516476 -0.00501899 0.10962950
v 0.01507962 -0.00501899 0.10994722
v 0.01506842 -0.00501899 0.10986208
v 0.01507962 -0.00501899 0.10977695
v 0.01511249 -0.00501899 0.10969762
v 0.01511249 -0.00501899 0.11002655
v 0.01539735 -0.00491444 0.11032726
v 0.01572628 -0.00491444 0.11019101
v 0.01562993 -0.00491444 0.11026493
v 0.01551775 -0.00491444 0.11031141
v 0.01531222 -0.00501899 0.11017980
v 0.01523289 -0.00501899 0.11014695
v 0.01516476 -0.00501899 0.11009467
v 0.01586253 0.00476073 0.11032726
v 0.01592957 0.00476073 0.11024876
v 0.01605521 0.00476073 0.10986208
v 0.01604711 0.00476073 0.10996500
v 0.01602300 0.00476073 0.11006538
v 0.01598350 0.00476073 0.11016075
v 0.01604711 0.00476073 0.10975917
v 0.01578403 0.00476073 0.11039430
v 0.01569601 0.00476073 0.11044824
v 0.01560064 0.00476073 0.11048774
v 0.01550026 0.00476073 0.11051184
v 0.01586253 0.00476073 0.10939691
v 0.01578403 0.00476073 0.10932986
v 0.01539735 0.00476073 0.10920423
v 0.01550026 0.00476073 0.10921233
v 0.01560064 0.00476073 0.10923643
v 0.01569601 0.00476073 0.10927593
v 0.01539735 0.00476073 0.11051994
v 0.01592957 0.00476073 0.10947541
v 0.01598350 0.00476073 0.10956342
v 0.01602300 0.00476073 0.10965879
v 0.01493217 0.00476073 0.10939691
v 0.01486513 0.00476073 0.10947541
v 0.01473949 0.00476073 0.10986208
v 0.01474759 0.00476073 0.10975917
v 0.01477168 0.00476073 0.10965879
v 0.01481120 0.00476073 0.10956342
v 0.01474759 0.00476073 0.10996500
v 0.01501067 0.00476073 0.10932986
v 0.01509869 0.00476073 0.10927593
v 0.01519406 0.00476073 0.10923643
v 0.01529444 0.00476073 0.10921233
v 0.01493217 0.00476073 0.11032726
v 0.01501067 0.00476073 0.11039430
v 0.01529444 0.00476073 0.11051184
v 0.01519406 0.00476073 0.11048774
v 0.01509869 0.00476073 0.11044824
v 0.01486513 0.00476073 0.11024876
v 0.01481120 0.00476073 0.11016075
v 0.01477168 0.00476073 0.11006538
v 0.01556181 0.00533045 0.10957722
v 0.01562993 0.00522590 0.10945924
v 0.01551775 0.00522590 0.10941276
v 0.01523289 0.00533045 0.10957722
v 0.01516476 0.00522590 0.10945924
v 0.01506842 0.00522590 0.10953316
v 0.01531222 0.00533045 0.10954437
v 0.01527695 0.00522590 0.10941276
v 0.01539735 0.00533045 0.10953316
v 0.01539735 0.00522590 0.10939691
v 0.01548248 0.00533045 0.10954437
v 0.01516476 0.00533045 0.10962950
v 0.01562993 0.00533045 0.10962950
v 0.01572628 0.00522590 0.10953316
v 0.01568221 0.00533045 0.10969762
v 0.01580020 0.00522590 0.10962950
v 0.01571507 0.00533045 0.10977695
v 0.01584668 0.00522590 0.10974169
v 0.01572628 0.00533045 0.10986208
v 0.01506842 0.00533045 0.10986208
v 0.01494803 0.00522590 0.10998248
v 0.01507962 0.00533045 0.10994722
v 0.01527695 0.00539617 0.10998248
v 0.01523289 0.00533045 0.11014695
v 0.01531222 0.00539617 0.11000953
v 0.01516476 0.00533045 0.11009467
v 0.01524989 0.00539617 0.10994722
v 0.01511249 0.00533045 0.11002655
v 0.01523289 0.00539617 0.10990615
v 0.01499449 0.00522590 0.11009467
v 0.01586253 0.00522590 0.10986208
v 0.01493217 0.00522590 0.10986208
v 0.01507962 0.00533045 0.10977695
v 0.01494803 0.00522590 0.10974169
v 0.01511249 0.00533045 0.10969762
v 0.01499449 0.00522590 0.10962950
v 0.01484704 0.00508966 0.11000953
v 0.01516476 0.00522590 0.11026493
v 0.01506842 0.00522590 0.11019101
v 0.01499449 0.00508966 0.11026493
v 0.01490396 0.00508966 0.11014695
v 0.01527695 0.00522590 0.11031141
v 0.01482763 0.00508966 0.10986208
v 0.01484704 0.00508966 0.10971463
v 0.01490396 0.00508966 0.10957722
v 0.01499449 0.00508966 0.10945924
v 0.01548248 0.00533045 0.11017980
v 0.01562993 0.00522590 0.11026493
v 0.01556181 0.00533045 0.11014695
v 0.01571507 0.00533045 0.10994722
v 0.01584668 0.00522590 0.10998248
v 0.01568221 0.00533045 0.11002655
v 0.01580020 0.00522590 0.11009467
v 0.01562993 0.00533045 0.11009467
v 0.01572628 0.00522590 0.11019101
v 0.01531222 0.00533045 0.11017980
v 0.01551775 0.00522590 0.11031141
v 0.01539735 0.00533045 0.11019101
v 0.01539735 0.00522590 0.11032726
v 0.01539735 0.00516121 0.11038399
v 0.01522708 0.00539617 0.10986208
v 0.01539735 0.00541858 0.10986208
v 0.01539735 0.00541295 0.10994795
v 0.01544142 0.00539617 0.11002655
v 0.01539735 0.00539617 0.11003235
v 0.01535328 0.00539617 0.11002655
v 0.01548248 0.00539617 0.11000953
v 0.01523289 0.00539617 0.10981802
v 0.01524989 0.00539617 0.10977695
v 0.01527695 0.00539617 0.10974169
v 0.01551775 0.00539617 0.10974169
v 0.01548248 0.00539617 0.10971463
v 0.01531222 0.00539617 0.10971463
v 0.01535328 0.00539617 0.10969762
v 0.01539735 0.00539617 0.10969182
v 0.01544142 0.00539617 0.10969762
v 0.01554480 0.00539617 0.10977695
v 0.01556181 0.00539617 0.10981802
v 0.01556762 0.00539617 0.10986208
v 0.01556181 0.00539617 0.10990615
v 0.01554480 0.00539617 0.10994722
v 0.01551775 0.00539617 0.10998248
v 0.01478356 0.00493099 0.11002655
v 0.01476191 0.00476073 0.11003235
v 0.01482763 0.00476073 0.11019101
v 0.01507962 0.00493099 0.11041239
v 0.01523289 0.00493099 0.11047587
v 0.01511249 0.00508966 0.11035548
v 0.01522708 0.00476073 0.11049753
v 0.01506842 0.00476073 0.11043181
v 0.01494803 0.00493099 0.11031141
v 0.01484704 0.00493099 0.11017980
v 0.01524989 0.00508966 0.11041239
v 0.01476191 0.00493099 0.10986208
v 0.01478356 0.00493099 0.10969762
v 0.01476191 0.00476073 0.10969182
v 0.01484704 0.00493099 0.10954437
v 0.01482763 0.00476073 0.10953316
v 0.01494803 0.00493099 0.10941276
v 0.01568221 0.00508966 0.11035548
v 0.01571507 0.00493099 0.11041239
v 0.01584668 0.00493099 0.11031141
v 0.01596707 0.00508966 0.10986208
v 0.01603279 0.00493099 0.10986208
v 0.01601114 0.00493099 0.10969762
v 0.01594766 0.00508966 0.11000953
v 0.01601114 0.00493099 0.11002655
v 0.01589074 0.00508966 0.11014695
v 0.01594766 0.00493099 0.11017980
v 0.01580020 0.00508966 0.11026493
v 0.01554480 0.00508966 0.11041239
v 0.01556181 0.00493099 0.11047587
v 0.01539735 0.00508966 0.11043181
v 0.01539735 0.00501248 0.11046986
v 0.01539735 0.00493099 0.11049753
v 0.01572628 0.00476073 0.11043181
v 0.01603279 0.00476073 0.10969182
v 0.01603279 0.00476073 0.11003235
v 0.01596707 0.00476073 0.11019101
v 0.01556762 0.00476073 0.11049753
v 0.01539735 0.00484659 0.11051431
v 0.01571507 0.00493099 0.10931178
v 0.01556762 0.00476073 0.10922664
v 0.01556181 0.00493099 0.10924829
v 0.01507962 0.00493099 0.10931178
v 0.01506842 0.00476073 0.10929236
v 0.01523289 0.00493099 0.10924829
v 0.01522708 0.00476073 0.10922664
v 0.01539735 0.00493099 0.10922664
v 0.01594766 0.00508966 0.10971463
v 0.01572628 0.00476073 0.10929236
v 0.01584668 0.00493099 0.10941276
v 0.01594766 0.00493099 0.10954437
v 0.01596707 0.00476073 0.10953316
v 0.01568221 0.00508966 0.10936869
v 0.01554480 0.00508966 0.10931178
v 0.01511249 0.00508966 0.10936869
v 0.01524989 0.00508966 0.10931178
v 0.01539735 0.00508966 0.10929236
v 0.01580020 0.00508966 0.10945924
v 0.01589074 0.00508966 0.10957722
v 0.01539735 -0.00405455 0.12025622
v 0.01539735 -0.00405455 0.10986208
v 0.01539735 0.00436601 0.10986208
v 0.01539735 0.00436601 0.12025622
v 0.01513420 0.00436601 0.12025622
v 0.01524519 0.00436601 0.12038618
v 0.01526578 0.00436601 0.12038779
v 0.01539572 0.00436601 0.12027680
v 0.01539091 0.00436601 0.12029688
v 0.01538301 0.00436601 0.12031595
v 0.01537223 0.00436601 0.12033356
v 0.01535881 0.00436601 0.12034926
v 0.01534311 0.00436601 0.12036267
v 0.01532551 0.00436601 0.12037345
v 0.01530643 0.00436601 0.12038135
v 0.01528636 0.00436601 0.12038618
v 0.01513420 0.00436601 0.10986208
v 0.01522512 0.00436601 0.12038135
v 0.01520604 0.00436601 0.12037345
v 0.01518844 0.00436601 0.12036267
v 0.01517274 0.00436601 0.12034926
v 0.01515934 0.00436601 0.12033356
v 0.01514855 0.00436601 0.12031595
v 0.01514065 0.00436601 0.12029688
v 0.01513583 0.00436601 0.12027680
v 0.01513420 -0.00405455 0.10986208
v 0.01513420 -0.00405455 0.12025622
v 0.01514855 -0.00405455 0.12031595
v 0.01522512 -0.00405455 0.12038135
v 0.01520604 -0.00405455 0.12037345
v 0.01518844 -0.00405455 0.12036267
v 0.01517274 -0.00405455 0.12034926
v 0.01515934 -0.00405455 0.12033356
v 0.01514065 -0.00405455 0.12029688
v 0.01513583 -0.00405455 0.12027680
v 0.01539091 -0.00405455 0.12029688
v 0.01539572 -0.00405455 0.12027680
v 0.01532551 -0.00405455 0.12037345
v 0.01538301 -0.00405455 0.12031595
v 0.01537223 -0.00405455 0.12033356
v 0.01535881 -0.00405455 0.12034926
v 0.01534311 -0.00405455 0.12036267
v 0.01530643 -0.00405455 0.12038135
v 0.01528636 -0.00405455 0.12038618
v 0.01526578 -0.00405455 0.12038779
v 0.01524519 -0.00405455 0.12038618
v 0.00609904 0.00410287 0.10986208
v 0.01513420 0.00410287 0.10986208
v 0.01513420 0.00410287 0.12018799
v 0.00609904 0.00436601 0.10986208
v 0.01513420 0.00436601 0.12018799
v 0.00592421 0.00423444 0.10986208
v 0.00592637 0.00425503 0.10986208
v 0.00607169 0.00410449 0.10986208
v 0.00604501 0.00410931 0.10986208
v 0.00601967 0.00411721 0.10986208
v 0.00599628 0.00412799 0.10986208
v 0.00597542 0.00414141 0.10986208
v 0.00595760 0.00415711 0.10986208
v 0.00594327 0.00417471 0.10986208
v 0.00593277 0.00419378 0.10986208
v 0.00592637 0.00421386 0.10986208
v 0.00593277 0.00427510 0.10986208
v 0.00594327 0.00429418 0.10986208
v 0.00595760 0.00431177 0.10986208
v 0.00597542 0.00432747 0.10986208
v 0.00599628 0.00434088 0.10986208
v 0.00601967 0.00435167 0.10986208
v 0.00604501 0.00435957 0.10986208
v 0.00607169 0.00436439 0.10986208
v 0.01513420 0.00411721 0.12027870
v 0.01513420 0.00410931 0.12024973
v 0.01513420 0.00417471 0.12036602
v 0.01513420 0.00415711 0.12034964
v 0.01513420 0.00414141 0.12032927
v 0.01513420 0.00412799 0.12030543
v 0.01513420 0.00419378 0.12037802
v 0.01513420 0.00410449 0.12021924
v 0.01513420 0.00423444 0.12038779
v 0.01513420 0.00421386 0.12038533
v 0.01513420 0.00427510 0.12037802
v 0.01513420 0.00425503 0.12038533
v 0.01513420 0.00435957 0.12024973
v 0.01513420 0.00436439 0.12021924
v 0.01513420 0.00429418 0.12036602
v 0.01513420 0.00435167 0.12027870
v 0.01513420 0.00434088 0.12030543
v 0.01513420 0.00432747 0.12032927
v 0.01513420 0.00431177 0.12034964
v 0.00609904 -0.00405455 0.10986208
v 0.01513420 -0.00405455 0.12018799
v 0.01513420 -0.00379141 0.10986208
v 0.00609904 -0.00379141 0.10986208
v 0.01513420 -0.00379141 0.12018799
v 0.01513420 -0.00392298 0.12038779
v 0.01513420 -0.00394357 0.12038533
v 0.01513420 -0.00379303 0.12021924
v 0.01513420 -0.00379785 0.12024973
v 0.01513420 -0.00380576 0.12027870
v 0.01513420 -0.00381654 0.12030543
v 0.01513420 -0.00382995 0.12032927
v 0.01513420 -0.00384565 0.12034964
v 0.01513420 -0.00386325 0.12036602
v 0.01513420 -0.00388233 0.12037802
v 0.01513420 -0.00390240 0.12038533
v 0.01513420 -0.00396364 0.12037802
v 0.01513420 -0.00398272 0.12036602
v 0.01513420 -0.00400031 0.12034964
v 0.01513420 -0.00401601 0.12032927
v 0.01513420 -0.00402942 0.12030543
v 0.01513420 -0.00404022 0.12027870
v 0.01513420 -0.00404812 0.12024973
v 0.01513420 -0.00405293 0.12021924
v 0.00601967 -0.00380576 0.10986208
v 0.00604501 -0.00379785 0.10986208
v 0.00594327 -0.00386325 0.10986208
v 0.00595760 -0.00384565 0.10986208
v 0.00597542 -0.00382995 0.10986208
v 0.00599628 -0.00381654 0.10986208
v 0.00593277 -0.00388233 0.10986208
v 0.00607169 -0.00379303 0.10986208
v 0.00592421 -0.00392298 0.10986208
v 0.00592637 -0.00390240 0.10986208
v 0.00593277 -0.00396364 0.10986208
v 0.00592637 -0.00394357 0.10986208
v 0.00604501 -0.00404812 0.10986208
v 0.00607169 -0.00405293 0.10986208
v 0.00594327 -0.00398272 0.10986208
v 0.00601967 -0.00404022 0.10986208
v 0.00599628 -0.00402942 0.10986208
v 0.00597542 -0.00401601 0.10986208
v 0.00595760 -0.00400031 0.10986208
v -0.02284588 -0.02046585 0.00263143
v -0.02098517 -0.01860515 0.00000000
v -0.01939203 -0.02341571 0.00263143
v -0.00237817 -0.02894385 0.00263143
v -0.00649463 -0.02598845 0.00000000
v -0.00237817 -0.02631243 0.00000000
v -0.00690628 -0.02858748 0.00263143
v -0.01050973 -0.02502451 0.00000000
v -0.01132288 -0.02752715 0.00263143
v -0.01432460 -0.02344434 0.00000000
v -0.01551925 -0.02578896 0.00263143
v -0.01784532 -0.02128684 0.00000000
v 0.00214993 -0.02858748 0.00263143
v -0.02366686 -0.01546529 0.00000000
v -0.02579573 -0.01701201 0.00263143
v -0.02582436 -0.01194458 0.00000000
v -0.02816898 -0.01313922 0.00263143
v -0.02740453 -0.00812971 0.00000000
v -0.02990717 -0.00894286 0.00263143
v -0.02836848 -0.00411461 0.00000000
v -0.03096750 -0.00452625 0.00263143
v -0.02869245 0.00000185 0.00000000
v 0.01808953 -0.02046585 0.00263143
v 0.01622883 -0.01860515 0.00000000
v 0.02103939 -0.01701201 0.00263143
v 0.02656753 0.00000185 0.00263143
v 0.02361213 -0.00411461 0.00000000
v 0.02393610 0.00000185 0.00000000
v 0.02621116 -0.00452625 0.00263143
v 0.02264819 -0.00812971 0.00000000
v 0.02515083 -0.00894286 0.00263143
v 0.02106801 -0.01194458 0.00000000
v 0.02341263 -0.01313922 0.00263143
v 0.01891052 -0.01546529 0.00000000
v -0.03132387 0.00000185 0.00263143
v 0.01308897 -0.02128684 0.00000000
v 0.01463568 -0.02341571 0.00263143
v 0.00956826 -0.02344434 0.00000000
v 0.01076290 -0.02578896 0.00263143
v 0.00575339 -0.02502451 0.00000000
v 0.00656654 -0.02752715 0.00263143
v 0.00173829 -0.02598845 0.00000000
v 0.01808953 0.02046955 0.00263143
v 0.01622883 0.01860884 0.00000000
v 0.01463568 0.02341941 0.00263143
v -0.00237817 0.02894754 0.00263143
v 0.00173829 0.02599215 0.00000000
v -0.00237817 0.02631612 0.00000000
v 0.00214993 0.02859118 0.00263143
v 0.00575339 0.02502821 0.00000000
v 0.00656654 0.02753085 0.00263143
v 0.00956826 0.02344804 0.00000000
v 0.01076290 0.02579266 0.00263143
v 0.01308897 0.02129054 0.00000000
v -0.00690628 0.02859118 0.00263143
v 0.01891052 0.01546899 0.00000000
v 0.02103939 0.01701571 0.00263143
v 0.02106801 0.01194828 0.00000000
v 0.02341263 0.01314292 0.00263143
v 0.02264819 0.00813341 0.00000000
v 0.02515083 0.00894656 0.00263143
v 0.02361213 0.00411831 0.00000000
v 0.02621116 0.00452995 0.00263143
v -0.02284588 0.02046955 0.00263143
v -0.02098517 0.01860884 0.00000000
v -0.02579573 0.01701571 0.00263143
v -0.02836848 0.00411831 0.00000000
v -0.03096750 0.00452995 0.00263143
v -0.02740453 0.00813341 0.00000000
v -0.02990717 0.00894656 0.00263143
v -0.02582436 0.01194828 0.00000000
v -0.02816898 0.01314292 0.00263143
v -0.02366686 0.01546899 0.00000000
v -0.01784532 0.02129054 0.00000000
v -0.01939203 0.02341941 0.00263143
v -0.01432460 0.02344804 0.00000000
v -0.01551925 0.02579266 0.00263143
v -0.01050973 0.02502821 0.00000000
v -0.01132288 0.02753085 0.00263143
v -0.00649463 0.02599215 0.00000000
v -0.00670046 0.02729166 0.00526285
v 0.02491164 0.00432413 0.00526285
v -0.00237817 0.02763183 0.00526285
v -0.03000816 0.00000185 0.00526285
v -0.02966799 0.00432413 0.00526285
v -0.02865585 0.00853998 0.00526285
v -0.02699667 0.01254560 0.00526285
v -0.02473130 0.01624234 0.00526285
v -0.02191552 0.01953920 0.00526285
v -0.01861867 0.02235497 0.00526285
v -0.01492192 0.02462035 0.00526285
v -0.01091631 0.02627953 0.00526285
v -0.02966799 -0.00432043 0.00526285
v 0.00194411 0.02729166 0.00526285
v 0.00615996 0.02627953 0.00526285
v 0.01016558 0.02462035 0.00526285
v 0.01386232 0.02235497 0.00526285
v 0.01715918 0.01953920 0.00526285
v 0.01997495 0.01624234 0.00526285
v 0.02224032 0.01254560 0.00526285
v 0.02389951 0.00853998 0.00526285
v -0.00237817 -0.02762814 0.00526285
v -0.00670046 -0.02728797 0.00526285
v 0.02491164 -0.00432043 0.00526285
v 0.02389951 -0.00853629 0.00526285
v 0.02224032 -0.01254190 0.00526285
v 0.01997495 -0.01623865 0.00526285
v 0.01715918 -0.01953550 0.00526285
v 0.01386232 -0.02235128 0.00526285
v 0.01016558 -0.02461665 0.00526285
v 0.00615996 -0.02627583 0.00526285
v 0.00194411 -0.02728797 0.00526285
v 0.02525181 0.00000185 0.00526285
v -0.01091631 -0.02627583 0.00526285
v -0.01492192 -0.02461665 0.00526285
v -0.01861867 -0.02235128 0.00526285
v -0.02191552 -0.01953550 0.00526285
v -0.02473130 -0.01623865 0.00526285
v -0.02699667 -0.01254190 0.00526285
v -0.02865585 -0.00853629 0.00526285
v 0.01808953 0.02046955 0.00394714
v 0.01463568 0.02341941 0.00394714
v -0.00237817 0.02894754 0.00394714
v 0.00214993 0.02859118 0.00394714
v 0.00656654 0.02753085 0.00394714
v 0.01076290 0.02579266 0.00394714
v -0.00690628 0.02859118 0.00394714
v 0.02103939 0.01701571 0.00394714
v 0.02341263 0.01314292 0.00394714
v 0.02515083 0.00894656 0.00394714
v 0.02621116 0.00452995 0.00394714
v -0.02284588 0.02046955 0.00394714
v -0.02579573 0.01701571 0.00394714
v -0.03132387 0.00000185 0.00394714
v -0.03096750 0.00452995 0.00394714
v -0.02990717 0.00894656 0.00394714
v -0.02816898 0.01314292 0.00394714
v 0.02656753 0.00000185 0.00394714
v -0.01939203 0.02341941 0.00394714
v -0.01551925 0.02579266 0.00394714
v -0.01132288 0.02753085 0.00394714
v -0.02284588 -0.02046585 0.00394714
v -0.01939203 -0.02341571 0.00394714
v -0.00237817 -0.02894385 0.00394714
v -0.00690628 -0.02858748 0.00394714
v -0.01132288 -0.02752715 0.00394714
v -0.01551925 -0.02578896 0.00394714
v 0.00214993 -0.02858748 0.00394714
v -0.02579573 -0.01701201 0.00394714
v -0.02816898 -0.01313922 0.00394714
v -0.02990717 -0.00894286 0.00394714
v -0.03096750 -0.00452625 0.00394714
v 0.01808953 -0.02046585 0.00394714
v 0.02103939 -0.01701201 0.00394714
v 0.02621116 -0.00452625 0.00394714
v 0.02515083 -0.00894286 0.00394714
v 0.02341263 -0.01313922 0.00394714
v 0.01463568 -0.02341571 0.00394714
v 0.01076290 -0.02578896 0.00394714
v 0.00656654 -0.02752715 0.00394714
v -0.00982424 -0.02778728 0.00460500
v -0.01676289 -0.02491321 0.00460500
v -0.00985826 -0.02791425 0.00428767
v -0.03029427 -0.00747825 0.00428767
v -0.03127904 0.00000185 0.00428767
v -0.03016730 -0.00744423 0.00460500
v -0.02740706 -0.01444858 0.00428767
v -0.02729323 -0.01438286 0.00460500
v -0.02281418 -0.02043415 0.00428767
v -0.02272123 -0.02034120 0.00460500
v -0.01682861 -0.02502704 0.00428767
v -0.01665834 -0.02473213 0.00487749
v -0.00977013 -0.02758532 0.00487749
v -0.00237817 -0.02876757 0.00460500
v -0.00237817 -0.02855848 0.00487749
v 0.00506791 -0.02778728 0.00460500
v 0.00501379 -0.02758532 0.00487749
v 0.01200654 -0.02491321 0.00460500
v 0.01190199 -0.02473213 0.00487749
v 0.01796488 -0.02034120 0.00460500
v -0.01682861 0.02503074 0.00428767
v -0.00982424 0.02779098 0.00460500
v -0.00985826 0.02791795 0.00428767
v 0.01805783 0.02043785 0.00428767
v 0.01796488 0.02034490 0.00460500
v 0.02253689 0.01438656 0.00460500
v 0.01207226 0.02503074 0.00428767
v 0.01200654 0.02491691 0.00460500
v 0.00510193 0.02791795 0.00428767
v 0.00506791 0.02779098 0.00460500
v -0.00237817 0.02890271 0.00428767
v -0.00237817 0.02877127 0.00460500
v 0.01781703 -0.02019335 0.00487749
v -0.01676289 0.02491691 0.00460500
v -0.02281418 0.02043785 0.00428767
v -0.02272123 0.02034490 0.00460500
v -0.02740706 0.01445228 0.00428767
v -0.02729323 0.01438656 0.00460500
v -0.03029427 0.00748194 0.00428767
v -0.03016730 0.00744793 0.00460500
v -0.03114759 0.00000185 0.00460500
v -0.00977013 0.02758902 0.00487749
v -0.01665834 0.02473583 0.00487749
v -0.02257338 0.02019705 0.00487749
v -0.02711215 0.01428201 0.00487749
v -0.02996534 0.00739381 0.00487749
v -0.00237817 0.02856218 0.00487749
v -0.02996534 -0.00739011 0.00487749
v -0.02711215 -0.01427832 0.00487749
v -0.02257338 -0.02019335 0.00487749
v -0.02238070 -0.02000067 0.00508658
v 0.02235580 0.01428201 0.00487749
v 0.02520899 0.00739381 0.00487749
v 0.02253689 -0.01438286 0.00460500
v 0.02235580 -0.01427832 0.00487749
v 0.02541096 -0.00744423 0.00460500
v 0.02520899 -0.00739011 0.00487749
v 0.02639126 0.00000185 0.00460500
v 0.02618216 0.00000185 0.00487749
v 0.02541096 0.00744793 0.00460500
v 0.02265071 0.01445228 0.00428767
v 0.01781703 0.02019705 0.00487749
v 0.01190199 0.02473583 0.00487749
v 0.00501379 0.02758902 0.00487749
v 0.02553792 0.00748194 0.00428767
v 0.02265071 -0.01444858 0.00428767
v 0.01805783 -0.02043415 0.00428767
v -0.00237817 -0.02889901 0.00428767
v 0.00510193 -0.02791425 0.00428767
v 0.01207226 -0.02502704 0.00428767
v 0.02553792 -0.00747825 0.00428767
v 0.02652269 0.00000185 0.00428767
v -0.01652210 -0.02449614 0.00508658
v 0.00486113 -0.02701560 0.00521802
v -0.00237817 -0.02796866 0.00521802
v -0.02215632 -0.01977629 0.00521802
v -0.01636343 -0.02422133 0.00521802
v -0.00961747 -0.02701560 0.00521802
v -0.02660135 -0.01398341 0.00521802
v 0.01160708 -0.02422133 0.00521802
v 0.01739997 -0.01977629 0.00521802
v 0.02184501 -0.01398341 0.00521802
v -0.03093851 0.00000185 0.00487749
v -0.03066602 0.00000185 0.00508658
v -0.02970213 0.00732328 0.00508658
v -0.01652210 0.02449984 0.00508658
v -0.00961747 0.02701930 0.00521802
v -0.00969960 0.02732581 0.00508658
v -0.01636343 0.02422503 0.00521802
v -0.02238070 0.02000437 0.00508658
v -0.02215632 0.01977999 0.00521802
v -0.02687616 0.01414577 0.00508658
v -0.02660135 0.01398710 0.00521802
v -0.02939562 0.00724115 0.00521802
v 0.02463928 -0.00723745 0.00521802
v -0.02970213 -0.00731958 0.00508658
v -0.02939562 -0.00723745 0.00521802
v -0.02687616 -0.01414208 0.00508658
v -0.00237817 0.02797236 0.00521802
v 0.00486113 0.02701930 0.00521802
v -0.03034869 0.00000185 0.00521802
v 0.02184501 0.01398710 0.00521802
v 0.02559234 0.00000185 0.00521802
v 0.02463928 0.00724115 0.00521802
v 0.01739997 0.01977999 0.00521802
v 0.01160708 0.02422503 0.00521802
v -0.00237817 0.02828969 0.00508658
v 0.02211981 0.01414577 0.00508658
v 0.01762435 0.02000437 0.00508658
v 0.01176575 0.02449984 0.00508658
v 0.00494326 0.02732581 0.00508658
v 0.02494579 0.00732328 0.00508658
v 0.01762435 -0.02000067 0.00508658
v 0.01176575 -0.02449614 0.00508658
v -0.00969960 -0.02732211 0.00508658
v -0.00237817 -0.02828600 0.00508658
v 0.00494326 -0.02732211 0.00508658
v 0.02211981 -0.01414208 0.00508658
v 0.02494579 -0.00731958 0.00508658
v 0.02590967 0.00000185 0.00508658
v 0.00352691 0.03073626 0.09999423
v 0.00538498 0.02940773 0.09999423
v 0.00018691 0.03023102 0.09999423
v 0.00236459 0.03092036 0.09999423
v 0.00260270 0.03097207 0.09999423
v 0.00284625 0.03097898 0.09999423
v 0.00308692 0.03094086 0.09999423
v 0.00331643 0.03085902 0.09999423
v 0.00352691 0.03073626 0.10657280
v 0.00538498 0.02940773 0.10657280
v 0.00018691 0.03023102 0.10657280
v 0.00236459 0.03092036 0.10657280
v 0.00284625 0.03097898 0.10657280
v 0.00260270 0.03097207 0.10657280
v 0.00308692 0.03094086 0.10657280
v 0.00331643 0.03085902 0.10657280
v 0.00826213 0.02943412 0.09999423
v 0.00988950 0.02783128 0.09999423
v 0.00488422 0.02945758 0.09999423
v 0.00714291 0.02979777 0.09999423
v 0.00738618 0.02981159 0.09999423
v 0.00762783 0.02978032 0.09999423
v 0.00785956 0.02970503 0.09999423
v 0.00807344 0.02958829 0.09999423
v 0.00826213 0.02943412 0.10657280
v 0.00988950 0.02783128 0.10657280
v 0.00488422 0.02945758 0.10657280
v 0.00714291 0.02979777 0.10657280
v 0.00762783 0.02978032 0.10657280
v 0.00738618 0.02981159 0.10657280
v 0.00785956 0.02970503 0.10657280
v 0.00807344 0.02958829 0.10657280
v 0.01273535 0.02740725 0.09999423
v 0.01409194 0.02556956 0.09999423
v 0.00940270 0.02795885 0.09999423
v 0.01168680 0.02794151 0.09999423
v 0.01192924 0.02791710 0.09999423
v 0.01216301 0.02784841 0.09999423
v 0.01238012 0.02773779 0.09999423
v 0.01257310 0.02758904 0.09999423
v 0.01273535 0.02740725 0.10657280
v 0.01409194 0.02556956 0.10657280
v 0.00940270 0.02795885 0.10657280
v 0.01168680 0.02794151 0.10657280
v 0.01216301 0.02784841 0.10657280
v 0.01192924 0.02791710 0.10657280
v 0.01238012 0.02773779 0.10657280
v 0.01257310 0.02758904 0.10657280
v 0.01683642 0.02470556 0.09999423
v 0.01788884 0.02267829 0.09999423
v 0.01363110 0.02577172 0.09999423
v 0.01588437 0.02539728 0.09999423
v 0.01612000 0.02533524 0.09999423
v 0.01634015 0.02523084 0.09999423
v 0.01653728 0.02508761 0.09999423
v 0.01670461 0.02491050 0.09999423
v 0.01683642 0.02470556 0.10657280
v 0.01788884 0.02267829 0.10657280
v 0.01363110 0.02577172 0.10657280
v 0.01588437 0.02539728 0.10657280
v 0.01634015 0.02523084 0.10657280
v 0.01612000 0.02533524 0.10657280
v 0.01653728 0.02508761 0.10657280
v 0.01670461 0.02491050 0.10657280
v 0.02046437 0.02139560 0.09999423
v 0.02118669 0.01922865 0.09999423
v 0.01746529 0.02295004 0.09999423
v 0.01963224 0.02222773 0.09999423
v 0.01985527 0.02212960 0.09999423
v 0.02005638 0.02199203 0.09999423
v 0.02022868 0.02181974 0.09999423
v 0.02036625 0.02161863 0.09999423
v 0.02046437 0.02139560 0.10657280
v 0.02118669 0.01922865 0.10657280
v 0.01746529 0.02295004 0.10657280
v 0.01963224 0.02222773 0.10657280
v 0.02005638 0.02199203 0.10657280
v 0.01985527 0.02212960 0.10657280
v 0.02022868 0.02181974 0.10657280
v 0.02036625 0.02161863 0.10657280
v 0.02352987 0.01755884 0.09999423
v 0.02390430 0.01530558 0.09999423
v 0.02081088 0.01956332 0.09999423
v 0.02283815 0.01851090 0.09999423
v 0.02304309 0.01837909 0.09999423
v 0.02322020 0.01821176 0.09999423
v 0.02336341 0.01801463 0.09999423
v 0.02346783 0.01779447 0.09999423
v 0.02352987 0.01755884 0.10657280
v 0.02390430 0.01530558 0.10657280
v 0.02081088 0.01956332 0.10657280
v 0.02283815 0.01851090 0.10657280
v 0.02322020 0.01821176 0.10657280
v 0.02304309 0.01837909 0.10657280
v 0.02336341 0.01801463 0.10657280
v 0.02346783 0.01779447 0.10657280
v 0.02595741 0.01328978 0.09999423
v 0.02597475 0.01100568 0.09999423
v 0.02358547 0.01569492 0.09999423
v 0.02542315 0.01433833 0.09999423
v 0.02560494 0.01417608 0.09999423
v 0.02575370 0.01398310 0.09999423
v 0.02586432 0.01376599 0.09999423
v 0.02593301 0.01353222 0.09999423
v 0.02595741 0.01328978 0.10657280
v 0.02597475 0.01100568 0.10657280
v 0.02358547 0.01569492 0.10657280
v 0.02542315 0.01433833 0.10657280
v 0.02575370 0.01398310 0.10657280
v 0.02560494 0.01417608 0.10657280
v 0.02586432 0.01376599 0.10657280
v 0.02593301 0.01353222 0.10657280
v 0.02768724 0.00869352 0.09999423
v 0.02734705 0.00643483 0.09999423
v 0.02572074 0.01144010 0.09999423
v 0.02732358 0.00981273 0.09999423
v 0.02747776 0.00962404 0.09999423
v 0.02759449 0.00941017 0.09999423
v 0.02766979 0.00917843 0.09999423
v 0.02770107 0.00893679 0.09999423
v 0.02768724 0.00869352 0.10657280
v 0.02734705 0.00643483 0.10657280
v 0.02572074 0.01144010 0.10657280
v 0.02732358 0.00981273 0.10657280
v 0.02759449 0.00941017 0.10657280
v 0.02747776 0.00962404 0.10657280
v 0.02766979 0.00917843 0.10657280
v 0.02770107 0.00893679 0.10657280
v 0.02867676 0.00388325 0.09999423
v 0.02798742 0.00170557 0.09999423
v 0.02716414 0.00690364 0.09999423
v 0.02849267 0.00504557 0.09999423
v 0.02861543 0.00483509 0.09999423
v 0.02869727 0.00460558 0.09999423
v 0.02873538 0.00436491 0.09999423
v 0.02872848 0.00412136 0.09999423
v 0.02867676 0.00388325 0.10657280
v 0.02798742 0.00170557 0.10657280
v 0.02716414 0.00690364 0.10657280
v 0.02849267 0.00504557 0.10657280
v 0.02869727 0.00460558 0.10657280
v 0.02861543 0.00483509 0.10657280
v 0.02873538 0.00436491 0.10657280
v 0.02872848 0.00412136 0.10657280
v 0.02890161 -0.00102260 0.09999423
v 0.02788010 -0.00306563 0.09999423
v 0.02788010 0.00219723 0.09999423
v 0.02890161 0.00015420 0.09999423
v 0.02898993 -0.00007289 0.09999423
v 0.02903486 -0.00031237 0.09999423
v 0.02903486 -0.00055603 0.09999423
v 0.02898993 -0.00079551 0.09999423
v 0.02890161 -0.00102260 0.10657280
v 0.02788010 -0.00306563 0.10657280
v 0.02788010 0.00219723 0.10657280
v 0.02890161 0.00015420 0.10657280
v 0.02903486 -0.00031237 0.10657280
v 0.02898993 -0.00007289 0.10657280
v 0.02903486 -0.00055603 0.10657280
v 0.02898993 -0.00079551 0.10657280
v 0.02835624 -0.00590323 0.09999423
v 0.02702771 -0.00776130 0.09999423
v 0.02785101 -0.00256324 0.09999423
v 0.02854034 -0.00474091 0.09999423
v 0.02859205 -0.00497902 0.09999423
v 0.02859896 -0.00522258 0.09999423
v 0.02856084 -0.00546325 0.09999423
v 0.02847900 -0.00569275 0.09999423
v 0.02835624 -0.00590323 0.10657280
v 0.02702771 -0.00776130 0.10657280
v 0.02785101 -0.00256324 0.10657280
v 0.02854034 -0.00474091 0.10657280
v 0.02859896 -0.00522258 0.10657280
v 0.02859205 -0.00497902 0.10657280
v 0.02856084 -0.00546325 0.10657280
v 0.02847900 -0.00569275 0.10657280
v 0.02705409 -0.01063845 0.09999423
v 0.02545125 -0.01226581 0.09999423
v 0.02707756 -0.00726054 0.09999423
v 0.02741775 -0.00951923 0.09999423
v 0.02743157 -0.00976250 0.09999423
v 0.02740030 -0.01000415 0.09999423
v 0.02732500 -0.01023589 0.09999423
v 0.02720827 -0.01044976 0.09999423
v 0.02705409 -0.01063845 0.10657280
v 0.02545125 -0.01226581 0.10657280
v 0.02707756 -0.00726054 0.10657280
v 0.02741775 -0.00951923 0.10657280
v 0.02740030 -0.01000415 0.10657280
v 0.02743157 -0.00976250 0.10657280
v 0.02732500 -0.01023589 0.10657280
v 0.02720827 -0.01044976 0.10657280
v 0.02502723 -0.01511167 0.09999423
v 0.02318954 -0.01646825 0.09999423
v 0.02557882 -0.01177902 0.09999423
v 0.02556149 -0.01406313 0.09999423
v 0.02553708 -0.01430556 0.09999423
v 0.02546839 -0.01453934 0.09999423
v 0.02535777 -0.01475645 0.09999423
v 0.02520902 -0.01494943 0.09999423
v 0.02502723 -0.01511167 0.10657280
v 0.02318954 -0.01646825 0.10657280
v 0.02557882 -0.01177902 0.10657280
v 0.02556149 -0.01406313 0.10657280
v 0.02546839 -0.01453934 0.10657280
v 0.02553708 -0.01430556 0.10657280
v 0.02535777 -0.01475645 0.10657280
v 0.02520902 -0.01494943 0.10657280
v 0.02232555 -0.01921274 0.09999423
v 0.02029827 -0.02026516 0.09999423
v 0.02339169 -0.01600742 0.09999423
v 0.02301726 -0.01826069 0.09999423
v 0.02295522 -0.01849632 0.09999423
v 0.02285081 -0.01871648 0.09999423
v 0.02270759 -0.01891361 0.09999423
v 0.02253047 -0.01908094 0.09999423
v 0.02232555 -0.01921274 0.10657280
v 0.02029827 -0.02026516 0.10657280
v 0.02339169 -0.01600742 0.10657280
v 0.02301726 -0.01826069 0.10657280
v 0.02285081 -0.01871648 0.10657280
v 0.02295522 -0.01849632 0.10657280
v 0.02270759 -0.01891361 0.10657280
v 0.02253047 -0.01908094 0.10657280
v 0.01901557 -0.02284069 0.09999423
v 0.01684863 -0.02356301 0.09999423
v 0.02057002 -0.01984161 0.09999423
v 0.01984771 -0.02200856 0.09999423
v 0.01974958 -0.02223160 0.09999423
v 0.01961201 -0.02243270 0.09999423
v 0.01943971 -0.02260500 0.09999423
v 0.01923861 -0.02274257 0.09999423
v 0.01901557 -0.02284069 0.10657280
v 0.01684863 -0.02356301 0.10657280
v 0.02057002 -0.01984161 0.10657280
v 0.01984771 -0.02200856 0.10657280
v 0.01961201 -0.02243270 0.10657280
v 0.01974958 -0.02223160 0.10657280
v 0.01943971 -0.02260500 0.10657280
v 0.01923861 -0.02274257 0.10657280
v 0.01517882 -0.02590618 0.09999423
v 0.01292555 -0.02628063 0.09999423
v 0.01718329 -0.02318719 0.09999423
v 0.01613088 -0.02521447 0.09999423
v 0.01599907 -0.02541941 0.09999423
v 0.01583174 -0.02559652 0.09999423
v 0.01563461 -0.02573974 0.09999423
v 0.01541445 -0.02584416 0.09999423
v 0.01517882 -0.02590618 0.10657280
v 0.01292555 -0.02628063 0.10657280
v 0.01718329 -0.02318719 0.10657280
v 0.01613088 -0.02521447 0.10657280
v 0.01583174 -0.02559652 0.10657280
v 0.01599907 -0.02541941 0.10657280
v 0.01563461 -0.02573974 0.10657280
v 0.01541445 -0.02584416 0.10657280
v 0.01090976 -0.02833373 0.09999423
v 0.00862566 -0.02835107 0.09999423
v 0.01331490 -0.02596179 0.09999423
v 0.01195830 -0.02779947 0.09999423
v 0.01179606 -0.02798126 0.09999423
v 0.01160308 -0.02813002 0.09999423
v 0.01138598 -0.02824064 0.09999423
v 0.01115219 -0.02830933 0.09999423
v 0.01090976 -0.02833373 0.10657280
v 0.00862566 -0.02835107 0.10657280
v 0.01331490 -0.02596179 0.10657280
v 0.01195830 -0.02779947 0.10657280
v 0.01160308 -0.02813002 0.10657280
v 0.01179606 -0.02798126 0.10657280
v 0.01138598 -0.02824064 0.10657280
v 0.01115219 -0.02830933 0.10657280
v 0.00631349 -0.03006356 0.09999423
v 0.00405480 -0.02972338 0.09999423
v 0.00906008 -0.02809707 0.09999423
v 0.00743271 -0.02969991 0.09999423
v 0.00724403 -0.02985408 0.09999423
v 0.00703015 -0.02997082 0.09999423
v 0.00679841 -0.03004612 0.09999423
v 0.00655677 -0.03007739 0.09999423
v 0.00631349 -0.03006356 0.10657280
v 0.00405480 -0.02972338 0.10657280
v 0.00906008 -0.02809707 0.10657280
v 0.00743271 -0.02969991 0.10657280
v 0.00703015 -0.02997082 0.10657280
v 0.00724403 -0.02985408 0.10657280
v 0.00679841 -0.03004612 0.10657280
v 0.00655677 -0.03007739 0.10657280
v 0.00150323 -0.03105309 0.09999423
v -0.00067445 -0.03036375 0.09999423
v 0.00452361 -0.02954046 0.09999423
v 0.00266555 -0.03086899 0.09999423
v 0.00245507 -0.03099175 0.09999423
v 0.00222556 -0.03107359 0.09999423
v 0.00198490 -0.03111171 0.09999423
v 0.00174133 -0.03110480 0.09999423
v 0.00150323 -0.03105309 0.10657280
v -0.00067445 -0.03036375 0.10657280
v 0.00452361 -0.02954046 0.10657280
v 0.00266555 -0.03086899 0.10657280
v 0.00222556 -0.03107359 0.10657280
v 0.00245507 -0.03099175 0.10657280
v 0.00198490 -0.03111171 0.10657280
v 0.00174133 -0.03110480 0.10657280
v -0.00340262 -0.03127793 0.09999423
v -0.00544565 -0.03025643 0.09999423
v -0.00018279 -0.03025643 0.09999423
v -0.00222582 -0.03127793 0.09999423
v -0.00245291 -0.03136625 0.09999423
v -0.00269239 -0.03141119 0.09999423
v -0.00293605 -0.03141119 0.09999423
v -0.00317553 -0.03136625 0.09999423
v -0.00340262 -0.03127793 0.10657280
v -0.00544565 -0.03025643 0.10657280
v -0.00018279 -0.03025643 0.10657280
v -0.00222582 -0.03127793 0.10657280
v -0.00269239 -0.03141119 0.10657280
v -0.00245291 -0.03136625 0.10657280
v -0.00293605 -0.03141119 0.10657280
v -0.00317553 -0.03136625 0.10657280
v -0.00828325 -0.03073256 0.09999423
v -0.01014132 -0.02940403 0.09999423
v -0.00494326 -0.03022733 0.09999423
v -0.00712092 -0.03091666 0.09999423
v -0.00735904 -0.03096837 0.09999423
v -0.00760260 -0.03097528 0.09999423
v -0.00784327 -0.03093717 0.09999423
v -0.00807277 -0.03085533 0.09999423
v -0.00828325 -0.03073256 0.10657280
v -0.01014132 -0.02940403 0.10657280
v -0.00494326 -0.03022733 0.10657280
v -0.00712092 -0.03091666 0.10657280
v -0.00760260 -0.03097528 0.10657280
v -0.00735904 -0.03096837 0.10657280
v -0.00784327 -0.03093717 0.10657280
v -0.00807277 -0.03085533 0.10657280
v -0.01301847 -0.02943042 0.09999423
v -0.01464583 -0.02782758 0.09999423
v -0.00964057 -0.02945389 0.09999423
v -0.01189926 -0.02979407 0.09999423
v -0.01214252 -0.02980789 0.09999423
v -0.01238417 -0.02977662 0.09999423
v -0.01261591 -0.02970133 0.09999423
v -0.01282978 -0.02958459 0.09999423
v -0.01301847 -0.02943042 0.10657280
v -0.01464583 -0.02782758 0.10657280
v -0.00964057 -0.02945389 0.10657280
v -0.01189926 -0.02979407 0.10657280
v -0.01238417 -0.02977662 0.10657280
v -0.01214252 -0.02980789 0.10657280
v -0.01261591 -0.02970133 0.10657280
v -0.01282978 -0.02958459 0.10657280
v -0.01749169 -0.02740355 0.09999423
v -0.01884828 -0.02556586 0.09999423
v -0.01415905 -0.02795515 0.09999423
v -0.01644315 -0.02793781 0.09999423
v -0.01668559 -0.02791340 0.09999423
v -0.01691936 -0.02784471 0.09999423
v -0.01713647 -0.02773409 0.09999423
v -0.01732945 -0.02758534 0.09999423
v -0.01749169 -0.02740355 0.10657280
v -0.01884828 -0.02556586 0.10657280
v -0.01415905 -0.02795515 0.10657280
v -0.01644315 -0.02793781 0.10657280
v -0.01691936 -0.02784471 0.10657280
v -0.01668559 -0.02791340 0.10657280
v -0.01713647 -0.02773409 0.10657280
v -0.01732945 -0.02758534 0.10657280
v -0.02159277 -0.02470186 0.09999423
v -0.02264517 -0.02267459 0.09999423
v -0.01838743 -0.02576802 0.09999423
v -0.02064071 -0.02539358 0.09999423
v -0.02087634 -0.02533155 0.09999423
v -0.02109650 -0.02522714 0.09999423
v -0.02129362 -0.02508391 0.09999423
v -0.02146096 -0.02490680 0.09999423
v -0.02159277 -0.02470186 0.10657280
v -0.02264517 -0.02267459 0.10657280
v -0.01838743 -0.02576802 0.10657280
v -0.02064071 -0.02539358 0.10657280
v -0.02109650 -0.02522714 0.10657280
v -0.02087634 -0.02533155 0.10657280
v -0.02129362 -0.02508391 0.10657280
v -0.02146096 -0.02490680 0.10657280
v -0.02522072 -0.02139190 0.09999423
v -0.02594303 -0.01922495 0.09999423
v -0.02222164 -0.02294634 0.09999423
v -0.02438858 -0.02222403 0.09999423
v -0.02461162 -0.02212591 0.09999423
v -0.02481273 -0.02198833 0.09999423
v -0.02498502 -0.02181604 0.09999423
v -0.02512259 -0.02161493 0.09999423
v -0.02522072 -0.02139190 0.10657280
v -0.02594303 -0.01922495 0.10657280
v -0.02222164 -0.02294634 0.10657280
v -0.02438858 -0.02222403 0.10657280
v -0.02481273 -0.02198833 0.10657280
v -0.02461162 -0.02212591 0.10657280
v -0.02498502 -0.02181604 0.10657280
v -0.02512259 -0.02161493 0.10657280
v -0.02828620 -0.01755514 0.09999423
v -0.02866064 -0.01530188 0.09999423
v -0.02556721 -0.01955962 0.09999423
v -0.02759450 -0.01850720 0.09999423
v -0.02779943 -0.01837539 0.09999423
v -0.02797654 -0.01820806 0.09999423
v -0.02811976 -0.01801093 0.09999423
v -0.02822418 -0.01779077 0.09999423
v -0.02828620 -0.01755514 0.10657280
v -0.02866064 -0.01530188 0.10657280
v -0.02556721 -0.01955962 0.10657280
v -0.02759450 -0.01850720 0.10657280
v -0.02797654 -0.01820806 0.10657280
v -0.02779943 -0.01837539 0.10657280
v -0.02811976 -0.01801093 0.10657280
v -0.02822418 -0.01779077 0.10657280
v -0.03071376 -0.01328608 0.09999423
v -0.03073109 -0.01100198 0.09999423
v -0.02834181 -0.01569122 0.09999423
v -0.03017949 -0.01433463 0.09999423
v -0.03036128 -0.01417238 0.09999423
v -0.03051004 -0.01397940 0.09999423
v -0.03062066 -0.01376230 0.09999423
v -0.03068935 -0.01352852 0.09999423
v -0.03071376 -0.01328608 0.10657280
v -0.03073109 -0.01100198 0.10657280
v -0.02834181 -0.01569122 0.10657280
v -0.03017949 -0.01433463 0.10657280
v -0.03051004 -0.01397940 0.10657280
v -0.03036128 -0.01417238 0.10657280
v -0.03062066 -0.01376230 0.10657280
v -0.03068935 -0.01352852 0.10657280
v -0.03244358 -0.00868982 0.09999423
v -0.03210340 -0.00643113 0.09999423
v -0.03047709 -0.01143640 0.09999423
v -0.03207993 -0.00980903 0.09999423
v -0.03223411 -0.00962036 0.09999423
v -0.03235084 -0.00940647 0.09999423
v -0.03242614 -0.00917473 0.09999423
v -0.03245740 -0.00893309 0.09999423
v -0.03244358 -0.00868982 0.10657280
v -0.03210340 -0.00643113 0.10657280
v -0.03047709 -0.01143640 0.10657280
v -0.03207993 -0.00980903 0.10657280
v -0.03235084 -0.00940647 0.10657280
v -0.03223411 -0.00962036 0.10657280
v -0.03242614 -0.00917473 0.10657280
v -0.03245740 -0.00893309 0.10657280
v -0.03343311 -0.00387955 0.09999423
v -0.03274377 -0.00170188 0.09999423
v -0.03192048 -0.00689994 0.09999423
v -0.03324901 -0.00504187 0.09999423
v -0.03337178 -0.00483139 0.09999423
v -0.03345362 -0.00460188 0.09999423
v -0.03349173 -0.00436122 0.09999423
v -0.03348481 -0.00411766 0.09999423
v -0.03343311 -0.00387955 0.10657280
v -0.03274377 -0.00170188 0.10657280
v -0.03192048 -0.00689994 0.10657280
v -0.03324901 -0.00504187 0.10657280
v -0.03345362 -0.00460188 0.10657280
v -0.03337178 -0.00483139 0.10657280
v -0.03349173 -0.00436122 0.10657280
v -0.03348481 -0.00411766 0.10657280
v -0.03365795 0.00102630 0.09999423
v -0.03263644 0.00306933 0.09999423
v -0.03263644 -0.00219353 0.09999423
v -0.03365795 -0.00015050 0.09999423
v -0.03374628 0.00007659 0.09999423
v -0.03379121 0.00031607 0.09999423
v -0.03379121 0.00055973 0.09999423
v -0.03374628 0.00079921 0.09999423
v -0.03365795 0.00102630 0.10657280
v -0.03263644 0.00306933 0.10657280
v -0.03263644 -0.00219353 0.10657280
v -0.03365795 -0.00015050 0.10657280
v -0.03379121 0.00031607 0.10657280
v -0.03374628 0.00007659 0.10657280
v -0.03379121 0.00055973 0.10657280
v -0.03374628 0.00079921 0.10657280
v -0.03311259 0.00590693 0.09999423
v -0.03178405 0.00776500 0.09999423
v -0.03260734 0.00256694 0.09999423
v -0.03329668 0.00474461 0.09999423
v -0.03334839 0.00498272 0.09999423
v -0.03335530 0.00522628 0.09999423
v -0.03331719 0.00546694 0.09999423
v -0.03323535 0.00569645 0.09999423
v -0.03311259 0.00590693 0.10657280
v -0.03178405 0.00776500 0.10657280
v -0.03260734 0.00256694 0.10657280
v -0.03329668 0.00474461 0.10657280
v -0.03335530 0.00522628 0.10657280
v -0.03334839 0.00498272 0.10657280
v -0.03331719 0.00546694 0.10657280
v -0.03323535 0.00569645 0.10657280
v -0.03181044 0.01064215 0.09999423
v -0.03020760 0.01226951 0.09999423
v -0.03183391 0.00726424 0.09999423
v -0.03217409 0.00952293 0.09999423
v -0.03218791 0.00976620 0.09999423
v -0.03215664 0.01000785 0.09999423
v -0.03208135 0.01023958 0.09999423
v -0.03196462 0.01045346 0.09999423
v -0.03181044 0.01064215 0.10657280
v -0.03020760 0.01226951 0.10657280
v -0.03183391 0.00726424 0.10657280
v -0.03217409 0.00952293 0.10657280
v -0.03215664 0.01000785 0.10657280
v -0.03218791 0.00976620 0.10657280
v -0.03208135 0.01023958 0.10657280
v -0.03196462 0.01045346 0.10657280
v -0.02978357 0.01511537 0.09999423
v -0.02794588 0.01647195 0.09999423
v -0.03033517 0.01178272 0.09999423
v -0.03031783 0.01406683 0.09999423
v -0.03029342 0.01430926 0.09999423
v -0.03022474 0.01454303 0.09999423
v -0.03011412 0.01476014 0.09999423
v -0.02996536 0.01495312 0.09999423
v -0.02978357 0.01511537 0.10657280
v -0.02794588 0.01647195 0.10657280
v -0.03033517 0.01178272 0.10657280
v -0.03031783 0.01406683 0.10657280
v -0.03022474 0.01454303 0.10657280
v -0.03029342 0.01430926 0.10657280
v -0.03011412 0.01476014 0.10657280
v -0.02996536 0.01495312 0.10657280
v -0.02708188 0.01921644 0.09999423
v -0.02505461 0.02026886 0.09999423
v -0.02814804 0.01601112 0.09999423
v -0.02777360 0.01826439 0.09999423
v -0.02771157 0.01850002 0.09999423
v -0.02760716 0.01872018 0.09999423
v -0.02746393 0.01891731 0.09999423
v -0.02728682 0.01908464 0.09999423
v -0.02708188 0.01921644 0.10657280
v -0.02505461 0.02026886 0.10657280
v -0.02814804 0.01601112 0.10657280
v -0.02777360 0.01826439 0.10657280
v -0.02760716 0.01872018 0.10657280
v -0.02771157 0.01850002 0.10657280
v -0.02746393 0.01891731 0.10657280
v -0.02728682 0.01908464 0.10657280
v -0.02377192 0.02284439 0.09999423
v -0.02160497 0.02356671 0.09999423
v -0.02532637 0.01984531 0.09999423
v -0.02460405 0.02201226 0.09999423
v -0.02450593 0.02223529 0.09999423
v -0.02436835 0.02243640 0.09999423
v -0.02419606 0.02260870 0.09999423
v -0.02399495 0.02274627 0.09999423
v -0.02377192 0.02284439 0.10657280
v -0.02160497 0.02356671 0.10657280
v -0.02532637 0.01984531 0.10657280
v -0.02460405 0.02201226 0.10657280
v -0.02436835 0.02243640 0.10657280
v -0.02450593 0.02223529 0.10657280
v -0.02419606 0.02260870 0.10657280
v -0.02399495 0.02274627 0.10657280
v -0.01993517 0.02590988 0.09999423
v -0.01768190 0.02628433 0.09999423
v -0.02193964 0.02319089 0.09999423
v -0.02088722 0.02521817 0.09999423
v -0.02075542 0.02542311 0.09999423
v -0.02058808 0.02560022 0.09999423
v -0.02039096 0.02574344 0.09999423
v -0.02017080 0.02584786 0.09999423
v -0.01993517 0.02590988 0.10657280
v -0.01768190 0.02628433 0.10657280
v -0.02193964 0.02319089 0.10657280
v -0.02088722 0.02521817 0.10657280
v -0.02058808 0.02560022 0.10657280
v -0.02075542 0.02542311 0.10657280
v -0.02039096 0.02574344 0.10657280
v -0.02017080 0.02584786 0.10657280
v -0.01566610 0.02833743 0.09999423
v -0.01338200 0.02835477 0.09999423
v -0.01807124 0.02596549 0.09999423
v -0.01671465 0.02780317 0.09999423
v -0.01655240 0.02798496 0.09999423
v -0.01635942 0.02813371 0.09999423
v -0.01614231 0.02824434 0.09999423
v -0.01590854 0.02831303 0.09999423
v -0.01566610 0.02833743 0.10657280
v -0.01338200 0.02835477 0.10657280
v -0.01807124 0.02596549 0.10657280
v -0.01671465 0.02780317 0.10657280
v -0.01635942 0.02813371 0.10657280
v -0.01655240 0.02798496 0.10657280
v -0.01614231 0.02824434 0.10657280
v -0.01590854 0.02831303 0.10657280
v -0.01106984 0.03006726 0.09999423
v -0.00881115 0.02972707 0.09999423
v -0.01381642 0.02810077 0.09999423
v -0.01218906 0.02970361 0.09999423
v -0.01200037 0.02985778 0.09999423
v -0.01178649 0.02997452 0.09999423
v -0.01155476 0.03004982 0.09999423
v -0.01131312 0.03008109 0.09999423
v -0.01106984 0.03006726 0.10657280
v -0.00881115 0.02972707 0.10657280
v -0.01381642 0.02810077 0.10657280
v -0.01218906 0.02970361 0.10657280
v -0.01178649 0.02997452 0.10657280
v -0.01200037 0.02985778 0.10657280
v -0.01155476 0.03004982 0.10657280
v -0.01131312 0.03008109 0.10657280
v -0.00625956 0.03105679 0.09999423
v -0.00408190 0.03036745 0.09999423
v -0.00927996 0.02954416 0.09999423
v -0.00742189 0.03087269 0.09999423
v -0.00721141 0.03099545 0.09999423
v -0.00698191 0.03107729 0.09999423
v -0.00674124 0.03111541 0.09999423
v -0.00649768 0.03110849 0.09999423
v -0.00625956 0.03105679 0.10657280
v -0.00408190 0.03036745 0.10657280
v -0.00927996 0.02954416 0.10657280
v -0.00742189 0.03087269 0.10657280
v -0.00698191 0.03107729 0.10657280
v -0.00721141 0.03099545 0.10657280
v -0.00674124 0.03111541 0.10657280
v -0.00649768 0.03110849 0.10657280
v -0.00135372 0.03128163 0.09999423
v 0.00068931 0.03026012 0.09999423
v -0.00457355 0.03026012 0.09999423
v -0.00253053 0.03128163 0.09999423
v -0.00230344 0.03136995 0.09999423
v -0.00206395 0.03141488 0.09999423
v -0.00182030 0.03141488 0.09999423
v -0.00158081 0.03136995 0.09999423
v -0.00135372 0.03128163 0.10657280
v 0.00068931 0.03026012 0.10657280
v -0.00457355 0.03026012 0.10657280
v -0.00253053 0.03128163 0.10657280
v -0.00206395 0.03141488 0.10657280
v -0.00230344 0.03136995 0.10657280
v -0.00182030 0.03141488 0.10657280
v -0.00158081 0.03136995 0.10657280
v -0.00107865 -0.00020398 0.09999423
v -0.00217235 0.00130137 0.09999423
v -0.00106246 0.00000185 0.09999423
v -0.00237817 -0.00131387 0.09999423
v -0.00217235 -0.00129767 0.09999423
v -0.00197159 -0.00124946 0.09999423
v -0.00178085 -0.00117046 0.09999423
v -0.00160482 -0.00106258 0.09999423
v -0.00144782 -0.00092850 0.09999423
v -0.00131373 -0.00077151 0.09999423
v -0.00120586 -0.00059547 0.09999423
v -0.00112685 -0.00040473 0.09999423
v -0.00258400 -0.00129767 0.09999423
v -0.00107865 0.00020768 0.09999423
v -0.00112685 0.00040843 0.09999423
v -0.00120586 0.00059917 0.09999423
v -0.00131373 0.00077521 0.09999423
v -0.00144782 0.00093220 0.09999423
v -0.00160482 0.00106628 0.09999423
v -0.00178085 0.00117415 0.09999423
v -0.00197159 0.00125316 0.09999423
v -0.00369389 0.00000185 0.09999423
v -0.00367769 -0.00020398 0.09999423
v -0.00258400 0.00130137 0.09999423
v -0.00278475 0.00125316 0.09999423
v -0.00297549 0.00117415 0.09999423
v -0.00315153 0.00106628 0.09999423
v -0.00330853 0.00093220 0.09999423
v -0.00344260 0.00077521 0.09999423
v -0.00355048 0.00059917 0.09999423
v -0.00362949 0.00040843 0.09999423
v -0.00367769 0.00020768 0.09999423
v -0.00237817 0.00131756 0.09999423
v -0.00362949 -0.00040473 0.09999423
v -0.00355048 -0.00059547 0.09999423
v -0.00344260 -0.00077151 0.09999423
v -0.00330853 -0.00092850 0.09999423
v -0.00315153 -0.00106258 0.09999423
v -0.00297549 -0.00117046 0.09999423
v -0.00278475 -0.00124946 0.09999423
v -0.00367769 -0.00020398 0.10657280
v -0.00258400 0.00130137 0.10657280
v -0.00369389 0.00000185 0.10657280
v -0.00237817 -0.00131387 0.10657280
v -0.00258400 -0.00129767 0.10657280
v -0.00278475 -0.00124946 0.10657280
v -0.00297549 -0.00117046 0.10657280
v -0.00315153 -0.00106258 0.10657280
v -0.00330853 -0.00092850 0.10657280
v -0.00344260 -0.00077151 0.10657280
v -0.00355048 -0.00059547 0.10657280
v -0.00362949 -0.00040473 0.10657280
v -0.00217235 -0.00129767 0.10657280
v -0.00367769 0.00020768 0.10657280
v -0.00362949 0.00040843 0.10657280
v -0.00355048 0.00059917 0.10657280
v -0.00344260 0.00077521 0.10657280
v -0.00330853 0.00093220 0.10657280
v -0.00315153 0.00106628 0.10657280
v -0.00297549 0.00117415 0.10657280
v -0.00278475 0.00125316 0.10657280
v -0.00106246 0.00000185 0.10657280
v -0.00107865 -0.00020398 0.10657280
v -0.00217235 0.00130137 0.10657280
v -0.00197159 0.00125316 0.10657280
v -0.00178085 0.00117415 0.10657280
v -0.00160482 0.00106628 0.10657280
v -0.00144782 0.00093220 0.10657280
v -0.00131373 0.00077521 0.10657280
v -0.00120586 0.00059917 0.10657280
v -0.00112685 0.00040843 0.10657280
v -0.00107865 0.00020768 0.10657280
v -0.00237817 0.00131756 0.10657280
v -0.00112685 -0.00040473 0.10657280
v -0.00120586 -0.00059547 0.10657280
v -0.00131373 -0.00077151 0.10657280
v -0.00144782 -0.00092850 0.10657280
v -0.00160482 -0.00106258 0.10657280
v -0.00178085 -0.00117046 0.10657280
v -0.00197159 -0.00124946 0.10657280
v 0.00956826 -0.02344434 0.10657280
v 0.01136022 -0.02696127 0.10657280
v 0.01540904 -0.02448014 0.10657280
v 0.02106801 -0.01194458 0.10657280
v 0.02640214 -0.00934944 0.10657280
v 0.02264819 -0.00812971 0.10657280
v 0.02458494 -0.01373655 0.10657280
v 0.01891052 -0.01546529 0.10657280
v 0.02210382 -0.01778536 0.10657280
v 0.01622883 -0.01860515 0.10657280
v 0.01901988 -0.02139620 0.10657280
v 0.01308897 -0.02128684 0.10657280
v 0.02751067 -0.00473208 0.10657280
v 0.00575339 -0.02502451 0.10657280
v 0.00697312 -0.02877847 0.10657280
v 0.00173829 -0.02598845 0.10657280
v 0.00235575 -0.02988699 0.10657280
v -0.00237817 -0.02631243 0.10657280
v -0.00237817 -0.03025957 0.10657280
v -0.00649463 -0.02598845 0.10657280
v -0.00711210 -0.02988699 0.10657280
v -0.01050973 -0.02502451 0.10657280
v 0.02106801 0.01194828 0.10657280
v 0.02458494 0.01374025 0.10657280
v 0.02210382 0.01778906 0.10657280
v 0.00956826 0.02344804 0.10657280
v 0.00697312 0.02878217 0.10657280
v 0.00575339 0.02502821 0.10657280
v 0.01136022 0.02696497 0.10657280
v 0.01308897 0.02129054 0.10657280
v 0.01540904 0.02448384 0.10657280
v 0.01622883 0.01860884 0.10657280
v 0.01901988 0.02139990 0.10657280
v 0.01891052 0.01546899 0.10657280
v -0.01172947 -0.02877847 0.10657280
v 0.02264819 0.00813341 0.10657280
v 0.02640214 0.00935314 0.10657280
v 0.02361213 0.00411831 0.10657280
v 0.02751067 0.00473578 0.10657280
v 0.02393610 0.00000185 0.10657280
v 0.02788324 0.00000185 0.10657280
v 0.02361213 -0.00411461 0.10657280
v -0.01432460 0.02344804 0.10657280
v -0.01611657 0.02696497 0.10657280
v -0.02016538 0.02448384 0.10657280
v -0.02582436 0.01194828 0.10657280
v -0.03115849 0.00935314 0.10657280
v -0.02740453 0.00813341 0.10657280
v -0.02934129 0.01374025 0.10657280
v -0.02366686 0.01546899 0.10657280
v -0.02686017 0.01778906 0.10657280
v -0.02098517 0.01860884 0.10657280
v -0.02377622 0.02139990 0.10657280
v -0.01784532 0.02129054 0.10657280
v -0.03226701 0.00473578 0.10657280
v -0.01050973 0.02502821 0.10657280
v -0.01172947 0.02878217 0.10657280
v -0.00649463 0.02599215 0.10657280
v -0.00711210 0.02989069 0.10657280
v -0.00237817 0.02631612 0.10657280
v -0.00237817 0.03026326 0.10657280
v 0.00173829 0.02599215 0.10657280
v 0.00235575 0.02989069 0.10657280
v -0.02582436 -0.01194458 0.10657280
v -0.02934129 -0.01373655 0.10657280
v -0.02686017 -0.01778536 0.10657280
v -0.01432460 -0.02344434 0.10657280
v -0.01611657 -0.02696127 0.10657280
v -0.01784532 -0.02128684 0.10657280
v -0.02016538 -0.02448014 0.10657280
v -0.02098517 -0.01860515 0.10657280
v -0.02377622 -0.02139620 0.10657280
v -0.02366686 -0.01546529 0.10657280
v -0.02740453 -0.00812971 0.10657280
v -0.03115849 -0.00934944 0.10657280
v -0.02836848 -0.00411461 0.10657280
v -0.03226701 -0.00473208 0.10657280
v -0.02869245 0.00000185 0.10657280
v -0.03263959 0.00000185 0.10657280
v -0.02836848 0.00411831 0.10657280
v 0.02640214 0.00935314 0.09999423
v -0.00237817 0.03026326 0.09999423
v 0.00235575 0.02989069 0.09999423
v -0.01611657 0.02696497 0.09999423
v -0.03226701 0.00473578 0.09999423
v -0.03115849 0.00935314 0.09999423
v -0.02934129 0.01374025 0.09999423
v -0.02686017 0.01778906 0.09999423
v -0.02377622 0.02139990 0.09999423
v -0.02016538 0.02448384 0.09999423
v 0.00628282 -0.00346290 0.09999423
v 0.00628282 0.00377353 0.09999423
v -0.01172947 0.02878217 0.09999423
v -0.00711210 0.02989069 0.09999423
v -0.03263959 0.00000185 0.09999423
v 0.00697312 0.02878217 0.09999423
v 0.01136022 0.02696497 0.09999423
v 0.01540904 0.02448384 0.09999423
v 0.01901988 0.02139990 0.09999423
v 0.02210382 0.01778906 0.09999423
v 0.02458494 0.01374025 0.09999423
v 0.01483496 0.00377353 0.09999423
v 0.02751067 0.00473578 0.09999423
v 0.02788324 0.00000185 0.09999423
v 0.02751067 -0.00473208 0.09999423
v -0.01611657 -0.02696127 0.09999423
v -0.00237817 -0.03025957 0.09999423
v -0.00711210 -0.02988699 0.09999423
v 0.02640214 -0.00934944 0.09999423
v 0.01483496 -0.00346290 0.09999423
v 0.02458494 -0.01373655 0.09999423
v 0.02210382 -0.01778536 0.09999423
v 0.01901988 -0.02139620 0.09999423
v 0.01540904 -0.02448014 0.09999423
v 0.01136022 -0.02696127 0.09999423
v 0.00697312 -0.02877847 0.09999423
v 0.00235575 -0.02988699 0.09999423
v -0.01172947 -0.02877847 0.09999423
v -0.02016538 -0.02448014 0.09999423
v -0.02377622 -0.02139620 0.09999423
v -0.02686017 -0.01778536 0.09999423
v -0.02934129 -0.01373655 0.09999423
v -0.03115849 -0.00934944 0.09999423
v -0.03226701 -0.00473208 0.09999423
v 0.00592421 0.00410287 0.10986208
v -0.02465205 0.01135096 0.10986208
v -0.02615321 0.00772682 0.10986208
v -0.01372728 0.02227573 0.10986208
v 0.01231561 0.02022610 0.10986208
v 0.00897094 0.02227573 0.10986208
v 0.00534681 0.02377689 0.10986208
v 0.00153247 0.02469263 0.10986208
v -0.00237817 0.02500040 0.10986208
v -0.00628881 0.02469263 0.10986208
v -0.01010315 0.02377689 0.10986208
v -0.01707195 0.02022610 0.10986208
v -0.02005482 0.01767850 0.10986208
v -0.02260243 0.01469563 0.10986208
v 0.01529847 0.01767850 0.10986208
v -0.02706895 0.00391249 0.10986208
v -0.02737673 0.00000185 0.10986208
v -0.02720345 -0.00293642 0.10986208
v -0.02668602 -0.00583394 0.10986208
v -0.02583160 -0.00865057 0.10986208
v -0.02465205 -0.01134726 0.10986208
v -0.02316371 -0.01388661 0.10986208
v -0.02138722 -0.01623341 0.10986208
v -0.01934721 -0.01835516 0.10986208
v -0.01707195 -0.02022241 0.10986208
v 0.02139687 -0.00772313 0.10986208
v 0.01784608 -0.01469193 0.10986208
v 0.01989570 -0.01134726 0.10986208
v -0.01372728 -0.02227203 0.10986208
v 0.00592421 -0.00379141 0.10986208
v -0.01010315 -0.02377319 0.10986208
v -0.00628881 -0.02468894 0.10986208
v -0.00237817 -0.02499671 0.10986208
v 0.00153247 -0.02468894 0.10986208
v 0.00534681 -0.02377319 0.10986208
v 0.00897094 -0.02227203 0.10986208
v 0.01231561 -0.02022241 0.10986208
v 0.01529847 -0.01767480 0.10986208
v 0.02139687 0.00772682 0.10986208
v 0.02231262 -0.00390879 0.10986208
v 0.02262038 0.00000185 0.10986208
v 0.02231262 0.00391249 0.10986208
v 0.01989570 0.01135096 0.10986208
v 0.01784608 0.01469563 0.10986208
v 0.01308897 0.02129054 0.10854637
v 0.01622883 0.01860884 0.10854637
v 0.02361213 0.00411831 0.10854637
v 0.02393610 0.00000185 0.10854637
v 0.02264819 0.00813341 0.10854637
v 0.02106801 0.01194828 0.10854637
v 0.01891052 0.01546899 0.10854637
v 0.00956826 0.02344804 0.10854637
v 0.00575339 0.02502821 0.10854637
v 0.00173829 0.02599215 0.10854637
v -0.00237817 0.02631612 0.10854637
v 0.01622883 -0.01860515 0.10854637
v 0.00173829 -0.02598845 0.10854637
v -0.00237817 -0.02631243 0.10854637
v 0.00575339 -0.02502451 0.10854637
v 0.00956826 -0.02344434 0.10854637
v 0.01308897 -0.02128684 0.10854637
v -0.00649463 0.02599215 0.10854637
v 0.01891052 -0.01546529 0.10854637
v 0.02106801 -0.01194458 0.10854637
v 0.02264819 -0.00812971 0.10854637
v 0.02361213 -0.00411461 0.10854637
v -0.02024032 -0.01932131 0.10854637
v -0.02238770 -0.01708791 0.10854637
v -0.02851004 -0.00309106 0.10854637
v -0.02796538 -0.00614110 0.10854637
v -0.02706599 -0.00910597 0.10854637
v -0.02582436 -0.01194458 0.10854637
v -0.02425768 -0.01461758 0.10854637
v -0.02869245 0.00000185 0.10854637
v -0.01784532 -0.02128684 0.10854637
v -0.01432460 -0.02344434 0.10854637
v -0.01050973 -0.02502451 0.10854637
v -0.00649463 -0.02598845 0.10854637
v -0.02366686 0.01546899 0.10854637
v -0.02098517 0.01860884 0.10854637
v -0.01050973 0.02502821 0.10854637
v -0.01432460 0.02344804 0.10854637
v -0.01784532 0.02129054 0.10854637
v -0.02582436 0.01194828 0.10854637
v -0.02740453 0.00813341 0.10854637
v -0.02836848 0.00411831 0.10854637
v -0.00914318 -0.02524552 0.10920423
v -0.01544718 -0.02263433 0.10920423
v -0.00917720 -0.02537248 0.10888690
v -0.02864762 0.00000185 0.10888690
v -0.02775250 -0.00679718 0.10888690
v -0.02762554 -0.00676316 0.10920423
v -0.02512818 -0.01313287 0.10888690
v -0.02501435 -0.01306715 0.10920423
v -0.02095347 -0.01857346 0.10888690
v -0.02086053 -0.01848051 0.10920423
v -0.01551290 -0.02274815 0.10888690
v -0.01534263 -0.02245324 0.10947672
v -0.00908906 -0.02504355 0.10947672
v -0.00237817 -0.02613615 0.10920423
v -0.00237817 -0.02592705 0.10947672
v 0.00438684 -0.02524552 0.10920423
v 0.00433273 -0.02504355 0.10947672
v 0.01069083 -0.02263433 0.10920423
v 0.01058628 -0.02245324 0.10947672
v 0.01610418 -0.01848051 0.10920423
v -0.01551290 0.02275185 0.10888690
v -0.00914318 0.02524922 0.10920423
v -0.00917720 0.02537618 0.10888690
v 0.01619713 0.01857714 0.10888690
v 0.01610418 0.01848420 0.10920423
v 0.02025800 0.01307085 0.10920423
v 0.01075655 0.02275185 0.10888690
v 0.01069083 0.02263802 0.10920423
v 0.00442086 0.02537618 0.10888690
v 0.00438684 0.02524922 0.10920423
v -0.00237817 0.02627129 0.10888690
v -0.00237817 0.02613985 0.10920423
v 0.01595633 -0.01833266 0.10947672
v -0.01544718 0.02263802 0.10920423
v -0.02095347 0.01857714 0.10888690
v -0.02086053 0.01848420 0.10920423
v -0.02512818 0.01313657 0.10888690
v -0.02501435 0.01307085 0.10920423
v -0.02775250 0.00680088 0.10888690
v -0.02762554 0.00676686 0.10920423
v -0.02851617 0.00000185 0.10920423
v -0.00908906 0.02504725 0.10947672
v -0.01534263 0.02245694 0.10947672
v -0.02071268 0.01833636 0.10947672
v -0.02483327 0.01296630 0.10947672
v -0.02742357 0.00671274 0.10947672
v -0.00237817 0.02593075 0.10947672
v -0.02742357 -0.00670904 0.10947672
v -0.02483327 -0.01296261 0.10947672
v -0.02071268 -0.01833266 0.10947672
v -0.02052000 -0.01813998 0.10968581
v 0.02007692 0.01296630 0.10947672
v 0.02266723 0.00671274 0.10947672
v 0.02025800 -0.01306715 0.10920423
v 0.02007692 -0.01296261 0.10947672
v 0.02286920 -0.00676316 0.10920423
v 0.02266723 -0.00670904 0.10947672
v 0.02375983 0.00000185 0.10920423
v 0.02355073 0.00000185 0.10947672
v 0.02286920 0.00676686 0.10920423
v 0.02037183 0.01313657 0.10888690
v 0.01595633 0.01833636 0.10947672
v 0.01058628 0.02245694 0.10947672
v 0.00433273 0.02504725 0.10947672
v 0.02299616 0.00680088 0.10888690
v 0.02037183 -0.01313287 0.10888690
v 0.01619713 -0.01857346 0.10888690
v -0.00237817 -0.02626759 0.10888690
v 0.00442086 -0.02537248 0.10888690
v 0.01075655 -0.02274815 0.10888690
v 0.02299616 -0.00679718 0.10888690
v 0.02389127 0.00000185 0.10888690
v -0.01520638 -0.02221725 0.10968581
v 0.00418007 -0.02447383 0.10981725
v -0.02029562 -0.01791560 0.10981725
v -0.01504772 -0.02194244 0.10981725
v -0.00893641 -0.02447383 0.10981725
v -0.00237817 -0.02533724 0.10981725
v 0.01029137 -0.02194244 0.10981725
v 0.01553927 -0.01791560 0.10981725
v 0.01956612 -0.01266770 0.10981725
v 0.02209751 -0.00655639 0.10981725
v -0.02716036 -0.00663852 0.10968581
v -0.02803459 0.00000185 0.10968581
v -0.02830708 0.00000185 0.10947672
v -0.01520638 0.02222095 0.10968581
v -0.01504772 0.02194614 0.10981725
v -0.00893641 0.02447753 0.10981725
v -0.02052000 0.01814367 0.10968581
v -0.02029562 0.01791929 0.10981725
v -0.02459728 0.01283005 0.10968581
v -0.02432247 0.01267139 0.10981725
v -0.02716036 0.00664222 0.10968581
v -0.02685386 0.00656009 0.10981725
v -0.02685386 -0.00655639 0.10981725
v -0.02459728 -0.01282636 0.10968581
v -0.02432247 -0.01266770 0.10981725
v -0.00237817 0.02534093 0.10981725
v -0.02771726 0.00000185 0.10981725
v 0.01956612 0.01267139 0.10981725
v 0.02296092 0.00000185 0.10981725
v 0.02209751 0.00656009 0.10981725
v -0.00901854 0.02478404 0.10968581
v 0.01553927 0.01791929 0.10981725
v 0.01029137 0.02194614 0.10981725
v 0.00418007 0.02447753 0.10981725
v 0.01984093 0.01283005 0.10968581
v 0.01576365 0.01814367 0.10968581
v 0.01045003 0.02222095 0.10968581
v 0.00426220 0.02478404 0.10968581
v -0.00237817 0.02565826 0.10968581
v 0.02240402 0.00664222 0.10968581
v 0.01576365 -0.01813998 0.10968581
v 0.01045003 -0.02221725 0.10968581
v -0.00901854 -0.02478034 0.10968581
v -0.00237817 -0.02565457 0.10968581
v 0.00426220 -0.02478034 0.10968581
v 0.01984093 -0.01282636 0.10968581
v 0.02240402 -0.00663852 0.10968581
v 0.02327824 0.00000185 0.10968581
v 0.00592421 -0.00379141 0.11104623
v 0.01513420 -0.00379141 0.11104623
v 0.00592421 0.00410287 0.11104623
v 0.01483496 -0.00346290 0.11104623
v 0.01483496 0.00377353 0.11104623
v 0.00628282 0.00377353 0.11104623
v 0.01513420 0.00410287 0.11104623
v 0.00594934 0.00407774 0.11112356
v 0.00593855 0.00408852 0.11110596
v 0.00593855 -0.00377707 0.11110596
v 0.00593065 -0.00378497 0.11108688
v 0.00592583 -0.00378980 0.11106681
v 0.00592583 0.00410125 0.11106681
v 0.00593065 0.00409644 0.11108688
v 0.00594934 -0.00376629 0.11112356
v 0.00596274 0.00406433 0.11113926
v 0.00596274 -0.00375288 0.11113926
v 0.00603520 0.00399188 0.11117618
v 0.00601512 0.00401195 0.11117135
v 0.00601512 -0.00370050 0.11117135
v 0.00597844 0.00404863 0.11115267
v 0.00597844 -0.00373718 0.11115267
v 0.00599605 0.00403103 0.11116345
v 0.00599605 -0.00371957 0.11116345
v 0.00603520 -0.00368042 0.11117618
v 0.00605579 0.00397130 0.11117780
v 0.00605579 -0.00365984 0.11117780
v 0.01510908 0.00407774 0.11112356
v 0.01511987 0.00408852 0.11110596
v 0.01513259 0.00410125 0.11106681
v 0.01512777 0.00409644 0.11108688
v 0.01509566 0.00406433 0.11113926
v 0.01502322 0.00399188 0.11117618
v 0.01504330 0.00401195 0.11117135
v 0.01507997 0.00404863 0.11115267
v 0.01506237 0.00403103 0.11116345
v 0.01500263 0.00397130 0.11117780
v 0.01507997 -0.00373718 0.11115267
v 0.01504330 -0.00370050 0.11117135
v 0.01502322 -0.00368042 0.11117618
v 0.01500263 -0.00365984 0.11117780
v 0.01506237 -0.00371957 0.11116345
v 0.01509566 -0.00375288 0.11113926
v 0.01513259 -0.00378980 0.11106681
v 0.01511987 -0.00377707 0.11110596
v 0.01510908 -0.00376629 0.11112356
v 0.01512777 -0.00378497 0.11108688
v 0.00615125 -0.00359446 0.11117780
v 0.00615125 0.00390510 0.11117780
v 0.01496652 0.00390510 0.11117780
v 0.01496652 -0.00359446 0.11117780
v 0.00628282 -0.00346290 0.11104623
v 0.01486008 -0.00348802 0.11112356
v 0.01487349 -0.00350143 0.11113926
v 0.01486008 0.00379865 0.11112356
v 0.01484140 -0.00346934 0.11108688
v 0.01484140 0.00377996 0.11108688
v 0.01483657 0.00377515 0.11106681
v 0.01483657 -0.00346451 0.11106681
v 0.01484930 -0.00347724 0.11110596
v 0.01484930 0.00378787 0.11110596
v 0.01487349 0.00381207 0.11113926
v 0.01494595 -0.00357389 0.11117618
v 0.01494595 0.00388452 0.11117618
v 0.01490680 -0.00353474 0.11116345
v 0.01490680 0.00384537 0.11116345
v 0.01488919 0.00382776 0.11115267
v 0.01488919 -0.00351713 0.11115267
v 0.01492587 -0.00355381 0.11117135
v 0.01492587 0.00386444 0.11117135
v 0.00625769 0.00379865 0.11112356
v 0.00627638 0.00377996 0.11108688
v 0.00628120 0.00377515 0.11106681
v 0.00626847 0.00378787 0.11110596
v 0.00624428 0.00381207 0.11113926
v 0.00617183 0.00388452 0.11117618
v 0.00621097 0.00384537 0.11116345
v 0.00622858 0.00382776 0.11115267
v 0.00619190 0.00386444 0.11117135
v 0.00625769 -0.00348802 0.11112356
v 0.00627638 -0.00346934 0.11108688
v 0.00628120 -0.00346451 0.11106681
v 0.00626847 -0.00347724 0.11110596
v 0.00624428 -0.00350143 0.11113926
v 0.00617183 -0.00357389 0.11117618
v 0.00621097 -0.00353474 0.11116345
v 0.00622858 -0.00351713 0.11115267
v 0.00619190 -0.00355381 0.11117135
v 0.01715918 0.01953920 0.09999423
v 0.01157708 0.01395710 0.09604709
v 0.01386232 0.02235497 0.09999423
v -0.00237817 0.02763183 0.09999423
v 0.00070917 0.01949458 0.09604709
v -0.00237817 0.01973755 0.09604709
v 0.00194411 0.02729166 0.09999423
v 0.00372049 0.01877162 0.09604709
v 0.00615996 0.02627953 0.09999423
v 0.00658165 0.01758649 0.09604709
v 0.01016558 0.02462035 0.09999423
v 0.00922218 0.01596837 0.09604709
v -0.00670046 0.02729166 0.09999423
v 0.01358834 0.01160220 0.09604709
v 0.01997495 0.01624234 0.09999423
v 0.01520647 0.00896167 0.09604709
v 0.02224032 0.01254560 0.09999423
v 0.01639159 0.00610052 0.09604709
v 0.02389951 0.00853998 0.09999423
v 0.01711456 0.00308919 0.09604709
v 0.02491164 0.00432413 0.09999423
v 0.01735753 0.00000185 0.09604709
v -0.02191552 0.01953920 0.09999423
v -0.01633342 0.01395710 0.09604709
v -0.02473130 0.01624234 0.09999423
v -0.03000816 0.00000185 0.09999423
v -0.02187090 0.00308919 0.09604709
v -0.02211388 0.00000185 0.09604709
v -0.02966799 0.00432413 0.09999423
v -0.02114794 0.00610052 0.09604709
v -0.02865585 0.00853998 0.09999423
v -0.01996281 0.00896167 0.09604709
v -0.02699667 0.01254560 0.09999423
v -0.01834469 0.01160220 0.09604709
v 0.02525181 0.00000185 0.09999423
v -0.01397853 0.01596837 0.09604709
v -0.01861867 0.02235497 0.09999423
v -0.01133799 0.01758649 0.09604709
v -0.01492192 0.02462035 0.09999423
v -0.00847684 0.01877162 0.09604709
v -0.01091631 0.02627953 0.09999423
v -0.00546551 0.01949458 0.09604709
v -0.02191552 -0.01953550 0.09999423
v -0.01633342 -0.01395340 0.09604709
v -0.01861867 -0.02235128 0.09999423
v -0.00237817 -0.02762814 0.09999423
v -0.00546551 -0.01949088 0.09604709
v -0.00237817 -0.01973386 0.09604709
v -0.00670046 -0.02728797 0.09999423
v -0.00847684 -0.01876792 0.09604709
v -0.01091631 -0.02627583 0.09999423
v -0.01133799 -0.01758279 0.09604709
v -0.01492192 -0.02461665 0.09999423
v -0.01397853 -0.01596467 0.09604709
v 0.00194411 -0.02728797 0.09999423
v -0.01834469 -0.01159850 0.09604709
v -0.02473130 -0.01623865 0.09999423
v -0.01996281 -0.00895797 0.09604709
v -0.02699667 -0.01254190 0.09999423
v -0.02114794 -0.00609682 0.09604709
v -0.02865585 -0.00853629 0.09999423
v -0.02187090 -0.00308549 0.09604709
v -0.02966799 -0.00432043 0.09999423
v 0.01715918 -0.01953550 0.09999423
v 0.01157708 -0.01395340 0.09604709
v 0.01997495 -0.01623865 0.09999423
v 0.01711456 -0.00308549 0.09604709
v 0.02491164 -0.00432043 0.09999423
v 0.01639159 -0.00609682 0.09604709
v 0.02389951 -0.00853629 0.09999423
v 0.01520647 -0.00895797 0.09604709
v 0.02224032 -0.01254190 0.09999423
v 0.01358834 -0.01159850 0.09604709
v 0.00922218 -0.01596467 0.09604709
v 0.01386232 -0.02235128 0.09999423
v 0.00658165 -0.01758279 0.09604709
v 0.01016558 -0.02461665 0.09999423
v 0.00372049 -0.01876792 0.09604709
v 0.00615996 -0.02627583 0.09999423
v 0.00070917 -0.01949088 0.09604709
v 0.01157708 -0.01395340 0.06052283
v 0.00692533 -0.00930165 0.06446997
v 0.00922218 -0.01596467 0.06052283
v -0.00237817 -0.01973386 0.06052283
v -0.00031994 -0.01299330 0.06446997
v -0.00237817 -0.01315529 0.06446997
v 0.00070917 -0.01949088 0.06052283
v 0.00168761 -0.01251133 0.06446997
v 0.00372049 -0.01876792 0.06052283
v 0.00359505 -0.01172125 0.06446997
v 0.00658165 -0.01758279 0.06052283
v 0.00535540 -0.01064249 0.06446997
v -0.00546551 -0.01949088 0.06052283
v 0.00826617 -0.00773172 0.06446997
v 0.01358834 -0.01159850 0.06052283
v 0.00934492 -0.00597137 0.06446997
v 0.01520647 -0.00895797 0.06052283
v 0.01013501 -0.00406393 0.06446997
v 0.01639159 -0.00609682 0.06052283
v 0.01061698 -0.00205638 0.06446997
v 0.01711456 -0.00308549 0.06052283
v 0.01077896 0.00000185 0.06446997
v -0.01633342 -0.01395340 0.06052283
v -0.01168167 -0.00930165 0.06446997
v -0.01834469 -0.01159850 0.06052283
v -0.02211388 0.00000185 0.06052283
v -0.01537332 -0.00205638 0.06446997
v -0.01553531 0.00000185 0.06446997
v -0.02187090 -0.00308549 0.06052283
v -0.01489136 -0.00406393 0.06446997
v -0.02114794 -0.00609682 0.06052283
v -0.01410127 -0.00597137 0.06446997
v -0.01996281 -0.00895797 0.06052283
v -0.01302252 -0.00773172 0.06446997
v 0.01735753 0.00000185 0.06052283
v -0.01011175 -0.01064249 0.06446997
v -0.01397853 -0.01596467 0.06052283
v -0.00835138 -0.01172125 0.06446997
v -0.01133799 -0.01758279 0.06052283
v -0.00644396 -0.01251133 0.06446997
v -0.00847684 -0.01876792 0.06052283
v -0.00443641 -0.01299330 0.06446997
v -0.01633342 0.01395710 0.06052283
v -0.01168167 0.00930534 0.06446997
v -0.01397853 0.01596837 0.06052283
v -0.00237817 0.01973755 0.06052283
v -0.00443641 0.01299700 0.06446997
v -0.00237817 0.01315898 0.06446997
v -0.00546551 0.01949458 0.06052283
v -0.00644396 0.01251503 0.06446997
v -0.00847684 0.01877162 0.06052283
v -0.00835138 0.01172495 0.06446997
v -0.01133799 0.01758649 0.06052283
v -0.01011175 0.01064619 0.06446997
v 0.00070917 0.01949458 0.06052283
v -0.01302252 0.00773542 0.06446997
v -0.01834469 0.01160220 0.06052283
v -0.01410127 0.00597507 0.06446997
v -0.01996281 0.00896167 0.06052283
v -0.01489136 0.00406763 0.06446997
v -0.02114794 0.00610052 0.06052283
v -0.01537332 0.00206008 0.06446997
v -0.02187090 0.00308919 0.06052283
v 0.01157708 0.01395710 0.06052283
v 0.00692533 0.00930534 0.06446997
v 0.01358834 0.01160220 0.06052283
v 0.01061698 0.00206008 0.06446997
v 0.01711456 0.00308919 0.06052283
v 0.01013501 0.00406763 0.06446997
v 0.01639159 0.00610052 0.06052283
v 0.00934492 0.00597507 0.06446997
v 0.01520647 0.00896167 0.06052283
v 0.00826617 0.00773542 0.06446997
v 0.00535540 0.01064619 0.06446997
v 0.00922218 0.01596837 0.06052283
v 0.00359505 0.01172495 0.06446997
v 0.00658165 0.01758649 0.06052283
v 0.00168761 0.01251503 0.06446997
v 0.00372049 0.01877162 0.06052283
v -0.00031994 0.01299700 0.06446997
v 0.01157708 -0.01395340 0.05262854
v 0.00692533 -0.00930165 0.05657568
v 0.00922218 -0.01596467 0.05262854
v -0.00237817 -0.01973386 0.05262854
v -0.00031994 -0.01299330 0.05657568
v -0.00237817 -0.01315529 0.05657568
v 0.00070917 -0.01949088 0.05262854
v 0.00168761 -0.01251133 0.05657568
v 0.00372049 -0.01876792 0.05262854
v 0.00359505 -0.01172125 0.05657568
v 0.00658165 -0.01758279 0.05262854
v 0.00535540 -0.01064249 0.05657568
v -0.00546551 -0.01949088 0.05262854
v 0.00826617 -0.00773172 0.05657568
v 0.01358834 -0.01159850 0.05262854
v 0.00934492 -0.00597137 0.05657568
v 0.01520647 -0.00895797 0.05262854
v 0.01013501 -0.00406393 0.05657568
v 0.01639159 -0.00609682 0.05262854
v 0.01061698 -0.00205638 0.05657568
v 0.01711456 -0.00308549 0.05262854
v 0.01077896 0.00000185 0.05657568
v -0.01633342 -0.01395340 0.05262854
v -0.01168167 -0.00930165 0.05657568
v -0.01834469 -0.01159850 0.05262854
v -0.02211388 0.00000185 0.05262854
v -0.01537332 -0.00205638 0.05657568
v -0.01553531 0.00000185 0.05657568
v -0.02187090 -0.00308549 0.05262854
v -0.01489136 -0.00406393 0.05657568
v -0.02114794 -0.00609682 0.05262854
v -0.01410127 -0.00597137 0.05657568
v -0.01996281 -0.00895797 0.05262854
v -0.01302252 -0.00773172 0.05657568
v 0.01735753 0.00000185 0.05262854
v -0.01011175 -0.01064249 0.05657568
v -0.01397853 -0.01596467 0.05262854
v -0.00835138 -0.01172125 0.05657568
v -0.01133799 -0.01758279 0.05262854
v -0.00644396 -0.01251133 0.05657568
v -0.00847684 -0.01876792 0.05262854
v -0.00443641 -0.01299330 0.05657568
v -0.01633342 0.01395710 0.05262854
v -0.01168167 0.00930534 0.05657568
v -0.01397853 0.01596837 0.05262854
v -0.00237817 0.01973755 0.05262854
v -0.00443641 0.01299700 0.05657568
v -0.00237817 0.01315898 0.05657568
v -0.00546551 0.01949458 0.05262854
v -0.00644396 0.01251503 0.05657568
v -0.00847684 0.01877162 0.05262854
v -0.00835138 0.01172495 0.05657568
v -0.01133799 0.01758649 0.05262854
v -0.01011175 0.01064619 0.05657568
v 0.00070917 0.01949458 0.05262854
v -0.01302252 0.00773542 0.05657568
v -0.01834469 0.01160220 0.05262854
v -0.01410127 0.00597507 0.05657568
v -0.01996281 0.00896167 0.05262854
v -0.01489136 0.00406763 0.05657568
v -0.02114794 0.00610052 0.05262854
v -0.01537332 0.00206008 0.05657568
v -0.02187090 0.00308919 0.05262854
v 0.01157708 0.01395710 0.05262854
v 0.00692533 0.00930534 0.05657568
v 0.01358834 0.01160220 0.05262854
v 0.01061698 0.00206008 0.05657568
v 0.01711456 0.00308919 0.05262854
v 0.01013501 0.00406763 0.05657568
v 0.01639159 0.00610052 0.05262854
v 0.00934492 0.00597507 0.05657568
v 0.01520647 0.00896167 0.05262854
v 0.00826617 0.00773542 0.05657568
v 0.00535540 0.01064619 0.05657568
v 0.00922218 0.01596837 0.05262854
v 0.00359505 0.01172495 0.05657568
v 0.00658165 0.01758649 0.05262854
v 0.00168761 0.01251503 0.05657568
v 0.00372049 0.01877162 0.05262854
v -0.00031994 0.01299700 0.05657568
v 0.00692533 0.00930534 0.04868140
v -0.00031994 0.01299700 0.04868140
v -0.00237817 0.01315898 0.04868140
v 0.00168761 0.01251503 0.04868140
v 0.00359505 0.01172495 0.04868140
v 0.00535540 0.01064619 0.04868140
v 0.00826617 0.00773542 0.04868140
v 0.00934492 0.00597507 0.04868140
v 0.01013501 0.00406763 0.04868140
v 0.01061698 0.00206008 0.04868140
v 0.01077896 0.00000185 0.04868140
v -0.01168167 0.00930534 0.04868140
v -0.01537332 0.00206008 0.04868140
v -0.01553531 0.00000185 0.04868140
v -0.01489136 0.00406763 0.04868140
v -0.01410127 0.00597507 0.04868140
v -0.01302252 0.00773542 0.04868140
v -0.01011175 0.01064619 0.04868140
v -0.00835138 0.01172495 0.04868140
v -0.00644396 0.01251503 0.04868140
v -0.00443641 0.01299700 0.04868140
v -0.01168167 -0.00930165 0.04868140
v -0.00443641 -0.01299330 0.04868140
v -0.00237817 -0.01315529 0.04868140
v -0.00644396 -0.01251133 0.04868140
v -0.00835138 -0.01172125 0.04868140
v -0.01011175 -0.01064249 0.04868140
v -0.01302252 -0.00773172 0.04868140
v -0.01410127 -0.00597137 0.04868140
v -0.01489136 -0.00406393 0.04868140
v -0.01537332 -0.00205638 0.04868140
v 0.00692533 -0.00930165 0.04868140
v 0.01061698 -0.00205638 0.04868140
v 0.01013501 -0.00406393 0.04868140
v 0.00934492 -0.00597137 0.04868140
v 0.00826617 -0.00773172 0.04868140
v 0.00535540 -0.01064249 0.04868140
v 0.00359505 -0.01172125 0.04868140
v 0.00168761 -0.01251133 0.04868140
v -0.00031994 -0.01299330 0.04868140
v 0.01157708 -0.01395340 0.04473426
v 0.00922218 -0.01596467 0.04473426
v -0.00237817 -0.01973386 0.04473426
v 0.00070917 -0.01949088 0.04473426
v 0.00372049 -0.01876792 0.04473426
v 0.00658165 -0.01758279 0.04473426
v -0.00546551 -0.01949088 0.04473426
v 0.01358834 -0.01159850 0.04473426
v 0.01520647 -0.00895797 0.04473426
v 0.01639159 -0.00609682 0.04473426
v 0.01711456 -0.00308549 0.04473426
v -0.01633342 -0.01395340 0.04473426
v -0.01834469 -0.01159850 0.04473426
v -0.02211388 0.00000185 0.04473426
v -0.02187090 -0.00308549 0.04473426
v -0.02114794 -0.00609682 0.04473426
v -0.01996281 -0.00895797 0.04473426
v 0.01735753 0.00000185 0.04473426
v -0.01397853 -0.01596467 0.04473426
v -0.01133799 -0.01758279 0.04473426
v -0.00847684 -0.01876792 0.04473426
v -0.01633342 0.01395710 0.04473426
v -0.01397853 0.01596837 0.04473426
v -0.00237817 0.01973755 0.04473426
v -0.00546551 0.01949458 0.04473426
v -0.00847684 0.01877162 0.04473426
v -0.01133799 0.01758649 0.04473426
v 0.00070917 0.01949458 0.04473426
v -0.01834469 0.01160220 0.04473426
v -0.01996281 0.00896167 0.04473426
v -0.02114794 0.00610052 0.04473426
v -0.02187090 0.00308919 0.04473426
v 0.01157708 0.01395710 0.04473426
v 0.01358834 0.01160220 0.04473426
v 0.01711456 0.00308919 0.04473426
v 0.01639159 0.00610052 0.04473426
v 0.01520647 0.00896167 0.04473426
v 0.00922218 0.01596837 0.04473426
v 0.00658165 0.01758649 0.04473426
v 0.00372049 0.01877162 0.04473426
v 0.00692533 0.00930534 0.04078712
v -0.00031994 0.01299700 0.04078712
v -0.00237817 0.01315898 0.04078712
v 0.00168761 0.01251503 0.04078712
v 0.00359505 0.01172495 0.04078712
v 0.00535540 0.01064619 0.04078712
v 0.00826617 0.00773542 0.04078712
v 0.00934492 0.00597507 0.04078712
v 0.01013501 0.00406763 0.04078712
v 0.01061698 0.00206008 0.04078712
v 0.01077896 0.00000185 0.04078712
v -0.01168167 0.00930534 0.04078712
v -0.01537332 0.00206008 0.04078712
v -0.01553531 0.00000185 0.04078712
v -0.01489136 0.00406763 0.04078712
v -0.01410127 0.00597507 0.04078712
v -0.01302252 0.00773542 0.04078712
v -0.01011175 0.01064619 0.04078712
v -0.00835138 0.01172495 0.04078712
v -0.00644396 0.01251503 0.04078712
v -0.00443641 0.01299700 0.04078712
v -0.01168167 -0.00930165 0.04078712
v -0.00443641 -0.01299330 0.04078712
v -0.00237817 -0.01315529 0.04078712
v -0.00644396 -0.01251133 0.04078712
v -0.00835138 -0.01172125 0.04078712
v -0.01011175 -0.01064249 0.04078712
v -0.01302252 -0.00773172 0.04078712
v -0.01410127 -0.00597137 0.04078712
v -0.01489136 -0.00406393 0.04078712
v -0.01537332 -0.00205638 0.04078712
v 0.00692533 -0.00930165 0.04078712
v 0.01061698 -0.00205638 0.04078712
v 0.01013501 -0.00406393 0.04078712
v 0.00934492 -0.00597137 0.04078712
v 0.00826617 -0.00773172 0.04078712
v 0.00535540 -0.01064249 0.04078712
v 0.00359505 -0.01172125 0.04078712
v 0.00168761 -0.01251133 0.04078712
v -0.00031994 -0.01299330 0.04078712
v 0.01715918 -0.01953550 0.09209995
v 0.01386232 -0.02235128 0.09209995
v -0.00237817 -0.02762814 0.09209995
v 0.00194411 -0.02728797 0.09209995
v 0.00615996 -0.02627583 0.09209995
v 0.01016558 -0.02461665 0.09209995
v -0.00670046 -0.02728797 0.09209995
v 0.01997495 -0.01623865 0.09209995
v 0.02224032 -0.01254190 0.09209995
v 0.02389951 -0.00853629 0.09209995
v 0.02491164 -0.00432043 0.09209995
v -0.02191552 -0.01953550 0.09209995
v -0.02473130 -0.01623865 0.09209995
v -0.03000816 0.00000185 0.09209995
v -0.02966799 -0.00432043 0.09209995
v -0.02865585 -0.00853629 0.09209995
v -0.02699667 -0.01254190 0.09209995
v 0.02525181 0.00000185 0.09209995
v -0.01861867 -0.02235128 0.09209995
v -0.01492192 -0.02461665 0.09209995
v -0.01091631 -0.02627583 0.09209995
v -0.02191552 0.01953920 0.09209995
v -0.01861867 0.02235497 0.09209995
v -0.00237817 0.02763183 0.09209995
v -0.00670046 0.02729166 0.09209995
v -0.01091631 0.02627953 0.09209995
v -0.01492192 0.02462035 0.09209995
v 0.00194411 0.02729166 0.09209995
v -0.02473130 0.01624234 0.09209995
v -0.02699667 0.01254560 0.09209995
v -0.02865585 0.00853998 0.09209995
v -0.02966799 0.00432413 0.09209995
v 0.01715918 0.01953920 0.09209995
v 0.01997495 0.01624234 0.09209995
v 0.02491164 0.00432413 0.09209995
v 0.02389951 0.00853998 0.09209995
v 0.02224032 0.01254560 0.09209995
v 0.01386232 0.02235497 0.09209995
v 0.01016558 0.02462035 0.09209995
v 0.00615996 0.02627953 0.09209995
v 0.01157708 0.01395710 0.08815281
v 0.00070917 0.01949458 0.08815281
v -0.00237817 0.01973755 0.08815281
v 0.00372049 0.01877162 0.08815281
v 0.00658165 0.01758649 0.08815281
v 0.00922218 0.01596837 0.08815281
v 0.01358834 0.01160220 0.08815281
v 0.01520647 0.00896167 0.08815281
v 0.01639159 0.00610052 0.08815281
v 0.01711456 0.00308919 0.08815281
v 0.01735753 0.00000185 0.08815281
v -0.01633342 0.01395710 0.08815281
v -0.02187090 0.00308919 0.08815281
v -0.02211388 0.00000185 0.08815281
v -0.02114794 0.00610052 0.08815281
v -0.01996281 0.00896167 0.08815281
v -0.01834469 0.01160220 0.08815281
v -0.01397853 0.01596837 0.08815281
v -0.01133799 0.01758649 0.08815281
v -0.00847684 0.01877162 0.08815281
v -0.00546551 0.01949458 0.08815281
v -0.01633342 -0.01395340 0.08815281
v -0.00546551 -0.01949088 0.08815281
v -0.00237817 -0.01973386 0.08815281
v -0.00847684 -0.01876792 0.08815281
v -0.01133799 -0.01758279 0.08815281
v -0.01397853 -0.01596467 0.08815281
v -0.01834469 -0.01159850 0.08815281
v -0.01996281 -0.00895797 0.08815281
v -0.02114794 -0.00609682 0.08815281
v -0.02187090 -0.00308549 0.08815281
v 0.01157708 -0.01395340 0.08815281
v 0.01711456 -0.00308549 0.08815281
v 0.01639159 -0.00609682 0.08815281
v 0.01520647 -0.00895797 0.08815281
v 0.01358834 -0.01159850 0.08815281
v 0.00922218 -0.01596467 0.08815281
v 0.00658165 -0.01758279 0.08815281
v 0.00372049 -0.01876792 0.08815281
v 0.00070917 -0.01949088 0.08815281
v 0.01715918 -0.01953550 0.08420567
v 0.01386232 -0.02235128 0.08420567
v -0.00237817 -0.02762814 0.08420567
v 0.00194411 -0.02728797 0.08420567
v 0.00615996 -0.02627583 0.08420567
v 0.01016558 -0.02461665 0.08420567
v -0.00670046 -0.02728797 0.08420567
v 0.01997495 -0.01623865 0.08420567
v 0.02224032 -0.01254190 0.08420567
v 0.02389951 -0.00853629 0.08420567
v 0.02491164 -0.00432043 0.08420567
v -0.02191552 -0.01953550 0.08420567
v -0.02473130 -0.01623865 0.08420567
v -0.03000816 0.00000185 0.08420567
v -0.02966799 -0.00432043 0.08420567
v -0.02865585 -0.00853629 0.08420567
v -0.02699667 -0.01254190 0.08420567
v 0.02525181 0.00000185 0.08420567
v -0.01861867 -0.02235128 0.08420567
v -0.01492192 -0.02461665 0.08420567
v -0.01091631 -0.02627583 0.08420567
v -0.02191552 0.01953920 0.08420567
v -0.01861867 0.02235497 0.08420567
v -0.00237817 0.02763183 0.08420567
v -0.00670046 0.02729166 0.08420567
v -0.01091631 0.02627953 0.08420567
v -0.01492192 0.02462035 0.08420567
v 0.00194411 0.02729166 0.08420567
v -0.02473130 0.01624234 0.08420567
v -0.02699667 0.01254560 0.08420567
v -0.02865585 0.00853998 0.08420567
v -0.02966799 0.00432413 0.08420567
v 0.01715918 0.01953920 0.08420567
v 0.01997495 0.01624234 0.08420567
v 0.02491164 0.00432413 0.08420567
v 0.02389951 0.00853998 0.08420567
v 0.02224032 0.01254560 0.08420567
v 0.01386232 0.02235497 0.08420567
v 0.01016558 0.02462035 0.08420567
v 0.00615996 0.02627953 0.08420567
v 0.01157708 0.01395710 0.08025853
v 0.00070917 0.01949458 0.08025853
v -0.00237817 0.01973755 0.08025853
v 0.00372049 0.01877162 0.08025853
v 0.00658165 0.01758649 0.08025853
v 0.00922218 0.01596837 0.08025853
v 0.01358834 0.01160220 0.08025853
v 0.01520647 0.00896167 0.08025853
v 0.01639159 0.00610052 0.08025853
v 0.01711456 0.00308919 0.08025853
v 0.01735753 0.00000185 0.08025853
v -0.01633342 0.01395710 0.08025853
v -0.02187090 0.00308919 0.08025853
v -0.02211388 0.00000185 0.08025853
v -0.02114794 0.00610052 0.08025853
v -0.01996281 0.00896167 0.08025853
v -0.01834469 0.01160220 0.08025853
v -0.01397853 0.01596837 0.08025853
v -0.01133799 0.01758649 0.08025853
v -0.00847684 0.01877162 0.08025853
v -0.00546551 0.01949458 0.08025853
v -0.01633342 -0.01395340 0.08025853
v -0.00546551 -0.01949088 0.08025853
v -0.00237817 -0.01973386 0.08025853
v -0.00847684 -0.01876792 0.08025853
v -0.01133799 -0.01758279 0.08025853
v -0.01397853 -0.01596467 0.08025853
v -0.01834469 -0.01159850 0.08025853
v -0.01996281 -0.00895797 0.08025853
v -0.02114794 -0.00609682 0.08025853
v -0.02187090 -0.00308549 0.08025853
v 0.01157708 -0.01395340 0.08025853
v 0.01711456 -0.00308549 0.08025853
v 0.01639159 -0.00609682 0.08025853
v 0.01520647 -0.00895797 0.08025853
v 0.01358834 -0.01159850 0.08025853
v 0.00922218 -0.01596467 0.08025853
v 0.00658165 -0.01758279 0.08025853
v 0.00372049 -0.01876792 0.08025853
v 0.00070917 -0.01949088 0.08025853
v 0.01715918 -0.01953550 0.07631139
v 0.01386232 -0.02235128 0.07631139
v -0.00237817 -0.02762814 0.07631139
v 0.00194411 -0.02728797 0.07631139
v 0.00615996 -0.02627583 0.07631139
v 0.01016558 -0.02461665 0.07631139
v -0.00670046 -0.02728797 0.07631139
v 0.01997495 -0.01623865 0.07631139
v 0.02224032 -0.01254190 0.07631139
v 0.02389951 -0.00853629 0.07631139
v 0.02491164 -0.00432043 0.07631139
v -0.02191552 -0.01953550 0.07631139
v -0.02473130 -0.01623865 0.07631139
v -0.03000816 0.00000185 0.07631139
v -0.02966799 -0.00432043 0.07631139
v -0.02865585 -0.00853629 0.07631139
v -0.02699667 -0.01254190 0.07631139
v 0.02525181 0.00000185 0.07631139
v -0.01861867 -0.02235128 0.07631139
v -0.01492192 -0.02461665 0.07631139
v -0.01091631 -0.02627583 0.07631139
v -0.02191552 0.01953920 0.07631139
v -0.01861867 0.02235497 0.07631139
v -0.00237817 0.02763183 0.07631139
v -0.00670046 0.02729166 0.07631139
v -0.01091631 0.02627953 0.07631139
v -0.01492192 0.02462035 0.07631139
v 0.00194411 0.02729166 0.07631139
v -0.02473130 0.01624234 0.07631139
v -0.02699667 0.01254560 0.07631139
v -0.02865585 0.00853998 0.07631139
v -0.02966799 0.00432413 0.07631139
v 0.01715918 0.01953920 0.07631139
v 0.01997495 0.01624234 0.07631139
v 0.02491164 0.00432413 0.07631139
v 0.02389951 0.00853998 0.07631139
v 0.02224032 0.01254560 0.07631139
v 0.01386232 0.02235497 0.07631139
v 0.01016558 0.02462035 0.07631139
v 0.00615996 0.02627953 0.07631139
v 0.01157708 0.01395710 0.07236425
v 0.00070917 0.01949458 0.07236425
v -0.00237817 0.01973755 0.07236425
v 0.00372049 0.01877162 0.07236425
v 0.00658165 0.01758649 0.07236425
v 0.00922218 0.01596837 0.07236425
v 0.01358834 0.01160220 0.07236425
v 0.01520647 0.00896167 0.07236425
v 0.01639159 0.00610052 0.07236425
v 0.01711456 0.00308919 0.07236425
v 0.01735753 0.00000185 0.07236425
v -0.01633342 0.01395710 0.07236425
v -0.02187090 0.00308919 0.07236425
v -0.02211388 0.00000185 0.07236425
v -0.02114794 0.00610052 0.07236425
v -0.01996281 0.00896167 0.07236425
v -0.01834469 0.01160220 0.07236425
v -0.01397853 0.01596837 0.07236425
v -0.01133799 0.01758649 0.07236425
v -0.00847684 0.01877162 0.07236425
v -0.00546551 0.01949458 0.07236425
v -0.01633342 -0.01395340 0.07236425
v -0.00546551 -0.01949088 0.07236425
v -0.00237817 -0.01973386 0.07236425
v -0.00847684 -0.01876792 0.07236425
v -0.01133799 -0.01758279 0.07236425
v -0.01397853 -0.01596467 0.07236425
v -0.01834469 -0.01159850 0.07236425
v -0.01996281 -0.00895797 0.07236425
v -0.02114794 -0.00609682 0.07236425
v -0.02187090 -0.00308549 0.07236425
v 0.01157708 -0.01395340 0.07236425
v 0.01711456 -0.00308549 0.07236425
v 0.01639159 -0.00609682 0.07236425
v 0.01520647 -0.00895797 0.07236425
v 0.01358834 -0.01159850 0.07236425
v 0.00922218 -0.01596467 0.07236425
v 0.00658165 -0.01758279 0.07236425
v 0.00372049 -0.01876792 0.07236425
v 0.00070917 -0.01949088 0.07236425
v 0.01343778 -0.01581410 0.06841711
v 0.01076889 -0.01809354 0.06841711
v -0.00237817 -0.02236529 0.06841711
v 0.00112082 -0.02208990 0.06841711
v 0.00453365 -0.02127056 0.06841711
v 0.00777630 -0.01992741 0.06841711
v -0.00587716 -0.02208990 0.06841711
v 0.01571721 -0.01314522 0.06841711
v 0.01755108 -0.01015261 0.06841711
v 0.01889423 -0.00690998 0.06841711
v 0.01971358 -0.00349714 0.06841711
v -0.01819412 -0.01581410 0.06841711
v -0.02047356 -0.01314522 0.06841711
v -0.02474530 0.00000185 0.06841711
v -0.02446993 -0.00349714 0.06841711
v -0.02365058 -0.00690998 0.06841711
v -0.02230743 -0.01015261 0.06841711
v 0.01998896 0.00000185 0.06841711
v -0.01552524 -0.01809354 0.06841711
v -0.01253263 -0.01992741 0.06841711
v -0.00929000 -0.02127056 0.06841711
v -0.01819412 0.01581780 0.06841711
v -0.01552524 0.01809724 0.06841711
v -0.00237817 0.02236898 0.06841711
v -0.00587716 0.02209360 0.06841711
v -0.00929000 0.02127425 0.06841711
v -0.01253263 0.01993111 0.06841711
v 0.00112082 0.02209360 0.06841711
v -0.02047356 0.01314892 0.06841711
v -0.02230743 0.01015631 0.06841711
v -0.02365058 0.00691368 0.06841711
v -0.02446993 0.00350083 0.06841711
v 0.01343778 0.01581780 0.06841711
v 0.01571721 0.01314892 0.06841711
v 0.01971358 0.00350083 0.06841711
v 0.01889423 0.00691368 0.06841711
v 0.01755108 0.01015631 0.06841711
v 0.01076889 0.01809724 0.06841711
v 0.00777630 0.01993111 0.06841711
v 0.00453365 0.02127425 0.06841711
v 0.01343778 -0.01581410 0.03683998
v 0.01076889 -0.01809354 0.03683998
v -0.00237817 -0.02236529 0.03683998
v 0.00112082 -0.02208990 0.03683998
v 0.00453365 -0.02127056 0.03683998
v 0.00777630 -0.01992741 0.03683998
v -0.00587716 -0.02208990 0.03683998
v 0.01571721 -0.01314522 0.03683998
v 0.01755108 -0.01015261 0.03683998
v 0.01889423 -0.00690998 0.03683998
v 0.01971358 -0.00349714 0.03683998
v -0.01819412 -0.01581410 0.03683998
v -0.02047356 -0.01314522 0.03683998
v -0.02474530 0.00000185 0.03683998
v -0.02446993 -0.00349714 0.03683998
v -0.02365058 -0.00690998 0.03683998
v -0.02230743 -0.01015261 0.03683998
v 0.01998896 0.00000185 0.03683998
v -0.01552524 -0.01809354 0.03683998
v -0.01253263 -0.01992741 0.03683998
v -0.00929000 -0.02127056 0.03683998
v -0.01819412 0.01581780 0.03683998
v -0.01552524 0.01809724 0.03683998
v -0.00237817 0.02236898 0.03683998
v -0.00587716 0.02209360 0.03683998
v -0.00929000 0.02127425 0.03683998
v -0.01253263 0.01993111 0.03683998
v 0.00112082 0.02209360 0.03683998
v -0.02047356 0.01314892 0.03683998
v -0.02230743 0.01015631 0.03683998
v -0.02365058 0.00691368 0.03683998
v -0.02446993 0.00350083 0.03683998
v 0.01343778 0.01581780 0.03683998
v 0.01571721 0.01314892 0.03683998
v 0.01971358 0.00350083 0.03683998
v 0.01889423 0.00691368 0.03683998
v 0.01755108 0.01015631 0.03683998
v 0.01076889 0.01809724 0.03683998
v 0.00777630 0.01993111 0.03683998
v 0.00453365 0.02127425 0.03683998
v 0.01157708 0.01395710 0.03289284
v 0.00070917 0.01949458 0.03289284
v -0.00237817 0.01973755 0.03289284
v 0.00372049 0.01877162 0.03289284
v 0.00658165 0.01758649 0.03289284
v 0.00922218 0.01596837 0.03289284
v 0.01358834 0.01160220 0.03289284
v 0.01520647 0.00896167 0.03289284
v 0.01639159 0.00610052 0.03289284
v 0.01711456 0.00308919 0.03289284
v 0.01735753 0.00000185 0.03289284
v -0.01633342 0.01395710 0.03289284
v -0.02187090 0.00308919 0.03289284
v -0.02211388 0.00000185 0.03289284
v -0.02114794 0.00610052 0.03289284
v -0.01996281 0.00896167 0.03289284
v -0.01834469 0.01160220 0.03289284
v -0.01397853 0.01596837 0.03289284
v -0.01133799 0.01758649 0.03289284
v -0.00847684 0.01877162 0.03289284
v -0.00546551 0.01949458 0.03289284
v -0.01633342 -0.01395340 0.03289284
v -0.00546551 -0.01949088 0.03289284
v -0.00237817 -0.01973386 0.03289284
v -0.00847684 -0.01876792 0.03289284
v -0.01133799 -0.01758279 0.03289284
v -0.01397853 -0.01596467 0.03289284
v -0.01834469 -0.01159850 0.03289284
v -0.01996281 -0.00895797 0.03289284
v -0.02114794 -0.00609682 0.03289284
v -0.02187090 -0.00308549 0.03289284
v 0.01157708 -0.01395340 0.03289284
v 0.01711456 -0.00308549 0.03289284
v 0.01639159 -0.00609682 0.03289284
v 0.01520647 -0.00895797 0.03289284
v 0.01358834 -0.01159850 0.03289284
v 0.00922218 -0.01596467 0.03289284
v 0.00658165 -0.01758279 0.03289284
v 0.00372049 -0.01876792 0.03289284
v 0.00070917 -0.01949088 0.03289284
v 0.01715918 -0.01953550 0.02894570
v 0.01386232 -0.02235128 0.02894570
v -0.00237817 -0.02762814 0.02894570
v 0.00194411 -0.02728797 0.02894570
v 0.00615996 -0.02627583 0.02894570
v 0.01016558 -0.02461665 0.02894570
v -0.00670046 -0.02728797 0.02894570
v 0.01997495 -0.01623865 0.02894570
v 0.02224032 -0.01254190 0.02894570
v 0.02389951 -0.00853629 0.02894570
v 0.02491164 -0.00432043 0.02894570
v -0.02191552 -0.01953550 0.02894570
v -0.02473130 -0.01623865 0.02894570
v -0.03000816 0.00000185 0.02894570
v -0.02966799 -0.00432043 0.02894570
v -0.02865585 -0.00853629 0.02894570
v -0.02699667 -0.01254190 0.02894570
v 0.02525181 0.00000185 0.02894570
v -0.01861867 -0.02235128 0.02894570
v -0.01492192 -0.02461665 0.02894570
v -0.01091631 -0.02627583 0.02894570
v -0.02191552 0.01953920 0.02894570
v -0.01861867 0.02235497 0.02894570
v -0.00237817 0.02763183 0.02894570
v -0.00670046 0.02729166 0.02894570
v -0.01091631 0.02627953 0.02894570
v -0.01492192 0.02462035 0.02894570
v 0.00194411 0.02729166 0.02894570
v -0.02473130 0.01624234 0.02894570
v -0.02699667 0.01254560 0.02894570
v -0.02865585 0.00853998 0.02894570
v -0.02966799 0.00432413 0.02894570
v 0.01715918 0.01953920 0.02894570
v 0.01997495 0.01624234 0.02894570
v 0.02491164 0.00432413 0.02894570
v 0.02389951 0.00853998 0.02894570
v 0.02224032 0.01254560 0.02894570
v 0.01386232 0.02235497 0.02894570
v 0.01016558 0.02462035 0.02894570
v 0.00615996 0.02627953 0.02894570
v 0.01157708 0.01395710 0.02499856
v 0.00070917 0.01949458 0.02499856
v -0.00237817 0.01973755 0.02499856
v 0.00372049 0.01877162 0.02499856
v 0.00658165 0.01758649 0.02499856
v 0.00922218 0.01596837 0.02499856
v 0.01358834 0.01160220 0.02499856
v 0.01520647 0.00896167 0.02499856
v 0.01639159 0.00610052 0.02499856
v 0.01711456 0.00308919 0.02499856
v 0.01735753 0.00000185 0.02499856
v -0.01633342 0.01395710 0.02499856
v -0.02187090 0.00308919 0.02499856
v -0.02211388 0.00000185 0.02499856
v -0.02114794 0.00610052 0.02499856
v -0.01996281 0.00896167 0.02499856
v -0.01834469 0.01160220 0.02499856
v -0.01397853 0.01596837 0.02499856
v -0.01133799 0.01758649 0.02499856
v -0.00847684 0.01877162 0.02499856
v -0.00546551 0.01949458 0.02499856
v -0.01633342 -0.01395340 0.02499856
v -0.00546551 -0.01949088 0.02499856
v -0.00237817 -0.01973386 0.02499856
v -0.00847684 -0.01876792 0.02499856
v -0.01133799 -0.01758279 0.02499856
v -0.01397853 -0.01596467 0.02499856
v -0.01834469 -0.01159850 0.02499856
v -0.01996281 -0.00895797 0.02499856
v -0.02114794 -0.00609682 0.02499856
v -0.02187090 -0.00308549 0.02499856
v 0.01157708 -0.01395340 0.02499856
v 0.01711456 -0.00308549 0.02499856
v 0.01639159 -0.00609682 0.02499856
v 0.01520647 -0.00895797 0.02499856
v 0.01358834 -0.01159850 0.02499856
v 0.00922218 -0.01596467 0.02499856
v 0.00658165 -0.01758279 0.02499856
v 0.00372049 -0.01876792 0.02499856
v 0.00070917 -0.01949088 0.02499856
v 0.01715918 -0.01953550 0.02105142
v 0.01386232 -0.02235128 0.02105142
v -0.00237817 -0.02762814 0.02105142
v 0.00194411 -0.02728797 0.02105142
v 0.00615996 -0.02627583 0.02105142
v 0.01016558 -0.02461665 0.02105142
v -0.00670046 -0.02728797 0.02105142
v 0.01997495 -0.01623865 0.02105142
v 0.02224032 -0.01254190 0.02105142
v 0.02389951 -0.00853629 0.02105142
v 0.02491164 -0.00432043 0.02105142
v -0.02191552 -0.01953550 0.02105142
v -0.02473130 -0.01623865 0.02105142
v -0.03000816 0.00000185 0.02105142
v -0.02966799 -0.00432043 0.02105142
v -0.02865585 -0.00853629 0.02105142
v -0.02699667 -0.01254190 0.02105142
v 0.02525181 0.00000185 0.02105142
v -0.01861867 -0.02235128 0.02105142
v -0.01492192 -0.02461665 0.02105142
v -0.01091631 -0.02627583 0.02105142
v -0.02191552 0.01953920 0.02105142
v -0.01861867 0.02235497 0.02105142
v -0.00237817 0.02763183 0.02105142
v -0.00670046 0.02729166 0.02105142
v -0.01091631 0.02627953 0.02105142
v -0.01492192 0.02462035 0.02105142
v 0.00194411 0.02729166 0.02105142
v -0.02473130 0.01624234 0.02105142
v -0.02699667 0.01254560 0.02105142
v -0.02865585 0.00853998 0.02105142
v -0.02966799 0.00432413 0.02105142
v 0.01715918 0.01953920 0.02105142
v 0.01997495 0.01624234 0.02105142
v 0.02491164 0.00432413 0.02105142
v 0.02389951 0.00853998 0.02105142
v 0.02224032 0.01254560 0.02105142
v 0.01386232 0.02235497 0.02105142
v 0.01016558 0.02462035 0.02105142
v 0.00615996 0.02627953 0.02105142
v 0.01157708 0.01395710 0.01710428
v 0.00070917 0.01949458 0.01710428
v -0.00237817 0.01973755 0.01710428
v 0.00372049 0.01877162 0.01710428
v 0.00658165 0.01758649 0.01710428
v 0.00922218 0.01596837 0.01710428
v 0.01358834 0.01160220 0.01710428
v 0.01520647 0.00896167 0.01710428
v 0.01639159 0.00610052 0.01710428
v 0.01711456 0.00308919 0.01710428
v 0.01735753 0.00000185 0.01710428
v -0.01633342 0.01395710 0.01710428
v -0.02187090 0.00308919 0.01710428
v -0.02211388 0.00000185 0.01710428
v -0.02114794 0.00610052 0.01710428
v -0.01996281 0.00896167 0.01710428
v -0.01834469 0.01160220 0.01710428
v -0.01397853 0.01596837 0.01710428
v -0.01133799 0.01758649 0.01710428
v -0.00847684 0.01877162 0.01710428
v -0.00546551 0.01949458 0.01710428
v -0.01633342 -0.01395340 0.01710428
v -0.00546551 -0.01949088 0.01710428
v -0.00237817 -0.01973386 0.01710428
v -0.00847684 -0.01876792 0.01710428
v -0.01133799 -0.01758279 0.01710428
v -0.01397853 -0.01596467 0.01710428
v -0.01834469 -0.01159850 0.01710428
v -0.01996281 -0.00895797 0.01710428
v -0.02114794 -0.00609682 0.01710428
v -0.02187090 -0.00308549 0.01710428
v 0.01157708 -0.01395340 0.01710428
v 0.01711456 -0.00308549 0.01710428
v 0.01639159 -0.00609682 0.01710428
v 0.01520647 -0.00895797 0.01710428
v 0.01358834 -0.01159850 0.01710428
v 0.00922218 -0.01596467 0.01710428
v 0.00658165 -0.01758279 0.01710428
v 0.00372049 -0.01876792 0.01710428
v 0.00070917 -0.01949088 0.01710428
v 0.01715918 -0.01953550 0.01315714
v 0.01386232 -0.02235128 0.01315714
v -0.00237817 -0.02762814 0.01315714
v 0.00194411 -0.02728797 0.01315714
v 0.00615996 -0.02627583 0.01315714
v 0.01016558 -0.02461665 0.01315714
v -0.00670046 -0.02728797 0.01315714
v 0.01997495 -0.01623865 0.01315714
v 0.02224032 -0.01254190 0.01315714
v 0.02389951 -0.00853629 0.01315714
v 0.02491164 -0.00432043 0.01315714
v -0.02191552 -0.01953550 0.01315714
v -0.02473130 -0.01623865 0.01315714
v -0.03000816 0.00000185 0.01315714
v -0.02966799 -0.00432043 0.01315714
v -0.02865585 -0.00853629 0.01315714
v -0.02699667 -0.01254190 0.01315714
v 0.02525181 0.00000185 0.01315714
v -0.01861867 -0.02235128 0.01315714
v -0.01492192 -0.02461665 0.01315714
v -0.01091631 -0.02627583 0.01315714
v -0.02191552 0.01953920 0.01315714
v -0.01861867 0.02235497 0.01315714
v -0.00237817 0.02763183 0.01315714
v -0.00670046 0.02729166 0.01315714
v -0.01091631 0.02627953 0.01315714
v -0.01492192 0.02462035 0.01315714
v 0.00194411 0.02729166 0.01315714
v -0.02473130 0.01624234 0.01315714
v -0.02699667 0.01254560 0.01315714
v -0.02865585 0.00853998 0.01315714
v -0.02966799 0.00432413 0.01315714
v 0.01715918 0.01953920 0.01315714
v 0.01997495 0.01624234 0.01315714
v 0.02491164 0.00432413 0.01315714
v 0.02389951 0.00853998 0.01315714
v 0.02224032 0.01254560 0.01315714
v 0.01386232 0.02235497 0.01315714
v 0.01016558 0.02462035 0.01315714
v 0.00615996 0.02627953 0.01315714
v -0.00736923 -0.02508990 0.00657857
v -0.00670045 -0.02728785 0.00526285
v -0.00562571 -0.02743629 0.00526285
v -0.01216835 -0.02363369 0.00657857
v -0.01394566 -0.02508993 0.00526285
v -0.01295156 -0.02552453 0.00526285
v -0.01194120 -0.02591986 0.00526285
v -0.01091614 -0.02627536 0.00526285
v -0.00980449 -0.02447949 0.00657857
v -0.00987796 -0.02659046 0.00526285
v -0.00882822 -0.02686461 0.00526285
v -0.00776851 -0.02709724 0.00526285
v -0.01443807 -0.02256063 0.00657857
v -0.00488575 -0.02545788 0.00657857
v -0.00454597 -0.02754247 0.00526285
v -0.00346289 -0.02760630 0.00526285
v -0.00237815 -0.02558107 0.00657857
v -0.00237815 -0.02762771 0.00526285
v -0.00129342 -0.02760661 0.00526285
v -0.00021035 -0.02754293 0.00526285
v 0.00012943 -0.02545828 0.00657857
v -0.01860802 -0.01977428 0.00657857
v -0.02032238 -0.02100811 0.00526285
v -0.01948371 -0.02169642 0.00526285
v -0.02267867 -0.01556709 0.00657857
v -0.02407639 -0.01710365 0.00526285
v -0.02338810 -0.01794233 0.00526285
v -0.02161481 -0.01686392 0.00657857
v -0.02266746 -0.01875338 0.00526285
v -0.02046831 -0.01808829 0.00657857
v -0.02113341 -0.02028745 0.00526285
v 0.00086938 -0.02743658 0.00526285
v -0.01861867 -0.02235127 0.00526285
v -0.01659150 -0.02126990 0.00657857
v -0.01772856 -0.02297164 0.00526285
v -0.01681479 -0.02355657 0.00526285
v -0.01587876 -0.02410520 0.00526285
v -0.01492191 -0.02461662 0.00526285
v 0.01739798 -0.01622802 0.00657857
v 0.01863183 -0.01794238 0.00526285
v 0.01932010 -0.01710369 0.00526285
v 0.01240091 -0.02088066 0.00657857
v 0.01386227 -0.02235120 0.00526285
v 0.01472738 -0.02169643 0.00526285
v 0.01385171 -0.01977432 0.00657857
v 0.01556606 -0.02100816 0.00526285
v 0.01637706 -0.02028745 0.00526285
v 0.01571194 -0.01808827 0.00657857
v 0.01715916 -0.01953548 0.00526285
v 0.01791114 -0.01875341 0.00526285
v 0.01297215 -0.02297152 0.00526285
v 0.01997494 -0.01623863 0.00526285
v 0.01889358 -0.01421148 0.00657857
v 0.02059532 -0.01534855 0.00526285
v 0.02118021 -0.01443475 0.00526285
v 0.02172874 -0.01349867 0.00526285
v 0.02018416 -0.01205797 0.00657857
v 0.02224016 -0.01254181 0.00526285
v 0.02271369 -0.01156566 0.00526285
v 0.00635124 -0.02404596 0.00657857
v 0.00718501 -0.02592025 0.00526285
v 0.00819537 -0.02552493 0.00526285
v 0.00194406 -0.02728775 0.00526285
v 0.00301207 -0.02709681 0.00526285
v 0.00328444 -0.02494643 0.00657857
v 0.00407180 -0.02686420 0.00526285
v 0.00512160 -0.02659029 0.00526285
v 0.00615988 -0.02627551 0.00526285
v -0.02473126 -0.01623862 0.00526285
v 0.00918939 -0.02509013 0.00526285
v 0.00928174 -0.02276990 0.00657857
v 0.01112240 -0.02410516 0.00526285
v 0.01087500 -0.02188089 0.00657857
v 0.01205839 -0.02355648 0.00526285
v -0.02215434 0.01623173 0.00657857
v -0.02473125 0.01624231 0.00526285
v -0.02364988 0.01421515 0.00657857
v -0.01872158 0.01968431 0.00657857
v -0.02032241 0.02101185 0.00526285
v -0.02113339 0.02029113 0.00526285
v -0.01993818 0.01860692 0.00657857
v -0.02191545 0.01953914 0.00526285
v -0.02266744 0.01875706 0.00526285
v -0.02108398 0.01745451 0.00657857
v -0.02338816 0.01794608 0.00526285
v -0.02407646 0.01710740 0.00526285
v -0.01948373 0.02170014 0.00526285
v -0.02535162 0.01535221 0.00526285
v -0.02593659 0.01443846 0.00526285
v -0.02648522 0.01350244 0.00526285
v -0.02494064 0.01206174 0.00657857
v -0.02699666 0.01254559 0.00526285
v -0.02747015 0.01156941 0.00526285
v -0.02601408 0.00979216 0.00657857
v -0.02790495 0.01057539 0.00526285
v -0.01298106 0.02328403 0.00657857
v -0.01295153 0.02552824 0.00526285
v -0.01394551 0.02509335 0.00526285
v -0.00736917 0.02509321 0.00657857
v -0.00670038 0.02729114 0.00526285
v -0.00776845 0.02710051 0.00526285
v -0.00882822 0.02686820 0.00526285
v -0.00987806 0.02659444 0.00526285
v -0.00980462 0.02448356 0.00657857
v -0.01091629 0.02627950 0.00526285
v -0.01194129 0.02592386 0.00526285
v -0.02830028 0.00956503 0.00526285
v -0.01492171 0.02461990 0.00526285
v -0.01587862 0.02410861 0.00526285
v -0.01597111 0.02167522 0.00657857
v -0.01681475 0.02356018 0.00526285
v -0.01772857 0.02297535 0.00526285
v -0.01861866 0.02235497 0.00526285
v -0.02660437 -0.00821840 0.00657857
v -0.02790455 -0.01057154 0.00526285
v -0.02532595 -0.01130752 0.00657857
v -0.02783790 -0.00250573 0.00657857
v -0.02966787 -0.00432042 0.00526285
v -0.02746992 -0.00498921 0.00657857
v -0.02947725 -0.00538849 0.00526285
v -0.02924463 -0.00644820 0.00526285
v -0.02897048 -0.00749794 0.00526285
v -0.02865538 -0.00853612 0.00526285
v -0.02829988 -0.00956118 0.00526285
v -0.02981631 -0.00324569 0.00526285
v -0.02746995 -0.01156564 0.00526285
v -0.02699664 -0.01254189 0.00526285
v -0.02648522 -0.01349874 0.00526285
v -0.02593661 -0.01443478 0.00526285
v -0.02365533 -0.01420339 0.00657857
v -0.02535167 -0.01534855 0.00526285
v -0.02746953 0.00499282 0.00657857
v -0.02981660 0.00324940 0.00526285
v -0.02783830 0.00250945 0.00657857
v -0.02865553 0.00853990 0.00526285
v -0.02685950 0.00742819 0.00657857
v -0.02897031 0.00750162 0.00526285
v -0.02924422 0.00645181 0.00526285
v -0.02947684 0.00539209 0.00526285
v -0.02966777 0.00432408 0.00526285
v 0.02125770 -0.00978845 0.00657857
v -0.02992295 0.00216967 0.00526285
v -0.02998664 0.00108660 0.00526285
v -0.02796110 0.00000186 0.00657857
v -0.03000773 0.00000186 0.00526285
v -0.02998632 -0.00108287 0.00526285
v -0.02992248 -0.00216594 0.00526285
v -0.01629342 0.01676006 0.00789428
v -0.01395159 0.01845517 0.00789428
v -0.02048951 0.01210345 0.00789428
v -0.01921617 0.01382044 0.00789428
v -0.01830483 0.01486154 0.00789428
v -0.01732927 0.01584274 0.00789428
v -0.02158850 0.01026999 0.00789428
v -0.01140577 0.01982496 0.00789428
v -0.00870126 0.02084628 0.00789428
v -0.00662765 0.02136535 0.00789428
v -0.00451317 0.02167900 0.00789428
v -0.02405566 0.00213690 0.00789428
v -0.02300505 -0.00699711 0.00789428
v -0.02374200 -0.00424768 0.00789428
v -0.02405532 -0.00213318 0.00789428
v -0.02416020 0.00000186 0.00789428
v -0.00488572 0.02546158 0.00657857
v -0.02374168 0.00425130 0.00789428
v -0.02322227 0.00632485 0.00789428
v -0.02250245 0.00833760 0.00789428
v 0.02125773 0.00979216 0.00657857
v 0.01824815 0.00700354 0.00789428
v 0.02184737 0.00822532 0.00657857
v 0.01571196 0.01809198 0.00657857
v 0.01302428 0.01540430 0.00789428
v 0.01445983 0.01382044 0.00789428
v 0.01739800 0.01623173 0.00657857
v 0.01573292 0.01210331 0.00789428
v 0.01889325 0.01421497 0.00657857
v 0.01683187 0.01026981 0.00789428
v 0.02018396 0.01206155 0.00657857
v 0.01774611 0.00833760 0.00789428
v 0.01385167 0.01977798 0.00657857
v 0.01866192 0.00563952 0.00789428
v 0.02233334 0.00662328 0.00657857
v 0.01898566 0.00425138 0.00789428
v 0.02271357 0.00499291 0.00657857
v 0.01921784 0.00284502 0.00789428
v 0.02298627 0.00334114 0.00657857
v 0.01935756 0.00142648 0.00789428
v 0.02315037 0.00167508 0.00657857
v 0.00504827 0.02448356 0.00657857
v 0.00394491 0.02084628 0.00789428
v 0.00595758 0.02012613 0.00789428
v -0.00237817 0.02178422 0.00789428
v -0.00237817 0.02558517 0.00657857
v -0.00024317 0.02167900 0.00789428
v 0.00012937 0.02546158 0.00657857
v 0.00187130 0.02136535 0.00789428
v 0.00261283 0.02509321 0.00657857
v -0.02191657 -0.00962726 0.00789428
v 0.00741214 0.02363775 0.00657857
v 0.00788993 0.01921211 0.00789428
v 0.00968168 0.02256425 0.00657857
v 0.00972347 0.01811322 0.00789428
v 0.01183516 0.02127360 0.00657857
v 0.01144038 0.01683981 0.00789428
v 0.01573320 -0.01209979 0.00789428
v 0.02308156 -0.00250570 0.00657857
v 0.01929898 -0.00213315 0.00789428
v 0.01898532 -0.00424762 0.00789428
v 0.02271318 -0.00498915 0.00657857
v 0.01846626 -0.00632124 0.00789428
v 0.02210354 -0.00742460 0.00657857
v 0.01774608 -0.00833389 0.00789428
v 0.01683203 -0.01026623 0.00789428
v 0.02013632 0.00000185 0.00763114
v 0.01445981 -0.01381673 0.00789428
v 0.01302427 -0.01540059 0.00789428
v 0.01144041 -0.01683615 0.00789428
v 0.01020516 -0.01777812 0.00789428
v 0.02472048 -0.00538842 0.00526285
v 0.02491111 -0.00432035 0.00526285
v 0.02314857 -0.01057168 0.00526285
v 0.02354404 -0.00956136 0.00526285
v 0.02421442 -0.00749804 0.00526285
v 0.02448817 -0.00644820 0.00526285
v 0.00890595 -0.01862974 0.00789428
v 0.02505980 -0.00324564 0.00526285
v 0.02516631 -0.00216593 0.00526285
v 0.02443080 0.00000185 0.00605228
v 0.02523040 -0.00108288 0.00526285
v 0.02247302 0.00000185 0.00684171
v -0.01778063 -0.01540061 0.00789428
v -0.01071381 -0.02012212 0.00789428
v -0.01264631 -0.01920848 0.00789428
v -0.01447980 -0.01810952 0.00789428
v -0.01619673 -0.01683612 0.00789428
v -0.00870115 -0.02084226 0.00789428
v -0.01875680 -0.01435815 0.00789428
v -0.01966259 -0.01325399 0.00789428
v -0.02049415 -0.01209289 0.00789428
v -0.00024313 -0.02167563 0.00789428
v 0.00754941 -0.01938667 0.00789428
v 0.00505430 -0.02047313 0.00789428
v 0.00244313 -0.02123982 0.00789428
v -0.00237815 -0.02178019 0.00789428
v -0.00451320 -0.02167530 0.00789428
v -0.00662770 -0.02136198 0.00789428
v -0.02089368 -0.00682888 0.00921000
v -0.02114761 -0.00609670 0.00921000
v -0.01878781 -0.01096272 0.00921000
v -0.01920562 -0.01031002 0.00921000
v -0.01959750 -0.00964143 0.00921000
v -0.01996279 -0.00895796 0.00921000
v -0.02030087 -0.00826064 0.00921000
v -0.02061129 -0.00755057 0.00921000
v -0.01834466 -0.01159848 0.00921000
v -0.02137268 -0.00535515 0.00921000
v -0.02156850 -0.00460533 0.00921000
v -0.02173466 -0.00384840 0.00921000
v -0.02187082 -0.00308549 0.00921000
v -0.02197684 -0.00231782 0.00921000
v -0.02205269 -0.00154657 0.00921000
v -0.01519546 -0.01500527 0.00921000
v -0.01577477 -0.01449051 0.00921000
v -0.01133799 -0.01758277 0.00921000
v -0.01202145 -0.01721747 0.00921000
v -0.01269004 -0.01682559 0.00921000
v -0.01334274 -0.01640779 0.00921000
v -0.01397852 -0.01596467 0.00921000
v -0.01459641 -0.01549691 0.00921000
v -0.02209828 -0.00077296 0.00921000
v -0.01633342 -0.01395340 0.00921000
v -0.01687052 -0.01339474 0.00921000
v -0.01738526 -0.01281542 0.00921000
v -0.01787690 -0.01221636 0.00921000
v -0.01738531 0.01281916 0.00921000
v -0.01687051 0.01339843 0.00921000
v -0.01996280 0.00896167 0.00921000
v -0.01959750 0.00964513 0.00921000
v -0.01920561 0.01031371 0.00921000
v -0.01878777 0.01096639 0.00921000
v -0.01834466 0.01160218 0.00921000
v -0.01787695 0.01222010 0.00921000
v -0.02030101 0.00826439 0.00921000
v -0.01633338 0.01395705 0.00921000
v -0.01577475 0.01449419 0.00921000
v -0.01519548 0.01500899 0.00921000
v -0.01459643 0.01550063 0.00921000
v -0.01397852 0.01596836 0.00921000
v -0.02187074 0.00308916 0.00921000
v -0.02173437 0.00385203 0.00921000
v -0.02211357 0.00000186 0.00921000
v -0.02209850 0.00077668 0.00921000
v -0.02205302 0.00155029 0.00921000
v -0.02197705 0.00232153 0.00921000
v -0.02156821 0.00460897 0.00921000
v -0.02137255 0.00535883 0.00921000
v -0.02114771 0.00610046 0.00921000
v -0.02089396 0.00683269 0.00921000
v -0.02061159 0.00755438 0.00921000
v 0.01211420 -0.01339476 0.00921000
v 0.01157706 -0.01395339 0.00921000
v 0.01484105 -0.00964138 0.00921000
v 0.01444924 -0.01031000 0.00921000
v 0.01403147 -0.01096272 0.00921000
v 0.01358833 -0.01159850 0.00921000
v 0.01312059 -0.01221639 0.00921000
v 0.01262897 -0.01281546 0.00921000
v 0.01520635 -0.00895791 0.00921000
v 0.01101842 -0.01449051 0.00921000
v 0.01043914 -0.01500529 0.00921000
v 0.00984008 -0.01549692 0.00921000
v 0.00922214 -0.01596461 0.00921000
v 0.00858634 -0.01640769 0.00921000
v 0.00793365 -0.01682553 0.00921000
v 0.01681208 -0.00460533 0.00921000
v 0.01661654 -0.00535522 0.00921000
v 0.01817854 0.00000185 0.00842057
v 0.01735753 0.00000185 0.00921000
v 0.01734223 -0.00077296 0.00921000
v 0.01729646 -0.00154656 0.00921000
v 0.01722038 -0.00231778 0.00921000
v 0.01711418 -0.00308544 0.00921000
v 0.01697802 -0.00384835 0.00921000
v 0.01639159 -0.00609682 0.00921000
v 0.01613769 -0.00682901 0.00921000
v 0.01585522 -0.00755067 0.00921000
v 0.01554459 -0.00826065 0.00921000
v -0.00622842 -0.01935464 0.00921000
v -0.00698535 -0.01918848 0.00921000
v -0.00160334 -0.01971848 0.00921000
v -0.00237816 -0.01973355 0.00921000
v -0.00315297 -0.01971826 0.00921000
v -0.00392660 -0.01967266 0.00921000
v -0.00469784 -0.01959682 0.00921000
v -0.00546551 -0.01949080 0.00921000
v -0.00773517 -0.01899266 0.00921000
v -0.00847672 -0.01876758 0.00921000
v -0.00920891 -0.01851366 0.00921000
v -0.00993060 -0.01823128 0.00921000
v -0.01064066 -0.01792085 0.00921000
v 0.00372043 -0.01876769 0.00921000
v 0.00297881 -0.01899254 0.00921000
v 0.00726510 -0.01721745 0.00921000
v 0.00658165 -0.01758279 0.00921000
v 0.00588438 -0.01792099 0.00921000
v 0.00517435 -0.01823157 0.00921000
v 0.00445267 -0.01851394 0.00921000
v -0.01334274 0.01641149 0.00921000
v 0.00222894 -0.01918819 0.00921000
v 0.00147200 -0.01935434 0.00921000
v 0.00070913 -0.01949073 0.00921000
v -0.00005849 -0.01959703 0.00921000
v -0.00082973 -0.01967299 0.00921000
v 0.02271371 0.01156936 0.00526285
v 0.02224004 0.01254543 0.00526285
v 0.02472091 0.00539219 0.00526285
v 0.02448835 0.00645193 0.00526285
v 0.02421435 0.00750172 0.00526285
v 0.02389941 0.00853996 0.00526285
v 0.02354400 0.00956504 0.00526285
v 0.02314861 0.01057539 0.00526285
v 0.02172845 0.01350219 0.00526285
v 0.02117981 0.01443820 0.00526285
v 0.02059496 0.01535202 0.00526285
v 0.01997476 0.01624223 0.00526285
v 0.01932010 0.01710739 0.00526285
v 0.01711455 0.00308919 0.00921000
v 0.01722073 0.00232153 0.00921000
v 0.01729669 0.00155029 0.00921000
v 0.01734231 0.00077667 0.00921000
v 0.01863183 0.01794609 0.00526285
v 0.02523051 0.00108660 0.00526285
v 0.02516664 0.00216967 0.00526285
v 0.02506028 0.00324940 0.00526285
v 0.02491163 0.00432413 0.00526285
v 0.00086931 0.02743982 0.00526285
v -0.00021040 0.02754634 0.00526285
v 0.00718503 0.02592406 0.00526285
v 0.00512172 0.02659444 0.00526285
v 0.00407189 0.02686820 0.00526285
v 0.00301210 0.02710051 0.00526285
v 0.00194403 0.02729114 0.00526285
v 0.00819537 0.02552863 0.00526285
v -0.00129344 0.02761042 0.00526285
v -0.00346290 0.02761042 0.00526285
v -0.00454595 0.02754634 0.00526285
v -0.00562566 0.02743982 0.00526285
v 0.01386230 0.02235495 0.00526285
v 0.01791114 0.01875710 0.00526285
v 0.01637708 0.02029116 0.00526285
v 0.01556604 0.02101181 0.00526285
v 0.01472735 0.02170010 0.00526285
v 0.01297223 0.02297535 0.00526285
v 0.01205844 0.02356025 0.00526285
v 0.01112239 0.02410882 0.00526285
v 0.01016553 0.02462027 0.00526285
v 0.00918938 0.02509380 0.00526285
v 0.00070911 0.01949419 0.00921000
v 0.00147203 0.01935804 0.00921000
v -0.00392659 0.01967648 0.00921000
v -0.00315298 0.01972226 0.00921000
v -0.00237817 0.01973755 0.00921000
v -0.00160336 0.01972226 0.00921000
v -0.00082976 0.01967648 0.00921000
v -0.00005854 0.01960040 0.00921000
v -0.00469781 0.01960040 0.00921000
v 0.00222901 0.01919210 0.00921000
v 0.00297889 0.01899656 0.00921000
v 0.00372049 0.01877161 0.00921000
v 0.00445269 0.01851771 0.00921000
v 0.00517435 0.01823526 0.00921000
v 0.00588437 0.01792467 0.00921000
v -0.00920897 0.01851757 0.00921000
v -0.01269001 0.01682923 0.00921000
v -0.01202135 0.01722096 0.00921000
v -0.01133784 0.01758617 0.00921000
v -0.01064055 0.01792435 0.00921000
v -0.00993057 0.01823499 0.00921000
v 0.00658162 0.01758643 0.00921000
v -0.00847683 0.01877159 0.00921000
v -0.00773524 0.01899656 0.00921000
v -0.00698535 0.01919210 0.00921000
v -0.00622837 0.01935804 0.00921000
v -0.00546546 0.01949419 0.00921000
v 0.01585524 0.00755438 0.00921000
v 0.01613766 0.00683270 0.00921000
v 0.01358821 0.01160212 0.00921000
v 0.01403121 0.01096626 0.00921000
v 0.01444895 0.01031353 0.00921000
v 0.01484085 0.00964495 0.00921000
v 0.01520626 0.00896155 0.00921000
v 0.01554460 0.00826435 0.00921000
v 0.01639153 0.00610050 0.00921000
v 0.01661649 0.00535890 0.00921000
v 0.01681220 0.00460905 0.00921000
v 0.01697832 0.00385210 0.00921000
v 0.00984006 0.01550060 0.00921000
v 0.01043912 0.01500897 0.00921000
v 0.00726509 0.01722112 0.00921000
v 0.00793369 0.01682928 0.00921000
v 0.00858640 0.01641149 0.00921000
v 0.00922217 0.01596835 0.00921000
v 0.01101843 0.01449422 0.00921000
v 0.01157707 0.01395710 0.00921000
v 0.01211419 0.01339845 0.00921000
v 0.01262897 0.01281916 0.00921000
v 0.01312059 0.01222009 0.00921000
v 0.01157708 0.01395710 0.00921000
v 0.00070917 0.01949458 0.00921000
v 0.00372049 0.01877162 0.00921000
v 0.00658165 0.01758649 0.00921000
v 0.00922218 0.01596837 0.00921000
v 0.01358834 0.01160220 0.00921000
v 0.01520647 0.00896167 0.00921000
v 0.01639159 0.00610052 0.00921000
v 0.01711456 0.00308919 0.00921000
v -0.01633342 0.01395710 0.00921000
v -0.02187090 0.00308919 0.00921000
v -0.02211388 0.00000185 0.00921000
v -0.02114794 0.00610052 0.00921000
v -0.01996281 0.00896167 0.00921000
v -0.01834469 0.01160220 0.00921000
v -0.01397853 0.01596837 0.00921000
v -0.01133799 0.01758649 0.00921000
v -0.00847684 0.01877162 0.00921000
v -0.00546551 0.01949458 0.00921000
v -0.00546551 -0.01949088 0.00921000
v -0.00237817 -0.01973386 0.00921000
v -0.00847684 -0.01876792 0.00921000
v -0.01133799 -0.01758279 0.00921000
v -0.01397853 -0.01596467 0.00921000
v -0.01834469 -0.01159850 0.00921000
v -0.01996281 -0.00895797 0.00921000
v -0.02114794 -0.00609682 0.00921000
v -0.02187090 -0.00308549 0.00921000
v 0.01157708 -0.01395340 0.00921000
v 0.01711456 -0.00308549 0.00921000
v 0.01520647 -0.00895797 0.00921000
v 0.01358834 -0.01159850 0.00921000
v 0.00922218 -0.01596467 0.00921000
v 0.00372049 -0.01876792 0.00921000
v 0.00070917 -0.01949088 0.00921000
f 1 2 3
f 4 5 6
f 7 5 4
f 7 8 5
f 9 8 7
f 9 10 8
f 11 10 9
f 11 12 10
f 3 12 11
f 3 2 12
f 4 6 13
f 1 14 2
f 15 14 1
f 15 16 14
f 17 16 15
f 17 18 16
f 19 18 17
f 20 18 19
f 20 21 18
f 22 21 20
f 23 24 25
f 26 27 28
f 26 29 27
f 30 29 26
f 30 31 29
f 32 31 30
f 32 33 31
f 34 33 32
f 34 25 33
f 23 25 34
f 22 35 21
f 36 24 23
f 36 37 24
f 38 37 36
f 38 39 37
f 40 39 38
f 40 41 39
f 13 41 40
f 13 6 41
f 6 42 43
f 24 44 25
f 24 45 44
f 37 45 24
f 37 46 45
f 39 46 37
f 39 47 46
f 41 47 39
f 41 43 47
f 6 43 41
f 25 44 48
f 5 42 6
f 5 49 42
f 8 49 5
f 8 50 49
f 10 50 8
f 10 51 50
f 12 51 10
f 12 52 51
f 2 52 12
f 27 53 54
f 22 55 35
f 56 55 22
f 56 57 55
f 58 57 56
f 58 59 57
f 60 59 58
f 60 61 59
f 54 61 60
f 54 53 61
f 28 27 54
f 27 62 53
f 29 62 27
f 29 63 62
f 31 63 29
f 31 64 63
f 33 64 31
f 33 48 64
f 25 48 33
f 65 23 34
f 66 26 67
f 66 30 26
f 68 30 66
f 69 30 68
f 69 32 30
f 70 32 69
f 70 34 32
f 71 34 70
f 65 34 71
f 67 26 72
f 73 23 65
f 74 23 73
f 74 36 23
f 75 36 74
f 75 38 36
f 76 38 75
f 77 38 76
f 77 40 38
f 78 40 77
f 79 80 81
f 82 83 84
f 85 83 82
f 85 86 83
f 87 86 85
f 87 88 86
f 89 88 87
f 90 88 89
f 90 81 88
f 79 81 90
f 91 40 78
f 92 80 79
f 93 80 92
f 93 94 80
f 95 94 93
f 96 94 95
f 96 28 94
f 72 28 96
f 72 26 28
f 86 22 20
f 97 15 98
f 99 15 97
f 99 17 15
f 100 17 99
f 84 17 100
f 83 17 84
f 83 19 17
f 86 19 83
f 86 20 19
f 98 15 1
f 88 22 86
f 88 56 22
f 81 56 88
f 81 58 56
f 80 58 81
f 80 60 58
f 94 60 80
f 94 54 60
f 28 54 94
f 101 9 102
f 91 13 40
f 103 13 91
f 103 4 13
f 104 4 103
f 105 4 104
f 105 7 4
f 106 7 105
f 102 7 106
f 102 9 7
f 2 107 52
f 101 11 9
f 108 11 101
f 109 11 108
f 109 3 11
f 110 3 109
f 111 3 110
f 111 1 3
f 98 1 111
f 112 113 114
f 115 116 117
f 115 118 116
f 119 118 115
f 119 120 118
f 121 120 119
f 121 122 120
f 123 122 121
f 123 114 122
f 112 114 123
f 117 116 124
f 112 125 113
f 126 125 112
f 127 125 126
f 128 125 127
f 129 125 128
f 130 131 132
f 133 134 135
f 136 134 133
f 136 137 134
f 138 137 136
f 138 139 137
f 140 139 138
f 140 141 139
f 132 141 140
f 132 131 141
f 142 125 129
f 130 143 131
f 144 143 130
f 144 145 143
f 146 145 144
f 146 147 145
f 148 147 146
f 148 124 147
f 117 124 148
f 143 125 131
f 145 125 143
f 147 125 145
f 124 125 147
f 116 125 124
f 118 125 116
f 120 125 118
f 122 125 120
f 114 125 122
f 113 125 114
f 134 125 135
f 149 125 142
f 150 125 149
f 151 125 150
f 135 125 151
f 133 135 152
f 137 125 134
f 139 125 137
f 141 125 139
f 131 125 141
f 44 152 153
f 62 154 53
f 62 155 154
f 63 155 62
f 63 156 155
f 64 156 63
f 64 157 156
f 48 157 64
f 48 153 157
f 44 153 48
f 53 154 158
f 45 152 44
f 45 133 152
f 46 133 45
f 46 136 133
f 47 136 46
f 47 138 136
f 43 138 47
f 43 140 138
f 42 140 43
f 55 159 35
f 14 107 2
f 14 160 107
f 16 160 14
f 16 161 160
f 18 161 16
f 18 162 161
f 21 162 18
f 35 162 21
f 35 159 162
f 42 132 140
f 55 163 159
f 57 163 55
f 57 164 163
f 59 164 57
f 59 165 164
f 61 165 59
f 61 158 165
f 53 158 61
f 155 129 154
f 163 112 123
f 164 112 163
f 164 126 112
f 165 126 164
f 165 127 126
f 158 127 165
f 158 128 127
f 154 128 158
f 154 129 128
f 163 123 159
f 155 142 129
f 156 142 155
f 156 149 142
f 157 149 156
f 157 150 149
f 153 150 157
f 153 151 150
f 152 151 153
f 152 135 151
f 107 117 148
f 49 132 42
f 49 130 132
f 50 130 49
f 50 144 130
f 51 144 50
f 51 146 144
f 52 146 51
f 52 148 146
f 107 148 52
f 160 117 107
f 160 115 117
f 161 115 160
f 161 119 115
f 162 119 161
f 162 121 119
f 159 121 162
f 159 123 121
f 166 98 167
f 168 108 101
f 169 108 168
f 169 109 108
f 170 109 169
f 170 110 109
f 171 110 170
f 171 111 110
f 167 111 171
f 167 98 111
f 168 101 172
f 166 97 98
f 173 97 166
f 173 99 97
f 174 99 173
f 174 100 99
f 175 100 174
f 175 84 100
f 176 84 175
f 176 82 84
f 177 103 178
f 179 76 75
f 180 76 179
f 180 77 76
f 181 77 180
f 181 78 77
f 182 78 181
f 182 91 78
f 178 91 182
f 178 103 91
f 183 82 176
f 177 104 103
f 184 104 177
f 184 105 104
f 185 105 184
f 185 106 105
f 186 106 185
f 186 102 106
f 172 102 186
f 172 101 102
f 187 70 188
f 189 67 72
f 190 67 189
f 190 66 67
f 191 66 190
f 191 68 66
f 192 68 191
f 192 69 68
f 188 69 192
f 188 70 69
f 189 72 193
f 187 71 70
f 194 71 187
f 194 65 71
f 195 65 194
f 195 73 65
f 196 73 195
f 196 74 73
f 197 74 196
f 197 75 74
f 198 79 199
f 183 85 82
f 200 85 183
f 200 87 85
f 201 87 200
f 201 89 87
f 202 89 201
f 202 90 89
f 199 90 202
f 199 79 90
f 197 179 75
f 198 92 79
f 203 92 198
f 203 93 92
f 204 93 203
f 204 95 93
f 205 95 204
f 205 96 95
f 193 96 205
f 193 72 96
f 206 207 208
f 209 210 211
f 212 210 209
f 212 213 210
f 214 213 212
f 214 215 213
f 216 215 214
f 216 208 215
f 206 208 216
f 209 211 217
f 218 207 206
f 218 219 207
f 220 219 218
f 220 221 219
f 222 221 220
f 222 223 221
f 224 223 222
f 225 226 227
f 228 229 230
f 228 231 229
f 232 231 228
f 232 233 231
f 234 233 232
f 227 233 234
f 227 235 233
f 227 226 235
f 224 236 223
f 225 237 226
f 238 237 225
f 238 239 237
f 240 239 238
f 240 241 239
f 217 241 240
f 217 211 241
f 237 242 226
f 231 243 229
f 231 244 243
f 233 244 231
f 235 244 233
f 235 245 244
f 235 246 245
f 226 246 235
f 226 242 246
f 229 243 247
f 237 248 242
f 239 248 237
f 239 249 248
f 241 249 239
f 241 250 249
f 211 250 241
f 211 251 250
f 252 253 254
f 255 236 224
f 255 256 236
f 257 256 255
f 257 258 256
f 259 258 257
f 259 260 258
f 254 260 259
f 254 253 260
f 230 229 261
f 252 262 253
f 263 262 252
f 263 264 262
f 264 247 265
f 263 247 264
f 261 247 263
f 229 247 261
f 266 234 267
f 268 269 267
f 268 270 269
f 268 271 270
f 267 271 268
f 267 230 271
f 267 228 230
f 267 232 228
f 267 234 232
f 267 269 272
f 266 227 234
f 266 225 227
f 273 225 266
f 273 238 225
f 274 238 273
f 274 240 238
f 275 240 274
f 267 276 277
f 267 273 266
f 267 274 273
f 267 275 274
f 267 278 275
f 267 279 278
f 267 280 279
f 267 281 280
f 267 277 281
f 275 217 240
f 267 282 276
f 267 283 282
f 267 284 283
f 267 285 284
f 267 286 285
f 267 287 286
f 267 272 287
f 272 254 259
f 284 224 222
f 285 224 284
f 285 255 224
f 286 255 285
f 286 257 255
f 287 257 286
f 287 259 257
f 272 259 287
f 284 222 283
f 269 254 272
f 269 252 254
f 270 252 269
f 270 263 252
f 270 261 263
f 271 261 270
f 230 261 271
f 277 216 281
f 278 217 275
f 278 209 217
f 279 209 278
f 279 212 209
f 280 212 279
f 280 214 212
f 281 214 280
f 281 216 214
f 210 251 211
f 277 206 216
f 276 206 277
f 276 218 206
f 282 218 276
f 282 220 218
f 283 220 282
f 283 222 220
f 288 289 290
f 291 292 293
f 291 294 292
f 291 295 294
f 296 295 291
f 296 198 295
f 297 198 296
f 297 290 198
f 288 290 297
f 293 292 298
f 299 289 288
f 299 189 289
f 300 189 299
f 300 301 189
f 302 301 300
f 302 303 301
f 304 303 302
f 305 306 307
f 308 309 310
f 311 309 308
f 311 312 309
f 313 312 311
f 313 314 312
f 315 314 313
f 315 307 314
f 305 307 315
f 304 187 303
f 316 306 305
f 316 317 306
f 318 317 316
f 319 317 318
f 319 320 317
f 319 292 320
f 298 292 319
f 306 321 166
f 309 168 322
f 312 168 309
f 312 323 168
f 314 323 312
f 314 324 323
f 307 324 314
f 307 166 324
f 306 166 307
f 309 322 310
f 317 321 306
f 317 325 321
f 320 325 317
f 325 326 183
f 320 326 325
f 292 326 320
f 294 326 292
f 327 328 329
f 330 187 304
f 330 331 187
f 332 331 330
f 332 333 331
f 334 333 332
f 334 179 333
f 329 179 334
f 329 328 179
f 308 310 335
f 327 336 328
f 337 336 327
f 337 177 336
f 338 177 337
f 338 339 177
f 310 339 338
f 310 322 339
f 262 305 253
f 256 308 236
f 256 311 308
f 258 311 256
f 258 313 311
f 260 313 258
f 260 315 313
f 253 315 260
f 253 305 315
f 236 308 335
f 262 316 305
f 264 316 262
f 265 316 264
f 265 318 316
f 318 298 319
f 265 298 318
f 247 298 265
f 207 340 341
f 210 342 251
f 213 342 210
f 213 343 342
f 215 343 213
f 215 344 343
f 208 344 215
f 208 341 344
f 207 341 208
f 243 298 247
f 219 340 207
f 219 345 340
f 221 345 219
f 221 346 345
f 223 346 221
f 223 335 346
f 236 335 223
f 340 329 341
f 342 304 251
f 342 330 304
f 343 330 342
f 343 332 330
f 344 332 343
f 344 334 332
f 341 334 344
f 341 329 334
f 251 304 302
f 340 327 329
f 345 327 340
f 345 337 327
f 346 337 345
f 346 338 337
f 335 338 346
f 335 310 338
f 242 288 297
f 243 293 298
f 244 293 243
f 245 293 244
f 245 291 293
f 245 296 291
f 246 296 245
f 246 297 296
f 242 297 246
f 294 183 326
f 248 288 242
f 248 299 288
f 249 299 248
f 249 300 299
f 250 300 249
f 250 302 300
f 251 302 250
f 347 348 349
f 347 349 350
f 351 352 353
f 351 354 350
f 351 355 354
f 351 356 355
f 351 357 356
f 351 358 357
f 351 359 358
f 351 360 359
f 351 361 360
f 351 362 361
f 351 353 362
f 350 349 363
f 351 364 352
f 351 365 364
f 351 366 365
f 351 367 366
f 351 368 367
f 351 369 368
f 351 370 369
f 351 371 370
f 350 363 351
f 351 363 372
f 351 372 373
f 348 372 363
f 348 363 349
f 374 368 369
f 375 364 365
f 375 365 376
f 376 365 377
f 377 365 366
f 377 366 378
f 378 366 367
f 378 367 379
f 379 367 368
f 379 368 374
f 375 352 364
f 374 369 370
f 374 370 380
f 380 370 381
f 381 370 371
f 381 371 373
f 373 371 351
f 354 382 383
f 354 383 350
f 350 383 347
f 384 359 360
f 382 355 356
f 382 356 385
f 385 356 386
f 386 356 357
f 386 357 387
f 387 357 358
f 387 358 388
f 388 358 359
f 388 359 384
f 354 355 382
f 384 360 361
f 384 361 389
f 389 361 390
f 390 361 362
f 390 362 391
f 391 362 353
f 391 353 392
f 392 353 352
f 392 352 375
f 347 390 391
f 347 381 373
f 347 380 381
f 347 374 380
f 347 379 374
f 347 378 379
f 347 377 378
f 347 376 377
f 347 375 376
f 347 392 375
f 347 391 392
f 373 372 348
f 347 389 390
f 347 384 389
f 347 388 384
f 347 387 388
f 347 386 387
f 347 385 386
f 347 382 385
f 347 383 382
f 373 348 347
f 393 394 395
f 363 396 397
f 398 399 396
f 393 400 396
f 400 401 396
f 401 402 396
f 402 403 396
f 403 404 396
f 404 405 396
f 405 406 396
f 406 407 396
f 407 408 396
f 408 398 396
f 363 394 393
f 399 409 396
f 409 410 396
f 410 411 396
f 411 412 396
f 412 413 396
f 413 414 396
f 414 415 396
f 415 416 396
f 396 363 393
f 417 401 418
f 419 406 405
f 419 405 420
f 420 405 421
f 421 405 404
f 421 404 403
f 421 403 422
f 422 403 417
f 417 403 402
f 417 402 401
f 423 406 419
f 418 401 400
f 418 400 424
f 424 400 395
f 395 400 393
f 425 423 426
f 427 425 428
f 416 429 430
f 416 430 396
f 396 430 397
f 431 411 410
f 429 415 414
f 429 414 432
f 432 414 433
f 433 414 413
f 433 413 434
f 434 413 412
f 434 412 435
f 435 412 411
f 435 411 431
f 416 415 429
f 431 410 409
f 431 409 427
f 427 409 399
f 427 399 398
f 427 398 425
f 425 398 408
f 425 408 407
f 425 407 423
f 423 407 406
f 425 426 395
f 397 430 395
f 430 429 395
f 429 432 395
f 432 433 395
f 433 434 395
f 434 435 395
f 435 431 395
f 431 427 395
f 427 428 395
f 428 425 395
f 394 363 397
f 426 423 395
f 423 419 395
f 419 420 395
f 420 421 395
f 421 422 395
f 422 417 395
f 417 418 395
f 418 424 395
f 395 394 397
f 436 372 437
f 438 439 440
f 441 442 437
f 440 443 437
f 443 444 437
f 444 445 437
f 445 446 437
f 446 447 437
f 447 448 437
f 448 449 437
f 449 450 437
f 450 451 437
f 451 441 437
f 372 438 440
f 442 452 437
f 452 453 437
f 453 454 437
f 454 455 437
f 455 456 437
f 456 457 437
f 457 458 437
f 458 459 437
f 437 372 440
f 460 444 461
f 462 449 448
f 462 448 463
f 463 448 464
f 464 448 447
f 464 447 446
f 464 446 465
f 465 446 460
f 460 446 445
f 460 445 444
f 466 449 462
f 461 444 443
f 461 443 467
f 467 443 439
f 439 443 440
f 468 466 469
f 470 468 471
f 459 472 473
f 459 473 437
f 437 473 436
f 474 454 453
f 472 458 457
f 472 457 475
f 475 457 476
f 476 457 456
f 476 456 477
f 477 456 455
f 477 455 478
f 478 455 454
f 478 454 474
f 459 458 472
f 474 453 452
f 474 452 470
f 470 452 442
f 470 442 441
f 470 441 468
f 468 441 451
f 468 451 450
f 468 450 466
f 466 450 449
f 468 469 439
f 436 473 439
f 473 472 439
f 472 475 439
f 475 476 439
f 476 477 439
f 477 478 439
f 478 474 439
f 474 470 439
f 470 471 439
f 471 468 439
f 438 372 436
f 469 466 439
f 466 462 439
f 462 463 439
f 463 464 439
f 464 465 439
f 465 460 439
f 460 461 439
f 461 467 439
f 439 438 436
f 479 480 481
f 482 483 484
f 485 483 482
f 485 486 483
f 487 486 485
f 487 488 486
f 489 488 487
f 489 490 488
f 481 490 489
f 481 480 490
f 482 484 491
f 479 492 480
f 493 492 479
f 493 494 492
f 495 494 493
f 495 496 494
f 497 496 495
f 497 498 496
f 499 498 497
f 499 500 498
f 501 502 503
f 504 505 506
f 507 505 504
f 507 508 505
f 509 508 507
f 509 510 508
f 511 510 509
f 511 512 510
f 503 512 511
f 503 502 512
f 513 500 499
f 501 514 502
f 515 514 501
f 515 516 514
f 517 516 515
f 517 518 516
f 519 518 517
f 519 520 518
f 491 520 519
f 491 484 520
f 521 522 523
f 524 525 526
f 527 525 524
f 527 528 525
f 529 528 527
f 529 530 528
f 531 530 529
f 531 532 530
f 523 532 531
f 523 522 532
f 524 526 533
f 521 534 522
f 535 534 521
f 535 536 534
f 537 536 535
f 537 538 536
f 539 538 537
f 539 540 538
f 541 540 539
f 541 506 540
f 542 543 544
f 513 545 500
f 546 545 513
f 546 547 545
f 548 547 546
f 548 549 547
f 550 549 548
f 550 551 549
f 544 551 550
f 544 543 551
f 541 504 506
f 542 552 543
f 553 552 542
f 553 554 552
f 555 554 553
f 555 556 554
f 557 556 555
f 557 558 556
f 533 558 557
f 533 526 558
f 485 507 482
f 513 507 499
f 499 507 497
f 497 507 495
f 495 507 493
f 493 507 479
f 479 507 481
f 481 507 489
f 489 507 487
f 487 507 485
f 546 507 513
f 482 507 491
f 491 507 519
f 519 507 517
f 517 507 515
f 515 507 501
f 501 507 503
f 503 507 511
f 511 507 509
f 524 507 533
f 541 507 539
f 539 507 537
f 537 507 535
f 535 507 521
f 521 507 523
f 523 507 531
f 531 507 529
f 529 507 527
f 527 507 524
f 541 504 507
f 533 507 557
f 557 507 555
f 555 507 553
f 553 507 542
f 542 507 544
f 544 507 550
f 550 507 548
f 548 507 546
f 559 560 561
f 562 560 563
f 563 560 564
f 564 560 565
f 565 560 566
f 566 560 567
f 567 560 568
f 568 560 569
f 569 560 570
f 570 560 559
f 571 560 562
f 561 560 572
f 572 560 573
f 573 560 574
f 574 560 575
f 575 560 576
f 576 560 577
f 577 560 578
f 578 560 579
f 580 560 581
f 582 560 583
f 583 560 584
f 584 560 585
f 585 560 586
f 586 560 587
f 587 560 588
f 588 560 589
f 589 560 590
f 590 560 580
f 582 591 560
f 581 560 592
f 592 560 593
f 593 560 594
f 594 560 595
f 595 560 596
f 596 560 597
f 597 560 598
f 598 560 571
f 599 521 600
f 601 527 524
f 602 527 601
f 602 529 527
f 603 529 602
f 603 531 529
f 604 531 603
f 604 523 531
f 600 523 604
f 600 521 523
f 601 524 605
f 599 535 521
f 606 535 599
f 606 537 535
f 607 537 606
f 607 539 537
f 608 539 607
f 608 541 539
f 609 541 608
f 609 504 541
f 610 542 611
f 612 546 513
f 613 546 612
f 613 548 546
f 614 548 613
f 614 550 548
f 615 550 614
f 615 544 550
f 611 544 615
f 611 542 544
f 616 504 609
f 610 553 542
f 617 553 610
f 617 555 553
f 618 555 617
f 618 557 555
f 619 557 618
f 619 533 557
f 605 533 619
f 605 524 533
f 620 479 621
f 622 485 482
f 623 485 622
f 623 487 485
f 624 487 623
f 624 489 487
f 625 489 624
f 625 481 489
f 621 481 625
f 621 479 481
f 622 482 626
f 620 493 479
f 627 493 620
f 627 495 493
f 628 495 627
f 628 497 495
f 629 497 628
f 629 499 497
f 630 499 629
f 630 513 499
f 631 501 632
f 616 507 504
f 633 507 616
f 633 509 507
f 634 509 633
f 634 511 509
f 635 511 634
f 635 503 511
f 632 503 635
f 632 501 503
f 630 612 513
f 631 515 501
f 636 515 631
f 636 517 515
f 637 517 636
f 637 519 517
f 638 519 637
f 638 491 519
f 626 491 638
f 626 482 491
f 639 640 641
f 642 643 612
f 642 644 643
f 645 644 642
f 645 646 644
f 647 646 645
f 647 648 646
f 649 648 647
f 649 640 648
f 641 640 649
f 612 643 613
f 639 650 640
f 639 651 650
f 652 651 639
f 652 653 651
f 654 653 652
f 654 655 653
f 656 655 654
f 656 657 655
f 658 657 656
f 659 660 661
f 662 663 664
f 665 663 662
f 665 666 663
f 667 666 665
f 667 668 666
f 669 668 667
f 669 670 668
f 661 670 669
f 661 660 670
f 658 671 657
f 659 672 660
f 673 672 659
f 673 674 672
f 675 674 673
f 675 676 674
f 677 676 675
f 677 678 676
f 677 643 678
f 613 643 677
f 643 679 678
f 672 680 660
f 672 681 680
f 674 681 672
f 674 682 681
f 676 682 674
f 676 683 682
f 678 683 676
f 678 684 683
f 678 679 684
f 660 680 685
f 644 679 643
f 644 686 679
f 646 686 644
f 646 687 686
f 648 687 646
f 648 688 687
f 640 688 648
f 650 688 640
f 650 689 688
f 664 690 691
f 692 671 658
f 692 693 671
f 694 693 692
f 694 695 693
f 696 695 694
f 696 697 695
f 698 697 696
f 698 691 697
f 664 691 698
f 662 664 699
f 663 690 664
f 663 700 690
f 666 700 663
f 666 701 700
f 668 701 666
f 668 702 701
f 670 702 668
f 670 685 702
f 660 685 670
f 603 667 604
f 608 699 703
f 607 699 608
f 606 699 607
f 606 662 699
f 599 662 606
f 599 665 662
f 600 665 599
f 604 665 600
f 604 667 665
f 608 703 609
f 602 667 603
f 602 669 667
f 601 669 602
f 601 661 669
f 605 661 601
f 619 661 605
f 619 659 661
f 618 659 619
f 617 659 618
f 631 704 705
f 622 706 623
f 622 707 706
f 626 707 622
f 638 707 626
f 638 708 707
f 637 708 638
f 636 708 637
f 636 705 708
f 631 705 636
f 617 673 659
f 632 704 631
f 635 704 632
f 635 709 704
f 634 709 635
f 633 709 634
f 633 710 709
f 616 710 633
f 616 703 710
f 609 703 616
f 704 658 705
f 706 641 623
f 706 639 641
f 706 652 639
f 707 652 706
f 707 654 652
f 708 654 707
f 708 656 654
f 705 656 708
f 705 658 656
f 623 641 624
f 704 692 658
f 709 692 704
f 709 694 692
f 710 694 709
f 710 696 694
f 703 696 710
f 703 698 696
f 699 698 703
f 699 664 698
f 629 645 642
f 610 673 617
f 610 675 673
f 611 675 610
f 615 675 611
f 615 677 675
f 614 677 615
f 614 613 677
f 630 642 612
f 629 642 630
f 650 711 689
f 628 645 629
f 627 645 628
f 627 647 645
f 620 647 627
f 620 649 647
f 621 649 620
f 625 649 621
f 625 641 649
f 624 641 625
f 712 590 713
f 714 594 595
f 715 594 714
f 715 593 594
f 716 593 715
f 716 592 593
f 716 581 592
f 716 580 581
f 713 580 716
f 713 590 580
f 714 595 717
f 712 589 590
f 718 589 712
f 718 588 589
f 718 587 588
f 718 586 587
f 719 586 718
f 719 585 586
f 720 585 719
f 720 584 585
f 721 722 723
f 724 725 726
f 724 727 725
f 728 727 724
f 728 729 727
f 730 729 728
f 730 731 729
f 723 731 730
f 723 732 731
f 723 722 732
f 733 584 720
f 734 722 721
f 734 735 722
f 736 735 734
f 717 735 736
f 735 598 571
f 717 598 735
f 717 597 598
f 717 596 597
f 717 595 596
f 731 566 729
f 737 559 561
f 725 559 737
f 725 570 559
f 727 570 725
f 727 569 570
f 727 568 569
f 727 567 568
f 729 567 727
f 729 566 567
f 737 561 738
f 731 565 566
f 732 565 731
f 732 564 565
f 732 563 564
f 732 562 563
f 732 739 562
f 722 739 732
f 735 739 722
f 571 739 735
f 740 577 578
f 733 583 584
f 733 582 583
f 733 591 582
f 741 591 733
f 741 560 591
f 742 560 741
f 742 579 560
f 740 579 742
f 740 578 579
f 726 725 737
f 740 576 577
f 743 576 740
f 743 575 576
f 744 575 743
f 744 574 575
f 738 574 744
f 738 573 574
f 738 572 573
f 738 561 572
f 680 726 745
f 700 746 690
f 700 747 746
f 701 747 700
f 701 748 747
f 702 748 701
f 702 749 748
f 685 749 702
f 685 745 749
f 680 745 685
f 690 746 750
f 681 726 680
f 681 724 726
f 682 724 681
f 682 728 724
f 683 728 682
f 683 730 728
f 684 730 683
f 684 723 730
f 684 721 723
f 671 751 752
f 651 711 650
f 651 753 711
f 653 753 651
f 653 754 753
f 655 754 653
f 655 755 754
f 657 755 655
f 657 752 755
f 671 752 657
f 679 721 684
f 693 751 671
f 693 756 751
f 695 756 693
f 695 757 756
f 697 757 695
f 697 758 757
f 691 758 697
f 691 750 758
f 690 750 691
f 746 740 742
f 756 719 751
f 756 720 719
f 757 720 756
f 757 733 720
f 758 733 757
f 758 741 733
f 750 741 758
f 750 742 741
f 746 742 750
f 751 719 718
f 747 740 746
f 747 743 740
f 748 743 747
f 748 744 743
f 749 744 748
f 749 738 744
f 745 738 749
f 745 737 738
f 726 737 745
f 711 715 714
f 686 721 679
f 686 734 721
f 687 734 686
f 687 736 734
f 688 736 687
f 689 736 688
f 689 717 736
f 689 714 717
f 711 714 689
f 571 562 739
f 753 715 711
f 753 716 715
f 754 716 753
f 754 713 716
f 755 713 754
f 755 712 713
f 752 712 755
f 752 718 712
f 751 718 752
f 759 760 761
f 762 763 764
f 762 764 765
f 762 765 766
f 762 766 759
f 759 761 762
f 760 759 767
f 768 760 767
f 769 761 760
f 768 769 760
f 769 770 762
f 761 769 762
f 769 768 767
f 771 772 770
f 773 771 770
f 774 773 770
f 767 774 770
f 770 769 767
f 774 766 765
f 774 765 773
f 759 766 774
f 759 774 767
f 764 763 772
f 764 772 771
f 771 773 765
f 771 765 764
f 772 763 762
f 772 762 770
f 775 776 777
f 778 779 780
f 778 780 781
f 778 781 782
f 778 782 775
f 775 777 778
f 776 775 783
f 784 776 783
f 785 777 776
f 784 785 776
f 785 786 778
f 777 785 778
f 785 784 783
f 787 788 786
f 789 787 786
f 790 789 786
f 783 790 786
f 786 785 783
f 790 782 781
f 790 781 789
f 775 782 790
f 775 790 783
f 780 779 788
f 780 788 787
f 787 789 781
f 787 781 780
f 788 779 778
f 788 778 786
f 791 792 793
f 794 795 796
f 794 796 797
f 794 797 798
f 794 798 791
f 791 793 794
f 792 791 799
f 800 792 799
f 801 793 792
f 800 801 792
f 801 802 794
f 793 801 794
f 801 800 799
f 803 804 802
f 805 803 802
f 806 805 802
f 799 806 802
f 802 801 799
f 806 798 797
f 806 797 805
f 791 798 806
f 791 806 799
f 796 795 804
f 796 804 803
f 803 805 797
f 803 797 796
f 804 795 794
f 804 794 802
f 807 808 809
f 810 811 812
f 810 812 813
f 810 813 814
f 810 814 807
f 807 809 810
f 808 807 815
f 816 808 815
f 817 809 808
f 816 817 808
f 817 818 810
f 809 817 810
f 817 816 815
f 819 820 818
f 821 819 818
f 822 821 818
f 815 822 818
f 818 817 815
f 822 814 813
f 822 813 821
f 807 814 822
f 807 822 815
f 812 811 820
f 812 820 819
f 819 821 813
f 819 813 812
f 820 811 810
f 820 810 818
f 823 824 825
f 826 827 828
f 826 828 829
f 826 829 830
f 826 830 823
f 823 825 826
f 824 823 831
f 832 824 831
f 833 825 824
f 832 833 824
f 833 834 826
f 825 833 826
f 833 832 831
f 835 836 834
f 837 835 834
f 838 837 834
f 831 838 834
f 834 833 831
f 838 830 829
f 838 829 837
f 823 830 838
f 823 838 831
f 828 827 836
f 828 836 835
f 835 837 829
f 835 829 828
f 836 827 826
f 836 826 834
f 839 840 841
f 842 843 844
f 842 844 845
f 842 845 846
f 842 846 839
f 839 841 842
f 840 839 847
f 848 840 847
f 849 841 840
f 848 849 840
f 849 850 842
f 841 849 842
f 849 848 847
f 851 852 850
f 853 851 850
f 854 853 850
f 847 854 850
f 850 849 847
f 854 846 845
f 854 845 853
f 839 846 854
f 839 854 847
f 844 843 852
f 844 852 851
f 851 853 845
f 851 845 844
f 852 843 842
f 852 842 850
f 855 856 857
f 858 859 860
f 858 860 861
f 858 861 862
f 858 862 855
f 855 857 858
f 856 855 863
f 864 856 863
f 865 857 856
f 864 865 856
f 865 866 858
f 857 865 858
f 865 864 863
f 867 868 866
f 869 867 866
f 870 869 866
f 863 870 866
f 866 865 863
f 870 862 861
f 870 861 869
f 855 862 870
f 855 870 863
f 860 859 868
f 860 868 867
f 867 869 861
f 867 861 860
f 868 859 858
f 868 858 866
f 871 872 873
f 874 875 876
f 874 876 877
f 874 877 878
f 874 878 871
f 871 873 874
f 872 871 879
f 880 872 879
f 881 873 872
f 880 881 872
f 881 882 874
f 873 881 874
f 881 880 879
f 883 884 882
f 885 883 882
f 886 885 882
f 879 886 882
f 882 881 879
f 886 878 877
f 886 877 885
f 871 878 886
f 871 886 879
f 876 875 884
f 876 884 883
f 883 885 877
f 883 877 876
f 884 875 874
f 884 874 882
f 887 888 889
f 890 891 892
f 890 892 893
f 890 893 894
f 890 894 887
f 887 889 890
f 888 887 895
f 896 888 895
f 897 889 888
f 896 897 888
f 897 898 890
f 889 897 890
f 897 896 895
f 899 900 898
f 901 899 898
f 902 901 898
f 895 902 898
f 898 897 895
f 902 894 893
f 902 893 901
f 887 894 902
f 887 902 895
f 892 891 900
f 892 900 899
f 899 901 893
f 899 893 892
f 900 891 890
f 900 890 898
f 903 904 905
f 906 907 908
f 906 908 909
f 906 909 910
f 906 910 903
f 903 905 906
f 904 903 911
f 912 904 911
f 913 905 904
f 912 913 904
f 913 914 906
f 905 913 906
f 913 912 911
f 915 916 914
f 917 915 914
f 918 917 914
f 911 918 914
f 914 913 911
f 918 910 909
f 918 909 917
f 903 910 918
f 903 918 911
f 908 907 916
f 908 916 915
f 915 917 909
f 915 909 908
f 916 907 906
f 916 906 914
f 919 920 921
f 922 923 924
f 922 924 925
f 922 925 926
f 922 926 919
f 919 921 922
f 920 919 927
f 928 920 927
f 929 921 920
f 928 929 920
f 929 930 922
f 921 929 922
f 929 928 927
f 931 932 930
f 933 931 930
f 934 933 930
f 927 934 930
f 930 929 927
f 934 926 925
f 934 925 933
f 919 926 934
f 919 934 927
f 924 923 932
f 924 932 931
f 931 933 925
f 931 925 924
f 932 923 922
f 932 922 930
f 935 936 937
f 938 939 940
f 938 940 941
f 938 941 942
f 938 942 935
f 935 937 938
f 936 935 943
f 944 936 943
f 945 937 936
f 944 945 936
f 945 946 938
f 937 945 938
f 945 944 943
f 947 948 946
f 949 947 946
f 950 949 946
f 943 950 946
f 946 945 943
f 950 942 941
f 950 941 949
f 935 942 950
f 935 950 943
f 940 939 948
f 940 948 947
f 947 949 941
f 947 941 940
f 948 939 938
f 948 938 946
f 951 952 953
f 954 955 956
f 954 956 957
f 954 957 958
f 954 958 951
f 951 953 954
f 952 951 959
f 960 952 959
f 961 953 952
f 960 961 952
f 961 962 954
f 953 961 954
f 961 960 959
f 963 964 962
f 965 963 962
f 966 965 962
f 959 966 962
f 962 961 959
f 966 958 957
f 966 957 965
f 951 958 966
f 951 966 959
f 956 955 964
f 956 964 963
f 963 965 957
f 963 957 956
f 964 955 954
f 964 954 962
f 967 968 969
f 970 971 972
f 970 972 973
f 970 973 974
f 970 974 967
f 967 969 970
f 968 967 975
f 976 968 975
f 977 969 968
f 976 977 968
f 977 978 970
f 969 977 970
f 977 976 975
f 979 980 978
f 981 979 978
f 982 981 978
f 975 982 978
f 978 977 975
f 982 974 973
f 982 973 981
f 967 974 982
f 967 982 975
f 972 971 980
f 972 980 979
f 979 981 973
f 979 973 972
f 980 971 970
f 980 970 978
f 983 984 985
f 986 987 988
f 986 988 989
f 986 989 990
f 986 990 983
f 983 985 986
f 984 983 991
f 992 984 991
f 993 985 984
f 992 993 984
f 993 994 986
f 985 993 986
f 993 992 991
f 995 996 994
f 997 995 994
f 998 997 994
f 991 998 994
f 994 993 991
f 998 990 989
f 998 989 997
f 983 990 998
f 983 998 991
f 988 987 996
f 988 996 995
f 995 997 989
f 995 989 988
f 996 987 986
f 996 986 994
f 999 1000 1001
f 1002 1003 1004
f 1002 1004 1005
f 1002 1005 1006
f 1002 1006 999
f 999 1001 1002
f 1000 999 1007
f 1008 1000 1007
f 1009 1001 1000
f 1008 1009 1000
f 1009 1010 1002
f 1001 1009 1002
f 1009 1008 1007
f 1011 1012 1010
f 1013 1011 1010
f 1014 1013 1010
f 1007 1014 1010
f 1010 1009 1007
f 1014 1006 1005
f 1014 1005 1013
f 999 1006 1014
f 999 1014 1007
f 1004 1003 1012
f 1004 1012 1011
f 1011 1013 1005
f 1011 1005 1004
f 1012 1003 1002
f 1012 1002 1010
f 1015 1016 1017
f 1018 1019 1020
f 1018 1020 1021
f 1018 1021 1022
f 1018 1022 1015
f 1015 1017 1018
f 1016 1015 1023
f 1024 1016 1023
f 1025 1017 1016
f 1024 1025 1016
f 1025 1026 1018
f 1017 1025 1018
f 1025 1024 1023
f 1027 1028 1026
f 1029 1027 1026
f 1030 1029 1026
f 1023 1030 1026
f 1026 1025 1023
f 1030 1022 1021
f 1030 1021 1029
f 1015 1022 1030
f 1015 1030 1023
f 1020 1019 1028
f 1020 1028 1027
f 1027 1029 1021
f 1027 1021 1020
f 1028 1019 1018
f 1028 1018 1026
f 1031 1032 1033
f 1034 1035 1036
f 1034 1036 1037
f 1034 1037 1038
f 1034 1038 1031
f 1031 1033 1034
f 1032 1031 1039
f 1040 1032 1039
f 1041 1033 1032
f 1040 1041 1032
f 1041 1042 1034
f 1033 1041 1034
f 1041 1040 1039
f 1043 1044 1042
f 1045 1043 1042
f 1046 1045 1042
f 1039 1046 1042
f 1042 1041 1039
f 1046 1038 1037
f 1046 1037 1045
f 1031 1038 1046
f 1031 1046 1039
f 1036 1035 1044
f 1036 1044 1043
f 1043 1045 1037
f 1043 1037 1036
f 1044 1035 1034
f 1044 1034 1042
f 1047 1048 1049
f 1050 1051 1052
f 1050 1052 1053
f 1050 1053 1054
f 1050 1054 1047
f 1047 1049 1050
f 1048 1047 1055
f 1056 1048 1055
f 1057 1049 1048
f 1056 1057 1048
f 1057 1058 1050
f 1049 1057 1050
f 1057 1056 1055
f 1059 1060 1058
f 1061 1059 1058
f 1062 1061 1058
f 1055 1062 1058
f 1058 1057 1055
f 1062 1054 1053
f 1062 1053 1061
f 1047 1054 1062
f 1047 1062 1055
f 1052 1051 1060
f 1052 1060 1059
f 1059 1061 1053
f 1059 1053 1052
f 1060 1051 1050
f 1060 1050 1058
f 1063 1064 1065
f 1066 1067 1068
f 1066 1068 1069
f 1066 1069 1070
f 1066 1070 1063
f 1063 1065 1066
f 1064 1063 1071
f 1072 1064 1071
f 1073 1065 1064
f 1072 1073 1064
f 1073 1074 1066
f 1065 1073 1066
f 1073 1072 1071
f 1075 1076 1074
f 1077 1075 1074
f 1078 1077 1074
f 1071 1078 1074
f 1074 1073 1071
f 1078 1070 1069
f 1078 1069 1077
f 1063 1070 1078
f 1063 1078 1071
f 1068 1067 1076
f 1068 1076 1075
f 1075 1077 1069
f 1075 1069 1068
f 1076 1067 1066
f 1076 1066 1074
f 1079 1080 1081
f 1082 1083 1084
f 1082 1084 1085
f 1082 1085 1086
f 1082 1086 1079
f 1079 1081 1082
f 1080 1079 1087
f 1088 1080 1087
f 1089 1081 1080
f 1088 1089 1080
f 1089 1090 1082
f 1081 1089 1082
f 1089 1088 1087
f 1091 1092 1090
f 1093 1091 1090
f 1094 1093 1090
f 1087 1094 1090
f 1090 1089 1087
f 1094 1086 1085
f 1094 1085 1093
f 1079 1086 1094
f 1079 1094 1087
f 1084 1083 1092
f 1084 1092 1091
f 1091 1093 1085
f 1091 1085 1084
f 1092 1083 1082
f 1092 1082 1090
f 1095 1096 1097
f 1098 1099 1100
f 1098 1100 1101
f 1098 1101 1102
f 1098 1102 1095
f 1095 1097 1098
f 1096 1095 1103
f 1104 1096 1103
f 1105 1097 1096
f 1104 1105 1096
f 1105 1106 1098
f 1097 1105 1098
f 1105 1104 1103
f 1107 1108 1106
f 1109 1107 1106
f 1110 1109 1106
f 1103 1110 1106
f 1106 1105 1103
f 1110 1102 1101
f 1110 1101 1109
f 1095 1102 1110
f 1095 1110 1103
f 1100 1099 1108
f 1100 1108 1107
f 1107 1109 1101
f 1107 1101 1100
f 1108 1099 1098
f 1108 1098 1106
f 1111 1112 1113
f 1114 1115 1116
f 1114 1116 1117
f 1114 1117 1118
f 1114 1118 1111
f 1111 1113 1114
f 1112 1111 1119
f 1120 1112 1119
f 1121 1113 1112
f 1120 1121 1112
f 1121 1122 1114
f 1113 1121 1114
f 1121 1120 1119
f 1123 1124 1122
f 1125 1123 1122
f 1126 1125 1122
f 1119 1126 1122
f 1122 1121 1119
f 1126 1118 1117
f 1126 1117 1125
f 1111 1118 1126
f 1111 1126 1119
f 1116 1115 1124
f 1116 1124 1123
f 1123 1125 1117
f 1123 1117 1116
f 1124 1115 1114
f 1124 1114 1122
f 1127 1128 1129
f 1130 1131 1132
f 1130 1132 1133
f 1130 1133 1134
f 1130 1134 1127
f 1127 1129 1130
f 1128 1127 1135
f 1136 1128 1135
f 1137 1129 1128
f 1136 1137 1128
f 1137 1138 1130
f 1129 1137 1130
f 1137 1136 1135
f 1139 1140 1138
f 1141 1139 1138
f 1142 1141 1138
f 1135 1142 1138
f 1138 1137 1135
f 1142 1134 1133
f 1142 1133 1141
f 1127 1134 1142
f 1127 1142 1135
f 1132 1131 1140
f 1132 1140 1139
f 1139 1141 1133
f 1139 1133 1132
f 1140 1131 1130
f 1140 1130 1138
f 1143 1144 1145
f 1146 1147 1148
f 1146 1148 1149
f 1146 1149 1150
f 1146 1150 1143
f 1143 1145 1146
f 1144 1143 1151
f 1152 1144 1151
f 1153 1145 1144
f 1152 1153 1144
f 1153 1154 1146
f 1145 1153 1146
f 1153 1152 1151
f 1155 1156 1154
f 1157 1155 1154
f 1158 1157 1154
f 1151 1158 1154
f 1154 1153 1151
f 1158 1150 1149
f 1158 1149 1157
f 1143 1150 1158
f 1143 1158 1151
f 1148 1147 1156
f 1148 1156 1155
f 1155 1157 1149
f 1155 1149 1148
f 1156 1147 1146
f 1156 1146 1154
f 1159 1160 1161
f 1162 1163 1164
f 1162 1164 1165
f 1162 1165 1166
f 1162 1166 1159
f 1159 1161 1162
f 1160 1159 1167
f 1168 1160 1167
f 1169 1161 1160
f 1168 1169 1160
f 1169 1170 1162
f 1161 1169 1162
f 1169 1168 1167
f 1171 1172 1170
f 1173 1171 1170
f 1174 1173 1170
f 1167 1174 1170
f 1170 1169 1167
f 1174 1166 1165
f 1174 1165 1173
f 1159 1166 1174
f 1159 1174 1167
f 1164 1163 1172
f 1164 1172 1171
f 1171 1173 1165
f 1171 1165 1164
f 1172 1163 1162
f 1172 1162 1170
f 1175 1176 1177
f 1178 1179 1180
f 1178 1180 1181
f 1178 1181 1182
f 1178 1182 1175
f 1175 1177 1178
f 1176 1175 1183
f 1184 1176 1183
f 1185 1177 1176
f 1184 1185 1176
f 1185 1186 1178
f 1177 1185 1178
f 1185 1184 1183
f 1187 1188 1186
f 1189 1187 1186
f 1190 1189 1186
f 1183 1190 1186
f 1186 1185 1183
f 1190 1182 1181
f 1190 1181 1189
f 1175 1182 1190
f 1175 1190 1183
f 1180 1179 1188
f 1180 1188 1187
f 1187 1189 1181
f 1187 1181 1180
f 1188 1179 1178
f 1188 1178 1186
f 1191 1192 1193
f 1194 1195 1196
f 1194 1196 1197
f 1194 1197 1198
f 1194 1198 1191
f 1191 1193 1194
f 1192 1191 1199
f 1200 1192 1199
f 1201 1193 1192
f 1200 1201 1192
f 1201 1202 1194
f 1193 1201 1194
f 1201 1200 1199
f 1203 1204 1202
f 1205 1203 1202
f 1206 1205 1202
f 1199 1206 1202
f 1202 1201 1199
f 1206 1198 1197
f 1206 1197 1205
f 1191 1198 1206
f 1191 1206 1199
f 1196 1195 1204
f 1196 1204 1203
f 1203 1205 1197
f 1203 1197 1196
f 1204 1195 1194
f 1204 1194 1202
f 1207 1208 1209
f 1210 1211 1212
f 1210 1212 1213
f 1210 1213 1214
f 1210 1214 1207
f 1207 1209 1210
f 1208 1207 1215
f 1216 1208 1215
f 1217 1209 1208
f 1216 1217 1208
f 1217 1218 1210
f 1209 1217 1210
f 1217 1216 1215
f 1219 1220 1218
f 1221 1219 1218
f 1222 1221 1218
f 1215 1222 1218
f 1218 1217 1215
f 1222 1214 1213
f 1222 1213 1221
f 1207 1214 1222
f 1207 1222 1215
f 1212 1211 1220
f 1212 1220 1219
f 1219 1221 1213
f 1219 1213 1212
f 1220 1211 1210
f 1220 1210 1218
f 1223 1224 1225
f 1226 1227 1228
f 1226 1228 1229
f 1226 1229 1230
f 1226 1230 1223
f 1223 1225 1226
f 1224 1223 1231
f 1232 1224 1231
f 1233 1225 1224
f 1232 1233 1224
f 1233 1234 1226
f 1225 1233 1226
f 1233 1232 1231
f 1235 1236 1234
f 1237 1235 1234
f 1238 1237 1234
f 1231 1238 1234
f 1234 1233 1231
f 1238 1230 1229
f 1238 1229 1237
f 1223 1230 1238
f 1223 1238 1231
f 1228 1227 1236
f 1228 1236 1235
f 1235 1237 1229
f 1235 1229 1228
f 1236 1227 1226
f 1236 1226 1234
f 1239 1240 1241
f 1242 1243 1244
f 1242 1244 1245
f 1242 1245 1246
f 1242 1246 1239
f 1239 1241 1242
f 1240 1239 1247
f 1248 1240 1247
f 1249 1241 1240
f 1248 1249 1240
f 1249 1250 1242
f 1241 1249 1242
f 1249 1248 1247
f 1251 1252 1250
f 1253 1251 1250
f 1254 1253 1250
f 1247 1254 1250
f 1250 1249 1247
f 1254 1246 1245
f 1254 1245 1253
f 1239 1246 1254
f 1239 1254 1247
f 1244 1243 1252
f 1244 1252 1251
f 1251 1253 1245
f 1251 1245 1244
f 1252 1243 1242
f 1252 1242 1250
f 1255 1256 1257
f 1258 1259 1260
f 1258 1260 1261
f 1258 1261 1262
f 1258 1262 1255
f 1255 1257 1258
f 1256 1255 1263
f 1264 1256 1263
f 1265 1257 1256
f 1264 1265 1256
f 1265 1266 1258
f 1257 1265 1258
f 1265 1264 1263
f 1267 1268 1266
f 1269 1267 1266
f 1270 1269 1266
f 1263 1270 1266
f 1266 1265 1263
f 1270 1262 1261
f 1270 1261 1269
f 1255 1262 1270
f 1255 1270 1263
f 1260 1259 1268
f 1260 1268 1267
f 1267 1269 1261
f 1267 1261 1260
f 1268 1259 1258
f 1268 1258 1266
f 1271 1272 1273
f 1274 1275 1276
f 1274 1276 1277
f 1274 1277 1278
f 1274 1278 1271
f 1271 1273 1274
f 1272 1271 1279
f 1280 1272 1279
f 1281 1273 1272
f 1280 1281 1272
f 1281 1282 1274
f 1273 1281 1274
f 1281 1280 1279
f 1283 1284 1282
f 1285 1283 1282
f 1286 1285 1282
f 1279 1286 1282
f 1282 1281 1279
f 1286 1278 1277
f 1286 1277 1285
f 1271 1278 1286
f 1271 1286 1279
f 1276 1275 1284
f 1276 1284 1283
f 1283 1285 1277
f 1283 1277 1276
f 1284 1275 1274
f 1284 1274 1282
f 1287 1288 1289
f 1290 1291 1292
f 1290 1292 1293
f 1290 1293 1294
f 1290 1294 1287
f 1287 1289 1290
f 1288 1287 1295
f 1296 1288 1295
f 1297 1289 1288
f 1296 1297 1288
f 1297 1298 1290
f 1289 1297 1290
f 1297 1296 1295
f 1299 1300 1298
f 1301 1299 1298
f 1302 1301 1298
f 1295 1302 1298
f 1298 1297 1295
f 1302 1294 1293
f 1302 1293 1301
f 1287 1294 1302
f 1287 1302 1295
f 1292 1291 1300
f 1292 1300 1299
f 1299 1301 1293
f 1299 1293 1292
f 1300 1291 1290
f 1300 1290 1298
f 1303 1304 1305
f 1306 1307 1308
f 1306 1308 1309
f 1306 1309 1310
f 1306 1310 1303
f 1303 1305 1306
f 1304 1303 1311
f 1312 1304 1311
f 1313 1305 1304
f 1312 1313 1304
f 1313 1314 1306
f 1305 1313 1306
f 1313 1312 1311
f 1315 1316 1314
f 1317 1315 1314
f 1318 1317 1314
f 1311 1318 1314
f 1314 1313 1311
f 1318 1310 1309
f 1318 1309 1317
f 1303 1310 1318
f 1303 1318 1311
f 1308 1307 1316
f 1308 1316 1315
f 1315 1317 1309
f 1315 1309 1308
f 1316 1307 1306
f 1316 1306 1314
f 1319 1320 1321
f 1322 1323 1324
f 1322 1324 1325
f 1322 1325 1326
f 1322 1326 1319
f 1319 1321 1322
f 1320 1319 1327
f 1328 1320 1327
f 1329 1321 1320
f 1328 1329 1320
f 1329 1330 1322
f 1321 1329 1322
f 1329 1328 1327
f 1331 1332 1330
f 1333 1331 1330
f 1334 1333 1330
f 1327 1334 1330
f 1330 1329 1327
f 1334 1326 1325
f 1334 1325 1333
f 1319 1326 1334
f 1319 1334 1327
f 1324 1323 1332
f 1324 1332 1331
f 1331 1333 1325
f 1331 1325 1324
f 1332 1323 1322
f 1332 1322 1330
f 1335 1336 1337
f 1338 1339 1340
f 1338 1340 1341
f 1338 1341 1342
f 1338 1342 1335
f 1335 1337 1338
f 1336 1335 1343
f 1344 1336 1343
f 1345 1337 1336
f 1344 1345 1336
f 1345 1346 1338
f 1337 1345 1338
f 1345 1344 1343
f 1347 1348 1346
f 1349 1347 1346
f 1350 1349 1346
f 1343 1350 1346
f 1346 1345 1343
f 1350 1342 1341
f 1350 1341 1349
f 1335 1342 1350
f 1335 1350 1343
f 1340 1339 1348
f 1340 1348 1347
f 1347 1349 1341
f 1347 1341 1340
f 1348 1339 1338
f 1348 1338 1346
f 1351 1352 1353
f 1354 1355 1356
f 1354 1356 1357
f 1354 1357 1358
f 1354 1358 1351
f 1351 1353 1354
f 1352 1351 1359
f 1360 1352 1359
f 1361 1353 1352
f 1360 1361 1352
f 1361 1362 1354
f 1353 1361 1354
f 1361 1360 1359
f 1363 1364 1362
f 1365 1363 1362
f 1366 1365 1362
f 1359 1366 1362
f 1362 1361 1359
f 1366 1358 1357
f 1366 1357 1365
f 1351 1358 1366
f 1351 1366 1359
f 1356 1355 1364
f 1356 1364 1363
f 1363 1365 1357
f 1363 1357 1356
f 1364 1355 1354
f 1364 1354 1362
f 1367 1368 1369
f 1370 1371 1372
f 1370 1372 1373
f 1370 1373 1374
f 1370 1374 1367
f 1367 1369 1370
f 1368 1367 1375
f 1376 1368 1375
f 1377 1369 1368
f 1376 1377 1368
f 1377 1378 1370
f 1369 1377 1370
f 1377 1376 1375
f 1379 1380 1378
f 1381 1379 1378
f 1382 1381 1378
f 1375 1382 1378
f 1378 1377 1375
f 1382 1374 1373
f 1382 1373 1381
f 1367 1374 1382
f 1367 1382 1375
f 1372 1371 1380
f 1372 1380 1379
f 1379 1381 1373
f 1379 1373 1372
f 1380 1371 1370
f 1380 1370 1378
f 1383 1384 1385
f 1386 1387 1388
f 1386 1388 1389
f 1386 1389 1390
f 1386 1390 1383
f 1383 1385 1386
f 1384 1383 1391
f 1392 1384 1391
f 1393 1385 1384
f 1392 1393 1384
f 1393 1394 1386
f 1385 1393 1386
f 1393 1392 1391
f 1395 1396 1394
f 1397 1395 1394
f 1398 1397 1394
f 1391 1398 1394
f 1394 1393 1391
f 1398 1390 1389
f 1398 1389 1397
f 1383 1390 1398
f 1383 1398 1391
f 1388 1387 1396
f 1388 1396 1395
f 1395 1397 1389
f 1395 1389 1388
f 1396 1387 1386
f 1396 1386 1394
f 1399 1400 1401
f 1402 1400 1403
f 1403 1400 1404
f 1404 1400 1405
f 1405 1400 1406
f 1406 1400 1407
f 1407 1400 1408
f 1408 1400 1409
f 1409 1400 1410
f 1410 1400 1399
f 1411 1400 1402
f 1401 1400 1412
f 1412 1400 1413
f 1413 1400 1414
f 1414 1400 1415
f 1415 1400 1416
f 1416 1400 1417
f 1417 1400 1418
f 1418 1400 1419
f 1420 1400 1421
f 1422 1400 1423
f 1423 1400 1424
f 1424 1400 1425
f 1425 1400 1426
f 1426 1400 1427
f 1427 1400 1428
f 1428 1400 1429
f 1429 1400 1430
f 1430 1400 1420
f 1422 1431 1400
f 1421 1400 1432
f 1432 1400 1433
f 1433 1400 1434
f 1434 1400 1435
f 1435 1400 1436
f 1436 1400 1437
f 1437 1400 1438
f 1438 1400 1411
f 1439 1440 1441
f 1442 1440 1443
f 1443 1440 1444
f 1444 1440 1445
f 1445 1440 1446
f 1446 1440 1447
f 1447 1440 1448
f 1448 1440 1449
f 1449 1440 1450
f 1450 1440 1439
f 1451 1440 1442
f 1441 1440 1452
f 1452 1440 1453
f 1453 1440 1454
f 1454 1440 1455
f 1455 1440 1456
f 1456 1440 1457
f 1457 1440 1458
f 1458 1440 1459
f 1460 1440 1461
f 1462 1440 1463
f 1463 1440 1464
f 1464 1440 1465
f 1465 1440 1466
f 1466 1440 1467
f 1467 1440 1468
f 1468 1440 1469
f 1469 1440 1470
f 1470 1440 1460
f 1462 1471 1440
f 1461 1440 1472
f 1472 1440 1473
f 1473 1440 1474
f 1474 1440 1475
f 1475 1440 1476
f 1476 1440 1477
f 1477 1440 1478
f 1478 1440 1451
f 1456 1426 1455
f 1441 1430 1420
f 1452 1430 1441
f 1452 1429 1430
f 1453 1429 1452
f 1453 1428 1429
f 1454 1428 1453
f 1454 1427 1428
f 1455 1427 1454
f 1455 1426 1427
f 1441 1420 1439
f 1456 1425 1426
f 1457 1425 1456
f 1457 1424 1425
f 1458 1424 1457
f 1458 1423 1424
f 1459 1423 1458
f 1459 1422 1423
f 1440 1422 1459
f 1440 1431 1422
f 1447 1435 1446
f 1442 1411 1402
f 1443 1411 1442
f 1443 1438 1411
f 1444 1438 1443
f 1444 1437 1438
f 1445 1437 1444
f 1445 1436 1437
f 1446 1436 1445
f 1446 1435 1436
f 1471 1431 1440
f 1447 1434 1435
f 1448 1434 1447
f 1448 1433 1434
f 1449 1433 1448
f 1449 1432 1433
f 1450 1432 1449
f 1450 1421 1432
f 1439 1421 1450
f 1439 1420 1421
f 1475 1407 1474
f 1460 1399 1401
f 1461 1399 1460
f 1461 1410 1399
f 1472 1410 1461
f 1472 1409 1410
f 1473 1409 1472
f 1473 1408 1409
f 1474 1408 1473
f 1474 1407 1408
f 1460 1401 1470
f 1475 1406 1407
f 1476 1406 1475
f 1476 1405 1406
f 1477 1405 1476
f 1477 1404 1405
f 1478 1404 1477
f 1478 1403 1404
f 1451 1403 1478
f 1451 1402 1403
f 1466 1416 1465
f 1471 1400 1431
f 1462 1400 1471
f 1462 1419 1400
f 1463 1419 1462
f 1463 1418 1419
f 1464 1418 1463
f 1464 1417 1418
f 1465 1417 1464
f 1465 1416 1417
f 1451 1442 1402
f 1466 1415 1416
f 1467 1415 1466
f 1467 1414 1415
f 1468 1414 1467
f 1468 1413 1414
f 1469 1413 1468
f 1469 1412 1413
f 1470 1412 1469
f 1470 1401 1412
f 1479 1480 1481
f 1482 1483 1484
f 1482 1485 1483
f 1486 1485 1482
f 1486 1487 1485
f 1488 1487 1486
f 1488 1489 1487
f 1490 1489 1488
f 1490 1481 1489
f 1479 1481 1490
f 1484 1483 1491
f 1492 1480 1479
f 1492 1493 1480
f 1494 1493 1492
f 1494 1495 1493
f 1496 1495 1494
f 1496 1497 1495
f 1498 1497 1496
f 1498 1499 1497
f 1500 1499 1498
f 1501 1502 1503
f 1504 1505 1506
f 1504 1507 1505
f 1508 1507 1504
f 1508 1509 1507
f 1510 1509 1508
f 1510 1511 1509
f 1512 1511 1510
f 1512 1503 1511
f 1501 1503 1512
f 1500 1513 1499
f 1514 1502 1501
f 1514 1515 1502
f 1516 1515 1514
f 1516 1517 1515
f 1518 1517 1516
f 1518 1519 1517
f 1520 1519 1518
f 1520 1491 1519
f 1484 1491 1520
f 1521 1522 1523
f 1524 1525 1526
f 1524 1527 1525
f 1528 1527 1524
f 1528 1529 1527
f 1530 1529 1528
f 1530 1531 1529
f 1532 1531 1530
f 1532 1523 1531
f 1521 1523 1532
f 1526 1525 1533
f 1534 1522 1521
f 1534 1535 1522
f 1536 1535 1534
f 1536 1537 1535
f 1538 1537 1536
f 1538 1539 1537
f 1540 1539 1538
f 1540 1541 1539
f 1506 1541 1540
f 1542 1543 1544
f 1545 1513 1500
f 1545 1546 1513
f 1547 1546 1545
f 1547 1548 1546
f 1549 1548 1547
f 1549 1550 1548
f 1551 1550 1549
f 1551 1544 1550
f 1542 1544 1551
f 1505 1541 1506
f 1552 1543 1542
f 1552 1553 1543
f 1554 1553 1552
f 1554 1555 1553
f 1556 1555 1554
f 1556 1557 1555
f 1558 1557 1556
f 1558 1533 1557
f 1526 1533 1558
f 1559 1560 1561
f 1562 1563 1564
f 1562 1564 1565
f 1562 1565 1566
f 1562 1566 1567
f 1562 1567 1568
f 1569 1562 1570
f 1570 1562 1559
f 1559 1562 1571
f 1559 1571 1572
f 1559 1572 1560
f 1562 1573 1563
f 1559 1561 1574
f 1559 1574 1575
f 1559 1575 1576
f 1559 1576 1577
f 1559 1577 1578
f 1559 1578 1579
f 1570 1559 1580
f 1580 1559 1581
f 1580 1581 1582
f 1580 1582 1583
f 1584 1585 1586
f 1580 1587 1588
f 1588 1587 1584
f 1584 1587 1589
f 1584 1589 1590
f 1584 1590 1591
f 1584 1591 1592
f 1584 1592 1593
f 1584 1593 1594
f 1584 1594 1595
f 1584 1595 1585
f 1583 1587 1580
f 1584 1586 1596
f 1588 1584 1569
f 1569 1584 1562
f 1562 1584 1597
f 1562 1597 1598
f 1562 1598 1599
f 1562 1599 1600
f 1562 1600 1601
f 1562 1601 1602
f 1562 1602 1573
f 1591 1489 1592
f 1585 1495 1497
f 1595 1495 1585
f 1595 1493 1495
f 1594 1493 1595
f 1594 1480 1493
f 1593 1480 1594
f 1593 1481 1480
f 1592 1481 1593
f 1592 1489 1481
f 1585 1497 1586
f 1591 1487 1489
f 1590 1487 1591
f 1590 1485 1487
f 1589 1485 1590
f 1589 1483 1485
f 1587 1483 1589
f 1587 1491 1483
f 1583 1491 1587
f 1583 1519 1491
f 1598 1550 1599
f 1573 1555 1557
f 1602 1555 1573
f 1602 1553 1555
f 1601 1553 1602
f 1601 1543 1553
f 1600 1543 1601
f 1600 1544 1543
f 1599 1544 1600
f 1599 1550 1544
f 1582 1519 1583
f 1598 1548 1550
f 1597 1548 1598
f 1597 1546 1548
f 1584 1546 1597
f 1584 1513 1546
f 1596 1513 1584
f 1596 1499 1513
f 1586 1499 1596
f 1586 1497 1499
f 1567 1531 1568
f 1560 1537 1539
f 1572 1537 1560
f 1572 1535 1537
f 1571 1535 1572
f 1571 1522 1535
f 1562 1522 1571
f 1562 1523 1522
f 1568 1523 1562
f 1568 1531 1523
f 1560 1539 1561
f 1567 1529 1531
f 1566 1529 1567
f 1566 1527 1529
f 1565 1527 1566
f 1565 1525 1527
f 1564 1525 1565
f 1564 1533 1525
f 1563 1533 1564
f 1563 1557 1533
f 1577 1511 1578
f 1582 1517 1519
f 1581 1517 1582
f 1581 1515 1517
f 1559 1515 1581
f 1559 1502 1515
f 1579 1502 1559
f 1579 1503 1502
f 1578 1503 1579
f 1578 1511 1503
f 1563 1573 1557
f 1577 1509 1511
f 1576 1509 1577
f 1576 1507 1509
f 1575 1507 1576
f 1575 1505 1507
f 1574 1505 1575
f 1574 1541 1505
f 1561 1541 1574
f 1561 1539 1541
f 1603 1604 1605
f 1606 1607 1608
f 1606 1608 1609
f 1606 1609 1610
f 1606 1610 1611
f 1606 1611 1612
f 1606 1612 1613
f 394 1606 1603
f 1603 1606 1614
f 1603 1614 1615
f 1603 1615 1616
f 1603 1616 1604
f 1606 1617 1607
f 1603 1605 1618
f 1603 1618 1619
f 1603 1619 1620
f 1603 1620 1621
f 1603 1621 1622
f 1603 1622 1623
f 1603 1623 1624
f 1603 1624 1625
f 1603 1625 1626
f 1603 1626 1627
f 1628 1629 1630
f 1603 1631 1632
f 1632 1631 1628
f 1628 1631 1633
f 1628 1633 1634
f 1628 1634 1635
f 1628 1635 1636
f 1628 1636 1637
f 1628 1637 1638
f 1628 1638 1639
f 1628 1639 1640
f 1628 1640 1629
f 1627 1631 1603
f 1632 1628 438
f 438 1628 1641
f 1641 1628 1642
f 1641 1642 1643
f 1641 1643 1644
f 438 1641 394
f 394 1641 1606
f 1606 1641 1645
f 1606 1645 1646
f 1606 1646 1617
f 1510 1647 1648
f 1518 1649 1650
f 1516 1649 1518
f 1516 1651 1649
f 1514 1651 1516
f 1514 1652 1651
f 1501 1652 1514
f 1501 1653 1652
f 1512 1653 1501
f 1512 1648 1653
f 1510 1648 1512
f 1518 1650 1520
f 1508 1647 1510
f 1508 1654 1647
f 1504 1654 1508
f 1504 1655 1654
f 1506 1655 1504
f 1506 1656 1655
f 1540 1656 1506
f 1540 1657 1656
f 1538 1657 1540
f 1488 1658 1490
f 1496 1659 1660
f 1494 1659 1496
f 1494 1661 1659
f 1492 1661 1494
f 1492 1662 1661
f 1479 1662 1492
f 1479 1663 1662
f 1490 1663 1479
f 1490 1658 1663
f 1538 1664 1657
f 1488 1665 1658
f 1486 1665 1488
f 1486 1666 1665
f 1482 1666 1486
f 1482 1667 1666
f 1484 1667 1482
f 1484 1668 1667
f 1520 1668 1484
f 1520 1650 1668
f 1549 1669 1670
f 1554 1671 1556
f 1554 1672 1671
f 1552 1672 1554
f 1552 1673 1672
f 1552 1674 1673
f 1542 1674 1552
f 1542 1675 1674
f 1551 1675 1542
f 1551 1670 1675
f 1549 1670 1551
f 1556 1671 1676
f 1549 1677 1669
f 1547 1677 1549
f 1547 1678 1677
f 1545 1678 1547
f 1545 1679 1678
f 1500 1679 1545
f 1500 1680 1679
f 1498 1680 1500
f 1498 1660 1680
f 1530 1681 1682
f 1536 1664 1538
f 1536 1683 1664
f 1534 1683 1536
f 1534 1684 1683
f 1521 1684 1534
f 1521 1685 1684
f 1532 1685 1521
f 1532 1682 1685
f 1530 1682 1532
f 1498 1496 1660
f 1528 1681 1530
f 1528 1686 1681
f 1524 1686 1528
f 1524 1687 1686
f 1526 1687 1524
f 1526 1688 1687
f 1558 1688 1526
f 1558 1676 1688
f 1556 1676 1558
f 1689 1690 1691
f 1671 1692 1676
f 1693 1692 1671
f 1693 1694 1692
f 1695 1694 1693
f 1695 1696 1694
f 1697 1696 1695
f 1697 1698 1696
f 1699 1698 1697
f 1699 1690 1698
f 1691 1690 1699
f 1676 1692 1688
f 1689 1700 1690
f 1689 1701 1700
f 1702 1701 1689
f 1702 1703 1701
f 1704 1703 1702
f 1704 1705 1703
f 1706 1705 1704
f 1706 1707 1705
f 1708 1707 1706
f 1709 1710 1711
f 1712 1713 1714
f 1715 1713 1712
f 1715 1716 1713
f 1717 1716 1715
f 1717 1718 1716
f 1719 1718 1717
f 1719 1720 1718
f 1711 1720 1719
f 1711 1710 1720
f 1708 1721 1707
f 1709 1722 1710
f 1723 1722 1709
f 1723 1724 1722
f 1725 1724 1723
f 1725 1726 1724
f 1727 1726 1725
f 1727 1728 1726
f 1727 1692 1728
f 1688 1692 1727
f 1692 1729 1728
f 1722 1730 1710
f 1722 1731 1730
f 1724 1731 1722
f 1724 1732 1731
f 1726 1732 1724
f 1726 1733 1732
f 1728 1733 1726
f 1728 1734 1733
f 1728 1729 1734
f 1710 1730 1735
f 1694 1729 1692
f 1694 1736 1729
f 1696 1736 1694
f 1696 1737 1736
f 1698 1737 1696
f 1698 1738 1737
f 1690 1738 1698
f 1700 1738 1690
f 1700 1739 1738
f 1714 1740 1741
f 1742 1721 1708
f 1742 1743 1721
f 1744 1743 1742
f 1744 1745 1743
f 1746 1745 1744
f 1746 1747 1745
f 1748 1747 1746
f 1748 1741 1747
f 1714 1741 1748
f 1712 1714 1749
f 1713 1740 1714
f 1713 1750 1740
f 1716 1750 1713
f 1716 1751 1750
f 1718 1751 1716
f 1718 1752 1751
f 1720 1752 1718
f 1720 1735 1752
f 1710 1735 1720
f 1656 1717 1655
f 1651 1749 1753
f 1652 1749 1651
f 1653 1749 1652
f 1653 1712 1749
f 1648 1712 1653
f 1648 1715 1712
f 1647 1715 1648
f 1654 1715 1647
f 1654 1717 1715
f 1655 1717 1654
f 1651 1753 1649
f 1656 1719 1717
f 1657 1719 1656
f 1657 1711 1719
f 1664 1711 1657
f 1683 1711 1664
f 1683 1709 1711
f 1684 1709 1683
f 1685 1709 1684
f 1685 1723 1709
f 1658 1754 1755
f 1660 1756 1680
f 1660 1757 1756
f 1659 1757 1660
f 1661 1757 1659
f 1661 1758 1757
f 1662 1758 1661
f 1663 1758 1662
f 1663 1755 1758
f 1658 1755 1663
f 1682 1723 1685
f 1665 1754 1658
f 1666 1754 1665
f 1666 1759 1754
f 1667 1759 1666
f 1668 1759 1667
f 1668 1760 1759
f 1650 1760 1668
f 1650 1753 1760
f 1649 1753 1650
f 1754 1708 1755
f 1756 1691 1680
f 1756 1689 1691
f 1756 1702 1689
f 1757 1702 1756
f 1757 1704 1702
f 1758 1704 1757
f 1758 1706 1704
f 1755 1706 1758
f 1755 1708 1706
f 1680 1691 1679
f 1754 1742 1708
f 1759 1742 1754
f 1759 1744 1742
f 1760 1744 1759
f 1760 1746 1744
f 1753 1746 1760
f 1753 1748 1746
f 1749 1748 1753
f 1749 1714 1748
f 1674 1695 1673
f 1682 1725 1723
f 1681 1725 1682
f 1686 1725 1681
f 1686 1727 1725
f 1687 1727 1686
f 1687 1688 1727
f 1672 1693 1671
f 1673 1693 1672
f 1673 1695 1693
f 1700 1761 1739
f 1675 1695 1674
f 1675 1697 1695
f 1670 1697 1675
f 1669 1697 1670
f 1669 1699 1697
f 1677 1699 1669
f 1678 1699 1677
f 1678 1691 1699
f 1679 1691 1678
f 1762 1637 1636
f 1763 1627 1626
f 1764 1627 1763
f 1764 1631 1627
f 1765 1631 1764
f 1765 1633 1631
f 1765 1634 1633
f 1765 1635 1634
f 1766 1635 1765
f 1766 1636 1635
f 1762 1636 1766
f 1763 1626 1625
f 1767 1637 1762
f 1767 1638 1637
f 1767 1639 1638
f 1767 1640 1639
f 1768 1640 1767
f 1768 1629 1640
f 1769 1629 1768
f 1769 1630 1629
f 1770 1630 1769
f 1771 1772 1773
f 1774 1775 1776
f 1777 1775 1774
f 1777 1778 1775
f 1779 1778 1777
f 1779 1780 1778
f 1781 1780 1779
f 1781 1782 1780
f 1781 1772 1782
f 1773 1772 1781
f 1770 1628 1630
f 1771 1783 1772
f 1784 1783 1771
f 1785 1783 1784
f 1783 1622 1621
f 1783 1623 1622
f 1785 1623 1783
f 1785 1624 1623
f 1785 1625 1624
f 1763 1625 1785
f 1780 1604 1616
f 1776 1612 1786
f 1776 1613 1612
f 1775 1613 1776
f 1775 1606 1613
f 1775 1614 1606
f 1775 1615 1614
f 1778 1615 1775
f 1778 1616 1615
f 1780 1616 1778
f 1786 1612 1611
f 1782 1604 1780
f 1782 1605 1604
f 1782 1618 1605
f 1782 1619 1618
f 1782 1787 1619
f 1772 1787 1782
f 1783 1787 1772
f 1621 1787 1783
f 1620 1787 1621
f 1788 1617 1646
f 1770 1642 1628
f 1770 1643 1642
f 1789 1643 1770
f 1789 1644 1643
f 1790 1644 1789
f 1790 1641 1644
f 1788 1641 1790
f 1788 1645 1641
f 1788 1646 1645
f 1774 1776 1791
f 1792 1617 1788
f 1792 1607 1617
f 1793 1607 1792
f 1793 1608 1607
f 1794 1608 1793
f 1794 1609 1608
f 1794 1610 1609
f 1794 1611 1610
f 1786 1611 1794
f 1731 1791 1730
f 1750 1795 1740
f 1750 1796 1795
f 1751 1796 1750
f 1751 1797 1796
f 1752 1797 1751
f 1752 1798 1797
f 1735 1798 1752
f 1735 1799 1798
f 1730 1799 1735
f 1730 1791 1799
f 1740 1795 1800
f 1731 1774 1791
f 1732 1774 1731
f 1732 1777 1774
f 1733 1777 1732
f 1733 1779 1777
f 1734 1779 1733
f 1734 1781 1779
f 1734 1773 1781
f 1729 1773 1734
f 1721 1801 1802
f 1701 1761 1700
f 1701 1803 1761
f 1703 1803 1701
f 1703 1804 1803
f 1705 1804 1703
f 1705 1805 1804
f 1707 1805 1705
f 1707 1802 1805
f 1721 1802 1707
f 1736 1773 1729
f 1743 1801 1721
f 1743 1806 1801
f 1745 1806 1743
f 1745 1807 1806
f 1747 1807 1745
f 1747 1808 1807
f 1741 1808 1747
f 1741 1800 1808
f 1740 1800 1741
f 1796 1788 1795
f 1806 1769 1768
f 1807 1769 1806
f 1807 1770 1769
f 1808 1770 1807
f 1808 1789 1770
f 1800 1789 1808
f 1800 1790 1789
f 1795 1790 1800
f 1795 1788 1790
f 1806 1768 1801
f 1796 1792 1788
f 1797 1792 1796
f 1797 1793 1792
f 1798 1793 1797
f 1798 1794 1793
f 1799 1794 1798
f 1799 1786 1794
f 1791 1786 1799
f 1791 1776 1786
f 1803 1764 1761
f 1736 1771 1773
f 1737 1771 1736
f 1737 1784 1771
f 1738 1784 1737
f 1739 1784 1738
f 1739 1785 1784
f 1739 1763 1785
f 1761 1763 1739
f 1761 1764 1763
f 1620 1619 1787
f 1803 1765 1764
f 1804 1765 1803
f 1804 1766 1765
f 1805 1766 1804
f 1805 1762 1766
f 1802 1762 1805
f 1802 1767 1762
f 1801 1767 1802
f 1801 1768 1767
f 1809 1632 438
f 1809 438 1810
f 1811 1603 1632
f 1811 1632 1809
f 1588 1812 1813
f 1580 1588 1813
f 1580 1813 1814
f 1570 1580 1814
f 1810 438 394
f 1810 394 1815
f 1815 394 1603
f 1815 1603 1811
f 1816 1817 1818
f 1819 1809 1820
f 1819 1811 1809
f 1819 1821 1811
f 1819 1822 1821
f 1818 1822 1819
f 1818 1817 1822
f 1816 1818 1823
f 1823 1824 1816
f 1823 1825 1824
f 1826 1827 1828
f 1829 1825 1830
f 1830 1831 1829
f 1830 1832 1831
f 1829 1824 1825
f 1828 1831 1832
f 1828 1827 1831
f 1826 1828 1833
f 1833 1834 1826
f 1833 1835 1834
f 1836 1837 1817
f 1822 1811 1821
f 1822 1815 1811
f 1822 1838 1815
f 1822 1839 1838
f 1817 1839 1822
f 1817 1837 1839
f 1836 1817 1816
f 1816 1840 1836
f 1816 1824 1840
f 1841 1842 1827
f 1843 1824 1829
f 1829 1844 1843
f 1829 1831 1844
f 1843 1840 1824
f 1827 1844 1831
f 1827 1842 1844
f 1841 1827 1826
f 1826 1845 1841
f 1826 1834 1845
f 1830 1825 1846
f 1828 1847 1848
f 1848 1835 1833
f 1848 1849 1835
f 1833 1828 1848
f 1832 1847 1828
f 1832 1850 1847
f 1825 1851 1846
f 1846 1832 1830
f 1846 1850 1832
f 1809 1810 1852
f 1818 1853 1854
f 1854 1825 1823
f 1854 1851 1825
f 1823 1818 1854
f 1819 1853 1818
f 1819 1855 1853
f 1809 1819 1820
f 1809 1855 1819
f 1809 1852 1855
f 1854 1853 1837
f 1839 1815 1838
f 1839 1810 1815
f 1839 1852 1810
f 1839 1855 1852
f 1837 1855 1839
f 1837 1853 1855
f 1854 1837 1836
f 1836 1851 1854
f 1836 1840 1851
f 1848 1847 1842
f 1846 1840 1843
f 1843 1850 1846
f 1843 1844 1850
f 1846 1851 1840
f 1842 1850 1844
f 1842 1847 1850
f 1848 1842 1841
f 1841 1849 1848
f 1841 1845 1849
f 1835 1856 1857
f 1834 1835 1857
f 1858 1845 1834
f 1857 1858 1834
f 1859 1849 1845
f 1858 1859 1845
f 1856 1835 1849
f 1859 1856 1849
f 1569 1860 1812
f 1588 1569 1812
f 1570 1814 1860
f 1569 1570 1860
f 1861 1862 1863
f 1864 1865 1866
f 1866 1812 1867
f 1866 1813 1812
f 1867 1864 1866
f 1868 1865 1864
f 1868 1869 1865
f 1862 1870 1863
f 1863 1868 1861
f 1863 1869 1868
f 1871 1859 1872
f 1873 1874 1875
f 1875 1862 1876
f 1875 1870 1862
f 1876 1873 1875
f 1877 1874 1873
f 1877 1878 1874
f 1859 1858 1872
f 1872 1877 1871
f 1872 1878 1877
f 1863 1870 1879
f 1865 1880 1881
f 1881 1813 1866
f 1881 1814 1813
f 1866 1865 1881
f 1869 1880 1865
f 1869 1882 1880
f 1870 1883 1879
f 1879 1869 1863
f 1879 1882 1869
f 1872 1858 1884
f 1874 1885 1886
f 1886 1870 1875
f 1886 1883 1870
f 1875 1874 1886
f 1878 1885 1874
f 1878 1887 1885
f 1858 1857 1884
f 1884 1878 1872
f 1884 1887 1878
f 1879 1883 1888
f 1880 1889 1890
f 1890 1814 1881
f 1890 1860 1814
f 1881 1880 1890
f 1882 1889 1880
f 1882 1891 1889
f 1883 1892 1888
f 1888 1882 1879
f 1888 1891 1882
f 1884 1857 1893
f 1885 1894 1895
f 1895 1883 1886
f 1895 1892 1883
f 1886 1885 1895
f 1887 1894 1885
f 1887 1896 1894
f 1857 1856 1893
f 1893 1887 1884
f 1893 1896 1887
f 1895 1894 1873
f 1893 1859 1871
f 1871 1896 1893
f 1871 1877 1896
f 1893 1856 1859
f 1873 1896 1877
f 1873 1894 1896
f 1895 1873 1876
f 1876 1892 1895
f 1876 1862 1892
f 1890 1889 1864
f 1888 1862 1861
f 1861 1891 1888
f 1861 1868 1891
f 1888 1892 1862
f 1864 1891 1868
f 1864 1889 1891
f 1890 1864 1867
f 1867 1860 1890
f 1867 1812 1860
f 1897 1898 1899
f 1900 1901 1902
f 1903 1901 1900
f 1903 1904 1901
f 1905 1904 1903
f 1905 1906 1904
f 1907 1906 1905
f 1907 1908 1906
f 1899 1908 1907
f 1899 1898 1908
f 1900 1902 1909
f 1897 1910 1898
f 1911 1910 1897
f 1911 1912 1910
f 1913 1912 1911
f 1913 1914 1912
f 1915 1914 1913
f 1915 1916 1914
f 1917 1916 1915
f 1917 1918 1916
f 1919 1920 1921
f 1922 1923 1924
f 1925 1923 1922
f 1925 1926 1923
f 1927 1926 1925
f 1927 1928 1926
f 1929 1928 1927
f 1929 1930 1928
f 1921 1930 1929
f 1921 1920 1930
f 1931 1918 1917
f 1919 1932 1920
f 1933 1932 1919
f 1933 1934 1932
f 1935 1934 1933
f 1935 1936 1934
f 1937 1936 1935
f 1937 1938 1936
f 1909 1938 1937
f 1909 1902 1938
f 1939 1940 1941
f 1942 1943 1944
f 1945 1943 1942
f 1945 1946 1943
f 1947 1946 1945
f 1947 1948 1946
f 1949 1948 1947
f 1949 1950 1948
f 1941 1950 1949
f 1941 1940 1950
f 1942 1944 1951
f 1939 1952 1940
f 1953 1952 1939
f 1953 1954 1952
f 1955 1954 1953
f 1955 1956 1954
f 1957 1956 1955
f 1957 1958 1956
f 1959 1958 1957
f 1959 1924 1958
f 1960 1961 1962
f 1931 1963 1918
f 1964 1963 1931
f 1964 1965 1963
f 1966 1965 1964
f 1966 1967 1965
f 1968 1967 1966
f 1968 1969 1967
f 1962 1969 1968
f 1962 1961 1969
f 1959 1922 1924
f 1960 1970 1961
f 1971 1970 1960
f 1971 1972 1970
f 1973 1972 1971
f 1973 1974 1972
f 1975 1974 1973
f 1975 1976 1974
f 1951 1976 1975
f 1951 1944 1976
f 1977 1978 1979
f 1980 1981 1982
f 1983 1981 1980
f 1983 1984 1981
f 1985 1984 1983
f 1985 1986 1984
f 1987 1986 1985
f 1987 1988 1986
f 1979 1988 1987
f 1979 1978 1988
f 1980 1982 1989
f 1977 1990 1978
f 1991 1990 1977
f 1991 1992 1990
f 1993 1992 1991
f 1993 1994 1992
f 1995 1994 1993
f 1995 1996 1994
f 1997 1996 1995
f 1997 1998 1996
f 1999 2000 2001
f 2002 2003 2004
f 2005 2003 2002
f 2005 2006 2003
f 2007 2006 2005
f 2007 2008 2006
f 2009 2008 2007
f 2009 2010 2008
f 2001 2010 2009
f 2001 2000 2010
f 2011 1998 1997
f 1999 2012 2000
f 2013 2012 1999
f 2013 2014 2012
f 2015 2014 2013
f 2015 2016 2014
f 2017 2016 2015
f 2017 2018 2016
f 1989 2018 2017
f 1989 1982 2018
f 2019 2020 2021
f 2022 2023 2024
f 2025 2023 2022
f 2025 2026 2023
f 2027 2026 2025
f 2027 2028 2026
f 2029 2028 2027
f 2029 2030 2028
f 2021 2030 2029
f 2021 2020 2030
f 2022 2024 2031
f 2019 2032 2020
f 2033 2032 2019
f 2033 2034 2032
f 2035 2034 2033
f 2035 2036 2034
f 2037 2036 2035
f 2037 2038 2036
f 2039 2038 2037
f 2039 2004 2038
f 2040 2041 2042
f 2011 2043 1998
f 2044 2043 2011
f 2044 2045 2043
f 2046 2045 2044
f 2046 2047 2045
f 2048 2047 2046
f 2048 2049 2047
f 2042 2049 2048
f 2042 2041 2049
f 2039 2002 2004
f 2040 2050 2041
f 2051 2050 2040
f 2051 2052 2050
f 2053 2052 2051
f 2053 2054 2052
f 2055 2054 2053
f 2055 2056 2054
f 2031 2056 2055
f 2031 2024 2056
f 2057 2058 2059
f 2060 2061 2062
f 2063 2061 2060
f 2063 2064 2061
f 2065 2064 2063
f 2065 2066 2064
f 2067 2066 2065
f 2067 2068 2066
f 2059 2068 2067
f 2059 2058 2068
f 2060 2062 2069
f 2057 2070 2058
f 2071 2070 2057
f 2071 2072 2070
f 2073 2072 2071
f 2073 2074 2072
f 2075 2074 2073
f 2075 2076 2074
f 2077 2076 2075
f 2077 2078 2076
f 2079 2080 2081
f 2082 2083 2084
f 2085 2083 2082
f 2085 2086 2083
f 2087 2086 2085
f 2087 2088 2086
f 2089 2088 2087
f 2089 2090 2088
f 2081 2090 2089
f 2081 2080 2090
f 2091 2078 2077
f 2079 2092 2080
f 2093 2092 2079
f 2093 2094 2092
f 2095 2094 2093
f 2095 2096 2094
f 2097 2096 2095
f 2097 2098 2096
f 2069 2098 2097
f 2069 2062 2098
f 2099 2100 2101
f 2102 2103 2104
f 2105 2103 2102
f 2105 2106 2103
f 2107 2106 2105
f 2107 2108 2106
f 2109 2108 2107
f 2109 2110 2108
f 2101 2110 2109
f 2101 2100 2110
f 2102 2104 2111
f 2099 2112 2100
f 2113 2112 2099
f 2113 2114 2112
f 2115 2114 2113
f 2115 2116 2114
f 2117 2116 2115
f 2117 2118 2116
f 2119 2118 2117
f 2119 2084 2118
f 2120 2121 2122
f 2091 2123 2078
f 2124 2123 2091
f 2124 2125 2123
f 2126 2125 2124
f 2126 2127 2125
f 2128 2127 2126
f 2128 2129 2127
f 2122 2129 2128
f 2122 2121 2129
f 2119 2082 2084
f 2120 2130 2121
f 2131 2130 2120
f 2131 2132 2130
f 2133 2132 2131
f 2133 2134 2132
f 2135 2134 2133
f 2135 2136 2134
f 2111 2136 2135
f 2111 2104 2136
f 2040 2121 2051
f 2022 2136 2104
f 2031 2136 2022
f 2031 2134 2136
f 2055 2134 2031
f 2055 2132 2134
f 2053 2132 2055
f 2053 2130 2132
f 2051 2130 2053
f 2051 2121 2130
f 2022 2104 2025
f 2040 2129 2121
f 2042 2129 2040
f 2042 2127 2129
f 2048 2127 2042
f 2048 2125 2127
f 2046 2125 2048
f 2046 2123 2125
f 2044 2123 2046
f 2044 2078 2123
f 2019 2100 2033
f 2002 2118 2084
f 2039 2118 2002
f 2039 2116 2118
f 2037 2116 2039
f 2037 2114 2116
f 2035 2114 2037
f 2035 2112 2114
f 2033 2112 2035
f 2033 2100 2112
f 2011 2078 2044
f 2019 2110 2100
f 2021 2110 2019
f 2021 2108 2110
f 2029 2108 2021
f 2029 2106 2108
f 2027 2106 2029
f 2027 2103 2106
f 2025 2103 2027
f 2025 2104 2103
f 1999 2080 2013
f 1980 2098 2062
f 1989 2098 1980
f 1989 2096 2098
f 2017 2096 1989
f 2017 2094 2096
f 2015 2094 2017
f 2015 2092 2094
f 2013 2092 2015
f 2013 2080 2092
f 1980 2062 1983
f 1999 2090 2080
f 2001 2090 1999
f 2001 2088 2090
f 2009 2088 2001
f 2009 2086 2088
f 2007 2086 2009
f 2007 2083 2086
f 2005 2083 2007
f 2005 2084 2083
f 1977 2058 1991
f 2011 2076 2078
f 1997 2076 2011
f 1997 2074 2076
f 1995 2074 1997
f 1995 2072 2074
f 1993 2072 1995
f 1993 2070 2072
f 1991 2070 1993
f 1991 2058 2070
f 2005 2002 2084
f 1977 2068 2058
f 1979 2068 1977
f 1979 2066 2068
f 1987 2066 1979
f 1987 2064 2066
f 1985 2064 1987
f 1985 2061 2064
f 1983 2061 1985
f 1983 2062 2061
f 2120 2137 2131
f 2102 2138 2139
f 2111 2138 2102
f 2111 2140 2138
f 2135 2140 2111
f 2135 2141 2140
f 2133 2141 2135
f 2133 2142 2141
f 2131 2142 2133
f 2131 2137 2142
f 2102 2139 2105
f 2120 2143 2137
f 2122 2143 2120
f 2122 2144 2143
f 2128 2144 2122
f 2128 2145 2144
f 2126 2145 2128
f 2126 2146 2145
f 2124 2146 2126
f 2124 2147 2146
f 2099 2148 2113
f 2082 2149 2150
f 2119 2149 2082
f 2119 2151 2149
f 2117 2151 2119
f 2117 2152 2151
f 2115 2152 2117
f 2115 2153 2152
f 2113 2153 2115
f 2113 2148 2153
f 2091 2147 2124
f 2099 2154 2148
f 2101 2154 2099
f 2101 2155 2154
f 2109 2155 2101
f 2109 2156 2155
f 2107 2156 2109
f 2107 2157 2156
f 2105 2157 2107
f 2105 2139 2157
f 2079 2158 2093
f 2060 2159 2160
f 2069 2159 2060
f 2069 2161 2159
f 2097 2161 2069
f 2097 2162 2161
f 2095 2162 2097
f 2095 2163 2162
f 2093 2163 2095
f 2093 2158 2163
f 2060 2160 2063
f 2079 2164 2158
f 2081 2164 2079
f 2081 2165 2164
f 2089 2165 2081
f 2089 2166 2165
f 2087 2166 2089
f 2087 2167 2166
f 2085 2167 2087
f 2085 2150 2167
f 2057 2168 2071
f 2091 2169 2147
f 2077 2169 2091
f 2077 2170 2169
f 2075 2170 2077
f 2075 2171 2170
f 2073 2171 2075
f 2073 2172 2171
f 2071 2172 2073
f 2071 2168 2172
f 2085 2082 2150
f 2057 2173 2168
f 2059 2173 2057
f 2059 2174 2173
f 2067 2174 2059
f 2067 2175 2174
f 2065 2175 2067
f 2065 2176 2175
f 2063 2176 2065
f 2063 2160 2176
f 2177 2168 2178
f 2179 2176 2160
f 2180 2176 2179
f 2180 2175 2176
f 2181 2175 2180
f 2181 2174 2175
f 2182 2174 2181
f 2182 2173 2174
f 2178 2173 2182
f 2178 2168 2173
f 2179 2160 2183
f 2177 2172 2168
f 2184 2172 2177
f 2184 2171 2172
f 2185 2171 2184
f 2185 2170 2171
f 2186 2170 2185
f 2186 2169 2170
f 2187 2169 2186
f 2187 2147 2169
f 2188 2158 2189
f 2190 2167 2150
f 2191 2167 2190
f 2191 2166 2167
f 2192 2166 2191
f 2192 2165 2166
f 2193 2165 2192
f 2193 2164 2165
f 2189 2164 2193
f 2189 2158 2164
f 2194 2147 2187
f 2188 2163 2158
f 2195 2163 2188
f 2195 2162 2163
f 2196 2162 2195
f 2196 2161 2162
f 2197 2161 2196
f 2197 2159 2161
f 2183 2159 2197
f 2183 2160 2159
f 2198 2148 2199
f 2200 2157 2139
f 2201 2157 2200
f 2201 2156 2157
f 2202 2156 2201
f 2202 2155 2156
f 2203 2155 2202
f 2203 2154 2155
f 2199 2154 2203
f 2199 2148 2154
f 2200 2139 2204
f 2198 2153 2148
f 2205 2153 2198
f 2205 2152 2153
f 2206 2152 2205
f 2206 2151 2152
f 2207 2151 2206
f 2207 2149 2151
f 2208 2149 2207
f 2208 2150 2149
f 2209 2137 2210
f 2194 2146 2147
f 2211 2146 2194
f 2211 2145 2146
f 2212 2145 2211
f 2212 2144 2145
f 2213 2144 2212
f 2213 2143 2144
f 2210 2143 2213
f 2210 2137 2143
f 2208 2190 2150
f 2209 2142 2137
f 2214 2142 2209
f 2214 2141 2142
f 2215 2141 2214
f 2215 2140 2141
f 2216 2140 2215
f 2216 2138 2140
f 2204 2138 2216
f 2204 2139 2138
f 2209 2217 2214
f 2200 2218 2219
f 2204 2218 2200
f 2204 2220 2218
f 2216 2220 2204
f 2216 2221 2220
f 2215 2221 2216
f 2215 2222 2221
f 2214 2222 2215
f 2214 2217 2222
f 2200 2219 2201
f 2209 2223 2217
f 2210 2223 2209
f 2210 2224 2223
f 2213 2224 2210
f 2213 2225 2224
f 2212 2225 2213
f 2212 2226 2225
f 2211 2226 2212
f 2211 2227 2226
f 2198 2228 2205
f 2190 2229 2230
f 2208 2229 2190
f 2208 2231 2229
f 2207 2231 2208
f 2207 2232 2231
f 2206 2232 2207
f 2206 2233 2232
f 2205 2233 2206
f 2205 2228 2233
f 2194 2227 2211
f 2198 2234 2228
f 2199 2234 2198
f 2199 2235 2234
f 2203 2235 2199
f 2203 2236 2235
f 2202 2236 2203
f 2202 2237 2236
f 2201 2237 2202
f 2201 2219 2237
f 2188 2238 2195
f 2179 2239 2240
f 2183 2239 2179
f 2183 2241 2239
f 2197 2241 2183
f 2197 2242 2241
f 2196 2242 2197
f 2196 2243 2242
f 2195 2243 2196
f 2195 2238 2243
f 2179 2240 2180
f 2188 2244 2238
f 2189 2244 2188
f 2189 2245 2244
f 2193 2245 2189
f 2193 2246 2245
f 2192 2246 2193
f 2192 2247 2246
f 2191 2247 2192
f 2191 2230 2247
f 2177 2248 2184
f 2194 2249 2227
f 2187 2249 2194
f 2187 2250 2249
f 2186 2250 2187
f 2186 2251 2250
f 2185 2251 2186
f 2185 2252 2251
f 2184 2252 2185
f 2184 2248 2252
f 2191 2190 2230
f 2177 2253 2248
f 2178 2253 2177
f 2178 2254 2253
f 2182 2254 2178
f 2182 2255 2254
f 2181 2255 2182
f 2181 2256 2255
f 2180 2256 2181
f 2180 2240 2256
f 2257 1961 2258
f 2259 1976 1944
f 2260 1976 2259
f 2260 1974 1976
f 2261 1974 2260
f 2261 1972 1974
f 2262 1972 2261
f 2262 1970 1972
f 2258 1970 2262
f 2258 1961 1970
f 2259 1944 2263
f 2257 1969 1961
f 2264 1969 2257
f 2264 1967 1969
f 2265 1967 2264
f 2265 1965 1967
f 2266 1965 2265
f 2266 1963 1965
f 2267 1963 2266
f 2267 1918 1963
f 2268 1940 2269
f 2270 1958 1924
f 2271 1958 2270
f 2271 1956 1958
f 2272 1956 2271
f 2272 1954 1956
f 2273 1954 2272
f 2273 1952 1954
f 2269 1952 2273
f 2269 1940 1952
f 2274 1918 2267
f 2268 1950 1940
f 2275 1950 2268
f 2275 1948 1950
f 2276 1948 2275
f 2276 1946 1948
f 2277 1946 2276
f 2277 1943 1946
f 2263 1943 2277
f 2263 1944 1943
f 2278 1920 2279
f 2280 1938 1902
f 2281 1938 2280
f 2281 1936 1938
f 2282 1936 2281
f 2282 1934 1936
f 2283 1934 2282
f 2283 1932 1934
f 2279 1932 2283
f 2279 1920 1932
f 2280 1902 2284
f 2278 1930 1920
f 2285 1930 2278
f 2285 1928 1930
f 2286 1928 2285
f 2286 1926 1928
f 2287 1926 2286
f 2287 1923 1926
f 2288 1923 2287
f 2288 1924 1923
f 2289 1898 2290
f 2274 1916 1918
f 2291 1916 2274
f 2291 1914 1916
f 2292 1914 2291
f 2292 1912 1914
f 2293 1912 2292
f 2293 1910 1912
f 2290 1910 2293
f 2290 1898 1910
f 2288 2270 1924
f 2289 1908 1898
f 2294 1908 2289
f 2294 1906 1908
f 2295 1906 2294
f 2295 1904 1906
f 2296 1904 2295
f 2296 1901 1904
f 2284 1901 2296
f 2284 1902 1901
f 2289 2297 2294
f 2280 2298 2299
f 2284 2298 2280
f 2284 2300 2298
f 2296 2300 2284
f 2296 2301 2300
f 2295 2301 2296
f 2295 2302 2301
f 2294 2302 2295
f 2294 2297 2302
f 2280 2299 2281
f 2289 2303 2297
f 2290 2303 2289
f 2290 2304 2303
f 2293 2304 2290
f 2293 2305 2304
f 2292 2305 2293
f 2292 2306 2305
f 2291 2306 2292
f 2291 2307 2306
f 2278 2308 2285
f 2270 2309 2310
f 2288 2309 2270
f 2288 2311 2309
f 2287 2311 2288
f 2287 2312 2311
f 2286 2312 2287
f 2286 2313 2312
f 2285 2313 2286
f 2285 2308 2313
f 2274 2307 2291
f 2278 2314 2308
f 2279 2314 2278
f 2279 2315 2314
f 2283 2315 2279
f 2283 2316 2315
f 2282 2316 2283
f 2282 2317 2316
f 2281 2317 2282
f 2281 2299 2317
f 2268 2318 2275
f 2259 2319 2320
f 2263 2319 2259
f 2263 2321 2319
f 2277 2321 2263
f 2277 2322 2321
f 2276 2322 2277
f 2276 2323 2322
f 2275 2323 2276
f 2275 2318 2323
f 2259 2320 2260
f 2268 2324 2318
f 2269 2324 2268
f 2269 2325 2324
f 2273 2325 2269
f 2273 2326 2325
f 2272 2326 2273
f 2272 2327 2326
f 2271 2327 2272
f 2271 2310 2327
f 2257 2328 2264
f 2274 2329 2307
f 2267 2329 2274
f 2267 2330 2329
f 2266 2330 2267
f 2266 2331 2330
f 2265 2331 2266
f 2265 2332 2331
f 2264 2332 2265
f 2264 2328 2332
f 2271 2270 2310
f 2257 2333 2328
f 2258 2333 2257
f 2258 2334 2333
f 2262 2334 2258
f 2262 2335 2334
f 2261 2335 2262
f 2261 2336 2335
f 2260 2336 2261
f 2260 2320 2336
f 2337 2328 2338
f 2339 2336 2320
f 2340 2336 2339
f 2340 2335 2336
f 2341 2335 2340
f 2341 2334 2335
f 2342 2334 2341
f 2342 2333 2334
f 2338 2333 2342
f 2338 2328 2333
f 2339 2320 2343
f 2337 2332 2328
f 2344 2332 2337
f 2344 2331 2332
f 2345 2331 2344
f 2345 2330 2331
f 2346 2330 2345
f 2346 2329 2330
f 2347 2329 2346
f 2347 2307 2329
f 2348 2318 2349
f 2350 2327 2310
f 2351 2327 2350
f 2351 2326 2327
f 2352 2326 2351
f 2352 2325 2326
f 2353 2325 2352
f 2353 2324 2325
f 2349 2324 2353
f 2349 2318 2324
f 2354 2307 2347
f 2348 2323 2318
f 2355 2323 2348
f 2355 2322 2323
f 2356 2322 2355
f 2356 2321 2322
f 2357 2321 2356
f 2357 2319 2321
f 2343 2319 2357
f 2343 2320 2319
f 2358 2308 2359
f 2360 2317 2299
f 2361 2317 2360
f 2361 2316 2317
f 2362 2316 2361
f 2362 2315 2316
f 2363 2315 2362
f 2363 2314 2315
f 2359 2314 2363
f 2359 2308 2314
f 2360 2299 2364
f 2358 2313 2308
f 2365 2313 2358
f 2365 2312 2313
f 2366 2312 2365
f 2366 2311 2312
f 2367 2311 2366
f 2367 2309 2311
f 2368 2309 2367
f 2368 2310 2309
f 2369 2297 2370
f 2354 2306 2307
f 2371 2306 2354
f 2371 2305 2306
f 2372 2305 2371
f 2372 2304 2305
f 2373 2304 2372
f 2373 2303 2304
f 2370 2303 2373
f 2370 2297 2303
f 2368 2350 2310
f 2369 2302 2297
f 2374 2302 2369
f 2374 2301 2302
f 2375 2301 2374
f 2375 2300 2301
f 2376 2300 2375
f 2376 2298 2300
f 2364 2298 2376
f 2364 2299 2298
f 2369 2377 2374
f 2360 2378 2379
f 2364 2378 2360
f 2364 2380 2378
f 2376 2380 2364
f 2376 2381 2380
f 2375 2381 2376
f 2375 2382 2381
f 2374 2382 2375
f 2374 2377 2382
f 2360 2379 2361
f 2369 2383 2377
f 2370 2383 2369
f 2370 2384 2383
f 2373 2384 2370
f 2373 2385 2384
f 2372 2385 2373
f 2372 2386 2385
f 2371 2386 2372
f 2371 2387 2386
f 2358 2388 2365
f 2350 2389 2390
f 2368 2389 2350
f 2368 2391 2389
f 2367 2391 2368
f 2367 2392 2391
f 2366 2392 2367
f 2366 2393 2392
f 2365 2393 2366
f 2365 2388 2393
f 2354 2387 2371
f 2358 2394 2388
f 2359 2394 2358
f 2359 2395 2394
f 2363 2395 2359
f 2363 2396 2395
f 2362 2396 2363
f 2362 2397 2396
f 2361 2397 2362
f 2361 2379 2397
f 2348 2398 2355
f 2339 2399 2400
f 2343 2399 2339
f 2343 2401 2399
f 2357 2401 2343
f 2357 2402 2401
f 2356 2402 2357
f 2356 2403 2402
f 2355 2403 2356
f 2355 2398 2403
f 2339 2400 2340
f 2348 2404 2398
f 2349 2404 2348
f 2349 2405 2404
f 2353 2405 2349
f 2353 2406 2405
f 2352 2406 2353
f 2352 2407 2406
f 2351 2407 2352
f 2351 2390 2407
f 2337 2408 2344
f 2354 2409 2387
f 2347 2409 2354
f 2347 2410 2409
f 2346 2410 2347
f 2346 2411 2410
f 2345 2411 2346
f 2345 2412 2411
f 2344 2412 2345
f 2344 2408 2412
f 2351 2350 2390
f 2337 2413 2408
f 2338 2413 2337
f 2338 2414 2413
f 2342 2414 2338
f 2342 2415 2414
f 2341 2415 2342
f 2341 2416 2415
f 2340 2416 2341
f 2340 2400 2416
f 2417 2408 2418
f 2419 2416 2400
f 2420 2416 2419
f 2420 2415 2416
f 2421 2415 2420
f 2421 2414 2415
f 2422 2414 2421
f 2422 2413 2414
f 2418 2413 2422
f 2418 2408 2413
f 2419 2400 2423
f 2417 2412 2408
f 2424 2412 2417
f 2424 2411 2412
f 2425 2411 2424
f 2425 2410 2411
f 2426 2410 2425
f 2426 2409 2410
f 2427 2409 2426
f 2427 2387 2409
f 2428 2398 2429
f 2430 2407 2390
f 2431 2407 2430
f 2431 2406 2407
f 2432 2406 2431
f 2432 2405 2406
f 2433 2405 2432
f 2433 2404 2405
f 2429 2404 2433
f 2429 2398 2404
f 2434 2387 2427
f 2428 2403 2398
f 2435 2403 2428
f 2435 2402 2403
f 2436 2402 2435
f 2436 2401 2402
f 2437 2401 2436
f 2437 2399 2401
f 2423 2399 2437
f 2423 2400 2399
f 2438 2388 2439
f 2440 2397 2379
f 2441 2397 2440
f 2441 2396 2397
f 2442 2396 2441
f 2442 2395 2396
f 2443 2395 2442
f 2443 2394 2395
f 2439 2394 2443
f 2439 2388 2394
f 2440 2379 2444
f 2438 2393 2388
f 2445 2393 2438
f 2445 2392 2393
f 2446 2392 2445
f 2446 2391 2392
f 2447 2391 2446
f 2447 2389 2391
f 2448 2389 2447
f 2448 2390 2389
f 2449 2377 2450
f 2434 2386 2387
f 2451 2386 2434
f 2451 2385 2386
f 2452 2385 2451
f 2452 2384 2385
f 2453 2384 2452
f 2453 2383 2384
f 2450 2383 2453
f 2450 2377 2383
f 2448 2430 2390
f 2449 2382 2377
f 2454 2382 2449
f 2454 2381 2382
f 2455 2381 2454
f 2455 2380 2381
f 2456 2380 2455
f 2456 2378 2380
f 2444 2378 2456
f 2444 2379 2378
f 2449 2457 2454
f 2440 2458 2459
f 2444 2458 2440
f 2444 2460 2458
f 2456 2460 2444
f 2456 2461 2460
f 2455 2461 2456
f 2455 2462 2461
f 2454 2462 2455
f 2454 2457 2462
f 2440 2459 2441
f 2449 2463 2457
f 2450 2463 2449
f 2450 2464 2463
f 2453 2464 2450
f 2453 2465 2464
f 2452 2465 2453
f 2452 2466 2465
f 2451 2466 2452
f 2451 2467 2466
f 2438 2468 2445
f 2430 2469 2470
f 2448 2469 2430
f 2448 2471 2469
f 2447 2471 2448
f 2447 2472 2471
f 2446 2472 2447
f 2446 2473 2472
f 2445 2473 2446
f 2445 2468 2473
f 2434 2467 2451
f 2438 2474 2468
f 2439 2474 2438
f 2439 2475 2474
f 2443 2475 2439
f 2443 2476 2475
f 2442 2476 2443
f 2442 2477 2476
f 2441 2477 2442
f 2441 2459 2477
f 2428 2478 2435
f 2419 2479 2480
f 2423 2479 2419
f 2423 2481 2479
f 2437 2481 2423
f 2437 2482 2481
f 2436 2482 2437
f 2436 2483 2482
f 2435 2483 2436
f 2435 2478 2483
f 2419 2480 2420
f 2428 2484 2478
f 2429 2484 2428
f 2429 2485 2484
f 2433 2485 2429
f 2433 2486 2485
f 2432 2486 2433
f 2432 2487 2486
f 2431 2487 2432
f 2431 2470 2487
f 2417 2488 2424
f 2434 2489 2467
f 2427 2489 2434
f 2427 2490 2489
f 2426 2490 2427
f 2426 2491 2490
f 2425 2491 2426
f 2425 2492 2491
f 2424 2492 2425
f 2424 2488 2492
f 2431 2430 2470
f 2417 2493 2488
f 2418 2493 2417
f 2418 2494 2493
f 2422 2494 2418
f 2422 2495 2494
f 2421 2495 2422
f 2421 2496 2495
f 2420 2496 2421
f 2420 2480 2496
f 2497 2488 2498
f 2499 2496 2480
f 2500 2496 2499
f 2500 2495 2496
f 2501 2495 2500
f 2501 2494 2495
f 2502 2494 2501
f 2502 2493 2494
f 2498 2493 2502
f 2498 2488 2493
f 2499 2480 2503
f 2497 2492 2488
f 2504 2492 2497
f 2504 2491 2492
f 2505 2491 2504
f 2505 2490 2491
f 2506 2490 2505
f 2506 2489 2490
f 2507 2489 2506
f 2507 2467 2489
f 2508 2478 2509
f 2510 2487 2470
f 2511 2487 2510
f 2511 2486 2487
f 2512 2486 2511
f 2512 2485 2486
f 2513 2485 2512
f 2513 2484 2485
f 2509 2484 2513
f 2509 2478 2484
f 2514 2467 2507
f 2508 2483 2478
f 2515 2483 2508
f 2515 2482 2483
f 2516 2482 2515
f 2516 2481 2482
f 2517 2481 2516
f 2517 2479 2481
f 2503 2479 2517
f 2503 2480 2479
f 2518 2468 2519
f 2520 2477 2459
f 2521 2477 2520
f 2521 2476 2477
f 2522 2476 2521
f 2522 2475 2476
f 2523 2475 2522
f 2523 2474 2475
f 2519 2474 2523
f 2519 2468 2474
f 2520 2459 2524
f 2518 2473 2468
f 2525 2473 2518
f 2525 2472 2473
f 2526 2472 2525
f 2526 2471 2472
f 2527 2471 2526
f 2527 2469 2471
f 2528 2469 2527
f 2528 2470 2469
f 2529 2457 2530
f 2514 2466 2467
f 2531 2466 2514
f 2531 2465 2466
f 2532 2465 2531
f 2532 2464 2465
f 2533 2464 2532
f 2533 2463 2464
f 2530 2463 2533
f 2530 2457 2463
f 2528 2510 2470
f 2529 2462 2457
f 2534 2462 2529
f 2534 2461 2462
f 2535 2461 2534
f 2535 2460 2461
f 2536 2460 2535
f 2536 2458 2460
f 2524 2458 2536
f 2524 2459 2458
f 2529 2041 2534
f 2520 2056 2024
f 2524 2056 2520
f 2524 2054 2056
f 2536 2054 2524
f 2536 2052 2054
f 2535 2052 2536
f 2535 2050 2052
f 2534 2050 2535
f 2534 2041 2050
f 2520 2024 2521
f 2529 2049 2041
f 2530 2049 2529
f 2530 2047 2049
f 2533 2047 2530
f 2533 2045 2047
f 2532 2045 2533
f 2532 2043 2045
f 2531 2043 2532
f 2531 1998 2043
f 2518 2020 2525
f 2510 2038 2004
f 2528 2038 2510
f 2528 2036 2038
f 2527 2036 2528
f 2527 2034 2036
f 2526 2034 2527
f 2526 2032 2034
f 2525 2032 2526
f 2525 2020 2032
f 2514 1998 2531
f 2518 2030 2020
f 2519 2030 2518
f 2519 2028 2030
f 2523 2028 2519
f 2523 2026 2028
f 2522 2026 2523
f 2522 2023 2026
f 2521 2023 2522
f 2521 2024 2023
f 2508 2000 2515
f 2499 2018 1982
f 2503 2018 2499
f 2503 2016 2018
f 2517 2016 2503
f 2517 2014 2016
f 2516 2014 2517
f 2516 2012 2014
f 2515 2012 2516
f 2515 2000 2012
f 2499 1982 2500
f 2508 2010 2000
f 2509 2010 2508
f 2509 2008 2010
f 2513 2008 2509
f 2513 2006 2008
f 2512 2006 2513
f 2512 2003 2006
f 2511 2003 2512
f 2511 2004 2003
f 2497 1978 2504
f 2514 1996 1998
f 2507 1996 2514
f 2507 1994 1996
f 2506 1994 2507
f 2506 1992 1994
f 2505 1992 2506
f 2505 1990 1992
f 2504 1990 2505
f 2504 1978 1990
f 2511 2510 2004
f 2497 1988 1978
f 2498 1988 2497
f 2498 1986 1988
f 2502 1986 2498
f 2502 1984 1986
f 2501 1984 2502
f 2501 1981 1984
f 2500 1981 2501
f 2500 1982 1981
f 2537 2248 2538
f 2539 2256 2240
f 2540 2256 2539
f 2540 2255 2256
f 2541 2255 2540
f 2541 2254 2255
f 2542 2254 2541
f 2542 2253 2254
f 2538 2253 2542
f 2538 2248 2253
f 2539 2240 2543
f 2537 2252 2248
f 2544 2252 2537
f 2544 2251 2252
f 2545 2251 2544
f 2545 2250 2251
f 2546 2250 2545
f 2546 2249 2250
f 2547 2249 2546
f 2547 2227 2249
f 2548 2238 2549
f 2550 2247 2230
f 2551 2247 2550
f 2551 2246 2247
f 2552 2246 2551
f 2552 2245 2246
f 2553 2245 2552
f 2553 2244 2245
f 2549 2244 2553
f 2549 2238 2244
f 2554 2227 2547
f 2548 2243 2238
f 2555 2243 2548
f 2555 2242 2243
f 2556 2242 2555
f 2556 2241 2242
f 2557 2241 2556
f 2557 2239 2241
f 2543 2239 2557
f 2543 2240 2239
f 2558 2228 2559
f 2560 2237 2219
f 2561 2237 2560
f 2561 2236 2237
f 2562 2236 2561
f 2562 2235 2236
f 2563 2235 2562
f 2563 2234 2235
f 2559 2234 2563
f 2559 2228 2234
f 2560 2219 2564
f 2558 2233 2228
f 2565 2233 2558
f 2565 2232 2233
f 2566 2232 2565
f 2566 2231 2232
f 2567 2231 2566
f 2567 2229 2231
f 2568 2229 2567
f 2568 2230 2229
f 2569 2217 2570
f 2554 2226 2227
f 2571 2226 2554
f 2571 2225 2226
f 2572 2225 2571
f 2572 2224 2225
f 2573 2224 2572
f 2573 2223 2224
f 2570 2223 2573
f 2570 2217 2223
f 2568 2550 2230
f 2569 2222 2217
f 2574 2222 2569
f 2574 2221 2222
f 2575 2221 2574
f 2575 2220 2221
f 2576 2220 2575
f 2576 2218 2220
f 2564 2218 2576
f 2564 2219 2218
f 2569 2577 2574
f 2560 2578 2579
f 2564 2578 2560
f 2564 2580 2578
f 2576 2580 2564
f 2576 2581 2580
f 2575 2581 2576
f 2575 2582 2581
f 2574 2582 2575
f 2574 2577 2582
f 2560 2579 2561
f 2569 2583 2577
f 2570 2583 2569
f 2570 2584 2583
f 2573 2584 2570
f 2573 2585 2584
f 2572 2585 2573
f 2572 2586 2585
f 2571 2586 2572
f 2571 2587 2586
f 2558 2588 2565
f 2550 2589 2590
f 2568 2589 2550
f 2568 2591 2589
f 2567 2591 2568
f 2567 2592 2591
f 2566 2592 2567
f 2566 2593 2592
f 2565 2593 2566
f 2565 2588 2593
f 2554 2587 2571
f 2558 2594 2588
f 2559 2594 2558
f 2559 2595 2594
f 2563 2595 2559
f 2563 2596 2595
f 2562 2596 2563
f 2562 2597 2596
f 2561 2597 2562
f 2561 2579 2597
f 2548 2598 2555
f 2539 2599 2600
f 2543 2599 2539
f 2543 2601 2599
f 2557 2601 2543
f 2557 2602 2601
f 2556 2602 2557
f 2556 2603 2602
f 2555 2603 2556
f 2555 2598 2603
f 2539 2600 2540
f 2548 2604 2598
f 2549 2604 2548
f 2549 2605 2604
f 2553 2605 2549
f 2553 2606 2605
f 2552 2606 2553
f 2552 2607 2606
f 2551 2607 2552
f 2551 2590 2607
f 2537 2608 2544
f 2554 2609 2587
f 2547 2609 2554
f 2547 2610 2609
f 2546 2610 2547
f 2546 2611 2610
f 2545 2611 2546
f 2545 2612 2611
f 2544 2612 2545
f 2544 2608 2612
f 2551 2550 2590
f 2537 2613 2608
f 2538 2613 2537
f 2538 2614 2613
f 2542 2614 2538
f 2542 2615 2614
f 2541 2615 2542
f 2541 2616 2615
f 2540 2616 2541
f 2540 2600 2616
f 2617 2608 2618
f 2619 2616 2600
f 2620 2616 2619
f 2620 2615 2616
f 2621 2615 2620
f 2621 2614 2615
f 2622 2614 2621
f 2622 2613 2614
f 2618 2613 2622
f 2618 2608 2613
f 2619 2600 2623
f 2617 2612 2608
f 2624 2612 2617
f 2624 2611 2612
f 2625 2611 2624
f 2625 2610 2611
f 2626 2610 2625
f 2626 2609 2610
f 2627 2609 2626
f 2627 2587 2609
f 2628 2598 2629
f 2630 2607 2590
f 2631 2607 2630
f 2631 2606 2607
f 2632 2606 2631
f 2632 2605 2606
f 2633 2605 2632
f 2633 2604 2605
f 2629 2604 2633
f 2629 2598 2604
f 2634 2587 2627
f 2628 2603 2598
f 2635 2603 2628
f 2635 2602 2603
f 2636 2602 2635
f 2636 2601 2602
f 2637 2601 2636
f 2637 2599 2601
f 2623 2599 2637
f 2623 2600 2599
f 2638 2588 2639
f 2640 2597 2579
f 2641 2597 2640
f 2641 2596 2597
f 2642 2596 2641
f 2642 2595 2596
f 2643 2595 2642
f 2643 2594 2595
f 2639 2594 2643
f 2639 2588 2594
f 2640 2579 2644
f 2638 2593 2588
f 2645 2593 2638
f 2645 2592 2593
f 2646 2592 2645
f 2646 2591 2592
f 2647 2591 2646
f 2647 2589 2591
f 2648 2589 2647
f 2648 2590 2589
f 2649 2577 2650
f 2634 2586 2587
f 2651 2586 2634
f 2651 2585 2586
f 2652 2585 2651
f 2652 2584 2585
f 2653 2584 2652
f 2653 2583 2584
f 2650 2583 2653
f 2650 2577 2583
f 2648 2630 2590
f 2649 2582 2577
f 2654 2582 2649
f 2654 2581 2582
f 2655 2581 2654
f 2655 2580 2581
f 2656 2580 2655
f 2656 2578 2580
f 2644 2578 2656
f 2644 2579 2578
f 2649 2657 2654
f 2640 2658 2659
f 2644 2658 2640
f 2644 2660 2658
f 2656 2660 2644
f 2656 2661 2660
f 2655 2661 2656
f 2655 2662 2661
f 2654 2662 2655
f 2654 2657 2662
f 2640 2659 2641
f 2649 2663 2657
f 2650 2663 2649
f 2650 2664 2663
f 2653 2664 2650
f 2653 2665 2664
f 2652 2665 2653
f 2652 2666 2665
f 2651 2666 2652
f 2651 2667 2666
f 2638 2668 2645
f 2630 2669 2670
f 2648 2669 2630
f 2648 2671 2669
f 2647 2671 2648
f 2647 2672 2671
f 2646 2672 2647
f 2646 2673 2672
f 2645 2673 2646
f 2645 2668 2673
f 2634 2667 2651
f 2638 2674 2668
f 2639 2674 2638
f 2639 2675 2674
f 2643 2675 2639
f 2643 2676 2675
f 2642 2676 2643
f 2642 2677 2676
f 2641 2677 2642
f 2641 2659 2677
f 2628 2678 2635
f 2619 2679 2680
f 2623 2679 2619
f 2623 2681 2679
f 2637 2681 2623
f 2637 2682 2681
f 2636 2682 2637
f 2636 2683 2682
f 2635 2683 2636
f 2635 2678 2683
f 2619 2680 2620
f 2628 2684 2678
f 2629 2684 2628
f 2629 2685 2684
f 2633 2685 2629
f 2633 2686 2685
f 2632 2686 2633
f 2632 2687 2686
f 2631 2687 2632
f 2631 2670 2687
f 2617 2688 2624
f 2634 2689 2667
f 2627 2689 2634
f 2627 2690 2689
f 2626 2690 2627
f 2626 2691 2690
f 2625 2691 2626
f 2625 2692 2691
f 2624 2692 2625
f 2624 2688 2692
f 2631 2630 2670
f 2617 2693 2688
f 2618 2693 2617
f 2618 2694 2693
f 2622 2694 2618
f 2622 2695 2694
f 2621 2695 2622
f 2621 2696 2695
f 2620 2696 2621
f 2620 2680 2696
f 2697 2688 2698
f 2699 2696 2680
f 2700 2696 2699
f 2700 2695 2696
f 2701 2695 2700
f 2701 2694 2695
f 2702 2694 2701
f 2702 2693 2694
f 2698 2693 2702
f 2698 2688 2693
f 2699 2680 2703
f 2697 2692 2688
f 2704 2692 2697
f 2704 2691 2692
f 2705 2691 2704
f 2705 2690 2691
f 2706 2690 2705
f 2706 2689 2690
f 2707 2689 2706
f 2707 2667 2689
f 2708 2678 2709
f 2710 2687 2670
f 2711 2687 2710
f 2711 2686 2687
f 2712 2686 2711
f 2712 2685 2686
f 2713 2685 2712
f 2713 2684 2685
f 2709 2684 2713
f 2709 2678 2684
f 2714 2667 2707
f 2708 2683 2678
f 2715 2683 2708
f 2715 2682 2683
f 2716 2682 2715
f 2716 2681 2682
f 2717 2681 2716
f 2717 2679 2681
f 2703 2679 2717
f 2703 2680 2679
f 2718 2668 2719
f 2720 2677 2659
f 2721 2677 2720
f 2721 2676 2677
f 2722 2676 2721
f 2722 2675 2676
f 2723 2675 2722
f 2723 2674 2675
f 2719 2674 2723
f 2719 2668 2674
f 2720 2659 2724
f 2718 2673 2668
f 2725 2673 2718
f 2725 2672 2673
f 2726 2672 2725
f 2726 2671 2672
f 2727 2671 2726
f 2727 2669 2671
f 2728 2669 2727
f 2728 2670 2669
f 2729 2657 2730
f 2714 2666 2667
f 2731 2666 2714
f 2731 2665 2666
f 2732 2665 2731
f 2732 2664 2665
f 2733 2664 2732
f 2733 2663 2664
f 2730 2663 2733
f 2730 2657 2663
f 2728 2710 2670
f 2729 2662 2657
f 2734 2662 2729
f 2734 2661 2662
f 2735 2661 2734
f 2735 2660 2661
f 2736 2660 2735
f 2736 2658 2660
f 2724 2658 2736
f 2724 2659 2658
f 2729 2737 2734
f 2720 2738 2739
f 2724 2738 2720
f 2724 2740 2738
f 2736 2740 2724
f 2736 2741 2740
f 2735 2741 2736
f 2735 2742 2741
f 2734 2742 2735
f 2734 2737 2742
f 2720 2739 2721
f 2729 2743 2737
f 2730 2743 2729
f 2730 2744 2743
f 2733 2744 2730
f 2733 2745 2744
f 2732 2745 2733
f 2732 2746 2745
f 2731 2746 2732
f 2731 2747 2746
f 2718 2748 2725
f 2710 2749 2750
f 2728 2749 2710
f 2728 2751 2749
f 2727 2751 2728
f 2727 2752 2751
f 2726 2752 2727
f 2726 2753 2752
f 2725 2753 2726
f 2725 2748 2753
f 2714 2747 2731
f 2718 2754 2748
f 2719 2754 2718
f 2719 2755 2754
f 2723 2755 2719
f 2723 2756 2755
f 2722 2756 2723
f 2722 2757 2756
f 2721 2757 2722
f 2721 2739 2757
f 2708 2758 2715
f 2699 2759 2760
f 2703 2759 2699
f 2703 2761 2759
f 2717 2761 2703
f 2717 2762 2761
f 2716 2762 2717
f 2716 2763 2762
f 2715 2763 2716
f 2715 2758 2763
f 2699 2760 2700
f 2708 2764 2758
f 2709 2764 2708
f 2709 2765 2764
f 2713 2765 2709
f 2713 2766 2765
f 2712 2766 2713
f 2712 2767 2766
f 2711 2767 2712
f 2711 2750 2767
f 2697 2768 2704
f 2714 2769 2747
f 2707 2769 2714
f 2707 2770 2769
f 2706 2770 2707
f 2706 2771 2770
f 2705 2771 2706
f 2705 2772 2771
f 2704 2772 2705
f 2704 2768 2772
f 2711 2710 2750
f 2697 2773 2768
f 2698 2773 2697
f 2698 2774 2773
f 2702 2774 2698
f 2702 2775 2774
f 2701 2775 2702
f 2701 2776 2775
f 2700 2776 2701
f 2700 2760 2776
f 2777 2768 2778
f 2779 2776 2760
f 2780 2776 2779
f 2780 2775 2776
f 2781 2775 2780
f 2781 2774 2775
f 2782 2774 2781
f 2782 2773 2774
f 2778 2773 2782
f 2778 2768 2773
f 2779 2760 2783
f 2777 2772 2768
f 2784 2772 2777
f 2784 2771 2772
f 2785 2771 2784
f 2785 2770 2771
f 2786 2770 2785
f 2786 2769 2770
f 2787 2769 2786
f 2787 2747 2769
f 2788 2758 2789
f 2790 2767 2750
f 2791 2767 2790
f 2791 2766 2767
f 2792 2766 2791
f 2792 2765 2766
f 2793 2765 2792
f 2793 2764 2765
f 2789 2764 2793
f 2789 2758 2764
f 2794 2747 2787
f 2788 2763 2758
f 2795 2763 2788
f 2795 2762 2763
f 2796 2762 2795
f 2796 2761 2762
f 2797 2761 2796
f 2797 2759 2761
f 2783 2759 2797
f 2783 2760 2759
f 2798 2748 2799
f 2800 2757 2739
f 2801 2757 2800
f 2801 2756 2757
f 2802 2756 2801
f 2802 2755 2756
f 2803 2755 2802
f 2803 2754 2755
f 2799 2754 2803
f 2799 2748 2754
f 2800 2739 2804
f 2798 2753 2748
f 2805 2753 2798
f 2805 2752 2753
f 2806 2752 2805
f 2806 2751 2752
f 2807 2751 2806
f 2807 2749 2751
f 2808 2749 2807
f 2808 2750 2749
f 2809 2737 2810
f 2794 2746 2747
f 2811 2746 2794
f 2811 2745 2746
f 2812 2745 2811
f 2812 2744 2745
f 2813 2744 2812
f 2813 2743 2744
f 2810 2743 2813
f 2810 2737 2743
f 2808 2790 2750
f 2809 2742 2737
f 2814 2742 2809
f 2814 2741 2742
f 2815 2741 2814
f 2815 2740 2741
f 2816 2740 2815
f 2816 2738 2740
f 2804 2738 2816
f 2804 2739 2738
f 2817 2818 2819
f 2820 2821 2822
f 2820 2822 2823
f 2820 2823 2824
f 2820 2824 2825
f 2825 2824 2826
f 2825 2826 2827
f 2825 2827 2817
f 2817 2827 2828
f 2817 2828 2818
f 2829 2821 2820
f 2817 2819 2830
f 2830 2819 2831
f 2830 2831 2832
f 2830 2832 2833
f 2833 2832 2834
f 2833 2834 2835
f 2833 2835 2836
f 2833 2836 2837
f 2838 2839 2840
f 2841 2842 2843
f 2841 2843 2844
f 2844 2843 2845
f 2844 2845 595
f 2844 595 2846
f 2846 595 2847
f 2846 2847 2839
f 2846 2839 2838
f 2837 2836 2848
f 2838 2840 2849
f 2838 2849 2850
f 2850 2849 2851
f 2850 2851 2852
f 2850 2852 2853
f 2850 2853 2829
f 2829 2853 2854
f 2829 2854 2821
f 2855 2856 2857
f 2858 2859 2860
f 2858 2860 2861
f 2861 2860 2862
f 2861 2862 2863
f 2861 2863 2864
f 2864 2863 2865
f 2864 2865 2866
f 2864 2866 2856
f 2864 2856 2855
f 2858 2867 2859
f 2855 2857 2868
f 2855 2868 2869
f 2869 2868 2870
f 2869 2870 2871
f 2869 2871 2872
f 2869 2872 2873
f 2873 2872 2874
f 2873 2874 2875
f 2876 2877 2878
f 2837 2848 2879
f 2837 2879 2880
f 2837 2880 2881
f 2881 2880 2882
f 2881 2882 2883
f 2881 2883 2884
f 2881 2884 2876
f 2876 2884 2877
f 2841 2885 2842
f 2876 2878 2886
f 2876 2886 2887
f 2887 2886 588
f 2887 588 2888
f 2887 2888 2889
f 2889 2888 2890
f 2889 2890 2867
f 2889 2867 2858
f 2891 2892 2893
f 2894 2895 2896
f 2894 2896 2897
f 2897 2896 2898
f 2897 2898 2899
f 2897 2899 2900
f 2900 2899 2901
f 2900 2901 2891
f 2891 2901 2902
f 2891 2902 2892
f 2894 2903 2895
f 2893 2892 2904
f 2893 2904 2905
f 2893 2905 2906
f 2893 2906 2907
f 2907 2906 2908
f 2907 2908 2909
f 2907 2909 2910
f 2910 2909 2911
f 2912 2913 2914
f 2915 2916 2917
f 2915 2917 2918
f 2915 2918 2919
f 2915 2919 2920
f 2920 2919 2921
f 2920 2921 2922
f 2920 2922 2913
f 2920 2913 2912
f 2910 2911 2923
f 2912 2914 2924
f 2912 2924 2925
f 2912 2925 2926
f 2926 2925 2927
f 2926 2927 2928
f 2926 2928 2929
f 2926 2929 2894
f 2894 2929 2903
f 2930 2931 2932
f 2933 2934 2935
f 2935 2934 2936
f 2935 2936 2937
f 2935 2937 2938
f 2935 2938 2930
f 2930 2938 2939
f 2930 2939 2940
f 2930 2940 2931
f 2933 2941 2934
f 2932 2931 2942
f 2932 2942 2943
f 2932 2943 2944
f 2932 2944 2945
f 2932 2945 2946
f 2946 2945 2947
f 2946 2947 2885
f 2946 2885 2841
f 2948 2949 2950
f 2910 2923 2951
f 2910 2951 2952
f 2952 2951 2953
f 2952 2953 2954
f 2952 2954 2948
f 2948 2954 2955
f 2948 2955 2956
f 2948 2956 2949
f 2873 2875 2957
f 2950 2949 2958
f 2950 2958 2959
f 2950 2959 2960
f 2960 2959 2961
f 2960 2961 2962
f 2960 2962 2963
f 2960 2963 2933
f 2933 2963 2941
f 2894 2964 2965
f 2907 2966 2893
f 2893 2966 2967
f 2893 2967 2891
f 2891 2967 2968
f 2891 2968 2900
f 2900 2968 2969
f 2900 2969 2897
f 2897 2969 2964
f 2897 2964 2894
f 2907 2970 2966
f 2894 2965 2926
f 2926 2965 2971
f 2926 2971 2912
f 2912 2971 2972
f 2912 2972 2920
f 2920 2972 2973
f 2920 2973 2915
f 2915 2973 2974
f 2960 2975 2950
f 2932 2976 2930
f 2930 2976 2977
f 2930 2977 2935
f 2935 2977 2978
f 2935 2978 2933
f 2933 2978 2979
f 2933 2979 2960
f 2960 2979 2975
f 2915 2974 2980
f 2950 2975 2981
f 2950 2981 2948
f 2948 2981 2982
f 2948 2982 2952
f 2952 2982 2983
f 2952 2983 2910
f 2910 2983 2970
f 2910 2970 2907
f 2984 2985 2986
f 2987 2988 2989
f 2987 2989 2990
f 2990 2989 2991
f 2990 2991 2992
f 2992 2991 2993
f 2992 2993 2994
f 2994 2993 2995
f 2994 2995 2984
f 2984 2995 2985
f 2996 2988 2987
f 2986 2985 2997
f 2986 2997 2998
f 2998 2997 2999
f 2998 2999 3000
f 3000 2999 3001
f 3000 3001 3002
f 3002 3001 3003
f 3002 3003 3004
f 3005 3006 3007
f 2980 2974 3008
f 2980 3008 3009
f 3009 3008 3010
f 3009 3010 3011
f 3011 3010 3012
f 3011 3012 3013
f 3013 3012 3006
f 3013 3006 3005
f 2932 3014 2976
f 3005 3007 3015
f 3015 3007 3016
f 3015 3016 3017
f 3017 3016 3018
f 3017 3018 3019
f 3019 3018 3020
f 3019 3020 2996
f 2996 3020 2988
f 2873 3021 2869
f 3022 3023 3024
f 3022 3024 3025
f 3025 3024 3026
f 3025 3026 3027
f 3027 3026 3028
f 3027 3028 2957
f 2957 3028 3029
f 2957 3029 2873
f 2873 3029 3021
f 3022 3030 3023
f 2869 3021 3031
f 2869 3031 2855
f 2855 3031 3032
f 2855 3032 2864
f 2864 3032 3033
f 2864 3033 2861
f 2861 3033 3034
f 2861 3034 2858
f 3025 3035 3036
f 2957 2875 3037
f 2957 3037 3038
f 2957 3038 583
f 2957 583 3027
f 3027 583 3039
f 3027 3039 3040
f 3027 3040 3025
f 3025 3040 3035
f 2858 3034 3041
f 3025 3036 3042
f 3025 3042 3022
f 3022 3042 3043
f 3022 3043 3044
f 3044 3043 3045
f 3044 3045 591
f 3022 3044 3046
f 3022 3046 3030
f 2838 3047 2846
f 2825 3048 2820
f 2820 3048 3049
f 2820 3049 2829
f 2829 3049 3050
f 2829 3050 2850
f 2850 3050 3051
f 2850 3051 2838
f 2838 3051 3047
f 2825 3052 3048
f 2846 3047 3053
f 2846 3053 2844
f 2844 3053 3054
f 2844 3054 2841
f 2841 3054 3055
f 2841 3055 2946
f 2946 3055 3014
f 2946 3014 2932
f 2881 3056 2837
f 2858 3041 2889
f 2889 3041 3057
f 2889 3057 2887
f 2887 3057 3058
f 2887 3058 2876
f 2876 3058 3059
f 2876 3059 2881
f 2881 3059 3056
f 2980 2916 2915
f 2837 3056 3060
f 2837 3060 2833
f 2833 3060 3061
f 2833 3061 2830
f 2830 3061 3062
f 2830 3062 2817
f 2817 3062 3052
f 2817 3052 2825
f 2976 3063 3064
f 3054 3065 3055
f 3055 3065 3066
f 3055 3066 3067
f 3055 3067 3014
f 3014 3067 3068
f 3014 3068 3069
f 3014 3069 3070
f 3014 3070 3063
f 3014 3063 2976
f 3054 3071 3065
f 2976 3064 3072
f 2976 3072 3073
f 2976 3073 2977
f 2977 3073 3074
f 2977 3074 3075
f 2977 3075 3076
f 2977 3076 2978
f 2978 3076 3077
f 3051 3078 3079
f 3049 3080 3081
f 3049 3081 3082
f 3049 3082 3050
f 3050 3082 3083
f 3050 3083 3084
f 3050 3084 3085
f 3050 3085 3051
f 3051 3085 3078
f 2978 3077 3086
f 3051 3079 3047
f 3047 3079 3087
f 3047 3087 3088
f 3047 3088 3053
f 3053 3088 3089
f 3053 3089 3054
f 3054 3089 3090
f 3054 3090 3071
f 2967 3091 3092
f 2983 3093 2970
f 2970 3093 3094
f 2970 3094 3095
f 2970 3095 2966
f 2966 3095 3096
f 2966 3096 3097
f 2966 3097 3098
f 2966 3098 2967
f 2967 3098 3091
f 2983 3099 3093
f 2967 3092 2968
f 2968 3092 3100
f 2968 3100 2969
f 2969 3100 3101
f 2969 3101 2964
f 2964 3101 3102
f 2964 3102 3103
f 2964 3103 3104
f 2981 3105 3106
f 2978 3086 2979
f 2979 3086 3107
f 2979 3107 3108
f 2979 3108 3109
f 2979 3109 2975
f 2975 3109 3110
f 2975 3110 3105
f 2975 3105 2981
f 3048 3080 3049
f 2981 3106 3111
f 2981 3111 3112
f 2981 3112 2982
f 2982 3112 3113
f 2982 3113 3114
f 2982 3114 2983
f 2983 3114 3115
f 2983 3115 3099
f 3032 3116 3117
f 3029 3118 3119
f 3029 3119 3021
f 3021 3119 3120
f 3021 3120 3121
f 3021 3121 3122
f 3021 3122 3031
f 3031 3122 3123
f 3031 3123 3116
f 3031 3116 3032
f 3029 3124 3118
f 3032 3117 3125
f 3032 3125 3126
f 3032 3126 3033
f 3033 3126 3127
f 3033 3127 3034
f 3034 3127 3128
f 3034 3128 3129
f 3034 3129 3130
f 3024 3131 3132
f 3023 3133 3134
f 3023 3134 3135
f 3023 3135 3136
f 3023 3136 3137
f 3023 3137 3138
f 3023 3138 3024
f 3024 3138 3139
f 3024 3139 3131
f 3034 3130 3041
f 3024 3132 3026
f 3026 3132 3140
f 3026 3140 3141
f 3026 3141 3028
f 3028 3141 3142
f 3028 3142 3143
f 3028 3143 3124
f 3028 3124 3029
f 3062 3144 3145
f 3060 3146 3147
f 3060 3147 3148
f 3060 3148 3149
f 3060 3149 3061
f 3061 3149 3150
f 3061 3150 3151
f 3061 3151 3062
f 3062 3151 3144
f 3056 3146 3060
f 3062 3145 3152
f 3062 3152 3052
f 3052 3152 3153
f 3052 3153 3154
f 3052 3154 3048
f 3048 3154 3155
f 3048 3155 3156
f 3048 3156 3080
f 3058 3157 3158
f 3041 3130 3159
f 3041 3159 3160
f 3041 3160 3057
f 3057 3160 3161
f 3057 3161 3162
f 3057 3162 3058
f 3058 3162 3163
f 3058 3163 3157
f 2964 3104 3164
f 3058 3158 3059
f 3059 3158 3165
f 3059 3165 3166
f 3059 3166 3167
f 3059 3167 3056
f 3056 3167 3168
f 3056 3168 3169
f 3056 3169 3146
f 2984 3170 3171
f 3000 3172 3173
f 3000 3173 2998
f 2998 3173 3174
f 2998 3174 3175
f 2998 3175 2986
f 2986 3175 3176
f 2986 3176 3177
f 2986 3177 2984
f 2984 3177 3170
f 3002 3172 3000
f 2984 3171 2994
f 2994 3171 3178
f 2994 3178 3179
f 2994 3179 2992
f 2992 3179 3180
f 2992 3180 3181
f 2992 3181 3182
f 2992 3182 2990
f 3004 3030 3046
f 3001 3183 3184
f 3001 3184 3003
f 3003 3184 3185
f 3003 3185 3133
f 3133 3185 3186
f 3133 3186 3134
f 3003 3133 3030
f 3003 3030 3004
f 2990 3182 3187
f 3004 3046 3044
f 3004 3044 3188
f 3188 3044 591
f 3004 3188 3189
f 3004 3189 3190
f 3004 3190 3002
f 3002 3190 3191
f 3002 3191 3172
f 3011 3192 3193
f 3015 3194 573
f 3015 573 3005
f 3005 573 3195
f 3005 3195 3196
f 3005 3196 3013
f 3013 3196 3197
f 3013 3197 3198
f 3013 3198 3192
f 3013 3192 3011
f 3015 3199 3194
f 3011 3193 3200
f 3011 3200 3009
f 3009 3200 561
f 3009 561 3201
f 3009 3201 3202
f 3009 3202 2980
f 2980 3202 3203
f 2980 3203 2916
f 2996 3204 3019
f 2990 3187 3205
f 2990 3205 2987
f 2987 3205 576
f 2987 576 3206
f 2987 3206 3207
f 2987 3207 2996
f 2996 3207 3208
f 2996 3208 3204
f 2999 3183 3001
f 3019 3204 3209
f 3019 3209 3210
f 3019 3210 3211
f 3019 3211 3017
f 3017 3211 3212
f 3017 3212 3213
f 3017 3213 3015
f 3015 3213 3199
f 3012 3214 3215
f 2974 3216 3217
f 2974 3217 3008
f 3008 3217 3218
f 3008 3218 3219
f 3008 3219 3220
f 3008 3220 3010
f 3010 3220 3221
f 3010 3221 3214
f 3010 3214 3012
f 2974 3222 3216
f 3012 3215 3223
f 3012 3223 3224
f 3012 3224 3006
f 3006 3224 3225
f 3006 3225 3226
f 3006 3226 3007
f 3007 3226 3227
f 3007 3227 3228
f 2971 3229 2972
f 2964 3164 2965
f 2965 3164 3230
f 2965 3230 3231
f 2965 3231 3232
f 2965 3232 2971
f 2971 3232 3233
f 2971 3233 3234
f 2971 3234 3229
f 3007 3228 3235
f 2972 3229 3236
f 2972 3236 3237
f 2972 3237 3238
f 2972 3238 2973
f 2973 3238 3239
f 2973 3239 3240
f 2973 3240 3222
f 2973 3222 2974
f 2995 3241 3242
f 2991 3243 3244
f 2991 3244 3245
f 2991 3245 3246
f 2991 3246 2993
f 2993 3246 3247
f 2993 3247 3248
f 2993 3248 2995
f 2995 3248 3241
f 2989 3243 2991
f 2995 3242 2985
f 2985 3242 3249
f 2985 3249 2997
f 2997 3249 3250
f 2997 3250 3251
f 2997 3251 3252
f 2997 3252 2999
f 2999 3252 3183
f 3020 3253 3254
f 3007 3235 3016
f 3016 3235 3255
f 3016 3255 3256
f 3016 3256 3018
f 3018 3256 3257
f 3018 3257 3258
f 3018 3258 3253
f 3018 3253 3020
f 3030 3133 3023
f 3020 3254 3259
f 3020 3259 2988
f 2988 3259 3260
f 2988 3260 3261
f 2988 3261 3262
f 2988 3262 2989
f 2989 3262 3263
f 2989 3263 3243
f 2809 3264 2814
f 2800 3265 3218
f 2804 3265 2800
f 2804 3266 3265
f 2816 3266 2804
f 2816 3267 3266
f 2815 3267 2816
f 2815 3268 3267
f 2814 3268 2815
f 2814 3264 3268
f 2800 3218 2801
f 2809 3269 3264
f 2810 3269 2809
f 2810 3270 3269
f 2813 3270 2810
f 2813 3271 3270
f 2812 3271 2813
f 2812 3272 3271
f 2811 3272 2812
f 2811 3134 3272
f 2798 3273 2805
f 2790 3274 3275
f 2808 3274 2790
f 2808 3276 3274
f 2807 3276 2808
f 2807 3277 3276
f 2806 3277 2807
f 2806 3278 3277
f 2805 3278 2806
f 2805 3273 3278
f 2794 3134 2811
f 2798 3279 3273
f 2799 3279 2798
f 2799 3280 3279
f 2803 3280 2799
f 2803 3281 3280
f 2802 3281 2803
f 2802 3282 3281
f 2801 3282 2802
f 2801 3218 3282
f 2788 3087 2795
f 2779 3283 3284
f 2783 3283 2779
f 2783 3285 3283
f 2797 3285 2783
f 2797 3286 3285
f 2796 3286 2797
f 2796 3287 3286
f 2795 3287 2796
f 2795 3087 3287
f 2779 3284 2780
f 2788 3288 3087
f 2789 3288 2788
f 2789 3289 3288
f 2793 3289 2789
f 2793 3290 3289
f 2792 3290 2793
f 2792 3291 3290
f 2791 3291 2792
f 2791 3275 3291
f 2777 3292 2784
f 2794 3293 3134
f 2787 3293 2794
f 2787 3140 3293
f 2786 3140 2787
f 2786 3294 3140
f 2785 3294 2786
f 2785 3295 3294
f 2784 3295 2785
f 2784 3292 3295
f 2791 2790 3275
f 2777 3296 3292
f 2778 3296 2777
f 2778 3160 3296
f 2782 3160 2778
f 2782 3297 3160
f 2781 3297 2782
f 2781 3298 3297
f 2780 3298 2781
f 2780 3284 3298
f 113 125 114
f 113 114 125
f 350 349 348
f 348 347 350
f 373 372 363
f 363 351 373
f 349 363 372
f 372 348 349
f 393 395 394
f 363 397 396
f 436 437 372
f 438 440 439
f 469 466 468
f 471 468 470
f 580 716 581
f 586 718 587
f 727 568 567
f 732 563 562
f 591 733 582
f 576 740 577
f 572 561 738
f 717 596 595
f 768 767 759
f 759 760 768
f 768 760 761
f 761 769 768
f 761 762 770
f 770 769 761
f 784 783 775
f 775 776 784
f 784 776 777
f 777 785 784
f 777 778 786
f 786 785 777
f 800 799 791
f 791 792 800
f 800 792 793
f 793 801 800
f 793 794 802
f 802 801 793
f 816 815 807
f 807 808 816
f 816 808 809
f 809 817 816
f 809 810 818
f 818 817 809
f 832 831 823
f 823 824 832
f 832 824 825
f 825 833 832
f 825 826 834
f 834 833 825
f 848 847 839
f 839 840 848
f 848 840 841
f 841 849 848
f 841 842 850
f 850 849 841
f 864 863 855
f 855 856 864
f 864 856 857
f 857 865 864
f 857 858 866
f 866 865 857
f 880 879 871
f 871 872 880
f 880 872 873
f 873 881 880
f 873 874 882
f 882 881 873
f 896 895 887
f 887 888 896
f 896 888 889
f 889 897 896
f 889 890 898
f 898 897 889
f 912 911 903
f 903 904 912
f 912 904 905
f 905 913 912
f 905 906 914
f 914 913 905
f 928 927 919
f 919 920 928
f 928 920 921
f 921 929 928
f 921 922 930
f 930 929 921
f 944 943 935
f 935 936 944
f 944 936 937
f 937 945 944
f 937 938 946
f 946 945 937
f 960 959 951
f 951 952 960
f 960 952 953
f 953 961 960
f 953 954 962
f 962 961 953
f 976 975 967
f 967 968 976
f 976 968 969
f 969 977 976
f 969 970 978
f 978 977 969
f 992 991 983
f 983 984 992
f 992 984 985
f 985 993 992
f 985 986 994
f 994 993 985
f 1008 1007 999
f 999 1000 1008
f 1008 1000 1001
f 1001 1009 1008
f 1001 1002 1010
f 1010 1009 1001
f 1024 1023 1015
f 1015 1016 1024
f 1024 1016 1017
f 1017 1025 1024
f 1017 1018 1026
f 1026 1025 1017
f 1040 1039 1031
f 1031 1032 1040
f 1040 1032 1033
f 1033 1041 1040
f 1033 1034 1042
f 1042 1041 1033
f 1056 1055 1047
f 1047 1048 1056
f 1056 1048 1049
f 1049 1057 1056
f 1049 1050 1058
f 1058 1057 1049
f 1072 1071 1063
f 1063 1064 1072
f 1072 1064 1065
f 1065 1073 1072
f 1065 1066 1074
f 1074 1073 1065
f 1088 1087 1079
f 1079 1080 1088
f 1088 1080 1081
f 1081 1089 1088
f 1081 1082 1090
f 1090 1089 1081
f 1104 1103 1095
f 1095 1096 1104
f 1104 1096 1097
f 1097 1105 1104
f 1097 1098 1106
f 1106 1105 1097
f 1120 1119 1111
f 1111 1112 1120
f 1120 1112 1113
f 1113 1121 1120
f 1113 1114 1122
f 1122 1121 1113
f 1136 1135 1127
f 1127 1128 1136
f 1136 1128 1129
f 1129 1137 1136
f 1129 1130 1138
f 1138 1137 1129
f 1152 1151 1143
f 1143 1144 1152
f 1152 1144 1145
f 1145 1153 1152
f 1145 1146 1154
f 1154 1153 1145
f 1168 1167 1159
f 1159 1160 1168
f 1168 1160 1161
f 1161 1169 1168
f 1161 1162 1170
f 1170 1169 1161
f 1184 1183 1175
f 1175 1176 1184
f 1184 1176 1177
f 1177 1185 1184
f 1177 1178 1186
f 1186 1185 1177
f 1200 1199 1191
f 1191 1192 1200
f 1200 1192 1193
f 1193 1201 1200
f 1193 1194 1202
f 1202 1201 1193
f 1216 1215 1207
f 1207 1208 1216
f 1216 1208 1209
f 1209 1217 1216
f 1209 1210 1218
f 1218 1217 1209
f 1232 1231 1223
f 1223 1224 1232
f 1232 1224 1225
f 1225 1233 1232
f 1225 1226 1234
f 1234 1233 1225
f 1248 1247 1239
f 1239 1240 1248
f 1248 1240 1241
f 1241 1249 1248
f 1241 1242 1250
f 1250 1249 1241
f 1264 1263 1255
f 1255 1256 1264
f 1264 1256 1257
f 1257 1265 1264
f 1257 1258 1266
f 1266 1265 1257
f 1280 1279 1271
f 1271 1272 1280
f 1280 1272 1273
f 1273 1281 1280
f 1273 1274 1282
f 1282 1281 1273
f 1296 1295 1287
f 1287 1288 1296
f 1296 1288 1289
f 1289 1297 1296
f 1289 1290 1298
f 1298 1297 1289
f 1312 1311 1303
f 1303 1304 1312
f 1312 1304 1305
f 1305 1313 1312
f 1305 1306 1314
f 1314 1313 1305
f 1328 1327 1319
f 1319 1320 1328
f 1328 1320 1321
f 1321 1329 1328
f 1321 1322 1330
f 1330 1329 1321
f 1344 1343 1335
f 1335 1336 1344
f 1344 1336 1337
f 1337 1345 1344
f 1337 1338 1346
f 1346 1345 1337
f 1360 1359 1351
f 1351 1352 1360
f 1360 1352 1353
f 1353 1361 1360
f 1353 1354 1362
f 1362 1361 1353
f 1376 1375 1367
f 1367 1368 1376
f 1376 1368 1369
f 1369 1377 1376
f 1369 1370 1378
f 1378 1377 1369
f 1392 1391 1383
f 1383 1384 1392
f 1392 1384 1385
f 1385 1393 1392
f 1385 1386 1394
f 1394 1393 1385
f 1570 1580 1588
f 1588 1569 1570
f 1632 438 394
f 394 1603 1632
f 1765 1634 1635
f 1767 1639 1640
f 1775 1614 1615
f 1782 1618 1619
f 1621 1787 1620
f 1788 1646 1617
f 1770 1642 1643
f 1611 1794 1610
f 1810 438 1632
f 1632 1809 1810
f 1809 1632 1603
f 1603 1811 1809
f 1580 1813 1812
f 1812 1588 1580
f 1570 1814 1813
f 1813 1580 1570
f 1815 394 438
f 438 1810 1815
f 1811 1603 394
f 394 1815 1811
f 1819 1820 1809
f 1822 1821 1811
f 1820 1819 1809
f 1839 1838 1815
f 1834 1845 1849
f 1849 1835 1834
f 1859 1858 1857
f 1857 1856 1859
f 1588 1812 1860
f 1860 1569 1588
f 1569 1860 1814
f 1814 1570 1569