# https://github.com/mikedh/trimesh
v -0.02093442 0.01283363 0.04300259
v -0.02093442 0.01283363 0.04328744
v -0.02093442 0.01325476 0.04328744
v -0.02093442 0.01325476 0.04300259
v 0.02080406 0.01325476 0.04300259
v 0.02080406 0.01325476 0.04328744
v 0.02096542 0.01325476 0.04328744
v 0.02096542 0.01325476 0.04300259
v 0.02096542 -0.02848145 0.04297563
v 0.02096542 -0.02848145 0.04325908
v 0.02096542 -0.02864508 0.04325908
v 0.02096542 -0.02864508 0.04297563
v -0.02070883 -0.02864508 0.04297563
v -0.02070883 -0.02864508 0.04325908
v -0.02093442 -0.02864508 0.04325908
v -0.02093442 -0.02864508 0.04297563
v 0.02080406 -0.02848145 0.03763306
v 0.02096542 -0.02848145 0.03763306
v 0.02096542 -0.02864508 0.03763306
v 0.02080406 -0.02864508 0.03763306
v -0.02070883 -0.02848145 0.04325908
v -0.02093442 -0.02848145 0.04325908
v -0.02070883 0.01283363 0.04328744
v -0.02093442 0.00487480 0.04328744
v -0.02070883 0.00487480 0.04328744
v -0.02093442 -0.00350516 0.04259855
v -0.02070883 -0.00350516 0.04259855
v -0.02093442 -0.01188516 0.04259855
v -0.02070883 -0.01188516 0.04259855
v -0.02093442 -0.02026512 0.04325908
v -0.02070883 -0.02026512 0.04325908
v 0.02080406 0.01283363 0.03763306
v 0.02096542 0.01283363 0.03763306
v 0.02096542 0.00487480 0.03763306
v 0.02080406 0.00487480 0.03763306
v 0.02096542 -0.00350516 0.03865772
v 0.02080406 -0.00350516 0.03865772
v 0.02096542 -0.01188516 0.03865772
v 0.02080406 -0.01188516 0.03865772
v 0.02096542 -0.02026512 0.03763306
v 0.02080406 -0.02026512 0.03763306
v 0.02096542 0.01283363 0.04300259
v 0.02096542 0.01283363 0.04328744
v 0.02096542 0.00487480 0.04328744
v 0.02096542 0.00487480 0.04300259
v 0.02096542 -0.00350516 0.04259855
v 0.02096542 -0.00350516 0.04240001
v 0.02096542 -0.01188516 0.04259855
v 0.02096542 -0.01188516 0.04240001
v 0.02096542 -0.02026512 0.04325908
v 0.02096542 -0.02026512 0.04297563
v -0.02093442 -0.02848145 0.04297563
v -0.02093442 -0.02026512 0.04297563
v -0.02093442 -0.01188516 0.04240001
v -0.02093442 -0.00350516 0.04240001
v -0.02093442 0.00487480 0.04300259
v -0.02070883 -0.01188516 0.03865772
v -0.01255446 -0.01188516 0.03865772
v -0.01255446 -0.02026512 0.03763306
v -0.02070883 -0.02026512 0.03763306
v -0.00417450 -0.01188516 0.03865772
v -0.00417450 -0.02026512 0.03865772
v 0.00420550 -0.01188516 0.03865772
v 0.00420550 -0.02026512 0.03865772
v 0.01258546 -0.01188516 0.03865772
v 0.01258546 -0.02026512 0.03763306
v -0.02070883 -0.00350516 0.03865772
v -0.01255446 -0.00350516 0.03865772
v -0.00417450 -0.00350516 0.03865772
v 0.00420550 -0.00350516 0.03865772
v 0.01258546 -0.00350516 0.03865772
v -0.02070883 0.00487480 0.03763306
v -0.01255446 0.00487480 0.03763306
v -0.00417450 0.00487480 0.03865772
v 0.00420550 0.00487480 0.03865772
v 0.01258546 0.00487480 0.03763306
v -0.02070883 0.01283363 0.03763306
v -0.01255446 0.01283363 0.03763306
v -0.00417450 0.01283363 0.03865772
v 0.00420550 0.01283363 0.03865772
v 0.01258546 0.01283363 0.03763306
v 0.02080406 -0.01188516 0.04259855
v 0.01258546 -0.01188516 0.04259855
v 0.01258546 -0.02026512 0.04325908
v 0.02080406 -0.02026512 0.04325908
v 0.00420550 -0.01188516 0.04259855
v 0.00420550 -0.02026512 0.04259855
v -0.00417450 -0.01188516 0.04259855
v -0.00417450 -0.02026512 0.04259855
v -0.01255446 -0.01188516 0.04259855
v -0.01255446 -0.02026512 0.04325908
v 0.02080406 -0.00350516 0.04259855
v 0.01258546 -0.00350516 0.04259855
v 0.00420550 -0.00350516 0.04259855
v -0.00417450 -0.00350516 0.04259855
v -0.01255446 -0.00350516 0.04259855
v 0.02080406 0.00487480 0.04328744
v 0.01258546 0.00487480 0.04328744
v 0.00420550 0.00487480 0.04259855
v -0.00417450 0.00487480 0.04259855
v -0.01255446 0.00487480 0.04328744
v 0.02080406 0.01283363 0.04328744
v 0.01258546 0.01283363 0.04328744
v 0.00420550 0.01283363 0.04259855
v -0.00417450 0.01283363 0.04259855
v -0.01255446 0.01283363 0.04328744
v 0.02080406 -0.02848145 0.04325908
v 0.01258546 -0.02848145 0.04325908
v 0.01258546 -0.02864508 0.04325908
v 0.02080406 -0.02864508 0.04325908
v 0.00420550 -0.02848145 0.04259855
v 0.00420550 -0.02864508 0.04259855
v -0.00417450 -0.02848145 0.04259855
v -0.00417450 -0.02864508 0.04259855
v -0.01255446 -0.02848145 0.04325908
v -0.01255446 -0.02864508 0.04325908
v -0.02070883 -0.02848145 0.03763306
v -0.01255446 -0.02848145 0.03763306
v -0.01255446 -0.02864508 0.03763306
v -0.02070883 -0.02864508 0.03763306
v -0.00417450 -0.02848145 0.03865772
v -0.00417450 -0.02864508 0.03865772
v 0.00420550 -0.02848145 0.03865772
v 0.00420550 -0.02864508 0.03865772
v 0.01258546 -0.02848145 0.03763306
v 0.01258546 -0.02864508 0.03763306
v 0.02080406 -0.02864508 0.04297563
v 0.01258546 -0.02864508 0.04297563
v 0.00420550 -0.02864508 0.04240001
v -0.00417450 -0.02864508 0.04240001
v -0.01255446 -0.02864508 0.04297563
v -0.02070883 0.01325476 0.04300259
v -0.02070883 0.01325476 0.04328744
v -0.01255446 0.01325476 0.04328744
v -0.01255446 0.01325476 0.04300259
v -0.00417450 0.01325476 0.04259855
v -0.00417450 0.01325476 0.04240001
v 0.00420550 0.01325476 0.04259855
v 0.00420550 0.01325476 0.04240001
v 0.01258546 0.01325476 0.04328744
v 0.01258546 0.01325476 0.04300259
v -0.02093442 -0.02026512 0.03763306
v -0.02093442 -0.02848145 0.03763306
v -0.02093442 -0.02864508 0.03763306
v -0.02093442 0.01283363 0.03763306
v -0.02093442 0.00487480 0.03763306
v -0.02093442 -0.00350516 0.03865772
v -0.02093442 -0.01188516 0.03865772
v -0.01255446 -0.02864508 0.03788092
v -0.02070883 -0.02864508 0.03788092
v -0.02093442 0.01325476 0.03788215
v -0.02070883 0.01325476 0.03788215
v 0.02096542 -0.02026512 0.03788092
v 0.02096542 -0.02848145 0.03788092
v -0.02093442 -0.02864508 0.03788092
v -0.02093442 -0.02848145 0.03788092
v 0.01258546 0.01325476 0.03788215
v 0.02080406 0.01325476 0.03788215
v 0.02096542 -0.02864508 0.03788092
v 0.02080406 -0.02864508 0.03788092
v 0.00420550 0.01325476 0.03883131
v -0.00417450 0.01325476 0.03883131
v -0.01255446 0.01325476 0.03788215
v -0.00417450 -0.02864508 0.03883131
v 0.00420550 -0.02864508 0.03883131
v 0.01258546 -0.02864508 0.03788092
v -0.02093442 -0.00350516 0.03883131
v -0.02093442 0.00487480 0.03788215
v -0.02093442 -0.01188516 0.03883131
v -0.02093442 -0.02026512 0.03788092
v 0.02096542 -0.01188516 0.03883131
v 0.02096542 -0.00350516 0.03883131
v 0.02096542 0.00487480 0.03788215
v 0.02096542 0.01283363 0.03788215
v 0.02096542 0.01325476 0.03788215
v -0.02093442 0.01283363 0.03788215
v -0.02093442 0.01325476 0.03763306
v 0.02080406 0.01325476 0.03763306
v 0.02096542 0.01325476 0.03763306
v -0.02070883 0.01325476 0.03763306
v -0.01255446 0.01325476 0.03763306
v -0.00417450 0.01325476 0.03865772
v 0.00420550 0.01325476 0.03865772
v 0.01258546 0.01325476 0.03763306
v 0.01677541 -0.02445508 0.03943184
v 0.01677541 -0.02298570 0.03940234
v 0.01540785 -0.02308752 0.03937462
v 0.01530604 -0.02445508 0.03940234
v 0.01426579 -0.02318938 0.03929216
v 0.01408029 -0.02445508 0.03931430
v 0.01677541 -0.02175995 0.03931430
v 0.01550971 -0.02194545 0.03929216
v 0.01464164 -0.02232130 0.03924735
v 0.01540785 -0.02582264 0.03937462
v 0.01677541 -0.02592450 0.03940234
v 0.01550971 -0.02696471 0.03929216
v 0.01677541 -0.02715020 0.03931430
v 0.01426579 -0.02572082 0.03929216
v 0.01464164 -0.02658890 0.03924735
v 0.01814298 -0.02582264 0.03937462
v 0.01824484 -0.02445508 0.03940234
v 0.01928504 -0.02572082 0.03929216
v 0.01947054 -0.02445508 0.03931430
v 0.01804116 -0.02696471 0.03929216
v 0.01890923 -0.02658890 0.03924735
v 0.01814298 -0.02308752 0.03937462
v 0.01804116 -0.02194545 0.03929216
v 0.01928504 -0.02318938 0.03929216
v 0.01890923 -0.02232130 0.03924735
v 0.01677541 0.00906475 0.03942862
v 0.01677541 0.01053418 0.03939757
v 0.01540785 0.01043232 0.03936830
v 0.01530604 0.00906475 0.03939757
v 0.01426579 0.01033050 0.03928153
v 0.01408029 0.00906475 0.03930480
v 0.01677541 0.01175988 0.03930480
v 0.01550971 0.01157438 0.03928153
v 0.01464164 0.01119857 0.03923430
v 0.01540785 0.00769719 0.03936830
v 0.01677541 0.00759538 0.03939757
v 0.01550971 0.00655513 0.03928153
v 0.01677541 0.00636963 0.03930480
v 0.01426579 0.00779905 0.03928153
v 0.01464164 0.00693098 0.03923430
v 0.01814298 0.00769719 0.03936830
v 0.01824484 0.00906475 0.03939757
v 0.01928504 0.00779905 0.03928153
v 0.01947054 0.00906475 0.03930480
v 0.01804116 0.00655513 0.03928153
v 0.01890923 0.00693098 0.03923430
v 0.01814298 0.01043232 0.03936830
v 0.01804116 0.01157438 0.03928153
v 0.01928504 0.01033050 0.03928153
v 0.01890923 0.01119857 0.03923430
v -0.01674442 0.00906475 0.03943748
v -0.01674442 0.01053418 0.03941066
v -0.01811198 0.01043232 0.03938548
v -0.01821384 0.00906475 0.03941066
v -0.01925405 0.01033050 0.03931066
v -0.01943954 0.00906475 0.03933075
v -0.01674442 0.01175988 0.03933075
v -0.01801016 0.01157438 0.03931066
v -0.01887824 0.01119857 0.03926994
v -0.01811198 0.00769719 0.03938548
v -0.01674442 0.00759538 0.03941066
v -0.01801016 0.00655513 0.03931066
v -0.01674442 0.00636963 0.03933075
v -0.01925405 0.00779905 0.03931066
v -0.01887824 0.00693098 0.03926994
v -0.01537686 0.00769719 0.03938548
v -0.01527504 0.00906475 0.03941066
v -0.01423479 0.00779905 0.03931066
v -0.01404929 0.00906475 0.03933075
v -0.01547872 0.00655513 0.03931066
v -0.01461064 0.00693098 0.03926994
v -0.01537686 0.01043232 0.03938548
v -0.01547872 0.01157438 0.03931066
v -0.01423479 0.01033050 0.03931066
v -0.01461064 0.01119857 0.03926994
v -0.01674442 -0.02445508 0.03945248
v -0.01674442 -0.02298570 0.03943298
v -0.01811198 -0.02308752 0.03941462
v -0.01821384 -0.02445508 0.03943298
v -0.01925405 -0.02318938 0.03936012
v -0.01943954 -0.02445508 0.03937475
v -0.01674442 -0.02175995 0.03937475
v -0.01801016 -0.02194545 0.03936012
v -0.01887824 -0.02232130 0.03933053
v -0.01811198 -0.02582264 0.03941462
v -0.01674442 -0.02592450 0.03943298
v -0.01801016 -0.02696471 0.03936012
v -0.01674442 -0.02715020 0.03937475
v -0.01925405 -0.02572082 0.03936012
v -0.01887824 -0.02658890 0.03933053
v -0.01537686 -0.02582264 0.03941462
v -0.01527504 -0.02445508 0.03943298
v -0.01423479 -0.02572082 0.03936012
v -0.01404929 -0.02445508 0.03937475
v -0.01547872 -0.02696471 0.03936012
v -0.01461064 -0.02658890 0.03933053
v -0.01537686 -0.02308752 0.03941462
v -0.01547872 -0.02194545 0.03936012
v -0.01423479 -0.02318938 0.03936012
v -0.01461064 -0.02232130 0.03933053
v 0.01677541 -0.02445508 0.00001727
v 0.01530604 -0.02445508 0.00004000
v 0.01540785 -0.02308752 0.00006136
v 0.01677541 -0.02298570 0.00004000
v 0.01550971 -0.02194545 0.00012486
v 0.01677541 -0.02175995 0.00010782
v 0.01408029 -0.02445508 0.00010782
v 0.01426579 -0.02318938 0.00012486
v 0.01464164 -0.02232130 0.00015936
v 0.01814298 -0.02308752 0.00006136
v 0.01824484 -0.02445508 0.00004000
v 0.01928504 -0.02318938 0.00012486
v 0.01947054 -0.02445508 0.00010782
v 0.01804116 -0.02194545 0.00012486
v 0.01890923 -0.02232130 0.00015936
v 0.01814298 -0.02582264 0.00006136
v 0.01677541 -0.02592450 0.00004000
v 0.01804116 -0.02696471 0.00012486
v 0.01677541 -0.02715020 0.00010782
v 0.01928504 -0.02572082 0.00012486
v 0.01890923 -0.02658890 0.00015936
v 0.01540785 -0.02582264 0.00006136
v 0.01426579 -0.02572082 0.00012486
v 0.01550971 -0.02696471 0.00012486
v 0.01464164 -0.02658890 0.00015936
v 0.01677541 0.00906475 0.00000000
v 0.01530604 0.00906475 0.00001432
v 0.01540785 0.01043232 0.00002777
v 0.01677541 0.01053418 0.00001432
v 0.01550971 0.01157438 0.00006777
v 0.01677541 0.01175988 0.00005705
v 0.01408029 0.00906475 0.00005705
v 0.01426579 0.01033050 0.00006777
v 0.01464164 0.01119857 0.00008954
v 0.01814298 0.01043232 0.00002777
v 0.01824484 0.00906475 0.00001432
v 0.01928504 0.01033050 0.00006777
v 0.01947054 0.00906475 0.00005705
v 0.01804116 0.01157438 0.00006777
v 0.01890923 0.01119857 0.00008954
v 0.01814298 0.00769719 0.00002777
v 0.01677541 0.00759538 0.00001432
v 0.01804116 0.00655513 0.00006777
v 0.01677541 0.00636963 0.00005705
v 0.01928504 0.00779905 0.00006777
v 0.01890923 0.00693098 0.00008954
v 0.01540785 0.00769719 0.00002777
v 0.01426579 0.00779905 0.00006777
v 0.01550971 0.00655513 0.00006777
v 0.01464164 0.00693098 0.00008954
v -0.01674442 0.00906475 0.00000727
v -0.01821384 0.00906475 0.00002509
v -0.01811198 0.01043232 0.00004191
v -0.01674442 0.01053418 0.00002509
v -0.01801016 0.01157438 0.00009182
v -0.01674442 0.01175988 0.00007841
v -0.01943954 0.00906475 0.00007841
v -0.01925405 0.01033050 0.00009182
v -0.01887824 0.01119857 0.00011891
v -0.01537686 0.01043232 0.00004191
v -0.01527504 0.00906475 0.00002509
v -0.01423479 0.01033050 0.00009182
v -0.01404929 0.00906475 0.00007841
v -0.01547872 0.01157438 0.00009182
v -0.01461064 0.01119857 0.00011891
v -0.01537686 0.00769719 0.00004191
v -0.01674442 0.00759538 0.00002509
v -0.01547872 0.00655513 0.00009182
v -0.01674442 0.00636963 0.00007841
v -0.01423479 0.00779905 0.00009182
v -0.01461064 0.00693098 0.00011891
v -0.01811198 0.00769719 0.00004191
v -0.01925405 0.00779905 0.00009182
v -0.01801016 0.00655513 0.00009182
v -0.01887824 0.00693098 0.00011891
v -0.01674442 -0.02445508 0.00000132
v -0.01821384 -0.02445508 0.00001627
v -0.01811198 -0.02308752 0.00003036
v -0.01674442 -0.02298570 0.00001627
v -0.01801016 -0.02194545 0.00007223
v -0.01674442 -0.02175995 0.00006100
v -0.01943954 -0.02445508 0.00006100
v -0.01925405 -0.02318938 0.00007223
v -0.01887824 -0.02232130 0.00009495
v -0.01537686 -0.02308752 0.00003036
v -0.01527504 -0.02445508 0.00001627
v -0.01423479 -0.02318938 0.00007223
v -0.01404929 -0.02445508 0.00006100
v -0.01547872 -0.02194545 0.00007223
v -0.01461064 -0.02232130 0.00009495
v -0.01537686 -0.02582264 0.00003036
v -0.01674442 -0.02592450 0.00001627
v -0.01547872 -0.02696471 0.00007223
v -0.01674442 -0.02715020 0.00006100
v -0.01423479 -0.02572082 0.00007223
v -0.01461064 -0.02658890 0.00009495
v -0.01811198 -0.02582264 0.00003036
v -0.01925405 -0.02572082 0.00007223
v -0.01801016 -0.02696471 0.00007223
v -0.01887824 -0.02658890 0.00009495
v 0.01677541 -0.02822886 0.00065267
v 0.01828347 -0.02797628 0.00065503
v 0.01829756 -0.02800678 0.00167951
v 0.01677541 -0.02826045 0.00167951
v 0.01822393 -0.02783492 0.00356947
v 0.01677541 -0.02807632 0.00356947
v 0.01954081 -0.02722047 0.00065735
v 0.01956604 -0.02724570 0.00167951
v 0.01943100 -0.02711066 0.00356947
v 0.01525327 -0.02800678 0.00167951
v 0.01526740 -0.02797628 0.00065503
v 0.01398484 -0.02724570 0.00167951
v 0.01401006 -0.02722047 0.00065735
v 0.01532695 -0.02783492 0.00356947
v 0.01411988 -0.02711066 0.00356947
v 0.01540785 -0.02765578 0.00022977
v 0.01677541 -0.02788855 0.00022041
v 0.01426579 -0.02696471 0.00023913
v 0.01814298 -0.02765578 0.00022977
v 0.01928504 -0.02696471 0.00023913
v 0.01677541 -0.02068134 0.00065267
v 0.01526740 -0.02093388 0.00065503
v 0.01525327 -0.02090343 0.00167951
v 0.01677541 -0.02064975 0.00167951
v 0.01532695 -0.02107529 0.00356947
v 0.01677541 -0.02083388 0.00356947
v 0.01401006 -0.02168973 0.00065735
v 0.01398484 -0.02166450 0.00167951
v 0.01411988 -0.02179954 0.00356947
v 0.01829756 -0.02090343 0.00167951
v 0.01828347 -0.02093388 0.00065503
v 0.01956604 -0.02166450 0.00167951
v 0.01954081 -0.02168973 0.00065735
v 0.01822393 -0.02107529 0.00356947
v 0.01943100 -0.02179954 0.00356947
v 0.01814298 -0.02125442 0.00022977
v 0.01677541 -0.02102165 0.00022041
v 0.01928504 -0.02194545 0.00023913
v 0.01540785 -0.02125442 0.00022977
v 0.01426579 -0.02194545 0.00023913
v -0.02051820 0.00906475 0.00057176
v -0.02026562 0.00755674 0.00057358
v -0.02029611 0.00754260 0.00157420
v -0.02054979 0.00906475 0.00157420
v -0.02012425 0.00761628 0.00345043
v -0.02036566 0.00906475 0.00345043
v -0.01950981 0.00629940 0.00057544
v -0.01953504 0.00627418 0.00157420
v -0.01940000 0.00640922 0.00345043
v -0.02029611 0.01058690 0.00157420
v -0.02026562 0.01057281 0.00057358
v -0.01953504 0.01185538 0.00157420
v -0.01950981 0.01183015 0.00057544
v -0.02012425 0.01051327 0.00345043
v -0.01940000 0.01172033 0.00345043
v -0.01994512 0.01043232 0.00017422
v -0.02017789 0.00906475 0.00016691
v -0.01925405 0.01157438 0.00018159
v -0.01994512 0.00769719 0.00017422
v -0.01925405 0.00655513 0.00018159
v -0.01297068 0.00906475 0.00057176
v -0.01322322 0.01057281 0.00057358
v -0.01319277 0.01058690 0.00157420
v -0.01293909 0.00906475 0.00157420
v -0.01336463 0.01051327 0.00345043
v -0.01312322 0.00906475 0.00345043
v -0.01397907 0.01183015 0.00057544
v -0.01395384 0.01185538 0.00157420
v -0.01408888 0.01172033 0.00345043
v -0.01319277 0.00754260 0.00157420
v -0.01322322 0.00755674 0.00057358
v -0.01395384 0.00627418 0.00157420
v -0.01397907 0.00629940 0.00057544
v -0.01336463 0.00761628 0.00345043
v -0.01408888 0.00640922 0.00345043
v -0.01354376 0.00769719 0.00017422
v -0.01331099 0.00906475 0.00016691
v -0.01423479 0.00655513 0.00018159
v -0.01354376 0.01043232 0.00017422
v -0.01423479 0.01157438 0.00018159
v 0.02054920 -0.02445508 0.00065267
v 0.02029661 -0.02294706 0.00065503
v 0.02032711 -0.02293293 0.00167951
v 0.02058079 -0.02445508 0.00167951
v 0.02015525 -0.02300661 0.00356947
v 0.02039666 -0.02445508 0.00356947
v 0.02032711 -0.02597723 0.00167951
v 0.02029661 -0.02596314 0.00065503
v 0.02015525 -0.02590359 0.00356947
v 0.01997612 -0.02582264 0.00022977
v 0.02020889 -0.02445508 0.00022041
v 0.01997612 -0.02308752 0.00022977
v 0.01300168 0.00906475 0.00051131
v 0.01325422 0.00755674 0.00051281
v 0.01322376 0.00754260 0.00149106
v 0.01297009 0.00906475 0.00149106
v 0.01339562 0.00761628 0.00334739
v 0.01315422 0.00906475 0.00334739
v 0.01401006 0.00629940 0.00051426
v 0.01398484 0.00627418 0.00149106
v 0.01411988 0.00640922 0.00334739
v 0.01322376 0.01058690 0.00149106
v 0.01325422 0.01057281 0.00051281
v 0.01398484 0.01185538 0.00149106
v 0.01401006 0.01183015 0.00051426
v 0.01339562 0.01051327 0.00334739
v 0.01411988 0.01172033 0.00334739
v 0.01357476 0.01043232 0.00013391
v 0.01334199 0.00906475 0.00012800
v 0.01426579 0.01157438 0.00013982
v 0.01357476 0.00769719 0.00013391
v 0.01426579 0.00655513 0.00013982
v -0.01674442 0.00529102 0.00057176
v -0.01523640 0.00554356 0.00057358
v -0.01522227 0.00551310 0.00157420
v -0.01674442 0.00525943 0.00157420
v -0.01529595 0.00568496 0.00345043
v -0.01674442 0.00544356 0.00345043
v -0.01826657 0.00551310 0.00157420
v -0.01825248 0.00554356 0.00057358
v -0.01819293 0.00568496 0.00345043
v -0.01811198 0.00586409 0.00017422
v -0.01674442 0.00563133 0.00016691
v -0.01537686 0.00586409 0.00017422
v -0.01297068 -0.02445508 0.00052531
v -0.01322322 -0.02294706 0.00052685
v -0.01319277 -0.02293293 0.00151779
v -0.01293909 -0.02445508 0.00151779
v -0.01336463 -0.02300661 0.00339488
v -0.01312322 -0.02445508 0.00339488
v -0.01397907 -0.02168973 0.00052840
v -0.01395384 -0.02166450 0.00151779
v -0.01408888 -0.02179954 0.00339488
v -0.01319277 -0.02597723 0.00151779
v -0.01322322 -0.02596314 0.00052685
v -0.01395384 -0.02724570 0.00151779
v -0.01397907 -0.02722047 0.00052840
v -0.01336463 -0.02590359 0.00339488
v -0.01408888 -0.02711066 0.00339488
v -0.01354376 -0.02582264 0.00014132
v -0.01331099 -0.02445508 0.00013518
v -0.01423479 -0.02696471 0.00014750
v -0.01354376 -0.02308752 0.00014132
v -0.01423479 -0.02194545 0.00014750
v -0.01674442 -0.02068134 0.00052531
v -0.01825248 -0.02093388 0.00052685
v -0.01826657 -0.02090343 0.00151779
v -0.01674442 -0.02064975 0.00151779
v -0.01819293 -0.02107529 0.00339488
v -0.01674442 -0.02083388 0.00339488
v -0.01950981 -0.02168973 0.00052840
v -0.01953504 -0.02166450 0.00151779
v -0.01940000 -0.02179954 0.00339488
v -0.01522227 -0.02090343 0.00151779
v -0.01523640 -0.02093388 0.00052685
v -0.01529595 -0.02107529 0.00339488
v -0.01537686 -0.02125442 0.00014132
v -0.01674442 -0.02102165 0.00013518
v -0.01811198 -0.02125442 0.00014132
v -0.01925405 -0.02194545 0.00014750
v -0.02051820 -0.02445508 0.00052531
v -0.02026562 -0.02596314 0.00052685
v -0.02029611 -0.02597723 0.00151779
v -0.02054979 -0.02445508 0.00151779
v -0.02012425 -0.02590359 0.00339488
v -0.02036566 -0.02445508 0.00339488
v -0.01950981 -0.02722047 0.00052840
v -0.01953504 -0.02724570 0.00151779
v -0.01940000 -0.02711066 0.00339488
v -0.02029611 -0.02293293 0.00151779
v -0.02026562 -0.02294706 0.00052685
v -0.02012425 -0.02300661 0.00339488
v -0.01994512 -0.02308752 0.00014132
v -0.02017789 -0.02445508 0.00013518
v -0.01994512 -0.02582264 0.00014132
v -0.01925405 -0.02696471 0.00014750
v 0.01300168 -0.02445508 0.00065267
v 0.01325422 -0.02596314 0.00065503
v 0.01322376 -0.02597723 0.00167951
v 0.01297009 -0.02445508 0.00167951
v 0.01339562 -0.02590359 0.00356947
v 0.01315422 -0.02445508 0.00356947
v 0.01322376 -0.02293293 0.00167951
v 0.01325422 -0.02294706 0.00065503
v 0.01339562 -0.02300661 0.00356947
v 0.01357476 -0.02308752 0.00022977
v 0.01334199 -0.02445508 0.00022041
v 0.01357476 -0.02582264 0.00022977
v 0.01677541 0.01283854 0.00051131
v 0.01526740 0.01258595 0.00051281
v 0.01525327 0.01261645 0.00149106
v 0.01677541 0.01287013 0.00149106
v 0.01532695 0.01244459 0.00334739
v 0.01677541 0.01268600 0.00334739
v 0.01829756 0.01261645 0.00149106
v 0.01828347 0.01258595 0.00051281
v 0.01956604 0.01185538 0.00149106
v 0.01954081 0.01183015 0.00051426
v 0.01822393 0.01244459 0.00334739
v 0.01943100 0.01172033 0.00334739
v 0.01814298 0.01226546 0.00013391
v 0.01677541 0.01249823 0.00012800
v 0.01928504 0.01157438 0.00013982
v 0.01540785 0.01226546 0.00013391
v -0.01674442 0.01283854 0.00057176
v -0.01825248 0.01258595 0.00057358
v -0.01826657 0.01261645 0.00157420
v -0.01674442 0.01287013 0.00157420
v -0.01819293 0.01244459 0.00345043
v -0.01674442 0.01268600 0.00345043
v -0.01522227 0.01261645 0.00157420
v -0.01523640 0.01258595 0.00057358
v -0.01529595 0.01244459 0.00345043
v -0.01537686 0.01226546 0.00017422
v -0.01674442 0.01249823 0.00016691
v -0.01811198 0.01226546 0.00017422
v -0.01674442 -0.02822886 0.00052531
v -0.01523640 -0.02797628 0.00052685
v -0.01522227 -0.02800678 0.00151779
v -0.01674442 -0.02826045 0.00151779
v -0.01529595 -0.02783492 0.00339488
v -0.01674442 -0.02807632 0.00339488
v -0.01826657 -0.02800678 0.00151779
v -0.01825248 -0.02797628 0.00052685
v -0.01819293 -0.02783492 0.00339488
v -0.01811198 -0.02765578 0.00014132
v -0.01674442 -0.02788855 0.00013518
v -0.01537686 -0.02765578 0.00014132
v 0.02054920 0.00906475 0.00051131
v 0.02029661 0.01057281 0.00051281
v 0.02032711 0.01058690 0.00149106
v 0.02058079 0.00906475 0.00149106
v 0.02015525 0.01051327 0.00334739
v 0.02039666 0.00906475 0.00334739
v 0.02032711 0.00754260 0.00149106
v 0.02029661 0.00755674 0.00051281
v 0.01956604 0.00627418 0.00149106
v 0.01954081 0.00629940 0.00051426
v 0.02015525 0.00761628 0.00334739
v 0.01943100 0.00640922 0.00334739
v 0.01997612 0.00769719 0.00013391
v 0.02020889 0.00906475 0.00012800
v 0.01928504 0.00655513 0.00013982
v 0.01997612 0.01043232 0.00013391
v 0.01677541 0.00529102 0.00051131
v 0.01828347 0.00554356 0.00051281
v 0.01829756 0.00551310 0.00149106
v 0.01677541 0.00525943 0.00149106
v 0.01822393 0.00568496 0.00334739
v 0.01677541 0.00544356 0.00334739
v 0.01525327 0.00551310 0.00149106
v 0.01526740 0.00554356 0.00051281
v 0.01532695 0.00568496 0.00334739
v 0.01540785 0.00586409 0.00013391
v 0.01677541 0.00563133 0.00012800
v 0.01814298 0.00586409 0.00013391
v -0.01674442 -0.02822886 0.03886063
v -0.01523640 -0.02797628 0.03885863
v -0.01537686 -0.02765578 0.03927012
v -0.01674442 -0.02788855 0.03927812
v -0.01397907 -0.02722047 0.03885663
v -0.01423479 -0.02696471 0.03926207
v -0.01811198 -0.02765578 0.03927012
v -0.01825248 -0.02797628 0.03885863
v -0.01925405 -0.02696471 0.03926207
v -0.01950981 -0.02722047 0.03885663
v -0.01826657 -0.02800678 0.03783988
v -0.01674442 -0.02826045 0.03783988
v -0.01819293 -0.02783492 0.03593878
v -0.01674442 -0.02807632 0.03593878
v -0.01953504 -0.02724570 0.03783988
v -0.01940000 -0.02711066 0.03593878
v -0.01522231 -0.02800678 0.03783988
v -0.01395384 -0.02724570 0.03783988
v -0.01529595 -0.02783492 0.03593878
v -0.01408888 -0.02711066 0.03593878
v -0.02051820 -0.02445508 0.03886063
v -0.02026562 -0.02596314 0.03885863
v -0.01994512 -0.02582264 0.03927012
v -0.02017789 -0.02445508 0.03927812
v -0.01994512 -0.02308752 0.03927012
v -0.02026562 -0.02294706 0.03885863
v -0.01925405 -0.02194545 0.03926207
v -0.01950981 -0.02168973 0.03885663
v -0.02029611 -0.02293293 0.03783988
v -0.02054979 -0.02445508 0.03783988
v -0.02012425 -0.02300661 0.03593878
v -0.02036566 -0.02445508 0.03593878
v -0.01953504 -0.02166450 0.03783988
v -0.01940000 -0.02179954 0.03593878
v -0.02029611 -0.02597723 0.03783988
v -0.02012425 -0.02590359 0.03593878
v -0.01674442 -0.02068134 0.03886063
v -0.01825248 -0.02093388 0.03885863
v -0.01811198 -0.02125442 0.03927012
v -0.01674442 -0.02102165 0.03927812
v -0.01537686 -0.02125442 0.03927012
v -0.01523640 -0.02093388 0.03885863
v -0.01423479 -0.02194545 0.03926207
v -0.01397907 -0.02168973 0.03885663
v -0.01522227 -0.02090343 0.03783988
v -0.01674442 -0.02064975 0.03783988
v -0.01529595 -0.02107529 0.03593878
v -0.01674442 -0.02083388 0.03593878
v -0.01395384 -0.02166450 0.03783988
v -0.01408888 -0.02179954 0.03593878
v -0.01826657 -0.02090343 0.03783988
v -0.01819293 -0.02107529 0.03593878
v -0.01297068 -0.02445508 0.03886063
v -0.01322322 -0.02294706 0.03885863
v -0.01354376 -0.02308752 0.03927012
v -0.01331099 -0.02445508 0.03927812
v -0.01354376 -0.02582264 0.03927012
v -0.01322322 -0.02596314 0.03885863
v -0.01319277 -0.02597723 0.03783988
v -0.01293909 -0.02445508 0.03783988
v -0.01336463 -0.02590359 0.03593878
v -0.01312322 -0.02445508 0.03593878
v -0.01319277 -0.02293293 0.03783988
v -0.01336463 -0.02300661 0.03593878
v -0.01674442 -0.02743188 0.01035801
v -0.01555372 -0.02723343 0.01035801
v -0.01566421 -0.02697561 0.01486059
v -0.01674442 -0.02715566 0.01486059
v -0.01571330 -0.02686107 0.01965485
v -0.01674442 -0.02703293 0.01965485
v -0.01456146 -0.02663808 0.01035801
v -0.01476401 -0.02643554 0.01486059
v -0.01485405 -0.02634549 0.01965485
v -0.01782467 -0.02697561 0.01486059
v -0.01793512 -0.02723343 0.01035801
v -0.01872487 -0.02643554 0.01486059
v -0.01892742 -0.02663808 0.01035801
v -0.01777558 -0.02686107 0.01965485
v -0.01863483 -0.02634549 0.01965485
v -0.01807016 -0.02754847 0.00643886
v -0.01674442 -0.02776942 0.00643886
v -0.01917496 -0.02688562 0.00643886
v -0.01541872 -0.02754847 0.00643886
v -0.01431392 -0.02688562 0.00643886
v -0.01972122 -0.02445508 0.01035801
v -0.01952277 -0.02564578 0.01035801
v -0.01926495 -0.02553533 0.01486059
v -0.01944500 -0.02445508 0.01486059
v -0.01915041 -0.02548624 0.01965485
v -0.01932227 -0.02445508 0.01965485
v -0.01926495 -0.02337487 0.01486059
v -0.01952277 -0.02326438 0.01035801
v -0.01872487 -0.02247467 0.01486059
v -0.01892742 -0.02227212 0.01035801
v -0.01915041 -0.02342396 0.01965485
v -0.01863483 -0.02256471 0.01965485
v -0.01983781 -0.02312933 0.00643886
v -0.02005876 -0.02445508 0.00643886
v -0.01917496 -0.02202458 0.00643886
v -0.01983781 -0.02578082 0.00643886
v -0.01674442 -0.02147832 0.01035801
v -0.01793512 -0.02167677 0.01035801
v -0.01782467 -0.02193454 0.01486059
v -0.01674442 -0.02175450 0.01486059
v -0.01777558 -0.02204913 0.01965485
v -0.01674442 -0.02187727 0.01965485
v -0.01566421 -0.02193454 0.01486059
v -0.01555372 -0.02167677 0.01035801
v -0.01476401 -0.02247467 0.01486059
v -0.01456146 -0.02227212 0.01035801
v -0.01571330 -0.02204913 0.01965485
v -0.01485405 -0.02256471 0.01965485
v -0.01541867 -0.02136169 0.00643886
v -0.01674442 -0.02114074 0.00643886
v -0.01431392 -0.02202458 0.00643886
v -0.01807016 -0.02136169 0.00643886
v -0.01376766 -0.02445508 0.01035801
v -0.01396611 -0.02326438 0.01035801
v -0.01422388 -0.02337487 0.01486059
v -0.01404384 -0.02445508 0.01486059
v -0.01433847 -0.02342396 0.01965485
v -0.01416661 -0.02445508 0.01965485
v -0.01422388 -0.02553533 0.01486059
v -0.01396611 -0.02564578 0.01035801
v -0.01433847 -0.02548624 0.01965485
v -0.01365103 -0.02578082 0.00643886
v -0.01343008 -0.02445508 0.00643886
v -0.01365103 -0.02312933 0.00643886
v 0.01379866 -0.02445508 0.01046141
v 0.01399711 -0.02564578 0.01046141
v 0.01425488 -0.02553533 0.01489759
v 0.01407484 -0.02445508 0.01489759
v 0.01436947 -0.02548624 0.01961667
v 0.01419761 -0.02445508 0.01961667
v 0.01459246 -0.02663808 0.01046141
v 0.01479500 -0.02643554 0.01489759
v 0.01488504 -0.02634549 0.01961667
v 0.01425488 -0.02337487 0.01489759
v 0.01399711 -0.02326438 0.01046141
v 0.01479500 -0.02247467 0.01489759
v 0.01459246 -0.02227212 0.01046141
v 0.01436947 -0.02342396 0.01961667
v 0.01488504 -0.02256471 0.01961667
v 0.01368203 -0.02312933 0.00659104
v 0.01346108 -0.02445508 0.00659104
v 0.01434492 -0.02202458 0.00659104
v 0.01368203 -0.02578082 0.00659104
v 0.01434492 -0.02688562 0.00659104
v 0.01975222 -0.02445508 0.01046141
v 0.01955376 -0.02326438 0.01046141
v 0.01929595 -0.02337487 0.01489759
v 0.01947599 -0.02445508 0.01489759
v 0.01918141 -0.02342396 0.01961667
v 0.01935327 -0.02445508 0.01961667
v 0.01895841 -0.02227212 0.01046141
v 0.01875587 -0.02247467 0.01489759
v 0.01866583 -0.02256471 0.01961667
v 0.01929595 -0.02553533 0.01489759
v 0.01955376 -0.02564578 0.01046141
v 0.01875587 -0.02643554 0.01489759
v 0.01895841 -0.02663808 0.01046141
v 0.01918141 -0.02548624 0.01961667
v 0.01866583 -0.02634549 0.01961667
v 0.01986880 -0.02578082 0.00659104
v 0.02008975 -0.02445508 0.00659104
v 0.01920595 -0.02688562 0.00659104
v 0.01986880 -0.02312938 0.00659104
v 0.01920595 -0.02202458 0.00659104
v 0.01677541 -0.02147832 0.01046141
v 0.01558471 -0.02167677 0.01046141
v 0.01569521 -0.02193454 0.01489759
v 0.01677541 -0.02175450 0.01489759
v 0.01574430 -0.02204913 0.01961667
v 0.01677541 -0.02187727 0.01961667
v 0.01785566 -0.02193454 0.01489759
v 0.01796612 -0.02167677 0.01046141
v 0.01780657 -0.02204913 0.01961667
v 0.01810116 -0.02136169 0.00659104
v 0.01677541 -0.02114074 0.00659104
v 0.01544967 -0.02136169 0.00659104
v 0.01677541 -0.02743188 0.01046141
v 0.01796612 -0.02723343 0.01046141
v 0.01785566 -0.02697561 0.01489759
v 0.01677541 -0.02715566 0.01489759
v 0.01780657 -0.02686107 0.01961667
v 0.01677541 -0.02703293 0.01961667
v 0.01569521 -0.02697561 0.01489759
v 0.01558471 -0.02723343 0.01046141
v 0.01574430 -0.02686107 0.01961667
v 0.01544967 -0.02754847 0.00659104
v 0.01677541 -0.02776942 0.00659104
v 0.01810116 -0.02754847 0.00659104
v 0.01677541 -0.02822886 0.03869486
v 0.01828347 -0.02797628 0.03869181
v 0.01814298 -0.02765578 0.03915594
v 0.01677541 -0.02788855 0.03916812
v 0.01954081 -0.02722047 0.03868877
v 0.01928504 -0.02696471 0.03914380
v 0.01540785 -0.02765578 0.03915594
v 0.01526740 -0.02797628 0.03869181
v 0.01426579 -0.02696471 0.03914380
v 0.01401006 -0.02722047 0.03868877
v 0.01525327 -0.02800678 0.03762565
v 0.01677541 -0.02826045 0.03762565
v 0.01532695 -0.02783492 0.03569983
v 0.01677541 -0.02807632 0.03569983
v 0.01398484 -0.02724570 0.03762565
v 0.01411988 -0.02711066 0.03569983
v 0.01829756 -0.02800678 0.03762565
v 0.01956604 -0.02724570 0.03762565
v 0.01822393 -0.02783492 0.03569983
v 0.01943100 -0.02711066 0.03569983
v 0.01677541 -0.02068134 0.03869486
v 0.01526740 -0.02093388 0.03869181
v 0.01540785 -0.02125442 0.03915594
v 0.01677541 -0.02102165 0.03916812
v 0.01401006 -0.02168973 0.03868877
v 0.01426579 -0.02194545 0.03914380
v 0.01814298 -0.02125442 0.03915594
v 0.01828347 -0.02093388 0.03869181
v 0.01928504 -0.02194545 0.03914380
v 0.01954081 -0.02168973 0.03868877
v 0.01829756 -0.02090343 0.03762565
v 0.01677541 -0.02064975 0.03762565
v 0.01822393 -0.02107529 0.03569983
v 0.01677541 -0.02083388 0.03569983
v 0.01956604 -0.02166450 0.03762565
v 0.01943100 -0.02179954 0.03569983
v 0.01525327 -0.02090343 0.03762565
v 0.01398484 -0.02166450 0.03762565
v 0.01532695 -0.02107529 0.03569983
v 0.01411988 -0.02179954 0.03569983
v 0.02054920 -0.02445508 0.03869486
v 0.02029661 -0.02294706 0.03869181
v 0.01997612 -0.02308752 0.03915594
v 0.02020889 -0.02445508 0.03916812
v 0.01997612 -0.02582264 0.03915594
v 0.02029661 -0.02596314 0.03869181
v 0.02032711 -0.02597723 0.03762565
v 0.02058079 -0.02445508 0.03762565
v 0.02015525 -0.02590359 0.03569983
v 0.02039666 -0.02445508 0.03569983
v 0.02032711 -0.02293297 0.03762565
v 0.02015525 -0.02300661 0.03569983
v 0.01300168 -0.02445508 0.03869486
v 0.01325422 -0.02596314 0.03869181
v 0.01357476 -0.02582264 0.03915594
v 0.01334199 -0.02445508 0.03916812
v 0.01357476 -0.02308752 0.03915594
v 0.01325422 -0.02294706 0.03869181
v 0.01322376 -0.02293293 0.03762565
v 0.01297009 -0.02445508 0.03762565
v 0.01339562 -0.02300661 0.03569983
v 0.01315422 -0.02445508 0.03569983
v 0.01322376 -0.02597723 0.03762565
v 0.01339562 -0.02590359 0.03569983
v 0.01677541 0.00529102 0.03866627
v 0.01828347 0.00554356 0.03866309
v 0.01814298 0.00586409 0.03913803
v 0.01677541 0.00563133 0.03915085
v 0.01954081 0.00629940 0.03865991
v 0.01928504 0.00655513 0.03912526
v 0.01540785 0.00586409 0.03913803
v 0.01526740 0.00554356 0.03866309
v 0.01426579 0.00655513 0.03912526
v 0.01401006 0.00629940 0.03865991
v 0.01525327 0.00551310 0.03758184
v 0.01677541 0.00525943 0.03758184
v 0.01532695 0.00568496 0.03563683
v 0.01677541 0.00544356 0.03563683
v 0.01398484 0.00627418 0.03758184
v 0.01411988 0.00640922 0.03563683
v 0.01829756 0.00551310 0.03758184
v 0.01956604 0.00627418 0.03758184
v 0.01822393 0.00568496 0.03563683
v 0.01943100 0.00640922 0.03563683
v 0.02054920 0.00906475 0.03866627
v 0.02029661 0.01057281 0.03866309
v 0.01997612 0.01043232 0.03913803
v 0.02020889 0.00906475 0.03915085
v 0.01954081 0.01183015 0.03865991
v 0.01928504 0.01157438 0.03912526
v 0.01997612 0.00769719 0.03913803
v 0.02029661 0.00755674 0.03866309
v 0.02032711 0.00754260 0.03758184
v 0.02058079 0.00906475 0.03758184
v 0.02015525 0.00761628 0.03563683
v 0.02039666 0.00906475 0.03563683
v 0.02032711 0.01058690 0.03758184
v 0.01956604 0.01185538 0.03758184
v 0.02015525 0.01051327 0.03563683
v 0.01943100 0.01172033 0.03563683
v 0.01677541 0.01283854 0.03866627
v 0.01526740 0.01258595 0.03866309
v 0.01540785 0.01226546 0.03913803
v 0.01677541 0.01249823 0.03915085
v 0.01401006 0.01183015 0.03865991
v 0.01426579 0.01157438 0.03912526
v 0.01814298 0.01226546 0.03913803
v 0.01828347 0.01258595 0.03866309
v 0.01829756 0.01261645 0.03758184
v 0.01677541 0.01287013 0.03758184
v 0.01822393 0.01244459 0.03563683
v 0.01677541 0.01268600 0.03563683
v 0.01525331 0.01261645 0.03758184
v 0.01398484 0.01185538 0.03758184
v 0.01532695 0.01244459 0.03563683
v 0.01411988 0.01172033 0.03563683
v 0.01300168 0.00906475 0.03866627
v 0.01325422 0.00755674 0.03866309
v 0.01357476 0.00769719 0.03913803
v 0.01334199 0.00906475 0.03915085
v 0.01357476 0.01043232 0.03913803
v 0.01325422 0.01057281 0.03866309
v 0.01322376 0.01058690 0.03758184
v 0.01297009 0.00906475 0.03758184
v 0.01339562 0.01051327 0.03563683
v 0.01315422 0.00906475 0.03563683
v 0.01322376 0.00754260 0.03758184
v 0.01339562 0.00761628 0.03563683
v 0.01677541 0.00608800 0.01024087
v 0.01796612 0.00628645 0.01024087
v 0.01785566 0.00654422 0.01469973
v 0.01677541 0.00636417 0.01469973
v 0.01780657 0.00665880 0.01944777
v 0.01677541 0.00648695 0.01944777
v 0.01895841 0.00688180 0.01024087
v 0.01875587 0.00708434 0.01469973
v 0.01866583 0.00717439 0.01944777
v 0.01569521 0.00654422 0.01469973
v 0.01558471 0.00628645 0.01024087
v 0.01479500 0.00708434 0.01469973
v 0.01459246 0.00688180 0.01024087
v 0.01574430 0.00665880 0.01944777
v 0.01488504 0.00717439 0.01944777
v 0.01544967 0.00597137 0.00636037
v 0.01677541 0.00575042 0.00636037
v 0.01434492 0.00663426 0.00636037
v 0.01810116 0.00597137 0.00636037
v 0.01920595 0.00663426 0.00636037
v 0.01975222 0.00906475 0.01024087
v 0.01955376 0.01025546 0.01024087
v 0.01929595 0.01014500 0.01469973
v 0.01947599 0.00906475 0.01469973
v 0.01918141 0.01009591 0.01944777
v 0.01935327 0.00906475 0.01944777
v 0.01895841 0.01124775 0.01024087
v 0.01875587 0.01104521 0.01469973
v 0.01866583 0.01095517 0.01944777
v 0.01929595 0.00798455 0.01469973
v 0.01955376 0.00787405 0.01024087
v 0.01918141 0.00803364 0.01944777
v 0.01986880 0.00773901 0.00636037
v 0.02008975 0.00906475 0.00636037
v 0.01986880 0.01039050 0.00636037
v 0.01920595 0.01149529 0.00636037
v 0.01677541 0.01204155 0.01024087
v 0.01558471 0.01184310 0.01024087
v 0.01569521 0.01158529 0.01469973
v 0.01677541 0.01176533 0.01469973
v 0.01574430 0.01147075 0.01944777
v 0.01677541 0.01164261 0.01944777
v 0.01459246 0.01124775 0.01024087
v 0.01479500 0.01104521 0.01469973
v 0.01488504 0.01095517 0.01944777
v 0.01785566 0.01158529 0.01469973
v 0.01796612 0.01184310 0.01024087
v 0.01780657 0.01147075 0.01944777
v 0.01810116 0.01215814 0.00636037
v 0.01677541 0.01237909 0.00636037
v 0.01544972 0.01215814 0.00636037
v 0.01434492 0.01149529 0.00636037
v 0.01379866 0.00906475 0.01024087
v 0.01399711 0.00787405 0.01024087
v 0.01425488 0.00798455 0.01469973
v 0.01407484 0.00906475 0.01469973
v 0.01436947 0.00803364 0.01944777
v 0.01419761 0.00906475 0.01944777
v 0.01425488 0.01014500 0.01469973
v 0.01399711 0.01025546 0.01024087
v 0.01436947 0.01009591 0.01944777
v 0.01368203 0.01039050 0.00636037
v 0.01346108 0.00906475 0.00636037
v 0.01368203 0.00773901 0.00636037
v -0.01674442 0.01204155 0.01036537
v -0.01793512 0.01184310 0.01036537
v -0.01782467 0.01158529 0.01482910
v -0.01674442 0.01176533 0.01482910
v -0.01777558 0.01147075 0.01958031
v -0.01674442 0.01164261 0.01958031
v -0.01892742 0.01124775 0.01036537
v -0.01872487 0.01104521 0.01482910
v -0.01863483 0.01095517 0.01958031
v -0.01566421 0.01158529 0.01482910
v -0.01555372 0.01184310 0.01036537
v -0.01476401 0.01104521 0.01482910
v -0.01456146 0.01124775 0.01036537
v -0.01571330 0.01147075 0.01958031
v -0.01485405 0.01095517 0.01958031
v -0.01541867 0.01215814 0.00647664
v -0.01674442 0.01237909 0.00647664
v -0.01431392 0.01149529 0.00647664
v -0.01807016 0.01215814 0.00647664
v -0.01917496 0.01149529 0.00647664
v -0.01674442 0.00608800 0.01036537
v -0.01555372 0.00628645 0.01036537
v -0.01566421 0.00654422 0.01482910
v -0.01674442 0.00636417 0.01482910
v -0.01571330 0.00665880 0.01958031
v -0.01674442 0.00648695 0.01958031
v -0.01456146 0.00688180 0.01036537
v -0.01476401 0.00708434 0.01482910
v -0.01485405 0.00717439 0.01958031
v -0.01782467 0.00654422 0.01482910
v -0.01793512 0.00628645 0.01036537
v -0.01872487 0.00708434 0.01482910
v -0.01892742 0.00688180 0.01036537
v -0.01777558 0.00665880 0.01958031
v -0.01863483 0.00717439 0.01958031
v -0.01807016 0.00597137 0.00647664
v -0.01674442 0.00575042 0.00647664
v -0.01917496 0.00663426 0.00647664
v -0.01541867 0.00597137 0.00647664
v -0.01431392 0.00663426 0.00647664
v -0.01376766 0.00906475 0.01036537
v -0.01396611 0.01025546 0.01036537
v -0.01422388 0.01014500 0.01482910
v -0.01404384 0.00906475 0.01482910
v -0.01433847 0.01009591 0.01958031
v -0.01416661 0.00906475 0.01958031
v -0.01422388 0.00798455 0.01482910
v -0.01396611 0.00787405 0.01036537
v -0.01433847 0.00803364 0.01958031
v -0.01365103 0.00773901 0.00647664
v -0.01343008 0.00906475 0.00647664
v -0.01365103 0.01039050 0.00647664
v -0.01972122 0.00906475 0.01036537
v -0.01952277 0.00787405 0.01036537
v -0.01926495 0.00798455 0.01482910
v -0.01944500 0.00906475 0.01482910
v -0.01915041 0.00803364 0.01958031
v -0.01932227 0.00906475 0.01958031
v -0.01926495 0.01014500 0.01482910
v -0.01952277 0.01025546 0.01036537
v -0.01915041 0.01009591 0.01958031
v -0.01983781 0.01039050 0.00647664
v -0.02005876 0.00906475 0.00647664
v -0.01983781 0.00773906 0.00647664
v -0.02051820 0.00906475 0.03873918
v -0.02026562 0.00755674 0.03873645
v -0.01994512 0.00769719 0.03918698
v -0.02017789 0.00906475 0.03919803
v -0.01950981 0.00629940 0.03873368
v -0.01925405 0.00655513 0.03917594
v -0.01994512 0.01043232 0.03918698
v -0.02026562 0.01057281 0.03873645
v -0.01925405 0.01157438 0.03917594
v -0.01950981 0.01183015 0.03873368
v -0.02029611 0.01058690 0.03768097
v -0.02054979 0.00906475 0.03768097
v -0.02012425 0.01051327 0.03575747
v -0.02036566 0.00906475 0.03575747
v -0.01953504 0.01185538 0.03768097
v -0.01940000 0.01172033 0.03575747
v -0.02029611 0.00754265 0.03768097
v -0.01953504 0.00627418 0.03768097
v -0.02012425 0.00761628 0.03575747
v -0.01940000 0.00640922 0.03575747
v -0.01297068 0.00906475 0.03873918
v -0.01322322 0.01057281 0.03873645
v -0.01354376 0.01043232 0.03918698
v -0.01331099 0.00906475 0.03919803
v -0.01397907 0.01183015 0.03873368
v -0.01423479 0.01157438 0.03917594
v -0.01354376 0.00769719 0.03918698
v -0.01322322 0.00755674 0.03873645
v -0.01423479 0.00655513 0.03917594
v -0.01397907 0.00629940 0.03873368
v -0.01319277 0.00754260 0.03768097
v -0.01293909 0.00906475 0.03768097
v -0.01336463 0.00761628 0.03575747
v -0.01312322 0.00906475 0.03575747
v -0.01395384 0.00627418 0.03768097
v -0.01408888 0.00640922 0.03575747
v -0.01319277 0.01058690 0.03768097
v -0.01395384 0.01185538 0.03768097
v -0.01336463 0.01051327 0.03575747
v -0.01408888 0.01172033 0.03575747
v -0.01674442 0.00529102 0.03873918
v -0.01523640 0.00554356 0.03873645
v -0.01537686 0.00586409 0.03918698
v -0.01674442 0.00563133 0.03919803
v -0.01811198 0.00586409 0.03918698
v -0.01825248 0.00554356 0.03873645
v -0.01826657 0.00551310 0.03768097
v -0.01674442 0.00525943 0.03768097
v -0.01819293 0.00568496 0.03575747
v -0.01674442 0.00544356 0.03575747
v -0.01522227 0.00551310 0.03768097
v -0.01529595 0.00568496 0.03575747
v -0.01674442 0.01283854 0.03873918
v -0.01825248 0.01258595 0.03873645
v -0.01811198 0.01226546 0.03918698
v -0.01674442 0.01249823 0.03919803
v -0.01537686 0.01226546 0.03918698
v -0.01523640 0.01258595 0.03873645
v -0.01522227 0.01261645 0.03768097
v -0.01674442 0.01287013 0.03768097
v -0.01529595 0.01244459 0.03575747
v -0.01674442 0.01268600 0.03575747
v -0.01826657 0.01261645 0.03768097
v -0.01819293 0.01244459 0.03575747
v 0.01677541 -0.02743188 0.02877557
v 0.01796612 -0.02723343 0.02877557
v 0.01810116 -0.02754847 0.03265667
v 0.01677541 -0.02776942 0.03265667
v 0.01895841 -0.02663808 0.02877557
v 0.01920595 -0.02688562 0.03265667
v 0.01544967 -0.02754847 0.03265667
v 0.01558471 -0.02723343 0.02877557
v 0.01434492 -0.02688562 0.03265667
v 0.01459246 -0.02663808 0.02877557
v 0.01569521 -0.02697561 0.02433576
v 0.01677541 -0.02715566 0.02433576
v 0.01479500 -0.02643554 0.02433576
v 0.01785566 -0.02697561 0.02433576
v 0.01875587 -0.02643554 0.02433576
v 0.01677541 -0.02147832 0.02877557
v 0.01558471 -0.02167677 0.02877557
v 0.01544967 -0.02136169 0.03265667
v 0.01677541 -0.02114074 0.03265667
v 0.01459246 -0.02227212 0.02877557
v 0.01434492 -0.02202458 0.03265667
v 0.01810116 -0.02136169 0.03265667
v 0.01796612 -0.02167677 0.02877557
v 0.01920595 -0.02202458 0.03265667
v 0.01895841 -0.02227212 0.02877557
v 0.01785566 -0.02193454 0.02433576
v 0.01677541 -0.02175450 0.02433576
v 0.01875587 -0.02247467 0.02433576
v 0.01569521 -0.02193454 0.02433576
v 0.01479500 -0.02247467 0.02433576
v 0.01975222 -0.02445508 0.02877557
v 0.01955376 -0.02326438 0.02877557
v 0.01986880 -0.02312938 0.03265667
v 0.02008975 -0.02445508 0.03265667
v 0.01986880 -0.02578082 0.03265667
v 0.01955376 -0.02564578 0.02877557
v 0.01929595 -0.02553533 0.02433576
v 0.01947599 -0.02445508 0.02433576
v 0.01929595 -0.02337487 0.02433576
v 0.01379866 -0.02445508 0.02877557
v 0.01399711 -0.02564578 0.02877557
v 0.01368203 -0.02578082 0.03265667
v 0.01346108 -0.02445508 0.03265667
v 0.01368203 -0.02312933 0.03265667
v 0.01399711 -0.02326438 0.02877557
v 0.01425488 -0.02337487 0.02433576
v 0.01407484 -0.02445508 0.02433576
v 0.01425488 -0.02553533 0.02433576
v -0.01376766 -0.02445508 0.02895411
v -0.01396611 -0.02326438 0.02895411
v -0.01365103 -0.02312933 0.03288044
v -0.01343008 -0.02445508 0.03288044
v -0.01456146 -0.02227212 0.02895411
v -0.01431392 -0.02202458 0.03288044
v -0.01365103 -0.02578082 0.03288044
v -0.01396611 -0.02564578 0.02895411
v -0.01431392 -0.02688562 0.03288044
v -0.01456146 -0.02663808 0.02895411
v -0.01422388 -0.02553533 0.02444916
v -0.01404384 -0.02445508 0.02444916
v -0.01476401 -0.02643554 0.02444916
v -0.01422388 -0.02337487 0.02444916
v -0.01476401 -0.02247467 0.02444916
v -0.01674442 -0.02147832 0.02895411
v -0.01793512 -0.02167677 0.02895411
v -0.01807016 -0.02136169 0.03288044
v -0.01674442 -0.02114074 0.03288044
v -0.01892742 -0.02227212 0.02895411
v -0.01917496 -0.02202458 0.03288044
v -0.01541867 -0.02136169 0.03288044
v -0.01555372 -0.02167677 0.02895411
v -0.01566421 -0.02193454 0.02444916
v -0.01674442 -0.02175450 0.02444916
v -0.01782467 -0.02193454 0.02444916
v -0.01872487 -0.02247467 0.02444916
v -0.01972122 -0.02445508 0.02895411
v -0.01952277 -0.02564578 0.02895411
v -0.01983781 -0.02578082 0.03288044
v -0.02005876 -0.02445508 0.03288044
v -0.01892742 -0.02663808 0.02895411
v -0.01917496 -0.02688562 0.03288044
v -0.01983781 -0.02312933 0.03288044
v -0.01952277 -0.02326438 0.02895411
v -0.01926495 -0.02337487 0.02444916
v -0.01944500 -0.02445508 0.02444916
v -0.01926495 -0.02553533 0.02444916
v -0.01872487 -0.02643554 0.02444916
v -0.01674442 -0.02743188 0.02895411
v -0.01555372 -0.02723343 0.02895411
v -0.01541872 -0.02754847 0.03288044
v -0.01674442 -0.02776942 0.03288044
v -0.01807016 -0.02754847 0.03288044
v -0.01793512 -0.02723343 0.02895411
v -0.01782467 -0.02697561 0.02444916
v -0.01674442 -0.02715566 0.02444916
v -0.01566421 -0.02697561 0.02444916
v -0.01972122 0.00906475 0.02879998
v -0.01952277 0.00787405 0.02879998
v -0.01983781 0.00773901 0.03270290
v -0.02005876 0.00906475 0.03270290
v -0.01892742 0.00688180 0.02879998
v -0.01917496 0.00663426 0.03270290
v -0.01983781 0.01039050 0.03270290
v -0.01952277 0.01025546 0.02879998
v -0.01917496 0.01149529 0.03270290
v -0.01892742 0.01124775 0.02879998
v -0.01926495 0.01014500 0.02433153
v -0.01944500 0.00906475 0.02433153
v -0.01872487 0.01104521 0.02433153
v -0.01926495 0.00798455 0.02433153
v -0.01872487 0.00708434 0.02433153
v -0.01376766 0.00906475 0.02879998
v -0.01396611 0.01025546 0.02879998
v -0.01365103 0.01039050 0.03270290
v -0.01343008 0.00906475 0.03270290
v -0.01456146 0.01124775 0.02879998
v -0.01431392 0.01149529 0.03270290
v -0.01365103 0.00773901 0.03270290
v -0.01396611 0.00787405 0.02879998
v -0.01431392 0.00663426 0.03270290
v -0.01456146 0.00688180 0.02879998
v -0.01422388 0.00798455 0.02433153
v -0.01404384 0.00906475 0.02433153
v -0.01476401 0.00708434 0.02433153
v -0.01422388 0.01014500 0.02433153
v -0.01476401 0.01104521 0.02433153
v -0.01674442 0.00608800 0.02879998
v -0.01555372 0.00628645 0.02879998
v -0.01541867 0.00597137 0.03270290
v -0.01674442 0.00575042 0.03270290
v -0.01807016 0.00597137 0.03270290
v -0.01793512 0.00628645 0.02879998
v -0.01782467 0.00654422 0.02433153
v -0.01674442 0.00636417 0.02433153
v -0.01566421 0.00654422 0.02433153
v -0.01674442 0.01204155 0.02879998
v -0.01793512 0.01184310 0.02879998
v -0.01807016 0.01215814 0.03270290
v -0.01674442 0.01237909 0.03270290
v -0.01541867 0.01215814 0.03270290
v -0.01555372 0.01184310 0.02879998
v -0.01566421 0.01158529 0.02433153
v -0.01674442 0.01176533 0.02433153
v -0.01782467 0.01158529 0.02433153
v 0.01379866 0.00906475 0.02866353
v 0.01399711 0.00787405 0.02866353
v 0.01368203 0.00773901 0.03257062
v 0.01346108 0.00906475 0.03257062
v 0.01459246 0.00688180 0.02866353
v 0.01434492 0.00663426 0.03257062
v 0.01368203 0.01039050 0.03257062
v 0.01399711 0.01025546 0.02866353
v 0.01434492 0.01149529 0.03257062
v 0.01459246 0.01124775 0.02866353
v 0.01425488 0.01014500 0.02419580
v 0.01407484 0.00906475 0.02419580
v 0.01479500 0.01104521 0.02419580
v 0.01425488 0.00798455 0.02419580
v 0.01479500 0.00708434 0.02419580
v 0.01677541 0.01204155 0.02866353
v 0.01558471 0.01184310 0.02866353
v 0.01544972 0.01215814 0.03257062
v 0.01677541 0.01237909 0.03257062
v 0.01810116 0.01215814 0.03257062
v 0.01796612 0.01184310 0.02866353
v 0.01920595 0.01149529 0.03257062
v 0.01895841 0.01124775 0.02866353
v 0.01785566 0.01158529 0.02419580
v 0.01677541 0.01176533 0.02419580
v 0.01875587 0.01104521 0.02419580
v 0.01569521 0.01158529 0.02419580
v 0.01975222 0.00906475 0.02866353
v 0.01955376 0.01025546 0.02866353
v 0.01986880 0.01039050 0.03257062
v 0.02008975 0.00906475 0.03257062
v 0.01986880 0.00773901 0.03257062
v 0.01955376 0.00787405 0.02866353
v 0.01920595 0.00663426 0.03257062
v 0.01895841 0.00688180 0.02866353
v 0.01929595 0.00798455 0.02419580
v 0.01947599 0.00906475 0.02419580
v 0.01875587 0.00708434 0.02419580
v 0.01929595 0.01014500 0.02419580
v 0.01677541 0.00608800 0.02866353
v 0.01796612 0.00628645 0.02866353
v 0.01810116 0.00597137 0.03257062
v 0.01677541 0.00575042 0.03257062
v 0.01544967 0.00597137 0.03257062
v 0.01558471 0.00628645 0.02866353
v 0.01569521 0.00654422 0.02419580
v 0.01677541 0.00636417 0.02419580
v 0.01785566 0.00654422 0.02419580
v -0.01987917 -0.02649072 0.04067300
v -0.01987994 -0.02577069 0.04068100
v -0.01944981 -0.02574655 0.04067736
v -0.01944741 -0.02649072 0.04066914
v -0.01869901 -0.02574655 0.04067736
v -0.01869642 -0.02649072 0.04066914
v -0.01988312 -0.02517038 0.04070491
v -0.01945500 -0.02512643 0.04070200
v -0.01870469 -0.02512643 0.04070200
v -0.01944709 -0.02723484 0.04067736
v -0.01987703 -0.02721070 0.04068100
v -0.01944818 -0.02785496 0.04070200
v -0.01987608 -0.02781101 0.04070491
v -0.01869633 -0.02723484 0.04067736
v -0.01869801 -0.02785496 0.04070200
v -0.02007830 -0.02713839 0.04069195
v -0.02008557 -0.02649072 0.04068463
v -0.02015153 -0.02709016 0.04071363
v -0.02016466 -0.02649072 0.04070782
v -0.02007217 -0.02767924 0.04071363
v -0.02012757 -0.02750124 0.04072541
v -0.02008157 -0.02584300 0.04069195
v -0.02007948 -0.02530215 0.04071363
v -0.02015571 -0.02589128 0.04071363
v -0.02013503 -0.02548015 0.04072541
v -0.01987858 0.00817068 0.04074186
v -0.01987758 0.00915389 0.04076250
v -0.01944822 0.00927148 0.04075304
v -0.01944727 0.00825514 0.04073186
v -0.01869810 0.00942561 0.04075304
v -0.01869665 0.00840840 0.04073186
v -0.01987771 0.00997773 0.04082422
v -0.01945100 0.01012287 0.04081668
v -0.01870247 0.01027818 0.04081668
v -0.01944822 0.00724316 0.04075304
v -0.01987758 0.00719189 0.04076250
v -0.01945104 0.00640490 0.04081668
v -0.01987771 0.00638022 0.04082422
v -0.01869810 0.00739615 0.04075304
v -0.01870251 0.00655858 0.04081668
v -0.02007794 0.00725566 0.04079077
v -0.02008394 0.00813527 0.04077191
v -0.02014994 0.00731497 0.04084672
v -0.02016125 0.00812846 0.04083172
v -0.02007267 0.00652490 0.04084672
v -0.02012707 0.00676139 0.04087718
v -0.02007794 0.00902035 0.04079077
v -0.02007267 0.00976315 0.04084672
v -0.02014994 0.00894826 0.04084672
v -0.02012707 0.00951474 0.04087718
v 0.01622593 0.00892230 0.04074904
v 0.01625152 0.00990464 0.04077441
v 0.01758635 0.00965460 0.04076281
v 0.01758371 0.00863572 0.04073672
v 0.01875824 0.00940975 0.04076281
v 0.01875651 0.00839227 0.04073672
v 0.01628420 0.01073040 0.04085036
v 0.01759431 0.01051040 0.04084108
v 0.01876342 0.01026355 0.04084108
v 0.01758635 0.00762401 0.04076281
v 0.01625152 0.00793887 0.04077441
v 0.01759431 0.00678976 0.04084108
v 0.01628420 0.00712829 0.04085036
v 0.01875824 0.00738083 0.04076281
v 0.01876342 0.00654508 0.04084108
v 0.01502236 0.00830536 0.04080922
v 0.01493004 0.00920348 0.04078600
v 0.01404702 0.00859590 0.04087809
v 0.01388270 0.00944311 0.04085959
v 0.01512263 0.00756251 0.04087809
v 0.01437947 0.00797410 0.04091554
v 0.01502236 0.01007278 0.04080922
v 0.01512263 0.01080363 0.04087809
v 0.01404702 0.01022946 0.04087809
v 0.01437947 0.01072745 0.04091554
v 0.01622256 -0.02649072 0.04067454
v 0.01624806 -0.02577069 0.04068354
v 0.01758585 -0.02574655 0.04067941
v 0.01758272 -0.02649072 0.04067018
v 0.01875905 -0.02574655 0.04067941
v 0.01875619 -0.02649072 0.04067018
v 0.01627802 -0.02517038 0.04071045
v 0.01759303 -0.02512643 0.04070718
v 0.01876542 -0.02512643 0.04070718
v 0.01758294 -0.02723484 0.04067941
v 0.01624515 -0.02721075 0.04068354
v 0.01758576 -0.02785496 0.04070718
v 0.01627097 -0.02781105 0.04071045
v 0.01875601 -0.02723484 0.04067941
v 0.01875787 -0.02785496 0.04070718
v 0.01501000 -0.02713839 0.04069586
v 0.01492104 -0.02649072 0.04068763
v 0.01402429 -0.02709016 0.04072027
v 0.01386334 -0.02649072 0.04071373
v 0.01510254 -0.02767924 0.04072027
v 0.01435260 -0.02750124 0.04073354
v 0.01501309 -0.02584300 0.04069586
v 0.01510950 -0.02530215 0.04072027
v 0.01402811 -0.02589128 0.04072027
v 0.01435947 -0.02548015 0.04073354
v -0.01789285 -0.02835277 0.05577799
v -0.01879969 -0.02841304 0.05578918
v -0.01871342 -0.02847508 0.05387554
v -0.01778040 -0.02841304 0.05387554
v -0.01859792 -0.02847508 0.05165958
v -0.01762308 -0.02841304 0.05165958
v -0.01962531 -0.02841304 0.05578918
v -0.01955354 -0.02847508 0.05387554
v -0.01946950 -0.02847508 0.05165958
v -0.01691678 -0.02822704 0.05387554
v -0.01707132 -0.02817191 0.05574440
v -0.01628484 -0.02785496 0.05387554
v -0.01648188 -0.02781101 0.05572204
v -0.01671237 -0.02822704 0.05165958
v -0.01603329 -0.02785496 0.05165958
v -0.01726236 -0.02800655 0.05716878
v -0.01802039 -0.02817191 0.05730310
v -0.01745831 -0.02767924 0.05817272
v -0.01819348 -0.02781101 0.05841730
v -0.01673760 -0.02767924 0.05707929
v -0.01702768 -0.02750124 0.05784231
v -0.01890455 -0.02822704 0.05734782
v -0.01972867 -0.02822704 0.05734782
v -0.01907582 -0.02785496 0.05849880
v -0.01990740 -0.02785496 0.05849880
v -0.02235630 0.00691157 0.08437421
v -0.02386222 0.00629100 0.08392676
v -0.02385222 0.00621804 0.08292551
v -0.02235230 0.00684289 0.08336250
v -0.02382799 0.00621904 0.08186244
v -0.02233757 0.00684348 0.08228807
v -0.02503865 0.00582505 0.08355881
v -0.02502351 0.00574832 0.08256597
v -0.02499106 0.00574955 0.08151217
v -0.02055511 0.00762078 0.08385053
v -0.02055293 0.00768546 0.08487424
v -0.01849193 0.00854972 0.08436320
v -0.01848411 0.00861140 0.08540000
v -0.02054984 0.00762078 0.08276319
v -0.01849484 0.00854895 0.08326191
v -0.02054779 0.00787792 0.08576490
v -0.02235457 0.00711711 0.08525500
v -0.02054425 0.00826104 0.08645316
v -0.02235230 0.00752711 0.08593685
v -0.01847565 0.00879326 0.08630161
v -0.01847061 0.00915462 0.08699733
v -0.02386368 0.00651013 0.08479915
v -0.02504279 0.00605627 0.08442461
v -0.02386236 0.00694784 0.08547577
v -0.02504215 0.00651835 0.08509723
v 0.02198199 -0.02629099 0.05578258
v 0.02157849 -0.02721075 0.05574495
v 0.02151118 -0.02723484 0.05387758
v 0.02191367 -0.02631558 0.05388953
v 0.02138045 -0.02723484 0.05166476
v 0.02174972 -0.02635295 0.05168185
v 0.02120841 -0.02781105 0.05572254
v 0.02114496 -0.02785496 0.05387758
v 0.02104664 -0.02785496 0.05166476
v 0.02231252 -0.02504616 0.05392540
v 0.02237434 -0.02497179 0.05580595
v 0.02264670 -0.02327610 0.05404144
v 0.02269752 -0.02316470 0.05584145
v 0.02212330 -0.02519565 0.05173322
v 0.02248798 -0.02356105 0.05186376
v 0.02236271 -0.02494679 0.05735469
v 0.02198212 -0.02626663 0.05730478
v 0.02229002 -0.02494639 0.05850712
v 0.02191894 -0.02625449 0.05841935
v 0.02268174 -0.02312706 0.05736501
v 0.02260806 -0.02312597 0.05851962
v 0.02160613 -0.02713839 0.05716878
v 0.02126768 -0.02767924 0.05707929
v 0.02156895 -0.02709016 0.05817272
v 0.02132536 -0.02750124 0.05784231
v -0.01704555 -0.02841304 0.04671469
v -0.01817398 -0.02847508 0.04671469
v -0.01794171 -0.02847508 0.04445733
v -0.01672905 -0.02841304 0.04445733
v -0.01774662 -0.02847508 0.04265773
v -0.01646320 -0.02841304 0.04265773
v -0.01916114 -0.02847508 0.04671469
v -0.01899223 -0.02847508 0.04445733
v -0.01885051 -0.02847508 0.04265773
v -0.01555099 -0.02822704 0.04445733
v -0.01596216 -0.02822704 0.04671469
v -0.01460410 -0.02785496 0.04445733
v -0.01511009 -0.02785496 0.04671469
v -0.01520559 -0.02822704 0.04265773
v -0.01417906 -0.02785496 0.04265773
v -0.01637174 -0.02822704 0.04919404
v -0.01736081 -0.02841304 0.04919404
v -0.01561412 -0.02785496 0.04919404
v -0.01840543 -0.02847508 0.04919404
v -0.01932945 -0.02847508 0.04919404
v -0.02123246 -0.02437385 0.04661705
v -0.02082297 -0.02430499 0.04659987
v -0.02032461 -0.02450630 0.04445733
v -0.02073915 -0.02456835 0.04445733
v -0.01990630 -0.02450630 0.04265773
v -0.02032843 -0.02456835 0.04265773
v -0.02013498 -0.02430395 0.04659987
v -0.01961472 -0.02450630 0.04445733
v -0.01917782 -0.02450630 0.04265773
v -0.02092951 -0.02475439 0.04445733
v -0.02142473 -0.02457894 0.04666869
v -0.02096692 -0.02512643 0.04445733
v -0.02144586 -0.02498861 0.04671742
v -0.02052702 -0.02475439 0.04265773
v -0.02058475 -0.02512643 0.04265773
v -0.02194922 -0.02405259 0.04900996
v -0.02173186 -0.02379046 0.04880351
v -0.02239398 -0.02286957 0.05098219
v -0.02214939 -0.02259103 0.05062892
v -0.02196949 -0.02457512 0.04920500
v -0.02252011 -0.02356087 0.05186021
v -0.02131959 -0.02370096 0.04873469
v -0.02065338 -0.02369678 0.04873469
v -0.02173272 -0.02249285 0.05051120
v -0.02108455 -0.02248248 0.05051120
v -0.02115728 -0.02647190 0.04671755
v -0.02134177 -0.02567137 0.04672610
v -0.02092265 -0.02574655 0.04445733
v -0.02081788 -0.02649072 0.04445733
v -0.02058434 -0.02574655 0.04265773
v -0.02053693 -0.02649072 0.04265773
v -0.02067393 -0.02723484 0.04445733
v -0.02093715 -0.02723484 0.04671469
v -0.02051202 -0.02785496 0.04445733
v -0.02071088 -0.02785496 0.04671469
v -0.02045370 -0.02723484 0.04265773
v -0.02034579 -0.02785496 0.04265773
v -0.02119987 -0.02723484 0.04919404
v -0.02150359 -0.02641554 0.04920545
v -0.02141859 -0.02723484 0.05165958
v -0.02179172 -0.02635295 0.05167686
v -0.02090937 -0.02785496 0.04919404
v -0.02107469 -0.02785496 0.05165958
v -0.02179054 -0.02544588 0.04923963
v -0.02216353 -0.02519561 0.05172863
v 0.01416638 0.01050145 0.04696300
v 0.01435738 0.01131989 0.04699759
v 0.01397884 0.01106180 0.04486459
v 0.01377834 0.01020250 0.04486459
v 0.01356439 0.01089649 0.04310077
v 0.01335231 0.00998901 0.04310077
v 0.01494073 0.01186824 0.04704850
v 0.01458028 0.01166556 0.04486459
v 0.01420056 0.01154266 0.04310077
v 0.01397884 0.00922920 0.04486459
v 0.01437087 0.00953902 0.04700159
v 0.01458028 0.00828359 0.04486459
v 0.01496436 0.00856744 0.04703918
v 0.01356439 0.00897439 0.04310077
v 0.01420056 0.00800682 0.04310077
v 0.01457192 0.00987742 0.04926286
v 0.01432824 0.01090494 0.04910850
v 0.01426233 0.01043736 0.05116500
v 0.01401361 0.01148548 0.05090033
v 0.01522331 0.00877594 0.04941313
v 0.01514900 0.00879349 0.05213089
v 0.01451801 0.01171392 0.04924673
v 0.01512881 0.01219514 0.04945040
v 0.01418147 0.01228187 0.05114087
v 0.01487364 0.01278758 0.05205253
v 0.02059597 0.00836704 0.04704541
v 0.02058992 0.00731529 0.04705223
v 0.02043161 0.00729334 0.04486459
v 0.02044620 0.00830150 0.04486459
v 0.02031120 0.00722025 0.04310077
v 0.02032402 0.00823018 0.04310077
v 0.02055065 0.00644340 0.04704218
v 0.02038779 0.00646431 0.04486459
v 0.02027270 0.00638645 0.04310077
v 0.02043161 0.00931834 0.04486459
v 0.02057561 0.00939979 0.04704327
v 0.02038779 0.01017337 0.04486459
v 0.02052524 0.01025750 0.04704345
v 0.02031120 0.00924643 0.04310077
v 0.02027270 0.01009923 0.04310077
v 0.02071942 0.00947883 0.04942945
v 0.02075274 0.00839972 0.04943799
v 0.02083915 0.00954343 0.05181599
v 0.02088687 0.00841463 0.05182799
v 0.02066242 0.01033923 0.04943036
v 0.02077660 0.01040604 0.05181822
v 0.02077669 0.00721284 0.04946527
v 0.02076406 0.00620100 0.04942518
v 0.02094673 0.00708207 0.05186812
v 0.02106605 0.00546347 0.05197362
v -0.01418970 0.01048568 0.04688759
v -0.01439115 0.00952320 0.04692659
v -0.01399275 0.00920771 0.04476696
v -0.01379584 0.01018173 0.04476696
v -0.01357553 0.00895017 0.04299336
v -0.01336722 0.00996596 0.04299336
v -0.01497464 0.00855513 0.04696450
v -0.01458351 0.00826495 0.04476696
v -0.01420047 0.00798496 0.04299336
v -0.01399275 0.01104453 0.04476696
v -0.01437742 0.01130689 0.04692232
v -0.01458351 0.01165370 0.04476696
v -0.01495073 0.01185997 0.04697350
v -0.01357553 0.01087731 0.04299336
v -0.01420047 0.01152916 0.04299336
v -0.01454614 0.01170611 0.04919968
v -0.01435910 0.01089517 0.04906077
v -0.01421738 0.01227859 0.05111914
v -0.01405148 0.01148098 0.05087760
v -0.01514777 0.01219132 0.04940431
v -0.01490368 0.01278772 0.05203594
v -0.01460092 0.00986833 0.04921677
v -0.01524350 0.00877090 0.04936836
v -0.01429956 0.01043391 0.05114464
v -0.01518313 0.00879440 0.05211871
v 0.02027798 0.00577042 0.04694305
v 0.01989667 0.00583832 0.04692618
v 0.01973849 0.00584460 0.04486459
v 0.02012684 0.00579751 0.04486459
v 0.01963040 0.00572323 0.04310077
v 0.02002548 0.00569737 0.04310077
v 0.01925100 0.00609577 0.04692618
v 0.01906400 0.00606868 0.04486459
v 0.01893005 0.00591682 0.04310077
v 0.02031475 0.00598491 0.04486459
v 0.02047134 0.00595028 0.04699377
v 0.02020852 0.00589864 0.04310077
v 0.02068756 0.00564692 0.04923150
v 0.02049024 0.00545697 0.04902873
v 0.02097905 0.00484234 0.05110873
v 0.02077665 0.00467680 0.05076101
v 0.02011525 0.00553742 0.04896109
v 0.01949604 0.00582369 0.04896109
v 0.02040466 0.00477489 0.05064515
v 0.01980417 0.00507807 0.05064515
v 0.01460232 -0.02647122 0.04673360
v 0.01494686 -0.02566855 0.04674214
v 0.01424892 -0.02574655 0.04447801
v 0.01394634 -0.02649072 0.04447801
v 0.01366207 -0.02574655 0.04268046
v 0.01339476 -0.02649072 0.04268046
v 0.01565598 -0.02498375 0.04673351
v 0.01494868 -0.02512643 0.04447801
v 0.01435410 -0.02512643 0.04268046
v 0.01405402 -0.02723484 0.04447801
v 0.01464273 -0.02723484 0.04673073
v 0.01458492 -0.02785496 0.04447801
v 0.01508831 -0.02785496 0.04673073
v 0.01355898 -0.02723484 0.04268046
v 0.01416161 -0.02785496 0.04268046
v 0.01522886 -0.02723484 0.04920441
v 0.01525549 -0.02641267 0.04921582
v 0.01571626 -0.02723484 0.05166476
v 0.01578825 -0.02634745 0.05168226
v 0.01558953 -0.02785496 0.04920441
v 0.01600634 -0.02785496 0.05166476
v 0.01564203 -0.02543456 0.04925013
v 0.01636052 -0.02455567 0.04921559
v 0.01617843 -0.02517352 0.05173481
v 0.01694118 -0.02350233 0.05186717
v 0.01793171 -0.02436944 0.04663310
v 0.01914827 -0.02430254 0.04661587
v 0.01858529 -0.02450635 0.04447801
v 0.01730886 -0.02456835 0.04447801
v 0.01811189 -0.02450635 0.04268046
v 0.01678519 -0.02456835 0.04268046
v 0.02018384 -0.02430408 0.04661587
v 0.01966985 -0.02450635 0.04447801
v 0.01923782 -0.02450635 0.04268046
v 0.01603270 -0.02475439 0.04447801
v 0.01670923 -0.02457362 0.04668473
v 0.01546385 -0.02475439 0.04268046
v 0.01738313 -0.02403127 0.04902046
v 0.01855188 -0.02377273 0.04881387
v 0.01795512 -0.02280989 0.05098837
v 0.01907050 -0.02254512 0.05063438
v 0.01970885 -0.02369123 0.04874505
v 0.02069569 -0.02369723 0.04874505
v 0.02017502 -0.02246853 0.05051638
v 0.02112132 -0.02248362 0.05051638
v -0.02063683 0.00836159 0.04696982
v -0.02061238 0.00939488 0.04696759
v -0.02046761 0.00931152 0.04476696
v -0.02048652 0.00829409 0.04476696
v -0.02034666 0.00923879 0.04299336
v -0.02036407 0.00822186 0.04299336
v -0.02055002 0.01025505 0.04696782
v -0.02041088 0.01016900 0.04476696
v -0.02029448 0.01009396 0.04299336
v -0.02046761 0.00728725 0.04476696
v -0.02062702 0.00731134 0.04697696
v -0.02041088 0.00646154 0.04476696
v -0.02057588 0.00644326 0.04696714
v -0.02034666 0.00721298 0.04299336
v -0.02029448 0.00638199 0.04299336
v -0.02081547 0.00721116 0.04941818
v -0.02079429 0.00839659 0.04938959
v -0.02098760 0.00708207 0.05184617
v -0.02092924 0.00841350 0.05180408
v -0.02079233 0.00620350 0.04937895
v -0.02109937 0.00546738 0.05195680
v -0.02075701 0.00947625 0.04938063
v -0.02068892 0.01033909 0.04938159
v -0.02087742 0.00954297 0.05179153
v -0.02080456 0.01040804 0.05179390
v -0.01463873 -0.02647122 0.04671755
v -0.01467569 -0.02723484 0.04671469
v -0.01408511 -0.02723484 0.04445733
v -0.01398102 -0.02649072 0.04445733
v -0.01358903 -0.02723484 0.04265773
v -0.01342853 -0.02649072 0.04265773
v -0.01427874 -0.02574655 0.04445733
v -0.01497905 -0.02566855 0.04672623
v -0.01496541 -0.02512643 0.04445733
v -0.01567594 -0.02498370 0.04671764
v -0.01369085 -0.02574655 0.04265773
v -0.01436910 -0.02512643 0.04265773
v -0.01567762 -0.02543451 0.04924013
v -0.01529422 -0.02641267 0.04920559
v -0.01621770 -0.02517347 0.05173022
v -0.01582916 -0.02634745 0.05167722
v -0.01638515 -0.02455557 0.04920577
v -0.01697273 -0.02350214 0.05186362
v -0.01526400 -0.02723484 0.04919404
v -0.01575330 -0.02723484 0.05165958
v -0.02022957 0.01109103 0.04696855
v -0.01982958 0.01127393 0.04696923
v -0.01969549 0.01117603 0.04476696
v -0.02010435 0.01099671 0.04476696
v -0.01958213 0.01109089 0.04299336
v -0.01999898 0.01091467 0.04299336
v -0.01917505 0.01143816 0.04697032
v -0.01901019 0.01133834 0.04476696
v -0.01887024 0.01125139 0.04299336
v -0.02031630 0.01069586 0.04476696
v -0.02044606 0.01078594 0.04696809
v -0.02020748 0.01061749 0.04299336
v -0.02057547 0.01087394 0.04938272
v -0.02035425 0.01118335 0.04938449
v -0.02068320 0.01094621 0.05179681
v -0.02045784 0.01125912 0.05180117
v -0.01996271 0.01136975 0.04938727
v -0.01933841 0.01153570 0.04939154
v -0.02007326 0.01144843 0.05180817
v -0.01947400 0.01161579 0.05181885
v 0.01707764 0.01191197 0.04705118
v 0.01823593 0.01167879 0.04704741
v 0.01801775 0.01158224 0.04486459
v 0.01679291 0.01180370 0.04486459
v 0.01783126 0.01149679 0.04310077
v 0.01653965 0.01171561 0.04310077
v 0.01922109 0.01142738 0.04704586
v 0.01906400 0.01132989 0.04486459
v 0.01893005 0.01124403 0.04310077
v 0.01558271 0.01187215 0.04486459
v 0.01591339 0.01202037 0.04705895
v 0.01526086 0.01177329 0.04310077
v 0.01614820 0.01223946 0.04949231
v 0.01733590 0.01203560 0.04946127
v 0.01630433 0.01246305 0.05194358
v 0.01754017 0.01214778 0.05188808
v 0.01845151 0.01177238 0.04944613
v 0.01937650 0.01152225 0.04943995
v 0.01863006 0.01184892 0.05185762
v 0.01950527 0.01159988 0.05184217
v 0.02025680 -0.02841304 0.04673073
v 0.01985512 -0.02847508 0.04673073
v 0.01972458 -0.02847508 0.04447801
v 0.02012875 -0.02841304 0.04447801
v 0.01961508 -0.02847508 0.04268046
v 0.02002157 -0.02841304 0.04268046
v 0.01920386 -0.02847508 0.04673073
v 0.01904178 -0.02847508 0.04447801
v 0.01890560 -0.02847508 0.04268046
v 0.02035116 -0.02822704 0.04447801
v 0.02050252 -0.02822704 0.04673073
v 0.02048879 -0.02785496 0.04447801
v 0.02068597 -0.02785496 0.04673073
v 0.02022461 -0.02822704 0.04268046
v 0.02032384 -0.02785496 0.04268046
v 0.02065361 -0.02822704 0.04920441
v 0.02038457 -0.02841304 0.04920441
v 0.02077938 -0.02822704 0.05166476
v 0.02049093 -0.02841304 0.05166476
v 0.02088278 -0.02785496 0.04920441
v 0.01998530 -0.02847508 0.04920441
v 0.01936536 -0.02847508 0.04920441
v 0.02009362 -0.02847508 0.05166476
v 0.01949972 -0.02847508 0.05166476
v 0.02111741 -0.02647190 0.04673355
v 0.02090078 -0.02723484 0.04673073
v 0.02063842 -0.02723484 0.04447801
v 0.02077883 -0.02649072 0.04447801
v 0.02041884 -0.02723484 0.04268046
v 0.02049829 -0.02649072 0.04268046
v 0.02088865 -0.02574655 0.04447801
v 0.02130636 -0.02567141 0.04674205
v 0.02094660 -0.02512643 0.04447801
v 0.02142309 -0.02498866 0.04673332
v 0.02055102 -0.02574655 0.04268046
v 0.02056574 -0.02512643 0.04268046
v 0.02175294 -0.02544588 0.04924959
v 0.02146268 -0.02641554 0.04921568
v 0.02194312 -0.02457521 0.04921482
v 0.02116255 -0.02723484 0.04920441
v -0.01707891 0.00702625 0.04686950
v -0.01822357 0.00649853 0.04685050
v -0.01796885 0.00641895 0.04476696
v -0.01675901 0.00688557 0.04476696
v -0.01777649 0.00622054 0.04299336
v -0.01650056 0.00664576 0.04299336
v -0.01920482 0.00611504 0.04685050
v -0.01901019 0.00608100 0.04476696
v -0.01887024 0.00592419 0.04299336
v -0.01556808 0.00749592 0.04476696
v -0.01593325 0.00771733 0.04692646
v -0.01524199 0.00722534 0.04299336
v -0.01625879 0.00774824 0.04921623
v -0.01742818 0.00688676 0.04898828
v -0.01664037 0.00716234 0.05113900
v -0.01781835 0.00621472 0.05075028
v -0.01853315 0.00627277 0.04891228
v -0.01945759 0.00584991 0.04891228
v -0.01889010 0.00555506 0.05062074
v -0.01977181 0.00510934 0.05062074
v -0.02156272 -0.02628399 0.05942537
v -0.02116482 -0.02628936 0.05953751
v -0.02153272 -0.02494116 0.05966109
v -0.02193567 -0.02494384 0.05954500
v -0.02183931 -0.02311297 0.05967805
v -0.02224798 -0.02311965 0.05956046
v -0.02056261 -0.02628831 0.05953782
v -0.02092001 -0.02493702 0.05966241
v -0.02121787 -0.02310265 0.05968137
v -0.02218039 -0.02494539 0.05919879
v -0.02180876 -0.02626631 0.05908942
v -0.02231839 -0.02494625 0.05850716
v -0.02194649 -0.02625445 0.05841935
v -0.02249620 -0.02312356 0.05921292
v -0.02263616 -0.02312570 0.05851966
v -0.02145182 -0.02713839 0.05878016
v -0.02119346 -0.02721070 0.05908711
v -0.02116669 -0.02767924 0.05817272
v -0.02088883 -0.02781101 0.05841730
v -0.02159336 -0.02709016 0.05817272
v -0.02134537 -0.02750124 0.05784231
v -0.02079697 -0.02723484 0.05918938
v -0.02020521 -0.02723484 0.05918938
v -0.02049038 -0.02785496 0.05849880
v -0.02638458 0.00785882 0.08515564
v -0.02586068 0.00798900 0.08539464
v -0.02586191 0.00894603 0.08528318
v -0.02638176 0.00880558 0.08505037
v -0.02586318 0.00974333 0.08490387
v -0.02637894 0.00959506 0.08468624
v -0.02504501 0.00821073 0.08566154
v -0.02504760 0.00913343 0.08554677
v -0.02505038 0.00990205 0.08516305
v -0.02667375 0.00865640 0.08477097
v -0.02668684 0.00779424 0.08486287
v -0.02682248 0.00857163 0.08436775
v -0.02684652 0.00776769 0.08443316
v -0.02666066 0.00937738 0.08444566
v -0.02677366 0.00912716 0.08421007
v -0.02667339 0.00693644 0.08473110
v -0.02638089 0.00691303 0.08500742
v -0.02666002 0.00621950 0.08437284
v -0.02637735 0.00612423 0.08460793
v -0.02682225 0.00697166 0.08433052
v -0.02677320 0.00643217 0.08414762
v -0.02585972 0.00703175 0.08524191
v -0.02504301 0.00728779 0.08551064
v -0.02585927 0.00623386 0.08482869
v 0.02238080 0.00901480 0.08647516
v 0.02390763 0.00853427 0.08600962
v 0.02391235 0.00941143 0.08589054
v 0.02238811 0.00983519 0.08635048
v 0.02391744 0.01014210 0.08550118
v 0.02239611 0.01051845 0.08595331
v 0.02509365 0.00819332 0.08563100
v 0.02509619 0.00912007 0.08551668
v 0.02509887 0.00989214 0.08513378
v 0.02056120 0.01041859 0.08686833
v 0.02055133 0.00965370 0.08699869
v 0.01846924 0.01118894 0.08741587
v 0.01845742 0.01046968 0.08755136
v 0.02057215 0.01105553 0.08646279
v 0.01848279 0.01178765 0.08700215
v 0.02054429 0.00888826 0.08685515
v 0.02237543 0.00819405 0.08632926
v 0.02054170 0.00824977 0.08643880
v 0.02237330 0.00750960 0.08591467
v 0.01844924 0.00974974 0.08740927
v 0.01844670 0.00914898 0.08699015
v 0.02390408 0.00765683 0.08586108
v 0.02509178 0.00726634 0.08548000
v 0.02390258 0.00692530 0.08544750
v 0.02509092 0.00649358 0.08506692
v 0.01874583 -0.02627918 0.05942687
v 0.01972485 -0.02628695 0.05953828
v 0.02006848 -0.02493148 0.05966418
v 0.01906250 -0.02492457 0.05955096
v 0.02035484 -0.02308874 0.05968578
v 0.01933454 -0.02307147 0.05957532
v 0.02059052 -0.02628845 0.05953782
v 0.02094919 -0.02493752 0.05966228
v 0.02124809 -0.02310379 0.05968100
v 0.01808075 -0.02491780 0.05920678
v 0.01781007 -0.02625940 0.05909142
v 0.01727272 -0.02491220 0.05851598
v 0.01704482 -0.02624595 0.05842158
v 0.01833879 -0.02305452 0.05923292
v 0.01751922 -0.02304056 0.05854175
v 0.01761731 -0.02713839 0.05878016
v 0.01844865 -0.02721075 0.05908711
v 0.01744895 -0.02767924 0.05817272
v 0.01819902 -0.02781105 0.05841730
v 0.01695268 -0.02709016 0.05817272
v 0.01700768 -0.02750124 0.05784231
v 0.01938127 -0.02723484 0.05918938
v 0.02023184 -0.02723484 0.05918938
v 0.01909491 -0.02785496 0.05849880
v 0.01993294 -0.02785496 0.05849880
v -0.02202390 -0.02629099 0.05578209
v -0.02241734 -0.02497179 0.05580554
v -0.02235525 -0.02504616 0.05392372
v -0.02195658 -0.02631558 0.05388758
v -0.02273997 -0.02316465 0.05584113
v -0.02268743 -0.02327601 0.05404017
v -0.02154981 -0.02723484 0.05387554
v -0.02161591 -0.02721070 0.05574440
v -0.02117382 -0.02785496 0.05387554
v -0.02123655 -0.02781101 0.05572204
v -0.02163922 -0.02713839 0.05716878
v -0.02201935 -0.02626663 0.05730478
v -0.02129241 -0.02767924 0.05707929
v -0.02240121 -0.02494675 0.05735469
v -0.02272016 -0.02312697 0.05736501
v -0.01148021 0.01324917 0.05243193
v -0.00968102 0.01414187 0.05260211
v -0.00968102 0.01346448 0.05287038
v -0.01151771 0.01251532 0.05270324
v -0.00968102 0.01289999 0.05367599
v -0.01156007 0.01189506 0.05352409
v -0.00774934 0.01491799 0.05260534
v -0.00774934 0.01424064 0.05287687
v -0.00774934 0.01367616 0.05369231
v -0.01316454 0.01141066 0.05221739
v -0.01301445 0.01231391 0.05192921
v -0.01333390 0.01062336 0.05310719
v -0.01310977 0.01306071 0.05220080
v -0.01150403 0.01394383 0.05269983
v -0.01327704 0.01361957 0.05308223
v -0.01154585 0.01450677 0.05351972
v -0.00968102 0.01481918 0.05287142
v -0.00774934 0.01559530 0.05287792
v -0.00968102 0.01538353 0.05367858
v -0.00774934 0.01615974 0.05369490
v 0.02694415 0.00774246 0.08296051
v 0.02691515 0.00677917 0.08293592
v 0.02690497 0.00674453 0.08197885
v 0.02693465 0.00774060 0.08199094
v 0.02685806 0.00674558 0.08094173
v 0.02688747 0.00774169 0.08095351
v 0.02682838 0.00599059 0.08293619
v 0.02681588 0.00592959 0.08199194
v 0.02676979 0.00593068 0.08095446
v 0.02690502 0.00874635 0.08202407
v 0.02691524 0.00871508 0.08298055
v 0.02681602 0.00959029 0.08207412
v 0.02682865 0.00953184 0.08301732
v 0.02685797 0.00874753 0.08098578
v 0.02676965 0.00959156 0.08103446
v 0.02688329 0.00862267 0.08376658
v 0.02690975 0.00774928 0.08378767
v 0.02680456 0.00856799 0.08436566
v 0.02682561 0.00776315 0.08443202
v 0.02680466 0.00935784 0.08376103
v 0.02676184 0.00912357 0.08420589
v 0.02688315 0.00688448 0.08372617
v 0.02680434 0.00617486 0.08368736
v 0.02680438 0.00696512 0.08432834
v 0.02676148 0.00642336 0.08414326
v -0.01156575 0.01501504 0.05660789
v -0.01156853 0.01507049 0.05838517
v -0.00968248 0.01594674 0.05848826
v -0.00968139 0.01589106 0.05669716
v -0.00775006 0.01672354 0.05856925
v -0.00774952 0.01666750 0.05675170
v -0.01157216 0.01506822 0.06004686
v -0.00968461 0.01594534 0.06018708
v -0.00775115 0.01672282 0.06029808
v -0.00968102 0.01572207 0.05502387
v -0.01156230 0.01484550 0.05490424
v -0.00774934 0.01649832 0.05505656
v -0.01334290 0.01395897 0.05462361
v -0.01335517 0.01413065 0.05647093
v -0.01497514 0.01318135 0.05433330
v -0.01500273 0.01333612 0.05632962
v -0.01336167 0.01418633 0.05827021
v -0.01336713 0.01418314 0.05989277
v -0.01501527 0.01338575 0.05815372
v -0.01502286 0.01338166 0.05974005
v 0.02639989 0.00538951 0.08310232
v 0.02589372 0.00548997 0.08327336
v 0.02587472 0.00541024 0.08228788
v 0.02638012 0.00531002 0.08212634
v 0.02583577 0.00541151 0.08124232
v 0.02633744 0.00531129 0.08108514
v 0.02508733 0.00579732 0.08353050
v 0.02507178 0.00572028 0.08253911
v 0.02503856 0.00572151 0.08148690
v 0.02666739 0.00546728 0.08203444
v 0.02668402 0.00554187 0.08299078
v 0.02662252 0.00546847 0.08099573
v 0.02667407 0.00576696 0.08377631
v 0.02640248 0.00562933 0.08394203
v 0.02666248 0.00620686 0.08436257
v 0.02639957 0.00610641 0.08458947
v 0.02589972 0.00573042 0.08413344
v 0.02509155 0.00602950 0.08439511
v 0.02589949 0.00621132 0.08480260
v 0.01629424 -0.02628159 0.05578413
v 0.01652937 -0.02493416 0.05581213
v 0.01640020 -0.02501457 0.05392917
v 0.01608288 -0.02630772 0.05389049
v 0.01680241 -0.02306897 0.05585695
v 0.01678291 -0.02319070 0.05405108
v 0.01600870 -0.02723484 0.05387758
v 0.01623406 -0.02721075 0.05574495
v 0.01625638 -0.02785496 0.05387758
v 0.01645388 -0.02781105 0.05572254
v 0.01652015 -0.02713839 0.05716878
v 0.01657719 -0.02625718 0.05730683
v 0.01671287 -0.02767924 0.05707929
v 0.01678791 -0.02490884 0.05736278
v 0.01702750 -0.02303215 0.05738514
v -0.02698320 0.00774360 0.08295269
v -0.02695015 0.00871599 0.08297433
v -0.02694184 0.00874694 0.08201607
v -0.02697570 0.00774142 0.08198125
v -0.02689488 0.00874812 0.08097682
v -0.02692857 0.00774251 0.08094296
v -0.02685116 0.00953356 0.08301582
v -0.02684016 0.00959179 0.08207094
v -0.02679393 0.00959306 0.08103027
v -0.02694175 0.00674708 0.08197076
v -0.02695002 0.00678217 0.08292964
v -0.02683993 0.00593596 0.08198876
v -0.02685079 0.00599727 0.08293474
v -0.02689493 0.00674817 0.08093269
v -0.02679397 0.00593709 0.08095019
v -0.02691229 0.00688862 0.08372313
v -0.02694270 0.00775160 0.08378317
v -0.02682220 0.00618250 0.08368867
v -0.02691248 0.00862454 0.08376354
v -0.02682261 0.00936029 0.08376222
v -0.01633602 -0.02628154 0.05578363
v -0.01627134 -0.02721070 0.05574440
v -0.01604689 -0.02723484 0.05387554
v -0.01612534 -0.02630768 0.05388849
v -0.01644265 -0.02501452 0.05392744
v -0.01657224 -0.02493411 0.05581172
v -0.01682342 -0.02319061 0.05404985
v -0.01684482 -0.02306893 0.05585663
v -0.01682642 -0.02490880 0.05736278
v -0.01661442 -0.02625713 0.05730683
v -0.01730109 -0.02491211 0.05851603
v -0.01707232 -0.02624590 0.05842158
v -0.01706591 -0.02303206 0.05738519
v -0.01754736 -0.02304029 0.05854185
v -0.01655324 -0.02713839 0.05716878
v -0.01697709 -0.02709016 0.05817272
v -0.02638080 0.01030627 0.08322555
v -0.02585868 0.01046036 0.08339991
v -0.02583968 0.01054050 0.08241379
v -0.02636130 0.01038591 0.08224911
v -0.02580073 0.01054204 0.08136395
v -0.02631867 0.01038736 0.08120364
v -0.02504924 0.01059313 0.08364858
v -0.02503361 0.01067035 0.08265651
v -0.02500019 0.01067186 0.08160035
v -0.02667071 0.01010387 0.08214175
v -0.02668652 0.01003051 0.08309855
v -0.02662580 0.01010523 0.08109914
v -0.02667402 0.00981188 0.08387740
v -0.02638267 0.01006896 0.08405799
v -0.02586431 0.01022137 0.08425303
v -0.02505283 0.01036282 0.08450720
v 0.02240652 0.01113244 0.08440588
v 0.02392135 0.01079894 0.08397330
v 0.02391031 0.01087231 0.08297392
v 0.02240134 0.01120084 0.08339559
v 0.02388399 0.01087367 0.08191026
v 0.02238416 0.01120194 0.08232075
v 0.02509751 0.01058636 0.08362167
v 0.02508151 0.01066395 0.08263102
v 0.02504733 0.01066545 0.08157640
v 0.02059052 0.01169079 0.08387053
v 0.02058956 0.01162743 0.08489338
v 0.01851374 0.01238327 0.08437320
v 0.01850701 0.01232437 0.08540959
v 0.02058261 0.01169143 0.08278292
v 0.01851410 0.01238323 0.08327177
v 0.02058252 0.01143707 0.08578099
v 0.02240348 0.01092794 0.08528182
v 0.01849606 0.01214601 0.08630962
v 0.02392208 0.01058009 0.08483892
v 0.02510128 0.01035500 0.08447902
v 0.02061597 -0.02835277 0.05577849
v 0.02022189 -0.02841304 0.05578968
v 0.02015862 -0.02847508 0.05387758
v 0.02055479 -0.02841304 0.05387758
v 0.01965049 -0.02841304 0.05578968
v 0.01958031 -0.02847508 0.05387758
v 0.02085487 -0.02822704 0.05387758
v 0.02091619 -0.02817191 0.05574495
v 0.02099960 -0.02800655 0.05716878
v 0.02071451 -0.02817191 0.05730310
v 0.02115737 -0.02767924 0.05817272
v 0.02089437 -0.02781105 0.05841730
v 0.02032498 -0.02822704 0.05734782
v 0.01975358 -0.02822704 0.05734782
v 0.02050947 -0.02785496 0.05849880
v 0.01149066 0.01137589 0.05660989
v 0.01151635 0.01132134 0.05840326
v 0.00963852 0.01233414 0.05848807
v 0.00963643 0.01239146 0.05669170
v 0.00770543 0.01311103 0.05856357
v 0.00770438 0.01316789 0.05674484
v 0.01155043 0.01133434 0.06009254
v 0.00964266 0.01233255 0.06020094
v 0.00770752 0.01311021 0.06029844
v 0.00963570 0.01256118 0.05501874
v 0.01150589 0.01154116 0.05490538
v 0.00963570 0.01289999 0.05367599
v 0.01151562 0.01189506 0.05352527
v 0.00770406 0.01333744 0.05505133
v 0.00770406 0.01367616 0.05369231
v 0.01325308 0.01022423 0.05464279
v 0.01318913 0.01007278 0.05649075
v 0.01471255 0.00853067 0.05445429
v 0.01459605 0.00841959 0.05638203
v 0.01329190 0.01062340 0.05311173
v 0.01328313 0.01002764 0.05832867
v 0.01340212 0.01008637 0.05999968
v 0.01475487 0.00837800 0.05821708
v 0.01530522 0.00836963 0.05996618
v -0.01153598 0.01137589 0.05661384
v -0.01156226 0.01132130 0.05842030
v -0.01332763 0.01002842 0.05834285
v -0.01323372 0.01007301 0.05649357
v -0.01479732 0.00837981 0.05822699
v -0.01463969 0.00842018 0.05638344
v -0.01159775 0.01133402 0.06013613
v -0.01344703 0.01008760 0.06003845
v -0.01534254 0.00837481 0.05999322
v -0.01329640 0.01022437 0.05464047
v -0.01155071 0.01154120 0.05490470
v -0.01475401 0.00853127 0.05445084
v -0.00968102 0.01256118 0.05501865
v -0.00968193 0.01239141 0.05669598
v -0.00774934 0.01333744 0.05505128
v -0.00774979 0.01316785 0.05674875
v -0.00968461 0.01233386 0.05850539
v -0.00968998 0.01233187 0.06024454
v -0.00775115 0.01311080 0.05857939
v -0.00775384 0.01310971 0.06033803
v -0.00388606 0.01415874 0.05679761
v -0.00388619 0.01410219 0.05864453
v -0.00581838 0.01369684 0.05862330
v -0.00581783 0.01375356 0.05678097
v -0.00388646 0.01410196 0.06041403
v -0.00581947 0.01369634 0.06039112
v -0.00581765 0.01392301 0.05507156
v -0.00388601 0.01432810 0.05508237
v -0.00581765 0.01426169 0.05370245
v -0.00388601 0.01466677 0.05370781
v -0.00195432 0.01456300 0.05508651
v -0.00195432 0.01439364 0.05680347
v -0.00002264 0.01463786 0.05508696
v -0.00002264 0.01446855 0.05680338
v -0.00195432 0.01490168 0.05370990
v -0.00002264 0.01497654 0.05371013
v -0.00195432 0.01433719 0.05865048
v -0.00195432 0.01433710 0.06041717
v -0.00002264 0.01441209 0.05864839
v -0.00002264 0.01441205 0.06041081
v 0.00384074 0.01415874 0.05679534
v 0.00384083 0.01410228 0.05863539
v 0.00190905 0.01433719 0.05864571
v 0.00190905 0.01439364 0.05680229
v 0.00384105 0.01410219 0.06039108
v 0.00190905 0.01433719 0.06040530
v 0.00190905 0.01456300 0.05508651
v 0.00384069 0.01432810 0.05508237
v 0.00190905 0.01490168 0.05370990
v 0.00384069 0.01466677 0.05370781
v 0.00577238 0.01392301 0.05507160
v 0.00577251 0.01375361 0.05677775
v 0.00577238 0.01426169 0.05370245
v 0.00577292 0.01369697 0.05861034
v 0.00577379 0.01369666 0.06035867
v 0.01152253 0.01501467 0.05661243
v 0.01152680 0.01506990 0.05840226
v 0.01332526 0.01418446 0.05829194
v 0.01331676 0.01412910 0.05647707
v 0.01498864 0.01338134 0.05817699
v 0.01497395 0.01333221 0.05633657
v 0.01153334 0.01506740 0.06008936
v 0.01333449 0.01418096 0.05994722
v 0.01500032 0.01337693 0.05979914
v 0.01330362 0.01395810 0.05462670
v 0.01151853 0.01484531 0.05490506
v 0.01323713 0.01361961 0.05308814
v 0.01150189 0.01450682 0.05352122
v 0.01494554 0.01317853 0.05433884
v 0.00963570 0.01572207 0.05502397
v 0.00963639 0.01589102 0.05670002
v 0.00770406 0.01649832 0.05505656
v 0.00770438 0.01666746 0.05675311
v 0.00963570 0.01538353 0.05367863
v 0.00770406 0.01615974 0.05369495
v 0.00963843 0.01594661 0.05849939
v 0.00964248 0.01594506 0.06021458
v 0.00770538 0.01672350 0.05857480
v 0.00770743 0.01672273 0.06031185
v 0.00384074 0.01765830 0.05680084
v 0.00384083 0.01771471 0.05864257
v 0.00577292 0.01730944 0.05862002
v 0.00577251 0.01725317 0.05678493
v 0.00384105 0.01771466 0.06039926
v 0.00577374 0.01730912 0.06037017
v 0.00577238 0.01708390 0.05507614
v 0.00384069 0.01748898 0.05508587
v 0.00577238 0.01674527 0.05370472
v 0.00384069 0.01715035 0.05370958
v 0.00190905 0.01772389 0.05508915
v 0.00190905 0.01789320 0.05680611
v -0.00002264 0.01779880 0.05508910
v -0.00002264 0.01796811 0.05680611
v 0.00190905 0.01738521 0.05371122
v -0.00002264 0.01746012 0.05371122
v 0.00190905 0.01794966 0.05865007
v 0.00190905 0.01794966 0.06040894
v -0.00002264 0.01802456 0.05865007
v -0.00002264 0.01802456 0.06040890
v -0.00388601 0.01765830 0.05680070
v -0.00388606 0.01771471 0.05864202
v -0.00195432 0.01794966 0.05865007
v -0.00195432 0.01789320 0.05680611
v -0.00388619 0.01771466 0.06039790
v -0.00195432 0.01794966 0.06040894
v -0.00195432 0.01772389 0.05508915
v -0.00388601 0.01748898 0.05508587
v -0.00195432 0.01738521 0.05371122
v -0.00388601 0.01715035 0.05370958
v -0.00581765 0.01708390 0.05507610
v -0.00581774 0.01725317 0.05678438
v -0.00581765 0.01674527 0.05370472
v -0.00581797 0.01730944 0.05861780
v -0.00581838 0.01730917 0.06036467
v 0.01143566 0.01324953 0.05243407
v 0.01297218 0.01231555 0.05193785
v 0.01312245 0.01141161 0.05222448
v 0.01147326 0.01251554 0.05270502
v 0.00963570 0.01346448 0.05287038
v 0.00963570 0.01414187 0.05260211
v 0.00770406 0.01424064 0.05287692
v 0.00770406 0.01491799 0.05260534
v 0.00963570 0.01481918 0.05287142
v 0.01145975 0.01394411 0.05270188
v 0.00770406 0.01559530 0.05287797
v 0.01306854 0.01306181 0.05220880
v 0.00384069 0.01590856 0.05260838
v 0.00577238 0.01550348 0.05260733
v 0.00577238 0.01482613 0.05288097
v 0.00384069 0.01523121 0.05288310
v 0.00190905 0.01546612 0.05288392
v 0.00190905 0.01614342 0.05260874
v -0.00002264 0.01554098 0.05288401
v -0.00002264 0.01621833 0.05260874
v 0.00190905 0.01682077 0.05288447
v 0.00384069 0.01658591 0.05288383
v -0.00002264 0.01689568 0.05288447
v 0.00577238 0.01618083 0.05288187
v -0.00388601 0.01590856 0.05260838
v -0.00195432 0.01614342 0.05260874
v -0.00195432 0.01546612 0.05288392
v -0.00388601 0.01523121 0.05288310
v -0.00581765 0.01482613 0.05288097
v -0.00581765 0.01550348 0.05260733
v -0.00581765 0.01618083 0.05288187
v -0.00388601 0.01658591 0.05288383
v -0.00195432 0.01682077 0.05288447
v 0.01368189 0.01258059 0.08862279
v 0.01613711 0.01148161 0.08810426
v 0.01614997 0.01217351 0.08796490
v 0.01369494 0.01325885 0.08848062
v 0.01616529 0.01274908 0.08754386
v 0.01371116 0.01382279 0.08805335
v 0.01119562 0.01433160 0.08892815
v 0.01118331 0.01365770 0.08907224
v 0.00874368 0.01527835 0.08927269
v 0.00873277 0.01460414 0.08941805
v 0.01121172 0.01489168 0.08849584
v 0.00875845 0.01583865 0.08883670
v 0.01117649 0.01298240 0.08892815
v 0.01367407 0.01190110 0.08847994
v 0.01117694 0.01241809 0.08849584
v 0.01367339 0.01133348 0.08805217
v 0.00872727 0.01392842 0.08927269
v 0.00872859 0.01336371 0.08883670
v 0.01612875 0.01078881 0.08796226
v 0.01612693 0.01021032 0.08753909
v 0.00421550 0.01579461 0.08972927
v 0.00642182 0.01531094 0.08962550
v 0.00643059 0.01598574 0.08947946
v 0.00422164 0.01647005 0.08958282
v 0.00644277 0.01654673 0.08904120
v 0.00423032 0.01703186 0.08914347
v 0.00208214 0.01674759 0.08961727
v 0.00207900 0.01607165 0.08976382
v -0.00002264 0.01683468 0.08961727
v -0.00002264 0.01615851 0.08976382
v 0.00208664 0.01731012 0.08917755
v -0.00002264 0.01739749 0.08917755
v 0.00207759 0.01539489 0.08961727
v 0.00421273 0.01511812 0.08958282
v 0.00207832 0.01483013 0.08917755
v 0.00421400 0.01455332 0.08914347
v -0.00002264 0.01548166 0.08961727
v -0.00002264 0.01491695 0.08917755
v 0.00641763 0.01463482 0.08947946
v 0.00641918 0.01406997 0.08904120
v -0.00426082 0.01579461 0.08972927
v -0.00212427 0.01607165 0.08976382
v -0.00212741 0.01674759 0.08961727
v -0.00426691 0.01647005 0.08958282
v -0.00213191 0.01731012 0.08917755
v -0.00427559 0.01703186 0.08914347
v -0.00647586 0.01598574 0.08947946
v -0.00646709 0.01531094 0.08962550
v -0.00878895 0.01527835 0.08927269
v -0.00877809 0.01460414 0.08941805
v -0.00648809 0.01654673 0.08904120
v -0.00880377 0.01583865 0.08883670
v -0.00646295 0.01463482 0.08947946
v -0.00425800 0.01511812 0.08958282
v -0.00646445 0.01406997 0.08904120
v -0.00425927 0.01455332 0.08914347
v -0.00877254 0.01392842 0.08927269
v -0.00877386 0.01336371 0.08883670
v -0.00212287 0.01539489 0.08961727
v -0.00212359 0.01483013 0.08917755
v -0.01372507 0.01258100 0.08862353
v -0.01617384 0.01148320 0.08810717
v -0.01616548 0.01079076 0.08796517
v -0.01371721 0.01190160 0.08848066
v -0.01616366 0.01021259 0.08754196
v -0.01371653 0.01133407 0.08805290
v -0.01848133 0.01047363 0.08755859
v -0.01847315 0.00975460 0.08741650
v -0.01122181 0.01298240 0.08892815
v -0.01122858 0.01365770 0.08907224
v -0.01122226 0.01241809 0.08849584
v -0.01124090 0.01433160 0.08892815
v -0.01373807 0.01325916 0.08848130
v -0.01125703 0.01489168 0.08849584
v -0.01375430 0.01382302 0.08805404
v -0.01618675 0.01217473 0.08796776
v -0.01849320 0.01119198 0.08742296
v -0.01620206 0.01274999 0.08754668
v -0.01850674 0.01178992 0.08700910
v -0.00388765 0.01771411 0.06308488
v -0.00389106 0.01771303 0.06415145
v -0.00195619 0.01794888 0.06417154
v -0.00195478 0.01794948 0.06310229
v -0.00002264 0.01802393 0.06417145
v -0.00002264 0.01802438 0.06310225
v -0.00389769 0.01771098 0.06512366
v -0.00195896 0.01794775 0.06514561
v -0.00002264 0.01802293 0.06514557
v -0.00195432 0.01794966 0.06187055
v -0.00388637 0.01771452 0.06185628
v -0.00002264 0.01802456 0.06187050
v -0.00581910 0.01730871 0.06181328
v -0.00582192 0.01730763 0.06303239
v -0.00775297 0.01672173 0.06172710
v -0.00775838 0.01671945 0.06292725
v -0.00582870 0.01730540 0.06409086
v -0.00584115 0.01730158 0.06505743
v -0.00777034 0.01671523 0.06396945
v -0.00779174 0.01670832 0.06492475
v 0.00384283 0.01771407 0.06308911
v 0.00384642 0.01771298 0.06415691
v 0.00578588 0.01730521 0.06411277
v 0.00577860 0.01730749 0.06304938
v 0.00773133 0.01671473 0.06402427
v 0.00771797 0.01671904 0.06296971
v 0.00385310 0.01771093 0.06512971
v 0.00579860 0.01730131 0.06508157
v 0.00775333 0.01670773 0.06498503
v 0.00577506 0.01730863 0.06182423
v 0.00384137 0.01771452 0.06185900
v 0.00771079 0.01672145 0.06175455
v 0.00190905 0.01794966 0.06187055
v 0.00190950 0.01794948 0.06310229
v 0.00191087 0.01794888 0.06417154
v 0.00191369 0.01794775 0.06514561
v 0.01156421 0.01505653 0.06266576
v 0.01159775 0.01504526 0.06368655
v 0.01342212 0.01415110 0.06347120
v 0.01337712 0.01416605 0.06247181
v 0.01510954 0.01334044 0.06324743
v 0.01505395 0.01335857 0.06227008
v 0.01164948 0.01502822 0.06461676
v 0.01349058 0.01412869 0.06438208
v 0.01519336 0.01331357 0.06413836
v 0.01334985 0.01417542 0.06131883
v 0.01154425 0.01506340 0.06148865
v 0.01501982 0.01337003 0.06114206
v 0.00964925 0.01594261 0.06163828
v 0.00966216 0.01593811 0.06283680
v 0.00968470 0.01593061 0.06387655
v 0.00972038 0.01591897 0.06482394
v 0.00384283 0.01410160 0.06308248
v 0.00384628 0.01410051 0.06415213
v 0.00191073 0.01433641 0.06417750
v 0.00190946 0.01433696 0.06310488
v -0.00002264 0.01441128 0.06419618
v -0.00002264 0.01441178 0.06311970
v 0.00385264 0.01409860 0.06512702
v 0.00191328 0.01433537 0.06515370
v -0.00002264 0.01441037 0.06517407
v 0.00190905 0.01433719 0.06186959
v 0.00384142 0.01410206 0.06185114
v -0.00002264 0.01441200 0.06187959
v 0.00577515 0.01369615 0.06181209
v 0.00577874 0.01369497 0.06303793
v 0.00771102 0.01310894 0.06174028
v 0.00771843 0.01310644 0.06295661
v 0.00578610 0.01369270 0.06410350
v 0.00579888 0.01368879 0.06507602
v 0.00773238 0.01310194 0.06401491
v 0.00775547 0.01309471 0.06498284
v -0.00388842 0.01410101 0.06315357
v -0.00389183 0.01409978 0.06424359
v -0.00583256 0.01369152 0.06423200
v -0.00582515 0.01369402 0.06313829
v -0.00778065 0.01310030 0.06416995
v -0.00776656 0.01310503 0.06307866
v -0.00389810 0.01409778 0.06522711
v -0.00584488 0.01368766 0.06521534
v -0.00780247 0.01309330 0.06514825
v -0.00582124 0.01369547 0.06187705
v -0.00388687 0.01410165 0.06189705
v -0.00775829 0.01310799 0.06181955
v -0.00195432 0.01433700 0.06189332
v -0.00195473 0.01433669 0.06314166
v -0.00195600 0.01433605 0.06422495
v -0.00195860 0.01433496 0.06520593
v 0.01156989 0.01140530 0.06265612
v 0.01160221 0.01140693 0.06368292
v 0.00968734 0.01231741 0.06386978
v 0.00966320 0.01232537 0.06282380
v 0.01165884 0.01138861 0.06463094
v 0.00972579 0.01230505 0.06482948
v 0.00964961 0.01233000 0.06162351
v 0.01156048 0.01137170 0.06148474
v 0.01341303 0.01024646 0.06134688
v 0.01339530 0.01039982 0.06247017
v 0.01512809 0.00910730 0.06124942
v 0.01508413 0.00939770 0.06228658
v 0.01342844 0.01043827 0.06346929
v 0.01350358 0.01041418 0.06440213
v 0.01511736 0.00947929 0.06324370
v 0.01520899 0.00945052 0.06415800
v 0.01772699 0.01226160 0.05615558
v 0.01879342 0.01191574 0.05609072
v 0.01873715 0.01189438 0.05407889
v 0.01766294 0.01222160 0.05412503
v 0.01962399 0.01166756 0.05604044
v 0.01958254 0.01164597 0.05404799
v 0.01639888 0.01262468 0.05419166
v 0.01644892 0.01272172 0.05623344
v 0.01647169 0.01275163 0.05806581
v 0.01775508 0.01227228 0.05796327
v 0.01648538 0.01274658 0.05965609
v 0.01777026 0.01226673 0.05952419
v 0.01881942 0.01192001 0.05787395
v 0.01964531 0.01167183 0.05780268
v 0.01883564 0.01191424 0.05940942
v 0.01966226 0.01166588 0.05931787
v -0.02055402 0.01132498 0.05598399
v -0.02017557 0.01151693 0.05600631
v -0.02013957 0.01149507 0.05401908
v -0.02052002 0.01130403 0.05400508
v -0.01959867 0.01168570 0.05604013
v -0.01955531 0.01166338 0.05404035
v -0.02074779 0.01098899 0.05399626
v -0.02078301 0.01100890 0.05596981
v -0.02087397 0.01044886 0.05399053
v -0.02091156 0.01046777 0.05596049
v -0.02080247 0.01101258 0.05770618
v -0.02057306 0.01132898 0.05772586
v -0.02081992 0.01100662 0.05919397
v -0.02059043 0.01132302 0.05921856
v -0.02093183 0.01047113 0.05769300
v -0.02094924 0.01046527 0.05917710
v -0.02019512 0.01152125 0.05775641
v -0.01962022 0.01169024 0.05780218
v -0.02021207 0.01151529 0.05925574
v -0.01963631 0.01168438 0.05931051
v -0.02105478 0.00843763 0.05595136
v -0.02098869 0.00960065 0.05595272
v -0.02094965 0.00958243 0.05398572
v -0.02101196 0.00842686 0.05399126
v -0.02109796 0.00701930 0.05401667
v -0.02115010 0.00700884 0.05596131
v -0.02127419 0.00534852 0.05411717
v -0.02133073 0.00532015 0.05598058
v -0.02114746 0.00703662 0.05771195
v -0.02106992 0.00844686 0.05768450
v -0.02112192 0.00713148 0.05921383
v -0.02107673 0.00846622 0.05916938
v -0.02131014 0.00536129 0.05770195
v -0.02119932 0.00550774 0.05934287
v -0.02100951 0.00960379 0.05768195
v -0.02102701 0.00959797 0.05916306
v 0.02101137 0.00843731 0.05595408
v 0.02110587 0.00700848 0.05596381
v 0.02105491 0.00701893 0.05402499
v 0.02096892 0.00842695 0.05400090
v 0.02128745 0.00531929 0.05598245
v 0.02123305 0.00534711 0.05412335
v 0.02091101 0.00958156 0.05399558
v 0.02094983 0.00959920 0.05595531
v 0.02084510 0.01044550 0.05400003
v 0.02088228 0.01046377 0.05596254
v 0.02097055 0.00960211 0.05768223
v 0.02102673 0.00844618 0.05768509
v 0.02098805 0.00959629 0.05916333
v 0.02103401 0.00846527 0.05917006
v 0.02090237 0.01046695 0.05769246
v 0.02091978 0.01046109 0.05917642
v 0.02110419 0.00703548 0.05771250
v 0.02126877 0.00535924 0.05770227
v 0.02108050 0.00712934 0.05921433
v 0.02116505 0.00550183 0.05934255
v -0.02251952 -0.01796490 0.05223353
v -0.02256029 -0.01514191 0.05241243
v -0.02214585 -0.01510632 0.05229598
v -0.02210453 -0.01792804 0.05211462
v -0.02151572 -0.01505064 0.05229598
v -0.02147259 -0.01789235 0.05211462
v -0.02256029 -0.01233334 0.05241675
v -0.02214585 -0.01228179 0.05230016
v -0.02151572 -0.01220061 0.05230016
v -0.02198062 -0.02047939 0.05157877
v -0.02239730 -0.02054857 0.05170563
v -0.02134323 -0.02045866 0.05157877
v -0.02265011 -0.02072398 0.05208630
v -0.02277152 -0.01802022 0.05259020
v -0.02279670 -0.02087093 0.05289183
v -0.02291465 -0.01806312 0.05331464
v -0.02281201 -0.01516259 0.05276174
v -0.02281201 -0.01236306 0.05276660
v -0.02295397 -0.01517364 0.05346032
v -0.02295397 -0.01237879 0.05346627
v -0.02303451 -0.01804558 0.05598858
v -0.02300724 -0.01803794 0.05740205
v -0.02303910 -0.01518032 0.05742037
v -0.02306751 -0.01518250 0.05602217
v -0.02303910 -0.01238838 0.05743305
v -0.02306751 -0.01239143 0.05603226
v -0.02292215 -0.01803362 0.05856457
v -0.02295397 -0.01517373 0.05858675
v -0.02295397 -0.01237902 0.05860189
v -0.02303910 -0.01518028 0.05462466
v -0.02300297 -0.01806276 0.05453675
v -0.02303910 -0.01238824 0.05463243
v -0.02289456 -0.02085479 0.05429325
v -0.02293551 -0.02078111 0.05591517
v -0.02291151 -0.02075543 0.05738219
v -0.02282683 -0.02075288 0.05854053
v -0.01626343 0.00401072 0.05630598
v -0.01642311 0.00394009 0.05783291
v -0.01682642 0.00145183 0.05773745
v -0.01666819 0.00152196 0.05627303
v -0.01706591 -0.00109021 0.05769518
v -0.01690541 -0.00102921 0.05623953
v -0.01690755 0.00371160 0.05906406
v -0.01730109 0.00124310 0.05893434
v -0.01754736 -0.00127166 0.05888770
v -0.01682642 0.00145328 0.05479515
v -0.01641602 0.00396182 0.05474897
v -0.01730109 0.00124574 0.05355800
v -0.01689341 0.00374187 0.05344204
v -0.01706591 -0.00108880 0.05477215
v -0.01754736 -0.00126907 0.05354441
v -0.01575958 0.00638245 0.05456061
v -0.01561840 0.00635477 0.05633189
v -0.01626134 0.00617718 0.05306505
v -0.01578794 0.00629990 0.05802654
v -0.01631788 0.00606395 0.05935042
v -0.01871860 0.00277284 0.06000136
v -0.01970672 0.00227699 0.06002577
v -0.02004612 0.00004345 0.05993882
v -0.01905537 0.00047453 0.05989886
v -0.02033148 -0.00231350 0.05991236
v -0.01932664 -0.00193938 0.05986268
v -0.02056570 0.00185609 0.05994163
v -0.02092001 -0.00033296 0.05986532
v -0.02121787 -0.00263977 0.05984823
v -0.01809221 0.00089588 0.05960941
v -0.01772912 0.00328679 0.05973382
v -0.01834975 -0.00157343 0.05956569
v -0.01725791 0.00549310 0.06000918
v -0.01835938 0.00480712 0.06022590
v -0.01684305 0.00720752 0.06050598
v -0.01806239 0.00637867 0.06062835
v -0.01937345 0.00422581 0.06022354
v -0.02021762 0.00376800 0.06012667
v -0.01910641 0.00572878 0.06058248
v -0.01993835 0.00524338 0.06047008
v 0.01955208 -0.01779863 0.05223566
v 0.01960654 -0.01488124 0.05241484
v 0.02064120 -0.01497510 0.05229598
v 0.02059456 -0.01784413 0.05211512
v 0.02154699 -0.01505669 0.05229598
v 0.02150441 -0.01789626 0.05211512
v 0.01960654 -0.01195239 0.05242002
v 0.02064120 -0.01208984 0.05230016
v 0.02154699 -0.01220925 0.05230016
v 0.02045474 -0.02043076 0.05158081
v 0.01938863 -0.02045348 0.05170854
v 0.02137672 -0.02046094 0.05158081
v 0.01832620 -0.02059193 0.05209176
v 0.01852915 -0.01778317 0.05259724
v 0.01747763 -0.02070989 0.05290269
v 0.01769371 -0.01777140 0.05333150
v 0.01859679 -0.01478942 0.05277147
v 0.01859679 -0.01181776 0.05277965
v 0.01776571 -0.01471379 0.05348464
v 0.01776571 -0.01170680 0.05349886
v 0.02200112 0.00126356 0.05602890
v 0.02238689 -0.00093576 0.05603253
v 0.02236271 -0.00092649 0.05464011
v 0.02197244 0.00127737 0.05457020
v 0.02229002 -0.00090013 0.05348045
v 0.02189617 0.00129974 0.05335159
v 0.02270629 -0.00315644 0.05602976
v 0.02268174 -0.00314871 0.05463688
v 0.02260806 -0.00312662 0.05347677
v 0.02156736 0.00340087 0.05435153
v 0.02161027 0.00337642 0.05600817
v 0.02147772 0.00340256 0.05295624
v 0.02158609 0.00340669 0.05759228
v 0.02197712 0.00127774 0.05747096
v 0.02151204 0.00341469 0.05886107
v 0.02190471 0.00130074 0.05866248
v 0.02236271 -0.00092776 0.05742687
v 0.02268174 -0.00314967 0.05742428
v 0.02229002 -0.00090244 0.05859198
v 0.02260806 -0.00312835 0.05858912
v 0.01622125 0.00400941 0.05630608
v 0.01662628 0.00152069 0.05627330
v 0.01678791 0.00144933 0.05773750
v 0.01638401 0.00393741 0.05783163
v 0.01727272 0.00123688 0.05893370
v 0.01687814 0.00370469 0.05906115
v 0.01686359 -0.00103030 0.05623976
v 0.01702750 -0.00109235 0.05769523
v 0.01751922 -0.00127698 0.05888716
v 0.01574739 0.00629745 0.05802145
v 0.01557567 0.00635377 0.05633139
v 0.01628606 0.00605714 0.05934083
v 0.01571957 0.00638086 0.05456298
v 0.01637706 0.00395932 0.05474979
v 0.01623093 0.00617195 0.05306964
v 0.01686437 0.00373537 0.05344327
v 0.01678791 0.00145078 0.05479542
v 0.01702750 -0.00109094 0.05477234
v 0.01727272 0.00123947 0.05355813
v 0.01751922 -0.00127439 0.05354454
v 0.02156918 0.00137351 0.05972918
v 0.02118914 0.00153837 0.05987818
v 0.02155509 -0.00061545 0.05981018
v 0.02194285 -0.00077295 0.05966269
v 0.02186262 -0.00288317 0.05980023
v 0.02225589 -0.00301853 0.05965669
v 0.02059352 0.00182445 0.05993532
v 0.02094919 -0.00036055 0.05986045
v 0.02124809 -0.00266304 0.05984404
v 0.02216894 -0.00085972 0.05929692
v 0.02178822 0.00131351 0.05936960
v 0.02248525 -0.00309244 0.05929315
v 0.02140518 0.00332347 0.05957191
v 0.02119955 0.00327733 0.05990809
v 0.02109873 0.00490134 0.05997636
v 0.02090278 0.00475371 0.06025417
v 0.02082924 0.00342056 0.06005304
v 0.02024380 0.00373287 0.06011745
v 0.02054002 0.00487357 0.06038358
v 0.01996280 0.00520565 0.06045576
v 0.02253766 -0.01801576 0.05961546
v 0.02213944 -0.01799372 0.05973846
v 0.02204717 -0.02072957 0.05970568
v 0.02244375 -0.02074238 0.05958578
v 0.02186262 -0.02311402 0.05967773
v 0.02225589 -0.02312047 0.05956023
v 0.02151709 -0.01795849 0.05974927
v 0.02142745 -0.02070911 0.05971223
v 0.02267502 -0.02074966 0.05923615
v 0.02276988 -0.01802817 0.05926319
v 0.02279883 -0.02075338 0.05854039
v 0.02289424 -0.01803449 0.05856444
v 0.02248525 -0.02312411 0.05921279
v 0.02280151 -0.01516546 0.05928815
v 0.02256897 -0.01514632 0.05964319
v 0.02280151 -0.01236734 0.05930528
v 0.02256897 -0.01233984 0.05966278
v 0.02292606 -0.01517509 0.05858653
v 0.02292606 -0.01238102 0.05860162
v 0.02217016 -0.01511205 0.05976959
v 0.02154699 -0.01505705 0.05978536
v 0.02217016 -0.01229016 0.05979273
v 0.02154699 -0.01220993 0.05981386
v 0.02253766 -0.00745480 0.05966518
v 0.02213944 -0.00736503 0.05980173
v 0.02217016 -0.00973357 0.05980150
v 0.02256897 -0.00980212 0.05966823
v 0.02151709 -0.00721863 0.05983377
v 0.02154699 -0.00962221 0.05982800
v 0.02280151 -0.00983966 0.05930896
v 0.02276988 -0.00750376 0.05930456
v 0.02292606 -0.00985802 0.05860457
v 0.02289424 -0.00752739 0.05860025
v 0.02267502 -0.00528090 0.05929751
v 0.02244375 -0.00521971 0.05965946
v 0.02279883 -0.00531044 0.05859348
v 0.02204717 -0.00510731 0.05979936
v 0.02142745 -0.00492399 0.05983714
v 0.01706977 -0.01770781 0.05604022
v 0.01697641 -0.02058657 0.05594649
v 0.01717122 -0.02056580 0.05742246
v 0.01724313 -0.01771100 0.05746860
v 0.01766712 -0.02058262 0.05858471
v 0.01774108 -0.01774008 0.05863766
v 0.01726709 -0.01466906 0.05751750
v 0.01710086 -0.01465365 0.05609753
v 0.01726709 -0.01164117 0.05756309
v 0.01710086 -0.01161862 0.05613321
v 0.01776571 -0.01471465 0.05869339
v 0.01776571 -0.01170803 0.05874471
v 0.01726709 -0.01466856 0.05467329
v 0.01721359 -0.01773713 0.05457020
v 0.01726709 -0.01164044 0.05469761
v 0.01705314 -0.02067134 0.05431380
v 0.01707714 -0.00613083 0.05618735
v 0.01710086 -0.00879709 0.05616208
v 0.01726709 -0.00882859 0.05759932
v 0.01724313 -0.00617229 0.05763050
v 0.01776571 -0.00892195 0.05878443
v 0.01774108 -0.00629537 0.05881788
v 0.01717122 -0.00361320 0.05766100
v 0.01700596 -0.00356134 0.05621217
v 0.01766712 -0.00376738 0.05885034
v 0.01717122 -0.00361189 0.05475306
v 0.01724313 -0.00617115 0.05473547
v 0.01766712 -0.00376502 0.05353282
v 0.01774108 -0.00629337 0.05352195
v 0.01726709 -0.00882764 0.05471765
v 0.01776571 -0.00892032 0.05351095
v 0.02299265 -0.01804576 0.05598863
v 0.02289342 -0.02078120 0.05591536
v 0.02285515 -0.02085497 0.05429394
v 0.02296437 -0.01806312 0.05453698
v 0.02276747 -0.02087143 0.05289306
v 0.02288642 -0.01806399 0.05331496
v 0.02300078 -0.01518082 0.05462470
v 0.02302569 -0.01518278 0.05602222
v 0.02300078 -0.01238902 0.05463257
v 0.02302569 -0.01239184 0.05603240
v 0.02292606 -0.01517500 0.05346036
v 0.02292606 -0.01238074 0.05346636
v 0.02300078 -0.01518087 0.05742037
v 0.02296887 -0.01803831 0.05740201
v 0.02300078 -0.01238915 0.05743301
v 0.02287315 -0.02075566 0.05738219
v 0.02299374 -0.00754603 0.05603403
v 0.02302569 -0.00987253 0.05603535
v 0.02300078 -0.00986871 0.05463588
v 0.02296887 -0.00754103 0.05463656
v 0.02292606 -0.00985753 0.05347009
v 0.02289424 -0.00752658 0.05347250
v 0.02287315 -0.00532730 0.05463629
v 0.02289792 -0.00533362 0.05603122
v 0.02279883 -0.00530917 0.05347441
v 0.02287315 -0.00532799 0.05742751
v 0.02296887 -0.00754148 0.05743269
v 0.02300078 -0.00986898 0.05743582
v 0.01870083 0.00274189 0.05228393
v 0.01826857 0.00473612 0.05179158
v 0.01930986 0.00412972 0.05165390
v 0.01970703 0.00223522 0.05215621
v 0.02018034 0.00368450 0.05165390
v 0.02057765 0.00181541 0.05215621
v 0.01782917 0.00619541 0.05077369
v 0.01891637 0.00552774 0.05064515
v 0.02006848 0.00002213 0.05232084
v 0.01906250 0.00045876 0.05244457
v 0.02035484 -0.00233146 0.05231670
v 0.01933454 -0.00195247 0.05243948
v 0.02094919 -0.00035691 0.05232084
v 0.02124809 -0.00266004 0.05231670
v 0.01808075 0.00088670 0.05281579
v 0.01769612 0.00328574 0.05266715
v 0.01833879 -0.00158084 0.05280783
v 0.01716145 0.00552028 0.05220466
v 0.01663037 0.00715261 0.05115937
v 0.01957935 -0.00674541 0.05242979
v 0.01949772 -0.00433119 0.05243461
v 0.02052665 -0.00464755 0.05231257
v 0.02061256 -0.00699799 0.05230843
v 0.02142745 -0.00492163 0.05231257
v 0.02151709 -0.00721690 0.05230843
v 0.02064120 -0.00945481 0.05230430
v 0.01960654 -0.00926313 0.05242493
v 0.02154699 -0.00962103 0.05230430
v 0.01859679 -0.00907522 0.05278697
v 0.01857101 -0.00649764 0.05279383
v 0.01849361 -0.00402092 0.05280065
v -0.01957077 -0.01784404 0.05966623
v -0.02058834 -0.01790294 0.05976614
v -0.02050270 -0.02067689 0.05972246
v -0.01948936 -0.02064280 0.05961650
v -0.02033148 -0.02308770 0.05968614
v -0.01932664 -0.02307065 0.05957560
v -0.02148591 -0.01795458 0.05975046
v -0.02139659 -0.02070679 0.05971296
v -0.01850429 -0.02060952 0.05927674
v -0.01858151 -0.01778658 0.05933028
v -0.01769512 -0.02058212 0.05858484
v -0.01776899 -0.01773917 0.05863789
v -0.01834975 -0.02305402 0.05923306
v -0.01860729 -0.01478765 0.05938601
v -0.01959790 -0.01487783 0.05971718
v -0.01860729 -0.01181521 0.05943628
v -0.01959790 -0.01194757 0.05976187
v -0.01779362 -0.01471329 0.05869371
v -0.01779362 -0.01170608 0.05874507
v -0.02061688 -0.01497023 0.05980995
v -0.02151572 -0.01505105 0.05978705
v -0.02061688 -0.01208298 0.05984677
v -0.02151572 -0.01220129 0.05981605
v -0.01957077 -0.00673691 0.05981564
v -0.02058834 -0.00698618 0.05988368
v -0.02061688 -0.00944563 0.05986927
v -0.01959790 -0.00925658 0.05979264
v -0.02148591 -0.00720335 0.05983686
v -0.02151572 -0.00961044 0.05983064
v -0.01860729 -0.00907172 0.05947355
v -0.01858151 -0.00649305 0.05950360
v -0.01779362 -0.00891927 0.05878484
v -0.01776899 -0.00629192 0.05881829
v -0.01850429 -0.00401501 0.05953237
v -0.01948936 -0.00432055 0.05983695
v -0.01769512 -0.00376302 0.05885079
v -0.02050270 -0.00463277 0.05989600
v -0.02139659 -0.00490481 0.05984073
v -0.01711164 -0.01770763 0.05604017
v -0.01728145 -0.01771068 0.05746869
v -0.01720963 -0.02056557 0.05742251
v -0.01701846 -0.02058643 0.05594636
v -0.01709237 -0.02067116 0.05431312
v -0.01725213 -0.01773677 0.05457002
v -0.01750667 -0.02070938 0.05290147
v -0.01772190 -0.01777054 0.05333118
v -0.01730540 -0.01466801 0.05467325
v -0.01714268 -0.01465338 0.05609749
v -0.01730540 -0.01163967 0.05469752
v -0.01714268 -0.01161822 0.05613317
v -0.01779362 -0.01471242 0.05348464
v -0.01779362 -0.01170485 0.05349882
v -0.01730540 -0.01466851 0.05751759
v -0.01730540 -0.01164040 0.05756318
v -0.01711896 -0.00613010 0.05618721
v -0.01728145 -0.00617088 0.05763050
v -0.01730540 -0.00882750 0.05759937
v -0.01714268 -0.00879659 0.05616199
v -0.01730540 -0.00882659 0.05471756
v -0.01728145 -0.00616974 0.05473533
v -0.01779362 -0.00891764 0.05351091
v -0.01776899 -0.00628987 0.05352186
v -0.01720963 -0.00361016 0.05475283
v -0.01704778 -0.00356043 0.05621198
v -0.01769512 -0.00376066 0.05353272
v -0.01720963 -0.00361148 0.05766100
v -0.02204321 0.00126487 0.05602835
v -0.02201603 0.00128042 0.05747082
v -0.02162600 0.00340928 0.05759205
v -0.02165281 0.00337765 0.05600704
v -0.02193381 0.00130769 0.05866307
v -0.02154272 0.00342174 0.05886161
v -0.02160713 0.00340310 0.05434812
v -0.02201131 0.00128001 0.05456916
v -0.02150795 0.00340887 0.05295019
v -0.02192513 0.00130651 0.05334996
v -0.02240121 -0.00092399 0.05463979
v -0.02242880 -0.00093449 0.05603222
v -0.02272016 -0.00314662 0.05463661
v -0.02274815 -0.00315540 0.05602945
v -0.02231839 -0.00089390 0.05348032
v -0.02263616 -0.00312130 0.05347668
v -0.02240121 -0.00092526 0.05742673
v -0.02231839 -0.00089617 0.05859248
v -0.02272016 -0.00314758 0.05742414
v -0.02263616 -0.00312308 0.05858957
v -0.02303556 -0.00754535 0.05603381
v -0.02300724 -0.00754012 0.05743260
v -0.02291151 -0.00532626 0.05742742
v -0.02293979 -0.00533276 0.05603094
v -0.02292215 -0.00752394 0.05860062
v -0.02282683 -0.00530608 0.05859389
v -0.02291151 -0.00532558 0.05463606
v -0.02300724 -0.00753967 0.05463638
v -0.02282683 -0.00530480 0.05347432
v -0.02292215 -0.00752308 0.05347241
v -0.02303910 -0.00986762 0.05463575
v -0.02306751 -0.00987198 0.05603522
v -0.02295397 -0.00985484 0.05347004
v -0.02303910 -0.00986789 0.05743578
v -0.02295397 -0.00985534 0.05860489
v -0.02155022 0.00139128 0.05227221
v -0.02114337 0.00327242 0.05177013
v -0.02075274 0.00341351 0.05164413
v -0.02115378 0.00156041 0.05215375
v -0.02015098 0.00371705 0.05164413
v -0.02054906 0.00184641 0.05215375
v -0.02076824 0.00469862 0.05073728
v -0.02037984 0.00480362 0.05062074
v -0.02153272 -0.00058681 0.05232084
v -0.02193567 -0.00075013 0.05243679
v -0.02183931 -0.00285913 0.05231670
v -0.02224798 -0.00299944 0.05243270
v -0.02092001 -0.00032932 0.05232084
v -0.02121787 -0.00263668 0.05231670
v -0.02218039 -0.00084422 0.05278465
v -0.02178935 0.00132515 0.05262765
v -0.02249620 -0.00307958 0.05278070
v -0.02137423 0.00331810 0.05214821
v -0.02099124 0.00485521 0.05108691
v -0.02252907 -0.00744271 0.05242484
v -0.02243539 -0.00520426 0.05242875
v -0.02202321 -0.00508767 0.05231257
v -0.02211521 -0.00734958 0.05230843
v -0.02139659 -0.00490240 0.05231257
v -0.02148591 -0.00720158 0.05230843
v -0.02214585 -0.00972189 0.05230430
v -0.02256029 -0.00979303 0.05242084
v -0.02151572 -0.00960926 0.05230430
v -0.02281201 -0.00983366 0.05277056
v -0.02278043 -0.00749567 0.05277401
v -0.02268570 -0.00527049 0.05277729
v -0.01378880 0.01432596 0.08641712
v -0.01377184 0.01415955 0.08734164
v -0.01127517 0.01522558 0.08777536
v -0.01129335 0.01539021 0.08684052
v -0.00882104 0.01617256 0.08811003
v -0.00883877 0.01633705 0.08716724
v -0.01130971 0.01544257 0.08576527
v -0.01380343 0.01437951 0.08535350
v -0.01132231 0.01543966 0.08462343
v -0.01381398 0.01437737 0.08422385
v -0.00885499 0.01638914 0.08608285
v -0.00886772 0.01638578 0.08493156
v -0.01624366 0.01332012 0.08488056
v -0.01623229 0.01326444 0.08593094
v -0.01853783 0.01238473 0.08437939
v -0.01853106 0.01232591 0.08541604
v -0.01625020 0.01331903 0.08376463
v -0.01853838 0.01238468 0.08327764
v -0.01621784 0.01309385 0.08684370
v -0.01852006 0.01214778 0.08631634
v -0.01381280 0.01437932 0.08198794
v -0.01381857 0.01437691 0.08310114
v -0.01132912 0.01543839 0.08348886
v -0.01132731 0.01543957 0.08236434
v -0.00887499 0.01638405 0.08378781
v -0.00887527 0.01638433 0.08265442
v -0.01131408 0.01544407 0.08125250
v -0.01379230 0.01438587 0.08088682
v -0.01128653 0.01545271 0.08015598
v -0.01375262 0.01439782 0.07980035
v -0.00886699 0.01638705 0.08153422
v -0.00884877 0.01639264 0.08043001
v -0.01620693 0.01333171 0.08046611
v -0.01623766 0.01332316 0.08155495
v -0.01846320 0.01240096 0.08001907
v -0.01850793 0.01239087 0.08109505
v -0.01615202 0.01334680 0.07939117
v -0.01838970 0.01241836 0.07895655
v -0.01625015 0.01331948 0.08265529
v -0.01853070 0.01238605 0.08218207
v -0.01360430 0.01444155 0.07767916
v -0.01368939 0.01441650 0.07873101
v -0.01124185 0.01546634 0.07907745
v -0.01118085 0.01548471 0.07801716
v -0.00881904 0.01640160 0.07934454
v -0.00877809 0.01641378 0.07827788
v -0.01110458 0.01550757 0.07697513
v -0.01349903 0.01447250 0.07664505
v -0.01101381 0.01553480 0.07595156
v -0.01337540 0.01450905 0.07562889
v -0.00872627 0.01642919 0.07723004
v -0.00866382 0.01644773 0.07620101
v -0.01581794 0.01343930 0.07626642
v -0.01595493 0.01340107 0.07729094
v -0.01796953 0.01252345 0.07586607
v -0.01813934 0.01248014 0.07687955
v -0.01565890 0.01348425 0.07525949
v -0.01777462 0.01257427 0.07486981
v -0.01606716 0.01337007 0.07833270
v -0.01828061 0.01244495 0.07790989
v -0.01308186 0.01459668 0.07365202
v -0.01323508 0.01455082 0.07463105
v -0.01090959 0.01556616 0.07494659
v -0.01079491 0.01560075 0.07396070
v -0.00859105 0.01646932 0.07519085
v -0.00851027 0.01649328 0.07419992
v -0.01067286 0.01563766 0.07299440
v -0.01291959 0.01464559 0.07269254
v -0.01054655 0.01567602 0.07204819
v -0.01275214 0.01469641 0.07175311
v -0.00842396 0.01651896 0.07322867
v -0.00833442 0.01654560 0.07227746
v -0.01508282 0.01365129 0.07234914
v -0.01528681 0.01359148 0.07330012
v -0.01708118 0.01276331 0.07199029
v -0.01732536 0.01269554 0.07293126
v -0.01487291 0.01371352 0.07141812
v -0.01683082 0.01283404 0.07106908
v -0.01548035 0.01353539 0.07427051
v -0.01755817 0.01263209 0.07389134
v -0.01241665 0.01479931 0.06992824
v -0.01258323 0.01474809 0.07083440
v -0.01041910 0.01571488 0.07112258
v -0.01029369 0.01575325 0.07021046
v -0.00824401 0.01657259 0.07134671
v -0.00815546 0.01659905 0.07043032
v -0.01017356 0.01579007 0.06930475
v -0.01225615 0.01484881 0.06902635
v -0.01006201 0.01582425 0.06839827
v -0.01210552 0.01489531 0.06812064
v -0.00807138 0.01662418 0.06952229
v -0.00799447 0.01664714 0.06861649
v -0.01425152 0.01390151 0.06871344
v -0.01445301 0.01384011 0.06960920
v -0.01609193 0.01304926 0.06839227
v -0.01633152 0.01297863 0.06927902
v -0.01406125 0.01395965 0.06781160
v -0.01586530 0.01311653 0.06749906
v -0.01466155 0.01377697 0.07050777
v -0.01657938 0.01290635 0.07016833
v -0.01184834 0.01497472 0.06627841
v -0.01196852 0.01493754 0.06720293
v -0.00996224 0.01585479 0.06748402
v -0.00987606 0.01588125 0.06656281
v -0.00792742 0.01666718 0.06770688
v -0.00787092 0.01668418 0.06679040
v -0.00980534 0.01590320 0.06563565
v -0.01174834 0.01500595 0.06535243
v -0.00975184 0.01592015 0.06470339
v -0.01167180 0.01503045 0.06443017
v -0.00782547 0.01669791 0.06586405
v -0.01360207 0.01410078 0.06505112
v -0.01373185 0.01406051 0.06597164
v -0.01531413 0.01328226 0.06476840
v -0.01547067 0.01323462 0.06567683
v -0.01350189 0.01413264 0.06414195
v -0.01519245 0.01332021 0.06387550
v -0.01388643 0.01401306 0.06689471
v -0.01565630 0.01317885 0.06659049
v 0.01369539 0.01081731 0.08641484
v 0.01368180 0.01099080 0.08733946
v 0.01118644 0.01207714 0.08777536
v 0.01120117 0.01190415 0.08684052
v 0.00873818 0.01302249 0.08811003
v 0.00875259 0.01284926 0.08716724
v 0.01121726 0.01184369 0.08576527
v 0.01371025 0.01075717 0.08535123
v 0.01123103 0.01184042 0.08462343
v 0.01372248 0.01075458 0.08422162
v 0.00876827 0.01278863 0.08608285
v 0.00878172 0.01278513 0.08493156
v 0.01615716 0.00962501 0.08487151
v 0.01614516 0.00968542 0.08592181
v 0.01846788 0.00854331 0.08435670
v 0.01846020 0.00860508 0.08539318
v 0.01616579 0.00962338 0.08375585
v 0.01847061 0.00854258 0.08325573
v 0.01613375 0.00986151 0.08683497
v 0.01845174 0.00878717 0.08629457
v 0.01372325 0.01075595 0.08198612
v 0.01372816 0.01075381 0.08309900
v 0.01123862 0.01183897 0.08348886
v 0.01123753 0.01183997 0.08236447
v 0.00878945 0.01278322 0.08378781
v 0.00879013 0.01278340 0.08265451
v 0.01122512 0.01184424 0.08125309
v 0.01370375 0.01076222 0.08088582
v 0.01119894 0.01185251 0.08015752
v 0.01366566 0.01077372 0.07980085
v 0.00878254 0.01278590 0.08153454
v 0.00876536 0.01279122 0.08043079
v 0.01612579 0.00963492 0.08045942
v 0.01615547 0.00962674 0.08154708
v 0.01839865 0.00855749 0.08000075
v 0.01844233 0.00854790 0.08107496
v 0.01607261 0.00964938 0.07938667
v 0.01832675 0.00857408 0.07894091
v 0.01616702 0.00962342 0.08264679
v 0.01846424 0.00854349 0.08216089
v 0.01352312 0.01081567 0.07768485
v 0.01360498 0.01079163 0.07873396
v 0.01115635 0.01186551 0.07908055
v 0.01109813 0.01188306 0.07802198
v 0.00873727 0.01279972 0.07934608
v 0.00869845 0.01281127 0.07828029
v 0.01102495 0.01190506 0.07698141
v 0.01342162 0.01084553 0.07665300
v 0.01093763 0.01193133 0.07595861
v 0.01330190 0.01088090 0.07563812
v 0.00864909 0.01282595 0.07723317
v 0.00858936 0.01284367 0.07620451
v 0.01574889 0.00973838 0.07627206
v 0.01588180 0.00970151 0.07729345
v 0.01791671 0.00867472 0.07586261
v 0.01808257 0.00863313 0.07687236
v 0.01559403 0.00978188 0.07526685
v 0.01772589 0.00872376 0.07486854
v 0.01599052 0.00967174 0.07833151
v 0.01822034 0.00859945 0.07789830
v 0.01301690 0.01096594 0.07366175
v 0.01316545 0.01092144 0.07463968
v 0.01083681 0.01196169 0.07495322
v 0.01072613 0.01199510 0.07396797
v 0.00851941 0.01286445 0.07519413
v 0.00844186 0.01288749 0.07420356
v 0.01060909 0.01203060 0.07300549
v 0.01286082 0.01101303 0.07270823
v 0.01048932 0.01206714 0.07206847
v 0.01270177 0.01106148 0.07178311
v 0.00835928 0.01291208 0.07323417
v 0.00827428 0.01293749 0.07228755
v 0.01503395 0.00994355 0.07236519
v 0.01523104 0.00988596 0.07330839
v 0.01704818 0.00890630 0.07199942
v 0.01728540 0.00884117 0.07293149
v 0.01483391 0.01000287 0.07145275
v 0.01680801 0.00897357 0.07109885
v 0.01541953 0.00983156 0.07427728
v 0.01751335 0.00877976 0.07388970
v 0.01239051 0.01115780 0.07001746
v 0.01254446 0.01110994 0.07089036
v 0.01037037 0.01210369 0.07115962
v 0.01025414 0.01213960 0.07026887
v 0.00818937 0.01296290 0.07136516
v 0.00810665 0.01298776 0.07045936
v 0.01014256 0.01217428 0.06938625
v 0.01224160 0.01120439 0.06915185
v 0.01003747 0.01220705 0.06850182
v 0.01209947 0.01124903 0.06828091
v 0.00802801 0.01301149 0.06956266
v 0.00795551 0.01303344 0.06866735
v 0.01425542 0.01017900 0.06887190
v 0.01444305 0.01012128 0.06972061
v 0.01611420 0.00917543 0.06855904
v 0.01633920 0.00910889 0.06939370
v 0.01407511 0.01023496 0.06801546
v 0.01589780 0.00924016 0.06771629
v 0.01463641 0.01006232 0.07057604
v 0.01657106 0.00904139 0.07023528
v -0.01373857 0.01081794 0.08641552
v -0.01372494 0.01099144 0.08734014
v -0.01617048 0.00986396 0.08683779
v -0.01618188 0.00968797 0.08592454
v -0.01619393 0.00962761 0.08487410
v -0.01375344 0.01075781 0.08535187
v -0.01620266 0.00962592 0.08375835
v -0.01376566 0.01075522 0.08422225
v -0.01126258 0.01184369 0.08576527
v -0.01124644 0.01190415 0.08684052
v -0.00881354 0.01278863 0.08608285
v -0.00879786 0.01284926 0.08716724
v -0.01127635 0.01184042 0.08462343
v -0.00882700 0.01278513 0.08493156
v -0.01123172 0.01207714 0.08777536
v -0.00878350 0.01302249 0.08811003
v -0.01376653 0.01075658 0.08198662
v -0.01377139 0.01075445 0.08309960
v -0.01620397 0.00962597 0.08264915
v -0.01619261 0.00962933 0.08154917
v -0.01848870 0.00854990 0.08216670
v -0.01846720 0.00855431 0.08108037
v -0.01616307 0.00963751 0.08046120
v -0.01374707 0.01076286 0.08088610
v -0.01611007 0.00965201 0.07938785
v -0.01370898 0.01077435 0.07980076
v -0.01842388 0.00856399 0.08000552
v -0.01835243 0.00858072 0.07894487
v -0.01127044 0.01184424 0.08125295
v -0.01128281 0.01183997 0.08236447
v -0.00882786 0.01278590 0.08153445
v -0.00883545 0.01278340 0.08265447
v -0.01124422 0.01185251 0.08015716
v -0.00881068 0.01279122 0.08043061
v -0.01128394 0.01183897 0.08348886
v -0.00883472 0.01278322 0.08378781
v -0.01356653 0.01081635 0.07768348
v -0.01364835 0.01079231 0.07873328
v -0.01602811 0.00967442 0.07833183
v -0.01591957 0.00970433 0.07729286
v -0.01824643 0.00860622 0.07790116
v -0.01810907 0.00864008 0.07687405
v -0.01578680 0.00974124 0.07627065
v -0.01346503 0.01084621 0.07665110
v -0.01563208 0.00978483 0.07526490
v -0.01334535 0.01088162 0.07563580
v -0.01794357 0.00868185 0.07586329
v -0.01775312 0.00873112 0.07486859
v -0.01107027 0.01190506 0.07697991
v -0.01114340 0.01188306 0.07802084
v -0.00869441 0.01282595 0.07723240
v -0.00874377 0.01281127 0.07827970
v -0.01098290 0.01193133 0.07595688
v -0.00863464 0.01284367 0.07620365
v -0.01120163 0.01186551 0.07907982
v -0.00878259 0.01279972 0.07934572
v -0.01305959 0.01096694 0.07365693
v -0.01320895 0.01092221 0.07463741
v -0.01545776 0.00983460 0.07427533
v -0.01526827 0.00988937 0.07330312
v -0.01754094 0.00878735 0.07388965
v -0.01731204 0.00884926 0.07292772
v -0.01506809 0.00994792 0.07234951
v -0.01290104 0.01101471 0.07269532
v -0.01486168 0.01000896 0.07141562
v -0.01273705 0.01106448 0.07175361
v -0.01707159 0.00891558 0.07198401
v -0.01682455 0.00898489 0.07105985
v -0.01065223 0.01203119 0.07299695
v -0.01077086 0.01199524 0.07396465
v -0.00840350 0.01291240 0.07322990
v -0.00848687 0.01288758 0.07420188
v -0.01052923 0.01206855 0.07204924
v -0.00831687 0.01293817 0.07227792
v -0.01088209 0.01196169 0.07495154
v -0.00856473 0.01286445 0.07519331
v -0.01240856 0.01116530 0.06993337
v -0.01257137 0.01111517 0.07083281
v -0.01465346 0.01007128 0.07050264
v -0.01444874 0.01013328 0.06961147
v -0.01657601 0.00905594 0.07015632
v -0.01633174 0.00912689 0.06927452
v -0.01425270 0.01019332 0.06874290
v -0.01225310 0.01121362 0.06905580
v -0.01407052 0.01024977 0.06789778
v -0.01210952 0.01125862 0.06820059
v -0.01609757 0.00919602 0.06841527
v -0.01587921 0.00926148 0.06757956
v -0.01016706 0.01217960 0.06933002
v -0.01028292 0.01214391 0.07021587
v -0.00806292 0.01301412 0.06954166
v -0.00814365 0.01298990 0.07043468
v -0.01006101 0.01221251 0.06846463
v -0.00798992 0.01303608 0.06866658
v -0.01040487 0.01210651 0.07112226
v -0.00822928 0.01296431 0.07134648
v -0.01187243 0.01133425 0.06653777
v -0.01198234 0.01129898 0.06736816
v -0.01390752 0.01030105 0.06707694
v -0.01376525 0.01034636 0.06625991
v -0.01568253 0.00932148 0.06676831
v -0.01550981 0.00937497 0.06596228
v -0.01364539 0.01038495 0.06542629
v -0.01178066 0.01136398 0.06568860
v -0.01354949 0.01041604 0.06455558
v -0.01170793 0.01138775 0.06479994
v -0.01536354 0.00942088 0.06514225
v -0.01524609 0.00945802 0.06428904
v -0.00982507 0.01228709 0.06590923
v -0.00988979 0.01226641 0.06677444
v -0.00783411 0.01308344 0.06606823
v -0.00787574 0.01307067 0.06694867
v -0.00977457 0.01230341 0.06500366
v -0.00996852 0.01224150 0.06761952
v -0.00792761 0.01305490 0.06780851
v -0.00427437 0.01404069 0.08746123
v -0.00426546 0.01421273 0.08841121
v -0.00647286 0.01372897 0.08831080
v -0.00648518 0.01355616 0.08736323
v -0.00649855 0.01349602 0.08627343
v -0.00428405 0.01398128 0.08636875
v -0.00651004 0.01349284 0.08511642
v -0.00429241 0.01397879 0.08520887
v -0.00213659 0.01426005 0.08640053
v -0.00213155 0.01431869 0.08749391
v -0.00002264 0.01434782 0.08640053
v -0.00002264 0.01440610 0.08749391
v -0.00214100 0.01425814 0.08523969
v -0.00002264 0.01434623 0.08523969
v -0.00212682 0.01449009 0.08844466
v -0.00002264 0.01457709 0.08844466
v -0.00429882 0.01397688 0.08291551
v -0.00429736 0.01397729 0.08405685
v -0.00651682 0.01349102 0.08396717
v -0.00651832 0.01349071 0.08282851
v -0.00651395 0.01349211 0.08170340
v -0.00429659 0.01397760 0.08178785
v -0.00650327 0.01349534 0.08059465
v -0.00429050 0.01397947 0.08067669
v -0.00214350 0.01425705 0.08181599
v -0.00214445 0.01425664 0.08294451
v -0.00002264 0.01434532 0.08181599
v -0.00002264 0.01434496 0.08294451
v -0.00214082 0.01425823 0.08070405
v -0.00002264 0.01434628 0.08070405
v -0.00214359 0.01425701 0.08408671
v -0.00002264 0.01434528 0.08408671
v -0.00426618 0.01398697 0.07851274
v -0.00428041 0.01398256 0.07958503
v -0.00648568 0.01350057 0.07950526
v -0.00646109 0.01350780 0.07843506
v -0.00642941 0.01351711 0.07738390
v -0.00424764 0.01399265 0.07745967
v -0.00639050 0.01352852 0.07635169
v -0.00422450 0.01399974 0.07642574
v -0.00212127 0.01426669 0.07748490
v -0.00212982 0.01426301 0.07853860
v -0.00002264 0.01435332 0.07748490
v -0.00002264 0.01435028 0.07853860
v -0.00211055 0.01427128 0.07645042
v -0.00002264 0.01435719 0.07645042
v -0.00213627 0.01426019 0.07961162
v -0.00002264 0.01434791 0.07961162
v -0.00402501 0.01406028 0.07063023
v -0.00405987 0.01404978 0.07154816
v -0.00611978 0.01360761 0.07148098
v -0.00606255 0.01362429 0.07056541
v -0.00409573 0.01403892 0.07248368
v -0.00617851 0.01359047 0.07241514
v -0.00600896 0.01363988 0.06966670
v -0.00399260 0.01407001 0.06972715
v -0.00596115 0.01365379 0.06878308
v -0.00396401 0.01407851 0.06883622
v -0.00200137 0.01431760 0.06974488
v -0.00201655 0.01431123 0.07065113
v -0.00002264 0.01439578 0.06974193
v -0.00002264 0.01439046 0.07065036
v -0.00198805 0.01432310 0.06884808
v -0.00002264 0.01440037 0.06884072
v -0.00203300 0.01430433 0.07157048
v -0.00204991 0.01429719 0.07250650
v -0.00002264 0.01438469 0.07157043
v -0.00002264 0.01437873 0.07250646
v -0.00392215 0.01409078 0.06706876
v -0.00394064 0.01408537 0.06795474
v -0.00592119 0.01366534 0.06791274
v -0.00588879 0.01367475 0.06703907
v -0.00586351 0.01368211 0.06614550
v -0.00390810 0.01409483 0.06616418
v -0.00196282 0.01433323 0.06614741
v -0.00196901 0.01433078 0.06706071
v -0.00002264 0.01440896 0.06611832
v -0.00002264 0.01440687 0.06703807
v -0.00197732 0.01432746 0.06795714
v -0.00002264 0.01440405 0.06794251
v 0.00422909 0.01404069 0.08746123
v 0.00422014 0.01421273 0.08841121
v 0.00208155 0.01449009 0.08844466
v 0.00208623 0.01431869 0.08749391
v 0.00209132 0.01426005 0.08640053
v 0.00423877 0.01398128 0.08636875
v 0.00209568 0.01425819 0.08523969
v 0.00424714 0.01397879 0.08520887
v 0.00645322 0.01349602 0.08627343
v 0.00643986 0.01355620 0.08736323
v 0.00646477 0.01349284 0.08511642
v 0.00642754 0.01372897 0.08831080
v 0.00422091 0.01398697 0.07851278
v 0.00423514 0.01398256 0.07958508
v 0.00209095 0.01426019 0.07961162
v 0.00208450 0.01426301 0.07853860
v 0.00424518 0.01397947 0.08067674
v 0.00209550 0.01425823 0.08070405
v 0.00207600 0.01426669 0.07748490
v 0.00420232 0.01399265 0.07745971
v 0.00206527 0.01427128 0.07645042
v 0.00417923 0.01399974 0.07642583
v 0.00638414 0.01351711 0.07738422
v 0.00641582 0.01350780 0.07843528
v 0.00634523 0.01352852 0.07635206
v 0.00644041 0.01350057 0.07950540
v 0.00645795 0.01349534 0.08059474
v 0.00411996 0.01401783 0.07441551
v 0.00415136 0.01400824 0.07541094
v 0.00205223 0.01427687 0.07543503
v 0.00203746 0.01428323 0.07443905
v -0.00002264 0.01436182 0.07543503
v -0.00002264 0.01436709 0.07443905
v 0.00202141 0.01429005 0.07346275
v 0.00408600 0.01402815 0.07343994
v 0.00200464 0.01429719 0.07250650
v 0.00405069 0.01403888 0.07248464
v -0.00002264 0.01437282 0.07346275
v 0.00619178 0.01357339 0.07337135
v 0.00624728 0.01355716 0.07434487
v 0.00613432 0.01359016 0.07241896
v 0.00629900 0.01354202 0.07533867
v 0.00398055 0.01406010 0.07063077
v 0.00401509 0.01404965 0.07155002
v 0.00198768 0.01430433 0.07157048
v 0.00197128 0.01431123 0.07064995
v 0.00195605 0.01431764 0.06974015
v 0.00394837 0.01406978 0.06972165
v 0.00194278 0.01432319 0.06883622
v 0.00391983 0.01407837 0.06881731
v 0.00596783 0.01363888 0.06966847
v 0.00602055 0.01362343 0.07057363
v 0.00592019 0.01365284 0.06876676
v 0.00607664 0.01360702 0.07148843
v 0.00387737 0.01409115 0.06700039
v 0.00389623 0.01408547 0.06791251
v 0.00193205 0.01432764 0.06793342
v 0.00192373 0.01433105 0.06702389
v 0.00191755 0.01433360 0.06609996
v 0.00386292 0.01409551 0.06607418
v 0.00581874 0.01368284 0.06602287
v 0.00584560 0.01367488 0.06694976
v 0.00779020 0.01308394 0.06592782
v 0.00783570 0.01306999 0.06685412
v 0.00587942 0.01366484 0.06786246
v 0.00789110 0.01305303 0.06776592
v 0.01374562 0.01432578 0.08641648
v 0.01372866 0.01415937 0.08734096
v 0.01618106 0.01309312 0.08684102
v 0.01619552 0.01326385 0.08592840
v 0.01620683 0.01331953 0.08487810
v 0.01376030 0.01437932 0.08535286
v 0.01621329 0.01331844 0.08376231
v 0.01377080 0.01437723 0.08422325
v 0.01126444 0.01544257 0.08576527
v 0.01124808 0.01539021 0.08684052
v 0.00880972 0.01638914 0.08608285
v 0.00879349 0.01633705 0.08716724
v 0.01127699 0.01543966 0.08462343
v 0.00882245 0.01638578 0.08493156
v 0.01122985 0.01522558 0.08777536
v 0.00877572 0.01617256 0.08811003
v 0.01376957 0.01437914 0.08198748
v 0.01377534 0.01437678 0.08310059
v 0.01621315 0.01331889 0.08265306
v 0.01620056 0.01332257 0.08155295
v 0.01850615 0.01238459 0.08217652
v 0.01848301 0.01238932 0.08108996
v 0.01616961 0.01333107 0.08046447
v 0.01374902 0.01438569 0.08088660
v 0.01611457 0.01334612 0.07939017
v 0.01370930 0.01439769 0.07980048
v 0.01843792 0.01239941 0.08001457
v 0.01836402 0.01241668 0.07895291
v 0.01126880 0.01544407 0.08125264
v 0.01128203 0.01543957 0.08236438
v 0.00882172 0.01638705 0.08153431
v 0.00882995 0.01638433 0.08265442
v 0.01124126 0.01545271 0.08015634
v 0.00880349 0.01639264 0.08043020
v 0.01128380 0.01543839 0.08348886
v 0.00882972 0.01638405 0.08378781
v 0.01356089 0.01444132 0.07768071
v 0.01364603 0.01441632 0.07873182
v 0.01602952 0.01336934 0.07833256
v 0.01591716 0.01340030 0.07729186
v 0.01825447 0.01244309 0.07790739
v 0.01811284 0.01247814 0.07687832
v 0.01578003 0.01343843 0.07626829
v 0.01345562 0.01447228 0.07664728
v 0.01562080 0.01348330 0.07526199
v 0.01333194 0.01450882 0.07563162
v 0.01794266 0.01252127 0.07586593
v 0.01774739 0.01257186 0.07487054
v 0.01105926 0.01550757 0.07697682
v 0.01113558 0.01548466 0.07801843
v 0.00868095 0.01642919 0.07723086
v 0.00873281 0.01641378 0.07827852
v 0.01096854 0.01553480 0.07595357
v 0.00861850 0.01644773 0.07620201
v 0.01119653 0.01546634 0.07907827
v 0.00877377 0.01640160 0.07934495
v 0.01303831 0.01459641 0.07365475
v 0.01319154 0.01455055 0.07463387
v 0.01544212 0.01353434 0.07427319
v 0.01524849 0.01359038 0.07330271
v 0.01753067 0.01262949 0.07389238
v 0.01729749 0.01269277 0.07293222
v 0.01504441 0.01365007 0.07235137
v 0.01287604 0.01464527 0.07269495
v 0.01483437 0.01371225 0.07141989
v 0.01270850 0.01469609 0.07175515
v 0.01705304 0.01276031 0.07199092
v 0.01680241 0.01283086 0.07106931
v 0.01062759 0.01563766 0.07299617
v 0.01074959 0.01560075 0.07396265
v 0.00837868 0.01651896 0.07322953
v 0.00846500 0.01649328 0.07420092
v 0.01050128 0.01567602 0.07204974
v 0.00828914 0.01654560 0.07227823
v 0.01086427 0.01556616 0.07494863
v 0.00854573 0.01646932 0.07519186
v 0.01237351 0.01479890 0.06993383
v 0.01253960 0.01474772 0.07083608
v 0.01462296 0.01377561 0.07050914
v 0.01441496 0.01383865 0.06961561
v 0.01655074 0.01290304 0.07016810
v 0.01630338 0.01297508 0.06928444
v 0.01421524 0.01389983 0.06873590
v 0.01221447 0.01484827 0.06904439
v 0.01402866 0.01395760 0.06786655
v 0.01206674 0.01489454 0.06816382
v 0.01606570 0.01304540 0.06841536
v 0.01584307 0.01311221 0.06755793
v 0.01012956 0.01578993 0.06931657
v 0.01024869 0.01575320 0.07021428
v 0.00802669 0.01662409 0.06952820
v 0.00811033 0.01659900 0.07043223
v 0.01001988 0.01582397 0.06842632
v 0.00795074 0.01664705 0.06863049
v 0.01037382 0.01571488 0.07112390
v 0.00819873 0.01657259 0.07134734
v 0.00425177 0.01753326 0.08746123
v 0.00424077 0.01736730 0.08841121
v 0.00645736 0.01688127 0.08831080
v 0.00647250 0.01704631 0.08736323
v 0.00648654 0.01709886 0.08627343
v 0.00426200 0.01758662 0.08636875
v 0.00649763 0.01709576 0.08511642
v 0.00427018 0.01758412 0.08520887
v 0.00210323 0.01786734 0.08640053
v 0.00209786 0.01781320 0.08749391
v -0.00002264 0.01795593 0.08640053
v -0.00002264 0.01790143 0.08749391
v 0.00210755 0.01786547 0.08523969
v -0.00002264 0.01795438 0.08523969
v 0.00209209 0.01764639 0.08844466
v -0.00002264 0.01773421 0.08844466
v 0.00424100 0.01759321 0.07851260
v 0.00425627 0.01758853 0.07958494
v 0.00647027 0.01710436 0.07950495
v 0.00644413 0.01711208 0.07843456
v 0.00426709 0.01758516 0.08067665
v 0.00648904 0.01709881 0.08059451
v 0.00641059 0.01712190 0.07738331
v 0.00422123 0.01759930 0.07745949
v 0.00636968 0.01713390 0.07635106
v 0.00419673 0.01760680 0.07642556
v 0.00208577 0.01787488 0.07748490
v 0.00209491 0.01787093 0.07853860
v -0.00002264 0.01796225 0.07748490
v -0.00002264 0.01795893 0.07853860
v 0.00207441 0.01787979 0.07645042
v -0.00002264 0.01796634 0.07645042
v 0.00210191 0.01786793 0.07961162
v 0.00210682 0.01786579 0.08070405
v -0.00002264 0.01795643 0.07961162
v -0.00002264 0.01795465 0.08070405
v 0.00413441 0.01762585 0.07441528
v 0.00416741 0.01761575 0.07541071
v 0.00632127 0.01714808 0.07533776
v 0.00626718 0.01716390 0.07434383
v 0.00620905 0.01718090 0.07336953
v 0.00409878 0.01763671 0.07343948
v 0.00614859 0.01719853 0.07241523
v 0.00406169 0.01764798 0.07248373
v 0.00202818 0.01789961 0.07346280
v 0.00204505 0.01789238 0.07443905
v -0.00002264 0.01798284 0.07346275
v -0.00002264 0.01797684 0.07443905
v 0.00201059 0.01790711 0.07250650
v -0.00002264 0.01798907 0.07250650
v 0.00206064 0.01788570 0.07543503
v -0.00002264 0.01797125 0.07543503
v 0.00398773 0.01767034 0.07062813
v 0.00402419 0.01765934 0.07154829
v 0.00608751 0.01721635 0.07148134
v 0.00602801 0.01723372 0.07056291
v 0.00597215 0.01725003 0.06965506
v 0.00395373 0.01768057 0.06971833
v 0.00592205 0.01726472 0.06875285
v 0.00392364 0.01768966 0.06881390
v 0.00195950 0.01792861 0.06973933
v 0.00197555 0.01792188 0.07064982
v -0.00002264 0.01800702 0.06973929
v -0.00002264 0.01800143 0.07064972
v 0.00194546 0.01793452 0.06883413
v -0.00002264 0.01801193 0.06883408
v 0.00199278 0.01791461 0.07157052
v -0.00002264 0.01799534 0.07157048
v 0.00387896 0.01770312 0.06699917
v 0.00389883 0.01769716 0.06790987
v 0.00587987 0.01727712 0.06785151
v 0.00584537 0.01728735 0.06694385
v 0.00788529 0.01666696 0.06773447
v 0.00783047 0.01668377 0.06683299
v 0.00581838 0.01729540 0.06602291
v 0.00386383 0.01770766 0.06607478
v 0.00778647 0.01669737 0.06591887
v 0.00191832 0.01794579 0.06609196
v 0.00192505 0.01794302 0.06701744
v -0.00002264 0.01802133 0.06609187
v -0.00002264 0.01801902 0.06701735
v 0.00193400 0.01793929 0.06792919
v -0.00002264 0.01801593 0.06792910
v -0.00429709 0.01753326 0.08746123
v -0.00428609 0.01736730 0.08841121
v -0.00213741 0.01764639 0.08844466
v -0.00214314 0.01781320 0.08749391
v -0.00214855 0.01786734 0.08640053
v -0.00430727 0.01758662 0.08636875
v -0.00215282 0.01786547 0.08523969
v -0.00431546 0.01758412 0.08520887
v -0.00653182 0.01709886 0.08627343
v -0.00651782 0.01704631 0.08736323
v -0.00654295 0.01709576 0.08511642
v -0.00650263 0.01688127 0.08831080
v -0.00432150 0.01758230 0.08291551
v -0.00432027 0.01758266 0.08405685
v -0.00215541 0.01786434 0.08408671
v -0.00215614 0.01786402 0.08294451
v -0.00002264 0.01795347 0.08408671
v -0.00002264 0.01795316 0.08294451
v -0.00215509 0.01786448 0.08181599
v -0.00431896 0.01758312 0.08178780
v -0.00215209 0.01786579 0.08070405
v -0.00431241 0.01758516 0.08067665
v -0.00002264 0.01795357 0.08181599
v -0.00654582 0.01709536 0.08170326
v -0.00655059 0.01709381 0.08282846
v -0.00653432 0.01709881 0.08059442
v -0.00654941 0.01709404 0.08396717
v -0.00428632 0.01759321 0.07851256
v -0.00430155 0.01758853 0.07958490
v -0.00214718 0.01786793 0.07961162
v -0.00214023 0.01787093 0.07853860
v -0.00213109 0.01787488 0.07748490
v -0.00426650 0.01759930 0.07745944
v -0.00211968 0.01787979 0.07645042
v -0.00424205 0.01760680 0.07642546
v -0.00645591 0.01712190 0.07738294
v -0.00648941 0.01711208 0.07843433
v -0.00641495 0.01713390 0.07635065
v -0.00651554 0.01710436 0.07950481
v -0.00403301 0.01767034 0.07062795
v -0.00406951 0.01765934 0.07154820
v -0.00203809 0.01791461 0.07157052
v -0.00202082 0.01792188 0.07064982
v -0.00410696 0.01764798 0.07248364
v -0.00205587 0.01790711 0.07250650
v -0.00200482 0.01792861 0.06973933
v -0.00399896 0.01768062 0.06971774
v -0.00199073 0.01793452 0.06883413
v -0.00396878 0.01768966 0.06881254
v -0.00601715 0.01725008 0.06965270
v -0.00607323 0.01723372 0.07056213
v -0.00596669 0.01726476 0.06874727
v -0.00613283 0.01721635 0.07148107
v -0.00619387 0.01719853 0.07241496
v -0.00392378 0.01770316 0.06699489
v -0.00394378 0.01769716 0.06790710
v -0.00197932 0.01793929 0.06792919
v -0.00197032 0.01794302 0.06701744
v -0.00196364 0.01794579 0.06609196
v -0.00390851 0.01770775 0.06606927
v -0.00586115 0.01729562 0.06600096
v -0.00588874 0.01728749 0.06692680
v -0.00592388 0.01727722 0.06784046
v 0.01783926 0.01224450 0.06189686
v 0.01890951 0.01189119 0.06174155
v 0.01886278 0.01190538 0.06067794
v 0.01779553 0.01225823 0.06081448
v 0.01973922 0.01164256 0.06161782
v 0.01969053 0.01165688 0.06056908
v 0.01650815 0.01273872 0.06097157
v 0.01654769 0.01272581 0.06207577
v 0.01661169 0.01270568 0.06303211
v 0.01790971 0.01222323 0.06283416
v 0.01670778 0.01267609 0.06390418
v 0.01801516 0.01219219 0.06368901
v 0.01898460 0.01186947 0.06266239
v 0.01981749 0.01162084 0.06252567
v 0.01909696 0.01183797 0.06350247
v 0.01993448 0.01158943 0.06335411
v 0.01835152 0.01209583 0.06534752
v 0.01945477 0.01174074 0.06513443
v 0.01925523 0.01179442 0.06432395
v 0.01816398 0.01214914 0.06452422
v 0.02030711 0.01149302 0.06496512
v 0.02009930 0.01154616 0.06416472
v 0.01684359 0.01263477 0.06475535
v 0.01701495 0.01258345 0.06559351
v 0.01531231 0.01327594 0.06500716
v 0.01546271 0.01322889 0.06586155
v 0.01721754 0.01252377 0.06642631
v 0.01857324 0.01203410 0.06616664
v 0.01744717 0.01245727 0.06726152
v 0.01882451 0.01196578 0.06698939
v 0.01564085 0.01317385 0.06670926
v 0.01969076 0.01167888 0.06594173
v 0.02055315 0.01143193 0.06576296
v 0.01995848 0.01161065 0.06675349
v 0.02083256 0.01136489 0.06656595
v 0.01939613 0.01181647 0.06867086
v 0.02056861 0.01146284 0.06841518
v 0.02025316 0.01153802 0.06757747
v 0.01910082 0.01189260 0.06782347
v 0.02147063 0.01122062 0.06821146
v 0.02114046 0.01129384 0.06738170
v 0.01769962 0.01238568 0.06810696
v 0.01796907 0.01231078 0.06896503
v 0.01824984 0.01223437 0.06983815
v 0.01970444 0.01173920 0.06953343
v 0.01853615 0.01215828 0.07072872
v 0.02001971 0.01166265 0.07041327
v 0.02089865 0.01138698 0.06926816
v 0.02181672 0.01114716 0.06905644
v 0.02123709 0.01131230 0.07013796
v 0.02217248 0.01107535 0.06991783
v 0.02064724 0.01151875 0.07222983
v 0.02191453 0.01117339 0.07193233
v 0.02157777 0.01124075 0.07102608
v 0.02033593 0.01158879 0.07131221
v 0.02288774 0.01094326 0.07169352
v 0.02253157 0.01100703 0.07079690
v 0.01882228 0.01208423 0.07163920
v 0.01910264 0.01201369 0.07256887
v 0.01937168 0.01194792 0.07351707
v 0.02094773 0.01145379 0.07316567
v 0.01962385 0.01188819 0.07448314
v 0.02123155 0.01139520 0.07411920
v 0.02224125 0.01111144 0.07285645
v 0.02323469 0.01088499 0.07260777
v 0.02255184 0.01105594 0.07379820
v 0.02356622 0.01083335 0.07353952
v 0.02172631 0.01130112 0.07607779
v 0.02310073 0.01096790 0.07573357
v 0.02284019 0.01100808 0.07475732
v 0.02149272 0.01134425 0.07508999
v 0.02415817 0.01075258 0.07545521
v 0.02387604 0.01078926 0.07448873
v 0.01985353 0.01183592 0.07546635
v 0.02005644 0.01179147 0.07646646
v 0.02022825 0.01175538 0.07748317
v 0.02192721 0.01126616 0.07708222
v 0.02036457 0.01172802 0.07851619
v 0.02209053 0.01123957 0.07810302
v 0.02332787 0.01093540 0.07672664
v 0.02440657 0.01072308 0.07643869
v 0.02351600 0.01091062 0.07773626
v 0.02461529 0.01070058 0.07743885
v 0.02229580 0.01121057 0.08019029
v 0.02376472 0.01088276 0.07980166
v 0.02365959 0.01089358 0.07876219
v 0.02221112 0.01122162 0.07913995
v 0.02490115 0.01067463 0.07948585
v 0.02477838 0.01068486 0.07845551
v 0.02046115 0.01170988 0.07956526
v 0.02052497 0.01169902 0.08062774
v 0.02056315 0.01169352 0.08170117
v 0.02235125 0.01120457 0.08125145
v 0.02383749 0.01087667 0.08085192
v 0.02498901 0.01066858 0.08052711
v -0.02066938 0.01129984 0.06148142
v -0.02028948 0.01149193 0.06152433
v -0.02024034 0.01150625 0.06049076
v -0.02061934 0.01131403 0.06044994
v -0.01971008 0.01166115 0.06158387
v -0.01966304 0.01167543 0.06054921
v -0.02084897 0.01099776 0.06042199
v -0.02089928 0.01098380 0.06145087
v -0.02097828 0.01045650 0.06040203
v -0.02102860 0.01044272 0.06142837
v -0.02098042 0.01096271 0.06234145
v -0.02075015 0.01127843 0.06237426
v -0.02110205 0.01093235 0.06315443
v -0.02087115 0.01124757 0.06318979
v -0.02110978 0.01042195 0.06231676
v -0.02123159 0.01039209 0.06312775
v -0.02036898 0.01147025 0.06241917
v -0.01978694 0.01163938 0.06248021
v -0.02048843 0.01143898 0.06323815
v -0.01990326 0.01160784 0.06330384
v -0.02125773 0.01115335 0.06478003
v -0.02087060 0.01134316 0.06484294
v -0.02065729 0.01139593 0.06404409
v -0.02104201 0.01120521 0.06398932
v -0.02027752 0.01151066 0.06493362
v -0.02006853 0.01156425 0.06412045
v -0.02127373 0.01089072 0.06395050
v -0.02149064 0.01083976 0.06473726
v -0.02140364 0.01035104 0.06392205
v -0.02162104 0.01030091 0.06470712
v -0.02174786 0.01078144 0.06552220
v -0.02151345 0.01109394 0.06556906
v -0.02204062 0.01071790 0.06631286
v -0.02180426 0.01102903 0.06636363
v -0.02187899 0.01024364 0.06549043
v -0.02217267 0.01018123 0.06627950
v -0.02112328 0.01128262 0.06564074
v -0.02052488 0.01144902 0.06574687
v -0.02141027 0.01121634 0.06644336
v -0.02080533 0.01138139 0.06656376
v -0.02246993 0.01089067 0.06799169
v -0.02206562 0.01107448 0.06808282
v -0.02172649 0.01114635 0.06725689
v -0.02212521 0.01096067 0.06717080
v -0.02144336 0.01123589 0.06822196
v -0.02111351 0.01130971 0.06738793
v -0.02236403 0.01065099 0.06711680
v -0.02271161 0.01058272 0.06793478
v -0.02249711 0.01011569 0.06708185
v -0.02284602 0.01004887 0.06789824
v -0.02307701 0.01051486 0.06876781
v -0.02283206 0.01082094 0.06882740
v -0.02345373 0.01044936 0.06961666
v -0.02320510 0.01075331 0.06967893
v -0.02321283 0.00998264 0.06872958
v -0.02359123 0.00991892 0.06957666
v -0.02242143 0.01100262 0.06892281
v -0.02178872 0.01116180 0.06906844
v -0.02278761 0.01093267 0.06977838
v -0.02214344 0.01108926 0.06993001
v -0.02395858 0.01063104 0.07143280
v -0.02352564 0.01080499 0.07154130
v -0.02315778 0.01086649 0.07065118
v -0.02358277 0.01068972 0.07054732
v -0.02285629 0.01095558 0.07170616
v -0.02250139 0.01102017 0.07080922
v -0.02383540 0.01038800 0.07048223
v -0.02421553 0.01033173 0.07136462
v -0.02397472 0.00985946 0.07044036
v -0.02435689 0.00980519 0.07132085
v -0.02458775 0.01028132 0.07226410
v -0.02432617 0.01057813 0.07233546
v -0.02494561 0.01023768 0.07318067
v -0.02467916 0.01053195 0.07325540
v -0.02473129 0.00975688 0.07221819
v -0.02509151 0.00971533 0.07313258
v -0.02388486 0.01074922 0.07244882
v -0.02320187 0.01089649 0.07262077
v -0.02422898 0.01070004 0.07337385
v -0.02353196 0.01084390 0.07355307
v -0.02531560 0.01046181 0.07514758
v -0.02484697 0.01062408 0.07527653
v -0.02455180 0.01065845 0.07431651
v -0.02501106 0.01049336 0.07419288
v -0.02412072 0.01076140 0.07547053
v -0.02384022 0.01079894 0.07450310
v -0.02528264 0.01020169 0.07411461
v -0.02559250 0.01017259 0.07506567
v -0.02543114 0.00968138 0.07406415
v -0.02574368 0.00965433 0.07501272
v -0.02586872 0.01014987 0.07603370
v -0.02558632 0.01043686 0.07611943
v -0.02610485 0.01013278 0.07701859
v -0.02581691 0.01041795 0.07710818
v -0.02602276 0.00963338 0.07597811
v -0.02626190 0.00961783 0.07696027
v -0.02510833 0.01059658 0.07625374
v -0.02436744 0.01073113 0.07645515
v -0.02532955 0.01057563 0.07724790
v -0.02457443 0.01070799 0.07745662
v -0.02614294 0.01039568 0.07913322
v -0.02563805 0.01055104 0.07928368
v -0.02550450 0.01056081 0.07825883
v -0.02600095 0.01040459 0.07811366
v -0.02485670 0.01068126 0.07950662
v -0.02473566 0.01069181 0.07847474
v -0.02629453 0.01012073 0.07802011
v -0.02644180 0.01011273 0.07903577
v -0.02645476 0.00960692 0.07795902
v -0.02660512 0.00959970 0.07897186
v -0.02655085 0.01010787 0.08006293
v -0.02624735 0.01039032 0.08016411
v -0.02671689 0.00959538 0.07999643
v -0.02573513 0.01054518 0.08031965
v -0.02494306 0.01067508 0.08054942
v -0.02113655 0.00854045 0.06139897
v -0.02110673 0.00957556 0.06140960
v -0.02105619 0.00958924 0.06038540
v -0.02109460 0.00850740 0.06038458
v -0.02110537 0.00732234 0.06041217
v -0.02112082 0.00749547 0.06140110
v -0.02106814 0.00632236 0.06049458
v -0.02105437 0.00664299 0.06142387
v -0.02119128 0.00753720 0.06227472
v -0.02121550 0.00853554 0.06228145
v -0.02131441 0.00750783 0.06308252
v -0.02133809 0.00850613 0.06308975
v -0.02111546 0.00673371 0.06227786
v -0.02123896 0.00670412 0.06308588
v -0.02118823 0.00955497 0.06229613
v -0.02131041 0.00952543 0.06310552
v -0.02172940 0.00841681 0.06466431
v -0.02170081 0.00943543 0.06468203
v -0.02148286 0.00948493 0.06389832
v -0.02151104 0.00846590 0.06388155
v -0.02148772 0.00746761 0.06387391
v -0.02170640 0.00741861 0.06465631
v -0.02141259 0.00666371 0.06387755
v -0.02163140 0.00661449 0.06466026
v -0.02196558 0.00736279 0.06543715
v -0.02198835 0.00836081 0.06544547
v -0.02226025 0.00730216 0.06622391
v -0.02228298 0.00829995 0.06623250
v -0.02189049 0.00655840 0.06544147
v -0.02218489 0.00649749 0.06622864
v -0.02195935 0.00937893 0.06546406
v -0.02225362 0.00931743 0.06625191
v -0.02295838 0.00817141 0.06784728
v -0.02292842 0.00918739 0.06786815
v -0.02257879 0.00925298 0.06705298
v -0.02260847 0.00823618 0.06703285
v -0.02258561 0.00723870 0.06702403
v -0.02293528 0.00717420 0.06783833
v -0.02250975 0.00643376 0.06702921
v -0.02285865 0.00636899 0.06784396
v -0.02330278 0.00711052 0.06866754
v -0.02332623 0.00810741 0.06867663
v -0.02368173 0.00704948 0.06951247
v -0.02370572 0.00804600 0.06952170
v -0.02322519 0.00630499 0.06867372
v -0.02360295 0.00624359 0.06951920
v -0.02329610 0.00912248 0.06869827
v -0.02367541 0.00906016 0.06954406
v -0.02447375 0.00793741 0.07126148
v -0.02444312 0.00894948 0.07128544
v -0.02405985 0.00900221 0.07040641
v -0.02409035 0.00798909 0.07038327
v -0.02406576 0.00699293 0.07037391
v -0.02444848 0.00694157 0.07125198
v -0.02398567 0.00618659 0.07038128
v -0.02436685 0.00613477 0.07126008
v -0.02482343 0.00689621 0.07214687
v -0.02484952 0.00789169 0.07215642
v -0.02518424 0.00685753 0.07305863
v -0.02521115 0.00785278 0.07306831
v -0.02474011 0.00608886 0.07215565
v -0.02509915 0.00604964 0.07306826
v -0.02481865 0.00890280 0.07218128
v -0.02518015 0.00886285 0.07309404
v -0.02586654 0.00779669 0.07494304
v -0.02583509 0.00880494 0.07497068
v -0.02552109 0.00883053 0.07402388
v -0.02555232 0.00782137 0.07399724
v -0.02552450 0.00682639 0.07398747
v -0.02583786 0.00680185 0.07493322
v -0.02543750 0.00601782 0.07399797
v -0.02574882 0.00599268 0.07494468
v -0.02611785 0.00678312 0.07589575
v -0.02614749 0.00777783 0.07590561
v -0.02635808 0.00676944 0.07687487
v -0.02638867 0.00776405 0.07688477
v -0.02602667 0.00597341 0.07590820
v -0.02626476 0.00595923 0.07688841
v -0.02611572 0.00878531 0.07593425
v -0.02635653 0.00877090 0.07691445
v -0.02673620 0.00774819 0.07889019
v -0.02670325 0.00875422 0.07892205
v -0.02655116 0.00876081 0.07791116
v -0.02658366 0.00775442 0.07788043
v -0.02655221 0.00675994 0.07787048
v -0.02670389 0.00675376 0.07888023
v -0.02645667 0.00594932 0.07788512
v -0.02660621 0.00594291 0.07889596
v -0.02681688 0.00675012 0.07990176
v -0.02684993 0.00774451 0.07991184
v -0.02671739 0.00593909 0.07991844
v -0.02681657 0.00875026 0.07994471
v 0.02070942 0.00603032 0.06153646
v 0.02034584 0.00616300 0.06160341
v 0.02038606 0.00573973 0.06091870
v 0.02074783 0.00561796 0.06082216
v 0.01977467 0.00651272 0.06169287
v 0.01981335 0.00608368 0.06099911
v 0.02094801 0.00577832 0.06065548
v 0.02091805 0.00616709 0.06147215
v 0.02103705 0.00631431 0.06049389
v 0.02102451 0.00663403 0.06142301
v 0.02097396 0.00628036 0.06228922
v 0.02076256 0.00615118 0.06232145
v 0.02109782 0.00625041 0.06309829
v 0.02088628 0.00612073 0.06313370
v 0.02108596 0.00672453 0.06227690
v 0.02120950 0.00669499 0.06308502
v 0.02039788 0.00628718 0.06238276
v 0.01982617 0.00663853 0.06248231
v 0.02052074 0.00625613 0.06320165
v 0.01994703 0.00660690 0.06331274
v 0.02127777 0.00602868 0.06471694
v 0.02090901 0.00616209 0.06479980
v 0.02069288 0.00621377 0.06400518
v 0.02105969 0.00607923 0.06392978
v 0.02032920 0.00651049 0.06493730
v 0.02011662 0.00656349 0.06412945
v 0.02127164 0.00620963 0.06389105
v 0.02149045 0.00615995 0.06467485
v 0.02138313 0.00665462 0.06387678
v 0.02160204 0.00660549 0.06465967
v 0.02174931 0.00610336 0.06545729
v 0.02153545 0.00597114 0.06550242
v 0.02204330 0.00604186 0.06624577
v 0.02182767 0.00590850 0.06629350
v 0.02186117 0.00654953 0.06544120
v 0.02215571 0.00648876 0.06622873
v 0.02116387 0.00610323 0.06559197
v 0.02057906 0.00645008 0.06574119
v 0.02145222 0.00603918 0.06638813
v 0.02086042 0.00638445 0.06654599
v 0.02249443 0.00577605 0.06791501
v 0.02210735 0.00590359 0.06801392
v 0.02176872 0.00597209 0.06719475
v 0.02214944 0.00584291 0.06709730
v 0.02149504 0.00624545 0.06817687
v 0.02116755 0.00631568 0.06735661
v 0.02236752 0.00597750 0.06704780
v 0.02271547 0.00591200 0.06786415
v 0.02248070 0.00642517 0.06702976
v 0.02282979 0.00636054 0.06784506
v 0.02308092 0.00584719 0.06869554
v 0.02285642 0.00570978 0.06874772
v 0.02345736 0.00578492 0.06954284
v 0.02322914 0.00564587 0.06959652
v 0.02319651 0.00629668 0.06867540
v 0.02357454 0.00623545 0.06952152
v 0.02246225 0.00583550 0.06884758
v 0.02183744 0.00617532 0.06901067
v 0.02282728 0.00576946 0.06969779
v 0.02218930 0.00610691 0.06986192
v 0.02398149 0.00553119 0.07134562
v 0.02356363 0.00564969 0.07145366
v 0.02319655 0.00570723 0.07056659
v 0.02360627 0.00558606 0.07046246
v 0.02289874 0.00598109 0.07162734
v 0.02254525 0.00604177 0.07073449
v 0.02383854 0.00572696 0.07040677
v 0.02421798 0.00567410 0.07128744
v 0.02395749 0.00617863 0.07038419
v 0.02433898 0.00612700 0.07126357
v 0.02458939 0.00562705 0.07218505
v 0.02434839 0.00548210 0.07224596
v 0.02494638 0.00558674 0.07309972
v 0.02470061 0.00543960 0.07316358
v 0.02471256 0.00608127 0.07215974
v 0.02507192 0.00604223 0.07307290
v 0.02392213 0.00559783 0.07235869
v 0.02324332 0.00592578 0.07253936
v 0.02426562 0.00555246 0.07328126
v 0.02357254 0.00587691 0.07346944
v 0.02533555 0.00537629 0.07505049
v 0.02488229 0.00548365 0.07517795
v 0.02458775 0.00551460 0.07422106
v 0.02503174 0.00540456 0.07409847
v 0.02415953 0.00580132 0.07538049
v 0.02387990 0.00583550 0.07441651
v 0.02528255 0.00555378 0.07403156
v 0.02559150 0.00552751 0.07498040
v 0.02541064 0.00601064 0.07400311
v 0.02572232 0.00598568 0.07495022
v 0.02586695 0.00550724 0.07594607
v 0.02560568 0.00535415 0.07601934
v 0.02610249 0.00549219 0.07692832
v 0.02583581 0.00533761 0.07700491
v 0.02600058 0.00596659 0.07591402
v 0.02623908 0.00595255 0.07689436
v 0.02514310 0.00545915 0.07615179
v 0.02440557 0.00577405 0.07636128
v 0.02536405 0.00544069 0.07714231
v 0.02461220 0.00575337 0.07735885
v 0.02616163 0.00531833 0.07902277
v 0.02567273 0.00541924 0.07917032
v 0.02553900 0.00542774 0.07814943
v 0.02601967 0.00532597 0.07800693
v 0.02489474 0.00572964 0.07940099
v 0.02477347 0.00573896 0.07837302
v 0.02629171 0.00548169 0.07792698
v 0.02643875 0.00547479 0.07893946
v 0.02643139 0.00594277 0.07789102
v 0.02658139 0.00593646 0.07890155
v 0.02654766 0.00547069 0.07996321
v 0.02626608 0.00531374 0.08004970
v 0.02669289 0.00593268 0.07992348
v 0.02577004 0.00541420 0.08020220
v 0.02498133 0.00572423 0.08043992
v 0.02109432 0.00853917 0.06139988
v 0.02108160 0.00749197 0.06140156
v 0.02106528 0.00731938 0.06041262
v 0.02105219 0.00850622 0.06038540
v 0.02101723 0.00958756 0.06038576
v 0.02106773 0.00957392 0.06141006
v 0.02094883 0.01045232 0.06040126
v 0.02099910 0.01043859 0.06142751
v 0.02114928 0.00955333 0.06229667
v 0.02117337 0.00853417 0.06228254
v 0.02127141 0.00952383 0.06310625
v 0.02129596 0.00850481 0.06309102
v 0.02108032 0.01041786 0.06231586
v 0.02120214 0.01038804 0.06312688
v 0.02115232 0.00753351 0.06227531
v 0.02127541 0.00750415 0.06308325
v 0.02168731 0.00841550 0.06466617
v 0.02166749 0.00741502 0.06465758
v 0.02144877 0.00746402 0.06387487
v 0.02146891 0.00846459 0.06388310
v 0.02144391 0.00948334 0.06389928
v 0.02166186 0.00943384 0.06468331
v 0.02137418 0.01034709 0.06392132
v 0.02159168 0.01029700 0.06470658
v 0.02192044 0.00937743 0.06546570
v 0.02194626 0.00835954 0.06544779
v 0.02221475 0.00931598 0.06625400
v 0.02224094 0.00829872 0.06623532
v 0.02184972 0.01023982 0.06549015
v 0.02214348 0.01017755 0.06627959
v 0.02192667 0.00735929 0.06543884
v 0.02222139 0.00729870 0.06622609
v 0.02291633 0.00817027 0.06785142
v 0.02289656 0.00717084 0.06784169
v 0.02254684 0.00723529 0.06702680
v 0.02256643 0.00823500 0.06703626
v 0.02254002 0.00925157 0.06705566
v 0.02288970 0.00918602 0.06787146
v 0.02246811 0.01011214 0.06708235
v 0.02281715 0.01004546 0.06789924
v 0.02325746 0.00912121 0.06870226
v 0.02328428 0.00810627 0.06868149
v 0.02363686 0.00905894 0.06954879
v 0.02366381 0.00804496 0.06952734
v 0.02318419 0.00997942 0.06873113
v 0.02356281 0.00991583 0.06957884
v 0.02326414 0.00710725 0.06867163
v 0.02364318 0.00704630 0.06951729
v 0.02443193 0.00793637 0.07126866
v 0.02441016 0.00693848 0.07125830
v 0.02402735 0.00698980 0.07037950
v 0.02404849 0.00798805 0.07038968
v 0.02402144 0.00900107 0.07041187
v 0.02440480 0.00894844 0.07129162
v 0.02394658 0.00985656 0.07044314
v 0.02432903 0.00980247 0.07132416
v 0.02478047 0.00890180 0.07218819
v 0.02480774 0.00789073 0.07216442
v 0.02514206 0.00886194 0.07310167
v 0.02516946 0.00785182 0.07307708
v 0.02470374 0.00975428 0.07222210
v 0.02506428 0.00971297 0.07313703
v 0.02478525 0.00689316 0.07215392
v 0.02514619 0.00685457 0.07306640
v 0.02582500 0.00779578 0.07495318
v 0.02580009 0.00679903 0.07494227
v 0.02548659 0.00682348 0.07399592
v 0.02551068 0.00782042 0.07400670
v 0.02548318 0.00882962 0.07403220
v 0.02579731 0.00880412 0.07497959
v 0.02540428 0.00967920 0.07406906
v 0.02571718 0.00965233 0.07501804
v 0.02607808 0.00878458 0.07594366
v 0.02610603 0.00777696 0.07591629
v 0.02631907 0.00877017 0.07692418
v 0.02634726 0.00776319 0.07689591
v 0.02599663 0.00963156 0.07598379
v 0.02623621 0.00961611 0.07696604
v 0.02608022 0.00678039 0.07590529
v 0.02632067 0.00676676 0.07688477
v 0.02669497 0.00774737 0.07890159
v 0.02666675 0.00675117 0.07889019
v 0.02651493 0.00675730 0.07788052
v 0.02654239 0.00775360 0.07789180
v 0.02651384 0.00876012 0.07792107
v 0.02666611 0.00875353 0.07893191
v 0.02642944 0.00960529 0.07796475
v 0.02658021 0.00959820 0.07897732
v 0.02677957 0.00874963 0.07995425
v 0.02680879 0.00774369 0.07992294
v 0.02669230 0.00959388 0.08000139
v 0.02677993 0.00674753 0.07991139
v -0.01787717 0.00771687 0.06204968
v -0.01893101 0.00706243 0.06187464
v -0.01896583 0.00662467 0.06115293
v -0.01791248 0.00728879 0.06126461
v -0.01975317 0.00655240 0.06172282
v -0.01979058 0.00612282 0.06102138
v -0.01664892 0.00812273 0.06129474
v -0.01660624 0.00850322 0.06222231
v -0.01516754 0.00911334 0.06132333
v -0.01512641 0.00940366 0.06240240
v -0.01664583 0.00861354 0.06313543
v -0.01792407 0.00784237 0.06289853
v -0.01674460 0.00858345 0.06401868
v -0.01803234 0.00781087 0.06376060
v -0.01515982 0.00948543 0.06338333
v -0.01898146 0.00719093 0.06268730
v -0.01980485 0.00667835 0.06251662
v -0.01909655 0.00715911 0.06353074
v -0.01992449 0.00664681 0.06334506
v -0.01836666 0.00771583 0.06538724
v -0.01945459 0.00706307 0.06514079
v -0.01925568 0.00711593 0.06434454
v -0.01818111 0.00776819 0.06458531
v -0.02029930 0.00655154 0.06494230
v -0.02009084 0.00660390 0.06415036
v -0.01687960 0.00854254 0.06485657
v -0.01704768 0.00849231 0.06566624
v -0.01724572 0.00843404 0.06646477
v -0.01858524 0.00765542 0.06618091
v -0.01747067 0.00836913 0.06726930
v -0.01883315 0.00758856 0.06698085
v -0.01968908 0.00700239 0.06593132
v -0.02054520 0.00649158 0.06573060
v -0.01995485 0.00693553 0.06672808
v -0.02082397 0.00642590 0.06652499
v -0.01939941 0.00744202 0.06864272
v -0.02056120 0.00679071 0.06837632
v -0.02024766 0.00686434 0.06754306
v -0.01910664 0.00751679 0.06780156
v -0.02145977 0.00628500 0.06816187
v -0.02113092 0.00635645 0.06733529
v -0.01771940 0.00829891 0.06809691
v -0.01798580 0.00822527 0.06894685
v -0.01826370 0.00815009 0.06981842
v -0.01970522 0.00736611 0.06950393
v -0.01854706 0.00807523 0.07071086
v -0.02001771 0.00729102 0.07038482
v -0.02088915 0.00671644 0.06922784
v -0.02180413 0.00621341 0.06900521
v -0.02122509 0.00664344 0.07009778
v -0.02215767 0.00614350 0.06986583
v -0.02063829 0.00715011 0.07220383
v -0.02189604 0.00650794 0.07189256
v -0.02156272 0.00657358 0.07098617
v -0.02033070 0.00721861 0.07128503
v -0.02286710 0.00601541 0.07163993
v -0.02251407 0.00607718 0.07074409
v -0.01882974 0.00800255 0.07162343
v -0.01910619 0.00793337 0.07255509
v -0.01937095 0.00786901 0.07350471
v -0.02093465 0.00708671 0.07314040
v -0.01961849 0.00781074 0.07447128
v -0.02121400 0.00702966 0.07409401
v -0.02221894 0.00644767 0.07281663
v -0.02321060 0.00595909 0.07255323
v -0.02252534 0.00639386 0.07375789
v -0.02353832 0.00590932 0.07348385
v -0.02169927 0.00693853 0.07605016
v -0.02306528 0.00630890 0.07569071
v -0.02280929 0.00634763 0.07471591
v -0.02147045 0.00698021 0.07506390
v -0.02412212 0.00583191 0.07539671
v -0.02384413 0.00586700 0.07443173
v -0.01984331 0.00775992 0.07545371
v -0.02004139 0.00771687 0.07645219
v -0.02020871 0.00768197 0.07746699
v -0.02189567 0.00690475 0.07705286
v -0.02034120 0.00765556 0.07849833
v -0.02205489 0.00687916 0.07807220
v -0.02328800 0.00627768 0.07668228
v -0.02436644 0.00580382 0.07637869
v -0.02347205 0.00625395 0.07769062
v -0.02457120 0.00578246 0.07737763
v -0.02225403 0.00685130 0.08015807
v -0.02371395 0.00622741 0.07975462
v -0.02361200 0.00623768 0.07871569
v -0.02217217 0.00686189 0.07910823
v -0.02485006 0.00575796 0.07942294
v -0.02473061 0.00576760 0.07839333
v -0.02043488 0.00763806 0.07954635
v -0.02049638 0.00762765 0.08060833
v -0.02053247 0.00762247 0.08168153
v -0.02230698 0.00684576 0.08121895
v -0.02378395 0.00622168 0.08080451
v -0.02493511 0.00575237 0.08046351
v 0.00425355 0.01397688 0.08291551
v 0.00425209 0.01397729 0.08405685
v 0.00209832 0.01425701 0.08408671
v 0.00209918 0.01425664 0.08294451
v 0.00209823 0.01425705 0.08181599
v 0.00425127 0.01397760 0.08178785
v 0.00646868 0.01349211 0.08170340
v 0.00647300 0.01349071 0.08282851
v 0.00647154 0.01349102 0.08396717
v 0.00427623 0.01758230 0.08291551
v 0.00427500 0.01758266 0.08405685
v 0.00650413 0.01709404 0.08396717
v 0.00650532 0.01709381 0.08282846
v 0.00650050 0.01709536 0.08170331
v 0.00427368 0.01758312 0.08178780
v 0.00210977 0.01786448 0.08181599
v 0.00211086 0.01786402 0.08294451
v 0.00211009 0.01786434 0.08408671
v -0.00416523 0.01401783 0.07441537
v -0.00419668 0.01400824 0.07541085
v -0.00634432 0.01354202 0.07533835
v -0.00629246 0.01355720 0.07434419
v -0.00623664 0.01357348 0.07336967
v -0.00413119 0.01402815 0.07343953
v -0.00206668 0.01429005 0.07346275
v -0.00208273 0.01428323 0.07443905
v -0.00209755 0.01427687 0.07543503
v -0.00417969 0.01762585 0.07441514
v -0.00421273 0.01761575 0.07541062
v -0.00210591 0.01788570 0.07543503
v -0.00209032 0.01789238 0.07443905
v -0.00207346 0.01789961 0.07346280
v -0.00414409 0.01763671 0.07343939
v -0.00625432 0.01718090 0.07336917
v -0.00631246 0.01716390 0.07434342
v -0.00636659 0.01714808 0.07533735
v -0.01162248 0.01140361 0.06279212
v -0.01161062 0.01137066 0.06157364
v -0.00969893 0.01232864 0.06171091
v -0.00971420 0.01232337 0.06295752
v -0.00973852 0.01231523 0.06403741
v -0.01165507 0.01140511 0.06385100
v -0.01347921 0.01043891 0.06362742
v -0.01344585 0.01040041 0.06259971
v -0.01346081 0.01024746 0.06143038
v -0.01159285 0.01505822 0.06253430
v -0.01157826 0.01506467 0.06140374
v -0.01337622 0.01417814 0.06120979
v -0.01339663 0.01416937 0.06230272
v -0.01503545 0.01337534 0.06102311
v -0.01506200 0.01336448 0.06208518
v -0.01343594 0.01415483 0.06325293
v -0.01162198 0.01504735 0.06351697
v -0.01511141 0.01334684 0.06300857
v -0.00971743 0.01593165 0.06376696
v -0.00969770 0.01593897 0.06275185
v -0.00968825 0.01594311 0.06158342
v 0.01184497 0.01132934 0.06648677
v 0.01374730 0.01033727 0.06623936
v 0.01390370 0.01028832 0.06713680
v 0.01196584 0.01129116 0.06739216
v 0.01550349 0.00935975 0.06596578
v 0.01569180 0.00930239 0.06685039
v 0.00994079 0.01223728 0.06760552
v 0.00985497 0.01226419 0.06669576
v 0.00978247 0.01228705 0.06577097
v 0.01174120 0.01136230 0.06556597
v 0.01361189 0.01037986 0.06532665
v 0.01534013 0.00940988 0.06506684
v 0.01181970 0.01497304 0.06641018
v 0.01172411 0.01500390 0.06552215
v 0.00977261 0.01590211 0.06574533
v 0.00984052 0.01588043 0.06664799
v 0.00992324 0.01585424 0.06753925
v 0.01193452 0.01493636 0.06728825
v 0.01386011 0.01401047 0.06700407
v 0.01371239 0.01405728 0.06614091
v 0.01358826 0.01409706 0.06526943
v 0.02227212 0.00683135 0.08014143
v 0.02049197 0.00761474 0.08059747
v 0.02042966 0.00762506 0.07953644
v 0.02218898 0.00684176 0.07909286
v 0.02033511 0.00764233 0.07848951
v 0.02207039 0.00685866 0.07805820
v 0.02364686 0.00621168 0.07869628
v 0.02375045 0.00620168 0.07973367
v 0.02350518 0.00622750 0.07767271
v 0.02382190 0.00619609 0.08078201
v 0.02232621 0.00682589 0.08120109
v 0.02386708 0.00619354 0.08183849
v 0.02235766 0.00682371 0.08226907
v 0.02052879 0.00760969 0.08166985
v 0.02054670 0.00760806 0.08275079
v 0.02171226 0.00691698 0.07603897
v 0.02003371 0.00770297 0.07644605
v 0.01983489 0.00774560 0.07544867
v 0.02148227 0.00695803 0.07505395
v 0.01960935 0.00779601 0.07446705
v 0.02122473 0.00700684 0.07408497
v 0.02283769 0.00631899 0.07470200
v 0.02309519 0.00628109 0.07567566
v 0.02255234 0.00636440 0.07374489
v 0.02331950 0.00625063 0.07666587
v 0.02190990 0.00688380 0.07704032
v 0.02020180 0.00766842 0.07745953
v 0.02064783 0.00712575 0.07219815
v 0.01909682 0.00791751 0.07255464
v 0.01882301 0.00798541 0.07163370
v 0.02034188 0.00719298 0.07128780
v 0.01854629 0.00805605 0.07074272
v 0.02003307 0.00726352 0.07040450
v 0.02158813 0.00654108 0.07098149
v 0.02192099 0.00647667 0.07188229
v 0.02125268 0.00660935 0.07010419
v 0.02224457 0.00641735 0.07280418
v 0.02094433 0.00706321 0.07313176
v 0.01936113 0.00785383 0.07350075
v 0.01943068 0.00740897 0.06871972
v 0.01800639 0.00819964 0.06905217
v 0.01774817 0.00827072 0.06822578
v 0.01914391 0.00748156 0.06789742
v 0.01750104 0.00834013 0.06739411
v 0.01887146 0.00755247 0.06707462
v 0.02028816 0.00682435 0.06759924
v 0.02059815 0.00675239 0.06842004
v 0.01999571 0.00689471 0.06678340
v 0.02092119 0.00668026 0.06925266
v 0.01972822 0.00733588 0.06955193
v 0.01827325 0.00812777 0.06988669
v 0.01838693 0.00768347 0.06539711
v 0.01705513 0.00846854 0.06567815
v 0.01687146 0.00852258 0.06480026
v 0.01818916 0.00773860 0.06454390
v 0.01672401 0.00856649 0.06391350
v 0.01803071 0.00778355 0.06368215
v 0.01927650 0.00707866 0.06431463
v 0.01948340 0.00702421 0.06514325
v 0.01911100 0.00712316 0.06347738
v 0.01972526 0.00696212 0.06596546
v 0.01861674 0.00762060 0.06624091
v 0.01726750 0.00840690 0.06654381
v 0.01787207 0.00769051 0.06197636
v 0.01658101 0.00848767 0.06212618
v 0.01662660 0.00810718 0.06123192
v 0.01791012 0.00726247 0.06121452
v 0.01682469 0.00719202 0.06047630
v 0.01806357 0.00635286 0.06060189
v 0.01898019 0.00658962 0.06111733
v 0.01894337 0.00702707 0.06182455
v 0.01912346 0.00569474 0.06056176
v 0.01899346 0.00715543 0.06262930
v 0.01791862 0.00781587 0.06281257
v 0.01662033 0.00859781 0.06302111
v 0.02616085 0.01039100 0.07912345
v 0.02643730 0.01010969 0.07903405
v 0.02628921 0.01011755 0.07801902
v 0.02601763 0.01039968 0.07810493
v 0.02609872 0.01012941 0.07701790
v 0.02583231 0.01041273 0.07710022
v 0.02553923 0.01055450 0.07824343
v 0.02567432 0.01054500 0.07926690
v 0.02536264 0.01056890 0.07723372
v 0.02577281 0.01053927 0.08030143
v 0.02626635 0.01038573 0.08015316
v 0.02583949 0.01053622 0.08134422
v 0.02633848 0.01038286 0.08119136
v 0.02654703 0.01010491 0.08006039
v 0.02662252 0.01010232 0.08109555
v 0.02532855 0.01045563 0.07514067
v 0.02558482 0.01016859 0.07506517
v 0.02527423 0.01019728 0.07411401
v 0.02502292 0.01048654 0.07418624
v 0.02493647 0.01023291 0.07317990
v 0.02468988 0.01052454 0.07324894
v 0.02458025 0.01064963 0.07430474
v 0.02487688 0.01061604 0.07526412
v 0.02425603 0.01069045 0.07336262
v 0.02513978 0.01058927 0.07624056
v 0.02560050 0.01043122 0.07611211
v 0.02586176 0.01014619 0.07603320
v 0.02396735 0.01062240 0.07142634
v 0.02420512 0.01032618 0.07136330
v 0.02382440 0.01038209 0.07048054
v 0.02359063 0.01068049 0.07054082
v 0.02344223 0.01044309 0.06961461
v 0.02321219 0.01074358 0.06967229
v 0.02318110 0.01085458 0.07064072
v 0.02355009 0.01079385 0.07153066
v 0.02280988 0.01092003 0.06976802
v 0.02391054 0.01073881 0.07243796
v 0.02433589 0.01057008 0.07232901
v 0.02457793 0.01027618 0.07226305
v 0.02247566 0.01087994 0.06798501
v 0.02269924 0.01057581 0.06793205
v 0.02235130 0.01064386 0.06711375
v 0.02213044 0.01094953 0.06716439
v 0.02202758 0.01071045 0.06630959
v 0.02180913 0.01101753 0.06635800
v 0.02174654 0.01113194 0.06724889
v 0.02208621 0.01106062 0.06807310
v 0.02143009 0.01120139 0.06643877
v 0.02244279 0.01098935 0.06891249
v 0.02283838 0.01081067 0.06882067
v 0.02306501 0.01050827 0.06876540
v 0.02126227 0.01114116 0.06477739
v 0.02147718 0.01083190 0.06473371
v 0.02126014 0.01088272 0.06394696
v 0.02104646 0.01119280 0.06398814
v 0.02108837 0.01092426 0.06315093
v 0.02087560 0.01123498 0.06318943
v 0.02067792 0.01137975 0.06405673
v 0.02089092 0.01132734 0.06485035
v 0.02050915 0.01142257 0.06325347
v 0.02114328 0.01126721 0.06564178
v 0.02151809 0.01108207 0.06556483
v 0.02173458 0.01077381 0.06551874
v 0.02067361 0.01128702 0.06148015
v 0.02088560 0.01097553 0.06144783
v 0.02083533 0.01098944 0.06041921
v 0.02062342 0.01130112 0.06044781
v 0.02080633 0.01099830 0.05919165
v 0.02059438 0.01131007 0.05921578
v 0.02025961 0.01148952 0.06049508
v 0.02030938 0.01147525 0.06153378
v 0.02023079 0.01149857 0.05925560
v 0.02038943 0.01145366 0.06243285
v 0.02075447 0.01126566 0.06237372
v 0.02096673 0.01095449 0.06233813
v 0.02253766 -0.00745349 0.05242484
v 0.02244375 -0.00521781 0.05242875
v 0.02267502 -0.00527921 0.05277733
v 0.02276988 -0.00750262 0.05277406
v 0.02225589 -0.00301590 0.05243270
v 0.02248525 -0.00309017 0.05278074
v 0.02280151 -0.00983898 0.05277060
v 0.02256897 -0.00980130 0.05242088
v 0.02280151 -0.01236702 0.05276660
v 0.02256897 -0.01233943 0.05241675
v 0.02217016 -0.00973262 0.05230430
v 0.02213944 -0.00736349 0.05230843
v 0.02217016 -0.01228961 0.05230016
v 0.02204717 -0.00510517 0.05231257
v 0.02186262 -0.00288036 0.05231670
v 0.02155681 0.00136951 0.05227457
v 0.02115014 0.00324965 0.05177949
v 0.02136150 0.00330401 0.05215625
v 0.02177731 0.00131124 0.05262970
v 0.02216894 -0.00085676 0.05278470
v 0.02194285 -0.00076958 0.05243684
v 0.02155509 -0.00061186 0.05232084
v 0.02117559 0.00153219 0.05215621
v 0.02077510 0.00338378 0.05165390
v 0.01957935 -0.00674773 0.05981359
v 0.01857101 -0.00650001 0.05950242
v 0.01859679 -0.00907709 0.05947246
v 0.01960654 -0.00926490 0.05979086
v 0.01859679 -0.01181912 0.05943537
v 0.01960654 -0.01195366 0.05976036
v 0.02064120 -0.00945631 0.05986691
v 0.02061256 -0.00700009 0.05988086
v 0.02064120 -0.01209084 0.05984477
v 0.02052665 -0.00465018 0.05989273
v 0.01949772 -0.00433405 0.05983459
v 0.02035484 -0.00233468 0.05990859
v 0.01933454 -0.00195578 0.05985991
v 0.01849361 -0.00402369 0.05953101
v 0.01833879 -0.00158402 0.05956409
v 0.01957935 -0.01784681 0.05966541
v 0.01857101 -0.01778836 0.05932978
v 0.01849361 -0.02061057 0.05927642
v 0.01949772 -0.02064439 0.05961600
v 0.02052665 -0.02067898 0.05972182
v 0.02061256 -0.01790654 0.05976509
v 0.02064120 -0.01497569 0.05980845
v 0.01960654 -0.01488210 0.05971605
v 0.01859679 -0.01479037 0.05938528
v 0.01872451 0.00275066 0.05999554
v 0.01771649 0.00327260 0.05972927
v 0.01808075 0.00088338 0.05960755
v 0.01906250 0.00045512 0.05989568
v 0.02006848 0.00001840 0.05993445
v 0.01972772 0.00224826 0.06001931
v 0.01939268 0.00419399 0.06021208
v 0.01836324 0.00478275 0.06021326
v 0.01724290 0.00547801 0.05999713
v 0.02252852 -0.01796767 0.05223402
v 0.02256897 -0.01514614 0.05241243
v 0.02280151 -0.01516532 0.05276174
v 0.02276101 -0.01802199 0.05259065
v 0.02263943 -0.02072502 0.05208798
v 0.02240720 -0.02055021 0.05170763
v 0.02238430 -0.02287007 0.05098678
v 0.02216162 -0.02259184 0.05063397
v 0.02200694 -0.02048148 0.05158081
v 0.02212935 -0.01793158 0.05211512
v 0.02176208 -0.02249389 0.05051638
v 0.02217016 -0.01511182 0.05229598
v 0.02055833 0.01131225 0.05598426
v 0.02076969 0.01100076 0.05597095
v 0.02073533 0.01098149 0.05400521
v 0.02052561 0.01129193 0.05401340
v 0.02067238 0.01094003 0.05182081
v 0.02046602 0.01124839 0.05182490
v 0.02016002 0.01147929 0.05402690
v 0.02019434 0.01150048 0.05600617
v 0.02009712 0.01143402 0.05183162
v 0.02021348 0.01150457 0.05775418
v 0.02057697 0.01131607 0.05772314
v 0.02078892 0.01100421 0.05770432
v 0.01789739 -0.02835277 0.05577849
v 0.01705877 -0.02817191 0.05574495
v 0.01690459 -0.02822704 0.05387758
v 0.01778607 -0.02841304 0.05387758
v 0.01670223 -0.02822704 0.05166476
v 0.01763144 -0.02841304 0.05166476
v 0.01873374 -0.02847508 0.05387758
v 0.01881851 -0.02841304 0.05578968
v 0.01862147 -0.02847508 0.05166476
v 0.01892310 -0.02822704 0.05734782
v 0.01802516 -0.02817191 0.05730310
v 0.01725150 -0.02800655 0.05716878
v 0.02640166 0.01030150 0.08321041
v 0.02668461 0.01002732 0.08309223
v 0.02666780 0.01010096 0.08213698
v 0.02638166 0.01038136 0.08223548
v 0.02587913 0.01053468 0.08239252
v 0.02589845 0.01045418 0.08337714
v 0.02590422 0.01021423 0.08422894
v 0.02640421 0.01006337 0.08404135
v 0.02590313 0.00973428 0.08487865
v 0.02640094 0.00958792 0.08466843
v 0.02667466 0.00980797 0.08386899
v 0.02666298 0.00937238 0.08443579
v 0.02237720 0.00689203 0.08435325
v 0.02055033 0.00767288 0.08486065
v 0.02055233 0.00760806 0.08383749
v 0.02237293 0.00682312 0.08334245
v 0.02389194 0.00619254 0.08290014
v 0.02390231 0.00626577 0.08390017
v 0.02390394 0.00648581 0.08477156
v 0.02237557 0.00709825 0.08523332
v 0.02054524 0.00786573 0.08575081
v 0.02156913 -0.02628408 0.05942533
v 0.02179735 -0.02626636 0.05908942
v 0.02216894 -0.02494561 0.05919874
v 0.02194285 -0.02494416 0.05954491
v 0.02155509 -0.02494161 0.05966096
v 0.02118605 -0.02628945 0.05953746
v 0.02081701 -0.02723484 0.05918938
v 0.02119946 -0.02721075 0.05908711
v 0.02144172 -0.02713839 0.05878016
v 0.02640589 0.00784651 0.08513705
v 0.02668593 0.00778605 0.08485342
v 0.02667448 0.00864999 0.08476110
v 0.02640344 0.00879612 0.08503196
v 0.02590195 0.00893389 0.08525719
v 0.02590076 0.00797319 0.08536818
v 0.02589990 0.00701225 0.08521541
v 0.02640266 0.00689771 0.08498869
v 0.02667416 0.00692575 0.08472106
v 0.01706386 -0.02841304 0.04673073
v 0.01595943 -0.02822704 0.04673073
v 0.01555212 -0.02822704 0.04447801
v 0.01675260 -0.02841304 0.04447801
v 0.01520958 -0.02822704 0.04268046
v 0.01649087 -0.02841304 0.04268046
v 0.01798348 -0.02847508 0.04447801
v 0.01820938 -0.02847508 0.04673073
v 0.01779353 -0.02847508 0.04268046
v 0.01843438 -0.02847508 0.04920441
v 0.01737376 -0.02841304 0.04920441
v 0.01636502 -0.02822704 0.04920441
v 0.02024707 0.01108498 0.04704414
v 0.02044129 0.01078431 0.04704373
v 0.02031475 0.01069622 0.04486459
v 0.02012684 0.01099271 0.04486459
v 0.02020852 0.01061877 0.04310077
v 0.02002548 0.01091167 0.04310077
v 0.01973849 0.01116862 0.04486459
v 0.01986589 0.01126444 0.04704482
v 0.01963040 0.01108453 0.04310077
v 0.01999226 0.01135766 0.04943572
v 0.02036666 0.01117480 0.04943304
v 0.02056743 0.01086994 0.04943140
v 0.02125387 -0.02437394 0.04663305
v 0.02142304 -0.02457899 0.04668460
v 0.02093133 -0.02475439 0.04447801
v 0.02076524 -0.02456835 0.04447801
v 0.02053124 -0.02475439 0.04268046
v 0.02035802 -0.02456835 0.04268046
v 0.02037061 -0.02450635 0.04447801
v 0.02086324 -0.02430508 0.04661587
v 0.01995671 -0.02450635 0.04268046
v 0.02135395 -0.02370137 0.04874505
v 0.02174826 -0.02379077 0.04881378
v 0.02194312 -0.02405281 0.04901991
v 0.01710518 0.00702089 0.04694500
v 0.01594043 0.00772165 0.04700150
v 0.01558271 0.00750715 0.04486459
v 0.01679291 0.00688748 0.04486459
v 0.01526086 0.00724052 0.04310077
v 0.01653965 0.00665226 0.04310077
v 0.01801775 0.00641217 0.04486459
v 0.01826456 0.00648444 0.04692618
v 0.01783126 0.00621877 0.04310077
v 0.01856606 0.00625113 0.04896109
v 0.01744599 0.00687362 0.04903641
v 0.01625652 0.00774492 0.04926236
v 0.01990844 -0.02649072 0.04067454
v 0.01990994 -0.02577069 0.04068354
v 0.02008825 -0.02584300 0.04069586
v 0.02009012 -0.02649072 0.04068763
v 0.02014193 -0.02589128 0.04072027
v 0.02014716 -0.02649072 0.04071373
v 0.01991412 -0.02517038 0.04071045
v 0.02008853 -0.02530215 0.04072027
v 0.02012839 -0.02548015 0.04073354
v 0.02008457 -0.02713839 0.04069586
v 0.01990667 -0.02721075 0.04068354
v 0.02008025 -0.02767924 0.04072027
v 0.01990617 -0.02781105 0.04071045
v 0.02013721 -0.02709016 0.04072027
v 0.02012002 -0.02750124 0.04073354
v 0.01949722 -0.02723484 0.04067941
v 0.01949758 -0.02649072 0.04067018
v 0.01949836 -0.02785496 0.04070718
v 0.01950031 -0.02574655 0.04067941
v 0.01950608 -0.02512643 0.04070718
v 0.01990776 0.00815950 0.04074904
v 0.01990730 0.00914293 0.04077441
v 0.02008425 0.00901366 0.04080922
v 0.02008834 0.00812864 0.04078600
v 0.02013552 0.00894603 0.04087809
v 0.02014343 0.00812650 0.04085959
v 0.01990817 0.00996782 0.04085036
v 0.02008098 0.00975724 0.04087809
v 0.02011957 0.00951197 0.04091554
v 0.02008425 0.00724911 0.04080922
v 0.01990730 0.00718116 0.04077441
v 0.02008098 0.00651922 0.04087809
v 0.01990817 0.00637072 0.04085036
v 0.02013552 0.00731284 0.04087809
v 0.02011957 0.00675876 0.04091554
v 0.01949858 0.00722911 0.04076281
v 0.01949754 0.00824045 0.04073672
v 0.01950181 0.00639240 0.04084108
v 0.01949858 0.00925707 0.04076281
v 0.01950186 0.01010964 0.04084108
v -0.02614353 0.00533833 0.07903309
v -0.02644317 0.00548769 0.07894132
v -0.02629694 0.00549474 0.07792816
v -0.02600286 0.00534620 0.07801616
v -0.02610854 0.00550547 0.07692909
v -0.02582032 0.00535815 0.07701322
v -0.02550414 0.00545379 0.07816566
v -0.02563623 0.00544501 0.07918800
v -0.02533091 0.00546715 0.07715727
v -0.02573209 0.00543978 0.08022148
v -0.02624690 0.00533361 0.08006130
v -0.02579668 0.00543706 0.08126318
v -0.02631735 0.00533106 0.08109809
v -0.02655135 0.00548347 0.07996593
v -0.02662562 0.00548124 0.08099955
v -0.02532255 0.00539783 0.07505767
v -0.02559923 0.00554147 0.07498086
v -0.02529096 0.00556815 0.07403211
v -0.02501992 0.00542674 0.07410538
v -0.02495551 0.00560151 0.07310044
v -0.02468988 0.00546247 0.07317031
v -0.02455934 0.00554324 0.07423342
v -0.02485234 0.00551147 0.07519099
v -0.02423867 0.00558196 0.07329308
v -0.02511160 0.00548624 0.07616565
v -0.02559146 0.00537520 0.07602702
v -0.02587386 0.00552083 0.07594661
v -0.02397272 0.00555533 0.07135216
v -0.02422844 0.00568964 0.07128871
v -0.02384954 0.00574287 0.07040841
v -0.02359832 0.00561078 0.07046882
v -0.02346891 0.00580123 0.06954484
v -0.02322183 0.00567124 0.06960243
v -0.02317287 0.00573923 0.07057618
v -0.02353914 0.00568087 0.07146452
v -0.02280402 0.00580237 0.06970506
v -0.02389649 0.00562815 0.07237014
v -0.02433871 0.00550560 0.07225260
v -0.02459920 0.00564224 0.07218601
v -0.02248798 0.00580260 0.06791937
v -0.02272792 0.00592896 0.06786692
v -0.02238030 0.00599473 0.06705089
v -0.02214330 0.00586996 0.06710116
v -0.02205640 0.00605941 0.06624918
v -0.02182195 0.00593600 0.06629745
v -0.02174481 0.00600773 0.06719198
v -0.02208362 0.00593846 0.06801364
v -0.02142873 0.00607545 0.06638540
v -0.02243880 0.00586937 0.06885113
v -0.02284961 0.00573573 0.06875290
v -0.02309292 0.00586382 0.06869795
v -0.02127323 0.00605673 0.06472349
v -0.02150391 0.00617791 0.06467858
v -0.02128523 0.00622777 0.06389478
v -0.02105573 0.00610741 0.06393778
v -0.02111151 0.00626872 0.06310198
v -0.02088274 0.00614904 0.06314257
v -0.02067424 0.00625027 0.06401886
v -0.02088860 0.00619863 0.06480730
v -0.02050347 0.00629259 0.06321965
v -0.02114169 0.00613973 0.06559333
v -0.02153027 0.00599891 0.06550747
v -0.02176263 0.00612113 0.06546088
v -0.02070601 0.00605864 0.06154437
v -0.02093196 0.00618527 0.06147537
v -0.02096260 0.00579569 0.06065835
v -0.02074424 0.00564565 0.06082884
v -0.02111360 0.00491766 0.05997886
v -0.02089878 0.00478021 0.06025958
v -0.02036848 0.00577555 0.06093161
v -0.02032893 0.00619941 0.06161978
v -0.02052138 0.00490802 0.06039290
v -0.02038116 0.00632367 0.06240122
v -0.02075915 0.00617963 0.06233022
v -0.02098764 0.00629872 0.06229272
v -0.02227789 0.01121525 0.08020607
v -0.02052952 0.01170206 0.08063801
v -0.02046647 0.01171306 0.07957458
v -0.02219444 0.01122653 0.07915445
v -0.02037070 0.01173138 0.07852446
v -0.02207508 0.01124475 0.07811620
v -0.02362491 0.01089990 0.07878055
v -0.02372845 0.01088881 0.07982148
v -0.02348296 0.01091735 0.07775316
v -0.02379981 0.01088253 0.08087323
v -0.02233225 0.01120916 0.08126836
v -0.02384522 0.01087949 0.08193294
v -0.02236434 0.01120644 0.08233875
v -0.02056693 0.01169647 0.08171217
v -0.02058588 0.01169433 0.08279465
v -0.02171331 0.01130734 0.07608811
v -0.02006412 0.01179551 0.07647201
v -0.01986199 0.01184033 0.07547062
v -0.02148086 0.01135107 0.07509908
v -0.01963299 0.01189301 0.07448646
v -0.02122078 0.01140266 0.07412729
v -0.02281179 0.01101689 0.07477027
v -0.02307083 0.01097589 0.07574770
v -0.02252484 0.01106553 0.07381020
v -0.02329641 0.01094271 0.07674209
v -0.02191303 0.01127180 0.07709395
v -0.02023516 0.01175901 0.07749008
v -0.02063847 0.01152743 0.07223710
v -0.01911305 0.01201928 0.07257168
v -0.01883328 0.01209024 0.07164216
v -0.02032802 0.01159802 0.07131948
v -0.01854765 0.01216460 0.07073200
v -0.02001262 0.01167247 0.07042059
v -0.02155441 0.01125266 0.07103690
v -0.02189004 0.01118462 0.07194333
v -0.02121482 0.01132493 0.07014864
v -0.02221553 0.01112185 0.07286786
v -0.02093801 0.01146188 0.07317317
v -0.01938150 0.01195310 0.07351998
v -0.01938995 0.01182724 0.06867408
v -0.01798085 0.01231778 0.06896340
v -0.01770985 0.01239309 0.06808914
v -0.01909373 0.01190392 0.06781406
v -0.01745395 0.01246527 0.06721107
v -0.01881497 0.01197774 0.06695457
v -0.02023212 0.01155252 0.06757702
v -0.02054779 0.01147670 0.06842300
v -0.01993617 0.01162579 0.06673649
v -0.02087733 0.01140025 0.06927880
v -0.01969808 0.01174947 0.06954088
v -0.01826184 0.01224101 0.06984170
v -0.01833238 0.01210923 0.06522352
v -0.01700896 0.01259295 0.06542838
v -0.01683210 0.01264490 0.06454099
v -0.01814066 0.01216314 0.06436190
v -0.01669383 0.01268650 0.06366778
v -0.01799003 0.01220655 0.06350942
v -0.01922459 0.01181147 0.06422404
v -0.01942668 0.01175724 0.06505952
v -0.01906514 0.01185533 0.06339120
v -0.01966576 0.01169470 0.06589719
v -0.01855920 0.01204683 0.06608941
v -0.01721827 0.01253245 0.06632127
v -0.01782044 0.01225855 0.06177137
v -0.01654192 0.01273572 0.06190982
v -0.01650924 0.01274808 0.06086534
v -0.01778203 0.01227191 0.06073484
v -0.01649269 0.01275545 0.05960400
v -0.01776153 0.01228005 0.05948610
v -0.01883846 0.01192251 0.06063003
v -0.01888178 0.01190856 0.06166446
v -0.01881442 0.01193115 0.05938778
v -0.01895414 0.01188692 0.06256144
v -0.01788653 0.01223755 0.06267103
v -0.01660028 0.01271599 0.06281735
v -0.01957077 -0.00673459 0.05242975
v -0.01948936 -0.00431764 0.05243457
v -0.01850429 -0.00401220 0.05280065
v -0.01858151 -0.00649069 0.05279379
v -0.01932664 -0.00193601 0.05243948
v -0.01834975 -0.00157025 0.05280778
v -0.01860729 -0.00906986 0.05278692
v -0.01959790 -0.00925481 0.05242493
v -0.01860729 -0.01181385 0.05277960
v -0.01959790 -0.01194630 0.05242002
v -0.02061688 -0.00944413 0.05230430
v -0.02058834 -0.00698409 0.05230843
v -0.02061688 -0.01208202 0.05230016
v -0.02050270 -0.00463005 0.05231257
v -0.02033148 -0.00231028 0.05231670
v -0.01869401 0.00276343 0.05228166
v -0.01826098 0.00475794 0.05178249
v -0.01717382 0.00553319 0.05219757
v -0.01770808 0.00329933 0.05266533
v -0.01809221 0.00089925 0.05281574
v -0.01905537 0.00047821 0.05244457
v -0.02004612 0.00004722 0.05232084
v -0.01968508 0.00226326 0.05215375
v -0.01928691 0.00415890 0.05164413
v -0.02252907 -0.00744403 0.05966723
v -0.02278043 -0.00749680 0.05930569
v -0.02281201 -0.00983430 0.05930997
v -0.02256029 -0.00979385 0.05966996
v -0.02281201 -0.01236343 0.05930615
v -0.02256029 -0.01233375 0.05966423
v -0.02214585 -0.00972289 0.05980386
v -0.02211521 -0.00735112 0.05980450
v -0.02214585 -0.01228229 0.05979468
v -0.02202321 -0.00508985 0.05980254
v -0.02243539 -0.00520622 0.05966178
v -0.02183931 -0.00286199 0.05980391
v -0.02224798 -0.00300213 0.05965941
v -0.02268570 -0.00527217 0.05929878
v -0.02249620 -0.00308185 0.05929465
v -0.02252907 -0.01801299 0.05961623
v -0.02278043 -0.01802640 0.05926365
v -0.02268570 -0.02074861 0.05923642
v -0.02243539 -0.02074079 0.05958628
v -0.02202321 -0.02072748 0.05970632
v -0.02211521 -0.01799017 0.05973950
v -0.02214585 -0.01510660 0.05977109
v -0.02256029 -0.01514210 0.05964428
v -0.02281201 -0.01516273 0.05928878
v -0.02156300 0.00139574 0.05973291
v -0.02180054 0.00132774 0.05937160
v -0.02218039 -0.00084722 0.05929869
v -0.02193567 -0.00075354 0.05966582
v -0.02153272 -0.00059036 0.05981454
v -0.02116791 0.00156710 0.05988345
v -0.02080938 0.00345256 0.06005990
v -0.02119451 0.00330197 0.05991254
v -0.02141895 0.00333883 0.05957414
v -0.01954304 -0.01779586 0.05223516
v -0.01959790 -0.01487701 0.05241484
v -0.01860729 -0.01478669 0.05277142
v -0.01853965 -0.01778136 0.05259679
v -0.01833670 -0.02059089 0.05209003
v -0.01937854 -0.02045189 0.05170658
v -0.01796416 -0.02280939 0.05098373
v -0.01905782 -0.02254430 0.05062933
v -0.02042829 -0.02042866 0.05157877
v -0.02056975 -0.01784058 0.05211462
v -0.02014544 -0.02246748 0.05051120
v -0.02061688 -0.01496960 0.05229598
v -0.01772199 0.01227428 0.05615135
v -0.01646156 0.01272977 0.05622739
v -0.01641129 0.01263163 0.05418453
v -0.01765658 0.01223332 0.05411717
v -0.01631352 0.01246795 0.05192221
v -0.01752976 0.01215769 0.05186508
v -0.01871615 0.01191001 0.05407108
v -0.01877424 0.01193219 0.05608872
v -0.01860470 0.01186297 0.05183421
v -0.01880001 0.01193683 0.05786750
v -0.01774926 0.01228537 0.05794963
v -0.01648274 0.01276022 0.05804595
v -0.02238589 0.01113721 0.08442579
v -0.02059229 0.01163052 0.08490633
v -0.02059343 0.01169370 0.08388285
v -0.02238098 0.01120535 0.08341454
v -0.02387086 0.01087813 0.08299791
v -0.02388158 0.01080508 0.08399853
v -0.02388213 0.01058718 0.08486524
v -0.02238275 0.01093344 0.08530250
v -0.02387745 0.01015109 0.08552841
v -0.02237530 0.01052545 0.08597472
v -0.02058520 0.01144066 0.08579444
v -0.02057479 0.01106008 0.08647670
v -0.02235989 0.00902707 0.08649739
v -0.02055393 0.00966161 0.08701315
v -0.02056379 0.01042468 0.08688256
v -0.02236725 0.00984456 0.08637239
v -0.02387227 0.00942356 0.08591849
v -0.02386749 0.00855008 0.08603799
v -0.02386390 0.00767633 0.08588958
v -0.02235448 0.00820918 0.08635162
v -0.02054688 0.00889803 0.08686960
v -0.01873942 -0.02627908 0.05942687
v -0.01782149 -0.02625936 0.05909147
v -0.01809221 -0.02491757 0.05920688
v -0.01905537 -0.02492425 0.05955105
v -0.02004612 -0.02493107 0.05966432
v -0.01970363 -0.02628681 0.05953832
v -0.01936118 -0.02723484 0.05918938
v -0.01844265 -0.02721070 0.05908711
v -0.01762744 -0.02713839 0.05878016
v -0.02026048 0.00578369 0.04686750
v -0.02047638 0.00595664 0.04691850
v -0.02031630 0.00598755 0.04476696
v -0.02010435 0.00580582 0.04476696
v -0.02020748 0.00589873 0.04299336
v -0.01999898 0.00570214 0.04299336
v -0.01969549 0.00585682 0.04476696
v -0.01986021 0.00585664 0.04685050
v -0.01958213 0.00573101 0.04299336
v -0.02008530 0.00556178 0.04891228
v -0.02047788 0.00547515 0.04898032
v -0.02069665 0.00565696 0.04918445
v -0.01705141 0.01191560 0.04697573
v -0.01590603 0.01201805 0.04698377
v -0.01556808 0.01186674 0.04476696
v -0.01675901 0.01180461 0.04476696
v -0.01524199 0.01176642 0.04299336
v -0.01650056 0.01171520 0.04299336
v -0.01796885 0.01158815 0.04476696
v -0.01819502 0.01168715 0.04697182
v -0.01777649 0.01150152 0.04299336
v -0.01841897 0.01178374 0.04939768
v -0.01731818 0.01204255 0.04941318
v -0.01614979 0.01224096 0.04944540
v -0.01790871 -0.02436935 0.04661710
v -0.01670874 -0.02457353 0.04666878
v -0.01602798 -0.02475439 0.04445733
v -0.01728077 -0.02456835 0.04445733
v -0.01545644 -0.02475439 0.04265773
v -0.01675337 -0.02456835 0.04265773
v -0.01853824 -0.02450630 0.04445733
v -0.01910718 -0.02430245 0.04659987
v -0.01806034 -0.02450630 0.04265773
v -0.01967399 -0.02369078 0.04873469
v -0.01853447 -0.02377241 0.04880364
v -0.01738781 -0.02403109 0.04901046
v -0.02024034 -0.02841304 0.04671469
v -0.02050784 -0.02822704 0.04671469
v -0.02035343 -0.02822704 0.04445733
v -0.02010762 -0.02841304 0.04445733
v -0.02022434 -0.02822704 0.04265773
v -0.01999653 -0.02841304 0.04265773
v -0.01968404 -0.02847508 0.04445733
v -0.01982067 -0.02847508 0.04671469
v -0.01956954 -0.02847508 0.04265773
v -0.01995699 -0.02847508 0.04919404
v -0.02037284 -0.02841304 0.04919404
v -0.02007039 -0.02847508 0.05165958
v -0.02048316 -0.02841304 0.05165958
v -0.02066202 -0.02822704 0.04919404
v -0.02079038 -0.02822704 0.05165958
v -0.02637876 0.00540911 0.08311823
v -0.02668580 0.00555469 0.08299751
v -0.02667016 0.00548006 0.08203953
v -0.02635949 0.00532979 0.08214075
v -0.02583495 0.00543574 0.08231034
v -0.02585363 0.00551519 0.08329732
v -0.02585945 0.00575478 0.08415866
v -0.02638067 0.00564842 0.08395944
v -0.02667330 0.00578005 0.08378508
v -0.02061152 -0.02835277 0.05577799
v -0.02092887 -0.02817191 0.05574440
v -0.02086742 -0.02822704 0.05387554
v -0.02054934 -0.02841304 0.05387554
v -0.02013844 -0.02847508 0.05387554
v -0.02020312 -0.02841304 0.05578918
v -0.02030643 -0.02822704 0.05734782
v -0.02070974 -0.02817191 0.05730310
v -0.02101051 -0.02800655 0.05716878
v -0.01619561 0.00893285 0.04074186
v -0.01622016 0.00991501 0.04076250
v -0.01501250 0.01007796 0.04079077
v -0.01492268 0.00920839 0.04077191
v -0.01405456 0.01022859 0.04084672
v -0.01389416 0.00944129 0.04083172
v -0.01625052 0.01073936 0.04082422
v -0.01510882 0.01080767 0.04084672
v -0.01437920 0.01072726 0.04087718
v -0.01501250 0.00830918 0.04079077
v -0.01622016 0.00794823 0.04076250
v -0.01510882 0.00756351 0.04084672
v -0.01625052 0.00713493 0.04082422
v -0.01405456 0.00859308 0.04084672
v -0.01437920 0.00797055 0.04087718
v -0.01753540 0.00763751 0.04075304
v -0.01753317 0.00865022 0.04073186
v -0.01754204 0.00680094 0.04081668
v -0.01753540 0.00966888 0.04075304
v -0.01754204 0.01052327 0.04081668
v -0.01619311 -0.02649072 0.04067300
v -0.01621775 -0.02577069 0.04068100
v -0.01500573 -0.02584300 0.04069195
v -0.01491596 -0.02649072 0.04068463
v -0.01404066 -0.02589128 0.04071363
v -0.01387966 -0.02649072 0.04070782
v -0.01624643 -0.02517038 0.04070491
v -0.01509945 -0.02530215 0.04071363
v -0.01436465 -0.02548015 0.04072541
v -0.01500305 -0.02713839 0.04069195
v -0.01621520 -0.02721070 0.04068100
v -0.01509332 -0.02767924 0.04071363
v -0.01624025 -0.02781101 0.04070491
v -0.01403725 -0.02709016 0.04071363
v -0.01435860 -0.02750124 0.04072541
v -0.01753267 -0.02723484 0.04067736
v -0.01753245 -0.02649072 0.04066914
v -0.01753526 -0.02785496 0.04070200
v -0.01753526 -0.02574655 0.04067736
v -0.01754167 -0.02512643 0.04070200
v -0.01989371 -0.02835277 0.04097027
v -0.02010312 -0.02817191 0.04097149
v -0.02007944 -0.02800655 0.04074945
v -0.01987885 -0.02817191 0.04074468
v -0.02018780 -0.02781101 0.04097227
v -0.02015212 -0.02767924 0.04075268
v -0.01944995 -0.02822704 0.04074309
v -0.01946350 -0.02841304 0.04096985
v -0.01870083 -0.02822704 0.04074309
v -0.01871824 -0.02841304 0.04096985
v -0.01949968 -0.02847508 0.04155166
v -0.01992912 -0.02841304 0.04155166
v -0.01876365 -0.02847508 0.04155166
v -0.02014616 -0.02822704 0.04155166
v -0.02024502 -0.02785496 0.04155166
v -0.01626979 -0.02462862 0.04097027
v -0.01496436 -0.02480948 0.04097149
v -0.01502404 -0.02497484 0.04074945
v -0.01623634 -0.02480948 0.04074468
v -0.01388961 -0.02517038 0.04097227
v -0.01405384 -0.02530215 0.04075268
v -0.01755240 -0.02475439 0.04074309
v -0.01761244 -0.02456835 0.04096985
v -0.01871424 -0.02475439 0.04074309
v -0.01876878 -0.02456835 0.04096985
v -0.01776676 -0.02450630 0.04155166
v -0.01642929 -0.02456835 0.04155166
v -0.01890960 -0.02450630 0.04155166
v -0.01510522 -0.02475439 0.04155166
v -0.01400261 -0.02512643 0.04155166
v -0.01301595 -0.02649072 0.04097067
v -0.01322322 -0.02721075 0.04097149
v -0.01345912 -0.02713839 0.04074945
v -0.01326290 -0.02649072 0.04074627
v -0.01385998 -0.02781101 0.04097227
v -0.01404507 -0.02767924 0.04075268
v -0.01346399 -0.02584300 0.04074945
v -0.01323913 -0.02577069 0.04097149
v -0.01332954 -0.02574655 0.04155166
v -0.01308900 -0.02649072 0.04155166
v -0.01328408 -0.02723484 0.04155166
v -0.01391784 -0.02785496 0.04155166
v -0.02027007 -0.02649072 0.04097067
v -0.02026425 -0.02577069 0.04097149
v -0.02020339 -0.02584300 0.04074945
v -0.02021457 -0.02649072 0.04074627
v -0.02022475 -0.02517038 0.04097227
v -0.02016294 -0.02530215 0.04075268
v -0.02019730 -0.02713839 0.04074945
v -0.02024402 -0.02721070 0.04097149
v -0.02031993 -0.02723484 0.04155166
v -0.02036593 -0.02649072 0.04155166
v -0.02037807 -0.02574655 0.04155166
v -0.02035134 -0.02512643 0.04155166
v -0.01994485 -0.02462862 0.04097027
v -0.01951540 -0.02456835 0.04096985
v -0.01946368 -0.02475439 0.04074309
v -0.01989249 -0.02480948 0.04074468
v -0.02009244 -0.02497484 0.04074945
v -0.02014980 -0.02480948 0.04097149
v -0.02028089 -0.02475439 0.04155166
v -0.02007694 -0.02456835 0.04155166
v -0.01964972 -0.02450630 0.04155166
v -0.01622488 -0.02835277 0.04097027
v -0.01756395 -0.02841304 0.04096985
v -0.01753954 -0.02822704 0.04074309
v -0.01622420 -0.02817191 0.04074468
v -0.01501309 -0.02800655 0.04074945
v -0.01492536 -0.02817191 0.04097149
v -0.01499332 -0.02822704 0.04155166
v -0.01629984 -0.02841304 0.04155166
v -0.01762685 -0.02847508 0.04155166
v 0.01997630 -0.02462862 0.04098636
v 0.02015566 -0.02480948 0.04098772
v 0.02010043 -0.02497484 0.04076063
v 0.01992394 -0.02480948 0.04075522
v 0.02020739 -0.02517038 0.04098863
v 0.02014998 -0.02530215 0.04076422
v 0.01951577 -0.02475439 0.04075341
v 0.01956817 -0.02456835 0.04098590
v 0.01877605 -0.02475439 0.04075341
v 0.01883137 -0.02456835 0.04098590
v 0.01970217 -0.02450635 0.04157234
v 0.02010803 -0.02456835 0.04157234
v 0.01897178 -0.02450635 0.04157234
v 0.02028598 -0.02475439 0.04157234
v 0.02033266 -0.02512643 0.04157234
v 0.01625543 -0.02835277 0.04098636
v 0.01493141 -0.02817191 0.04098772
v 0.01502122 -0.02800655 0.04076063
v 0.01625515 -0.02817191 0.04075522
v 0.01384384 -0.02781105 0.04098863
v 0.01403302 -0.02767924 0.04076422
v 0.01759044 -0.02822704 0.04075341
v 0.01761481 -0.02841304 0.04098590
v 0.01876092 -0.02822704 0.04075341
v 0.01877801 -0.02841304 0.04098590
v 0.01767658 -0.02847508 0.04157234
v 0.01632956 -0.02841304 0.04157234
v 0.01882196 -0.02847508 0.04157234
v 0.01499841 -0.02822704 0.04157234
v 0.01390066 -0.02785496 0.04157234
v 0.02023330 -0.02649072 0.04098681
v 0.02021130 -0.02721075 0.04098772
v 0.02017071 -0.02713839 0.04076063
v 0.02018407 -0.02649072 0.04075704
v 0.02016848 -0.02781105 0.04098863
v 0.02013780 -0.02767924 0.04076422
v 0.02017752 -0.02584300 0.04076063
v 0.02023261 -0.02577069 0.04098772
v 0.02034470 -0.02574655 0.04157234
v 0.02032725 -0.02649072 0.04157234
v 0.02028525 -0.02723484 0.04157234
v 0.02022380 -0.02785496 0.04157234
v 0.01992239 -0.02835277 0.04098636
v 0.01951340 -0.02841304 0.04098590
v 0.01950027 -0.02822704 0.04075341
v 0.01990853 -0.02817191 0.04075522
v 0.02008575 -0.02800655 0.04076063
v 0.02010643 -0.02817191 0.04098772
v 0.02014789 -0.02822704 0.04157234
v 0.01995644 -0.02841304 0.04157234
v 0.01954817 -0.02847508 0.04157234
v 0.01630279 -0.02462862 0.04098636
v 0.01766599 -0.02456835 0.04098590
v 0.01760499 -0.02475439 0.04075341
v 0.01626879 -0.02480948 0.04075522
v 0.01503359 -0.02497484 0.04076063
v 0.01497250 -0.02480948 0.04098772
v 0.01404293 -0.02530215 0.04076422
v 0.01387511 -0.02517038 0.04098863
v 0.01511318 -0.02475439 0.04157234
v 0.01646238 -0.02456835 0.04157234
v 0.01398752 -0.02512643 0.04157234
v 0.01782021 -0.02450635 0.04157234
v 0.01298258 -0.02649072 0.04098681
v 0.01321072 -0.02577069 0.04098772
v 0.01344030 -0.02584300 0.04076063
v 0.01323467 -0.02649072 0.04075704
v 0.01343485 -0.02713839 0.04076063
v 0.01319395 -0.02721075 0.04098772
v 0.01325381 -0.02723484 0.04157234
v 0.01305472 -0.02649072 0.04157234
v 0.01330035 -0.02574655 0.04157234
v 0.01629215 0.00647685 0.04129799
v 0.01497709 0.00701725 0.04130176
v 0.01505400 0.00715879 0.04099186
v 0.01627965 0.00666462 0.04097663
v 0.01389452 0.00774856 0.04130430
v 0.01407161 0.00782010 0.04100204
v 0.01760758 0.00630318 0.04097158
v 0.01764135 0.00609323 0.04129671
v 0.01877201 0.00605477 0.04097158
v 0.01879524 0.00583596 0.04129671
v 0.01771085 0.00608877 0.04195893
v 0.01637574 0.00649403 0.04195893
v 0.01884419 0.00581460 0.04195893
v 0.01505250 0.00706089 0.04195893
v 0.01395475 0.00781964 0.04195893
v 0.01992821 0.01073763 0.04129799
v 0.02010721 0.01045591 0.04130176
v 0.02008748 0.01021232 0.04099186
v 0.01991258 0.01047054 0.04097663
v 0.02016262 0.00995523 0.04130430
v 0.02013725 0.00975933 0.04100204
v 0.01950722 0.01062881 0.04097158
v 0.01952417 0.01090449 0.04129671
v 0.01877201 0.01078399 0.04097158
v 0.01879524 0.01106098 0.04129671
v 0.01956208 0.01102644 0.04195893
v 0.01996253 0.01085567 0.04195893
v 0.01884419 0.01118439 0.04195893
v 0.02014343 0.01056504 0.04195893
v 0.02020271 0.01004755 0.04195893
v 0.01629215 0.01152511 0.04129799
v 0.01764135 0.01131175 0.04129671
v 0.01760758 0.01103294 0.04097158
v 0.01627965 0.01124416 0.04097663
v 0.01505400 0.01128625 0.04099186
v 0.01497709 0.01156947 0.04130176
v 0.01407161 0.01105467 0.04100204
v 0.01389452 0.01131984 0.04130430
v 0.01505254 0.01170211 0.04195893
v 0.01637574 0.01165252 0.04195893
v 0.01395475 0.01145498 0.04195893
v 0.01771085 0.01143652 0.04195893
v 0.01992817 0.00566855 0.04129799
v 0.01952417 0.00567455 0.04129671
v 0.01950722 0.00589959 0.04097158
v 0.01991258 0.00589114 0.04097663
v 0.02008748 0.00608300 0.04099186
v 0.02010721 0.00587737 0.04130176
v 0.02013725 0.00652126 0.04100204
v 0.02016262 0.00635863 0.04130430
v 0.02014343 0.00583937 0.04195893
v 0.01996253 0.00562919 0.04195893
v 0.02020271 0.00633249 0.04195893
v 0.01956208 0.00564119 0.04195893
v 0.02020698 0.00814855 0.04129926
v 0.02019589 0.00716998 0.04130176
v 0.02016721 0.00725216 0.04099186
v 0.02017721 0.00813191 0.04098172
v 0.02016721 0.00901675 0.04099186
v 0.02019589 0.00913152 0.04130176
v 0.02023825 0.00919616 0.04195893
v 0.02025011 0.00818023 0.04195893
v 0.02023825 0.00716925 0.04195893
v 0.01302472 0.00972583 0.04129926
v 0.01324285 0.01065140 0.04130176
v 0.01347348 0.01044495 0.04099186
v 0.01327049 0.00960501 0.04098172
v 0.01347348 0.00868276 0.04099186
v 0.01324285 0.00870481 0.04130176
v 0.01329608 0.00880081 0.04195893
v 0.01307654 0.00984197 0.04195893
v 0.01329608 0.01078081 0.04195893
v -0.01625352 0.01152829 0.04122203
v -0.01496046 0.01156684 0.04122517
v -0.01503845 0.01128725 0.04093927
v -0.01624338 0.01125039 0.04092686
v -0.01389802 0.01131148 0.04122721
v -0.01407466 0.01105080 0.04094749
v -0.01755313 0.01104339 0.04092277
v -0.01758499 0.01131952 0.04122103
v -0.01870979 0.01079649 0.04092277
v -0.01873215 0.01107107 0.04122103
v -0.01765399 0.01144211 0.04186129
v -0.01633565 0.01165315 0.04186129
v -0.01878160 0.01119248 0.04186129
v -0.01503386 0.01169652 0.04186129
v -0.01395598 0.01144302 0.04186129
v -0.01989849 0.00567369 0.04122203
v -0.02010330 0.00587869 0.04122517
v -0.02008080 0.00608654 0.04093927
v -0.01988221 0.00589846 0.04092686
v -0.02018184 0.00635622 0.04122721
v -0.02015144 0.00652144 0.04094749
v -0.01945568 0.00590964 0.04092277
v -0.01947236 0.00568233 0.04122103
v -0.01870979 0.00606527 0.04092277
v -0.01873215 0.00584360 0.04122103
v -0.01951113 0.00564778 0.04186129
v -0.01993385 0.00563319 0.04186129
v -0.01878160 0.00582082 0.04186129
v -0.02014103 0.00583923 0.04186129
v -0.02022380 0.00632831 0.04186129
v -0.01625352 0.00647399 0.04122203
v -0.01758499 0.00609673 0.04122103
v -0.01755313 0.00631054 0.04092277
v -0.01624338 0.00666658 0.04092686
v -0.01503845 0.00715475 0.04093927
v -0.01496046 0.00700757 0.04122517
v -0.01407466 0.00781133 0.04094749
v -0.01389802 0.00773360 0.04122721
v -0.01503386 0.00704684 0.04186129
v -0.01633565 0.00648781 0.04186129
v -0.01395598 0.00779964 0.04186129
v -0.01765399 0.00608995 0.04186129
v -0.01989844 0.01074322 0.04122203
v -0.01947236 0.01091340 0.04122103
v -0.01945568 0.01063999 0.04092277
v -0.01988221 0.01047841 0.04092686
v -0.02008080 0.01021618 0.04093927
v -0.02010330 0.01045732 0.04122517
v -0.02015144 0.00975960 0.04094749
v -0.02018180 0.00995278 0.04122721
v -0.02014103 0.01056449 0.04186129
v -0.01993385 0.01085944 0.04186129
v -0.02022380 0.01004305 0.04186129
v -0.01951113 0.01103353 0.04186129
v -0.02024475 0.00814318 0.04122308
v -0.02022898 0.00912684 0.04122517
v -0.02019407 0.00901516 0.04093927
v -0.02020834 0.00812977 0.04093099
v -0.02019407 0.00725052 0.04093927
v -0.02022898 0.00716534 0.04122517
v -0.02027348 0.00716257 0.04186129
v -0.02029002 0.00817273 0.04186129
v -0.02027348 0.00918934 0.04186129
v -0.01304468 0.00971001 0.04122308
v -0.01325863 0.00868803 0.04122517
v -0.01348853 0.00867276 0.04093927
v -0.01328986 0.00959597 0.04093099
v -0.01348853 0.01043786 0.04093927
v -0.01325863 0.01063854 0.04122517
v -0.01330922 0.01076349 0.04186129
v -0.01309363 0.00982106 0.04186129
v -0.01330922 0.00877871 0.04186129
f 1 2 3
f 1 3 4
f 5 6 7
f 5 7 8
f 9 10 11
f 9 11 12
f 13 14 15
f 13 15 16
f 17 18 19
f 17 19 20
f 21 22 15
f 21 15 14
f 23 2 24
f 23 24 25
f 25 24 26
f 25 26 27
f 27 26 28
f 27 28 29
f 29 28 30
f 29 30 31
f 32 33 34
f 32 34 35
f 35 34 36
f 35 36 37
f 37 36 38
f 37 38 39
f 39 38 40
f 39 40 41
f 42 43 44
f 42 44 45
f 45 44 46
f 45 46 47
f 47 46 48
f 47 48 49
f 49 48 50
f 49 50 51
f 52 22 30
f 52 30 53
f 53 30 28
f 53 28 54
f 54 28 26
f 54 26 55
f 55 26 24
f 55 24 56
f 57 58 59
f 57 59 60
f 58 61 62
f 58 62 59
f 61 63 64
f 61 64 62
f 63 65 66
f 63 66 64
f 67 68 58
f 67 58 57
f 68 69 61
f 68 61 58
f 69 70 63
f 69 63 61
f 70 71 65
f 70 65 63
f 72 73 68
f 72 68 67
f 73 74 69
f 73 69 68
f 74 75 70
f 74 70 69
f 75 76 71
f 75 71 70
f 77 78 73
f 77 73 72
f 78 79 74
f 78 74 73
f 79 80 75
f 79 75 74
f 80 81 76
f 80 76 75
f 82 83 84
f 82 84 85
f 83 86 87
f 83 87 84
f 86 88 89
f 86 89 87
f 88 90 91
f 88 91 89
f 92 93 83
f 92 83 82
f 93 94 86
f 93 86 83
f 94 95 88
f 94 88 86
f 95 96 90
f 95 90 88
f 97 98 93
f 97 93 92
f 98 99 94
f 98 94 93
f 99 100 95
f 99 95 94
f 100 101 96
f 100 96 95
f 102 103 98
f 102 98 97
f 103 104 99
f 103 99 98
f 104 105 100
f 104 100 99
f 105 106 101
f 105 101 100
f 107 108 109
f 107 109 110
f 108 111 112
f 108 112 109
f 111 113 114
f 111 114 112
f 113 115 116
f 113 116 114
f 117 118 119
f 117 119 120
f 118 121 122
f 118 122 119
f 121 123 124
f 121 124 122
f 123 125 126
f 123 126 124
f 127 110 109
f 127 109 128
f 128 109 112
f 128 112 129
f 129 112 114
f 129 114 130
f 130 114 116
f 130 116 131
f 132 133 134
f 132 134 135
f 135 134 136
f 135 136 137
f 137 136 138
f 137 138 139
f 139 138 140
f 139 140 141
f 12 11 110
f 12 110 127
f 10 107 110
f 10 110 11
f 43 102 97
f 43 97 44
f 44 97 92
f 44 92 46
f 46 92 82
f 46 82 48
f 48 82 85
f 48 85 50
f 65 39 41
f 65 41 66
f 71 37 39
f 71 39 65
f 76 35 37
f 76 37 71
f 81 32 35
f 81 35 76
f 125 17 20
f 125 20 126
f 141 140 6
f 141 6 5
f 66 41 17
f 66 17 125
f 50 85 107
f 50 107 10
f 64 66 125
f 64 125 123
f 62 64 123
f 62 123 121
f 59 62 121
f 59 121 118
f 60 59 118
f 60 118 117
f 89 91 115
f 89 115 113
f 87 89 113
f 87 113 111
f 84 87 111
f 84 111 108
f 85 84 108
f 85 108 107
f 16 15 22
f 16 22 52
f 31 30 22
f 31 22 21
f 41 40 18
f 41 18 17
f 51 50 10
f 51 10 9
f 91 31 21
f 91 21 115
f 142 60 117
f 142 117 143
f 4 3 133
f 4 133 132
f 143 117 120
f 143 120 144
f 145 77 72
f 145 72 146
f 146 72 67
f 146 67 147
f 147 67 57
f 147 57 148
f 148 57 60
f 148 60 142
f 90 29 31
f 90 31 91
f 96 27 29
f 96 29 90
f 101 25 27
f 101 27 96
f 106 23 25
f 106 25 101
f 115 21 14
f 115 14 116
f 131 116 14
f 131 14 13
f 149 131 13
f 149 13 150
f 151 4 132
f 151 132 152
f 153 51 9
f 153 9 154
f 155 16 52
f 155 52 156
f 157 141 5
f 157 5 158
f 159 12 127
f 159 127 160
f 161 139 141
f 161 141 157
f 162 137 139
f 162 139 161
f 163 135 137
f 163 137 162
f 152 132 135
f 152 135 163
f 164 130 131
f 164 131 149
f 165 129 130
f 165 130 164
f 166 128 129
f 166 129 165
f 160 127 128
f 160 128 166
f 167 55 56
f 167 56 168
f 169 54 55
f 169 55 167
f 170 53 54
f 170 54 169
f 156 52 53
f 156 53 170
f 171 49 51
f 171 51 153
f 172 47 49
f 172 49 171
f 173 45 47
f 173 47 172
f 174 42 45
f 174 45 173
f 150 13 16
f 150 16 155
f 154 9 12
f 154 12 159
f 158 5 8
f 158 8 175
f 176 1 4
f 176 4 151
f 145 176 151
f 145 151 177
f 178 158 175
f 178 175 179
f 18 154 159
f 18 159 19
f 120 150 155
f 120 155 144
f 33 174 173
f 33 173 34
f 34 173 172
f 34 172 36
f 36 172 171
f 36 171 38
f 38 171 153
f 38 153 40
f 143 156 170
f 143 170 142
f 142 170 169
f 142 169 148
f 148 169 167
f 148 167 147
f 147 167 168
f 147 168 146
f 20 160 166
f 20 166 126
f 126 166 165
f 126 165 124
f 124 165 164
f 124 164 122
f 122 164 149
f 122 149 119
f 180 152 163
f 180 163 181
f 181 163 162
f 181 162 182
f 182 162 161
f 182 161 183
f 183 161 157
f 183 157 184
f 19 159 160
f 19 160 20
f 184 157 158
f 184 158 178
f 144 155 156
f 144 156 143
f 40 153 154
f 40 154 18
f 177 151 152
f 177 152 180
f 119 149 150
f 119 150 120
f 179 175 174
f 179 174 33
f 146 168 176
f 146 176 145
f 168 56 1
f 168 1 176
f 175 8 42
f 175 42 174
f 134 133 23
f 134 23 106
f 177 180 77
f 177 77 145
f 184 178 32
f 184 32 81
f 7 6 102
f 7 102 43
f 136 134 106
f 136 106 105
f 138 136 105
f 138 105 104
f 140 138 104
f 140 104 103
f 6 140 103
f 6 103 102
f 183 184 81
f 183 81 80
f 182 183 80
f 182 80 79
f 181 182 79
f 181 79 78
f 180 181 78
f 180 78 77
f 8 7 43
f 8 43 42
f 178 179 33
f 178 33 32
f 133 3 2
f 133 2 23
f 56 24 2
f 56 2 1
f 185 186 187
f 185 187 188
f 188 187 189
f 188 189 190
f 186 191 192
f 186 192 187
f 187 192 193
f 187 193 189
f 185 188 194
f 185 194 195
f 195 194 196
f 195 196 197
f 188 190 198
f 188 198 194
f 194 198 199
f 194 199 196
f 185 195 200
f 185 200 201
f 201 200 202
f 201 202 203
f 195 197 204
f 195 204 200
f 200 204 205
f 200 205 202
f 185 201 206
f 185 206 186
f 186 206 207
f 186 207 191
f 201 203 208
f 201 208 206
f 206 208 209
f 206 209 207
f 210 211 212
f 210 212 213
f 213 212 214
f 213 214 215
f 211 216 217
f 211 217 212
f 212 217 218
f 212 218 214
f 210 213 219
f 210 219 220
f 220 219 221
f 220 221 222
f 213 215 223
f 213 223 219
f 219 223 224
f 219 224 221
f 210 220 225
f 210 225 226
f 226 225 227
f 226 227 228
f 220 222 229
f 220 229 225
f 225 229 230
f 225 230 227
f 210 226 231
f 210 231 211
f 211 231 232
f 211 232 216
f 226 228 233
f 226 233 231
f 231 233 234
f 231 234 232
f 235 236 237
f 235 237 238
f 238 237 239
f 238 239 240
f 236 241 242
f 236 242 237
f 237 242 243
f 237 243 239
f 235 238 244
f 235 244 245
f 245 244 246
f 245 246 247
f 238 240 248
f 238 248 244
f 244 248 249
f 244 249 246
f 235 245 250
f 235 250 251
f 251 250 252
f 251 252 253
f 245 247 254
f 245 254 250
f 250 254 255
f 250 255 252
f 235 251 256
f 235 256 236
f 236 256 257
f 236 257 241
f 251 253 258
f 251 258 256
f 256 258 259
f 256 259 257
f 260 261 262
f 260 262 263
f 263 262 264
f 263 264 265
f 261 266 267
f 261 267 262
f 262 267 268
f 262 268 264
f 260 263 269
f 260 269 270
f 270 269 271
f 270 271 272
f 263 265 273
f 263 273 269
f 269 273 274
f 269 274 271
f 260 270 275
f 260 275 276
f 276 275 277
f 276 277 278
f 270 272 279
f 270 279 275
f 275 279 280
f 275 280 277
f 260 276 281
f 260 281 261
f 261 281 282
f 261 282 266
f 276 278 283
f 276 283 281
f 281 283 284
f 281 284 282
f 285 286 287
f 285 287 288
f 288 287 289
f 288 289 290
f 286 291 292
f 286 292 287
f 287 292 293
f 287 293 289
f 285 288 294
f 285 294 295
f 295 294 296
f 295 296 297
f 288 290 298
f 288 298 294
f 294 298 299
f 294 299 296
f 285 295 300
f 285 300 301
f 301 300 302
f 301 302 303
f 295 297 304
f 295 304 300
f 300 304 305
f 300 305 302
f 285 301 306
f 285 306 286
f 286 306 307
f 286 307 291
f 301 303 308
f 301 308 306
f 306 308 309
f 306 309 307
f 310 311 312
f 310 312 313
f 313 312 314
f 313 314 315
f 311 316 317
f 311 317 312
f 312 317 318
f 312 318 314
f 310 313 319
f 310 319 320
f 320 319 321
f 320 321 322
f 313 315 323
f 313 323 319
f 319 323 324
f 319 324 321
f 310 320 325
f 310 325 326
f 326 325 327
f 326 327 328
f 320 322 329
f 320 329 325
f 325 329 330
f 325 330 327
f 310 326 331
f 310 331 311
f 311 331 332
f 311 332 316
f 326 328 333
f 326 333 331
f 331 333 334
f 331 334 332
f 335 336 337
f 335 337 338
f 338 337 339
f 338 339 340
f 336 341 342
f 336 342 337
f 337 342 343
f 337 343 339
f 335 338 344
f 335 344 345
f 345 344 346
f 345 346 347
f 338 340 348
f 338 348 344
f 344 348 349
f 344 349 346
f 335 345 350
f 335 350 351
f 351 350 352
f 351 352 353
f 345 347 354
f 345 354 350
f 350 354 355
f 350 355 352
f 335 351 356
f 335 356 336
f 336 356 357
f 336 357 341
f 351 353 358
f 351 358 356
f 356 358 359
f 356 359 357
f 360 361 362
f 360 362 363
f 363 362 364
f 363 364 365
f 361 366 367
f 361 367 362
f 362 367 368
f 362 368 364
f 360 363 369
f 360 369 370
f 370 369 371
f 370 371 372
f 363 365 373
f 363 373 369
f 369 373 374
f 369 374 371
f 360 370 375
f 360 375 376
f 376 375 377
f 376 377 378
f 370 372 379
f 370 379 375
f 375 379 380
f 375 380 377
f 360 376 381
f 360 381 361
f 361 381 382
f 361 382 366
f 376 378 383
f 376 383 381
f 381 383 384
f 381 384 382
f 385 386 387
f 385 387 388
f 388 387 389
f 388 389 390
f 386 391 392
f 386 392 387
f 387 392 393
f 387 393 389
f 385 388 394
f 385 394 395
f 395 394 396
f 395 396 397
f 388 390 398
f 388 398 394
f 394 398 399
f 394 399 396
f 385 395 400
f 385 400 401
f 401 400 308
f 401 308 303
f 395 397 402
f 395 402 400
f 400 402 309
f 400 309 308
f 385 401 403
f 385 403 386
f 386 403 404
f 386 404 391
f 401 303 302
f 401 302 403
f 403 302 305
f 403 305 404
f 405 406 407
f 405 407 408
f 408 407 409
f 408 409 410
f 406 411 412
f 406 412 407
f 407 412 413
f 407 413 409
f 405 408 414
f 405 414 415
f 415 414 416
f 415 416 417
f 408 410 418
f 408 418 414
f 414 418 419
f 414 419 416
f 405 415 420
f 405 420 421
f 421 420 298
f 421 298 290
f 415 417 422
f 415 422 420
f 420 422 299
f 420 299 298
f 405 421 423
f 405 423 406
f 406 423 424
f 406 424 411
f 421 290 289
f 421 289 423
f 423 289 293
f 423 293 424
f 425 426 427
f 425 427 428
f 428 427 429
f 428 429 430
f 426 431 432
f 426 432 427
f 427 432 433
f 427 433 429
f 425 428 434
f 425 434 435
f 435 434 436
f 435 436 437
f 428 430 438
f 428 438 434
f 434 438 439
f 434 439 436
f 425 435 440
f 425 440 441
f 441 440 342
f 441 342 341
f 435 437 442
f 435 442 440
f 440 442 343
f 440 343 342
f 425 441 443
f 425 443 426
f 426 443 444
f 426 444 431
f 441 341 357
f 441 357 443
f 443 357 359
f 443 359 444
f 445 446 447
f 445 447 448
f 448 447 449
f 448 449 450
f 446 451 452
f 446 452 447
f 447 452 453
f 447 453 449
f 445 448 454
f 445 454 455
f 455 454 456
f 455 456 457
f 448 450 458
f 448 458 454
f 454 458 459
f 454 459 456
f 445 455 460
f 445 460 461
f 461 460 354
f 461 354 347
f 455 457 462
f 455 462 460
f 460 462 355
f 460 355 354
f 445 461 463
f 445 463 446
f 446 463 464
f 446 464 451
f 461 347 346
f 461 346 463
f 463 346 349
f 463 349 464
f 465 466 467
f 465 467 468
f 468 467 469
f 468 469 470
f 466 417 416
f 466 416 467
f 467 416 419
f 467 419 469
f 465 468 471
f 465 471 472
f 472 471 392
f 472 392 391
f 468 470 473
f 468 473 471
f 471 473 393
f 471 393 392
f 465 472 474
f 465 474 475
f 475 474 304
f 475 304 297
f 472 391 404
f 472 404 474
f 474 404 305
f 474 305 304
f 465 475 476
f 465 476 466
f 466 476 422
f 466 422 417
f 475 297 296
f 475 296 476
f 476 296 299
f 476 299 422
f 477 478 479
f 477 479 480
f 480 479 481
f 480 481 482
f 478 483 484
f 478 484 479
f 479 484 485
f 479 485 481
f 477 480 486
f 477 486 487
f 487 486 488
f 487 488 489
f 480 482 490
f 480 490 486
f 486 490 491
f 486 491 488
f 477 487 492
f 477 492 493
f 493 492 317
f 493 317 316
f 487 489 494
f 487 494 492
f 492 494 318
f 492 318 317
f 477 493 495
f 477 495 478
f 478 495 496
f 478 496 483
f 493 316 332
f 493 332 495
f 495 332 334
f 495 334 496
f 497 498 499
f 497 499 500
f 500 499 501
f 500 501 502
f 498 457 456
f 498 456 499
f 499 456 459
f 499 459 501
f 497 500 503
f 497 503 504
f 504 503 432
f 504 432 431
f 500 502 505
f 500 505 503
f 503 505 433
f 503 433 432
f 497 504 506
f 497 506 507
f 507 506 358
f 507 358 353
f 504 431 444
f 504 444 506
f 506 444 359
f 506 359 358
f 497 507 508
f 497 508 498
f 498 508 462
f 498 462 457
f 507 353 352
f 507 352 508
f 508 352 355
f 508 355 462
f 509 510 511
f 509 511 512
f 512 511 513
f 512 513 514
f 510 515 516
f 510 516 511
f 511 516 517
f 511 517 513
f 509 512 518
f 509 518 519
f 519 518 520
f 519 520 521
f 512 514 522
f 512 522 518
f 518 522 523
f 518 523 520
f 509 519 524
f 509 524 525
f 525 524 379
f 525 379 372
f 519 521 526
f 519 526 524
f 524 526 380
f 524 380 379
f 509 525 527
f 509 527 510
f 510 527 528
f 510 528 515
f 525 372 371
f 525 371 527
f 527 371 374
f 527 374 528
f 529 530 531
f 529 531 532
f 532 531 533
f 532 533 534
f 530 535 536
f 530 536 531
f 531 536 537
f 531 537 533
f 529 532 538
f 529 538 539
f 539 538 516
f 539 516 515
f 532 534 540
f 532 540 538
f 538 540 517
f 538 517 516
f 529 539 541
f 529 541 542
f 542 541 373
f 542 373 365
f 539 515 528
f 539 528 541
f 541 528 374
f 541 374 373
f 529 542 543
f 529 543 530
f 530 543 544
f 530 544 535
f 542 365 364
f 542 364 543
f 543 364 368
f 543 368 544
f 545 546 547
f 545 547 548
f 548 547 549
f 548 549 550
f 546 551 552
f 546 552 547
f 547 552 553
f 547 553 549
f 545 548 554
f 545 554 555
f 555 554 536
f 555 536 535
f 548 550 556
f 548 556 554
f 554 556 537
f 554 537 536
f 545 555 557
f 545 557 558
f 558 557 367
f 558 367 366
f 555 535 544
f 555 544 557
f 557 544 368
f 557 368 367
f 545 558 559
f 545 559 546
f 546 559 560
f 546 560 551
f 558 366 382
f 558 382 559
f 559 382 384
f 559 384 560
f 561 562 563
f 561 563 564
f 564 563 565
f 564 565 566
f 562 397 396
f 562 396 563
f 563 396 399
f 563 399 565
f 561 564 567
f 561 567 568
f 568 567 412
f 568 412 411
f 564 566 569
f 564 569 567
f 567 569 413
f 567 413 412
f 561 568 570
f 561 570 571
f 571 570 292
f 571 292 291
f 568 411 424
f 568 424 570
f 570 424 293
f 570 293 292
f 561 571 572
f 561 572 562
f 562 572 402
f 562 402 397
f 571 291 307
f 571 307 572
f 572 307 309
f 572 309 402
f 573 574 575
f 573 575 576
f 576 575 577
f 576 577 578
f 574 489 488
f 574 488 575
f 575 488 491
f 575 491 577
f 573 576 579
f 573 579 580
f 580 579 581
f 580 581 582
f 576 578 583
f 576 583 579
f 579 583 584
f 579 584 581
f 573 580 585
f 573 585 586
f 586 585 323
f 586 323 315
f 580 582 587
f 580 587 585
f 585 587 324
f 585 324 323
f 573 586 588
f 573 588 574
f 574 588 494
f 574 494 489
f 586 315 314
f 586 314 588
f 588 314 318
f 588 318 494
f 589 590 591
f 589 591 592
f 592 591 593
f 592 593 594
f 590 437 436
f 590 436 591
f 591 436 439
f 591 439 593
f 589 592 595
f 589 595 596
f 596 595 452
f 596 452 451
f 592 594 597
f 592 597 595
f 595 597 453
f 595 453 452
f 589 596 598
f 589 598 599
f 599 598 348
f 599 348 340
f 596 451 464
f 596 464 598
f 598 464 349
f 598 349 348
f 589 599 600
f 589 600 590
f 590 600 442
f 590 442 437
f 599 340 339
f 599 339 600
f 600 339 343
f 600 343 442
f 601 602 603
f 601 603 604
f 604 603 605
f 604 605 606
f 602 521 520
f 602 520 603
f 603 520 523
f 603 523 605
f 601 604 607
f 601 607 608
f 608 607 552
f 608 552 551
f 604 606 609
f 604 609 607
f 607 609 553
f 607 553 552
f 601 608 610
f 601 610 611
f 611 610 383
f 611 383 378
f 608 551 560
f 608 560 610
f 610 560 384
f 610 384 383
f 601 611 612
f 601 612 602
f 602 612 526
f 602 526 521
f 611 378 377
f 611 377 612
f 612 377 380
f 612 380 526
f 613 614 615
f 613 615 616
f 616 615 617
f 616 617 618
f 614 582 581
f 614 581 615
f 615 581 584
f 615 584 617
f 613 616 619
f 613 619 620
f 620 619 621
f 620 621 622
f 616 618 623
f 616 623 619
f 619 623 624
f 619 624 621
f 613 620 625
f 613 625 626
f 626 625 329
f 626 329 322
f 620 622 627
f 620 627 625
f 625 627 330
f 625 330 329
f 613 626 628
f 613 628 614
f 614 628 587
f 614 587 582
f 626 322 321
f 626 321 628
f 628 321 324
f 628 324 587
f 629 630 631
f 629 631 632
f 632 631 633
f 632 633 634
f 630 622 621
f 630 621 631
f 631 621 624
f 631 624 633
f 629 632 635
f 629 635 636
f 636 635 484
f 636 484 483
f 632 634 637
f 632 637 635
f 635 637 485
f 635 485 484
f 629 636 638
f 629 638 639
f 639 638 333
f 639 333 328
f 636 483 496
f 636 496 638
f 638 496 334
f 638 334 333
f 629 639 640
f 629 640 630
f 630 640 627
f 630 627 622
f 639 328 327
f 639 327 640
f 640 327 330
f 640 330 627
f 641 642 643
f 641 643 644
f 644 643 279
f 644 279 272
f 642 645 646
f 642 646 643
f 643 646 280
f 643 280 279
f 641 644 647
f 641 647 648
f 648 647 649
f 648 649 650
f 644 272 271
f 644 271 647
f 647 271 274
f 647 274 649
f 641 648 651
f 641 651 652
f 652 651 653
f 652 653 654
f 648 650 655
f 648 655 651
f 651 655 656
f 651 656 653
f 641 652 657
f 641 657 642
f 642 657 658
f 642 658 645
f 652 654 659
f 652 659 657
f 657 659 660
f 657 660 658
f 661 662 663
f 661 663 664
f 664 663 273
f 664 273 265
f 662 650 649
f 662 649 663
f 663 649 274
f 663 274 273
f 661 664 665
f 661 665 666
f 666 665 667
f 666 667 668
f 664 265 264
f 664 264 665
f 665 264 268
f 665 268 667
f 661 666 669
f 661 669 670
f 670 669 671
f 670 671 672
f 666 668 673
f 666 673 669
f 669 673 674
f 669 674 671
f 661 670 675
f 661 675 662
f 662 675 655
f 662 655 650
f 670 672 676
f 670 676 675
f 675 676 656
f 675 656 655
f 677 678 679
f 677 679 680
f 680 679 267
f 680 267 266
f 678 668 667
f 678 667 679
f 679 667 268
f 679 268 267
f 677 680 681
f 677 681 682
f 682 681 683
f 682 683 684
f 680 266 282
f 680 282 681
f 681 282 284
f 681 284 683
f 677 682 685
f 677 685 686
f 686 685 687
f 686 687 688
f 682 684 689
f 682 689 685
f 685 689 690
f 685 690 687
f 677 686 691
f 677 691 678
f 678 691 673
f 678 673 668
f 686 688 692
f 686 692 691
f 691 692 674
f 691 674 673
f 693 694 695
f 693 695 696
f 696 695 283
f 696 283 278
f 694 684 683
f 694 683 695
f 695 683 284
f 695 284 283
f 693 696 697
f 693 697 698
f 698 697 646
f 698 646 645
f 696 278 277
f 696 277 697
f 697 277 280
f 697 280 646
f 693 698 699
f 693 699 700
f 700 699 701
f 700 701 702
f 698 645 658
f 698 658 699
f 699 658 660
f 699 660 701
f 693 700 703
f 693 703 694
f 694 703 689
f 694 689 684
f 700 702 704
f 700 704 703
f 703 704 690
f 703 690 689
f 705 706 707
f 705 707 708
f 708 707 709
f 708 709 710
f 706 711 712
f 706 712 707
f 707 712 713
f 707 713 709
f 705 708 714
f 705 714 715
f 715 714 716
f 715 716 717
f 708 710 718
f 708 718 714
f 714 718 719
f 714 719 716
f 705 715 720
f 705 720 721
f 721 720 609
f 721 609 606
f 715 717 722
f 715 722 720
f 720 722 553
f 720 553 609
f 705 721 723
f 705 723 706
f 706 723 724
f 706 724 711
f 721 606 605
f 721 605 723
f 723 605 523
f 723 523 724
f 725 726 727
f 725 727 728
f 728 727 729
f 728 729 730
f 726 717 716
f 726 716 727
f 727 716 719
f 727 719 729
f 725 728 731
f 725 731 732
f 732 731 733
f 732 733 734
f 728 730 735
f 728 735 731
f 731 735 736
f 731 736 733
f 725 732 737
f 725 737 738
f 738 737 556
f 738 556 550
f 732 734 739
f 732 739 737
f 737 739 537
f 737 537 556
f 725 738 740
f 725 740 726
f 726 740 722
f 726 722 717
f 738 550 549
f 738 549 740
f 740 549 553
f 740 553 722
f 741 742 743
f 741 743 744
f 744 743 745
f 744 745 746
f 742 734 733
f 742 733 743
f 743 733 736
f 743 736 745
f 741 744 747
f 741 747 748
f 748 747 749
f 748 749 750
f 744 746 751
f 744 751 747
f 747 751 752
f 747 752 749
f 741 748 753
f 741 753 754
f 754 753 540
f 754 540 534
f 748 750 755
f 748 755 753
f 753 755 517
f 753 517 540
f 741 754 756
f 741 756 742
f 742 756 739
f 742 739 734
f 754 534 533
f 754 533 756
f 756 533 537
f 756 537 739
f 757 758 759
f 757 759 760
f 760 759 761
f 760 761 762
f 758 750 749
f 758 749 759
f 759 749 752
f 759 752 761
f 757 760 763
f 757 763 764
f 764 763 712
f 764 712 711
f 760 762 765
f 760 765 763
f 763 765 713
f 763 713 712
f 757 764 766
f 757 766 767
f 767 766 522
f 767 522 514
f 764 711 724
f 764 724 766
f 766 724 523
f 766 523 522
f 757 767 768
f 757 768 758
f 758 768 755
f 758 755 750
f 767 514 513
f 767 513 768
f 768 513 517
f 768 517 755
f 769 770 771
f 769 771 772
f 772 771 773
f 772 773 774
f 770 775 776
f 770 776 771
f 771 776 777
f 771 777 773
f 769 772 778
f 769 778 779
f 779 778 780
f 779 780 781
f 772 774 782
f 772 782 778
f 778 782 783
f 778 783 780
f 769 779 784
f 769 784 785
f 785 784 569
f 785 569 566
f 779 781 786
f 779 786 784
f 784 786 413
f 784 413 569
f 769 785 787
f 769 787 770
f 770 787 788
f 770 788 775
f 785 566 565
f 785 565 787
f 787 565 399
f 787 399 788
f 789 790 791
f 789 791 792
f 792 791 793
f 792 793 794
f 790 795 796
f 790 796 791
f 791 796 797
f 791 797 793
f 789 792 798
f 789 798 799
f 799 798 800
f 799 800 801
f 792 794 802
f 792 802 798
f 798 802 803
f 798 803 800
f 789 799 804
f 789 804 805
f 805 804 473
f 805 473 470
f 799 801 806
f 799 806 804
f 804 806 393
f 804 393 473
f 789 805 807
f 789 807 790
f 790 807 808
f 790 808 795
f 805 470 469
f 805 469 807
f 807 469 419
f 807 419 808
f 809 810 811
f 809 811 812
f 812 811 813
f 812 813 814
f 810 781 780
f 810 780 811
f 811 780 783
f 811 783 813
f 809 812 815
f 809 815 816
f 816 815 796
f 816 796 795
f 812 814 817
f 812 817 815
f 815 817 797
f 815 797 796
f 809 816 818
f 809 818 819
f 819 818 418
f 819 418 410
f 816 795 808
f 816 808 818
f 818 808 419
f 818 419 418
f 809 819 820
f 809 820 810
f 810 820 786
f 810 786 781
f 819 410 409
f 819 409 820
f 820 409 413
f 820 413 786
f 821 822 823
f 821 823 824
f 824 823 825
f 824 825 826
f 822 801 800
f 822 800 823
f 823 800 803
f 823 803 825
f 821 824 827
f 821 827 828
f 828 827 776
f 828 776 775
f 824 826 829
f 824 829 827
f 827 829 777
f 827 777 776
f 821 828 830
f 821 830 831
f 831 830 398
f 831 398 390
f 828 775 788
f 828 788 830
f 830 788 399
f 830 399 398
f 821 831 832
f 821 832 822
f 822 832 806
f 822 806 801
f 831 390 389
f 831 389 832
f 832 389 393
f 832 393 806
f 833 834 835
f 833 835 836
f 836 835 204
f 836 204 197
f 834 837 838
f 834 838 835
f 835 838 205
f 835 205 204
f 833 836 839
f 833 839 840
f 840 839 841
f 840 841 842
f 836 197 196
f 836 196 839
f 839 196 199
f 839 199 841
f 833 840 843
f 833 843 844
f 844 843 845
f 844 845 846
f 840 842 847
f 840 847 843
f 843 847 848
f 843 848 845
f 833 844 849
f 833 849 834
f 834 849 850
f 834 850 837
f 844 846 851
f 844 851 849
f 849 851 852
f 849 852 850
f 853 854 855
f 853 855 856
f 856 855 192
f 856 192 191
f 854 857 858
f 854 858 855
f 855 858 193
f 855 193 192
f 853 856 859
f 853 859 860
f 860 859 861
f 860 861 862
f 856 191 207
f 856 207 859
f 859 207 209
f 859 209 861
f 853 860 863
f 853 863 864
f 864 863 865
f 864 865 866
f 860 862 867
f 860 867 863
f 863 867 868
f 863 868 865
f 853 864 869
f 853 869 854
f 854 869 870
f 854 870 857
f 864 866 871
f 864 871 869
f 869 871 872
f 869 872 870
f 873 874 875
f 873 875 876
f 876 875 208
f 876 208 203
f 874 862 861
f 874 861 875
f 875 861 209
f 875 209 208
f 873 876 877
f 873 877 878
f 878 877 838
f 878 838 837
f 876 203 202
f 876 202 877
f 877 202 205
f 877 205 838
f 873 878 879
f 873 879 880
f 880 879 881
f 880 881 882
f 878 837 850
f 878 850 879
f 879 850 852
f 879 852 881
f 873 880 883
f 873 883 874
f 874 883 867
f 874 867 862
f 880 882 884
f 880 884 883
f 883 884 868
f 883 868 867
f 885 886 887
f 885 887 888
f 888 887 198
f 888 198 190
f 886 842 841
f 886 841 887
f 887 841 199
f 887 199 198
f 885 888 889
f 885 889 890
f 890 889 858
f 890 858 857
f 888 190 189
f 888 189 889
f 889 189 193
f 889 193 858
f 885 890 891
f 885 891 892
f 892 891 893
f 892 893 894
f 890 857 870
f 890 870 891
f 891 870 872
f 891 872 893
f 885 892 895
f 885 895 886
f 886 895 847
f 886 847 842
f 892 894 896
f 892 896 895
f 895 896 848
f 895 848 847
f 897 898 899
f 897 899 900
f 900 899 229
f 900 229 222
f 898 901 902
f 898 902 899
f 899 902 230
f 899 230 229
f 897 900 903
f 897 903 904
f 904 903 905
f 904 905 906
f 900 222 221
f 900 221 903
f 903 221 224
f 903 224 905
f 897 904 907
f 897 907 908
f 908 907 909
f 908 909 910
f 904 906 911
f 904 911 907
f 907 911 912
f 907 912 909
f 897 908 913
f 897 913 898
f 898 913 914
f 898 914 901
f 908 910 915
f 908 915 913
f 913 915 916
f 913 916 914
f 917 918 919
f 917 919 920
f 920 919 233
f 920 233 228
f 918 921 922
f 918 922 919
f 919 922 234
f 919 234 233
f 917 920 923
f 917 923 924
f 924 923 902
f 924 902 901
f 920 228 227
f 920 227 923
f 923 227 230
f 923 230 902
f 917 924 925
f 917 925 926
f 926 925 927
f 926 927 928
f 924 901 914
f 924 914 925
f 925 914 916
f 925 916 927
f 917 926 929
f 917 929 918
f 918 929 930
f 918 930 921
f 926 928 931
f 926 931 929
f 929 931 932
f 929 932 930
f 933 934 935
f 933 935 936
f 936 935 217
f 936 217 216
f 934 937 938
f 934 938 935
f 935 938 218
f 935 218 217
f 933 936 939
f 933 939 940
f 940 939 922
f 940 922 921
f 936 216 232
f 936 232 939
f 939 232 234
f 939 234 922
f 933 940 941
f 933 941 942
f 942 941 943
f 942 943 944
f 940 921 930
f 940 930 941
f 941 930 932
f 941 932 943
f 933 942 945
f 933 945 934
f 934 945 946
f 934 946 937
f 942 944 947
f 942 947 945
f 945 947 948
f 945 948 946
f 949 950 951
f 949 951 952
f 952 951 223
f 952 223 215
f 950 906 905
f 950 905 951
f 951 905 224
f 951 224 223
f 949 952 953
f 949 953 954
f 954 953 938
f 954 938 937
f 952 215 214
f 952 214 953
f 953 214 218
f 953 218 938
f 949 954 955
f 949 955 956
f 956 955 957
f 956 957 958
f 954 937 946
f 954 946 955
f 955 946 948
f 955 948 957
f 949 956 959
f 949 959 950
f 950 959 911
f 950 911 906
f 956 958 960
f 956 960 959
f 959 960 912
f 959 912 911
f 961 962 963
f 961 963 964
f 964 963 965
f 964 965 966
f 962 967 968
f 962 968 963
f 963 968 969
f 963 969 965
f 961 964 970
f 961 970 971
f 971 970 972
f 971 972 973
f 964 966 974
f 964 974 970
f 970 974 975
f 970 975 972
f 961 971 976
f 961 976 977
f 977 976 637
f 977 637 634
f 971 973 978
f 971 978 976
f 976 978 485
f 976 485 637
f 961 977 979
f 961 979 962
f 962 979 980
f 962 980 967
f 977 634 633
f 977 633 979
f 979 633 624
f 979 624 980
f 981 982 983
f 981 983 984
f 984 983 985
f 984 985 986
f 982 987 988
f 982 988 983
f 983 988 989
f 983 989 985
f 981 984 990
f 981 990 991
f 991 990 968
f 991 968 967
f 984 986 992
f 984 992 990
f 990 992 969
f 990 969 968
f 981 991 993
f 981 993 994
f 994 993 623
f 994 623 618
f 991 967 980
f 991 980 993
f 993 980 624
f 993 624 623
f 981 994 995
f 981 995 982
f 982 995 996
f 982 996 987
f 994 618 617
f 994 617 995
f 995 617 584
f 995 584 996
f 997 998 999
f 997 999 1000
f 1000 999 1001
f 1000 1001 1002
f 998 1003 1004
f 998 1004 999
f 999 1004 1005
f 999 1005 1001
f 997 1000 1006
f 997 1006 1007
f 1007 1006 988
f 1007 988 987
f 1000 1002 1008
f 1000 1008 1006
f 1006 1008 989
f 1006 989 988
f 997 1007 1009
f 997 1009 1010
f 1010 1009 583
f 1010 583 578
f 1007 987 996
f 1007 996 1009
f 1009 996 584
f 1009 584 583
f 997 1010 1011
f 997 1011 998
f 998 1011 1012
f 998 1012 1003
f 1010 578 577
f 1010 577 1011
f 1011 577 491
f 1011 491 1012
f 1013 1014 1015
f 1013 1015 1016
f 1016 1015 1017
f 1016 1017 1018
f 1014 973 972
f 1014 972 1015
f 1015 972 975
f 1015 975 1017
f 1013 1016 1019
f 1013 1019 1020
f 1020 1019 1004
f 1020 1004 1003
f 1016 1018 1021
f 1016 1021 1019
f 1019 1021 1005
f 1019 1005 1004
f 1013 1020 1022
f 1013 1022 1023
f 1023 1022 490
f 1023 490 482
f 1020 1003 1012
f 1020 1012 1022
f 1022 1012 491
f 1022 491 490
f 1013 1023 1024
f 1013 1024 1014
f 1014 1024 978
f 1014 978 973
f 1023 482 481
f 1023 481 1024
f 1024 481 485
f 1024 485 978
f 1025 1026 1027
f 1025 1027 1028
f 1028 1027 1029
f 1028 1029 1030
f 1026 1031 1032
f 1026 1032 1027
f 1027 1032 1033
f 1027 1033 1029
f 1025 1028 1034
f 1025 1034 1035
f 1035 1034 1036
f 1035 1036 1037
f 1028 1030 1038
f 1028 1038 1034
f 1034 1038 1039
f 1034 1039 1036
f 1025 1035 1040
f 1025 1040 1041
f 1041 1040 597
f 1041 597 594
f 1035 1037 1042
f 1035 1042 1040
f 1040 1042 453
f 1040 453 597
f 1025 1041 1043
f 1025 1043 1026
f 1026 1043 1044
f 1026 1044 1031
f 1041 594 593
f 1041 593 1043
f 1043 593 439
f 1043 439 1044
f 1045 1046 1047
f 1045 1047 1048
f 1048 1047 1049
f 1048 1049 1050
f 1046 1051 1052
f 1046 1052 1047
f 1047 1052 1053
f 1047 1053 1049
f 1045 1048 1054
f 1045 1054 1055
f 1055 1054 1056
f 1055 1056 1057
f 1048 1050 1058
f 1048 1058 1054
f 1054 1058 1059
f 1054 1059 1056
f 1045 1055 1060
f 1045 1060 1061
f 1061 1060 505
f 1061 505 502
f 1055 1057 1062
f 1055 1062 1060
f 1060 1062 433
f 1060 433 505
f 1045 1061 1063
f 1045 1063 1046
f 1046 1063 1064
f 1046 1064 1051
f 1061 502 501
f 1061 501 1063
f 1063 501 459
f 1063 459 1064
f 1065 1066 1067
f 1065 1067 1068
f 1068 1067 1069
f 1068 1069 1070
f 1066 1037 1036
f 1066 1036 1067
f 1067 1036 1039
f 1067 1039 1069
f 1065 1068 1071
f 1065 1071 1072
f 1072 1071 1052
f 1072 1052 1051
f 1068 1070 1073
f 1068 1073 1071
f 1071 1073 1053
f 1071 1053 1052
f 1065 1072 1074
f 1065 1074 1075
f 1075 1074 458
f 1075 458 450
f 1072 1051 1064
f 1072 1064 1074
f 1074 1064 459
f 1074 459 458
f 1065 1075 1076
f 1065 1076 1066
f 1066 1076 1042
f 1066 1042 1037
f 1075 450 449
f 1075 449 1076
f 1076 449 453
f 1076 453 1042
f 1077 1078 1079
f 1077 1079 1080
f 1080 1079 1081
f 1080 1081 1082
f 1078 1057 1056
f 1078 1056 1079
f 1079 1056 1059
f 1079 1059 1081
f 1077 1080 1083
f 1077 1083 1084
f 1084 1083 1032
f 1084 1032 1031
f 1080 1082 1085
f 1080 1085 1083
f 1083 1085 1033
f 1083 1033 1032
f 1077 1084 1086
f 1077 1086 1087
f 1087 1086 438
f 1087 438 430
f 1084 1031 1044
f 1084 1044 1086
f 1086 1044 439
f 1086 439 438
f 1077 1087 1088
f 1077 1088 1078
f 1078 1088 1062
f 1078 1062 1057
f 1087 430 429
f 1087 429 1088
f 1088 429 433
f 1088 433 1062
f 1089 1090 1091
f 1089 1091 1092
f 1092 1091 248
f 1092 248 240
f 1090 1093 1094
f 1090 1094 1091
f 1091 1094 249
f 1091 249 248
f 1089 1092 1095
f 1089 1095 1096
f 1096 1095 1097
f 1096 1097 1098
f 1092 240 239
f 1092 239 1095
f 1095 239 243
f 1095 243 1097
f 1089 1096 1099
f 1089 1099 1100
f 1100 1099 1101
f 1100 1101 1102
f 1096 1098 1103
f 1096 1103 1099
f 1099 1103 1104
f 1099 1104 1101
f 1089 1100 1105
f 1089 1105 1090
f 1090 1105 1106
f 1090 1106 1093
f 1100 1102 1107
f 1100 1107 1105
f 1105 1107 1108
f 1105 1108 1106
f 1109 1110 1111
f 1109 1111 1112
f 1112 1111 258
f 1112 258 253
f 1110 1113 1114
f 1110 1114 1111
f 1111 1114 259
f 1111 259 258
f 1109 1112 1115
f 1109 1115 1116
f 1116 1115 1117
f 1116 1117 1118
f 1112 253 252
f 1112 252 1115
f 1115 252 255
f 1115 255 1117
f 1109 1116 1119
f 1109 1119 1120
f 1120 1119 1121
f 1120 1121 1122
f 1116 1118 1123
f 1116 1123 1119
f 1119 1123 1124
f 1119 1124 1121
f 1109 1120 1125
f 1109 1125 1110
f 1110 1125 1126
f 1110 1126 1113
f 1120 1122 1127
f 1120 1127 1125
f 1125 1127 1128
f 1125 1128 1126
f 1129 1130 1131
f 1129 1131 1132
f 1132 1131 254
f 1132 254 247
f 1130 1118 1117
f 1130 1117 1131
f 1131 1117 255
f 1131 255 254
f 1129 1132 1133
f 1129 1133 1134
f 1134 1133 1094
f 1134 1094 1093
f 1132 247 246
f 1132 246 1133
f 1133 246 249
f 1133 249 1094
f 1129 1134 1135
f 1129 1135 1136
f 1136 1135 1137
f 1136 1137 1138
f 1134 1093 1106
f 1134 1106 1135
f 1135 1106 1108
f 1135 1108 1137
f 1129 1136 1139
f 1129 1139 1130
f 1130 1139 1123
f 1130 1123 1118
f 1136 1138 1140
f 1136 1140 1139
f 1139 1140 1124
f 1139 1124 1123
f 1141 1142 1143
f 1141 1143 1144
f 1144 1143 242
f 1144 242 241
f 1142 1098 1097
f 1142 1097 1143
f 1143 1097 243
f 1143 243 242
f 1141 1144 1145
f 1141 1145 1146
f 1146 1145 1114
f 1146 1114 1113
f 1144 241 257
f 1144 257 1145
f 1145 257 259
f 1145 259 1114
f 1141 1146 1147
f 1141 1147 1148
f 1148 1147 1149
f 1148 1149 1150
f 1146 1113 1126
f 1146 1126 1147
f 1147 1126 1128
f 1147 1128 1149
f 1141 1148 1151
f 1141 1151 1142
f 1142 1151 1103
f 1142 1103 1098
f 1148 1150 1152
f 1148 1152 1151
f 1151 1152 1104
f 1151 1104 1103
f 1153 1154 1155
f 1153 1155 1156
f 1156 1155 851
f 1156 851 846
f 1154 1157 1158
f 1154 1158 1155
f 1155 1158 852
f 1155 852 851
f 1153 1156 1159
f 1153 1159 1160
f 1160 1159 1161
f 1160 1161 1162
f 1156 846 845
f 1156 845 1159
f 1159 845 848
f 1159 848 1161
f 1153 1160 1163
f 1153 1163 1164
f 1164 1163 829
f 1164 829 826
f 1160 1162 1165
f 1160 1165 1163
f 1163 1165 777
f 1163 777 829
f 1153 1164 1166
f 1153 1166 1154
f 1154 1166 1167
f 1154 1167 1157
f 1164 826 825
f 1164 825 1166
f 1166 825 803
f 1166 803 1167
f 1168 1169 1170
f 1168 1170 1171
f 1171 1170 871
f 1171 871 866
f 1169 1172 1173
f 1169 1173 1170
f 1170 1173 872
f 1170 872 871
f 1168 1171 1174
f 1168 1174 1175
f 1175 1174 1176
f 1175 1176 1177
f 1171 866 865
f 1171 865 1174
f 1174 865 868
f 1174 868 1176
f 1168 1175 1178
f 1168 1178 1179
f 1179 1178 817
f 1179 817 814
f 1175 1177 1180
f 1175 1180 1178
f 1178 1180 797
f 1178 797 817
f 1168 1179 1181
f 1168 1181 1169
f 1169 1181 1182
f 1169 1182 1172
f 1179 814 813
f 1179 813 1181
f 1181 813 783
f 1181 783 1182
f 1183 1184 1185
f 1183 1185 1186
f 1186 1185 884
f 1186 884 882
f 1184 1177 1176
f 1184 1176 1185
f 1185 1176 868
f 1185 868 884
f 1183 1186 1187
f 1183 1187 1188
f 1188 1187 1158
f 1188 1158 1157
f 1186 882 881
f 1186 881 1187
f 1187 881 852
f 1187 852 1158
f 1183 1188 1189
f 1183 1189 1190
f 1190 1189 802
f 1190 802 794
f 1188 1157 1167
f 1188 1167 1189
f 1189 1167 803
f 1189 803 802
f 1183 1190 1191
f 1183 1191 1184
f 1184 1191 1180
f 1184 1180 1177
f 1190 794 793
f 1190 793 1191
f 1191 793 797
f 1191 797 1180
f 1192 1193 1194
f 1192 1194 1195
f 1195 1194 896
f 1195 896 894
f 1193 1162 1161
f 1193 1161 1194
f 1194 1161 848
f 1194 848 896
f 1192 1195 1196
f 1192 1196 1197
f 1197 1196 1173
f 1197 1173 1172
f 1195 894 893
f 1195 893 1196
f 1196 893 872
f 1196 872 1173
f 1192 1197 1198
f 1192 1198 1199
f 1199 1198 782
f 1199 782 774
f 1197 1172 1182
f 1197 1182 1198
f 1198 1182 783
f 1198 783 782
f 1192 1199 1200
f 1192 1200 1193
f 1193 1200 1165
f 1193 1165 1162
f 1199 774 773
f 1199 773 1200
f 1200 773 777
f 1200 777 1165
f 1201 1202 1203
f 1201 1203 1204
f 1204 1203 704
f 1204 704 702
f 1202 1205 1206
f 1202 1206 1203
f 1203 1206 690
f 1203 690 704
f 1201 1204 1207
f 1201 1207 1208
f 1208 1207 1209
f 1208 1209 1210
f 1204 702 701
f 1204 701 1207
f 1207 701 660
f 1207 660 1209
f 1201 1208 1211
f 1201 1211 1212
f 1212 1211 765
f 1212 765 762
f 1208 1210 1213
f 1208 1213 1211
f 1211 1213 713
f 1211 713 765
f 1201 1212 1214
f 1201 1214 1202
f 1202 1214 1215
f 1202 1215 1205
f 1212 762 761
f 1212 761 1214
f 1214 761 752
f 1214 752 1215
f 1216 1217 1218
f 1216 1218 1219
f 1219 1218 692
f 1219 692 688
f 1217 1220 1221
f 1217 1221 1218
f 1218 1221 674
f 1218 674 692
f 1216 1219 1222
f 1216 1222 1223
f 1223 1222 1206
f 1223 1206 1205
f 1219 688 687
f 1219 687 1222
f 1222 687 690
f 1222 690 1206
f 1216 1223 1224
f 1216 1224 1225
f 1225 1224 751
f 1225 751 746
f 1223 1205 1215
f 1223 1215 1224
f 1224 1215 752
f 1224 752 751
f 1216 1225 1226
f 1216 1226 1217
f 1217 1226 1227
f 1217 1227 1220
f 1225 746 745
f 1225 745 1226
f 1226 745 736
f 1226 736 1227
f 1228 1229 1230
f 1228 1230 1231
f 1231 1230 676
f 1231 676 672
f 1229 1232 1233
f 1229 1233 1230
f 1230 1233 656
f 1230 656 676
f 1228 1231 1234
f 1228 1234 1235
f 1235 1234 1221
f 1235 1221 1220
f 1231 672 671
f 1231 671 1234
f 1234 671 674
f 1234 674 1221
f 1228 1235 1236
f 1228 1236 1237
f 1237 1236 735
f 1237 735 730
f 1235 1220 1227
f 1235 1227 1236
f 1236 1227 736
f 1236 736 735
f 1228 1237 1238
f 1228 1238 1229
f 1229 1238 1239
f 1229 1239 1232
f 1237 730 729
f 1237 729 1238
f 1238 729 719
f 1238 719 1239
f 1240 1241 1242
f 1240 1242 1243
f 1243 1242 659
f 1243 659 654
f 1241 1210 1209
f 1241 1209 1242
f 1242 1209 660
f 1242 660 659
f 1240 1243 1244
f 1240 1244 1245
f 1245 1244 1233
f 1245 1233 1232
f 1243 654 653
f 1243 653 1244
f 1244 653 656
f 1244 656 1233
f 1240 1245 1246
f 1240 1246 1247
f 1247 1246 718
f 1247 718 710
f 1245 1232 1239
f 1245 1239 1246
f 1246 1239 719
f 1246 719 718
f 1240 1247 1248
f 1240 1248 1241
f 1241 1248 1213
f 1241 1213 1210
f 1247 710 709
f 1247 709 1248
f 1248 709 713
f 1248 713 1213
f 1249 1250 1251
f 1249 1251 1252
f 1252 1251 1107
f 1252 1107 1102
f 1250 1253 1254
f 1250 1254 1251
f 1251 1254 1108
f 1251 1108 1107
f 1249 1252 1255
f 1249 1255 1256
f 1256 1255 1257
f 1256 1257 1258
f 1252 1102 1101
f 1252 1101 1255
f 1255 1101 1104
f 1255 1104 1257
f 1249 1256 1259
f 1249 1259 1260
f 1260 1259 1085
f 1260 1085 1082
f 1256 1258 1261
f 1256 1261 1259
f 1259 1261 1033
f 1259 1033 1085
f 1249 1260 1262
f 1249 1262 1250
f 1250 1262 1263
f 1250 1263 1253
f 1260 1082 1081
f 1260 1081 1262
f 1262 1081 1059
f 1262 1059 1263
f 1264 1265 1266
f 1264 1266 1267
f 1267 1266 1127
f 1267 1127 1122
f 1265 1268 1269
f 1265 1269 1266
f 1266 1269 1128
f 1266 1128 1127
f 1264 1267 1270
f 1264 1270 1271
f 1271 1270 1272
f 1271 1272 1273
f 1267 1122 1121
f 1267 1121 1270
f 1270 1121 1124
f 1270 1124 1272
f 1264 1271 1274
f 1264 1274 1275
f 1275 1274 1073
f 1275 1073 1070
f 1271 1273 1276
f 1271 1276 1274
f 1274 1276 1053
f 1274 1053 1073
f 1264 1275 1277
f 1264 1277 1265
f 1265 1277 1278
f 1265 1278 1268
f 1275 1070 1069
f 1275 1069 1277
f 1277 1069 1039
f 1277 1039 1278
f 1279 1280 1281
f 1279 1281 1282
f 1282 1281 1140
f 1282 1140 1138
f 1280 1273 1272
f 1280 1272 1281
f 1281 1272 1124
f 1281 1124 1140
f 1279 1282 1283
f 1279 1283 1284
f 1284 1283 1254
f 1284 1254 1253
f 1282 1138 1137
f 1282 1137 1283
f 1283 1137 1108
f 1283 1108 1254
f 1279 1284 1285
f 1279 1285 1286
f 1286 1285 1058
f 1286 1058 1050
f 1284 1253 1263
f 1284 1263 1285
f 1285 1263 1059
f 1285 1059 1058
f 1279 1286 1287
f 1279 1287 1280
f 1280 1287 1276
f 1280 1276 1273
f 1286 1050 1049
f 1286 1049 1287
f 1287 1049 1053
f 1287 1053 1276
f 1288 1289 1290
f 1288 1290 1291
f 1291 1290 1152
f 1291 1152 1150
f 1289 1258 1257
f 1289 1257 1290
f 1290 1257 1104
f 1290 1104 1152
f 1288 1291 1292
f 1288 1292 1293
f 1293 1292 1269
f 1293 1269 1268
f 1291 1150 1149
f 1291 1149 1292
f 1292 1149 1128
f 1292 1128 1269
f 1288 1293 1294
f 1288 1294 1295
f 1295 1294 1038
f 1295 1038 1030
f 1293 1268 1278
f 1293 1278 1294
f 1294 1278 1039
f 1294 1039 1038
f 1288 1295 1296
f 1288 1296 1289
f 1289 1296 1261
f 1289 1261 1258
f 1295 1030 1029
f 1295 1029 1296
f 1296 1029 1033
f 1296 1033 1261
f 1297 1298 1299
f 1297 1299 1300
f 1300 1299 960
f 1300 960 958
f 1298 1301 1302
f 1298 1302 1299
f 1299 1302 912
f 1299 912 960
f 1297 1300 1303
f 1297 1303 1304
f 1304 1303 1305
f 1304 1305 1306
f 1300 958 957
f 1300 957 1303
f 1303 957 948
f 1303 948 1305
f 1297 1304 1307
f 1297 1307 1308
f 1308 1307 1021
f 1308 1021 1018
f 1304 1306 1309
f 1304 1309 1307
f 1307 1309 1005
f 1307 1005 1021
f 1297 1308 1310
f 1297 1310 1298
f 1298 1310 1311
f 1298 1311 1301
f 1308 1018 1017
f 1308 1017 1310
f 1310 1017 975
f 1310 975 1311
f 1312 1313 1314
f 1312 1314 1315
f 1315 1314 947
f 1315 947 944
f 1313 1306 1305
f 1313 1305 1314
f 1314 1305 948
f 1314 948 947
f 1312 1315 1316
f 1312 1316 1317
f 1317 1316 1318
f 1317 1318 1319
f 1315 944 943
f 1315 943 1316
f 1316 943 932
f 1316 932 1318
f 1312 1317 1320
f 1312 1320 1321
f 1321 1320 1008
f 1321 1008 1002
f 1317 1319 1322
f 1317 1322 1320
f 1320 1322 989
f 1320 989 1008
f 1312 1321 1323
f 1312 1323 1313
f 1313 1323 1309
f 1313 1309 1306
f 1321 1002 1001
f 1321 1001 1323
f 1323 1001 1005
f 1323 1005 1309
f 1324 1325 1326
f 1324 1326 1327
f 1327 1326 931
f 1327 931 928
f 1325 1319 1318
f 1325 1318 1326
f 1326 1318 932
f 1326 932 931
f 1324 1327 1328
f 1324 1328 1329
f 1329 1328 1330
f 1329 1330 1331
f 1327 928 927
f 1327 927 1328
f 1328 927 916
f 1328 916 1330
f 1324 1329 1332
f 1324 1332 1333
f 1333 1332 992
f 1333 992 986
f 1329 1331 1334
f 1329 1334 1332
f 1332 1334 969
f 1332 969 992
f 1324 1333 1335
f 1324 1335 1325
f 1325 1335 1322
f 1325 1322 1319
f 1333 986 985
f 1333 985 1335
f 1335 985 989
f 1335 989 1322
f 1336 1337 1338
f 1336 1338 1339
f 1339 1338 915
f 1339 915 910
f 1337 1331 1330
f 1337 1330 1338
f 1338 1330 916
f 1338 916 915
f 1336 1339 1340
f 1336 1340 1341
f 1341 1340 1302
f 1341 1302 1301
f 1339 910 909
f 1339 909 1340
f 1340 909 912
f 1340 912 1302
f 1336 1341 1342
f 1336 1342 1343
f 1343 1342 974
f 1343 974 966
f 1341 1301 1311
f 1341 1311 1342
f 1342 1311 975
f 1342 975 974
f 1336 1343 1344
f 1336 1344 1337
f 1337 1344 1334
f 1337 1334 1331
f 1343 966 965
f 1343 965 1344
f 1344 965 969
f 1344 969 1334
f 1345 1346 1347
f 1345 1347 1348
f 1348 1347 1349
f 1348 1349 1350
f 1346 1351 1352
f 1346 1352 1347
f 1347 1352 1353
f 1347 1353 1349
f 1345 1348 1354
f 1345 1354 1355
f 1355 1354 1356
f 1355 1356 1357
f 1348 1350 1358
f 1348 1358 1354
f 1354 1358 1359
f 1354 1359 1356
f 1345 1355 1360
f 1345 1360 1361
f 1361 1360 1362
f 1361 1362 1363
f 1355 1357 1364
f 1355 1364 1360
f 1360 1364 1365
f 1360 1365 1362
f 1345 1361 1366
f 1345 1366 1346
f 1346 1366 1367
f 1346 1367 1351
f 1361 1363 1368
f 1361 1368 1366
f 1366 1368 1369
f 1366 1369 1367
f 1370 1371 1372
f 1370 1372 1373
f 1373 1372 1374
f 1373 1374 1375
f 1371 1376 1377
f 1371 1377 1372
f 1372 1377 1378
f 1372 1378 1374
f 1370 1373 1379
f 1370 1379 1380
f 1380 1379 1381
f 1380 1381 1382
f 1373 1375 1383
f 1373 1383 1379
f 1379 1383 1384
f 1379 1384 1381
f 1370 1380 1385
f 1370 1385 1386
f 1386 1385 1387
f 1386 1387 1388
f 1380 1382 1389
f 1380 1389 1385
f 1385 1389 1390
f 1385 1390 1387
f 1370 1386 1391
f 1370 1391 1371
f 1371 1391 1392
f 1371 1392 1376
f 1386 1388 1393
f 1386 1393 1391
f 1391 1393 1394
f 1391 1394 1392
f 1395 1396 1397
f 1395 1397 1398
f 1398 1397 1399
f 1398 1399 1400
f 1396 1401 1402
f 1396 1402 1397
f 1397 1402 1403
f 1397 1403 1399
f 1395 1398 1404
f 1395 1404 1405
f 1405 1404 1406
f 1405 1406 1407
f 1398 1400 1408
f 1398 1408 1404
f 1404 1408 1409
f 1404 1409 1406
f 1395 1405 1410
f 1395 1410 1411
f 1411 1410 1412
f 1411 1412 1413
f 1405 1407 1414
f 1405 1414 1410
f 1410 1414 1415
f 1410 1415 1412
f 1395 1411 1416
f 1395 1416 1396
f 1396 1416 1417
f 1396 1417 1401
f 1411 1413 1418
f 1411 1418 1416
f 1416 1418 1419
f 1416 1419 1417
f 1420 1421 1422
f 1420 1422 1423
f 1423 1422 1424
f 1423 1424 1425
f 1421 1426 1427
f 1421 1427 1422
f 1422 1427 1428
f 1422 1428 1424
f 1420 1423 1429
f 1420 1429 1430
f 1430 1429 1431
f 1430 1431 1432
f 1423 1425 1433
f 1423 1433 1429
f 1429 1433 1434
f 1429 1434 1431
f 1420 1430 1435
f 1420 1435 1436
f 1436 1435 1437
f 1436 1437 1438
f 1430 1432 1439
f 1430 1439 1435
f 1435 1439 1440
f 1435 1440 1437
f 1420 1436 1441
f 1420 1441 1421
f 1421 1441 1442
f 1421 1442 1426
f 1436 1438 1443
f 1436 1443 1441
f 1441 1443 1444
f 1441 1444 1442
f 1445 1446 1447
f 1445 1447 1448
f 1448 1447 1449
f 1448 1449 1450
f 1446 1451 1452
f 1446 1452 1447
f 1447 1452 1453
f 1447 1453 1449
f 1445 1448 1454
f 1445 1454 1455
f 1455 1454 1456
f 1455 1456 1457
f 1448 1450 1458
f 1448 1458 1454
f 1454 1458 1459
f 1454 1459 1456
f 1445 1455 1460
f 1445 1460 1461
f 1461 1460 1462
f 1461 1462 1463
f 1455 1457 1464
f 1455 1464 1460
f 1460 1464 1465
f 1460 1465 1462
f 1445 1461 1466
f 1445 1466 1446
f 1446 1466 1467
f 1446 1467 1451
f 1461 1463 1468
f 1461 1468 1466
f 1466 1468 1469
f 1466 1469 1467
f 1470 1471 1472
f 1470 1472 1473
f 1473 1472 1474
f 1473 1474 1475
f 1471 1476 1477
f 1471 1477 1472
f 1472 1477 1478
f 1472 1478 1474
f 1470 1473 1479
f 1470 1479 1480
f 1480 1479 1481
f 1480 1481 1482
f 1473 1475 1483
f 1473 1483 1479
f 1479 1483 1484
f 1479 1484 1481
f 1470 1480 1485
f 1470 1485 1486
f 1486 1485 1487
f 1486 1487 1488
f 1480 1482 1489
f 1480 1489 1485
f 1485 1489 1490
f 1485 1490 1487
f 1470 1486 1491
f 1470 1491 1471
f 1471 1491 1492
f 1471 1492 1476
f 1486 1488 1493
f 1486 1493 1491
f 1491 1493 1494
f 1491 1494 1492
f 1495 1496 1497
f 1495 1497 1498
f 1498 1497 1499
f 1498 1499 1500
f 1496 1501 1502
f 1496 1502 1497
f 1497 1502 1503
f 1497 1503 1499
f 1495 1498 1504
f 1495 1504 1505
f 1505 1504 1506
f 1505 1506 1507
f 1498 1500 1508
f 1498 1508 1504
f 1504 1508 1509
f 1504 1509 1506
f 1495 1505 1510
f 1495 1510 1511
f 1511 1510 1512
f 1511 1512 1513
f 1505 1507 1514
f 1505 1514 1510
f 1510 1514 1515
f 1510 1515 1512
f 1495 1511 1516
f 1495 1516 1496
f 1496 1516 1517
f 1496 1517 1501
f 1511 1513 1518
f 1511 1518 1516
f 1516 1518 1519
f 1516 1519 1517
f 1520 1521 1522
f 1520 1522 1523
f 1523 1522 1524
f 1523 1524 1525
f 1521 1526 1527
f 1521 1527 1522
f 1522 1527 1528
f 1522 1528 1524
f 1520 1523 1529
f 1520 1529 1530
f 1530 1529 1531
f 1530 1531 1532
f 1523 1525 1533
f 1523 1533 1529
f 1529 1533 1534
f 1529 1534 1531
f 1520 1530 1535
f 1520 1535 1536
f 1536 1535 1458
f 1536 1458 1450
f 1530 1532 1537
f 1530 1537 1535
f 1535 1537 1459
f 1535 1459 1458
f 1520 1536 1538
f 1520 1538 1521
f 1521 1538 1539
f 1521 1539 1526
f 1536 1450 1449
f 1536 1449 1538
f 1538 1449 1453
f 1538 1453 1539
f 1540 1541 1542
f 1540 1542 1543
f 1543 1542 1544
f 1543 1544 1545
f 1541 1546 1547
f 1541 1547 1542
f 1542 1547 1548
f 1542 1548 1544
f 1540 1543 1549
f 1540 1549 1550
f 1550 1549 1551
f 1550 1551 1552
f 1543 1545 1553
f 1543 1553 1549
f 1549 1553 1554
f 1549 1554 1551
f 1540 1550 1555
f 1540 1555 1556
f 1556 1555 1557
f 1556 1557 1558
f 1550 1552 1559
f 1550 1559 1555
f 1555 1559 1560
f 1555 1560 1557
f 1540 1556 1561
f 1540 1561 1541
f 1541 1561 1562
f 1541 1562 1546
f 1556 1558 1563
f 1556 1563 1561
f 1561 1563 1564
f 1561 1564 1562
f 1565 1566 1567
f 1565 1567 1568
f 1568 1567 1569
f 1568 1569 1570
f 1566 1552 1551
f 1566 1551 1567
f 1567 1551 1554
f 1567 1554 1569
f 1565 1568 1571
f 1565 1571 1572
f 1572 1571 1573
f 1572 1573 1574
f 1568 1570 1575
f 1568 1575 1571
f 1571 1575 1576
f 1571 1576 1573
f 1565 1572 1577
f 1565 1577 1578
f 1578 1577 1579
f 1578 1579 1580
f 1572 1574 1581
f 1572 1581 1577
f 1577 1581 1582
f 1577 1582 1579
f 1565 1578 1583
f 1565 1583 1566
f 1566 1583 1559
f 1566 1559 1552
f 1578 1580 1584
f 1578 1584 1583
f 1583 1584 1560
f 1583 1560 1559
f 1585 1586 1587
f 1585 1587 1588
f 1588 1587 1589
f 1588 1589 1590
f 1586 1591 1592
f 1586 1592 1587
f 1587 1592 1593
f 1587 1593 1589
f 1585 1588 1594
f 1585 1594 1595
f 1595 1594 1596
f 1595 1596 1597
f 1588 1590 1598
f 1588 1598 1594
f 1594 1598 1599
f 1594 1599 1596
f 1585 1595 1600
f 1585 1600 1601
f 1601 1600 1602
f 1601 1602 1603
f 1595 1597 1604
f 1595 1604 1600
f 1600 1604 1605
f 1600 1605 1602
f 1585 1601 1606
f 1585 1606 1586
f 1586 1606 1607
f 1586 1607 1591
f 1601 1603 1608
f 1601 1608 1606
f 1606 1608 1609
f 1606 1609 1607
f 1610 1611 1612
f 1610 1612 1613
f 1613 1612 1614
f 1613 1614 1615
f 1611 1616 1617
f 1611 1617 1612
f 1612 1617 1618
f 1612 1618 1614
f 1610 1613 1619
f 1610 1619 1620
f 1620 1619 1621
f 1620 1621 1622
f 1613 1615 1623
f 1613 1623 1619
f 1619 1623 1624
f 1619 1624 1621
f 1610 1620 1625
f 1610 1625 1626
f 1626 1625 1627
f 1626 1627 1628
f 1620 1622 1629
f 1620 1629 1625
f 1625 1629 1630
f 1625 1630 1627
f 1610 1626 1631
f 1610 1631 1611
f 1611 1631 1632
f 1611 1632 1616
f 1626 1628 1633
f 1626 1633 1631
f 1631 1633 1634
f 1631 1634 1632
f 1635 1636 1637
f 1635 1637 1638
f 1638 1637 1639
f 1638 1639 1640
f 1636 1641 1642
f 1636 1642 1637
f 1637 1642 1643
f 1637 1643 1639
f 1635 1638 1644
f 1635 1644 1645
f 1645 1644 1646
f 1645 1646 1647
f 1638 1640 1648
f 1638 1648 1644
f 1644 1648 1649
f 1644 1649 1646
f 1635 1645 1650
f 1635 1650 1651
f 1651 1650 1652
f 1651 1652 1653
f 1645 1647 1654
f 1645 1654 1650
f 1650 1654 1655
f 1650 1655 1652
f 1635 1651 1656
f 1635 1656 1636
f 1636 1656 1657
f 1636 1657 1641
f 1651 1653 1658
f 1651 1658 1656
f 1656 1658 1659
f 1656 1659 1657
f 1660 1661 1662
f 1660 1662 1663
f 1663 1662 1664
f 1663 1664 1665
f 1661 1666 1667
f 1661 1667 1662
f 1662 1667 1668
f 1662 1668 1664
f 1660 1663 1669
f 1660 1669 1670
f 1670 1669 1617
f 1670 1617 1616
f 1663 1665 1671
f 1663 1671 1669
f 1669 1671 1618
f 1669 1618 1617
f 1660 1670 1672
f 1660 1672 1673
f 1673 1672 1674
f 1673 1674 1675
f 1670 1616 1632
f 1670 1632 1672
f 1672 1632 1634
f 1672 1634 1674
f 1660 1673 1676
f 1660 1676 1661
f 1661 1676 1677
f 1661 1677 1666
f 1673 1675 1678
f 1673 1678 1676
f 1676 1678 1679
f 1676 1679 1677
f 1680 1681 1682
f 1680 1682 1683
f 1683 1682 1684
f 1683 1684 1685
f 1681 1686 1687
f 1681 1687 1682
f 1682 1687 1688
f 1682 1688 1684
f 1680 1683 1689
f 1680 1689 1690
f 1690 1689 1691
f 1690 1691 1692
f 1683 1685 1693
f 1683 1693 1689
f 1689 1693 1694
f 1689 1694 1691
f 1680 1690 1695
f 1680 1695 1696
f 1696 1695 1697
f 1696 1697 1698
f 1690 1692 1699
f 1690 1699 1695
f 1695 1699 1700
f 1695 1700 1697
f 1680 1696 1701
f 1680 1701 1681
f 1681 1701 1702
f 1681 1702 1686
f 1696 1698 1703
f 1696 1703 1701
f 1701 1703 1704
f 1701 1704 1702
f 1705 1706 1707
f 1705 1707 1708
f 1708 1707 1709
f 1708 1709 1710
f 1706 1711 1712
f 1706 1712 1707
f 1707 1712 1713
f 1707 1713 1709
f 1705 1708 1714
f 1705 1714 1715
f 1715 1714 1687
f 1715 1687 1686
f 1708 1710 1716
f 1708 1716 1714
f 1714 1716 1688
f 1714 1688 1687
f 1705 1715 1717
f 1705 1717 1718
f 1718 1717 1719
f 1718 1719 1720
f 1715 1686 1702
f 1715 1702 1717
f 1717 1702 1704
f 1717 1704 1719
f 1705 1718 1721
f 1705 1721 1706
f 1706 1721 1722
f 1706 1722 1711
f 1718 1720 1723
f 1718 1723 1721
f 1721 1723 1724
f 1721 1724 1722
f 1725 1726 1727
f 1725 1727 1728
f 1728 1727 1729
f 1728 1729 1730
f 1726 1731 1732
f 1726 1732 1727
f 1727 1732 1733
f 1727 1733 1729
f 1725 1728 1734
f 1725 1734 1735
f 1735 1734 1736
f 1735 1736 1737
f 1728 1730 1738
f 1728 1738 1734
f 1734 1738 1739
f 1734 1739 1736
f 1725 1735 1740
f 1725 1740 1741
f 1741 1740 1742
f 1741 1742 1743
f 1735 1737 1744
f 1735 1744 1740
f 1740 1744 1745
f 1740 1745 1742
f 1725 1741 1746
f 1725 1746 1726
f 1726 1746 1747
f 1726 1747 1731
f 1741 1743 1748
f 1741 1748 1746
f 1746 1748 1749
f 1746 1749 1747
f 1750 1751 1752
f 1750 1752 1753
f 1753 1752 1754
f 1753 1754 1755
f 1751 1532 1531
f 1751 1531 1752
f 1752 1531 1534
f 1752 1534 1754
f 1750 1753 1756
f 1750 1756 1757
f 1757 1756 1758
f 1757 1758 1759
f 1753 1755 1760
f 1753 1760 1756
f 1756 1760 1761
f 1756 1761 1758
f 1750 1757 1762
f 1750 1762 1763
f 1763 1762 1764
f 1763 1764 1765
f 1757 1759 1766
f 1757 1766 1762
f 1762 1766 1767
f 1762 1767 1764
f 1750 1763 1768
f 1750 1768 1751
f 1751 1768 1537
f 1751 1537 1532
f 1763 1765 1769
f 1763 1769 1768
f 1768 1769 1459
f 1768 1459 1537
f 1770 1771 1772
f 1770 1772 1773
f 1773 1772 1774
f 1773 1774 1775
f 1771 1776 1777
f 1771 1777 1772
f 1772 1777 1778
f 1772 1778 1774
f 1770 1773 1779
f 1770 1779 1780
f 1780 1779 1732
f 1780 1732 1731
f 1773 1775 1781
f 1773 1781 1779
f 1779 1781 1733
f 1779 1733 1732
f 1770 1780 1782
f 1770 1782 1783
f 1783 1782 1784
f 1783 1784 1785
f 1780 1731 1747
f 1780 1747 1782
f 1782 1747 1749
f 1782 1749 1784
f 1770 1783 1786
f 1770 1786 1771
f 1771 1786 1787
f 1771 1787 1776
f 1783 1785 1788
f 1783 1788 1786
f 1786 1788 1789
f 1786 1789 1787
f 1790 1791 1792
f 1790 1792 1793
f 1793 1792 1794
f 1793 1794 1795
f 1791 1796 1797
f 1791 1797 1792
f 1792 1797 1798
f 1792 1798 1794
f 1790 1793 1799
f 1790 1799 1800
f 1800 1799 1592
f 1800 1592 1591
f 1793 1795 1801
f 1793 1801 1799
f 1799 1801 1593
f 1799 1593 1592
f 1790 1800 1802
f 1790 1802 1803
f 1803 1802 1804
f 1803 1804 1805
f 1800 1591 1607
f 1800 1607 1802
f 1802 1607 1609
f 1802 1609 1804
f 1790 1803 1806
f 1790 1806 1791
f 1791 1806 1807
f 1791 1807 1796
f 1803 1805 1808
f 1803 1808 1806
f 1806 1808 1809
f 1806 1809 1807
f 1810 1811 1812
f 1810 1812 1813
f 1813 1812 1814
f 1813 1814 1815
f 1811 1816 1817
f 1811 1817 1812
f 1812 1817 1818
f 1812 1818 1814
f 1810 1813 1819
f 1810 1819 1820
f 1820 1819 1821
f 1820 1821 1822
f 1813 1815 1823
f 1813 1823 1819
f 1819 1823 1824
f 1819 1824 1821
f 1810 1820 1825
f 1810 1825 1826
f 1826 1825 1827
f 1826 1827 1828
f 1820 1822 1829
f 1820 1829 1825
f 1825 1829 1503
f 1825 1503 1827
f 1810 1826 1830
f 1810 1830 1811
f 1811 1830 1831
f 1811 1831 1816
f 1826 1828 1832
f 1826 1832 1830
f 1830 1832 1833
f 1830 1833 1831
f 1834 1835 1836
f 1834 1836 1837
f 1837 1836 1838
f 1837 1838 1839
f 1835 1822 1821
f 1835 1821 1836
f 1836 1821 1824
f 1836 1824 1838
f 1834 1837 1840
f 1834 1840 1841
f 1841 1840 1842
f 1841 1842 1843
f 1837 1839 1844
f 1837 1844 1840
f 1840 1844 1845
f 1840 1845 1842
f 1834 1841 1846
f 1834 1846 1847
f 1847 1846 1508
f 1847 1508 1500
f 1841 1843 1848
f 1841 1848 1846
f 1846 1848 1509
f 1846 1509 1508
f 1834 1847 1849
f 1834 1849 1835
f 1835 1849 1829
f 1835 1829 1822
f 1847 1500 1499
f 1847 1499 1849
f 1849 1499 1503
f 1849 1503 1829
f 1850 1851 1852
f 1850 1852 1853
f 1853 1852 1854
f 1853 1854 1855
f 1851 1856 1857
f 1851 1857 1852
f 1852 1857 1858
f 1852 1858 1854
f 1850 1853 1859
f 1850 1859 1860
f 1860 1859 1642
f 1860 1642 1641
f 1853 1855 1861
f 1853 1861 1859
f 1859 1861 1643
f 1859 1643 1642
f 1850 1860 1862
f 1850 1862 1863
f 1863 1862 1864
f 1863 1864 1865
f 1860 1641 1657
f 1860 1657 1862
f 1862 1657 1659
f 1862 1659 1864
f 1850 1863 1866
f 1850 1866 1851
f 1851 1866 1867
f 1851 1867 1856
f 1863 1865 1868
f 1863 1868 1866
f 1866 1868 1869
f 1866 1869 1867
f 1870 1871 1872
f 1870 1872 1873
f 1873 1872 1874
f 1873 1874 1875
f 1871 1876 1877
f 1871 1877 1872
f 1872 1877 1878
f 1872 1878 1874
f 1870 1873 1879
f 1870 1879 1880
f 1880 1879 1881
f 1880 1881 1882
f 1873 1875 1883
f 1873 1883 1879
f 1879 1883 1884
f 1879 1884 1881
f 1870 1880 1885
f 1870 1885 1886
f 1886 1885 1887
f 1886 1887 1888
f 1880 1882 1889
f 1880 1889 1885
f 1885 1889 1890
f 1885 1890 1887
f 1870 1886 1891
f 1870 1891 1871
f 1871 1891 1892
f 1871 1892 1876
f 1886 1888 1893
f 1886 1893 1891
f 1891 1893 1469
f 1891 1469 1892
f 1894 1895 1896
f 1894 1896 1897
f 1897 1896 1898
f 1897 1898 1899
f 1895 1900 1901
f 1895 1901 1896
f 1896 1901 1902
f 1896 1902 1898
f 1894 1897 1903
f 1894 1903 1904
f 1904 1903 1905
f 1904 1905 1906
f 1897 1899 1907
f 1897 1907 1903
f 1903 1907 1908
f 1903 1908 1905
f 1894 1904 1909
f 1894 1909 1910
f 1910 1909 1911
f 1910 1911 1912
f 1904 1906 1913
f 1904 1913 1909
f 1909 1913 1914
f 1909 1914 1911
f 1894 1910 1915
f 1894 1915 1895
f 1895 1915 1916
f 1895 1916 1900
f 1910 1912 1917
f 1910 1917 1915
f 1915 1917 1494
f 1915 1494 1916
f 1918 1919 1920
f 1918 1920 1921
f 1921 1920 1922
f 1921 1922 1923
f 1919 1924 1925
f 1919 1925 1920
f 1920 1925 1926
f 1920 1926 1922
f 1918 1921 1927
f 1918 1927 1928
f 1928 1927 1929
f 1928 1929 1930
f 1921 1923 1931
f 1921 1931 1927
f 1927 1931 1932
f 1927 1932 1929
f 1918 1928 1933
f 1918 1933 1934
f 1934 1933 1935
f 1934 1935 1936
f 1928 1930 1937
f 1928 1937 1933
f 1933 1937 1938
f 1933 1938 1935
f 1918 1934 1939
f 1918 1939 1919
f 1919 1939 1940
f 1919 1940 1924
f 1934 1936 1941
f 1934 1941 1939
f 1939 1941 1942
f 1939 1942 1940
f 1943 1944 1945
f 1943 1945 1946
f 1946 1945 1947
f 1946 1947 1948
f 1944 1949 1950
f 1944 1950 1945
f 1945 1950 1951
f 1945 1951 1947
f 1943 1946 1952
f 1943 1952 1953
f 1953 1952 1954
f 1953 1954 1955
f 1946 1948 1956
f 1946 1956 1952
f 1952 1956 1957
f 1952 1957 1954
f 1943 1953 1958
f 1943 1958 1959
f 1959 1958 1960
f 1959 1960 1961
f 1953 1955 1962
f 1953 1962 1958
f 1958 1962 1963
f 1958 1963 1960
f 1943 1959 1964
f 1943 1964 1944
f 1944 1964 1965
f 1944 1965 1949
f 1959 1961 1966
f 1959 1966 1964
f 1964 1966 1967
f 1964 1967 1965
f 1968 1969 1970
f 1968 1970 1971
f 1971 1970 1584
f 1971 1584 1580
f 1969 1972 1973
f 1969 1973 1970
f 1970 1973 1560
f 1970 1560 1584
f 1968 1971 1974
f 1968 1974 1975
f 1975 1974 1976
f 1975 1976 1977
f 1971 1580 1579
f 1971 1579 1974
f 1974 1579 1582
f 1974 1582 1976
f 1968 1975 1978
f 1968 1978 1979
f 1979 1978 1889
f 1979 1889 1882
f 1975 1977 1980
f 1975 1980 1978
f 1978 1980 1890
f 1978 1890 1889
f 1968 1979 1981
f 1968 1981 1969
f 1969 1981 1982
f 1969 1982 1972
f 1979 1882 1881
f 1979 1881 1981
f 1981 1881 1884
f 1981 1884 1982
f 1983 1984 1985
f 1983 1985 1986
f 1986 1985 1987
f 1986 1987 1988
f 1984 1989 1990
f 1984 1990 1985
f 1985 1990 1991
f 1985 1991 1987
f 1983 1986 1992
f 1983 1992 1993
f 1993 1992 1658
f 1993 1658 1653
f 1986 1988 1994
f 1986 1994 1992
f 1992 1994 1659
f 1992 1659 1658
f 1983 1993 1995
f 1983 1995 1996
f 1996 1995 1997
f 1996 1997 1998
f 1993 1653 1652
f 1993 1652 1995
f 1995 1652 1655
f 1995 1655 1997
f 1983 1996 1999
f 1983 1999 1984
f 1984 1999 2000
f 1984 2000 1989
f 1996 1998 2001
f 1996 2001 1999
f 1999 2001 2002
f 1999 2002 2000
f 2003 2004 2005
f 2003 2005 2006
f 2006 2005 2007
f 2006 2007 2008
f 2004 2009 2010
f 2004 2010 2005
f 2005 2010 2011
f 2005 2011 2007
f 2003 2006 2012
f 2003 2012 2013
f 2013 2012 2014
f 2013 2014 2015
f 2006 2008 2016
f 2006 2016 2012
f 2012 2016 2017
f 2012 2017 2014
f 2003 2013 2018
f 2003 2018 2019
f 2019 2018 2020
f 2019 2020 2021
f 2013 2015 2022
f 2013 2022 2018
f 2018 2022 2023
f 2018 2023 2020
f 2003 2019 2024
f 2003 2024 2004
f 2004 2024 2025
f 2004 2025 2009
f 2019 2021 2026
f 2019 2026 2024
f 2024 2026 2027
f 2024 2027 2025
f 2028 2029 2030
f 2028 2030 2031
f 2031 2030 2032
f 2031 2032 2033
f 2029 2034 2035
f 2029 2035 2030
f 2030 2035 2036
f 2030 2036 2032
f 2028 2031 2037
f 2028 2037 2038
f 2038 2037 2001
f 2038 2001 1998
f 2031 2033 2039
f 2031 2039 2037
f 2037 2039 2002
f 2037 2002 2001
f 2028 2038 2040
f 2028 2040 2041
f 2041 2040 2042
f 2041 2042 2043
f 2038 1998 1997
f 2038 1997 2040
f 2040 1997 1655
f 2040 1655 2042
f 2028 2041 2044
f 2028 2044 2029
f 2029 2044 2045
f 2029 2045 2034
f 2041 2043 2046
f 2041 2046 2044
f 2044 2046 2047
f 2044 2047 2045
f 2048 2049 2050
f 2048 2050 2051
f 2051 2050 2052
f 2051 2052 2053
f 2049 2054 2055
f 2049 2055 2050
f 2050 2055 2056
f 2050 2056 2052
f 2048 2051 2057
f 2048 2057 2058
f 2058 2057 2010
f 2058 2010 2009
f 2051 2053 2059
f 2051 2059 2057
f 2057 2059 2011
f 2057 2011 2010
f 2048 2058 2060
f 2048 2060 2061
f 2061 2060 2062
f 2061 2062 2063
f 2058 2009 2025
f 2058 2025 2060
f 2060 2025 2027
f 2060 2027 2062
f 2048 2061 2064
f 2048 2064 2049
f 2049 2064 2065
f 2049 2065 2054
f 2061 2063 2066
f 2061 2066 2064
f 2064 2066 1942
f 2064 1942 2065
f 2067 2068 2069
f 2067 2069 2070
f 2070 2069 1703
f 2070 1703 1698
f 2068 2071 2072
f 2068 2072 2069
f 2069 2072 1704
f 2069 1704 1703
f 2067 2070 2073
f 2067 2073 2074
f 2074 2073 2075
f 2074 2075 2076
f 2070 1698 1697
f 2070 1697 2073
f 2073 1697 1700
f 2073 1700 2075
f 2067 2074 2077
f 2067 2077 2078
f 2078 2077 1962
f 2078 1962 1955
f 2074 2076 2079
f 2074 2079 2077
f 2077 2079 1963
f 2077 1963 1962
f 2067 2078 2080
f 2067 2080 2068
f 2068 2080 2081
f 2068 2081 2071
f 2078 1955 1954
f 2078 1954 2080
f 2080 1954 1957
f 2080 1957 2081
f 2082 2083 2084
f 2082 2084 2085
f 2085 2084 2086
f 2085 2086 2087
f 2083 2088 2089
f 2083 2089 2084
f 2084 2089 2090
f 2084 2090 2086
f 2082 2085 2091
f 2082 2091 2092
f 2092 2091 2093
f 2092 2093 2094
f 2085 2087 2095
f 2085 2095 2091
f 2091 2095 2096
f 2091 2096 2093
f 2082 2092 2097
f 2082 2097 2098
f 2098 2097 1913
f 2098 1913 1906
f 2092 2094 2099
f 2092 2099 2097
f 2097 2099 1914
f 2097 1914 1913
f 2082 2098 2100
f 2082 2100 2083
f 2083 2100 2101
f 2083 2101 2088
f 2098 1906 1905
f 2098 1905 2100
f 2100 1905 1908
f 2100 1908 2101
f 2102 2103 2104
f 2102 2104 2105
f 2105 2104 1769
f 2105 1769 1765
f 2103 1457 1456
f 2103 1456 2104
f 2104 1456 1459
f 2104 1459 1769
f 2102 2105 2106
f 2102 2106 2107
f 2107 2106 2108
f 2107 2108 2109
f 2105 1765 1764
f 2105 1764 2106
f 2106 1764 1767
f 2106 1767 2108
f 2102 2107 2110
f 2102 2110 2111
f 2111 2110 2112
f 2111 2112 2113
f 2107 2109 2114
f 2107 2114 2110
f 2110 2114 2115
f 2110 2115 2112
f 2102 2111 2116
f 2102 2116 2103
f 2103 2116 1464
f 2103 1464 1457
f 2111 2113 2117
f 2111 2117 2116
f 2116 2117 1465
f 2116 1465 1464
f 2118 2119 2120
f 2118 2120 2121
f 2121 2120 2122
f 2121 2122 2123
f 2119 2124 2125
f 2119 2125 2120
f 2120 2125 2126
f 2120 2126 2122
f 2118 2121 2127
f 2118 2127 2128
f 2128 2127 2089
f 2128 2089 2088
f 2121 2123 2129
f 2121 2129 2127
f 2127 2129 2090
f 2127 2090 2089
f 2118 2128 2130
f 2118 2130 2131
f 2131 2130 1907
f 2131 1907 1899
f 2128 2088 2101
f 2128 2101 2130
f 2130 2101 1908
f 2130 1908 1907
f 2118 2131 2132
f 2118 2132 2119
f 2119 2132 2133
f 2119 2133 2124
f 2131 1899 1898
f 2131 1898 2132
f 2132 1898 1902
f 2132 1902 2133
f 2134 2135 2136
f 2134 2136 2137
f 2137 2136 2138
f 2137 2138 2139
f 2135 2140 2141
f 2135 2141 2136
f 2136 2141 2142
f 2136 2142 2138
f 2134 2137 2143
f 2134 2143 2144
f 2144 2143 2145
f 2144 2145 2146
f 2137 2139 2147
f 2137 2147 2143
f 2143 2147 2148
f 2143 2148 2145
f 2134 2144 2149
f 2134 2149 2150
f 2150 2149 1931
f 2150 1931 1923
f 2144 2146 2151
f 2144 2151 2149
f 2149 2151 1932
f 2149 1932 1931
f 2134 2150 2152
f 2134 2152 2135
f 2135 2152 2153
f 2135 2153 2140
f 2150 1923 1922
f 2150 1922 2152
f 2152 1922 1926
f 2152 1926 2153
f 2154 2155 2156
f 2154 2156 2157
f 2157 2156 1832
f 2157 1832 1828
f 2155 2158 2159
f 2155 2159 2156
f 2156 2159 1833
f 2156 1833 1832
f 2154 2157 2160
f 2154 2160 2161
f 2161 2160 1502
f 2161 1502 1501
f 2157 1828 1827
f 2157 1827 2160
f 2160 1827 1503
f 2160 1503 1502
f 2154 2161 2162
f 2154 2162 2163
f 2163 2162 2164
f 2163 2164 2165
f 2161 1501 1517
f 2161 1517 2162
f 2162 1517 1519
f 2162 1519 2164
f 2154 2163 2166
f 2154 2166 2155
f 2155 2166 2167
f 2155 2167 2158
f 2163 2165 2168
f 2163 2168 2166
f 2166 2168 1967
f 2166 1967 2167
f 2169 2170 2171
f 2169 2171 2172
f 2172 2171 2173
f 2172 2173 2174
f 2170 2175 2176
f 2170 2176 2171
f 2171 2176 2177
f 2171 2177 2173
f 2169 2172 2178
f 2169 2178 2179
f 2179 2178 2180
f 2179 2180 2181
f 2172 2174 2182
f 2172 2182 2178
f 2178 2182 2183
f 2178 2183 2180
f 2169 2179 2184
f 2169 2184 2185
f 2185 2184 2186
f 2185 2186 2187
f 2179 2181 2188
f 2179 2188 2184
f 2184 2188 1605
f 2184 1605 2186
f 2169 2185 2189
f 2169 2189 2170
f 2170 2189 2190
f 2170 2190 2175
f 2185 2187 2191
f 2185 2191 2189
f 2189 2191 2192
f 2189 2192 2190
f 2193 2194 2195
f 2193 2195 2196
f 2196 2195 2197
f 2196 2197 2198
f 2194 2199 2200
f 2194 2200 2195
f 2195 2200 2201
f 2195 2201 2197
f 2193 2196 2202
f 2193 2202 2203
f 2203 2202 1994
f 2203 1994 1988
f 2196 2198 2204
f 2196 2204 2202
f 2202 2204 1659
f 2202 1659 1994
f 2193 2203 2205
f 2193 2205 2206
f 2206 2205 2207
f 2206 2207 2208
f 2203 1988 1987
f 2203 1987 2205
f 2205 1987 1991
f 2205 1991 2207
f 2193 2206 2209
f 2193 2209 2194
f 2194 2209 2210
f 2194 2210 2199
f 2206 2208 2211
f 2206 2211 2209
f 2209 2211 2212
f 2209 2212 2210
f 2213 2214 2215
f 2213 2215 2216
f 2216 2215 2211
f 2216 2211 2208
f 2214 2217 2218
f 2214 2218 2215
f 2215 2218 2212
f 2215 2212 2211
f 2213 2216 2219
f 2213 2219 2220
f 2220 2219 2221
f 2220 2221 2222
f 2216 2208 2207
f 2216 2207 2219
f 2219 2207 1991
f 2219 1991 2221
f 2213 2220 2223
f 2213 2223 2224
f 2224 2223 2225
f 2224 2225 2226
f 2220 2222 2227
f 2220 2227 2223
f 2223 2227 2228
f 2223 2228 2225
f 2213 2224 2229
f 2213 2229 2214
f 2214 2229 2230
f 2214 2230 2217
f 2224 2226 2231
f 2224 2231 2229
f 2229 2231 2232
f 2229 2232 2230
f 2233 2234 2235
f 2233 2235 2236
f 2236 2235 2231
f 2236 2231 2226
f 2234 2237 2238
f 2234 2238 2235
f 2235 2238 2232
f 2235 2232 2231
f 2233 2236 2239
f 2233 2239 2240
f 2240 2239 2241
f 2240 2241 2242
f 2236 2226 2225
f 2236 2225 2239
f 2239 2225 2228
f 2239 2228 2241
f 2233 2240 2243
f 2233 2243 2244
f 2244 2243 2182
f 2244 2182 2174
f 2240 2242 2245
f 2240 2245 2243
f 2243 2245 2183
f 2243 2183 2182
f 2233 2244 2246
f 2233 2246 2234
f 2234 2246 2247
f 2234 2247 2237
f 2244 2174 2173
f 2244 2173 2246
f 2246 2173 2177
f 2246 2177 2247
f 2248 2249 2250
f 2248 2250 2251
f 2251 2250 2252
f 2251 2252 2253
f 2249 2254 2255
f 2249 2255 2250
f 2250 2255 2256
f 2250 2256 2252
f 2248 2251 2257
f 2248 2257 2258
f 2258 2257 2259
f 2258 2259 2260
f 2251 2253 2261
f 2251 2261 2257
f 2257 2261 1609
f 2257 1609 2259
f 2248 2258 2262
f 2248 2262 2263
f 2263 2262 2264
f 2263 2264 2265
f 2258 2260 2266
f 2258 2266 2262
f 2262 2266 2267
f 2262 2267 2264
f 2248 2263 2268
f 2248 2268 2249
f 2249 2268 2269
f 2249 2269 2254
f 2263 2265 2270
f 2263 2270 2268
f 2268 2270 2271
f 2268 2271 2269
f 2272 2273 2274
f 2272 2274 2275
f 2275 2274 2270
f 2275 2270 2265
f 2273 2276 2277
f 2273 2277 2274
f 2274 2277 2271
f 2274 2271 2270
f 2272 2275 2278
f 2272 2278 2279
f 2279 2278 2280
f 2279 2280 2281
f 2275 2265 2264
f 2275 2264 2278
f 2278 2264 2267
f 2278 2267 2280
f 2272 2279 2282
f 2272 2282 2283
f 2283 2282 2284
f 2283 2284 2285
f 2279 2281 2286
f 2279 2286 2282
f 2282 2286 2287
f 2282 2287 2284
f 2272 2283 2288
f 2272 2288 2273
f 2273 2288 2289
f 2273 2289 2276
f 2283 2285 2290
f 2283 2290 2288
f 2288 2290 2291
f 2288 2291 2289
f 2292 2293 2294
f 2292 2294 2295
f 2295 2294 2290
f 2295 2290 2285
f 2293 2296 2297
f 2293 2297 2294
f 2294 2297 2291
f 2294 2291 2290
f 2292 2295 2298
f 2292 2298 2299
f 2299 2298 2300
f 2299 2300 2301
f 2295 2285 2284
f 2295 2284 2298
f 2298 2284 2287
f 2298 2287 2300
f 2292 2299 2302
f 2292 2302 2303
f 2303 2302 2039
f 2303 2039 2033
f 2299 2301 2304
f 2299 2304 2302
f 2302 2304 2002
f 2302 2002 2039
f 2292 2303 2305
f 2292 2305 2293
f 2293 2305 2306
f 2293 2306 2296
f 2303 2033 2032
f 2303 2032 2305
f 2305 2032 2036
f 2305 2036 2306
f 2307 2308 2309
f 2307 2309 2310
f 2310 2309 2188
f 2310 2188 2181
f 2308 1603 1602
f 2308 1602 2309
f 2309 1602 1605
f 2309 1605 2188
f 2307 2310 2311
f 2307 2311 2312
f 2312 2311 2313
f 2312 2313 2314
f 2310 2181 2180
f 2310 2180 2311
f 2311 2180 2183
f 2311 2183 2313
f 2307 2312 2315
f 2307 2315 2316
f 2316 2315 2266
f 2316 2266 2260
f 2312 2314 2317
f 2312 2317 2315
f 2315 2317 2267
f 2315 2267 2266
f 2307 2316 2318
f 2307 2318 2308
f 2308 2318 1608
f 2308 1608 1603
f 2316 2260 2259
f 2316 2259 2318
f 2318 2259 1609
f 2318 1609 1608
f 2319 2320 2321
f 2319 2321 2322
f 2322 2321 2245
f 2322 2245 2242
f 2320 2314 2313
f 2320 2313 2321
f 2321 2313 2183
f 2321 2183 2245
f 2319 2322 2323
f 2319 2323 2324
f 2324 2323 2325
f 2324 2325 2326
f 2322 2242 2241
f 2322 2241 2323
f 2323 2241 2228
f 2323 2228 2325
f 2319 2324 2327
f 2319 2327 2328
f 2328 2327 2286
f 2328 2286 2281
f 2324 2326 2329
f 2324 2329 2327
f 2327 2329 2287
f 2327 2287 2286
f 2319 2328 2330
f 2319 2330 2320
f 2320 2330 2317
f 2320 2317 2314
f 2328 2281 2280
f 2328 2280 2330
f 2330 2280 2267
f 2330 2267 2317
f 2331 2332 2333
f 2331 2333 2334
f 2334 2333 2227
f 2334 2227 2222
f 2332 2326 2325
f 2332 2325 2333
f 2333 2325 2228
f 2333 2228 2227
f 2331 2334 2335
f 2331 2335 2336
f 2336 2335 1990
f 2336 1990 1989
f 2334 2222 2221
f 2334 2221 2335
f 2335 2221 1991
f 2335 1991 1990
f 2331 2336 2337
f 2331 2337 2338
f 2338 2337 2304
f 2338 2304 2301
f 2336 1989 2000
f 2336 2000 2337
f 2337 2000 2002
f 2337 2002 2304
f 2331 2338 2339
f 2331 2339 2332
f 2332 2339 2329
f 2332 2329 2326
f 2338 2301 2300
f 2338 2300 2339
f 2339 2300 2287
f 2339 2287 2329
f 2340 2341 2342
f 2340 2342 2343
f 2343 2342 2344
f 2343 2344 2345
f 2341 1930 1929
f 2341 1929 2342
f 2342 1929 1932
f 2342 1932 2344
f 2340 2343 2346
f 2340 2346 2347
f 2347 2346 2348
f 2347 2348 2349
f 2343 2345 2350
f 2343 2350 2346
f 2346 2350 2351
f 2346 2351 2348
f 2340 2347 2352
f 2340 2352 2353
f 2353 2352 2354
f 2353 2354 2355
f 2347 2349 2356
f 2347 2356 2352
f 2352 2356 2357
f 2352 2357 2354
f 2340 2353 2358
f 2340 2358 2341
f 2341 2358 1937
f 2341 1937 1930
f 2353 2355 2359
f 2353 2359 2358
f 2358 2359 1938
f 2358 1938 1937
f 2360 2361 2362
f 2360 2362 2363
f 2363 2362 2364
f 2363 2364 2365
f 2361 2349 2348
f 2361 2348 2362
f 2362 2348 2351
f 2362 2351 2364
f 2360 2363 2366
f 2360 2366 2367
f 2367 2366 2368
f 2367 2368 2369
f 2363 2365 2370
f 2363 2370 2366
f 2366 2370 2371
f 2366 2371 2368
f 2360 2367 2372
f 2360 2372 2373
f 2373 2372 2374
f 2373 2374 2375
f 2367 2369 2376
f 2367 2376 2372
f 2372 2376 2377
f 2372 2377 2374
f 2360 2373 2378
f 2360 2378 2361
f 2361 2378 2356
f 2361 2356 2349
f 2373 2375 2379
f 2373 2379 2378
f 2378 2379 2357
f 2378 2357 2356
f 2380 2381 2382
f 2380 2382 2383
f 2383 2382 2384
f 2383 2384 2385
f 2381 2369 2368
f 2381 2368 2382
f 2382 2368 2371
f 2382 2371 2384
f 2380 2383 2386
f 2380 2386 2387
f 2387 2386 2388
f 2387 2388 2389
f 2383 2385 2390
f 2383 2390 2386
f 2386 2390 2391
f 2386 2391 2388
f 2380 2387 2392
f 2380 2392 2393
f 2393 2392 2394
f 2393 2394 2395
f 2387 2389 2396
f 2387 2396 2392
f 2392 2396 2397
f 2392 2397 2394
f 2380 2393 2398
f 2380 2398 2381
f 2381 2398 2376
f 2381 2376 2369
f 2393 2395 2399
f 2393 2399 2398
f 2398 2399 2377
f 2398 2377 2376
f 2400 2401 2402
f 2400 2402 2403
f 2403 2402 2404
f 2403 2404 2405
f 2401 2406 2407
f 2401 2407 2402
f 2402 2407 1490
f 2402 1490 2404
f 2400 2403 2408
f 2400 2408 2409
f 2409 2408 2396
f 2409 2396 2389
f 2403 2405 2410
f 2403 2410 2408
f 2408 2410 2397
f 2408 2397 2396
f 2400 2409 2411
f 2400 2411 2412
f 2412 2411 2413
f 2412 2413 2414
f 2409 2389 2388
f 2409 2388 2411
f 2411 2388 2391
f 2411 2391 2413
f 2400 2412 2415
f 2400 2415 2401
f 2401 2415 2416
f 2401 2416 2406
f 2412 2414 2417
f 2412 2417 2415
f 2415 2417 2418
f 2415 2418 2416
f 2419 2420 2421
f 2419 2421 2422
f 2422 2421 2423
f 2422 2423 2424
f 2420 2425 2426
f 2420 2426 2421
f 2421 2426 2427
f 2421 2427 2423
f 2419 2422 2428
f 2419 2428 2429
f 2429 2428 2297
f 2429 2297 2296
f 2422 2424 2430
f 2422 2430 2428
f 2428 2430 2291
f 2428 2291 2297
f 2419 2429 2431
f 2419 2431 2432
f 2432 2431 2433
f 2432 2433 2434
f 2429 2296 2306
f 2429 2306 2431
f 2431 2306 2036
f 2431 2036 2433
f 2419 2432 2435
f 2419 2435 2420
f 2420 2435 2436
f 2420 2436 2425
f 2432 2434 2437
f 2432 2437 2435
f 2435 2437 2438
f 2435 2438 2436
f 2439 2440 2441
f 2439 2441 2442
f 2442 2441 2443
f 2442 2443 2444
f 2440 2445 2446
f 2440 2446 2441
f 2441 2446 2447
f 2441 2447 2443
f 2439 2442 2448
f 2439 2448 2449
f 2449 2448 2277
f 2449 2277 2276
f 2442 2444 2450
f 2442 2450 2448
f 2448 2450 2271
f 2448 2271 2277
f 2439 2449 2451
f 2439 2451 2452
f 2452 2451 2430
f 2452 2430 2424
f 2449 2276 2289
f 2449 2289 2451
f 2451 2289 2291
f 2451 2291 2430
f 2439 2452 2453
f 2439 2453 2440
f 2440 2453 2454
f 2440 2454 2445
f 2452 2424 2423
f 2452 2423 2453
f 2453 2423 2427
f 2453 2427 2454
f 2455 2456 2457
f 2455 2457 2458
f 2458 2457 2459
f 2458 2459 2460
f 2456 2461 2462
f 2456 2462 2457
f 2457 2462 2463
f 2457 2463 2459
f 2455 2458 2464
f 2455 2464 2465
f 2465 2464 2255
f 2465 2255 2254
f 2458 2460 2466
f 2458 2466 2464
f 2464 2466 2256
f 2464 2256 2255
f 2455 2465 2467
f 2455 2467 2468
f 2468 2467 2450
f 2468 2450 2444
f 2465 2254 2269
f 2465 2269 2467
f 2467 2269 2271
f 2467 2271 2450
f 2455 2468 2469
f 2455 2469 2456
f 2456 2469 2470
f 2456 2470 2461
f 2468 2444 2443
f 2468 2443 2469
f 2469 2443 2447
f 2469 2447 2470
f 2471 2472 2473
f 2471 2473 2474
f 2474 2473 2475
f 2474 2475 2476
f 2472 2477 2478
f 2472 2478 2473
f 2473 2478 2479
f 2473 2479 2475
f 2471 2474 2480
f 2471 2480 2481
f 2481 2480 2238
f 2481 2238 2237
f 2474 2476 2482
f 2474 2482 2480
f 2480 2482 2232
f 2480 2232 2238
f 2471 2481 2483
f 2471 2483 2484
f 2484 2483 2485
f 2484 2485 2486
f 2481 2237 2247
f 2481 2247 2483
f 2483 2247 2177
f 2483 2177 2485
f 2471 2484 2487
f 2471 2487 2472
f 2472 2487 2488
f 2472 2488 2477
f 2484 2486 2489
f 2484 2489 2487
f 2487 2489 2490
f 2487 2490 2488
f 2491 2492 2493
f 2491 2493 2494
f 2494 2493 2495
f 2494 2495 2496
f 2492 2497 2498
f 2492 2498 2493
f 2493 2498 2499
f 2493 2499 2495
f 2491 2494 2500
f 2491 2500 2501
f 2501 2500 2218
f 2501 2218 2217
f 2494 2496 2502
f 2494 2502 2500
f 2500 2502 2212
f 2500 2212 2218
f 2491 2501 2503
f 2491 2503 2504
f 2504 2503 2482
f 2504 2482 2476
f 2501 2217 2230
f 2501 2230 2503
f 2503 2230 2232
f 2503 2232 2482
f 2491 2504 2505
f 2491 2505 2492
f 2492 2505 2506
f 2492 2506 2497
f 2504 2476 2475
f 2504 2475 2505
f 2505 2475 2479
f 2505 2479 2506
f 2507 2508 2509
f 2507 2509 2510
f 2510 2509 2489
f 2510 2489 2486
f 2508 2511 2512
f 2508 2512 2509
f 2509 2512 2490
f 2509 2490 2489
f 2507 2510 2513
f 2507 2513 2514
f 2514 2513 2176
f 2514 2176 2175
f 2510 2486 2485
f 2510 2485 2513
f 2513 2485 2177
f 2513 2177 2176
f 2507 2514 2515
f 2507 2515 2516
f 2516 2515 2517
f 2516 2517 2518
f 2514 2175 2190
f 2514 2190 2515
f 2515 2190 2192
f 2515 2192 2517
f 2507 2516 2519
f 2507 2519 2508
f 2508 2519 2520
f 2508 2520 2511
f 2516 2518 2521
f 2516 2521 2519
f 2519 2521 2522
f 2519 2522 2520
f 2523 2524 2525
f 2523 2525 2526
f 2526 2525 1808
f 2526 1808 1805
f 2524 2527 2528
f 2524 2528 2525
f 2525 2528 1809
f 2525 1809 1808
f 2523 2526 2529
f 2523 2529 2530
f 2530 2529 2261
f 2530 2261 2253
f 2526 1805 1804
f 2526 1804 2529
f 2529 1804 1609
f 2529 1609 2261
f 2523 2530 2531
f 2523 2531 2532
f 2532 2531 2533
f 2532 2533 2534
f 2530 2253 2252
f 2530 2252 2531
f 2531 2252 2256
f 2531 2256 2533
f 2523 2532 2535
f 2523 2535 2524
f 2524 2535 2536
f 2524 2536 2527
f 2532 2534 2537
f 2532 2537 2535
f 2535 2537 2538
f 2535 2538 2536
f 2539 2540 2541
f 2539 2541 2542
f 2542 2541 1788
f 2542 1788 1785
f 2540 2543 2544
f 2540 2544 2541
f 2541 2544 1789
f 2541 1789 1788
f 2539 2542 2545
f 2539 2545 2546
f 2546 2545 2547
f 2546 2547 2548
f 2542 1785 1784
f 2542 1784 2545
f 2545 1784 1749
f 2545 1749 2547
f 2539 2546 2549
f 2539 2549 2550
f 2550 2549 2551
f 2550 2551 2552
f 2546 2548 2553
f 2546 2553 2549
f 2549 2553 2554
f 2549 2554 2551
f 2539 2550 2555
f 2539 2555 2540
f 2540 2555 2556
f 2540 2556 2543
f 2550 2552 2557
f 2550 2557 2555
f 2555 2557 2558
f 2555 2558 2556
f 2559 2560 2561
f 2559 2561 2562
f 2562 2561 1748
f 2562 1748 1743
f 2560 2548 2547
f 2560 2547 2561
f 2561 2547 1749
f 2561 1749 1748
f 2559 2562 2563
f 2559 2563 2564
f 2564 2563 2565
f 2564 2565 2566
f 2562 1743 1742
f 2562 1742 2563
f 2563 1742 1745
f 2563 1745 2565
f 2559 2564 2567
f 2559 2567 2568
f 2568 2567 2569
f 2568 2569 2570
f 2564 2566 2571
f 2564 2571 2567
f 2567 2571 2572
f 2567 2572 2569
f 2559 2568 2573
f 2559 2573 2560
f 2560 2573 2553
f 2560 2553 2548
f 2568 2570 2574
f 2568 2574 2573
f 2573 2574 2554
f 2573 2554 2553
f 2575 2576 2577
f 2575 2577 2578
f 2578 2577 1633
f 2578 1633 1628
f 2576 2579 2580
f 2576 2580 2577
f 2577 2580 1634
f 2577 1634 1633
f 2575 2578 2581
f 2575 2581 2582
f 2582 2581 2583
f 2582 2583 2584
f 2578 1628 1627
f 2578 1627 2581
f 2581 1627 1630
f 2581 1630 2583
f 2575 2582 2585
f 2575 2585 2586
f 2586 2585 2587
f 2586 2587 2588
f 2582 2584 2589
f 2582 2589 2585
f 2585 2589 2590
f 2585 2590 2587
f 2575 2586 2591
f 2575 2591 2576
f 2576 2591 2592
f 2576 2592 2579
f 2586 2588 2593
f 2586 2593 2591
f 2591 2593 2594
f 2591 2594 2592
f 2595 2596 2597
f 2595 2597 2598
f 2598 2597 2599
f 2598 2599 2600
f 2596 2601 2602
f 2596 2602 2597
f 2597 2602 2603
f 2597 2603 2599
f 2595 2598 2604
f 2595 2604 2605
f 2605 2604 1563
f 2605 1563 1558
f 2598 2600 2606
f 2598 2606 2604
f 2604 2606 1564
f 2604 1564 1563
f 2595 2605 2607
f 2595 2607 2608
f 2608 2607 2609
f 2608 2609 2610
f 2605 1558 1557
f 2605 1557 2607
f 2607 1557 1560
f 2607 1560 2609
f 2595 2608 2611
f 2595 2611 2596
f 2596 2611 2612
f 2596 2612 2601
f 2608 2610 2613
f 2608 2613 2611
f 2611 2613 2614
f 2611 2614 2612
f 2615 2616 2617
f 2615 2617 2618
f 2618 2617 2619
f 2618 2619 2620
f 2616 2621 2622
f 2616 2622 2617
f 2617 2622 2623
f 2617 2623 2619
f 2615 2618 2624
f 2615 2624 2625
f 2625 2624 2613
f 2625 2613 2610
f 2618 2620 2626
f 2618 2626 2624
f 2624 2626 2614
f 2624 2614 2613
f 2615 2625 2627
f 2615 2627 2628
f 2628 2627 1973
f 2628 1973 1972
f 2625 2610 2609
f 2625 2609 2627
f 2627 2609 1560
f 2627 1560 1973
f 2615 2628 2629
f 2615 2629 2616
f 2616 2629 2630
f 2616 2630 2621
f 2628 1972 1982
f 2628 1982 2629
f 2629 1982 1884
f 2629 1884 2630
f 2631 2632 2633
f 2631 2633 2634
f 2634 2633 2635
f 2634 2635 2636
f 2632 2637 2638
f 2632 2638 2633
f 2633 2638 2639
f 2633 2639 2635
f 2631 2634 2640
f 2631 2640 2641
f 2641 2640 2642
f 2641 2642 2643
f 2634 2636 2644
f 2634 2644 2640
f 2640 2644 2645
f 2640 2645 2642
f 2631 2641 2646
f 2631 2646 2647
f 2647 2646 2204
f 2647 2204 2198
f 2641 2643 2648
f 2641 2648 2646
f 2646 2648 1659
f 2646 1659 2204
f 2631 2647 2649
f 2631 2649 2632
f 2632 2649 2650
f 2632 2650 2637
f 2647 2198 2197
f 2647 2197 2649
f 2649 2197 2201
f 2649 2201 2650
f 2651 2652 2653
f 2651 2653 2654
f 2654 2653 2655
f 2654 2655 2656
f 2652 2657 2658
f 2652 2658 2653
f 2653 2658 2659
f 2653 2659 2655
f 2651 2654 2660
f 2651 2660 2661
f 2661 2660 2638
f 2661 2638 2637
f 2654 2656 2662
f 2654 2662 2660
f 2660 2662 2639
f 2660 2639 2638
f 2651 2661 2663
f 2651 2663 2664
f 2664 2663 2665
f 2664 2665 2666
f 2661 2637 2650
f 2661 2650 2663
f 2663 2650 2201
f 2663 2201 2665
f 2651 2664 2667
f 2651 2667 2652
f 2652 2667 2668
f 2652 2668 2657
f 2664 2666 2669
f 2664 2669 2667
f 2667 2669 2670
f 2667 2670 2668
f 2671 2672 2673
f 2671 2673 2674
f 2674 2673 2675
f 2674 2675 2676
f 2672 2677 2678
f 2672 2678 2673
f 2673 2678 2679
f 2673 2679 2675
f 2671 2674 2680
f 2671 2680 2681
f 2681 2680 1723
f 2681 1723 1720
f 2674 2676 2682
f 2674 2682 2680
f 2680 2682 1724
f 2680 1724 1723
f 2671 2681 2683
f 2671 2683 2684
f 2684 2683 2685
f 2684 2685 2686
f 2681 1720 1719
f 2681 1719 2683
f 2683 1719 1704
f 2683 1704 2685
f 2671 2684 2687
f 2671 2687 2672
f 2672 2687 2688
f 2672 2688 2677
f 2684 2686 2689
f 2684 2689 2687
f 2687 2689 2690
f 2687 2690 2688
f 2691 2692 2693
f 2691 2693 2694
f 2694 2693 2695
f 2694 2695 2696
f 2692 2697 2698
f 2692 2698 2693
f 2693 2698 2699
f 2693 2699 2695
f 2691 2694 2700
f 2691 2700 2701
f 2701 2700 2580
f 2701 2580 2579
f 2694 2696 2702
f 2694 2702 2700
f 2700 2702 1634
f 2700 1634 2580
f 2691 2701 2703
f 2691 2703 2704
f 2704 2703 2705
f 2704 2705 2706
f 2701 2579 2592
f 2701 2592 2703
f 2703 2592 2594
f 2703 2594 2705
f 2691 2704 2707
f 2691 2707 2692
f 2692 2707 2708
f 2692 2708 2697
f 2704 2706 2709
f 2704 2709 2707
f 2707 2709 2710
f 2707 2710 2708
f 2711 2712 2713
f 2711 2713 2714
f 2714 2713 2715
f 2714 2715 2716
f 2712 2717 2718
f 2712 2718 2713
f 2713 2718 2719
f 2713 2719 2715
f 2711 2714 2720
f 2711 2720 2721
f 2721 2720 2191
f 2721 2191 2187
f 2714 2716 2722
f 2714 2722 2720
f 2720 2722 2192
f 2720 2192 2191
f 2711 2721 2723
f 2711 2723 2724
f 2724 2723 2725
f 2724 2725 2726
f 2721 2187 2186
f 2721 2186 2723
f 2723 2186 1605
f 2723 1605 2725
f 2711 2724 2727
f 2711 2727 2712
f 2712 2727 2728
f 2712 2728 2717
f 2724 2726 2729
f 2724 2729 2727
f 2727 2729 2730
f 2727 2730 2728
f 2731 2732 2733
f 2731 2733 2734
f 2734 2733 2735
f 2734 2735 2736
f 2732 2737 2738
f 2732 2738 2733
f 2733 2738 2739
f 2733 2739 2735
f 2731 2734 2740
f 2731 2740 2741
f 2741 2740 2709
f 2741 2709 2706
f 2734 2736 2742
f 2734 2742 2740
f 2740 2742 2710
f 2740 2710 2709
f 2731 2741 2743
f 2731 2743 2744
f 2744 2743 2745
f 2744 2745 2746
f 2741 2706 2705
f 2741 2705 2743
f 2743 2705 2594
f 2743 2594 2745
f 2731 2744 2747
f 2731 2747 2732
f 2732 2747 2748
f 2732 2748 2737
f 2744 2746 2749
f 2744 2749 2747
f 2747 2749 2750
f 2747 2750 2748
f 2751 2752 2753
f 2751 2753 2754
f 2754 2753 2755
f 2754 2755 2756
f 2752 2757 2758
f 2752 2758 2753
f 2753 2758 1951
f 2753 1951 2755
f 2751 2754 2759
f 2751 2759 2760
f 2760 2759 2761
f 2760 2761 2762
f 2754 2756 2763
f 2754 2763 2759
f 2759 2763 1515
f 2759 1515 2761
f 2751 2760 2764
f 2751 2764 2765
f 2765 2764 2766
f 2765 2766 2767
f 2760 2762 2768
f 2760 2768 2764
f 2764 2768 2769
f 2764 2769 2766
f 2751 2765 2770
f 2751 2770 2752
f 2752 2770 2771
f 2752 2771 2757
f 2765 2767 2772
f 2765 2772 2770
f 2770 2772 2773
f 2770 2773 2771
f 2774 2775 2776
f 2774 2776 2777
f 2777 2776 2772
f 2777 2772 2767
f 2775 2778 2779
f 2775 2779 2776
f 2776 2779 2773
f 2776 2773 2772
f 2774 2777 2780
f 2774 2780 2781
f 2781 2780 2782
f 2781 2782 2783
f 2777 2767 2766
f 2777 2766 2780
f 2780 2766 2769
f 2780 2769 2782
f 2774 2781 2784
f 2774 2784 2785
f 2785 2784 2742
f 2785 2742 2736
f 2781 2783 2786
f 2781 2786 2784
f 2784 2786 2710
f 2784 2710 2742
f 2774 2785 2787
f 2774 2787 2775
f 2775 2787 2788
f 2775 2788 2778
f 2785 2736 2735
f 2785 2735 2787
f 2787 2735 2739
f 2787 2739 2788
f 2789 2790 2791
f 2789 2791 2792
f 2792 2791 2793
f 2792 2793 2794
f 2790 2071 2081
f 2790 2081 2791
f 2791 2081 1957
f 2791 1957 2793
f 2789 2792 2795
f 2789 2795 2796
f 2796 2795 2797
f 2796 2797 2798
f 2792 2794 2799
f 2792 2799 2795
f 2795 2799 2800
f 2795 2800 2797
f 2789 2796 2801
f 2789 2801 2802
f 2802 2801 2689
f 2802 2689 2686
f 2796 2798 2803
f 2796 2803 2801
f 2801 2803 2690
f 2801 2690 2689
f 2789 2802 2804
f 2789 2804 2790
f 2790 2804 2072
f 2790 2072 2071
f 2802 2686 2685
f 2802 2685 2804
f 2804 2685 1704
f 2804 1704 2072
f 2805 2806 2807
f 2805 2807 2808
f 2808 2807 2809
f 2808 2809 2810
f 2806 2798 2797
f 2806 2797 2807
f 2807 2797 2800
f 2807 2800 2809
f 2805 2808 2811
f 2805 2811 2812
f 2812 2811 2718
f 2812 2718 2717
f 2808 2810 2813
f 2808 2813 2811
f 2811 2813 2719
f 2811 2719 2718
f 2805 2812 2814
f 2805 2814 2815
f 2815 2814 2816
f 2815 2816 2817
f 2812 2717 2728
f 2812 2728 2814
f 2814 2728 2730
f 2814 2730 2816
f 2805 2815 2818
f 2805 2818 2806
f 2806 2818 2803
f 2806 2803 2798
f 2815 2817 2819
f 2815 2819 2818
f 2818 2819 2690
f 2818 2690 2803
f 2820 2821 2822
f 2820 2822 2823
f 2823 2822 2824
f 2823 2824 2825
f 2821 1507 1506
f 2821 1506 2822
f 2822 1506 1509
f 2822 1509 2824
f 2820 2823 2826
f 2820 2826 2827
f 2827 2826 2828
f 2827 2828 2829
f 2823 2825 2830
f 2823 2830 2826
f 2826 2830 2831
f 2826 2831 2828
f 2820 2827 2832
f 2820 2832 2833
f 2833 2832 2768
f 2833 2768 2762
f 2827 2829 2834
f 2827 2834 2832
f 2832 2834 2769
f 2832 2769 2768
f 2820 2833 2835
f 2820 2835 2821
f 2821 2835 1514
f 2821 1514 1507
f 2833 2762 2761
f 2833 2761 2835
f 2835 2761 1515
f 2835 1515 1514
f 2836 2837 2838
f 2836 2838 2839
f 2839 2838 2840
f 2839 2840 2841
f 2837 2829 2828
f 2837 2828 2838
f 2838 2828 2831
f 2838 2831 2840
f 2836 2839 2842
f 2836 2842 2843
f 2843 2842 2698
f 2843 2698 2697
f 2839 2841 2844
f 2839 2844 2842
f 2842 2844 2699
f 2842 2699 2698
f 2836 2843 2845
f 2836 2845 2846
f 2846 2845 2786
f 2846 2786 2783
f 2843 2697 2708
f 2843 2708 2845
f 2845 2708 2710
f 2845 2710 2786
f 2836 2846 2847
f 2836 2847 2837
f 2837 2847 2834
f 2837 2834 2829
f 2846 2783 2782
f 2846 2782 2847
f 2847 2782 2769
f 2847 2769 2834
f 2848 2849 2850
f 2848 2850 2851
f 2851 2850 2852
f 2851 2852 2853
f 2849 2854 2855
f 2849 2855 2850
f 2850 2855 1679
f 2850 1679 2852
f 2848 2851 2856
f 2848 2856 2857
f 2857 2856 2858
f 2857 2858 2859
f 2851 2853 2860
f 2851 2860 2856
f 2856 2860 2861
f 2856 2861 2858
f 2848 2857 2862
f 2848 2862 2863
f 2863 2862 2729
f 2863 2729 2726
f 2857 2859 2864
f 2857 2864 2862
f 2862 2864 2730
f 2862 2730 2729
f 2848 2863 2865
f 2848 2865 2849
f 2849 2865 2866
f 2849 2866 2854
f 2863 2726 2725
f 2863 2725 2865
f 2865 2725 1605
f 2865 1605 2866
f 2867 2868 2869
f 2867 2869 2870
f 2870 2869 2871
f 2870 2871 2872
f 2868 2859 2858
f 2868 2858 2869
f 2869 2858 2861
f 2869 2861 2871
f 2867 2870 2873
f 2867 2873 2874
f 2874 2873 2678
f 2874 2678 2677
f 2870 2872 2875
f 2870 2875 2873
f 2873 2875 2679
f 2873 2679 2678
f 2867 2874 2876
f 2867 2876 2877
f 2877 2876 2819
f 2877 2819 2817
f 2874 2677 2688
f 2874 2688 2876
f 2876 2688 2690
f 2876 2690 2819
f 2867 2877 2878
f 2867 2878 2868
f 2868 2878 2864
f 2868 2864 2859
f 2877 2817 2816
f 2877 2816 2878
f 2878 2816 2730
f 2878 2730 2864
f 2879 2880 2881
f 2879 2881 2882
f 2882 2881 2883
f 2882 2883 2884
f 2880 2885 2886
f 2880 2886 2881
f 2881 2886 1878
f 2881 1878 2883
f 2879 2882 2887
f 2879 2887 2888
f 2888 2887 2889
f 2888 2889 2890
f 2882 2884 2891
f 2882 2891 2887
f 2887 2891 2115
f 2887 2115 2889
f 2879 2888 2892
f 2879 2892 2893
f 2893 2892 2894
f 2893 2894 2895
f 2888 2890 2896
f 2888 2896 2892
f 2892 2896 2897
f 2892 2897 2894
f 2879 2893 2898
f 2879 2898 2880
f 2880 2898 2899
f 2880 2899 2885
f 2893 2895 2900
f 2893 2900 2898
f 2898 2900 2901
f 2898 2901 2899
f 2902 2903 2904
f 2902 2904 2905
f 2905 2904 2900
f 2905 2900 2895
f 2903 2906 2907
f 2903 2907 2904
f 2904 2907 2901
f 2904 2901 2900
f 2902 2905 2908
f 2902 2908 2909
f 2909 2908 2910
f 2909 2910 2911
f 2905 2895 2894
f 2905 2894 2908
f 2908 2894 2897
f 2908 2897 2910
f 2902 2909 2912
f 2902 2912 2913
f 2913 2912 2662
f 2913 2662 2656
f 2909 2911 2914
f 2909 2914 2912
f 2912 2914 2639
f 2912 2639 2662
f 2902 2913 2915
f 2902 2915 2903
f 2903 2915 2916
f 2903 2916 2906
f 2913 2656 2655
f 2913 2655 2915
f 2915 2655 2659
f 2915 2659 2916
f 2917 2918 2919
f 2917 2919 2920
f 2920 2919 2114
f 2920 2114 2109
f 2918 2890 2889
f 2918 2889 2919
f 2919 2889 2115
f 2919 2115 2114
f 2917 2920 2921
f 2917 2921 2922
f 2922 2921 2923
f 2922 2923 2924
f 2920 2109 2108
f 2920 2108 2921
f 2921 2108 1767
f 2921 1767 2923
f 2917 2922 2925
f 2917 2925 2926
f 2926 2925 2927
f 2926 2927 2928
f 2922 2924 2929
f 2922 2929 2925
f 2925 2929 2930
f 2925 2930 2927
f 2917 2926 2931
f 2917 2931 2918
f 2918 2931 2896
f 2918 2896 2890
f 2926 2928 2932
f 2926 2932 2931
f 2931 2932 2897
f 2931 2897 2896
f 2933 2934 2935
f 2933 2935 2936
f 2936 2935 2932
f 2936 2932 2928
f 2934 2911 2910
f 2934 2910 2935
f 2935 2910 2897
f 2935 2897 2932
f 2933 2936 2937
f 2933 2937 2938
f 2938 2937 2939
f 2938 2939 2940
f 2936 2928 2927
f 2936 2927 2937
f 2937 2927 2930
f 2937 2930 2939
f 2933 2938 2941
f 2933 2941 2942
f 2942 2941 2644
f 2942 2644 2636
f 2938 2940 2943
f 2938 2943 2941
f 2941 2943 2645
f 2941 2645 2644
f 2933 2942 2944
f 2933 2944 2934
f 2934 2944 2914
f 2934 2914 2911
f 2942 2636 2635
f 2942 2635 2944
f 2944 2635 2639
f 2944 2639 2914
f 2945 2946 2947
f 2945 2947 2948
f 2948 2947 2571
f 2948 2571 2566
f 2946 2949 2950
f 2946 2950 2947
f 2947 2950 2572
f 2947 2572 2571
f 2945 2948 2951
f 2945 2951 2952
f 2952 2951 2953
f 2952 2953 2954
f 2948 2566 2565
f 2948 2565 2951
f 2951 2565 1745
f 2951 1745 2953
f 2945 2952 2955
f 2945 2955 2956
f 2956 2955 2957
f 2956 2957 2958
f 2952 2954 2959
f 2952 2959 2955
f 2955 2959 2960
f 2955 2960 2957
f 2945 2956 2961
f 2945 2961 2946
f 2946 2961 2962
f 2946 2962 2949
f 2956 2958 2963
f 2956 2963 2961
f 2961 2963 2964
f 2961 2964 2962
f 2965 2966 2967
f 2965 2967 2968
f 2968 2967 2963
f 2968 2963 2958
f 2966 2969 2970
f 2966 2970 2967
f 2967 2970 2964
f 2967 2964 2963
f 2965 2968 2971
f 2965 2971 2972
f 2972 2971 2973
f 2972 2973 2974
f 2968 2958 2957
f 2968 2957 2971
f 2971 2957 2960
f 2971 2960 2973
f 2965 2972 2975
f 2965 2975 2976
f 2976 2975 2626
f 2976 2626 2620
f 2972 2974 2977
f 2972 2977 2975
f 2975 2977 2614
f 2975 2614 2626
f 2965 2976 2978
f 2965 2978 2966
f 2966 2978 2979
f 2966 2979 2969
f 2976 2620 2619
f 2976 2619 2978
f 2978 2619 2623
f 2978 2623 2979
f 2980 2981 2982
f 2980 2982 2983
f 2983 2982 2984
f 2983 2984 2985
f 2981 2986 2987
f 2981 2987 2982
f 2982 2987 1869
f 2982 1869 2984
f 2980 2983 2988
f 2980 2988 2989
f 2989 2988 2990
f 2989 2990 2991
f 2983 2985 2992
f 2983 2992 2988
f 2988 2992 2993
f 2988 2993 2990
f 2980 2989 2994
f 2980 2994 2995
f 2995 2994 2959
f 2995 2959 2954
f 2989 2991 2996
f 2989 2996 2994
f 2994 2996 2960
f 2994 2960 2959
f 2980 2995 2997
f 2980 2997 2981
f 2981 2997 2998
f 2981 2998 2986
f 2995 2954 2953
f 2995 2953 2997
f 2997 2953 1745
f 2997 1745 2998
f 2999 3000 3001
f 2999 3001 3002
f 3002 3001 3003
f 3002 3003 3004
f 3000 2991 2990
f 3000 2990 3001
f 3001 2990 2993
f 3001 2993 3003
f 2999 3002 3005
f 2999 3005 3006
f 3006 3005 2602
f 3006 2602 2601
f 3002 3004 3007
f 3002 3007 3005
f 3005 3007 2603
f 3005 2603 2602
f 2999 3006 3008
f 2999 3008 3009
f 3009 3008 2977
f 3009 2977 2974
f 3006 2601 2612
f 3006 2612 3008
f 3008 2612 2614
f 3008 2614 2977
f 2999 3009 3010
f 2999 3010 3000
f 3000 3010 2996
f 3000 2996 2991
f 3009 2974 2973
f 3009 2973 3010
f 3010 2973 2960
f 3010 2960 2996
f 3011 3012 3013
f 3011 3013 3014
f 3014 3013 3015
f 3014 3015 3016
f 3012 2414 2413
f 3012 2413 3013
f 3013 2413 2391
f 3013 2391 3015
f 3011 3014 3017
f 3011 3017 3018
f 3018 3017 3019
f 3018 3019 3020
f 3014 3016 3021
f 3014 3021 3017
f 3017 3021 3022
f 3017 3022 3019
f 3011 3018 3023
f 3011 3023 3024
f 3024 3023 3025
f 3024 3025 3026
f 3018 3020 3027
f 3018 3027 3023
f 3023 3027 3028
f 3023 3028 3025
f 3011 3024 3029
f 3011 3029 3012
f 3012 3029 2417
f 3012 2417 2414
f 3024 3026 3030
f 3024 3030 3029
f 3029 3030 2418
f 3029 2418 2417
f 3031 3032 3033
f 3031 3033 3034
f 3034 3033 3035
f 3034 3035 3036
f 3032 3020 3019
f 3032 3019 3033
f 3033 3019 3022
f 3033 3022 3035
f 3031 3034 3037
f 3031 3037 3038
f 3038 3037 3039
f 3038 3039 3040
f 3034 3036 3041
f 3034 3041 3037
f 3037 3041 3042
f 3037 3042 3039
f 3031 3038 3043
f 3031 3043 3044
f 3044 3043 3045
f 3044 3045 3046
f 3038 3040 3047
f 3038 3047 3043
f 3043 3047 3048
f 3043 3048 3045
f 3031 3044 3049
f 3031 3049 3032
f 3032 3049 3027
f 3032 3027 3020
f 3044 3046 3050
f 3044 3050 3049
f 3049 3050 3028
f 3049 3028 3027
f 3051 3052 3053
f 3051 3053 3054
f 3054 3053 3055
f 3054 3055 3056
f 3052 3040 3039
f 3052 3039 3053
f 3053 3039 3042
f 3053 3042 3055
f 3051 3054 3057
f 3051 3057 3058
f 3058 3057 3059
f 3058 3059 3060
f 3054 3056 3061
f 3054 3061 3057
f 3057 3061 3062
f 3057 3062 3059
f 3051 3058 3063
f 3051 3063 3064
f 3064 3063 3065
f 3064 3065 3066
f 3058 3060 3067
f 3058 3067 3063
f 3063 3067 3068
f 3063 3068 3065
f 3051 3064 3069
f 3051 3069 3052
f 3052 3069 3047
f 3052 3047 3040
f 3064 3066 3070
f 3064 3070 3069
f 3069 3070 3048
f 3069 3048 3047
f 3071 3072 3073
f 3071 3073 3074
f 3074 3073 3075
f 3074 3075 3076
f 3072 3060 3059
f 3072 3059 3073
f 3073 3059 3062
f 3073 3062 3075
f 3071 3074 3077
f 3071 3077 3078
f 3078 3077 3079
f 3078 3079 3080
f 3074 3076 3081
f 3074 3081 3077
f 3077 3081 3082
f 3077 3082 3079
f 3071 3078 3083
f 3071 3083 3084
f 3084 3083 3085
f 3084 3085 3086
f 3078 3080 3087
f 3078 3087 3083
f 3083 3087 3088
f 3083 3088 3085
f 3071 3084 3089
f 3071 3089 3072
f 3072 3089 3067
f 3072 3067 3060
f 3084 3086 3090
f 3084 3090 3089
f 3089 3090 3068
f 3089 3068 3067
f 3091 3092 3093
f 3091 3093 3094
f 3094 3093 3095
f 3094 3095 3096
f 3092 3080 3079
f 3092 3079 3093
f 3093 3079 3082
f 3093 3082 3095
f 3091 3094 3097
f 3091 3097 3098
f 3098 3097 3099
f 3098 3099 3100
f 3094 3096 3101
f 3094 3101 3097
f 3097 3101 3102
f 3097 3102 3099
f 3091 3098 3103
f 3091 3103 3104
f 3104 3103 3105
f 3104 3105 3106
f 3098 3100 3107
f 3098 3107 3103
f 3103 3107 3108
f 3103 3108 3105
f 3091 3104 3109
f 3091 3109 3092
f 3092 3109 3087
f 3092 3087 3080
f 3104 3106 3110
f 3104 3110 3109
f 3109 3110 3088
f 3109 3088 3087
f 3111 3112 3113
f 3111 3113 3114
f 3114 3113 3115
f 3114 3115 3116
f 3112 3100 3099
f 3112 3099 3113
f 3113 3099 3102
f 3113 3102 3115
f 3111 3114 3117
f 3111 3117 3118
f 3118 3117 3119
f 3118 3119 3120
f 3114 3116 3121
f 3114 3121 3117
f 3117 3121 2438
f 3117 2438 3119
f 3111 3118 3122
f 3111 3122 3123
f 3123 3122 3124
f 3123 3124 3125
f 3118 3120 3126
f 3118 3126 3122
f 3122 3126 3127
f 3122 3127 3124
f 3111 3123 3128
f 3111 3128 3112
f 3112 3128 3107
f 3112 3107 3100
f 3123 3125 3129
f 3123 3129 3128
f 3128 3129 3108
f 3128 3108 3107
f 3130 3131 3132
f 3130 3132 3133
f 3133 3132 3134
f 3133 3134 3135
f 3131 2355 2354
f 3131 2354 3132
f 3132 2354 2357
f 3132 2357 3134
f 3130 3133 3136
f 3130 3136 3137
f 3137 3136 3138
f 3137 3138 3139
f 3133 3135 3140
f 3133 3140 3136
f 3136 3140 3141
f 3136 3141 3138
f 3130 3137 3142
f 3130 3142 3143
f 3143 3142 3144
f 3143 3144 3145
f 3137 3139 3146
f 3137 3146 3142
f 3142 3146 3147
f 3142 3147 3144
f 3130 3143 3148
f 3130 3148 3131
f 3131 3148 2359
f 3131 2359 2355
f 3143 3145 3149
f 3143 3149 3148
f 3148 3149 1938
f 3148 1938 2359
f 3150 3151 3152
f 3150 3152 3153
f 3153 3152 3154
f 3153 3154 3155
f 3151 3139 3138
f 3151 3138 3152
f 3152 3138 3141
f 3152 3141 3154
f 3150 3153 3156
f 3150 3156 3157
f 3157 3156 3158
f 3157 3158 3159
f 3153 3155 3160
f 3153 3160 3156
f 3156 3160 3161
f 3156 3161 3158
f 3150 3157 3162
f 3150 3162 3163
f 3163 3162 3164
f 3163 3164 3165
f 3157 3159 3166
f 3157 3166 3162
f 3162 3166 3167
f 3162 3167 3164
f 3150 3163 3168
f 3150 3168 3151
f 3151 3168 3146
f 3151 3146 3139
f 3163 3165 3169
f 3163 3169 3168
f 3168 3169 3147
f 3168 3147 3146
f 3170 3171 3172
f 3170 3172 3173
f 3173 3172 3174
f 3173 3174 3175
f 3171 3159 3158
f 3171 3158 3172
f 3172 3158 3161
f 3172 3161 3174
f 3170 3173 3176
f 3170 3176 3177
f 3177 3176 3178
f 3177 3178 3179
f 3173 3175 3180
f 3173 3180 3176
f 3176 3180 3181
f 3176 3181 3178
f 3170 3177 3182
f 3170 3182 3183
f 3183 3182 3184
f 3183 3184 3185
f 3177 3179 3186
f 3177 3186 3182
f 3182 3186 3187
f 3182 3187 3184
f 3170 3183 3188
f 3170 3188 3171
f 3171 3188 3166
f 3171 3166 3159
f 3183 3185 3189
f 3183 3189 3188
f 3188 3189 3167
f 3188 3167 3166
f 3190 3191 3192
f 3190 3192 3193
f 3193 3192 3194
f 3193 3194 3195
f 3191 3179 3178
f 3191 3178 3192
f 3192 3178 3181
f 3192 3181 3194
f 3190 3193 3196
f 3190 3196 3197
f 3197 3196 3198
f 3197 3198 3199
f 3193 3195 3200
f 3193 3200 3196
f 3196 3200 3201
f 3196 3201 3198
f 3190 3197 3202
f 3190 3202 3203
f 3203 3202 3204
f 3203 3204 3205
f 3197 3199 3206
f 3197 3206 3202
f 3202 3206 3207
f 3202 3207 3204
f 3190 3203 3208
f 3190 3208 3191
f 3191 3208 3186
f 3191 3186 3179
f 3203 3205 3209
f 3203 3209 3208
f 3208 3209 3187
f 3208 3187 3186
f 3210 3211 3212
f 3210 3212 3213
f 3213 3212 3214
f 3213 3214 3215
f 3211 3199 3198
f 3211 3198 3212
f 3212 3198 3201
f 3212 3201 3214
f 3210 3213 3216
f 3210 3216 3217
f 3217 3216 3218
f 3217 3218 3219
f 3213 3215 3220
f 3213 3220 3216
f 3216 3220 3221
f 3216 3221 3218
f 3210 3217 3222
f 3210 3222 3223
f 3223 3222 3224
f 3223 3224 3225
f 3217 3219 3226
f 3217 3226 3222
f 3222 3226 3227
f 3222 3227 3224
f 3210 3223 3228
f 3210 3228 3211
f 3211 3228 3206
f 3211 3206 3199
f 3223 3225 3229
f 3223 3229 3228
f 3228 3229 3207
f 3228 3207 3206
f 3230 3231 3232
f 3230 3232 3233
f 3233 3232 1489
f 3233 1489 1482
f 3231 2405 2404
f 3231 2404 3232
f 3232 2404 1490
f 3232 1490 1489
f 3230 3233 3234
f 3230 3234 3235
f 3235 3234 3236
f 3235 3236 3237
f 3233 1482 1481
f 3233 1481 3234
f 3234 1481 1484
f 3234 1484 3236
f 3230 3235 3238
f 3230 3238 3239
f 3239 3238 3240
f 3239 3240 3241
f 3235 3237 3242
f 3235 3242 3238
f 3238 3242 3243
f 3238 3243 3240
f 3230 3239 3244
f 3230 3244 3231
f 3231 3244 2410
f 3231 2410 2405
f 3239 3241 3245
f 3239 3245 3244
f 3244 3245 2397
f 3244 2397 2410
f 3246 3247 3248
f 3246 3248 3249
f 3249 3248 3250
f 3249 3250 3251
f 3247 3237 3236
f 3247 3236 3248
f 3248 3236 1484
f 3248 1484 3250
f 3246 3249 3252
f 3246 3252 3253
f 3253 3252 3254
f 3253 3254 3255
f 3249 3251 3256
f 3249 3256 3252
f 3252 3256 3257
f 3252 3257 3254
f 3246 3253 3258
f 3246 3258 3259
f 3259 3258 3260
f 3259 3260 3261
f 3253 3255 3262
f 3253 3262 3258
f 3258 3262 3263
f 3258 3263 3260
f 3246 3259 3264
f 3246 3264 3247
f 3247 3264 3242
f 3247 3242 3237
f 3259 3261 3265
f 3259 3265 3264
f 3264 3265 3243
f 3264 3243 3242
f 3266 3267 3268
f 3266 3268 3269
f 3269 3268 3270
f 3269 3270 3271
f 3267 3255 3254
f 3267 3254 3268
f 3268 3254 3257
f 3268 3257 3270
f 3266 3269 3272
f 3266 3272 3273
f 3273 3272 3274
f 3273 3274 3275
f 3269 3271 3276
f 3269 3276 3272
f 3272 3276 3277
f 3272 3277 3274
f 3266 3273 3278
f 3266 3278 3279
f 3279 3278 3280
f 3279 3280 3281
f 3273 3275 3282
f 3273 3282 3278
f 3278 3282 3283
f 3278 3283 3280
f 3266 3279 3284
f 3266 3284 3267
f 3267 3284 3262
f 3267 3262 3255
f 3279 3281 3285
f 3279 3285 3284
f 3284 3285 3263
f 3284 3263 3262
f 3286 3287 3288
f 3286 3288 3289
f 3289 3288 3290
f 3289 3290 3291
f 3287 3275 3274
f 3287 3274 3288
f 3288 3274 3277
f 3288 3277 3290
f 3286 3289 3292
f 3286 3292 3293
f 3293 3292 3294
f 3293 3294 3295
f 3289 3291 3296
f 3289 3296 3292
f 3292 3296 3297
f 3292 3297 3294
f 3286 3293 3298
f 3286 3298 3299
f 3299 3298 3300
f 3299 3300 3301
f 3293 3295 3302
f 3293 3302 3298
f 3298 3302 3303
f 3298 3303 3300
f 3286 3299 3304
f 3286 3304 3287
f 3287 3304 3282
f 3287 3282 3275
f 3299 3301 3305
f 3299 3305 3304
f 3304 3305 3283
f 3304 3283 3282
f 3306 3307 3308
f 3306 3308 3309
f 3309 3308 3310
f 3309 3310 3311
f 3307 3295 3294
f 3307 3294 3308
f 3308 3294 3297
f 3308 3297 3310
f 3306 3309 3312
f 3306 3312 3313
f 3313 3312 3314
f 3313 3314 3315
f 3309 3311 3316
f 3309 3316 3312
f 3312 3316 3317
f 3312 3317 3314
f 3306 3313 3318
f 3306 3318 3319
f 3319 3318 3320
f 3319 3320 3321
f 3313 3315 3322
f 3313 3322 3318
f 3318 3322 3323
f 3318 3323 3320
f 3306 3319 3324
f 3306 3324 3307
f 3307 3324 3302
f 3307 3302 3295
f 3319 3321 3325
f 3319 3325 3324
f 3324 3325 3303
f 3324 3303 3302
f 3326 3327 3328
f 3326 3328 3329
f 3329 3328 3330
f 3329 3330 3331
f 3327 3315 3314
f 3327 3314 3328
f 3328 3314 3317
f 3328 3317 3330
f 3326 3329 3332
f 3326 3332 3333
f 3333 3332 3334
f 3333 3334 3335
f 3329 3331 3336
f 3329 3336 3332
f 3332 3336 3337
f 3332 3337 3334
f 3326 3333 3338
f 3326 3338 3339
f 3339 3338 3340
f 3339 3340 3341
f 3333 3335 3342
f 3333 3342 3338
f 3338 3342 2499
f 3338 2499 3340
f 3326 3339 3343
f 3326 3343 3327
f 3327 3343 3322
f 3327 3322 3315
f 3339 3341 3344
f 3339 3344 3343
f 3343 3344 3323
f 3343 3323 3322
f 3345 3346 3347
f 3345 3347 3348
f 3348 3347 3245
f 3348 3245 3241
f 3346 2395 2394
f 3346 2394 3347
f 3347 2394 2397
f 3347 2397 3245
f 3345 3348 3349
f 3345 3349 3350
f 3350 3349 3351
f 3350 3351 3352
f 3348 3241 3240
f 3348 3240 3349
f 3349 3240 3243
f 3349 3243 3351
f 3345 3350 3353
f 3345 3353 3354
f 3354 3353 3355
f 3354 3355 3356
f 3350 3352 3357
f 3350 3357 3353
f 3353 3357 3358
f 3353 3358 3355
f 3345 3354 3359
f 3345 3359 3346
f 3346 3359 2399
f 3346 2399 2395
f 3354 3356 3360
f 3354 3360 3359
f 3359 3360 2377
f 3359 2377 2399
f 3361 3362 3363
f 3361 3363 3364
f 3364 3363 3265
f 3364 3265 3261
f 3362 3352 3351
f 3362 3351 3363
f 3363 3351 3243
f 3363 3243 3265
f 3361 3364 3365
f 3361 3365 3366
f 3366 3365 3367
f 3366 3367 3368
f 3364 3261 3260
f 3364 3260 3365
f 3365 3260 3263
f 3365 3263 3367
f 3361 3366 3369
f 3361 3369 3370
f 3370 3369 3371
f 3370 3371 3372
f 3366 3368 3373
f 3366 3373 3369
f 3369 3373 3374
f 3369 3374 3371
f 3361 3370 3375
f 3361 3375 3362
f 3362 3375 3357
f 3362 3357 3352
f 3370 3372 3376
f 3370 3376 3375
f 3375 3376 3358
f 3375 3358 3357
f 3377 3378 3379
f 3377 3379 3380
f 3380 3379 3285
f 3380 3285 3281
f 3378 3368 3367
f 3378 3367 3379
f 3379 3367 3263
f 3379 3263 3285
f 3377 3380 3381
f 3377 3381 3382
f 3382 3381 3383
f 3382 3383 3384
f 3380 3281 3280
f 3380 3280 3381
f 3381 3280 3283
f 3381 3283 3383
f 3377 3382 3385
f 3377 3385 3386
f 3386 3385 3387
f 3386 3387 3388
f 3382 3384 3389
f 3382 3389 3385
f 3385 3389 3390
f 3385 3390 3387
f 3377 3386 3391
f 3377 3391 3378
f 3378 3391 3373
f 3378 3373 3368
f 3386 3388 3392
f 3386 3392 3391
f 3391 3392 3374
f 3391 3374 3373
f 3393 3394 3395
f 3393 3395 3396
f 3396 3395 3325
f 3396 3325 3321
f 3394 3397 3398
f 3394 3398 3395
f 3395 3398 3303
f 3395 3303 3325
f 3393 3396 3399
f 3393 3399 3400
f 3400 3399 3401
f 3400 3401 3402
f 3396 3321 3320
f 3396 3320 3399
f 3399 3320 3323
f 3399 3323 3401
f 3393 3400 3403
f 3393 3403 3404
f 3404 3403 3405
f 3404 3405 3406
f 3400 3402 3407
f 3400 3407 3403
f 3403 3407 3408
f 3403 3408 3405
f 3393 3404 3409
f 3393 3409 3394
f 3394 3409 3410
f 3394 3410 3397
f 3404 3406 3411
f 3404 3411 3409
f 3409 3411 3412
f 3409 3412 3410
f 3413 3414 3415
f 3413 3415 3416
f 3416 3415 3344
f 3416 3344 3341
f 3414 3402 3401
f 3414 3401 3415
f 3415 3401 3323
f 3415 3323 3344
f 3413 3416 3417
f 3413 3417 3418
f 3418 3417 2498
f 3418 2498 2497
f 3416 3341 3340
f 3416 3340 3417
f 3417 3340 2499
f 3417 2499 2498
f 3413 3418 3419
f 3413 3419 3420
f 3420 3419 3421
f 3420 3421 3422
f 3418 2497 2506
f 3418 2506 3419
f 3419 2506 2479
f 3419 2479 3421
f 3413 3420 3423
f 3413 3423 3414
f 3414 3423 3407
f 3414 3407 3402
f 3420 3422 3424
f 3420 3424 3423
f 3423 3424 3408
f 3423 3408 3407
f 3425 3426 3427
f 3425 3427 3428
f 3428 3427 3360
f 3428 3360 3356
f 3426 2375 2374
f 3426 2374 3427
f 3427 2374 2377
f 3427 2377 3360
f 3425 3428 3429
f 3425 3429 3430
f 3430 3429 3431
f 3430 3431 3432
f 3428 3356 3355
f 3428 3355 3429
f 3429 3355 3358
f 3429 3358 3431
f 3425 3430 3433
f 3425 3433 3434
f 3434 3433 3140
f 3434 3140 3135
f 3430 3432 3435
f 3430 3435 3433
f 3433 3435 3141
f 3433 3141 3140
f 3425 3434 3436
f 3425 3436 3426
f 3426 3436 2379
f 3426 2379 2375
f 3434 3135 3134
f 3434 3134 3436
f 3436 3134 2357
f 3436 2357 2379
f 3437 3438 3439
f 3437 3439 3440
f 3440 3439 3392
f 3440 3392 3388
f 3438 3441 3442
f 3438 3442 3439
f 3439 3442 3374
f 3439 3374 3392
f 3437 3440 3443
f 3437 3443 3444
f 3444 3443 3445
f 3444 3445 3446
f 3440 3388 3387
f 3440 3387 3443
f 3443 3387 3390
f 3443 3390 3445
f 3437 3444 3447
f 3437 3447 3448
f 3448 3447 3180
f 3448 3180 3175
f 3444 3446 3449
f 3444 3449 3447
f 3447 3449 3181
f 3447 3181 3180
f 3437 3448 3450
f 3437 3450 3438
f 3438 3450 3451
f 3438 3451 3441
f 3448 3175 3174
f 3448 3174 3450
f 3450 3174 3161
f 3450 3161 3451
f 3452 3453 3454
f 3452 3454 3455
f 3455 3454 3456
f 3455 3456 3457
f 3453 3446 3445
f 3453 3445 3454
f 3454 3445 3390
f 3454 3390 3456
f 3452 3455 3458
f 3452 3458 3459
f 3459 3458 3460
f 3459 3460 3461
f 3455 3457 3462
f 3455 3462 3458
f 3458 3462 3412
f 3458 3412 3460
f 3452 3459 3463
f 3452 3463 3464
f 3464 3463 3200
f 3464 3200 3195
f 3459 3461 3465
f 3459 3465 3463
f 3463 3465 3201
f 3463 3201 3200
f 3452 3464 3466
f 3452 3466 3453
f 3453 3466 3449
f 3453 3449 3446
f 3464 3195 3194
f 3464 3194 3466
f 3466 3194 3181
f 3466 3181 3449
f 3467 3468 3469
f 3467 3469 3470
f 3470 3469 3411
f 3470 3411 3406
f 3468 3461 3460
f 3468 3460 3469
f 3469 3460 3412
f 3469 3412 3411
f 3467 3470 3471
f 3467 3471 3472
f 3472 3471 3473
f 3472 3473 3474
f 3470 3406 3405
f 3470 3405 3471
f 3471 3405 3408
f 3471 3408 3473
f 3467 3472 3475
f 3467 3475 3476
f 3476 3475 3220
f 3476 3220 3215
f 3472 3474 3477
f 3472 3477 3475
f 3475 3477 3221
f 3475 3221 3220
f 3467 3476 3478
f 3467 3478 3468
f 3468 3478 3465
f 3468 3465 3461
f 3476 3215 3214
f 3476 3214 3478
f 3478 3214 3201
f 3478 3201 3465
f 3479 3480 3481
f 3479 3481 3482
f 3482 3481 3424
f 3482 3424 3422
f 3480 3474 3473
f 3480 3473 3481
f 3481 3473 3408
f 3481 3408 3424
f 3479 3482 3483
f 3479 3483 3484
f 3484 3483 2478
f 3484 2478 2477
f 3482 3422 3421
f 3482 3421 3483
f 3483 3421 2479
f 3483 2479 2478
f 3479 3484 3485
f 3479 3485 3486
f 3486 3485 3487
f 3486 3487 3488
f 3484 2477 2488
f 3484 2488 3485
f 3485 2488 2490
f 3485 2490 3487
f 3479 3486 3489
f 3479 3489 3480
f 3480 3489 3477
f 3480 3477 3474
f 3486 3488 3490
f 3486 3490 3489
f 3489 3490 3221
f 3489 3221 3477
f 3491 3492 3493
f 3491 3493 3494
f 3494 3493 2151
f 3494 2151 2146
f 3492 2345 2344
f 3492 2344 3493
f 3493 2344 1932
f 3493 1932 2151
f 3491 3494 3495
f 3491 3495 3496
f 3496 3495 3497
f 3496 3497 3498
f 3494 2146 2145
f 3494 2145 3495
f 3495 2145 2148
f 3495 2148 3497
f 3491 3496 3499
f 3491 3499 3500
f 3500 3499 3501
f 3500 3501 3502
f 3496 3498 3503
f 3496 3503 3499
f 3499 3503 3504
f 3499 3504 3501
f 3491 3500 3505
f 3491 3505 3492
f 3492 3505 2350
f 3492 2350 2345
f 3500 3502 3506
f 3500 3506 3505
f 3505 3506 2351
f 3505 2351 2350
f 3507 3508 3509
f 3507 3509 3510
f 3510 3509 3511
f 3510 3511 3512
f 3508 3498 3497
f 3508 3497 3509
f 3509 3497 2148
f 3509 2148 3511
f 3507 3510 3513
f 3507 3513 3514
f 3514 3513 3515
f 3514 3515 3516
f 3510 3512 3517
f 3510 3517 3513
f 3513 3517 3518
f 3513 3518 3515
f 3507 3514 3519
f 3507 3519 3520
f 3520 3519 3521
f 3520 3521 3522
f 3514 3516 3523
f 3514 3523 3519
f 3519 3523 3524
f 3519 3524 3521
f 3507 3520 3525
f 3507 3525 3508
f 3508 3525 3503
f 3508 3503 3498
f 3520 3522 3526
f 3520 3526 3525
f 3525 3526 3504
f 3525 3504 3503
f 3527 3528 3529
f 3527 3529 3530
f 3530 3529 3531
f 3530 3531 3532
f 3528 3516 3515
f 3528 3515 3529
f 3529 3515 3518
f 3529 3518 3531
f 3527 3530 3533
f 3527 3533 3534
f 3534 3533 3535
f 3534 3535 3536
f 3530 3532 3537
f 3530 3537 3533
f 3533 3537 3538
f 3533 3538 3535
f 3527 3534 3539
f 3527 3539 3540
f 3540 3539 3541
f 3540 3541 3542
f 3534 3536 3543
f 3534 3543 3539
f 3539 3543 3544
f 3539 3544 3541
f 3527 3540 3545
f 3527 3545 3528
f 3528 3545 3523
f 3528 3523 3516
f 3540 3542 3546
f 3540 3546 3545
f 3545 3546 3524
f 3545 3524 3523
f 3547 3548 3549
f 3547 3549 3550
f 3550 3549 3551
f 3550 3551 3552
f 3548 3536 3535
f 3548 3535 3549
f 3549 3535 3538
f 3549 3538 3551
f 3547 3550 3553
f 3547 3553 3554
f 3554 3553 3555
f 3554 3555 3556
f 3550 3552 3557
f 3550 3557 3553
f 3553 3557 3558
f 3553 3558 3555
f 3547 3554 3559
f 3547 3559 3560
f 3560 3559 3561
f 3560 3561 3562
f 3554 3556 3563
f 3554 3563 3559
f 3559 3563 3564
f 3559 3564 3561
f 3547 3560 3565
f 3547 3565 3548
f 3548 3565 3543
f 3548 3543 3536
f 3560 3562 3566
f 3560 3566 3565
f 3565 3566 3544
f 3565 3544 3543
f 3567 3568 3569
f 3567 3569 3570
f 3570 3569 3571
f 3570 3571 3572
f 3568 3556 3555
f 3568 3555 3569
f 3569 3555 3558
f 3569 3558 3571
f 3567 3570 3573
f 3567 3573 3574
f 3574 3573 3575
f 3574 3575 3576
f 3570 3572 3577
f 3570 3577 3573
f 3573 3577 3578
f 3573 3578 3575
f 3567 3574 3579
f 3567 3579 3580
f 3580 3579 3581
f 3580 3581 3582
f 3574 3576 3583
f 3574 3583 3579
f 3579 3583 3584
f 3579 3584 3581
f 3567 3580 3585
f 3567 3585 3568
f 3568 3585 3563
f 3568 3563 3556
f 3580 3582 3586
f 3580 3586 3585
f 3585 3586 3564
f 3585 3564 3563
f 3587 3588 3589
f 3587 3589 3590
f 3590 3589 3506
f 3590 3506 3502
f 3588 2365 2364
f 3588 2364 3589
f 3589 2364 2351
f 3589 2351 3506
f 3587 3590 3591
f 3587 3591 3592
f 3592 3591 3593
f 3592 3593 3594
f 3590 3502 3501
f 3590 3501 3591
f 3591 3501 3504
f 3591 3504 3593
f 3587 3592 3595
f 3587 3595 3596
f 3596 3595 3597
f 3596 3597 3598
f 3592 3594 3599
f 3592 3599 3595
f 3595 3599 3600
f 3595 3600 3597
f 3587 3596 3601
f 3587 3601 3588
f 3588 3601 2370
f 3588 2370 2365
f 3596 3598 3602
f 3596 3602 3601
f 3601 3602 2371
f 3601 2371 2370
f 3603 3604 3605
f 3603 3605 3606
f 3606 3605 3546
f 3606 3546 3542
f 3604 3607 3608
f 3604 3608 3605
f 3605 3608 3524
f 3605 3524 3546
f 3603 3606 3609
f 3603 3609 3610
f 3610 3609 3611
f 3610 3611 3612
f 3606 3542 3541
f 3606 3541 3609
f 3609 3541 3544
f 3609 3544 3611
f 3603 3610 3613
f 3603 3613 3614
f 3614 3613 3615
f 3614 3615 3616
f 3610 3612 3617
f 3610 3617 3613
f 3613 3617 3618
f 3613 3618 3615
f 3603 3614 3619
f 3603 3619 3604
f 3604 3619 3620
f 3604 3620 3607
f 3614 3616 3621
f 3614 3621 3619
f 3619 3621 3622
f 3619 3622 3620
f 3623 3624 3625
f 3623 3625 3626
f 3626 3625 3566
f 3626 3566 3562
f 3624 3612 3611
f 3624 3611 3625
f 3625 3611 3544
f 3625 3544 3566
f 3623 3626 3627
f 3623 3627 3628
f 3628 3627 3629
f 3628 3629 3630
f 3626 3562 3561
f 3626 3561 3627
f 3627 3561 3564
f 3627 3564 3629
f 3623 3628 3631
f 3623 3631 3632
f 3632 3631 3633
f 3632 3633 3634
f 3628 3630 3635
f 3628 3635 3631
f 3631 3635 3636
f 3631 3636 3633
f 3623 3632 3637
f 3623 3637 3624
f 3624 3637 3617
f 3624 3617 3612
f 3632 3634 3638
f 3632 3638 3637
f 3637 3638 3618
f 3637 3618 3617
f 3639 3640 3641
f 3639 3641 3642
f 3642 3641 3586
f 3642 3586 3582
f 3640 3630 3629
f 3640 3629 3641
f 3641 3629 3564
f 3641 3564 3586
f 3639 3642 3643
f 3639 3643 3644
f 3644 3643 3645
f 3644 3645 3646
f 3642 3582 3581
f 3642 3581 3643
f 3643 3581 3584
f 3643 3584 3645
f 3639 3644 3647
f 3639 3647 3648
f 3648 3647 3649
f 3648 3649 3650
f 3644 3646 3651
f 3644 3651 3647
f 3647 3651 3652
f 3647 3652 3649
f 3639 3648 3653
f 3639 3653 3640
f 3640 3653 3635
f 3640 3635 3630
f 3648 3650 3654
f 3648 3654 3653
f 3653 3654 3636
f 3653 3636 3635
f 3655 3656 3657
f 3655 3657 3658
f 3658 3657 3659
f 3658 3659 3660
f 3656 3646 3645
f 3656 3645 3657
f 3657 3645 3584
f 3657 3584 3659
f 3655 3658 3661
f 3655 3661 3662
f 3662 3661 2446
f 3662 2446 2445
f 3658 3660 3663
f 3658 3663 3661
f 3661 3663 2447
f 3661 2447 2446
f 3655 3662 3664
f 3655 3664 3665
f 3665 3664 3666
f 3665 3666 3667
f 3662 2445 2454
f 3662 2454 3664
f 3664 2454 2427
f 3664 2427 3666
f 3655 3665 3668
f 3655 3668 3656
f 3656 3668 3651
f 3656 3651 3646
f 3665 3667 3669
f 3665 3669 3668
f 3668 3669 3652
f 3668 3652 3651
f 3670 3671 3672
f 3670 3672 3673
f 3673 3672 3602
f 3673 3602 3598
f 3671 2385 2384
f 3671 2384 3672
f 3672 2384 2371
f 3672 2371 3602
f 3670 3673 3674
f 3670 3674 3675
f 3675 3674 3676
f 3675 3676 3677
f 3673 3598 3597
f 3673 3597 3674
f 3674 3597 3600
f 3674 3600 3676
f 3670 3675 3678
f 3670 3678 3679
f 3679 3678 3021
f 3679 3021 3016
f 3675 3677 3680
f 3675 3680 3678
f 3678 3680 3022
f 3678 3022 3021
f 3670 3679 3681
f 3670 3681 3671
f 3671 3681 2390
f 3671 2390 2385
f 3679 3016 3015
f 3679 3015 3681
f 3681 3015 2391
f 3681 2391 2390
f 3682 3683 3684
f 3682 3684 3685
f 3685 3684 3686
f 3685 3686 3687
f 3683 3677 3676
f 3683 3676 3684
f 3684 3676 3600
f 3684 3600 3686
f 3682 3685 3688
f 3682 3688 3689
f 3689 3688 3690
f 3689 3690 3691
f 3685 3687 3692
f 3685 3692 3688
f 3688 3692 3622
f 3688 3622 3690
f 3682 3689 3693
f 3682 3693 3694
f 3694 3693 3041
f 3694 3041 3036
f 3689 3691 3695
f 3689 3695 3693
f 3693 3695 3042
f 3693 3042 3041
f 3682 3694 3696
f 3682 3696 3683
f 3683 3696 3680
f 3683 3680 3677
f 3694 3036 3035
f 3694 3035 3696
f 3696 3035 3022
f 3696 3022 3680
f 3697 3698 3699
f 3697 3699 3700
f 3700 3699 3621
f 3700 3621 3616
f 3698 3691 3690
f 3698 3690 3699
f 3699 3690 3622
f 3699 3622 3621
f 3697 3700 3701
f 3697 3701 3702
f 3702 3701 3703
f 3702 3703 3704
f 3700 3616 3615
f 3700 3615 3701
f 3701 3615 3618
f 3701 3618 3703
f 3697 3702 3705
f 3697 3705 3706
f 3706 3705 3061
f 3706 3061 3056
f 3702 3704 3707
f 3702 3707 3705
f 3705 3707 3062
f 3705 3062 3061
f 3697 3706 3708
f 3697 3708 3698
f 3698 3708 3695
f 3698 3695 3691
f 3706 3056 3055
f 3706 3055 3708
f 3708 3055 3042
f 3708 3042 3695
f 3709 3710 3711
f 3709 3711 3712
f 3712 3711 3654
f 3712 3654 3650
f 3710 3713 3714
f 3710 3714 3711
f 3711 3714 3636
f 3711 3636 3654
f 3709 3712 3715
f 3709 3715 3716
f 3716 3715 3717
f 3716 3717 3718
f 3712 3650 3649
f 3712 3649 3715
f 3715 3649 3652
f 3715 3652 3717
f 3709 3716 3719
f 3709 3719 3720
f 3720 3719 3101
f 3720 3101 3096
f 3716 3718 3721
f 3716 3721 3719
f 3719 3721 3102
f 3719 3102 3101
f 3709 3720 3722
f 3709 3722 3710
f 3710 3722 3723
f 3710 3723 3713
f 3720 3096 3095
f 3720 3095 3722
f 3722 3095 3082
f 3722 3082 3723
f 3724 3725 3726
f 3724 3726 3727
f 3727 3726 3669
f 3727 3669 3667
f 3725 3718 3717
f 3725 3717 3726
f 3726 3717 3652
f 3726 3652 3669
f 3724 3727 3728
f 3724 3728 3729
f 3729 3728 2426
f 3729 2426 2425
f 3727 3667 3666
f 3727 3666 3728
f 3728 3666 2427
f 3728 2427 2426
f 3724 3729 3730
f 3724 3730 3731
f 3731 3730 3121
f 3731 3121 3116
f 3729 2425 2436
f 3729 2436 3730
f 3730 2436 2438
f 3730 2438 3121
f 3724 3731 3732
f 3724 3732 3725
f 3725 3732 3721
f 3725 3721 3718
f 3731 3116 3115
f 3731 3115 3732
f 3732 3115 3102
f 3732 3102 3721
f 3733 3734 3735
f 3733 3735 3736
f 3736 3735 2537
f 3736 2537 2534
f 3734 3737 3738
f 3734 3738 3735
f 3735 3738 2538
f 3735 2538 2537
f 3733 3736 3739
f 3733 3739 3740
f 3740 3739 2466
f 3740 2466 2460
f 3736 2534 2533
f 3736 2533 3739
f 3739 2533 2256
f 3739 2256 2466
f 3733 3740 3741
f 3733 3741 3742
f 3742 3741 3743
f 3742 3743 3744
f 3740 2460 2459
f 3740 2459 3741
f 3741 2459 2463
f 3741 2463 3743
f 3733 3742 3745
f 3733 3745 3734
f 3734 3745 3746
f 3734 3746 3737
f 3742 3744 3747
f 3742 3747 3745
f 3745 3747 3748
f 3745 3748 3746
f 3749 3750 3751
f 3749 3751 3752
f 3752 3751 3747
f 3752 3747 3744
f 3750 3753 3754
f 3750 3754 3751
f 3751 3754 3748
f 3751 3748 3747
f 3749 3752 3755
f 3749 3755 3756
f 3756 3755 3757
f 3756 3757 3758
f 3752 3744 3743
f 3752 3743 3755
f 3755 3743 2463
f 3755 2463 3757
f 3749 3756 3759
f 3749 3759 3760
f 3760 3759 3761
f 3760 3761 3762
f 3756 3758 3763
f 3756 3763 3759
f 3759 3763 3578
f 3759 3578 3761
f 3749 3760 3764
f 3749 3764 3750
f 3750 3764 3765
f 3750 3765 3753
f 3760 3762 3766
f 3760 3766 3764
f 3764 3766 3767
f 3764 3767 3765
f 3768 3769 3770
f 3768 3770 3771
f 3771 3770 3766
f 3771 3766 3762
f 3769 3772 3773
f 3769 3773 3770
f 3770 3773 3767
f 3770 3767 3766
f 3768 3771 3774
f 3768 3774 3775
f 3775 3774 3577
f 3775 3577 3572
f 3771 3762 3761
f 3771 3761 3774
f 3774 3761 3578
f 3774 3578 3577
f 3768 3775 3776
f 3768 3776 3777
f 3777 3776 3778
f 3777 3778 3779
f 3775 3572 3571
f 3775 3571 3776
f 3776 3571 3558
f 3776 3558 3778
f 3768 3777 3780
f 3768 3780 3769
f 3769 3780 3781
f 3769 3781 3772
f 3777 3779 3782
f 3777 3782 3780
f 3780 3782 3783
f 3780 3783 3781
f 3784 3785 3786
f 3784 3786 3787
f 3787 3786 3782
f 3787 3782 3779
f 3785 3788 3789
f 3785 3789 3786
f 3786 3789 3783
f 3786 3783 3782
f 3784 3787 3790
f 3784 3790 3791
f 3791 3790 3557
f 3791 3557 3552
f 3787 3779 3778
f 3787 3778 3790
f 3790 3778 3558
f 3790 3558 3557
f 3784 3791 3792
f 3784 3792 3793
f 3793 3792 3794
f 3793 3794 3795
f 3791 3552 3551
f 3791 3551 3792
f 3792 3551 3538
f 3792 3538 3794
f 3784 3793 3796
f 3784 3796 3785
f 3785 3796 3797
f 3785 3797 3788
f 3793 3795 3798
f 3793 3798 3796
f 3796 3798 3799
f 3796 3799 3797
f 3800 3801 3802
f 3800 3802 3803
f 3803 3802 3798
f 3803 3798 3795
f 3801 3804 3805
f 3801 3805 3802
f 3802 3805 3799
f 3802 3799 3798
f 3800 3803 3806
f 3800 3806 3807
f 3807 3806 3537
f 3807 3537 3532
f 3803 3795 3794
f 3803 3794 3806
f 3806 3794 3538
f 3806 3538 3537
f 3800 3807 3808
f 3800 3808 3809
f 3809 3808 3810
f 3809 3810 3811
f 3807 3532 3531
f 3807 3531 3808
f 3808 3531 3518
f 3808 3518 3810
f 3800 3809 3812
f 3800 3812 3801
f 3801 3812 3813
f 3801 3813 3804
f 3809 3811 3814
f 3809 3814 3812
f 3812 3814 3815
f 3812 3815 3813
f 3816 3817 3818
f 3816 3818 3819
f 3819 3818 3814
f 3819 3814 3811
f 3817 3820 3821
f 3817 3821 3818
f 3818 3821 3815
f 3818 3815 3814
f 3816 3819 3822
f 3816 3822 3823
f 3823 3822 3517
f 3823 3517 3512
f 3819 3811 3810
f 3819 3810 3822
f 3822 3810 3518
f 3822 3518 3517
f 3816 3823 3824
f 3816 3824 3825
f 3825 3824 2147
f 3825 2147 2139
f 3823 3512 3511
f 3823 3511 3824
f 3824 3511 2148
f 3824 2148 2147
f 3816 3825 3826
f 3816 3826 3817
f 3817 3826 3827
f 3817 3827 3820
f 3825 2139 2138
f 3825 2138 3826
f 3826 2138 2142
f 3826 2142 3827
f 3828 3829 3830
f 3828 3830 3831
f 3831 3830 2557
f 3831 2557 2552
f 3829 3832 3833
f 3829 3833 3830
f 3830 3833 2558
f 3830 2558 2557
f 3828 3831 3834
f 3828 3834 3835
f 3835 3834 3836
f 3835 3836 3837
f 3831 2552 2551
f 3831 2551 3834
f 3834 2551 2554
f 3834 2554 3836
f 3828 3835 3838
f 3828 3838 3839
f 3839 3838 3840
f 3839 3840 3841
f 3835 3837 3842
f 3835 3842 3838
f 3838 3842 3843
f 3838 3843 3840
f 3828 3839 3844
f 3828 3844 3829
f 3829 3844 3845
f 3829 3845 3832
f 3839 3841 3846
f 3839 3846 3844
f 3844 3846 3847
f 3844 3847 3845
f 3848 3849 3850
f 3848 3850 3851
f 3851 3850 3846
f 3851 3846 3841
f 3849 3852 3853
f 3849 3853 3850
f 3850 3853 3847
f 3850 3847 3846
f 3848 3851 3854
f 3848 3854 3855
f 3855 3854 3856
f 3855 3856 3857
f 3851 3841 3840
f 3851 3840 3854
f 3854 3840 3843
f 3854 3843 3856
f 3848 3855 3858
f 3848 3858 3859
f 3859 3858 3860
f 3859 3860 3861
f 3855 3857 3862
f 3855 3862 3858
f 3858 3862 3863
f 3858 3863 3860
f 3848 3859 3864
f 3848 3864 3849
f 3849 3864 3865
f 3849 3865 3852
f 3859 3861 3866
f 3859 3866 3864
f 3864 3866 3867
f 3864 3867 3865
f 3868 3869 3870
f 3868 3870 3871
f 3871 3870 3866
f 3871 3866 3861
f 3869 3872 3873
f 3869 3873 3870
f 3870 3873 3867
f 3870 3867 3866
f 3868 3871 3874
f 3868 3874 3875
f 3875 3874 3876
f 3875 3876 3877
f 3871 3861 3860
f 3871 3860 3874
f 3874 3860 3863
f 3874 3863 3876
f 3868 3875 3878
f 3868 3878 3879
f 3879 3878 3880
f 3879 3880 3881
f 3875 3877 3882
f 3875 3882 3878
f 3878 3882 3883
f 3878 3883 3880
f 3868 3879 3884
f 3868 3884 3869
f 3869 3884 3885
f 3869 3885 3872
f 3879 3881 3886
f 3879 3886 3884
f 3884 3886 3887
f 3884 3887 3885
f 3888 3889 3890
f 3888 3890 3891
f 3891 3890 3886
f 3891 3886 3881
f 3889 3892 3893
f 3889 3893 3890
f 3890 3893 3887
f 3890 3887 3886
f 3888 3891 3894
f 3888 3894 3895
f 3895 3894 3896
f 3895 3896 3897
f 3891 3881 3880
f 3891 3880 3894
f 3894 3880 3883
f 3894 3883 3896
f 3888 3895 3898
f 3888 3898 3899
f 3899 3898 3900
f 3899 3900 3901
f 3895 3897 3902
f 3895 3902 3898
f 3898 3902 3903
f 3898 3903 3900
f 3888 3899 3904
f 3888 3904 3889
f 3889 3904 3905
f 3889 3905 3892
f 3899 3901 3906
f 3899 3906 3904
f 3904 3906 3907
f 3904 3907 3905
f 3908 3909 3910
f 3908 3910 3911
f 3911 3910 3906
f 3911 3906 3901
f 3909 3912 3913
f 3909 3913 3910
f 3910 3913 3907
f 3910 3907 3906
f 3908 3911 3914
f 3908 3914 3915
f 3915 3914 3916
f 3915 3916 3917
f 3911 3901 3900
f 3911 3900 3914
f 3914 3900 3903
f 3914 3903 3916
f 3908 3915 3918
f 3908 3918 3919
f 3919 3918 3920
f 3919 3920 3921
f 3915 3917 3922
f 3915 3922 3918
f 3918 3922 3923
f 3918 3923 3920
f 3908 3919 3924
f 3908 3924 3909
f 3909 3924 3925
f 3909 3925 3912
f 3919 3921 3926
f 3919 3926 3924
f 3924 3926 3927
f 3924 3927 3925
f 3928 3929 3930
f 3928 3930 3931
f 3931 3930 3926
f 3931 3926 3921
f 3929 3932 3933
f 3929 3933 3930
f 3930 3933 3927
f 3930 3927 3926
f 3928 3931 3934
f 3928 3934 3935
f 3935 3934 3936
f 3935 3936 3937
f 3931 3921 3920
f 3931 3920 3934
f 3934 3920 3923
f 3934 3923 3936
f 3928 3935 3938
f 3928 3938 3939
f 3939 3938 2129
f 3939 2129 2123
f 3935 3937 3940
f 3935 3940 3938
f 3938 3940 2090
f 3938 2090 2129
f 3928 3939 3941
f 3928 3941 3929
f 3929 3941 3942
f 3929 3942 3932
f 3939 2123 2122
f 3939 2122 3941
f 3941 2122 2126
f 3941 2126 3942
f 3943 3944 3945
f 3943 3945 3946
f 3946 3945 2574
f 3946 2574 2570
f 3944 3837 3836
f 3944 3836 3945
f 3945 3836 2554
f 3945 2554 2574
f 3943 3946 3947
f 3943 3947 3948
f 3948 3947 3949
f 3948 3949 3950
f 3946 2570 2569
f 3946 2569 3947
f 3947 2569 2572
f 3947 2572 3949
f 3943 3948 3951
f 3943 3951 3952
f 3952 3951 3953
f 3952 3953 3954
f 3948 3950 3955
f 3948 3955 3951
f 3951 3955 3956
f 3951 3956 3953
f 3943 3952 3957
f 3943 3957 3944
f 3944 3957 3842
f 3944 3842 3837
f 3952 3954 3958
f 3952 3958 3957
f 3957 3958 3843
f 3957 3843 3842
f 3959 3960 3961
f 3959 3961 3962
f 3962 3961 3958
f 3962 3958 3954
f 3960 3857 3856
f 3960 3856 3961
f 3961 3856 3843
f 3961 3843 3958
f 3959 3962 3963
f 3959 3963 3964
f 3964 3963 3965
f 3964 3965 3966
f 3962 3954 3953
f 3962 3953 3963
f 3963 3953 3956
f 3963 3956 3965
f 3959 3964 3967
f 3959 3967 3968
f 3968 3967 3969
f 3968 3969 3970
f 3964 3966 3971
f 3964 3971 3967
f 3967 3971 3972
f 3967 3972 3969
f 3959 3968 3973
f 3959 3973 3960
f 3960 3973 3862
f 3960 3862 3857
f 3968 3970 3974
f 3968 3974 3973
f 3973 3974 3863
f 3973 3863 3862
f 3975 3976 3977
f 3975 3977 3978
f 3978 3977 3974
f 3978 3974 3970
f 3976 3877 3876
f 3976 3876 3977
f 3977 3876 3863
f 3977 3863 3974
f 3975 3978 3979
f 3975 3979 3980
f 3980 3979 3981
f 3980 3981 3982
f 3978 3970 3969
f 3978 3969 3979
f 3979 3969 3972
f 3979 3972 3981
f 3975 3980 3983
f 3975 3983 3984
f 3984 3983 3985
f 3984 3985 3986
f 3980 3982 3987
f 3980 3987 3983
f 3983 3987 3988
f 3983 3988 3985
f 3975 3984 3989
f 3975 3989 3976
f 3976 3989 3882
f 3976 3882 3877
f 3984 3986 3990
f 3984 3990 3989
f 3989 3990 3883
f 3989 3883 3882
f 3991 3992 3993
f 3991 3993 3994
f 3994 3993 3990
f 3994 3990 3986
f 3992 3897 3896
f 3992 3896 3993
f 3993 3896 3883
f 3993 3883 3990
f 3991 3994 3995
f 3991 3995 3996
f 3996 3995 3997
f 3996 3997 3998
f 3994 3986 3985
f 3994 3985 3995
f 3995 3985 3988
f 3995 3988 3997
f 3991 3996 3999
f 3991 3999 4000
f 4000 3999 4001
f 4000 4001 4002
f 3996 3998 4003
f 3996 4003 3999
f 3999 4003 4004
f 3999 4004 4001
f 3991 4000 4005
f 3991 4005 3992
f 3992 4005 3902
f 3992 3902 3897
f 4000 4002 4006
f 4000 4006 4005
f 4005 4006 3903
f 4005 3903 3902
f 4007 4008 4009
f 4007 4009 4010
f 4010 4009 4006
f 4010 4006 4002
f 4008 3917 3916
f 4008 3916 4009
f 4009 3916 3903
f 4009 3903 4006
f 4007 4010 4011
f 4007 4011 4012
f 4012 4011 4013
f 4012 4013 4014
f 4010 4002 4001
f 4010 4001 4011
f 4011 4001 4004
f 4011 4004 4013
f 4007 4012 4015
f 4007 4015 4016
f 4016 4015 4017
f 4016 4017 4018
f 4012 4014 4019
f 4012 4019 4015
f 4015 4019 4020
f 4015 4020 4017
f 4007 4016 4021
f 4007 4021 4008
f 4008 4021 3922
f 4008 3922 3917
f 4016 4018 4022
f 4016 4022 4021
f 4021 4022 3923
f 4021 3923 3922
f 4023 4024 4025
f 4023 4025 4026
f 4026 4025 4022
f 4026 4022 4018
f 4024 3937 3936
f 4024 3936 4025
f 4025 3936 3923
f 4025 3923 4022
f 4023 4026 4027
f 4023 4027 4028
f 4028 4027 4029
f 4028 4029 4030
f 4026 4018 4017
f 4026 4017 4027
f 4027 4017 4020
f 4027 4020 4029
f 4023 4028 4031
f 4023 4031 4032
f 4032 4031 2095
f 4032 2095 2087
f 4028 4030 4033
f 4028 4033 4031
f 4031 4033 2096
f 4031 2096 2095
f 4023 4032 4034
f 4023 4034 4024
f 4024 4034 3940
f 4024 3940 3937
f 4032 2087 2086
f 4032 2086 4034
f 4034 2086 2090
f 4034 2090 3940
f 4035 4036 4037
f 4035 4037 4038
f 4038 4037 2749
f 4038 2749 2746
f 4036 4039 4040
f 4036 4040 4037
f 4037 4040 2750
f 4037 2750 2749
f 4035 4038 4041
f 4035 4041 4042
f 4042 4041 4043
f 4042 4043 4044
f 4038 2746 2745
f 4038 2745 4041
f 4041 2745 2594
f 4041 2594 4043
f 4035 4042 4045
f 4035 4045 4046
f 4046 4045 4047
f 4046 4047 4048
f 4042 4044 4049
f 4042 4049 4045
f 4045 4049 4050
f 4045 4050 4047
f 4035 4046 4051
f 4035 4051 4036
f 4036 4051 4052
f 4036 4052 4039
f 4046 4048 4053
f 4046 4053 4051
f 4051 4053 4054
f 4051 4054 4052
f 4055 4056 4057
f 4055 4057 4058
f 4058 4057 4053
f 4058 4053 4048
f 4056 4059 4060
f 4056 4060 4057
f 4057 4060 4054
f 4057 4054 4053
f 4055 4058 4061
f 4055 4061 4062
f 4062 4061 4063
f 4062 4063 4064
f 4058 4048 4047
f 4058 4047 4061
f 4061 4047 4050
f 4061 4050 4063
f 4055 4062 4065
f 4055 4065 4066
f 4066 4065 4067
f 4066 4067 4068
f 4062 4064 4069
f 4062 4069 4065
f 4065 4069 4070
f 4065 4070 4067
f 4055 4066 4071
f 4055 4071 4056
f 4056 4071 4072
f 4056 4072 4059
f 4066 4068 4073
f 4066 4073 4071
f 4071 4073 4074
f 4071 4074 4072
f 4075 4076 4077
f 4075 4077 4078
f 4078 4077 4073
f 4078 4073 4068
f 4076 4079 4080
f 4076 4080 4077
f 4077 4080 4074
f 4077 4074 4073
f 4075 4078 4081
f 4075 4081 4082
f 4082 4081 4083
f 4082 4083 4084
f 4078 4068 4067
f 4078 4067 4081
f 4081 4067 4070
f 4081 4070 4083
f 4075 4082 4085
f 4075 4085 4086
f 4086 4085 4087
f 4086 4087 4088
f 4082 4084 4089
f 4082 4089 4085
f 4085 4089 4090
f 4085 4090 4087
f 4075 4086 4091
f 4075 4091 4076
f 4076 4091 4092
f 4076 4092 4079
f 4086 4088 4093
f 4086 4093 4091
f 4091 4093 4094
f 4091 4094 4092
f 4095 4096 4097
f 4095 4097 4098
f 4098 4097 4093
f 4098 4093 4088
f 4096 4099 4100
f 4096 4100 4097
f 4097 4100 4094
f 4097 4094 4093
f 4095 4098 4101
f 4095 4101 4102
f 4102 4101 4103
f 4102 4103 4104
f 4098 4088 4087
f 4098 4087 4101
f 4101 4087 4090
f 4101 4090 4103
f 4095 4102 4105
f 4095 4105 4106
f 4106 4105 4107
f 4106 4107 4108
f 4102 4104 4109
f 4102 4109 4105
f 4105 4109 4110
f 4105 4110 4107
f 4095 4106 4111
f 4095 4111 4096
f 4096 4111 4112
f 4096 4112 4099
f 4106 4108 4113
f 4106 4113 4111
f 4111 4113 4114
f 4111 4114 4112
f 4115 4116 4117
f 4115 4117 4118
f 4118 4117 4113
f 4118 4113 4108
f 4116 4119 4120
f 4116 4120 4117
f 4117 4120 4114
f 4117 4114 4113
f 4115 4118 4121
f 4115 4121 4122
f 4122 4121 4123
f 4122 4123 4124
f 4118 4108 4107
f 4118 4107 4121
f 4121 4107 4110
f 4121 4110 4123
f 4115 4122 4125
f 4115 4125 4126
f 4126 4125 4127
f 4126 4127 4128
f 4122 4124 4129
f 4122 4129 4125
f 4125 4129 4130
f 4125 4130 4127
f 4115 4126 4131
f 4115 4131 4116
f 4116 4131 4132
f 4116 4132 4119
f 4126 4128 4133
f 4126 4133 4131
f 4131 4133 4134
f 4131 4134 4132
f 4135 4136 4137
f 4135 4137 4138
f 4138 4137 4133
f 4138 4133 4128
f 4136 4139 4140
f 4136 4140 4137
f 4137 4140 4134
f 4137 4134 4133
f 4135 4138 4141
f 4135 4141 4142
f 4142 4141 4143
f 4142 4143 4144
f 4138 4128 4127
f 4138 4127 4141
f 4141 4127 4130
f 4141 4130 4143
f 4135 4142 4145
f 4135 4145 4146
f 4146 4145 2059
f 4146 2059 2053
f 4142 4144 4147
f 4142 4147 4145
f 4145 4147 2011
f 4145 2011 2059
f 4135 4146 4148
f 4135 4148 4136
f 4136 4148 4149
f 4136 4149 4139
f 4146 2053 2052
f 4146 2052 4148
f 4148 2052 2056
f 4148 2056 4149
f 4150 4151 4152
f 4150 4152 4153
f 4153 4152 2593
f 4153 2593 2588
f 4151 4044 4043
f 4151 4043 4152
f 4152 4043 2594
f 4152 2594 2593
f 4150 4153 4154
f 4150 4154 4155
f 4155 4154 4156
f 4155 4156 4157
f 4153 2588 2587
f 4153 2587 4154
f 4154 2587 2590
f 4154 2590 4156
f 4150 4155 4158
f 4150 4158 4159
f 4159 4158 4160
f 4159 4160 4161
f 4155 4157 4162
f 4155 4162 4158
f 4158 4162 4163
f 4158 4163 4160
f 4150 4159 4164
f 4150 4164 4151
f 4151 4164 4049
f 4151 4049 4044
f 4159 4161 4165
f 4159 4165 4164
f 4164 4165 4050
f 4164 4050 4049
f 4166 4167 4168
f 4166 4168 4169
f 4169 4168 4165
f 4169 4165 4161
f 4167 4064 4063
f 4167 4063 4168
f 4168 4063 4050
f 4168 4050 4165
f 4166 4169 4170
f 4166 4170 4171
f 4171 4170 4172
f 4171 4172 4173
f 4169 4161 4160
f 4169 4160 4170
f 4170 4160 4163
f 4170 4163 4172
f 4166 4171 4174
f 4166 4174 4175
f 4175 4174 4176
f 4175 4176 4177
f 4171 4173 4178
f 4171 4178 4174
f 4174 4178 4179
f 4174 4179 4176
f 4166 4175 4180
f 4166 4180 4167
f 4167 4180 4069
f 4167 4069 4064
f 4175 4177 4181
f 4175 4181 4180
f 4180 4181 4070
f 4180 4070 4069
f 4182 4183 4184
f 4182 4184 4185
f 4185 4184 4181
f 4185 4181 4177
f 4183 4084 4083
f 4183 4083 4184
f 4184 4083 4070
f 4184 4070 4181
f 4182 4185 4186
f 4182 4186 4187
f 4187 4186 4188
f 4187 4188 4189
f 4185 4177 4176
f 4185 4176 4186
f 4186 4176 4179
f 4186 4179 4188
f 4182 4187 4190
f 4182 4190 4191
f 4191 4190 4192
f 4191 4192 4193
f 4187 4189 4194
f 4187 4194 4190
f 4190 4194 4195
f 4190 4195 4192
f 4182 4191 4196
f 4182 4196 4183
f 4183 4196 4089
f 4183 4089 4084
f 4191 4193 4197
f 4191 4197 4196
f 4196 4197 4090
f 4196 4090 4089
f 4198 4199 4200
f 4198 4200 4201
f 4201 4200 4197
f 4201 4197 4193
f 4199 4104 4103
f 4199 4103 4200
f 4200 4103 4090
f 4200 4090 4197
f 4198 4201 4202
f 4198 4202 4203
f 4203 4202 4204
f 4203 4204 4205
f 4201 4193 4192
f 4201 4192 4202
f 4202 4192 4195
f 4202 4195 4204
f 4198 4203 4206
f 4198 4206 4207
f 4207 4206 4208
f 4207 4208 4209
f 4203 4205 4210
f 4203 4210 4206
f 4206 4210 4211
f 4206 4211 4208
f 4198 4207 4212
f 4198 4212 4199
f 4199 4212 4109
f 4199 4109 4104
f 4207 4209 4213
f 4207 4213 4212
f 4212 4213 4110
f 4212 4110 4109
f 4214 4215 4216
f 4214 4216 4217
f 4217 4216 4213
f 4217 4213 4209
f 4215 4124 4123
f 4215 4123 4216
f 4216 4123 4110
f 4216 4110 4213
f 4214 4217 4218
f 4214 4218 4219
f 4219 4218 4220
f 4219 4220 4221
f 4217 4209 4208
f 4217 4208 4218
f 4218 4208 4211
f 4218 4211 4220
f 4214 4219 4222
f 4214 4222 4223
f 4223 4222 4224
f 4223 4224 4225
f 4219 4221 4226
f 4219 4226 4222
f 4222 4226 4227
f 4222 4227 4224
f 4214 4223 4228
f 4214 4228 4215
f 4215 4228 4129
f 4215 4129 4124
f 4223 4225 4229
f 4223 4229 4228
f 4228 4229 4130
f 4228 4130 4129
f 4230 4231 4232
f 4230 4232 4233
f 4233 4232 4229
f 4233 4229 4225
f 4231 4144 4143
f 4231 4143 4232
f 4232 4143 4130
f 4232 4130 4229
f 4230 4233 4234
f 4230 4234 4235
f 4235 4234 4236
f 4235 4236 4237
f 4233 4225 4224
f 4233 4224 4234
f 4234 4224 4227
f 4234 4227 4236
f 4230 4235 4238
f 4230 4238 4239
f 4239 4238 2016
f 4239 2016 2008
f 4235 4237 4240
f 4235 4240 4238
f 4238 4240 2017
f 4238 2017 2016
f 4230 4239 4241
f 4230 4241 4231
f 4231 4241 4147
f 4231 4147 4144
f 4239 2008 2007
f 4239 2007 4241
f 4241 2007 2011
f 4241 2011 4147
f 4242 4243 4244
f 4242 4244 4245
f 4245 4244 2669
f 4245 2669 2666
f 4243 4246 4247
f 4243 4247 4244
f 4244 4247 2670
f 4244 2670 2669
f 4242 4245 4248
f 4242 4248 4249
f 4249 4248 4250
f 4249 4250 4251
f 4245 2666 2665
f 4245 2665 4248
f 4248 2665 2201
f 4248 2201 4250
f 4242 4249 4252
f 4242 4252 4253
f 4253 4252 4254
f 4253 4254 4255
f 4249 4251 4256
f 4249 4256 4252
f 4252 4256 3337
f 4252 3337 4254
f 4242 4253 4257
f 4242 4257 4243
f 4243 4257 4258
f 4243 4258 4246
f 4253 4255 4259
f 4253 4259 4257
f 4257 4259 4260
f 4257 4260 4258
f 4261 4262 4263
f 4261 4263 4264
f 4264 4263 4259
f 4264 4259 4255
f 4262 4265 4266
f 4262 4266 4263
f 4263 4266 4260
f 4263 4260 4259
f 4261 4264 4267
f 4261 4267 4268
f 4268 4267 3336
f 4268 3336 3331
f 4264 4255 4254
f 4264 4254 4267
f 4267 4254 3337
f 4267 3337 3336
f 4261 4268 4269
f 4261 4269 4270
f 4270 4269 4271
f 4270 4271 4272
f 4268 3331 3330
f 4268 3330 4269
f 4269 3330 3317
f 4269 3317 4271
f 4261 4270 4273
f 4261 4273 4262
f 4262 4273 4274
f 4262 4274 4265
f 4270 4272 4275
f 4270 4275 4273
f 4273 4275 4276
f 4273 4276 4274
f 4277 4278 4279
f 4277 4279 4280
f 4280 4279 4275
f 4280 4275 4272
f 4278 4281 4282
f 4278 4282 4279
f 4279 4282 4276
f 4279 4276 4275
f 4277 4280 4283
f 4277 4283 4284
f 4284 4283 3316
f 4284 3316 3311
f 4280 4272 4271
f 4280 4271 4283
f 4283 4271 3317
f 4283 3317 3316
f 4277 4284 4285
f 4277 4285 4286
f 4286 4285 4287
f 4286 4287 4288
f 4284 3311 3310
f 4284 3310 4285
f 4285 3310 3297
f 4285 3297 4287
f 4277 4286 4289
f 4277 4289 4278
f 4278 4289 4290
f 4278 4290 4281
f 4286 4288 4291
f 4286 4291 4289
f 4289 4291 4292
f 4289 4292 4290
f 4293 4294 4295
f 4293 4295 4296
f 4296 4295 4291
f 4296 4291 4288
f 4294 4297 4298
f 4294 4298 4295
f 4295 4298 4292
f 4295 4292 4291
f 4293 4296 4299
f 4293 4299 4300
f 4300 4299 3296
f 4300 3296 3291
f 4296 4288 4287
f 4296 4287 4299
f 4299 4287 3297
f 4299 3297 3296
f 4293 4300 4301
f 4293 4301 4302
f 4302 4301 4303
f 4302 4303 4304
f 4300 3291 3290
f 4300 3290 4301
f 4301 3290 3277
f 4301 3277 4303
f 4293 4302 4305
f 4293 4305 4294
f 4294 4305 4306
f 4294 4306 4297
f 4302 4304 4307
f 4302 4307 4305
f 4305 4307 4308
f 4305 4308 4306
f 4309 4310 4311
f 4309 4311 4312
f 4312 4311 4307
f 4312 4307 4304
f 4310 4313 4314
f 4310 4314 4311
f 4311 4314 4308
f 4311 4308 4307
f 4309 4312 4315
f 4309 4315 4316
f 4316 4315 3276
f 4316 3276 3271
f 4312 4304 4303
f 4312 4303 4315
f 4315 4303 3277
f 4315 3277 3276
f 4309 4316 4317
f 4309 4317 4318
f 4318 4317 4319
f 4318 4319 4320
f 4316 3271 3270
f 4316 3270 4317
f 4317 3270 3257
f 4317 3257 4319
f 4309 4318 4321
f 4309 4321 4310
f 4310 4321 4322
f 4310 4322 4313
f 4318 4320 4323
f 4318 4323 4321
f 4321 4323 4324
f 4321 4324 4322
f 4325 4326 4327
f 4325 4327 4328
f 4328 4327 4323
f 4328 4323 4320
f 4326 4329 4330
f 4326 4330 4327
f 4327 4330 4324
f 4327 4324 4323
f 4325 4328 4331
f 4325 4331 4332
f 4332 4331 3256
f 4332 3256 3251
f 4328 4320 4319
f 4328 4319 4331
f 4331 4319 3257
f 4331 3257 3256
f 4325 4332 4333
f 4325 4333 4334
f 4334 4333 1483
f 4334 1483 1475
f 4332 3251 3250
f 4332 3250 4333
f 4333 3250 1484
f 4333 1484 1483
f 4325 4334 4335
f 4325 4335 4326
f 4326 4335 4336
f 4326 4336 4329
f 4334 1475 1474
f 4334 1474 4335
f 4335 1474 1478
f 4335 1478 4336
f 4337 4338 4339
f 4337 4339 4340
f 4340 4339 3376
f 4340 3376 3372
f 4338 3432 3431
f 4338 3431 4339
f 4339 3431 3358
f 4339 3358 3376
f 4337 4340 4341
f 4337 4341 4342
f 4342 4341 3442
f 4342 3442 3441
f 4340 3372 3371
f 4340 3371 4341
f 4341 3371 3374
f 4341 3374 3442
f 4337 4342 4343
f 4337 4343 4344
f 4344 4343 3160
f 4344 3160 3155
f 4342 3441 3451
f 4342 3451 4343
f 4343 3451 3161
f 4343 3161 3160
f 4337 4344 4345
f 4337 4345 4338
f 4338 4345 3435
f 4338 3435 3432
f 4344 3155 3154
f 4344 3154 4345
f 4345 3154 3141
f 4345 3141 3435
f 4346 4347 4348
f 4346 4348 4349
f 4349 4348 3526
f 4349 3526 3522
f 4347 3594 3593
f 4347 3593 4348
f 4348 3593 3504
f 4348 3504 3526
f 4346 4349 4350
f 4346 4350 4351
f 4351 4350 3608
f 4351 3608 3607
f 4349 3522 3521
f 4349 3521 4350
f 4350 3521 3524
f 4350 3524 3608
f 4346 4351 4352
f 4346 4352 4353
f 4353 4352 3692
f 4353 3692 3687
f 4351 3607 3620
f 4351 3620 4352
f 4352 3620 3622
f 4352 3622 3692
f 4346 4353 4354
f 4346 4354 4347
f 4347 4354 3599
f 4347 3599 3594
f 4353 3687 3686
f 4353 3686 4354
f 4354 3686 3600
f 4354 3600 3599
f 4355 4356 4357
f 4355 4357 4358
f 4358 4357 3305
f 4358 3305 3301
f 4356 3384 3383
f 4356 3383 4357
f 4357 3383 3283
f 4357 3283 3305
f 4355 4358 4359
f 4355 4359 4360
f 4360 4359 3398
f 4360 3398 3397
f 4358 3301 3300
f 4358 3300 4359
f 4359 3300 3303
f 4359 3303 3398
f 4355 4360 4361
f 4355 4361 4362
f 4362 4361 3462
f 4362 3462 3457
f 4360 3397 3410
f 4360 3410 4361
f 4361 3410 3412
f 4361 3412 3462
f 4355 4362 4363
f 4355 4363 4356
f 4356 4363 3389
f 4356 3389 3384
f 4362 3457 3456
f 4362 3456 4363
f 4363 3456 3390
f 4363 3390 3389
f 4364 4365 4366
f 4364 4366 4367
f 4367 4366 3638
f 4367 3638 3634
f 4365 3704 3703
f 4365 3703 4366
f 4366 3703 3618
f 4366 3618 3638
f 4364 4367 4368
f 4364 4368 4369
f 4369 4368 3714
f 4369 3714 3713
f 4367 3634 3633
f 4367 3633 4368
f 4368 3633 3636
f 4368 3636 3714
f 4364 4369 4370
f 4364 4370 4371
f 4371 4370 3081
f 4371 3081 3076
f 4369 3713 3723
f 4369 3723 4370
f 4370 3723 3082
f 4370 3082 3081
f 4364 4371 4372
f 4364 4372 4365
f 4365 4372 3707
f 4365 3707 3704
f 4371 3076 3075
f 4371 3075 4372
f 4372 3075 3062
f 4372 3062 3707
f 4373 4374 4375
f 4373 4375 4376
f 4376 4375 2502
f 4376 2502 2496
f 4374 2199 2210
f 4374 2210 4375
f 4375 2210 2212
f 4375 2212 2502
f 4373 4376 4377
f 4373 4377 4378
f 4378 4377 3342
f 4378 3342 3335
f 4376 2496 2495
f 4376 2495 4377
f 4377 2495 2499
f 4377 2499 3342
f 4373 4378 4379
f 4373 4379 4380
f 4380 4379 4256
f 4380 4256 4251
f 4378 3335 3334
f 4378 3334 4379
f 4379 3334 3337
f 4379 3337 4256
f 4373 4380 4381
f 4373 4381 4374
f 4374 4381 2200
f 4374 2200 2199
f 4380 4251 4250
f 4380 4250 4381
f 4381 4250 2201
f 4381 2201 2200
f 4382 4383 4384
f 4382 4384 4385
f 4385 4384 4386
f 4385 4386 4387
f 4383 2034 2045
f 4383 2045 4384
f 4384 2045 2047
f 4384 2047 4386
f 4382 4385 4388
f 4382 4388 4389
f 4389 4388 3126
f 4389 3126 3120
f 4385 4387 4390
f 4385 4390 4388
f 4388 4390 3127
f 4388 3127 3126
f 4382 4389 4391
f 4382 4391 4392
f 4392 4391 2437
f 4392 2437 2434
f 4389 3120 3119
f 4389 3119 4391
f 4391 3119 2438
f 4391 2438 2437
f 4382 4392 4393
f 4382 4393 4383
f 4383 4393 2035
f 4383 2035 2034
f 4392 2434 2433
f 4392 2433 4393
f 4393 2433 2036
f 4393 2036 2035
f 4394 4395 4396
f 4394 4396 4397
f 4397 4396 3226
f 4397 3226 3219
f 4395 4398 4399
f 4395 4399 4396
f 4396 4399 3227
f 4396 3227 3226
f 4394 4397 4400
f 4394 4400 4401
f 4401 4400 3490
f 4401 3490 3488
f 4397 3219 3218
f 4397 3218 4400
f 4400 3218 3221
f 4400 3221 3490
f 4394 4401 4402
f 4394 4402 4403
f 4403 4402 2512
f 4403 2512 2511
f 4401 3488 3487
f 4401 3487 4402
f 4402 3487 2490
f 4402 2490 2512
f 4394 4403 4404
f 4394 4404 4395
f 4395 4404 4405
f 4395 4405 4398
f 4403 2511 2520
f 4403 2520 4404
f 4404 2520 2522
f 4404 2522 4405
f 4406 4407 4408
f 4406 4408 4409
f 4409 4408 3663
f 4409 3663 3660
f 4407 2461 2470
f 4407 2470 4408
f 4408 2470 2447
f 4408 2447 3663
f 4406 4409 4410
f 4406 4410 4411
f 4411 4410 3583
f 4411 3583 3576
f 4409 3660 3659
f 4409 3659 4410
f 4410 3659 3584
f 4410 3584 3583
f 4406 4411 4412
f 4406 4412 4413
f 4413 4412 3763
f 4413 3763 3758
f 4411 3576 3575
f 4411 3575 4412
f 4412 3575 3578
f 4412 3578 3763
f 4406 4413 4414
f 4406 4414 4407
f 4407 4414 2462
f 4407 2462 2461
f 4413 3758 3757
f 4413 3757 4414
f 4414 3757 2463
f 4414 2463 2462
f 4415 4416 4417
f 4415 4417 4418
f 4418 4417 4419
f 4418 4419 4420
f 4416 3165 3164
f 4416 3164 4417
f 4417 3164 3167
f 4417 3167 4419
f 4415 4418 4421
f 4415 4421 4422
f 4422 4421 4140
f 4422 4140 4139
f 4418 4420 4423
f 4418 4423 4421
f 4421 4423 4134
f 4421 4134 4140
f 4415 4422 4424
f 4415 4424 4425
f 4425 4424 4426
f 4425 4426 4427
f 4422 4139 4149
f 4422 4149 4424
f 4424 4149 2056
f 4424 2056 4426
f 4415 4425 4428
f 4415 4428 4416
f 4416 4428 3169
f 4416 3169 3165
f 4425 4427 4429
f 4425 4429 4428
f 4428 4429 3147
f 4428 3147 3169
f 4430 4431 4432
f 4430 4432 4433
f 4433 4432 4434
f 4433 4434 4435
f 4431 3185 3184
f 4431 3184 4432
f 4432 3184 3187
f 4432 3187 4434
f 4430 4433 4436
f 4430 4436 4437
f 4437 4436 4120
f 4437 4120 4119
f 4433 4435 4438
f 4433 4438 4436
f 4436 4438 4114
f 4436 4114 4120
f 4430 4437 4439
f 4430 4439 4440
f 4440 4439 4423
f 4440 4423 4420
f 4437 4119 4132
f 4437 4132 4439
f 4439 4132 4134
f 4439 4134 4423
f 4430 4440 4441
f 4430 4441 4431
f 4431 4441 3189
f 4431 3189 3185
f 4440 4420 4419
f 4440 4419 4441
f 4441 4419 3167
f 4441 3167 3189
f 4442 4443 4444
f 4442 4444 4445
f 4445 4444 4446
f 4445 4446 4447
f 4443 3205 3204
f 4443 3204 4444
f 4444 3204 3207
f 4444 3207 4446
f 4442 4445 4448
f 4442 4448 4449
f 4449 4448 4100
f 4449 4100 4099
f 4445 4447 4450
f 4445 4450 4448
f 4448 4450 4094
f 4448 4094 4100
f 4442 4449 4451
f 4442 4451 4452
f 4452 4451 4438
f 4452 4438 4435
f 4449 4099 4112
f 4449 4112 4451
f 4451 4112 4114
f 4451 4114 4438
f 4442 4452 4453
f 4442 4453 4443
f 4443 4453 3209
f 4443 3209 3205
f 4452 4435 4434
f 4452 4434 4453
f 4453 4434 3187
f 4453 3187 3209
f 4454 4455 4456
f 4454 4456 4457
f 4457 4456 4458
f 4457 4458 4459
f 4455 3225 3224
f 4455 3224 4456
f 4456 3224 3227
f 4456 3227 4458
f 4454 4457 4460
f 4454 4460 4461
f 4461 4460 4080
f 4461 4080 4079
f 4457 4459 4462
f 4457 4462 4460
f 4460 4462 4074
f 4460 4074 4080
f 4454 4461 4463
f 4454 4463 4464
f 4464 4463 4450
f 4464 4450 4447
f 4461 4079 4092
f 4461 4092 4463
f 4463 4092 4094
f 4463 4094 4450
f 4454 4464 4465
f 4454 4465 4455
f 4455 4465 3229
f 4455 3229 3225
f 4464 4447 4446
f 4464 4446 4465
f 4465 4446 3207
f 4465 3207 3229
f 4466 4467 4468
f 4466 4468 4469
f 4469 4468 4470
f 4469 4470 4471
f 4467 4398 4405
f 4467 4405 4468
f 4468 4405 2522
f 4468 2522 4470
f 4466 4469 4472
f 4466 4472 4473
f 4473 4472 4060
f 4473 4060 4059
f 4469 4471 4474
f 4469 4474 4472
f 4472 4474 4054
f 4472 4054 4060
f 4466 4473 4475
f 4466 4475 4476
f 4476 4475 4462
f 4476 4462 4459
f 4473 4059 4072
f 4473 4072 4475
f 4475 4072 4074
f 4475 4074 4462
f 4466 4476 4477
f 4466 4477 4467
f 4467 4477 4399
f 4467 4399 4398
f 4476 4459 4458
f 4476 4458 4477
f 4477 4458 3227
f 4477 3227 4399
f 4478 4479 4480
f 4478 4480 4481
f 4481 4480 4482
f 4481 4482 4483
f 4479 2518 2517
f 4479 2517 4480
f 4480 2517 2192
f 4480 2192 4482
f 4478 4481 4484
f 4478 4484 4485
f 4485 4484 4040
f 4485 4040 4039
f 4481 4483 4486
f 4481 4486 4484
f 4484 4486 2750
f 4484 2750 4040
f 4478 4485 4487
f 4478 4487 4488
f 4488 4487 4474
f 4488 4474 4471
f 4485 4039 4052
f 4485 4052 4487
f 4487 4052 4054
f 4487 4054 4474
f 4478 4488 4489
f 4478 4489 4479
f 4479 4489 2521
f 4479 2521 2518
f 4488 4471 4470
f 4488 4470 4489
f 4489 4470 2522
f 4489 2522 2521
f 4490 4491 4492
f 4490 4492 4493
f 4493 4492 4494
f 4493 4494 4495
f 4491 4237 4236
f 4491 4236 4492
f 4492 4236 4227
f 4492 4227 4494
f 4490 4493 4496
f 4490 4496 4497
f 4497 4496 3821
f 4497 3821 3820
f 4493 4495 4498
f 4493 4498 4496
f 4496 4498 3815
f 4496 3815 3821
f 4490 4497 4499
f 4490 4499 4500
f 4500 4499 4501
f 4500 4501 4502
f 4497 3820 3827
f 4497 3827 4499
f 4499 3827 2142
f 4499 2142 4501
f 4490 4500 4503
f 4490 4503 4491
f 4491 4503 4240
f 4491 4240 4237
f 4500 4502 4504
f 4500 4504 4503
f 4503 4504 2017
f 4503 2017 4240
f 4505 4506 4507
f 4505 4507 4508
f 4508 4507 4509
f 4508 4509 4510
f 4506 4221 4220
f 4506 4220 4507
f 4507 4220 4211
f 4507 4211 4509
f 4505 4508 4511
f 4505 4511 4512
f 4512 4511 3805
f 4512 3805 3804
f 4508 4510 4513
f 4508 4513 4511
f 4511 4513 3799
f 4511 3799 3805
f 4505 4512 4514
f 4505 4514 4515
f 4515 4514 4498
f 4515 4498 4495
f 4512 3804 3813
f 4512 3813 4514
f 4514 3813 3815
f 4514 3815 4498
f 4505 4515 4516
f 4505 4516 4506
f 4506 4516 4226
f 4506 4226 4221
f 4515 4495 4494
f 4515 4494 4516
f 4516 4494 4227
f 4516 4227 4226
f 4517 4518 4519
f 4517 4519 4520
f 4520 4519 4521
f 4520 4521 4522
f 4518 4205 4204
f 4518 4204 4519
f 4519 4204 4195
f 4519 4195 4521
f 4517 4520 4523
f 4517 4523 4524
f 4524 4523 3789
f 4524 3789 3788
f 4520 4522 4525
f 4520 4525 4523
f 4523 4525 3783
f 4523 3783 3789
f 4517 4524 4526
f 4517 4526 4527
f 4527 4526 4513
f 4527 4513 4510
f 4524 3788 3797
f 4524 3797 4526
f 4526 3797 3799
f 4526 3799 4513
f 4517 4527 4528
f 4517 4528 4518
f 4518 4528 4210
f 4518 4210 4205
f 4527 4510 4509
f 4527 4509 4528
f 4528 4509 4211
f 4528 4211 4210
f 4529 4530 4531
f 4529 4531 4532
f 4532 4531 4533
f 4532 4533 4534
f 4530 4189 4188
f 4530 4188 4531
f 4531 4188 4179
f 4531 4179 4533
f 4529 4532 4535
f 4529 4535 4536
f 4536 4535 3773
f 4536 3773 3772
f 4532 4534 4537
f 4532 4537 4535
f 4535 4537 3767
f 4535 3767 3773
f 4529 4536 4538
f 4529 4538 4539
f 4539 4538 4525
f 4539 4525 4522
f 4536 3772 3781
f 4536 3781 4538
f 4538 3781 3783
f 4538 3783 4525
f 4529 4539 4540
f 4529 4540 4530
f 4530 4540 4194
f 4530 4194 4189
f 4539 4522 4521
f 4539 4521 4540
f 4540 4521 4195
f 4540 4195 4194
f 4541 4542 4543
f 4541 4543 4544
f 4544 4543 4545
f 4544 4545 4546
f 4542 4173 4172
f 4542 4172 4543
f 4543 4172 4163
f 4543 4163 4545
f 4541 4544 4547
f 4541 4547 4548
f 4548 4547 3754
f 4548 3754 3753
f 4544 4546 4549
f 4544 4549 4547
f 4547 4549 3748
f 4547 3748 3754
f 4541 4548 4550
f 4541 4550 4551
f 4551 4550 4537
f 4551 4537 4534
f 4548 3753 3765
f 4548 3765 4550
f 4550 3765 3767
f 4550 3767 4537
f 4541 4551 4552
f 4541 4552 4542
f 4542 4552 4178
f 4542 4178 4173
f 4551 4534 4533
f 4551 4533 4552
f 4552 4533 4179
f 4552 4179 4178
f 4553 4554 4555
f 4553 4555 4556
f 4556 4555 4557
f 4556 4557 4558
f 4554 4157 4156
f 4554 4156 4555
f 4555 4156 2590
f 4555 2590 4557
f 4553 4556 4559
f 4553 4559 4560
f 4560 4559 3738
f 4560 3738 3737
f 4556 4558 4561
f 4556 4561 4559
f 4559 4561 2538
f 4559 2538 3738
f 4553 4560 4562
f 4553 4562 4563
f 4563 4562 4549
f 4563 4549 4546
f 4560 3737 3746
f 4560 3746 4562
f 4562 3746 3748
f 4562 3748 4549
f 4553 4563 4564
f 4553 4564 4554
f 4554 4564 4162
f 4554 4162 4157
f 4563 4546 4545
f 4563 4545 4564
f 4564 4545 4163
f 4564 4163 4162
f 4565 4566 4567
f 4565 4567 4568
f 4568 4567 2844
f 4568 2844 2841
f 4566 4569 4570
f 4566 4570 4567
f 4567 4570 2699
f 4567 2699 2844
f 4565 4568 4571
f 4565 4571 4572
f 4572 4571 4573
f 4572 4573 4574
f 4568 2841 2840
f 4568 2840 4571
f 4571 2840 2831
f 4571 2831 4573
f 4565 4572 4575
f 4565 4575 4576
f 4576 4575 2875
f 4576 2875 2872
f 4572 4574 4577
f 4572 4577 4575
f 4575 4577 2679
f 4575 2679 2875
f 4565 4576 4578
f 4565 4578 4566
f 4566 4578 4579
f 4566 4579 4569
f 4576 2872 2871
f 4576 2871 4578
f 4578 2871 2861
f 4578 2861 4579
f 4580 4581 4582
f 4580 4582 4583
f 4583 4582 2702
f 4583 2702 2696
f 4581 1675 1674
f 4581 1674 4582
f 4582 1674 1634
f 4582 1634 2702
f 4580 4583 4584
f 4580 4584 4585
f 4585 4584 4570
f 4585 4570 4569
f 4583 2696 2695
f 4583 2695 4584
f 4584 2695 2699
f 4584 2699 4570
f 4580 4585 4586
f 4580 4586 4587
f 4587 4586 2860
f 4587 2860 2853
f 4585 4569 4579
f 4585 4579 4586
f 4586 4579 2861
f 4586 2861 2860
f 4580 4587 4588
f 4580 4588 4581
f 4581 4588 1678
f 4581 1678 1675
f 4587 2853 2852
f 4587 2852 4588
f 4588 2852 1679
f 4588 1679 1678
f 4589 4590 4591
f 4589 4591 4592
f 4592 4591 4593
f 4592 4593 4594
f 4590 2810 2809
f 4590 2809 4591
f 4591 2809 2800
f 4591 2800 4593
f 4589 4592 4595
f 4589 4595 4596
f 4596 4595 2779
f 4596 2779 2778
f 4592 4594 4597
f 4592 4597 4595
f 4595 4597 2773
f 4595 2773 2779
f 4589 4596 4598
f 4589 4598 4599
f 4599 4598 4600
f 4599 4600 4601
f 4596 2778 2788
f 4596 2788 4598
f 4598 2788 2739
f 4598 2739 4600
f 4589 4599 4602
f 4589 4602 4590
f 4590 4602 2813
f 4590 2813 2810
f 4599 4601 4603
f 4599 4603 4602
f 4602 4603 2719
f 4602 2719 2813
f 4604 4605 4606
f 4604 4606 4607
f 4607 4606 1956
f 4607 1956 1948
f 4605 2794 2793
f 4605 2793 4606
f 4606 2793 1957
f 4606 1957 1956
f 4604 4607 4608
f 4604 4608 4609
f 4609 4608 2758
f 4609 2758 2757
f 4607 1948 1947
f 4607 1947 4608
f 4608 1947 1951
f 4608 1951 2758
f 4604 4609 4610
f 4604 4610 4611
f 4611 4610 4597
f 4611 4597 4594
f 4609 2757 2771
f 4609 2771 4610
f 4610 2771 2773
f 4610 2773 4597
f 4604 4611 4612
f 4604 4612 4605
f 4605 4612 2799
f 4605 2799 2794
f 4611 4594 4593
f 4611 4593 4612
f 4612 4593 2800
f 4612 2800 2799
f 4613 4614 4615
f 4613 4615 4616
f 4616 4615 4603
f 4616 4603 4601
f 4614 2716 2715
f 4614 2715 4615
f 4615 2715 2719
f 4615 2719 4603
f 4613 4616 4617
f 4613 4617 4618
f 4618 4617 2738
f 4618 2738 2737
f 4616 4601 4600
f 4616 4600 4617
f 4617 4600 2739
f 4617 2739 2738
f 4613 4618 4619
f 4613 4619 4620
f 4620 4619 4486
f 4620 4486 4483
f 4618 2737 2748
f 4618 2748 4619
f 4619 2748 2750
f 4619 2750 4486
f 4613 4620 4621
f 4613 4621 4614
f 4614 4621 2722
f 4614 2722 2716
f 4620 4483 4482
f 4620 4482 4621
f 4621 4482 2192
f 4621 2192 2722
f 4622 4623 4624
f 4622 4624 4625
f 4625 4624 2830
f 4625 2830 2825
f 4623 4574 4573
f 4623 4573 4624
f 4624 4573 2831
f 4624 2831 2830
f 4622 4625 4626
f 4622 4626 4627
f 4627 4626 4628
f 4627 4628 4629
f 4625 2825 2824
f 4625 2824 4626
f 4626 2824 1509
f 4626 1509 4628
f 4622 4627 4630
f 4622 4630 4631
f 4631 4630 2682
f 4631 2682 2676
f 4627 4629 4632
f 4627 4632 4630
f 4630 4632 1724
f 4630 1724 2682
f 4622 4631 4633
f 4622 4633 4623
f 4623 4633 4577
f 4623 4577 4574
f 4631 2676 2675
f 4631 2675 4633
f 4633 2675 2679
f 4633 2679 4577
f 4634 4635 4636
f 4634 4636 4637
f 4637 4636 4638
f 4637 4638 4639
f 4635 2584 2583
f 4635 2583 4636
f 4636 2583 1630
f 4636 1630 4638
f 4634 4637 4640
f 4634 4640 4641
f 4641 4640 2528
f 4641 2528 2527
f 4637 4639 4642
f 4637 4642 4640
f 4640 4642 1809
f 4640 1809 2528
f 4634 4641 4643
f 4634 4643 4644
f 4644 4643 4561
f 4644 4561 4558
f 4641 2527 2536
f 4641 2536 4643
f 4643 2536 2538
f 4643 2538 4561
f 4634 4644 4645
f 4634 4645 4635
f 4635 4645 2589
f 4635 2589 2584
f 4644 4558 4557
f 4644 4557 4645
f 4645 4557 2590
f 4645 2590 2589
f 4646 4647 4648
f 4646 4648 4649
f 4649 4648 4650
f 4649 4650 4651
f 4647 2076 2075
f 4647 2075 4648
f 4648 2075 1700
f 4648 1700 4650
f 4646 4649 4652
f 4646 4652 4653
f 4653 4652 2159
f 4653 2159 2158
f 4649 4651 4654
f 4649 4654 4652
f 4652 4654 1833
f 4652 1833 2159
f 4646 4653 4655
f 4646 4655 4656
f 4656 4655 1966
f 4656 1966 1961
f 4653 2158 2167
f 4653 2167 4655
f 4655 2167 1967
f 4655 1967 1966
f 4646 4656 4657
f 4646 4657 4647
f 4647 4657 2079
f 4647 2079 2076
f 4656 1961 1960
f 4656 1960 4657
f 4657 1960 1963
f 4657 1963 2079
f 4658 4659 4660
f 4658 4660 4661
f 4661 4660 4504
f 4661 4504 4502
f 4659 2015 2014
f 4659 2014 4660
f 4660 2014 2017
f 4660 2017 4504
f 4658 4661 4662
f 4658 4662 4663
f 4663 4662 2141
f 4663 2141 2140
f 4661 4502 4501
f 4661 4501 4662
f 4662 4501 2142
f 4662 2142 2141
f 4658 4663 4664
f 4658 4664 4665
f 4665 4664 4666
f 4665 4666 4667
f 4663 2140 2153
f 4663 2153 4664
f 4664 2153 1926
f 4664 1926 4666
f 4658 4665 4668
f 4658 4668 4659
f 4659 4668 2022
f 4659 2022 2015
f 4665 4667 4669
f 4665 4669 4668
f 4668 4669 2023
f 4668 2023 2022
f 4670 4671 4672
f 4670 4672 4673
f 4673 4672 4429
f 4673 4429 4427
f 4671 3145 3144
f 4671 3144 4672
f 4672 3144 3147
f 4672 3147 4429
f 4670 4673 4674
f 4670 4674 4675
f 4675 4674 2055
f 4675 2055 2054
f 4673 4427 4426
f 4673 4426 4674
f 4674 4426 2056
f 4674 2056 2055
f 4670 4675 4676
f 4670 4676 4677
f 4677 4676 1941
f 4677 1941 1936
f 4675 2054 2065
f 4675 2065 4676
f 4676 2065 1942
f 4676 1942 1941
f 4670 4677 4678
f 4670 4678 4671
f 4671 4678 3149
f 4671 3149 3145
f 4677 1936 1935
f 4677 1935 4678
f 4678 1935 1938
f 4678 1938 3149
f 4679 4680 4681
f 4679 4681 4682
f 4682 4681 2763
f 4682 2763 2756
f 4680 1513 1512
f 4680 1512 4681
f 4681 1512 1515
f 4681 1515 2763
f 4679 4682 4683
f 4679 4683 4684
f 4684 4683 1950
f 4684 1950 1949
f 4682 2756 2755
f 4682 2755 4683
f 4683 2755 1951
f 4683 1951 1950
f 4679 4684 4685
f 4679 4685 4686
f 4686 4685 2168
f 4686 2168 2165
f 4684 1949 1965
f 4684 1965 4685
f 4685 1965 1967
f 4685 1967 2168
f 4679 4686 4687
f 4679 4687 4680
f 4680 4687 1518
f 4680 1518 1513
f 4686 2165 2164
f 4686 2164 4687
f 4687 2164 1519
f 4687 1519 1518
f 4688 4689 4690
f 4688 4690 4691
f 4691 4690 4669
f 4691 4669 4667
f 4689 2021 2020
f 4689 2020 4690
f 4690 2020 2023
f 4690 2023 4669
f 4688 4691 4692
f 4688 4692 4693
f 4693 4692 1925
f 4693 1925 1924
f 4691 4667 4666
f 4691 4666 4692
f 4692 4666 1926
f 4692 1926 1925
f 4688 4693 4694
f 4688 4694 4695
f 4695 4694 2066
f 4695 2066 2063
f 4693 1924 1940
f 4693 1940 4694
f 4694 1940 1942
f 4694 1942 2066
f 4688 4695 4696
f 4688 4696 4689
f 4689 4696 2026
f 4689 2026 2021
f 4695 2063 2062
f 4695 2062 4696
f 4696 2062 2027
f 4696 2027 2026
f 4697 4698 4699
f 4697 4699 4700
f 4700 4699 4701
f 4700 4701 4702
f 4698 1692 1691
f 4698 1691 4699
f 4699 1691 1694
f 4699 1694 4701
f 4697 4700 4703
f 4697 4703 4704
f 4704 4703 1817
f 4704 1817 1816
f 4700 4702 4705
f 4700 4705 4703
f 4703 4705 1818
f 4703 1818 1817
f 4697 4704 4706
f 4697 4706 4707
f 4707 4706 4654
f 4707 4654 4651
f 4704 1816 1831
f 4704 1831 4706
f 4706 1831 1833
f 4706 1833 4654
f 4697 4707 4708
f 4697 4708 4698
f 4698 4708 1699
f 4698 1699 1692
f 4707 4651 4650
f 4707 4650 4708
f 4708 4650 1700
f 4708 1700 1699
f 4709 4710 4711
f 4709 4711 4712
f 4712 4711 4713
f 4712 4713 4714
f 4710 1622 1621
f 4710 1621 4711
f 4711 1621 1624
f 4711 1624 4713
f 4709 4712 4715
f 4709 4715 4716
f 4716 4715 1797
f 4716 1797 1796
f 4712 4714 4717
f 4712 4717 4715
f 4715 4717 1798
f 4715 1798 1797
f 4709 4716 4718
f 4709 4718 4719
f 4719 4718 4642
f 4719 4642 4639
f 4716 1796 1807
f 4716 1807 4718
f 4718 1807 1809
f 4718 1809 4642
f 4709 4719 4720
f 4709 4720 4710
f 4710 4720 1629
f 4710 1629 1622
f 4719 4639 4638
f 4719 4638 4720
f 4720 4638 1630
f 4720 1630 1629
f 4721 4722 4723
f 4721 4723 4724
f 4724 4723 4725
f 4724 4725 4726
f 4722 1843 1842
f 4722 1842 4723
f 4723 1842 1845
f 4723 1845 4725
f 4721 4724 4727
f 4721 4727 4728
f 4728 4727 1712
f 4728 1712 1711
f 4724 4726 4729
f 4724 4729 4727
f 4727 4729 1713
f 4727 1713 1712
f 4721 4728 4730
f 4721 4730 4731
f 4731 4730 4632
f 4731 4632 4629
f 4728 1711 1722
f 4728 1722 4730
f 4730 1722 1724
f 4730 1724 4632
f 4721 4731 4732
f 4721 4732 4722
f 4722 4732 1848
f 4722 1848 1843
f 4731 4629 4628
f 4731 4628 4732
f 4732 4628 1509
f 4732 1509 1848
f 4733 4734 4735
f 4733 4735 4736
f 4736 4735 4737
f 4736 4737 4738
f 4734 1597 1596
f 4734 1596 4735
f 4735 1596 1599
f 4735 1599 4737
f 4733 4736 4739
f 4733 4739 4740
f 4740 4739 1667
f 4740 1667 1666
f 4736 4738 4741
f 4736 4741 4739
f 4739 4741 1668
f 4739 1668 1667
f 4733 4740 4742
f 4733 4742 4743
f 4743 4742 2855
f 4743 2855 2854
f 4740 1666 1677
f 4740 1677 4742
f 4742 1677 1679
f 4742 1679 2855
f 4733 4743 4744
f 4733 4744 4734
f 4734 4744 1604
f 4734 1604 1597
f 4743 2854 2866
f 4743 2866 4744
f 4744 2866 1605
f 4744 1605 1604
f 4745 4746 4747
f 4745 4747 4748
f 4748 4747 4749
f 4748 4749 4750
f 4746 4751 4752
f 4746 4752 4747
f 4747 4752 4753
f 4747 4753 4749
f 4745 4748 4754
f 4745 4754 4755
f 4755 4754 4756
f 4755 4756 4757
f 4748 4750 4758
f 4748 4758 4754
f 4754 4758 4759
f 4754 4759 4756
f 4745 4755 4760
f 4745 4760 4761
f 4761 4760 1433
f 4761 1433 1425
f 4755 4757 4762
f 4755 4762 4760
f 4760 4762 1434
f 4760 1434 1433
f 4745 4761 4763
f 4745 4763 4746
f 4746 4763 4764
f 4746 4764 4751
f 4761 1425 1424
f 4761 1424 4763
f 4763 1424 1428
f 4763 1428 4764
f 4765 4766 4767
f 4765 4767 4768
f 4768 4767 4769
f 4768 4769 4770
f 4766 4771 4772
f 4766 4772 4767
f 4767 4772 4773
f 4767 4773 4769
f 4765 4768 4774
f 4765 4774 4775
f 4775 4774 4776
f 4775 4776 4777
f 4768 4770 4778
f 4768 4778 4774
f 4774 4778 4779
f 4774 4779 4776
f 4765 4775 4780
f 4765 4780 4781
f 4781 4780 1408
f 4781 1408 1400
f 4775 4777 4782
f 4775 4782 4780
f 4780 4782 1409
f 4780 1409 1408
f 4765 4781 4783
f 4765 4783 4766
f 4766 4783 4784
f 4766 4784 4771
f 4781 1400 1399
f 4781 1399 4783
f 4783 1399 1403
f 4783 1403 4784
f 4785 4786 4787
f 4785 4787 4788
f 4788 4787 4789
f 4788 4789 4790
f 4786 4030 4029
f 4786 4029 4787
f 4787 4029 4020
f 4787 4020 4789
f 4785 4788 4791
f 4785 4791 4792
f 4792 4791 4330
f 4792 4330 4329
f 4788 4790 4793
f 4788 4793 4791
f 4791 4793 4324
f 4791 4324 4330
f 4785 4792 4794
f 4785 4794 4795
f 4795 4794 4796
f 4795 4796 4797
f 4792 4329 4336
f 4792 4336 4794
f 4794 4336 1478
f 4794 1478 4796
f 4785 4795 4798
f 4785 4798 4786
f 4786 4798 4033
f 4786 4033 4030
f 4795 4797 4799
f 4795 4799 4798
f 4798 4799 2096
f 4798 2096 4033
f 4800 4801 4802
f 4800 4802 4803
f 4803 4802 4804
f 4803 4804 4805
f 4801 4014 4013
f 4801 4013 4802
f 4802 4013 4004
f 4802 4004 4804
f 4800 4803 4806
f 4800 4806 4807
f 4807 4806 4314
f 4807 4314 4313
f 4803 4805 4808
f 4803 4808 4806
f 4806 4808 4308
f 4806 4308 4314
f 4800 4807 4809
f 4800 4809 4810
f 4810 4809 4793
f 4810 4793 4790
f 4807 4313 4322
f 4807 4322 4809
f 4809 4322 4324
f 4809 4324 4793
f 4800 4810 4811
f 4800 4811 4801
f 4801 4811 4019
f 4801 4019 4014
f 4810 4790 4789
f 4810 4789 4811
f 4811 4789 4020
f 4811 4020 4019
f 4812 4813 4814
f 4812 4814 4815
f 4815 4814 4816
f 4815 4816 4817
f 4813 3998 3997
f 4813 3997 4814
f 4814 3997 3988
f 4814 3988 4816
f 4812 4815 4818
f 4812 4818 4819
f 4819 4818 4298
f 4819 4298 4297
f 4815 4817 4820
f 4815 4820 4818
f 4818 4820 4292
f 4818 4292 4298
f 4812 4819 4821
f 4812 4821 4822
f 4822 4821 4808
f 4822 4808 4805
f 4819 4297 4306
f 4819 4306 4821
f 4821 4306 4308
f 4821 4308 4808
f 4812 4822 4823
f 4812 4823 4813
f 4813 4823 4003
f 4813 4003 3998
f 4822 4805 4804
f 4822 4804 4823
f 4823 4804 4004
f 4823 4004 4003
f 4824 4825 4826
f 4824 4826 4827
f 4827 4826 4828
f 4827 4828 4829
f 4825 3982 3981
f 4825 3981 4826
f 4826 3981 3972
f 4826 3972 4828
f 4824 4827 4830
f 4824 4830 4831
f 4831 4830 4282
f 4831 4282 4281
f 4827 4829 4832
f 4827 4832 4830
f 4830 4832 4276
f 4830 4276 4282
f 4824 4831 4833
f 4824 4833 4834
f 4834 4833 4820
f 4834 4820 4817
f 4831 4281 4290
f 4831 4290 4833
f 4833 4290 4292
f 4833 4292 4820
f 4824 4834 4835
f 4824 4835 4825
f 4825 4835 3987
f 4825 3987 3982
f 4834 4817 4816
f 4834 4816 4835
f 4835 4816 3988
f 4835 3988 3987
f 4836 4837 4838
f 4836 4838 4839
f 4839 4838 4840
f 4839 4840 4841
f 4837 3966 3965
f 4837 3965 4838
f 4838 3965 3956
f 4838 3956 4840
f 4836 4839 4842
f 4836 4842 4843
f 4843 4842 4266
f 4843 4266 4265
f 4839 4841 4844
f 4839 4844 4842
f 4842 4844 4260
f 4842 4260 4266
f 4836 4843 4845
f 4836 4845 4846
f 4846 4845 4832
f 4846 4832 4829
f 4843 4265 4274
f 4843 4274 4845
f 4845 4274 4276
f 4845 4276 4832
f 4836 4846 4847
f 4836 4847 4837
f 4837 4847 3971
f 4837 3971 3966
f 4846 4829 4828
f 4846 4828 4847
f 4847 4828 3972
f 4847 3972 3971
f 4848 4849 4850
f 4848 4850 4851
f 4851 4850 4852
f 4851 4852 4853
f 4849 3950 3949
f 4849 3949 4850
f 4850 3949 2572
f 4850 2572 4852
f 4848 4851 4854
f 4848 4854 4855
f 4855 4854 4247
f 4855 4247 4246
f 4851 4853 4856
f 4851 4856 4854
f 4854 4856 2670
f 4854 2670 4247
f 4848 4855 4857
f 4848 4857 4858
f 4858 4857 4844
f 4858 4844 4841
f 4855 4246 4258
f 4855 4258 4857
f 4857 4258 4260
f 4857 4260 4844
f 4848 4858 4859
f 4848 4859 4849
f 4849 4859 3955
f 4849 3955 3950
f 4858 4841 4840
f 4858 4840 4859
f 4859 4840 3956
f 4859 3956 3955
f 4860 4861 4862
f 4860 4862 4863
f 4863 4862 4864
f 4863 4864 4865
f 4861 3046 3045
f 4861 3045 4862
f 4862 3045 3048
f 4862 3048 4864
f 4860 4863 4866
f 4860 4866 4867
f 4867 4866 3933
f 4867 3933 3932
f 4863 4865 4868
f 4863 4868 4866
f 4866 4868 3927
f 4866 3927 3933
f 4860 4867 4869
f 4860 4869 4870
f 4870 4869 4871
f 4870 4871 4872
f 4867 3932 3942
f 4867 3942 4869
f 4869 3942 2126
f 4869 2126 4871
f 4860 4870 4873
f 4860 4873 4861
f 4861 4873 3050
f 4861 3050 3046
f 4870 4872 4874
f 4870 4874 4873
f 4873 4874 3028
f 4873 3028 3050
f 4875 4876 4877
f 4875 4877 4878
f 4878 4877 4879
f 4878 4879 4880
f 4876 3066 3065
f 4876 3065 4877
f 4877 3065 3068
f 4877 3068 4879
f 4875 4878 4881
f 4875 4881 4882
f 4882 4881 3913
f 4882 3913 3912
f 4878 4880 4883
f 4878 4883 4881
f 4881 4883 3907
f 4881 3907 3913
f 4875 4882 4884
f 4875 4884 4885
f 4885 4884 4868
f 4885 4868 4865
f 4882 3912 3925
f 4882 3925 4884
f 4884 3925 3927
f 4884 3927 4868
f 4875 4885 4886
f 4875 4886 4876
f 4876 4886 3070
f 4876 3070 3066
f 4885 4865 4864
f 4885 4864 4886
f 4886 4864 3048
f 4886 3048 3070
f 4887 4888 4889
f 4887 4889 4890
f 4890 4889 4891
f 4890 4891 4892
f 4888 3086 3085
f 4888 3085 4889
f 4889 3085 3088
f 4889 3088 4891
f 4887 4890 4893
f 4887 4893 4894
f 4894 4893 3893
f 4894 3893 3892
f 4890 4892 4895
f 4890 4895 4893
f 4893 4895 3887
f 4893 3887 3893
f 4887 4894 4896
f 4887 4896 4897
f 4897 4896 4883
f 4897 4883 4880
f 4894 3892 3905
f 4894 3905 4896
f 4896 3905 3907
f 4896 3907 4883
f 4887 4897 4898
f 4887 4898 4888
f 4888 4898 3090
f 4888 3090 3086
f 4897 4880 4879
f 4897 4879 4898
f 4898 4879 3068
f 4898 3068 3090
f 4899 4900 4901
f 4899 4901 4902
f 4902 4901 4903
f 4902 4903 4904
f 4900 3106 3105
f 4900 3105 4901
f 4901 3105 3108
f 4901 3108 4903
f 4899 4902 4905
f 4899 4905 4906
f 4906 4905 3873
f 4906 3873 3872
f 4902 4904 4907
f 4902 4907 4905
f 4905 4907 3867
f 4905 3867 3873
f 4899 4906 4908
f 4899 4908 4909
f 4909 4908 4895
f 4909 4895 4892
f 4906 3872 3885
f 4906 3885 4908
f 4908 3885 3887
f 4908 3887 4895
f 4899 4909 4910
f 4899 4910 4900
f 4900 4910 3110
f 4900 3110 3106
f 4909 4892 4891
f 4909 4891 4910
f 4910 4891 3088
f 4910 3088 3110
f 4911 4912 4913
f 4911 4913 4914
f 4914 4913 4915
f 4914 4915 4916
f 4912 3125 3124
f 4912 3124 4913
f 4913 3124 3127
f 4913 3127 4915
f 4911 4914 4917
f 4911 4917 4918
f 4918 4917 3853
f 4918 3853 3852
f 4914 4916 4919
f 4914 4919 4917
f 4917 4919 3847
f 4917 3847 3853
f 4911 4918 4920
f 4911 4920 4921
f 4921 4920 4907
f 4921 4907 4904
f 4918 3852 3865
f 4918 3865 4920
f 4920 3865 3867
f 4920 3867 4907
f 4911 4921 4922
f 4911 4922 4912
f 4912 4922 3129
f 4912 3129 3125
f 4921 4904 4903
f 4921 4903 4922
f 4922 4903 3108
f 4922 3108 3129
f 4923 4924 4925
f 4923 4925 4926
f 4926 4925 4927
f 4926 4927 4928
f 4924 4387 4386
f 4924 4386 4925
f 4925 4386 2047
f 4925 2047 4927
f 4923 4926 4929
f 4923 4929 4930
f 4930 4929 3833
f 4930 3833 3832
f 4926 4928 4931
f 4926 4931 4929
f 4929 4931 2558
f 4929 2558 3833
f 4923 4930 4932
f 4923 4932 4933
f 4933 4932 4919
f 4933 4919 4916
f 4930 3832 3845
f 4930 3845 4932
f 4932 3845 3847
f 4932 3847 4919
f 4923 4933 4934
f 4923 4934 4924
f 4924 4934 4390
f 4924 4390 4387
f 4933 4916 4915
f 4933 4915 4934
f 4934 4915 3127
f 4934 3127 4390
f 4935 4936 4937
f 4935 4937 4938
f 4938 4937 2943
f 4938 2943 2940
f 4936 4939 4940
f 4936 4940 4937
f 4937 4940 2645
f 4937 2645 2943
f 4935 4938 4941
f 4935 4941 4942
f 4942 4941 4943
f 4942 4943 4944
f 4938 2940 2939
f 4938 2939 4941
f 4941 2939 2930
f 4941 2930 4943
f 4935 4942 4945
f 4935 4945 4946
f 4946 4945 3007
f 4946 3007 3004
f 4942 4944 4947
f 4942 4947 4945
f 4945 4947 2603
f 4945 2603 3007
f 4935 4946 4948
f 4935 4948 4936
f 4936 4948 4949
f 4936 4949 4939
f 4946 3004 3003
f 4946 3003 4948
f 4948 3003 2993
f 4948 2993 4949
f 4950 4951 4952
f 4950 4952 4953
f 4953 4952 2648
f 4953 2648 2643
f 4951 1865 1864
f 4951 1864 4952
f 4952 1864 1659
f 4952 1659 2648
f 4950 4953 4954
f 4950 4954 4955
f 4955 4954 4940
f 4955 4940 4939
f 4953 2643 2642
f 4953 2642 4954
f 4954 2642 2645
f 4954 2645 4940
f 4950 4955 4956
f 4950 4956 4957
f 4957 4956 2992
f 4957 2992 2985
f 4955 4939 4949
f 4955 4949 4956
f 4956 4949 2993
f 4956 2993 2992
f 4950 4957 4958
f 4950 4958 4951
f 4951 4958 1868
f 4951 1868 1865
f 4957 2985 2984
f 4957 2984 4958
f 4958 2984 1869
f 4958 1869 1868
f 4959 4960 4961
f 4959 4961 4962
f 4962 4961 4963
f 4962 4963 4964
f 4960 2969 2979
f 4960 2979 4961
f 4961 2979 2623
f 4961 2623 4963
f 4959 4962 4965
f 4959 4965 4966
f 4966 4965 2907
f 4966 2907 2906
f 4962 4964 4967
f 4962 4967 4965
f 4965 4967 2901
f 4965 2901 2907
f 4959 4966 4968
f 4959 4968 4969
f 4969 4968 4970
f 4969 4970 4971
f 4966 2906 2916
f 4966 2916 4968
f 4968 2916 2659
f 4968 2659 4970
f 4959 4969 4972
f 4959 4972 4960
f 4960 4972 2970
f 4960 2970 2969
f 4969 4971 4973
f 4969 4973 4972
f 4972 4973 2964
f 4972 2964 2970
f 4974 4975 4976
f 4974 4976 4977
f 4977 4976 1883
f 4977 1883 1875
f 4975 2621 2630
f 4975 2630 4976
f 4976 2630 1884
f 4976 1884 1883
f 4974 4977 4978
f 4974 4978 4979
f 4979 4978 2886
f 4979 2886 2885
f 4977 1875 1874
f 4977 1874 4978
f 4978 1874 1878
f 4978 1878 2886
f 4974 4979 4980
f 4974 4980 4981
f 4981 4980 4967
f 4981 4967 4964
f 4979 2885 2899
f 4979 2899 4980
f 4980 2899 2901
f 4980 2901 4967
f 4974 4981 4982
f 4974 4982 4975
f 4975 4982 2622
f 4975 2622 2621
f 4981 4964 4963
f 4981 4963 4982
f 4982 4963 2623
f 4982 2623 2622
f 4983 4984 4985
f 4983 4985 4986
f 4986 4985 4973
f 4986 4973 4971
f 4984 2949 2962
f 4984 2962 4985
f 4985 2962 2964
f 4985 2964 4973
f 4983 4986 4987
f 4983 4987 4988
f 4988 4987 2658
f 4988 2658 2657
f 4986 4971 4970
f 4986 4970 4987
f 4987 4970 2659
f 4987 2659 2658
f 4983 4988 4989
f 4983 4989 4990
f 4990 4989 4856
f 4990 4856 4853
f 4988 2657 2668
f 4988 2668 4989
f 4989 2668 2670
f 4989 2670 4856
f 4983 4990 4991
f 4983 4991 4984
f 4984 4991 2950
f 4984 2950 2949
f 4990 4853 4852
f 4990 4852 4991
f 4991 4852 2572
f 4991 2572 2950
f 4992 4993 4994
f 4992 4994 4995
f 4995 4994 2929
f 4995 2929 2924
f 4993 4944 4943
f 4993 4943 4994
f 4994 4943 2930
f 4994 2930 2929
f 4992 4995 4996
f 4992 4996 4997
f 4997 4996 4998
f 4997 4998 4999
f 4995 2924 2923
f 4995 2923 4996
f 4996 2923 1767
f 4996 1767 4998
f 4992 4997 5000
f 4992 5000 5001
f 5001 5000 2606
f 5001 2606 2600
f 4997 4999 5002
f 4997 5002 5000
f 5000 5002 1564
f 5000 1564 2606
f 4992 5001 5003
f 4992 5003 4993
f 4993 5003 4947
f 4993 4947 4944
f 5001 2600 2599
f 5001 2599 5003
f 5003 2599 2603
f 5003 2603 4947
f 5004 5005 5006
f 5004 5006 5007
f 5007 5006 5008
f 5007 5008 5009
f 5005 2043 2042
f 5005 2042 5006
f 5006 2042 1655
f 5006 1655 5008
f 5004 5007 5010
f 5004 5010 5011
f 5011 5010 2544
f 5011 2544 2543
f 5007 5009 5012
f 5007 5012 5010
f 5010 5012 1789
f 5010 1789 2544
f 5004 5011 5013
f 5004 5013 5014
f 5014 5013 4931
f 5014 4931 4928
f 5011 2543 2556
f 5011 2556 5013
f 5013 2556 2558
f 5013 2558 4931
f 5004 5014 5015
f 5004 5015 5005
f 5005 5015 2046
f 5005 2046 2043
f 5014 4928 4927
f 5014 4927 5015
f 5015 4927 2047
f 5015 2047 2046
f 5016 5017 5018
f 5016 5018 5019
f 5019 5018 4874
f 5019 4874 4872
f 5017 3026 3025
f 5017 3025 5018
f 5018 3025 3028
f 5018 3028 4874
f 5016 5019 5020
f 5016 5020 5021
f 5021 5020 2125
f 5021 2125 2124
f 5019 4872 4871
f 5019 4871 5020
f 5020 4871 2126
f 5020 2126 2125
f 5016 5021 5022
f 5016 5022 5023
f 5023 5022 5024
f 5023 5024 5025
f 5021 2124 2133
f 5021 2133 5022
f 5022 2133 1902
f 5022 1902 5024
f 5016 5023 5026
f 5016 5026 5017
f 5017 5026 3030
f 5017 3030 3026
f 5023 5025 5027
f 5023 5027 5026
f 5026 5027 2418
f 5026 2418 3030
f 5028 5029 5030
f 5028 5030 5031
f 5031 5030 5027
f 5031 5027 5025
f 5029 2406 2416
f 5029 2416 5030
f 5030 2416 2418
f 5030 2418 5027
f 5028 5031 5032
f 5028 5032 5033
f 5033 5032 1901
f 5033 1901 1900
f 5031 5025 5024
f 5031 5024 5032
f 5032 5024 1902
f 5032 1902 1901
f 5028 5033 5034
f 5028 5034 5035
f 5035 5034 1493
f 5035 1493 1488
f 5033 1900 1916
f 5033 1916 5034
f 5034 1916 1494
f 5034 1494 1493
f 5028 5035 5036
f 5028 5036 5029
f 5029 5036 2407
f 5029 2407 2406
f 5035 1488 1487
f 5035 1487 5036
f 5036 1487 1490
f 5036 1490 2407
f 5037 5038 5039
f 5037 5039 5040
f 5040 5039 2891
f 5040 2891 2884
f 5038 2113 2112
f 5038 2112 5039
f 5039 2112 2115
f 5039 2115 2891
f 5037 5040 5041
f 5037 5041 5042
f 5042 5041 1877
f 5042 1877 1876
f 5040 2884 2883
f 5040 2883 5041
f 5041 2883 1878
f 5041 1878 1877
f 5037 5042 5043
f 5037 5043 5044
f 5044 5043 1468
f 5044 1468 1463
f 5042 1876 1892
f 5042 1892 5043
f 5043 1892 1469
f 5043 1469 1468
f 5037 5044 5045
f 5037 5045 5038
f 5038 5045 2117
f 5038 2117 2113
f 5044 1463 1462
f 5044 1462 5045
f 5045 1462 1465
f 5045 1465 2117
f 5046 5047 5048
f 5046 5048 5049
f 5049 5048 5050
f 5049 5050 5051
f 5047 1737 1736
f 5047 1736 5048
f 5048 1736 1739
f 5048 1739 5050
f 5046 5049 5052
f 5046 5052 5053
f 5053 5052 1857
f 5053 1857 1856
f 5049 5051 5054
f 5049 5054 5052
f 5052 5054 1858
f 5052 1858 1857
f 5046 5053 5055
f 5046 5055 5056
f 5056 5055 2987
f 5056 2987 2986
f 5053 1856 1867
f 5053 1867 5055
f 5055 1867 1869
f 5055 1869 2987
f 5046 5056 5057
f 5046 5057 5047
f 5047 5057 1744
f 5047 1744 1737
f 5056 2986 2998
f 5056 2998 5057
f 5057 2998 1745
f 5057 1745 1744
f 5058 5059 5060
f 5058 5060 5061
f 5061 5060 5062
f 5061 5062 5063
f 5059 1647 1646
f 5059 1646 5060
f 5060 1646 1649
f 5060 1649 5062
f 5058 5061 5064
f 5058 5064 5065
f 5065 5064 1777
f 5065 1777 1776
f 5061 5063 5066
f 5061 5066 5064
f 5064 5066 1778
f 5064 1778 1777
f 5058 5065 5067
f 5058 5067 5068
f 5068 5067 5012
f 5068 5012 5009
f 5065 1776 1787
f 5065 1787 5067
f 5067 1787 1789
f 5067 1789 5012
f 5058 5068 5069
f 5058 5069 5059
f 5059 5069 1654
f 5059 1654 1647
f 5068 5009 5008
f 5068 5008 5069
f 5069 5008 1655
f 5069 1655 1654
f 5070 5071 5072
f 5070 5072 5073
f 5073 5072 5074
f 5073 5074 5075
f 5071 1759 1758
f 5071 1758 5072
f 5072 1758 1761
f 5072 1761 5074
f 5070 5073 5076
f 5070 5076 5077
f 5077 5076 1547
f 5077 1547 1546
f 5073 5075 5078
f 5073 5078 5076
f 5076 5078 1548
f 5076 1548 1547
f 5070 5077 5079
f 5070 5079 5080
f 5080 5079 5002
f 5080 5002 4999
f 5077 1546 1562
f 5077 1562 5079
f 5079 1562 1564
f 5079 1564 5002
f 5070 5080 5081
f 5070 5081 5071
f 5071 5081 1766
f 5071 1766 1759
f 5080 4999 4998
f 5080 4998 5081
f 5081 4998 1767
f 5081 1767 1766
f 5082 5083 5084
f 5082 5084 5085
f 5085 5084 5086
f 5085 5086 5087
f 5083 1574 1573
f 5083 1573 5084
f 5084 1573 1576
f 5084 1576 5086
f 5082 5085 5088
f 5082 5088 5089
f 5089 5088 1527
f 5089 1527 1526
f 5085 5087 5090
f 5085 5090 5088
f 5088 5090 1528
f 5088 1528 1527
f 5082 5089 5091
f 5082 5091 5092
f 5092 5091 5093
f 5092 5093 5094
f 5089 1526 1539
f 5089 1539 5091
f 5091 1539 1453
f 5091 1453 5093
f 5082 5092 5095
f 5082 5095 5083
f 5083 5095 1581
f 5083 1581 1574
f 5092 5094 5096
f 5092 5096 5095
f 5095 5096 1582
f 5095 1582 1581
f 5097 5098 5099
f 5097 5099 5100
f 5100 5099 4799
f 5100 4799 4797
f 5098 2094 2093
f 5098 2093 5099
f 5099 2093 2096
f 5099 2096 4799
f 5097 5100 5101
f 5097 5101 5102
f 5102 5101 1477
f 5102 1477 1476
f 5100 4797 4796
f 5100 4796 5101
f 5101 4796 1478
f 5101 1478 1477
f 5097 5102 5103
f 5097 5103 5104
f 5104 5103 1917
f 5104 1917 1912
f 5102 1476 1492
f 5102 1492 5103
f 5103 1492 1494
f 5103 1494 1917
f 5097 5104 5105
f 5097 5105 5098
f 5098 5105 2099
f 5098 2099 2094
f 5104 1912 1911
f 5104 1911 5105
f 5105 1911 1914
f 5105 1914 2099
f 5106 5107 5108
f 5106 5108 5109
f 5109 5108 5096
f 5109 5096 5094
f 5107 1977 1976
f 5107 1976 5108
f 5108 1976 1582
f 5108 1582 5096
f 5106 5109 5110
f 5106 5110 5111
f 5111 5110 1452
f 5111 1452 1451
f 5109 5094 5093
f 5109 5093 5110
f 5110 5093 1453
f 5110 1453 1452
f 5106 5111 5112
f 5106 5112 5113
f 5113 5112 1893
f 5113 1893 1888
f 5111 1451 1467
f 5111 1467 5112
f 5112 1467 1469
f 5112 1469 1893
f 5106 5113 5114
f 5106 5114 5107
f 5107 5114 1980
f 5107 1980 1977
f 5113 1888 1887
f 5113 1887 5114
f 5114 1887 1890
f 5114 1890 1980
f 5115 5116 5117
f 5115 5117 5118
f 5118 5117 5119
f 5118 5119 5120
f 5116 5121 5122
f 5116 5122 5117
f 5117 5122 5123
f 5117 5123 5119
f 5115 5118 5124
f 5115 5124 5125
f 5125 5124 5126
f 5125 5126 5127
f 5118 5120 5128
f 5118 5128 5124
f 5124 5128 5129
f 5124 5129 5126
f 5115 5125 5130
f 5115 5130 5131
f 5131 5130 1383
f 5131 1383 1375
f 5125 5127 5132
f 5125 5132 5130
f 5130 5132 1384
f 5130 1384 1383
f 5115 5131 5133
f 5115 5133 5116
f 5116 5133 5134
f 5116 5134 5121
f 5131 1375 1374
f 5131 1374 5133
f 5133 1374 1378
f 5133 1378 5134
f 5135 5136 5137
f 5135 5137 5138
f 5138 5137 5139
f 5138 5139 5140
f 5136 5141 5142
f 5136 5142 5137
f 5137 5142 5143
f 5137 5143 5139
f 5135 5138 5144
f 5135 5144 5145
f 5145 5144 5146
f 5145 5146 5147
f 5138 5140 5148
f 5138 5148 5144
f 5144 5148 5149
f 5144 5149 5146
f 5135 5145 5150
f 5135 5150 5151
f 5151 5150 1358
f 5151 1358 1350
f 5145 5147 5152
f 5145 5152 5150
f 5150 5152 1359
f 5150 1359 1358
f 5135 5151 5153
f 5135 5153 5136
f 5136 5153 5154
f 5136 5154 5141
f 5151 1350 1349
f 5151 1349 5153
f 5153 1349 1353
f 5153 1353 5154
f 5155 5156 5157
f 5155 5157 5158
f 5158 5157 1364
f 5158 1364 1357
f 5156 5159 5160
f 5156 5160 5157
f 5157 5160 1365
f 5157 1365 1364
f 5155 5158 5161
f 5155 5161 5162
f 5162 5161 5163
f 5162 5163 5164
f 5158 1357 1356
f 5158 1356 5161
f 5161 1356 1359
f 5161 1359 5163
f 5155 5162 5165
f 5155 5165 5166
f 5166 5165 5090
f 5166 5090 5087
f 5162 5164 5167
f 5162 5167 5165
f 5165 5167 1528
f 5165 1528 5090
f 5155 5166 5168
f 5155 5168 5156
f 5156 5168 5169
f 5156 5169 5159
f 5166 5087 5086
f 5166 5086 5168
f 5168 5086 1576
f 5168 1576 5169
f 5170 5171 5172
f 5170 5172 5173
f 5173 5172 5142
f 5173 5142 5141
f 5171 5174 5175
f 5171 5175 5172
f 5172 5175 5143
f 5172 5143 5142
f 5170 5173 5176
f 5170 5176 5177
f 5177 5176 5178
f 5177 5178 5179
f 5173 5141 5154
f 5173 5154 5176
f 5176 5154 1353
f 5176 1353 5178
f 5170 5177 5180
f 5170 5180 5181
f 5181 5180 5078
f 5181 5078 5075
f 5177 5179 5182
f 5177 5182 5180
f 5180 5182 1548
f 5180 1548 5078
f 5170 5181 5183
f 5170 5183 5171
f 5171 5183 5184
f 5171 5184 5174
f 5181 5075 5074
f 5181 5074 5183
f 5183 5074 1761
f 5183 1761 5184
f 5185 5186 5187
f 5185 5187 5188
f 5188 5187 5148
f 5188 5148 5140
f 5186 5189 5190
f 5186 5190 5187
f 5187 5190 5149
f 5187 5149 5148
f 5185 5188 5191
f 5185 5191 5192
f 5192 5191 5175
f 5192 5175 5174
f 5188 5140 5139
f 5188 5139 5191
f 5191 5139 5143
f 5191 5143 5175
f 5185 5192 5193
f 5185 5193 5194
f 5194 5193 1760
f 5194 1760 1755
f 5192 5174 5184
f 5192 5184 5193
f 5193 5184 1761
f 5193 1761 1760
f 5185 5194 5195
f 5185 5195 5186
f 5186 5195 5196
f 5186 5196 5189
f 5194 1755 1754
f 5194 1754 5195
f 5195 1754 1534
f 5195 1534 5196
f 5197 5198 5199
f 5197 5199 5200
f 5200 5199 1368
f 5200 1368 1363
f 5198 5201 5202
f 5198 5202 5199
f 5199 5202 1369
f 5199 1369 1368
f 5197 5200 5203
f 5197 5203 5204
f 5204 5203 5160
f 5204 5160 5159
f 5200 1363 1362
f 5200 1362 5203
f 5203 1362 1365
f 5203 1365 5160
f 5197 5204 5205
f 5197 5205 5206
f 5206 5205 1575
f 5206 1575 1570
f 5204 5159 5169
f 5204 5169 5205
f 5205 5169 1576
f 5205 1576 1575
f 5197 5206 5207
f 5197 5207 5198
f 5198 5207 5208
f 5198 5208 5201
f 5206 1570 1569
f 5206 1569 5207
f 5207 1569 1554
f 5207 1554 5208
f 5209 5210 5211
f 5209 5211 5212
f 5212 5211 1352
f 5212 1352 1351
f 5210 5179 5178
f 5210 5178 5211
f 5211 5178 1353
f 5211 1353 1352
f 5209 5212 5213
f 5209 5213 5214
f 5214 5213 5202
f 5214 5202 5201
f 5212 1351 1367
f 5212 1367 5213
f 5213 1367 1369
f 5213 1369 5202
f 5209 5214 5215
f 5209 5215 5216
f 5216 5215 1553
f 5216 1553 1545
f 5214 5201 5208
f 5214 5208 5215
f 5215 5208 1554
f 5215 1554 1553
f 5209 5216 5217
f 5209 5217 5210
f 5210 5217 5182
f 5210 5182 5179
f 5216 1545 1544
f 5216 1544 5217
f 5217 1544 1548
f 5217 1548 5182
f 5218 5219 5220
f 5218 5220 5221
f 5221 5220 5152
f 5221 5152 5147
f 5219 5164 5163
f 5219 5163 5220
f 5220 5163 1359
f 5220 1359 5152
f 5218 5221 5222
f 5218 5222 5223
f 5223 5222 5190
f 5223 5190 5189
f 5221 5147 5146
f 5221 5146 5222
f 5222 5146 5149
f 5222 5149 5190
f 5218 5223 5224
f 5218 5224 5225
f 5225 5224 1533
f 5225 1533 1525
f 5223 5189 5196
f 5223 5196 5224
f 5224 5196 1534
f 5224 1534 1533
f 5218 5225 5226
f 5218 5226 5219
f 5219 5226 5167
f 5219 5167 5164
f 5225 1525 1524
f 5225 1524 5226
f 5226 1524 1528
f 5226 1528 5167
f 5227 5228 5229
f 5227 5229 5230
f 5230 5229 4752
f 5230 4752 4751
f 5228 5231 5232
f 5228 5232 5229
f 5229 5232 4753
f 5229 4753 4752
f 5227 5230 5233
f 5227 5233 5234
f 5234 5233 5235
f 5234 5235 5236
f 5230 4751 4764
f 5230 4764 5233
f 5233 4764 1428
f 5233 1428 5235
f 5227 5234 5237
f 5227 5237 5238
f 5238 5237 4729
f 5238 4729 4726
f 5234 5236 5239
f 5234 5239 5237
f 5237 5239 1713
f 5237 1713 4729
f 5227 5238 5240
f 5227 5240 5228
f 5228 5240 5241
f 5228 5241 5231
f 5238 4726 4725
f 5238 4725 5240
f 5240 4725 1845
f 5240 1845 5241
f 5242 5243 5244
f 5242 5244 5245
f 5245 5244 1439
f 5245 1439 1432
f 5243 5246 5247
f 5243 5247 5244
f 5244 5247 1440
f 5244 1440 1439
f 5242 5245 5248
f 5242 5248 5249
f 5249 5248 5250
f 5249 5250 5251
f 5245 1432 1431
f 5245 1431 5248
f 5248 1431 1434
f 5248 1434 5250
f 5242 5249 5252
f 5242 5252 5253
f 5253 5252 4705
f 5253 4705 4702
f 5249 5251 5254
f 5249 5254 5252
f 5252 5254 1818
f 5252 1818 4705
f 5242 5253 5255
f 5242 5255 5243
f 5243 5255 5256
f 5243 5256 5246
f 5253 4702 4701
f 5253 4701 5255
f 5255 4701 1694
f 5255 1694 5256
f 5257 5258 5259
f 5257 5259 5260
f 5260 5259 4758
f 5260 4758 4750
f 5258 5261 5262
f 5258 5262 5259
f 5259 5262 4759
f 5259 4759 4758
f 5257 5260 5263
f 5257 5263 5264
f 5264 5263 5232
f 5264 5232 5231
f 5260 4750 4749
f 5260 4749 5263
f 5263 4749 4753
f 5263 4753 5232
f 5257 5264 5265
f 5257 5265 5266
f 5266 5265 1844
f 5266 1844 1839
f 5264 5231 5241
f 5264 5241 5265
f 5265 5241 1845
f 5265 1845 1844
f 5257 5266 5267
f 5257 5267 5258
f 5258 5267 5268
f 5258 5268 5261
f 5266 1839 1838
f 5266 1838 5267
f 5267 1838 1824
f 5267 1824 5268
f 5269 5270 5271
f 5269 5271 5272
f 5272 5271 4762
f 5272 4762 4757
f 5270 5251 5250
f 5270 5250 5271
f 5271 5250 1434
f 5271 1434 4762
f 5269 5272 5273
f 5269 5273 5274
f 5274 5273 5262
f 5274 5262 5261
f 5272 4757 4756
f 5272 4756 5273
f 5273 4756 4759
f 5273 4759 5262
f 5269 5274 5275
f 5269 5275 5276
f 5276 5275 1823
f 5276 1823 1815
f 5274 5261 5268
f 5274 5268 5275
f 5275 5268 1824
f 5275 1824 1823
f 5269 5276 5277
f 5269 5277 5270
f 5270 5277 5254
f 5270 5254 5251
f 5276 1815 1814
f 5276 1814 5277
f 5277 1814 1818
f 5277 1818 5254
f 5278 5279 5280
f 5278 5280 5281
f 5281 5280 1427
f 5281 1427 1426
f 5279 5236 5235
f 5279 5235 5280
f 5280 5235 1428
f 5280 1428 1427
f 5278 5281 5282
f 5278 5282 5283
f 5283 5282 5284
f 5283 5284 5285
f 5281 1426 1442
f 5281 1442 5282
f 5282 1442 1444
f 5282 1444 5284
f 5278 5283 5286
f 5278 5286 5287
f 5287 5286 1716
f 5287 1716 1710
f 5283 5285 5288
f 5283 5288 5286
f 5286 5288 1688
f 5286 1688 1716
f 5278 5287 5289
f 5278 5289 5279
f 5279 5289 5239
f 5279 5239 5236
f 5287 1710 1709
f 5287 1709 5289
f 5289 1709 1713
f 5289 1713 5239
f 5290 5291 5292
f 5290 5292 5293
f 5293 5292 1443
f 5293 1443 1438
f 5291 5285 5284
f 5291 5284 5292
f 5292 5284 1444
f 5292 1444 1443
f 5290 5293 5294
f 5290 5294 5295
f 5295 5294 5247
f 5295 5247 5246
f 5293 1438 1437
f 5293 1437 5294
f 5294 1437 1440
f 5294 1440 5247
f 5290 5295 5296
f 5290 5296 5297
f 5297 5296 1693
f 5297 1693 1685
f 5295 5246 5256
f 5295 5256 5296
f 5296 5256 1694
f 5296 1694 1693
f 5290 5297 5298
f 5290 5298 5291
f 5291 5298 5288
f 5291 5288 5285
f 5297 1685 1684
f 5297 1684 5298
f 5298 1684 1688
f 5298 1688 5288
f 5299 5300 5301
f 5299 5301 5302
f 5302 5301 1414
f 5302 1414 1407
f 5300 5303 5304
f 5300 5304 5301
f 5301 5304 1415
f 5301 1415 1414
f 5299 5302 5305
f 5299 5305 5306
f 5306 5305 5307
f 5306 5307 5308
f 5302 1407 1406
f 5302 1406 5305
f 5305 1406 1409
f 5305 1409 5307
f 5299 5306 5309
f 5299 5309 5310
f 5310 5309 4741
f 5310 4741 4738
f 5306 5308 5311
f 5306 5311 5309
f 5309 5311 1668
f 5309 1668 4741
f 5299 5310 5312
f 5299 5312 5300
f 5300 5312 5313
f 5300 5313 5303
f 5310 4738 4737
f 5310 4737 5312
f 5312 4737 1599
f 5312 1599 5313
f 5314 5315 5316
f 5314 5316 5317
f 5317 5316 4772
f 5317 4772 4771
f 5315 5318 5319
f 5315 5319 5316
f 5316 5319 4773
f 5316 4773 4772
f 5314 5317 5320
f 5314 5320 5321
f 5321 5320 5322
f 5321 5322 5323
f 5317 4771 4784
f 5317 4784 5320
f 5320 4784 1403
f 5320 1403 5322
f 5314 5321 5324
f 5314 5324 5325
f 5325 5324 4717
f 5325 4717 4714
f 5321 5323 5326
f 5321 5326 5324
f 5324 5326 1798
f 5324 1798 4717
f 5314 5325 5327
f 5314 5327 5315
f 5315 5327 5328
f 5315 5328 5318
f 5325 4714 4713
f 5325 4713 5327
f 5327 4713 1624
f 5327 1624 5328
f 5329 5330 5331
f 5329 5331 5332
f 5332 5331 1402
f 5332 1402 1401
f 5330 5323 5322
f 5330 5322 5331
f 5331 5322 1403
f 5331 1403 1402
f 5329 5332 5333
f 5329 5333 5334
f 5334 5333 5335
f 5334 5335 5336
f 5332 1401 1417
f 5332 1417 5333
f 5333 1417 1419
f 5333 1419 5335
f 5329 5334 5337
f 5329 5337 5338
f 5338 5337 1801
f 5338 1801 1795
f 5334 5336 5339
f 5334 5339 5337
f 5337 5339 1593
f 5337 1593 1801
f 5329 5338 5340
f 5329 5340 5330
f 5330 5340 5326
f 5330 5326 5323
f 5338 1795 1794
f 5338 1794 5340
f 5340 1794 1798
f 5340 1798 5326
f 5341 5342 5343
f 5341 5343 5344
f 5344 5343 4782
f 5344 4782 4777
f 5342 5308 5307
f 5342 5307 5343
f 5343 5307 1409
f 5343 1409 4782
f 5341 5344 5345
f 5341 5345 5346
f 5346 5345 5347
f 5346 5347 5348
f 5344 4777 4776
f 5344 4776 5345
f 5345 4776 4779
f 5345 4779 5347
f 5341 5346 5349
f 5341 5349 5350
f 5350 5349 1671
f 5350 1671 1665
f 5346 5348 5351
f 5346 5351 5349
f 5349 5351 1618
f 5349 1618 1671
f 5341 5350 5352
f 5341 5352 5342
f 5342 5352 5311
f 5342 5311 5308
f 5350 1665 1664
f 5350 1664 5352
f 5352 1664 1668
f 5352 1668 5311
f 5353 5354 5355
f 5353 5355 5356
f 5356 5355 4778
f 5356 4778 4770
f 5354 5348 5347
f 5354 5347 5355
f 5355 5347 4779
f 5355 4779 4778
f 5353 5356 5357
f 5353 5357 5358
f 5358 5357 5319
f 5358 5319 5318
f 5356 4770 4769
f 5356 4769 5357
f 5357 4769 4773
f 5357 4773 5319
f 5353 5358 5359
f 5353 5359 5360
f 5360 5359 1623
f 5360 1623 1615
f 5358 5318 5328
f 5358 5328 5359
f 5359 5328 1624
f 5359 1624 1623
f 5353 5360 5361
f 5353 5361 5354
f 5354 5361 5351
f 5354 5351 5348
f 5360 1615 1614
f 5360 1614 5361
f 5361 1614 1618
f 5361 1618 5351
f 5362 5363 5364
f 5362 5364 5365
f 5365 5364 1418
f 5365 1418 1413
f 5363 5336 5335
f 5363 5335 5364
f 5364 5335 1419
f 5364 1419 1418
f 5362 5365 5366
f 5362 5366 5367
f 5367 5366 5304
f 5367 5304 5303
f 5365 1413 1412
f 5365 1412 5366
f 5366 1412 1415
f 5366 1415 5304
f 5362 5367 5368
f 5362 5368 5369
f 5369 5368 1598
f 5369 1598 1590
f 5367 5303 5313
f 5367 5313 5368
f 5368 5313 1599
f 5368 1599 1598
f 5362 5369 5370
f 5362 5370 5363
f 5363 5370 5339
f 5363 5339 5336
f 5369 1590 1589
f 5369 1589 5370
f 5370 1589 1593
f 5370 1593 5339
f 5371 5372 5373
f 5371 5373 5374
f 5374 5373 5122
f 5374 5122 5121
f 5372 5375 5376
f 5372 5376 5373
f 5373 5376 5123
f 5373 5123 5122
f 5371 5374 5377
f 5371 5377 5378
f 5378 5377 5379
f 5378 5379 5380
f 5374 5121 5134
f 5374 5134 5377
f 5377 5134 1378
f 5377 1378 5379
f 5371 5378 5381
f 5371 5381 5382
f 5382 5381 5066
f 5382 5066 5063
f 5378 5380 5383
f 5378 5383 5381
f 5381 5383 1778
f 5381 1778 5066
f 5371 5382 5384
f 5371 5384 5372
f 5372 5384 5385
f 5372 5385 5375
f 5382 5063 5062
f 5382 5062 5384
f 5384 5062 1649
f 5384 1649 5385
f 5386 5387 5388
f 5386 5388 5389
f 5389 5388 1389
f 5389 1389 1382
f 5387 5390 5391
f 5387 5391 5388
f 5388 5391 1390
f 5388 1390 1389
f 5386 5389 5392
f 5386 5392 5393
f 5393 5392 5394
f 5393 5394 5395
f 5389 1382 1381
f 5389 1381 5392
f 5392 1381 1384
f 5392 1384 5394
f 5386 5393 5396
f 5386 5396 5397
f 5397 5396 5054
f 5397 5054 5051
f 5393 5395 5398
f 5393 5398 5396
f 5396 5398 1858
f 5396 1858 5054
f 5386 5397 5399
f 5386 5399 5387
f 5387 5399 5400
f 5387 5400 5390
f 5397 5051 5050
f 5397 5050 5399
f 5399 5050 1739
f 5399 1739 5400
f 5401 5402 5403
f 5401 5403 5404
f 5404 5403 5132
f 5404 5132 5127
f 5402 5395 5394
f 5402 5394 5403
f 5403 5394 1384
f 5403 1384 5132
f 5401 5404 5405
f 5401 5405 5406
f 5406 5405 5407
f 5406 5407 5408
f 5404 5127 5126
f 5404 5126 5405
f 5405 5126 5129
f 5405 5129 5407
f 5401 5406 5409
f 5401 5409 5410
f 5410 5409 1861
f 5410 1861 1855
f 5406 5408 5411
f 5406 5411 5409
f 5409 5411 1643
f 5409 1643 1861
f 5401 5410 5412
f 5401 5412 5402
f 5402 5412 5398
f 5402 5398 5395
f 5410 1855 1854
f 5410 1854 5412
f 5412 1854 1858
f 5412 1858 5398
f 5413 5414 5415
f 5413 5415 5416
f 5416 5415 1377
f 5416 1377 1376
f 5414 5380 5379
f 5414 5379 5415
f 5415 5379 1378
f 5415 1378 1377
f 5413 5416 5417
f 5413 5417 5418
f 5418 5417 5419
f 5418 5419 5420
f 5416 1376 1392
f 5416 1392 5417
f 5417 1392 1394
f 5417 1394 5419
f 5413 5418 5421
f 5413 5421 5422
f 5422 5421 1781
f 5422 1781 1775
f 5418 5420 5423
f 5418 5423 5421
f 5421 5423 1733
f 5421 1733 1781
f 5413 5422 5424
f 5413 5424 5414
f 5414 5424 5383
f 5414 5383 5380
f 5422 1775 1774
f 5422 1774 5424
f 5424 1774 1778
f 5424 1778 5383
f 5425 5426 5427
f 5425 5427 5428
f 5428 5427 1393
f 5428 1393 1388
f 5426 5420 5419
f 5426 5419 5427
f 5427 5419 1394
f 5427 1394 1393
f 5425 5428 5429
f 5425 5429 5430
f 5430 5429 5391
f 5430 5391 5390
f 5428 1388 1387
f 5428 1387 5429
f 5429 1387 1390
f 5429 1390 5391
f 5425 5430 5431
f 5425 5431 5432
f 5432 5431 1738
f 5432 1738 1730
f 5430 5390 5400
f 5430 5400 5431
f 5431 5400 1739
f 5431 1739 1738
f 5425 5432 5433
f 5425 5433 5426
f 5426 5433 5423
f 5426 5423 5420
f 5432 1730 1729
f 5432 1729 5433
f 5433 1729 1733
f 5433 1733 5423
f 5434 5435 5436
f 5434 5436 5437
f 5437 5436 5128
f 5437 5128 5120
f 5435 5408 5407
f 5435 5407 5436
f 5436 5407 5129
f 5436 5129 5128
f 5434 5437 5438
f 5434 5438 5439
f 5439 5438 5376
f 5439 5376 5375
f 5437 5120 5119
f 5437 5119 5438
f 5438 5119 5123
f 5438 5123 5376
f 5434 5439 5440
f 5434 5440 5441
f 5441 5440 1648
f 5441 1648 1640
f 5439 5375 5385
f 5439 5385 5440
f 5440 5385 1649
f 5440 1649 1648
f 5434 5441 5442
f 5434 5442 5435
f 5435 5442 5411
f 5435 5411 5408
f 5441 1640 1639
f 5441 1639 5442
f 5442 1639 1643
f 5442 1643 5411