# https://github.com/mikedh/trimesh
v -0.00000000 -0.13066552 0.92525871
v -0.01740884 -0.13186658 0.92385520
v 0.01740884 -0.13186658 0.92385520
v 0.22693162 -0.00211369 0.06841047
v 0.22693162 0.10641276 0.06841047
v 0.23687525 0.10594655 0.09259977
v 0.23687525 -0.00242449 0.09259977
v 0.24357171 0.10537006 0.11612522
v 0.24357171 -0.00277110 0.11612522
v 0.24203930 -0.11357278 0.11607884
v 0.23537658 -0.11348613 0.09241429
v 0.22548435 -0.11340844 0.06804180
v 0.01705307 -0.06415782 0.93048487
v 0.03395103 -0.06429858 0.92931019
v 0.03392937 0.00683281 0.94625339
v 0.01704195 0.00689160 0.94612195
v 0.03492584 0.07541938 0.96606931
v 0.01767012 0.07543560 0.96558558
v 0.01804914 0.17242362 0.11675702
v 0.03589405 0.17242361 0.11657762
v 0.03472502 0.17287611 0.09440943
v 0.01745846 0.17287611 0.09512697
v 0.03300862 0.17287611 0.07200732
v 0.01659076 0.17287611 0.07343350
v 0.01490690 0.09979378 0.03141168
v 0.02968305 0.09982990 0.02861282
v 0.02968330 -0.03086646 0.02861282
v 0.01490791 -0.03086837 0.03141168
v 0.02905371 -0.15612751 0.03400188
v 0.01459448 -0.15608949 0.03663027
v 0.01276387 -0.19268040 0.07343348
v 0.02538795 -0.19228576 0.07200732
v 0.02509977 -0.19171065 0.09440944
v 0.01262493 -0.19342084 0.09512697
v 0.02618865 -0.19214870 0.11657763
v 0.01317536 -0.19517310 0.11675702
v 0.01763349 0.15790255 0.46813547
v 0.03503784 0.15790255 0.46813547
v 0.03420759 0.15908961 0.43991128
v 0.01721124 0.15908961 0.43991128
v 0.03299701 0.16041563 0.40657006
v 0.01659443 0.16041563 0.40657006
v 0.22370493 0.02799925 0.41053751
v 0.22352602 0.10581046 0.40756192
v 0.23099764 0.10225269 0.44057255
v 0.23099764 0.01713243 0.44255628
v 0.23629274 0.09906961 0.46830076
v 0.23649111 0.00711503 0.46879669
v 0.23561100 -0.09232480 0.46797326
v 0.23051353 -0.07523777 0.44350323
v 0.22367911 -0.05631228 0.41307222
v 0.01622781 -0.21828974 0.40753932
v 0.03226695 -0.21565373 0.40850021
v 0.03128731 -0.20610790 0.44162869
v 0.01574476 -0.20847336 0.44077369
v 0.03054511 -0.19881173 0.46957636
v 0.01537736 -0.20075547 0.46885903
v 0.01577502 0.13423702 0.76374532
v 0.03139857 0.13423702 0.76374532
v 0.03082411 0.13423702 0.74731304
v 0.01548313 0.13423702 0.74731304
v 0.03032773 0.13468066 0.72895638
v 0.01523515 0.13468066 0.72895638
v 0.20655584 -0.00252957 0.72900358
v 0.20657339 0.07701629 0.72897291
v 0.21014712 0.07709980 0.74731299
v 0.21014712 -0.00186238 0.74731299
v 0.21389361 0.07792027 0.76374532
v 0.21389361 -0.00031337 0.76374527
v 0.21208230 -0.08283645 0.76374591
v 0.20855910 -0.08503685 0.74731299
v 0.20517340 -0.08637705 0.72903345
v 0.01443553 -0.26613441 0.71318996
v 0.02831189 -0.26405300 0.70841770
v 0.02959856 -0.26219848 0.73312955
v 0.01508212 -0.26346798 0.73494579
v 0.03066577 -0.26257686 0.76128189
v 0.01567477 -0.26398424 0.76085716
v 0.01758138 0.12710914 0.88517430
v 0.03498036 0.12710913 0.88346839
v 0.03533037 0.13032876 0.87392428
v 0.01776102 0.13032876 0.87485968
v 0.03547093 0.13325996 0.86362987
v 0.01783449 0.13325996 0.86386367
v 0.01783449 -0.18603903 0.91352166
v 0.03545560 -0.18530388 0.91300846
v 0.03533036 -0.16152788 0.92065767
v 0.01776102 -0.16152260 0.92160452
v 0.03496382 -0.14160335 0.92140069
v 0.01756394 -0.14060975 0.92294260
v 0.01510046 0.14217763 0.64712896
v 0.02992316 0.14217765 0.64712896
v 0.02986639 0.14391599 0.62922079
v 0.01508735 0.14391599 0.62922074
v 0.03047084 0.14636887 0.60670620
v 0.01539405 0.14636887 0.60670615
v 0.20004344 0.00087306 0.60774073
v 0.20042785 0.08941151 0.60706731
v 0.19656345 0.08697719 0.62958045
v 0.19618054 0.00059753 0.63025129
v 0.19825041 0.08537680 0.64742410
v 0.19793627 0.00119832 0.64797440
v 0.19639108 -0.08700385 0.64850797
v 0.19458066 -0.08831994 0.63090171
v 0.19857392 -0.08851813 0.60874136
v 0.01477801 -0.20866669 0.59052371
v 0.02950069 -0.20878829 0.59151851
v 0.02845186 -0.22331631 0.60815730
v 0.01406101 -0.22370482 0.60615307
v 0.02913497 -0.23813431 0.62003131
v 0.01419275 -0.23866343 0.61763689
v 0.01533140 0.16372049 0.33054599
v 0.03051573 0.16372049 0.33054601
v 0.03006902 0.16597063 0.29518644
v 0.01510748 0.16597063 0.29518644
v 0.03052288 0.16745518 0.26228181
v 0.01533873 0.16745518 0.26228181
v 0.20957872 0.03222091 0.26228181
v 0.20814736 0.11198600 0.26228181
v 0.20532398 0.11148959 0.29518644
v 0.20675534 0.03519227 0.29518644
v 0.20834629 0.10918138 0.33071133
v 0.20959871 0.03274070 0.33120726
v 0.20932971 -0.04761700 0.33166682
v 0.20642169 -0.04658278 0.29518644
v 0.20922197 -0.05446107 0.26264301
v 0.01561995 -0.22020802 0.26091052
v 0.03108287 -0.21855436 0.26095154
v 0.03006902 -0.23069699 0.29518644
v 0.01510748 -0.23265587 0.29518644
v 0.03051573 -0.23635093 0.33084616
v 0.01533140 -0.23885555 0.33069675
v 0.02024271 -0.18258878 0.55064667
v 0.04025593 -0.18469070 0.54971744
v 0.03528504 -0.19448208 0.57101881
v 0.01774585 -0.19311328 0.57129134
v 0.23211210 0.01284366 0.55392222
v 0.23197145 0.09814862 0.55382110
v 0.21589597 0.09400856 0.58051418
v 0.21566504 0.00696033 0.58091880
v 0.21471226 -0.08068218 0.58270193
v 0.23170599 -0.07422834 0.55616070
v 0.03241458 0.14973452 0.58029726
v 0.01634427 0.14973452 0.58029726
v 0.03439488 0.15288051 0.55376678
v 0.01730943 0.15288051 0.55376683
v 0.01752760 -0.18817038 0.51121014
v 0.03483573 -0.18766026 0.51215789
v 0.03886439 -0.18370715 0.53067392
v 0.01954678 -0.18263745 0.53078036
v 0.23920322 0.00913004 0.51025408
v 0.23801299 0.09874653 0.51025408
v 0.23765785 0.09921201 0.53088775
v 0.23845136 0.01250741 0.53088775
v 0.23826548 -0.07857291 0.53249508
v 0.23892760 -0.08733630 0.51070366
v 0.03510906 0.15467442 0.53088775
v 0.01766096 0.15467442 0.53088775
v 0.03518856 0.15577002 0.51025408
v 0.01770478 0.15577002 0.51025408
v 0.01846729 -0.20086667 0.19518554
v 0.03674608 -0.19794934 0.19543168
v 0.03435122 -0.20690352 0.22597713
v 0.01726305 -0.20907701 0.22581303
v 0.23188527 0.00093650 0.20341318
v 0.23063285 0.10362021 0.20341318
v 0.21883609 0.10802776 0.23129811
v 0.22026744 0.01692029 0.23129811
v 0.21982660 -0.07983283 0.23274284
v 0.23123938 -0.10540104 0.20558027
v 0.03211128 0.16696481 0.23129811
v 0.01613822 0.16696480 0.23129811
v 0.03386806 0.16632758 0.20341318
v 0.01702203 0.16632758 0.20341318
v 0.12994868 -0.12439471 0.95879938
v 0.14327901 -0.12382799 0.96482901
v 0.14311300 -0.02839202 0.96536253
v 0.12983256 -0.02870114 0.95897323
v 0.14224807 0.06661396 0.96691888
v 0.12899626 0.06653253 0.96051753
v 0.11774967 0.06755863 0.95531248
v 0.11852971 -0.02458489 0.95149599
v 0.11860787 -0.11759482 0.94943708
v 0.12358484 0.13032876 0.86979702
v 0.12232194 0.12710913 0.87594096
v 0.13546653 0.12710914 0.87785150
v 0.13734277 0.13032876 0.87084454
v 0.15116737 0.12710913 0.88060204
v 0.15384968 0.13032876 0.87235269
v 0.15553502 0.13325996 0.86323695
v 0.13837748 0.13325996 0.86285996
v 0.12413015 0.13325996 0.86259808
v 0.10838217 0.13423702 0.74731304
v 0.11033074 0.13423702 0.76374532
v 0.12314497 0.13423702 0.76374532
v 0.12097394 0.13423702 0.74731304
v 0.13859487 0.13423702 0.76374532
v 0.13615562 0.13423702 0.74731304
v 0.13385915 0.13468066 0.72895638
v 0.11893761 0.13468065 0.72895638
v 0.10656161 0.13468066 0.72895643
v 0.10214993 0.14391599 0.62922079
v 0.10287777 0.14217765 0.64712896
v 0.11469943 0.14217763 0.64712901
v 0.11385749 0.14391599 0.62922074
v 0.12895260 0.14217765 0.64712901
v 0.12797309 0.14391599 0.62922079
v 0.13049552 0.14636887 0.60670620
v 0.11610442 0.14636887 0.60670615
v 0.10416834 0.14636887 0.60670620
v 0.11189540 0.14973452 0.58029726
v 0.12477911 0.14973452 0.58029726
v 0.14031280 0.14973452 0.58029726
v 0.15045391 0.15288051 0.55376683
v 0.13373524 0.15288051 0.55376683
v 0.11986869 0.15288051 0.55376678
v 0.12262580 0.15467442 0.53088775
v 0.13682644 0.15467442 0.53088775
v 0.15394790 0.15467442 0.53088775
v 0.15411493 0.15577002 0.51025408
v 0.13698202 0.15577002 0.51025408
v 0.12277188 0.15577002 0.51025408
v 0.11935160 0.15908960 0.43991128
v 0.12209048 0.15790255 0.46813547
v 0.13621299 0.15790255 0.46813547
v 0.13316599 0.15908961 0.43991128
v 0.15324025 0.15790255 0.46813547
v 0.14982176 0.15908960 0.43991128
v 0.14489101 0.16041562 0.40657011
v 0.12876880 0.16041563 0.40657006
v 0.11539697 0.16041562 0.40657011
v 0.10566310 0.16597063 0.29518644
v 0.10724904 0.16372049 0.33054601
v 0.11970653 0.16372049 0.33054599
v 0.11793548 0.16597063 0.29518644
v 0.13472632 0.16372049 0.33054601
v 0.13273209 0.16597063 0.29518644
v 0.13458059 0.16745518 0.26228181
v 0.11958395 0.16745518 0.26228181
v 0.10714567 0.16745518 0.26228181
v 0.11267203 0.16696481 0.23129811
v 0.12574907 0.16696480 0.23129811
v 0.14151585 0.16696481 0.23129811
v 0.14920625 0.16632758 0.20341318
v 0.13258470 0.16632758 0.20341318
v 0.11879868 0.16632758 0.20341318
v 0.12164799 0.17287611 0.09068596
v 0.12560518 0.17242361 0.11564676
v 0.14019451 0.17242362 0.11542966
v 0.13587701 0.17287611 0.08981755
v 0.15778896 0.17242361 0.11515848
v 0.15305003 0.17287611 0.08873288
v 0.14607472 0.17287611 0.06072475
v 0.12953676 0.17287611 0.06288062
v 0.11584868 0.17287611 0.06460665
v 0.10461497 -0.03073323 0.01408922
v 0.10461497 0.10004084 0.01408922
v 0.11725523 0.10006624 0.01070190
v 0.11725523 -0.03071629 0.01070190
v 0.13256303 0.10009555 0.00647102
v 0.13256303 -0.03069675 0.00647102
v 0.12937623 -0.16236814 0.01374138
v 0.11417193 -0.15883944 0.01750099
v 0.10221231 -0.15534592 0.02044265
v 0.08779185 -0.18532558 0.09264885
v 0.08839589 -0.18689483 0.06549628
v 0.09705595 -0.21158479 0.06643913
v 0.09812421 -0.21412989 0.09766911
v 0.11247594 -0.23651242 0.06679762
v 0.11595053 -0.24316905 0.10237010
v 0.12224400 -0.24367269 0.13751317
v 0.10318909 -0.21443240 0.12821849
v 0.09173257 -0.18540121 0.11884397
v 0.11931686 -0.19048703 0.22260812
v 0.12668878 -0.18045973 0.19102994
v 0.13494050 -0.18349140 0.20023516
v 0.12959883 -0.19007519 0.22744139
v 0.14766998 -0.18859695 0.21107474
v 0.14330473 -0.19087233 0.23336423
v 0.13502780 -0.20169886 0.26279835
v 0.12054639 -0.20239165 0.26131763
v 0.10880688 -0.20314342 0.26010932
v 0.10566310 -0.21139585 0.29518644
v 0.11793548 -0.20987527 0.29518644
v 0.13273209 -0.20810033 0.29518644
v 0.13479871 -0.20935047 0.32900970
v 0.11970653 -0.21145248 0.33011030
v 0.10724904 -0.21341169 0.33119855
v 0.11002727 -0.19722717 0.44316313
v 0.11306588 -0.19978146 0.41064569
v 0.12685281 -0.20257129 0.40328639
v 0.12550200 -0.20992148 0.43549102
v 0.14385450 -0.20544799 0.39584763
v 0.14422791 -0.22275493 0.42774826
v 0.14328208 -0.24040095 0.45810837
v 0.12386272 -0.21831451 0.46452848
v 0.10760549 -0.19637472 0.47088920
v 0.13184126 -0.19741303 0.53608529
v 0.12025215 -0.19314059 0.51740751
v 0.13187660 -0.21260623 0.51511277
v 0.14115426 -0.20597409 0.53610302
v 0.14613005 -0.23187058 0.51265552
v 0.15200015 -0.21347270 0.53579339
v 0.15532009 -0.19905367 0.55887919
v 0.14543446 -0.20194332 0.55729864
v 0.13629591 -0.20294698 0.55512284
v 0.12355097 -0.20596872 0.57795322
v 0.13626847 -0.20438917 0.58186561
v 0.15022948 -0.20071761 0.58479275
v 0.14167067 -0.21010185 0.60824732
v 0.12354982 -0.21182250 0.60443371
v 0.10726269 -0.21126897 0.59950074
v 0.10108730 -0.22363836 0.61468959
v 0.11717203 -0.22275426 0.61963266
v 0.13458594 -0.21884365 0.62395569
v 0.13073418 -0.22536209 0.63615625
v 0.11569300 -0.23263521 0.63126336
v 0.10103843 -0.23641772 0.62663215
v 0.10290551 -0.24369896 0.74871928
v 0.10375289 -0.24473762 0.72680368
v 0.11915362 -0.23761647 0.72891979
v 0.11890533 -0.23541710 0.75025462
v 0.13442644 -0.22836581 0.72853882
v 0.13563846 -0.22492747 0.74834353
v 0.13790175 -0.22079909 0.76547363
v 0.12037251 -0.23248757 0.76838788
v 0.10403648 -0.24253379 0.76755284
v 0.12358484 -0.16416755 0.90424371
v 0.12312717 -0.17028804 0.89693763
v 0.13784444 -0.16568666 0.88973262
v 0.13734277 -0.16103103 0.89966578
v 0.14850857 -0.16429824 0.88242246
v 0.15364293 -0.15948902 0.88858563
v 0.15111568 -0.15615589 0.90033760
v 0.13546653 -0.15860843 0.90524324
v 0.12232194 -0.16148374 0.90642887
v 0.17697176 -0.12338014 0.97611448
v 0.18391672 -0.12337937 0.97513576
v 0.18282206 -0.02818125 0.97663595
v 0.17629929 -0.02818125 0.97755602
v 0.18243098 0.06666468 0.97826609
v 0.17563687 0.06666998 0.97911376
v 0.16737734 0.06666869 0.97809283
v 0.16822788 -0.02819741 0.97657641
v 0.16858368 -0.12341961 0.97528692
v 0.18514909 0.13032876 0.87497559
v 0.18092173 0.12710913 0.88538570
v 0.19065072 0.12710914 0.88580341
v 0.19543011 0.13032876 0.87520461
v 0.19862136 0.12710913 0.88541298
v 0.20388290 0.13032876 0.87499052
v 0.20766346 0.13325996 0.86389643
v 0.19881468 0.13325996 0.86394990
v 0.18808323 0.13325996 0.86389275
v 0.16495977 0.13423702 0.74731304
v 0.16790792 0.13423702 0.76374532
v 0.17758420 0.13423702 0.76374532
v 0.17446806 0.13423702 0.74731304
v 0.18557017 0.13423702 0.76374532
v 0.18231539 0.13423702 0.74731304
v 0.17922797 0.13468066 0.72895638
v 0.17151511 0.13468065 0.72895638
v 0.16216974 0.13468066 0.72895643
v 0.15475453 0.14391599 0.62922079
v 0.15599510 0.14217765 0.64712901
v 0.16492187 0.14217763 0.64712901
v 0.16359513 0.14391599 0.62922074
v 0.17228927 0.14217765 0.64712901
v 0.17089141 0.14391599 0.62922079
v 0.17425154 0.14636887 0.60670620
v 0.16681285 0.14636887 0.60670615
v 0.15779972 0.14636887 0.60670620
v 0.16978475 0.14973452 0.58029726
v 0.17951350 0.14973452 0.58029726
v 0.18754279 0.14973452 0.58029726
v 0.20128688 0.15288051 0.55376683
v 0.19264508 0.15288051 0.55376683
v 0.18217418 0.15288051 0.55376678
v 0.18643238 0.15467442 0.53088775
v 0.19715556 0.15467442 0.53088775
v 0.20600557 0.15467442 0.53088775
v 0.20620743 0.15577002 0.51025408
v 0.19735151 0.15577002 0.51025408
v 0.18662116 0.15577002 0.51025408
v 0.18142272 0.15908960 0.43991128
v 0.18554600 0.15790255 0.46813547
v 0.19621017 0.15790255 0.46813547
v 0.19185423 0.15908961 0.43991128
v 0.20501146 0.15790255 0.46813547
v 0.20046351 0.15908963 0.43991128
v 0.19391043 0.16041563 0.40657006
v 0.18557694 0.16041563 0.40657006
v 0.17547961 0.16041562 0.40657006
v 0.16080566 0.16597062 0.29518644
v 0.16322331 0.16372047 0.33054601
v 0.17263022 0.16372049 0.33054599
v 0.17007278 0.16597062 0.29518644
v 0.18039386 0.16372047 0.33054601
v 0.17772107 0.16597062 0.29518644
v 0.18017775 0.16745515 0.26228181
v 0.17242606 0.16745516 0.26228181
v 0.16303366 0.16745518 0.26228181
v 0.17143012 0.16696481 0.23129811
v 0.18130485 0.16696480 0.23129811
v 0.18945462 0.16696480 0.23129811
v 0.19974397 0.16632758 0.20341318
v 0.19115236 0.16632758 0.20341318
v 0.18074230 0.16632758 0.20341318
v 0.18563795 0.17287611 0.08707391
v 0.19117222 0.17242361 0.11474374
v 0.20219582 0.17242362 0.11487314
v 0.19641022 0.17287611 0.08759147
v 0.21129613 0.17242361 0.11514851
v 0.20531019 0.17287611 0.08869299
v 0.19644910 0.17287611 0.06064550
v 0.18785436 0.17287611 0.05845613
v 0.17746326 0.17287611 0.05742743
v 0.16162828 -0.03066647 0.00000000
v 0.16162828 0.10014099 0.00000000
v 0.17128106 0.10012871 0.00201884
v 0.17128107 -0.03067464 0.00201884
v 0.17928455 0.10010135 0.00631547
v 0.17928455 -0.03069289 0.00631547
v 0.18060200 -0.16051302 0.01329115
v 0.17215492 -0.16205533 0.00936012
v 0.16163234 -0.16316715 0.00756482
v 0.17282386 -0.24948386 0.10119736
v 0.16444751 -0.24212401 0.06312345
v 0.18016532 -0.23423709 0.06297960
v 0.18934076 -0.24021333 0.09903622
v 0.19116322 -0.22330200 0.06375519
v 0.20045026 -0.22741039 0.09656075
v 0.20754158 -0.22762134 0.12856456
v 0.19673428 -0.24052022 0.13438867
v 0.18028789 -0.24988554 0.13867708
v 0.17682321 -0.19627308 0.24086508
v 0.18735651 -0.20018663 0.22267695
v 0.19793860 -0.20069794 0.22350352
v 0.18634836 -0.19470866 0.24201788
v 0.20432385 -0.19872910 0.22264290
v 0.19286491 -0.19046878 0.24227983
v 0.18103033 -0.18589983 0.26502723
v 0.17368695 -0.19463861 0.26496176
v 0.16438194 -0.19969742 0.26467356
v 0.16080566 -0.20338197 0.29518644
v 0.17007278 -0.19714878 0.29518644
v 0.17772107 -0.18505698 0.29518644
v 0.18090345 -0.18651634 0.33002581
v 0.17307566 -0.19952498 0.32932023
v 0.16369663 -0.20498803 0.32881220
v 0.17802609 -0.22703275 0.42584469
v 0.17699702 -0.20588087 0.39438421
v 0.18692721 -0.20509993 0.39743263
v 0.18834617 -0.22703275 0.42787701
v 0.19584882 -0.19840561 0.40166617
v 0.19802539 -0.22150667 0.43069935
v 0.19768724 -0.24223703 0.45735135
v 0.18739833 -0.24776311 0.45664577
v 0.17676202 -0.24776309 0.45613764
v 0.18307758 -0.21466204 0.53906600
v 0.17784764 -0.23796446 0.51268041
v 0.18845184 -0.23745815 0.51300786
v 0.19329624 -0.21263670 0.54037571
v 0.19870391 -0.23141732 0.51327124
v 0.20285030 -0.20505174 0.54142916
v 0.20391027 -0.18101112 0.56712236
v 0.19550399 -0.19020324 0.56542755
v 0.18578987 -0.19434594 0.56358717
v 0.17986205 -0.19106677 0.58561394
v 0.18908627 -0.18462269 0.58642716
v 0.19590677 -0.17472692 0.58793895
v 0.18597305 -0.17810467 0.60712681
v 0.17989934 -0.18755050 0.60552176
v 0.17054508 -0.19558248 0.60528488
v 0.16308987 -0.19865096 0.62273849
v 0.17379951 -0.19064204 0.62485863
v 0.18124238 -0.18304991 0.62793364
v 0.17899302 -0.18741854 0.64679937
v 0.17021527 -0.19379462 0.64275978
v 0.15870536 -0.20166824 0.63884705
v 0.16495977 -0.20176580 0.74749635
v 0.16258559 -0.20454702 0.72897978
v 0.17171055 -0.19563562 0.72907059
v 0.17446806 -0.19372130 0.74742187
v 0.17917294 -0.18829985 0.72905889
v 0.18204879 -0.18691360 0.74737522
v 0.18510361 -0.18525344 0.76387939
v 0.17758418 -0.19173858 0.76397115
v 0.16790791 -0.19903186 0.76411245
v 0.01593252 -0.19611308 0.15717578
v 0.03168692 -0.19269519 0.15721679
v 0.03513949 -0.19389666 0.17448380
v 0.01766316 -0.19718082 0.17431969
v 0.12041836 -0.18009454 0.17372187
v 0.12641912 -0.19320581 0.18637643
v 0.10845757 -0.18357387 0.16069612
v 0.11391612 -0.20712303 0.17486921
v 0.12634240 -0.23125705 0.18931470
v 0.13823067 -0.20784893 0.20012055
v 0.18520892 -0.21851580 0.20902502
v 0.19833926 -0.21594543 0.20656732
v 0.17975114 -0.23856353 0.19351653
v 0.19535172 -0.23157293 0.18781989
v 0.20554254 -0.22145021 0.17957388
v 0.20650623 -0.21064615 0.20181516
v 0.24030643 -0.00362841 0.15854704
v 0.24012752 0.10368585 0.15854706
v 0.23678030 0.10276862 0.17980478
v 0.23749599 -0.00408440 0.17980476
v 0.23646410 -0.11386866 0.18124951
v 0.23891194 -0.11377900 0.15890824
v 0.18571749 0.16737156 0.17980478
v 0.19641189 0.16737156 0.17980478
v 0.20523814 0.16737156 0.17980478
v 0.20830409 0.16923749 0.15854706
v 0.19934807 0.16923749 0.15854704
v 0.18849645 0.16923749 0.15854706
v 0.12208213 0.16737156 0.17980478
v 0.13624465 0.16737156 0.17980478
v 0.15332016 0.16737156 0.17980478
v 0.15562283 0.16923749 0.15854706
v 0.13829629 0.16923749 0.15854704
v 0.12392555 0.16923749 0.15854706
v 0.03482705 0.16737156 0.17980478
v 0.01750626 0.16737156 0.17980478
v 0.03538161 0.16923749 0.15854706
v 0.01778790 0.16923749 0.15854704
v 0.01511818 0.16844686 0.03663028
v 0.03009658 0.16845401 0.03400189
v 0.02968330 0.15518765 0.02861282
v 0.01490791 0.15515915 0.03141168
v 0.10461497 0.15532976 0.01408922
v 0.11725523 0.15534670 0.01070190
v 0.10601006 0.16848952 0.02036287
v 0.11878045 0.16849376 0.01718187
v 0.13424102 0.16849864 0.01320867
v 0.13256303 0.15536624 0.00647102
v 0.16162828 0.15539651 0.00000000
v 0.17128106 0.15538834 0.00201884
v 0.16359479 0.16850621 0.00713179
v 0.17333926 0.16850417 0.00902766
v 0.18141617 0.16849960 0.01306260
v 0.17928455 0.15537010 0.00631547
v 0.22693162 0.15470338 0.06841047
v 0.23687525 0.15439257 0.09259977
v 0.22548435 0.16833293 0.06804179
v 0.23537658 0.16825523 0.09241429
v 0.24203933 0.16777263 0.11607884
v 0.24357171 0.15381972 0.11612522
v 0.24006788 0.15136937 0.15854704
v 0.23654172 0.14998040 0.17980476
v 0.23855977 0.16477045 0.15854706
v 0.23505547 0.16302376 0.17980478
v 0.22876862 0.16205566 0.20341318
v 0.23021536 0.14923989 0.20341318
v 0.21835897 0.14982407 0.23129811
v 0.21698664 0.16267963 0.23129811
v 0.20636495 0.16312305 0.26228181
v 0.20767025 0.15012668 0.26228181
v 0.20484687 0.14854148 0.29518644
v 0.20355896 0.16161334 0.29518644
v 0.20662148 0.15936165 0.33054601
v 0.20792880 0.14628514 0.33054599
v 0.22346637 0.14321477 0.40657006
v 0.23099764 0.14201151 0.43991128
v 0.22206312 0.15611541 0.40657011
v 0.22954793 0.15482007 0.43991128
v 0.23474455 0.15367534 0.46813547
v 0.23622659 0.14099371 0.46813547
v 0.23761623 0.13947923 0.51025408
v 0.23739338 0.13873790 0.53088775
v 0.23612500 0.15169732 0.51025408
v 0.23590315 0.15069029 0.53088775
v 0.23047933 0.14893597 0.55376987
v 0.23192923 0.13710236 0.55377913
v 0.21599169 0.13370859 0.58034650
v 0.21466073 0.14572802 0.58030956
v 0.19936965 0.14225219 0.60672667
v 0.20058717 0.12990215 0.60678815
v 0.19672215 0.12702865 0.62930244
v 0.19552848 0.13969416 0.62924120
v 0.19716868 0.13786643 0.64714569
v 0.19838060 0.12493283 0.64719597
v 0.20658066 0.11599121 0.72896012
v 0.21014712 0.11574712 0.74731299
v 0.20528350 0.13000830 0.72895738
v 0.20882571 0.12961455 0.74731304
v 0.21254885 0.12970119 0.76374532
v 0.21389361 0.11609369 0.76374527
v 0.17166234 0.09836893 0.99462687
v 0.18008442 0.09833192 0.99421374
v 0.17969333 0.10491486 0.99741177
v 0.17099991 0.10495718 0.99775251
v 0.18008442 0.11230122 0.99523308
v 0.17166233 0.11233825 0.99564612
v 0.16227416 0.11235753 0.99439775
v 0.16142364 0.10497923 0.99646641
v 0.16227417 0.09838823 0.99337851
v 0.12397840 0.09831666 0.97660708
v 0.13705855 0.09834566 0.98269048
v 0.13619365 0.10493057 0.98586183
v 0.12314210 0.10489741 0.97983528
v 0.13705855 0.11231496 0.98370972
v 0.12397840 0.11228595 0.97762642
v 0.11306947 0.11226519 0.97340914
v 0.11228942 0.10487369 0.97565863
v 0.11306947 0.09829590 0.97238990
v 0.02143916 0.09835086 0.99247238
v 0.04090471 0.09834017 0.98928848
v 0.04190119 0.10492429 0.99270010
v 0.02206734 0.10493652 0.99655184
v 0.04090471 0.11230946 0.99053755
v 0.02143916 0.11232016 0.99441020
v 0.01741220 0.12407702 0.90853497
v 0.03465074 0.12407702 0.90610337
v 0.03478008 0.12526681 0.89428776
v 0.01747858 0.12526681 0.89643458
v 0.12159928 0.12526681 0.88481474
v 0.13439289 0.12526681 0.88721916
v 0.12113258 0.12407704 0.89537402
v 0.13369953 0.12407702 0.89809728
v 0.14864125 0.12407704 0.90201782
v 0.14963249 0.12526681 0.89068067
v 0.17850275 0.12526681 0.89670065
v 0.18791587 0.12526681 0.89722640
v 0.17694053 0.12407704 0.90883639
v 0.18614968 0.12407702 0.90943174
v 0.19366622 0.12407704 0.90887532
v 0.19561061 0.12526681 0.89673500
v 0.23075393 0.07631658 0.88977813
v 0.22682913 0.07711853 0.87239362
v 0.22764131 0.11558394 0.87847961
v 0.23075393 0.11306507 0.89462950
v 0.22696293 0.12422783 0.88453713
v 0.22847659 0.12221637 0.89498448
v 0.23301659 0.12113640 0.90689249
v 0.23627621 0.11231451 0.90649041
v 0.23627623 0.07662092 0.90235279
v 0.22655841 -0.00895133 0.85846833
v 0.23075393 -0.00952537 0.87594982
v 0.23627621 -0.00693479 0.89076212
v 0.23501052 -0.09244409 0.88066388
v 0.22945822 -0.09650796 0.86382922
v 0.22516389 -0.09591497 0.84663988
v 0.17895590 -0.14627743 0.89154319
v 0.18088407 -0.15566249 0.87977896
v 0.19070688 -0.15846918 0.87053198
v 0.18972841 -0.14909008 0.88662421
v 0.19803622 -0.15633786 0.87276902
v 0.19931101 -0.15224074 0.88258049
v 0.20109505 -0.14555440 0.89395130
v 0.18948025 -0.13907106 0.89624350
v 0.17746488 -0.13462247 0.89969844
v 0.12159928 -0.15919029 0.91073438
v 0.13439291 -0.15423711 0.91048653
v 0.14963252 -0.14882511 0.90740799
v 0.14933777 -0.14212084 0.91339441
v 0.13422241 -0.15057197 0.91652483
v 0.12126329 -0.15750136 0.91646688
v 0.03471394 -0.13365499 0.92170669
v 0.03464151 -0.13293118 0.92173487
v 0.03457713 -0.13228878 0.92175976
v 0.03438988 -0.12723183 0.92203150
v 0.01728692 -0.12639472 0.92470149
v 0.18125770 0.09720879 0.98597863
v 0.17364961 0.09722995 0.98660893
v 0.16482577 0.09724098 0.98547379
v 0.17593267 0.11724420 0.97807590
v 0.16763897 0.11724695 0.97706552
v 0.16482575 0.11586673 0.98683278
v 0.17364958 0.11585571 0.98796803
v 0.18125770 0.11583455 0.98733782
v 0.18275662 0.11723891 0.97723918
v 0.13965331 0.09721666 0.97453553
v 0.12648733 0.09720008 0.96828165
v 0.11540957 0.09718822 0.96394240
v 0.12911237 0.11723673 0.95966338
v 0.11782783 0.11723377 0.95525562
v 0.11540957 0.11581396 0.96530149
v 0.12648733 0.11582581 0.96964075
v 0.13965331 0.11584239 0.97589452
v 0.14241409 0.11724086 0.96601076
v 0.03791528 0.09721351 0.98041301
v 0.01955464 0.09721962 0.98159297
v 0.01955464 0.11584536 0.98662646
v 0.01768271 0.11724161 0.97664611
v -0.01768272 0.11724161 0.97664611
v -0.01955464 0.11584536 0.98662646
v -0.02143916 0.11232016 0.99441020
v 0.03791528 0.11583925 0.98269068
v 0.03494787 0.11724009 0.97269509
v 0.01726074 0.13423702 0.83619192
v 0.03433503 0.13423702 0.83619192
v 0.03363612 0.13423702 0.82200624
v 0.01690723 0.13423702 0.82200624
v 0.03302337 0.13423702 0.80880391
v 0.01659730 0.13423702 0.80880396
v 0.12928910 0.13423702 0.80880396
v 0.11584527 0.13423702 0.80880391
v 0.11792508 0.13423702 0.82200624
v 0.13160635 0.13423702 0.82200624
v 0.12029735 0.13423702 0.83619192
v 0.13424946 0.13423702 0.83619192
v 0.15107127 0.13423702 0.83619192
v 0.14810164 0.13423702 0.82200624
v 0.14549809 0.13423702 0.80880391
v 0.18640302 0.13423702 0.80880396
v 0.17625134 0.13423702 0.80880391
v 0.17939807 0.13423702 0.82200624
v 0.18972906 0.13423702 0.82200624
v 0.18298728 0.13423702 0.83619192
v 0.19352278 0.13423702 0.83619192
v 0.20221790 0.13423702 0.83619192
v 0.19825537 0.13423702 0.82200624
v 0.19478136 0.13423702 0.80880391
v 0.22462577 0.11813467 0.81656037
v 0.22311791 0.13021143 0.81164652
v 0.22718889 0.13109902 0.83337665
v 0.22901282 0.12168502 0.85303196
v 0.22841968 0.13051390 0.84585483
v 0.22965206 0.12877057 0.85422227
v 0.22888009 0.12668987 0.87267093
v 0.22853952 0.12564653 0.87628877
v 0.22576415 0.08011457 0.84462618
v 0.22381361 0.08063532 0.81445895
v 0.22354287 0.00466376 0.81198970
v 0.22468126 -0.00220534 0.83474929
v 0.22304848 -0.08623996 0.82771535
v 0.22168289 -0.07626302 0.81023908
v 0.17999412 -0.17834902 0.82624244
v 0.17575202 -0.18776356 0.81065605
v 0.18699907 -0.17990699 0.81389152
v 0.19384214 -0.16580022 0.84020886
v 0.19258402 -0.17787843 0.80724283
v 0.19882373 -0.17165241 0.81356093
v 0.20806315 -0.15842628 0.81158886
v 0.20880767 -0.15519318 0.83278200
v 0.21391392 -0.15144309 0.85363548
v 0.20387084 -0.15811073 0.86156738
v 0.18454535 -0.15843900 0.86068635
v 0.18269461 -0.16454556 0.85498631
v 0.18531446 -0.16144727 0.84826145
v 0.17816710 -0.17179839 0.83729451
v 0.10617179 -0.21416912 0.82549444
v 0.10161977 -0.22649139 0.80318726
v 0.12277049 -0.21537027 0.80680152
v 0.12526353 -0.20474510 0.82583618
v 0.14373875 -0.20351331 0.81034513
v 0.14642948 -0.19425781 0.82664512
v 0.14988014 -0.18229210 0.84586479
v 0.12999858 -0.19089297 0.84877615
v 0.11234410 -0.19863346 0.85140063
v 0.01659730 -0.24881285 0.81334127
v 0.03253656 -0.24818922 0.81257131
v 0.03345364 -0.23654577 0.83616424
v 0.01690723 -0.23708736 0.83689303
v 0.03421274 -0.22142437 0.86417295
v 0.01726074 -0.22200277 0.86466535
v 0.01618377 0.13423702 0.78684759
v 0.03220580 0.13423702 0.78684754
v 0.03183656 0.13423702 0.77627861
v 0.01599701 0.13423702 0.77627861
v 0.11181697 0.13423702 0.77627861
v 0.12480087 0.13423702 0.77627861
v 0.11307024 0.13423702 0.78684754
v 0.12619724 0.13423702 0.78684759
v 0.14202423 0.13423702 0.78684754
v 0.14045535 0.13423702 0.77627861
v 0.17015654 0.13423702 0.77627861
v 0.17996094 0.13423702 0.77627861
v 0.17205273 0.13423702 0.78684754
v 0.18196519 0.13423702 0.78684759
v 0.19014608 0.13423702 0.78684754
v 0.18805266 0.13423702 0.77627861
v 0.21675115 0.07871825 0.77627856
v 0.21675115 0.11635803 0.77627856
v 0.21538859 0.12976728 0.77627861
v 0.21778323 0.12982301 0.78684754
v 0.21916082 0.11658094 0.78684749
v 0.21916082 0.07950389 0.78684749
v 0.21675115 0.00155686 0.77627856
v 0.21916082 0.00358485 0.78684749
v 0.21725001 -0.07750924 0.78685262
v 0.21485537 -0.08026360 0.77628100
v 0.17015652 -0.19683856 0.77683806
v 0.17996093 -0.19009012 0.77663772
v 0.18751945 -0.18377805 0.77650404
v 0.18959125 -0.18220895 0.78717190
v 0.18187873 -0.18837918 0.78734496
v 0.17192306 -0.19479424 0.78759973
v 0.10840094 -0.23952106 0.78012352
v 0.12405407 -0.22738472 0.78025656
v 0.14026865 -0.21587451 0.77810654
v 0.14210585 -0.21128948 0.78835789
v 0.12661013 -0.22240010 0.78852841
v 0.10850886 -0.23582080 0.78845373
v 0.03056818 -0.26075278 0.77758348
v 0.01599700 -0.26200630 0.77669552
v 0.03040958 -0.25769527 0.78787774
v 0.01618376 -0.25867852 0.78749592
v 0.03257400 0.13423702 0.79738685
v 0.01637001 0.13423702 0.79738685
v 0.11432000 0.13423702 0.79738685
v 0.12758969 0.13423702 0.79738685
v 0.14358872 0.13423702 0.79738685
v 0.17394362 0.13423702 0.79738685
v 0.18396381 0.13423702 0.79738685
v 0.19223362 0.13423702 0.79738685
v 0.22156373 0.08028733 0.79738685
v 0.22156373 0.11680323 0.79738685
v 0.22017118 0.12987858 0.79738685
v 0.22156373 0.00560716 0.79738685
v 0.21963796 -0.07476424 0.79739512
v 0.17342496 -0.19250729 0.79832375
v 0.18361802 -0.18620906 0.79801656
v 0.19161394 -0.18026775 0.79780591
v 0.10723372 -0.23259312 0.79456611
v 0.12470080 -0.21982528 0.79587113
v 0.14278005 -0.20817982 0.79834346
v 0.03129379 -0.25437324 0.79800810
v 0.01637000 -0.25514529 0.79829338
v 0.03012398 0.13601157 0.71065021
v 0.01514492 0.13601157 0.71065021
v 0.03007190 0.13761816 0.69409949
v 0.01513433 0.13761816 0.69409949
v 0.11690774 0.13761816 0.69409954
v 0.10478677 0.13761816 0.69409949
v 0.10545944 0.13601157 0.71065021
v 0.11768586 0.13601156 0.71065021
v 0.13242704 0.13601157 0.71065021
v 0.13152176 0.13761816 0.69409954
v 0.16840171 0.13761816 0.69409954
v 0.15924895 0.13761816 0.69409949
v 0.16039546 0.13601157 0.71065021
v 0.16962788 0.13601156 0.71065021
v 0.17724753 0.13601157 0.71065021
v 0.17595564 0.13761816 0.69409954
v 0.20423409 0.07842922 0.71071613
v 0.20267502 0.08009364 0.69422515
v 0.20273045 0.11943581 0.69412802
v 0.20426319 0.11749887 0.71066515
v 0.20147067 0.13307257 0.69410661
v 0.20298652 0.13138340 0.71065394
v 0.20254126 -0.00156820 0.69445950
v 0.20416389 -0.00175431 0.71083910
v 0.20281275 -0.08636924 0.71095839
v 0.20113957 -0.08750541 0.69468673
v 0.16205889 -0.20688221 0.71055243
v 0.16212909 -0.20872519 0.69397965
v 0.16973905 -0.19819827 0.69476245
v 0.17040970 -0.19707886 0.71099812
v 0.17600616 -0.18918295 0.69476241
v 0.17729402 -0.18895338 0.71099812
v 0.10532347 -0.24737079 0.70498686
v 0.10665203 -0.24938767 0.68453153
v 0.12200889 -0.24230529 0.68743960
v 0.12061843 -0.24052875 0.70744630
v 0.13636692 -0.23253041 0.68901765
v 0.13521334 -0.23122031 0.70788184
v 0.01358991 -0.28660931 0.70333895
v 0.02757379 -0.27949765 0.69545046
v 0.02775108 -0.27257578 0.70243790
v 0.01395148 -0.27766053 0.70981817
v 0.15675506 -0.12353591 0.97092496
v 0.15653861 -0.02824589 0.97187111
v 0.15564476 0.06665468 0.97340257
v 0.15296324 0.09723341 0.98085771
v 0.15028171 0.09837501 0.98884030
v 0.14938786 0.10496410 0.99195419
v 0.15028171 0.11234431 0.98985954
v 0.15586120 0.11724507 0.97242754
v 0.15296324 0.11585917 0.98221670
v 0.16703986 0.12710914 0.88338266
v 0.16503871 0.12526681 0.89417992
v 0.16374633 0.12407702 0.90598129
v 0.17053704 0.13032876 0.87387728
v 0.17288014 0.13325996 0.86361812
v 0.16188426 0.13423702 0.80880396
v 0.16477724 0.13423702 0.82200624
v 0.16807700 0.13423702 0.83619192
v 0.15802424 0.13423702 0.78684759
v 0.15976264 0.13423702 0.79738685
v 0.15421367 0.13423702 0.76374532
v 0.15628096 0.13423702 0.77627861
v 0.15150326 0.13423702 0.74731304
v 0.14894381 0.13468065 0.72895638
v 0.14629558 0.13761816 0.69409954
v 0.14732939 0.13601156 0.71065021
v 0.14336159 0.14217763 0.64712901
v 0.14224298 0.14391599 0.62922074
v 0.14504395 0.14636887 0.60670615
v 0.15601626 0.14973452 0.58029726
v 0.16735536 0.15288051 0.55376683
v 0.17125654 0.15467442 0.53088775
v 0.17143515 0.15577002 0.51025408
v 0.17045364 0.15790255 0.46813547
v 0.16665962 0.15908961 0.43991128
v 0.16118946 0.16041563 0.40657006
v 0.14991029 0.16372049 0.33054599
v 0.14769044 0.16597063 0.29518644
v 0.14974117 0.16745518 0.26228181
v 0.15745499 0.16696480 0.23129811
v 0.16600952 0.16632758 0.20341318
v 0.17058234 0.16737156 0.17980478
v 0.17313879 0.16923749 0.15854704
v 0.17557573 0.17242362 0.11488436
v 0.17041079 0.17287611 0.08763635
v 0.16279348 0.17287611 0.05854534
v 0.14803816 0.10012520 0.00219389
v 0.14803816 0.15538600 0.00219389
v 0.14987058 0.16850357 0.00919205
v 0.14803816 -0.03067699 0.00219389
v 0.14628458 -0.16354108 0.00972728
v 0.13841208 -0.24478731 0.06504425
v 0.14460543 -0.25271139 0.10292741
v 0.15170071 -0.25321342 0.14035898
v 0.16787114 -0.19515749 0.21854466
v 0.16150000 -0.21605126 0.20727308
v 0.15251771 -0.24009772 0.19477263
v 0.16076076 -0.19396631 0.23790966
v 0.15056761 -0.20142583 0.26393469
v 0.14769046 -0.20648419 0.29518644
v 0.15019986 -0.20772944 0.32864282
v 0.16160435 -0.20627406 0.39336808
v 0.16252799 -0.22703275 0.42516729
v 0.16148590 -0.24776311 0.45596831
v 0.16259704 -0.23821263 0.51220390
v 0.16764341 -0.21565470 0.53715980
v 0.17058356 -0.19690863 0.56118981
v 0.16583524 -0.19635428 0.58555569
v 0.15756895 -0.20389403 0.60736220
v 0.14995529 -0.20943035 0.62371422
v 0.14530832 -0.21361524 0.63766500
v 0.15037268 -0.22075314 0.69163119
v 0.14967679 -0.21913373 0.70921544
v 0.14953065 -0.21639989 0.72868061
v 0.15150325 -0.21293913 0.74761385
v 0.15421367 -0.20918296 0.76433081
v 0.15628096 -0.20556290 0.77714734
v 0.15793780 -0.20225927 0.78799290
v 0.15941687 -0.19945234 0.79879683
v 0.16136560 -0.19497174 0.81055199
v 0.16443145 -0.18664701 0.82425095
v 0.16756329 -0.17541444 0.84224426
v 0.16683311 -0.15621516 0.88845190
v 0.16503873 -0.14618049 0.89978238
v 0.16391797 -0.13622170 0.90660054
v 0.02854384 -0.19229470 0.13771408
v 0.01435724 -0.19575718 0.13771408
v 0.09875840 -0.18508003 0.14196494
v 0.10731292 -0.21314766 0.15471755
v 0.12336073 -0.24145019 0.16747012
v 0.15179470 -0.25074696 0.17172098
v 0.18035388 -0.24763277 0.16975869
v 0.19677733 -0.23870228 0.16387178
v 0.20756333 -0.22637160 0.15569630
v 0.24352356 0.10458475 0.13771408
v 0.24352356 -0.00318153 0.13771408
v 0.24199405 -0.11367540 0.13771408
v 0.24352356 0.15273055 0.13771408
v 0.24199405 0.16648223 0.13771408
v 0.19121986 0.17106612 0.13771408
v 0.20222557 0.17106612 0.13771408
v 0.21130875 0.17106612 0.13771408
v 0.15787949 0.17106612 0.13771408
v 0.17564415 0.17106612 0.13771408
v 0.12573213 0.17106612 0.13771408
v 0.14030692 0.17106612 0.13771408
v 0.03592510 0.17106612 0.13771408
v 0.01806390 0.17106612 0.13771408
v 0.02716393 -0.19517932 0.05016910
v 0.01365009 -0.19513173 0.05228606
v 0.09500433 -0.19215069 0.03950294
v 0.10492201 -0.20614180 0.03789825
v 0.11981586 -0.22027608 0.03555248
v 0.14102384 -0.22498752 0.03232748
v 0.16164454 -0.22350239 0.03025929
v 0.17477653 -0.21904695 0.03138397
v 0.18455435 -0.21285947 0.03421819
v 0.20871441 -0.00523909 0.02664949
v 0.20871444 0.10629433 0.02664949
v 0.21723826 0.10686722 0.04483001
v 0.21723826 -0.00181071 0.04483001
v 0.21584111 -0.11333269 0.04428278
v 0.20950471 -0.09027603 0.03069100
v 0.21723826 0.15500635 0.04483001
v 0.20871441 0.15523373 0.02664949
v 0.20950471 0.16503504 0.03069100
v 0.21584111 0.16840868 0.04428278
v 0.16949434 0.17287611 0.02852717
v 0.17951387 0.17287611 0.03005414
v 0.18781107 0.17287611 0.03330398
v 0.13927498 0.17287611 0.03342163
v 0.15536788 0.17287611 0.03018655
v 0.11019534 0.17287611 0.03918382
v 0.12335610 0.17287611 0.03662175
v 0.03133542 0.17287611 0.05016910
v 0.01574489 0.17287611 0.05228607
v 0.22114255 -0.17000396 0.06693578
v 0.21372211 -0.19499944 0.06561267
v 0.20472103 -0.19367045 0.04020596
v 0.21164962 -0.17000396 0.04264105
v 0.19817707 -0.15115560 0.02151653
v 0.20462185 -0.13153356 0.02465524
v 0.22327472 -0.19552233 0.09199431
v 0.23088059 -0.17000396 0.09185782
v 0.23744210 -0.17000396 0.11593973
v 0.22981965 -0.19554917 0.11743095
v 0.23425129 -0.16997150 0.15999178
v 0.22667830 -0.19471526 0.16338364
v 0.22979767 -0.19539012 0.14000264
v 0.23740551 -0.17000396 0.13771408
v 0.22596181 -0.16198224 0.21208161
v 0.21847936 -0.18641764 0.21882382
v 0.22393111 -0.19319466 0.19124821
v 0.23145996 -0.16987416 0.18558373
v 0.20724629 -0.16997354 0.24133796
v 0.21468709 -0.13856612 0.23707707
v 0.20433476 -0.11335244 0.26372656
v 0.19691480 -0.15079524 0.26479178
v 0.19416775 -0.13581569 0.29518644
v 0.20160378 -0.10006786 0.29518644
v 0.20518286 -0.09647186 0.33172311
v 0.19828086 -0.12919015 0.33141662
v 0.22372786 -0.17683078 0.43715386
v 0.21898784 -0.15158236 0.41023365
v 0.22312451 -0.11321755 0.41274139
v 0.22906116 -0.13674636 0.44105420
v 0.23244159 -0.15670464 0.46418062
v 0.22515446 -0.19736810 0.46002513
v 0.22880780 -0.16198413 0.54184408
v 0.22648779 -0.18695049 0.51332725
v 0.23492670 -0.14861857 0.51205229
v 0.23559183 -0.13122591 0.53731703
v 0.23010799 -0.11848325 0.56261452
v 0.22528226 -0.14111063 0.56851242
v 0.20856114 -0.14059637 0.59055891
v 0.21245102 -0.12216504 0.58700524
v 0.19515927 -0.13156699 0.61000217
v 0.19145271 -0.15000197 0.61048565
v 0.18676521 -0.15888806 0.63079451
v 0.19077104 -0.13598478 0.63111848
v 0.19256776 -0.13863096 0.64868581
v 0.18799301 -0.16563403 0.64860485
v 0.19295867 -0.16760277 0.71099812
v 0.19134976 -0.16781964 0.69476241
v 0.19728033 -0.13967370 0.69476245
v 0.19894086 -0.13873305 0.71099812
v 0.20107145 -0.13825679 0.72904336
v 0.19488280 -0.16693400 0.72904510
v 0.19710089 -0.16477301 0.74731996
v 0.20379504 -0.13632106 0.74731299
v 0.20664834 -0.13387820 0.76374770
v 0.19944545 -0.16244088 0.76376433
v 0.20174882 -0.16125873 0.77631978
v 0.20916805 -0.13188059 0.77628826
v 0.21151766 -0.13011138 0.78686790
v 0.20402841 -0.16063124 0.78691709
v 0.20630162 -0.15996304 0.79748697
v 0.21386067 -0.12835382 0.79741986
v 0.21610292 -0.12862810 0.81029350
v 0.21815022 -0.13295450 0.82783852
v 0.22098032 -0.13706170 0.84684430
v 0.21900148 -0.14922886 0.87055050
v 0.22557108 -0.13667838 0.86410036
v 0.23121339 -0.13399840 0.88100343
v 0.22423870 -0.14780206 0.88616616
v 0.19644161 -0.02371943 0.97471486
v 0.19835169 -0.11569213 0.97306561
v 0.20360597 -0.09263119 0.97221594
v 0.20156265 -0.01033396 0.97399265
v 0.20766283 -0.05829524 0.96941810
v 0.20692118 0.00261764 0.97104714
v 0.20879669 0.07367423 0.96865824
v 0.20363556 0.07111131 0.97202127
v 0.19703817 0.06776910 0.97554382
v 0.19882783 0.09716460 0.98085283
v 0.20985427 0.09714800 0.96892949
v 0.21156892 0.10032105 0.96636026
v 0.20061747 0.09825460 0.98668451
v 0.20121402 0.10482649 0.98908147
v 0.21338421 0.10206066 0.96595699
v 0.21227370 0.11219481 0.96737971
v 0.20061747 0.11222390 0.98770386
v 0.20486292 0.11722371 0.97102593
v 0.19763012 0.11722785 0.97453991
v 0.19882783 0.11579036 0.98221212
v 0.20985427 0.11577373 0.97028868
v 0.22250329 0.12710914 0.88575552
v 0.21550938 0.12710913 0.88496390
v 0.21265873 0.12526681 0.89570918
v 0.22164463 0.12526681 0.89532343
v 0.21135463 0.12407704 0.90771329
v 0.22323765 0.12407702 0.90727635
v 0.22153226 0.12780747 0.87600787
v 0.22548171 0.12780747 0.88023252
v 0.22700906 0.12841022 0.87325096
v 0.22366301 0.13169950 0.86829284
v 0.21885306 0.13423702 0.80952677
v 0.21227527 0.13423702 0.80898459
v 0.21605826 0.13423702 0.82272906
v 0.22275225 0.13423702 0.82489749
v 0.22037322 0.13342577 0.83764223
v 0.22719974 0.13190857 0.84199313
v 0.21365055 0.13423702 0.78684759
v 0.20722772 0.13423702 0.78684754
v 0.20950093 0.13423702 0.79738685
v 0.21599353 0.13423702 0.79738685
v 0.20851459 0.13423702 0.76374532
v 0.20224482 0.13423702 0.76374532
v 0.20494811 0.13423702 0.77627861
v 0.21130091 0.13423702 0.77627861
v 0.19870056 0.13423702 0.74731304
v 0.20486148 0.13423702 0.74731304
v 0.20138772 0.13468065 0.72895638
v 0.19533235 0.13468066 0.72895643
v 0.19765872 0.13761816 0.69409954
v 0.19172815 0.13761816 0.69409954
v 0.19315728 0.13601157 0.71065021
v 0.19913946 0.13601156 0.71065021
v 0.18612598 0.14391599 0.62922079
v 0.18767233 0.14217765 0.64712901
v 0.19345645 0.14217763 0.64712901
v 0.19185428 0.14391599 0.62922074
v 0.19562357 0.14636887 0.60670615
v 0.18978346 0.14636887 0.60670620
v 0.20430786 0.14973452 0.58029726
v 0.21061163 0.14973452 0.58029726
v 0.22611553 0.15288051 0.55376683
v 0.21933087 0.15288051 0.55376683
v 0.22448427 0.15467442 0.53088775
v 0.23143238 0.15467442 0.53088775
v 0.23165127 0.15577002 0.51025408
v 0.22469851 0.15577002 0.51025408
v 0.21843963 0.15908963 0.43991128
v 0.22338853 0.15790257 0.46813547
v 0.23029840 0.15790256 0.46813547
v 0.22519880 0.15908961 0.43991128
v 0.21785329 0.16041563 0.40657006
v 0.21131067 0.16041566 0.40657011
v 0.19369063 0.16597062 0.29518644
v 0.19660429 0.16372047 0.33054601
v 0.20269952 0.16372049 0.33054599
v 0.19969528 0.16597062 0.29518644
v 0.20244904 0.16745516 0.26228181
v 0.19636321 0.16745516 0.26228181
v 0.20647127 0.16696480 0.23129811
v 0.21286963 0.16696480 0.23129811
v 0.22442841 0.16632758 0.20341318
v 0.21768316 0.16632758 0.20341318
v 0.22366724 0.16737156 0.17980478
v 0.23059673 0.16737156 0.17980478
v 0.23403548 0.16923749 0.15854704
v 0.22700413 0.16923749 0.15854706
v 0.23027436 0.17106612 0.13771408
v 0.23740553 0.17106612 0.13771408
v 0.23744212 0.17242362 0.11593973
v 0.23029748 0.17242361 0.11572352
v 0.22389322 0.17287611 0.09099299
v 0.23088059 0.17287611 0.09185782
v 0.22114255 0.17287611 0.06693578
v 0.21439481 0.17287611 0.06521690
v 0.20513551 0.17287611 0.04008961
v 0.21164962 0.17287611 0.04264105
v 0.20462185 0.16848649 0.02465524
v 0.19828069 0.16849008 0.02148744
v 0.20227926 0.10367849 0.01865997
v 0.19599574 0.10095817 0.01528672
v 0.19599574 0.15533203 0.01528672
v 0.20227926 0.15531769 0.01865997
v 0.19599574 -0.02707522 0.01528672
v 0.20227926 -0.01612233 0.01865997
v 0.03189528 -0.19267881 0.49243906
v 0.01605472 -0.19409877 0.49145377
v 0.11159367 -0.19390348 0.49565641
v 0.12605017 -0.21796455 0.49116182
v 0.14357008 -0.24214308 0.48658567
v 0.16102673 -0.25020259 0.48506029
v 0.17622249 -0.25020259 0.48506029
v 0.18695972 -0.25020259 0.48506029
v 0.19744816 -0.24467650 0.48506029
v 0.22567222 -0.19974325 0.48573526
v 0.23413670 -0.15888677 0.48776010
v 0.23822921 -0.09413895 0.48978495
v 0.23809456 0.09829998 0.49045987
v 0.23888805 0.00589008 0.49045987
v 0.23783007 0.14019039 0.49045987
v 0.23633787 0.15266339 0.49045987
v 0.22490403 0.15682106 0.49045987
v 0.23186127 0.15682105 0.49045987
v 0.18680227 0.15682105 0.49045987
v 0.19753949 0.15682105 0.49045987
v 0.20640110 0.15682105 0.49045987
v 0.15427518 0.15682105 0.49045987
v 0.17160650 0.15682105 0.49045987
v 0.12291201 0.15682105 0.49045987
v 0.13713127 0.15682105 0.49045987
v 0.03526482 0.15682105 0.49045987
v 0.01774681 0.15682105 0.49045987
v 0.03162906 -0.22853563 0.37009508
v 0.01589743 -0.23124199 0.36949736
v 0.11092822 -0.20735828 0.37150456
v 0.12379999 -0.20604972 0.36715156
v 0.13960880 -0.20472311 0.36274912
v 0.15616640 -0.20374950 0.36128164
v 0.17065713 -0.20217682 0.36195907
v 0.18026542 -0.19905302 0.36399132
v 0.18854376 -0.18885405 0.36681368
v 0.20852990 -0.13507393 0.37237678
v 0.21376077 -0.10032390 0.37360289
v 0.21585002 -0.04898276 0.37337775
v 0.21519460 0.10770417 0.36955569
v 0.21591029 0.03177251 0.37153941
v 0.21495604 0.14457445 0.36889441
v 0.21360524 0.15757913 0.36889441
v 0.20325494 0.16191404 0.36889441
v 0.20955288 0.16191403 0.36889441
v 0.16876389 0.16191403 0.36889441
v 0.17848360 0.16191403 0.36889441
v 0.18650542 0.16191403 0.36889441
v 0.13931925 0.16191403 0.36889441
v 0.15500816 0.16191403 0.36889441
v 0.11092822 0.16191403 0.36889441
v 0.12379999 0.16191403 0.36889441
v 0.03162906 0.16191403 0.36889441
v 0.01589743 0.16191403 0.36889441
v 0.05055506 -0.06459721 0.92641497
v 0.06771003 -0.06506796 0.92250149
v 0.06766978 0.00650538 0.93969840
v 0.05052400 0.00668691 0.94372499
v 0.06808607 0.07533447 0.95959826
v 0.05136905 0.07538141 0.96364387
v 0.05390418 0.09720751 0.97746451
v 0.06933498 0.09720130 0.97346929
v 0.07058389 0.09831880 0.98178166
v 0.05643932 0.09832965 0.98571296
v 0.05728436 0.10491227 0.98891548
v 0.07100018 0.10489987 0.98500559
v 0.07058389 0.11228810 0.98280101
v 0.05643931 0.11229895 0.98673231
v 0.05140010 0.11723858 0.96881298
v 0.05390418 0.11583324 0.97882360
v 0.06933498 0.11582703 0.97482848
v 0.06812633 0.11723703 0.96480232
v 0.05155825 0.12407701 0.90371418
v 0.05174369 0.12526681 0.89217837
v 0.06901024 0.12407701 0.90124582
v 0.06925057 0.12526680 0.88999899
v 0.06962274 0.12710913 0.88006046
v 0.05203084 0.12710914 0.88179216
v 0.05253265 0.13032876 0.87300521
v 0.07027313 0.13032876 0.87205566
v 0.07051802 0.13325996 0.86316267
v 0.05272756 0.13325996 0.86340005
v 0.05105270 0.13423702 0.83619192
v 0.05002461 0.13423702 0.82200624
v 0.06829345 0.13423702 0.83619192
v 0.06693068 0.13423702 0.82200624
v 0.06573593 0.13423702 0.80880391
v 0.04912327 0.13423702 0.80880396
v 0.04846225 0.13423702 0.79738685
v 0.06485972 0.13423702 0.79738685
v 0.06414178 0.13423702 0.78684754
v 0.04792063 0.13423702 0.78684759
v 0.04737749 0.13423702 0.77627861
v 0.06342183 0.13423702 0.77627861
v 0.06256807 0.13423702 0.76374532
v 0.04673340 0.13423702 0.76374532
v 0.04588894 0.13423702 0.74731304
v 0.06144870 0.13423702 0.74731304
v 0.06043238 0.13468066 0.72895638
v 0.04513924 0.13468066 0.72895638
v 0.04477943 0.13601157 0.71065021
v 0.05988774 0.13601157 0.71065021
v 0.05960816 0.13761816 0.69409949
v 0.04463018 0.13761816 0.69409949
v 0.04420662 0.14217763 0.64712896
v 0.04404512 0.14391599 0.62922074
v 0.05881475 0.14217765 0.64712896
v 0.05851225 0.14391599 0.62922079
v 0.05967891 0.14636887 0.60670620
v 0.04492941 0.14636887 0.60670615
v 0.04795324 0.14973452 0.58029726
v 0.06387376 0.14973452 0.58029726
v 0.06818369 0.15288051 0.55376678
v 0.05104866 0.15288051 0.55376683
v 0.05214775 0.15467442 0.53088775
v 0.06969559 0.15467442 0.53088775
v 0.06980624 0.15577002 0.51025408
v 0.05224664 0.15577002 0.51025408
v 0.05234152 0.15682105 0.49045987
v 0.06991239 0.15682105 0.49045987
v 0.06945149 0.15790255 0.46813547
v 0.05200018 0.15790255 0.46813547
v 0.05079043 0.15908961 0.43991128
v 0.06786101 0.15908961 0.43991128
v 0.06555591 0.16041563 0.40657006
v 0.04903220 0.16041563 0.40657006
v 0.04704539 0.16191406 0.36889441
v 0.06295114 0.16191404 0.36889441
v 0.06081607 0.16372049 0.33054601
v 0.04542224 0.16372049 0.33054599
v 0.04475497 0.16597063 0.29518644
v 0.05992007 0.16597063 0.29518644
v 0.06078426 0.16745518 0.26228181
v 0.04541415 0.16745518 0.26228181
v 0.04777033 0.16696480 0.23129811
v 0.06392976 0.16696481 0.23129811
v 0.06741388 0.16632758 0.20341318
v 0.05037838 0.16632758 0.20341318
v 0.05179318 0.16737156 0.17980478
v 0.06929394 0.16737156 0.17980478
v 0.07036131 0.16923749 0.15854706
v 0.05260326 0.16923749 0.15854704
v 0.05339716 0.17106612 0.13771408
v 0.07140735 0.17106612 0.13771408
v 0.07133524 0.17242361 0.11621929
v 0.05334678 0.17242362 0.11640137
v 0.05162406 0.17287611 0.09370443
v 0.06904817 0.17287611 0.09297604
v 0.06569581 0.17287611 0.06915835
v 0.04909696 0.17287611 0.07060606
v 0.04663347 0.17287611 0.04808911
v 0.06242784 0.17287611 0.04594018
v 0.06000850 0.16846823 0.02875137
v 0.04480970 0.16846100 0.03141943
v 0.04420178 0.15521568 0.02586287
v 0.05920205 0.15524461 0.02302176
v 0.05920205 0.09991312 0.02302176
v 0.04420178 0.09986972 0.02586287
v 0.04420178 -0.03084731 0.02586287
v 0.05920205 -0.03081836 0.02302176
v 0.05792850 -0.15540798 0.02875137
v 0.04325672 -0.15585457 0.03141943
v 0.04042155 -0.19407126 0.04808911
v 0.05410785 -0.19231387 0.04594018
v 0.05049646 -0.18711187 0.06915835
v 0.03774873 -0.19018733 0.07060606
v 0.03729072 -0.18889269 0.09370443
v 0.04985070 -0.18537786 0.09297604
v 0.05197792 -0.18537786 0.11621929
v 0.03889410 -0.18889269 0.11640139
v 0.04240544 -0.18889269 0.13771408
v 0.05668550 -0.18537786 0.13771408
v 0.06299228 -0.18544019 0.15696420
v 0.04710135 -0.18914187 0.15715595
v 0.05225845 -0.18988950 0.17424042
v 0.06991710 -0.18562709 0.17347337
v 0.07315408 -0.18912091 0.19391606
v 0.05466415 -0.19373554 0.19506662
v 0.05110589 -0.20328006 0.22573374
v 0.06839728 -0.19910400 0.22496672
v 0.06190114 -0.21159430 0.26069897
v 0.04624804 -0.21544037 0.26089070
v 0.04475497 -0.22713380 0.29518644
v 0.05992007 -0.22260975 0.29518644
v 0.06081608 -0.22694754 0.33114468
v 0.04542223 -0.23217498 0.33099298
v 0.04704539 -0.22437845 0.37068237
v 0.06295114 -0.21940485 0.37128913
v 0.06409979 -0.20783305 0.41041981
v 0.04794503 -0.21198033 0.40944433
v 0.04644175 -0.20321660 0.44246875
v 0.06203656 -0.20008354 0.44333669
v 0.06049079 -0.19460401 0.47100939
v 0.04530989 -0.19676012 0.47028120
v 0.04732380 -0.19128362 0.49340717
v 0.06319186 -0.18984218 0.49440740
v 0.06875422 -0.18664475 0.51405125
v 0.05172124 -0.18716039 0.51308911
v 0.05773994 -0.18476378 0.53056936
v 0.07579230 -0.18585843 0.53046133
v 0.07798002 -0.18896379 0.54833499
v 0.05982642 -0.18679189 0.54905298
v 0.05242719 -0.19594284 0.57174515
v 0.06899128 -0.19744138 0.57236974
v 0.05890277 -0.20889962 0.59575087
v 0.04412901 -0.20878655 0.59373095
v 0.04351865 -0.22189287 0.61009552
v 0.05779119 -0.22094698 0.61166362
v 0.06000652 -0.23404665 0.62311847
v 0.04559241 -0.23581681 0.62165721
v 0.04236191 -0.27559478 0.68689403
v 0.04126319 -0.26983828 0.69419906
v 0.05553867 -0.27159592 0.67916038
v 0.05340574 -0.26708955 0.68796953
v 0.05268165 -0.26059876 0.70132481
v 0.04108619 -0.26240440 0.70365660
v 0.04299995 -0.25962024 0.73240475
v 0.05524527 -0.25676868 0.73142523
v 0.05691663 -0.25476340 0.76270685
v 0.04430552 -0.25859866 0.76342225
v 0.04230397 -0.25645246 0.77968804
v 0.05351574 -0.25374707 0.77960569
v 0.05360517 -0.25186715 0.78840907
v 0.04073579 -0.25352977 0.78825826
v 0.04334145 -0.25017874 0.79618917
v 0.05442555 -0.24727104 0.79540432
v 0.06092809 -0.23951118 0.80732692
v 0.04717606 -0.24408162 0.80925016
v 0.04929472 -0.23292067 0.83321066
v 0.06359679 -0.22814005 0.83091248
v 0.06598277 -0.21421224 0.86031085
v 0.05056353 -0.21844346 0.86245280
v 0.05266620 -0.18366398 0.91291784
v 0.05253265 -0.16112410 0.92011768
v 0.07022257 -0.18138950 0.91150677
v 0.07027313 -0.16157281 0.91832364
v 0.06959089 -0.14524741 0.91775597
v 0.05198213 -0.14213854 0.92002059
v 0.05154887 -0.13406785 0.91968841
v 0.06912315 -0.13832853 0.91743663
v 0.06899326 -0.13763561 0.91716509
v 0.06887781 -0.13702643 0.91692452
v 0.06852659 -0.13148506 0.91675505
v 0.05120828 -0.12847510 0.91944535
v 0.08626080 -0.06572506 0.91827157
v 0.10209503 -0.07361569 0.91984544
v 0.10203635 0.00181218 0.93466650
v 0.08621061 0.00633971 0.93533525
v 0.10159330 0.07415806 0.95224887
v 0.08616328 0.07529138 0.95522107
v 0.08602130 0.09719459 0.96914895
v 0.10026411 0.09718888 0.96546131
v 0.09893492 0.09829704 0.97390194
v 0.08587932 0.09830705 0.97753053
v 0.08583200 0.10488646 0.98077745
v 0.09849186 0.10487501 0.97716848
v 0.09893492 0.11226633 0.97492118
v 0.08587932 0.11227635 0.97854987
v 0.08621348 0.11723536 0.96046516
v 0.08602130 0.11582033 0.97050814
v 0.10026411 0.11581461 0.96682050
v 0.10165197 0.11723392 0.95676318
v 0.08788219 0.12407701 0.89857663
v 0.08818191 0.12526680 0.88764236
v 0.10399058 0.12407702 0.89629837
v 0.10434098 0.12526681 0.88563085
v 0.10488355 0.12710913 0.87658949
v 0.08864601 0.12710913 0.87818786
v 0.08945706 0.13032876 0.87102895
v 0.10583173 0.13032876 0.87015260
v 0.10617681 0.13325996 0.86268690
v 0.08975601 0.13325996 0.86290606
v 0.08693700 0.13423702 0.83619192
v 0.08521232 0.13423702 0.82200624
v 0.10285042 0.13423702 0.83619192
v 0.10081683 0.13423702 0.82200624
v 0.09903394 0.13423702 0.80880391
v 0.08370026 0.13423702 0.80880396
v 0.08259137 0.13423702 0.79738685
v 0.09772641 0.13423702 0.79738685
v 0.09665508 0.13423702 0.78684754
v 0.08168277 0.13423702 0.78684759
v 0.08077162 0.13423702 0.77627861
v 0.09558073 0.13423702 0.77627861
v 0.09430670 0.13423702 0.76374532
v 0.07969112 0.13423702 0.76374532
v 0.07827448 0.13423702 0.74731304
v 0.09263632 0.13423702 0.74731304
v 0.09108557 0.13468066 0.72895638
v 0.07696984 0.13468066 0.72895638
v 0.07622532 0.13601157 0.71065021
v 0.09017045 0.13601157 0.71065021
v 0.08962967 0.13761816 0.69409949
v 0.07580482 0.13761816 0.69409949
v 0.07461146 0.14217763 0.64712896
v 0.07415648 0.14391599 0.62922074
v 0.08809494 0.14217765 0.64712896
v 0.08750980 0.14391599 0.62922079
v 0.08924245 0.14636887 0.60670620
v 0.07562850 0.14636887 0.60670615
v 0.08108966 0.14973452 0.58029726
v 0.09578448 0.14973452 0.58029726
v 0.10252875 0.15288051 0.55376683
v 0.08671291 0.15288051 0.55376683
v 0.08867123 0.15467442 0.53088775
v 0.10486810 0.15467442 0.53088775
v 0.10500229 0.15577002 0.51025408
v 0.08879458 0.15577002 0.51025408
v 0.08891291 0.15682103 0.49045987
v 0.10513102 0.15682103 0.49045987
v 0.10443047 0.15790255 0.46813547
v 0.08832272 0.15790255 0.46813547
v 0.08632052 0.15908961 0.43991128
v 0.10207687 0.15908960 0.43991128
v 0.09867564 0.16041563 0.40657006
v 0.08342406 0.16041563 0.40657006
v 0.08015106 0.16191403 0.36889441
v 0.09483224 0.16191403 0.36889441
v 0.09167110 0.16372049 0.33054601
v 0.07746242 0.16372049 0.33054599
v 0.07631908 0.16597063 0.29518644
v 0.09031664 0.16597063 0.29518644
v 0.09159175 0.16745518 0.26228181
v 0.07740496 0.16745518 0.26228181
v 0.08140400 0.16696481 0.23129811
v 0.09631935 0.16696482 0.23129811
v 0.10155945 0.16632760 0.20341318
v 0.08583548 0.16632758 0.20341318
v 0.08821866 0.16737156 0.17980478
v 0.10437207 0.16737156 0.17980478
v 0.10595513 0.16923749 0.15854706
v 0.08956424 0.16923749 0.15854704
v 0.09088294 0.17106612 0.13771408
v 0.10750654 0.17106612 0.13771408
v 0.10739088 0.17242361 0.11585429
v 0.09078732 0.17242362 0.11602237
v 0.08788999 0.17287611 0.09218838
v 0.10397265 0.17287611 0.09151605
v 0.09896617 0.17287611 0.06625652
v 0.08364523 0.17287611 0.06759281
v 0.07950731 0.17287611 0.04361636
v 0.09408570 0.17287611 0.04163282
v 0.09047259 0.16848275 0.02340349
v 0.07644394 0.16847606 0.02586619
v 0.07542281 0.15527591 0.01994946
v 0.08926822 0.15530263 0.01732705
v 0.08926823 0.10000015 0.01732705
v 0.07542281 0.09996008 0.01994946
v 0.07542281 -0.03078706 0.01994946
v 0.08926822 -0.03076035 0.01732705
v 0.08733626 -0.15451286 0.02340349
v 0.07379404 -0.15492507 0.02586619
v 0.06890774 -0.19041349 0.04361636
v 0.08154035 -0.18879137 0.04163282
v 0.07604772 -0.18094749 0.06625652
v 0.06428142 -0.18378619 0.06759281
v 0.06343261 -0.18157710 0.09218838
v 0.07502561 -0.17833287 0.09151605
v 0.07820281 -0.17833287 0.11585429
v 0.06612630 -0.18157710 0.11602237
v 0.07212745 -0.18157710 0.13771408
v 0.08530811 -0.17833287 0.13771408
v 0.09484368 -0.17833287 0.15625734
v 0.08017618 -0.18157710 0.15661247
v 0.08901256 -0.18157710 0.17206647
v 0.10531169 -0.17833287 0.17064595
v 0.11021483 -0.18184466 0.18967493
v 0.09314842 -0.18500097 0.19180570
v 0.08709557 -0.19527265 0.22355981
v 0.10305572 -0.19238001 0.22213930
v 0.09327584 -0.20478067 0.25999209
v 0.07882784 -0.20774435 0.26034725
v 0.07631908 -0.21776829 0.29518644
v 0.09031664 -0.21388840 0.29518644
v 0.09167110 -0.21668019 0.33144873
v 0.07746242 -0.22128860 0.33130871
v 0.08015106 -0.21424928 0.37194522
v 0.09483225 -0.21013312 0.37250523
v 0.09648003 -0.20062943 0.41237485
v 0.08156899 -0.20377559 0.41147455
v 0.07890023 -0.19699280 0.44427523
v 0.09329442 -0.19455148 0.44507631
v 0.09091902 -0.19046930 0.47246900
v 0.07690688 -0.19234678 0.47179682
v 0.08035102 -0.18828344 0.49548903
v 0.09499742 -0.18695298 0.49641223
v 0.10185132 -0.18582470 0.51620146
v 0.08650480 -0.18608713 0.51509166
v 0.09264037 -0.18704215 0.53034448
v 0.10780240 -0.18890668 0.53113196
v 0.10840888 -0.19450944 0.54755279
v 0.09374258 -0.19127782 0.54724530
v 0.08479630 -0.19892347 0.57179190
v 0.09922892 -0.20094354 0.57181311
v 0.08743854 -0.21000908 0.59619089
v 0.07406179 -0.20936573 0.59616814
v 0.06979930 -0.22199122 0.61255760
v 0.08021378 -0.22350607 0.61296441
v 0.07652571 -0.23707011 0.62630127
v 0.06881874 -0.23515957 0.62501885
v 0.06468847 -0.26419624 0.67374034
v 0.06309665 -0.26197120 0.68661701
v 0.07449695 -0.25686900 0.67265573
v 0.07374497 -0.25634136 0.68990108
v 0.07418834 -0.25465053 0.71014238
v 0.06302147 -0.25804632 0.70384021
v 0.06629354 -0.25467911 0.72884461
v 0.07725519 -0.25242106 0.72972032
v 0.08021838 -0.25286927 0.75366385
v 0.06882172 -0.25378478 0.75456415
v 0.06366546 -0.25727838 0.77073514
v 0.08048140 -0.25921139 0.76678712
v 0.07942301 -0.26108655 0.78782905
v 0.06212678 -0.25808468 0.78869236
v 0.06359774 -0.25035934 0.80141917
v 0.07911349 -0.25081472 0.80266305
v 0.08087753 -0.23596436 0.81083857
v 0.07105976 -0.23749918 0.81075089
v 0.07552622 -0.22413187 0.83214980
v 0.08561432 -0.22093548 0.83293753
v 0.09220381 -0.20595552 0.85667220
v 0.08014011 -0.20988294 0.85855317
v 0.08888093 -0.17875068 0.90703220
v 0.08945706 -0.16413551 0.91361467
v 0.10480761 -0.17601870 0.90227453
v 0.10583175 -0.16646896 0.90873811
v 0.10486387 -0.16035775 0.90894622
v 0.08856729 -0.15260048 0.91332680
v 0.08786704 -0.14621371 0.91365161
v 0.10426225 -0.15661002 0.91010258
v 0.10780967 -0.15674761 0.91187052
v 0.10369459 -0.15318789 0.91322812
v 0.10325976 -0.14686208 0.91457676
v 0.08731657 -0.13892885 0.91399803
v 0.11110034 -0.09578705 0.93334316
v 0.11103684 -0.01145490 0.94172355
v 0.11036871 0.07084048 0.95241785
v 0.10836435 0.09718561 0.96336407
v 0.10635996 0.09829134 0.97183826
v 0.10569184 0.10486848 0.97511595
v 0.10635996 0.11226063 0.97285750
v 0.11043224 0.11723311 0.95465777
v 0.10836435 0.11581135 0.96472316
v 0.11315181 0.12407702 0.89500250
v 0.11353103 0.12526681 0.88448684
v 0.11411823 0.12710914 0.87568037
v 0.11514441 0.13032876 0.86965413
v 0.11551572 0.13325996 0.86256233
v 0.11190077 0.13423702 0.83619192
v 0.10969149 0.13423702 0.82200624
v 0.10775458 0.13423702 0.80880396
v 0.10633410 0.13423702 0.79738685
v 0.10517021 0.13423702 0.78684759
v 0.10400305 0.13423702 0.77627861
v 0.10261895 0.13423702 0.76374532
v 0.10080427 0.13423702 0.74731304
v 0.09911355 0.13468066 0.72895638
v 0.09810139 0.13601157 0.71065021
v 0.09749221 0.13761816 0.69409949
v 0.09576332 0.14217763 0.64712896
v 0.09510416 0.14391599 0.62922074
v 0.09698504 0.14636887 0.60670615
v 0.10414178 0.14973452 0.58029726
v 0.11152358 0.15288051 0.55376683
v 0.11407966 0.15467442 0.53088775
v 0.11422000 0.15577002 0.51025408
v 0.11435465 0.15682105 0.49045987
v 0.11359136 0.15790255 0.46813547
v 0.11103789 0.15908961 0.43991128
v 0.10734960 0.16041563 0.40657006
v 0.10318181 0.16191403 0.36889441
v 0.09975194 0.16372049 0.33054599
v 0.09827740 0.16597063 0.29518644
v 0.09966013 0.16745518 0.26228181
v 0.10480207 0.16696482 0.23129811
v 0.11050205 0.16632758 0.20341318
v 0.11355891 0.16737156 0.17980478
v 0.11527703 0.16923749 0.15854704
v 0.11696081 0.17106612 0.13771408
v 0.11683373 0.17242362 0.11575869
v 0.11311927 0.17287611 0.09113369
v 0.10767956 0.17287611 0.06549655
v 0.10237679 0.17287611 0.04050475
v 0.09845104 0.16848654 0.02200290
v 0.09714245 0.15531782 0.01583562
v 0.09714245 0.10002294 0.01583562
v 0.09714245 -0.03074516 0.01583562
v 0.09503805 -0.15427842 0.02200290
v 0.08872483 -0.18786881 0.04050475
v 0.08273951 -0.17933304 0.06549655
v 0.08161884 -0.17648780 0.09113369
v 0.08507103 -0.17648780 0.11575869
v 0.09280428 -0.17648780 0.13771408
v 0.10318545 -0.17648780 0.15605537
v 0.11458143 -0.17648780 0.16983807
v 0.11992091 -0.18012087 0.18846310
v 0.11213264 -0.19102005 0.22133140
v 0.10149278 -0.20359339 0.25979016
v 0.09827740 -0.21224890 0.29518644
v 0.09975194 -0.21460441 0.33152834
v 0.10318181 -0.20827775 0.37282372
v 0.10496031 -0.19921612 0.41288687
v 0.10148075 -0.19336672 0.44553191
v 0.09888807 -0.18945245 0.47285127
v 0.10332719 -0.18619631 0.49693734
v 0.11167206 -0.18619462 0.51737196
v 0.12079667 -0.19204375 0.53373693
v 0.12327368 -0.19943409 0.55102644
v 0.11167580 -0.20405609 0.57423462
v 0.09686556 -0.21065400 0.59702746
v 0.08970550 -0.22397203 0.61307095
v 0.08762413 -0.23769275 0.62590864
v 0.08964976 -0.25308754 0.67792814
v 0.08875978 -0.25205811 0.69758141
v 0.08826497 -0.25031496 0.71917070
v 0.08924066 -0.24906398 0.73910989
v 0.09130420 -0.24922330 0.75744783
v 0.09693391 -0.25171112 0.77111487
v 0.09877254 -0.25154978 0.78867050
v 0.09495459 -0.24468771 0.80065230
v 0.09054266 -0.23282560 0.80921899
v 0.09439244 -0.21859026 0.82929032
v 0.10134216 -0.20293003 0.85416034
v 0.11416897 -0.17346494 0.90001399
v 0.11514442 -0.16622991 0.90644112
v 0.11411823 -0.16269285 0.90715507
v 0.11353103 -0.16045840 0.90986838
v 0.11315181 -0.15845934 0.91296524
v 0.02854646 -0.25331051 0.63042893
v 0.01377110 -0.25397823 0.62862459
v 0.02765711 -0.26679787 0.63267214
v 0.01330684 -0.26861608 0.63299526
v 0.04411052 -0.26466334 0.63524943
v 0.04534663 -0.25111350 0.63342682
v 0.05989875 -0.24866187 0.63731809
v 0.05858978 -0.26155109 0.63954079
v 0.06701765 -0.25679980 0.64998018
v 0.06792999 -0.24723044 0.63761044
v 0.07534538 -0.24633681 0.64036945
v 0.07529984 -0.25221384 0.65301033
v 0.08934208 -0.24959762 0.65193403
v 0.08804997 -0.24549869 0.63908374
v 0.10312972 -0.24294787 0.63844039
v 0.10562131 -0.24605800 0.65137606
v 0.12061444 -0.23870199 0.65596092
v 0.11767060 -0.23691619 0.64312656
v 0.13187422 -0.22807632 0.64908739
v 0.13478737 -0.22929718 0.66211153
v 0.14860603 -0.21961124 0.66625055
v 0.14594213 -0.21710085 0.65226790
v 0.15860041 -0.20603040 0.65448288
v 0.16035413 -0.20954752 0.66881852
v 0.16831540 -0.19900941 0.67025593
v 0.16857518 -0.19690550 0.65754714
v 0.17650328 -0.18906635 0.66016381
v 0.17479835 -0.18926779 0.67091009
v 0.19486311 -0.14519301 0.67112815
v 0.18916340 -0.16917311 0.67112810
v 0.18863054 -0.16861930 0.66103603
v 0.19383092 -0.14271809 0.66103603
v 0.19766386 -0.09148611 0.66088552
v 0.19870392 -0.09537466 0.67100005
v 0.19943636 0.08328153 0.65996844
v 0.19917057 -0.00225994 0.66043405
v 0.20040548 0.08148095 0.67021924
v 0.20017920 -0.00543955 0.67061564
v 0.20049926 0.12225541 0.67005494
v 0.19954652 0.12345942 0.65977542
v 0.19832176 0.13658150 0.65973295
v 0.19926402 0.13553151 0.67001879
v 0.18875944 0.14095553 0.65971881
v 0.19458282 0.14095553 0.65971881
v 0.18964778 0.13995686 0.67000680
v 0.19550325 0.13995687 0.67000680
v 0.15686725 0.14095553 0.65971881
v 0.16585458 0.14095553 0.65971881
v 0.15757993 0.13995686 0.67000680
v 0.16661678 0.13995687 0.67000680
v 0.17407502 0.13995686 0.67000680
v 0.17327199 0.14095553 0.65971881
v 0.12964122 0.14095553 0.65971881
v 0.14414799 0.14095553 0.65971881
v 0.13020394 0.13995686 0.67000680
v 0.14479063 0.13995687 0.67000680
v 0.10338946 0.14095553 0.65971881
v 0.11529133 0.14095553 0.65971881
v 0.10380758 0.13995686 0.67000675
v 0.11577502 0.13995687 0.67000680
v 0.08850630 0.14095553 0.65971876
v 0.08884245 0.13995686 0.67000675
v 0.09660541 0.13995687 0.67000670
v 0.09622673 0.14095553 0.65971876
v 0.05902741 0.14095553 0.65971876
v 0.05920119 0.13995686 0.67000675
v 0.07519271 0.13995687 0.67000670
v 0.07493133 0.14095553 0.65971876
v 0.02996306 0.14095553 0.65971876
v 0.02999567 0.13995686 0.67000675
v 0.04441292 0.13995687 0.67000670
v 0.04432015 0.14095553 0.65971876
v 0.01511721 0.13995687 0.67000670
v 0.01510967 0.14095553 0.65971876
v 0.02743768 -0.27654930 0.66771598
v 0.01331074 -0.28154381 0.67226101
v 0.04321332 -0.27334679 0.66460334
v 0.05720155 -0.26947274 0.66269823
v 0.06596631 -0.26246374 0.66177577
v 0.07501613 -0.25560889 0.66206558
v 0.08985961 -0.25219729 0.66379728
v 0.10677336 -0.24857733 0.66670052
v 0.12203404 -0.24109735 0.67050487
v 0.13625494 -0.23133564 0.67459120
v 0.15004931 -0.22087049 0.67834058
v 0.16154558 -0.21002971 0.68102616
v 0.16887216 -0.19914107 0.68192138
v 0.17490346 -0.18929721 0.68192138
v 0.19007723 -0.16862480 0.68192138
v 0.19596699 -0.14300261 0.68192138
v 0.19981623 -0.09227749 0.68181717
v 0.20144192 0.08076459 0.68118214
v 0.20125789 -0.00400279 0.68150456
v 0.20151819 0.12096777 0.68104856
v 0.20027174 0.13440856 0.68101914
v 0.19059783 0.13888883 0.68100938
v 0.19648760 0.13888883 0.68100938
v 0.15834212 0.13888883 0.68100938
v 0.16743193 0.13888883 0.68100938
v 0.17493386 0.13888883 0.68100938
v 0.13080577 0.13888883 0.68100938
v 0.14547790 0.13888883 0.68100938
v 0.10425476 0.13888883 0.68100938
v 0.11629231 0.13888883 0.68100938
v 0.08920196 0.13888883 0.68100933
v 0.09701038 0.13888884 0.68100933
v 0.05938705 0.13888883 0.68100933
v 0.07547225 0.13888884 0.68100933
v 0.03003054 0.13888883 0.68100933
v 0.04451214 0.13888884 0.68100933
v 0.01512526 0.13888884 0.68100933
v 0.01714592 0.11914637 0.95868088
v 0.03411693 0.11914637 0.95506922
v 0.03423902 0.12027617 0.94384926
v 0.01720601 0.12027617 0.94719058
v 0.03437435 0.12153124 0.93138533
v 0.01727162 0.12153124 0.93442633
v 0.05116145 0.12153124 0.92839749
v 0.05096584 0.12027618 0.94056629
v 0.05078975 0.11914637 0.95152048
v 0.06801420 0.11914637 0.94785435
v 0.06824242 0.12027617 0.93717449
v 0.06849596 0.12153124 0.92531059
v 0.08724089 0.12153124 0.92197255
v 0.08692472 0.12027618 0.93350676
v 0.08664012 0.11914637 0.94388969
v 0.10253848 0.11914637 0.94050575
v 0.10287121 0.12027617 0.93037604
v 0.10324084 0.12153124 0.91912343
v 0.11234041 0.12153124 0.91750305
v 0.11194038 0.12027618 0.92859565
v 0.11158028 0.11914637 0.93858118
v 0.11919850 0.11914637 0.93913292
v 0.11964168 0.12027617 0.92910617
v 0.12013398 0.12153124 0.91796766
v 0.13221597 0.12153124 0.92137321
v 0.13148457 0.12027618 0.93284817
v 0.13082617 0.11914637 0.94317773
v 0.14453347 0.11914637 0.94900095
v 0.14547472 0.12027617 0.93823535
v 0.14652033 0.12153124 0.92627616
v 0.16098107 0.12153124 0.93123268
v 0.15961781 0.12027618 0.94368148
v 0.15839062 0.11914637 0.95488779
v 0.17046659 0.11914637 0.95912847
v 0.17195001 0.12027617 0.94760461
v 0.17359791 0.12153124 0.93480312
v 0.18237057 0.12153124 0.93554784
v 0.18050748 0.12027618 0.94842292
v 0.17883035 0.11914637 0.96001299
v 0.18560848 0.11914637 0.95918632
v 0.18745481 0.12027617 0.94765819
v 0.18950586 0.12153124 0.93485191
v 0.22432040 0.12153124 0.93285226
v 0.20798284 0.12153124 0.93339872
v 0.20486287 0.12027617 0.94606141
v 0.21902343 0.12027618 0.94546107
v 0.20150667 0.11914637 0.95746040
v 0.21206460 0.11914637 0.95681147
v 0.22072516 0.11666079 0.95624111
v 0.23123923 0.11768632 0.94493353
v 0.23866059 0.11882556 0.93237211
v 0.23531118 0.07759315 0.94252353
v 0.24344064 0.07727211 0.92925901
v 0.24344064 0.11070854 0.93186936
v 0.23531118 0.10991680 0.94438109
v 0.22361198 0.10920407 0.95564406
v 0.22361200 0.07788213 0.95446430
v 0.24344064 -0.00139175 0.92245588
v 0.23531118 0.00134095 0.93808071
v 0.22361198 0.00380090 0.95214611
v 0.22247060 -0.07568128 0.95045235
v 0.23414133 -0.07952070 0.93446058
v 0.24223915 -0.08378583 0.91669590
v 0.22361501 -0.14593598 0.93760604
v 0.22962247 -0.14478250 0.92055541
v 0.23863463 -0.12841284 0.91721508
v 0.23063173 -0.12567271 0.93507137
v 0.21904651 -0.12320607 0.95114548
v 0.21278529 -0.14653198 0.95295774
v 0.17170514 -0.13569716 0.93773340
v 0.17287304 -0.12342558 0.91956743
v 0.18687097 -0.12739951 0.92084218
v 0.18446123 -0.13787081 0.93883151
v 0.20246928 -0.13691797 0.92384784
v 0.19804370 -0.14364709 0.94050635
v 0.19210071 -0.15204773 0.96161823
v 0.18170215 -0.15060753 0.96243713
v 0.17087621 -0.15014428 0.96168893
v 0.14826058 -0.14884030 0.94268882
v 0.15069915 -0.14329638 0.93197162
v 0.16201077 -0.13126008 0.92534842
v 0.16030429 -0.14102065 0.94021240
v 0.15856223 -0.15170524 0.95944800
v 0.14522994 -0.15406105 0.95561827
v 0.12016452 -0.15391618 0.93591915
v 0.11951610 -0.15458804 0.92959518
v 0.13535306 -0.15192784 0.93322357
v 0.13357596 -0.15415510 0.94158315
v 0.13134903 -0.15325369 0.94905960
v 0.12150466 -0.15176592 0.94153655
v 0.10287121 -0.13348960 0.91498969
v 0.11234041 -0.15324664 0.92157764
v 0.11194038 -0.14507468 0.92472061
v 0.11158028 -0.13570913 0.92727549
v 0.10253848 -0.11814241 0.91494419
v 0.06824242 -0.11959488 0.91669650
v 0.08692472 -0.12501993 0.91372858
v 0.08664012 -0.10939637 0.91321039
v 0.06801420 -0.10595574 0.91670566
v 0.03423754 -0.11624946 0.92266061
v 0.05096584 -0.11714356 0.91965266
v 0.05078975 -0.10430526 0.92006102
v 0.03411472 -0.10364635 0.92329540
v 0.01720012 -0.11549597 0.92578386
v 0.01713709 -0.10318040 0.92642741
v 0.03451354 0.12281502 0.91863631
v 0.01734178 0.12281502 0.92137003
v 0.05136155 0.12281500 0.91595039
v 0.06875529 0.12281500 0.91317534
v 0.08756428 0.12281500 0.91017457
v 0.10361890 0.12281502 0.90761331
v 0.11274957 0.12281502 0.90615664
v 0.12063755 0.12281502 0.90657425
v 0.13296409 0.12281502 0.90963577
v 0.14758986 0.12281502 0.91404333
v 0.16237553 0.12281502 0.91849909
v 0.17528351 0.12281502 0.92170888
v 0.18427626 0.12281502 0.92237822
v 0.19160382 0.12281502 0.92175259
v 0.20997137 0.12281502 0.92044617
v 0.22492736 0.12281502 0.91995497
v 0.23783213 0.11999086 0.91952342
v 0.24213373 0.07694374 0.91569089
v 0.24213373 0.11151839 0.91907145
v 0.24213373 -0.00418696 0.90647358
v 0.24089985 -0.08814848 0.89852485
v 0.22979381 -0.14641432 0.90312171
v 0.23719822 -0.13121564 0.89895033
v 0.17511511 -0.12503626 0.90796451
v 0.18853587 -0.12982023 0.90714790
v 0.20281709 -0.13900027 0.90801828
v 0.15037574 -0.14066724 0.92189458
v 0.16306200 -0.13045432 0.91463351
v 0.12116040 -0.15663122 0.92293245
v 0.13505550 -0.15026784 0.92448730
v 0.11274957 -0.15617779 0.91775059
v 0.03401749 0.11823840 0.96408618
v 0.01709231 0.11823840 0.96791522
v 0.05064823 0.11823840 0.96032406
v 0.06783078 0.11823840 0.95643727
v 0.08641139 0.11823840 0.95223403
v 0.10227109 0.11823840 0.94864646
v 0.11129089 0.11823840 0.94660618
v 0.11884235 0.11823840 0.94719108
v 0.13029705 0.11823840 0.95147926
v 0.14377704 0.11823840 0.95765278
v 0.15740438 0.11823840 0.96389390
v 0.16927441 0.11823840 0.96838969
v 0.17748248 0.11823840 0.96932739
v 0.18412465 0.11823840 0.96845113
v 0.19880942 0.11823840 0.96662125
v 0.20647207 0.11823840 0.96593329
v 0.21227537 0.11583662 0.96532867
v 0.21420981 0.07811438 0.96406049
v 0.21420981 0.10863129 0.96469558
v 0.21420981 0.00577786 0.96344990
v 0.21309133 -0.07259570 0.96330412
v 0.20408189 -0.14333245 0.96529542
v 0.20973592 -0.12122373 0.96406358
v 0.16965110 -0.14902043 0.96858665
v 0.17898919 -0.14894340 0.96896772
v 0.18720068 -0.14894030 0.96781326
v 0.14377704 -0.14968092 0.96028104
v 0.15740438 -0.14924330 0.96522611
v 0.11884235 -0.14378393 0.94607993
v 0.13029705 -0.15040222 0.95367936
v 0.10227107 -0.10589251 0.91491710
v 0.11129088 -0.12824252 0.92933847
v 0.06783078 -0.09516755 0.91673892
v 0.08641139 -0.09696758 0.91281070
v 0.03401602 -0.09372717 0.92358476
v 0.05064823 -0.09419221 0.92042108
v 0.01708642 -0.09345808 0.92595722
v 0.19141599 -0.12337910 0.97407918
v 0.18986546 -0.02818125 0.97564250
v 0.18976736 0.06665897 0.97735080
v 0.18947304 0.09718594 0.98529794
v 0.18917871 0.09829191 0.99376764
v 0.18908060 0.10486916 0.99704394
v 0.18917871 0.11226123 0.99478699
v 0.19012523 0.11723319 0.97633584
v 0.18947304 0.11581169 0.98665713
v 0.19292760 0.11914637 0.95829374
v 0.19129695 0.11823840 0.96750477
v 0.19721064 0.12153124 0.93410032
v 0.19495664 0.12027618 0.94683241
v 0.20178269 0.12407702 0.90827439
v 0.19951620 0.12281502 0.92107698
v 0.20722817 0.12710914 0.88499138
v 0.20391947 0.12526681 0.89620447
v 0.21301033 0.13032876 0.87475941
v 0.21721845 0.13325996 0.86383868
v 0.20382838 0.13423702 0.80880396
v 0.20746219 0.13423702 0.82200624
v 0.21160698 0.13423702 0.83619192
v 0.19897990 0.13423702 0.78684759
v 0.20116346 0.13423702 0.79738685
v 0.19419353 0.13423702 0.76374532
v 0.19679021 0.13423702 0.77627861
v 0.19078905 0.13423702 0.74731304
v 0.18755642 0.13468065 0.72895638
v 0.18411245 0.13761816 0.69409954
v 0.18547532 0.13601156 0.71065021
v 0.18212853 0.13995687 0.67000680
v 0.18303453 0.13888883 0.68100938
v 0.18024466 0.14217763 0.64712901
v 0.18128137 0.14095553 0.65971881
v 0.17877002 0.14391599 0.62922074
v 0.18228394 0.14636887 0.60670615
v 0.19621289 0.14973452 0.58029726
v 0.21061840 0.15288051 0.55376683
v 0.21556190 0.15467442 0.53088775
v 0.21577016 0.15577002 0.51025408
v 0.21596996 0.15682105 0.49045987
v 0.21451523 0.15790256 0.46813547
v 0.20975992 0.15908963 0.43991128
v 0.20290902 0.16041563 0.40657006
v 0.19516751 0.16191406 0.36889441
v 0.18877714 0.16372049 0.33054599
v 0.18597979 0.16597061 0.29518644
v 0.18854812 0.16745515 0.26228181
v 0.19825484 0.16696480 0.23129811
v 0.20902128 0.16632758 0.20341318
v 0.21476882 0.16737156 0.17980478
v 0.21797487 0.16923749 0.15854704
v 0.22111686 0.17106612 0.13771408
v 0.22112274 0.17242362 0.11544588
v 0.21492047 0.17287611 0.08988245
v 0.20572979 0.17287611 0.06300960
v 0.19677046 0.17287611 0.03681320
v 0.19013772 0.16849468 0.01741955
v 0.18792680 0.10007181 0.01095500
v 0.18792680 0.15535040 0.01095500
v 0.18792680 -0.03071258 0.01095500
v 0.18972325 -0.15884761 0.01753590
v 0.20303891 -0.21149410 0.06459267
v 0.19511257 -0.20617812 0.03727859
v 0.21244642 -0.21358559 0.09388769
v 0.21921143 -0.21369298 0.12227561
v 0.21654672 -0.21051957 0.17066973
v 0.21921019 -0.21305678 0.14686831
v 0.21121874 -0.19631781 0.22171362
v 0.21532501 -0.20492393 0.19668373
v 0.19990155 -0.18474907 0.24256270
v 0.18895980 -0.17313154 0.26509797
v 0.18597979 -0.16437902 0.29518644
v 0.18974645 -0.16113819 0.33078771
v 0.20821582 -0.18027240 0.40623748
v 0.19904474 -0.16605583 0.36986123
v 0.21160095 -0.20492844 0.43374692
v 0.21192116 -0.22565880 0.45811325
v 0.21289804 -0.21456575 0.51355562
v 0.21189751 -0.22809827 0.48506029
v 0.21629071 -0.18738015 0.54256669
v 0.21519303 -0.16330008 0.56908278
v 0.20272238 -0.15908422 0.59009320
v 0.18910740 -0.16555151 0.60915429
v 0.18457663 -0.17352085 0.62982257
v 0.18419353 -0.17996409 0.64836184
v 0.18211142 -0.18159353 0.67112815
v 0.18302153 -0.18185317 0.66103603
v 0.18373405 -0.18168972 0.69476245
v 0.18251394 -0.18159074 0.68192138
v 0.18527671 -0.18173547 0.71099812
v 0.18724016 -0.18117382 0.72905038
v 0.18972262 -0.17945069 0.74734097
v 0.19232729 -0.17752674 0.76380934
v 0.19465735 -0.17636273 0.77639486
v 0.19684705 -0.17547836 0.78702384
v 0.19903060 -0.17439338 0.79762254
v 0.20965841 -0.15335167 0.87696648
v 0.21344022 -0.15005941 0.89053709
v 0.21745158 -0.14677042 0.90641025
v 0.21813269 -0.14571701 0.92325935
v 0.21192363 -0.14913147 0.93975775
v 0.20312860 -0.15069720 0.95719623
v 0.19537232 -0.14694652 0.96656718
v 0.03504289 0.13423702 0.85055953
v 0.01761878 0.13423702 0.85055953
v 0.05209396 0.13423702 0.85055953
v 0.06967368 0.13423702 0.85055953
v 0.08868378 0.13423702 0.85055953
v 0.10491006 0.13423702 0.85055953
v 0.11413835 0.13423702 0.85055953
v 0.12270001 0.13423702 0.85055953
v 0.13692644 0.13423702 0.85055953
v 0.15407899 0.13423702 0.85055953
v 0.17141904 0.13423702 0.85055953
v 0.18662247 0.13423702 0.85055953
v 0.19736511 0.13423702 0.85055953
v 0.20623118 0.13423702 0.85055953
v 0.21580489 0.13423702 0.85055953
v 0.22248464 0.13265200 0.85274658
v 0.22733900 0.13190857 0.85445458
v 0.15311870 -0.16949491 0.86662487
v 0.16970999 -0.16221019 0.86688217
v 0.11868808 -0.18289156 0.87726918
v 0.13479430 -0.17675707 0.87142217
v 0.09943326 -0.19008211 0.88235186
v 0.10875127 -0.18679329 0.88016103
v 0.06849191 -0.19878235 0.88967238
v 0.08518347 -0.19437785 0.88609616
v 0.03498155 -0.20480656 0.89198400
v 0.05184860 -0.20239748 0.89135897
v 0.01761878 -0.20559287 0.89237513
v -0.22693161 -0.00211369 0.06841047
v -0.23687524 -0.00242449 0.09259977
v -0.23687524 0.10594655 0.09259977
v -0.22693161 0.10641276 0.06841047
v -0.24357170 -0.00277110 0.11612522
v -0.24357170 0.10537006 0.11612522
v -0.23537657 -0.11348613 0.09241429
v -0.24203929 -0.11357278 0.11607884
v -0.22548434 -0.11340844 0.06804180
v -0.01705307 -0.06415782 0.93048487
v -0.01704195 0.00689160 0.94612195
v -0.03392937 0.00683281 0.94625339
v -0.03395103 -0.06429858 0.92931019
v -0.01767013 0.07543560 0.96558558
v -0.03492584 0.07541938 0.96606931
v -0.01745847 0.17287611 0.09512697
v -0.01804914 0.17242362 0.11675702
v -0.03472502 0.17287611 0.09440943
v -0.03589405 0.17242361 0.11657762
v -0.01659076 0.17287611 0.07343350
v -0.03300862 0.17287611 0.07200732
v -0.01490791 -0.03086837 0.03141168
v -0.01490690 0.09979378 0.03141168
v -0.02968330 -0.03086646 0.02861282
v -0.02968305 0.09982990 0.02861282
v -0.01459448 -0.15608949 0.03663027
v -0.02905371 -0.15612751 0.03400188
v -0.01262493 -0.19342084 0.09512697
v -0.01276387 -0.19268040 0.07343348
v -0.02509977 -0.19171065 0.09440944
v -0.02538795 -0.19228576 0.07200732
v -0.01317536 -0.19517310 0.11675702
v -0.02618865 -0.19214870 0.11657763
v -0.01721124 0.15908961 0.43991128
v -0.01763349 0.15790255 0.46813547
v -0.03420759 0.15908961 0.43991128
v -0.03503784 0.15790255 0.46813547
v -0.01659443 0.16041563 0.40657006
v -0.03299701 0.16041563 0.40657006
v -0.22370492 0.02799925 0.41053751
v -0.23099763 0.01713243 0.44255628
v -0.23099763 0.10225269 0.44057255
v -0.22352601 0.10581046 0.40756192
v -0.23649110 0.00711503 0.46879669
v -0.23629273 0.09906961 0.46830076
v -0.23051352 -0.07523777 0.44350323
v -0.23561099 -0.09232480 0.46797326
v -0.22367910 -0.05631228 0.41307222
v -0.01574476 -0.20847336 0.44077369
v -0.01622781 -0.21828974 0.40753932
v -0.03128731 -0.20610790 0.44162869
v -0.03226695 -0.21565373 0.40850021
v -0.01537737 -0.20075547 0.46885903
v -0.03054511 -0.19881173 0.46957636
v -0.01548313 0.13423702 0.74731304
v -0.01577503 0.13423702 0.76374532
v -0.03082411 0.13423702 0.74731304
v -0.03139857 0.13423702 0.76374532
v -0.01523515 0.13468066 0.72895638
v -0.03032773 0.13468066 0.72895638
v -0.20655584 -0.00252957 0.72900358
v -0.21014713 -0.00186238 0.74731299
v -0.21014713 0.07709980 0.74731299
v -0.20657339 0.07701629 0.72897291
v -0.21389360 -0.00031337 0.76374527
v -0.21389360 0.07792027 0.76374532
v -0.20855911 -0.08503685 0.74731299
v -0.21208231 -0.08283645 0.76374591
v -0.20517340 -0.08637705 0.72903345
v -0.01508212 -0.26346798 0.73494579
v -0.01443553 -0.26613441 0.71318996
v -0.02959856 -0.26219848 0.73312955
v -0.02831189 -0.26405300 0.70841770
v -0.01567477 -0.26398424 0.76085716
v -0.03066577 -0.26257686 0.76128189
v -0.01776102 0.13032876 0.87485968
v -0.01758138 0.12710914 0.88517430
v -0.03533037 0.13032876 0.87392428
v -0.03498036 0.12710913 0.88346839
v -0.01783449 0.13325996 0.86386367
v -0.03547093 0.13325996 0.86362987
v -0.01776102 -0.16152260 0.92160452
v -0.01783449 -0.18603903 0.91352166
v -0.03533036 -0.16152788 0.92065767
v -0.03545560 -0.18530388 0.91300846
v -0.01756394 -0.14060975 0.92294260
v -0.03496382 -0.14160335 0.92140069
v -0.01508735 0.14391599 0.62922074
v -0.01510046 0.14217763 0.64712896
v -0.02986639 0.14391599 0.62922079
v -0.02992316 0.14217765 0.64712896
v -0.01539405 0.14636887 0.60670615
v -0.03047084 0.14636887 0.60670620
v -0.20004345 0.00087306 0.60774073
v -0.19618054 0.00059753 0.63025129
v -0.19656346 0.08697719 0.62958045
v -0.20042785 0.08941151 0.60706731
v -0.19793628 0.00119832 0.64797440
v -0.19825041 0.08537680 0.64742410
v -0.19458067 -0.08831994 0.63090171
v -0.19639108 -0.08700385 0.64850797
v -0.19857393 -0.08851813 0.60874136
v -0.01406101 -0.22370482 0.60615307
v -0.01477801 -0.20866669 0.59052371
v -0.02845186 -0.22331631 0.60815730
v -0.02950069 -0.20878829 0.59151851
v -0.01419275 -0.23866343 0.61763689
v -0.02913497 -0.23813431 0.62003131
v -0.01510748 0.16597063 0.29518644
v -0.01533140 0.16372049 0.33054599
v -0.03006902 0.16597063 0.29518644
v -0.03051573 0.16372049 0.33054601
v -0.01533874 0.16745518 0.26228181
v -0.03052288 0.16745518 0.26228181
v -0.20957874 0.03222091 0.26228181
v -0.20675534 0.03519227 0.29518644
v -0.20532398 0.11148959 0.29518644
v -0.20814737 0.11198600 0.26228181
v -0.20959873 0.03274070 0.33120726
v -0.20834629 0.10918138 0.33071133
v -0.20642169 -0.04658278 0.29518644
v -0.20932973 -0.04761700 0.33166682
v -0.20922199 -0.05446107 0.26264301
v -0.01510748 -0.23265587 0.29518644
v -0.01561995 -0.22020802 0.26091052
v -0.03006902 -0.23069699 0.29518644
v -0.03108287 -0.21855436 0.26095154
v -0.01533140 -0.23885555 0.33069675
v -0.03051573 -0.23635093 0.33084616
v -0.01774585 -0.19311328 0.57129134
v -0.02024272 -0.18258878 0.55064667
v -0.03528504 -0.19448208 0.57101881
v -0.04025593 -0.18469070 0.54971744
v -0.23211209 0.01284366 0.55392222
v -0.21566503 0.00696033 0.58091880
v -0.21589597 0.09400856 0.58051418
v -0.23197144 0.09814862 0.55382110
v -0.21471225 -0.08068218 0.58270193
v -0.23170598 -0.07422834 0.55616070
v -0.01634427 0.14973452 0.58029726
v -0.03241458 0.14973452 0.58029726
v -0.01730943 0.15288051 0.55376683
v -0.03439488 0.15288051 0.55376678
v -0.01954678 -0.18263745 0.53078036
v -0.01752760 -0.18817038 0.51121014
v -0.03886438 -0.18370715 0.53067392
v -0.03483573 -0.18766026 0.51215789
v -0.23920321 0.00913004 0.51025408
v -0.23845135 0.01250741 0.53088775
v -0.23765784 0.09921201 0.53088775
v -0.23801298 0.09874653 0.51025408
v -0.23826547 -0.07857291 0.53249508
v -0.23892759 -0.08733630 0.51070366
v -0.01766096 0.15467442 0.53088775
v -0.03510906 0.15467442 0.53088775
v -0.01770478 0.15577002 0.51025408
v -0.03518856 0.15577002 0.51025408
v -0.01726305 -0.20907701 0.22581303
v -0.01846729 -0.20086667 0.19518554
v -0.03435122 -0.20690352 0.22597713
v -0.03674608 -0.19794934 0.19543168
v -0.23188526 0.00093650 0.20341318
v -0.22026743 0.01692029 0.23129811
v -0.21883608 0.10802776 0.23129811
v -0.23063284 0.10362021 0.20341318
v -0.21982659 -0.07983283 0.23274284
v -0.23123937 -0.10540104 0.20558027
v -0.01613822 0.16696480 0.23129811
v -0.03211128 0.16696481 0.23129811
v -0.01702203 0.16632758 0.20341318
v -0.03386806 0.16632758 0.20341318
v -0.12994869 -0.12439471 0.95879938
v -0.12983256 -0.02870114 0.95897323
v -0.14311301 -0.02839202 0.96536253
v -0.14327901 -0.12382799 0.96482901
v -0.12899626 0.06653253 0.96051753
v -0.14224808 0.06661396 0.96691888
v -0.11852971 -0.02458489 0.95149599
v -0.11774967 0.06755863 0.95531248
v -0.11860788 -0.11759482 0.94943708
v -0.12358485 0.13032876 0.86979702
v -0.13734278 0.13032876 0.87084454
v -0.13546653 0.12710914 0.87785150
v -0.12232194 0.12710913 0.87594096
v -0.15384969 0.13032876 0.87235269
v -0.15116737 0.12710913 0.88060204
v -0.13837748 0.13325996 0.86285996
v -0.15553502 0.13325996 0.86323695
v -0.12413015 0.13325996 0.86259808
v -0.10838217 0.13423702 0.74731304
v -0.12097394 0.13423702 0.74731304
v -0.12314498 0.13423702 0.76374532
v -0.11033075 0.13423702 0.76374532
v -0.13615563 0.13423702 0.74731304
v -0.13859488 0.13423702 0.76374532
v -0.11893762 0.13468065 0.72895638
v -0.13385915 0.13468066 0.72895638
v -0.10656162 0.13468066 0.72895643
v -0.10214993 0.14391599 0.62922079
v -0.11385749 0.14391599 0.62922074
v -0.11469943 0.14217763 0.64712901
v -0.10287777 0.14217765 0.64712896
v -0.12797309 0.14391599 0.62922079
v -0.12895261 0.14217765 0.64712901
v -0.11610442 0.14636887 0.60670615
v -0.13049553 0.14636887 0.60670620
v -0.10416834 0.14636887 0.60670620
v -0.11189540 0.14973452 0.58029726
v -0.12477912 0.14973452 0.58029726
v -0.14031280 0.14973452 0.58029726
v -0.13373524 0.15288051 0.55376683
v -0.15045391 0.15288051 0.55376683
v -0.11986869 0.15288051 0.55376678
v -0.12262581 0.15467442 0.53088775
v -0.13682645 0.15467442 0.53088775
v -0.15394791 0.15467442 0.53088775
v -0.13698202 0.15577002 0.51025408
v -0.15411493 0.15577002 0.51025408
v -0.12277188 0.15577002 0.51025408
v -0.11935160 0.15908960 0.43991128
v -0.13316599 0.15908961 0.43991128
v -0.13621299 0.15790255 0.46813547
v -0.12209048 0.15790255 0.46813547
v -0.14982176 0.15908960 0.43991128
v -0.15324025 0.15790255 0.46813547
v -0.12876880 0.16041563 0.40657006
v -0.14489101 0.16041562 0.40657011
v -0.11539697 0.16041562 0.40657011
v -0.10566311 0.16597063 0.29518644
v -0.11793549 0.16597063 0.29518644
v -0.11970653 0.16372049 0.33054599
v -0.10724904 0.16372049 0.33054601
v -0.13273209 0.16597063 0.29518644
v -0.13472632 0.16372049 0.33054601
v -0.11958396 0.16745518 0.26228181
v -0.13458059 0.16745518 0.26228181
v -0.10714567 0.16745518 0.26228181
v -0.11267203 0.16696481 0.23129811
v -0.12574907 0.16696480 0.23129811
v -0.14151586 0.16696481 0.23129811
v -0.13258470 0.16632758 0.20341318
v -0.14920626 0.16632758 0.20341318
v -0.11879869 0.16632758 0.20341318
v -0.12164800 0.17287611 0.09068596
v -0.13587702 0.17287611 0.08981755
v -0.14019452 0.17242362 0.11542966
v -0.12560519 0.17242361 0.11564676
v -0.15305003 0.17287611 0.08873288
v -0.15778897 0.17242361 0.11515848
v -0.12953676 0.17287611 0.06288062
v -0.14607473 0.17287611 0.06072475
v -0.11584868 0.17287611 0.06460665
v -0.10461497 -0.03073323 0.01408922
v -0.11725523 -0.03071629 0.01070190
v -0.11725523 0.10006624 0.01070190
v -0.10461497 0.10004084 0.01408922
v -0.13256303 -0.03069675 0.00647102
v -0.13256303 0.10009555 0.00647102
v -0.11417193 -0.15883944 0.01750099
v -0.12937623 -0.16236814 0.01374138
v -0.10221231 -0.15534592 0.02044265
v -0.08779185 -0.18532558 0.09264885
v -0.09812420 -0.21412989 0.09766911
v -0.09705595 -0.21158479 0.06643913
v -0.08839588 -0.18689483 0.06549628
v -0.11595053 -0.24316905 0.10237010
v -0.11247594 -0.23651242 0.06679762
v -0.10318909 -0.21443240 0.12821849
v -0.12224400 -0.24367269 0.13751317
v -0.09173257 -0.18540121 0.11884397
v -0.11931686 -0.19048703 0.22260812
v -0.12959883 -0.19007519 0.22744139
v -0.13494051 -0.18349140 0.20023516
v -0.12668878 -0.18045973 0.19102994
v -0.14330474 -0.19087233 0.23336423
v -0.14766998 -0.18859695 0.21107474
v -0.12054639 -0.20239165 0.26131763
v -0.13502781 -0.20169886 0.26279835
v -0.10880688 -0.20314342 0.26010932
v -0.10566311 -0.21139585 0.29518644
v -0.11793549 -0.20987527 0.29518644
v -0.13273209 -0.20810033 0.29518644
v -0.11970653 -0.21145248 0.33011030
v -0.13479871 -0.20935047 0.32900970
v -0.10724904 -0.21341169 0.33119855
v -0.11002727 -0.19722717 0.44316313
v -0.12550200 -0.20992148 0.43549102
v -0.12685282 -0.20257129 0.40328639
v -0.11306588 -0.19978146 0.41064569
v -0.14422792 -0.22275493 0.42774826
v -0.14385450 -0.20544799 0.39584763
v -0.12386272 -0.21831451 0.46452848
v -0.14328208 -0.24040095 0.45810837
v -0.10760549 -0.19637472 0.47088920
v -0.13184126 -0.19741303 0.53608529
v -0.14115426 -0.20597409 0.53610302
v -0.13187660 -0.21260623 0.51511277
v -0.12025215 -0.19314059 0.51740751
v -0.15200015 -0.21347270 0.53579339
v -0.14613005 -0.23187058 0.51265552
v -0.14543446 -0.20194332 0.55729864
v -0.15532009 -0.19905367 0.55887919
v -0.13629591 -0.20294698 0.55512284
v -0.12355098 -0.20596872 0.57795322
v -0.13626847 -0.20438917 0.58186561
v -0.15022948 -0.20071761 0.58479275
v -0.12354982 -0.21182250 0.60443371
v -0.14167067 -0.21010185 0.60824732
v -0.10726270 -0.21126897 0.59950074
v -0.10108729 -0.22363836 0.61468959
v -0.11717204 -0.22275426 0.61963266
v -0.13458595 -0.21884365 0.62395569
v -0.11569301 -0.23263521 0.63126336
v -0.13073418 -0.22536209 0.63615625
v -0.10103843 -0.23641772 0.62663215
v -0.10290551 -0.24369896 0.74871928
v -0.11890533 -0.23541710 0.75025462
v -0.11915362 -0.23761647 0.72891979
v -0.10375289 -0.24473762 0.72680368
v -0.13563846 -0.22492747 0.74834353
v -0.13442644 -0.22836581 0.72853882
v -0.12037251 -0.23248757 0.76838788
v -0.13790175 -0.22079909 0.76547363
v -0.10403648 -0.24253379 0.76755284
v -0.12358485 -0.16416755 0.90424371
v -0.13734278 -0.16103103 0.89966578
v -0.13784445 -0.16568666 0.88973262
v -0.12312718 -0.17028804 0.89693763
v -0.15364293 -0.15948902 0.88858563
v -0.14850857 -0.16429824 0.88242246
v -0.13546653 -0.15860843 0.90524324
v -0.15111568 -0.15615589 0.90033760
v -0.12232194 -0.16148374 0.90642887
v -0.17697177 -0.12338014 0.97611448
v -0.17629929 -0.02818125 0.97755602
v -0.18282206 -0.02818125 0.97663595
v -0.18391672 -0.12337937 0.97513576
v -0.17563687 0.06666998 0.97911376
v -0.18243099 0.06666468 0.97826609
v -0.16822788 -0.02819741 0.97657641
v -0.16737734 0.06666869 0.97809283
v -0.16858369 -0.12341961 0.97528692
v -0.18514910 0.13032876 0.87497559
v -0.19543011 0.13032876 0.87520461
v -0.19065072 0.12710914 0.88580341
v -0.18092174 0.12710913 0.88538570
v -0.20388290 0.13032876 0.87499052
v -0.19862136 0.12710913 0.88541298
v -0.19881468 0.13325996 0.86394990
v -0.20766346 0.13325996 0.86389643
v -0.18808323 0.13325996 0.86389275
v -0.16495977 0.13423702 0.74731304
v -0.17446806 0.13423702 0.74731304
v -0.17758420 0.13423702 0.76374532
v -0.16790792 0.13423702 0.76374532
v -0.18231539 0.13423702 0.74731304
v -0.18557017 0.13423702 0.76374532
v -0.17151511 0.13468065 0.72895638
v -0.17922797 0.13468066 0.72895638
v -0.16216975 0.13468066 0.72895643
v -0.15475453 0.14391599 0.62922079
v -0.16359513 0.14391599 0.62922074
v -0.16492187 0.14217763 0.64712901
v -0.15599511 0.14217765 0.64712901
v -0.17089141 0.14391599 0.62922079
v -0.17228928 0.14217765 0.64712901
v -0.16681285 0.14636887 0.60670615
v -0.17425154 0.14636887 0.60670620
v -0.15779972 0.14636887 0.60670620
v -0.16978475 0.14973452 0.58029726
v -0.17951350 0.14973452 0.58029726
v -0.18754279 0.14973452 0.58029726
v -0.19264509 0.15288051 0.55376683
v -0.20128688 0.15288051 0.55376683
v -0.18217418 0.15288051 0.55376678
v -0.18643239 0.15467442 0.53088775
v -0.19715556 0.15467442 0.53088775
v -0.20600557 0.15467442 0.53088775
v -0.19735151 0.15577002 0.51025408
v -0.20620743 0.15577002 0.51025408
v -0.18662117 0.15577002 0.51025408
v -0.18142272 0.15908960 0.43991128
v -0.19185423 0.15908961 0.43991128
v -0.19621018 0.15790255 0.46813547
v -0.18554600 0.15790255 0.46813547
v -0.20046351 0.15908963 0.43991128
v -0.20501147 0.15790255 0.46813547
v -0.18557694 0.16041563 0.40657006
v -0.19391043 0.16041563 0.40657006
v -0.17547962 0.16041562 0.40657006
v -0.16080566 0.16597062 0.29518644
v -0.17007278 0.16597062 0.29518644
v -0.17263022 0.16372049 0.33054599
v -0.16322332 0.16372047 0.33054601
v -0.17772108 0.16597062 0.29518644
v -0.18039387 0.16372047 0.33054601
v -0.17242607 0.16745516 0.26228181
v -0.18017775 0.16745515 0.26228181
v -0.16303367 0.16745518 0.26228181
v -0.17143012 0.16696481 0.23129811
v -0.18130485 0.16696480 0.23129811
v -0.18945462 0.16696480 0.23129811
v -0.19115237 0.16632758 0.20341318
v -0.19974398 0.16632758 0.20341318
v -0.18074230 0.16632758 0.20341318
v -0.18563796 0.17287611 0.08707391
v -0.19641022 0.17287611 0.08759147
v -0.20219582 0.17242362 0.11487314
v -0.19117222 0.17242361 0.11474374
v -0.20531019 0.17287611 0.08869299
v -0.21129615 0.17242361 0.11514851
v -0.18785436 0.17287611 0.05845613
v -0.19644911 0.17287611 0.06064550
v -0.17746327 0.17287611 0.05742743
v -0.16162828 -0.03066647 0.00000000
v -0.17128107 -0.03067464 0.00201884
v -0.17128106 0.10012871 0.00201884
v -0.16162828 0.10014099 0.00000000
v -0.17928456 -0.03069289 0.00631547
v -0.17928456 0.10010135 0.00631547
v -0.17215492 -0.16205533 0.00936012
v -0.18060200 -0.16051302 0.01329115
v -0.16163234 -0.16316715 0.00756482
v -0.17282387 -0.24948386 0.10119736
v -0.18934076 -0.24021333 0.09903622
v -0.18016532 -0.23423709 0.06297960
v -0.16444751 -0.24212401 0.06312345
v -0.20045026 -0.22741039 0.09656075
v -0.19116322 -0.22330200 0.06375519
v -0.19673429 -0.24052022 0.13438867
v -0.20754158 -0.22762134 0.12856456
v -0.18028789 -0.24988554 0.13867708
v -0.17682321 -0.19627308 0.24086508
v -0.18634836 -0.19470866 0.24201788
v -0.19793860 -0.20069794 0.22350352
v -0.18735651 -0.20018663 0.22267695
v -0.19286491 -0.19046878 0.24227983
v -0.20432385 -0.19872910 0.22264290
v -0.17368695 -0.19463861 0.26496176
v -0.18103033 -0.18589983 0.26502723
v -0.16438194 -0.19969742 0.26467356
v -0.16080566 -0.20338197 0.29518644
v -0.17007278 -0.19714878 0.29518644
v -0.17772108 -0.18505698 0.29518644
v -0.17307566 -0.19952498 0.32932023
v -0.18090345 -0.18651634 0.33002581
v -0.16369663 -0.20498803 0.32881220
v -0.17802610 -0.22703275 0.42584469
v -0.18834617 -0.22703275 0.42787701
v -0.18692721 -0.20509993 0.39743263
v -0.17699702 -0.20588087 0.39438421
v -0.19802540 -0.22150667 0.43069935
v -0.19584882 -0.19840561 0.40166617
v -0.18739833 -0.24776311 0.45664577
v -0.19768724 -0.24223703 0.45735135
v -0.17676202 -0.24776309 0.45613764
v -0.18307759 -0.21466204 0.53906600
v -0.19329624 -0.21263670 0.54037571
v -0.18845184 -0.23745815 0.51300786
v -0.17784765 -0.23796446 0.51268041
v -0.20285030 -0.20505174 0.54142916
v -0.19870391 -0.23141732 0.51327124
v -0.19550400 -0.19020324 0.56542755
v -0.20391027 -0.18101112 0.56712236
v -0.18578987 -0.19434594 0.56358717
v -0.17986205 -0.19106677 0.58561394
v -0.18908627 -0.18462269 0.58642716
v -0.19590677 -0.17472692 0.58793895
v -0.17989934 -0.18755050 0.60552176
v -0.18597305 -0.17810467 0.60712681
v -0.17054508 -0.19558248 0.60528488
v -0.16308988 -0.19865096 0.62273849
v -0.17379951 -0.19064204 0.62485863
v -0.18124238 -0.18304991 0.62793364
v -0.17021528 -0.19379462 0.64275978
v -0.17899303 -0.18741854 0.64679937
v -0.15870536 -0.20166824 0.63884705
v -0.16495977 -0.20176580 0.74749635
v -0.17446806 -0.19372130 0.74742187
v -0.17171055 -0.19563562 0.72907059
v -0.16258559 -0.20454702 0.72897978
v -0.18204879 -0.18691360 0.74737522
v -0.17917295 -0.18829985 0.72905889
v -0.17758419 -0.19173858 0.76397115
v -0.18510361 -0.18525344 0.76387939
v -0.16790791 -0.19903186 0.76411245
v -0.01766317 -0.19718082 0.17431969
v -0.01593253 -0.19611308 0.15717578
v -0.03513949 -0.19389666 0.17448380
v -0.03168692 -0.19269519 0.15721679
v -0.12641912 -0.19320581 0.18637643
v -0.12041836 -0.18009454 0.17372187
v -0.11391613 -0.20712303 0.17486921
v -0.10845758 -0.18357387 0.16069612
v -0.13823067 -0.20784893 0.20012055
v -0.12634240 -0.23125705 0.18931470
v -0.19833927 -0.21594543 0.20656732
v -0.18520893 -0.21851580 0.20902502
v -0.19535172 -0.23157293 0.18781989
v -0.17975114 -0.23856353 0.19351653
v -0.20650623 -0.21064615 0.20181516
v -0.20554255 -0.22145021 0.17957388
v -0.24030643 -0.00362841 0.15854704
v -0.23749599 -0.00408440 0.17980476
v -0.23678029 0.10276862 0.17980478
v -0.24012751 0.10368585 0.15854706
v -0.23646409 -0.11386866 0.18124951
v -0.23891193 -0.11377900 0.15890824
v -0.18571749 0.16737156 0.17980478
v -0.19641189 0.16737156 0.17980478
v -0.20523815 0.16737156 0.17980478
v -0.19934807 0.16923749 0.15854704
v -0.20830410 0.16923749 0.15854706
v -0.18849645 0.16923749 0.15854706
v -0.12208213 0.16737156 0.17980478
v -0.13624466 0.16737156 0.17980478
v -0.15332016 0.16737156 0.17980478
v -0.13829629 0.16923749 0.15854704
v -0.15562284 0.16923749 0.15854706
v -0.12392555 0.16923749 0.15854706
v -0.01750626 0.16737156 0.17980478
v -0.03482705 0.16737156 0.17980478
v -0.01778790 0.16923749 0.15854704
v -0.03538161 0.16923749 0.15854706
v -0.01490791 0.15515915 0.03141168
v -0.01511818 0.16844686 0.03663028
v -0.02968330 0.15518765 0.02861282
v -0.03009658 0.16845401 0.03400189
v -0.11725523 0.15534670 0.01070190
v -0.10461497 0.15532976 0.01408922
v -0.11878045 0.16849376 0.01718187
v -0.10601006 0.16848952 0.02036287
v -0.13256303 0.15536624 0.00647102
v -0.13424102 0.16849864 0.01320867
v -0.17128106 0.15538834 0.00201884
v -0.16162828 0.15539651 0.00000000
v -0.17333926 0.16850417 0.00902766
v -0.16359479 0.16850621 0.00713179
v -0.17928456 0.15537010 0.00631547
v -0.18141617 0.16849960 0.01306260
v -0.23687524 0.15439257 0.09259977
v -0.22693161 0.15470338 0.06841047
v -0.23537657 0.16825523 0.09241429
v -0.22548434 0.16833293 0.06804179
v -0.24357170 0.15381972 0.11612522
v -0.24203932 0.16777263 0.11607884
v -0.23654171 0.14998040 0.17980476
v -0.24006787 0.15136937 0.15854704
v -0.23505546 0.16302376 0.17980478
v -0.23855976 0.16477045 0.15854706
v -0.23021535 0.14923989 0.20341318
v -0.22876861 0.16205566 0.20341318
v -0.21835896 0.14982407 0.23129811
v -0.21698663 0.16267963 0.23129811
v -0.20767025 0.15012668 0.26228181
v -0.20636496 0.16312305 0.26228181
v -0.20484687 0.14854148 0.29518644
v -0.20355896 0.16161334 0.29518644
v -0.20792880 0.14628514 0.33054599
v -0.20662149 0.15936165 0.33054601
v -0.23099763 0.14201151 0.43991128
v -0.22346636 0.14321477 0.40657006
v -0.22954793 0.15482007 0.43991128
v -0.22206311 0.15611541 0.40657011
v -0.23622658 0.14099371 0.46813547
v -0.23474454 0.15367534 0.46813547
v -0.23739337 0.13873790 0.53088775
v -0.23761622 0.13947923 0.51025408
v -0.23590314 0.15069029 0.53088775
v -0.23612499 0.15169732 0.51025408
v -0.23192922 0.13710236 0.55377913
v -0.23047932 0.14893597 0.55376987
v -0.21599168 0.13370859 0.58034650
v -0.21466072 0.14572802 0.58030956
v -0.20058717 0.12990215 0.60678815
v -0.19936965 0.14225219 0.60672667
v -0.19672215 0.12702865 0.62930244
v -0.19552848 0.13969416 0.62924120
v -0.19838060 0.12493283 0.64719597
v -0.19716868 0.13786643 0.64714569
v -0.21014713 0.11574712 0.74731299
v -0.20658066 0.11599121 0.72896012
v -0.20882573 0.12961455 0.74731304
v -0.20528350 0.13000830 0.72895738
v -0.21389360 0.11609369 0.76374527
v -0.21254887 0.12970119 0.76374532
v -0.17166234 0.09836893 0.99462687
v -0.17099991 0.10495718 0.99775251
v -0.17969334 0.10491486 0.99741177
v -0.18008443 0.09833192 0.99421374
v -0.17166233 0.11233825 0.99564612
v -0.18008443 0.11230122 0.99523308
v -0.16142365 0.10497923 0.99646641
v -0.16227416 0.11235753 0.99439775
v -0.16227417 0.09838823 0.99337851
v -0.12397840 0.09831666 0.97660708
v -0.12314210 0.10489741 0.97983528
v -0.13619365 0.10493057 0.98586183
v -0.13705855 0.09834566 0.98269048
v -0.12397840 0.11228595 0.97762642
v -0.13705855 0.11231496 0.98370972
v -0.11228943 0.10487369 0.97565863
v -0.11306947 0.11226519 0.97340914
v -0.11306947 0.09829590 0.97238990
v -0.02143916 0.09835086 0.99247238
v -0.02206734 0.10493652 0.99655184
v -0.04190119 0.10492429 0.99270010
v -0.04090471 0.09834017 0.98928848
v -0.04090471 0.11230946 0.99053755
v -0.01747858 0.12526681 0.89643458
v -0.01741220 0.12407702 0.90853497
v -0.03478008 0.12526681 0.89428776
v -0.03465074 0.12407702 0.90610337
v -0.13439290 0.12526681 0.88721916
v -0.12159928 0.12526681 0.88481474
v -0.13369953 0.12407702 0.89809728
v -0.12113259 0.12407704 0.89537402
v -0.14963250 0.12526681 0.89068067
v -0.14864126 0.12407704 0.90201782
v -0.18791587 0.12526681 0.89722640
v -0.17850275 0.12526681 0.89670065
v -0.18614968 0.12407702 0.90943174
v -0.17694054 0.12407704 0.90883639
v -0.19561061 0.12526681 0.89673500
v -0.19366622 0.12407704 0.90887532
v -0.23075392 0.07631658 0.88977813
v -0.23075392 0.11306507 0.89462950
v -0.22764130 0.11558394 0.87847961
v -0.22682912 0.07711853 0.87239362
v -0.22847658 0.12221637 0.89498448
v -0.22696292 0.12422783 0.88453713
v -0.23627620 0.11231451 0.90649041
v -0.23301658 0.12113640 0.90689249
v -0.23627622 0.07662092 0.90235279
v -0.22655840 -0.00895133 0.85846833
v -0.23075392 -0.00952537 0.87594982
v -0.23627620 -0.00693479 0.89076212
v -0.22945821 -0.09650796 0.86382922
v -0.23501051 -0.09244409 0.88066388
v -0.22516388 -0.09591497 0.84663988
v -0.17895590 -0.14627743 0.89154319
v -0.18972841 -0.14909008 0.88662421
v -0.19070688 -0.15846918 0.87053198
v -0.18088407 -0.15566249 0.87977896
v -0.19931101 -0.15224074 0.88258049
v -0.19803622 -0.15633786 0.87276902
v -0.18948025 -0.13907106 0.89624350
v -0.20109505 -0.14555440 0.89395130
v -0.17746488 -0.13462247 0.89969844
v -0.12159928 -0.15919029 0.91073438
v -0.13439291 -0.15423711 0.91048653
v -0.14963252 -0.14882511 0.90740799
v -0.13422241 -0.15057197 0.91652483
v -0.14933777 -0.14212084 0.91339441
v -0.12126329 -0.15750136 0.91646688
v -0.03471394 -0.13365499 0.92170669
v -0.03457713 -0.13228878 0.92175976
v -0.03464151 -0.13293118 0.92173487
v -0.01728692 -0.12639472 0.92470149
v -0.03438988 -0.12723183 0.92203150
v -0.17364961 0.09722995 0.98660893
v -0.18125770 0.09720879 0.98597863
v -0.16482577 0.09724098 0.98547379
v -0.17593267 0.11724420 0.97807590
v -0.17364959 0.11585571 0.98796803
v -0.16482576 0.11586673 0.98683278
v -0.16763897 0.11724695 0.97706552
v -0.18125770 0.11583455 0.98733782
v -0.18275662 0.11723891 0.97723918
v -0.12648733 0.09720008 0.96828165
v -0.13965332 0.09721666 0.97453553
v -0.11540957 0.09718822 0.96394240
v -0.12911237 0.11723673 0.95966338
v -0.12648733 0.11582581 0.96964075
v -0.11540957 0.11581396 0.96530149
v -0.11782783 0.11723377 0.95525562
v -0.13965332 0.11584239 0.97589452
v -0.14241409 0.11724086 0.96601076
v -0.01955464 0.09721962 0.98159297
v -0.03791528 0.09721351 0.98041301
v -0.03791528 0.11583925 0.98269068
v -0.03494787 0.11724009 0.97269509
v -0.01690723 0.13423702 0.82200624
v -0.01726074 0.13423702 0.83619192
v -0.03363612 0.13423702 0.82200624
v -0.03433503 0.13423702 0.83619192
v -0.01659730 0.13423702 0.80880396
v -0.03302337 0.13423702 0.80880391
v -0.12928911 0.13423702 0.80880396
v -0.13160635 0.13423702 0.82200624
v -0.11792508 0.13423702 0.82200624
v -0.11584527 0.13423702 0.80880391
v -0.13424946 0.13423702 0.83619192
v -0.12029736 0.13423702 0.83619192
v -0.14810164 0.13423702 0.82200624
v -0.15107127 0.13423702 0.83619192
v -0.14549809 0.13423702 0.80880391
v -0.18640302 0.13423702 0.80880396
v -0.18972906 0.13423702 0.82200624
v -0.17939807 0.13423702 0.82200624
v -0.17625134 0.13423702 0.80880391
v -0.19352279 0.13423702 0.83619192
v -0.18298728 0.13423702 0.83619192
v -0.19825538 0.13423702 0.82200624
v -0.20221790 0.13423702 0.83619192
v -0.19478136 0.13423702 0.80880391
v -0.22462576 0.11813467 0.81656037
v -0.22901281 0.12168502 0.85303196
v -0.22718888 0.13109902 0.83337665
v -0.22311790 0.13021143 0.81164652
v -0.22965206 0.12877057 0.85422227
v -0.22841967 0.13051390 0.84585483
v -0.22853951 0.12564653 0.87628877
v -0.22888008 0.12668987 0.87267093
v -0.22576414 0.08011457 0.84462618
v -0.22381361 0.08063532 0.81445895
v -0.22354286 0.00466376 0.81198970
v -0.22468125 -0.00220534 0.83474929
v -0.22304847 -0.08623996 0.82771535
v -0.22168289 -0.07626302 0.81023908
v -0.17999412 -0.17834902 0.82624244
v -0.19384215 -0.16580022 0.84020886
v -0.18699908 -0.17990699 0.81389152
v -0.17575203 -0.18776356 0.81065605
v -0.19882373 -0.17165241 0.81356093
v -0.19258402 -0.17787843 0.80724283
v -0.20880767 -0.15519318 0.83278200
v -0.20806315 -0.15842628 0.81158886
v -0.20387084 -0.15811073 0.86156738
v -0.21391391 -0.15144309 0.85363548
v -0.18454535 -0.15843900 0.86068635
v -0.18531446 -0.16144727 0.84826145
v -0.18269461 -0.16454556 0.85498631
v -0.17816711 -0.17179839 0.83729451
v -0.10617180 -0.21416912 0.82549444
v -0.12526353 -0.20474510 0.82583618
v -0.12277049 -0.21537027 0.80680152
v -0.10161977 -0.22649139 0.80318726
v -0.14642948 -0.19425781 0.82664512
v -0.14373876 -0.20351331 0.81034513
v -0.12999859 -0.19089297 0.84877615
v -0.14988014 -0.18229210 0.84586479
v -0.11234411 -0.19863346 0.85140063
v -0.01690723 -0.23708736 0.83689303
v -0.01659730 -0.24881285 0.81334127
v -0.03345364 -0.23654577 0.83616424
v -0.03253656 -0.24818922 0.81257131
v -0.01726074 -0.22200277 0.86466535
v -0.03421274 -0.22142437 0.86417295
v -0.01599701 0.13423702 0.77627861
v -0.01618377 0.13423702 0.78684759
v -0.03183656 0.13423702 0.77627861
v -0.03220580 0.13423702 0.78684754
v -0.12480087 0.13423702 0.77627861
v -0.11181697 0.13423702 0.77627861
v -0.12619724 0.13423702 0.78684759
v -0.11307024 0.13423702 0.78684754
v -0.14045535 0.13423702 0.77627861
v -0.14202423 0.13423702 0.78684754
v -0.17996094 0.13423702 0.77627861
v -0.17015654 0.13423702 0.77627861
v -0.18196519 0.13423702 0.78684759
v -0.17205274 0.13423702 0.78684754
v -0.18805266 0.13423702 0.77627861
v -0.19014608 0.13423702 0.78684754
v -0.21675114 0.07871825 0.77627856
v -0.21675114 0.11635803 0.77627856
v -0.21538858 0.12976728 0.77627861
v -0.21916081 0.11658094 0.78684749
v -0.21778323 0.12982301 0.78684754
v -0.21916081 0.07950389 0.78684749
v -0.21675114 0.00155686 0.77627856
v -0.21916081 0.00358485 0.78684749
v -0.21485536 -0.08026360 0.77628100
v -0.21725000 -0.07750924 0.78685262
v -0.17015653 -0.19683856 0.77683806
v -0.17996093 -0.19009012 0.77663772
v -0.18751945 -0.18377805 0.77650404
v -0.18187873 -0.18837918 0.78734496
v -0.18959125 -0.18220895 0.78717190
v -0.17192307 -0.19479424 0.78759973
v -0.10840094 -0.23952106 0.78012352
v -0.12405408 -0.22738472 0.78025656
v -0.14026865 -0.21587451 0.77810654
v -0.12661013 -0.22240010 0.78852841
v -0.14210585 -0.21128948 0.78835789
v -0.10850886 -0.23582080 0.78845373
v -0.01599700 -0.26200630 0.77669552
v -0.03056818 -0.26075278 0.77758348
v -0.01618377 -0.25867852 0.78749592
v -0.03040958 -0.25769527 0.78787774
v -0.01637001 0.13423702 0.79738685
v -0.03257400 0.13423702 0.79738685
v -0.12758969 0.13423702 0.79738685
v -0.11432000 0.13423702 0.79738685
v -0.14358872 0.13423702 0.79738685
v -0.18396381 0.13423702 0.79738685
v -0.17394362 0.13423702 0.79738685
v -0.19223362 0.13423702 0.79738685
v -0.22156372 0.08028733 0.79738685
v -0.22156372 0.11680323 0.79738685
v -0.22017117 0.12987858 0.79738685
v -0.22156372 0.00560716 0.79738685
v -0.21963795 -0.07476424 0.79739512
v -0.17342496 -0.19250729 0.79832375
v -0.18361803 -0.18620906 0.79801656
v -0.19161394 -0.18026775 0.79780591
v -0.10723372 -0.23259312 0.79456611
v -0.12470080 -0.21982528 0.79587113
v -0.14278005 -0.20817982 0.79834346
v -0.01637000 -0.25514529 0.79829338
v -0.03129379 -0.25437324 0.79800810
v -0.01514493 0.13601157 0.71065021
v -0.03012398 0.13601157 0.71065021
v -0.01513433 0.13761816 0.69409949
v -0.03007190 0.13761816 0.69409949
v -0.11690774 0.13761816 0.69409954
v -0.11768587 0.13601156 0.71065021
v -0.10545944 0.13601157 0.71065021
v -0.10478678 0.13761816 0.69409949
v -0.13242705 0.13601157 0.71065021
v -0.13152177 0.13761816 0.69409954
v -0.16840171 0.13761816 0.69409954
v -0.16962789 0.13601156 0.71065021
v -0.16039546 0.13601157 0.71065021
v -0.15924895 0.13761816 0.69409949
v -0.17724754 0.13601157 0.71065021
v -0.17595565 0.13761816 0.69409954
v -0.20423409 0.07842922 0.71071613
v -0.20426319 0.11749887 0.71066515
v -0.20273045 0.11943581 0.69412802
v -0.20267503 0.08009364 0.69422515
v -0.20298652 0.13138340 0.71065394
v -0.20147067 0.13307257 0.69410661
v -0.20254126 -0.00156820 0.69445950
v -0.20416389 -0.00175431 0.71083910
v -0.20281275 -0.08636924 0.71095839
v -0.20113957 -0.08750541 0.69468673
v -0.16205889 -0.20688221 0.71055243
v -0.17040971 -0.19707886 0.71099812
v -0.16973905 -0.19819827 0.69476245
v -0.16212909 -0.20872519 0.69397965
v -0.17729403 -0.18895338 0.71099812
v -0.17600617 -0.18918295 0.69476241
v -0.10532347 -0.24737079 0.70498686
v -0.12061843 -0.24052875 0.70744630
v -0.12200889 -0.24230529 0.68743960
v -0.10665203 -0.24938767 0.68453153
v -0.13521334 -0.23122031 0.70788184
v -0.13636692 -0.23253041 0.68901765
v -0.01395148 -0.27766053 0.70981817
v -0.01358991 -0.28660931 0.70333895
v -0.02775108 -0.27257578 0.70243790
v -0.02757379 -0.27949765 0.69545046
v -0.15675506 -0.12353591 0.97092496
v -0.15653861 -0.02824589 0.97187111
v -0.15564477 0.06665468 0.97340257
v -0.15296324 0.09723341 0.98085771
v -0.15028171 0.09837501 0.98884030
v -0.14938787 0.10496410 0.99195419
v -0.15028171 0.11234431 0.98985954
v -0.15586120 0.11724507 0.97242754
v -0.15296324 0.11585917 0.98221670
v -0.16703986 0.12710914 0.88338266
v -0.16503871 0.12526681 0.89417992
v -0.16374633 0.12407702 0.90598129
v -0.17053704 0.13032876 0.87387728
v -0.17288014 0.13325996 0.86361812
v -0.16188427 0.13423702 0.80880396
v -0.16477724 0.13423702 0.82200624
v -0.16807700 0.13423702 0.83619192
v -0.15802425 0.13423702 0.78684759
v -0.15976264 0.13423702 0.79738685
v -0.15421367 0.13423702 0.76374532
v -0.15628096 0.13423702 0.77627861
v -0.15150326 0.13423702 0.74731304
v -0.14894381 0.13468065 0.72895638
v -0.14629558 0.13761816 0.69409954
v -0.14732939 0.13601156 0.71065021
v -0.14224299 0.14391599 0.62922074
v -0.14336159 0.14217763 0.64712901
v -0.14504396 0.14636887 0.60670615
v -0.15601627 0.14973452 0.58029726
v -0.16735536 0.15288051 0.55376683
v -0.17125654 0.15467442 0.53088775
v -0.17143515 0.15577002 0.51025408
v -0.16665962 0.15908961 0.43991128
v -0.17045364 0.15790255 0.46813547
v -0.16118946 0.16041563 0.40657006
v -0.14769045 0.16597063 0.29518644
v -0.14991030 0.16372049 0.33054599
v -0.14974117 0.16745518 0.26228181
v -0.15745499 0.16696480 0.23129811
v -0.16600952 0.16632758 0.20341318
v -0.17058234 0.16737156 0.17980478
v -0.17313880 0.16923749 0.15854704
v -0.17041079 0.17287611 0.08763635
v -0.17557573 0.17242362 0.11488436
v -0.16279348 0.17287611 0.05854534
v -0.14803816 0.10012520 0.00219389
v -0.14803816 0.15538600 0.00219389
v -0.14987058 0.16850357 0.00919205
v -0.14803816 -0.03067699 0.00219389
v -0.14628458 -0.16354108 0.00972728
v -0.14460543 -0.25271139 0.10292741
v -0.13841208 -0.24478731 0.06504425
v -0.15170071 -0.25321342 0.14035898
v -0.16787114 -0.19515749 0.21854466
v -0.16150001 -0.21605126 0.20727308
v -0.15251772 -0.24009772 0.19477263
v -0.16076077 -0.19396631 0.23790966
v -0.15056761 -0.20142583 0.26393469
v -0.14769046 -0.20648419 0.29518644
v -0.15019986 -0.20772944 0.32864282
v -0.16252799 -0.22703275 0.42516729
v -0.16160435 -0.20627406 0.39336808
v -0.16148590 -0.24776311 0.45596831
v -0.16764342 -0.21565470 0.53715980
v -0.16259704 -0.23821263 0.51220390
v -0.17058356 -0.19690863 0.56118981
v -0.16583524 -0.19635428 0.58555569
v -0.15756896 -0.20389403 0.60736220
v -0.14995529 -0.20943035 0.62371422
v -0.14530833 -0.21361524 0.63766500
v -0.14967679 -0.21913373 0.70921544
v -0.15037268 -0.22075314 0.69163119
v -0.14953066 -0.21639989 0.72868061
v -0.15150325 -0.21293913 0.74761385
v -0.15421367 -0.20918296 0.76433081
v -0.15628096 -0.20556290 0.77714734
v -0.15793780 -0.20225927 0.78799290
v -0.15941687 -0.19945234 0.79879683
v -0.16136561 -0.19497174 0.81055199
v -0.16443145 -0.18664701 0.82425095
v -0.16756330 -0.17541444 0.84224426
v -0.16503873 -0.14618049 0.89978238
v -0.16683312 -0.15621516 0.88845190
v -0.16391797 -0.13622170 0.90660054
v -0.01435724 -0.19575718 0.13771408
v -0.02854384 -0.19229470 0.13771408
v -0.10731292 -0.21314766 0.15471755
v -0.09875839 -0.18508003 0.14196494
v -0.12336073 -0.24145019 0.16747012
v -0.15179471 -0.25074696 0.17172098
v -0.18035389 -0.24763277 0.16975869
v -0.19677733 -0.23870228 0.16387178
v -0.20756334 -0.22637160 0.15569630
v -0.24352355 -0.00318153 0.13771408
v -0.24352355 0.10458475 0.13771408
v -0.24199404 -0.11367540 0.13771408
v -0.24352355 0.15273055 0.13771408
v -0.24199404 0.16648223 0.13771408
v -0.19121987 0.17106612 0.13771408
v -0.20222557 0.17106612 0.13771408
v -0.21130877 0.17106612 0.13771408
v -0.15787949 0.17106612 0.13771408
v -0.17564415 0.17106612 0.13771408
v -0.12573213 0.17106612 0.13771408
v -0.14030692 0.17106612 0.13771408
v -0.01806390 0.17106612 0.13771408
v -0.03592510 0.17106612 0.13771408
v -0.01365009 -0.19513173 0.05228606
v -0.02716393 -0.19517932 0.05016910
v -0.10492201 -0.20614180 0.03789825
v -0.09500432 -0.19215069 0.03950294
v -0.11981586 -0.22027608 0.03555248
v -0.14102385 -0.22498752 0.03232748
v -0.16164454 -0.22350239 0.03025929
v -0.17477653 -0.21904695 0.03138397
v -0.18455435 -0.21285947 0.03421819
v -0.20871442 -0.00523909 0.02664949
v -0.21723825 -0.00181071 0.04483001
v -0.21723825 0.10686722 0.04483001
v -0.20871444 0.10629433 0.02664949
v -0.21584110 -0.11333269 0.04428278
v -0.20950473 -0.09027603 0.03069100
v -0.21723825 0.15500635 0.04483001
v -0.20871442 0.15523373 0.02664949
v -0.21584110 0.16840868 0.04428278
v -0.20950473 0.16503504 0.03069100
v -0.16949434 0.17287611 0.02852717
v -0.17951388 0.17287611 0.03005414
v -0.18781107 0.17287611 0.03330398
v -0.13927498 0.17287611 0.03342163
v -0.15536789 0.17287611 0.03018655
v -0.11019534 0.17287611 0.03918382
v -0.12335610 0.17287611 0.03662175
v -0.01574489 0.17287611 0.05228607
v -0.03133542 0.17287611 0.05016910
v -0.22114254 -0.17000396 0.06693578
v -0.21164964 -0.17000396 0.04264105
v -0.20472103 -0.19367045 0.04020596
v -0.21372210 -0.19499944 0.06561267
v -0.20462186 -0.13153356 0.02465524
v -0.19817707 -0.15115560 0.02151653
v -0.22327471 -0.19552233 0.09199431
v -0.23088058 -0.17000396 0.09185782
v -0.23744209 -0.17000396 0.11593973
v -0.22981964 -0.19554917 0.11743095
v -0.23425128 -0.16997150 0.15999178
v -0.23740550 -0.17000396 0.13771408
v -0.22979766 -0.19539012 0.14000264
v -0.22667829 -0.19471526 0.16338364
v -0.22596180 -0.16198224 0.21208161
v -0.23145995 -0.16987416 0.18558373
v -0.22393110 -0.19319466 0.19124821
v -0.21847935 -0.18641764 0.21882382
v -0.20724629 -0.16997354 0.24133796
v -0.21468708 -0.13856612 0.23707707
v -0.20433476 -0.11335244 0.26372656
v -0.19691480 -0.15079524 0.26479178
v -0.19416776 -0.13581569 0.29518644
v -0.20160378 -0.10006786 0.29518644
v -0.20518286 -0.09647186 0.33172311
v -0.19828087 -0.12919015 0.33141662
v -0.22372785 -0.17683078 0.43715386
v -0.22906116 -0.13674636 0.44105420
v -0.22312450 -0.11321755 0.41274139
v -0.21898783 -0.15158236 0.41023365
v -0.23244158 -0.15670464 0.46418062
v -0.22515445 -0.19736810 0.46002513
v -0.22880779 -0.16198413 0.54184408
v -0.23559182 -0.13122591 0.53731703
v -0.23492669 -0.14861857 0.51205229
v -0.22648778 -0.18695049 0.51332725
v -0.23010798 -0.11848325 0.56261452
v -0.22528225 -0.14111063 0.56851242
v -0.20856115 -0.14059637 0.59055891
v -0.21245104 -0.12216504 0.58700524
v -0.19515927 -0.13156699 0.61000217
v -0.19145271 -0.15000197 0.61048565
v -0.18676521 -0.15888806 0.63079451
v -0.19077105 -0.13598478 0.63111848
v -0.19256777 -0.13863096 0.64868581
v -0.18799302 -0.16563403 0.64860485
v -0.19295867 -0.16760277 0.71099812
v -0.19894086 -0.13873305 0.71099812
v -0.19728033 -0.13967370 0.69476245
v -0.19134976 -0.16781964 0.69476241
v -0.20107145 -0.13825679 0.72904336
v -0.19488280 -0.16693400 0.72904510
v -0.19710090 -0.16477301 0.74731996
v -0.20379504 -0.13632106 0.74731299
v -0.20664835 -0.13387820 0.76374770
v -0.19944545 -0.16244088 0.76376433
v -0.20174882 -0.16125873 0.77631978
v -0.20916807 -0.13188059 0.77628826
v -0.21151768 -0.13011138 0.78686790
v -0.20402842 -0.16063124 0.78691709
v -0.20630163 -0.15996304 0.79748697
v -0.21386066 -0.12835382 0.79741986
v -0.21610291 -0.12862810 0.81029350
v -0.21815021 -0.13295450 0.82783852
v -0.22098031 -0.13706170 0.84684430
v -0.21900147 -0.14922886 0.87055050
v -0.22557107 -0.13667838 0.86410036
v -0.23121338 -0.13399840 0.88100343
v -0.22423869 -0.14780206 0.88616616
v -0.19644161 -0.02371943 0.97471486
v -0.20156265 -0.01033396 0.97399265
v -0.20360597 -0.09263119 0.97221594
v -0.19835169 -0.11569213 0.97306561
v -0.20692118 0.00261764 0.97104714
v -0.20766284 -0.05829524 0.96941810
v -0.20363556 0.07111131 0.97202127
v -0.20879669 0.07367423 0.96865824
v -0.19703818 0.06776910 0.97554382
v -0.19882783 0.09716460 0.98085283
v -0.20985428 0.09714800 0.96892949
v -0.21156893 0.10032105 0.96636026
v -0.20061747 0.09825460 0.98668451
v -0.20121402 0.10482649 0.98908147
v -0.21338420 0.10206066 0.96595699
v -0.21227372 0.11219481 0.96737971
v -0.20061747 0.11222390 0.98770386
v -0.20486293 0.11722371 0.97102593
v -0.20985428 0.11577373 0.97028868
v -0.19882783 0.11579036 0.98221212
v -0.19763012 0.11722785 0.97453991
v -0.22250328 0.12710914 0.88575552
v -0.22164462 0.12526681 0.89532343
v -0.21265875 0.12526681 0.89570918
v -0.21550937 0.12710913 0.88496390
v -0.22323764 0.12407702 0.90727635
v -0.21135465 0.12407704 0.90771329
v -0.22153225 0.12780747 0.87600787
v -0.22548170 0.12780747 0.88023252
v -0.22700905 0.12841022 0.87325096
v -0.22366300 0.13169950 0.86829284
v -0.21885305 0.13423702 0.80952677
v -0.22275224 0.13423702 0.82489749
v -0.21605825 0.13423702 0.82272906
v -0.21227529 0.13423702 0.80898459
v -0.22719973 0.13190857 0.84199313
v -0.22037321 0.13342577 0.83764223
v -0.21365054 0.13423702 0.78684759
v -0.21599352 0.13423702 0.79738685
v -0.20950094 0.13423702 0.79738685
v -0.20722772 0.13423702 0.78684754
v -0.20851460 0.13423702 0.76374532
v -0.21130093 0.13423702 0.77627861
v -0.20494811 0.13423702 0.77627861
v -0.20224483 0.13423702 0.76374532
v -0.19870056 0.13423702 0.74731304
v -0.20486148 0.13423702 0.74731304
v -0.20138773 0.13468065 0.72895638
v -0.19533235 0.13468066 0.72895643
v -0.19765872 0.13761816 0.69409954
v -0.19913946 0.13601156 0.71065021
v -0.19315729 0.13601157 0.71065021
v -0.19172816 0.13761816 0.69409954
v -0.18612598 0.14391599 0.62922079
v -0.19185428 0.14391599 0.62922074
v -0.19345646 0.14217763 0.64712901
v -0.18767234 0.14217765 0.64712901
v -0.19562357 0.14636887 0.60670615
v -0.18978347 0.14636887 0.60670620
v -0.20430786 0.14973452 0.58029726
v -0.21061165 0.14973452 0.58029726
v -0.22611552 0.15288051 0.55376683
v -0.21933086 0.15288051 0.55376683
v -0.22448426 0.15467442 0.53088775
v -0.23143237 0.15467442 0.53088775
v -0.23165126 0.15577002 0.51025408
v -0.22469850 0.15577002 0.51025408
v -0.21843962 0.15908963 0.43991128
v -0.22519879 0.15908961 0.43991128
v -0.23029839 0.15790256 0.46813547
v -0.22338852 0.15790257 0.46813547
v -0.21785328 0.16041563 0.40657006
v -0.21131068 0.16041566 0.40657011
v -0.19369063 0.16597062 0.29518644
v -0.19969528 0.16597062 0.29518644
v -0.20269952 0.16372049 0.33054599
v -0.19660429 0.16372047 0.33054601
v -0.20244904 0.16745516 0.26228181
v -0.19636321 0.16745516 0.26228181
v -0.20647128 0.16696480 0.23129811
v -0.21286962 0.16696480 0.23129811
v -0.22442840 0.16632758 0.20341318
v -0.21768315 0.16632758 0.20341318
v -0.22366723 0.16737156 0.17980478
v -0.23059672 0.16737156 0.17980478
v -0.23403547 0.16923749 0.15854704
v -0.22700412 0.16923749 0.15854706
v -0.23027435 0.17106612 0.13771408
v -0.23740552 0.17106612 0.13771408
v -0.23744212 0.17242362 0.11593973
v -0.23029747 0.17242361 0.11572352
v -0.22389321 0.17287611 0.09099299
v -0.23088058 0.17287611 0.09185782
v -0.22114254 0.17287611 0.06693578
v -0.21439481 0.17287611 0.06521690
v -0.20513551 0.17287611 0.04008961
v -0.21164964 0.17287611 0.04264105
v -0.20462186 0.16848649 0.02465524
v -0.19828069 0.16849008 0.02148744
v -0.20227927 0.10367849 0.01865997
v -0.20227927 0.15531769 0.01865997
v -0.19599574 0.15533203 0.01528672
v -0.19599574 0.10095817 0.01528672
v -0.19599574 -0.02707522 0.01528672
v -0.20227927 -0.01612233 0.01865997
v -0.01605472 -0.19409877 0.49145377
v -0.03189528 -0.19267881 0.49243906
v -0.12605017 -0.21796455 0.49116182
v -0.11159368 -0.19390348 0.49565641
v -0.14357008 -0.24214308 0.48658567
v -0.16102673 -0.25020259 0.48506029
v -0.17622249 -0.25020259 0.48506029
v -0.18695972 -0.25020259 0.48506029
v -0.19744816 -0.24467650 0.48506029
v -0.23413669 -0.15888677 0.48776010
v -0.22567221 -0.19974325 0.48573526
v -0.23822920 -0.09413895 0.48978495
v -0.23888804 0.00589008 0.49045987
v -0.23809455 0.09829998 0.49045987
v -0.23783006 0.14019039 0.49045987
v -0.23633786 0.15266339 0.49045987
v -0.22490402 0.15682106 0.49045987
v -0.23186126 0.15682105 0.49045987
v -0.18680227 0.15682105 0.49045987
v -0.19753950 0.15682105 0.49045987
v -0.20640110 0.15682105 0.49045987
v -0.15427518 0.15682105 0.49045987
v -0.17160651 0.15682105 0.49045987
v -0.12291201 0.15682105 0.49045987
v -0.13713127 0.15682105 0.49045987
v -0.01774681 0.15682105 0.49045987
v -0.03526482 0.15682105 0.49045987
v -0.01589743 -0.23124199 0.36949736
v -0.03162906 -0.22853563 0.37009508
v -0.12379999 -0.20604972 0.36715156
v -0.11092822 -0.20735828 0.37150456
v -0.13960881 -0.20472311 0.36274912
v -0.15616640 -0.20374950 0.36128164
v -0.17065714 -0.20217682 0.36195907
v -0.18026543 -0.19905302 0.36399132
v -0.18854376 -0.18885405 0.36681368
v -0.21376076 -0.10032390 0.37360289
v -0.20852991 -0.13507393 0.37237678
v -0.21585001 -0.04898276 0.37337775
v -0.21591028 0.03177251 0.37153941
v -0.21519459 0.10770417 0.36955569
v -0.21495603 0.14457445 0.36889441
v -0.21360523 0.15757913 0.36889441
v -0.20325495 0.16191404 0.36889441
v -0.20955290 0.16191403 0.36889441
v -0.16876389 0.16191403 0.36889441
v -0.17848360 0.16191403 0.36889441
v -0.18650542 0.16191403 0.36889441
v -0.13931926 0.16191403 0.36889441
v -0.15500816 0.16191403 0.36889441
v -0.11092822 0.16191403 0.36889441
v -0.12379999 0.16191403 0.36889441
v -0.01589743 0.16191403 0.36889441
v -0.03162906 0.16191403 0.36889441
v -0.05055506 -0.06459721 0.92641497
v -0.05052400 0.00668691 0.94372499
v -0.06766977 0.00650538 0.93969840
v -0.06771003 -0.06506796 0.92250149
v -0.05136905 0.07538141 0.96364387
v -0.06808607 0.07533447 0.95959826
v -0.05390419 0.09720751 0.97746451
v -0.06933498 0.09720130 0.97346929
v -0.05643931 0.09832965 0.98571296
v -0.07058388 0.09831880 0.98178166
v -0.05728435 0.10491227 0.98891548
v -0.07100018 0.10489987 0.98500559
v -0.05643931 0.11229895 0.98673231
v -0.07058388 0.11228810 0.98280101
v -0.05140010 0.11723858 0.96881298
v -0.05390418 0.11583324 0.97882360
v -0.06933498 0.11582703 0.97482848
v -0.06812632 0.11723703 0.96480232
v -0.05174369 0.12526681 0.89217837
v -0.05155825 0.12407701 0.90371418
v -0.06925057 0.12526680 0.88999899
v -0.06901023 0.12407701 0.90124582
v -0.05203084 0.12710914 0.88179216
v -0.06962274 0.12710913 0.88006046
v -0.05253265 0.13032876 0.87300521
v -0.07027312 0.13032876 0.87205566
v -0.05272756 0.13325996 0.86340005
v -0.07051801 0.13325996 0.86316267
v -0.05002461 0.13423702 0.82200624
v -0.05105270 0.13423702 0.83619192
v -0.06693068 0.13423702 0.82200624
v -0.06829345 0.13423702 0.83619192
v -0.04912327 0.13423702 0.80880396
v -0.06573592 0.13423702 0.80880391
v -0.04846225 0.13423702 0.79738685
v -0.06485971 0.13423702 0.79738685
v -0.04792063 0.13423702 0.78684759
v -0.06414178 0.13423702 0.78684754
v -0.04737749 0.13423702 0.77627861
v -0.06342183 0.13423702 0.77627861
v -0.04673340 0.13423702 0.76374532
v -0.06256806 0.13423702 0.76374532
v -0.04588894 0.13423702 0.74731304
v -0.06144870 0.13423702 0.74731304
v -0.04513924 0.13468066 0.72895638
v -0.06043238 0.13468066 0.72895638
v -0.04477943 0.13601157 0.71065021
v -0.05988773 0.13601157 0.71065021
v -0.04463018 0.13761816 0.69409949
v -0.05960816 0.13761816 0.69409949
v -0.04404512 0.14391599 0.62922074
v -0.04420661 0.14217763 0.64712896
v -0.05851224 0.14391599 0.62922079
v -0.05881475 0.14217765 0.64712896
v -0.04492941 0.14636887 0.60670615
v -0.05967891 0.14636887 0.60670620
v -0.04795324 0.14973452 0.58029726
v -0.06387376 0.14973452 0.58029726
v -0.05104866 0.15288051 0.55376683
v -0.06818369 0.15288051 0.55376678
v -0.05214775 0.15467442 0.53088775
v -0.06969559 0.15467442 0.53088775
v -0.05224664 0.15577002 0.51025408
v -0.06980624 0.15577002 0.51025408
v -0.05234152 0.15682105 0.49045987
v -0.06991238 0.15682105 0.49045987
v -0.05200018 0.15790255 0.46813547
v -0.06945148 0.15790255 0.46813547
v -0.05079043 0.15908961 0.43991128
v -0.06786101 0.15908961 0.43991128
v -0.04903220 0.16041563 0.40657006
v -0.06555591 0.16041563 0.40657006
v -0.04704539 0.16191406 0.36889441
v -0.06295114 0.16191404 0.36889441
v -0.04542224 0.16372049 0.33054599
v -0.06081607 0.16372049 0.33054601
v -0.04475497 0.16597063 0.29518644
v -0.05992007 0.16597063 0.29518644
v -0.04541415 0.16745518 0.26228181
v -0.06078426 0.16745518 0.26228181
v -0.04777033 0.16696480 0.23129811
v -0.06392976 0.16696481 0.23129811
v -0.05037837 0.16632758 0.20341318
v -0.06741388 0.16632758 0.20341318
v -0.05179318 0.16737156 0.17980478
v -0.06929394 0.16737156 0.17980478
v -0.05260326 0.16923749 0.15854704
v -0.07036131 0.16923749 0.15854706
v -0.05339716 0.17106612 0.13771408
v -0.07140734 0.17106612 0.13771408
v -0.05334679 0.17242362 0.11640137
v -0.07133524 0.17242361 0.11621929
v -0.05162406 0.17287611 0.09370443
v -0.06904817 0.17287611 0.09297604
v -0.04909696 0.17287611 0.07060606
v -0.06569581 0.17287611 0.06915835
v -0.04663347 0.17287611 0.04808911
v -0.06242784 0.17287611 0.04594018
v -0.04480970 0.16846100 0.03141943
v -0.06000849 0.16846823 0.02875137
v -0.04420178 0.15521568 0.02586287
v -0.05920205 0.15524461 0.02302176
v -0.04420178 0.09986972 0.02586287
v -0.05920205 0.09991312 0.02302176
v -0.04420178 -0.03084731 0.02586287
v -0.05920205 -0.03081836 0.02302176
v -0.04325672 -0.15585457 0.03141943
v -0.05792849 -0.15540798 0.02875137
v -0.04042155 -0.19407126 0.04808911
v -0.05410785 -0.19231387 0.04594018
v -0.03774873 -0.19018733 0.07060606
v -0.05049646 -0.18711187 0.06915835
v -0.03729072 -0.18889269 0.09370443
v -0.04985070 -0.18537786 0.09297604
v -0.03889410 -0.18889269 0.11640139
v -0.05197792 -0.18537786 0.11621929
v -0.04240544 -0.18889269 0.13771408
v -0.05668549 -0.18537786 0.13771408
v -0.04710135 -0.18914187 0.15715595
v -0.06299227 -0.18544019 0.15696420
v -0.05225845 -0.18988950 0.17424042
v -0.06991710 -0.18562709 0.17347337
v -0.05466416 -0.19373554 0.19506662
v -0.07315407 -0.18912091 0.19391606
v -0.05110589 -0.20328006 0.22573374
v -0.06839728 -0.19910400 0.22496672
v -0.04624804 -0.21544037 0.26089070
v -0.06190114 -0.21159430 0.26069897
v -0.04475497 -0.22713380 0.29518644
v -0.05992007 -0.22260975 0.29518644
v -0.04542223 -0.23217498 0.33099298
v -0.06081607 -0.22694754 0.33114468
v -0.04704539 -0.22437845 0.37068237
v -0.06295114 -0.21940485 0.37128913
v -0.04794503 -0.21198033 0.40944433
v -0.06409979 -0.20783305 0.41041981
v -0.04644175 -0.20321660 0.44246875
v -0.06203655 -0.20008354 0.44333669
v -0.04530989 -0.19676012 0.47028120
v -0.06049079 -0.19460401 0.47100939
v -0.04732380 -0.19128362 0.49340717
v -0.06319186 -0.18984218 0.49440740
v -0.05172124 -0.18716039 0.51308911
v -0.06875421 -0.18664475 0.51405125
v -0.05773993 -0.18476378 0.53056936
v -0.07579230 -0.18585843 0.53046133
v -0.05982642 -0.18679189 0.54905298
v -0.07798002 -0.18896379 0.54833499
v -0.05242719 -0.19594284 0.57174515
v -0.06899128 -0.19744138 0.57236974
v -0.04412901 -0.20878655 0.59373095
v -0.05890277 -0.20889962 0.59575087
v -0.04351865 -0.22189287 0.61009552
v -0.05779119 -0.22094698 0.61166362
v -0.04559241 -0.23581681 0.62165721
v -0.06000652 -0.23404665 0.62311847
v -0.04126319 -0.26983828 0.69419906
v -0.04236191 -0.27559478 0.68689403
v -0.05340575 -0.26708955 0.68796953
v -0.05553868 -0.27159592 0.67916038
v -0.04108619 -0.26240440 0.70365660
v -0.05268165 -0.26059876 0.70132481
v -0.04299995 -0.25962024 0.73240475
v -0.05524527 -0.25676868 0.73142523
v -0.04430552 -0.25859866 0.76342225
v -0.05691663 -0.25476340 0.76270685
v -0.04230397 -0.25645246 0.77968804
v -0.05351574 -0.25374707 0.77960569
v -0.04073579 -0.25352977 0.78825826
v -0.05360517 -0.25186715 0.78840907
v -0.04334145 -0.25017874 0.79618917
v -0.05442555 -0.24727104 0.79540432
v -0.04717606 -0.24408162 0.80925016
v -0.06092808 -0.23951118 0.80732692
v -0.04929472 -0.23292067 0.83321066
v -0.06359679 -0.22814005 0.83091248
v -0.05056353 -0.21844346 0.86245280
v -0.06598277 -0.21421224 0.86031085
v -0.05253265 -0.16112410 0.92011768
v -0.05266621 -0.18366398 0.91291784
v -0.07027312 -0.16157281 0.91832364
v -0.07022257 -0.18138950 0.91150677
v -0.05198213 -0.14213854 0.92002059
v -0.06959088 -0.14524741 0.91775597
v -0.05154887 -0.13406785 0.91968841
v -0.06912315 -0.13832853 0.91743663
v -0.06887781 -0.13702643 0.91692452
v -0.06899325 -0.13763561 0.91716509
v -0.05120828 -0.12847510 0.91944535
v -0.06852659 -0.13148506 0.91675505
v -0.08626080 -0.06572506 0.91827157
v -0.08621060 0.00633971 0.93533525
v -0.10203635 0.00181218 0.93466650
v -0.10209502 -0.07361569 0.91984544
v -0.08616328 0.07529138 0.95522107
v -0.10159329 0.07415806 0.95224887
v -0.08602130 0.09719459 0.96914895
v -0.10026410 0.09718888 0.96546131
v -0.08587932 0.09830705 0.97753053
v -0.09893492 0.09829704 0.97390194
v -0.08583200 0.10488646 0.98077745
v -0.09849186 0.10487501 0.97716848
v -0.08587932 0.11227635 0.97854987
v -0.09893492 0.11226633 0.97492118
v -0.08621347 0.11723536 0.96046516
v -0.08602130 0.11582033 0.97050814
v -0.10026410 0.11581461 0.96682050
v -0.10165197 0.11723392 0.95676318
v -0.08818190 0.12526680 0.88764236
v -0.08788219 0.12407701 0.89857663
v -0.10434098 0.12526681 0.88563085
v -0.10399057 0.12407702 0.89629837
v -0.08864601 0.12710913 0.87818786
v -0.10488355 0.12710913 0.87658949
v -0.08945706 0.13032876 0.87102895
v -0.10583174 0.13032876 0.87015260
v -0.08975600 0.13325996 0.86290606
v -0.10617681 0.13325996 0.86268690
v -0.08521232 0.13423702 0.82200624
v -0.08693700 0.13423702 0.83619192
v -0.10081682 0.13423702 0.82200624
v -0.10285042 0.13423702 0.83619192
v -0.08370026 0.13423702 0.80880396
v -0.09903394 0.13423702 0.80880391
v -0.08259136 0.13423702 0.79738685
v -0.09772641 0.13423702 0.79738685
v -0.08168277 0.13423702 0.78684759
v -0.09665508 0.13423702 0.78684754
v -0.08077162 0.13423702 0.77627861
v -0.09558072 0.13423702 0.77627861
v -0.07969111 0.13423702 0.76374532
v -0.09430670 0.13423702 0.76374532
v -0.07827448 0.13423702 0.74731304
v -0.09263632 0.13423702 0.74731304
v -0.07696984 0.13468066 0.72895638
v -0.09108557 0.13468066 0.72895638
v -0.07622532 0.13601157 0.71065021
v -0.09017044 0.13601157 0.71065021
v -0.07580482 0.13761816 0.69409949
v -0.08962967 0.13761816 0.69409949
v -0.07415648 0.14391599 0.62922074
v -0.07461146 0.14217763 0.64712896
v -0.08750980 0.14391599 0.62922079
v -0.08809493 0.14217765 0.64712896
v -0.07562849 0.14636887 0.60670615
v -0.08924245 0.14636887 0.60670620
v -0.08108966 0.14973452 0.58029726
v -0.09578448 0.14973452 0.58029726
v -0.08671291 0.15288051 0.55376683
v -0.10252874 0.15288051 0.55376683
v -0.08867123 0.15467442 0.53088775
v -0.10486810 0.15467442 0.53088775
v -0.08879457 0.15577002 0.51025408
v -0.10500229 0.15577002 0.51025408
v -0.08891291 0.15682103 0.49045987
v -0.10513102 0.15682103 0.49045987
v -0.08832272 0.15790255 0.46813547
v -0.10443047 0.15790255 0.46813547
v -0.08632052 0.15908961 0.43991128
v -0.10207686 0.15908960 0.43991128
v -0.08342406 0.16041563 0.40657006
v -0.09867564 0.16041563 0.40657006
v -0.08015105 0.16191403 0.36889441
v -0.09483224 0.16191403 0.36889441
v -0.07746242 0.16372049 0.33054599
v -0.09167110 0.16372049 0.33054601
v -0.07631907 0.16597063 0.29518644
v -0.09031664 0.16597063 0.29518644
v -0.07740495 0.16745518 0.26228181
v -0.09159175 0.16745518 0.26228181
v -0.08140400 0.16696481 0.23129811
v -0.09631934 0.16696482 0.23129811
v -0.08583548 0.16632758 0.20341318
v -0.10155945 0.16632760 0.20341318
v -0.08821865 0.16737156 0.17980478
v -0.10437207 0.16737156 0.17980478
v -0.08956423 0.16923749 0.15854704
v -0.10595513 0.16923749 0.15854706
v -0.09088294 0.17106612 0.13771408
v -0.10750654 0.17106612 0.13771408
v -0.09078732 0.17242362 0.11602237
v -0.10739089 0.17242361 0.11585429
v -0.08788999 0.17287611 0.09218838
v -0.10397265 0.17287611 0.09151605
v -0.08364523 0.17287611 0.06759281
v -0.09896616 0.17287611 0.06625652
v -0.07950731 0.17287611 0.04361636
v -0.09408569 0.17287611 0.04163282
v -0.07644393 0.16847606 0.02586619
v -0.09047259 0.16848275 0.02340349
v -0.07542280 0.15527591 0.01994946
v -0.08926822 0.15530263 0.01732705
v -0.07542280 0.09996008 0.01994946
v -0.08926822 0.10000015 0.01732705
v -0.07542280 -0.03078706 0.01994946
v -0.08926822 -0.03076035 0.01732705
v -0.07379404 -0.15492507 0.02586619
v -0.08733626 -0.15451286 0.02340349
v -0.06890773 -0.19041349 0.04361636
v -0.08154034 -0.18879137 0.04163282
v -0.06428142 -0.18378619 0.06759281
v -0.07604772 -0.18094749 0.06625652
v -0.06343261 -0.18157710 0.09218838
v -0.07502561 -0.17833287 0.09151605
v -0.06612629 -0.18157710 0.11602237
v -0.07820281 -0.17833287 0.11585429
v -0.07212745 -0.18157710 0.13771408
v -0.08530811 -0.17833287 0.13771408
v -0.08017617 -0.18157710 0.15661247
v -0.09484367 -0.17833287 0.15625734
v -0.08901255 -0.18157710 0.17206647
v -0.10531170 -0.17833287 0.17064595
v -0.09314842 -0.18500097 0.19180570
v -0.11021483 -0.18184466 0.18967493
v -0.08709557 -0.19527265 0.22355981
v -0.10305572 -0.19238001 0.22213930
v -0.07882784 -0.20774435 0.26034725
v -0.09327584 -0.20478067 0.25999209
v -0.07631907 -0.21776829 0.29518644
v -0.09031664 -0.21388840 0.29518644
v -0.07746242 -0.22128860 0.33130871
v -0.09167110 -0.21668019 0.33144873
v -0.08015105 -0.21424928 0.37194522
v -0.09483225 -0.21013312 0.37250523
v -0.08156899 -0.20377559 0.41147455
v -0.09648002 -0.20062943 0.41237485
v -0.07890023 -0.19699280 0.44427523
v -0.09329442 -0.19455148 0.44507631
v -0.07690687 -0.19234678 0.47179682
v -0.09091902 -0.19046930 0.47246900
v -0.08035102 -0.18828344 0.49548903
v -0.09499742 -0.18695298 0.49641223
v -0.08650480 -0.18608713 0.51509166
v -0.10185131 -0.18582470 0.51620146
v -0.09264037 -0.18704215 0.53034448
v -0.10780240 -0.18890668 0.53113196
v -0.09374258 -0.19127782 0.54724530
v -0.10840889 -0.19450944 0.54755279
v -0.08479630 -0.19892347 0.57179190
v -0.09922892 -0.20094354 0.57181311
v -0.07406178 -0.20936573 0.59616814
v -0.08743854 -0.21000908 0.59619089
v -0.06979930 -0.22199122 0.61255760
v -0.08021378 -0.22350607 0.61296441
v -0.06881874 -0.23515957 0.62501885
v -0.07652571 -0.23707011 0.62630127
v -0.06309665 -0.26197120 0.68661701
v -0.06468847 -0.26419624 0.67374034
v -0.07374497 -0.25634136 0.68990108
v -0.07449695 -0.25686900 0.67265573
v -0.06302146 -0.25804632 0.70384021
v -0.07418834 -0.25465053 0.71014238
v -0.06629354 -0.25467911 0.72884461
v -0.07725519 -0.25242106 0.72972032
v -0.06882171 -0.25378478 0.75456415
v -0.08021837 -0.25286927 0.75366385
v -0.06366546 -0.25727838 0.77073514
v -0.08048140 -0.25921139 0.76678712
v -0.06212678 -0.25808468 0.78869236
v -0.07942301 -0.26108655 0.78782905
v -0.06359774 -0.25035934 0.80141917
v -0.07911349 -0.25081472 0.80266305
v -0.07105976 -0.23749918 0.81075089
v -0.08087753 -0.23596436 0.81083857
v -0.07552621 -0.22413187 0.83214980
v -0.08561431 -0.22093548 0.83293753
v -0.08014011 -0.20988294 0.85855317
v -0.09220380 -0.20595552 0.85667220
v -0.08945706 -0.16413551 0.91361467
v -0.08888093 -0.17875068 0.90703220
v -0.10583175 -0.16646896 0.90873811
v -0.10480761 -0.17601870 0.90227453
v -0.08856729 -0.15260048 0.91332680
v -0.10486387 -0.16035775 0.90894622
v -0.08786704 -0.14621371 0.91365161
v -0.10426225 -0.15661002 0.91010258
v -0.10369459 -0.15318789 0.91322812
v -0.10780967 -0.15674761 0.91187052
v -0.08731657 -0.13892885 0.91399803
v -0.10325976 -0.14686208 0.91457676
v -0.11110035 -0.09578705 0.93334316
v -0.11103684 -0.01145490 0.94172355
v -0.11036871 0.07084048 0.95241785
v -0.10836435 0.09718561 0.96336407
v -0.10635997 0.09829134 0.97183826
v -0.10569185 0.10486848 0.97511595
v -0.10635997 0.11226063 0.97285750
v -0.11043224 0.11723311 0.95465777
v -0.10836435 0.11581135 0.96472316
v -0.11353103 0.12526681 0.88448684
v -0.11315182 0.12407702 0.89500250
v -0.11411824 0.12710914 0.87568037
v -0.11514441 0.13032876 0.86965413
v -0.11551573 0.13325996 0.86256233
v -0.10969149 0.13423702 0.82200624
v -0.11190078 0.13423702 0.83619192
v -0.10775458 0.13423702 0.80880396
v -0.10633410 0.13423702 0.79738685
v -0.10517021 0.13423702 0.78684759
v -0.10400304 0.13423702 0.77627861
v -0.10261895 0.13423702 0.76374532
v -0.10080426 0.13423702 0.74731304
v -0.09911355 0.13468066 0.72895638
v -0.09810139 0.13601157 0.71065021
v -0.09749221 0.13761816 0.69409949
v -0.09510415 0.14391599 0.62922074
v -0.09576332 0.14217763 0.64712896
v -0.09698504 0.14636887 0.60670615
v -0.10414178 0.14973452 0.58029726
v -0.11152359 0.15288051 0.55376683
v -0.11407966 0.15467442 0.53088775
v -0.11422000 0.15577002 0.51025408
v -0.11435465 0.15682105 0.49045987
v -0.11359136 0.15790255 0.46813547
v -0.11103789 0.15908961 0.43991128
v -0.10734960 0.16041563 0.40657006
v -0.10318180 0.16191403 0.36889441
v -0.09975194 0.16372049 0.33054599
v -0.09827739 0.16597063 0.29518644
v -0.09966012 0.16745518 0.26228181
v -0.10480207 0.16696482 0.23129811
v -0.11050205 0.16632758 0.20341318
v -0.11355892 0.16737156 0.17980478
v -0.11527704 0.16923749 0.15854704
v -0.11696081 0.17106612 0.13771408
v -0.11683373 0.17242362 0.11575869
v -0.11311927 0.17287611 0.09113369
v -0.10767956 0.17287611 0.06549655
v -0.10237678 0.17287611 0.04050475
v -0.09845103 0.16848654 0.02200290
v -0.09714245 0.15531782 0.01583562
v -0.09714245 0.10002294 0.01583562
v -0.09714245 -0.03074516 0.01583562
v -0.09503804 -0.15427842 0.02200290
v -0.08872482 -0.18786881 0.04050475
v -0.08273951 -0.17933304 0.06549655
v -0.08161883 -0.17648780 0.09113369
v -0.08507102 -0.17648780 0.11575869
v -0.09280428 -0.17648780 0.13771408
v -0.10318545 -0.17648780 0.15605537
v -0.11458143 -0.17648780 0.16983807
v -0.11992092 -0.18012087 0.18846310
v -0.11213265 -0.19102005 0.22133140
v -0.10149277 -0.20359339 0.25979016
v -0.09827739 -0.21224890 0.29518644
v -0.09975194 -0.21460441 0.33152834
v -0.10318180 -0.20827775 0.37282372
v -0.10496031 -0.19921612 0.41288687
v -0.10148075 -0.19336672 0.44553191
v -0.09888807 -0.18945245 0.47285127
v -0.10332718 -0.18619631 0.49693734
v -0.11167207 -0.18619462 0.51737196
v -0.12079667 -0.19204375 0.53373693
v -0.12327369 -0.19943409 0.55102644
v -0.11167580 -0.20405609 0.57423462
v -0.09686555 -0.21065400 0.59702746
v -0.08970549 -0.22397203 0.61307095
v -0.08762413 -0.23769275 0.62590864
v -0.08875977 -0.25205811 0.69758141
v -0.08964976 -0.25308754 0.67792814
v -0.08826496 -0.25031496 0.71917070
v -0.08924065 -0.24906398 0.73910989
v -0.09130419 -0.24922330 0.75744783
v -0.09693390 -0.25171112 0.77111487
v -0.09877253 -0.25154978 0.78867050
v -0.09495459 -0.24468771 0.80065230
v -0.09054265 -0.23282560 0.80921899
v -0.09439244 -0.21859026 0.82929032
v -0.10134215 -0.20293003 0.85416034
v -0.11514443 -0.16622991 0.90644112
v -0.11416897 -0.17346494 0.90001399
v -0.11411824 -0.16269285 0.90715507
v -0.11353103 -0.16045840 0.90986838
v -0.11315182 -0.15845934 0.91296524
v -0.01377110 -0.25397823 0.62862459
v -0.02854646 -0.25331051 0.63042893
v -0.01330684 -0.26861608 0.63299526
v -0.02765711 -0.26679787 0.63267214
v -0.04411052 -0.26466334 0.63524943
v -0.04534663 -0.25111350 0.63342682
v -0.05989874 -0.24866187 0.63731809
v -0.05858978 -0.26155109 0.63954079
v -0.06701765 -0.25679980 0.64998018
v -0.06792999 -0.24723044 0.63761044
v -0.07534538 -0.24633681 0.64036945
v -0.07529984 -0.25221384 0.65301033
v -0.08934208 -0.24959762 0.65193403
v -0.08804996 -0.24549869 0.63908374
v -0.10312971 -0.24294787 0.63844039
v -0.10562131 -0.24605800 0.65137606
v -0.12061444 -0.23870199 0.65596092
v -0.11767061 -0.23691619 0.64312656
v -0.13187422 -0.22807632 0.64908739
v -0.13478737 -0.22929718 0.66211153
v -0.14860603 -0.21961124 0.66625055
v -0.14594213 -0.21710085 0.65226790
v -0.15860041 -0.20603040 0.65448288
v -0.16035413 -0.20954752 0.66881852
v -0.16831541 -0.19900941 0.67025593
v -0.16857518 -0.19690550 0.65754714
v -0.17650328 -0.18906635 0.66016381
v -0.17479835 -0.18926779 0.67091009
v -0.19486311 -0.14519301 0.67112815
v -0.19383092 -0.14271809 0.66103603
v -0.18863054 -0.16861930 0.66103603
v -0.18916340 -0.16917311 0.67112810
v -0.19766387 -0.09148611 0.66088552
v -0.19870392 -0.09537466 0.67100005
v -0.19917058 -0.00225994 0.66043405
v -0.19943637 0.08328153 0.65996844
v -0.20017920 -0.00543955 0.67061564
v -0.20040549 0.08148095 0.67021924
v -0.20049926 0.12225541 0.67005494
v -0.19954652 0.12345942 0.65977542
v -0.19832177 0.13658150 0.65973295
v -0.19926403 0.13553151 0.67001879
v -0.19458282 0.14095553 0.65971881
v -0.18875944 0.14095553 0.65971881
v -0.19550325 0.13995687 0.67000680
v -0.18964778 0.13995686 0.67000680
v -0.16585459 0.14095553 0.65971881
v -0.15686725 0.14095553 0.65971881
v -0.16661678 0.13995687 0.67000680
v -0.15757993 0.13995686 0.67000680
v -0.17327199 0.14095553 0.65971881
v -0.17407502 0.13995686 0.67000680
v -0.14414800 0.14095553 0.65971881
v -0.12964123 0.14095553 0.65971881
v -0.14479064 0.13995687 0.67000680
v -0.13020395 0.13995686 0.67000680
v -0.11529134 0.14095553 0.65971881
v -0.10338945 0.14095553 0.65971881
v -0.11577502 0.13995687 0.67000680
v -0.10380758 0.13995686 0.67000675
v -0.08850629 0.14095553 0.65971876
v -0.09622673 0.14095553 0.65971876
v -0.09660541 0.13995687 0.67000670
v -0.08884244 0.13995686 0.67000675
v -0.05902741 0.14095553 0.65971876
v -0.07493132 0.14095553 0.65971876
v -0.07519271 0.13995687 0.67000670
v -0.05920119 0.13995686 0.67000675
v -0.02996306 0.14095553 0.65971876
v -0.04432015 0.14095553 0.65971876
v -0.04441292 0.13995687 0.67000670
v -0.02999567 0.13995686 0.67000675
v -0.01510968 0.14095553 0.65971876
v -0.01511721 0.13995687 0.67000670
v -0.01331074 -0.28154381 0.67226101
v -0.02743768 -0.27654930 0.66771598
v -0.04321332 -0.27334679 0.66460334
v -0.05720155 -0.26947274 0.66269823
v -0.06596630 -0.26246374 0.66177577
v -0.07501613 -0.25560889 0.66206558
v -0.08985960 -0.25219729 0.66379728
v -0.10677336 -0.24857733 0.66670052
v -0.12203405 -0.24109735 0.67050487
v -0.13625494 -0.23133564 0.67459120
v -0.15004932 -0.22087049 0.67834058
v -0.16154559 -0.21002971 0.68102616
v -0.16887217 -0.19914107 0.68192138
v -0.17490347 -0.18929721 0.68192138
v -0.19596699 -0.14300261 0.68192138
v -0.19007724 -0.16862480 0.68192138
v -0.19981623 -0.09227749 0.68181717
v -0.20125789 -0.00400279 0.68150456
v -0.20144192 0.08076459 0.68118214
v -0.20151819 0.12096777 0.68104856
v -0.20027175 0.13440856 0.68101914
v -0.19648760 0.13888883 0.68100938
v -0.19059784 0.13888883 0.68100938
v -0.16743193 0.13888883 0.68100938
v -0.15834213 0.13888883 0.68100938
v -0.17493386 0.13888883 0.68100938
v -0.14547790 0.13888883 0.68100938
v -0.13080578 0.13888883 0.68100938
v -0.11629231 0.13888883 0.68100938
v -0.10425476 0.13888883 0.68100938
v -0.08920196 0.13888883 0.68100933
v -0.09701038 0.13888884 0.68100933
v -0.05938704 0.13888883 0.68100933
v -0.07547224 0.13888884 0.68100933
v -0.03003054 0.13888883 0.68100933
v -0.04451214 0.13888884 0.68100933
v -0.01512526 0.13888884 0.68100933
v -0.01720601 0.12027617 0.94719058
v -0.01714592 0.11914637 0.95868088
v -0.03423902 0.12027617 0.94384926
v -0.03411693 0.11914637 0.95506922
v -0.01727163 0.12153124 0.93442633
v -0.03437435 0.12153124 0.93138533
v -0.05116145 0.12153124 0.92839749
v -0.05096584 0.12027618 0.94056629
v -0.05078975 0.11914637 0.95152048
v -0.06824242 0.12027617 0.93717449
v -0.06801419 0.11914637 0.94785435
v -0.06849595 0.12153124 0.92531059
v -0.08724088 0.12153124 0.92197255
v -0.08692472 0.12027618 0.93350676
v -0.08664011 0.11914637 0.94388969
v -0.10287121 0.12027617 0.93037604
v -0.10253848 0.11914637 0.94050575
v -0.10324084 0.12153124 0.91912343
v -0.11234041 0.12153124 0.91750305
v -0.11194038 0.12027618 0.92859565
v -0.11158028 0.11914637 0.93858118
v -0.11964168 0.12027617 0.92910617
v -0.11919850 0.11914637 0.93913292
v -0.12013398 0.12153124 0.91796766
v -0.13221597 0.12153124 0.92137321
v -0.13148457 0.12027618 0.93284817
v -0.13082618 0.11914637 0.94317773
v -0.14547473 0.12027617 0.93823535
v -0.14453347 0.11914637 0.94900095
v -0.14652033 0.12153124 0.92627616
v -0.16098107 0.12153124 0.93123268
v -0.15961781 0.12027618 0.94368148
v -0.15839062 0.11914637 0.95488779
v -0.17195001 0.12027617 0.94760461
v -0.17046659 0.11914637 0.95912847
v -0.17359791 0.12153124 0.93480312
v -0.18237057 0.12153124 0.93554784
v -0.18050748 0.12027618 0.94842292
v -0.17883035 0.11914637 0.96001299
v -0.18745482 0.12027617 0.94765819
v -0.18560848 0.11914637 0.95918632
v -0.18950587 0.12153124 0.93485191
v -0.22432039 0.12153124 0.93285226
v -0.21902343 0.12027618 0.94546107
v -0.20486288 0.12027617 0.94606141
v -0.20798284 0.12153124 0.93339872
v -0.21206461 0.11914637 0.95681147
v -0.20150667 0.11914637 0.95746040
v -0.23123922 0.11768632 0.94493353
v -0.22072515 0.11666079 0.95624111
v -0.23866058 0.11882556 0.93237211
v -0.23531117 0.07759315 0.94252353
v -0.23531117 0.10991680 0.94438109
v -0.24344063 0.11070854 0.93186936
v -0.24344063 0.07727211 0.92925901
v -0.22361197 0.10920407 0.95564406
v -0.22361199 0.07788213 0.95446430
v -0.24344063 -0.00139175 0.92245588
v -0.23531117 0.00134095 0.93808071
v -0.22361197 0.00380090 0.95214611
v -0.23414132 -0.07952070 0.93446058
v -0.22247059 -0.07568128 0.95045235
v -0.24223914 -0.08378583 0.91669590
v -0.22361500 -0.14593598 0.93760604
v -0.23063172 -0.12567271 0.93507137
v -0.23863462 -0.12841284 0.91721508
v -0.22962246 -0.14478250 0.92055541
v -0.21904650 -0.12320607 0.95114548
v -0.21278531 -0.14653198 0.95295774
v -0.17170515 -0.13569716 0.93773340
v -0.18446124 -0.13787081 0.93883151
v -0.18687097 -0.12739951 0.92084218
v -0.17287304 -0.12342558 0.91956743
v -0.19804370 -0.14364709 0.94050635
v -0.20246928 -0.13691797 0.92384784
v -0.18170215 -0.15060753 0.96243713
v -0.19210071 -0.15204773 0.96161823
v -0.17087621 -0.15014428 0.96168893
v -0.14826058 -0.14884030 0.94268882
v -0.16030429 -0.14102065 0.94021240
v -0.16201077 -0.13126008 0.92534842
v -0.15069915 -0.14329638 0.93197162
v -0.15856224 -0.15170524 0.95944800
v -0.14522995 -0.15406105 0.95561827
v -0.12016452 -0.15391618 0.93591915
v -0.13357596 -0.15415510 0.94158315
v -0.13535307 -0.15192784 0.93322357
v -0.11951611 -0.15458804 0.92959518
v -0.13134903 -0.15325369 0.94905960
v -0.12150466 -0.15176592 0.94153655
v -0.10287121 -0.13348960 0.91498969
v -0.11194038 -0.14507468 0.92472061
v -0.11234041 -0.15324664 0.92157764
v -0.11158028 -0.13570913 0.92727549
v -0.10253848 -0.11814241 0.91494419
v -0.06824242 -0.11959488 0.91669650
v -0.08692472 -0.12501993 0.91372858
v -0.08664011 -0.10939637 0.91321039
v -0.06801419 -0.10595574 0.91670566
v -0.03423754 -0.11624946 0.92266061
v -0.05096584 -0.11714356 0.91965266
v -0.05078975 -0.10430526 0.92006102
v -0.03411472 -0.10364635 0.92329540
v -0.01720013 -0.11549597 0.92578386
v -0.01713709 -0.10318040 0.92642741
v -0.01734178 0.12281502 0.92137003
v -0.03451354 0.12281502 0.91863631
v -0.05136155 0.12281500 0.91595039
v -0.06875529 0.12281500 0.91317534
v -0.08756427 0.12281500 0.91017457
v -0.10361890 0.12281502 0.90761331
v -0.11274957 0.12281502 0.90615664
v -0.12063755 0.12281502 0.90657425
v -0.13296409 0.12281502 0.90963577
v -0.14758986 0.12281502 0.91404333
v -0.16237553 0.12281502 0.91849909
v -0.17528352 0.12281502 0.92170888
v -0.18427626 0.12281502 0.92237822
v -0.19160382 0.12281502 0.92175259
v -0.22492735 0.12281502 0.91995497
v -0.20997138 0.12281502 0.92044617
v -0.23783212 0.11999086 0.91952342
v -0.24213372 0.07694374 0.91569089
v -0.24213372 0.11151839 0.91907145
v -0.24213372 -0.00418696 0.90647358
v -0.24089984 -0.08814848 0.89852485
v -0.22979380 -0.14641432 0.90312171
v -0.23719821 -0.13121564 0.89895033
v -0.17511511 -0.12503626 0.90796451
v -0.18853587 -0.12982023 0.90714790
v -0.20281709 -0.13900027 0.90801828
v -0.15037575 -0.14066724 0.92189458
v -0.16306201 -0.13045432 0.91463351
v -0.12116041 -0.15663122 0.92293245
v -0.13505550 -0.15026784 0.92448730
v -0.11274957 -0.15617779 0.91775059
v -0.01709231 0.11823840 0.96791522
v -0.03401749 0.11823840 0.96408618
v -0.05064823 0.11823840 0.96032406
v -0.06783077 0.11823840 0.95643727
v -0.08641138 0.11823840 0.95223403
v -0.10227108 0.11823840 0.94864646
v -0.11129089 0.11823840 0.94660618
v -0.11884235 0.11823840 0.94719108
v -0.13029705 0.11823840 0.95147926
v -0.14377704 0.11823840 0.95765278
v -0.15740438 0.11823840 0.96389390
v -0.16927441 0.11823840 0.96838969
v -0.17748248 0.11823840 0.96932739
v -0.18412465 0.11823840 0.96845113
v -0.20647207 0.11823840 0.96593329
v -0.19880942 0.11823840 0.96662125
v -0.21227539 0.11583662 0.96532867
v -0.21420980 0.07811438 0.96406049
v -0.21420980 0.10863129 0.96469558
v -0.21420980 0.00577786 0.96344990
v -0.21309133 -0.07259570 0.96330412
v -0.20408189 -0.14333245 0.96529542
v -0.20973594 -0.12122373 0.96406358
v -0.16965110 -0.14902043 0.96858665
v -0.17898919 -0.14894340 0.96896772
v -0.18720068 -0.14894030 0.96781326
v -0.14377704 -0.14968092 0.96028104
v -0.15740438 -0.14924330 0.96522611
v -0.11884235 -0.14378393 0.94607993
v -0.13029705 -0.15040222 0.95367936
v -0.10227107 -0.10589251 0.91491710
v -0.11129088 -0.12824252 0.92933847
v -0.06783077 -0.09516755 0.91673892
v -0.08641138 -0.09696758 0.91281070
v -0.03401602 -0.09372717 0.92358476
v -0.05064823 -0.09419221 0.92042108
v -0.01708643 -0.09345808 0.92595722
v -0.19141599 -0.12337910 0.97407918
v -0.18986547 -0.02818125 0.97564250
v -0.18976736 0.06665897 0.97735080
v -0.18947304 0.09718594 0.98529794
v -0.18917871 0.09829191 0.99376764
v -0.18908061 0.10486916 0.99704394
v -0.18917871 0.11226123 0.99478699
v -0.19012523 0.11723319 0.97633584
v -0.18947304 0.11581169 0.98665713
v -0.19292761 0.11914637 0.95829374
v -0.19129695 0.11823840 0.96750477
v -0.19721064 0.12153124 0.93410032
v -0.19495665 0.12027618 0.94683241
v -0.20178269 0.12407702 0.90827439
v -0.19951620 0.12281502 0.92107698
v -0.20722817 0.12710914 0.88499138
v -0.20391947 0.12526681 0.89620447
v -0.21301032 0.13032876 0.87475941
v -0.21721844 0.13325996 0.86383868
v -0.20382838 0.13423702 0.80880396
v -0.20746219 0.13423702 0.82200624
v -0.21160699 0.13423702 0.83619192
v -0.19897990 0.13423702 0.78684759
v -0.20116346 0.13423702 0.79738685
v -0.19419353 0.13423702 0.76374532
v -0.19679021 0.13423702 0.77627861
v -0.19078906 0.13423702 0.74731304
v -0.18755642 0.13468065 0.72895638
v -0.18411245 0.13761816 0.69409954
v -0.18547533 0.13601156 0.71065021
v -0.18212853 0.13995687 0.67000680
v -0.18303453 0.13888883 0.68100938
v -0.18024467 0.14217763 0.64712901
v -0.18128137 0.14095553 0.65971881
v -0.17877002 0.14391599 0.62922074
v -0.18228394 0.14636887 0.60670615
v -0.19621289 0.14973452 0.58029726
v -0.21061842 0.15288051 0.55376683
v -0.21556189 0.15467442 0.53088775
v -0.21577015 0.15577002 0.51025408
v -0.21596995 0.15682105 0.49045987
v -0.21451522 0.15790256 0.46813547
v -0.20975994 0.15908963 0.43991128
v -0.20290903 0.16041563 0.40657006
v -0.19516751 0.16191406 0.36889441
v -0.18877714 0.16372049 0.33054599
v -0.18597980 0.16597061 0.29518644
v -0.18854812 0.16745515 0.26228181
v -0.19825484 0.16696480 0.23129811
v -0.20902129 0.16632758 0.20341318
v -0.21476881 0.16737156 0.17980478
v -0.21797486 0.16923749 0.15854704
v -0.22111685 0.17106612 0.13771408
v -0.22112273 0.17242362 0.11544588
v -0.21492046 0.17287611 0.08988245
v -0.20572980 0.17287611 0.06300960
v -0.19677046 0.17287611 0.03681320
v -0.19013773 0.16849468 0.01741955
v -0.18792680 0.10007181 0.01095500
v -0.18792680 0.15535040 0.01095500
v -0.18792680 -0.03071258 0.01095500
v -0.18972325 -0.15884761 0.01753590
v -0.20303891 -0.21149410 0.06459267
v -0.19511257 -0.20617812 0.03727859
v -0.21244643 -0.21358559 0.09388769
v -0.21921142 -0.21369298 0.12227561
v -0.21654671 -0.21051957 0.17066973
v -0.21921018 -0.21305678 0.14686831
v -0.21121875 -0.19631781 0.22171362
v -0.21532501 -0.20492393 0.19668373
v -0.19990155 -0.18474907 0.24256270
v -0.18895980 -0.17313154 0.26509797
v -0.18597980 -0.16437902 0.29518644
v -0.18974645 -0.16113819 0.33078771
v -0.20821582 -0.18027240 0.40623748
v -0.19904474 -0.16605583 0.36986123
v -0.21160097 -0.20492844 0.43374692
v -0.21192118 -0.22565880 0.45811325
v -0.21289803 -0.21456575 0.51355562
v -0.21189753 -0.22809827 0.48506029
v -0.21629070 -0.18738015 0.54256669
v -0.21519302 -0.16330008 0.56908278
v -0.20272239 -0.15908422 0.59009320
v -0.18910741 -0.16555151 0.60915429
v -0.18457663 -0.17352085 0.62982257
v -0.18419353 -0.17996409 0.64836184
v -0.18211143 -0.18159353 0.67112815
v -0.18302154 -0.18185317 0.66103603
v -0.18373406 -0.18168972 0.69476245
v -0.18251394 -0.18159074 0.68192138
v -0.18527671 -0.18173547 0.71099812
v -0.18724016 -0.18117382 0.72905038
v -0.18972263 -0.17945069 0.74734097
v -0.19232730 -0.17752674 0.76380934
v -0.19465735 -0.17636273 0.77639486
v -0.19684706 -0.17547836 0.78702384
v -0.19903060 -0.17439338 0.79762254
v -0.20965842 -0.15335167 0.87696648
v -0.21344021 -0.15005941 0.89053709
v -0.21745157 -0.14677042 0.90641025
v -0.21813268 -0.14571701 0.92325935
v -0.21192364 -0.14913147 0.93975775
v -0.20312860 -0.15069720 0.95719623
v -0.19537232 -0.14694652 0.96656718
v -0.01761878 0.13423702 0.85055953
v -0.03504289 0.13423702 0.85055953
v -0.05209396 0.13423702 0.85055953
v -0.06967367 0.13423702 0.85055953
v -0.08868377 0.13423702 0.85055953
v -0.10491006 0.13423702 0.85055953
v -0.11413835 0.13423702 0.85055953
v -0.12270001 0.13423702 0.85055953
v -0.13692644 0.13423702 0.85055953
v -0.15407899 0.13423702 0.85055953
v -0.17141904 0.13423702 0.85055953
v -0.18662247 0.13423702 0.85055953
v -0.19736512 0.13423702 0.85055953
v -0.20623118 0.13423702 0.85055953
v -0.21580488 0.13423702 0.85055953
v -0.22248463 0.13265200 0.85274658
v -0.22733899 0.13190857 0.85445458
v -0.15311870 -0.16949491 0.86662487
v -0.16971000 -0.16221019 0.86688217
v -0.11868808 -0.18289156 0.87726918
v -0.13479431 -0.17675707 0.87142217
v -0.09943326 -0.19008211 0.88235186
v -0.10875127 -0.18679329 0.88016103
v -0.06849190 -0.19878235 0.88967238
v -0.08518347 -0.19437785 0.88609616
v -0.03498155 -0.20480656 0.89198400
v -0.05184860 -0.20239748 0.89135897
v -0.01761878 -0.20559287 0.89237513
f 1 2 3
f 4 5 6
f 4 6 7
f 6 8 9
f 6 9 7
f 9 10 11
f 9 11 7
f 11 12 4
f 11 4 7
f 13 14 15
f 13 15 16
f 15 17 18
f 15 18 16
f 19 20 21
f 19 21 22
f 21 23 24
f 21 24 22
f 25 26 27
f 25 27 28
f 27 29 30
f 27 30 28
f 31 32 33
f 31 33 34
f 33 35 36
f 33 36 34
f 37 38 39
f 37 39 40
f 39 41 42
f 39 42 40
f 43 44 45
f 43 45 46
f 45 47 48
f 45 48 46
f 48 49 50
f 48 50 46
f 50 51 43
f 50 43 46
f 52 53 54
f 52 54 55
f 54 56 57
f 54 57 55
f 58 59 60
f 58 60 61
f 60 62 63
f 60 63 61
f 64 65 66
f 64 66 67
f 66 68 69
f 66 69 67
f 69 70 71
f 69 71 67
f 71 72 64
f 71 64 67
f 73 74 75
f 73 75 76
f 75 77 78
f 75 78 76
f 79 80 81
f 79 81 82
f 81 83 84
f 81 84 82
f 85 86 87
f 85 87 88
f 87 89 90
f 87 90 88
f 91 92 93
f 91 93 94
f 93 95 96
f 93 96 94
f 97 98 99
f 97 99 100
f 99 101 102
f 99 102 100
f 102 103 104
f 102 104 100
f 104 105 97
f 104 97 100
f 106 107 108
f 106 108 109
f 108 110 111
f 108 111 109
f 112 113 114
f 112 114 115
f 114 116 117
f 114 117 115
f 118 119 120
f 118 120 121
f 120 122 123
f 120 123 121
f 123 124 125
f 123 125 121
f 125 126 118
f 125 118 121
f 127 128 129
f 127 129 130
f 129 131 132
f 129 132 130
f 133 134 135
f 133 135 136
f 135 107 106
f 135 106 136
f 137 138 139
f 137 139 140
f 139 98 97
f 139 97 140
f 97 105 141
f 97 141 140
f 141 142 137
f 141 137 140
f 96 95 143
f 96 143 144
f 143 145 146
f 143 146 144
f 147 148 149
f 147 149 150
f 149 134 133
f 149 133 150
f 151 152 153
f 151 153 154
f 153 138 137
f 153 137 154
f 137 142 155
f 137 155 154
f 155 156 151
f 155 151 154
f 146 145 157
f 146 157 158
f 157 159 160
f 157 160 158
f 161 162 163
f 161 163 164
f 163 128 127
f 163 127 164
f 165 166 167
f 165 167 168
f 167 119 118
f 167 118 168
f 118 126 169
f 118 169 168
f 169 170 165
f 169 165 168
f 117 116 171
f 117 171 172
f 171 173 174
f 171 174 172
f 175 176 177
f 175 177 178
f 177 179 180
f 177 180 178
f 180 181 182
f 180 182 178
f 182 183 175
f 182 175 178
f 184 185 186
f 184 186 187
f 186 188 189
f 186 189 187
f 189 190 191
f 189 191 187
f 191 192 184
f 191 184 187
f 193 194 195
f 193 195 196
f 195 197 198
f 195 198 196
f 198 199 200
f 198 200 196
f 200 201 193
f 200 193 196
f 202 203 204
f 202 204 205
f 204 206 207
f 204 207 205
f 207 208 209
f 207 209 205
f 209 210 202
f 209 202 205
f 211 210 209
f 211 209 212
f 209 208 213
f 209 213 212
f 213 214 215
f 213 215 212
f 215 216 211
f 215 211 212
f 217 216 215
f 217 215 218
f 215 214 219
f 215 219 218
f 219 220 221
f 219 221 218
f 221 222 217
f 221 217 218
f 223 224 225
f 223 225 226
f 225 227 228
f 225 228 226
f 228 229 230
f 228 230 226
f 230 231 223
f 230 223 226
f 232 233 234
f 232 234 235
f 234 236 237
f 234 237 235
f 237 238 239
f 237 239 235
f 239 240 232
f 239 232 235
f 241 240 239
f 241 239 242
f 239 238 243
f 239 243 242
f 243 244 245
f 243 245 242
f 245 246 241
f 245 241 242
f 247 248 249
f 247 249 250
f 249 251 252
f 249 252 250
f 252 253 254
f 252 254 250
f 254 255 247
f 254 247 250
f 256 257 258
f 256 258 259
f 258 260 261
f 258 261 259
f 261 262 263
f 261 263 259
f 263 264 256
f 263 256 259
f 265 266 267
f 265 267 268
f 267 269 270
f 267 270 268
f 270 271 272
f 270 272 268
f 272 273 265
f 272 265 268
f 274 275 276
f 274 276 277
f 276 278 279
f 276 279 277
f 279 280 281
f 279 281 277
f 281 282 274
f 281 274 277
f 283 282 281
f 283 281 284
f 281 280 285
f 281 285 284
f 285 286 287
f 285 287 284
f 287 288 283
f 287 283 284
f 289 290 291
f 289 291 292
f 291 293 294
f 291 294 292
f 294 295 296
f 294 296 292
f 296 297 289
f 296 289 292
f 298 299 300
f 298 300 301
f 300 302 303
f 300 303 301
f 303 304 305
f 303 305 301
f 305 306 298
f 305 298 301
f 307 306 305
f 307 305 308
f 305 304 309
f 305 309 308
f 309 310 311
f 309 311 308
f 311 312 307
f 311 307 308
f 313 312 311
f 313 311 314
f 311 310 315
f 311 315 314
f 315 316 317
f 315 317 314
f 317 318 313
f 317 313 314
f 319 320 321
f 319 321 322
f 321 323 324
f 321 324 322
f 324 325 326
f 324 326 322
f 326 327 319
f 326 319 322
f 328 329 330
f 328 330 331
f 330 332 333
f 330 333 331
f 333 334 335
f 333 335 331
f 335 336 328
f 335 328 331
f 337 338 339
f 337 339 340
f 339 341 342
f 339 342 340
f 342 343 344
f 342 344 340
f 344 345 337
f 344 337 340
f 346 347 348
f 346 348 349
f 348 350 351
f 348 351 349
f 351 352 353
f 351 353 349
f 353 354 346
f 353 346 349
f 355 356 357
f 355 357 358
f 357 359 360
f 357 360 358
f 360 361 362
f 360 362 358
f 362 363 355
f 362 355 358
f 364 365 366
f 364 366 367
f 366 368 369
f 366 369 367
f 369 370 371
f 369 371 367
f 371 372 364
f 371 364 367
f 373 372 371
f 373 371 374
f 371 370 375
f 371 375 374
f 375 376 377
f 375 377 374
f 377 378 373
f 377 373 374
f 379 378 377
f 379 377 380
f 377 376 381
f 377 381 380
f 381 382 383
f 381 383 380
f 383 384 379
f 383 379 380
f 385 386 387
f 385 387 388
f 387 389 390
f 387 390 388
f 390 391 392
f 390 392 388
f 392 393 385
f 392 385 388
f 394 395 396
f 394 396 397
f 396 398 399
f 396 399 397
f 399 400 401
f 399 401 397
f 401 402 394
f 401 394 397
f 403 402 401
f 403 401 404
f 401 400 405
f 401 405 404
f 405 406 407
f 405 407 404
f 407 408 403
f 407 403 404
f 409 410 411
f 409 411 412
f 411 413 414
f 411 414 412
f 414 415 416
f 414 416 412
f 416 417 409
f 416 409 412
f 418 419 420
f 418 420 421
f 420 422 423
f 420 423 421
f 423 424 425
f 423 425 421
f 425 426 418
f 425 418 421
f 427 428 429
f 427 429 430
f 429 431 432
f 429 432 430
f 432 433 434
f 432 434 430
f 434 435 427
f 434 427 430
f 436 437 438
f 436 438 439
f 438 440 441
f 438 441 439
f 441 442 443
f 441 443 439
f 443 444 436
f 443 436 439
f 445 444 443
f 445 443 446
f 443 442 447
f 443 447 446
f 447 448 449
f 447 449 446
f 449 450 445
f 449 445 446
f 451 452 453
f 451 453 454
f 453 455 456
f 453 456 454
f 456 457 458
f 456 458 454
f 458 459 451
f 458 451 454
f 460 461 462
f 460 462 463
f 462 464 465
f 462 465 463
f 465 466 467
f 465 467 463
f 467 468 460
f 467 460 463
f 469 468 467
f 469 467 470
f 467 466 471
f 467 471 470
f 471 472 473
f 471 473 470
f 473 474 469
f 473 469 470
f 475 474 473
f 475 473 476
f 473 472 477
f 473 477 476
f 477 478 479
f 477 479 476
f 479 480 475
f 479 475 476
f 481 482 483
f 481 483 484
f 483 485 486
f 483 486 484
f 486 487 488
f 486 488 484
f 488 489 481
f 488 481 484
f 490 491 492
f 490 492 493
f 492 162 161
f 492 161 493
f 276 275 494
f 276 494 495
f 494 496 497
f 494 497 495
f 497 498 499
f 497 499 495
f 499 278 276
f 499 276 495
f 438 437 500
f 438 500 501
f 500 502 503
f 500 503 501
f 503 504 505
f 503 505 501
f 505 440 438
f 505 438 501
f 506 507 508
f 506 508 509
f 508 166 165
f 508 165 509
f 165 170 510
f 165 510 509
f 510 511 506
f 510 506 509
f 512 408 407
f 512 407 513
f 407 406 514
f 407 514 513
f 514 515 516
f 514 516 513
f 516 517 512
f 516 512 513
f 518 246 245
f 518 245 519
f 245 244 520
f 245 520 519
f 520 521 522
f 520 522 519
f 522 523 518
f 522 518 519
f 174 173 524
f 174 524 525
f 524 526 527
f 524 527 525
f 528 529 530
f 528 530 531
f 530 26 25
f 530 25 531
f 258 257 532
f 258 532 533
f 532 534 535
f 532 535 533
f 535 536 537
f 535 537 533
f 537 260 258
f 537 258 533
f 420 419 538
f 420 538 539
f 538 540 541
f 538 541 539
f 541 542 543
f 541 543 539
f 543 422 420
f 543 420 539
f 6 5 544
f 6 544 545
f 544 546 547
f 544 547 545
f 547 548 549
f 547 549 545
f 549 8 6
f 549 6 545
f 508 507 550
f 508 550 551
f 550 552 553
f 550 553 551
f 553 554 555
f 553 555 551
f 555 166 508
f 555 508 551
f 167 166 555
f 167 555 556
f 555 554 557
f 555 557 556
f 557 558 559
f 557 559 556
f 559 119 167
f 559 167 556
f 120 119 559
f 120 559 560
f 559 558 561
f 559 561 560
f 561 562 563
f 561 563 560
f 563 122 120
f 563 120 560
f 45 44 564
f 45 564 565
f 564 566 567
f 564 567 565
f 567 568 569
f 567 569 565
f 569 47 45
f 569 45 565
f 153 152 570
f 153 570 571
f 570 572 573
f 570 573 571
f 573 574 575
f 573 575 571
f 575 138 153
f 575 153 571
f 139 138 575
f 139 575 576
f 575 574 577
f 575 577 576
f 577 578 579
f 577 579 576
f 579 98 139
f 579 139 576
f 99 98 579
f 99 579 580
f 579 578 581
f 579 581 580
f 581 582 583
f 581 583 580
f 583 101 99
f 583 99 580
f 66 65 584
f 66 584 585
f 584 586 587
f 584 587 585
f 587 588 589
f 587 589 585
f 589 68 66
f 589 66 585
f 590 591 592
f 590 592 593
f 592 594 595
f 592 595 593
f 595 596 597
f 595 597 593
f 597 598 590
f 597 590 593
f 599 600 601
f 599 601 602
f 601 603 604
f 601 604 602
f 604 605 606
f 604 606 602
f 606 607 599
f 606 599 602
f 608 609 610
f 608 610 611
f 610 612 613
f 610 613 611
f 614 615 616
f 614 616 617
f 616 80 79
f 616 79 617
f 186 185 618
f 186 618 619
f 618 620 621
f 618 621 619
f 621 622 623
f 621 623 619
f 623 188 186
f 623 186 619
f 348 347 624
f 348 624 625
f 624 626 627
f 624 627 625
f 627 628 629
f 627 629 625
f 629 350 348
f 629 348 625
f 630 631 632
f 630 632 633
f 632 634 635
f 632 635 633
f 635 636 637
f 635 637 633
f 637 638 630
f 637 630 633
f 639 631 630
f 639 630 640
f 630 638 641
f 630 641 640
f 641 642 643
f 641 643 640
f 643 644 639
f 643 639 640
f 645 646 647
f 645 647 648
f 647 649 650
f 647 650 648
f 650 651 652
f 650 652 648
f 652 653 645
f 652 645 648
f 654 336 335
f 654 335 655
f 335 334 656
f 335 656 655
f 656 657 658
f 656 658 655
f 658 659 654
f 658 654 655
f 90 89 660
f 90 660 3
f 660 661 662
f 660 662 3
f 662 663 664
f 662 664 3
f 342 341 665
f 342 665 666
f 665 591 590
f 665 590 666
f 590 598 667
f 590 667 666
f 667 343 342
f 667 342 666
f 668 669 670
f 668 670 671
f 670 596 595
f 670 595 671
f 595 594 672
f 595 672 671
f 672 673 668
f 672 668 671
f 180 179 674
f 180 674 675
f 674 600 599
f 674 599 675
f 599 607 676
f 599 676 675
f 676 181 180
f 676 180 675
f 677 678 679
f 677 679 680
f 679 605 604
f 679 604 680
f 604 603 681
f 604 681 680
f 681 682 677
f 681 677 680
f 18 17 683
f 18 683 684
f 683 609 608
f 683 608 684
f 685 686 687
f 685 687 688
f 613 685 688
f 613 688 689
f 613 612 690
f 613 690 685
f 690 691 686
f 690 686 685
f 692 693 694
f 692 694 695
f 694 696 697
f 694 697 695
f 698 699 700
f 698 700 701
f 700 702 703
f 700 703 701
f 703 704 705
f 703 705 701
f 705 706 698
f 705 698 701
f 707 708 709
f 707 709 710
f 709 711 712
f 709 712 710
f 712 713 714
f 712 714 710
f 714 715 707
f 714 707 710
f 716 717 718
f 716 718 719
f 718 720 721
f 718 721 719
f 721 722 723
f 721 723 719
f 723 634 632
f 723 632 719
f 632 631 724
f 632 724 719
f 724 725 716
f 724 716 719
f 726 725 724
f 726 724 727
f 724 631 639
f 724 639 727
f 639 644 728
f 639 728 727
f 728 729 726
f 728 726 727
f 730 731 732
f 730 732 733
f 732 734 735
f 732 735 733
f 735 736 737
f 735 737 733
f 737 738 739
f 737 739 733
f 739 649 647
f 739 647 733
f 647 646 740
f 647 740 733
f 740 741 742
f 740 742 733
f 742 743 730
f 742 730 733
f 744 745 746
f 744 746 747
f 746 748 749
f 746 749 747
f 749 750 751
f 749 751 747
f 751 752 744
f 751 744 747
f 753 754 755
f 753 755 756
f 755 757 758
f 755 758 756
f 759 760 761
f 759 761 762
f 761 59 58
f 761 58 762
f 195 194 763
f 195 763 764
f 763 765 766
f 763 766 764
f 766 767 768
f 766 768 764
f 768 197 195
f 768 195 764
f 357 356 769
f 357 769 770
f 769 771 772
f 769 772 770
f 772 773 774
f 772 774 770
f 774 359 357
f 774 357 770
f 775 68 589
f 775 589 776
f 589 588 777
f 589 777 776
f 777 778 779
f 777 779 776
f 779 780 775
f 779 775 776
f 69 68 775
f 69 775 781
f 775 780 782
f 775 782 781
f 782 783 784
f 782 784 781
f 784 70 69
f 784 69 781
f 785 489 488
f 785 488 786
f 488 487 787
f 488 787 786
f 787 788 789
f 787 789 786
f 789 790 785
f 789 785 786
f 791 327 326
f 791 326 792
f 326 325 793
f 326 793 792
f 793 794 795
f 793 795 792
f 795 796 791
f 795 791 792
f 78 77 797
f 78 797 798
f 797 799 800
f 797 800 798
f 697 696 801
f 697 801 802
f 801 760 759
f 801 759 802
f 766 765 803
f 766 803 804
f 803 699 698
f 803 698 804
f 698 706 805
f 698 805 804
f 805 767 766
f 805 766 804
f 772 771 806
f 772 806 807
f 806 708 707
f 806 707 807
f 707 715 808
f 707 808 807
f 808 773 772
f 808 772 807
f 809 780 779
f 809 779 810
f 779 778 811
f 779 811 810
f 811 717 716
f 811 716 810
f 716 725 809
f 716 809 810
f 782 780 809
f 782 809 812
f 809 725 726
f 809 726 812
f 726 729 813
f 726 813 812
f 813 783 782
f 813 782 812
f 814 790 789
f 814 789 815
f 789 788 816
f 789 816 815
f 816 734 732
f 816 732 815
f 732 731 814
f 732 814 815
f 817 796 795
f 817 795 818
f 795 794 819
f 795 819 818
f 819 748 746
f 819 746 818
f 746 745 817
f 746 817 818
f 800 799 820
f 800 820 821
f 820 754 753
f 820 753 821
f 63 62 822
f 63 822 823
f 822 824 825
f 822 825 823
f 826 827 828
f 826 828 829
f 828 201 200
f 828 200 829
f 200 199 830
f 200 830 829
f 830 831 826
f 830 826 829
f 832 833 834
f 832 834 835
f 834 363 362
f 834 362 835
f 362 361 836
f 362 836 835
f 836 837 832
f 836 832 835
f 838 839 840
f 838 840 841
f 840 842 843
f 840 843 841
f 843 586 584
f 843 584 841
f 584 65 838
f 584 838 841
f 844 839 838
f 844 838 845
f 838 65 64
f 838 64 845
f 64 72 846
f 64 846 845
f 846 847 844
f 846 844 845
f 848 849 850
f 848 850 851
f 850 852 853
f 850 853 851
f 853 485 483
f 853 483 851
f 483 482 848
f 483 848 851
f 854 855 856
f 854 856 857
f 856 858 859
f 856 859 857
f 859 323 321
f 859 321 857
f 321 320 854
f 321 854 857
f 860 861 862
f 860 862 863
f 862 74 73
f 862 73 863
f 864 345 344
f 864 344 865
f 344 343 866
f 344 866 865
f 866 179 177
f 866 177 865
f 177 176 864
f 177 864 865
f 674 179 866
f 674 866 867
f 866 343 667
f 866 667 867
f 667 598 868
f 667 868 867
f 868 600 674
f 868 674 867
f 601 600 868
f 601 868 869
f 868 598 597
f 868 597 869
f 597 596 870
f 597 870 869
f 870 603 601
f 870 601 869
f 871 682 681
f 871 681 872
f 681 603 870
f 681 870 872
f 870 596 670
f 870 670 872
f 670 669 871
f 670 871 872
f 873 188 623
f 873 623 874
f 623 622 875
f 623 875 874
f 875 626 624
f 875 624 874
f 624 347 873
f 624 873 874
f 189 188 873
f 189 873 876
f 873 347 346
f 873 346 876
f 346 354 877
f 346 877 876
f 877 190 189
f 877 189 876
f 878 706 705
f 878 705 879
f 705 704 880
f 705 880 879
f 880 711 709
f 880 709 879
f 709 708 878
f 709 878 879
f 881 767 805
f 881 805 882
f 805 706 878
f 805 878 882
f 878 708 806
f 878 806 882
f 806 771 881
f 806 881 882
f 883 197 768
f 883 768 884
f 768 767 881
f 768 881 884
f 881 771 769
f 881 769 884
f 769 356 883
f 769 883 884
f 198 197 883
f 198 883 885
f 883 356 355
f 883 355 885
f 355 363 886
f 355 886 885
f 886 199 198
f 886 198 885
f 887 831 830
f 887 830 888
f 830 199 886
f 830 886 888
f 886 363 834
f 886 834 888
f 834 833 887
f 834 887 888
f 207 206 889
f 207 889 890
f 889 365 364
f 889 364 890
f 364 372 891
f 364 891 890
f 891 208 207
f 891 207 890
f 213 208 891
f 213 891 892
f 891 372 373
f 891 373 892
f 373 378 893
f 373 893 892
f 893 214 213
f 893 213 892
f 219 214 893
f 219 893 894
f 893 378 379
f 893 379 894
f 379 384 895
f 379 895 894
f 895 220 219
f 895 219 894
f 228 227 896
f 228 896 897
f 896 386 385
f 896 385 897
f 385 393 898
f 385 898 897
f 898 229 228
f 898 228 897
f 237 236 899
f 237 899 900
f 899 395 394
f 899 394 900
f 394 402 901
f 394 901 900
f 901 238 237
f 901 237 900
f 243 238 901
f 243 901 902
f 901 402 403
f 901 403 902
f 403 408 903
f 403 903 902
f 903 244 243
f 903 243 902
f 520 244 903
f 520 903 904
f 903 408 512
f 903 512 904
f 512 517 905
f 512 905 904
f 905 521 520
f 905 520 904
f 252 251 906
f 252 906 907
f 906 410 409
f 906 409 907
f 409 417 908
f 409 908 907
f 908 253 252
f 908 252 907
f 909 260 537
f 909 537 910
f 537 536 911
f 537 911 910
f 911 540 538
f 911 538 910
f 538 419 909
f 538 909 910
f 261 260 909
f 261 909 912
f 909 419 418
f 909 418 912
f 418 426 913
f 418 913 912
f 913 262 261
f 913 261 912
f 270 269 914
f 270 914 915
f 914 428 427
f 914 427 915
f 427 435 916
f 427 916 915
f 916 271 270
f 916 270 915
f 917 278 499
f 917 499 918
f 499 498 919
f 499 919 918
f 919 502 500
f 919 500 918
f 500 437 917
f 500 917 918
f 279 278 917
f 279 917 920
f 917 437 436
f 917 436 920
f 436 444 921
f 436 921 920
f 921 280 279
f 921 279 920
f 285 280 921
f 285 921 922
f 921 444 445
f 921 445 922
f 445 450 923
f 445 923 922
f 923 286 285
f 923 285 922
f 294 293 924
f 294 924 925
f 924 452 451
f 924 451 925
f 451 459 926
f 451 926 925
f 926 295 294
f 926 294 925
f 303 302 927
f 303 927 928
f 927 461 460
f 927 460 928
f 460 468 929
f 460 929 928
f 929 304 303
f 929 303 928
f 309 304 929
f 309 929 930
f 929 468 469
f 929 469 930
f 469 474 931
f 469 931 930
f 931 310 309
f 931 309 930
f 315 310 931
f 315 931 932
f 931 474 475
f 931 475 932
f 475 480 933
f 475 933 932
f 933 316 315
f 933 315 932
f 859 858 934
f 859 934 935
f 934 849 848
f 934 848 935
f 848 482 936
f 848 936 935
f 936 323 859
f 936 859 935
f 324 323 936
f 324 936 937
f 936 482 481
f 936 481 937
f 481 489 938
f 481 938 937
f 938 325 324
f 938 324 937
f 793 325 938
f 793 938 939
f 938 489 785
f 938 785 939
f 785 790 940
f 785 940 939
f 940 794 793
f 940 793 939
f 819 794 940
f 819 940 941
f 940 790 814
f 940 814 941
f 814 731 942
f 814 942 941
f 942 748 819
f 942 819 941
f 749 748 942
f 749 942 943
f 942 731 730
f 942 730 943
f 730 743 944
f 730 944 943
f 944 750 749
f 944 749 943
f 656 334 945
f 656 945 946
f 945 646 645
f 945 645 946
f 645 653 947
f 645 947 946
f 947 657 656
f 947 656 946
f 36 35 948
f 36 948 949
f 948 491 490
f 948 490 949
f 497 496 950
f 497 950 951
f 950 273 272
f 950 272 951
f 272 271 952
f 272 952 951
f 952 498 497
f 952 497 951
f 919 498 952
f 919 952 953
f 952 271 916
f 952 916 953
f 916 435 954
f 916 954 953
f 954 502 919
f 954 919 953
f 503 502 954
f 503 954 955
f 954 435 434
f 954 434 955
f 434 433 956
f 434 956 955
f 956 504 503
f 956 503 955
f 9 8 957
f 9 957 958
f 957 507 506
f 957 506 958
f 506 511 959
f 506 959 958
f 959 10 9
f 959 9 958
f 550 507 957
f 550 957 960
f 957 8 549
f 957 549 960
f 549 548 961
f 549 961 960
f 961 552 550
f 961 550 960
f 962 517 516
f 962 516 963
f 516 515 964
f 516 964 963
f 964 413 411
f 964 411 963
f 411 410 962
f 411 962 963
f 965 521 905
f 965 905 966
f 905 517 962
f 905 962 966
f 962 410 906
f 962 906 966
f 906 251 965
f 906 965 966
f 967 523 522
f 967 522 968
f 522 521 965
f 522 965 968
f 965 251 249
f 965 249 968
f 249 248 967
f 249 967 968
f 527 526 969
f 527 969 970
f 969 20 19
f 969 19 970
f 30 29 971
f 30 971 972
f 971 32 31
f 971 31 972
f 267 266 973
f 267 973 974
f 973 264 263
f 973 263 974
f 263 262 975
f 263 975 974
f 975 269 267
f 975 267 974
f 914 269 975
f 914 975 976
f 975 262 913
f 975 913 976
f 913 426 977
f 913 977 976
f 977 428 914
f 977 914 976
f 429 428 977
f 429 977 978
f 977 426 425
f 977 425 978
f 425 424 979
f 425 979 978
f 979 431 429
f 979 429 978
f 980 981 982
f 980 982 983
f 982 5 4
f 982 4 983
f 4 12 984
f 4 984 983
f 984 985 980
f 984 980 983
f 544 5 982
f 544 982 986
f 982 981 987
f 982 987 986
f 987 988 989
f 987 989 986
f 989 546 544
f 989 544 986
f 990 417 416
f 990 416 991
f 416 415 992
f 416 992 991
f 992 542 541
f 992 541 991
f 541 540 990
f 541 990 991
f 993 253 908
f 993 908 994
f 908 417 990
f 908 990 994
f 990 540 911
f 990 911 994
f 911 536 993
f 911 993 994
f 995 255 254
f 995 254 996
f 254 253 993
f 254 993 996
f 993 536 535
f 993 535 996
f 535 534 995
f 535 995 996
f 24 23 997
f 24 997 998
f 997 529 528
f 997 528 998
f 999 1000 1001
f 999 1001 1002
f 1001 1003 1004
f 1001 1004 1002
f 1004 985 984
f 1004 984 1002
f 984 12 999
f 984 999 1002
f 1005 1000 999
f 1005 999 1006
f 999 12 11
f 999 11 1006
f 11 10 1007
f 11 1007 1006
f 1007 1008 1005
f 1007 1005 1006
f 1009 1010 1011
f 1009 1011 1012
f 1011 1008 1007
f 1011 1007 1012
f 1007 10 959
f 1007 959 1012
f 959 511 1009
f 959 1009 1012
f 1013 1014 1015
f 1013 1015 1016
f 1015 1010 1009
f 1015 1009 1016
f 1009 511 510
f 1009 510 1016
f 510 170 1013
f 510 1013 1016
f 1017 1014 1013
f 1017 1013 1018
f 1013 170 169
f 1013 169 1018
f 169 126 1019
f 169 1019 1018
f 1019 1020 1017
f 1019 1017 1018
f 1021 1020 1019
f 1021 1019 1022
f 1019 126 125
f 1019 125 1022
f 125 124 1023
f 125 1023 1022
f 1023 1024 1021
f 1023 1021 1022
f 1025 1026 1027
f 1025 1027 1028
f 1027 51 50
f 1027 50 1028
f 50 49 1029
f 50 1029 1028
f 1029 1030 1025
f 1029 1025 1028
f 1031 1032 1033
f 1031 1033 1034
f 1033 156 155
f 1033 155 1034
f 155 142 1035
f 155 1035 1034
f 1035 1036 1031
f 1035 1031 1034
f 1037 1036 1035
f 1037 1035 1038
f 1035 142 141
f 1035 141 1038
f 141 105 1039
f 141 1039 1038
f 1039 1040 1037
f 1039 1037 1038
f 1041 1040 1039
f 1041 1039 1042
f 1039 105 104
f 1039 104 1042
f 104 103 1043
f 104 1043 1042
f 1043 1044 1041
f 1043 1041 1042
f 1045 1046 1047
f 1045 1047 1048
f 1047 847 846
f 1047 846 1048
f 846 72 1049
f 846 1049 1048
f 1049 1050 1045
f 1049 1045 1048
f 1051 1050 1049
f 1051 1049 1052
f 1049 72 71
f 1049 71 1052
f 71 70 1053
f 71 1053 1052
f 1053 1054 1051
f 1053 1051 1052
f 1055 1054 1053
f 1055 1053 1056
f 1053 70 784
f 1053 784 1056
f 784 783 1057
f 784 1057 1056
f 1057 1058 1055
f 1057 1055 1056
f 1059 1058 1057
f 1059 1057 1060
f 1057 783 813
f 1057 813 1060
f 813 729 1061
f 813 1061 1060
f 1061 736 1059
f 1061 1059 1060
f 1061 729 728
f 1061 728 1062
f 728 644 1063
f 728 1063 1062
f 1063 738 737
f 1063 737 1062
f 737 736 1061
f 737 1061 1062
f 1064 738 1063
f 1064 1063 1065
f 1063 644 643
f 1063 643 1065
f 643 642 1066
f 643 1066 1065
f 1066 1067 1064
f 1066 1064 1065
f 1068 1069 1070
f 1068 1070 1071
f 1070 1072 1073
f 1070 1073 1071
f 1073 1074 1075
f 1073 1075 1071
f 1075 1076 1068
f 1075 1068 1071
f 1077 1076 1075
f 1077 1075 1078
f 1079 1080 1077
f 1079 1077 1078
f 1081 1080 1079
f 1081 1079 1082
f 1083 1084 1081
f 1083 1081 1082
f 1085 1086 1087
f 1085 1087 1088
f 1087 1084 1083
f 1087 1083 1088
f 1089 1090 1091
f 1089 1091 1092
f 1091 1093 1094
f 1091 1094 1092
f 1094 636 635
f 1094 635 1092
f 635 634 1089
f 635 1089 1092
f 1095 1090 1089
f 1095 1089 1096
f 1089 634 723
f 1089 723 1096
f 723 722 1097
f 723 1097 1096
f 1097 1098 1095
f 1097 1095 1096
f 1099 1100 1101
f 1099 1101 1102
f 1101 1103 1104
f 1101 1104 1102
f 1104 720 718
f 1104 718 1102
f 718 717 1099
f 718 1099 1102
f 1105 1106 1107
f 1105 1107 1108
f 1107 1100 1099
f 1107 1099 1108
f 1099 717 811
f 1099 811 1108
f 811 778 1105
f 811 1105 1108
f 1109 1110 1111
f 1109 1111 1112
f 1111 1106 1105
f 1111 1105 1112
f 1105 778 777
f 1105 777 1112
f 777 588 1109
f 777 1109 1112
f 1113 1110 1109
f 1113 1109 1114
f 1109 588 587
f 1109 587 1114
f 587 586 1115
f 587 1115 1114
f 1115 1116 1113
f 1115 1113 1114
f 1117 1118 1119
f 1117 1119 1120
f 1119 1116 1115
f 1119 1115 1120
f 1115 586 843
f 1115 843 1120
f 843 842 1117
f 843 1117 1120
f 1121 1122 1123
f 1121 1123 1124
f 1123 582 581
f 1123 581 1124
f 581 578 1125
f 581 1125 1124
f 1125 1126 1121
f 1125 1121 1124
f 1127 1126 1125
f 1127 1125 1128
f 1125 578 577
f 1125 577 1128
f 577 574 1129
f 577 1129 1128
f 1129 1130 1127
f 1129 1127 1128
f 1131 1130 1129
f 1131 1129 1132
f 1129 574 573
f 1129 573 1132
f 573 572 1133
f 573 1133 1132
f 1133 1134 1131
f 1133 1131 1132
f 1135 1136 1137
f 1135 1137 1138
f 1137 568 567
f 1137 567 1138
f 567 566 1139
f 567 1139 1138
f 1139 1140 1135
f 1139 1135 1138
f 1141 1142 1143
f 1141 1143 1144
f 1143 562 561
f 1143 561 1144
f 561 558 1145
f 561 1145 1144
f 1145 1146 1141
f 1145 1141 1144
f 1147 1146 1145
f 1147 1145 1148
f 1145 558 557
f 1145 557 1148
f 557 554 1149
f 557 1149 1148
f 1149 1150 1147
f 1149 1147 1148
f 1151 1150 1149
f 1151 1149 1152
f 1149 554 553
f 1149 553 1152
f 553 552 1153
f 553 1153 1152
f 1153 1154 1151
f 1153 1151 1152
f 1155 1154 1153
f 1155 1153 1156
f 1153 552 961
f 1153 961 1156
f 961 548 1157
f 961 1157 1156
f 1157 1158 1155
f 1157 1155 1156
f 1159 1158 1157
f 1159 1157 1160
f 1157 548 547
f 1157 547 1160
f 547 546 1161
f 547 1161 1160
f 1161 1162 1159
f 1161 1159 1160
f 1163 1162 1161
f 1163 1161 1164
f 1161 546 989
f 1161 989 1164
f 989 988 1165
f 989 1165 1164
f 1165 1166 1163
f 1165 1163 1164
f 1167 1168 1169
f 1167 1169 1170
f 1169 1166 1165
f 1169 1165 1170
f 1165 988 987
f 1165 987 1170
f 987 981 1167
f 987 1167 1170
f 1171 1168 1167
f 1171 1167 1172
f 1167 981 980
f 1167 980 1172
f 980 985 1004
f 980 1004 1172
f 1004 1003 1171
f 1004 1171 1172
f 57 56 1173
f 57 1173 1174
f 1173 148 147
f 1173 147 1174
f 300 299 1175
f 300 1175 1176
f 1175 297 296
f 1175 296 1176
f 296 295 1177
f 296 1177 1176
f 1177 302 300
f 1177 300 1176
f 927 302 1177
f 927 1177 1178
f 1177 295 926
f 1177 926 1178
f 926 459 1179
f 926 1179 1178
f 1179 461 927
f 1179 927 1178
f 462 461 1179
f 462 1179 1180
f 1179 459 458
f 1179 458 1180
f 458 457 1181
f 458 1181 1180
f 1181 464 462
f 1181 462 1180
f 1033 1032 1182
f 1033 1182 1183
f 1182 1030 1029
f 1182 1029 1183
f 1029 49 1184
f 1029 1184 1183
f 1184 156 1033
f 1184 1033 1183
f 48 47 1185
f 48 1185 1186
f 1185 152 151
f 1185 151 1186
f 151 156 1184
f 151 1184 1186
f 1184 49 48
f 1184 48 1186
f 570 152 1185
f 570 1185 1187
f 1185 47 569
f 1185 569 1187
f 569 568 1188
f 569 1188 1187
f 1188 572 570
f 1188 570 1187
f 1189 1134 1133
f 1189 1133 1190
f 1133 572 1188
f 1133 1188 1190
f 1188 568 1137
f 1188 1137 1190
f 1137 1136 1189
f 1137 1189 1190
f 1191 384 383
f 1191 383 1192
f 383 382 1193
f 383 1193 1192
f 1193 389 387
f 1193 387 1192
f 387 386 1191
f 387 1191 1192
f 1194 220 895
f 1194 895 1195
f 895 384 1191
f 895 1191 1195
f 1191 386 896
f 1191 896 1195
f 896 227 1194
f 896 1194 1195
f 1196 222 221
f 1196 221 1197
f 221 220 1194
f 221 1194 1197
f 1194 227 225
f 1194 225 1197
f 225 224 1196
f 225 1196 1197
f 160 159 1198
f 160 1198 1199
f 1198 38 37
f 1198 37 1199
f 132 131 1200
f 132 1200 1201
f 1200 53 52
f 1200 52 1201
f 291 290 1202
f 291 1202 1203
f 1202 288 287
f 1202 287 1203
f 287 286 1204
f 287 1204 1203
f 1204 293 291
f 1204 291 1203
f 924 293 1204
f 924 1204 1205
f 1204 286 923
f 1204 923 1205
f 923 450 1206
f 923 1206 1205
f 1206 452 924
f 1206 924 1205
f 453 452 1206
f 453 1206 1207
f 1206 450 449
f 1206 449 1207
f 449 448 1208
f 449 1208 1207
f 1208 455 453
f 1208 453 1207
f 1027 1026 1209
f 1027 1209 1210
f 1209 1024 1023
f 1209 1023 1210
f 1023 124 1211
f 1023 1211 1210
f 1211 51 1027
f 1211 1027 1210
f 123 122 1212
f 123 1212 1213
f 1212 44 43
f 1212 43 1213
f 43 51 1211
f 43 1211 1213
f 1211 124 123
f 1211 123 1213
f 564 44 1212
f 564 1212 1214
f 1212 122 563
f 1212 563 1214
f 563 562 1215
f 563 1215 1214
f 1215 566 564
f 1215 564 1214
f 1216 1140 1139
f 1216 1139 1217
f 1139 566 1215
f 1139 1215 1217
f 1215 562 1143
f 1215 1143 1217
f 1143 1142 1216
f 1143 1216 1217
f 1218 393 392
f 1218 392 1219
f 392 391 1220
f 392 1220 1219
f 1220 398 396
f 1220 396 1219
f 396 395 1218
f 396 1218 1219
f 1221 229 898
f 1221 898 1222
f 898 393 1218
f 898 1218 1222
f 1218 395 899
f 1218 899 1222
f 899 236 1221
f 899 1221 1222
f 1223 231 230
f 1223 230 1224
f 230 229 1221
f 230 1221 1224
f 1221 236 234
f 1221 234 1224
f 234 233 1223
f 234 1223 1224
f 42 41 1225
f 42 1225 1226
f 1225 113 112
f 1225 112 1226
f 1227 1228 1229
f 1227 1229 1230
f 1229 1231 1232
f 1229 1232 1230
f 1232 17 15
f 1232 15 1230
f 15 14 1227
f 15 1227 1230
f 683 17 1232
f 683 1232 1233
f 1232 1231 1234
f 1232 1234 1233
f 1234 1235 1236
f 1234 1236 1233
f 1236 609 683
f 1236 683 1233
f 610 609 1236
f 610 1236 1237
f 1236 1235 1238
f 1236 1238 1237
f 1238 1239 1240
f 1238 1240 1237
f 1240 612 610
f 1240 610 1237
f 1241 691 690
f 1241 690 1242
f 690 612 1240
f 690 1240 1242
f 1240 1239 1243
f 1240 1243 1242
f 1243 1244 1241
f 1243 1241 1242
f 616 615 1245
f 616 1245 1246
f 1245 1247 1248
f 1245 1248 1246
f 1248 1249 1250
f 1248 1250 1246
f 1250 80 616
f 1250 616 1246
f 81 80 1250
f 81 1250 1251
f 1250 1249 1252
f 1250 1252 1251
f 1252 1253 1254
f 1252 1254 1251
f 1254 83 81
f 1254 81 1251
f 694 693 1255
f 694 1255 1256
f 1255 1257 1258
f 1255 1258 1256
f 1258 1259 1260
f 1258 1260 1256
f 1260 696 694
f 1260 694 1256
f 801 696 1260
f 801 1260 1261
f 1260 1259 1262
f 1260 1262 1261
f 1262 1263 1264
f 1262 1264 1261
f 1264 760 801
f 1264 801 1261
f 761 760 1264
f 761 1264 1265
f 1264 1263 1266
f 1264 1266 1265
f 1266 1267 1268
f 1266 1268 1265
f 1268 59 761
f 1268 761 1265
f 60 59 1268
f 60 1268 1269
f 1268 1267 1270
f 1268 1270 1269
f 1270 1271 1272
f 1270 1272 1269
f 1272 62 60
f 1272 60 1269
f 822 62 1272
f 822 1272 1273
f 1272 1271 1274
f 1272 1274 1273
f 1274 1275 1276
f 1274 1276 1273
f 1276 824 822
f 1276 822 1273
f 93 92 1277
f 93 1277 1278
f 1277 1279 1280
f 1277 1280 1278
f 1280 1281 1282
f 1280 1282 1278
f 1282 95 93
f 1282 93 1278
f 143 95 1282
f 143 1282 1283
f 1282 1281 1284
f 1282 1284 1283
f 1284 1285 1286
f 1284 1286 1283
f 1286 145 143
f 1286 143 1283
f 157 145 1286
f 157 1286 1287
f 1286 1285 1288
f 1286 1288 1287
f 1288 1289 1290
f 1288 1290 1287
f 1290 159 157
f 1290 157 1287
f 1198 159 1290
f 1198 1290 1291
f 1290 1289 1292
f 1290 1292 1291
f 1292 1293 1294
f 1292 1294 1291
f 1294 38 1198
f 1294 1198 1291
f 39 38 1294
f 39 1294 1295
f 1294 1293 1296
f 1294 1296 1295
f 1296 1297 1298
f 1296 1298 1295
f 1298 41 39
f 1298 39 1295
f 1225 41 1298
f 1225 1298 1299
f 1298 1297 1300
f 1298 1300 1299
f 1300 1301 1302
f 1300 1302 1299
f 1302 113 1225
f 1302 1225 1299
f 114 113 1302
f 114 1302 1303
f 1302 1301 1304
f 1302 1304 1303
f 1304 1305 1306
f 1304 1306 1303
f 1306 116 114
f 1306 114 1303
f 171 116 1306
f 171 1306 1307
f 1306 1305 1308
f 1306 1308 1307
f 1308 1309 1310
f 1308 1310 1307
f 1310 173 171
f 1310 171 1307
f 524 173 1310
f 524 1310 1311
f 1310 1309 1312
f 1310 1312 1311
f 1312 1313 1314
f 1312 1314 1311
f 1314 526 524
f 1314 524 1311
f 969 526 1314
f 969 1314 1315
f 1314 1313 1316
f 1314 1316 1315
f 1316 1317 1318
f 1316 1318 1315
f 1318 20 969
f 1318 969 1315
f 21 20 1318
f 21 1318 1319
f 1318 1317 1320
f 1318 1320 1319
f 1320 1321 1322
f 1320 1322 1319
f 1322 23 21
f 1322 21 1319
f 997 23 1322
f 997 1322 1323
f 1322 1321 1324
f 1322 1324 1323
f 1324 1325 1326
f 1324 1326 1323
f 1326 529 997
f 1326 997 1323
f 530 529 1326
f 530 1326 1327
f 1326 1325 1328
f 1326 1328 1327
f 1328 1329 1330
f 1328 1330 1327
f 1330 26 530
f 1330 530 1327
f 27 26 1330
f 27 1330 1331
f 1330 1329 1332
f 1330 1332 1331
f 1332 1333 1334
f 1332 1334 1331
f 1334 29 27
f 1334 27 1331
f 971 29 1334
f 971 1334 1335
f 1334 1333 1336
f 1334 1336 1335
f 1336 1337 1338
f 1336 1338 1335
f 1338 32 971
f 1338 971 1335
f 33 32 1338
f 33 1338 1339
f 1338 1337 1340
f 1338 1340 1339
f 1340 1341 1342
f 1340 1342 1339
f 1342 35 33
f 1342 33 1339
f 948 35 1342
f 948 1342 1343
f 1342 1341 1344
f 1342 1344 1343
f 1344 1345 1346
f 1344 1346 1343
f 1346 491 948
f 1346 948 1343
f 492 491 1346
f 492 1346 1347
f 1346 1345 1348
f 1346 1348 1347
f 1348 1349 1350
f 1348 1350 1347
f 1350 162 492
f 1350 492 1347
f 163 162 1350
f 163 1350 1351
f 1350 1349 1352
f 1350 1352 1351
f 1352 1353 1354
f 1352 1354 1351
f 1354 128 163
f 1354 163 1351
f 129 128 1354
f 129 1354 1355
f 1354 1353 1356
f 1354 1356 1355
f 1356 1357 1358
f 1356 1358 1355
f 1358 131 129
f 1358 129 1355
f 1200 131 1358
f 1200 1358 1359
f 1358 1357 1360
f 1358 1360 1359
f 1360 1361 1362
f 1360 1362 1359
f 1362 53 1200
f 1362 1200 1359
f 54 53 1362
f 54 1362 1363
f 1362 1361 1364
f 1362 1364 1363
f 1364 1365 1366
f 1364 1366 1363
f 1366 56 54
f 1366 54 1363
f 1173 56 1366
f 1173 1366 1367
f 1366 1365 1368
f 1366 1368 1367
f 1368 1369 1370
f 1368 1370 1367
f 1370 148 1173
f 1370 1173 1367
f 149 148 1370
f 149 1370 1371
f 1370 1369 1372
f 1370 1372 1371
f 1372 1373 1374
f 1372 1374 1371
f 1374 134 149
f 1374 149 1371
f 135 134 1374
f 135 1374 1375
f 1374 1373 1376
f 1374 1376 1375
f 1376 1377 1378
f 1376 1378 1375
f 1378 107 135
f 1378 135 1375
f 108 107 1378
f 108 1378 1379
f 1378 1377 1380
f 1378 1380 1379
f 1380 1381 1382
f 1380 1382 1379
f 1382 110 108
f 1382 108 1379
f 862 861 1383
f 862 1383 1384
f 1383 1385 1386
f 1383 1386 1384
f 1386 1387 1388
f 1386 1388 1384
f 1388 74 862
f 1388 862 1384
f 75 74 1388
f 75 1388 1389
f 1388 1387 1390
f 1388 1390 1389
f 1390 1391 1392
f 1390 1392 1389
f 1392 77 75
f 1392 75 1389
f 797 77 1392
f 797 1392 1393
f 1392 1391 1394
f 1392 1394 1393
f 1394 1395 1396
f 1394 1396 1393
f 1396 799 797
f 1396 797 1393
f 820 799 1396
f 820 1396 1397
f 1396 1395 1398
f 1396 1398 1397
f 1398 1399 1400
f 1398 1400 1397
f 1400 754 820
f 1400 820 1397
f 755 754 1400
f 755 1400 1401
f 1400 1399 1402
f 1400 1402 1401
f 1402 1403 1404
f 1402 1404 1401
f 1404 757 755
f 1404 755 1401
f 87 86 1405
f 87 1405 1406
f 1405 1407 1408
f 1405 1408 1406
f 1408 1409 1410
f 1408 1410 1406
f 1410 89 87
f 1410 87 1406
f 660 89 1410
f 660 1410 1411
f 1410 1409 1412
f 1410 1412 1411
f 1412 1413 1414
f 1412 1414 1411
f 1414 1415 1416
f 1414 1416 1411
f 1416 663 662
f 1416 662 1411
f 662 661 660
f 662 660 1411
f 1417 1418 1419
f 1417 1419 1420
f 1419 1421 1422
f 1419 1422 1420
f 1422 1231 1229
f 1422 1229 1420
f 1229 1228 1417
f 1229 1417 1420
f 1234 1231 1422
f 1234 1422 1423
f 1422 1421 1424
f 1422 1424 1423
f 1424 1425 1426
f 1424 1426 1423
f 1426 1235 1234
f 1426 1234 1423
f 1238 1235 1426
f 1238 1426 1427
f 1426 1425 1428
f 1426 1428 1427
f 1428 1429 1430
f 1428 1430 1427
f 1430 1239 1238
f 1430 1238 1427
f 1431 1244 1243
f 1431 1243 1432
f 1243 1239 1430
f 1243 1430 1432
f 1430 1429 1433
f 1430 1433 1432
f 1433 1434 1431
f 1433 1431 1432
f 1248 1247 1435
f 1248 1435 1436
f 1435 1437 1438
f 1435 1438 1436
f 1438 1439 1440
f 1438 1440 1436
f 1440 1249 1248
f 1440 1248 1436
f 1252 1249 1440
f 1252 1440 1441
f 1440 1439 1442
f 1440 1442 1441
f 1442 1443 1444
f 1442 1444 1441
f 1444 1253 1252
f 1444 1252 1441
f 1258 1257 1445
f 1258 1445 1446
f 1445 1447 1448
f 1445 1448 1446
f 1448 1449 1450
f 1448 1450 1446
f 1450 1259 1258
f 1450 1258 1446
f 1262 1259 1450
f 1262 1450 1451
f 1450 1449 1452
f 1450 1452 1451
f 1452 1453 1454
f 1452 1454 1451
f 1454 1263 1262
f 1454 1262 1451
f 1266 1263 1454
f 1266 1454 1455
f 1454 1453 1456
f 1454 1456 1455
f 1456 1457 1458
f 1456 1458 1455
f 1458 1267 1266
f 1458 1266 1455
f 1270 1267 1458
f 1270 1458 1459
f 1458 1457 1460
f 1458 1460 1459
f 1460 1461 1462
f 1460 1462 1459
f 1462 1271 1270
f 1462 1270 1459
f 1274 1271 1462
f 1274 1462 1463
f 1462 1461 1464
f 1462 1464 1463
f 1464 1465 1466
f 1464 1466 1463
f 1466 1275 1274
f 1466 1274 1463
f 1280 1279 1467
f 1280 1467 1468
f 1467 1469 1470
f 1467 1470 1468
f 1470 1471 1472
f 1470 1472 1468
f 1472 1281 1280
f 1472 1280 1468
f 1284 1281 1472
f 1284 1472 1473
f 1472 1471 1474
f 1472 1474 1473
f 1474 1475 1476
f 1474 1476 1473
f 1476 1285 1284
f 1476 1284 1473
f 1288 1285 1476
f 1288 1476 1477
f 1476 1475 1478
f 1476 1478 1477
f 1478 1479 1480
f 1478 1480 1477
f 1480 1289 1288
f 1480 1288 1477
f 1292 1289 1480
f 1292 1480 1481
f 1480 1479 1482
f 1480 1482 1481
f 1482 1483 1484
f 1482 1484 1481
f 1484 1293 1292
f 1484 1292 1481
f 1296 1293 1484
f 1296 1484 1485
f 1484 1483 1486
f 1484 1486 1485
f 1486 1487 1488
f 1486 1488 1485
f 1488 1297 1296
f 1488 1296 1485
f 1300 1297 1488
f 1300 1488 1489
f 1488 1487 1490
f 1488 1490 1489
f 1490 1491 1492
f 1490 1492 1489
f 1492 1301 1300
f 1492 1300 1489
f 1304 1301 1492
f 1304 1492 1493
f 1492 1491 1494
f 1492 1494 1493
f 1494 1495 1496
f 1494 1496 1493
f 1496 1305 1304
f 1496 1304 1493
f 1308 1305 1496
f 1308 1496 1497
f 1496 1495 1498
f 1496 1498 1497
f 1498 1499 1500
f 1498 1500 1497
f 1500 1309 1308
f 1500 1308 1497
f 1312 1309 1500
f 1312 1500 1501
f 1500 1499 1502
f 1500 1502 1501
f 1502 1503 1504
f 1502 1504 1501
f 1504 1313 1312
f 1504 1312 1501
f 1316 1313 1504
f 1316 1504 1505
f 1504 1503 1506
f 1504 1506 1505
f 1506 1507 1508
f 1506 1508 1505
f 1508 1317 1316
f 1508 1316 1505
f 1320 1317 1508
f 1320 1508 1509
f 1508 1507 1510
f 1508 1510 1509
f 1510 1511 1512
f 1510 1512 1509
f 1512 1321 1320
f 1512 1320 1509
f 1324 1321 1512
f 1324 1512 1513
f 1512 1511 1514
f 1512 1514 1513
f 1514 1515 1516
f 1514 1516 1513
f 1516 1325 1324
f 1516 1324 1513
f 1328 1325 1516
f 1328 1516 1517
f 1516 1515 1518
f 1516 1518 1517
f 1518 1519 1520
f 1518 1520 1517
f 1520 1329 1328
f 1520 1328 1517
f 1332 1329 1520
f 1332 1520 1521
f 1520 1519 1522
f 1520 1522 1521
f 1522 1523 1524
f 1522 1524 1521
f 1524 1333 1332
f 1524 1332 1521
f 1336 1333 1524
f 1336 1524 1525
f 1524 1523 1526
f 1524 1526 1525
f 1526 1527 1528
f 1526 1528 1525
f 1528 1337 1336
f 1528 1336 1525
f 1340 1337 1528
f 1340 1528 1529
f 1528 1527 1530
f 1528 1530 1529
f 1530 1531 1532
f 1530 1532 1529
f 1532 1341 1340
f 1532 1340 1529
f 1344 1341 1532
f 1344 1532 1533
f 1532 1531 1534
f 1532 1534 1533
f 1534 1535 1536
f 1534 1536 1533
f 1536 1345 1344
f 1536 1344 1533
f 1348 1345 1536
f 1348 1536 1537
f 1536 1535 1538
f 1536 1538 1537
f 1538 1539 1540
f 1538 1540 1537
f 1540 1349 1348
f 1540 1348 1537
f 1352 1349 1540
f 1352 1540 1541
f 1540 1539 1542
f 1540 1542 1541
f 1542 1543 1544
f 1542 1544 1541
f 1544 1353 1352
f 1544 1352 1541
f 1356 1353 1544
f 1356 1544 1545
f 1544 1543 1546
f 1544 1546 1545
f 1546 1547 1548
f 1546 1548 1545
f 1548 1357 1356
f 1548 1356 1545
f 1360 1357 1548
f 1360 1548 1549
f 1548 1547 1550
f 1548 1550 1549
f 1550 1551 1552
f 1550 1552 1549
f 1552 1361 1360
f 1552 1360 1549
f 1364 1361 1552
f 1364 1552 1553
f 1552 1551 1554
f 1552 1554 1553
f 1554 1555 1556
f 1554 1556 1553
f 1556 1365 1364
f 1556 1364 1553
f 1368 1365 1556
f 1368 1556 1557
f 1556 1555 1558
f 1556 1558 1557
f 1558 1559 1560
f 1558 1560 1557
f 1560 1369 1368
f 1560 1368 1557
f 1372 1369 1560
f 1372 1560 1561
f 1560 1559 1562
f 1560 1562 1561
f 1562 1563 1564
f 1562 1564 1561
f 1564 1373 1372
f 1564 1372 1561
f 1376 1373 1564
f 1376 1564 1565
f 1564 1563 1566
f 1564 1566 1565
f 1566 1567 1568
f 1566 1568 1565
f 1568 1377 1376
f 1568 1376 1565
f 1380 1377 1568
f 1380 1568 1569
f 1568 1567 1570
f 1568 1570 1569
f 1570 1571 1572
f 1570 1572 1569
f 1572 1381 1380
f 1572 1380 1569
f 1386 1385 1573
f 1386 1573 1574
f 1573 1575 1576
f 1573 1576 1574
f 1576 1577 1578
f 1576 1578 1574
f 1578 1387 1386
f 1578 1386 1574
f 1390 1387 1578
f 1390 1578 1579
f 1578 1577 1580
f 1578 1580 1579
f 1580 1581 1582
f 1580 1582 1579
f 1582 1391 1390
f 1582 1390 1579
f 1394 1391 1582
f 1394 1582 1583
f 1582 1581 1584
f 1582 1584 1583
f 1584 1585 1586
f 1584 1586 1583
f 1586 1395 1394
f 1586 1394 1583
f 1398 1395 1586
f 1398 1586 1587
f 1586 1585 1588
f 1586 1588 1587
f 1588 1589 1590
f 1588 1590 1587
f 1590 1399 1398
f 1590 1398 1587
f 1402 1399 1590
f 1402 1590 1591
f 1590 1589 1592
f 1590 1592 1591
f 1592 1593 1594
f 1592 1594 1591
f 1594 1403 1402
f 1594 1402 1591
f 1408 1407 1595
f 1408 1595 1596
f 1595 1597 1598
f 1595 1598 1596
f 1598 1599 1600
f 1598 1600 1596
f 1600 1409 1408
f 1600 1408 1596
f 1412 1409 1600
f 1412 1600 1601
f 1600 1599 1602
f 1600 1602 1601
f 1602 1603 1604
f 1602 1604 1601
f 1604 1605 1606
f 1604 1606 1601
f 1606 1415 1414
f 1606 1414 1601
f 1414 1413 1412
f 1414 1412 1601
f 1607 183 182
f 1607 182 1608
f 182 181 1609
f 182 1609 1608
f 1609 1421 1419
f 1609 1419 1608
f 1419 1418 1607
f 1419 1607 1608
f 1424 1421 1609
f 1424 1609 1610
f 1609 181 676
f 1609 676 1610
f 676 607 1611
f 676 1611 1610
f 1611 1425 1424
f 1611 1424 1610
f 1428 1425 1611
f 1428 1611 1612
f 1611 607 606
f 1611 606 1612
f 606 605 1613
f 606 1613 1612
f 1613 1429 1428
f 1613 1428 1612
f 1614 1434 1433
f 1614 1433 1615
f 1433 1429 1613
f 1433 1613 1615
f 1613 605 679
f 1613 679 1615
f 679 678 1614
f 679 1614 1615
f 1438 1437 1616
f 1438 1616 1617
f 1616 620 618
f 1616 618 1617
f 618 185 1618
f 618 1618 1617
f 1618 1439 1438
f 1618 1438 1617
f 1442 1439 1618
f 1442 1618 1619
f 1618 185 184
f 1618 184 1619
f 184 192 1620
f 184 1620 1619
f 1620 1443 1442
f 1620 1442 1619
f 1448 1447 1621
f 1448 1621 1622
f 1621 702 700
f 1621 700 1622
f 700 699 1623
f 700 1623 1622
f 1623 1449 1448
f 1623 1448 1622
f 1452 1449 1623
f 1452 1623 1624
f 1623 699 803
f 1623 803 1624
f 803 765 1625
f 803 1625 1624
f 1625 1453 1452
f 1625 1452 1624
f 1456 1453 1625
f 1456 1625 1626
f 1625 765 763
f 1625 763 1626
f 763 194 1627
f 763 1627 1626
f 1627 1457 1456
f 1627 1456 1626
f 1460 1457 1627
f 1460 1627 1628
f 1627 194 193
f 1627 193 1628
f 193 201 1629
f 193 1629 1628
f 1629 1461 1460
f 1629 1460 1628
f 1464 1461 1629
f 1464 1629 1630
f 1629 201 828
f 1629 828 1630
f 828 827 1631
f 828 1631 1630
f 1631 1465 1464
f 1631 1464 1630
f 1470 1469 1632
f 1470 1632 1633
f 1632 203 202
f 1632 202 1633
f 202 210 1634
f 202 1634 1633
f 1634 1471 1470
f 1634 1470 1633
f 1474 1471 1634
f 1474 1634 1635
f 1634 210 211
f 1634 211 1635
f 211 216 1636
f 211 1636 1635
f 1636 1475 1474
f 1636 1474 1635
f 1478 1475 1636
f 1478 1636 1637
f 1636 216 217
f 1636 217 1637
f 217 222 1638
f 217 1638 1637
f 1638 1479 1478
f 1638 1478 1637
f 1482 1479 1638
f 1482 1638 1639
f 1638 222 1196
f 1638 1196 1639
f 1196 224 1640
f 1196 1640 1639
f 1640 1483 1482
f 1640 1482 1639
f 1486 1483 1640
f 1486 1640 1641
f 1640 224 223
f 1640 223 1641
f 223 231 1642
f 223 1642 1641
f 1642 1487 1486
f 1642 1486 1641
f 1490 1487 1642
f 1490 1642 1643
f 1642 231 1223
f 1642 1223 1643
f 1223 233 1644
f 1223 1644 1643
f 1644 1491 1490
f 1644 1490 1643
f 1494 1491 1644
f 1494 1644 1645
f 1644 233 232
f 1644 232 1645
f 232 240 1646
f 232 1646 1645
f 1646 1495 1494
f 1646 1494 1645
f 1498 1495 1646
f 1498 1646 1647
f 1646 240 241
f 1646 241 1647
f 241 246 1648
f 241 1648 1647
f 1648 1499 1498
f 1648 1498 1647
f 1502 1499 1648
f 1502 1648 1649
f 1648 246 518
f 1648 518 1649
f 518 523 1650
f 518 1650 1649
f 1650 1503 1502
f 1650 1502 1649
f 1506 1503 1650
f 1506 1650 1651
f 1650 523 967
f 1650 967 1651
f 967 248 1652
f 967 1652 1651
f 1652 1507 1506
f 1652 1506 1651
f 1510 1507 1652
f 1510 1652 1653
f 1652 248 247
f 1652 247 1653
f 247 255 1654
f 247 1654 1653
f 1654 1511 1510
f 1654 1510 1653
f 1514 1511 1654
f 1514 1654 1655
f 1654 255 995
f 1654 995 1655
f 995 534 1656
f 995 1656 1655
f 1656 1515 1514
f 1656 1514 1655
f 1518 1515 1656
f 1518 1656 1657
f 1656 534 532
f 1656 532 1657
f 532 257 1658
f 532 1658 1657
f 1658 1519 1518
f 1658 1518 1657
f 1522 1519 1658
f 1522 1658 1659
f 1658 257 256
f 1658 256 1659
f 256 264 1660
f 256 1660 1659
f 1660 1523 1522
f 1660 1522 1659
f 1526 1523 1660
f 1526 1660 1661
f 1660 264 973
f 1660 973 1661
f 973 266 1662
f 973 1662 1661
f 1662 1527 1526
f 1662 1526 1661
f 1530 1527 1662
f 1530 1662 1663
f 1662 266 265
f 1662 265 1663
f 265 273 1664
f 265 1664 1663
f 1664 1531 1530
f 1664 1530 1663
f 1534 1531 1664
f 1534 1664 1665
f 1664 273 950
f 1664 950 1665
f 950 496 1666
f 950 1666 1665
f 1666 1535 1534
f 1666 1534 1665
f 1538 1535 1666
f 1538 1666 1667
f 1666 496 494
f 1666 494 1667
f 494 275 1668
f 494 1668 1667
f 1668 1539 1538
f 1668 1538 1667
f 1542 1539 1668
f 1542 1668 1669
f 1668 275 274
f 1668 274 1669
f 274 282 1670
f 274 1670 1669
f 1670 1543 1542
f 1670 1542 1669
f 1546 1543 1670
f 1546 1670 1671
f 1670 282 283
f 1670 283 1671
f 283 288 1672
f 283 1672 1671
f 1672 1547 1546
f 1672 1546 1671
f 1550 1547 1672
f 1550 1672 1673
f 1672 288 1202
f 1672 1202 1673
f 1202 290 1674
f 1202 1674 1673
f 1674 1551 1550
f 1674 1550 1673
f 1554 1551 1674
f 1554 1674 1675
f 1674 290 289
f 1674 289 1675
f 289 297 1676
f 289 1676 1675
f 1676 1555 1554
f 1676 1554 1675
f 1558 1555 1676
f 1558 1676 1677
f 1676 297 1175
f 1676 1175 1677
f 1175 299 1678
f 1175 1678 1677
f 1678 1559 1558
f 1678 1558 1677
f 1562 1559 1678
f 1562 1678 1679
f 1678 299 298
f 1678 298 1679
f 298 306 1680
f 298 1680 1679
f 1680 1563 1562
f 1680 1562 1679
f 1566 1563 1680
f 1566 1680 1681
f 1680 306 307
f 1680 307 1681
f 307 312 1682
f 307 1682 1681
f 1682 1567 1566
f 1682 1566 1681
f 1570 1567 1682
f 1570 1682 1683
f 1682 312 313
f 1682 313 1683
f 313 318 1684
f 313 1684 1683
f 1684 1571 1570
f 1684 1570 1683
f 1576 1575 1685
f 1576 1685 1686
f 1685 855 854
f 1685 854 1686
f 854 320 1687
f 854 1687 1686
f 1687 1577 1576
f 1687 1576 1686
f 1580 1577 1687
f 1580 1687 1688
f 1687 320 319
f 1687 319 1688
f 319 327 1689
f 319 1689 1688
f 1689 1581 1580
f 1689 1580 1688
f 1584 1581 1689
f 1584 1689 1690
f 1689 327 791
f 1689 791 1690
f 791 796 1691
f 791 1691 1690
f 1691 1585 1584
f 1691 1584 1690
f 1588 1585 1691
f 1588 1691 1692
f 1691 796 817
f 1691 817 1692
f 817 745 1693
f 817 1693 1692
f 1693 1589 1588
f 1693 1588 1692
f 1592 1589 1693
f 1592 1693 1694
f 1693 745 744
f 1693 744 1694
f 744 752 1695
f 744 1695 1694
f 1695 1593 1592
f 1695 1592 1694
f 1598 1597 1696
f 1598 1696 1697
f 1696 329 328
f 1696 328 1697
f 328 336 1698
f 328 1698 1697
f 1698 1599 1598
f 1698 1598 1697
f 1602 1599 1698
f 1602 1698 1699
f 1698 336 654
f 1698 654 1699
f 654 659 1700
f 654 1700 1699
f 1700 1603 1602
f 1700 1602 1699
f 111 110 1701
f 111 1701 1702
f 1701 1703 1704
f 1701 1704 1702
f 1705 1703 1701
f 1705 1701 1706
f 1701 110 1382
f 1701 1382 1706
f 1382 1381 1707
f 1382 1707 1706
f 1707 1708 1705
f 1707 1705 1706
f 1709 1708 1707
f 1709 1707 1710
f 1707 1381 1572
f 1707 1572 1710
f 1572 1571 1711
f 1572 1711 1710
f 1711 1712 1709
f 1711 1709 1710
f 1713 1712 1711
f 1713 1711 1714
f 1711 1571 1684
f 1711 1684 1714
f 1684 318 1715
f 1684 1715 1714
f 1715 1716 1713
f 1715 1713 1714
f 1717 1716 1715
f 1717 1715 1718
f 1715 318 317
f 1715 317 1718
f 317 316 1719
f 317 1719 1718
f 1719 1720 1717
f 1719 1717 1718
f 1721 1720 1719
f 1721 1719 1722
f 1719 316 933
f 1719 933 1722
f 933 480 1723
f 933 1723 1722
f 1723 1724 1721
f 1723 1721 1722
f 1725 1724 1723
f 1725 1723 1726
f 1723 480 479
f 1723 479 1726
f 479 478 1727
f 479 1727 1726
f 1727 1728 1725
f 1727 1725 1726
f 1729 1730 1731
f 1729 1731 1732
f 1731 1044 1043
f 1731 1043 1732
f 1043 103 1733
f 1043 1733 1732
f 1733 1734 1729
f 1733 1729 1732
f 102 101 1735
f 102 1735 1736
f 1735 1737 1738
f 1735 1738 1736
f 1738 1734 1733
f 1738 1733 1736
f 1733 103 102
f 1733 102 1736
f 1739 1737 1735
f 1739 1735 1740
f 1735 101 583
f 1735 583 1740
f 583 582 1741
f 583 1741 1740
f 1741 1742 1739
f 1741 1739 1740
f 1123 1122 1743
f 1123 1743 1744
f 1743 1745 1746
f 1743 1746 1744
f 1746 1742 1741
f 1746 1741 1744
f 1741 582 1123
f 1741 1123 1744
f 366 365 1747
f 366 1747 1748
f 1747 1749 1750
f 1747 1750 1748
f 1750 1751 1752
f 1750 1752 1748
f 1752 368 366
f 1752 366 1748
f 889 206 1753
f 889 1753 1754
f 1753 1755 1756
f 1753 1756 1754
f 1756 1749 1747
f 1756 1747 1754
f 1747 365 889
f 1747 889 1754
f 204 203 1757
f 204 1757 1758
f 1757 1759 1760
f 1757 1760 1758
f 1760 1755 1753
f 1760 1753 1758
f 1753 206 204
f 1753 204 1758
f 1761 1762 1763
f 1761 1763 1764
f 1763 1759 1757
f 1763 1757 1764
f 1757 203 1632
f 1757 1632 1764
f 1632 1469 1761
f 1632 1761 1764
f 1765 1766 1767
f 1765 1767 1768
f 1767 1762 1761
f 1767 1761 1768
f 1761 1469 1467
f 1761 1467 1768
f 1467 1279 1765
f 1467 1765 1768
f 1769 1770 1771
f 1769 1771 1772
f 1771 1766 1765
f 1771 1765 1772
f 1765 1279 1277
f 1765 1277 1772
f 1277 92 1769
f 1277 1769 1772
f 1773 1770 1769
f 1773 1769 1774
f 1769 92 91
f 1769 91 1774
f 1704 1703 1775
f 1704 1775 1776
f 1775 861 860
f 1775 860 1776
f 1383 861 1775
f 1383 1775 1777
f 1775 1703 1705
f 1775 1705 1777
f 1705 1708 1778
f 1705 1778 1777
f 1778 1385 1383
f 1778 1383 1777
f 1573 1385 1778
f 1573 1778 1779
f 1778 1708 1709
f 1778 1709 1779
f 1709 1712 1780
f 1709 1780 1779
f 1780 1575 1573
f 1780 1573 1779
f 1685 1575 1780
f 1685 1780 1781
f 1780 1712 1713
f 1780 1713 1781
f 1713 1716 1782
f 1713 1782 1781
f 1782 855 1685
f 1782 1685 1781
f 856 855 1782
f 856 1782 1783
f 1782 1716 1717
f 1782 1717 1783
f 1717 1720 1784
f 1717 1784 1783
f 1784 858 856
f 1784 856 1783
f 934 858 1784
f 934 1784 1785
f 1784 1720 1721
f 1784 1721 1785
f 1721 1724 1786
f 1721 1786 1785
f 1786 849 934
f 1786 934 1785
f 850 849 1786
f 850 1786 1787
f 1786 1724 1725
f 1786 1725 1787
f 1725 1728 1788
f 1725 1788 1787
f 1788 852 850
f 1788 850 1787
f 1047 1046 1789
f 1047 1789 1790
f 1789 1730 1729
f 1789 1729 1790
f 1729 1734 1791
f 1729 1791 1790
f 1791 847 1047
f 1791 1047 1790
f 1738 1737 1792
f 1738 1792 1793
f 1792 839 844
f 1792 844 1793
f 844 847 1791
f 844 1791 1793
f 1791 1734 1738
f 1791 1738 1793
f 840 839 1792
f 840 1792 1794
f 1792 1737 1739
f 1792 1739 1794
f 1739 1742 1795
f 1739 1795 1794
f 1795 842 840
f 1795 840 1794
f 1746 1745 1796
f 1746 1796 1797
f 1796 1118 1117
f 1796 1117 1797
f 1117 842 1795
f 1117 1795 1797
f 1795 1742 1746
f 1795 1746 1797
f 1750 1749 1798
f 1750 1798 1799
f 1798 833 832
f 1798 832 1799
f 832 837 1800
f 832 1800 1799
f 1800 1751 1750
f 1800 1750 1799
f 1756 1755 1801
f 1756 1801 1802
f 1801 831 887
f 1801 887 1802
f 887 833 1798
f 887 1798 1802
f 1798 1749 1756
f 1798 1756 1802
f 1760 1759 1803
f 1760 1803 1804
f 1803 827 826
f 1803 826 1804
f 826 831 1801
f 826 1801 1804
f 1801 1755 1760
f 1801 1760 1804
f 1805 1465 1631
f 1805 1631 1806
f 1631 827 1803
f 1631 1803 1806
f 1803 1759 1763
f 1803 1763 1806
f 1763 1762 1805
f 1763 1805 1806
f 1807 1275 1466
f 1807 1466 1808
f 1466 1465 1805
f 1466 1805 1808
f 1805 1762 1767
f 1805 1767 1808
f 1767 1766 1807
f 1767 1807 1808
f 1809 824 1276
f 1809 1276 1810
f 1276 1275 1807
f 1276 1807 1810
f 1807 1766 1771
f 1807 1771 1810
f 1771 1770 1809
f 1771 1809 1810
f 825 824 1809
f 825 1809 1811
f 1809 1770 1773
f 1809 1773 1811
f 1812 1813 1814
f 1812 1814 1815
f 1814 1816 1817
f 1814 1817 1815
f 1818 1816 1814
f 1818 1814 1819
f 1814 1813 1820
f 1814 1820 1819
f 1820 1821 1822
f 1820 1822 1819
f 1822 1823 1818
f 1822 1818 1819
f 1824 1823 1822
f 1824 1822 1825
f 1822 1821 1826
f 1822 1826 1825
f 1826 1827 1828
f 1826 1828 1825
f 1828 1829 1824
f 1828 1824 1825
f 1830 1829 1828
f 1830 1828 1831
f 1828 1827 1832
f 1828 1832 1831
f 1832 1833 1834
f 1832 1834 1831
f 1834 1835 1830
f 1834 1830 1831
f 1836 1835 1834
f 1836 1834 1837
f 1834 1833 1838
f 1834 1838 1837
f 1838 1839 1840
f 1838 1840 1837
f 1840 1841 1836
f 1840 1836 1837
f 1842 1841 1840
f 1842 1840 1843
f 1840 1839 1844
f 1840 1844 1843
f 1844 1845 1846
f 1844 1846 1843
f 1846 1847 1842
f 1846 1842 1843
f 1848 1847 1846
f 1848 1846 1849
f 1846 1845 1850
f 1846 1850 1849
f 1850 1851 1852
f 1850 1852 1849
f 1852 1853 1848
f 1852 1848 1849
f 1854 1855 1856
f 1854 1856 1857
f 1856 1858 1859
f 1856 1859 1857
f 1859 1860 1861
f 1859 1861 1857
f 1861 1862 1854
f 1861 1854 1857
f 1863 1864 1865
f 1863 1865 1866
f 1865 1862 1861
f 1865 1861 1866
f 1861 1860 1867
f 1861 1867 1866
f 1867 1868 1863
f 1867 1863 1866
f 1869 1864 1863
f 1869 1863 1870
f 1863 1868 1871
f 1863 1871 1870
f 1871 1872 1873
f 1871 1873 1870
f 1873 1874 1869
f 1873 1869 1870
f 1875 1876 1877
f 1875 1877 1878
f 1877 1874 1873
f 1877 1873 1878
f 1873 1872 1879
f 1873 1879 1878
f 1879 1880 1875
f 1879 1875 1878
f 1881 1882 1883
f 1881 1883 1884
f 1883 1885 1886
f 1883 1886 1884
f 1886 1887 1888
f 1886 1888 1884
f 1888 1889 1881
f 1888 1881 1884
f 1890 1891 1892
f 1890 1892 1893
f 1892 1882 1881
f 1892 1881 1893
f 1881 1889 1894
f 1881 1894 1893
f 1894 1895 1890
f 1894 1890 1893
f 1896 1897 1898
f 1896 1898 1899
f 1898 1891 1890
f 1898 1890 1899
f 1890 1895 1900
f 1890 1900 1899
f 1900 1901 1896
f 1900 1896 1899
f 1902 1605 1903
f 1902 1903 1904
f 1903 1897 1896
f 1903 1896 1904
f 1896 1901 1905
f 1896 1905 1904
f 1905 1906 1902
f 1905 1902 1904
f 1907 1415 1606
f 1907 1606 1908
f 1606 1605 1902
f 1606 1902 1908
f 1902 1906 1909
f 1902 1909 1908
f 1909 1910 1907
f 1909 1907 1908
f 1911 663 1416
f 1911 1416 1912
f 1416 1415 1907
f 1416 1907 1912
f 1907 1910 1913
f 1907 1913 1912
f 1913 1914 1911
f 1913 1911 1912
f 664 663 1911
f 664 1911 1915
f 1911 1914 1916
f 1911 1916 1915
f 1817 1816 1917
f 1817 1917 1918
f 1917 615 614
f 1917 614 1918
f 1245 615 1917
f 1245 1917 1919
f 1917 1816 1818
f 1917 1818 1919
f 1818 1823 1920
f 1818 1920 1919
f 1920 1247 1245
f 1920 1245 1919
f 1435 1247 1920
f 1435 1920 1921
f 1920 1823 1824
f 1920 1824 1921
f 1824 1829 1922
f 1824 1922 1921
f 1922 1437 1435
f 1922 1435 1921
f 1616 1437 1922
f 1616 1922 1923
f 1922 1829 1830
f 1922 1830 1923
f 1830 1835 1924
f 1830 1924 1923
f 1924 620 1616
f 1924 1616 1923
f 621 620 1924
f 621 1924 1925
f 1924 1835 1836
f 1924 1836 1925
f 1836 1841 1926
f 1836 1926 1925
f 1926 622 621
f 1926 621 1925
f 875 622 1926
f 875 1926 1927
f 1926 1841 1842
f 1926 1842 1927
f 1842 1847 1928
f 1842 1928 1927
f 1928 626 875
f 1928 875 1927
f 627 626 1928
f 627 1928 1929
f 1928 1847 1848
f 1928 1848 1929
f 1848 1853 1930
f 1848 1930 1929
f 1930 628 627
f 1930 627 1929
f 1094 1093 1931
f 1094 1931 1932
f 1931 1855 1854
f 1931 1854 1932
f 1854 1862 1933
f 1854 1933 1932
f 1933 636 1094
f 1933 1094 1932
f 1934 638 637
f 1934 637 1935
f 637 636 1933
f 637 1933 1935
f 1933 1862 1865
f 1933 1865 1935
f 1865 1864 1934
f 1865 1934 1935
f 641 638 1934
f 641 1934 1936
f 1934 1864 1869
f 1934 1869 1936
f 1869 1874 1937
f 1869 1937 1936
f 1937 642 641
f 1937 641 1936
f 1938 1067 1066
f 1938 1066 1939
f 1066 642 1937
f 1066 1937 1939
f 1937 1874 1877
f 1937 1877 1939
f 1877 1876 1938
f 1877 1938 1939
f 1940 653 652
f 1940 652 1941
f 652 651 1942
f 652 1942 1941
f 1942 1885 1883
f 1942 1883 1941
f 1883 1882 1940
f 1883 1940 1941
f 1943 657 947
f 1943 947 1944
f 947 653 1940
f 947 1940 1944
f 1940 1882 1892
f 1940 1892 1944
f 1892 1891 1943
f 1892 1943 1944
f 1945 659 658
f 1945 658 1946
f 658 657 1943
f 658 1943 1946
f 1943 1891 1898
f 1943 1898 1946
f 1898 1897 1945
f 1898 1945 1946
f 1604 1603 1700
f 1604 1700 1947
f 1700 659 1945
f 1700 1945 1947
f 1945 1897 1903
f 1945 1903 1947
f 1903 1605 1604
f 1903 1604 1947
f 686 691 1948
f 686 1948 1949
f 1948 1813 1812
f 1948 1812 1949
f 1820 1813 1948
f 1820 1948 1950
f 1948 691 1241
f 1948 1241 1950
f 1241 1244 1951
f 1241 1951 1950
f 1951 1821 1820
f 1951 1820 1950
f 1826 1821 1951
f 1826 1951 1952
f 1951 1244 1431
f 1951 1431 1952
f 1431 1434 1953
f 1431 1953 1952
f 1953 1827 1826
f 1953 1826 1952
f 1832 1827 1953
f 1832 1953 1954
f 1953 1434 1614
f 1953 1614 1954
f 1614 678 1955
f 1614 1955 1954
f 1955 1833 1832
f 1955 1832 1954
f 1838 1833 1955
f 1838 1955 1956
f 1955 678 677
f 1955 677 1956
f 677 682 1957
f 677 1957 1956
f 1957 1839 1838
f 1957 1838 1956
f 1844 1839 1957
f 1844 1957 1958
f 1957 682 871
f 1957 871 1958
f 871 669 1959
f 871 1959 1958
f 1959 1845 1844
f 1959 1844 1958
f 1850 1845 1959
f 1850 1959 1960
f 1959 669 668
f 1959 668 1960
f 668 673 1961
f 668 1961 1960
f 1961 1851 1850
f 1961 1850 1960
f 1859 1858 1962
f 1859 1962 1963
f 1962 1086 1085
f 1962 1085 1963
f 1964 1860 1859
f 1964 1859 1963
f 1965 1868 1867
f 1965 1867 1966
f 1867 1860 1964
f 1867 1964 1966
f 1871 1868 1965
f 1871 1965 1967
f 1965 1074 1073
f 1965 1073 1967
f 1073 1072 1968
f 1073 1968 1967
f 1968 1872 1871
f 1968 1871 1967
f 1969 1880 1879
f 1969 1879 1970
f 1879 1872 1968
f 1879 1968 1970
f 1968 1072 1070
f 1968 1070 1970
f 1070 1069 1969
f 1070 1969 1970
f 1971 1889 1888
f 1971 1888 1972
f 1888 1887 1973
f 1888 1973 1972
f 1973 338 337
f 1973 337 1972
f 337 345 1971
f 337 1971 1972
f 1974 1895 1894
f 1974 1894 1975
f 1894 1889 1971
f 1894 1971 1975
f 1971 345 864
f 1971 864 1975
f 864 176 1974
f 864 1974 1975
f 1976 1901 1900
f 1976 1900 1977
f 1900 1895 1974
f 1900 1974 1977
f 1974 176 175
f 1974 175 1977
f 175 183 1976
f 175 1976 1977
f 1978 1906 1905
f 1978 1905 1979
f 1905 1901 1976
f 1905 1976 1979
f 1976 183 1607
f 1976 1607 1979
f 1607 1418 1978
f 1607 1978 1979
f 1980 1910 1909
f 1980 1909 1981
f 1909 1906 1978
f 1909 1978 1981
f 1978 1418 1417
f 1978 1417 1981
f 1417 1228 1980
f 1417 1980 1981
f 1982 1914 1913
f 1982 1913 1983
f 1913 1910 1980
f 1913 1980 1983
f 1980 1228 1227
f 1980 1227 1983
f 1227 14 1982
f 1227 1982 1983
f 1916 1914 1982
f 1916 1982 1984
f 1982 14 13
f 1982 13 1984
f 1985 1069 1068
f 1985 1068 1986
f 1068 1076 1987
f 1068 1987 1986
f 1987 341 339
f 1987 339 1986
f 339 338 1985
f 339 1985 1986
f 665 341 1987
f 665 1987 1988
f 1987 1076 1077
f 1987 1077 1988
f 1077 1080 1989
f 1077 1989 1988
f 1989 591 665
f 1989 665 1988
f 592 591 1989
f 592 1989 1990
f 1989 1080 1081
f 1989 1081 1990
f 1081 1084 1991
f 1081 1991 1990
f 1991 594 592
f 1991 592 1990
f 1992 673 672
f 1992 672 1993
f 672 594 1991
f 672 1991 1993
f 1991 1084 1087
f 1991 1087 1993
f 1087 1086 1992
f 1087 1992 1993
f 1994 1851 1961
f 1994 1961 1995
f 1961 673 1992
f 1961 1992 1995
f 1992 1086 1962
f 1992 1962 1995
f 1962 1858 1994
f 1962 1994 1995
f 1996 1853 1852
f 1996 1852 1997
f 1852 1851 1994
f 1852 1994 1997
f 1994 1858 1856
f 1994 1856 1997
f 1856 1855 1996
f 1856 1996 1997
f 1998 628 1930
f 1998 1930 1999
f 1930 1853 1996
f 1930 1996 1999
f 1996 1855 1931
f 1996 1931 1999
f 1931 1093 1998
f 1931 1998 1999
f 2000 350 629
f 2000 629 2001
f 629 628 1998
f 629 1998 2001
f 1998 1093 1091
f 1998 1091 2001
f 1091 1090 2000
f 1091 2000 2001
f 351 350 2000
f 351 2000 2002
f 2000 1090 1095
f 2000 1095 2002
f 1095 1098 2003
f 1095 2003 2002
f 2003 352 351
f 2003 351 2002
f 2004 715 714
f 2004 714 2005
f 714 713 2006
f 714 2006 2005
f 2006 1103 1101
f 2006 1101 2005
f 1101 1100 2004
f 1101 2004 2005
f 2007 773 808
f 2007 808 2008
f 808 715 2004
f 808 2004 2008
f 2004 1100 1107
f 2004 1107 2008
f 1107 1106 2007
f 1107 2007 2008
f 2009 359 774
f 2009 774 2010
f 774 773 2007
f 774 2007 2010
f 2007 1106 1111
f 2007 1111 2010
f 1111 1110 2009
f 1111 2009 2010
f 360 359 2009
f 360 2009 2011
f 2009 1110 1113
f 2009 1113 2011
f 1113 1116 2012
f 1113 2012 2011
f 2012 361 360
f 2012 360 2011
f 2013 837 836
f 2013 836 2014
f 836 361 2012
f 836 2012 2014
f 2012 1116 1119
f 2012 1119 2014
f 1119 1118 2013
f 1119 2013 2014
f 2015 1751 1800
f 2015 1800 2016
f 1800 837 2013
f 1800 2013 2016
f 2013 1118 1796
f 2013 1796 2016
f 1796 1745 2015
f 1796 2015 2016
f 2017 368 1752
f 2017 1752 2018
f 1752 1751 2015
f 1752 2015 2018
f 2015 1745 1743
f 2015 1743 2018
f 1743 1122 2017
f 1743 2017 2018
f 369 368 2017
f 369 2017 2019
f 2017 1122 1121
f 2017 1121 2019
f 1121 1126 2020
f 1121 2020 2019
f 2020 370 369
f 2020 369 2019
f 375 370 2020
f 375 2020 2021
f 2020 1126 1127
f 2020 1127 2021
f 1127 1130 2022
f 1127 2022 2021
f 2022 376 375
f 2022 375 2021
f 381 376 2022
f 381 2022 2023
f 2022 1130 1131
f 2022 1131 2023
f 1131 1134 2024
f 1131 2024 2023
f 2024 382 381
f 2024 381 2023
f 1193 382 2024
f 1193 2024 2025
f 2024 1134 1189
f 2024 1189 2025
f 1189 1136 2026
f 1189 2026 2025
f 2026 389 1193
f 2026 1193 2025
f 390 389 2026
f 390 2026 2027
f 2026 1136 1135
f 2026 1135 2027
f 1135 1140 2028
f 1135 2028 2027
f 2028 391 390
f 2028 390 2027
f 1220 391 2028
f 1220 2028 2029
f 2028 1140 1216
f 2028 1216 2029
f 1216 1142 2030
f 1216 2030 2029
f 2030 398 1220
f 2030 1220 2029
f 399 398 2030
f 399 2030 2031
f 2030 1142 1141
f 2030 1141 2031
f 1141 1146 2032
f 1141 2032 2031
f 2032 400 399
f 2032 399 2031
f 405 400 2032
f 405 2032 2033
f 2032 1146 1147
f 2032 1147 2033
f 1147 1150 2034
f 1147 2034 2033
f 2034 406 405
f 2034 405 2033
f 514 406 2034
f 514 2034 2035
f 2034 1150 1151
f 2034 1151 2035
f 1151 1154 2036
f 1151 2036 2035
f 2036 515 514
f 2036 514 2035
f 964 515 2036
f 964 2036 2037
f 2036 1154 1155
f 2036 1155 2037
f 1155 1158 2038
f 1155 2038 2037
f 2038 413 964
f 2038 964 2037
f 414 413 2038
f 414 2038 2039
f 2038 1158 1159
f 2038 1159 2039
f 1159 1162 2040
f 1159 2040 2039
f 2040 415 414
f 2040 414 2039
f 992 415 2040
f 992 2040 2041
f 2040 1162 1163
f 2040 1163 2041
f 1163 1166 2042
f 1163 2042 2041
f 2042 542 992
f 2042 992 2041
f 2043 422 543
f 2043 543 2044
f 543 542 2042
f 543 2042 2044
f 2042 1166 1169
f 2042 1169 2044
f 1169 1168 2043
f 1169 2043 2044
f 423 422 2043
f 423 2043 2045
f 2043 1168 1171
f 2043 1171 2045
f 1171 1003 2046
f 1171 2046 2045
f 2046 424 423
f 2046 423 2045
f 2047 431 979
f 2047 979 2048
f 979 424 2046
f 979 2046 2048
f 2046 1003 1001
f 2046 1001 2048
f 1001 1000 2047
f 1001 2047 2048
f 432 431 2047
f 432 2047 2049
f 2047 1000 1005
f 2047 1005 2049
f 1005 1008 2050
f 1005 2050 2049
f 2050 433 432
f 2050 432 2049
f 2051 504 956
f 2051 956 2052
f 956 433 2050
f 956 2050 2052
f 2050 1008 1011
f 2050 1011 2052
f 1011 1010 2051
f 1011 2051 2052
f 2053 440 505
f 2053 505 2054
f 505 504 2051
f 505 2051 2054
f 2051 1010 1015
f 2051 1015 2054
f 1015 1014 2053
f 1015 2053 2054
f 441 440 2053
f 441 2053 2055
f 2053 1014 1017
f 2053 1017 2055
f 1017 1020 2056
f 1017 2056 2055
f 2056 442 441
f 2056 441 2055
f 447 442 2056
f 447 2056 2057
f 2056 1020 1021
f 2056 1021 2057
f 1021 1024 2058
f 1021 2058 2057
f 2058 448 447
f 2058 447 2057
f 2059 455 1208
f 2059 1208 2060
f 1208 448 2058
f 1208 2058 2060
f 2058 1024 1209
f 2058 1209 2060
f 1209 1026 2059
f 1209 2059 2060
f 456 455 2059
f 456 2059 2061
f 2059 1026 1025
f 2059 1025 2061
f 1025 1030 2062
f 1025 2062 2061
f 2062 457 456
f 2062 456 2061
f 2063 464 1181
f 2063 1181 2064
f 1181 457 2062
f 1181 2062 2064
f 2062 1030 1182
f 2062 1182 2064
f 1182 1032 2063
f 1182 2063 2064
f 465 464 2063
f 465 2063 2065
f 2063 1032 1031
f 2063 1031 2065
f 1031 1036 2066
f 1031 2066 2065
f 2066 466 465
f 2066 465 2065
f 471 466 2066
f 471 2066 2067
f 2066 1036 1037
f 2066 1037 2067
f 1037 1040 2068
f 1037 2068 2067
f 2068 472 471
f 2068 471 2067
f 477 472 2068
f 477 2068 2069
f 2068 1040 1041
f 2068 1041 2069
f 1041 1044 2070
f 1041 2070 2069
f 2070 478 477
f 2070 477 2069
f 2071 1728 1727
f 2071 1727 2072
f 1727 478 2070
f 1727 2070 2072
f 2070 1044 1731
f 2070 1731 2072
f 1731 1730 2071
f 1731 2071 2072
f 2073 852 1788
f 2073 1788 2074
f 1788 1728 2071
f 1788 2071 2074
f 2071 1730 1789
f 2071 1789 2074
f 1789 1046 2073
f 1789 2073 2074
f 853 852 2073
f 853 2073 2075
f 2073 1046 1045
f 2073 1045 2075
f 1045 1050 2076
f 1045 2076 2075
f 2076 485 853
f 2076 853 2075
f 486 485 2076
f 486 2076 2077
f 2076 1050 1051
f 2076 1051 2077
f 1051 1054 2078
f 1051 2078 2077
f 2078 487 486
f 2078 486 2077
f 787 487 2078
f 787 2078 2079
f 2078 1054 1055
f 2078 1055 2079
f 1055 1058 2080
f 1055 2080 2079
f 2080 788 787
f 2080 787 2079
f 816 788 2080
f 816 2080 2081
f 2080 1058 1059
f 2080 1059 2081
f 1059 736 735
f 1059 735 2081
f 735 734 816
f 735 816 2081
f 650 649 739
f 650 739 2082
f 739 738 1064
f 739 1064 2082
f 1064 1067 2083
f 1064 2083 2082
f 2083 651 650
f 2083 650 2082
f 1942 651 2083
f 1942 2083 2084
f 2083 1067 1938
f 2083 1938 2084
f 1938 1876 2085
f 1938 2085 2084
f 2085 1885 1942
f 2085 1942 2084
f 1886 1885 2085
f 1886 2085 2086
f 2085 1876 1875
f 2085 1875 2086
f 1875 1880 2087
f 1875 2087 2086
f 2087 1887 1886
f 2087 1886 2086
f 1973 1887 2087
f 1973 2087 2088
f 2087 1880 1969
f 2087 1969 2088
f 1969 1069 1985
f 1969 1985 2088
f 1985 338 1973
f 1985 1973 2088
f 84 83 2089
f 84 2089 2090
f 2089 693 692
f 2089 692 2090
f 1255 693 2089
f 1255 2089 2091
f 2089 83 1254
f 2089 1254 2091
f 1254 1253 2092
f 1254 2092 2091
f 2092 1257 1255
f 2092 1255 2091
f 1445 1257 2092
f 1445 2092 2093
f 2092 1253 1444
f 2092 1444 2093
f 1444 1443 2094
f 1444 2094 2093
f 2094 1447 1445
f 2094 1445 2093
f 1621 1447 2094
f 1621 2094 2095
f 2094 1443 1620
f 2094 1620 2095
f 1620 192 2096
f 1620 2096 2095
f 2096 702 1621
f 2096 1621 2095
f 703 702 2096
f 703 2096 2097
f 2096 192 191
f 2096 191 2097
f 191 190 2098
f 191 2098 2097
f 2098 704 703
f 2098 703 2097
f 880 704 2098
f 880 2098 2099
f 2098 190 877
f 2098 877 2099
f 877 354 2100
f 877 2100 2099
f 2100 711 880
f 2100 880 2099
f 712 711 2100
f 712 2100 2101
f 2100 354 353
f 2100 353 2101
f 353 352 2102
f 353 2102 2101
f 2102 713 712
f 2102 712 2101
f 2006 713 2102
f 2006 2102 2103
f 2102 352 2003
f 2102 2003 2103
f 2003 1098 2104
f 2003 2104 2103
f 2104 1103 2006
f 2104 2006 2103
f 1104 1103 2104
f 1104 2104 2105
f 2104 1098 1097
f 2104 1097 2105
f 1097 722 721
f 1097 721 2105
f 721 720 1104
f 721 1104 2105
f 2106 750 944
f 2106 944 2107
f 944 743 742
f 944 742 2107
f 742 741 740
f 742 740 2107
f 740 646 945
f 740 945 2107
f 945 334 333
f 945 333 2107
f 333 332 2106
f 333 2106 2107
f 2108 752 751
f 2108 751 2109
f 751 750 2106
f 751 2106 2109
f 2106 332 330
f 2106 330 2109
f 330 329 2108
f 330 2108 2109
f 2110 1593 1695
f 2110 1695 2111
f 1695 752 2108
f 1695 2108 2111
f 2108 329 1696
f 2108 1696 2111
f 1696 1597 2110
f 1696 2110 2111
f 2112 1403 1594
f 2112 1594 2113
f 1594 1593 2110
f 1594 2110 2113
f 2110 1597 1595
f 2110 1595 2113
f 1595 1407 2112
f 1595 2112 2113
f 2114 757 1404
f 2114 1404 2115
f 1404 1403 2112
f 1404 2112 2115
f 2112 1407 1405
f 2112 1405 2115
f 1405 86 2114
f 1405 2114 2115
f 758 757 2114
f 758 2114 2116
f 2114 86 85
f 2114 85 2116
f 1078 1075 1074
f 1078 1074 1079
f 1085 1088 1964
f 1085 1964 1963
f 1088 1083 1966
f 1088 1966 1964
f 1079 1074 1965
f 1079 1965 1082
f 1083 1082 1965
f 1083 1965 1966
f 2117 2118 2119
f 2117 2119 2120
f 2119 2118 2121
f 2119 2121 2122
f 2121 2118 2123
f 2121 2123 2124
f 2123 2118 2117
f 2123 2117 2125
f 2126 2127 2128
f 2126 2128 2129
f 2128 2127 2130
f 2128 2130 2131
f 18 2130 2127
f 18 2127 16
f 16 2127 2126
f 16 2126 13
f 22 2132 2133
f 22 2133 19
f 2133 2132 2134
f 2133 2134 2135
f 2134 2132 2136
f 2134 2136 2137
f 24 2136 2132
f 24 2132 22
f 28 2138 2139
f 28 2139 25
f 2139 2138 2140
f 2139 2140 2141
f 2140 2138 2142
f 2140 2142 2143
f 30 2142 2138
f 30 2138 28
f 34 2144 2145
f 34 2145 31
f 2145 2144 2146
f 2145 2146 2147
f 2146 2144 2148
f 2146 2148 2149
f 36 2148 2144
f 36 2144 34
f 40 2150 2151
f 40 2151 37
f 2151 2150 2152
f 2151 2152 2153
f 2152 2150 2154
f 2152 2154 2155
f 42 2154 2150
f 42 2150 40
f 2156 2157 2158
f 2156 2158 2159
f 2158 2157 2160
f 2158 2160 2161
f 2160 2157 2162
f 2160 2162 2163
f 2162 2157 2156
f 2162 2156 2164
f 55 2165 2166
f 55 2166 52
f 2166 2165 2167
f 2166 2167 2168
f 2167 2165 2169
f 2167 2169 2170
f 57 2169 2165
f 57 2165 55
f 61 2171 2172
f 61 2172 58
f 2172 2171 2173
f 2172 2173 2174
f 2173 2171 2175
f 2173 2175 2176
f 63 2175 2171
f 63 2171 61
f 2177 2178 2179
f 2177 2179 2180
f 2179 2178 2181
f 2179 2181 2182
f 2181 2178 2183
f 2181 2183 2184
f 2183 2178 2177
f 2183 2177 2185
f 76 2186 2187
f 76 2187 73
f 2187 2186 2188
f 2187 2188 2189
f 2188 2186 2190
f 2188 2190 2191
f 78 2190 2186
f 78 2186 76
f 82 2192 2193
f 82 2193 79
f 2193 2192 2194
f 2193 2194 2195
f 2194 2192 2196
f 2194 2196 2197
f 84 2196 2192
f 84 2192 82
f 88 2198 2199
f 88 2199 85
f 2199 2198 2200
f 2199 2200 2201
f 2200 2198 2202
f 2200 2202 2203
f 90 2202 2198
f 90 2198 88
f 94 2204 2205
f 94 2205 91
f 2205 2204 2206
f 2205 2206 2207
f 2206 2204 2208
f 2206 2208 2209
f 96 2208 2204
f 96 2204 94
f 2210 2211 2212
f 2210 2212 2213
f 2212 2211 2214
f 2212 2214 2215
f 2214 2211 2216
f 2214 2216 2217
f 2216 2211 2210
f 2216 2210 2218
f 109 2219 2220
f 109 2220 106
f 2220 2219 2221
f 2220 2221 2222
f 2221 2219 2223
f 2221 2223 2224
f 111 2223 2219
f 111 2219 109
f 115 2225 2226
f 115 2226 112
f 2226 2225 2227
f 2226 2227 2228
f 2227 2225 2229
f 2227 2229 2230
f 117 2229 2225
f 117 2225 115
f 2231 2232 2233
f 2231 2233 2234
f 2233 2232 2235
f 2233 2235 2236
f 2235 2232 2237
f 2235 2237 2238
f 2237 2232 2231
f 2237 2231 2239
f 130 2240 2241
f 130 2241 127
f 2241 2240 2242
f 2241 2242 2243
f 2242 2240 2244
f 2242 2244 2245
f 132 2244 2240
f 132 2240 130
f 136 2246 2247
f 136 2247 133
f 2247 2246 2248
f 2247 2248 2249
f 2248 2246 2220
f 2248 2220 2222
f 106 2220 2246
f 106 2246 136
f 2250 2251 2252
f 2250 2252 2253
f 2252 2251 2210
f 2252 2210 2213
f 2210 2251 2254
f 2210 2254 2218
f 2254 2251 2250
f 2254 2250 2255
f 144 2256 2208
f 144 2208 96
f 2208 2256 2257
f 2208 2257 2209
f 2257 2256 2258
f 2257 2258 2259
f 146 2258 2256
f 146 2256 144
f 150 2260 2261
f 150 2261 147
f 2261 2260 2262
f 2261 2262 2263
f 2262 2260 2247
f 2262 2247 2249
f 133 2247 2260
f 133 2260 150
f 2264 2265 2266
f 2264 2266 2267
f 2266 2265 2250
f 2266 2250 2253
f 2250 2265 2268
f 2250 2268 2255
f 2268 2265 2264
f 2268 2264 2269
f 158 2270 2258
f 158 2258 146
f 2258 2270 2271
f 2258 2271 2259
f 2271 2270 2272
f 2271 2272 2273
f 160 2272 2270
f 160 2270 158
f 164 2274 2275
f 164 2275 161
f 2275 2274 2276
f 2275 2276 2277
f 2276 2274 2241
f 2276 2241 2243
f 127 2241 2274
f 127 2274 164
f 2278 2279 2280
f 2278 2280 2281
f 2280 2279 2231
f 2280 2231 2234
f 2231 2279 2282
f 2231 2282 2239
f 2282 2279 2278
f 2282 2278 2283
f 172 2284 2229
f 172 2229 117
f 2229 2284 2285
f 2229 2285 2230
f 2285 2284 2286
f 2285 2286 2287
f 174 2286 2284
f 174 2284 172
f 2288 2289 2290
f 2288 2290 2291
f 2290 2289 2292
f 2290 2292 2293
f 2292 2289 2294
f 2292 2294 2295
f 2294 2289 2288
f 2294 2288 2296
f 2297 2298 2299
f 2297 2299 2300
f 2299 2298 2301
f 2299 2301 2302
f 2301 2298 2303
f 2301 2303 2304
f 2303 2298 2297
f 2303 2297 2305
f 2306 2307 2308
f 2306 2308 2309
f 2308 2307 2310
f 2308 2310 2311
f 2310 2307 2312
f 2310 2312 2313
f 2312 2307 2306
f 2312 2306 2314
f 2315 2316 2317
f 2315 2317 2318
f 2317 2316 2319
f 2317 2319 2320
f 2319 2316 2321
f 2319 2321 2322
f 2321 2316 2315
f 2321 2315 2323
f 2324 2325 2321
f 2324 2321 2323
f 2321 2325 2326
f 2321 2326 2322
f 2326 2325 2327
f 2326 2327 2328
f 2327 2325 2324
f 2327 2324 2329
f 2330 2331 2327
f 2330 2327 2329
f 2327 2331 2332
f 2327 2332 2328
f 2332 2331 2333
f 2332 2333 2334
f 2333 2331 2330
f 2333 2330 2335
f 2336 2337 2338
f 2336 2338 2339
f 2338 2337 2340
f 2338 2340 2341
f 2340 2337 2342
f 2340 2342 2343
f 2342 2337 2336
f 2342 2336 2344
f 2345 2346 2347
f 2345 2347 2348
f 2347 2346 2349
f 2347 2349 2350
f 2349 2346 2351
f 2349 2351 2352
f 2351 2346 2345
f 2351 2345 2353
f 2354 2355 2351
f 2354 2351 2353
f 2351 2355 2356
f 2351 2356 2352
f 2356 2355 2357
f 2356 2357 2358
f 2357 2355 2354
f 2357 2354 2359
f 2360 2361 2362
f 2360 2362 2363
f 2362 2361 2364
f 2362 2364 2365
f 2364 2361 2366
f 2364 2366 2367
f 2366 2361 2360
f 2366 2360 2368
f 2369 2370 2371
f 2369 2371 2372
f 2371 2370 2373
f 2371 2373 2374
f 2373 2370 2375
f 2373 2375 2376
f 2375 2370 2369
f 2375 2369 2377
f 2378 2379 2380
f 2378 2380 2381
f 2380 2379 2382
f 2380 2382 2383
f 2382 2379 2384
f 2382 2384 2385
f 2384 2379 2378
f 2384 2378 2386
f 2387 2388 2389
f 2387 2389 2390
f 2389 2388 2391
f 2389 2391 2392
f 2391 2388 2393
f 2391 2393 2394
f 2393 2388 2387
f 2393 2387 2395
f 2396 2397 2393
f 2396 2393 2395
f 2393 2397 2398
f 2393 2398 2394
f 2398 2397 2399
f 2398 2399 2400
f 2399 2397 2396
f 2399 2396 2401
f 2402 2403 2404
f 2402 2404 2405
f 2404 2403 2406
f 2404 2406 2407
f 2406 2403 2408
f 2406 2408 2409
f 2408 2403 2402
f 2408 2402 2410
f 2411 2412 2413
f 2411 2413 2414
f 2413 2412 2415
f 2413 2415 2416
f 2415 2412 2417
f 2415 2417 2418
f 2417 2412 2411
f 2417 2411 2419
f 2420 2421 2417
f 2420 2417 2419
f 2417 2421 2422
f 2417 2422 2418
f 2422 2421 2423
f 2422 2423 2424
f 2423 2421 2420
f 2423 2420 2425
f 2426 2427 2423
f 2426 2423 2425
f 2423 2427 2428
f 2423 2428 2424
f 2428 2427 2429
f 2428 2429 2430
f 2429 2427 2426
f 2429 2426 2431
f 2432 2433 2434
f 2432 2434 2435
f 2434 2433 2436
f 2434 2436 2437
f 2436 2433 2438
f 2436 2438 2439
f 2438 2433 2432
f 2438 2432 2440
f 2441 2442 2443
f 2441 2443 2444
f 2443 2442 2445
f 2443 2445 2446
f 2445 2442 2447
f 2445 2447 2448
f 2447 2442 2441
f 2447 2441 2449
f 2450 2451 2452
f 2450 2452 2453
f 2452 2451 2454
f 2452 2454 2455
f 2454 2451 2456
f 2454 2456 2457
f 2456 2451 2450
f 2456 2450 2458
f 2459 2460 2461
f 2459 2461 2462
f 2461 2460 2463
f 2461 2463 2464
f 2463 2460 2465
f 2463 2465 2466
f 2465 2460 2459
f 2465 2459 2467
f 2468 2469 2470
f 2468 2470 2471
f 2470 2469 2472
f 2470 2472 2473
f 2472 2469 2474
f 2472 2474 2475
f 2474 2469 2468
f 2474 2468 2476
f 2477 2478 2479
f 2477 2479 2480
f 2479 2478 2481
f 2479 2481 2482
f 2481 2478 2483
f 2481 2483 2484
f 2483 2478 2477
f 2483 2477 2485
f 2486 2487 2483
f 2486 2483 2485
f 2483 2487 2488
f 2483 2488 2484
f 2488 2487 2489
f 2488 2489 2490
f 2489 2487 2486
f 2489 2486 2491
f 2492 2493 2489
f 2492 2489 2491
f 2489 2493 2494
f 2489 2494 2490
f 2494 2493 2495
f 2494 2495 2496
f 2495 2493 2492
f 2495 2492 2497
f 2498 2499 2500
f 2498 2500 2501
f 2500 2499 2502
f 2500 2502 2503
f 2502 2499 2504
f 2502 2504 2505
f 2504 2499 2498
f 2504 2498 2506
f 2507 2508 2509
f 2507 2509 2510
f 2509 2508 2511
f 2509 2511 2512
f 2511 2508 2513
f 2511 2513 2514
f 2513 2508 2507
f 2513 2507 2515
f 2516 2517 2513
f 2516 2513 2515
f 2513 2517 2518
f 2513 2518 2514
f 2518 2517 2519
f 2518 2519 2520
f 2519 2517 2516
f 2519 2516 2521
f 2522 2523 2524
f 2522 2524 2525
f 2524 2523 2526
f 2524 2526 2527
f 2526 2523 2528
f 2526 2528 2529
f 2528 2523 2522
f 2528 2522 2530
f 2531 2532 2533
f 2531 2533 2534
f 2533 2532 2535
f 2533 2535 2536
f 2535 2532 2537
f 2535 2537 2538
f 2537 2532 2531
f 2537 2531 2539
f 2540 2541 2542
f 2540 2542 2543
f 2542 2541 2544
f 2542 2544 2545
f 2544 2541 2546
f 2544 2546 2547
f 2546 2541 2540
f 2546 2540 2548
f 2549 2550 2551
f 2549 2551 2552
f 2551 2550 2553
f 2551 2553 2554
f 2553 2550 2555
f 2553 2555 2556
f 2555 2550 2549
f 2555 2549 2557
f 2558 2559 2555
f 2558 2555 2557
f 2555 2559 2560
f 2555 2560 2556
f 2560 2559 2561
f 2560 2561 2562
f 2561 2559 2558
f 2561 2558 2563
f 2564 2565 2566
f 2564 2566 2567
f 2566 2565 2568
f 2566 2568 2569
f 2568 2565 2570
f 2568 2570 2571
f 2570 2565 2564
f 2570 2564 2572
f 2573 2574 2575
f 2573 2575 2576
f 2575 2574 2577
f 2575 2577 2578
f 2577 2574 2579
f 2577 2579 2580
f 2579 2574 2573
f 2579 2573 2581
f 2582 2583 2579
f 2582 2579 2581
f 2579 2583 2584
f 2579 2584 2580
f 2584 2583 2585
f 2584 2585 2586
f 2585 2583 2582
f 2585 2582 2587
f 2588 2589 2585
f 2588 2585 2587
f 2585 2589 2590
f 2585 2590 2586
f 2590 2589 2591
f 2590 2591 2592
f 2591 2589 2588
f 2591 2588 2593
f 2594 2595 2596
f 2594 2596 2597
f 2596 2595 2598
f 2596 2598 2599
f 2598 2595 2600
f 2598 2600 2601
f 2600 2595 2594
f 2600 2594 2602
f 493 2603 2604
f 493 2604 490
f 2604 2603 2605
f 2604 2605 2606
f 2605 2603 2275
f 2605 2275 2277
f 161 2275 2603
f 161 2603 493
f 2389 2607 2608
f 2389 2608 2390
f 2608 2607 2609
f 2608 2609 2610
f 2609 2607 2611
f 2609 2611 2612
f 2611 2607 2389
f 2611 2389 2392
f 2551 2613 2614
f 2551 2614 2552
f 2614 2613 2615
f 2614 2615 2616
f 2615 2613 2617
f 2615 2617 2618
f 2617 2613 2551
f 2617 2551 2554
f 2619 2620 2621
f 2619 2621 2622
f 2621 2620 2278
f 2621 2278 2281
f 2278 2620 2623
f 2278 2623 2283
f 2623 2620 2619
f 2623 2619 2624
f 2625 2626 2519
f 2625 2519 2521
f 2519 2626 2627
f 2519 2627 2520
f 2627 2626 2628
f 2627 2628 2629
f 2628 2626 2625
f 2628 2625 2630
f 2631 2632 2357
f 2631 2357 2359
f 2357 2632 2633
f 2357 2633 2358
f 2633 2632 2634
f 2633 2634 2635
f 2634 2632 2631
f 2634 2631 2636
f 525 2637 2286
f 525 2286 174
f 2286 2637 2638
f 2286 2638 2287
f 2638 2637 2639
f 2638 2639 2640
f 527 2639 2637
f 527 2637 525
f 531 2641 2642
f 531 2642 528
f 2642 2641 2643
f 2642 2643 2644
f 2643 2641 2139
f 2643 2139 2141
f 25 2139 2641
f 25 2641 531
f 2371 2645 2646
f 2371 2646 2372
f 2646 2645 2647
f 2646 2647 2648
f 2647 2645 2649
f 2647 2649 2650
f 2649 2645 2371
f 2649 2371 2374
f 2533 2651 2652
f 2533 2652 2534
f 2652 2651 2653
f 2652 2653 2654
f 2653 2651 2655
f 2653 2655 2656
f 2655 2651 2533
f 2655 2533 2536
f 2119 2657 2658
f 2119 2658 2120
f 2658 2657 2659
f 2658 2659 2660
f 2659 2657 2661
f 2659 2661 2662
f 2661 2657 2119
f 2661 2119 2122
f 2621 2663 2664
f 2621 2664 2622
f 2664 2663 2665
f 2664 2665 2666
f 2665 2663 2667
f 2665 2667 2668
f 2667 2663 2621
f 2667 2621 2281
f 2280 2669 2667
f 2280 2667 2281
f 2667 2669 2670
f 2667 2670 2668
f 2670 2669 2671
f 2670 2671 2672
f 2671 2669 2280
f 2671 2280 2234
f 2233 2673 2671
f 2233 2671 2234
f 2671 2673 2674
f 2671 2674 2672
f 2674 2673 2675
f 2674 2675 2676
f 2675 2673 2233
f 2675 2233 2236
f 2158 2677 2678
f 2158 2678 2159
f 2678 2677 2679
f 2678 2679 2680
f 2679 2677 2681
f 2679 2681 2682
f 2681 2677 2158
f 2681 2158 2161
f 2266 2683 2684
f 2266 2684 2267
f 2684 2683 2685
f 2684 2685 2686
f 2685 2683 2687
f 2685 2687 2688
f 2687 2683 2266
f 2687 2266 2253
f 2252 2689 2687
f 2252 2687 2253
f 2687 2689 2690
f 2687 2690 2688
f 2690 2689 2691
f 2690 2691 2692
f 2691 2689 2252
f 2691 2252 2213
f 2212 2693 2691
f 2212 2691 2213
f 2691 2693 2694
f 2691 2694 2692
f 2694 2693 2695
f 2694 2695 2696
f 2695 2693 2212
f 2695 2212 2215
f 2179 2697 2698
f 2179 2698 2180
f 2698 2697 2699
f 2698 2699 2700
f 2699 2697 2701
f 2699 2701 2702
f 2701 2697 2179
f 2701 2179 2182
f 2703 2704 2705
f 2703 2705 2706
f 2705 2704 2707
f 2705 2707 2708
f 2707 2704 2709
f 2707 2709 2710
f 2709 2704 2703
f 2709 2703 2711
f 2712 2713 2714
f 2712 2714 2715
f 2714 2713 2716
f 2714 2716 2717
f 2716 2713 2718
f 2716 2718 2719
f 2718 2713 2712
f 2718 2712 2720
f 2721 2722 2723
f 2721 2723 2724
f 2723 2722 689
f 2723 689 2725
f 613 689 2722
f 613 2722 611
f 611 2722 2721
f 611 2721 608
f 617 2726 2727
f 617 2727 614
f 2727 2726 2728
f 2727 2728 2729
f 2728 2726 2193
f 2728 2193 2195
f 79 2193 2726
f 79 2726 617
f 2299 2730 2731
f 2299 2731 2300
f 2731 2730 2732
f 2731 2732 2733
f 2732 2730 2734
f 2732 2734 2735
f 2734 2730 2299
f 2734 2299 2302
f 2461 2736 2737
f 2461 2737 2462
f 2737 2736 2738
f 2737 2738 2739
f 2738 2736 2740
f 2738 2740 2741
f 2740 2736 2461
f 2740 2461 2464
f 2742 2743 2744
f 2742 2744 2745
f 2744 2743 2746
f 2744 2746 2747
f 2746 2743 2748
f 2746 2748 2749
f 2748 2743 2742
f 2748 2742 2750
f 2751 2752 2742
f 2751 2742 2745
f 2742 2752 2753
f 2742 2753 2750
f 2753 2752 2754
f 2753 2754 2755
f 2754 2752 2751
f 2754 2751 2756
f 2757 2758 2759
f 2757 2759 2760
f 2759 2758 2761
f 2759 2761 2762
f 2761 2758 2763
f 2761 2763 2764
f 2763 2758 2757
f 2763 2757 2765
f 2766 2767 2447
f 2766 2447 2449
f 2447 2767 2768
f 2447 2768 2448
f 2768 2767 2769
f 2768 2769 2770
f 2769 2767 2766
f 2769 2766 2771
f 3 2 2202
f 3 2202 90
f 2202 2 2772
f 2202 2772 2203
f 2772 2 2773
f 2772 2773 2774
f 2773 2 2775
f 2773 2775 2776
f 2454 2777 2778
f 2454 2778 2455
f 2778 2777 2703
f 2778 2703 2706
f 2703 2777 2779
f 2703 2779 2711
f 2779 2777 2454
f 2779 2454 2457
f 2780 2781 2782
f 2780 2782 2783
f 2782 2781 2707
f 2782 2707 2710
f 2707 2781 2784
f 2707 2784 2708
f 2784 2781 2780
f 2784 2780 2785
f 2292 2786 2787
f 2292 2787 2293
f 2787 2786 2712
f 2787 2712 2715
f 2712 2786 2788
f 2712 2788 2720
f 2788 2786 2292
f 2788 2292 2295
f 2789 2790 2791
f 2789 2791 2792
f 2791 2790 2716
f 2791 2716 2719
f 2716 2790 2793
f 2716 2793 2717
f 2793 2790 2789
f 2793 2789 2794
f 2130 2795 2796
f 2130 2796 2131
f 2796 2795 2721
f 2796 2721 2724
f 608 2721 2795
f 608 2795 684
f 684 2795 2130
f 684 2130 18
f 689 688 2797
f 689 2797 2725
f 2797 688 687
f 2797 687 2798
f 695 2799 2800
f 695 2800 692
f 2800 2799 2801
f 2800 2801 2802
f 2801 2799 2803
f 2801 2803 2804
f 697 2803 2799
f 697 2799 695
f 2805 2806 2807
f 2805 2807 2808
f 2807 2806 2809
f 2807 2809 2810
f 2809 2806 2811
f 2809 2811 2812
f 2811 2806 2805
f 2811 2805 2813
f 2814 2815 2816
f 2814 2816 2817
f 2816 2815 2818
f 2816 2818 2819
f 2818 2815 2820
f 2818 2820 2821
f 2820 2815 2814
f 2820 2814 2822
f 2823 2824 2825
f 2823 2825 2826
f 2825 2824 2827
f 2825 2827 2828
f 2827 2824 2829
f 2827 2829 2830
f 2829 2824 2744
f 2829 2744 2747
f 2744 2824 2831
f 2744 2831 2745
f 2831 2824 2823
f 2831 2823 2832
f 2833 2834 2831
f 2833 2831 2832
f 2831 2834 2751
f 2831 2751 2745
f 2751 2834 2835
f 2751 2835 2756
f 2835 2834 2833
f 2835 2833 2836
f 2837 2838 2839
f 2837 2839 2840
f 2839 2838 2841
f 2839 2841 2842
f 2841 2838 2843
f 2841 2843 2844
f 2843 2838 2845
f 2843 2845 2846
f 2845 2838 2759
f 2845 2759 2762
f 2759 2838 2847
f 2759 2847 2760
f 2847 2838 2848
f 2847 2848 2849
f 2848 2838 2837
f 2848 2837 2850
f 2851 2852 2853
f 2851 2853 2854
f 2853 2852 2855
f 2853 2855 2856
f 2855 2852 2857
f 2855 2857 2858
f 2857 2852 2851
f 2857 2851 2859
f 756 2860 2861
f 756 2861 753
f 2861 2860 2862
f 2861 2862 2863
f 2862 2860 2864
f 2862 2864 2865
f 758 2864 2860
f 758 2860 756
f 762 2866 2867
f 762 2867 759
f 2867 2866 2868
f 2867 2868 2869
f 2868 2866 2172
f 2868 2172 2174
f 58 2172 2866
f 58 2866 762
f 2308 2870 2871
f 2308 2871 2309
f 2871 2870 2872
f 2871 2872 2873
f 2872 2870 2874
f 2872 2874 2875
f 2874 2870 2308
f 2874 2308 2311
f 2470 2876 2877
f 2470 2877 2471
f 2877 2876 2878
f 2877 2878 2879
f 2878 2876 2880
f 2878 2880 2881
f 2880 2876 2470
f 2880 2470 2473
f 2882 2883 2701
f 2882 2701 2182
f 2701 2883 2884
f 2701 2884 2702
f 2884 2883 2885
f 2884 2885 2886
f 2885 2883 2882
f 2885 2882 2887
f 2181 2888 2882
f 2181 2882 2182
f 2882 2888 2889
f 2882 2889 2887
f 2889 2888 2890
f 2889 2890 2891
f 2890 2888 2181
f 2890 2181 2184
f 2892 2893 2600
f 2892 2600 2602
f 2600 2893 2894
f 2600 2894 2601
f 2894 2893 2895
f 2894 2895 2896
f 2895 2893 2892
f 2895 2892 2897
f 2898 2899 2438
f 2898 2438 2440
f 2438 2899 2900
f 2438 2900 2439
f 2900 2899 2901
f 2900 2901 2902
f 2901 2899 2898
f 2901 2898 2903
f 798 2904 2190
f 798 2190 78
f 2190 2904 2905
f 2190 2905 2191
f 2905 2904 2906
f 2905 2906 2907
f 800 2906 2904
f 800 2904 798
f 802 2908 2803
f 802 2803 697
f 2803 2908 2909
f 2803 2909 2804
f 2909 2908 2867
f 2909 2867 2869
f 759 2867 2908
f 759 2908 802
f 2872 2910 2911
f 2872 2911 2873
f 2911 2910 2805
f 2911 2805 2808
f 2805 2910 2912
f 2805 2912 2813
f 2912 2910 2872
f 2912 2872 2875
f 2878 2913 2914
f 2878 2914 2879
f 2914 2913 2814
f 2914 2814 2817
f 2814 2913 2915
f 2814 2915 2822
f 2915 2913 2878
f 2915 2878 2881
f 2916 2917 2885
f 2916 2885 2887
f 2885 2917 2918
f 2885 2918 2886
f 2918 2917 2823
f 2918 2823 2826
f 2823 2917 2916
f 2823 2916 2832
f 2889 2919 2916
f 2889 2916 2887
f 2916 2919 2833
f 2916 2833 2832
f 2833 2919 2920
f 2833 2920 2836
f 2920 2919 2889
f 2920 2889 2891
f 2921 2922 2895
f 2921 2895 2897
f 2895 2922 2923
f 2895 2923 2896
f 2923 2922 2839
f 2923 2839 2842
f 2839 2922 2921
f 2839 2921 2840
f 2924 2925 2901
f 2924 2901 2903
f 2901 2925 2926
f 2901 2926 2902
f 2926 2925 2853
f 2926 2853 2856
f 2853 2925 2924
f 2853 2924 2854
f 821 2927 2906
f 821 2906 800
f 2906 2927 2928
f 2906 2928 2907
f 2928 2927 2861
f 2928 2861 2863
f 753 2861 2927
f 753 2927 821
f 823 2929 2175
f 823 2175 63
f 2175 2929 2930
f 2175 2930 2176
f 2930 2929 2931
f 2930 2931 2932
f 825 2931 2929
f 825 2929 823
f 2933 2934 2935
f 2933 2935 2936
f 2935 2934 2312
f 2935 2312 2314
f 2312 2934 2937
f 2312 2937 2313
f 2937 2934 2933
f 2937 2933 2938
f 2939 2940 2941
f 2939 2941 2942
f 2941 2940 2474
f 2941 2474 2476
f 2474 2940 2943
f 2474 2943 2475
f 2943 2940 2939
f 2943 2939 2944
f 2945 2946 2947
f 2945 2947 2948
f 2947 2946 2949
f 2947 2949 2950
f 2949 2946 2698
f 2949 2698 2700
f 2698 2946 2945
f 2698 2945 2180
f 2951 2952 2945
f 2951 2945 2948
f 2945 2952 2177
f 2945 2177 2180
f 2177 2952 2953
f 2177 2953 2185
f 2953 2952 2951
f 2953 2951 2954
f 2955 2956 2957
f 2955 2957 2958
f 2957 2956 2959
f 2957 2959 2960
f 2959 2956 2596
f 2959 2596 2599
f 2596 2956 2955
f 2596 2955 2597
f 2961 2962 2963
f 2961 2963 2964
f 2963 2962 2965
f 2963 2965 2966
f 2965 2962 2434
f 2965 2434 2437
f 2434 2962 2961
f 2434 2961 2435
f 863 2967 2968
f 863 2968 860
f 2968 2967 2969
f 2968 2969 2970
f 2969 2967 2187
f 2969 2187 2189
f 73 2187 2967
f 73 2967 863
f 2971 2972 2456
f 2971 2456 2458
f 2456 2972 2973
f 2456 2973 2457
f 2973 2972 2290
f 2973 2290 2293
f 2290 2972 2971
f 2290 2971 2291
f 2787 2974 2973
f 2787 2973 2293
f 2973 2974 2779
f 2973 2779 2457
f 2779 2974 2975
f 2779 2975 2711
f 2975 2974 2787
f 2975 2787 2715
f 2714 2976 2975
f 2714 2975 2715
f 2975 2976 2709
f 2975 2709 2711
f 2709 2976 2977
f 2709 2977 2710
f 2977 2976 2714
f 2977 2714 2717
f 2978 2979 2793
f 2978 2793 2794
f 2793 2979 2977
f 2793 2977 2717
f 2977 2979 2782
f 2977 2782 2710
f 2782 2979 2978
f 2782 2978 2783
f 2980 2981 2734
f 2980 2734 2302
f 2734 2981 2982
f 2734 2982 2735
f 2982 2981 2737
f 2982 2737 2739
f 2737 2981 2980
f 2737 2980 2462
f 2301 2983 2980
f 2301 2980 2302
f 2980 2983 2459
f 2980 2459 2462
f 2459 2983 2984
f 2459 2984 2467
f 2984 2983 2301
f 2984 2301 2304
f 2985 2986 2811
f 2985 2811 2813
f 2811 2986 2987
f 2811 2987 2812
f 2987 2986 2816
f 2987 2816 2819
f 2816 2986 2985
f 2816 2985 2817
f 2988 2989 2912
f 2988 2912 2875
f 2912 2989 2985
f 2912 2985 2813
f 2985 2989 2914
f 2985 2914 2817
f 2914 2989 2988
f 2914 2988 2879
f 2990 2991 2874
f 2990 2874 2311
f 2874 2991 2988
f 2874 2988 2875
f 2988 2991 2877
f 2988 2877 2879
f 2877 2991 2990
f 2877 2990 2471
f 2310 2992 2990
f 2310 2990 2311
f 2990 2992 2468
f 2990 2468 2471
f 2468 2992 2993
f 2468 2993 2476
f 2993 2992 2310
f 2993 2310 2313
f 2994 2995 2937
f 2994 2937 2938
f 2937 2995 2993
f 2937 2993 2313
f 2993 2995 2941
f 2993 2941 2476
f 2941 2995 2994
f 2941 2994 2942
f 2319 2996 2997
f 2319 2997 2320
f 2997 2996 2477
f 2997 2477 2480
f 2477 2996 2998
f 2477 2998 2485
f 2998 2996 2319
f 2998 2319 2322
f 2326 2999 2998
f 2326 2998 2322
f 2998 2999 2486
f 2998 2486 2485
f 2486 2999 3000
f 2486 3000 2491
f 3000 2999 2326
f 3000 2326 2328
f 2332 3001 3000
f 2332 3000 2328
f 3000 3001 2492
f 3000 2492 2491
f 2492 3001 3002
f 2492 3002 2497
f 3002 3001 2332
f 3002 2332 2334
f 2340 3003 3004
f 2340 3004 2341
f 3004 3003 2498
f 3004 2498 2501
f 2498 3003 3005
f 2498 3005 2506
f 3005 3003 2340
f 3005 2340 2343
f 2349 3006 3007
f 2349 3007 2350
f 3007 3006 2507
f 3007 2507 2510
f 2507 3006 3008
f 2507 3008 2515
f 3008 3006 2349
f 3008 2349 2352
f 2356 3009 3008
f 2356 3008 2352
f 3008 3009 2516
f 3008 2516 2515
f 2516 3009 3010
f 2516 3010 2521
f 3010 3009 2356
f 3010 2356 2358
f 2633 3011 3010
f 2633 3010 2358
f 3010 3011 2625
f 3010 2625 2521
f 2625 3011 3012
f 2625 3012 2630
f 3012 3011 2633
f 3012 2633 2635
f 2364 3013 3014
f 2364 3014 2365
f 3014 3013 2522
f 3014 2522 2525
f 2522 3013 3015
f 2522 3015 2530
f 3015 3013 2364
f 3015 2364 2367
f 3016 3017 2649
f 3016 2649 2374
f 2649 3017 3018
f 2649 3018 2650
f 3018 3017 2652
f 3018 2652 2654
f 2652 3017 3016
f 2652 3016 2534
f 2373 3019 3016
f 2373 3016 2374
f 3016 3019 2531
f 3016 2531 2534
f 2531 3019 3020
f 2531 3020 2539
f 3020 3019 2373
f 3020 2373 2376
f 2382 3021 3022
f 2382 3022 2383
f 3022 3021 2540
f 3022 2540 2543
f 2540 3021 3023
f 2540 3023 2548
f 3023 3021 2382
f 3023 2382 2385
f 3024 3025 2611
f 3024 2611 2392
f 2611 3025 3026
f 2611 3026 2612
f 3026 3025 2614
f 3026 2614 2616
f 2614 3025 3024
f 2614 3024 2552
f 2391 3027 3024
f 2391 3024 2392
f 3024 3027 2549
f 3024 2549 2552
f 2549 3027 3028
f 2549 3028 2557
f 3028 3027 2391
f 3028 2391 2394
f 2398 3029 3028
f 2398 3028 2394
f 3028 3029 2558
f 3028 2558 2557
f 2558 3029 3030
f 2558 3030 2563
f 3030 3029 2398
f 3030 2398 2400
f 2406 3031 3032
f 2406 3032 2407
f 3032 3031 2564
f 3032 2564 2567
f 2564 3031 3033
f 2564 3033 2572
f 3033 3031 2406
f 3033 2406 2409
f 2415 3034 3035
f 2415 3035 2416
f 3035 3034 2573
f 3035 2573 2576
f 2573 3034 3036
f 2573 3036 2581
f 3036 3034 2415
f 3036 2415 2418
f 2422 3037 3036
f 2422 3036 2418
f 3036 3037 2582
f 3036 2582 2581
f 2582 3037 3038
f 2582 3038 2587
f 3038 3037 2422
f 3038 2422 2424
f 2428 3039 3038
f 2428 3038 2424
f 3038 3039 2588
f 3038 2588 2587
f 2588 3039 3040
f 2588 3040 2593
f 3040 3039 2428
f 3040 2428 2430
f 2965 3041 3042
f 2965 3042 2966
f 3042 3041 2955
f 3042 2955 2958
f 2955 3041 3043
f 2955 3043 2597
f 3043 3041 2965
f 3043 2965 2437
f 2436 3044 3043
f 2436 3043 2437
f 3043 3044 2594
f 3043 2594 2597
f 2594 3044 3045
f 2594 3045 2602
f 3045 3044 2436
f 3045 2436 2439
f 2900 3046 3045
f 2900 3045 2439
f 3045 3046 2892
f 3045 2892 2602
f 2892 3046 3047
f 2892 3047 2897
f 3047 3046 2900
f 3047 2900 2902
f 2926 3048 3047
f 2926 3047 2902
f 3047 3048 2921
f 3047 2921 2897
f 2921 3048 3049
f 2921 3049 2840
f 3049 3048 2926
f 3049 2926 2856
f 2855 3050 3049
f 2855 3049 2856
f 3049 3050 2837
f 3049 2837 2840
f 2837 3050 3051
f 2837 3051 2850
f 3051 3050 2855
f 3051 2855 2858
f 2768 3052 3053
f 2768 3053 2448
f 3053 3052 2757
f 3053 2757 2760
f 2757 3052 3054
f 2757 3054 2765
f 3054 3052 2768
f 3054 2768 2770
f 949 3055 2148
f 949 2148 36
f 2148 3055 3056
f 2148 3056 2149
f 3056 3055 2604
f 3056 2604 2606
f 490 2604 3055
f 490 3055 949
f 2609 3057 3058
f 2609 3058 2610
f 3058 3057 2384
f 3058 2384 2386
f 2384 3057 3059
f 2384 3059 2385
f 3059 3057 2609
f 3059 2609 2612
f 3026 3060 3059
f 3026 3059 2612
f 3059 3060 3023
f 3059 3023 2385
f 3023 3060 3061
f 3023 3061 2548
f 3061 3060 3026
f 3061 3026 2616
f 2615 3062 3061
f 2615 3061 2616
f 3061 3062 2546
f 3061 2546 2548
f 2546 3062 3063
f 2546 3063 2547
f 3063 3062 2615
f 3063 2615 2618
f 2121 3064 3065
f 2121 3065 2122
f 3065 3064 2619
f 3065 2619 2622
f 2619 3064 3066
f 2619 3066 2624
f 3066 3064 2121
f 3066 2121 2124
f 2664 3067 3065
f 2664 3065 2622
f 3065 3067 2661
f 3065 2661 2122
f 2661 3067 3068
f 2661 3068 2662
f 3068 3067 2664
f 3068 2664 2666
f 3069 3070 2628
f 3069 2628 2630
f 2628 3070 3071
f 2628 3071 2629
f 3071 3070 2524
f 3071 2524 2527
f 2524 3070 3069
f 2524 3069 2525
f 3072 3073 3012
f 3072 3012 2635
f 3012 3073 3069
f 3012 3069 2630
f 3069 3073 3014
f 3069 3014 2525
f 3014 3073 3072
f 3014 3072 2365
f 3074 3075 2634
f 3074 2634 2636
f 2634 3075 3072
f 2634 3072 2635
f 3072 3075 2362
f 3072 2362 2365
f 2362 3075 3074
f 2362 3074 2363
f 970 3076 2639
f 970 2639 527
f 2639 3076 3077
f 2639 3077 2640
f 3077 3076 2133
f 3077 2133 2135
f 19 2133 3076
f 19 3076 970
f 972 3078 2142
f 972 2142 30
f 2142 3078 3079
f 2142 3079 2143
f 3079 3078 2145
f 3079 2145 2147
f 31 2145 3078
f 31 3078 972
f 2380 3080 3081
f 2380 3081 2381
f 3081 3080 2375
f 3081 2375 2377
f 2375 3080 3082
f 2375 3082 2376
f 3082 3080 2380
f 3082 2380 2383
f 3022 3083 3082
f 3022 3082 2383
f 3082 3083 3020
f 3082 3020 2376
f 3020 3083 3084
f 3020 3084 2539
f 3084 3083 3022
f 3084 3022 2543
f 2542 3085 3084
f 2542 3084 2543
f 3084 3085 2537
f 3084 2537 2539
f 2537 3085 3086
f 2537 3086 2538
f 3086 3085 2542
f 3086 2542 2545
f 3087 3088 3089
f 3087 3089 3090
f 3089 3088 2117
f 3089 2117 2120
f 2117 3088 3091
f 2117 3091 2125
f 3091 3088 3087
f 3091 3087 3092
f 2658 3093 3089
f 2658 3089 2120
f 3089 3093 3094
f 3089 3094 3090
f 3094 3093 3095
f 3094 3095 3096
f 3095 3093 2658
f 3095 2658 2660
f 3097 3098 2528
f 3097 2528 2530
f 2528 3098 3099
f 2528 3099 2529
f 3099 3098 2653
f 3099 2653 2656
f 2653 3098 3097
f 2653 3097 2654
f 3100 3101 3015
f 3100 3015 2367
f 3015 3101 3097
f 3015 3097 2530
f 3097 3101 3018
f 3097 3018 2654
f 3018 3101 3100
f 3018 3100 2650
f 3102 3103 2366
f 3102 2366 2368
f 2366 3103 3100
f 2366 3100 2367
f 3100 3103 2647
f 3100 2647 2650
f 2647 3103 3102
f 2647 3102 2648
f 998 3104 2136
f 998 2136 24
f 2136 3104 3105
f 2136 3105 2137
f 3105 3104 2642
f 3105 2642 2644
f 528 2642 3104
f 528 3104 998
f 3106 3107 3108
f 3106 3108 3109
f 3108 3107 3110
f 3108 3110 3111
f 3110 3107 3091
f 3110 3091 3092
f 3091 3107 3106
f 3091 3106 2125
f 3112 3113 3106
f 3112 3106 3109
f 3106 3113 2123
f 3106 2123 2125
f 2123 3113 3114
f 2123 3114 2124
f 3114 3113 3112
f 3114 3112 3115
f 3116 3117 3118
f 3116 3118 3119
f 3118 3117 3114
f 3118 3114 3115
f 3114 3117 3066
f 3114 3066 2124
f 3066 3117 3116
f 3066 3116 2624
f 3120 3121 3122
f 3120 3122 3123
f 3122 3121 3116
f 3122 3116 3119
f 3116 3121 2623
f 3116 2623 2624
f 2623 3121 3120
f 2623 3120 2283
f 3124 3125 3120
f 3124 3120 3123
f 3120 3125 2282
f 3120 2282 2283
f 2282 3125 3126
f 2282 3126 2239
f 3126 3125 3124
f 3126 3124 3127
f 3128 3129 3126
f 3128 3126 3127
f 3126 3129 2237
f 3126 2237 2239
f 2237 3129 3130
f 2237 3130 2238
f 3130 3129 3128
f 3130 3128 3131
f 3132 3133 3134
f 3132 3134 3135
f 3134 3133 2162
f 3134 2162 2164
f 2162 3133 3136
f 2162 3136 2163
f 3136 3133 3132
f 3136 3132 3137
f 3138 3139 3140
f 3138 3140 3141
f 3140 3139 2268
f 3140 2268 2269
f 2268 3139 3142
f 2268 3142 2255
f 3142 3139 3138
f 3142 3138 3143
f 3144 3145 3142
f 3144 3142 3143
f 3142 3145 2254
f 3142 2254 2255
f 2254 3145 3146
f 2254 3146 2218
f 3146 3145 3144
f 3146 3144 3147
f 3148 3149 3146
f 3148 3146 3147
f 3146 3149 2216
f 3146 2216 2218
f 2216 3149 3150
f 2216 3150 2217
f 3150 3149 3148
f 3150 3148 3151
f 3152 3153 3154
f 3152 3154 3155
f 3154 3153 2953
f 3154 2953 2954
f 2953 3153 3156
f 2953 3156 2185
f 3156 3153 3152
f 3156 3152 3157
f 3158 3159 3156
f 3158 3156 3157
f 3156 3159 2183
f 3156 2183 2185
f 2183 3159 3160
f 2183 3160 2184
f 3160 3159 3158
f 3160 3158 3161
f 3162 3163 3160
f 3162 3160 3161
f 3160 3163 2890
f 3160 2890 2184
f 2890 3163 3164
f 2890 3164 2891
f 3164 3163 3162
f 3164 3162 3165
f 3166 3167 3164
f 3166 3164 3165
f 3164 3167 2920
f 3164 2920 2891
f 2920 3167 3168
f 2920 3168 2836
f 3168 3167 3166
f 3168 3166 2844
f 3168 3169 2835
f 3168 2835 2836
f 2835 3169 3170
f 2835 3170 2756
f 3170 3169 2843
f 3170 2843 2846
f 2843 3169 3168
f 2843 3168 2844
f 3171 3172 3170
f 3171 3170 2846
f 3170 3172 2754
f 3170 2754 2756
f 2754 3172 3173
f 2754 3173 2755
f 3173 3172 3171
f 3173 3171 3174
f 3175 3176 3177
f 3175 3177 3178
f 3177 3176 3179
f 3177 3179 3180
f 3179 3176 3181
f 3179 3181 3182
f 3181 3176 3175
f 3181 3175 3183
f 3184 3185 3181
f 3184 3181 3183
f 3186 3185 3184
f 3186 3184 3187
f 3188 3189 3186
f 3188 3186 3187
f 3190 3189 3188
f 3190 3188 3191
f 3192 3193 3194
f 3192 3194 3195
f 3194 3193 3190
f 3194 3190 3191
f 3196 3197 3198
f 3196 3198 3199
f 3198 3197 3200
f 3198 3200 3201
f 3200 3197 2746
f 3200 2746 2749
f 2746 3197 3196
f 2746 3196 2747
f 3202 3203 3196
f 3202 3196 3199
f 3196 3203 2829
f 3196 2829 2747
f 2829 3203 3204
f 2829 3204 2830
f 3204 3203 3202
f 3204 3202 3205
f 3206 3207 3208
f 3206 3208 3209
f 3208 3207 3210
f 3208 3210 3211
f 3210 3207 2825
f 3210 2825 2828
f 2825 3207 3206
f 2825 3206 2826
f 3212 3213 3214
f 3212 3214 3215
f 3214 3213 3206
f 3214 3206 3209
f 3206 3213 2918
f 3206 2918 2826
f 2918 3213 3212
f 2918 3212 2886
f 3216 3217 3218
f 3216 3218 3219
f 3218 3217 3212
f 3218 3212 3215
f 3212 3217 2884
f 3212 2884 2886
f 2884 3217 3216
f 2884 3216 2702
f 3220 3221 3216
f 3220 3216 3219
f 3216 3221 2699
f 3216 2699 2702
f 2699 3221 3222
f 2699 3222 2700
f 3222 3221 3220
f 3222 3220 3223
f 3224 3225 3226
f 3224 3226 3227
f 3226 3225 3222
f 3226 3222 3223
f 3222 3225 2949
f 3222 2949 2700
f 2949 3225 3224
f 2949 3224 2950
f 3228 3229 3230
f 3228 3230 3231
f 3230 3229 2694
f 3230 2694 2696
f 2694 3229 3232
f 2694 3232 2692
f 3232 3229 3228
f 3232 3228 3233
f 3234 3235 3232
f 3234 3232 3233
f 3232 3235 2690
f 3232 2690 2692
f 2690 3235 3236
f 2690 3236 2688
f 3236 3235 3234
f 3236 3234 3237
f 3238 3239 3236
f 3238 3236 3237
f 3236 3239 2685
f 3236 2685 2688
f 2685 3239 3240
f 2685 3240 2686
f 3240 3239 3238
f 3240 3238 3241
f 3242 3243 3244
f 3242 3244 3245
f 3244 3243 2679
f 3244 2679 2682
f 2679 3243 3246
f 2679 3246 2680
f 3246 3243 3242
f 3246 3242 3247
f 3248 3249 3250
f 3248 3250 3251
f 3250 3249 2674
f 3250 2674 2676
f 2674 3249 3252
f 2674 3252 2672
f 3252 3249 3248
f 3252 3248 3253
f 3254 3255 3252
f 3254 3252 3253
f 3252 3255 2670
f 3252 2670 2672
f 2670 3255 3256
f 2670 3256 2668
f 3256 3255 3254
f 3256 3254 3257
f 3258 3259 3256
f 3258 3256 3257
f 3256 3259 2665
f 3256 2665 2668
f 2665 3259 3260
f 2665 3260 2666
f 3260 3259 3258
f 3260 3258 3261
f 3262 3263 3260
f 3262 3260 3261
f 3260 3263 3068
f 3260 3068 2666
f 3068 3263 3264
f 3068 3264 2662
f 3264 3263 3262
f 3264 3262 3265
f 3266 3267 3264
f 3266 3264 3265
f 3264 3267 2659
f 3264 2659 2662
f 2659 3267 3268
f 2659 3268 2660
f 3268 3267 3266
f 3268 3266 3269
f 3270 3271 3268
f 3270 3268 3269
f 3268 3271 3095
f 3268 3095 2660
f 3095 3271 3272
f 3095 3272 3096
f 3272 3271 3270
f 3272 3270 3273
f 3274 3275 3276
f 3274 3276 3277
f 3276 3275 3272
f 3276 3272 3273
f 3272 3275 3094
f 3272 3094 3096
f 3094 3275 3274
f 3094 3274 3090
f 3278 3279 3274
f 3278 3274 3277
f 3274 3279 3087
f 3274 3087 3090
f 3087 3279 3110
f 3087 3110 3092
f 3110 3279 3278
f 3110 3278 3111
f 1174 3280 2169
f 1174 2169 57
f 2169 3280 3281
f 2169 3281 2170
f 3281 3280 2261
f 3281 2261 2263
f 147 2261 3280
f 147 3280 1174
f 2413 3282 3283
f 2413 3283 2414
f 3283 3282 2408
f 3283 2408 2410
f 2408 3282 3284
f 2408 3284 2409
f 3284 3282 2413
f 3284 2413 2416
f 3035 3285 3284
f 3035 3284 2416
f 3284 3285 3033
f 3284 3033 2409
f 3033 3285 3286
f 3033 3286 2572
f 3286 3285 3035
f 3286 3035 2576
f 2575 3287 3286
f 2575 3286 2576
f 3286 3287 2570
f 3286 2570 2572
f 2570 3287 3288
f 2570 3288 2571
f 3288 3287 2575
f 3288 2575 2578
f 3140 3289 3290
f 3140 3290 3141
f 3290 3289 3136
f 3290 3136 3137
f 3136 3289 3291
f 3136 3291 2163
f 3291 3289 3140
f 3291 3140 2269
f 2160 3292 3293
f 2160 3293 2161
f 3293 3292 2264
f 3293 2264 2267
f 2264 3292 3291
f 2264 3291 2269
f 3291 3292 2160
f 3291 2160 2163
f 2684 3294 3293
f 2684 3293 2267
f 3293 3294 2681
f 3293 2681 2161
f 2681 3294 3295
f 2681 3295 2682
f 3295 3294 2684
f 3295 2684 2686
f 3296 3297 3240
f 3296 3240 3241
f 3240 3297 3295
f 3240 3295 2686
f 3295 3297 3244
f 3295 3244 2682
f 3244 3297 3296
f 3244 3296 3245
f 3298 3299 2495
f 3298 2495 2497
f 2495 3299 3300
f 2495 3300 2496
f 3300 3299 2500
f 3300 2500 2503
f 2500 3299 3298
f 2500 3298 2501
f 3301 3302 3002
f 3301 3002 2334
f 3002 3302 3298
f 3002 3298 2497
f 3298 3302 3004
f 3298 3004 2501
f 3004 3302 3301
f 3004 3301 2341
f 3303 3304 2333
f 3303 2333 2335
f 2333 3304 3301
f 2333 3301 2334
f 3301 3304 2338
f 3301 2338 2341
f 2338 3304 3303
f 2338 3303 2339
f 1199 3305 2272
f 1199 2272 160
f 2272 3305 3306
f 2272 3306 2273
f 3306 3305 2151
f 3306 2151 2153
f 37 2151 3305
f 37 3305 1199
f 1201 3307 2244
f 1201 2244 132
f 2244 3307 3308
f 2244 3308 2245
f 3308 3307 2166
f 3308 2166 2168
f 52 2166 3307
f 52 3307 1201
f 2404 3309 3310
f 2404 3310 2405
f 3310 3309 2399
f 3310 2399 2401
f 2399 3309 3311
f 2399 3311 2400
f 3311 3309 2404
f 3311 2404 2407
f 3032 3312 3311
f 3032 3311 2407
f 3311 3312 3030
f 3311 3030 2400
f 3030 3312 3313
f 3030 3313 2563
f 3313 3312 3032
f 3313 3032 2567
f 2566 3314 3313
f 2566 3313 2567
f 3313 3314 2561
f 3313 2561 2563
f 2561 3314 3315
f 2561 3315 2562
f 3315 3314 2566
f 3315 2566 2569
f 3134 3316 3317
f 3134 3317 3135
f 3317 3316 3130
f 3317 3130 3131
f 3130 3316 3318
f 3130 3318 2238
f 3318 3316 3134
f 3318 3134 2164
f 2235 3319 3320
f 2235 3320 2236
f 3320 3319 2156
f 3320 2156 2159
f 2156 3319 3318
f 2156 3318 2164
f 3318 3319 2235
f 3318 2235 2238
f 2678 3321 3320
f 2678 3320 2159
f 3320 3321 2675
f 3320 2675 2236
f 2675 3321 3322
f 2675 3322 2676
f 3322 3321 2678
f 3322 2678 2680
f 3323 3324 3246
f 3323 3246 3247
f 3246 3324 3322
f 3246 3322 2680
f 3322 3324 3250
f 3322 3250 2676
f 3250 3324 3323
f 3250 3323 3251
f 3325 3326 2504
f 3325 2504 2506
f 2504 3326 3327
f 2504 3327 2505
f 3327 3326 2509
f 3327 2509 2512
f 2509 3326 3325
f 2509 3325 2510
f 3328 3329 3005
f 3328 3005 2343
f 3005 3329 3325
f 3005 3325 2506
f 3325 3329 3007
f 3325 3007 2510
f 3007 3329 3328
f 3007 3328 2350
f 3330 3331 2342
f 3330 2342 2344
f 2342 3331 3328
f 2342 3328 2343
f 3328 3331 2347
f 3328 2347 2350
f 2347 3331 3330
f 2347 3330 2348
f 1226 3332 2154
f 1226 2154 42
f 2154 3332 3333
f 2154 3333 2155
f 3333 3332 2226
f 3333 2226 2228
f 112 2226 3332
f 112 3332 1226
f 3334 3335 3336
f 3334 3336 3337
f 3336 3335 3338
f 3336 3338 3339
f 3338 3335 2128
f 3338 2128 2131
f 2128 3335 3334
f 2128 3334 2129
f 2796 3340 3338
f 2796 3338 2131
f 3338 3340 3341
f 3338 3341 3339
f 3341 3340 3342
f 3341 3342 3343
f 3342 3340 2796
f 3342 2796 2724
f 2723 3344 3342
f 2723 3342 2724
f 3342 3344 3345
f 3342 3345 3343
f 3345 3344 3346
f 3345 3346 3347
f 3346 3344 2723
f 3346 2723 2725
f 3348 3349 2797
f 3348 2797 2798
f 2797 3349 3346
f 2797 3346 2725
f 3346 3349 3350
f 3346 3350 3347
f 3350 3349 3348
f 3350 3348 3351
f 2728 3352 3353
f 2728 3353 2729
f 3353 3352 3354
f 3353 3354 3355
f 3354 3352 3356
f 3354 3356 3357
f 3356 3352 2728
f 3356 2728 2195
f 2194 3358 3356
f 2194 3356 2195
f 3356 3358 3359
f 3356 3359 3357
f 3359 3358 3360
f 3359 3360 3361
f 3360 3358 2194
f 3360 2194 2197
f 2801 3362 3363
f 2801 3363 2802
f 3363 3362 3364
f 3363 3364 3365
f 3364 3362 3366
f 3364 3366 3367
f 3366 3362 2801
f 3366 2801 2804
f 2909 3368 3366
f 2909 3366 2804
f 3366 3368 3369
f 3366 3369 3367
f 3369 3368 3370
f 3369 3370 3371
f 3370 3368 2909
f 3370 2909 2869
f 2868 3372 3370
f 2868 3370 2869
f 3370 3372 3373
f 3370 3373 3371
f 3373 3372 3374
f 3373 3374 3375
f 3374 3372 2868
f 3374 2868 2174
f 2173 3376 3374
f 2173 3374 2174
f 3374 3376 3377
f 3374 3377 3375
f 3377 3376 3378
f 3377 3378 3379
f 3378 3376 2173
f 3378 2173 2176
f 2930 3380 3378
f 2930 3378 2176
f 3378 3380 3381
f 3378 3381 3379
f 3381 3380 3382
f 3381 3382 3383
f 3382 3380 2930
f 3382 2930 2932
f 2206 3384 3385
f 2206 3385 2207
f 3385 3384 3386
f 3385 3386 3387
f 3386 3384 3388
f 3386 3388 3389
f 3388 3384 2206
f 3388 2206 2209
f 2257 3390 3388
f 2257 3388 2209
f 3388 3390 3391
f 3388 3391 3389
f 3391 3390 3392
f 3391 3392 3393
f 3392 3390 2257
f 3392 2257 2259
f 2271 3394 3392
f 2271 3392 2259
f 3392 3394 3395
f 3392 3395 3393
f 3395 3394 3396
f 3395 3396 3397
f 3396 3394 2271
f 3396 2271 2273
f 3306 3398 3396
f 3306 3396 2273
f 3396 3398 3399
f 3396 3399 3397
f 3399 3398 3400
f 3399 3400 3401
f 3400 3398 3306
f 3400 3306 2153
f 2152 3402 3400
f 2152 3400 2153
f 3400 3402 3403
f 3400 3403 3401
f 3403 3402 3404
f 3403 3404 3405
f 3404 3402 2152
f 3404 2152 2155
f 3333 3406 3404
f 3333 3404 2155
f 3404 3406 3407
f 3404 3407 3405
f 3407 3406 3408
f 3407 3408 3409
f 3408 3406 3333
f 3408 3333 2228
f 2227 3410 3408
f 2227 3408 2228
f 3408 3410 3411
f 3408 3411 3409
f 3411 3410 3412
f 3411 3412 3413
f 3412 3410 2227
f 3412 2227 2230
f 2285 3414 3412
f 2285 3412 2230
f 3412 3414 3415
f 3412 3415 3413
f 3415 3414 3416
f 3415 3416 3417
f 3416 3414 2285
f 3416 2285 2287
f 2638 3418 3416
f 2638 3416 2287
f 3416 3418 3419
f 3416 3419 3417
f 3419 3418 3420
f 3419 3420 3421
f 3420 3418 2638
f 3420 2638 2640
f 3077 3422 3420
f 3077 3420 2640
f 3420 3422 3423
f 3420 3423 3421
f 3423 3422 3424
f 3423 3424 3425
f 3424 3422 3077
f 3424 3077 2135
f 2134 3426 3424
f 2134 3424 2135
f 3424 3426 3427
f 3424 3427 3425
f 3427 3426 3428
f 3427 3428 3429
f 3428 3426 2134
f 3428 2134 2137
f 3105 3430 3428
f 3105 3428 2137
f 3428 3430 3431
f 3428 3431 3429
f 3431 3430 3432
f 3431 3432 3433
f 3432 3430 3105
f 3432 3105 2644
f 2643 3434 3432
f 2643 3432 2644
f 3432 3434 3435
f 3432 3435 3433
f 3435 3434 3436
f 3435 3436 3437
f 3436 3434 2643
f 3436 2643 2141
f 2140 3438 3436
f 2140 3436 2141
f 3436 3438 3439
f 3436 3439 3437
f 3439 3438 3440
f 3439 3440 3441
f 3440 3438 2140
f 3440 2140 2143
f 3079 3442 3440
f 3079 3440 2143
f 3440 3442 3443
f 3440 3443 3441
f 3443 3442 3444
f 3443 3444 3445
f 3444 3442 3079
f 3444 3079 2147
f 2146 3446 3444
f 2146 3444 2147
f 3444 3446 3447
f 3444 3447 3445
f 3447 3446 3448
f 3447 3448 3449
f 3448 3446 2146
f 3448 2146 2149
f 3056 3450 3448
f 3056 3448 2149
f 3448 3450 3451
f 3448 3451 3449
f 3451 3450 3452
f 3451 3452 3453
f 3452 3450 3056
f 3452 3056 2606
f 2605 3454 3452
f 2605 3452 2606
f 3452 3454 3455
f 3452 3455 3453
f 3455 3454 3456
f 3455 3456 3457
f 3456 3454 2605
f 3456 2605 2277
f 2276 3458 3456
f 2276 3456 2277
f 3456 3458 3459
f 3456 3459 3457
f 3459 3458 3460
f 3459 3460 3461
f 3460 3458 2276
f 3460 2276 2243
f 2242 3462 3460
f 2242 3460 2243
f 3460 3462 3463
f 3460 3463 3461
f 3463 3462 3464
f 3463 3464 3465
f 3464 3462 2242
f 3464 2242 2245
f 3308 3466 3464
f 3308 3464 2245
f 3464 3466 3467
f 3464 3467 3465
f 3467 3466 3468
f 3467 3468 3469
f 3468 3466 3308
f 3468 3308 2168
f 2167 3470 3468
f 2167 3468 2168
f 3468 3470 3471
f 3468 3471 3469
f 3471 3470 3472
f 3471 3472 3473
f 3472 3470 2167
f 3472 2167 2170
f 3281 3474 3472
f 3281 3472 2170
f 3472 3474 3475
f 3472 3475 3473
f 3475 3474 3476
f 3475 3476 3477
f 3476 3474 3281
f 3476 3281 2263
f 2262 3478 3476
f 2262 3476 2263
f 3476 3478 3479
f 3476 3479 3477
f 3479 3478 3480
f 3479 3480 3481
f 3480 3478 2262
f 3480 2262 2249
f 2248 3482 3480
f 2248 3480 2249
f 3480 3482 3483
f 3480 3483 3481
f 3483 3482 3484
f 3483 3484 3485
f 3484 3482 2248
f 3484 2248 2222
f 2221 3486 3484
f 2221 3484 2222
f 3484 3486 3487
f 3484 3487 3485
f 3487 3486 3488
f 3487 3488 3489
f 3488 3486 2221
f 3488 2221 2224
f 2969 3490 3491
f 2969 3491 2970
f 3491 3490 3492
f 3491 3492 3493
f 3492 3490 3494
f 3492 3494 3495
f 3494 3490 2969
f 3494 2969 2189
f 2188 3496 3494
f 2188 3494 2189
f 3494 3496 3497
f 3494 3497 3495
f 3497 3496 3498
f 3497 3498 3499
f 3498 3496 2188
f 3498 2188 2191
f 2905 3500 3498
f 2905 3498 2191
f 3498 3500 3501
f 3498 3501 3499
f 3501 3500 3502
f 3501 3502 3503
f 3502 3500 2905
f 3502 2905 2907
f 2928 3504 3502
f 2928 3502 2907
f 3502 3504 3505
f 3502 3505 3503
f 3505 3504 3506
f 3505 3506 3507
f 3506 3504 2928
f 3506 2928 2863
f 2862 3508 3506
f 2862 3506 2863
f 3506 3508 3509
f 3506 3509 3507
f 3509 3508 3510
f 3509 3510 3511
f 3510 3508 2862
f 3510 2862 2865
f 2200 3512 3513
f 2200 3513 2201
f 3513 3512 3514
f 3513 3514 3515
f 3514 3512 3516
f 3514 3516 3517
f 3516 3512 2200
f 3516 2200 2203
f 2772 3518 3516
f 2772 3516 2203
f 3516 3518 3519
f 3516 3519 3517
f 3519 3518 3520
f 3519 3520 3521
f 3520 3518 3522
f 3520 3522 3523
f 3522 3518 2773
f 3522 2773 2776
f 2773 3518 2772
f 2773 2772 2774
f 3524 3525 3526
f 3524 3526 3527
f 3526 3525 3528
f 3526 3528 3529
f 3528 3525 3336
f 3528 3336 3339
f 3336 3525 3524
f 3336 3524 3337
f 3341 3530 3528
f 3341 3528 3339
f 3528 3530 3531
f 3528 3531 3529
f 3531 3530 3532
f 3531 3532 3533
f 3532 3530 3341
f 3532 3341 3343
f 3345 3534 3532
f 3345 3532 3343
f 3532 3534 3535
f 3532 3535 3533
f 3535 3534 3536
f 3535 3536 3537
f 3536 3534 3345
f 3536 3345 3347
f 3538 3539 3350
f 3538 3350 3351
f 3350 3539 3536
f 3350 3536 3347
f 3536 3539 3540
f 3536 3540 3537
f 3540 3539 3538
f 3540 3538 3541
f 3354 3542 3543
f 3354 3543 3355
f 3543 3542 3544
f 3543 3544 3545
f 3544 3542 3546
f 3544 3546 3547
f 3546 3542 3354
f 3546 3354 3357
f 3359 3548 3546
f 3359 3546 3357
f 3546 3548 3549
f 3546 3549 3547
f 3549 3548 3550
f 3549 3550 3551
f 3550 3548 3359
f 3550 3359 3361
f 3364 3552 3553
f 3364 3553 3365
f 3553 3552 3554
f 3553 3554 3555
f 3554 3552 3556
f 3554 3556 3557
f 3556 3552 3364
f 3556 3364 3367
f 3369 3558 3556
f 3369 3556 3367
f 3556 3558 3559
f 3556 3559 3557
f 3559 3558 3560
f 3559 3560 3561
f 3560 3558 3369
f 3560 3369 3371
f 3373 3562 3560
f 3373 3560 3371
f 3560 3562 3563
f 3560 3563 3561
f 3563 3562 3564
f 3563 3564 3565
f 3564 3562 3373
f 3564 3373 3375
f 3377 3566 3564
f 3377 3564 3375
f 3564 3566 3567
f 3564 3567 3565
f 3567 3566 3568
f 3567 3568 3569
f 3568 3566 3377
f 3568 3377 3379
f 3381 3570 3568
f 3381 3568 3379
f 3568 3570 3571
f 3568 3571 3569
f 3571 3570 3572
f 3571 3572 3573
f 3572 3570 3381
f 3572 3381 3383
f 3386 3574 3575
f 3386 3575 3387
f 3575 3574 3576
f 3575 3576 3577
f 3576 3574 3578
f 3576 3578 3579
f 3578 3574 3386
f 3578 3386 3389
f 3391 3580 3578
f 3391 3578 3389
f 3578 3580 3581
f 3578 3581 3579
f 3581 3580 3582
f 3581 3582 3583
f 3582 3580 3391
f 3582 3391 3393
f 3395 3584 3582
f 3395 3582 3393
f 3582 3584 3585
f 3582 3585 3583
f 3585 3584 3586
f 3585 3586 3587
f 3586 3584 3395
f 3586 3395 3397
f 3399 3588 3586
f 3399 3586 3397
f 3586 3588 3589
f 3586 3589 3587
f 3589 3588 3590
f 3589 3590 3591
f 3590 3588 3399
f 3590 3399 3401
f 3403 3592 3590
f 3403 3590 3401
f 3590 3592 3593
f 3590 3593 3591
f 3593 3592 3594
f 3593 3594 3595
f 3594 3592 3403
f 3594 3403 3405
f 3407 3596 3594
f 3407 3594 3405
f 3594 3596 3597
f 3594 3597 3595
f 3597 3596 3598
f 3597 3598 3599
f 3598 3596 3407
f 3598 3407 3409
f 3411 3600 3598
f 3411 3598 3409
f 3598 3600 3601
f 3598 3601 3599
f 3601 3600 3602
f 3601 3602 3603
f 3602 3600 3411
f 3602 3411 3413
f 3415 3604 3602
f 3415 3602 3413
f 3602 3604 3605
f 3602 3605 3603
f 3605 3604 3606
f 3605 3606 3607
f 3606 3604 3415
f 3606 3415 3417
f 3419 3608 3606
f 3419 3606 3417
f 3606 3608 3609
f 3606 3609 3607
f 3609 3608 3610
f 3609 3610 3611
f 3610 3608 3419
f 3610 3419 3421
f 3423 3612 3610
f 3423 3610 3421
f 3610 3612 3613
f 3610 3613 3611
f 3613 3612 3614
f 3613 3614 3615
f 3614 3612 3423
f 3614 3423 3425
f 3427 3616 3614
f 3427 3614 3425
f 3614 3616 3617
f 3614 3617 3615
f 3617 3616 3618
f 3617 3618 3619
f 3618 3616 3427
f 3618 3427 3429
f 3431 3620 3618
f 3431 3618 3429
f 3618 3620 3621
f 3618 3621 3619
f 3621 3620 3622
f 3621 3622 3623
f 3622 3620 3431
f 3622 3431 3433
f 3435 3624 3622
f 3435 3622 3433
f 3622 3624 3625
f 3622 3625 3623
f 3625 3624 3626
f 3625 3626 3627
f 3626 3624 3435
f 3626 3435 3437
f 3439 3628 3626
f 3439 3626 3437
f 3626 3628 3629
f 3626 3629 3627
f 3629 3628 3630
f 3629 3630 3631
f 3630 3628 3439
f 3630 3439 3441
f 3443 3632 3630
f 3443 3630 3441
f 3630 3632 3633
f 3630 3633 3631
f 3633 3632 3634
f 3633 3634 3635
f 3634 3632 3443
f 3634 3443 3445
f 3447 3636 3634
f 3447 3634 3445
f 3634 3636 3637
f 3634 3637 3635
f 3637 3636 3638
f 3637 3638 3639
f 3638 3636 3447
f 3638 3447 3449
f 3451 3640 3638
f 3451 3638 3449
f 3638 3640 3641
f 3638 3641 3639
f 3641 3640 3642
f 3641 3642 3643
f 3642 3640 3451
f 3642 3451 3453
f 3455 3644 3642
f 3455 3642 3453
f 3642 3644 3645
f 3642 3645 3643
f 3645 3644 3646
f 3645 3646 3647
f 3646 3644 3455
f 3646 3455 3457
f 3459 3648 3646
f 3459 3646 3457
f 3646 3648 3649
f 3646 3649 3647
f 3649 3648 3650
f 3649 3650 3651
f 3650 3648 3459
f 3650 3459 3461
f 3463 3652 3650
f 3463 3650 3461
f 3650 3652 3653
f 3650 3653 3651
f 3653 3652 3654
f 3653 3654 3655
f 3654 3652 3463
f 3654 3463 3465
f 3467 3656 3654
f 3467 3654 3465
f 3654 3656 3657
f 3654 3657 3655
f 3657 3656 3658
f 3657 3658 3659
f 3658 3656 3467
f 3658 3467 3469
f 3471 3660 3658
f 3471 3658 3469
f 3658 3660 3661
f 3658 3661 3659
f 3661 3660 3662
f 3661 3662 3663
f 3662 3660 3471
f 3662 3471 3473
f 3475 3664 3662
f 3475 3662 3473
f 3662 3664 3665
f 3662 3665 3663
f 3665 3664 3666
f 3665 3666 3667
f 3666 3664 3475
f 3666 3475 3477
f 3479 3668 3666
f 3479 3666 3477
f 3666 3668 3669
f 3666 3669 3667
f 3669 3668 3670
f 3669 3670 3671
f 3670 3668 3479
f 3670 3479 3481
f 3483 3672 3670
f 3483 3670 3481
f 3670 3672 3673
f 3670 3673 3671
f 3673 3672 3674
f 3673 3674 3675
f 3674 3672 3483
f 3674 3483 3485
f 3487 3676 3674
f 3487 3674 3485
f 3674 3676 3677
f 3674 3677 3675
f 3677 3676 3678
f 3677 3678 3679
f 3678 3676 3487
f 3678 3487 3489
f 3492 3680 3681
f 3492 3681 3493
f 3681 3680 3682
f 3681 3682 3683
f 3682 3680 3684
f 3682 3684 3685
f 3684 3680 3492
f 3684 3492 3495
f 3497 3686 3684
f 3497 3684 3495
f 3684 3686 3687
f 3684 3687 3685
f 3687 3686 3688
f 3687 3688 3689
f 3688 3686 3497
f 3688 3497 3499
f 3501 3690 3688
f 3501 3688 3499
f 3688 3690 3691
f 3688 3691 3689
f 3691 3690 3692
f 3691 3692 3693
f 3692 3690 3501
f 3692 3501 3503
f 3505 3694 3692
f 3505 3692 3503
f 3692 3694 3695
f 3692 3695 3693
f 3695 3694 3696
f 3695 3696 3697
f 3696 3694 3505
f 3696 3505 3507
f 3509 3698 3696
f 3509 3696 3507
f 3696 3698 3699
f 3696 3699 3697
f 3699 3698 3700
f 3699 3700 3701
f 3700 3698 3509
f 3700 3509 3511
f 3514 3702 3703
f 3514 3703 3515
f 3703 3702 3704
f 3703 3704 3705
f 3704 3702 3706
f 3704 3706 3707
f 3706 3702 3514
f 3706 3514 3517
f 3519 3708 3706
f 3519 3706 3517
f 3706 3708 3709
f 3706 3709 3707
f 3709 3708 3710
f 3709 3710 3711
f 3710 3708 3712
f 3710 3712 3713
f 3712 3708 3520
f 3712 3520 3523
f 3520 3708 3519
f 3520 3519 3521
f 3714 3715 2294
f 3714 2294 2296
f 2294 3715 3716
f 2294 3716 2295
f 3716 3715 3526
f 3716 3526 3529
f 3526 3715 3714
f 3526 3714 3527
f 3531 3717 3716
f 3531 3716 3529
f 3716 3717 2788
f 3716 2788 2295
f 2788 3717 3718
f 2788 3718 2720
f 3718 3717 3531
f 3718 3531 3533
f 3535 3719 3718
f 3535 3718 3533
f 3718 3719 2718
f 3718 2718 2720
f 2718 3719 3720
f 2718 3720 2719
f 3720 3719 3535
f 3720 3535 3537
f 3721 3722 3540
f 3721 3540 3541
f 3540 3722 3720
f 3540 3720 3537
f 3720 3722 2791
f 3720 2791 2719
f 2791 3722 3721
f 2791 3721 2792
f 3544 3723 3724
f 3544 3724 3545
f 3724 3723 2731
f 3724 2731 2733
f 2731 3723 3725
f 2731 3725 2300
f 3725 3723 3544
f 3725 3544 3547
f 3549 3726 3725
f 3549 3725 3547
f 3725 3726 2297
f 3725 2297 2300
f 2297 3726 3727
f 2297 3727 2305
f 3727 3726 3549
f 3727 3549 3551
f 3554 3728 3729
f 3554 3729 3555
f 3729 3728 2807
f 3729 2807 2810
f 2807 3728 3730
f 2807 3730 2808
f 3730 3728 3554
f 3730 3554 3557
f 3559 3731 3730
f 3559 3730 3557
f 3730 3731 2911
f 3730 2911 2808
f 2911 3731 3732
f 2911 3732 2873
f 3732 3731 3559
f 3732 3559 3561
f 3563 3733 3732
f 3563 3732 3561
f 3732 3733 2871
f 3732 2871 2873
f 2871 3733 3734
f 2871 3734 2309
f 3734 3733 3563
f 3734 3563 3565
f 3567 3735 3734
f 3567 3734 3565
f 3734 3735 2306
f 3734 2306 2309
f 2306 3735 3736
f 2306 3736 2314
f 3736 3735 3567
f 3736 3567 3569
f 3571 3737 3736
f 3571 3736 3569
f 3736 3737 2935
f 3736 2935 2314
f 2935 3737 3738
f 2935 3738 2936
f 3738 3737 3571
f 3738 3571 3573
f 3576 3739 3740
f 3576 3740 3577
f 3740 3739 2315
f 3740 2315 2318
f 2315 3739 3741
f 2315 3741 2323
f 3741 3739 3576
f 3741 3576 3579
f 3581 3742 3741
f 3581 3741 3579
f 3741 3742 2324
f 3741 2324 2323
f 2324 3742 3743
f 2324 3743 2329
f 3743 3742 3581
f 3743 3581 3583
f 3585 3744 3743
f 3585 3743 3583
f 3743 3744 2330
f 3743 2330 2329
f 2330 3744 3745
f 2330 3745 2335
f 3745 3744 3585
f 3745 3585 3587
f 3589 3746 3745
f 3589 3745 3587
f 3745 3746 3303
f 3745 3303 2335
f 3303 3746 3747
f 3303 3747 2339
f 3747 3746 3589
f 3747 3589 3591
f 3593 3748 3747
f 3593 3747 3591
f 3747 3748 2336
f 3747 2336 2339
f 2336 3748 3749
f 2336 3749 2344
f 3749 3748 3593
f 3749 3593 3595
f 3597 3750 3749
f 3597 3749 3595
f 3749 3750 3330
f 3749 3330 2344
f 3330 3750 3751
f 3330 3751 2348
f 3751 3750 3597
f 3751 3597 3599
f 3601 3752 3751
f 3601 3751 3599
f 3751 3752 2345
f 3751 2345 2348
f 2345 3752 3753
f 2345 3753 2353
f 3753 3752 3601
f 3753 3601 3603
f 3605 3754 3753
f 3605 3753 3603
f 3753 3754 2354
f 3753 2354 2353
f 2354 3754 3755
f 2354 3755 2359
f 3755 3754 3605
f 3755 3605 3607
f 3609 3756 3755
f 3609 3755 3607
f 3755 3756 2631
f 3755 2631 2359
f 2631 3756 3757
f 2631 3757 2636
f 3757 3756 3609
f 3757 3609 3611
f 3613 3758 3757
f 3613 3757 3611
f 3757 3758 3074
f 3757 3074 2636
f 3074 3758 3759
f 3074 3759 2363
f 3759 3758 3613
f 3759 3613 3615
f 3617 3760 3759
f 3617 3759 3615
f 3759 3760 2360
f 3759 2360 2363
f 2360 3760 3761
f 2360 3761 2368
f 3761 3760 3617
f 3761 3617 3619
f 3621 3762 3761
f 3621 3761 3619
f 3761 3762 3102
f 3761 3102 2368
f 3102 3762 3763
f 3102 3763 2648
f 3763 3762 3621
f 3763 3621 3623
f 3625 3764 3763
f 3625 3763 3623
f 3763 3764 2646
f 3763 2646 2648
f 2646 3764 3765
f 2646 3765 2372
f 3765 3764 3625
f 3765 3625 3627
f 3629 3766 3765
f 3629 3765 3627
f 3765 3766 2369
f 3765 2369 2372
f 2369 3766 3767
f 2369 3767 2377
f 3767 3766 3629
f 3767 3629 3631
f 3633 3768 3767
f 3633 3767 3631
f 3767 3768 3081
f 3767 3081 2377
f 3081 3768 3769
f 3081 3769 2381
f 3769 3768 3633
f 3769 3633 3635
f 3637 3770 3769
f 3637 3769 3635
f 3769 3770 2378
f 3769 2378 2381
f 2378 3770 3771
f 2378 3771 2386
f 3771 3770 3637
f 3771 3637 3639
f 3641 3772 3771
f 3641 3771 3639
f 3771 3772 3058
f 3771 3058 2386
f 3058 3772 3773
f 3058 3773 2610
f 3773 3772 3641
f 3773 3641 3643
f 3645 3774 3773
f 3645 3773 3643
f 3773 3774 2608
f 3773 2608 2610
f 2608 3774 3775
f 2608 3775 2390
f 3775 3774 3645
f 3775 3645 3647
f 3649 3776 3775
f 3649 3775 3647
f 3775 3776 2387
f 3775 2387 2390
f 2387 3776 3777
f 2387 3777 2395
f 3777 3776 3649
f 3777 3649 3651
f 3653 3778 3777
f 3653 3777 3651
f 3777 3778 2396
f 3777 2396 2395
f 2396 3778 3779
f 2396 3779 2401
f 3779 3778 3653
f 3779 3653 3655
f 3657 3780 3779
f 3657 3779 3655
f 3779 3780 3310
f 3779 3310 2401
f 3310 3780 3781
f 3310 3781 2405
f 3781 3780 3657
f 3781 3657 3659
f 3661 3782 3781
f 3661 3781 3659
f 3781 3782 2402
f 3781 2402 2405
f 2402 3782 3783
f 2402 3783 2410
f 3783 3782 3661
f 3783 3661 3663
f 3665 3784 3783
f 3665 3783 3663
f 3783 3784 3283
f 3783 3283 2410
f 3283 3784 3785
f 3283 3785 2414
f 3785 3784 3665
f 3785 3665 3667
f 3669 3786 3785
f 3669 3785 3667
f 3785 3786 2411
f 3785 2411 2414
f 2411 3786 3787
f 2411 3787 2419
f 3787 3786 3669
f 3787 3669 3671
f 3673 3788 3787
f 3673 3787 3671
f 3787 3788 2420
f 3787 2420 2419
f 2420 3788 3789
f 2420 3789 2425
f 3789 3788 3673
f 3789 3673 3675
f 3677 3790 3789
f 3677 3789 3675
f 3789 3790 2426
f 3789 2426 2425
f 2426 3790 3791
f 2426 3791 2431
f 3791 3790 3677
f 3791 3677 3679
f 3682 3792 3793
f 3682 3793 3683
f 3793 3792 2961
f 3793 2961 2964
f 2961 3792 3794
f 2961 3794 2435
f 3794 3792 3682
f 3794 3682 3685
f 3687 3795 3794
f 3687 3794 3685
f 3794 3795 2432
f 3794 2432 2435
f 2432 3795 3796
f 2432 3796 2440
f 3796 3795 3687
f 3796 3687 3689
f 3691 3797 3796
f 3691 3796 3689
f 3796 3797 2898
f 3796 2898 2440
f 2898 3797 3798
f 2898 3798 2903
f 3798 3797 3691
f 3798 3691 3693
f 3695 3799 3798
f 3695 3798 3693
f 3798 3799 2924
f 3798 2924 2903
f 2924 3799 3800
f 2924 3800 2854
f 3800 3799 3695
f 3800 3695 3697
f 3699 3801 3800
f 3699 3800 3697
f 3800 3801 2851
f 3800 2851 2854
f 2851 3801 3802
f 2851 3802 2859
f 3802 3801 3699
f 3802 3699 3701
f 3704 3803 3804
f 3704 3804 3705
f 3804 3803 2441
f 3804 2441 2444
f 2441 3803 3805
f 2441 3805 2449
f 3805 3803 3704
f 3805 3704 3707
f 3709 3806 3805
f 3709 3805 3707
f 3805 3806 2766
f 3805 2766 2449
f 2766 3806 3807
f 2766 3807 2771
f 3807 3806 3709
f 3807 3709 3711
f 1702 3808 2223
f 1702 2223 111
f 2223 3808 3809
f 2223 3809 2224
f 3809 3808 3810
f 3809 3810 3811
f 1704 3810 3808
f 1704 3808 1702
f 3812 3813 3809
f 3812 3809 3811
f 3809 3813 3488
f 3809 3488 2224
f 3488 3813 3814
f 3488 3814 3489
f 3814 3813 3812
f 3814 3812 3815
f 3816 3817 3814
f 3816 3814 3815
f 3814 3817 3678
f 3814 3678 3489
f 3678 3817 3818
f 3678 3818 3679
f 3818 3817 3816
f 3818 3816 3819
f 3820 3821 3818
f 3820 3818 3819
f 3818 3821 3791
f 3818 3791 3679
f 3791 3821 3822
f 3791 3822 2431
f 3822 3821 3820
f 3822 3820 3823
f 3824 3825 3822
f 3824 3822 3823
f 3822 3825 2429
f 3822 2429 2431
f 2429 3825 3826
f 2429 3826 2430
f 3826 3825 3824
f 3826 3824 3827
f 3828 3829 3826
f 3828 3826 3827
f 3826 3829 3040
f 3826 3040 2430
f 3040 3829 3830
f 3040 3830 2593
f 3830 3829 3828
f 3830 3828 3831
f 3832 3833 3830
f 3832 3830 3831
f 3830 3833 2591
f 3830 2591 2593
f 2591 3833 3834
f 2591 3834 2592
f 3834 3833 3832
f 3834 3832 3835
f 3836 3837 3838
f 3836 3838 3839
f 3838 3837 3150
f 3838 3150 3151
f 3150 3837 3840
f 3150 3840 2217
f 3840 3837 3836
f 3840 3836 3841
f 2214 3842 3843
f 2214 3843 2215
f 3843 3842 3844
f 3843 3844 3845
f 3844 3842 3840
f 3844 3840 3841
f 3840 3842 2214
f 3840 2214 2217
f 3846 3847 3843
f 3846 3843 3845
f 3843 3847 2695
f 3843 2695 2215
f 2695 3847 3848
f 2695 3848 2696
f 3848 3847 3846
f 3848 3846 3849
f 3230 3850 3851
f 3230 3851 3231
f 3851 3850 3852
f 3851 3852 3853
f 3852 3850 3848
f 3852 3848 3849
f 3848 3850 3230
f 3848 3230 2696
f 2479 3854 3855
f 2479 3855 2480
f 3855 3854 3856
f 3855 3856 3857
f 3856 3854 3858
f 3856 3858 3859
f 3858 3854 2479
f 3858 2479 2482
f 2997 3860 3861
f 2997 3861 2320
f 3861 3860 3862
f 3861 3862 3863
f 3862 3860 3855
f 3862 3855 3857
f 3855 3860 2997
f 3855 2997 2480
f 2317 3864 3865
f 2317 3865 2318
f 3865 3864 3866
f 3865 3866 3867
f 3866 3864 3861
f 3866 3861 3863
f 3861 3864 2317
f 3861 2317 2320
f 3868 3869 3870
f 3868 3870 3871
f 3870 3869 3865
f 3870 3865 3867
f 3865 3869 3740
f 3865 3740 2318
f 3740 3869 3868
f 3740 3868 3577
f 3872 3873 3874
f 3872 3874 3875
f 3874 3873 3868
f 3874 3868 3871
f 3868 3873 3575
f 3868 3575 3577
f 3575 3873 3872
f 3575 3872 3387
f 3876 3877 3878
f 3876 3878 3879
f 3878 3877 3872
f 3878 3872 3875
f 3872 3877 3385
f 3872 3385 3387
f 3385 3877 3876
f 3385 3876 2207
f 1774 3880 3881
f 1774 3881 1773
f 3881 3880 3876
f 3881 3876 3879
f 3876 3880 2205
f 3876 2205 2207
f 91 2205 3880
f 91 3880 1774
f 1776 3882 3810
f 1776 3810 1704
f 3810 3882 3883
f 3810 3883 3811
f 3883 3882 2968
f 3883 2968 2970
f 860 2968 3882
f 860 3882 1776
f 3491 3884 3883
f 3491 3883 2970
f 3883 3884 3812
f 3883 3812 3811
f 3812 3884 3885
f 3812 3885 3815
f 3885 3884 3491
f 3885 3491 3493
f 3681 3886 3885
f 3681 3885 3493
f 3885 3886 3816
f 3885 3816 3815
f 3816 3886 3887
f 3816 3887 3819
f 3887 3886 3681
f 3887 3681 3683
f 3793 3888 3887
f 3793 3887 3683
f 3887 3888 3820
f 3887 3820 3819
f 3820 3888 3889
f 3820 3889 3823
f 3889 3888 3793
f 3889 3793 2964
f 2963 3890 3889
f 2963 3889 2964
f 3889 3890 3824
f 3889 3824 3823
f 3824 3890 3891
f 3824 3891 3827
f 3891 3890 2963
f 3891 2963 2966
f 3042 3892 3891
f 3042 3891 2966
f 3891 3892 3828
f 3891 3828 3827
f 3828 3892 3893
f 3828 3893 3831
f 3893 3892 3042
f 3893 3042 2958
f 2957 3894 3893
f 2957 3893 2958
f 3893 3894 3832
f 3893 3832 3831
f 3832 3894 3895
f 3832 3895 3835
f 3895 3894 2957
f 3895 2957 2960
f 3154 3896 3897
f 3154 3897 3155
f 3897 3896 3836
f 3897 3836 3839
f 3836 3896 3898
f 3836 3898 3841
f 3898 3896 3154
f 3898 3154 2954
f 3844 3899 3900
f 3844 3900 3845
f 3900 3899 2951
f 3900 2951 2948
f 2951 3899 3898
f 2951 3898 2954
f 3898 3899 3844
f 3898 3844 3841
f 2947 3901 3900
f 2947 3900 2948
f 3900 3901 3846
f 3900 3846 3845
f 3846 3901 3902
f 3846 3902 3849
f 3902 3901 2947
f 3902 2947 2950
f 3852 3903 3904
f 3852 3904 3853
f 3904 3903 3224
f 3904 3224 3227
f 3224 3903 3902
f 3224 3902 2950
f 3902 3903 3852
f 3902 3852 3849
f 3856 3905 3906
f 3856 3906 3857
f 3906 3905 2939
f 3906 2939 2942
f 2939 3905 3907
f 2939 3907 2944
f 3907 3905 3856
f 3907 3856 3859
f 3862 3908 3909
f 3862 3909 3863
f 3909 3908 2994
f 3909 2994 2938
f 2994 3908 3906
f 2994 3906 2942
f 3906 3908 3862
f 3906 3862 3857
f 3866 3910 3911
f 3866 3911 3867
f 3911 3910 2933
f 3911 2933 2936
f 2933 3910 3909
f 2933 3909 2938
f 3909 3910 3866
f 3909 3866 3863
f 3912 3913 3738
f 3912 3738 3573
f 3738 3913 3911
f 3738 3911 2936
f 3911 3913 3870
f 3911 3870 3867
f 3870 3913 3912
f 3870 3912 3871
f 3914 3915 3572
f 3914 3572 3383
f 3572 3915 3912
f 3572 3912 3573
f 3912 3915 3874
f 3912 3874 3871
f 3874 3915 3914
f 3874 3914 3875
f 3916 3917 3382
f 3916 3382 2932
f 3382 3917 3914
f 3382 3914 3383
f 3914 3917 3878
f 3914 3878 3875
f 3878 3917 3916
f 3878 3916 3879
f 1811 3918 2931
f 1811 2931 825
f 2931 3918 3916
f 2931 3916 2932
f 3916 3918 3881
f 3916 3881 3879
f 1773 3881 3918
f 1773 3918 1811
f 1815 3919 3920
f 1815 3920 1812
f 3920 3919 3921
f 3920 3921 3922
f 3921 3919 3923
f 3921 3923 3924
f 1817 3923 3919
f 1817 3919 1815
f 3925 3926 3921
f 3925 3921 3924
f 3921 3926 3927
f 3921 3927 3922
f 3927 3926 3928
f 3927 3928 3929
f 3928 3926 3925
f 3928 3925 3930
f 3931 3932 3928
f 3931 3928 3930
f 3928 3932 3933
f 3928 3933 3929
f 3933 3932 3934
f 3933 3934 3935
f 3934 3932 3931
f 3934 3931 3936
f 3937 3938 3934
f 3937 3934 3936
f 3934 3938 3939
f 3934 3939 3935
f 3939 3938 3940
f 3939 3940 3941
f 3940 3938 3937
f 3940 3937 3942
f 3943 3944 3940
f 3943 3940 3942
f 3940 3944 3945
f 3940 3945 3941
f 3945 3944 3946
f 3945 3946 3947
f 3946 3944 3943
f 3946 3943 3948
f 3949 3950 3946
f 3949 3946 3948
f 3946 3950 3951
f 3946 3951 3947
f 3951 3950 3952
f 3951 3952 3953
f 3952 3950 3949
f 3952 3949 3954
f 3955 3956 3952
f 3955 3952 3954
f 3952 3956 3957
f 3952 3957 3953
f 3957 3956 3958
f 3957 3958 3959
f 3958 3956 3955
f 3958 3955 3960
f 3961 3962 3963
f 3961 3963 3964
f 3963 3962 3965
f 3963 3965 3966
f 3965 3962 3967
f 3965 3967 3968
f 3967 3962 3961
f 3967 3961 3969
f 3970 3971 3972
f 3970 3972 3973
f 3972 3971 3967
f 3972 3967 3969
f 3967 3971 3974
f 3967 3974 3968
f 3974 3971 3970
f 3974 3970 3975
f 3976 3977 3970
f 3976 3970 3973
f 3970 3977 3978
f 3970 3978 3975
f 3978 3977 3979
f 3978 3979 3980
f 3979 3977 3976
f 3979 3976 3981
f 3982 3983 3984
f 3982 3984 3985
f 3984 3983 3979
f 3984 3979 3981
f 3979 3983 3986
f 3979 3986 3980
f 3986 3983 3982
f 3986 3982 3987
f 3988 3989 3990
f 3988 3990 3991
f 3990 3989 3992
f 3990 3992 3993
f 3992 3989 3994
f 3992 3994 3995
f 3994 3989 3988
f 3994 3988 3996
f 3997 3998 3999
f 3997 3999 4000
f 3999 3998 3988
f 3999 3988 3991
f 3988 3998 4001
f 3988 4001 3996
f 4001 3998 3997
f 4001 3997 4002
f 4003 4004 4005
f 4003 4005 4006
f 4005 4004 3997
f 4005 3997 4000
f 3997 4004 4007
f 3997 4007 4002
f 4007 4004 4003
f 4007 4003 4008
f 4009 4010 4011
f 4009 4011 3713
f 4011 4010 4003
f 4011 4003 4006
f 4003 4010 4012
f 4003 4012 4008
f 4012 4010 4009
f 4012 4009 4013
f 4014 4015 3712
f 4014 3712 3523
f 3712 4015 4009
f 3712 4009 3713
f 4009 4015 4016
f 4009 4016 4013
f 4016 4015 4014
f 4016 4014 4017
f 4018 4019 3522
f 4018 3522 2776
f 3522 4019 4014
f 3522 4014 3523
f 4014 4019 4020
f 4014 4020 4017
f 4020 4019 4018
f 4020 4018 4021
f 1915 4022 2775
f 1915 2775 664
f 2775 4022 4018
f 2775 4018 2776
f 4018 4022 4023
f 4018 4023 4021
f 1916 4023 4022
f 1916 4022 1915
f 1918 4024 3923
f 1918 3923 1817
f 3923 4024 4025
f 3923 4025 3924
f 4025 4024 2727
f 4025 2727 2729
f 614 2727 4024
f 614 4024 1918
f 3353 4026 4025
f 3353 4025 2729
f 4025 4026 3925
f 4025 3925 3924
f 3925 4026 4027
f 3925 4027 3930
f 4027 4026 3353
f 4027 3353 3355
f 3543 4028 4027
f 3543 4027 3355
f 4027 4028 3931
f 4027 3931 3930
f 3931 4028 4029
f 3931 4029 3936
f 4029 4028 3543
f 4029 3543 3545
f 3724 4030 4029
f 3724 4029 3545
f 4029 4030 3937
f 4029 3937 3936
f 3937 4030 4031
f 3937 4031 3942
f 4031 4030 3724
f 4031 3724 2733
f 2732 4032 4031
f 2732 4031 2733
f 4031 4032 3943
f 4031 3943 3942
f 3943 4032 4033
f 3943 4033 3948
f 4033 4032 2732
f 4033 2732 2735
f 2982 4034 4033
f 2982 4033 2735
f 4033 4034 3949
f 4033 3949 3948
f 3949 4034 4035
f 3949 4035 3954
f 4035 4034 2982
f 4035 2982 2739
f 2738 4036 4035
f 2738 4035 2739
f 4035 4036 3955
f 4035 3955 3954
f 3955 4036 4037
f 3955 4037 3960
f 4037 4036 2738
f 4037 2738 2741
f 3200 4038 4039
f 3200 4039 3201
f 4039 4038 3961
f 4039 3961 3964
f 3961 4038 4040
f 3961 4040 3969
f 4040 4038 3200
f 4040 3200 2749
f 4041 4042 2748
f 4041 2748 2750
f 2748 4042 4040
f 2748 4040 2749
f 4040 4042 3972
f 4040 3972 3969
f 3972 4042 4041
f 3972 4041 3973
f 2753 4043 4041
f 2753 4041 2750
f 4041 4043 3976
f 4041 3976 3973
f 3976 4043 4044
f 3976 4044 3981
f 4044 4043 2753
f 4044 2753 2755
f 4045 4046 3173
f 4045 3173 3174
f 3173 4046 4044
f 3173 4044 2755
f 4044 4046 3984
f 4044 3984 3981
f 3984 4046 4045
f 3984 4045 3985
f 4047 4048 2763
f 4047 2763 2765
f 2763 4048 4049
f 2763 4049 2764
f 4049 4048 3990
f 4049 3990 3993
f 3990 4048 4047
f 3990 4047 3991
f 4050 4051 3054
f 4050 3054 2770
f 3054 4051 4047
f 3054 4047 2765
f 4047 4051 3999
f 4047 3999 3991
f 3999 4051 4050
f 3999 4050 4000
f 4052 4053 2769
f 4052 2769 2771
f 2769 4053 4050
f 2769 4050 2770
f 4050 4053 4005
f 4050 4005 4000
f 4005 4053 4052
f 4005 4052 4006
f 3710 4054 3807
f 3710 3807 3711
f 3807 4054 4052
f 3807 4052 2771
f 4052 4054 4011
f 4052 4011 4006
f 4011 4054 3710
f 4011 3710 3713
f 1949 4055 687
f 1949 687 686
f 687 4055 4056
f 687 4056 2798
f 4056 4055 3920
f 4056 3920 3922
f 1812 3920 4055
f 1812 4055 1949
f 3927 4057 4056
f 3927 4056 3922
f 4056 4057 3348
f 4056 3348 2798
f 3348 4057 4058
f 3348 4058 3351
f 4058 4057 3927
f 4058 3927 3929
f 3933 4059 4058
f 3933 4058 3929
f 4058 4059 3538
f 4058 3538 3351
f 3538 4059 4060
f 3538 4060 3541
f 4060 4059 3933
f 4060 3933 3935
f 3939 4061 4060
f 3939 4060 3935
f 4060 4061 3721
f 4060 3721 3541
f 3721 4061 4062
f 3721 4062 2792
f 4062 4061 3939
f 4062 3939 3941
f 3945 4063 4062
f 3945 4062 3941
f 4062 4063 2789
f 4062 2789 2792
f 2789 4063 4064
f 2789 4064 2794
f 4064 4063 3945
f 4064 3945 3947
f 3951 4065 4064
f 3951 4064 3947
f 4064 4065 2978
f 4064 2978 2794
f 2978 4065 4066
f 2978 4066 2783
f 4066 4065 3951
f 4066 3951 3953
f 3957 4067 4066
f 3957 4066 3953
f 4066 4067 2780
f 4066 2780 2783
f 2780 4067 4068
f 2780 4068 2785
f 4068 4067 3957
f 4068 3957 3959
f 3965 4069 4070
f 3965 4070 3966
f 4070 4069 3192
f 4070 3192 3195
f 4071 4069 3965
f 4071 3965 3968
f 4072 4073 3974
f 4072 3974 3975
f 3974 4073 4071
f 3974 4071 3968
f 3978 4074 4072
f 3978 4072 3975
f 4072 4074 3179
f 4072 3179 3182
f 3179 4074 4075
f 3179 4075 3180
f 4075 4074 3978
f 4075 3978 3980
f 4076 4077 3986
f 4076 3986 3987
f 3986 4077 4075
f 3986 4075 3980
f 4075 4077 3177
f 4075 3177 3180
f 3177 4077 4076
f 3177 4076 3178
f 4078 4079 3994
f 4078 3994 3996
f 3994 4079 4080
f 3994 4080 3995
f 4080 4079 2450
f 4080 2450 2453
f 2450 4079 4078
f 2450 4078 2458
f 4081 4082 4001
f 4081 4001 4002
f 4001 4082 4078
f 4001 4078 3996
f 4078 4082 2971
f 4078 2971 2458
f 2971 4082 4081
f 2971 4081 2291
f 4083 4084 4007
f 4083 4007 4008
f 4007 4084 4081
f 4007 4081 4002
f 4081 4084 2288
f 4081 2288 2291
f 2288 4084 4083
f 2288 4083 2296
f 4085 4086 4012
f 4085 4012 4013
f 4012 4086 4083
f 4012 4083 4008
f 4083 4086 3714
f 4083 3714 2296
f 3714 4086 4085
f 3714 4085 3527
f 4087 4088 4016
f 4087 4016 4017
f 4016 4088 4085
f 4016 4085 4013
f 4085 4088 3524
f 4085 3524 3527
f 3524 4088 4087
f 3524 4087 3337
f 4089 4090 4020
f 4089 4020 4021
f 4020 4090 4087
f 4020 4087 4017
f 4087 4090 3334
f 4087 3334 3337
f 3334 4090 4089
f 3334 4089 2129
f 1984 4091 4023
f 1984 4023 1916
f 4023 4091 4089
f 4023 4089 4021
f 4089 4091 2126
f 4089 2126 2129
f 13 2126 4091
f 13 4091 1984
f 4092 4093 3175
f 4092 3175 3178
f 3175 4093 4094
f 3175 4094 3183
f 4094 4093 2452
f 4094 2452 2455
f 2452 4093 4092
f 2452 4092 2453
f 2778 4095 4094
f 2778 4094 2455
f 4094 4095 3184
f 4094 3184 3183
f 3184 4095 4096
f 3184 4096 3187
f 4096 4095 2778
f 4096 2778 2706
f 2705 4097 4096
f 2705 4096 2706
f 4096 4097 3188
f 4096 3188 3187
f 3188 4097 4098
f 3188 4098 3191
f 4098 4097 2705
f 4098 2705 2708
f 4099 4100 2784
f 4099 2784 2785
f 2784 4100 4098
f 2784 4098 2708
f 4098 4100 3194
f 4098 3194 3191
f 3194 4100 4099
f 3194 4099 3195
f 4101 4102 4068
f 4101 4068 3959
f 4068 4102 4099
f 4068 4099 2785
f 4099 4102 4070
f 4099 4070 3195
f 4070 4102 4101
f 4070 4101 3966
f 4103 4104 3958
f 4103 3958 3960
f 3958 4104 4101
f 3958 4101 3959
f 4101 4104 3963
f 4101 3963 3966
f 3963 4104 4103
f 3963 4103 3964
f 4105 4106 4037
f 4105 4037 2741
f 4037 4106 4103
f 4037 4103 3960
f 4103 4106 4039
f 4103 4039 3964
f 4039 4106 4105
f 4039 4105 3201
f 4107 4108 2740
f 4107 2740 2464
f 2740 4108 4105
f 2740 4105 2741
f 4105 4108 3198
f 4105 3198 3201
f 3198 4108 4107
f 3198 4107 3199
f 2463 4109 4107
f 2463 4107 2464
f 4107 4109 3202
f 4107 3202 3199
f 3202 4109 4110
f 3202 4110 3205
f 4110 4109 2463
f 4110 2463 2466
f 4111 4112 2820
f 4111 2820 2822
f 2820 4112 4113
f 2820 4113 2821
f 4113 4112 3208
f 4113 3208 3211
f 3208 4112 4111
f 3208 4111 3209
f 4114 4115 2915
f 4114 2915 2881
f 2915 4115 4111
f 2915 4111 2822
f 4111 4115 3214
f 4111 3214 3209
f 3214 4115 4114
f 3214 4114 3215
f 4116 4117 2880
f 4116 2880 2473
f 2880 4117 4114
f 2880 4114 2881
f 4114 4117 3218
f 4114 3218 3215
f 3218 4117 4116
f 3218 4116 3219
f 2472 4118 4116
f 2472 4116 2473
f 4116 4118 3220
f 4116 3220 3219
f 3220 4118 4119
f 3220 4119 3223
f 4119 4118 2472
f 4119 2472 2475
f 4120 4121 2943
f 4120 2943 2944
f 2943 4121 4119
f 2943 4119 2475
f 4119 4121 3226
f 4119 3226 3223
f 3226 4121 4120
f 3226 4120 3227
f 4122 4123 3907
f 4122 3907 3859
f 3907 4123 4120
f 3907 4120 2944
f 4120 4123 3904
f 4120 3904 3227
f 3904 4123 4122
f 3904 4122 3853
f 4124 4125 3858
f 4124 3858 2482
f 3858 4125 4122
f 3858 4122 3859
f 4122 4125 3851
f 4122 3851 3853
f 3851 4125 4124
f 3851 4124 3231
f 2481 4126 4124
f 2481 4124 2482
f 4124 4126 3228
f 4124 3228 3231
f 3228 4126 4127
f 3228 4127 3233
f 4127 4126 2481
f 4127 2481 2484
f 2488 4128 4127
f 2488 4127 2484
f 4127 4128 3234
f 4127 3234 3233
f 3234 4128 4129
f 3234 4129 3237
f 4129 4128 2488
f 4129 2488 2490
f 2494 4130 4129
f 2494 4129 2490
f 4129 4130 3238
f 4129 3238 3237
f 3238 4130 4131
f 3238 4131 3241
f 4131 4130 2494
f 4131 2494 2496
f 3300 4132 4131
f 3300 4131 2496
f 4131 4132 3296
f 4131 3296 3241
f 3296 4132 4133
f 3296 4133 3245
f 4133 4132 3300
f 4133 3300 2503
f 2502 4134 4133
f 2502 4133 2503
f 4133 4134 3242
f 4133 3242 3245
f 3242 4134 4135
f 3242 4135 3247
f 4135 4134 2502
f 4135 2502 2505
f 3327 4136 4135
f 3327 4135 2505
f 4135 4136 3323
f 4135 3323 3247
f 3323 4136 4137
f 3323 4137 3251
f 4137 4136 3327
f 4137 3327 2512
f 2511 4138 4137
f 2511 4137 2512
f 4137 4138 3248
f 4137 3248 3251
f 3248 4138 4139
f 3248 4139 3253
f 4139 4138 2511
f 4139 2511 2514
f 2518 4140 4139
f 2518 4139 2514
f 4139 4140 3254
f 4139 3254 3253
f 3254 4140 4141
f 3254 4141 3257
f 4141 4140 2518
f 4141 2518 2520
f 2627 4142 4141
f 2627 4141 2520
f 4141 4142 3258
f 4141 3258 3257
f 3258 4142 4143
f 3258 4143 3261
f 4143 4142 2627
f 4143 2627 2629
f 3071 4144 4143
f 3071 4143 2629
f 4143 4144 3262
f 4143 3262 3261
f 3262 4144 4145
f 3262 4145 3265
f 4145 4144 3071
f 4145 3071 2527
f 2526 4146 4145
f 2526 4145 2527
f 4145 4146 3266
f 4145 3266 3265
f 3266 4146 4147
f 3266 4147 3269
f 4147 4146 2526
f 4147 2526 2529
f 3099 4148 4147
f 3099 4147 2529
f 4147 4148 3270
f 4147 3270 3269
f 3270 4148 4149
f 3270 4149 3273
f 4149 4148 3099
f 4149 3099 2656
f 4150 4151 2655
f 4150 2655 2536
f 2655 4151 4149
f 2655 4149 2656
f 4149 4151 3276
f 4149 3276 3273
f 3276 4151 4150
f 3276 4150 3277
f 2535 4152 4150
f 2535 4150 2536
f 4150 4152 3278
f 4150 3278 3277
f 3278 4152 4153
f 3278 4153 3111
f 4153 4152 2535
f 4153 2535 2538
f 4154 4155 3086
f 4154 3086 2545
f 3086 4155 4153
f 3086 4153 2538
f 4153 4155 3108
f 4153 3108 3111
f 3108 4155 4154
f 3108 4154 3109
f 2544 4156 4154
f 2544 4154 2545
f 4154 4156 3112
f 4154 3112 3109
f 3112 4156 4157
f 3112 4157 3115
f 4157 4156 2544
f 4157 2544 2547
f 4158 4159 3063
f 4158 3063 2618
f 3063 4159 4157
f 3063 4157 2547
f 4157 4159 3118
f 4157 3118 3115
f 3118 4159 4158
f 3118 4158 3119
f 4160 4161 2617
f 4160 2617 2554
f 2617 4161 4158
f 2617 4158 2618
f 4158 4161 3122
f 4158 3122 3119
f 3122 4161 4160
f 3122 4160 3123
f 2553 4162 4160
f 2553 4160 2554
f 4160 4162 3124
f 4160 3124 3123
f 3124 4162 4163
f 3124 4163 3127
f 4163 4162 2553
f 4163 2553 2556
f 2560 4164 4163
f 2560 4163 2556
f 4163 4164 3128
f 4163 3128 3127
f 3128 4164 4165
f 3128 4165 3131
f 4165 4164 2560
f 4165 2560 2562
f 4166 4167 3315
f 4166 3315 2569
f 3315 4167 4165
f 3315 4165 2562
f 4165 4167 3317
f 4165 3317 3131
f 3317 4167 4166
f 3317 4166 3135
f 2568 4168 4166
f 2568 4166 2569
f 4166 4168 3132
f 4166 3132 3135
f 3132 4168 4169
f 3132 4169 3137
f 4169 4168 2568
f 4169 2568 2571
f 4170 4171 3288
f 4170 3288 2578
f 3288 4171 4169
f 3288 4169 2571
f 4169 4171 3290
f 4169 3290 3137
f 3290 4171 4170
f 3290 4170 3141
f 2577 4172 4170
f 2577 4170 2578
f 4170 4172 3138
f 4170 3138 3141
f 3138 4172 4173
f 3138 4173 3143
f 4173 4172 2577
f 4173 2577 2580
f 2584 4174 4173
f 2584 4173 2580
f 4173 4174 3144
f 4173 3144 3143
f 3144 4174 4175
f 3144 4175 3147
f 4175 4174 2584
f 4175 2584 2586
f 2590 4176 4175
f 2590 4175 2586
f 4175 4176 3148
f 4175 3148 3147
f 3148 4176 4177
f 3148 4177 3151
f 4177 4176 2590
f 4177 2590 2592
f 4178 4179 3834
f 4178 3834 3835
f 3834 4179 4177
f 3834 4177 2592
f 4177 4179 3838
f 4177 3838 3151
f 3838 4179 4178
f 3838 4178 3839
f 4180 4181 3895
f 4180 3895 2960
f 3895 4181 4178
f 3895 4178 3835
f 4178 4181 3897
f 4178 3897 3839
f 3897 4181 4180
f 3897 4180 3155
f 2959 4182 4180
f 2959 4180 2960
f 4180 4182 3152
f 4180 3152 3155
f 3152 4182 4183
f 3152 4183 3157
f 4183 4182 2959
f 4183 2959 2599
f 2598 4184 4183
f 2598 4183 2599
f 4183 4184 3158
f 4183 3158 3157
f 3158 4184 4185
f 3158 4185 3161
f 4185 4184 2598
f 4185 2598 2601
f 2894 4186 4185
f 2894 4185 2601
f 4185 4186 3162
f 4185 3162 3161
f 3162 4186 4187
f 3162 4187 3165
f 4187 4186 2894
f 4187 2894 2896
f 2923 4188 4187
f 2923 4187 2896
f 4187 4188 3166
f 4187 3166 3165
f 3166 4188 2841
f 3166 2841 2844
f 2841 4188 2923
f 2841 2923 2842
f 2761 4189 2845
f 2761 2845 2762
f 2845 4189 3171
f 2845 3171 2846
f 3171 4189 4190
f 3171 4190 3174
f 4190 4189 2761
f 4190 2761 2764
f 4049 4191 4190
f 4049 4190 2764
f 4190 4191 4045
f 4190 4045 3174
f 4045 4191 4192
f 4045 4192 3985
f 4192 4191 4049
f 4192 4049 3993
f 3992 4193 4192
f 3992 4192 3993
f 4192 4193 3982
f 4192 3982 3985
f 3982 4193 4194
f 3982 4194 3987
f 4194 4193 3992
f 4194 3992 3995
f 4080 4195 4194
f 4080 4194 3995
f 4194 4195 4076
f 4194 4076 3987
f 4076 4195 4092
f 4076 4092 3178
f 4092 4195 4080
f 4092 4080 2453
f 2090 4196 2196
f 2090 2196 84
f 2196 4196 4197
f 2196 4197 2197
f 4197 4196 2800
f 4197 2800 2802
f 692 2800 4196
f 692 4196 2090
f 3363 4198 4197
f 3363 4197 2802
f 4197 4198 3360
f 4197 3360 2197
f 3360 4198 4199
f 3360 4199 3361
f 4199 4198 3363
f 4199 3363 3365
f 3553 4200 4199
f 3553 4199 3365
f 4199 4200 3550
f 4199 3550 3361
f 3550 4200 4201
f 3550 4201 3551
f 4201 4200 3553
f 4201 3553 3555
f 3729 4202 4201
f 3729 4201 3555
f 4201 4202 3727
f 4201 3727 3551
f 3727 4202 4203
f 3727 4203 2305
f 4203 4202 3729
f 4203 3729 2810
f 2809 4204 4203
f 2809 4203 2810
f 4203 4204 2303
f 4203 2303 2305
f 2303 4204 4205
f 2303 4205 2304
f 4205 4204 2809
f 4205 2809 2812
f 2987 4206 4205
f 2987 4205 2812
f 4205 4206 2984
f 4205 2984 2304
f 2984 4206 4207
f 2984 4207 2467
f 4207 4206 2987
f 4207 2987 2819
f 2818 4208 4207
f 2818 4207 2819
f 4207 4208 2465
f 4207 2465 2467
f 2465 4208 4209
f 2465 4209 2466
f 4209 4208 2818
f 4209 2818 2821
f 4113 4210 4209
f 4113 4209 2821
f 4209 4210 4110
f 4209 4110 2466
f 4110 4210 4211
f 4110 4211 3205
f 4211 4210 4113
f 4211 4113 3211
f 3210 4212 4211
f 3210 4211 3211
f 4211 4212 3204
f 4211 3204 3205
f 3204 4212 2827
f 3204 2827 2830
f 2827 4212 3210
f 2827 3210 2828
f 4213 4214 3051
f 4213 3051 2858
f 3051 4214 2848
f 3051 2848 2850
f 2848 4214 2847
f 2848 2847 2849
f 2847 4214 3053
f 2847 3053 2760
f 3053 4214 2445
f 3053 2445 2448
f 2445 4214 4213
f 2445 4213 2446
f 4215 4216 2857
f 4215 2857 2859
f 2857 4216 4213
f 2857 4213 2858
f 4213 4216 2443
f 4213 2443 2446
f 2443 4216 4215
f 2443 4215 2444
f 4217 4218 3802
f 4217 3802 3701
f 3802 4218 4215
f 3802 4215 2859
f 4215 4218 3804
f 4215 3804 2444
f 3804 4218 4217
f 3804 4217 3705
f 4219 4220 3700
f 4219 3700 3511
f 3700 4220 4217
f 3700 4217 3701
f 4217 4220 3703
f 4217 3703 3705
f 3703 4220 4219
f 3703 4219 3515
f 4221 4222 3510
f 4221 3510 2865
f 3510 4222 4219
f 3510 4219 3511
f 4219 4222 3513
f 4219 3513 3515
f 3513 4222 4221
f 3513 4221 2201
f 2116 4223 2864
f 2116 2864 758
f 2864 4223 4221
f 2864 4221 2865
f 4221 4223 2199
f 4221 2199 2201
f 85 2199 4223
f 85 4223 2116
f 3185 3186 3182
f 3185 3182 3181
f 3192 4069 4071
f 3192 4071 3193
f 3193 4071 4073
f 3193 4073 3190
f 3186 3189 4072
f 3186 4072 3182
f 3190 4073 4072
f 3190 4072 3189
f 2 664 2775
f 664 2 1
f 3 664 1
f 1079 1074 1075
f 1075 1078 1079
f 1963 1964 1088
f 1088 1085 1963
f 1964 1966 1083
f 1083 1088 1964
f 1082 1965 1074
f 1074 1079 1082
f 1966 1965 1082
f 1082 1083 1966
f 3181 3182 3186
f 3186 3185 3181
f 3193 4071 4069
f 4069 3192 3193
f 3190 4073 4071
f 4071 3193 3190
f 3182 4072 3189
f 3189 3186 3182
f 3189 4072 4073
f 4073 3190 3189