# https://github.com/mikedh/trimesh
v 0.01889059 0.03027502 0.02528174
v 0.01899558 0.03027502 0.02481993
v 0.01761642 0.03027502 0.02481993
v 0.01889059 -0.02935818 0.02528174
v 0.01761642 -0.02935818 0.02481993
v 0.01899558 -0.02935818 0.02481993
v 0.01859164 0.03027502 0.02567323
v 0.01859164 -0.02935818 0.02567323
v 0.01814420 0.03027502 0.02593483
v 0.01814420 -0.02935818 0.02593483
v 0.01761642 0.03027502 0.02602669
v 0.01761642 -0.02935818 0.02602669
v 0.01708865 0.03027502 0.02593483
v 0.01708865 -0.02935818 0.02593483
v 0.01664122 0.03027502 0.02567323
v 0.01664122 -0.02935818 0.02567323
v 0.01634225 0.03027502 0.02528174
v 0.01634225 -0.02935818 0.02528174
v 0.01623727 0.03027502 0.02481993
v 0.01623727 -0.02935818 0.02481993
v 0.01634225 0.03027502 0.02435812
v 0.01634225 -0.02935818 0.02435812
v 0.01664122 0.03027502 0.02396662
v 0.01664122 -0.02935818 0.02396662
v 0.01708865 0.03027502 0.02370503
v 0.01708865 -0.02935818 0.02370503
v 0.01761642 0.03027502 0.02361317
v 0.01761642 -0.02935818 0.02361317
v 0.01814420 0.03027502 0.02370503
v 0.01814420 -0.02935818 0.02370503
v 0.01859164 0.03027502 0.02396662
v 0.01859164 -0.02935818 0.02396662
v 0.01889059 0.03027502 0.02435812
v 0.01889059 -0.02935818 0.02435812
v -0.02001498 0.03027502 0.02481993
v -0.01991000 0.03027502 0.02528174
v -0.01863583 0.03027502 0.02481993
v -0.01863583 -0.02935818 0.02481993
v -0.01991000 -0.02935818 0.02528174
v -0.02001498 -0.02935818 0.02481993
v -0.01961103 0.03027502 0.02567323
v -0.01961103 -0.02935818 0.02567323
v -0.01916360 0.03027502 0.02593483
v -0.01916360 -0.02935818 0.02593483
v -0.01863583 0.03027502 0.02602669
v -0.01863583 -0.02935818 0.02602669
v -0.01810804 0.03027502 0.02593483
v -0.01810804 -0.02935818 0.02593483
v -0.01766061 0.03027502 0.02567323
v -0.01766061 -0.02935818 0.02567323
v -0.01736165 0.03027502 0.02528174
v -0.01736165 -0.02935818 0.02528174
v -0.01725667 0.03027502 0.02481993
v -0.01725667 -0.02935818 0.02481993
v -0.01736165 0.03027502 0.02435812
v -0.01736165 -0.02935818 0.02435812
v -0.01766061 0.03027502 0.02396662
v -0.01766061 -0.02935818 0.02396662
v -0.01810804 0.03027502 0.02370503
v -0.01810804 -0.02935818 0.02370503
v -0.01863583 0.03027502 0.02361317
v -0.01863583 -0.02935818 0.02361317
v -0.01916360 0.03027502 0.02370503
v -0.01916360 -0.02935818 0.02370503
v -0.01961103 0.03027502 0.02396662
v -0.01961103 -0.02935818 0.02396662
v -0.01991000 0.03027502 0.02435812
v -0.01991000 -0.02935818 0.02435812
v 0.01889059 0.01536672 0.02528174
v 0.01899558 0.01536672 0.02481993
v 0.01889059 0.00045842 0.02528174
v 0.01899558 0.00045842 0.02481993
v 0.01889059 -0.01444988 0.02528174
v 0.01899558 -0.01444988 0.02481993
v 0.01859164 0.01536672 0.02567323
v 0.01859164 0.00045842 0.02567323
v 0.01859164 -0.01444988 0.02567323
v 0.01814420 0.01536672 0.02593483
v 0.01814420 0.00045842 0.02593483
v 0.01814420 -0.01444988 0.02593483
v 0.01761642 0.01536672 0.02602669
v 0.01761642 0.00045842 0.02602669
v 0.01761642 -0.01444988 0.02602669
v 0.01708865 0.01536672 0.02593483
v 0.01708865 0.00045842 0.02593483
v 0.01708865 -0.01444988 0.02593483
v 0.01664122 0.01536672 0.02567323
v 0.01664122 0.00045842 0.02567323
v 0.01664122 -0.01444988 0.02567323
v 0.01634225 0.01536672 0.02528174
v 0.01634225 0.00045842 0.02528174
v 0.01634225 -0.01444988 0.02528174
v 0.01623727 0.01536672 0.02481993
v 0.01623727 0.00045842 0.02481993
v 0.01623727 -0.01444988 0.02481993
v 0.01634225 0.01536672 0.02435812
v 0.01634225 0.00045842 0.02435812
v 0.01634225 -0.01444988 0.02435812
v 0.01664122 0.01536672 0.02396662
v 0.01664122 0.00045842 0.02396662
v 0.01664122 -0.01444988 0.02396662
v 0.01708865 0.01536672 0.02370503
v 0.01708865 0.00045842 0.02370503
v 0.01708865 -0.01444988 0.02370503
v 0.01761642 0.01536672 0.02361317
v 0.01761642 0.00045842 0.02361317
v 0.01761642 -0.01444988 0.02361317
v 0.01814420 0.01536672 0.02370503
v 0.01814420 0.00045842 0.02370503
v 0.01814420 -0.01444988 0.02370503
v 0.01859164 0.01536672 0.02396662
v 0.01859164 0.00045842 0.02396662
v 0.01859164 -0.01444988 0.02396662
v 0.01889059 0.01536672 0.02435812
v 0.01889059 0.00045842 0.02435812
v 0.01889059 -0.01444988 0.02435812
v -0.02001498 0.01536672 0.02481993
v -0.01991000 0.01536672 0.02528174
v -0.02001498 0.00045842 0.02481993
v -0.01991000 0.00045842 0.02528174
v -0.02001498 -0.01444988 0.02481993
v -0.01991000 -0.01444988 0.02528174
v -0.01961103 0.01536672 0.02567323
v -0.01961103 0.00045842 0.02567323
v -0.01961103 -0.01444988 0.02567323
v -0.01916360 0.01536672 0.02593483
v -0.01916360 0.00045842 0.02593483
v -0.01916360 -0.01444988 0.02593483
v -0.01863583 0.01536672 0.02602669
v -0.01863583 0.00045842 0.02602669
v -0.01863583 -0.01444988 0.02602669
v -0.01810804 0.01536672 0.02593483
v -0.01810804 0.00045842 0.02593483
v -0.01810804 -0.01444988 0.02593483
v -0.01766061 0.01536672 0.02567323
v -0.01766061 0.00045842 0.02567323
v -0.01766061 -0.01444988 0.02567323
v -0.01736165 0.01536672 0.02528174
v -0.01736165 0.00045842 0.02528174
v -0.01736165 -0.01444988 0.02528174
v -0.01725667 0.01536672 0.02481993
v -0.01725667 0.00045842 0.02481993
v -0.01725667 -0.01444988 0.02481993
v -0.01736165 0.01536672 0.02435812
v -0.01736165 0.00045842 0.02435812
v -0.01736165 -0.01444988 0.02435812
v -0.01766061 0.01536672 0.02396662
v -0.01766061 0.00045842 0.02396662
v -0.01766061 -0.01444988 0.02396662
v -0.01810804 0.01536672 0.02370503
v -0.01810804 0.00045842 0.02370503
v -0.01810804 -0.01444988 0.02370503
v -0.01863583 0.01536672 0.02361317
v -0.01863583 0.00045842 0.02361317
v -0.01863583 -0.01444988 0.02361317
v -0.01916360 0.01536672 0.02370503
v -0.01916360 0.00045842 0.02370503
v -0.01916360 -0.01444988 0.02370503
v -0.01961103 0.01536672 0.02396662
v -0.01961103 0.00045842 0.02396662
v -0.01961103 -0.01444988 0.02396662
v -0.01991000 0.01536672 0.02435812
v -0.01991000 0.00045842 0.02435812
v -0.01991000 -0.01444988 0.02435812
v 0.01889059 0.03027502 0.02291649
v 0.01899558 0.03027502 0.02245468
v 0.01761642 0.03027502 0.02245468
v 0.01889059 -0.02935818 0.02291649
v 0.01761642 -0.02935818 0.02245468
v 0.01899558 -0.02935818 0.02245468
v 0.01859164 0.03027502 0.02330799
v 0.01859164 -0.02935818 0.02330799
v 0.01814420 0.03027502 0.02356958
v 0.01814420 -0.02935818 0.02356958
v 0.01761642 0.03027502 0.02366144
v 0.01761642 -0.02935818 0.02366144
v 0.01708865 0.03027502 0.02356958
v 0.01708865 -0.02935818 0.02356958
v 0.01664122 0.03027502 0.02330799
v 0.01664122 -0.02935818 0.02330799
v 0.01634225 0.03027502 0.02291649
v 0.01634225 -0.02935818 0.02291649
v 0.01623727 0.03027502 0.02245468
v 0.01623727 -0.02935818 0.02245468
v 0.01634225 0.03027502 0.02199287
v 0.01634225 -0.02935818 0.02199287
v 0.01664122 0.03027502 0.02160137
v 0.01664122 -0.02935818 0.02160137
v 0.01708865 0.03027502 0.02133978
v 0.01708865 -0.02935818 0.02133978
v 0.01761642 0.03027502 0.02124792
v 0.01761642 -0.02935818 0.02124792
v 0.01814420 0.03027502 0.02133978
v 0.01814420 -0.02935818 0.02133978
v 0.01859164 0.03027502 0.02160137
v 0.01859164 -0.02935818 0.02160137
v 0.01889059 0.03027502 0.02199287
v 0.01889059 -0.02935818 0.02199287
v -0.02001498 0.03027502 0.02245468
v -0.01991000 0.03027502 0.02291649
v -0.01863583 0.03027502 0.02245468
v -0.01863583 -0.02935818 0.02245468
v -0.01991000 -0.02935818 0.02291649
v -0.02001498 -0.02935818 0.02245468
v -0.01961103 0.03027502 0.02330799
v -0.01961103 -0.02935818 0.02330799
v -0.01916360 0.03027502 0.02356958
v -0.01916360 -0.02935818 0.02356958
v -0.01863583 0.03027502 0.02366144
v -0.01863583 -0.02935818 0.02366144
v -0.01810804 0.03027502 0.02356958
v -0.01810804 -0.02935818 0.02356958
v -0.01766061 0.03027502 0.02330799
v -0.01766061 -0.02935818 0.02330799
v -0.01736165 0.03027502 0.02291649
v -0.01736165 -0.02935818 0.02291649
v -0.01725667 0.03027502 0.02245468
v -0.01725667 -0.02935818 0.02245468
v -0.01736165 0.03027502 0.02199287
v -0.01736165 -0.02935818 0.02199287
v -0.01766061 0.03027502 0.02160137
v -0.01766061 -0.02935818 0.02160137
v -0.01810804 0.03027502 0.02133978
v -0.01810804 -0.02935818 0.02133978
v -0.01863583 0.03027502 0.02124792
v -0.01863583 -0.02935818 0.02124792
v -0.01916360 0.03027502 0.02133978
v -0.01916360 -0.02935818 0.02133978
v -0.01961103 0.03027502 0.02160137
v -0.01961103 -0.02935818 0.02160137
v -0.01991000 0.03027502 0.02199287
v -0.01991000 -0.02935818 0.02199287
v 0.01889059 0.01536672 0.02291649
v 0.01899558 0.01536672 0.02245468
v 0.01889059 0.00045842 0.02291649
v 0.01899558 0.00045842 0.02245468
v 0.01889059 -0.01444988 0.02291649
v 0.01899558 -0.01444988 0.02245468
v 0.01859164 0.01536672 0.02330799
v 0.01859164 0.00045842 0.02330799
v 0.01859164 -0.01444988 0.02330799
v 0.01814420 0.01536672 0.02356958
v 0.01814420 0.00045842 0.02356958
v 0.01814420 -0.01444988 0.02356958
v 0.01761642 0.01536672 0.02366144
v 0.01761642 0.00045842 0.02366144
v 0.01761642 -0.01444988 0.02366144
v 0.01708865 0.01536672 0.02356958
v 0.01708865 0.00045842 0.02356958
v 0.01708865 -0.01444988 0.02356958
v 0.01664122 0.01536672 0.02330799
v 0.01664122 0.00045842 0.02330799
v 0.01664122 -0.01444988 0.02330799
v 0.01634225 0.01536672 0.02291649
v 0.01634225 0.00045842 0.02291649
v 0.01634225 -0.01444988 0.02291649
v 0.01623727 0.01536672 0.02245468
v 0.01623727 0.00045842 0.02245468
v 0.01623727 -0.01444988 0.02245468
v 0.01634225 0.01536672 0.02199287
v 0.01634225 0.00045842 0.02199287
v 0.01634225 -0.01444988 0.02199287
v 0.01664122 0.01536672 0.02160137
v 0.01664122 0.00045842 0.02160137
v 0.01664122 -0.01444988 0.02160137
v 0.01708865 0.01536672 0.02133978
v 0.01708865 0.00045842 0.02133978
v 0.01708865 -0.01444988 0.02133978
v 0.01761642 0.01536672 0.02124792
v 0.01761642 0.00045842 0.02124792
v 0.01761642 -0.01444988 0.02124792
v 0.01814420 0.01536672 0.02133978
v 0.01814420 0.00045842 0.02133978
v 0.01814420 -0.01444988 0.02133978
v 0.01859164 0.01536672 0.02160137
v 0.01859164 0.00045842 0.02160137
v 0.01859164 -0.01444988 0.02160137
v 0.01889059 0.01536672 0.02199287
v 0.01889059 0.00045842 0.02199287
v 0.01889059 -0.01444988 0.02199287
v -0.02001498 0.01536672 0.02245468
v -0.01991000 0.01536672 0.02291649
v -0.02001498 0.00045842 0.02245468
v -0.01991000 0.00045842 0.02291649
v -0.02001498 -0.01444988 0.02245468
v -0.01991000 -0.01444988 0.02291649
v -0.01961103 0.01536672 0.02330799
v -0.01961103 0.00045842 0.02330799
v -0.01961103 -0.01444988 0.02330799
v -0.01916360 0.01536672 0.02356958
v -0.01916360 0.00045842 0.02356958
v -0.01916360 -0.01444988 0.02356958
v -0.01863583 0.01536672 0.02366144
v -0.01863583 0.00045842 0.02366144
v -0.01863583 -0.01444988 0.02366144
v -0.01810804 0.01536672 0.02356958
v -0.01810804 0.00045842 0.02356958
v -0.01810804 -0.01444988 0.02356958
v -0.01766061 0.01536672 0.02330799
v -0.01766061 0.00045842 0.02330799
v -0.01766061 -0.01444988 0.02330799
v -0.01736165 0.01536672 0.02291649
v -0.01736165 0.00045842 0.02291649
v -0.01736165 -0.01444988 0.02291649
v -0.01725667 0.01536672 0.02245468
v -0.01725667 0.00045842 0.02245468
v -0.01725667 -0.01444988 0.02245468
v -0.01736165 0.01536672 0.02199287
v -0.01736165 0.00045842 0.02199287
v -0.01736165 -0.01444988 0.02199287
v -0.01766061 0.01536672 0.02160137
v -0.01766061 0.00045842 0.02160137
v -0.01766061 -0.01444988 0.02160137
v -0.01810804 0.01536672 0.02133978
v -0.01810804 0.00045842 0.02133978
v -0.01810804 -0.01444988 0.02133978
v -0.01863583 0.01536672 0.02124792
v -0.01863583 0.00045842 0.02124792
v -0.01863583 -0.01444988 0.02124792
v -0.01916360 0.01536672 0.02133978
v -0.01916360 0.00045842 0.02133978
v -0.01916360 -0.01444988 0.02133978
v -0.01961103 0.01536672 0.02160137
v -0.01961103 0.00045842 0.02160137
v -0.01961103 -0.01444988 0.02160137
v -0.01991000 0.01536672 0.02199287
v -0.01991000 0.00045842 0.02199287
v -0.01991000 -0.01444988 0.02199287
v 0.01889059 0.03027502 0.02055124
v 0.01899558 0.03027502 0.02008943
v 0.01761642 0.03027502 0.02008943
v 0.01889059 -0.02935818 0.02055124
v 0.01761642 -0.02935818 0.02008943
v 0.01899558 -0.02935818 0.02008943
v 0.01859164 0.03027502 0.02094274
v 0.01859164 -0.02935818 0.02094274
v 0.01814420 0.03027502 0.02120433
v 0.01814420 -0.02935818 0.02120433
v 0.01761642 0.03027502 0.02129620
v 0.01761642 -0.02935818 0.02129620
v 0.01708865 0.03027502 0.02120433
v 0.01708865 -0.02935818 0.02120433
v 0.01664122 0.03027502 0.02094274
v 0.01664122 -0.02935818 0.02094274
v 0.01634225 0.03027502 0.02055124
v 0.01634225 -0.02935818 0.02055124
v 0.01623727 0.03027502 0.02008943
v 0.01623727 -0.02935818 0.02008943
v 0.01634225 0.03027502 0.01962763
v 0.01634225 -0.02935818 0.01962763
v 0.01664122 0.03027502 0.01923613
v 0.01664122 -0.02935818 0.01923613
v 0.01708865 0.03027502 0.01897454
v 0.01708865 -0.02935818 0.01897454
v 0.01761642 0.03027502 0.01888268
v 0.01761642 -0.02935818 0.01888268
v 0.01814420 0.03027502 0.01897454
v 0.01814420 -0.02935818 0.01897454
v 0.01859164 0.03027502 0.01923613
v 0.01859164 -0.02935818 0.01923613
v 0.01889059 0.03027502 0.01962763
v 0.01889059 -0.02935818 0.01962763
v -0.02001498 0.03027502 0.02008943
v -0.01991000 0.03027502 0.02055124
v -0.01863583 0.03027502 0.02008943
v -0.01863583 -0.02935818 0.02008943
v -0.01991000 -0.02935818 0.02055124
v -0.02001498 -0.02935818 0.02008943
v -0.01961103 0.03027502 0.02094274
v -0.01961103 -0.02935818 0.02094274
v -0.01916360 0.03027502 0.02120433
v -0.01916360 -0.02935818 0.02120433
v -0.01863583 0.03027502 0.02129620
v -0.01863583 -0.02935818 0.02129620
v -0.01810804 0.03027502 0.02120433
v -0.01810804 -0.02935818 0.02120433
v -0.01766061 0.03027502 0.02094274
v -0.01766061 -0.02935818 0.02094274
v -0.01736165 0.03027502 0.02055124
v -0.01736165 -0.02935818 0.02055124
v -0.01725667 0.03027502 0.02008943
v -0.01725667 -0.02935818 0.02008943
v -0.01736165 0.03027502 0.01962763
v -0.01736165 -0.02935818 0.01962763
v -0.01766061 0.03027502 0.01923613
v -0.01766061 -0.02935818 0.01923613
v -0.01810804 0.03027502 0.01897454
v -0.01810804 -0.02935818 0.01897454
v -0.01863583 0.03027502 0.01888268
v -0.01863583 -0.02935818 0.01888268
v -0.01916360 0.03027502 0.01897454
v -0.01916360 -0.02935818 0.01897454
v -0.01961103 0.03027502 0.01923613
v -0.01961103 -0.02935818 0.01923613
v -0.01991000 0.03027502 0.01962763
v -0.01991000 -0.02935818 0.01962763
v 0.01889059 0.01536672 0.02055124
v 0.01899558 0.01536672 0.02008943
v 0.01889059 0.00045842 0.02055124
v 0.01899558 0.00045842 0.02008943
v 0.01889059 -0.01444988 0.02055124
v 0.01899558 -0.01444988 0.02008943
v 0.01859164 0.01536672 0.02094274
v 0.01859164 0.00045842 0.02094274
v 0.01859164 -0.01444988 0.02094274
v 0.01814420 0.01536672 0.02120433
v 0.01814420 0.00045842 0.02120433
v 0.01814420 -0.01444988 0.02120433
v 0.01761642 0.01536672 0.02129620
v 0.01761642 0.00045842 0.02129620
v 0.01761642 -0.01444988 0.02129620
v 0.01708865 0.01536672 0.02120433
v 0.01708865 0.00045842 0.02120433
v 0.01708865 -0.01444988 0.02120433
v 0.01664122 0.01536672 0.02094274
v 0.01664122 0.00045842 0.02094274
v 0.01664122 -0.01444988 0.02094274
v 0.01634225 0.01536672 0.02055124
v 0.01634225 0.00045842 0.02055124
v 0.01634225 -0.01444988 0.02055124
v 0.01623727 0.01536672 0.02008943
v 0.01623727 0.00045842 0.02008943
v 0.01623727 -0.01444988 0.02008943
v 0.01634225 0.01536672 0.01962763
v 0.01634225 0.00045842 0.01962763
v 0.01634225 -0.01444988 0.01962763
v 0.01664122 0.01536672 0.01923613
v 0.01664122 0.00045842 0.01923613
v 0.01664122 -0.01444988 0.01923613
v 0.01708865 0.01536672 0.01897454
v 0.01708865 0.00045842 0.01897454
v 0.01708865 -0.01444988 0.01897454
v 0.01761642 0.01536672 0.01888268
v 0.01761642 0.00045842 0.01888268
v 0.01761642 -0.01444988 0.01888268
v 0.01814420 0.01536672 0.01897454
v 0.01814420 0.00045842 0.01897454
v 0.01814420 -0.01444988 0.01897454
v 0.01859164 0.01536672 0.01923613
v 0.01859164 0.00045842 0.01923613
v 0.01859164 -0.01444988 0.01923613
v 0.01889059 0.01536672 0.01962763
v 0.01889059 0.00045842 0.01962763
v 0.01889059 -0.01444988 0.01962763
v -0.02001498 0.01536672 0.02008943
v -0.01991000 0.01536672 0.02055124
v -0.02001498 0.00045842 0.02008943
v -0.01991000 0.00045842 0.02055124
v -0.02001498 -0.01444988 0.02008943
v -0.01991000 -0.01444988 0.02055124
v -0.01961103 0.01536672 0.02094274
v -0.01961103 0.00045842 0.02094274
v -0.01961103 -0.01444988 0.02094274
v -0.01916360 0.01536672 0.02120433
v -0.01916360 0.00045842 0.02120433
v -0.01916360 -0.01444988 0.02120433
v -0.01863583 0.01536672 0.02129620
v -0.01863583 0.00045842 0.02129620
v -0.01863583 -0.01444988 0.02129620
v -0.01810804 0.01536672 0.02120433
v -0.01810804 0.00045842 0.02120433
v -0.01810804 -0.01444988 0.02120433
v -0.01766061 0.01536672 0.02094274
v -0.01766061 0.00045842 0.02094274
v -0.01766061 -0.01444988 0.02094274
v -0.01736165 0.01536672 0.02055124
v -0.01736165 0.00045842 0.02055124
v -0.01736165 -0.01444988 0.02055124
v -0.01725667 0.01536672 0.02008943
v -0.01725667 0.00045842 0.02008943
v -0.01725667 -0.01444988 0.02008943
v -0.01736165 0.01536672 0.01962763
v -0.01736165 0.00045842 0.01962763
v -0.01736165 -0.01444988 0.01962763
v -0.01766061 0.01536672 0.01923613
v -0.01766061 0.00045842 0.01923613
v -0.01766061 -0.01444988 0.01923613
v -0.01810804 0.01536672 0.01897454
v -0.01810804 0.00045842 0.01897454
v -0.01810804 -0.01444988 0.01897454
v -0.01863583 0.01536672 0.01888268
v -0.01863583 0.00045842 0.01888268
v -0.01863583 -0.01444988 0.01888268
v -0.01916360 0.01536672 0.01897454
v -0.01916360 0.00045842 0.01897454
v -0.01916360 -0.01444988 0.01897454
v -0.01961103 0.01536672 0.01923613
v -0.01961103 0.00045842 0.01923613
v -0.01961103 -0.01444988 0.01923613
v -0.01991000 0.01536672 0.01962763
v -0.01991000 0.00045842 0.01962763
v -0.01991000 -0.01444988 0.01962763
v 0.01889059 0.03027502 0.01818599
v 0.01899558 0.03027502 0.01772419
v 0.01761642 0.03027502 0.01772419
v 0.01889059 -0.02935818 0.01818599
v 0.01761642 -0.02935818 0.01772419
v 0.01899558 -0.02935818 0.01772419
v 0.01859164 0.03027502 0.01857750
v 0.01859164 -0.02935818 0.01857750
v 0.01814420 0.03027502 0.01883909
v 0.01814420 -0.02935818 0.01883909
v 0.01761642 0.03027502 0.01893095
v 0.01761642 -0.02935818 0.01893095
v 0.01708865 0.03027502 0.01883909
v 0.01708865 -0.02935818 0.01883909
v 0.01664122 0.03027502 0.01857750
v 0.01664122 -0.02935818 0.01857750
v 0.01634225 0.03027502 0.01818599
v 0.01634225 -0.02935818 0.01818599
v 0.01623727 0.03027502 0.01772419
v 0.01623727 -0.02935818 0.01772419
v 0.01634225 0.03027502 0.01726238
v 0.01634225 -0.02935818 0.01726238
v 0.01664122 0.03027502 0.01687088
v 0.01664122 -0.02935818 0.01687088
v 0.01708865 0.03027502 0.01660929
v 0.01708865 -0.02935818 0.01660929
v 0.01761642 0.03027502 0.01651743
v 0.01761642 -0.02935818 0.01651743
v 0.01814420 0.03027502 0.01660929
v 0.01814420 -0.02935818 0.01660929
v 0.01859164 0.03027502 0.01687088
v 0.01859164 -0.02935818 0.01687088
v 0.01889059 0.03027502 0.01726238
v 0.01889059 -0.02935818 0.01726238
v -0.02001498 0.03027502 0.01772419
v -0.01991000 0.03027502 0.01818599
v -0.01863583 0.03027502 0.01772419
v -0.01863583 -0.02935818 0.01772419
v -0.01991000 -0.02935818 0.01818599
v -0.02001498 -0.02935818 0.01772419
v -0.01961103 0.03027502 0.01857750
v -0.01961103 -0.02935818 0.01857750
v -0.01916360 0.03027502 0.01883909
v -0.01916360 -0.02935818 0.01883909
v -0.01863583 0.03027502 0.01893095
v -0.01863583 -0.02935818 0.01893095
v -0.01810804 0.03027502 0.01883909
v -0.01810804 -0.02935818 0.01883909
v -0.01766061 0.03027502 0.01857750
v -0.01766061 -0.02935818 0.01857750
v -0.01736165 0.03027502 0.01818599
v -0.01736165 -0.02935818 0.01818599
v -0.01725667 0.03027502 0.01772419
v -0.01725667 -0.02935818 0.01772419
v -0.01736165 0.03027502 0.01726238
v -0.01736165 -0.02935818 0.01726238
v -0.01766061 0.03027502 0.01687088
v -0.01766061 -0.02935818 0.01687088
v -0.01810804 0.03027502 0.01660929
v -0.01810804 -0.02935818 0.01660929
v -0.01863583 0.03027502 0.01651743
v -0.01863583 -0.02935818 0.01651743
v -0.01916360 0.03027502 0.01660929
v -0.01916360 -0.02935818 0.01660929
v -0.01961103 0.03027502 0.01687088
v -0.01961103 -0.02935818 0.01687088
v -0.01991000 0.03027502 0.01726238
v -0.01991000 -0.02935818 0.01726238
v 0.01889059 0.01536672 0.01818599
v 0.01899558 0.01536672 0.01772419
v 0.01889059 0.00045842 0.01818599
v 0.01899558 0.00045842 0.01772419
v 0.01889059 -0.01444988 0.01818599
v 0.01899558 -0.01444988 0.01772419
v 0.01859164 0.01536672 0.01857750
v 0.01859164 0.00045842 0.01857750
v 0.01859164 -0.01444988 0.01857750
v 0.01814420 0.01536672 0.01883909
v 0.01814420 0.00045842 0.01883909
v 0.01814420 -0.01444988 0.01883909
v 0.01761642 0.01536672 0.01893095
v 0.01761642 0.00045842 0.01893095
v 0.01761642 -0.01444988 0.01893095
v 0.01708865 0.01536672 0.01883909
v 0.01708865 0.00045842 0.01883909
v 0.01708865 -0.01444988 0.01883909
v 0.01664122 0.01536672 0.01857750
v 0.01664122 0.00045842 0.01857750
v 0.01664122 -0.01444988 0.01857750
v 0.01634225 0.01536672 0.01818599
v 0.01634225 0.00045842 0.01818599
v 0.01634225 -0.01444988 0.01818599
v 0.01623727 0.01536672 0.01772419
v 0.01623727 0.00045842 0.01772419
v 0.01623727 -0.01444988 0.01772419
v 0.01634225 0.01536672 0.01726238
v 0.01634225 0.00045842 0.01726238
v 0.01634225 -0.01444988 0.01726238
v 0.01664122 0.01536672 0.01687088
v 0.01664122 0.00045842 0.01687088
v 0.01664122 -0.01444988 0.01687088
v 0.01708865 0.01536672 0.01660929
v 0.01708865 0.00045842 0.01660929
v 0.01708865 -0.01444988 0.01660929
v 0.01761642 0.01536672 0.01651743
v 0.01761642 0.00045842 0.01651743
v 0.01761642 -0.01444988 0.01651743
v 0.01814420 0.01536672 0.01660929
v 0.01814420 0.00045842 0.01660929
v 0.01814420 -0.01444988 0.01660929
v 0.01859164 0.01536672 0.01687088
v 0.01859164 0.00045842 0.01687088
v 0.01859164 -0.01444988 0.01687088
v 0.01889059 0.01536672 0.01726238
v 0.01889059 0.00045842 0.01726238
v 0.01889059 -0.01444988 0.01726238
v -0.02001498 0.01536672 0.01772419
v -0.01991000 0.01536672 0.01818599
v -0.02001498 0.00045842 0.01772419
v -0.01991000 0.00045842 0.01818599
v -0.02001498 -0.01444988 0.01772419
v -0.01991000 -0.01444988 0.01818599
v -0.01961103 0.01536672 0.01857750
v -0.01961103 0.00045842 0.01857750
v -0.01961103 -0.01444988 0.01857750
v -0.01916360 0.01536672 0.01883909
v -0.01916360 0.00045842 0.01883909
v -0.01916360 -0.01444988 0.01883909
v -0.01863583 0.01536672 0.01893095
v -0.01863583 0.00045842 0.01893095
v -0.01863583 -0.01444988 0.01893095
v -0.01810804 0.01536672 0.01883909
v -0.01810804 0.00045842 0.01883909
v -0.01810804 -0.01444988 0.01883909
v -0.01766061 0.01536672 0.01857750
v -0.01766061 0.00045842 0.01857750
v -0.01766061 -0.01444988 0.01857750
v -0.01736165 0.01536672 0.01818599
v -0.01736165 0.00045842 0.01818599
v -0.01736165 -0.01444988 0.01818599
v -0.01725667 0.01536672 0.01772419
v -0.01725667 0.00045842 0.01772419
v -0.01725667 -0.01444988 0.01772419
v -0.01736165 0.01536672 0.01726238
v -0.01736165 0.00045842 0.01726238
v -0.01736165 -0.01444988 0.01726238
v -0.01766061 0.01536672 0.01687088
v -0.01766061 0.00045842 0.01687088
v -0.01766061 -0.01444988 0.01687088
v -0.01810804 0.01536672 0.01660929
v -0.01810804 0.00045842 0.01660929
v -0.01810804 -0.01444988 0.01660929
v -0.01863583 0.01536672 0.01651743
v -0.01863583 0.00045842 0.01651743
v -0.01863583 -0.01444988 0.01651743
v -0.01916360 0.01536672 0.01660929
v -0.01916360 0.00045842 0.01660929
v -0.01916360 -0.01444988 0.01660929
v -0.01961103 0.01536672 0.01687088
v -0.01961103 0.00045842 0.01687088
v -0.01961103 -0.01444988 0.01687088
v -0.01991000 0.01536672 0.01726238
v -0.01991000 0.00045842 0.01726238
v -0.01991000 -0.01444988 0.01726238
v 0.01889059 0.03027502 0.01582075
v 0.01899558 0.03027502 0.01535895
v 0.01761642 0.03027502 0.01535895
v 0.01889059 -0.02935818 0.01582075
v 0.01761642 -0.02935818 0.01535895
v 0.01899558 -0.02935818 0.01535895
v 0.01859164 0.03027502 0.01621225
v 0.01859164 -0.02935818 0.01621225
v 0.01814420 0.03027502 0.01647384
v 0.01814420 -0.02935818 0.01647384
v 0.01761642 0.03027502 0.01656570
v 0.01761642 -0.02935818 0.01656570
v 0.01708865 0.03027502 0.01647384
v 0.01708865 -0.02935818 0.01647384
v 0.01664122 0.03027502 0.01621225
v 0.01664122 -0.02935818 0.01621225
v 0.01634225 0.03027502 0.01582075
v 0.01634225 -0.02935818 0.01582075
v 0.01623727 0.03027502 0.01535895
v 0.01623727 -0.02935818 0.01535895
v 0.01634225 0.03027502 0.01489714
v 0.01634225 -0.02935818 0.01489714
v 0.01664122 0.03027502 0.01450564
v 0.01664122 -0.02935818 0.01450564
v 0.01708865 0.03027502 0.01424404
v 0.01708865 -0.02935818 0.01424404
v 0.01761642 0.03027502 0.01415219
v 0.01761642 -0.02935818 0.01415219
v 0.01814420 0.03027502 0.01424404
v 0.01814420 -0.02935818 0.01424404
v 0.01859164 0.03027502 0.01450564
v 0.01859164 -0.02935818 0.01450564
v 0.01889059 0.03027502 0.01489714
v 0.01889059 -0.02935818 0.01489714
v -0.02001498 0.03027502 0.01535895
v -0.01991000 0.03027502 0.01582075
v -0.01863583 0.03027502 0.01535895
v -0.01863583 -0.02935818 0.01535895
v -0.01991000 -0.02935818 0.01582075
v -0.02001498 -0.02935818 0.01535895
v -0.01961103 0.03027502 0.01621225
v -0.01961103 -0.02935818 0.01621225
v -0.01916360 0.03027502 0.01647384
v -0.01916360 -0.02935818 0.01647384
v -0.01863583 0.03027502 0.01656570
v -0.01863583 -0.02935818 0.01656570
v -0.01810804 0.03027502 0.01647384
v -0.01810804 -0.02935818 0.01647384
v -0.01766061 0.03027502 0.01621225
v -0.01766061 -0.02935818 0.01621225
v -0.01736165 0.03027502 0.01582075
v -0.01736165 -0.02935818 0.01582075
v -0.01725667 0.03027502 0.01535895
v -0.01725667 -0.02935818 0.01535895
v -0.01736165 0.03027502 0.01489714
v -0.01736165 -0.02935818 0.01489714
v -0.01766061 0.03027502 0.01450564
v -0.01766061 -0.02935818 0.01450564
v -0.01810804 0.03027502 0.01424404
v -0.01810804 -0.02935818 0.01424404
v -0.01863583 0.03027502 0.01415219
v -0.01863583 -0.02935818 0.01415219
v -0.01916360 0.03027502 0.01424404
v -0.01916360 -0.02935818 0.01424404
v -0.01961103 0.03027502 0.01450564
v -0.01961103 -0.02935818 0.01450564
v -0.01991000 0.03027502 0.01489714
v -0.01991000 -0.02935818 0.01489714
v 0.01889059 0.01536672 0.01582075
v 0.01899558 0.01536672 0.01535895
v 0.01889059 0.00045842 0.01582075
v 0.01899558 0.00045842 0.01535895
v 0.01889059 -0.01444988 0.01582075
v 0.01899558 -0.01444988 0.01535895
v 0.01859164 0.01536672 0.01621225
v 0.01859164 0.00045842 0.01621225
v 0.01859164 -0.01444988 0.01621225
v 0.01814420 0.01536672 0.01647384
v 0.01814420 0.00045842 0.01647384
v 0.01814420 -0.01444988 0.01647384
v 0.01761642 0.01536672 0.01656570
v 0.01761642 0.00045842 0.01656570
v 0.01761642 -0.01444988 0.01656570
v 0.01708865 0.01536672 0.01647384
v 0.01708865 0.00045842 0.01647384
v 0.01708865 -0.01444988 0.01647384
v 0.01664122 0.01536672 0.01621225
v 0.01664122 0.00045842 0.01621225
v 0.01664122 -0.01444988 0.01621225
v 0.01634225 0.01536672 0.01582075
v 0.01634225 0.00045842 0.01582075
v 0.01634225 -0.01444988 0.01582075
v 0.01623727 0.01536672 0.01535895
v 0.01623727 0.00045842 0.01535895
v 0.01623727 -0.01444988 0.01535895
v 0.01634225 0.01536672 0.01489714
v 0.01634225 0.00045842 0.01489714
v 0.01634225 -0.01444988 0.01489714
v 0.01664122 0.01536672 0.01450564
v 0.01664122 0.00045842 0.01450564
v 0.01664122 -0.01444988 0.01450564
v 0.01708865 0.01536672 0.01424404
v 0.01708865 0.00045842 0.01424404
v 0.01708865 -0.01444988 0.01424404
v 0.01761642 0.01536672 0.01415219
v 0.01761642 0.00045842 0.01415219
v 0.01761642 -0.01444988 0.01415219
v 0.01814420 0.01536672 0.01424404
v 0.01814420 0.00045842 0.01424404
v 0.01814420 -0.01444988 0.01424404
v 0.01859164 0.01536672 0.01450564
v 0.01859164 0.00045842 0.01450564
v 0.01859164 -0.01444988 0.01450564
v 0.01889059 0.01536672 0.01489714
v 0.01889059 0.00045842 0.01489714
v 0.01889059 -0.01444988 0.01489714
v -0.02001498 0.01536672 0.01535895
v -0.01991000 0.01536672 0.01582075
v -0.02001498 0.00045842 0.01535895
v -0.01991000 0.00045842 0.01582075
v -0.02001498 -0.01444988 0.01535895
v -0.01991000 -0.01444988 0.01582075
v -0.01961103 0.01536672 0.01621225
v -0.01961103 0.00045842 0.01621225
v -0.01961103 -0.01444988 0.01621225
v -0.01916360 0.01536672 0.01647384
v -0.01916360 0.00045842 0.01647384
v -0.01916360 -0.01444988 0.01647384
v -0.01863583 0.01536672 0.01656570
v -0.01863583 0.00045842 0.01656570
v -0.01863583 -0.01444988 0.01656570
v -0.01810804 0.01536672 0.01647384
v -0.01810804 0.00045842 0.01647384
v -0.01810804 -0.01444988 0.01647384
v -0.01766061 0.01536672 0.01621225
v -0.01766061 0.00045842 0.01621225
v -0.01766061 -0.01444988 0.01621225
v -0.01736165 0.01536672 0.01582075
v -0.01736165 0.00045842 0.01582075
v -0.01736165 -0.01444988 0.01582075
v -0.01725667 0.01536672 0.01535895
v -0.01725667 0.00045842 0.01535895
v -0.01725667 -0.01444988 0.01535895
v -0.01736165 0.01536672 0.01489714
v -0.01736165 0.00045842 0.01489714
v -0.01736165 -0.01444988 0.01489714
v -0.01766061 0.01536672 0.01450564
v -0.01766061 0.00045842 0.01450564
v -0.01766061 -0.01444988 0.01450564
v -0.01810804 0.01536672 0.01424404
v -0.01810804 0.00045842 0.01424404
v -0.01810804 -0.01444988 0.01424404
v -0.01863583 0.01536672 0.01415219
v -0.01863583 0.00045842 0.01415219
v -0.01863583 -0.01444988 0.01415219
v -0.01916360 0.01536672 0.01424404
v -0.01916360 0.00045842 0.01424404
v -0.01916360 -0.01444988 0.01424404
v -0.01961103 0.01536672 0.01450564
v -0.01961103 0.00045842 0.01450564
v -0.01961103 -0.01444988 0.01450564
v -0.01991000 0.01536672 0.01489714
v -0.01991000 0.00045842 0.01489714
v -0.01991000 -0.01444988 0.01489714
v 0.01889059 0.03027502 0.01345551
v 0.01899558 0.03027502 0.01299370
v 0.01761642 0.03027502 0.01299370
v 0.01889059 -0.02935818 0.01345551
v 0.01761642 -0.02935818 0.01299370
v 0.01899558 -0.02935818 0.01299370
v 0.01859164 0.03027502 0.01384700
v 0.01859164 -0.02935818 0.01384700
v 0.01814420 0.03027502 0.01410860
v 0.01814420 -0.02935818 0.01410860
v 0.01761642 0.03027502 0.01420046
v 0.01761642 -0.02935818 0.01420046
v 0.01708865 0.03027502 0.01410860
v 0.01708865 -0.02935818 0.01410860
v 0.01664122 0.03027502 0.01384700
v 0.01664122 -0.02935818 0.01384700
v 0.01634225 0.03027502 0.01345551
v 0.01634225 -0.02935818 0.01345551
v 0.01623727 0.03027502 0.01299370
v 0.01623727 -0.02935818 0.01299370
v 0.01634225 0.03027502 0.01253189
v 0.01634225 -0.02935818 0.01253189
v 0.01664122 0.03027502 0.01214039
v 0.01664122 -0.02935818 0.01214039
v 0.01708865 0.03027502 0.01187880
v 0.01708865 -0.02935818 0.01187880
v 0.01761642 0.03027502 0.01178694
v 0.01761642 -0.02935818 0.01178694
v 0.01814420 0.03027502 0.01187880
v 0.01814420 -0.02935818 0.01187880
v 0.01859164 0.03027502 0.01214039
v 0.01859164 -0.02935818 0.01214039
v 0.01889059 0.03027502 0.01253189
v 0.01889059 -0.02935818 0.01253189
v -0.02001498 0.03027502 0.01299370
v -0.01991000 0.03027502 0.01345551
v -0.01863583 0.03027502 0.01299370
v -0.01863583 -0.02935818 0.01299370
v -0.01991000 -0.02935818 0.01345551
v -0.02001498 -0.02935818 0.01299370
v -0.01961103 0.03027502 0.01384700
v -0.01961103 -0.02935818 0.01384700
v -0.01916360 0.03027502 0.01410860
v -0.01916360 -0.02935818 0.01410860
v -0.01863583 0.03027502 0.01420046
v -0.01863583 -0.02935818 0.01420046
v -0.01810804 0.03027502 0.01410860
v -0.01810804 -0.02935818 0.01410860
v -0.01766061 0.03027502 0.01384700
v -0.01766061 -0.02935818 0.01384700
v -0.01736165 0.03027502 0.01345551
v -0.01736165 -0.02935818 0.01345551
v -0.01725667 0.03027502 0.01299370
v -0.01725667 -0.02935818 0.01299370
v -0.01736165 0.03027502 0.01253189
v -0.01736165 -0.02935818 0.01253189
v -0.01766061 0.03027502 0.01214039
v -0.01766061 -0.02935818 0.01214039
v -0.01810804 0.03027502 0.01187880
v -0.01810804 -0.02935818 0.01187880
v -0.01863583 0.03027502 0.01178694
v -0.01863583 -0.02935818 0.01178694
v -0.01916360 0.03027502 0.01187880
v -0.01916360 -0.02935818 0.01187880
v -0.01961103 0.03027502 0.01214039
v -0.01961103 -0.02935818 0.01214039
v -0.01991000 0.03027502 0.01253189
v -0.01991000 -0.02935818 0.01253189
v 0.01889059 0.01536672 0.01345551
v 0.01899558 0.01536672 0.01299370
v 0.01889059 0.00045842 0.01345551
v 0.01899558 0.00045842 0.01299370
v 0.01889059 -0.01444988 0.01345551
v 0.01899558 -0.01444988 0.01299370
v 0.01859164 0.01536672 0.01384700
v 0.01859164 0.00045842 0.01384700
v 0.01859164 -0.01444988 0.01384700
v 0.01814420 0.01536672 0.01410860
v 0.01814420 0.00045842 0.01410860
v 0.01814420 -0.01444988 0.01410860
v 0.01761642 0.01536672 0.01420046
v 0.01761642 0.00045842 0.01420046
v 0.01761642 -0.01444988 0.01420046
v 0.01708865 0.01536672 0.01410860
v 0.01708865 0.00045842 0.01410860
v 0.01708865 -0.01444988 0.01410860
v 0.01664122 0.01536672 0.01384700
v 0.01664122 0.00045842 0.01384700
v 0.01664122 -0.01444988 0.01384700
v 0.01634225 0.01536672 0.01345551
v 0.01634225 0.00045842 0.01345551
v 0.01634225 -0.01444988 0.01345551
v 0.01623727 0.01536672 0.01299370
v 0.01623727 0.00045842 0.01299370
v 0.01623727 -0.01444988 0.01299370
v 0.01634225 0.01536672 0.01253189
v 0.01634225 0.00045842 0.01253189
v 0.01634225 -0.01444988 0.01253189
v 0.01664122 0.01536672 0.01214039
v 0.01664122 0.00045842 0.01214039
v 0.01664122 -0.01444988 0.01214039
v 0.01708865 0.01536672 0.01187880
v 0.01708865 0.00045842 0.01187880
v 0.01708865 -0.01444988 0.01187880
v 0.01761642 0.01536672 0.01178694
v 0.01761642 0.00045842 0.01178694
v 0.01761642 -0.01444988 0.01178694
v 0.01814420 0.01536672 0.01187880
v 0.01814420 0.00045842 0.01187880
v 0.01814420 -0.01444988 0.01187880
v 0.01859164 0.01536672 0.01214039
v 0.01859164 0.00045842 0.01214039
v 0.01859164 -0.01444988 0.01214039
v 0.01889059 0.01536672 0.01253189
v 0.01889059 0.00045842 0.01253189
v 0.01889059 -0.01444988 0.01253189
v -0.02001498 0.01536672 0.01299370
v -0.01991000 0.01536672 0.01345551
v -0.02001498 0.00045842 0.01299370
v -0.01991000 0.00045842 0.01345551
v -0.02001498 -0.01444988 0.01299370
v -0.01991000 -0.01444988 0.01345551
v -0.01961103 0.01536672 0.01384700
v -0.01961103 0.00045842 0.01384700
v -0.01961103 -0.01444988 0.01384700
v -0.01916360 0.01536672 0.01410860
v -0.01916360 0.00045842 0.01410860
v -0.01916360 -0.01444988 0.01410860
v -0.01863583 0.01536672 0.01420046
v -0.01863583 0.00045842 0.01420046
v -0.01863583 -0.01444988 0.01420046
v -0.01810804 0.01536672 0.01410860
v -0.01810804 0.00045842 0.01410860
v -0.01810804 -0.01444988 0.01410860
v -0.01766061 0.01536672 0.01384700
v -0.01766061 0.00045842 0.01384700
v -0.01766061 -0.01444988 0.01384700
v -0.01736165 0.01536672 0.01345551
v -0.01736165 0.00045842 0.01345551
v -0.01736165 -0.01444988 0.01345551
v -0.01725667 0.01536672 0.01299370
v -0.01725667 0.00045842 0.01299370
v -0.01725667 -0.01444988 0.01299370
v -0.01736165 0.01536672 0.01253189
v -0.01736165 0.00045842 0.01253189
v -0.01736165 -0.01444988 0.01253189
v -0.01766061 0.01536672 0.01214039
v -0.01766061 0.00045842 0.01214039
v -0.01766061 -0.01444988 0.01214039
v -0.01810804 0.01536672 0.01187880
v -0.01810804 0.00045842 0.01187880
v -0.01810804 -0.01444988 0.01187880
v -0.01863583 0.01536672 0.01178694
v -0.01863583 0.00045842 0.01178694
v -0.01863583 -0.01444988 0.01178694
v -0.01916360 0.01536672 0.01187880
v -0.01916360 0.00045842 0.01187880
v -0.01916360 -0.01444988 0.01187880
v -0.01961103 0.01536672 0.01214039
v -0.01961103 0.00045842 0.01214039
v -0.01961103 -0.01444988 0.01214039
v -0.01991000 0.01536672 0.01253189
v -0.01991000 0.00045842 0.01253189
v -0.01991000 -0.01444988 0.01253189
v 0.01889059 0.03027502 0.01109026
v 0.01899558 0.03027502 0.01062845
v 0.01761642 0.03027502 0.01062845
v 0.01889059 -0.02935818 0.01109026
v 0.01761642 -0.02935818 0.01062845
v 0.01899558 -0.02935818 0.01062845
v 0.01859164 0.03027502 0.01148176
v 0.01859164 -0.02935818 0.01148176
v 0.01814420 0.03027502 0.01174335
v 0.01814420 -0.02935818 0.01174335
v 0.01761642 0.03027502 0.01183521
v 0.01761642 -0.02935818 0.01183521
v 0.01708865 0.03027502 0.01174335
v 0.01708865 -0.02935818 0.01174335
v 0.01664122 0.03027502 0.01148176
v 0.01664122 -0.02935818 0.01148176
v 0.01634225 0.03027502 0.01109026
v 0.01634225 -0.02935818 0.01109026
v 0.01623727 0.03027502 0.01062845
v 0.01623727 -0.02935818 0.01062845
v 0.01634225 0.03027502 0.01016664
v 0.01634225 -0.02935818 0.01016664
v 0.01664122 0.03027502 0.00977514
v 0.01664122 -0.02935818 0.00977514
v 0.01708865 0.03027502 0.00951355
v 0.01708865 -0.02935818 0.00951355
v 0.01761642 0.03027502 0.00942169
v 0.01761642 -0.02935818 0.00942169
v 0.01814420 0.03027502 0.00951355
v 0.01814420 -0.02935818 0.00951355
v 0.01859164 0.03027502 0.00977514
v 0.01859164 -0.02935818 0.00977514
v 0.01889059 0.03027502 0.01016664
v 0.01889059 -0.02935818 0.01016664
v -0.02001498 0.03027502 0.01062845
v -0.01991000 0.03027502 0.01109026
v -0.01863583 0.03027502 0.01062845
v -0.01863583 -0.02935818 0.01062845
v -0.01991000 -0.02935818 0.01109026
v -0.02001498 -0.02935818 0.01062845
v -0.01961103 0.03027502 0.01148176
v -0.01961103 -0.02935818 0.01148176
v -0.01916360 0.03027502 0.01174335
v -0.01916360 -0.02935818 0.01174335
v -0.01863583 0.03027502 0.01183521
v -0.01863583 -0.02935818 0.01183521
v -0.01810804 0.03027502 0.01174335
v -0.01810804 -0.02935818 0.01174335
v -0.01766061 0.03027502 0.01148176
v -0.01766061 -0.02935818 0.01148176
v -0.01736165 0.03027502 0.01109026
v -0.01736165 -0.02935818 0.01109026
v -0.01725667 0.03027502 0.01062845
v -0.01725667 -0.02935818 0.01062845
v -0.01736165 0.03027502 0.01016664
v -0.01736165 -0.02935818 0.01016664
v -0.01766061 0.03027502 0.00977514
v -0.01766061 -0.02935818 0.00977514
v -0.01810804 0.03027502 0.00951355
v -0.01810804 -0.02935818 0.00951355
v -0.01863583 0.03027502 0.00942169
v -0.01863583 -0.02935818 0.00942169
v -0.01916360 0.03027502 0.00951355
v -0.01916360 -0.02935818 0.00951355
v -0.01961103 0.03027502 0.00977514
v -0.01961103 -0.02935818 0.00977514
v -0.01991000 0.03027502 0.01016664
v -0.01991000 -0.02935818 0.01016664
v 0.01889059 0.01536672 0.01109026
v 0.01899558 0.01536672 0.01062845
v 0.01889059 0.00045842 0.01109026
v 0.01899558 0.00045842 0.01062845
v 0.01889059 -0.01444988 0.01109026
v 0.01899558 -0.01444988 0.01062845
v 0.01859164 0.01536672 0.01148176
v 0.01859164 0.00045842 0.01148176
v 0.01859164 -0.01444988 0.01148176
v 0.01814420 0.01536672 0.01174335
v 0.01814420 0.00045842 0.01174335
v 0.01814420 -0.01444988 0.01174335
v 0.01761642 0.01536672 0.01183521
v 0.01761642 0.00045842 0.01183521
v 0.01761642 -0.01444988 0.01183521
v 0.01708865 0.01536672 0.01174335
v 0.01708865 0.00045842 0.01174335
v 0.01708865 -0.01444988 0.01174335
v 0.01664122 0.01536672 0.01148176
v 0.01664122 0.00045842 0.01148176
v 0.01664122 -0.01444988 0.01148176
v 0.01634225 0.01536672 0.01109026
v 0.01634225 0.00045842 0.01109026
v 0.01634225 -0.01444988 0.01109026
v 0.01623727 0.01536672 0.01062845
v 0.01623727 0.00045842 0.01062845
v 0.01623727 -0.01444988 0.01062845
v 0.01634225 0.01536672 0.01016664
v 0.01634225 0.00045842 0.01016664
v 0.01634225 -0.01444988 0.01016664
v 0.01664122 0.01536672 0.00977514
v 0.01664122 0.00045842 0.00977514
v 0.01664122 -0.01444988 0.00977514
v 0.01708865 0.01536672 0.00951355
v 0.01708865 0.00045842 0.00951355
v 0.01708865 -0.01444988 0.00951355
v 0.01761642 0.01536672 0.00942169
v 0.01761642 0.00045842 0.00942169
v 0.01761642 -0.01444988 0.00942169
v 0.01814420 0.01536672 0.00951355
v 0.01814420 0.00045842 0.00951355
v 0.01814420 -0.01444988 0.00951355
v 0.01859164 0.01536672 0.00977514
v 0.01859164 0.00045842 0.00977514
v 0.01859164 -0.01444988 0.00977514
v 0.01889059 0.01536672 0.01016664
v 0.01889059 0.00045842 0.01016664
v 0.01889059 -0.01444988 0.01016664
v -0.02001498 0.01536672 0.01062845
v -0.01991000 0.01536672 0.01109026
v -0.02001498 0.00045842 0.01062845
v -0.01991000 0.00045842 0.01109026
v -0.02001498 -0.01444988 0.01062845
v -0.01991000 -0.01444988 0.01109026
v -0.01961103 0.01536672 0.01148176
v -0.01961103 0.00045842 0.01148176
v -0.01961103 -0.01444988 0.01148176
v -0.01916360 0.01536672 0.01174335
v -0.01916360 0.00045842 0.01174335
v -0.01916360 -0.01444988 0.01174335
v -0.01863583 0.01536672 0.01183521
v -0.01863583 0.00045842 0.01183521
v -0.01863583 -0.01444988 0.01183521
v -0.01810804 0.01536672 0.01174335
v -0.01810804 0.00045842 0.01174335
v -0.01810804 -0.01444988 0.01174335
v -0.01766061 0.01536672 0.01148176
v -0.01766061 0.00045842 0.01148176
v -0.01766061 -0.01444988 0.01148176
v -0.01736165 0.01536672 0.01109026
v -0.01736165 0.00045842 0.01109026
v -0.01736165 -0.01444988 0.01109026
v -0.01725667 0.01536672 0.01062845
v -0.01725667 0.00045842 0.01062845
v -0.01725667 -0.01444988 0.01062845
v -0.01736165 0.01536672 0.01016664
v -0.01736165 0.00045842 0.01016664
v -0.01736165 -0.01444988 0.01016664
v -0.01766061 0.01536672 0.00977514
v -0.01766061 0.00045842 0.00977514
v -0.01766061 -0.01444988 0.00977514
v -0.01810804 0.01536672 0.00951355
v -0.01810804 0.00045842 0.00951355
v -0.01810804 -0.01444988 0.00951355
v -0.01863583 0.01536672 0.00942169
v -0.01863583 0.00045842 0.00942169
v -0.01863583 -0.01444988 0.00942169
v -0.01916360 0.01536672 0.00951355
v -0.01916360 0.00045842 0.00951355
v -0.01916360 -0.01444988 0.00951355
v -0.01961103 0.01536672 0.00977514
v -0.01961103 0.00045842 0.00977514
v -0.01961103 -0.01444988 0.00977514
v -0.01991000 0.01536672 0.01016664
v -0.01991000 0.00045842 0.01016664
v -0.01991000 -0.01444988 0.01016664
v 0.01889059 0.03027502 0.00872501
v 0.01899558 0.03027502 0.00826320
v 0.01761642 0.03027502 0.00826320
v 0.01889059 -0.02935818 0.00872501
v 0.01761642 -0.02935818 0.00826320
v 0.01899558 -0.02935818 0.00826320
v 0.01859164 0.03027502 0.00911651
v 0.01859164 -0.02935818 0.00911651
v 0.01814420 0.03027502 0.00937810
v 0.01814420 -0.02935818 0.00937810
v 0.01761642 0.03027502 0.00946996
v 0.01761642 -0.02935818 0.00946996
v 0.01708865 0.03027502 0.00937810
v 0.01708865 -0.02935818 0.00937810
v 0.01664122 0.03027502 0.00911651
v 0.01664122 -0.02935818 0.00911651
v 0.01634225 0.03027502 0.00872501
v 0.01634225 -0.02935818 0.00872501
v 0.01623727 0.03027502 0.00826320
v 0.01623727 -0.02935818 0.00826320
v 0.01634225 0.03027502 0.00780140
v 0.01634225 -0.02935818 0.00780140
v 0.01664122 0.03027502 0.00740990
v 0.01664122 -0.02935818 0.00740990
v 0.01708865 0.03027502 0.00714830
v 0.01708865 -0.02935818 0.00714830
v 0.01761642 0.03027502 0.00705645
v 0.01761642 -0.02935818 0.00705645
v 0.01814420 0.03027502 0.00714830
v 0.01814420 -0.02935818 0.00714830
v 0.01859164 0.03027502 0.00740990
v 0.01859164 -0.02935818 0.00740990
v 0.01889059 0.03027502 0.00780140
v 0.01889059 -0.02935818 0.00780140
v -0.02001498 0.03027502 0.00826320
v -0.01991000 0.03027502 0.00872501
v -0.01863583 0.03027502 0.00826320
v -0.01863583 -0.02935818 0.00826320
v -0.01991000 -0.02935818 0.00872501
v -0.02001498 -0.02935818 0.00826320
v -0.01961103 0.03027502 0.00911651
v -0.01961103 -0.02935818 0.00911651
v -0.01916360 0.03027502 0.00937810
v -0.01916360 -0.02935818 0.00937810
v -0.01863583 0.03027502 0.00946996
v -0.01863583 -0.02935818 0.00946996
v -0.01810804 0.03027502 0.00937810
v -0.01810804 -0.02935818 0.00937810
v -0.01766061 0.03027502 0.00911651
v -0.01766061 -0.02935818 0.00911651
v -0.01736165 0.03027502 0.00872501
v -0.01736165 -0.02935818 0.00872501
v -0.01725667 0.03027502 0.00826320
v -0.01725667 -0.02935818 0.00826320
v -0.01736165 0.03027502 0.00780140
v -0.01736165 -0.02935818 0.00780140
v -0.01766061 0.03027502 0.00740990
v -0.01766061 -0.02935818 0.00740990
v -0.01810804 0.03027502 0.00714830
v -0.01810804 -0.02935818 0.00714830
v -0.01863583 0.03027502 0.00705645
v -0.01863583 -0.02935818 0.00705645
v -0.01916360 0.03027502 0.00714830
v -0.01916360 -0.02935818 0.00714830
v -0.01961103 0.03027502 0.00740990
v -0.01961103 -0.02935818 0.00740990
v -0.01991000 0.03027502 0.00780140
v -0.01991000 -0.02935818 0.00780140
v 0.01889059 0.01536672 0.00872501
v 0.01899558 0.01536672 0.00826320
v 0.01889059 0.00045842 0.00872501
v 0.01899558 0.00045842 0.00826320
v 0.01889059 -0.01444988 0.00872501
v 0.01899558 -0.01444988 0.00826320
v 0.01859164 0.01536672 0.00911651
v 0.01859164 0.00045842 0.00911651
v 0.01859164 -0.01444988 0.00911651
v 0.01814420 0.01536672 0.00937810
v 0.01814420 0.00045842 0.00937810
v 0.01814420 -0.01444988 0.00937810
v 0.01761642 0.01536672 0.00946996
v 0.01761642 0.00045842 0.00946996
v 0.01761642 -0.01444988 0.00946996
v 0.01708865 0.01536672 0.00937810
v 0.01708865 0.00045842 0.00937810
v 0.01708865 -0.01444988 0.00937810
v 0.01664122 0.01536672 0.00911651
v 0.01664122 0.00045842 0.00911651
v 0.01664122 -0.01444988 0.00911651
v 0.01634225 0.01536672 0.00872501
v 0.01634225 0.00045842 0.00872501
v 0.01634225 -0.01444988 0.00872501
v 0.01623727 0.01536672 0.00826320
v 0.01623727 0.00045842 0.00826320
v 0.01623727 -0.01444988 0.00826320
v 0.01634225 0.01536672 0.00780140
v 0.01634225 0.00045842 0.00780140
v 0.01634225 -0.01444988 0.00780140
v 0.01664122 0.01536672 0.00740990
v 0.01664122 0.00045842 0.00740990
v 0.01664122 -0.01444988 0.00740990
v 0.01708865 0.01536672 0.00714830
v 0.01708865 0.00045842 0.00714830
v 0.01708865 -0.01444988 0.00714830
v 0.01761642 0.01536672 0.00705645
v 0.01761642 0.00045842 0.00705645
v 0.01761642 -0.01444988 0.00705645
v 0.01814420 0.01536672 0.00714830
v 0.01814420 0.00045842 0.00714830
v 0.01814420 -0.01444988 0.00714830
v 0.01859164 0.01536672 0.00740990
v 0.01859164 0.00045842 0.00740990
v 0.01859164 -0.01444988 0.00740990
v 0.01889059 0.01536672 0.00780140
v 0.01889059 0.00045842 0.00780140
v 0.01889059 -0.01444988 0.00780140
v -0.02001498 0.01536672 0.00826320
v -0.01991000 0.01536672 0.00872501
v -0.02001498 0.00045842 0.00826320
v -0.01991000 0.00045842 0.00872501
v -0.02001498 -0.01444988 0.00826320
v -0.01991000 -0.01444988 0.00872501
v -0.01961103 0.01536672 0.00911651
v -0.01961103 0.00045842 0.00911651
v -0.01961103 -0.01444988 0.00911651
v -0.01916360 0.01536672 0.00937810
v -0.01916360 0.00045842 0.00937810
v -0.01916360 -0.01444988 0.00937810
v -0.01863583 0.01536672 0.00946996
v -0.01863583 0.00045842 0.00946996
v -0.01863583 -0.01444988 0.00946996
v -0.01810804 0.01536672 0.00937810
v -0.01810804 0.00045842 0.00937810
v -0.01810804 -0.01444988 0.00937810
v -0.01766061 0.01536672 0.00911651
v -0.01766061 0.00045842 0.00911651
v -0.01766061 -0.01444988 0.00911651
v -0.01736165 0.01536672 0.00872501
v -0.01736165 0.00045842 0.00872501
v -0.01736165 -0.01444988 0.00872501
v -0.01725667 0.01536672 0.00826320
v -0.01725667 0.00045842 0.00826320
v -0.01725667 -0.01444988 0.00826320
v -0.01736165 0.01536672 0.00780140
v -0.01736165 0.00045842 0.00780140
v -0.01736165 -0.01444988 0.00780140
v -0.01766061 0.01536672 0.00740990
v -0.01766061 0.00045842 0.00740990
v -0.01766061 -0.01444988 0.00740990
v -0.01810804 0.01536672 0.00714830
v -0.01810804 0.00045842 0.00714830
v -0.01810804 -0.01444988 0.00714830
v -0.01863583 0.01536672 0.00705645
v -0.01863583 0.00045842 0.00705645
v -0.01863583 -0.01444988 0.00705645
v -0.01916360 0.01536672 0.00714830
v -0.01916360 0.00045842 0.00714830
v -0.01916360 -0.01444988 0.00714830
v -0.01961103 0.01536672 0.00740990
v -0.01961103 0.00045842 0.00740990
v -0.01961103 -0.01444988 0.00740990
v -0.01991000 0.01536672 0.00780140
v -0.01991000 0.00045842 0.00780140
v -0.01991000 -0.01444988 0.00780140
v 0.01889059 0.03027502 0.00635976
v 0.01899558 0.03027502 0.00589796
v 0.01761642 0.03027502 0.00589796
v 0.01889059 -0.02935818 0.00635976
v 0.01761642 -0.02935818 0.00589796
v 0.01899558 -0.02935818 0.00589796
v 0.01859164 0.03027502 0.00675126
v 0.01859164 -0.02935818 0.00675126
v 0.01814420 0.03027502 0.00701286
v 0.01814420 -0.02935818 0.00701286
v 0.01761642 0.03027502 0.00710471
v 0.01761642 -0.02935818 0.00710471
v 0.01708865 0.03027502 0.00701286
v 0.01708865 -0.02935818 0.00701286
v 0.01664122 0.03027502 0.00675126
v 0.01664122 -0.02935818 0.00675126
v 0.01634225 0.03027502 0.00635976
v 0.01634225 -0.02935818 0.00635976
v 0.01623727 0.03027502 0.00589796
v 0.01623727 -0.02935818 0.00589796
v 0.01634225 0.03027502 0.00543615
v 0.01634225 -0.02935818 0.00543615
v 0.01664122 0.03027502 0.00504465
v 0.01664122 -0.02935818 0.00504465
v 0.01708865 0.03027502 0.00478306
v 0.01708865 -0.02935818 0.00478306
v 0.01761642 0.03027502 0.00469120
v 0.01761642 -0.02935818 0.00469120
v 0.01814420 0.03027502 0.00478306
v 0.01814420 -0.02935818 0.00478306
v 0.01859164 0.03027502 0.00504465
v 0.01859164 -0.02935818 0.00504465
v 0.01889059 0.03027502 0.00543615
v 0.01889059 -0.02935818 0.00543615
v -0.02001498 0.03027502 0.00589796
v -0.01991000 0.03027502 0.00635976
v -0.01863583 0.03027502 0.00589796
v -0.01863583 -0.02935818 0.00589796
v -0.01991000 -0.02935818 0.00635976
v -0.02001498 -0.02935818 0.00589796
v -0.01961103 0.03027502 0.00675126
v -0.01961103 -0.02935818 0.00675126
v -0.01916360 0.03027502 0.00701286
v -0.01916360 -0.02935818 0.00701286
v -0.01863583 0.03027502 0.00710471
v -0.01863583 -0.02935818 0.00710471
v -0.01810804 0.03027502 0.00701286
v -0.01810804 -0.02935818 0.00701286
v -0.01766061 0.03027502 0.00675126
v -0.01766061 -0.02935818 0.00675126
v -0.01736165 0.03027502 0.00635976
v -0.01736165 -0.02935818 0.00635976
v -0.01725667 0.03027502 0.00589796
v -0.01725667 -0.02935818 0.00589796
v -0.01736165 0.03027502 0.00543615
v -0.01736165 -0.02935818 0.00543615
v -0.01766061 0.03027502 0.00504465
v -0.01766061 -0.02935818 0.00504465
v -0.01810804 0.03027502 0.00478306
v -0.01810804 -0.02935818 0.00478306
v -0.01863583 0.03027502 0.00469120
v -0.01863583 -0.02935818 0.00469120
v -0.01916360 0.03027502 0.00478306
v -0.01916360 -0.02935818 0.00478306
v -0.01961103 0.03027502 0.00504465
v -0.01961103 -0.02935818 0.00504465
v -0.01991000 0.03027502 0.00543615
v -0.01991000 -0.02935818 0.00543615
v 0.01889059 0.01536672 0.00635976
v 0.01899558 0.01536672 0.00589796
v 0.01889059 0.00045842 0.00635976
v 0.01899558 0.00045842 0.00589796
v 0.01889059 -0.01444988 0.00635976
v 0.01899558 -0.01444988 0.00589796
v 0.01859164 0.01536672 0.00675126
v 0.01859164 0.00045842 0.00675126
v 0.01859164 -0.01444988 0.00675126
v 0.01814420 0.01536672 0.00701286
v 0.01814420 0.00045842 0.00701286
v 0.01814420 -0.01444988 0.00701286
v 0.01761642 0.01536672 0.00710471
v 0.01761642 0.00045842 0.00710471
v 0.01761642 -0.01444988 0.00710471
v 0.01708865 0.01536672 0.00701286
v 0.01708865 0.00045842 0.00701286
v 0.01708865 -0.01444988 0.00701286
v 0.01664122 0.01536672 0.00675126
v 0.01664122 0.00045842 0.00675126
v 0.01664122 -0.01444988 0.00675126
v 0.01634225 0.01536672 0.00635976
v 0.01634225 0.00045842 0.00635976
v 0.01634225 -0.01444988 0.00635976
v 0.01623727 0.01536672 0.00589796
v 0.01623727 0.00045842 0.00589796
v 0.01623727 -0.01444988 0.00589796
v 0.01634225 0.01536672 0.00543615
v 0.01634225 0.00045842 0.00543615
v 0.01634225 -0.01444988 0.00543615
v 0.01664122 0.01536672 0.00504465
v 0.01664122 0.00045842 0.00504465
v 0.01664122 -0.01444988 0.00504465
v 0.01708865 0.01536672 0.00478306
v 0.01708865 0.00045842 0.00478306
v 0.01708865 -0.01444988 0.00478306
v 0.01761642 0.01536672 0.00469120
v 0.01761642 0.00045842 0.00469120
v 0.01761642 -0.01444988 0.00469120
v 0.01814420 0.01536672 0.00478306
v 0.01814420 0.00045842 0.00478306
v 0.01814420 -0.01444988 0.00478306
v 0.01859164 0.01536672 0.00504465
v 0.01859164 0.00045842 0.00504465
v 0.01859164 -0.01444988 0.00504465
v 0.01889059 0.01536672 0.00543615
v 0.01889059 0.00045842 0.00543615
v 0.01889059 -0.01444988 0.00543615
v -0.02001498 0.01536672 0.00589796
v -0.01991000 0.01536672 0.00635976
v -0.02001498 0.00045842 0.00589796
v -0.01991000 0.00045842 0.00635976
v -0.02001498 -0.01444988 0.00589796
v -0.01991000 -0.01444988 0.00635976
v -0.01961103 0.01536672 0.00675126
v -0.01961103 0.00045842 0.00675126
v -0.01961103 -0.01444988 0.00675126
v -0.01916360 0.01536672 0.00701286
v -0.01916360 0.00045842 0.00701286
v -0.01916360 -0.01444988 0.00701286
v -0.01863583 0.01536672 0.00710471
v -0.01863583 0.00045842 0.00710471
v -0.01863583 -0.01444988 0.00710471
v -0.01810804 0.01536672 0.00701286
v -0.01810804 0.00045842 0.00701286
v -0.01810804 -0.01444988 0.00701286
v -0.01766061 0.01536672 0.00675126
v -0.01766061 0.00045842 0.00675126
v -0.01766061 -0.01444988 0.00675126
v -0.01736165 0.01536672 0.00635976
v -0.01736165 0.00045842 0.00635976
v -0.01736165 -0.01444988 0.00635976
v -0.01725667 0.01536672 0.00589796
v -0.01725667 0.00045842 0.00589796
v -0.01725667 -0.01444988 0.00589796
v -0.01736165 0.01536672 0.00543615
v -0.01736165 0.00045842 0.00543615
v -0.01736165 -0.01444988 0.00543615
v -0.01766061 0.01536672 0.00504465
v -0.01766061 0.00045842 0.00504465
v -0.01766061 -0.01444988 0.00504465
v -0.01810804 0.01536672 0.00478306
v -0.01810804 0.00045842 0.00478306
v -0.01810804 -0.01444988 0.00478306
v -0.01863583 0.01536672 0.00469120
v -0.01863583 0.00045842 0.00469120
v -0.01863583 -0.01444988 0.00469120
v -0.01916360 0.01536672 0.00478306
v -0.01916360 0.00045842 0.00478306
v -0.01916360 -0.01444988 0.00478306
v -0.01961103 0.01536672 0.00504465
v -0.01961103 0.00045842 0.00504465
v -0.01961103 -0.01444988 0.00504465
v -0.01991000 0.01536672 0.00543615
v -0.01991000 0.00045842 0.00543615
v -0.01991000 -0.01444988 0.00543615
v 0.01889059 0.03027502 0.00399452
v 0.01899558 0.03027502 0.00353272
v 0.01761642 0.03027502 0.00353272
v 0.01889059 -0.02935818 0.00399452
v 0.01761642 -0.02935818 0.00353272
v 0.01899558 -0.02935818 0.00353272
v 0.01859164 0.03027502 0.00438602
v 0.01859164 -0.02935818 0.00438602
v 0.01814420 0.03027502 0.00464761
v 0.01814420 -0.02935818 0.00464761
v 0.01761642 0.03027502 0.00473947
v 0.01761642 -0.02935818 0.00473947
v 0.01708865 0.03027502 0.00464761
v 0.01708865 -0.02935818 0.00464761
v 0.01664122 0.03027502 0.00438602
v 0.01664122 -0.02935818 0.00438602
v 0.01634225 0.03027502 0.00399452
v 0.01634225 -0.02935818 0.00399452
v 0.01623727 0.03027502 0.00353272
v 0.01623727 -0.02935818 0.00353272
v 0.01634225 0.03027502 0.00307091
v 0.01634225 -0.02935818 0.00307091
v 0.01664122 0.03027502 0.00267940
v 0.01664122 -0.02935818 0.00267940
v 0.01708865 0.03027502 0.00241781
v 0.01708865 -0.02935818 0.00241781
v 0.01761642 0.03027502 0.00232595
v 0.01761642 -0.02935818 0.00232595
v 0.01814420 0.03027502 0.00241781
v 0.01814420 -0.02935818 0.00241781
v 0.01859164 0.03027502 0.00267940
v 0.01859164 -0.02935818 0.00267940
v 0.01889059 0.03027502 0.00307091
v 0.01889059 -0.02935818 0.00307091
v -0.02001498 0.03027502 0.00353272
v -0.01991000 0.03027502 0.00399452
v -0.01863583 0.03027502 0.00353272
v -0.01863583 -0.02935818 0.00353272
v -0.01991000 -0.02935818 0.00399452
v -0.02001498 -0.02935818 0.00353272
v -0.01961103 0.03027502 0.00438602
v -0.01961103 -0.02935818 0.00438602
v -0.01916360 0.03027502 0.00464761
v -0.01916360 -0.02935818 0.00464761
v -0.01863583 0.03027502 0.00473947
v -0.01863583 -0.02935818 0.00473947
v -0.01810804 0.03027502 0.00464761
v -0.01810804 -0.02935818 0.00464761
v -0.01766061 0.03027502 0.00438602
v -0.01766061 -0.02935818 0.00438602
v -0.01736165 0.03027502 0.00399452
v -0.01736165 -0.02935818 0.00399452
v -0.01725667 0.03027502 0.00353272
v -0.01725667 -0.02935818 0.00353272
v -0.01736165 0.03027502 0.00307091
v -0.01736165 -0.02935818 0.00307091
v -0.01766061 0.03027502 0.00267940
v -0.01766061 -0.02935818 0.00267940
v -0.01810804 0.03027502 0.00241781
v -0.01810804 -0.02935818 0.00241781
v -0.01863583 0.03027502 0.00232595
v -0.01863583 -0.02935818 0.00232595
v -0.01916360 0.03027502 0.00241781
v -0.01916360 -0.02935818 0.00241781
v -0.01961103 0.03027502 0.00267940
v -0.01961103 -0.02935818 0.00267940
v -0.01991000 0.03027502 0.00307091
v -0.01991000 -0.02935818 0.00307091
v 0.01889059 0.01536672 0.00399452
v 0.01899558 0.01536672 0.00353272
v 0.01889059 0.00045842 0.00399452
v 0.01899558 0.00045842 0.00353272
v 0.01889059 -0.01444988 0.00399452
v 0.01899558 -0.01444988 0.00353272
v 0.01859164 0.01536672 0.00438602
v 0.01859164 0.00045842 0.00438602
v 0.01859164 -0.01444988 0.00438602
v 0.01814420 0.01536672 0.00464761
v 0.01814420 0.00045842 0.00464761
v 0.01814420 -0.01444988 0.00464761
v 0.01761642 0.01536672 0.00473947
v 0.01761642 0.00045842 0.00473947
v 0.01761642 -0.01444988 0.00473947
v 0.01708865 0.01536672 0.00464761
v 0.01708865 0.00045842 0.00464761
v 0.01708865 -0.01444988 0.00464761
v 0.01664122 0.01536672 0.00438602
v 0.01664122 0.00045842 0.00438602
v 0.01664122 -0.01444988 0.00438602
v 0.01634225 0.01536672 0.00399452
v 0.01634225 0.00045842 0.00399452
v 0.01634225 -0.01444988 0.00399452
v 0.01623727 0.01536672 0.00353272
v 0.01623727 0.00045842 0.00353272
v 0.01623727 -0.01444988 0.00353272
v 0.01634225 0.01536672 0.00307091
v 0.01634225 0.00045842 0.00307091
v 0.01634225 -0.01444988 0.00307091
v 0.01664122 0.01536672 0.00267940
v 0.01664122 0.00045842 0.00267940
v 0.01664122 -0.01444988 0.00267940
v 0.01708865 0.01536672 0.00241781
v 0.01708865 0.00045842 0.00241781
v 0.01708865 -0.01444988 0.00241781
v 0.01761642 0.01536672 0.00232595
v 0.01761642 0.00045842 0.00232595
v 0.01761642 -0.01444988 0.00232595
v 0.01814420 0.01536672 0.00241781
v 0.01814420 0.00045842 0.00241781
v 0.01814420 -0.01444988 0.00241781
v 0.01859164 0.01536672 0.00267940
v 0.01859164 0.00045842 0.00267940
v 0.01859164 -0.01444988 0.00267940
v 0.01889059 0.01536672 0.00307091
v 0.01889059 0.00045842 0.00307091
v 0.01889059 -0.01444988 0.00307091
v -0.02001498 0.01536672 0.00353272
v -0.01991000 0.01536672 0.00399452
v -0.02001498 0.00045842 0.00353272
v -0.01991000 0.00045842 0.00399452
v -0.02001498 -0.01444988 0.00353272
v -0.01991000 -0.01444988 0.00399452
v -0.01961103 0.01536672 0.00438602
v -0.01961103 0.00045842 0.00438602
v -0.01961103 -0.01444988 0.00438602
v -0.01916360 0.01536672 0.00464761
v -0.01916360 0.00045842 0.00464761
v -0.01916360 -0.01444988 0.00464761
v -0.01863583 0.01536672 0.00473947
v -0.01863583 0.00045842 0.00473947
v -0.01863583 -0.01444988 0.00473947
v -0.01810804 0.01536672 0.00464761
v -0.01810804 0.00045842 0.00464761
v -0.01810804 -0.01444988 0.00464761
v -0.01766061 0.01536672 0.00438602
v -0.01766061 0.00045842 0.00438602
v -0.01766061 -0.01444988 0.00438602
v -0.01736165 0.01536672 0.00399452
v -0.01736165 0.00045842 0.00399452
v -0.01736165 -0.01444988 0.00399452
v -0.01725667 0.01536672 0.00353272
v -0.01725667 0.00045842 0.00353272
v -0.01725667 -0.01444988 0.00353272
v -0.01736165 0.01536672 0.00307091
v -0.01736165 0.00045842 0.00307091
v -0.01736165 -0.01444988 0.00307091
v -0.01766061 0.01536672 0.00267940
v -0.01766061 0.00045842 0.00267940
v -0.01766061 -0.01444988 0.00267940
v -0.01810804 0.01536672 0.00241781
v -0.01810804 0.00045842 0.00241781
v -0.01810804 -0.01444988 0.00241781
v -0.01863583 0.01536672 0.00232595
v -0.01863583 0.00045842 0.00232595
v -0.01863583 -0.01444988 0.00232595
v -0.01916360 0.01536672 0.00241781
v -0.01916360 0.00045842 0.00241781
v -0.01916360 -0.01444988 0.00241781
v -0.01961103 0.01536672 0.00267940
v -0.01961103 0.00045842 0.00267940
v -0.01961103 -0.01444988 0.00267940
v -0.01991000 0.01536672 0.00307091
v -0.01991000 0.00045842 0.00307091
v -0.01991000 -0.01444988 0.00307091
v -0.02125875 0.02743696 0.02528174
v -0.02125875 0.02758294 0.02481993
v -0.02125875 0.02566506 0.02481993
v 0.02023935 0.02743696 0.02528174
v 0.02023935 0.02566506 0.02481993
v 0.02023935 0.02758294 0.02481993
v -0.02125875 0.02702121 0.02567323
v 0.02023935 0.02702121 0.02567323
v -0.02125875 0.02639900 0.02593483
v 0.02023935 0.02639900 0.02593483
v -0.02125875 0.02566506 0.02602669
v 0.02023935 0.02566506 0.02602669
v -0.02125875 0.02493112 0.02593483
v 0.02023935 0.02493112 0.02593483
v -0.02125875 0.02430892 0.02567323
v 0.02023935 0.02430892 0.02567323
v -0.02125875 0.02389317 0.02528174
v 0.02023935 0.02389317 0.02528174
v -0.02125875 0.02374718 0.02481993
v 0.02023935 0.02374718 0.02481993
v -0.02125875 0.02389317 0.02435812
v 0.02023935 0.02389317 0.02435812
v -0.02125875 0.02430892 0.02396662
v 0.02023935 0.02430892 0.02396662
v -0.02125875 0.02493112 0.02370503
v 0.02023935 0.02493112 0.02370503
v -0.02125875 0.02566506 0.02361317
v 0.02023935 0.02566506 0.02361317
v -0.02125875 0.02639900 0.02370503
v 0.02023935 0.02639900 0.02370503
v -0.02125875 0.02702121 0.02396662
v 0.02023935 0.02702121 0.02396662
v -0.02125875 0.02743696 0.02435812
v 0.02023935 0.02743696 0.02435812
v -0.02125875 -0.02666611 0.02481993
v -0.02125875 -0.02652011 0.02528174
v -0.02125875 -0.02474822 0.02481993
v 0.02023935 -0.02474822 0.02481993
v 0.02023935 -0.02652011 0.02528174
v 0.02023935 -0.02666611 0.02481993
v -0.02125875 -0.02610437 0.02567323
v 0.02023935 -0.02610437 0.02567323
v -0.02125875 -0.02548216 0.02593483
v 0.02023935 -0.02548216 0.02593483
v -0.02125875 -0.02474822 0.02602669
v 0.02023935 -0.02474822 0.02602669
v -0.02125875 -0.02401428 0.02593483
v 0.02023935 -0.02401428 0.02593483
v -0.02125875 -0.02339207 0.02567323
v 0.02023935 -0.02339207 0.02567323
v -0.02125875 -0.02297633 0.02528174
v 0.02023935 -0.02297633 0.02528174
v -0.02125875 -0.02283033 0.02481993
v 0.02023935 -0.02283033 0.02481993
v -0.02125875 -0.02297633 0.02435812
v 0.02023935 -0.02297633 0.02435812
v -0.02125875 -0.02339207 0.02396662
v 0.02023935 -0.02339207 0.02396662
v -0.02125875 -0.02401428 0.02370503
v 0.02023935 -0.02401428 0.02370503
v -0.02125875 -0.02474822 0.02361317
v 0.02023935 -0.02474822 0.02361317
v -0.02125875 -0.02548216 0.02370503
v 0.02023935 -0.02548216 0.02370503
v -0.02125875 -0.02610437 0.02396662
v 0.02023935 -0.02610437 0.02396662
v -0.02125875 -0.02652011 0.02435812
v 0.02023935 -0.02652011 0.02435812
v -0.01088422 0.02743696 0.02528174
v -0.01088422 0.02758294 0.02481993
v -0.00050970 0.02743696 0.02528174
v -0.00050970 0.02758294 0.02481993
v 0.00986483 0.02743696 0.02528174
v 0.00986483 0.02758294 0.02481993
v -0.01088422 0.02702121 0.02567323
v -0.00050970 0.02702121 0.02567323
v 0.00986483 0.02702121 0.02567323
v -0.01088422 0.02639900 0.02593483
v -0.00050970 0.02639900 0.02593483
v 0.00986483 0.02639900 0.02593483
v -0.01088422 0.02566506 0.02602669
v -0.00050970 0.02566506 0.02602669
v 0.00986483 0.02566506 0.02602669
v -0.01088422 0.02493112 0.02593483
v -0.00050970 0.02493112 0.02593483
v 0.00986483 0.02493112 0.02593483
v -0.01088422 0.02430892 0.02567323
v -0.00050970 0.02430892 0.02567323
v 0.00986483 0.02430892 0.02567323
v -0.01088422 0.02389317 0.02528174
v -0.00050970 0.02389317 0.02528174
v 0.00986483 0.02389317 0.02528174
v -0.01088422 0.02374718 0.02481993
v -0.00050970 0.02374718 0.02481993
v 0.00986483 0.02374718 0.02481993
v -0.01088422 0.02389317 0.02435812
v -0.00050970 0.02389317 0.02435812
v 0.00986483 0.02389317 0.02435812
v -0.01088422 0.02430892 0.02396662
v -0.00050970 0.02430892 0.02396662
v 0.00986483 0.02430892 0.02396662
v -0.01088422 0.02493112 0.02370503
v -0.00050970 0.02493112 0.02370503
v 0.00986483 0.02493112 0.02370503
v -0.01088422 0.02566506 0.02361317
v -0.00050970 0.02566506 0.02361317
v 0.00986483 0.02566506 0.02361317
v -0.01088422 0.02639900 0.02370503
v -0.00050970 0.02639900 0.02370503
v 0.00986483 0.02639900 0.02370503
v -0.01088422 0.02702121 0.02396662
v -0.00050970 0.02702121 0.02396662
v 0.00986483 0.02702121 0.02396662
v -0.01088422 0.02743696 0.02435812
v -0.00050970 0.02743696 0.02435812
v 0.00986483 0.02743696 0.02435812
v -0.01088422 -0.02666611 0.02481993
v -0.01088422 -0.02652011 0.02528174
v -0.00050970 -0.02666611 0.02481993
v -0.00050970 -0.02652011 0.02528174
v 0.00986483 -0.02666611 0.02481993
v 0.00986483 -0.02652011 0.02528174
v -0.01088422 -0.02610437 0.02567323
v -0.00050970 -0.02610437 0.02567323
v 0.00986483 -0.02610437 0.02567323
v -0.01088422 -0.02548216 0.02593483
v -0.00050970 -0.02548216 0.02593483
v 0.00986483 -0.02548216 0.02593483
v -0.01088422 -0.02474822 0.02602669
v -0.00050970 -0.02474822 0.02602669
v 0.00986483 -0.02474822 0.02602669
v -0.01088422 -0.02401428 0.02593483
v -0.00050970 -0.02401428 0.02593483
v 0.00986483 -0.02401428 0.02593483
v -0.01088422 -0.02339207 0.02567323
v -0.00050970 -0.02339207 0.02567323
v 0.00986483 -0.02339207 0.02567323
v -0.01088422 -0.02297633 0.02528174
v -0.00050970 -0.02297633 0.02528174
v 0.00986483 -0.02297633 0.02528174
v -0.01088422 -0.02283033 0.02481993
v -0.00050970 -0.02283033 0.02481993
v 0.00986483 -0.02283033 0.02481993
v -0.01088422 -0.02297633 0.02435812
v -0.00050970 -0.02297633 0.02435812
v 0.00986483 -0.02297633 0.02435812
v -0.01088422 -0.02339207 0.02396662
v -0.00050970 -0.02339207 0.02396662
v 0.00986483 -0.02339207 0.02396662
v -0.01088422 -0.02401428 0.02370503
v -0.00050970 -0.02401428 0.02370503
v 0.00986483 -0.02401428 0.02370503
v -0.01088422 -0.02474822 0.02361317
v -0.00050970 -0.02474822 0.02361317
v 0.00986483 -0.02474822 0.02361317
v -0.01088422 -0.02548216 0.02370503
v -0.00050970 -0.02548216 0.02370503
v 0.00986483 -0.02548216 0.02370503
v -0.01088422 -0.02610437 0.02396662
v -0.00050970 -0.02610437 0.02396662
v 0.00986483 -0.02610437 0.02396662
v -0.01088422 -0.02652011 0.02435812
v -0.00050970 -0.02652011 0.02435812
v 0.00986483 -0.02652011 0.02435812
v -0.02125875 0.02743696 0.02291649
v -0.02125875 0.02758294 0.02245468
v -0.02125875 0.02566506 0.02245468
v 0.02023935 0.02743696 0.02291649
v 0.02023935 0.02566506 0.02245468
v 0.02023935 0.02758294 0.02245468
v -0.02125875 0.02702121 0.02330799
v 0.02023935 0.02702121 0.02330799
v -0.02125875 0.02639900 0.02356958
v 0.02023935 0.02639900 0.02356958
v -0.02125875 0.02566506 0.02366144
v 0.02023935 0.02566506 0.02366144
v -0.02125875 0.02493112 0.02356958
v 0.02023935 0.02493112 0.02356958
v -0.02125875 0.02430892 0.02330799
v 0.02023935 0.02430892 0.02330799
v -0.02125875 0.02389317 0.02291649
v 0.02023935 0.02389317 0.02291649
v -0.02125875 0.02374718 0.02245468
v 0.02023935 0.02374718 0.02245468
v -0.02125875 0.02389317 0.02199287
v 0.02023935 0.02389317 0.02199287
v -0.02125875 0.02430892 0.02160137
v 0.02023935 0.02430892 0.02160137
v -0.02125875 0.02493112 0.02133978
v 0.02023935 0.02493112 0.02133978
v -0.02125875 0.02566506 0.02124792
v 0.02023935 0.02566506 0.02124792
v -0.02125875 0.02639900 0.02133978
v 0.02023935 0.02639900 0.02133978
v -0.02125875 0.02702121 0.02160137
v 0.02023935 0.02702121 0.02160137
v -0.02125875 0.02743696 0.02199287
v 0.02023935 0.02743696 0.02199287
v -0.02125875 -0.02666611 0.02245468
v -0.02125875 -0.02652011 0.02291649
v -0.02125875 -0.02474822 0.02245468
v 0.02023935 -0.02474822 0.02245468
v 0.02023935 -0.02652011 0.02291649
v 0.02023935 -0.02666611 0.02245468
v -0.02125875 -0.02610437 0.02330799
v 0.02023935 -0.02610437 0.02330799
v -0.02125875 -0.02548216 0.02356958
v 0.02023935 -0.02548216 0.02356958
v -0.02125875 -0.02474822 0.02366144
v 0.02023935 -0.02474822 0.02366144
v -0.02125875 -0.02401428 0.02356958
v 0.02023935 -0.02401428 0.02356958
v -0.02125875 -0.02339207 0.02330799
v 0.02023935 -0.02339207 0.02330799
v -0.02125875 -0.02297633 0.02291649
v 0.02023935 -0.02297633 0.02291649
v -0.02125875 -0.02283033 0.02245468
v 0.02023935 -0.02283033 0.02245468
v -0.02125875 -0.02297633 0.02199287
v 0.02023935 -0.02297633 0.02199287
v -0.02125875 -0.02339207 0.02160137
v 0.02023935 -0.02339207 0.02160137
v -0.02125875 -0.02401428 0.02133978
v 0.02023935 -0.02401428 0.02133978
v -0.02125875 -0.02474822 0.02124792
v 0.02023935 -0.02474822 0.02124792
v -0.02125875 -0.02548216 0.02133978
v 0.02023935 -0.02548216 0.02133978
v -0.02125875 -0.02610437 0.02160137
v 0.02023935 -0.02610437 0.02160137
v -0.02125875 -0.02652011 0.02199287
v 0.02023935 -0.02652011 0.02199287
v -0.01088422 0.02743696 0.02291649
v -0.01088422 0.02758294 0.02245468
v -0.00050970 0.02743696 0.02291649
v -0.00050970 0.02758294 0.02245468
v 0.00986483 0.02743696 0.02291649
v 0.00986483 0.02758294 0.02245468
v -0.01088422 0.02702121 0.02330799
v -0.00050970 0.02702121 0.02330799
v 0.00986483 0.02702121 0.02330799
v -0.01088422 0.02639900 0.02356958
v -0.00050970 0.02639900 0.02356958
v 0.00986483 0.02639900 0.02356958
v -0.01088422 0.02566506 0.02366144
v -0.00050970 0.02566506 0.02366144
v 0.00986483 0.02566506 0.02366144
v -0.01088422 0.02493112 0.02356958
v -0.00050970 0.02493112 0.02356958
v 0.00986483 0.02493112 0.02356958
v -0.01088422 0.02430892 0.02330799
v -0.00050970 0.02430892 0.02330799
v 0.00986483 0.02430892 0.02330799
v -0.01088422 0.02389317 0.02291649
v -0.00050970 0.02389317 0.02291649
v 0.00986483 0.02389317 0.02291649
v -0.01088422 0.02374718 0.02245468
v -0.00050970 0.02374718 0.02245468
v 0.00986483 0.02374718 0.02245468
v -0.01088422 0.02389317 0.02199287
v -0.00050970 0.02389317 0.02199287
v 0.00986483 0.02389317 0.02199287
v -0.01088422 0.02430892 0.02160137
v -0.00050970 0.02430892 0.02160137
v 0.00986483 0.02430892 0.02160137
v -0.01088422 0.02493112 0.02133978
v -0.00050970 0.02493112 0.02133978
v 0.00986483 0.02493112 0.02133978
v -0.01088422 0.02566506 0.02124792
v -0.00050970 0.02566506 0.02124792
v 0.00986483 0.02566506 0.02124792
v -0.01088422 0.02639900 0.02133978
v -0.00050970 0.02639900 0.02133978
v 0.00986483 0.02639900 0.02133978
v -0.01088422 0.02702121 0.02160137
v -0.00050970 0.02702121 0.02160137
v 0.00986483 0.02702121 0.02160137
v -0.01088422 0.02743696 0.02199287
v -0.00050970 0.02743696 0.02199287
v 0.00986483 0.02743696 0.02199287
v -0.01088422 -0.02666611 0.02245468
v -0.01088422 -0.02652011 0.02291649
v -0.00050970 -0.02666611 0.02245468
v -0.00050970 -0.02652011 0.02291649
v 0.00986483 -0.02666611 0.02245468
v 0.00986483 -0.02652011 0.02291649
v -0.01088422 -0.02610437 0.02330799
v -0.00050970 -0.02610437 0.02330799
v 0.00986483 -0.02610437 0.02330799
v -0.01088422 -0.02548216 0.02356958
v -0.00050970 -0.02548216 0.02356958
v 0.00986483 -0.02548216 0.02356958
v -0.01088422 -0.02474822 0.02366144
v -0.00050970 -0.02474822 0.02366144
v 0.00986483 -0.02474822 0.02366144
v -0.01088422 -0.02401428 0.02356958
v -0.00050970 -0.02401428 0.02356958
v 0.00986483 -0.02401428 0.02356958
v -0.01088422 -0.02339207 0.02330799
v -0.00050970 -0.02339207 0.02330799
v 0.00986483 -0.02339207 0.02330799
v -0.01088422 -0.02297633 0.02291649
v -0.00050970 -0.02297633 0.02291649
v 0.00986483 -0.02297633 0.02291649
v -0.01088422 -0.02283033 0.02245468
v -0.00050970 -0.02283033 0.02245468
v 0.00986483 -0.02283033 0.02245468
v -0.01088422 -0.02297633 0.02199287
v -0.00050970 -0.02297633 0.02199287
v 0.00986483 -0.02297633 0.02199287
v -0.01088422 -0.02339207 0.02160137
v -0.00050970 -0.02339207 0.02160137
v 0.00986483 -0.02339207 0.02160137
v -0.01088422 -0.02401428 0.02133978
v -0.00050970 -0.02401428 0.02133978
v 0.00986483 -0.02401428 0.02133978
v -0.01088422 -0.02474822 0.02124792
v -0.00050970 -0.02474822 0.02124792
v 0.00986483 -0.02474822 0.02124792
v -0.01088422 -0.02548216 0.02133978
v -0.00050970 -0.02548216 0.02133978
v 0.00986483 -0.02548216 0.02133978
v -0.01088422 -0.02610437 0.02160137
v -0.00050970 -0.02610437 0.02160137
v 0.00986483 -0.02610437 0.02160137
v -0.01088422 -0.02652011 0.02199287
v -0.00050970 -0.02652011 0.02199287
v 0.00986483 -0.02652011 0.02199287
v -0.02125875 0.02743696 0.02055124
v -0.02125875 0.02758294 0.02008943
v -0.02125875 0.02566506 0.02008943
v 0.02023935 0.02743696 0.02055124
v 0.02023935 0.02566506 0.02008943
v 0.02023935 0.02758294 0.02008943
v -0.02125875 0.02702121 0.02094274
v 0.02023935 0.02702121 0.02094274
v -0.02125875 0.02639900 0.02120433
v 0.02023935 0.02639900 0.02120433
v -0.02125875 0.02566506 0.02129620
v 0.02023935 0.02566506 0.02129620
v -0.02125875 0.02493112 0.02120433
v 0.02023935 0.02493112 0.02120433
v -0.02125875 0.02430892 0.02094274
v 0.02023935 0.02430892 0.02094274
v -0.02125875 0.02389317 0.02055124
v 0.02023935 0.02389317 0.02055124
v -0.02125875 0.02374718 0.02008943
v 0.02023935 0.02374718 0.02008943
v -0.02125875 0.02389317 0.01962763
v 0.02023935 0.02389317 0.01962763
v -0.02125875 0.02430892 0.01923613
v 0.02023935 0.02430892 0.01923613
v -0.02125875 0.02493112 0.01897454
v 0.02023935 0.02493112 0.01897454
v -0.02125875 0.02566506 0.01888268
v 0.02023935 0.02566506 0.01888268
v -0.02125875 0.02639900 0.01897454
v 0.02023935 0.02639900 0.01897454
v -0.02125875 0.02702121 0.01923613
v 0.02023935 0.02702121 0.01923613
v -0.02125875 0.02743696 0.01962763
v 0.02023935 0.02743696 0.01962763
v -0.02125875 -0.02666611 0.02008943
v -0.02125875 -0.02652011 0.02055124
v -0.02125875 -0.02474822 0.02008943
v 0.02023935 -0.02474822 0.02008943
v 0.02023935 -0.02652011 0.02055124
v 0.02023935 -0.02666611 0.02008943
v -0.02125875 -0.02610437 0.02094274
v 0.02023935 -0.02610437 0.02094274
v -0.02125875 -0.02548216 0.02120433
v 0.02023935 -0.02548216 0.02120433
v -0.02125875 -0.02474822 0.02129620
v 0.02023935 -0.02474822 0.02129620
v -0.02125875 -0.02401428 0.02120433
v 0.02023935 -0.02401428 0.02120433
v -0.02125875 -0.02339207 0.02094274
v 0.02023935 -0.02339207 0.02094274
v -0.02125875 -0.02297633 0.02055124
v 0.02023935 -0.02297633 0.02055124
v -0.02125875 -0.02283033 0.02008943
v 0.02023935 -0.02283033 0.02008943
v -0.02125875 -0.02297633 0.01962763
v 0.02023935 -0.02297633 0.01962763
v -0.02125875 -0.02339207 0.01923613
v 0.02023935 -0.02339207 0.01923613
v -0.02125875 -0.02401428 0.01897454
v 0.02023935 -0.02401428 0.01897454
v -0.02125875 -0.02474822 0.01888268
v 0.02023935 -0.02474822 0.01888268
v -0.02125875 -0.02548216 0.01897454
v 0.02023935 -0.02548216 0.01897454
v -0.02125875 -0.02610437 0.01923613
v 0.02023935 -0.02610437 0.01923613
v -0.02125875 -0.02652011 0.01962763
v 0.02023935 -0.02652011 0.01962763
v -0.01088422 0.02743696 0.02055124
v -0.01088422 0.02758294 0.02008943
v -0.00050970 0.02743696 0.02055124
v -0.00050970 0.02758294 0.02008943
v 0.00986483 0.02743696 0.02055124
v 0.00986483 0.02758294 0.02008943
v -0.01088422 0.02702121 0.02094274
v -0.00050970 0.02702121 0.02094274
v 0.00986483 0.02702121 0.02094274
v -0.01088422 0.02639900 0.02120433
v -0.00050970 0.02639900 0.02120433
v 0.00986483 0.02639900 0.02120433
v -0.01088422 0.02566506 0.02129620
v -0.00050970 0.02566506 0.02129620
v 0.00986483 0.02566506 0.02129620
v -0.01088422 0.02493112 0.02120433
v -0.00050970 0.02493112 0.02120433
v 0.00986483 0.02493112 0.02120433
v -0.01088422 0.02430892 0.02094274
v -0.00050970 0.02430892 0.02094274
v 0.00986483 0.02430892 0.02094274
v -0.01088422 0.02389317 0.02055124
v -0.00050970 0.02389317 0.02055124
v 0.00986483 0.02389317 0.02055124
v -0.01088422 0.02374718 0.02008943
v -0.00050970 0.02374718 0.02008943
v 0.00986483 0.02374718 0.02008943
v -0.01088422 0.02389317 0.01962763
v -0.00050970 0.02389317 0.01962763
v 0.00986483 0.02389317 0.01962763
v -0.01088422 0.02430892 0.01923613
v -0.00050970 0.02430892 0.01923613
v 0.00986483 0.02430892 0.01923613
v -0.01088422 0.02493112 0.01897454
v -0.00050970 0.02493112 0.01897454
v 0.00986483 0.02493112 0.01897454
v -0.01088422 0.02566506 0.01888268
v -0.00050970 0.02566506 0.01888268
v 0.00986483 0.02566506 0.01888268
v -0.01088422 0.02639900 0.01897454
v -0.00050970 0.02639900 0.01897454
v 0.00986483 0.02639900 0.01897454
v -0.01088422 0.02702121 0.01923613
v -0.00050970 0.02702121 0.01923613
v 0.00986483 0.02702121 0.01923613
v -0.01088422 0.02743696 0.01962763
v -0.00050970 0.02743696 0.01962763
v 0.00986483 0.02743696 0.01962763
v -0.01088422 -0.02666611 0.02008943
v -0.01088422 -0.02652011 0.02055124
v -0.00050970 -0.02666611 0.02008943
v -0.00050970 -0.02652011 0.02055124
v 0.00986483 -0.02666611 0.02008943
v 0.00986483 -0.02652011 0.02055124
v -0.01088422 -0.02610437 0.02094274
v -0.00050970 -0.02610437 0.02094274
v 0.00986483 -0.02610437 0.02094274
v -0.01088422 -0.02548216 0.02120433
v -0.00050970 -0.02548216 0.02120433
v 0.00986483 -0.02548216 0.02120433
v -0.01088422 -0.02474822 0.02129620
v -0.00050970 -0.02474822 0.02129620
v 0.00986483 -0.02474822 0.02129620
v -0.01088422 -0.02401428 0.02120433
v -0.00050970 -0.02401428 0.02120433
v 0.00986483 -0.02401428 0.02120433
v -0.01088422 -0.02339207 0.02094274
v -0.00050970 -0.02339207 0.02094274
v 0.00986483 -0.02339207 0.02094274
v -0.01088422 -0.02297633 0.02055124
v -0.00050970 -0.02297633 0.02055124
v 0.00986483 -0.02297633 0.02055124
v -0.01088422 -0.02283033 0.02008943
v -0.00050970 -0.02283033 0.02008943
v 0.00986483 -0.02283033 0.02008943
v -0.01088422 -0.02297633 0.01962763
v -0.00050970 -0.02297633 0.01962763
v 0.00986483 -0.02297633 0.01962763
v -0.01088422 -0.02339207 0.01923613
v -0.00050970 -0.02339207 0.01923613
v 0.00986483 -0.02339207 0.01923613
v -0.01088422 -0.02401428 0.01897454
v -0.00050970 -0.02401428 0.01897454
v 0.00986483 -0.02401428 0.01897454
v -0.01088422 -0.02474822 0.01888268
v -0.00050970 -0.02474822 0.01888268
v 0.00986483 -0.02474822 0.01888268
v -0.01088422 -0.02548216 0.01897454
v -0.00050970 -0.02548216 0.01897454
v 0.00986483 -0.02548216 0.01897454
v -0.01088422 -0.02610437 0.01923613
v -0.00050970 -0.02610437 0.01923613
v 0.00986483 -0.02610437 0.01923613
v -0.01088422 -0.02652011 0.01962763
v -0.00050970 -0.02652011 0.01962763
v 0.00986483 -0.02652011 0.01962763
v -0.02125875 0.02743696 0.01818599
v -0.02125875 0.02758294 0.01772419
v -0.02125875 0.02566506 0.01772419
v 0.02023935 0.02743696 0.01818599
v 0.02023935 0.02566506 0.01772419
v 0.02023935 0.02758294 0.01772419
v -0.02125875 0.02702121 0.01857750
v 0.02023935 0.02702121 0.01857750
v -0.02125875 0.02639900 0.01883909
v 0.02023935 0.02639900 0.01883909
v -0.02125875 0.02566506 0.01893095
v 0.02023935 0.02566506 0.01893095
v -0.02125875 0.02493112 0.01883909
v 0.02023935 0.02493112 0.01883909
v -0.02125875 0.02430892 0.01857750
v 0.02023935 0.02430892 0.01857750
v -0.02125875 0.02389317 0.01818599
v 0.02023935 0.02389317 0.01818599
v -0.02125875 0.02374718 0.01772419
v 0.02023935 0.02374718 0.01772419
v -0.02125875 0.02389317 0.01726238
v 0.02023935 0.02389317 0.01726238
v -0.02125875 0.02430892 0.01687088
v 0.02023935 0.02430892 0.01687088
v -0.02125875 0.02493112 0.01660929
v 0.02023935 0.02493112 0.01660929
v -0.02125875 0.02566506 0.01651743
v 0.02023935 0.02566506 0.01651743
v -0.02125875 0.02639900 0.01660929
v 0.02023935 0.02639900 0.01660929
v -0.02125875 0.02702121 0.01687088
v 0.02023935 0.02702121 0.01687088
v -0.02125875 0.02743696 0.01726238
v 0.02023935 0.02743696 0.01726238
v -0.02125875 -0.02666611 0.01772419
v -0.02125875 -0.02652011 0.01818599
v -0.02125875 -0.02474822 0.01772419
v 0.02023935 -0.02474822 0.01772419
v 0.02023935 -0.02652011 0.01818599
v 0.02023935 -0.02666611 0.01772419
v -0.02125875 -0.02610437 0.01857750
v 0.02023935 -0.02610437 0.01857750
v -0.02125875 -0.02548216 0.01883909
v 0.02023935 -0.02548216 0.01883909
v -0.02125875 -0.02474822 0.01893095
v 0.02023935 -0.02474822 0.01893095
v -0.02125875 -0.02401428 0.01883909
v 0.02023935 -0.02401428 0.01883909
v -0.02125875 -0.02339207 0.01857750
v 0.02023935 -0.02339207 0.01857750
v -0.02125875 -0.02297633 0.01818599
v 0.02023935 -0.02297633 0.01818599
v -0.02125875 -0.02283033 0.01772419
v 0.02023935 -0.02283033 0.01772419
v -0.02125875 -0.02297633 0.01726238
v 0.02023935 -0.02297633 0.01726238
v -0.02125875 -0.02339207 0.01687088
v 0.02023935 -0.02339207 0.01687088
v -0.02125875 -0.02401428 0.01660929
v 0.02023935 -0.02401428 0.01660929
v -0.02125875 -0.02474822 0.01651743
v 0.02023935 -0.02474822 0.01651743
v -0.02125875 -0.02548216 0.01660929
v 0.02023935 -0.02548216 0.01660929
v -0.02125875 -0.02610437 0.01687088
v 0.02023935 -0.02610437 0.01687088
v -0.02125875 -0.02652011 0.01726238
v 0.02023935 -0.02652011 0.01726238
v -0.01088422 0.02743696 0.01818599
v -0.01088422 0.02758294 0.01772419
v -0.00050970 0.02743696 0.01818599
v -0.00050970 0.02758294 0.01772419
v 0.00986483 0.02743696 0.01818599
v 0.00986483 0.02758294 0.01772419
v -0.01088422 0.02702121 0.01857750
v -0.00050970 0.02702121 0.01857750
v 0.00986483 0.02702121 0.01857750
v -0.01088422 0.02639900 0.01883909
v -0.00050970 0.02639900 0.01883909
v 0.00986483 0.02639900 0.01883909
v -0.01088422 0.02566506 0.01893095
v -0.00050970 0.02566506 0.01893095
v 0.00986483 0.02566506 0.01893095
v -0.01088422 0.02493112 0.01883909
v -0.00050970 0.02493112 0.01883909
v 0.00986483 0.02493112 0.01883909
v -0.01088422 0.02430892 0.01857750
v -0.00050970 0.02430892 0.01857750
v 0.00986483 0.02430892 0.01857750
v -0.01088422 0.02389317 0.01818599
v -0.00050970 0.02389317 0.01818599
v 0.00986483 0.02389317 0.01818599
v -0.01088422 0.02374718 0.01772419
v -0.00050970 0.02374718 0.01772419
v 0.00986483 0.02374718 0.01772419
v -0.01088422 0.02389317 0.01726238
v -0.00050970 0.02389317 0.01726238
v 0.00986483 0.02389317 0.01726238
v -0.01088422 0.02430892 0.01687088
v -0.00050970 0.02430892 0.01687088
v 0.00986483 0.02430892 0.01687088
v -0.01088422 0.02493112 0.01660929
v -0.00050970 0.02493112 0.01660929
v 0.00986483 0.02493112 0.01660929
v -0.01088422 0.02566506 0.01651743
v -0.00050970 0.02566506 0.01651743
v 0.00986483 0.02566506 0.01651743
v -0.01088422 0.02639900 0.01660929
v -0.00050970 0.02639900 0.01660929
v 0.00986483 0.02639900 0.01660929
v -0.01088422 0.02702121 0.01687088
v -0.00050970 0.02702121 0.01687088
v 0.00986483 0.02702121 0.01687088
v -0.01088422 0.02743696 0.01726238
v -0.00050970 0.02743696 0.01726238
v 0.00986483 0.02743696 0.01726238
v -0.01088422 -0.02666611 0.01772419
v -0.01088422 -0.02652011 0.01818599
v -0.00050970 -0.02666611 0.01772419
v -0.00050970 -0.02652011 0.01818599
v 0.00986483 -0.02666611 0.01772419
v 0.00986483 -0.02652011 0.01818599
v -0.01088422 -0.02610437 0.01857750
v -0.00050970 -0.02610437 0.01857750
v 0.00986483 -0.02610437 0.01857750
v -0.01088422 -0.02548216 0.01883909
v -0.00050970 -0.02548216 0.01883909
v 0.00986483 -0.02548216 0.01883909
v -0.01088422 -0.02474822 0.01893095
v -0.00050970 -0.02474822 0.01893095
v 0.00986483 -0.02474822 0.01893095
v -0.01088422 -0.02401428 0.01883909
v -0.00050970 -0.02401428 0.01883909
v 0.00986483 -0.02401428 0.01883909
v -0.01088422 -0.02339207 0.01857750
v -0.00050970 -0.02339207 0.01857750
v 0.00986483 -0.02339207 0.01857750
v -0.01088422 -0.02297633 0.01818599
v -0.00050970 -0.02297633 0.01818599
v 0.00986483 -0.02297633 0.01818599
v -0.01088422 -0.02283033 0.01772419
v -0.00050970 -0.02283033 0.01772419
v 0.00986483 -0.02283033 0.01772419
v -0.01088422 -0.02297633 0.01726238
v -0.00050970 -0.02297633 0.01726238
v 0.00986483 -0.02297633 0.01726238
v -0.01088422 -0.02339207 0.01687088
v -0.00050970 -0.02339207 0.01687088
v 0.00986483 -0.02339207 0.01687088
v -0.01088422 -0.02401428 0.01660929
v -0.00050970 -0.02401428 0.01660929
v 0.00986483 -0.02401428 0.01660929
v -0.01088422 -0.02474822 0.01651743
v -0.00050970 -0.02474822 0.01651743
v 0.00986483 -0.02474822 0.01651743
v -0.01088422 -0.02548216 0.01660929
v -0.00050970 -0.02548216 0.01660929
v 0.00986483 -0.02548216 0.01660929
v -0.01088422 -0.02610437 0.01687088
v -0.00050970 -0.02610437 0.01687088
v 0.00986483 -0.02610437 0.01687088
v -0.01088422 -0.02652011 0.01726238
v -0.00050970 -0.02652011 0.01726238
v 0.00986483 -0.02652011 0.01726238
v -0.02125875 0.02743696 0.01582075
v -0.02125875 0.02758294 0.01535895
v -0.02125875 0.02566506 0.01535895
v 0.02023935 0.02743696 0.01582075
v 0.02023935 0.02566506 0.01535895
v 0.02023935 0.02758294 0.01535895
v -0.02125875 0.02702121 0.01621225
v 0.02023935 0.02702121 0.01621225
v -0.02125875 0.02639900 0.01647384
v 0.02023935 0.02639900 0.01647384
v -0.02125875 0.02566506 0.01656570
v 0.02023935 0.02566506 0.01656570
v -0.02125875 0.02493112 0.01647384
v 0.02023935 0.02493112 0.01647384
v -0.02125875 0.02430892 0.01621225
v 0.02023935 0.02430892 0.01621225
v -0.02125875 0.02389317 0.01582075
v 0.02023935 0.02389317 0.01582075
v -0.02125875 0.02374718 0.01535895
v 0.02023935 0.02374718 0.01535895
v -0.02125875 0.02389317 0.01489714
v 0.02023935 0.02389317 0.01489714
v -0.02125875 0.02430892 0.01450564
v 0.02023935 0.02430892 0.01450564
v -0.02125875 0.02493112 0.01424404
v 0.02023935 0.02493112 0.01424404
v -0.02125875 0.02566506 0.01415219
v 0.02023935 0.02566506 0.01415219
v -0.02125875 0.02639900 0.01424404
v 0.02023935 0.02639900 0.01424404
v -0.02125875 0.02702121 0.01450564
v 0.02023935 0.02702121 0.01450564
v -0.02125875 0.02743696 0.01489714
v 0.02023935 0.02743696 0.01489714
v -0.02125875 -0.02666611 0.01535895
v -0.02125875 -0.02652011 0.01582075
v -0.02125875 -0.02474822 0.01535895
v 0.02023935 -0.02474822 0.01535895
v 0.02023935 -0.02652011 0.01582075
v 0.02023935 -0.02666611 0.01535895
v -0.02125875 -0.02610437 0.01621225
v 0.02023935 -0.02610437 0.01621225
v -0.02125875 -0.02548216 0.01647384
v 0.02023935 -0.02548216 0.01647384
v -0.02125875 -0.02474822 0.01656570
v 0.02023935 -0.02474822 0.01656570
v -0.02125875 -0.02401428 0.01647384
v 0.02023935 -0.02401428 0.01647384
v -0.02125875 -0.02339207 0.01621225
v 0.02023935 -0.02339207 0.01621225
v -0.02125875 -0.02297633 0.01582075
v 0.02023935 -0.02297633 0.01582075
v -0.02125875 -0.02283033 0.01535895
v 0.02023935 -0.02283033 0.01535895
v -0.02125875 -0.02297633 0.01489714
v 0.02023935 -0.02297633 0.01489714
v -0.02125875 -0.02339207 0.01450564
v 0.02023935 -0.02339207 0.01450564
v -0.02125875 -0.02401428 0.01424404
v 0.02023935 -0.02401428 0.01424404
v -0.02125875 -0.02474822 0.01415219
v 0.02023935 -0.02474822 0.01415219
v -0.02125875 -0.02548216 0.01424404
v 0.02023935 -0.02548216 0.01424404
v -0.02125875 -0.02610437 0.01450564
v 0.02023935 -0.02610437 0.01450564
v -0.02125875 -0.02652011 0.01489714
v 0.02023935 -0.02652011 0.01489714
v -0.01088422 0.02743696 0.01582075
v -0.01088422 0.02758294 0.01535895
v -0.00050970 0.02743696 0.01582075
v -0.00050970 0.02758294 0.01535895
v 0.00986483 0.02743696 0.01582075
v 0.00986483 0.02758294 0.01535895
v -0.01088422 0.02702121 0.01621225
v -0.00050970 0.02702121 0.01621225
v 0.00986483 0.02702121 0.01621225
v -0.01088422 0.02639900 0.01647384
v -0.00050970 0.02639900 0.01647384
v 0.00986483 0.02639900 0.01647384
v -0.01088422 0.02566506 0.01656570
v -0.00050970 0.02566506 0.01656570
v 0.00986483 0.02566506 0.01656570
v -0.01088422 0.02493112 0.01647384
v -0.00050970 0.02493112 0.01647384
v 0.00986483 0.02493112 0.01647384
v -0.01088422 0.02430892 0.01621225
v -0.00050970 0.02430892 0.01621225
v 0.00986483 0.02430892 0.01621225
v -0.01088422 0.02389317 0.01582075
v -0.00050970 0.02389317 0.01582075
v 0.00986483 0.02389317 0.01582075
v -0.01088422 0.02374718 0.01535895
v -0.00050970 0.02374718 0.01535895
v 0.00986483 0.02374718 0.01535895
v -0.01088422 0.02389317 0.01489714
v -0.00050970 0.02389317 0.01489714
v 0.00986483 0.02389317 0.01489714
v -0.01088422 0.02430892 0.01450564
v -0.00050970 0.02430892 0.01450564
v 0.00986483 0.02430892 0.01450564
v -0.01088422 0.02493112 0.01424404
v -0.00050970 0.02493112 0.01424404
v 0.00986483 0.02493112 0.01424404
v -0.01088422 0.02566506 0.01415219
v -0.00050970 0.02566506 0.01415219
v 0.00986483 0.02566506 0.01415219
v -0.01088422 0.02639900 0.01424404
v -0.00050970 0.02639900 0.01424404
v 0.00986483 0.02639900 0.01424404
v -0.01088422 0.02702121 0.01450564
v -0.00050970 0.02702121 0.01450564
v 0.00986483 0.02702121 0.01450564
v -0.01088422 0.02743696 0.01489714
v -0.00050970 0.02743696 0.01489714
v 0.00986483 0.02743696 0.01489714
v -0.01088422 -0.02666611 0.01535895
v -0.01088422 -0.02652011 0.01582075
v -0.00050970 -0.02666611 0.01535895
v -0.00050970 -0.02652011 0.01582075
v 0.00986483 -0.02666611 0.01535895
v 0.00986483 -0.02652011 0.01582075
v -0.01088422 -0.02610437 0.01621225
v -0.00050970 -0.02610437 0.01621225
v 0.00986483 -0.02610437 0.01621225
v -0.01088422 -0.02548216 0.01647384
v -0.00050970 -0.02548216 0.01647384
v 0.00986483 -0.02548216 0.01647384
v -0.01088422 -0.02474822 0.01656570
v -0.00050970 -0.02474822 0.01656570
v 0.00986483 -0.02474822 0.01656570
v -0.01088422 -0.02401428 0.01647384
v -0.00050970 -0.02401428 0.01647384
v 0.00986483 -0.02401428 0.01647384
v -0.01088422 -0.02339207 0.01621225
v -0.00050970 -0.02339207 0.01621225
v 0.00986483 -0.02339207 0.01621225
v -0.01088422 -0.02297633 0.01582075
v -0.00050970 -0.02297633 0.01582075
v 0.00986483 -0.02297633 0.01582075
v -0.01088422 -0.02283033 0.01535895
v -0.00050970 -0.02283033 0.01535895
v 0.00986483 -0.02283033 0.01535895
v -0.01088422 -0.02297633 0.01489714
v -0.00050970 -0.02297633 0.01489714
v 0.00986483 -0.02297633 0.01489714
v -0.01088422 -0.02339207 0.01450564
v -0.00050970 -0.02339207 0.01450564
v 0.00986483 -0.02339207 0.01450564
v -0.01088422 -0.02401428 0.01424404
v -0.00050970 -0.02401428 0.01424404
v 0.00986483 -0.02401428 0.01424404
v -0.01088422 -0.02474822 0.01415219
v -0.00050970 -0.02474822 0.01415219
v 0.00986483 -0.02474822 0.01415219
v -0.01088422 -0.02548216 0.01424404
v -0.00050970 -0.02548216 0.01424404
v 0.00986483 -0.02548216 0.01424404
v -0.01088422 -0.02610437 0.01450564
v -0.00050970 -0.02610437 0.01450564
v 0.00986483 -0.02610437 0.01450564
v -0.01088422 -0.02652011 0.01489714
v -0.00050970 -0.02652011 0.01489714
v 0.00986483 -0.02652011 0.01489714
v -0.02125875 0.02743696 0.01345551
v -0.02125875 0.02758294 0.01299370
v -0.02125875 0.02566506 0.01299370
v 0.02023935 0.02743696 0.01345551
v 0.02023935 0.02566506 0.01299370
v 0.02023935 0.02758294 0.01299370
v -0.02125875 0.02702121 0.01384700
v 0.02023935 0.02702121 0.01384700
v -0.02125875 0.02639900 0.01410860
v 0.02023935 0.02639900 0.01410860
v -0.02125875 0.02566506 0.01420046
v 0.02023935 0.02566506 0.01420046
v -0.02125875 0.02493112 0.01410860
v 0.02023935 0.02493112 0.01410860
v -0.02125875 0.02430892 0.01384700
v 0.02023935 0.02430892 0.01384700
v -0.02125875 0.02389317 0.01345551
v 0.02023935 0.02389317 0.01345551
v -0.02125875 0.02374718 0.01299370
v 0.02023935 0.02374718 0.01299370
v -0.02125875 0.02389317 0.01253189
v 0.02023935 0.02389317 0.01253189
v -0.02125875 0.02430892 0.01214039
v 0.02023935 0.02430892 0.01214039
v -0.02125875 0.02493112 0.01187880
v 0.02023935 0.02493112 0.01187880
v -0.02125875 0.02566506 0.01178694
v 0.02023935 0.02566506 0.01178694
v -0.02125875 0.02639900 0.01187880
v 0.02023935 0.02639900 0.01187880
v -0.02125875 0.02702121 0.01214039
v 0.02023935 0.02702121 0.01214039
v -0.02125875 0.02743696 0.01253189
v 0.02023935 0.02743696 0.01253189
v -0.02125875 -0.02666611 0.01299370
v -0.02125875 -0.02652011 0.01345551
v -0.02125875 -0.02474822 0.01299370
v 0.02023935 -0.02474822 0.01299370
v 0.02023935 -0.02652011 0.01345551
v 0.02023935 -0.02666611 0.01299370
v -0.02125875 -0.02610437 0.01384700
v 0.02023935 -0.02610437 0.01384700
v -0.02125875 -0.02548216 0.01410860
v 0.02023935 -0.02548216 0.01410860
v -0.02125875 -0.02474822 0.01420046
v 0.02023935 -0.02474822 0.01420046
v -0.02125875 -0.02401428 0.01410860
v 0.02023935 -0.02401428 0.01410860
v -0.02125875 -0.02339207 0.01384700
v 0.02023935 -0.02339207 0.01384700
v -0.02125875 -0.02297633 0.01345551
v 0.02023935 -0.02297633 0.01345551
v -0.02125875 -0.02283033 0.01299370
v 0.02023935 -0.02283033 0.01299370
v -0.02125875 -0.02297633 0.01253189
v 0.02023935 -0.02297633 0.01253189
v -0.02125875 -0.02339207 0.01214039
v 0.02023935 -0.02339207 0.01214039
v -0.02125875 -0.02401428 0.01187880
v 0.02023935 -0.02401428 0.01187880
v -0.02125875 -0.02474822 0.01178694
v 0.02023935 -0.02474822 0.01178694
v -0.02125875 -0.02548216 0.01187880
v 0.02023935 -0.02548216 0.01187880
v -0.02125875 -0.02610437 0.01214039
v 0.02023935 -0.02610437 0.01214039
v -0.02125875 -0.02652011 0.01253189
v 0.02023935 -0.02652011 0.01253189
v -0.01088422 0.02743696 0.01345551
v -0.01088422 0.02758294 0.01299370
v -0.00050970 0.02743696 0.01345551
v -0.00050970 0.02758294 0.01299370
v 0.00986483 0.02743696 0.01345551
v 0.00986483 0.02758294 0.01299370
v -0.01088422 0.02702121 0.01384700
v -0.00050970 0.02702121 0.01384700
v 0.00986483 0.02702121 0.01384700
v -0.01088422 0.02639900 0.01410860
v -0.00050970 0.02639900 0.01410860
v 0.00986483 0.02639900 0.01410860
v -0.01088422 0.02566506 0.01420046
v -0.00050970 0.02566506 0.01420046
v 0.00986483 0.02566506 0.01420046
v -0.01088422 0.02493112 0.01410860
v -0.00050970 0.02493112 0.01410860
v 0.00986483 0.02493112 0.01410860
v -0.01088422 0.02430892 0.01384700
v -0.00050970 0.02430892 0.01384700
v 0.00986483 0.02430892 0.01384700
v -0.01088422 0.02389317 0.01345551
v -0.00050970 0.02389317 0.01345551
v 0.00986483 0.02389317 0.01345551
v -0.01088422 0.02374718 0.01299370
v -0.00050970 0.02374718 0.01299370
v 0.00986483 0.02374718 0.01299370
v -0.01088422 0.02389317 0.01253189
v -0.00050970 0.02389317 0.01253189
v 0.00986483 0.02389317 0.01253189
v -0.01088422 0.02430892 0.01214039
v -0.00050970 0.02430892 0.01214039
v 0.00986483 0.02430892 0.01214039
v -0.01088422 0.02493112 0.01187880
v -0.00050970 0.02493112 0.01187880
v 0.00986483 0.02493112 0.01187880
v -0.01088422 0.02566506 0.01178694
v -0.00050970 0.02566506 0.01178694
v 0.00986483 0.02566506 0.01178694
v -0.01088422 0.02639900 0.01187880
v -0.00050970 0.02639900 0.01187880
v 0.00986483 0.02639900 0.01187880
v -0.01088422 0.02702121 0.01214039
v -0.00050970 0.02702121 0.01214039
v 0.00986483 0.02702121 0.01214039
v -0.01088422 0.02743696 0.01253189
v -0.00050970 0.02743696 0.01253189
v 0.00986483 0.02743696 0.01253189
v -0.01088422 -0.02666611 0.01299370
v -0.01088422 -0.02652011 0.01345551
v -0.00050970 -0.02666611 0.01299370
v -0.00050970 -0.02652011 0.01345551
v 0.00986483 -0.02666611 0.01299370
v 0.00986483 -0.02652011 0.01345551
v -0.01088422 -0.02610437 0.01384700
v -0.00050970 -0.02610437 0.01384700
v 0.00986483 -0.02610437 0.01384700
v -0.01088422 -0.02548216 0.01410860
v -0.00050970 -0.02548216 0.01410860
v 0.00986483 -0.02548216 0.01410860
v -0.01088422 -0.02474822 0.01420046
v -0.00050970 -0.02474822 0.01420046
v 0.00986483 -0.02474822 0.01420046
v -0.01088422 -0.02401428 0.01410860
v -0.00050970 -0.02401428 0.01410860
v 0.00986483 -0.02401428 0.01410860
v -0.01088422 -0.02339207 0.01384700
v -0.00050970 -0.02339207 0.01384700
v 0.00986483 -0.02339207 0.01384700
v -0.01088422 -0.02297633 0.01345551
v -0.00050970 -0.02297633 0.01345551
v 0.00986483 -0.02297633 0.01345551
v -0.01088422 -0.02283033 0.01299370
v -0.00050970 -0.02283033 0.01299370
v 0.00986483 -0.02283033 0.01299370
v -0.01088422 -0.02297633 0.01253189
v -0.00050970 -0.02297633 0.01253189
v 0.00986483 -0.02297633 0.01253189
v -0.01088422 -0.02339207 0.01214039
v -0.00050970 -0.02339207 0.01214039
v 0.00986483 -0.02339207 0.01214039
v -0.01088422 -0.02401428 0.01187880
v -0.00050970 -0.02401428 0.01187880
v 0.00986483 -0.02401428 0.01187880
v -0.01088422 -0.02474822 0.01178694
v -0.00050970 -0.02474822 0.01178694
v 0.00986483 -0.02474822 0.01178694
v -0.01088422 -0.02548216 0.01187880
v -0.00050970 -0.02548216 0.01187880
v 0.00986483 -0.02548216 0.01187880
v -0.01088422 -0.02610437 0.01214039
v -0.00050970 -0.02610437 0.01214039
v 0.00986483 -0.02610437 0.01214039
v -0.01088422 -0.02652011 0.01253189
v -0.00050970 -0.02652011 0.01253189
v 0.00986483 -0.02652011 0.01253189
v -0.02125875 0.02743696 0.01109026
v -0.02125875 0.02758294 0.01062845
v -0.02125875 0.02566506 0.01062845
v 0.02023935 0.02743696 0.01109026
v 0.02023935 0.02566506 0.01062845
v 0.02023935 0.02758294 0.01062845
v -0.02125875 0.02702121 0.01148176
v 0.02023935 0.02702121 0.01148176
v -0.02125875 0.02639900 0.01174335
v 0.02023935 0.02639900 0.01174335
v -0.02125875 0.02566506 0.01183521
v 0.02023935 0.02566506 0.01183521
v -0.02125875 0.02493112 0.01174335
v 0.02023935 0.02493112 0.01174335
v -0.02125875 0.02430892 0.01148176
v 0.02023935 0.02430892 0.01148176
v -0.02125875 0.02389317 0.01109026
v 0.02023935 0.02389317 0.01109026
v -0.02125875 0.02374718 0.01062845
v 0.02023935 0.02374718 0.01062845
v -0.02125875 0.02389317 0.01016664
v 0.02023935 0.02389317 0.01016664
v -0.02125875 0.02430892 0.00977514
v 0.02023935 0.02430892 0.00977514
v -0.02125875 0.02493112 0.00951355
v 0.02023935 0.02493112 0.00951355
v -0.02125875 0.02566506 0.00942169
v 0.02023935 0.02566506 0.00942169
v -0.02125875 0.02639900 0.00951355
v 0.02023935 0.02639900 0.00951355
v -0.02125875 0.02702121 0.00977514
v 0.02023935 0.02702121 0.00977514
v -0.02125875 0.02743696 0.01016664
v 0.02023935 0.02743696 0.01016664
v -0.02125875 -0.02666611 0.01062845
v -0.02125875 -0.02652011 0.01109026
v -0.02125875 -0.02474822 0.01062845
v 0.02023935 -0.02474822 0.01062845
v 0.02023935 -0.02652011 0.01109026
v 0.02023935 -0.02666611 0.01062845
v -0.02125875 -0.02610437 0.01148176
v 0.02023935 -0.02610437 0.01148176
v -0.02125875 -0.02548216 0.01174335
v 0.02023935 -0.02548216 0.01174335
v -0.02125875 -0.02474822 0.01183521
v 0.02023935 -0.02474822 0.01183521
v -0.02125875 -0.02401428 0.01174335
v 0.02023935 -0.02401428 0.01174335
v -0.02125875 -0.02339207 0.01148176
v 0.02023935 -0.02339207 0.01148176
v -0.02125875 -0.02297633 0.01109026
v 0.02023935 -0.02297633 0.01109026
v -0.02125875 -0.02283033 0.01062845
v 0.02023935 -0.02283033 0.01062845
v -0.02125875 -0.02297633 0.01016664
v 0.02023935 -0.02297633 0.01016664
v -0.02125875 -0.02339207 0.00977514
v 0.02023935 -0.02339207 0.00977514
v -0.02125875 -0.02401428 0.00951355
v 0.02023935 -0.02401428 0.00951355
v -0.02125875 -0.02474822 0.00942169
v 0.02023935 -0.02474822 0.00942169
v -0.02125875 -0.02548216 0.00951355
v 0.02023935 -0.02548216 0.00951355
v -0.02125875 -0.02610437 0.00977514
v 0.02023935 -0.02610437 0.00977514
v -0.02125875 -0.02652011 0.01016664
v 0.02023935 -0.02652011 0.01016664
v -0.01088422 0.02743696 0.01109026
v -0.01088422 0.02758294 0.01062845
v -0.00050970 0.02743696 0.01109026
v -0.00050970 0.02758294 0.01062845
v 0.00986483 0.02743696 0.01109026
v 0.00986483 0.02758294 0.01062845
v -0.01088422 0.02702121 0.01148176
v -0.00050970 0.02702121 0.01148176
v 0.00986483 0.02702121 0.01148176
v -0.01088422 0.02639900 0.01174335
v -0.00050970 0.02639900 0.01174335
v 0.00986483 0.02639900 0.01174335
v -0.01088422 0.02566506 0.01183521
v -0.00050970 0.02566506 0.01183521
v 0.00986483 0.02566506 0.01183521
v -0.01088422 0.02493112 0.01174335
v -0.00050970 0.02493112 0.01174335
v 0.00986483 0.02493112 0.01174335
v -0.01088422 0.02430892 0.01148176
v -0.00050970 0.02430892 0.01148176
v 0.00986483 0.02430892 0.01148176
v -0.01088422 0.02389317 0.01109026
v -0.00050970 0.02389317 0.01109026
v 0.00986483 0.02389317 0.01109026
v -0.01088422 0.02374718 0.01062845
v -0.00050970 0.02374718 0.01062845
v 0.00986483 0.02374718 0.01062845
v -0.01088422 0.02389317 0.01016664
v -0.00050970 0.02389317 0.01016664
v 0.00986483 0.02389317 0.01016664
v -0.01088422 0.02430892 0.00977514
v -0.00050970 0.02430892 0.00977514
v 0.00986483 0.02430892 0.00977514
v -0.01088422 0.02493112 0.00951355
v -0.00050970 0.02493112 0.00951355
v 0.00986483 0.02493112 0.00951355
v -0.01088422 0.02566506 0.00942169
v -0.00050970 0.02566506 0.00942169
v 0.00986483 0.02566506 0.00942169
v -0.01088422 0.02639900 0.00951355
v -0.00050970 0.02639900 0.00951355
v 0.00986483 0.02639900 0.00951355
v -0.01088422 0.02702121 0.00977514
v -0.00050970 0.02702121 0.00977514
v 0.00986483 0.02702121 0.00977514
v -0.01088422 0.02743696 0.01016664
v -0.00050970 0.02743696 0.01016664
v 0.00986483 0.02743696 0.01016664
v -0.01088422 -0.02666611 0.01062845
v -0.01088422 -0.02652011 0.01109026
v -0.00050970 -0.02666611 0.01062845
v -0.00050970 -0.02652011 0.01109026
v 0.00986483 -0.02666611 0.01062845
v 0.00986483 -0.02652011 0.01109026
v -0.01088422 -0.02610437 0.01148176
v -0.00050970 -0.02610437 0.01148176
v 0.00986483 -0.02610437 0.01148176
v -0.01088422 -0.02548216 0.01174335
v -0.00050970 -0.02548216 0.01174335
v 0.00986483 -0.02548216 0.01174335
v -0.01088422 -0.02474822 0.01183521
v -0.00050970 -0.02474822 0.01183521
v 0.00986483 -0.02474822 0.01183521
v -0.01088422 -0.02401428 0.01174335
v -0.00050970 -0.02401428 0.01174335
v 0.00986483 -0.02401428 0.01174335
v -0.01088422 -0.02339207 0.01148176
v -0.00050970 -0.02339207 0.01148176
v 0.00986483 -0.02339207 0.01148176
v -0.01088422 -0.02297633 0.01109026
v -0.00050970 -0.02297633 0.01109026
v 0.00986483 -0.02297633 0.01109026
v -0.01088422 -0.02283033 0.01062845
v -0.00050970 -0.02283033 0.01062845
v 0.00986483 -0.02283033 0.01062845
v -0.01088422 -0.02297633 0.01016664
v -0.00050970 -0.02297633 0.01016664
v 0.00986483 -0.02297633 0.01016664
v -0.01088422 -0.02339207 0.00977514
v -0.00050970 -0.02339207 0.00977514
v 0.00986483 -0.02339207 0.00977514
v -0.01088422 -0.02401428 0.00951355
v -0.00050970 -0.02401428 0.00951355
v 0.00986483 -0.02401428 0.00951355
v -0.01088422 -0.02474822 0.00942169
v -0.00050970 -0.02474822 0.00942169
v 0.00986483 -0.02474822 0.00942169
v -0.01088422 -0.02548216 0.00951355
v -0.00050970 -0.02548216 0.00951355
v 0.00986483 -0.02548216 0.00951355
v -0.01088422 -0.02610437 0.00977514
v -0.00050970 -0.02610437 0.00977514
v 0.00986483 -0.02610437 0.00977514
v -0.01088422 -0.02652011 0.01016664
v -0.00050970 -0.02652011 0.01016664
v 0.00986483 -0.02652011 0.01016664
v -0.02125875 0.02743696 0.00872501
v -0.02125875 0.02758294 0.00826320
v -0.02125875 0.02566506 0.00826320
v 0.02023935 0.02743696 0.00872501
v 0.02023935 0.02566506 0.00826320
v 0.02023935 0.02758294 0.00826320
v -0.02125875 0.02702121 0.00911651
v 0.02023935 0.02702121 0.00911651
v -0.02125875 0.02639900 0.00937810
v 0.02023935 0.02639900 0.00937810
v -0.02125875 0.02566506 0.00946996
v 0.02023935 0.02566506 0.00946996
v -0.02125875 0.02493112 0.00937810
v 0.02023935 0.02493112 0.00937810
v -0.02125875 0.02430892 0.00911651
v 0.02023935 0.02430892 0.00911651
v -0.02125875 0.02389317 0.00872501
v 0.02023935 0.02389317 0.00872501
v -0.02125875 0.02374718 0.00826320
v 0.02023935 0.02374718 0.00826320
v -0.02125875 0.02389317 0.00780140
v 0.02023935 0.02389317 0.00780140
v -0.02125875 0.02430892 0.00740990
v 0.02023935 0.02430892 0.00740990
v -0.02125875 0.02493112 0.00714830
v 0.02023935 0.02493112 0.00714830
v -0.02125875 0.02566506 0.00705645
v 0.02023935 0.02566506 0.00705645
v -0.02125875 0.02639900 0.00714830
v 0.02023935 0.02639900 0.00714830
v -0.02125875 0.02702121 0.00740990
v 0.02023935 0.02702121 0.00740990
v -0.02125875 0.02743696 0.00780140
v 0.02023935 0.02743696 0.00780140
v -0.02125875 -0.02666611 0.00826320
v -0.02125875 -0.02652011 0.00872501
v -0.02125875 -0.02474822 0.00826320
v 0.02023935 -0.02474822 0.00826320
v 0.02023935 -0.02652011 0.00872501
v 0.02023935 -0.02666611 0.00826320
v -0.02125875 -0.02610437 0.00911651
v 0.02023935 -0.02610437 0.00911651
v -0.02125875 -0.02548216 0.00937810
v 0.02023935 -0.02548216 0.00937810
v -0.02125875 -0.02474822 0.00946996
v 0.02023935 -0.02474822 0.00946996
v -0.02125875 -0.02401428 0.00937810
v 0.02023935 -0.02401428 0.00937810
v -0.02125875 -0.02339207 0.00911651
v 0.02023935 -0.02339207 0.00911651
v -0.02125875 -0.02297633 0.00872501
v 0.02023935 -0.02297633 0.00872501
v -0.02125875 -0.02283033 0.00826320
v 0.02023935 -0.02283033 0.00826320
v -0.02125875 -0.02297633 0.00780140
v 0.02023935 -0.02297633 0.00780140
v -0.02125875 -0.02339207 0.00740990
v 0.02023935 -0.02339207 0.00740990
v -0.02125875 -0.02401428 0.00714830
v 0.02023935 -0.02401428 0.00714830
v -0.02125875 -0.02474822 0.00705645
v 0.02023935 -0.02474822 0.00705645
v -0.02125875 -0.02548216 0.00714830
v 0.02023935 -0.02548216 0.00714830
v -0.02125875 -0.02610437 0.00740990
v 0.02023935 -0.02610437 0.00740990
v -0.02125875 -0.02652011 0.00780140
v 0.02023935 -0.02652011 0.00780140
v -0.01088422 0.02743696 0.00872501
v -0.01088422 0.02758294 0.00826320
v -0.00050970 0.02743696 0.00872501
v -0.00050970 0.02758294 0.00826320
v 0.00986483 0.02743696 0.00872501
v 0.00986483 0.02758294 0.00826320
v -0.01088422 0.02702121 0.00911651
v -0.00050970 0.02702121 0.00911651
v 0.00986483 0.02702121 0.00911651
v -0.01088422 0.02639900 0.00937810
v -0.00050970 0.02639900 0.00937810
v 0.00986483 0.02639900 0.00937810
v -0.01088422 0.02566506 0.00946996
v -0.00050970 0.02566506 0.00946996
v 0.00986483 0.02566506 0.00946996
v -0.01088422 0.02493112 0.00937810
v -0.00050970 0.02493112 0.00937810
v 0.00986483 0.02493112 0.00937810
v -0.01088422 0.02430892 0.00911651
v -0.00050970 0.02430892 0.00911651
v 0.00986483 0.02430892 0.00911651
v -0.01088422 0.02389317 0.00872501
v -0.00050970 0.02389317 0.00872501
v 0.00986483 0.02389317 0.00872501
v -0.01088422 0.02374718 0.00826320
v -0.00050970 0.02374718 0.00826320
v 0.00986483 0.02374718 0.00826320
v -0.01088422 0.02389317 0.00780140
v -0.00050970 0.02389317 0.00780140
v 0.00986483 0.02389317 0.00780140
v -0.01088422 0.02430892 0.00740990
v -0.00050970 0.02430892 0.00740990
v 0.00986483 0.02430892 0.00740990
v -0.01088422 0.02493112 0.00714830
v -0.00050970 0.02493112 0.00714830
v 0.00986483 0.02493112 0.00714830
v -0.01088422 0.02566506 0.00705645
v -0.00050970 0.02566506 0.00705645
v 0.00986483 0.02566506 0.00705645
v -0.01088422 0.02639900 0.00714830
v -0.00050970 0.02639900 0.00714830
v 0.00986483 0.02639900 0.00714830
v -0.01088422 0.02702121 0.00740990
v -0.00050970 0.02702121 0.00740990
v 0.00986483 0.02702121 0.00740990
v -0.01088422 0.02743696 0.00780140
v -0.00050970 0.02743696 0.00780140
v 0.00986483 0.02743696 0.00780140
v -0.01088422 -0.02666611 0.00826320
v -0.01088422 -0.02652011 0.00872501
v -0.00050970 -0.02666611 0.00826320
v -0.00050970 -0.02652011 0.00872501
v 0.00986483 -0.02666611 0.00826320
v 0.00986483 -0.02652011 0.00872501
v -0.01088422 -0.02610437 0.00911651
v -0.00050970 -0.02610437 0.00911651
v 0.00986483 -0.02610437 0.00911651
v -0.01088422 -0.02548216 0.00937810
v -0.00050970 -0.02548216 0.00937810
v 0.00986483 -0.02548216 0.00937810
v -0.01088422 -0.02474822 0.00946996
v -0.00050970 -0.02474822 0.00946996
v 0.00986483 -0.02474822 0.00946996
v -0.01088422 -0.02401428 0.00937810
v -0.00050970 -0.02401428 0.00937810
v 0.00986483 -0.02401428 0.00937810
v -0.01088422 -0.02339207 0.00911651
v -0.00050970 -0.02339207 0.00911651
v 0.00986483 -0.02339207 0.00911651
v -0.01088422 -0.02297633 0.00872501
v -0.00050970 -0.02297633 0.00872501
v 0.00986483 -0.02297633 0.00872501
v -0.01088422 -0.02283033 0.00826320
v -0.00050970 -0.02283033 0.00826320
v 0.00986483 -0.02283033 0.00826320
v -0.01088422 -0.02297633 0.00780140
v -0.00050970 -0.02297633 0.00780140
v 0.00986483 -0.02297633 0.00780140
v -0.01088422 -0.02339207 0.00740990
v -0.00050970 -0.02339207 0.00740990
v 0.00986483 -0.02339207 0.00740990
v -0.01088422 -0.02401428 0.00714830
v -0.00050970 -0.02401428 0.00714830
v 0.00986483 -0.02401428 0.00714830
v -0.01088422 -0.02474822 0.00705645
v -0.00050970 -0.02474822 0.00705645
v 0.00986483 -0.02474822 0.00705645
v -0.01088422 -0.02548216 0.00714830
v -0.00050970 -0.02548216 0.00714830
v 0.00986483 -0.02548216 0.00714830
v -0.01088422 -0.02610437 0.00740990
v -0.00050970 -0.02610437 0.00740990
v 0.00986483 -0.02610437 0.00740990
v -0.01088422 -0.02652011 0.00780140
v -0.00050970 -0.02652011 0.00780140
v 0.00986483 -0.02652011 0.00780140
v -0.02125875 0.02743696 0.00635976
v -0.02125875 0.02758294 0.00589796
v -0.02125875 0.02566506 0.00589796
v 0.02023935 0.02743696 0.00635976
v 0.02023935 0.02566506 0.00589796
v 0.02023935 0.02758294 0.00589796
v -0.02125875 0.02702121 0.00675126
v 0.02023935 0.02702121 0.00675126
v -0.02125875 0.02639900 0.00701286
v 0.02023935 0.02639900 0.00701286
v -0.02125875 0.02566506 0.00710471
v 0.02023935 0.02566506 0.00710471
v -0.02125875 0.02493112 0.00701286
v 0.02023935 0.02493112 0.00701286
v -0.02125875 0.02430892 0.00675126
v 0.02023935 0.02430892 0.00675126
v -0.02125875 0.02389317 0.00635976
v 0.02023935 0.02389317 0.00635976
v -0.02125875 0.02374718 0.00589796
v 0.02023935 0.02374718 0.00589796
v -0.02125875 0.02389317 0.00543615
v 0.02023935 0.02389317 0.00543615
v -0.02125875 0.02430892 0.00504465
v 0.02023935 0.02430892 0.00504465
v -0.02125875 0.02493112 0.00478306
v 0.02023935 0.02493112 0.00478306
v -0.02125875 0.02566506 0.00469120
v 0.02023935 0.02566506 0.00469120
v -0.02125875 0.02639900 0.00478306
v 0.02023935 0.02639900 0.00478306
v -0.02125875 0.02702121 0.00504465
v 0.02023935 0.02702121 0.00504465
v -0.02125875 0.02743696 0.00543615
v 0.02023935 0.02743696 0.00543615
v -0.02125875 -0.02666611 0.00589796
v -0.02125875 -0.02652011 0.00635976
v -0.02125875 -0.02474822 0.00589796
v 0.02023935 -0.02474822 0.00589796
v 0.02023935 -0.02652011 0.00635976
v 0.02023935 -0.02666611 0.00589796
v -0.02125875 -0.02610437 0.00675126
v 0.02023935 -0.02610437 0.00675126
v -0.02125875 -0.02548216 0.00701286
v 0.02023935 -0.02548216 0.00701286
v -0.02125875 -0.02474822 0.00710471
v 0.02023935 -0.02474822 0.00710471
v -0.02125875 -0.02401428 0.00701286
v 0.02023935 -0.02401428 0.00701286
v -0.02125875 -0.02339207 0.00675126
v 0.02023935 -0.02339207 0.00675126
v -0.02125875 -0.02297633 0.00635976
v 0.02023935 -0.02297633 0.00635976
v -0.02125875 -0.02283033 0.00589796
v 0.02023935 -0.02283033 0.00589796
v -0.02125875 -0.02297633 0.00543615
v 0.02023935 -0.02297633 0.00543615
v -0.02125875 -0.02339207 0.00504465
v 0.02023935 -0.02339207 0.00504465
v -0.02125875 -0.02401428 0.00478306
v 0.02023935 -0.02401428 0.00478306
v -0.02125875 -0.02474822 0.00469120
v 0.02023935 -0.02474822 0.00469120
v -0.02125875 -0.02548216 0.00478306
v 0.02023935 -0.02548216 0.00478306
v -0.02125875 -0.02610437 0.00504465
v 0.02023935 -0.02610437 0.00504465
v -0.02125875 -0.02652011 0.00543615
v 0.02023935 -0.02652011 0.00543615
v -0.01088422 0.02743696 0.00635976
v -0.01088422 0.02758294 0.00589796
v -0.00050970 0.02743696 0.00635976
v -0.00050970 0.02758294 0.00589796
v 0.00986483 0.02743696 0.00635976
v 0.00986483 0.02758294 0.00589796
v -0.01088422 0.02702121 0.00675126
v -0.00050970 0.02702121 0.00675126
v 0.00986483 0.02702121 0.00675126
v -0.01088422 0.02639900 0.00701286
v -0.00050970 0.02639900 0.00701286
v 0.00986483 0.02639900 0.00701286
v -0.01088422 0.02566506 0.00710471
v -0.00050970 0.02566506 0.00710471
v 0.00986483 0.02566506 0.00710471
v -0.01088422 0.02493112 0.00701286
v -0.00050970 0.02493112 0.00701286
v 0.00986483 0.02493112 0.00701286
v -0.01088422 0.02430892 0.00675126
v -0.00050970 0.02430892 0.00675126
v 0.00986483 0.02430892 0.00675126
v -0.01088422 0.02389317 0.00635976
v -0.00050970 0.02389317 0.00635976
v 0.00986483 0.02389317 0.00635976
v -0.01088422 0.02374718 0.00589796
v -0.00050970 0.02374718 0.00589796
v 0.00986483 0.02374718 0.00589796
v -0.01088422 0.02389317 0.00543615
v -0.00050970 0.02389317 0.00543615
v 0.00986483 0.02389317 0.00543615
v -0.01088422 0.02430892 0.00504465
v -0.00050970 0.02430892 0.00504465
v 0.00986483 0.02430892 0.00504465
v -0.01088422 0.02493112 0.00478306
v -0.00050970 0.02493112 0.00478306
v 0.00986483 0.02493112 0.00478306
v -0.01088422 0.02566506 0.00469120
v -0.00050970 0.02566506 0.00469120
v 0.00986483 0.02566506 0.00469120
v -0.01088422 0.02639900 0.00478306
v -0.00050970 0.02639900 0.00478306
v 0.00986483 0.02639900 0.00478306
v -0.01088422 0.02702121 0.00504465
v -0.00050970 0.02702121 0.00504465
v 0.00986483 0.02702121 0.00504465
v -0.01088422 0.02743696 0.00543615
v -0.00050970 0.02743696 0.00543615
v 0.00986483 0.02743696 0.00543615
v -0.01088422 -0.02666611 0.00589796
v -0.01088422 -0.02652011 0.00635976
v -0.00050970 -0.02666611 0.00589796
v -0.00050970 -0.02652011 0.00635976
v 0.00986483 -0.02666611 0.00589796
v 0.00986483 -0.02652011 0.00635976
v -0.01088422 -0.02610437 0.00675126
v -0.00050970 -0.02610437 0.00675126
v 0.00986483 -0.02610437 0.00675126
v -0.01088422 -0.02548216 0.00701286
v -0.00050970 -0.02548216 0.00701286
v 0.00986483 -0.02548216 0.00701286
v -0.01088422 -0.02474822 0.00710471
v -0.00050970 -0.02474822 0.00710471
v 0.00986483 -0.02474822 0.00710471
v -0.01088422 -0.02401428 0.00701286
v -0.00050970 -0.02401428 0.00701286
v 0.00986483 -0.02401428 0.00701286
v -0.01088422 -0.02339207 0.00675126
v -0.00050970 -0.02339207 0.00675126
v 0.00986483 -0.02339207 0.00675126
v -0.01088422 -0.02297633 0.00635976
v -0.00050970 -0.02297633 0.00635976
v 0.00986483 -0.02297633 0.00635976
v -0.01088422 -0.02283033 0.00589796
v -0.00050970 -0.02283033 0.00589796
v 0.00986483 -0.02283033 0.00589796
v -0.01088422 -0.02297633 0.00543615
v -0.00050970 -0.02297633 0.00543615
v 0.00986483 -0.02297633 0.00543615
v -0.01088422 -0.02339207 0.00504465
v -0.00050970 -0.02339207 0.00504465
v 0.00986483 -0.02339207 0.00504465
v -0.01088422 -0.02401428 0.00478306
v -0.00050970 -0.02401428 0.00478306
v 0.00986483 -0.02401428 0.00478306
v -0.01088422 -0.02474822 0.00469120
v -0.00050970 -0.02474822 0.00469120
v 0.00986483 -0.02474822 0.00469120
v -0.01088422 -0.02548216 0.00478306
v -0.00050970 -0.02548216 0.00478306
v 0.00986483 -0.02548216 0.00478306
v -0.01088422 -0.02610437 0.00504465
v -0.00050970 -0.02610437 0.00504465
v 0.00986483 -0.02610437 0.00504465
v -0.01088422 -0.02652011 0.00543615
v -0.00050970 -0.02652011 0.00543615
v 0.00986483 -0.02652011 0.00543615
v -0.02125875 0.02743696 0.00399452
v -0.02125875 0.02758294 0.00353272
v -0.02125875 0.02566506 0.00353272
v 0.02023935 0.02743696 0.00399452
v 0.02023935 0.02566506 0.00353272
v 0.02023935 0.02758294 0.00353272
v -0.02125875 0.02702121 0.00438602
v 0.02023935 0.02702121 0.00438602
v -0.02125875 0.02639900 0.00464761
v 0.02023935 0.02639900 0.00464761
v -0.02125875 0.02566506 0.00473947
v 0.02023935 0.02566506 0.00473947
v -0.02125875 0.02493112 0.00464761
v 0.02023935 0.02493112 0.00464761
v -0.02125875 0.02430892 0.00438602
v 0.02023935 0.02430892 0.00438602
v -0.02125875 0.02389317 0.00399452
v 0.02023935 0.02389317 0.00399452
v -0.02125875 0.02374718 0.00353272
v 0.02023935 0.02374718 0.00353272
v -0.02125875 0.02389317 0.00307091
v 0.02023935 0.02389317 0.00307091
v -0.02125875 0.02430892 0.00267940
v 0.02023935 0.02430892 0.00267940
v -0.02125875 0.02493112 0.00241781
v 0.02023935 0.02493112 0.00241781
v -0.02125875 0.02566506 0.00232595
v 0.02023935 0.02566506 0.00232595
v -0.02125875 0.02639900 0.00241781
v 0.02023935 0.02639900 0.00241781
v -0.02125875 0.02702121 0.00267940
v 0.02023935 0.02702121 0.00267940
v -0.02125875 0.02743696 0.00307091
v 0.02023935 0.02743696 0.00307091
v -0.02125875 -0.02666611 0.00353272
v -0.02125875 -0.02652011 0.00399452
v -0.02125875 -0.02474822 0.00353272
v 0.02023935 -0.02474822 0.00353272
v 0.02023935 -0.02652011 0.00399452
v 0.02023935 -0.02666611 0.00353272
v -0.02125875 -0.02610437 0.00438602
v 0.02023935 -0.02610437 0.00438602
v -0.02125875 -0.02548216 0.00464761
v 0.02023935 -0.02548216 0.00464761
v -0.02125875 -0.02474822 0.00473947
v 0.02023935 -0.02474822 0.00473947
v -0.02125875 -0.02401428 0.00464761
v 0.02023935 -0.02401428 0.00464761
v -0.02125875 -0.02339207 0.00438602
v 0.02023935 -0.02339207 0.00438602
v -0.02125875 -0.02297633 0.00399452
v 0.02023935 -0.02297633 0.00399452
v -0.02125875 -0.02283033 0.00353272
v 0.02023935 -0.02283033 0.00353272
v -0.02125875 -0.02297633 0.00307091
v 0.02023935 -0.02297633 0.00307091
v -0.02125875 -0.02339207 0.00267940
v 0.02023935 -0.02339207 0.00267940
v -0.02125875 -0.02401428 0.00241781
v 0.02023935 -0.02401428 0.00241781
v -0.02125875 -0.02474822 0.00232595
v 0.02023935 -0.02474822 0.00232595
v -0.02125875 -0.02548216 0.00241781
v 0.02023935 -0.02548216 0.00241781
v -0.02125875 -0.02610437 0.00267940
v 0.02023935 -0.02610437 0.00267940
v -0.02125875 -0.02652011 0.00307091
v 0.02023935 -0.02652011 0.00307091
v -0.01088422 0.02743696 0.00399452
v -0.01088422 0.02758294 0.00353272
v -0.00050970 0.02743696 0.00399452
v -0.00050970 0.02758294 0.00353272
v 0.00986483 0.02743696 0.00399452
v 0.00986483 0.02758294 0.00353272
v -0.01088422 0.02702121 0.00438602
v -0.00050970 0.02702121 0.00438602
v 0.00986483 0.02702121 0.00438602
v -0.01088422 0.02639900 0.00464761
v -0.00050970 0.02639900 0.00464761
v 0.00986483 0.02639900 0.00464761
v -0.01088422 0.02566506 0.00473947
v -0.00050970 0.02566506 0.00473947
v 0.00986483 0.02566506 0.00473947
v -0.01088422 0.02493112 0.00464761
v -0.00050970 0.02493112 0.00464761
v 0.00986483 0.02493112 0.00464761
v -0.01088422 0.02430892 0.00438602
v -0.00050970 0.02430892 0.00438602
v 0.00986483 0.02430892 0.00438602
v -0.01088422 0.02389317 0.00399452
v -0.00050970 0.02389317 0.00399452
v 0.00986483 0.02389317 0.00399452
v -0.01088422 0.02374718 0.00353272
v -0.00050970 0.02374718 0.00353272
v 0.00986483 0.02374718 0.00353272
v -0.01088422 0.02389317 0.00307091
v -0.00050970 0.02389317 0.00307091
v 0.00986483 0.02389317 0.00307091
v -0.01088422 0.02430892 0.00267940
v -0.00050970 0.02430892 0.00267940
v 0.00986483 0.02430892 0.00267940
v -0.01088422 0.02493112 0.00241781
v -0.00050970 0.02493112 0.00241781
v 0.00986483 0.02493112 0.00241781
v -0.01088422 0.02566506 0.00232595
v -0.00050970 0.02566506 0.00232595
v 0.00986483 0.02566506 0.00232595
v -0.01088422 0.02639900 0.00241781
v -0.00050970 0.02639900 0.00241781
v 0.00986483 0.02639900 0.00241781
v -0.01088422 0.02702121 0.00267940
v -0.00050970 0.02702121 0.00267940
v 0.00986483 0.02702121 0.00267940
v -0.01088422 0.02743696 0.00307091
v -0.00050970 0.02743696 0.00307091
v 0.00986483 0.02743696 0.00307091
v -0.01088422 -0.02666611 0.00353272
v -0.01088422 -0.02652011 0.00399452
v -0.00050970 -0.02666611 0.00353272
v -0.00050970 -0.02652011 0.00399452
v 0.00986483 -0.02666611 0.00353272
v 0.00986483 -0.02652011 0.00399452
v -0.01088422 -0.02610437 0.00438602
v -0.00050970 -0.02610437 0.00438602
v 0.00986483 -0.02610437 0.00438602
v -0.01088422 -0.02548216 0.00464761
v -0.00050970 -0.02548216 0.00464761
v 0.00986483 -0.02548216 0.00464761
v -0.01088422 -0.02474822 0.00473947
v -0.00050970 -0.02474822 0.00473947
v 0.00986483 -0.02474822 0.00473947
v -0.01088422 -0.02401428 0.00464761
v -0.00050970 -0.02401428 0.00464761
v 0.00986483 -0.02401428 0.00464761
v -0.01088422 -0.02339207 0.00438602
v -0.00050970 -0.02339207 0.00438602
v 0.00986483 -0.02339207 0.00438602
v -0.01088422 -0.02297633 0.00399452
v -0.00050970 -0.02297633 0.00399452
v 0.00986483 -0.02297633 0.00399452
v -0.01088422 -0.02283033 0.00353272
v -0.00050970 -0.02283033 0.00353272
v 0.00986483 -0.02283033 0.00353272
v -0.01088422 -0.02297633 0.00307091
v -0.00050970 -0.02297633 0.00307091
v 0.00986483 -0.02297633 0.00307091
v -0.01088422 -0.02339207 0.00267940
v -0.00050970 -0.02339207 0.00267940
v 0.00986483 -0.02339207 0.00267940
v -0.01088422 -0.02401428 0.00241781
v -0.00050970 -0.02401428 0.00241781
v 0.00986483 -0.02401428 0.00241781
v -0.01088422 -0.02474822 0.00232595
v -0.00050970 -0.02474822 0.00232595
v 0.00986483 -0.02474822 0.00232595
v -0.01088422 -0.02548216 0.00241781
v -0.00050970 -0.02548216 0.00241781
v 0.00986483 -0.02548216 0.00241781
v -0.01088422 -0.02610437 0.00267940
v -0.00050970 -0.02610437 0.00267940
v 0.00986483 -0.02610437 0.00267940
v -0.01088422 -0.02652011 0.00307091
v -0.00050970 -0.02652011 0.00307091
v 0.00986483 -0.02652011 0.00307091
v -0.01328089 -0.02430731 0.02536340
v -0.01328089 -0.02430731 0.02578538
v -0.01879750 -0.02430731 0.02578538
v -0.01879750 -0.02430731 0.02536340
v -0.01328089 -0.01663577 0.02536340
v -0.01328089 -0.01663577 0.02578538
v -0.01879750 -0.01663577 0.02536340
v -0.01879750 -0.01663577 0.02578538
v -0.01052259 -0.02430731 0.02536340
v -0.01052259 -0.02430731 0.02578538
v -0.01603919 -0.02430731 0.02578538
v -0.01603919 -0.02430731 0.02536340
v -0.01052259 -0.01663577 0.02536340
v -0.01052259 -0.01663577 0.02578538
v -0.01603919 -0.01663577 0.02536340
v -0.01603919 -0.01663577 0.02578538
v -0.00776428 -0.02430731 0.02536340
v -0.00776428 -0.02430731 0.02578538
v -0.00776428 -0.01663577 0.02536340
v -0.00776428 -0.01663577 0.02578538
v -0.00500598 -0.02430731 0.02536340
v -0.00500598 -0.02430731 0.02578538
v -0.00500598 -0.01663577 0.02536340
v -0.00500598 -0.01663577 0.02578538
v -0.00224767 -0.02430731 0.02536340
v -0.00224767 -0.02430731 0.02578538
v -0.00224767 -0.01663577 0.02536340
v -0.00224767 -0.01663577 0.02578538
v 0.00051063 -0.02430731 0.02536340
v 0.00051063 -0.02430731 0.02578538
v 0.00051063 -0.01663577 0.02536340
v 0.00051063 -0.01663577 0.02578538
v 0.00326893 -0.02430731 0.02536340
v 0.00326893 -0.02430731 0.02578538
v 0.00326893 -0.01663577 0.02536340
v 0.00326893 -0.01663577 0.02578538
v 0.00602724 -0.02430731 0.02536340
v 0.00602724 -0.02430731 0.02578538
v 0.00602724 -0.01663577 0.02536340
v 0.00602724 -0.01663577 0.02578538
v 0.00878555 -0.02430731 0.02536340
v 0.00878555 -0.02430731 0.02578538
v 0.00878555 -0.01663577 0.02536340
v 0.00878555 -0.01663577 0.02578538
v 0.01154385 -0.02430731 0.02536340
v 0.01154385 -0.02430731 0.02578538
v 0.01154385 -0.01663577 0.02536340
v 0.01154385 -0.01663577 0.02578538
v 0.01430216 -0.02430731 0.02536340
v 0.01430216 -0.02430731 0.02578538
v 0.01430216 -0.01663577 0.02536340
v 0.01430216 -0.01663577 0.02578538
v 0.01706046 -0.02430731 0.02536340
v 0.01706046 -0.02430731 0.02578538
v 0.01706046 -0.01663577 0.02536340
v 0.01706046 -0.01663577 0.02578538
v -0.01328089 -0.01690121 0.02536340
v -0.01328089 -0.01690121 0.02578538
v -0.01879750 -0.01690121 0.02578538
v -0.01879750 -0.01690121 0.02536340
v -0.01328089 -0.00922967 0.02536340
v -0.01328089 -0.00922967 0.02578538
v -0.01879750 -0.00922967 0.02536340
v -0.01879750 -0.00922967 0.02578538
v -0.01052259 -0.01690121 0.02536340
v -0.01052259 -0.01690121 0.02578538
v -0.01603919 -0.01690121 0.02578538
v -0.01603919 -0.01690121 0.02536340
v -0.01052259 -0.00922967 0.02536340
v -0.01052259 -0.00922967 0.02578538
v -0.01603919 -0.00922967 0.02536340
v -0.01603919 -0.00922967 0.02578538
v -0.00776428 -0.01690121 0.02536340
v -0.00776428 -0.01690121 0.02578538
v -0.00776428 -0.00922967 0.02536340
v -0.00776428 -0.00922967 0.02578538
v -0.00500598 -0.01690121 0.02536340
v -0.00500598 -0.01690121 0.02578538
v -0.00500598 -0.00922967 0.02536340
v -0.00500598 -0.00922967 0.02578538
v -0.00224767 -0.01690121 0.02536340
v -0.00224767 -0.01690121 0.02578538
v -0.00224767 -0.00922967 0.02536340
v -0.00224767 -0.00922967 0.02578538
v 0.00051063 -0.01690121 0.02536340
v 0.00051063 -0.01690121 0.02578538
v 0.00051063 -0.00922967 0.02536340
v 0.00051063 -0.00922967 0.02578538
v 0.00326893 -0.01690121 0.02536340
v 0.00326893 -0.01690121 0.02578538
v 0.00326893 -0.00922967 0.02536340
v 0.00326893 -0.00922967 0.02578538
v 0.00602724 -0.01690121 0.02536340
v 0.00602724 -0.01690121 0.02578538
v 0.00602724 -0.00922967 0.02536340
v 0.00602724 -0.00922967 0.02578538
v 0.00878555 -0.01690121 0.02536340
v 0.00878555 -0.01690121 0.02578538
v 0.00878555 -0.00922967 0.02536340
v 0.00878555 -0.00922967 0.02578538
v 0.01154385 -0.01690121 0.02536340
v 0.01154385 -0.01690121 0.02578538
v 0.01154385 -0.00922967 0.02536340
v 0.01154385 -0.00922967 0.02578538
v 0.01430216 -0.01690121 0.02536340
v 0.01430216 -0.01690121 0.02578538
v 0.01430216 -0.00922967 0.02536340
v 0.01430216 -0.00922967 0.02578538
v 0.01706046 -0.01690121 0.02536340
v 0.01706046 -0.01690121 0.02578538
v 0.01706046 -0.00922967 0.02536340
v 0.01706046 -0.00922967 0.02578538
v -0.01328089 -0.00916364 0.02536340
v -0.01328089 -0.00916364 0.02578538
v -0.01879750 -0.00916364 0.02578538
v -0.01879750 -0.00916364 0.02536340
v -0.01328089 -0.00149211 0.02536340
v -0.01328089 -0.00149211 0.02578538
v -0.01879750 -0.00149211 0.02536340
v -0.01879750 -0.00149211 0.02578538
v -0.01052259 -0.00916364 0.02536340
v -0.01052259 -0.00916364 0.02578538
v -0.01603919 -0.00916364 0.02578538
v -0.01603919 -0.00916364 0.02536340
v -0.01052259 -0.00149211 0.02536340
v -0.01052259 -0.00149211 0.02578538
v -0.01603919 -0.00149211 0.02536340
v -0.01603919 -0.00149211 0.02578538
v -0.00776428 -0.00916364 0.02536340
v -0.00776428 -0.00916364 0.02578538
v -0.00776428 -0.00149211 0.02536340
v -0.00776428 -0.00149211 0.02578538
v -0.00500598 -0.00916364 0.02536340
v -0.00500598 -0.00916364 0.02578538
v -0.00500598 -0.00149211 0.02536340
v -0.00500598 -0.00149211 0.02578538
v -0.00224767 -0.00916364 0.02536340
v -0.00224767 -0.00916364 0.02578538
v -0.00224767 -0.00149211 0.02536340
v -0.00224767 -0.00149211 0.02578538
v 0.00051063 -0.00916364 0.02536340
v 0.00051063 -0.00916364 0.02578538
v 0.00051063 -0.00149211 0.02536340
v 0.00051063 -0.00149211 0.02578538
v 0.00326893 -0.00916364 0.02536340
v 0.00326893 -0.00916364 0.02578538
v 0.00326893 -0.00149211 0.02536340
v 0.00326893 -0.00149211 0.02578538
v 0.00602724 -0.00916364 0.02536340
v 0.00602724 -0.00916364 0.02578538
v 0.00602724 -0.00149211 0.02536340
v 0.00602724 -0.00149211 0.02578538
v 0.00878555 -0.00916364 0.02536340
v 0.00878555 -0.00916364 0.02578538
v 0.00878555 -0.00149211 0.02536340
v 0.00878555 -0.00149211 0.02578538
v 0.01154385 -0.00916364 0.02536340
v 0.01154385 -0.00916364 0.02578538
v 0.01154385 -0.00149211 0.02536340
v 0.01154385 -0.00149211 0.02578538
v 0.01430216 -0.00916364 0.02536340
v 0.01430216 -0.00916364 0.02578538
v 0.01430216 -0.00149211 0.02536340
v 0.01430216 -0.00149211 0.02578538
v 0.01706046 -0.00916364 0.02536340
v 0.01706046 -0.00916364 0.02578538
v 0.01706046 -0.00149211 0.02536340
v 0.01706046 -0.00149211 0.02578538
v -0.01328089 -0.00181321 0.02536340
v -0.01328089 -0.00181321 0.02578538
v -0.01879750 -0.00181321 0.02578538
v -0.01879750 -0.00181321 0.02536340
v -0.01328089 0.00585832 0.02536340
v -0.01328089 0.00585832 0.02578538
v -0.01879750 0.00585832 0.02536340
v -0.01879750 0.00585832 0.02578538
v -0.01052259 -0.00181321 0.02536340
v -0.01052259 -0.00181321 0.02578538
v -0.01603919 -0.00181321 0.02578538
v -0.01603919 -0.00181321 0.02536340
v -0.01052259 0.00585832 0.02536340
v -0.01052259 0.00585832 0.02578538
v -0.01603919 0.00585832 0.02536340
v -0.01603919 0.00585832 0.02578538
v -0.00776428 -0.00181321 0.02536340
v -0.00776428 -0.00181321 0.02578538
v -0.00776428 0.00585832 0.02536340
v -0.00776428 0.00585832 0.02578538
v -0.00500598 -0.00181321 0.02536340
v -0.00500598 -0.00181321 0.02578538
v -0.00500598 0.00585832 0.02536340
v -0.00500598 0.00585832 0.02578538
v -0.00224767 -0.00181321 0.02536340
v -0.00224767 -0.00181321 0.02578538
v -0.00224767 0.00585832 0.02536340
v -0.00224767 0.00585832 0.02578538
v 0.00051063 -0.00181321 0.02536340
v 0.00051063 -0.00181321 0.02578538
v 0.00051063 0.00585832 0.02536340
v 0.00051063 0.00585832 0.02578538
v 0.00326893 -0.00181321 0.02536340
v 0.00326893 -0.00181321 0.02578538
v 0.00326893 0.00585832 0.02536340
v 0.00326893 0.00585832 0.02578538
v 0.00602724 -0.00181321 0.02536340
v 0.00602724 -0.00181321 0.02578538
v 0.00602724 0.00585832 0.02536340
v 0.00602724 0.00585832 0.02578538
v 0.00878555 -0.00181321 0.02536340
v 0.00878555 -0.00181321 0.02578538
v 0.00878555 0.00585832 0.02536340
v 0.00878555 0.00585832 0.02578538
v 0.01154385 -0.00181321 0.02536340
v 0.01154385 -0.00181321 0.02578538
v 0.01154385 0.00585832 0.02536340
v 0.01154385 0.00585832 0.02578538
v 0.01430216 -0.00181321 0.02536340
v 0.01430216 -0.00181321 0.02578538
v 0.01430216 0.00585832 0.02536340
v 0.01430216 0.00585832 0.02578538
v 0.01706046 -0.00181321 0.02536340
v 0.01706046 -0.00181321 0.02578538
v 0.01706046 0.00585832 0.02536340
v 0.01706046 0.00585832 0.02578538
v -0.01328089 0.00611367 0.02536340
v -0.01328089 0.00611367 0.02578538
v -0.01879750 0.00611367 0.02578538
v -0.01879750 0.00611367 0.02536340
v -0.01328089 0.01378520 0.02536340
v -0.01328089 0.01378520 0.02578538
v -0.01879750 0.01378520 0.02536340
v -0.01879750 0.01378520 0.02578538
v -0.01052259 0.00611367 0.02536340
v -0.01052259 0.00611367 0.02578538
v -0.01603919 0.00611367 0.02578538
v -0.01603919 0.00611367 0.02536340
v -0.01052259 0.01378520 0.02536340
v -0.01052259 0.01378520 0.02578538
v -0.01603919 0.01378520 0.02536340
v -0.01603919 0.01378520 0.02578538
v -0.00776428 0.00611367 0.02536340
v -0.00776428 0.00611367 0.02578538
v -0.00776428 0.01378520 0.02536340
v -0.00776428 0.01378520 0.02578538
v -0.00500598 0.00611367 0.02536340
v -0.00500598 0.00611367 0.02578538
v -0.00500598 0.01378520 0.02536340
v -0.00500598 0.01378520 0.02578538
v -0.00224767 0.00611367 0.02536340
v -0.00224767 0.00611367 0.02578538
v -0.00224767 0.01378520 0.02536340
v -0.00224767 0.01378520 0.02578538
v 0.00051063 0.00611367 0.02536340
v 0.00051063 0.00611367 0.02578538
v 0.00051063 0.01378520 0.02536340
v 0.00051063 0.01378520 0.02578538
v 0.00326893 0.00611367 0.02536340
v 0.00326893 0.00611367 0.02578538
v 0.00326893 0.01378520 0.02536340
v 0.00326893 0.01378520 0.02578538
v 0.00602724 0.00611367 0.02536340
v 0.00602724 0.00611367 0.02578538
v 0.00602724 0.01378520 0.02536340
v 0.00602724 0.01378520 0.02578538
v 0.00878555 0.00611367 0.02536340
v 0.00878555 0.00611367 0.02578538
v 0.00878555 0.01378520 0.02536340
v 0.00878555 0.01378520 0.02578538
v 0.01154385 0.00611367 0.02536340
v 0.01154385 0.00611367 0.02578538
v 0.01154385 0.01378520 0.02536340
v 0.01154385 0.01378520 0.02578538
v 0.01430216 0.00611367 0.02536340
v 0.01430216 0.00611367 0.02578538
v 0.01430216 0.01378520 0.02536340
v 0.01430216 0.01378520 0.02578538
v 0.01706046 0.00611367 0.02536340
v 0.01706046 0.00611367 0.02578538
v 0.01706046 0.01378520 0.02536340
v 0.01706046 0.01378520 0.02578538
v -0.01328089 0.01900498 0.02536340
v -0.01328089 0.01900498 0.02578538
v -0.01879750 0.01900498 0.02578538
v -0.01879750 0.01900498 0.02536340
v -0.01328089 0.02667651 0.02536340
v -0.01328089 0.02667651 0.02578538
v -0.01879750 0.02667651 0.02536340
v -0.01879750 0.02667651 0.02578538
v -0.01052259 0.01900498 0.02536340
v -0.01052259 0.01900498 0.02578538
v -0.01603919 0.01900498 0.02578538
v -0.01603919 0.01900498 0.02536340
v -0.01052259 0.02667651 0.02536340
v -0.01052259 0.02667651 0.02578538
v -0.01603919 0.02667651 0.02536340
v -0.01603919 0.02667651 0.02578538
v -0.00776428 0.01900498 0.02536340
v -0.00776428 0.01900498 0.02578538
v -0.00776428 0.02667651 0.02536340
v -0.00776428 0.02667651 0.02578538
v -0.00500598 0.01900498 0.02536340
v -0.00500598 0.01900498 0.02578538
v -0.00500598 0.02667651 0.02536340
v -0.00500598 0.02667651 0.02578538
v -0.00224767 0.01900498 0.02536340
v -0.00224767 0.01900498 0.02578538
v -0.00224767 0.02667651 0.02536340
v -0.00224767 0.02667651 0.02578538
v 0.00051063 0.01900498 0.02536340
v 0.00051063 0.01900498 0.02578538
v 0.00051063 0.02667651 0.02536340
v 0.00051063 0.02667651 0.02578538
v 0.00326893 0.01900498 0.02536340
v 0.00326893 0.01900498 0.02578538
v 0.00326893 0.02667651 0.02536340
v 0.00326893 0.02667651 0.02578538
v 0.00602724 0.01900498 0.02536340
v 0.00602724 0.01900498 0.02578538
v 0.00602724 0.02667651 0.02536340
v 0.00602724 0.02667651 0.02578538
v 0.00878555 0.01900498 0.02536340
v 0.00878555 0.01900498 0.02578538
v 0.00878555 0.02667651 0.02536340
v 0.00878555 0.02667651 0.02578538
v 0.01154385 0.01900498 0.02536340
v 0.01154385 0.01900498 0.02578538
v 0.01154385 0.02667651 0.02536340
v 0.01154385 0.02667651 0.02578538
v 0.01430216 0.01900498 0.02536340
v 0.01430216 0.01900498 0.02578538
v 0.01430216 0.02667651 0.02536340
v 0.01430216 0.02667651 0.02578538
v 0.01706046 0.01900498 0.02536340
v 0.01706046 0.01900498 0.02578538
v 0.01706046 0.02667651 0.02536340
v 0.01706046 0.02667651 0.02578538
v -0.01328089 0.01279098 0.02536340
v -0.01328089 0.01279098 0.02578538
v -0.01879750 0.01279098 0.02578538
v -0.01879750 0.01279098 0.02536340
v -0.01328089 0.02046252 0.02536340
v -0.01328089 0.02046252 0.02578538
v -0.01879750 0.02046252 0.02536340
v -0.01879750 0.02046252 0.02578538
v -0.01052259 0.01279098 0.02536340
v -0.01052259 0.01279098 0.02578538
v -0.01603919 0.01279098 0.02578538
v -0.01603919 0.01279098 0.02536340
v -0.01052259 0.02046252 0.02536340
v -0.01052259 0.02046252 0.02578538
v -0.01603919 0.02046252 0.02536340
v -0.01603919 0.02046252 0.02578538
v -0.00776428 0.01279098 0.02536340
v -0.00776428 0.01279098 0.02578538
v -0.00776428 0.02046252 0.02536340
v -0.00776428 0.02046252 0.02578538
v -0.00500598 0.01279098 0.02536340
v -0.00500598 0.01279098 0.02578538
v -0.00500598 0.02046252 0.02536340
v -0.00500598 0.02046252 0.02578538
v -0.00224767 0.01279098 0.02536340
v -0.00224767 0.01279098 0.02578538
v -0.00224767 0.02046252 0.02536340
v -0.00224767 0.02046252 0.02578538
v 0.00051063 0.01279098 0.02536340
v 0.00051063 0.01279098 0.02578538
v 0.00051063 0.02046252 0.02536340
v 0.00051063 0.02046252 0.02578538
v 0.00326893 0.01279098 0.02536340
v 0.00326893 0.01279098 0.02578538
v 0.00326893 0.02046252 0.02536340
v 0.00326893 0.02046252 0.02578538
v 0.00602724 0.01279098 0.02536340
v 0.00602724 0.01279098 0.02578538
v 0.00602724 0.02046252 0.02536340
v 0.00602724 0.02046252 0.02578538
v 0.00878555 0.01279098 0.02536340
v 0.00878555 0.01279098 0.02578538
v 0.00878555 0.02046252 0.02536340
v 0.00878555 0.02046252 0.02578538
v 0.01154385 0.01279098 0.02536340
v 0.01154385 0.01279098 0.02578538
v 0.01154385 0.02046252 0.02536340
v 0.01154385 0.02046252 0.02578538
v 0.01430216 0.01279098 0.02536340
v 0.01430216 0.01279098 0.02578538
v 0.01430216 0.02046252 0.02536340
v 0.01430216 0.02046252 0.02578538
v 0.01706046 0.01279098 0.02536340
v 0.01706046 0.01279098 0.02578538
v 0.01706046 0.02046252 0.02536340
v 0.01706046 0.02046252 0.02578538
v 0.02585441 -0.03691032 0.02377079
v 0.02425103 -0.03691032 0.02237053
v 0.02633149 -0.03691032 0.02054662
v 0.02793487 -0.03691032 0.02194688
v 0.02585441 0.03853635 0.02377079
v 0.02425103 0.03853635 0.02237053
v 0.02793487 0.03853635 0.02194688
v 0.02633149 0.03853635 0.02054662
v 0.02425459 -0.03691032 0.02517063
v 0.02265121 -0.03691032 0.02377037
v 0.02473168 -0.03691032 0.02194646
v 0.02633505 -0.03691032 0.02334671
v 0.02425459 0.03853635 0.02517063
v 0.02265121 0.03853635 0.02377037
v 0.02633505 0.03853635 0.02334671
v 0.02473168 0.03853635 0.02194646
v 0.02265477 -0.03691032 0.02657047
v 0.02105140 -0.03691032 0.02517021
v 0.02313187 -0.03691032 0.02334630
v 0.02473524 -0.03691032 0.02474656
v 0.02265477 0.03853635 0.02657047
v 0.02105140 0.03853635 0.02517021
v 0.02473524 0.03853635 0.02474656
v 0.02313187 0.03853635 0.02334630
v 0.02105496 -0.03691032 0.02797031
v 0.01945158 -0.03691032 0.02657005
v 0.02153204 -0.03691032 0.02474614
v 0.02313542 -0.03691032 0.02614639
v 0.02105496 0.03853635 0.02797031
v 0.01945158 0.03853635 0.02657005
v 0.02313542 0.03853635 0.02614639
v 0.02153204 0.03853635 0.02474614
v 0.01945514 -0.03691032 0.02937015
v 0.01785176 -0.03691032 0.02796989
v 0.01993223 -0.03691032 0.02614598
v 0.02153560 -0.03691032 0.02754623
v 0.01945514 0.03853635 0.02937015
v 0.01785176 0.03853635 0.02796989
v 0.02153560 0.03853635 0.02754623
v 0.01993223 0.03853635 0.02614598
v 0.01785532 -0.03691032 0.03076998
v 0.01625195 -0.03691032 0.02936973
v 0.01833242 -0.03691032 0.02754582
v 0.01993579 -0.03691032 0.02894608
v 0.01785532 0.03853635 0.03076998
v 0.01625195 0.03853635 0.02936973
v 0.01993579 0.03853635 0.02894608
v 0.01833242 0.03853635 0.02754582
v 0.01625551 -0.03691032 0.03216983
v 0.01465213 -0.03691032 0.03076957
v 0.01673260 -0.03691032 0.02894566
v 0.01833597 -0.03691032 0.03034591
v 0.01625551 0.03853635 0.03216983
v 0.01465213 0.03853635 0.03076957
v 0.01833597 0.03853635 0.03034591
v 0.01673260 0.03853635 0.02894566
v 0.01465569 -0.03691032 0.03356966
v 0.01305231 -0.03691032 0.03216941
v 0.01513278 -0.03691032 0.03034550
v 0.01673615 -0.03691032 0.03174575
v 0.01465569 0.03853635 0.03356966
v 0.01305231 0.03853635 0.03216941
v 0.01673615 0.03853635 0.03174575
v 0.01513278 0.03853635 0.03034550
v 0.01305587 -0.03691032 0.03496950
v 0.01145250 -0.03691032 0.03356925
v 0.01353297 -0.03691032 0.03174534
v 0.01513634 -0.03691032 0.03314559
v 0.01305587 0.03853635 0.03496950
v 0.01145250 0.03853635 0.03356925
v 0.01513634 0.03853635 0.03314559
v 0.01353297 0.03853635 0.03174534
v 0.01145606 -0.03691032 0.03636935
v 0.00985268 -0.03691032 0.03496909
v 0.01193315 -0.03691032 0.03314518
v 0.01353652 -0.03691032 0.03454543
v 0.01145606 0.03853635 0.03636935
v 0.00985268 0.03853635 0.03496909
v 0.01353652 0.03853635 0.03454543
v 0.01193315 0.03853635 0.03314518
v 0.00985624 -0.03691032 0.03776918
v 0.00825286 -0.03691032 0.03636893
v 0.01033333 -0.03691032 0.03454502
v 0.01193670 -0.03691032 0.03594527
v 0.00985624 0.03853635 0.03776918
v 0.00825286 0.03853635 0.03636893
v 0.01193670 0.03853635 0.03594527
v 0.01033333 0.03853635 0.03454502
v 0.00825642 -0.03691032 0.03916902
v 0.00665305 -0.03691032 0.03776877
v 0.00873352 -0.03691032 0.03594485
v 0.01033689 -0.03691032 0.03734511
v 0.00825642 0.03853635 0.03916902
v 0.00665305 0.03853635 0.03776877
v 0.01033689 0.03853635 0.03734511
v 0.00873352 0.03853635 0.03594485
v 0.00665661 -0.03691032 0.04056886
v 0.00505324 -0.03691032 0.03916861
v 0.00713370 -0.03691032 0.03734470
v 0.00873707 -0.03691032 0.03874495
v 0.00665661 0.03853635 0.04056886
v 0.00505324 0.03853635 0.03916861
v 0.00873707 0.03853635 0.03874495
v 0.00713370 0.03853635 0.03734470
v 0.00505679 -0.03691032 0.04196870
v 0.00345341 -0.03691032 0.04056845
v 0.00553388 -0.03691032 0.03874454
v 0.00713725 -0.03691032 0.04014479
v 0.00505679 0.03853635 0.04196870
v 0.00345341 0.03853635 0.04056845
v 0.00713725 0.03853635 0.04014479
v 0.00553388 0.03853635 0.03874454
v 0.00345697 -0.03691032 0.04336854
v 0.00185360 -0.03691032 0.04196829
v 0.00393406 -0.03691032 0.04014437
v 0.00553744 -0.03691032 0.04154463
v 0.00345697 0.03853635 0.04336854
v 0.00185360 0.03853635 0.04196829
v 0.00553744 0.03853635 0.04154463
v 0.00393406 0.03853635 0.04014437
v 0.00185716 -0.03691032 0.04476838
v 0.00025379 -0.03691032 0.04336812
v 0.00233425 -0.03691032 0.04154422
v 0.00393762 -0.03691032 0.04294447
v 0.00185716 0.03853635 0.04476838
v 0.00025379 0.03853635 0.04336812
v 0.00393762 0.03853635 0.04294447
v 0.00233425 0.03853635 0.04154422
v 0.00025734 -0.03691032 0.04616822
v -0.00134604 -0.03691032 0.04476797
v 0.00073443 -0.03691032 0.04294405
v 0.00233780 -0.03691032 0.04434431
v 0.00025734 0.03853635 0.04616822
v -0.00134604 0.03853635 0.04476797
v 0.00233780 0.03853635 0.04434431
v 0.00073443 0.03853635 0.04294405
v -0.03100150 -0.03693493 0.02034292
v -0.02945839 -0.03693493 0.01898810
v -0.02393393 -0.03693493 0.02380563
v -0.02547704 -0.03693493 0.02516045
v -0.03100150 0.03925118 0.02034292
v -0.02945839 0.03925118 0.01898810
v -0.02547704 0.03925118 0.02516045
v -0.02393393 0.03925118 0.02380563
v -0.02824320 -0.03693493 0.02261163
v -0.02670008 -0.03693493 0.02125681
v -0.02117562 -0.03693493 0.02607433
v -0.02271874 -0.03693493 0.02742915
v -0.02824320 0.03925118 0.02261163
v -0.02670008 0.03925118 0.02125681
v -0.02271874 0.03925118 0.02742915
v -0.02117562 0.03925118 0.02607433
v -0.02548490 -0.03693493 0.02488034
v -0.02394178 -0.03693493 0.02352552
v -0.01841731 -0.03693493 0.02834304
v -0.01996044 -0.03693493 0.02969786
v -0.02548490 0.03925118 0.02488034
v -0.02394178 0.03925118 0.02352552
v -0.01996044 0.03925118 0.02969786
v -0.01841731 0.03925118 0.02834304
v -0.02272659 -0.03693493 0.02714904
v -0.02118348 -0.03693493 0.02579422
v -0.01565901 -0.03693493 0.03061174
v -0.01720212 -0.03693493 0.03196656
v -0.02272659 0.03925118 0.02714904
v -0.02118348 0.03925118 0.02579422
v -0.01720212 0.03925118 0.03196656
v -0.01565901 0.03925118 0.03061174
v -0.01996829 -0.03693493 0.02941775
v -0.01842517 -0.03693493 0.02806293
v -0.01290070 -0.03693493 0.03288045
v -0.01444382 -0.03693493 0.03423527
v -0.01996829 0.03925118 0.02941775
v -0.01842517 0.03925118 0.02806293
v -0.01444382 0.03925118 0.03423527
v -0.01290070 0.03925118 0.03288045
v -0.01720998 -0.03693493 0.03168645
v -0.01566687 -0.03693493 0.03033163
v -0.01014240 -0.03693493 0.03514916
v -0.01168552 -0.03693493 0.03650398
v -0.01720998 0.03925118 0.03168645
v -0.01566687 0.03925118 0.03033163
v -0.01168552 0.03925118 0.03650398
v -0.01014240 0.03925118 0.03514916
v -0.01445168 -0.03693493 0.03395516
v -0.01290856 -0.03693493 0.03260034
v -0.00738410 -0.03693493 0.03741786
v -0.00892721 -0.03693493 0.03877268
v -0.01445168 0.03925118 0.03395516
v -0.01290856 0.03925118 0.03260034
v -0.00892721 0.03925118 0.03877268
v -0.00738410 0.03925118 0.03741786
v -0.01169338 -0.03693493 0.03622386
v -0.01015026 -0.03693493 0.03486904
v -0.00462579 -0.03693493 0.03968657
v -0.00616891 -0.03693493 0.04104139
v -0.01169338 0.03925118 0.03622386
v -0.01015026 0.03925118 0.03486904
v -0.00616891 0.03925118 0.04104139
v -0.00462579 0.03925118 0.03968657
v -0.00893507 -0.03693493 0.03849257
v -0.00739195 -0.03693493 0.03713775
v -0.00186749 -0.03693493 0.04195527
v -0.00341060 -0.03693493 0.04331009
v -0.00893507 0.03925118 0.03849257
v -0.00739195 0.03925118 0.03713775
v -0.00341060 0.03925118 0.04331009
v -0.00186749 0.03925118 0.04195527
v -0.00617677 -0.03693493 0.04076127
v -0.00463364 -0.03693493 0.03940646
v 0.00089082 -0.03693493 0.04422398
v -0.00065230 -0.03693493 0.04557880
v -0.00617677 0.03925118 0.04076127
v -0.00463364 0.03925118 0.03940646
v -0.00065230 0.03925118 0.04557880
v 0.00089082 0.03925118 0.04422398
v 0.01388074 -0.03423332 0.00111919
v 0.01388074 -0.03423332 0.00594623
v 0.00100068 -0.03423332 0.00594623
v 0.00100068 -0.03423332 0.00111919
v 0.01388074 -0.02656179 0.00111919
v 0.01388074 -0.02656179 0.00594623
v 0.00100068 -0.02656179 0.00111919
v 0.00100068 -0.02656179 0.00594623
v 0.01388074 -0.04218880 0.00000000
v 0.01388074 -0.04218880 0.00482703
v 0.00100068 -0.04218880 0.00482703
v 0.00100068 -0.04218880 0.00000000
v 0.01388074 -0.03451727 0.00000000
v 0.01388074 -0.03451727 0.00482703
v 0.00100068 -0.03451727 0.00000000
v 0.00100068 -0.03451727 0.00482703
v 0.01390674 -0.02738396 0.00415460
v 0.01390674 -0.02738396 0.02027975
v 0.00102669 -0.02738396 0.02027975
v 0.00102669 -0.02738396 0.00415460
v 0.01390674 -0.02388163 0.00415460
v 0.01390674 -0.02388163 0.02027975
v 0.00102669 -0.02388163 0.00415460
v 0.00102669 -0.02388163 0.02027975
v 0.01257303 -0.02738615 0.01137490
v 0.01259630 -0.02754884 0.01137490
v 0.01229059 -0.02754884 0.01132169
v 0.01229059 -0.02754884 0.01271969
v 0.01259630 -0.02754884 0.01266649
v 0.01257303 -0.02738615 0.01266649
v 0.01250676 -0.02724822 0.01137490
v 0.01250676 -0.02724822 0.01266649
v 0.01240758 -0.02715607 0.01137490
v 0.01240758 -0.02715607 0.01266649
v 0.01229059 -0.02712371 0.01137490
v 0.01229059 -0.02712371 0.01266649
v 0.01217360 -0.02715607 0.01137490
v 0.01217360 -0.02715607 0.01266649
v 0.01207442 -0.02724822 0.01137490
v 0.01207442 -0.02724822 0.01266649
v 0.01200815 -0.02738615 0.01137490
v 0.01200815 -0.02738615 0.01266649
v 0.01198488 -0.02754884 0.01137490
v 0.01198488 -0.02754884 0.01266649
v 0.01200815 -0.02771153 0.01137490
v 0.01200815 -0.02771153 0.01266649
v 0.01207442 -0.02784944 0.01137490
v 0.01207442 -0.02784944 0.01266649
v 0.01217360 -0.02794160 0.01137490
v 0.01217360 -0.02794160 0.01266649
v 0.01229059 -0.02797396 0.01137490
v 0.01229059 -0.02797396 0.01266649
v 0.01240758 -0.02794160 0.01137490
v 0.01240758 -0.02794160 0.01266649
v 0.01250676 -0.02784944 0.01137490
v 0.01250676 -0.02784944 0.01266649
v 0.01257303 -0.02771153 0.01137490
v 0.01257303 -0.02771153 0.01266649
v 0.01281247 -0.02724822 0.01152643
v 0.01285547 -0.02754884 0.01152643
v 0.01269002 -0.02699338 0.01152643
v 0.01250676 -0.02682310 0.01152643
v 0.01229059 -0.02676331 0.01152643
v 0.01207442 -0.02682310 0.01152643
v 0.01189116 -0.02699338 0.01152643
v 0.01176871 -0.02724822 0.01152643
v 0.01172572 -0.02754884 0.01152643
v 0.01176871 -0.02784944 0.01152643
v 0.01189116 -0.02810430 0.01152643
v 0.01207442 -0.02827457 0.01152643
v 0.01229059 -0.02833437 0.01152643
v 0.01250676 -0.02827457 0.01152643
v 0.01269002 -0.02810430 0.01152643
v 0.01281247 -0.02784944 0.01152643
v 0.01297246 -0.02715607 0.01175320
v 0.01302864 -0.02754884 0.01175320
v 0.01281247 -0.02682310 0.01175320
v 0.01257303 -0.02660061 0.01175320
v 0.01229059 -0.02652249 0.01175320
v 0.01200815 -0.02660061 0.01175320
v 0.01176871 -0.02682310 0.01175320
v 0.01160872 -0.02715607 0.01175320
v 0.01155254 -0.02754884 0.01175320
v 0.01160872 -0.02794160 0.01175320
v 0.01176871 -0.02827457 0.01175320
v 0.01200815 -0.02849706 0.01175320
v 0.01229059 -0.02857519 0.01175320
v 0.01257303 -0.02849706 0.01175320
v 0.01281247 -0.02827457 0.01175320
v 0.01297246 -0.02794160 0.01175320
v 0.01302864 -0.02712371 0.01202070
v 0.01308945 -0.02754884 0.01202070
v 0.01285547 -0.02676331 0.01202070
v 0.01259630 -0.02652249 0.01202070
v 0.01229059 -0.02643792 0.01202070
v 0.01198488 -0.02652249 0.01202070
v 0.01172572 -0.02676331 0.01202070
v 0.01155254 -0.02712371 0.01202070
v 0.01149173 -0.02754884 0.01202070
v 0.01155254 -0.02797396 0.01202070
v 0.01172572 -0.02833437 0.01202070
v 0.01198488 -0.02857519 0.01202070
v 0.01229059 -0.02865974 0.01202070
v 0.01259630 -0.02857519 0.01202070
v 0.01285547 -0.02833437 0.01202070
v 0.01302864 -0.02797396 0.01202070
v 0.01297246 -0.02715607 0.01228819
v 0.01302864 -0.02754884 0.01228819
v 0.01281247 -0.02682310 0.01228819
v 0.01257303 -0.02660061 0.01228819
v 0.01229059 -0.02652249 0.01228819
v 0.01200815 -0.02660061 0.01228819
v 0.01176871 -0.02682310 0.01228819
v 0.01160872 -0.02715607 0.01228819
v 0.01155254 -0.02754884 0.01228819
v 0.01160872 -0.02794160 0.01228819
v 0.01176871 -0.02827457 0.01228819
v 0.01200815 -0.02849706 0.01228819
v 0.01229059 -0.02857519 0.01228819
v 0.01257303 -0.02849706 0.01228819
v 0.01281247 -0.02827457 0.01228819
v 0.01297246 -0.02794160 0.01228819
v 0.01281247 -0.02724822 0.01251496
v 0.01285547 -0.02754884 0.01251496
v 0.01269002 -0.02699338 0.01251496
v 0.01250676 -0.02682310 0.01251496
v 0.01229059 -0.02676331 0.01251496
v 0.01207442 -0.02682310 0.01251496
v 0.01189116 -0.02699338 0.01251496
v 0.01176871 -0.02724822 0.01251496
v 0.01172572 -0.02754884 0.01251496
v 0.01176871 -0.02784944 0.01251496
v 0.01189116 -0.02810430 0.01251496
v 0.01207442 -0.02827457 0.01251496
v 0.01229059 -0.02833437 0.01251496
v 0.01250676 -0.02827457 0.01251496
v 0.01269002 -0.02810430 0.01251496
v 0.01281247 -0.02784944 0.01251496
v 0.01986435 0.02506351 0.02596571
v 0.00032255 0.02506351 0.04354463
v -0.00099596 0.02506351 0.04354463
v -0.02168947 0.02506351 0.02596571
v 0.01986435 0.02601514 0.02596571
v 0.00032255 0.02601514 0.04354463
v -0.02168947 0.02601514 0.02596571
v -0.00099596 0.02601514 0.04354463
v 0.01986435 -0.02552169 0.02596571
v 0.00032255 -0.02552169 0.04354463
v -0.00099596 -0.02552169 0.04354463
v -0.02168947 -0.02552169 0.02596571
v 0.01986435 -0.02457006 0.02596571
v 0.00032255 -0.02457006 0.04354463
v -0.02168947 -0.02457006 0.02596571
v -0.00099596 -0.02457006 0.04354463
f 1 2 3
f 4 5 6
f 7 1 3
f 8 5 4
f 9 7 3
f 10 5 8
f 11 9 3
f 12 5 10
f 13 11 3
f 14 5 12
f 15 13 3
f 16 5 14
f 17 15 3
f 18 5 16
f 19 17 3
f 20 5 18
f 21 19 3
f 22 5 20
f 23 21 3
f 24 5 22
f 25 23 3
f 26 5 24
f 27 25 3
f 28 5 26
f 29 27 3
f 30 5 28
f 31 29 3
f 32 5 30
f 33 31 3
f 34 5 32
f 2 33 3
f 6 5 34
f 35 36 37
f 38 39 40
f 36 41 37
f 38 42 39
f 41 43 37
f 38 44 42
f 43 45 37
f 38 46 44
f 45 47 37
f 38 48 46
f 47 49 37
f 38 50 48
f 49 51 37
f 38 52 50
f 51 53 37
f 38 54 52
f 53 55 37
f 38 56 54
f 55 57 37
f 38 58 56
f 57 59 37
f 38 60 58
f 59 61 37
f 38 62 60
f 61 63 37
f 38 64 62
f 63 65 37
f 38 66 64
f 65 67 37
f 38 68 66
f 67 35 37
f 38 40 68
f 1 69 70
f 1 70 2
f 69 71 72
f 69 72 70
f 71 73 74
f 71 74 72
f 73 4 6
f 73 6 74
f 7 75 69
f 7 69 1
f 75 76 71
f 75 71 69
f 76 77 73
f 76 73 71
f 77 8 4
f 77 4 73
f 9 78 75
f 9 75 7
f 78 79 76
f 78 76 75
f 79 80 77
f 79 77 76
f 80 10 8
f 80 8 77
f 11 81 78
f 11 78 9
f 81 82 79
f 81 79 78
f 82 83 80
f 82 80 79
f 83 12 10
f 83 10 80
f 13 84 81
f 13 81 11
f 84 85 82
f 84 82 81
f 85 86 83
f 85 83 82
f 86 14 12
f 86 12 83
f 15 87 84
f 15 84 13
f 87 88 85
f 87 85 84
f 88 89 86
f 88 86 85
f 89 16 14
f 89 14 86
f 17 90 87
f 17 87 15
f 90 91 88
f 90 88 87
f 91 92 89
f 91 89 88
f 92 18 16
f 92 16 89
f 19 93 90
f 19 90 17
f 93 94 91
f 93 91 90
f 94 95 92
f 94 92 91
f 95 20 18
f 95 18 92
f 21 96 93
f 21 93 19
f 96 97 94
f 96 94 93
f 97 98 95
f 97 95 94
f 98 22 20
f 98 20 95
f 23 99 96
f 23 96 21
f 99 100 97
f 99 97 96
f 100 101 98
f 100 98 97
f 101 24 22
f 101 22 98
f 25 102 99
f 25 99 23
f 102 103 100
f 102 100 99
f 103 104 101
f 103 101 100
f 104 26 24
f 104 24 101
f 27 105 102
f 27 102 25
f 105 106 103
f 105 103 102
f 106 107 104
f 106 104 103
f 107 28 26
f 107 26 104
f 29 108 105
f 29 105 27
f 108 109 106
f 108 106 105
f 109 110 107
f 109 107 106
f 110 30 28
f 110 28 107
f 31 111 108
f 31 108 29
f 111 112 109
f 111 109 108
f 112 113 110
f 112 110 109
f 113 32 30
f 113 30 110
f 33 114 111
f 33 111 31
f 114 115 112
f 114 112 111
f 115 116 113
f 115 113 112
f 116 34 32
f 116 32 113
f 2 70 114
f 2 114 33
f 70 72 115
f 70 115 114
f 72 74 116
f 72 116 115
f 74 6 34
f 74 34 116
f 117 118 36
f 117 36 35
f 119 120 118
f 119 118 117
f 121 122 120
f 121 120 119
f 40 39 122
f 40 122 121
f 118 123 41
f 118 41 36
f 120 124 123
f 120 123 118
f 122 125 124
f 122 124 120
f 39 42 125
f 39 125 122
f 123 126 43
f 123 43 41
f 124 127 126
f 124 126 123
f 125 128 127
f 125 127 124
f 42 44 128
f 42 128 125
f 126 129 45
f 126 45 43
f 127 130 129
f 127 129 126
f 128 131 130
f 128 130 127
f 44 46 131
f 44 131 128
f 129 132 47
f 129 47 45
f 130 133 132
f 130 132 129
f 131 134 133
f 131 133 130
f 46 48 134
f 46 134 131
f 132 135 49
f 132 49 47
f 133 136 135
f 133 135 132
f 134 137 136
f 134 136 133
f 48 50 137
f 48 137 134
f 135 138 51
f 135 51 49
f 136 139 138
f 136 138 135
f 137 140 139
f 137 139 136
f 50 52 140
f 50 140 137
f 138 141 53
f 138 53 51
f 139 142 141
f 139 141 138
f 140 143 142
f 140 142 139
f 52 54 143
f 52 143 140
f 141 144 55
f 141 55 53
f 142 145 144
f 142 144 141
f 143 146 145
f 143 145 142
f 54 56 146
f 54 146 143
f 144 147 57
f 144 57 55
f 145 148 147
f 145 147 144
f 146 149 148
f 146 148 145
f 56 58 149
f 56 149 146
f 147 150 59
f 147 59 57
f 148 151 150
f 148 150 147
f 149 152 151
f 149 151 148
f 58 60 152
f 58 152 149
f 150 153 61
f 150 61 59
f 151 154 153
f 151 153 150
f 152 155 154
f 152 154 151
f 60 62 155
f 60 155 152
f 153 156 63
f 153 63 61
f 154 157 156
f 154 156 153
f 155 158 157
f 155 157 154
f 62 64 158
f 62 158 155
f 156 159 65
f 156 65 63
f 157 160 159
f 157 159 156
f 158 161 160
f 158 160 157
f 64 66 161
f 64 161 158
f 159 162 67
f 159 67 65
f 160 163 162
f 160 162 159
f 161 164 163
f 161 163 160
f 66 68 164
f 66 164 161
f 162 117 35
f 162 35 67
f 163 119 117
f 163 117 162
f 164 121 119
f 164 119 163
f 68 40 121
f 68 121 164
f 165 166 167
f 168 169 170
f 171 165 167
f 172 169 168
f 173 171 167
f 174 169 172
f 175 173 167
f 176 169 174
f 177 175 167
f 178 169 176
f 179 177 167
f 180 169 178
f 181 179 167
f 182 169 180
f 183 181 167
f 184 169 182
f 185 183 167
f 186 169 184
f 187 185 167
f 188 169 186
f 189 187 167
f 190 169 188
f 191 189 167
f 192 169 190
f 193 191 167
f 194 169 192
f 195 193 167
f 196 169 194
f 197 195 167
f 198 169 196
f 166 197 167
f 170 169 198
f 199 200 201
f 202 203 204
f 200 205 201
f 202 206 203
f 205 207 201
f 202 208 206
f 207 209 201
f 202 210 208
f 209 211 201
f 202 212 210
f 211 213 201
f 202 214 212
f 213 215 201
f 202 216 214
f 215 217 201
f 202 218 216
f 217 219 201
f 202 220 218
f 219 221 201
f 202 222 220
f 221 223 201
f 202 224 222
f 223 225 201
f 202 226 224
f 225 227 201
f 202 228 226
f 227 229 201
f 202 230 228
f 229 231 201
f 202 232 230
f 231 199 201
f 202 204 232
f 165 233 234
f 165 234 166
f 233 235 236
f 233 236 234
f 235 237 238
f 235 238 236
f 237 168 170
f 237 170 238
f 171 239 233
f 171 233 165
f 239 240 235
f 239 235 233
f 240 241 237
f 240 237 235
f 241 172 168
f 241 168 237
f 173 242 239
f 173 239 171
f 242 243 240
f 242 240 239
f 243 244 241
f 243 241 240
f 244 174 172
f 244 172 241
f 175 245 242
f 175 242 173
f 245 246 243
f 245 243 242
f 246 247 244
f 246 244 243
f 247 176 174
f 247 174 244
f 177 248 245
f 177 245 175
f 248 249 246
f 248 246 245
f 249 250 247
f 249 247 246
f 250 178 176
f 250 176 247
f 179 251 248
f 179 248 177
f 251 252 249
f 251 249 248
f 252 253 250
f 252 250 249
f 253 180 178
f 253 178 250
f 181 254 251
f 181 251 179
f 254 255 252
f 254 252 251
f 255 256 253
f 255 253 252
f 256 182 180
f 256 180 253
f 183 257 254
f 183 254 181
f 257 258 255
f 257 255 254
f 258 259 256
f 258 256 255
f 259 184 182
f 259 182 256
f 185 260 257
f 185 257 183
f 260 261 258
f 260 258 257
f 261 262 259
f 261 259 258
f 262 186 184
f 262 184 259
f 187 263 260
f 187 260 185
f 263 264 261
f 263 261 260
f 264 265 262
f 264 262 261
f 265 188 186
f 265 186 262
f 189 266 263
f 189 263 187
f 266 267 264
f 266 264 263
f 267 268 265
f 267 265 264
f 268 190 188
f 268 188 265
f 191 269 266
f 191 266 189
f 269 270 267
f 269 267 266
f 270 271 268
f 270 268 267
f 271 192 190
f 271 190 268
f 193 272 269
f 193 269 191
f 272 273 270
f 272 270 269
f 273 274 271
f 273 271 270
f 274 194 192
f 274 192 271
f 195 275 272
f 195 272 193
f 275 276 273
f 275 273 272
f 276 277 274
f 276 274 273
f 277 196 194
f 277 194 274
f 197 278 275
f 197 275 195
f 278 279 276
f 278 276 275
f 279 280 277
f 279 277 276
f 280 198 196
f 280 196 277
f 166 234 278
f 166 278 197
f 234 236 279
f 234 279 278
f 236 238 280
f 236 280 279
f 238 170 198
f 238 198 280
f 281 282 200
f 281 200 199
f 283 284 282
f 283 282 281
f 285 286 284
f 285 284 283
f 204 203 286
f 204 286 285
f 282 287 205
f 282 205 200
f 284 288 287
f 284 287 282
f 286 289 288
f 286 288 284
f 203 206 289
f 203 289 286
f 287 290 207
f 287 207 205
f 288 291 290
f 288 290 287
f 289 292 291
f 289 291 288
f 206 208 292
f 206 292 289
f 290 293 209
f 290 209 207
f 291 294 293
f 291 293 290
f 292 295 294
f 292 294 291
f 208 210 295
f 208 295 292
f 293 296 211
f 293 211 209
f 294 297 296
f 294 296 293
f 295 298 297
f 295 297 294
f 210 212 298
f 210 298 295
f 296 299 213
f 296 213 211
f 297 300 299
f 297 299 296
f 298 301 300
f 298 300 297
f 212 214 301
f 212 301 298
f 299 302 215
f 299 215 213
f 300 303 302
f 300 302 299
f 301 304 303
f 301 303 300
f 214 216 304
f 214 304 301
f 302 305 217
f 302 217 215
f 303 306 305
f 303 305 302
f 304 307 306
f 304 306 303
f 216 218 307
f 216 307 304
f 305 308 219
f 305 219 217
f 306 309 308
f 306 308 305
f 307 310 309
f 307 309 306
f 218 220 310
f 218 310 307
f 308 311 221
f 308 221 219
f 309 312 311
f 309 311 308
f 310 313 312
f 310 312 309
f 220 222 313
f 220 313 310
f 311 314 223
f 311 223 221
f 312 315 314
f 312 314 311
f 313 316 315
f 313 315 312
f 222 224 316
f 222 316 313
f 314 317 225
f 314 225 223
f 315 318 317
f 315 317 314
f 316 319 318
f 316 318 315
f 224 226 319
f 224 319 316
f 317 320 227
f 317 227 225
f 318 321 320
f 318 320 317
f 319 322 321
f 319 321 318
f 226 228 322
f 226 322 319
f 320 323 229
f 320 229 227
f 321 324 323
f 321 323 320
f 322 325 324
f 322 324 321
f 228 230 325
f 228 325 322
f 323 326 231
f 323 231 229
f 324 327 326
f 324 326 323
f 325 328 327
f 325 327 324
f 230 232 328
f 230 328 325
f 326 281 199
f 326 199 231
f 327 283 281
f 327 281 326
f 328 285 283
f 328 283 327
f 232 204 285
f 232 285 328
f 329 330 331
f 332 333 334
f 335 329 331
f 336 333 332
f 337 335 331
f 338 333 336
f 339 337 331
f 340 333 338
f 341 339 331
f 342 333 340
f 343 341 331
f 344 333 342
f 345 343 331
f 346 333 344
f 347 345 331
f 348 333 346
f 349 347 331
f 350 333 348
f 351 349 331
f 352 333 350
f 353 351 331
f 354 333 352
f 355 353 331
f 356 333 354
f 357 355 331
f 358 333 356
f 359 357 331
f 360 333 358
f 361 359 331
f 362 333 360
f 330 361 331
f 334 333 362
f 363 364 365
f 366 367 368
f 364 369 365
f 366 370 367
f 369 371 365
f 366 372 370
f 371 373 365
f 366 374 372
f 373 375 365
f 366 376 374
f 375 377 365
f 366 378 376
f 377 379 365
f 366 380 378
f 379 381 365
f 366 382 380
f 381 383 365
f 366 384 382
f 383 385 365
f 366 386 384
f 385 387 365
f 366 388 386
f 387 389 365
f 366 390 388
f 389 391 365
f 366 392 390
f 391 393 365
f 366 394 392
f 393 395 365
f 366 396 394
f 395 363 365
f 366 368 396
f 329 397 398
f 329 398 330
f 397 399 400
f 397 400 398
f 399 401 402
f 399 402 400
f 401 332 334
f 401 334 402
f 335 403 397
f 335 397 329
f 403 404 399
f 403 399 397
f 404 405 401
f 404 401 399
f 405 336 332
f 405 332 401
f 337 406 403
f 337 403 335
f 406 407 404
f 406 404 403
f 407 408 405
f 407 405 404
f 408 338 336
f 408 336 405
f 339 409 406
f 339 406 337
f 409 410 407
f 409 407 406
f 410 411 408
f 410 408 407
f 411 340 338
f 411 338 408
f 341 412 409
f 341 409 339
f 412 413 410
f 412 410 409
f 413 414 411
f 413 411 410
f 414 342 340
f 414 340 411
f 343 415 412
f 343 412 341
f 415 416 413
f 415 413 412
f 416 417 414
f 416 414 413
f 417 344 342
f 417 342 414
f 345 418 415
f 345 415 343
f 418 419 416
f 418 416 415
f 419 420 417
f 419 417 416
f 420 346 344
f 420 344 417
f 347 421 418
f 347 418 345
f 421 422 419
f 421 419 418
f 422 423 420
f 422 420 419
f 423 348 346
f 423 346 420
f 349 424 421
f 349 421 347
f 424 425 422
f 424 422 421
f 425 426 423
f 425 423 422
f 426 350 348
f 426 348 423
f 351 427 424
f 351 424 349
f 427 428 425
f 427 425 424
f 428 429 426
f 428 426 425
f 429 352 350
f 429 350 426
f 353 430 427
f 353 427 351
f 430 431 428
f 430 428 427
f 431 432 429
f 431 429 428
f 432 354 352
f 432 352 429
f 355 433 430
f 355 430 353
f 433 434 431
f 433 431 430
f 434 435 432
f 434 432 431
f 435 356 354
f 435 354 432
f 357 436 433
f 357 433 355
f 436 437 434
f 436 434 433
f 437 438 435
f 437 435 434
f 438 358 356
f 438 356 435
f 359 439 436
f 359 436 357
f 439 440 437
f 439 437 436
f 440 441 438
f 440 438 437
f 441 360 358
f 441 358 438
f 361 442 439
f 361 439 359
f 442 443 440
f 442 440 439
f 443 444 441
f 443 441 440
f 444 362 360
f 444 360 441
f 330 398 442
f 330 442 361
f 398 400 443
f 398 443 442
f 400 402 444
f 400 444 443
f 402 334 362
f 402 362 444
f 445 446 364
f 445 364 363
f 447 448 446
f 447 446 445
f 449 450 448
f 449 448 447
f 368 367 450
f 368 450 449
f 446 451 369
f 446 369 364
f 448 452 451
f 448 451 446
f 450 453 452
f 450 452 448
f 367 370 453
f 367 453 450
f 451 454 371
f 451 371 369
f 452 455 454
f 452 454 451
f 453 456 455
f 453 455 452
f 370 372 456
f 370 456 453
f 454 457 373
f 454 373 371
f 455 458 457
f 455 457 454
f 456 459 458
f 456 458 455
f 372 374 459
f 372 459 456
f 457 460 375
f 457 375 373
f 458 461 460
f 458 460 457
f 459 462 461
f 459 461 458
f 374 376 462
f 374 462 459
f 460 463 377
f 460 377 375
f 461 464 463
f 461 463 460
f 462 465 464
f 462 464 461
f 376 378 465
f 376 465 462
f 463 466 379
f 463 379 377
f 464 467 466
f 464 466 463
f 465 468 467
f 465 467 464
f 378 380 468
f 378 468 465
f 466 469 381
f 466 381 379
f 467 470 469
f 467 469 466
f 468 471 470
f 468 470 467
f 380 382 471
f 380 471 468
f 469 472 383
f 469 383 381
f 470 473 472
f 470 472 469
f 471 474 473
f 471 473 470
f 382 384 474
f 382 474 471
f 472 475 385
f 472 385 383
f 473 476 475
f 473 475 472
f 474 477 476
f 474 476 473
f 384 386 477
f 384 477 474
f 475 478 387
f 475 387 385
f 476 479 478
f 476 478 475
f 477 480 479
f 477 479 476
f 386 388 480
f 386 480 477
f 478 481 389
f 478 389 387
f 479 482 481
f 479 481 478
f 480 483 482
f 480 482 479
f 388 390 483
f 388 483 480
f 481 484 391
f 481 391 389
f 482 485 484
f 482 484 481
f 483 486 485
f 483 485 482
f 390 392 486
f 390 486 483
f 484 487 393
f 484 393 391
f 485 488 487
f 485 487 484
f 486 489 488
f 486 488 485
f 392 394 489
f 392 489 486
f 487 490 395
f 487 395 393
f 488 491 490
f 488 490 487
f 489 492 491
f 489 491 488
f 394 396 492
f 394 492 489
f 490 445 363
f 490 363 395
f 491 447 445
f 491 445 490
f 492 449 447
f 492 447 491
f 396 368 449
f 396 449 492
f 493 494 495
f 496 497 498
f 499 493 495
f 500 497 496
f 501 499 495
f 502 497 500
f 503 501 495
f 504 497 502
f 505 503 495
f 506 497 504
f 507 505 495
f 508 497 506
f 509 507 495
f 510 497 508
f 511 509 495
f 512 497 510
f 513 511 495
f 514 497 512
f 515 513 495
f 516 497 514
f 517 515 495
f 518 497 516
f 519 517 495
f 520 497 518
f 521 519 495
f 522 497 520
f 523 521 495
f 524 497 522
f 525 523 495
f 526 497 524
f 494 525 495
f 498 497 526
f 527 528 529
f 530 531 532
f 528 533 529
f 530 534 531
f 533 535 529
f 530 536 534
f 535 537 529
f 530 538 536
f 537 539 529
f 530 540 538
f 539 541 529
f 530 542 540
f 541 543 529
f 530 544 542
f 543 545 529
f 530 546 544
f 545 547 529
f 530 548 546
f 547 549 529
f 530 550 548
f 549 551 529
f 530 552 550
f 551 553 529
f 530 554 552
f 553 555 529
f 530 556 554
f 555 557 529
f 530 558 556
f 557 559 529
f 530 560 558
f 559 527 529
f 530 532 560
f 493 561 562
f 493 562 494
f 561 563 564
f 561 564 562
f 563 565 566
f 563 566 564
f 565 496 498
f 565 498 566
f 499 567 561
f 499 561 493
f 567 568 563
f 567 563 561
f 568 569 565
f 568 565 563
f 569 500 496
f 569 496 565
f 501 570 567
f 501 567 499
f 570 571 568
f 570 568 567
f 571 572 569
f 571 569 568
f 572 502 500
f 572 500 569
f 503 573 570
f 503 570 501
f 573 574 571
f 573 571 570
f 574 575 572
f 574 572 571
f 575 504 502
f 575 502 572
f 505 576 573
f 505 573 503
f 576 577 574
f 576 574 573
f 577 578 575
f 577 575 574
f 578 506 504
f 578 504 575
f 507 579 576
f 507 576 505
f 579 580 577
f 579 577 576
f 580 581 578
f 580 578 577
f 581 508 506
f 581 506 578
f 509 582 579
f 509 579 507
f 582 583 580
f 582 580 579
f 583 584 581
f 583 581 580
f 584 510 508
f 584 508 581
f 511 585 582
f 511 582 509
f 585 586 583
f 585 583 582
f 586 587 584
f 586 584 583
f 587 512 510
f 587 510 584
f 513 588 585
f 513 585 511
f 588 589 586
f 588 586 585
f 589 590 587
f 589 587 586
f 590 514 512
f 590 512 587
f 515 591 588
f 515 588 513
f 591 592 589
f 591 589 588
f 592 593 590
f 592 590 589
f 593 516 514
f 593 514 590
f 517 594 591
f 517 591 515
f 594 595 592
f 594 592 591
f 595 596 593
f 595 593 592
f 596 518 516
f 596 516 593
f 519 597 594
f 519 594 517
f 597 598 595
f 597 595 594
f 598 599 596
f 598 596 595
f 599 520 518
f 599 518 596
f 521 600 597
f 521 597 519
f 600 601 598
f 600 598 597
f 601 602 599
f 601 599 598
f 602 522 520
f 602 520 599
f 523 603 600
f 523 600 521
f 603 604 601
f 603 601 600
f 604 605 602
f 604 602 601
f 605 524 522
f 605 522 602
f 525 606 603
f 525 603 523
f 606 607 604
f 606 604 603
f 607 608 605
f 607 605 604
f 608 526 524
f 608 524 605
f 494 562 606
f 494 606 525
f 562 564 607
f 562 607 606
f 564 566 608
f 564 608 607
f 566 498 526
f 566 526 608
f 609 610 528
f 609 528 527
f 611 612 610
f 611 610 609
f 613 614 612
f 613 612 611
f 532 531 614
f 532 614 613
f 610 615 533
f 610 533 528
f 612 616 615
f 612 615 610
f 614 617 616
f 614 616 612
f 531 534 617
f 531 617 614
f 615 618 535
f 615 535 533
f 616 619 618
f 616 618 615
f 617 620 619
f 617 619 616
f 534 536 620
f 534 620 617
f 618 621 537
f 618 537 535
f 619 622 621
f 619 621 618
f 620 623 622
f 620 622 619
f 536 538 623
f 536 623 620
f 621 624 539
f 621 539 537
f 622 625 624
f 622 624 621
f 623 626 625
f 623 625 622
f 538 540 626
f 538 626 623
f 624 627 541
f 624 541 539
f 625 628 627
f 625 627 624
f 626 629 628
f 626 628 625
f 540 542 629
f 540 629 626
f 627 630 543
f 627 543 541
f 628 631 630
f 628 630 627
f 629 632 631
f 629 631 628
f 542 544 632
f 542 632 629
f 630 633 545
f 630 545 543
f 631 634 633
f 631 633 630
f 632 635 634
f 632 634 631
f 544 546 635
f 544 635 632
f 633 636 547
f 633 547 545
f 634 637 636
f 634 636 633
f 635 638 637
f 635 637 634
f 546 548 638
f 546 638 635
f 636 639 549
f 636 549 547
f 637 640 639
f 637 639 636
f 638 641 640
f 638 640 637
f 548 550 641
f 548 641 638
f 639 642 551
f 639 551 549
f 640 643 642
f 640 642 639
f 641 644 643
f 641 643 640
f 550 552 644
f 550 644 641
f 642 645 553
f 642 553 551
f 643 646 645
f 643 645 642
f 644 647 646
f 644 646 643
f 552 554 647
f 552 647 644
f 645 648 555
f 645 555 553
f 646 649 648
f 646 648 645
f 647 650 649
f 647 649 646
f 554 556 650
f 554 650 647
f 648 651 557
f 648 557 555
f 649 652 651
f 649 651 648
f 650 653 652
f 650 652 649
f 556 558 653
f 556 653 650
f 651 654 559
f 651 559 557
f 652 655 654
f 652 654 651
f 653 656 655
f 653 655 652
f 558 560 656
f 558 656 653
f 654 609 527
f 654 527 559
f 655 611 609
f 655 609 654
f 656 613 611
f 656 611 655
f 560 532 613
f 560 613 656
f 657 658 659
f 660 661 662
f 663 657 659
f 664 661 660
f 665 663 659
f 666 661 664
f 667 665 659
f 668 661 666
f 669 667 659
f 670 661 668
f 671 669 659
f 672 661 670
f 673 671 659
f 674 661 672
f 675 673 659
f 676 661 674
f 677 675 659
f 678 661 676
f 679 677 659
f 680 661 678
f 681 679 659
f 682 661 680
f 683 681 659
f 684 661 682
f 685 683 659
f 686 661 684
f 687 685 659
f 688 661 686
f 689 687 659
f 690 661 688
f 658 689 659
f 662 661 690
f 691 692 693
f 694 695 696
f 692 697 693
f 694 698 695
f 697 699 693
f 694 700 698
f 699 701 693
f 694 702 700
f 701 703 693
f 694 704 702
f 703 705 693
f 694 706 704
f 705 707 693
f 694 708 706
f 707 709 693
f 694 710 708
f 709 711 693
f 694 712 710
f 711 713 693
f 694 714 712
f 713 715 693
f 694 716 714
f 715 717 693
f 694 718 716
f 717 719 693
f 694 720 718
f 719 721 693
f 694 722 720
f 721 723 693
f 694 724 722
f 723 691 693
f 694 696 724
f 657 725 726
f 657 726 658
f 725 727 728
f 725 728 726
f 727 729 730
f 727 730 728
f 729 660 662
f 729 662 730
f 663 731 725
f 663 725 657
f 731 732 727
f 731 727 725
f 732 733 729
f 732 729 727
f 733 664 660
f 733 660 729
f 665 734 731
f 665 731 663
f 734 735 732
f 734 732 731
f 735 736 733
f 735 733 732
f 736 666 664
f 736 664 733
f 667 737 734
f 667 734 665
f 737 738 735
f 737 735 734
f 738 739 736
f 738 736 735
f 739 668 666
f 739 666 736
f 669 740 737
f 669 737 667
f 740 741 738
f 740 738 737
f 741 742 739
f 741 739 738
f 742 670 668
f 742 668 739
f 671 743 740
f 671 740 669
f 743 744 741
f 743 741 740
f 744 745 742
f 744 742 741
f 745 672 670
f 745 670 742
f 673 746 743
f 673 743 671
f 746 747 744
f 746 744 743
f 747 748 745
f 747 745 744
f 748 674 672
f 748 672 745
f 675 749 746
f 675 746 673
f 749 750 747
f 749 747 746
f 750 751 748
f 750 748 747
f 751 676 674
f 751 674 748
f 677 752 749
f 677 749 675
f 752 753 750
f 752 750 749
f 753 754 751
f 753 751 750
f 754 678 676
f 754 676 751
f 679 755 752
f 679 752 677
f 755 756 753
f 755 753 752
f 756 757 754
f 756 754 753
f 757 680 678
f 757 678 754
f 681 758 755
f 681 755 679
f 758 759 756
f 758 756 755
f 759 760 757
f 759 757 756
f 760 682 680
f 760 680 757
f 683 761 758
f 683 758 681
f 761 762 759
f 761 759 758
f 762 763 760
f 762 760 759
f 763 684 682
f 763 682 760
f 685 764 761
f 685 761 683
f 764 765 762
f 764 762 761
f 765 766 763
f 765 763 762
f 766 686 684
f 766 684 763
f 687 767 764
f 687 764 685
f 767 768 765
f 767 765 764
f 768 769 766
f 768 766 765
f 769 688 686
f 769 686 766
f 689 770 767
f 689 767 687
f 770 771 768
f 770 768 767
f 771 772 769
f 771 769 768
f 772 690 688
f 772 688 769
f 658 726 770
f 658 770 689
f 726 728 771
f 726 771 770
f 728 730 772
f 728 772 771
f 730 662 690
f 730 690 772
f 773 774 692
f 773 692 691
f 775 776 774
f 775 774 773
f 777 778 776
f 777 776 775
f 696 695 778
f 696 778 777
f 774 779 697
f 774 697 692
f 776 780 779
f 776 779 774
f 778 781 780
f 778 780 776
f 695 698 781
f 695 781 778
f 779 782 699
f 779 699 697
f 780 783 782
f 780 782 779
f 781 784 783
f 781 783 780
f 698 700 784
f 698 784 781
f 782 785 701
f 782 701 699
f 783 786 785
f 783 785 782
f 784 787 786
f 784 786 783
f 700 702 787
f 700 787 784
f 785 788 703
f 785 703 701
f 786 789 788
f 786 788 785
f 787 790 789
f 787 789 786
f 702 704 790
f 702 790 787
f 788 791 705
f 788 705 703
f 789 792 791
f 789 791 788
f 790 793 792
f 790 792 789
f 704 706 793
f 704 793 790
f 791 794 707
f 791 707 705
f 792 795 794
f 792 794 791
f 793 796 795
f 793 795 792
f 706 708 796
f 706 796 793
f 794 797 709
f 794 709 707
f 795 798 797
f 795 797 794
f 796 799 798
f 796 798 795
f 708 710 799
f 708 799 796
f 797 800 711
f 797 711 709
f 798 801 800
f 798 800 797
f 799 802 801
f 799 801 798
f 710 712 802
f 710 802 799
f 800 803 713
f 800 713 711
f 801 804 803
f 801 803 800
f 802 805 804
f 802 804 801
f 712 714 805
f 712 805 802
f 803 806 715
f 803 715 713
f 804 807 806
f 804 806 803
f 805 808 807
f 805 807 804
f 714 716 808
f 714 808 805
f 806 809 717
f 806 717 715
f 807 810 809
f 807 809 806
f 808 811 810
f 808 810 807
f 716 718 811
f 716 811 808
f 809 812 719
f 809 719 717
f 810 813 812
f 810 812 809
f 811 814 813
f 811 813 810
f 718 720 814
f 718 814 811
f 812 815 721
f 812 721 719
f 813 816 815
f 813 815 812
f 814 817 816
f 814 816 813
f 720 722 817
f 720 817 814
f 815 818 723
f 815 723 721
f 816 819 818
f 816 818 815
f 817 820 819
f 817 819 816
f 722 724 820
f 722 820 817
f 818 773 691
f 818 691 723
f 819 775 773
f 819 773 818
f 820 777 775
f 820 775 819
f 724 696 777
f 724 777 820
f 821 822 823
f 824 825 826
f 827 821 823
f 828 825 824
f 829 827 823
f 830 825 828
f 831 829 823
f 832 825 830
f 833 831 823
f 834 825 832
f 835 833 823
f 836 825 834
f 837 835 823
f 838 825 836
f 839 837 823
f 840 825 838
f 841 839 823
f 842 825 840
f 843 841 823
f 844 825 842
f 845 843 823
f 846 825 844
f 847 845 823
f 848 825 846
f 849 847 823
f 850 825 848
f 851 849 823
f 852 825 850
f 853 851 823
f 854 825 852
f 822 853 823
f 826 825 854
f 855 856 857
f 858 859 860
f 856 861 857
f 858 862 859
f 861 863 857
f 858 864 862
f 863 865 857
f 858 866 864
f 865 867 857
f 858 868 866
f 867 869 857
f 858 870 868
f 869 871 857
f 858 872 870
f 871 873 857
f 858 874 872
f 873 875 857
f 858 876 874
f 875 877 857
f 858 878 876
f 877 879 857
f 858 880 878
f 879 881 857
f 858 882 880
f 881 883 857
f 858 884 882
f 883 885 857
f 858 886 884
f 885 887 857
f 858 888 886
f 887 855 857
f 858 860 888
f 821 889 890
f 821 890 822
f 889 891 892
f 889 892 890
f 891 893 894
f 891 894 892
f 893 824 826
f 893 826 894
f 827 895 889
f 827 889 821
f 895 896 891
f 895 891 889
f 896 897 893
f 896 893 891
f 897 828 824
f 897 824 893
f 829 898 895
f 829 895 827
f 898 899 896
f 898 896 895
f 899 900 897
f 899 897 896
f 900 830 828
f 900 828 897
f 831 901 898
f 831 898 829
f 901 902 899
f 901 899 898
f 902 903 900
f 902 900 899
f 903 832 830
f 903 830 900
f 833 904 901
f 833 901 831
f 904 905 902
f 904 902 901
f 905 906 903
f 905 903 902
f 906 834 832
f 906 832 903
f 835 907 904
f 835 904 833
f 907 908 905
f 907 905 904
f 908 909 906
f 908 906 905
f 909 836 834
f 909 834 906
f 837 910 907
f 837 907 835
f 910 911 908
f 910 908 907
f 911 912 909
f 911 909 908
f 912 838 836
f 912 836 909
f 839 913 910
f 839 910 837
f 913 914 911
f 913 911 910
f 914 915 912
f 914 912 911
f 915 840 838
f 915 838 912
f 841 916 913
f 841 913 839
f 916 917 914
f 916 914 913
f 917 918 915
f 917 915 914
f 918 842 840
f 918 840 915
f 843 919 916
f 843 916 841
f 919 920 917
f 919 917 916
f 920 921 918
f 920 918 917
f 921 844 842
f 921 842 918
f 845 922 919
f 845 919 843
f 922 923 920
f 922 920 919
f 923 924 921
f 923 921 920
f 924 846 844
f 924 844 921
f 847 925 922
f 847 922 845
f 925 926 923
f 925 923 922
f 926 927 924
f 926 924 923
f 927 848 846
f 927 846 924
f 849 928 925
f 849 925 847
f 928 929 926
f 928 926 925
f 929 930 927
f 929 927 926
f 930 850 848
f 930 848 927
f 851 931 928
f 851 928 849
f 931 932 929
f 931 929 928
f 932 933 930
f 932 930 929
f 933 852 850
f 933 850 930
f 853 934 931
f 853 931 851
f 934 935 932
f 934 932 931
f 935 936 933
f 935 933 932
f 936 854 852
f 936 852 933
f 822 890 934
f 822 934 853
f 890 892 935
f 890 935 934
f 892 894 936
f 892 936 935
f 894 826 854
f 894 854 936
f 937 938 856
f 937 856 855
f 939 940 938
f 939 938 937
f 941 942 940
f 941 940 939
f 860 859 942
f 860 942 941
f 938 943 861
f 938 861 856
f 940 944 943
f 940 943 938
f 942 945 944
f 942 944 940
f 859 862 945
f 859 945 942
f 943 946 863
f 943 863 861
f 944 947 946
f 944 946 943
f 945 948 947
f 945 947 944
f 862 864 948
f 862 948 945
f 946 949 865
f 946 865 863
f 947 950 949
f 947 949 946
f 948 951 950
f 948 950 947
f 864 866 951
f 864 951 948
f 949 952 867
f 949 867 865
f 950 953 952
f 950 952 949
f 951 954 953
f 951 953 950
f 866 868 954
f 866 954 951
f 952 955 869
f 952 869 867
f 953 956 955
f 953 955 952
f 954 957 956
f 954 956 953
f 868 870 957
f 868 957 954
f 955 958 871
f 955 871 869
f 956 959 958
f 956 958 955
f 957 960 959
f 957 959 956
f 870 872 960
f 870 960 957
f 958 961 873
f 958 873 871
f 959 962 961
f 959 961 958
f 960 963 962
f 960 962 959
f 872 874 963
f 872 963 960
f 961 964 875
f 961 875 873
f 962 965 964
f 962 964 961
f 963 966 965
f 963 965 962
f 874 876 966
f 874 966 963
f 964 967 877
f 964 877 875
f 965 968 967
f 965 967 964
f 966 969 968
f 966 968 965
f 876 878 969
f 876 969 966
f 967 970 879
f 967 879 877
f 968 971 970
f 968 970 967
f 969 972 971
f 969 971 968
f 878 880 972
f 878 972 969
f 970 973 881
f 970 881 879
f 971 974 973
f 971 973 970
f 972 975 974
f 972 974 971
f 880 882 975
f 880 975 972
f 973 976 883
f 973 883 881
f 974 977 976
f 974 976 973
f 975 978 977
f 975 977 974
f 882 884 978
f 882 978 975
f 976 979 885
f 976 885 883
f 977 980 979
f 977 979 976
f 978 981 980
f 978 980 977
f 884 886 981
f 884 981 978
f 979 982 887
f 979 887 885
f 980 983 982
f 980 982 979
f 981 984 983
f 981 983 980
f 886 888 984
f 886 984 981
f 982 937 855
f 982 855 887
f 983 939 937
f 983 937 982
f 984 941 939
f 984 939 983
f 888 860 941
f 888 941 984
f 985 986 987
f 988 989 990
f 991 985 987
f 992 989 988
f 993 991 987
f 994 989 992
f 995 993 987
f 996 989 994
f 997 995 987
f 998 989 996
f 999 997 987
f 1000 989 998
f 1001 999 987
f 1002 989 1000
f 1003 1001 987
f 1004 989 1002
f 1005 1003 987
f 1006 989 1004
f 1007 1005 987
f 1008 989 1006
f 1009 1007 987
f 1010 989 1008
f 1011 1009 987
f 1012 989 1010
f 1013 1011 987
f 1014 989 1012
f 1015 1013 987
f 1016 989 1014
f 1017 1015 987
f 1018 989 1016
f 986 1017 987
f 990 989 1018
f 1019 1020 1021
f 1022 1023 1024
f 1020 1025 1021
f 1022 1026 1023
f 1025 1027 1021
f 1022 1028 1026
f 1027 1029 1021
f 1022 1030 1028
f 1029 1031 1021
f 1022 1032 1030
f 1031 1033 1021
f 1022 1034 1032
f 1033 1035 1021
f 1022 1036 1034
f 1035 1037 1021
f 1022 1038 1036
f 1037 1039 1021
f 1022 1040 1038
f 1039 1041 1021
f 1022 1042 1040
f 1041 1043 1021
f 1022 1044 1042
f 1043 1045 1021
f 1022 1046 1044
f 1045 1047 1021
f 1022 1048 1046
f 1047 1049 1021
f 1022 1050 1048
f 1049 1051 1021
f 1022 1052 1050
f 1051 1019 1021
f 1022 1024 1052
f 985 1053 1054
f 985 1054 986
f 1053 1055 1056
f 1053 1056 1054
f 1055 1057 1058
f 1055 1058 1056
f 1057 988 990
f 1057 990 1058
f 991 1059 1053
f 991 1053 985
f 1059 1060 1055
f 1059 1055 1053
f 1060 1061 1057
f 1060 1057 1055
f 1061 992 988
f 1061 988 1057
f 993 1062 1059
f 993 1059 991
f 1062 1063 1060
f 1062 1060 1059
f 1063 1064 1061
f 1063 1061 1060
f 1064 994 992
f 1064 992 1061
f 995 1065 1062
f 995 1062 993
f 1065 1066 1063
f 1065 1063 1062
f 1066 1067 1064
f 1066 1064 1063
f 1067 996 994
f 1067 994 1064
f 997 1068 1065
f 997 1065 995
f 1068 1069 1066
f 1068 1066 1065
f 1069 1070 1067
f 1069 1067 1066
f 1070 998 996
f 1070 996 1067
f 999 1071 1068
f 999 1068 997
f 1071 1072 1069
f 1071 1069 1068
f 1072 1073 1070
f 1072 1070 1069
f 1073 1000 998
f 1073 998 1070
f 1001 1074 1071
f 1001 1071 999
f 1074 1075 1072
f 1074 1072 1071
f 1075 1076 1073
f 1075 1073 1072
f 1076 1002 1000
f 1076 1000 1073
f 1003 1077 1074
f 1003 1074 1001
f 1077 1078 1075
f 1077 1075 1074
f 1078 1079 1076
f 1078 1076 1075
f 1079 1004 1002
f 1079 1002 1076
f 1005 1080 1077
f 1005 1077 1003
f 1080 1081 1078
f 1080 1078 1077
f 1081 1082 1079
f 1081 1079 1078
f 1082 1006 1004
f 1082 1004 1079
f 1007 1083 1080
f 1007 1080 1005
f 1083 1084 1081
f 1083 1081 1080
f 1084 1085 1082
f 1084 1082 1081
f 1085 1008 1006
f 1085 1006 1082
f 1009 1086 1083
f 1009 1083 1007
f 1086 1087 1084
f 1086 1084 1083
f 1087 1088 1085
f 1087 1085 1084
f 1088 1010 1008
f 1088 1008 1085
f 1011 1089 1086
f 1011 1086 1009
f 1089 1090 1087
f 1089 1087 1086
f 1090 1091 1088
f 1090 1088 1087
f 1091 1012 1010
f 1091 1010 1088
f 1013 1092 1089
f 1013 1089 1011
f 1092 1093 1090
f 1092 1090 1089
f 1093 1094 1091
f 1093 1091 1090
f 1094 1014 1012
f 1094 1012 1091
f 1015 1095 1092
f 1015 1092 1013
f 1095 1096 1093
f 1095 1093 1092
f 1096 1097 1094
f 1096 1094 1093
f 1097 1016 1014
f 1097 1014 1094
f 1017 1098 1095
f 1017 1095 1015
f 1098 1099 1096
f 1098 1096 1095
f 1099 1100 1097
f 1099 1097 1096
f 1100 1018 1016
f 1100 1016 1097
f 986 1054 1098
f 986 1098 1017
f 1054 1056 1099
f 1054 1099 1098
f 1056 1058 1100
f 1056 1100 1099
f 1058 990 1018
f 1058 1018 1100
f 1101 1102 1020
f 1101 1020 1019
f 1103 1104 1102
f 1103 1102 1101
f 1105 1106 1104
f 1105 1104 1103
f 1024 1023 1106
f 1024 1106 1105
f 1102 1107 1025
f 1102 1025 1020
f 1104 1108 1107
f 1104 1107 1102
f 1106 1109 1108
f 1106 1108 1104
f 1023 1026 1109
f 1023 1109 1106
f 1107 1110 1027
f 1107 1027 1025
f 1108 1111 1110
f 1108 1110 1107
f 1109 1112 1111
f 1109 1111 1108
f 1026 1028 1112
f 1026 1112 1109
f 1110 1113 1029
f 1110 1029 1027
f 1111 1114 1113
f 1111 1113 1110
f 1112 1115 1114
f 1112 1114 1111
f 1028 1030 1115
f 1028 1115 1112
f 1113 1116 1031
f 1113 1031 1029
f 1114 1117 1116
f 1114 1116 1113
f 1115 1118 1117
f 1115 1117 1114
f 1030 1032 1118
f 1030 1118 1115
f 1116 1119 1033
f 1116 1033 1031
f 1117 1120 1119
f 1117 1119 1116
f 1118 1121 1120
f 1118 1120 1117
f 1032 1034 1121
f 1032 1121 1118
f 1119 1122 1035
f 1119 1035 1033
f 1120 1123 1122
f 1120 1122 1119
f 1121 1124 1123
f 1121 1123 1120
f 1034 1036 1124
f 1034 1124 1121
f 1122 1125 1037
f 1122 1037 1035
f 1123 1126 1125
f 1123 1125 1122
f 1124 1127 1126
f 1124 1126 1123
f 1036 1038 1127
f 1036 1127 1124
f 1125 1128 1039
f 1125 1039 1037
f 1126 1129 1128
f 1126 1128 1125
f 1127 1130 1129
f 1127 1129 1126
f 1038 1040 1130
f 1038 1130 1127
f 1128 1131 1041
f 1128 1041 1039
f 1129 1132 1131
f 1129 1131 1128
f 1130 1133 1132
f 1130 1132 1129
f 1040 1042 1133
f 1040 1133 1130
f 1131 1134 1043
f 1131 1043 1041
f 1132 1135 1134
f 1132 1134 1131
f 1133 1136 1135
f 1133 1135 1132
f 1042 1044 1136
f 1042 1136 1133
f 1134 1137 1045
f 1134 1045 1043
f 1135 1138 1137
f 1135 1137 1134
f 1136 1139 1138
f 1136 1138 1135
f 1044 1046 1139
f 1044 1139 1136
f 1137 1140 1047
f 1137 1047 1045
f 1138 1141 1140
f 1138 1140 1137
f 1139 1142 1141
f 1139 1141 1138
f 1046 1048 1142
f 1046 1142 1139
f 1140 1143 1049
f 1140 1049 1047
f 1141 1144 1143
f 1141 1143 1140
f 1142 1145 1144
f 1142 1144 1141
f 1048 1050 1145
f 1048 1145 1142
f 1143 1146 1051
f 1143 1051 1049
f 1144 1147 1146
f 1144 1146 1143
f 1145 1148 1147
f 1145 1147 1144
f 1050 1052 1148
f 1050 1148 1145
f 1146 1101 1019
f 1146 1019 1051
f 1147 1103 1101
f 1147 1101 1146
f 1148 1105 1103
f 1148 1103 1147
f 1052 1024 1105
f 1052 1105 1148
f 1149 1150 1151
f 1152 1153 1154
f 1155 1149 1151
f 1156 1153 1152
f 1157 1155 1151
f 1158 1153 1156
f 1159 1157 1151
f 1160 1153 1158
f 1161 1159 1151
f 1162 1153 1160
f 1163 1161 1151
f 1164 1153 1162
f 1165 1163 1151
f 1166 1153 1164
f 1167 1165 1151
f 1168 1153 1166
f 1169 1167 1151
f 1170 1153 1168
f 1171 1169 1151
f 1172 1153 1170
f 1173 1171 1151
f 1174 1153 1172
f 1175 1173 1151
f 1176 1153 1174
f 1177 1175 1151
f 1178 1153 1176
f 1179 1177 1151
f 1180 1153 1178
f 1181 1179 1151
f 1182 1153 1180
f 1150 1181 1151
f 1154 1153 1182
f 1183 1184 1185
f 1186 1187 1188
f 1184 1189 1185
f 1186 1190 1187
f 1189 1191 1185
f 1186 1192 1190
f 1191 1193 1185
f 1186 1194 1192
f 1193 1195 1185
f 1186 1196 1194
f 1195 1197 1185
f 1186 1198 1196
f 1197 1199 1185
f 1186 1200 1198
f 1199 1201 1185
f 1186 1202 1200
f 1201 1203 1185
f 1186 1204 1202
f 1203 1205 1185
f 1186 1206 1204
f 1205 1207 1185
f 1186 1208 1206
f 1207 1209 1185
f 1186 1210 1208
f 1209 1211 1185
f 1186 1212 1210
f 1211 1213 1185
f 1186 1214 1212
f 1213 1215 1185
f 1186 1216 1214
f 1215 1183 1185
f 1186 1188 1216
f 1149 1217 1218
f 1149 1218 1150
f 1217 1219 1220
f 1217 1220 1218
f 1219 1221 1222
f 1219 1222 1220
f 1221 1152 1154
f 1221 1154 1222
f 1155 1223 1217
f 1155 1217 1149
f 1223 1224 1219
f 1223 1219 1217
f 1224 1225 1221
f 1224 1221 1219
f 1225 1156 1152
f 1225 1152 1221
f 1157 1226 1223
f 1157 1223 1155
f 1226 1227 1224
f 1226 1224 1223
f 1227 1228 1225
f 1227 1225 1224
f 1228 1158 1156
f 1228 1156 1225
f 1159 1229 1226
f 1159 1226 1157
f 1229 1230 1227
f 1229 1227 1226
f 1230 1231 1228
f 1230 1228 1227
f 1231 1160 1158
f 1231 1158 1228
f 1161 1232 1229
f 1161 1229 1159
f 1232 1233 1230
f 1232 1230 1229
f 1233 1234 1231
f 1233 1231 1230
f 1234 1162 1160
f 1234 1160 1231
f 1163 1235 1232
f 1163 1232 1161
f 1235 1236 1233
f 1235 1233 1232
f 1236 1237 1234
f 1236 1234 1233
f 1237 1164 1162
f 1237 1162 1234
f 1165 1238 1235
f 1165 1235 1163
f 1238 1239 1236
f 1238 1236 1235
f 1239 1240 1237
f 1239 1237 1236
f 1240 1166 1164
f 1240 1164 1237
f 1167 1241 1238
f 1167 1238 1165
f 1241 1242 1239
f 1241 1239 1238
f 1242 1243 1240
f 1242 1240 1239
f 1243 1168 1166
f 1243 1166 1240
f 1169 1244 1241
f 1169 1241 1167
f 1244 1245 1242
f 1244 1242 1241
f 1245 1246 1243
f 1245 1243 1242
f 1246 1170 1168
f 1246 1168 1243
f 1171 1247 1244
f 1171 1244 1169
f 1247 1248 1245
f 1247 1245 1244
f 1248 1249 1246
f 1248 1246 1245
f 1249 1172 1170
f 1249 1170 1246
f 1173 1250 1247
f 1173 1247 1171
f 1250 1251 1248
f 1250 1248 1247
f 1251 1252 1249
f 1251 1249 1248
f 1252 1174 1172
f 1252 1172 1249
f 1175 1253 1250
f 1175 1250 1173
f 1253 1254 1251
f 1253 1251 1250
f 1254 1255 1252
f 1254 1252 1251
f 1255 1176 1174
f 1255 1174 1252
f 1177 1256 1253
f 1177 1253 1175
f 1256 1257 1254
f 1256 1254 1253
f 1257 1258 1255
f 1257 1255 1254
f 1258 1178 1176
f 1258 1176 1255
f 1179 1259 1256
f 1179 1256 1177
f 1259 1260 1257
f 1259 1257 1256
f 1260 1261 1258
f 1260 1258 1257
f 1261 1180 1178
f 1261 1178 1258
f 1181 1262 1259
f 1181 1259 1179
f 1262 1263 1260
f 1262 1260 1259
f 1263 1264 1261
f 1263 1261 1260
f 1264 1182 1180
f 1264 1180 1261
f 1150 1218 1262
f 1150 1262 1181
f 1218 1220 1263
f 1218 1263 1262
f 1220 1222 1264
f 1220 1264 1263
f 1222 1154 1182
f 1222 1182 1264
f 1265 1266 1184
f 1265 1184 1183
f 1267 1268 1266
f 1267 1266 1265
f 1269 1270 1268
f 1269 1268 1267
f 1188 1187 1270
f 1188 1270 1269
f 1266 1271 1189
f 1266 1189 1184
f 1268 1272 1271
f 1268 1271 1266
f 1270 1273 1272
f 1270 1272 1268
f 1187 1190 1273
f 1187 1273 1270
f 1271 1274 1191
f 1271 1191 1189
f 1272 1275 1274
f 1272 1274 1271
f 1273 1276 1275
f 1273 1275 1272
f 1190 1192 1276
f 1190 1276 1273
f 1274 1277 1193
f 1274 1193 1191
f 1275 1278 1277
f 1275 1277 1274
f 1276 1279 1278
f 1276 1278 1275
f 1192 1194 1279
f 1192 1279 1276
f 1277 1280 1195
f 1277 1195 1193
f 1278 1281 1280
f 1278 1280 1277
f 1279 1282 1281
f 1279 1281 1278
f 1194 1196 1282
f 1194 1282 1279
f 1280 1283 1197
f 1280 1197 1195
f 1281 1284 1283
f 1281 1283 1280
f 1282 1285 1284
f 1282 1284 1281
f 1196 1198 1285
f 1196 1285 1282
f 1283 1286 1199
f 1283 1199 1197
f 1284 1287 1286
f 1284 1286 1283
f 1285 1288 1287
f 1285 1287 1284
f 1198 1200 1288
f 1198 1288 1285
f 1286 1289 1201
f 1286 1201 1199
f 1287 1290 1289
f 1287 1289 1286
f 1288 1291 1290
f 1288 1290 1287
f 1200 1202 1291
f 1200 1291 1288
f 1289 1292 1203
f 1289 1203 1201
f 1290 1293 1292
f 1290 1292 1289
f 1291 1294 1293
f 1291 1293 1290
f 1202 1204 1294
f 1202 1294 1291
f 1292 1295 1205
f 1292 1205 1203
f 1293 1296 1295
f 1293 1295 1292
f 1294 1297 1296
f 1294 1296 1293
f 1204 1206 1297
f 1204 1297 1294
f 1295 1298 1207
f 1295 1207 1205
f 1296 1299 1298
f 1296 1298 1295
f 1297 1300 1299
f 1297 1299 1296
f 1206 1208 1300
f 1206 1300 1297
f 1298 1301 1209
f 1298 1209 1207
f 1299 1302 1301
f 1299 1301 1298
f 1300 1303 1302
f 1300 1302 1299
f 1208 1210 1303
f 1208 1303 1300
f 1301 1304 1211
f 1301 1211 1209
f 1302 1305 1304
f 1302 1304 1301
f 1303 1306 1305
f 1303 1305 1302
f 1210 1212 1306
f 1210 1306 1303
f 1304 1307 1213
f 1304 1213 1211
f 1305 1308 1307
f 1305 1307 1304
f 1306 1309 1308
f 1306 1308 1305
f 1212 1214 1309
f 1212 1309 1306
f 1307 1310 1215
f 1307 1215 1213
f 1308 1311 1310
f 1308 1310 1307
f 1309 1312 1311
f 1309 1311 1308
f 1214 1216 1312
f 1214 1312 1309
f 1310 1265 1183
f 1310 1183 1215
f 1311 1267 1265
f 1311 1265 1310
f 1312 1269 1267
f 1312 1267 1311
f 1216 1188 1269
f 1216 1269 1312
f 1313 1314 1315
f 1316 1317 1318
f 1319 1313 1315
f 1320 1317 1316
f 1321 1319 1315
f 1322 1317 1320
f 1323 1321 1315
f 1324 1317 1322
f 1325 1323 1315
f 1326 1317 1324
f 1327 1325 1315
f 1328 1317 1326
f 1329 1327 1315
f 1330 1317 1328
f 1331 1329 1315
f 1332 1317 1330
f 1333 1331 1315
f 1334 1317 1332
f 1335 1333 1315
f 1336 1317 1334
f 1337 1335 1315
f 1338 1317 1336
f 1339 1337 1315
f 1340 1317 1338
f 1341 1339 1315
f 1342 1317 1340
f 1343 1341 1315
f 1344 1317 1342
f 1345 1343 1315
f 1346 1317 1344
f 1314 1345 1315
f 1318 1317 1346
f 1347 1348 1349
f 1350 1351 1352
f 1348 1353 1349
f 1350 1354 1351
f 1353 1355 1349
f 1350 1356 1354
f 1355 1357 1349
f 1350 1358 1356
f 1357 1359 1349
f 1350 1360 1358
f 1359 1361 1349
f 1350 1362 1360
f 1361 1363 1349
f 1350 1364 1362
f 1363 1365 1349
f 1350 1366 1364
f 1365 1367 1349
f 1350 1368 1366
f 1367 1369 1349
f 1350 1370 1368
f 1369 1371 1349
f 1350 1372 1370
f 1371 1373 1349
f 1350 1374 1372
f 1373 1375 1349
f 1350 1376 1374
f 1375 1377 1349
f 1350 1378 1376
f 1377 1379 1349
f 1350 1380 1378
f 1379 1347 1349
f 1350 1352 1380
f 1313 1381 1382
f 1313 1382 1314
f 1381 1383 1384
f 1381 1384 1382
f 1383 1385 1386
f 1383 1386 1384
f 1385 1316 1318
f 1385 1318 1386
f 1319 1387 1381
f 1319 1381 1313
f 1387 1388 1383
f 1387 1383 1381
f 1388 1389 1385
f 1388 1385 1383
f 1389 1320 1316
f 1389 1316 1385
f 1321 1390 1387
f 1321 1387 1319
f 1390 1391 1388
f 1390 1388 1387
f 1391 1392 1389
f 1391 1389 1388
f 1392 1322 1320
f 1392 1320 1389
f 1323 1393 1390
f 1323 1390 1321
f 1393 1394 1391
f 1393 1391 1390
f 1394 1395 1392
f 1394 1392 1391
f 1395 1324 1322
f 1395 1322 1392
f 1325 1396 1393
f 1325 1393 1323
f 1396 1397 1394
f 1396 1394 1393
f 1397 1398 1395
f 1397 1395 1394
f 1398 1326 1324
f 1398 1324 1395
f 1327 1399 1396
f 1327 1396 1325
f 1399 1400 1397
f 1399 1397 1396
f 1400 1401 1398
f 1400 1398 1397
f 1401 1328 1326
f 1401 1326 1398
f 1329 1402 1399
f 1329 1399 1327
f 1402 1403 1400
f 1402 1400 1399
f 1403 1404 1401
f 1403 1401 1400
f 1404 1330 1328
f 1404 1328 1401
f 1331 1405 1402
f 1331 1402 1329
f 1405 1406 1403
f 1405 1403 1402
f 1406 1407 1404
f 1406 1404 1403
f 1407 1332 1330
f 1407 1330 1404
f 1333 1408 1405
f 1333 1405 1331
f 1408 1409 1406
f 1408 1406 1405
f 1409 1410 1407
f 1409 1407 1406
f 1410 1334 1332
f 1410 1332 1407
f 1335 1411 1408
f 1335 1408 1333
f 1411 1412 1409
f 1411 1409 1408
f 1412 1413 1410
f 1412 1410 1409
f 1413 1336 1334
f 1413 1334 1410
f 1337 1414 1411
f 1337 1411 1335
f 1414 1415 1412
f 1414 1412 1411
f 1415 1416 1413
f 1415 1413 1412
f 1416 1338 1336
f 1416 1336 1413
f 1339 1417 1414
f 1339 1414 1337
f 1417 1418 1415
f 1417 1415 1414
f 1418 1419 1416
f 1418 1416 1415
f 1419 1340 1338
f 1419 1338 1416
f 1341 1420 1417
f 1341 1417 1339
f 1420 1421 1418
f 1420 1418 1417
f 1421 1422 1419
f 1421 1419 1418
f 1422 1342 1340
f 1422 1340 1419
f 1343 1423 1420
f 1343 1420 1341
f 1423 1424 1421
f 1423 1421 1420
f 1424 1425 1422
f 1424 1422 1421
f 1425 1344 1342
f 1425 1342 1422
f 1345 1426 1423
f 1345 1423 1343
f 1426 1427 1424
f 1426 1424 1423
f 1427 1428 1425
f 1427 1425 1424
f 1428 1346 1344
f 1428 1344 1425
f 1314 1382 1426
f 1314 1426 1345
f 1382 1384 1427
f 1382 1427 1426
f 1384 1386 1428
f 1384 1428 1427
f 1386 1318 1346
f 1386 1346 1428
f 1429 1430 1348
f 1429 1348 1347
f 1431 1432 1430
f 1431 1430 1429
f 1433 1434 1432
f 1433 1432 1431
f 1352 1351 1434
f 1352 1434 1433
f 1430 1435 1353
f 1430 1353 1348
f 1432 1436 1435
f 1432 1435 1430
f 1434 1437 1436
f 1434 1436 1432
f 1351 1354 1437
f 1351 1437 1434
f 1435 1438 1355
f 1435 1355 1353
f 1436 1439 1438
f 1436 1438 1435
f 1437 1440 1439
f 1437 1439 1436
f 1354 1356 1440
f 1354 1440 1437
f 1438 1441 1357
f 1438 1357 1355
f 1439 1442 1441
f 1439 1441 1438
f 1440 1443 1442
f 1440 1442 1439
f 1356 1358 1443
f 1356 1443 1440
f 1441 1444 1359
f 1441 1359 1357
f 1442 1445 1444
f 1442 1444 1441
f 1443 1446 1445
f 1443 1445 1442
f 1358 1360 1446
f 1358 1446 1443
f 1444 1447 1361
f 1444 1361 1359
f 1445 1448 1447
f 1445 1447 1444
f 1446 1449 1448
f 1446 1448 1445
f 1360 1362 1449
f 1360 1449 1446
f 1447 1450 1363
f 1447 1363 1361
f 1448 1451 1450
f 1448 1450 1447
f 1449 1452 1451
f 1449 1451 1448
f 1362 1364 1452
f 1362 1452 1449
f 1450 1453 1365
f 1450 1365 1363
f 1451 1454 1453
f 1451 1453 1450
f 1452 1455 1454
f 1452 1454 1451
f 1364 1366 1455
f 1364 1455 1452
f 1453 1456 1367
f 1453 1367 1365
f 1454 1457 1456
f 1454 1456 1453
f 1455 1458 1457
f 1455 1457 1454
f 1366 1368 1458
f 1366 1458 1455
f 1456 1459 1369
f 1456 1369 1367
f 1457 1460 1459
f 1457 1459 1456
f 1458 1461 1460
f 1458 1460 1457
f 1368 1370 1461
f 1368 1461 1458
f 1459 1462 1371
f 1459 1371 1369
f 1460 1463 1462
f 1460 1462 1459
f 1461 1464 1463
f 1461 1463 1460
f 1370 1372 1464
f 1370 1464 1461
f 1462 1465 1373
f 1462 1373 1371
f 1463 1466 1465
f 1463 1465 1462
f 1464 1467 1466
f 1464 1466 1463
f 1372 1374 1467
f 1372 1467 1464
f 1465 1468 1375
f 1465 1375 1373
f 1466 1469 1468
f 1466 1468 1465
f 1467 1470 1469
f 1467 1469 1466
f 1374 1376 1470
f 1374 1470 1467
f 1468 1471 1377
f 1468 1377 1375
f 1469 1472 1471
f 1469 1471 1468
f 1470 1473 1472
f 1470 1472 1469
f 1376 1378 1473
f 1376 1473 1470
f 1471 1474 1379
f 1471 1379 1377
f 1472 1475 1474
f 1472 1474 1471
f 1473 1476 1475
f 1473 1475 1472
f 1378 1380 1476
f 1378 1476 1473
f 1474 1429 1347
f 1474 1347 1379
f 1475 1431 1429
f 1475 1429 1474
f 1476 1433 1431
f 1476 1431 1475
f 1380 1352 1433
f 1380 1433 1476
f 1477 1478 1479
f 1480 1481 1482
f 1483 1477 1479
f 1484 1481 1480
f 1485 1483 1479
f 1486 1481 1484
f 1487 1485 1479
f 1488 1481 1486
f 1489 1487 1479
f 1490 1481 1488
f 1491 1489 1479
f 1492 1481 1490
f 1493 1491 1479
f 1494 1481 1492
f 1495 1493 1479
f 1496 1481 1494
f 1497 1495 1479
f 1498 1481 1496
f 1499 1497 1479
f 1500 1481 1498
f 1501 1499 1479
f 1502 1481 1500
f 1503 1501 1479
f 1504 1481 1502
f 1505 1503 1479
f 1506 1481 1504
f 1507 1505 1479
f 1508 1481 1506
f 1509 1507 1479
f 1510 1481 1508
f 1478 1509 1479
f 1482 1481 1510
f 1511 1512 1513
f 1514 1515 1516
f 1512 1517 1513
f 1514 1518 1515
f 1517 1519 1513
f 1514 1520 1518
f 1519 1521 1513
f 1514 1522 1520
f 1521 1523 1513
f 1514 1524 1522
f 1523 1525 1513
f 1514 1526 1524
f 1525 1527 1513
f 1514 1528 1526
f 1527 1529 1513
f 1514 1530 1528
f 1529 1531 1513
f 1514 1532 1530
f 1531 1533 1513
f 1514 1534 1532
f 1533 1535 1513
f 1514 1536 1534
f 1535 1537 1513
f 1514 1538 1536
f 1537 1539 1513
f 1514 1540 1538
f 1539 1541 1513
f 1514 1542 1540
f 1541 1543 1513
f 1514 1544 1542
f 1543 1511 1513
f 1514 1516 1544
f 1477 1545 1546
f 1477 1546 1478
f 1545 1547 1548
f 1545 1548 1546
f 1547 1549 1550
f 1547 1550 1548
f 1549 1480 1482
f 1549 1482 1550
f 1483 1551 1545
f 1483 1545 1477
f 1551 1552 1547
f 1551 1547 1545
f 1552 1553 1549
f 1552 1549 1547
f 1553 1484 1480
f 1553 1480 1549
f 1485 1554 1551
f 1485 1551 1483
f 1554 1555 1552
f 1554 1552 1551
f 1555 1556 1553
f 1555 1553 1552
f 1556 1486 1484
f 1556 1484 1553
f 1487 1557 1554
f 1487 1554 1485
f 1557 1558 1555
f 1557 1555 1554
f 1558 1559 1556
f 1558 1556 1555
f 1559 1488 1486
f 1559 1486 1556
f 1489 1560 1557
f 1489 1557 1487
f 1560 1561 1558
f 1560 1558 1557
f 1561 1562 1559
f 1561 1559 1558
f 1562 1490 1488
f 1562 1488 1559
f 1491 1563 1560
f 1491 1560 1489
f 1563 1564 1561
f 1563 1561 1560
f 1564 1565 1562
f 1564 1562 1561
f 1565 1492 1490
f 1565 1490 1562
f 1493 1566 1563
f 1493 1563 1491
f 1566 1567 1564
f 1566 1564 1563
f 1567 1568 1565
f 1567 1565 1564
f 1568 1494 1492
f 1568 1492 1565
f 1495 1569 1566
f 1495 1566 1493
f 1569 1570 1567
f 1569 1567 1566
f 1570 1571 1568
f 1570 1568 1567
f 1571 1496 1494
f 1571 1494 1568
f 1497 1572 1569
f 1497 1569 1495
f 1572 1573 1570
f 1572 1570 1569
f 1573 1574 1571
f 1573 1571 1570
f 1574 1498 1496
f 1574 1496 1571
f 1499 1575 1572
f 1499 1572 1497
f 1575 1576 1573
f 1575 1573 1572
f 1576 1577 1574
f 1576 1574 1573
f 1577 1500 1498
f 1577 1498 1574
f 1501 1578 1575
f 1501 1575 1499
f 1578 1579 1576
f 1578 1576 1575
f 1579 1580 1577
f 1579 1577 1576
f 1580 1502 1500
f 1580 1500 1577
f 1503 1581 1578
f 1503 1578 1501
f 1581 1582 1579
f 1581 1579 1578
f 1582 1583 1580
f 1582 1580 1579
f 1583 1504 1502
f 1583 1502 1580
f 1505 1584 1581
f 1505 1581 1503
f 1584 1585 1582
f 1584 1582 1581
f 1585 1586 1583
f 1585 1583 1582
f 1586 1506 1504
f 1586 1504 1583
f 1507 1587 1584
f 1507 1584 1505
f 1587 1588 1585
f 1587 1585 1584
f 1588 1589 1586
f 1588 1586 1585
f 1589 1508 1506
f 1589 1506 1586
f 1509 1590 1587
f 1509 1587 1507
f 1590 1591 1588
f 1590 1588 1587
f 1591 1592 1589
f 1591 1589 1588
f 1592 1510 1508
f 1592 1508 1589
f 1478 1546 1590
f 1478 1590 1509
f 1546 1548 1591
f 1546 1591 1590
f 1548 1550 1592
f 1548 1592 1591
f 1550 1482 1510
f 1550 1510 1592
f 1593 1594 1512
f 1593 1512 1511
f 1595 1596 1594
f 1595 1594 1593
f 1597 1598 1596
f 1597 1596 1595
f 1516 1515 1598
f 1516 1598 1597
f 1594 1599 1517
f 1594 1517 1512
f 1596 1600 1599
f 1596 1599 1594
f 1598 1601 1600
f 1598 1600 1596
f 1515 1518 1601
f 1515 1601 1598
f 1599 1602 1519
f 1599 1519 1517
f 1600 1603 1602
f 1600 1602 1599
f 1601 1604 1603
f 1601 1603 1600
f 1518 1520 1604
f 1518 1604 1601
f 1602 1605 1521
f 1602 1521 1519
f 1603 1606 1605
f 1603 1605 1602
f 1604 1607 1606
f 1604 1606 1603
f 1520 1522 1607
f 1520 1607 1604
f 1605 1608 1523
f 1605 1523 1521
f 1606 1609 1608
f 1606 1608 1605
f 1607 1610 1609
f 1607 1609 1606
f 1522 1524 1610
f 1522 1610 1607
f 1608 1611 1525
f 1608 1525 1523
f 1609 1612 1611
f 1609 1611 1608
f 1610 1613 1612
f 1610 1612 1609
f 1524 1526 1613
f 1524 1613 1610
f 1611 1614 1527
f 1611 1527 1525
f 1612 1615 1614
f 1612 1614 1611
f 1613 1616 1615
f 1613 1615 1612
f 1526 1528 1616
f 1526 1616 1613
f 1614 1617 1529
f 1614 1529 1527
f 1615 1618 1617
f 1615 1617 1614
f 1616 1619 1618
f 1616 1618 1615
f 1528 1530 1619
f 1528 1619 1616
f 1617 1620 1531
f 1617 1531 1529
f 1618 1621 1620
f 1618 1620 1617
f 1619 1622 1621
f 1619 1621 1618
f 1530 1532 1622
f 1530 1622 1619
f 1620 1623 1533
f 1620 1533 1531
f 1621 1624 1623
f 1621 1623 1620
f 1622 1625 1624
f 1622 1624 1621
f 1532 1534 1625
f 1532 1625 1622
f 1623 1626 1535
f 1623 1535 1533
f 1624 1627 1626
f 1624 1626 1623
f 1625 1628 1627
f 1625 1627 1624
f 1534 1536 1628
f 1534 1628 1625
f 1626 1629 1537
f 1626 1537 1535
f 1627 1630 1629
f 1627 1629 1626
f 1628 1631 1630
f 1628 1630 1627
f 1536 1538 1631
f 1536 1631 1628
f 1629 1632 1539
f 1629 1539 1537
f 1630 1633 1632
f 1630 1632 1629
f 1631 1634 1633
f 1631 1633 1630
f 1538 1540 1634
f 1538 1634 1631
f 1632 1635 1541
f 1632 1541 1539
f 1633 1636 1635
f 1633 1635 1632
f 1634 1637 1636
f 1634 1636 1633
f 1540 1542 1637
f 1540 1637 1634
f 1635 1638 1543
f 1635 1543 1541
f 1636 1639 1638
f 1636 1638 1635
f 1637 1640 1639
f 1637 1639 1636
f 1542 1544 1640
f 1542 1640 1637
f 1638 1593 1511
f 1638 1511 1543
f 1639 1595 1593
f 1639 1593 1638
f 1640 1597 1595
f 1640 1595 1639
f 1544 1516 1597
f 1544 1597 1640
f 1641 1642 1643
f 1644 1645 1646
f 1647 1641 1643
f 1648 1645 1644
f 1649 1647 1643
f 1650 1645 1648
f 1651 1649 1643
f 1652 1645 1650
f 1653 1651 1643
f 1654 1645 1652
f 1655 1653 1643
f 1656 1645 1654
f 1657 1655 1643
f 1658 1645 1656
f 1659 1657 1643
f 1660 1645 1658
f 1661 1659 1643
f 1662 1645 1660
f 1663 1661 1643
f 1664 1645 1662
f 1665 1663 1643
f 1666 1645 1664
f 1667 1665 1643
f 1668 1645 1666
f 1669 1667 1643
f 1670 1645 1668
f 1671 1669 1643
f 1672 1645 1670
f 1673 1671 1643
f 1674 1645 1672
f 1642 1673 1643
f 1646 1645 1674
f 1675 1676 1677
f 1678 1679 1680
f 1676 1681 1677
f 1678 1682 1679
f 1681 1683 1677
f 1678 1684 1682
f 1683 1685 1677
f 1678 1686 1684
f 1685 1687 1677
f 1678 1688 1686
f 1687 1689 1677
f 1678 1690 1688
f 1689 1691 1677
f 1678 1692 1690
f 1691 1693 1677
f 1678 1694 1692
f 1693 1695 1677
f 1678 1696 1694
f 1695 1697 1677
f 1678 1698 1696
f 1697 1699 1677
f 1678 1700 1698
f 1699 1701 1677
f 1678 1702 1700
f 1701 1703 1677
f 1678 1704 1702
f 1703 1705 1677
f 1678 1706 1704
f 1705 1707 1677
f 1678 1708 1706
f 1707 1675 1677
f 1678 1680 1708
f 1641 1709 1710
f 1641 1710 1642
f 1709 1711 1712
f 1709 1712 1710
f 1711 1713 1714
f 1711 1714 1712
f 1713 1644 1646
f 1713 1646 1714
f 1647 1715 1709
f 1647 1709 1641
f 1715 1716 1711
f 1715 1711 1709
f 1716 1717 1713
f 1716 1713 1711
f 1717 1648 1644
f 1717 1644 1713
f 1649 1718 1715
f 1649 1715 1647
f 1718 1719 1716
f 1718 1716 1715
f 1719 1720 1717
f 1719 1717 1716
f 1720 1650 1648
f 1720 1648 1717
f 1651 1721 1718
f 1651 1718 1649
f 1721 1722 1719
f 1721 1719 1718
f 1722 1723 1720
f 1722 1720 1719
f 1723 1652 1650
f 1723 1650 1720
f 1653 1724 1721
f 1653 1721 1651
f 1724 1725 1722
f 1724 1722 1721
f 1725 1726 1723
f 1725 1723 1722
f 1726 1654 1652
f 1726 1652 1723
f 1655 1727 1724
f 1655 1724 1653
f 1727 1728 1725
f 1727 1725 1724
f 1728 1729 1726
f 1728 1726 1725
f 1729 1656 1654
f 1729 1654 1726
f 1657 1730 1727
f 1657 1727 1655
f 1730 1731 1728
f 1730 1728 1727
f 1731 1732 1729
f 1731 1729 1728
f 1732 1658 1656
f 1732 1656 1729
f 1659 1733 1730
f 1659 1730 1657
f 1733 1734 1731
f 1733 1731 1730
f 1734 1735 1732
f 1734 1732 1731
f 1735 1660 1658
f 1735 1658 1732
f 1661 1736 1733
f 1661 1733 1659
f 1736 1737 1734
f 1736 1734 1733
f 1737 1738 1735
f 1737 1735 1734
f 1738 1662 1660
f 1738 1660 1735
f 1663 1739 1736
f 1663 1736 1661
f 1739 1740 1737
f 1739 1737 1736
f 1740 1741 1738
f 1740 1738 1737
f 1741 1664 1662
f 1741 1662 1738
f 1665 1742 1739
f 1665 1739 1663
f 1742 1743 1740
f 1742 1740 1739
f 1743 1744 1741
f 1743 1741 1740
f 1744 1666 1664
f 1744 1664 1741
f 1667 1745 1742
f 1667 1742 1665
f 1745 1746 1743
f 1745 1743 1742
f 1746 1747 1744
f 1746 1744 1743
f 1747 1668 1666
f 1747 1666 1744
f 1669 1748 1745
f 1669 1745 1667
f 1748 1749 1746
f 1748 1746 1745
f 1749 1750 1747
f 1749 1747 1746
f 1750 1670 1668
f 1750 1668 1747
f 1671 1751 1748
f 1671 1748 1669
f 1751 1752 1749
f 1751 1749 1748
f 1752 1753 1750
f 1752 1750 1749
f 1753 1672 1670
f 1753 1670 1750
f 1673 1754 1751
f 1673 1751 1671
f 1754 1755 1752
f 1754 1752 1751
f 1755 1756 1753
f 1755 1753 1752
f 1756 1674 1672
f 1756 1672 1753
f 1642 1710 1754
f 1642 1754 1673
f 1710 1712 1755
f 1710 1755 1754
f 1712 1714 1756
f 1712 1756 1755
f 1714 1646 1674
f 1714 1674 1756
f 1757 1758 1676
f 1757 1676 1675
f 1759 1760 1758
f 1759 1758 1757
f 1761 1762 1760
f 1761 1760 1759
f 1680 1679 1762
f 1680 1762 1761
f 1758 1763 1681
f 1758 1681 1676
f 1760 1764 1763
f 1760 1763 1758
f 1762 1765 1764
f 1762 1764 1760
f 1679 1682 1765
f 1679 1765 1762
f 1763 1766 1683
f 1763 1683 1681
f 1764 1767 1766
f 1764 1766 1763
f 1765 1768 1767
f 1765 1767 1764
f 1682 1684 1768
f 1682 1768 1765
f 1766 1769 1685
f 1766 1685 1683
f 1767 1770 1769
f 1767 1769 1766
f 1768 1771 1770
f 1768 1770 1767
f 1684 1686 1771
f 1684 1771 1768
f 1769 1772 1687
f 1769 1687 1685
f 1770 1773 1772
f 1770 1772 1769
f 1771 1774 1773
f 1771 1773 1770
f 1686 1688 1774
f 1686 1774 1771
f 1772 1775 1689
f 1772 1689 1687
f 1773 1776 1775
f 1773 1775 1772
f 1774 1777 1776
f 1774 1776 1773
f 1688 1690 1777
f 1688 1777 1774
f 1775 1778 1691
f 1775 1691 1689
f 1776 1779 1778
f 1776 1778 1775
f 1777 1780 1779
f 1777 1779 1776
f 1690 1692 1780
f 1690 1780 1777
f 1778 1781 1693
f 1778 1693 1691
f 1779 1782 1781
f 1779 1781 1778
f 1780 1783 1782
f 1780 1782 1779
f 1692 1694 1783
f 1692 1783 1780
f 1781 1784 1695
f 1781 1695 1693
f 1782 1785 1784
f 1782 1784 1781
f 1783 1786 1785
f 1783 1785 1782
f 1694 1696 1786
f 1694 1786 1783
f 1784 1787 1697
f 1784 1697 1695
f 1785 1788 1787
f 1785 1787 1784
f 1786 1789 1788
f 1786 1788 1785
f 1696 1698 1789
f 1696 1789 1786
f 1787 1790 1699
f 1787 1699 1697
f 1788 1791 1790
f 1788 1790 1787
f 1789 1792 1791
f 1789 1791 1788
f 1698 1700 1792
f 1698 1792 1789
f 1790 1793 1701
f 1790 1701 1699
f 1791 1794 1793
f 1791 1793 1790
f 1792 1795 1794
f 1792 1794 1791
f 1700 1702 1795
f 1700 1795 1792
f 1793 1796 1703
f 1793 1703 1701
f 1794 1797 1796
f 1794 1796 1793
f 1795 1798 1797
f 1795 1797 1794
f 1702 1704 1798
f 1702 1798 1795
f 1796 1799 1705
f 1796 1705 1703
f 1797 1800 1799
f 1797 1799 1796
f 1798 1801 1800
f 1798 1800 1797
f 1704 1706 1801
f 1704 1801 1798
f 1799 1802 1707
f 1799 1707 1705
f 1800 1803 1802
f 1800 1802 1799
f 1801 1804 1803
f 1801 1803 1800
f 1706 1708 1804
f 1706 1804 1801
f 1802 1757 1675
f 1802 1675 1707
f 1803 1759 1757
f 1803 1757 1802
f 1804 1761 1759
f 1804 1759 1803
f 1708 1680 1761
f 1708 1761 1804
f 1805 1806 1807
f 1808 1809 1810
f 1811 1805 1807
f 1812 1809 1808
f 1813 1811 1807
f 1814 1809 1812
f 1815 1813 1807
f 1816 1809 1814
f 1817 1815 1807
f 1818 1809 1816
f 1819 1817 1807
f 1820 1809 1818
f 1821 1819 1807
f 1822 1809 1820
f 1823 1821 1807
f 1824 1809 1822
f 1825 1823 1807
f 1826 1809 1824
f 1827 1825 1807
f 1828 1809 1826
f 1829 1827 1807
f 1830 1809 1828
f 1831 1829 1807
f 1832 1809 1830
f 1833 1831 1807
f 1834 1809 1832
f 1835 1833 1807
f 1836 1809 1834
f 1837 1835 1807
f 1838 1809 1836
f 1806 1837 1807
f 1810 1809 1838
f 1839 1840 1841
f 1842 1843 1844
f 1840 1845 1841
f 1842 1846 1843
f 1845 1847 1841
f 1842 1848 1846
f 1847 1849 1841
f 1842 1850 1848
f 1849 1851 1841
f 1842 1852 1850
f 1851 1853 1841
f 1842 1854 1852
f 1853 1855 1841
f 1842 1856 1854
f 1855 1857 1841
f 1842 1858 1856
f 1857 1859 1841
f 1842 1860 1858
f 1859 1861 1841
f 1842 1862 1860
f 1861 1863 1841
f 1842 1864 1862
f 1863 1865 1841
f 1842 1866 1864
f 1865 1867 1841
f 1842 1868 1866
f 1867 1869 1841
f 1842 1870 1868
f 1869 1871 1841
f 1842 1872 1870
f 1871 1839 1841
f 1842 1844 1872
f 1805 1873 1874
f 1805 1874 1806
f 1873 1875 1876
f 1873 1876 1874
f 1875 1877 1878
f 1875 1878 1876
f 1877 1808 1810
f 1877 1810 1878
f 1811 1879 1873
f 1811 1873 1805
f 1879 1880 1875
f 1879 1875 1873
f 1880 1881 1877
f 1880 1877 1875
f 1881 1812 1808
f 1881 1808 1877
f 1813 1882 1879
f 1813 1879 1811
f 1882 1883 1880
f 1882 1880 1879
f 1883 1884 1881
f 1883 1881 1880
f 1884 1814 1812
f 1884 1812 1881
f 1815 1885 1882
f 1815 1882 1813
f 1885 1886 1883
f 1885 1883 1882
f 1886 1887 1884
f 1886 1884 1883
f 1887 1816 1814
f 1887 1814 1884
f 1817 1888 1885
f 1817 1885 1815
f 1888 1889 1886
f 1888 1886 1885
f 1889 1890 1887
f 1889 1887 1886
f 1890 1818 1816
f 1890 1816 1887
f 1819 1891 1888
f 1819 1888 1817
f 1891 1892 1889
f 1891 1889 1888
f 1892 1893 1890
f 1892 1890 1889
f 1893 1820 1818
f 1893 1818 1890
f 1821 1894 1891
f 1821 1891 1819
f 1894 1895 1892
f 1894 1892 1891
f 1895 1896 1893
f 1895 1893 1892
f 1896 1822 1820
f 1896 1820 1893
f 1823 1897 1894
f 1823 1894 1821
f 1897 1898 1895
f 1897 1895 1894
f 1898 1899 1896
f 1898 1896 1895
f 1899 1824 1822
f 1899 1822 1896
f 1825 1900 1897
f 1825 1897 1823
f 1900 1901 1898
f 1900 1898 1897
f 1901 1902 1899
f 1901 1899 1898
f 1902 1826 1824
f 1902 1824 1899
f 1827 1903 1900
f 1827 1900 1825
f 1903 1904 1901
f 1903 1901 1900
f 1904 1905 1902
f 1904 1902 1901
f 1905 1828 1826
f 1905 1826 1902
f 1829 1906 1903
f 1829 1903 1827
f 1906 1907 1904
f 1906 1904 1903
f 1907 1908 1905
f 1907 1905 1904
f 1908 1830 1828
f 1908 1828 1905
f 1831 1909 1906
f 1831 1906 1829
f 1909 1910 1907
f 1909 1907 1906
f 1910 1911 1908
f 1910 1908 1907
f 1911 1832 1830
f 1911 1830 1908
f 1833 1912 1909
f 1833 1909 1831
f 1912 1913 1910
f 1912 1910 1909
f 1913 1914 1911
f 1913 1911 1910
f 1914 1834 1832
f 1914 1832 1911
f 1835 1915 1912
f 1835 1912 1833
f 1915 1916 1913
f 1915 1913 1912
f 1916 1917 1914
f 1916 1914 1913
f 1917 1836 1834
f 1917 1834 1914
f 1837 1918 1915
f 1837 1915 1835
f 1918 1919 1916
f 1918 1916 1915
f 1919 1920 1917
f 1919 1917 1916
f 1920 1838 1836
f 1920 1836 1917
f 1806 1874 1918
f 1806 1918 1837
f 1874 1876 1919
f 1874 1919 1918
f 1876 1878 1920
f 1876 1920 1919
f 1878 1810 1838
f 1878 1838 1920
f 1921 1922 1840
f 1921 1840 1839
f 1923 1924 1922
f 1923 1922 1921
f 1925 1926 1924
f 1925 1924 1923
f 1844 1843 1926
f 1844 1926 1925
f 1922 1927 1845
f 1922 1845 1840
f 1924 1928 1927
f 1924 1927 1922
f 1926 1929 1928
f 1926 1928 1924
f 1843 1846 1929
f 1843 1929 1926
f 1927 1930 1847
f 1927 1847 1845
f 1928 1931 1930
f 1928 1930 1927
f 1929 1932 1931
f 1929 1931 1928
f 1846 1848 1932
f 1846 1932 1929
f 1930 1933 1849
f 1930 1849 1847
f 1931 1934 1933
f 1931 1933 1930
f 1932 1935 1934
f 1932 1934 1931
f 1848 1850 1935
f 1848 1935 1932
f 1933 1936 1851
f 1933 1851 1849
f 1934 1937 1936
f 1934 1936 1933
f 1935 1938 1937
f 1935 1937 1934
f 1850 1852 1938
f 1850 1938 1935
f 1936 1939 1853
f 1936 1853 1851
f 1937 1940 1939
f 1937 1939 1936
f 1938 1941 1940
f 1938 1940 1937
f 1852 1854 1941
f 1852 1941 1938
f 1939 1942 1855
f 1939 1855 1853
f 1940 1943 1942
f 1940 1942 1939
f 1941 1944 1943
f 1941 1943 1940
f 1854 1856 1944
f 1854 1944 1941
f 1942 1945 1857
f 1942 1857 1855
f 1943 1946 1945
f 1943 1945 1942
f 1944 1947 1946
f 1944 1946 1943
f 1856 1858 1947
f 1856 1947 1944
f 1945 1948 1859
f 1945 1859 1857
f 1946 1949 1948
f 1946 1948 1945
f 1947 1950 1949
f 1947 1949 1946
f 1858 1860 1950
f 1858 1950 1947
f 1948 1951 1861
f 1948 1861 1859
f 1949 1952 1951
f 1949 1951 1948
f 1950 1953 1952
f 1950 1952 1949
f 1860 1862 1953
f 1860 1953 1950
f 1951 1954 1863
f 1951 1863 1861
f 1952 1955 1954
f 1952 1954 1951
f 1953 1956 1955
f 1953 1955 1952
f 1862 1864 1956
f 1862 1956 1953
f 1954 1957 1865
f 1954 1865 1863
f 1955 1958 1957
f 1955 1957 1954
f 1956 1959 1958
f 1956 1958 1955
f 1864 1866 1959
f 1864 1959 1956
f 1957 1960 1867
f 1957 1867 1865
f 1958 1961 1960
f 1958 1960 1957
f 1959 1962 1961
f 1959 1961 1958
f 1866 1868 1962
f 1866 1962 1959
f 1960 1963 1869
f 1960 1869 1867
f 1961 1964 1963
f 1961 1963 1960
f 1962 1965 1964
f 1962 1964 1961
f 1868 1870 1965
f 1868 1965 1962
f 1963 1966 1871
f 1963 1871 1869
f 1964 1967 1966
f 1964 1966 1963
f 1965 1968 1967
f 1965 1967 1964
f 1870 1872 1968
f 1870 1968 1965
f 1966 1921 1839
f 1966 1839 1871
f 1967 1923 1921
f 1967 1921 1966
f 1968 1925 1923
f 1968 1923 1967
f 1872 1844 1925
f 1872 1925 1968
f 1969 1970 1971
f 1972 1973 1974
f 1975 1969 1971
f 1976 1973 1972
f 1977 1975 1971
f 1978 1973 1976
f 1979 1977 1971
f 1980 1973 1978
f 1981 1979 1971
f 1982 1973 1980
f 1983 1981 1971
f 1984 1973 1982
f 1985 1983 1971
f 1986 1973 1984
f 1987 1985 1971
f 1988 1973 1986
f 1989 1987 1971
f 1990 1973 1988
f 1991 1989 1971
f 1992 1973 1990
f 1993 1991 1971
f 1994 1973 1992
f 1995 1993 1971
f 1996 1973 1994
f 1997 1995 1971
f 1998 1973 1996
f 1999 1997 1971
f 2000 1973 1998
f 2001 1999 1971
f 2002 1973 2000
f 1970 2001 1971
f 1974 1973 2002
f 2003 2004 2005
f 2006 2007 2008
f 2004 2009 2005
f 2006 2010 2007
f 2009 2011 2005
f 2006 2012 2010
f 2011 2013 2005
f 2006 2014 2012
f 2013 2015 2005
f 2006 2016 2014
f 2015 2017 2005
f 2006 2018 2016
f 2017 2019 2005
f 2006 2020 2018
f 2019 2021 2005
f 2006 2022 2020
f 2021 2023 2005
f 2006 2024 2022
f 2023 2025 2005
f 2006 2026 2024
f 2025 2027 2005
f 2006 2028 2026
f 2027 2029 2005
f 2006 2030 2028
f 2029 2031 2005
f 2006 2032 2030
f 2031 2033 2005
f 2006 2034 2032
f 2033 2035 2005
f 2006 2036 2034
f 2035 2003 2005
f 2006 2008 2036
f 1969 2037 2038
f 1969 2038 1970
f 2037 2039 2040
f 2037 2040 2038
f 2039 2041 2042
f 2039 2042 2040
f 2041 1972 1974
f 2041 1974 2042
f 1975 2043 2037
f 1975 2037 1969
f 2043 2044 2039
f 2043 2039 2037
f 2044 2045 2041
f 2044 2041 2039
f 2045 1976 1972
f 2045 1972 2041
f 1977 2046 2043
f 1977 2043 1975
f 2046 2047 2044
f 2046 2044 2043
f 2047 2048 2045
f 2047 2045 2044
f 2048 1978 1976
f 2048 1976 2045
f 1979 2049 2046
f 1979 2046 1977
f 2049 2050 2047
f 2049 2047 2046
f 2050 2051 2048
f 2050 2048 2047
f 2051 1980 1978
f 2051 1978 2048
f 1981 2052 2049
f 1981 2049 1979
f 2052 2053 2050
f 2052 2050 2049
f 2053 2054 2051
f 2053 2051 2050
f 2054 1982 1980
f 2054 1980 2051
f 1983 2055 2052
f 1983 2052 1981
f 2055 2056 2053
f 2055 2053 2052
f 2056 2057 2054
f 2056 2054 2053
f 2057 1984 1982
f 2057 1982 2054
f 1985 2058 2055
f 1985 2055 1983
f 2058 2059 2056
f 2058 2056 2055
f 2059 2060 2057
f 2059 2057 2056
f 2060 1986 1984
f 2060 1984 2057
f 1987 2061 2058
f 1987 2058 1985
f 2061 2062 2059
f 2061 2059 2058
f 2062 2063 2060
f 2062 2060 2059
f 2063 1988 1986
f 2063 1986 2060
f 1989 2064 2061
f 1989 2061 1987
f 2064 2065 2062
f 2064 2062 2061
f 2065 2066 2063
f 2065 2063 2062
f 2066 1990 1988
f 2066 1988 2063
f 1991 2067 2064
f 1991 2064 1989
f 2067 2068 2065
f 2067 2065 2064
f 2068 2069 2066
f 2068 2066 2065
f 2069 1992 1990
f 2069 1990 2066
f 1993 2070 2067
f 1993 2067 1991
f 2070 2071 2068
f 2070 2068 2067
f 2071 2072 2069
f 2071 2069 2068
f 2072 1994 1992
f 2072 1992 2069
f 1995 2073 2070
f 1995 2070 1993
f 2073 2074 2071
f 2073 2071 2070
f 2074 2075 2072
f 2074 2072 2071
f 2075 1996 1994
f 2075 1994 2072
f 1997 2076 2073
f 1997 2073 1995
f 2076 2077 2074
f 2076 2074 2073
f 2077 2078 2075
f 2077 2075 2074
f 2078 1998 1996
f 2078 1996 2075
f 1999 2079 2076
f 1999 2076 1997
f 2079 2080 2077
f 2079 2077 2076
f 2080 2081 2078
f 2080 2078 2077
f 2081 2000 1998
f 2081 1998 2078
f 2001 2082 2079
f 2001 2079 1999
f 2082 2083 2080
f 2082 2080 2079
f 2083 2084 2081
f 2083 2081 2080
f 2084 2002 2000
f 2084 2000 2081
f 1970 2038 2082
f 1970 2082 2001
f 2038 2040 2083
f 2038 2083 2082
f 2040 2042 2084
f 2040 2084 2083
f 2042 1974 2002
f 2042 2002 2084
f 2085 2086 2004
f 2085 2004 2003
f 2087 2088 2086
f 2087 2086 2085
f 2089 2090 2088
f 2089 2088 2087
f 2008 2007 2090
f 2008 2090 2089
f 2086 2091 2009
f 2086 2009 2004
f 2088 2092 2091
f 2088 2091 2086
f 2090 2093 2092
f 2090 2092 2088
f 2007 2010 2093
f 2007 2093 2090
f 2091 2094 2011
f 2091 2011 2009
f 2092 2095 2094
f 2092 2094 2091
f 2093 2096 2095
f 2093 2095 2092
f 2010 2012 2096
f 2010 2096 2093
f 2094 2097 2013
f 2094 2013 2011
f 2095 2098 2097
f 2095 2097 2094
f 2096 2099 2098
f 2096 2098 2095
f 2012 2014 2099
f 2012 2099 2096
f 2097 2100 2015
f 2097 2015 2013
f 2098 2101 2100
f 2098 2100 2097
f 2099 2102 2101
f 2099 2101 2098
f 2014 2016 2102
f 2014 2102 2099
f 2100 2103 2017
f 2100 2017 2015
f 2101 2104 2103
f 2101 2103 2100
f 2102 2105 2104
f 2102 2104 2101
f 2016 2018 2105
f 2016 2105 2102
f 2103 2106 2019
f 2103 2019 2017
f 2104 2107 2106
f 2104 2106 2103
f 2105 2108 2107
f 2105 2107 2104
f 2018 2020 2108
f 2018 2108 2105
f 2106 2109 2021
f 2106 2021 2019
f 2107 2110 2109
f 2107 2109 2106
f 2108 2111 2110
f 2108 2110 2107
f 2020 2022 2111
f 2020 2111 2108
f 2109 2112 2023
f 2109 2023 2021
f 2110 2113 2112
f 2110 2112 2109
f 2111 2114 2113
f 2111 2113 2110
f 2022 2024 2114
f 2022 2114 2111
f 2112 2115 2025
f 2112 2025 2023
f 2113 2116 2115
f 2113 2115 2112
f 2114 2117 2116
f 2114 2116 2113
f 2024 2026 2117
f 2024 2117 2114
f 2115 2118 2027
f 2115 2027 2025
f 2116 2119 2118
f 2116 2118 2115
f 2117 2120 2119
f 2117 2119 2116
f 2026 2028 2120
f 2026 2120 2117
f 2118 2121 2029
f 2118 2029 2027
f 2119 2122 2121
f 2119 2121 2118
f 2120 2123 2122
f 2120 2122 2119
f 2028 2030 2123
f 2028 2123 2120
f 2121 2124 2031
f 2121 2031 2029
f 2122 2125 2124
f 2122 2124 2121
f 2123 2126 2125
f 2123 2125 2122
f 2030 2032 2126
f 2030 2126 2123
f 2124 2127 2033
f 2124 2033 2031
f 2125 2128 2127
f 2125 2127 2124
f 2126 2129 2128
f 2126 2128 2125
f 2032 2034 2129
f 2032 2129 2126
f 2127 2130 2035
f 2127 2035 2033
f 2128 2131 2130
f 2128 2130 2127
f 2129 2132 2131
f 2129 2131 2128
f 2034 2036 2132
f 2034 2132 2129
f 2130 2085 2003
f 2130 2003 2035
f 2131 2087 2085
f 2131 2085 2130
f 2132 2089 2087
f 2132 2087 2131
f 2036 2008 2089
f 2036 2089 2132
f 2133 2134 2135
f 2136 2137 2138
f 2139 2133 2135
f 2140 2137 2136
f 2141 2139 2135
f 2142 2137 2140
f 2143 2141 2135
f 2144 2137 2142
f 2145 2143 2135
f 2146 2137 2144
f 2147 2145 2135
f 2148 2137 2146
f 2149 2147 2135
f 2150 2137 2148
f 2151 2149 2135
f 2152 2137 2150
f 2153 2151 2135
f 2154 2137 2152
f 2155 2153 2135
f 2156 2137 2154
f 2157 2155 2135
f 2158 2137 2156
f 2159 2157 2135
f 2160 2137 2158
f 2161 2159 2135
f 2162 2137 2160
f 2163 2161 2135
f 2164 2137 2162
f 2165 2163 2135
f 2166 2137 2164
f 2134 2165 2135
f 2138 2137 2166
f 2167 2168 2169
f 2170 2171 2172
f 2168 2173 2169
f 2170 2174 2171
f 2173 2175 2169
f 2170 2176 2174
f 2175 2177 2169
f 2170 2178 2176
f 2177 2179 2169
f 2170 2180 2178
f 2179 2181 2169
f 2170 2182 2180
f 2181 2183 2169
f 2170 2184 2182
f 2183 2185 2169
f 2170 2186 2184
f 2185 2187 2169
f 2170 2188 2186
f 2187 2189 2169
f 2170 2190 2188
f 2189 2191 2169
f 2170 2192 2190
f 2191 2193 2169
f 2170 2194 2192
f 2193 2195 2169
f 2170 2196 2194
f 2195 2197 2169
f 2170 2198 2196
f 2197 2199 2169
f 2170 2200 2198
f 2199 2167 2169
f 2170 2172 2200
f 2133 2201 2202
f 2133 2202 2134
f 2201 2203 2204
f 2201 2204 2202
f 2203 2205 2206
f 2203 2206 2204
f 2205 2136 2138
f 2205 2138 2206
f 2139 2207 2201
f 2139 2201 2133
f 2207 2208 2203
f 2207 2203 2201
f 2208 2209 2205
f 2208 2205 2203
f 2209 2140 2136
f 2209 2136 2205
f 2141 2210 2207
f 2141 2207 2139
f 2210 2211 2208
f 2210 2208 2207
f 2211 2212 2209
f 2211 2209 2208
f 2212 2142 2140
f 2212 2140 2209
f 2143 2213 2210
f 2143 2210 2141
f 2213 2214 2211
f 2213 2211 2210
f 2214 2215 2212
f 2214 2212 2211
f 2215 2144 2142
f 2215 2142 2212
f 2145 2216 2213
f 2145 2213 2143
f 2216 2217 2214
f 2216 2214 2213
f 2217 2218 2215
f 2217 2215 2214
f 2218 2146 2144
f 2218 2144 2215
f 2147 2219 2216
f 2147 2216 2145
f 2219 2220 2217
f 2219 2217 2216
f 2220 2221 2218
f 2220 2218 2217
f 2221 2148 2146
f 2221 2146 2218
f 2149 2222 2219
f 2149 2219 2147
f 2222 2223 2220
f 2222 2220 2219
f 2223 2224 2221
f 2223 2221 2220
f 2224 2150 2148
f 2224 2148 2221
f 2151 2225 2222
f 2151 2222 2149
f 2225 2226 2223
f 2225 2223 2222
f 2226 2227 2224
f 2226 2224 2223
f 2227 2152 2150
f 2227 2150 2224
f 2153 2228 2225
f 2153 2225 2151
f 2228 2229 2226
f 2228 2226 2225
f 2229 2230 2227
f 2229 2227 2226
f 2230 2154 2152
f 2230 2152 2227
f 2155 2231 2228
f 2155 2228 2153
f 2231 2232 2229
f 2231 2229 2228
f 2232 2233 2230
f 2232 2230 2229
f 2233 2156 2154
f 2233 2154 2230
f 2157 2234 2231
f 2157 2231 2155
f 2234 2235 2232
f 2234 2232 2231
f 2235 2236 2233
f 2235 2233 2232
f 2236 2158 2156
f 2236 2156 2233
f 2159 2237 2234
f 2159 2234 2157
f 2237 2238 2235
f 2237 2235 2234
f 2238 2239 2236
f 2238 2236 2235
f 2239 2160 2158
f 2239 2158 2236
f 2161 2240 2237
f 2161 2237 2159
f 2240 2241 2238
f 2240 2238 2237
f 2241 2242 2239
f 2241 2239 2238
f 2242 2162 2160
f 2242 2160 2239
f 2163 2243 2240
f 2163 2240 2161
f 2243 2244 2241
f 2243 2241 2240
f 2244 2245 2242
f 2244 2242 2241
f 2245 2164 2162
f 2245 2162 2242
f 2165 2246 2243
f 2165 2243 2163
f 2246 2247 2244
f 2246 2244 2243
f 2247 2248 2245
f 2247 2245 2244
f 2248 2166 2164
f 2248 2164 2245
f 2134 2202 2246
f 2134 2246 2165
f 2202 2204 2247
f 2202 2247 2246
f 2204 2206 2248
f 2204 2248 2247
f 2206 2138 2166
f 2206 2166 2248
f 2249 2250 2168
f 2249 2168 2167
f 2251 2252 2250
f 2251 2250 2249
f 2253 2254 2252
f 2253 2252 2251
f 2172 2171 2254
f 2172 2254 2253
f 2250 2255 2173
f 2250 2173 2168
f 2252 2256 2255
f 2252 2255 2250
f 2254 2257 2256
f 2254 2256 2252
f 2171 2174 2257
f 2171 2257 2254
f 2255 2258 2175
f 2255 2175 2173
f 2256 2259 2258
f 2256 2258 2255
f 2257 2260 2259
f 2257 2259 2256
f 2174 2176 2260
f 2174 2260 2257
f 2258 2261 2177
f 2258 2177 2175
f 2259 2262 2261
f 2259 2261 2258
f 2260 2263 2262
f 2260 2262 2259
f 2176 2178 2263
f 2176 2263 2260
f 2261 2264 2179
f 2261 2179 2177
f 2262 2265 2264
f 2262 2264 2261
f 2263 2266 2265
f 2263 2265 2262
f 2178 2180 2266
f 2178 2266 2263
f 2264 2267 2181
f 2264 2181 2179
f 2265 2268 2267
f 2265 2267 2264
f 2266 2269 2268
f 2266 2268 2265
f 2180 2182 2269
f 2180 2269 2266
f 2267 2270 2183
f 2267 2183 2181
f 2268 2271 2270
f 2268 2270 2267
f 2269 2272 2271
f 2269 2271 2268
f 2182 2184 2272
f 2182 2272 2269
f 2270 2273 2185
f 2270 2185 2183
f 2271 2274 2273
f 2271 2273 2270
f 2272 2275 2274
f 2272 2274 2271
f 2184 2186 2275
f 2184 2275 2272
f 2273 2276 2187
f 2273 2187 2185
f 2274 2277 2276
f 2274 2276 2273
f 2275 2278 2277
f 2275 2277 2274
f 2186 2188 2278
f 2186 2278 2275
f 2276 2279 2189
f 2276 2189 2187
f 2277 2280 2279
f 2277 2279 2276
f 2278 2281 2280
f 2278 2280 2277
f 2188 2190 2281
f 2188 2281 2278
f 2279 2282 2191
f 2279 2191 2189
f 2280 2283 2282
f 2280 2282 2279
f 2281 2284 2283
f 2281 2283 2280
f 2190 2192 2284
f 2190 2284 2281
f 2282 2285 2193
f 2282 2193 2191
f 2283 2286 2285
f 2283 2285 2282
f 2284 2287 2286
f 2284 2286 2283
f 2192 2194 2287
f 2192 2287 2284
f 2285 2288 2195
f 2285 2195 2193
f 2286 2289 2288
f 2286 2288 2285
f 2287 2290 2289
f 2287 2289 2286
f 2194 2196 2290
f 2194 2290 2287
f 2288 2291 2197
f 2288 2197 2195
f 2289 2292 2291
f 2289 2291 2288
f 2290 2293 2292
f 2290 2292 2289
f 2196 2198 2293
f 2196 2293 2290
f 2291 2294 2199
f 2291 2199 2197
f 2292 2295 2294
f 2292 2294 2291
f 2293 2296 2295
f 2293 2295 2292
f 2198 2200 2296
f 2198 2296 2293
f 2294 2249 2167
f 2294 2167 2199
f 2295 2251 2249
f 2295 2249 2294
f 2296 2253 2251
f 2296 2251 2295
f 2200 2172 2253
f 2200 2253 2296
f 2297 2298 2299
f 2300 2301 2302
f 2303 2297 2299
f 2304 2301 2300
f 2305 2303 2299
f 2306 2301 2304
f 2307 2305 2299
f 2308 2301 2306
f 2309 2307 2299
f 2310 2301 2308
f 2311 2309 2299
f 2312 2301 2310
f 2313 2311 2299
f 2314 2301 2312
f 2315 2313 2299
f 2316 2301 2314
f 2317 2315 2299
f 2318 2301 2316
f 2319 2317 2299
f 2320 2301 2318
f 2321 2319 2299
f 2322 2301 2320
f 2323 2321 2299
f 2324 2301 2322
f 2325 2323 2299
f 2326 2301 2324
f 2327 2325 2299
f 2328 2301 2326
f 2329 2327 2299
f 2330 2301 2328
f 2298 2329 2299
f 2302 2301 2330
f 2331 2332 2333
f 2334 2335 2336
f 2332 2337 2333
f 2334 2338 2335
f 2337 2339 2333
f 2334 2340 2338
f 2339 2341 2333
f 2334 2342 2340
f 2341 2343 2333
f 2334 2344 2342
f 2343 2345 2333
f 2334 2346 2344
f 2345 2347 2333
f 2334 2348 2346
f 2347 2349 2333
f 2334 2350 2348
f 2349 2351 2333
f 2334 2352 2350
f 2351 2353 2333
f 2334 2354 2352
f 2353 2355 2333
f 2334 2356 2354
f 2355 2357 2333
f 2334 2358 2356
f 2357 2359 2333
f 2334 2360 2358
f 2359 2361 2333
f 2334 2362 2360
f 2361 2363 2333
f 2334 2364 2362
f 2363 2331 2333
f 2334 2336 2364
f 2297 2365 2366
f 2297 2366 2298
f 2365 2367 2368
f 2365 2368 2366
f 2367 2369 2370
f 2367 2370 2368
f 2369 2300 2302
f 2369 2302 2370
f 2303 2371 2365
f 2303 2365 2297
f 2371 2372 2367
f 2371 2367 2365
f 2372 2373 2369
f 2372 2369 2367
f 2373 2304 2300
f 2373 2300 2369
f 2305 2374 2371
f 2305 2371 2303
f 2374 2375 2372
f 2374 2372 2371
f 2375 2376 2373
f 2375 2373 2372
f 2376 2306 2304
f 2376 2304 2373
f 2307 2377 2374
f 2307 2374 2305
f 2377 2378 2375
f 2377 2375 2374
f 2378 2379 2376
f 2378 2376 2375
f 2379 2308 2306
f 2379 2306 2376
f 2309 2380 2377
f 2309 2377 2307
f 2380 2381 2378
f 2380 2378 2377
f 2381 2382 2379
f 2381 2379 2378
f 2382 2310 2308
f 2382 2308 2379
f 2311 2383 2380
f 2311 2380 2309
f 2383 2384 2381
f 2383 2381 2380
f 2384 2385 2382
f 2384 2382 2381
f 2385 2312 2310
f 2385 2310 2382
f 2313 2386 2383
f 2313 2383 2311
f 2386 2387 2384
f 2386 2384 2383
f 2387 2388 2385
f 2387 2385 2384
f 2388 2314 2312
f 2388 2312 2385
f 2315 2389 2386
f 2315 2386 2313
f 2389 2390 2387
f 2389 2387 2386
f 2390 2391 2388
f 2390 2388 2387
f 2391 2316 2314
f 2391 2314 2388
f 2317 2392 2389
f 2317 2389 2315
f 2392 2393 2390
f 2392 2390 2389
f 2393 2394 2391
f 2393 2391 2390
f 2394 2318 2316
f 2394 2316 2391
f 2319 2395 2392
f 2319 2392 2317
f 2395 2396 2393
f 2395 2393 2392
f 2396 2397 2394
f 2396 2394 2393
f 2397 2320 2318
f 2397 2318 2394
f 2321 2398 2395
f 2321 2395 2319
f 2398 2399 2396
f 2398 2396 2395
f 2399 2400 2397
f 2399 2397 2396
f 2400 2322 2320
f 2400 2320 2397
f 2323 2401 2398
f 2323 2398 2321
f 2401 2402 2399
f 2401 2399 2398
f 2402 2403 2400
f 2402 2400 2399
f 2403 2324 2322
f 2403 2322 2400
f 2325 2404 2401
f 2325 2401 2323
f 2404 2405 2402
f 2404 2402 2401
f 2405 2406 2403
f 2405 2403 2402
f 2406 2326 2324
f 2406 2324 2403
f 2327 2407 2404
f 2327 2404 2325
f 2407 2408 2405
f 2407 2405 2404
f 2408 2409 2406
f 2408 2406 2405
f 2409 2328 2326
f 2409 2326 2406
f 2329 2410 2407
f 2329 2407 2327
f 2410 2411 2408
f 2410 2408 2407
f 2411 2412 2409
f 2411 2409 2408
f 2412 2330 2328
f 2412 2328 2409
f 2298 2366 2410
f 2298 2410 2329
f 2366 2368 2411
f 2366 2411 2410
f 2368 2370 2412
f 2368 2412 2411
f 2370 2302 2330
f 2370 2330 2412
f 2413 2414 2332
f 2413 2332 2331
f 2415 2416 2414
f 2415 2414 2413
f 2417 2418 2416
f 2417 2416 2415
f 2336 2335 2418
f 2336 2418 2417
f 2414 2419 2337
f 2414 2337 2332
f 2416 2420 2419
f 2416 2419 2414
f 2418 2421 2420
f 2418 2420 2416
f 2335 2338 2421
f 2335 2421 2418
f 2419 2422 2339
f 2419 2339 2337
f 2420 2423 2422
f 2420 2422 2419
f 2421 2424 2423
f 2421 2423 2420
f 2338 2340 2424
f 2338 2424 2421
f 2422 2425 2341
f 2422 2341 2339
f 2423 2426 2425
f 2423 2425 2422
f 2424 2427 2426
f 2424 2426 2423
f 2340 2342 2427
f 2340 2427 2424
f 2425 2428 2343
f 2425 2343 2341
f 2426 2429 2428
f 2426 2428 2425
f 2427 2430 2429
f 2427 2429 2426
f 2342 2344 2430
f 2342 2430 2427
f 2428 2431 2345
f 2428 2345 2343
f 2429 2432 2431
f 2429 2431 2428
f 2430 2433 2432
f 2430 2432 2429
f 2344 2346 2433
f 2344 2433 2430
f 2431 2434 2347
f 2431 2347 2345
f 2432 2435 2434
f 2432 2434 2431
f 2433 2436 2435
f 2433 2435 2432
f 2346 2348 2436
f 2346 2436 2433
f 2434 2437 2349
f 2434 2349 2347
f 2435 2438 2437
f 2435 2437 2434
f 2436 2439 2438
f 2436 2438 2435
f 2348 2350 2439
f 2348 2439 2436
f 2437 2440 2351
f 2437 2351 2349
f 2438 2441 2440
f 2438 2440 2437
f 2439 2442 2441
f 2439 2441 2438
f 2350 2352 2442
f 2350 2442 2439
f 2440 2443 2353
f 2440 2353 2351
f 2441 2444 2443
f 2441 2443 2440
f 2442 2445 2444
f 2442 2444 2441
f 2352 2354 2445
f 2352 2445 2442
f 2443 2446 2355
f 2443 2355 2353
f 2444 2447 2446
f 2444 2446 2443
f 2445 2448 2447
f 2445 2447 2444
f 2354 2356 2448
f 2354 2448 2445
f 2446 2449 2357
f 2446 2357 2355
f 2447 2450 2449
f 2447 2449 2446
f 2448 2451 2450
f 2448 2450 2447
f 2356 2358 2451
f 2356 2451 2448
f 2449 2452 2359
f 2449 2359 2357
f 2450 2453 2452
f 2450 2452 2449
f 2451 2454 2453
f 2451 2453 2450
f 2358 2360 2454
f 2358 2454 2451
f 2452 2455 2361
f 2452 2361 2359
f 2453 2456 2455
f 2453 2455 2452
f 2454 2457 2456
f 2454 2456 2453
f 2360 2362 2457
f 2360 2457 2454
f 2455 2458 2363
f 2455 2363 2361
f 2456 2459 2458
f 2456 2458 2455
f 2457 2460 2459
f 2457 2459 2456
f 2362 2364 2460
f 2362 2460 2457
f 2458 2413 2331
f 2458 2331 2363
f 2459 2415 2413
f 2459 2413 2458
f 2460 2417 2415
f 2460 2415 2459
f 2364 2336 2417
f 2364 2417 2460
f 2461 2462 2463
f 2464 2465 2466
f 2467 2461 2463
f 2468 2465 2464
f 2469 2467 2463
f 2470 2465 2468
f 2471 2469 2463
f 2472 2465 2470
f 2473 2471 2463
f 2474 2465 2472
f 2475 2473 2463
f 2476 2465 2474
f 2477 2475 2463
f 2478 2465 2476
f 2479 2477 2463
f 2480 2465 2478
f 2481 2479 2463
f 2482 2465 2480
f 2483 2481 2463
f 2484 2465 2482
f 2485 2483 2463
f 2486 2465 2484
f 2487 2485 2463
f 2488 2465 2486
f 2489 2487 2463
f 2490 2465 2488
f 2491 2489 2463
f 2492 2465 2490
f 2493 2491 2463
f 2494 2465 2492
f 2462 2493 2463
f 2466 2465 2494
f 2495 2496 2497
f 2498 2499 2500
f 2496 2501 2497
f 2498 2502 2499
f 2501 2503 2497
f 2498 2504 2502
f 2503 2505 2497
f 2498 2506 2504
f 2505 2507 2497
f 2498 2508 2506
f 2507 2509 2497
f 2498 2510 2508
f 2509 2511 2497
f 2498 2512 2510
f 2511 2513 2497
f 2498 2514 2512
f 2513 2515 2497
f 2498 2516 2514
f 2515 2517 2497
f 2498 2518 2516
f 2517 2519 2497
f 2498 2520 2518
f 2519 2521 2497
f 2498 2522 2520
f 2521 2523 2497
f 2498 2524 2522
f 2523 2525 2497
f 2498 2526 2524
f 2525 2527 2497
f 2498 2528 2526
f 2527 2495 2497
f 2498 2500 2528
f 2461 2529 2530
f 2461 2530 2462
f 2529 2531 2532
f 2529 2532 2530
f 2531 2533 2534
f 2531 2534 2532
f 2533 2464 2466
f 2533 2466 2534
f 2467 2535 2529
f 2467 2529 2461
f 2535 2536 2531
f 2535 2531 2529
f 2536 2537 2533
f 2536 2533 2531
f 2537 2468 2464
f 2537 2464 2533
f 2469 2538 2535
f 2469 2535 2467
f 2538 2539 2536
f 2538 2536 2535
f 2539 2540 2537
f 2539 2537 2536
f 2540 2470 2468
f 2540 2468 2537
f 2471 2541 2538
f 2471 2538 2469
f 2541 2542 2539
f 2541 2539 2538
f 2542 2543 2540
f 2542 2540 2539
f 2543 2472 2470
f 2543 2470 2540
f 2473 2544 2541
f 2473 2541 2471
f 2544 2545 2542
f 2544 2542 2541
f 2545 2546 2543
f 2545 2543 2542
f 2546 2474 2472
f 2546 2472 2543
f 2475 2547 2544
f 2475 2544 2473
f 2547 2548 2545
f 2547 2545 2544
f 2548 2549 2546
f 2548 2546 2545
f 2549 2476 2474
f 2549 2474 2546
f 2477 2550 2547
f 2477 2547 2475
f 2550 2551 2548
f 2550 2548 2547
f 2551 2552 2549
f 2551 2549 2548
f 2552 2478 2476
f 2552 2476 2549
f 2479 2553 2550
f 2479 2550 2477
f 2553 2554 2551
f 2553 2551 2550
f 2554 2555 2552
f 2554 2552 2551
f 2555 2480 2478
f 2555 2478 2552
f 2481 2556 2553
f 2481 2553 2479
f 2556 2557 2554
f 2556 2554 2553
f 2557 2558 2555
f 2557 2555 2554
f 2558 2482 2480
f 2558 2480 2555
f 2483 2559 2556
f 2483 2556 2481
f 2559 2560 2557
f 2559 2557 2556
f 2560 2561 2558
f 2560 2558 2557
f 2561 2484 2482
f 2561 2482 2558
f 2485 2562 2559
f 2485 2559 2483
f 2562 2563 2560
f 2562 2560 2559
f 2563 2564 2561
f 2563 2561 2560
f 2564 2486 2484
f 2564 2484 2561
f 2487 2565 2562
f 2487 2562 2485
f 2565 2566 2563
f 2565 2563 2562
f 2566 2567 2564
f 2566 2564 2563
f 2567 2488 2486
f 2567 2486 2564
f 2489 2568 2565
f 2489 2565 2487
f 2568 2569 2566
f 2568 2566 2565
f 2569 2570 2567
f 2569 2567 2566
f 2570 2490 2488
f 2570 2488 2567
f 2491 2571 2568
f 2491 2568 2489
f 2571 2572 2569
f 2571 2569 2568
f 2572 2573 2570
f 2572 2570 2569
f 2573 2492 2490
f 2573 2490 2570
f 2493 2574 2571
f 2493 2571 2491
f 2574 2575 2572
f 2574 2572 2571
f 2575 2576 2573
f 2575 2573 2572
f 2576 2494 2492
f 2576 2492 2573
f 2462 2530 2574
f 2462 2574 2493
f 2530 2532 2575
f 2530 2575 2574
f 2532 2534 2576
f 2532 2576 2575
f 2534 2466 2494
f 2534 2494 2576
f 2577 2578 2496
f 2577 2496 2495
f 2579 2580 2578
f 2579 2578 2577
f 2581 2582 2580
f 2581 2580 2579
f 2500 2499 2582
f 2500 2582 2581
f 2578 2583 2501
f 2578 2501 2496
f 2580 2584 2583
f 2580 2583 2578
f 2582 2585 2584
f 2582 2584 2580
f 2499 2502 2585
f 2499 2585 2582
f 2583 2586 2503
f 2583 2503 2501
f 2584 2587 2586
f 2584 2586 2583
f 2585 2588 2587
f 2585 2587 2584
f 2502 2504 2588
f 2502 2588 2585
f 2586 2589 2505
f 2586 2505 2503
f 2587 2590 2589
f 2587 2589 2586
f 2588 2591 2590
f 2588 2590 2587
f 2504 2506 2591
f 2504 2591 2588
f 2589 2592 2507
f 2589 2507 2505
f 2590 2593 2592
f 2590 2592 2589
f 2591 2594 2593
f 2591 2593 2590
f 2506 2508 2594
f 2506 2594 2591
f 2592 2595 2509
f 2592 2509 2507
f 2593 2596 2595
f 2593 2595 2592
f 2594 2597 2596
f 2594 2596 2593
f 2508 2510 2597
f 2508 2597 2594
f 2595 2598 2511
f 2595 2511 2509
f 2596 2599 2598
f 2596 2598 2595
f 2597 2600 2599
f 2597 2599 2596
f 2510 2512 2600
f 2510 2600 2597
f 2598 2601 2513
f 2598 2513 2511
f 2599 2602 2601
f 2599 2601 2598
f 2600 2603 2602
f 2600 2602 2599
f 2512 2514 2603
f 2512 2603 2600
f 2601 2604 2515
f 2601 2515 2513
f 2602 2605 2604
f 2602 2604 2601
f 2603 2606 2605
f 2603 2605 2602
f 2514 2516 2606
f 2514 2606 2603
f 2604 2607 2517
f 2604 2517 2515
f 2605 2608 2607
f 2605 2607 2604
f 2606 2609 2608
f 2606 2608 2605
f 2516 2518 2609
f 2516 2609 2606
f 2607 2610 2519
f 2607 2519 2517
f 2608 2611 2610
f 2608 2610 2607
f 2609 2612 2611
f 2609 2611 2608
f 2518 2520 2612
f 2518 2612 2609
f 2610 2613 2521
f 2610 2521 2519
f 2611 2614 2613
f 2611 2613 2610
f 2612 2615 2614
f 2612 2614 2611
f 2520 2522 2615
f 2520 2615 2612
f 2613 2616 2523
f 2613 2523 2521
f 2614 2617 2616
f 2614 2616 2613
f 2615 2618 2617
f 2615 2617 2614
f 2522 2524 2618
f 2522 2618 2615
f 2616 2619 2525
f 2616 2525 2523
f 2617 2620 2619
f 2617 2619 2616
f 2618 2621 2620
f 2618 2620 2617
f 2524 2526 2621
f 2524 2621 2618
f 2619 2622 2527
f 2619 2527 2525
f 2620 2623 2622
f 2620 2622 2619
f 2621 2624 2623
f 2621 2623 2620
f 2526 2528 2624
f 2526 2624 2621
f 2622 2577 2495
f 2622 2495 2527
f 2623 2579 2577
f 2623 2577 2622
f 2624 2581 2579
f 2624 2579 2623
f 2528 2500 2581
f 2528 2581 2624
f 2625 2626 2627
f 2628 2629 2630
f 2631 2625 2627
f 2632 2629 2628
f 2633 2631 2627
f 2634 2629 2632
f 2635 2633 2627
f 2636 2629 2634
f 2637 2635 2627
f 2638 2629 2636
f 2639 2637 2627
f 2640 2629 2638
f 2641 2639 2627
f 2642 2629 2640
f 2643 2641 2627
f 2644 2629 2642
f 2645 2643 2627
f 2646 2629 2644
f 2647 2645 2627
f 2648 2629 2646
f 2649 2647 2627
f 2650 2629 2648
f 2651 2649 2627
f 2652 2629 2650
f 2653 2651 2627
f 2654 2629 2652
f 2655 2653 2627
f 2656 2629 2654
f 2657 2655 2627
f 2658 2629 2656
f 2626 2657 2627
f 2630 2629 2658
f 2659 2660 2661
f 2662 2663 2664
f 2660 2665 2661
f 2662 2666 2663
f 2665 2667 2661
f 2662 2668 2666
f 2667 2669 2661
f 2662 2670 2668
f 2669 2671 2661
f 2662 2672 2670
f 2671 2673 2661
f 2662 2674 2672
f 2673 2675 2661
f 2662 2676 2674
f 2675 2677 2661
f 2662 2678 2676
f 2677 2679 2661
f 2662 2680 2678
f 2679 2681 2661
f 2662 2682 2680
f 2681 2683 2661
f 2662 2684 2682
f 2683 2685 2661
f 2662 2686 2684
f 2685 2687 2661
f 2662 2688 2686
f 2687 2689 2661
f 2662 2690 2688
f 2689 2691 2661
f 2662 2692 2690
f 2691 2659 2661
f 2662 2664 2692
f 2625 2693 2694
f 2625 2694 2626
f 2693 2695 2696
f 2693 2696 2694
f 2695 2697 2698
f 2695 2698 2696
f 2697 2628 2630
f 2697 2630 2698
f 2631 2699 2693
f 2631 2693 2625
f 2699 2700 2695
f 2699 2695 2693
f 2700 2701 2697
f 2700 2697 2695
f 2701 2632 2628
f 2701 2628 2697
f 2633 2702 2699
f 2633 2699 2631
f 2702 2703 2700
f 2702 2700 2699
f 2703 2704 2701
f 2703 2701 2700
f 2704 2634 2632
f 2704 2632 2701
f 2635 2705 2702
f 2635 2702 2633
f 2705 2706 2703
f 2705 2703 2702
f 2706 2707 2704
f 2706 2704 2703
f 2707 2636 2634
f 2707 2634 2704
f 2637 2708 2705
f 2637 2705 2635
f 2708 2709 2706
f 2708 2706 2705
f 2709 2710 2707
f 2709 2707 2706
f 2710 2638 2636
f 2710 2636 2707
f 2639 2711 2708
f 2639 2708 2637
f 2711 2712 2709
f 2711 2709 2708
f 2712 2713 2710
f 2712 2710 2709
f 2713 2640 2638
f 2713 2638 2710
f 2641 2714 2711
f 2641 2711 2639
f 2714 2715 2712
f 2714 2712 2711
f 2715 2716 2713
f 2715 2713 2712
f 2716 2642 2640
f 2716 2640 2713
f 2643 2717 2714
f 2643 2714 2641
f 2717 2718 2715
f 2717 2715 2714
f 2718 2719 2716
f 2718 2716 2715
f 2719 2644 2642
f 2719 2642 2716
f 2645 2720 2717
f 2645 2717 2643
f 2720 2721 2718
f 2720 2718 2717
f 2721 2722 2719
f 2721 2719 2718
f 2722 2646 2644
f 2722 2644 2719
f 2647 2723 2720
f 2647 2720 2645
f 2723 2724 2721
f 2723 2721 2720
f 2724 2725 2722
f 2724 2722 2721
f 2725 2648 2646
f 2725 2646 2722
f 2649 2726 2723
f 2649 2723 2647
f 2726 2727 2724
f 2726 2724 2723
f 2727 2728 2725
f 2727 2725 2724
f 2728 2650 2648
f 2728 2648 2725
f 2651 2729 2726
f 2651 2726 2649
f 2729 2730 2727
f 2729 2727 2726
f 2730 2731 2728
f 2730 2728 2727
f 2731 2652 2650
f 2731 2650 2728
f 2653 2732 2729
f 2653 2729 2651
f 2732 2733 2730
f 2732 2730 2729
f 2733 2734 2731
f 2733 2731 2730
f 2734 2654 2652
f 2734 2652 2731
f 2655 2735 2732
f 2655 2732 2653
f 2735 2736 2733
f 2735 2733 2732
f 2736 2737 2734
f 2736 2734 2733
f 2737 2656 2654
f 2737 2654 2734
f 2657 2738 2735
f 2657 2735 2655
f 2738 2739 2736
f 2738 2736 2735
f 2739 2740 2737
f 2739 2737 2736
f 2740 2658 2656
f 2740 2656 2737
f 2626 2694 2738
f 2626 2738 2657
f 2694 2696 2739
f 2694 2739 2738
f 2696 2698 2740
f 2696 2740 2739
f 2698 2630 2658
f 2698 2658 2740
f 2741 2742 2660
f 2741 2660 2659
f 2743 2744 2742
f 2743 2742 2741
f 2745 2746 2744
f 2745 2744 2743
f 2664 2663 2746
f 2664 2746 2745
f 2742 2747 2665
f 2742 2665 2660
f 2744 2748 2747
f 2744 2747 2742
f 2746 2749 2748
f 2746 2748 2744
f 2663 2666 2749
f 2663 2749 2746
f 2747 2750 2667
f 2747 2667 2665
f 2748 2751 2750
f 2748 2750 2747
f 2749 2752 2751
f 2749 2751 2748
f 2666 2668 2752
f 2666 2752 2749
f 2750 2753 2669
f 2750 2669 2667
f 2751 2754 2753
f 2751 2753 2750
f 2752 2755 2754
f 2752 2754 2751
f 2668 2670 2755
f 2668 2755 2752
f 2753 2756 2671
f 2753 2671 2669
f 2754 2757 2756
f 2754 2756 2753
f 2755 2758 2757
f 2755 2757 2754
f 2670 2672 2758
f 2670 2758 2755
f 2756 2759 2673
f 2756 2673 2671
f 2757 2760 2759
f 2757 2759 2756
f 2758 2761 2760
f 2758 2760 2757
f 2672 2674 2761
f 2672 2761 2758
f 2759 2762 2675
f 2759 2675 2673
f 2760 2763 2762
f 2760 2762 2759
f 2761 2764 2763
f 2761 2763 2760
f 2674 2676 2764
f 2674 2764 2761
f 2762 2765 2677
f 2762 2677 2675
f 2763 2766 2765
f 2763 2765 2762
f 2764 2767 2766
f 2764 2766 2763
f 2676 2678 2767
f 2676 2767 2764
f 2765 2768 2679
f 2765 2679 2677
f 2766 2769 2768
f 2766 2768 2765
f 2767 2770 2769
f 2767 2769 2766
f 2678 2680 2770
f 2678 2770 2767
f 2768 2771 2681
f 2768 2681 2679
f 2769 2772 2771
f 2769 2771 2768
f 2770 2773 2772
f 2770 2772 2769
f 2680 2682 2773
f 2680 2773 2770
f 2771 2774 2683
f 2771 2683 2681
f 2772 2775 2774
f 2772 2774 2771
f 2773 2776 2775
f 2773 2775 2772
f 2682 2684 2776
f 2682 2776 2773
f 2774 2777 2685
f 2774 2685 2683
f 2775 2778 2777
f 2775 2777 2774
f 2776 2779 2778
f 2776 2778 2775
f 2684 2686 2779
f 2684 2779 2776
f 2777 2780 2687
f 2777 2687 2685
f 2778 2781 2780
f 2778 2780 2777
f 2779 2782 2781
f 2779 2781 2778
f 2686 2688 2782
f 2686 2782 2779
f 2780 2783 2689
f 2780 2689 2687
f 2781 2784 2783
f 2781 2783 2780
f 2782 2785 2784
f 2782 2784 2781
f 2688 2690 2785
f 2688 2785 2782
f 2783 2786 2691
f 2783 2691 2689
f 2784 2787 2786
f 2784 2786 2783
f 2785 2788 2787
f 2785 2787 2784
f 2690 2692 2788
f 2690 2788 2785
f 2786 2741 2659
f 2786 2659 2691
f 2787 2743 2741
f 2787 2741 2786
f 2788 2745 2743
f 2788 2743 2787
f 2692 2664 2745
f 2692 2745 2788
f 2789 2790 2791
f 2792 2793 2794
f 2795 2789 2791
f 2796 2793 2792
f 2797 2795 2791
f 2798 2793 2796
f 2799 2797 2791
f 2800 2793 2798
f 2801 2799 2791
f 2802 2793 2800
f 2803 2801 2791
f 2804 2793 2802
f 2805 2803 2791
f 2806 2793 2804
f 2807 2805 2791
f 2808 2793 2806
f 2809 2807 2791
f 2810 2793 2808
f 2811 2809 2791
f 2812 2793 2810
f 2813 2811 2791
f 2814 2793 2812
f 2815 2813 2791
f 2816 2793 2814
f 2817 2815 2791
f 2818 2793 2816
f 2819 2817 2791
f 2820 2793 2818
f 2821 2819 2791
f 2822 2793 2820
f 2790 2821 2791
f 2794 2793 2822
f 2823 2824 2825
f 2826 2827 2828
f 2824 2829 2825
f 2826 2830 2827
f 2829 2831 2825
f 2826 2832 2830
f 2831 2833 2825
f 2826 2834 2832
f 2833 2835 2825
f 2826 2836 2834
f 2835 2837 2825
f 2826 2838 2836
f 2837 2839 2825
f 2826 2840 2838
f 2839 2841 2825
f 2826 2842 2840
f 2841 2843 2825
f 2826 2844 2842
f 2843 2845 2825
f 2826 2846 2844
f 2845 2847 2825
f 2826 2848 2846
f 2847 2849 2825
f 2826 2850 2848
f 2849 2851 2825
f 2826 2852 2850
f 2851 2853 2825
f 2826 2854 2852
f 2853 2855 2825
f 2826 2856 2854
f 2855 2823 2825
f 2826 2828 2856
f 2789 2857 2858
f 2789 2858 2790
f 2857 2859 2860
f 2857 2860 2858
f 2859 2861 2862
f 2859 2862 2860
f 2861 2792 2794
f 2861 2794 2862
f 2795 2863 2857
f 2795 2857 2789
f 2863 2864 2859
f 2863 2859 2857
f 2864 2865 2861
f 2864 2861 2859
f 2865 2796 2792
f 2865 2792 2861
f 2797 2866 2863
f 2797 2863 2795
f 2866 2867 2864
f 2866 2864 2863
f 2867 2868 2865
f 2867 2865 2864
f 2868 2798 2796
f 2868 2796 2865
f 2799 2869 2866
f 2799 2866 2797
f 2869 2870 2867
f 2869 2867 2866
f 2870 2871 2868
f 2870 2868 2867
f 2871 2800 2798
f 2871 2798 2868
f 2801 2872 2869
f 2801 2869 2799
f 2872 2873 2870
f 2872 2870 2869
f 2873 2874 2871
f 2873 2871 2870
f 2874 2802 2800
f 2874 2800 2871
f 2803 2875 2872
f 2803 2872 2801
f 2875 2876 2873
f 2875 2873 2872
f 2876 2877 2874
f 2876 2874 2873
f 2877 2804 2802
f 2877 2802 2874
f 2805 2878 2875
f 2805 2875 2803
f 2878 2879 2876
f 2878 2876 2875
f 2879 2880 2877
f 2879 2877 2876
f 2880 2806 2804
f 2880 2804 2877
f 2807 2881 2878
f 2807 2878 2805
f 2881 2882 2879
f 2881 2879 2878
f 2882 2883 2880
f 2882 2880 2879
f 2883 2808 2806
f 2883 2806 2880
f 2809 2884 2881
f 2809 2881 2807
f 2884 2885 2882
f 2884 2882 2881
f 2885 2886 2883
f 2885 2883 2882
f 2886 2810 2808
f 2886 2808 2883
f 2811 2887 2884
f 2811 2884 2809
f 2887 2888 2885
f 2887 2885 2884
f 2888 2889 2886
f 2888 2886 2885
f 2889 2812 2810
f 2889 2810 2886
f 2813 2890 2887
f 2813 2887 2811
f 2890 2891 2888
f 2890 2888 2887
f 2891 2892 2889
f 2891 2889 2888
f 2892 2814 2812
f 2892 2812 2889
f 2815 2893 2890
f 2815 2890 2813
f 2893 2894 2891
f 2893 2891 2890
f 2894 2895 2892
f 2894 2892 2891
f 2895 2816 2814
f 2895 2814 2892
f 2817 2896 2893
f 2817 2893 2815
f 2896 2897 2894
f 2896 2894 2893
f 2897 2898 2895
f 2897 2895 2894
f 2898 2818 2816
f 2898 2816 2895
f 2819 2899 2896
f 2819 2896 2817
f 2899 2900 2897
f 2899 2897 2896
f 2900 2901 2898
f 2900 2898 2897
f 2901 2820 2818
f 2901 2818 2898
f 2821 2902 2899
f 2821 2899 2819
f 2902 2903 2900
f 2902 2900 2899
f 2903 2904 2901
f 2903 2901 2900
f 2904 2822 2820
f 2904 2820 2901
f 2790 2858 2902
f 2790 2902 2821
f 2858 2860 2903
f 2858 2903 2902
f 2860 2862 2904
f 2860 2904 2903
f 2862 2794 2822
f 2862 2822 2904
f 2905 2906 2824
f 2905 2824 2823
f 2907 2908 2906
f 2907 2906 2905
f 2909 2910 2908
f 2909 2908 2907
f 2828 2827 2910
f 2828 2910 2909
f 2906 2911 2829
f 2906 2829 2824
f 2908 2912 2911
f 2908 2911 2906
f 2910 2913 2912
f 2910 2912 2908
f 2827 2830 2913
f 2827 2913 2910
f 2911 2914 2831
f 2911 2831 2829
f 2912 2915 2914
f 2912 2914 2911
f 2913 2916 2915
f 2913 2915 2912
f 2830 2832 2916
f 2830 2916 2913
f 2914 2917 2833
f 2914 2833 2831
f 2915 2918 2917
f 2915 2917 2914
f 2916 2919 2918
f 2916 2918 2915
f 2832 2834 2919
f 2832 2919 2916
f 2917 2920 2835
f 2917 2835 2833
f 2918 2921 2920
f 2918 2920 2917
f 2919 2922 2921
f 2919 2921 2918
f 2834 2836 2922
f 2834 2922 2919
f 2920 2923 2837
f 2920 2837 2835
f 2921 2924 2923
f 2921 2923 2920
f 2922 2925 2924
f 2922 2924 2921
f 2836 2838 2925
f 2836 2925 2922
f 2923 2926 2839
f 2923 2839 2837
f 2924 2927 2926
f 2924 2926 2923
f 2925 2928 2927
f 2925 2927 2924
f 2838 2840 2928
f 2838 2928 2925
f 2926 2929 2841
f 2926 2841 2839
f 2927 2930 2929
f 2927 2929 2926
f 2928 2931 2930
f 2928 2930 2927
f 2840 2842 2931
f 2840 2931 2928
f 2929 2932 2843
f 2929 2843 2841
f 2930 2933 2932
f 2930 2932 2929
f 2931 2934 2933
f 2931 2933 2930
f 2842 2844 2934
f 2842 2934 2931
f 2932 2935 2845
f 2932 2845 2843
f 2933 2936 2935
f 2933 2935 2932
f 2934 2937 2936
f 2934 2936 2933
f 2844 2846 2937
f 2844 2937 2934
f 2935 2938 2847
f 2935 2847 2845
f 2936 2939 2938
f 2936 2938 2935
f 2937 2940 2939
f 2937 2939 2936
f 2846 2848 2940
f 2846 2940 2937
f 2938 2941 2849
f 2938 2849 2847
f 2939 2942 2941
f 2939 2941 2938
f 2940 2943 2942
f 2940 2942 2939
f 2848 2850 2943
f 2848 2943 2940
f 2941 2944 2851
f 2941 2851 2849
f 2942 2945 2944
f 2942 2944 2941
f 2943 2946 2945
f 2943 2945 2942
f 2850 2852 2946
f 2850 2946 2943
f 2944 2947 2853
f 2944 2853 2851
f 2945 2948 2947
f 2945 2947 2944
f 2946 2949 2948
f 2946 2948 2945
f 2852 2854 2949
f 2852 2949 2946
f 2947 2950 2855
f 2947 2855 2853
f 2948 2951 2950
f 2948 2950 2947
f 2949 2952 2951
f 2949 2951 2948
f 2854 2856 2952
f 2854 2952 2949
f 2950 2905 2823
f 2950 2823 2855
f 2951 2907 2905
f 2951 2905 2950
f 2952 2909 2907
f 2952 2907 2951
f 2856 2828 2909
f 2856 2909 2952
f 2953 2954 2955
f 2956 2957 2958
f 2959 2953 2955
f 2960 2957 2956
f 2961 2959 2955
f 2962 2957 2960
f 2963 2961 2955
f 2964 2957 2962
f 2965 2963 2955
f 2966 2957 2964
f 2967 2965 2955
f 2968 2957 2966
f 2969 2967 2955
f 2970 2957 2968
f 2971 2969 2955
f 2972 2957 2970
f 2973 2971 2955
f 2974 2957 2972
f 2975 2973 2955
f 2976 2957 2974
f 2977 2975 2955
f 2978 2957 2976
f 2979 2977 2955
f 2980 2957 2978
f 2981 2979 2955
f 2982 2957 2980
f 2983 2981 2955
f 2984 2957 2982
f 2985 2983 2955
f 2986 2957 2984
f 2954 2985 2955
f 2958 2957 2986
f 2987 2988 2989
f 2990 2991 2992
f 2988 2993 2989
f 2990 2994 2991
f 2993 2995 2989
f 2990 2996 2994
f 2995 2997 2989
f 2990 2998 2996
f 2997 2999 2989
f 2990 3000 2998
f 2999 3001 2989
f 2990 3002 3000
f 3001 3003 2989
f 2990 3004 3002
f 3003 3005 2989
f 2990 3006 3004
f 3005 3007 2989
f 2990 3008 3006
f 3007 3009 2989
f 2990 3010 3008
f 3009 3011 2989
f 2990 3012 3010
f 3011 3013 2989
f 2990 3014 3012
f 3013 3015 2989
f 2990 3016 3014
f 3015 3017 2989
f 2990 3018 3016
f 3017 3019 2989
f 2990 3020 3018
f 3019 2987 2989
f 2990 2992 3020
f 2953 3021 3022
f 2953 3022 2954
f 3021 3023 3024
f 3021 3024 3022
f 3023 3025 3026
f 3023 3026 3024
f 3025 2956 2958
f 3025 2958 3026
f 2959 3027 3021
f 2959 3021 2953
f 3027 3028 3023
f 3027 3023 3021
f 3028 3029 3025
f 3028 3025 3023
f 3029 2960 2956
f 3029 2956 3025
f 2961 3030 3027
f 2961 3027 2959
f 3030 3031 3028
f 3030 3028 3027
f 3031 3032 3029
f 3031 3029 3028
f 3032 2962 2960
f 3032 2960 3029
f 2963 3033 3030
f 2963 3030 2961
f 3033 3034 3031
f 3033 3031 3030
f 3034 3035 3032
f 3034 3032 3031
f 3035 2964 2962
f 3035 2962 3032
f 2965 3036 3033
f 2965 3033 2963
f 3036 3037 3034
f 3036 3034 3033
f 3037 3038 3035
f 3037 3035 3034
f 3038 2966 2964
f 3038 2964 3035
f 2967 3039 3036
f 2967 3036 2965
f 3039 3040 3037
f 3039 3037 3036
f 3040 3041 3038
f 3040 3038 3037
f 3041 2968 2966
f 3041 2966 3038
f 2969 3042 3039
f 2969 3039 2967
f 3042 3043 3040
f 3042 3040 3039
f 3043 3044 3041
f 3043 3041 3040
f 3044 2970 2968
f 3044 2968 3041
f 2971 3045 3042
f 2971 3042 2969
f 3045 3046 3043
f 3045 3043 3042
f 3046 3047 3044
f 3046 3044 3043
f 3047 2972 2970
f 3047 2970 3044
f 2973 3048 3045
f 2973 3045 2971
f 3048 3049 3046
f 3048 3046 3045
f 3049 3050 3047
f 3049 3047 3046
f 3050 2974 2972
f 3050 2972 3047
f 2975 3051 3048
f 2975 3048 2973
f 3051 3052 3049
f 3051 3049 3048
f 3052 3053 3050
f 3052 3050 3049
f 3053 2976 2974
f 3053 2974 3050
f 2977 3054 3051
f 2977 3051 2975
f 3054 3055 3052
f 3054 3052 3051
f 3055 3056 3053
f 3055 3053 3052
f 3056 2978 2976
f 3056 2976 3053
f 2979 3057 3054
f 2979 3054 2977
f 3057 3058 3055
f 3057 3055 3054
f 3058 3059 3056
f 3058 3056 3055
f 3059 2980 2978
f 3059 2978 3056
f 2981 3060 3057
f 2981 3057 2979
f 3060 3061 3058
f 3060 3058 3057
f 3061 3062 3059
f 3061 3059 3058
f 3062 2982 2980
f 3062 2980 3059
f 2983 3063 3060
f 2983 3060 2981
f 3063 3064 3061
f 3063 3061 3060
f 3064 3065 3062
f 3064 3062 3061
f 3065 2984 2982
f 3065 2982 3062
f 2985 3066 3063
f 2985 3063 2983
f 3066 3067 3064
f 3066 3064 3063
f 3067 3068 3065
f 3067 3065 3064
f 3068 2986 2984
f 3068 2984 3065
f 2954 3022 3066
f 2954 3066 2985
f 3022 3024 3067
f 3022 3067 3066
f 3024 3026 3068
f 3024 3068 3067
f 3026 2958 2986
f 3026 2986 3068
f 3069 3070 2988
f 3069 2988 2987
f 3071 3072 3070
f 3071 3070 3069
f 3073 3074 3072
f 3073 3072 3071
f 2992 2991 3074
f 2992 3074 3073
f 3070 3075 2993
f 3070 2993 2988
f 3072 3076 3075
f 3072 3075 3070
f 3074 3077 3076
f 3074 3076 3072
f 2991 2994 3077
f 2991 3077 3074
f 3075 3078 2995
f 3075 2995 2993
f 3076 3079 3078
f 3076 3078 3075
f 3077 3080 3079
f 3077 3079 3076
f 2994 2996 3080
f 2994 3080 3077
f 3078 3081 2997
f 3078 2997 2995
f 3079 3082 3081
f 3079 3081 3078
f 3080 3083 3082
f 3080 3082 3079
f 2996 2998 3083
f 2996 3083 3080
f 3081 3084 2999
f 3081 2999 2997
f 3082 3085 3084
f 3082 3084 3081
f 3083 3086 3085
f 3083 3085 3082
f 2998 3000 3086
f 2998 3086 3083
f 3084 3087 3001
f 3084 3001 2999
f 3085 3088 3087
f 3085 3087 3084
f 3086 3089 3088
f 3086 3088 3085
f 3000 3002 3089
f 3000 3089 3086
f 3087 3090 3003
f 3087 3003 3001
f 3088 3091 3090
f 3088 3090 3087
f 3089 3092 3091
f 3089 3091 3088
f 3002 3004 3092
f 3002 3092 3089
f 3090 3093 3005
f 3090 3005 3003
f 3091 3094 3093
f 3091 3093 3090
f 3092 3095 3094
f 3092 3094 3091
f 3004 3006 3095
f 3004 3095 3092
f 3093 3096 3007
f 3093 3007 3005
f 3094 3097 3096
f 3094 3096 3093
f 3095 3098 3097
f 3095 3097 3094
f 3006 3008 3098
f 3006 3098 3095
f 3096 3099 3009
f 3096 3009 3007
f 3097 3100 3099
f 3097 3099 3096
f 3098 3101 3100
f 3098 3100 3097
f 3008 3010 3101
f 3008 3101 3098
f 3099 3102 3011
f 3099 3011 3009
f 3100 3103 3102
f 3100 3102 3099
f 3101 3104 3103
f 3101 3103 3100
f 3010 3012 3104
f 3010 3104 3101
f 3102 3105 3013
f 3102 3013 3011
f 3103 3106 3105
f 3103 3105 3102
f 3104 3107 3106
f 3104 3106 3103
f 3012 3014 3107
f 3012 3107 3104
f 3105 3108 3015
f 3105 3015 3013
f 3106 3109 3108
f 3106 3108 3105
f 3107 3110 3109
f 3107 3109 3106
f 3014 3016 3110
f 3014 3110 3107
f 3108 3111 3017
f 3108 3017 3015
f 3109 3112 3111
f 3109 3111 3108
f 3110 3113 3112
f 3110 3112 3109
f 3016 3018 3113
f 3016 3113 3110
f 3111 3114 3019
f 3111 3019 3017
f 3112 3115 3114
f 3112 3114 3111
f 3113 3116 3115
f 3113 3115 3112
f 3018 3020 3116
f 3018 3116 3113
f 3114 3069 2987
f 3114 2987 3019
f 3115 3071 3069
f 3115 3069 3114
f 3116 3073 3071
f 3116 3071 3115
f 3020 2992 3073
f 3020 3073 3116
f 3117 3118 3119
f 3120 3121 3122
f 3123 3117 3119
f 3124 3121 3120
f 3125 3123 3119
f 3126 3121 3124
f 3127 3125 3119
f 3128 3121 3126
f 3129 3127 3119
f 3130 3121 3128
f 3131 3129 3119
f 3132 3121 3130
f 3133 3131 3119
f 3134 3121 3132
f 3135 3133 3119
f 3136 3121 3134
f 3137 3135 3119
f 3138 3121 3136
f 3139 3137 3119
f 3140 3121 3138
f 3141 3139 3119
f 3142 3121 3140
f 3143 3141 3119
f 3144 3121 3142
f 3145 3143 3119
f 3146 3121 3144
f 3147 3145 3119
f 3148 3121 3146
f 3149 3147 3119
f 3150 3121 3148
f 3118 3149 3119
f 3122 3121 3150
f 3151 3152 3153
f 3154 3155 3156
f 3152 3157 3153
f 3154 3158 3155
f 3157 3159 3153
f 3154 3160 3158
f 3159 3161 3153
f 3154 3162 3160
f 3161 3163 3153
f 3154 3164 3162
f 3163 3165 3153
f 3154 3166 3164
f 3165 3167 3153
f 3154 3168 3166
f 3167 3169 3153
f 3154 3170 3168
f 3169 3171 3153
f 3154 3172 3170
f 3171 3173 3153
f 3154 3174 3172
f 3173 3175 3153
f 3154 3176 3174
f 3175 3177 3153
f 3154 3178 3176
f 3177 3179 3153
f 3154 3180 3178
f 3179 3181 3153
f 3154 3182 3180
f 3181 3183 3153
f 3154 3184 3182
f 3183 3151 3153
f 3154 3156 3184
f 3117 3185 3186
f 3117 3186 3118
f 3185 3187 3188
f 3185 3188 3186
f 3187 3189 3190
f 3187 3190 3188
f 3189 3120 3122
f 3189 3122 3190
f 3123 3191 3185
f 3123 3185 3117
f 3191 3192 3187
f 3191 3187 3185
f 3192 3193 3189
f 3192 3189 3187
f 3193 3124 3120
f 3193 3120 3189
f 3125 3194 3191
f 3125 3191 3123
f 3194 3195 3192
f 3194 3192 3191
f 3195 3196 3193
f 3195 3193 3192
f 3196 3126 3124
f 3196 3124 3193
f 3127 3197 3194
f 3127 3194 3125
f 3197 3198 3195
f 3197 3195 3194
f 3198 3199 3196
f 3198 3196 3195
f 3199 3128 3126
f 3199 3126 3196
f 3129 3200 3197
f 3129 3197 3127
f 3200 3201 3198
f 3200 3198 3197
f 3201 3202 3199
f 3201 3199 3198
f 3202 3130 3128
f 3202 3128 3199
f 3131 3203 3200
f 3131 3200 3129
f 3203 3204 3201
f 3203 3201 3200
f 3204 3205 3202
f 3204 3202 3201
f 3205 3132 3130
f 3205 3130 3202
f 3133 3206 3203
f 3133 3203 3131
f 3206 3207 3204
f 3206 3204 3203
f 3207 3208 3205
f 3207 3205 3204
f 3208 3134 3132
f 3208 3132 3205
f 3135 3209 3206
f 3135 3206 3133
f 3209 3210 3207
f 3209 3207 3206
f 3210 3211 3208
f 3210 3208 3207
f 3211 3136 3134
f 3211 3134 3208
f 3137 3212 3209
f 3137 3209 3135
f 3212 3213 3210
f 3212 3210 3209
f 3213 3214 3211
f 3213 3211 3210
f 3214 3138 3136
f 3214 3136 3211
f 3139 3215 3212
f 3139 3212 3137
f 3215 3216 3213
f 3215 3213 3212
f 3216 3217 3214
f 3216 3214 3213
f 3217 3140 3138
f 3217 3138 3214
f 3141 3218 3215
f 3141 3215 3139
f 3218 3219 3216
f 3218 3216 3215
f 3219 3220 3217
f 3219 3217 3216
f 3220 3142 3140
f 3220 3140 3217
f 3143 3221 3218
f 3143 3218 3141
f 3221 3222 3219
f 3221 3219 3218
f 3222 3223 3220
f 3222 3220 3219
f 3223 3144 3142
f 3223 3142 3220
f 3145 3224 3221
f 3145 3221 3143
f 3224 3225 3222
f 3224 3222 3221
f 3225 3226 3223
f 3225 3223 3222
f 3226 3146 3144
f 3226 3144 3223
f 3147 3227 3224
f 3147 3224 3145
f 3227 3228 3225
f 3227 3225 3224
f 3228 3229 3226
f 3228 3226 3225
f 3229 3148 3146
f 3229 3146 3226
f 3149 3230 3227
f 3149 3227 3147
f 3230 3231 3228
f 3230 3228 3227
f 3231 3232 3229
f 3231 3229 3228
f 3232 3150 3148
f 3232 3148 3229
f 3118 3186 3230
f 3118 3230 3149
f 3186 3188 3231
f 3186 3231 3230
f 3188 3190 3232
f 3188 3232 3231
f 3190 3122 3150
f 3190 3150 3232
f 3233 3234 3152
f 3233 3152 3151
f 3235 3236 3234
f 3235 3234 3233
f 3237 3238 3236
f 3237 3236 3235
f 3156 3155 3238
f 3156 3238 3237
f 3234 3239 3157
f 3234 3157 3152
f 3236 3240 3239
f 3236 3239 3234
f 3238 3241 3240
f 3238 3240 3236
f 3155 3158 3241
f 3155 3241 3238
f 3239 3242 3159
f 3239 3159 3157
f 3240 3243 3242
f 3240 3242 3239
f 3241 3244 3243
f 3241 3243 3240
f 3158 3160 3244
f 3158 3244 3241
f 3242 3245 3161
f 3242 3161 3159
f 3243 3246 3245
f 3243 3245 3242
f 3244 3247 3246
f 3244 3246 3243
f 3160 3162 3247
f 3160 3247 3244
f 3245 3248 3163
f 3245 3163 3161
f 3246 3249 3248
f 3246 3248 3245
f 3247 3250 3249
f 3247 3249 3246
f 3162 3164 3250
f 3162 3250 3247
f 3248 3251 3165
f 3248 3165 3163
f 3249 3252 3251
f 3249 3251 3248
f 3250 3253 3252
f 3250 3252 3249
f 3164 3166 3253
f 3164 3253 3250
f 3251 3254 3167
f 3251 3167 3165
f 3252 3255 3254
f 3252 3254 3251
f 3253 3256 3255
f 3253 3255 3252
f 3166 3168 3256
f 3166 3256 3253
f 3254 3257 3169
f 3254 3169 3167
f 3255 3258 3257
f 3255 3257 3254
f 3256 3259 3258
f 3256 3258 3255
f 3168 3170 3259
f 3168 3259 3256
f 3257 3260 3171
f 3257 3171 3169
f 3258 3261 3260
f 3258 3260 3257
f 3259 3262 3261
f 3259 3261 3258
f 3170 3172 3262
f 3170 3262 3259
f 3260 3263 3173
f 3260 3173 3171
f 3261 3264 3263
f 3261 3263 3260
f 3262 3265 3264
f 3262 3264 3261
f 3172 3174 3265
f 3172 3265 3262
f 3263 3266 3175
f 3263 3175 3173
f 3264 3267 3266
f 3264 3266 3263
f 3265 3268 3267
f 3265 3267 3264
f 3174 3176 3268
f 3174 3268 3265
f 3266 3269 3177
f 3266 3177 3175
f 3267 3270 3269
f 3267 3269 3266
f 3268 3271 3270
f 3268 3270 3267
f 3176 3178 3271
f 3176 3271 3268
f 3269 3272 3179
f 3269 3179 3177
f 3270 3273 3272
f 3270 3272 3269
f 3271 3274 3273
f 3271 3273 3270
f 3178 3180 3274
f 3178 3274 3271
f 3272 3275 3181
f 3272 3181 3179
f 3273 3276 3275
f 3273 3275 3272
f 3274 3277 3276
f 3274 3276 3273
f 3180 3182 3277
f 3180 3277 3274
f 3275 3278 3183
f 3275 3183 3181
f 3276 3279 3278
f 3276 3278 3275
f 3277 3280 3279
f 3277 3279 3276
f 3182 3184 3280
f 3182 3280 3277
f 3278 3233 3151
f 3278 3151 3183
f 3279 3235 3233
f 3279 3233 3278
f 3280 3237 3235
f 3280 3235 3279
f 3184 3156 3237
f 3184 3237 3280
f 3281 3282 3283
f 3281 3283 3284
f 3285 3286 3282
f 3285 3282 3281
f 3287 3288 3286
f 3287 3286 3285
f 3284 3283 3288
f 3284 3288 3287
f 3282 3286 3288
f 3282 3288 3283
f 3285 3281 3284
f 3285 3284 3287
f 3289 3290 3291
f 3289 3291 3292
f 3293 3294 3290
f 3293 3290 3289
f 3295 3296 3294
f 3295 3294 3293
f 3292 3291 3296
f 3292 3296 3295
f 3290 3294 3296
f 3290 3296 3291
f 3293 3289 3292
f 3293 3292 3295
f 3297 3298 3282
f 3297 3282 3281
f 3299 3300 3298
f 3299 3298 3297
f 3285 3286 3300
f 3285 3300 3299
f 3281 3282 3286
f 3281 3286 3285
f 3298 3300 3286
f 3298 3286 3282
f 3299 3297 3281
f 3299 3281 3285
f 3301 3302 3290
f 3301 3290 3289
f 3303 3304 3302
f 3303 3302 3301
f 3293 3294 3304
f 3293 3304 3303
f 3289 3290 3294
f 3289 3294 3293
f 3302 3304 3294
f 3302 3294 3290
f 3303 3301 3289
f 3303 3289 3293
f 3305 3306 3298
f 3305 3298 3297
f 3307 3308 3306
f 3307 3306 3305
f 3299 3300 3308
f 3299 3308 3307
f 3297 3298 3300
f 3297 3300 3299
f 3306 3308 3300
f 3306 3300 3298
f 3307 3305 3297
f 3307 3297 3299
f 3309 3310 3302
f 3309 3302 3301
f 3311 3312 3310
f 3311 3310 3309
f 3303 3304 3312
f 3303 3312 3311
f 3301 3302 3304
f 3301 3304 3303
f 3310 3312 3304
f 3310 3304 3302
f 3311 3309 3301
f 3311 3301 3303
f 3313 3314 3306
f 3313 3306 3305
f 3315 3316 3314
f 3315 3314 3313
f 3307 3308 3316
f 3307 3316 3315
f 3305 3306 3308
f 3305 3308 3307
f 3314 3316 3308
f 3314 3308 3306
f 3315 3313 3305
f 3315 3305 3307
f 3317 3318 3310
f 3317 3310 3309
f 3319 3320 3318
f 3319 3318 3317
f 3311 3312 3320
f 3311 3320 3319
f 3309 3310 3312
f 3309 3312 3311
f 3318 3320 3312
f 3318 3312 3310
f 3319 3317 3309
f 3319 3309 3311
f 3321 3322 3314
f 3321 3314 3313
f 3323 3324 3322
f 3323 3322 3321
f 3315 3316 3324
f 3315 3324 3323
f 3313 3314 3316
f 3313 3316 3315
f 3322 3324 3316
f 3322 3316 3314
f 3323 3321 3313
f 3323 3313 3315
f 3325 3326 3318
f 3325 3318 3317
f 3327 3328 3326
f 3327 3326 3325
f 3319 3320 3328
f 3319 3328 3327
f 3317 3318 3320
f 3317 3320 3319
f 3326 3328 3320
f 3326 3320 3318
f 3327 3325 3317
f 3327 3317 3319
f 3329 3330 3322
f 3329 3322 3321
f 3331 3332 3330
f 3331 3330 3329
f 3323 3324 3332
f 3323 3332 3331
f 3321 3322 3324
f 3321 3324 3323
f 3330 3332 3324
f 3330 3324 3322
f 3331 3329 3321
f 3331 3321 3323
f 3333 3334 3326
f 3333 3326 3325
f 3335 3336 3334
f 3335 3334 3333
f 3327 3328 3336
f 3327 3336 3335
f 3325 3326 3328
f 3325 3328 3327
f 3334 3336 3328
f 3334 3328 3326
f 3335 3333 3325
f 3335 3325 3327
f 3337 3338 3339
f 3337 3339 3340
f 3341 3342 3338
f 3341 3338 3337
f 3343 3344 3342
f 3343 3342 3341
f 3340 3339 3344
f 3340 3344 3343
f 3338 3342 3344
f 3338 3344 3339
f 3341 3337 3340
f 3341 3340 3343
f 3345 3346 3347
f 3345 3347 3348
f 3349 3350 3346
f 3349 3346 3345
f 3351 3352 3350
f 3351 3350 3349
f 3348 3347 3352
f 3348 3352 3351
f 3346 3350 3352
f 3346 3352 3347
f 3349 3345 3348
f 3349 3348 3351
f 3353 3354 3338
f 3353 3338 3337
f 3355 3356 3354
f 3355 3354 3353
f 3341 3342 3356
f 3341 3356 3355
f 3337 3338 3342
f 3337 3342 3341
f 3354 3356 3342
f 3354 3342 3338
f 3355 3353 3337
f 3355 3337 3341
f 3357 3358 3346
f 3357 3346 3345
f 3359 3360 3358
f 3359 3358 3357
f 3349 3350 3360
f 3349 3360 3359
f 3345 3346 3350
f 3345 3350 3349
f 3358 3360 3350
f 3358 3350 3346
f 3359 3357 3345
f 3359 3345 3349
f 3361 3362 3354
f 3361 3354 3353
f 3363 3364 3362
f 3363 3362 3361
f 3355 3356 3364
f 3355 3364 3363
f 3353 3354 3356
f 3353 3356 3355
f 3362 3364 3356
f 3362 3356 3354
f 3363 3361 3353
f 3363 3353 3355
f 3365 3366 3358
f 3365 3358 3357
f 3367 3368 3366
f 3367 3366 3365
f 3359 3360 3368
f 3359 3368 3367
f 3357 3358 3360
f 3357 3360 3359
f 3366 3368 3360
f 3366 3360 3358
f 3367 3365 3357
f 3367 3357 3359
f 3369 3370 3362
f 3369 3362 3361
f 3371 3372 3370
f 3371 3370 3369
f 3363 3364 3372
f 3363 3372 3371
f 3361 3362 3364
f 3361 3364 3363
f 3370 3372 3364
f 3370 3364 3362
f 3371 3369 3361
f 3371 3361 3363
f 3373 3374 3366
f 3373 3366 3365
f 3375 3376 3374
f 3375 3374 3373
f 3367 3368 3376
f 3367 3376 3375
f 3365 3366 3368
f 3365 3368 3367
f 3374 3376 3368
f 3374 3368 3366
f 3375 3373 3365
f 3375 3365 3367
f 3377 3378 3370
f 3377 3370 3369
f 3379 3380 3378
f 3379 3378 3377
f 3371 3372 3380
f 3371 3380 3379
f 3369 3370 3372
f 3369 3372 3371
f 3378 3380 3372
f 3378 3372 3370
f 3379 3377 3369
f 3379 3369 3371
f 3381 3382 3374
f 3381 3374 3373
f 3383 3384 3382
f 3383 3382 3381
f 3375 3376 3384
f 3375 3384 3383
f 3373 3374 3376
f 3373 3376 3375
f 3382 3384 3376
f 3382 3376 3374
f 3383 3381 3373
f 3383 3373 3375
f 3385 3386 3378
f 3385 3378 3377
f 3387 3388 3386
f 3387 3386 3385
f 3379 3380 3388
f 3379 3388 3387
f 3377 3378 3380
f 3377 3380 3379
f 3386 3388 3380
f 3386 3380 3378
f 3387 3385 3377
f 3387 3377 3379
f 3389 3390 3382
f 3389 3382 3381
f 3391 3392 3390
f 3391 3390 3389
f 3383 3384 3392
f 3383 3392 3391
f 3381 3382 3384
f 3381 3384 3383
f 3390 3392 3384
f 3390 3384 3382
f 3391 3389 3381
f 3391 3381 3383
f 3393 3394 3395
f 3393 3395 3396
f 3397 3398 3394
f 3397 3394 3393
f 3399 3400 3398
f 3399 3398 3397
f 3396 3395 3400
f 3396 3400 3399
f 3394 3398 3400
f 3394 3400 3395
f 3397 3393 3396
f 3397 3396 3399
f 3401 3402 3403
f 3401 3403 3404
f 3405 3406 3402
f 3405 3402 3401
f 3407 3408 3406
f 3407 3406 3405
f 3404 3403 3408
f 3404 3408 3407
f 3402 3406 3408
f 3402 3408 3403
f 3405 3401 3404
f 3405 3404 3407
f 3409 3410 3394
f 3409 3394 3393
f 3411 3412 3410
f 3411 3410 3409
f 3397 3398 3412
f 3397 3412 3411
f 3393 3394 3398
f 3393 3398 3397
f 3410 3412 3398
f 3410 3398 3394
f 3411 3409 3393
f 3411 3393 3397
f 3413 3414 3402
f 3413 3402 3401
f 3415 3416 3414
f 3415 3414 3413
f 3405 3406 3416
f 3405 3416 3415
f 3401 3402 3406
f 3401 3406 3405
f 3414 3416 3406
f 3414 3406 3402
f 3415 3413 3401
f 3415 3401 3405
f 3417 3418 3410
f 3417 3410 3409
f 3419 3420 3418
f 3419 3418 3417
f 3411 3412 3420
f 3411 3420 3419
f 3409 3410 3412
f 3409 3412 3411
f 3418 3420 3412
f 3418 3412 3410
f 3419 3417 3409
f 3419 3409 3411
f 3421 3422 3414
f 3421 3414 3413
f 3423 3424 3422
f 3423 3422 3421
f 3415 3416 3424
f 3415 3424 3423
f 3413 3414 3416
f 3413 3416 3415
f 3422 3424 3416
f 3422 3416 3414
f 3423 3421 3413
f 3423 3413 3415
f 3425 3426 3418
f 3425 3418 3417
f 3427 3428 3426
f 3427 3426 3425
f 3419 3420 3428
f 3419 3428 3427
f 3417 3418 3420
f 3417 3420 3419
f 3426 3428 3420
f 3426 3420 3418
f 3427 3425 3417
f 3427 3417 3419
f 3429 3430 3422
f 3429 3422 3421
f 3431 3432 3430
f 3431 3430 3429
f 3423 3424 3432
f 3423 3432 3431
f 3421 3422 3424
f 3421 3424 3423
f 3430 3432 3424
f 3430 3424 3422
f 3431 3429 3421
f 3431 3421 3423
f 3433 3434 3426
f 3433 3426 3425
f 3435 3436 3434
f 3435 3434 3433
f 3427 3428 3436
f 3427 3436 3435
f 3425 3426 3428
f 3425 3428 3427
f 3434 3436 3428
f 3434 3428 3426
f 3435 3433 3425
f 3435 3425 3427
f 3437 3438 3430
f 3437 3430 3429
f 3439 3440 3438
f 3439 3438 3437
f 3431 3432 3440
f 3431 3440 3439
f 3429 3430 3432
f 3429 3432 3431
f 3438 3440 3432
f 3438 3432 3430
f 3439 3437 3429
f 3439 3429 3431
f 3441 3442 3434
f 3441 3434 3433
f 3443 3444 3442
f 3443 3442 3441
f 3435 3436 3444
f 3435 3444 3443
f 3433 3434 3436
f 3433 3436 3435
f 3442 3444 3436
f 3442 3436 3434
f 3443 3441 3433
f 3443 3433 3435
f 3445 3446 3438
f 3445 3438 3437
f 3447 3448 3446
f 3447 3446 3445
f 3439 3440 3448
f 3439 3448 3447
f 3437 3438 3440
f 3437 3440 3439
f 3446 3448 3440
f 3446 3440 3438
f 3447 3445 3437
f 3447 3437 3439
f 3449 3450 3451
f 3449 3451 3452
f 3453 3454 3450
f 3453 3450 3449
f 3455 3456 3454
f 3455 3454 3453
f 3452 3451 3456
f 3452 3456 3455
f 3450 3454 3456
f 3450 3456 3451
f 3453 3449 3452
f 3453 3452 3455
f 3457 3458 3459
f 3457 3459 3460
f 3461 3462 3458
f 3461 3458 3457
f 3463 3464 3462
f 3463 3462 3461
f 3460 3459 3464
f 3460 3464 3463
f 3458 3462 3464
f 3458 3464 3459
f 3461 3457 3460
f 3461 3460 3463
f 3465 3466 3450
f 3465 3450 3449
f 3467 3468 3466
f 3467 3466 3465
f 3453 3454 3468
f 3453 3468 3467
f 3449 3450 3454
f 3449 3454 3453
f 3466 3468 3454
f 3466 3454 3450
f 3467 3465 3449
f 3467 3449 3453
f 3469 3470 3458
f 3469 3458 3457
f 3471 3472 3470
f 3471 3470 3469
f 3461 3462 3472
f 3461 3472 3471
f 3457 3458 3462
f 3457 3462 3461
f 3470 3472 3462
f 3470 3462 3458
f 3471 3469 3457
f 3471 3457 3461
f 3473 3474 3466
f 3473 3466 3465
f 3475 3476 3474
f 3475 3474 3473
f 3467 3468 3476
f 3467 3476 3475
f 3465 3466 3468
f 3465 3468 3467
f 3474 3476 3468
f 3474 3468 3466
f 3475 3473 3465
f 3475 3465 3467
f 3477 3478 3470
f 3477 3470 3469
f 3479 3480 3478
f 3479 3478 3477
f 3471 3472 3480
f 3471 3480 3479
f 3469 3470 3472
f 3469 3472 3471
f 3478 3480 3472
f 3478 3472 3470
f 3479 3477 3469
f 3479 3469 3471
f 3481 3482 3474
f 3481 3474 3473
f 3483 3484 3482
f 3483 3482 3481
f 3475 3476 3484
f 3475 3484 3483
f 3473 3474 3476
f 3473 3476 3475
f 3482 3484 3476
f 3482 3476 3474
f 3483 3481 3473
f 3483 3473 3475
f 3485 3486 3478
f 3485 3478 3477
f 3487 3488 3486
f 3487 3486 3485
f 3479 3480 3488
f 3479 3488 3487
f 3477 3478 3480
f 3477 3480 3479
f 3486 3488 3480
f 3486 3480 3478
f 3487 3485 3477
f 3487 3477 3479
f 3489 3490 3482
f 3489 3482 3481
f 3491 3492 3490
f 3491 3490 3489
f 3483 3484 3492
f 3483 3492 3491
f 3481 3482 3484
f 3481 3484 3483
f 3490 3492 3484
f 3490 3484 3482
f 3491 3489 3481
f 3491 3481 3483
f 3493 3494 3486
f 3493 3486 3485
f 3495 3496 3494
f 3495 3494 3493
f 3487 3488 3496
f 3487 3496 3495
f 3485 3486 3488
f 3485 3488 3487
f 3494 3496 3488
f 3494 3488 3486
f 3495 3493 3485
f 3495 3485 3487
f 3497 3498 3490
f 3497 3490 3489
f 3499 3500 3498
f 3499 3498 3497
f 3491 3492 3500
f 3491 3500 3499
f 3489 3490 3492
f 3489 3492 3491
f 3498 3500 3492
f 3498 3492 3490
f 3499 3497 3489
f 3499 3489 3491
f 3501 3502 3494
f 3501 3494 3493
f 3503 3504 3502
f 3503 3502 3501
f 3495 3496 3504
f 3495 3504 3503
f 3493 3494 3496
f 3493 3496 3495
f 3502 3504 3496
f 3502 3496 3494
f 3503 3501 3493
f 3503 3493 3495
f 3505 3506 3507
f 3505 3507 3508
f 3509 3510 3506
f 3509 3506 3505
f 3511 3512 3510
f 3511 3510 3509
f 3508 3507 3512
f 3508 3512 3511
f 3506 3510 3512
f 3506 3512 3507
f 3509 3505 3508
f 3509 3508 3511
f 3513 3514 3515
f 3513 3515 3516
f 3517 3518 3514
f 3517 3514 3513
f 3519 3520 3518
f 3519 3518 3517
f 3516 3515 3520
f 3516 3520 3519
f 3514 3518 3520
f 3514 3520 3515
f 3517 3513 3516
f 3517 3516 3519
f 3521 3522 3506
f 3521 3506 3505
f 3523 3524 3522
f 3523 3522 3521
f 3509 3510 3524
f 3509 3524 3523
f 3505 3506 3510
f 3505 3510 3509
f 3522 3524 3510
f 3522 3510 3506
f 3523 3521 3505
f 3523 3505 3509
f 3525 3526 3514
f 3525 3514 3513
f 3527 3528 3526
f 3527 3526 3525
f 3517 3518 3528
f 3517 3528 3527
f 3513 3514 3518
f 3513 3518 3517
f 3526 3528 3518
f 3526 3518 3514
f 3527 3525 3513
f 3527 3513 3517
f 3529 3530 3522
f 3529 3522 3521
f 3531 3532 3530
f 3531 3530 3529
f 3523 3524 3532
f 3523 3532 3531
f 3521 3522 3524
f 3521 3524 3523
f 3530 3532 3524
f 3530 3524 3522
f 3531 3529 3521
f 3531 3521 3523
f 3533 3534 3526
f 3533 3526 3525
f 3535 3536 3534
f 3535 3534 3533
f 3527 3528 3536
f 3527 3536 3535
f 3525 3526 3528
f 3525 3528 3527
f 3534 3536 3528
f 3534 3528 3526
f 3535 3533 3525
f 3535 3525 3527
f 3537 3538 3530
f 3537 3530 3529
f 3539 3540 3538
f 3539 3538 3537
f 3531 3532 3540
f 3531 3540 3539
f 3529 3530 3532
f 3529 3532 3531
f 3538 3540 3532
f 3538 3532 3530
f 3539 3537 3529
f 3539 3529 3531
f 3541 3542 3534
f 3541 3534 3533
f 3543 3544 3542
f 3543 3542 3541
f 3535 3536 3544
f 3535 3544 3543
f 3533 3534 3536
f 3533 3536 3535
f 3542 3544 3536
f 3542 3536 3534
f 3543 3541 3533
f 3543 3533 3535
f 3545 3546 3538
f 3545 3538 3537
f 3547 3548 3546
f 3547 3546 3545
f 3539 3540 3548
f 3539 3548 3547
f 3537 3538 3540
f 3537 3540 3539
f 3546 3548 3540
f 3546 3540 3538
f 3547 3545 3537
f 3547 3537 3539
f 3549 3550 3542
f 3549 3542 3541
f 3551 3552 3550
f 3551 3550 3549
f 3543 3544 3552
f 3543 3552 3551
f 3541 3542 3544
f 3541 3544 3543
f 3550 3552 3544
f 3550 3544 3542
f 3551 3549 3541
f 3551 3541 3543
f 3553 3554 3546
f 3553 3546 3545
f 3555 3556 3554
f 3555 3554 3553
f 3547 3548 3556
f 3547 3556 3555
f 3545 3546 3548
f 3545 3548 3547
f 3554 3556 3548
f 3554 3548 3546
f 3555 3553 3545
f 3555 3545 3547
f 3557 3558 3550
f 3557 3550 3549
f 3559 3560 3558
f 3559 3558 3557
f 3551 3552 3560
f 3551 3560 3559
f 3549 3550 3552
f 3549 3552 3551
f 3558 3560 3552
f 3558 3552 3550
f 3559 3557 3549
f 3559 3549 3551
f 3561 3562 3563
f 3561 3563 3564
f 3565 3566 3562
f 3565 3562 3561
f 3567 3568 3566
f 3567 3566 3565
f 3564 3563 3568
f 3564 3568 3567
f 3562 3566 3568
f 3562 3568 3563
f 3565 3561 3564
f 3565 3564 3567
f 3569 3570 3571
f 3569 3571 3572
f 3573 3574 3570
f 3573 3570 3569
f 3575 3576 3574
f 3575 3574 3573
f 3572 3571 3576
f 3572 3576 3575
f 3570 3574 3576
f 3570 3576 3571
f 3573 3569 3572
f 3573 3572 3575
f 3577 3578 3562
f 3577 3562 3561
f 3579 3580 3578
f 3579 3578 3577
f 3565 3566 3580
f 3565 3580 3579
f 3561 3562 3566
f 3561 3566 3565
f 3578 3580 3566
f 3578 3566 3562
f 3579 3577 3561
f 3579 3561 3565
f 3581 3582 3570
f 3581 3570 3569
f 3583 3584 3582
f 3583 3582 3581
f 3573 3574 3584
f 3573 3584 3583
f 3569 3570 3574
f 3569 3574 3573
f 3582 3584 3574
f 3582 3574 3570
f 3583 3581 3569
f 3583 3569 3573
f 3585 3586 3578
f 3585 3578 3577
f 3587 3588 3586
f 3587 3586 3585
f 3579 3580 3588
f 3579 3588 3587
f 3577 3578 3580
f 3577 3580 3579
f 3586 3588 3580
f 3586 3580 3578
f 3587 3585 3577
f 3587 3577 3579
f 3589 3590 3582
f 3589 3582 3581
f 3591 3592 3590
f 3591 3590 3589
f 3583 3584 3592
f 3583 3592 3591
f 3581 3582 3584
f 3581 3584 3583
f 3590 3592 3584
f 3590 3584 3582
f 3591 3589 3581
f 3591 3581 3583
f 3593 3594 3586
f 3593 3586 3585
f 3595 3596 3594
f 3595 3594 3593
f 3587 3588 3596
f 3587 3596 3595
f 3585 3586 3588
f 3585 3588 3587
f 3594 3596 3588
f 3594 3588 3586
f 3595 3593 3585
f 3595 3585 3587
f 3597 3598 3590
f 3597 3590 3589
f 3599 3600 3598
f 3599 3598 3597
f 3591 3592 3600
f 3591 3600 3599
f 3589 3590 3592
f 3589 3592 3591
f 3598 3600 3592
f 3598 3592 3590
f 3599 3597 3589
f 3599 3589 3591
f 3601 3602 3594
f 3601 3594 3593
f 3603 3604 3602
f 3603 3602 3601
f 3595 3596 3604
f 3595 3604 3603
f 3593 3594 3596
f 3593 3596 3595
f 3602 3604 3596
f 3602 3596 3594
f 3603 3601 3593
f 3603 3593 3595
f 3605 3606 3598
f 3605 3598 3597
f 3607 3608 3606
f 3607 3606 3605
f 3599 3600 3608
f 3599 3608 3607
f 3597 3598 3600
f 3597 3600 3599
f 3606 3608 3600
f 3606 3600 3598
f 3607 3605 3597
f 3607 3597 3599
f 3609 3610 3602
f 3609 3602 3601
f 3611 3612 3610
f 3611 3610 3609
f 3603 3604 3612
f 3603 3612 3611
f 3601 3602 3604
f 3601 3604 3603
f 3610 3612 3604
f 3610 3604 3602
f 3611 3609 3601
f 3611 3601 3603
f 3613 3614 3606
f 3613 3606 3605
f 3615 3616 3614
f 3615 3614 3613
f 3607 3608 3616
f 3607 3616 3615
f 3605 3606 3608
f 3605 3608 3607
f 3614 3616 3608
f 3614 3608 3606
f 3615 3613 3605
f 3615 3605 3607
f 3617 3618 3619
f 3617 3619 3620
f 3621 3622 3618
f 3621 3618 3617
f 3623 3624 3622
f 3623 3622 3621
f 3620 3619 3624
f 3620 3624 3623
f 3618 3622 3624
f 3618 3624 3619
f 3621 3617 3620
f 3621 3620 3623
f 3625 3626 3627
f 3625 3627 3628
f 3629 3630 3626
f 3629 3626 3625
f 3631 3632 3630
f 3631 3630 3629
f 3628 3627 3632
f 3628 3632 3631
f 3626 3630 3632
f 3626 3632 3627
f 3629 3625 3628
f 3629 3628 3631
f 3633 3634 3618
f 3633 3618 3617
f 3635 3636 3634
f 3635 3634 3633
f 3621 3622 3636
f 3621 3636 3635
f 3617 3618 3622
f 3617 3622 3621
f 3634 3636 3622
f 3634 3622 3618
f 3635 3633 3617
f 3635 3617 3621
f 3637 3638 3626
f 3637 3626 3625
f 3639 3640 3638
f 3639 3638 3637
f 3629 3630 3640
f 3629 3640 3639
f 3625 3626 3630
f 3625 3630 3629
f 3638 3640 3630
f 3638 3630 3626
f 3639 3637 3625
f 3639 3625 3629
f 3641 3642 3634
f 3641 3634 3633
f 3643 3644 3642
f 3643 3642 3641
f 3635 3636 3644
f 3635 3644 3643
f 3633 3634 3636
f 3633 3636 3635
f 3642 3644 3636
f 3642 3636 3634
f 3643 3641 3633
f 3643 3633 3635
f 3645 3646 3638
f 3645 3638 3637
f 3647 3648 3646
f 3647 3646 3645
f 3639 3640 3648
f 3639 3648 3647
f 3637 3638 3640
f 3637 3640 3639
f 3646 3648 3640
f 3646 3640 3638
f 3647 3645 3637
f 3647 3637 3639
f 3649 3650 3642
f 3649 3642 3641
f 3651 3652 3650
f 3651 3650 3649
f 3643 3644 3652
f 3643 3652 3651
f 3641 3642 3644
f 3641 3644 3643
f 3650 3652 3644
f 3650 3644 3642
f 3651 3649 3641
f 3651 3641 3643
f 3653 3654 3646
f 3653 3646 3645
f 3655 3656 3654
f 3655 3654 3653
f 3647 3648 3656
f 3647 3656 3655
f 3645 3646 3648
f 3645 3648 3647
f 3654 3656 3648
f 3654 3648 3646
f 3655 3653 3645
f 3655 3645 3647
f 3657 3658 3650
f 3657 3650 3649
f 3659 3660 3658
f 3659 3658 3657
f 3651 3652 3660
f 3651 3660 3659
f 3649 3650 3652
f 3649 3652 3651
f 3658 3660 3652
f 3658 3652 3650
f 3659 3657 3649
f 3659 3649 3651
f 3661 3662 3654
f 3661 3654 3653
f 3663 3664 3662
f 3663 3662 3661
f 3655 3656 3664
f 3655 3664 3663
f 3653 3654 3656
f 3653 3656 3655
f 3662 3664 3656
f 3662 3656 3654
f 3663 3661 3653
f 3663 3653 3655
f 3665 3666 3658
f 3665 3658 3657
f 3667 3668 3666
f 3667 3666 3665
f 3659 3660 3668
f 3659 3668 3667
f 3657 3658 3660
f 3657 3660 3659
f 3666 3668 3660
f 3666 3660 3658
f 3667 3665 3657
f 3667 3657 3659
f 3669 3670 3662
f 3669 3662 3661
f 3671 3672 3670
f 3671 3670 3669
f 3663 3664 3672
f 3663 3672 3671
f 3661 3662 3664
f 3661 3664 3663
f 3670 3672 3664
f 3670 3664 3662
f 3671 3669 3661
f 3671 3661 3663
f 3673 3674 3675
f 3673 3675 3676
f 3677 3678 3674
f 3677 3674 3673
f 3679 3680 3678
f 3679 3678 3677
f 3676 3675 3680
f 3676 3680 3679
f 3674 3678 3680
f 3674 3680 3675
f 3677 3673 3676
f 3677 3676 3679
f 3681 3682 3683
f 3681 3683 3684
f 3685 3686 3682
f 3685 3682 3681
f 3687 3688 3686
f 3687 3686 3685
f 3684 3683 3688
f 3684 3688 3687
f 3682 3686 3688
f 3682 3688 3683
f 3685 3681 3684
f 3685 3684 3687
f 3689 3690 3691
f 3689 3691 3692
f 3693 3694 3690
f 3693 3690 3689
f 3695 3696 3694
f 3695 3694 3693
f 3692 3691 3696
f 3692 3696 3695
f 3690 3694 3696
f 3690 3696 3691
f 3693 3689 3692
f 3693 3692 3695
f 3697 3698 3699
f 3697 3699 3700
f 3701 3702 3698
f 3701 3698 3697
f 3703 3704 3702
f 3703 3702 3701
f 3700 3699 3704
f 3700 3704 3703
f 3698 3702 3704
f 3698 3704 3699
f 3701 3697 3700
f 3701 3700 3703
f 3705 3706 3707
f 3705 3707 3708
f 3709 3710 3706
f 3709 3706 3705
f 3711 3712 3710
f 3711 3710 3709
f 3708 3707 3712
f 3708 3712 3711
f 3706 3710 3712
f 3706 3712 3707
f 3709 3705 3708
f 3709 3708 3711
f 3713 3714 3715
f 3713 3715 3716
f 3717 3718 3714
f 3717 3714 3713
f 3719 3720 3718
f 3719 3718 3717
f 3716 3715 3720
f 3716 3720 3719
f 3714 3718 3720
f 3714 3720 3715
f 3717 3713 3716
f 3717 3716 3719
f 3721 3722 3723
f 3721 3723 3724
f 3725 3726 3722
f 3725 3722 3721
f 3727 3728 3726
f 3727 3726 3725
f 3724 3723 3728
f 3724 3728 3727
f 3722 3726 3728
f 3722 3728 3723
f 3725 3721 3724
f 3725 3724 3727
f 3729 3730 3731
f 3729 3731 3732
f 3733 3734 3730
f 3733 3730 3729
f 3735 3736 3734
f 3735 3734 3733
f 3732 3731 3736
f 3732 3736 3735
f 3730 3734 3736
f 3730 3736 3731
f 3733 3729 3732
f 3733 3732 3735
f 3737 3738 3739
f 3737 3739 3740
f 3741 3742 3738
f 3741 3738 3737
f 3743 3744 3742
f 3743 3742 3741
f 3740 3739 3744
f 3740 3744 3743
f 3738 3742 3744
f 3738 3744 3739
f 3741 3737 3740
f 3741 3740 3743
f 3745 3746 3747
f 3745 3747 3748
f 3749 3750 3746
f 3749 3746 3745
f 3751 3752 3750
f 3751 3750 3749
f 3748 3747 3752
f 3748 3752 3751
f 3746 3750 3752
f 3746 3752 3747
f 3749 3745 3748
f 3749 3748 3751
f 3753 3754 3755
f 3753 3755 3756
f 3757 3758 3754
f 3757 3754 3753
f 3759 3760 3758
f 3759 3758 3757
f 3756 3755 3760
f 3756 3760 3759
f 3754 3758 3760
f 3754 3760 3755
f 3757 3753 3756
f 3757 3756 3759
f 3761 3762 3763
f 3761 3763 3764
f 3765 3766 3762
f 3765 3762 3761
f 3767 3768 3766
f 3767 3766 3765
f 3764 3763 3768
f 3764 3768 3767
f 3762 3766 3768
f 3762 3768 3763
f 3765 3761 3764
f 3765 3764 3767
f 3769 3770 3771
f 3769 3771 3772
f 3773 3774 3770
f 3773 3770 3769
f 3775 3776 3774
f 3775 3774 3773
f 3772 3771 3776
f 3772 3776 3775
f 3770 3774 3776
f 3770 3776 3771
f 3773 3769 3772
f 3773 3772 3775
f 3777 3778 3779
f 3777 3779 3780
f 3781 3782 3778
f 3781 3778 3777
f 3783 3784 3782
f 3783 3782 3781
f 3780 3779 3784
f 3780 3784 3783
f 3778 3782 3784
f 3778 3784 3779
f 3781 3777 3780
f 3781 3780 3783
f 3785 3786 3787
f 3785 3787 3788
f 3789 3790 3786
f 3789 3786 3785
f 3791 3792 3790
f 3791 3790 3789
f 3788 3787 3792
f 3788 3792 3791
f 3786 3790 3792
f 3786 3792 3787
f 3789 3785 3788
f 3789 3788 3791
f 3793 3794 3795
f 3793 3795 3796
f 3797 3798 3794
f 3797 3794 3793
f 3799 3800 3798
f 3799 3798 3797
f 3796 3795 3800
f 3796 3800 3799
f 3794 3798 3800
f 3794 3800 3795
f 3797 3793 3796
f 3797 3796 3799
f 3801 3802 3803
f 3801 3803 3804
f 3805 3806 3802
f 3805 3802 3801
f 3807 3808 3806
f 3807 3806 3805
f 3804 3803 3808
f 3804 3808 3807
f 3802 3806 3808
f 3802 3808 3803
f 3805 3801 3804
f 3805 3804 3807
f 3809 3810 3811
f 3809 3811 3812
f 3813 3814 3810
f 3813 3810 3809
f 3815 3816 3814
f 3815 3814 3813
f 3812 3811 3816
f 3812 3816 3815
f 3810 3814 3816
f 3810 3816 3811
f 3813 3809 3812
f 3813 3812 3815
f 3817 3818 3819
f 3817 3819 3820
f 3821 3822 3818
f 3821 3818 3817
f 3823 3824 3822
f 3823 3822 3821
f 3820 3819 3824
f 3820 3824 3823
f 3818 3822 3824
f 3818 3824 3819
f 3821 3817 3820
f 3821 3820 3823
f 3825 3826 3827
f 3825 3827 3828
f 3829 3830 3826
f 3829 3826 3825
f 3831 3832 3830
f 3831 3830 3829
f 3828 3827 3832
f 3828 3832 3831
f 3826 3830 3832
f 3826 3832 3827
f 3829 3825 3828
f 3829 3828 3831
f 3833 3834 3835
f 3833 3835 3836
f 3837 3838 3834
f 3837 3834 3833
f 3839 3840 3838
f 3839 3838 3837
f 3836 3835 3840
f 3836 3840 3839
f 3834 3838 3840
f 3834 3840 3835
f 3837 3833 3836
f 3837 3836 3839
f 3841 3842 3843
f 3841 3843 3844
f 3845 3846 3842
f 3845 3842 3841
f 3847 3848 3846
f 3847 3846 3845
f 3844 3843 3848
f 3844 3848 3847
f 3842 3846 3848
f 3842 3848 3843
f 3845 3841 3844
f 3845 3844 3847
f 3849 3850 3851
f 3849 3851 3852
f 3853 3854 3850
f 3853 3850 3849
f 3855 3856 3854
f 3855 3854 3853
f 3852 3851 3856
f 3852 3856 3855
f 3850 3854 3856
f 3850 3856 3851
f 3853 3849 3852
f 3853 3852 3855
f 3857 3858 3859
f 3857 3859 3860
f 3861 3862 3858
f 3861 3858 3857
f 3863 3864 3862
f 3863 3862 3861
f 3860 3859 3864
f 3860 3864 3863
f 3858 3862 3864
f 3858 3864 3859
f 3861 3857 3860
f 3861 3860 3863
f 3865 3866 3867
f 3865 3867 3868
f 3869 3870 3866
f 3869 3866 3865
f 3871 3872 3870
f 3871 3870 3869
f 3868 3867 3872
f 3868 3872 3871
f 3866 3870 3872
f 3866 3872 3867
f 3869 3865 3868
f 3869 3868 3871
f 3873 3874 3875
f 3873 3875 3876
f 3877 3878 3874
f 3877 3874 3873
f 3879 3880 3878
f 3879 3878 3877
f 3876 3875 3880
f 3876 3880 3879
f 3874 3878 3880
f 3874 3880 3875
f 3877 3873 3876
f 3877 3876 3879
f 3881 3882 3883
f 3881 3883 3884
f 3885 3886 3882
f 3885 3882 3881
f 3887 3888 3886
f 3887 3886 3885
f 3884 3883 3888
f 3884 3888 3887
f 3882 3886 3888
f 3882 3888 3883
f 3885 3881 3884
f 3885 3884 3887
f 3889 3890 3891
f 3889 3891 3892
f 3893 3894 3890
f 3893 3890 3889
f 3895 3896 3894
f 3895 3894 3893
f 3892 3891 3896
f 3892 3896 3895
f 3890 3894 3896
f 3890 3896 3891
f 3893 3889 3892
f 3893 3892 3895
f 3897 3898 3899
f 3897 3899 3900
f 3901 3902 3898
f 3901 3898 3897
f 3903 3904 3902
f 3903 3902 3901
f 3900 3899 3904
f 3900 3904 3903
f 3898 3902 3904
f 3898 3904 3899
f 3901 3897 3900
f 3901 3900 3903
f 3905 3906 3907
f 3905 3907 3908
f 3909 3910 3906
f 3909 3906 3905
f 3911 3912 3910
f 3911 3910 3909
f 3908 3907 3912
f 3908 3912 3911
f 3906 3910 3912
f 3906 3912 3907
f 3909 3905 3908
f 3909 3908 3911
f 3913 3914 3915
f 3916 3917 3918
f 3919 3913 3915
f 3916 3918 3920
f 3921 3919 3915
f 3916 3920 3922
f 3923 3921 3915
f 3916 3922 3924
f 3925 3923 3915
f 3916 3924 3926
f 3927 3925 3915
f 3916 3926 3928
f 3929 3927 3915
f 3916 3928 3930
f 3931 3929 3915
f 3916 3930 3932
f 3933 3931 3915
f 3916 3932 3934
f 3935 3933 3915
f 3916 3934 3936
f 3937 3935 3915
f 3916 3936 3938
f 3939 3937 3915
f 3916 3938 3940
f 3941 3939 3915
f 3916 3940 3942
f 3943 3941 3915
f 3916 3942 3944
f 3945 3943 3915
f 3916 3944 3946
f 3914 3945 3915
f 3916 3946 3917
f 3913 3947 3948
f 3913 3948 3914
f 3919 3949 3947
f 3919 3947 3913
f 3921 3950 3949
f 3921 3949 3919
f 3923 3951 3950
f 3923 3950 3921
f 3925 3952 3951
f 3925 3951 3923
f 3927 3953 3952
f 3927 3952 3925
f 3929 3954 3953
f 3929 3953 3927
f 3931 3955 3954
f 3931 3954 3929
f 3933 3956 3955
f 3933 3955 3931
f 3935 3957 3956
f 3935 3956 3933
f 3937 3958 3957
f 3937 3957 3935
f 3939 3959 3958
f 3939 3958 3937
f 3941 3960 3959
f 3941 3959 3939
f 3943 3961 3960
f 3943 3960 3941
f 3945 3962 3961
f 3945 3961 3943
f 3914 3948 3962
f 3914 3962 3945
f 3947 3963 3964
f 3947 3964 3948
f 3949 3965 3963
f 3949 3963 3947
f 3950 3966 3965
f 3950 3965 3949
f 3951 3967 3966
f 3951 3966 3950
f 3952 3968 3967
f 3952 3967 3951
f 3953 3969 3968
f 3953 3968 3952
f 3954 3970 3969
f 3954 3969 3953
f 3955 3971 3970
f 3955 3970 3954
f 3956 3972 3971
f 3956 3971 3955
f 3957 3973 3972
f 3957 3972 3956
f 3958 3974 3973
f 3958 3973 3957
f 3959 3975 3974
f 3959 3974 3958
f 3960 3976 3975
f 3960 3975 3959
f 3961 3977 3976
f 3961 3976 3960
f 3962 3978 3977
f 3962 3977 3961
f 3948 3964 3978
f 3948 3978 3962
f 3963 3979 3980
f 3963 3980 3964
f 3965 3981 3979
f 3965 3979 3963
f 3966 3982 3981
f 3966 3981 3965
f 3967 3983 3982
f 3967 3982 3966
f 3968 3984 3983
f 3968 3983 3967
f 3969 3985 3984
f 3969 3984 3968
f 3970 3986 3985
f 3970 3985 3969
f 3971 3987 3986
f 3971 3986 3970
f 3972 3988 3987
f 3972 3987 3971
f 3973 3989 3988
f 3973 3988 3972
f 3974 3990 3989
f 3974 3989 3973
f 3975 3991 3990
f 3975 3990 3974
f 3976 3992 3991
f 3976 3991 3975
f 3977 3993 3992
f 3977 3992 3976
f 3978 3994 3993
f 3978 3993 3977
f 3964 3980 3994
f 3964 3994 3978
f 3979 3995 3996
f 3979 3996 3980
f 3981 3997 3995
f 3981 3995 3979
f 3982 3998 3997
f 3982 3997 3981
f 3983 3999 3998
f 3983 3998 3982
f 3984 4000 3999
f 3984 3999 3983
f 3985 4001 4000
f 3985 4000 3984
f 3986 4002 4001
f 3986 4001 3985
f 3987 4003 4002
f 3987 4002 3986
f 3988 4004 4003
f 3988 4003 3987
f 3989 4005 4004
f 3989 4004 3988
f 3990 4006 4005
f 3990 4005 3989
f 3991 4007 4006
f 3991 4006 3990
f 3992 4008 4007
f 3992 4007 3991
f 3993 4009 4008
f 3993 4008 3992
f 3994 4010 4009
f 3994 4009 3993
f 3980 3996 4010
f 3980 4010 3994
f 3995 4011 4012
f 3995 4012 3996
f 3997 4013 4011
f 3997 4011 3995
f 3998 4014 4013
f 3998 4013 3997
f 3999 4015 4014
f 3999 4014 3998
f 4000 4016 4015
f 4000 4015 3999
f 4001 4017 4016
f 4001 4016 4000
f 4002 4018 4017
f 4002 4017 4001
f 4003 4019 4018
f 4003 4018 4002
f 4004 4020 4019
f 4004 4019 4003
f 4005 4021 4020
f 4005 4020 4004
f 4006 4022 4021
f 4006 4021 4005
f 4007 4023 4022
f 4007 4022 4006
f 4008 4024 4023
f 4008 4023 4007
f 4009 4025 4024
f 4009 4024 4008
f 4010 4026 4025
f 4010 4025 4009
f 3996 4012 4026
f 3996 4026 4010
f 4011 3918 3917
f 4011 3917 4012
f 4013 3920 3918
f 4013 3918 4011
f 4014 3922 3920
f 4014 3920 4013
f 4015 3924 3922
f 4015 3922 4014
f 4016 3926 3924
f 4016 3924 4015
f 4017 3928 3926
f 4017 3926 4016
f 4018 3930 3928
f 4018 3928 4017
f 4019 3932 3930
f 4019 3930 4018
f 4020 3934 3932
f 4020 3932 4019
f 4021 3936 3934
f 4021 3934 4020
f 4022 3938 3936
f 4022 3936 4021
f 4023 3940 3938
f 4023 3938 4022
f 4024 3942 3940
f 4024 3940 4023
f 4025 3944 3942
f 4025 3942 4024
f 4026 3946 3944
f 4026 3944 4025
f 4012 3917 3946
f 4012 3946 4026
f 4027 4028 4029
f 4027 4029 4030
f 4031 4032 4028
f 4031 4028 4027
f 4033 4034 4032
f 4033 4032 4031
f 4030 4029 4034
f 4030 4034 4033
f 4028 4032 4034
f 4028 4034 4029
f 4031 4027 4030
f 4031 4030 4033
f 4035 4036 4037
f 4035 4037 4038
f 4039 4040 4036
f 4039 4036 4035
f 4041 4042 4040
f 4041 4040 4039
f 4038 4037 4042
f 4038 4042 4041
f 4036 4040 4042
f 4036 4042 4037
f 4039 4035 4038
f 4039 4038 4041
f 3284 3283 3282
f 3282 3281 3284
f 3281 3282 3286
f 3286 3285 3281
f 3285 3286 3288
f 3288 3287 3285
f 3287 3288 3283
f 3283 3284 3287
f 3283 3288 3286
f 3286 3282 3283
f 3287 3284 3281
f 3281 3285 3287
f 3292 3291 3290
f 3290 3289 3292
f 3289 3290 3294
f 3294 3293 3289
f 3293 3294 3296
f 3296 3295 3293
f 3295 3296 3291
f 3291 3292 3295
f 3291 3296 3294
f 3294 3290 3291
f 3295 3292 3289
f 3289 3293 3295
f 3281 3282 3298
f 3298 3297 3281
f 3297 3298 3300
f 3300 3299 3297
f 3299 3300 3286
f 3286 3285 3299
f 3285 3286 3282
f 3282 3281 3285
f 3282 3286 3300
f 3300 3298 3282
f 3285 3281 3297
f 3297 3299 3285
f 3289 3290 3302
f 3302 3301 3289
f 3301 3302 3304
f 3304 3303 3301
f 3303 3304 3294
f 3294 3293 3303
f 3293 3294 3290
f 3290 3289 3293
f 3290 3294 3304
f 3304 3302 3290
f 3293 3289 3301
f 3301 3303 3293
f 3297 3298 3306
f 3306 3305 3297
f 3305 3306 3308
f 3308 3307 3305
f 3307 3308 3300
f 3300 3299 3307
f 3299 3300 3298
f 3298 3297 3299
f 3298 3300 3308
f 3308 3306 3298
f 3299 3297 3305
f 3305 3307 3299
f 3301 3302 3310
f 3310 3309 3301
f 3309 3310 3312
f 3312 3311 3309
f 3311 3312 3304
f 3304 3303 3311
f 3303 3304 3302
f 3302 3301 3303
f 3302 3304 3312
f 3312 3310 3302
f 3303 3301 3309
f 3309 3311 3303
f 3305 3306 3314
f 3314 3313 3305
f 3313 3314 3316
f 3316 3315 3313
f 3315 3316 3308
f 3308 3307 3315
f 3307 3308 3306
f 3306 3305 3307
f 3306 3308 3316
f 3316 3314 3306
f 3307 3305 3313
f 3313 3315 3307
f 3309 3310 3318
f 3318 3317 3309
f 3317 3318 3320
f 3320 3319 3317
f 3319 3320 3312
f 3312 3311 3319
f 3311 3312 3310
f 3310 3309 3311
f 3310 3312 3320
f 3320 3318 3310
f 3311 3309 3317
f 3317 3319 3311
f 3313 3314 3322
f 3322 3321 3313
f 3321 3322 3324
f 3324 3323 3321
f 3323 3324 3316
f 3316 3315 3323
f 3315 3316 3314
f 3314 3313 3315
f 3314 3316 3324
f 3324 3322 3314
f 3315 3313 3321
f 3321 3323 3315
f 3317 3318 3326
f 3326 3325 3317
f 3325 3326 3328
f 3328 3327 3325
f 3327 3328 3320
f 3320 3319 3327
f 3319 3320 3318
f 3318 3317 3319
f 3318 3320 3328
f 3328 3326 3318
f 3319 3317 3325
f 3325 3327 3319
f 3321 3322 3330
f 3330 3329 3321
f 3329 3330 3332
f 3332 3331 3329
f 3331 3332 3324
f 3324 3323 3331
f 3323 3324 3322
f 3322 3321 3323
f 3322 3324 3332
f 3332 3330 3322
f 3323 3321 3329
f 3329 3331 3323
f 3325 3326 3334
f 3334 3333 3325
f 3333 3334 3336
f 3336 3335 3333
f 3335 3336 3328
f 3328 3327 3335
f 3327 3328 3326
f 3326 3325 3327
f 3326 3328 3336
f 3336 3334 3326
f 3327 3325 3333
f 3333 3335 3327
f 3340 3339 3338
f 3338 3337 3340
f 3337 3338 3342
f 3342 3341 3337
f 3341 3342 3344
f 3344 3343 3341
f 3343 3344 3339
f 3339 3340 3343
f 3339 3344 3342
f 3342 3338 3339
f 3343 3340 3337
f 3337 3341 3343
f 3348 3347 3346
f 3346 3345 3348
f 3345 3346 3350
f 3350 3349 3345
f 3349 3350 3352
f 3352 3351 3349
f 3351 3352 3347
f 3347 3348 3351
f 3347 3352 3350
f 3350 3346 3347
f 3351 3348 3345
f 3345 3349 3351
f 3337 3338 3354
f 3354 3353 3337
f 3353 3354 3356
f 3356 3355 3353
f 3355 3356 3342
f 3342 3341 3355
f 3341 3342 3338
f 3338 3337 3341
f 3338 3342 3356
f 3356 3354 3338
f 3341 3337 3353
f 3353 3355 3341
f 3345 3346 3358
f 3358 3357 3345
f 3357 3358 3360
f 3360 3359 3357
f 3359 3360 3350
f 3350 3349 3359
f 3349 3350 3346
f 3346 3345 3349
f 3346 3350 3360
f 3360 3358 3346
f 3349 3345 3357
f 3357 3359 3349
f 3353 3354 3362
f 3362 3361 3353
f 3361 3362 3364
f 3364 3363 3361
f 3363 3364 3356
f 3356 3355 3363
f 3355 3356 3354
f 3354 3353 3355
f 3354 3356 3364
f 3364 3362 3354
f 3355 3353 3361
f 3361 3363 3355
f 3357 3358 3366
f 3366 3365 3357
f 3365 3366 3368
f 3368 3367 3365
f 3367 3368 3360
f 3360 3359 3367
f 3359 3360 3358
f 3358 3357 3359
f 3358 3360 3368
f 3368 3366 3358
f 3359 3357 3365
f 3365 3367 3359
f 3361 3362 3370
f 3370 3369 3361
f 3369 3370 3372
f 3372 3371 3369
f 3371 3372 3364
f 3364 3363 3371
f 3363 3364 3362
f 3362 3361 3363
f 3362 3364 3372
f 3372 3370 3362
f 3363 3361 3369
f 3369 3371 3363
f 3365 3366 3374
f 3374 3373 3365
f 3373 3374 3376
f 3376 3375 3373
f 3375 3376 3368
f 3368 3367 3375
f 3367 3368 3366
f 3366 3365 3367
f 3366 3368 3376
f 3376 3374 3366
f 3367 3365 3373
f 3373 3375 3367
f 3369 3370 3378
f 3378 3377 3369
f 3377 3378 3380
f 3380 3379 3377
f 3379 3380 3372
f 3372 3371 3379
f 3371 3372 3370
f 3370 3369 3371
f 3370 3372 3380
f 3380 3378 3370
f 3371 3369 3377
f 3377 3379 3371
f 3373 3374 3382
f 3382 3381 3373
f 3381 3382 3384
f 3384 3383 3381
f 3383 3384 3376
f 3376 3375 3383
f 3375 3376 3374
f 3374 3373 3375
f 3374 3376 3384
f 3384 3382 3374
f 3375 3373 3381
f 3381 3383 3375
f 3377 3378 3386
f 3386 3385 3377
f 3385 3386 3388
f 3388 3387 3385
f 3387 3388 3380
f 3380 3379 3387
f 3379 3380 3378
f 3378 3377 3379
f 3378 3380 3388
f 3388 3386 3378
f 3379 3377 3385
f 3385 3387 3379
f 3381 3382 3390
f 3390 3389 3381
f 3389 3390 3392
f 3392 3391 3389
f 3391 3392 3384
f 3384 3383 3391
f 3383 3384 3382
f 3382 3381 3383
f 3382 3384 3392
f 3392 3390 3382
f 3383 3381 3389
f 3389 3391 3383
f 3396 3395 3394
f 3394 3393 3396
f 3393 3394 3398
f 3398 3397 3393
f 3397 3398 3400
f 3400 3399 3397
f 3399 3400 3395
f 3395 3396 3399
f 3395 3400 3398
f 3398 3394 3395
f 3399 3396 3393
f 3393 3397 3399
f 3404 3403 3402
f 3402 3401 3404
f 3401 3402 3406
f 3406 3405 3401
f 3405 3406 3408
f 3408 3407 3405
f 3407 3408 3403
f 3403 3404 3407
f 3403 3408 3406
f 3406 3402 3403
f 3407 3404 3401
f 3401 3405 3407
f 3393 3394 3410
f 3410 3409 3393
f 3409 3410 3412
f 3412 3411 3409
f 3411 3412 3398
f 3398 3397 3411
f 3397 3398 3394
f 3394 3393 3397
f 3394 3398 3412
f 3412 3410 3394
f 3397 3393 3409
f 3409 3411 3397
f 3401 3402 3414
f 3414 3413 3401
f 3413 3414 3416
f 3416 3415 3413
f 3415 3416 3406
f 3406 3405 3415
f 3405 3406 3402
f 3402 3401 3405
f 3402 3406 3416
f 3416 3414 3402
f 3405 3401 3413
f 3413 3415 3405
f 3409 3410 3418
f 3418 3417 3409
f 3417 3418 3420
f 3420 3419 3417
f 3419 3420 3412
f 3412 3411 3419
f 3411 3412 3410
f 3410 3409 3411
f 3410 3412 3420
f 3420 3418 3410
f 3411 3409 3417
f 3417 3419 3411
f 3413 3414 3422
f 3422 3421 3413
f 3421 3422 3424
f 3424 3423 3421
f 3423 3424 3416
f 3416 3415 3423
f 3415 3416 3414
f 3414 3413 3415
f 3414 3416 3424
f 3424 3422 3414
f 3415 3413 3421
f 3421 3423 3415
f 3417 3418 3426
f 3426 3425 3417
f 3425 3426 3428
f 3428 3427 3425
f 3427 3428 3420
f 3420 3419 3427
f 3419 3420 3418
f 3418 3417 3419
f 3418 3420 3428
f 3428 3426 3418
f 3419 3417 3425
f 3425 3427 3419
f 3421 3422 3430
f 3430 3429 3421
f 3429 3430 3432
f 3432 3431 3429
f 3431 3432 3424
f 3424 3423 3431
f 3423 3424 3422
f 3422 3421 3423
f 3422 3424 3432
f 3432 3430 3422
f 3423 3421 3429
f 3429 3431 3423
f 3425 3426 3434
f 3434 3433 3425
f 3433 3434 3436
f 3436 3435 3433
f 3435 3436 3428
f 3428 3427 3435
f 3427 3428 3426
f 3426 3425 3427
f 3426 3428 3436
f 3436 3434 3426
f 3427 3425 3433
f 3433 3435 3427
f 3429 3430 3438
f 3438 3437 3429
f 3437 3438 3440
f 3440 3439 3437
f 3439 3440 3432
f 3432 3431 3439
f 3431 3432 3430
f 3430 3429 3431
f 3430 3432 3440
f 3440 3438 3430
f 3431 3429 3437
f 3437 3439 3431
f 3433 3434 3442
f 3442 3441 3433
f 3441 3442 3444
f 3444 3443 3441
f 3443 3444 3436
f 3436 3435 3443
f 3435 3436 3434
f 3434 3433 3435
f 3434 3436 3444
f 3444 3442 3434
f 3435 3433 3441
f 3441 3443 3435
f 3437 3438 3446
f 3446 3445 3437
f 3445 3446 3448
f 3448 3447 3445
f 3447 3448 3440
f 3440 3439 3447
f 3439 3440 3438
f 3438 3437 3439
f 3438 3440 3448
f 3448 3446 3438
f 3439 3437 3445
f 3445 3447 3439
f 3452 3451 3450
f 3450 3449 3452
f 3449 3450 3454
f 3454 3453 3449
f 3453 3454 3456
f 3456 3455 3453
f 3455 3456 3451
f 3451 3452 3455
f 3451 3456 3454
f 3454 3450 3451
f 3455 3452 3449
f 3449 3453 3455
f 3460 3459 3458
f 3458 3457 3460
f 3457 3458 3462
f 3462 3461 3457
f 3461 3462 3464
f 3464 3463 3461
f 3463 3464 3459
f 3459 3460 3463
f 3459 3464 3462
f 3462 3458 3459
f 3463 3460 3457
f 3457 3461 3463
f 3449 3450 3466
f 3466 3465 3449
f 3465 3466 3468
f 3468 3467 3465
f 3467 3468 3454
f 3454 3453 3467
f 3453 3454 3450
f 3450 3449 3453
f 3450 3454 3468
f 3468 3466 3450
f 3453 3449 3465
f 3465 3467 3453
f 3457 3458 3470
f 3470 3469 3457
f 3469 3470 3472
f 3472 3471 3469
f 3471 3472 3462
f 3462 3461 3471
f 3461 3462 3458
f 3458 3457 3461
f 3458 3462 3472
f 3472 3470 3458
f 3461 3457 3469
f 3469 3471 3461
f 3465 3466 3474
f 3474 3473 3465
f 3473 3474 3476
f 3476 3475 3473
f 3475 3476 3468
f 3468 3467 3475
f 3467 3468 3466
f 3466 3465 3467
f 3466 3468 3476
f 3476 3474 3466
f 3467 3465 3473
f 3473 3475 3467
f 3469 3470 3478
f 3478 3477 3469
f 3477 3478 3480
f 3480 3479 3477
f 3479 3480 3472
f 3472 3471 3479
f 3471 3472 3470
f 3470 3469 3471
f 3470 3472 3480
f 3480 3478 3470
f 3471 3469 3477
f 3477 3479 3471
f 3473 3474 3482
f 3482 3481 3473
f 3481 3482 3484
f 3484 3483 3481
f 3483 3484 3476
f 3476 3475 3483
f 3475 3476 3474
f 3474 3473 3475
f 3474 3476 3484
f 3484 3482 3474
f 3475 3473 3481
f 3481 3483 3475
f 3477 3478 3486
f 3486 3485 3477
f 3485 3486 3488
f 3488 3487 3485
f 3487 3488 3480
f 3480 3479 3487
f 3479 3480 3478
f 3478 3477 3479
f 3478 3480 3488
f 3488 3486 3478
f 3479 3477 3485
f 3485 3487 3479
f 3481 3482 3490
f 3490 3489 3481
f 3489 3490 3492
f 3492 3491 3489
f 3491 3492 3484
f 3484 3483 3491
f 3483 3484 3482
f 3482 3481 3483
f 3482 3484 3492
f 3492 3490 3482
f 3483 3481 3489
f 3489 3491 3483
f 3485 3486 3494
f 3494 3493 3485
f 3493 3494 3496
f 3496 3495 3493
f 3495 3496 3488
f 3488 3487 3495
f 3487 3488 3486
f 3486 3485 3487
f 3486 3488 3496
f 3496 3494 3486
f 3487 3485 3493
f 3493 3495 3487
f 3489 3490 3498
f 3498 3497 3489
f 3497 3498 3500
f 3500 3499 3497
f 3499 3500 3492
f 3492 3491 3499
f 3491 3492 3490
f 3490 3489 3491
f 3490 3492 3500
f 3500 3498 3490
f 3491 3489 3497
f 3497 3499 3491
f 3493 3494 3502
f 3502 3501 3493
f 3501 3502 3504
f 3504 3503 3501
f 3503 3504 3496
f 3496 3495 3503
f 3495 3496 3494
f 3494 3493 3495
f 3494 3496 3504
f 3504 3502 3494
f 3495 3493 3501
f 3501 3503 3495
f 3508 3507 3506
f 3506 3505 3508
f 3505 3506 3510
f 3510 3509 3505
f 3509 3510 3512
f 3512 3511 3509
f 3511 3512 3507
f 3507 3508 3511
f 3507 3512 3510
f 3510 3506 3507
f 3511 3508 3505
f 3505 3509 3511
f 3516 3515 3514
f 3514 3513 3516
f 3513 3514 3518
f 3518 3517 3513
f 3517 3518 3520
f 3520 3519 3517
f 3519 3520 3515
f 3515 3516 3519
f 3515 3520 3518
f 3518 3514 3515
f 3519 3516 3513
f 3513 3517 3519
f 3505 3506 3522
f 3522 3521 3505
f 3521 3522 3524
f 3524 3523 3521
f 3523 3524 3510
f 3510 3509 3523
f 3509 3510 3506
f 3506 3505 3509
f 3506 3510 3524
f 3524 3522 3506
f 3509 3505 3521
f 3521 3523 3509
f 3513 3514 3526
f 3526 3525 3513
f 3525 3526 3528
f 3528 3527 3525
f 3527 3528 3518
f 3518 3517 3527
f 3517 3518 3514
f 3514 3513 3517
f 3514 3518 3528
f 3528 3526 3514
f 3517 3513 3525
f 3525 3527 3517
f 3521 3522 3530
f 3530 3529 3521
f 3529 3530 3532
f 3532 3531 3529
f 3531 3532 3524
f 3524 3523 3531
f 3523 3524 3522
f 3522 3521 3523
f 3522 3524 3532
f 3532 3530 3522
f 3523 3521 3529
f 3529 3531 3523
f 3525 3526 3534
f 3534 3533 3525
f 3533 3534 3536
f 3536 3535 3533
f 3535 3536 3528
f 3528 3527 3535
f 3527 3528 3526
f 3526 3525 3527
f 3526 3528 3536
f 3536 3534 3526
f 3527 3525 3533
f 3533 3535 3527
f 3529 3530 3538
f 3538 3537 3529
f 3537 3538 3540
f 3540 3539 3537
f 3539 3540 3532
f 3532 3531 3539
f 3531 3532 3530
f 3530 3529 3531
f 3530 3532 3540
f 3540 3538 3530
f 3531 3529 3537
f 3537 3539 3531
f 3533 3534 3542
f 3542 3541 3533
f 3541 3542 3544
f 3544 3543 3541
f 3543 3544 3536
f 3536 3535 3543
f 3535 3536 3534
f 3534 3533 3535
f 3534 3536 3544
f 3544 3542 3534
f 3535 3533 3541
f 3541 3543 3535
f 3537 3538 3546
f 3546 3545 3537
f 3545 3546 3548
f 3548 3547 3545
f 3547 3548 3540
f 3540 3539 3547
f 3539 3540 3538
f 3538 3537 3539
f 3538 3540 3548
f 3548 3546 3538
f 3539 3537 3545
f 3545 3547 3539
f 3541 3542 3550
f 3550 3549 3541
f 3549 3550 3552
f 3552 3551 3549
f 3551 3552 3544
f 3544 3543 3551
f 3543 3544 3542
f 3542 3541 3543
f 3542 3544 3552
f 3552 3550 3542
f 3543 3541 3549
f 3549 3551 3543
f 3545 3546 3554
f 3554 3553 3545
f 3553 3554 3556
f 3556 3555 3553
f 3555 3556 3548
f 3548 3547 3555
f 3547 3548 3546
f 3546 3545 3547
f 3546 3548 3556
f 3556 3554 3546
f 3547 3545 3553
f 3553 3555 3547
f 3549 3550 3558
f 3558 3557 3549
f 3557 3558 3560
f 3560 3559 3557
f 3559 3560 3552
f 3552 3551 3559
f 3551 3552 3550
f 3550 3549 3551
f 3550 3552 3560
f 3560 3558 3550
f 3551 3549 3557
f 3557 3559 3551
f 3564 3563 3562
f 3562 3561 3564
f 3561 3562 3566
f 3566 3565 3561
f 3565 3566 3568
f 3568 3567 3565
f 3567 3568 3563
f 3563 3564 3567
f 3563 3568 3566
f 3566 3562 3563
f 3567 3564 3561
f 3561 3565 3567
f 3572 3571 3570
f 3570 3569 3572
f 3569 3570 3574
f 3574 3573 3569
f 3573 3574 3576
f 3576 3575 3573
f 3575 3576 3571
f 3571 3572 3575
f 3571 3576 3574
f 3574 3570 3571
f 3575 3572 3569
f 3569 3573 3575
f 3561 3562 3578
f 3578 3577 3561
f 3577 3578 3580
f 3580 3579 3577
f 3579 3580 3566
f 3566 3565 3579
f 3565 3566 3562
f 3562 3561 3565
f 3562 3566 3580
f 3580 3578 3562
f 3565 3561 3577
f 3577 3579 3565
f 3569 3570 3582
f 3582 3581 3569
f 3581 3582 3584
f 3584 3583 3581
f 3583 3584 3574
f 3574 3573 3583
f 3573 3574 3570
f 3570 3569 3573
f 3570 3574 3584
f 3584 3582 3570
f 3573 3569 3581
f 3581 3583 3573
f 3577 3578 3586
f 3586 3585 3577
f 3585 3586 3588
f 3588 3587 3585
f 3587 3588 3580
f 3580 3579 3587
f 3579 3580 3578
f 3578 3577 3579
f 3578 3580 3588
f 3588 3586 3578
f 3579 3577 3585
f 3585 3587 3579
f 3581 3582 3590
f 3590 3589 3581
f 3589 3590 3592
f 3592 3591 3589
f 3591 3592 3584
f 3584 3583 3591
f 3583 3584 3582
f 3582 3581 3583
f 3582 3584 3592
f 3592 3590 3582
f 3583 3581 3589
f 3589 3591 3583
f 3585 3586 3594
f 3594 3593 3585
f 3593 3594 3596
f 3596 3595 3593
f 3595 3596 3588
f 3588 3587 3595
f 3587 3588 3586
f 3586 3585 3587
f 3586 3588 3596
f 3596 3594 3586
f 3587 3585 3593
f 3593 3595 3587
f 3589 3590 3598
f 3598 3597 3589
f 3597 3598 3600
f 3600 3599 3597
f 3599 3600 3592
f 3592 3591 3599
f 3591 3592 3590
f 3590 3589 3591
f 3590 3592 3600
f 3600 3598 3590
f 3591 3589 3597
f 3597 3599 3591
f 3593 3594 3602
f 3602 3601 3593
f 3601 3602 3604
f 3604 3603 3601
f 3603 3604 3596
f 3596 3595 3603
f 3595 3596 3594
f 3594 3593 3595
f 3594 3596 3604
f 3604 3602 3594
f 3595 3593 3601
f 3601 3603 3595
f 3597 3598 3606
f 3606 3605 3597
f 3605 3606 3608
f 3608 3607 3605
f 3607 3608 3600
f 3600 3599 3607
f 3599 3600 3598
f 3598 3597 3599
f 3598 3600 3608
f 3608 3606 3598
f 3599 3597 3605
f 3605 3607 3599
f 3601 3602 3610
f 3610 3609 3601
f 3609 3610 3612
f 3612 3611 3609
f 3611 3612 3604
f 3604 3603 3611
f 3603 3604 3602
f 3602 3601 3603
f 3602 3604 3612
f 3612 3610 3602
f 3603 3601 3609
f 3609 3611 3603
f 3605 3606 3614
f 3614 3613 3605
f 3613 3614 3616
f 3616 3615 3613
f 3615 3616 3608
f 3608 3607 3615
f 3607 3608 3606
f 3606 3605 3607
f 3606 3608 3616
f 3616 3614 3606
f 3607 3605 3613
f 3613 3615 3607
f 3620 3619 3618
f 3618 3617 3620
f 3617 3618 3622
f 3622 3621 3617
f 3621 3622 3624
f 3624 3623 3621
f 3623 3624 3619
f 3619 3620 3623
f 3619 3624 3622
f 3622 3618 3619
f 3623 3620 3617
f 3617 3621 3623
f 3628 3627 3626
f 3626 3625 3628
f 3625 3626 3630
f 3630 3629 3625
f 3629 3630 3632
f 3632 3631 3629
f 3631 3632 3627
f 3627 3628 3631
f 3627 3632 3630
f 3630 3626 3627
f 3631 3628 3625
f 3625 3629 3631
f 3617 3618 3634
f 3634 3633 3617
f 3633 3634 3636
f 3636 3635 3633
f 3635 3636 3622
f 3622 3621 3635
f 3621 3622 3618
f 3618 3617 3621
f 3618 3622 3636
f 3636 3634 3618
f 3621 3617 3633
f 3633 3635 3621
f 3625 3626 3638
f 3638 3637 3625
f 3637 3638 3640
f 3640 3639 3637
f 3639 3640 3630
f 3630 3629 3639
f 3629 3630 3626
f 3626 3625 3629
f 3626 3630 3640
f 3640 3638 3626
f 3629 3625 3637
f 3637 3639 3629
f 3633 3634 3642
f 3642 3641 3633
f 3641 3642 3644
f 3644 3643 3641
f 3643 3644 3636
f 3636 3635 3643
f 3635 3636 3634
f 3634 3633 3635
f 3634 3636 3644
f 3644 3642 3634
f 3635 3633 3641
f 3641 3643 3635
f 3637 3638 3646
f 3646 3645 3637
f 3645 3646 3648
f 3648 3647 3645
f 3647 3648 3640
f 3640 3639 3647
f 3639 3640 3638
f 3638 3637 3639
f 3638 3640 3648
f 3648 3646 3638
f 3639 3637 3645
f 3645 3647 3639
f 3641 3642 3650
f 3650 3649 3641
f 3649 3650 3652
f 3652 3651 3649
f 3651 3652 3644
f 3644 3643 3651
f 3643 3644 3642
f 3642 3641 3643
f 3642 3644 3652
f 3652 3650 3642
f 3643 3641 3649
f 3649 3651 3643
f 3645 3646 3654
f 3654 3653 3645
f 3653 3654 3656
f 3656 3655 3653
f 3655 3656 3648
f 3648 3647 3655
f 3647 3648 3646
f 3646 3645 3647
f 3646 3648 3656
f 3656 3654 3646
f 3647 3645 3653
f 3653 3655 3647
f 3649 3650 3658
f 3658 3657 3649
f 3657 3658 3660
f 3660 3659 3657
f 3659 3660 3652
f 3652 3651 3659
f 3651 3652 3650
f 3650 3649 3651
f 3650 3652 3660
f 3660 3658 3650
f 3651 3649 3657
f 3657 3659 3651
f 3653 3654 3662
f 3662 3661 3653
f 3661 3662 3664
f 3664 3663 3661
f 3663 3664 3656
f 3656 3655 3663
f 3655 3656 3654
f 3654 3653 3655
f 3654 3656 3664
f 3664 3662 3654
f 3655 3653 3661
f 3661 3663 3655
f 3657 3658 3666
f 3666 3665 3657
f 3665 3666 3668
f 3668 3667 3665
f 3667 3668 3660
f 3660 3659 3667
f 3659 3660 3658
f 3658 3657 3659
f 3658 3660 3668
f 3668 3666 3658
f 3659 3657 3665
f 3665 3667 3659
f 3661 3662 3670
f 3670 3669 3661
f 3669 3670 3672
f 3672 3671 3669
f 3671 3672 3664
f 3664 3663 3671
f 3663 3664 3662
f 3662 3661 3663
f 3662 3664 3672
f 3672 3670 3662
f 3663 3661 3669
f 3669 3671 3663
f 3676 3675 3674
f 3674 3673 3676
f 3673 3674 3678
f 3678 3677 3673
f 3677 3678 3680
f 3680 3679 3677
f 3679 3680 3675
f 3675 3676 3679
f 3675 3680 3678
f 3678 3674 3675
f 3679 3676 3673
f 3673 3677 3679
f 3684 3683 3682
f 3682 3681 3684
f 3681 3682 3686
f 3686 3685 3681
f 3685 3686 3688
f 3688 3687 3685
f 3687 3688 3683
f 3683 3684 3687
f 3683 3688 3686
f 3686 3682 3683
f 3687 3684 3681
f 3681 3685 3687
f 3692 3691 3690
f 3690 3689 3692
f 3689 3690 3694
f 3694 3693 3689
f 3693 3694 3696
f 3696 3695 3693
f 3695 3696 3691
f 3691 3692 3695
f 3691 3696 3694
f 3694 3690 3691
f 3695 3692 3689
f 3689 3693 3695
f 3700 3699 3698
f 3698 3697 3700
f 3697 3698 3702
f 3702 3701 3697
f 3701 3702 3704
f 3704 3703 3701
f 3703 3704 3699
f 3699 3700 3703
f 3699 3704 3702
f 3702 3698 3699
f 3703 3700 3697
f 3697 3701 3703
f 3708 3707 3706
f 3706 3705 3708
f 3705 3706 3710
f 3710 3709 3705
f 3709 3710 3712
f 3712 3711 3709
f 3711 3712 3707
f 3707 3708 3711
f 3707 3712 3710
f 3710 3706 3707
f 3711 3708 3705
f 3705 3709 3711
f 3716 3715 3714
f 3714 3713 3716
f 3713 3714 3718
f 3718 3717 3713
f 3717 3718 3720
f 3720 3719 3717
f 3719 3720 3715
f 3715 3716 3719
f 3715 3720 3718
f 3718 3714 3715
f 3719 3716 3713
f 3713 3717 3719
f 3724 3723 3722
f 3722 3721 3724
f 3721 3722 3726
f 3726 3725 3721
f 3725 3726 3728
f 3728 3727 3725
f 3727 3728 3723
f 3723 3724 3727
f 3723 3728 3726
f 3726 3722 3723
f 3727 3724 3721
f 3721 3725 3727
f 3732 3731 3730
f 3730 3729 3732
f 3729 3730 3734
f 3734 3733 3729
f 3733 3734 3736
f 3736 3735 3733
f 3735 3736 3731
f 3731 3732 3735
f 3731 3736 3734
f 3734 3730 3731
f 3735 3732 3729
f 3729 3733 3735
f 3740 3739 3738
f 3738 3737 3740
f 3737 3738 3742
f 3742 3741 3737
f 3741 3742 3744
f 3744 3743 3741
f 3743 3744 3739
f 3739 3740 3743
f 3739 3744 3742
f 3742 3738 3739
f 3743 3740 3737
f 3737 3741 3743
f 3748 3747 3746
f 3746 3745 3748
f 3745 3746 3750
f 3750 3749 3745
f 3749 3750 3752
f 3752 3751 3749
f 3751 3752 3747
f 3747 3748 3751
f 3747 3752 3750
f 3750 3746 3747
f 3751 3748 3745
f 3745 3749 3751
f 3756 3755 3754
f 3754 3753 3756
f 3753 3754 3758
f 3758 3757 3753
f 3757 3758 3760
f 3760 3759 3757
f 3759 3760 3755
f 3755 3756 3759
f 3755 3760 3758
f 3758 3754 3755
f 3759 3756 3753
f 3753 3757 3759
f 3764 3763 3762
f 3762 3761 3764
f 3761 3762 3766
f 3766 3765 3761
f 3765 3766 3768
f 3768 3767 3765
f 3767 3768 3763
f 3763 3764 3767
f 3763 3768 3766
f 3766 3762 3763
f 3767 3764 3761
f 3761 3765 3767
f 3772 3771 3770
f 3770 3769 3772
f 3769 3770 3774
f 3774 3773 3769
f 3773 3774 3776
f 3776 3775 3773
f 3775 3776 3771
f 3771 3772 3775
f 3771 3776 3774
f 3774 3770 3771
f 3775 3772 3769
f 3769 3773 3775
f 3780 3779 3778
f 3778 3777 3780
f 3777 3778 3782
f 3782 3781 3777
f 3781 3782 3784
f 3784 3783 3781
f 3783 3784 3779
f 3779 3780 3783
f 3779 3784 3782
f 3782 3778 3779
f 3783 3780 3777
f 3777 3781 3783
f 3788 3787 3786
f 3786 3785 3788
f 3785 3786 3790
f 3790 3789 3785
f 3789 3790 3792
f 3792 3791 3789
f 3791 3792 3787
f 3787 3788 3791
f 3787 3792 3790
f 3790 3786 3787
f 3791 3788 3785
f 3785 3789 3791
f 3796 3795 3794
f 3794 3793 3796
f 3793 3794 3798
f 3798 3797 3793
f 3797 3798 3800
f 3800 3799 3797
f 3799 3800 3795
f 3795 3796 3799
f 3795 3800 3798
f 3798 3794 3795
f 3799 3796 3793
f 3793 3797 3799
f 3804 3803 3802
f 3802 3801 3804
f 3801 3802 3806
f 3806 3805 3801
f 3805 3806 3808
f 3808 3807 3805
f 3807 3808 3803
f 3803 3804 3807
f 3803 3808 3806
f 3806 3802 3803
f 3807 3804 3801
f 3801 3805 3807
f 3812 3811 3810
f 3810 3809 3812
f 3809 3810 3814
f 3814 3813 3809
f 3813 3814 3816
f 3816 3815 3813
f 3815 3816 3811
f 3811 3812 3815
f 3811 3816 3814
f 3814 3810 3811
f 3815 3812 3809
f 3809 3813 3815
f 3820 3819 3818
f 3818 3817 3820
f 3817 3818 3822
f 3822 3821 3817
f 3821 3822 3824
f 3824 3823 3821
f 3823 3824 3819
f 3819 3820 3823
f 3819 3824 3822
f 3822 3818 3819
f 3823 3820 3817
f 3817 3821 3823
f 3828 3827 3826
f 3826 3825 3828
f 3825 3826 3830
f 3830 3829 3825
f 3829 3830 3832
f 3832 3831 3829
f 3831 3832 3827
f 3827 3828 3831
f 3827 3832 3830
f 3830 3826 3827
f 3831 3828 3825
f 3825 3829 3831
f 3836 3835 3834
f 3834 3833 3836
f 3833 3834 3838
f 3838 3837 3833
f 3837 3838 3840
f 3840 3839 3837
f 3839 3840 3835
f 3835 3836 3839
f 3835 3840 3838
f 3838 3834 3835
f 3839 3836 3833
f 3833 3837 3839
f 3844 3843 3842
f 3842 3841 3844
f 3841 3842 3846
f 3846 3845 3841
f 3845 3846 3848
f 3848 3847 3845
f 3847 3848 3843
f 3843 3844 3847
f 3843 3848 3846
f 3846 3842 3843
f 3847 3844 3841
f 3841 3845 3847
f 3852 3851 3850
f 3850 3849 3852
f 3849 3850 3854
f 3854 3853 3849
f 3853 3854 3856
f 3856 3855 3853
f 3855 3856 3851
f 3851 3852 3855
f 3851 3856 3854
f 3854 3850 3851
f 3855 3852 3849
f 3849 3853 3855
f 3860 3859 3858
f 3858 3857 3860
f 3857 3858 3862
f 3862 3861 3857
f 3861 3862 3864
f 3864 3863 3861
f 3863 3864 3859
f 3859 3860 3863
f 3859 3864 3862
f 3862 3858 3859
f 3863 3860 3857
f 3857 3861 3863
f 3868 3867 3866
f 3866 3865 3868
f 3865 3866 3870
f 3870 3869 3865
f 3869 3870 3872
f 3872 3871 3869
f 3871 3872 3867
f 3867 3868 3871
f 3867 3872 3870
f 3870 3866 3867
f 3871 3868 3865
f 3865 3869 3871
f 3876 3875 3874
f 3874 3873 3876
f 3873 3874 3878
f 3878 3877 3873
f 3877 3878 3880
f 3880 3879 3877
f 3879 3880 3875
f 3875 3876 3879
f 3875 3880 3878
f 3878 3874 3875
f 3879 3876 3873
f 3873 3877 3879
f 3884 3883 3882
f 3882 3881 3884
f 3881 3882 3886
f 3886 3885 3881
f 3885 3886 3888
f 3888 3887 3885
f 3887 3888 3883
f 3883 3884 3887
f 3883 3888 3886
f 3886 3882 3883
f 3887 3884 3881
f 3881 3885 3887
f 3892 3891 3890
f 3890 3889 3892
f 3889 3890 3894
f 3894 3893 3889
f 3893 3894 3896
f 3896 3895 3893
f 3895 3896 3891
f 3891 3892 3895
f 3891 3896 3894
f 3894 3890 3891
f 3895 3892 3889
f 3889 3893 3895
f 3900 3899 3898
f 3898 3897 3900
f 3897 3898 3902
f 3902 3901 3897
f 3901 3902 3904
f 3904 3903 3901
f 3903 3904 3899
f 3899 3900 3903
f 3899 3904 3902
f 3902 3898 3899
f 3903 3900 3897
f 3897 3901 3903
f 3908 3907 3906
f 3906 3905 3908
f 3905 3906 3910
f 3910 3909 3905
f 3909 3910 3912
f 3912 3911 3909
f 3911 3912 3907
f 3907 3908 3911
f 3907 3912 3910
f 3910 3906 3907
f 3911 3908 3905
f 3905 3909 3911
f 4030 4029 4028
f 4028 4027 4030
f 4027 4028 4032
f 4032 4031 4027
f 4031 4032 4034
f 4034 4033 4031
f 4033 4034 4029
f 4029 4030 4033
f 4029 4034 4032
f 4032 4028 4029
f 4033 4030 4027
f 4027 4031 4033
f 4038 4037 4036
f 4036 4035 4038
f 4035 4036 4040
f 4040 4039 4035
f 4039 4040 4042
f 4042 4041 4039
f 4041 4042 4037
f 4037 4038 4041
f 4037 4042 4040
f 4040 4036 4037
f 4041 4038 4035
f 4035 4039 4041