variant_id,object_id,z_shift,table_x,table_y,object_mass,attempts,successes,failures,success_rate
1629,12,0.6890473961830139,0.6952309608459473,0.8230245113372803,0.2064771056175232,57,1,56,0.017543859649122806
1855,12,0.6682456731796265,0.5934659838676453,0.6056027412414551,0.7850207090377808,52,1,51,0.019230769230769232
1644,12,0.4976767599582672,0.5344225168228149,0.835237979888916,0.719196081161499,49,1,48,0.02040816326530612
1862,25,0.4171399772167206,0.5129929780960083,0.9017603397369385,0.33344829082489014,48,1,47,0.020833333333333332
634,12,0.5191105604171753,0.5667173862457275,1.1985020637512207,0.42333173751831055,48,1,47,0.020833333333333332
53,12,0.5513845682144165,0.5279841423034668,1.1443356275558472,0.7891708016395569,45,1,44,0.022222222222222223
364,25,0.6821691989898682,0.609427273273468,0.8389101624488831,0.414800763130188,44,1,43,0.022727272727272728
1099,12,0.6030167937278748,0.6810818314552307,1.1184223890304565,0.6769395470619202,43,1,42,0.023255813953488372
355,4,0.7441689372062683,0.6388928294181824,0.9417421817779541,0.3054260015487671,35,1,34,0.02857142857142857
983,25,0.7343138456344604,0.6056362390518188,1.0548003911972046,0.2915588617324829,59,2,57,0.03389830508474576
462,26,0.7459139823913574,0.556654691696167,1.0296660661697388,0.2050400823354721,59,2,57,0.03389830508474576
1986,12,0.7562726736068726,0.646248459815979,0.8858520984649658,0.44066405296325684,55,2,53,0.03636363636363636
879,12,0.434750497341156,0.5098750591278076,1.124910593032837,0.32504379749298096,53,2,51,0.03773584905660377
1280,12,0.6026136875152588,0.6102924942970276,1.1526638269424438,0.5982488393783569,52,2,50,0.038461538461538464
883,12,0.742460310459137,0.6450146436691284,1.0560846328735352,0.25859880447387695,50,2,48,0.04
1879,4,0.46079277992248535,0.5987921953201294,0.700244128704071,0.7155957818031311,49,2,47,0.04081632653061224
266,4,0.7094825506210327,0.5457595586776733,1.1628611087799072,0.20498357713222504,49,2,47,0.04081632653061224
289,12,0.6403710246086121,0.5024222731590271,0.7077825665473938,0.411484956741333,47,2,45,0.0425531914893617
642,12,0.748551070690155,0.6127973794937134,1.1035385131835938,0.5571103692054749,47,2,45,0.0425531914893617
773,4,0.7240785360336304,0.5387517809867859,1.1369764804840088,0.5173773765563965,46,2,44,0.043478260869565216
1545,4,0.7314274907112122,0.6921083927154541,0.6168991923332214,0.5154448747634888,46,2,44,0.043478260869565216
2010,12,0.7822849154472351,0.5567569136619568,0.6434088945388794,0.20565180480480194,46,2,44,0.043478260869565216
1211,12,0.6680212020874023,0.6524696350097656,0.7210361957550049,0.6572251915931702,46,2,44,0.043478260869565216
981,12,0.6969959735870361,0.602562665939331,0.8085211515426636,0.45872288942337036,45,2,43,0.044444444444444446
1314,4,0.5921615958213806,0.5122225880622864,0.8839850425720215,0.5499007105827332,44,2,42,0.045454545454545456
1044,25,0.7412806749343872,0.6757376194000244,0.8718464374542236,0.32127314805984497,43,2,41,0.046511627906976744
734,26,0.7176505327224731,0.6097272634506226,0.7433071732521057,0.6622759699821472,63,3,60,0.047619047619047616
587,4,0.7254030108451843,0.6935757398605347,0.7430015206336975,0.4657290577888489,42,2,40,0.047619047619047616
1988,25,0.7979331016540527,0.5253794193267822,0.6261375546455383,0.5453377366065979,41,2,39,0.04878048780487805
324,25,0.6834648847579956,0.5968168377876282,0.8349617719650269,0.5357316136360168,41,2,39,0.04878048780487805
1400,12,0.5675204396247864,0.554026186466217,0.9695675373077393,0.3506357967853546,40,2,38,0.05
12,4,0.6730456352233887,0.5578455924987793,1.1897971630096436,0.6804952025413513,40,2,38,0.05
1465,12,0.5114875435829163,0.5137619376182556,0.7061445713043213,0.4798974394798279,59,3,56,0.05084745762711865
1985,17,0.4000515043735504,0.529752254486084,0.628440260887146,0.7072356939315796,39,2,37,0.05128205128205128
377,27,0.7796696424484253,0.6991190314292908,0.6059018969535828,0.5134996771812439,39,2,37,0.05128205128205128
516,12,0.44301077723503113,0.5665896534919739,0.9336724281311035,0.751106858253479,58,3,55,0.05172413793103448
1043,17,0.7736316323280334,0.6205811500549316,0.6085785031318665,0.7517575025558472,38,2,36,0.05263157894736842
588,25,0.6913442015647888,0.6829389333724976,0.7217329144477844,0.2275516539812088,57,3,54,0.05263157894736842
1620,12,0.6097937822341919,0.561083197593689,1.0942659378051758,0.7287150025367737,38,2,36,0.05263157894736842
953,25,0.7945272922515869,0.5540786385536194,0.6809813380241394,0.4629698395729065,55,3,52,0.05454545454545454
487,4,0.785051703453064,0.6298152804374695,1.053447961807251,0.36017319560050964,54,3,51,0.05555555555555555
648,6,0.42375800013542175,0.5273309350013733,0.9237935543060303,0.28655433654785156,36,2,34,0.05555555555555555
1025,12,0.6081472039222717,0.5012827515602112,0.7307782769203186,0.47739046812057495,36,2,34,0.05555555555555555
892,27,0.7070146799087524,0.6134530305862427,0.6063146591186523,0.788311243057251,52,3,49,0.057692307692307696
231,17,0.4445478618144989,0.6376843452453613,1.0501377582550049,0.43003082275390625,34,2,32,0.058823529411764705
1421,26,0.48433831334114075,0.5897909998893738,0.7510558366775513,0.7640870213508606,34,2,32,0.058823529411764705
682,4,0.46013343334198,0.619321346282959,0.70393306016922,0.5153782367706299,34,2,32,0.058823529411764705
1179,12,0.4765579104423523,0.5203413963317871,0.8813709616661072,0.6574867963790894,51,3,48,0.058823529411764705
839,12,0.7551045417785645,0.6309277415275574,0.6827422380447388,0.5822628736495972,50,3,47,0.06
116,4,0.7448869943618774,0.630993127822876,0.8207188844680786,0.7754759192466736,50,3,47,0.06
889,12,0.6843777298927307,0.6106626987457275,1.045487642288208,0.6195955872535706,49,3,46,0.061224489795918366
1962,12,0.4358687102794647,0.5353023409843445,0.7489109635353088,0.3836246430873871,49,3,46,0.061224489795918366
246,27,0.41201356053352356,0.5214824080467224,0.6728700995445251,0.2606387436389923,48,3,45,0.0625
1634,13,0.40680691599845886,0.609184205532074,0.6639010310173035,0.24261276423931122,64,4,60,0.0625
1489,6,0.6883010864257812,0.5448713302612305,0.9072261452674866,0.5886424779891968,47,3,44,0.06382978723404255
778,5,0.47206297516822815,0.6514708995819092,0.734597384929657,0.38468319177627563,47,3,44,0.06382978723404255
100,12,0.7831765413284302,0.6451619863510132,0.7816890478134155,0.45971226692199707,47,3,44,0.06382978723404255
519,17,0.6249723434448242,0.5204745531082153,0.76519775390625,0.2198176383972168,31,2,29,0.06451612903225806
1868,4,0.7593741416931152,0.5772906541824341,1.0553667545318604,0.36600977182388306,46,3,43,0.06521739130434782
1296,5,0.41118180751800537,0.6141282320022583,0.9979063272476196,0.3073754906654358,61,4,57,0.06557377049180328
1766,17,0.4548397958278656,0.6767597198486328,0.9797934293746948,0.6682285070419312,45,3,42,0.06666666666666667
1141,5,0.7563561201095581,0.6561902761459351,0.777316689491272,0.6808013916015625,45,3,42,0.06666666666666667
720,25,0.7454297542572021,0.5729074478149414,0.8368317484855652,0.42316335439682007,44,3,41,0.06818181818181818
1472,5,0.7608354091644287,0.5759978890419006,0.8072203993797302,0.3734845519065857,44,3,41,0.06818181818181818
1762,12,0.47109255194664,0.6451828479766846,0.8022179007530212,0.7968358397483826,44,3,41,0.06818181818181818
749,12,0.5686042308807373,0.5995061993598938,1.1837421655654907,0.6724277138710022,43,3,40,0.06976744186046512
1137,12,0.7083810567855835,0.54376620054245,1.1363615989685059,0.6738877296447754,43,3,40,0.06976744186046512
1674,25,0.5947256088256836,0.6149486899375916,0.8522801399230957,0.325988233089447,43,3,40,0.06976744186046512
1171,5,0.4858524799346924,0.6182498931884766,1.1873078346252441,0.2975422739982605,43,3,40,0.06976744186046512
620,12,0.6296885013580322,0.5920138359069824,1.0990417003631592,0.5882963538169861,43,3,40,0.06976744186046512
1245,4,0.46030887961387634,0.6527174711227417,0.6791674494743347,0.7535066604614258,57,4,53,0.07017543859649122
195,5,0.4593152701854706,0.6276692152023315,0.7788894176483154,0.27023446559906006,42,3,39,0.07142857142857142
1684,25,0.4165533781051636,0.6025146842002869,0.9480157494544983,0.4407343566417694,56,4,52,0.07142857142857142
357,25,0.6583411693572998,0.5945822596549988,0.7201746106147766,0.6022287607192993,55,4,51,0.07272727272727272
1333,12,0.7374343276023865,0.6700071096420288,1.0122796297073364,0.49818336963653564,55,4,51,0.07272727272727272
1598,12,0.7884970903396606,0.6948820352554321,0.8719240427017212,0.6777349710464478,41,3,38,0.07317073170731707
214,25,0.7743728160858154,0.6096968650817871,0.6641049981117249,0.3585946261882782,54,4,50,0.07407407407407407
59,17,0.6620714664459229,0.5428054928779602,1.0373120307922363,0.5204052329063416,27,2,25,0.07407407407407407
1456,12,0.7030804753303528,0.5071176886558533,1.0807393789291382,0.7085418701171875,40,3,37,0.075
504,17,0.5618244409561157,0.5865289568901062,0.7622134685516357,0.29455840587615967,40,3,37,0.075
1070,13,0.7798599004745483,0.6177303194999695,1.0802099704742432,0.7459211349487305,53,4,49,0.07547169811320754
99,12,0.539456844329834,0.5081559419631958,0.9131494760513306,0.3026065230369568,53,4,49,0.07547169811320754
61,12,0.7299089431762695,0.5630187392234802,0.7400937676429749,0.30819541215896606,39,3,36,0.07692307692307693
374,25,0.6807942986488342,0.6068751811981201,0.8713204860687256,0.47813791036605835,52,4,48,0.07692307692307693
260,12,0.7817490100860596,0.6066750884056091,0.8991608619689941,0.3987453579902649,51,4,47,0.0784313725490196
1661,4,0.6720458269119263,0.5260215401649475,0.7445962429046631,0.5763838291168213,38,3,35,0.07894736842105263
822,25,0.49976471066474915,0.5422943830490112,0.6831997036933899,0.6181736588478088,38,3,35,0.07894736842105263
1147,5,0.5095374584197998,0.636637806892395,1.0619440078735352,0.560514509677887,38,3,35,0.07894736842105263
343,27,0.7960129380226135,0.6568441987037659,1.0283410549163818,0.7454895973205566,50,4,46,0.08
1624,5,0.5005456209182739,0.5883447527885437,0.8186913132667542,0.6558457612991333,50,4,46,0.08
769,25,0.6799847483634949,0.5720588564872742,0.689706027507782,0.47571098804473877,50,4,46,0.08
1502,12,0.5562731623649597,0.668701171875,0.8030548691749573,0.4857589602470398,37,3,34,0.08108108108108109
319,4,0.6738491058349609,0.6389825344085693,0.6377967596054077,0.5459956526756287,49,4,45,0.08163265306122448
707,25,0.7896692752838135,0.5168808102607727,0.8107703924179077,0.4854881763458252,49,4,45,0.08163265306122448
197,12,0.7284883260726929,0.5987797975540161,0.8018804788589478,0.40390437841415405,48,4,44,0.08333333333333333
428,5,0.6321055293083191,0.6807506084442139,1.0248992443084717,0.719717264175415,36,3,33,0.08333333333333333
1396,4,0.42024245858192444,0.5176253318786621,1.1665706634521484,0.6070839762687683,36,3,33,0.08333333333333333
1516,6,0.7542412877082825,0.5369887351989746,1.1950669288635254,0.5618353486061096,47,4,43,0.0851063829787234
951,4,0.4905332922935486,0.6338192820549011,0.9727232456207275,0.6141662001609802,35,3,32,0.08571428571428572
365,25,0.6098443269729614,0.6233243942260742,0.8308539986610413,0.44020703434944153,46,4,42,0.08695652173913043
849,12,0.7285482883453369,0.6481518745422363,0.7726736068725586,0.29968544840812683,46,4,42,0.08695652173913043
401,26,0.7404910326004028,0.5848647952079773,0.866560697555542,0.7937881946563721,46,4,42,0.08695652173913043
482,12,0.6318033337593079,0.554270327091217,1.0796995162963867,0.26831451058387756,46,4,42,0.08695652173913043
1300,25,0.5631083846092224,0.6705654263496399,0.9179168939590454,0.49855440855026245,46,4,42,0.08695652173913043
1359,25,0.634711742401123,0.5098496079444885,1.163431167602539,0.7913600206375122,34,3,31,0.08823529411764706
1744,17,0.4898725748062134,0.6118272542953491,1.198656439781189,0.3151874542236328,34,3,31,0.08823529411764706
1939,26,0.43523168563842773,0.5379517674446106,0.6963659524917603,0.2414073795080185,34,3,31,0.08823529411764706
1392,4,0.5347053408622742,0.5130268931388855,0.7267918586730957,0.652979850769043,45,4,41,0.08888888888888889
647,6,0.7889529466629028,0.6305195093154907,0.9372498393058777,0.2856113612651825,45,4,41,0.08888888888888889
1064,4,0.4134492576122284,0.5993503332138062,0.9293428063392639,0.7563958168029785,45,4,41,0.08888888888888889
893,5,0.6853690147399902,0.6078675985336304,1.000981092453003,0.5693007707595825,45,4,41,0.08888888888888889
489,26,0.6972094774246216,0.6990803480148315,0.9872845411300659,0.7111207842826843,45,4,41,0.08888888888888889
746,4,0.7532479763031006,0.6679720282554626,0.874852180480957,0.40449258685112,45,4,41,0.08888888888888889
1036,26,0.44130274653434753,0.5218732357025146,0.7252000570297241,0.27106714248657227,45,4,41,0.08888888888888889
124,26,0.7065762281417847,0.6627773642539978,0.8438319563865662,0.7681260108947754,45,4,41,0.08888888888888889
417,12,0.7738873958587646,0.646636962890625,0.7527072429656982,0.23742519319057465,56,5,51,0.08928571428571429
808,25,0.4161517918109894,0.5369139909744263,0.9799994230270386,0.7344656586647034,44,4,40,0.09090909090909091
1371,25,0.5257598161697388,0.59904545545578,0.9407959580421448,0.3202819228172302,44,4,40,0.09090909090909091
1779,25,0.6428912878036499,0.5494636297225952,1.0874545574188232,0.2914748787879944,54,5,49,0.09259259259259259
884,25,0.7554339170455933,0.6063652038574219,0.9160386323928833,0.3219986855983734,54,5,49,0.09259259259259259
1903,27,0.7753554582595825,0.6823266744613647,0.6418882608413696,0.21503618359565735,43,4,39,0.09302325581395349
1533,12,0.489053875207901,0.5030010938644409,1.0880047082901,0.2588643431663513,43,4,39,0.09302325581395349
1739,17,0.42207545042037964,0.6667180061340332,1.1334166526794434,0.7548096776008606,43,4,39,0.09302325581395349
699,25,0.7407834529876709,0.5287535190582275,0.7485026717185974,0.2833980917930603,43,4,39,0.09302325581395349
1980,5,0.40074795484542847,0.6663045287132263,0.6276534795761108,0.5311106443405151,43,4,39,0.09302325581395349
1165,6,0.7866535186767578,0.5161256194114685,0.7671263813972473,0.4333474040031433,53,5,48,0.09433962264150944
957,13,0.7397474646568298,0.6660566926002502,0.9260444641113281,0.34256207942962646,53,5,48,0.09433962264150944
448,26,0.5010334253311157,0.6042101383209229,1.1531683206558228,0.25301700830459595,42,4,38,0.09523809523809523
887,4,0.7421226501464844,0.6420664191246033,0.6860528588294983,0.7435870170593262,42,4,38,0.09523809523809523
1992,26,0.7183787226676941,0.5489952564239502,1.0264993906021118,0.4262864589691162,42,4,38,0.09523809523809523
1979,27,0.5408578515052795,0.5484709739685059,0.7558771967887878,0.7847097516059875,42,4,38,0.09523809523809523
833,4,0.4063197076320648,0.6670256853103638,1.1992292404174805,0.44721370935440063,52,5,47,0.09615384615384616
1616,26,0.6832596659660339,0.684685230255127,0.9902758002281189,0.30467039346694946,41,4,37,0.0975609756097561
1079,4,0.6115716099739075,0.500346302986145,1.1626392602920532,0.48972249031066895,41,4,37,0.0975609756097561
858,12,0.4865018427371979,0.5636783242225647,1.1620190143585205,0.5532286167144775,41,4,37,0.0975609756097561
286,6,0.4255693852901459,0.596453070640564,1.0321426391601562,0.5027362704277039,51,5,46,0.09803921568627451
877,12,0.6326210498809814,0.5406766533851624,1.0756993293762207,0.7518320083618164,51,5,46,0.09803921568627451
865,4,0.7034381031990051,0.6636239290237427,1.0064828395843506,0.7874847054481506,51,5,46,0.09803921568627451
793,4,0.7068449258804321,0.5638034343719482,0.9048688411712646,0.6930879354476929,51,5,46,0.09803921568627451
675,12,0.6722539663314819,0.5326593518257141,1.0952439308166504,0.3502160906791687,51,5,46,0.09803921568627451
1532,25,0.5128399729728699,0.5747321844100952,0.8834831118583679,0.676692545413971,51,5,46,0.09803921568627451
1824,26,0.6102222204208374,0.5361793041229248,0.8370606899261475,0.7378067970275879,40,4,36,0.1
757,26,0.7276157736778259,0.5329276323318481,0.8226577639579773,0.22332686185836792,40,4,36,0.1
208,17,0.6339988708496094,0.5620908737182617,0.615059494972229,0.797435998916626,40,4,36,0.1
1294,17,0.6017341613769531,0.6596367359161377,0.6661944389343262,0.589871883392334,40,4,36,0.1
1742,4,0.4283435344696045,0.5521166920661926,0.9790545701980591,0.7253435254096985,50,5,45,0.1
1872,27,0.4008103907108307,0.5145536065101624,1.1880905628204346,0.2591073513031006,40,4,36,0.1
281,26,0.6663587093353271,0.5487199425697327,1.0744240283966064,0.7343993186950684,50,5,45,0.1
292,4,0.7126362919807434,0.6872791051864624,1.133888602256775,0.6944560408592224,50,5,45,0.1
493,26,0.42539313435554504,0.5139309167861938,0.6426644325256348,0.400722473859787,49,5,44,0.10204081632653061
1002,12,0.47651684284210205,0.5807158946990967,1.125511646270752,0.5505344271659851,49,5,44,0.10204081632653061
204,25,0.7204705476760864,0.6914721727371216,1.0121078491210938,0.3568284809589386,49,5,44,0.10204081632653061
1316,25,0.6007086634635925,0.5260208249092102,1.0829284191131592,0.6659902334213257,49,5,44,0.10204081632653061
256,17,0.7153476476669312,0.656708836555481,1.0046393871307373,0.21098648011684418,39,4,35,0.10256410256410256
1217,4,0.5209193825721741,0.5430541038513184,0.9253733158111572,0.28061240911483765,39,4,35,0.10256410256410256
1678,4,0.5224125981330872,0.5156531929969788,1.0448049306869507,0.6390764117240906,48,5,43,0.10416666666666667
1463,4,0.7597740888595581,0.6005602478981018,1.0006734132766724,0.23776228725910187,48,5,43,0.10416666666666667
313,5,0.5240778923034668,0.5784991979598999,0.9169409871101379,0.3922252655029297,48,5,43,0.10416666666666667
2039,17,0.43162792921066284,0.5167390704154968,1.1582039594650269,0.6054134964942932,38,4,34,0.10526315789473684
1817,13,0.6787340641021729,0.6122613549232483,0.6113309860229492,0.6228117346763611,57,6,51,0.10526315789473684
2034,5,0.771973192691803,0.5705293416976929,0.9951493740081787,0.6241186857223511,38,4,34,0.10526315789473684
1411,26,0.7375730276107788,0.6178240180015564,1.0982574224472046,0.45646345615386963,38,4,34,0.10526315789473684
299,17,0.4884083569049835,0.5328909754753113,0.618961751461029,0.3863081932067871,57,6,51,0.10526315789473684
1424,25,0.6320063471794128,0.5926377177238464,0.7467942237854004,0.6430538296699524,47,5,42,0.10638297872340426
1032,25,0.7472372055053711,0.5787712931632996,1.003533124923706,0.586414098739624,47,5,42,0.10638297872340426
568,27,0.642350435256958,0.6186838746070862,0.882881760597229,0.2774372398853302,47,5,42,0.10638297872340426
949,25,0.6706023216247559,0.6125518679618835,0.8023043274879456,0.23857295513153076,47,5,42,0.10638297872340426
1250,12,0.7789968252182007,0.6516676545143127,0.922118067741394,0.6102752685546875,47,5,42,0.10638297872340426
1051,6,0.4161607027053833,0.6873411536216736,0.7699942588806152,0.3817281126976013,47,5,42,0.10638297872340426
414,17,0.6737069487571716,0.5209037065505981,0.9827649593353271,0.7594243288040161,37,4,33,0.10810810810810811
1864,17,0.63715660572052,0.6620180606842041,1.1592353582382202,0.6255473494529724,37,4,33,0.10810810810810811
406,25,0.4963795840740204,0.534278929233551,0.7652806639671326,0.5565013289451599,37,4,33,0.10810810810810811
1863,27,0.4035646319389343,0.5857154130935669,1.030098795890808,0.380760133266449,37,4,33,0.10810810810810811
481,25,0.4914766550064087,0.5434736013412476,0.9189740419387817,0.2587292492389679,37,4,33,0.10810810810810811
1571,25,0.4805845022201538,0.6286090016365051,0.6081197261810303,0.431225061416626,37,4,33,0.10810810810810811
22,25,0.5664768815040588,0.5975950956344604,0.6553056240081787,0.4344223737716675,46,5,41,0.10869565217391304
721,26,0.7244957685470581,0.5312132835388184,1.190675139427185,0.6561150550842285,46,5,41,0.10869565217391304
1633,6,0.6191198229789734,0.5410553812980652,0.7901022434234619,0.7923730611801147,46,5,41,0.10869565217391304
162,25,0.6640338897705078,0.6715556979179382,0.6304141879081726,0.34857314825057983,55,6,49,0.10909090909090909
1846,2,0.43392080068588257,0.569681704044342,1.1673673391342163,0.4476604163646698,45,5,40,0.1111111111111111
1560,6,0.4688125252723694,0.6699941158294678,0.8200682401657104,0.6708160042762756,45,5,40,0.1111111111111111
600,5,0.7343301773071289,0.6541398763656616,0.9008141160011292,0.7548061609268188,45,5,40,0.1111111111111111
1376,5,0.7510708570480347,0.5285078883171082,0.7069839239120483,0.5995270609855652,36,4,32,0.1111111111111111
1871,27,0.4311971366405487,0.5387714505195618,0.9936760663986206,0.7431114912033081,36,4,32,0.1111111111111111
506,11,0.515434741973877,0.6913468241691589,0.6324479579925537,0.5645385980606079,27,3,24,0.1111111111111111
362,25,0.7218188643455505,0.6873036623001099,0.9293248653411865,0.22164463996887207,36,4,32,0.1111111111111111
1698,4,0.4073816239833832,0.5439831614494324,0.9858114719390869,0.769374430179596,53,6,47,0.11320754716981132
2003,25,0.7299226522445679,0.5478636622428894,1.11604905128479,0.7066860795021057,53,6,47,0.11320754716981132
1267,5,0.7636396884918213,0.6550277471542358,0.6449480652809143,0.3290947675704956,53,6,47,0.11320754716981132
733,4,0.4654405117034912,0.5788153409957886,1.0375887155532837,0.7684028148651123,44,5,39,0.11363636363636363
759,17,0.5603903532028198,0.6117671728134155,0.7050641775131226,0.4776740074157715,44,5,39,0.11363636363636363
490,26,0.6719928979873657,0.6032974720001221,1.1177620887756348,0.650719940662384,44,5,39,0.11363636363636363
1433,4,0.6108351349830627,0.5391893982887268,0.8564239740371704,0.5623562335968018,35,4,31,0.11428571428571428
128,13,0.7152341604232788,0.6926960349082947,0.9512472152709961,0.6534934639930725,61,7,54,0.11475409836065574
1574,4,0.6456822752952576,0.5590327382087708,1.0984519720077515,0.4366592764854431,34,4,30,0.11764705882352941
1431,4,0.4941248893737793,0.5382592082023621,0.6168102025985718,0.45329785346984863,51,6,45,0.11764705882352941
1664,4,0.6019293665885925,0.5057340860366821,1.0745755434036255,0.20168185234069824,34,4,30,0.11764705882352941
1337,12,0.5624921321868896,0.6607797145843506,1.1689338684082031,0.6522040367126465,51,6,45,0.11764705882352941
187,2,0.4441034495830536,0.5085774660110474,0.9606516361236572,0.7386067509651184,51,6,45,0.11764705882352941
756,27,0.7524752616882324,0.6073967218399048,0.6132286190986633,0.442646861076355,34,4,30,0.11764705882352941
1468,27,0.5543463826179504,0.637600839138031,1.0548776388168335,0.20367483794689178,34,4,30,0.11764705882352941
965,6,0.7581860423088074,0.5947223901748657,0.6700116991996765,0.5222067832946777,42,5,37,0.11904761904761904
505,25,0.4815613329410553,0.5868055820465088,0.8091040253639221,0.4993271827697754,42,5,37,0.11904761904761904
410,26,0.5654445886611938,0.5698462724685669,1.056809663772583,0.6460542678833008,42,5,37,0.11904761904761904
1475,12,0.4383299946784973,0.6654455661773682,0.6597326993942261,0.3282783329486847,42,5,37,0.11904761904761904
147,4,0.6646369695663452,0.6832953691482544,0.7644573450088501,0.6104575991630554,42,5,37,0.11904761904761904
572,13,0.43797966837882996,0.5728433728218079,0.6799781918525696,0.7955983281135559,50,6,44,0.12
1134,6,0.47436147928237915,0.5484088659286499,1.0986361503601074,0.6008429527282715,33,4,29,0.12121212121212122
691,25,0.4725506007671356,0.6238200068473816,1.0665733814239502,0.6166799664497375,33,4,29,0.12121212121212122
1260,4,0.6573865413665771,0.5269700288772583,0.6996942758560181,0.24758024513721466,33,4,29,0.12121212121212122
772,23,0.41765496134757996,0.6195469498634338,0.975586473941803,0.43066325783729553,33,4,29,0.12121212121212122
1069,26,0.6013163328170776,0.6784211993217468,0.6135650873184204,0.6118454337120056,41,5,36,0.12195121951219512
606,4,0.7162277698516846,0.6545952558517456,0.9271218180656433,0.6163363456726074,41,5,36,0.12195121951219512
845,4,0.43396058678627014,0.5735502243041992,0.7469308376312256,0.49112093448638916,41,5,36,0.12195121951219512
1825,5,0.6195054650306702,0.525660514831543,1.1463699340820312,0.22582387924194336,41,5,36,0.12195121951219512
730,26,0.7882908582687378,0.6440447568893433,0.660477340221405,0.673042356967926,41,5,36,0.12195121951219512
1484,17,0.5860618948936462,0.5060020089149475,0.7425367832183838,0.6604740023612976,41,5,36,0.12195121951219512
486,4,0.44264504313468933,0.6547895073890686,0.681283712387085,0.20739392936229706,49,6,43,0.12244897959183673
657,6,0.7966036796569824,0.5241798162460327,0.6298126578330994,0.37879788875579834,49,6,43,0.12244897959183673
1844,12,0.5634562969207764,0.5099573731422424,0.9013545513153076,0.7977275252342224,49,6,43,0.12244897959183673
212,4,0.4200950562953949,0.6483525633811951,0.7592859864234924,0.3974553048610687,49,6,43,0.12244897959183673
1540,25,0.6824743747711182,0.5525611042976379,0.9111415147781372,0.3766550123691559,49,6,43,0.12244897959183673
230,12,0.5594165325164795,0.5032820701599121,0.7510237097740173,0.7820035219192505,48,6,42,0.125
1486,17,0.48600485920906067,0.5681458711624146,0.8315736055374146,0.6417820453643799,32,4,28,0.125
1637,27,0.7551332116127014,0.6535651683807373,0.637994647026062,0.7359569668769836,56,7,49,0.125
1505,26,0.5918719172477722,0.6458223462104797,0.7581040859222412,0.5050942301750183,48,6,42,0.125
394,5,0.7986776828765869,0.5931233167648315,1.1798707246780396,0.6284293532371521,40,5,35,0.125
1819,25,0.6650320291519165,0.6267003417015076,1.0429307222366333,0.6788094639778137,48,6,42,0.125
515,27,0.4034577012062073,0.5903618335723877,0.9602867960929871,0.6161485910415649,40,5,35,0.125
1764,25,0.4932943880558014,0.6264997124671936,0.6080973148345947,0.43635284900665283,32,4,28,0.125
352,12,0.5294482707977295,0.5859060287475586,1.0464609861373901,0.2262585461139679,55,7,48,0.12727272727272726
1436,4,0.7978829145431519,0.5900713205337524,0.7996451258659363,0.28280147910118103,55,7,48,0.12727272727272726
1077,6,0.7941718101501465,0.5866532921791077,0.7634426355361938,0.44670581817626953,47,6,41,0.1276595744680851
1909,27,0.6778819561004639,0.6881283521652222,0.9512484669685364,0.6932810544967651,47,6,41,0.1276595744680851
838,4,0.5532066822052002,0.6380203366279602,1.1456276178359985,0.6148220896720886,47,6,41,0.1276595744680851
776,4,0.6295740604400635,0.65822434425354,1.141786813735962,0.62600177526474,47,6,41,0.1276595744680851
89,27,0.7124914526939392,0.6546854972839355,0.6375778913497925,0.20993433892726898,47,6,41,0.1276595744680851
171,11,0.6855270862579346,0.5491897463798523,0.8664159178733826,0.46672356128692627,47,6,41,0.1276595744680851
1763,25,0.7936068773269653,0.5811997056007385,0.6165980100631714,0.5282133221626282,47,6,41,0.1276595744680851
876,5,0.4447328448295593,0.6199030876159668,0.8590661287307739,0.6981236338615417,47,6,41,0.1276595744680851
175,17,0.7949255108833313,0.619335949420929,1.0641041994094849,0.5996572971343994,39,5,34,0.1282051282051282
991,2,0.7775471210479736,0.5901514887809753,0.842555046081543,0.3475109934806824,39,5,34,0.1282051282051282
763,27,0.4358442425727844,0.5286110043525696,0.6552990674972534,0.6586395502090454,39,5,34,0.1282051282051282
571,4,0.5696808099746704,0.6730356216430664,1.1580575704574585,0.5337488651275635,39,5,34,0.1282051282051282
1691,6,0.6548640727996826,0.6975229382514954,1.1443476676940918,0.760939359664917,39,5,34,0.1282051282051282
735,13,0.7020764350891113,0.5670722723007202,0.7369935512542725,0.5136690139770508,62,8,54,0.12903225806451613
708,5,0.747859537601471,0.6760743260383606,1.1054301261901855,0.2568792998790741,31,4,27,0.12903225806451613
628,25,0.5593838691711426,0.5550706386566162,0.8850889801979065,0.4746348261833191,54,7,47,0.12962962962962962
215,27,0.7653211355209351,0.501015841960907,1.0650501251220703,0.2591436207294464,46,6,40,0.13043478260869565
695,4,0.4055604338645935,0.6133372783660889,0.7896032333374023,0.446198433637619,46,6,40,0.13043478260869565
283,25,0.6590156555175781,0.5953148603439331,1.1635260581970215,0.21201854944229126,46,6,40,0.13043478260869565
1443,6,0.4277643859386444,0.540477991104126,1.034719467163086,0.6121318340301514,46,6,40,0.13043478260869565
1196,5,0.726695716381073,0.5465800166130066,1.1901676654815674,0.2841513454914093,46,6,40,0.13043478260869565
1054,26,0.6940638422966003,0.6701313257217407,0.804816484451294,0.20403969287872314,61,8,53,0.13114754098360656
2024,17,0.6215912103652954,0.5889276266098022,1.0488922595977783,0.5351541638374329,38,5,33,0.13157894736842105
1419,5,0.4279790222644806,0.5441065430641174,0.7384857535362244,0.5086924433708191,38,5,33,0.13157894736842105
1716,12,0.7366271018981934,0.6502037644386292,0.9822834134101868,0.5348443388938904,38,5,33,0.13157894736842105
216,5,0.7478445768356323,0.6795387864112854,1.0828218460083008,0.4008282721042633,45,6,39,0.13333333333333333
6,13,0.5588549375534058,0.688883900642395,1.1273868083953857,0.36971157789230347,45,6,39,0.13333333333333333
672,13,0.4147161543369293,0.5080742835998535,1.0229436159133911,0.6049365401268005,60,8,52,0.13333333333333333
2038,17,0.7639582753181458,0.5799033641815186,0.9388769268989563,0.5672584176063538,30,4,26,0.13333333333333333
1780,27,0.6705954074859619,0.6456887722015381,1.0695374011993408,0.7327603101730347,45,6,39,0.13333333333333333
115,2,0.7492514848709106,0.6022934913635254,1.0512882471084595,0.30096757411956787,52,7,45,0.1346153846153846
1286,2,0.743417501449585,0.684647262096405,0.6509009003639221,0.741608738899231,37,5,32,0.13513513513513514
1730,17,0.514794647693634,0.5934662818908691,1.0667473077774048,0.31658703088760376,44,6,38,0.13636363636363635
1623,2,0.693358302116394,0.5378202795982361,1.038745641708374,0.24083177745342255,51,7,44,0.13725490196078433
510,5,0.47381091117858887,0.5030501484870911,0.7295798063278198,0.2729966640472412,51,7,44,0.13725490196078433
872,5,0.6398622393608093,0.5666483044624329,0.8259892463684082,0.4255634844303131,51,7,44,0.13725490196078433
435,6,0.4388871490955353,0.5612820386886597,0.9091811180114746,0.7956460118293762,51,7,44,0.13725490196078433
174,17,0.799621045589447,0.6628515720367432,1.129904866218567,0.46877557039260864,29,4,25,0.13793103448275862
923,13,0.7498512268066406,0.529656171798706,0.9337897896766663,0.2852456569671631,58,8,50,0.13793103448275862
132,5,0.7725720405578613,0.6205762624740601,1.1072043180465698,0.517713189125061,36,5,31,0.1388888888888889
1725,6,0.6522208452224731,0.5469446778297424,0.9622642993927002,0.5888967514038086,43,6,37,0.13953488372093023
1966,6,0.6553553342819214,0.5743045806884766,0.9086658954620361,0.20768624544143677,43,6,37,0.13953488372093023
1478,2,0.4123266935348511,0.5312708020210266,0.8545587062835693,0.6368333101272583,43,6,37,0.13953488372093023
728,27,0.6134133338928223,0.6483439803123474,1.146666169166565,0.42961257696151733,43,6,37,0.13953488372093023
850,26,0.4062131345272064,0.6529053449630737,0.8032834529876709,0.2671390771865845,43,6,37,0.13953488372093023
1075,5,0.44380924105644226,0.6886316537857056,0.769227921962738,0.6508569121360779,43,6,37,0.13953488372093023
908,12,0.4189392328262329,0.6710017919540405,1.0916070938110352,0.7742581367492676,43,6,37,0.13953488372093023
282,27,0.7730152606964111,0.6841625571250916,0.8390854001045227,0.2892475128173828,50,7,43,0.14
387,26,0.6494937539100647,0.6899229288101196,0.7060591578483582,0.7723272442817688,50,7,43,0.14
1687,13,0.4366756081581116,0.6240930557250977,0.9242367744445801,0.30886390805244446,57,8,49,0.14035087719298245
925,5,0.41369399428367615,0.5863379836082458,0.7203596830368042,0.46307557821273804,42,6,36,0.14285714285714285
1983,5,0.4531678855419159,0.6567260026931763,1.0682141780853271,0.7975572943687439,35,5,30,0.14285714285714285
741,4,0.4603446424007416,0.6940739154815674,0.8358169794082642,0.2616690695285797,35,5,30,0.14285714285714285
1482,12,0.7579721212387085,0.5873038172721863,0.6638332009315491,0.35728657245635986,49,7,42,0.14285714285714285
1378,25,0.6043416857719421,0.5511539578437805,0.6434458494186401,0.6492164134979248,49,7,42,0.14285714285714285
963,17,0.41261306405067444,0.5173972249031067,0.8180410861968994,0.44334787130355835,35,5,30,0.14285714285714285
1827,17,0.7067389488220215,0.6350897550582886,0.7572907209396362,0.20870795845985413,35,5,30,0.14285714285714285
508,12,0.7229287624359131,0.6262595653533936,0.8681312799453735,0.5664359927177429,49,7,42,0.14285714285714285
644,26,0.7274125218391418,0.5441778302192688,0.8064974546432495,0.4439825117588043,35,5,30,0.14285714285714285
84,27,0.717464804649353,0.6530860066413879,0.8385199308395386,0.40543219447135925,42,6,36,0.14285714285714285
1020,5,0.4000345468521118,0.6905091404914856,1.0808780193328857,0.3506758511066437,49,7,42,0.14285714285714285
1543,12,0.4789990186691284,0.52158123254776,0.7768404483795166,0.3377830386161804,48,7,41,0.14583333333333334
1269,25,0.6135942935943604,0.6559868454933167,0.9538968801498413,0.4303821623325348,48,7,41,0.14583333333333334
663,25,0.41645124554634094,0.6536098718643188,1.0962724685668945,0.2811291217803955,41,6,35,0.14634146341463414
405,12,0.41947758197784424,0.6077768802642822,1.1643550395965576,0.7657913565635681,41,6,35,0.14634146341463414
856,27,0.43268898129463196,0.6710085868835449,1.1873137950897217,0.2433066964149475,41,6,35,0.14634146341463414
1712,5,0.7058355212211609,0.6003750562667847,1.026879906654358,0.5050248503684998,41,6,35,0.14634146341463414
1636,27,0.5973314046859741,0.6173697113990784,1.133880853652954,0.4147305190563202,41,6,35,0.14634146341463414
24,12,0.5359103083610535,0.6085019111633301,1.022908091545105,0.7703824639320374,47,7,40,0.14893617021276595
1168,25,0.43704697489738464,0.6323875784873962,0.684707760810852,0.7678219079971313,47,7,40,0.14893617021276595
1092,27,0.44769418239593506,0.5477421283721924,0.8178422451019287,0.30730390548706055,47,7,40,0.14893617021276595
311,4,0.5497374534606934,0.5543196201324463,0.8604265451431274,0.2824804186820984,40,6,34,0.15
750,2,0.7340131998062134,0.6252802610397339,0.7166513204574585,0.523607075214386,40,6,34,0.15
1639,26,0.7881332635879517,0.5451068878173828,0.794840931892395,0.7069780826568604,40,6,34,0.15
655,5,0.477062851190567,0.6958303451538086,0.7385240197181702,0.28474342823028564,40,6,34,0.15
425,5,0.7087087631225586,0.5318447351455688,0.8844866752624512,0.6157891154289246,40,6,34,0.15
1410,2,0.6775918006896973,0.5505968928337097,1.0707539319992065,0.5121262073516846,40,6,34,0.15
586,27,0.4886913001537323,0.5778125524520874,0.7858957648277283,0.7491414546966553,40,6,34,0.15
602,26,0.7960730791091919,0.510359525680542,1.0226316452026367,0.22021496295928955,40,6,34,0.15
651,6,0.6719200611114502,0.519805908203125,0.6597097516059875,0.5819782018661499,40,6,34,0.15
1144,5,0.6329158544540405,0.5815219283103943,0.6011696457862854,0.5572023987770081,53,8,45,0.1509433962264151
603,13,0.6878271102905273,0.6046949028968811,0.9720808863639832,0.6208795309066772,53,8,45,0.1509433962264151
1299,25,0.4996376037597656,0.5878145694732666,0.6208404898643494,0.5014747381210327,53,8,45,0.1509433962264151
1621,17,0.5845223069190979,0.6555006504058838,1.162084937095642,0.2904462218284607,33,5,28,0.15151515151515152
1205,17,0.4120402932167053,0.6895382404327393,1.1063940525054932,0.7060796618461609,33,5,28,0.15151515151515152
1498,4,0.5954069495201111,0.6448172330856323,0.7835794687271118,0.6519665122032166,33,5,28,0.15151515151515152
119,12,0.4559791684150696,0.5226350426673889,0.6121921539306641,0.6170268654823303,46,7,39,0.15217391304347827
458,27,0.7121727466583252,0.5265170335769653,0.7603054046630859,0.5750362873077393,46,7,39,0.15217391304347827
1588,13,0.709773063659668,0.6833803057670593,1.1699190139770508,0.5519521832466125,46,7,39,0.15217391304347827
167,5,0.5550650358200073,0.509860098361969,1.0906586647033691,0.6591846346855164,39,6,33,0.15384615384615385
1056,9,0.6574743986129761,0.5001973509788513,0.6501412391662598,0.4099377691745758,39,6,33,0.15384615384615385
280,13,0.5590003132820129,0.6948577165603638,0.8777185678482056,0.34526801109313965,52,8,44,0.15384615384615385
1544,27,0.4516843259334564,0.5617602467536926,0.6285849213600159,0.5234050750732422,39,6,33,0.15384615384615385
1026,25,0.6305201053619385,0.6968654990196228,0.6115913391113281,0.7894600629806519,39,6,33,0.15384615384615385
787,17,0.45625123381614685,0.5709415674209595,0.7061414122581482,0.6202146410942078,39,6,33,0.15384615384615385
3,2,0.6938737630844116,0.6499868631362915,0.992746889591217,0.7767549157142639,39,6,33,0.15384615384615385
148,13,0.7221077680587769,0.5894812345504761,0.8051398992538452,0.20340336859226227,52,8,44,0.15384615384615385
1341,13,0.7728525996208191,0.6350300908088684,0.7611704468727112,0.6292835474014282,58,9,49,0.15517241379310345
1729,2,0.4346807897090912,0.5210440158843994,0.8422548770904541,0.455874502658844,45,7,38,0.15555555555555556
1458,4,0.5388873219490051,0.5489838719367981,0.7518860697746277,0.6677161455154419,45,7,38,0.15555555555555556
1773,31,0.7806364297866821,0.5421580076217651,0.757906973361969,0.449567973613739,32,5,27,0.15625
913,11,0.7763577103614807,0.5199550986289978,1.0345391035079956,0.27766719460487366,32,5,27,0.15625
1119,25,0.6322288513183594,0.6405160427093506,1.0045028924942017,0.5517843961715698,51,8,43,0.1568627450980392
1886,5,0.40893450379371643,0.510697603225708,1.1543238162994385,0.5869390368461609,51,8,43,0.1568627450980392
1206,13,0.5263164639472961,0.6545521020889282,1.152019739151001,0.46376609802246094,57,9,48,0.15789473684210525
974,5,0.5572943687438965,0.5548105239868164,0.9449666738510132,0.46408289670944214,38,6,32,0.15789473684210525
1460,4,0.6288691759109497,0.6014747023582458,0.7606214284896851,0.38514894247055054,38,6,32,0.15789473684210525
1677,23,0.7372206449508667,0.5914559364318848,0.8845835328102112,0.7733216881752014,44,7,37,0.1590909090909091
327,5,0.6453720927238464,0.584407389163971,0.6798426508903503,0.5066306591033936,44,7,37,0.1590909090909091
1344,26,0.48977604508399963,0.5938631296157837,0.8464264273643494,0.6603648066520691,44,7,37,0.1590909090909091
1590,5,0.7676686644554138,0.6186113953590393,0.8934329152107239,0.30938202142715454,44,7,37,0.1590909090909091
375,26,0.6422238945960999,0.6296308636665344,0.6964051127433777,0.5949411988258362,44,7,37,0.1590909090909091
1409,17,0.7374605536460876,0.5479923486709595,1.0829048156738281,0.24466465413570404,44,7,37,0.1590909090909091
561,13,0.5309130549430847,0.5788402557373047,0.7265392541885376,0.558915376663208,50,8,42,0.16
1052,17,0.7822948694229126,0.6382852792739868,0.7517971992492676,0.6828494071960449,31,5,26,0.16129032258064516
1569,26,0.5469101667404175,0.6758681535720825,1.174405813217163,0.5776997208595276,37,6,31,0.16216216216216217
378,17,0.7003359198570251,0.5799590349197388,0.6228999495506287,0.5733148455619812,37,6,31,0.16216216216216217
354,12,0.7277628183364868,0.5360931158065796,0.8395305871963501,0.42167478799819946,37,6,31,0.16216216216216217
1146,6,0.4733894467353821,0.631327748298645,0.7443749904632568,0.7699770331382751,37,6,31,0.16216216216216217
942,5,0.7354001998901367,0.5376999378204346,1.1591596603393555,0.23678946495056152,43,7,36,0.16279069767441862
1408,6,0.4336824119091034,0.6498740911483765,1.0647000074386597,0.32901012897491455,43,7,36,0.16279069767441862
1055,2,0.6073405742645264,0.6165758967399597,0.7837129831314087,0.5431802868843079,43,7,36,0.16279069767441862
1771,27,0.6852947473526001,0.6232972145080566,0.8127801418304443,0.40511399507522583,43,7,36,0.16279069767441862
1867,4,0.4774616062641144,0.6009006500244141,1.0424621105194092,0.7308516502380371,43,7,36,0.16279069767441862
796,26,0.740886926651001,0.5075815916061401,0.9505159258842468,0.6307725310325623,43,7,36,0.16279069767441862
340,2,0.4979103207588196,0.564214289188385,0.8434804677963257,0.3414152264595032,43,7,36,0.16279069767441862
103,27,0.6866006851196289,0.583403468132019,0.8157920837402344,0.2174445539712906,49,8,41,0.16326530612244897
1303,26,0.6755931377410889,0.5746514797210693,0.6983528137207031,0.5395200848579407,49,8,41,0.16326530612244897
1429,27,0.7752182483673096,0.6355358362197876,0.9114350080490112,0.3333616256713867,49,8,41,0.16326530612244897
176,5,0.7364094257354736,0.5711280107498169,1.1179620027542114,0.7064228057861328,49,8,41,0.16326530612244897
994,27,0.45938703417778015,0.5988878011703491,1.0125757455825806,0.6586095094680786,49,8,41,0.16326530612244897
1011,6,0.7995908260345459,0.6937483549118042,1.1498768329620361,0.44088008999824524,49,8,41,0.16326530612244897
579,5,0.5334832668304443,0.6483306288719177,0.6561920046806335,0.5633836984634399,49,8,41,0.16326530612244897
484,26,0.7725790143013,0.6849234700202942,0.6179855465888977,0.6714162230491638,49,8,41,0.16326530612244897
1527,25,0.7315870523452759,0.5543796420097351,0.6042487621307373,0.6960092186927795,55,9,46,0.16363636363636364
1719,13,0.7921016812324524,0.5843368768692017,0.8079982995986938,0.7108027338981628,54,9,45,0.16666666666666666
1013,2,0.6817350387573242,0.5941895246505737,0.7465022206306458,0.23311948776245117,42,7,35,0.16666666666666666
31,17,0.7897111177444458,0.6397329568862915,0.9769071936607361,0.669055163860321,36,6,30,0.16666666666666666
447,6,0.7202392816543579,0.5354520678520203,0.9222285747528076,0.48992782831192017,36,6,30,0.16666666666666666
1133,11,0.7640939950942993,0.5674322247505188,0.6315910220146179,0.37953606247901917,42,7,35,0.16666666666666666
1566,12,0.6070725917816162,0.642568826675415,1.1247308254241943,0.6420644521713257,36,6,30,0.16666666666666666
1441,6,0.636304497718811,0.6624903082847595,0.7829748392105103,0.740970253944397,48,8,40,0.16666666666666666
722,4,0.6437972784042358,0.6972044110298157,0.9025527238845825,0.669752836227417,42,7,35,0.16666666666666666
1531,4,0.5828915238380432,0.5269402861595154,0.7156655192375183,0.7419853806495667,42,7,35,0.16666666666666666
1387,17,0.7621978521347046,0.5151833891868591,0.6565542817115784,0.4820777177810669,30,5,25,0.16666666666666666
1948,26,0.7667709589004517,0.6535040140151978,0.8338905572891235,0.48817968368530273,54,9,45,0.16666666666666666
1393,13,0.782311737537384,0.530591607093811,0.9311181902885437,0.6785112619400024,59,10,49,0.1694915254237288
1293,26,0.5810347199440002,0.5512567162513733,1.0740056037902832,0.49484407901763916,53,9,44,0.16981132075471697
1658,13,0.42921990156173706,0.6516589522361755,0.8923771977424622,0.49793457984924316,53,9,44,0.16981132075471697
1592,27,0.6375726461410522,0.6956691741943359,0.6871665120124817,0.5794078707695007,47,8,39,0.1702127659574468
1882,5,0.5199496746063232,0.5629243850708008,0.7631616592407227,0.5186060667037964,47,8,39,0.1702127659574468
155,2,0.47127676010131836,0.6689849495887756,0.7074765563011169,0.44783443212509155,47,8,39,0.1702127659574468
1342,26,0.43174979090690613,0.5944525003433228,0.8487551212310791,0.5927754640579224,41,7,34,0.17073170731707318
1007,6,0.5028417110443115,0.5558009147644043,1.1789381504058838,0.40241163969039917,41,7,34,0.17073170731707318
249,5,0.7647060751914978,0.5501911640167236,1.0172418355941772,0.5803835988044739,41,7,34,0.17073170731707318
546,26,0.4573211371898651,0.6446281671524048,0.9623583555221558,0.29340410232543945,41,7,34,0.17073170731707318
275,5,0.5155659317970276,0.5463839769363403,0.6029142737388611,0.550523042678833,41,7,34,0.17073170731707318
1987,2,0.7874901294708252,0.6248958110809326,0.7688919305801392,0.3055295944213867,41,7,34,0.17073170731707318
369,17,0.55951988697052,0.6913751363754272,0.9602148532867432,0.6648427844047546,35,6,29,0.17142857142857143
217,17,0.4556737244129181,0.6204664707183838,0.9759558439254761,0.4405454397201538,35,6,29,0.17142857142857143
1850,6,0.765192449092865,0.5168812870979309,1.0189547538757324,0.2273406982421875,35,6,29,0.17142857142857143
1170,12,0.6003026366233826,0.5345053672790527,0.6957595348358154,0.4350124001502991,35,6,29,0.17142857142857143
142,12,0.47740957140922546,0.5704033374786377,0.7066851258277893,0.5561948418617249,29,5,24,0.1724137931034483
1656,13,0.6806146502494812,0.5429203510284424,1.1095564365386963,0.22051683068275452,58,10,48,0.1724137931034483
1605,13,0.4921194314956665,0.6572113037109375,0.6562039852142334,0.6172841787338257,52,9,43,0.17307692307692307
423,26,0.7684069871902466,0.6743875741958618,0.648715078830719,0.37521421909332275,46,8,38,0.17391304347826086
1375,2,0.7940273880958557,0.5982989072799683,0.7789367437362671,0.6772148013114929,46,8,38,0.17391304347826086
310,5,0.5677677989006042,0.561273455619812,1.0417506694793701,0.4732471704483032,46,8,38,0.17391304347826086
1876,27,0.7930748462677002,0.5302671790122986,1.1690195798873901,0.6685110926628113,46,8,38,0.17391304347826086
392,13,0.6286408305168152,0.682776153087616,0.9295058846473694,0.24163317680358887,51,9,42,0.17647058823529413
472,9,0.790607213973999,0.5293415784835815,0.7462306618690491,0.32294827699661255,34,6,28,0.17647058823529413
934,2,0.5038030743598938,0.6281574964523315,1.0559301376342773,0.4540039896965027,34,6,28,0.17647058823529413
544,26,0.4845433533191681,0.5383034944534302,1.1090943813323975,0.40016913414001465,34,6,28,0.17647058823529413
1922,17,0.6514184474945068,0.5913314819335938,0.8664383888244629,0.5189827084541321,34,6,28,0.17647058823529413
1715,4,0.521044135093689,0.589186429977417,0.6819194555282593,0.42230331897735596,34,6,28,0.17647058823529413
684,6,0.6240761280059814,0.6233877539634705,1.1413795948028564,0.3440112769603729,34,6,28,0.17647058823529413
436,27,0.6966240406036377,0.5303183197975159,1.1856067180633545,0.7355718612670898,51,9,42,0.17647058823529413
461,2,0.4287126064300537,0.5265326499938965,0.9684985280036926,0.6103913187980652,45,8,37,0.17777777777777778
1495,23,0.5563883781433105,0.5825899839401245,1.1016862392425537,0.4009110927581787,45,8,37,0.17777777777777778
697,6,0.5239068269729614,0.5078396201133728,0.9405752420425415,0.3624206781387329,45,8,37,0.17777777777777778
33,6,0.41777247190475464,0.6912004351615906,1.0399672985076904,0.5033276677131653,45,8,37,0.17777777777777778
321,26,0.5848568677902222,0.5130635499954224,0.6445741653442383,0.3052019476890564,45,8,37,0.17777777777777778
1394,25,0.4221193492412567,0.6525490880012512,0.6530635356903076,0.42326819896698,45,8,37,0.17777777777777778
1972,27,0.6421211361885071,0.5732290744781494,1.1490223407745361,0.5917494893074036,45,8,37,0.17777777777777778
158,27,0.7421939373016357,0.5542861819267273,0.8715144395828247,0.5506255030632019,39,7,32,0.1794871794871795
1183,2,0.682597279548645,0.5374428629875183,1.0289663076400757,0.4325515627861023,39,7,32,0.1794871794871795
1731,9,0.751894474029541,0.5954452753067017,0.8809258937835693,0.236393541097641,39,7,32,0.1794871794871795
391,13,0.7547698020935059,0.685666024684906,0.6194953322410583,0.741681694984436,50,9,41,0.18
812,13,0.6747121810913086,0.5376794934272766,1.0888406038284302,0.560333251953125,50,9,41,0.18
1708,25,0.5881990194320679,0.5604015588760376,0.7521957159042358,0.625199019908905,50,9,41,0.18
1184,2,0.6340508460998535,0.5376307964324951,0.6369774341583252,0.5595172643661499,44,8,36,0.18181818181818182
112,2,0.7896429300308228,0.6836986541748047,0.6096537113189697,0.3269121050834656,44,8,36,0.18181818181818182
239,27,0.4413037598133087,0.5149778127670288,0.7323609590530396,0.38468241691589355,44,8,36,0.18181818181818182
1430,11,0.6433537602424622,0.627576470375061,0.647835373878479,0.6296331286430359,44,8,36,0.18181818181818182
705,5,0.5285510420799255,0.6305596828460693,0.9973716735839844,0.5242899656295776,44,8,36,0.18181818181818182
1161,6,0.7030316591262817,0.551260769367218,1.031951904296875,0.251598984003067,44,8,36,0.18181818181818182
795,17,0.6482951641082764,0.677993893623352,1.143066644668579,0.3706374764442444,33,6,27,0.18181818181818182
803,11,0.7990162372589111,0.5004512071609497,0.7826384902000427,0.2782680094242096,44,8,36,0.18181818181818182
1335,13,0.7534548044204712,0.5701601505279541,0.6838695406913757,0.6025640368461609,49,9,40,0.1836734693877551
1345,6,0.47136855125427246,0.5795800089836121,1.1273974180221558,0.45409095287323,49,9,40,0.1836734693877551
1083,26,0.7328982353210449,0.6172868013381958,0.7720565795898438,0.38997682929039,49,9,40,0.1836734693877551
669,6,0.44974926114082336,0.6685593128204346,0.9436565637588501,0.23996581137180328,38,7,31,0.18421052631578946
766,26,0.47999754548072815,0.5222915410995483,0.9325283169746399,0.5263004302978516,38,7,31,0.18421052631578946
1120,31,0.7465088367462158,0.5445836186408997,0.846731424331665,0.433060884475708,38,7,31,0.18421052631578946
291,4,0.4725465774536133,0.6144647002220154,1.1915881633758545,0.36234116554260254,38,7,31,0.18421052631578946
109,13,0.6414462924003601,0.6141977310180664,0.8641245365142822,0.6656421422958374,54,10,44,0.18518518518518517
1413,13,0.4096235930919647,0.6481693983078003,1.0133907794952393,0.372563898563385,54,10,44,0.18518518518518517
624,13,0.7289136648178101,0.6998443603515625,0.7122981548309326,0.6553400754928589,54,10,44,0.18518518518518517
315,13,0.4041108787059784,0.691047728061676,0.6630399227142334,0.4029318392276764,54,10,44,0.18518518518518517
1654,2,0.7038525342941284,0.6125147938728333,0.7816033363342285,0.7979819774627686,43,8,35,0.18604651162790697
126,25,0.41195687651634216,0.6596512794494629,0.7509045004844666,0.6915901303291321,43,8,35,0.18604651162790697
1936,21,0.7746114730834961,0.6587635278701782,1.187279462814331,0.30724310874938965,43,8,35,0.18604651162790697
1805,27,0.7041304111480713,0.5914232730865479,0.8432278633117676,0.45457255840301514,43,8,35,0.18604651162790697
2005,6,0.7966281175613403,0.6049925088882446,0.8592914938926697,0.5022681951522827,43,8,35,0.18604651162790697
1627,26,0.656935453414917,0.6374592781066895,1.1773310899734497,0.7180834412574768,43,8,35,0.18604651162790697
1317,27,0.7061467170715332,0.5194718837738037,0.6792462468147278,0.38618260622024536,48,9,39,0.1875
2008,11,0.47465217113494873,0.5949827432632446,0.8555879592895508,0.2694482207298279,48,9,39,0.1875
382,17,0.7544155120849609,0.5355584025382996,1.0755114555358887,0.61458820104599,32,6,26,0.1875
945,23,0.5912666916847229,0.6048915982246399,0.689423680305481,0.2804597318172455,32,6,26,0.1875
1787,17,0.608481764793396,0.5977418422698975,1.0297701358795166,0.5581584572792053,32,6,26,0.1875
1795,31,0.7049946188926697,0.5123311281204224,0.7130765318870544,0.46836209297180176,48,9,39,0.1875
940,13,0.4631384015083313,0.6695147752761841,0.772599995136261,0.7198646664619446,48,9,39,0.1875
789,5,0.6743049621582031,0.6595284342765808,0.8258896470069885,0.7732840776443481,53,10,43,0.18867924528301888
978,13,0.691887378692627,0.5495895147323608,0.7542367577552795,0.34580549597740173,53,10,43,0.18867924528301888
143,27,0.6731707453727722,0.5251116156578064,0.7174096703529358,0.26214590668678284,37,7,30,0.1891891891891892
1847,25,0.5010799169540405,0.5357099771499634,0.7987885475158691,0.6215044260025024,37,7,30,0.1891891891891892
97,27,0.6358245015144348,0.5849543213844299,0.7079253792762756,0.27384164929389954,37,7,30,0.1891891891891892
17,17,0.5992010235786438,0.5728612542152405,0.8211283087730408,0.3075229823589325,37,7,30,0.1891891891891892
1833,11,0.7770610451698303,0.5989694595336914,0.7174919247627258,0.5711355209350586,37,7,30,0.1891891891891892
1298,6,0.782673716545105,0.5909843444824219,0.8027008771896362,0.5551144480705261,37,7,30,0.1891891891891892
867,13,0.43267014622688293,0.5020283460617065,0.943997859954834,0.5379930138587952,58,11,47,0.1896551724137931
1415,5,0.4946393370628357,0.6582040786743164,1.1432278156280518,0.6753321290016174,42,8,34,0.19047619047619047
1199,6,0.679408073425293,0.5038475394248962,0.9737906455993652,0.28603166341781616,42,8,34,0.19047619047619047
1559,26,0.4912441670894623,0.6029496788978577,0.8598447442054749,0.7320119738578796,42,8,34,0.19047619047619047
1856,2,0.6909018158912659,0.6665605902671814,0.9944604635238647,0.20835332572460175,47,9,38,0.19148936170212766
685,13,0.4114267826080322,0.6915175914764404,0.8906850218772888,0.28865352272987366,47,9,38,0.19148936170212766
783,17,0.6140232682228088,0.6696131229400635,1.102569580078125,0.2522774636745453,47,9,38,0.19148936170212766
1513,26,0.7393572330474854,0.5693068504333496,1.1389527320861816,0.26987403631210327,47,9,38,0.19148936170212766
1626,2,0.7260783910751343,0.5772721767425537,1.1779040098190308,0.24956637620925903,47,9,38,0.19148936170212766
188,27,0.5932087302207947,0.5806138515472412,1.0804269313812256,0.5276781916618347,47,9,38,0.19148936170212766
1215,17,0.7152149677276611,0.5456174612045288,0.9143046140670776,0.370547354221344,26,5,21,0.19230769230769232
1139,17,0.718065619468689,0.5147410035133362,1.0782556533813477,0.7659009695053101,31,6,25,0.1935483870967742
1546,2,0.4238463044166565,0.5115708708763123,1.173301339149475,0.4554027318954468,36,7,29,0.19444444444444445
1596,2,0.763161301612854,0.6993176937103271,0.8464044332504272,0.6344325542449951,36,7,29,0.19444444444444445
1600,26,0.5707705616950989,0.684244692325592,0.9764368534088135,0.5165224671363831,41,8,33,0.1951219512195122
1093,6,0.45269906520843506,0.5979708433151245,0.6602332592010498,0.5632835626602173,41,8,33,0.1951219512195122
413,17,0.468006432056427,0.583516001701355,1.0304436683654785,0.29595592617988586,41,8,33,0.1951219512195122
257,17,0.7229468822479248,0.6493431925773621,1.1244480609893799,0.21105162799358368,41,8,33,0.1951219512195122
1227,12,0.5599889755249023,0.6920682191848755,1.0954114198684692,0.3720402717590332,41,8,33,0.1951219512195122
827,25,0.5527734756469727,0.6999741792678833,1.0572947263717651,0.2568960189819336,41,8,33,0.1951219512195122
1076,6,0.5451627373695374,0.5748847126960754,0.7589324116706848,0.4230877161026001,41,8,33,0.1951219512195122
1653,4,0.5391473770141602,0.6155849695205688,0.6221073865890503,0.7000765204429626,46,9,37,0.1956521739130435
589,27,0.7561588287353516,0.5092130303382874,0.9306555986404419,0.34611380100250244,46,9,37,0.1956521739130435
1628,6,0.6458154916763306,0.6157318949699402,0.8142495155334473,0.35362860560417175,46,9,37,0.1956521739130435
500,26,0.4411671757698059,0.5624217987060547,1.189023733139038,0.6606305837631226,46,9,37,0.1956521739130435
527,13,0.6141232252120972,0.6598830819129944,0.9775115251541138,0.453744113445282,51,10,41,0.19607843137254902
1711,6,0.6383132338523865,0.5644258856773376,1.1089813709259033,0.20593473315238953,50,10,40,0.2
1638,23,0.40910086035728455,0.555948793888092,1.081687331199646,0.7007491588592529,40,8,32,0.2
599,17,0.7966096997261047,0.5200470685958862,0.8379150032997131,0.5310156345367432,35,7,28,0.2
768,17,0.5678490996360779,0.656467616558075,0.8918976783752441,0.22449891269207,40,8,32,0.2
262,6,0.48660436272621155,0.6248949766159058,0.6868224143981934,0.45003122091293335,45,9,36,0.2
181,26,0.5838309526443481,0.6129327416419983,1.1004598140716553,0.2547071576118469,45,9,36,0.2
1230,2,0.7468596696853638,0.5120198130607605,0.8115778565406799,0.24142411351203918,45,9,36,0.2
1438,26,0.7005164623260498,0.5018113851547241,1.0363717079162598,0.5698277950286865,45,9,36,0.2
1272,31,0.7318121194839478,0.6309678554534912,0.872479259967804,0.7981775999069214,30,6,24,0.2
1065,5,0.57711261510849,0.6697406768798828,1.0313210487365723,0.2104470580816269,50,10,40,0.2
1273,11,0.7101303935050964,0.6361950635910034,0.6173191666603088,0.6457160115242004,50,10,40,0.2
1931,27,0.5721814632415771,0.6041120886802673,1.132532000541687,0.5061750411987305,35,7,28,0.2
1579,5,0.747647762298584,0.6406123638153076,0.6611198782920837,0.5656081438064575,35,7,28,0.2
779,5,0.4987088441848755,0.6546143889427185,0.8444631695747375,0.21175698935985565,35,7,28,0.2
196,6,0.6939212679862976,0.528862476348877,0.9952253699302673,0.4195388853549957,50,10,40,0.2
501,13,0.43378737568855286,0.5388331413269043,1.0278773307800293,0.38352012634277344,54,11,43,0.2037037037037037
1428,13,0.6417124271392822,0.6719301342964172,0.7886278033256531,0.6483307480812073,49,10,39,0.20408163265306123
1671,5,0.5960410833358765,0.6649130582809448,0.7057772874832153,0.6130675673484802,44,9,35,0.20454545454545456
1000,4,0.5581785440444946,0.521643877029419,1.1044888496398926,0.29043149948120117,44,9,35,0.20454545454545456
1480,25,0.5084220170974731,0.6513267159461975,0.9434237480163574,0.5243817567825317,44,9,35,0.20454545454545456
807,31,0.7607945203781128,0.687343418598175,1.1300325393676758,0.604658305644989,39,8,31,0.20512820512820512
359,4,0.5839303731918335,0.5054576396942139,0.6982750296592712,0.7037038207054138,39,8,31,0.20512820512820512
1437,6,0.48324763774871826,0.6107610464096069,0.6685613989830017,0.2583600580692291,39,8,31,0.20512820512820512
440,6,0.4424970746040344,0.5732614994049072,1.1921350955963135,0.2688068747520447,39,8,31,0.20512820512820512
129,6,0.7856749892234802,0.567139744758606,0.6411834359169006,0.594979465007782,39,8,31,0.20512820512820512
1714,27,0.4567696154117584,0.6841397881507874,0.9146808981895447,0.6176254153251648,39,8,31,0.20512820512820512
1908,27,0.4973706305027008,0.6607543230056763,0.8828988075256348,0.4155834913253784,39,8,31,0.20512820512820512
348,26,0.4170975685119629,0.5553812384605408,1.017953634262085,0.4813581705093384,39,8,31,0.20512820512820512
1650,23,0.4848253130912781,0.5701555013656616,0.8655379414558411,0.7981922030448914,34,7,27,0.20588235294117646
1046,17,0.7200086116790771,0.5320009589195251,0.7835544347763062,0.6836660504341125,29,6,23,0.20689655172413793
541,27,0.4428141117095947,0.6734308004379272,1.0391539335250854,0.6038368940353394,29,6,23,0.20689655172413793
671,13,0.5775706171989441,0.629149317741394,1.0957973003387451,0.2286677360534668,53,11,42,0.20754716981132076
1488,13,0.515364408493042,0.5932626724243164,1.0375425815582275,0.45786070823669434,53,11,42,0.20754716981132076
1225,4,0.49479708075523376,0.615527331829071,0.9726294875144958,0.2344546616077423,48,10,38,0.20833333333333334
2,25,0.5612276792526245,0.697519063949585,0.698340892791748,0.2660558223724365,43,9,34,0.20930232558139536
1640,6,0.5021252036094666,0.5511882901191711,1.0025135278701782,0.34801018238067627,38,8,30,0.21052631578947367
338,11,0.6503872275352478,0.5352044701576233,0.9795318841934204,0.5324589014053345,38,8,30,0.21052631578947367
1755,9,0.4491775929927826,0.6314350962638855,0.6561901569366455,0.7269479036331177,38,8,30,0.21052631578947367
700,23,0.47244587540626526,0.5611359477043152,0.78658127784729,0.5016250014305115,38,8,30,0.21052631578947367
420,17,0.43526288866996765,0.6178848147392273,1.0260244607925415,0.6977592706680298,38,8,30,0.21052631578947367
520,11,0.4022286534309387,0.5062257647514343,1.0995464324951172,0.32654133439064026,33,7,26,0.21212121212121213
85,17,0.48417288064956665,0.5007628798484802,0.870218813419342,0.46590274572372437,33,7,26,0.21212121212121213
1968,17,0.7268104553222656,0.5788421630859375,0.8246883749961853,0.5037540197372437,33,7,26,0.21212121212121213
830,31,0.6673014760017395,0.5411691069602966,0.6266172528266907,0.27336546778678894,33,7,26,0.21212121212121213
2004,2,0.5748706459999084,0.511246383190155,1.0881340503692627,0.293487548828125,33,7,26,0.21212121212121213
910,27,0.5363624095916748,0.5768328905105591,0.6038578748703003,0.3672923445701599,47,10,37,0.2127659574468085
1601,6,0.6023436784744263,0.6848616600036621,0.633232057094574,0.6285018920898438,47,10,37,0.2127659574468085
265,13,0.4671478271484375,0.5211849212646484,0.7552763223648071,0.22507143020629883,56,12,44,0.21428571428571427
169,5,0.5088478326797485,0.6769564747810364,0.7868675589561462,0.24141085147857666,42,9,33,0.21428571428571427
610,27,0.6085142493247986,0.5117906332015991,1.1605968475341797,0.6806464791297913,56,12,44,0.21428571428571427
1995,13,0.7664817571640015,0.610790491104126,0.8398910760879517,0.6716989278793335,56,12,44,0.21428571428571427
1510,26,0.5263355374336243,0.6232982873916626,1.0254077911376953,0.5413730144500732,37,8,29,0.21621621621621623
1810,6,0.5395931005477905,0.5250918865203857,1.103453516960144,0.5814389586448669,37,8,29,0.21621621621621623
274,25,0.516930103302002,0.6503304243087769,0.8028030395507812,0.4246552586555481,37,8,29,0.21621621621621623
955,4,0.5654873847961426,0.5731971263885498,0.6672259569168091,0.55476975440979,37,8,29,0.21621621621621623
716,25,0.5535402297973633,0.5724306702613831,0.9519081711769104,0.6564433574676514,37,8,29,0.21621621621621623
1518,27,0.5879828929901123,0.6530249118804932,0.9505650997161865,0.7533698678016663,46,10,36,0.21739130434782608
1297,6,0.6199519038200378,0.6496173739433289,0.9770286083221436,0.5817956924438477,46,10,36,0.21739130434782608
1370,5,0.48102691769599915,0.6323330998420715,0.778247594833374,0.31118643283843994,46,10,36,0.21739130434782608
1435,13,0.5778818726539612,0.5899832248687744,1.1315171718597412,0.6809344291687012,46,10,36,0.21739130434782608
1023,2,0.4733079671859741,0.6841205358505249,0.7359814643859863,0.30411797761917114,32,7,25,0.21875
350,2,0.7222456932067871,0.5039992928504944,1.099883794784546,0.3331229090690613,32,7,25,0.21875
229,9,0.7891511917114258,0.5240665674209595,0.8322802782058716,0.41283339262008667,41,9,32,0.21951219512195122
1058,13,0.44452688097953796,0.6518303751945496,0.9450291991233826,0.7625693082809448,50,11,39,0.22
1726,17,0.5652236342430115,0.5574960112571716,0.8992717862129211,0.25650113821029663,36,8,28,0.2222222222222222
1367,6,0.710343599319458,0.6512057781219482,1.0315390825271606,0.5136556029319763,36,8,28,0.2222222222222222
422,13,0.6380835175514221,0.6019163727760315,1.0608255863189697,0.35583481192588806,54,12,42,0.2222222222222222
1142,11,0.7941436767578125,0.5658509731292725,0.913244366645813,0.7325701117515564,54,12,42,0.2222222222222222
1927,17,0.6985275745391846,0.5111766457557678,1.0261564254760742,0.790230393409729,27,6,21,0.2222222222222222
969,13,0.5471713542938232,0.5720243453979492,0.7365580797195435,0.5155523419380188,54,12,42,0.2222222222222222
1554,13,0.4747130870819092,0.532802939414978,0.6016355752944946,0.4352647066116333,54,12,42,0.2222222222222222
300,5,0.5701665878295898,0.5359821319580078,0.852756142616272,0.6446186304092407,45,10,35,0.2222222222222222
1804,2,0.4579084813594818,0.6530734896659851,1.0116461515426636,0.7406583428382874,45,10,35,0.2222222222222222
898,13,0.5515587329864502,0.5066431164741516,1.1448838710784912,0.23968718945980072,58,13,45,0.22413793103448276
411,13,0.6958431005477905,0.6445953845977783,1.025559902191162,0.47181594371795654,58,13,45,0.22413793103448276
94,4,0.46608829498291016,0.5222208499908447,0.6817383170127869,0.7041854858398438,49,11,38,0.22448979591836735
1548,13,0.7317123413085938,0.5540624856948853,0.7784754037857056,0.35731881856918335,49,11,38,0.22448979591836735
1599,23,0.4671865999698639,0.690558671951294,1.0339559316635132,0.45717853307724,40,9,31,0.225
813,2,0.5863649845123291,0.5680090188980103,0.9776430130004883,0.22949761152267456,40,9,31,0.225
1005,23,0.6783783435821533,0.6111099720001221,0.6933720111846924,0.3329124450683594,40,9,31,0.225
259,23,0.575379490852356,0.5266003012657166,1.139878749847412,0.5583605766296387,40,9,31,0.225
75,5,0.6439777612686157,0.6719717979431152,1.0716527700424194,0.23479394614696503,40,9,31,0.225
13,26,0.5220597982406616,0.5719878673553467,0.9819066524505615,0.4721009135246277,31,7,24,0.22580645161290322
441,31,0.7920640707015991,0.5610434412956238,0.6536086201667786,0.778558075428009,31,7,24,0.22580645161290322
1427,17,0.7320375442504883,0.6267226338386536,0.8804119825363159,0.20675508677959442,31,7,24,0.22580645161290322
294,2,0.6100720167160034,0.561103343963623,0.7300958037376404,0.3270183205604553,44,10,34,0.22727272727272727
1343,26,0.5471692681312561,0.6610896587371826,0.9922891855239868,0.7472530007362366,44,10,34,0.22727272727272727
34,31,0.40983831882476807,0.621638298034668,0.8323392271995544,0.6206595301628113,22,5,17,0.22727272727272727
914,6,0.6494699120521545,0.529007077217102,1.1150472164154053,0.28765395283699036,44,10,34,0.22727272727272727
1466,6,0.5678480863571167,0.6655883193016052,1.110636830329895,0.5036270618438721,44,10,34,0.22727272727272727
1492,26,0.5880720019340515,0.6034994721412659,0.9362519979476929,0.44526171684265137,44,10,34,0.22727272727272727
1405,11,0.47539570927619934,0.6960277557373047,1.020219087600708,0.42476099729537964,35,8,27,0.22857142857142856
1925,2,0.5748985409736633,0.599976122379303,0.6832834482192993,0.3024338185787201,48,11,37,0.22916666666666666
1760,24,0.7666527032852173,0.6516868472099304,0.7280260920524597,0.5910906791687012,48,11,37,0.22916666666666666
761,13,0.4860198199748993,0.6141035556793213,0.7271274924278259,0.20545729994773865,48,11,37,0.22916666666666666
90,6,0.6642969250679016,0.6120895743370056,1.1753408908843994,0.28060367703437805,48,11,37,0.22916666666666666
509,26,0.5542140007019043,0.5831103324890137,0.6095865368843079,0.35014110803604126,52,12,40,0.23076923076923078
1975,23,0.5404670238494873,0.5709097385406494,1.1770503520965576,0.36386334896087646,39,9,30,0.23076923076923078
366,26,0.41333580017089844,0.5997034311294556,0.662279486656189,0.6682758331298828,39,9,30,0.23076923076923078
662,17,0.556448757648468,0.557992696762085,0.6109813451766968,0.3749525249004364,39,9,30,0.23076923076923078
809,17,0.5017777681350708,0.614945650100708,0.9652429819107056,0.3027767241001129,39,9,30,0.23076923076923078
203,13,0.522418737411499,0.5075194239616394,1.1672744750976562,0.6271200776100159,52,12,40,0.23076923076923078
659,27,0.6609656810760498,0.6051425933837891,0.7532159686088562,0.568372368812561,52,12,40,0.23076923076923078
1312,5,0.6142834424972534,0.6053892374038696,0.698380172252655,0.46510666608810425,43,10,33,0.23255813953488372
1153,11,0.49121081829071045,0.5069588422775269,1.0169801712036133,0.5215188264846802,43,10,33,0.23255813953488372
1682,6,0.6659214496612549,0.5416965484619141,0.7737048864364624,0.7639079689979553,43,10,33,0.23255813953488372
1594,26,0.5180295705795288,0.6518427133560181,1.1332314014434814,0.6525714993476868,43,10,33,0.23255813953488372
244,11,0.498584508895874,0.5754742622375488,0.989443302154541,0.2350408434867859,43,10,33,0.23255813953488372
1754,4,0.6501561403274536,0.5397627353668213,0.9386371374130249,0.679293692111969,30,7,23,0.23333333333333334
93,2,0.6480393409729004,0.5470685362815857,0.975016713142395,0.304395854473114,47,11,36,0.23404255319148937
191,26,0.5230149030685425,0.5718969106674194,1.1069810390472412,0.4334855079650879,34,8,26,0.23529411764705882
569,6,0.5971429347991943,0.5849030017852783,1.0444114208221436,0.5832743644714355,34,8,26,0.23529411764705882
450,17,0.6670066118240356,0.5489925742149353,0.8707184791564941,0.6927018761634827,34,8,26,0.23529411764705882
1155,5,0.49459943175315857,0.6270226836204529,0.8448053598403931,0.45770734548568726,34,8,26,0.23529411764705882
1459,9,0.40720072388648987,0.5019814968109131,0.8103197813034058,0.3549472689628601,34,8,26,0.23529411764705882
443,21,0.7149732112884521,0.6552313566207886,0.7324973940849304,0.4234668016433716,55,13,42,0.23636363636363636
1796,13,0.6470233798027039,0.6245831251144409,0.616901695728302,0.7790656685829163,55,13,42,0.23636363636363636
110,6,0.6643245220184326,0.6734075546264648,0.727039098739624,0.5438951253890991,38,9,29,0.23684210526315788
2002,23,0.7183198928833008,0.6494490504264832,1.1063220500946045,0.26071637868881226,38,9,29,0.23684210526315788
1204,11,0.6462237238883972,0.6403710842132568,1.1691951751708984,0.3804590106010437,38,9,29,0.23684210526315788
1798,5,0.7471721172332764,0.5198690891265869,0.6037757396697998,0.36902767419815063,42,10,32,0.23809523809523808
1680,2,0.5387023687362671,0.6870387196540833,0.8461182117462158,0.6091384887695312,42,10,32,0.23809523809523808
573,2,0.4520775079727173,0.6521779298782349,1.180171251296997,0.5236172080039978,42,10,32,0.23809523809523808
1751,26,0.5314255356788635,0.5146341919898987,0.9910578727722168,0.29640305042266846,42,10,32,0.23809523809523808
1791,23,0.7556369304656982,0.6079765558242798,0.7043226361274719,0.21258679032325745,42,10,32,0.23809523809523808
1233,6,0.4901776909828186,0.6836788654327393,1.0978257656097412,0.31525102257728577,42,10,32,0.23809523809523808
2026,26,0.487270325422287,0.5766226649284363,1.0864131450653076,0.48370540142059326,42,10,32,0.23809523809523808
238,23,0.725346565246582,0.6067665815353394,0.6266826391220093,0.2292022854089737,46,11,35,0.2391304347826087
77,21,0.6991421580314636,0.5101885199546814,0.8973658680915833,0.4217384457588196,46,11,35,0.2391304347826087
1547,13,0.45068421959877014,0.6913150548934937,1.1309683322906494,0.5729349851608276,46,11,35,0.2391304347826087
513,13,0.7399981021881104,0.6219469904899597,1.171984314918518,0.3644076883792877,50,12,38,0.24
636,6,0.5986364483833313,0.6682855486869812,1.129913330078125,0.5812565684318542,50,12,38,0.24
723,30,0.4189751446247101,0.6338485479354858,0.6427226662635803,0.7930343747138977,54,13,41,0.24074074074074073
1198,17,0.5582457184791565,0.6662137508392334,0.6148090958595276,0.5010897517204285,29,7,22,0.2413793103448276
445,31,0.6946417689323425,0.5250628590583801,0.674156904220581,0.3050135672092438,33,8,25,0.24242424242424243
1373,31,0.6068613529205322,0.6965639591217041,0.9831794500350952,0.6751096248626709,33,8,25,0.24242424242424243
1097,17,0.5752755999565125,0.6136969327926636,0.7586717009544373,0.25487443804740906,33,8,25,0.24242424242424243
297,27,0.6027542352676392,0.6293143630027771,0.751200795173645,0.4943186044692993,33,8,25,0.24242424242424243
1820,17,0.48839613795280457,0.5101925134658813,1.101032018661499,0.3402850031852722,33,8,25,0.24242424242424243
788,9,0.7674833536148071,0.6704149842262268,0.7976885437965393,0.7572324872016907,33,8,25,0.24242424242424243
1125,6,0.5577114224433899,0.5960342884063721,0.8483802080154419,0.5116485357284546,37,9,28,0.24324324324324326
1160,11,0.43682533502578735,0.5583911538124084,1.017864465713501,0.38080108165740967,37,9,28,0.24324324324324326
1854,11,0.4281616806983948,0.5963312387466431,1.018630862236023,0.6302619576454163,37,9,28,0.24324324324324326
528,6,0.5226939916610718,0.6896735429763794,0.7673764824867249,0.5410962700843811,37,9,28,0.24324324324324326
881,2,0.4630887508392334,0.5611639618873596,0.881281852722168,0.678464949131012,37,9,28,0.24324324324324326
1339,11,0.6331021189689636,0.5526469349861145,1.0205130577087402,0.7702906131744385,37,9,28,0.24324324324324326
304,23,0.573487401008606,0.5966500043869019,0.6129344701766968,0.4471137225627899,41,10,31,0.24390243902439024
832,5,0.6151920557022095,0.51564621925354,1.100432276725769,0.6012923717498779,41,10,31,0.24390243902439024
785,27,0.47434762120246887,0.5518603920936584,1.0608887672424316,0.2302723526954651,41,10,31,0.24390243902439024
397,6,0.6487439870834351,0.5187216401100159,0.9539865255355835,0.5246687531471252,45,11,34,0.24444444444444444
565,13,0.6016243100166321,0.5336765646934509,1.0156877040863037,0.6233657002449036,45,11,34,0.24444444444444444
1942,23,0.47466161847114563,0.5717570781707764,0.9446266889572144,0.4967363476753235,45,11,34,0.24444444444444444
113,27,0.46728381514549255,0.5441412329673767,0.9245046377182007,0.24307262897491455,45,11,34,0.24444444444444444
323,21,0.5262719392776489,0.5112285017967224,0.7237028479576111,0.709540605545044,49,12,37,0.24489795918367346
1807,23,0.6620593070983887,0.548922598361969,0.6753275990486145,0.6706335544586182,36,9,27,0.25
421,23,0.7827956080436707,0.6152374148368835,1.0593461990356445,0.3069624900817871,52,13,39,0.25
1103,23,0.5978079438209534,0.6209715008735657,0.736481249332428,0.4163739085197449,40,10,30,0.25
928,31,0.6747314929962158,0.6803630590438843,1.0999062061309814,0.464266300201416,32,8,24,0.25
320,2,0.5604109764099121,0.5390897393226624,1.1382004022598267,0.7899973392486572,40,10,30,0.25
1688,11,0.7540217041969299,0.5022382736206055,0.8638222813606262,0.36591076850891113,40,10,30,0.25
1933,9,0.7103586792945862,0.6238335371017456,0.6933670043945312,0.7437918782234192,36,9,27,0.25
433,2,0.657436728477478,0.6193367838859558,1.1695988178253174,0.5910207629203796,36,9,27,0.25
545,2,0.6933974027633667,0.5075843930244446,0.7219353914260864,0.6036090850830078,52,13,39,0.25
1641,9,0.7178244590759277,0.5826989412307739,0.8852053284645081,0.34956416487693787,36,9,27,0.25
73,27,0.6114019751548767,0.5994147658348083,0.6819665431976318,0.5119144320487976,40,10,30,0.25
50,31,0.4077223837375641,0.6755678653717041,0.9237488508224487,0.450089693069458,24,6,18,0.25
226,5,0.554179847240448,0.6724907159805298,0.9166416525840759,0.5341794490814209,44,11,33,0.25
1562,23,0.6627683639526367,0.5415991544723511,1.1004501581192017,0.28813010454177856,36,9,27,0.25
2035,11,0.6502963304519653,0.6919776201248169,1.007462739944458,0.747685968875885,36,9,27,0.25
1924,27,0.4414137601852417,0.5649936199188232,0.8198424577713013,0.4797291159629822,36,9,27,0.25
252,26,0.608970046043396,0.6701542139053345,0.9436457753181458,0.42998141050338745,44,11,33,0.25
564,2,0.6625090837478638,0.5633537173271179,1.1056444644927979,0.24051126837730408,51,13,38,0.2549019607843137
1388,23,0.7665600776672363,0.5307101607322693,1.062610387802124,0.6795810461044312,47,12,35,0.2553191489361702
2012,27,0.6470478177070618,0.5919947028160095,0.8391447067260742,0.21030859649181366,43,11,32,0.2558139534883721
1326,9,0.4313267171382904,0.5503022074699402,1.0838963985443115,0.540372371673584,39,10,29,0.2564102564102564
1557,11,0.7524977922439575,0.6674748659133911,0.834749162197113,0.4303111135959625,39,10,29,0.2564102564102564
598,6,0.5971564650535583,0.6394317150115967,0.6031373143196106,0.6826912760734558,39,10,29,0.2564102564102564
1016,2,0.672156810760498,0.6803396344184875,1.064046859741211,0.26850688457489014,39,10,29,0.2564102564102564
1066,27,0.58942711353302,0.6945964097976685,0.781406581401825,0.6970566511154175,39,10,29,0.2564102564102564
1381,23,0.5801528692245483,0.5454280376434326,0.9441590309143066,0.5707184076309204,35,9,26,0.2571428571428571
2001,5,0.6066141128540039,0.534163236618042,0.7900147438049316,0.3964332342147827,35,9,26,0.2571428571428571
762,31,0.7535268068313599,0.5028384327888489,0.8213300704956055,0.29707038402557373,35,9,26,0.2571428571428571
1916,23,0.4730946123600006,0.5119969844818115,0.7648839950561523,0.3494557738304138,35,9,26,0.2571428571428571
982,24,0.6399591565132141,0.5887535214424133,0.8238687515258789,0.5951204895973206,31,8,23,0.25806451612903225
975,24,0.41693273186683655,0.6208828091621399,0.6950106024742126,0.436657190322876,31,8,23,0.25806451612903225
1866,17,0.6141639351844788,0.5691663026809692,1.1716535091400146,0.29431062936782837,27,7,20,0.25925925925925924
1874,9,0.519404411315918,0.5171357989311218,0.6726420521736145,0.6472051739692688,27,7,20,0.25925925925925924
1952,21,0.4242062270641327,0.6104374527931213,1.1709848642349243,0.7517156600952148,46,12,34,0.2608695652173913
2044,13,0.673213005065918,0.609703540802002,0.8408560156822205,0.7692759037017822,46,12,34,0.2608695652173913
2000,9,0.5629408955574036,0.5215163230895996,0.6110467314720154,0.709000825881958,38,10,28,0.2631578947368421
32,9,0.7320119738578796,0.5130985379219055,1.1402060985565186,0.7901514172554016,38,10,28,0.2631578947368421
725,27,0.7328925132751465,0.5565513968467712,0.6995840072631836,0.7479591369628906,38,10,28,0.2631578947368421
1050,9,0.5204557180404663,0.6005387306213379,0.9545522928237915,0.4149792492389679,38,10,28,0.2631578947368421
794,31,0.7854911088943481,0.6972094178199768,0.7874162793159485,0.7425582408905029,34,9,25,0.2647058823529412
930,6,0.6041346788406372,0.6021372675895691,1.1188068389892578,0.6339024901390076,34,9,25,0.2647058823529412
538,11,0.46708256006240845,0.5627683401107788,0.9491335153579712,0.4802091121673584,34,9,25,0.2647058823529412
559,23,0.4723168611526489,0.5352599620819092,0.6938509941101074,0.5326621532440186,49,13,36,0.2653061224489796
742,5,0.6847813129425049,0.567455530166626,0.6105403304100037,0.4871695637702942,49,13,36,0.2653061224489796
1838,23,0.5218298435211182,0.6189066767692566,0.6738870143890381,0.7039112448692322,49,13,36,0.2653061224489796
285,21,0.5018607378005981,0.6842600107192993,0.7929204702377319,0.40148067474365234,45,12,33,0.26666666666666666
607,13,0.7875665426254272,0.5890957713127136,0.7783135175704956,0.733278751373291,45,12,33,0.26666666666666666
49,11,0.5780731439590454,0.5001150965690613,1.044979214668274,0.6899608373641968,45,12,33,0.26666666666666666
954,23,0.4403405785560608,0.6511918306350708,1.1771302223205566,0.30237212777137756,45,12,33,0.26666666666666666
1696,11,0.5844016671180725,0.5520877838134766,0.8838127851486206,0.6781204342842102,41,11,30,0.2682926829268293
455,2,0.7284876108169556,0.6168368458747864,0.6363335847854614,0.6026630997657776,41,11,30,0.2682926829268293
1695,23,0.515509843826294,0.6455110907554626,0.6138882040977478,0.7798303365707397,41,11,30,0.2682926829268293
1105,23,0.7352856397628784,0.5117550492286682,0.6463643312454224,0.7933054566383362,41,11,30,0.2682926829268293
1123,21,0.6631346344947815,0.515294075012207,0.8084213733673096,0.6965386867523193,52,14,38,0.2692307692307692
1112,31,0.4627629220485687,0.6420709490776062,0.7097482085227966,0.5973212122917175,37,10,27,0.2702702702702703
1673,27,0.5822932720184326,0.6851670145988464,0.8589119911193848,0.6653040647506714,37,10,27,0.2702702702702703
570,23,0.741549551486969,0.5667049884796143,1.1732065677642822,0.20653460919857025,37,10,27,0.2702702702702703
219,9,0.7763450741767883,0.6965700387954712,0.8166183829307556,0.6408181190490723,37,10,27,0.2702702702702703
344,2,0.5659109354019165,0.6152584552764893,1.1192225217819214,0.35715341567993164,48,13,35,0.2708333333333333
206,26,0.5844234824180603,0.6103180646896362,1.1187832355499268,0.4128229022026062,44,12,32,0.2727272727272727
656,24,0.5066362619400024,0.60679692029953,0.7588537335395813,0.4333229064941406,22,6,16,0.2727272727272727
1806,6,0.5571515560150146,0.6091061234474182,0.995968222618103,0.24863754212856293,44,12,32,0.2727272727272727
1593,23,0.6323661208152771,0.6389650106430054,0.9121711254119873,0.7325788140296936,33,9,24,0.2727272727272727
267,13,0.4506851136684418,0.6452590823173523,0.6847897171974182,0.6051064133644104,44,12,32,0.2727272727272727
1244,30,0.5274953246116638,0.6662622690200806,0.639263927936554,0.6541365385055542,33,9,24,0.2727272727272727
944,9,0.7998546361923218,0.6826398372650146,0.744948148727417,0.2676977813243866,40,11,29,0.275
1192,30,0.5938776135444641,0.5320864319801331,0.6861432194709778,0.48244357109069824,40,11,29,0.275
959,27,0.5137397646903992,0.5877664089202881,0.9926310181617737,0.33326733112335205,47,13,34,0.2765957446808511
1232,9,0.7669655084609985,0.631741464138031,0.7020670175552368,0.661281406879425,36,10,26,0.2777777777777778
237,9,0.7314560413360596,0.5312446355819702,1.0523338317871094,0.49982964992523193,36,10,26,0.2777777777777778
63,11,0.777379035949707,0.5349113345146179,0.6580625772476196,0.5404224991798401,36,10,26,0.2777777777777778
1998,2,0.5064727067947388,0.6983953714370728,0.8451986312866211,0.4843772053718567,36,10,26,0.2777777777777778
652,9,0.43357691168785095,0.6585504412651062,0.7314435839653015,0.3456660509109497,36,10,26,0.2777777777777778
36,31,0.7756223678588867,0.6908503770828247,1.1813440322875977,0.7282410860061646,36,10,26,0.2777777777777778
686,11,0.661421537399292,0.6484254598617554,0.9566695690155029,0.6306559443473816,43,12,31,0.27906976744186046
2041,9,0.4684394896030426,0.6310595870018005,0.6072627305984497,0.3435329496860504,43,12,31,0.27906976744186046
276,9,0.42668572068214417,0.6613146066665649,0.8523074984550476,0.7287423610687256,43,12,31,0.27906976744186046
279,13,0.6080138683319092,0.6965961456298828,0.6966911554336548,0.6149681210517883,50,14,36,0.28
301,27,0.5424098968505859,0.5063090920448303,1.1075377464294434,0.286831259727478,32,9,23,0.28125
696,23,0.6806029081344604,0.6758956909179688,1.1041858196258545,0.7509729266166687,32,9,23,0.28125
1885,11,0.6192626953125,0.5829097032546997,0.7744567394256592,0.26963651180267334,39,11,28,0.28205128205128205
753,11,0.4561499357223511,0.6331766247749329,0.740436851978302,0.5438510775566101,39,11,28,0.28205128205128205
868,11,0.6439254879951477,0.6764547228813171,0.9210276007652283,0.4008027911186218,39,11,28,0.28205128205128205
1477,13,0.443925678730011,0.5878188014030457,0.677046537399292,0.38919758796691895,46,13,33,0.2826086956521739
118,13,0.45525622367858887,0.6658675670623779,1.096275806427002,0.564849317073822,46,13,33,0.2826086956521739
1586,2,0.6105729341506958,0.5344362854957581,0.7022795081138611,0.5938559174537659,46,13,33,0.2826086956521739
1578,21,0.7884213328361511,0.6081642508506775,0.9422240257263184,0.2997254729270935,46,13,33,0.2826086956521739
547,23,0.7858737707138062,0.5663563013076782,0.8893382549285889,0.7455127239227295,46,13,33,0.2826086956521739
542,11,0.5001165866851807,0.6525816917419434,0.8236942887306213,0.7588869333267212,42,12,30,0.2857142857142857
1167,2,0.654167890548706,0.5778013467788696,0.837556004524231,0.5679665207862854,42,12,30,0.2857142857142857
873,31,0.6229550838470459,0.6683393716812134,0.8405110836029053,0.5905585885047913,28,8,20,0.2857142857142857
15,21,0.5819945335388184,0.6278020143508911,0.7707028985023499,0.2712421417236328,52,15,37,0.28846153846153844
335,21,0.540939450263977,0.5343120098114014,1.0705289840698242,0.7563028931617737,52,15,37,0.28846153846153844
1096,21,0.4008658528327942,0.5879656076431274,0.7907596826553345,0.7998909950256348,52,15,37,0.28846153846153844
1835,11,0.562233030796051,0.5259450078010559,1.1383583545684814,0.21980096399784088,45,13,32,0.28888888888888886
166,25,0.5271898508071899,0.5790234804153442,1.1403651237487793,0.34948527812957764,38,11,27,0.2894736842105263
824,9,0.6234354376792908,0.5627550482749939,0.6412226557731628,0.39504551887512207,31,9,22,0.2903225806451613
1894,21,0.6096878051757812,0.6362358331680298,0.9711850881576538,0.20015066862106323,48,14,34,0.2916666666666667
915,23,0.7501471638679504,0.5121771693229675,1.0823774337768555,0.6260764598846436,48,14,34,0.2916666666666667
1285,23,0.6274667382240295,0.5305347442626953,0.7077509164810181,0.42382174730300903,41,12,29,0.2926829268292683
1176,2,0.6821869611740112,0.6452439427375793,0.7718062996864319,0.26891934871673584,41,12,29,0.2926829268292683
585,13,0.4640820026397705,0.623706579208374,0.7630946040153503,0.5203053951263428,41,12,29,0.2926829268292683
627,9,0.7408201694488525,0.6986857652664185,1.0759501457214355,0.5273618102073669,41,12,29,0.2926829268292683
752,21,0.7042562961578369,0.5047749280929565,0.8104826211929321,0.3060462474822998,51,15,36,0.29411764705882354
1327,11,0.40991708636283875,0.6228011250495911,0.9840859174728394,0.5845067501068115,34,10,24,0.29411764705882354
605,29,0.4179862141609192,0.5432326793670654,0.6620240211486816,0.4730871915817261,34,10,24,0.29411764705882354
1028,9,0.40410229563713074,0.5141040682792664,1.0788617134094238,0.6613515019416809,34,10,24,0.29411764705882354
799,2,0.4792667329311371,0.6846189498901367,0.9843706488609314,0.7694715261459351,44,13,31,0.29545454545454547
932,23,0.5995463132858276,0.6213282346725464,0.7433322072029114,0.5746229887008667,44,13,31,0.29545454545454547
1493,31,0.7038754224777222,0.573336660861969,0.8562992215156555,0.47143256664276123,37,11,26,0.2972972972972973
946,11,0.4587722420692444,0.5971564054489136,0.6018128991127014,0.39289578795433044,37,11,26,0.2972972972972973
141,2,0.5767108201980591,0.5084419250488281,1.0183647871017456,0.7705391049385071,47,14,33,0.2978723404255319
173,30,0.6494032740592957,0.5396447777748108,0.9987019300460815,0.6403785943984985,47,14,33,0.2978723404255319
152,30,0.5768784284591675,0.5138485431671143,0.767317533493042,0.20423971116542816,47,14,33,0.2978723404255319
1781,30,0.554271936416626,0.6399708986282349,0.7701581120491028,0.5825805068016052,40,12,28,0.3
385,21,0.728230357170105,0.580840528011322,0.721394956111908,0.5103694200515747,40,12,28,0.3
1657,23,0.4573638439178467,0.5090685486793518,0.7388014793395996,0.3706333637237549,30,9,21,0.3
1369,11,0.5534520745277405,0.5164927244186401,0.9627999663352966,0.5746124386787415,40,12,28,0.3
1778,11,0.7072263956069946,0.66021329164505,1.0445506572723389,0.33074474334716797,40,12,28,0.3
1906,26,0.4266482889652252,0.6106271743774414,0.9895140528678894,0.6557799577713013,40,12,28,0.3
27,21,0.708707332611084,0.507932722568512,0.6058072447776794,0.6690700650215149,50,15,35,0.3
664,21,0.7378318905830383,0.5592635869979858,0.8921728730201721,0.6148961186408997,53,16,37,0.3018867924528302
1094,9,0.7631698846817017,0.6393709778785706,0.9485742449760437,0.6989819407463074,43,13,30,0.3023255813953488
1901,21,0.6921185255050659,0.5923109650611877,0.7209328413009644,0.633903980255127,43,13,30,0.3023255813953488
193,9,0.6113275289535522,0.5527476072311401,1.0800273418426514,0.7514077425003052,43,13,30,0.3023255813953488
857,11,0.44266778230667114,0.6384400725364685,1.1458806991577148,0.3456960618495941,43,13,30,0.3023255813953488
1202,23,0.6971174478530884,0.5878677368164062,1.073265552520752,0.7521159052848816,43,13,30,0.3023255813953488
1224,31,0.6997050046920776,0.5998955965042114,0.8997928500175476,0.21805627644062042,33,10,23,0.30303030303030304
1921,23,0.425184965133667,0.6222749948501587,0.6929814219474792,0.5922128558158875,33,10,23,0.30303030303030304
1063,2,0.6135215759277344,0.6690282225608826,1.0308018922805786,0.7067750692367554,46,14,32,0.30434782608695654
775,17,0.5286155343055725,0.6824086308479309,0.9649215936660767,0.5205090045928955,36,11,25,0.3055555555555556
615,29,0.7350817918777466,0.5505416989326477,0.6491883397102356,0.49248456954956055,36,11,25,0.3055555555555556
837,9,0.40674400329589844,0.6335170865058899,0.9369652271270752,0.25822713971138,36,11,25,0.3055555555555556
558,1,0.4782138466835022,0.5948295593261719,0.9536798596382141,0.3011744022369385,36,11,25,0.3055555555555556
1239,11,0.5124202966690063,0.5450551509857178,0.8738089799880981,0.48794275522232056,36,11,25,0.3055555555555556
241,23,0.5824807286262512,0.510099470615387,0.6896653175354004,0.20608468353748322,36,11,25,0.3055555555555556
1290,23,0.7333009243011475,0.5421457886695862,0.8536185622215271,0.5030151009559631,36,11,25,0.3055555555555556
227,2,0.7454984188079834,0.5590750575065613,1.104790210723877,0.24305729568004608,36,11,25,0.3055555555555556
404,31,0.5580908060073853,0.6217925548553467,0.8353163003921509,0.3049452602863312,36,11,25,0.3055555555555556
535,1,0.4451782703399658,0.5720036625862122,0.894300103187561,0.2015388458967209,39,12,27,0.3076923076923077
312,23,0.4119787812232971,0.5355768203735352,0.8027399778366089,0.5755718350410461,39,12,27,0.3076923076923077
495,23,0.6904079914093018,0.5362052917480469,0.8832507133483887,0.44599345326423645,39,12,27,0.3076923076923077
457,21,0.44573113322257996,0.628581702709198,1.1173954010009766,0.6213048696517944,52,16,36,0.3076923076923077
1898,31,0.42268767952919006,0.6398661136627197,0.9441473484039307,0.6262674927711487,26,8,18,0.3076923076923077
938,23,0.6014213562011719,0.5528977513313293,1.1807308197021484,0.642534077167511,39,12,27,0.3076923076923077
1470,11,0.522720217704773,0.5874093770980835,0.9231244921684265,0.35010188817977905,42,13,29,0.30952380952380953
566,30,0.469326376914978,0.6474581360816956,0.9801157712936401,0.26336783170700073,42,13,29,0.30952380952380953
1331,2,0.6225277185440063,0.562041699886322,1.025209665298462,0.43861842155456543,42,13,29,0.30952380952380953
1676,9,0.722671389579773,0.6759600043296814,1.1089980602264404,0.3270760774612427,42,13,29,0.30952380952380953
1604,31,0.7396822571754456,0.5018312931060791,0.6259251236915588,0.587108850479126,29,9,20,0.3103448275862069
577,21,0.5551459193229675,0.6444715261459351,1.0113043785095215,0.6392266750335693,45,14,31,0.3111111111111111
1928,21,0.468219131231308,0.6521462202072144,0.6496922969818115,0.46962040662765503,48,15,33,0.3125
306,23,0.4172278940677643,0.5075952410697937,0.7743837833404541,0.43226003646850586,32,10,22,0.3125
1186,30,0.6710220575332642,0.5494494438171387,0.8198474645614624,0.3599514365196228,48,15,33,0.3125
715,2,0.6031291484832764,0.5055679678916931,0.7097315788269043,0.3638962507247925,32,10,22,0.3125
390,31,0.6339396834373474,0.6719750761985779,0.887560248374939,0.48723483085632324,35,11,24,0.3142857142857143
373,23,0.535723865032196,0.6108392477035522,0.6413809061050415,0.3030475378036499,35,11,24,0.3142857142857143
1355,31,0.5755654573440552,0.5837249755859375,1.1353816986083984,0.5167407393455505,35,11,24,0.3142857142857143
1536,23,0.5648238658905029,0.6719135046005249,0.9655108451843262,0.757622241973877,38,12,26,0.3157894736842105
533,24,0.6594359874725342,0.6037182807922363,0.7082560658454895,0.6655043363571167,38,12,26,0.3157894736842105
1558,9,0.7212796211242676,0.5402708649635315,0.7043260335922241,0.5711344480514526,41,13,28,0.3170731707317073
1320,31,0.45736706256866455,0.6928218603134155,0.9291512370109558,0.7202351093292236,41,13,28,0.3170731707317073
137,11,0.6516592502593994,0.5078302025794983,0.7487466931343079,0.37010902166366577,41,13,28,0.3170731707317073
611,2,0.5572364926338196,0.6614882946014404,0.9885258078575134,0.6400006413459778,41,13,28,0.3170731707317073
1832,11,0.5463933944702148,0.5783010125160217,1.1899755001068115,0.6338542103767395,44,14,30,0.3181818181818182
1003,11,0.4963930547237396,0.6724137663841248,0.6567305326461792,0.2899991273880005,44,14,30,0.3181818181818182
1700,31,0.428257554769516,0.5450647473335266,1.1028308868408203,0.26036447286605835,22,7,15,0.3181818181818182
1573,21,0.45116618275642395,0.6513417363166809,1.1767425537109375,0.7972249388694763,47,15,32,0.3191489361702128
1697,31,0.46796944737434387,0.6265236735343933,0.601905345916748,0.6886065006256104,25,8,17,0.32
2045,31,0.41755732893943787,0.6007977724075317,0.6855852603912354,0.3090479075908661,28,9,19,0.32142857142857145
936,8,0.6461028456687927,0.5798401832580566,0.6381115317344666,0.2463947832584381,31,10,21,0.3225806451612903
287,23,0.7682893872261047,0.5045865178108215,1.136120319366455,0.4656393527984619,34,11,23,0.3235294117647059
161,9,0.6769499778747559,0.5496600866317749,0.8513771295547485,0.6293408870697021,34,11,23,0.3235294117647059
1793,24,0.7817255258560181,0.6223856806755066,1.0349007844924927,0.7427994608879089,34,11,23,0.3235294117647059
58,23,0.721792459487915,0.5952844619750977,0.9780389070510864,0.7324175834655762,34,11,23,0.3235294117647059
1467,9,0.5980056524276733,0.529975950717926,1.167667269706726,0.49855005741119385,34,11,23,0.3235294117647059
1768,2,0.6388392448425293,0.6604543924331665,0.6057809591293335,0.4414663016796112,37,12,25,0.32432432432432434
270,31,0.6565656065940857,0.6399255394935608,1.1542549133300781,0.6324294209480286,37,12,25,0.32432432432432434
1257,9,0.5907837748527527,0.5630704760551453,1.1203856468200684,0.7999603748321533,37,12,25,0.32432432432432434
1561,2,0.5878292322158813,0.6462624073028564,1.0052944421768188,0.36627304553985596,37,12,25,0.32432432432432434
106,30,0.7919777631759644,0.6127862930297852,1.019315242767334,0.3401697278022766,37,12,25,0.32432432432432434
1395,9,0.6954370737075806,0.6026266813278198,0.8946083188056946,0.48086339235305786,37,12,25,0.32432432432432434
1107,23,0.7097763419151306,0.6096551418304443,0.8240183591842651,0.7127189636230469,37,12,25,0.32432432432432434
1271,11,0.5963685512542725,0.5998317003250122,0.7228456735610962,0.7343795299530029,40,13,27,0.325
223,23,0.4591183066368103,0.6506474018096924,0.6327642202377319,0.5427908301353455,40,13,27,0.325
1223,30,0.7138566970825195,0.6114579439163208,0.6235001683235168,0.46802353858947754,43,14,29,0.32558139534883723
855,21,0.6629441380500793,0.65989089012146,0.6514480710029602,0.7582518458366394,43,14,29,0.32558139534883723
381,30,0.43059203028678894,0.6701685190200806,1.1623258590698242,0.2669619619846344,43,14,29,0.32558139534883723
524,30,0.5204155445098877,0.6853693723678589,0.7189545631408691,0.6501791477203369,43,14,29,0.32558139534883723
1669,1,0.7617394924163818,0.6706402897834778,1.1545703411102295,0.24857831001281738,46,15,31,0.32608695652173914
984,21,0.4710182845592499,0.6065352559089661,0.9386543035507202,0.30176129937171936,46,15,31,0.32608695652173914
864,2,0.5546246767044067,0.592013418674469,0.8200306296348572,0.4924081563949585,46,15,31,0.32608695652173914
1010,21,0.7512487173080444,0.5999555587768555,0.8317033052444458,0.49945324659347534,49,16,33,0.32653061224489793
1582,23,0.6091432571411133,0.5097333192825317,0.7027562260627747,0.38332462310791016,33,11,22,0.3333333333333333
1567,2,0.5065963268280029,0.5611438751220703,0.6001689434051514,0.23567356169223785,42,14,28,0.3333333333333333
1485,2,0.565832257270813,0.602509617805481,0.7878843545913696,0.5669561624526978,45,15,30,0.3333333333333333
1295,30,0.7680288553237915,0.5363298058509827,0.9155340790748596,0.5877922177314758,39,13,26,0.3333333333333333
1086,1,0.43826353549957275,0.6858572959899902,0.9906964302062988,0.798278272151947,45,15,30,0.3333333333333333
2007,31,0.6134430170059204,0.5142977237701416,0.7627463340759277,0.6493897438049316,33,11,22,0.3333333333333333
1749,11,0.6976263523101807,0.6775137186050415,0.7816771268844604,0.7910255789756775,36,12,24,0.3333333333333333
336,21,0.4881366491317749,0.6942151188850403,1.1466150283813477,0.3287426233291626,45,15,30,0.3333333333333333
1789,9,0.5716913938522339,0.6021414995193481,0.7094814777374268,0.7182499766349792,27,9,18,0.3333333333333333
1631,21,0.45548897981643677,0.5211812853813171,1.1669528484344482,0.22465182840824127,51,17,34,0.3333333333333333
1512,17,0.4623894691467285,0.6982676982879639,0.6721320152282715,0.7595012187957764,36,12,24,0.3333333333333333
488,2,0.683953583240509,0.6730420589447021,0.6956869959831238,0.6205636858940125,45,15,30,0.3333333333333333
1279,30,0.47641634941101074,0.5756543874740601,0.6288679838180542,0.6949391961097717,39,13,26,0.3333333333333333
1609,9,0.5931016206741333,0.6676009297370911,0.6478294730186462,0.25065338611602783,39,13,26,0.3333333333333333
1689,30,0.5404149293899536,0.546180009841919,0.967348575592041,0.4697117805480957,45,15,30,0.3333333333333333
178,7,0.46164172887802124,0.6834686994552612,0.6197622418403625,0.7335939407348633,30,10,20,0.3333333333333333
331,21,0.6747459173202515,0.6981668472290039,0.9765599966049194,0.3787347972393036,45,15,30,0.3333333333333333
2011,21,0.4345627725124359,0.6332892179489136,0.8043407201766968,0.43144264817237854,48,16,32,0.3333333333333333
1971,23,0.5366456508636475,0.5257343649864197,0.7769623398780823,0.7241824269294739,33,11,22,0.3333333333333333
825,21,0.5135655999183655,0.6209599375724792,0.7035315632820129,0.2528975009918213,47,16,31,0.3404255319148936
2015,13,0.5060031414031982,0.6545438766479492,1.109602451324463,0.6464722156524658,44,15,29,0.3409090909090909
1382,11,0.5494167804718018,0.5407320261001587,0.6741809844970703,0.2203318327665329,41,14,27,0.34146341463414637
25,11,0.6095763444900513,0.6734923720359802,0.846439003944397,0.6999205350875854,41,14,27,0.34146341463414637
1163,3,0.48465773463249207,0.6208600997924805,0.6285436153411865,0.3178241550922394,38,13,25,0.34210526315789475
1334,7,0.4786209166049957,0.6614916920661926,1.1085615158081055,0.666560173034668,35,12,23,0.34285714285714286
337,9,0.4874893128871918,0.5009903311729431,1.0030224323272705,0.2490512728691101,35,12,23,0.34285714285714286
988,9,0.42048153281211853,0.5328724980354309,1.053309440612793,0.7604939937591553,35,12,23,0.34285714285714286
1857,31,0.5643086433410645,0.5107678771018982,0.6229845285415649,0.575365424156189,32,11,21,0.34375
1490,23,0.6475529670715332,0.5229109525680542,0.6181280016899109,0.7706459760665894,32,11,21,0.34375
1172,9,0.7083171606063843,0.699248194694519,1.1303369998931885,0.5783683657646179,29,10,19,0.3448275862068966
154,21,0.41122397780418396,0.6102858781814575,1.0293605327606201,0.7019525170326233,52,18,34,0.34615384615384615
1809,1,0.6395338773727417,0.6168521046638489,0.8061318397521973,0.6434734463691711,46,16,30,0.34782608695652173
1305,21,0.6788949370384216,0.6661756038665771,1.1630980968475342,0.5156596302986145,43,15,28,0.3488372093023256
1717,9,0.6308624744415283,0.5526211261749268,0.8694748878479004,0.6966063976287842,40,14,26,0.35
368,11,0.656266450881958,0.589410126209259,1.1070820093154907,0.6529741883277893,40,14,26,0.35
718,23,0.6243103742599487,0.5626822710037231,0.8034699559211731,0.2778802514076233,37,13,24,0.35135135135135137
863,30,0.7401456832885742,0.648794412612915,0.9775570631027222,0.6084996461868286,37,13,24,0.35135135135135137
1973,23,0.7646026611328125,0.5565480589866638,0.8689614534378052,0.20060217380523682,37,13,24,0.35135135135135137
643,30,0.762571394443512,0.6414430737495422,0.9156637787818909,0.22842076420783997,37,13,24,0.35135135135135137
235,31,0.6487547755241394,0.5825019478797913,0.8907763361930847,0.7890430092811584,37,13,24,0.35135135135135137
2043,6,0.5399949550628662,0.6456325650215149,1.172992467880249,0.3801000118255615,37,13,24,0.35135135135135137
185,24,0.7837811708450317,0.6228730082511902,1.0215308666229248,0.5359247922897339,34,12,22,0.35294117647058826
553,30,0.4473932683467865,0.6509183645248413,1.183099389076233,0.7588075995445251,34,12,22,0.35294117647058826
1284,23,0.7037874460220337,0.6509037613868713,0.651311457157135,0.3137795031070709,34,12,22,0.35294117647058826
1060,31,0.6758432388305664,0.6827206611633301,1.1587402820587158,0.6253222823143005,34,12,22,0.35294117647058826
218,30,0.5258600115776062,0.6540042161941528,0.6580140590667725,0.22365669906139374,48,17,31,0.3541666666666667
157,29,0.5144554376602173,0.6431024074554443,0.7543880939483643,0.28002503514289856,31,11,20,0.3548387096774194
144,31,0.6618975400924683,0.5530044436454773,1.140685796737671,0.2862553000450134,31,11,20,0.3548387096774194
201,24,0.45211464166641235,0.5159549117088318,0.9241424798965454,0.7126596570014954,31,11,20,0.3548387096774194
1448,21,0.48134228587150574,0.5303544998168945,1.0833970308303833,0.31950050592422485,45,16,29,0.35555555555555557
798,30,0.5934652090072632,0.5605411529541016,1.0876524448394775,0.6457874774932861,45,16,29,0.35555555555555557
888,11,0.6022435426712036,0.5399208664894104,1.057439923286438,0.21045586466789246,45,16,29,0.35555555555555557
1311,21,0.4296981990337372,0.503197193145752,1.1315178871154785,0.7290028929710388,45,16,29,0.35555555555555557
1447,9,0.6792085766792297,0.5851254463195801,0.770968496799469,0.32187387347221375,42,15,27,0.35714285714285715
1403,30,0.47835302352905273,0.5059391856193542,1.1954541206359863,0.7778319120407104,42,15,27,0.35714285714285715
468,31,0.6019606590270996,0.6037207841873169,1.1835176944732666,0.3824201226234436,28,10,18,0.35714285714285715
1552,21,0.5543644428253174,0.635354220867157,0.7598835229873657,0.47869163751602173,39,14,25,0.358974358974359
2030,11,0.6028157472610474,0.5549273490905762,1.0426127910614014,0.6717008948326111,39,14,25,0.358974358974359
1727,11,0.5060816407203674,0.6269583106040955,0.7286631464958191,0.5043554306030273,39,14,25,0.358974358974359
1379,21,0.7324241399765015,0.6068401336669922,1.0522379875183105,0.7080273628234863,39,14,25,0.358974358974359
1564,9,0.4006994068622589,0.6163164377212524,0.8446069359779358,0.5265757441520691,39,14,25,0.358974358974359
1900,30,0.6227440237998962,0.5538769960403442,1.1964073181152344,0.4123461842536926,39,14,25,0.358974358974359
1191,21,0.7243640422821045,0.5611980557441711,1.0986682176589966,0.7418302893638611,50,18,32,0.36
786,21,0.4268558919429779,0.5321898460388184,1.1107051372528076,0.5562071204185486,50,18,32,0.36
278,11,0.5052558779716492,0.5586823225021362,0.9199103116989136,0.20765770971775055,36,13,23,0.3611111111111111
1038,21,0.467550665140152,0.6021360754966736,0.8898202776908875,0.2966681122779846,47,17,30,0.3617021276595745
1565,1,0.5836564302444458,0.6126136779785156,0.7355927228927612,0.3559805154800415,47,17,30,0.3617021276595745
1683,21,0.7849080562591553,0.5657304525375366,0.6606096625328064,0.2674834728240967,47,17,30,0.3617021276595745
480,21,0.6810681819915771,0.5223821401596069,0.691053569316864,0.4578520655632019,44,16,28,0.36363636363636365
1095,31,0.5792392492294312,0.6722873449325562,0.6558114886283875,0.2952927052974701,44,16,28,0.36363636363636365
608,11,0.4834750294685364,0.5935096740722656,0.8684271574020386,0.38962507247924805,33,12,21,0.36363636363636365
1481,30,0.74724280834198,0.6545631885528564,0.8730041980743408,0.791063129901886,44,16,28,0.36363636363636365
970,11,0.7388458251953125,0.5122525095939636,0.7115479707717896,0.7822415232658386,33,12,21,0.36363636363636365
1978,9,0.5962874293327332,0.5476685762405396,0.642971932888031,0.45052188634872437,33,12,21,0.36363636363636365
1386,1,0.505928635597229,0.5272836089134216,0.9868259429931641,0.6883103847503662,44,16,28,0.36363636363636365
329,31,0.5573170185089111,0.5412197709083557,0.8395186066627502,0.20296841859817505,41,15,26,0.36585365853658536
1499,21,0.5342968702316284,0.6194659471511841,1.0443230867385864,0.7763834595680237,41,15,26,0.36585365853658536
347,30,0.4999668598175049,0.5344932675361633,0.7319504022598267,0.38104408979415894,41,15,26,0.36585365853658536
512,11,0.4504584074020386,0.5225129723548889,0.8011581897735596,0.5239731073379517,30,11,19,0.36666666666666664
183,31,0.5604943037033081,0.6246644258499146,0.9960416555404663,0.5641157031059265,30,11,19,0.36666666666666664
469,9,0.48443466424942017,0.5993897318840027,0.9727783203125,0.46550750732421875,30,11,19,0.36666666666666664
69,31,0.45807552337646484,0.6327646970748901,0.8970627188682556,0.7737762928009033,30,11,19,0.36666666666666664
623,21,0.6295362710952759,0.5202764272689819,1.0018397569656372,0.6048925518989563,49,18,31,0.3673469387755102
380,9,0.5615897178649902,0.5218939185142517,0.9412944316864014,0.6735584139823914,38,14,24,0.3684210526315789
62,1,0.721420407295227,0.5493241548538208,1.100419521331787,0.3749186396598816,46,17,29,0.3695652173913043
1194,30,0.6132581233978271,0.6589646339416504,0.7627755403518677,0.6849485635757446,46,17,29,0.3695652173913043
820,21,0.7635213136672974,0.6809655427932739,0.6398594975471497,0.7294472455978394,46,17,29,0.3695652173913043
1550,9,0.41093629598617554,0.5742097496986389,1.1153666973114014,0.41999709606170654,27,10,17,0.37037037037037035
1483,31,0.40093526244163513,0.6247608661651611,1.1047496795654297,0.5981479287147522,27,10,17,0.37037037037037035
1251,24,0.658278226852417,0.6884473562240601,1.0975182056427002,0.26534324884414673,27,10,17,0.37037037037037035
1061,24,0.6987526416778564,0.5933856964111328,0.6605689525604248,0.7872162461280823,35,13,22,0.37142857142857144
629,3,0.780485987663269,0.5884922742843628,1.0441319942474365,0.2731240391731262,35,13,22,0.37142857142857144
1189,31,0.6283600330352783,0.5886355638504028,0.7481284737586975,0.47471994161605835,35,13,22,0.37142857142857144
1630,23,0.6929984092712402,0.5260482430458069,0.9983310699462891,0.5938591957092285,35,13,22,0.37142857142857144
1178,31,0.569934070110321,0.5188480019569397,0.6973174810409546,0.34092870354652405,35,13,22,0.37142857142857144
1607,3,0.7864940166473389,0.562258780002594,0.7855963110923767,0.3759933114051819,43,16,27,0.37209302325581395
1073,31,0.5644717216491699,0.5710704326629639,0.6256477236747742,0.5257202386856079,43,16,27,0.37209302325581395
1551,9,0.7155634164810181,0.6050095558166504,1.0277241468429565,0.6007716059684753,40,15,25,0.375
1473,31,0.5490293502807617,0.5141624808311462,0.790555477142334,0.23154492676258087,32,12,20,0.375
713,3,0.4965583384037018,0.6579515933990479,0.6143984198570251,0.7474442720413208,40,15,25,0.375
745,9,0.7134153842926025,0.5504310131072998,0.6218710541725159,0.7113134264945984,24,9,15,0.375
465,24,0.6917256116867065,0.6248966455459595,1.0725359916687012,0.6775871515274048,32,12,20,0.375
138,23,0.4632359743118286,0.6107531785964966,0.9718090891838074,0.47611093521118164,32,12,20,0.375
379,11,0.6251125335693359,0.5594532489776611,0.8944854736328125,0.25838902592658997,32,12,20,0.375
792,21,0.616051197052002,0.650556743144989,0.852651059627533,0.44574564695358276,45,17,28,0.37777777777777777
1169,1,0.42199090123176575,0.6181250810623169,0.7515079975128174,0.551301121711731,45,17,28,0.37777777777777777
1266,1,0.7774859666824341,0.637904167175293,1.02450692653656,0.26386910676956177,45,17,28,0.37777777777777777
102,29,0.7127583026885986,0.6868995428085327,0.8952080607414246,0.6080512404441833,37,14,23,0.3783783783783784
1006,9,0.6960257291793823,0.5714012384414673,1.067516803741455,0.6456144452095032,37,14,23,0.3783783783783784
1709,30,0.6934499740600586,0.6468764543533325,1.0878541469573975,0.36915338039398193,37,14,23,0.3783783783783784
222,27,0.4427008032798767,0.6183407306671143,0.6160972714424133,0.2529395520687103,37,14,23,0.3783783783783784
653,30,0.5014011263847351,0.5547043085098267,1.0855563879013062,0.5417158007621765,37,14,23,0.3783783783783784
670,24,0.6866356730461121,0.6956952214241028,0.6008723974227905,0.33890265226364136,37,14,23,0.3783783783783784
146,23,0.676868200302124,0.5917149186134338,0.6734527349472046,0.5484333634376526,37,14,23,0.3783783783783784
111,23,0.7493917346000671,0.5222421884536743,0.8270412683486938,0.5204551219940186,29,11,18,0.3793103448275862
114,31,0.6250057816505432,0.6564820408821106,0.6490341424942017,0.39689505100250244,34,13,21,0.38235294117647056
755,21,0.7584437131881714,0.6568979620933533,0.6870932579040527,0.7195355892181396,34,13,21,0.38235294117647056
1270,30,0.5488424897193909,0.5959872603416443,0.8047484159469604,0.22937756776809692,47,18,29,0.3829787234042553
996,1,0.6291471719741821,0.5533356070518494,1.1118696928024292,0.4488939046859741,47,18,29,0.3829787234042553
232,24,0.7969222068786621,0.5117524266242981,0.802352786064148,0.4480607807636261,39,15,24,0.38461538461538464
430,31,0.5798062086105347,0.5557980537414551,0.8898893594741821,0.3210787773132324,39,15,24,0.38461538461538464
597,11,0.5483972430229187,0.5262890458106995,0.6737267971038818,0.501205325126648,39,15,24,0.38461538461538464
1950,30,0.4381134510040283,0.6600218415260315,0.7716788053512573,0.7443129420280457,39,15,24,0.38461538461538464
1195,30,0.7557623386383057,0.5623840689659119,0.989117443561554,0.4689218997955322,39,15,24,0.38461538461538464
1956,30,0.5411759614944458,0.5055391788482666,0.6314301490783691,0.41012245416641235,39,15,24,0.38461538461538464
1249,30,0.49086570739746094,0.5275822281837463,0.8343087434768677,0.640686571598053,44,17,27,0.38636363636363635
1556,1,0.6444512605667114,0.5042073130607605,1.089103102684021,0.3253735899925232,44,17,27,0.38636363636363635
1999,24,0.49682947993278503,0.5199785232543945,0.9328066110610962,0.31001585721969604,31,12,19,0.3870967741935484
38,31,0.6855919361114502,0.5482820868492126,0.8185995817184448,0.2051980197429657,31,12,19,0.3870967741935484
575,24,0.5557045936584473,0.6212683916091919,0.7099572420120239,0.7272131443023682,31,12,19,0.3870967741935484
1214,24,0.7177845239639282,0.5028271079063416,1.1432931423187256,0.4193875789642334,31,12,19,0.3870967741935484
453,24,0.5790974497795105,0.6160781979560852,0.81409752368927,0.44962698221206665,36,14,22,0.3888888888888889
859,3,0.4248325824737549,0.6332117319107056,0.9991656541824341,0.679650604724884,36,14,22,0.3888888888888889
1997,30,0.6737492084503174,0.5675017833709717,0.7200372219085693,0.5935856103897095,41,16,25,0.3902439024390244
976,1,0.6598079204559326,0.5882588624954224,0.6343343257904053,0.5744975209236145,46,18,28,0.391304347826087
356,3,0.7926868796348572,0.529575765132904,0.7915507555007935,0.7849407196044922,46,18,28,0.391304347826087
613,11,0.6556403636932373,0.5675861835479736,0.7430855631828308,0.7843000292778015,33,13,20,0.3939393939393939
1893,29,0.7200908064842224,0.5753878355026245,1.1286367177963257,0.33355891704559326,33,13,20,0.3939393939393939
841,30,0.500218391418457,0.5328766107559204,1.1588741540908813,0.5939550995826721,33,13,20,0.3939393939393939
1113,24,0.6267081499099731,0.6824880838394165,1.1401095390319824,0.2998007833957672,33,13,20,0.3939393939393939
165,21,0.6433629989624023,0.5431118607521057,1.1972920894622803,0.3145454227924347,43,17,26,0.3953488372093023
1432,21,0.7284396886825562,0.5342742800712585,0.7764660120010376,0.6137569546699524,48,19,29,0.3958333333333333
917,11,0.6396389603614807,0.6191927194595337,1.1881515979766846,0.42369842529296875,40,16,24,0.4
1541,29,0.6562073230743408,0.6702325344085693,0.6709673404693604,0.5990538597106934,35,14,21,0.4
901,31,0.5911160707473755,0.6845515966415405,0.7476919889450073,0.3421689569950104,40,16,24,0.4
703,19,0.7171510457992554,0.5911784172058105,0.6348199844360352,0.7846713066101074,35,14,21,0.4
1703,31,0.5263864994049072,0.5462016463279724,0.6692197322845459,0.7898436784744263,30,12,18,0.4
409,24,0.5579823851585388,0.6755073070526123,1.0876901149749756,0.6013106107711792,35,14,21,0.4
1377,31,0.6197900772094727,0.6215015053749084,0.6480448842048645,0.39329373836517334,30,12,18,0.4
1291,9,0.6301867961883545,0.6151748895645142,0.7172626256942749,0.24245183169841766,35,14,21,0.4
1288,1,0.5975054502487183,0.6917855739593506,0.6110652685165405,0.6663992404937744,47,19,28,0.40425531914893614
1702,21,0.7716737985610962,0.5923792123794556,1.1905059814453125,0.7556760907173157,47,19,28,0.40425531914893614
8,21,0.627803385257721,0.523331880569458,1.1593985557556152,0.6740430593490601,42,17,25,0.40476190476190477
123,1,0.47366487979888916,0.6108530759811401,0.6788539290428162,0.23510360717773438,42,17,25,0.40476190476190477
782,8,0.5770745873451233,0.5204423069953918,0.7446115016937256,0.5756531953811646,37,15,22,0.40540540540540543
760,31,0.45099809765815735,0.5643003582954407,0.6931076645851135,0.5625726580619812,37,15,22,0.40540540540540543
1758,30,0.44991210103034973,0.6140235662460327,1.1314501762390137,0.36207252740859985,37,15,22,0.40540540540540543
842,30,0.4268185794353485,0.5624133348464966,0.8683047890663147,0.7441062927246094,37,15,22,0.40540540540540543
1915,3,0.7250709533691406,0.5584478974342346,0.8057118058204651,0.4440935552120209,37,15,22,0.40540540540540543
1452,9,0.712943434715271,0.6820513010025024,0.7675076127052307,0.6620832085609436,37,15,22,0.40540540540540543
1720,18,0.7238001823425293,0.5101719498634338,0.9056611061096191,0.6720539331436157,32,13,19,0.40625
639,24,0.47903454303741455,0.6875208616256714,0.9693712592124939,0.5221419930458069,32,13,19,0.40625
727,24,0.5226913690567017,0.642218828201294,0.7908005714416504,0.3072540760040283,27,11,16,0.4074074074074074
1255,8,0.7273081541061401,0.6808462142944336,0.710852861404419,0.6341015100479126,22,9,13,0.4090909090909091
1517,16,0.7876996994018555,0.6030946373939514,0.6318942308425903,0.7371654510498047,22,9,13,0.4090909090909091
557,7,0.5143089294433594,0.5694399476051331,0.8158110976219177,0.34948432445526123,22,9,13,0.4090909090909091
835,30,0.5394830107688904,0.6774486303329468,1.1942899227142334,0.550706148147583,44,18,26,0.4090909090909091
55,30,0.7603176832199097,0.6603463888168335,1.077627182006836,0.45402729511260986,39,16,23,0.41025641025641024
1104,30,0.5008854866027832,0.5271520614624023,1.1775104999542236,0.5428063273429871,39,16,23,0.41025641025641024
499,30,0.6749659180641174,0.5381765961647034,0.6923096179962158,0.4704395532608032,39,16,23,0.41025641025641024
1524,1,0.5276865363121033,0.6819925904273987,0.7559225559234619,0.4135160744190216,39,16,23,0.41025641025641024
341,31,0.45902809500694275,0.5494084358215332,1.0993950366973877,0.39164090156555176,34,14,20,0.4117647058823529
646,11,0.44144731760025024,0.6196007132530212,0.7128382921218872,0.29413339495658875,34,14,20,0.4117647058823529
37,2,0.56668621301651,0.5438715219497681,0.7366193532943726,0.2923039197921753,34,14,20,0.4117647058823529
1861,31,0.7122052311897278,0.6226568222045898,0.8939762115478516,0.6030205488204956,34,14,20,0.4117647058823529
1276,24,0.4579193890094757,0.617967963218689,0.969966471195221,0.5424080491065979,34,14,20,0.4117647058823529
1081,23,0.6356414556503296,0.6099206805229187,0.983350932598114,0.5983041524887085,46,19,27,0.41304347826086957
1182,29,0.6842953562736511,0.6271043419837952,1.1745586395263672,0.673485279083252,29,12,17,0.41379310344827586
543,8,0.5319391489028931,0.5050373077392578,0.7510198354721069,0.7246003150939941,29,12,17,0.41379310344827586
688,9,0.5113244652748108,0.5219336152076721,0.6932840943336487,0.4959629774093628,41,17,24,0.4146341463414634
309,30,0.778844952583313,0.5636922121047974,0.9524370431900024,0.6573140025138855,41,17,24,0.4146341463414634
927,3,0.7269227504730225,0.6216267943382263,1.0895984172821045,0.7063947916030884,41,17,24,0.4146341463414634
823,24,0.6910995244979858,0.5229016542434692,0.6117907762527466,0.6346899271011353,36,15,21,0.4166666666666667
1568,30,0.7577474117279053,0.5837539434432983,1.1573916673660278,0.6262245178222656,36,15,21,0.4166666666666667
431,9,0.5017770528793335,0.5635416507720947,0.9120415449142456,0.5188518762588501,24,10,14,0.4166666666666667
537,31,0.5982855558395386,0.6345377564430237,0.7872042059898376,0.770097553730011,36,15,21,0.4166666666666667
1,31,0.5117243528366089,0.6993427276611328,0.9032682180404663,0.757331132888794,24,10,14,0.4166666666666667
1843,30,0.4735046625137329,0.6646882891654968,0.9902931451797485,0.6316432952880859,36,15,21,0.4166666666666667
1883,29,0.5858045816421509,0.6641002297401428,0.6684718132019043,0.6395969986915588,36,15,21,0.4166666666666667
1935,1,0.7346370220184326,0.6455841064453125,0.986308217048645,0.516338050365448,43,18,25,0.4186046511627907
1024,30,0.6331548690795898,0.5837819576263428,0.8698841333389282,0.7383390665054321,43,18,25,0.4186046511627907
1351,30,0.5183082818984985,0.5951675176620483,0.9945369958877563,0.429548442363739,43,18,25,0.4186046511627907
1907,30,0.6744499206542969,0.5933555364608765,0.920282244682312,0.580210268497467,43,18,25,0.4186046511627907
1237,29,0.54615318775177,0.6109453439712524,0.8407930135726929,0.552831768989563,31,13,18,0.41935483870967744
463,3,0.6599435806274414,0.6829849481582642,0.8316946625709534,0.7595024108886719,31,13,18,0.41935483870967744
1162,18,0.7718391418457031,0.6229482293128967,0.786636471748352,0.5535576939582825,31,13,18,0.41935483870967744
1955,11,0.5561389327049255,0.6995878219604492,0.8579742908477783,0.6113134622573853,31,13,18,0.41935483870967744
1259,30,0.6545359492301941,0.5556173324584961,1.0368056297302246,0.593015193939209,38,16,22,0.42105263157894735
308,29,0.6381564736366272,0.6775752305984497,0.7184953093528748,0.43717899918556213,38,16,22,0.42105263157894735
104,1,0.4707185924053192,0.5417499542236328,1.020786166191101,0.6123102903366089,45,19,26,0.4222222222222222
251,9,0.5320666432380676,0.5977461934089661,0.8542162179946899,0.362249493598938,26,11,15,0.4230769230769231
964,24,0.7920944690704346,0.604938268661499,1.078802227973938,0.31022220849990845,33,14,19,0.42424242424242425
1958,29,0.7543469667434692,0.6024655699729919,0.8868511915206909,0.4393448531627655,40,17,23,0.425
1818,30,0.7843403816223145,0.5850889682769775,0.715493381023407,0.32189351320266724,40,17,23,0.425
826,21,0.5523707866668701,0.536657989025116,0.7592141628265381,0.25255581736564636,40,17,23,0.425
1699,1,0.7112370729446411,0.5962855815887451,1.1190202236175537,0.5732411742210388,40,17,23,0.425
1800,3,0.7411132454872131,0.6941995620727539,0.6042101979255676,0.5272067785263062,42,18,24,0.42857142857142855
1728,30,0.6369169354438782,0.6179313659667969,1.124715805053711,0.7563589811325073,35,15,20,0.42857142857142855
2047,8,0.42778319120407104,0.6689806580543518,0.8294888138771057,0.6585862636566162,35,15,20,0.42857142857142855
51,9,0.5046436786651611,0.53985595703125,1.0494203567504883,0.6166551113128662,28,12,16,0.42857142857142855
947,30,0.6091324687004089,0.5603535771369934,0.7393762469291687,0.4141426384449005,42,18,24,0.42857142857142855
1197,1,0.5189551115036011,0.6240127682685852,0.6152365803718567,0.2895849943161011,44,19,25,0.4318181818181818
1455,3,0.5965315103530884,0.6789990663528442,0.6499687433242798,0.23152244091033936,44,19,25,0.4318181818181818
1313,21,0.7040696144104004,0.6983568668365479,1.0247262716293335,0.21065108478069305,44,19,25,0.4318181818181818
5,29,0.7199434638023376,0.6690632700920105,0.7295529842376709,0.2454921305179596,37,16,21,0.43243243243243246
1865,29,0.6220390796661377,0.534173309803009,0.6203802824020386,0.6276504397392273,37,16,21,0.43243243243243246
1777,29,0.5326837301254272,0.5531018972396851,0.6515079140663147,0.6049657464027405,37,16,21,0.43243243243243246
1116,9,0.46335551142692566,0.6299493908882141,0.8130795955657959,0.6542348265647888,37,16,21,0.43243243243243246
992,24,0.7353219985961914,0.6921332478523254,0.726104736328125,0.48223787546157837,30,13,17,0.43333333333333335
334,31,0.6017389297485352,0.5484747886657715,1.1403980255126953,0.5099345445632935,23,10,13,0.43478260869565216
1078,30,0.5478230118751526,0.6445874571800232,0.9142357110977173,0.5629436373710632,39,17,22,0.4358974358974359
1281,23,0.5997282862663269,0.594516932964325,0.922041654586792,0.37179768085479736,39,17,22,0.4358974358974359
897,1,0.7645566463470459,0.6287107467651367,0.8547797203063965,0.4115501046180725,39,17,22,0.4358974358974359
690,1,0.69356369972229,0.6344608068466187,1.1428683996200562,0.7075774669647217,39,17,22,0.4358974358974359
995,24,0.7939218282699585,0.6774999499320984,1.0795392990112305,0.4265593886375427,39,17,22,0.4358974358974359
1615,24,0.6324219107627869,0.5439509153366089,0.8075045347213745,0.37125957012176514,32,14,18,0.4375
2032,24,0.6058394312858582,0.520316481590271,0.9427754282951355,0.24227136373519897,32,14,18,0.4375
1216,31,0.7826417684555054,0.6758025288581848,0.782787024974823,0.7177284955978394,32,14,18,0.4375
1201,7,0.7904481887817383,0.6490371227264404,0.6618121266365051,0.3659089207649231,32,14,18,0.4375
1321,24,0.6118220686912537,0.6118530035018921,0.8395341038703918,0.20772333443164825,32,14,18,0.4375
363,21,0.5709306001663208,0.5238768458366394,1.0777491331100464,0.3837015628814697,48,21,27,0.4375
1782,21,0.4296577274799347,0.6391768455505371,1.0057772397994995,0.5885511040687561,41,18,23,0.43902439024390244
1769,29,0.7291442155838013,0.5943333506584167,0.9724652767181396,0.4259427487850189,41,18,23,0.43902439024390244
1946,9,0.608322024345398,0.6742240786552429,1.0231919288635254,0.7291731834411621,41,18,23,0.43902439024390244
1462,30,0.713299036026001,0.5237866640090942,1.0178881883621216,0.4469136893749237,34,15,19,0.4411764705882353
836,29,0.7786102294921875,0.660919189453125,0.7131217122077942,0.4946289658546448,34,15,19,0.4411764705882353
1175,21,0.4955843389034271,0.5071466565132141,0.9758152961730957,0.49245673418045044,43,19,24,0.4418604651162791
1585,1,0.7945308685302734,0.6334945559501648,1.1023613214492798,0.28201818466186523,43,19,24,0.4418604651162791
479,3,0.453304260969162,0.6648683547973633,0.6280510425567627,0.6910482048988342,45,20,25,0.4444444444444444
87,19,0.745553731918335,0.5227003693580627,0.6728249192237854,0.5623198747634888,36,16,20,0.4444444444444444
784,29,0.4467338025569916,0.6178162097930908,0.6109877228736877,0.6951239109039307,36,16,20,0.4444444444444444
2037,29,0.7403606176376343,0.5602012872695923,0.6994808912277222,0.6310142278671265,36,16,20,0.4444444444444444
1275,1,0.5010378360748291,0.6171286702156067,0.9307767152786255,0.587092936038971,45,20,25,0.4444444444444444
318,1,0.7152690887451172,0.6752898693084717,1.0866336822509766,0.20242489874362946,47,21,26,0.44680851063829785
1422,31,0.6459720134735107,0.6593949198722839,1.0952394008636475,0.629446804523468,38,17,21,0.4473684210526316
758,30,0.5164079666137695,0.5061339735984802,1.09398353099823,0.4516122341156006,38,17,21,0.4473684210526316
1642,24,0.7477540969848633,0.664783775806427,0.9844373464584351,0.6733654141426086,29,13,16,0.4482758620689655
1330,31,0.5416752099990845,0.6958117485046387,0.6056880354881287,0.7493537068367004,29,13,16,0.4482758620689655
1072,21,0.47823572158813477,0.6051737666130066,0.708425760269165,0.26724064350128174,40,18,22,0.45
601,1,0.5851787328720093,0.5125861763954163,0.9086383581161499,0.7878375053405762,40,18,22,0.45
1241,31,0.47109225392341614,0.6089046597480774,0.8767849206924438,0.25477665662765503,31,14,17,0.45161290322580644
714,8,0.48537397384643555,0.6132766008377075,0.8309540748596191,0.6287717223167419,31,14,17,0.45161290322580644
460,8,0.6917389631271362,0.5593219995498657,0.8951302766799927,0.6979321837425232,31,14,17,0.45161290322580644
1774,30,0.5174630880355835,0.5851201415061951,0.9217779636383057,0.689588189125061,42,19,23,0.4523809523809524
1207,30,0.6211672425270081,0.5159115195274353,0.9814898371696472,0.6881340146064758,42,19,23,0.4523809523809524
1248,3,0.4409288167953491,0.6962981224060059,0.8571126461029053,0.3270365595817566,42,19,23,0.4523809523809524
767,1,0.6466201543807983,0.6410177946090698,0.6441681981086731,0.7919068932533264,42,19,23,0.4523809523809524
1705,30,0.6534065008163452,0.6635346412658691,0.6168531179428101,0.6016324162483215,42,19,23,0.4523809523809524
1229,9,0.49044111371040344,0.6930511593818665,1.1434862613677979,0.34808123111724854,33,15,18,0.45454545454545453
550,21,0.606810986995697,0.5686729550361633,1.0981848239898682,0.3088088631629944,44,20,24,0.45454545454545453
1274,11,0.48640212416648865,0.5043554306030273,0.9140505194664001,0.394425630569458,33,15,18,0.45454545454545453
4,24,0.4117126166820526,0.5067141056060791,0.7989126443862915,0.5834188461303711,33,15,18,0.45454545454545453
1282,21,0.6342145800590515,0.5516429543495178,0.6738123893737793,0.7644311785697937,46,21,25,0.45652173913043476
616,1,0.673214852809906,0.5856196880340576,0.9299357533454895,0.2604143023490906,35,16,19,0.45714285714285713
1770,29,0.7610559463500977,0.5838247537612915,0.9366582632064819,0.5792783498764038,35,16,19,0.45714285714285713
1402,8,0.5107927918434143,0.6050044894218445,0.7349762320518494,0.6624996662139893,24,11,13,0.4583333333333333
492,7,0.7203097343444824,0.5727266669273376,0.7923455834388733,0.462249219417572,24,11,13,0.4583333333333333
1918,3,0.730188250541687,0.6144108176231384,0.8123344779014587,0.666581392288208,37,17,20,0.4594594594594595
494,29,0.6278328895568848,0.5860111117362976,0.6364476084709167,0.39452889561653137,37,17,20,0.4594594594594595
666,3,0.7816264033317566,0.6234961748123169,0.7076741456985474,0.4544832706451416,37,17,20,0.4594594594594595
438,1,0.7379435300827026,0.5035703182220459,1.1303558349609375,0.48542654514312744,50,23,27,0.46
1008,9,0.5664427280426025,0.6346301436424255,0.6289540529251099,0.3125240206718445,39,18,21,0.46153846153846156
79,16,0.7006703019142151,0.6307946443557739,0.6917995810508728,0.7853354215621948,26,12,14,0.46153846153846156
1989,3,0.7785504460334778,0.6254966259002686,1.1850850582122803,0.21455083787441254,39,18,21,0.46153846153846156
1015,29,0.5950143337249756,0.6610927581787109,0.6117693781852722,0.43295469880104065,39,18,21,0.46153846153846156
466,30,0.45761069655418396,0.5597742199897766,1.0713468790054321,0.4727824926376343,39,18,21,0.46153846153846156
1389,21,0.5220677852630615,0.577666699886322,0.6678796410560608,0.260810911655426,41,19,22,0.4634146341463415
1799,11,0.5899766683578491,0.5281556844711304,0.7039943933486938,0.4022614359855652,41,19,22,0.4634146341463415
322,1,0.562018632888794,0.6054370403289795,0.8656309843063354,0.2066947966814041,41,19,22,0.4634146341463415
1363,3,0.7457632422447205,0.5503324866294861,0.6071299314498901,0.26449286937713623,41,19,22,0.4634146341463415
333,21,0.4635906219482422,0.6399242281913757,1.0924110412597656,0.5814648866653442,43,20,23,0.46511627906976744
1976,7,0.7104958295822144,0.504896879196167,1.1169562339782715,0.2692430913448334,30,14,16,0.4666666666666667
1509,3,0.6564838886260986,0.585280179977417,0.6282305121421814,0.5038942098617554,45,21,24,0.4666666666666667
1753,8,0.6733195781707764,0.5436111688613892,0.6362519264221191,0.5747592449188232,30,14,16,0.4666666666666667
754,24,0.5301985740661621,0.6425144076347351,0.9622825384140015,0.5112173557281494,32,15,17,0.46875
1306,9,0.5141887664794922,0.6421048641204834,0.7929973006248474,0.6152294874191284,32,15,17,0.46875
956,29,0.7942118644714355,0.6295870542526245,0.8428128957748413,0.5809820890426636,32,15,17,0.46875
941,8,0.726276159286499,0.5958393812179565,0.6146010160446167,0.5774297714233398,34,16,18,0.47058823529411764
305,29,0.5236636996269226,0.5488556027412415,1.1355479955673218,0.6060283184051514,34,16,18,0.47058823529411764
1875,18,0.7224143147468567,0.5895835161209106,0.6491191387176514,0.484979510307312,34,16,18,0.47058823529411764
920,30,0.632401704788208,0.6880366206169128,1.1390687227249146,0.41533705592155457,36,17,19,0.4722222222222222
2016,21,0.6003371477127075,0.6165882349014282,0.8689188957214355,0.7096280455589294,40,19,21,0.475
979,3,0.7275169491767883,0.541431188583374,0.7875269651412964,0.6018771529197693,40,19,21,0.475
1059,29,0.7525284886360168,0.6726988554000854,0.6145051717758179,0.5675793290138245,40,19,21,0.475
862,21,0.48888272047042847,0.5672594904899597,1.0233594179153442,0.5288952589035034,42,20,22,0.47619047619047616
426,21,0.536142885684967,0.5822745561599731,1.1002253293991089,0.6003482937812805,42,20,22,0.47619047619047616
459,30,0.49042484164237976,0.5978442430496216,0.9678730964660645,0.5637286305427551,42,20,22,0.47619047619047616
1062,31,0.40148887038230896,0.5144357085227966,0.7139570713043213,0.5561572313308716,23,11,12,0.4782608695652174
560,1,0.5118246078491211,0.685931921005249,0.7558952569961548,0.40056756138801575,46,22,24,0.4782608695652174
1967,0,0.7143288850784302,0.6533166766166687,0.7271358370780945,0.3472440242767334,23,11,12,0.4782608695652174
1614,16,0.7443116903305054,0.6540660858154297,0.7975727319717407,0.3790664076805115,23,11,12,0.4782608695652174
370,18,0.40686750411987305,0.615291953086853,0.7300686240196228,0.5280057191848755,25,12,13,0.48
731,18,0.7931232452392578,0.5485950112342834,0.8177725076675415,0.7470168471336365,25,12,13,0.48
1039,8,0.6247806549072266,0.5654431581497192,0.7270182967185974,0.5652105212211609,27,13,14,0.48148148148148145
1329,7,0.4733644425868988,0.5649975538253784,1.0713088512420654,0.468620240688324,27,13,14,0.48148148148148145
1399,18,0.6138584613800049,0.6826648712158203,0.6430917978286743,0.7499691843986511,29,14,15,0.4827586206896552
1446,28,0.5177174210548401,0.5308700799942017,0.8053326606750488,0.36616265773773193,29,14,15,0.4827586206896552
529,8,0.47752323746681213,0.5005143284797668,0.7715754508972168,0.5462387800216675,29,14,15,0.4827586206896552
1923,24,0.5135460495948792,0.5253660678863525,0.667208194732666,0.7934510707855225,29,14,15,0.4827586206896552
1406,8,0.7917859554290771,0.5440578460693359,1.0047252178192139,0.4261952340602875,31,15,16,0.4838709677419355
1887,24,0.48058345913887024,0.522219717502594,0.840070903301239,0.5464945435523987,31,15,16,0.4838709677419355
507,29,0.4229026138782501,0.5508400201797485,0.6070172786712646,0.5518167614936829,31,15,16,0.4838709677419355
973,24,0.5441806316375732,0.5353002548217773,0.8571120500564575,0.391472727060318,33,16,17,0.48484848484848486
1031,24,0.5325727462768555,0.5474039316177368,0.8369901776313782,0.47857874631881714,33,16,17,0.48484848484848486
351,7,0.643835186958313,0.5046241283416748,0.7997744679450989,0.44593286514282227,33,16,17,0.48484848484848486
1959,20,0.7982655763626099,0.595584511756897,0.7291092872619629,0.7532047033309937,33,16,17,0.48484848484848486
1350,3,0.7021998167037964,0.5165876746177673,0.9010723233222961,0.643773078918457,33,16,17,0.48484848484848486
1670,9,0.4340709149837494,0.5486399531364441,0.8485364317893982,0.6053984761238098,33,16,17,0.48484848484848486
1019,3,0.4374290406703949,0.6257883906364441,1.144446849822998,0.6477833390235901,33,16,17,0.48484848484848486
1500,24,0.5330689549446106,0.5432087779045105,0.8148520588874817,0.5158272981643677,33,16,17,0.48484848484848486
574,9,0.5412949919700623,0.6690927147865295,0.780316948890686,0.7049793004989624,35,17,18,0.4857142857142857
935,19,0.685306191444397,0.6956816911697388,1.049509882926941,0.6560784578323364,35,17,18,0.4857142857142857
325,29,0.5318794250488281,0.6517662405967712,0.8460990786552429,0.7016264200210571,37,18,19,0.4864864864864865
896,31,0.5051630139350891,0.6927620768547058,0.7499752044677734,0.6467369198799133,37,18,19,0.4864864864864865
829,3,0.5389688611030579,0.6562596559524536,0.6961585283279419,0.5894171595573425,37,18,19,0.4864864864864865
1111,19,0.6504659652709961,0.6014418601989746,0.8457021713256836,0.35108381509780884,37,18,19,0.4864864864864865
650,30,0.45923691987991333,0.5724873542785645,0.7911673784255981,0.6878695487976074,37,18,19,0.4864864864864865
1187,29,0.697655200958252,0.6451594829559326,0.6622791290283203,0.7452102303504944,37,18,19,0.4864864864864865
190,1,0.6715623140335083,0.57449871301651,0.9025572538375854,0.22681966423988342,39,19,20,0.48717948717948717
1784,3,0.7646681070327759,0.651202380657196,0.955308198928833,0.4081190526485443,39,19,20,0.48717948717948717
1426,3,0.5900136232376099,0.6747947335243225,0.7201827168464661,0.5636796951293945,41,20,21,0.4878048780487805
1357,29,0.7569318413734436,0.5073819160461426,0.7511440515518188,0.5371997356414795,36,18,18,0.5
1813,1,0.41706427931785583,0.6204656362533569,0.6014906167984009,0.7896906733512878,38,19,19,0.5
1200,8,0.6753562092781067,0.6401669979095459,1.1850471496582031,0.7159063816070557,30,15,15,0.5
847,7,0.5974823236465454,0.671222984790802,1.1197820901870728,0.333568811416626,30,15,15,0.5
552,7,0.7335565686225891,0.6153274774551392,0.7959274649620056,0.5235570073127747,28,14,14,0.5
1904,1,0.46204447746276855,0.6977005004882812,1.09309983253479,0.45828378200531006,38,19,19,0.5
1445,8,0.6963675618171692,0.6919520497322083,0.8369983434677124,0.5094603300094604,30,15,15,0.5
709,11,0.44705888628959656,0.639277994632721,1.028876781463623,0.5369753241539001,32,16,16,0.5
1264,18,0.7995847463607788,0.6238833069801331,0.6092427372932434,0.25616464018821716,26,13,13,0.5
1253,11,0.4466686248779297,0.5568543076515198,0.8937109112739563,0.4882584810256958,28,14,14,0.5
1829,3,0.4612531065940857,0.5008588433265686,0.9572722315788269,0.4455462694168091,36,18,18,0.5
192,1,0.5060625076293945,0.5729351043701172,1.1249239444732666,0.293222576379776,42,21,21,0.5
1501,1,0.5196704864501953,0.6767747402191162,0.9904341101646423,0.550423800945282,36,18,18,0.5
1319,8,0.4213322103023529,0.6042991280555725,0.7371755242347717,0.7081661820411682,26,13,13,0.5
47,16,0.6588209867477417,0.5815162658691406,0.9721779227256775,0.27858221530914307,22,11,11,0.5
831,8,0.7468235492706299,0.6940526366233826,1.1801044940948486,0.2969021499156952,22,11,11,0.5
1662,0,0.7872267961502075,0.62818443775177,0.9135290384292603,0.5370435118675232,26,13,13,0.5
1686,29,0.4795587658882141,0.5194710493087769,0.7065924406051636,0.4791662096977234,34,17,17,0.5
1957,24,0.7447333931922913,0.5764662027359009,1.043247938156128,0.22006668150424957,28,14,14,0.5
1589,8,0.7794920206069946,0.6694765686988831,0.8930371999740601,0.5861522555351257,34,17,17,0.5
1870,1,0.5115458965301514,0.5914994478225708,0.825404942035675,0.6482046842575073,42,21,21,0.5
1878,7,0.7748585939407349,0.680222749710083,0.6509361863136292,0.6035954356193542,26,13,13,0.5
1336,9,0.6653754711151123,0.5537935495376587,0.8298282623291016,0.308525413274765,34,17,17,0.5
1226,23,0.5504063367843628,0.5884743928909302,0.7002105712890625,0.7963140606880188,40,20,20,0.5
474,29,0.7724961042404175,0.5496676564216614,0.8045300245285034,0.2428663969039917,32,16,16,0.5
618,21,0.7764314413070679,0.5893599390983582,1.082789659500122,0.7016743421554565,42,21,21,0.5
1018,31,0.6124153137207031,0.5977965593338013,0.7802345156669617,0.23836493492126465,38,19,19,0.5
234,7,0.5177129507064819,0.6571878790855408,0.7753245830535889,0.7935207486152649,28,14,14,0.5
1747,16,0.7840282917022705,0.5641716122627258,0.6049603819847107,0.787212610244751,24,12,12,0.5
107,10,0.6104433536529541,0.5057779550552368,0.6470745205879211,0.6676709055900574,44,22,22,0.5
1364,28,0.7923195362091064,0.6873894929885864,0.6154216527938843,0.20926056802272797,26,13,13,0.5
1124,8,0.5428439378738403,0.5585063695907593,0.9251257181167603,0.4035291373729706,34,17,17,0.5
444,1,0.6140768527984619,0.6976069808006287,1.0383893251419067,0.42161744832992554,38,19,19,0.5
220,1,0.44766828417778015,0.6926455497741699,1.1473627090454102,0.46142977476119995,44,22,22,0.5
1881,1,0.7087063789367676,0.6924788951873779,0.856020450592041,0.6556734442710876,43,22,21,0.5116279069767442
738,1,0.667817234992981,0.5714060068130493,0.6638515591621399,0.5427940487861633,43,22,21,0.5116279069767442
269,1,0.4714241921901703,0.6033485531806946,1.0615978240966797,0.33244478702545166,41,21,20,0.5121951219512195
848,3,0.5589824914932251,0.5915614366531372,0.6016302108764648,0.5821143984794617,41,21,20,0.5121951219512195
1539,29,0.6833763122558594,0.5131502747535706,1.1688734292984009,0.5275622010231018,41,21,20,0.5121951219512195
1752,30,0.7454851865768433,0.6711691617965698,0.7362834811210632,0.3891640305519104,39,20,19,0.5128205128205128
1042,29,0.4637572467327118,0.6797348260879517,1.1494910717010498,0.3267067074775696,39,20,19,0.5128205128205128
14,24,0.5854182243347168,0.5334208011627197,0.6944478750228882,0.4331449866294861,37,19,18,0.5135135135135135
1325,21,0.7530616521835327,0.6206468343734741,0.8161686658859253,0.7894363403320312,37,19,18,0.5135135135135135
1848,29,0.44613078236579895,0.544842004776001,1.1556432247161865,0.20786942541599274,35,18,17,0.5142857142857142
958,29,0.6580480933189392,0.6110577583312988,0.9643322825431824,0.7361695766448975,35,18,17,0.5142857142857142
1157,29,0.5278000831604004,0.6599520444869995,1.199743390083313,0.6009504795074463,35,18,17,0.5142857142857142
791,29,0.5666191577911377,0.6006420850753784,0.9771509170532227,0.6986495852470398,35,18,17,0.5142857142857142
7,24,0.701748788356781,0.5165789127349854,1.1374433040618896,0.543077290058136,35,18,17,0.5142857142857142
929,7,0.7632546424865723,0.5991598963737488,0.6433213949203491,0.3088318109512329,35,18,17,0.5142857142857142
641,24,0.5361539125442505,0.504035472869873,0.6017071604728699,0.3061366677284241,35,18,17,0.5142857142857142
596,10,0.6404727697372437,0.6806574463844299,0.6116409301757812,0.7170873880386353,35,18,17,0.5142857142857142
383,23,0.5483919382095337,0.6949186325073242,1.1396372318267822,0.45996785163879395,33,17,16,0.5151515151515151
1873,24,0.6483842134475708,0.5121234655380249,0.9615182876586914,0.26132893562316895,33,17,16,0.5151515151515151
1849,16,0.7192060947418213,0.6922951936721802,0.7197446823120117,0.6923765540122986,33,17,16,0.5151515151515151
35,7,0.5035336017608643,0.612143874168396,1.188281774520874,0.5234368443489075,33,17,16,0.5151515151515151
52,28,0.7085268497467041,0.6747312545776367,0.7372907996177673,0.6432989239692688,33,17,16,0.5151515151515151
1756,7,0.4403800666332245,0.6921796798706055,0.945498526096344,0.5054346323013306,33,17,16,0.5151515151515151
631,31,0.5283128619194031,0.5314383506774902,0.8663291931152344,0.22600187361240387,31,16,15,0.5161290322580645
1101,24,0.676957368850708,0.5859434604644775,0.6203872561454773,0.2645169496536255,31,16,15,0.5161290322580645
1353,8,0.557860255241394,0.5857369303703308,0.986452579498291,0.6865582466125488,31,16,15,0.5161290322580645
1794,24,0.603401243686676,0.5675564408302307,0.7592266798019409,0.28651124238967896,31,16,15,0.5161290322580645
407,28,0.45831283926963806,0.5319642424583435,0.7548614740371704,0.26719993352890015,29,15,14,0.5172413793103449
1115,19,0.7983642816543579,0.517936110496521,1.149939775466919,0.5045129060745239,29,15,14,0.5172413793103449
339,8,0.6209249496459961,0.5927623510360718,1.039079189300537,0.5270062685012817,29,15,14,0.5172413793103449
1759,18,0.7402251958847046,0.5404380559921265,0.6157888174057007,0.3703637719154358,27,14,13,0.5185185185185185
399,16,0.7153947353363037,0.6682392358779907,0.607513964176178,0.6535884141921997,27,14,13,0.5185185185185185
591,24,0.7398841381072998,0.5746387839317322,0.8626112937927246,0.47231459617614746,27,14,13,0.5185185185185185
1977,24,0.7325887680053711,0.5767289400100708,0.695621907711029,0.5982367396354675,27,14,13,0.5185185185185185
1651,7,0.709280252456665,0.6116704940795898,0.7550086975097656,0.5218622088432312,27,14,13,0.5185185185185185
968,8,0.7721983790397644,0.5722584128379822,1.083125114440918,0.7402443885803223,25,13,12,0.52
595,7,0.7927976846694946,0.6358478665351868,0.6684045195579529,0.42220890522003174,23,12,11,0.5217391304347826
874,3,0.5950508117675781,0.6773909330368042,0.9416749477386475,0.24152013659477234,44,23,21,0.5227272727272727
64,18,0.4878880977630615,0.6312982439994812,1.1829928159713745,0.4652416706085205,21,11,10,0.5238095238095238
88,1,0.5703436136245728,0.5129101872444153,0.7812922596931458,0.643780529499054,42,22,20,0.5238095238095238
774,1,0.7942740321159363,0.6157583594322205,0.7252269983291626,0.2615780830383301,42,22,20,0.5238095238095238
70,3,0.7088009119033813,0.6238475441932678,0.7290260195732117,0.4499025344848633,42,22,20,0.5238095238095238
1649,0,0.641333818435669,0.6974897384643555,1.0469976663589478,0.45754480361938477,21,11,10,0.5238095238095238
918,3,0.5592491626739502,0.6645379066467285,0.7364071011543274,0.7090665698051453,40,21,19,0.525
1440,3,0.7373067140579224,0.6121736168861389,0.8647452592849731,0.471868634223938,40,21,19,0.525
202,3,0.7707500457763672,0.6028658151626587,0.795602560043335,0.3180186152458191,40,21,19,0.525
1842,3,0.6265523433685303,0.5646948218345642,0.8955085873603821,0.3549562096595764,40,21,19,0.525
706,14,0.7238961458206177,0.5196833610534668,0.6558459997177124,0.7977685332298279,40,21,19,0.525
67,1,0.6292114853858948,0.5316832661628723,1.086637258529663,0.44788843393325806,40,21,19,0.525
388,30,0.5603439211845398,0.5555122494697571,0.730954647064209,0.749625563621521,40,21,19,0.525
2021,1,0.5228774547576904,0.6141349673271179,1.0071353912353516,0.47184962034225464,38,20,18,0.5263157894736842
478,1,0.673717737197876,0.5022465586662292,0.9897418022155762,0.6613062620162964,38,20,18,0.5263157894736842
225,29,0.4563021957874298,0.6621972918510437,0.6787493228912354,0.2807992100715637,38,20,18,0.5263157894736842
302,1,0.6490961313247681,0.5015463829040527,0.6261699199676514,0.5007991194725037,36,19,17,0.5277777777777778
1228,29,0.523914635181427,0.6674899458885193,0.9991384148597717,0.6842417120933533,36,19,17,0.5277777777777778
692,19,0.44013962149620056,0.6936719417572021,0.6207019686698914,0.5927367806434631,36,19,17,0.5277777777777778
860,29,0.7262535095214844,0.6931290626525879,1.162299394607544,0.2072748988866806,36,19,17,0.5277777777777778
2023,19,0.76955246925354,0.6465762853622437,1.071149468421936,0.21181513369083405,34,18,16,0.5294117647058824
1790,8,0.5123143196105957,0.6872631907463074,1.0960381031036377,0.21296809613704681,34,18,16,0.5294117647058824
168,29,0.44061633944511414,0.5877252221107483,1.0225355625152588,0.3953236937522888,34,18,16,0.5294117647058824
9,24,0.5755111575126648,0.6865677833557129,1.1152279376983643,0.4376000165939331,34,18,16,0.5294117647058824
1035,24,0.544105589389801,0.6761216521263123,0.9201031923294067,0.7706680297851562,34,18,16,0.5294117647058824
843,9,0.5978518724441528,0.5457443594932556,0.8225233554840088,0.5090667605400085,34,18,16,0.5294117647058824
828,8,0.46004530787467957,0.6089565753936768,0.6663224697113037,0.35347768664360046,34,18,16,0.5294117647058824
439,30,0.7413427829742432,0.5175971388816833,0.7309385538101196,0.49579358100891113,32,17,15,0.53125
933,28,0.7453700304031372,0.5013270974159241,1.0363938808441162,0.6558200716972351,32,17,15,0.53125
1474,14,0.7320784330368042,0.5188906788825989,0.6648848652839661,0.5390470027923584,32,17,15,0.53125
1143,3,0.5909176468849182,0.6862015724182129,0.9857026934623718,0.5533646941184998,45,24,21,0.5333333333333333
1454,9,0.5434298515319824,0.6771422624588013,1.0234522819519043,0.5116896629333496,30,16,14,0.5333333333333333
1775,7,0.5649275779724121,0.6831104159355164,1.162622332572937,0.3558870255947113,30,16,14,0.5333333333333333
1360,24,0.6343294978141785,0.6459564566612244,0.6390984058380127,0.4191313683986664,30,16,14,0.5333333333333333
1442,18,0.7135478258132935,0.550910472869873,0.8916410207748413,0.3968939185142517,30,16,14,0.5333333333333333
866,7,0.5380021333694458,0.6411475539207458,0.9249225854873657,0.5087037682533264,30,16,14,0.5333333333333333
68,7,0.44821634888648987,0.6645144820213318,0.8683730363845825,0.4845377206802368,30,16,14,0.5333333333333333
1826,1,0.4465847909450531,0.669106662273407,0.81031334400177,0.7923880219459534,43,23,20,0.5348837209302325
1704,18,0.467738538980484,0.6563218832015991,0.6617191433906555,0.2685602903366089,28,15,13,0.5357142857142857
476,7,0.4084586203098297,0.5943750143051147,0.6840182542800903,0.24839939177036285,28,15,13,0.5357142857142857
298,7,0.4857325553894043,0.6666977405548096,1.0534582138061523,0.7351584434509277,26,14,12,0.5384615384615384
186,1,0.42709580063819885,0.5906890034675598,1.120539903640747,0.6569466590881348,39,21,18,0.5384615384615384
228,29,0.7584177851676941,0.6067056655883789,1.0773053169250488,0.2448645681142807,39,21,18,0.5384615384615384
736,29,0.7060152292251587,0.5080057382583618,0.7654696702957153,0.2113790065050125,37,20,17,0.5405405405405406
1236,19,0.5530116558074951,0.5665781497955322,0.6120795011520386,0.7369492650032043,37,20,17,0.5405405405405406
317,28,0.7218518257141113,0.5368314385414124,0.9939504861831665,0.768265962600708,24,13,11,0.5416666666666666
1181,29,0.7916526794433594,0.6862406134605408,1.0641191005706787,0.7951604723930359,35,19,16,0.5428571428571428
674,8,0.5872516632080078,0.5835212469100952,1.1082946062088013,0.5414648056030273,35,19,16,0.5428571428571428
1738,19,0.7138828039169312,0.5445892810821533,0.947645902633667,0.49503880739212036,35,19,16,0.5428571428571428
105,3,0.42991408705711365,0.5728912949562073,0.8317422866821289,0.2639303505420685,33,18,15,0.5454545454545454
1258,18,0.7458357214927673,0.5570791363716125,1.078456163406372,0.3618341088294983,33,18,15,0.5454545454545454
1347,3,0.5801718831062317,0.6318872570991516,1.1340138912200928,0.5550585389137268,33,18,15,0.5454545454545454
316,24,0.5300469398498535,0.6969674825668335,1.1330652236938477,0.27784353494644165,33,18,15,0.5454545454545454
255,1,0.49984949827194214,0.5495902895927429,0.9448554515838623,0.5528939366340637,42,23,19,0.5476190476190477
151,18,0.7954051494598389,0.5544253587722778,1.040187954902649,0.7491694092750549,31,17,14,0.5483870967741935
1277,7,0.43019232153892517,0.6867916584014893,0.8029898405075073,0.41243764758110046,31,17,14,0.5483870967741935
1757,8,0.6403811573982239,0.6808376312255859,0.6341038942337036,0.2974139451980591,31,17,14,0.5483870967741935
1348,8,0.6135299205780029,0.5497044324874878,0.8510428667068481,0.7829360961914062,31,17,14,0.5483870967741935
272,3,0.6475715637207031,0.5196233987808228,0.6932653188705444,0.5727222561836243,40,22,18,0.55
1783,1,0.7434200048446655,0.5894486904144287,0.8244636058807373,0.38514554500579834,40,22,18,0.55
590,30,0.5846368670463562,0.5350469946861267,0.988524854183197,0.7462157607078552,40,22,18,0.55
1735,7,0.5494012832641602,0.5784025192260742,1.037336826324463,0.540782630443573,20,11,9,0.55
1358,10,0.6486634016036987,0.6567171812057495,1.0673362016677856,0.7072671055793762,40,22,18,0.55
1530,19,0.6430507898330688,0.6919859647750854,1.0410605669021606,0.5081305503845215,40,22,18,0.55
660,0,0.40146321058273315,0.5349801182746887,0.6898717880249023,0.24159137904644012,20,11,9,0.55
1301,7,0.5879504084587097,0.5700924396514893,0.973097026348114,0.23404085636138916,29,16,13,0.5517241379310345
342,28,0.43429437279701233,0.5317153930664062,0.9830079674720764,0.7400863170623779,29,16,13,0.5517241379310345
854,18,0.49781545996665955,0.698616623878479,0.9788022637367249,0.3241114318370819,29,16,13,0.5517241379310345
133,7,0.7325307130813599,0.5299884676933289,1.0329838991165161,0.24988633394241333,29,16,13,0.5517241379310345
57,8,0.466503381729126,0.6996256709098816,0.7035068869590759,0.3819565176963806,29,16,13,0.5517241379310345
986,28,0.5333540439605713,0.6258938312530518,1.0271379947662354,0.3489012122154236,29,16,13,0.5517241379310345
1315,24,0.60259610414505,0.6556098461151123,0.9132061004638672,0.4560210704803467,29,16,13,0.5517241379310345
1660,3,0.43148210644721985,0.6942719221115112,1.1564624309539795,0.5423777103424072,29,16,13,0.5517241379310345
916,14,0.7847094535827637,0.5478648543357849,1.0465871095657349,0.23989661037921906,29,16,13,0.5517241379310345
427,3,0.4404448866844177,0.609406054019928,0.6412837505340576,0.2406647950410843,38,21,17,0.5526315789473685
1583,19,0.44489461183547974,0.6618653535842896,0.6812081336975098,0.41130685806274414,36,20,16,0.5555555555555556
1646,29,0.47526824474334717,0.6635828018188477,0.7598862648010254,0.41872817277908325,36,20,16,0.5555555555555556
737,19,0.4495094418525696,0.6969460248947144,0.749917209148407,0.528018057346344,36,20,16,0.5555555555555556
233,24,0.5573947429656982,0.6172250509262085,1.0646464824676514,0.5592321753501892,36,20,16,0.5555555555555556
619,29,0.662277102470398,0.5883336067199707,0.9100698828697205,0.2904878854751587,36,20,16,0.5555555555555556
924,16,0.6315386295318604,0.6521257758140564,0.7409727573394775,0.2317994236946106,27,15,12,0.5555555555555556
532,3,0.6887722015380859,0.6723340749740601,0.7278841733932495,0.21235047280788422,36,20,16,0.5555555555555556
1576,3,0.6081873178482056,0.6606783866882324,1.0308160781860352,0.39002060890197754,34,19,15,0.5588235294117647
446,29,0.4918467402458191,0.6669256687164307,0.8454515933990479,0.2509394586086273,34,19,15,0.5588235294117647
415,3,0.6849645376205444,0.605079710483551,0.7010145783424377,0.7130315899848938,34,19,15,0.5588235294117647
127,29,0.5574920773506165,0.6821978688240051,0.8620752096176147,0.6441531181335449,34,19,15,0.5588235294117647
967,3,0.5497651696205139,0.5522997379302979,1.0891908407211304,0.2310979962348938,34,19,15,0.5588235294117647
2009,10,0.6327404975891113,0.65938401222229,0.8978078365325928,0.31950369477272034,34,19,15,0.5588235294117647
875,24,0.5378309488296509,0.52638840675354,0.7331938147544861,0.6546999216079712,34,19,15,0.5588235294117647
1692,24,0.558383584022522,0.6936331987380981,0.9582368731498718,0.3667731285095215,34,19,15,0.5588235294117647
1180,3,0.40493524074554443,0.6525219678878784,1.1844813823699951,0.25558140873908997,34,19,15,0.5588235294117647
1100,7,0.683701753616333,0.5234731435775757,0.8309139609336853,0.5198608636856079,25,14,11,0.56
661,19,0.7778229713439941,0.6495556831359863,1.0407713651657104,0.35621336102485657,41,23,18,0.5609756097560976
1733,8,0.5424205660820007,0.5548205375671387,0.7336390018463135,0.4987611770629883,32,18,14,0.5625
1129,24,0.6687612533569336,0.6585283279418945,0.9794438481330872,0.3248642683029175,32,18,14,0.5625
1625,8,0.5212206840515137,0.6209365129470825,0.9601253271102905,0.7600191235542297,32,18,14,0.5625
1659,24,0.594322144985199,0.691417932510376,0.9257216453552246,0.7616053819656372,32,18,14,0.5625
740,10,0.42420947551727295,0.6441758275032043,1.0971953868865967,0.3385522961616516,32,18,14,0.5625
804,8,0.5098822116851807,0.6572068929672241,0.9916709661483765,0.7054489254951477,32,18,14,0.5625
1188,8,0.7250831127166748,0.6976835131645203,1.1561501026153564,0.7094857096672058,32,18,14,0.5625
534,3,0.569490909576416,0.6805456876754761,0.7403056621551514,0.21600614488124847,39,22,17,0.5641025641025641
140,1,0.5083558559417725,0.5859331488609314,1.0585801601409912,0.7930865287780762,39,22,17,0.5641025641025641
1423,18,0.6627934575080872,0.5036990642547607,1.1220974922180176,0.4941970109939575,30,17,13,0.5666666666666667
429,8,0.5821642875671387,0.5595211386680603,0.6696658134460449,0.5118297934532166,30,17,13,0.5666666666666667
1776,16,0.7693595886230469,0.602196991443634,0.7141724228858948,0.30048832297325134,30,17,13,0.5666666666666667
1453,24,0.5821347236633301,0.6742261648178101,1.0438178777694702,0.756866991519928,30,17,13,0.5666666666666667
1190,15,0.7722676396369934,0.5038410425186157,0.6129783987998962,0.6558849811553955,30,17,13,0.5666666666666667
1136,19,0.7825748324394226,0.683617115020752,0.6840279698371887,0.6013163328170776,30,17,13,0.5666666666666667
1521,28,0.6330514550209045,0.6605518460273743,1.099257469177246,0.677105724811554,30,17,13,0.5666666666666667
1710,8,0.6250520944595337,0.5379607081413269,1.0107429027557373,0.7763494253158569,37,21,16,0.5675675675675675
1090,3,0.7150064706802368,0.5910285711288452,1.066454529762268,0.3553554117679596,37,21,16,0.5675675675675675
2018,19,0.6507939100265503,0.5057626962661743,0.6399235725402832,0.5015002489089966,37,21,16,0.5675675675675675
797,24,0.5288311839103699,0.6299488544464111,0.6931518316268921,0.410738468170166,28,16,12,0.5714285714285714
989,3,0.4875853657722473,0.6554890871047974,1.1226619482040405,0.7962389588356018,35,20,15,0.5714285714285714
503,18,0.5030130743980408,0.6520556211471558,0.8588424921035767,0.4852609634399414,28,16,12,0.5714285714285714
277,8,0.5917920470237732,0.6421031355857849,1.1182420253753662,0.6918635368347168,35,20,15,0.5714285714285714
861,8,0.5713778138160706,0.6261647939682007,0.9835847616195679,0.7179660797119141,28,16,12,0.5714285714285714
473,1,0.7699071168899536,0.5174522995948792,1.1320672035217285,0.6858709454536438,35,20,15,0.5714285714285714
1665,3,0.6304150223731995,0.6329666972160339,1.162111759185791,0.5194814205169678,35,20,15,0.5714285714285714
1961,10,0.727571964263916,0.5214633941650391,1.0149524211883545,0.599492073059082,35,20,15,0.5714285714285714
1737,7,0.40010958909988403,0.660839319229126,0.9858123064041138,0.5105037093162537,28,16,12,0.5714285714285714
1034,7,0.6913430690765381,0.5607521533966064,0.6899556517601013,0.2830275297164917,28,16,12,0.5714285714285714
1722,20,0.7913814783096313,0.6744329333305359,0.6589397192001343,0.41811180114746094,35,20,15,0.5714285714285714
91,1,0.45002493262290955,0.642465353012085,0.8740710616111755,0.5255367755889893,35,20,15,0.5714285714285714
517,1,0.46812471747398376,0.593981146812439,0.802428126335144,0.2473343461751938,40,23,17,0.575
1328,28,0.5816020369529724,0.5165081024169922,1.1061900854110718,0.26088741421699524,40,23,17,0.575
748,29,0.7129285335540771,0.5547897815704346,0.901697039604187,0.7735078930854797,33,19,14,0.5757575757575758
1877,8,0.6649587154388428,0.5873140692710876,1.1349031925201416,0.42599308490753174,26,15,11,0.5769230769230769
1608,18,0.48240339756011963,0.552286684513092,0.7686349153518677,0.30533748865127563,26,15,11,0.5769230769230769
345,24,0.5537529587745667,0.5657795667648315,1.0935746431350708,0.42074984312057495,26,15,11,0.5769230769230769
921,8,0.671974241733551,0.5346872806549072,0.9217677712440491,0.40583038330078125,26,15,11,0.5769230769230769
1947,7,0.42718446254730225,0.5038859248161316,0.6830544471740723,0.5761429667472839,26,15,11,0.5769230769230769
1414,1,0.4580507278442383,0.56981360912323,0.7598264813423157,0.27339762449264526,38,22,16,0.5789473684210527
1127,29,0.6391100883483887,0.5712790489196777,1.145263671875,0.5463781356811523,38,22,16,0.5789473684210527
1553,1,0.6430891752243042,0.6713886857032776,0.9098842740058899,0.21696336567401886,38,22,16,0.5789473684210527
1951,8,0.5968374609947205,0.6352990865707397,0.6446852087974548,0.2362411618232727,31,18,13,0.5806451612903226
518,19,0.4917337894439697,0.539585530757904,0.6010996103286743,0.5732412934303284,31,18,13,0.5806451612903226
271,15,0.6609000563621521,0.6978524923324585,0.6382707953453064,0.796394407749176,31,18,13,0.5806451612903226
0,7,0.7030526399612427,0.5478236079216003,1.0880918502807617,0.4221998155117035,31,18,13,0.5806451612903226
40,22,0.7962436079978943,0.5224596261978149,0.6040758490562439,0.5446690320968628,31,18,13,0.5806451612903226
578,7,0.673795223236084,0.5403462648391724,0.9499571919441223,0.6448084712028503,31,18,13,0.5806451612903226
1811,7,0.6828876733779907,0.5194907784461975,0.999940037727356,0.6269290447235107,31,18,13,0.5806451612903226
182,28,0.4277002215385437,0.5055062770843506,0.8576619029045105,0.7325794100761414,24,14,10,0.5833333333333334
1681,28,0.6053867936134338,0.5335145592689514,0.8444026708602905,0.23830023407936096,36,21,15,0.5833333333333334
617,29,0.6910114288330078,0.6158687472343445,1.1337976455688477,0.4357289969921112,36,21,15,0.5833333333333334
609,7,0.6821445822715759,0.5343942642211914,0.9386364221572876,0.7923175096511841,24,14,10,0.5833333333333334
179,22,0.7563019394874573,0.5107322335243225,1.0424952507019043,0.578601062297821,24,14,10,0.5833333333333334
172,10,0.6365379095077515,0.5274481773376465,0.665434718132019,0.551005482673645,36,21,15,0.5833333333333334
1332,19,0.42651572823524475,0.6677277684211731,0.6025960445404053,0.7918946743011475,36,21,15,0.5833333333333334
594,10,0.5537108182907104,0.555916965007782,0.619483232498169,0.7274754643440247,41,24,17,0.5853658536585366
1694,10,0.495678573846817,0.5018861889839172,0.7783787250518799,0.7155176997184753,29,17,12,0.5862068965517241
729,29,0.5231680870056152,0.6877124905586243,0.750089704990387,0.5411763787269592,29,17,12,0.5862068965517241
939,18,0.6850900650024414,0.508847177028656,0.7637616395950317,0.7921640872955322,29,17,12,0.5862068965517241
1830,29,0.6680314540863037,0.6320390701293945,0.9537821412086487,0.27565091848373413,39,23,16,0.5897435897435898
66,29,0.596125602722168,0.6999348998069763,0.8967463970184326,0.7301435470581055,39,23,16,0.5897435897435898
1318,16,0.6156489253044128,0.5370123386383057,0.8033007979393005,0.20777805149555206,22,13,9,0.5909090909090909
1383,28,0.6790822744369507,0.5486367344856262,0.9241114854812622,0.5228841304779053,22,13,9,0.5909090909090909
2025,18,0.4676101505756378,0.5097775459289551,1.0189629793167114,0.3956094980239868,22,13,9,0.5909090909090909
764,8,0.5505749583244324,0.6807286739349365,0.8065460920333862,0.7317306399345398,22,13,9,0.5909090909090909
630,8,0.7574191093444824,0.5776540040969849,0.8686062693595886,0.4011850357055664,27,16,11,0.5925925925925926
1606,7,0.7761968374252319,0.5424582958221436,1.133699655532837,0.6154689192771912,27,16,11,0.5925925925925926
906,18,0.571410059928894,0.6717164516448975,1.1445586681365967,0.46503013372421265,27,16,11,0.5925925925925926
1292,8,0.7408955693244934,0.6184548139572144,0.889541506767273,0.32512813806533813,27,16,11,0.5925925925925926
261,18,0.7748258113861084,0.5634788274765015,0.6558600664138794,0.7663421034812927,32,19,13,0.59375
781,29,0.6379643678665161,0.5396119952201843,0.896198034286499,0.2623395025730133,32,19,13,0.59375
120,20,0.47904568910598755,0.6290382742881775,0.6692375540733337,0.660044252872467,32,19,13,0.59375
268,22,0.7847857475280762,0.519887387752533,0.6131640076637268,0.7018556594848633,32,19,13,0.59375
29,10,0.7239841222763062,0.6149757504463196,0.8445947170257568,0.32147789001464844,37,22,15,0.5945945945945946
1511,3,0.6255092620849609,0.669598400592804,0.9771558046340942,0.49618667364120483,37,22,15,0.5945945945945946
1374,7,0.7928283214569092,0.5116369724273682,0.9009150266647339,0.6765884160995483,30,18,12,0.6
679,8,0.5037598609924316,0.6657325029373169,1.083210825920105,0.6013235449790955,25,15,10,0.6
416,8,0.44097813963890076,0.6003842949867249,0.7140958905220032,0.48110365867614746,25,15,10,0.6
1808,28,0.5760686993598938,0.5182003378868103,1.044910192489624,0.6568426489830017,30,18,12,0.6
1087,18,0.42794737219810486,0.5345634818077087,0.9585183262825012,0.5197457075119019,30,18,12,0.6
65,16,0.5670788288116455,0.5701323747634888,0.813694417476654,0.6632983684539795,30,18,12,0.6
1969,18,0.6939892768859863,0.5426951050758362,0.6402337551116943,0.5470508337020874,30,18,12,0.6
1745,24,0.5930975079536438,0.626455545425415,0.7598897218704224,0.6807106137275696,25,15,10,0.6
41,8,0.515380322933197,0.619928240776062,0.77894127368927,0.617504358291626,30,18,12,0.6
1098,7,0.5519850850105286,0.6565020084381104,0.7075014114379883,0.7552542090415955,30,18,12,0.6
890,24,0.7131682634353638,0.6663275957107544,0.8495036363601685,0.4508812427520752,25,15,10,0.6
1859,29,0.5875830054283142,0.5814549922943115,0.904327929019928,0.5482596158981323,30,18,12,0.6
1899,14,0.7863072156906128,0.5381422638893127,0.718638002872467,0.5325084328651428,35,21,14,0.6
451,28,0.7094719409942627,0.6711582541465759,0.7308273315429688,0.6166270971298218,35,21,14,0.6
811,16,0.48439928889274597,0.5834816694259644,0.7653508186340332,0.3625519275665283,25,15,10,0.6
1108,10,0.7818287014961243,0.5906179547309875,1.1732678413391113,0.31023740768432617,40,24,16,0.6
732,7,0.5766931176185608,0.5278897881507874,1.0143901109695435,0.2688184380531311,30,18,12,0.6
1148,16,0.5867180824279785,0.6829125881195068,0.6074058413505554,0.5555829405784607,25,15,10,0.6
632,3,0.6071727871894836,0.5683989524841309,0.7688539624214172,0.5179712176322937,38,23,15,0.6052631578947368
367,3,0.5018810033798218,0.525130569934845,1.1322565078735352,0.21618148684501648,38,23,15,0.6052631578947368
1595,1,0.5708178281784058,0.5950320959091187,0.8866571187973022,0.7996260523796082,38,23,15,0.6052631578947368
264,8,0.6494945287704468,0.5968264937400818,1.1209760904312134,0.2012643963098526,33,20,13,0.6060606060606061
1785,8,0.4411800801753998,0.6909468770027161,1.0342075824737549,0.6562163233757019,33,20,13,0.6060606060606061
1612,3,0.5686674118041992,0.5152138471603394,0.7160552740097046,0.3472972512245178,33,20,13,0.6060606060606061
1974,7,0.5848451852798462,0.5122777223587036,1.1989811658859253,0.26819950342178345,28,17,11,0.6071428571428571
200,18,0.6484379768371582,0.5727177858352661,0.8611270189285278,0.6203539967536926,28,17,11,0.6071428571428571
1963,24,0.46583831310272217,0.5174385905265808,1.0297921895980835,0.5142702460289001,28,17,11,0.6071428571428571
1884,18,0.4799855947494507,0.5672198534011841,0.743013322353363,0.507651686668396,28,17,11,0.6071428571428571
1166,28,0.45532116293907166,0.5980460047721863,0.8280619382858276,0.7615057229995728,23,14,9,0.6086956521739131
247,18,0.45864781737327576,0.6349605321884155,0.9575543403625488,0.22850894927978516,23,14,9,0.6086956521739131
815,0,0.7072616815567017,0.5169122219085693,0.8017882108688354,0.5671960711479187,23,14,9,0.6086956521739131
744,18,0.42446663975715637,0.5965058207511902,0.905139148235321,0.7604259252548218,23,14,9,0.6086956521739131
1761,18,0.5171684622764587,0.6323861479759216,1.014876365661621,0.3579385578632355,23,14,9,0.6086956521739131
1131,0,0.7697134613990784,0.6215745210647583,0.7478334903717041,0.24158869683742523,23,14,9,0.6086956521739131
1310,3,0.5413028597831726,0.652013897895813,0.703801155090332,0.23128467798233032,36,22,14,0.6111111111111112
806,10,0.6412546634674072,0.6251674890518188,0.922685980796814,0.3198832869529724,36,22,14,0.6111111111111112
687,8,0.5166676044464111,0.5775043964385986,1.036078691482544,0.5634754300117493,31,19,12,0.6129032258064516
904,28,0.7548925876617432,0.5792790055274963,0.9067240953445435,0.20975197851657867,31,19,12,0.6129032258064516
1869,29,0.47632932662963867,0.521748423576355,1.102978229522705,0.4786527156829834,31,19,12,0.6129032258064516
1597,7,0.6204046010971069,0.5934584736824036,0.9505712985992432,0.24036750197410583,31,19,12,0.6129032258064516
1526,28,0.5942588448524475,0.6282418370246887,0.7232722640037537,0.7841323018074036,31,19,12,0.6129032258064516
1033,28,0.6326636075973511,0.5159425735473633,0.6576477885246277,0.5470678210258484,31,19,12,0.6129032258064516
698,15,0.7400931119918823,0.6311982870101929,0.942009449005127,0.2513231039047241,31,19,12,0.6129032258064516
1994,16,0.4847719669342041,0.5885701179504395,0.7099419832229614,0.3998558819293976,31,19,12,0.6129032258064516
1802,29,0.488369882106781,0.6333205699920654,0.9345151782035828,0.2057737559080124,31,19,12,0.6129032258064516
771,18,0.6276007890701294,0.5788288116455078,0.8316112756729126,0.7744402289390564,31,19,12,0.6129032258064516
911,3,0.6898496150970459,0.5234442949295044,0.9636044502258301,0.42542093992233276,39,24,15,0.6153846153846154
1911,7,0.7058273553848267,0.5429534316062927,1.174980878829956,0.5858711004257202,26,16,10,0.6153846153846154
549,28,0.7180551290512085,0.688927948474884,1.1703152656555176,0.7376575469970703,26,16,10,0.6153846153846154
45,18,0.7028030157089233,0.6614553928375244,0.8963267803192139,0.3999272882938385,26,16,10,0.6153846153846154
522,18,0.691336989402771,0.5439388751983643,0.9119502305984497,0.6224685907363892,26,16,10,0.6153846153846154
1362,7,0.5089312791824341,0.5274407267570496,0.7723379135131836,0.7682076692581177,26,16,10,0.6153846153846154
658,16,0.5836643576622009,0.606764018535614,0.7521069049835205,0.5195504426956177,26,16,10,0.6153846153846154
1106,7,0.6990365982055664,0.5463716983795166,1.0017080307006836,0.7977003455162048,26,16,10,0.6153846153846154
1890,10,0.6203848123550415,0.6340768337249756,0.6074275970458984,0.6144241094589233,34,21,13,0.6176470588235294
1012,14,0.7943947315216064,0.5277451276779175,0.9119359850883484,0.6576322913169861,34,21,13,0.6176470588235294
454,0,0.7923957109451294,0.6285328269004822,1.0131475925445557,0.375312477350235,21,13,8,0.6190476190476191
1943,18,0.7058963775634766,0.648872971534729,1.0815107822418213,0.6458778381347656,29,18,11,0.6206896551724138
449,7,0.42322081327438354,0.6098278760910034,0.8334052562713623,0.3428889513015747,29,18,11,0.6206896551724138
514,8,0.7150031328201294,0.5914725661277771,1.1215331554412842,0.7988590598106384,29,18,11,0.6206896551724138
1515,8,0.5701391696929932,0.5044954419136047,1.0708404779434204,0.22052019834518433,29,18,11,0.6206896551724138
1748,8,0.6638501286506653,0.5203971266746521,0.871382474899292,0.22170859575271606,29,18,11,0.6206896551724138
86,7,0.4222036302089691,0.6689571142196655,0.9038999080657959,0.25196951627731323,24,15,9,0.625
751,28,0.7565759420394897,0.5736920833587646,0.9263201951980591,0.6938287615776062,24,15,9,0.625
1221,16,0.4728009104728699,0.6251336932182312,0.9718291759490967,0.20237161219120026,24,15,9,0.625
1152,29,0.469865083694458,0.6398716568946838,1.128596544265747,0.27376967668533325,32,20,12,0.625
1801,18,0.6660257577896118,0.6856879591941833,0.9436910152435303,0.21667751669883728,32,20,12,0.625
1450,16,0.6008960008621216,0.5818673372268677,0.850625216960907,0.30188947916030884,24,15,9,0.625
1283,1,0.5882984399795532,0.6287255883216858,1.1141645908355713,0.6491170525550842,40,25,15,0.625
1308,19,0.5365835428237915,0.5781586170196533,0.7489830851554871,0.6400772929191589,32,20,12,0.625
284,10,0.5355719327926636,0.6506258249282837,0.6910825967788696,0.6544902920722961,40,25,15,0.625
1476,8,0.6089438796043396,0.6370081901550293,0.9762773513793945,0.2980915307998657,32,20,12,0.625
1022,8,0.5363297462463379,0.5307421684265137,1.1181039810180664,0.756909966468811,27,17,10,0.6296296296296297
943,19,0.7122290134429932,0.591559648513794,1.1276614665985107,0.4291306734085083,27,17,10,0.6296296296296297
1349,16,0.6338788270950317,0.6550025343894958,1.0619432926177979,0.42392072081565857,27,17,10,0.6296296296296297
2031,28,0.7743586301803589,0.6657207012176514,1.032927393913269,0.7815247178077698,27,17,10,0.6296296296296297
1839,28,0.49081480503082275,0.5265682339668274,0.6027936935424805,0.5693188905715942,27,17,10,0.6296296296296297
1721,28,0.6798081398010254,0.5088210701942444,1.0836244821548462,0.3314223289489746,27,17,10,0.6296296296296297
1219,18,0.4377635419368744,0.6763250231742859,0.7838773727416992,0.5175483226776123,27,17,10,0.6296296296296297
2036,28,0.5568456649780273,0.5564767718315125,0.8565510511398315,0.7419247627258301,27,17,10,0.6296296296296297
74,28,0.6656689643859863,0.5836976766586304,0.6839858293533325,0.6784753799438477,38,24,14,0.631578947368421
1397,24,0.5045813918113708,0.6759239435195923,1.1731743812561035,0.5465129613876343,30,19,11,0.6333333333333333
1647,18,0.6247212886810303,0.5265428423881531,0.6661373972892761,0.5648000836372375,30,19,11,0.6333333333333333
694,16,0.4886596202850342,0.5771682858467102,1.1640541553497314,0.7379931807518005,30,19,11,0.6333333333333333
393,18,0.5054304003715515,0.5459278225898743,0.8248177170753479,0.7710471749305725,30,19,11,0.6333333333333333
681,22,0.762161135673523,0.5187753438949585,0.9141098260879517,0.477796733379364,30,19,11,0.6333333333333333
562,19,0.5534157752990723,0.5266854763031006,1.1572657823562622,0.7463997006416321,30,19,11,0.6333333333333333
667,16,0.46415358781814575,0.6764041185379028,0.6512209177017212,0.38044261932373047,30,19,11,0.6333333333333333
1491,8,0.7203713655471802,0.5197446346282959,0.9847755432128906,0.5641111731529236,30,19,11,0.6333333333333333
987,28,0.7752464413642883,0.6829442977905273,1.166520595550537,0.6546595692634583,30,19,11,0.6333333333333333
332,7,0.7702676057815552,0.6164435148239136,0.9154574275016785,0.3158527612686157,30,19,11,0.6333333333333333
1860,29,0.5740323066711426,0.6082669496536255,0.8092511892318726,0.6767463088035583,30,19,11,0.6333333333333333
372,19,0.6076703667640686,0.5673291683197021,0.713381290435791,0.6683859825134277,30,19,11,0.6333333333333333
743,16,0.6748757362365723,0.5096772909164429,0.8511441946029663,0.5344005227088928,33,21,12,0.6363636363636364
1385,3,0.45949235558509827,0.5521380305290222,0.9939769506454468,0.769091784954071,33,21,12,0.6363636363636364
747,1,0.7518256306648254,0.621549129486084,0.9918566942214966,0.5462961792945862,33,21,12,0.6363636363636364
1067,16,0.45929598808288574,0.6999714374542236,0.7136533260345459,0.6500740051269531,22,14,8,0.6363636363636364
693,10,0.5474048852920532,0.5907833576202393,0.7518789768218994,0.34108856320381165,36,23,13,0.6388888888888888
673,1,0.6370834112167358,0.5614315271377563,0.8297128081321716,0.28535008430480957,36,23,13,0.6388888888888888
498,19,0.46482208371162415,0.6210132837295532,0.9858313798904419,0.5688342452049255,36,23,13,0.6388888888888888
912,7,0.7116237878799438,0.5950835943222046,0.778367280960083,0.4284733235836029,25,16,9,0.64
1897,0,0.5411763787269592,0.6319910287857056,1.0912554264068604,0.7305729985237122,25,16,9,0.64
408,19,0.7367902994155884,0.5914349555969238,0.6195838451385498,0.7045495510101318,28,18,10,0.6428571428571429
400,19,0.49803459644317627,0.5142358541488647,0.808570921421051,0.29682043194770813,28,18,10,0.6428571428571429
211,14,0.6610109806060791,0.6294539570808411,1.1697640419006348,0.7432100176811218,42,27,15,0.6428571428571429
531,16,0.6544183492660522,0.5187318325042725,1.1248546838760376,0.7273150682449341,28,18,10,0.6428571428571429
1372,7,0.4639303684234619,0.5085358619689941,1.1594579219818115,0.541599690914154,28,18,10,0.6428571428571429
326,28,0.48764389753341675,0.5843924283981323,0.9293345808982849,0.5637750029563904,31,20,11,0.6451612903225806
576,19,0.6228245496749878,0.5380175113677979,0.775622546672821,0.25835373997688293,31,20,11,0.6451612903225806
645,3,0.6885163187980652,0.5047454237937927,1.090369462966919,0.5780640244483948,31,20,11,0.6451612903225806
134,10,0.724644660949707,0.603670060634613,0.7913257479667664,0.44657212495803833,31,20,11,0.6451612903225806
621,14,0.5271871089935303,0.6920479536056519,0.6811122894287109,0.30454111099243164,31,20,11,0.6451612903225806
950,28,0.769178032875061,0.6030338406562805,1.0344188213348389,0.6851368546485901,31,20,11,0.6451612903225806
1091,19,0.6585352420806885,0.6721401810646057,0.7573944330215454,0.6293896436691284,31,20,11,0.6451612903225806
1156,10,0.7851297855377197,0.5898832678794861,0.884828507900238,0.4725847840309143,31,20,11,0.6451612903225806
948,15,0.5419753789901733,0.6252425312995911,0.7162537574768066,0.7501713037490845,31,20,11,0.6451612903225806
1029,10,0.6043770909309387,0.548195481300354,1.161623477935791,0.4400758147239685,34,22,12,0.6470588235294118
1150,10,0.4383571743965149,0.6516997218132019,0.9638620615005493,0.37734416127204895,34,22,12,0.6470588235294118
360,3,0.4830728769302368,0.5304684042930603,1.144637107849121,0.5989986658096313,34,22,12,0.6470588235294118
1555,1,0.569640040397644,0.6927551031112671,1.115321397781372,0.5106654167175293,34,22,12,0.6470588235294118
895,29,0.4884924292564392,0.6280742883682251,1.0755919218063354,0.6646305918693542,37,24,13,0.6486486486486487
1535,3,0.6607652306556702,0.5829591155052185,0.8058220744132996,0.5958281755447388,37,24,13,0.6486486486486487
1323,16,0.7911715507507324,0.6196485161781311,0.8774095773696899,0.4270937144756317,20,13,7,0.65
213,18,0.7457075119018555,0.564082682132721,1.1740548610687256,0.4596279263496399,26,17,9,0.6538461538461539
2040,7,0.4350488781929016,0.5433072447776794,0.7955424785614014,0.383949875831604,26,17,9,0.6538461538461539
1361,8,0.7395392656326294,0.625054121017456,1.134157419204712,0.6988236904144287,26,17,9,0.6538461538461539
1938,8,0.5314518213272095,0.5143582224845886,0.9107643365859985,0.3570142686367035,26,17,9,0.6538461538461539
1130,28,0.7291620969772339,0.6428778171539307,0.9435158967971802,0.6642347574234009,26,17,9,0.6538461538461539
1154,0,0.5982704162597656,0.5529894232749939,0.6197041273117065,0.7918610572814941,26,17,9,0.6538461538461539
290,28,0.6073982119560242,0.6628807783126831,0.9786007404327393,0.550987958908081,26,17,9,0.6538461538461539
1420,28,0.6797623634338379,0.6533737778663635,0.6909292936325073,0.6043415069580078,26,17,9,0.6538461538461539
496,16,0.7366489171981812,0.5436611771583557,0.6693226099014282,0.5973913073539734,29,19,10,0.6551724137931034
1743,7,0.7608968615531921,0.5009044408798218,1.0708863735198975,0.35664045810699463,29,19,10,0.6551724137931034
592,18,0.6994357109069824,0.5042322278022766,0.9117620587348938,0.6894966959953308,29,19,10,0.6551724137931034
846,16,0.43263933062553406,0.5375903844833374,0.6392785906791687,0.5563469529151917,29,19,10,0.6551724137931034
254,0,0.623963475227356,0.6087973117828369,0.7106789350509644,0.7713487148284912,29,19,10,0.6551724137931034
907,7,0.5858192443847656,0.5978958010673523,1.0792326927185059,0.4770469069480896,29,19,10,0.6551724137931034
1937,8,0.6407944560050964,0.6553472876548767,1.0345866680145264,0.25927403569221497,32,21,11,0.65625
1418,19,0.7170923948287964,0.633728563785553,0.7877295017242432,0.7458593845367432,32,21,11,0.65625
1114,3,0.6021377444267273,0.5622440576553345,1.0923993587493896,0.3031599819660187,32,21,11,0.65625
1235,8,0.5393537878990173,0.6111403107643127,0.8784441947937012,0.508887767791748,32,21,11,0.65625
1412,28,0.4010610282421112,0.59225994348526,0.9097506999969482,0.46541380882263184,32,21,11,0.65625
412,18,0.681394100189209,0.666107177734375,1.180856466293335,0.5536312460899353,32,21,11,0.65625
1672,3,0.43683189153671265,0.5169853568077087,1.0163286924362183,0.5957616567611694,35,23,12,0.6571428571428571
1944,28,0.5354292988777161,0.6832715272903442,0.7850215435028076,0.4287388324737549,35,23,12,0.6571428571428571
153,19,0.5931288003921509,0.6382975578308105,0.6816934943199158,0.3497477173805237,38,25,13,0.6578947368421053
1982,19,0.6613078117370605,0.6601364612579346,0.6640967130661011,0.36430370807647705,33,22,11,0.6666666666666666
1814,16,0.7763350009918213,0.5663658380508423,1.0046675205230713,0.47686105966567993,24,16,8,0.6666666666666666
1368,18,0.7872965335845947,0.6645406484603882,1.1149259805679321,0.5980104207992554,30,20,10,0.6666666666666666
1750,16,0.5144382119178772,0.6974828243255615,1.1148486137390137,0.5440976619720459,27,18,9,0.6666666666666666
1896,28,0.5116766691207886,0.6702558994293213,1.1619672775268555,0.6719319224357605,30,20,10,0.6666666666666666
814,18,0.5481743812561035,0.6497528553009033,0.8186663389205933,0.361836314201355,21,14,7,0.6666666666666666
16,8,0.6289888024330139,0.6699566841125488,0.9495506286621094,0.20277051627635956,27,18,9,0.6666666666666666
30,14,0.6558728218078613,0.6892956495285034,0.6804870367050171,0.6180611848831177,36,24,12,0.6666666666666666
614,14,0.6440912485122681,0.6790059208869934,0.7362875938415527,0.7168407440185547,33,22,11,0.6666666666666666
525,19,0.43454375863075256,0.652691125869751,0.7323897480964661,0.33396798372268677,33,22,11,0.6666666666666666
1960,28,0.6220315098762512,0.6260164976119995,0.6846480965614319,0.3042464256286621,33,22,11,0.6666666666666666
1479,28,0.6198204159736633,0.5403695106506348,1.1484582424163818,0.7155376672744751,30,20,10,0.6666666666666666
288,29,0.5621119737625122,0.6141442656517029,0.7343480587005615,0.5292994379997253,36,24,12,0.6666666666666666
424,3,0.6130601763725281,0.6315897107124329,0.8502335548400879,0.2621361315250397,30,20,10,0.6666666666666666
990,18,0.6225780248641968,0.6444690823554993,0.9350487589836121,0.5345302820205688,21,14,7,0.6666666666666666
1981,18,0.6122874021530151,0.6434252262115479,0.8595789670944214,0.6984577178955078,27,18,9,0.6666666666666666
726,10,0.6556801795959473,0.5188915729522705,0.7495409846305847,0.47449374198913574,36,24,12,0.6666666666666666
1365,18,0.548429548740387,0.6831493377685547,1.082532286643982,0.5669808387756348,27,18,9,0.6666666666666666
1840,28,0.6403228640556335,0.5180544853210449,1.0860729217529297,0.30658891797065735,30,20,10,0.6666666666666666
303,18,0.5474308729171753,0.5607877969741821,0.8813720941543579,0.30599072575569153,30,20,10,0.6666666666666666
1889,7,0.5747615694999695,0.5790665745735168,1.1267503499984741,0.41041243076324463,24,16,8,0.6666666666666666
625,0,0.7931293249130249,0.5691971778869629,0.6534091830253601,0.3321375250816345,21,14,7,0.6666666666666666
985,18,0.5824409127235413,0.6889897584915161,0.6595122814178467,0.20250283181667328,27,18,9,0.6666666666666666
1346,19,0.49568602442741394,0.5033080577850342,0.9562686681747437,0.3501308560371399,27,18,9,0.6666666666666666
122,18,0.7993329763412476,0.6875842809677124,0.9460944533348083,0.5875155925750732,30,20,10,0.6666666666666666
1522,7,0.41486555337905884,0.5212633013725281,0.690054178237915,0.6522427201271057,21,14,7,0.6666666666666666
1523,19,0.5875236392021179,0.6397355794906616,0.6314697861671448,0.278727650642395,30,20,10,0.6666666666666666
1803,10,0.7310887575149536,0.5193400382995605,1.1837704181671143,0.6884100437164307,39,26,13,0.6666666666666666
635,24,0.5595065355300903,0.5156670808792114,1.101597547531128,0.5322310328483582,33,22,11,0.6666666666666666
891,16,0.7530295848846436,0.6439385414123535,1.1627800464630127,0.7709317803382874,24,16,8,0.6666666666666666
539,0,0.7724779844284058,0.6409764289855957,0.6058871150016785,0.48202550411224365,24,16,8,0.6666666666666666
900,19,0.41348299384117126,0.5618972182273865,1.1162340641021729,0.40280795097351074,36,24,12,0.6666666666666666
977,19,0.5390639305114746,0.5112577080726624,0.925163209438324,0.4512922167778015,37,25,12,0.6756756756756757
1434,14,0.793287992477417,0.64405357837677,1.0585029125213623,0.37610766291618347,37,25,12,0.6756756756756757
554,10,0.49418362975120544,0.6662646532058716,1.1895486116409302,0.7326078414916992,37,25,12,0.6756756756756757
540,10,0.7115095853805542,0.5275360941886902,0.615875780582428,0.7221272587776184,37,25,12,0.6756756756756757
198,20,0.7956394553184509,0.5446624755859375,0.7188292741775513,0.7447530031204224,34,23,11,0.6764705882352942
1919,7,0.6340587139129639,0.6455684304237366,1.1366913318634033,0.25013232231140137,34,23,11,0.6764705882352942
1707,19,0.5779438614845276,0.6506587266921997,1.020825743675232,0.5043917298316956,34,23,11,0.6764705882352942
1220,19,0.5753300786018372,0.6823883056640625,0.9075596332550049,0.2041882872581482,34,23,11,0.6764705882352942
556,10,0.7586549520492554,0.539101243019104,1.01746666431427,0.30478784441947937,34,23,11,0.6764705882352942
293,16,0.7120837569236755,0.549230694770813,1.0364515781402588,0.619806706905365,31,21,10,0.6774193548387096
878,14,0.4656769931316376,0.5007983446121216,0.6257026791572571,0.5143835544586182,31,21,10,0.6774193548387096
1880,29,0.705356240272522,0.662366509437561,1.1998305320739746,0.7280051112174988,31,21,10,0.6774193548387096
349,8,0.4825882017612457,0.6181086301803589,1.1715964078903198,0.5889314413070679,31,21,10,0.6774193548387096
810,28,0.6290121078491211,0.6692314147949219,0.7040627002716064,0.6271908283233643,31,21,10,0.6774193548387096
1268,18,0.49541783332824707,0.6305347084999084,0.7426407337188721,0.6886954307556152,31,21,10,0.6774193548387096
1287,15,0.6431718468666077,0.6860873699188232,0.7048912644386292,0.3853275179862976,28,19,9,0.6785714285714286
485,19,0.49507707357406616,0.617068886756897,0.8966690301895142,0.6184889078140259,28,19,9,0.6785714285714286
432,16,0.6041403412818909,0.5928722023963928,0.8422837257385254,0.5654720067977905,28,19,9,0.6785714285714286
184,19,0.471002459526062,0.5947644710540771,0.8369929194450378,0.6860244274139404,28,19,9,0.6785714285714286
1617,7,0.7435141801834106,0.5866653919219971,0.6454746723175049,0.3315814733505249,28,19,9,0.6785714285714286
248,18,0.46686214208602905,0.5181073546409607,1.1580781936645508,0.42664384841918945,25,17,8,0.68
471,8,0.5137490034103394,0.6453726291656494,0.8846654295921326,0.7770430445671082,25,17,8,0.68
418,18,0.47830381989479065,0.553253173828125,1.150847315788269,0.2978869378566742,25,17,8,0.68
1074,0,0.432751327753067,0.6210337281227112,0.6930991411209106,0.7544963359832764,25,17,8,0.68
1892,28,0.5265151262283325,0.6200717687606812,1.139253854751587,0.2920626997947693,25,17,8,0.68
626,10,0.5552694201469421,0.6434329152107239,0.8085132241249084,0.29029011726379395,38,26,12,0.6842105263157895
1496,10,0.5883078575134277,0.6548358201980591,0.8341245651245117,0.2114400863647461,35,24,11,0.6857142857142857
1071,28,0.7802449464797974,0.5907654166221619,1.1624940633773804,0.41133373975753784,35,24,11,0.6857142857142857
389,14,0.537585973739624,0.6033243536949158,0.6565225720405579,0.6147114634513855,35,24,11,0.6857142857142857
1895,19,0.6350415349006653,0.5070138573646545,0.992337703704834,0.4158817231655121,35,24,11,0.6857142857142857
1289,20,0.6283403635025024,0.6756002902984619,0.7174561619758606,0.36232995986938477,35,24,11,0.6857142857142857
1212,7,0.4386068284511566,0.6459890604019165,1.0506045818328857,0.24730075895786285,35,24,11,0.6857142857142857
1816,19,0.5107314586639404,0.579784631729126,0.8928968906402588,0.4271729290485382,32,22,10,0.6875
710,3,0.5584601163864136,0.5317220687866211,0.9223451614379883,0.24069347977638245,32,22,10,0.6875
1398,15,0.559272825717926,0.6226696968078613,0.7361167669296265,0.5758593678474426,32,22,10,0.6875
1246,14,0.7349138259887695,0.6527783870697021,0.947044849395752,0.38811028003692627,32,22,10,0.6875
160,19,0.45054376125335693,0.5360488295555115,0.9506493806838989,0.6605153679847717,32,22,10,0.6875
125,10,0.489302396774292,0.6742351651191711,0.6545778512954712,0.7697352766990662,32,22,10,0.6875
437,22,0.6205666065216064,0.5257346034049988,0.6869317889213562,0.7665418386459351,32,22,10,0.6875
419,10,0.5217898488044739,0.5418087244033813,0.8864579200744629,0.3536226749420166,32,22,10,0.6875
816,16,0.7429343461990356,0.5098720192909241,0.7344081997871399,0.27791720628738403,29,20,9,0.6896551724137931
1845,14,0.7800276279449463,0.5838038325309753,0.8184078931808472,0.5316292643547058,29,20,9,0.6896551724137931
1138,16,0.5365594625473022,0.6864022016525269,0.7623177170753479,0.6057350039482117,29,20,9,0.6896551724137931
1234,18,0.7464572191238403,0.5468498468399048,0.723649263381958,0.6583420038223267,29,20,9,0.6896551724137931
1772,18,0.6285510063171387,0.604159414768219,1.053924322128296,0.5709188580513,29,20,9,0.6896551724137931
39,16,0.5070577263832092,0.6875045299530029,0.8798270225524902,0.5893375873565674,26,18,8,0.6923076923076923
470,7,0.5488955974578857,0.5014134049415588,1.0418418645858765,0.4207092523574829,26,18,8,0.6923076923076923
1622,8,0.6725335121154785,0.6340040564537048,1.0854809284210205,0.3983536958694458,26,18,8,0.6923076923076923
224,28,0.6977756023406982,0.5586523413658142,1.146433711051941,0.418059378862381,26,18,8,0.6923076923076923
189,16,0.4918569326400757,0.5847086310386658,1.1005831956863403,0.5326591730117798,26,18,8,0.6923076923076923
1508,15,0.7342233657836914,0.5875949859619141,0.8928874135017395,0.4287564158439636,26,18,8,0.6923076923076923
76,10,0.6727198958396912,0.5755541324615479,1.1990771293640137,0.2950930595397949,39,27,12,0.6923076923076923
1068,14,0.4019549787044525,0.6088309288024902,0.6296063661575317,0.4899839758872986,39,27,12,0.6923076923076923
1494,14,0.6386755704879761,0.6106066703796387,1.1782474517822266,0.2897697687149048,36,25,11,0.6944444444444444
1891,1,0.4392002522945404,0.57943195104599,0.7227783203125,0.20889116823673248,36,25,11,0.6944444444444444
702,28,0.5290086269378662,0.6237694025039673,0.8234546780586243,0.5155713558197021,23,16,7,0.6956521739130435
1247,0,0.7374097108840942,0.6805648803710938,1.1580278873443604,0.6788738369941711,23,16,7,0.6956521739130435
1254,7,0.6902649402618408,0.6992606520652771,0.8669121861457825,0.7115336656570435,23,16,7,0.6956521739130435
199,0,0.46001383662223816,0.51368248462677,1.1190690994262695,0.6680489182472229,23,16,7,0.6956521739130435
395,7,0.6042774319648743,0.5676812529563904,1.0864042043685913,0.7035845518112183,23,16,7,0.6956521739130435
1926,28,0.42967936396598816,0.5080324411392212,0.9461146593093872,0.7269508242607117,33,23,10,0.696969696969697
136,10,0.7265032529830933,0.6403012275695801,0.7962294220924377,0.22038841247558594,33,23,10,0.696969696969697
899,20,0.6071533560752869,0.686831533908844,0.6905056834220886,0.5370445847511292,33,23,10,0.696969696969697
1004,20,0.5921660661697388,0.6607210636138916,0.8394476175308228,0.7922166585922241,33,23,10,0.696969696969697
1831,7,0.5118027925491333,0.6617600917816162,0.6841790676116943,0.2635831832885742,30,21,9,0.7
1048,29,0.5902522802352905,0.6906009912490845,1.1074855327606201,0.31694352626800537,30,21,9,0.7
1584,18,0.6203587651252747,0.5645805597305298,0.8025307059288025,0.34673523902893066,30,21,9,0.7
919,18,0.5452399849891663,0.6328096389770508,0.9037404656410217,0.4723498821258545,30,21,9,0.7
909,22,0.7209228277206421,0.604145348072052,0.7782406210899353,0.5110561847686768,30,21,9,0.7
1852,14,0.7261919975280762,0.6162773966789246,0.988103985786438,0.3738917112350464,30,21,9,0.7
993,20,0.4128483831882477,0.6970635652542114,0.6348395347595215,0.6189014911651611,37,26,11,0.7027027027027027
1110,19,0.4001416265964508,0.6059302687644958,0.8709560632705688,0.6779298782348633,27,19,8,0.7037037037037037
1917,15,0.41293880343437195,0.5153412222862244,0.9715626239776611,0.6311637759208679,27,19,8,0.7037037037037037
999,28,0.687437117099762,0.6119266152381897,0.7277085185050964,0.5369843244552612,27,19,8,0.7037037037037037
1685,16,0.6812279224395752,0.5159645080566406,0.9036478400230408,0.3074965178966522,27,19,8,0.7037037037037037
649,22,0.5342486500740051,0.5958082675933838,1.1612861156463623,0.3698424696922302,27,19,8,0.7037037037037037
1618,15,0.568267285823822,0.5644066333770752,1.056756854057312,0.672627329826355,27,19,8,0.7037037037037037
243,15,0.5942075848579407,0.6182739734649658,0.8871383666992188,0.6221895813941956,27,19,8,0.7037037037037037
92,15,0.6401796340942383,0.5897925496101379,0.7237135767936707,0.5106331706047058,27,19,8,0.7037037037037037
1655,10,0.58681720495224,0.6674181818962097,1.0976215600967407,0.6615638732910156,34,24,10,0.7058823529411765
1643,20,0.5751855969429016,0.5248872637748718,0.6761108040809631,0.7685940265655518,34,24,10,0.7058823529411765
1851,10,0.47066450119018555,0.5158658027648926,0.6001367568969727,0.2951463460922241,34,24,10,0.7058823529411765
2028,10,0.48165592551231384,0.5066862106323242,0.6471031904220581,0.4654255509376526,34,24,10,0.7058823529411765
1449,0,0.5381729006767273,0.6853750348091125,1.1084054708480835,0.640032172203064,24,17,7,0.7083333333333334
1506,0,0.5473248362541199,0.5542486310005188,0.7304525375366211,0.29904621839523315,24,17,7,0.7083333333333334
253,15,0.6891956329345703,0.6601000428199768,1.1607005596160889,0.3873145580291748,31,22,9,0.7096774193548387
1218,18,0.6890543699264526,0.6202388405799866,1.0690205097198486,0.3393358290195465,31,22,9,0.7096774193548387
1706,16,0.7745333909988403,0.6534458994865417,0.9176636934280396,0.7401173114776611,31,22,9,0.7096774193548387
1954,19,0.47058144211769104,0.5157582759857178,0.6833101511001587,0.7113001942634583,31,22,9,0.7096774193548387
1252,18,0.7377151250839233,0.5954419374465942,0.7018579244613647,0.5908141732215881,31,22,9,0.7096774193548387
952,18,0.608375072479248,0.5130910277366638,0.832747220993042,0.2914845943450928,28,20,8,0.7142857142857143
295,0,0.4863422214984894,0.5620002150535583,0.9624890089035034,0.4385770559310913,21,15,6,0.7142857142857143
1240,18,0.6273515820503235,0.5918077230453491,0.9080643653869629,0.32062506675720215,28,20,8,0.7142857142857143
640,16,0.5829092264175415,0.5737727880477905,0.8824042081832886,0.6723889112472534,28,20,8,0.7142857142857143
101,3,0.5629957318305969,0.5061054229736328,0.948171854019165,0.6991034150123596,35,25,10,0.7142857142857143
678,20,0.7363166809082031,0.5178959965705872,1.1668606996536255,0.3807407021522522,35,25,10,0.7142857142857143
1734,10,0.6897084712982178,0.6492922306060791,0.7321723699569702,0.5719452500343323,35,25,10,0.7142857142857143
1401,15,0.5085771679878235,0.6048732995986938,0.7220252752304077,0.21017730236053467,28,20,8,0.7142857142857143
1538,19,0.7249842882156372,0.50244140625,0.7952461242675781,0.6491979360580444,35,25,10,0.7142857142857143
250,22,0.7763011455535889,0.5654201507568359,0.6087764501571655,0.3576105237007141,35,25,10,0.7142857142857143
1570,10,0.40932053327560425,0.611912190914154,0.6734505891799927,0.7659338712692261,35,25,10,0.7142857142857143
1858,15,0.7345434427261353,0.575836718082428,0.6639038920402527,0.24299509823322296,28,20,8,0.7142857142857143
1914,0,0.43206164240837097,0.6768064498901367,0.758341372013092,0.6572281718254089,21,15,6,0.7142857142857143
83,28,0.5659185647964478,0.6329828500747681,0.990639865398407,0.300567090511322,28,20,8,0.7142857142857143
530,10,0.6425344944000244,0.6119862794876099,0.9270951747894287,0.3530540466308594,39,28,11,0.717948717948718
962,10,0.4117062985897064,0.6431641578674316,1.0266036987304688,0.2911608815193176,39,28,11,0.717948717948718
2046,19,0.40452760457992554,0.6217348575592041,0.7433489561080933,0.26995816826820374,32,23,9,0.71875
502,3,0.42013633251190186,0.6961555480957031,1.11647367477417,0.5330784320831299,32,23,9,0.71875
536,14,0.7273216843605042,0.5388928651809692,1.0453921556472778,0.4977233409881592,32,23,9,0.71875
1384,20,0.5930602550506592,0.6413914561271667,1.0684150457382202,0.2877791225910187,32,23,9,0.71875
1632,14,0.6159703135490417,0.584357738494873,0.8849766254425049,0.3393270969390869,32,23,9,0.71875
1242,15,0.6822576522827148,0.6349194645881653,0.6085237860679626,0.6970871686935425,32,23,9,0.71875
442,15,0.4033098518848419,0.6677905917167664,0.8521463871002197,0.45282942056655884,32,23,9,0.71875
1203,15,0.6637172102928162,0.5274094939231873,0.8561497926712036,0.2809773087501526,32,23,9,0.71875
1667,28,0.589767336845398,0.6405770778656006,1.0678507089614868,0.6009951233863831,32,23,9,0.71875
44,22,0.49463653564453125,0.5318028330802917,0.7438853979110718,0.26241040229797363,32,23,9,0.71875
135,20,0.7421265244483948,0.6299261450767517,0.6998228430747986,0.557731032371521,25,18,7,0.72
54,0,0.7992099523544312,0.6244072914123535,0.9069404602050781,0.49514758586883545,25,18,7,0.72
1057,7,0.47677385807037354,0.6801047325134277,0.7109012603759766,0.7490235567092896,25,18,7,0.72
328,15,0.4554388225078583,0.6683615446090698,0.6961634159088135,0.6058558225631714,36,26,10,0.7222222222222222
177,15,0.6063687205314636,0.6893474459648132,0.92579185962677,0.416660338640213,36,26,10,0.7222222222222222
1049,14,0.5968075394630432,0.6575498580932617,0.6430814862251282,0.21987693011760712,36,26,10,0.7222222222222222
1765,16,0.4405950605869293,0.5294423699378967,0.7047261595726013,0.22755569219589233,29,21,8,0.7241379310344828
1407,16,0.5057657957077026,0.5093297958374023,1.1658415794372559,0.46607673168182373,29,21,8,0.7241379310344828
72,16,0.6976946592330933,0.6157376170158386,1.193749189376831,0.30304083228111267,29,21,8,0.7241379310344828
2013,22,0.41619405150413513,0.6590430736541748,0.608745813369751,0.6586071848869324,29,21,8,0.7241379310344828
1549,15,0.7182214260101318,0.5815435647964478,0.9386485815048218,0.37043994665145874,29,21,8,0.7241379310344828
1668,28,0.651524543762207,0.5312404036521912,1.1125049591064453,0.6667073369026184,29,21,8,0.7241379310344828
871,14,0.6208192706108093,0.691804051399231,0.7184215188026428,0.4044567346572876,33,24,9,0.7272727272727273
1088,10,0.49666446447372437,0.6303360462188721,1.1178295612335205,0.41278472542762756,33,24,9,0.7272727272727273
1990,16,0.5789148211479187,0.5947222709655762,1.1137902736663818,0.6317337155342102,22,16,6,0.7272727272727273
1648,20,0.6840693950653076,0.6480988264083862,0.6383131146430969,0.2694001793861389,33,24,9,0.7272727272727273
817,15,0.7945377230644226,0.5123372077941895,1.119179368019104,0.3564283847808838,33,24,9,0.7272727272727273
1001,0,0.4463742673397064,0.5758315324783325,0.9536118507385254,0.5439218878746033,22,16,6,0.7272727272727273
258,3,0.588408887386322,0.6556438207626343,1.0870732069015503,0.7846487164497375,33,24,9,0.7272727272727273
2029,14,0.6247310042381287,0.6828607320785522,0.8429098725318909,0.5626084804534912,37,27,10,0.7297297297297297
1366,18,0.7262262105941772,0.5687873363494873,1.1036920547485352,0.41724148392677307,26,19,7,0.7307692307692307
712,28,0.7706805467605591,0.6571358442306519,1.0192838907241821,0.3389771282672882,26,19,7,0.7307692307692307
1209,0,0.424766480922699,0.5421040654182434,0.7605195641517639,0.6792675852775574,26,19,7,0.7307692307692307
1210,18,0.7349566221237183,0.5353058576583862,1.1934857368469238,0.376836895942688,26,19,7,0.7307692307692307
1322,0,0.5839405059814453,0.6311622858047485,1.1264373064041138,0.703482449054718,26,19,7,0.7307692307692307
683,20,0.5077919363975525,0.5455256104469299,0.6369962096214294,0.566666841506958,26,19,7,0.7307692307692307
1507,20,0.7736144065856934,0.5202403664588928,1.0568525791168213,0.38628989458084106,26,19,7,0.7307692307692307
1613,29,0.4627475142478943,0.6034509539604187,1.071901559829712,0.7372239828109741,30,22,8,0.7333333333333333
1520,7,0.6100937128067017,0.5145900249481201,1.0592265129089355,0.5008856654167175,30,22,8,0.7333333333333333
801,20,0.7846111059188843,0.5240908265113831,0.9403970241546631,0.3009474575519562,30,22,8,0.7333333333333333
1185,18,0.7003569602966309,0.5222023129463196,0.8000432252883911,0.5851233005523682,30,22,8,0.7333333333333333
330,15,0.7022027373313904,0.5933555960655212,0.7634475231170654,0.6283008456230164,30,22,8,0.7333333333333333
1635,16,0.6424431800842285,0.5101713538169861,1.1926894187927246,0.3079051077365875,30,22,8,0.7333333333333333
1302,10,0.6658893823623657,0.6831971406936646,0.9934996962547302,0.6355295181274414,34,25,9,0.7352941176470589
1261,14,0.6006083488464355,0.604960024356842,1.0562784671783447,0.5114595293998718,34,25,9,0.7352941176470589
1177,14,0.7853045463562012,0.5293551683425903,1.1346333026885986,0.46914011240005493,34,25,9,0.7352941176470589
1723,14,0.42407262325286865,0.6788343191146851,0.6430835127830505,0.7200583219528198,34,25,9,0.7352941176470589
724,10,0.6939838528633118,0.615817666053772,0.8326078653335571,0.4126836061477661,34,25,9,0.7352941176470589
1812,15,0.6933572292327881,0.6796016693115234,0.6552016735076904,0.3500124216079712,34,25,9,0.7352941176470589
818,10,0.690568208694458,0.560314953327179,1.0774855613708496,0.6510447859764099,38,28,10,0.7368421052631579
1905,16,0.6558212041854858,0.5335427522659302,1.1882994174957275,0.757061779499054,23,17,6,0.7391304347826086
998,0,0.5369899272918701,0.5290190577507019,0.6685509085655212,0.6065124273300171,27,20,7,0.7407407407407407
1126,0,0.49062544107437134,0.6177479028701782,1.1755313873291016,0.580564558506012,27,20,7,0.7407407407407407
1159,16,0.5467185974121094,0.6842352747917175,0.757806658744812,0.6743553876876831,27,20,7,0.7407407407407407
296,18,0.5150187015533447,0.5980001091957092,1.1591238975524902,0.4995003342628479,27,20,7,0.7407407407407407
95,16,0.5051055550575256,0.5941507816314697,0.8066318035125732,0.442355751991272,27,20,7,0.7407407407407407
593,0,0.6618514060974121,0.5665963292121887,1.1607303619384766,0.5364295840263367,27,20,7,0.7407407407407407
130,22,0.47579225897789,0.5408849120140076,0.7448445558547974,0.6067574620246887,27,20,7,0.7407407407407407
1514,28,0.7868058681488037,0.55588698387146,1.1551141738891602,0.23744647204875946,27,20,7,0.7407407407407407
210,15,0.6320759654045105,0.549028217792511,1.0917110443115234,0.35266512632369995,27,20,7,0.7407407407407407
403,22,0.4394565522670746,0.6104356646537781,0.8479243516921997,0.6080377101898193,27,20,7,0.7407407407407407
1603,14,0.7544169425964355,0.5667701959609985,1.1243040561676025,0.40406641364097595,27,20,7,0.7407407407407407
780,28,0.5047206282615662,0.5530745387077332,1.0317686796188354,0.5190808176994324,27,20,7,0.7407407407407407
567,10,0.4857870936393738,0.5519762635231018,0.9493003487586975,0.23038342595100403,31,23,8,0.7419354838709677
1439,22,0.45079904794692993,0.6434705257415771,0.8845083713531494,0.7654149532318115,31,23,8,0.7419354838709677
1525,28,0.7334591150283813,0.5775482654571533,1.0202823877334595,0.2219320386648178,31,23,8,0.7419354838709677
1213,20,0.6118704080581665,0.6876869797706604,1.0303316116333008,0.2931012511253357,31,23,8,0.7419354838709677
966,7,0.679334282875061,0.5317944288253784,1.110060453414917,0.5223380923271179,31,23,8,0.7419354838709677
1718,8,0.646589457988739,0.5999130010604858,1.0335506200790405,0.3934495151042938,31,23,8,0.7419354838709677
1767,20,0.6347424983978271,0.5180260539054871,0.7574342489242554,0.6291602849960327,31,23,8,0.7419354838709677
1953,22,0.624954342842102,0.5783405900001526,0.7341102957725525,0.7564234733581543,35,26,9,0.7428571428571429
1140,28,0.40547266602516174,0.6333380937576294,1.0457168817520142,0.6049736142158508,35,26,9,0.7428571428571429
1262,10,0.5165026187896729,0.521184504032135,1.1141860485076904,0.5063821077346802,39,29,10,0.7435897435897436
1822,28,0.47997570037841797,0.673616349697113,1.0492372512817383,0.3943423330783844,32,24,8,0.75
711,0,0.5616375803947449,0.5671330690383911,0.9935110807418823,0.3233068585395813,24,18,6,0.75
821,28,0.7591685652732849,0.6337337493896484,0.9962512254714966,0.5749799609184265,24,18,6,0.75
1080,16,0.7881529331207275,0.5724639296531677,1.1075154542922974,0.5695744156837463,20,15,5,0.75
1693,0,0.4169358015060425,0.5517094731330872,0.7645054459571838,0.6297187805175781,28,21,7,0.75
358,19,0.6966222524642944,0.5175691246986389,0.86296546459198,0.6643967032432556,36,27,9,0.75
1304,10,0.6453078985214233,0.5643851161003113,0.9393947124481201,0.622685432434082,32,24,8,0.75
96,0,0.6681951284408569,0.6448301076889038,0.8005337119102478,0.6719560027122498,24,18,6,0.75
398,0,0.7792713046073914,0.5921440720558167,1.0766514539718628,0.5842821002006531,24,18,6,0.75
1913,0,0.7099391222000122,0.5704967975616455,0.7774114608764648,0.5314726829528809,20,15,5,0.75
1121,22,0.7621603012084961,0.5558106303215027,1.1144384145736694,0.6693094372749329,28,21,7,0.75
777,19,0.496957927942276,0.5637556314468384,0.8516539931297302,0.5474511384963989,32,24,8,0.75
1193,15,0.51067054271698,0.5985584855079651,0.789401650428772,0.6298405528068542,28,21,7,0.75
42,20,0.7499849796295166,0.6284818649291992,0.9150292277336121,0.6701646447181702,28,21,7,0.75
386,10,0.6710302233695984,0.6781483888626099,1.1614134311676025,0.43108707666397095,36,27,9,0.75
834,10,0.7059224843978882,0.6876025795936584,0.6558994650840759,0.6377549171447754,28,21,7,0.75
1338,0,0.4249701499938965,0.6593033671379089,1.0788319110870361,0.34565550088882446,24,18,6,0.75
1836,14,0.6719317436218262,0.6094721555709839,1.0098512172698975,0.3970932364463806,28,21,7,0.75
1740,0,0.6266414523124695,0.5052087306976318,1.1877782344818115,0.40058478713035583,24,18,6,0.75
1732,19,0.5265192985534668,0.5832743644714355,0.7793489694595337,0.4478340446949005,28,21,7,0.75
972,28,0.505918025970459,0.6235459446907043,1.1193434000015259,0.377491295337677,32,24,8,0.75
1173,20,0.5381388664245605,0.53962641954422,0.8153067231178284,0.2888967990875244,37,28,9,0.7567567567567568
1581,10,0.6151710748672485,0.5745071768760681,0.833934485912323,0.40950241684913635,37,28,9,0.7567567567567568
548,20,0.5173331499099731,0.5870395302772522,1.1376068592071533,0.3996810019016266,37,28,9,0.7567567567567568
263,22,0.7956775426864624,0.5018887519836426,1.0448262691497803,0.5331262350082397,33,25,8,0.7575757575757576
1837,20,0.6908350586891174,0.6873220205307007,0.9124293923377991,0.7544548511505127,33,25,8,0.7575757575757576
1208,10,0.4608674943447113,0.6055475473403931,0.6995126605033875,0.6310434341430664,33,25,8,0.7575757575757576
1497,19,0.41810131072998047,0.6574293375015259,1.0015535354614258,0.41687363386154175,33,25,8,0.7575757575757576
1009,20,0.4455828368663788,0.6977524757385254,0.8146814703941345,0.41102010011672974,33,25,8,0.7575757575757576
961,19,0.42065510153770447,0.5114078521728516,0.9375610947608948,0.4897204041481018,33,25,8,0.7575757575757576
491,19,0.5292078256607056,0.5500806570053101,0.9479018449783325,0.429536372423172,29,22,7,0.7586206896551724
1084,20,0.7875422239303589,0.6153502464294434,0.6675094366073608,0.2924308180809021,29,22,7,0.7586206896551724
1591,0,0.6094329357147217,0.5332738757133484,0.9080616235733032,0.6223929524421692,25,19,6,0.76
194,28,0.7447795867919922,0.6996698975563049,1.1491055488586426,0.5641059279441833,25,19,6,0.76
307,16,0.7744253873825073,0.6136937141418457,0.874448299407959,0.7484403252601624,25,19,6,0.76
131,18,0.6434022188186646,0.6856710910797119,0.6986441612243652,0.4752544164657593,25,19,6,0.76
526,0,0.6810623407363892,0.6020524501800537,0.9527440071105957,0.39188283681869507,21,16,5,0.7619047619047619
1151,19,0.6219494342803955,0.6468818783760071,1.1694073677062988,0.3063192367553711,38,29,9,0.7631578947368421
1263,10,0.4775841236114502,0.6063175201416016,0.7786305546760559,0.6913142204284668,34,26,8,0.7647058823529411
701,19,0.4834055006504059,0.6479071378707886,0.6748427152633667,0.5071449279785156,34,26,8,0.7647058823529411
805,19,0.5749754905700684,0.5294288396835327,0.6299972534179688,0.6378238797187805,34,26,8,0.7647058823529411
1027,10,0.48806247115135193,0.6430051326751709,1.1069834232330322,0.6207641363143921,34,26,8,0.7647058823529411
452,10,0.7982519865036011,0.5989252924919128,0.6115036010742188,0.27962297201156616,34,26,8,0.7647058823529411
1503,14,0.45234450697898865,0.5692247152328491,1.1568689346313477,0.23452536761760712,30,23,7,0.7666666666666667
2033,10,0.4933154284954071,0.5391765236854553,1.140699863433838,0.677947998046875,30,23,7,0.7666666666666667
1945,22,0.5926790237426758,0.547055721282959,0.6100074052810669,0.47697770595550537,30,23,7,0.7666666666666667
1469,16,0.474250853061676,0.6837773323059082,0.9161262512207031,0.20365552604198456,26,20,6,0.7692307692307693
1534,15,0.6046279668807983,0.6629830598831177,1.1144211292266846,0.43713435530662537,26,20,6,0.7692307692307693
1174,14,0.6019705533981323,0.599906861782074,1.1345378160476685,0.4634932279586792,35,27,8,0.7714285714285715
205,0,0.6059542894363403,0.648654580116272,1.1208827495574951,0.4547358751296997,22,17,5,0.7727272727272727
180,0,0.5499873161315918,0.678475022315979,0.8962118625640869,0.512279748916626,22,17,5,0.7727272727272727
717,15,0.6757035255432129,0.6820374727249146,0.904051661491394,0.2830146253108978,31,24,7,0.7741935483870968
960,15,0.5813562273979187,0.6927438378334045,1.0319836139678955,0.45097607374191284,31,24,7,0.7741935483870968
1602,16,0.4809664487838745,0.5297696590423584,1.1390693187713623,0.5140305757522583,31,24,7,0.7741935483870968
10,7,0.6554721593856812,0.5808143615722656,0.9260730743408203,0.7037579417228699,31,24,7,0.7741935483870968
82,15,0.6121628880500793,0.59400475025177,0.9484989643096924,0.2050575464963913,31,24,7,0.7741935483870968
475,15,0.7634673118591309,0.569632887840271,0.6147445440292358,0.5984399318695068,31,24,7,0.7741935483870968
1611,15,0.47015905380249023,0.6529511213302612,0.999585747718811,0.4173851013183594,31,24,7,0.7741935483870968
1380,14,0.7187567949295044,0.5038535594940186,0.8987130522727966,0.6441437602043152,31,24,7,0.7741935483870968
676,10,0.49826401472091675,0.6118718981742859,0.9259461164474487,0.24126285314559937,31,24,7,0.7741935483870968
1404,15,0.4603988826274872,0.5305308103561401,1.0229047536849976,0.7508371472358704,31,24,7,0.7741935483870968
1256,28,0.5535959005355835,0.634222149848938,1.094492793083191,0.5306676626205444,27,21,6,0.7777777777777778
1238,14,0.59027498960495,0.6170552372932434,0.9655895233154297,0.5308162569999695,36,28,8,0.7777777777777778
1391,14,0.5008753538131714,0.5279468894004822,1.1286771297454834,0.34034550189971924,36,28,8,0.7777777777777778
1519,19,0.5257347822189331,0.694495439529419,0.9273707866668701,0.5147321820259094,27,21,6,0.7777777777777778
1457,22,0.4304859936237335,0.6960018873214722,0.6064184904098511,0.7439982891082764,27,21,6,0.7777777777777778
665,0,0.5459212064743042,0.5948510766029358,1.1657066345214844,0.5144641399383545,27,21,6,0.7777777777777778
402,22,0.6012866497039795,0.5284446477890015,1.08938467502594,0.4824506640434265,27,21,6,0.7777777777777778
882,18,0.6613000631332397,0.5677293539047241,1.08515202999115,0.7814992666244507,27,21,6,0.7777777777777778
563,15,0.4862228333950043,0.6759010553359985,1.0189107656478882,0.3081555962562561,36,28,8,0.7777777777777778
396,0,0.7581034898757935,0.6010247468948364,1.153546929359436,0.7760006189346313,18,14,4,0.7777777777777778
21,15,0.47920775413513184,0.5145071148872375,1.1167681217193604,0.46251481771469116,32,25,7,0.78125
1222,20,0.5619168281555176,0.5482202768325806,0.7476803660392761,0.6769333481788635,32,25,7,0.78125
583,20,0.7782402038574219,0.6283980011940002,1.0391452312469482,0.7226331830024719,32,25,7,0.78125
680,20,0.7406870126724243,0.6127949953079224,0.7556936740875244,0.2993503510951996,32,25,7,0.78125
477,22,0.6669005155563354,0.5686827898025513,0.8189877867698669,0.33479219675064087,32,25,7,0.78125
121,19,0.6251256465911865,0.5894118547439575,0.7241855263710022,0.4739401936531067,32,25,7,0.78125
139,10,0.4320482909679413,0.6134419441223145,0.8390598297119141,0.7652269601821899,32,25,7,0.78125
20,20,0.5255187749862671,0.6657525897026062,0.8666477203369141,0.7052782773971558,32,25,7,0.78125
1823,0,0.6940915584564209,0.6063492298126221,0.7111119031906128,0.6545610427856445,23,18,5,0.782608695652174
1356,0,0.431627482175827,0.5517814755439758,1.0214509963989258,0.5328575968742371,23,18,5,0.782608695652174
1940,16,0.4600689113140106,0.5353469848632812,0.7968753576278687,0.26664090156555176,23,18,5,0.782608695652174
1934,22,0.5547429323196411,0.5711438655853271,0.8107321262359619,0.7466034293174744,28,22,6,0.7857142857142857
1085,22,0.6342980265617371,0.6299155354499817,1.0429408550262451,0.4069789946079254,28,22,6,0.7857142857142857
1888,15,0.4275958240032196,0.6194139122962952,0.8882729411125183,0.5654523372650146,28,22,6,0.7857142857142857
273,22,0.7658844590187073,0.5052599310874939,1.1818492412567139,0.5121464133262634,28,22,6,0.7857142857142857
1841,22,0.4179295003414154,0.6327228546142578,0.8619904518127441,0.25921687483787537,28,22,6,0.7857142857142857
1666,22,0.5033518075942993,0.6100724935531616,1.0372024774551392,0.4003097116947174,28,22,6,0.7857142857142857
43,0,0.6023683547973633,0.650766909122467,0.7724185585975647,0.43461695313453674,28,22,6,0.7857142857142857
245,20,0.6045724749565125,0.616910994052887,1.1513984203338623,0.3772556781768799,33,26,7,0.7878787878787878
1815,19,0.4387158155441284,0.5466982126235962,0.9663139581680298,0.5187487602233887,33,26,7,0.7878787878787878
840,10,0.6865202188491821,0.6700869798660278,0.7138603329658508,0.3363897204399109,33,26,7,0.7878787878787878
937,22,0.5675498843193054,0.6196774244308472,0.9486522078514099,0.3836449980735779,33,26,7,0.7878787878787878
1713,14,0.6909053325653076,0.6321811676025391,0.7618511915206909,0.23289024829864502,33,26,7,0.7878787878787878
170,10,0.5387484431266785,0.6063451766967773,1.0032122135162354,0.6796339154243469,33,26,7,0.7878787878787878
314,15,0.7311544418334961,0.5838224291801453,0.636548638343811,0.6540254950523376,33,26,7,0.7878787878787878
1451,20,0.7204411029815674,0.6486179828643799,0.6007405519485474,0.4685875177383423,33,26,7,0.7878787878787878
922,14,0.4113236367702484,0.5390023589134216,0.863221287727356,0.42752015590667725,24,19,5,0.7916666666666666
971,0,0.5934906601905823,0.5456260442733765,1.1713488101959229,0.532433807849884,24,19,5,0.7916666666666666
1572,0,0.6064125895500183,0.6519389748573303,0.6563847661018372,0.30431175231933594,24,19,5,0.7916666666666666
880,22,0.535789430141449,0.589126467704773,1.1001555919647217,0.7149701714515686,29,23,6,0.7931034482758621
1741,28,0.4015738070011139,0.5369389057159424,0.645336925983429,0.6399661302566528,29,23,6,0.7931034482758621
1047,22,0.646291971206665,0.6475480198860168,1.1188008785247803,0.30139634013175964,29,23,6,0.7931034482758621
1912,15,0.743221640586853,0.508056640625,1.0623748302459717,0.7516259551048279,29,23,6,0.7931034482758621
689,28,0.4453866481781006,0.671883225440979,0.8590627908706665,0.6570910215377808,29,23,6,0.7931034482758621
1930,10,0.4021441638469696,0.6104516983032227,0.6906216144561768,0.7934455275535583,29,23,6,0.7931034482758621
1307,16,0.6841417551040649,0.5056906938552856,0.80805504322052,0.31448355317115784,29,23,6,0.7931034482758621
1132,10,0.4028675854206085,0.5406454205513,1.035119891166687,0.46035075187683105,29,23,6,0.7931034482758621
1164,19,0.525651216506958,0.6161782741546631,1.0850555896759033,0.5373685359954834,29,23,6,0.7931034482758621
1701,20,0.5757871270179749,0.6762219667434692,1.1638996601104736,0.7162978649139404,34,27,7,0.7941176470588235
1082,10,0.7613396644592285,0.5925821661949158,0.8856257200241089,0.5513312816619873,34,27,7,0.7941176470588235
1679,20,0.5721173882484436,0.5941267013549805,0.9735183119773865,0.5189385414123535,25,20,5,0.8
1053,20,0.6103624701499939,0.6413748264312744,0.9455941915512085,0.2670589089393616,30,24,6,0.8
926,14,0.6640617847442627,0.52518630027771,1.0857799053192139,0.5626784563064575,30,24,6,0.8
150,22,0.5322694778442383,0.5106205344200134,0.8388971090316772,0.3139382600784302,30,24,6,0.8
1504,15,0.6117364168167114,0.6930493116378784,1.04379141330719,0.7422252297401428,30,24,6,0.8
677,15,0.4572223126888275,0.5170791745185852,0.9687660336494446,0.22672772407531738,30,24,6,0.8
1352,20,0.47590872645378113,0.6249033212661743,1.1080213785171509,0.5598863363265991,35,28,7,0.8
1487,0,0.4603714644908905,0.6777538061141968,1.108314871788025,0.49010169506073,25,20,5,0.8
1471,22,0.5948494076728821,0.6388261914253235,1.0470538139343262,0.2957811951637268,25,20,5,0.8
81,14,0.4490981996059418,0.6096179485321045,0.9007235765457153,0.6147461533546448,30,24,6,0.8
18,15,0.7748333215713501,0.6703917384147644,1.1390502452850342,0.3453517556190491,25,20,5,0.8
1354,16,0.7884722948074341,0.599897027015686,0.8111779093742371,0.7186152338981628,30,24,6,0.8
2042,22,0.42800790071487427,0.524380087852478,0.6663469672203064,0.2806750237941742,30,24,6,0.8
770,15,0.4465232789516449,0.583178699016571,1.1245685815811157,0.786336362361908,30,24,6,0.8
739,22,0.5146499276161194,0.526398241519928,1.014184832572937,0.354114294052124,30,24,6,0.8
1619,0,0.4000824987888336,0.6383569240570068,0.948277473449707,0.7529405355453491,25,20,5,0.8
108,20,0.7370916604995728,0.6924151182174683,0.9193063974380493,0.6862205266952515,30,24,6,0.8
1464,14,0.4289933443069458,0.6803172826766968,0.972976803779602,0.496463418006897,36,29,7,0.8055555555555556
1340,14,0.4882683753967285,0.5206413865089417,0.8056143522262573,0.3346647620201111,36,29,7,0.8055555555555556
1149,16,0.4363771378993988,0.6794073581695557,0.7467322945594788,0.7747977375984192,31,25,6,0.8064516129032258
1390,14,0.5570803284645081,0.5427905917167664,1.1157381534576416,0.22371305525302887,31,25,6,0.8064516129032258
2022,10,0.4803105592727661,0.6804013252258301,0.776852548122406,0.4414083659648895,31,25,6,0.8064516129032258
800,20,0.6460740566253662,0.554614245891571,0.8824062347412109,0.2091396152973175,31,25,6,0.8064516129032258
1045,22,0.7511885166168213,0.5644833445549011,0.7562204599380493,0.6846591830253601,31,25,6,0.8064516129032258
1243,20,0.4322754442691803,0.581043004989624,0.9521507620811462,0.6919646263122559,31,25,6,0.8064516129032258
26,8,0.7192255258560181,0.6332253217697144,0.792133629322052,0.2396012842655182,26,21,5,0.8076923076923077
1821,19,0.6351957321166992,0.5576934218406677,1.1617764234542847,0.2108096331357956,32,26,6,0.8125
1135,15,0.5836700201034546,0.5647984147071838,0.9076005220413208,0.4238818883895874,32,26,6,0.8125
1736,22,0.6293740272521973,0.5114487409591675,1.1375391483306885,0.7919716835021973,32,26,6,0.8125
1145,14,0.553070068359375,0.5659661293029785,1.0123846530914307,0.4794791340827942,32,26,6,0.8125
145,15,0.5547129511833191,0.6760092973709106,0.6474350690841675,0.5647917985916138,27,22,5,0.8148148148148148
163,16,0.7295381426811218,0.5857898592948914,0.8507276773452759,0.5542243719100952,27,22,5,0.8148148148148148
2006,20,0.4935269355773926,0.529797375202179,0.6980953812599182,0.4271855354309082,33,27,6,0.8181818181818182
1017,0,0.4266382157802582,0.5015426874160767,0.9059722423553467,0.3476458489894867,22,18,4,0.8181818181818182
1577,20,0.5507291555404663,0.5077807903289795,0.6493690013885498,0.7400616407394409,33,27,6,0.8181818181818182
242,20,0.6840051412582397,0.5026249289512634,1.170182228088379,0.26522424817085266,33,27,6,0.8181818181818182
156,20,0.48315930366516113,0.640862226486206,0.7239675521850586,0.27344200015068054,33,27,6,0.8181818181818182
633,22,0.512658417224884,0.5837485790252686,1.1310869455337524,0.6805784106254578,28,23,5,0.8214285714285714
371,16,0.6701319217681885,0.560256838798523,1.134721040725708,0.44001951813697815,28,23,5,0.8214285714285714
236,0,0.4601351022720337,0.5808572769165039,0.9402214288711548,0.4023529887199402,28,23,5,0.8214285714285714
1089,14,0.7650752067565918,0.5221317410469055,1.1900649070739746,0.40230369567871094,34,28,6,0.8235294117647058
1117,22,0.40404775738716125,0.6609765291213989,0.9490112066268921,0.27427607774734497,23,19,4,0.8260869565217391
1993,16,0.5465741157531738,0.5008915066719055,1.156100869178772,0.44645220041275024,23,19,4,0.8260869565217391
434,16,0.6721495985984802,0.510031521320343,0.8847216367721558,0.327602744102478,23,19,4,0.8260869565217391
802,22,0.7255957722663879,0.6399413347244263,1.15132737159729,0.2361850142478943,23,19,4,0.8260869565217391
1828,0,0.7900213003158569,0.6584938764572144,1.159881591796875,0.7222047448158264,23,19,4,0.8260869565217391
78,14,0.41477760672569275,0.5628497004508972,0.8674351572990417,0.26303717494010925,29,24,5,0.8275862068965517
1425,22,0.670760989189148,0.6654995083808899,1.1441662311553955,0.6379176378250122,29,24,5,0.8275862068965517
1746,14,0.6089093685150146,0.5530980229377747,0.7729514241218567,0.6915595531463623,29,24,5,0.8275862068965517
1690,14,0.487850159406662,0.5379307866096497,1.0936005115509033,0.7171223759651184,29,24,5,0.8275862068965517
1652,20,0.7835298776626587,0.6169798374176025,1.1700963973999023,0.732175886631012,29,24,5,0.8275862068965517
483,20,0.6662458777427673,0.5910540819168091,1.057481050491333,0.5571025609970093,35,29,6,0.8285714285714286
19,14,0.6622380018234253,0.5893169045448303,0.9704196453094482,0.5495393872261047,35,29,6,0.8285714285714286
584,22,0.6510587930679321,0.5551732182502747,0.7836940288543701,0.23489972949028015,30,25,5,0.8333333333333334
48,22,0.542248547077179,0.5298731923103333,0.7502112984657288,0.5531107783317566,30,25,5,0.8333333333333334
117,0,0.7242476940155029,0.6114139556884766,0.8360636830329895,0.5997928380966187,24,20,4,0.8333333333333334
1902,22,0.7169215679168701,0.5662834644317627,1.0968672037124634,0.4414379596710205,24,20,4,0.8333333333333334
1278,19,0.7282990217208862,0.6954843997955322,0.9413633346557617,0.6106610894203186,30,25,5,0.8333333333333334
704,15,0.5931153893470764,0.5279437899589539,0.7669496536254883,0.24229025840759277,30,25,5,0.8333333333333334
1965,22,0.6439338326454163,0.6213630437850952,1.1459261178970337,0.3246992230415344,30,25,5,0.8333333333333334
1416,16,0.5995595455169678,0.6512619853019714,1.1896969079971313,0.5205684304237366,24,20,4,0.8333333333333334
1128,10,0.4609118700027466,0.6259188652038574,0.90553879737854,0.626649796962738,30,25,5,0.8333333333333334
23,0,0.513731837272644,0.6057800650596619,1.0351035594940186,0.4180282950401306,24,20,4,0.8333333333333334
1910,19,0.4527469575405121,0.6106154918670654,0.9293615221977234,0.7817589044570923,30,25,5,0.8333333333333334
819,20,0.5945305228233337,0.6262583136558533,1.1628010272979736,0.33384114503860474,30,25,5,0.8333333333333334
1932,14,0.5382442474365234,0.5124901533126831,1.1670658588409424,0.4517245888710022,30,25,5,0.8333333333333334
1231,20,0.7382458448410034,0.5457373857498169,0.8891150951385498,0.38404449820518494,31,26,5,0.8387096774193549
2014,19,0.5552688837051392,0.5006002187728882,1.151376724243164,0.6742224097251892,31,26,5,0.8387096774193549
80,22,0.4593753516674042,0.675347626209259,0.7063220739364624,0.5108547210693359,31,26,5,0.8387096774193549
1537,14,0.6339644193649292,0.5451798439025879,0.940805196762085,0.3984507918357849,31,26,5,0.8387096774193549
2019,14,0.411283403635025,0.625477135181427,0.762367844581604,0.48352497816085815,31,26,5,0.8387096774193549
851,14,0.5681890249252319,0.5033242106437683,0.8451586961746216,0.7554911375045776,31,26,5,0.8387096774193549
980,15,0.5682020783424377,0.6344696283340454,1.0166656970977783,0.7968894243240356,31,26,5,0.8387096774193549
654,16,0.4729577302932739,0.5856351852416992,1.0395848751068115,0.27135729789733887,25,21,4,0.84
582,28,0.5385128259658813,0.6187742352485657,0.7484529614448547,0.2782801389694214,25,21,4,0.84
1996,10,0.5790417194366455,0.5135430693626404,0.9915155172348022,0.7807326912879944,25,21,4,0.84
376,14,0.5262393951416016,0.5325137972831726,1.141896367073059,0.570036768913269,32,27,5,0.84375
870,15,0.40499362349510193,0.6895971298217773,1.1232291460037231,0.6979038715362549,32,27,5,0.84375
523,14,0.5344974994659424,0.5069119334220886,1.0556237697601318,0.6138819456100464,32,27,5,0.84375
622,22,0.7466778755187988,0.6401126384735107,1.1037839651107788,0.4356113374233246,26,22,4,0.8461538461538461
551,0,0.5120418071746826,0.6097005009651184,0.9929137229919434,0.5793097019195557,26,22,4,0.8461538461538461
1610,20,0.7993143796920776,0.5011498332023621,0.7902076244354248,0.2638504207134247,26,22,4,0.8461538461538461
159,19,0.5346437692642212,0.5975702404975891,0.703955888748169,0.7427573204040527,33,28,5,0.8484848484848485
1014,14,0.557352602481842,0.6912964582443237,1.0740315914154053,0.3277227580547333,33,28,5,0.8484848484848485
1309,20,0.7256672978401184,0.5370166897773743,0.6982752084732056,0.4627001881599426,33,28,5,0.8484848484848485
361,22,0.4040636718273163,0.5292716026306152,0.7721199989318848,0.33983832597732544,33,28,5,0.8484848484848485
931,15,0.434077650308609,0.5846860408782959,0.7450606822967529,0.21925555169582367,33,28,5,0.8484848484848485
1021,28,0.5933153033256531,0.6568104028701782,0.8429334163665771,0.6750168204307556,27,23,4,0.8518518518518519
1991,22,0.6889562606811523,0.5479223728179932,0.7280706167221069,0.37784188985824585,27,23,4,0.8518518518518519
511,16,0.6520709991455078,0.6730670928955078,0.7957842946052551,0.6037949919700623,27,23,4,0.8518518518518519
886,0,0.7090392708778381,0.5929906368255615,0.8462159633636475,0.29119688272476196,27,23,4,0.8518518518518519
905,16,0.4380776882171631,0.6234896183013916,0.9377069473266602,0.6658352613449097,27,23,4,0.8518518518518519
353,15,0.524417519569397,0.5693447589874268,1.0557366609573364,0.6882807016372681,27,23,4,0.8518518518518519
852,15,0.44501423835754395,0.6541436910629272,0.9543882608413696,0.7271668910980225,27,23,4,0.8518518518518519
1461,15,0.5763433575630188,0.5458511710166931,0.7782737016677856,0.6619592308998108,34,29,5,0.8529411764705882
853,15,0.5708701610565186,0.6787788271903992,1.0596702098846436,0.7786062359809875,34,29,5,0.8529411764705882
869,14,0.724538266658783,0.5837088823318481,1.0630913972854614,0.3437763452529907,28,24,4,0.8571428571428571
1037,0,0.6398793458938599,0.6254079341888428,0.7761318683624268,0.7722187042236328,28,24,4,0.8571428571428571
1118,22,0.5463841557502747,0.5381041169166565,0.7941993474960327,0.4955790042877197,28,24,4,0.8571428571428571
1529,15,0.5373209714889526,0.6815544366836548,0.8460208177566528,0.44888925552368164,28,24,4,0.8571428571428571
1122,0,0.7540292739868164,0.6554107666015625,1.06003737449646,0.38261085748672485,28,24,4,0.8571428571428571
98,15,0.514925479888916,0.534026563167572,0.936305046081543,0.4391719400882721,28,24,4,0.8571428571428571
2027,20,0.510765552520752,0.6886404752731323,0.8337066173553467,0.47169601917266846,28,24,4,0.8571428571428571
1920,28,0.5303518176078796,0.5619992613792419,0.8005686402320862,0.43717432022094727,29,25,4,0.8620689655172413
56,15,0.5906352996826172,0.616001307964325,1.1718047857284546,0.5292272567749023,29,25,4,0.8620689655172413
1040,16,0.4439155161380768,0.6319312453269958,0.6755600571632385,0.7204699516296387,29,25,4,0.8620689655172413
1797,0,0.6352021098136902,0.6612913608551025,0.9536839723587036,0.6841562986373901,29,25,4,0.8620689655172413
149,15,0.7346887588500977,0.6781736612319946,1.1589343547821045,0.3202790915966034,29,25,4,0.8620689655172413
1528,0,0.7778972387313843,0.6361718773841858,0.7296926975250244,0.39646145701408386,22,19,3,0.8636363636363636
1580,16,0.7329037189483643,0.5804665088653564,0.7402262687683105,0.20481643080711365,22,19,3,0.8636363636363636
1575,15,0.7945605516433716,0.5523590445518494,0.9659639596939087,0.2057434320449829,30,26,4,0.8666666666666667
1663,14,0.5607767105102539,0.6292072534561157,0.7389770150184631,0.351343035697937,30,26,4,0.8666666666666667
1563,10,0.7096596956253052,0.548575222492218,1.1504063606262207,0.6375789642333984,30,26,4,0.8666666666666667
1587,20,0.42152294516563416,0.6166976690292358,0.760620653629303,0.6365801692008972,30,26,4,0.8666666666666667
844,20,0.6772621870040894,0.6932953596115112,1.146098256111145,0.5439310669898987,30,26,4,0.8666666666666667
464,20,0.5770074129104614,0.5958352088928223,1.075750708580017,0.26021358370780945,31,27,4,0.8709677419354839
384,14,0.4707548916339874,0.5528861880302429,1.1229157447814941,0.3636810779571533,31,27,4,0.8709677419354839
1030,22,0.5184091329574585,0.6936682462692261,0.9016708731651306,0.569069504737854,31,27,4,0.8709677419354839
765,20,0.6424537897109985,0.6952465772628784,0.9258806705474854,0.5481263995170593,31,27,4,0.8709677419354839
1984,20,0.45151209831237793,0.6729168891906738,1.0381133556365967,0.36186033487319946,31,27,4,0.8709677419354839
1834,15,0.41280001401901245,0.5686949491500854,0.6567304730415344,0.6549202799797058,31,27,4,0.8709677419354839
164,14,0.49650558829307556,0.6497846841812134,0.7872338891029358,0.2847597599029541,31,27,4,0.8709677419354839
71,0,0.5531015992164612,0.577894926071167,0.6861429214477539,0.6821046471595764,32,28,4,0.875
1158,10,0.4887939691543579,0.5101062059402466,0.7154560685157776,0.531379222869873,32,28,4,0.875
997,14,0.42869868874549866,0.6012548208236694,0.946614682674408,0.23849496245384216,32,28,4,0.875
467,20,0.5562785863876343,0.5691550970077515,1.1418042182922363,0.645703136920929,32,28,4,0.875
1964,14,0.7076348066329956,0.6991634368896484,1.0817716121673584,0.44762948155403137,32,28,4,0.875
668,0,0.41431349515914917,0.6757030487060547,1.1293842792510986,0.7994110584259033,24,21,3,0.875
719,22,0.4805893898010254,0.6351620554924011,0.881330132484436,0.5037230253219604,33,29,4,0.8787878787878788
11,20,0.6098663806915283,0.6563345789909363,0.9172977805137634,0.6353384852409363,25,22,3,0.88
1542,22,0.4462561309337616,0.5462110638618469,1.1616123914718628,0.5436661839485168,34,30,4,0.8823529411764706
1041,22,0.750778317451477,0.5487234592437744,0.9786862134933472,0.25877463817596436,26,23,3,0.8846153846153846
1786,22,0.5063972473144531,0.5793430805206299,1.1741458177566528,0.34847313165664673,27,24,3,0.8888888888888888
2020,22,0.6438436508178711,0.5302807688713074,0.6850517988204956,0.32613080739974976,27,24,3,0.8888888888888888
1417,20,0.6865116357803345,0.6085747480392456,0.8438083529472351,0.45164942741394043,28,25,3,0.8928571428571429
894,19,0.5240901708602905,0.5844383239746094,1.1516367197036743,0.38271450996398926,29,26,3,0.896551724137931
221,20,0.781444251537323,0.5308132767677307,0.959098219871521,0.5757482051849365,29,26,3,0.896551724137931
209,22,0.6942791938781738,0.5346917510032654,1.19777250289917,0.7594460844993591,29,26,3,0.896551724137931
1949,20,0.5235608816146851,0.6083672642707825,1.049454927444458,0.5853396058082581,30,27,3,0.9
207,22,0.5936184525489807,0.5392481088638306,1.1017637252807617,0.5908824801445007,30,27,3,0.9
1792,15,0.4995974004268646,0.5040368437767029,1.0492194890975952,0.36670899391174316,30,27,3,0.9
456,14,0.5008071660995483,0.5719679594039917,0.9616042375564575,0.4744729995727539,30,27,3,0.9
497,22,0.5001258254051208,0.5509201288223267,0.8298553824424744,0.48842257261276245,30,27,3,0.9
902,22,0.5435799956321716,0.5364388823509216,0.8503555059432983,0.544643223285675,31,28,3,0.9032258064516129
581,20,0.6459375023841858,0.5093081593513489,1.0748671293258667,0.7488977313041687,31,28,3,0.9032258064516129
240,22,0.43572553992271423,0.6528980731964111,1.1359410285949707,0.6926314830780029,31,28,3,0.9032258064516129
580,14,0.7467907667160034,0.5096984505653381,0.840434730052948,0.224116250872612,31,28,3,0.9032258064516129
1324,15,0.5529845952987671,0.6405694484710693,0.9950814247131348,0.5593187212944031,31,28,3,0.9032258064516129
612,15,0.545617938041687,0.6341231465339661,1.0392005443572998,0.29294323921203613,31,28,3,0.9032258064516129
1853,20,0.7281121015548706,0.5208118557929993,0.8097528219223022,0.4670952558517456,32,29,3,0.90625
1265,20,0.5842003226280212,0.6121477484703064,0.7814939022064209,0.374447226524353,32,29,3,0.90625
604,14,0.49351659417152405,0.667151689529419,0.8345966935157776,0.5730730295181274,32,29,3,0.90625
555,0,0.6239720582962036,0.6821063160896301,1.0563856363296509,0.302918404340744,24,22,2,0.9166666666666666
28,28,0.4044898450374603,0.612485408782959,0.9241806268692017,0.43934136629104614,24,22,2,0.9166666666666666
1941,0,0.532622218132019,0.6587852239608765,0.9938516020774841,0.48598355054855347,25,23,2,0.92
638,22,0.4112003445625305,0.6780368089675903,0.9768108129501343,0.73822420835495,25,23,2,0.92
637,22,0.5302813649177551,0.5604469776153564,1.0050462484359741,0.36233487725257874,25,23,2,0.92
1929,20,0.5319235324859619,0.6474594473838806,1.1810503005981445,0.5482413172721863,25,23,2,0.92
346,22,0.5264564156532288,0.6477888822555542,1.099340796470642,0.41137900948524475,25,23,2,0.92
1788,0,0.6990958452224731,0.6176589727401733,0.9007886648178101,0.21059748530387878,26,24,2,0.9230769230769231
903,22,0.4709523618221283,0.6686652898788452,0.7567861080169678,0.7233683466911316,27,25,2,0.9259259259259259
1724,15,0.6310369372367859,0.6380937695503235,0.7745881676673889,0.23356013000011444,27,25,2,0.9259259259259259
885,15,0.47603562474250793,0.5461298823356628,0.9036033749580383,0.21287034451961517,28,26,2,0.9285714285714286
2017,0,0.46120452880859375,0.5784744620323181,0.8697208166122437,0.3073921203613281,28,26,2,0.9285714285714286
1109,0,0.6982405185699463,0.5318027138710022,0.9890899658203125,0.7701651453971863,29,27,2,0.9310344827586207
1645,15,0.5667954087257385,0.551085889339447,1.1006581783294678,0.6129014492034912,29,27,2,0.9310344827586207
46,22,0.493835985660553,0.5960052013397217,0.7987180948257446,0.48362940549850464,29,27,2,0.9310344827586207
60,20,0.47071605920791626,0.588868260383606,0.6014170050621033,0.2497314214706421,30,28,2,0.9333333333333333
1675,14,0.516602635383606,0.6110734939575195,0.7896114587783813,0.3670303225517273,31,29,2,0.9354838709677419
1444,14,0.40104958415031433,0.5293872952461243,1.0992095470428467,0.35019123554229736,32,30,2,0.9375
1102,22,0.4469642639160156,0.5827008485794067,0.9000166654586792,0.4518011212348938,27,26,1,0.9629629629629629
521,14,0.45172664523124695,0.5460565090179443,1.1801612377166748,0.5745120048522949,31,30,1,0.967741935483871
790,15,0.40926021337509155,0.5442604422569275,0.925636351108551,0.49219566583633423,27,27,0,1.0
1970,20,0.5259106159210205,0.5754534602165222,0.8477847576141357,0.5767485499382019,29,29,0,1.0
