# https://github.com/mikedh/trimesh
v 0.00091141 -0.00250676 0.00549414
v 0.00116977 -0.00234975 0.00549237
v 0.00145683 -0.00340266 0.00550430
v 0.00051669 -0.00291569 0.00549878
v 0.00072172 -0.00267114 0.00549600
v 0.00126753 -0.00356671 0.00550616
v 0.00024724 -0.00345010 0.00550484
v 0.00037888 -0.00314194 0.00550134
v 0.00112999 -0.00379251 0.00550875
v 0.00012943 -0.00405766 0.00551173
v 0.00017479 -0.00371607 0.00550788
v 0.00105769 -0.00405794 0.00551174
v 0.00017479 -0.00467891 0.00551878
v 0.00012943 -0.00433732 0.00551494
v 0.00105769 -0.00433704 0.00551494
v 0.00037888 -0.00525303 0.00552532
v 0.00024724 -0.00494488 0.00552183
v 0.00112999 -0.00460247 0.00551792
v 0.00072172 -0.00572383 0.00553066
v 0.00051669 -0.00547928 0.00552789
v 0.00126753 -0.00482827 0.00552051
v 0.00116977 -0.00604523 0.00553430
v 0.00091141 -0.00588821 0.00553252
v 0.00145683 -0.00499231 0.00552237
v 0.00167914 -0.00618575 0.00553592
v 0.00139275 -0.00613164 0.00553528
v 0.00167937 -0.00507856 0.00552335
v 0.00219999 -0.00613164 0.00553528
v 0.00191360 -0.00618575 0.00553592
v 0.00191337 -0.00507856 0.00552335
v 0.00268133 -0.00588821 0.00553252
v 0.00242297 -0.00604523 0.00553430
v 0.00213590 -0.00499231 0.00552237
v 0.00307605 -0.00547928 0.00552789
v 0.00287102 -0.00572383 0.00553066
v 0.00232521 -0.00482827 0.00552051
v 0.00334550 -0.00494488 0.00552183
v 0.00321386 -0.00525303 0.00552532
v 0.00246274 -0.00460247 0.00551792
v 0.00346331 -0.00433732 0.00551494
v 0.00341795 -0.00467891 0.00551878
v 0.00253505 -0.00433704 0.00551494
v 0.00341795 -0.00371607 0.00550788
v 0.00346331 -0.00405766 0.00551173
v 0.00253505 -0.00405794 0.00551174
v 0.00321386 -0.00314194 0.00550134
v 0.00334550 -0.00345010 0.00550484
v 0.00246274 -0.00379251 0.00550875
v 0.00287102 -0.00267114 0.00549600
v 0.00307605 -0.00291569 0.00549878
v 0.00232521 -0.00356671 0.00550616
v 0.00242297 -0.00234975 0.00549237
v 0.00268133 -0.00250676 0.00549414
v 0.00213590 -0.00340266 0.00550430
v 0.00191360 -0.00220923 0.00549076
v 0.00219999 -0.00226333 0.00549138
v 0.00191337 -0.00331641 0.00550331
v 0.00139275 -0.00226333 0.00549138
v 0.00167914 -0.00220923 0.00549076
v 0.00167937 -0.00331641 0.00550331
v 0.00116977 -0.00326570 0.00899969
v 0.00091141 -0.00342271 0.00900146
v 0.00145683 -0.00431861 0.00901161
v 0.00072172 -0.00358708 0.00900333
v 0.00051669 -0.00383164 0.00900610
v 0.00126753 -0.00448265 0.00901348
v 0.00037888 -0.00405788 0.00900867
v 0.00024724 -0.00436605 0.00901216
v 0.00112999 -0.00470845 0.00901606
v 0.00017479 -0.00463201 0.00901521
v 0.00012943 -0.00497361 0.00901904
v 0.00105769 -0.00497388 0.00901905
v 0.00012943 -0.00525327 0.00902226
v 0.00017479 -0.00559485 0.00902611
v 0.00105769 -0.00525298 0.00902225
v 0.00024724 -0.00586083 0.00902914
v 0.00037888 -0.00616898 0.00903265
v 0.00112999 -0.00551841 0.00902524
v 0.00051669 -0.00639522 0.00903520
v 0.00072172 -0.00663978 0.00903798
v 0.00126753 -0.00574421 0.00902783
v 0.00091141 -0.00680416 0.00903985
v 0.00116977 -0.00696116 0.00904162
v 0.00145683 -0.00590826 0.00902968
v 0.00139275 -0.00704759 0.00904260
v 0.00167914 -0.00710170 0.00904322
v 0.00167937 -0.00599450 0.00903067
v 0.00191360 -0.00710170 0.00904322
v 0.00219999 -0.00704759 0.00904260
v 0.00191337 -0.00599450 0.00903067
v 0.00242297 -0.00696116 0.00904162
v 0.00268133 -0.00680416 0.00903985
v 0.00213590 -0.00590826 0.00902968
v 0.00287102 -0.00663978 0.00903798
v 0.00307605 -0.00639522 0.00903520
v 0.00232521 -0.00574421 0.00902783
v 0.00321386 -0.00616898 0.00903265
v 0.00334550 -0.00586083 0.00902914
v 0.00246274 -0.00551841 0.00902524
v 0.00341795 -0.00559485 0.00902611
v 0.00346331 -0.00525327 0.00902226
v 0.00253505 -0.00525298 0.00902225
v 0.00346331 -0.00497361 0.00901904
v 0.00341795 -0.00463201 0.00901521
v 0.00253505 -0.00497388 0.00901905
v 0.00334550 -0.00436605 0.00901216
v 0.00321386 -0.00405788 0.00900867
v 0.00246274 -0.00470845 0.00901606
v 0.00307605 -0.00383164 0.00900610
v 0.00287102 -0.00358708 0.00900333
v 0.00232521 -0.00448266 0.00901348
v 0.00268133 -0.00342271 0.00900146
v 0.00242297 -0.00326570 0.00899969
v 0.00213590 -0.00431861 0.00901161
v 0.00219999 -0.00317927 0.00899870
v 0.00191360 -0.00312517 0.00899807
v 0.00191337 -0.00423236 0.00901063
v 0.00167914 -0.00312517 0.00899807
v 0.00139275 -0.00317927 0.00899870
v 0.00167937 -0.00423236 0.00901063
v 0.00111822 -0.00218637 0.00559447
v 0.00081232 -0.00237224 0.00559644
v 0.00134041 -0.00210021 0.00559337
v 0.00111832 -0.00304782 0.00889336
v 0.00134053 -0.00296170 0.00889227
v 0.00167949 -0.00203618 0.00559274
v 0.00062331 -0.00253610 0.00559841
v 0.00038056 -0.00282561 0.00560159
v 0.00062340 -0.00339751 0.00889730
v 0.00081242 -0.00323370 0.00889534
v 0.00024324 -0.00305111 0.00560428
v 0.00008738 -0.00341593 0.00560830
v 0.00024329 -0.00391250 0.00890317
v 0.00038064 -0.00368703 0.00890048
v 0.00001521 -0.00368101 0.00561144
v -0.00003850 -0.00408542 0.00561592
v 0.00001522 -0.00454237 0.00891032
v 0.00008744 -0.00427732 0.00890719
v -0.00003848 -0.00436413 0.00561918
v 0.00001522 -0.00476854 0.00562367
v -0.00003850 -0.00522549 0.00891807
v -0.00003848 -0.00494679 0.00891481
v 0.00008744 -0.00503360 0.00562679
v 0.00024329 -0.00539842 0.00563081
v 0.00008738 -0.00589498 0.00892568
v 0.00001521 -0.00562991 0.00892254
v 0.00038064 -0.00562388 0.00563350
v 0.00062340 -0.00591341 0.00563668
v 0.00038056 -0.00648530 0.00893239
v 0.00024324 -0.00625981 0.00892970
v 0.00081242 -0.00607722 0.00563865
v 0.00111832 -0.00626309 0.00564062
v 0.00081232 -0.00693867 0.00893754
v 0.00062331 -0.00677483 0.00893558
v 0.00134053 -0.00634921 0.00564172
v 0.00167961 -0.00641325 0.00564236
v 0.00134041 -0.00721071 0.00894061
v 0.00111822 -0.00712454 0.00893952
v 0.00191325 -0.00641325 0.00564247
v 0.00225233 -0.00634917 0.00564161
v 0.00191313 -0.00727479 0.00894135
v 0.00167949 -0.00727474 0.00894124
v 0.00247452 -0.00626306 0.00564074
v 0.00278042 -0.00607713 0.00563854
v 0.00247442 -0.00712464 0.00893963
v 0.00225221 -0.00721071 0.00894050
v 0.00296943 -0.00591334 0.00563678
v 0.00321218 -0.00562376 0.00563339
v 0.00296934 -0.00677496 0.00893568
v 0.00278032 -0.00693870 0.00893742
v 0.00334949 -0.00539832 0.00563092
v 0.00350536 -0.00503344 0.00562668
v 0.00334944 -0.00625996 0.00892981
v 0.00321210 -0.00648538 0.00893229
v 0.00357753 -0.00476843 0.00562376
v 0.00363124 -0.00436396 0.00561906
v 0.00357752 -0.00563008 0.00892265
v 0.00350530 -0.00589508 0.00892557
v 0.00363122 -0.00408531 0.00561603
v 0.00357752 -0.00368084 0.00561134
v 0.00363124 -0.00494697 0.00891492
v 0.00363122 -0.00522561 0.00891796
v 0.00350530 -0.00341584 0.00560842
v 0.00334944 -0.00305095 0.00560417
v 0.00350536 -0.00427748 0.00890731
v 0.00357753 -0.00454249 0.00891023
v 0.00321210 -0.00282554 0.00560170
v 0.00296934 -0.00253597 0.00559831
v 0.00321218 -0.00368716 0.00890059
v 0.00334949 -0.00391259 0.00890306
v 0.00278032 -0.00237221 0.00559656
v 0.00247442 -0.00218628 0.00559436
v 0.00278042 -0.00323379 0.00889544
v 0.00296943 -0.00339758 0.00889720
v 0.00225221 -0.00210021 0.00559349
v 0.00191313 -0.00203613 0.00559263
v 0.00225233 -0.00296176 0.00889238
v 0.00247452 -0.00304786 0.00889324
v 0.00167961 -0.00289767 0.00889162
v 0.00191325 -0.00289766 0.00889152
v -0.00693916 -0.00530884 0.00583120
v -0.00411305 -0.00830442 0.00871951
v -0.00139911 -0.01135895 0.00579421
v -0.00993555 -0.00921585 0.00588084
v -0.00439549 -0.01526596 0.00584386
v -0.00710944 -0.01221143 0.00876915
v -0.00734009 -0.00523284 0.00553931
v -0.00716439 -0.00517229 0.00562655
v -0.00126781 -0.01161175 0.00558718
v -0.00130394 -0.01182472 0.00549901
v -0.00747360 -0.00505791 0.00584643
v -0.00750966 -0.00503378 0.00565129
v -0.01021006 -0.00856933 0.00570248
v -0.01016604 -0.00861065 0.00590922
v -0.01004215 -0.00875608 0.00558407
v -0.00725982 -0.00505606 0.00583922
v -0.00428262 -0.00822415 0.00885241
v -0.00444430 -0.00830907 0.00890852
v -0.00408532 -0.00870110 0.00890612
v -0.00426364 -0.00850470 0.00898405
v -0.00694874 -0.01200585 0.00902854
v -0.00677105 -0.01220304 0.00895062
v -0.00713002 -0.01181100 0.00895302
v -0.00402941 -0.00850067 0.00885072
v -0.00117442 -0.01170663 0.00580883
v -0.00116753 -0.01196357 0.00582241
v -0.01007483 -0.00896723 0.00567477
v -0.00417825 -0.01540669 0.00563540
v -0.00400600 -0.01534795 0.00554377
v -0.01015964 -0.00886785 0.00589760
v -0.00718802 -0.01201251 0.00890054
v -0.00693480 -0.01228904 0.00889885
v -0.00407464 -0.01551861 0.00584680
v -0.00386067 -0.01551668 0.00584920
v -0.00113150 -0.01200908 0.00561514
v -0.00383214 -0.01554477 0.00565355
v -0.00735321 -0.00500559 0.00568217
v -0.00417470 -0.00838806 0.00893468
v -0.01022149 -0.00876007 0.00573448
v -0.00703952 -0.01212345 0.00898214
v -0.00111887 -0.01181772 0.00564529
v -0.00398733 -0.01557230 0.00568815
v 0.00036872 -0.01848734 0.01161361
v 0.00034657 -0.01850529 0.01022407
v -0.00089093 -0.01708515 0.01023681
v -0.00226136 -0.02174156 0.01026518
v -0.00223922 -0.02172361 0.01165474
v -0.00349886 -0.02032142 0.01027793
v 0.00102617 -0.01982407 0.00551720
v 0.00109178 -0.01989888 0.00553220
v -0.00118777 -0.02272763 0.00556814
v -0.00125338 -0.02265283 0.00555315
v 0.00114792 -0.01996191 0.00557610
v -0.00113164 -0.02279066 0.00561203
v 0.00118604 -0.02000358 0.00564222
v -0.00109351 -0.02283233 0.00567816
v 0.00120034 -0.02001754 0.00572053
v -0.00107921 -0.02284630 0.00575647
v 0.00119376 -0.01961782 0.00571954
v 0.00117997 -0.01963429 0.00564131
v 0.00049966 -0.01885360 0.00564765
v 0.00051347 -0.01883714 0.00572586
v 0.00114327 -0.01967927 0.00557538
v 0.00046297 -0.01889858 0.00558172
v 0.00108926 -0.01974591 0.00553180
v 0.00040896 -0.01896523 0.00553814
v 0.00034588 -0.01904339 0.00552354
v 0.00125017 -0.01992465 0.00571966
v 0.00131996 -0.01987347 0.00992580
v 0.00127013 -0.01996636 0.00992667
v 0.00126643 -0.01981607 0.00571917
v 0.00133622 -0.01976488 0.00992531
v 0.00124662 -0.01970832 0.00571912
v 0.00131641 -0.01965714 0.00992526
v 0.00126356 -0.01956663 0.00992567
v 0.00045309 -0.01876786 0.00572644
v 0.00052289 -0.01871667 0.00993257
v 0.00058326 -0.01878596 0.00993201
v 0.00039272 -0.01869857 0.00572698
v 0.00046251 -0.01864739 0.00993313
v 0.00033234 -0.01862929 0.00572756
v 0.00040213 -0.01857810 0.00993369
v 0.00027197 -0.01856001 0.00572811
v 0.00034177 -0.01850882 0.00993426
v 0.00010438 -0.01876625 0.00552578
v 0.00016474 -0.01883554 0.00552523
v -0.00211480 -0.02166429 0.00556117
v -0.00217518 -0.02159501 0.00556172
v 0.00022512 -0.01890482 0.00552465
v -0.00205442 -0.02173358 0.00556059
v 0.00028550 -0.01897410 0.00552410
v -0.00199404 -0.02180286 0.00556004
v -0.00193368 -0.02187214 0.00555948
v 0.00025817 -0.01857647 0.00564989
v -0.00119081 -0.01691367 0.00566340
v -0.00117701 -0.01689722 0.00574163
v 0.00022147 -0.01862145 0.00558399
v -0.00122751 -0.01695864 0.00559749
v 0.00016746 -0.01868809 0.00554039
v -0.00128151 -0.01702530 0.00555390
v -0.00134460 -0.01710347 0.00553929
v 0.00129498 -0.01954360 0.01181937
v 0.00134783 -0.01963410 0.01181895
v 0.00132121 -0.01965362 0.01021506
v 0.00126836 -0.01956312 0.01021548
v 0.00136763 -0.01974184 0.01181900
v 0.00134102 -0.01976136 0.01021511
v 0.00135138 -0.01985042 0.01181950
v 0.00132477 -0.01986994 0.01021560
v 0.00130155 -0.01994331 0.01182036
v 0.00127494 -0.01996283 0.01021647
v 0.00113419 -0.01974485 0.01202688
v 0.00119676 -0.01966707 0.01201029
v 0.00052349 -0.01889286 0.01201660
v 0.00046318 -0.01897233 0.01203313
v 0.00124929 -0.01960151 0.01196502
v 0.00057347 -0.01882515 0.01197137
v 0.00128378 -0.01955815 0.01189799
v 0.00060550 -0.01877952 0.01190431
v 0.00061471 -0.01876294 0.01182566
v 0.00128981 -0.01992749 0.01189891
v -0.00098967 -0.02275618 0.01193485
v -0.00097800 -0.02277206 0.01185631
v 0.00125389 -0.01988422 0.01196572
v -0.00102558 -0.02271288 0.01200168
v 0.00119924 -0.01982008 0.01201067
v -0.00108025 -0.02264876 0.01204661
v -0.00114536 -0.02257361 0.01206282
v 0.00023778 -0.01871766 0.01192928
v 0.00029477 -0.01863382 0.01190471
v -0.00125694 -0.01690609 0.01020949
v -0.00134149 -0.01695938 0.01020326
v 0.00033971 -0.01856056 0.01183604
v -0.00114151 -0.01691126 0.01021806
v 0.00036568 -0.01850911 0.01173382
v -0.00101297 -0.01697413 0.01022765
v 0.00040195 -0.01890236 0.01202677
v -0.00187897 -0.02173340 0.01206273
v -0.00181753 -0.02180351 0.01206909
v 0.00034261 -0.01883505 0.01200681
v -0.00193846 -0.02166594 0.01204277
v 0.00028723 -0.01877274 0.01197393
v -0.00199388 -0.02160352 0.01200988
v -0.00204330 -0.02154832 0.01196525
v 0.00043813 -0.01856435 0.01169771
v 0.00040695 -0.01857457 0.01022350
v 0.00049283 -0.01862495 0.01176661
v 0.00046732 -0.01864386 0.01022295
v 0.00054645 -0.01868510 0.01181095
v 0.00052769 -0.01871314 0.01022238
v 0.00058807 -0.01878243 0.01022181
v -0.00105383 -0.02283513 0.01185747
v -0.00108045 -0.02285465 0.01025353
v -0.00100461 -0.02279158 0.01025241
v -0.00114411 -0.02285874 0.01185866
v -0.00117073 -0.02287826 0.01025471
v -0.00123511 -0.02283934 0.01185972
v -0.00126173 -0.02285886 0.01025579
v -0.00131296 -0.02277985 0.01186049
v -0.00133957 -0.02279937 0.01025659
v -0.00129915 -0.02276339 0.01193871
v -0.00197708 -0.02198561 0.01194445
v -0.00199269 -0.02199985 0.01186583
v -0.00126247 -0.02271842 0.01200462
v -0.00193830 -0.02194330 0.01201068
v -0.00120846 -0.02265178 0.01204821
v -0.00188228 -0.02187935 0.01205447
v -0.00221798 -0.02171524 0.01177456
v -0.00359687 -0.02018057 0.01026839
v -0.00217325 -0.02167896 0.01187566
v -0.00365482 -0.02003010 0.01025768
v -0.00211189 -0.02162031 0.01194266
v -0.00366392 -0.01989300 0.01024744
v -0.00362281 -0.01979033 0.01023923
v -0.00206101 -0.02192193 0.01185113
v -0.00208024 -0.02194941 0.01026350
v -0.00201986 -0.02201869 0.01026293
v -0.00211491 -0.02186147 0.01180704
v -0.00214062 -0.02188013 0.01026406
v -0.00216985 -0.02180057 0.01173851
v -0.00220099 -0.02181084 0.01026463
v -0.00141417 -0.02285409 0.00576065
v -0.00133632 -0.02291357 0.00575985
v -0.00126653 -0.02286239 0.00996598
v -0.00134438 -0.02280290 0.00996679
v -0.00124533 -0.02293298 0.00575877
v -0.00117554 -0.02288179 0.00996490
v -0.00115504 -0.02290935 0.00575758
v -0.00108525 -0.02285817 0.00996372
v -0.00100942 -0.02279511 0.00996261
v -0.00131595 -0.02273061 0.00556972
v -0.00199625 -0.02194992 0.00557606
v -0.00136849 -0.02279617 0.00561499
v -0.00204878 -0.02201549 0.00562133
v -0.00140298 -0.02283953 0.00568204
v -0.00208327 -0.02205885 0.00568837
v -0.00209447 -0.02207340 0.00576698
v -0.00233597 -0.02179627 0.00576923
v -0.00227559 -0.02186556 0.00576868
v -0.00220580 -0.02181437 0.00997482
v -0.00226618 -0.02174509 0.00997538
v -0.00221522 -0.02193484 0.00576810
v -0.00214542 -0.02188365 0.00997425
v -0.00215485 -0.02200413 0.00576755
v -0.00208505 -0.02195294 0.00997369
v -0.00202468 -0.02202222 0.00997313
v -0.00223774 -0.02167280 0.00557831
v -0.00368672 -0.02001001 0.00559181
v -0.00362415 -0.01993222 0.00557523
v -0.00229028 -0.02173836 0.00562359
v -0.00373925 -0.02007557 0.00563709
v -0.00232477 -0.02178171 0.00569061
v -0.00377374 -0.02011892 0.00570413
v -0.00378494 -0.02013349 0.00578274
v 0.00127133 -0.01996548 0.00999912
v -0.00100822 -0.02279423 0.01003506
v 0.00127253 -0.01996460 0.01007157
v -0.00100702 -0.02279335 0.01010751
v 0.00127373 -0.01996371 0.01014402
v -0.00100581 -0.02279247 0.01017997
v 0.00126716 -0.01956399 0.01014302
v 0.00058686 -0.01878331 0.01014937
v 0.00126596 -0.01956487 0.01007058
v 0.00058567 -0.01878420 0.01007691
v 0.00126476 -0.01956575 0.00999812
v 0.00058446 -0.01878508 0.01000446
v -0.00151196 -0.01690501 0.00574581
v -0.00150027 -0.01692089 0.00566726
v -0.00377980 -0.01974963 0.00570319
v -0.00379151 -0.01973376 0.00578174
v -0.00146436 -0.01696418 0.00560043
v -0.00374389 -0.01979291 0.00563637
v -0.00140969 -0.01702829 0.00555550
v -0.00368922 -0.01985703 0.00559144
v -0.00125485 -0.01683774 0.00574243
v -0.00118443 -0.01678718 0.00994500
v -0.00110620 -0.01684723 0.00994687
v -0.00134585 -0.01681833 0.00574351
v -0.00127568 -0.01676723 0.00994293
v -0.00143613 -0.01684196 0.00574469
v -0.00136604 -0.01679041 0.00994100
v -0.00144175 -0.01685319 0.00993948
v -0.00108925 -0.01686397 0.01003376
v 0.00034296 -0.01850794 0.01000671
v -0.00104359 -0.01691439 0.01009649
v 0.00034417 -0.01850706 0.01007917
v -0.00097458 -0.01699167 0.01015697
v 0.00034536 -0.01850618 0.01015161
v -0.00138296 -0.01691366 0.01014783
v -0.00366432 -0.01974467 0.01018383
v -0.00141428 -0.01687988 0.01008355
v -0.00369568 -0.01971094 0.01011968
v -0.00143416 -0.01685944 0.01001312
v -0.00371557 -0.01969052 0.01004946
v -0.00372317 -0.01968429 0.00997606
v -0.00134318 -0.02280202 0.01003924
v -0.00202347 -0.02202134 0.01004558
v -0.00134197 -0.02280114 0.01011169
v -0.00202228 -0.02202045 0.01011803
v -0.00134077 -0.02280026 0.01018414
v -0.00202107 -0.02201957 0.01019049
v -0.00384134 -0.01982666 0.00578262
v -0.00377254 -0.01977655 0.00997962
v -0.00385759 -0.01993524 0.00578311
v -0.00378833 -0.01988463 0.00998327
v -0.00383779 -0.02004298 0.00578315
v -0.00376813 -0.01999205 0.00998649
v -0.00371503 -0.02008245 0.00998878
v -0.00358281 -0.02022760 0.01019808
v -0.00226257 -0.02174244 0.01019273
v -0.00365211 -0.02014996 0.01013795
v -0.00226377 -0.02174333 0.01012028
v -0.00369800 -0.02009927 0.01007559
v -0.00226497 -0.02174421 0.01004783
v 0.00123406 -0.01992308 0.00564911
v 0.00119074 -0.01989591 0.00558188
v 0.00114222 -0.01982106 0.00554188
v 0.00118822 -0.01974306 0.00558149
v 0.00123059 -0.01971231 0.00564858
v 0.00125483 -0.01981705 0.00565923
v 0.00122093 -0.01981852 0.00560142
v 0.00031854 -0.01864575 0.00564933
v 0.00037892 -0.01871503 0.00564876
v 0.00043930 -0.01878432 0.00564820
v 0.00040260 -0.01882929 0.00558229
v 0.00034859 -0.01889594 0.00553872
v 0.00028822 -0.01882666 0.00553927
v 0.00022784 -0.01875738 0.00553983
v 0.00028185 -0.01869073 0.00558342
v 0.00034222 -0.01876001 0.00558286
v 0.00133759 -0.01984716 0.01189041
v 0.00135802 -0.01974138 0.01187919
v 0.00133415 -0.01963637 0.01188988
v 0.00129402 -0.01966548 0.01195815
v 0.00124934 -0.01974251 0.01199932
v 0.00129650 -0.01981837 0.01195854
v 0.00132605 -0.01974144 0.01193781
v 0.00042887 -0.01857987 0.01180289
v 0.00039683 -0.01862481 0.01189227
v 0.00034742 -0.01869292 0.01195235
v 0.00040337 -0.01875593 0.01198798
v 0.00046194 -0.01882236 0.01200972
v 0.00050947 -0.01875183 0.01196269
v 0.00053954 -0.01870407 0.01189290
v 0.00048407 -0.01864154 0.01185797
v 0.00045224 -0.01868706 0.01193566
v -0.00123189 -0.02282065 0.01193036
v -0.00114332 -0.02284536 0.01191866
v -0.00105526 -0.02281653 0.01192815
v -0.00107921 -0.02276648 0.01199602
v -0.00114352 -0.02271188 0.01203705
v -0.00120732 -0.02276947 0.01199761
v -0.00114300 -0.02280535 0.01197677
v -0.00205898 -0.02167912 0.01199027
v -0.00211568 -0.02174268 0.01193178
v -0.00215443 -0.02178554 0.01184342
v -0.00209897 -0.02184736 0.01189828
v -0.00204326 -0.02191017 0.01193306
v -0.00200258 -0.02187002 0.01200201
v -0.00194415 -0.02180883 0.01204758
v -0.00200290 -0.02174220 0.01202586
v -0.00206003 -0.02180501 0.01197507
v -0.00115884 -0.02289249 0.00568684
v -0.00124654 -0.02292106 0.00569867
v -0.00133546 -0.02289660 0.00568904
v -0.00131314 -0.02284708 0.00562092
v -0.00125067 -0.02279048 0.00557961
v -0.00118504 -0.02284409 0.00561934
v -0.00124815 -0.02288247 0.00564035
v -0.00214364 -0.02198956 0.00568892
v -0.00220402 -0.02192028 0.00568949
v -0.00226440 -0.02185099 0.00569006
v -0.00222990 -0.02180764 0.00562302
v -0.00217738 -0.02174208 0.00557776
v -0.00211700 -0.02181136 0.00557719
v -0.00205662 -0.02188065 0.00557664
v -0.00210916 -0.02194621 0.00562189
v -0.00216953 -0.02187692 0.00562246
v 0.00132357 -0.01987082 0.01014315
v 0.00132237 -0.01987170 0.01007070
v 0.00132116 -0.01987258 0.00999825
v 0.00133742 -0.01976400 0.00999775
v 0.00131761 -0.01965626 0.00999771
v 0.00131881 -0.01965538 0.01007016
v 0.00132002 -0.01965450 0.01014261
v 0.00133982 -0.01976224 0.01014265
v 0.00133862 -0.01976312 0.01007021
v -0.00125807 -0.01685643 0.00567176
v -0.00128264 -0.01690759 0.00560450
v -0.00134644 -0.01696518 0.00556508
v -0.00141073 -0.01691059 0.00560612
v -0.00143469 -0.01686053 0.00567397
v -0.00134664 -0.01683171 0.00568348
v -0.00134696 -0.01687172 0.00562536
v -0.00130187 -0.01685695 0.01014991
v -0.00119574 -0.01685187 0.01015294
v -0.00108086 -0.01689911 0.01015518
v -0.00113549 -0.01683847 0.01009294
v -0.00117112 -0.01679962 0.01002766
v -0.00126540 -0.01677622 0.01002183
v -0.00135781 -0.01679718 0.01001568
v -0.00133610 -0.01681983 0.01008514
v -0.00123812 -0.01680538 0.01008952
v -0.00126292 -0.02285974 0.01018334
v -0.00126413 -0.02286062 0.01011088
v -0.00126533 -0.02286150 0.01003844
v -0.00117433 -0.02288091 0.01003736
v -0.00108405 -0.02285729 0.01003617
v -0.00108285 -0.02285641 0.01010862
v -0.00108164 -0.02285553 0.01018107
v -0.00117193 -0.02287914 0.01018226
v -0.00117314 -0.02288003 0.01010981
v -0.00373932 -0.01993459 0.00560279
v -0.00378399 -0.02001161 0.00564396
v -0.00382411 -0.02004072 0.00571222
v -0.00384799 -0.01993572 0.00572291
v -0.00382758 -0.01982994 0.00571170
v -0.00378650 -0.01985874 0.00564356
v -0.00381602 -0.01993566 0.00566431
v -0.00366445 -0.02010473 0.01019593
v -0.00370853 -0.01996988 0.01019260
v -0.00370852 -0.01984339 0.01018789
v -0.00374276 -0.01980622 0.01012326
v -0.00376453 -0.01978356 0.01005404
v -0.00377830 -0.01989396 0.01006201
v -0.00375499 -0.02000479 0.01006902
v -0.00371920 -0.02004379 0.01013397
v -0.00375093 -0.01992317 0.01012940
v 0.00052408 -0.01871579 0.01000502
v 0.00046372 -0.01864651 0.01000559
v 0.00040334 -0.01857722 0.01000615
v 0.00040454 -0.01857634 0.01007860
v 0.00040574 -0.01857546 0.01015105
v 0.00046612 -0.01864475 0.01015049
v 0.00052650 -0.01871402 0.01014993
v 0.00052529 -0.01871491 0.01007747
v 0.00046491 -0.01864563 0.01007803
v -0.00208145 -0.02195029 0.01019105
v -0.00214182 -0.02188101 0.01019161
v -0.00220219 -0.02181172 0.01019217
v -0.00220340 -0.02181261 0.01011972
v -0.00220459 -0.02181349 0.01004727
v -0.00214423 -0.02188277 0.01004671
v -0.00208385 -0.02195206 0.01004614
v -0.00208264 -0.02195117 0.01011859
v -0.00214302 -0.02188190 0.01011916
v 0.00097209 0.01291452 0.00489603
v 0.00097209 0.01297658 0.00383276
v 0.00097209 0.01829668 0.00378870
v -0.00880294 0.01297658 0.00383276
v -0.00880294 0.01291452 0.00489603
v -0.00880294 0.01829668 0.00378870
v 0.00035666 0.00923690 0.00026910
v 0.00035666 0.00895522 0.00028341
v -0.00818751 0.00895522 0.00028341
v -0.00818751 0.00923690 0.00026910
v 0.00035666 0.00871495 0.00031941
v -0.00818751 0.00871495 0.00031941
v 0.00035666 0.00855265 0.00037162
v -0.00818751 0.00855265 0.00037162
v 0.00035666 0.00849304 0.00043211
v -0.00818751 0.00849304 0.00043211
v 0.00097209 0.00922717 0.00042591
v 0.00092525 0.00923090 0.00036590
v 0.00092525 0.01215552 0.00034116
v 0.00097209 0.01215181 0.00040116
v 0.00079184 0.00923405 0.00031502
v 0.00079184 0.01215869 0.00029029
v 0.00059218 0.00923616 0.00028102
v 0.00059218 0.01216080 0.00025630
v 0.00035666 0.01216153 0.00024436
v 0.00059218 0.00854892 0.00043163
v 0.00059218 0.00834924 0.00365024
v 0.00035666 0.00829336 0.00365072
v 0.00079184 0.00870806 0.00043029
v 0.00079184 0.00850838 0.00364890
v 0.00092525 0.00894623 0.00042828
v 0.00092525 0.00874655 0.00364688
v 0.00097209 0.00902749 0.00364451
v 0.00097209 0.01241136 0.00039898
v 0.00097209 0.01221168 0.00361758
v 0.00097209 0.01195212 0.00361978
v 0.00097209 0.01267092 0.00039677
v 0.00097209 0.01247123 0.00361539
v 0.00097209 0.01293047 0.00039459
v 0.00097209 0.01273079 0.00361320
v 0.00097209 0.01319002 0.00039239
v 0.00097209 0.01299034 0.00361100
v 0.00035666 0.01319975 0.00023558
v 0.00035666 0.01294020 0.00023778
v -0.00818751 0.01294020 0.00023778
v -0.00818751 0.01319975 0.00023558
v 0.00035666 0.01268064 0.00023997
v -0.00818751 0.01268064 0.00023997
v 0.00035666 0.01242109 0.00024217
v -0.00818751 0.01242109 0.00024217
v -0.00818751 0.01216153 0.00024436
v 0.00092525 0.01319374 0.00033238
v 0.00092525 0.01942299 0.00027971
v 0.00097209 0.01941924 0.00033972
v 0.00079184 0.01319690 0.00028152
v 0.00079184 0.01942616 0.00022885
v 0.00059218 0.01319900 0.00024751
v 0.00059218 0.01942826 0.00019484
v 0.00035666 0.01942896 0.00018291
v 0.00097209 0.00893759 0.00509360
v 0.00092525 0.00865665 0.00509597
v 0.00092525 0.00873280 0.00386865
v 0.00097209 0.00901374 0.00386628
v 0.00079184 0.00841848 0.00509799
v 0.00079184 0.00849463 0.00387066
v 0.00059218 0.00825934 0.00509933
v 0.00059218 0.00833549 0.00387201
v 0.00035666 0.00820346 0.00509981
v 0.00035666 0.00827961 0.00387248
v 0.00035666 0.00892786 0.00525041
v 0.00059218 0.00892860 0.00523848
v 0.00059468 0.01182590 0.00521400
v 0.00036058 0.01181706 0.00522599
v 0.00079184 0.00893071 0.00520447
v 0.00079312 0.01183757 0.00517993
v 0.00092525 0.00893386 0.00515361
v 0.00092565 0.01185029 0.00512895
v 0.00097209 0.01186211 0.00506884
v 0.00035651 0.00825563 0.00515935
v -0.00818743 0.00825563 0.00515935
v -0.00818751 0.00820346 0.00509981
v 0.00035645 0.00841160 0.00520887
v -0.00818741 0.00841160 0.00520887
v 0.00035651 0.00864766 0.00524085
v -0.00818743 0.00864766 0.00524085
v -0.00818751 0.00892786 0.00525041
v 0.00035954 0.01278230 0.00513680
v 0.00059488 0.01280667 0.00511853
v 0.00059550 0.01943750 0.00375506
v 0.00035997 0.01953068 0.00374860
v 0.00079409 0.01284038 0.00506631
v 0.00079476 0.01917005 0.00376496
v 0.00092660 0.01287825 0.00498818
v 0.00092705 0.01876941 0.00377678
v 0.00036046 0.01207997 0.00521846
v -0.00818976 0.01207893 0.00521847
v -0.00818947 0.01181528 0.00522599
v 0.00036024 0.01233434 0.00520062
v -0.00819001 0.01233388 0.00520062
v 0.00035993 0.01257124 0.00517308
v -0.00819022 0.01257111 0.00517307
v -0.00819039 0.01278230 0.00513680
v 0.00097209 0.01261817 0.00496334
v 0.00097209 0.01271702 0.00383497
v 0.00097209 0.01238466 0.00501839
v 0.00097209 0.01245747 0.00383716
v 0.00097209 0.01215517 0.00505461
v 0.00097209 0.01219792 0.00383935
v 0.00097209 0.01193836 0.00384155
v -0.00842303 0.00825934 0.00509937
v -0.00842303 0.00833549 0.00387201
v -0.00818751 0.00827961 0.00387248
v -0.00862269 0.00841848 0.00509804
v -0.00862269 0.00849463 0.00387066
v -0.00875610 0.00865665 0.00509600
v -0.00875610 0.00873280 0.00386865
v -0.00880294 0.00893759 0.00509360
v -0.00880294 0.00901374 0.00386628
v -0.00875610 0.00893386 0.00515361
v -0.00875634 0.01184797 0.00512852
v -0.00880294 0.01185976 0.00506813
v -0.00862269 0.00893071 0.00520447
v -0.00862338 0.01183537 0.00517973
v -0.00842303 0.00892860 0.00523848
v -0.00842431 0.01182389 0.00521397
v -0.00875744 0.01287825 0.00498818
v -0.00875790 0.01876941 0.00377678
v -0.00862494 0.01284038 0.00506631
v -0.00862561 0.01917005 0.00376496
v -0.00842573 0.01280667 0.00511853
v -0.00842634 0.01943750 0.00375506
v -0.00819083 0.01953068 0.00374860
v -0.00880294 0.01215312 0.00505393
v -0.00880294 0.01219792 0.00383935
v -0.00880294 0.01193836 0.00384155
v -0.00880294 0.01238377 0.00501788
v -0.00880294 0.01245747 0.00383716
v -0.00880294 0.01261833 0.00496309
v -0.00880294 0.01271702 0.00383497
v -0.00880294 0.00922717 0.00042591
v -0.00875610 0.00894623 0.00042828
v -0.00875610 0.00874655 0.00364688
v -0.00880294 0.00902749 0.00364451
v -0.00862269 0.00870806 0.00043029
v -0.00862269 0.00850838 0.00364890
v -0.00842303 0.00854892 0.00043163
v -0.00842303 0.00834924 0.00365024
v -0.00818751 0.00829336 0.00365072
v -0.00842303 0.00923616 0.00028102
v -0.00842303 0.01216080 0.00025630
v -0.00862269 0.00923405 0.00031502
v -0.00862269 0.01215869 0.00029029
v -0.00875610 0.00923090 0.00036590
v -0.00875610 0.01215552 0.00034116
v -0.00880294 0.01215181 0.00040116
v -0.00880294 0.01319002 0.00039239
v -0.00880294 0.01293047 0.00039459
v -0.00880294 0.01273079 0.00361320
v -0.00880294 0.01299034 0.00361100
v -0.00880294 0.01267092 0.00039677
v -0.00880294 0.01247123 0.00361539
v -0.00880294 0.01241136 0.00039898
v -0.00880294 0.01221168 0.00361758
v -0.00880294 0.01195212 0.00361978
v -0.00842303 0.01319900 0.00024751
v -0.00842303 0.01942822 0.00019484
v -0.00818751 0.01942896 0.00018291
v -0.00862269 0.01319690 0.00028152
v -0.00862269 0.01942611 0.00022885
v -0.00875610 0.01319374 0.00033238
v -0.00875610 0.01942296 0.00027971
v -0.00880294 0.01941924 0.00033972
v 0.00035666 0.00828992 0.00370616
v -0.00818751 0.00828992 0.00370616
v 0.00035666 0.00828648 0.00376159
v -0.00818751 0.00828648 0.00376159
v 0.00035666 0.00828304 0.00381704
v -0.00818751 0.00828304 0.00381704
v 0.00097209 0.00901717 0.00381083
v 0.00097209 0.01194181 0.00378610
v 0.00097209 0.00902061 0.00375539
v 0.00097209 0.01194524 0.00373066
v 0.00097209 0.00902405 0.00369995
v 0.00097209 0.01194869 0.00367522
v 0.00035666 0.02015336 0.00033351
v 0.00035665 0.02010120 0.00027397
v -0.00818748 0.02010120 0.00027397
v -0.00818751 0.02015336 0.00033351
v 0.00035664 0.01994522 0.00022444
v -0.00818747 0.01994522 0.00022444
v 0.00035665 0.01970916 0.00019247
v -0.00818748 0.01970916 0.00019247
v 0.00092525 0.01970017 0.00033734
v 0.00092557 0.01949807 0.00355325
v 0.00097209 0.01921517 0.00355769
v 0.00079184 0.01993834 0.00033533
v 0.00079270 0.01973789 0.00354882
v 0.00059218 0.02009748 0.00033399
v 0.00059374 0.01989810 0.00354508
v 0.00035902 0.01995427 0.00354259
v 0.00097209 0.01914437 0.00362485
v 0.00097209 0.01298690 0.00366644
v 0.00097209 0.01894961 0.00367480
v 0.00097209 0.01298346 0.00372188
v 0.00097209 0.01865438 0.00372403
v 0.00097209 0.01298002 0.00377732
v 0.00035976 0.01970740 0.00370442
v -0.00819121 0.01970737 0.00370445
v 0.00035952 0.01984023 0.00365393
v -0.00819158 0.01984023 0.00365404
v 0.00035928 0.01992369 0.00359922
v -0.00819192 0.01992368 0.00359949
v -0.00819223 0.01995424 0.00354306
v -0.00880294 0.00902405 0.00369995
v -0.00880294 0.01194869 0.00367522
v -0.00880294 0.00902061 0.00375539
v -0.00880294 0.01194524 0.00373066
v -0.00880294 0.00901717 0.00381083
v -0.00880294 0.01194181 0.00378610
v -0.00842303 0.02009748 0.00033399
v -0.00842605 0.01989836 0.00354559
v -0.00862269 0.01993834 0.00033533
v -0.00862425 0.01973900 0.00354936
v -0.00875610 0.01970017 0.00033734
v -0.00875660 0.01950043 0.00355381
v -0.00880294 0.01921903 0.00355825
v -0.00880294 0.01865563 0.00372401
v -0.00880294 0.01298002 0.00377732
v -0.00880294 0.01895215 0.00367503
v -0.00880294 0.01298346 0.00372188
v -0.00880294 0.01914789 0.00362536
v -0.00880294 0.01298690 0.00366644
v 0.00056909 0.00859003 0.00037720
v 0.00053701 0.00873786 0.00032418
v 0.00056909 0.00898227 0.00029123
v 0.00077237 0.00901861 0.00032180
v 0.00089360 0.00897713 0.00037391
v 0.00077237 0.00873414 0.00038413
v 0.00071186 0.00880908 0.00033897
v 0.00092525 0.01293419 0.00033458
v 0.00092525 0.01267463 0.00033677
v 0.00092525 0.01241508 0.00033896
v 0.00079184 0.01241823 0.00028809
v 0.00059218 0.01242035 0.00025411
v 0.00059218 0.01267990 0.00025191
v 0.00059218 0.01293945 0.00024972
v 0.00079184 0.01293734 0.00028370
v 0.00079184 0.01267779 0.00028590
v 0.00056899 0.00829373 0.00515314
v 0.00077232 0.00843885 0.00514376
v 0.00089359 0.00868083 0.00514987
v 0.00077232 0.00871587 0.00520133
v 0.00056900 0.00867570 0.00523256
v 0.00053687 0.00843513 0.00520372
v 0.00071177 0.00850827 0.00518768
v 0.00092593 0.01260750 0.00504374
v 0.00079336 0.01259531 0.00511178
v 0.00059458 0.01258115 0.00515723
v 0.00059469 0.01234162 0.00518691
v 0.00059483 0.01209050 0.00520607
v 0.00079336 0.01211277 0.00517052
v 0.00092585 0.01213383 0.00511736
v 0.00092582 0.01237140 0.00508825
v 0.00079330 0.01235808 0.00514736
v -0.00872444 0.00868083 0.00514988
v -0.00860319 0.00843885 0.00514377
v -0.00839988 0.00829373 0.00515315
v -0.00836779 0.00843513 0.00520373
v -0.00839989 0.00867571 0.00523256
v -0.00860319 0.00871588 0.00520134
v -0.00854266 0.00850828 0.00518770
v -0.00842508 0.01258110 0.00515722
v -0.00862403 0.01259526 0.00511170
v -0.00875673 0.01260757 0.00504358
v -0.00875657 0.01237061 0.00508793
v -0.00875655 0.01213198 0.00511694
v -0.00862370 0.01211115 0.00517031
v -0.00842471 0.01208928 0.00520602
v -0.00842486 0.01234113 0.00518687
v -0.00862378 0.01235735 0.00514721
v -0.00839993 0.00859003 0.00037720
v -0.00860321 0.00873414 0.00038413
v -0.00872445 0.00897713 0.00037391
v -0.00860321 0.00901861 0.00032180
v -0.00839993 0.00898227 0.00029123
v -0.00836787 0.00873786 0.00032418
v -0.00854271 0.00880908 0.00033897
v -0.00875610 0.01241508 0.00033896
v -0.00875610 0.01267463 0.00033677
v -0.00875610 0.01293419 0.00033458
v -0.00862269 0.01293734 0.00028370
v -0.00842303 0.01293945 0.00024972
v -0.00842303 0.01267990 0.00025191
v -0.00842303 0.01242035 0.00025411
v -0.00862269 0.01241823 0.00028809
v -0.00862269 0.01267779 0.00028590
v 0.00059218 0.00833892 0.00381657
v 0.00059218 0.00834237 0.00376113
v 0.00059218 0.00834581 0.00370568
v 0.00079184 0.00850495 0.00370434
v 0.00092525 0.00874311 0.00370233
v 0.00092525 0.00873967 0.00375777
v 0.00092525 0.00873623 0.00381321
v 0.00079184 0.00849806 0.00381522
v 0.00079184 0.00850150 0.00375978
v 0.00089360 0.01967600 0.00028344
v 0.00077236 0.01964097 0.00023197
v 0.00056908 0.01968114 0.00020077
v 0.00053700 0.01992169 0.00022962
v 0.00056908 0.02006310 0.00028017
v 0.00077236 0.01991798 0.00028956
v 0.00071185 0.01984857 0.00024563
v 0.00059465 0.01962824 0.00370757
v 0.00079354 0.01940018 0.00371283
v 0.00092610 0.01905847 0.00371843
v 0.00092594 0.01929164 0.00366847
v 0.00092595 0.01944327 0.00361702
v 0.00079322 0.01969621 0.00360958
v 0.00059429 0.01986513 0.00360252
v 0.00059442 0.01977359 0.00365657
v 0.00079328 0.01958060 0.00366251
v -0.00875610 0.00873623 0.00381321
v -0.00875610 0.00873967 0.00375777
v -0.00875610 0.00874311 0.00370233
v -0.00862269 0.00850495 0.00370434
v -0.00842303 0.00834581 0.00370568
v -0.00842303 0.00834237 0.00376113
v -0.00842303 0.00833892 0.00381657
v -0.00862269 0.00849806 0.00381522
v -0.00862269 0.00850150 0.00375978
v -0.00839992 0.01968112 0.00020076
v -0.00860321 0.01964094 0.00023199
v -0.00872444 0.01967599 0.00028344
v -0.00860321 0.01991796 0.00028956
v -0.00839992 0.02006310 0.00028017
v -0.00836783 0.01992168 0.00022960
v -0.00854269 0.01984855 0.00024564
v -0.00875700 0.01905923 0.00371843
v -0.00862459 0.01940054 0.00371286
v -0.00842587 0.01962831 0.00370759
v -0.00842603 0.01977380 0.00365670
v -0.00842626 0.01986541 0.00360284
v -0.00862468 0.01969725 0.00360999
v -0.00875697 0.01944545 0.00361748
v -0.00875691 0.01929321 0.00366869
v -0.00862455 0.01958136 0.00366270
v 0.00097209 0.01220823 0.00367303
v 0.00097209 0.01246779 0.00367084
v 0.00097209 0.01272734 0.00366864
v 0.00097209 0.01272391 0.00372408
v 0.00097209 0.01272047 0.00377952
v 0.00097209 0.01246092 0.00378171
v 0.00097209 0.01220136 0.00378391
v 0.00097209 0.01220480 0.00372846
v 0.00097209 0.01246435 0.00372627
v -0.00880294 0.01220136 0.00378391
v -0.00880294 0.01246092 0.00378171
v -0.00880294 0.01272047 0.00377952
v -0.00880294 0.01272391 0.00372408
v -0.00880294 0.01272734 0.00366864
v -0.00880294 0.01246779 0.00367084
v -0.00880294 0.01220823 0.00367303
v -0.00880294 0.01220480 0.00372846
v -0.00880294 0.01246435 0.00372627
v 0.02376647 -0.04328609 0.03838767
v 0.00069151 -0.04369889 0.05632928
v -0.02246546 -0.04534063 0.03847642
v 0.02274767 0.02962526 0.03742113
v -0.02348426 0.02757067 0.03750992
v -0.00032720 0.02921241 0.05536271
v 0.02578221 -0.03967572 0.03651385
v 0.02523653 -0.04221799 0.03709921
v -0.02397062 -0.04440479 0.03719367
v -0.02458967 -0.04191428 0.03661057
v 0.02702097 -0.03975500 0.03839986
v 0.02725449 -0.03969276 0.03719507
v 0.02628424 0.02616450 0.03636147
v 0.02595422 0.02619054 0.03763671
v 0.02486354 0.02607372 0.03564224
v 0.02608956 -0.04219014 0.03840382
v 0.00173444 -0.04251718 0.05712098
v 0.00213915 -0.03981349 0.05741680
v -0.00085651 -0.03994664 0.05742254
v 0.00064229 -0.03985641 0.05789199
v -0.00027064 0.02548075 0.05702582
v -0.00176967 0.02540537 0.05655621
v 0.00122602 0.02553851 0.05655046
v -0.00037866 -0.04261106 0.05712504
v -0.02471039 -0.04439255 0.03856344
v -0.02567122 -0.04189400 0.03860917
v 0.02424699 0.02860206 0.03616040
v -0.02496016 0.02641534 0.03625485
v -0.02550831 0.02383524 0.03573893
v 0.02499303 0.02868381 0.03752729
v 0.00074660 0.02818012 0.05618379
v -0.00136649 0.02808623 0.05618785
v -0.02580726 0.02647704 0.03756127
v -0.02673848 0.02404396 0.03762443
v -0.02600711 -0.04195544 0.03733529
v -0.02697750 0.02389910 0.03642303
v 0.02667244 -0.04172401 0.03742448
v 0.00067206 -0.04205255 0.05762611
v 0.02564490 0.02821767 0.03652651
v -0.00030174 0.02765654 0.05670205
v -0.02536692 -0.04399553 0.03755294
v -0.02639451 0.02594422 0.03659675
v -0.01923214 0.01731439 0.00065321
v -0.01894765 0.01748735 0.00065321
v -0.01863155 0.01632755 0.00065321
v -0.01966677 0.01686396 0.00065321
v -0.01944100 0.01713333 0.00065321
v -0.01884000 0.01614685 0.00065321
v -0.01996347 0.01627530 0.00065321
v -0.01981852 0.01661474 0.00065321
v -0.01899145 0.01589813 0.00065321
v -0.02009320 0.01560606 0.00065321
v -0.02004325 0.01598233 0.00065321
v -0.01907106 0.01560575 0.00065321
v -0.02004325 0.01492174 0.00065321
v -0.02009320 0.01529802 0.00065321
v -0.01907106 0.01529832 0.00065321
v -0.01981852 0.01428933 0.00065321
v -0.01996347 0.01462877 0.00065321
v -0.01899145 0.01500594 0.00065321
v -0.01944100 0.01377074 0.00065321
v -0.01966677 0.01404012 0.00065321
v -0.01884000 0.01475723 0.00065321
v -0.01894765 0.01341672 0.00065321
v -0.01923214 0.01358967 0.00065321
v -0.01863155 0.01457652 0.00065321
v -0.01838676 0.01326193 0.00065321
v -0.01870212 0.01332153 0.00065321
v -0.01838651 0.01448152 0.00065321
v -0.01781324 0.01332153 0.00065321
v -0.01812859 0.01326193 0.00065321
v -0.01812885 0.01448152 0.00065321
v -0.01728323 0.01358967 0.00065321
v -0.01756770 0.01341672 0.00065321
v -0.01788381 0.01457652 0.00065321
v -0.01684859 0.01404012 0.00065321
v -0.01707436 0.01377074 0.00065321
v -0.01767536 0.01475723 0.00065321
v -0.01655189 0.01462877 0.00065321
v -0.01669684 0.01428933 0.00065321
v -0.01752392 0.01500594 0.00065321
v -0.01642216 0.01529802 0.00065321
v -0.01647211 0.01492174 0.00065321
v -0.01744429 0.01529832 0.00065321
v -0.01647211 0.01598233 0.00065321
v -0.01642216 0.01560606 0.00065321
v -0.01744429 0.01560575 0.00065321
v -0.01669684 0.01661474 0.00065321
v -0.01655189 0.01627530 0.00065321
v -0.01752392 0.01589813 0.00065321
v -0.01707436 0.01713333 0.00065321
v -0.01684859 0.01686396 0.00065321
v -0.01767536 0.01614685 0.00065321
v -0.01756770 0.01748735 0.00065321
v -0.01728323 0.01731439 0.00065321
v -0.01788381 0.01632755 0.00065321
v -0.01812859 0.01764214 0.00065321
v -0.01781324 0.01758254 0.00065321
v -0.01812885 0.01642255 0.00065321
v -0.01870212 0.01758254 0.00065321
v -0.01838676 0.01764214 0.00065321
v -0.01838651 0.01642255 0.00065321
v -0.01894765 0.01748735 0.03683568
v -0.01923214 0.01731439 0.03683568
v -0.01863155 0.01632755 0.03683568
v -0.01944100 0.01713333 0.03683568
v -0.01966677 0.01686396 0.03683568
v -0.01884000 0.01614685 0.03683568
v -0.01981852 0.01661474 0.03683568
v -0.01996347 0.01627530 0.03683568
v -0.01899145 0.01589813 0.03683568
v -0.02004325 0.01598233 0.03683568
v -0.02009320 0.01560606 0.03683568
v -0.01907106 0.01560575 0.03683568
v -0.02009320 0.01529802 0.03683568
v -0.02004325 0.01492174 0.03683568
v -0.01907106 0.01529832 0.03683568
v -0.01996347 0.01462877 0.03683568
v -0.01981852 0.01428933 0.03683568
v -0.01899145 0.01500594 0.03683568
v -0.01966677 0.01404012 0.03683568
v -0.01944100 0.01377074 0.03683568
v -0.01884000 0.01475723 0.03683568
v -0.01923214 0.01358967 0.03683568
v -0.01894765 0.01341672 0.03683568
v -0.01863155 0.01457652 0.03683568
v -0.01870212 0.01332153 0.03683568
v -0.01838676 0.01326193 0.03683568
v -0.01838651 0.01448152 0.03683568
v -0.01812859 0.01326193 0.03683568
v -0.01781324 0.01332153 0.03683568
v -0.01812885 0.01448152 0.03683568
v -0.01756770 0.01341672 0.03683568
v -0.01728323 0.01358967 0.03683568
v -0.01788381 0.01457652 0.03683568
v -0.01707436 0.01377074 0.03683568
v -0.01684859 0.01404012 0.03683568
v -0.01767536 0.01475723 0.03683568
v -0.01669684 0.01428933 0.03683568
v -0.01655189 0.01462877 0.03683568
v -0.01752392 0.01500594 0.03683568
v -0.01647211 0.01492174 0.03683568
v -0.01642216 0.01529802 0.03683568
v -0.01744429 0.01529832 0.03683568
v -0.01642216 0.01560606 0.03683568
v -0.01647211 0.01598233 0.03683568
v -0.01744429 0.01560575 0.03683568
v -0.01655189 0.01627530 0.03683568
v -0.01669684 0.01661474 0.03683568
v -0.01752392 0.01589813 0.03683568
v -0.01684859 0.01686396 0.03683568
v -0.01707436 0.01713333 0.03683568
v -0.01767536 0.01614685 0.03683568
v -0.01728323 0.01731439 0.03683568
v -0.01756770 0.01748735 0.03683568
v -0.01788381 0.01632755 0.03683568
v -0.01781324 0.01758254 0.03683568
v -0.01812859 0.01764214 0.03683568
v -0.01812885 0.01642255 0.03683568
v -0.01838676 0.01764214 0.03683568
v -0.01870212 0.01758254 0.03683568
v -0.01838651 0.01642255 0.03683568
v -0.01900442 0.01769731 0.00172884
v -0.01934125 0.01749254 0.00172776
v -0.01875975 0.01779219 0.00172776
v -0.01900430 0.01769738 0.03576113
v -0.01875962 0.01779222 0.03576004
v -0.01838638 0.01786275 0.00172884
v -0.01954937 0.01731209 0.00172884
v -0.01981667 0.01699314 0.00172776
v -0.01954927 0.01731220 0.03576113
v -0.01934112 0.01749260 0.03576004
v -0.01996787 0.01674479 0.00172884
v -0.02013950 0.01634289 0.00172776
v -0.01996781 0.01674493 0.03576113
v -0.01981658 0.01699325 0.03576004
v -0.02021897 0.01605094 0.00172884
v -0.02027811 0.01560544 0.00172776
v -0.02021895 0.01605110 0.03576113
v -0.02013943 0.01634303 0.03576004
v -0.02027809 0.01529848 0.00172884
v -0.02021895 0.01485297 0.00172776
v -0.02027811 0.01529863 0.03576113
v -0.02027809 0.01560559 0.03576004
v -0.02013943 0.01456104 0.00172884
v -0.01996781 0.01415915 0.00172776
v -0.02013950 0.01456118 0.03576113
v -0.02021897 0.01485313 0.03576004
v -0.01981658 0.01391082 0.00172884
v -0.01954927 0.01359187 0.00172776
v -0.01981667 0.01391094 0.03576113
v -0.01996787 0.01415928 0.03576004
v -0.01934112 0.01341146 0.00172884
v -0.01900430 0.01320669 0.00172776
v -0.01934125 0.01341153 0.03576113
v -0.01954937 0.01359199 0.03576004
v -0.01875962 0.01311185 0.00172884
v -0.01838624 0.01304129 0.00172776
v -0.01875975 0.01311189 0.03576113
v -0.01900442 0.01320676 0.03576004
v -0.01812899 0.01304133 0.00172884
v -0.01775561 0.01311189 0.00172776
v -0.01812911 0.01304129 0.03576113
v -0.01838638 0.01304133 0.03576004
v -0.01751094 0.01320676 0.00172884
v -0.01717412 0.01341153 0.00172776
v -0.01751106 0.01320669 0.03576113
v -0.01775573 0.01311185 0.03576004
v -0.01696600 0.01359199 0.00172884
v -0.01669869 0.01391094 0.00172776
v -0.01696609 0.01359187 0.03576113
v -0.01717423 0.01341146 0.03576004
v -0.01654748 0.01415928 0.00172884
v -0.01637587 0.01456118 0.00172776
v -0.01654755 0.01415915 0.03576113
v -0.01669878 0.01391082 0.03576004
v -0.01629639 0.01485313 0.00172884
v -0.01623725 0.01529863 0.00172776
v -0.01629641 0.01485297 0.03576113
v -0.01637593 0.01456104 0.03576004
v -0.01623728 0.01560559 0.00172884
v -0.01629641 0.01605110 0.00172776
v -0.01623725 0.01560544 0.03576113
v -0.01623728 0.01529848 0.03576004
v -0.01637593 0.01634303 0.00172884
v -0.01654755 0.01674493 0.00172776
v -0.01637587 0.01634289 0.03576113
v -0.01629639 0.01605094 0.03576004
v -0.01669878 0.01699325 0.00172884
v -0.01696609 0.01731219 0.00172776
v -0.01669869 0.01699314 0.03576113
v -0.01654748 0.01674478 0.03576004
v -0.01717423 0.01749260 0.00172884
v -0.01751106 0.01769738 0.00172776
v -0.01717412 0.01749253 0.03576113
v -0.01696600 0.01731209 0.03576004
v -0.01775573 0.01779221 0.00172884
v -0.01812911 0.01786278 0.00172776
v -0.01775561 0.01779219 0.03576113
v -0.01751094 0.01769731 0.03576004
v -0.01838624 0.01786278 0.03576113
v -0.01812899 0.01786275 0.03576004
v 0.02052676 -0.03480030 0.00475669
v 0.02130865 -0.03480030 0.00500327
v 0.02130865 -0.04095826 0.00500327
v 0.02052676 -0.04095826 0.00475669
v 0.02163251 -0.03480030 0.00559857
v 0.02163251 -0.04095826 0.00559857
v 0.02052676 -0.03348092 0.00559857
v 0.02052676 -0.03386736 0.00500327
v -0.01979160 -0.03386736 0.00500327
v -0.01979160 -0.03348092 0.00559857
v -0.01979160 -0.03480030 0.00475669
v 0.02130865 -0.03386736 0.00559857
v 0.02130865 -0.03386736 0.03629549
v 0.02163251 -0.03480030 0.03629549
v 0.02052676 -0.03348092 0.03629549
v -0.02089735 -0.03480030 0.00559857
v -0.02057348 -0.03480030 0.00500327
v -0.02057348 -0.04095826 0.00500327
v -0.02089735 -0.04095826 0.00559857
v -0.01979160 -0.04095826 0.00475669
v -0.02057348 -0.03386736 0.00559857
v -0.02057348 -0.03386736 0.03629549
v -0.01979160 -0.03348092 0.03629549
v -0.02089735 -0.03480030 0.03629549
v 0.02130865 -0.03480030 0.03689080
v 0.02130865 -0.04095826 0.03689080
v 0.02163251 -0.04095826 0.03629549
v 0.02052676 -0.03480030 0.03713738
v 0.02052676 -0.04095826 0.03713738
v 0.02052676 -0.03386736 0.03689080
v -0.01979160 -0.03386736 0.03689080
v -0.01979160 -0.03480030 0.03713738
v -0.02057348 -0.03480030 0.03689080
v -0.02057348 -0.04095826 0.03689080
v -0.01979160 -0.04095826 0.03713738
v -0.02089735 -0.04095826 0.03629549
v 0.02130865 -0.04189121 0.03629549
v 0.02130865 -0.04189121 0.00559857
v 0.02052676 -0.04227764 0.03629549
v 0.02052676 -0.04227764 0.00559857
v 0.02052676 -0.04189121 0.03689080
v -0.01979160 -0.04189121 0.03689080
v -0.01979160 -0.04227764 0.03629549
v -0.02057348 -0.04189121 0.03629549
v -0.02057348 -0.04189121 0.00559857
v -0.01979160 -0.04227764 0.00559857
v 0.02052676 -0.04189121 0.00500327
v -0.01979160 -0.04189121 0.00500327
v 0.02116494 -0.03403883 0.00511268
v -0.02042978 -0.03403883 0.00511268
v 0.02116494 -0.03403883 0.03678139
v -0.02042978 -0.03403883 0.03678139
v 0.02116494 -0.04171974 0.03678139
v -0.02042978 -0.04171974 0.03678139
v 0.02116494 -0.04171974 0.00511268
v -0.02042978 -0.04171974 0.00511268
v -0.02092892 -0.04041807 0.00084189
v -0.02060505 -0.04135101 0.00084189
v -0.02060505 -0.04135101 0.00477126
v -0.02092892 -0.04041807 0.00477126
v -0.01982315 -0.04173745 0.00084189
v -0.01982315 -0.04173745 0.00477126
v -0.01982315 -0.04041807 0.00000000
v -0.02060505 -0.04041807 0.00024659
v -0.02060505 0.00768906 0.00024659
v -0.01982315 0.00768906 0.00000000
v -0.02092892 0.00768906 0.00084189
v -0.01982315 -0.04135101 0.00024659
v 0.02049518 -0.04135101 0.00024659
v 0.02049518 -0.04173745 0.00084189
v 0.02049518 -0.04041807 0.00000000
v -0.01982315 0.00900841 0.00084189
v -0.02060505 0.00862198 0.00084189
v -0.02060505 0.00862198 0.00477126
v -0.01982315 0.00900841 0.00477126
v -0.02092892 0.00768906 0.00477126
v -0.01982315 0.00862198 0.00024659
v 0.02049518 0.00862198 0.00024659
v 0.02049518 0.00768906 0.00000000
v 0.02049518 0.00900841 0.00084189
v 0.02127708 -0.04135101 0.00084189
v 0.02127708 -0.04135101 0.00477126
v 0.02049518 -0.04173745 0.00477126
v 0.02160095 -0.04041807 0.00084189
v 0.02160095 -0.04041807 0.00477126
v 0.02127708 -0.04041807 0.00024659
v 0.02127708 0.00768906 0.00024659
v 0.02160095 0.00768906 0.00084189
v 0.02127708 0.00862198 0.00084189
v 0.02127708 0.00862198 0.00477126
v 0.02160095 0.00768906 0.00477126
v 0.02049518 0.00900841 0.00477126
v 0.02049518 -0.04135101 0.00536656
v -0.01982315 -0.04135101 0.00536656
v 0.02049518 -0.04041807 0.00561315
v -0.01982315 -0.04041807 0.00561315
v 0.02127708 -0.04041807 0.00536656
v 0.02127708 0.00768906 0.00536656
v 0.02049518 0.00768906 0.00561315
v 0.02049518 0.00862198 0.00536656
v -0.01982315 0.00862198 0.00536656
v -0.01982315 0.00768906 0.00561315
v -0.02060505 -0.04041807 0.00536656
v -0.02060505 0.00768906 0.00536656
v -0.02046135 -0.04117955 0.00035599
v -0.02046135 0.00845052 0.00035599
v 0.02113338 -0.04117955 0.00035599
v 0.02113338 0.00845052 0.00035599
v 0.02113338 -0.04117955 0.00525715
v 0.02113338 0.00845052 0.00525715
v -0.02046135 -0.04117955 0.00525715
v -0.02046135 0.00845052 0.00525715
v 0.02051046 -0.04041807 0.00475669
v 0.02051046 -0.04135101 0.00500327
v 0.01534951 -0.04135101 0.00500327
v 0.01534951 -0.04041807 0.00475669
v 0.02051046 -0.04173745 0.00559857
v 0.01534951 -0.04173745 0.00559857
v 0.02161622 -0.04041807 0.00559857
v 0.02129236 -0.04041807 0.00500327
v 0.02129236 0.00768906 0.00500327
v 0.02161622 0.00768906 0.00559857
v 0.02051046 0.00768906 0.00475669
v 0.02129236 -0.04135101 0.00559857
v 0.02129236 -0.04135101 0.03629549
v 0.02051046 -0.04173745 0.03629549
v 0.02161622 -0.04041807 0.03629549
v 0.02051046 0.00900841 0.00559857
v 0.02051046 0.00862198 0.00500327
v 0.01534951 0.00862198 0.00500327
v 0.01534951 0.00900841 0.00559857
v 0.01534951 0.00768906 0.00475669
v 0.02129236 0.00862198 0.00559857
v 0.02129236 0.00862198 0.03629549
v 0.02161622 0.00768906 0.03629549
v 0.02051046 0.00900841 0.03629549
v 0.02051046 -0.04135101 0.03689080
v 0.01534951 -0.04135101 0.03689080
v 0.01534951 -0.04173745 0.03629549
v 0.02051046 -0.04041807 0.03713738
v 0.01534951 -0.04041807 0.03713738
v 0.02129236 -0.04041807 0.03689080
v 0.02129236 0.00768906 0.03689080
v 0.02051046 0.00768906 0.03713738
v 0.02051046 0.00862198 0.03689080
v 0.01534951 0.00862198 0.03689080
v 0.01534951 0.00768906 0.03713738
v 0.01534951 0.00900841 0.03629549
v 0.01456761 -0.04135101 0.03629549
v 0.01456761 -0.04135101 0.00559857
v 0.01424374 -0.04041807 0.03629549
v 0.01424374 -0.04041807 0.00559857
v 0.01456761 -0.04041807 0.03689080
v 0.01456761 0.00768906 0.03689080
v 0.01424374 0.00768906 0.03629549
v 0.01456761 0.00862198 0.03629549
v 0.01456761 0.00862198 0.00559857
v 0.01424374 0.00768906 0.00559857
v 0.01456761 -0.04041807 0.00500327
v 0.01456761 0.00768906 0.00500327
v 0.02114865 -0.04117955 0.00511268
v 0.02114865 0.00845052 0.00511268
v 0.02114865 -0.04117955 0.03678139
v 0.02114865 0.00845052 0.03678139
v 0.01471131 -0.04117955 0.03678139
v 0.01471131 0.00845052 0.03678139
v 0.01471131 -0.04117955 0.00511268
v 0.01471131 0.00845052 0.00511268
v 0.01777511 0.01731439 0.00065321
v 0.01805959 0.01748735 0.00065321
v 0.01837569 0.01632755 0.00065321
v 0.01734047 0.01686396 0.00065321
v 0.01756624 0.01713333 0.00065321
v 0.01816725 0.01614685 0.00065321
v 0.01704377 0.01627530 0.00065321
v 0.01718872 0.01661474 0.00065321
v 0.01801580 0.01589813 0.00065321
v 0.01691405 0.01560606 0.00065321
v 0.01696400 0.01598233 0.00065321
v 0.01793618 0.01560575 0.00065321
v 0.01696400 0.01492174 0.00065321
v 0.01691405 0.01529802 0.00065321
v 0.01793618 0.01529832 0.00065321
v 0.01718872 0.01428933 0.00065321
v 0.01704378 0.01462877 0.00065321
v 0.01801580 0.01500594 0.00065321
v 0.01756624 0.01377074 0.00065321
v 0.01734048 0.01404012 0.00065321
v 0.01816725 0.01475722 0.00065321
v 0.01805959 0.01341672 0.00065321
v 0.01777511 0.01358967 0.00065321
v 0.01837569 0.01457652 0.00065321
v 0.01862047 0.01326193 0.00065321
v 0.01830513 0.01332153 0.00065321
v 0.01862074 0.01448152 0.00065321
v 0.01919400 0.01332153 0.00065321
v 0.01887865 0.01326193 0.00065321
v 0.01887839 0.01448152 0.00065321
v 0.01972402 0.01358967 0.00065321
v 0.01943953 0.01341672 0.00065321
v 0.01912344 0.01457652 0.00065321
v 0.02015865 0.01404012 0.00065321
v 0.01993289 0.01377074 0.00065321
v 0.01933188 0.01475722 0.00065321
v 0.02045535 0.01462877 0.00065321
v 0.02031040 0.01428933 0.00065321
v 0.01948332 0.01500594 0.00065321
v 0.02058508 0.01529802 0.00065321
v 0.02053513 0.01492174 0.00065321
v 0.01956295 0.01529832 0.00065321
v 0.02053513 0.01598233 0.00065321
v 0.02058508 0.01560606 0.00065321
v 0.01956295 0.01560575 0.00065321
v 0.02031040 0.01661474 0.00065321
v 0.02045535 0.01627530 0.00065321
v 0.01948333 0.01589813 0.00065321
v 0.01993289 0.01713333 0.00065321
v 0.02015865 0.01686396 0.00065321
v 0.01933188 0.01614685 0.00065321
v 0.01943953 0.01748735 0.00065321
v 0.01972402 0.01731439 0.00065321
v 0.01912344 0.01632755 0.00065321
v 0.01887865 0.01764214 0.00065321
v 0.01919400 0.01758254 0.00065321
v 0.01887839 0.01642255 0.00065321
v 0.01830513 0.01758254 0.00065321
v 0.01862047 0.01764214 0.00065321
v 0.01862074 0.01642255 0.00065321
v 0.01805959 0.01748735 0.03683568
v 0.01777511 0.01731439 0.03683568
v 0.01837569 0.01632755 0.03683568
v 0.01756624 0.01713333 0.03683568
v 0.01734047 0.01686396 0.03683568
v 0.01816725 0.01614685 0.03683568
v 0.01718872 0.01661474 0.03683568
v 0.01704377 0.01627530 0.03683568
v 0.01801580 0.01589813 0.03683568
v 0.01696400 0.01598233 0.03683568
v 0.01691405 0.01560606 0.03683568
v 0.01793618 0.01560575 0.03683568
v 0.01691405 0.01529802 0.03683568
v 0.01696400 0.01492174 0.03683568
v 0.01793618 0.01529832 0.03683568
v 0.01704378 0.01462877 0.03683568
v 0.01718872 0.01428933 0.03683568
v 0.01801580 0.01500594 0.03683568
v 0.01734048 0.01404012 0.03683568
v 0.01756624 0.01377074 0.03683568
v 0.01816725 0.01475722 0.03683568
v 0.01777511 0.01358967 0.03683568
v 0.01805959 0.01341672 0.03683568
v 0.01837569 0.01457652 0.03683568
v 0.01830513 0.01332153 0.03683568
v 0.01862047 0.01326193 0.03683568
v 0.01862074 0.01448152 0.03683568
v 0.01887865 0.01326193 0.03683568
v 0.01919400 0.01332153 0.03683568
v 0.01887839 0.01448152 0.03683568
v 0.01943953 0.01341672 0.03683568
v 0.01972402 0.01358967 0.03683568
v 0.01912344 0.01457652 0.03683568
v 0.01993289 0.01377074 0.03683568
v 0.02015865 0.01404012 0.03683568
v 0.01933188 0.01475722 0.03683568
v 0.02031040 0.01428933 0.03683568
v 0.02045535 0.01462877 0.03683568
v 0.01948332 0.01500594 0.03683568
v 0.02053513 0.01492174 0.03683568
v 0.02058508 0.01529802 0.03683568
v 0.01956295 0.01529832 0.03683568
v 0.02058508 0.01560606 0.03683568
v 0.02053513 0.01598233 0.03683568
v 0.01956295 0.01560575 0.03683568
v 0.02045535 0.01627530 0.03683568
v 0.02031040 0.01661474 0.03683568
v 0.01948333 0.01589813 0.03683568
v 0.02015865 0.01686396 0.03683568
v 0.01993289 0.01713333 0.03683568
v 0.01933188 0.01614685 0.03683568
v 0.01972402 0.01731439 0.03683568
v 0.01943953 0.01748735 0.03683568
v 0.01912344 0.01632755 0.03683568
v 0.01919400 0.01758254 0.03683568
v 0.01887865 0.01764214 0.03683568
v 0.01887839 0.01642255 0.03683568
v 0.01862047 0.01764214 0.03683568
v 0.01830513 0.01758254 0.03683568
v 0.01862074 0.01642255 0.03683568
v 0.01800283 0.01769731 0.00172884
v 0.01766600 0.01749254 0.00172776
v 0.01824750 0.01779219 0.00172776
v 0.01800294 0.01769738 0.03576113
v 0.01824762 0.01779222 0.03576004
v 0.01862086 0.01786275 0.00172884
v 0.01745788 0.01731209 0.00172884
v 0.01719057 0.01699314 0.00172776
v 0.01745797 0.01731220 0.03576113
v 0.01766611 0.01749260 0.03576004
v 0.01703937 0.01674479 0.00172884
v 0.01686775 0.01634289 0.00172776
v 0.01703943 0.01674493 0.03576113
v 0.01719067 0.01699325 0.03576004
v 0.01678827 0.01605094 0.00172884
v 0.01672913 0.01560544 0.00172776
v 0.01678829 0.01605110 0.03576113
v 0.01686781 0.01634303 0.03576004
v 0.01672915 0.01529848 0.00172884
v 0.01678829 0.01485297 0.00172776
v 0.01672913 0.01529863 0.03576113
v 0.01672915 0.01560559 0.03576004
v 0.01686781 0.01456104 0.00172884
v 0.01703943 0.01415914 0.00172776
v 0.01686775 0.01456118 0.03576113
v 0.01678827 0.01485313 0.03576004
v 0.01719067 0.01391082 0.00172884
v 0.01745797 0.01359187 0.00172776
v 0.01719057 0.01391094 0.03576113
v 0.01703937 0.01415928 0.03576004
v 0.01766611 0.01341146 0.00172884
v 0.01800294 0.01320669 0.00172776
v 0.01766600 0.01341153 0.03576113
v 0.01745788 0.01359199 0.03576004
v 0.01824762 0.01311185 0.00172884
v 0.01862099 0.01304129 0.00172776
v 0.01824750 0.01311189 0.03576113
v 0.01800283 0.01320676 0.03576004
v 0.01887826 0.01304133 0.00172884
v 0.01925164 0.01311189 0.00172776
v 0.01887813 0.01304129 0.03576113
v 0.01862086 0.01304133 0.03576004
v 0.01949630 0.01320676 0.00172884
v 0.01983313 0.01341153 0.00172776
v 0.01949619 0.01320669 0.03576113
v 0.01925150 0.01311185 0.03576004
v 0.02004125 0.01359199 0.00172884
v 0.02030855 0.01391094 0.00172776
v 0.02004116 0.01359187 0.03576113
v 0.01983301 0.01341146 0.03576004
v 0.02045975 0.01415928 0.00172884
v 0.02063138 0.01456118 0.00172776
v 0.02045969 0.01415914 0.03576113
v 0.02030846 0.01391082 0.03576004
v 0.02071085 0.01485313 0.00172884
v 0.02076999 0.01529863 0.00172776
v 0.02071084 0.01485297 0.03576113
v 0.02063132 0.01456104 0.03576004
v 0.02076997 0.01560559 0.00172884
v 0.02071084 0.01605110 0.00172776
v 0.02076999 0.01560544 0.03576113
v 0.02076997 0.01529848 0.03576004
v 0.02063132 0.01634303 0.00172884
v 0.02045969 0.01674493 0.00172776
v 0.02063137 0.01634289 0.03576113
v 0.02071085 0.01605094 0.03576004
v 0.02030846 0.01699325 0.00172884
v 0.02004116 0.01731219 0.00172776
v 0.02030855 0.01699314 0.03576113
v 0.02045975 0.01674478 0.03576004
v 0.01983301 0.01749260 0.00172884
v 0.01949619 0.01769738 0.00172776
v 0.01983313 0.01749253 0.03576113
v 0.02004125 0.01731209 0.03576004
v 0.01925150 0.01779221 0.00172884
v 0.01887813 0.01786278 0.00172776
v 0.01925164 0.01779219 0.03576113
v 0.01949630 0.01769731 0.03576004
v 0.01862099 0.01786278 0.03576113
v 0.01887826 0.01786275 0.03576004
v 0.00753508 0.01291452 0.00489603
v 0.00753508 0.01297658 0.00383276
v 0.00753508 0.01829668 0.00378870
v -0.00223996 0.01297658 0.00383276
v -0.00223996 0.01291452 0.00489603
v -0.00223996 0.01829668 0.00378870
v 0.00691964 0.00923690 0.00026910
v 0.00691964 0.00895522 0.00028341
v -0.00162452 0.00895522 0.00028341
v -0.00162452 0.00923690 0.00026910
v 0.00691964 0.00871495 0.00031941
v -0.00162452 0.00871495 0.00031941
v 0.00691964 0.00855265 0.00037162
v -0.00162452 0.00855265 0.00037162
v 0.00691964 0.00849304 0.00043211
v -0.00162452 0.00849304 0.00043211
v 0.00753508 0.00922717 0.00042591
v 0.00748823 0.00923090 0.00036590
v 0.00748823 0.01215552 0.00034116
v 0.00753508 0.01215181 0.00040116
v 0.00735482 0.00923405 0.00031502
v 0.00735482 0.01215869 0.00029029
v 0.00715516 0.00923616 0.00028102
v 0.00715516 0.01216080 0.00025630
v 0.00691964 0.01216153 0.00024436
v 0.00715516 0.00854892 0.00043163
v 0.00715516 0.00834924 0.00365024
v 0.00691964 0.00829336 0.00365072
v 0.00735482 0.00870806 0.00043029
v 0.00735482 0.00850838 0.00364890
v 0.00748823 0.00894623 0.00042828
v 0.00748823 0.00874655 0.00364688
v 0.00753508 0.00902749 0.00364451
v 0.00753508 0.01241136 0.00039898
v 0.00753508 0.01221168 0.00361758
v 0.00753508 0.01195212 0.00361978
v 0.00753508 0.01267092 0.00039677
v 0.00753508 0.01247123 0.00361539
v 0.00753508 0.01293047 0.00039459
v 0.00753508 0.01273079 0.00361320
v 0.00753508 0.01319002 0.00039239
v 0.00753508 0.01299034 0.00361100
v 0.00691964 0.01319975 0.00023558
v 0.00691964 0.01294020 0.00023778
v -0.00162452 0.01294020 0.00023778
v -0.00162452 0.01319975 0.00023558
v 0.00691964 0.01268064 0.00023997
v -0.00162452 0.01268064 0.00023997
v 0.00691964 0.01242109 0.00024217
v -0.00162452 0.01242109 0.00024217
v -0.00162452 0.01216153 0.00024436
v 0.00748823 0.01319374 0.00033238
v 0.00748823 0.01942299 0.00027971
v 0.00753508 0.01941924 0.00033972
v 0.00735482 0.01319690 0.00028152
v 0.00735482 0.01942616 0.00022885
v 0.00715516 0.01319900 0.00024751
v 0.00715516 0.01942826 0.00019484
v 0.00691964 0.01942896 0.00018291
v 0.00753508 0.00893759 0.00509360
v 0.00748823 0.00865665 0.00509597
v 0.00748823 0.00873280 0.00386865
v 0.00753508 0.00901374 0.00386628
v 0.00735482 0.00841848 0.00509799
v 0.00735482 0.00849463 0.00387066
v 0.00715516 0.00825934 0.00509933
v 0.00715516 0.00833549 0.00387201
v 0.00691964 0.00820346 0.00509981
v 0.00691964 0.00827961 0.00387248
v 0.00691964 0.00892786 0.00525041
v 0.00715516 0.00892860 0.00523848
v 0.00715766 0.01182590 0.00521400
v 0.00692357 0.01181706 0.00522599
v 0.00735482 0.00893071 0.00520447
v 0.00735610 0.01183757 0.00517993
v 0.00748823 0.00893386 0.00515361
v 0.00748863 0.01185029 0.00512895
v 0.00753508 0.01186211 0.00506884
v 0.00691949 0.00825563 0.00515935
v -0.00162445 0.00825563 0.00515935
v -0.00162452 0.00820346 0.00509981
v 0.00691944 0.00841160 0.00520887
v -0.00162443 0.00841160 0.00520887
v 0.00691949 0.00864766 0.00524085
v -0.00162445 0.00864766 0.00524085
v -0.00162452 0.00892786 0.00525041
v 0.00692252 0.01278230 0.00513680
v 0.00715786 0.01280667 0.00511853
v 0.00715848 0.01943750 0.00375506
v 0.00692296 0.01953068 0.00374860
v 0.00735708 0.01284038 0.00506631
v 0.00735775 0.01917005 0.00376496
v 0.00748957 0.01287825 0.00498818
v 0.00749003 0.01876941 0.00377678
v 0.00692344 0.01207997 0.00521846
v -0.00162678 0.01207893 0.00521847
v -0.00162649 0.01181528 0.00522599
v 0.00692322 0.01233434 0.00520062
v -0.00162703 0.01233388 0.00520062
v 0.00692291 0.01257124 0.00517308
v -0.00162724 0.01257111 0.00517307
v -0.00162740 0.01278230 0.00513680
v 0.00753508 0.01261817 0.00496334
v 0.00753508 0.01271702 0.00383497
v 0.00753508 0.01238466 0.00501839
v 0.00753508 0.01245747 0.00383716
v 0.00753508 0.01215517 0.00505461
v 0.00753508 0.01219792 0.00383935
v 0.00753508 0.01193836 0.00384155
v -0.00186005 0.00825934 0.00509937
v -0.00186005 0.00833549 0.00387201
v -0.00162452 0.00827961 0.00387248
v -0.00205970 0.00841848 0.00509804
v -0.00205970 0.00849463 0.00387066
v -0.00219311 0.00865665 0.00509600
v -0.00219311 0.00873280 0.00386865
v -0.00223996 0.00893759 0.00509360
v -0.00223996 0.00901374 0.00386628
v -0.00219311 0.00893386 0.00515361
v -0.00219336 0.01184797 0.00512852
v -0.00223996 0.01185976 0.00506813
v -0.00205970 0.00893071 0.00520447
v -0.00206040 0.01183537 0.00517973
v -0.00186005 0.00892860 0.00523848
v -0.00186133 0.01182389 0.00521397
v -0.00219446 0.01287825 0.00498818
v -0.00219491 0.01876941 0.00377678
v -0.00206196 0.01284038 0.00506631
v -0.00206263 0.01917005 0.00376496
v -0.00186274 0.01280667 0.00511853
v -0.00186336 0.01943750 0.00375506
v -0.00162784 0.01953068 0.00374860
v -0.00223996 0.01215312 0.00505393
v -0.00223996 0.01219792 0.00383935
v -0.00223996 0.01193836 0.00384155
v -0.00223996 0.01238377 0.00501788
v -0.00223996 0.01245747 0.00383716
v -0.00223996 0.01261833 0.00496309
v -0.00223996 0.01271702 0.00383497
v -0.00223996 0.00922717 0.00042591
v -0.00219311 0.00894623 0.00042828
v -0.00219311 0.00874655 0.00364688
v -0.00223996 0.00902749 0.00364451
v -0.00205970 0.00870806 0.00043029
v -0.00205970 0.00850838 0.00364890
v -0.00186005 0.00854892 0.00043163
v -0.00186005 0.00834924 0.00365024
v -0.00162452 0.00829336 0.00365072
v -0.00186005 0.00923616 0.00028102
v -0.00186005 0.01216080 0.00025630
v -0.00205970 0.00923405 0.00031502
v -0.00205970 0.01215869 0.00029029
v -0.00219311 0.00923090 0.00036590
v -0.00219311 0.01215552 0.00034116
v -0.00223996 0.01215181 0.00040116
v -0.00223996 0.01319002 0.00039239
v -0.00223996 0.01293047 0.00039459
v -0.00223996 0.01273079 0.00361320
v -0.00223996 0.01299034 0.00361100
v -0.00223996 0.01267092 0.00039677
v -0.00223996 0.01247123 0.00361539
v -0.00223996 0.01241136 0.00039898
v -0.00223996 0.01221168 0.00361758
v -0.00223996 0.01195212 0.00361978
v -0.00186005 0.01319900 0.00024751
v -0.00186005 0.01942822 0.00019484
v -0.00162452 0.01942896 0.00018291
v -0.00205970 0.01319690 0.00028152
v -0.00205970 0.01942611 0.00022885
v -0.00219311 0.01319374 0.00033238
v -0.00219311 0.01942296 0.00027971
v -0.00223996 0.01941924 0.00033972
v 0.00691964 0.00828992 0.00370616
v -0.00162452 0.00828992 0.00370616
v 0.00691964 0.00828648 0.00376159
v -0.00162452 0.00828648 0.00376159
v 0.00691964 0.00828304 0.00381704
v -0.00162452 0.00828304 0.00381704
v 0.00753508 0.00901717 0.00381083
v 0.00753508 0.01194181 0.00378610
v 0.00753508 0.00902061 0.00375539
v 0.00753508 0.01194524 0.00373066
v 0.00753508 0.00902405 0.00369995
v 0.00753508 0.01194869 0.00367522
v 0.00691964 0.02015336 0.00033351
v 0.00691962 0.02010120 0.00027397
v -0.00162449 0.02010120 0.00027397
v -0.00162452 0.02015336 0.00033351
v 0.00691962 0.01994522 0.00022444
v -0.00162448 0.01994522 0.00022444
v 0.00691962 0.01970916 0.00019247
v -0.00162449 0.01970916 0.00019247
v 0.00748823 0.01970017 0.00033734
v 0.00748854 0.01949807 0.00355325
v 0.00753508 0.01921517 0.00355769
v 0.00735482 0.01993834 0.00033533
v 0.00735568 0.01973789 0.00354882
v 0.00715516 0.02009748 0.00033399
v 0.00715673 0.01989810 0.00354508
v 0.00692200 0.01995427 0.00354259
v 0.00753508 0.01914437 0.00362485
v 0.00753508 0.01298690 0.00366644
v 0.00753508 0.01894961 0.00367480
v 0.00753508 0.01298346 0.00372188
v 0.00753508 0.01865438 0.00372403
v 0.00753508 0.01298002 0.00377732
v 0.00692275 0.01970740 0.00370442
v -0.00162822 0.01970737 0.00370445
v 0.00692251 0.01984023 0.00365393
v -0.00162859 0.01984023 0.00365404
v 0.00692226 0.01992369 0.00359922
v -0.00162894 0.01992368 0.00359949
v -0.00162924 0.01995424 0.00354306
v -0.00223996 0.00902405 0.00369995
v -0.00223996 0.01194869 0.00367522
v -0.00223996 0.00902061 0.00375539
v -0.00223996 0.01194524 0.00373066
v -0.00223996 0.00901717 0.00381083
v -0.00223996 0.01194181 0.00378610
v -0.00186005 0.02009748 0.00033399
v -0.00186307 0.01989836 0.00354559
v -0.00205970 0.01993834 0.00033533
v -0.00206127 0.01973900 0.00354936
v -0.00219311 0.01970017 0.00033734
v -0.00219362 0.01950043 0.00355381
v -0.00223996 0.01921903 0.00355825
v -0.00223996 0.01865563 0.00372401
v -0.00223996 0.01298002 0.00377732
v -0.00223996 0.01895215 0.00367503
v -0.00223996 0.01298346 0.00372188
v -0.00223996 0.01914789 0.00362536
v -0.00223996 0.01298690 0.00366644
v 0.00713207 0.00859003 0.00037720
v 0.00710000 0.00873786 0.00032418
v 0.00713207 0.00898227 0.00029123
v 0.00733535 0.00901861 0.00032180
v 0.00745658 0.00897713 0.00037391
v 0.00733535 0.00873414 0.00038413
v 0.00727484 0.00880908 0.00033897
v 0.00748823 0.01293419 0.00033458
v 0.00748823 0.01267463 0.00033677
v 0.00748823 0.01241508 0.00033896
v 0.00735482 0.01241823 0.00028809
v 0.00715516 0.01242035 0.00025411
v 0.00715516 0.01267990 0.00025191
v 0.00715516 0.01293945 0.00024972
v 0.00735482 0.01293734 0.00028370
v 0.00735482 0.01267779 0.00028590
v 0.00713197 0.00829373 0.00515314
v 0.00733531 0.00843885 0.00514376
v 0.00745657 0.00868083 0.00514987
v 0.00733530 0.00871587 0.00520133
v 0.00713198 0.00867570 0.00523256
v 0.00709985 0.00843513 0.00520372
v 0.00727476 0.00850827 0.00518768
v 0.00748891 0.01260750 0.00504374
v 0.00735634 0.01259531 0.00511178
v 0.00715756 0.01258115 0.00515723
v 0.00715766 0.01234162 0.00518691
v 0.00715781 0.01209050 0.00520607
v 0.00735635 0.01211277 0.00517052
v 0.00748884 0.01213383 0.00511736
v 0.00748880 0.01237140 0.00508825
v 0.00735628 0.01235808 0.00514736
v -0.00216146 0.00868083 0.00514988
v -0.00204021 0.00843885 0.00514377
v -0.00183690 0.00829373 0.00515315
v -0.00180481 0.00843513 0.00520373
v -0.00183691 0.00867571 0.00523256
v -0.00204021 0.00871588 0.00520134
v -0.00197967 0.00850828 0.00518770
v -0.00186210 0.01258110 0.00515722
v -0.00206104 0.01259526 0.00511170
v -0.00219374 0.01260757 0.00504358
v -0.00219358 0.01237061 0.00508793
v -0.00219358 0.01213198 0.00511694
v -0.00206071 0.01211115 0.00517031
v -0.00186172 0.01208928 0.00520602
v -0.00186188 0.01234113 0.00518687
v -0.00206079 0.01235735 0.00514721
v -0.00183696 0.00859003 0.00037720
v -0.00204024 0.00873414 0.00038413
v -0.00216147 0.00897713 0.00037391
v -0.00204024 0.00901861 0.00032180
v -0.00183696 0.00898227 0.00029123
v -0.00180488 0.00873786 0.00032418
v -0.00197972 0.00880908 0.00033897
v -0.00219311 0.01241508 0.00033896
v -0.00219311 0.01267463 0.00033677
v -0.00219311 0.01293419 0.00033458
v -0.00205970 0.01293734 0.00028370
v -0.00186005 0.01293945 0.00024972
v -0.00186005 0.01267990 0.00025191
v -0.00186005 0.01242035 0.00025411
v -0.00205970 0.01241823 0.00028809
v -0.00205970 0.01267779 0.00028590
v 0.00715516 0.00833892 0.00381657
v 0.00715516 0.00834237 0.00376113
v 0.00715516 0.00834581 0.00370568
v 0.00735482 0.00850495 0.00370434
v 0.00748823 0.00874311 0.00370233
v 0.00748823 0.00873967 0.00375777
v 0.00748823 0.00873623 0.00381321
v 0.00735482 0.00849806 0.00381522
v 0.00735482 0.00850150 0.00375978
v 0.00745658 0.01967600 0.00028344
v 0.00733535 0.01964097 0.00023197
v 0.00713206 0.01968114 0.00020077
v 0.00709998 0.01992169 0.00022962
v 0.00713207 0.02006310 0.00028017
v 0.00733535 0.01991798 0.00028956
v 0.00727483 0.01984857 0.00024563
v 0.00715763 0.01962824 0.00370757
v 0.00735653 0.01940018 0.00371283
v 0.00748909 0.01905847 0.00371843
v 0.00748892 0.01929164 0.00366847
v 0.00748893 0.01944327 0.00361702
v 0.00735621 0.01969621 0.00360958
v 0.00715727 0.01986513 0.00360252
v 0.00715741 0.01977359 0.00365657
v 0.00735626 0.01958060 0.00366251
v -0.00219311 0.00873623 0.00381321
v -0.00219311 0.00873967 0.00375777
v -0.00219311 0.00874311 0.00370233
v -0.00205970 0.00850495 0.00370434
v -0.00186005 0.00834581 0.00370568
v -0.00186005 0.00834237 0.00376113
v -0.00186005 0.00833892 0.00381657
v -0.00205970 0.00849806 0.00381522
v -0.00205970 0.00850150 0.00375978
v -0.00183693 0.01968112 0.00020076
v -0.00204022 0.01964094 0.00023199
v -0.00216146 0.01967599 0.00028344
v -0.00204022 0.01991796 0.00028956
v -0.00183693 0.02006310 0.00028017
v -0.00180484 0.01992168 0.00022960
v -0.00197970 0.01984855 0.00024564
v -0.00219402 0.01905923 0.00371843
v -0.00206161 0.01940054 0.00371286
v -0.00186289 0.01962831 0.00370759
v -0.00186305 0.01977380 0.00365670
v -0.00186328 0.01986541 0.00360284
v -0.00206169 0.01969725 0.00360999
v -0.00219399 0.01944545 0.00361748
v -0.00219392 0.01929321 0.00366869
v -0.00206156 0.01958136 0.00366270
v 0.00753508 0.01220823 0.00367303
v 0.00753508 0.01246779 0.00367084
v 0.00753508 0.01272734 0.00366864
v 0.00753508 0.01272391 0.00372408
v 0.00753508 0.01272047 0.00377952
v 0.00753508 0.01246092 0.00378171
v 0.00753508 0.01220136 0.00378391
v 0.00753508 0.01220480 0.00372846
v 0.00753508 0.01246435 0.00372627
v -0.00223996 0.01220136 0.00378391
v -0.00223996 0.01246092 0.00378171
v -0.00223996 0.01272047 0.00377952
v -0.00223996 0.01272391 0.00372408
v -0.00223996 0.01272734 0.00366864
v -0.00223996 0.01246779 0.00367084
v -0.00223996 0.01220823 0.00367303
v -0.00223996 0.01220480 0.00372846
v -0.00223996 0.01246435 0.00372627
v -0.01458022 -0.04041807 0.00475669
v -0.01458022 -0.04135101 0.00500327
v -0.01974118 -0.04135101 0.00500327
v -0.01974118 -0.04041807 0.00475669
v -0.01458022 -0.04173745 0.00559857
v -0.01974118 -0.04173745 0.00559857
v -0.01347446 -0.04041807 0.00559857
v -0.01379833 -0.04041807 0.00500327
v -0.01379833 0.00768906 0.00500327
v -0.01347446 0.00768906 0.00559857
v -0.01458022 0.00768906 0.00475669
v -0.01379833 -0.04135101 0.00559857
v -0.01379833 -0.04135101 0.03629549
v -0.01458022 -0.04173745 0.03629549
v -0.01347446 -0.04041807 0.03629549
v -0.01458022 0.00900841 0.00559857
v -0.01458022 0.00862198 0.00500327
v -0.01974118 0.00862198 0.00500327
v -0.01974118 0.00900841 0.00559857
v -0.01974118 0.00768906 0.00475669
v -0.01379833 0.00862198 0.00559857
v -0.01379833 0.00862198 0.03629549
v -0.01347446 0.00768906 0.03629549
v -0.01458022 0.00900841 0.03629549
v -0.01458022 -0.04135101 0.03689080
v -0.01974118 -0.04135101 0.03689080
v -0.01974118 -0.04173745 0.03629549
v -0.01458022 -0.04041807 0.03713738
v -0.01974118 -0.04041807 0.03713738
v -0.01379833 -0.04041807 0.03689080
v -0.01379833 0.00768906 0.03689080
v -0.01458022 0.00768906 0.03713738
v -0.01458022 0.00862198 0.03689080
v -0.01974118 0.00862198 0.03689080
v -0.01974118 0.00768906 0.03713738
v -0.01974118 0.00900841 0.03629549
v -0.02052308 -0.04135101 0.03629549
v -0.02052308 -0.04135101 0.00559857
v -0.02084694 -0.04041807 0.03629549
v -0.02084694 -0.04041807 0.00559857
v -0.02052308 -0.04041807 0.03689080
v -0.02052308 0.00768906 0.03689080
v -0.02084694 0.00768906 0.03629549
v -0.02052308 0.00862198 0.03629549
v -0.02052308 0.00862198 0.00559857
v -0.02084694 0.00768906 0.00559857
v -0.02052308 -0.04041807 0.00500327
v -0.02052308 0.00768906 0.00500327
v -0.01394203 -0.04117955 0.00511268
v -0.01394203 0.00845052 0.00511268
v -0.01394203 -0.04117955 0.03678139
v -0.01394203 0.00845052 0.03678139
v -0.02037937 -0.04117955 0.03678139
v -0.02037937 0.00845052 0.03678139
v -0.02037937 -0.04117955 0.00511268
v -0.02037937 0.00845052 0.00511268
v 0.00636301 -0.01824199 0.00555133
v 0.00636301 -0.01858394 0.00564171
v 0.00312021 -0.01858394 0.00564171
v 0.00312021 -0.01824199 0.00555133
v 0.00636301 -0.01872558 0.00585991
v 0.00312021 -0.01872558 0.00585991
v 0.00676831 -0.01824199 0.00585991
v 0.00664960 -0.01824199 0.00564171
v 0.00664960 -0.01437274 0.00564171
v 0.00676831 -0.01437274 0.00585991
v 0.00636301 -0.01437274 0.00555133
v 0.00664960 -0.01858394 0.00585991
v 0.00664960 -0.01858394 0.01141497
v 0.00636301 -0.01872558 0.01141497
v 0.00676831 -0.01824199 0.01141497
v 0.00636301 -0.01388914 0.00585991
v 0.00636301 -0.01403078 0.00564171
v 0.00312021 -0.01403078 0.00564171
v 0.00312021 -0.01388914 0.00585991
v 0.00312021 -0.01437274 0.00555133
v 0.00664960 -0.01403078 0.00585991
v 0.00664960 -0.01403078 0.01141497
v 0.00676831 -0.01437274 0.01141497
v 0.00636301 -0.01388914 0.01141497
v 0.00636301 -0.01858394 0.01163317
v 0.00312021 -0.01858394 0.01163317
v 0.00312021 -0.01872558 0.01141497
v 0.00636301 -0.01824199 0.01172355
v 0.00312021 -0.01824199 0.01172355
v 0.00664960 -0.01824199 0.01163317
v 0.00664960 -0.01437274 0.01163317
v 0.00636301 -0.01437274 0.01172355
v 0.00636301 -0.01403078 0.01163317
v 0.00312021 -0.01403078 0.01163317
v 0.00312021 -0.01437274 0.01172355
v 0.00312021 -0.01388914 0.01141497
v 0.00283362 -0.01858394 0.01141497
v 0.00283362 -0.01858394 0.00585991
v 0.00271491 -0.01824199 0.01141497
v 0.00271491 -0.01824199 0.00585991
v 0.00283362 -0.01824199 0.01163317
v 0.00283362 -0.01437274 0.01163317
v 0.00271491 -0.01437274 0.01141497
v 0.00283362 -0.01403078 0.01141497
v 0.00283362 -0.01403078 0.00585991
v 0.00271491 -0.01437274 0.00585991
v 0.00283362 -0.01824199 0.00564171
v 0.00283362 -0.01437274 0.00564171
v 0.00659693 -0.01852110 0.00568181
v 0.00659693 -0.01409363 0.00568181
v 0.00659693 -0.01852110 0.01159306
v 0.00659693 -0.01409363 0.01159306
v 0.00288629 -0.01852110 0.01159306
v 0.00288629 -0.01409363 0.01159306
v 0.00288629 -0.01852110 0.00568181
v 0.00288629 -0.01409363 0.00568181
f 1 2 3
f 4 5 6
f 7 8 9
f 10 11 12
f 13 14 15
f 16 17 18
f 19 20 21
f 22 23 24
f 25 26 27
f 28 29 30
f 31 32 33
f 34 35 36
f 37 38 39
f 40 41 42
f 43 44 45
f 46 47 48
f 49 50 51
f 52 53 54
f 55 56 57
f 58 59 60
f 61 62 63
f 64 65 66
f 67 68 69
f 70 71 72
f 73 74 75
f 76 77 78
f 79 80 81
f 82 83 84
f 85 86 87
f 88 89 90
f 91 92 93
f 94 95 96
f 97 98 99
f 100 101 102
f 103 104 105
f 106 107 108
f 109 110 111
f 112 113 114
f 115 116 117
f 118 119 120
f 2 58 60
f 2 60 3
f 121 2 1
f 121 1 122
f 123 121 124
f 123 124 125
f 58 123 126
f 58 126 59
f 5 1 3
f 5 3 6
f 127 5 4
f 127 4 128
f 122 127 129
f 122 129 130
f 8 4 6
f 8 6 9
f 131 8 7
f 131 7 132
f 128 131 133
f 128 133 134
f 11 7 9
f 11 9 12
f 135 11 10
f 135 10 136
f 132 135 137
f 132 137 138
f 14 10 12
f 14 12 15
f 139 14 13
f 139 13 140
f 136 139 141
f 136 141 142
f 17 13 15
f 17 15 18
f 143 17 16
f 143 16 144
f 140 143 145
f 140 145 146
f 20 16 18
f 20 18 21
f 147 20 19
f 147 19 148
f 144 147 149
f 144 149 150
f 23 19 21
f 23 21 24
f 151 23 22
f 151 22 152
f 148 151 153
f 148 153 154
f 26 22 24
f 26 24 27
f 155 26 25
f 155 25 156
f 152 155 157
f 152 157 158
f 29 25 27
f 29 27 30
f 159 29 28
f 159 28 160
f 156 159 161
f 156 161 162
f 32 28 30
f 32 30 33
f 163 32 31
f 163 31 164
f 160 163 165
f 160 165 166
f 35 31 33
f 35 33 36
f 167 35 34
f 167 34 168
f 164 167 169
f 164 169 170
f 38 34 36
f 38 36 39
f 171 38 37
f 171 37 172
f 168 171 173
f 168 173 174
f 41 37 39
f 41 39 42
f 175 41 40
f 175 40 176
f 172 175 177
f 172 177 178
f 44 40 42
f 44 42 45
f 179 44 43
f 179 43 180
f 176 179 181
f 176 181 182
f 47 43 45
f 47 45 48
f 183 47 46
f 183 46 184
f 180 183 185
f 180 185 186
f 50 46 48
f 50 48 51
f 187 50 49
f 187 49 188
f 184 187 189
f 184 189 190
f 53 49 51
f 53 51 54
f 191 53 52
f 191 52 192
f 188 191 193
f 188 193 194
f 56 52 54
f 56 54 57
f 195 56 55
f 195 55 196
f 192 195 197
f 192 197 198
f 59 55 57
f 59 57 60
f 196 126 199
f 196 199 200
f 119 61 63
f 119 63 120
f 125 119 118
f 125 118 199
f 61 124 130
f 61 130 62
f 62 64 66
f 62 66 63
f 64 129 134
f 64 134 65
f 65 67 69
f 65 69 66
f 67 133 138
f 67 138 68
f 68 70 72
f 68 72 69
f 70 137 142
f 70 142 71
f 71 73 75
f 71 75 72
f 73 141 146
f 73 146 74
f 74 76 78
f 74 78 75
f 76 145 150
f 76 150 77
f 77 79 81
f 77 81 78
f 79 149 154
f 79 154 80
f 80 82 84
f 80 84 81
f 82 153 158
f 82 158 83
f 83 85 87
f 83 87 84
f 85 157 162
f 85 162 86
f 86 88 90
f 86 90 87
f 88 161 166
f 88 166 89
f 89 91 93
f 89 93 90
f 91 165 170
f 91 170 92
f 92 94 96
f 92 96 93
f 94 169 174
f 94 174 95
f 95 97 99
f 95 99 96
f 97 173 178
f 97 178 98
f 98 100 102
f 98 102 99
f 100 177 182
f 100 182 101
f 101 103 105
f 101 105 102
f 103 181 186
f 103 186 104
f 104 106 108
f 104 108 105
f 106 185 190
f 106 190 107
f 107 109 111
f 107 111 108
f 109 189 194
f 109 194 110
f 110 112 114
f 110 114 111
f 112 193 198
f 112 198 113
f 113 115 117
f 113 117 114
f 115 197 200
f 115 200 116
f 116 118 120
f 116 120 117
f 121 122 130
f 121 130 124
f 127 128 134
f 127 134 129
f 131 132 138
f 131 138 133
f 135 136 142
f 135 142 137
f 139 140 146
f 139 146 141
f 143 144 150
f 143 150 145
f 147 148 154
f 147 154 149
f 151 152 158
f 151 158 153
f 155 156 162
f 155 162 157
f 159 160 166
f 159 166 161
f 163 164 170
f 163 170 165
f 167 168 174
f 167 174 169
f 171 172 178
f 171 178 173
f 175 176 182
f 175 182 177
f 179 180 186
f 179 186 181
f 183 184 190
f 183 190 185
f 187 188 194
f 187 194 189
f 191 192 198
f 191 198 193
f 195 196 200
f 195 200 197
f 126 123 125
f 126 125 199
f 2 121 123
f 2 123 58
f 5 127 122
f 5 122 1
f 8 131 128
f 8 128 4
f 11 135 132
f 11 132 7
f 14 139 136
f 14 136 10
f 17 143 140
f 17 140 13
f 20 147 144
f 20 144 16
f 23 151 148
f 23 148 19
f 26 155 152
f 26 152 22
f 29 159 156
f 29 156 25
f 32 163 160
f 32 160 28
f 35 167 164
f 35 164 31
f 38 171 168
f 38 168 34
f 41 175 172
f 41 172 37
f 44 179 176
f 44 176 40
f 47 183 180
f 47 180 43
f 50 187 184
f 50 184 46
f 53 191 188
f 53 188 49
f 56 195 192
f 56 192 52
f 59 126 196
f 59 196 55
f 119 125 124
f 119 124 61
f 62 130 129
f 62 129 64
f 65 134 133
f 65 133 67
f 68 138 137
f 68 137 70
f 71 142 141
f 71 141 73
f 74 146 145
f 74 145 76
f 77 150 149
f 77 149 79
f 80 154 153
f 80 153 82
f 83 158 157
f 83 157 85
f 86 162 161
f 86 161 88
f 89 166 165
f 89 165 91
f 92 170 169
f 92 169 94
f 95 174 173
f 95 173 97
f 98 178 177
f 98 177 100
f 101 182 181
f 101 181 103
f 104 186 185
f 104 185 106
f 107 190 189
f 107 189 109
f 110 194 193
f 110 193 112
f 113 198 197
f 113 197 115
f 116 200 199
f 116 199 118
f 9 15 12
f 15 9 18
f 18 9 6
f 18 6 21
f 21 6 3
f 21 3 24
f 24 3 60
f 24 60 27
f 27 60 57
f 27 57 30
f 30 57 54
f 30 54 33
f 33 54 51
f 33 51 36
f 36 51 48
f 36 48 39
f 39 48 42
f 42 48 45
f 78 72 75
f 72 78 69
f 69 78 81
f 69 81 66
f 66 81 84
f 66 84 63
f 63 84 87
f 63 87 120
f 120 87 90
f 120 90 117
f 117 90 93
f 117 93 114
f 114 93 96
f 114 96 111
f 111 96 99
f 111 99 108
f 108 99 102
f 108 102 105
f 201 202 203
f 204 205 206
f 207 208 209
f 207 209 210
f 208 201 203
f 208 203 209
f 211 212 213
f 211 213 214
f 212 207 215
f 212 215 213
f 201 216 217
f 201 217 202
f 216 211 218
f 216 218 217
f 219 220 221
f 219 221 222
f 220 218 223
f 220 223 221
f 202 224 225
f 202 225 203
f 224 219 226
f 224 226 225
f 204 227 228
f 204 228 205
f 227 215 229
f 227 229 228
f 214 230 231
f 214 231 223
f 230 204 206
f 230 206 231
f 222 232 233
f 222 233 234
f 232 206 205
f 232 205 233
f 210 235 236
f 210 236 229
f 235 226 234
f 235 234 236
f 214 223 218
f 214 218 211
f 219 222 234
f 219 234 226
f 229 215 207
f 229 207 210
f 216 201 208
f 216 208 237
f 208 207 212
f 208 212 237
f 212 211 216
f 212 216 237
f 217 218 220
f 217 220 238
f 220 219 224
f 220 224 238
f 224 202 217
f 224 217 238
f 213 215 227
f 213 227 239
f 227 204 230
f 227 230 239
f 230 214 213
f 230 213 239
f 232 222 221
f 232 221 240
f 221 223 231
f 221 231 240
f 231 206 232
f 231 232 240
f 235 210 209
f 235 209 241
f 209 203 225
f 209 225 241
f 225 226 235
f 225 235 241
f 233 205 228
f 233 228 242
f 228 229 236
f 228 236 242
f 236 234 233
f 236 233 242
f 243 244 245
f 246 247 248
f 249 250 251
f 249 251 252
f 250 253 254
f 250 254 251
f 253 255 256
f 253 256 254
f 255 257 258
f 255 258 256
f 259 260 261
f 259 261 262
f 260 263 264
f 260 264 261
f 263 265 266
f 263 266 264
f 265 249 267
f 265 267 266
f 257 268 269
f 257 269 270
f 268 271 272
f 268 272 269
f 271 273 274
f 271 274 272
f 273 259 275
f 273 275 274
f 262 276 277
f 262 277 278
f 276 279 280
f 276 280 277
f 279 281 282
f 279 282 280
f 281 283 284
f 281 284 282
f 285 286 287
f 285 287 288
f 286 289 290
f 286 290 287
f 289 291 292
f 289 292 290
f 291 267 293
f 291 293 292
f 283 294 295
f 283 295 296
f 294 297 298
f 294 298 295
f 297 299 300
f 297 300 298
f 299 285 301
f 299 301 300
f 302 303 304
f 302 304 305
f 303 306 307
f 303 307 304
f 306 308 309
f 306 309 307
f 308 310 311
f 308 311 309
f 312 313 314
f 312 314 315
f 313 316 317
f 313 317 314
f 316 318 319
f 316 319 317
f 318 302 320
f 318 320 319
f 310 321 322
f 310 322 323
f 321 324 325
f 321 325 322
f 324 326 327
f 324 327 325
f 326 312 328
f 326 328 327
f 329 330 331
f 329 331 332
f 330 333 334
f 330 334 331
f 333 335 336
f 333 336 334
f 335 243 245
f 335 245 336
f 315 337 338
f 315 338 339
f 337 340 341
f 337 341 338
f 340 342 343
f 340 343 341
f 342 329 344
f 342 344 343
f 243 345 346
f 243 346 244
f 345 347 348
f 345 348 346
f 347 349 350
f 347 350 348
f 349 320 351
f 349 351 350
f 323 352 353
f 323 353 354
f 352 355 356
f 352 356 353
f 355 357 358
f 355 358 356
f 357 359 360
f 357 360 358
f 359 361 362
f 359 362 363
f 361 364 365
f 361 365 362
f 364 366 367
f 364 367 365
f 366 328 339
f 366 339 367
f 247 368 369
f 247 369 248
f 368 370 371
f 368 371 369
f 370 372 373
f 370 373 371
f 372 344 374
f 372 374 373
f 363 375 376
f 363 376 377
f 375 378 379
f 375 379 376
f 378 380 381
f 378 381 379
f 380 247 246
f 380 246 381
f 382 383 384
f 382 384 385
f 383 386 387
f 383 387 384
f 386 388 389
f 386 389 387
f 388 258 390
f 388 390 389
f 252 391 392
f 252 392 293
f 391 393 394
f 391 394 392
f 393 395 396
f 393 396 394
f 395 382 397
f 395 397 396
f 398 399 400
f 398 400 401
f 399 402 403
f 399 403 400
f 402 404 405
f 402 405 403
f 404 397 406
f 404 406 405
f 288 407 408
f 288 408 409
f 407 410 411
f 407 411 408
f 410 412 413
f 410 413 411
f 412 398 414
f 412 414 413
f 270 415 416
f 270 416 390
f 415 417 418
f 415 418 416
f 417 419 420
f 417 420 418
f 419 311 354
f 419 354 420
f 305 421 422
f 305 422 351
f 421 423 424
f 421 424 422
f 423 425 426
f 423 426 424
f 425 275 278
f 425 278 426
f 427 428 429
f 427 429 430
f 428 431 432
f 428 432 429
f 431 433 434
f 431 434 432
f 433 301 409
f 433 409 434
f 296 435 436
f 296 436 437
f 435 438 439
f 435 439 436
f 438 440 441
f 438 441 439
f 440 427 442
f 440 442 441
f 437 443 444
f 437 444 284
f 443 445 446
f 443 446 444
f 445 447 448
f 445 448 446
f 447 245 244
f 447 244 448
f 332 449 450
f 332 450 374
f 449 451 452
f 449 452 450
f 451 453 454
f 451 454 452
f 453 442 455
f 453 455 454
f 385 456 457
f 385 457 406
f 456 458 459
f 456 459 457
f 458 460 461
f 458 461 459
f 460 360 377
f 460 377 461
f 430 462 463
f 430 463 455
f 462 464 465
f 462 465 463
f 464 466 467
f 464 467 465
f 466 414 468
f 466 468 467
f 248 469 470
f 248 470 246
f 469 471 472
f 469 472 470
f 471 473 474
f 471 474 472
f 473 468 401
f 473 401 474
f 285 288 409
f 285 409 301
f 354 311 310
f 354 310 323
f 284 283 296
f 284 296 437
f 427 430 455
f 427 455 442
f 398 401 468
f 398 468 414
f 258 257 270
f 258 270 390
f 252 293 267
f 252 267 249
f 385 406 397
f 385 397 382
f 359 363 377
f 359 377 360
f 312 315 339
f 312 339 328
f 305 351 320
f 305 320 302
f 259 262 278
f 259 278 275
f 374 344 329
f 374 329 332
f 268 257 255
f 268 255 475
f 475 255 253
f 475 253 476
f 476 253 250
f 476 250 477
f 250 249 265
f 250 265 477
f 477 265 263
f 477 263 478
f 478 263 260
f 478 260 479
f 260 259 273
f 260 273 479
f 479 273 271
f 479 271 480
f 480 271 268
f 480 268 475
f 480 475 476
f 480 476 481
f 476 477 478
f 476 478 481
f 478 479 480
f 478 480 481
f 294 283 281
f 294 281 482
f 482 281 279
f 482 279 483
f 483 279 276
f 483 276 484
f 276 262 261
f 276 261 484
f 484 261 264
f 484 264 485
f 485 264 266
f 485 266 486
f 266 267 291
f 266 291 486
f 486 291 289
f 486 289 487
f 487 289 286
f 487 286 488
f 286 285 299
f 286 299 488
f 488 299 297
f 488 297 489
f 489 297 294
f 489 294 482
f 489 482 483
f 489 483 490
f 483 484 485
f 483 485 490
f 485 486 487
f 485 487 490
f 487 488 489
f 487 489 490
f 321 310 308
f 321 308 491
f 491 308 306
f 491 306 492
f 492 306 303
f 492 303 493
f 303 302 318
f 303 318 493
f 493 318 316
f 493 316 494
f 494 316 313
f 494 313 495
f 313 312 326
f 313 326 495
f 495 326 324
f 495 324 496
f 496 324 321
f 496 321 491
f 496 491 492
f 496 492 497
f 492 493 494
f 492 494 497
f 494 495 496
f 494 496 497
f 345 243 335
f 345 335 498
f 498 335 333
f 498 333 499
f 499 333 330
f 499 330 500
f 330 329 342
f 330 342 500
f 500 342 340
f 500 340 501
f 501 340 337
f 501 337 502
f 337 315 314
f 337 314 502
f 502 314 317
f 502 317 503
f 503 317 319
f 503 319 504
f 319 320 349
f 319 349 504
f 504 349 347
f 504 347 505
f 505 347 345
f 505 345 498
f 505 498 499
f 505 499 506
f 499 500 501
f 499 501 506
f 501 502 503
f 501 503 506
f 503 504 505
f 503 505 506
f 361 359 357
f 361 357 507
f 507 357 355
f 507 355 508
f 508 355 352
f 508 352 509
f 352 323 322
f 352 322 509
f 509 322 325
f 509 325 510
f 510 325 327
f 510 327 511
f 327 328 366
f 327 366 511
f 511 366 364
f 511 364 512
f 512 364 361
f 512 361 507
f 512 507 508
f 512 508 513
f 508 509 510
f 508 510 513
f 510 511 512
f 510 512 513
f 343 344 372
f 343 372 514
f 514 372 370
f 514 370 515
f 515 370 368
f 515 368 516
f 368 247 380
f 368 380 516
f 516 380 378
f 516 378 517
f 517 378 375
f 517 375 518
f 375 363 362
f 375 362 518
f 518 362 365
f 518 365 519
f 519 365 367
f 519 367 520
f 367 339 338
f 367 338 520
f 520 338 341
f 520 341 521
f 521 341 343
f 521 343 514
f 521 514 515
f 521 515 522
f 515 516 517
f 515 517 522
f 517 518 519
f 517 519 522
f 519 520 521
f 519 521 522
f 256 258 388
f 256 388 523
f 523 388 386
f 523 386 524
f 524 386 383
f 524 383 525
f 383 382 395
f 383 395 525
f 525 395 393
f 525 393 526
f 526 393 391
f 526 391 527
f 391 252 251
f 391 251 527
f 527 251 254
f 527 254 528
f 528 254 256
f 528 256 523
f 528 523 524
f 528 524 529
f 524 525 526
f 524 526 529
f 526 527 528
f 526 528 529
f 396 397 404
f 396 404 530
f 530 404 402
f 530 402 531
f 531 402 399
f 531 399 532
f 399 398 412
f 399 412 532
f 532 412 410
f 532 410 533
f 533 410 407
f 533 407 534
f 407 288 287
f 407 287 534
f 534 287 290
f 534 290 535
f 535 290 292
f 535 292 536
f 292 293 392
f 292 392 536
f 536 392 394
f 536 394 537
f 537 394 396
f 537 396 530
f 537 530 531
f 537 531 538
f 531 532 533
f 531 533 538
f 533 534 535
f 533 535 538
f 535 536 537
f 535 537 538
f 309 311 419
f 309 419 539
f 539 419 417
f 539 417 540
f 540 417 415
f 540 415 541
f 415 270 269
f 415 269 541
f 541 269 272
f 541 272 542
f 542 272 274
f 542 274 543
f 274 275 425
f 274 425 543
f 543 425 423
f 543 423 544
f 544 423 421
f 544 421 545
f 421 305 304
f 421 304 545
f 545 304 307
f 545 307 546
f 546 307 309
f 546 309 539
f 546 539 540
f 546 540 547
f 540 541 542
f 540 542 547
f 542 543 544
f 542 544 547
f 544 545 546
f 544 546 547
f 435 296 295
f 435 295 548
f 548 295 298
f 548 298 549
f 549 298 300
f 549 300 550
f 300 301 433
f 300 433 550
f 550 433 431
f 550 431 551
f 551 431 428
f 551 428 552
f 428 427 440
f 428 440 552
f 552 440 438
f 552 438 553
f 553 438 435
f 553 435 548
f 553 548 549
f 553 549 554
f 549 550 551
f 549 551 554
f 551 552 553
f 551 553 554
f 449 332 331
f 449 331 555
f 555 331 334
f 555 334 556
f 556 334 336
f 556 336 557
f 336 245 447
f 336 447 557
f 557 447 445
f 557 445 558
f 558 445 443
f 558 443 559
f 443 437 436
f 443 436 559
f 559 436 439
f 559 439 560
f 560 439 441
f 560 441 561
f 441 442 453
f 441 453 561
f 561 453 451
f 561 451 562
f 562 451 449
f 562 449 555
f 562 555 556
f 562 556 563
f 556 557 558
f 556 558 563
f 558 559 560
f 558 560 563
f 560 561 562
f 560 562 563
f 358 360 460
f 358 460 564
f 564 460 458
f 564 458 565
f 565 458 456
f 565 456 566
f 456 385 384
f 456 384 566
f 566 384 387
f 566 387 567
f 567 387 389
f 567 389 568
f 389 390 416
f 389 416 568
f 568 416 418
f 568 418 569
f 569 418 420
f 569 420 570
f 420 354 353
f 420 353 570
f 570 353 356
f 570 356 571
f 571 356 358
f 571 358 564
f 571 564 565
f 571 565 572
f 565 566 567
f 565 567 572
f 567 568 569
f 567 569 572
f 569 570 571
f 569 571 572
f 434 409 408
f 434 408 573
f 573 408 411
f 573 411 574
f 574 411 413
f 574 413 575
f 413 414 466
f 413 466 575
f 575 466 464
f 575 464 576
f 576 464 462
f 576 462 577
f 462 430 429
f 462 429 577
f 577 429 432
f 577 432 578
f 578 432 434
f 578 434 573
f 578 573 574
f 578 574 579
f 574 575 576
f 574 576 579
f 576 577 578
f 576 578 579
f 469 248 369
f 469 369 580
f 580 369 371
f 580 371 581
f 581 371 373
f 581 373 582
f 373 374 450
f 373 450 582
f 582 450 452
f 582 452 583
f 583 452 454
f 583 454 584
f 454 455 463
f 454 463 584
f 584 463 465
f 584 465 585
f 585 465 467
f 585 467 586
f 467 468 473
f 467 473 586
f 586 473 471
f 586 471 587
f 587 471 469
f 587 469 580
f 587 580 581
f 587 581 588
f 581 582 583
f 581 583 588
f 583 584 585
f 583 585 588
f 585 586 587
f 585 587 588
f 426 278 277
f 426 277 589
f 589 277 280
f 589 280 590
f 590 280 282
f 590 282 591
f 282 284 444
f 282 444 591
f 591 444 446
f 591 446 592
f 592 446 448
f 592 448 593
f 448 244 346
f 448 346 593
f 593 346 348
f 593 348 594
f 594 348 350
f 594 350 595
f 350 351 422
f 350 422 595
f 595 422 424
f 595 424 596
f 596 424 426
f 596 426 589
f 596 589 590
f 596 590 597
f 590 591 592
f 590 592 597
f 592 593 594
f 592 594 597
f 594 595 596
f 594 596 597
f 461 377 376
f 461 376 598
f 598 376 379
f 598 379 599
f 599 379 381
f 599 381 600
f 381 246 470
f 381 470 600
f 600 470 472
f 600 472 601
f 601 472 474
f 601 474 602
f 474 401 400
f 474 400 602
f 602 400 403
f 602 403 603
f 603 403 405
f 603 405 604
f 405 406 457
f 405 457 604
f 604 457 459
f 604 459 605
f 605 459 461
f 605 461 598
f 605 598 599
f 605 599 606
f 599 600 601
f 599 601 606
f 601 602 603
f 601 603 606
f 603 604 605
f 603 605 606
f 607 608 609
f 610 611 612
f 613 614 615
f 613 615 616
f 614 617 618
f 614 618 615
f 617 619 620
f 617 620 618
f 619 621 622
f 619 622 620
f 623 624 625
f 623 625 626
f 624 627 628
f 624 628 625
f 627 629 630
f 627 630 628
f 629 613 631
f 629 631 630
f 621 632 633
f 621 633 634
f 632 635 636
f 632 636 633
f 635 637 638
f 635 638 636
f 637 623 639
f 637 639 638
f 626 640 641
f 626 641 642
f 640 643 644
f 640 644 641
f 643 645 646
f 643 646 644
f 645 647 648
f 645 648 646
f 649 650 651
f 649 651 652
f 650 653 654
f 650 654 651
f 653 655 656
f 653 656 654
f 655 631 657
f 655 657 656
f 647 658 659
f 647 659 660
f 658 661 662
f 658 662 659
f 661 663 664
f 661 664 662
f 663 649 665
f 663 665 664
f 666 667 668
f 666 668 669
f 667 670 671
f 667 671 668
f 670 672 673
f 670 673 671
f 672 674 675
f 672 675 673
f 676 677 678
f 676 678 679
f 677 680 681
f 677 681 678
f 680 682 683
f 680 683 681
f 682 666 684
f 682 684 683
f 674 685 686
f 674 686 687
f 685 688 689
f 685 689 686
f 688 690 691
f 688 691 689
f 690 676 692
f 690 692 691
f 693 694 695
f 693 695 696
f 694 697 698
f 694 698 695
f 697 699 700
f 697 700 698
f 699 607 609
f 699 609 700
f 679 701 702
f 679 702 703
f 701 704 705
f 701 705 702
f 704 706 707
f 704 707 705
f 706 693 708
f 706 708 707
f 607 709 710
f 607 710 608
f 709 711 712
f 709 712 710
f 711 713 714
f 711 714 712
f 713 684 715
f 713 715 714
f 687 716 717
f 687 717 718
f 716 719 720
f 716 720 717
f 719 721 722
f 719 722 720
f 721 723 724
f 721 724 722
f 723 725 726
f 723 726 727
f 725 728 729
f 725 729 726
f 728 730 731
f 728 731 729
f 730 692 703
f 730 703 731
f 611 732 733
f 611 733 612
f 732 734 735
f 732 735 733
f 734 736 737
f 734 737 735
f 736 708 738
f 736 738 737
f 727 739 740
f 727 740 741
f 739 742 743
f 739 743 740
f 742 744 745
f 742 745 743
f 744 611 610
f 744 610 745
f 746 747 748
f 746 748 749
f 747 750 751
f 747 751 748
f 750 752 753
f 750 753 751
f 752 622 754
f 752 754 753
f 616 755 756
f 616 756 657
f 755 757 758
f 755 758 756
f 757 759 760
f 757 760 758
f 759 746 761
f 759 761 760
f 762 763 764
f 762 764 765
f 763 766 767
f 763 767 764
f 766 768 769
f 766 769 767
f 768 761 770
f 768 770 769
f 652 771 772
f 652 772 773
f 771 774 775
f 771 775 772
f 774 776 777
f 774 777 775
f 776 762 778
f 776 778 777
f 634 779 780
f 634 780 754
f 779 781 782
f 779 782 780
f 781 783 784
f 781 784 782
f 783 675 718
f 783 718 784
f 669 785 786
f 669 786 715
f 785 787 788
f 785 788 786
f 787 789 790
f 787 790 788
f 789 639 642
f 789 642 790
f 791 792 793
f 791 793 794
f 792 795 796
f 792 796 793
f 795 797 798
f 795 798 796
f 797 665 773
f 797 773 798
f 660 799 800
f 660 800 801
f 799 802 803
f 799 803 800
f 802 804 805
f 802 805 803
f 804 791 806
f 804 806 805
f 801 807 808
f 801 808 648
f 807 809 810
f 807 810 808
f 809 811 812
f 809 812 810
f 811 609 608
f 811 608 812
f 696 813 814
f 696 814 738
f 813 815 816
f 813 816 814
f 815 817 818
f 815 818 816
f 817 806 819
f 817 819 818
f 749 820 821
f 749 821 770
f 820 822 823
f 820 823 821
f 822 824 825
f 822 825 823
f 824 724 741
f 824 741 825
f 794 826 827
f 794 827 819
f 826 828 829
f 826 829 827
f 828 830 831
f 828 831 829
f 830 778 832
f 830 832 831
f 612 833 834
f 612 834 610
f 833 835 836
f 833 836 834
f 835 837 838
f 835 838 836
f 837 832 765
f 837 765 838
f 649 652 773
f 649 773 665
f 718 675 674
f 718 674 687
f 648 647 660
f 648 660 801
f 791 794 819
f 791 819 806
f 762 765 832
f 762 832 778
f 622 621 634
f 622 634 754
f 616 657 631
f 616 631 613
f 749 770 761
f 749 761 746
f 723 727 741
f 723 741 724
f 676 679 703
f 676 703 692
f 669 715 684
f 669 684 666
f 623 626 642
f 623 642 639
f 738 708 693
f 738 693 696
f 632 621 619
f 632 619 839
f 839 619 617
f 839 617 840
f 840 617 614
f 840 614 841
f 614 613 629
f 614 629 841
f 841 629 627
f 841 627 842
f 842 627 624
f 842 624 843
f 624 623 637
f 624 637 843
f 843 637 635
f 843 635 844
f 844 635 632
f 844 632 839
f 844 839 840
f 844 840 845
f 840 841 842
f 840 842 845
f 842 843 844
f 842 844 845
f 658 647 645
f 658 645 846
f 846 645 643
f 846 643 847
f 847 643 640
f 847 640 848
f 640 626 625
f 640 625 848
f 848 625 628
f 848 628 849
f 849 628 630
f 849 630 850
f 630 631 655
f 630 655 850
f 850 655 653
f 850 653 851
f 851 653 650
f 851 650 852
f 650 649 663
f 650 663 852
f 852 663 661
f 852 661 853
f 853 661 658
f 853 658 846
f 853 846 847
f 853 847 854
f 847 848 849
f 847 849 854
f 849 850 851
f 849 851 854
f 851 852 853
f 851 853 854
f 685 674 672
f 685 672 855
f 855 672 670
f 855 670 856
f 856 670 667
f 856 667 857
f 667 666 682
f 667 682 857
f 857 682 680
f 857 680 858
f 858 680 677
f 858 677 859
f 677 676 690
f 677 690 859
f 859 690 688
f 859 688 860
f 860 688 685
f 860 685 855
f 860 855 856
f 860 856 861
f 856 857 858
f 856 858 861
f 858 859 860
f 858 860 861
f 709 607 699
f 709 699 862
f 862 699 697
f 862 697 863
f 863 697 694
f 863 694 864
f 694 693 706
f 694 706 864
f 864 706 704
f 864 704 865
f 865 704 701
f 865 701 866
f 701 679 678
f 701 678 866
f 866 678 681
f 866 681 867
f 867 681 683
f 867 683 868
f 683 684 713
f 683 713 868
f 868 713 711
f 868 711 869
f 869 711 709
f 869 709 862
f 869 862 863
f 869 863 870
f 863 864 865
f 863 865 870
f 865 866 867
f 865 867 870
f 867 868 869
f 867 869 870
f 725 723 721
f 725 721 871
f 871 721 719
f 871 719 872
f 872 719 716
f 872 716 873
f 716 687 686
f 716 686 873
f 873 686 689
f 873 689 874
f 874 689 691
f 874 691 875
f 691 692 730
f 691 730 875
f 875 730 728
f 875 728 876
f 876 728 725
f 876 725 871
f 876 871 872
f 876 872 877
f 872 873 874
f 872 874 877
f 874 875 876
f 874 876 877
f 707 708 736
f 707 736 878
f 878 736 734
f 878 734 879
f 879 734 732
f 879 732 880
f 732 611 744
f 732 744 880
f 880 744 742
f 880 742 881
f 881 742 739
f 881 739 882
f 739 727 726
f 739 726 882
f 882 726 729
f 882 729 883
f 883 729 731
f 883 731 884
f 731 703 702
f 731 702 884
f 884 702 705
f 884 705 885
f 885 705 707
f 885 707 878
f 885 878 879
f 885 879 886
f 879 880 881
f 879 881 886
f 881 882 883
f 881 883 886
f 883 884 885
f 883 885 886
f 620 622 752
f 620 752 887
f 887 752 750
f 887 750 888
f 888 750 747
f 888 747 889
f 747 746 759
f 747 759 889
f 889 759 757
f 889 757 890
f 890 757 755
f 890 755 891
f 755 616 615
f 755 615 891
f 891 615 618
f 891 618 892
f 892 618 620
f 892 620 887
f 892 887 888
f 892 888 893
f 888 889 890
f 888 890 893
f 890 891 892
f 890 892 893
f 760 761 768
f 760 768 894
f 894 768 766
f 894 766 895
f 895 766 763
f 895 763 896
f 763 762 776
f 763 776 896
f 896 776 774
f 896 774 897
f 897 774 771
f 897 771 898
f 771 652 651
f 771 651 898
f 898 651 654
f 898 654 899
f 899 654 656
f 899 656 900
f 656 657 756
f 656 756 900
f 900 756 758
f 900 758 901
f 901 758 760
f 901 760 894
f 901 894 895
f 901 895 902
f 895 896 897
f 895 897 902
f 897 898 899
f 897 899 902
f 899 900 901
f 899 901 902
f 673 675 783
f 673 783 903
f 903 783 781
f 903 781 904
f 904 781 779
f 904 779 905
f 779 634 633
f 779 633 905
f 905 633 636
f 905 636 906
f 906 636 638
f 906 638 907
f 638 639 789
f 638 789 907
f 907 789 787
f 907 787 908
f 908 787 785
f 908 785 909
f 785 669 668
f 785 668 909
f 909 668 671
f 909 671 910
f 910 671 673
f 910 673 903
f 910 903 904
f 910 904 911
f 904 905 906
f 904 906 911
f 906 907 908
f 906 908 911
f 908 909 910
f 908 910 911
f 799 660 659
f 799 659 912
f 912 659 662
f 912 662 913
f 913 662 664
f 913 664 914
f 664 665 797
f 664 797 914
f 914 797 795
f 914 795 915
f 915 795 792
f 915 792 916
f 792 791 804
f 792 804 916
f 916 804 802
f 916 802 917
f 917 802 799
f 917 799 912
f 917 912 913
f 917 913 918
f 913 914 915
f 913 915 918
f 915 916 917
f 915 917 918
f 813 696 695
f 813 695 919
f 919 695 698
f 919 698 920
f 920 698 700
f 920 700 921
f 700 609 811
f 700 811 921
f 921 811 809
f 921 809 922
f 922 809 807
f 922 807 923
f 807 801 800
f 807 800 923
f 923 800 803
f 923 803 924
f 924 803 805
f 924 805 925
f 805 806 817
f 805 817 925
f 925 817 815
f 925 815 926
f 926 815 813
f 926 813 919
f 926 919 920
f 926 920 927
f 920 921 922
f 920 922 927
f 922 923 924
f 922 924 927
f 924 925 926
f 924 926 927
f 722 724 824
f 722 824 928
f 928 824 822
f 928 822 929
f 929 822 820
f 929 820 930
f 820 749 748
f 820 748 930
f 930 748 751
f 930 751 931
f 931 751 753
f 931 753 932
f 753 754 780
f 753 780 932
f 932 780 782
f 932 782 933
f 933 782 784
f 933 784 934
f 784 718 717
f 784 717 934
f 934 717 720
f 934 720 935
f 935 720 722
f 935 722 928
f 935 928 929
f 935 929 936
f 929 930 931
f 929 931 936
f 931 932 933
f 931 933 936
f 933 934 935
f 933 935 936
f 798 773 772
f 798 772 937
f 937 772 775
f 937 775 938
f 938 775 777
f 938 777 939
f 777 778 830
f 777 830 939
f 939 830 828
f 939 828 940
f 940 828 826
f 940 826 941
f 826 794 793
f 826 793 941
f 941 793 796
f 941 796 942
f 942 796 798
f 942 798 937
f 942 937 938
f 942 938 943
f 938 939 940
f 938 940 943
f 940 941 942
f 940 942 943
f 833 612 733
f 833 733 944
f 944 733 735
f 944 735 945
f 945 735 737
f 945 737 946
f 737 738 814
f 737 814 946
f 946 814 816
f 946 816 947
f 947 816 818
f 947 818 948
f 818 819 827
f 818 827 948
f 948 827 829
f 948 829 949
f 949 829 831
f 949 831 950
f 831 832 837
f 831 837 950
f 950 837 835
f 950 835 951
f 951 835 833
f 951 833 944
f 951 944 945
f 951 945 952
f 945 946 947
f 945 947 952
f 947 948 949
f 947 949 952
f 949 950 951
f 949 951 952
f 790 642 641
f 790 641 953
f 953 641 644
f 953 644 954
f 954 644 646
f 954 646 955
f 646 648 808
f 646 808 955
f 955 808 810
f 955 810 956
f 956 810 812
f 956 812 957
f 812 608 710
f 812 710 957
f 957 710 712
f 957 712 958
f 958 712 714
f 958 714 959
f 714 715 786
f 714 786 959
f 959 786 788
f 959 788 960
f 960 788 790
f 960 790 953
f 960 953 954
f 960 954 961
f 954 955 956
f 954 956 961
f 956 957 958
f 956 958 961
f 958 959 960
f 958 960 961
f 825 741 740
f 825 740 962
f 962 740 743
f 962 743 963
f 963 743 745
f 963 745 964
f 745 610 834
f 745 834 964
f 964 834 836
f 964 836 965
f 965 836 838
f 965 838 966
f 838 765 764
f 838 764 966
f 966 764 767
f 966 767 967
f 967 767 769
f 967 769 968
f 769 770 821
f 769 821 968
f 968 821 823
f 968 823 969
f 969 823 825
f 969 825 962
f 969 962 963
f 969 963 970
f 963 964 965
f 963 965 970
f 965 966 967
f 965 967 970
f 967 968 969
f 967 969 970
f 971 972 973
f 974 975 976
f 977 978 979
f 977 979 980
f 978 971 973
f 978 973 979
f 981 982 983
f 981 983 984
f 982 977 985
f 982 985 983
f 971 986 987
f 971 987 972
f 986 981 988
f 986 988 987
f 989 990 991
f 989 991 992
f 990 988 993
f 990 993 991
f 972 994 995
f 972 995 973
f 994 989 996
f 994 996 995
f 974 997 998
f 974 998 975
f 997 985 999
f 997 999 998
f 984 1000 1001
f 984 1001 993
f 1000 974 976
f 1000 976 1001
f 992 1002 1003
f 992 1003 1004
f 1002 976 975
f 1002 975 1003
f 980 1005 1006
f 980 1006 999
f 1005 996 1004
f 1005 1004 1006
f 984 993 988
f 984 988 981
f 989 992 1004
f 989 1004 996
f 999 985 977
f 999 977 980
f 986 971 978
f 986 978 1007
f 978 977 982
f 978 982 1007
f 982 981 986
f 982 986 1007
f 987 988 990
f 987 990 1008
f 990 989 994
f 990 994 1008
f 994 972 987
f 994 987 1008
f 983 985 997
f 983 997 1009
f 997 974 1000
f 997 1000 1009
f 1000 984 983
f 1000 983 1009
f 1002 992 991
f 1002 991 1010
f 991 993 1001
f 991 1001 1010
f 1001 976 1002
f 1001 1002 1010
f 1005 980 979
f 1005 979 1011
f 979 973 995
f 979 995 1011
f 995 996 1005
f 995 1005 1011
f 1003 975 998
f 1003 998 1012
f 998 999 1006
f 998 1006 1012
f 1006 1004 1003
f 1006 1003 1012
f 1013 1014 1015
f 1016 1017 1018
f 1019 1020 1021
f 1022 1023 1024
f 1025 1026 1027
f 1028 1029 1030
f 1031 1032 1033
f 1034 1035 1036
f 1037 1038 1039
f 1040 1041 1042
f 1043 1044 1045
f 1046 1047 1048
f 1049 1050 1051
f 1052 1053 1054
f 1055 1056 1057
f 1058 1059 1060
f 1061 1062 1063
f 1064 1065 1066
f 1067 1068 1069
f 1070 1071 1072
f 1073 1074 1075
f 1076 1077 1078
f 1079 1080 1081
f 1082 1083 1084
f 1085 1086 1087
f 1088 1089 1090
f 1091 1092 1093
f 1094 1095 1096
f 1097 1098 1099
f 1100 1101 1102
f 1103 1104 1105
f 1106 1107 1108
f 1109 1110 1111
f 1112 1113 1114
f 1115 1116 1117
f 1118 1119 1120
f 1121 1122 1123
f 1124 1125 1126
f 1127 1128 1129
f 1130 1131 1132
f 1014 1070 1072
f 1014 1072 1015
f 1133 1014 1013
f 1133 1013 1134
f 1135 1133 1136
f 1135 1136 1137
f 1070 1135 1138
f 1070 1138 1071
f 1017 1013 1015
f 1017 1015 1018
f 1139 1017 1016
f 1139 1016 1140
f 1134 1139 1141
f 1134 1141 1142
f 1020 1016 1018
f 1020 1018 1021
f 1143 1020 1019
f 1143 1019 1144
f 1140 1143 1145
f 1140 1145 1146
f 1023 1019 1021
f 1023 1021 1024
f 1147 1023 1022
f 1147 1022 1148
f 1144 1147 1149
f 1144 1149 1150
f 1026 1022 1024
f 1026 1024 1027
f 1151 1026 1025
f 1151 1025 1152
f 1148 1151 1153
f 1148 1153 1154
f 1029 1025 1027
f 1029 1027 1030
f 1155 1029 1028
f 1155 1028 1156
f 1152 1155 1157
f 1152 1157 1158
f 1032 1028 1030
f 1032 1030 1033
f 1159 1032 1031
f 1159 1031 1160
f 1156 1159 1161
f 1156 1161 1162
f 1035 1031 1033
f 1035 1033 1036
f 1163 1035 1034
f 1163 1034 1164
f 1160 1163 1165
f 1160 1165 1166
f 1038 1034 1036
f 1038 1036 1039
f 1167 1038 1037
f 1167 1037 1168
f 1164 1167 1169
f 1164 1169 1170
f 1041 1037 1039
f 1041 1039 1042
f 1171 1041 1040
f 1171 1040 1172
f 1168 1171 1173
f 1168 1173 1174
f 1044 1040 1042
f 1044 1042 1045
f 1175 1044 1043
f 1175 1043 1176
f 1172 1175 1177
f 1172 1177 1178
f 1047 1043 1045
f 1047 1045 1048
f 1179 1047 1046
f 1179 1046 1180
f 1176 1179 1181
f 1176 1181 1182
f 1050 1046 1048
f 1050 1048 1051
f 1183 1050 1049
f 1183 1049 1184
f 1180 1183 1185
f 1180 1185 1186
f 1053 1049 1051
f 1053 1051 1054
f 1187 1053 1052
f 1187 1052 1188
f 1184 1187 1189
f 1184 1189 1190
f 1056 1052 1054
f 1056 1054 1057
f 1191 1056 1055
f 1191 1055 1192
f 1188 1191 1193
f 1188 1193 1194
f 1059 1055 1057
f 1059 1057 1060
f 1195 1059 1058
f 1195 1058 1196
f 1192 1195 1197
f 1192 1197 1198
f 1062 1058 1060
f 1062 1060 1063
f 1199 1062 1061
f 1199 1061 1200
f 1196 1199 1201
f 1196 1201 1202
f 1065 1061 1063
f 1065 1063 1066
f 1203 1065 1064
f 1203 1064 1204
f 1200 1203 1205
f 1200 1205 1206
f 1068 1064 1066
f 1068 1066 1069
f 1207 1068 1067
f 1207 1067 1208
f 1204 1207 1209
f 1204 1209 1210
f 1071 1067 1069
f 1071 1069 1072
f 1208 1138 1211
f 1208 1211 1212
f 1131 1073 1075
f 1131 1075 1132
f 1137 1131 1130
f 1137 1130 1211
f 1073 1136 1142
f 1073 1142 1074
f 1074 1076 1078
f 1074 1078 1075
f 1076 1141 1146
f 1076 1146 1077
f 1077 1079 1081
f 1077 1081 1078
f 1079 1145 1150
f 1079 1150 1080
f 1080 1082 1084
f 1080 1084 1081
f 1082 1149 1154
f 1082 1154 1083
f 1083 1085 1087
f 1083 1087 1084
f 1085 1153 1158
f 1085 1158 1086
f 1086 1088 1090
f 1086 1090 1087
f 1088 1157 1162
f 1088 1162 1089
f 1089 1091 1093
f 1089 1093 1090
f 1091 1161 1166
f 1091 1166 1092
f 1092 1094 1096
f 1092 1096 1093
f 1094 1165 1170
f 1094 1170 1095
f 1095 1097 1099
f 1095 1099 1096
f 1097 1169 1174
f 1097 1174 1098
f 1098 1100 1102
f 1098 1102 1099
f 1100 1173 1178
f 1100 1178 1101
f 1101 1103 1105
f 1101 1105 1102
f 1103 1177 1182
f 1103 1182 1104
f 1104 1106 1108
f 1104 1108 1105
f 1106 1181 1186
f 1106 1186 1107
f 1107 1109 1111
f 1107 1111 1108
f 1109 1185 1190
f 1109 1190 1110
f 1110 1112 1114
f 1110 1114 1111
f 1112 1189 1194
f 1112 1194 1113
f 1113 1115 1117
f 1113 1117 1114
f 1115 1193 1198
f 1115 1198 1116
f 1116 1118 1120
f 1116 1120 1117
f 1118 1197 1202
f 1118 1202 1119
f 1119 1121 1123
f 1119 1123 1120
f 1121 1201 1206
f 1121 1206 1122
f 1122 1124 1126
f 1122 1126 1123
f 1124 1205 1210
f 1124 1210 1125
f 1125 1127 1129
f 1125 1129 1126
f 1127 1209 1212
f 1127 1212 1128
f 1128 1130 1132
f 1128 1132 1129
f 1133 1134 1142
f 1133 1142 1136
f 1139 1140 1146
f 1139 1146 1141
f 1143 1144 1150
f 1143 1150 1145
f 1147 1148 1154
f 1147 1154 1149
f 1151 1152 1158
f 1151 1158 1153
f 1155 1156 1162
f 1155 1162 1157
f 1159 1160 1166
f 1159 1166 1161
f 1163 1164 1170
f 1163 1170 1165
f 1167 1168 1174
f 1167 1174 1169
f 1171 1172 1178
f 1171 1178 1173
f 1175 1176 1182
f 1175 1182 1177
f 1179 1180 1186
f 1179 1186 1181
f 1183 1184 1190
f 1183 1190 1185
f 1187 1188 1194
f 1187 1194 1189
f 1191 1192 1198
f 1191 1198 1193
f 1195 1196 1202
f 1195 1202 1197
f 1199 1200 1206
f 1199 1206 1201
f 1203 1204 1210
f 1203 1210 1205
f 1207 1208 1212
f 1207 1212 1209
f 1138 1135 1137
f 1138 1137 1211
f 1014 1133 1135
f 1014 1135 1070
f 1017 1139 1134
f 1017 1134 1013
f 1020 1143 1140
f 1020 1140 1016
f 1023 1147 1144
f 1023 1144 1019
f 1026 1151 1148
f 1026 1148 1022
f 1029 1155 1152
f 1029 1152 1025
f 1032 1159 1156
f 1032 1156 1028
f 1035 1163 1160
f 1035 1160 1031
f 1038 1167 1164
f 1038 1164 1034
f 1041 1171 1168
f 1041 1168 1037
f 1044 1175 1172
f 1044 1172 1040
f 1047 1179 1176
f 1047 1176 1043
f 1050 1183 1180
f 1050 1180 1046
f 1053 1187 1184
f 1053 1184 1049
f 1056 1191 1188
f 1056 1188 1052
f 1059 1195 1192
f 1059 1192 1055
f 1062 1199 1196
f 1062 1196 1058
f 1065 1203 1200
f 1065 1200 1061
f 1068 1207 1204
f 1068 1204 1064
f 1071 1138 1208
f 1071 1208 1067
f 1131 1137 1136
f 1131 1136 1073
f 1074 1142 1141
f 1074 1141 1076
f 1077 1146 1145
f 1077 1145 1079
f 1080 1150 1149
f 1080 1149 1082
f 1083 1154 1153
f 1083 1153 1085
f 1086 1158 1157
f 1086 1157 1088
f 1089 1162 1161
f 1089 1161 1091
f 1092 1166 1165
f 1092 1165 1094
f 1095 1170 1169
f 1095 1169 1097
f 1098 1174 1173
f 1098 1173 1100
f 1101 1178 1177
f 1101 1177 1103
f 1104 1182 1181
f 1104 1181 1106
f 1107 1186 1185
f 1107 1185 1109
f 1110 1190 1189
f 1110 1189 1112
f 1113 1194 1193
f 1113 1193 1115
f 1116 1198 1197
f 1116 1197 1118
f 1119 1202 1201
f 1119 1201 1121
f 1122 1206 1205
f 1122 1205 1124
f 1125 1210 1209
f 1125 1209 1127
f 1128 1212 1211
f 1128 1211 1130
f 1021 1027 1024
f 1027 1021 1030
f 1030 1021 1018
f 1030 1018 1033
f 1033 1018 1015
f 1033 1015 1036
f 1036 1015 1072
f 1036 1072 1039
f 1039 1072 1069
f 1039 1069 1042
f 1042 1069 1066
f 1042 1066 1045
f 1045 1066 1063
f 1045 1063 1048
f 1048 1063 1060
f 1048 1060 1051
f 1051 1060 1054
f 1054 1060 1057
f 1090 1084 1087
f 1084 1090 1081
f 1081 1090 1093
f 1081 1093 1078
f 1078 1093 1096
f 1078 1096 1075
f 1075 1096 1099
f 1075 1099 1132
f 1132 1099 1102
f 1132 1102 1129
f 1129 1102 1105
f 1129 1105 1126
f 1126 1105 1108
f 1126 1108 1123
f 1123 1108 1111
f 1123 1111 1120
f 1120 1111 1114
f 1120 1114 1117
f 1213 1214 1215
f 1213 1215 1216
f 1214 1217 1218
f 1214 1218 1215
f 1219 1220 1221
f 1219 1221 1222
f 1220 1213 1223
f 1220 1223 1221
f 1217 1224 1225
f 1217 1225 1226
f 1224 1219 1227
f 1224 1227 1225
f 1228 1229 1230
f 1228 1230 1231
f 1229 1223 1232
f 1229 1232 1230
f 1222 1233 1234
f 1222 1234 1235
f 1233 1228 1236
f 1233 1236 1234
f 1226 1237 1238
f 1226 1238 1239
f 1237 1240 1241
f 1237 1241 1238
f 1240 1242 1243
f 1240 1243 1244
f 1242 1227 1235
f 1242 1235 1243
f 1244 1245 1246
f 1244 1246 1247
f 1245 1236 1248
f 1245 1248 1246
f 1239 1249 1250
f 1239 1250 1218
f 1249 1251 1252
f 1249 1252 1250
f 1251 1253 1254
f 1251 1254 1255
f 1253 1241 1247
f 1253 1247 1254
f 1255 1256 1257
f 1255 1257 1258
f 1256 1248 1231
f 1256 1231 1257
f 1216 1259 1260
f 1216 1260 1232
f 1259 1252 1258
f 1259 1258 1260
f 1219 1222 1235
f 1219 1235 1227
f 1240 1244 1247
f 1240 1247 1241
f 1251 1255 1258
f 1251 1258 1252
f 1216 1232 1223
f 1216 1223 1213
f 1228 1231 1248
f 1228 1248 1236
f 1218 1217 1226
f 1218 1226 1239
f 1224 1217 1214
f 1224 1214 1261
f 1214 1213 1220
f 1214 1220 1261
f 1220 1219 1224
f 1220 1224 1261
f 1221 1223 1229
f 1221 1229 1262
f 1229 1228 1233
f 1229 1233 1262
f 1233 1222 1221
f 1233 1221 1262
f 1242 1240 1237
f 1242 1237 1263
f 1237 1226 1225
f 1237 1225 1263
f 1225 1227 1242
f 1225 1242 1263
f 1234 1236 1245
f 1234 1245 1264
f 1245 1244 1243
f 1245 1243 1264
f 1243 1235 1234
f 1243 1234 1264
f 1253 1251 1249
f 1253 1249 1265
f 1249 1239 1238
f 1249 1238 1265
f 1238 1241 1253
f 1238 1253 1265
f 1246 1248 1256
f 1246 1256 1266
f 1256 1255 1254
f 1256 1254 1266
f 1254 1247 1246
f 1254 1246 1266
f 1259 1216 1215
f 1259 1215 1267
f 1215 1218 1250
f 1215 1250 1267
f 1250 1252 1259
f 1250 1259 1267
f 1257 1231 1230
f 1257 1230 1268
f 1230 1232 1260
f 1230 1260 1268
f 1260 1258 1257
f 1260 1257 1268
f 1269 1270 1271
f 1269 1271 1272
f 1270 1273 1274
f 1270 1274 1271
f 1275 1276 1277
f 1275 1277 1278
f 1276 1269 1279
f 1276 1279 1277
f 1273 1280 1281
f 1273 1281 1282
f 1280 1275 1283
f 1280 1283 1281
f 1284 1285 1286
f 1284 1286 1287
f 1285 1279 1288
f 1285 1288 1286
f 1278 1289 1290
f 1278 1290 1291
f 1289 1284 1292
f 1289 1292 1290
f 1282 1293 1294
f 1282 1294 1295
f 1293 1296 1297
f 1293 1297 1294
f 1296 1298 1299
f 1296 1299 1300
f 1298 1283 1291
f 1298 1291 1299
f 1300 1301 1302
f 1300 1302 1303
f 1301 1292 1304
f 1301 1304 1302
f 1295 1305 1306
f 1295 1306 1274
f 1305 1307 1308
f 1305 1308 1306
f 1307 1309 1310
f 1307 1310 1311
f 1309 1297 1303
f 1309 1303 1310
f 1311 1312 1313
f 1311 1313 1314
f 1312 1304 1287
f 1312 1287 1313
f 1272 1315 1316
f 1272 1316 1288
f 1315 1308 1314
f 1315 1314 1316
f 1275 1278 1291
f 1275 1291 1283
f 1296 1300 1303
f 1296 1303 1297
f 1307 1311 1314
f 1307 1314 1308
f 1272 1288 1279
f 1272 1279 1269
f 1284 1287 1304
f 1284 1304 1292
f 1274 1273 1282
f 1274 1282 1295
f 1280 1273 1270
f 1280 1270 1317
f 1270 1269 1276
f 1270 1276 1317
f 1276 1275 1280
f 1276 1280 1317
f 1277 1279 1285
f 1277 1285 1318
f 1285 1284 1289
f 1285 1289 1318
f 1289 1278 1277
f 1289 1277 1318
f 1298 1296 1293
f 1298 1293 1319
f 1293 1282 1281
f 1293 1281 1319
f 1281 1283 1298
f 1281 1298 1319
f 1290 1292 1301
f 1290 1301 1320
f 1301 1300 1299
f 1301 1299 1320
f 1299 1291 1290
f 1299 1290 1320
f 1309 1307 1305
f 1309 1305 1321
f 1305 1295 1294
f 1305 1294 1321
f 1294 1297 1309
f 1294 1309 1321
f 1302 1304 1312
f 1302 1312 1322
f 1312 1311 1310
f 1312 1310 1322
f 1310 1303 1302
f 1310 1302 1322
f 1315 1272 1271
f 1315 1271 1323
f 1271 1274 1306
f 1271 1306 1323
f 1306 1308 1315
f 1306 1315 1323
f 1313 1287 1286
f 1313 1286 1324
f 1286 1288 1316
f 1286 1316 1324
f 1316 1314 1313
f 1316 1313 1324
f 1325 1326 1327
f 1325 1327 1328
f 1326 1329 1330
f 1326 1330 1327
f 1331 1332 1333
f 1331 1333 1334
f 1332 1325 1335
f 1332 1335 1333
f 1329 1336 1337
f 1329 1337 1338
f 1336 1331 1339
f 1336 1339 1337
f 1340 1341 1342
f 1340 1342 1343
f 1341 1335 1344
f 1341 1344 1342
f 1334 1345 1346
f 1334 1346 1347
f 1345 1340 1348
f 1345 1348 1346
f 1338 1349 1350
f 1338 1350 1351
f 1349 1352 1353
f 1349 1353 1350
f 1352 1354 1355
f 1352 1355 1356
f 1354 1339 1347
f 1354 1347 1355
f 1356 1357 1358
f 1356 1358 1359
f 1357 1348 1360
f 1357 1360 1358
f 1351 1361 1362
f 1351 1362 1330
f 1361 1363 1364
f 1361 1364 1362
f 1363 1365 1366
f 1363 1366 1367
f 1365 1353 1359
f 1365 1359 1366
f 1367 1368 1369
f 1367 1369 1370
f 1368 1360 1343
f 1368 1343 1369
f 1328 1371 1372
f 1328 1372 1344
f 1371 1364 1370
f 1371 1370 1372
f 1331 1334 1347
f 1331 1347 1339
f 1352 1356 1359
f 1352 1359 1353
f 1363 1367 1370
f 1363 1370 1364
f 1328 1344 1335
f 1328 1335 1325
f 1340 1343 1360
f 1340 1360 1348
f 1330 1329 1338
f 1330 1338 1351
f 1336 1329 1326
f 1336 1326 1373
f 1326 1325 1332
f 1326 1332 1373
f 1332 1331 1336
f 1332 1336 1373
f 1333 1335 1341
f 1333 1341 1374
f 1341 1340 1345
f 1341 1345 1374
f 1345 1334 1333
f 1345 1333 1374
f 1354 1352 1349
f 1354 1349 1375
f 1349 1338 1337
f 1349 1337 1375
f 1337 1339 1354
f 1337 1354 1375
f 1346 1348 1357
f 1346 1357 1376
f 1357 1356 1355
f 1357 1355 1376
f 1355 1347 1346
f 1355 1346 1376
f 1365 1363 1361
f 1365 1361 1377
f 1361 1351 1350
f 1361 1350 1377
f 1350 1353 1365
f 1350 1365 1377
f 1358 1360 1368
f 1358 1368 1378
f 1368 1367 1366
f 1368 1366 1378
f 1366 1359 1358
f 1366 1358 1378
f 1371 1328 1327
f 1371 1327 1379
f 1327 1330 1362
f 1327 1362 1379
f 1362 1364 1371
f 1362 1371 1379
f 1369 1343 1342
f 1369 1342 1380
f 1342 1344 1372
f 1342 1372 1380
f 1372 1370 1369
f 1372 1369 1380
f 1381 1382 1383
f 1384 1385 1386
f 1387 1388 1389
f 1390 1391 1392
f 1393 1394 1395
f 1396 1397 1398
f 1399 1400 1401
f 1402 1403 1404
f 1405 1406 1407
f 1408 1409 1410
f 1411 1412 1413
f 1414 1415 1416
f 1417 1418 1419
f 1420 1421 1422
f 1423 1424 1425
f 1426 1427 1428
f 1429 1430 1431
f 1432 1433 1434
f 1435 1436 1437
f 1438 1439 1440
f 1441 1442 1443
f 1444 1445 1446
f 1447 1448 1449
f 1450 1451 1452
f 1453 1454 1455
f 1456 1457 1458
f 1459 1460 1461
f 1462 1463 1464
f 1465 1466 1467
f 1468 1469 1470
f 1471 1472 1473
f 1474 1475 1476
f 1477 1478 1479
f 1480 1481 1482
f 1483 1484 1485
f 1486 1487 1488
f 1489 1490 1491
f 1492 1493 1494
f 1495 1496 1497
f 1498 1499 1500
f 1382 1438 1440
f 1382 1440 1383
f 1501 1382 1381
f 1501 1381 1502
f 1503 1501 1504
f 1503 1504 1505
f 1438 1503 1506
f 1438 1506 1439
f 1385 1381 1383
f 1385 1383 1386
f 1507 1385 1384
f 1507 1384 1508
f 1502 1507 1509
f 1502 1509 1510
f 1388 1384 1386
f 1388 1386 1389
f 1511 1388 1387
f 1511 1387 1512
f 1508 1511 1513
f 1508 1513 1514
f 1391 1387 1389
f 1391 1389 1392
f 1515 1391 1390
f 1515 1390 1516
f 1512 1515 1517
f 1512 1517 1518
f 1394 1390 1392
f 1394 1392 1395
f 1519 1394 1393
f 1519 1393 1520
f 1516 1519 1521
f 1516 1521 1522
f 1397 1393 1395
f 1397 1395 1398
f 1523 1397 1396
f 1523 1396 1524
f 1520 1523 1525
f 1520 1525 1526
f 1400 1396 1398
f 1400 1398 1401
f 1527 1400 1399
f 1527 1399 1528
f 1524 1527 1529
f 1524 1529 1530
f 1403 1399 1401
f 1403 1401 1404
f 1531 1403 1402
f 1531 1402 1532
f 1528 1531 1533
f 1528 1533 1534
f 1406 1402 1404
f 1406 1404 1407
f 1535 1406 1405
f 1535 1405 1536
f 1532 1535 1537
f 1532 1537 1538
f 1409 1405 1407
f 1409 1407 1410
f 1539 1409 1408
f 1539 1408 1540
f 1536 1539 1541
f 1536 1541 1542
f 1412 1408 1410
f 1412 1410 1413
f 1543 1412 1411
f 1543 1411 1544
f 1540 1543 1545
f 1540 1545 1546
f 1415 1411 1413
f 1415 1413 1416
f 1547 1415 1414
f 1547 1414 1548
f 1544 1547 1549
f 1544 1549 1550
f 1418 1414 1416
f 1418 1416 1419
f 1551 1418 1417
f 1551 1417 1552
f 1548 1551 1553
f 1548 1553 1554
f 1421 1417 1419
f 1421 1419 1422
f 1555 1421 1420
f 1555 1420 1556
f 1552 1555 1557
f 1552 1557 1558
f 1424 1420 1422
f 1424 1422 1425
f 1559 1424 1423
f 1559 1423 1560
f 1556 1559 1561
f 1556 1561 1562
f 1427 1423 1425
f 1427 1425 1428
f 1563 1427 1426
f 1563 1426 1564
f 1560 1563 1565
f 1560 1565 1566
f 1430 1426 1428
f 1430 1428 1431
f 1567 1430 1429
f 1567 1429 1568
f 1564 1567 1569
f 1564 1569 1570
f 1433 1429 1431
f 1433 1431 1434
f 1571 1433 1432
f 1571 1432 1572
f 1568 1571 1573
f 1568 1573 1574
f 1436 1432 1434
f 1436 1434 1437
f 1575 1436 1435
f 1575 1435 1576
f 1572 1575 1577
f 1572 1577 1578
f 1439 1435 1437
f 1439 1437 1440
f 1576 1506 1579
f 1576 1579 1580
f 1499 1441 1443
f 1499 1443 1500
f 1505 1499 1498
f 1505 1498 1579
f 1441 1504 1510
f 1441 1510 1442
f 1442 1444 1446
f 1442 1446 1443
f 1444 1509 1514
f 1444 1514 1445
f 1445 1447 1449
f 1445 1449 1446
f 1447 1513 1518
f 1447 1518 1448
f 1448 1450 1452
f 1448 1452 1449
f 1450 1517 1522
f 1450 1522 1451
f 1451 1453 1455
f 1451 1455 1452
f 1453 1521 1526
f 1453 1526 1454
f 1454 1456 1458
f 1454 1458 1455
f 1456 1525 1530
f 1456 1530 1457
f 1457 1459 1461
f 1457 1461 1458
f 1459 1529 1534
f 1459 1534 1460
f 1460 1462 1464
f 1460 1464 1461
f 1462 1533 1538
f 1462 1538 1463
f 1463 1465 1467
f 1463 1467 1464
f 1465 1537 1542
f 1465 1542 1466
f 1466 1468 1470
f 1466 1470 1467
f 1468 1541 1546
f 1468 1546 1469
f 1469 1471 1473
f 1469 1473 1470
f 1471 1545 1550
f 1471 1550 1472
f 1472 1474 1476
f 1472 1476 1473
f 1474 1549 1554
f 1474 1554 1475
f 1475 1477 1479
f 1475 1479 1476
f 1477 1553 1558
f 1477 1558 1478
f 1478 1480 1482
f 1478 1482 1479
f 1480 1557 1562
f 1480 1562 1481
f 1481 1483 1485
f 1481 1485 1482
f 1483 1561 1566
f 1483 1566 1484
f 1484 1486 1488
f 1484 1488 1485
f 1486 1565 1570
f 1486 1570 1487
f 1487 1489 1491
f 1487 1491 1488
f 1489 1569 1574
f 1489 1574 1490
f 1490 1492 1494
f 1490 1494 1491
f 1492 1573 1578
f 1492 1578 1493
f 1493 1495 1497
f 1493 1497 1494
f 1495 1577 1580
f 1495 1580 1496
f 1496 1498 1500
f 1496 1500 1497
f 1501 1502 1510
f 1501 1510 1504
f 1507 1508 1514
f 1507 1514 1509
f 1511 1512 1518
f 1511 1518 1513
f 1515 1516 1522
f 1515 1522 1517
f 1519 1520 1526
f 1519 1526 1521
f 1523 1524 1530
f 1523 1530 1525
f 1527 1528 1534
f 1527 1534 1529
f 1531 1532 1538
f 1531 1538 1533
f 1535 1536 1542
f 1535 1542 1537
f 1539 1540 1546
f 1539 1546 1541
f 1543 1544 1550
f 1543 1550 1545
f 1547 1548 1554
f 1547 1554 1549
f 1551 1552 1558
f 1551 1558 1553
f 1555 1556 1562
f 1555 1562 1557
f 1559 1560 1566
f 1559 1566 1561
f 1563 1564 1570
f 1563 1570 1565
f 1567 1568 1574
f 1567 1574 1569
f 1571 1572 1578
f 1571 1578 1573
f 1575 1576 1580
f 1575 1580 1577
f 1506 1503 1505
f 1506 1505 1579
f 1382 1501 1503
f 1382 1503 1438
f 1385 1507 1502
f 1385 1502 1381
f 1388 1511 1508
f 1388 1508 1384
f 1391 1515 1512
f 1391 1512 1387
f 1394 1519 1516
f 1394 1516 1390
f 1397 1523 1520
f 1397 1520 1393
f 1400 1527 1524
f 1400 1524 1396
f 1403 1531 1528
f 1403 1528 1399
f 1406 1535 1532
f 1406 1532 1402
f 1409 1539 1536
f 1409 1536 1405
f 1412 1543 1540
f 1412 1540 1408
f 1415 1547 1544
f 1415 1544 1411
f 1418 1551 1548
f 1418 1548 1414
f 1421 1555 1552
f 1421 1552 1417
f 1424 1559 1556
f 1424 1556 1420
f 1427 1563 1560
f 1427 1560 1423
f 1430 1567 1564
f 1430 1564 1426
f 1433 1571 1568
f 1433 1568 1429
f 1436 1575 1572
f 1436 1572 1432
f 1439 1506 1576
f 1439 1576 1435
f 1499 1505 1504
f 1499 1504 1441
f 1442 1510 1509
f 1442 1509 1444
f 1445 1514 1513
f 1445 1513 1447
f 1448 1518 1517
f 1448 1517 1450
f 1451 1522 1521
f 1451 1521 1453
f 1454 1526 1525
f 1454 1525 1456
f 1457 1530 1529
f 1457 1529 1459
f 1460 1534 1533
f 1460 1533 1462
f 1463 1538 1537
f 1463 1537 1465
f 1466 1542 1541
f 1466 1541 1468
f 1469 1546 1545
f 1469 1545 1471
f 1472 1550 1549
f 1472 1549 1474
f 1475 1554 1553
f 1475 1553 1477
f 1478 1558 1557
f 1478 1557 1480
f 1481 1562 1561
f 1481 1561 1483
f 1484 1566 1565
f 1484 1565 1486
f 1487 1570 1569
f 1487 1569 1489
f 1490 1574 1573
f 1490 1573 1492
f 1493 1578 1577
f 1493 1577 1495
f 1496 1580 1579
f 1496 1579 1498
f 1389 1395 1392
f 1395 1389 1398
f 1398 1389 1386
f 1398 1386 1401
f 1401 1386 1383
f 1401 1383 1404
f 1404 1383 1440
f 1404 1440 1407
f 1407 1440 1437
f 1407 1437 1410
f 1410 1437 1434
f 1410 1434 1413
f 1413 1434 1431
f 1413 1431 1416
f 1416 1431 1428
f 1416 1428 1419
f 1419 1428 1422
f 1422 1428 1425
f 1458 1452 1455
f 1452 1458 1449
f 1449 1458 1461
f 1449 1461 1446
f 1446 1461 1464
f 1446 1464 1443
f 1443 1464 1467
f 1443 1467 1500
f 1500 1467 1470
f 1500 1470 1497
f 1497 1470 1473
f 1497 1473 1494
f 1494 1473 1476
f 1494 1476 1491
f 1491 1476 1479
f 1491 1479 1488
f 1488 1479 1482
f 1488 1482 1485
f 1581 1582 1583
f 1584 1585 1586
f 1587 1588 1589
f 1587 1589 1590
f 1588 1591 1592
f 1588 1592 1589
f 1591 1593 1594
f 1591 1594 1592
f 1593 1595 1596
f 1593 1596 1594
f 1597 1598 1599
f 1597 1599 1600
f 1598 1601 1602
f 1598 1602 1599
f 1601 1603 1604
f 1601 1604 1602
f 1603 1587 1605
f 1603 1605 1604
f 1595 1606 1607
f 1595 1607 1608
f 1606 1609 1610
f 1606 1610 1607
f 1609 1611 1612
f 1609 1612 1610
f 1611 1597 1613
f 1611 1613 1612
f 1600 1614 1615
f 1600 1615 1616
f 1614 1617 1618
f 1614 1618 1615
f 1617 1619 1620
f 1617 1620 1618
f 1619 1621 1622
f 1619 1622 1620
f 1623 1624 1625
f 1623 1625 1626
f 1624 1627 1628
f 1624 1628 1625
f 1627 1629 1630
f 1627 1630 1628
f 1629 1605 1631
f 1629 1631 1630
f 1621 1632 1633
f 1621 1633 1634
f 1632 1635 1636
f 1632 1636 1633
f 1635 1637 1638
f 1635 1638 1636
f 1637 1623 1639
f 1637 1639 1638
f 1640 1641 1642
f 1640 1642 1643
f 1641 1644 1645
f 1641 1645 1642
f 1644 1646 1647
f 1644 1647 1645
f 1646 1648 1649
f 1646 1649 1647
f 1650 1651 1652
f 1650 1652 1653
f 1651 1654 1655
f 1651 1655 1652
f 1654 1656 1657
f 1654 1657 1655
f 1656 1640 1658
f 1656 1658 1657
f 1648 1659 1660
f 1648 1660 1661
f 1659 1662 1663
f 1659 1663 1660
f 1662 1664 1665
f 1662 1665 1663
f 1664 1650 1666
f 1664 1666 1665
f 1667 1668 1669
f 1667 1669 1670
f 1668 1671 1672
f 1668 1672 1669
f 1671 1673 1674
f 1671 1674 1672
f 1673 1581 1583
f 1673 1583 1674
f 1653 1675 1676
f 1653 1676 1677
f 1675 1678 1679
f 1675 1679 1676
f 1678 1680 1681
f 1678 1681 1679
f 1680 1667 1682
f 1680 1682 1681
f 1581 1683 1684
f 1581 1684 1582
f 1683 1685 1686
f 1683 1686 1684
f 1685 1687 1688
f 1685 1688 1686
f 1687 1658 1689
f 1687 1689 1688
f 1661 1690 1691
f 1661 1691 1692
f 1690 1693 1694
f 1690 1694 1691
f 1693 1695 1696
f 1693 1696 1694
f 1695 1697 1698
f 1695 1698 1696
f 1697 1699 1700
f 1697 1700 1701
f 1699 1702 1703
f 1699 1703 1700
f 1702 1704 1705
f 1702 1705 1703
f 1704 1666 1677
f 1704 1677 1705
f 1585 1706 1707
f 1585 1707 1586
f 1706 1708 1709
f 1706 1709 1707
f 1708 1710 1711
f 1708 1711 1709
f 1710 1682 1712
f 1710 1712 1711
f 1701 1713 1714
f 1701 1714 1715
f 1713 1716 1717
f 1713 1717 1714
f 1716 1718 1719
f 1716 1719 1717
f 1718 1585 1584
f 1718 1584 1719
f 1720 1721 1722
f 1720 1722 1723
f 1721 1724 1725
f 1721 1725 1722
f 1724 1726 1727
f 1724 1727 1725
f 1726 1596 1728
f 1726 1728 1727
f 1590 1729 1730
f 1590 1730 1631
f 1729 1731 1732
f 1729 1732 1730
f 1731 1733 1734
f 1731 1734 1732
f 1733 1720 1735
f 1733 1735 1734
f 1736 1737 1738
f 1736 1738 1739
f 1737 1740 1741
f 1737 1741 1738
f 1740 1742 1743
f 1740 1743 1741
f 1742 1735 1744
f 1742 1744 1743
f 1626 1745 1746
f 1626 1746 1747
f 1745 1748 1749
f 1745 1749 1746
f 1748 1750 1751
f 1748 1751 1749
f 1750 1736 1752
f 1750 1752 1751
f 1608 1753 1754
f 1608 1754 1728
f 1753 1755 1756
f 1753 1756 1754
f 1755 1757 1758
f 1755 1758 1756
f 1757 1649 1692
f 1757 1692 1758
f 1643 1759 1760
f 1643 1760 1689
f 1759 1761 1762
f 1759 1762 1760
f 1761 1763 1764
f 1761 1764 1762
f 1763 1613 1616
f 1763 1616 1764
f 1765 1766 1767
f 1765 1767 1768
f 1766 1769 1770
f 1766 1770 1767
f 1769 1771 1772
f 1769 1772 1770
f 1771 1639 1747
f 1771 1747 1772
f 1634 1773 1774
f 1634 1774 1775
f 1773 1776 1777
f 1773 1777 1774
f 1776 1778 1779
f 1776 1779 1777
f 1778 1765 1780
f 1778 1780 1779
f 1775 1781 1782
f 1775 1782 1622
f 1781 1783 1784
f 1781 1784 1782
f 1783 1785 1786
f 1783 1786 1784
f 1785 1583 1582
f 1785 1582 1786
f 1670 1787 1788
f 1670 1788 1712
f 1787 1789 1790
f 1787 1790 1788
f 1789 1791 1792
f 1789 1792 1790
f 1791 1780 1793
f 1791 1793 1792
f 1723 1794 1795
f 1723 1795 1744
f 1794 1796 1797
f 1794 1797 1795
f 1796 1798 1799
f 1796 1799 1797
f 1798 1698 1715
f 1798 1715 1799
f 1768 1800 1801
f 1768 1801 1793
f 1800 1802 1803
f 1800 1803 1801
f 1802 1804 1805
f 1802 1805 1803
f 1804 1752 1806
f 1804 1806 1805
f 1586 1807 1808
f 1586 1808 1584
f 1807 1809 1810
f 1807 1810 1808
f 1809 1811 1812
f 1809 1812 1810
f 1811 1806 1739
f 1811 1739 1812
f 1623 1626 1747
f 1623 1747 1639
f 1692 1649 1648
f 1692 1648 1661
f 1622 1621 1634
f 1622 1634 1775
f 1765 1768 1793
f 1765 1793 1780
f 1736 1739 1806
f 1736 1806 1752
f 1596 1595 1608
f 1596 1608 1728
f 1590 1631 1605
f 1590 1605 1587
f 1723 1744 1735
f 1723 1735 1720
f 1697 1701 1715
f 1697 1715 1698
f 1650 1653 1677
f 1650 1677 1666
f 1643 1689 1658
f 1643 1658 1640
f 1597 1600 1616
f 1597 1616 1613
f 1712 1682 1667
f 1712 1667 1670
f 1606 1595 1593
f 1606 1593 1813
f 1813 1593 1591
f 1813 1591 1814
f 1814 1591 1588
f 1814 1588 1815
f 1588 1587 1603
f 1588 1603 1815
f 1815 1603 1601
f 1815 1601 1816
f 1816 1601 1598
f 1816 1598 1817
f 1598 1597 1611
f 1598 1611 1817
f 1817 1611 1609
f 1817 1609 1818
f 1818 1609 1606
f 1818 1606 1813
f 1818 1813 1814
f 1818 1814 1819
f 1814 1815 1816
f 1814 1816 1819
f 1816 1817 1818
f 1816 1818 1819
f 1632 1621 1619
f 1632 1619 1820
f 1820 1619 1617
f 1820 1617 1821
f 1821 1617 1614
f 1821 1614 1822
f 1614 1600 1599
f 1614 1599 1822
f 1822 1599 1602
f 1822 1602 1823
f 1823 1602 1604
f 1823 1604 1824
f 1604 1605 1629
f 1604 1629 1824
f 1824 1629 1627
f 1824 1627 1825
f 1825 1627 1624
f 1825 1624 1826
f 1624 1623 1637
f 1624 1637 1826
f 1826 1637 1635
f 1826 1635 1827
f 1827 1635 1632
f 1827 1632 1820
f 1827 1820 1821
f 1827 1821 1828
f 1821 1822 1823
f 1821 1823 1828
f 1823 1824 1825
f 1823 1825 1828
f 1825 1826 1827
f 1825 1827 1828
f 1659 1648 1646
f 1659 1646 1829
f 1829 1646 1644
f 1829 1644 1830
f 1830 1644 1641
f 1830 1641 1831
f 1641 1640 1656
f 1641 1656 1831
f 1831 1656 1654
f 1831 1654 1832
f 1832 1654 1651
f 1832 1651 1833
f 1651 1650 1664
f 1651 1664 1833
f 1833 1664 1662
f 1833 1662 1834
f 1834 1662 1659
f 1834 1659 1829
f 1834 1829 1830
f 1834 1830 1835
f 1830 1831 1832
f 1830 1832 1835
f 1832 1833 1834
f 1832 1834 1835
f 1683 1581 1673
f 1683 1673 1836
f 1836 1673 1671
f 1836 1671 1837
f 1837 1671 1668
f 1837 1668 1838
f 1668 1667 1680
f 1668 1680 1838
f 1838 1680 1678
f 1838 1678 1839
f 1839 1678 1675
f 1839 1675 1840
f 1675 1653 1652
f 1675 1652 1840
f 1840 1652 1655
f 1840 1655 1841
f 1841 1655 1657
f 1841 1657 1842
f 1657 1658 1687
f 1657 1687 1842
f 1842 1687 1685
f 1842 1685 1843
f 1843 1685 1683
f 1843 1683 1836
f 1843 1836 1837
f 1843 1837 1844
f 1837 1838 1839
f 1837 1839 1844
f 1839 1840 1841
f 1839 1841 1844
f 1841 1842 1843
f 1841 1843 1844
f 1699 1697 1695
f 1699 1695 1845
f 1845 1695 1693
f 1845 1693 1846
f 1846 1693 1690
f 1846 1690 1847
f 1690 1661 1660
f 1690 1660 1847
f 1847 1660 1663
f 1847 1663 1848
f 1848 1663 1665
f 1848 1665 1849
f 1665 1666 1704
f 1665 1704 1849
f 1849 1704 1702
f 1849 1702 1850
f 1850 1702 1699
f 1850 1699 1845
f 1850 1845 1846
f 1850 1846 1851
f 1846 1847 1848
f 1846 1848 1851
f 1848 1849 1850
f 1848 1850 1851
f 1681 1682 1710
f 1681 1710 1852
f 1852 1710 1708
f 1852 1708 1853
f 1853 1708 1706
f 1853 1706 1854
f 1706 1585 1718
f 1706 1718 1854
f 1854 1718 1716
f 1854 1716 1855
f 1855 1716 1713
f 1855 1713 1856
f 1713 1701 1700
f 1713 1700 1856
f 1856 1700 1703
f 1856 1703 1857
f 1857 1703 1705
f 1857 1705 1858
f 1705 1677 1676
f 1705 1676 1858
f 1858 1676 1679
f 1858 1679 1859
f 1859 1679 1681
f 1859 1681 1852
f 1859 1852 1853
f 1859 1853 1860
f 1853 1854 1855
f 1853 1855 1860
f 1855 1856 1857
f 1855 1857 1860
f 1857 1858 1859
f 1857 1859 1860
f 1594 1596 1726
f 1594 1726 1861
f 1861 1726 1724
f 1861 1724 1862
f 1862 1724 1721
f 1862 1721 1863
f 1721 1720 1733
f 1721 1733 1863
f 1863 1733 1731
f 1863 1731 1864
f 1864 1731 1729
f 1864 1729 1865
f 1729 1590 1589
f 1729 1589 1865
f 1865 1589 1592
f 1865 1592 1866
f 1866 1592 1594
f 1866 1594 1861
f 1866 1861 1862
f 1866 1862 1867
f 1862 1863 1864
f 1862 1864 1867
f 1864 1865 1866
f 1864 1866 1867
f 1734 1735 1742
f 1734 1742 1868
f 1868 1742 1740
f 1868 1740 1869
f 1869 1740 1737
f 1869 1737 1870
f 1737 1736 1750
f 1737 1750 1870
f 1870 1750 1748
f 1870 1748 1871
f 1871 1748 1745
f 1871 1745 1872
f 1745 1626 1625
f 1745 1625 1872
f 1872 1625 1628
f 1872 1628 1873
f 1873 1628 1630
f 1873 1630 1874
f 1630 1631 1730
f 1630 1730 1874
f 1874 1730 1732
f 1874 1732 1875
f 1875 1732 1734
f 1875 1734 1868
f 1875 1868 1869
f 1875 1869 1876
f 1869 1870 1871
f 1869 1871 1876
f 1871 1872 1873
f 1871 1873 1876
f 1873 1874 1875
f 1873 1875 1876
f 1647 1649 1757
f 1647 1757 1877
f 1877 1757 1755
f 1877 1755 1878
f 1878 1755 1753
f 1878 1753 1879
f 1753 1608 1607
f 1753 1607 1879
f 1879 1607 1610
f 1879 1610 1880
f 1880 1610 1612
f 1880 1612 1881
f 1612 1613 1763
f 1612 1763 1881
f 1881 1763 1761
f 1881 1761 1882
f 1882 1761 1759
f 1882 1759 1883
f 1759 1643 1642
f 1759 1642 1883
f 1883 1642 1645
f 1883 1645 1884
f 1884 1645 1647
f 1884 1647 1877
f 1884 1877 1878
f 1884 1878 1885
f 1878 1879 1880
f 1878 1880 1885
f 1880 1881 1882
f 1880 1882 1885
f 1882 1883 1884
f 1882 1884 1885
f 1773 1634 1633
f 1773 1633 1886
f 1886 1633 1636
f 1886 1636 1887
f 1887 1636 1638
f 1887 1638 1888
f 1638 1639 1771
f 1638 1771 1888
f 1888 1771 1769
f 1888 1769 1889
f 1889 1769 1766
f 1889 1766 1890
f 1766 1765 1778
f 1766 1778 1890
f 1890 1778 1776
f 1890 1776 1891
f 1891 1776 1773
f 1891 1773 1886
f 1891 1886 1887
f 1891 1887 1892
f 1887 1888 1889
f 1887 1889 1892
f 1889 1890 1891
f 1889 1891 1892
f 1787 1670 1669
f 1787 1669 1893
f 1893 1669 1672
f 1893 1672 1894
f 1894 1672 1674
f 1894 1674 1895
f 1674 1583 1785
f 1674 1785 1895
f 1895 1785 1783
f 1895 1783 1896
f 1896 1783 1781
f 1896 1781 1897
f 1781 1775 1774
f 1781 1774 1897
f 1897 1774 1777
f 1897 1777 1898
f 1898 1777 1779
f 1898 1779 1899
f 1779 1780 1791
f 1779 1791 1899
f 1899 1791 1789
f 1899 1789 1900
f 1900 1789 1787
f 1900 1787 1893
f 1900 1893 1894
f 1900 1894 1901
f 1894 1895 1896
f 1894 1896 1901
f 1896 1897 1898
f 1896 1898 1901
f 1898 1899 1900
f 1898 1900 1901
f 1696 1698 1798
f 1696 1798 1902
f 1902 1798 1796
f 1902 1796 1903
f 1903 1796 1794
f 1903 1794 1904
f 1794 1723 1722
f 1794 1722 1904
f 1904 1722 1725
f 1904 1725 1905
f 1905 1725 1727
f 1905 1727 1906
f 1727 1728 1754
f 1727 1754 1906
f 1906 1754 1756
f 1906 1756 1907
f 1907 1756 1758
f 1907 1758 1908
f 1758 1692 1691
f 1758 1691 1908
f 1908 1691 1694
f 1908 1694 1909
f 1909 1694 1696
f 1909 1696 1902
f 1909 1902 1903
f 1909 1903 1910
f 1903 1904 1905
f 1903 1905 1910
f 1905 1906 1907
f 1905 1907 1910
f 1907 1908 1909
f 1907 1909 1910
f 1772 1747 1746
f 1772 1746 1911
f 1911 1746 1749
f 1911 1749 1912
f 1912 1749 1751
f 1912 1751 1913
f 1751 1752 1804
f 1751 1804 1913
f 1913 1804 1802
f 1913 1802 1914
f 1914 1802 1800
f 1914 1800 1915
f 1800 1768 1767
f 1800 1767 1915
f 1915 1767 1770
f 1915 1770 1916
f 1916 1770 1772
f 1916 1772 1911
f 1916 1911 1912
f 1916 1912 1917
f 1912 1913 1914
f 1912 1914 1917
f 1914 1915 1916
f 1914 1916 1917
f 1807 1586 1707
f 1807 1707 1918
f 1918 1707 1709
f 1918 1709 1919
f 1919 1709 1711
f 1919 1711 1920
f 1711 1712 1788
f 1711 1788 1920
f 1920 1788 1790
f 1920 1790 1921
f 1921 1790 1792
f 1921 1792 1922
f 1792 1793 1801
f 1792 1801 1922
f 1922 1801 1803
f 1922 1803 1923
f 1923 1803 1805
f 1923 1805 1924
f 1805 1806 1811
f 1805 1811 1924
f 1924 1811 1809
f 1924 1809 1925
f 1925 1809 1807
f 1925 1807 1918
f 1925 1918 1919
f 1925 1919 1926
f 1919 1920 1921
f 1919 1921 1926
f 1921 1922 1923
f 1921 1923 1926
f 1923 1924 1925
f 1923 1925 1926
f 1764 1616 1615
f 1764 1615 1927
f 1927 1615 1618
f 1927 1618 1928
f 1928 1618 1620
f 1928 1620 1929
f 1620 1622 1782
f 1620 1782 1929
f 1929 1782 1784
f 1929 1784 1930
f 1930 1784 1786
f 1930 1786 1931
f 1786 1582 1684
f 1786 1684 1931
f 1931 1684 1686
f 1931 1686 1932
f 1932 1686 1688
f 1932 1688 1933
f 1688 1689 1760
f 1688 1760 1933
f 1933 1760 1762
f 1933 1762 1934
f 1934 1762 1764
f 1934 1764 1927
f 1934 1927 1928
f 1934 1928 1935
f 1928 1929 1930
f 1928 1930 1935
f 1930 1931 1932
f 1930 1932 1935
f 1932 1933 1934
f 1932 1934 1935
f 1799 1715 1714
f 1799 1714 1936
f 1936 1714 1717
f 1936 1717 1937
f 1937 1717 1719
f 1937 1719 1938
f 1719 1584 1808
f 1719 1808 1938
f 1938 1808 1810
f 1938 1810 1939
f 1939 1810 1812
f 1939 1812 1940
f 1812 1739 1738
f 1812 1738 1940
f 1940 1738 1741
f 1940 1741 1941
f 1941 1741 1743
f 1941 1743 1942
f 1743 1744 1795
f 1743 1795 1942
f 1942 1795 1797
f 1942 1797 1943
f 1943 1797 1799
f 1943 1799 1936
f 1943 1936 1937
f 1943 1937 1944
f 1937 1938 1939
f 1937 1939 1944
f 1939 1940 1941
f 1939 1941 1944
f 1941 1942 1943
f 1941 1943 1944
f 1945 1946 1947
f 1945 1947 1948
f 1946 1949 1950
f 1946 1950 1947
f 1951 1952 1953
f 1951 1953 1954
f 1952 1945 1955
f 1952 1955 1953
f 1949 1956 1957
f 1949 1957 1958
f 1956 1951 1959
f 1956 1959 1957
f 1960 1961 1962
f 1960 1962 1963
f 1961 1955 1964
f 1961 1964 1962
f 1954 1965 1966
f 1954 1966 1967
f 1965 1960 1968
f 1965 1968 1966
f 1958 1969 1970
f 1958 1970 1971
f 1969 1972 1973
f 1969 1973 1970
f 1972 1974 1975
f 1972 1975 1976
f 1974 1959 1967
f 1974 1967 1975
f 1976 1977 1978
f 1976 1978 1979
f 1977 1968 1980
f 1977 1980 1978
f 1971 1981 1982
f 1971 1982 1950
f 1981 1983 1984
f 1981 1984 1982
f 1983 1985 1986
f 1983 1986 1987
f 1985 1973 1979
f 1985 1979 1986
f 1987 1988 1989
f 1987 1989 1990
f 1988 1980 1963
f 1988 1963 1989
f 1948 1991 1992
f 1948 1992 1964
f 1991 1984 1990
f 1991 1990 1992
f 1951 1954 1967
f 1951 1967 1959
f 1972 1976 1979
f 1972 1979 1973
f 1983 1987 1990
f 1983 1990 1984
f 1948 1964 1955
f 1948 1955 1945
f 1960 1963 1980
f 1960 1980 1968
f 1950 1949 1958
f 1950 1958 1971
f 1956 1949 1946
f 1956 1946 1993
f 1946 1945 1952
f 1946 1952 1993
f 1952 1951 1956
f 1952 1956 1993
f 1953 1955 1961
f 1953 1961 1994
f 1961 1960 1965
f 1961 1965 1994
f 1965 1954 1953
f 1965 1953 1994
f 1974 1972 1969
f 1974 1969 1995
f 1969 1958 1957
f 1969 1957 1995
f 1957 1959 1974
f 1957 1974 1995
f 1966 1968 1977
f 1966 1977 1996
f 1977 1976 1975
f 1977 1975 1996
f 1975 1967 1966
f 1975 1966 1996
f 1985 1983 1981
f 1985 1981 1997
f 1981 1971 1970
f 1981 1970 1997
f 1970 1973 1985
f 1970 1985 1997
f 1978 1980 1988
f 1978 1988 1998
f 1988 1987 1986
f 1988 1986 1998
f 1986 1979 1978
f 1986 1978 1998
f 1991 1948 1947
f 1991 1947 1999
f 1947 1950 1982
f 1947 1982 1999
f 1982 1984 1991
f 1982 1991 1999
f 1989 1963 1962
f 1989 1962 2000
f 1962 1964 1992
f 1962 1992 2000
f 1992 1990 1989
f 1992 1989 2000
f 2001 2002 2003
f 2001 2003 2004
f 2002 2005 2006
f 2002 2006 2003
f 2007 2008 2009
f 2007 2009 2010
f 2008 2001 2011
f 2008 2011 2009
f 2005 2012 2013
f 2005 2013 2014
f 2012 2007 2015
f 2012 2015 2013
f 2016 2017 2018
f 2016 2018 2019
f 2017 2011 2020
f 2017 2020 2018
f 2010 2021 2022
f 2010 2022 2023
f 2021 2016 2024
f 2021 2024 2022
f 2014 2025 2026
f 2014 2026 2027
f 2025 2028 2029
f 2025 2029 2026
f 2028 2030 2031
f 2028 2031 2032
f 2030 2015 2023
f 2030 2023 2031
f 2032 2033 2034
f 2032 2034 2035
f 2033 2024 2036
f 2033 2036 2034
f 2027 2037 2038
f 2027 2038 2006
f 2037 2039 2040
f 2037 2040 2038
f 2039 2041 2042
f 2039 2042 2043
f 2041 2029 2035
f 2041 2035 2042
f 2043 2044 2045
f 2043 2045 2046
f 2044 2036 2019
f 2044 2019 2045
f 2004 2047 2048
f 2004 2048 2020
f 2047 2040 2046
f 2047 2046 2048
f 2007 2010 2023
f 2007 2023 2015
f 2028 2032 2035
f 2028 2035 2029
f 2039 2043 2046
f 2039 2046 2040
f 2004 2020 2011
f 2004 2011 2001
f 2016 2019 2036
f 2016 2036 2024
f 2006 2005 2014
f 2006 2014 2027
f 2012 2005 2002
f 2012 2002 2049
f 2002 2001 2008
f 2002 2008 2049
f 2008 2007 2012
f 2008 2012 2049
f 2009 2011 2017
f 2009 2017 2050
f 2017 2016 2021
f 2017 2021 2050
f 2021 2010 2009
f 2021 2009 2050
f 2030 2028 2025
f 2030 2025 2051
f 2025 2014 2013
f 2025 2013 2051
f 2013 2015 2030
f 2013 2030 2051
f 2022 2024 2033
f 2022 2033 2052
f 2033 2032 2031
f 2033 2031 2052
f 2031 2023 2022
f 2031 2022 2052
f 2041 2039 2037
f 2041 2037 2053
f 2037 2027 2026
f 2037 2026 2053
f 2026 2029 2041
f 2026 2041 2053
f 2034 2036 2044
f 2034 2044 2054
f 2044 2043 2042
f 2044 2042 2054
f 2042 2035 2034
f 2042 2034 2054
f 2047 2004 2003
f 2047 2003 2055
f 2003 2006 2038
f 2003 2038 2055
f 2038 2040 2047
f 2038 2047 2055
f 2045 2019 2018
f 2045 2018 2056
f 2018 2020 2048
f 2018 2048 2056
f 2048 2046 2045
f 2048 2045 2056