# https://github.com/mikedh/trimesh
v 0.00002263 0.02591378 0.00154146
v 0.00002263 0.02591014 0.06375323
v 0.00256512 0.02578513 0.06375323
v 0.00256548 0.02578875 0.00154146
v -0.00503787 0.02541173 0.06375323
v -0.00503276 0.02538603 0.10647739
v -0.00251728 0.02575906 0.10647739
v -0.00251985 0.02578514 0.06375323
v 0.00002263 0.02588394 0.10647738
v 0.01647835 0.02002208 0.06375324
v 0.01648066 0.02002490 0.00154146
v 0.01443582 0.02154159 0.00154146
v 0.01443379 0.02153856 0.06375324
v 0.00994921 0.02393562 0.06375324
v 0.00993918 0.02391141 0.10647739
v 0.01223798 0.02282405 0.10647739
v 0.01225033 0.02284715 0.06375324
v 0.01441923 0.02151678 0.10647740
v 0.02007398 0.01642645 0.06375324
v 0.02007681 0.01642876 0.00154147
v 0.01836714 0.01831523 0.00154146
v 0.01836456 0.01831266 0.06375324
v 0.01646172 0.02000183 0.10647739
v 0.01834602 0.01829413 0.10647740
v 0.01225205 0.02285037 0.00154146
v 0.02289905 0.01219843 0.06375324
v 0.02290228 0.01220014 0.00154147
v 0.02159349 0.01438391 0.00154146
v 0.02159046 0.01438189 0.06375324
v 0.02005372 0.01640983 0.10647739
v 0.02156867 0.01436734 0.10647740
v 0.02484500 0.00750051 0.06375324
v 0.02484849 0.00750156 0.00154147
v 0.02399089 0.00989870 0.00154146
v 0.02398751 0.00989731 0.06375324
v 0.02287594 0.01218608 0.10647739
v 0.02396330 0.00988729 0.10647740
v 0.02583703 0.00251322 0.06375324
v 0.02584066 0.00251357 0.00154147
v 0.02546720 0.00503196 0.00154146
v 0.02546362 0.00503126 0.06375324
v 0.02481992 0.00749291 0.10647739
v 0.02543791 0.00502615 0.10647740
v 0.02583703 -0.00257177 0.06375324
v 0.02584067 -0.00257214 0.00154147
v 0.02596569 -0.00002928 0.00154146
v 0.02596204 -0.00002927 0.06375324
v 0.02581095 0.00251066 0.10647740
v 0.02593583 -0.00002926 0.10647740
v 0.02484500 -0.00755905 0.06375324
v 0.02484849 -0.00756012 0.00154147
v 0.02546720 -0.00509052 0.00154146
v 0.02546362 -0.00508980 0.06375324
v 0.02581095 -0.00256919 0.10647740
v 0.02543791 -0.00508468 0.10647741
v 0.02289905 -0.01225698 0.06375324
v 0.02290228 -0.01225871 0.00154147
v 0.02399089 -0.00995726 0.00154147
v 0.02398752 -0.00995585 0.06375324
v 0.02481992 -0.00755144 0.10647740
v 0.02396330 -0.00994582 0.10647741
v 0.02007398 -0.01648500 0.06375324
v 0.02007681 -0.01648733 0.00154147
v 0.02159350 -0.01444248 0.00154147
v 0.02159046 -0.01444044 0.06375324
v 0.02287594 -0.01224462 0.10647740
v 0.02156867 -0.01442587 0.10647741
v 0.01647835 -0.02008063 0.06375324
v 0.01648066 -0.02008347 0.00154147
v 0.01836714 -0.01837380 0.00154147
v 0.01836456 -0.01837121 0.06375324
v 0.02005373 -0.01646836 0.10647740
v 0.01834603 -0.01835267 0.10647741
v 0.01225033 -0.02290570 0.06375324
v 0.01225205 -0.02290894 0.00154147
v 0.01443582 -0.02160015 0.00154147
v 0.01443379 -0.02159711 0.06375324
v 0.01646172 -0.02006037 0.10647740
v 0.01441923 -0.02157531 0.10647741
v 0.00755240 -0.02485165 0.06375324
v 0.00755346 -0.02485515 0.00154147
v 0.00995060 -0.02399755 0.00154147
v 0.00994920 -0.02399417 0.06375324
v 0.01223797 -0.02288258 0.10647740
v 0.00993918 -0.02396995 0.10647741
v 0.00256511 -0.02584368 0.06375324
v 0.00256547 -0.02584733 0.00154147
v 0.00508386 -0.02547386 0.00154147
v 0.00508315 -0.02547027 0.06375324
v 0.00754480 -0.02482656 0.10647740
v 0.00507803 -0.02544456 0.10647741
v -0.00251988 -0.02584368 0.06375324
v -0.00252024 -0.02584732 0.00154147
v 0.00002262 -0.02597235 0.00154147
v 0.00002262 -0.02596869 0.06375324
v 0.00256255 -0.02581759 0.10647740
v 0.00002262 -0.02594247 0.10647741
v -0.00750717 -0.02485164 0.06375324
v -0.00750823 -0.02485515 0.00154147
v -0.00503863 -0.02547386 0.00154147
v -0.00503791 -0.02547026 0.06375324
v -0.00251731 -0.02581759 0.10647740
v -0.00503280 -0.02544456 0.10647741
v -0.01220509 -0.02290570 0.06375324
v -0.01220682 -0.02290893 0.00154147
v -0.00990537 -0.02399754 0.00154147
v -0.00990397 -0.02399416 0.06375324
v -0.00749956 -0.02482656 0.10647740
v -0.00989394 -0.02396994 0.10647741
v -0.01643311 -0.02008062 0.06375324
v -0.01643543 -0.02008346 0.00154147
v -0.01439058 -0.02160014 0.00154147
v -0.01438855 -0.02159710 0.06375324
v -0.01219274 -0.02288258 0.10647740
v -0.01437399 -0.02157530 0.10647741
v -0.02002875 -0.01648498 0.06375324
v -0.02003157 -0.01648731 0.00154147
v -0.01832190 -0.01837379 0.00154147
v -0.01831932 -0.01837120 0.06375324
v -0.01641649 -0.02006036 0.10647740
v -0.01830079 -0.01835266 0.10647741
v -0.02285381 -0.01225696 0.06375324
v -0.02285704 -0.01225869 0.00154147
v -0.02154825 -0.01444246 0.00154147
v -0.02154522 -0.01444042 0.06375324
v -0.02000849 -0.01646835 0.10647740
v -0.02152342 -0.01442586 0.10647741
v -0.02479975 -0.00755904 0.06375324
v -0.02480325 -0.00756011 0.00154147
v -0.02394565 -0.00995725 0.00154147
v -0.02394227 -0.00995584 0.06375324
v -0.02283070 -0.01224460 0.10647740
v -0.02391806 -0.00994580 0.10647741
v -0.02579178 -0.00257175 0.06375324
v -0.02579542 -0.00257212 0.00154147
v -0.02542196 -0.00509050 0.00154146
v -0.02541837 -0.00508978 0.06375324
v -0.02477468 -0.00755142 0.10647740
v -0.02539267 -0.00508466 0.10647741
v -0.02579178 0.00251325 0.06375324
v -0.02579541 0.00251360 0.00154147
v -0.02592044 -0.00002926 0.00154146
v -0.02591679 -0.00002925 0.06375324
v -0.02576570 -0.00256917 0.10647740
v -0.02589058 -0.00002924 0.10647740
v -0.02479974 0.00750054 0.06375324
v -0.02480323 0.00750159 0.00154147
v -0.02542195 0.00503198 0.00154146
v -0.02541836 0.00503128 0.06375324
v -0.02576570 0.00251069 0.10647740
v -0.02539266 0.00502618 0.10647740
v -0.02285379 0.01219846 0.06375324
v -0.02285701 0.01220017 0.00154147
v -0.02394563 0.00989872 0.00154146
v -0.02394225 0.00989734 0.06375324
v -0.02477466 0.00749294 0.10647739
v -0.02391804 0.00988731 0.10647740
v -0.02002871 0.01642647 0.06375324
v -0.02003154 0.01642878 0.00154147
v -0.02154823 0.01438394 0.00154146
v -0.02154519 0.01438192 0.06375324
v -0.02283068 0.01218611 0.10647739
v -0.02152340 0.01436736 0.10647740
v -0.01643307 0.02002211 0.06375324
v -0.01643539 0.02002492 0.00154146
v -0.01832187 0.01831526 0.00154146
v -0.01831928 0.01831268 0.06375324
v -0.02000845 0.01640986 0.10647739
v -0.01830075 0.01829416 0.10647740
v -0.01220505 0.02284717 0.06375324
v -0.01220677 0.02285039 0.00154146
v -0.01439054 0.02154160 0.00154146
v -0.01438851 0.02153858 0.06375324
v -0.01641645 0.02000185 0.10647739
v -0.01437395 0.02151679 0.10647740
v -0.00750712 0.02479311 0.06375323
v -0.00750818 0.02479659 0.00154146
v -0.00990532 0.02393899 0.00154146
v -0.00990392 0.02393563 0.06375324
v -0.01219270 0.02282407 0.10647739
v -0.00989389 0.02391142 0.10647740
v -0.00503859 0.02541530 0.00154146
v -0.00252021 0.02578876 0.00154146
v -0.00749951 0.02476804 0.10647739
v 0.00755241 0.02479310 0.06375323
v 0.00755347 0.02479658 0.00154146
v 0.00508387 0.02541529 0.00154146
v 0.00508315 0.02541172 0.06375323
v 0.00256255 0.02575906 0.10647739
v 0.00507804 0.02538602 0.10647740
v 0.00995061 0.02393898 0.00154146
v 0.00754480 0.02476803 0.10647739
v 0.00255568 0.02568927 0.12564837
v 0.00506436 0.02531724 0.12564837
v 0.00002263 0.02581381 0.12564837
v 0.00002263 0.02568231 0.12904377
v 0.00254279 0.02555840 0.12904377
v 0.00503870 0.02518827 0.12904377
v 0.00252281 0.02535555 0.12970910
v 0.00499894 0.02498836 0.12970911
v 0.00002263 0.02547848 0.12970911
v 0.00002263 0.02521328 0.13022048
v 0.00249682 0.02509163 0.13022048
v 0.00494720 0.02472825 0.13022048
v 0.00246087 0.02472663 0.13055037
v 0.00487565 0.02436852 0.13055039
v 0.00002263 0.02484651 0.13055039
v 0.00002263 0.02411138 0.13072632
v 0.00238881 0.02399504 0.13072632
v 0.00473223 0.02364753 0.13072632
v 0.00752444 0.02470092 0.12564837
v 0.00991234 0.02384662 0.12564837
v 0.00748627 0.02457508 0.12904377
v 0.00986202 0.02372513 0.12904377
v 0.00742710 0.02438003 0.12970910
v 0.00978402 0.02353682 0.12970911
v 0.00735012 0.02412625 0.13022048
v 0.00968253 0.02329180 0.13022048
v 0.00724365 0.02377527 0.13055037
v 0.00954217 0.02295295 0.13055039
v 0.00703025 0.02307180 0.13072632
v 0.00926085 0.02227378 0.13072632
v 0.01220492 0.02276220 0.12564837
v 0.01438027 0.02145847 0.12564837
v 0.01214293 0.02264623 0.12904377
v 0.01430721 0.02134913 0.12904377
v 0.01204684 0.02246647 0.12970910
v 0.01419396 0.02117965 0.12970911
v 0.01192183 0.02223258 0.13022048
v 0.01404663 0.02095914 0.13022048
v 0.01174893 0.02190912 0.13055037
v 0.01384286 0.02065418 0.13055039
v 0.01140240 0.02126080 0.13072632
v 0.01343445 0.02004295 0.13072632
v 0.01641723 0.01994763 0.12564837
v 0.01829644 0.01824455 0.12564837
v 0.01633381 0.01984597 0.12904377
v 0.01820345 0.01815157 0.12904377
v 0.01620450 0.01968841 0.12970911
v 0.01805932 0.01800743 0.12970911
v 0.01603626 0.01948341 0.13022048
v 0.01787180 0.01781991 0.13022048
v 0.01580358 0.01919989 0.13055037
v 0.01761245 0.01756056 0.13055039
v 0.01533723 0.01863163 0.13072632
v 0.01709264 0.01704075 0.13072632
v 0.01999951 0.01636534 0.12564837
v 0.02151035 0.01432838 0.12564837
v 0.01989786 0.01628192 0.12904377
v 0.02140102 0.01425532 0.12904377
v 0.01974030 0.01615261 0.12970911
v 0.02123154 0.01414208 0.12970911
v 0.01953530 0.01598437 0.13022048
v 0.02101103 0.01399474 0.13022048
v 0.01925178 0.01575169 0.13055037
v 0.02070607 0.01379097 0.13055039
v 0.01868352 0.01528534 0.13072632
v 0.02009483 0.01338256 0.13072632
v 0.02281409 0.01215303 0.12564837
v 0.02389851 0.00986045 0.12564837
v 0.02269812 0.01209104 0.12904377
v 0.02377702 0.00981013 0.12904377
v 0.02251836 0.01199496 0.12970911
v 0.02358871 0.00973213 0.12970911
v 0.02228447 0.01186994 0.13022048
v 0.02334369 0.00963064 0.13022048
v 0.02196100 0.01169705 0.13055037
v 0.02300484 0.00949028 0.13055039
v 0.02131269 0.01135051 0.13072632
v 0.02232567 0.00920896 0.13072632
v 0.02475281 0.00747256 0.12564837
v 0.02536913 0.00501247 0.12564837
v 0.02462697 0.00743439 0.12904377
v 0.02524016 0.00498682 0.12904377
v 0.02443192 0.00737522 0.12970911
v 0.02504024 0.00494705 0.12970911
v 0.02417813 0.00729823 0.13022048
v 0.02478014 0.00489531 0.13022048
v 0.02382715 0.00719176 0.13055037
v 0.02442041 0.00482376 0.13055039
v 0.02312369 0.00697837 0.13072632
v 0.02369941 0.00468034 0.13072632
v 0.02574116 0.00250379 0.12564837
v 0.02586570 -0.00002926 0.12564838
v 0.02561029 0.00249090 0.12904377
v 0.02573420 -0.00002926 0.12904377
v 0.02540744 0.00247092 0.12970911
v 0.02553037 -0.00002926 0.12970912
v 0.02514352 0.00244493 0.13022048
v 0.02526517 -0.00002926 0.13022048
v 0.02477851 0.00240898 0.13055037
v 0.02489839 -0.00002926 0.13055039
v 0.02404693 0.00233692 0.13072632
v 0.02416326 -0.00002926 0.13072632
v 0.02574116 -0.00256232 0.12564838
v 0.02536913 -0.00507099 0.12564838
v 0.02561029 -0.00254943 0.12904377
v 0.02524016 -0.00504534 0.12904377
v 0.02540744 -0.00252945 0.12970911
v 0.02504024 -0.00500557 0.12970912
v 0.02514352 -0.00250345 0.13022048
v 0.02478014 -0.00495383 0.13022048
v 0.02477851 -0.00246750 0.13055038
v 0.02442041 -0.00488228 0.13055039
v 0.02404693 -0.00239545 0.13072632
v 0.02369941 -0.00473886 0.13072632
v 0.02475281 -0.00753108 0.12564838
v 0.02389851 -0.00991898 0.12564838
v 0.02462697 -0.00749291 0.12904377
v 0.02377702 -0.00986865 0.12904377
v 0.02443192 -0.00743374 0.12970911
v 0.02358871 -0.00979065 0.12970912
v 0.02417814 -0.00735675 0.13022048
v 0.02334369 -0.00968916 0.13022048
v 0.02382716 -0.00725029 0.13055038
v 0.02300484 -0.00954881 0.13055039
v 0.02312369 -0.00703689 0.13072632
v 0.02232567 -0.00926748 0.13072632
v 0.02281409 -0.01221155 0.12564838
v 0.02151035 -0.01438691 0.12564838
v 0.02269812 -0.01214957 0.12904377
v 0.02140102 -0.01431385 0.12904377
v 0.02251836 -0.01205348 0.12970911
v 0.02123154 -0.01420060 0.12970912
v 0.02228447 -0.01192846 0.13022048
v 0.02101103 -0.01405327 0.13022048
v 0.02196101 -0.01175557 0.13055038
v 0.02070607 -0.01384950 0.13055039
v 0.02131269 -0.01140904 0.13072633
v 0.02009483 -0.01344109 0.13072633
v 0.01999951 -0.01642387 0.12564838
v 0.01829644 -0.01830308 0.12564838
v 0.01989786 -0.01634045 0.12904378
v 0.01820345 -0.01821009 0.12904378
v 0.01974030 -0.01621114 0.12970911
v 0.01805932 -0.01806596 0.12970912
v 0.01953530 -0.01604290 0.13022048
v 0.01787180 -0.01787844 0.13022048
v 0.01925178 -0.01581022 0.13055038
v 0.01761245 -0.01761909 0.13055039
v 0.01868352 -0.01534386 0.13072633
v 0.01709264 -0.01709927 0.13072633
v 0.01641723 -0.02000615 0.12564838
v 0.01438026 -0.02151699 0.12564838
v 0.01633381 -0.01990450 0.12904378
v 0.01430721 -0.02140766 0.12904378
v 0.01620450 -0.01974694 0.12970911
v 0.01419396 -0.02123818 0.12970912
v 0.01603626 -0.01954194 0.13022048
v 0.01404663 -0.02101767 0.13022048
v 0.01580358 -0.01925842 0.13055038
v 0.01384286 -0.02071271 0.13055039
v 0.01533723 -0.01869016 0.13072633
v 0.01343445 -0.02010147 0.13072633
v 0.01220492 -0.02282073 0.12564838
v 0.00991234 -0.02390515 0.12564838
v 0.01214293 -0.02270476 0.12904378
v 0.00986201 -0.02378366 0.12904378
v 0.01204684 -0.02252500 0.12970911
v 0.00978401 -0.02359535 0.12970912
v 0.01192183 -0.02229111 0.13022048
v 0.00968252 -0.02335033 0.13022048
v 0.01174893 -0.02196765 0.13055038
v 0.00954217 -0.02301148 0.13055039
v 0.01140240 -0.02131933 0.13072633
v 0.00926084 -0.02233231 0.13072633
v 0.00752444 -0.02475945 0.12564838
v 0.00506435 -0.02537577 0.12564838
v 0.00748627 -0.02463361 0.12904378
v 0.00503870 -0.02524680 0.12904378
v 0.00742710 -0.02443856 0.12970911
v 0.00499893 -0.02504688 0.12970912
v 0.00735011 -0.02418477 0.13022048
v 0.00494719 -0.02478678 0.13022048
v 0.00724364 -0.02383380 0.13055038
v 0.00487564 -0.02442705 0.13055039
v 0.00703025 -0.02313033 0.13072633
v 0.00473222 -0.02370605 0.13072633
v 0.00255567 -0.02574780 0.12564838
v 0.00002262 -0.02587234 0.12564838
v 0.00254278 -0.02561693 0.12904378
v 0.00002262 -0.02574084 0.12904378
v 0.00252280 -0.02541408 0.12970911
v 0.00002262 -0.02553701 0.12970912
v 0.00249681 -0.02515016 0.13022048
v 0.00002262 -0.02527180 0.13022048
v 0.00246086 -0.02478515 0.13055038
v 0.00002262 -0.02490503 0.13055039
v 0.00238881 -0.02405357 0.13072633
v 0.00002262 -0.02416990 0.13072633
v -0.00251044 -0.02574780 0.12564838
v -0.00501912 -0.02537577 0.12564838
v -0.00249755 -0.02561693 0.12904378
v -0.00499346 -0.02524680 0.12904378
v -0.00247757 -0.02541408 0.12970911
v -0.00495370 -0.02504688 0.12970912
v -0.00245158 -0.02515016 0.13022048
v -0.00490196 -0.02478677 0.13022048
v -0.00241563 -0.02478515 0.13055038
v -0.00483041 -0.02442705 0.13055039
v -0.00234357 -0.02405357 0.13072633
v -0.00468699 -0.02370605 0.13072633
v -0.00747921 -0.02475944 0.12564838
v -0.00986710 -0.02390515 0.12564838
v -0.00744103 -0.02463361 0.12904378
v -0.00981678 -0.02378366 0.12904378
v -0.00738186 -0.02443855 0.12970911
v -0.00973878 -0.02359534 0.12970912
v -0.00730488 -0.02418477 0.13022048
v -0.00963729 -0.02335033 0.13022048
v -0.00719841 -0.02383379 0.13055038
v -0.00949693 -0.02301147 0.13055039
v -0.00698502 -0.02313032 0.13072633
v -0.00921561 -0.02233230 0.13072633
v -0.01215968 -0.02282073 0.12564838
v -0.01433503 -0.02151699 0.12564838
v -0.01209769 -0.02270475 0.12904378
v -0.01426197 -0.02140765 0.12904378
v -0.01200161 -0.02252499 0.12970911
v -0.01414873 -0.02123817 0.12970912
v -0.01187659 -0.02229110 0.13022048
v -0.01400139 -0.02101766 0.13022048
v -0.01170370 -0.02196764 0.13055038
v -0.01379762 -0.02071270 0.13055039
v -0.01135716 -0.02131932 0.13072633
v -0.01338921 -0.02010147 0.13072633
v -0.01637200 -0.02000614 0.12564838
v -0.01825120 -0.01830307 0.12564838
v -0.01628858 -0.01990449 0.12904378
v -0.01815821 -0.01821008 0.12904378
v -0.01615927 -0.01974693 0.12970911
v -0.01801409 -0.01806595 0.12970912
v -0.01599103 -0.01954193 0.13022048
v -0.01782656 -0.01787842 0.13022048
v -0.01575835 -0.01925841 0.13055038
v -0.01756721 -0.01761908 0.13055039
v -0.01529199 -0.01869015 0.13072633
v -0.01704740 -0.01709926 0.13072633
v -0.01995428 -0.01642386 0.12564838
v -0.02146512 -0.01438689 0.12564838
v -0.01985263 -0.01634044 0.12904378
v -0.02135578 -0.01431383 0.12904377
v -0.01969506 -0.01621113 0.12970911
v -0.02118630 -0.01420059 0.12970912
v -0.01949006 -0.01604289 0.13022048
v -0.02096579 -0.01405325 0.13022048
v -0.01920654 -0.01581021 0.13055038
v -0.02066083 -0.01384948 0.13055039
v -0.01863828 -0.01534385 0.13072633
v -0.02004960 -0.01344107 0.13072633
v -0.02276885 -0.01221154 0.12564838
v -0.02385327 -0.00991896 0.12564838
v -0.02265288 -0.01214955 0.12904377
v -0.02373178 -0.00986864 0.12904377
v -0.02247312 -0.01205347 0.12970911
v -0.02354346 -0.00979064 0.12970912
v -0.02223923 -0.01192845 0.13022048
v -0.02329845 -0.00968915 0.13022048
v -0.02191576 -0.01175556 0.13055038
v -0.02295960 -0.00954879 0.13055039
v -0.02126745 -0.01140902 0.13072633
v -0.02228043 -0.00926747 0.13072632
v -0.02470757 -0.00753106 0.12564838
v -0.02532388 -0.00507097 0.12564838
v -0.02458173 -0.00749289 0.12904377
v -0.02519492 -0.00504532 0.12904377
v -0.02438668 -0.00743372 0.12970911
v -0.02499500 -0.00500556 0.12970912
v -0.02413289 -0.00735674 0.13022048
v -0.02473489 -0.00495382 0.13022048
v -0.02378191 -0.00725027 0.13055038
v -0.02437517 -0.00488226 0.13055039
v -0.02307845 -0.00703687 0.13072632
v -0.02365417 -0.00473885 0.13072632
v -0.02569591 -0.00256229 0.12564838
v -0.02582045 -0.00002924 0.12564838
v -0.02556504 -0.00254940 0.12904377
v -0.02568895 -0.00002924 0.12904377
v -0.02536220 -0.00252943 0.12970911
v -0.02548512 -0.00002924 0.12970912
v -0.02509827 -0.00250343 0.13022048
v -0.02521992 -0.00002924 0.13022048
v -0.02473326 -0.00246748 0.13055038
v -0.02485314 -0.00002924 0.13055039
v -0.02400168 -0.00239543 0.13072632
v -0.02411802 -0.00002924 0.13072632
v -0.02569591 0.00250382 0.12564837
v -0.02532388 0.00501250 0.12564837
v -0.02556504 0.00249093 0.12904377
v -0.02519490 0.00498684 0.12904377
v -0.02536219 0.00247095 0.12970911
v -0.02499499 0.00494708 0.12970911
v -0.02509827 0.00244495 0.13022048
v -0.02473488 0.00489534 0.13022048
v -0.02473326 0.00240900 0.13055037
v -0.02437516 0.00482378 0.13055039
v -0.02400168 0.00233695 0.13072632
v -0.02365416 0.00468037 0.13072632
v -0.02470755 0.00747258 0.12564837
v -0.02385325 0.00986048 0.12564837
v -0.02458172 0.00743441 0.12904377
v -0.02373176 0.00981016 0.12904377
v -0.02438666 0.00737524 0.12970911
v -0.02354345 0.00973216 0.12970911
v -0.02413288 0.00729826 0.13022048
v -0.02329843 0.00963067 0.13022048
v -0.02378190 0.00719179 0.13055037
v -0.02295957 0.00949031 0.13055039
v -0.02307843 0.00697839 0.13072632
v -0.02228041 0.00920899 0.13072632
v -0.02276883 0.01215306 0.12564837
v -0.02146509 0.01432840 0.12564837
v -0.02265286 0.01209107 0.12904377
v -0.02135575 0.01425535 0.12904377
v -0.02247309 0.01199498 0.12970911
v -0.02118627 0.01414211 0.12970911
v -0.02223920 0.01186997 0.13022048
v -0.02096576 0.01399477 0.13022048
v -0.02191574 0.01169708 0.13055037
v -0.02066080 0.01379100 0.13055039
v -0.02126742 0.01135054 0.13072632
v -0.02004957 0.01338259 0.13072632
v -0.01995424 0.01636537 0.12564837
v -0.01825116 0.01824457 0.12564837
v -0.01985259 0.01628195 0.12904377
v -0.01815818 0.01815159 0.12904377
v -0.01969503 0.01615264 0.12970911
v -0.01801405 0.01800746 0.12970911
v -0.01949002 0.01598440 0.13022048
v -0.01782652 0.01781993 0.13022048
v -0.01920651 0.01575172 0.13055037
v -0.01756718 0.01756058 0.13055039
v -0.01863825 0.01528536 0.13072632
v -0.01704736 0.01704077 0.13072632
v -0.01637196 0.01994765 0.12564837
v -0.01433499 0.02145849 0.12564837
v -0.01628853 0.01984600 0.12904377
v -0.01426193 0.02134915 0.12904377
v -0.01615923 0.01968843 0.12970911
v -0.01414869 0.02117967 0.12970911
v -0.01599098 0.01948343 0.13022048
v -0.01400135 0.02095916 0.13022048
v -0.01575831 0.01919991 0.13055037
v -0.01379758 0.02065420 0.13055039
v -0.01529195 0.01863165 0.13072632
v -0.01338917 0.02004297 0.13072632
v -0.01215964 0.02276222 0.12564837
v -0.00986706 0.02384664 0.12564837
v -0.01209765 0.02264625 0.12904377
v -0.00981674 0.02372515 0.12904377
v -0.01200156 0.02246649 0.12970910
v -0.00973873 0.02353683 0.12970911
v -0.01187655 0.02223260 0.13022048
v -0.00963724 0.02329182 0.13022048
v -0.01170365 0.02190914 0.13055037
v -0.00949689 0.02295296 0.13055039
v -0.01135712 0.02126082 0.13072632
v -0.00921556 0.02227380 0.13072632
v -0.00747916 0.02470093 0.12564837
v -0.00501908 0.02531725 0.12564837
v -0.00744099 0.02457509 0.12904377
v -0.00499342 0.02518828 0.12904377
v -0.00738182 0.02438004 0.12970910
v -0.00495366 0.02498836 0.12970911
v -0.00730483 0.02412626 0.13022048
v -0.00490192 0.02472826 0.13022048
v -0.00719837 0.02377528 0.13055037
v -0.00483037 0.02436853 0.13055039
v -0.00698497 0.02307181 0.13072632
v -0.00468695 0.02364753 0.13072632
v -0.00251041 0.02568927 0.12564837
v -0.00249752 0.02555841 0.12904377
v -0.00247754 0.02535556 0.12970910
v -0.00245155 0.02509163 0.13022048
v -0.00241560 0.02472663 0.13055037
v -0.00234355 0.02399505 0.13072632
v 0.00002263 0.02113479 0.13080146
v 0.00209705 0.02103279 0.13080146
v 0.00225988 0.02268603 0.13079207
v 0.00002263 0.02279603 0.13079206
v 0.00415152 0.02072812 0.13080146
v 0.00447562 0.02235745 0.13079206
v 0.00616620 0.02022339 0.13080146
v 0.00664843 0.02181309 0.13079207
v 0.00812175 0.01952377 0.13080146
v 0.00875748 0.02105855 0.13079206
v 0.00999925 0.01863569 0.13080146
v 0.01078235 0.02010076 0.13079207
v 0.01178074 0.01756800 0.13080146
v 0.01270368 0.01894927 0.13079206
v 0.01344890 0.01633070 0.13080146
v 0.01450278 0.01761485 0.13079207
v 0.01498787 0.01493598 0.13080146
v 0.01616254 0.01611065 0.13079206
v 0.01638259 0.01339701 0.13080146
v 0.01766674 0.01445089 0.13079207
v 0.01761988 0.01172885 0.13080146
v 0.01900116 0.01265179 0.13079206
v 0.01868757 0.00994736 0.13080146
v 0.02015265 0.01073046 0.13079207
v 0.01957565 0.00806987 0.13080146
v 0.02111044 0.00870560 0.13079206
v 0.02027527 0.00611431 0.13080146
v 0.02186498 0.00659654 0.13079207
v 0.02078001 0.00409964 0.13080146
v 0.02240933 0.00442373 0.13079206
v 0.02108468 0.00204517 0.13080147
v 0.02273791 0.00220800 0.13079207
v 0.02118667 -0.00002926 0.13080147
v 0.02284791 -0.00002926 0.13079206
v 0.02108468 -0.00210369 0.13080147
v 0.02273791 -0.00226652 0.13079207
v 0.02078001 -0.00415816 0.13080147
v 0.02240933 -0.00448225 0.13079206
v 0.02027528 -0.00617283 0.13080147
v 0.02186498 -0.00665507 0.13079207
v 0.01957566 -0.00812839 0.13080147
v 0.02111044 -0.00876412 0.13079206
v 0.01868758 -0.01000589 0.13080147
v 0.02015265 -0.01078899 0.13079207
v 0.01761988 -0.01178738 0.13080147
v 0.01900116 -0.01271031 0.13079206
v 0.01638259 -0.01345554 0.13080147
v 0.01766674 -0.01450942 0.13079207
v 0.01498787 -0.01499450 0.13080147
v 0.01616254 -0.01616918 0.13079207
v 0.01344890 -0.01638923 0.13080147
v 0.01450278 -0.01767338 0.13079207
v 0.01178074 -0.01762652 0.13080147
v 0.01270367 -0.01900780 0.13079207
v 0.00999924 -0.01869422 0.13080147
v 0.01078235 -0.02015929 0.13079207
v 0.00812175 -0.01958229 0.13080147
v 0.00875748 -0.02111708 0.13079207
v 0.00616619 -0.02028192 0.13080147
v 0.00664842 -0.02187162 0.13079208
v 0.00415152 -0.02078665 0.13080147
v 0.00447561 -0.02241597 0.13079207
v 0.00209705 -0.02109132 0.13080147
v 0.00225988 -0.02274455 0.13079208
v 0.00002262 -0.02119331 0.13080147
v 0.00002262 -0.02285455 0.13079207
v -0.00205181 -0.02109132 0.13080147
v -0.00221464 -0.02274455 0.13079208
v -0.00410628 -0.02078665 0.13080147
v -0.00443038 -0.02241597 0.13079207
v -0.00612096 -0.02028191 0.13080147
v -0.00660319 -0.02187161 0.13079208
v -0.00807652 -0.01958229 0.13080147
v -0.00871224 -0.02111708 0.13079207
v -0.00995401 -0.01869421 0.13080147
v -0.01073711 -0.02015929 0.13079207
v -0.01173550 -0.01762652 0.13080147
v -0.01265844 -0.01900779 0.13079207
v -0.01340366 -0.01638922 0.13080147
v -0.01445754 -0.01767337 0.13079207
v -0.01494263 -0.01499449 0.13080147
v -0.01611730 -0.01616917 0.13079207
v -0.01633735 -0.01345553 0.13080147
v -0.01762150 -0.01450941 0.13079207
v -0.01757465 -0.01178736 0.13080147
v -0.01895592 -0.01271030 0.13079206
v -0.01864233 -0.01000587 0.13080147
v -0.02010741 -0.01078897 0.13079207
v -0.01953041 -0.00812838 0.13080147
v -0.02106520 -0.00876411 0.13079206
v -0.02023003 -0.00617282 0.13080147
v -0.02181973 -0.00665505 0.13079207
v -0.02073477 -0.00415815 0.13080147
v -0.02236409 -0.00448224 0.13079206
v -0.02103943 -0.00210367 0.13080147
v -0.02269267 -0.00226650 0.13079207
v -0.02114142 -0.00002924 0.13080147
v -0.02280266 -0.00002924 0.13079206
v -0.02103943 0.00204519 0.13080147
v -0.02269266 0.00220802 0.13079207
v -0.02073476 0.00409966 0.13080146
v -0.02236408 0.00442375 0.13079206
v -0.02023002 0.00611434 0.13080146
v -0.02181972 0.00659657 0.13079207
v -0.01953039 0.00806989 0.13080146
v -0.02106518 0.00870563 0.13079206
v -0.01864231 0.00994739 0.13080146
v -0.02010739 0.01073049 0.13079207
v -0.01757462 0.01172888 0.13080146
v -0.01895589 0.01265182 0.13079206
v -0.01633732 0.01339704 0.13080146
v -0.01762147 0.01445091 0.13079207
v -0.01494260 0.01493600 0.13080146
v -0.01611727 0.01611068 0.13079206
v -0.01340363 0.01633072 0.13080146
v -0.01445751 0.01761488 0.13079207
v -0.01173546 0.01756801 0.13080146
v -0.01265840 0.01894929 0.13079206
v -0.00995397 0.01863570 0.13080146
v -0.01073707 0.02010078 0.13079207
v -0.00807648 0.01952378 0.13080146
v -0.00871220 0.02105857 0.13079206
v -0.00612092 0.02022340 0.13080146
v -0.00660315 0.02181310 0.13079207
v -0.00410625 0.02072813 0.13080146
v -0.00443034 0.02235745 0.13079206
v -0.00205179 0.02103280 0.13080146
v -0.00221462 0.02268603 0.13079207
v 0.01970169 0.00812208 0.13080145
v 0.01773332 0.01180464 0.13080145
v 0.01413085 0.00939756 0.13087768
v 0.01569884 0.00646404 0.13087768
v -0.01807854 -0.00752700 0.13188789
v -0.01626800 -0.01091429 0.13188789
v -0.01692137 -0.01135086 0.13188789
v -0.01880452 -0.00782771 0.13188789
v 0.00002262 0.02127121 0.13080145
v -0.00413286 0.02086193 0.13080145
v -0.00328761 0.01661253 0.13087768
v 0.00002262 0.01693856 0.13087768
v -0.01919346 0.00379307 0.13188789
v -0.01807853 0.00746851 0.13188789
v -0.01553815 0.00641625 0.13181164
v -0.01649662 0.00325664 0.13181164
v 0.01508433 0.01503244 0.13080145
v 0.01202069 0.01196880 0.13087768
v -0.00812868 0.01964982 0.13080145
v -0.00647066 0.01564697 0.13087768
v -0.01956993 -0.00002924 0.13188789
v -0.01682025 -0.00002925 0.13181164
v 0.01185653 0.01768143 0.13080145
v 0.00944944 0.01407896 0.13087768
v -0.01181126 0.01768145 0.13080145
v -0.00940417 0.01407898 0.13087768
v -0.01919347 -0.00385156 0.13188789
v -0.01649662 -0.00331513 0.13181164
v 0.00817396 0.01964980 0.13080145
v 0.00651593 0.01564696 0.13087768
v -0.01503906 0.01503246 0.13080145
v -0.01197542 0.01196881 0.13087768
v -0.01553817 -0.00647474 0.13181164
v 0.00417814 0.02086192 0.13080145
v 0.00333288 0.01661253 0.13087768
v -0.01768805 0.01180467 0.13080145
v -0.01408559 0.00939758 0.13087768
v -0.01398173 -0.00938665 0.13181164
v -0.01965643 0.00812210 0.13080145
v -0.01565359 0.00646406 0.13087768
v -0.01383142 -0.01388328 0.13188789
v -0.01188709 -0.01193897 0.13181164
v -0.02086856 0.00412627 0.13080145
v -0.01661916 0.00328101 0.13087768
v -0.01086243 -0.01631987 0.13188789
v -0.00933479 -0.01403360 0.13181164
v -0.02127785 -0.00002924 0.13080145
v -0.01694520 -0.00002925 0.13087768
v -0.00747513 -0.01813042 0.13188789
v -0.00642287 -0.01559005 0.13181164
v -0.02086857 -0.00418476 0.13080145
v -0.01661917 -0.00333950 0.13087768
v -0.00379970 -0.01924536 0.13188789
v -0.00326326 -0.01654851 0.13181164
v -0.01965645 -0.00818059 0.13080145
v -0.01565360 -0.00652255 0.13087768
v 0.00002262 -0.01962182 0.13188789
v 0.00002262 -0.01687214 0.13181164
v -0.01768808 -0.01186316 0.13080145
v -0.01408561 -0.00945607 0.13087768
v 0.00384494 -0.01924536 0.13188789
v 0.00330850 -0.01654851 0.13181164
v -0.01503909 -0.01509096 0.13080145
v -0.01197544 -0.01202732 0.13087768
v 0.00752037 -0.01813043 0.13188789
v 0.00646811 -0.01559005 0.13181164
v -0.01181130 -0.01773995 0.13080145
v -0.00940420 -0.01413748 0.13087768
v 0.01090767 -0.01631988 0.13188789
v 0.00938002 -0.01403360 0.13181164
v -0.01996416 0.00394637 0.13188789
v -0.02035573 -0.00002924 0.13188789
v -0.02035573 -0.00002924 0.13229271
v -0.01996416 0.00394637 0.13229271
v 0.01923872 -0.00385158 0.13188789
v 0.01961518 -0.00002926 0.13188789
v 0.02040098 -0.00002926 0.13188789
v 0.02000942 -0.00400488 0.13188789
v -0.01996417 -0.00400486 0.13188789
v 0.01812379 -0.00752701 0.13188789
v 0.01884977 -0.00782772 0.13188789
v 0.01631324 -0.01091431 0.13188789
v 0.01696661 -0.01135087 0.13188789
v 0.01387666 -0.01388329 0.13188789
v 0.01443230 -0.01443893 0.13188789
v -0.01880451 0.00776922 0.13188789
v 0.01134423 -0.01697324 0.13188789
v -0.01626798 0.01085581 0.13188789
v -0.01692134 0.01129237 0.13188789
v 0.00782108 -0.01885641 0.13188789
v 0.00384494 0.01918683 0.13188789
v 0.00002262 0.01956330 0.13188789
v 0.00002262 0.02034909 0.13188789
v 0.00399824 0.01995753 0.13188789
v -0.01383139 0.01382478 0.13188789
v -0.01438703 0.01438042 0.13188789
v 0.00399824 -0.02001605 0.13188789
v 0.00752037 0.01807190 0.13188789
v 0.00782108 0.01879788 0.13188789
v -0.01086239 0.01626137 0.13188789
v -0.01129896 0.01691474 0.13188789
v 0.00002262 -0.02040762 0.13188789
v 0.01090767 0.01626135 0.13188789
v 0.01134423 0.01691472 0.13188789
v -0.00747510 0.01807191 0.13188789
v -0.00777581 0.01879789 0.13188789
v -0.00395300 -0.02001605 0.13188789
v 0.01387666 0.01382477 0.13188789
v 0.01443230 0.01438041 0.13188789
v -0.00379966 0.01918684 0.13188789
v -0.00395296 0.01995753 0.13188789
v -0.00777584 -0.01885640 0.13188789
v 0.01631324 0.01085578 0.13188789
v 0.01696661 0.01129235 0.13188789
v -0.01129899 -0.01697324 0.13188789
v 0.01812379 0.00746849 0.13188789
v 0.01884977 0.00776920 0.13188789
v -0.01438706 -0.01443893 0.13188789
v 0.01923872 0.00379305 0.13188789
v 0.02000941 0.00394635 0.13188789
v 0.00399824 0.01995753 0.13229271
v 0.00002262 0.02034909 0.13229271
v 0.00002262 0.02110014 0.13229271
v 0.00414476 0.02069414 0.13229271
v 0.01696661 -0.01135087 0.13229271
v 0.01443230 -0.01443893 0.13229271
v -0.01880451 0.00776922 0.13229271
v 0.01134423 -0.01697324 0.13229271
v -0.01692134 0.01129237 0.13229271
v 0.00782108 -0.01885641 0.13229271
v -0.01438703 0.01438042 0.13229271
v 0.00399824 -0.02001605 0.13229271
v 0.00782108 0.01879788 0.13229271
v -0.01129896 0.01691474 0.13229271
v 0.00002262 -0.02040762 0.13229271
v 0.01134423 0.01691472 0.13229271
v -0.00777581 0.01879789 0.13229271
v -0.00395300 -0.02001605 0.13229271
v 0.01443230 0.01438041 0.13229271
v -0.00395296 0.01995753 0.13229271
v -0.00777584 -0.01885640 0.13229271
v 0.01696661 0.01129235 0.13229271
v -0.01129899 -0.01697324 0.13229271
v 0.01884977 0.00776920 0.13229271
v -0.01438706 -0.01443893 0.13229271
v 0.02000941 0.00394635 0.13229271
v -0.01692137 -0.01135086 0.13229271
v 0.02040098 -0.00002926 0.13229271
v -0.01880452 -0.00782771 0.13229271
v 0.02000942 -0.00400488 0.13229271
v -0.01996417 -0.00400486 0.13229271
v 0.01884977 -0.00782772 0.13229271
v 0.01496337 0.01491148 0.13229271
v 0.01176149 0.01753919 0.13229271
v 0.01176149 0.01753919 0.13460597
v 0.01496337 0.01491148 0.13460597
v -0.01754581 0.01170963 0.13229271
v -0.01491810 0.01491150 0.13229271
v 0.00810849 -0.01955029 0.13229271
v 0.00414476 -0.02075267 0.13229271
v 0.00810850 0.01949176 0.13229271
v -0.01171622 0.01753921 0.13229271
v 0.00002262 -0.02115867 0.13229271
v -0.00806322 0.01949177 0.13229271
v -0.00409952 -0.02075267 0.13229271
v -0.00409948 0.02069415 0.13229271
v -0.00806326 -0.01955028 0.13229271
v 0.01759108 0.01170960 0.13229271
v -0.01171626 -0.01759771 0.13229271
v 0.01954365 0.00805661 0.13229271
v -0.01491813 -0.01497000 0.13229271
v 0.02074603 0.00409288 0.13229271
v -0.01754584 -0.01176812 0.13229271
v 0.02115203 -0.00002926 0.13229271
v -0.01949840 -0.00811512 0.13229271
v 0.02074603 -0.00415140 0.13229271
v -0.02070079 -0.00415138 0.13229271
v 0.01954365 -0.00811513 0.13229271
v -0.02110678 -0.00002924 0.13229271
v 0.01759108 -0.01176813 0.13229271
v -0.02070078 0.00409290 0.13229271
v 0.01496337 -0.01497001 0.13229271
v -0.01949839 0.00805664 0.13229271
v 0.01176149 -0.01759772 0.13229271
v -0.01956708 -0.00002924 0.13460597
v -0.01919068 -0.00385101 0.13460597
v -0.01919068 -0.00385100 0.14433101
v -0.01956709 -0.00002924 0.14433101
v -0.00806322 0.01949177 0.13460597
v -0.00409948 0.02069415 0.13460597
v -0.00409952 -0.02075267 0.13460597
v -0.00806326 -0.01955028 0.13460597
v 0.01759108 0.01170960 0.13460597
v 0.00002262 0.02110014 0.13460597
v -0.01171626 -0.01759771 0.13460597
v 0.01954365 0.00805661 0.13460597
v -0.01491813 -0.01497000 0.13460597
v 0.02074603 0.00409288 0.13460597
v -0.01754584 -0.01176812 0.13460597
v 0.02115203 -0.00002926 0.13460597
v -0.01949840 -0.00811512 0.13460597
v 0.02074603 -0.00415140 0.13460597
v -0.02070079 -0.00415138 0.13460597
v 0.01954365 -0.00811513 0.13460597
v -0.02110678 -0.00002924 0.13460597
v 0.01759108 -0.01176813 0.13460597
v -0.02070078 0.00409290 0.13460597
v 0.01496337 -0.01497001 0.13460597
v -0.01949839 0.00805664 0.13460597
v 0.01176149 -0.01759772 0.13460597
v -0.01754581 0.01170963 0.13460597
v 0.00810849 -0.01955028 0.13460597
v 0.00414476 0.02069414 0.13460597
v -0.01491810 0.01491150 0.13460597
v 0.00414476 -0.02075267 0.13460597
v 0.00810850 0.01949176 0.13460597
v -0.01171622 0.01753921 0.13460597
v 0.00002262 -0.02115867 0.13460597
v 0.00002262 0.01956045 0.13460597
v 0.00384438 0.01918403 0.13460597
v 0.00751928 0.01806927 0.13460597
v 0.01090609 0.01625898 0.13460597
v 0.01387464 0.01382275 0.13460597
v 0.01631087 0.01085420 0.13460597
v 0.01812115 0.00746740 0.13460597
v 0.01923592 0.00379250 0.13460597
v 0.01961233 -0.00002926 0.13460597
v 0.01923592 -0.00385102 0.13460597
v 0.01812115 -0.00752592 0.13460597
v 0.01631087 -0.01091272 0.13460597
v 0.01387464 -0.01388128 0.13460597
v 0.01090608 -0.01631751 0.13460597
v 0.00751928 -0.01812779 0.13460597
v 0.00384438 -0.01924256 0.13460597
v 0.00002262 -0.01961897 0.13460597
v -0.00379914 -0.01924256 0.13460597
v -0.00747404 -0.01812779 0.13460597
v -0.01086085 -0.01631750 0.13460597
v -0.01382940 -0.01388127 0.13460597
v -0.01626563 -0.01091271 0.13460597
v -0.01807591 -0.00752590 0.13460597
v -0.01919067 0.00379252 0.13460597
v -0.01807590 0.00746742 0.13460597
v -0.01626561 0.01085422 0.13460597
v -0.01382938 0.01382277 0.13460597
v -0.01086081 0.01625900 0.13460597
v -0.00747400 0.01806928 0.13460597
v -0.00379911 0.01918404 0.13460597
v -0.00379911 0.01918405 0.14433101
v 0.00002262 0.01956045 0.14433101
v 0.01812115 -0.00752592 0.14433101
v 0.01631087 -0.01091272 0.14433101
v -0.01919067 0.00379252 0.14433101
v 0.01387464 -0.01388127 0.14433101
v -0.01807590 0.00746742 0.14433101
v 0.01090608 -0.01631751 0.14433101
v -0.01626561 0.01085423 0.14433101
v 0.00751927 -0.01812779 0.14433101
v -0.01382938 0.01382277 0.14433101
v 0.00384438 -0.01924256 0.14433101
v -0.00576369 -0.00242603 0.14680839
v -0.00518493 -0.00350882 0.14680839
v -0.00563888 -0.00381214 0.15020449
v -0.00626810 -0.00263496 0.15020449
v -0.01086081 0.01625900 0.14433101
v 0.00002262 -0.01961897 0.14433101
v 0.00751928 0.01806927 0.14433101
v 0.01090608 0.01625898 0.14433101
v -0.00747401 0.01806928 0.14433101
v -0.00379914 -0.01924256 0.14433101
v 0.01387464 0.01382275 0.14433101
v -0.00747404 -0.01812779 0.14433101
v 0.01631087 0.01085420 0.14433101
v -0.01086085 -0.01631750 0.14433101
v 0.01812115 0.00746740 0.14433101
v 0.00384438 0.01918404 0.14433101
v -0.01382940 -0.01388127 0.14433101
v 0.01923592 0.00379250 0.14433101
v -0.01626563 -0.01091271 0.14433101
v 0.01961233 -0.00002926 0.14433101
v -0.01807591 -0.00752590 0.14433101
v 0.01923592 -0.00385102 0.14433101
v 0.00002262 0.01856660 0.14680838
v 0.00365049 0.01820928 0.14680838
v 0.00372469 0.01858231 0.14661980
v 0.00002262 0.01894693 0.14661980
v 0.00378759 0.01889854 0.14608277
v 0.00002262 0.01926936 0.14608277
v 0.00382962 0.01910984 0.14527905
v 0.00002262 0.01948480 0.14527905
v 0.00713895 0.01715107 0.14680838
v 0.00728449 0.01750245 0.14661980
v 0.00740788 0.01780034 0.14608278
v 0.00749033 0.01799938 0.14527905
v 0.01035393 0.01543263 0.14680839
v 0.01056523 0.01574886 0.14661981
v 0.01074436 0.01601695 0.14608278
v 0.01086405 0.01619608 0.14527905
v 0.01317188 0.01311999 0.14680839
v 0.01344081 0.01338893 0.14661981
v 0.01366880 0.01361692 0.14608278
v 0.01382114 0.01376926 0.14527905
v 0.01548451 0.01030204 0.14680839
v 0.01580074 0.01051334 0.14661981
v 0.01606883 0.01069248 0.14608278
v 0.01624797 0.01081217 0.14527905
v 0.01720295 0.00708707 0.14680839
v 0.01755433 0.00723261 0.14661981
v 0.01785222 0.00735600 0.14608278
v 0.01805126 0.00743845 0.14527905
v 0.01826117 0.00359861 0.14680839
v 0.01863419 0.00367281 0.14661981
v 0.01895042 0.00373571 0.14608278
v 0.01916172 0.00377774 0.14527905
v 0.01861848 -0.00002926 0.14680839
v 0.01899881 -0.00002926 0.14661981
v 0.01932124 -0.00002926 0.14608278
v 0.01953668 -0.00002926 0.14527905
v 0.01826117 -0.00365713 0.14680839
v 0.01863419 -0.00373132 0.14661981
v 0.01895042 -0.00379423 0.14608278
v 0.01916173 -0.00383626 0.14527905
v 0.01720295 -0.00714558 0.14680839
v 0.01755433 -0.00729113 0.14661981
v 0.01785222 -0.00741452 0.14608278
v 0.01805126 -0.00749697 0.14527905
v 0.01548451 -0.01036056 0.14680839
v 0.01580075 -0.01057186 0.14661981
v 0.01606884 -0.01075100 0.14608278
v 0.01624797 -0.01087069 0.14527905
v 0.01317188 -0.01317851 0.14680839
v 0.01344081 -0.01344745 0.14661981
v 0.01366880 -0.01367544 0.14608278
v 0.01382114 -0.01382778 0.14527905
v 0.01035393 -0.01549115 0.14680839
v 0.01056523 -0.01580738 0.14661981
v 0.01074436 -0.01607547 0.14608278
v 0.01086405 -0.01625461 0.14527905
v 0.00713894 -0.01720959 0.14680839
v 0.00728449 -0.01756097 0.14661981
v 0.00740788 -0.01785886 0.14608278
v 0.00749032 -0.01805790 0.14527905
v 0.00365049 -0.01826780 0.14680839
v 0.00372469 -0.01864083 0.14661981
v 0.00378759 -0.01895706 0.14608278
v 0.00382962 -0.01916836 0.14527905
v 0.00002262 -0.01862512 0.14680839
v 0.00002262 -0.01900545 0.14661981
v 0.00002262 -0.01932788 0.14608278
v 0.00002262 -0.01954332 0.14527905
v -0.00360525 -0.01826780 0.14680839
v -0.00367945 -0.01864083 0.14661981
v -0.00374235 -0.01895706 0.14608278
v -0.00378438 -0.01916836 0.14527905
v -0.00709371 -0.01720959 0.14680839
v -0.00723926 -0.01756097 0.14661981
v -0.00736265 -0.01785885 0.14608278
v -0.00744509 -0.01805789 0.14527905
v -0.01030870 -0.01549114 0.14680839
v -0.01052000 -0.01580738 0.14661981
v -0.01069912 -0.01607547 0.14608278
v -0.01081882 -0.01625460 0.14527905
v -0.01312664 -0.01317851 0.14680839
v -0.01339557 -0.01344745 0.14661981
v -0.01362356 -0.01367544 0.14608278
v -0.01377591 -0.01382777 0.14527905
v -0.01543928 -0.01036055 0.14680839
v -0.01575551 -0.01057185 0.14661981
v -0.01602360 -0.01075098 0.14608278
v -0.01620273 -0.01087068 0.14527905
v -0.01715772 -0.00714557 0.14680839
v -0.01750909 -0.00729112 0.14661981
v -0.01780698 -0.00741451 0.14608278
v -0.01800602 -0.00749695 0.14527905
v -0.01821592 -0.00365712 0.14680839
v -0.01858895 -0.00373131 0.14661981
v -0.01890518 -0.00379422 0.14608278
v -0.01911648 -0.00383625 0.14527905
v -0.01857324 -0.00002924 0.14680839
v -0.01895357 -0.00002924 0.14661981
v -0.01927599 -0.00002924 0.14608278
v -0.01949143 -0.00002924 0.14527905
v -0.01821592 0.00359862 0.14680839
v -0.01858894 0.00367282 0.14661981
v -0.01890517 0.00373573 0.14608278
v -0.01911647 0.00377776 0.14527905
v -0.01715770 0.00708709 0.14680839
v -0.01750908 0.00723264 0.14661981
v -0.01780696 0.00735603 0.14608278
v -0.01800600 0.00743847 0.14527905
v -0.01543925 0.01030207 0.14680839
v -0.01575548 0.01051337 0.14661981
v -0.01602357 0.01069250 0.14608278
v -0.01620271 0.01081220 0.14527905
v -0.01312662 0.01312001 0.14680839
v -0.01339555 0.01338894 0.14661981
v -0.01362354 0.01361694 0.14608278
v -0.01377588 0.01376927 0.14527905
v -0.01030866 0.01543265 0.14680839
v -0.01051996 0.01574888 0.14661981
v -0.01069909 0.01601697 0.14608278
v -0.01081878 0.01619610 0.14527905
v -0.00709368 0.01715108 0.14680838
v -0.00723922 0.01750246 0.14661980
v -0.00736261 0.01780035 0.14608278
v -0.00744506 0.01799939 0.14527905
v -0.00360522 0.01820929 0.14680838
v -0.00367942 0.01858231 0.14661980
v -0.00374232 0.01889855 0.14608277
v -0.00378435 0.01910985 0.14527905
v 0.00002262 0.01459082 0.14680839
v 0.00287486 0.01430990 0.14680839
v 0.00561748 0.01347793 0.14680839
v 0.00814511 0.01212689 0.14680839
v 0.01036058 0.01030870 0.14680839
v 0.01217878 0.00809322 0.14680839
v 0.01352982 0.00556560 0.14680839
v 0.01436178 0.00282297 0.14680839
v 0.01464270 -0.00002926 0.14680839
v 0.01436179 -0.00288149 0.14680839
v 0.01352982 -0.00562412 0.14680839
v 0.01217877 -0.00815174 0.14680839
v 0.01036058 -0.01036722 0.14680839
v 0.00814510 -0.01218541 0.14680839
v 0.00561748 -0.01353646 0.14680839
v 0.00287485 -0.01436842 0.14680839
v 0.00002262 -0.01464934 0.14680839
v -0.00282962 -0.01436842 0.14680839
v -0.00557225 -0.01353645 0.14680839
v -0.00809987 -0.01218540 0.14680839
v -0.01031534 -0.01036722 0.14680839
v -0.01213354 -0.00815173 0.14680839
v -0.01348458 -0.00562411 0.14680839
v -0.01431654 -0.00288148 0.14680839
v -0.01459746 -0.00002925 0.14680839
v -0.01431653 0.00282298 0.14680839
v -0.01348456 0.00556563 0.14680839
v -0.01213352 0.00809324 0.14680839
v -0.01031532 0.01030871 0.14680839
v -0.00809984 0.01212691 0.14680839
v -0.00557222 0.01347794 0.14680839
v -0.00282959 0.01430991 0.14680839
v 0.00002261 0.00623380 0.14680839
v 0.00124448 0.00611346 0.14680839
v 0.00241939 0.00575706 0.14680839
v 0.00350219 0.00517828 0.14680839
v 0.00445128 0.00439939 0.14680839
v 0.00523017 0.00345031 0.14680839
v 0.00580894 0.00236751 0.14680839
v 0.00616534 0.00119260 0.14680839
v 0.00628569 -0.00002926 0.14680839
v 0.00616534 -0.00125112 0.14680839
v 0.00580894 -0.00242603 0.14680839
v 0.00523017 -0.00350883 0.14680839
v 0.00445128 -0.00445791 0.14680839
v 0.00350220 -0.00523680 0.14680839
v 0.00241939 -0.00581557 0.14680839
v 0.00124448 -0.00617198 0.14680839
v 0.00002262 -0.00629232 0.14680839
v -0.00119924 -0.00617198 0.14680839
v -0.00237415 -0.00581557 0.14680839
v -0.00345696 -0.00523680 0.14680839
v -0.00440603 -0.00445791 0.14680839
v -0.00612010 -0.00125112 0.14680839
v -0.00624044 -0.00002926 0.14680839
v -0.00612010 0.00119260 0.14680839
v -0.00576368 0.00236753 0.14680839
v -0.00518492 0.00345032 0.14680839
v -0.00440603 0.00439940 0.14680839
v -0.00345694 0.00517829 0.14680839
v -0.00237414 0.00575706 0.14680839
v -0.00119922 0.00611346 0.14680839
v 0.00210070 0.00083151 0.17600676
v 0.00189284 0.00122037 0.17600676
v 0.00149261 0.00095295 0.17985523
v 0.00165598 0.00064730 0.17985523
v 0.00683164 -0.00002926 0.15020449
v 0.00670081 -0.00135763 0.15020449
v -0.00665557 -0.00135763 0.15020449
v 0.00631334 -0.00263496 0.15020449
v -0.00678640 -0.00002926 0.15020449
v 0.00568411 -0.00381215 0.15020449
v -0.00665557 0.00129911 0.15020449
v 0.00483733 -0.00484396 0.15020449
v -0.00626809 0.00257646 0.15020449
v 0.00380551 -0.00569075 0.15020449
v -0.00563887 0.00375364 0.15020449
v 0.00262831 -0.00631998 0.15020449
v 0.00002260 0.00677976 0.15020449
v 0.00135099 0.00664893 0.15020449
v -0.00479208 0.00478545 0.15020449
v 0.00135099 -0.00670745 0.15020449
v 0.00262832 0.00626146 0.15020449
v -0.00376026 0.00563224 0.15020449
v 0.00002262 -0.00683828 0.15020449
v 0.00380551 0.00563223 0.15020449
v -0.00258307 0.00626146 0.15020449
v -0.00130575 -0.00670745 0.15020449
v 0.00483733 0.00478544 0.15020449
v -0.00130574 0.00664893 0.15020449
v -0.00258308 -0.00631997 0.15020449
v 0.00568412 0.00375363 0.15020449
v -0.00376028 -0.00569075 0.15020449
v 0.00631333 0.00257644 0.15020449
v -0.00479209 -0.00484397 0.15020449
v 0.00670081 0.00129911 0.15020449
v 0.00002260 0.00544730 0.15020449
v 0.00109104 0.00534207 0.15020449
v 0.00211841 0.00503042 0.15020449
v 0.00306523 0.00452433 0.15020449
v 0.00389514 0.00384325 0.15020449
v 0.00457622 0.00301335 0.15020449
v 0.00508230 0.00206653 0.15020449
v 0.00539395 0.00103916 0.15020449
v 0.00549919 -0.00002926 0.15020449
v 0.00539396 -0.00109768 0.15020449
v 0.00508231 -0.00212505 0.15020449
v 0.00457621 -0.00307188 0.15020449
v 0.00389514 -0.00390177 0.15020449
v 0.00306524 -0.00458285 0.15020449
v 0.00211841 -0.00508894 0.15020449
v 0.00109104 -0.00540059 0.15020449
v 0.00002262 -0.00550582 0.15020449
v -0.00104580 -0.00540059 0.15020449
v -0.00207317 -0.00508894 0.15020449
v -0.00302001 -0.00458285 0.15020449
v -0.00384990 -0.00390178 0.15020449
v -0.00453098 -0.00307187 0.15020449
v -0.00503706 -0.00212505 0.15020449
v -0.00534871 -0.00109768 0.15020449
v -0.00545394 -0.00002926 0.15020449
v -0.00534871 0.00103916 0.15020449
v -0.00503706 0.00206655 0.15020449
v -0.00453097 0.00301336 0.15020449
v -0.00384989 0.00384326 0.15020449
v -0.00301999 0.00452434 0.15020449
v -0.00207316 0.00503043 0.15020449
v -0.00104579 0.00534208 0.15020449
v 0.00106880 -0.00023735 0.17985522
v 0.00108930 -0.00002926 0.17985522
v 0.00342056 -0.00002927 0.12892249
v 0.00335526 -0.00069226 0.12892249
v -0.00156784 -0.00161973 0.17600676
v -0.00122700 -0.00189946 0.17600676
v -0.00095957 -0.00149922 0.17985524
v -0.00122747 -0.00127936 0.17985524
v 0.00222869 0.00040955 0.17600676
v 0.00175659 0.00031565 0.17985523
v -0.00184757 -0.00127888 0.17600676
v -0.00144733 -0.00101145 0.17985523
v 0.00227191 -0.00002926 0.17600676
v 0.00179056 -0.00002926 0.17985523
v -0.00205542 -0.00089002 0.17600676
v -0.00161070 -0.00070581 0.17985523
v 0.00222869 -0.00046806 0.17600676
v 0.00175659 -0.00037416 0.17985523
v -0.00218342 -0.00046806 0.17600676
v -0.00171131 -0.00037416 0.17985523
v 0.00210070 -0.00089001 0.17600676
v 0.00165598 -0.00070581 0.17985523
v -0.00222664 -0.00002925 0.17600676
v -0.00174528 -0.00002925 0.17985523
v 0.00189284 -0.00127889 0.17600676
v 0.00149261 -0.00101146 0.17985523
v -0.00218342 0.00040956 0.17600676
v -0.00171131 0.00031565 0.17985523
v 0.00161311 -0.00161973 0.17600676
v 0.00127274 -0.00127936 0.17985524
v -0.00205542 0.00083151 0.17600676
v -0.00161070 0.00064730 0.17985523
v 0.00127227 -0.00189946 0.17600676
v 0.00100484 -0.00149922 0.17985524
v -0.00184756 0.00122038 0.17600676
v -0.00144733 0.00095295 0.17985523
v 0.00088339 -0.00210731 0.17600676
v 0.00069919 -0.00166260 0.17985524
v 0.00046145 0.00217680 0.17600676
v 0.00002263 0.00222002 0.17600676
v 0.00002263 0.00173866 0.17985523
v 0.00036754 0.00170469 0.17985523
v -0.00156784 0.00156122 0.17600676
v -0.00122746 0.00122085 0.17985523
v 0.00046145 -0.00223531 0.17600676
v 0.00036754 -0.00176320 0.17985524
v 0.00088339 0.00204880 0.17600676
v 0.00069919 0.00160409 0.17985523
v -0.00122699 0.00184095 0.17600676
v -0.00095956 0.00144072 0.17985523
v 0.00002264 -0.00227853 0.17600676
v 0.00002264 -0.00179717 0.17985524
v 0.00127227 0.00184095 0.17600676
v 0.00100484 0.00144071 0.17985523
v -0.00083812 0.00204880 0.17600676
v -0.00065391 0.00160409 0.17985523
v -0.00041617 -0.00223531 0.17600676
v -0.00032226 -0.00176320 0.17985524
v 0.00161311 0.00156122 0.17600676
v 0.00127275 0.00122085 0.17985523
v -0.00041617 0.00217680 0.17600676
v -0.00032226 0.00170469 0.17985523
v -0.00083812 -0.00210731 0.17600676
v -0.00065391 -0.00166260 0.17985524
v -0.00143254 -0.00220708 0.17548195
v -0.00097971 -0.00244912 0.17548195
v 0.00002263 0.00258999 0.17548195
v -0.00048835 0.00253967 0.17548195
v 0.00220046 0.00142592 0.17548195
v 0.00187473 0.00182283 0.17548195
v -0.00048835 -0.00259817 0.17548195
v -0.00097970 0.00239062 0.17548195
v 0.00147781 0.00214857 0.17548195
v 0.00002263 -0.00264850 0.17548195
v -0.00143253 0.00214857 0.17548195
v 0.00102498 0.00239061 0.17548195
v 0.00053362 -0.00259817 0.17548198
v -0.00182945 0.00182283 0.17548195
v 0.00053363 0.00253966 0.17548195
v 0.00102498 -0.00244912 0.17548195
v -0.00215519 0.00142592 0.17548195
v 0.00147781 -0.00220708 0.17548195
v -0.00239723 0.00097309 0.17548195
v 0.00187472 -0.00188134 0.17548195
v -0.00254628 0.00048173 0.17548195
v 0.00220046 -0.00148443 0.17548195
v -0.00259661 -0.00002925 0.17548195
v 0.00244250 -0.00103160 0.17548195
v -0.00254628 -0.00054024 0.17548195
v 0.00259156 -0.00054024 0.17548195
v -0.00239723 -0.00103160 0.17548195
v 0.00264188 -0.00002926 0.17548195
v -0.00215519 -0.00148443 0.17548195
v 0.00259156 0.00048173 0.17548195
v -0.00182945 -0.00188134 0.17548195
v 0.00244250 0.00097309 0.17548195
v 0.00200200 0.00129331 0.17495716
v 0.00222198 0.00088174 0.17495716
v -0.00129993 -0.00200861 0.17495716
v -0.00166067 -0.00171256 0.17495716
v 0.00235745 0.00043517 0.17495716
v -0.00195672 -0.00135182 0.17495716
v 0.00240319 -0.00002926 0.17495716
v -0.00217671 -0.00094025 0.17495716
v 0.00235745 -0.00049368 0.17495716
v -0.00231218 -0.00049368 0.17495716
v 0.00222198 -0.00094025 0.17495716
v -0.00235792 -0.00002925 0.17495716
v 0.00200199 -0.00135182 0.17495716
v -0.00231218 0.00043517 0.17495716
v 0.00170594 -0.00171256 0.17495716
v -0.00217671 0.00088175 0.17495716
v 0.00134520 -0.00200861 0.17495716
v -0.00195672 0.00129331 0.17495716
v 0.00093363 -0.00222860 0.17495716
v 0.00002263 0.00235130 0.17495716
v 0.00048706 0.00230556 0.17495716
v -0.00166067 0.00165405 0.17495716
v 0.00048706 -0.00236407 0.17495718
v 0.00093363 0.00217009 0.17495716
v -0.00129992 0.00195011 0.17495716
v 0.00002263 -0.00240981 0.17495716
v 0.00134520 0.00195010 0.17495716
v -0.00088836 0.00217009 0.17495716
v -0.00044178 -0.00236407 0.17495716
v 0.00170594 0.00165405 0.17495716
v -0.00044178 0.00230556 0.17495716
v -0.00088836 -0.00222860 0.17495716
v 0.00002263 0.00103740 0.17985523
v 0.00023073 0.00101691 0.17985523
v 0.00043083 0.00095621 0.17985523
v 0.00061524 0.00085764 0.17985523
v 0.00077688 0.00072499 0.17985523
v 0.00090953 0.00056335 0.17985523
v 0.00100810 0.00037894 0.17985522
v 0.00106880 0.00017884 0.17985522
v 0.00100810 -0.00043745 0.17985522
v 0.00090953 -0.00062186 0.17985523
v 0.00077688 -0.00078349 0.17985523
v 0.00061524 -0.00091615 0.17985523
v 0.00043083 -0.00101472 0.17985523
v 0.00023073 -0.00107542 0.17985524
v 0.00002264 -0.00109591 0.17985524
v -0.00018545 -0.00107542 0.17985524
v -0.00038555 -0.00101472 0.17985523
v -0.00056997 -0.00091615 0.17985523
v -0.00073160 -0.00078350 0.17985523
v -0.00086426 -0.00062186 0.17985523
v -0.00096282 -0.00043745 0.17985525
v -0.00102352 -0.00023735 0.17985525
v -0.00104402 -0.00002925 0.17985525
v -0.00102352 0.00017884 0.17985525
v -0.00096282 0.00037894 0.17985525
v -0.00086425 0.00056335 0.17985523
v -0.00073160 0.00072499 0.17985523
v -0.00056996 0.00085764 0.17985523
v -0.00038555 0.00095621 0.17985523
v -0.00018545 0.00101691 0.17985523
v -0.00311768 -0.00132980 0.12892253
v -0.00331107 -0.00069227 0.12892252
v 0.00316187 -0.00132979 0.12892249
v -0.00337638 -0.00002926 0.12892252
v 0.00284781 -0.00191735 0.12892249
v -0.00331107 0.00063374 0.12892252
v 0.00242517 -0.00243234 0.12892249
v -0.00311768 0.00127129 0.12892252
v 0.00191018 -0.00285498 0.12892249
v -0.00280363 0.00185883 0.12892249
v 0.00132262 -0.00316904 0.12892249
v 0.00002207 0.00336920 0.12892249
v 0.00068510 0.00330390 0.12892249
v -0.00238098 0.00237382 0.12892249
v 0.00068509 -0.00336243 0.12892249
v 0.00132262 0.00311051 0.12892249
v -0.00186599 0.00279647 0.12892249
v 0.00002209 -0.00342773 0.12892249
v 0.00191018 0.00279646 0.12892249
v -0.00127844 0.00311051 0.12892249
v -0.00064091 -0.00336243 0.12892249
v 0.00242517 0.00237381 0.12892249
v -0.00064090 0.00330391 0.12892249
v -0.00127845 -0.00316903 0.12892249
v 0.00284782 0.00185882 0.12892249
v -0.00186601 -0.00285498 0.12892249
v 0.00316186 0.00127128 0.12892249
v -0.00238099 -0.00243234 0.12892249
v 0.00335526 0.00063374 0.12892249
v -0.00280363 -0.00191735 0.12892249
v 0.00254780 0.02560922 0.00045149
v 0.00002263 0.02573338 0.00045148
v 0.00250510 0.02517566 0.00000000
v 0.00002263 0.02529772 0.00000000
v 0.00504867 0.02523835 0.00045148
v 0.00496368 0.02481106 0.00000000
v 0.00750110 0.02462395 0.00045149
v 0.00737463 0.02420706 0.00000000
v 0.00988157 0.02377231 0.00045149
v 0.00971485 0.02336982 0.00000000
v 0.01216702 0.02269126 0.00045149
v 0.01196166 0.02230705 0.00000000
v 0.01433559 0.02139159 0.00045149
v 0.01409354 0.02102936 0.00000000
v 0.01636622 0.01988544 0.00045149
v 0.01608984 0.01954868 0.00000001
v 0.01823958 0.01818766 0.00045149
v 0.01793153 0.01787960 0.00000000
v 0.01993735 0.01631431 0.00045149
v 0.01960059 0.01603793 0.00000001
v 0.02144349 0.01428368 0.00045149
v 0.02108126 0.01404164 0.00000000
v 0.02274317 0.01211511 0.00045149
v 0.02235896 0.01190974 0.00000001
v 0.02382422 0.00982966 0.00045149
v 0.02342172 0.00966294 0.00000000
v 0.02467586 0.00744919 0.00045149
v 0.02425896 0.00732272 0.00000001
v 0.02529026 0.00499676 0.00045149
v 0.02486298 0.00491177 0.00000000
v 0.02566113 0.00249589 0.00045149
v 0.02522757 0.00245319 0.00000001
v 0.02578529 -0.00002928 0.00045149
v 0.02534963 -0.00002928 0.00000000
v 0.02566113 -0.00255446 0.00045149
v 0.02522757 -0.00251176 0.00000001
v 0.02529027 -0.00505533 0.00045149
v 0.02486298 -0.00497034 0.00000001
v 0.02467586 -0.00750775 0.00045149
v 0.02425897 -0.00738128 0.00000001
v 0.02382422 -0.00988823 0.00045149
v 0.02342172 -0.00972152 0.00000001
v 0.02274318 -0.01217366 0.00045149
v 0.02235897 -0.01196829 0.00000001
v 0.02144350 -0.01434225 0.00045149
v 0.02108126 -0.01410022 0.00000001
v 0.01993735 -0.01637288 0.00045149
v 0.01960059 -0.01609650 0.00000001
v 0.01823958 -0.01824624 0.00045149
v 0.01793152 -0.01793818 0.00000001
v 0.01636622 -0.01994401 0.00045150
v 0.01608984 -0.01960725 0.00000001
v 0.01433559 -0.02145016 0.00045149
v 0.01409355 -0.02108792 0.00000001
v 0.01216701 -0.02274984 0.00045150
v 0.01196165 -0.02236562 0.00000001
v 0.00988156 -0.02383088 0.00045149
v 0.00971484 -0.02342839 0.00000001
v 0.00750110 -0.02468252 0.00045150
v 0.00737463 -0.02426563 0.00000001
v 0.00504867 -0.02529693 0.00045149
v 0.00496368 -0.02486964 0.00000001
v 0.00254779 -0.02566779 0.00045150
v 0.00250509 -0.02523423 0.00000001
v 0.00002262 -0.02579195 0.00045149
v 0.00002262 -0.02535629 0.00000001
v -0.00250256 -0.02566779 0.00045150
v -0.00245986 -0.02523423 0.00000001
v -0.00500343 -0.02529692 0.00045149
v -0.00491844 -0.02486963 0.00000001
v -0.00745586 -0.02468252 0.00045150
v -0.00732939 -0.02426562 0.00000001
v -0.00983633 -0.02383087 0.00045149
v -0.00966961 -0.02342838 0.00000001
v -0.01212178 -0.02274983 0.00045150
v -0.01191642 -0.02236561 0.00000001
v -0.01429036 -0.02145014 0.00045149
v -0.01404832 -0.02108791 0.00000001
v -0.01632099 -0.01994400 0.00045150
v -0.01604461 -0.01960723 0.00000001
v -0.01819434 -0.01824623 0.00045149
v -0.01788628 -0.01793818 0.00000001
v -0.01989212 -0.01637287 0.00045149
v -0.01955536 -0.01609648 0.00000001
v -0.02139825 -0.01434224 0.00045149
v -0.02103602 -0.01410020 0.00000001
v -0.02269794 -0.01217366 0.00045149
v -0.02231372 -0.01196830 0.00000001
v -0.02377898 -0.00988821 0.00045149
v -0.02337648 -0.00972149 0.00000001
v -0.02463062 -0.00750774 0.00045149
v -0.02421372 -0.00738127 0.00000001
v -0.02524502 -0.00505531 0.00045149
v -0.02481773 -0.00497032 0.00000001
v -0.02561588 -0.00255444 0.00045149
v -0.02518232 -0.00251174 0.00000001
v -0.02574004 -0.00002926 0.00045149
v -0.02530438 -0.00002926 0.00000000
v -0.02561588 0.00249592 0.00045149
v -0.02518232 0.00245322 0.00000001
v -0.02524501 0.00499679 0.00045149
v -0.02481772 0.00491180 0.00000000
v -0.02463060 0.00744922 0.00045149
v -0.02421371 0.00732275 0.00000001
v -0.02377896 0.00982969 0.00045149
v -0.02337646 0.00966297 0.00000000
v -0.02269791 0.01211513 0.00045149
v -0.02231370 0.01190976 0.00000001
v -0.02139823 0.01428371 0.00045149
v -0.02103599 0.01404167 0.00000000
v -0.01989208 0.01631434 0.00045149
v -0.01955531 0.01603797 0.00000001
v -0.01819431 0.01818769 0.00045149
v -0.01788626 0.01787962 0.00000000
v -0.01632095 0.01988547 0.00045149
v -0.01604456 0.01954871 0.00000001
v -0.01429032 0.02139160 0.00045149
v -0.01404829 0.02102936 0.00000000
v -0.01212173 0.02269129 0.00045149
v -0.01191636 0.02230707 0.00000000
v -0.00983628 0.02377232 0.00045149
v -0.00966957 0.02336983 0.00000000
v -0.00745581 0.02462396 0.00045149
v -0.00732934 0.02420707 0.00000000
v -0.00500339 0.02523836 0.00045148
v -0.00491840 0.02481108 0.00000000
v -0.00250253 0.02560923 0.00045149
v -0.00245984 0.02517567 0.00000000
v -0.00326323 0.01648999 0.13181164
v 0.00002262 0.01681362 0.13181164
v -0.00647069 -0.01570548 0.13087768
v 0.01402696 0.00932814 0.13181164
v 0.01558341 0.00641623 0.13181164
v 0.01666441 0.00328099 0.13087768
v 0.01654187 0.00325662 0.13181164
v 0.01699044 -0.00002926 0.13087768
v 0.01686550 -0.00002926 0.13181164
v 0.01666441 -0.00333951 0.13087768
v 0.01654187 -0.00331514 0.13181164
v 0.01569885 -0.00652256 0.13087768
v 0.01558341 -0.00647475 0.13181164
v 0.01413085 -0.00945608 0.13087768
v 0.01402696 -0.00938666 0.13181164
v 0.01202069 -0.01202732 0.13087768
v 0.01193234 -0.01193898 0.13181164
v 0.00944944 -0.01413749 0.13087768
v -0.01398170 0.00932816 0.13181164
v 0.00651592 -0.01570548 0.13087768
v 0.00330851 0.01648999 0.13181164
v -0.01188707 0.01188046 0.13181164
v 0.00333288 -0.01667105 0.13087768
v 0.00646811 0.01553153 0.13181164
v -0.00933476 0.01397509 0.13181164
v 0.00002262 -0.01699708 0.13087768
v 0.00938003 0.01397508 0.13181164
v -0.00642284 0.01553154 0.13181164
v -0.00328764 -0.01667105 0.13087768
v 0.01193234 0.01188045 0.13181164
v 0.02091381 0.00412625 0.13080145
v 0.02132310 -0.00002926 0.13080145
v 0.02091381 -0.00418477 0.13080145
v 0.01970169 -0.00818060 0.13080145
v 0.01773332 -0.01186317 0.13080145
v 0.01508433 -0.01509097 0.13080145
v 0.01185653 -0.01773996 0.13080145
v 0.00817396 -0.01970833 0.13080145
v 0.00417813 -0.02092045 0.13080145
v 0.00002262 -0.02132973 0.13080145
v -0.00413290 -0.02092045 0.13080145
v -0.00812872 -0.01970833 0.13080145
f 1 2 3
f 1 3 4
f 5 6 7
f 5 7 8
f 8 7 9
f 8 9 2
f 10 11 12
f 10 12 13
f 14 15 16
f 14 16 17
f 17 16 18
f 17 18 13
f 19 20 21
f 19 21 22
f 13 18 23
f 13 23 10
f 10 23 24
f 10 24 22
f 25 17 13
f 25 13 12
f 26 27 28
f 26 28 29
f 22 24 30
f 22 30 19
f 19 30 31
f 19 31 29
f 11 10 22
f 11 22 21
f 32 33 34
f 32 34 35
f 29 31 36
f 29 36 26
f 26 36 37
f 26 37 35
f 20 19 29
f 20 29 28
f 38 39 40
f 38 40 41
f 35 37 42
f 35 42 32
f 32 42 43
f 32 43 41
f 27 26 35
f 27 35 34
f 44 45 46
f 44 46 47
f 41 43 48
f 41 48 38
f 38 48 49
f 38 49 47
f 33 32 41
f 33 41 40
f 50 51 52
f 50 52 53
f 47 49 54
f 47 54 44
f 44 54 55
f 44 55 53
f 39 38 47
f 39 47 46
f 56 57 58
f 56 58 59
f 53 55 60
f 53 60 50
f 50 60 61
f 50 61 59
f 45 44 53
f 45 53 52
f 62 63 64
f 62 64 65
f 59 61 66
f 59 66 56
f 56 66 67
f 56 67 65
f 51 50 59
f 51 59 58
f 68 69 70
f 68 70 71
f 65 67 72
f 65 72 62
f 62 72 73
f 62 73 71
f 57 56 65
f 57 65 64
f 74 75 76
f 74 76 77
f 71 73 78
f 71 78 68
f 68 78 79
f 68 79 77
f 63 62 71
f 63 71 70
f 80 81 82
f 80 82 83
f 77 79 84
f 77 84 74
f 74 84 85
f 74 85 83
f 69 68 77
f 69 77 76
f 86 87 88
f 86 88 89
f 83 85 90
f 83 90 80
f 80 90 91
f 80 91 89
f 75 74 83
f 75 83 82
f 92 93 94
f 92 94 95
f 89 91 96
f 89 96 86
f 86 96 97
f 86 97 95
f 81 80 89
f 81 89 88
f 98 99 100
f 98 100 101
f 95 97 102
f 95 102 92
f 92 102 103
f 92 103 101
f 87 86 95
f 87 95 94
f 104 105 106
f 104 106 107
f 101 103 108
f 101 108 98
f 98 108 109
f 98 109 107
f 93 92 101
f 93 101 100
f 110 111 112
f 110 112 113
f 107 109 114
f 107 114 104
f 104 114 115
f 104 115 113
f 99 98 107
f 99 107 106
f 116 117 118
f 116 118 119
f 113 115 120
f 113 120 110
f 110 120 121
f 110 121 119
f 105 104 113
f 105 113 112
f 122 123 124
f 122 124 125
f 119 121 126
f 119 126 116
f 116 126 127
f 116 127 125
f 111 110 119
f 111 119 118
f 128 129 130
f 128 130 131
f 125 127 132
f 125 132 122
f 122 132 133
f 122 133 131
f 117 116 125
f 117 125 124
f 134 135 136
f 134 136 137
f 131 133 138
f 131 138 128
f 128 138 139
f 128 139 137
f 123 122 131
f 123 131 130
f 140 141 142
f 140 142 143
f 137 139 144
f 137 144 134
f 134 144 145
f 134 145 143
f 129 128 137
f 129 137 136
f 146 147 148
f 146 148 149
f 143 145 150
f 143 150 140
f 140 150 151
f 140 151 149
f 135 134 143
f 135 143 142
f 152 153 154
f 152 154 155
f 149 151 156
f 149 156 146
f 146 156 157
f 146 157 155
f 141 140 149
f 141 149 148
f 158 159 160
f 158 160 161
f 155 157 162
f 155 162 152
f 152 162 163
f 152 163 161
f 147 146 155
f 147 155 154
f 164 165 166
f 164 166 167
f 161 163 168
f 161 168 158
f 158 168 169
f 158 169 167
f 153 152 161
f 153 161 160
f 170 171 172
f 170 172 173
f 167 169 174
f 167 174 164
f 164 174 175
f 164 175 173
f 159 158 167
f 159 167 166
f 176 177 178
f 176 178 179
f 173 175 180
f 173 180 170
f 170 180 181
f 170 181 179
f 165 164 173
f 165 173 172
f 182 5 8
f 182 8 183
f 179 181 184
f 179 184 176
f 176 184 6
f 176 6 5
f 171 170 179
f 171 179 178
f 185 186 187
f 185 187 188
f 2 9 189
f 2 189 3
f 3 189 190
f 3 190 188
f 177 176 5
f 177 5 182
f 17 25 191
f 17 191 14
f 188 190 192
f 188 192 185
f 185 192 15
f 185 15 14
f 4 3 188
f 4 188 187
f 190 189 193
f 190 193 194
f 189 9 195
f 189 195 193
f 193 195 196
f 193 196 197
f 194 193 197
f 194 197 198
f 198 197 199
f 198 199 200
f 197 196 201
f 197 201 199
f 199 201 202
f 199 202 203
f 200 199 203
f 200 203 204
f 204 203 205
f 204 205 206
f 203 202 207
f 203 207 205
f 205 207 208
f 205 208 209
f 206 205 209
f 206 209 210
f 15 192 211
f 15 211 212
f 192 190 194
f 192 194 211
f 211 194 198
f 211 198 213
f 212 211 213
f 212 213 214
f 214 213 215
f 214 215 216
f 213 198 200
f 213 200 215
f 215 200 204
f 215 204 217
f 216 215 217
f 216 217 218
f 218 217 219
f 218 219 220
f 217 204 206
f 217 206 219
f 219 206 210
f 219 210 221
f 220 219 221
f 220 221 222
f 18 16 223
f 18 223 224
f 16 15 212
f 16 212 223
f 223 212 214
f 223 214 225
f 224 223 225
f 224 225 226
f 226 225 227
f 226 227 228
f 225 214 216
f 225 216 227
f 227 216 218
f 227 218 229
f 228 227 229
f 228 229 230
f 230 229 231
f 230 231 232
f 229 218 220
f 229 220 231
f 231 220 222
f 231 222 233
f 232 231 233
f 232 233 234
f 24 23 235
f 24 235 236
f 23 18 224
f 23 224 235
f 235 224 226
f 235 226 237
f 236 235 237
f 236 237 238
f 238 237 239
f 238 239 240
f 237 226 228
f 237 228 239
f 239 228 230
f 239 230 241
f 240 239 241
f 240 241 242
f 242 241 243
f 242 243 244
f 241 230 232
f 241 232 243
f 243 232 234
f 243 234 245
f 244 243 245
f 244 245 246
f 31 30 247
f 31 247 248
f 30 24 236
f 30 236 247
f 247 236 238
f 247 238 249
f 248 247 249
f 248 249 250
f 250 249 251
f 250 251 252
f 249 238 240
f 249 240 251
f 251 240 242
f 251 242 253
f 252 251 253
f 252 253 254
f 254 253 255
f 254 255 256
f 253 242 244
f 253 244 255
f 255 244 246
f 255 246 257
f 256 255 257
f 256 257 258
f 37 36 259
f 37 259 260
f 36 31 248
f 36 248 259
f 259 248 250
f 259 250 261
f 260 259 261
f 260 261 262
f 262 261 263
f 262 263 264
f 261 250 252
f 261 252 263
f 263 252 254
f 263 254 265
f 264 263 265
f 264 265 266
f 266 265 267
f 266 267 268
f 265 254 256
f 265 256 267
f 267 256 258
f 267 258 269
f 268 267 269
f 268 269 270
f 43 42 271
f 43 271 272
f 42 37 260
f 42 260 271
f 271 260 262
f 271 262 273
f 272 271 273
f 272 273 274
f 274 273 275
f 274 275 276
f 273 262 264
f 273 264 275
f 275 264 266
f 275 266 277
f 276 275 277
f 276 277 278
f 278 277 279
f 278 279 280
f 277 266 268
f 277 268 279
f 279 268 270
f 279 270 281
f 280 279 281
f 280 281 282
f 49 48 283
f 49 283 284
f 48 43 272
f 48 272 283
f 283 272 274
f 283 274 285
f 284 283 285
f 284 285 286
f 286 285 287
f 286 287 288
f 285 274 276
f 285 276 287
f 287 276 278
f 287 278 289
f 288 287 289
f 288 289 290
f 290 289 291
f 290 291 292
f 289 278 280
f 289 280 291
f 291 280 282
f 291 282 293
f 292 291 293
f 292 293 294
f 55 54 295
f 55 295 296
f 54 49 284
f 54 284 295
f 295 284 286
f 295 286 297
f 296 295 297
f 296 297 298
f 298 297 299
f 298 299 300
f 297 286 288
f 297 288 299
f 299 288 290
f 299 290 301
f 300 299 301
f 300 301 302
f 302 301 303
f 302 303 304
f 301 290 292
f 301 292 303
f 303 292 294
f 303 294 305
f 304 303 305
f 304 305 306
f 61 60 307
f 61 307 308
f 60 55 296
f 60 296 307
f 307 296 298
f 307 298 309
f 308 307 309
f 308 309 310
f 310 309 311
f 310 311 312
f 309 298 300
f 309 300 311
f 311 300 302
f 311 302 313
f 312 311 313
f 312 313 314
f 314 313 315
f 314 315 316
f 313 302 304
f 313 304 315
f 315 304 306
f 315 306 317
f 316 315 317
f 316 317 318
f 67 66 319
f 67 319 320
f 66 61 308
f 66 308 319
f 319 308 310
f 319 310 321
f 320 319 321
f 320 321 322
f 322 321 323
f 322 323 324
f 321 310 312
f 321 312 323
f 323 312 314
f 323 314 325
f 324 323 325
f 324 325 326
f 326 325 327
f 326 327 328
f 325 314 316
f 325 316 327
f 327 316 318
f 327 318 329
f 328 327 329
f 328 329 330
f 73 72 331
f 73 331 332
f 72 67 320
f 72 320 331
f 331 320 322
f 331 322 333
f 332 331 333
f 332 333 334
f 334 333 335
f 334 335 336
f 333 322 324
f 333 324 335
f 335 324 326
f 335 326 337
f 336 335 337
f 336 337 338
f 338 337 339
f 338 339 340
f 337 326 328
f 337 328 339
f 339 328 330
f 339 330 341
f 340 339 341
f 340 341 342
f 79 78 343
f 79 343 344
f 78 73 332
f 78 332 343
f 343 332 334
f 343 334 345
f 344 343 345
f 344 345 346
f 346 345 347
f 346 347 348
f 345 334 336
f 345 336 347
f 347 336 338
f 347 338 349
f 348 347 349
f 348 349 350
f 350 349 351
f 350 351 352
f 349 338 340
f 349 340 351
f 351 340 342
f 351 342 353
f 352 351 353
f 352 353 354
f 85 84 355
f 85 355 356
f 84 79 344
f 84 344 355
f 355 344 346
f 355 346 357
f 356 355 357
f 356 357 358
f 358 357 359
f 358 359 360
f 357 346 348
f 357 348 359
f 359 348 350
f 359 350 361
f 360 359 361
f 360 361 362
f 362 361 363
f 362 363 364
f 361 350 352
f 361 352 363
f 363 352 354
f 363 354 365
f 364 363 365
f 364 365 366
f 91 90 367
f 91 367 368
f 90 85 356
f 90 356 367
f 367 356 358
f 367 358 369
f 368 367 369
f 368 369 370
f 370 369 371
f 370 371 372
f 369 358 360
f 369 360 371
f 371 360 362
f 371 362 373
f 372 371 373
f 372 373 374
f 374 373 375
f 374 375 376
f 373 362 364
f 373 364 375
f 375 364 366
f 375 366 377
f 376 375 377
f 376 377 378
f 97 96 379
f 97 379 380
f 96 91 368
f 96 368 379
f 379 368 370
f 379 370 381
f 380 379 381
f 380 381 382
f 382 381 383
f 382 383 384
f 381 370 372
f 381 372 383
f 383 372 374
f 383 374 385
f 384 383 385
f 384 385 386
f 386 385 387
f 386 387 388
f 385 374 376
f 385 376 387
f 387 376 378
f 387 378 389
f 388 387 389
f 388 389 390
f 103 102 391
f 103 391 392
f 102 97 380
f 102 380 391
f 391 380 382
f 391 382 393
f 392 391 393
f 392 393 394
f 394 393 395
f 394 395 396
f 393 382 384
f 393 384 395
f 395 384 386
f 395 386 397
f 396 395 397
f 396 397 398
f 398 397 399
f 398 399 400
f 397 386 388
f 397 388 399
f 399 388 390
f 399 390 401
f 400 399 401
f 400 401 402
f 109 108 403
f 109 403 404
f 108 103 392
f 108 392 403
f 403 392 394
f 403 394 405
f 404 403 405
f 404 405 406
f 406 405 407
f 406 407 408
f 405 394 396
f 405 396 407
f 407 396 398
f 407 398 409
f 408 407 409
f 408 409 410
f 410 409 411
f 410 411 412
f 409 398 400
f 409 400 411
f 411 400 402
f 411 402 413
f 412 411 413
f 412 413 414
f 115 114 415
f 115 415 416
f 114 109 404
f 114 404 415
f 415 404 406
f 415 406 417
f 416 415 417
f 416 417 418
f 418 417 419
f 418 419 420
f 417 406 408
f 417 408 419
f 419 408 410
f 419 410 421
f 420 419 421
f 420 421 422
f 422 421 423
f 422 423 424
f 421 410 412
f 421 412 423
f 423 412 414
f 423 414 425
f 424 423 425
f 424 425 426
f 121 120 427
f 121 427 428
f 120 115 416
f 120 416 427
f 427 416 418
f 427 418 429
f 428 427 429
f 428 429 430
f 430 429 431
f 430 431 432
f 429 418 420
f 429 420 431
f 431 420 422
f 431 422 433
f 432 431 433
f 432 433 434
f 434 433 435
f 434 435 436
f 433 422 424
f 433 424 435
f 435 424 426
f 435 426 437
f 436 435 437
f 436 437 438
f 127 126 439
f 127 439 440
f 126 121 428
f 126 428 439
f 439 428 430
f 439 430 441
f 440 439 441
f 440 441 442
f 442 441 443
f 442 443 444
f 441 430 432
f 441 432 443
f 443 432 434
f 443 434 445
f 444 443 445
f 444 445 446
f 446 445 447
f 446 447 448
f 445 434 436
f 445 436 447
f 447 436 438
f 447 438 449
f 448 447 449
f 448 449 450
f 133 132 451
f 133 451 452
f 132 127 440
f 132 440 451
f 451 440 442
f 451 442 453
f 452 451 453
f 452 453 454
f 454 453 455
f 454 455 456
f 453 442 444
f 453 444 455
f 455 444 446
f 455 446 457
f 456 455 457
f 456 457 458
f 458 457 459
f 458 459 460
f 457 446 448
f 457 448 459
f 459 448 450
f 459 450 461
f 460 459 461
f 460 461 462
f 139 138 463
f 139 463 464
f 138 133 452
f 138 452 463
f 463 452 454
f 463 454 465
f 464 463 465
f 464 465 466
f 466 465 467
f 466 467 468
f 465 454 456
f 465 456 467
f 467 456 458
f 467 458 469
f 468 467 469
f 468 469 470
f 470 469 471
f 470 471 472
f 469 458 460
f 469 460 471
f 471 460 462
f 471 462 473
f 472 471 473
f 472 473 474
f 145 144 475
f 145 475 476
f 144 139 464
f 144 464 475
f 475 464 466
f 475 466 477
f 476 475 477
f 476 477 478
f 478 477 479
f 478 479 480
f 477 466 468
f 477 468 479
f 479 468 470
f 479 470 481
f 480 479 481
f 480 481 482
f 482 481 483
f 482 483 484
f 481 470 472
f 481 472 483
f 483 472 474
f 483 474 485
f 484 483 485
f 484 485 486
f 151 150 487
f 151 487 488
f 150 145 476
f 150 476 487
f 487 476 478
f 487 478 489
f 488 487 489
f 488 489 490
f 490 489 491
f 490 491 492
f 489 478 480
f 489 480 491
f 491 480 482
f 491 482 493
f 492 491 493
f 492 493 494
f 494 493 495
f 494 495 496
f 493 482 484
f 493 484 495
f 495 484 486
f 495 486 497
f 496 495 497
f 496 497 498
f 157 156 499
f 157 499 500
f 156 151 488
f 156 488 499
f 499 488 490
f 499 490 501
f 500 499 501
f 500 501 502
f 502 501 503
f 502 503 504
f 501 490 492
f 501 492 503
f 503 492 494
f 503 494 505
f 504 503 505
f 504 505 506
f 506 505 507
f 506 507 508
f 505 494 496
f 505 496 507
f 507 496 498
f 507 498 509
f 508 507 509
f 508 509 510
f 163 162 511
f 163 511 512
f 162 157 500
f 162 500 511
f 511 500 502
f 511 502 513
f 512 511 513
f 512 513 514
f 514 513 515
f 514 515 516
f 513 502 504
f 513 504 515
f 515 504 506
f 515 506 517
f 516 515 517
f 516 517 518
f 518 517 519
f 518 519 520
f 517 506 508
f 517 508 519
f 519 508 510
f 519 510 521
f 520 519 521
f 520 521 522
f 169 168 523
f 169 523 524
f 168 163 512
f 168 512 523
f 523 512 514
f 523 514 525
f 524 523 525
f 524 525 526
f 526 525 527
f 526 527 528
f 525 514 516
f 525 516 527
f 527 516 518
f 527 518 529
f 528 527 529
f 528 529 530
f 530 529 531
f 530 531 532
f 529 518 520
f 529 520 531
f 531 520 522
f 531 522 533
f 532 531 533
f 532 533 534
f 175 174 535
f 175 535 536
f 174 169 524
f 174 524 535
f 535 524 526
f 535 526 537
f 536 535 537
f 536 537 538
f 538 537 539
f 538 539 540
f 537 526 528
f 537 528 539
f 539 528 530
f 539 530 541
f 540 539 541
f 540 541 542
f 542 541 543
f 542 543 544
f 541 530 532
f 541 532 543
f 543 532 534
f 543 534 545
f 544 543 545
f 544 545 546
f 181 180 547
f 181 547 548
f 180 175 536
f 180 536 547
f 547 536 538
f 547 538 549
f 548 547 549
f 548 549 550
f 550 549 551
f 550 551 552
f 549 538 540
f 549 540 551
f 551 540 542
f 551 542 553
f 552 551 553
f 552 553 554
f 554 553 555
f 554 555 556
f 553 542 544
f 553 544 555
f 555 544 546
f 555 546 557
f 556 555 557
f 556 557 558
f 6 184 559
f 6 559 560
f 184 181 548
f 184 548 559
f 559 548 550
f 559 550 561
f 560 559 561
f 560 561 562
f 562 561 563
f 562 563 564
f 561 550 552
f 561 552 563
f 563 552 554
f 563 554 565
f 564 563 565
f 564 565 566
f 566 565 567
f 566 567 568
f 565 554 556
f 565 556 567
f 567 556 558
f 567 558 569
f 568 567 569
f 568 569 570
f 9 7 571
f 9 571 195
f 7 6 560
f 7 560 571
f 571 560 562
f 571 562 572
f 195 571 572
f 195 572 196
f 196 572 573
f 196 573 201
f 572 562 564
f 572 564 573
f 573 564 566
f 573 566 574
f 201 573 574
f 201 574 202
f 202 574 575
f 202 575 207
f 574 566 568
f 574 568 575
f 575 568 570
f 575 570 576
f 207 575 576
f 207 576 208
f 577 578 579
f 577 579 580
f 578 581 582
f 578 582 579
f 579 582 210
f 579 210 209
f 580 579 209
f 580 209 208
f 581 583 584
f 581 584 582
f 583 585 586
f 583 586 584
f 584 586 222
f 584 222 221
f 582 584 221
f 582 221 210
f 585 587 588
f 585 588 586
f 587 589 590
f 587 590 588
f 588 590 234
f 588 234 233
f 586 588 233
f 586 233 222
f 589 591 592
f 589 592 590
f 591 593 594
f 591 594 592
f 592 594 246
f 592 246 245
f 590 592 245
f 590 245 234
f 593 595 596
f 593 596 594
f 595 597 598
f 595 598 596
f 596 598 258
f 596 258 257
f 594 596 257
f 594 257 246
f 597 599 600
f 597 600 598
f 599 601 602
f 599 602 600
f 600 602 270
f 600 270 269
f 598 600 269
f 598 269 258
f 601 603 604
f 601 604 602
f 603 605 606
f 603 606 604
f 604 606 282
f 604 282 281
f 602 604 281
f 602 281 270
f 605 607 608
f 605 608 606
f 607 609 610
f 607 610 608
f 608 610 294
f 608 294 293
f 606 608 293
f 606 293 282
f 609 611 612
f 609 612 610
f 611 613 614
f 611 614 612
f 612 614 306
f 612 306 305
f 610 612 305
f 610 305 294
f 613 615 616
f 613 616 614
f 615 617 618
f 615 618 616
f 616 618 318
f 616 318 317
f 614 616 317
f 614 317 306
f 617 619 620
f 617 620 618
f 619 621 622
f 619 622 620
f 620 622 330
f 620 330 329
f 618 620 329
f 618 329 318
f 621 623 624
f 621 624 622
f 623 625 626
f 623 626 624
f 624 626 342
f 624 342 341
f 622 624 341
f 622 341 330
f 625 627 628
f 625 628 626
f 627 629 630
f 627 630 628
f 628 630 354
f 628 354 353
f 626 628 353
f 626 353 342
f 629 631 632
f 629 632 630
f 631 633 634
f 631 634 632
f 632 634 366
f 632 366 365
f 630 632 365
f 630 365 354
f 633 635 636
f 633 636 634
f 635 637 638
f 635 638 636
f 636 638 378
f 636 378 377
f 634 636 377
f 634 377 366
f 637 639 640
f 637 640 638
f 639 641 642
f 639 642 640
f 640 642 390
f 640 390 389
f 638 640 389
f 638 389 378
f 641 643 644
f 641 644 642
f 643 645 646
f 643 646 644
f 644 646 402
f 644 402 401
f 642 644 401
f 642 401 390
f 645 647 648
f 645 648 646
f 647 649 650
f 647 650 648
f 648 650 414
f 648 414 413
f 646 648 413
f 646 413 402
f 649 651 652
f 649 652 650
f 651 653 654
f 651 654 652
f 652 654 426
f 652 426 425
f 650 652 425
f 650 425 414
f 653 655 656
f 653 656 654
f 655 657 658
f 655 658 656
f 656 658 438
f 656 438 437
f 654 656 437
f 654 437 426
f 657 659 660
f 657 660 658
f 659 661 662
f 659 662 660
f 660 662 450
f 660 450 449
f 658 660 449
f 658 449 438
f 661 663 664
f 661 664 662
f 663 665 666
f 663 666 664
f 664 666 462
f 664 462 461
f 662 664 461
f 662 461 450
f 665 667 668
f 665 668 666
f 667 669 670
f 667 670 668
f 668 670 474
f 668 474 473
f 666 668 473
f 666 473 462
f 669 671 672
f 669 672 670
f 671 673 674
f 671 674 672
f 672 674 486
f 672 486 485
f 670 672 485
f 670 485 474
f 673 675 676
f 673 676 674
f 675 677 678
f 675 678 676
f 676 678 498
f 676 498 497
f 674 676 497
f 674 497 486
f 677 679 680
f 677 680 678
f 679 681 682
f 679 682 680
f 680 682 510
f 680 510 509
f 678 680 509
f 678 509 498
f 681 683 684
f 681 684 682
f 683 685 686
f 683 686 684
f 684 686 522
f 684 522 521
f 682 684 521
f 682 521 510
f 685 687 688
f 685 688 686
f 687 689 690
f 687 690 688
f 688 690 534
f 688 534 533
f 686 688 533
f 686 533 522
f 689 691 692
f 689 692 690
f 691 693 694
f 691 694 692
f 692 694 546
f 692 546 545
f 690 692 545
f 690 545 534
f 693 695 696
f 693 696 694
f 695 697 698
f 695 698 696
f 696 698 558
f 696 558 557
f 694 696 557
f 694 557 546
f 697 699 700
f 697 700 698
f 699 701 702
f 699 702 700
f 700 702 570
f 700 570 569
f 698 700 569
f 698 569 558
f 701 703 704
f 701 704 702
f 703 577 580
f 703 580 704
f 704 580 208
f 704 208 576
f 702 704 576
f 702 576 570
f 186 185 14
f 186 14 191
f 183 8 2
f 183 2 1
f 705 706 707
f 705 707 708
f 709 710 711
f 709 711 712
f 713 714 715
f 713 715 716
f 717 718 719
f 717 719 720
f 706 721 722
f 706 722 707
f 714 723 724
f 714 724 715
f 725 717 720
f 725 720 726
f 721 727 728
f 721 728 722
f 723 729 730
f 723 730 724
f 731 725 726
f 731 726 732
f 727 733 734
f 727 734 728
f 729 735 736
f 729 736 730
f 709 731 732
f 709 732 737
f 733 738 739
f 733 739 734
f 735 740 741
f 735 741 736
f 710 709 737
f 710 737 742
f 738 713 716
f 738 716 739
f 740 743 744
f 740 744 741
f 745 710 742
f 745 742 746
f 743 747 748
f 743 748 744
f 749 745 746
f 749 746 750
f 747 751 752
f 747 752 748
f 753 749 750
f 753 750 754
f 751 755 756
f 751 756 752
f 757 753 754
f 757 754 758
f 755 759 760
f 755 760 756
f 761 757 758
f 761 758 762
f 759 763 764
f 759 764 760
f 765 761 762
f 765 762 766
f 763 767 768
f 763 768 764
f 769 765 766
f 769 766 770
f 767 771 772
f 767 772 768
f 773 769 770
f 773 770 774
f 775 776 777
f 775 777 778
f 779 780 781
f 779 781 782
f 731 709 712
f 731 712 783
f 784 779 782
f 784 782 785
f 725 731 783
f 725 783 776
f 786 784 785
f 786 785 787
f 717 725 776
f 717 776 775
f 788 786 787
f 788 787 789
f 718 717 775
f 718 775 790
f 773 788 789
f 773 789 791
f 792 718 790
f 792 790 793
f 769 773 791
f 769 791 794
f 795 796 797
f 795 797 798
f 799 792 793
f 799 793 800
f 765 769 794
f 765 794 801
f 802 795 798
f 802 798 803
f 804 799 800
f 804 800 805
f 761 765 801
f 761 801 806
f 807 802 803
f 807 803 808
f 809 804 805
f 809 805 810
f 757 761 806
f 757 806 811
f 812 807 808
f 812 808 813
f 814 809 810
f 814 810 815
f 753 757 811
f 753 811 816
f 817 812 813
f 817 813 818
f 796 814 815
f 796 815 797
f 749 753 816
f 749 816 819
f 820 817 818
f 820 818 821
f 745 749 819
f 745 819 822
f 823 820 821
f 823 821 824
f 710 745 822
f 710 822 711
f 780 823 824
f 780 824 781
f 825 826 827
f 825 827 828
f 789 787 829
f 789 829 830
f 790 775 778
f 790 778 831
f 791 789 830
f 791 830 832
f 793 790 831
f 793 831 833
f 794 791 832
f 794 832 834
f 798 797 826
f 798 826 825
f 800 793 833
f 800 833 835
f 801 794 834
f 801 834 836
f 803 798 825
f 803 825 837
f 805 800 835
f 805 835 838
f 806 801 836
f 806 836 839
f 808 803 837
f 808 837 840
f 810 805 838
f 810 838 841
f 811 806 839
f 811 839 842
f 813 808 840
f 813 840 843
f 815 810 841
f 815 841 844
f 816 811 842
f 816 842 845
f 818 813 843
f 818 843 846
f 797 815 844
f 797 844 826
f 819 816 845
f 819 845 847
f 821 818 846
f 821 846 848
f 822 819 847
f 822 847 849
f 824 821 848
f 824 848 850
f 711 822 849
f 711 849 851
f 781 824 850
f 781 850 852
f 712 711 851
f 712 851 853
f 782 781 852
f 782 852 854
f 783 712 853
f 783 853 855
f 785 782 854
f 785 854 856
f 776 783 855
f 776 855 777
f 787 785 856
f 787 856 829
f 857 858 859
f 857 859 860
f 835 833 861
f 835 861 862
f 836 834 863
f 836 863 864
f 837 825 828
f 837 828 865
f 838 835 862
f 838 862 866
f 839 836 864
f 839 864 867
f 840 837 865
f 840 865 858
f 841 838 866
f 841 866 868
f 842 839 867
f 842 867 869
f 843 840 858
f 843 858 857
f 844 841 868
f 844 868 870
f 845 842 869
f 845 869 871
f 846 843 857
f 846 857 872
f 826 844 870
f 826 870 827
f 847 845 871
f 847 871 873
f 848 846 872
f 848 872 874
f 849 847 873
f 849 873 875
f 850 848 874
f 850 874 876
f 851 849 875
f 851 875 877
f 852 850 876
f 852 876 878
f 853 851 877
f 853 877 879
f 854 852 878
f 854 878 880
f 855 853 879
f 855 879 881
f 856 854 880
f 856 880 882
f 777 855 881
f 777 881 883
f 829 856 882
f 829 882 884
f 778 777 883
f 778 883 885
f 830 829 884
f 830 884 886
f 831 778 885
f 831 885 887
f 832 830 886
f 832 886 888
f 833 831 887
f 833 887 861
f 834 832 888
f 834 888 863
f 889 890 891
f 889 891 892
f 870 868 893
f 870 893 894
f 871 869 895
f 871 895 896
f 872 857 860
f 872 860 897
f 827 870 894
f 827 894 898
f 873 871 896
f 873 896 899
f 874 872 897
f 874 897 900
f 875 873 899
f 875 899 901
f 876 874 900
f 876 900 902
f 877 875 901
f 877 901 903
f 878 876 902
f 878 902 904
f 879 877 903
f 879 903 905
f 880 878 904
f 880 904 906
f 881 879 905
f 881 905 907
f 882 880 906
f 882 906 908
f 883 881 907
f 883 907 909
f 884 882 908
f 884 908 910
f 885 883 909
f 885 909 911
f 886 884 910
f 886 910 912
f 887 885 911
f 887 911 913
f 888 886 912
f 888 912 914
f 861 887 913
f 861 913 915
f 863 888 914
f 863 914 916
f 828 827 898
f 828 898 917
f 862 861 915
f 862 915 918
f 864 863 916
f 864 916 919
f 865 828 917
f 865 917 920
f 866 862 918
f 866 918 921
f 867 864 919
f 867 919 922
f 858 865 920
f 858 920 859
f 868 866 921
f 868 921 893
f 869 867 922
f 869 922 895
f 923 924 917
f 923 917 898
f 924 925 920
f 924 920 917
f 925 926 859
f 925 859 920
f 926 927 860
f 926 860 859
f 927 928 897
f 927 897 860
f 928 929 900
f 928 900 897
f 929 930 902
f 929 902 900
f 930 931 904
f 930 904 902
f 931 932 906
f 931 906 904
f 932 933 908
f 932 908 906
f 933 934 910
f 933 910 908
f 934 935 912
f 934 912 910
f 935 936 914
f 935 914 912
f 936 937 916
f 936 916 914
f 937 938 919
f 937 919 916
f 938 939 922
f 938 922 919
f 939 940 895
f 939 895 922
f 940 941 896
f 940 896 895
f 941 942 899
f 941 899 896
f 942 943 901
f 942 901 899
f 943 944 903
f 943 903 901
f 944 945 905
f 944 905 903
f 945 890 907
f 945 907 905
f 890 889 909
f 890 909 907
f 889 946 911
f 889 911 909
f 946 947 913
f 946 913 911
f 947 948 915
f 947 915 913
f 948 949 918
f 948 918 915
f 949 950 921
f 949 921 918
f 950 951 893
f 950 893 921
f 951 952 894
f 951 894 893
f 952 923 898
f 952 898 894
f 923 952 953
f 923 953 954
f 934 933 955
f 934 955 956
f 946 889 892
f 946 892 957
f 935 934 956
f 935 956 958
f 947 946 957
f 947 957 959
f 936 935 958
f 936 958 960
f 948 947 959
f 948 959 961
f 937 936 960
f 937 960 962
f 949 948 961
f 949 961 963
f 938 937 962
f 938 962 964
f 965 966 967
f 965 967 968
f 950 949 963
f 950 963 969
f 939 938 964
f 939 964 970
f 926 925 971
f 926 971 972
f 951 950 969
f 951 969 973
f 940 939 970
f 940 970 974
f 927 926 972
f 927 972 975
f 952 951 973
f 952 973 953
f 941 940 974
f 941 974 976
f 928 927 975
f 928 975 977
f 942 941 976
f 942 976 978
f 929 928 977
f 929 977 979
f 925 924 980
f 925 980 971
f 943 942 978
f 943 978 981
f 930 929 979
f 930 979 982
f 944 943 981
f 944 981 983
f 931 930 982
f 931 982 984
f 945 944 983
f 945 983 985
f 932 931 984
f 932 984 986
f 890 945 985
f 890 985 891
f 933 932 986
f 933 986 955
f 987 988 989
f 987 989 990
f 990 989 991
f 990 991 992
f 992 991 993
f 992 993 994
f 994 993 980
f 994 980 954
f 988 995 996
f 988 996 989
f 989 996 997
f 989 997 991
f 991 997 998
f 991 998 993
f 993 998 971
f 993 971 980
f 995 999 1000
f 995 1000 996
f 996 1000 1001
f 996 1001 997
f 997 1001 1002
f 997 1002 998
f 998 1002 972
f 998 972 971
f 999 1003 1004
f 999 1004 1000
f 1000 1004 1005
f 1000 1005 1001
f 1001 1005 1006
f 1001 1006 1002
f 1002 1006 975
f 1002 975 972
f 1003 1007 1008
f 1003 1008 1004
f 1004 1008 1009
f 1004 1009 1005
f 1005 1009 1010
f 1005 1010 1006
f 1006 1010 977
f 1006 977 975
f 1007 1011 1012
f 1007 1012 1008
f 1008 1012 1013
f 1008 1013 1009
f 1009 1013 1014
f 1009 1014 1010
f 1010 1014 979
f 1010 979 977
f 1011 1015 1016
f 1011 1016 1012
f 1012 1016 1017
f 1012 1017 1013
f 1013 1017 1018
f 1013 1018 1014
f 1014 1018 982
f 1014 982 979
f 1015 1019 1020
f 1015 1020 1016
f 1016 1020 1021
f 1016 1021 1017
f 1017 1021 1022
f 1017 1022 1018
f 1018 1022 984
f 1018 984 982
f 1019 1023 1024
f 1019 1024 1020
f 1020 1024 1025
f 1020 1025 1021
f 1021 1025 1026
f 1021 1026 1022
f 1022 1026 986
f 1022 986 984
f 1023 1027 1028
f 1023 1028 1024
f 1024 1028 1029
f 1024 1029 1025
f 1025 1029 1030
f 1025 1030 1026
f 1026 1030 955
f 1026 955 986
f 1027 1031 1032
f 1027 1032 1028
f 1028 1032 1033
f 1028 1033 1029
f 1029 1033 1034
f 1029 1034 1030
f 1030 1034 956
f 1030 956 955
f 1031 1035 1036
f 1031 1036 1032
f 1032 1036 1037
f 1032 1037 1033
f 1033 1037 1038
f 1033 1038 1034
f 1034 1038 958
f 1034 958 956
f 1035 1039 1040
f 1035 1040 1036
f 1036 1040 1041
f 1036 1041 1037
f 1037 1041 1042
f 1037 1042 1038
f 1038 1042 960
f 1038 960 958
f 1039 1043 1044
f 1039 1044 1040
f 1040 1044 1045
f 1040 1045 1041
f 1041 1045 1046
f 1041 1046 1042
f 1042 1046 962
f 1042 962 960
f 1043 1047 1048
f 1043 1048 1044
f 1044 1048 1049
f 1044 1049 1045
f 1045 1049 1050
f 1045 1050 1046
f 1046 1050 964
f 1046 964 962
f 1047 1051 1052
f 1047 1052 1048
f 1048 1052 1053
f 1048 1053 1049
f 1049 1053 1054
f 1049 1054 1050
f 1050 1054 970
f 1050 970 964
f 1051 1055 1056
f 1051 1056 1052
f 1052 1056 1057
f 1052 1057 1053
f 1053 1057 1058
f 1053 1058 1054
f 1054 1058 974
f 1054 974 970
f 1055 1059 1060
f 1055 1060 1056
f 1056 1060 1061
f 1056 1061 1057
f 1057 1061 1062
f 1057 1062 1058
f 1058 1062 976
f 1058 976 974
f 1059 1063 1064
f 1059 1064 1060
f 1060 1064 1065
f 1060 1065 1061
f 1061 1065 1066
f 1061 1066 1062
f 1062 1066 978
f 1062 978 976
f 1063 1067 1068
f 1063 1068 1064
f 1064 1068 1069
f 1064 1069 1065
f 1065 1069 1070
f 1065 1070 1066
f 1066 1070 981
f 1066 981 978
f 1067 1071 1072
f 1067 1072 1068
f 1068 1072 1073
f 1068 1073 1069
f 1069 1073 1074
f 1069 1074 1070
f 1070 1074 983
f 1070 983 981
f 1071 1075 1076
f 1071 1076 1072
f 1072 1076 1077
f 1072 1077 1073
f 1073 1077 1078
f 1073 1078 1074
f 1074 1078 985
f 1074 985 983
f 1075 1079 1080
f 1075 1080 1076
f 1076 1080 1081
f 1076 1081 1077
f 1077 1081 1082
f 1077 1082 1078
f 1078 1082 891
f 1078 891 985
f 1079 1083 1084
f 1079 1084 1080
f 1080 1084 1085
f 1080 1085 1081
f 1081 1085 1086
f 1081 1086 1082
f 1082 1086 892
f 1082 892 891
f 1083 1087 1088
f 1083 1088 1084
f 1084 1088 1089
f 1084 1089 1085
f 1085 1089 1090
f 1085 1090 1086
f 1086 1090 957
f 1086 957 892
f 1087 1091 1092
f 1087 1092 1088
f 1088 1092 1093
f 1088 1093 1089
f 1089 1093 1094
f 1089 1094 1090
f 1090 1094 959
f 1090 959 957
f 1091 1095 1096
f 1091 1096 1092
f 1092 1096 1097
f 1092 1097 1093
f 1093 1097 1098
f 1093 1098 1094
f 1094 1098 961
f 1094 961 959
f 1095 1099 1100
f 1095 1100 1096
f 1096 1100 1101
f 1096 1101 1097
f 1097 1101 1102
f 1097 1102 1098
f 1098 1102 963
f 1098 963 961
f 1099 1103 1104
f 1099 1104 1100
f 1100 1104 1105
f 1100 1105 1101
f 1101 1105 1106
f 1101 1106 1102
f 1102 1106 969
f 1102 969 963
f 1103 1107 1108
f 1103 1108 1104
f 1104 1108 1109
f 1104 1109 1105
f 1105 1109 1110
f 1105 1110 1106
f 1106 1110 973
f 1106 973 969
f 1107 1111 1112
f 1107 1112 1108
f 1108 1112 1113
f 1108 1113 1109
f 1109 1113 1114
f 1109 1114 1110
f 1110 1114 953
f 1110 953 973
f 1111 987 990
f 1111 990 1112
f 1112 990 992
f 1112 992 1113
f 1113 992 994
f 1113 994 1114
f 1114 994 954
f 1114 954 953
f 924 923 954
f 924 954 980
f 1115 1116 988
f 1115 988 987
f 1116 1117 995
f 1116 995 988
f 1117 1118 999
f 1117 999 995
f 1118 1119 1003
f 1118 1003 999
f 1119 1120 1007
f 1119 1007 1003
f 1120 1121 1011
f 1120 1011 1007
f 1121 1122 1015
f 1121 1015 1011
f 1122 1123 1019
f 1122 1019 1015
f 1123 1124 1023
f 1123 1023 1019
f 1124 1125 1027
f 1124 1027 1023
f 1125 1126 1031
f 1125 1031 1027
f 1126 1127 1035
f 1126 1035 1031
f 1127 1128 1039
f 1127 1039 1035
f 1128 1129 1043
f 1128 1043 1039
f 1129 1130 1047
f 1129 1047 1043
f 1130 1131 1051
f 1130 1051 1047
f 1131 1132 1055
f 1131 1055 1051
f 1132 1133 1059
f 1132 1059 1055
f 1133 1134 1063
f 1133 1063 1059
f 1134 1135 1067
f 1134 1067 1063
f 1135 1136 1071
f 1135 1071 1067
f 1136 1137 1075
f 1136 1075 1071
f 1137 1138 1079
f 1137 1079 1075
f 1138 1139 1083
f 1138 1083 1079
f 1139 1140 1087
f 1139 1087 1083
f 1140 1141 1091
f 1140 1091 1087
f 1141 1142 1095
f 1141 1095 1091
f 1142 1143 1099
f 1142 1099 1095
f 1143 1144 1103
f 1143 1103 1099
f 1144 1145 1107
f 1144 1107 1103
f 1145 1146 1111
f 1145 1111 1107
f 1146 1115 987
f 1146 987 1111
f 1147 1148 1116
f 1147 1116 1115
f 1148 1149 1117
f 1148 1117 1116
f 1149 1150 1118
f 1149 1118 1117
f 1150 1151 1119
f 1150 1119 1118
f 1151 1152 1120
f 1151 1120 1119
f 1152 1153 1121
f 1152 1121 1120
f 1153 1154 1122
f 1153 1122 1121
f 1154 1155 1123
f 1154 1123 1122
f 1155 1156 1124
f 1155 1124 1123
f 1156 1157 1125
f 1156 1125 1124
f 1157 1158 1126
f 1157 1126 1125
f 1158 1159 1127
f 1158 1127 1126
f 1159 1160 1128
f 1159 1128 1127
f 1160 1161 1129
f 1160 1129 1128
f 1161 1162 1130
f 1161 1130 1129
f 1162 1163 1131
f 1162 1131 1130
f 1163 1164 1132
f 1163 1132 1131
f 1164 1165 1133
f 1164 1133 1132
f 1165 1166 1134
f 1165 1134 1133
f 1166 1167 1135
f 1166 1135 1134
f 1167 966 1136
f 1167 1136 1135
f 966 965 1137
f 966 1137 1136
f 965 1168 1138
f 965 1138 1137
f 1168 1169 1139
f 1168 1139 1138
f 1169 1170 1140
f 1169 1140 1139
f 1170 1171 1141
f 1170 1141 1140
f 1171 1172 1142
f 1171 1142 1141
f 1172 1173 1143
f 1172 1143 1142
f 1173 1174 1144
f 1173 1144 1143
f 1174 1175 1145
f 1174 1145 1144
f 1175 1176 1146
f 1175 1146 1145
f 1176 1147 1115
f 1176 1115 1146
f 1177 1178 1179
f 1177 1179 1180
f 1156 1155 1181
f 1156 1181 1182
f 1168 965 968
f 1168 968 1183
f 1157 1156 1182
f 1157 1182 1184
f 1169 1168 1183
f 1169 1183 1185
f 1158 1157 1184
f 1158 1184 1186
f 1170 1169 1185
f 1170 1185 1187
f 1159 1158 1186
f 1159 1186 1188
f 1171 1170 1187
f 1171 1187 1189
f 1160 1159 1188
f 1160 1188 1190
f 1172 1171 1189
f 1172 1189 1191
f 1161 1160 1190
f 1161 1190 1192
f 1148 1147 1193
f 1148 1193 1194
f 1173 1172 1191
f 1173 1191 1195
f 1162 1161 1192
f 1162 1192 1196
f 1149 1148 1194
f 1149 1194 1197
f 1174 1173 1195
f 1174 1195 1198
f 1163 1162 1196
f 1163 1196 1199
f 1150 1149 1197
f 1150 1197 1200
f 1175 1174 1198
f 1175 1198 1201
f 1164 1163 1199
f 1164 1199 1202
f 1151 1150 1200
f 1151 1200 1203
f 1176 1175 1201
f 1176 1201 1204
f 1165 1164 1202
f 1165 1202 1205
f 1152 1151 1203
f 1152 1203 1206
f 1147 1176 1204
f 1147 1204 1193
f 1166 1165 1205
f 1166 1205 1207
f 1153 1152 1206
f 1153 1206 1208
f 1167 1166 1207
f 1167 1207 1209
f 1154 1153 1208
f 1154 1208 1210
f 966 1167 1209
f 966 1209 967
f 1155 1154 1210
f 1155 1210 1181
f 1211 1212 1194
f 1211 1194 1193
f 1212 1213 1197
f 1212 1197 1194
f 1213 1214 1200
f 1213 1200 1197
f 1214 1215 1203
f 1214 1203 1200
f 1215 1216 1206
f 1215 1206 1203
f 1216 1217 1208
f 1216 1208 1206
f 1217 1218 1210
f 1217 1210 1208
f 1218 1219 1181
f 1218 1181 1210
f 1219 1220 1182
f 1219 1182 1181
f 1220 1221 1184
f 1220 1184 1182
f 1221 1222 1186
f 1221 1186 1184
f 1222 1223 1188
f 1222 1188 1186
f 1223 1224 1190
f 1223 1190 1188
f 1224 1225 1192
f 1224 1192 1190
f 1225 1226 1196
f 1225 1196 1192
f 1226 1227 1199
f 1226 1199 1196
f 1227 1228 1202
f 1227 1202 1199
f 1228 1229 1205
f 1228 1205 1202
f 1229 1230 1207
f 1229 1207 1205
f 1230 1231 1209
f 1230 1209 1207
f 1231 1232 967
f 1231 967 1209
f 1232 1233 968
f 1232 968 967
f 1233 1234 1183
f 1233 1183 968
f 1234 1235 1185
f 1234 1185 1183
f 1235 1236 1187
f 1235 1187 1185
f 1236 1237 1189
f 1236 1189 1187
f 1237 1238 1191
f 1237 1191 1189
f 1238 1239 1195
f 1238 1195 1191
f 1239 1240 1198
f 1239 1198 1195
f 1240 1241 1201
f 1240 1201 1198
f 1241 1242 1204
f 1241 1204 1201
f 1242 1211 1193
f 1242 1193 1204
f 1243 1244 1245
f 1243 1245 1246
f 1247 1248 1249
f 1247 1249 1250
f 1251 1177 1180
f 1251 1180 1252
f 1253 1247 1250
f 1253 1250 1254
f 1255 1251 1252
f 1255 1252 1256
f 1257 1253 1254
f 1257 1254 1258
f 1259 1255 1256
f 1259 1256 1260
f 1261 1257 1258
f 1261 1258 1262
f 1263 1259 1260
f 1263 1260 1264
f 1265 1261 1262
f 1265 1262 1266
f 1267 1263 1264
f 1267 1264 1268
f 1269 1265 1266
f 1269 1266 1270
f 1271 1267 1268
f 1271 1268 1272
f 1273 1269 1270
f 1273 1270 1274
f 1275 1271 1272
f 1275 1272 1276
f 1277 1273 1274
f 1277 1274 1278
f 1279 1275 1276
f 1279 1276 1280
f 1281 1282 1283
f 1281 1283 1284
f 1285 1277 1278
f 1285 1278 1286
f 1287 1279 1280
f 1287 1280 1288
f 1289 1281 1284
f 1289 1284 1290
f 1291 1285 1286
f 1291 1286 1292
f 1293 1287 1288
f 1293 1288 1294
f 1295 1289 1290
f 1295 1290 1296
f 1297 1291 1292
f 1297 1292 1298
f 1299 1293 1294
f 1299 1294 1300
f 1301 1295 1296
f 1301 1296 1302
f 1303 1297 1298
f 1303 1298 1304
f 1305 1299 1300
f 1305 1300 1306
f 1178 1301 1302
f 1178 1302 1179
f 1282 1303 1304
f 1282 1304 1283
f 1248 1305 1306
f 1248 1306 1249
f 1307 1308 1305
f 1307 1305 1248
f 1309 1310 1303
f 1309 1303 1282
f 1311 1312 1301
f 1311 1301 1178
f 1308 1313 1299
f 1308 1299 1305
f 1310 1314 1297
f 1310 1297 1303
f 1312 1315 1295
f 1312 1295 1301
f 1313 1316 1293
f 1313 1293 1299
f 1314 1317 1291
f 1314 1291 1297
f 1315 1318 1289
f 1315 1289 1295
f 1316 1319 1287
f 1316 1287 1293
f 1317 1320 1285
f 1317 1285 1291
f 1318 1321 1281
f 1318 1281 1289
f 1319 1322 1279
f 1319 1279 1287
f 1320 1323 1277
f 1320 1277 1285
f 1321 1309 1282
f 1321 1282 1281
f 1322 1324 1275
f 1322 1275 1279
f 1323 1325 1273
f 1323 1273 1277
f 1324 1326 1271
f 1324 1271 1275
f 1325 1327 1269
f 1325 1269 1273
f 1326 1328 1267
f 1326 1267 1271
f 1327 1329 1265
f 1327 1265 1269
f 1328 1330 1263
f 1328 1263 1267
f 1329 1331 1261
f 1329 1261 1265
f 1330 1332 1259
f 1330 1259 1263
f 1331 1333 1257
f 1331 1257 1261
f 1332 1334 1255
f 1332 1255 1259
f 1333 1335 1253
f 1333 1253 1257
f 1334 1336 1251
f 1334 1251 1255
f 1335 1337 1247
f 1335 1247 1253
f 1336 1338 1177
f 1336 1177 1251
f 1337 1307 1248
f 1337 1248 1247
f 1338 1311 1178
f 1338 1178 1177
f 1217 1216 1339
f 1217 1339 1340
f 1231 1230 1341
f 1231 1341 1342
f 1218 1217 1340
f 1218 1340 1343
f 1232 1231 1342
f 1232 1342 1344
f 1219 1218 1343
f 1219 1343 1345
f 1233 1232 1344
f 1233 1344 1346
f 1220 1219 1345
f 1220 1345 1347
f 1234 1233 1346
f 1234 1346 1348
f 1221 1220 1347
f 1221 1347 1349
f 1235 1234 1348
f 1235 1348 1350
f 1222 1221 1349
f 1222 1349 1351
f 1236 1235 1350
f 1236 1350 1352
f 1223 1222 1351
f 1223 1351 1353
f 1237 1236 1352
f 1237 1352 1354
f 1224 1223 1353
f 1224 1353 1355
f 1238 1237 1354
f 1238 1354 1356
f 1225 1224 1355
f 1225 1355 1357
f 1212 1211 1358
f 1212 1358 1359
f 1239 1238 1356
f 1239 1356 1360
f 1226 1225 1357
f 1226 1357 1361
f 1213 1212 1359
f 1213 1359 1362
f 1240 1239 1360
f 1240 1360 1363
f 1227 1226 1361
f 1227 1361 1364
f 1214 1213 1362
f 1214 1362 1365
f 1241 1240 1363
f 1241 1363 1366
f 1228 1227 1364
f 1228 1364 1367
f 1215 1214 1365
f 1215 1365 1368
f 1242 1241 1366
f 1242 1366 1369
f 1229 1228 1367
f 1229 1367 1370
f 1216 1215 1368
f 1216 1368 1339
f 1211 1242 1369
f 1211 1369 1358
f 1230 1229 1370
f 1230 1370 1341
f 1340 1339 1311
f 1340 1311 1338
f 1342 1341 1307
f 1342 1307 1337
f 1343 1340 1338
f 1343 1338 1336
f 1344 1342 1337
f 1344 1337 1335
f 1345 1343 1336
f 1345 1336 1334
f 1346 1344 1335
f 1346 1335 1333
f 1347 1345 1334
f 1347 1334 1332
f 1348 1346 1333
f 1348 1333 1331
f 1349 1347 1332
f 1349 1332 1330
f 1350 1348 1331
f 1350 1331 1329
f 1351 1349 1330
f 1351 1330 1328
f 1352 1350 1329
f 1352 1329 1327
f 1353 1351 1328
f 1353 1328 1326
f 1354 1352 1327
f 1354 1327 1325
f 1355 1353 1326
f 1355 1326 1324
f 1356 1354 1325
f 1356 1325 1323
f 1357 1355 1324
f 1357 1324 1322
f 1359 1358 1309
f 1359 1309 1321
f 1360 1356 1323
f 1360 1323 1320
f 1361 1357 1322
f 1361 1322 1319
f 1362 1359 1321
f 1362 1321 1318
f 1363 1360 1320
f 1363 1320 1317
f 1364 1361 1319
f 1364 1319 1316
f 1365 1362 1318
f 1365 1318 1315
f 1366 1363 1317
f 1366 1317 1314
f 1367 1364 1316
f 1367 1316 1313
f 1368 1365 1315
f 1368 1315 1312
f 1369 1366 1314
f 1369 1314 1310
f 1370 1367 1313
f 1370 1313 1308
f 1339 1368 1312
f 1339 1312 1311
f 1358 1369 1310
f 1358 1310 1309
f 1341 1370 1308
f 1341 1308 1307
f 1371 1372 1284
f 1371 1284 1283
f 1372 1373 1290
f 1372 1290 1284
f 1373 1374 1296
f 1373 1296 1290
f 1374 1375 1302
f 1374 1302 1296
f 1375 1376 1179
f 1375 1179 1302
f 1376 1377 1180
f 1376 1180 1179
f 1377 1378 1252
f 1377 1252 1180
f 1378 1244 1256
f 1378 1256 1252
f 1244 1243 1260
f 1244 1260 1256
f 1243 1379 1264
f 1243 1264 1260
f 1379 1380 1268
f 1379 1268 1264
f 1380 1381 1272
f 1380 1272 1268
f 1381 1382 1276
f 1381 1276 1272
f 1382 1383 1280
f 1382 1280 1276
f 1383 1384 1288
f 1383 1288 1280
f 1384 1385 1294
f 1384 1294 1288
f 1385 1386 1300
f 1385 1300 1294
f 1386 1387 1306
f 1386 1306 1300
f 1387 1388 1249
f 1387 1249 1306
f 1388 1389 1250
f 1388 1250 1249
f 1389 1390 1254
f 1389 1254 1250
f 1390 1391 1258
f 1390 1258 1254
f 1391 1392 1262
f 1391 1262 1258
f 1392 1393 1266
f 1392 1266 1262
f 1393 1394 1270
f 1393 1270 1266
f 1394 1395 1274
f 1394 1274 1270
f 1395 1396 1278
f 1395 1278 1274
f 1396 1397 1286
f 1396 1286 1278
f 1397 1398 1292
f 1397 1292 1286
f 1398 1399 1298
f 1398 1298 1292
f 1399 1400 1304
f 1399 1304 1298
f 1400 1371 1283
f 1400 1283 1304
f 1392 1391 1401
f 1392 1401 1402
f 1379 1243 1246
f 1379 1246 1403
f 1393 1392 1402
f 1393 1402 1404
f 1380 1379 1403
f 1380 1403 1405
f 1394 1393 1404
f 1394 1404 1406
f 1381 1380 1405
f 1381 1405 1407
f 1395 1394 1406
f 1395 1406 1408
f 1382 1381 1407
f 1382 1407 1409
f 1396 1395 1408
f 1396 1408 1410
f 1383 1382 1409
f 1383 1409 1411
f 1372 1371 1412
f 1372 1412 1413
f 1397 1396 1410
f 1397 1410 1414
f 1384 1383 1411
f 1384 1411 1415
f 1373 1372 1413
f 1373 1413 1416
f 1398 1397 1414
f 1398 1414 1417
f 1385 1384 1415
f 1385 1415 1418
f 1374 1373 1416
f 1374 1416 1419
f 1399 1398 1417
f 1399 1417 1420
f 1386 1385 1418
f 1386 1418 1421
f 1375 1374 1419
f 1375 1419 1422
f 1400 1399 1420
f 1400 1420 1423
f 1387 1386 1421
f 1387 1421 1424
f 1376 1375 1422
f 1376 1422 1425
f 1371 1400 1423
f 1371 1423 1412
f 1388 1387 1424
f 1388 1424 1426
f 1377 1376 1425
f 1377 1425 1427
f 1389 1388 1426
f 1389 1426 1428
f 1378 1377 1427
f 1378 1427 1429
f 1390 1389 1428
f 1390 1428 1430
f 1244 1378 1429
f 1244 1429 1245
f 1391 1390 1430
f 1391 1430 1401
f 1 4 1431
f 1 1431 1432
f 1432 1431 1433
f 1432 1433 1434
f 4 187 1435
f 4 1435 1431
f 1431 1435 1436
f 1431 1436 1433
f 187 186 1437
f 187 1437 1435
f 1435 1437 1438
f 1435 1438 1436
f 186 191 1439
f 186 1439 1437
f 1437 1439 1440
f 1437 1440 1438
f 191 25 1441
f 191 1441 1439
f 1439 1441 1442
f 1439 1442 1440
f 25 12 1443
f 25 1443 1441
f 1441 1443 1444
f 1441 1444 1442
f 12 11 1445
f 12 1445 1443
f 1443 1445 1446
f 1443 1446 1444
f 11 21 1447
f 11 1447 1445
f 1445 1447 1448
f 1445 1448 1446
f 21 20 1449
f 21 1449 1447
f 1447 1449 1450
f 1447 1450 1448
f 20 28 1451
f 20 1451 1449
f 1449 1451 1452
f 1449 1452 1450
f 28 27 1453
f 28 1453 1451
f 1451 1453 1454
f 1451 1454 1452
f 27 34 1455
f 27 1455 1453
f 1453 1455 1456
f 1453 1456 1454
f 34 33 1457
f 34 1457 1455
f 1455 1457 1458
f 1455 1458 1456
f 33 40 1459
f 33 1459 1457
f 1457 1459 1460
f 1457 1460 1458
f 40 39 1461
f 40 1461 1459
f 1459 1461 1462
f 1459 1462 1460
f 39 46 1463
f 39 1463 1461
f 1461 1463 1464
f 1461 1464 1462
f 46 45 1465
f 46 1465 1463
f 1463 1465 1466
f 1463 1466 1464
f 45 52 1467
f 45 1467 1465
f 1465 1467 1468
f 1465 1468 1466
f 52 51 1469
f 52 1469 1467
f 1467 1469 1470
f 1467 1470 1468
f 51 58 1471
f 51 1471 1469
f 1469 1471 1472
f 1469 1472 1470
f 58 57 1473
f 58 1473 1471
f 1471 1473 1474
f 1471 1474 1472
f 57 64 1475
f 57 1475 1473
f 1473 1475 1476
f 1473 1476 1474
f 64 63 1477
f 64 1477 1475
f 1475 1477 1478
f 1475 1478 1476
f 63 70 1479
f 63 1479 1477
f 1477 1479 1480
f 1477 1480 1478
f 70 69 1481
f 70 1481 1479
f 1479 1481 1482
f 1479 1482 1480
f 69 76 1483
f 69 1483 1481
f 1481 1483 1484
f 1481 1484 1482
f 76 75 1485
f 76 1485 1483
f 1483 1485 1486
f 1483 1486 1484
f 75 82 1487
f 75 1487 1485
f 1485 1487 1488
f 1485 1488 1486
f 82 81 1489
f 82 1489 1487
f 1487 1489 1490
f 1487 1490 1488
f 81 88 1491
f 81 1491 1489
f 1489 1491 1492
f 1489 1492 1490
f 88 87 1493
f 88 1493 1491
f 1491 1493 1494
f 1491 1494 1492
f 87 94 1495
f 87 1495 1493
f 1493 1495 1496
f 1493 1496 1494
f 94 93 1497
f 94 1497 1495
f 1495 1497 1498
f 1495 1498 1496
f 93 100 1499
f 93 1499 1497
f 1497 1499 1500
f 1497 1500 1498
f 100 99 1501
f 100 1501 1499
f 1499 1501 1502
f 1499 1502 1500
f 99 106 1503
f 99 1503 1501
f 1501 1503 1504
f 1501 1504 1502
f 106 105 1505
f 106 1505 1503
f 1503 1505 1506
f 1503 1506 1504
f 105 112 1507
f 105 1507 1505
f 1505 1507 1508
f 1505 1508 1506
f 112 111 1509
f 112 1509 1507
f 1507 1509 1510
f 1507 1510 1508
f 111 118 1511
f 111 1511 1509
f 1509 1511 1512
f 1509 1512 1510
f 118 117 1513
f 118 1513 1511
f 1511 1513 1514
f 1511 1514 1512
f 117 124 1515
f 117 1515 1513
f 1513 1515 1516
f 1513 1516 1514
f 124 123 1517
f 124 1517 1515
f 1515 1517 1518
f 1515 1518 1516
f 123 130 1519
f 123 1519 1517
f 1517 1519 1520
f 1517 1520 1518
f 130 129 1521
f 130 1521 1519
f 1519 1521 1522
f 1519 1522 1520
f 129 136 1523
f 129 1523 1521
f 1521 1523 1524
f 1521 1524 1522
f 136 135 1525
f 136 1525 1523
f 1523 1525 1526
f 1523 1526 1524
f 135 142 1527
f 135 1527 1525
f 1525 1527 1528
f 1525 1528 1526
f 142 141 1529
f 142 1529 1527
f 1527 1529 1530
f 1527 1530 1528
f 141 148 1531
f 141 1531 1529
f 1529 1531 1532
f 1529 1532 1530
f 148 147 1533
f 148 1533 1531
f 1531 1533 1534
f 1531 1534 1532
f 147 154 1535
f 147 1535 1533
f 1533 1535 1536
f 1533 1536 1534
f 154 153 1537
f 154 1537 1535
f 1535 1537 1538
f 1535 1538 1536
f 153 160 1539
f 153 1539 1537
f 1537 1539 1540
f 1537 1540 1538
f 160 159 1541
f 160 1541 1539
f 1539 1541 1542
f 1539 1542 1540
f 159 166 1543
f 159 1543 1541
f 1541 1543 1544
f 1541 1544 1542
f 166 165 1545
f 166 1545 1543
f 1543 1545 1546
f 1543 1546 1544
f 165 172 1547
f 165 1547 1545
f 1545 1547 1548
f 1545 1548 1546
f 172 171 1549
f 172 1549 1547
f 1547 1549 1550
f 1547 1550 1548
f 171 178 1551
f 171 1551 1549
f 1549 1551 1552
f 1549 1552 1550
f 178 177 1553
f 178 1553 1551
f 1551 1553 1554
f 1551 1554 1552
f 177 182 1555
f 177 1555 1553
f 1553 1555 1556
f 1553 1556 1554
f 182 183 1557
f 182 1557 1555
f 1555 1557 1558
f 1555 1558 1556
f 183 1 1432
f 183 1432 1557
f 1557 1432 1434
f 1557 1434 1558
f 716 715 1559
f 716 1559 1560
f 772 1561 754
f 772 754 750
f 708 707 1562
f 708 1562 1563
f 768 772 750
f 768 750 746
f 1564 708 1563
f 1564 1563 1565
f 764 768 746
f 764 746 742
f 1566 1564 1565
f 1566 1565 1567
f 760 764 742
f 760 742 737
f 1568 1566 1567
f 1568 1567 1569
f 756 760 737
f 756 737 732
f 1570 1568 1569
f 1570 1569 1571
f 752 756 732
f 752 732 726
f 1572 1570 1571
f 1572 1571 1573
f 748 752 726
f 748 726 720
f 1574 1572 1573
f 1574 1573 1575
f 744 748 720
f 744 720 719
f 1576 1574 1575
f 1576 1575 774
f 741 744 719
f 741 719 1577
f 1578 1576 774
f 1578 774 770
f 739 716 1560
f 739 1560 1579
f 736 741 1577
f 736 1577 1580
f 1581 1578 770
f 1581 770 766
f 734 739 1579
f 734 1579 1582
f 730 736 1580
f 730 1580 1583
f 1584 1581 766
f 1584 766 762
f 728 734 1582
f 728 1582 1585
f 724 730 1583
f 724 1583 1586
f 1587 1584 762
f 1587 762 758
f 722 728 1585
f 722 1585 1588
f 715 724 1586
f 715 1586 1559
f 1561 1587 758
f 1561 758 754
f 707 722 1588
f 707 1588 1562
f 718 792 1577
f 718 1577 719
f 796 795 1579
f 796 1579 1560
f 1589 705 708
f 1589 708 1564
f 792 799 1580
f 792 1580 1577
f 795 802 1582
f 795 1582 1579
f 1590 1589 1564
f 1590 1564 1566
f 799 804 1583
f 799 1583 1580
f 802 807 1585
f 802 1585 1582
f 1591 1590 1566
f 1591 1566 1568
f 804 809 1586
f 804 1586 1583
f 807 812 1588
f 807 1588 1585
f 1592 1591 1568
f 1592 1568 1570
f 809 814 1559
f 809 1559 1586
f 812 817 1562
f 812 1562 1588
f 1593 1592 1570
f 1593 1570 1572
f 814 796 1560
f 814 1560 1559
f 817 820 1563
f 817 1563 1562
f 1594 1593 1572
f 1594 1572 1574
f 820 823 1565
f 820 1565 1563
f 1595 1594 1574
f 1595 1574 1576
f 823 780 1567
f 823 1567 1565
f 1596 1595 1576
f 1596 1576 1578
f 780 779 1569
f 780 1569 1567
f 1597 1596 1578
f 1597 1578 1581
f 779 784 1571
f 779 1571 1569
f 1598 1597 1581
f 1598 1581 1584
f 784 786 1573
f 784 1573 1571
f 1599 1598 1584
f 1599 1584 1587
f 786 788 1575
f 786 1575 1573
f 1600 1599 1587
f 1600 1587 1561
f 788 773 774
f 788 774 1575
f 771 1600 1561
f 771 1561 772
f 1402 1406 1404
f 1406 1402 1401
f 1406 1401 1408
f 1408 1401 1430
f 1408 1430 1410
f 1410 1430 1428
f 1410 1428 1414
f 1414 1428 1426
f 1414 1426 1417
f 1417 1426 1424
f 1417 1424 1420
f 1420 1424 1421
f 1420 1421 1423
f 1423 1421 1418
f 1423 1418 1412
f 1412 1418 1413
f 1413 1418 1415
f 1413 1415 1411
f 1413 1411 1416
f 1416 1411 1419
f 1419 1411 1409
f 1419 1409 1422
f 1422 1409 1407
f 1422 1407 1405
f 1422 1405 1425
f 1425 1405 1403
f 1425 1403 1427
f 1427 1403 1429
f 1429 1403 1246
f 1429 1246 1245
f 1530 1526 1528
f 1526 1530 1524
f 1524 1530 1532
f 1524 1532 1522
f 1522 1532 1534
f 1522 1534 1520
f 1520 1534 1536
f 1520 1536 1518
f 1518 1536 1538
f 1518 1538 1516
f 1516 1538 1540
f 1516 1540 1514
f 1514 1540 1542
f 1514 1542 1512
f 1512 1542 1544
f 1512 1544 1510
f 1510 1544 1546
f 1510 1546 1508
f 1508 1546 1548
f 1508 1548 1506
f 1506 1548 1550
f 1506 1550 1504
f 1504 1550 1552
f 1504 1552 1502
f 1502 1552 1554
f 1502 1554 1500
f 1500 1554 1556
f 1500 1556 1498
f 1498 1556 1558
f 1498 1558 1496
f 1496 1558 1434
f 1496 1434 1494
f 1494 1434 1433
f 1494 1433 1492
f 1492 1433 1436
f 1492 1436 1490
f 1490 1436 1438
f 1490 1438 1488
f 1488 1438 1440
f 1488 1440 1486
f 1486 1440 1442
f 1486 1442 1484
f 1484 1442 1444
f 1484 1444 1446
f 1484 1446 1482
f 1482 1446 1448
f 1482 1448 1480
f 1480 1448 1478
f 1478 1448 1450
f 1478 1450 1476
f 1476 1450 1452
f 1476 1452 1454
f 1476 1454 1474
f 1474 1454 1456
f 1474 1456 1472
f 1472 1456 1458
f 1472 1458 1470
f 1470 1458 1460
f 1470 1460 1468
f 1468 1460 1462
f 1468 1462 1466
f 1466 1462 1464
f 576 208 209
f 209 208 576
f 708 707 706
f 706 705 708
f 712 711 710
f 710 709 712
f 716 715 714
f 714 713 716
f 720 719 718
f 718 717 720
f 707 722 721
f 721 706 707
f 715 724 723
f 723 714 715
f 726 720 717
f 717 725 726
f 722 728 727
f 727 721 722
f 724 730 729
f 729 723 724
f 732 726 725
f 725 731 732
f 728 734 733
f 733 727 728
f 730 736 735
f 735 729 730
f 737 732 731
f 731 709 737
f 734 739 738
f 738 733 734
f 736 741 740
f 740 735 736
f 742 737 709
f 709 710 742
f 739 716 713
f 713 738 739
f 741 744 743
f 743 740 741
f 746 742 710
f 710 745 746
f 744 748 747
f 747 743 744
f 750 746 745
f 745 749 750
f 748 752 751
f 751 747 748
f 754 750 749
f 749 753 754
f 752 756 755
f 755 751 752
f 758 754 753
f 753 757 758
f 756 760 759
f 759 755 756
f 762 758 757
f 757 761 762
f 760 764 763
f 763 759 760
f 766 762 761
f 761 765 766
f 764 768 767
f 767 763 764
f 770 766 765
f 765 769 770
f 768 772 771
f 771 767 768
f 774 770 769
f 769 773 774
f 778 777 776
f 776 775 778
f 782 781 780
f 780 779 782
f 783 712 709
f 709 731 783
f 790 775 717
f 717 718 790
f 793 790 718
f 718 792 793
f 800 793 792
f 792 799 800
f 801 794 769
f 769 765 801
f 806 801 765
f 765 761 806
f 808 803 802
f 802 807 808
f 811 806 761
f 761 757 811
f 813 808 807
f 807 812 813
f 816 811 757
f 757 753 816
f 818 813 812
f 812 817 818
f 797 815 814
f 814 796 797
f 819 816 753
f 753 749 819
f 822 819 749
f 749 745 822
f 711 822 745
f 745 710 711
f 830 829 787
f 787 789 830
f 831 778 775
f 775 790 831
f 832 830 789
f 789 791 832
f 833 831 790
f 790 793 833
f 834 832 791
f 791 794 834
f 825 826 797
f 797 798 825
f 835 833 793
f 793 800 835
f 836 834 794
f 794 801 836
f 837 825 798
f 798 803 837
f 838 835 800
f 800 805 838
f 839 836 801
f 801 806 839
f 840 837 803
f 803 808 840
f 841 838 805
f 805 810 841
f 842 839 806
f 806 811 842
f 843 840 808
f 808 813 843
f 844 841 810
f 810 815 844
f 845 842 811
f 811 816 845
f 846 843 813
f 813 818 846
f 826 844 815
f 815 797 826
f 847 845 816
f 816 819 847
f 848 846 818
f 818 821 848
f 849 847 819
f 819 822 849
f 850 848 821
f 821 824 850
f 851 849 822
f 822 711 851
f 852 850 824
f 824 781 852
f 853 851 711
f 711 712 853
f 854 852 781
f 781 782 854
f 855 853 712
f 712 783 855
f 856 854 782
f 782 785 856
f 777 855 783
f 783 776 777
f 829 856 785
f 785 787 829
f 860 859 858
f 858 857 860
f 864 863 834
f 834 836 864
f 868 866 838
f 838 841 868
f 870 868 841
f 841 844 870
f 873 871 845
f 845 847 873
f 875 873 847
f 847 849 875
f 876 874 848
f 848 850 876
f 877 875 849
f 849 851 877
f 878 876 850
f 850 852 878
f 879 877 851
f 851 853 879
f 880 878 852
f 852 854 880
f 881 879 853
f 853 855 881
f 892 891 890
f 890 889 892
f 894 893 868
f 868 870 894
f 896 895 869
f 869 871 896
f 897 860 857
f 857 872 897
f 898 894 870
f 870 827 898
f 899 896 871
f 871 873 899
f 900 897 872
f 872 874 900
f 901 899 873
f 873 875 901
f 902 900 874
f 874 876 902
f 903 901 875
f 875 877 903
f 904 902 876
f 876 878 904
f 905 903 877
f 877 879 905
f 906 904 878
f 878 880 906
f 907 905 879
f 879 881 907
f 908 906 880
f 880 882 908
f 909 907 881
f 881 883 909
f 910 908 882
f 882 884 910
f 911 909 883
f 883 885 911
f 912 910 884
f 884 886 912
f 913 911 885
f 885 887 913
f 914 912 886
f 886 888 914
f 915 913 887
f 887 861 915
f 916 914 888
f 888 863 916
f 917 898 827
f 827 828 917
f 918 915 861
f 861 862 918
f 919 916 863
f 863 864 919
f 920 917 828
f 828 865 920
f 921 918 862
f 862 866 921
f 922 919 864
f 864 867 922
f 859 920 865
f 865 858 859
f 893 921 866
f 866 868 893
f 895 922 867
f 867 869 895
f 898 917 924
f 924 923 898
f 917 920 925
f 925 924 917
f 920 859 926
f 926 925 920
f 859 860 927
f 927 926 859
f 860 897 928
f 928 927 860
f 897 900 929
f 929 928 897
f 912 914 936
f 936 935 912
f 914 916 937
f 937 936 914
f 916 919 938
f 938 937 916
f 919 922 939
f 939 938 919
f 922 895 940
f 940 939 922
f 895 896 941
f 941 940 895
f 896 899 942
f 942 941 896
f 899 901 943
f 943 942 899
f 901 903 944
f 944 943 901
f 911 913 947
f 947 946 911
f 921 893 951
f 951 950 921
f 893 894 952
f 952 951 893
f 894 898 923
f 923 952 894
f 954 953 952
f 952 923 954
f 956 955 933
f 933 934 956
f 957 892 889
f 889 946 957
f 958 956 934
f 934 935 958
f 959 957 946
f 946 947 959
f 960 958 935
f 935 936 960
f 961 959 947
f 947 948 961
f 962 960 936
f 936 937 962
f 963 961 948
f 948 949 963
f 964 962 937
f 937 938 964
f 968 967 966
f 966 965 968
f 969 963 949
f 949 950 969
f 970 964 938
f 938 939 970
f 972 971 925
f 925 926 972
f 973 969 950
f 950 951 973
f 974 970 939
f 939 940 974
f 975 972 926
f 926 927 975
f 953 973 951
f 951 952 953
f 976 974 940
f 940 941 976
f 977 975 927
f 927 928 977
f 978 976 941
f 941 942 978
f 979 977 928
f 928 929 979
f 971 980 924
f 924 925 971
f 981 978 942
f 942 943 981
f 982 979 929
f 929 930 982
f 983 981 943
f 943 944 983
f 984 982 930
f 930 931 984
f 985 983 944
f 944 945 985
f 986 984 931
f 931 932 986
f 891 985 945
f 945 890 891
f 955 986 932
f 932 933 955
f 990 989 988
f 988 987 990
f 992 991 989
f 989 990 992
f 994 993 991
f 991 992 994
f 954 980 993
f 993 994 954
f 989 996 995
f 995 988 989
f 991 997 996
f 996 989 991
f 993 998 997
f 997 991 993
f 980 971 998
f 998 993 980
f 996 1000 999
f 999 995 996
f 997 1001 1000
f 1000 996 997
f 998 1002 1001
f 1001 997 998
f 971 972 1002
f 1002 998 971
f 1000 1004 1003
f 1003 999 1000
f 1001 1005 1004
f 1004 1000 1001
f 1002 1006 1005
f 1005 1001 1002
f 972 975 1006
f 1006 1002 972
f 1004 1008 1007
f 1007 1003 1004
f 1005 1009 1008
f 1008 1004 1005
f 1006 1010 1009
f 1009 1005 1006
f 975 977 1010
f 1010 1006 975
f 1008 1012 1011
f 1011 1007 1008
f 1009 1013 1012
f 1012 1008 1009
f 1010 1014 1013
f 1013 1009 1010
f 977 979 1014
f 1014 1010 977
f 1012 1016 1015
f 1015 1011 1012
f 1013 1017 1016
f 1016 1012 1013
f 1014 1018 1017
f 1017 1013 1014
f 979 982 1018
f 1018 1014 979
f 1016 1020 1019
f 1019 1015 1016
f 1017 1021 1020
f 1020 1016 1017
f 1018 1022 1021
f 1021 1017 1018
f 982 984 1022
f 1022 1018 982
f 1020 1024 1023
f 1023 1019 1020
f 1021 1025 1024
f 1024 1020 1021
f 1022 1026 1025
f 1025 1021 1022
f 984 986 1026
f 1026 1022 984
f 1024 1028 1027
f 1027 1023 1024
f 1025 1029 1028
f 1028 1024 1025
f 1026 1030 1029
f 1029 1025 1026
f 986 955 1030
f 1030 1026 986
f 1028 1032 1031
f 1031 1027 1028
f 1029 1033 1032
f 1032 1028 1029
f 1030 1034 1033
f 1033 1029 1030
f 955 956 1034
f 1034 1030 955
f 1032 1036 1035
f 1035 1031 1032
f 1033 1037 1036
f 1036 1032 1033
f 1034 1038 1037
f 1037 1033 1034
f 956 958 1038
f 1038 1034 956
f 1036 1040 1039
f 1039 1035 1036
f 1037 1041 1040
f 1040 1036 1037
f 1038 1042 1041
f 1041 1037 1038
f 958 960 1042
f 1042 1038 958
f 1040 1044 1043
f 1043 1039 1040
f 1041 1045 1044
f 1044 1040 1041
f 1042 1046 1045
f 1045 1041 1042
f 960 962 1046
f 1046 1042 960
f 1044 1048 1047
f 1047 1043 1044
f 1045 1049 1048
f 1048 1044 1045
f 1046 1050 1049
f 1049 1045 1046
f 962 964 1050
f 1050 1046 962
f 1048 1052 1051
f 1051 1047 1048
f 1049 1053 1052
f 1052 1048 1049
f 1050 1054 1053
f 1053 1049 1050
f 964 970 1054
f 1054 1050 964
f 1052 1056 1055
f 1055 1051 1052
f 1053 1057 1056
f 1056 1052 1053
f 1054 1058 1057
f 1057 1053 1054
f 970 974 1058
f 1058 1054 970
f 1056 1060 1059
f 1059 1055 1056
f 1057 1061 1060
f 1060 1056 1057
f 1058 1062 1061
f 1061 1057 1058
f 974 976 1062
f 1062 1058 974
f 1060 1064 1063
f 1063 1059 1060
f 1061 1065 1064
f 1064 1060 1061
f 1062 1066 1065
f 1065 1061 1062
f 976 978 1066
f 1066 1062 976
f 1064 1068 1067
f 1067 1063 1064
f 1065 1069 1068
f 1068 1064 1065
f 1066 1070 1069
f 1069 1065 1066
f 978 981 1070
f 1070 1066 978
f 1068 1072 1071
f 1071 1067 1068
f 1069 1073 1072
f 1072 1068 1069
f 1070 1074 1073
f 1073 1069 1070
f 981 983 1074
f 1074 1070 981
f 1072 1076 1075
f 1075 1071 1072
f 1073 1077 1076
f 1076 1072 1073
f 1074 1078 1077
f 1077 1073 1074
f 983 985 1078
f 1078 1074 983
f 1076 1080 1079
f 1079 1075 1076
f 1077 1081 1080
f 1080 1076 1077
f 1078 1082 1081
f 1081 1077 1078
f 985 891 1082
f 1082 1078 985
f 1080 1084 1083
f 1083 1079 1080
f 1081 1085 1084
f 1084 1080 1081
f 1082 1086 1085
f 1085 1081 1082
f 891 892 1086
f 1086 1082 891
f 1084 1088 1087
f 1087 1083 1084
f 1085 1089 1088
f 1088 1084 1085
f 1086 1090 1089
f 1089 1085 1086
f 892 957 1090
f 1090 1086 892
f 1088 1092 1091
f 1091 1087 1088
f 1089 1093 1092
f 1092 1088 1089
f 1090 1094 1093
f 1093 1089 1090
f 957 959 1094
f 1094 1090 957
f 1092 1096 1095
f 1095 1091 1092
f 1093 1097 1096
f 1096 1092 1093
f 1094 1098 1097
f 1097 1093 1094
f 959 961 1098
f 1098 1094 959
f 1096 1100 1099
f 1099 1095 1096
f 1097 1101 1100
f 1100 1096 1097
f 1098 1102 1101
f 1101 1097 1098
f 961 963 1102
f 1102 1098 961
f 1100 1104 1103
f 1103 1099 1100
f 1101 1105 1104
f 1104 1100 1101
f 1102 1106 1105
f 1105 1101 1102
f 963 969 1106
f 1106 1102 963
f 1104 1108 1107
f 1107 1103 1104
f 1105 1109 1108
f 1108 1104 1105
f 1106 1110 1109
f 1109 1105 1106
f 969 973 1110
f 1110 1106 969
f 1108 1112 1111
f 1111 1107 1108
f 1109 1113 1112
f 1112 1108 1109
f 1110 1114 1113
f 1113 1109 1110
f 973 953 1114
f 1114 1110 973
f 1112 990 987
f 987 1111 1112
f 1113 992 990
f 990 1112 1113
f 1114 994 992
f 992 1113 1114
f 953 954 994
f 994 1114 953
f 980 954 923
f 923 924 980
f 987 988 1116
f 1116 1115 987
f 988 995 1117
f 1117 1116 988
f 995 999 1118
f 1118 1117 995
f 999 1003 1119
f 1119 1118 999
f 1120 1152 1151
f 1151 1119 1120
f 1007 1011 1121
f 1121 1120 1007
f 1003 1007 1120
f 1120 1119 1003
f 1011 1015 1122
f 1122 1121 1011
f 1031 1035 1127
f 1127 1126 1031
f 1035 1039 1128
f 1128 1127 1035
f 1039 1043 1129
f 1129 1128 1039
f 1043 1047 1130
f 1130 1129 1043
f 1047 1051 1131
f 1131 1130 1047
f 1051 1055 1132
f 1132 1131 1051
f 1055 1059 1133
f 1133 1132 1055
f 1059 1063 1134
f 1134 1133 1059
f 1063 1067 1135
f 1135 1134 1063
f 1067 1071 1136
f 1136 1135 1067
f 1099 1103 1144
f 1144 1143 1099
f 1103 1107 1145
f 1145 1144 1103
f 1107 1111 1146
f 1146 1145 1107
f 1111 987 1115
f 1115 1146 1111
f 1115 1116 1148
f 1148 1147 1115
f 1116 1117 1149
f 1149 1148 1116
f 1117 1118 1150
f 1150 1149 1117
f 1118 1119 1151
f 1151 1150 1118
f 1120 1121 1153
f 1153 1152 1120
f 1121 1122 1154
f 1154 1153 1121
f 1122 1123 1155
f 1155 1154 1122
f 1124 1125 1157
f 1157 1156 1124
f 1125 1126 1158
f 1158 1157 1125
f 1126 1127 1159
f 1159 1158 1126
f 1127 1128 1160
f 1160 1159 1127
f 1128 1129 1161
f 1161 1160 1128
f 1129 1130 1162
f 1162 1161 1129
f 1130 1131 1163
f 1163 1162 1130
f 1131 1132 1164
f 1164 1163 1131
f 1132 1133 1165
f 1165 1164 1132
f 1133 1134 1166
f 1166 1165 1133
f 1134 1135 1167
f 1167 1166 1134
f 1135 1136 966
f 966 1167 1135
f 1137 1138 1168
f 1168 965 1137
f 1139 1140 1170
f 1170 1169 1139
f 1140 1141 1171
f 1171 1170 1140
f 1141 1142 1172
f 1172 1171 1141
f 1142 1143 1173
f 1173 1172 1142
f 1143 1144 1174
f 1174 1173 1143
f 1144 1145 1175
f 1175 1174 1144
f 1145 1146 1176
f 1176 1175 1145
f 1146 1115 1147
f 1147 1176 1146
f 1180 1179 1178
f 1178 1177 1180
f 1182 1181 1155
f 1155 1156 1182
f 1183 968 965
f 965 1168 1183
f 1184 1182 1156
f 1156 1157 1184
f 1185 1183 1168
f 1168 1169 1185
f 1186 1184 1157
f 1157 1158 1186
f 1187 1185 1169
f 1169 1170 1187
f 1188 1186 1158
f 1158 1159 1188
f 1189 1187 1170
f 1170 1171 1189
f 1190 1188 1159
f 1159 1160 1190
f 1191 1189 1171
f 1171 1172 1191
f 1192 1190 1160
f 1160 1161 1192
f 1194 1193 1147
f 1147 1148 1194
f 1195 1191 1172
f 1172 1173 1195
f 1196 1192 1161
f 1161 1162 1196
f 1197 1194 1148
f 1148 1149 1197
f 1198 1195 1173
f 1173 1174 1198
f 1199 1196 1162
f 1162 1163 1199
f 1200 1197 1149
f 1149 1150 1200
f 1201 1198 1174
f 1174 1175 1201
f 1202 1199 1163
f 1163 1164 1202
f 1203 1200 1150
f 1150 1151 1203
f 1204 1201 1175
f 1175 1176 1204
f 1205 1202 1164
f 1164 1165 1205
f 1206 1203 1151
f 1151 1152 1206
f 1193 1204 1176
f 1176 1147 1193
f 1207 1205 1165
f 1165 1166 1207
f 1208 1206 1152
f 1152 1153 1208
f 1209 1207 1166
f 1166 1167 1209
f 1210 1208 1153
f 1153 1154 1210
f 967 1209 1167
f 1167 966 967
f 1181 1210 1154
f 1154 1155 1181
f 1193 1194 1212
f 1212 1211 1193
f 1194 1197 1213
f 1213 1212 1194
f 1197 1200 1214
f 1214 1213 1197
f 1206 1208 1217
f 1217 1216 1206
f 1181 1182 1220
f 1220 1219 1181
f 1182 1184 1221
f 1221 1220 1182
f 1192 1196 1226
f 1226 1225 1192
f 1196 1199 1227
f 1227 1226 1196
f 1199 1202 1228
f 1228 1227 1199
f 1202 1205 1229
f 1229 1228 1202
f 1205 1207 1230
f 1230 1229 1205
f 1207 1209 1231
f 1231 1230 1207
f 1209 967 1232
f 1232 1231 1209
f 1183 1185 1235
f 1235 1234 1183
f 1201 1204 1242
f 1242 1241 1201
f 1204 1193 1211
f 1211 1242 1204
f 1246 1245 1244
f 1244 1243 1246
f 1250 1249 1248
f 1248 1247 1250
f 1252 1180 1177
f 1177 1251 1252
f 1254 1250 1247
f 1247 1253 1254
f 1256 1252 1251
f 1251 1255 1256
f 1258 1254 1253
f 1253 1257 1258
f 1260 1256 1255
f 1255 1259 1260
f 1262 1258 1257
f 1257 1261 1262
f 1264 1260 1259
f 1259 1263 1264
f 1266 1262 1261
f 1261 1265 1266
f 1268 1264 1263
f 1263 1267 1268
f 1270 1266 1265
f 1265 1269 1270
f 1272 1268 1267
f 1267 1271 1272
f 1274 1270 1269
f 1269 1273 1274
f 1276 1272 1271
f 1271 1275 1276
f 1278 1274 1273
f 1273 1277 1278
f 1280 1276 1275
f 1275 1279 1280
f 1284 1283 1282
f 1282 1281 1284
f 1286 1278 1277
f 1277 1285 1286
f 1288 1280 1279
f 1279 1287 1288
f 1290 1284 1281
f 1281 1289 1290
f 1292 1286 1285
f 1285 1291 1292
f 1294 1288 1287
f 1287 1293 1294
f 1296 1290 1289
f 1289 1295 1296
f 1298 1292 1291
f 1291 1297 1298
f 1300 1294 1293
f 1293 1299 1300
f 1302 1296 1295
f 1295 1301 1302
f 1304 1298 1297
f 1297 1303 1304
f 1306 1300 1299
f 1299 1305 1306
f 1179 1302 1301
f 1301 1178 1179
f 1283 1304 1303
f 1303 1282 1283
f 1249 1306 1305
f 1305 1248 1249
f 1248 1305 1308
f 1308 1307 1248
f 1282 1303 1310
f 1310 1309 1282
f 1178 1301 1312
f 1312 1311 1178
f 1305 1299 1313
f 1313 1308 1305
f 1303 1297 1314
f 1314 1310 1303
f 1301 1295 1315
f 1315 1312 1301
f 1299 1293 1316
f 1316 1313 1299
f 1297 1291 1317
f 1317 1314 1297
f 1295 1289 1318
f 1318 1315 1295
f 1293 1287 1319
f 1319 1316 1293
f 1291 1285 1320
f 1320 1317 1291
f 1289 1281 1321
f 1321 1318 1289
f 1287 1279 1322
f 1322 1319 1287
f 1285 1277 1323
f 1323 1320 1285
f 1281 1282 1309
f 1309 1321 1281
f 1279 1275 1324
f 1324 1322 1279
f 1277 1273 1325
f 1325 1323 1277
f 1275 1271 1326
f 1326 1324 1275
f 1273 1269 1327
f 1327 1325 1273
f 1271 1267 1328
f 1328 1326 1271
f 1269 1265 1329
f 1329 1327 1269
f 1267 1263 1330
f 1330 1328 1267
f 1265 1261 1331
f 1331 1329 1265
f 1263 1259 1332
f 1332 1330 1263
f 1261 1257 1333
f 1333 1331 1261
f 1259 1255 1334
f 1334 1332 1259
f 1257 1253 1335
f 1335 1333 1257
f 1255 1251 1336
f 1336 1334 1255
f 1253 1247 1337
f 1337 1335 1253
f 1251 1177 1338
f 1338 1336 1251
f 1247 1248 1307
f 1307 1337 1247
f 1177 1178 1311
f 1311 1338 1177
f 1340 1339 1216
f 1216 1217 1340
f 1342 1341 1230
f 1230 1231 1342
f 1343 1340 1217
f 1217 1218 1343
f 1344 1342 1231
f 1231 1232 1344
f 1345 1343 1218
f 1218 1219 1345
f 1346 1344 1232
f 1232 1233 1346
f 1347 1345 1219
f 1219 1220 1347
f 1348 1346 1233
f 1233 1234 1348
f 1349 1347 1220
f 1220 1221 1349
f 1350 1348 1234
f 1234 1235 1350
f 1351 1349 1221
f 1221 1222 1351
f 1352 1350 1235
f 1235 1236 1352
f 1353 1351 1222
f 1222 1223 1353
f 1354 1352 1236
f 1236 1237 1354
f 1355 1353 1223
f 1223 1224 1355
f 1356 1354 1237
f 1237 1238 1356
f 1357 1355 1224
f 1224 1225 1357
f 1359 1358 1211
f 1211 1212 1359
f 1360 1356 1238
f 1238 1239 1360
f 1361 1357 1225
f 1225 1226 1361
f 1362 1359 1212
f 1212 1213 1362
f 1363 1360 1239
f 1239 1240 1363
f 1364 1361 1226
f 1226 1227 1364
f 1365 1362 1213
f 1213 1214 1365
f 1366 1363 1240
f 1240 1241 1366
f 1367 1364 1227
f 1227 1228 1367
f 1368 1365 1214
f 1214 1215 1368
f 1369 1366 1241
f 1241 1242 1369
f 1370 1367 1228
f 1228 1229 1370
f 1339 1368 1215
f 1215 1216 1339
f 1358 1369 1242
f 1242 1211 1358
f 1341 1370 1229
f 1229 1230 1341
f 1338 1311 1339
f 1339 1340 1338
f 1337 1307 1341
f 1341 1342 1337
f 1336 1338 1340
f 1340 1343 1336
f 1335 1337 1342
f 1342 1344 1335
f 1334 1336 1343
f 1343 1345 1334
f 1333 1335 1344
f 1344 1346 1333
f 1332 1334 1345
f 1345 1347 1332
f 1331 1333 1346
f 1346 1348 1331
f 1330 1332 1347
f 1347 1349 1330
f 1329 1331 1348
f 1348 1350 1329
f 1328 1330 1349
f 1349 1351 1328
f 1327 1329 1350
f 1350 1352 1327
f 1326 1328 1351
f 1351 1353 1326
f 1325 1327 1352
f 1352 1354 1325
f 1324 1326 1353
f 1353 1355 1324
f 1323 1325 1354
f 1354 1356 1323
f 1322 1324 1355
f 1355 1357 1322
f 1321 1309 1358
f 1358 1359 1321
f 1320 1323 1356
f 1356 1360 1320
f 1319 1322 1357
f 1357 1361 1319
f 1318 1321 1359
f 1359 1362 1318
f 1317 1320 1360
f 1360 1363 1317
f 1316 1319 1361
f 1361 1364 1316
f 1315 1318 1362
f 1362 1365 1315
f 1314 1317 1363
f 1363 1366 1314
f 1313 1316 1364
f 1364 1367 1313
f 1312 1315 1365
f 1365 1368 1312
f 1310 1314 1366
f 1366 1369 1310
f 1308 1313 1367
f 1367 1370 1308
f 1311 1312 1368
f 1368 1339 1311
f 1309 1310 1369
f 1369 1358 1309
f 1307 1308 1370
f 1370 1341 1307
f 1283 1284 1372
f 1372 1371 1283
f 1284 1290 1373
f 1373 1372 1284
f 1290 1296 1374
f 1374 1373 1290
f 1296 1302 1375
f 1375 1374 1296
f 1302 1179 1376
f 1376 1375 1302
f 1179 1180 1377
f 1377 1376 1179
f 1180 1252 1378
f 1378 1377 1180
f 1252 1256 1244
f 1244 1378 1252
f 1256 1260 1243
f 1243 1244 1256
f 1260 1264 1379
f 1379 1243 1260
f 1264 1268 1380
f 1380 1379 1264
f 1268 1272 1381
f 1381 1380 1268
f 1272 1276 1382
f 1382 1381 1272
f 1276 1280 1383
f 1383 1382 1276
f 1280 1288 1384
f 1384 1383 1280
f 1288 1294 1385
f 1385 1384 1288
f 1294 1300 1386
f 1386 1385 1294
f 1300 1306 1387
f 1387 1386 1300
f 1306 1249 1388
f 1388 1387 1306
f 1249 1250 1389
f 1389 1388 1249
f 1250 1254 1390
f 1390 1389 1250
f 1254 1258 1391
f 1391 1390 1254
f 1258 1262 1392
f 1392 1391 1258
f 1262 1266 1393
f 1393 1392 1262
f 1266 1270 1394
f 1394 1393 1266
f 1270 1274 1395
f 1395 1394 1270
f 1274 1278 1396
f 1396 1395 1274
f 1278 1286 1397
f 1397 1396 1278
f 1286 1292 1398
f 1398 1397 1286
f 1292 1298 1399
f 1399 1398 1292
f 1298 1304 1400
f 1400 1399 1298
f 1304 1283 1371
f 1371 1400 1304
f 1402 1401 1391
f 1391 1392 1402
f 1403 1246 1243
f 1243 1379 1403
f 1404 1402 1392
f 1392 1393 1404
f 1405 1403 1379
f 1379 1380 1405
f 1406 1404 1393
f 1393 1394 1406
f 1407 1405 1380
f 1380 1381 1407
f 1408 1406 1394
f 1394 1395 1408
f 1409 1407 1381
f 1381 1382 1409
f 1410 1408 1395
f 1395 1396 1410
f 1411 1409 1382
f 1382 1383 1411
f 1413 1412 1371
f 1371 1372 1413
f 1414 1410 1396
f 1396 1397 1414
f 1415 1411 1383
f 1383 1384 1415
f 1416 1413 1372
f 1372 1373 1416
f 1417 1414 1397
f 1397 1398 1417
f 1418 1415 1384
f 1384 1385 1418
f 1419 1416 1373
f 1373 1374 1419
f 1420 1417 1398
f 1398 1399 1420
f 1421 1418 1385
f 1385 1386 1421
f 1422 1419 1374
f 1374 1375 1422
f 1423 1420 1399
f 1399 1400 1423
f 1424 1421 1386
f 1386 1387 1424
f 1425 1422 1375
f 1375 1376 1425
f 1412 1423 1400
f 1400 1371 1412
f 1426 1424 1387
f 1387 1388 1426
f 1427 1425 1376
f 1376 1377 1427
f 1428 1426 1388
f 1388 1389 1428
f 1429 1427 1377
f 1377 1378 1429
f 1430 1428 1389
f 1389 1390 1430
f 1245 1429 1378
f 1378 1244 1245
f 1401 1430 1390
f 1390 1391 1401
f 1560 1559 715
f 715 716 1560
f 750 754 1561
f 1561 772 750
f 1563 1562 707
f 707 708 1563
f 746 750 772
f 772 768 746
f 1565 1563 708
f 708 1564 1565
f 742 746 768
f 768 764 742
f 1567 1565 1564
f 1564 1566 1567
f 737 742 764
f 764 760 737
f 1569 1567 1566
f 1566 1568 1569
f 732 737 760
f 760 756 732
f 1571 1569 1568
f 1568 1570 1571
f 726 732 756
f 756 752 726
f 1573 1571 1570
f 1570 1572 1573
f 720 726 752
f 752 748 720
f 1575 1573 1572
f 1572 1574 1575
f 719 720 748
f 748 744 719
f 774 1575 1574
f 1574 1576 774
f 1577 719 744
f 744 741 1577
f 770 774 1576
f 1576 1578 770
f 1579 1560 716
f 716 739 1579
f 1580 1577 741
f 741 736 1580
f 766 770 1578
f 1578 1581 766
f 1582 1579 739
f 739 734 1582
f 1583 1580 736
f 736 730 1583
f 762 766 1581
f 1581 1584 762
f 1585 1582 734
f 734 728 1585
f 1586 1583 730
f 730 724 1586
f 758 762 1584
f 1584 1587 758
f 1588 1585 728
f 728 722 1588
f 1559 1586 724
f 724 715 1559
f 754 758 1587
f 1587 1561 754
f 1562 1588 722
f 722 707 1562
f 719 1577 792
f 792 718 719
f 1560 1579 795
f 795 796 1560
f 1564 708 705
f 705 1589 1564
f 1577 1580 799
f 799 792 1577
f 1579 1582 802
f 802 795 1579
f 1566 1564 1589
f 1589 1590 1566
f 1580 1583 804
f 804 799 1580
f 1582 1585 807
f 807 802 1582
f 1568 1566 1590
f 1590 1591 1568
f 1583 1586 809
f 809 804 1583
f 1585 1588 812
f 812 807 1585
f 1570 1568 1591
f 1591 1592 1570
f 1586 1559 814
f 814 809 1586
f 1588 1562 817
f 817 812 1588
f 1572 1570 1592
f 1592 1593 1572
f 1559 1560 796
f 796 814 1559
f 1562 1563 820
f 820 817 1562
f 1574 1572 1593
f 1593 1594 1574
f 1563 1565 823
f 823 820 1563
f 1576 1574 1594
f 1594 1595 1576
f 1565 1567 780
f 780 823 1565
f 1578 1576 1595
f 1595 1596 1578
f 1567 1569 779
f 779 780 1567
f 1581 1578 1596
f 1596 1597 1581
f 1569 1571 784
f 784 779 1569
f 1584 1581 1597
f 1597 1598 1584
f 1571 1573 786
f 786 784 1571
f 1587 1584 1598
f 1598 1599 1587
f 1573 1575 788
f 788 786 1573
f 1561 1587 1599
f 1599 1600 1561
f 1575 774 773
f 773 788 1575
f 772 1561 1600
f 1600 771 772