variant_id,object_id,stored_run1,stored_run2,stored_delta,usable_frac_run1,usable_frac_run2,usable_frac_delta,success_rate_run1,success_rate_run2,success_rate_delta
1460,4,96,4,-92,0.75,0.2222222222222222,-0.5277777777777778,0.9696969696969697,0.8571428571428571,-0.11255411255411263
1368,18,96,6,-90,0.6808510638297872,0.3,-0.38085106382978723,0.986013986013986,0.9523809523809523,-0.033633033633033715
1169,1,92,4,-88,0.8598130841121495,0.25,-0.6098130841121495,0.963963963963964,0.9411764705882353,-0.022787493375728718
364,25,96,8,-88,0.7741935483870968,0.42105263157894735,-0.3531409168081494,0.7251461988304093,0.95,0.22485380116959064
1611,15,96,8,-88,0.768,0.4444444444444444,-0.3235555555555556,0.9541984732824428,1.0,0.04580152671755722
1585,1,96,8,-88,0.676056338028169,0.42105263157894735,-0.25500370644922166,0.9861111111111112,0.95,-0.036111111111111205
1207,30,92,5,-87,0.7301587301587301,0.29411764705882354,-0.4360410830999066,0.9473684210526315,0.8947368421052632,-0.05263157894736836
875,24,93,6,-87,0.7380952380952381,0.3333333333333333,-0.4047619047619048,0.9692307692307692,0.9,-0.0692307692307692
32,9,95,8,-87,0.7142857142857143,0.4,-0.3142857142857143,0.9708029197080292,0.8695652173913043,-0.10123770231672491
713,3,95,8,-87,0.6934306569343066,0.42105263157894735,-0.27237802535535927,0.9927536231884058,1.0,0.007246376811594235
213,18,96,9,-87,0.6906474820143885,0.42857142857142855,-0.26207605344296,0.9788732394366197,0.9130434782608695,-0.06582976117575023
1085,22,96,9,-87,0.6713286713286714,0.42857142857142855,-0.2427572427572428,0.9727891156462585,1.0,0.027210884353741527
238,23,96,9,-87,0.6666666666666666,0.42857142857142855,-0.23809523809523808,0.993103448275862,0.9545454545454546,-0.03855799373040747
686,11,96,9,-87,0.6575342465753424,0.45,-0.20753424657534242,0.863905325443787,0.9090909090909091,0.04518558364712211
291,4,96,9,-87,0.7007299270072993,0.5,-0.2007299270072993,0.9785714285714285,1.0,0.021428571428571463
851,14,95,9,-86,0.7196969696969697,0.5,-0.21969696969696972,0.9428571428571428,0.9,-0.042857142857142816
1267,5,96,10,-86,0.6857142857142857,0.5,-0.18571428571428572,0.8284023668639053,0.8695652173913043,0.041162850527398986
472,9,95,10,-85,0.7037037037037037,0.5,-0.20370370370370372,0.9,0.9523809523809523,0.052380952380952306
1367,6,96,11,-85,0.7111111111111111,0.5238095238095238,-0.1873015873015873,1.0,0.9130434782608695,-0.08695652173913049
596,10,95,10,-85,0.6597222222222222,0.5,-0.1597222222222222,0.9171974522292994,0.9090909090909091,-0.00810654313839032
816,16,90,6,-84,0.6617647058823529,0.3,-0.36176470588235293,0.9645390070921985,1.0,0.03546099290780147
73,27,91,7,-84,0.6319444444444444,0.35,-0.28194444444444444,0.8944099378881988,0.9523809523809523,0.05797101449275355
1360,24,92,8,-84,0.6174496644295302,0.4,-0.21744966442953018,0.9675324675324676,1.0,0.03246753246753242
1864,17,95,11,-84,0.7251908396946565,0.5238095238095238,-0.20138131588513264,1.0,1.0,0.0
275,5,95,11,-84,0.7089552238805971,0.5789473684210527,-0.1300078554595444,0.8933333333333333,1.0,0.10666666666666669
1268,18,96,12,-84,0.7111111111111111,0.631578947368421,-0.07953216374269012,0.9926470588235294,0.95,-0.04264705882352948
1508,15,96,12,-84,0.6,0.5454545454545454,-0.054545454545454564,0.9142857142857143,1.0,0.08571428571428574
688,9,90,7,-83,0.7086614173228346,0.4117647058823529,-0.2968967114404817,0.9694656488549618,0.9444444444444444,-0.02502120441051736
723,30,94,11,-83,0.7833333333333333,0.55,-0.23333333333333328,0.967741935483871,1.0,0.032258064516129004
26,8,92,9,-83,0.6388888888888888,0.4090909090909091,-0.22979797979797972,0.9795918367346939,1.0,0.020408163265306145
108,20,92,9,-83,0.5935483870967742,0.391304347826087,-0.20224403927068718,0.9872611464968153,1.0,0.01273885350318471
868,11,92,9,-83,0.6301369863013698,0.42857142857142855,-0.20156555772994128,0.8538011695906432,0.9545454545454546,0.10074428495481136
1127,29,94,11,-83,0.6762589928057554,0.5789473684210527,-0.09731162438470276,0.9455782312925171,1.0,0.05442176870748294
1724,15,93,10,-83,0.6,0.5555555555555556,-0.0444444444444444,0.9935897435897436,0.9,-0.09358974358974359
1979,27,87,5,-82,0.7372881355932204,0.29411764705882354,-0.44317048853439683,0.9365079365079365,1.0,0.06349206349206349
2013,22,87,5,-82,0.725,0.35714285714285715,-0.3678571428571428,0.975609756097561,0.875,-0.10060975609756095
97,27,87,5,-82,0.5878378378378378,0.22727272727272727,-0.36056511056511054,0.9367088607594937,1.0,0.06329113924050633
1663,14,90,8,-82,0.7377049180327869,0.42105263157894735,-0.3166522864538396,0.9682539682539683,1.0,0.031746031746031744
899,20,90,8,-82,0.7142857142857143,0.4,-0.3142857142857143,0.9767441860465116,1.0,0.023255813953488413
811,16,90,8,-82,0.782608695652174,0.5,-0.28260869565217395,0.9829059829059829,0.8888888888888888,-0.09401709401709402
292,4,90,8,-82,0.6,0.34782608695652173,-0.25217391304347825,0.8670520231213873,0.9583333333333334,0.09128131021194608
0,7,90,8,-82,0.6428571428571429,0.42105263157894735,-0.22180451127819556,1.0,0.95,-0.050000000000000044
918,3,91,9,-82,0.6642335766423357,0.47368421052631576,-0.19054936611601997,0.9716312056737588,0.95,-0.02163120567375887
1801,18,94,12,-82,0.7121212121212122,0.6,-0.11212121212121218,0.9850746268656716,0.9523809523809523,-0.03269367448471927
1622,8,92,10,-82,0.5935483870967742,0.5,-0.09354838709677415,0.9567901234567902,1.0,0.043209876543209846
1978,9,95,13,-82,0.6597222222222222,0.6842105263157895,0.02448830409356728,0.9473684210526315,1.0,0.052631578947368474
1841,22,87,6,-81,0.7909090909090909,0.375,-0.4159090909090909,0.9401709401709402,0.8888888888888888,-0.05128205128205132
207,22,86,5,-81,0.671875,0.2777777777777778,-0.3940972222222222,0.9846153846153847,1.0,0.01538461538461533
742,5,86,5,-81,0.6615384615384615,0.29411764705882354,-0.367420814479638,0.9219858156028369,0.85,-0.0719858156028369
1004,20,87,6,-81,0.6796875,0.3333333333333333,-0.3463541666666667,0.9922480620155039,0.9473684210526315,-0.044879640962872336
70,3,88,7,-81,0.6330935251798561,0.30434782608695654,-0.3287456990928995,0.9586206896551724,0.8846153846153846,-0.07400530503978786
547,23,87,6,-81,0.5878378378378378,0.2727272727272727,-0.3151105651105651,0.8457142857142858,1.0,0.15428571428571425
131,18,87,6,-81,0.6304347826086957,0.3157894736842105,-0.31464530892448517,0.9928057553956835,1.0,0.007194244604316502
740,10,89,8,-81,0.7355371900826446,0.47058823529411764,-0.264948954788527,0.9453125,0.9444444444444444,-0.0008680555555555802
478,1,91,10,-81,0.7398373983739838,0.5263157894736842,-0.2135216089002996,0.9318181818181818,0.95,0.018181818181818188
831,8,90,9,-81,0.5625,0.42857142857142855,-0.13392857142857145,0.9411764705882353,0.9545454545454546,0.013368983957219305
552,7,94,13,-81,0.6103896103896104,0.65,0.03961038961038965,0.9685534591194969,0.9523809523809523,-0.016172506738544534
420,17,88,8,-80,0.7652173913043478,0.4444444444444444,-0.32077294685990343,0.9583333333333334,1.0,0.04166666666666663
222,27,85,5,-80,0.648854961832061,0.3333333333333333,-0.3155216284987277,0.9632352941176471,0.8333333333333334,-0.1299019607843137
267,13,87,7,-80,0.6796875,0.3684210526315789,-0.3112664473684211,0.9846153846153847,1.0,0.01538461538461533
541,27,88,8,-80,0.7521367521367521,0.4444444444444444,-0.3076923076923077,0.9831932773109243,1.0,0.01680672268907568
965,6,89,9,-80,0.7063492063492064,0.42857142857142855,-0.27777777777777785,0.9402985074626866,0.9545454545454546,0.014246947082767969
1012,14,89,9,-80,0.6742424242424242,0.42857142857142855,-0.24567099567099565,0.9705882352941176,0.9545454545454546,-0.016042780748663055
1891,1,88,8,-80,0.6666666666666666,0.42105263157894735,-0.24561403508771928,0.9924812030075187,1.0,0.007518796992481258
595,7,86,6,-80,0.5276073619631901,0.2857142857142857,-0.24189307624890444,0.9421965317919075,0.9545454545454546,0.012348922753547042
1053,20,87,7,-80,0.5918367346938775,0.35,-0.24183673469387756,0.9545454545454546,1.0,0.045454545454545414
282,27,86,6,-80,0.5212121212121212,0.2857142857142857,-0.23549783549783554,0.8870967741935484,0.9130434782608695,0.025946704067321136
1910,19,89,9,-80,0.7235772357723578,0.5,-0.22357723577235777,0.9761904761904762,1.0,0.023809523809523836
873,31,90,10,-80,0.6766917293233082,0.47619047619047616,-0.20050125313283207,0.875,1.0,0.125
169,5,89,9,-80,0.644927536231884,0.45,-0.19492753623188402,0.971830985915493,0.9523809523809523,-0.019450033534540667
339,8,89,9,-80,0.664179104477612,0.47368421052631576,-0.1904948939512962,0.9640287769784173,0.95,-0.014028776978417312
1562,23,88,8,-80,0.5945945945945946,0.42105263157894735,-0.17354196301564728,0.9673202614379085,0.95,-0.017320261437908546
693,10,89,9,-80,0.6402877697841727,0.47368421052631576,-0.16660355925785691,0.9205298013245033,0.95,0.029470198675496606
1373,31,91,11,-80,0.6319444444444444,0.5238095238095238,-0.10813492063492058,0.8944099378881988,0.9545454545454546,0.060135516657255805
2038,17,83,4,-79,0.7155172413793104,0.25,-0.4655172413793104,0.7483870967741936,0.6666666666666666,-0.08172043010752694
1942,23,84,5,-79,0.6268656716417911,0.3125,-0.3143656716417911,0.9925925925925926,0.9411764705882353,-0.0514161220043573
167,5,86,7,-79,0.7226890756302521,0.4117647058823529,-0.31092436974789917,0.9754098360655737,0.9444444444444444,-0.030965391621129323
504,17,86,7,-79,0.671875,0.3684210526315789,-0.3034539473684211,0.9014084507042254,1.0,0.09859154929577463
1296,5,86,7,-79,0.7107438016528925,0.4375,-0.2732438016528925,0.9603174603174603,0.9411764705882353,-0.019140989729225066
1114,3,87,8,-79,0.6850393700787402,0.4444444444444444,-0.24059492563429574,0.9694656488549618,1.0,0.03053435114503822
1164,19,88,9,-79,0.6567164179104478,0.5,-0.15671641791044777,0.9054054054054054,0.9473684210526315,0.041963015647226154
775,17,89,10,-79,0.6691729323308271,0.5555555555555556,-0.1136173767752715,0.9708029197080292,0.9,-0.07080291970802921
866,7,84,6,-78,0.6511627906976745,0.3,-0.3511627906976745,0.9555555555555556,1.0,0.0444444444444444
559,23,83,5,-78,0.6384615384615384,0.29411764705882354,-0.3443438914027149,0.9774436090225563,0.9444444444444444,-0.03299916457811192
1544,27,87,9,-78,0.8055555555555556,0.5,-0.3055555555555556,0.9391304347826087,1.0,0.060869565217391286
1451,20,84,6,-78,0.60431654676259,0.3,-0.30431654676258996,0.9928571428571429,0.9090909090909091,-0.08376623376623382
137,11,85,7,-78,0.625,0.3333333333333333,-0.2916666666666667,0.8395061728395061,0.875,0.035493827160493874
1904,1,84,6,-78,0.5874125874125874,0.3157894736842105,-0.2716231137283769,0.9794520547945206,0.95,-0.02945205479452062
1339,11,85,7,-78,0.6589147286821705,0.3888888888888889,-0.2700258397932816,0.9084507042253521,0.782608695652174,-0.12584200857317818
550,21,86,8,-78,0.6142857142857143,0.4,-0.2142857142857143,0.9459459459459459,0.9523809523809523,0.006435006435006385
451,28,86,8,-78,0.5972222222222222,0.4,-0.1972222222222222,0.993103448275862,0.9523809523809523,-0.04072249589490973
781,29,87,9,-78,0.6,0.42857142857142855,-0.17142857142857143,0.9731543624161074,1.0,0.02684563758389258
1301,7,88,10,-78,0.7213114754098361,0.5555555555555556,-0.1657559198542805,0.991869918699187,0.9473684210526315,-0.04450149764655542
1403,30,88,10,-78,0.7096774193548387,0.5555555555555556,-0.15412186379928317,0.9763779527559056,0.9473684210526315,-0.029009531703274027
570,23,89,11,-78,0.6496350364963503,0.5238095238095238,-0.1258255126868265,1.0,0.9545454545454546,-0.045454545454545414
1659,24,89,11,-78,0.6223776223776224,0.55,-0.07237762237762235,0.959731543624161,1.0,0.04026845637583898
299,17,81,4,-77,0.675,0.25,-0.42500000000000004,0.967741935483871,0.9411764705882353,-0.026565464895635715
744,18,83,6,-77,0.7685185185185185,0.375,-0.3935185185185185,0.9230769230769231,0.8888888888888888,-0.03418803418803429
1799,11,83,6,-77,0.6335877862595419,0.3,-0.33358778625954194,0.9424460431654677,0.9523809523809523,0.009934909215484677
1826,1,82,5,-77,0.6165413533834586,0.29411764705882354,-0.3224237063246351,0.9925373134328358,1.0,0.007462686567164201
1715,4,83,6,-77,0.6240601503759399,0.3333333333333333,-0.29072681704260656,0.9708029197080292,0.9473684210526315,-0.023434498655397706
951,4,84,7,-77,0.672,0.3888888888888889,-0.28311111111111115,0.9765625,0.9473684210526315,-0.029194078947368474
1181,29,83,6,-77,0.5684931506849316,0.2857142857142857,-0.28277886497064586,0.8439306358381503,0.84,-0.0039306358381503426
1243,20,85,8,-77,0.7083333333333334,0.47058823529411764,-0.23774509803921573,0.967741935483871,0.9444444444444444,-0.023297491039426577
1734,10,86,9,-77,0.589041095890411,0.4090909090909091,-0.17995018679950187,0.9240506329113924,0.9565217391304348,0.03247110621904237
1883,29,85,8,-77,0.6159420289855072,0.4444444444444444,-0.1714975845410628,0.9857142857142858,0.9473684210526315,-0.03834586466165424
1432,21,87,10,-77,0.6214285714285714,0.47619047619047616,-0.14523809523809528,0.9032258064516129,1.0,0.09677419354838712
144,31,87,10,-77,0.5918367346938775,0.5263157894736842,-0.06552094522019336,0.8647058823529412,0.95,0.08529411764705874
1823,0,88,11,-77,0.5866666666666667,0.55,-0.036666666666666625,0.967741935483871,1.0,0.032258064516129004
1687,13,82,6,-76,0.6721311475409836,0.3333333333333333,-0.33879781420765026,0.8299319727891157,0.9,0.07006802721088434
446,29,82,6,-76,0.5942028985507246,0.3333333333333333,-0.2608695652173913,0.9517241379310345,0.9,-0.051724137931034475
1074,0,85,9,-76,0.7456140350877193,0.5,-0.24561403508771928,0.9421487603305785,0.9473684210526315,0.005219660722053043
1884,18,83,7,-76,0.6434108527131783,0.4117647058823529,-0.2316461468308254,0.9923076923076923,1.0,0.007692307692307665
1639,26,83,7,-76,0.5608108108108109,0.3333333333333333,-0.22747747747747754,0.9801324503311258,0.9545454545454546,-0.02558699578567125
293,16,84,8,-76,0.6,0.4,-0.19999999999999996,0.958904109589041,0.9523809523809523,-0.006523157208088715
371,16,85,9,-76,0.6692913385826772,0.47368421052631576,-0.19560712805636143,0.9844961240310077,0.95,-0.03449612403100777
283,25,87,11,-76,0.71900826446281,0.55,-0.16900826446280992,0.75625,0.8,0.04375000000000007
1976,7,85,9,-76,0.6028368794326241,0.45,-0.15283687943262408,0.9724137931034482,1.0,0.02758620689655178
116,4,86,10,-76,0.581081081081081,0.45454545454545453,-0.1265356265356265,0.9135802469135802,1.0,0.0864197530864198
127,29,80,5,-75,0.5970149253731343,0.2631578947368421,-0.3338570306362922,0.9710144927536232,0.95,-0.021014492753623215
1813,1,83,8,-75,0.7345132743362832,0.47058823529411764,-0.2639250390421656,0.9416666666666667,0.9444444444444444,0.002777777777777768
1281,23,81,6,-75,0.574468085106383,0.3157894736842105,-0.2586786114221725,0.9724137931034482,1.0,0.02758620689655178
435,6,83,8,-75,0.6747967479674797,0.4444444444444444,-0.23035230352303526,0.984,1.0,0.016000000000000014
881,2,82,7,-75,0.6890756302521008,0.4666666666666667,-0.22240896358543416,0.9296875,0.8823529411764706,-0.04733455882352944
849,12,82,7,-75,0.5899280575539568,0.3684210526315789,-0.2215070049223779,0.7988505747126436,0.8260869565217391,0.02723638180909549
1540,25,85,10,-75,0.6692913385826772,0.45454545454545453,-0.21474588403722267,0.8246753246753247,1.0,0.17532467532467533
1918,3,82,7,-75,0.5616438356164384,0.35,-0.2116438356164384,0.954248366013072,0.9090909090909091,-0.045157456922162886
1449,0,84,9,-75,0.6614173228346457,0.45,-0.2114173228346457,0.9548872180451128,1.0,0.045112781954887216
219,9,82,7,-75,0.5774647887323944,0.3684210526315789,-0.20904373610081545,0.9793103448275862,0.8636363636363636,-0.11567398119122252
1149,16,84,9,-75,0.7058823529411765,0.5294117647058824,-0.17647058823529416,0.9596774193548387,0.9444444444444444,-0.015232974910394326
801,20,82,7,-75,0.543046357615894,0.3684210526315789,-0.1746253049843151,0.9869281045751634,0.9047619047619048,-0.08216619981325868
1507,20,83,8,-75,0.564625850340136,0.42105263157894735,-0.14357321876118867,0.930379746835443,0.9047619047619048,-0.025617842073538233
1284,23,87,12,-75,0.6304347826086957,0.5,-0.13043478260869568,0.9928057553956835,0.96,-0.032805755395683533
211,14,86,11,-75,0.6323529411764706,0.55,-0.08235294117647052,0.9714285714285714,0.9523809523809523,-0.01904761904761909
608,11,77,3,-74,0.6637931034482759,0.16666666666666666,-0.4971264367816093,0.9206349206349206,1.0,0.07936507936507942
969,13,76,2,-74,0.5801526717557252,0.13333333333333333,-0.44681933842239185,0.9703703703703703,0.75,-0.22037037037037033
83,28,79,5,-74,0.6583333333333333,0.2777777777777778,-0.38055555555555554,1.0,0.9473684210526315,-0.052631578947368474
1577,20,79,5,-74,0.626984126984127,0.29411764705882354,-0.33286647992530344,0.984375,0.9444444444444444,-0.03993055555555558
1286,2,80,6,-74,0.6956521739130435,0.375,-0.32065217391304346,0.777027027027027,0.7619047619047619,-0.01512226512226511
1911,7,80,6,-74,0.5925925925925926,0.2857142857142857,-0.30687830687830686,0.9782608695652174,1.0,0.021739130434782594
601,1,81,7,-74,0.627906976744186,0.3684210526315789,-0.2594859241126071,0.9347826086956522,1.0,0.06521739130434778
1049,14,81,7,-74,0.5704225352112676,0.35,-0.22042253521126765,0.9659863945578231,0.9090909090909091,-0.05689548546691403
1069,26,81,7,-74,0.5955882352941176,0.3888888888888889,-0.20669934640522875,0.9784172661870504,0.9,-0.07841726618705036
77,21,82,8,-74,0.5899280575539568,0.4,-0.1899280575539568,0.879746835443038,0.9523809523809523,0.07263411693791433
1816,19,84,10,-74,0.7304347826086957,0.5555555555555556,-0.17487922705314007,0.9349593495934959,1.0,0.06504065040650409
934,2,82,8,-74,0.6949152542372882,0.5333333333333333,-0.16158192090395485,0.959349593495935,0.8823529411764706,-0.0769966523194644
1741,28,83,9,-74,0.7094017094017094,0.6,-0.10940170940170946,1.0,0.8823529411764706,-0.11764705882352944
1247,0,82,8,-74,0.5359477124183006,0.4444444444444444,-0.09150326797385622,0.9622641509433962,0.72,-0.24226415094339626
798,30,84,10,-74,0.6,0.5263157894736842,-0.0736842105263158,0.9790209790209791,1.0,0.020979020979020935
273,22,84,10,-74,0.5675675675675675,0.5,-0.06756756756756754,0.8809523809523809,0.9523809523809523,0.0714285714285714
2023,19,85,11,-74,0.5862068965517241,0.5238095238095238,-0.06239737274220025,0.9415584415584416,0.9545454545454546,0.012987012987012991
1246,14,76,3,-73,0.5390070921985816,0.13636363636363635,-0.4026434558349452,0.9657534246575342,0.9565217391304348,-0.00923168552709941
913,11,79,6,-73,0.5851851851851851,0.3,-0.28518518518518515,0.627906976744186,0.8695652173913043,0.24165824064711827
1344,26,80,7,-73,0.6349206349206349,0.35,-0.2849206349206349,1.0,1.0,0.0
760,31,80,7,-73,0.6611570247933884,0.3888888888888889,-0.27226813590449955,0.968,1.0,0.03200000000000003
220,1,81,8,-73,0.6923076923076923,0.42105263157894735,-0.27125506072874495,0.9669421487603306,1.0,0.03305785123966942
893,5,81,8,-73,0.6090225563909775,0.36363636363636365,-0.24538619275461382,0.869281045751634,1.0,0.130718954248366
1270,30,79,6,-73,0.5448275862068965,0.3,-0.24482758620689654,0.9731543624161074,1.0,0.02684563758389258
1587,20,80,7,-73,0.6779661016949152,0.4375,-0.24046610169491522,0.959349593495935,0.9411764705882353,-0.01817312290769968
78,14,81,8,-73,0.7363636363636363,0.5,-0.23636363636363633,0.9401709401709402,1.0,0.05982905982905984
1453,24,80,7,-73,0.5755395683453237,0.3684210526315789,-0.2071185157137448,0.9788732394366197,0.95,-0.02887323943661979
807,31,83,10,-73,0.6484375,0.45454545454545453,-0.19389204545454547,0.7441860465116279,0.8461538461538461,0.10196779964221825
1998,2,82,9,-73,0.6890756302521008,0.5,-0.18907563025210083,0.8561151079136691,0.9473684210526315,0.09125331313896246
1473,31,81,8,-73,0.6,0.42105263157894735,-0.17894736842105263,0.9310344827586207,0.95,0.018965517241379293
1634,13,82,9,-73,0.6212121212121212,0.47368421052631576,-0.14752791068580545,0.9777777777777777,0.95,-0.02777777777777779
362,25,83,10,-73,0.6058394160583942,0.47619047619047616,-0.12964893986791803,0.8896103896103896,0.9130434782608695,0.023433088650479883
1411,26,83,10,-73,0.538961038961039,0.45454545454545453,-0.08441558441558444,0.8461538461538461,0.8461538461538461,0.0
999,28,84,11,-73,0.5675675675675675,0.5238095238095238,-0.04375804375804371,0.9736842105263158,1.0,0.02631578947368418
334,31,86,13,-73,0.6277372262773723,0.6190476190476191,-0.008689607229753205,0.8896103896103896,0.9130434782608695,0.023433088650479883
1356,0,75,3,-72,0.6756756756756757,0.2,-0.47567567567567565,0.9173553719008265,0.9375,0.0201446280991735
633,22,77,5,-72,0.6363636363636364,0.2631578947368421,-0.37320574162679426,0.9166666666666666,0.9047619047619048,-0.011904761904761862
560,1,77,5,-72,0.616,0.2777777777777778,-0.3382222222222222,0.9615384615384616,0.9473684210526315,-0.014170040485830038
2034,5,77,5,-72,0.5923076923076923,0.2631578947368421,-0.3291497975708502,0.8552631578947368,0.8636363636363636,0.00837320574162681
1094,9,77,5,-72,0.5099337748344371,0.23809523809523808,-0.27183853673919905,0.9263803680981595,1.0,0.07361963190184051
820,21,79,7,-72,0.572463768115942,0.30434782608695654,-0.2681159420289855,0.9261744966442953,0.92,-0.006174496644295258
985,18,79,7,-72,0.5939849624060151,0.35,-0.24398496240601508,0.9851851851851852,1.0,0.014814814814814836
604,14,81,9,-72,0.6982758620689655,0.47368421052631576,-0.22459165154264976,0.9830508474576272,1.0,0.016949152542372836
380,9,79,7,-72,0.6583333333333333,0.4375,-0.22083333333333333,0.9523809523809523,0.8888888888888888,-0.06349206349206349
1408,6,79,7,-72,0.6583333333333333,0.4375,-0.22083333333333333,0.96,0.8888888888888888,-0.07111111111111112
129,6,80,8,-72,0.5797101449275363,0.38095238095238093,-0.19875776397515532,0.8961038961038961,0.9545454545454546,0.05844155844155852
1318,16,80,8,-72,0.6201550387596899,0.4444444444444444,-0.1757105943152455,0.9347826086956522,0.9,-0.034782608695652195
103,27,80,8,-72,0.5194805194805194,0.36363636363636365,-0.15584415584415579,0.9112426035502958,0.9565217391304348,0.04527913558013896
322,1,83,11,-72,0.6535433070866141,0.5238095238095238,-0.1297337832770903,0.9921875,1.0,0.0078125
287,23,82,10,-72,0.5734265734265734,0.5,-0.07342657342657344,0.9285714285714286,0.9523809523809523,0.023809523809523725
943,19,82,10,-72,0.5899280575539568,0.5555555555555556,-0.03437250199840125,0.9391891891891891,0.9,-0.03918918918918912
1390,14,82,10,-72,0.6074074074074074,0.5882352941176471,-0.019172113289760317,0.9642857142857143,1.0,0.0357142857142857
64,18,73,2,-71,0.6239316239316239,0.13333333333333333,-0.49059829059829063,0.9915254237288136,0.8823529411764706,-0.10917248255234302
1221,16,75,4,-71,0.6410256410256411,0.2222222222222222,-0.41880341880341887,0.9512195121951219,1.0,0.04878048780487809
473,1,77,6,-71,0.5833333333333334,0.2727272727272727,-0.31060606060606066,0.9705882352941176,0.9565217391304348,-0.014066496163682829
1987,2,78,7,-71,0.6,0.3181818181818182,-0.2818181818181818,0.8496732026143791,0.9565217391304348,0.10684853651605575
1412,28,78,7,-71,0.7155963302752294,0.4375,-0.2780963302752294,0.956140350877193,0.9411764705882353,-0.014963880288957676
1395,9,76,5,-71,0.5205479452054794,0.25,-0.2705479452054794,0.9605263157894737,1.0,0.03947368421052633
888,11,77,6,-71,0.6015625,0.3333333333333333,-0.2682291666666667,0.9078014184397163,0.9473684210526315,0.039567002612915236
464,20,78,7,-71,0.6190476190476191,0.3684210526315789,-0.25062656641604014,0.9692307692307692,1.0,0.03076923076923077
1322,0,78,7,-71,0.639344262295082,0.3888888888888889,-0.2504553734061931,0.9104477611940298,0.8571428571428571,-0.05330490405117272
890,24,77,6,-71,0.5347222222222222,0.2857142857142857,-0.2490079365079365,0.9,0.9545454545454546,0.054545454545454564
394,5,79,8,-71,0.5642857142857143,0.38095238095238093,-0.18333333333333335,0.8588957055214724,0.9545454545454546,0.09564974902398216
1375,2,79,8,-71,0.626984126984127,0.4444444444444444,-0.18253968253968256,0.9,0.8181818181818182,-0.08181818181818179
1627,26,78,7,-71,0.5454545454545454,0.4117647058823529,-0.1336898395721925,0.9930555555555556,0.85,-0.1430555555555556
193,9,79,8,-71,0.5486111111111112,0.42105263157894735,-0.12755847953216382,0.9290322580645162,0.95,0.020967741935483786
1484,17,79,8,-71,0.5448275862068965,0.42105263157894735,-0.12377495462794919,0.9539473684210527,0.9047619047619048,-0.04918546365914789
1492,26,81,10,-71,0.5785714285714286,0.5,-0.07857142857142863,0.9523809523809523,1.0,0.04761904761904767
1406,8,81,10,-71,0.5094339622641509,0.47619047619047616,-0.03324348607367478,0.9464285714285714,0.9545454545454546,0.008116883116883189
289,12,81,10,-71,0.5869565217391305,0.5555555555555556,-0.03140096618357491,0.7976878612716763,0.8571428571428571,0.05945499587118075
210,15,83,12,-71,0.5804195804195804,0.6,0.01958041958041956,0.9662162162162162,0.9523809523809523,-0.0138352638352639
1483,31,77,7,-70,0.77,0.4375,-0.3325,0.9259259259259259,0.9411764705882353,0.015250544662309351
373,23,76,6,-70,0.6440677966101694,0.3333333333333333,-0.3107344632768361,0.9752066115702479,0.9,-0.07520661157024788
917,11,78,8,-70,0.624,0.38095238095238093,-0.24304761904761907,0.9191176470588235,1.0,0.08088235294117652
954,23,78,8,-70,0.6842105263157895,0.4444444444444444,-0.23976608187134507,0.9743589743589743,1.0,0.02564102564102566
1021,28,77,7,-70,0.5789473684210527,0.35,-0.22894736842105268,0.9637681159420289,1.0,0.036231884057971064
248,18,77,7,-70,0.652542372881356,0.4375,-0.21504237288135597,0.9915966386554622,0.9411764705882353,-0.050420168067226934
1997,30,76,6,-70,0.49032258064516127,0.3,-0.19032258064516128,0.9810126582278481,0.9523809523809523,-0.028631705846895783
140,1,78,8,-70,0.5571428571428572,0.4,-0.15714285714285714,0.9790209790209791,1.0,0.020979020979020935
1379,21,76,6,-70,0.5277777777777778,0.375,-0.1527777777777778,0.9171974522292994,0.8421052631578947,-0.07509218907140469
1234,18,76,6,-70,0.4662576687116564,0.3157894736842105,-0.1504681950274459,0.9878787878787879,0.8636363636363636,-0.12424242424242427
110,6,79,9,-70,0.5563380281690141,0.42857142857142855,-0.12776659959758557,0.8930817610062893,0.875,-0.018081761006289332
1931,27,77,7,-70,0.5133333333333333,0.3888888888888889,-0.12444444444444441,0.9615384615384616,0.9473684210526315,-0.014170040485830038
53,12,80,10,-70,0.6201550387596899,0.5,-0.12015503875968991,0.8431372549019608,0.9523809523809523,0.10924369747899154
277,8,80,10,-70,0.6349206349206349,0.5263157894736842,-0.1086048454469507,0.9473684210526315,0.95,0.0026315789473684292
331,21,79,9,-70,0.5486111111111112,0.45,-0.09861111111111115,0.9290322580645162,1.0,0.07096774193548383
198,20,79,9,-70,0.5266666666666666,0.42857142857142855,-0.09809523809523807,0.9316770186335404,0.9545454545454546,0.02286843591191423
823,24,79,9,-70,0.5448275862068965,0.45,-0.09482758620689652,0.9539473684210527,0.9523809523809523,-0.0015664160401003269
1900,30,80,10,-70,0.5,0.45454545454545453,-0.04545454545454547,0.963855421686747,1.0,0.03614457831325302
1399,18,81,11,-70,0.5869565217391305,0.5789473684210527,-0.008009153318077833,0.9787234042553191,0.95,-0.028723404255319163
1494,14,85,15,-70,0.6343283582089553,0.7142857142857143,0.07995735607675902,0.950354609929078,0.9545454545454546,0.004190844616376532
1194,30,73,4,-69,0.5177304964539007,0.19047619047619047,-0.3272543059777102,0.9791666666666666,1.0,0.02083333333333337
1660,3,74,5,-69,0.6065573770491803,0.29411764705882354,-0.3124397299903568,0.9682539682539683,0.9444444444444444,-0.023809523809523836
710,3,75,6,-69,0.5952380952380952,0.3,-0.29523809523809524,0.9767441860465116,1.0,0.023255813953488413
11,20,73,4,-69,0.5104895104895105,0.23529411764705882,-0.2751953928424517,0.9862068965517241,0.9444444444444444,-0.04176245210727969
1186,30,75,6,-69,0.5474452554744526,0.3,-0.24744525547445256,0.9927536231884058,1.0,0.007246376811594235
1143,3,76,7,-69,0.5801526717557252,0.35,-0.23015267175572518,0.9562043795620438,0.9523809523809523,-0.003823427181091521
1024,30,75,6,-69,0.539568345323741,0.3157894736842105,-0.22377887163953047,0.9858156028368794,0.95,-0.03581560283687946
1915,3,76,7,-69,0.5671641791044776,0.35,-0.2171641791044776,0.9781021897810219,0.9523809523809523,-0.025721237400069596
1128,10,78,9,-69,0.6554621848739496,0.45,-0.20546218487394957,0.9153846153846154,0.9523809523809523,0.036996336996336976
1077,6,77,8,-69,0.5620437956204379,0.36363636363636365,-0.1984074319840743,0.8616352201257862,0.9166666666666666,0.055031446540880435
1893,29,79,10,-69,0.6171875,0.47619047619047616,-0.14099702380952384,0.9481481481481482,0.9130434782608695,-0.03510466988727867
1138,16,78,9,-69,0.582089552238806,0.47368421052631576,-0.10840534171249022,0.9370629370629371,1.0,0.06293706293706292
1996,10,80,11,-69,0.625,0.5238095238095238,-0.10119047619047616,0.9552238805970149,0.9545454545454546,-0.0006784260515603213
967,3,79,10,-69,0.626984126984127,0.5263157894736842,-0.1006683375104428,0.9264705882352942,1.0,0.07352941176470584
1279,30,80,11,-69,0.625,0.5789473684210527,-0.046052631578947345,0.9846153846153847,1.0,0.01538461538461533
1352,20,81,12,-69,0.6585365853658537,0.631578947368421,-0.02695763799743267,0.9318181818181818,1.0,0.06818181818181823
1535,3,80,11,-69,0.5161290322580645,0.55,0.03387096774193554,0.9451219512195121,0.9523809523809523,0.007259001161440182
2029,14,73,5,-68,0.5703125,0.2631578947368421,-0.3071546052631579,0.9770992366412213,0.95,-0.02709923664122138
1016,2,73,5,-68,0.5793650793650794,0.2777777777777778,-0.3015873015873016,0.782608695652174,0.8571428571428571,0.07453416149068315
551,0,75,7,-68,0.6637168141592921,0.3684210526315789,-0.29529576152771314,0.9495798319327731,1.0,0.050420168067226934
959,27,74,6,-68,0.6166666666666667,0.3333333333333333,-0.2833333333333334,0.9448818897637795,0.9473684210526315,0.002486531288852012
349,8,74,6,-68,0.5967741935483871,0.3333333333333333,-0.2634408602150538,0.992,1.0,0.008000000000000007
1198,17,75,7,-68,0.5905511811023622,0.35,-0.24055118110236218,0.927007299270073,1.0,0.07299270072992703
1082,10,75,7,-68,0.5319148936170213,0.30434782608695654,-0.22756706753006473,0.986013986013986,0.9583333333333334,-0.027680652680652673
2002,23,75,7,-68,0.5555555555555556,0.3333333333333333,-0.22222222222222227,0.9642857142857143,1.0,0.0357142857142857
1388,23,74,6,-68,0.4966442953020134,0.2857142857142857,-0.21093000958772773,0.9551282051282052,1.0,0.04487179487179482
1101,24,76,8,-68,0.5891472868217055,0.38095238095238093,-0.20819490586932454,0.9772727272727273,1.0,0.022727272727272707
1361,8,75,7,-68,0.5136986301369864,0.3181818181818182,-0.19551681195516818,0.9864864864864865,1.0,0.013513513513513487
1109,0,76,8,-68,0.5205479452054794,0.36363636363636365,-0.15691158156911578,0.9668874172185431,1.0,0.0331125827814569
1648,20,76,8,-68,0.5467625899280576,0.4,-0.14676258992805757,0.9391891891891891,0.9090909090909091,-0.030098280098280084
1601,6,75,7,-68,0.5102040816326531,0.3684210526315789,-0.14178302900107415,0.9735099337748344,0.8260869565217391,-0.14742297725309528
1514,28,77,9,-68,0.5238095238095238,0.4090909090909091,-0.11471861471861472,0.9545454545454546,1.0,0.045454545454545414
509,26,78,10,-68,0.6141732283464567,0.5263157894736842,-0.08785743887277253,0.9477611940298507,0.9047619047619048,-0.04299928926794594
205,0,78,10,-68,0.5531914893617021,0.5,-0.05319148936170215,0.9657534246575342,0.9090909090909091,-0.05666251556662516
1566,12,79,11,-68,0.6124031007751938,0.5789473684210527,-0.03345573235414112,0.8376623376623377,0.8636363636363636,0.025974025974025983
793,4,78,10,-68,0.5306122448979592,0.5,-0.030612244897959218,0.9423076923076923,1.0,0.05769230769230771
1838,23,81,13,-68,0.6044776119402985,0.65,0.045522388059701546,0.9852941176470589,1.0,0.014705882352941124
1863,27,74,7,-67,0.7326732673267327,0.4375,-0.29517326732673266,0.9017857142857143,1.0,0.0982142857142857
1510,26,75,8,-67,0.6578947368421053,0.4,-0.2578947368421053,0.9743589743589743,1.0,0.02564102564102566
1970,20,73,6,-67,0.6083333333333333,0.35294117647058826,-0.255392156862745,0.967741935483871,0.9444444444444444,-0.023297491039426577
1832,11,73,6,-67,0.5703125,0.3157894736842105,-0.2545230263157895,0.9481481481481482,0.95,0.0018518518518517713
1674,25,73,6,-67,0.553030303030303,0.3,-0.253030303030303,0.9428571428571428,1.0,0.05714285714285716
1202,23,72,5,-67,0.4931506849315068,0.25,-0.24315068493150682,0.9931972789115646,1.0,0.006802721088435382
259,23,75,8,-67,0.6,0.4,-0.19999999999999996,0.9920634920634921,1.0,0.007936507936507908
1415,5,75,8,-67,0.5813953488372093,0.4,-0.1813953488372093,0.9847328244274809,1.0,0.01526717557251911
1320,31,74,7,-67,0.5323741007194245,0.3684210526315789,-0.16395304808784555,0.9652777777777778,0.95,-0.015277777777777835
1217,4,75,8,-67,0.5905511811023622,0.4444444444444444,-0.14610673665791774,0.9694656488549618,0.9473684210526315,-0.022097227802330255
1108,10,74,7,-67,0.5138888888888888,0.3684210526315789,-0.1454678362573099,0.9171974522292994,0.95,0.032802547770700574
1454,9,75,8,-67,0.5434782608695652,0.4,-0.14347826086956517,0.9928057553956835,0.9523809523809523,-0.04042480301473117
1756,7,75,8,-67,0.6,0.47058823529411764,-0.12941176470588234,0.9765625,0.9444444444444444,-0.03211805555555558
1343,26,76,9,-67,0.5588235294117647,0.45,-0.10882352941176471,0.951048951048951,1.0,0.04895104895104896
1177,14,75,8,-67,0.487012987012987,0.4,-0.08701298701298699,0.9935483870967742,0.9523809523809523,-0.04116743471582185
590,30,76,9,-67,0.5352112676056338,0.45,-0.08521126760563374,0.9530201342281879,1.0,0.046979865771812124
1458,4,77,10,-67,0.5579710144927537,0.5,-0.05797101449275366,0.9583333333333334,0.9523809523809523,-0.005952380952381042
1236,19,77,10,-67,0.5789473684210527,0.5263157894736842,-0.052631578947368474,0.9568345323741008,0.95,-0.00683453237410081
1025,12,71,5,-66,0.5546875,0.2777777777777778,-0.2769097222222222,0.847682119205298,0.8571428571428571,0.009460737937559083
2027,20,71,5,-66,0.5182481751824818,0.2777777777777778,-0.240470397404704,0.9856115107913669,1.0,0.014388489208633115
527,13,71,5,-66,0.4930555555555556,0.2631578947368421,-0.2298976608187135,0.9056603773584906,0.95,0.04433962264150937
1796,13,73,7,-66,0.5748031496062992,0.3684210526315789,-0.20638209697472026,0.9844961240310077,0.8636363636363636,-0.12085976039464408
1006,9,73,7,-66,0.5367647058823529,0.3333333333333333,-0.2034313725490196,0.9855072463768116,0.9545454545454546,-0.030961791831357055
939,18,74,8,-66,0.578125,0.38095238095238093,-0.19717261904761907,0.9696969696969697,1.0,0.030303030303030276
300,5,73,7,-66,0.5447761194029851,0.35,-0.19477611940298512,0.9436619718309859,1.0,0.05633802816901412
56,15,73,7,-66,0.5488721804511278,0.3684210526315789,-0.18045112781954892,0.9779411764705882,1.0,0.022058823529411797
643,30,74,8,-66,0.5522388059701493,0.38095238095238093,-0.17128642501776836,0.9781021897810219,0.9545454545454546,-0.02355673523556734
36,31,76,10,-66,0.5891472868217055,0.45454545454545453,-0.13460183227625094,0.7288135593220338,0.8461538461538461,0.1173402868318123
1575,15,75,9,-66,0.5208333333333334,0.4090909090909091,-0.11174242424242425,0.9230769230769231,1.0,0.07692307692307687
847,7,74,8,-66,0.5401459854014599,0.4444444444444444,-0.09570154095701544,0.9513888888888888,0.9473684210526315,-0.004020467836257313
1500,24,74,8,-66,0.5401459854014599,0.4444444444444444,-0.09570154095701544,0.9927536231884058,0.9473684210526315,-0.04538520213577424
117,0,75,9,-66,0.5208333333333334,0.42857142857142855,-0.09226190476190482,0.96,1.0,0.040000000000000036
825,21,77,11,-66,0.6754385964912281,0.6111111111111112,-0.0643274853801169,0.957983193277311,1.0,0.04201680672268904
1042,29,77,11,-66,0.6416666666666667,0.5789473684210527,-0.06271929824561406,0.967741935483871,1.0,0.032258064516129004
759,17,75,9,-66,0.5244755244755245,0.47368421052631576,-0.050791313949208716,0.9794520547945206,0.95,-0.02945205479452062
1314,4,75,9,-66,0.5244755244755245,0.47368421052631576,-0.050791313949208716,0.89937106918239,0.9047619047619048,0.005390835579514808
1961,10,76,10,-66,0.5205479452054794,0.47619047619047616,-0.04435746901500326,0.9668874172185431,0.9545454545454546,-0.012341962673088513
390,31,77,11,-66,0.55,0.5238095238095238,-0.02619047619047621,0.8588957055214724,0.9130434782608695,0.05414777273939708
1045,22,77,11,-66,0.5384615384615384,0.5238095238095238,-0.0146520146520146,0.9794520547945206,0.9545454545454546,-0.02490660024906599
670,24,78,12,-66,0.5342465753424658,0.5454545454545454,0.011207970112079635,0.948051948051948,1.0,0.051948051948051965
829,3,78,12,-66,0.582089552238806,0.6,0.017910447761193993,0.8758169934640523,0.9090909090909091,0.033273915626856776
615,29,79,13,-66,0.5642857142857143,0.5909090909090909,0.02662337662337666,0.9655172413793104,1.0,0.03448275862068961
864,2,69,4,-65,0.6699029126213593,0.2222222222222222,-0.44768069039913705,0.7862595419847328,0.9,0.11374045801526722
523,14,71,6,-65,0.6893203883495146,0.3333333333333333,-0.3559870550161813,0.9363636363636364,1.0,0.0636363636363636
1120,31,69,4,-65,0.5348837209302325,0.2,-0.3348837209302325,0.8486842105263158,0.8695652173913043,0.020881006864988505
1346,19,70,5,-65,0.56,0.2631578947368421,-0.29684210526315796,0.8741258741258742,0.8636363636363636,-0.010489510489510523
1936,21,71,6,-65,0.5634920634920635,0.2857142857142857,-0.2777777777777778,0.8873239436619719,0.9545454545454546,0.06722151088348272
1366,18,71,6,-65,0.5772357723577236,0.3,-0.2772357723577236,0.9919354838709677,0.9090909090909091,-0.08284457478005869
673,1,70,5,-65,0.4861111111111111,0.23809523809523808,-0.24801587301587302,0.993103448275862,1.0,0.006896551724137945
304,23,70,5,-65,0.48951048951048953,0.2631578947368421,-0.22635259477364744,0.9930555555555556,1.0,0.00694444444444442
1300,25,71,6,-65,0.5378787878787878,0.3157894736842105,-0.22208931419457734,0.9496402877697842,0.9047619047619048,-0.044878383007879386
656,24,72,7,-65,0.6545454545454545,0.4375,-0.21704545454545454,0.9090909090909091,0.8888888888888888,-0.02020202020202022
1306,9,73,8,-65,0.6033057851239669,0.42105263157894735,-0.18225315354501959,0.9603174603174603,1.0,0.03968253968253965
1565,1,71,6,-65,0.5298507462686567,0.35294117647058826,-0.17690956979806843,0.9241379310344827,0.85,-0.07413793103448274
736,29,72,7,-65,0.549618320610687,0.3888888888888889,-0.16072943172179815,0.9849624060150376,0.9473684210526315,-0.03759398496240607
669,6,75,10,-65,0.6696428571428571,0.5263157894736842,-0.14332706766917291,0.9572649572649573,1.0,0.042735042735042694
503,18,72,7,-65,0.5294117647058824,0.3888888888888889,-0.14052287581699346,0.9784172661870504,1.0,0.021582733812949617
1090,3,72,7,-65,0.48,0.35,-0.13,0.9803921568627451,0.9523809523809523,-0.02801120448179273
177,15,74,9,-65,0.556390977443609,0.42857142857142855,-0.12781954887218044,0.9637681159420289,0.9130434782608695,-0.050724637681159424
1712,5,72,7,-65,0.5373134328358209,0.4117647058823529,-0.12554872695346797,0.9115646258503401,0.8095238095238095,-0.10204081632653061
1742,4,72,7,-65,0.5581395348837209,0.4375,-0.12063953488372092,0.9923076923076923,0.9411764705882353,-0.051131221719457054
1067,16,73,8,-65,0.5488721804511278,0.4444444444444444,-0.10442773600668342,0.9851851851851852,1.0,0.014814814814814836
87,19,73,8,-65,0.5,0.4,-0.09999999999999998,0.9299363057324841,0.9523809523809523,0.022444646648468236
67,1,73,8,-65,0.4866666666666667,0.4,-0.08666666666666667,0.9868421052631579,1.0,0.013157894736842146
216,5,75,10,-65,0.5514705882352942,0.47619047619047616,-0.07528011204481799,0.9444444444444444,0.9545454545454546,0.010101010101010166
659,27,77,12,-65,0.5620437956204379,0.6,0.03795620437956204,0.9319727891156463,0.9090909090909091,-0.022881880024737233
1981,18,78,13,-65,0.5864661654135338,0.65,0.06353383458646622,0.9779411764705882,1.0,0.022058823529411797
2006,20,77,12,-65,0.6363636363636364,0.7058823529411765,0.06951871657754016,0.968,1.0,0.03200000000000003
309,30,76,11,-65,0.4662576687116564,0.55,0.08374233128834363,0.9421965317919075,0.9523809523809523,0.010184420589044785
159,19,69,5,-64,0.5307692307692308,0.2631578947368421,-0.2676113360323887,0.9090909090909091,1.0,0.09090909090909094
388,30,70,6,-64,0.5426356589147286,0.2857142857142857,-0.25692137320044295,0.9699248120300752,1.0,0.03007518796992481
1258,18,70,6,-64,0.5263157894736842,0.2857142857142857,-0.24060150375939848,0.9851851851851852,0.9545454545454546,-0.030639730639730578
1457,22,70,6,-64,0.5737704918032787,0.3333333333333333,-0.24043715846994534,0.8714285714285714,0.9,0.02857142857142858
285,21,69,5,-64,0.49640287769784175,0.2631578947368421,-0.23324498296099966,0.9586206896551724,1.0,0.04137931034482756
403,22,71,7,-64,0.6339285714285714,0.4117647058823529,-0.22216386554621848,0.9256198347107438,0.9444444444444444,0.018824609733700592
1157,29,71,7,-64,0.5725806451612904,0.3684210526315789,-0.20415959252971144,0.9393939393939394,0.95,0.010606060606060508
1958,29,72,8,-64,0.5669291338582677,0.36363636363636365,-0.20329277022190406,0.8523489932885906,0.9166666666666666,0.06431767337807603
1880,29,72,8,-64,0.5,0.3333333333333333,-0.16666666666666669,0.9536423841059603,1.0,0.04635761589403975
1225,4,71,7,-64,0.568,0.4117647058823529,-0.15623529411764703,0.9765625,1.0,0.0234375
201,24,72,8,-64,0.5333333333333333,0.4,-0.1333333333333333,0.9183673469387755,0.8695652173913043,-0.04880212954747121
1060,31,72,8,-64,0.549618320610687,0.42105263157894735,-0.1285656890317397,0.9357142857142857,0.9047619047619048,-0.030952380952380953
1382,11,72,8,-64,0.5454545454545454,0.4444444444444444,-0.101010101010101,0.9361702127659575,1.0,0.06382978723404253
1650,23,71,7,-64,0.5338345864661654,0.4375,-0.09633458646616544,0.9779411764705882,0.8,-0.17794117647058816
751,28,73,9,-64,0.503448275862069,0.42857142857142855,-0.07487684729064042,0.9666666666666667,1.0,0.033333333333333326
118,13,74,10,-64,0.6166666666666667,0.5555555555555556,-0.061111111111111116,0.9230769230769231,0.9473684210526315,0.024291497975708398
1927,17,74,10,-64,0.5826771653543307,0.5263157894736842,-0.05636137588064649,0.8466666666666667,0.8636363636363636,0.016969696969696968
377,27,74,10,-64,0.45962732919254656,0.4166666666666667,-0.04296066252587988,0.8846153846153846,0.96,0.07538461538461538
684,6,74,10,-64,0.5323741007194245,0.5,-0.03237410071942448,0.9144736842105263,0.9523809523809523,0.037907268170426
1966,6,75,11,-64,0.5067567567567568,0.5,-0.006756756756756799,0.9673202614379085,0.9565217391304348,-0.01079852230747369
1809,1,76,12,-64,0.5135135135135135,0.5454545454545454,0.03194103194103193,0.9866666666666667,1.0,0.013333333333333308
782,8,77,13,-64,0.5746268656716418,0.65,0.07537313432835824,0.8993288590604027,0.9090909090909091,0.009762050030506342
997,14,66,3,-63,0.66,0.1875,-0.47250000000000003,0.9174311926605505,1.0,0.08256880733944949
1529,15,66,3,-63,0.5196850393700787,0.17647058823529413,-0.34321445113478455,0.9621212121212122,0.8947368421052632,-0.06738437001594899
639,24,68,5,-63,0.6017699115044248,0.2631578947368421,-0.33861201676758274,0.9576271186440678,0.95,-0.007627118644067843
776,4,68,5,-63,0.5037037037037037,0.23809523809523808,-0.26560846560846557,0.9926470588235294,1.0,0.007352941176470562
1481,30,69,6,-63,0.46,0.2608695652173913,-0.19913043478260872,0.9615384615384616,0.9583333333333334,-0.0032051282051281937
1775,7,70,7,-63,0.5511811023622047,0.3684210526315789,-0.18276004973062582,0.9769230769230769,0.95,-0.02692307692307694
202,3,72,9,-63,0.5581395348837209,0.4090909090909091,-0.1490486257928118,0.9923076923076923,1.0,0.007692307692307665
916,14,69,6,-63,0.46938775510204084,0.3333333333333333,-0.13605442176870752,0.9363057324840764,0.9,-0.036305732484076425
598,6,73,10,-63,0.584,0.47619047619047616,-0.1078095238095238,0.9689922480620154,0.9545454545454546,-0.014446793516560863
734,26,71,8,-63,0.4930555555555556,0.4,-0.09305555555555556,0.8520710059171598,0.9523809523809523,0.10030994646379254
1710,8,72,9,-63,0.5373134328358209,0.45,-0.08731343283582088,0.950354609929078,1.0,0.049645390070921946
1704,18,73,10,-63,0.6403508771929824,0.5555555555555556,-0.08479532163742687,0.9743589743589743,1.0,0.02564102564102566
1800,3,72,9,-63,0.4864864864864865,0.4090909090909091,-0.0773955773955774,0.9548387096774194,0.9565217391304348,0.001683029453015461
722,4,73,10,-63,0.5104895104895105,0.43478260869565216,-0.07570690179385836,0.934640522875817,1.0,0.065359477124183
162,25,73,10,-63,0.5615384615384615,0.5,-0.06153846153846154,0.8125,0.9090909090909091,0.09659090909090906
696,23,71,8,-63,0.461038961038961,0.4,-0.061038961038961004,0.9746835443037974,0.9523809523809523,-0.022302591922845116
1071,28,73,10,-63,0.5367647058823529,0.5,-0.03676470588235292,0.9577464788732394,0.9090909090909091,-0.04865556978233032
661,19,75,12,-63,0.49019607843137253,0.5714285714285714,0.08123249299719887,0.9683544303797469,0.9545454545454546,-0.013808975834292303
346,22,66,4,-62,0.5546218487394958,0.21052631578947367,-0.34409553295002215,0.9015151515151515,0.8636363636363636,-0.037878787878787845
12,4,65,3,-62,0.46099290780141844,0.15789473684210525,-0.3030981709593132,0.9527027027027027,0.8260869565217391,-0.1266157461809636
1725,6,67,5,-62,0.5193798449612403,0.23809523809523808,-0.28128460686600226,0.9555555555555556,1.0,0.0444444444444444
2000,9,66,4,-62,0.5038167938931297,0.23529411764705882,-0.2685226762460709,0.9562043795620438,0.85,-0.10620437956204387
212,4,69,7,-62,0.6272727272727273,0.3888888888888889,-0.23838383838383842,0.9090909090909091,0.9473684210526315,0.038277511961722466
1731,9,68,6,-62,0.4892086330935252,0.2727272727272727,-0.21648136036625248,0.9455782312925171,0.9166666666666666,-0.028911564625850428
421,23,68,6,-62,0.5112781954887218,0.3,-0.2112781954887218,0.9637681159420289,0.9090909090909091,-0.054677206851119875
1538,19,69,7,-62,0.5267175572519084,0.3181818181818182,-0.2085357390700902,0.891156462585034,0.9565217391304348,0.06536527654540081
1705,30,67,5,-62,0.44666666666666666,0.25,-0.19666666666666666,0.8875739644970414,0.9090909090909091,0.02151694459386766
486,4,68,6,-62,0.5714285714285714,0.375,-0.1964285714285714,0.9596774193548387,0.8888888888888888,-0.0707885304659499
879,12,69,7,-62,0.575,0.3888888888888889,-0.18611111111111106,0.9375,0.9473684210526315,0.009868421052631526
993,20,71,9,-62,0.7473684210526316,0.5625,-0.18486842105263157,0.8715596330275229,1.0,0.12844036697247707
265,13,69,7,-62,0.5948275862068966,0.4117647058823529,-0.18306288032454365,0.9830508474576272,1.0,0.016949152542372836
102,29,68,6,-62,0.4722222222222222,0.3,-0.17222222222222222,0.935064935064935,0.8333333333333334,-0.10173160173160167
1227,12,71,9,-62,0.5772357723577236,0.42857142857142855,-0.14866434378629506,0.82,1.0,0.18000000000000005
280,13,70,8,-62,0.56,0.42105263157894735,-0.1389473684210527,0.9259259259259259,0.8260869565217391,-0.0998389694041868
1503,14,70,8,-62,0.6796116504854369,0.5714285714285714,-0.10818307905686553,0.8879310344827587,0.7777777777777778,-0.11015325670498088
439,30,71,9,-62,0.47019867549668876,0.4090909090909091,-0.06110776640577964,0.9741935483870968,0.9565217391304348,-0.017671809256662008
1899,14,72,10,-62,0.5142857142857142,0.45454545454545453,-0.059740259740259705,0.9271523178807947,0.9166666666666666,-0.010485651214128033
832,5,71,9,-62,0.47651006711409394,0.42857142857142855,-0.04793863854266539,0.9933333333333333,0.9545454545454546,-0.038787878787878705
1737,7,70,8,-62,0.5691056910569106,0.5333333333333333,-0.03577235772357723,0.984,0.8823529411764706,-0.10164705882352942
404,31,71,9,-62,0.5071428571428571,0.47368421052631576,-0.033458646616541354,0.9395973154362416,0.8636363636363636,-0.07596095179987794
1591,0,72,10,-62,0.5581395348837209,0.5263157894736842,-0.03182374541003674,0.9347826086956522,1.0,0.06521739130434778
834,10,73,11,-62,0.5367647058823529,0.5238095238095238,-0.012955182072829086,0.9379310344827586,0.9545454545454546,0.016614420062695978
1885,11,74,12,-62,0.5826771653543307,0.5714285714285714,-0.011248593925759276,0.9921875,0.9130434782608695,-0.07914402173913049
327,5,73,11,-62,0.5289855072463768,0.5238095238095238,-0.005175983436852993,1.0,0.9545454545454546,-0.045454545454545414
877,12,70,8,-62,0.5303030303030303,0.5333333333333333,0.00303030303030305,0.9041095890410958,0.75,-0.15410958904109584
556,10,70,8,-62,0.45751633986928103,0.47058823529411764,0.01307189542483661,0.9444444444444444,0.8095238095238095,-0.13492063492063489
253,15,74,12,-62,0.5138888888888888,0.5454545454545454,0.031565656565656575,0.972972972972973,0.9565217391304348,-0.016451233842538215
1170,12,73,11,-62,0.5289855072463768,0.5789473684210527,0.049961861174675826,0.9019607843137255,1.0,0.0980392156862745
1770,29,74,12,-62,0.5211267605633803,0.5714285714285714,0.05030181086519114,0.993006993006993,1.0,0.006993006993006978
1786,22,76,14,-62,0.6229508196721312,0.7,0.07704918032786878,0.9457364341085271,0.9523809523809523,0.006644518272425182
149,15,75,13,-62,0.5102040816326531,0.6190476190476191,0.108843537414966,0.9363057324840764,1.0,0.06369426751592355
379,11,75,13,-62,0.5033557046979866,0.65,0.1466442953020134,0.8922155688622755,0.9523809523809523,0.06016538351867684
1167,2,65,4,-61,0.6074766355140186,0.23529411764705882,-0.3721825178669598,0.7588652482269503,0.7727272727272727,0.013862024500322367
859,3,65,4,-61,0.5855855855855856,0.25,-0.3355855855855856,0.9652173913043478,0.9411764705882353,-0.024040920716112524
1578,21,64,3,-61,0.48484848484848486,0.16666666666666666,-0.31818181818181823,0.9361702127659575,0.8571428571428571,-0.07902735562310037
1241,31,66,5,-61,0.5546218487394958,0.25,-0.3046218487394958,0.9444444444444444,1.0,0.05555555555555558
1683,21,65,4,-61,0.52,0.23529411764705882,-0.2847058823529412,0.8865248226950354,0.8947368421052632,0.008212019410227756
5,29,67,6,-61,0.5153846153846153,0.3,-0.21538461538461534,0.9629629629629629,0.9090909090909091,-0.05387205387205385
1556,1,67,6,-61,0.47183098591549294,0.2727272727272727,-0.19910371318822023,0.9342105263157895,1.0,0.06578947368421051
66,29,68,7,-61,0.5190839694656488,0.35,-0.16908396946564885,0.9776119402985075,0.9523809523809523,-0.02523098791755518
233,24,67,6,-61,0.5193798449612403,0.35294117647058826,-0.1664386684906521,0.9280575539568345,0.85,-0.07805755395683456
577,21,68,7,-61,0.5528455284552846,0.3888888888888889,-0.16395663956639567,0.8978102189781022,0.9473684210526315,0.04955820207452932
1237,29,70,9,-61,0.6194690265486725,0.47368421052631576,-0.14578481602235677,0.9416666666666667,0.9047619047619048,-0.036904761904761885
769,25,68,7,-61,0.5037037037037037,0.3684210526315789,-0.13528265107212473,0.8823529411764706,0.95,0.0676470588235294
1226,23,68,7,-61,0.5230769230769231,0.3888888888888889,-0.1341880341880342,0.9848484848484849,0.9473684210526315,-0.037480063795853336
1524,1,68,7,-61,0.5230769230769231,0.3888888888888889,-0.1341880341880342,0.9848484848484849,1.0,0.015151515151515138
1781,30,69,8,-61,0.5227272727272727,0.4,-0.12272727272727268,0.9777777777777777,1.0,0.022222222222222254
62,1,68,7,-61,0.4444444444444444,0.35,-0.09444444444444444,0.9161676646706587,1.0,0.08383233532934131
1855,12,70,9,-61,0.5,0.42857142857142855,-0.07142857142857145,0.9150326797385621,0.875,-0.04003267973856206
417,12,69,8,-61,0.4859154929577465,0.42105263157894735,-0.06486286137879915,0.8352941176470589,0.7037037037037037,-0.13159041394335513
1894,21,70,9,-61,0.5384615384615384,0.47368421052631576,-0.06477732793522267,0.935251798561151,1.0,0.06474820143884896
680,20,71,10,-61,0.5107913669064749,0.45454545454545453,-0.056245912361020334,0.9391891891891891,0.9565217391304348,0.017332549941245667
465,24,69,8,-61,0.46,0.42105263157894735,-0.038947368421052675,0.9036144578313253,0.9047619047619048,0.0011474469305794432
431,9,69,8,-61,0.5307692307692308,0.5,-0.03076923076923077,0.9701492537313433,1.0,0.02985074626865669
1767,20,70,9,-61,0.5147058823529411,0.5,-0.014705882352941124,0.9645390070921985,0.9473684210526315,-0.017170586039567004
1937,8,72,11,-61,0.5538461538461539,0.55,-0.0038461538461538325,0.948905109489051,1.0,0.051094890510948954
352,12,71,10,-61,0.5546875,0.5555555555555556,0.0008680555555555802,0.9481481481481482,0.9473684210526315,-0.000779727095516658
491,19,72,11,-61,0.5669291338582677,0.5789473684210527,0.012018234562784946,0.9477611940298507,1.0,0.052238805970149294
1041,22,71,10,-61,0.46405228758169936,0.47619047619047616,0.012138188608776801,0.9329268292682927,0.9545454545454546,0.02161862527716185
1056,9,72,11,-61,0.5669291338582677,0.6111111111111112,0.04418197725284345,0.9202898550724637,0.9473684210526315,0.02707856598016778
709,11,74,13,-61,0.6115702479338843,0.6842105263157895,0.07264027838190523,0.9603174603174603,1.0,0.03968253968253965
338,11,72,11,-61,0.4864864864864865,0.6111111111111112,0.12462462462462465,0.8131868131868132,0.8571428571428571,0.04395604395604391
813,2,64,4,-60,0.64,0.23529411764705882,-0.4047058823529412,0.6993006993006993,0.8095238095238095,0.11022311022311027
1193,15,64,4,-60,0.5614035087719298,0.23529411764705882,-0.326109391124871,0.95,0.8947368421052632,-0.05526315789473679
1947,7,64,4,-60,0.6095238095238096,0.2857142857142857,-0.3238095238095239,0.9375,0.875,-0.0625
694,16,64,4,-60,0.5517241379310345,0.26666666666666666,-0.2850574712643678,0.90625,0.9375,0.03125
1511,3,64,4,-60,0.41830065359477125,0.2,-0.21830065359477124,0.9444444444444444,0.9523809523809523,0.007936507936507908
375,26,66,6,-60,0.5,0.3,-0.2,0.9166666666666666,0.9523809523809523,0.0357142857142857
1669,1,65,5,-60,0.4304635761589404,0.23809523809523808,-0.1923683380637023,0.8988095238095238,0.9130434782608695,0.014233954451345676
1245,4,66,6,-60,0.5076923076923077,0.3157894736842105,-0.19190283400809716,0.9701492537313433,0.95,-0.020149253731343353
115,2,66,6,-60,0.515625,0.3333333333333333,-0.18229166666666669,0.847682119205298,0.8181818181818182,-0.02950030102347978
163,16,66,6,-60,0.4647887323943662,0.2857142857142857,-0.1790744466800805,0.9726027397260274,0.9545454545454546,-0.018057285180572813
1161,6,67,7,-60,0.5275590551181102,0.35,-0.1775590551181102,0.9338235294117647,0.9090909090909091,-0.02473262032085566
126,25,67,7,-60,0.5826086956521739,0.4117647058823529,-0.17084398976982096,0.9663865546218487,0.9444444444444444,-0.021942110177404328
483,20,67,7,-60,0.5275590551181102,0.3684210526315789,-0.15913800248653126,0.9694656488549618,1.0,0.03053435114503822
1534,15,67,7,-60,0.5193798449612403,0.3684210526315789,-0.15095879232966142,0.9699248120300752,1.0,0.03007518796992481
802,22,65,5,-60,0.4140127388535032,0.2631578947368421,-0.1508548441166611,0.9289940828402367,0.9047619047619048,-0.02423217807833189
1479,28,70,10,-60,0.6481481481481481,0.5,-0.14814814814814814,0.9230769230769231,1.0,0.07692307692307687
1298,6,67,7,-60,0.4785714285714286,0.35,-0.12857142857142861,0.9655172413793104,0.9523809523809523,-0.013136288998358059
84,27,66,6,-60,0.4748201438848921,0.35294117647058826,-0.12187896741430382,0.8853503184713376,0.7391304347826086,-0.14621988368872896
1707,19,67,7,-60,0.48905109489051096,0.3684210526315789,-0.12063004225893204,0.9194630872483222,0.9047619047619048,-0.014701182486417386
1210,18,68,8,-60,0.48226950354609927,0.36363636363636365,-0.11863313990973562,0.9791666666666666,1.0,0.02083333333333337
326,28,67,7,-60,0.5275590551181102,0.4117647058823529,-0.11579434923575727,0.9694656488549618,0.9444444444444444,-0.02502120441051736
430,31,69,9,-60,0.5476190476190477,0.45,-0.09761904761904766,0.9402985074626866,0.9523809523809523,0.012082444918265711
886,0,71,11,-60,0.5419847328244275,0.4583333333333333,-0.08365139949109418,0.9424460431654677,1.0,0.05755395683453235
635,24,68,8,-60,0.5,0.42105263157894735,-0.07894736842105265,0.9784172661870504,0.9047619047619048,-0.07365536142514562
1763,25,69,9,-60,0.4791666666666667,0.4090909090909091,-0.07007575757575757,0.8622754491017964,0.9565217391304348,0.09424629002863838
1065,5,69,9,-60,0.518796992481203,0.45,-0.06879699248120302,0.9779411764705882,0.9523809523809523,-0.025560224089635875
423,26,70,10,-60,0.5426356589147286,0.47619047619047616,-0.06644518272425248,0.8896551724137931,0.84,-0.049655172413793136
321,26,69,9,-60,0.5655737704918032,0.5,-0.06557377049180324,0.976,0.9473684210526315,-0.028631578947368452
1831,7,70,10,-60,0.6140350877192983,0.5555555555555556,-0.05847953216374269,0.95,0.9,-0.04999999999999993
1745,24,70,10,-60,0.5555555555555556,0.5,-0.05555555555555558,0.9767441860465116,1.0,0.023255813953488413
86,7,69,9,-60,0.6160714285714286,0.5625,-0.0535714285714286,0.9491525423728814,0.8888888888888888,-0.06026365348399254
1523,19,70,10,-60,0.546875,0.5263157894736842,-0.02055921052631582,0.9343065693430657,0.95,0.015693430656934293
912,7,71,11,-60,0.4863013698630137,0.5,0.0136986301369863,0.9798657718120806,1.0,0.020134228187919434
1600,26,71,11,-60,0.5338345864661654,0.55,0.016165413533834605,0.9172413793103448,0.9523809523809523,0.035139573070607555
314,15,72,12,-60,0.5255474452554745,0.5454545454545454,0.019907100199070937,0.9716312056737588,1.0,0.028368794326241176
914,6,73,13,-60,0.5887096774193549,0.6190476190476191,0.030337941628264198,0.9612403100775194,1.0,0.03875968992248058
10,7,73,13,-60,0.5328467153284672,0.5909090909090909,0.05806237558062377,0.9856115107913669,1.0,0.014388489208633115
1189,31,74,14,-60,0.5441176470588235,0.6363636363636364,0.09224598930481287,0.9066666666666666,0.9565217391304348,0.04985507246376819
1019,3,72,12,-60,0.5901639344262295,0.7058823529411765,0.11571841851494702,0.976,0.9444444444444444,-0.03155555555555556
147,4,60,1,-59,0.40268456375838924,0.05,-0.35268456375838925,0.9675324675324676,0.8695652173913043,-0.09796725014116325
1378,25,62,3,-59,0.49206349206349204,0.15789473684210525,-0.3341687552213868,0.9197080291970803,0.95,0.030291970802919677
1409,17,66,7,-59,0.66,0.3333333333333333,-0.3266666666666667,0.6578947368421053,0.9130434782608695,0.2551487414187642
1054,26,63,4,-59,0.4632352941176471,0.21052631578947367,-0.2527089783281734,0.8292682926829268,0.9047619047619048,0.07549361207897798
1836,14,64,5,-59,0.49612403100775193,0.25,-0.24612403100775193,0.9626865671641791,1.0,0.03731343283582089
1872,27,65,6,-59,0.5603448275862069,0.3333333333333333,-0.22701149425287354,0.9354838709677419,0.9473684210526315,0.011884550084889645
1595,1,65,6,-59,0.5,0.3,-0.2,0.9848484848484849,1.0,0.015151515151515138
1954,19,66,7,-59,0.5789473684210527,0.3888888888888889,-0.19005847953216376,0.8837209302325582,0.8571428571428571,-0.02657807308970106
1898,31,64,5,-59,0.5,0.3125,-0.1875,0.9343065693430657,0.9411764705882353,0.006869901245169618
400,19,67,8,-59,0.5447154471544715,0.4,-0.1447154471544715,0.9609375,0.9523809523809523,-0.008556547619047672
24,12,68,9,-59,0.6181818181818182,0.47368421052631576,-0.1444976076555024,0.859375,0.95,0.09062499999999996
1228,29,66,7,-59,0.5076923076923077,0.3684210526315789,-0.13927125506072874,0.935251798561151,0.8636363636363636,-0.07161543492478739
1348,8,66,7,-59,0.5038167938931297,0.3684210526315789,-0.1353957412615508,0.9097222222222222,0.95,0.040277777777777746
69,31,67,8,-59,0.5775862068965517,0.4444444444444444,-0.1331417624521073,0.90625,0.9473684210526315,0.041118421052631526
415,3,66,7,-59,0.48175182481751827,0.35,-0.1317518248175183,0.9513888888888888,0.9523809523809523,0.0009920634920634885
632,3,66,7,-59,0.48175182481751827,0.3684210526315789,-0.11333077218593934,0.958041958041958,1.0,0.04195804195804198
1643,20,65,6,-59,0.4421768707482993,0.3333333333333333,-0.108843537414966,1.0,1.0,0.0
1165,6,66,7,-59,0.4583333333333333,0.35,-0.10833333333333334,0.9664429530201343,0.9523809523809523,-0.014062000639181949
365,25,67,8,-59,0.5275590551181102,0.42105263157894735,-0.10650642353916284,0.9071428571428571,0.9047619047619048,-0.0023809523809523725
1100,7,67,8,-59,0.4962962962962963,0.4,-0.09629629629629627,0.9712230215827338,1.0,0.02877697841726623
1419,5,66,7,-59,0.5238095238095238,0.4375,-0.08630952380952384,0.9402985074626866,0.8888888888888888,-0.05140961857379778
1902,22,69,10,-59,0.5609756097560976,0.47619047619047616,-0.08478513356562145,0.9761904761904762,0.9545454545454546,-0.021645021645021578
1146,6,67,8,-59,0.5275590551181102,0.4444444444444444,-0.08311461067366577,0.9694656488549618,0.9,-0.06946564885496176
1495,23,67,8,-59,0.4785714285714286,0.4,-0.07857142857142857,0.9790209790209791,1.0,0.020979020979020935
555,0,69,10,-59,0.552,0.47619047619047616,-0.07580952380952388,0.9765625,1.0,0.0234375
409,24,67,8,-59,0.4785714285714286,0.42105263157894735,-0.05751879699248125,0.8974358974358975,0.95,0.05256410256410249
558,1,68,9,-59,0.5573770491803278,0.5,-0.05737704918032782,0.9606299212598425,0.9473684210526315,-0.013261500207210952
516,12,69,10,-59,0.5564516129032258,0.5,-0.056451612903225756,0.8920863309352518,1.0,0.1079136690647482
1496,10,68,9,-59,0.5271317829457365,0.47368421052631576,-0.05344757241942072,0.9020979020979021,0.9047619047619048,0.002664002664002685
1558,9,71,12,-59,0.568,0.5217391304347826,-0.046260869565217355,0.9765625,0.9583333333333334,-0.01822916666666663
1147,5,68,9,-59,0.5151515151515151,0.47368421052631576,-0.041467304625199375,0.8918918918918919,1.0,0.10810810810810811
526,0,68,9,-59,0.4892086330935252,0.45,-0.03920863309352518,0.972027972027972,0.9523809523809523,-0.019647019647019648
835,30,70,11,-59,0.5785123966942148,0.55,-0.028512396694214792,0.983739837398374,1.0,0.016260162601625994
1982,19,68,9,-59,0.4689655172413793,0.45,-0.018965517241379293,0.9797297297297297,1.0,0.020270270270270285
1890,10,67,8,-59,0.48201438848920863,0.47058823529411764,-0.011426153195090993,0.896774193548387,0.8947368421052632,-0.0020373514431238915
1696,11,70,11,-59,0.5343511450381679,0.5238095238095238,-0.010541621228644105,0.9290780141843972,1.0,0.07092198581560283
1317,27,69,10,-59,0.4859154929577465,0.5,0.014084507042253502,0.9861111111111112,0.9090909090909091,-0.0770202020202021
578,7,68,9,-59,0.48226950354609927,0.5,0.017730496453900735,0.986013986013986,1.0,0.013986013986013957
1990,16,71,12,-59,0.5378787878787878,0.6,0.06212121212121213,0.9777777777777777,1.0,0.022222222222222254
1392,4,73,14,-59,0.5572519083969466,0.6666666666666666,0.10941475826972002,0.9849624060150376,1.0,0.015037593984962405
737,19,63,5,-58,0.63,0.2777777777777778,-0.3522222222222222,0.8620689655172413,0.9473684210526315,0.0852994555353902
880,22,63,5,-58,0.49606299212598426,0.2631578947368421,-0.23290509738914217,0.9769230769230769,1.0,0.023076923076923106
1698,4,63,5,-58,0.5431034482758621,0.3125,-0.2306034482758621,0.9830508474576272,1.0,0.016949152542372836
1068,14,63,5,-58,0.5338983050847458,0.3125,-0.22139830508474578,0.9833333333333333,1.0,0.01666666666666672
1821,19,63,5,-58,0.47368421052631576,0.2631578947368421,-0.21052631578947367,0.9851851851851852,1.0,0.014814814814814836
810,28,62,4,-58,0.4305555555555556,0.2222222222222222,-0.20833333333333337,0.9795918367346939,0.9,-0.07959183673469383
1329,7,65,7,-58,0.5752212389380531,0.3684210526315789,-0.20680018630647418,0.9576271186440678,0.95,-0.007627118644067843
16,8,65,7,-58,0.5508474576271186,0.35,-0.20084745762711864,0.9833333333333333,1.0,0.01666666666666672
366,26,65,7,-58,0.5803571428571429,0.3888888888888889,-0.191468253968254,0.9572649572649573,0.9473684210526315,-0.00989653621232578
50,31,64,6,-58,0.5818181818181818,0.4,-0.18181818181818177,0.9166666666666666,0.9375,0.02083333333333337
328,15,64,6,-58,0.5714285714285714,0.4,-0.17142857142857137,0.9333333333333333,0.8823529411764706,-0.050980392156862786
585,13,65,7,-58,0.5327868852459017,0.3684210526315789,-0.16436583261432275,0.953125,1.0,0.046875
1706,16,66,8,-58,0.49624060150375937,0.34782608695652173,-0.14841451454723764,0.9236111111111112,1.0,0.07638888888888884
1636,27,66,8,-58,0.5238095238095238,0.4,-0.12380952380952381,0.9767441860465116,0.9523809523809523,-0.02436323366555926
679,8,66,8,-58,0.5196850393700787,0.4,-0.11968503937007868,0.9477611940298507,0.9523809523809523,0.004619758351101622
738,1,64,6,-58,0.41830065359477125,0.3,-0.11830065359477127,0.9935064935064936,0.9523809523809523,-0.04112554112554123
1434,14,65,7,-58,0.4676258992805755,0.35,-0.11762589928057554,0.9391891891891891,0.9523809523809523,0.013191763191763184
1188,8,67,9,-58,0.48201438848920863,0.391304347826087,-0.09071004066312166,0.9652777777777778,0.9583333333333334,-0.00694444444444442
945,23,66,8,-58,0.46808510638297873,0.38095238095238093,-0.0871327254305978,0.9929577464788732,1.0,0.007042253521126751
1711,6,67,9,-58,0.5234375,0.45,-0.07343749999999999,0.9552238805970149,0.9523809523809523,-0.002842928216062579
662,17,66,8,-58,0.515625,0.4444444444444444,-0.07118055555555558,0.927536231884058,0.9473684210526315,0.019832189168573544
1909,27,67,9,-58,0.5037593984962406,0.45,-0.05375939849624062,0.9851851851851852,1.0,0.014814814814814836
754,24,67,9,-58,0.4962962962962963,0.45,-0.04629629629629628,0.9121621621621622,1.0,0.08783783783783783
434,16,66,8,-58,0.44594594594594594,0.4,-0.04594594594594592,0.9866666666666667,0.9523809523809523,-0.034285714285714364
788,9,65,7,-58,0.4140127388535032,0.3684210526315789,-0.04559168622192428,0.9691358024691358,0.8636363636363636,-0.10549943883277213
264,8,67,9,-58,0.5153846153846153,0.47368421052631576,-0.04170040485829957,0.9923664122137404,0.9047619047619048,-0.08760450745183568
651,6,67,9,-58,0.48905109489051096,0.45,-0.03905109489051095,0.9856115107913669,1.0,0.014388489208633115
1757,8,66,8,-58,0.4520547945205479,0.42105263157894735,-0.031002162941600575,0.9733333333333334,0.9047619047619048,-0.06857142857142862
133,7,68,10,-58,0.46258503401360546,0.43478260869565216,-0.027802425317953294,0.9545454545454546,0.9583333333333334,0.0037878787878787845
442,15,66,8,-58,0.559322033898305,0.5333333333333333,-0.025988700564971712,0.944,0.8823529411764706,-0.06164705882352939
445,31,68,10,-58,0.5190839694656488,0.5,-0.01908396946564883,0.9424460431654677,0.8695652173913043,-0.07288082577416333
278,11,67,9,-58,0.5153846153846153,0.5,-0.01538461538461533,0.9558823529411765,0.9,-0.055882352941176494
678,20,68,10,-58,0.4892086330935252,0.47619047619047616,-0.013018156903049027,0.9586206896551724,0.9545454545454546,-0.004075235109717856
497,22,68,10,-58,0.5666666666666667,0.5555555555555556,-0.011111111111111072,0.916030534351145,0.9473684210526315,0.03133788670148652
1593,23,69,11,-58,0.5348837209302325,0.5238095238095238,-0.011074197120708673,0.9626865671641791,1.0,0.03731343283582089
1038,21,67,9,-58,0.5403225806451613,0.5294117647058824,-0.010910815939278895,0.9538461538461539,0.9444444444444444,-0.00940170940170948
286,6,70,12,-58,0.6666666666666666,0.6666666666666666,0.0,0.9459459459459459,0.9,-0.04594594594594592
1852,14,68,10,-58,0.49635036496350365,0.5,0.003649635036496346,0.9647887323943662,0.9523809523809523,-0.012407780013413916
469,9,67,9,-58,0.5403225806451613,0.5625,0.022177419354838745,0.9841269841269841,0.8421052631578947,-0.14202172096908938
1991,22,68,10,-58,0.5112781954887218,0.5555555555555556,0.044277360066833804,0.9851851851851852,0.9,-0.08518518518518514
676,10,71,13,-58,0.5546875,0.65,0.09531250000000002,0.9411764705882353,1.0,0.05882352941176472
1499,21,70,12,-58,0.5982905982905983,0.7058823529411765,0.10759175465057824,0.936,0.8947368421052632,-0.04126315789473689
1569,26,62,5,-57,0.5254237288135594,0.25,-0.27542372881355937,0.9672131147540983,0.9523809523809523,-0.014832162373145996
995,24,61,4,-57,0.45185185185185184,0.2,-0.2518518518518518,0.9246575342465754,0.8695652173913043,-0.05509231685527105
1968,17,61,4,-57,0.45185185185185184,0.2222222222222222,-0.22962962962962963,0.9642857142857143,0.8571428571428571,-0.1071428571428572
1134,6,62,5,-57,0.543859649122807,0.3333333333333333,-0.21052631578947373,0.95,0.8823529411764706,-0.0676470588235294
611,2,66,9,-57,0.6534653465346535,0.45,-0.20346534653465348,0.6870748299319728,1.0,0.3129251700680272
125,10,64,7,-57,0.5333333333333333,0.35,-0.18333333333333335,0.916030534351145,0.8,-0.11603053435114496
1833,11,63,6,-57,0.47368421052631576,0.3,-0.17368421052631577,0.9047619047619048,0.7407407407407407,-0.16402116402116407
618,21,62,5,-57,0.4492753623188406,0.2777777777777778,-0.1714975845410628,0.9452054794520548,0.8571428571428571,-0.0880626223091977
990,18,64,7,-57,0.5245901639344263,0.3684210526315789,-0.15616911130284733,0.976,0.95,-0.026000000000000023
850,26,64,7,-57,0.5925925925925926,0.4375,-0.15509259259259256,0.9473684210526315,0.9411764705882353,-0.006191950464396245
2016,21,64,7,-57,0.49612403100775193,0.35,-0.14612403100775195,0.9148936170212766,0.9090909090909091,-0.005802707930367523
1649,0,63,6,-57,0.4405594405594406,0.3,-0.14055944055944058,0.9285714285714286,1.0,0.0714285714285714
1026,25,62,5,-57,0.4305555555555556,0.29411764705882354,-0.13643790849673204,0.935064935064935,0.8095238095238095,-0.1255411255411255
1945,22,64,7,-57,0.5245901639344263,0.3888888888888889,-0.13570127504553736,0.9384615384615385,0.8181818181818182,-0.12027972027972023
817,15,64,7,-57,0.4507042253521127,0.3181818181818182,-0.1325224071702945,0.9403973509933775,0.9166666666666666,-0.023730684326710882
548,20,64,7,-57,0.48120300751879697,0.35,-0.131203007518797,0.9925373134328358,1.0,0.007462686567164201
743,16,64,7,-57,0.47761194029850745,0.3684210526315789,-0.10919088766692853,0.950354609929078,0.95,-0.00035460992907809796
1614,16,66,9,-57,0.5365853658536586,0.42857142857142855,-0.10801393728223002,0.8978102189781022,0.9130434782608695,0.015233259282767309
1596,2,65,8,-57,0.5284552845528455,0.42105263157894735,-0.10740265297389817,0.8541666666666666,0.76,-0.09416666666666662
1003,11,66,9,-57,0.6055045871559633,0.5,-0.10550458715596334,0.9159663865546218,0.9473684210526315,0.03140203449800971
269,1,65,8,-57,0.5158730158730159,0.42105263157894735,-0.09482038429406858,0.9618320610687023,1.0,0.03816793893129766
1989,3,66,9,-57,0.46808510638297873,0.375,-0.09308510638297873,0.9155844155844156,0.9230769230769231,0.007492507492507516
511,16,65,8,-57,0.49242424242424243,0.4,-0.09242424242424241,0.9295774647887324,0.9523809523809523,0.02280348759221995
518,19,63,6,-57,0.4846153846153846,0.4,-0.08461538461538459,0.9923664122137404,0.7894736842105263,-0.20289272800321412
120,20,64,7,-57,0.49612403100775193,0.4117647058823529,-0.08435932512539901,0.9772727272727273,0.9444444444444444,-0.03282828282828287
1762,12,64,7,-57,0.5203252032520326,0.4375,-0.08282520325203258,0.9044117647058824,0.8421052631578947,-0.06230650154798767
1011,6,65,8,-57,0.4452054794520548,0.36363636363636365,-0.08156911581569115,0.9012345679012346,0.9166666666666666,0.015432098765432056
891,16,65,8,-57,0.46099290780141844,0.38095238095238093,-0.08004052684903751,0.9527027027027027,1.0,0.04729729729729726
6,13,63,6,-57,0.45323741007194246,0.375,-0.07823741007194246,0.8853503184713376,0.7619047619047619,-0.12344555656657574
1122,0,65,8,-57,0.47794117647058826,0.4,-0.07794117647058824,0.9066666666666666,0.9523809523809523,0.04571428571428571
484,26,65,8,-57,0.45454545454545453,0.38095238095238093,-0.0735930735930736,0.7944444444444444,0.9130434782608695,0.11859903381642511
1093,6,67,10,-57,0.5929203539823009,0.5263157894736842,-0.06660456450861674,0.9826086956521739,1.0,0.017391304347826098
196,6,67,10,-57,0.5037593984962406,0.45454545454545453,-0.0492139439507861,0.8926174496644296,1.0,0.10738255033557043
356,3,65,8,-57,0.4452054794520548,0.4,-0.045205479452054775,0.8588235294117647,0.9523809523809523,0.09355742296918768
312,23,66,9,-57,0.5739130434782609,0.5294117647058824,-0.04450127877237853,0.9504132231404959,0.9444444444444444,-0.005968778696051502
1205,17,66,9,-57,0.515625,0.5,-0.015625,0.9846153846153847,0.9473684210526315,-0.037246963562753144
616,1,67,10,-57,0.4527027027027027,0.45454545454545453,0.0018427518427518441,0.9866666666666667,0.9565217391304348,-0.03014492753623188
1364,28,67,10,-57,0.4407894736842105,0.45454545454545453,0.013755980861244022,0.9620253164556962,1.0,0.03797468354430378
764,8,67,10,-57,0.4855072463768116,0.5,0.014492753623188415,0.971830985915493,1.0,0.028169014084507005
35,7,69,12,-57,0.5798319327731093,0.6,0.020168067226890685,0.9834710743801653,1.0,0.016528925619834656
1980,5,66,9,-57,0.616822429906542,0.6428571428571429,0.02603471295060089,0.8106060606060606,0.7777777777777778,-0.03282828282828276
2032,24,67,10,-57,0.48905109489051096,0.5263157894736842,0.03726469458317322,0.9513888888888888,0.95,-0.001388888888888884
1091,19,68,11,-57,0.4689655172413793,0.5238095238095238,0.05484400656814453,0.9415584415584416,0.9130434782608695,-0.028514963297572082
337,9,72,15,-57,0.5669291338582677,0.75,0.1830708661417323,0.9844961240310077,1.0,0.015503875968992276
1782,21,59,3,-56,0.6020408163265306,0.17647058823529413,-0.42557022809123646,0.8376068376068376,1.0,0.16239316239316237
998,0,59,3,-56,0.5267857142857143,0.15789473684210525,-0.36889097744360905,0.9411764705882353,1.0,0.05882352941176472
814,18,61,5,-56,0.4765625,0.25,-0.2265625,0.9696969696969697,1.0,0.030303030303030276
413,17,62,6,-56,0.5794392523364486,0.35294117647058826,-0.2264980758658603,0.9385964912280702,0.8947368421052632,-0.04385964912280704
1416,16,61,5,-56,0.5,0.2777777777777778,-0.2222222222222222,0.9606299212598425,0.8571428571428571,-0.10348706411698538
1272,31,62,6,-56,0.49206349206349204,0.2727272727272727,-0.21933621933621933,0.7682926829268293,0.9565217391304348,0.18822905620360553
1073,31,61,5,-56,0.46564885496183206,0.25,-0.21564885496183206,0.9492753623188406,1.0,0.050724637681159424
1380,14,62,6,-56,0.496,0.2857142857142857,-0.2102857142857143,0.9689922480620154,0.9545454545454546,-0.014446793516560863
1695,23,64,8,-56,0.6095238095238096,0.42105263157894735,-0.18847117794486223,0.8333333333333334,1.0,0.16666666666666663
1381,23,63,7,-56,0.5294117647058824,0.3684210526315789,-0.16099071207430343,0.952,1.0,0.04800000000000004
1135,15,62,6,-56,0.5081967213114754,0.35294117647058826,-0.15525554484088716,0.9384615384615385,0.9444444444444444,0.005982905982905962
1142,11,63,7,-56,0.45,0.30434782608695654,-0.14565217391304347,0.9655172413793104,1.0,0.03448275862068961
778,5,64,8,-56,0.5470085470085471,0.42105263157894735,-0.12595591542959972,0.9831932773109243,0.95,-0.03319327731092436
1089,14,63,7,-56,0.45323741007194246,0.3333333333333333,-0.11990407673860914,0.9205298013245033,1.0,0.07947019867549665
1080,16,63,7,-56,0.44366197183098594,0.3333333333333333,-0.11032863849765262,0.9861111111111112,0.9130434782608695,-0.07306763285024165
1206,13,63,7,-56,0.45652173913043476,0.35,-0.10652173913043478,0.9387755102040817,0.9523809523809523,0.013605442176870652
1888,15,62,6,-56,0.5040650406504065,0.4,-0.10406504065040645,0.9609375,0.9375,-0.0234375
905,16,64,8,-56,0.5714285714285714,0.47058823529411764,-0.10084033613445376,0.9491525423728814,0.9444444444444444,-0.004708097928436961
1903,27,64,8,-56,0.47058823529411764,0.38095238095238093,-0.08963585434173671,0.7906976744186046,1.0,0.2093023255813954
1007,6,65,9,-56,0.5327868852459017,0.45,-0.08278688524590166,0.976,0.9523809523809523,-0.02361904761904765
425,5,64,8,-56,0.48854961832061067,0.42105263157894735,-0.06749698674166332,0.9776119402985075,0.95,-0.027611940298507553
1972,27,64,8,-56,0.45714285714285713,0.4,-0.057142857142857106,0.9210526315789473,0.9090909090909091,-0.011961722488038284
315,13,66,10,-56,0.5689655172413793,0.5263157894736842,-0.042649727767695156,0.9830508474576272,0.95,-0.03305084745762721
1430,11,64,8,-56,0.4507042253521127,0.42105263157894735,-0.02965159377316534,0.8930817610062893,0.9047619047619048,0.011680143755615435
1050,9,64,8,-56,0.5289256198347108,0.5,-0.02892561983471076,0.968,0.9411764705882353,-0.02682352941176469
1159,16,66,10,-56,0.528,0.5,-0.028000000000000025,0.9191176470588235,1.0,0.08088235294117652
173,30,66,10,-56,0.4925373134328358,0.47619047619047616,-0.016346837242359635,0.9305555555555556,0.9545454545454546,0.023989898989899006
1539,29,65,9,-56,0.4642857142857143,0.45,-0.01428571428571429,0.9722222222222222,0.9523809523809523,-0.019841269841269882
1222,20,67,11,-56,0.5317460317460317,0.55,0.0182539682539683,0.9767441860465116,1.0,0.023255813953488413
1632,14,66,10,-56,0.4888888888888889,0.5263157894736842,0.03742690058479531,0.9507042253521126,0.95,-0.0007042253521126751
229,9,66,10,-56,0.44,0.5,0.06,0.9803921568627451,0.9523809523809523,-0.02801120448179273
1988,25,70,14,-56,0.5691056910569106,0.6363636363636364,0.0672579453067258,0.924812030075188,0.9166666666666666,-0.008145363408521344
664,21,67,11,-56,0.4407894736842105,0.5238095238095238,0.08302005012531333,0.9212121212121213,0.9545454545454546,0.033333333333333326
1778,11,67,11,-56,0.43790849673202614,0.5238095238095238,0.0859010270774977,0.8360655737704918,0.9545454545454546,0.11847988077496274
153,19,68,12,-56,0.5573770491803278,0.6666666666666666,0.10928961748633881,0.8776978417266187,0.9473684210526315,0.06967057932601284
677,15,60,5,-55,0.594059405940594,0.2777777777777778,-0.31628162816281624,0.9181818181818182,1.0,0.08181818181818179
178,7,58,3,-55,0.4715447154471545,0.2,-0.27154471544715447,0.984,0.8823529411764706,-0.10164705882352942
485,19,59,4,-55,0.4796747967479675,0.21052631578947367,-0.2691484809584938,0.9761904761904762,1.0,0.023809523809523836
1790,8,60,5,-55,0.5405405405405406,0.29411764705882354,-0.24642289348171703,0.9736842105263158,0.9444444444444444,-0.0292397660818714
2008,11,60,5,-55,0.48,0.2777777777777778,-0.2022222222222222,0.946969696969697,0.9473684210526315,0.00039872408293450956
104,1,60,5,-55,0.47619047619047616,0.2777777777777778,-0.19841269841269837,0.9402985074626866,1.0,0.05970149253731338
1967,0,61,6,-55,0.4765625,0.2857142857142857,-0.1908482142857143,0.9624060150375939,1.0,0.03759398496240607
974,5,61,6,-55,0.488,0.3,-0.188,0.8992805755395683,1.0,0.1007194244604317
964,24,60,5,-55,0.4166666666666667,0.25,-0.16666666666666669,0.9536423841059603,0.9523809523809523,-0.0012614317250079221
160,19,61,6,-55,0.5398230088495575,0.4,-0.13982300884955745,0.9576271186440678,0.8333333333333334,-0.12429378531073443
1732,19,60,5,-55,0.45112781954887216,0.3125,-0.13862781954887216,0.9432624113475178,0.9411764705882353,-0.0020859407592824786
94,4,63,8,-55,0.5526315789473685,0.42105263157894735,-0.13157894736842113,0.926829268292683,1.0,0.07317073170731703
1941,0,63,8,-55,0.5163934426229508,0.4,-0.11639344262295082,0.9606299212598425,1.0,0.03937007874015752
704,15,63,8,-55,0.5,0.4,-0.09999999999999998,0.9618320610687023,0.9523809523809523,-0.00945110868775001
1983,5,64,9,-55,0.5981308411214953,0.5,-0.09813084112149528,0.981651376146789,1.0,0.01834862385321101
522,18,64,9,-55,0.5565217391304348,0.47368421052631576,-0.08283752860411903,0.9745762711864406,0.95,-0.02457627118644068
786,21,63,8,-55,0.5526315789473685,0.47058823529411764,-0.08204334365325083,0.9344262295081968,0.9444444444444444,0.01001821493624766
1144,5,62,7,-55,0.4460431654676259,0.3684210526315789,-0.07762211283604697,0.9858156028368794,0.95,-0.03581560283687946
1310,3,64,9,-55,0.5203252032520326,0.45,-0.07032520325203256,0.8978102189781022,0.9090909090909091,0.011280690112806857
1699,1,64,9,-55,0.47761194029850745,0.42857142857142855,-0.049040511727078906,0.9925925925925926,1.0,0.007407407407407418
1892,28,63,8,-55,0.45985401459854014,0.42105263157894735,-0.038801383019592794,0.9927536231884058,1.0,0.007246376811594235
1751,26,65,10,-55,0.5327868852459017,0.5,-0.032786885245901676,0.9682539682539683,1.0,0.031746031746031744
961,19,64,9,-55,0.5565217391304348,0.5294117647058824,-0.02710997442455243,0.8984375,0.85,-0.04843750000000002
1759,18,64,9,-55,0.4444444444444444,0.42857142857142855,-0.015873015873015872,0.9536423841059603,0.9545454545454546,0.0009030704394943356
186,1,65,10,-55,0.5416666666666666,0.5263157894736842,-0.015350877192982448,0.9836065573770492,1.0,0.016393442622950838
146,23,64,9,-55,0.463768115942029,0.45,-0.01376811594202898,0.9787234042553191,1.0,0.021276595744680882
1464,14,64,9,-55,0.5378151260504201,0.5294117647058824,-0.008403361344537785,0.9296875,0.9444444444444444,0.01475694444444442
462,26,64,9,-55,0.4413793103448276,0.45,0.008620689655172431,0.9731543624161074,0.9090909090909091,-0.06406345332519836
1810,6,63,8,-55,0.45985401459854014,0.47058823529411764,0.010734220695577501,0.9785714285714285,0.9444444444444444,-0.03412698412698412
209,22,65,10,-55,0.48507462686567165,0.5,0.014925373134328346,0.9436619718309859,0.9523809523809523,0.008718980549966449
1384,20,64,9,-55,0.45714285714285713,0.47368421052631576,0.016541353383458635,0.9790209790209791,0.95,-0.02902097902097911
892,27,64,9,-55,0.43243243243243246,0.45,0.017567567567567555,0.8654970760233918,0.8333333333333334,-0.032163742690058394
948,15,66,11,-55,0.559322033898305,0.5789473684210527,0.019625334522747617,0.9833333333333333,1.0,0.01666666666666672
437,22,64,9,-55,0.45390070921985815,0.47368421052631576,0.019783501306457618,0.9929577464788732,1.0,0.007042253521126751
625,0,66,11,-55,0.4583333333333333,0.4782608695652174,0.01992753623188409,0.9411764705882353,0.9583333333333334,0.01715686274509809
1993,16,66,11,-55,0.5365853658536586,0.5789473684210527,0.042362002567394086,0.9761904761904762,1.0,0.023809523809523836
617,29,65,10,-55,0.4088050314465409,0.47619047619047616,0.06738544474393526,0.9875776397515528,1.0,0.012422360248447228
234,7,65,10,-55,0.5158730158730159,0.5882352941176471,0.07236227824463115,0.9767441860465116,1.0,0.023255813953488413
1875,18,67,12,-55,0.46206896551724136,0.5454545454545454,0.08338557993730406,0.9539473684210527,1.0,0.046052631578947345
1612,3,66,11,-55,0.4925373134328358,0.5789473684210527,0.08641005498821686,0.9710144927536232,0.9047619047619048,-0.0662525879917184
561,13,58,4,-54,0.5178571428571429,0.21052631578947367,-0.30733082706766923,0.7088607594936709,0.95,0.24113924050632907
470,7,58,4,-54,0.5225225225225225,0.23529411764705882,-0.2872284048754637,0.9487179487179487,0.85,-0.0987179487179487
105,3,58,4,-54,0.4566929133858268,0.25,-0.2066929133858268,0.9844961240310077,0.9411764705882353,-0.04331965344277244
923,13,61,7,-54,0.5865384615384616,0.4117647058823529,-0.17477375565610864,0.5652173913043478,0.7391304347826086,0.17391304347826086
1066,27,61,7,-54,0.5083333333333333,0.35,-0.15833333333333333,0.9448818897637795,1.0,0.055118110236220486
240,22,59,5,-54,0.48760330578512395,0.3333333333333333,-0.15426997245179064,0.968,0.8823529411764706,-0.08564705882352941
113,27,61,7,-54,0.5446428571428571,0.4117647058823529,-0.13287815126050417,0.9411764705882353,1.0,0.05882352941176472
1102,22,61,7,-54,0.5350877192982456,0.4117647058823529,-0.12332301341589269,0.9743589743589743,1.0,0.02564102564102566
438,1,62,8,-54,0.484375,0.36363636363636365,-0.12073863636363635,0.9770992366412213,1.0,0.022900763358778664
930,6,61,7,-54,0.5041322314049587,0.3888888888888889,-0.11524334251606977,0.983739837398374,0.9,-0.08373983739837398
621,14,60,6,-54,0.43478260869565216,0.3333333333333333,-0.10144927536231885,0.9787234042553191,1.0,0.021276595744680882
1440,3,61,7,-54,0.44525547445255476,0.35,-0.09525547445255478,0.9716312056737588,1.0,0.028368794326241176
123,1,62,8,-54,0.5391304347826087,0.4444444444444444,-0.09468599033816427,0.9426229508196722,1.0,0.05737704918032782
1441,6,61,7,-54,0.40939597315436244,0.35,-0.05939597315436246,0.9612903225806452,0.9090909090909091,-0.05219941348973611
1555,1,62,8,-54,0.45255474452554745,0.4,-0.052554744525547425,0.9927536231884058,0.9523809523809523,-0.04037267080745344
770,15,62,8,-54,0.5166666666666667,0.47058823529411764,-0.04607843137254908,0.975609756097561,0.9444444444444444,-0.031165311653116534
136,10,65,11,-54,0.48148148148148145,0.4583333333333333,-0.02314814814814814,0.9375,0.96,0.022499999999999964
1951,8,62,8,-54,0.45925925925925926,0.4444444444444444,-0.014814814814814836,0.9712230215827338,0.9,-0.07122302158273375
1140,28,65,11,-54,0.6565656565656566,0.6470588235294118,-0.009506833036244777,0.8839285714285714,0.9444444444444444,0.06051587301587302
1615,24,62,8,-54,0.4305555555555556,0.42105263157894735,-0.009502923976608235,0.96,0.9047619047619048,-0.0552380952380952
894,19,64,10,-54,0.5517241379310345,0.5555555555555556,0.003831417624521105,0.9666666666666667,1.0,0.033333333333333326
1385,3,64,10,-54,0.5161290322580645,0.5263157894736842,0.01018675721561968,0.96875,1.0,0.03125
1547,13,65,11,-54,0.5371900826446281,0.55,0.012809917355371958,0.9918032786885246,1.0,0.008196721311475419
180,0,64,10,-54,0.512,0.5263157894736842,0.01431578947368417,0.9765625,1.0,0.0234375
815,0,63,9,-54,0.43448275862068964,0.45,0.015517241379310376,0.9666666666666667,1.0,0.033333333333333326
924,16,62,8,-54,0.40522875816993464,0.42105263157894735,0.0158238734090127,0.9935064935064936,1.0,0.00649350649350644
1973,23,63,9,-54,0.45652173913043476,0.47368421052631576,0.017162471395881007,0.9928057553956835,0.95,-0.04280575539568354
1824,26,65,11,-54,0.5284552845528455,0.55,0.021544715447154528,0.9534883720930233,1.0,0.046511627906976716
1665,3,64,10,-54,0.4507042253521127,0.47619047619047616,0.025486250838363478,0.9659863945578231,1.0,0.03401360544217691
597,11,64,10,-54,0.5,0.5263157894736842,0.02631578947368418,0.9142857142857143,0.95,0.0357142857142857
440,6,64,10,-54,0.5245901639344263,0.5555555555555556,0.030965391621129323,0.9606299212598425,1.0,0.03937007874015752
1365,18,63,9,-54,0.4375,0.47368421052631576,0.03618421052631576,0.993103448275862,1.0,0.006896551724137945
261,18,64,10,-54,0.45390070921985815,0.5,0.046099290780141855,0.9657534246575342,0.9523809523809523,-0.013372472276581893
1761,18,64,10,-54,0.47058823529411764,0.5263157894736842,0.05572755417956654,1.0,1.0,0.0
398,0,65,11,-54,0.4642857142857143,0.5238095238095238,0.059523809523809534,0.9859154929577465,0.9545454545454546,-0.03137003841229191
232,24,65,11,-54,0.4391891891891892,0.5238095238095238,0.08462033462033464,0.8705882352941177,0.84,-0.030588235294117694
1541,29,65,11,-54,0.4676258992805755,0.5789473684210527,0.11132146914047714,0.9266666666666666,1.0,0.07333333333333336
1213,20,67,13,-54,0.47183098591549294,0.6842105263157895,0.21237954040029655,0.9726027397260274,0.95,-0.022602739726027443
381,30,60,7,-53,0.5825242718446602,0.3888888888888889,-0.19363538295577126,0.9279279279279279,1.0,0.07207207207207211
41,8,58,5,-53,0.4393939393939394,0.2777777777777778,-0.1616161616161616,0.9850746268656716,1.0,0.014925373134328401
1985,17,62,9,-53,0.6888888888888889,0.5294117647058824,-0.15947712418300652,0.8490566037735849,1.0,0.15094339622641506
290,28,61,8,-53,0.5446428571428571,0.4,-0.14464285714285707,0.9572649572649573,1.0,0.042735042735042694
1262,10,59,6,-53,0.472,0.3333333333333333,-0.13866666666666666,0.9541984732824428,1.0,0.04580152671755722
1624,5,61,8,-53,0.5596330275229358,0.42105263157894735,-0.1385803959439884,0.9646017699115044,1.0,0.03539823008849563
44,22,60,7,-53,0.5084745762711864,0.3888888888888889,-0.11958568738229752,0.944,0.9473684210526315,0.003368421052631576
368,11,60,7,-53,0.4878048780487805,0.3684210526315789,-0.11938382541720155,0.9111111111111111,1.0,0.0888888888888889
702,28,61,8,-53,0.5126050420168067,0.4,-0.11260504201680666,0.9754098360655737,0.9090909090909091,-0.06631892697466468
806,10,60,7,-53,0.4225352112676056,0.3181818181818182,-0.10435339308578745,0.922077922077922,0.9166666666666666,-0.005411255411255422
1817,13,60,7,-53,0.47244094488188976,0.3684210526315789,-0.10401989225031083,0.8819444444444444,0.8636363636363636,-0.018308080808080773
1383,28,61,8,-53,0.48031496062992124,0.4,-0.08031496062992122,0.9844961240310077,0.9523809523809523,-0.032115171650055396
996,1,61,8,-53,0.4765625,0.4,-0.07656249999999998,0.9411764705882353,0.9523809523809523,0.011204481792717047
1651,7,60,7,-53,0.4166666666666667,0.35,-0.06666666666666671,0.972972972972973,1.0,0.027027027027026973
1034,7,61,8,-53,0.44525547445255476,0.38095238095238093,-0.06430309350017382,0.9513888888888888,1.0,0.04861111111111116
884,25,61,8,-53,0.44525547445255476,0.4,-0.045255474452554734,0.9194630872483222,0.9523809523809523,0.032917865132630175
185,24,61,8,-53,0.4420289855072464,0.4,-0.042028985507246375,0.9019607843137255,0.9090909090909091,0.007130124777183555
1319,8,61,8,-53,0.5083333333333333,0.47058823529411764,-0.03774509803921566,0.96,1.0,0.040000000000000036
970,11,62,9,-53,0.45925925925925926,0.42857142857142855,-0.03068783068783071,0.7894736842105263,0.7777777777777778,-0.011695906432748537
1028,9,61,8,-53,0.5083333333333333,0.5,-0.008333333333333304,1.0,0.9411764705882353,-0.05882352941176472
481,25,63,10,-53,0.5,0.5,0.0,0.9692307692307692,1.0,0.03076923076923077
1168,25,63,10,-53,0.5338983050847458,0.5555555555555556,0.021657250470809797,0.944,0.9473684210526315,0.003368421052631576
925,5,63,10,-53,0.5206611570247934,0.5555555555555556,0.03489439853076215,0.9453125,1.0,0.0546875
1363,3,64,11,-53,0.49612403100775193,0.55,0.05387596899224811,0.9626865671641791,1.0,0.03731343283582089
25,11,66,13,-53,0.5,0.5909090909090909,0.09090909090909094,0.9361702127659575,0.88,-0.05617021276595746
1423,18,64,11,-53,0.4444444444444444,0.55,0.10555555555555562,0.993103448275862,1.0,0.006896551724137945
703,19,64,11,-53,0.42105263157894735,0.55,0.1289473684210527,0.9681528662420382,0.9523809523809523,-0.015771913861085896
619,29,69,16,-53,0.4726027397260274,0.7619047619047619,0.28930202217873446,0.9668874172185431,1.0,0.0331125827814569
907,7,55,3,-52,0.44715447154471544,0.17647058823529413,-0.2706838833094213,0.9919354838709677,0.8947368421052632,-0.09719864176570459
90,6,57,5,-52,0.42857142857142855,0.23809523809523808,-0.19047619047619047,0.9708029197080292,1.0,0.029197080291970767
1376,5,59,7,-52,0.48360655737704916,0.3181818181818182,-0.16542473919523099,0.8133333333333334,0.9565217391304348,0.14318840579710146
779,5,58,6,-52,0.49572649572649574,0.3333333333333333,-0.16239316239316243,0.936,0.8181818181818182,-0.11781818181818182
1443,6,58,6,-52,0.5132743362831859,0.35294117647058826,-0.1603331598125976,0.9741379310344828,0.9444444444444444,-0.029693486590038343
1407,16,61,9,-52,0.6039603960396039,0.45,-0.15396039603960393,0.8632478632478633,1.0,0.1367521367521367
1542,22,59,7,-52,0.5619047619047619,0.4117647058823529,-0.15014005602240899,0.8823529411764706,1.0,0.11764705882352944
369,17,59,7,-52,0.43703703703703706,0.3333333333333333,-0.10370370370370374,0.9375,1.0,0.0625
1445,8,59,7,-52,0.42142857142857143,0.3181818181818182,-0.10324675324675325,0.9655172413793104,0.9565217391304348,-0.008995502248875575
600,5,59,7,-52,0.4125874125874126,0.3181818181818182,-0.09440559440559443,0.910828025477707,0.9565217391304348,0.045693713652727785
528,6,59,7,-52,0.45038167938931295,0.3684210526315789,-0.08196062675773402,0.9776119402985075,1.0,0.02238805970149249
143,27,61,9,-52,0.4959349593495935,0.42857142857142855,-0.06736353077816493,0.9389312977099237,0.9545454545454546,0.015614156835530912
1323,16,59,7,-52,0.39864864864864863,0.3333333333333333,-0.06531531531531531,0.9192546583850931,0.9545454545454546,0.03529079616036146
1641,9,61,9,-52,0.46564885496183206,0.4090909090909091,-0.05655794587092294,0.9492753623188406,0.9166666666666666,-0.03260869565217395
1230,2,61,9,-52,0.5041322314049587,0.45,-0.05413223140495865,0.7333333333333333,0.8695652173913043,0.13623188405797104
463,3,59,7,-52,0.4338235294117647,0.3888888888888889,-0.044934640522875824,0.9645390070921985,0.9473684210526315,-0.017170586039567004
1113,24,60,8,-52,0.41379310344827586,0.38095238095238093,-0.032840722495894925,0.9415584415584416,0.9545454545454546,0.012987012987012991
1192,30,61,9,-52,0.48031496062992124,0.45,-0.030314960629921228,0.9844961240310077,0.9523809523809523,-0.032115171650055396
1197,1,61,9,-52,0.48031496062992124,0.45,-0.030314960629921228,0.9548872180451128,1.0,0.045112781954887216
1129,24,60,8,-52,0.410958904109589,0.38095238095238093,-0.030006523157208087,0.948051948051948,0.9545454545454546,0.006493506493506551
1203,15,59,7,-52,0.41843971631205673,0.3888888888888889,-0.029550827423167836,0.9929577464788732,0.9,-0.09295774647887323
1896,28,60,8,-52,0.44776119402985076,0.42105263157894735,-0.026708562450903417,0.9781021897810219,0.9047619047619048,-0.07334028501911716
1017,0,60,8,-52,0.5555555555555556,0.5333333333333333,-0.022222222222222254,0.9,0.9375,0.03749999999999998
525,19,60,8,-52,0.4878048780487805,0.47058823529411764,-0.017216642754662836,0.9919354838709677,0.9444444444444444,-0.04749103942652333
896,31,61,9,-52,0.4621212121212121,0.45,-0.012121212121212088,0.9496402877697842,0.9523809523809523,0.0027406646111681754
1867,4,60,8,-52,0.4411764705882353,0.4444444444444444,0.0032679738562091387,1.0,0.9473684210526315,-0.052631578947368474
422,13,61,9,-52,0.488,0.5,0.01200000000000001,0.8802816901408451,0.8181818181818182,-0.06209987195902689
317,28,63,11,-52,0.49606299212598426,0.5238095238095238,0.027746531683539577,0.9548872180451128,1.0,0.045112781954887216
979,3,61,9,-52,0.3935483870967742,0.42857142857142855,0.03502304147465435,0.9567901234567902,0.9130434782608695,-0.04374664519592064
407,28,62,10,-52,0.5166666666666667,0.5555555555555556,0.03888888888888886,0.975609756097561,1.0,0.024390243902439046
1702,21,61,9,-52,0.42657342657342656,0.47368421052631576,0.0471107839528892,0.8666666666666667,0.95,0.08333333333333326
1405,11,62,10,-52,0.5,0.5555555555555556,0.05555555555555558,0.9393939393939394,0.9,-0.039393939393939426
272,3,63,11,-52,0.4772727272727273,0.55,0.07272727272727275,0.9850746268656716,1.0,0.014925373134328401
138,23,64,12,-52,0.5565217391304348,0.631578947368421,0.07505720823798623,0.9663865546218487,1.0,0.03361344537815125
818,10,65,13,-52,0.48507462686567165,0.5652173913043478,0.08014276443867613,0.950354609929078,0.9583333333333334,0.007978723404255317
410,26,63,11,-52,0.4666666666666667,0.55,0.08333333333333337,0.9712230215827338,0.9523809523809523,-0.01884206920178144
840,10,64,12,-52,0.460431654676259,0.5454545454545454,0.0850228907782864,0.879746835443038,0.9565217391304348,0.07677490368739681
1907,30,64,12,-52,0.460431654676259,0.5454545454545454,0.0850228907782864,0.9788732394366197,1.0,0.021126760563380254
1504,15,63,11,-52,0.42567567567567566,0.5238095238095238,0.09813384813384818,0.9736842105263158,0.9130434782608695,-0.06064073226544631
452,10,66,14,-52,0.4888888888888889,0.6086956521739131,0.11980676328502421,0.8823529411764706,0.9583333333333334,0.07598039215686281
1882,5,65,13,-52,0.5284552845528455,0.6842105263157895,0.15575524176294397,0.984,1.0,0.016000000000000014
1422,31,64,12,-52,0.423841059602649,0.6,0.17615894039735097,0.9096385542168675,0.9523809523809523,0.04274239816408487
1616,26,56,5,-51,0.48695652173913045,0.25,-0.23695652173913045,0.8582089552238806,0.9090909090909091,0.05088195386702843
1475,12,56,5,-51,0.4827586206896552,0.29411764705882354,-0.18864097363083165,0.8854961832061069,0.85,-0.035496183206106924
1444,14,56,5,-51,0.5436893203883495,0.35714285714285715,-0.18654646324549234,0.9035087719298246,0.8235294117647058,-0.07997936016511875
1195,30,57,6,-51,0.456,0.3,-0.15600000000000003,0.9541984732824428,0.9523809523809523,-0.0018175209014904548
889,12,56,5,-51,0.42105263157894735,0.2777777777777778,-0.14327485380116955,0.869281045751634,0.9473684210526315,0.07808737530099752
429,8,57,6,-51,0.5181818181818182,0.375,-0.1431818181818182,0.9649122807017544,0.8888888888888888,-0.07602339181286555
667,16,57,6,-51,0.4956521739130435,0.35294117647058826,-0.14271099744245525,0.9126984126984127,1.0,0.08730158730158732
695,4,58,7,-51,0.5272727272727272,0.3888888888888889,-0.13838383838383833,0.9322033898305084,1.0,0.06779661016949157
71,0,57,6,-51,0.4523809523809524,0.3157894736842105,-0.13659147869674187,0.9130434782608695,0.95,0.036956521739130443
387,26,57,6,-51,0.4318181818181818,0.3,-0.13181818181818183,0.9705882352941176,0.9523809523809523,-0.018207282913165312
1136,19,56,5,-51,0.3835616438356164,0.2631578947368421,-0.12040374909877433,0.954248366013072,0.8260869565217391,-0.1281614094913328
1568,30,57,6,-51,0.3931034482758621,0.2857142857142857,-0.10738916256157638,0.9477124183006536,0.9545454545454546,0.006833036244801027
1686,29,58,7,-51,0.49572649572649574,0.3888888888888889,-0.10683760683760685,0.9,0.8571428571428571,-0.04285714285714293
716,25,58,7,-51,0.5,0.4117647058823529,-0.08823529411764708,0.9133858267716536,0.9444444444444444,0.031058617672790834
1652,20,58,7,-51,0.3945578231292517,0.3333333333333333,-0.06122448979591838,0.9483870967741935,1.0,0.05161290322580647
977,19,59,8,-51,0.47580645161290325,0.42105263157894735,-0.0547538200339559,0.8671328671328671,0.95,0.08286713286713288
457,21,59,8,-51,0.49166666666666664,0.4444444444444444,-0.04722222222222222,0.9523809523809523,0.9,-0.052380952380952306
1355,31,58,7,-51,0.43283582089552236,0.3888888888888889,-0.043946932006633466,0.9115646258503401,0.8571428571428571,-0.054421768707483054
1701,20,59,8,-51,0.44360902255639095,0.4,-0.04360902255639093,0.9708029197080292,1.0,0.029197080291970767
189,16,60,9,-51,0.5084745762711864,0.47368421052631576,-0.034790365744870655,0.944,0.95,0.006000000000000005
92,15,60,9,-51,0.4838709677419355,0.45,-0.03387096774193549,0.9841269841269841,1.0,0.015873015873015928
1051,6,60,9,-51,0.5309734513274337,0.5,-0.030973451327433676,0.9826086956521739,0.9473684210526315,-0.035240274599542376
867,13,59,8,-51,0.45038167938931295,0.42105263157894735,-0.029329047810365605,0.9632352941176471,1.0,0.03676470588235292
1125,6,60,9,-51,0.46153846153846156,0.47368421052631576,0.012145748987854199,0.9701492537313433,1.0,0.02985074626865669
766,26,59,8,-51,0.5130434782608696,0.5333333333333333,0.020289855072463725,0.9504132231404959,0.8823529411764706,-0.06806028196402536
572,13,61,10,-51,0.4959349593495935,0.5263157894736842,0.030380830124090707,0.9609375,1.0,0.0390625
1220,19,62,11,-51,0.5166666666666667,0.55,0.033333333333333326,0.9523809523809523,1.0,0.04761904761904767
250,22,61,10,-51,0.41496598639455784,0.45454545454545453,0.03957946815089669,0.9607843137254902,0.88,-0.08078431372549022
1455,3,62,11,-51,0.4732824427480916,0.5238095238095238,0.05052708106143222,0.9357142857142857,1.0,0.06428571428571428
29,10,61,10,-51,0.4236111111111111,0.47619047619047616,0.05257936507936506,0.9113924050632911,0.9545454545454546,0.043153049482163475
1754,4,64,13,-51,0.5378151260504201,0.5909090909090909,0.053093964858670795,0.967479674796748,0.9565217391304348,-0.010957935666313201
1815,19,61,10,-51,0.5596330275229358,0.625,0.06536697247706424,0.9646017699115044,0.9411764705882353,-0.02342529932326909
960,15,61,10,-51,0.488,0.5555555555555556,0.06755555555555559,0.946969696969697,0.9473684210526315,0.00039872408293450956
728,27,62,11,-51,0.4806201550387597,0.55,0.06937984496124033,0.9347826086956522,0.9090909090909091,-0.025691699604743157
1682,6,62,11,-51,0.42758620689655175,0.5,0.07241379310344825,0.9477124183006536,1.0,0.05228758169934644
721,26,63,12,-51,0.4632352941176471,0.5714285714285714,0.10819327731092432,0.9714285714285714,0.9130434782608695,-0.05838509316770191
1502,12,62,11,-51,0.5,0.6111111111111112,0.11111111111111116,0.9393939393939394,0.9,-0.039393939393939426
1487,0,64,13,-51,0.5245901639344263,0.6842105263157895,0.15962036238136323,0.8970588235294118,0.95,0.05294117647058816
1311,21,60,9,-51,0.5309734513274337,0.6923076923076923,0.16133424098025861,0.9495798319327731,0.8125,-0.13707983193277307
1581,10,65,14,-51,0.4744525547445255,0.7,0.22554744525547443,0.9448275862068966,0.9523809523809523,0.007553366174055776
1035,24,65,14,-51,0.5158730158730159,0.7777777777777778,0.26190476190476186,0.984375,0.9473684210526315,-0.037006578947368474
1950,30,54,4,-50,0.46956521739130436,0.23529411764705882,-0.23427109974424554,0.9663865546218487,0.9444444444444444,-0.021942110177404328
480,21,56,6,-50,0.5,0.3333333333333333,-0.16666666666666669,0.8818897637795275,0.8571428571428571,-0.02474690663667045
1333,12,54,4,-50,0.391304347826087,0.23529411764705882,-0.15601023017902815,0.8846153846153846,0.68,-0.20461538461538453
1506,0,57,7,-50,0.5181818181818182,0.3684210526315789,-0.14976076555023926,0.9401709401709402,0.9047619047619048,-0.035409035409035394
1548,13,56,6,-50,0.42424242424242425,0.2857142857142857,-0.13852813852813856,0.8918918918918919,0.9545454545454546,0.0626535626535627
1551,9,57,7,-50,0.4351145038167939,0.3181818181818182,-0.11693268563497572,0.9703703703703703,0.9565217391304348,-0.013848631239935516
1963,24,56,6,-50,0.509090909090909,0.4,-0.10909090909090902,0.9649122807017544,0.8823529411764706,-0.08255933952528383
1887,24,56,6,-50,0.45901639344262296,0.35294117647058826,-0.1060752169720347,0.953125,0.9444444444444444,-0.00868055555555558
155,2,56,6,-50,0.45161290322580644,0.35294117647058826,-0.09867172675521818,0.9393939393939394,0.8947368421052632,-0.044657097288676284
1427,17,58,8,-50,0.453125,0.36363636363636365,-0.08948863636363635,0.9411764705882353,0.9565217391304348,0.01534526854219953
1854,11,56,6,-50,0.417910447761194,0.3333333333333333,-0.0845771144278607,0.9241379310344827,1.0,0.07586206896551728
1401,15,57,7,-50,0.4453125,0.3684210526315789,-0.07689144736842107,0.9770992366412213,1.0,0.022900763358778664
2028,10,56,6,-50,0.42424242424242425,0.375,-0.049242424242424254,0.9361702127659575,0.8421052631578947,-0.09406494960806278
1130,28,58,8,-50,0.42962962962962964,0.38095238095238093,-0.04867724867724871,0.9854014598540146,1.0,0.014598540145985384
262,6,58,8,-50,0.4603174603174603,0.42105263157894735,-0.03926482873851295,0.9767441860465116,0.95,-0.02674418604651163
1752,30,57,7,-50,0.40425531914893614,0.3684210526315789,-0.035834266517357216,0.9929577464788732,0.95,-0.04295774647887329
1031,24,59,9,-50,0.5,0.47368421052631576,-0.026315789473684237,0.9672131147540983,0.95,-0.01721311475409837
833,4,58,8,-50,0.46774193548387094,0.4444444444444444,-0.02329749103942652,1.0,0.9473684210526315,-0.052631578947368474
1646,29,60,10,-50,0.5172413793103449,0.5,-0.017241379310344862,0.9508196721311475,0.9523809523809523,0.0015612802498048417
479,3,59,9,-50,0.5086206896551724,0.5,-0.008620689655172376,0.9206349206349206,1.0,0.07936507936507942
1224,31,59,9,-50,0.4244604316546763,0.42857142857142855,0.004110996916752263,0.8373493975903614,1.0,0.16265060240963858
950,28,58,8,-50,0.3945578231292517,0.4,0.0054421768707483276,0.9607843137254902,0.9090909090909091,-0.051693404634581164
1307,16,58,8,-50,0.3918918918918919,0.4,0.008108108108108136,0.9866666666666667,1.0,0.013333333333333308
1806,6,59,9,-50,0.4338235294117647,0.47368421052631576,0.039860681114551044,0.9577464788732394,0.95,-0.007746478873239426
921,8,62,12,-50,0.49206349206349204,0.5454545454545454,0.05339105339105338,0.9545454545454546,1.0,0.045454545454545414
76,10,60,10,-50,0.410958904109589,0.47619047619047616,0.06523157208088715,0.9358974358974359,0.9130434782608695,-0.02285395763656639
249,5,63,13,-50,0.4883720930232558,0.5652173913043478,0.07684529828109199,0.8269230769230769,1.0,0.17307692307692313
1295,30,61,11,-50,0.44525547445255476,0.5238095238095238,0.07855404935696908,0.9256756756756757,0.9545454545454546,0.028869778869778928
418,18,61,11,-50,0.5083333333333333,0.6111111111111112,0.10277777777777786,0.9917355371900827,0.9473684210526315,-0.044367116137451146
1,31,61,11,-50,0.46923076923076923,0.5789473684210527,0.10971659919028343,0.9285714285714286,1.0,0.0714285714285714
441,31,60,10,-50,0.41379310344827586,0.5263157894736842,0.11252268602540832,0.9602649006622517,0.8636363636363636,-0.09662853702588803
1668,28,61,11,-50,0.4357142857142857,0.55,0.11428571428571432,0.9929078014184397,1.0,0.007092198581560294
1036,26,59,9,-50,0.4796747967479675,0.6,0.1203252032520325,0.984,0.8333333333333334,-0.15066666666666662
1107,23,63,13,-50,0.45985401459854014,0.5909090909090909,0.1310550763105508,0.9785714285714285,0.9565217391304348,-0.022049689440993725
1673,27,63,13,-50,0.5,0.6842105263157895,0.1842105263157895,0.9130434782608695,0.9047619047619048,-0.008281573498964745
1486,17,53,4,-49,0.4818181818181818,0.21052631578947367,-0.27129186602870814,0.9482758620689655,1.0,0.051724137931034475
1604,31,55,6,-49,0.4824561403508772,0.3,-0.1824561403508772,0.6589595375722543,0.9090909090909091,0.2501313715186547
488,2,53,4,-49,0.38405797101449274,0.21052631578947367,-0.17353165522501907,0.8734177215189873,0.7916666666666666,-0.0817510548523207
361,22,55,6,-49,0.5339805825242718,0.375,-0.15898058252427183,0.8583333333333333,0.9411764705882353,0.082843137254902
2046,19,55,6,-49,0.5288461538461539,0.4,-0.12884615384615383,0.9043478260869565,0.8823529411764706,-0.021994884910485957
872,5,56,7,-49,0.48695652173913045,0.3684210526315789,-0.11853546910755153,0.9663865546218487,1.0,0.03361344537815125
804,8,56,7,-49,0.45528455284552843,0.35,-0.10528455284552846,0.9389312977099237,1.0,0.06106870229007633
1943,18,55,6,-49,0.40441176470588236,0.3,-0.10441176470588237,0.9855072463768116,0.9090909090909091,-0.07641633728590258
1233,6,55,6,-49,0.4296875,0.3333333333333333,-0.09635416666666669,0.9770992366412213,1.0,0.022900763358778664
401,26,57,8,-49,0.475,0.38095238095238093,-0.09404761904761905,0.851063829787234,0.875,0.02393617021276595
909,22,55,6,-49,0.3767123287671233,0.2857142857142857,-0.0909980430528376,0.9733333333333334,1.0,0.026666666666666616
1526,28,56,7,-49,0.47058823529411764,0.3888888888888889,-0.08169934640522875,0.967479674796748,0.9473684210526315,-0.020111253744116486
1666,22,56,7,-49,0.448,0.3684210526315789,-0.07957894736842108,0.9191176470588235,0.9047619047619048,-0.014355742296918717
1467,9,57,8,-49,0.475,0.4,-0.07499999999999996,0.9022556390977443,0.9090909090909091,0.00683526999316475
517,1,57,8,-49,0.504424778761062,0.4444444444444444,-0.059980334316617534,0.9576271186440678,1.0,0.0423728813559322
1797,0,59,10,-49,0.5130434782608696,0.45454545454545453,-0.05849802371541507,0.9663865546218487,1.0,0.03361344537815125
681,22,58,9,-49,0.464,0.4090909090909091,-0.05490909090909091,0.946969696969697,0.9565217391304348,0.009552042160737795
1103,23,58,9,-49,0.4915254237288136,0.45,-0.04152542372881357,0.9833333333333333,1.0,0.01666666666666672
1014,14,58,9,-49,0.464,0.42857142857142855,-0.035428571428571476,0.9689922480620154,1.0,0.03100775193798455
602,26,56,7,-49,0.3835616438356164,0.35,-0.03356164383561644,0.9419354838709677,0.9523809523809523,0.010445468509984623
139,10,55,6,-49,0.4330708661417323,0.4,-0.03307086614173227,0.9548872180451128,0.8823529411764706,-0.07253427686864222
2031,28,58,9,-49,0.41134751773049644,0.391304347826087,-0.020043169904409464,0.9724137931034482,1.0,0.02758620689655178
755,21,57,8,-49,0.41304347826086957,0.4,-0.013043478260869545,0.8363636363636363,0.9090909090909091,0.07272727272727275
707,25,57,8,-49,0.375,0.36363636363636365,-0.011363636363636354,0.9156626506024096,0.9166666666666666,0.0010040160642570406
121,19,58,9,-49,0.4461538461538462,0.45,0.0038461538461538325,0.896551724137931,0.8695652173913043,-0.026986506746626726
748,29,60,11,-49,0.46511627906976744,0.5,0.034883720930232565,0.9485294117647058,0.9565217391304348,0.007992327365728968
63,11,58,9,-49,0.43609022556390975,0.47368421052631576,0.03759398496240601,0.9432624113475178,0.8636363636363636,-0.07962604771115411
1327,11,60,11,-49,0.5405405405405406,0.6111111111111112,0.07057057057057059,0.9568965517241379,0.9473684210526315,-0.009528130671506374
2037,29,61,12,-49,0.4552238805970149,0.5454545454545454,0.09023066485753051,0.9781021897810219,0.9166666666666666,-0.061435523114355295
1870,1,60,11,-49,0.47619047619047616,0.5789473684210527,0.10275689223057649,0.9333333333333333,0.95,0.016666666666666607
246,27,58,9,-49,0.4915254237288136,0.6,0.1084745762711864,0.9752066115702479,0.9375,-0.037706611570247905
487,4,64,15,-49,0.4155844155844156,0.6818181818181818,0.26623376623376616,0.8020833333333334,0.9565217391304348,0.15443840579710144
976,1,53,5,-48,0.4491525423728814,0.2631578947368421,-0.1859946476360393,0.8676470588235294,0.95,0.08235294117647052
514,8,53,5,-48,0.4344262295081967,0.25,-0.1844262295081967,0.9838709677419355,0.9523809523809523,-0.03149001536098317
1846,2,54,6,-48,0.5242718446601942,0.35294117647058826,-0.1713306681896059,0.9196428571428571,1.0,0.0803571428571429
21,15,55,7,-48,0.5,0.3684210526315789,-0.13157894736842107,0.9482758620689655,1.0,0.051724137931034475
1174,14,55,7,-48,0.46218487394957986,0.35,-0.11218487394957988,0.952,1.0,0.04800000000000004
1594,26,54,6,-48,0.421875,0.3157894736842105,-0.10608552631578949,0.9411764705882353,0.95,0.008823529411764675
1693,0,53,5,-48,0.45689655172413796,0.35714285714285715,-0.0997536945812808,0.9666666666666667,0.8235294117647058,-0.14313725490196083
1564,9,54,6,-48,0.47368421052631576,0.375,-0.09868421052631576,0.9827586206896551,0.9411764705882353,-0.04158215010141986
2033,10,55,7,-48,0.4330708661417323,0.35,-0.08307086614173231,0.9477611940298507,1.0,0.052238805970149294
355,4,55,7,-48,0.3873239436619718,0.30434782608695654,-0.08297611757501527,0.8208092485549133,0.9583333333333334,0.13752408477842004
1022,8,55,7,-48,0.45081967213114754,0.3684210526315789,-0.08239861949956861,0.976,1.0,0.02400000000000002
642,12,55,7,-48,0.41044776119402987,0.35,-0.06044776119402989,0.783625730994152,0.8,0.01637426900584804
1400,12,54,6,-48,0.48214285714285715,0.42857142857142855,-0.0535714285714286,0.8818897637795275,0.7777777777777778,-0.10411198600174976
494,29,55,7,-48,0.41353383458646614,0.3684210526315789,-0.045112781954887216,0.9300699300699301,0.9047619047619048,-0.02530802530802534
824,9,56,8,-48,0.4409448818897638,0.4,-0.04094488188976375,0.9407407407407408,1.0,0.059259259259259234
846,16,58,10,-48,0.6590909090909091,0.625,-0.03409090909090906,0.8,0.9411764705882353,0.14117647058823524
1647,18,55,7,-48,0.46218487394957986,0.4375,-0.024684873949579855,0.967479674796748,0.8888888888888888,-0.07859078590785917
1345,6,56,8,-48,0.42105263157894735,0.4,-0.021052631578947323,0.9851851851851852,0.9090909090909091,-0.0760942760942761
1840,28,56,8,-48,0.4409448818897638,0.42105263157894735,-0.01989225031081643,0.9844961240310077,0.95,-0.03449612403100777
1739,17,54,6,-48,0.4462809917355372,0.42857142857142855,-0.017709563164108655,0.9758064516129032,0.8235294117647058,-0.1522770398481974
1618,15,56,8,-48,0.47863247863247865,0.47058823529411764,-0.008044243338361012,0.8931297709923665,1.0,0.10687022900763354
181,26,59,11,-48,0.5221238938053098,0.5238095238095238,0.001685630004214067,0.9741379310344828,1.0,0.025862068965517238
2026,26,57,9,-48,0.4956521739130435,0.5,0.004347826086956497,0.9663865546218487,0.9473684210526315,-0.01901813356921722
332,7,57,9,-48,0.38,0.4090909090909091,0.02909090909090911,0.9554140127388535,0.9565217391304348,0.0011077263915812985
152,30,56,8,-48,0.4148148148148148,0.4444444444444444,0.029629629629629617,0.9854014598540146,1.0,0.014598540145985384
424,3,57,9,-48,0.3931034482758621,0.42857142857142855,0.03546798029556647,0.9863945578231292,1.0,0.013605442176870763
926,14,58,10,-48,0.4603174603174603,0.5,0.03968253968253971,0.984375,1.0,0.015625
1179,12,57,9,-48,0.4634146341463415,0.5294117647058824,0.06599713055954087,0.8913043478260869,0.9444444444444444,0.0531400966183575
183,31,58,10,-48,0.4084507042253521,0.5,0.09154929577464788,0.9403973509933775,1.0,0.05960264900662249
983,25,60,12,-48,0.43795620437956206,0.5454545454545454,0.10749834107498335,0.8954248366013072,0.9166666666666666,0.0212418300653594
414,17,61,13,-48,0.4728682170542636,0.6190476190476191,0.1461794019933555,0.9214285714285714,0.9545454545454546,0.03311688311688321
1316,25,60,12,-48,0.45454545454545453,0.631578947368421,0.1770334928229665,0.9496402877697842,0.95,0.0003597122302158029
982,24,62,14,-48,0.43356643356643354,0.6666666666666666,0.2331002331002331,0.9727891156462585,1.0,0.027210884353741527
1438,26,61,13,-48,0.488,0.7222222222222222,0.23422222222222222,0.8503401360544217,0.8571428571428571,0.006802721088435382
692,19,49,2,-47,0.47572815533980584,0.125,-0.35072815533980584,0.8442622950819673,0.9411764705882353,0.09691417550626802
363,21,49,2,-47,0.4260869565217391,0.10526315789473684,-0.3208237986270023,0.9274193548387096,1.0,0.07258064516129037
3,2,50,3,-47,0.390625,0.1875,-0.203125,0.8707482993197279,0.7272727272727273,-0.14347557204700057
1623,2,50,3,-47,0.37593984962406013,0.17647058823529413,-0.199469261388766,0.8525641025641025,0.85,-0.002564102564102555
903,22,52,5,-47,0.48598130841121495,0.3125,-0.17348130841121495,0.963963963963964,0.9411764705882353,-0.022787493375728718
750,2,52,5,-47,0.4406779661016949,0.2777777777777778,-0.16290018832391712,0.8428571428571429,0.72,-0.12285714285714289
406,25,54,7,-47,0.4864864864864865,0.35,-0.13648648648648654,0.9327731092436975,1.0,0.0672268907563025
715,2,53,6,-47,0.48623853211009177,0.35294117647058826,-0.1332973556395035,0.8582677165354331,0.9444444444444444,0.08617672790901132
175,17,51,4,-47,0.37777777777777777,0.25,-0.12777777777777777,0.8181818181818182,0.64,-0.17818181818181822
1518,27,52,5,-47,0.36619718309859156,0.25,-0.11619718309859156,0.9793103448275862,0.9523809523809523,-0.026929392446633837
747,1,52,5,-47,0.36363636363636365,0.25,-0.11363636363636365,0.9470198675496688,0.8695652173913043,-0.0774546501583645
1758,30,54,7,-47,0.46956521739130436,0.3684210526315789,-0.10114416475972543,0.9663865546218487,1.0,0.03361344537815125
1469,16,54,7,-47,0.4864864864864865,0.3888888888888889,-0.09759759759759762,0.9327731092436975,0.9473684210526315,0.01459531180893403
844,20,53,6,-47,0.381294964028777,0.2857142857142857,-0.0955806783144913,0.9858156028368794,1.0,0.014184397163120588
1274,11,54,7,-47,0.46956521739130436,0.3888888888888889,-0.08067632850241546,0.8394160583941606,0.8181818181818182,-0.021234240212342326
161,9,53,6,-47,0.363013698630137,0.3,-0.063013698630137,0.9182389937106918,0.8695652173913043,-0.04867377631938752
862,21,54,7,-47,0.43902439024390244,0.3888888888888889,-0.050135501355013545,0.9609375,0.9,-0.06093749999999998
1897,0,56,9,-47,0.5185185185185185,0.47368421052631576,-0.04483430799220273,0.8925619834710744,1.0,0.1074380165289256
780,28,54,7,-47,0.4778761061946903,0.4375,-0.04037610619469029,0.9826086956521739,0.8888888888888888,-0.09371980676328506
1371,25,55,8,-47,0.44,0.4,-0.03999999999999998,0.9541984732824428,0.9523809523809523,-0.0018175209014904548
1859,29,54,7,-47,0.38848920863309355,0.35,-0.038489208633093575,0.9788732394366197,1.0,0.021126760563380254
114,31,54,7,-47,0.3829787234042553,0.35,-0.03297872340425534,0.9463087248322147,0.9090909090909091,-0.03721781574130567
809,17,55,8,-47,0.4263565891472868,0.4,-0.02635658914728678,0.9485294117647058,1.0,0.05147058823529416
1579,5,54,7,-47,0.375,0.35,-0.025000000000000022,0.8944099378881988,0.9523809523809523,0.05797101449275355
566,30,54,7,-47,0.43548387096774194,0.4117647058823529,-0.023719165085389016,0.96875,0.9444444444444444,-0.02430555555555558
1256,28,54,7,-47,0.391304347826087,0.3684210526315789,-0.022883295194508046,0.971830985915493,1.0,0.028169014084507005
1288,1,56,9,-47,0.49122807017543857,0.47368421052631576,-0.017543859649122806,0.8837209302325582,0.8636363636363636,-0.02008456659619451
1244,30,55,8,-47,0.41353383458646614,0.4,-0.01353383458646612,0.9925373134328358,1.0,0.007462686567164201
1040,16,54,7,-47,0.45,0.4375,-0.012500000000000011,0.916030534351145,1.0,0.08396946564885499
853,15,55,8,-47,0.4263565891472868,0.42105263157894735,-0.005303957568339457,0.9847328244274809,1.0,0.01526717557251911
1803,10,55,8,-47,0.36666666666666664,0.36363636363636365,-0.0030303030303029943,0.9259259259259259,1.0,0.07407407407407407
82,15,56,9,-47,0.42105263157894735,0.42857142857142855,0.007518796992481203,0.9708029197080292,1.0,0.029197080291970767
17,17,57,10,-47,0.49137931034482757,0.5,0.008620689655172431,0.9586776859504132,0.9523809523809523,-0.006296733569460922
1532,25,56,9,-47,0.45161290322580644,0.47368421052631576,0.022071307300509324,0.9185185185185185,0.9047619047619048,-0.013756613756613745
2042,22,54,7,-47,0.43902439024390244,0.4666666666666667,0.027642276422764234,0.924812030075188,0.8823529411764706,-0.04245908889871741
1369,11,55,8,-47,0.4166666666666667,0.4444444444444444,0.027777777777777735,0.9103448275862069,0.8571428571428571,-0.053201970443349844
1351,30,57,10,-47,0.4222222222222222,0.47619047619047616,0.05396825396825394,0.9926470588235294,1.0,0.007352941176470562
1265,20,55,8,-47,0.3900709219858156,0.4444444444444444,0.05437352245862881,1.0,0.9473684210526315,-0.052631578947368474
2004,2,55,8,-47,0.46218487394957986,0.5333333333333333,0.07114845938375347,0.8686131386861314,0.7894736842105263,-0.07913945447560511
657,6,58,11,-47,0.38666666666666666,0.5,0.11333333333333334,0.9259259259259259,1.0,0.07407407407407407
1876,27,60,13,-47,0.5,0.6190476190476191,0.11904761904761907,0.8275862068965517,0.875,0.04741379310344829
496,16,59,12,-47,0.47580645161290325,0.6,0.12419354838709673,0.9538461538461539,0.8695652173913043,-0.08428093645484958
1418,19,58,11,-47,0.4172661870503597,0.55,0.13273381294964032,0.9084967320261438,0.9090909090909091,0.0005941770647652778
1776,16,58,11,-47,0.4461538461538462,0.5789473684210527,0.13279352226720648,0.9154929577464789,0.9047619047619048,-0.010731052984574108
1678,4,58,11,-47,0.4027777777777778,0.55,0.14722222222222225,0.972972972972973,1.0,0.027027027027026973
1828,0,61,14,-47,0.3885350318471338,0.6666666666666666,0.27813163481953285,0.9691358024691358,0.9545454545454546,-0.01459034792368119
2030,11,50,4,-46,0.43478260869565216,0.2222222222222222,-0.21256038647342995,0.9349593495934959,0.9473684210526315,0.012409071459135612
1691,6,50,4,-46,0.4032258064516129,0.2,-0.20322580645161287,0.9763779527559056,0.9523809523809523,-0.023997000374953226
2021,1,51,5,-46,0.4594594594594595,0.2777777777777778,-0.1816816816816817,0.9487179487179487,0.9473684210526315,-0.0013495276653171517
1478,2,52,6,-46,0.5252525252525253,0.4,-0.12525252525252528,0.8918918918918919,0.8823529411764706,-0.009538950715421324
1974,7,51,5,-46,0.3984375,0.2777777777777778,-0.12065972222222221,0.9696969696969697,0.9473684210526315,-0.022328548644338198
382,17,55,9,-46,0.5612244897959183,0.45,-0.11122448979591831,0.5025641025641026,0.9090909090909091,0.4065268065268065
1804,2,53,7,-46,0.5353535353535354,0.4375,-0.09785353535353536,0.8461538461538461,0.8888888888888888,0.042735042735042694
575,24,53,7,-46,0.452991452991453,0.3684210526315789,-0.08457040035987407,0.9512195121951219,0.95,-0.0012195121951219523
508,12,52,6,-46,0.36879432624113473,0.2857142857142857,-0.08308004052684903,0.815028901734104,0.9130434782608695,0.09801457652676548
1305,21,52,6,-46,0.39097744360902253,0.3157894736842105,-0.07518796992481203,0.9366197183098591,0.8636363636363636,-0.07298335467349548
906,18,53,7,-46,0.44166666666666665,0.3684210526315789,-0.07324561403508772,0.9448818897637795,1.0,0.055118110236220486
908,12,54,8,-46,0.5142857142857142,0.4444444444444444,-0.06984126984126982,0.9051724137931034,0.9473684210526315,0.0421960072595281
1561,2,54,8,-46,0.5142857142857142,0.4444444444444444,-0.06984126984126982,0.8536585365853658,0.9,0.04634146341463419
513,13,53,7,-46,0.43089430894308944,0.3684210526315789,-0.06247325631151052,0.825503355704698,0.8636363636363636,0.03813300793166563
826,21,52,6,-46,0.43333333333333335,0.375,-0.05833333333333335,0.96,0.9411764705882353,-0.018823529411764683
706,14,53,7,-46,0.36551724137931035,0.3181818181818182,-0.04733542319749218,0.9602649006622517,1.0,0.039735099337748325
785,27,53,7,-46,0.45689655172413796,0.4117647058823529,-0.045131845841785034,0.9508196721311475,0.8947368421052632,-0.05608283002588432
1934,22,54,8,-46,0.46153846153846156,0.4444444444444444,-0.017094017094017144,0.9669421487603306,0.9473684210526315,-0.01957372770769905
1545,4,54,8,-46,0.36486486486486486,0.34782608695652173,-0.017038777908343128,0.9801324503311258,1.0,0.019867549668874163
1037,0,54,8,-46,0.39705882352941174,0.38095238095238093,-0.01610644257703081,0.9855072463768116,0.9545454545454546,-0.030961791831357055
720,25,56,10,-46,0.448,0.43478260869565216,-0.013217391304347847,0.9398496240601504,0.9583333333333334,0.01848370927318299
968,8,55,9,-46,0.44,0.42857142857142855,-0.011428571428571455,0.9920634920634921,0.9545454545454546,-0.037518037518037506
1424,25,53,7,-46,0.36551724137931035,0.3684210526315789,0.0029038112522685733,0.8682634730538922,0.8636363636363636,-0.00462710941752853
1722,20,55,9,-46,0.3873239436619718,0.391304347826087,0.003980404164115159,0.993006993006993,1.0,0.006993006993006978
2019,14,53,7,-46,0.4608695652173913,0.4666666666666667,0.005797101449275366,0.9663865546218487,0.9375,-0.028886554621848748
1124,8,54,8,-46,0.432,0.4444444444444444,0.012444444444444425,0.9615384615384616,1.0,0.038461538461538436
2025,18,53,7,-46,0.44537815126050423,0.4666666666666667,0.021288515406162445,0.9754098360655737,0.8823529411764706,-0.09305689488910318
1185,18,55,9,-46,0.4074074074074074,0.45,0.042592592592592626,0.9854014598540146,1.0,0.014598540145985384
1058,13,53,7,-46,0.42063492063492064,0.4666666666666667,0.046031746031746035,0.9618320610687023,0.8333333333333334,-0.12849872773536897
1940,16,56,10,-46,0.5384615384615384,0.5882352941176471,0.04977375565610864,0.9122807017543859,1.0,0.08771929824561409
1621,17,56,10,-46,0.47058823529411764,0.5263157894736842,0.05572755417956654,0.9834710743801653,0.95,-0.03347107438016539
1933,9,56,10,-46,0.417910447761194,0.47619047619047616,0.05828002842928215,0.9305555555555556,1.0,0.06944444444444442
1733,8,55,9,-46,0.4700854700854701,0.5294117647058824,0.05932629462041228,0.9435483870967742,0.9444444444444444,0.0008960573476701761
1126,0,54,8,-46,0.45,0.5333333333333333,0.08333333333333331,0.967741935483871,0.8333333333333334,-0.13440860215053763
1521,28,57,11,-46,0.43846153846153846,0.5238095238095238,0.08534798534798538,0.9848484848484849,0.9545454545454546,-0.030303030303030276
885,15,56,10,-46,0.4375,0.5263157894736842,0.08881578947368418,0.9922480620155039,1.0,0.007751937984496138
1553,1,56,10,-46,0.40875912408759124,0.5,0.09124087591240876,0.9647887323943662,0.9523809523809523,-0.012407780013413916
988,9,55,9,-46,0.5045871559633027,0.6,0.09541284403669725,0.9732142857142857,0.8333333333333334,-0.13988095238095233
603,13,57,11,-46,0.47107438016528924,0.5789473684210527,0.10787298825576341,0.983739837398374,0.8260869565217391,-0.15765288087663487
1802,29,56,10,-46,0.47863247863247865,0.5882352941176471,0.10960281548516843,0.9915254237288136,0.9444444444444444,-0.04708097928436916
1061,24,57,11,-46,0.40425531914893614,0.5238095238095238,0.11955420466058769,1.0,0.9545454545454546,-0.045454545454545414
1349,16,57,11,-46,0.42857142857142855,0.55,0.1214285714285715,0.9432624113475178,1.0,0.05673758865248224
634,12,57,11,-46,0.4253731343283582,0.55,0.12462686567164183,0.8933333333333333,0.9523809523809523,0.059047619047619015
1059,29,56,10,-46,0.3660130718954248,0.5,0.1339869281045752,0.9683544303797469,0.9090909090909091,-0.05926352128883783
1845,14,56,10,-46,0.37333333333333335,0.5263157894736842,0.15298245614035083,0.9615384615384616,0.95,-0.011538461538461608
852,15,57,11,-46,0.475,0.6470588235294118,0.17205882352941182,0.96,0.9444444444444444,-0.015555555555555545
1303,26,50,5,-45,0.47619047619047616,0.22727272727272727,-0.2489177489177489,0.8677685950413223,0.9565217391304348,0.0887531440891125
294,2,49,4,-45,0.49,0.26666666666666666,-0.22333333333333333,0.7092198581560284,0.75,0.04078014184397161
443,21,51,6,-45,0.4434782608695652,0.3,-0.14347826086956522,0.9349593495934959,1.0,0.06504065040650409
1489,6,51,6,-45,0.3953488372093023,0.2727272727272727,-0.1226215644820296,0.9555555555555556,1.0,0.0444444444444444
1463,4,51,6,-45,0.3953488372093023,0.3,-0.09534883720930232,0.8543046357615894,0.9523809523809523,0.09807631661936289
91,1,51,6,-45,0.4214876033057851,0.35294117647058826,-0.06854642683519685,0.983739837398374,0.8947368421052632,-0.08900299529311084
1187,29,51,6,-45,0.3469387755102041,0.2857142857142857,-0.06122448979591838,0.9932432432432432,1.0,0.006756756756756799
122,18,51,6,-45,0.3591549295774648,0.3,-0.05915492957746482,0.9793103448275862,0.9523809523809523,-0.026929392446633837
1046,17,50,5,-45,0.390625,0.3333333333333333,-0.057291666666666685,0.9846153846153847,0.7142857142857143,-0.27032967032967037
1881,1,53,8,-45,0.3925925925925926,0.34782608695652173,-0.044766505636070875,0.9642857142857143,1.0,0.0357142857142857
427,3,53,8,-45,0.5145631067961165,0.47058823529411764,-0.04397487150199886,0.9279279279279279,1.0,0.07207207207207211
1602,16,53,8,-45,0.4608695652173913,0.42105263157894735,-0.03981693363844396,0.9426229508196722,1.0,0.05737704918032782
675,12,54,9,-45,0.5094339622641509,0.47368421052631576,-0.03574975173783518,0.585635359116022,0.8636363636363636,0.2780010045203416
1726,17,53,8,-45,0.44537815126050423,0.42105263157894735,-0.024325519681556884,0.967479674796748,0.95,-0.017479674796748057
1598,12,54,9,-45,0.42857142857142855,0.4090909090909091,-0.01948051948051943,0.782608695652174,0.8148148148148148,0.03220611916264082
647,6,52,7,-45,0.33766233766233766,0.35,0.012337662337662314,0.875,0.9090909090909091,0.03409090909090906
1232,9,55,10,-45,0.4365079365079365,0.47619047619047616,0.03968253968253965,0.9130434782608695,0.875,-0.03804347826086951
274,25,53,8,-45,0.42063492063492064,0.47058823529411764,0.049953314659197,0.9197080291970803,0.8947368421052632,-0.024971187091817115
1723,14,54,9,-45,0.4778761061946903,0.5294117647058824,0.05153565851119207,0.9186991869918699,0.9444444444444444,0.0257452574525745
239,27,56,11,-45,0.5833333333333334,0.6470588235294118,0.06372549019607843,0.8648648648648649,1.0,0.1351351351351351
1874,9,53,8,-45,0.4015151515151515,0.47058823529411764,0.06907308377896615,0.9496402877697842,1.0,0.05035971223021585
1537,14,54,9,-45,0.39416058394160586,0.47368421052631576,0.0795236265847099,0.9513888888888888,1.0,0.04861111111111116
589,27,56,11,-45,0.417910447761194,0.5,0.08208955223880599,0.8874172185430463,1.0,0.11258278145695366
580,14,56,11,-45,0.42748091603053434,0.5238095238095238,0.0963286077789895,0.9562043795620438,0.9545454545454546,-0.0016589250165892633
911,3,56,11,-45,0.448,0.55,0.10200000000000004,0.9765625,0.9090909090909091,-0.06747159090909094
323,21,55,10,-45,0.4824561403508772,0.5882352941176471,0.10577915376676988,0.8837209302325582,0.9444444444444444,0.060723514211886265
1095,31,55,10,-45,0.4230769230769231,0.5555555555555556,0.1324786324786325,0.8904109589041096,0.8571428571428571,-0.0332681017612525
1010,21,56,11,-45,0.4375,0.5789473684210527,0.14144736842105265,0.8951048951048951,0.7916666666666666,-0.10343822843822847
1001,0,56,11,-45,0.49122807017543857,0.6470588235294118,0.15583075335397323,0.9193548387096774,1.0,0.08064516129032262
1254,7,55,10,-45,0.39855072463768115,0.5555555555555556,0.15700483091787443,0.9787234042553191,0.9,-0.0787234042553191
85,17,57,12,-45,0.49137931034482757,0.6666666666666666,0.17528735632183906,0.9586776859504132,0.9473684210526315,-0.011309264897781723
1560,6,57,12,-45,0.4418604651162791,0.631578947368421,0.18971848225214194,0.9699248120300752,1.0,0.03007518796992481
101,3,58,13,-45,0.4027777777777778,0.6190476190476191,0.21626984126984128,0.9536423841059603,1.0,0.04635761589403975
242,20,59,14,-45,0.39864864864864863,0.6666666666666666,0.268018018018018,0.9801324503311258,1.0,0.019867549668874163
1421,26,60,15,-45,0.5042016806722689,0.8333333333333334,0.3291316526610645,0.9596774193548387,1.0,0.040322580645161255
455,2,47,3,-44,0.3983050847457627,0.1875,-0.2108050847457627,0.8368794326241135,0.6956521739130435,-0.14122725871107
320,2,48,4,-44,0.44036697247706424,0.23529411764705882,-0.20507285483000542,0.8320610687022901,0.8095238095238095,-0.022537259178480595
515,27,48,4,-44,0.43243243243243246,0.26666666666666666,-0.1657657657657658,0.9652173913043478,0.8823529411764706,-0.08286445012787724
1820,17,48,4,-44,0.4,0.25,-0.15000000000000002,0.9375,0.9411764705882353,0.003676470588235281
1700,31,48,4,-44,0.4,0.2857142857142857,-0.11428571428571432,0.96,0.875,-0.08499999999999996
179,22,49,5,-44,0.362962962962963,0.2631578947368421,-0.0998050682261209,0.9246575342465754,0.8260869565217391,-0.09857057772483624
2009,10,50,6,-44,0.4098360655737705,0.3157894736842105,-0.09404659188956,0.953125,0.95,-0.0031250000000000444
994,27,50,6,-44,0.45454545454545453,0.375,-0.07954545454545453,0.9401709401709402,1.0,0.05982905982905984
1546,2,51,7,-44,0.5151515151515151,0.4666666666666667,-0.048484848484848464,0.868421052631579,0.8823529411764706,0.01393188854489158
1131,0,49,5,-44,0.310126582278481,0.2631578947368421,-0.04696868754163891,0.9813664596273292,0.9047619047619048,-0.07660455486542439
1032,25,51,7,-44,0.3617021276595745,0.3181818181818182,-0.043520309477756314,0.9337748344370861,0.9565217391304348,0.022746904693348724
316,24,52,8,-44,0.45614035087719296,0.42105263157894735,-0.03508771929824561,0.9661016949152542,1.0,0.03389830508474578
876,5,50,6,-44,0.43478260869565216,0.4,-0.03478260869565214,0.92,0.8333333333333334,-0.08666666666666667
553,30,52,8,-44,0.4297520661157025,0.42105263157894735,-0.008699434536755146,0.983739837398374,1.0,0.016260162601625994
1613,29,52,8,-44,0.42276422764227645,0.42105263157894735,-0.0017115960633291016,0.9461538461538461,1.0,0.05384615384615388
1633,6,51,7,-44,0.3469387755102041,0.35,0.0030612244897958996,0.9865771812080537,1.0,0.01342281879194629
244,11,53,9,-44,0.44166666666666665,0.45,0.00833333333333336,0.916030534351145,0.9523809523809523,0.03635041802980732
904,28,54,10,-44,0.40601503759398494,0.4166666666666667,0.010651629072681745,0.95,1.0,0.050000000000000044
630,8,52,8,-44,0.4,0.42105263157894735,0.021052631578947323,0.9629629629629629,0.9047619047619048,-0.05820105820105814
819,20,52,8,-44,0.37142857142857144,0.4,0.02857142857142858,0.9790209790209791,0.9523809523809523,-0.026640026640026737
1574,4,53,9,-44,0.375886524822695,0.4090909090909091,0.03320438426821409,0.9724137931034482,0.9565217391304348,-0.01589205397301341
646,11,53,9,-44,0.43089430894308944,0.47368421052631576,0.04278990158322632,0.9461538461538461,0.95,0.0038461538461538325
1811,7,53,9,-44,0.452991452991453,0.5,0.04700854700854701,0.9590163934426229,0.9473684210526315,-0.011647972389991379
569,6,53,9,-44,0.3925925925925926,0.45,0.05740740740740741,0.9642857142857143,1.0,0.0357142857142857
531,16,52,8,-44,0.3611111111111111,0.42105263157894735,0.05994152046783624,0.9664429530201343,0.95,-0.01644295302013432
973,24,52,8,-44,0.40625,0.47058823529411764,0.06433823529411764,0.9846153846153847,0.9444444444444444,-0.04017094017094025
1969,18,53,9,-44,0.40458015267175573,0.47368421052631576,0.06910405785456003,0.9849624060150376,0.95,-0.03496240601503764
1716,12,53,9,-44,0.4274193548387097,0.5,0.07258064516129031,0.8493150684931506,0.6666666666666666,-0.182648401826484
428,5,54,10,-44,0.3829787234042553,0.47619047619047616,0.09321175278622085,0.9215686274509803,1.0,0.07843137254901966
1549,15,54,10,-44,0.36,0.45454545454545453,0.09454545454545454,0.9375,1.0,0.0625
1962,12,53,9,-44,0.39849624060150374,0.5294117647058824,0.13091552410437862,0.9047619047619048,0.9444444444444444,0.03968253968253965
640,16,55,11,-44,0.4230769230769231,0.5789473684210527,0.15587044534412958,0.948905109489051,1.0,0.051094890510948954
200,18,55,11,-44,0.3767123287671233,0.55,0.17328767123287675,0.9931972789115646,1.0,0.006802721088435382
1160,11,55,11,-44,0.4365079365079365,0.6111111111111112,0.17460317460317465,0.9692307692307692,0.8571428571428571,-0.11208791208791213
980,15,56,12,-44,0.42424242424242425,0.6,0.17575757575757572,1.0,1.0,0.0
1617,7,55,11,-44,0.3333333333333333,0.5238095238095238,0.19047619047619052,0.9821428571428571,0.9545454545454546,-0.02759740259740251
54,0,57,13,-44,0.3877551020408163,0.5909090909090909,0.20315398886827463,0.9423076923076923,0.9565217391304348,0.014214046822742521
1123,21,56,12,-44,0.4307692307692308,0.6666666666666666,0.23589743589743584,0.935251798561151,0.9,-0.035251798561151015
471,8,47,4,-43,0.3533834586466165,0.2222222222222222,-0.1311612364243943,0.9851851851851852,0.9473684210526315,-0.03781676413255364
348,26,47,4,-43,0.3790322580645161,0.25,-0.12903225806451613,0.9841269841269841,0.9411764705882353,-0.04295051353874879
1216,31,49,6,-43,0.4049586776859504,0.3,-0.10495867768595041,0.7908496732026143,0.8,0.0091503267973857
546,26,50,7,-43,0.4672897196261682,0.3684210526315789,-0.0988686669945893,0.8991596638655462,1.0,0.10084033613445376
47,16,49,6,-43,0.3828125,0.2857142857142857,-0.0970982142857143,0.9411764705882353,1.0,0.05882352941176472
98,15,48,5,-43,0.4067796610169492,0.3125,-0.09427966101694918,0.9516129032258065,0.8421052631578947,-0.1095076400679118
690,1,48,5,-43,0.3287671232876712,0.23809523809523808,-0.09067188519243313,1.0,1.0,0.0
1794,24,50,7,-43,0.43859649122807015,0.35,-0.08859649122807017,0.912,0.9523809523809523,0.040380952380952295
768,17,49,6,-43,0.3828125,0.3,-0.08281250000000001,0.9411764705882353,1.0,0.05882352941176472
2005,6,49,6,-43,0.35766423357664234,0.2857142857142857,-0.07194994786235664,0.8353658536585366,0.9545454545454546,0.11917960088691804
370,18,51,8,-43,0.5666666666666667,0.5,-0.06666666666666665,0.8181818181818182,0.9411764705882353,0.12299465240641705
1299,25,49,6,-43,0.3712121212121212,0.3157894736842105,-0.05542264752791071,0.8979591836734694,0.95,0.05204081632653057
1285,23,50,7,-43,0.38461538461538464,0.3333333333333333,-0.05128205128205132,0.9923664122137404,0.9545454545454546,-0.03782095766828586
1588,13,48,5,-43,0.3609022556390977,0.3125,-0.048402255639097724,0.83125,0.6956521739130435,-0.13559782608695659
1638,23,50,7,-43,0.5050505050505051,0.4666666666666667,-0.03838383838383841,0.9,0.9375,0.03749999999999998
399,16,49,6,-43,0.33793103448275863,0.3,-0.03793103448275864,0.9177215189873418,0.8695652173913043,-0.048156301596037454
1930,10,51,8,-43,0.504950495049505,0.47058823529411764,-0.034362259755387314,0.8938053097345132,1.0,0.10619469026548678
276,9,50,7,-43,0.4424778761061947,0.4375,-0.004977876106194712,1.0,1.0,0.0
2018,19,51,8,-43,0.3953488372093023,0.42105263157894735,0.02570379436964504,0.8958333333333334,0.95,0.054166666666666585
245,20,51,8,-43,0.37777777777777777,0.42105263157894735,0.04327485380116958,0.9712230215827338,0.95,-0.021223021582733814
1200,8,52,9,-43,0.38235294117647056,0.42857142857142855,0.046218487394957986,0.9714285714285714,1.0,0.02857142857142858
502,3,51,8,-43,0.4473684210526316,0.5,0.05263157894736842,0.912,0.9411764705882353,0.029176470588235248
927,3,53,10,-43,0.39552238805970147,0.45454545454545453,0.05902306648575306,0.9241379310344827,0.9565217391304348,0.032383808095952094
1916,23,52,9,-43,0.4126984126984127,0.47368421052631576,0.06098579782790309,0.9473684210526315,1.0,0.052631578947368474
1783,1,53,10,-43,0.4076923076923077,0.47619047619047616,0.06849816849816848,0.9558823529411765,0.9545454545454546,-0.0013368983957219305
412,18,52,9,-43,0.3969465648854962,0.47368421052631576,0.07673764564081959,0.9703703703703703,0.95,-0.020370370370370372
389,14,52,9,-43,0.41935483870967744,0.5,0.08064516129032256,0.96875,0.9473684210526315,-0.021381578947368474
1330,31,52,9,-43,0.37681159420289856,0.47368421052631576,0.0968726163234172,0.9139072847682119,0.95,0.03609271523178803
536,14,54,11,-43,0.39416058394160586,0.5,0.10583941605839414,0.9716312056737588,0.9565217391304348,-0.015109466543324013
498,19,55,12,-43,0.5555555555555556,0.6666666666666666,0.11111111111111105,0.868421052631579,0.8181818181818182,-0.05023923444976075
1960,28,53,10,-43,0.381294964028777,0.5,0.118705035971223,0.972027972027972,1.0,0.027972027972028024
752,21,53,10,-43,0.4015151515151515,0.5263157894736842,0.12480063795853269,0.8859060402684564,0.95,0.06409395973154353
712,28,56,13,-43,0.417910447761194,0.5652173913043478,0.14730694354315377,0.9115646258503401,0.92,0.008435374149659891
765,20,55,12,-43,0.4365079365079365,0.6,0.16349206349206347,0.9692307692307692,1.0,0.03076923076923077
1389,21,52,9,-43,0.3880597014925373,0.5625,0.17444029850746268,0.9571428571428572,0.8421052631578947,-0.1150375939849625
433,2,45,3,-42,0.4639175257731959,0.23076923076923078,-0.2331482950039651,0.6554054054054054,0.6190476190476191,-0.036357786357786304
1275,1,47,5,-42,0.4563106796116505,0.2777777777777778,-0.17853290183387271,0.9537037037037037,0.9473684210526315,-0.006335282651072194
652,9,49,7,-42,0.5157894736842106,0.3684210526315789,-0.14736842105263165,0.8482142857142857,1.0,0.1517857142857143
1402,8,49,7,-42,0.44954128440366975,0.3684210526315789,-0.08112023177209082,0.923728813559322,1.0,0.07627118644067798
1353,8,48,6,-42,0.3779527559055118,0.3157894736842105,-0.0621632822213013,0.9548872180451128,1.0,0.045112781954887216
830,31,49,7,-42,0.3858267716535433,0.3333333333333333,-0.05249343832020997,0.927007299270073,0.9545454545454546,0.027538155275381615
393,18,49,7,-42,0.4224137931034483,0.4117647058823529,-0.010649087221095366,0.9914529914529915,1.0,0.008547008547008517
1589,8,49,7,-42,0.33793103448275863,0.3333333333333333,-0.004597701149425315,0.9863945578231292,1.0,0.013605442176870763
1760,24,50,8,-42,0.36764705882352944,0.36363636363636365,-0.004010695187165791,0.8888888888888888,1.0,0.11111111111111116
318,1,50,8,-42,0.36231884057971014,0.36363636363636365,0.0013175230566535023,0.965034965034965,0.9166666666666666,-0.04836829836829837
1002,12,50,8,-42,0.42735042735042733,0.4444444444444444,0.01709401709401709,0.9,1.0,0.09999999999999998
367,3,50,8,-42,0.45045045045045046,0.47058823529411764,0.020137784843667184,0.9327731092436975,0.8947368421052632,-0.03803626713843433
535,1,49,7,-42,0.4152542372881356,0.4375,0.022245762711864403,0.9291338582677166,0.9411764705882353,0.01204261232051873
416,8,49,7,-42,0.4336283185840708,0.4666666666666667,0.03303834808259587,0.9658119658119658,0.8333333333333334,-0.13247863247863245
28,28,52,10,-42,0.47706422018348627,0.5263157894736842,0.049251569290197916,0.9478260869565217,1.0,0.05217391304347829
2041,9,51,9,-42,0.5425531914893617,0.6,0.057446808510638325,0.8785046728971962,0.8823529411764706,0.003848268279274314
1625,8,50,8,-42,0.423728813559322,0.5,0.07627118644067798,0.9833333333333333,0.9411764705882353,-0.042156862745098
1111,19,52,10,-42,0.42276422764227645,0.5,0.07723577235772355,0.9318181818181818,0.9523809523809523,0.02056277056277056
310,5,51,9,-42,0.3923076923076923,0.47368421052631576,0.08137651821862346,0.948905109489051,0.95,0.0010948905109489093
745,9,50,8,-42,0.3333333333333333,0.42105263157894735,0.08771929824561403,0.9433962264150944,0.9047619047619048,-0.038634321653189585
18,15,51,9,-42,0.3591549295774648,0.45,0.0908450704225352,0.9466666666666667,1.0,0.053333333333333344
672,13,51,9,-42,0.4015748031496063,0.5,0.09842519685039369,0.9136690647482014,0.9473684210526315,0.033699356304430106
1830,29,51,9,-42,0.3493150684931507,0.47368421052631576,0.12436914203316507,0.948051948051948,0.9047619047619048,-0.04329004329004327
112,2,52,10,-42,0.3969465648854962,0.5263157894736842,0.129369224588188,0.9703703703703703,0.8636363636363636,-0.10673400673400668
1550,9,50,8,-42,0.43103448275862066,0.5714285714285714,0.14039408866995073,0.9747899159663865,0.875,-0.09978991596638653
1172,9,54,12,-42,0.3698630136986301,0.5217391304347826,0.15187611673615248,0.9605263157894737,0.9583333333333334,-0.002192982456140302
156,20,53,11,-42,0.4344262295081967,0.6111111111111112,0.17668488160291446,0.9838709677419355,0.9473684210526315,-0.03650254668930397
453,24,54,12,-42,0.421875,0.6,0.17812499999999998,0.9922480620155039,1.0,0.007751937984496138
895,29,54,12,-42,0.4153846153846154,0.6,0.18461538461538457,0.9629629629629629,1.0,0.03703703703703709
454,0,51,9,-42,0.3422818791946309,0.5294117647058824,0.18712988551125148,0.9738562091503268,0.85,-0.1238562091503268
1162,18,56,14,-42,0.40875912408759124,0.6086956521739131,0.19993652808632184,0.9927536231884058,1.0,0.007246376811594235
1805,27,55,13,-42,0.39285714285714285,0.6190476190476191,0.22619047619047622,0.9722222222222222,0.9130434782608695,-0.0591787439613527
1645,15,43,2,-41,0.3359375,0.13333333333333333,-0.20260416666666667,0.9922480620155039,0.8333333333333334,-0.1589147286821705
1393,13,44,3,-41,0.33587786259541985,0.23076923076923078,-0.10510863182618907,0.9097222222222222,0.5909090909090909,-0.31881313131313127
444,1,46,5,-41,0.3511450381679389,0.25,-0.1011450381679389,0.9849624060150376,1.0,0.015037593984962405
1755,9,46,5,-41,0.4107142857142857,0.3125,-0.0982142857142857,0.9333333333333333,0.8,-0.1333333333333333
936,8,47,6,-41,0.39166666666666666,0.3,-0.09166666666666667,0.975609756097561,0.9523809523809523,-0.023228803716608626
2036,28,47,6,-41,0.3790322580645161,0.3157894736842105,-0.06324278438030562,0.96875,1.0,0.03125
1580,16,48,7,-41,0.3902439024390244,0.3333333333333333,-0.05691056910569109,0.984,1.0,0.016000000000000014
217,17,47,6,-41,0.43119266055045874,0.375,-0.05619266055045874,0.9396551724137931,0.8888888888888888,-0.05076628352490431
1819,25,48,7,-41,0.40336134453781514,0.35,-0.05336134453781516,0.8263888888888888,0.9090909090909091,0.08270202020202022
1208,10,47,6,-41,0.3983050847457627,0.35294117647058826,-0.04536390827517445,0.959349593495935,0.9444444444444444,-0.01490514905149054
1787,17,49,8,-41,0.4188034188034188,0.38095238095238093,-0.03785103785103788,0.936,0.9545454545454546,0.01854545454545453
1289,20,46,5,-41,0.3026315789473684,0.2777777777777778,-0.024853801169590628,0.987012987012987,0.9,-0.08701298701298699
984,21,48,7,-41,0.4,0.3888888888888889,-0.011111111111111127,0.9523809523809523,0.9473684210526315,-0.005012531328320802
402,22,48,7,-41,0.39669421487603307,0.3888888888888889,-0.007805325987144174,0.8642857142857143,0.9,0.0357142857142857
1667,28,48,7,-41,0.384,0.3888888888888889,0.004888888888888887,0.9689922480620154,0.9473684210526315,-0.021623827009383922
2043,6,49,8,-41,0.3602941176470588,0.38095238095238093,0.02065826330532211,0.9927007299270073,1.0,0.007299270072992692
1394,25,48,7,-41,0.3609022556390977,0.3888888888888889,0.02798663324979117,0.9432624113475178,1.0,0.05673758865248224
40,22,50,9,-41,0.3968253968253968,0.42857142857142855,0.031746031746031744,0.9130434782608695,0.9545454545454546,0.041501976284585074
134,10,49,8,-41,0.37404580152671757,0.42105263157894735,0.047006830052229776,0.9225352112676056,0.8260869565217391,-0.09644825474586649
1283,1,49,8,-41,0.35251798561151076,0.4,0.04748201438848926,0.972027972027972,1.0,0.027972027972028024
1191,21,51,10,-41,0.40476190476190477,0.45454545454545453,0.04978354978354976,0.9333333333333333,1.0,0.06666666666666665
2044,13,52,11,-41,0.4406779661016949,0.5,0.05932203389830509,0.7195121951219512,1.0,0.2804878048780488
2011,21,51,10,-41,0.49514563106796117,0.5555555555555556,0.06040992448759441,0.9196428571428571,1.0,0.0803571428571429
1410,2,50,9,-41,0.42735042735042733,0.5,0.07264957264957267,0.7647058823529411,0.8181818181818182,0.05347593582887711
2040,7,48,7,-41,0.3870967741935484,0.4666666666666667,0.0795698924731183,0.992,0.8823529411764706,-0.10964705882352943
1994,16,50,9,-41,0.4424778761061947,0.5625,0.12002212389380529,0.9741379310344828,0.8421052631578947,-0.13203266787658807
521,14,52,11,-41,0.45217391304347826,0.5789473684210527,0.1267734553775744,0.92,0.95,0.029999999999999916
1628,6,52,11,-41,0.39097744360902253,0.5238095238095238,0.1328320802005013,0.9637681159420289,0.9545454545454546,-0.00922266139657435
1584,18,52,11,-41,0.4444444444444444,0.5789473684210527,0.13450292397660824,0.9831932773109243,0.95,-0.03319327731092436
38,31,50,9,-41,0.3184713375796178,0.47368421052631576,0.15521287294669794,0.8870056497175142,0.9047619047619048,0.0177562550443906
1571,25,52,11,-41,0.40625,0.5789473684210527,0.17269736842105265,0.9624060150375939,1.0,0.03759398496240607
1204,11,53,12,-41,0.3706293706293706,0.5454545454545454,0.1748251748251748,0.9225806451612903,0.88,-0.04258064516129034
2012,27,51,10,-41,0.3248407643312102,0.5,0.17515923566878983,0.9573170731707317,0.9523809523809523,-0.004936120789779341
329,31,53,12,-41,0.41732283464566927,0.6,0.1826771653543307,0.9202898550724637,0.9523809523809523,0.03209109730848858
1835,11,53,12,-41,0.4274193548387097,0.631578947368421,0.20415959252971133,0.8920863309352518,0.9047619047619048,0.012675573826652964
1350,3,55,14,-41,0.3741496598639456,0.6666666666666666,0.292517006802721,0.9545454545454546,0.9545454545454546,0.0
1862,25,45,5,-40,0.4891304347826087,0.29411764705882354,-0.19501278772378516,0.8363636363636363,1.0,0.1636363636363637
1932,14,44,4,-40,0.38596491228070173,0.2222222222222222,-0.16374269005847952,0.9193548387096774,1.0,0.08064516129032262
842,30,45,5,-40,0.42452830188679247,0.3125,-0.11202830188679247,0.9380530973451328,0.8888888888888888,-0.04916420845624392
588,25,45,5,-40,0.30612244897959184,0.21739130434782608,-0.08873114463176576,0.9735099337748344,1.0,0.026490066225165587
687,8,45,5,-40,0.3409090909090909,0.2777777777777778,-0.0631313131313131,0.9428571428571428,0.9,-0.042857142857142816
937,22,45,5,-40,0.3515625,0.29411764705882354,-0.05744485294117646,0.9142857142857143,0.9444444444444444,0.030158730158730163
288,29,46,6,-40,0.36220472440944884,0.3157894736842105,-0.04641525072523833,0.9694656488549618,1.0,0.03053435114503822
1470,11,47,7,-40,0.40869565217391307,0.3684210526315789,-0.040274599542334144,0.9426229508196722,1.0,0.05737704918032782
1603,14,46,6,-40,0.3333333333333333,0.3,-0.033333333333333326,0.9583333333333334,0.9523809523809523,-0.005952380952381042
1744,17,46,6,-40,0.4,0.375,-0.025000000000000022,0.9426229508196722,0.8888888888888888,-0.05373406193078334
1515,8,47,7,-40,0.4351851851851852,0.4117647058823529,-0.023420479302832253,0.9391304347826087,0.8947368421052632,-0.04439359267734555
1081,23,48,8,-40,0.4067796610169492,0.4,-0.006779661016949157,0.944,0.9090909090909091,-0.03490909090909089
682,4,47,7,-40,0.373015873015873,0.3684210526315789,-0.004594820384294096,0.984375,1.0,0.015625
80,22,48,8,-40,0.41025641025641024,0.42105263157894735,0.010796221322537103,0.9285714285714286,0.95,0.021428571428571352
1563,10,48,8,-40,0.34782608695652173,0.36363636363636365,0.015810276679841917,0.9583333333333334,0.8461538461538461,-0.11217948717948723
843,9,47,7,-40,0.3381294964028777,0.3684210526315789,0.030291556228701222,0.972027972027972,1.0,0.027972027972028024
157,29,48,8,-40,0.3870967741935484,0.42105263157894735,0.03395585738539897,0.9393939393939394,1.0,0.06060606060606055
1347,3,48,8,-40,0.3582089552238806,0.4,0.041791044776119446,0.9852941176470589,1.0,0.014705882352941124
1664,4,49,9,-40,0.3712121212121212,0.42857142857142855,0.05735930735930733,0.9850746268656716,1.0,0.014925373134328401
1231,20,49,9,-40,0.3310810810810811,0.391304347826087,0.06022326674500589,0.9487179487179487,1.0,0.05128205128205132
2039,17,49,9,-40,0.47115384615384615,0.5625,0.09134615384615385,0.9454545454545454,0.9411764705882353,-0.004278074866310155
1462,30,50,10,-40,0.3816793893129771,0.47619047619047616,0.09451108687749904,0.9849624060150376,0.9545454545454546,-0.03041695146958301
1435,13,48,8,-40,0.3310344827586207,0.4444444444444444,0.11340996168582373,0.9666666666666667,0.9473684210526315,-0.019298245614035148
941,8,52,12,-40,0.4262295081967213,0.5454545454545454,0.11922503725782413,0.953125,0.9565217391304348,0.0033967391304348116
1337,12,50,10,-40,0.373134328358209,0.5,0.12686567164179102,0.8758169934640523,0.9523809523809523,0.07656395891690004
1084,20,51,11,-40,0.3953488372093023,0.5238095238095238,0.12846068660022153,0.9772727272727273,1.0,0.022727272727272707
962,10,50,10,-40,0.3937007874015748,0.5263157894736842,0.13261500207210936,0.9769230769230769,1.0,0.023076923076923106
411,13,52,12,-40,0.3939393939393939,0.5454545454545454,0.1515151515151515,0.9361702127659575,0.88,-0.05617021276595746
953,25,52,12,-40,0.36363636363636365,0.5217391304347826,0.15810276679841895,0.8773006134969326,0.9583333333333334,0.08103271983640081
655,5,51,11,-40,0.4358974358974359,0.6111111111111112,0.17521367521367526,0.9831932773109243,0.9,-0.0831932773109243
1607,3,53,13,-40,0.4076923076923077,0.5909090909090909,0.18321678321678325,0.9558823529411765,1.0,0.044117647058823484
992,24,54,14,-40,0.38028169014084506,0.6363636363636364,0.2560819462227913,0.8930817610062893,1.0,0.10691823899371067
448,26,45,6,-39,0.3813559322033898,0.3157894736842105,-0.0655664585191793,0.9833333333333333,1.0,0.01666666666666672
172,10,44,5,-39,0.3283582089552239,0.2631578947368421,-0.0652003142183818,0.9436619718309859,0.9047619047619048,-0.03890006706908111
724,10,46,7,-39,0.359375,0.30434782608695654,-0.05502717391304346,0.9552238805970149,1.0,0.04477611940298509
2001,5,44,5,-39,0.3308270676691729,0.2777777777777778,-0.053049289891395124,0.9779411764705882,0.9,-0.07794117647058818
228,29,44,5,-39,0.29333333333333333,0.25,-0.043333333333333335,0.9375,0.8333333333333334,-0.10416666666666663
763,27,46,7,-39,0.42990654205607476,0.3888888888888889,-0.041017653167185864,0.8916666666666667,1.0,0.10833333333333328
1681,28,45,6,-39,0.3515625,0.3157894736842105,-0.03577302631578949,1.0,0.95,-0.050000000000000044
1447,9,46,7,-39,0.38333333333333336,0.35,-0.03333333333333338,0.96,0.9523809523809523,-0.007619047619047636
1043,17,45,6,-39,0.3333333333333333,0.3157894736842105,-0.017543859649122806,0.8333333333333334,0.8260869565217391,-0.007246376811594235
1957,24,45,6,-39,0.3333333333333333,0.3157894736842105,-0.017543859649122806,0.9507042253521126,0.95,-0.0007042253521126751
698,15,45,6,-39,0.30612244897959184,0.3,-0.006122448979591855,0.9545454545454546,0.9523809523809523,-0.0021645021645022577
192,1,46,7,-39,0.3511450381679389,0.3684210526315789,0.01727601446364002,0.9703703703703703,1.0,0.029629629629629672
1141,5,48,9,-39,0.36923076923076925,0.4090909090909091,0.039860139860139865,0.9219858156028369,0.9166666666666666,-0.005319148936170248
447,6,47,8,-39,0.34057971014492755,0.38095238095238093,0.04037267080745338,0.8903225806451613,1.0,0.10967741935483866
1814,16,47,8,-39,0.32867132867132864,0.38095238095238093,0.05228105228105229,0.910828025477707,1.0,0.08917197452229297
582,28,48,9,-39,0.38095238095238093,0.45,0.06904761904761908,0.984375,1.0,0.015625
354,12,47,8,-39,0.39166666666666666,0.47058823529411764,0.07892156862745098,0.7894736842105263,0.7727272727272727,-0.01674641148325362
142,12,49,10,-39,0.47572815533980584,0.5555555555555556,0.07982740021574974,0.865546218487395,0.9,0.03445378151260503
1559,26,49,10,-39,0.4152542372881356,0.5,0.0847457627118644,0.944,1.0,0.05600000000000005
534,3,49,10,-39,0.3828125,0.47619047619047616,0.09337797619047616,0.9481481481481482,0.875,-0.07314814814814818
1309,20,49,10,-39,0.3333333333333333,0.43478260869565216,0.10144927536231885,0.9423076923076923,1.0,0.05769230769230771
296,18,49,10,-39,0.4224137931034483,0.5263157894736842,0.1039019963702359,0.9508196721311475,1.0,0.049180327868852514
933,28,48,9,-39,0.3404255319148936,0.45,0.1095744680851064,0.986013986013986,1.0,0.013986013986013957
1769,29,48,9,-39,0.3582089552238806,0.47368421052631576,0.11547525530243519,0.9781021897810219,0.9047619047619048,-0.07334028501911716
99,12,48,9,-39,0.384,0.5,0.11599999999999999,0.8680555555555556,1.0,0.13194444444444442
2020,22,48,9,-39,0.34285714285714286,0.47368421052631576,0.1308270676691729,0.9459459459459459,0.9047619047619048,-0.041184041184041176
258,3,50,11,-39,0.4098360655737705,0.55,0.14016393442622954,0.976,1.0,0.02400000000000002
1297,6,50,11,-39,0.3597122302158273,0.5,0.14028776978417268,0.9858156028368794,0.9565217391304348,-0.0292938637064446
1818,30,51,12,-39,0.37777777777777777,0.5217391304347826,0.14396135265700483,0.9183673469387755,0.92,0.0016326530612245094
1901,21,49,10,-39,0.34507042253521125,0.5,0.15492957746478875,0.9403973509933775,0.8695652173913043,-0.07083213360207319
533,24,50,11,-39,0.390625,0.55,0.15937500000000004,0.9481481481481482,0.9523809523809523,0.004232804232804144
532,3,49,10,-39,0.3402777777777778,0.5,0.1597222222222222,0.935064935064935,0.8695652173913043,-0.06549971767363072
1748,8,50,11,-39,0.36496350364963503,0.55,0.185036496350365,0.9927536231884058,1.0,0.007246376811594235
1215,17,51,12,-39,0.36428571428571427,0.5714285714285714,0.20714285714285713,0.9655172413793104,0.9545454545454546,-0.010971786833855801
1398,15,51,12,-39,0.4146341463414634,0.631578947368421,0.21694480102695762,0.984,1.0,0.016000000000000014
714,8,41,3,-38,0.38317757009345793,0.1875,-0.19567757009345793,0.9553571428571429,0.8888888888888888,-0.06646825396825407
1926,28,41,3,-38,0.4019607843137255,0.21428571428571427,-0.18767507002801123,0.9444444444444444,0.875,-0.06944444444444442
336,21,42,4,-38,0.38181818181818183,0.23529411764705882,-0.14652406417112301,0.9482758620689655,0.8947368421052632,-0.05353901996370236
1843,30,43,5,-38,0.39814814814814814,0.2631578947368421,-0.13499025341130605,0.9642857142857143,1.0,0.0357142857142857
476,7,48,10,-38,0.6666666666666666,0.5555555555555556,-0.11111111111111105,0.6428571428571429,1.0,0.3571428571428571
197,12,43,5,-38,0.3233082706766917,0.23809523809523808,-0.08521303258145363,0.8926174496644296,0.9545454545454546,0.06192800488102501
620,12,44,6,-38,0.3963963963963964,0.3157894736842105,-0.08060692271218589,0.8604651162790697,0.8260869565217391,-0.034378159757330606
605,29,42,4,-38,0.3442622950819672,0.2857142857142857,-0.05854800936768151,0.953125,0.875,-0.078125
762,31,44,6,-38,0.35772357723577236,0.3157894736842105,-0.04193410355156185,0.825503355704698,0.7916666666666666,-0.03383668903803139
124,26,44,6,-38,0.30985915492957744,0.2857142857142857,-0.024144869215291742,0.9342105263157895,0.9130434782608695,-0.02116704805491998
697,6,45,7,-38,0.3629032258064516,0.35,-0.012903225806451646,0.9841269841269841,1.0,0.015873015873015928
1482,12,45,7,-38,0.34615384615384615,0.3333333333333333,-0.01282051282051283,0.8387096774193549,0.9130434782608695,0.07433380084151464
573,2,45,7,-38,0.4166666666666667,0.4117647058823529,-0.004901960784313764,0.9230769230769231,1.0,0.07692307692307687
1072,21,44,6,-38,0.33587786259541985,0.3333333333333333,-0.0025445292620865367,0.9703703703703703,1.0,0.029629629629629672
1677,23,46,8,-38,0.3511450381679389,0.36363636363636365,0.012491325468424741,0.9849624060150376,1.0,0.015037593984962405
1792,15,45,7,-38,0.36885245901639346,0.3888888888888889,0.02003642987249543,0.9606299212598425,1.0,0.03937007874015752
865,4,46,8,-38,0.34328358208955223,0.36363636363636365,0.020352781546811416,0.8535031847133758,1.0,0.14649681528662417
1033,28,46,8,-38,0.36220472440944884,0.42105263157894735,0.0588479071694985,0.9769230769230769,1.0,0.023076923076923106
1928,21,47,9,-38,0.4351851851851852,0.5,0.06481481481481483,0.9230769230769231,1.0,0.07692307692307687
1765,16,45,7,-38,0.39823008849557523,0.4666666666666667,0.06843657817109144,0.9338842975206612,0.8333333333333334,-0.10055096418732778
1450,16,47,9,-38,0.35877862595419846,0.42857142857142855,0.06979280261723009,0.9703703703703703,1.0,0.029629629629629672
1844,12,47,9,-38,0.3790322580645161,0.45,0.07096774193548389,0.8493150684931506,0.9523809523809523,0.10306588388780169
773,4,46,8,-38,0.3262411347517731,0.4,0.07375886524822695,0.9038461538461539,0.9523809523809523,0.04853479853479847
308,29,47,9,-38,0.373015873015873,0.45,0.07698412698412699,0.9545454545454546,0.9523809523809523,-0.0021645021645022577
1688,11,47,9,-38,0.35074626865671643,0.42857142857142855,0.07782515991471212,0.9436619718309859,0.9130434782608695,-0.030618493570116367
609,7,47,9,-38,0.34306569343065696,0.42857142857142855,0.08550573514077159,0.9856115107913669,1.0,0.014388489208633115
1653,4,50,12,-38,0.45871559633027525,0.5714285714285714,0.11271297509829614,0.9478260869565217,1.0,0.05217391304347829
1919,7,48,10,-38,0.36923076923076925,0.5,0.13076923076923075,0.9219858156028369,1.0,0.07801418439716312
1374,7,47,9,-38,0.34057971014492755,0.47368421052631576,0.1331045003813882,0.9787234042553191,0.9047619047619048,-0.07396149949341435
1895,19,47,9,-38,0.34057971014492755,0.47368421052631576,0.1331045003813882,0.9387755102040817,0.95,0.01122448979591828
1491,8,48,10,-38,0.3310344827586207,0.47619047619047616,0.14515599343185548,0.9602649006622517,1.0,0.039735099337748325
19,14,50,12,-38,0.4166666666666667,0.5714285714285714,0.1547619047619047,0.967741935483871,0.9545454545454546,-0.01319648093841641
1480,25,48,10,-38,0.366412213740458,0.5263157894736842,0.15990357573322617,0.9357142857142857,0.9047619047619048,-0.030952380952380953
1117,22,47,9,-38,0.3983050847457627,0.5625,0.1641949152542373,0.9672131147540983,0.9411764705882353,-0.026036644165863043
1842,3,47,9,-38,0.3092105263157895,0.47368421052631576,0.16447368421052627,0.9681528662420382,0.9047619047619048,-0.06339096148013346
1573,21,49,11,-38,0.4117647058823529,0.5789473684210527,0.16718266253869973,0.9596774193548387,1.0,0.040322580645161255
1714,27,50,12,-38,0.43103448275862066,0.6,0.16896551724137931,0.9354838709677419,1.0,0.06451612903225812
372,19,49,11,-38,0.3769230769230769,0.55,0.17307692307692313,0.9629629629629629,0.9523809523809523,-0.010582010582010581
838,4,49,11,-38,0.33793103448275863,0.5238095238095238,0.1858784893267652,0.9797297297297297,1.0,0.020270270270270285
538,11,49,11,-38,0.4083333333333333,0.6111111111111112,0.20277777777777783,0.8759124087591241,0.9473684210526315,0.0714560122935074
330,15,50,12,-38,0.33783783783783783,0.5454545454545454,0.20761670761670759,0.9866666666666667,1.0,0.013333333333333308
1582,23,49,11,-38,0.3333333333333333,0.55,0.21666666666666673,1.0,1.0,0.0
495,23,51,13,-38,0.3953488372093023,0.6190476190476191,0.22369878183831676,0.9416058394160584,1.0,0.058394160583941646
978,13,50,12,-38,0.36764705882352944,0.6,0.23235294117647054,0.7906976744186046,0.8695652173913043,0.07886754297269971
1822,28,51,13,-38,0.4146341463414634,0.6842105263157895,0.2695763799743261,0.984,0.95,-0.03400000000000003
940,13,51,13,-38,0.4112903225806452,0.6842105263157895,0.2729202037351443,0.992,0.95,-0.04200000000000004
39,16,49,11,-38,0.3951612903225806,0.6875,0.2923387096774194,0.9253731343283582,0.9411764705882353,0.015803336259877065
419,10,41,4,-37,0.31297709923664124,0.2222222222222222,-0.09075487701441903,0.9632352941176471,0.9,-0.06323529411764706
1912,15,44,7,-37,0.35772357723577236,0.30434782608695654,-0.05337575114881582,0.9534883720930233,1.0,0.046511627906976716
691,25,43,6,-37,0.3524590163934426,0.3,-0.05245901639344264,0.9682539682539683,0.9090909090909091,-0.059163059163059195
637,22,44,7,-37,0.3963963963963964,0.35,-0.04639639639639642,0.9487179487179487,0.9523809523809523,0.00366300366300365
34,31,43,6,-37,0.3805309734513274,0.35294117647058826,-0.027589796980739156,0.9495798319327731,0.9444444444444444,-0.0051353874883286466
1519,19,45,8,-37,0.4017857142857143,0.4,-0.0017857142857142794,0.9824561403508771,1.0,0.01754385964912286
1812,15,44,7,-37,0.30985915492957744,0.3181818181818182,0.008322663252240736,0.9861111111111112,1.0,0.01388888888888884
671,13,44,7,-37,0.3464566929133858,0.3684210526315789,0.021964359718193105,0.9202898550724637,0.9047619047619048,-0.01552795031055898
194,28,45,8,-37,0.3333333333333333,0.36363636363636365,0.03030303030303033,0.9712230215827338,1.0,0.02877697841726623
1512,17,45,8,-37,0.41284403669724773,0.4444444444444444,0.03160040774719669,0.9316239316239316,0.9473684210526315,0.01574448942869988
1850,6,44,7,-37,0.2953020134228188,0.3333333333333333,0.038031319910514505,0.9802631578947368,0.9545454545454546,-0.02571770334928225
263,22,45,8,-37,0.3488372093023256,0.4,0.05116279069767443,0.9847328244274809,1.0,0.01526717557251911
182,28,46,9,-37,0.4946236559139785,0.5625,0.0678763440860215,0.8378378378378378,0.9411764705882353,0.10333863275039745
749,12,46,9,-37,0.39655172413793105,0.47368421052631576,0.07713248638838471,0.8992248062015504,0.9047619047619048,0.0055370985603543366
506,11,44,7,-37,0.32592592592592595,0.4117647058823529,0.08583877995642697,0.8881578947368421,0.8095238095238095,-0.07863408521303261
466,30,45,8,-37,0.35714285714285715,0.4444444444444444,0.08730158730158727,0.9921259842519685,0.9473684210526315,-0.04475756319933699
828,8,46,9,-37,0.4107142857142857,0.5,0.0892857142857143,0.9256198347107438,0.9473684210526315,0.0217485863418877
1190,15,46,9,-37,0.3194444444444444,0.42857142857142855,0.10912698412698413,0.972972972972973,1.0,0.027027027027026973
1877,8,46,9,-37,0.35658914728682173,0.47368421052631576,0.11709506323949403,0.8657718120805369,0.95,0.08422818791946307
571,4,46,9,-37,0.3262411347517731,0.45,0.12375886524822693,0.9657534246575342,1.0,0.03424657534246578
1749,11,46,9,-37,0.3262411347517731,0.45,0.12375886524822693,0.8980891719745223,0.8333333333333334,-0.06475583864118895
1866,17,48,11,-37,0.4,0.5238095238095238,0.12380952380952381,0.9836065573770492,0.9545454545454546,-0.029061102831594576
1747,16,47,10,-37,0.32867132867132864,0.45454545454545453,0.1258741258741259,0.9407894736842105,1.0,0.05921052631578949
1948,26,46,9,-37,0.3087248322147651,0.45,0.1412751677852349,0.8764705882352941,0.9090909090909091,0.03262032085561495
1955,11,48,11,-37,0.40336134453781514,0.55,0.1466386554621849,0.8814814814814815,0.8333333333333334,-0.04814814814814816
822,25,47,10,-37,0.3949579831932773,0.5555555555555556,0.16059757236227828,0.967479674796748,0.8571428571428571,-0.11033681765389092
1675,14,47,10,-37,0.39166666666666666,0.5555555555555556,0.16388888888888892,0.9375,0.9473684210526315,0.009868421052631526
1020,5,45,8,-37,0.4017857142857143,0.5714285714285714,0.1696428571428571,0.9180327868852459,0.875,-0.04303278688524592
20,20,49,12,-37,0.4224137931034483,0.6,0.1775862068965517,0.9586776859504132,1.0,0.04132231404958675
1525,28,49,12,-37,0.34265734265734266,0.5217391304347826,0.17908178777743994,0.9727891156462585,1.0,0.027210884353741527
1939,26,48,11,-37,0.41739130434782606,0.6111111111111112,0.1937198067632851,0.9663865546218487,1.0,0.03361344537815125
74,28,48,11,-37,0.32432432432432434,0.5238095238095238,0.1994851994851995,0.9673202614379085,1.0,0.0326797385620915
88,1,48,11,-37,0.35555555555555557,0.5789473684210527,0.22339181286549709,0.9926470588235294,0.95,-0.04264705882352948
1370,5,48,11,-37,0.375,0.6470588235294118,0.2720588235294118,0.9770992366412213,0.9444444444444444,-0.032654792196776916
700,23,39,3,-36,0.3644859813084112,0.1875,-0.1769859813084112,0.9727272727272728,0.9411764705882353,-0.03155080213903749
1868,4,39,3,-36,0.25,0.14285714285714285,-0.10714285714285715,0.9512195121951219,1.0,0.04878048780487809
1949,20,42,6,-36,0.37168141592920356,0.3,-0.07168141592920357,0.9416666666666667,1.0,0.05833333333333335
1436,4,41,5,-36,0.29927007299270075,0.23809523809523808,-0.06117483489746267,0.9013157894736842,1.0,0.09868421052631582
562,19,41,5,-36,0.30597014925373134,0.2631578947368421,-0.04281225451688925,0.8993288590604027,0.9047619047619048,0.005433045701502048
1708,25,42,6,-36,0.33070866141732286,0.3,-0.03070866141732287,0.9338235294117647,1.0,0.06617647058823528
1497,19,42,6,-36,0.3620689655172414,0.3333333333333333,-0.028735632183908066,0.90625,0.9473684210526315,0.041118421052631526
335,21,43,7,-36,0.3944954128440367,0.3684210526315789,-0.026074360212457792,0.9083333333333333,1.0,0.09166666666666667
384,14,42,6,-36,0.375,0.35294117647058826,-0.022058823529411742,0.9572649572649573,1.0,0.042735042735042694
1064,4,42,6,-36,0.3684210526315789,0.35294117647058826,-0.015479876160990669,0.9743589743589743,1.0,0.02564102564102566
1266,1,43,7,-36,0.3006993006993007,0.3181818181818182,0.0174825174825175,0.9862068965517241,1.0,0.01379310344827589
1552,21,43,7,-36,0.344,0.3684210526315789,0.024421052631578954,0.9191176470588235,1.0,0.08088235294117652
1171,5,42,6,-36,0.328125,0.35294117647058826,0.024816176470588258,0.9411764705882353,0.8947368421052632,-0.04643962848297212
1522,7,41,5,-36,0.35344827586206895,0.38461538461538464,0.031167108753315687,0.9747899159663865,0.7647058823529411,-0.2100840336134454
1468,27,45,9,-36,0.35714285714285715,0.4090909090909091,0.051948051948051965,0.9402985074626866,0.9565217391304348,0.016223231667748195
154,21,43,7,-36,0.38392857142857145,0.4375,0.05357142857142855,0.9256198347107438,0.9411764705882353,0.015556635877491454
1088,10,45,9,-36,0.39473684210526316,0.45,0.05526315789473685,0.8837209302325582,0.9523809523809523,0.06866002214839417
9,24,45,9,-36,0.371900826446281,0.42857142857142855,0.05667060212514757,0.9307692307692308,0.9130434782608695,-0.01772575250836128
542,11,44,8,-36,0.34375,0.42105263157894735,0.07730263157894735,0.9770992366412213,0.9047619047619048,-0.07233733187931657
1249,30,44,8,-36,0.3793103448275862,0.47058823529411764,0.09127789046653145,0.9830508474576272,0.9444444444444444,-0.038606403013182744
1000,4,44,8,-36,0.32592592592592595,0.42105263157894735,0.09512670565302139,0.9642857142857143,0.95,-0.014285714285714346
1336,9,45,9,-36,0.3333333333333333,0.42857142857142855,0.09523809523809523,0.9712230215827338,0.9545454545454546,-0.016677567037279184
1774,30,45,9,-36,0.3488372093023256,0.45,0.10116279069767442,0.9847328244274809,1.0,0.01526717557251911
1886,5,44,8,-36,0.3963963963963964,0.5,0.1036036036036036,0.940677966101695,0.8888888888888888,-0.05178907721280612
1251,24,45,9,-36,0.30405405405405406,0.4090909090909091,0.10503685503685506,0.9367088607594937,1.0,0.06329113924050633
1717,9,45,9,-36,0.35714285714285715,0.47368421052631576,0.11654135338345861,0.9545454545454546,1.0,0.045454545454545414
30,14,45,9,-36,0.3103448275862069,0.42857142857142855,0.11822660098522164,0.9666666666666667,1.0,0.033333333333333326
1078,30,44,8,-36,0.32116788321167883,0.4444444444444444,0.12327656123276559,0.9785714285714285,0.9473684210526315,-0.03120300751879701
1485,2,46,10,-36,0.3898305084745763,0.5555555555555556,0.1657250470809793,0.9147286821705426,0.9473684210526315,0.03263973888208893
701,19,46,10,-36,0.38333333333333336,0.5555555555555556,0.17222222222222222,0.9917355371900827,0.9473684210526315,-0.044367116137451146
1672,3,44,8,-36,0.35772357723577236,0.5333333333333333,0.17560975609756097,0.9761904761904762,0.8823529411764706,-0.0938375350140056
1605,13,47,11,-36,0.35877862595419846,0.55,0.19122137404580158,0.9225352112676056,1.0,0.07746478873239437
1784,3,48,12,-36,0.3287671232876712,0.5217391304347826,0.19297200714711138,0.9125,0.92,0.007500000000000062
1944,28,46,10,-36,0.323943661971831,0.5263157894736842,0.20237212750185318,1.0,0.8636363636363636,-0.13636363636363635
1861,31,47,11,-36,0.3092105263157895,0.5238095238095238,0.21459899749373434,0.8786127167630058,0.8076923076923077,-0.07092040907069808
1889,7,49,13,-36,0.4016393442622951,0.6190476190476191,0.21740827478532398,0.976,1.0,0.02400000000000002
668,0,47,11,-36,0.41228070175438597,0.6470588235294118,0.23477812177502583,0.95,0.9444444444444444,-0.005555555555555536
771,18,48,12,-36,0.3404255319148936,0.6,0.25957446808510637,0.9929577464788732,0.9523809523809523,-0.04057679409792092
2017,0,46,10,-36,0.38016528925619836,0.6666666666666666,0.28650137741046827,0.937984496124031,0.8823529411764706,-0.055631554947560447
753,11,49,13,-36,0.4117647058823529,0.7647058823529411,0.3529411764705882,0.937007874015748,0.9444444444444444,0.007436570428696387
1087,18,39,4,-35,0.4148936170212766,0.26666666666666666,-0.14822695035460992,0.8545454545454545,0.8823529411764706,0.027807486631016065
543,8,41,6,-35,0.4019607843137255,0.3157894736842105,-0.086171310629515,0.9107142857142857,1.0,0.0892857142857143
641,24,42,7,-35,0.45161290322580644,0.3888888888888889,-0.06272401433691754,0.808695652173913,0.9,0.09130434782608698
1520,7,40,5,-35,0.31746031746031744,0.2631578947368421,-0.05430242272347535,0.9767441860465116,0.95,-0.02674418604651163
1439,22,41,6,-35,0.3565217391304348,0.3157894736842105,-0.04073226544622427,0.9663865546218487,1.0,0.03361344537815125
1163,3,40,5,-35,0.3669724770642202,0.3333333333333333,-0.03363914373088689,0.9159663865546218,0.8823529411764706,-0.03361344537815125
524,30,42,7,-35,0.4,0.3684210526315789,-0.031578947368421095,0.9545454545454546,0.95,-0.00454545454545463
374,25,42,7,-35,0.34146341463414637,0.3333333333333333,-0.008130081300813052,0.9318181818181818,1.0,0.06818181818181823
325,29,41,6,-35,0.3178294573643411,0.3157894736842105,-0.002039983680130586,0.9280575539568345,1.0,0.07194244604316546
344,2,41,6,-35,0.35344827586206895,0.35294117647058826,-0.000507099391480692,0.9133858267716536,0.9444444444444444,0.031058617672790834
1920,28,42,7,-35,0.37168141592920356,0.3888888888888889,0.017207472959685333,0.9658119658119658,1.0,0.03418803418803418
1785,8,43,8,-35,0.45263157894736844,0.47058823529411764,0.0179566563467492,0.8962264150943396,1.0,0.10377358490566035
1465,12,43,8,-35,0.36752136752136755,0.4,0.032478632478632474,0.9140625,0.9090909090909091,-0.004971590909090939
256,17,43,8,-35,0.33076923076923076,0.38095238095238093,0.05018315018315017,0.9090909090909091,0.9130434782608695,0.0039525691699604515
1442,18,43,8,-35,0.3282442748091603,0.38095238095238093,0.052708106143220634,1.0,0.9545454545454546,-0.045454545454545414
966,7,42,7,-35,0.29577464788732394,0.35,0.05422535211267604,0.9726027397260274,1.0,0.0273972602739726
251,9,43,8,-35,0.3524590163934426,0.42105263157894735,0.06859361518550472,0.9682539682539683,1.0,0.031746031746031744
279,13,43,8,-35,0.31851851851851853,0.4,0.08148148148148149,0.8544303797468354,0.9090909090909091,0.054660529344073616
1777,29,43,8,-35,0.36134453781512604,0.4444444444444444,0.08309990662931838,0.9596774193548387,0.9473684210526315,-0.01230899830220722
1735,7,43,8,-35,0.3359375,0.42105263157894735,0.08511513157894735,0.9846153846153847,0.95,-0.034615384615384714
1148,16,46,11,-35,0.4339622641509434,0.5238095238095238,0.08984725965858043,0.9298245614035088,1.0,0.07017543859649122
1746,14,42,7,-35,0.29577464788732394,0.3888888888888889,0.09311424100156496,0.9530201342281879,0.9473684210526315,-0.00565171317555635
549,28,43,8,-35,0.34959349593495936,0.4444444444444444,0.09485094850948506,0.9919354838709677,0.9,-0.09193548387096773
215,27,43,8,-35,0.3233082706766917,0.42105263157894735,0.09774436090225563,0.9568345323741008,0.8636363636363636,-0.09319816873773712
14,24,46,11,-35,0.41818181818181815,0.5238095238095238,0.10562770562770568,0.9401709401709402,1.0,0.05982905982905984
739,22,42,7,-35,0.33070866141732286,0.4375,0.10679133858267714,0.9621212121212122,0.8888888888888888,-0.07323232323232332
1779,25,44,9,-35,0.36666666666666664,0.47368421052631576,0.10701754385964912,0.821917808219178,0.95,0.12808219178082192
46,22,44,9,-35,0.36363636363636365,0.47368421052631576,0.11004784688995212,0.983739837398374,1.0,0.016260162601625994
1271,11,45,10,-35,0.36585365853658536,0.47619047619047616,0.1103368176538908,0.8978102189781022,1.0,0.1021897810218978
1145,14,45,10,-35,0.3879310344827586,0.5,0.11206896551724138,0.9508196721311475,1.0,0.049180327868852514
65,16,45,10,-35,0.3629032258064516,0.47619047619047616,0.11328725038402454,0.96875,1.0,0.03125
1209,0,45,10,-35,0.47368421052631576,0.5882352941176471,0.11455108359133132,0.8482142857142857,0.8947368421052632,0.046522556390977465
33,6,46,11,-35,0.4791666666666667,0.6111111111111112,0.13194444444444448,0.8421052631578947,1.0,0.1578947368421053
1692,24,44,9,-35,0.3384615384615385,0.47368421052631576,0.13522267206477728,0.9420289855072463,0.9047619047619048,-0.037267080745341574
132,5,44,9,-35,0.3283582089552239,0.47368421052631576,0.14532600157109188,0.7976190476190477,0.8260869565217391,0.028467908902691463
915,23,44,9,-35,0.2972972972972973,0.45,0.1527027027027027,0.9135802469135802,1.0,0.0864197530864198
128,13,44,9,-35,0.31654676258992803,0.47368421052631576,0.15713744793638773,0.8224852071005917,0.7037037037037037,-0.11878150339688798
345,24,45,10,-35,0.3435114503816794,0.5263157894736842,0.18280433909200478,0.9424460431654677,0.95,0.007553956834532305
1472,5,44,9,-35,0.2802547770700637,0.47368421052631576,0.19342943345625208,0.8820224719101124,0.95,0.06797752808988755
1426,3,46,11,-35,0.3262411347517731,0.55,0.22375886524822697,0.9657534246575342,1.0,0.03424657534246578
1291,9,47,12,-35,0.38524590163934425,0.631578947368421,0.24633304572907677,0.9682539682539683,0.95,-0.0182539682539683
1533,12,46,11,-35,0.39655172413793105,0.6470588235294118,0.25050709939148075,0.9133858267716536,0.9444444444444444,0.031058617672790834
1269,25,48,13,-35,0.3380281690140845,0.5909090909090909,0.25288092189500644,0.9342105263157895,0.9565217391304348,0.02231121281464532
689,28,47,12,-35,0.4519230769230769,0.7058823529411765,0.2539592760180996,0.9454545454545454,0.9444444444444444,-0.0010101010101010166
271,15,48,13,-35,0.3870967741935484,0.65,0.26290322580645165,0.9612403100775194,1.0,0.03875968992248058
386,10,48,13,-35,0.35294117647058826,0.6190476190476191,0.2661064425770308,0.9577464788732394,0.9545454545454546,-0.003201024327784796
224,28,49,14,-35,0.3951612903225806,0.6666666666666666,0.271505376344086,0.9763779527559056,0.9545454545454546,-0.021832498210450968
901,31,47,12,-35,0.30718954248366015,0.6,0.29281045751633983,0.9161676646706587,0.8695652173913043,-0.046602447279354364
1242,15,51,16,-35,0.3617021276595745,0.8,0.43829787234042555,0.9463087248322147,0.9090909090909091,-0.03721781574130567
827,25,36,2,-34,0.288,0.1111111111111111,-0.17688888888888887,0.9541984732824428,0.9473684210526315,-0.0068300522298112565
653,30,38,4,-34,0.2773722627737226,0.21052631578947367,-0.06684594698424895,0.9785714285714285,0.95,-0.02857142857142858
568,27,39,5,-34,0.2765957446808511,0.23809523809523808,-0.03850050658561299,0.9463087248322147,0.9545454545454546,0.008236729713239854
1223,30,41,7,-34,0.3203125,0.30434782608695654,-0.01596467391304346,0.9552238805970149,0.92,-0.03522388059701487
1498,4,40,6,-34,0.3076923076923077,0.3,-0.0076923076923077205,1.0,1.0,0.0
1057,7,40,6,-34,0.38095238095238093,0.375,-0.005952380952380931,0.9375,1.0,0.0625
1211,12,41,7,-34,0.3474576271186441,0.3888888888888889,0.04143126177024481,0.7919463087248322,0.8181818181818182,0.02623550945698605
1199,6,42,8,-34,0.3157894736842105,0.36363636363636365,0.04784688995215314,0.9851851851851852,1.0,0.014814814814814836
1807,23,41,7,-34,0.3014705882352941,0.35,0.048529411764705876,0.9251700680272109,1.0,0.07482993197278909
545,2,41,7,-34,0.31297709923664124,0.3684210526315789,0.055443953394937684,0.7891566265060241,0.9047619047619048,0.11560527825588063
1536,23,42,8,-34,0.3333333333333333,0.4,0.06666666666666671,0.984375,1.0,0.015625
96,0,41,7,-34,0.2971014492753623,0.3684210526315789,0.07131960335621662,0.9517241379310345,0.95,-0.0017241379310345417
351,7,42,8,-34,0.3620689655172414,0.4444444444444444,0.08237547892720304,0.943089430894309,0.9473684210526315,0.00427899015832256
158,27,41,7,-34,0.2751677852348993,0.3684210526315789,0.0932532673966796,0.9802631578947368,0.8636363636363636,-0.11662679425837319
554,10,42,8,-34,0.3181818181818182,0.42105263157894735,0.10287081339712917,0.9705882352941176,0.9047619047619048,-0.06582633053221287
1096,21,41,7,-34,0.35964912280701755,0.4666666666666667,0.10701754385964912,0.9827586206896551,0.8823529411764706,-0.10040567951318458
1431,4,45,11,-34,0.4368932038834951,0.55,0.11310679611650493,0.865546218487395,1.0,0.134453781512605
1105,23,43,9,-34,0.27741935483870966,0.391304347826087,0.11388499298737731,0.9935897435897436,0.9583333333333334,-0.03525641025641024
1196,5,43,9,-34,0.33076923076923076,0.45,0.11923076923076925,0.948905109489051,0.8333333333333334,-0.11557177615571768
1357,29,44,10,-34,0.3142857142857143,0.43478260869565216,0.12049689440993788,0.9523809523809523,0.9583333333333334,0.005952380952381042
777,19,44,10,-34,0.3793103448275862,0.5,0.12068965517241381,0.8787878787878788,1.0,0.12121212121212122
636,6,42,8,-34,0.2937062937062937,0.42105263157894735,0.12734633787265365,0.9794520547945206,0.9047619047619048,-0.07469015003261581
631,31,43,9,-34,0.344,0.47368421052631576,0.1296842105263158,0.9124087591240876,0.95,0.03759124087591237
1448,21,43,9,-34,0.344,0.47368421052631576,0.1296842105263158,0.9689922480620154,1.0,0.03100775193798455
1658,13,43,9,-34,0.33858267716535434,0.47368421052631576,0.13510153336096142,0.9844961240310077,1.0,0.015503875968992276
1959,20,43,9,-34,0.2925170068027211,0.42857142857142855,0.13605442176870747,0.930379746835443,0.9130434782608695,-0.017336268574573488
1908,27,43,9,-34,0.34959349593495936,0.5,0.15040650406504064,0.984,0.9473684210526315,-0.03663157894736846
343,27,43,9,-34,0.2986111111111111,0.45,0.1513888888888889,0.935064935064935,0.9523809523809523,0.017316017316017285
871,14,43,9,-34,0.3208955223880597,0.47368421052631576,0.15278868813825608,0.9710144927536232,0.95,-0.021014492753623215
1572,0,43,9,-34,0.33858267716535434,0.5,0.16141732283464566,0.9621212121212122,0.9,-0.06212121212121213
719,22,44,10,-34,0.36363636363636365,0.5263157894736842,0.16267942583732053,0.983739837398374,1.0,0.016260162601625994
628,25,44,10,-34,0.35772357723577236,0.5263157894736842,0.16859221223791182,0.9609375,0.9047619047619048,-0.05617559523809523
539,0,44,10,-34,0.3464566929133858,0.5263157894736842,0.17985909656029836,0.9202898550724637,0.9047619047619048,-0.01552795031055898
784,29,45,11,-34,0.45,0.6470588235294118,0.1970588235294118,0.8849557522123894,0.8947368421052632,0.00978108989287374
731,18,46,12,-34,0.359375,0.5714285714285714,0.2120535714285714,0.9922480620155039,1.0,0.007751937984496138
649,22,45,11,-34,0.391304347826087,0.6111111111111112,0.2198067632850242,0.9504132231404959,0.8571428571428571,-0.09327036599763883
385,21,45,11,-34,0.3358208955223881,0.5789473684210527,0.24312647289866457,0.8589743589743589,0.7916666666666666,-0.06730769230769229
1657,23,45,11,-34,0.36585365853658536,0.6470588235294118,0.28120516499282644,0.984,0.9444444444444444,-0.039555555555555566
919,18,47,13,-34,0.35074626865671643,0.7222222222222222,0.3714759535655058,0.9640287769784173,0.9473684210526315,-0.01666035592578574
333,21,37,4,-33,0.33636363636363636,0.2222222222222222,-0.11414141414141415,0.9401709401709402,0.9473684210526315,0.007197480881691365
727,24,38,5,-33,0.2814814814814815,0.2777777777777778,-0.003703703703703709,0.9574468085106383,0.9473684210526315,-0.010078387458006821
1567,2,39,6,-33,0.42857142857142855,0.42857142857142855,0.0,0.8425925925925926,0.8235294117647058,-0.019063180827886717
1730,17,39,6,-33,0.312,0.3157894736842105,0.0037894736842105092,0.9765625,1.0,0.0234375
1023,2,39,6,-33,0.3305084745762712,0.35294117647058826,0.022432701894317064,0.9291338582677166,0.8947368421052632,-0.03439701616245339
1608,18,40,7,-33,0.35398230088495575,0.3888888888888889,0.03490658800393315,0.9416666666666667,1.0,0.05833333333333335
1631,21,39,6,-33,0.312,0.35294117647058826,0.04094117647058826,0.9328358208955224,1.0,0.06716417910447758
1543,12,42,9,-33,0.3783783783783784,0.45,0.07162162162162161,0.8809523809523809,1.0,0.11904761904761907
645,3,41,8,-33,0.3228346456692913,0.4,0.0771653543307087,0.9136690647482014,0.8,-0.11366906474820138
860,29,42,9,-33,0.30656934306569344,0.391304347826087,0.08473500476039353,0.9647887323943662,0.9583333333333334,-0.006455399061032874
530,10,42,9,-33,0.32558139534883723,0.42857142857142855,0.10299003322259132,0.9416058394160584,1.0,0.058394160583941646
303,18,42,9,-33,0.3333333333333333,0.45,0.1166666666666667,1.0,1.0,0.0
981,12,43,10,-33,0.3805309734513274,0.5,0.11946902654867259,0.8560606060606061,0.8333333333333334,-0.022727272727272707
270,31,42,9,-33,0.30434782608695654,0.42857142857142855,0.124223602484472,0.9387755102040817,1.0,0.061224489795918324
1599,23,42,9,-33,0.32558139534883723,0.45,0.12441860465116278,0.9847328244274809,1.0,0.01526717557251911
666,3,43,10,-33,0.33858267716535434,0.47619047619047616,0.13760779902512182,0.9921875,0.9130434782608695,-0.07914402173913049
1396,4,42,9,-33,0.42,0.5625,0.14250000000000002,0.9009009009009009,1.0,0.09909909909909909
255,1,43,10,-33,0.3805309734513274,0.5263157894736842,0.14578481602235677,0.9495798319327731,0.95,0.00042016806722688926
1772,18,44,11,-33,0.39285714285714285,0.55,0.1571428571428572,0.9655172413793104,0.9523809523809523,-0.013136288998358059
432,16,45,12,-33,0.41284403669724773,0.5714285714285714,0.15858453473132367,0.923728813559322,1.0,0.07627118644067798
1044,25,42,9,-33,0.3111111111111111,0.47368421052631576,0.16257309941520465,0.9440559440559441,0.7916666666666666,-0.15238927738927743
1501,1,44,11,-33,0.3826086956521739,0.55,0.16739130434782612,0.9745762711864406,1.0,0.025423728813559365
1570,10,42,9,-33,0.375,0.5625,0.1875,0.9105691056910569,0.8888888888888888,-0.02168021680216803
957,13,43,10,-33,0.36752136752136755,0.5555555555555556,0.18803418803418803,0.75,0.75,0.0
1727,11,43,10,-33,0.3644067796610169,0.5555555555555556,0.19114877589453866,0.9752066115702479,0.9,-0.07520661157024788
45,18,44,11,-33,0.3283582089552239,0.5238095238095238,0.19545131485429995,0.9852941176470589,1.0,0.014705882352941124
1798,5,41,8,-33,0.26973684210526316,0.47058823529411764,0.20085139318885448,0.8786127167630058,0.7083333333333334,-0.17027938342967242
474,29,44,11,-33,0.3013698630136986,0.5238095238095238,0.22243966079582522,0.9864864864864865,0.9130434782608695,-0.073443008225617
195,5,44,11,-33,0.3697478991596639,0.6111111111111112,0.24136321195144728,0.9224806201550387,0.9473684210526315,0.024887800897592793
89,27,46,13,-33,0.34074074074074073,0.65,0.3092592592592593,0.9375,0.8695652173913043,-0.06793478260869568
1917,15,44,11,-33,0.36065573770491804,0.6875,0.32684426229508196,1.0,1.0,0.0
1331,2,36,4,-32,0.3333333333333333,0.2222222222222222,-0.1111111111111111,0.8307692307692308,0.8571428571428571,0.02637362637362628
567,10,36,4,-32,0.3076923076923077,0.23529411764705882,-0.07239819004524889,0.8731343283582089,0.85,-0.023134328358208944
756,27,37,5,-32,0.29133858267716534,0.22727272727272727,-0.06406585540443807,0.9202898550724637,0.9565217391304348,0.036231884057971064
1404,15,37,5,-32,0.3425925925925926,0.29411764705882354,-0.048474945533769076,0.9310344827586207,0.9444444444444444,0.013409961685823757
1857,31,38,6,-32,0.34545454545454546,0.3,-0.04545454545454547,0.9090909090909091,0.9090909090909091,0.0
1176,2,37,5,-32,0.31896551724137934,0.2777777777777778,-0.04118773946360155,0.8854961832061069,0.8181818181818182,-0.06731436502428867
2035,11,37,5,-32,0.2605633802816901,0.25,-0.010563380281690127,0.922077922077922,0.8333333333333334,-0.08874458874458868
49,11,38,6,-32,0.3486238532110092,0.35294117647058826,0.0043173232595790645,0.8790322580645161,0.9444444444444444,0.0654121863799283
1583,19,38,6,-32,0.37623762376237624,0.4,0.023762376237623783,0.8706896551724138,0.8823529411764706,0.01166328600405675
1264,18,40,8,-32,0.35398230088495575,0.38095238095238093,0.026970080067425184,0.9416666666666667,0.9130434782608695,-0.02862318840579714
171,11,38,6,-32,0.25333333333333335,0.2857142857142857,0.032380952380952344,0.872093023255814,0.9545454545454546,0.08245243128964064
1055,2,40,8,-32,0.39215686274509803,0.4444444444444444,0.052287581699346386,0.9026548672566371,0.9,-0.0026548672566371057
1764,25,39,7,-32,0.312,0.3684210526315789,0.05642105263157893,0.9765625,0.95,-0.026562500000000044
1513,26,40,8,-32,0.32786885245901637,0.4,0.07213114754098365,0.9606299212598425,0.8333333333333334,-0.1272965879265091
1680,2,39,7,-32,0.3391304347826087,0.4117647058823529,0.07263427109974424,0.9426229508196722,0.85,-0.0926229508196722
614,14,40,8,-32,0.28368794326241137,0.36363636363636365,0.07994842037395228,0.986013986013986,0.9565217391304348,-0.029492246883551232
1685,16,40,8,-32,0.32,0.4,0.08000000000000002,0.9398496240601504,1.0,0.06015037593984962
1282,21,40,8,-32,0.3305785123966942,0.42105263157894735,0.09047411918225312,0.9307692307692308,0.95,0.019230769230769162
1324,15,38,6,-32,0.2835820895522388,0.375,0.09141791044776121,0.9781021897810219,0.8888888888888888,-0.08921330089213309
1280,12,39,7,-32,0.31451612903225806,0.4117647058823529,0.09724857685009486,0.9253731343283582,0.85,-0.07537313432835824
1119,25,40,8,-32,0.29411764705882354,0.4,0.10588235294117648,0.9855072463768116,0.9523809523809523,-0.03312629399585931
1576,3,41,9,-32,0.2971014492753623,0.4090909090909091,0.11198945981554681,0.9928057553956835,1.0,0.007194244604316502
1250,12,41,9,-32,0.2907801418439716,0.42857142857142855,0.13779128672745694,0.8057142857142857,0.7777777777777778,-0.027936507936507926
1428,13,43,11,-32,0.35833333333333334,0.5,0.14166666666666666,0.6122448979591837,0.9565217391304348,0.3442768411712511
1795,31,41,9,-32,0.29927007299270075,0.45,0.15072992700729926,0.8896103896103896,0.9090909090909091,0.01948051948051943
963,17,40,8,-32,0.3448275862068966,0.5,0.15517241379310343,0.928,0.9411764705882353,0.013176470588235234
226,5,41,9,-32,0.3178294573643411,0.47368421052631576,0.15585475316197467,0.9699248120300752,1.0,0.03007518796992481
1837,20,44,12,-32,0.33587786259541985,0.5217391304347826,0.18586126783936274,0.9632352941176471,1.0,0.03676470588235292
583,20,41,9,-32,0.2611464968152866,0.45,0.1888535031847134,0.9631901840490797,0.9090909090909091,-0.054099274958170684
799,2,41,9,-32,0.3360655737704918,0.5294117647058824,0.19334619093539057,0.976,0.9444444444444444,-0.03155555555555556
1075,5,42,10,-32,0.3559322033898305,0.5555555555555556,0.19962335216572508,0.959349593495935,1.0,0.04065040650406504
949,25,43,11,-32,0.3208955223880597,0.5238095238095238,0.20291400142146415,0.9571428571428572,0.9545454545454546,-0.0025974025974025983
27,21,43,11,-32,0.3467741935483871,0.55,0.20322580645161292,0.8920863309352518,0.9523809523809523,0.060294621445700525
732,7,43,11,-32,0.3706896551724138,0.5789473684210527,0.20825771324863884,0.9206349206349206,1.0,0.07936507936507942
1110,19,42,10,-32,0.375,0.5882352941176471,0.21323529411764708,0.9411764705882353,1.0,0.05882352941176472
1694,10,42,10,-32,0.375,0.5882352941176471,0.21323529411764708,0.9180327868852459,0.8947368421052632,-0.023295944779982758
106,30,44,12,-32,0.2953020134228188,0.5454545454545454,0.2501525320317266,0.9802631578947368,0.9166666666666666,-0.0635964912280702
1530,19,46,14,-32,0.3484848484848485,0.6363636363636364,0.28787878787878785,0.8859060402684564,0.9565217391304348,0.07061569886197838
174,17,35,4,-31,0.25925925925925924,0.2222222222222222,-0.037037037037037035,0.84375,0.72,-0.12375000000000003
1070,13,36,5,-31,0.3333333333333333,0.3125,-0.020833333333333315,0.6242774566473989,0.7272727272727273,0.10299527062532843
376,14,36,5,-31,0.2748091603053435,0.2631578947368421,-0.011651265568501434,0.9632352941176471,1.0,0.03676470588235292
975,24,38,7,-31,0.3877551020408163,0.3888888888888889,0.0011337868480725821,0.8672566371681416,1.0,0.1327433628318584
1554,13,37,6,-31,0.3394495412844037,0.35294117647058826,0.01349163518618457,0.9083333333333333,0.85,-0.05833333333333335
1789,9,38,7,-31,0.3275862068965517,0.35,0.022413793103448265,0.9830508474576272,1.0,0.016949152542372836
857,11,38,7,-31,0.31666666666666665,0.35,0.033333333333333326,0.8759124087591241,0.9523809523809523,0.0764685436218282
929,7,37,6,-31,0.2624113475177305,0.3,0.0375886524822695,0.9337748344370861,0.9090909090909091,-0.024683925346177027
383,23,37,6,-31,0.2605633802816901,0.3157894736842105,0.05522609340252038,0.9726027397260274,0.95,-0.022602739726027443
1391,14,39,8,-31,0.38235294117647056,0.47058823529411764,0.08823529411764708,0.9444444444444444,1.0,0.05555555555555558
176,5,39,8,-31,0.291044776119403,0.38095238095238093,0.08990760483297794,0.8993288590604027,1.0,0.10067114093959728
1429,27,40,9,-31,0.3007518796992481,0.391304347826087,0.09055246812683887,0.9925373134328358,1.0,0.007462686567164201
2022,10,39,8,-31,0.3277310924369748,0.42105263157894735,0.09332153914197255,0.952,0.95,-0.0020000000000000018
1557,11,40,9,-31,0.3125,0.4090909090909091,0.09659090909090912,0.8827586206896552,0.9166666666666666,0.03390804597701147
396,0,41,10,-31,0.3037037037037037,0.4166666666666667,0.11296296296296299,0.9712230215827338,0.96,-0.011223021582733805
268,22,40,9,-31,0.28776978417266186,0.4090909090909091,0.12132112491824726,0.896774193548387,0.9166666666666666,0.019892473118279574
252,26,40,9,-31,0.291970802919708,0.42857142857142855,0.13660062565172054,0.9513888888888888,1.0,0.04861111111111116
685,13,39,8,-31,0.3333333333333333,0.47058823529411764,0.13725490196078433,0.975,0.8947368421052632,-0.08026315789473681
761,13,40,9,-31,0.3252032520325203,0.47368421052631576,0.14848095849379545,0.9919354838709677,1.0,0.008064516129032251
1018,31,41,10,-31,0.3203125,0.47619047619047616,0.15587797619047616,0.9846153846153847,0.9545454545454546,-0.030069930069930084
1433,4,40,9,-31,0.28776978417266186,0.45,0.16223021582733815,0.972027972027972,1.0,0.027972027972028024
1397,24,39,8,-31,0.3046875,0.47058823529411764,0.16590073529411764,0.9922480620155039,0.9444444444444444,-0.04780361757105944
61,12,41,10,-31,0.3504273504273504,0.5263157894736842,0.17588843904633378,0.8357142857142857,0.8260869565217391,-0.009627329192546608
1466,6,42,11,-31,0.3684210526315789,0.55,0.18157894736842112,0.9661016949152542,0.9523809523809523,-0.013720742534301889
718,23,41,10,-31,0.3178294573643411,0.5,0.1821705426356589,0.9699248120300752,0.9523809523809523,-0.01754385964912286
1287,15,42,11,-31,0.336,0.5238095238095238,0.18780952380952382,0.9541984732824428,1.0,0.04580152671755722
206,26,40,9,-31,0.31007751937984496,0.5,0.18992248062015504,0.9347826086956522,0.9,-0.034782608695652195
1922,17,41,10,-31,0.3082706766917293,0.5,0.1917293233082707,0.9568345323741008,0.8695652173913043,-0.08726931498279644
1106,7,42,11,-31,0.3559322033898305,0.55,0.19406779661016954,0.959349593495935,1.0,0.04065040650406504
1721,28,42,11,-31,0.3230769230769231,0.5238095238095238,0.20073260073260074,0.9774436090225563,1.0,0.022556390977443663
266,4,41,10,-31,0.2827586206896552,0.5,0.21724137931034482,0.9797297297297297,0.8695652173913043,-0.11016451233842539
1637,27,42,11,-31,0.32558139534883723,0.55,0.2244186046511628,0.9772727272727273,0.9090909090909091,-0.06818181818181823
1753,8,42,11,-31,0.29577464788732394,0.5238095238095238,0.2280348759221999,0.9726027397260274,1.0,0.0273972602739726
408,19,42,11,-31,0.2896551724137931,0.55,0.2603448275862069,0.9797297297297297,0.9090909090909091,-0.07063882063882065
55,30,43,12,-31,0.3049645390070922,0.5714285714285714,0.2664640324214792,0.9463087248322147,0.875,-0.07130872483221473
803,11,34,4,-30,0.2764227642276423,0.2,-0.07642276422764227,0.8661971830985915,0.8695652173913043,0.003368034292712818
1341,13,35,5,-30,0.3763440860215054,0.3125,-0.06384408602150538,0.45588235294117646,0.5714285714285714,0.11554621848739494
1386,1,34,4,-30,0.29310344827586204,0.23529411764705882,-0.057809330628803224,0.9747899159663865,0.8947368421052632,-0.08005307386112337
1009,20,35,5,-30,0.28688524590163933,0.2777777777777778,-0.00910746812386154,0.976,1.0,0.02400000000000002
1590,5,35,5,-30,0.2631578947368421,0.2631578947368421,0.0,0.9432624113475178,0.8636363636363636,-0.07962604771115411
579,5,36,6,-30,0.29508196721311475,0.3157894736842105,0.02070750647109576,0.9457364341085271,0.95,0.004263565891472809
746,4,37,7,-30,0.2824427480916031,0.30434782608695654,0.02190507799535346,0.9776119402985075,1.0,0.02238805970149249
482,12,34,4,-30,0.25757575757575757,0.2857142857142857,0.02813852813852813,0.9103448275862069,0.6666666666666666,-0.2436781609195403
1086,1,37,7,-30,0.3135593220338983,0.35,0.036440677966101676,0.9516129032258065,1.0,0.048387096774193505
854,18,36,6,-30,0.2748091603053435,0.3157894736842105,0.040980313378866984,0.9776119402985075,1.0,0.02238805970149249
711,0,37,7,-30,0.3592233009708738,0.4117647058823529,0.05254140491147913,0.8442622950819673,0.85,0.0057377049180327155
593,0,36,6,-30,0.26277372262773724,0.3157894736842105,0.05301575105647327,0.9448275862068966,1.0,0.05517241379310345
1923,24,37,7,-30,0.31092436974789917,0.3684210526315789,0.05749668288367976,0.9596774193548387,1.0,0.040322580645161255
1971,23,37,7,-30,0.31092436974789917,0.3684210526315789,0.05749668288367976,0.9754098360655737,0.95,-0.025409836065573788
863,30,38,8,-30,0.2753623188405797,0.3333333333333333,0.0579710144927536,0.9928057553956835,0.96,-0.032805755395683533
610,27,36,6,-30,0.24161073825503357,0.3,0.05838926174496642,0.9371069182389937,0.9523809523809523,0.015274034141958603
920,30,37,7,-30,0.27205882352941174,0.3333333333333333,0.06127450980392157,0.9714285714285714,1.0,0.02857142857142858
931,15,37,7,-30,0.31896551724137934,0.3888888888888889,0.06992337164750956,1.0,1.0,0.0
837,9,37,7,-30,0.3894736842105263,0.4666666666666667,0.07719298245614037,0.8715596330275229,0.9375,0.06594036697247707
1015,29,38,8,-30,0.2992125984251969,0.38095238095238093,0.08173978252718406,0.9202898550724637,1.0,0.07971014492753625
654,16,37,7,-30,0.32456140350877194,0.4117647058823529,0.08720330237358098,0.95,1.0,0.050000000000000044
1214,24,39,9,-30,0.31451612903225806,0.42857142857142855,0.11405529953917048,0.96875,0.9545454545454546,-0.014204545454545414
141,2,39,9,-30,0.3786407766990291,0.5,0.12135922330097088,0.7984496124031008,0.9473684210526315,0.14891880864953078
1878,7,37,7,-30,0.22699386503067484,0.3684210526315789,0.1414271876009041,0.9532163742690059,0.9047619047619048,-0.04845446950710108
468,31,38,8,-30,0.2773722627737226,0.42105263157894735,0.14368036880522472,0.9448275862068966,0.9047619047619048,-0.040065681444991785
1420,28,40,10,-30,0.3076923076923077,0.47619047619047616,0.16849816849816845,0.9923664122137404,1.0,0.007633587786259555
1158,10,39,9,-30,0.3046875,0.47368421052631576,0.16899671052631576,0.9481481481481482,1.0,0.051851851851851816
861,8,39,9,-30,0.3,0.47368421052631576,0.17368421052631577,0.9774436090225563,0.95,-0.02744360902255638
1104,30,39,9,-30,0.3170731707317073,0.5,0.18292682926829268,0.984,0.9,-0.08399999999999996
1938,8,39,9,-30,0.29770992366412213,0.5,0.20229007633587787,0.9776119402985075,0.9473684210526315,-0.030243519245875983
910,27,40,10,-30,0.32,0.5555555555555556,0.23555555555555557,0.9541984732824428,0.9473684210526315,-0.0068300522298112565
2024,17,42,12,-30,0.328125,0.5714285714285714,0.2433035714285714,1.0,1.0,0.0
1417,20,41,11,-30,0.2949640287769784,0.55,0.25503597122302163,1.0,0.9523809523809523,-0.04761904761904767
223,23,42,12,-30,0.3333333333333333,0.7058823529411765,0.3725490196078432,0.984375,0.9444444444444444,-0.03993055555555558
544,26,35,6,-29,0.38461538461538464,0.3157894736842105,-0.06882591093117413,0.8198198198198198,0.95,0.13018018018018018
187,2,34,5,-29,0.3300970873786408,0.3333333333333333,0.003236245954692518,0.8373983739837398,0.8823529411764706,0.04495456719273072
22,25,35,6,-29,0.3125,0.3157894736842105,0.003289473684210509,0.9491525423728814,0.95,0.0008474576271185752
1097,17,35,6,-29,0.2777777777777778,0.2857142857142857,0.007936507936507908,0.9333333333333333,1.0,0.06666666666666665
297,27,35,6,-29,0.2755905511811024,0.3,0.024409448818897617,0.9548872180451128,0.9090909090909091,-0.045796308954203724
1166,28,35,6,-29,0.30973451327433627,0.375,0.06526548672566373,0.9826086956521739,0.9411764705882353,-0.04143222506393862
15,21,37,8,-29,0.29365079365079366,0.36363636363636365,0.06998556998556998,0.9197080291970803,1.0,0.08029197080291972
772,23,37,8,-29,0.3523809523809524,0.4444444444444444,0.09206349206349201,0.9459459459459459,1.0,0.05405405405405406
1414,1,36,7,-29,0.29508196721311475,0.3888888888888889,0.09380692167577415,0.9384615384615385,0.9473684210526315,0.008906882591093068
591,24,37,8,-29,0.2824427480916031,0.38095238095238093,0.09850963286077785,0.9424460431654677,0.9545454545454546,0.012099411379986935
281,26,37,8,-29,0.3162393162393162,0.42105263157894735,0.10481331533963112,0.9140625,0.95,0.035937499999999956
767,1,37,8,-29,0.27611940298507465,0.38095238095238093,0.10483297796730628,0.9241379310344827,0.9130434782608695,-0.011094452773613206
1156,10,37,8,-29,0.25517241379310346,0.36363636363636365,0.10846394984326019,0.9119496855345912,1.0,0.08805031446540879
576,19,37,8,-29,0.2868217054263566,0.4,0.11317829457364342,0.9555555555555556,0.9523809523809523,-0.0031746031746032743
260,12,38,9,-29,0.3275862068965517,0.45,0.1224137931034483,0.7116564417177914,0.7692307692307693,0.05757432751297786
1689,30,38,9,-29,0.3140495867768595,0.47368421052631576,0.15963462374945625,0.983739837398374,1.0,0.016260162601625994
1302,10,39,10,-29,0.2785714285714286,0.45454545454545453,0.17597402597402595,0.9271523178807947,1.0,0.07284768211920534
1965,22,40,11,-29,0.32,0.5,0.18,0.984251968503937,1.0,0.015748031496062964
1740,0,38,9,-29,0.2923076923076923,0.47368421052631576,0.18137651821862344,0.9558823529411765,1.0,0.044117647058823484
1325,21,41,12,-29,0.3228346456692913,0.5217391304347826,0.19890448476549127,0.9548872180451128,1.0,0.045112781954887216
855,21,38,9,-29,0.2900763358778626,0.5,0.20992366412213742,0.9424460431654677,0.8571428571428571,-0.08530318602261056
942,5,39,10,-29,0.2805755395683453,0.5,0.2194244604316547,0.9205298013245033,0.9523809523809523,0.03185115105644898
111,23,41,12,-29,0.3014705882352941,0.5217391304347826,0.2202685421994885,0.9927007299270073,1.0,0.007299270072992692
1151,19,40,11,-29,0.35398230088495575,0.5789473684210527,0.2249650675360969,0.9416666666666667,1.0,0.05833333333333335
1359,25,39,10,-29,0.29545454545454547,0.5263157894736842,0.2308612440191387,0.9705882352941176,0.8636363636363636,-0.106951871657754
426,21,39,10,-29,0.32231404958677684,0.5882352941176471,0.26592124453087024,0.952755905511811,0.9444444444444444,-0.008311461067366577
1935,1,42,13,-29,0.27631578947368424,0.5652173913043478,0.28890160183066355,0.9325153374233128,0.92,-0.012515337423312789
1853,20,42,13,-29,0.2916666666666667,0.65,0.35833333333333334,0.96,0.9523809523809523,-0.007619047619047636
1921,23,31,3,-28,0.2818181818181818,0.2,-0.08181818181818179,0.9166666666666666,0.9375,0.02083333333333337
43,0,33,5,-28,0.2661290322580645,0.25,-0.016129032258064502,0.96875,1.0,0.03125
130,22,33,5,-28,0.3113207547169811,0.3125,0.0011792452830188815,0.8412698412698413,0.7619047619047619,-0.07936507936507942
1137,12,32,4,-28,0.22857142857142856,0.25,0.021428571428571436,0.8641975308641975,0.7272727272727273,-0.1369248035914702
1906,26,36,8,-28,0.391304347826087,0.42105263157894735,0.02974828375286037,0.8440366972477065,1.0,0.15596330275229353
221,20,34,6,-28,0.2698412698412698,0.3,0.030158730158730163,0.9921259842519685,0.9523809523809523,-0.03974503187101619
378,17,35,7,-28,0.26515151515151514,0.30434782608695654,0.0391963109354414,0.9565217391304348,0.9583333333333334,0.0018115942028985588
626,10,34,6,-28,0.26153846153846155,0.3333333333333333,0.07179487179487176,0.935251798561151,0.9473684210526315,0.012116622491480489
1474,14,36,8,-28,0.28125,0.36363636363636365,0.08238636363636365,0.9552238805970149,0.9565217391304348,0.0012978585334199044
1052,17,35,7,-28,0.3017241379310345,0.3888888888888889,0.08716475095785442,0.8,0.782608695652174,-0.017391304347826098
1858,15,36,8,-28,0.2465753424657534,0.34782608695652173,0.10125074449076832,0.9668874172185431,1.0,0.0331125827814569
623,21,37,9,-28,0.3162393162393162,0.45,0.13376068376068379,0.8931297709923665,1.0,0.10687022900763354
23,0,38,10,-28,0.3917525773195876,0.5263157894736842,0.13456321215409656,0.8818181818181818,0.95,0.06818181818181812
214,25,37,9,-28,0.27205882352941174,0.4090909090909091,0.13703208556149737,0.9315068493150684,0.9565217391304348,0.02501488981536637
1856,2,37,9,-28,0.30833333333333335,0.45,0.14166666666666666,0.8955223880597015,0.8695652173913043,-0.0259571706683972
505,25,36,8,-28,0.2647058823529412,0.42105263157894735,0.15634674922600617,0.9714285714285714,1.0,0.02857142857142858
208,17,37,9,-28,0.2642857142857143,0.42857142857142855,0.16428571428571426,0.9523809523809523,1.0,0.04761904761904767
1609,9,36,8,-28,0.2553191489361702,0.42105263157894735,0.16573348264277715,0.9724137931034482,0.9047619047619048,-0.06765188834154345
1620,12,37,9,-28,0.2740740740740741,0.45,0.17592592592592593,0.8823529411764706,0.8333333333333334,-0.04901960784313719
1340,14,37,9,-28,0.2740740740740741,0.47368421052631576,0.19961013645224168,0.9926470588235294,1.0,0.007352941176470562
230,12,37,9,-28,0.296,0.5,0.20400000000000001,0.8741258741258742,0.8571428571428571,-0.016983016983017074
897,1,39,11,-28,0.26,0.4782608695652174,0.2182608695652174,0.9146341463414634,0.9583333333333334,0.04369918699186992
1827,17,40,12,-28,0.30303030303030304,0.5217391304347826,0.21870882740447956,0.868421052631579,1.0,0.13157894736842102
938,23,36,8,-28,0.2465753424657534,0.47058823529411764,0.22401289282836423,0.9931972789115646,0.85,-0.14319727891156464
2,25,37,9,-28,0.27007299270072993,0.5,0.22992700729927007,0.9647887323943662,0.8571428571428571,-0.10764587525150915
592,18,38,10,-28,0.2602739726027397,0.5263157894736842,0.26604181687094447,0.9931972789115646,1.0,0.006802721088435382
1476,8,41,13,-28,0.3333333333333333,0.6190476190476191,0.28571428571428575,0.9534883720930233,1.0,0.046511627906976716
944,9,39,11,-28,0.28888888888888886,0.5789473684210527,0.2900584795321638,0.9642857142857143,0.7916666666666666,-0.17261904761904767
2003,25,31,4,-27,0.2246376811594203,0.2,-0.024637681159420277,0.9787234042553191,0.9523809523809523,-0.02634245187436679
1914,0,32,5,-27,0.29357798165137616,0.29411764705882354,0.0005396654074473761,0.9083333333333333,0.9444444444444444,0.036111111111111094
37,2,32,5,-27,0.27586206896551724,0.2777777777777778,0.0019157088122605526,0.9508196721311475,0.9,-0.050819672131147464
783,17,33,6,-27,0.2558139534883721,0.2857142857142857,0.029900332225913595,0.9555555555555556,1.0,0.0444444444444444
1720,18,33,6,-27,0.2661290322580645,0.3157894736842105,0.04966044142614601,0.992,0.95,-0.04200000000000004
95,16,34,7,-27,0.3177570093457944,0.3684210526315789,0.050664043285784555,0.8842975206611571,0.95,0.06570247933884288
537,31,33,6,-27,0.2462686567164179,0.3,0.05373134328358209,0.9054054054054054,1.0,0.09459459459459463
1999,24,34,7,-27,0.3177570093457944,0.3888888888888889,0.07113187954309452,0.9553571428571429,1.0,0.044642857142857095
397,6,34,7,-27,0.26356589147286824,0.35,0.08643410852713174,0.9772727272727273,0.9090909090909091,-0.06818181818181823
1825,5,34,7,-27,0.2463768115942029,0.35,0.10362318840579707,0.965034965034965,0.9523809523809523,-0.01265401265401267
1083,26,35,8,-27,0.2631578947368421,0.38095238095238093,0.11779448621553884,0.9236111111111112,1.0,0.07638888888888884
1713,14,34,7,-27,0.24285714285714285,0.3684210526315789,0.12556390977443607,0.958904109589041,0.95,-0.008904109589041087
1848,29,34,7,-27,0.2698412698412698,0.4117647058823529,0.1419234360410831,0.9767441860465116,0.9444444444444444,-0.03229974160206717
1150,10,35,8,-27,0.28225806451612906,0.4444444444444444,0.16218637992831536,0.9465648854961832,0.9473684210526315,0.0008035355564482982
1115,19,35,8,-27,0.25,0.42105263157894735,0.17105263157894735,0.9333333333333333,0.95,0.016666666666666607
1986,12,35,8,-27,0.25925925925925924,0.4444444444444444,0.18518518518518517,0.8132530120481928,0.75,-0.06325301204819278
519,17,36,9,-27,0.2608695652173913,0.45,0.18913043478260871,0.9787234042553191,1.0,0.021276595744680882
1738,19,37,10,-27,0.2824427480916031,0.47619047619047616,0.19374772809887308,0.8851351351351351,0.9545454545454546,0.0694103194103195
584,22,36,9,-27,0.288,0.5,0.21200000000000002,0.9689922480620154,0.9,-0.06899224806201543
1240,18,38,11,-27,0.3333333333333333,0.55,0.21666666666666673,0.9661016949152542,1.0,0.03389830508474578
874,3,38,11,-27,0.30158730158730157,0.5238095238095238,0.22222222222222227,0.9921259842519685,1.0,0.007874015748031482
1952,21,35,8,-27,0.29411764705882354,0.5333333333333333,0.2392156862745098,0.9153846153846154,0.8823529411764706,-0.03303167420814479
955,4,38,11,-27,0.3064516129032258,0.5789473684210527,0.27249575551782684,0.9612403100775194,0.95,-0.011240310077519466
1175,21,35,8,-27,0.32407407407407407,0.6153846153846154,0.29131054131054135,0.8852459016393442,0.7647058823529411,-0.12054001928640312
247,18,30,4,-26,0.297029702970297,0.23529411764705882,-0.061735585323238196,0.8938053097345132,1.0,0.10619469026548678
1839,28,30,4,-26,0.30927835051546393,0.25,-0.05927835051546393,0.8290598290598291,0.9411764705882353,0.11211664152840617
353,15,30,4,-26,0.2459016393442623,0.2222222222222222,-0.02367941712204008,0.991869918699187,0.9473684210526315,-0.04450149764655542
1063,2,30,4,-26,0.2631578947368421,0.26666666666666666,0.0035087719298245723,0.8976377952755905,0.7894736842105263,-0.10816411106506418
1118,22,33,7,-26,0.3235294117647059,0.3684210526315789,0.04489164086687303,0.9107142857142857,1.0,0.0892857142857143
629,3,33,7,-26,0.24444444444444444,0.3181818181818182,0.07373737373737374,0.9121621621621622,1.0,0.08783783783783783
1773,31,33,7,-26,0.25384615384615383,0.3333333333333333,0.07948717948717948,0.87248322147651,0.9130434782608695,0.04056025678435948
1676,9,33,7,-26,0.2426470588235294,0.3333333333333333,0.0906862745098039,0.9855072463768116,0.9545454545454546,-0.030961791831357055
1709,30,34,8,-26,0.24113475177304963,0.34782608695652173,0.1066913351834721,0.9791666666666666,1.0,0.02083333333333337
510,5,33,7,-26,0.2773109243697479,0.3888888888888889,0.11157796451914098,0.9153846153846154,0.8571428571428571,-0.05824175824175826
1992,26,34,8,-26,0.2518518518518518,0.38095238095238093,0.1291005291005291,0.9183673469387755,0.9130434782608695,-0.0053238686779060185
1984,20,34,8,-26,0.3063063063063063,0.4444444444444444,0.13813813813813813,0.9652173913043478,0.9473684210526315,-0.01784897025171628
477,22,34,8,-26,0.24817518248175183,0.4,0.1518248175182482,0.9927536231884058,0.9523809523809523,-0.04037267080745344
627,9,36,10,-26,0.2903225806451613,0.45454545454545453,0.16422287390029322,0.9393939393939394,1.0,0.06060606060606055
1261,14,36,10,-26,0.2926829268292683,0.47619047619047616,0.1835075493612079,0.9534883720930233,0.9130434782608695,-0.04044489383215377
203,13,35,9,-26,0.28688524590163933,0.47368421052631576,0.18679896462467643,0.9682539682539683,0.9047619047619048,-0.06349206349206349
1661,4,35,9,-26,0.2777777777777778,0.47368421052631576,0.19590643274853797,0.984375,0.8636363636363636,-0.12073863636363635
1516,6,36,10,-26,0.25,0.47619047619047616,0.22619047619047616,0.9863013698630136,0.84,-0.14630136986301367
392,13,37,11,-26,0.27205882352941174,0.5,0.22794117647058826,0.912751677852349,0.9166666666666666,0.0039149888143176215
789,5,36,10,-26,0.2647058823529412,0.5,0.23529411764705882,0.918918918918919,1.0,0.08108108108108103
1793,24,36,10,-26,0.2589928057553957,0.5,0.24100719424460432,0.9084967320261438,0.8333333333333334,-0.07516339869281041
4,24,34,8,-26,0.2786885245901639,0.5333333333333333,0.2546448087431694,0.9838709677419355,0.8823529411764706,-0.10151802656546494
460,8,38,12,-26,0.2638888888888889,0.6,0.3361111111111111,0.935064935064935,1.0,0.06493506493506496
342,28,39,13,-26,0.325,0.7222222222222222,0.3972222222222222,0.9917355371900827,1.0,0.008264462809917328
2045,31,31,6,-25,0.34065934065934067,0.3157894736842105,-0.02486986697513016,0.8425925925925926,0.95,0.1074074074074074
565,13,29,4,-25,0.23577235772357724,0.2222222222222222,-0.013550135501355032,0.8601398601398601,0.8571428571428571,-0.0029970029970030065
1013,2,30,5,-25,0.234375,0.2777777777777778,0.04340277777777779,0.847682119205298,0.8571428571428571,0.009460737937559083
1047,22,31,6,-25,0.22962962962962963,0.3,0.07037037037037036,0.9712230215827338,1.0,0.02877697841726623
1259,30,32,7,-25,0.256,0.3333333333333333,0.07733333333333331,0.984251968503937,1.0,0.015748031496062964
1619,0,31,6,-25,0.2897196261682243,0.375,0.08528037383177572,0.8991596638655462,1.0,0.10084033613445376
1929,20,31,6,-25,0.2246376811594203,0.3157894736842105,0.09115179252479022,0.9857142857142858,1.0,0.014285714285714235
648,6,33,8,-25,0.32038834951456313,0.42105263157894735,0.10066428206438421,0.9196428571428571,1.0,0.0803571428571429
311,4,33,8,-25,0.2727272727272727,0.4,0.12727272727272732,0.952755905511811,1.0,0.047244094488189003
574,9,33,8,-25,0.28448275862068967,0.42105263157894735,0.13656987295825768,0.9914529914529915,0.9047619047619048,-0.08669108669108672
59,17,32,7,-25,0.20915032679738563,0.35,0.14084967320261435,0.9807692307692307,0.9523809523809523,-0.0283882783882784
1488,13,33,8,-25,0.25,0.4,0.15000000000000002,0.9295774647887324,0.8333333333333334,-0.096244131455399
1239,11,35,10,-25,0.3431372549019608,0.5,0.1568627450980392,0.8869565217391304,0.9523809523809523,0.0654244306418219
1278,19,34,9,-25,0.25,0.4090909090909091,0.15909090909090912,0.9577464788732394,1.0,0.04225352112676062
1829,3,34,9,-25,0.2956521739130435,0.47368421052631576,0.17803203661327227,0.9745762711864406,0.9047619047619048,-0.06981436642453587
1112,31,34,9,-25,0.288135593220339,0.47368421052631576,0.18554861730597677,0.8805970149253731,0.95,0.06940298507462683
1290,23,34,9,-25,0.2361111111111111,0.42857142857142855,0.19246031746031744,0.96,1.0,0.040000000000000036
1005,23,35,10,-25,0.2734375,0.47619047619047616,0.20275297619047616,0.9846153846153847,1.0,0.01538461538461533
1334,7,35,10,-25,0.3333333333333333,0.5555555555555556,0.22222222222222227,0.9210526315789473,1.0,0.07894736842105265
1218,18,35,10,-25,0.2517985611510791,0.47619047619047616,0.22439191503939704,0.9858156028368794,1.0,0.014184397163120588
797,24,36,11,-25,0.3130434782608696,0.55,0.23695652173913045,0.9426229508196722,1.0,0.05737704918032782
1629,12,33,8,-25,0.25984251968503935,0.5,0.24015748031496065,0.8758620689655172,0.7272727272727273,-0.14858934169278992
839,12,38,13,-25,0.34234234234234234,0.5909090909090909,0.2485667485667486,0.8222222222222222,0.9166666666666666,0.09444444444444444
1791,23,37,12,-25,0.2846153846153846,0.5454545454545454,0.2608391608391608,0.9701492537313433,1.0,0.02985074626865669
1212,7,35,10,-25,0.36082474226804123,0.625,0.26417525773195877,0.8899082568807339,0.9411764705882353,0.05126821370750134
119,12,32,7,-25,0.2782608695652174,0.6363636363636364,0.35810276679841896,0.8712121212121212,0.6875,-0.18371212121212122
298,7,38,13,-25,0.30158730158730157,0.7222222222222222,0.42063492063492064,0.9692307692307692,1.0,0.03076923076923077
1808,28,28,4,-24,0.21374045801526717,0.2,-0.01374045801526716,0.9924242424242424,1.0,0.007575757575757569
243,15,29,5,-24,0.23577235772357724,0.25,0.014227642276422758,0.9761904761904762,1.0,0.023809523809523836
1788,0,29,5,-24,0.232,0.2631578947368421,0.03115789473684208,0.9689922480620154,1.0,0.03100775193798455
1924,27,30,6,-24,0.2542372881355932,0.3333333333333333,0.0790960451977401,0.9365079365079365,1.0,0.06349206349206349
735,13,30,6,-24,0.2158273381294964,0.3,0.0841726618705036,0.8176470588235294,0.9090909090909091,0.09144385026737967
1956,30,31,7,-24,0.3263157894736842,0.4117647058823529,0.0854489164086687,0.8636363636363636,0.9444444444444444,0.08080808080808077
1851,10,32,8,-24,0.32323232323232326,0.42105263157894735,0.09782030834662409,0.8319327731092437,0.9047619047619048,0.07282913165266103
1461,15,31,7,-24,0.26956521739130435,0.3888888888888889,0.11932367149758455,0.9829059829059829,0.9473684210526315,-0.03553756185335133
856,27,33,9,-24,0.3333333333333333,0.47368421052631576,0.14035087719298245,0.8761061946902655,0.95,0.07389380530973444
1597,7,32,8,-24,0.2782608695652174,0.42105263157894735,0.14279176201372995,0.9745762711864406,0.95,-0.02457627118644068
1750,16,32,8,-24,0.26666666666666666,0.42105263157894735,0.15438596491228068,0.975609756097561,1.0,0.024390243902439046
1662,0,34,10,-24,0.2764227642276423,0.45454545454545453,0.17812269031781225,0.984,1.0,0.016000000000000014
1338,0,31,7,-24,0.30392156862745096,0.5,0.19607843137254904,0.8717948717948718,0.8235294117647058,-0.04826546003016596
870,15,32,8,-24,0.3333333333333333,0.5333333333333333,0.2,0.8648648648648649,0.8823529411764706,0.01748807631160565
989,3,32,8,-24,0.2689075630252101,0.47058823529411764,0.20168067226890757,0.9444444444444444,1.0,0.05555555555555558
1273,11,33,9,-24,0.2323943661971831,0.45,0.21760563380281692,0.9161290322580645,1.0,0.08387096774193548
805,19,34,10,-24,0.2677165354330709,0.5263157894736842,0.2585992540406133,0.9621212121212122,1.0,0.037878787878787845
166,25,34,10,-24,0.265625,0.5263157894736842,0.2606907894736842,0.9922480620155039,0.9047619047619048,-0.0874861572535991
1253,11,36,12,-24,0.3333333333333333,0.6,0.26666666666666666,0.9557522123893806,1.0,0.04424778761061943
1292,8,35,11,-24,0.24822695035460993,0.5238095238095238,0.2755825734549139,0.9657534246575342,1.0,0.03424657534246578
1425,22,34,10,-24,0.2537313432835821,0.5555555555555556,0.3018242122719735,0.9640287769784173,0.8571428571428571,-0.10688591983556017
512,11,33,9,-24,0.2578125,0.5625,0.3046875,0.9481481481481482,0.8888888888888888,-0.059259259259259345
436,27,36,12,-24,0.2535211267605634,0.631578947368421,0.37805782060785764,0.9281045751633987,0.9047619047619048,-0.02334267040149396
48,22,38,14,-24,0.2857142857142857,0.7,0.41428571428571426,0.9637681159420289,1.0,0.036231884057971064
1252,18,36,12,-24,0.26865671641791045,0.7058823529411765,0.43722563652326607,0.9852941176470589,0.85,-0.1352941176470589
1332,19,36,12,-24,0.3333333333333333,0.8,0.46666666666666673,0.8925619834710744,0.8823529411764706,-0.010209042294603843
1313,21,27,4,-23,0.2076923076923077,0.2,-0.007692307692307693,0.935251798561151,0.9090909090909091,-0.026160889470241977
902,22,30,7,-23,0.24193548387096775,0.35,0.10806451612903223,0.9612403100775194,1.0,0.03875968992248058
1477,13,30,7,-23,0.2727272727272727,0.4117647058823529,0.13903743315508021,0.9322033898305084,0.8947368421052632,-0.03746654772524527
757,26,31,8,-23,0.23846153846153847,0.38095238095238093,0.14249084249084246,0.9027777777777778,0.9545454545454546,0.051767676767676796
587,4,32,9,-23,0.2222222222222222,0.375,0.1527777777777778,0.96,0.9230769230769231,-0.036923076923076836
790,15,29,6,-23,0.2636363636363636,0.46153846153846156,0.19790209790209795,0.9734513274336283,0.8125,-0.16095132743362828
1847,25,33,10,-23,0.2773109243697479,0.5,0.2226890756302521,0.967479674796748,1.0,0.03252032520325199
794,31,32,9,-23,0.22535211267605634,0.45,0.22464788732394367,0.8068181818181818,0.8695652173913043,0.06274703557312256
135,20,33,10,-23,0.22448979591836735,0.45454545454545453,0.23005565862708718,0.930379746835443,0.9565217391304348,0.02614199229499181
836,29,33,10,-23,0.25190839694656486,0.5,0.24809160305343514,0.9562043795620438,0.9090909090909091,-0.04711347047113479
1671,5,32,9,-23,0.25,0.5,0.25,1.0,0.9473684210526315,-0.052631578947368474
1183,2,34,11,-23,0.2905982905982906,0.55,0.2594017094017094,0.7748344370860927,0.8695652173913043,0.09473078030521165
717,15,34,11,-23,0.2595419847328244,0.55,0.29045801526717563,0.9776119402985075,0.9523809523809523,-0.02523098791755518
2014,19,33,10,-23,0.25984251968503935,0.5555555555555556,0.2957130358705162,0.9769230769230769,1.0,0.023076923076923106
1975,23,35,12,-23,0.29411764705882354,0.6,0.30588235294117644,0.952,1.0,0.04800000000000004
705,5,35,12,-23,0.2631578947368421,0.631578947368421,0.3684210526315789,0.9708029197080292,1.0,0.029197080291970767
1132,10,33,10,-23,0.29464285714285715,0.6666666666666666,0.3720238095238095,0.9491525423728814,0.8823529411764706,-0.06679960119641082
1263,10,37,14,-23,0.3523809523809524,0.7368421052631579,0.38446115288220545,0.875,0.9047619047619048,0.029761904761904767
1229,9,26,4,-22,0.20967741935483872,0.23529411764705882,0.025616698292220103,0.9841269841269841,0.9444444444444444,-0.03968253968253965
1905,16,27,5,-22,0.19708029197080293,0.23809523809523808,0.04101494612443515,0.9785714285714285,0.9545454545454546,-0.02402597402597395
1008,9,27,5,-22,0.2288135593220339,0.2777777777777778,0.04896421845574389,0.959349593495935,0.9473684210526315,-0.011981172443303434
391,13,28,6,-22,0.2204724409448819,0.2857142857142857,0.06524184476940381,0.679144385026738,0.7777777777777778,0.09863339275103977
93,2,27,5,-22,0.24545454545454545,0.3125,0.06704545454545455,0.8527131782945736,0.7619047619047619,-0.09080841638981174
606,4,28,6,-22,0.19858156028368795,0.2727272727272727,0.07414571244358475,0.986013986013986,0.9166666666666666,-0.06934731934731941
650,30,28,6,-22,0.23140495867768596,0.35294117647058826,0.1215362177929023,0.9758064516129032,0.8947368421052632,-0.08106960950764008
1201,7,29,7,-22,0.2116788321167883,0.3333333333333333,0.121654501216545,0.9013157894736842,0.9545454545454546,0.053229665071770405
887,4,28,6,-22,0.19310344827586207,0.3157894736842105,0.12268602540834844,0.8682634730538922,0.8636363636363636,-0.00462710941752853
1871,27,29,7,-22,0.26605504587155965,0.3888888888888889,0.12283384301732925,0.9478260869565217,1.0,0.05217391304347829
2007,31,29,7,-22,0.2230769230769231,0.35,0.1269230769230769,0.9558823529411765,1.0,0.044117647058823484
1248,3,29,7,-22,0.25892857142857145,0.3888888888888889,0.12996031746031744,0.9655172413793104,1.0,0.03448275862068961
1509,3,30,8,-22,0.2459016393442623,0.38095238095238093,0.13505074160811864,0.9037037037037037,0.9545454545454546,0.05084175084175091
107,10,29,7,-22,0.21481481481481482,0.35,0.13518518518518516,0.9712230215827338,0.8695652173913043,-0.10165780419142945
1606,7,30,8,-22,0.21897810218978103,0.38095238095238093,0.1619742787625999,0.9785714285714285,0.9545454545454546,-0.02402597402597395
1684,25,30,8,-22,0.25,0.42105263157894735,0.17105263157894735,0.975609756097561,0.95,-0.025609756097561
563,15,30,8,-22,0.2727272727272727,0.4444444444444444,0.1717171717171717,0.9734513274336283,1.0,0.026548672566371723
1780,27,31,9,-22,0.23308270676691728,0.4090909090909091,0.17600820232399184,0.9637681159420289,1.0,0.036231884057971064
2010,12,31,9,-22,0.2421875,0.42857142857142855,0.18638392857142855,0.7314285714285714,0.8076923076923077,0.07626373626373628
1446,28,31,9,-22,0.28440366972477066,0.47368421052631576,0.1892805408015451,0.8790322580645161,1.0,0.12096774193548387
845,4,30,8,-22,0.30927835051546393,0.5,0.19072164948453607,0.8508771929824561,0.9411764705882353,0.09029927760577916
109,13,30,8,-22,0.22727272727272727,0.42105263157894735,0.19377990430622008,0.8859060402684564,0.8636363636363636,-0.022269676632092783
1670,9,31,9,-22,0.4025974025974026,0.6,0.19740259740259736,0.7549019607843137,0.8333333333333334,0.07843137254901966
1630,23,32,10,-22,0.2782608695652174,0.5,0.2217391304347826,0.9745762711864406,1.0,0.025423728813559365
808,25,31,9,-22,0.25,0.47368421052631576,0.22368421052631576,0.9538461538461539,0.95,-0.0038461538461539435
75,5,31,9,-22,0.2246376811594203,0.45,0.22536231884057972,0.8846153846153846,0.9090909090909091,0.02447552447552448
500,26,30,8,-22,0.2542372881355932,0.5,0.2457627118644068,0.9833333333333333,0.9411764705882353,-0.042156862745098
168,29,31,9,-22,0.248,0.5294117647058824,0.28141176470588236,0.9765625,1.0,0.0234375
1456,12,32,10,-22,0.2711864406779661,0.5882352941176471,0.317048853439681,0.8194444444444444,0.8095238095238095,-0.009920634920634885
791,29,33,11,-22,0.25984251968503935,0.5789473684210527,0.3191048487360133,0.9769230769230769,0.95,-0.02692307692307694
958,29,34,12,-22,0.2361111111111111,0.631578947368421,0.3954678362573099,0.9171974522292994,0.9047619047619048,-0.012435547467394614
557,7,24,3,-21,0.20689655172413793,0.15789473684210525,-0.049001814882032674,0.943089430894309,1.0,0.05691056910569103
170,10,27,6,-21,0.24324324324324326,0.35294117647058826,0.109697933227345,0.9327731092436975,0.8947368421052632,-0.03803626713843433
1679,20,28,7,-21,0.25,0.3684210526315789,0.11842105263157893,0.9739130434782609,0.95,-0.023913043478260954
58,23,28,7,-21,0.19444444444444445,0.3181818181818182,0.12373737373737373,0.9863013698630136,0.9166666666666666,-0.06963470319634701
729,29,29,8,-21,0.23387096774193547,0.38095238095238093,0.14708141321044546,0.9763779527559056,1.0,0.023622047244094446
792,21,28,7,-21,0.2028985507246377,0.3684210526315789,0.16552250190694123,0.92,0.95,0.029999999999999916
199,0,28,7,-21,0.23728813559322035,0.4375,0.20021186440677965,0.9672131147540983,0.9411764705882353,-0.026036644165863043
878,14,29,8,-21,0.2871287128712871,0.5,0.2128712871287129,0.8859649122807017,0.9411764705882353,0.05521155830753355
1154,0,31,10,-21,0.26956521739130435,0.5,0.23043478260869565,0.8712121212121212,0.9523809523809523,0.08116883116883111
458,27,32,11,-21,0.23703703703703705,0.4782608695652174,0.24122383252818036,0.8823529411764706,0.9583333333333334,0.07598039215686281
1913,0,31,10,-21,0.23484848484848486,0.47619047619047616,0.2413419913419913,0.9166666666666666,0.9130434782608695,-0.0036231884057971175
1718,8,30,9,-21,0.22900763358778625,0.47368421052631576,0.2446765769385295,0.9290780141843972,0.9047619047619048,-0.024316109422492405
490,26,31,10,-21,0.27927927927927926,0.5263157894736842,0.24703651019440492,0.8740157480314961,0.8260869565217391,-0.04792879150975693
956,29,32,11,-21,0.22535211267605634,0.4782608695652174,0.25290875688916103,0.9342105263157895,0.9583333333333334,0.02412280701754388
1076,6,33,12,-21,0.264,0.6,0.33599999999999997,0.9920634920634921,1.0,0.007936507936507908
1238,14,33,12,-21,0.264,0.6,0.33599999999999997,0.9765625,0.9523809523809523,-0.024181547619047672
796,26,37,16,-21,0.3008130081300813,0.7272727272727273,0.42645971914264597,0.831081081081081,0.9565217391304348,0.12544065804935378
1326,9,24,4,-20,0.22018348623853212,0.26666666666666666,0.04648318042813454,0.9478260869565217,0.8823529411764706,-0.06547314578005115
81,14,29,9,-20,0.37662337662337664,0.47368421052631576,0.09706083390293913,0.7333333333333333,1.0,0.2666666666666667
699,25,27,7,-20,0.20454545454545456,0.3333333333333333,0.12878787878787876,0.9166666666666666,0.9130434782608695,-0.0036231884057971175
306,23,28,8,-20,0.35443037974683544,0.5,0.14556962025316456,0.7452830188679245,0.9411764705882353,0.1958934517203108
1592,27,27,7,-20,0.20930232558139536,0.3888888888888889,0.17958656330749354,0.9772727272727273,0.9,-0.07727272727272727
324,25,28,8,-20,0.19310344827586207,0.38095238095238093,0.18784893267651886,0.9235668789808917,1.0,0.07643312101910826
952,18,29,9,-20,0.2543859649122807,0.45,0.1956140350877193,0.957983193277311,1.0,0.04201680672268904
302,1,28,8,-20,0.2204724409448819,0.42105263157894735,0.20058019063406546,0.9202898550724637,0.9047619047619048,-0.01552795031055898
1743,7,29,9,-20,0.2248062015503876,0.42857142857142855,0.20376522702104094,0.9772727272727273,0.875,-0.10227272727272729
1321,24,28,8,-20,0.20437956204379562,0.42105263157894735,0.21667306953515172,0.9319727891156463,0.95,0.01802721088435366
2047,8,28,8,-20,0.25,0.47058823529411764,0.22058823529411764,0.9333333333333333,1.0,0.06666666666666665
644,26,28,8,-20,0.21052631578947367,0.4444444444444444,0.23391812865497075,0.9568345323741008,0.8571428571428571,-0.09969167523124367
227,2,29,9,-20,0.23387096774193547,0.47368421052631576,0.2398132427843803,0.7701863354037267,0.9047619047619048,0.13457556935817805
231,17,30,10,-20,0.26785714285714285,0.5263157894736842,0.25845864661654133,0.9491525423728814,0.95,0.0008474576271185752
1977,24,30,10,-20,0.20134228187919462,0.47619047619047616,0.27484819431128155,0.93125,0.9545454545454546,0.023295454545454564
340,2,28,8,-20,0.224,0.5,0.276,0.946969696969697,0.8421052631578947,-0.10486443381180233
900,19,27,7,-20,0.2621359223300971,0.5384615384615384,0.27632561613144135,0.8956521739130435,0.8125,-0.08315217391304353
1413,13,29,9,-20,0.25217391304347825,0.5294117647058824,0.2772378516624041,0.8712121212121212,0.9444444444444444,0.0732323232323232
1312,5,30,10,-20,0.20408163265306123,0.5263157894736842,0.32223415682062295,0.9932432432432432,0.95,-0.043243243243243246
225,29,25,6,-19,0.2777777777777778,0.35294117647058826,0.07516339869281047,0.8333333333333334,1.0,0.16666666666666663
148,13,24,5,-19,0.17142857142857143,0.2777777777777778,0.10634920634920636,0.9655172413793104,0.75,-0.2155172413793104
459,30,25,6,-19,0.2066115702479339,0.3157894736842105,0.10917790343627662,0.937984496124031,1.0,0.06201550387596899
946,11,26,7,-19,0.2653061224489796,0.3888888888888889,0.12358276643990929,0.7777777777777778,0.8571428571428571,0.0793650793650793
359,4,26,7,-19,0.22033898305084745,0.35,0.12966101694915252,0.921875,0.9090909090909091,-0.01278409090909094
594,10,27,8,-19,0.2872340425531915,0.42105263157894735,0.13381858902575583,0.7580645161290323,0.95,0.1919354838709677
204,25,26,7,-19,0.21138211382113822,0.35,0.13861788617886175,0.9609375,0.8333333333333334,-0.12760416666666663
1490,23,26,7,-19,0.18571428571428572,0.35,0.16428571428571426,0.9859154929577465,0.9523809523809523,-0.03353454057679417
184,19,26,7,-19,0.2524271844660194,0.4375,0.18507281553398058,0.8512396694214877,0.8888888888888888,0.037649219467401185
564,2,26,7,-19,0.22608695652173913,0.4117647058823529,0.1856777493606138,0.756578947368421,0.8095238095238095,0.05294486215538852
774,1,27,8,-19,0.21428571428571427,0.4,0.18571428571428575,0.9618320610687023,0.9090909090909091,-0.05274115197779328
1048,29,27,8,-19,0.2109375,0.4,0.18906250000000002,0.9770992366412213,1.0,0.022900763358778664
1873,24,28,9,-19,0.2222222222222222,0.42857142857142855,0.20634920634920634,0.9473684210526315,0.9130434782608695,-0.034324942791762014
612,15,27,8,-19,0.2109375,0.42105263157894735,0.21011513157894735,0.9770992366412213,1.0,0.022900763358778664
1528,0,27,8,-19,0.17880794701986755,0.4,0.22119205298013248,0.9617834394904459,1.0,0.03821656050955413
501,13,28,9,-19,0.23931623931623933,0.47368421052631576,0.23436797121007644,0.9590163934426229,0.95,-0.00901639344262295
581,20,29,10,-19,0.2283464566929134,0.47619047619047616,0.24784401949756277,0.9621212121212122,0.9545454545454546,-0.007575757575757569
1372,7,28,9,-19,0.25,0.5,0.25,0.9572649572649573,1.0,0.042735042735042694
218,30,29,10,-19,0.2265625,0.5263157894736842,0.2997532894736842,0.9846153846153847,0.95,-0.034615384615384714
319,4,29,10,-19,0.2196969696969697,0.5263157894736842,0.30661881977671446,0.9635036496350365,0.95,-0.013503649635036585
1493,31,31,12,-19,0.2421875,0.5714285714285714,0.3292410714285714,0.9343065693430657,0.9130434782608695,-0.02126309108219615
972,28,30,11,-19,0.24390243902439024,0.5789473684210527,0.3350449293966624,0.984,1.0,0.016000000000000014
1027,10,30,11,-19,0.27522935779816515,0.6111111111111112,0.335881753312946,0.956140350877193,0.9473684210526315,-0.00877192982456143
1728,30,23,5,-18,0.19166666666666668,0.23809523809523808,0.0464285714285714,0.9448818897637795,0.9545454545454546,0.009663564781675071
638,22,22,4,-18,0.19469026548672566,0.25,0.05530973451327434,0.9826086956521739,0.9411764705882353,-0.04143222506393862
1139,17,22,4,-18,0.16417910447761194,0.2222222222222222,0.05804311774461027,0.9710144927536232,0.75,-0.22101449275362317
1766,17,23,5,-18,0.20175438596491227,0.2777777777777778,0.07602339181286552,0.9743589743589743,0.9473684210526315,-0.026990553306342813
1079,4,24,6,-18,0.1875,0.3157894736842105,0.1282894736842105,0.920863309352518,1.0,0.07913669064748197
1860,29,24,6,-18,0.17518248175182483,0.3157894736842105,0.14060699193238568,0.9448275862068966,0.95,0.005172413793103403
787,17,25,7,-18,0.1937984496124031,0.3684210526315789,0.17462260301917581,0.9699248120300752,1.0,0.03007518796992481
800,20,25,7,-18,0.19230769230769232,0.3684210526315789,0.1761133603238866,0.9558823529411765,0.95,-0.005882352941176561
1092,27,26,8,-18,0.25,0.4444444444444444,0.19444444444444442,0.9122807017543859,0.9473684210526315,0.03508771929824561
360,3,26,8,-18,0.22608695652173913,0.42105263157894735,0.19496567505720822,0.9663865546218487,1.0,0.03361344537815125
947,30,26,8,-18,0.18309859154929578,0.4,0.21690140845070424,0.9861111111111112,1.0,0.01388888888888884
987,28,27,9,-18,0.1875,0.42857142857142855,0.24107142857142855,0.9795918367346939,0.9545454545454546,-0.02504638218923927
1879,4,28,10,-18,0.24778761061946902,0.5,0.252212389380531,0.9741379310344828,0.9523809523809523,-0.021756978653530434
1925,2,25,7,-18,0.21929824561403508,0.5,0.2807017543859649,0.95,0.8235294117647058,-0.1264705882352941
72,16,30,12,-18,0.24,0.5454545454545454,0.3054545454545454,0.946969696969697,0.9565217391304348,0.009552042160737795
1654,2,21,4,-17,0.16535433070866143,0.2222222222222222,0.05686789151356078,0.9071428571428571,0.9473684210526315,0.04022556390977439
150,22,22,5,-17,0.2,0.29411764705882354,0.09411764705882353,0.990990990990991,0.9444444444444444,-0.04654654654654655
235,31,22,5,-17,0.16541353383458646,0.2631578947368421,0.09774436090225563,0.95,0.8260869565217391,-0.12391304347826082
191,26,24,7,-17,0.2696629213483146,0.3684210526315789,0.09875813128326433,0.8317757009345794,0.95,0.11822429906542054
1656,13,22,5,-17,0.16666666666666666,0.2777777777777778,0.11111111111111113,0.825,0.8571428571428571,0.03214285714285714
922,14,23,6,-17,0.2948717948717949,0.42857142857142855,0.13369963369963367,0.7572815533980582,0.875,0.11771844660194175
1834,15,23,6,-17,0.25,0.42857142857142855,0.17857142857142855,0.8363636363636363,0.8235294117647058,-0.012834224598930466
1335,13,24,7,-17,0.17647058823529413,0.3684210526315789,0.1919504643962848,0.7195767195767195,0.8260869565217391,0.1065102369450196
1153,11,23,6,-17,0.18110236220472442,0.375,0.19389763779527558,0.9202898550724637,0.8888888888888888,-0.03140096618357491
1865,29,26,9,-17,0.22608695652173913,0.47368421052631576,0.24759725400457663,0.9583333333333334,0.95,-0.008333333333333415
991,2,26,9,-17,0.23853211009174313,0.5,0.26146788990825687,0.9008264462809917,0.8181818181818182,-0.0826446280991735
599,17,24,7,-17,0.17266187050359713,0.4375,0.26483812949640284,0.7554347826086957,0.6666666666666666,-0.08876811594202905
858,12,26,9,-17,0.23008849557522124,0.5,0.26991150442477874,0.904,0.9,-0.0040000000000000036
1277,7,26,9,-17,0.23008849557522124,0.5294117647058824,0.2993232691306611,0.9416666666666667,1.0,0.05833333333333335
1362,7,26,9,-17,0.19548872180451127,0.5,0.30451127819548873,0.9851851851851852,0.9473684210526315,-0.03781676413255364
795,17,27,10,-17,0.20300751879699247,0.5263157894736842,0.3233082706766917,0.95,0.9047619047619048,-0.04523809523809519
151,18,32,15,-17,0.24060150375939848,0.6818181818181818,0.4412166780587833,0.9925373134328358,1.0,0.007462686567164201
1062,31,20,4,-16,0.2,0.25,0.04999999999999999,0.8928571428571429,0.9411764705882353,0.048319327731092376
1471,22,23,7,-16,0.19491525423728814,0.3888888888888889,0.19397363465160075,0.9672131147540983,0.9473684210526315,-0.019844693701466798
100,12,23,7,-16,0.1678832116788321,0.3684210526315789,0.20053784095274682,0.7445652173913043,0.7916666666666666,0.047101449275362306
725,27,26,10,-16,0.21666666666666667,0.43478260869565216,0.2181159420289855,0.975609756097561,1.0,0.024390243902439046
284,10,24,8,-16,0.18181818181818182,0.42105263157894735,0.23923444976076552,0.9295774647887324,0.9047619047619048,-0.02481556002682761
492,7,24,8,-16,0.18181818181818182,0.42105263157894735,0.23923444976076552,0.9850746268656716,0.95,-0.03507462686567164
932,23,25,9,-16,0.1865671641791045,0.45,0.2634328358208955,0.9925925925925926,1.0,0.007407407407407418
1235,8,25,9,-16,0.1953125,0.5,0.3046875,0.9770992366412213,0.9473684210526315,-0.02973081558858981
295,0,25,9,-16,0.21551724137931033,0.5294117647058824,0.31389452332657203,0.9206349206349206,0.9444444444444444,0.023809523809523836
520,11,26,10,-16,0.2708333333333333,0.5882352941176471,0.31740196078431376,0.8495575221238938,0.9444444444444444,0.09488692232055063
1459,9,23,7,-16,0.21904761904761905,0.5384615384615384,0.3194139194139194,0.8898305084745762,0.7647058823529411,-0.1251246261216351
1294,17,27,11,-16,0.22131147540983606,0.55,0.32868852459016396,0.9682539682539683,1.0,0.031746031746031744
1029,10,27,11,-16,0.20454545454545456,0.5789473684210527,0.37440191387559807,0.8918918918918919,0.9047619047619048,0.012870012870012881
395,7,27,11,-16,0.2231404958677686,0.6111111111111112,0.38797061524334253,0.983739837398374,0.9,-0.08373983739837398
882,18,21,6,-15,0.18421052631578946,0.3,0.11578947368421053,0.9421487603305785,1.0,0.05785123966942152
1531,4,21,6,-15,0.1826086956521739,0.3157894736842105,0.1331807780320366,0.9426229508196722,0.9047619047619048,-0.03786104605776741
529,8,19,4,-15,0.15966386554621848,0.3076923076923077,0.14802844214608923,0.9596774193548387,0.8125,-0.14717741935483875
663,25,22,7,-15,0.205607476635514,0.3684210526315789,0.1628135759960649,0.963963963963964,1.0,0.036036036036036
2015,13,23,8,-15,0.19827586206896552,0.4444444444444444,0.2461685823754789,0.90625,0.8571428571428571,-0.049107142857142905
1121,22,24,9,-15,0.17266187050359713,0.42857142857142855,0.25590955806783144,0.9084967320261438,1.0,0.09150326797385622
898,13,24,9,-15,0.18181818181818182,0.45,0.2681818181818182,0.9850746268656716,0.8695652173913043,-0.11550940947436728
540,10,25,10,-15,0.17857142857142858,0.45454545454545453,0.275974025974026,0.9150326797385621,0.9166666666666666,0.0016339869281045694
613,11,26,11,-15,0.20155038759689922,0.5238095238095238,0.3222591362126246,0.9555555555555556,0.9545454545454546,-0.0010101010101010166
467,20,26,11,-15,0.21311475409836064,0.55,0.3368852459016394,0.976,1.0,0.02400000000000002
1644,12,27,12,-15,0.2755102040816326,0.631578947368421,0.3560687432867884,0.8032786885245902,0.8636363636363636,0.06035767511177348
1640,6,26,11,-15,0.20967741935483872,0.5789473684210527,0.3692699490662139,0.9763779527559056,1.0,0.023622047244094446
450,17,29,14,-15,0.2265625,0.6086956521739131,0.3821331521739131,0.9481481481481482,1.0,0.051851851851851816
1953,22,27,12,-15,0.20454545454545456,0.6,0.3954545454545454,0.8859060402684564,0.8695652173913043,-0.016340822877152106
1354,16,28,13,-15,0.18064516129032257,0.5909090909090909,0.41026392961876834,0.9627329192546584,0.9565217391304348,-0.006211180124223614
1527,25,18,4,-14,0.13846153846153847,0.21052631578947367,0.0720647773279352,0.9090909090909091,0.8636363636363636,-0.045454545454545414
971,0,20,6,-14,0.16,0.3333333333333333,0.1733333333333333,0.9920634920634921,0.9473684210526315,-0.044695071010860565
1116,9,20,6,-14,0.16806722689075632,0.35294117647058826,0.18487394957983194,0.9834710743801653,0.9444444444444444,-0.039026629935720925
1133,11,22,8,-14,0.16666666666666666,0.36363636363636365,0.196969696969697,0.9166666666666666,0.9565217391304348,0.03985507246376818
57,8,22,8,-14,0.2018348623853211,0.4,0.1981651376146789,0.9159663865546218,1.0,0.08403361344537819
1255,8,21,7,-14,0.16153846153846155,0.3684210526315789,0.20688259109311738,0.9219858156028369,0.95,0.028014184397163078
683,20,22,8,-14,0.18333333333333332,0.42105263157894735,0.23771929824561402,0.9917355371900827,1.0,0.008264462809917328
1182,29,22,8,-14,0.15602836879432624,0.4,0.24397163120567378,0.9463087248322147,1.0,0.05369127516778527
1642,24,23,9,-14,0.17829457364341086,0.42857142857142855,0.25027685492801766,0.9416058394160584,0.9130434782608695,-0.028562361155188842
1849,16,22,8,-14,0.1476510067114094,0.4,0.2523489932885906,0.9933333333333333,0.9523809523809523,-0.04095238095238096
1155,5,23,9,-14,0.19491525423728814,0.47368421052631576,0.27876895628902765,0.921875,0.95,0.028124999999999956
660,0,25,11,-14,0.2336448598130841,0.7333333333333333,0.49968847352024914,0.963963963963964,0.8823529411764706,-0.08161102278749344
1377,31,18,5,-13,0.13953488372093023,0.2777777777777778,0.13824289405684756,0.9148936170212766,0.9,-0.014893617021276562
986,28,19,6,-13,0.168141592920354,0.3333333333333333,0.16519174041297932,0.9576271186440678,0.9473684210526315,-0.010258697591436272
674,8,20,7,-13,0.16129032258064516,0.3684210526315789,0.20713073005093377,0.992,0.95,-0.04200000000000004
1719,13,20,7,-13,0.17699115044247787,0.3888888888888889,0.21189773844641102,0.6174863387978142,0.75,0.13251366120218577
68,7,19,6,-13,0.1557377049180328,0.375,0.2192622950819672,0.976,0.9411764705882353,-0.0348235294117647
51,9,20,7,-13,0.16260162601626016,0.3888888888888889,0.22628726287262874,0.9761904761904762,0.9473684210526315,-0.028822055137844638
848,3,21,8,-13,0.1794871794871795,0.4444444444444444,0.2649572649572649,0.9285714285714286,0.9473684210526315,0.018796992481202923
1452,9,22,9,-13,0.15602836879432624,0.42857142857142855,0.2725430597771023,0.9724137931034482,0.9545454545454546,-0.017868338557993635
489,26,22,9,-13,0.176,0.45,0.274,0.946969696969697,0.9090909090909091,-0.037878787878787956
1697,31,22,9,-13,0.23157894736842105,0.5294117647058824,0.2978328173374613,0.811965811965812,1.0,0.18803418803418803
821,28,24,11,-13,0.1951219512195122,0.5238095238095238,0.32868757259001163,0.9609375,1.0,0.0390625
758,30,22,9,-13,0.18181818181818182,0.5294117647058824,0.34759358288770054,1.0,0.9444444444444444,-0.05555555555555558
347,30,23,10,-13,0.19008264462809918,0.5555555555555556,0.3654729109274564,0.983739837398374,0.9473684210526315,-0.03637141634574248
164,14,24,11,-13,0.20512820512820512,0.5789473684210527,0.37381916329284753,0.9512195121951219,1.0,0.04878048780487809
1946,9,25,12,-13,0.1953125,0.6,0.4046875,0.9696969696969697,0.9090909090909091,-0.06060606060606066
1358,10,26,13,-13,0.1925925925925926,0.6190476190476191,0.4264550264550265,0.8940397350993378,0.9545454545454546,0.060505719446116824
1184,2,15,3,-12,0.15,0.1875,0.037500000000000006,0.8547008547008547,0.8421052631578947,-0.012595591542959972
935,19,15,3,-12,0.1282051282051282,0.16666666666666666,0.038461538461538464,0.9512195121951219,0.8571428571428571,-0.09407665505226481
449,7,18,6,-12,0.25,0.35294117647058826,0.10294117647058826,0.6923076923076923,0.9444444444444444,0.25213675213675213
1995,13,18,6,-12,0.13953488372093023,0.35294117647058826,0.21340629274965803,0.8716216216216216,0.7391304347826086,-0.13249118683901295
1257,9,20,8,-12,0.18181818181818182,0.4,0.2181818181818182,0.9401709401709402,0.9523809523809523,0.012210012210012167
607,13,19,7,-12,0.152,0.4375,0.2855,0.6544502617801047,0.6956521739130435,0.04120191213293878
301,27,21,9,-12,0.16030534351145037,0.45,0.28969465648854964,0.9924242424242424,1.0,0.007575757575757569
869,14,21,9,-12,0.14583333333333334,0.45,0.3041666666666667,0.935064935064935,0.9523809523809523,0.017316017316017285
1517,16,23,11,-12,0.15333333333333332,0.55,0.3966666666666667,0.9316770186335404,0.9523809523809523,0.020703933747411973
1039,8,24,12,-12,0.192,0.6,0.408,0.9541984732824428,0.9523809523809523,-0.0018175209014904548
708,5,23,11,-12,0.1554054054054054,0.5789473684210527,0.4235419630156473,0.8654970760233918,0.9047619047619048,0.039264828738513
1771,27,15,4,-11,0.11363636363636363,0.19047619047619047,0.07683982683982683,0.9635036496350365,0.9130434782608695,-0.05046017137416703
7,24,16,5,-11,0.1322314049586777,0.25,0.11776859504132231,0.8897058823529411,0.9523809523809523,0.0626750700280112
586,27,18,7,-11,0.15126050420168066,0.3888888888888889,0.23762838468720823,0.8623188405797102,0.9473684210526315,0.08504958047292133
1729,2,17,6,-11,0.14049586776859505,0.4,0.259504132231405,0.968,0.9375,-0.03049999999999997
237,9,20,9,-11,0.1342281879194631,0.4090909090909091,0.27486272117144606,0.9675324675324676,1.0,0.03246753246753242
1178,31,21,10,-11,0.19090909090909092,0.5,0.3090909090909091,0.9166666666666666,1.0,0.08333333333333337
1586,2,18,7,-11,0.15,0.4666666666666667,0.31666666666666665,0.7894736842105263,0.6818181818181818,-0.10765550239234456
928,31,22,11,-11,0.16541353383458646,0.5238095238095238,0.3583959899749374,0.9568345323741008,1.0,0.043165467625899234
1098,7,22,11,-11,0.18333333333333332,0.55,0.3666666666666667,0.975609756097561,1.0,0.024390243902439046
60,20,20,9,-11,0.18691588785046728,0.5625,0.3755841121495327,0.9145299145299145,0.8421052631578947,-0.07242465137201981
31,17,20,9,-11,0.16129032258064516,0.5625,0.40120967741935487,0.7085714285714285,0.6666666666666666,-0.04190476190476189
726,10,23,12,-11,0.1885245901639344,0.6,0.41147540983606556,0.9037037037037037,0.9523809523809523,0.04867724867724865
241,23,16,6,-10,0.13333333333333333,0.3333333333333333,0.19999999999999998,0.967741935483871,0.9473684210526315,-0.02037351443123947
1635,16,18,8,-10,0.1565217391304348,0.4,0.24347826086956523,0.9349593495934959,1.0,0.06504065040650409
1328,28,18,8,-10,0.14754098360655737,0.4,0.25245901639344265,0.9682539682539683,1.0,0.031746031746031744
475,15,19,9,-10,0.14728682170542637,0.4090909090909091,0.2618040873854828,0.9699248120300752,0.9565217391304348,-0.013403072899640378
1626,2,19,9,-10,0.14285714285714285,0.42857142857142855,0.2857142857142857,0.8580645161290322,0.9545454545454546,0.09648093841642236
1655,10,19,9,-10,0.15079365079365079,0.45,0.29920634920634925,0.8936170212765957,0.9090909090909091,0.015473887814313358
456,14,19,9,-10,0.17117117117117117,0.5,0.3288288288288288,0.940677966101695,0.9,-0.04067796610169494
341,31,19,9,-10,0.16379310344827586,0.5,0.33620689655172414,0.9354838709677419,0.9473684210526315,0.011884550084889645
499,30,20,10,-10,0.14705882352941177,0.5,0.3529411764705882,0.9714285714285714,0.9523809523809523,-0.01904761904761909
145,15,23,13,-10,0.19491525423728814,0.65,0.45508474576271185,0.9365079365079365,1.0,0.06349206349206349
1869,29,22,12,-10,0.176,0.631578947368421,0.45557894736842103,0.9615384615384616,0.9047619047619048,-0.0567765567765568
305,29,22,12,-10,0.171875,0.6666666666666666,0.49479166666666663,0.9696969696969697,1.0,0.030303030303030276
624,13,17,8,-9,0.13385826771653545,0.42105263157894735,0.2871943638624119,0.7257142857142858,0.7916666666666666,0.06595238095238087
1276,24,17,8,-9,0.13178294573643412,0.42105263157894735,0.2892696858425132,0.9699248120300752,1.0,0.03007518796992481
1736,22,18,9,-9,0.1323529411764706,0.45,0.3176470588235294,0.9784172661870504,1.0,0.021582733812949617
1308,19,19,10,-9,0.15079365079365079,0.5,0.3492063492063492,0.9618320610687023,1.0,0.03816793893129766
493,26,16,7,-9,0.14285714285714285,0.5,0.35714285714285715,0.9333333333333333,0.8235294117647058,-0.1098039215686275
665,0,19,10,-9,0.1484375,0.5263157894736842,0.3778782894736842,0.927536231884058,1.0,0.07246376811594202
507,29,13,5,-8,0.19117647058823528,0.2777777777777778,0.08660130718954251,0.6415094339622641,1.0,0.3584905660377359
1099,12,14,6,-8,0.1320754716981132,0.3157894736842105,0.1837140019860973,0.7851851851851852,0.95,0.16481481481481475
461,2,13,6,-7,0.11926605504587157,0.35294117647058826,0.2336751214247167,0.9732142857142857,1.0,0.0267857142857143
1260,4,15,8,-7,0.11194029850746269,0.4,0.28805970149253735,0.9852941176470589,1.0,0.014705882352941124
1342,26,15,8,-7,0.15463917525773196,0.4444444444444444,0.28980526918671246,0.9065420560747663,1.0,0.09345794392523366
357,25,15,8,-7,0.1271186440677966,0.42105263157894735,0.29393398751115074,0.9365079365079365,0.9047619047619048,-0.031746031746031744
13,26,15,8,-7,0.11194029850746269,0.42105263157894735,0.30911233307148467,0.9710144927536232,0.95,-0.021014492753623215
1964,14,16,9,-7,0.13333333333333333,0.47368421052631576,0.3403508771929824,1.0,0.9047619047619048,-0.09523809523809523
1152,29,16,9,-7,0.14678899082568808,0.5,0.3532110091743119,0.9646017699115044,1.0,0.03539823008849563
1173,20,17,10,-7,0.1328125,0.5882352941176471,0.4554227941176471,0.9696969696969697,0.9444444444444444,-0.025252525252525304
883,12,15,9,-6,0.125,0.47368421052631576,0.34868421052631576,0.9230769230769231,0.7916666666666666,-0.1314102564102565
1610,20,16,10,-6,0.11940298507462686,0.5263157894736842,0.4069128043990573,0.9852941176470589,0.95,-0.03529411764705892
1180,3,17,11,-6,0.14049586776859505,0.6470588235294118,0.5065629557608168,0.937984496124031,0.85,-0.08798449612403103
1703,31,21,15,-6,0.16535433070866143,0.7894736842105263,0.6241193535018649,0.9136690647482014,0.95,0.036330935251798535
313,5,12,7,-5,0.09836065573770492,0.3684210526315789,0.270060396893874,0.976,1.0,0.02400000000000002
165,21,16,11,-5,0.17204301075268819,0.6111111111111112,0.439068100358423,0.8017241379310345,0.9,0.09827586206896555
1304,10,13,9,-4,0.09923664122137404,0.45,0.35076335877862597,0.9424460431654677,1.0,0.05755395683453235
1387,17,13,9,-4,0.11607142857142858,0.5,0.3839285714285714,0.9491525423728814,0.8571428571428571,-0.09200968523002429
658,16,14,10,-4,0.10606060606060606,0.5,0.3939393939393939,0.9924812030075187,1.0,0.007518796992481258
1437,6,14,10,-4,0.11382113821138211,0.5263157894736842,0.41249465126230206,0.9609375,0.95,-0.010937500000000044
190,1,15,11,-4,0.12931034482758622,0.55,0.42068965517241386,0.9666666666666667,0.8695652173913043,-0.09710144927536235
405,12,14,10,-4,0.12962962962962962,0.5882352941176471,0.45860566448801743,0.8709677419354839,0.9444444444444444,0.07347670250896055
1293,26,18,14,-4,0.1836734693877551,0.7,0.5163265306122449,0.8990825688073395,1.0,0.1009174311926605
812,13,9,6,-3,0.06569343065693431,0.3333333333333333,0.26763990267639903,0.9448275862068966,0.8181818181818182,-0.12664576802507832
8,21,11,8,-3,0.09401709401709402,0.4,0.305982905982906,0.9069767441860465,0.9523809523809523,0.04540420819490587
733,4,11,8,-3,0.09090909090909091,0.4,0.3090909090909091,0.9758064516129032,1.0,0.024193548387096753
350,2,11,8,-3,0.09090909090909091,0.47058823529411764,0.3796791443850267,0.9097744360902256,0.85,-0.05977443609022559
257,17,14,11,-3,0.1044776119402985,0.55,0.44552238805970157,0.9710144927536232,0.8695652173913043,-0.10144927536231885
188,27,14,11,-3,0.12389380530973451,0.5789473684210527,0.45505356311131817,0.9262295081967213,0.9047619047619048,-0.021467603434816573
730,26,13,11,-2,0.10833333333333334,0.4583333333333333,0.35,0.975609756097561,1.0,0.024390243902439046
254,0,12,10,-2,0.09523809523809523,0.5263157894736842,0.43107769423558895,0.9767441860465116,0.95,-0.02674418604651163
841,30,13,11,-2,0.1111111111111111,0.5789473684210527,0.46783625730994155,0.975,0.95,-0.025000000000000022
236,0,14,12,-2,0.1346153846153846,0.631578947368421,0.49696356275303644,0.9369369369369369,1.0,0.06306306306306309
1505,26,14,12,-2,0.10294117647058823,0.6,0.4970588235294118,0.9577464788732394,1.0,0.04225352112676062
741,4,8,7,-1,0.07547169811320754,0.3684210526315789,0.2929493545183714,0.9298245614035088,1.0,0.07017543859649122
42,20,16,15,-1,0.13008130081300814,0.6521739130434783,0.5220926122304701,0.984,1.0,0.016000000000000014
52,28,15,14,-1,0.10344827586206896,0.6363636363636364,0.5329153605015674,0.9797297297297297,1.0,0.020270270270270285
1768,2,6,6,0,0.05405405405405406,0.375,0.32094594594594594,0.8809523809523809,0.7619047619047619,-0.11904761904761907
1219,18,9,9,0,0.09,0.5294117647058824,0.4394117647058824,0.8695652173913043,1.0,0.13043478260869568
1690,14,10,10,0,0.09523809523809523,0.5555555555555556,0.46031746031746035,0.9051724137931034,0.9,-0.005172413793103403
358,19,5,7,2,0.03787878787878788,0.35,0.3121212121212121,0.9850746268656716,0.9523809523809523,-0.03269367448471927
307,16,8,10,2,0.06896551724137931,0.47619047619047616,0.4072249589490968,0.943089430894309,1.0,0.05691056910569103
1315,24,4,7,3,0.030303030303030304,0.35,0.3196969696969697,0.9777777777777777,1.0,0.022222222222222254
79,16,6,9,3,0.048,0.42857142857142855,0.38057142857142856,0.8992805755395683,1.0,0.1007194244604317
1030,22,7,10,3,0.05737704918032787,0.5263157894736842,0.4689387402933563,0.976,1.0,0.02400000000000002
622,22,8,12,4,0.0625,0.5714285714285714,0.5089285714285714,0.9770992366412213,1.0,0.022900763358778664
