variant_id,object_id,stored,success,attempt,usable_good_frac,success_rate,slots,min_slot_count,max_slot_count
147,4,1,20,23,0.05,0.8695652173913043,4,0,1
363,21,2,19,19,0.10526315789473684,1.0,4,0,1
827,25,2,18,19,0.1111111111111111,0.9473684210526315,4,0,1
692,19,2,16,17,0.125,0.9411764705882353,4,0,1
64,18,2,15,17,0.13333333333333333,0.8823529411764706,4,0,2
969,13,2,15,20,0.13333333333333333,0.75,4,0,2
1645,15,2,15,18,0.13333333333333333,0.8333333333333334,4,0,1
1246,14,3,22,23,0.13636363636363635,0.9565217391304348,4,0,1
1868,4,3,21,21,0.14285714285714285,1.0,4,0,1
12,4,3,19,23,0.15789473684210525,0.8260869565217391,4,0,1
557,7,3,19,19,0.15789473684210525,1.0,4,0,2
998,0,3,19,19,0.15789473684210525,1.0,4,0,2
1378,25,3,19,20,0.15789473684210525,0.95,4,0,2
608,11,3,18,18,0.16666666666666666,1.0,4,0,2
935,19,3,18,21,0.16666666666666666,0.8571428571428571,4,0,2
1578,21,3,18,21,0.16666666666666666,0.8571428571428571,4,0,2
907,7,3,17,19,0.17647058823529413,0.8947368421052632,4,0,1
1529,15,3,17,19,0.17647058823529413,0.8947368421052632,4,0,2
1623,2,3,17,20,0.17647058823529413,0.85,4,0,2
1782,21,3,17,17,0.17647058823529413,1.0,4,0,2
3,2,3,16,22,0.1875,0.7272727272727273,4,0,1
455,2,3,16,23,0.1875,0.6956521739130435,4,0,1
700,23,3,16,17,0.1875,0.9411764705882353,4,0,1
714,8,3,16,18,0.1875,0.8888888888888888,4,0,1
997,14,3,16,16,0.1875,1.0,4,0,1
1184,2,3,16,19,0.1875,0.8421052631578947,4,0,1
178,7,3,15,17,0.2,0.8823529411764706,4,0,2
1356,0,3,15,16,0.2,0.9375,4,0,1
1921,23,3,15,16,0.2,0.9375,4,0,1
1926,28,3,14,16,0.21428571428571427,0.875,4,0,2
433,2,3,13,21,0.23076923076923078,0.6190476190476191,4,0,2
1393,13,3,13,22,0.23076923076923078,0.5909090909090909,4,0,2
1194,30,4,21,21,0.19047619047619047,1.0,4,0,2
1771,27,4,21,23,0.19047619047619047,0.9130434782608695,4,0,2
803,11,4,20,23,0.2,0.8695652173913043,4,0,2
995,24,4,20,23,0.2,0.8695652173913043,4,0,2
1120,31,4,20,23,0.2,0.8695652173913043,4,0,2
1313,21,4,20,22,0.2,0.9090909090909091,4,0,3
1511,3,4,20,21,0.2,0.9523809523809523,4,0,2
1691,6,4,20,21,0.2,0.9523809523809523,4,1,1
1808,28,4,20,20,0.2,1.0,4,0,2
2003,25,4,20,21,0.2,0.9523809523809523,4,0,2
346,22,4,19,22,0.21052631578947367,0.8636363636363636,4,0,2
485,19,4,19,19,0.21052631578947367,1.0,4,0,2
488,2,4,19,24,0.21052631578947367,0.7916666666666666,4,0,2
561,13,4,19,20,0.21052631578947367,0.95,4,0,2
653,30,4,19,20,0.21052631578947367,0.95,4,0,3
1054,26,4,19,21,0.21052631578947367,0.9047619047619048,4,0,2
1486,17,4,19,19,0.21052631578947367,1.0,4,0,2
1527,25,4,19,22,0.21052631578947367,0.8636363636363636,4,0,2
174,17,4,18,25,0.2222222222222222,0.72,4,0,3
333,21,4,18,19,0.2222222222222222,0.9473684210526315,4,1,1
353,15,4,18,19,0.2222222222222222,0.9473684210526315,4,0,2
419,10,4,18,20,0.2222222222222222,0.9,4,0,2
471,8,4,18,19,0.2222222222222222,0.9473684210526315,4,0,2
565,13,4,18,21,0.2222222222222222,0.8571428571428571,4,0,2
810,28,4,18,20,0.2222222222222222,0.9,4,1,1
864,2,4,18,20,0.2222222222222222,0.9,4,0,2
1139,17,4,18,24,0.2222222222222222,0.75,4,0,2
1221,16,4,18,18,0.2222222222222222,1.0,4,0,3
1331,2,4,18,21,0.2222222222222222,0.8571428571428571,4,0,2
1460,4,4,18,21,0.2222222222222222,0.8571428571428571,4,0,2
1654,2,4,18,19,0.2222222222222222,0.9473684210526315,4,0,3
1932,14,4,18,18,0.2222222222222222,1.0,4,0,2
1968,17,4,18,21,0.2222222222222222,0.8571428571428571,4,0,2
2030,11,4,18,19,0.2222222222222222,0.9473684210526315,4,1,1
11,20,4,17,18,0.23529411764705882,0.9444444444444444,4,0,2
247,18,4,17,17,0.23529411764705882,1.0,4,0,2
320,2,4,17,21,0.23529411764705882,0.8095238095238095,4,0,2
336,21,4,17,19,0.23529411764705882,0.8947368421052632,4,0,2
470,7,4,17,20,0.23529411764705882,0.85,4,0,2
567,10,4,17,20,0.23529411764705882,0.85,4,0,2
813,2,4,17,21,0.23529411764705882,0.8095238095238095,4,0,2
1167,2,4,17,22,0.23529411764705882,0.7727272727272727,4,0,2
1193,15,4,17,19,0.23529411764705882,0.8947368421052632,4,1,1
1229,9,4,17,18,0.23529411764705882,0.9444444444444444,4,0,2
1333,12,4,17,25,0.23529411764705882,0.68,4,0,3
1386,1,4,17,19,0.23529411764705882,0.8947368421052632,4,0,2
1683,21,4,17,19,0.23529411764705882,0.8947368421052632,4,0,2
1950,30,4,17,18,0.23529411764705882,0.9444444444444444,4,0,2
2000,9,4,17,20,0.23529411764705882,0.85,4,0,2
105,3,4,16,17,0.25,0.9411764705882353,4,0,2
175,17,4,16,25,0.25,0.64,4,0,3
299,17,4,16,17,0.25,0.9411764705882353,4,0,2
348,26,4,16,17,0.25,0.9411764705882353,4,0,2
638,22,4,16,17,0.25,0.9411764705882353,4,1,1
859,3,4,16,17,0.25,0.9411764705882353,4,0,2
1062,31,4,16,17,0.25,0.9411764705882353,4,0,2
1137,12,4,16,22,0.25,0.7272727272727273,4,0,2
1169,1,4,16,17,0.25,0.9411764705882353,4,0,2
1820,17,4,16,17,0.25,0.9411764705882353,4,0,2
1839,28,4,16,17,0.25,0.9411764705882353,4,0,3
2038,17,4,16,24,0.25,0.6666666666666666,4,0,2
294,2,4,15,20,0.26666666666666666,0.75,4,0,2
515,27,4,15,17,0.26666666666666666,0.8823529411764706,4,0,3
694,16,4,15,16,0.26666666666666666,0.9375,4,0,2
1063,2,4,15,19,0.26666666666666666,0.7894736842105263,4,0,2
1087,18,4,15,17,0.26666666666666666,0.8823529411764706,4,0,2
1326,9,4,15,17,0.26666666666666666,0.8823529411764706,4,0,2
482,12,4,14,21,0.2857142857142857,0.6666666666666666,4,0,2
605,29,4,14,16,0.2857142857142857,0.875,4,0,2
1700,31,4,14,16,0.2857142857142857,0.875,4,1,1
1947,7,4,14,16,0.2857142857142857,0.875,4,0,2
529,8,4,13,16,0.3076923076923077,0.8125,4,0,2
588,25,5,23,23,0.21739130434782608,1.0,4,0,2
97,27,5,22,22,0.22727272727272727,1.0,4,1,2
756,27,5,22,23,0.22727272727272727,0.9565217391304348,4,1,2
1303,26,5,22,23,0.22727272727272727,0.9565217391304348,4,0,3
90,6,5,21,21,0.23809523809523808,1.0,4,0,2
197,12,5,21,22,0.23809523809523808,0.9545454545454546,4,0,2
568,27,5,21,22,0.23809523809523808,0.9545454545454546,4,1,2
673,1,5,21,21,0.23809523809523808,1.0,4,0,3
690,1,5,21,21,0.23809523809523808,1.0,4,0,2
776,4,5,21,21,0.23809523809523808,1.0,4,1,2
1094,9,5,21,21,0.23809523809523808,1.0,4,0,2
1436,4,5,21,21,0.23809523809523808,1.0,4,0,2
1669,1,5,21,23,0.23809523809523808,0.9130434782608695,4,0,2
1725,6,5,21,21,0.23809523809523808,1.0,4,0,2
1728,30,5,21,22,0.23809523809523808,0.9545454545454546,4,0,2
1905,16,5,21,22,0.23809523809523808,0.9545454545454546,4,1,2
7,24,5,20,21,0.25,0.9523809523809523,4,0,2
43,0,5,20,20,0.25,1.0,4,0,3
228,29,5,20,24,0.25,0.8333333333333334,4,0,3
243,15,5,20,20,0.25,1.0,4,0,3
444,1,5,20,20,0.25,1.0,4,1,2
514,8,5,20,21,0.25,0.9523809523809523,4,0,2
747,1,5,20,23,0.25,0.8695652173913043,4,1,2
814,18,5,20,20,0.25,1.0,4,0,3
964,24,5,20,21,0.25,0.9523809523809523,4,1,2
1073,31,5,20,20,0.25,1.0,4,0,2
1202,23,5,20,20,0.25,1.0,4,1,2
1241,31,5,20,20,0.25,1.0,4,1,2
1395,9,5,20,20,0.25,1.0,4,0,2
1518,27,5,20,21,0.25,0.9523809523809523,4,0,2
1569,26,5,20,21,0.25,0.9523809523809523,4,1,2
1616,26,5,20,22,0.25,0.9090909090909091,4,1,2
1705,30,5,20,22,0.25,0.9090909090909091,4,0,2
1836,14,5,20,20,0.25,1.0,4,1,2
2035,11,5,20,24,0.25,0.8333333333333334,4,0,3
127,29,5,19,20,0.2631578947368421,0.95,4,1,2
159,19,5,19,19,0.2631578947368421,1.0,4,1,2
172,10,5,19,21,0.2631578947368421,0.9047619047619048,4,1,2
179,22,5,19,23,0.2631578947368421,0.8260869565217391,4,0,2
235,31,5,19,23,0.2631578947368421,0.8260869565217391,4,0,2
285,21,5,19,19,0.2631578947368421,1.0,4,0,2
304,23,5,19,19,0.2631578947368421,1.0,4,0,3
376,14,5,19,19,0.2631578947368421,1.0,4,1,2
527,13,5,19,20,0.2631578947368421,0.95,4,0,3
562,19,5,19,21,0.2631578947368421,0.9047619047619048,4,0,2
633,22,5,19,21,0.2631578947368421,0.9047619047619048,4,1,2
639,24,5,19,20,0.2631578947368421,0.95,4,0,3
802,22,5,19,21,0.2631578947368421,0.9047619047619048,4,0,4
880,22,5,19,19,0.2631578947368421,1.0,4,0,3
976,1,5,19,20,0.2631578947368421,0.95,4,0,2
1131,0,5,19,21,0.2631578947368421,0.9047619047619048,4,1,2
1136,19,5,19,23,0.2631578947368421,0.8260869565217391,4,0,2
1346,19,5,19,22,0.2631578947368421,0.8636363636363636,4,1,2
1520,7,5,19,20,0.2631578947368421,0.95,4,1,2
1590,5,5,19,22,0.2631578947368421,0.8636363636363636,4,1,2
1788,0,5,19,19,0.2631578947368421,1.0,4,0,2
1821,19,5,19,19,0.2631578947368421,1.0,4,1,2
1843,30,5,19,19,0.2631578947368421,1.0,4,0,2
2029,14,5,19,20,0.2631578947368421,0.95,4,0,2
2034,5,5,19,22,0.2631578947368421,0.8636363636363636,4,0,2
37,2,5,18,20,0.2777777777777778,0.9,4,0,2
41,8,5,18,18,0.2777777777777778,1.0,4,0,2
83,28,5,18,19,0.2777777777777778,0.9473684210526315,4,0,3
104,1,5,18,18,0.2777777777777778,1.0,4,1,2
148,13,5,18,24,0.2777777777777778,0.75,4,0,3
207,22,5,18,18,0.2777777777777778,1.0,4,0,2
507,29,5,18,18,0.2777777777777778,1.0,4,1,2
560,1,5,18,19,0.2777777777777778,0.9473684210526315,4,0,2
618,21,5,18,21,0.2777777777777778,0.8571428571428571,4,0,3
677,15,5,18,18,0.2777777777777778,1.0,4,0,3
687,8,5,18,20,0.2777777777777778,0.9,4,0,2
727,24,5,18,19,0.2777777777777778,0.9473684210526315,4,1,2
737,19,5,18,19,0.2777777777777778,0.9473684210526315,4,1,2
750,2,5,18,25,0.2777777777777778,0.72,4,0,2
889,12,5,18,19,0.2777777777777778,0.9473684210526315,4,0,2
1008,9,5,18,19,0.2777777777777778,0.9473684210526315,4,0,2
1009,20,5,18,18,0.2777777777777778,1.0,4,1,2
1013,2,5,18,21,0.2777777777777778,0.8571428571428571,4,1,2
1016,2,5,18,21,0.2777777777777778,0.8571428571428571,4,1,2
1025,12,5,18,21,0.2777777777777778,0.8571428571428571,4,0,2
1176,2,5,18,22,0.2777777777777778,0.8181818181818182,4,0,2
1275,1,5,18,19,0.2777777777777778,0.9473684210526315,4,0,3
1289,20,5,18,20,0.2777777777777778,0.9,4,0,3
1377,31,5,18,20,0.2777777777777778,0.9,4,1,2
1416,16,5,18,21,0.2777777777777778,0.8571428571428571,4,0,2
1656,13,5,18,21,0.2777777777777778,0.8571428571428571,4,0,2
1766,17,5,18,19,0.2777777777777778,0.9473684210526315,4,0,2
1974,7,5,18,19,0.2777777777777778,0.9473684210526315,4,1,2
2001,5,5,18,20,0.2777777777777778,0.9,4,0,3
2008,11,5,18,19,0.2777777777777778,0.9473684210526315,4,0,2
2021,1,5,18,19,0.2777777777777778,0.9473684210526315,4,1,2
2027,20,5,18,18,0.2777777777777778,1.0,4,0,3
150,22,5,17,18,0.29411764705882354,0.9444444444444444,4,0,2
559,23,5,17,18,0.29411764705882354,0.9444444444444444,4,0,2
742,5,5,17,20,0.29411764705882354,0.85,4,0,2
937,22,5,17,18,0.29411764705882354,0.9444444444444444,4,0,2
1026,25,5,17,21,0.29411764705882354,0.8095238095238095,4,0,2
1207,30,5,17,19,0.29411764705882354,0.8947368421052632,4,0,2
1404,15,5,17,18,0.29411764705882354,0.9444444444444444,4,1,2
1475,12,5,17,20,0.29411764705882354,0.85,4,0,2
1577,20,5,17,18,0.29411764705882354,0.9444444444444444,4,1,2
1660,3,5,17,18,0.29411764705882354,0.9444444444444444,4,0,3
1790,8,5,17,18,0.29411764705882354,0.9444444444444444,4,1,2
1826,1,5,17,17,0.29411764705882354,1.0,4,0,3
1862,25,5,17,17,0.29411764705882354,1.0,4,1,2
1914,0,5,17,18,0.29411764705882354,0.9444444444444444,4,0,2
1979,27,5,17,17,0.29411764705882354,1.0,4,0,3
93,2,5,16,21,0.3125,0.7619047619047619,4,0,2
98,15,5,16,19,0.3125,0.8421052631578947,4,0,3
130,22,5,16,21,0.3125,0.7619047619047619,4,0,2
842,30,5,16,18,0.3125,0.8888888888888888,4,0,4
903,22,5,16,17,0.3125,0.9411764705882353,4,1,2
1068,14,5,16,16,0.3125,1.0,4,0,2
1070,13,5,16,22,0.3125,0.7272727272727273,4,0,2
1341,13,5,16,28,0.3125,0.5714285714285714,4,0,3
1588,13,5,16,23,0.3125,0.6956521739130435,4,1,2
1698,4,5,16,16,0.3125,1.0,4,1,2
1732,19,5,16,17,0.3125,0.9411764705882353,4,0,2
1755,9,5,16,20,0.3125,0.8,4,0,3
1898,31,5,16,17,0.3125,0.9411764705882353,4,0,3
1942,23,5,16,17,0.3125,0.9411764705882353,4,1,2
187,2,5,15,17,0.3333333333333333,0.8823529411764706,4,0,2
222,27,5,15,18,0.3333333333333333,0.8333333333333334,4,0,2
240,22,5,15,17,0.3333333333333333,0.8823529411764706,4,1,2
1046,17,5,15,21,0.3333333333333333,0.7142857142857143,4,0,3
1134,6,5,15,17,0.3333333333333333,0.8823529411764706,4,0,2
1163,3,5,15,17,0.3333333333333333,0.8823529411764706,4,1,2
1444,14,5,14,17,0.35714285714285715,0.8235294117647058,4,0,3
1693,0,5,14,17,0.35714285714285715,0.8235294117647058,4,0,3
2013,22,5,14,16,0.35714285714285715,0.875,4,1,2
1522,7,5,13,17,0.38461538461538464,0.7647058823529411,4,0,3
1481,30,6,23,24,0.2608695652173913,0.9583333333333334,4,1,3
473,1,6,22,23,0.2727272727272727,0.9565217391304348,4,0,3
547,23,6,22,22,0.2727272727272727,1.0,4,1,3
606,4,6,22,24,0.2727272727272727,0.9166666666666666,4,0,4
1272,31,6,22,23,0.2727272727272727,0.9565217391304348,4,0,4
1489,6,6,22,22,0.2727272727272727,1.0,4,0,3
1556,1,6,22,22,0.2727272727272727,1.0,4,1,2
1731,9,6,22,24,0.2727272727272727,0.9166666666666666,4,0,2
47,16,6,21,21,0.2857142857142857,1.0,4,0,2
124,26,6,21,23,0.2857142857142857,0.9130434782608695,4,0,3
163,16,6,21,22,0.2857142857142857,0.9545454545454546,4,0,3
171,11,6,21,22,0.2857142857142857,0.9545454545454546,4,1,3
282,27,6,21,23,0.2857142857142857,0.9130434782608695,4,0,3
388,30,6,21,21,0.2857142857142857,1.0,4,0,3
391,13,6,21,27,0.2857142857142857,0.7777777777777778,4,1,2
508,12,6,21,23,0.2857142857142857,0.9130434782608695,4,1,2
595,7,6,21,22,0.2857142857142857,0.9545454545454546,4,1,2
783,17,6,21,21,0.2857142857142857,1.0,4,0,4
844,20,6,21,21,0.2857142857142857,1.0,4,0,3
890,24,6,21,22,0.2857142857142857,0.9545454545454546,4,1,3
909,22,6,21,21,0.2857142857142857,1.0,4,1,2
1097,17,6,21,21,0.2857142857142857,1.0,4,1,2
1181,29,6,21,25,0.2857142857142857,0.84,4,1,3
1187,29,6,21,21,0.2857142857142857,1.0,4,0,3
1258,18,6,21,22,0.2857142857142857,0.9545454545454546,4,1,3
1380,14,6,21,22,0.2857142857142857,0.9545454545454546,4,0,2
1388,23,6,21,21,0.2857142857142857,1.0,4,1,2
1548,13,6,21,22,0.2857142857142857,0.9545454545454546,4,1,3
1568,30,6,21,22,0.2857142857142857,0.9545454545454546,4,1,2
1911,7,6,21,21,0.2857142857142857,1.0,4,1,2
1936,21,6,21,22,0.2857142857142857,0.9545454545454546,4,0,2
1967,0,6,21,21,0.2857142857142857,1.0,4,0,3
2005,6,6,21,22,0.2857142857142857,0.9545454545454546,4,0,2
5,29,6,20,22,0.3,0.9090909090909091,4,0,2
102,29,6,20,24,0.3,0.8333333333333334,4,1,2
122,18,6,20,21,0.3,0.9523809523809523,4,1,3
161,9,6,20,23,0.3,0.8695652173913043,4,0,3
221,20,6,20,21,0.3,0.9523809523809523,4,1,2
297,27,6,20,22,0.3,0.9090909090909091,4,0,3
375,26,6,20,21,0.3,0.9523809523809523,4,0,3
387,26,6,20,21,0.3,0.9523809523809523,4,1,3
399,16,6,20,23,0.3,0.8695652173913043,4,1,2
421,23,6,20,22,0.3,0.9090909090909091,4,1,3
443,21,6,20,20,0.3,1.0,4,1,2
537,31,6,20,20,0.3,1.0,4,1,3
610,27,6,20,21,0.3,0.9523809523809523,4,0,3
691,25,6,20,22,0.3,0.9090909090909091,4,0,3
698,15,6,20,21,0.3,0.9523809523809523,4,1,2
710,3,6,20,20,0.3,1.0,4,0,4
735,13,6,20,22,0.3,0.9090909090909091,4,0,4
738,1,6,20,21,0.3,0.9523809523809523,4,1,2
768,17,6,20,20,0.3,1.0,4,1,3
816,16,6,20,20,0.3,1.0,4,1,2
866,7,6,20,20,0.3,1.0,4,1,2
882,18,6,20,20,0.3,1.0,4,1,2
913,11,6,20,23,0.3,0.8695652173913043,4,1,2
929,7,6,20,22,0.3,0.9090909090909091,4,1,3
936,8,6,20,21,0.3,0.9523809523809523,4,0,3
974,5,6,20,20,0.3,1.0,4,0,3
1047,22,6,20,20,0.3,1.0,4,0,4
1186,30,6,20,20,0.3,1.0,4,0,3
1195,30,6,20,21,0.3,0.9523809523809523,4,1,3
1216,31,6,20,25,0.3,0.8,4,0,3
1270,30,6,20,20,0.3,1.0,4,0,3
1366,18,6,20,22,0.3,0.9090909090909091,4,1,2
1368,18,6,20,21,0.3,0.9523809523809523,4,1,2
1451,20,6,20,22,0.3,0.9090909090909091,4,1,2
1463,4,6,20,21,0.3,0.9523809523809523,4,1,2
1498,4,6,20,20,0.3,1.0,4,0,3
1595,1,6,20,20,0.3,1.0,4,0,3
1603,14,6,20,21,0.3,0.9523809523809523,4,1,3
1604,31,6,20,22,0.3,0.9090909090909091,4,0,3
1649,0,6,20,20,0.3,1.0,4,0,3
1674,25,6,20,20,0.3,1.0,4,0,3
1708,25,6,20,20,0.3,1.0,4,1,2
1799,11,6,20,21,0.3,0.9523809523809523,4,1,2
1833,11,6,20,27,0.3,0.7407407407407407,4,0,3
1857,31,6,20,22,0.3,0.9090909090909091,4,1,2
1943,18,6,20,22,0.3,0.9090909090909091,4,1,2
1949,20,6,20,20,0.3,1.0,4,0,3
1997,30,6,20,21,0.3,0.9523809523809523,4,1,3
22,25,6,19,20,0.3157894736842105,0.95,4,1,2
71,0,6,19,20,0.3157894736842105,0.95,4,1,2
131,18,6,19,19,0.3157894736842105,1.0,4,0,2
288,29,6,19,19,0.3157894736842105,1.0,4,0,3
325,29,6,19,19,0.3157894736842105,1.0,4,0,2
383,23,6,19,20,0.3157894736842105,0.95,4,0,3
448,26,6,19,19,0.3157894736842105,1.0,4,1,2
459,30,6,19,19,0.3157894736842105,1.0,4,1,2
543,8,6,19,19,0.3157894736842105,1.0,4,0,3
544,26,6,19,20,0.3157894736842105,0.95,4,1,3
579,5,6,19,20,0.3157894736842105,0.95,4,0,2
593,0,6,19,19,0.3157894736842105,1.0,4,0,3
620,12,6,19,23,0.3157894736842105,0.8260869565217391,4,0,4
762,31,6,19,24,0.3157894736842105,0.7916666666666666,4,0,3
854,18,6,19,19,0.3157894736842105,1.0,4,1,3
887,4,6,19,22,0.3157894736842105,0.8636363636363636,4,0,3
1024,30,6,19,20,0.3157894736842105,0.95,4,1,3
1043,17,6,19,23,0.3157894736842105,0.8260869565217391,4,0,2
1079,4,6,19,19,0.3157894736842105,1.0,4,0,4
1099,12,6,19,20,0.3157894736842105,0.95,4,1,2
1234,18,6,19,22,0.3157894736842105,0.8636363636363636,4,1,2
1245,4,6,19,20,0.3157894736842105,0.95,4,1,2
1281,23,6,19,19,0.3157894736842105,1.0,4,0,3
1299,25,6,19,20,0.3157894736842105,0.95,4,1,2
1300,25,6,19,21,0.3157894736842105,0.9047619047619048,4,0,3
1305,21,6,19,22,0.3157894736842105,0.8636363636363636,4,1,3
1353,8,6,19,19,0.3157894736842105,1.0,4,1,3
1439,22,6,19,19,0.3157894736842105,1.0,4,1,2
1531,4,6,19,21,0.3157894736842105,0.9047619047619048,4,1,2
1594,26,6,19,20,0.3157894736842105,0.95,4,0,3
1681,28,6,19,20,0.3157894736842105,0.95,4,1,3
1720,18,6,19,20,0.3157894736842105,0.95,4,1,2
1730,17,6,19,19,0.3157894736842105,1.0,4,0,3
1832,11,6,19,20,0.3157894736842105,0.95,4,0,3
1860,29,6,19,20,0.3157894736842105,0.95,4,1,2
1904,1,6,19,20,0.3157894736842105,0.95,4,0,3
1929,20,6,19,19,0.3157894736842105,1.0,4,1,2
1957,24,6,19,20,0.3157894736842105,0.95,4,1,2
2009,10,6,19,20,0.3157894736842105,0.95,4,1,2
2036,28,6,19,19,0.3157894736842105,1.0,4,1,2
2045,31,6,19,20,0.3157894736842105,0.95,4,0,3
115,2,6,18,22,0.3333333333333333,0.8181818181818182,4,0,3
241,23,6,18,19,0.3333333333333333,0.9473684210526315,4,1,2
349,8,6,18,18,0.3333333333333333,1.0,4,1,2
373,23,6,18,20,0.3333333333333333,0.9,4,1,2
446,29,6,18,20,0.3333333333333333,0.9,4,0,2
480,21,6,18,21,0.3333333333333333,0.8571428571428571,4,1,3
523,14,6,18,18,0.3333333333333333,1.0,4,0,3
621,14,6,18,18,0.3333333333333333,1.0,4,0,3
626,10,6,18,19,0.3333333333333333,0.9473684210526315,4,1,2
779,5,6,18,22,0.3333333333333333,0.8181818181818182,4,0,3
812,13,6,18,22,0.3333333333333333,0.8181818181818182,4,0,3
875,24,6,18,20,0.3333333333333333,0.9,4,0,2
888,11,6,18,19,0.3333333333333333,0.9473684210526315,4,1,2
916,14,6,18,20,0.3333333333333333,0.9,4,0,3
959,27,6,18,19,0.3333333333333333,0.9473684210526315,4,0,3
971,0,6,18,19,0.3333333333333333,0.9473684210526315,4,1,2
986,28,6,18,19,0.3333333333333333,0.9473684210526315,4,0,3
1004,20,6,18,19,0.3333333333333333,0.9473684210526315,4,0,3
1072,21,6,18,18,0.3333333333333333,1.0,4,1,3
1233,6,6,18,18,0.3333333333333333,1.0,4,1,3
1262,10,6,18,18,0.3333333333333333,1.0,4,0,3
1457,22,6,18,20,0.3333333333333333,0.9,4,0,2
1497,19,6,18,19,0.3333333333333333,0.9473684210526315,4,0,3
1643,20,6,18,18,0.3333333333333333,1.0,4,1,2
1687,13,6,18,20,0.3333333333333333,0.9,4,1,3
1715,4,6,18,19,0.3333333333333333,0.9473684210526315,4,0,3
1854,11,6,18,18,0.3333333333333333,1.0,4,1,2
1872,27,6,18,19,0.3333333333333333,0.9473684210526315,4,1,2
1924,27,6,18,18,0.3333333333333333,1.0,4,1,2
34,31,6,17,18,0.35294117647058826,0.9444444444444444,4,0,3
49,11,6,17,18,0.35294117647058826,0.9444444444444444,4,1,3
84,27,6,17,23,0.35294117647058826,0.7391304347826086,4,0,2
91,1,6,17,19,0.35294117647058826,0.8947368421052632,4,1,3
155,2,6,17,19,0.35294117647058826,0.8947368421052632,4,0,3
170,10,6,17,19,0.35294117647058826,0.8947368421052632,4,0,4
225,29,6,17,17,0.35294117647058826,1.0,4,0,3
233,24,6,17,20,0.35294117647058826,0.85,4,1,3
344,2,6,17,18,0.35294117647058826,0.9444444444444444,4,0,4
384,14,6,17,17,0.35294117647058826,1.0,4,0,3
413,17,6,17,19,0.35294117647058826,0.8947368421052632,4,1,2
449,7,6,17,18,0.35294117647058826,0.9444444444444444,4,0,3
461,2,6,17,17,0.35294117647058826,1.0,4,0,3
650,30,6,17,19,0.35294117647058826,0.8947368421052632,4,0,2
667,16,6,17,17,0.35294117647058826,1.0,4,0,2
715,2,6,17,18,0.35294117647058826,0.9444444444444444,4,1,2
1023,2,6,17,19,0.35294117647058826,0.8947368421052632,4,0,3
1064,4,6,17,17,0.35294117647058826,1.0,4,0,4
1116,9,6,17,18,0.35294117647058826,0.9444444444444444,4,1,3
1135,15,6,17,18,0.35294117647058826,0.9444444444444444,4,1,2
1171,5,6,17,19,0.35294117647058826,0.8947368421052632,4,0,3
1208,10,6,17,18,0.35294117647058826,0.9444444444444444,4,1,3
1443,6,6,17,18,0.35294117647058826,0.9444444444444444,4,0,3
1554,13,6,17,20,0.35294117647058826,0.85,4,0,4
1565,1,6,17,20,0.35294117647058826,0.85,4,0,2
1631,21,6,17,17,0.35294117647058826,1.0,4,0,3
1846,2,6,17,17,0.35294117647058826,1.0,4,1,2
1887,24,6,17,18,0.35294117647058826,0.9444444444444444,4,0,3
1970,20,6,17,18,0.35294117647058826,0.9444444444444444,4,1,2
1995,13,6,17,23,0.35294117647058826,0.7391304347826086,4,1,2
6,13,6,16,21,0.375,0.7619047619047619,4,1,3
68,7,6,16,17,0.375,0.9411764705882353,4,1,2
217,17,6,16,18,0.375,0.8888888888888888,4,1,2
361,22,6,16,17,0.375,0.9411764705882353,4,0,3
429,8,6,16,18,0.375,0.8888888888888888,4,0,3
486,4,6,16,18,0.375,0.8888888888888888,4,0,3
744,18,6,16,18,0.375,0.8888888888888888,4,0,3
826,21,6,16,17,0.375,0.9411764705882353,4,0,4
994,27,6,16,16,0.375,1.0,4,1,2
1057,7,6,16,16,0.375,1.0,4,0,2
1153,11,6,16,18,0.375,0.8888888888888888,4,1,2
1166,28,6,16,17,0.375,0.9411764705882353,4,1,3
1286,2,6,16,21,0.375,0.7619047619047619,4,0,2
1324,15,6,16,18,0.375,0.8888888888888888,4,0,3
1379,21,6,16,19,0.375,0.8421052631578947,4,1,2
1564,9,6,16,17,0.375,0.9411764705882353,4,0,3
1619,0,6,16,16,0.375,1.0,4,1,3
1744,17,6,16,18,0.375,0.8888888888888888,4,0,2
1768,2,6,16,21,0.375,0.7619047619047619,4,0,2
1841,22,6,16,18,0.375,0.8888888888888888,4,0,3
2028,10,6,16,19,0.375,0.8421052631578947,4,0,2
50,31,6,15,16,0.4,0.9375,4,0,3
139,10,6,15,17,0.4,0.8823529411764706,4,0,3
160,19,6,15,18,0.4,0.8333333333333334,4,1,2
328,15,6,15,17,0.4,0.8823529411764706,4,1,3
518,19,6,15,19,0.4,0.7894736842105263,4,1,2
876,5,6,15,18,0.4,0.8333333333333334,4,1,2
1478,2,6,15,17,0.4,0.8823529411764706,4,1,3
1583,19,6,15,17,0.4,0.8823529411764706,4,0,2
1729,2,6,15,16,0.4,0.9375,4,0,2
1888,15,6,15,16,0.4,0.9375,4,1,2
1963,24,6,15,17,0.4,0.8823529411764706,4,0,3
2046,19,6,15,17,0.4,0.8823529411764706,4,1,2
922,14,6,14,16,0.42857142857142855,0.875,4,1,2
1400,12,6,14,18,0.42857142857142855,0.7777777777777778,4,0,3
1567,2,6,14,17,0.42857142857142855,0.8235294117647058,4,0,3
1739,17,6,14,17,0.42857142857142855,0.8235294117647058,4,1,2
1834,15,6,14,17,0.42857142857142855,0.8235294117647058,4,1,2
790,15,6,13,16,0.46153846153846156,0.8125,4,0,2
70,3,7,23,26,0.30434782608695654,0.8846153846153846,4,0,3
355,4,7,23,24,0.30434782608695654,0.9583333333333334,4,1,4
378,17,7,23,24,0.30434782608695654,0.9583333333333334,4,0,3
724,10,7,23,23,0.30434782608695654,1.0,4,1,2
746,4,7,23,23,0.30434782608695654,1.0,4,1,3
820,21,7,23,25,0.30434782608695654,0.92,4,1,3
1082,10,7,23,24,0.30434782608695654,0.9583333333333334,4,1,3
1142,11,7,23,23,0.30434782608695654,1.0,4,1,4
1223,30,7,23,25,0.30434782608695654,0.92,4,1,3
1912,15,7,23,23,0.30434782608695654,1.0,4,0,3
58,23,7,22,24,0.3181818181818182,0.9166666666666666,4,0,5
600,5,7,22,23,0.3181818181818182,0.9565217391304348,4,1,2
629,3,7,22,22,0.3181818181818182,1.0,4,0,3
706,14,7,22,22,0.3181818181818182,1.0,4,0,3
806,10,7,22,24,0.3181818181818182,0.9166666666666666,4,0,4
817,15,7,22,24,0.3181818181818182,0.9166666666666666,4,0,3
1032,25,7,22,23,0.3181818181818182,0.9565217391304348,4,1,2
1266,1,7,22,22,0.3181818181818182,1.0,4,1,3
1361,8,7,22,22,0.3181818181818182,1.0,4,1,3
1376,5,7,22,23,0.3181818181818182,0.9565217391304348,4,0,3
1445,8,7,22,23,0.3181818181818182,0.9565217391304348,4,1,3
1538,19,7,22,23,0.3181818181818182,0.9565217391304348,4,1,2
1551,9,7,22,23,0.3181818181818182,0.9565217391304348,4,0,3
1812,15,7,22,22,0.3181818181818182,1.0,4,1,3
1987,2,7,22,23,0.3181818181818182,0.9565217391304348,4,1,3
137,11,7,21,24,0.3333333333333333,0.875,4,0,3
369,17,7,21,21,0.3333333333333333,1.0,4,1,3
374,25,7,21,21,0.3333333333333333,1.0,4,1,3
699,25,7,21,23,0.3333333333333333,0.9130434782608695,4,1,2
830,31,7,21,22,0.3333333333333333,0.9545454545454546,4,0,3
920,30,7,21,21,0.3333333333333333,1.0,4,1,2
1006,9,7,21,22,0.3333333333333333,0.9545454545454546,4,1,3
1080,16,7,21,23,0.3333333333333333,0.9130434782608695,4,0,3
1089,14,7,21,21,0.3333333333333333,1.0,4,0,3
1201,7,7,21,22,0.3333333333333333,0.9545454545454546,4,0,3
1259,30,7,21,21,0.3333333333333333,1.0,4,1,2
1285,23,7,21,22,0.3333333333333333,0.9545454545454546,4,1,3
1323,16,7,21,22,0.3333333333333333,0.9545454545454546,4,1,3
1409,17,7,21,23,0.3333333333333333,0.9130434782608695,4,0,4
1482,12,7,21,23,0.3333333333333333,0.9130434782608695,4,1,4
1580,16,7,21,21,0.3333333333333333,1.0,4,1,2
1589,8,7,21,21,0.3333333333333333,1.0,4,1,2
1639,26,7,21,22,0.3333333333333333,0.9545454545454546,4,1,2
1652,20,7,21,21,0.3333333333333333,1.0,4,1,3
1676,9,7,21,22,0.3333333333333333,0.9545454545454546,4,1,2
1773,31,7,21,23,0.3333333333333333,0.9130434782608695,4,1,3
1850,6,7,21,22,0.3333333333333333,0.9545454545454546,4,1,2
2002,23,7,21,21,0.3333333333333333,1.0,4,0,4
16,8,7,20,20,0.35,1.0,4,1,3
59,17,7,20,21,0.35,0.9523809523809523,4,1,3
62,1,7,20,20,0.35,1.0,4,1,3
66,29,7,20,21,0.35,0.9523809523809523,4,1,3
73,27,7,20,21,0.35,0.9523809523809523,4,0,3
107,10,7,20,23,0.35,0.8695652173913043,4,1,3
114,31,7,20,22,0.35,0.9090909090909091,4,1,2
125,10,7,20,25,0.35,0.8,4,1,3
204,25,7,20,24,0.35,0.8333333333333334,4,0,3
300,5,7,20,20,0.35,1.0,4,0,5
358,19,7,20,21,0.35,0.9523809523809523,4,0,3
359,4,7,20,22,0.35,0.9090909090909091,4,0,3
397,6,7,20,22,0.35,0.9090909090909091,4,1,3
406,25,7,20,20,0.35,1.0,4,1,3
415,3,7,20,21,0.35,0.9523809523809523,4,0,3
548,20,7,20,20,0.35,1.0,4,1,3
602,26,7,20,21,0.35,0.9523809523809523,4,1,3
637,22,7,20,21,0.35,0.9523809523809523,4,1,3
642,12,7,20,25,0.35,0.8,4,1,4
647,6,7,20,22,0.35,0.9090909090909091,4,1,3
697,6,7,20,20,0.35,1.0,4,1,3
804,8,7,20,20,0.35,1.0,4,1,2
857,11,7,20,21,0.35,0.9523809523809523,4,1,4
902,22,7,20,20,0.35,1.0,4,1,3
966,7,7,20,20,0.35,1.0,4,1,3
985,18,7,20,20,0.35,1.0,4,1,2
1021,28,7,20,20,0.35,1.0,4,1,4
1049,14,7,20,22,0.35,0.9090909090909091,4,1,2
1053,20,7,20,20,0.35,1.0,4,0,3
1066,27,7,20,20,0.35,1.0,4,0,3
1086,1,7,20,20,0.35,1.0,4,0,4
1090,3,7,20,21,0.35,0.9523809523809523,4,0,4
1143,3,7,20,21,0.35,0.9523809523809523,4,1,3
1161,6,7,20,22,0.35,0.9090909090909091,4,1,3
1165,6,7,20,21,0.35,0.9523809523809523,4,0,3
1174,14,7,20,20,0.35,1.0,4,1,3
1198,17,7,20,20,0.35,1.0,4,0,3
1206,13,7,20,21,0.35,0.9523809523809523,4,1,3
1298,6,7,20,21,0.35,0.9523809523809523,4,0,3
1315,24,7,20,20,0.35,1.0,4,1,3
1344,26,7,20,20,0.35,1.0,4,1,3
1434,14,7,20,21,0.35,0.9523809523809523,4,1,3
1440,3,7,20,20,0.35,1.0,4,1,2
1441,6,7,20,22,0.35,0.9090909090909091,4,1,3
1447,9,7,20,21,0.35,0.9523809523809523,4,1,2
1490,23,7,20,21,0.35,0.9523809523809523,4,1,4
1579,5,7,20,21,0.35,0.9523809523809523,4,1,3
1633,6,7,20,20,0.35,1.0,4,1,2
1651,7,7,20,20,0.35,1.0,4,1,3
1789,9,7,20,20,0.35,1.0,4,1,2
1794,24,7,20,21,0.35,0.9523809523809523,4,1,4
1807,23,7,20,20,0.35,1.0,4,1,3
1819,25,7,20,22,0.35,0.9090909090909091,4,1,2
1825,5,7,20,21,0.35,0.9523809523809523,4,1,3
1859,29,7,20,20,0.35,1.0,4,1,2
1915,3,7,20,21,0.35,0.9523809523809523,4,1,3
1918,3,7,20,22,0.35,0.9090909090909091,4,1,3
2007,31,7,20,20,0.35,1.0,4,1,3
2016,21,7,20,22,0.35,0.9090909090909091,4,1,3
2033,10,7,20,20,0.35,1.0,4,1,3
21,15,7,19,19,0.3684210526315789,1.0,4,1,3
56,15,7,19,19,0.3684210526315789,1.0,4,1,2
95,16,7,19,20,0.3684210526315789,0.95,4,0,4
96,0,7,19,20,0.3684210526315789,0.95,4,0,4
100,12,7,19,24,0.3684210526315789,0.7916666666666666,4,0,3
158,27,7,19,22,0.3684210526315789,0.8636363636363636,4,1,3
191,26,7,19,20,0.3684210526315789,0.95,4,1,2
192,1,7,19,19,0.3684210526315789,1.0,4,1,2
219,9,7,19,22,0.3684210526315789,0.8636363636363636,4,1,2
267,13,7,19,19,0.3684210526315789,1.0,4,1,2
313,5,7,19,19,0.3684210526315789,1.0,4,1,2
335,21,7,19,19,0.3684210526315789,1.0,4,1,3
368,11,7,19,19,0.3684210526315789,1.0,4,1,3
464,20,7,19,19,0.3684210526315789,1.0,4,0,5
483,20,7,19,19,0.3684210526315789,1.0,4,1,2
494,29,7,19,21,0.3684210526315789,0.9047619047619048,4,1,3
504,17,7,19,19,0.3684210526315789,1.0,4,1,3
513,13,7,19,22,0.3684210526315789,0.8636363636363636,4,1,3
524,30,7,19,20,0.3684210526315789,0.95,4,1,2
528,6,7,19,19,0.3684210526315789,1.0,4,1,3
545,2,7,19,21,0.3684210526315789,0.9047619047619048,4,1,2
546,26,7,19,19,0.3684210526315789,1.0,4,1,3
551,0,7,19,19,0.3684210526315789,1.0,4,0,3
575,24,7,19,20,0.3684210526315789,0.95,4,1,3
585,13,7,19,19,0.3684210526315789,1.0,4,0,4
601,1,7,19,19,0.3684210526315789,1.0,4,1,3
632,3,7,19,19,0.3684210526315789,1.0,4,1,2
652,9,7,19,19,0.3684210526315789,1.0,4,1,2
663,25,7,19,19,0.3684210526315789,1.0,4,0,3
671,13,7,19,21,0.3684210526315789,0.9047619047619048,4,1,3
674,8,7,19,20,0.3684210526315789,0.95,4,1,2
682,4,7,19,19,0.3684210526315789,1.0,4,1,3
741,4,7,19,19,0.3684210526315789,1.0,4,0,4
743,16,7,19,20,0.3684210526315789,0.95,4,0,3
769,25,7,19,20,0.3684210526315789,0.95,4,1,3
787,17,7,19,19,0.3684210526315789,1.0,4,1,2
788,9,7,19,22,0.3684210526315789,0.8636363636363636,4,1,2
792,21,7,19,20,0.3684210526315789,0.95,4,1,3
800,20,7,19,20,0.3684210526315789,0.95,4,0,4
801,20,7,19,21,0.3684210526315789,0.9047619047619048,4,0,5
843,9,7,19,19,0.3684210526315789,1.0,4,1,2
849,12,7,19,23,0.3684210526315789,0.8260869565217391,4,1,3
872,5,7,19,19,0.3684210526315789,1.0,4,1,3
906,18,7,19,19,0.3684210526315789,1.0,4,1,3
990,18,7,19,20,0.3684210526315789,0.95,4,0,4
1022,8,7,19,19,0.3684210526315789,1.0,4,1,3
1108,10,7,19,20,0.3684210526315789,0.95,4,1,3
1118,22,7,19,19,0.3684210526315789,1.0,4,0,3
1144,5,7,19,20,0.3684210526315789,0.95,4,1,3
1157,29,7,19,20,0.3684210526315789,0.95,4,0,4
1228,29,7,19,22,0.3684210526315789,0.8636363636363636,4,0,3
1255,8,7,19,20,0.3684210526315789,0.95,4,1,2
1256,28,7,19,19,0.3684210526315789,1.0,4,1,3
1320,31,7,19,20,0.3684210526315789,0.95,4,0,3
1329,7,7,19,20,0.3684210526315789,0.95,4,1,2
1335,13,7,19,23,0.3684210526315789,0.8260869565217391,4,1,3
1348,8,7,19,20,0.3684210526315789,0.95,4,1,2
1381,23,7,19,19,0.3684210526315789,1.0,4,1,3
1401,15,7,19,19,0.3684210526315789,1.0,4,1,3
1402,8,7,19,19,0.3684210526315789,1.0,4,0,3
1424,25,7,19,22,0.3684210526315789,0.8636363636363636,4,0,3
1453,24,7,19,20,0.3684210526315789,0.95,4,1,3
1470,11,7,19,19,0.3684210526315789,1.0,4,1,3
1506,0,7,19,21,0.3684210526315789,0.9047619047619048,4,1,2
1534,15,7,19,19,0.3684210526315789,1.0,4,1,3
1552,21,7,19,19,0.3684210526315789,1.0,4,0,4
1601,6,7,19,23,0.3684210526315789,0.8260869565217391,4,1,4
1666,22,7,19,21,0.3684210526315789,0.9047619047619048,4,0,3
1679,20,7,19,20,0.3684210526315789,0.95,4,0,4
1707,19,7,19,21,0.3684210526315789,0.9047619047619048,4,0,3
1713,14,7,19,20,0.3684210526315789,0.95,4,0,4
1752,30,7,19,20,0.3684210526315789,0.95,4,1,3
1758,30,7,19,19,0.3684210526315789,1.0,4,1,3
1764,25,7,19,20,0.3684210526315789,0.95,4,1,2
1775,7,7,19,20,0.3684210526315789,0.95,4,1,3
1796,13,7,19,22,0.3684210526315789,0.8636363636363636,4,1,2
1817,13,7,19,22,0.3684210526315789,0.8636363636363636,4,1,2
1878,7,7,19,21,0.3684210526315789,0.9047619047619048,4,1,3
1923,24,7,19,19,0.3684210526315789,1.0,4,1,2
1971,23,7,19,20,0.3684210526315789,0.95,4,1,3
44,22,7,18,19,0.3888888888888889,0.9473684210526315,4,0,3
51,9,7,18,19,0.3888888888888889,0.9473684210526315,4,1,2
212,4,7,18,19,0.3888888888888889,0.9473684210526315,4,1,3
366,26,7,18,19,0.3888888888888889,0.9473684210526315,4,1,3
381,30,7,18,18,0.3888888888888889,1.0,4,0,3
402,22,7,18,20,0.3888888888888889,0.9,4,0,3
463,3,7,18,19,0.3888888888888889,0.9473684210526315,4,0,3
503,18,7,18,18,0.3888888888888889,1.0,4,0,3
510,5,7,18,21,0.3888888888888889,0.8571428571428571,4,1,3
577,21,7,18,19,0.3888888888888889,0.9473684210526315,4,1,2
586,27,7,18,19,0.3888888888888889,0.9473684210526315,4,1,2
641,24,7,18,20,0.3888888888888889,0.9,4,0,4
695,4,7,18,18,0.3888888888888889,1.0,4,1,3
736,29,7,18,19,0.3888888888888889,0.9473684210526315,4,1,3
760,31,7,18,18,0.3888888888888889,1.0,4,0,4
763,27,7,18,18,0.3888888888888889,1.0,4,0,3
862,21,7,18,20,0.3888888888888889,0.9,4,1,3
879,12,7,18,19,0.3888888888888889,0.9473684210526315,4,0,5
930,6,7,18,20,0.3888888888888889,0.9,4,0,3
931,15,7,18,18,0.3888888888888889,1.0,4,0,3
946,11,7,18,21,0.3888888888888889,0.8571428571428571,4,1,3
951,4,7,18,19,0.3888888888888889,0.9473684210526315,4,1,4
975,24,7,18,18,0.3888888888888889,1.0,4,0,3
984,21,7,18,19,0.3888888888888889,0.9473684210526315,4,0,3
1052,17,7,18,23,0.3888888888888889,0.782608695652174,4,1,3
1069,26,7,18,20,0.3888888888888889,0.9,4,0,4
1203,15,7,18,20,0.3888888888888889,0.9,4,0,4
1211,12,7,18,22,0.3888888888888889,0.8181818181818182,4,1,3
1226,23,7,18,19,0.3888888888888889,0.9473684210526315,4,1,2
1248,3,7,18,18,0.3888888888888889,1.0,4,1,3
1274,11,7,18,22,0.3888888888888889,0.8181818181818182,4,1,3
1322,0,7,18,21,0.3888888888888889,0.8571428571428571,4,1,2
1339,11,7,18,23,0.3888888888888889,0.782608695652174,4,1,2
1355,31,7,18,21,0.3888888888888889,0.8571428571428571,4,0,3
1394,25,7,18,18,0.3888888888888889,1.0,4,1,3
1414,1,7,18,19,0.3888888888888889,0.9473684210526315,4,0,4
1461,15,7,18,19,0.3888888888888889,0.9473684210526315,4,0,4
1469,16,7,18,19,0.3888888888888889,0.9473684210526315,4,1,2
1471,22,7,18,19,0.3888888888888889,0.9473684210526315,4,1,3
1524,1,7,18,18,0.3888888888888889,1.0,4,1,2
1526,28,7,18,19,0.3888888888888889,0.9473684210526315,4,0,4
1592,27,7,18,20,0.3888888888888889,0.9,4,1,3
1608,18,7,18,18,0.3888888888888889,1.0,4,1,3
1667,28,7,18,19,0.3888888888888889,0.9473684210526315,4,0,4
1686,29,7,18,21,0.3888888888888889,0.8571428571428571,4,1,3
1719,13,7,18,24,0.3888888888888889,0.75,4,1,3
1746,14,7,18,19,0.3888888888888889,0.9473684210526315,4,0,3
1792,15,7,18,18,0.3888888888888889,1.0,4,1,3
1871,27,7,18,18,0.3888888888888889,1.0,4,0,4
1920,28,7,18,18,0.3888888888888889,1.0,4,1,3
1931,27,7,18,19,0.3888888888888889,0.9473684210526315,4,1,3
1945,22,7,18,22,0.3888888888888889,0.8181818181818182,4,1,4
1954,19,7,18,21,0.3888888888888889,0.8571428571428571,4,1,2
1999,24,7,18,18,0.3888888888888889,1.0,4,1,2
113,27,7,17,17,0.4117647058823529,1.0,4,0,3
120,20,7,17,18,0.4117647058823529,0.9444444444444444,4,1,2
126,25,7,17,18,0.4117647058823529,0.9444444444444444,4,0,3
167,5,7,17,18,0.4117647058823529,0.9444444444444444,4,1,2
265,13,7,17,17,0.4117647058823529,1.0,4,1,3
326,28,7,17,18,0.4117647058823529,0.9444444444444444,4,1,3
393,18,7,17,17,0.4117647058823529,1.0,4,1,3
403,22,7,17,18,0.4117647058823529,0.9444444444444444,4,1,3
506,11,7,17,21,0.4117647058823529,0.8095238095238095,4,0,3
564,2,7,17,21,0.4117647058823529,0.8095238095238095,4,0,3
566,30,7,17,18,0.4117647058823529,0.9444444444444444,4,1,2
573,2,7,17,17,0.4117647058823529,1.0,4,1,3
654,16,7,17,17,0.4117647058823529,1.0,4,1,3
688,9,7,17,18,0.4117647058823529,0.9444444444444444,4,1,3
711,0,7,17,20,0.4117647058823529,0.85,4,1,2
716,25,7,17,18,0.4117647058823529,0.9444444444444444,4,1,3
785,27,7,17,19,0.4117647058823529,0.8947368421052632,4,0,3
923,13,7,17,23,0.4117647058823529,0.7391304347826086,4,1,2
1102,22,7,17,17,0.4117647058823529,1.0,4,1,2
1225,4,7,17,17,0.4117647058823529,1.0,4,1,3
1280,12,7,17,20,0.4117647058823529,0.85,4,0,3
1477,13,7,17,19,0.4117647058823529,0.8947368421052632,4,0,4
1515,8,7,17,19,0.4117647058823529,0.8947368421052632,4,1,2
1542,22,7,17,17,0.4117647058823529,1.0,4,0,4
1627,26,7,17,20,0.4117647058823529,0.85,4,1,3
1680,2,7,17,20,0.4117647058823529,0.85,4,0,3
1712,5,7,17,21,0.4117647058823529,0.8095238095238095,4,1,3
1848,29,7,17,18,0.4117647058823529,0.9444444444444444,4,1,3
1884,18,7,17,17,0.4117647058823529,1.0,4,0,4
1956,30,7,17,18,0.4117647058823529,0.9444444444444444,4,1,2
154,21,7,16,17,0.4375,0.9411764705882353,4,1,3
184,19,7,16,18,0.4375,0.8888888888888888,4,1,2
199,0,7,16,17,0.4375,0.9411764705882353,4,1,3
248,18,7,16,17,0.4375,0.9411764705882353,4,1,4
276,9,7,16,16,0.4375,1.0,4,0,3
380,9,7,16,18,0.4375,0.8888888888888888,4,1,3
535,1,7,16,17,0.4375,0.9411764705882353,4,1,2
599,17,7,16,24,0.4375,0.6666666666666666,4,0,4
607,13,7,16,23,0.4375,0.6956521739130435,4,0,4
656,24,7,16,18,0.4375,0.8888888888888888,4,0,4
739,22,7,16,18,0.4375,0.8888888888888888,4,1,3
780,28,7,16,18,0.4375,0.8888888888888888,4,0,3
850,26,7,16,17,0.4375,0.9411764705882353,4,1,2
1040,16,7,16,16,0.4375,1.0,4,1,2
1296,5,7,16,17,0.4375,0.9411764705882353,4,1,3
1408,6,7,16,18,0.4375,0.8888888888888888,4,0,3
1412,28,7,16,17,0.4375,0.9411764705882353,4,0,3
1419,5,7,16,18,0.4375,0.8888888888888888,4,1,3
1483,31,7,16,17,0.4375,0.9411764705882353,4,1,2
1587,20,7,16,17,0.4375,0.9411764705882353,4,1,3
1647,18,7,16,18,0.4375,0.8888888888888888,4,1,2
1650,23,7,16,20,0.4375,0.8,4,0,3
1742,4,7,16,17,0.4375,0.9411764705882353,4,1,3
1762,12,7,16,19,0.4375,0.8421052631578947,4,1,2
1804,2,7,16,18,0.4375,0.8888888888888888,4,0,3
1863,27,7,16,16,0.4375,1.0,4,0,3
416,8,7,15,18,0.4666666666666667,0.8333333333333334,4,1,3
837,9,7,15,16,0.4666666666666667,0.9375,4,1,4
881,2,7,15,17,0.4666666666666667,0.8823529411764706,4,0,3
1058,13,7,15,18,0.4666666666666667,0.8333333333333334,4,1,3
1096,21,7,15,17,0.4666666666666667,0.8823529411764706,4,1,2
1546,2,7,15,17,0.4666666666666667,0.8823529411764706,4,0,3
1586,2,7,15,22,0.4666666666666667,0.6818181818181818,4,1,3
1638,23,7,15,16,0.4666666666666667,0.9375,4,1,3
1765,16,7,15,18,0.4666666666666667,0.8333333333333334,4,1,2
2019,14,7,15,16,0.4666666666666667,0.9375,4,0,3
2025,18,7,15,17,0.4666666666666667,0.8823529411764706,4,1,3
2040,7,7,15,17,0.4666666666666667,0.8823529411764706,4,1,3
2042,22,7,15,17,0.4666666666666667,0.8823529411764706,4,0,4
493,26,7,14,17,0.5,0.8235294117647058,4,0,3
1338,0,7,14,17,0.5,0.8235294117647058,4,0,4
1925,2,7,14,17,0.5,0.8235294117647058,4,1,3
900,19,7,13,16,0.5384615384615384,0.8125,4,1,2
1459,9,7,13,17,0.5384615384615384,0.7647058823529411,4,1,2
119,12,7,11,16,0.6363636363636364,0.6875,4,1,2
863,30,8,24,25,0.3333333333333333,0.96,4,1,3
1880,29,8,24,24,0.3333333333333333,1.0,4,0,3
292,4,8,23,24,0.34782608695652173,0.9583333333333334,4,1,3
1545,4,8,23,23,0.34782608695652173,1.0,4,0,4
1706,16,8,23,23,0.34782608695652173,1.0,4,1,4
1709,30,8,23,23,0.34782608695652173,1.0,4,1,4
1858,15,8,23,23,0.34782608695652173,1.0,4,0,3
1881,1,8,23,23,0.34782608695652173,1.0,4,1,4
15,21,8,22,22,0.36363636363636365,1.0,4,0,3
103,27,8,22,23,0.36363636363636365,0.9565217391304348,4,1,4
194,28,8,22,22,0.36363636363636365,1.0,4,1,4
318,1,8,22,24,0.36363636363636365,0.9166666666666666,4,1,3
438,1,8,22,22,0.36363636363636365,1.0,4,1,3
614,14,8,22,23,0.36363636363636365,0.9565217391304348,4,0,4
707,25,8,22,24,0.36363636363636365,0.9166666666666666,4,1,4
865,4,8,22,22,0.36363636363636365,1.0,4,1,3
893,5,8,22,22,0.36363636363636365,1.0,4,0,4
1011,6,8,22,24,0.36363636363636365,0.9166666666666666,4,0,3
1077,6,8,22,24,0.36363636363636365,0.9166666666666666,4,1,4
1109,0,8,22,22,0.36363636363636365,1.0,4,1,3
1133,11,8,22,23,0.36363636363636365,0.9565217391304348,4,0,4
1156,10,8,22,22,0.36363636363636365,1.0,4,1,4
1199,6,8,22,22,0.36363636363636365,1.0,4,1,3
1210,18,8,22,22,0.36363636363636365,1.0,4,0,3
1427,17,8,22,23,0.36363636363636365,0.9565217391304348,4,1,3
1474,14,8,22,23,0.36363636363636365,0.9565217391304348,4,1,3
1563,10,8,22,26,0.36363636363636365,0.8461538461538461,4,1,3
1677,23,8,22,22,0.36363636363636365,1.0,4,1,3
1760,24,8,22,22,0.36363636363636365,1.0,4,0,3
1803,10,8,22,22,0.36363636363636365,1.0,4,0,4
1958,29,8,22,24,0.36363636363636365,0.9166666666666666,4,1,3
129,6,8,21,22,0.38095238095238093,0.9545454545454546,4,0,4
176,5,8,21,21,0.38095238095238093,1.0,4,0,3
256,17,8,21,23,0.38095238095238093,0.9130434782608695,4,0,3
324,25,8,21,21,0.38095238095238093,1.0,4,1,3
394,5,8,21,22,0.38095238095238093,0.9545454545454546,4,0,4
401,26,8,21,24,0.38095238095238093,0.875,4,1,3
447,6,8,21,21,0.38095238095238093,1.0,4,1,3
484,26,8,21,23,0.38095238095238093,0.9130434782608695,4,0,4
591,24,8,21,22,0.38095238095238093,0.9545454545454546,4,1,3
643,30,8,21,22,0.38095238095238093,0.9545454545454546,4,1,3
729,29,8,21,21,0.38095238095238093,1.0,4,1,3
757,26,8,21,22,0.38095238095238093,0.9545454545454546,4,1,3
767,1,8,21,23,0.38095238095238093,0.9130434782608695,4,1,3
891,16,8,21,21,0.38095238095238093,1.0,4,0,4
917,11,8,21,21,0.38095238095238093,1.0,4,1,3
939,18,8,21,21,0.38095238095238093,1.0,4,1,3
945,23,8,21,21,0.38095238095238093,1.0,4,1,3
1015,29,8,21,21,0.38095238095238093,1.0,4,0,4
1034,7,8,21,21,0.38095238095238093,1.0,4,0,3
1037,0,8,21,22,0.38095238095238093,0.9545454545454546,4,1,3
1083,26,8,21,21,0.38095238095238093,1.0,4,0,5
1101,24,8,21,21,0.38095238095238093,1.0,4,1,3
1113,24,8,21,22,0.38095238095238093,0.9545454545454546,4,1,3
1129,24,8,21,22,0.38095238095238093,0.9545454545454546,4,1,3
1130,28,8,21,21,0.38095238095238093,1.0,4,1,3
1264,18,8,21,23,0.38095238095238093,0.9130434782608695,4,1,3
1442,18,8,21,22,0.38095238095238093,0.9545454545454546,4,1,4
1509,3,8,21,22,0.38095238095238093,0.9545454545454546,4,2,2
1606,7,8,21,22,0.38095238095238093,0.9545454545454546,4,1,3
1787,17,8,21,22,0.38095238095238093,0.9545454545454546,4,1,3
1814,16,8,21,21,0.38095238095238093,1.0,4,1,3
1903,27,8,21,21,0.38095238095238093,1.0,4,1,3
1992,26,8,21,23,0.38095238095238093,0.9130434782608695,4,1,3
2043,6,8,21,21,0.38095238095238093,1.0,4,1,3
8,21,8,20,21,0.4,0.9523809523809523,4,1,3
32,9,8,20,23,0.4,0.8695652173913043,4,0,3
57,8,8,20,20,0.4,1.0,4,1,3
67,1,8,20,20,0.4,1.0,4,1,3
77,21,8,20,21,0.4,0.9523809523809523,4,1,3
87,19,8,20,21,0.4,0.9523809523809523,4,2,2
140,1,8,20,20,0.4,1.0,4,0,3
185,24,8,20,22,0.4,0.9090909090909091,4,1,3
201,24,8,20,23,0.4,0.8695652173913043,4,1,3
259,23,8,20,20,0.4,1.0,4,1,3
263,22,8,20,20,0.4,1.0,4,1,3
279,13,8,20,22,0.4,0.9090909090909091,4,1,3
290,28,8,20,20,0.4,1.0,4,1,3
293,16,8,20,21,0.4,0.9523809523809523,4,1,3
311,4,8,20,20,0.4,1.0,4,1,3
356,3,8,20,21,0.4,0.9523809523809523,4,1,3
400,19,8,20,21,0.4,0.9523809523809523,4,0,3
434,16,8,20,21,0.4,0.9523809523809523,4,2,2
451,28,8,20,21,0.4,0.9523809523809523,4,1,4
477,22,8,20,21,0.4,0.9523809523809523,4,1,3
511,16,8,20,21,0.4,0.9523809523809523,4,1,3
550,21,8,20,21,0.4,0.9523809523809523,4,0,4
576,19,8,20,21,0.4,0.9523809523809523,4,1,3
645,3,8,20,25,0.4,0.8,4,1,3
679,8,8,20,21,0.4,0.9523809523809523,4,1,4
696,23,8,20,21,0.4,0.9523809523809523,4,1,4
702,28,8,20,22,0.4,0.9090909090909091,4,1,3
704,15,8,20,21,0.4,0.9523809523809523,4,1,3
733,4,8,20,20,0.4,1.0,4,1,3
734,26,8,20,21,0.4,0.9523809523809523,4,1,4
755,21,8,20,22,0.4,0.9090909090909091,4,2,2
773,4,8,20,21,0.4,0.9523809523809523,4,1,3
774,1,8,20,22,0.4,0.9090909090909091,4,1,3
809,17,8,20,20,0.4,1.0,4,2,2
819,20,8,20,21,0.4,0.9523809523809523,4,1,3
824,9,8,20,20,0.4,1.0,4,1,3
884,25,8,20,21,0.4,0.9523809523809523,4,1,3
899,20,8,20,20,0.4,1.0,4,1,4
947,30,8,20,20,0.4,1.0,4,1,3
950,28,8,20,22,0.4,0.9090909090909091,4,0,3
996,1,8,20,21,0.4,0.9523809523809523,4,1,4
1048,29,8,20,20,0.4,1.0,4,1,3
1081,23,8,20,22,0.4,0.9090909090909091,4,1,3
1100,7,8,20,20,0.4,1.0,4,1,3
1119,25,8,20,21,0.4,0.9523809523809523,4,2,2
1122,0,8,20,21,0.4,0.9523809523809523,4,1,3
1177,14,8,20,21,0.4,0.9523809523809523,4,0,4
1182,29,8,20,20,0.4,1.0,4,1,3
1244,30,8,20,20,0.4,1.0,4,1,3
1257,9,8,20,21,0.4,0.9523809523809523,4,1,3
1260,4,8,20,20,0.4,1.0,4,1,3
1283,1,8,20,20,0.4,1.0,4,0,3
1307,16,8,20,20,0.4,1.0,4,1,3
1328,28,8,20,20,0.4,1.0,4,1,4
1345,6,8,20,22,0.4,0.9090909090909091,4,2,2
1347,3,8,20,20,0.4,1.0,4,1,3
1360,24,8,20,20,0.4,1.0,4,1,3
1371,25,8,20,21,0.4,0.9523809523809523,4,2,2
1383,28,8,20,21,0.4,0.9523809523809523,4,1,4
1415,5,8,20,20,0.4,1.0,4,1,3
1454,9,8,20,21,0.4,0.9523809523809523,4,1,3
1465,12,8,20,22,0.4,0.9090909090909091,4,1,3
1467,9,8,20,22,0.4,0.9090909090909091,4,1,3
1488,13,8,20,24,0.4,0.8333333333333334,4,1,3
1495,23,8,20,20,0.4,1.0,4,1,3
1510,26,8,20,20,0.4,1.0,4,2,2
1513,26,8,20,24,0.4,0.8333333333333334,4,0,4
1519,19,8,20,20,0.4,1.0,4,1,3
1528,0,8,20,20,0.4,1.0,4,0,3
1536,23,8,20,20,0.4,1.0,4,1,3
1555,1,8,20,21,0.4,0.9523809523809523,4,0,3
1635,16,8,20,20,0.4,1.0,4,1,3
1636,27,8,20,21,0.4,0.9523809523809523,4,1,3
1648,20,8,20,22,0.4,0.9090909090909091,4,2,2
1685,16,8,20,20,0.4,1.0,4,0,4
1701,20,8,20,20,0.4,1.0,4,1,3
1781,30,8,20,20,0.4,1.0,4,2,2
1849,16,8,20,21,0.4,0.9523809523809523,4,1,3
1941,0,8,20,20,0.4,1.0,4,1,3
1972,27,8,20,22,0.4,0.9090909090909091,4,1,5
0,7,8,19,20,0.42105263157894735,0.95,4,1,3
13,26,8,19,20,0.42105263157894735,0.95,4,2,2
80,22,8,19,20,0.42105263157894735,0.95,4,0,4
94,4,8,19,19,0.42105263157894735,1.0,4,1,4
109,13,8,19,22,0.42105263157894735,0.8636363636363636,4,0,4
134,10,8,19,23,0.42105263157894735,0.8260869565217391,4,1,3
157,29,8,19,19,0.42105263157894735,1.0,4,1,3
193,9,8,19,20,0.42105263157894735,0.95,4,1,4
215,27,8,19,22,0.42105263157894735,0.8636363636363636,4,0,4
220,1,8,19,19,0.42105263157894735,1.0,4,1,3
245,20,8,19,20,0.42105263157894735,0.95,4,1,3
251,9,8,19,19,0.42105263157894735,1.0,4,1,3
262,6,8,19,20,0.42105263157894735,0.95,4,1,3
269,1,8,19,19,0.42105263157894735,1.0,4,0,4
280,13,8,19,23,0.42105263157894735,0.8260869565217391,4,1,4
281,26,8,19,20,0.42105263157894735,0.95,4,1,4
284,10,8,19,21,0.42105263157894735,0.9047619047619048,4,0,4
302,1,8,19,21,0.42105263157894735,0.9047619047619048,4,1,4
316,24,8,19,19,0.42105263157894735,1.0,4,0,4
357,25,8,19,21,0.42105263157894735,0.9047619047619048,4,1,3
360,3,8,19,19,0.42105263157894735,1.0,4,2,2
364,25,8,19,20,0.42105263157894735,0.95,4,0,3
365,25,8,19,21,0.42105263157894735,0.9047619047619048,4,1,3
409,24,8,19,20,0.42105263157894735,0.95,4,2,2
417,12,8,19,27,0.42105263157894735,0.7037037037037037,4,1,3
425,5,8,19,20,0.42105263157894735,0.95,4,1,3
465,24,8,19,21,0.42105263157894735,0.9047619047619048,4,0,3
468,31,8,19,21,0.42105263157894735,0.9047619047619048,4,0,3
492,7,8,19,20,0.42105263157894735,0.95,4,1,4
505,25,8,19,19,0.42105263157894735,1.0,4,1,3
531,16,8,19,20,0.42105263157894735,0.95,4,1,3
542,11,8,19,21,0.42105263157894735,0.9047619047619048,4,1,3
553,30,8,19,19,0.42105263157894735,1.0,4,1,3
554,10,8,19,21,0.42105263157894735,0.9047619047619048,4,1,3
574,9,8,19,21,0.42105263157894735,0.9047619047619048,4,1,3
594,10,8,19,20,0.42105263157894735,0.95,4,2,2
612,15,8,19,19,0.42105263157894735,1.0,4,1,4
624,13,8,19,24,0.42105263157894735,0.7916666666666666,4,1,3
630,8,8,19,21,0.42105263157894735,0.9047619047619048,4,1,3
635,24,8,19,21,0.42105263157894735,0.9047619047619048,4,1,3
636,6,8,19,21,0.42105263157894735,0.9047619047619048,4,1,3
648,6,8,19,19,0.42105263157894735,1.0,4,1,3
683,20,8,19,19,0.42105263157894735,1.0,4,1,3
713,3,8,19,19,0.42105263157894735,1.0,4,1,3
745,9,8,19,21,0.42105263157894735,0.9047619047619048,4,1,3
778,5,8,19,20,0.42105263157894735,0.95,4,0,4
853,15,8,19,19,0.42105263157894735,1.0,4,2,2
867,13,8,19,19,0.42105263157894735,1.0,4,2,2
924,16,8,19,19,0.42105263157894735,1.0,4,1,3
977,19,8,19,20,0.42105263157894735,0.95,4,1,3
1000,4,8,19,20,0.42105263157894735,0.95,4,1,3
1033,28,8,19,19,0.42105263157894735,1.0,4,0,3
1060,31,8,19,21,0.42105263157894735,0.9047619047619048,4,1,3
1115,19,8,19,20,0.42105263157894735,0.95,4,2,2
1276,24,8,19,19,0.42105263157894735,1.0,4,1,3
1282,21,8,19,20,0.42105263157894735,0.95,4,2,2
1306,9,8,19,19,0.42105263157894735,1.0,4,1,3
1321,24,8,19,20,0.42105263157894735,0.95,4,1,4
1430,11,8,19,21,0.42105263157894735,0.9047619047619048,4,1,3
1473,31,8,19,20,0.42105263157894735,0.95,4,1,3
1484,17,8,19,21,0.42105263157894735,0.9047619047619048,4,0,3
1507,20,8,19,21,0.42105263157894735,0.9047619047619048,4,1,3
1562,23,8,19,20,0.42105263157894735,0.95,4,0,4
1585,1,8,19,20,0.42105263157894735,0.95,4,1,3
1596,2,8,19,25,0.42105263157894735,0.76,4,1,3
1597,7,8,19,20,0.42105263157894735,0.95,4,1,3
1602,16,8,19,19,0.42105263157894735,1.0,4,1,3
1609,9,8,19,21,0.42105263157894735,0.9047619047619048,4,1,3
1613,29,8,19,19,0.42105263157894735,1.0,4,1,4
1615,24,8,19,21,0.42105263157894735,0.9047619047619048,4,0,4
1624,5,8,19,19,0.42105263157894735,1.0,4,1,3
1663,14,8,19,19,0.42105263157894735,1.0,4,1,4
1684,25,8,19,20,0.42105263157894735,0.95,4,1,3
1695,23,8,19,19,0.42105263157894735,1.0,4,1,3
1726,17,8,19,20,0.42105263157894735,0.95,4,1,3
1735,7,8,19,20,0.42105263157894735,0.95,4,1,4
1750,16,8,19,19,0.42105263157894735,1.0,4,1,3
1757,8,8,19,21,0.42105263157894735,0.9047619047619048,4,1,4
1840,28,8,19,20,0.42105263157894735,0.95,4,1,4
1851,10,8,19,21,0.42105263157894735,0.9047619047619048,4,1,3
1891,1,8,19,19,0.42105263157894735,1.0,4,1,3
1892,28,8,19,19,0.42105263157894735,1.0,4,1,4
1896,28,8,19,21,0.42105263157894735,0.9047619047619048,4,1,3
1906,26,8,19,19,0.42105263157894735,1.0,4,1,3
2018,19,8,19,20,0.42105263157894735,0.95,4,2,2
2022,10,8,19,20,0.42105263157894735,0.95,4,1,3
69,31,8,18,19,0.4444444444444444,0.9473684210526315,4,1,4
123,1,8,18,18,0.4444444444444444,1.0,4,1,3
152,30,8,18,18,0.4444444444444444,1.0,4,1,3
351,7,8,18,19,0.4444444444444444,0.9473684210526315,4,0,4
420,17,8,18,18,0.4444444444444444,1.0,4,1,3
435,6,8,18,18,0.4444444444444444,1.0,4,1,3
457,21,8,18,20,0.4444444444444444,0.9,4,1,3
466,30,8,18,19,0.4444444444444444,0.9473684210526315,4,0,3
517,1,8,18,18,0.4444444444444444,1.0,4,1,3
541,27,8,18,18,0.4444444444444444,1.0,4,1,4
549,28,8,18,20,0.4444444444444444,0.9,4,0,4
563,15,8,18,18,0.4444444444444444,1.0,4,2,2
644,26,8,18,21,0.4444444444444444,0.8571428571428571,4,1,3
662,17,8,18,19,0.4444444444444444,0.9473684210526315,4,1,3
772,23,8,18,18,0.4444444444444444,1.0,4,0,4
833,4,8,18,19,0.4444444444444444,0.9473684210526315,4,1,3
847,7,8,18,19,0.4444444444444444,0.9473684210526315,4,1,3
848,3,8,18,19,0.4444444444444444,0.9473684210526315,4,1,3
908,12,8,18,19,0.4444444444444444,0.9473684210526315,4,1,4
954,23,8,18,18,0.4444444444444444,1.0,4,1,3
1002,12,8,18,18,0.4444444444444444,1.0,4,1,3
1055,2,8,18,20,0.4444444444444444,0.9,4,1,3
1067,16,8,18,18,0.4444444444444444,1.0,4,2,2
1078,30,8,18,19,0.4444444444444444,0.9473684210526315,4,1,3
1092,27,8,18,19,0.4444444444444444,0.9473684210526315,4,1,3
1114,3,8,18,18,0.4444444444444444,1.0,4,0,4
1124,8,8,18,18,0.4444444444444444,1.0,4,1,3
1146,6,8,18,20,0.4444444444444444,0.9,4,1,3
1150,10,8,18,19,0.4444444444444444,0.9473684210526315,4,1,3
1217,4,8,18,19,0.4444444444444444,0.9473684210526315,4,0,3
1247,0,8,18,25,0.4444444444444444,0.72,4,1,3
1265,20,8,18,19,0.4444444444444444,0.9473684210526315,4,1,4
1318,16,8,18,20,0.4444444444444444,0.9,4,2,2
1342,26,8,18,18,0.4444444444444444,1.0,4,1,3
1369,11,8,18,21,0.4444444444444444,0.8571428571428571,4,1,4
1375,2,8,18,22,0.4444444444444444,0.8181818181818182,4,1,3
1382,11,8,18,18,0.4444444444444444,1.0,4,1,4
1435,13,8,18,19,0.4444444444444444,0.9473684210526315,4,1,4
1500,24,8,18,19,0.4444444444444444,0.9473684210526315,4,1,3
1512,17,8,18,19,0.4444444444444444,0.9473684210526315,4,0,4
1561,2,8,18,20,0.4444444444444444,0.9,4,1,3
1611,15,8,18,18,0.4444444444444444,1.0,4,0,4
1777,29,8,18,19,0.4444444444444444,0.9473684210526315,4,0,4
1867,4,8,18,19,0.4444444444444444,0.9473684210526315,4,1,3
1883,29,8,18,19,0.4444444444444444,0.9473684210526315,4,1,3
1934,22,8,18,19,0.4444444444444444,0.9473684210526315,4,1,4
1951,8,8,18,20,0.4444444444444444,0.9,4,1,3
1984,20,8,18,19,0.4444444444444444,0.9473684210526315,4,1,3
1986,12,8,18,24,0.4444444444444444,0.75,4,1,3
2015,13,8,18,21,0.4444444444444444,0.8571428571428571,4,1,3
274,25,8,17,19,0.47058823529411764,0.8947368421052632,4,1,3
350,2,8,17,20,0.47058823529411764,0.85,4,1,3
354,12,8,17,22,0.47058823529411764,0.7727272727272727,4,0,3
367,3,8,17,19,0.47058823529411764,0.8947368421052632,4,0,5
427,3,8,17,17,0.47058823529411764,1.0,4,0,3
525,19,8,17,18,0.47058823529411764,0.9444444444444444,4,0,4
556,10,8,17,21,0.47058823529411764,0.8095238095238095,4,1,4
685,13,8,17,19,0.47058823529411764,0.8947368421052632,4,1,3
740,10,8,17,18,0.47058823529411764,0.9444444444444444,4,2,2
770,15,8,17,18,0.47058823529411764,0.9444444444444444,4,1,3
786,21,8,17,18,0.47058823529411764,0.9444444444444444,4,0,4
905,16,8,17,18,0.47058823529411764,0.9444444444444444,4,1,4
938,23,8,17,20,0.47058823529411764,0.85,4,0,3
973,24,8,17,18,0.47058823529411764,0.9444444444444444,4,1,4
989,3,8,17,17,0.47058823529411764,1.0,4,1,3
1243,20,8,17,18,0.47058823529411764,0.9444444444444444,4,1,4
1249,30,8,17,18,0.47058823529411764,0.9444444444444444,4,2,2
1319,8,8,17,17,0.47058823529411764,1.0,4,1,4
1391,14,8,17,17,0.47058823529411764,1.0,4,1,4
1397,24,8,17,18,0.47058823529411764,0.9444444444444444,4,1,3
1618,15,8,17,17,0.47058823529411764,1.0,4,1,3
1756,7,8,17,18,0.47058823529411764,0.9444444444444444,4,1,3
1785,8,8,17,17,0.47058823529411764,1.0,4,1,3
1798,5,8,17,24,0.47058823529411764,0.7083333333333334,4,1,4
1810,6,8,17,18,0.47058823529411764,0.9444444444444444,4,1,3
1813,1,8,17,18,0.47058823529411764,0.9444444444444444,4,1,3
1874,9,8,17,17,0.47058823529411764,1.0,4,1,3
1890,10,8,17,19,0.47058823529411764,0.8947368421052632,4,1,3
1930,10,8,17,17,0.47058823529411764,1.0,4,1,3
2047,8,8,17,17,0.47058823529411764,1.0,4,1,3
78,14,8,16,16,0.5,1.0,4,2,2
306,23,8,16,17,0.5,0.9411764705882353,4,1,3
340,2,8,16,19,0.5,0.8421052631578947,4,1,3
370,18,8,16,17,0.5,0.9411764705882353,4,1,3
431,9,8,16,16,0.5,1.0,4,2,2
500,26,8,16,17,0.5,0.9411764705882353,4,0,4
502,3,8,16,17,0.5,0.9411764705882353,4,0,3
811,16,8,16,18,0.5,0.8888888888888888,4,1,4
845,4,8,16,17,0.5,0.9411764705882353,4,1,3
878,14,8,16,17,0.5,0.9411764705882353,4,1,3
963,17,8,16,17,0.5,0.9411764705882353,4,1,4
1028,9,8,16,17,0.5,0.9411764705882353,4,1,3
1050,9,8,16,17,0.5,0.9411764705882353,4,1,3
1625,8,8,16,17,0.5,0.9411764705882353,4,1,4
1629,12,8,16,22,0.5,0.7272727272727273,4,1,3
1886,5,8,16,18,0.5,0.8888888888888888,4,0,4
4,24,8,15,17,0.5333333333333333,0.8823529411764706,4,1,5
442,15,8,15,17,0.5333333333333333,0.8823529411764706,4,1,3
766,26,8,15,17,0.5333333333333333,0.8823529411764706,4,1,3
870,15,8,15,17,0.5333333333333333,0.8823529411764706,4,1,4
877,12,8,15,20,0.5333333333333333,0.75,4,1,3
934,2,8,15,17,0.5333333333333333,0.8823529411764706,4,1,3
1017,0,8,15,16,0.5333333333333333,0.9375,4,1,3
1126,0,8,15,18,0.5333333333333333,0.8333333333333334,4,1,4
1672,3,8,15,17,0.5333333333333333,0.8823529411764706,4,2,2
1737,7,8,15,17,0.5333333333333333,0.8823529411764706,4,1,5
1952,21,8,15,17,0.5333333333333333,0.8823529411764706,4,1,3
2004,2,8,15,19,0.5333333333333333,0.7894736842105263,4,0,3
1020,5,8,14,16,0.5714285714285714,0.875,4,0,3
1503,14,8,14,18,0.5714285714285714,0.7777777777777778,4,1,5
1550,9,8,14,16,0.5714285714285714,0.875,4,1,3
1175,21,8,13,17,0.6153846153846154,0.7647058823529411,4,1,4
587,4,9,24,26,0.375,0.9230769230769231,4,2,3
1989,3,9,24,26,0.375,0.9230769230769231,4,0,5
108,20,9,23,23,0.391304347826087,1.0,4,2,3
860,29,9,23,24,0.391304347826087,0.9583333333333334,4,1,4
1105,23,9,23,24,0.391304347826087,0.9583333333333334,4,1,4
1188,8,9,23,24,0.391304347826087,0.9583333333333334,4,1,3
1231,20,9,23,23,0.391304347826087,1.0,4,1,4
1429,27,9,23,23,0.391304347826087,1.0,4,0,5
1722,20,9,23,23,0.391304347826087,1.0,4,1,4
2031,28,9,23,23,0.391304347826087,1.0,4,1,4
26,8,9,22,22,0.4090909090909091,1.0,4,1,3
202,3,9,22,22,0.4090909090909091,1.0,4,1,3
214,25,9,22,23,0.4090909090909091,0.9565217391304348,4,1,4
237,9,9,22,22,0.4090909090909091,1.0,4,2,3
268,22,9,22,24,0.4090909090909091,0.9166666666666666,4,1,3
332,7,9,22,23,0.4090909090909091,0.9565217391304348,4,1,4
439,30,9,22,23,0.4090909090909091,0.9565217391304348,4,1,3
475,15,9,22,23,0.4090909090909091,0.9565217391304348,4,0,4
681,22,9,22,23,0.4090909090909091,0.9565217391304348,4,1,4
1141,5,9,22,24,0.4090909090909091,0.9166666666666666,4,2,3
1251,24,9,22,22,0.4090909090909091,1.0,4,1,3
1278,19,9,22,22,0.4090909090909091,1.0,4,1,3
1468,27,9,22,23,0.4090909090909091,0.9565217391304348,4,1,3
1514,28,9,22,22,0.4090909090909091,1.0,4,1,3
1557,11,9,22,24,0.4090909090909091,0.9166666666666666,4,1,3
1574,4,9,22,23,0.4090909090909091,0.9565217391304348,4,1,4
1575,15,9,22,22,0.4090909090909091,1.0,4,1,5
1576,3,9,22,22,0.4090909090909091,1.0,4,1,4
1598,12,9,22,27,0.4090909090909091,0.8148148148148148,4,1,4
1641,9,9,22,24,0.4090909090909091,0.9166666666666666,4,0,3
1734,10,9,22,23,0.4090909090909091,0.9565217391304348,4,1,5
1763,25,9,22,23,0.4090909090909091,0.9565217391304348,4,2,3
1780,27,9,22,22,0.4090909090909091,1.0,4,1,4
1800,3,9,22,23,0.4090909090909091,0.9565217391304348,4,1,4
9,24,9,21,23,0.42857142857142855,0.9130434782608695,4,2,3
30,14,9,21,21,0.42857142857142855,1.0,4,1,4
40,22,9,21,22,0.42857142857142855,0.9545454545454546,4,1,3
79,16,9,21,21,0.42857142857142855,1.0,4,2,3
82,15,9,21,21,0.42857142857142855,1.0,4,1,3
110,6,9,21,24,0.42857142857142855,0.875,4,1,3
117,0,9,21,21,0.42857142857142855,1.0,4,0,4
143,27,9,21,22,0.42857142857142855,0.9545454545454546,4,1,3
177,15,9,21,23,0.42857142857142855,0.9130434782608695,4,1,3
198,20,9,21,22,0.42857142857142855,0.9545454545454546,4,2,3
208,17,9,21,21,0.42857142857142855,1.0,4,1,4
213,18,9,21,23,0.42857142857142855,0.9130434782608695,4,1,4
238,23,9,21,22,0.42857142857142855,0.9545454545454546,4,0,4
252,26,9,21,21,0.42857142857142855,1.0,4,1,4
270,31,9,21,21,0.42857142857142855,1.0,4,1,3
424,3,9,21,21,0.42857142857142855,1.0,4,0,4
530,10,9,21,21,0.42857142857142855,1.0,4,1,4
609,7,9,21,21,0.42857142857142855,1.0,4,1,3
751,28,9,21,21,0.42857142857142855,1.0,4,1,4
781,29,9,21,21,0.42857142857142855,1.0,4,0,5
831,8,9,21,22,0.42857142857142855,0.9545454545454546,4,1,3
832,5,9,21,22,0.42857142857142855,0.9545454545454546,4,1,3
868,11,9,21,22,0.42857142857142855,0.9545454545454546,4,1,4
965,6,9,21,22,0.42857142857142855,0.9545454545454546,4,2,3
968,8,9,21,22,0.42857142857142855,0.9545454545454546,4,0,3
970,11,9,21,27,0.42857142857142855,0.7777777777777778,4,1,4
979,3,9,21,23,0.42857142857142855,0.9130434782608695,4,1,4
987,28,9,21,22,0.42857142857142855,0.9545454545454546,4,2,3
1012,14,9,21,22,0.42857142857142855,0.9545454545454546,4,1,3
1014,14,9,21,21,0.42857142857142855,1.0,4,2,3
1085,22,9,21,21,0.42857142857142855,1.0,4,1,4
1121,22,9,21,21,0.42857142857142855,1.0,4,0,4
1190,15,9,21,21,0.42857142857142855,1.0,4,1,4
1200,8,9,21,21,0.42857142857142855,1.0,4,2,3
1214,24,9,21,22,0.42857142857142855,0.9545454545454546,4,2,3
1224,31,9,21,21,0.42857142857142855,1.0,4,1,3
1227,12,9,21,21,0.42857142857142855,1.0,4,1,4
1250,12,9,21,27,0.42857142857142855,0.7777777777777778,4,2,3
1290,23,9,21,21,0.42857142857142855,1.0,4,1,3
1336,9,9,21,22,0.42857142857142855,0.9545454545454546,4,1,3
1450,16,9,21,21,0.42857142857142855,1.0,4,0,5
1452,9,9,21,22,0.42857142857142855,0.9545454545454546,4,1,3
1614,16,9,21,23,0.42857142857142855,0.9130434782608695,4,1,4
1626,2,9,21,22,0.42857142857142855,0.9545454545454546,4,2,3
1642,24,9,21,23,0.42857142857142855,0.9130434782608695,4,0,5
1664,4,9,21,21,0.42857142857142855,1.0,4,0,3
1688,11,9,21,23,0.42857142857142855,0.9130434782608695,4,2,3
1699,1,9,21,21,0.42857142857142855,1.0,4,1,3
1743,7,9,21,24,0.42857142857142855,0.875,4,1,3
1759,18,9,21,22,0.42857142857142855,0.9545454545454546,4,0,4
1855,12,9,21,24,0.42857142857142855,0.875,4,1,4
1873,24,9,21,23,0.42857142857142855,0.9130434782608695,4,1,3
1959,20,9,21,23,0.42857142857142855,0.9130434782608695,4,1,3
2010,12,9,21,26,0.42857142857142855,0.8076923076923077,4,1,3
18,15,9,20,20,0.45,1.0,4,1,3
75,5,9,20,22,0.45,0.9090909090909091,4,1,3
92,15,9,20,20,0.45,1.0,4,1,3
121,19,9,20,23,0.45,0.8695652173913043,4,2,3
146,23,9,20,20,0.45,1.0,4,1,3
169,5,9,20,21,0.45,0.9523809523809523,4,1,4
244,11,9,20,21,0.45,0.9523809523809523,4,1,3
260,12,9,20,26,0.45,0.7692307692307693,4,0,4
301,27,9,20,20,0.45,1.0,4,2,3
303,18,9,20,20,0.45,1.0,4,1,3
308,29,9,20,21,0.45,0.9523809523809523,4,1,3
331,21,9,20,20,0.45,1.0,4,1,3
343,27,9,20,21,0.45,0.9523809523809523,4,1,4
382,17,9,20,22,0.45,0.9090909090909091,4,0,3
430,31,9,20,21,0.45,0.9523809523809523,4,1,5
462,26,9,20,22,0.45,0.9090909090909091,4,1,3
489,26,9,20,22,0.45,0.9090909090909091,4,1,3
519,17,9,20,20,0.45,1.0,4,1,3
526,0,9,20,21,0.45,0.9523809523809523,4,2,3
569,6,9,20,20,0.45,1.0,4,1,3
571,4,9,20,20,0.45,1.0,4,1,4
582,28,9,20,20,0.45,1.0,4,1,5
583,20,9,20,22,0.45,0.9090909090909091,4,1,3
590,30,9,20,20,0.45,1.0,4,1,4
611,2,9,20,20,0.45,1.0,4,2,3
623,21,9,20,20,0.45,1.0,4,0,5
651,6,9,20,20,0.45,1.0,4,1,3
686,11,9,20,22,0.45,0.9090909090909091,4,1,4
754,24,9,20,20,0.45,1.0,4,1,3
794,31,9,20,23,0.45,0.8695652173913043,4,1,3
815,0,9,20,20,0.45,1.0,4,1,3
823,24,9,20,21,0.45,0.9523809523809523,4,1,4
869,14,9,20,21,0.45,0.9523809523809523,4,0,5
892,27,9,20,24,0.45,0.8333333333333334,4,1,4
896,31,9,20,21,0.45,0.9523809523809523,4,1,3
898,13,9,20,23,0.45,0.8695652173913043,4,1,4
915,23,9,20,20,0.45,1.0,4,1,4
932,23,9,20,20,0.45,1.0,4,0,4
933,28,9,20,20,0.45,1.0,4,1,4
952,18,9,20,20,0.45,1.0,4,1,3
1007,6,9,20,21,0.45,0.9523809523809523,4,1,4
1065,5,9,20,21,0.45,0.9523809523809523,4,2,3
1088,10,9,20,21,0.45,0.9523809523809523,4,1,4
1103,23,9,20,20,0.45,1.0,4,1,3
1128,10,9,20,21,0.45,0.9523809523809523,4,1,3
1185,18,9,20,20,0.45,1.0,4,1,3
1192,30,9,20,21,0.45,0.9523809523809523,4,1,3
1196,5,9,20,24,0.45,0.8333333333333334,4,1,3
1197,1,9,20,20,0.45,1.0,4,2,3
1230,2,9,20,23,0.45,0.8695652173913043,4,0,6
1273,11,9,20,20,0.45,1.0,4,1,3
1304,10,9,20,20,0.45,1.0,4,1,4
1310,3,9,20,22,0.45,0.9090909090909091,4,1,4
1343,26,9,20,20,0.45,1.0,4,2,3
1407,16,9,20,20,0.45,1.0,4,1,3
1433,4,9,20,20,0.45,1.0,4,0,4
1449,0,9,20,20,0.45,1.0,4,0,4
1539,29,9,20,21,0.45,0.9523809523809523,4,1,3
1543,12,9,20,20,0.45,1.0,4,1,3
1599,23,9,20,20,0.45,1.0,4,1,3
1620,12,9,20,24,0.45,0.8333333333333334,4,1,3
1655,10,9,20,22,0.45,0.9090909090909091,4,1,3
1710,8,9,20,20,0.45,1.0,4,0,5
1711,6,9,20,21,0.45,0.9523809523809523,4,1,4
1736,22,9,20,20,0.45,1.0,4,0,4
1749,11,9,20,24,0.45,0.8333333333333334,4,1,4
1774,30,9,20,20,0.45,1.0,4,1,3
1795,31,9,20,22,0.45,0.9090909090909091,4,1,4
1844,12,9,20,21,0.45,0.9523809523809523,4,0,5
1856,2,9,20,23,0.45,0.8695652173913043,4,1,3
1909,27,9,20,20,0.45,1.0,4,2,3
1948,26,9,20,22,0.45,0.9090909090909091,4,0,4
1976,7,9,20,20,0.45,1.0,4,1,3
1982,19,9,20,20,0.45,1.0,4,2,3
24,12,9,19,20,0.47368421052631576,0.95,4,1,4
38,31,9,19,21,0.47368421052631576,0.9047619047619048,4,2,3
46,22,9,19,19,0.47368421052631576,1.0,4,2,3
63,11,9,19,22,0.47368421052631576,0.8636363636363636,4,2,3
81,14,9,19,19,0.47368421052631576,1.0,4,1,4
128,13,9,19,27,0.47368421052631576,0.7037037037037037,4,1,4
132,5,9,19,23,0.47368421052631576,0.8260869565217391,4,1,3
189,16,9,19,20,0.47368421052631576,0.95,4,0,3
203,13,9,19,21,0.47368421052631576,0.9047619047619048,4,0,3
226,5,9,19,19,0.47368421052631576,1.0,4,2,3
227,2,9,19,21,0.47368421052631576,0.9047619047619048,4,2,3
264,8,9,19,21,0.47368421052631576,0.9047619047619048,4,2,3
310,5,9,19,20,0.47368421052631576,0.95,4,1,3
339,8,9,19,20,0.47368421052631576,0.95,4,1,4
371,16,9,19,20,0.47368421052631576,0.95,4,1,5
404,31,9,19,22,0.47368421052631576,0.8636363636363636,4,1,4
412,18,9,19,20,0.47368421052631576,0.95,4,1,3
437,22,9,19,19,0.47368421052631576,1.0,4,1,4
501,13,9,19,20,0.47368421052631576,0.95,4,1,3
522,18,9,19,20,0.47368421052631576,0.95,4,2,3
604,14,9,19,19,0.47368421052631576,1.0,4,1,3
631,31,9,19,20,0.47368421052631576,0.95,4,1,3
646,11,9,19,20,0.47368421052631576,0.95,4,1,3
675,12,9,19,22,0.47368421052631576,0.8636363636363636,4,2,3
693,10,9,19,20,0.47368421052631576,0.95,4,1,4
749,12,9,19,21,0.47368421052631576,0.9047619047619048,4,2,3
759,17,9,19,20,0.47368421052631576,0.95,4,1,4
761,13,9,19,19,0.47368421052631576,1.0,4,1,3
808,25,9,19,20,0.47368421052631576,0.95,4,1,3
856,27,9,19,20,0.47368421052631576,0.95,4,1,3
861,8,9,19,20,0.47368421052631576,0.95,4,2,3
871,14,9,19,20,0.47368421052631576,0.95,4,2,3
883,12,9,19,24,0.47368421052631576,0.7916666666666666,4,0,5
918,3,9,19,20,0.47368421052631576,0.95,4,2,3
1031,24,9,19,20,0.47368421052631576,0.95,4,1,3
1044,25,9,19,24,0.47368421052631576,0.7916666666666666,4,1,3
1112,31,9,19,20,0.47368421052631576,0.95,4,0,4
1125,6,9,19,19,0.47368421052631576,1.0,4,1,3
1138,16,9,19,19,0.47368421052631576,1.0,4,2,3
1147,5,9,19,19,0.47368421052631576,1.0,4,0,4
1155,5,9,19,20,0.47368421052631576,0.95,4,1,4
1158,10,9,19,19,0.47368421052631576,1.0,4,1,4
1237,29,9,19,21,0.47368421052631576,0.9047619047619048,4,2,3
1288,1,9,19,22,0.47368421052631576,0.8636363636363636,4,0,4
1314,4,9,19,21,0.47368421052631576,0.9047619047619048,4,1,3
1330,31,9,19,20,0.47368421052631576,0.95,4,1,4
1340,14,9,19,19,0.47368421052631576,1.0,4,1,5
1365,18,9,19,19,0.47368421052631576,1.0,4,1,3
1374,7,9,19,21,0.47368421052631576,0.9047619047619048,4,0,5
1384,20,9,19,20,0.47368421052631576,0.95,4,0,5
1446,28,9,19,19,0.47368421052631576,1.0,4,2,3
1448,21,9,19,19,0.47368421052631576,1.0,4,0,5
1472,5,9,19,20,0.47368421052631576,0.95,4,1,3
1496,10,9,19,21,0.47368421052631576,0.9047619047619048,4,1,5
1532,25,9,19,21,0.47368421052631576,0.9047619047619048,4,1,4
1537,14,9,19,19,0.47368421052631576,1.0,4,0,4
1634,13,9,19,20,0.47368421052631576,0.95,4,1,4
1658,13,9,19,19,0.47368421052631576,1.0,4,2,3
1661,4,9,19,22,0.47368421052631576,0.8636363636363636,4,1,4
1689,30,9,19,19,0.47368421052631576,1.0,4,1,3
1692,24,9,19,21,0.47368421052631576,0.9047619047619048,4,1,4
1702,21,9,19,20,0.47368421052631576,0.95,4,2,3
1717,9,9,19,19,0.47368421052631576,1.0,4,1,4
1718,8,9,19,21,0.47368421052631576,0.9047619047619048,4,2,3
1740,0,9,19,19,0.47368421052631576,1.0,4,1,4
1769,29,9,19,21,0.47368421052631576,0.9047619047619048,4,0,4
1779,25,9,19,20,0.47368421052631576,0.95,4,1,3
1806,6,9,19,20,0.47368421052631576,0.95,4,2,3
1829,3,9,19,21,0.47368421052631576,0.9047619047619048,4,1,3
1830,29,9,19,21,0.47368421052631576,0.9047619047619048,4,1,3
1842,3,9,19,21,0.47368421052631576,0.9047619047619048,4,1,4
1865,29,9,19,20,0.47368421052631576,0.95,4,2,3
1877,8,9,19,20,0.47368421052631576,0.95,4,1,3
1894,21,9,19,19,0.47368421052631576,1.0,4,1,4
1895,19,9,19,20,0.47368421052631576,0.95,4,2,3
1897,0,9,19,19,0.47368421052631576,1.0,4,2,3
1916,23,9,19,19,0.47368421052631576,1.0,4,0,5
1964,14,9,19,21,0.47368421052631576,0.9047619047619048,4,1,3
1969,18,9,19,20,0.47368421052631576,0.95,4,1,4
1973,23,9,19,20,0.47368421052631576,0.95,4,0,4
2020,22,9,19,21,0.47368421052631576,0.9047619047619048,4,1,4
2,25,9,18,21,0.5,0.8571428571428571,4,2,3
99,12,9,18,18,0.5,1.0,4,1,3
141,2,9,18,19,0.5,0.9473684210526315,4,1,4
206,26,9,18,20,0.5,0.9,4,1,3
230,12,9,18,21,0.5,0.8571428571428571,4,1,3
278,11,9,18,20,0.5,0.9,4,1,4
291,4,9,18,18,0.5,1.0,4,1,3
321,26,9,18,19,0.5,0.9473684210526315,4,0,3
341,31,9,18,19,0.5,0.9473684210526315,4,2,3
389,14,9,18,19,0.5,0.9473684210526315,4,1,4
422,13,9,18,22,0.5,0.8181818181818182,4,1,3
456,14,9,18,20,0.5,0.9,4,1,3
479,3,9,18,18,0.5,1.0,4,2,3
558,1,9,18,19,0.5,0.9473684210526315,4,1,3
578,7,9,18,18,0.5,1.0,4,1,3
584,22,9,18,20,0.5,0.9,4,1,4
672,13,9,18,19,0.5,0.9473684210526315,4,1,3
828,8,9,18,19,0.5,0.9473684210526315,4,1,3
851,14,9,18,20,0.5,0.9,4,1,3
855,21,9,18,21,0.5,0.8571428571428571,4,0,3
858,12,9,18,20,0.5,0.9,4,1,3
991,2,9,18,22,0.5,0.8181818181818182,4,2,3
1003,11,9,18,19,0.5,0.9473684210526315,4,1,4
1051,6,9,18,19,0.5,0.9473684210526315,4,1,4
1074,0,9,18,19,0.5,0.9473684210526315,4,1,3
1104,30,9,18,20,0.5,0.9,4,2,3
1152,29,9,18,18,0.5,1.0,4,2,3
1164,19,9,18,19,0.5,0.9473684210526315,4,1,3
1205,17,9,18,19,0.5,0.9473684210526315,4,0,3
1235,8,9,18,19,0.5,0.9473684210526315,4,1,4
1362,7,9,18,19,0.5,0.9473684210526315,4,1,4
1372,7,9,18,18,0.5,1.0,4,1,3
1387,17,9,18,21,0.5,0.8571428571428571,4,1,3
1410,2,9,18,22,0.5,0.8181818181818182,4,1,3
1544,27,9,18,18,0.5,1.0,4,2,3
1572,0,9,18,20,0.5,0.9,4,1,4
1671,5,9,18,19,0.5,0.9473684210526315,4,2,3
1716,12,9,18,27,0.5,0.6666666666666666,4,2,3
1767,20,9,18,19,0.5,0.9473684210526315,4,1,3
1811,7,9,18,19,0.5,0.9473684210526315,4,1,3
1908,27,9,18,19,0.5,0.9473684210526315,4,1,4
1910,19,9,18,18,0.5,1.0,4,1,4
1928,21,9,18,18,0.5,1.0,4,0,5
1938,8,9,18,19,0.5,0.9473684210526315,4,0,4
1983,5,9,18,18,0.5,1.0,4,0,4
1998,2,9,18,19,0.5,0.9473684210526315,4,2,3
2026,26,9,18,19,0.5,0.9473684210526315,4,1,3
168,29,9,17,17,0.5294117647058824,1.0,4,1,3
295,0,9,17,18,0.5294117647058824,0.9444444444444444,4,1,4
312,23,9,17,18,0.5294117647058824,0.9444444444444444,4,1,3
454,0,9,17,20,0.5294117647058824,0.85,4,2,3
758,30,9,17,18,0.5294117647058824,0.9444444444444444,4,0,3
799,2,9,17,18,0.5294117647058824,0.9444444444444444,4,1,4
961,19,9,17,20,0.5294117647058824,0.85,4,1,3
1038,21,9,17,18,0.5294117647058824,0.9444444444444444,4,1,4
1149,16,9,17,18,0.5294117647058824,0.9444444444444444,4,1,3
1179,12,9,17,18,0.5294117647058824,0.9444444444444444,4,1,4
1219,18,9,17,17,0.5294117647058824,1.0,4,1,3
1277,7,9,17,17,0.5294117647058824,1.0,4,2,3
1413,13,9,17,18,0.5294117647058824,0.9444444444444444,4,1,3
1464,14,9,17,18,0.5294117647058824,0.9444444444444444,4,2,3
1697,31,9,17,17,0.5294117647058824,1.0,4,1,3
1723,14,9,17,18,0.5294117647058824,0.9444444444444444,4,1,3
1733,8,9,17,18,0.5294117647058824,0.9444444444444444,4,1,4
1962,12,9,17,18,0.5294117647058824,0.9444444444444444,4,1,4
1985,17,9,17,17,0.5294117647058824,1.0,4,2,3
31,17,9,16,24,0.5625,0.6666666666666666,4,2,3
60,20,9,16,19,0.5625,0.8421052631578947,4,1,4
86,7,9,16,18,0.5625,0.8888888888888888,4,2,3
182,28,9,16,17,0.5625,0.9411764705882353,4,1,5
469,9,9,16,19,0.5625,0.8421052631578947,4,1,4
512,11,9,16,18,0.5625,0.8888888888888888,4,0,4
993,20,9,16,16,0.5625,1.0,4,0,3
1117,22,9,16,17,0.5625,0.9411764705882353,4,1,3
1389,21,9,16,19,0.5625,0.8421052631578947,4,2,3
1396,4,9,16,16,0.5625,1.0,4,2,3
1570,10,9,16,18,0.5625,0.8888888888888888,4,1,3
1994,16,9,16,19,0.5625,0.8421052631578947,4,2,3
2039,17,9,16,17,0.5625,0.9411764705882353,4,2,3
246,27,9,15,16,0.6,0.9375,4,1,4
988,9,9,15,18,0.6,0.8333333333333334,4,0,3
1036,26,9,15,18,0.6,0.8333333333333334,4,1,3
1670,9,9,15,18,0.6,0.8333333333333334,4,2,3
1741,28,9,15,17,0.6,0.8823529411764706,4,2,3
2041,9,9,15,17,0.6,0.8823529411764706,4,1,3
1980,5,9,14,18,0.6428571428571429,0.7777777777777778,4,2,3
1311,21,9,13,16,0.6923076923076923,0.8125,4,1,4
377,27,10,24,25,0.4166666666666667,0.96,4,2,3
396,0,10,24,25,0.4166666666666667,0.96,4,1,4
904,28,10,24,24,0.4166666666666667,1.0,4,2,4
133,7,10,23,24,0.43478260869565216,0.9583333333333334,4,2,3
720,25,10,23,24,0.43478260869565216,0.9583333333333334,4,1,3
722,4,10,23,23,0.43478260869565216,1.0,4,2,3
725,27,10,23,23,0.43478260869565216,1.0,4,0,4
1309,20,10,23,23,0.43478260869565216,1.0,4,1,4
1357,29,10,23,24,0.43478260869565216,0.9583333333333334,4,1,4
36,31,10,22,26,0.45454545454545453,0.8461538461538461,4,1,5
116,4,10,22,22,0.45454545454545453,1.0,4,1,3
135,20,10,22,23,0.45454545454545453,0.9565217391304348,4,1,4
196,6,10,22,22,0.45454545454545453,1.0,4,1,4
250,22,10,22,25,0.45454545454545453,0.88,4,1,4
540,10,10,22,24,0.45454545454545453,0.9166666666666666,4,1,4
616,1,10,22,23,0.45454545454545453,0.9565217391304348,4,2,4
627,9,10,22,22,0.45454545454545453,1.0,4,1,4
680,20,10,22,23,0.45454545454545453,0.9565217391304348,4,0,5
807,31,10,22,26,0.45454545454545453,0.8461538461538461,4,1,4
927,3,10,22,23,0.45454545454545453,0.9565217391304348,4,2,4
1191,21,10,22,22,0.45454545454545453,1.0,4,1,4
1302,10,10,22,22,0.45454545454545453,1.0,4,1,4
1364,28,10,22,22,0.45454545454545453,1.0,4,2,4
1411,26,10,22,26,0.45454545454545453,0.8461538461538461,4,1,3
1540,25,10,22,22,0.45454545454545453,1.0,4,1,4
1549,15,10,22,22,0.45454545454545453,1.0,4,1,4
1662,0,10,22,22,0.45454545454545453,1.0,4,1,5
1747,16,10,22,22,0.45454545454545453,1.0,4,1,4
1797,0,10,22,22,0.45454545454545453,1.0,4,1,3
1899,14,10,22,24,0.45454545454545453,0.9166666666666666,4,1,3
1900,30,10,22,22,0.45454545454545453,1.0,4,1,4
29,10,10,21,22,0.47619047619047616,0.9545454545454546,4,2,4
65,16,10,21,21,0.47619047619047616,1.0,4,2,4
76,10,10,21,23,0.47619047619047616,0.9130434782608695,4,1,4
173,30,10,21,22,0.47619047619047616,0.9545454545454546,4,1,4
216,5,10,21,22,0.47619047619047616,0.9545454545454546,4,2,4
307,16,10,21,21,0.47619047619047616,1.0,4,2,4
362,25,10,21,23,0.47619047619047616,0.9130434782608695,4,2,4
423,26,10,21,25,0.47619047619047616,0.84,4,2,3
428,5,10,21,21,0.47619047619047616,1.0,4,1,4
534,3,10,21,24,0.47619047619047616,0.875,4,2,4
555,0,10,21,21,0.47619047619047616,1.0,4,1,4
581,20,10,21,22,0.47619047619047616,0.9545454545454546,4,1,4
598,6,10,21,22,0.47619047619047616,0.9545454545454546,4,2,4
617,29,10,21,21,0.47619047619047616,1.0,4,2,4
666,3,10,21,23,0.47619047619047616,0.9130434782608695,4,2,3
678,20,10,21,22,0.47619047619047616,0.9545454545454546,4,2,3
873,31,10,21,21,0.47619047619047616,1.0,4,2,4
1005,23,10,21,21,0.47619047619047616,1.0,4,2,3
1018,31,10,21,22,0.47619047619047616,0.9545454545454546,4,1,4
1041,22,10,21,22,0.47619047619047616,0.9545454545454546,4,1,4
1218,18,10,21,21,0.47619047619047616,1.0,4,1,5
1232,9,10,21,24,0.47619047619047616,0.875,4,0,4
1261,14,10,21,23,0.47619047619047616,0.9130434782608695,4,1,4
1271,11,10,21,21,0.47619047619047616,1.0,4,2,3
1351,30,10,21,21,0.47619047619047616,1.0,4,2,3
1406,8,10,21,22,0.47619047619047616,0.9545454545454546,4,1,5
1420,28,10,21,21,0.47619047619047616,1.0,4,1,3
1432,21,10,21,21,0.47619047619047616,1.0,4,1,4
1462,30,10,21,22,0.47619047619047616,0.9545454545454546,4,2,3
1491,8,10,21,21,0.47619047619047616,1.0,4,2,4
1516,6,10,21,25,0.47619047619047616,0.84,4,1,4
1665,3,10,21,21,0.47619047619047616,1.0,4,2,4
1738,19,10,21,22,0.47619047619047616,0.9545454545454546,4,2,3
1783,1,10,21,22,0.47619047619047616,0.9545454545454546,4,0,5
1893,29,10,21,23,0.47619047619047616,0.9130434782608695,4,2,4
1902,22,10,21,22,0.47619047619047616,0.9545454545454546,4,1,6
1913,0,10,21,23,0.47619047619047616,0.9130434782608695,4,2,3
1933,9,10,21,21,0.47619047619047616,1.0,4,1,4
1961,10,10,21,22,0.47619047619047616,0.9545454545454546,4,2,3
1977,24,10,21,22,0.47619047619047616,0.9545454545454546,4,1,4
17,17,10,20,21,0.5,0.9523809523809523,4,0,5
53,12,10,20,21,0.5,0.9523809523809523,4,2,3
162,25,10,20,22,0.5,0.9090909090909091,4,1,3
183,31,10,20,20,0.5,1.0,4,1,4
205,0,10,20,22,0.5,0.9090909090909091,4,2,3
209,22,10,20,21,0.5,0.9523809523809523,4,2,3
229,9,10,20,21,0.5,0.9523809523809523,4,1,4
261,18,10,20,21,0.5,0.9523809523809523,4,1,4
266,4,10,20,23,0.5,0.8695652173913043,4,1,5
273,22,10,20,21,0.5,0.9523809523809523,4,1,6
287,23,10,20,21,0.5,0.9523809523809523,4,2,3
445,31,10,20,23,0.5,0.8695652173913043,4,1,5
472,9,10,20,21,0.5,0.9523809523809523,4,2,3
481,25,10,20,20,0.5,1.0,4,2,3
499,30,10,20,21,0.5,0.9523809523809523,4,0,5
516,12,10,20,20,0.5,1.0,4,1,4
532,3,10,20,23,0.5,0.8695652173913043,4,0,4
596,10,10,20,22,0.5,0.9090909090909091,4,2,3
658,16,10,20,20,0.5,1.0,4,2,3
684,6,10,20,21,0.5,0.9523809523809523,4,1,4
718,23,10,20,21,0.5,0.9523809523809523,4,2,3
764,8,10,20,20,0.5,1.0,4,0,5
777,19,10,20,20,0.5,1.0,4,1,4
789,5,10,20,20,0.5,1.0,4,2,3
793,4,10,20,20,0.5,1.0,4,2,3
836,29,10,20,22,0.5,0.9090909090909091,4,2,3
926,14,10,20,20,0.5,1.0,4,1,3
942,5,10,20,21,0.5,0.9523809523809523,4,2,3
981,12,10,20,24,0.5,0.8333333333333334,4,1,4
1059,29,10,20,22,0.5,0.9090909090909091,4,2,4
1071,28,10,20,22,0.5,0.9090909090909091,4,1,3
1111,19,10,20,21,0.5,0.9523809523809523,4,1,4
1145,14,10,20,20,0.5,1.0,4,2,4
1154,0,10,20,21,0.5,0.9523809523809523,4,2,3
1159,16,10,20,20,0.5,1.0,4,1,4
1178,31,10,20,20,0.5,1.0,4,1,4
1239,11,10,20,21,0.5,0.9523809523809523,4,2,3
1267,5,10,20,23,0.5,0.8695652173913043,4,2,3
1308,19,10,20,20,0.5,1.0,4,1,5
1317,27,10,20,22,0.5,0.9090909090909091,4,1,4
1337,12,10,20,21,0.5,0.9523809523809523,4,2,3
1458,4,10,20,21,0.5,0.9523809523809523,4,2,3
1479,28,10,20,20,0.5,1.0,4,2,3
1492,26,10,20,20,0.5,1.0,4,2,4
1553,1,10,20,21,0.5,0.9523809523809523,4,1,3
1559,26,10,20,20,0.5,1.0,4,1,4
1622,8,10,20,20,0.5,1.0,4,1,3
1630,23,10,20,20,0.5,1.0,4,1,5
1646,29,10,20,21,0.5,0.9523809523809523,4,0,5
1745,24,10,20,20,0.5,1.0,4,0,5
1751,26,10,20,20,0.5,1.0,4,2,3
1793,24,10,20,24,0.5,0.8333333333333334,4,1,3
1847,25,10,20,20,0.5,1.0,4,2,3
1852,14,10,20,21,0.5,0.9523809523809523,4,1,3
1879,4,10,20,21,0.5,0.9523809523809523,4,1,4
1901,21,10,20,23,0.5,0.8695652173913043,4,1,4
1919,7,10,20,20,0.5,1.0,4,1,4
1922,17,10,20,23,0.5,0.8695652173913043,4,2,3
1960,28,10,20,20,0.5,1.0,4,2,3
2012,27,10,20,21,0.5,0.9523809523809523,4,1,4
23,0,10,19,20,0.5263157894736842,0.95,4,1,3
28,28,10,19,19,0.5263157894736842,1.0,4,2,3
61,12,10,19,23,0.5263157894736842,0.8260869565217391,4,1,4
112,2,10,19,22,0.5263157894736842,0.8636363636363636,4,1,4
144,31,10,19,20,0.5263157894736842,0.95,4,2,3
166,25,10,19,21,0.5263157894736842,0.9047619047619048,4,2,4
180,0,10,19,19,0.5263157894736842,1.0,4,1,4
186,1,10,19,19,0.5263157894736842,1.0,4,1,3
218,30,10,19,20,0.5263157894736842,0.95,4,1,3
231,17,10,19,20,0.5263157894736842,0.95,4,1,3
254,0,10,19,20,0.5263157894736842,0.95,4,1,4
255,1,10,19,20,0.5263157894736842,0.95,4,1,4
277,8,10,19,20,0.5263157894736842,0.95,4,2,3
296,18,10,19,19,0.5263157894736842,1.0,4,1,4
315,13,10,19,20,0.5263157894736842,0.95,4,2,4
319,4,10,19,20,0.5263157894736842,0.95,4,1,4
345,24,10,19,20,0.5263157894736842,0.95,4,1,4
441,31,10,19,22,0.5263157894736842,0.8636363636363636,4,1,5
478,1,10,19,20,0.5263157894736842,0.95,4,2,3
490,26,10,19,23,0.5263157894736842,0.8260869565217391,4,1,4
509,26,10,19,21,0.5263157894736842,0.9047619047619048,4,2,3
539,0,10,19,21,0.5263157894736842,0.9047619047619048,4,1,4
572,13,10,19,19,0.5263157894736842,1.0,4,2,3
592,18,10,19,19,0.5263157894736842,1.0,4,2,4
597,11,10,19,20,0.5263157894736842,0.95,4,2,3
628,25,10,19,21,0.5263157894736842,0.9047619047619048,4,1,4
665,0,10,19,19,0.5263157894736842,1.0,4,2,4
669,6,10,19,19,0.5263157894736842,1.0,4,1,4
719,22,10,19,19,0.5263157894736842,1.0,4,2,4
752,21,10,19,20,0.5263157894736842,0.95,4,1,5
795,17,10,19,21,0.5263157894736842,0.9047619047619048,4,2,3
798,30,10,19,19,0.5263157894736842,1.0,4,2,3
805,19,10,19,19,0.5263157894736842,1.0,4,0,5
885,15,10,19,19,0.5263157894736842,1.0,4,1,4
962,10,10,19,19,0.5263157894736842,1.0,4,2,3
967,3,10,19,19,0.5263157894736842,1.0,4,2,3
1030,22,10,19,19,0.5263157894736842,1.0,4,0,5
1093,6,10,19,19,0.5263157894736842,1.0,4,2,3
1236,19,10,19,20,0.5263157894736842,0.95,4,2,3
1312,5,10,19,20,0.5263157894736842,0.95,4,1,4
1359,25,10,19,22,0.5263157894736842,0.8636363636363636,4,1,4
1385,3,10,19,19,0.5263157894736842,1.0,4,2,4
1437,6,10,19,20,0.5263157894736842,0.95,4,2,4
1480,25,10,19,21,0.5263157894736842,0.9047619047619048,4,1,4
1523,19,10,19,20,0.5263157894736842,0.95,4,2,3
1591,0,10,19,19,0.5263157894736842,1.0,4,2,4
1610,20,10,19,20,0.5263157894736842,0.95,4,1,4
1621,17,10,19,20,0.5263157894736842,0.95,4,1,4
1632,14,10,19,20,0.5263157894736842,0.95,4,1,4
1761,18,10,19,19,0.5263157894736842,1.0,4,1,3
1845,14,10,19,20,0.5263157894736842,0.95,4,0,4
1927,17,10,19,22,0.5263157894736842,0.8636363636363636,4,2,3
1944,28,10,19,22,0.5263157894736842,0.8636363636363636,4,2,3
2032,24,10,19,20,0.5263157894736842,0.95,4,1,4
118,13,10,18,19,0.5555555555555556,0.9473684210526315,4,1,4
142,12,10,18,20,0.5555555555555556,0.9,4,2,3
289,12,10,18,21,0.5555555555555556,0.8571428571428571,4,2,4
347,30,10,18,19,0.5555555555555556,0.9473684210526315,4,1,3
352,12,10,18,19,0.5555555555555556,0.9473684210526315,4,2,3
407,28,10,18,18,0.5555555555555556,1.0,4,0,4
440,6,10,18,18,0.5555555555555556,1.0,4,1,4
476,7,10,18,18,0.5555555555555556,1.0,4,2,3
497,22,10,18,19,0.5555555555555556,0.9473684210526315,4,1,3
701,19,10,18,19,0.5555555555555556,0.9473684210526315,4,1,4
775,17,10,18,20,0.5555555555555556,0.9,4,2,3
822,25,10,18,21,0.5555555555555556,0.8571428571428571,4,2,3
894,19,10,18,18,0.5555555555555556,1.0,4,2,3
910,27,10,18,19,0.5555555555555556,0.9473684210526315,4,1,4
925,5,10,18,18,0.5555555555555556,1.0,4,2,4
943,19,10,18,20,0.5555555555555556,0.9,4,1,3
957,13,10,18,24,0.5555555555555556,0.75,4,2,3
960,15,10,18,19,0.5555555555555556,0.9473684210526315,4,1,4
1075,5,10,18,18,0.5555555555555556,1.0,4,1,4
1095,31,10,18,21,0.5555555555555556,0.8571428571428571,4,2,3
1168,25,10,18,19,0.5555555555555556,0.9473684210526315,4,2,3
1254,7,10,18,20,0.5555555555555556,0.9,4,1,3
1301,7,10,18,19,0.5555555555555556,0.9473684210526315,4,2,3
1334,7,10,18,18,0.5555555555555556,1.0,4,1,4
1403,30,10,18,19,0.5555555555555556,0.9473684210526315,4,2,3
1405,11,10,18,20,0.5555555555555556,0.9,4,1,4
1425,22,10,18,21,0.5555555555555556,0.8571428571428571,4,1,3
1485,2,10,18,19,0.5555555555555556,0.9473684210526315,4,1,4
1675,14,10,18,19,0.5555555555555556,0.9473684210526315,4,0,5
1690,14,10,18,20,0.5555555555555556,0.9,4,2,3
1704,18,10,18,18,0.5555555555555556,1.0,4,2,3
1724,15,10,18,20,0.5555555555555556,0.9,4,2,3
1727,11,10,18,20,0.5555555555555556,0.9,4,1,4
1816,19,10,18,18,0.5555555555555556,1.0,4,1,4
1831,7,10,18,20,0.5555555555555556,0.9,4,1,4
1991,22,10,18,20,0.5555555555555556,0.9,4,2,3
2011,21,10,18,18,0.5555555555555556,1.0,4,1,5
2014,19,10,18,18,0.5555555555555556,1.0,4,2,4
234,7,10,17,17,0.5882352941176471,1.0,4,2,4
323,21,10,17,18,0.5882352941176471,0.9444444444444444,4,1,4
405,12,10,17,18,0.5882352941176471,0.9444444444444444,4,2,3
426,21,10,17,18,0.5882352941176471,0.9444444444444444,4,1,4
520,11,10,17,18,0.5882352941176471,0.9444444444444444,4,1,5
1110,19,10,17,17,0.5882352941176471,1.0,4,1,4
1173,20,10,17,18,0.5882352941176471,0.9444444444444444,4,1,4
1209,0,10,17,19,0.5882352941176471,0.8947368421052632,4,2,3
1390,14,10,17,17,0.5882352941176471,1.0,4,1,4
1456,12,10,17,21,0.5882352941176471,0.8095238095238095,4,1,3
1694,10,10,17,19,0.5882352941176471,0.8947368421052632,4,1,4
1802,29,10,17,18,0.5882352941176471,0.9444444444444444,4,0,4
1940,16,10,17,17,0.5882352941176471,1.0,4,2,3
846,16,10,16,17,0.625,0.9411764705882353,4,1,3
1212,7,10,16,17,0.625,0.9411764705882353,4,1,4
1815,19,10,16,17,0.625,0.9411764705882353,4,1,4
1132,10,10,15,17,0.6666666666666666,0.8823529411764706,4,1,4
2017,0,10,15,17,0.6666666666666666,0.8823529411764706,4,2,3
136,10,11,24,25,0.4583333333333333,0.96,4,1,4
730,26,11,24,24,0.4583333333333333,1.0,4,2,4
886,0,11,24,24,0.4583333333333333,1.0,4,1,4
458,27,11,23,24,0.4782608695652174,0.9583333333333334,4,2,3
625,0,11,23,24,0.4782608695652174,0.9583333333333334,4,1,4
897,1,11,23,24,0.4782608695652174,0.9583333333333334,4,2,5
956,29,11,23,24,0.4782608695652174,0.9583333333333334,4,1,4
392,13,11,22,24,0.5,0.9166666666666666,4,1,4
536,14,11,22,23,0.5,0.9565217391304348,4,1,5
589,27,11,22,22,0.5,1.0,4,2,4
657,6,11,22,22,0.5,1.0,4,1,5
748,29,11,22,23,0.5,0.9565217391304348,4,2,3
912,7,11,22,22,0.5,1.0,4,1,4
1297,6,11,22,23,0.5,0.9565217391304348,4,0,5
1428,13,11,22,23,0.5,0.9565217391304348,4,1,4
1682,6,11,22,22,0.5,1.0,4,2,3
1965,22,11,22,22,0.5,1.0,4,1,4
1966,6,11,22,23,0.5,0.9565217391304348,4,1,5
2044,13,11,22,22,0.5,1.0,4,2,4
14,24,11,21,21,0.5238095238095238,1.0,4,1,4
45,18,11,21,21,0.5238095238095238,1.0,4,1,4
74,28,11,21,21,0.5238095238095238,1.0,4,2,4
181,26,11,21,21,0.5238095238095238,1.0,4,1,4
232,24,11,21,25,0.5238095238095238,0.84,4,1,4
317,28,11,21,21,0.5238095238095238,1.0,4,1,4
322,1,11,21,21,0.5238095238095238,1.0,4,1,5
327,5,11,21,22,0.5238095238095238,0.9545454545454546,4,2,4
390,31,11,21,23,0.5238095238095238,0.9130434782608695,4,0,6
398,0,11,21,22,0.5238095238095238,0.9545454545454546,4,2,3
474,29,11,21,23,0.5238095238095238,0.9130434782608695,4,1,4
570,23,11,21,22,0.5238095238095238,0.9545454545454546,4,1,5
580,14,11,21,22,0.5238095238095238,0.9545454545454546,4,1,4
613,11,11,21,22,0.5238095238095238,0.9545454545454546,4,2,4
664,21,11,21,22,0.5238095238095238,0.9545454545454546,4,2,3
821,28,11,21,21,0.5238095238095238,1.0,4,2,5
834,10,11,21,22,0.5238095238095238,0.9545454545454546,4,2,3
838,4,11,21,21,0.5238095238095238,1.0,4,1,6
874,3,11,21,21,0.5238095238095238,1.0,4,2,3
928,31,11,21,21,0.5238095238095238,1.0,4,1,5
949,25,11,21,22,0.5238095238095238,0.9545454545454546,4,0,5
999,28,11,21,21,0.5238095238095238,1.0,4,2,5
1045,22,11,21,22,0.5238095238095238,0.9545454545454546,4,1,5
1061,24,11,21,22,0.5238095238095238,0.9545454545454546,4,2,4
1084,20,11,21,21,0.5238095238095238,1.0,4,1,4
1091,19,11,21,23,0.5238095238095238,0.9130434782608695,4,2,3
1148,16,11,21,21,0.5238095238095238,1.0,4,1,4
1287,15,11,21,21,0.5238095238095238,1.0,4,2,4
1292,8,11,21,21,0.5238095238095238,1.0,4,2,4
1295,30,11,21,22,0.5238095238095238,0.9545454545454546,4,1,4
1367,6,11,21,23,0.5238095238095238,0.9130434782608695,4,2,3
1373,31,11,21,22,0.5238095238095238,0.9545454545454546,4,2,5
1455,3,11,21,21,0.5238095238095238,1.0,4,1,4
1504,15,11,21,23,0.5238095238095238,0.9130434782608695,4,1,4
1521,28,11,21,22,0.5238095238095238,0.9545454545454546,4,1,4
1593,23,11,21,21,0.5238095238095238,1.0,4,1,4
1617,7,11,21,22,0.5238095238095238,0.9545454545454546,4,2,4
1628,6,11,21,22,0.5238095238095238,0.9545454545454546,4,1,4
1696,11,11,21,21,0.5238095238095238,1.0,4,2,3
1721,28,11,21,21,0.5238095238095238,1.0,4,2,4
1753,8,11,21,21,0.5238095238095238,1.0,4,1,4
1778,11,11,21,22,0.5238095238095238,0.9545454545454546,4,2,3
1861,31,11,21,26,0.5238095238095238,0.8076923076923077,4,2,3
1864,17,11,21,21,0.5238095238095238,1.0,4,1,4
1866,17,11,21,22,0.5238095238095238,0.9545454545454546,4,1,4
1996,10,11,21,22,0.5238095238095238,0.9545454545454546,4,2,4
2023,19,11,21,22,0.5238095238095238,0.9545454545454546,4,2,3
27,21,11,20,21,0.55,0.9523809523809523,4,1,4
190,1,11,20,23,0.55,0.8695652173913043,4,1,5
200,18,11,20,20,0.55,1.0,4,2,4
211,14,11,20,21,0.55,0.9523809523809523,4,1,4
257,17,11,20,23,0.55,0.8695652173913043,4,1,5
258,3,11,20,20,0.55,1.0,4,1,4
272,3,11,20,20,0.55,1.0,4,2,4
283,25,11,20,25,0.55,0.8,4,1,5
309,30,11,20,21,0.55,0.9523809523809523,4,1,5
372,19,11,20,21,0.55,0.9523809523809523,4,2,4
408,19,11,20,22,0.55,0.9090909090909091,4,1,4
410,26,11,20,21,0.55,0.9523809523809523,4,1,4
467,20,11,20,20,0.55,1.0,4,1,5
533,24,11,20,21,0.55,0.9523809523809523,4,1,5
634,12,11,20,21,0.55,0.9523809523809523,4,2,4
703,19,11,20,21,0.55,0.9523809523809523,4,2,4
717,15,11,20,21,0.55,0.9523809523809523,4,2,5
723,30,11,20,20,0.55,1.0,4,2,3
728,27,11,20,22,0.55,0.9090909090909091,4,0,4
797,24,11,20,20,0.55,1.0,4,2,4
835,30,11,20,20,0.55,1.0,4,1,5
911,3,11,20,22,0.55,0.9090909090909091,4,2,4
1098,7,11,20,20,0.55,1.0,4,2,3
1106,7,11,20,20,0.55,1.0,4,2,4
1183,2,11,20,23,0.55,0.8695652173913043,4,2,3
1220,19,11,20,20,0.55,1.0,4,2,4
1222,20,11,20,20,0.55,1.0,4,0,4
1240,18,11,20,20,0.55,1.0,4,2,4
1294,17,11,20,20,0.55,1.0,4,2,4
1349,16,11,20,20,0.55,1.0,4,1,4
1363,3,11,20,20,0.55,1.0,4,1,4
1417,20,11,20,21,0.55,0.9523809523809523,4,2,4
1418,19,11,20,22,0.55,0.9090909090909091,4,2,3
1423,18,11,20,20,0.55,1.0,4,2,4
1426,3,11,20,20,0.55,1.0,4,1,4
1431,4,11,20,20,0.55,1.0,4,0,4
1466,6,11,20,21,0.55,0.9523809523809523,4,0,5
1501,1,11,20,20,0.55,1.0,4,1,4
1517,16,11,20,21,0.55,0.9523809523809523,4,1,4
1535,3,11,20,21,0.55,0.9523809523809523,4,2,3
1547,13,11,20,20,0.55,1.0,4,2,3
1582,23,11,20,20,0.55,1.0,4,1,5
1600,26,11,20,21,0.55,0.9523809523809523,4,2,5
1605,13,11,20,20,0.55,1.0,4,2,4
1637,27,11,20,22,0.55,0.9090909090909091,4,2,3
1659,24,11,20,20,0.55,1.0,4,2,4
1668,28,11,20,20,0.55,1.0,4,2,3
1678,4,11,20,20,0.55,1.0,4,2,3
1748,8,11,20,20,0.55,1.0,4,1,4
1772,18,11,20,21,0.55,0.9523809523809523,4,2,3
1823,0,11,20,20,0.55,1.0,4,2,3
1824,26,11,20,20,0.55,1.0,4,1,4
1937,8,11,20,20,0.55,1.0,4,1,4
1955,11,11,20,24,0.55,0.8333333333333334,4,2,4
1,31,11,19,19,0.5789473684210527,1.0,4,1,4
88,1,11,19,20,0.5789473684210527,0.95,4,2,3
164,14,11,19,19,0.5789473684210527,1.0,4,1,5
188,27,11,19,21,0.5789473684210527,0.9047619047619048,4,1,4
275,5,11,19,19,0.5789473684210527,1.0,4,2,4
385,21,11,19,24,0.5789473684210527,0.7916666666666666,4,1,5
491,19,11,19,19,0.5789473684210527,1.0,4,1,4
521,14,11,19,20,0.5789473684210527,0.95,4,2,3
603,13,11,19,23,0.5789473684210527,0.8260869565217391,4,0,5
640,16,11,19,19,0.5789473684210527,1.0,4,0,4
708,5,11,19,21,0.5789473684210527,0.9047619047619048,4,2,3
732,7,11,19,19,0.5789473684210527,1.0,4,2,3
791,29,11,19,20,0.5789473684210527,0.95,4,2,3
841,30,11,19,20,0.5789473684210527,0.95,4,1,4
944,9,11,19,24,0.5789473684210527,0.7916666666666666,4,2,4
948,15,11,19,19,0.5789473684210527,1.0,4,2,3
955,4,11,19,20,0.5789473684210527,0.95,4,2,4
972,28,11,19,19,0.5789473684210527,1.0,4,1,4
1010,21,11,19,24,0.5789473684210527,0.7916666666666666,4,2,3
1029,10,11,19,21,0.5789473684210527,0.9047619047619048,4,1,4
1042,29,11,19,19,0.5789473684210527,1.0,4,2,3
1127,29,11,19,19,0.5789473684210527,1.0,4,2,4
1151,19,11,19,19,0.5789473684210527,1.0,4,2,4
1170,12,11,19,19,0.5789473684210527,1.0,4,2,3
1279,30,11,19,19,0.5789473684210527,1.0,4,2,4
1399,18,11,19,20,0.5789473684210527,0.95,4,1,5
1541,29,11,19,19,0.5789473684210527,1.0,4,2,4
1566,12,11,19,22,0.5789473684210527,0.8636363636363636,4,1,4
1571,25,11,19,19,0.5789473684210527,1.0,4,2,3
1573,21,11,19,19,0.5789473684210527,1.0,4,1,4
1584,18,11,19,20,0.5789473684210527,0.95,4,1,5
1612,3,11,19,21,0.5789473684210527,0.9047619047619048,4,2,4
1640,6,11,19,19,0.5789473684210527,1.0,4,2,4
1776,16,11,19,21,0.5789473684210527,0.9047619047619048,4,1,4
1870,1,11,19,20,0.5789473684210527,0.95,4,2,4
1993,16,11,19,19,0.5789473684210527,1.0,4,2,3
33,6,11,18,18,0.6111111111111112,1.0,4,1,4
156,20,11,18,19,0.6111111111111112,0.9473684210526315,4,2,4
165,21,11,18,20,0.6111111111111112,0.9,4,1,4
195,5,11,18,19,0.6111111111111112,0.9473684210526315,4,2,4
338,11,11,18,21,0.6111111111111112,0.8571428571428571,4,1,5
395,7,11,18,20,0.6111111111111112,0.9,4,2,3
418,18,11,18,19,0.6111111111111112,0.9473684210526315,4,2,4
538,11,11,18,19,0.6111111111111112,0.9473684210526315,4,1,5
649,22,11,18,21,0.6111111111111112,0.8571428571428571,4,1,5
655,5,11,18,20,0.6111111111111112,0.9,4,2,4
825,21,11,18,18,0.6111111111111112,1.0,4,1,4
1027,10,11,18,19,0.6111111111111112,0.9473684210526315,4,2,3
1056,9,11,18,19,0.6111111111111112,0.9473684210526315,4,2,4
1160,11,11,18,21,0.6111111111111112,0.8571428571428571,4,1,4
1327,11,11,18,19,0.6111111111111112,0.9473684210526315,4,2,4
1502,12,11,18,20,0.6111111111111112,0.9,4,1,4
1939,26,11,18,18,0.6111111111111112,1.0,4,1,4
239,27,11,17,17,0.6470588235294118,1.0,4,1,4
668,0,11,17,18,0.6470588235294118,0.9444444444444444,4,1,5
784,29,11,17,19,0.6470588235294118,0.8947368421052632,4,0,5
852,15,11,17,18,0.6470588235294118,0.9444444444444444,4,2,4
1001,0,11,17,17,0.6470588235294118,1.0,4,2,4
1140,28,11,17,18,0.6470588235294118,0.9444444444444444,4,2,4
1180,3,11,17,20,0.6470588235294118,0.85,4,2,4
1370,5,11,17,18,0.6470588235294118,0.9444444444444444,4,2,4
1533,12,11,17,18,0.6470588235294118,0.9444444444444444,4,2,3
1657,23,11,17,18,0.6470588235294118,0.9444444444444444,4,2,4
39,16,11,16,17,0.6875,0.9411764705882353,4,1,4
1917,15,11,16,16,0.6875,1.0,4,2,4
660,0,11,15,17,0.7333333333333333,0.8823529411764706,4,2,5
1284,23,12,24,25,0.5,0.96,4,2,4
111,23,12,23,23,0.5217391304347826,1.0,4,2,4
953,25,12,23,24,0.5217391304347826,0.9583333333333334,4,1,5
1172,9,12,23,24,0.5217391304347826,0.9583333333333334,4,2,4
1325,21,12,23,23,0.5217391304347826,1.0,4,2,4
1525,28,12,23,23,0.5217391304347826,1.0,4,2,4
1558,9,12,23,24,0.5217391304347826,0.9583333333333334,4,2,4
1784,3,12,23,25,0.5217391304347826,0.92,4,2,4
1818,30,12,23,25,0.5217391304347826,0.92,4,2,4
1827,17,12,23,23,0.5217391304347826,1.0,4,2,4
1837,20,12,23,23,0.5217391304347826,1.0,4,3,3
72,16,12,22,23,0.5454545454545454,0.9565217391304348,4,1,6
106,30,12,22,24,0.5454545454545454,0.9166666666666666,4,2,4
253,15,12,22,23,0.5454545454545454,0.9565217391304348,4,2,4
314,15,12,22,22,0.5454545454545454,1.0,4,2,5
330,15,12,22,22,0.5454545454545454,1.0,4,2,4
411,13,12,22,25,0.5454545454545454,0.88,4,1,5
670,24,12,22,22,0.5454545454545454,1.0,4,2,5
840,10,12,22,23,0.5454545454545454,0.9565217391304348,4,2,4
921,8,12,22,22,0.5454545454545454,1.0,4,0,5
941,8,12,22,23,0.5454545454545454,0.9565217391304348,4,1,5
983,25,12,22,24,0.5454545454545454,0.9166666666666666,4,1,4
1204,11,12,22,25,0.5454545454545454,0.88,4,2,4
1508,15,12,22,22,0.5454545454545454,1.0,4,2,4
1791,23,12,22,22,0.5454545454545454,1.0,4,2,5
1809,1,12,22,22,0.5454545454545454,1.0,4,2,4
1875,18,12,22,22,0.5454545454545454,1.0,4,2,4
1907,30,12,22,22,0.5454545454545454,1.0,4,1,5
2037,29,12,22,24,0.5454545454545454,0.9166666666666666,4,2,4
19,14,12,21,22,0.5714285714285714,0.9545454545454546,4,1,5
55,30,12,21,24,0.5714285714285714,0.875,4,1,4
432,16,12,21,21,0.5714285714285714,1.0,4,1,5
622,22,12,21,21,0.5714285714285714,1.0,4,1,5
661,19,12,21,22,0.5714285714285714,0.9545454545454546,4,1,5
721,26,12,21,23,0.5714285714285714,0.9130434782608695,4,2,4
731,18,12,21,21,0.5714285714285714,1.0,4,2,6
1215,17,12,21,22,0.5714285714285714,0.9545454545454546,4,2,4
1493,31,12,21,23,0.5714285714285714,0.9130434782608695,4,2,5
1653,4,12,21,21,0.5714285714285714,1.0,4,2,5
1770,29,12,21,21,0.5714285714285714,1.0,4,2,4
1885,11,12,21,23,0.5714285714285714,0.9130434782608695,4,2,4
2024,17,12,21,21,0.5714285714285714,1.0,4,2,4
20,20,12,20,20,0.6,1.0,4,2,4
35,7,12,20,20,0.6,1.0,4,2,4
210,15,12,20,21,0.6,0.9523809523809523,4,2,4
329,31,12,20,21,0.6,0.9523809523809523,4,1,5
453,24,12,20,20,0.6,1.0,4,2,5
460,8,12,20,20,0.6,1.0,4,1,5
496,16,12,20,23,0.6,0.8695652173913043,4,3,3
659,27,12,20,22,0.6,0.9090909090909091,4,2,4
726,10,12,20,21,0.6,0.9523809523809523,4,2,4
765,20,12,20,20,0.6,1.0,4,2,4
771,18,12,20,21,0.6,0.9523809523809523,4,1,4
829,3,12,20,22,0.6,0.9090909090909091,4,2,5
895,29,12,20,20,0.6,1.0,4,2,4
901,31,12,20,23,0.6,0.8695652173913043,4,1,5
978,13,12,20,23,0.6,0.8695652173913043,4,2,5
980,15,12,20,20,0.6,1.0,4,3,3
1039,8,12,20,21,0.6,0.9523809523809523,4,2,4
1076,6,12,20,20,0.6,1.0,4,2,4
1238,14,12,20,21,0.6,0.9523809523809523,4,3,3
1253,11,12,20,20,0.6,1.0,4,2,4
1422,31,12,20,21,0.6,0.9523809523809523,4,2,4
1505,26,12,20,20,0.6,1.0,4,2,4
1714,27,12,20,20,0.6,1.0,4,1,5
1801,18,12,20,21,0.6,0.9523809523809523,4,2,4
1946,9,12,20,22,0.6,0.9090909090909091,4,2,4
1953,22,12,20,23,0.6,0.8695652173913043,4,2,4
1975,23,12,20,20,0.6,1.0,4,1,4
1990,16,12,20,20,0.6,1.0,4,2,4
138,23,12,19,19,0.631578947368421,1.0,4,2,4
236,0,12,19,19,0.631578947368421,1.0,4,1,5
436,27,12,19,21,0.631578947368421,0.9047619047619048,4,2,4
705,5,12,19,19,0.631578947368421,1.0,4,2,4
958,29,12,19,21,0.631578947368421,0.9047619047619048,4,2,4
1268,18,12,19,20,0.631578947368421,0.95,4,1,4
1291,9,12,19,20,0.631578947368421,0.95,4,2,4
1316,25,12,19,20,0.631578947368421,0.95,4,2,4
1352,20,12,19,19,0.631578947368421,1.0,4,2,4
1398,15,12,19,19,0.631578947368421,1.0,4,2,4
1560,6,12,19,19,0.631578947368421,1.0,4,1,4
1644,12,12,19,22,0.631578947368421,0.8636363636363636,4,2,4
1835,11,12,19,21,0.631578947368421,0.9047619047619048,4,2,4
1869,29,12,19,21,0.631578947368421,0.9047619047619048,4,3,3
85,17,12,18,19,0.6666666666666666,0.9473684210526315,4,2,4
153,19,12,18,19,0.6666666666666666,0.9473684210526315,4,2,4
286,6,12,18,20,0.6666666666666666,0.9,4,2,5
305,29,12,18,18,0.6666666666666666,1.0,4,2,4
498,19,12,18,22,0.6666666666666666,0.8181818181818182,4,1,4
1123,21,12,18,20,0.6666666666666666,0.9,4,2,4
223,23,12,17,18,0.7058823529411765,0.9444444444444444,4,1,5
689,28,12,17,18,0.7058823529411765,0.9444444444444444,4,1,5
1019,3,12,17,18,0.7058823529411765,0.9444444444444444,4,3,3
1252,18,12,17,20,0.7058823529411765,0.85,4,1,4
1499,21,12,17,19,0.7058823529411765,0.8947368421052632,4,2,4
2006,20,12,17,17,0.7058823529411765,1.0,4,2,4
1332,19,12,15,17,0.8,0.8823529411764706,4,2,4
249,5,13,23,23,0.5652173913043478,1.0,4,2,5
712,28,13,23,25,0.5652173913043478,0.92,4,2,5
818,10,13,23,24,0.5652173913043478,0.9583333333333334,4,2,5
1935,1,13,23,25,0.5652173913043478,0.92,4,2,5
10,7,13,22,22,0.5909090909090909,1.0,4,2,4
25,11,13,22,25,0.5909090909090909,0.88,4,2,4
54,0,13,22,23,0.5909090909090909,0.9565217391304348,4,2,4
615,29,13,22,22,0.5909090909090909,1.0,4,2,6
839,12,13,22,24,0.5909090909090909,0.9166666666666666,4,1,5
1107,23,13,22,23,0.5909090909090909,0.9565217391304348,4,2,5
1269,25,13,22,23,0.5909090909090909,0.9565217391304348,4,1,5
1354,16,13,22,23,0.5909090909090909,0.9565217391304348,4,1,5
1607,3,13,22,22,0.5909090909090909,1.0,4,2,5
1754,4,13,22,23,0.5909090909090909,0.9565217391304348,4,1,4
101,3,13,21,21,0.6190476190476191,1.0,4,2,6
149,15,13,21,21,0.6190476190476191,1.0,4,3,4
334,31,13,21,23,0.6190476190476191,0.9130434782608695,4,3,4
386,10,13,21,22,0.6190476190476191,0.9545454545454546,4,2,5
414,17,13,21,22,0.6190476190476191,0.9545454545454546,4,2,4
495,23,13,21,21,0.6190476190476191,1.0,4,3,4
914,6,13,21,21,0.6190476190476191,1.0,4,3,4
1358,10,13,21,22,0.6190476190476191,0.9545454545454546,4,2,4
1476,8,13,21,21,0.6190476190476191,1.0,4,2,4
1805,27,13,21,23,0.6190476190476191,0.9130434782608695,4,2,5
1876,27,13,21,24,0.6190476190476191,0.875,4,2,4
1889,7,13,21,21,0.6190476190476191,1.0,4,2,6
89,27,13,20,23,0.65,0.8695652173913043,4,2,4
145,15,13,20,20,0.65,1.0,4,2,4
271,15,13,20,20,0.65,1.0,4,3,4
379,11,13,20,21,0.65,0.9523809523809523,4,2,4
552,7,13,20,21,0.65,0.9523809523809523,4,3,4
676,10,13,20,20,0.65,1.0,4,3,4
782,8,13,20,22,0.65,0.9090909090909091,4,3,4
1838,23,13,20,20,0.65,1.0,4,2,4
1853,20,13,20,21,0.65,0.9523809523809523,4,2,4
1981,18,13,20,20,0.65,1.0,4,2,4
709,11,13,19,19,0.6842105263157895,1.0,4,2,4
940,13,13,19,20,0.6842105263157895,0.95,4,2,5
1213,20,13,19,20,0.6842105263157895,0.95,4,2,4
1487,0,13,19,20,0.6842105263157895,0.95,4,2,5
1673,27,13,19,21,0.6842105263157895,0.9047619047619048,4,2,4
1822,28,13,19,20,0.6842105263157895,0.95,4,3,4
1882,5,13,19,19,0.6842105263157895,1.0,4,2,4
1978,9,13,19,19,0.6842105263157895,1.0,4,3,4
298,7,13,18,18,0.7222222222222222,1.0,4,2,5
342,28,13,18,18,0.7222222222222222,1.0,4,3,4
919,18,13,18,19,0.7222222222222222,0.9473684210526315,4,2,4
1438,26,13,18,21,0.7222222222222222,0.8571428571428571,4,2,4
753,11,13,17,18,0.7647058823529411,0.9444444444444444,4,3,4
450,17,14,23,23,0.6086956521739131,1.0,4,2,5
452,10,14,23,24,0.6086956521739131,0.9583333333333334,4,2,5
1162,18,14,23,23,0.6086956521739131,1.0,4,2,5
52,28,14,22,22,0.6363636363636364,1.0,4,3,5
992,24,14,22,22,0.6363636363636364,1.0,4,2,6
1189,31,14,22,23,0.6363636363636364,0.9565217391304348,4,3,4
1530,19,14,22,23,0.6363636363636364,0.9565217391304348,4,1,5
1988,25,14,22,24,0.6363636363636364,0.9166666666666666,4,3,4
224,28,14,21,22,0.6666666666666666,0.9545454545454546,4,3,4
242,20,14,21,21,0.6666666666666666,1.0,4,3,4
982,24,14,21,21,0.6666666666666666,1.0,4,3,4
1350,3,14,21,22,0.6666666666666666,0.9545454545454546,4,3,4
1392,4,14,21,21,0.6666666666666666,1.0,4,3,4
1828,0,14,21,22,0.6666666666666666,0.9545454545454546,4,2,4
48,22,14,20,20,0.7,1.0,4,3,5
1293,26,14,20,20,0.7,1.0,4,2,5
1581,10,14,20,21,0.7,0.9523809523809523,4,2,5
1786,22,14,20,21,0.7,0.9523809523809523,4,3,4
1263,10,14,19,21,0.7368421052631579,0.9047619047619048,4,3,4
1035,24,14,18,19,0.7777777777777778,0.9473684210526315,4,3,4
42,20,15,23,23,0.6521739130434783,1.0,4,3,5
151,18,15,22,22,0.6818181818181818,1.0,4,3,5
487,4,15,22,23,0.6818181818181818,0.9565217391304348,4,3,5
1494,14,15,21,22,0.7142857142857143,0.9545454545454546,4,3,4
337,9,15,20,20,0.75,1.0,4,3,5
1703,31,15,19,20,0.7894736842105263,0.95,4,3,4
1421,26,15,18,18,0.8333333333333334,1.0,4,3,4
796,26,16,22,23,0.7272727272727273,0.9565217391304348,4,3,6
619,29,16,21,21,0.7619047619047619,1.0,4,3,5
1242,15,16,20,22,0.8,0.9090909090909091,4,2,5
