variant_id,object_id,stored,success,attempt,usable_good_frac,success_rate,slots,min_slot_count,max_slot_count
1315,24,4,132,135,0.030303030303030304,0.9777777777777777,3,0,3
358,19,5,132,134,0.03787878787878788,0.9850746268656716,3,0,4
79,16,6,125,139,0.048,0.8992805755395683,3,0,3
1768,2,6,111,126,0.05405405405405406,0.8809523809523809,3,1,4
1030,22,7,122,125,0.05737704918032787,0.976,3,0,4
622,22,8,128,131,0.0625,0.9770992366412213,3,0,7
307,16,8,116,123,0.06896551724137931,0.943089430894309,3,1,5
741,4,8,106,114,0.07547169811320754,0.9298245614035088,3,2,4
812,13,9,137,145,0.06569343065693431,0.9448275862068966,3,3,3
1219,18,9,100,115,0.09,0.8695652173913043,3,2,5
1690,14,10,105,116,0.09523809523809523,0.9051724137931034,3,1,8
350,2,11,121,133,0.09090909090909091,0.9097744360902256,3,2,7
733,4,11,121,124,0.09090909090909091,0.9758064516129032,3,0,10
8,21,11,117,129,0.09401709401709402,0.9069767441860465,3,1,7
254,0,12,126,129,0.09523809523809523,0.9767441860465116,3,3,5
313,5,12,122,125,0.09836065573770492,0.976,3,0,9
1304,10,13,131,139,0.09923664122137404,0.9424460431654677,3,1,10
730,26,13,120,123,0.10833333333333334,0.975609756097561,3,3,7
841,30,13,117,120,0.1111111111111111,0.975,3,0,12
1387,17,13,112,118,0.11607142857142858,0.9491525423728814,3,0,11
461,2,13,109,112,0.11926605504587157,0.9732142857142857,3,1,9
507,29,13,68,106,0.19117647058823528,0.6415094339622641,3,0,12
1505,26,14,136,142,0.10294117647058823,0.9577464788732394,3,2,7
257,17,14,134,138,0.1044776119402985,0.9710144927536232,3,0,9
658,16,14,132,133,0.10606060606060606,0.9924812030075187,3,3,7
1437,6,14,123,128,0.11382113821138211,0.9609375,3,2,10
188,27,14,113,122,0.12389380530973451,0.9262295081967213,3,1,10
405,12,14,108,124,0.12962962962962962,0.8709677419354839,3,0,11
1099,12,14,106,135,0.1320754716981132,0.7851851851851852,3,2,7
236,0,14,104,111,0.1346153846153846,0.9369369369369369,3,3,8
52,28,15,145,148,0.10344827586206896,0.9797297297297297,3,2,8
13,26,15,134,138,0.11194029850746269,0.9710144927536232,3,2,7
1260,4,15,134,136,0.11194029850746269,0.9852941176470589,3,0,10
1771,27,15,132,137,0.11363636363636363,0.9635036496350365,3,3,6
883,12,15,120,130,0.125,0.9230769230769231,3,1,13
357,25,15,118,126,0.1271186440677966,0.9365079365079365,3,1,11
935,19,15,117,123,0.1282051282051282,0.9512195121951219,3,3,9
190,1,15,116,120,0.12931034482758622,0.9666666666666667,3,0,9
1184,2,15,100,117,0.15,0.8547008547008547,3,0,13
1342,26,15,97,107,0.15463917525773196,0.9065420560747663,3,2,7
1610,20,16,134,136,0.11940298507462686,0.9852941176470589,3,1,12
42,20,16,123,125,0.13008130081300814,0.984,3,4,7
7,24,16,121,136,0.1322314049586777,0.8897058823529411,3,1,13
241,23,16,120,124,0.13333333333333333,0.967741935483871,3,2,8
1964,14,16,120,120,0.13333333333333333,1.0,3,1,13
493,26,16,112,120,0.14285714285714285,0.9333333333333333,3,5,6
1152,29,16,109,113,0.14678899082568808,0.9646017699115044,3,2,10
165,21,16,93,116,0.17204301075268819,0.8017241379310345,3,3,8
1276,24,17,129,133,0.13178294573643412,0.9699248120300752,3,1,8
1173,20,17,128,132,0.1328125,0.9696969696969697,3,1,14
624,13,17,127,175,0.13385826771653545,0.7257142857142858,3,3,9
1180,3,17,121,129,0.14049586776859505,0.937984496124031,3,2,13
1729,2,17,121,125,0.14049586776859505,0.968,3,3,8
1736,22,18,136,139,0.1323529411764706,0.9784172661870504,3,2,13
1527,25,18,130,143,0.13846153846153847,0.9090909090909091,3,0,17
1377,31,18,129,141,0.13953488372093023,0.9148936170212766,3,0,16
1995,13,18,129,148,0.13953488372093023,0.8716216216216216,3,2,13
1328,28,18,122,126,0.14754098360655737,0.9682539682539683,3,1,15
1586,2,18,120,152,0.15,0.7894736842105263,3,4,7
586,27,18,119,138,0.15126050420168066,0.8623188405797102,3,2,8
1635,16,18,115,123,0.1565217391304348,0.9349593495934959,3,3,11
1293,26,18,98,109,0.1836734693877551,0.8990825688073395,3,3,10
449,7,18,72,104,0.25,0.6923076923076923,3,1,15
1626,2,19,133,155,0.14285714285714285,0.8580645161290322,3,1,12
475,15,19,129,133,0.14728682170542637,0.9699248120300752,3,0,13
665,0,19,128,138,0.1484375,0.927536231884058,3,3,11
1308,19,19,126,131,0.15079365079365079,0.9618320610687023,3,2,10
1655,10,19,126,141,0.15079365079365079,0.8936170212765957,3,4,8
607,13,19,125,191,0.152,0.6544502617801047,3,1,11
68,7,19,122,125,0.1557377049180328,0.976,3,3,9
529,8,19,119,124,0.15966386554621848,0.9596774193548387,3,0,14
341,31,19,116,124,0.16379310344827586,0.9354838709677419,3,3,11
986,28,19,113,118,0.168141592920354,0.9576271186440678,3,3,12
456,14,19,111,118,0.17117117117117117,0.940677966101695,3,3,12
237,9,20,149,154,0.1342281879194631,0.9675324675324676,3,3,11
499,30,20,136,140,0.14705882352941177,0.9714285714285714,3,3,10
971,0,20,125,126,0.16,0.9920634920634921,3,1,11
31,17,20,124,175,0.16129032258064516,0.7085714285714285,3,4,9
674,8,20,124,125,0.16129032258064516,0.992,3,0,12
51,9,20,123,126,0.16260162601626016,0.9761904761904762,3,4,10
1116,9,20,119,121,0.16806722689075632,0.9834710743801653,3,1,11
1719,13,20,113,183,0.17699115044247787,0.6174863387978142,3,1,13
1257,9,20,110,117,0.18181818181818182,0.9401709401709402,3,2,14
60,20,20,107,117,0.18691588785046728,0.9145299145299145,3,3,12
1062,31,20,100,112,0.2,0.8928571428571429,3,2,12
869,14,21,144,154,0.14583333333333334,0.935064935064935,3,2,10
301,27,21,131,132,0.16030534351145037,0.9924242424242424,3,3,10
1255,8,21,130,141,0.16153846153846155,0.9219858156028369,3,0,13
1654,2,21,127,140,0.16535433070866143,0.9071428571428571,3,3,15
1703,31,21,127,139,0.16535433070866143,0.9136690647482014,3,1,15
848,3,21,117,126,0.1794871794871795,0.9285714285714286,3,5,9
1531,4,21,115,122,0.1826086956521739,0.9426229508196722,3,1,11
882,18,21,114,121,0.18421052631578946,0.9421487603305785,3,0,19
1178,31,21,110,120,0.19090909090909092,0.9166666666666666,3,1,19
1849,16,22,149,150,0.1476510067114094,0.9933333333333333,3,1,11
1182,29,22,141,149,0.15602836879432624,0.9463087248322147,3,4,13
1452,9,22,141,145,0.15602836879432624,0.9724137931034482,3,1,17
1139,17,22,134,138,0.16417910447761194,0.9710144927536232,3,0,12
235,31,22,133,140,0.16541353383458646,0.95,3,4,12
928,31,22,133,139,0.16541353383458646,0.9568345323741008,3,1,19
1133,11,22,132,144,0.16666666666666666,0.9166666666666666,3,3,13
1656,13,22,132,160,0.16666666666666666,0.825,3,3,15
305,29,22,128,132,0.171875,0.9696969696969697,3,3,14
489,26,22,125,132,0.176,0.946969696969697,3,6,10
1869,29,22,125,130,0.176,0.9615384615384616,3,2,12
758,30,22,121,121,0.18181818181818182,1.0,3,1,16
683,20,22,120,121,0.18333333333333332,0.9917355371900827,3,4,13
1098,7,22,120,123,0.18333333333333332,0.975609756097561,3,5,11
638,22,22,113,115,0.19469026548672566,0.9826086956521739,3,0,21
150,22,22,110,111,0.2,0.990990990990991,3,7,8
57,8,22,109,119,0.2018348623853211,0.9159663865546218,3,1,16
663,25,22,107,111,0.205607476635514,0.963963963963964,3,5,10
1697,31,22,95,117,0.23157894736842105,0.811965811965812,3,1,20
1517,16,23,150,161,0.15333333333333332,0.9316770186335404,3,2,13
708,5,23,148,171,0.1554054054054054,0.8654970760233918,3,0,18
100,12,23,137,184,0.1678832116788321,0.7445652173913043,3,3,11
1642,24,23,129,137,0.17829457364341086,0.9416058394160584,3,1,11
1153,11,23,127,138,0.18110236220472442,0.9202898550724637,3,0,21
726,10,23,122,135,0.1885245901639344,0.9037037037037037,3,0,18
347,30,23,121,123,0.19008264462809918,0.983739837398374,3,2,18
1728,30,23,120,127,0.19166666666666668,0.9448818897637795,3,2,16
145,15,23,118,126,0.19491525423728814,0.9365079365079365,3,0,16
1155,5,23,118,128,0.19491525423728814,0.921875,3,1,12
1471,22,23,118,122,0.19491525423728814,0.9672131147540983,3,7,9
2015,13,23,116,128,0.19827586206896552,0.90625,3,1,21
1766,17,23,114,117,0.20175438596491227,0.9743589743589743,3,1,15
1459,9,23,105,118,0.21904761904761905,0.8898305084745762,3,1,15
1834,15,23,92,110,0.25,0.8363636363636363,3,1,19
922,14,23,78,103,0.2948717948717949,0.7572815533980582,3,1,12
148,13,24,140,145,0.17142857142857143,0.9655172413793104,3,0,22
599,17,24,139,184,0.17266187050359713,0.7554347826086957,3,0,13
1121,22,24,139,153,0.17266187050359713,0.9084967320261438,3,0,20
1860,29,24,137,145,0.17518248175182483,0.9448275862068966,3,4,15
1335,13,24,136,189,0.17647058823529413,0.7195767195767195,3,3,15
284,10,24,132,142,0.18181818181818182,0.9295774647887324,3,1,13
492,7,24,132,134,0.18181818181818182,0.9850746268656716,3,2,15
898,13,24,132,134,0.18181818181818182,0.9850746268656716,3,0,20
1079,4,24,128,139,0.1875,0.920863309352518,3,0,21
1039,8,24,125,131,0.192,0.9541984732824428,3,5,13
821,28,24,123,128,0.1951219512195122,0.9609375,3,3,18
164,14,24,117,123,0.20512820512820512,0.9512195121951219,3,0,22
557,7,24,116,123,0.20689655172413793,0.943089430894309,3,2,12
1326,9,24,109,115,0.22018348623853212,0.9478260869565217,3,1,15
191,26,24,89,107,0.2696629213483146,0.8317757009345794,3,0,23
540,10,25,140,153,0.17857142857142858,0.9150326797385621,3,1,19
932,23,25,134,135,0.1865671641791045,0.9925925925925926,3,0,18
800,20,25,130,136,0.19230769230769232,0.9558823529411765,3,3,17
787,17,25,129,133,0.1937984496124031,0.9699248120300752,3,1,13
1235,8,25,128,131,0.1953125,0.9770992366412213,3,1,23
1946,9,25,128,132,0.1953125,0.9696969696969697,3,1,15
459,30,25,121,129,0.2066115702479339,0.937984496124031,3,1,19
295,0,25,116,126,0.21551724137931033,0.9206349206349206,3,1,19
1925,2,25,114,120,0.21929824561403508,0.95,3,2,18
660,0,25,107,111,0.2336448598130841,0.963963963963964,3,6,13
225,29,25,90,108,0.2777777777777778,0.8333333333333334,3,0,18
947,30,26,142,144,0.18309859154929578,0.9861111111111112,3,2,19
1490,23,26,140,142,0.18571428571428572,0.9859154929577465,3,6,14
1358,10,26,135,151,0.1925925925925926,0.8940397350993378,3,2,18
1362,7,26,133,135,0.19548872180451127,0.9851851851851852,3,5,12
613,11,26,129,135,0.20155038759689922,0.9555555555555556,3,0,22
1229,9,26,124,126,0.20967741935483872,0.9841269841269841,3,3,13
1640,6,26,124,127,0.20967741935483872,0.9763779527559056,3,1,19
204,25,26,123,128,0.21138211382113822,0.9609375,3,4,15
467,20,26,122,125,0.21311475409836064,0.976,3,7,11
725,27,26,120,123,0.21666666666666667,0.975609756097561,3,4,15
359,4,26,118,128,0.22033898305084745,0.921875,3,5,12
360,3,26,115,119,0.22608695652173913,0.9663865546218487,3,0,15
564,2,26,115,152,0.22608695652173913,0.756578947368421,3,4,13
1865,29,26,115,120,0.22608695652173913,0.9583333333333334,3,3,13
858,12,26,113,125,0.23008849557522124,0.904,3,3,18
1277,7,26,113,120,0.23008849557522124,0.9416666666666667,3,0,18
991,2,26,109,121,0.23853211009174313,0.9008264462809917,3,2,20
1092,27,26,104,114,0.25,0.9122807017543859,3,5,13
184,19,26,103,121,0.2524271844660194,0.8512396694214877,3,1,22
946,11,26,98,126,0.2653061224489796,0.7777777777777778,3,1,23
520,11,26,96,113,0.2708333333333333,0.8495575221238938,3,0,16
1528,0,27,151,157,0.17880794701986755,0.9617834394904459,3,1,21
987,28,27,144,147,0.1875,0.9795918367346939,3,4,17
1905,16,27,137,140,0.19708029197080293,0.9785714285714285,3,3,19
795,17,27,133,140,0.20300751879699247,0.95,3,2,15
699,25,27,132,144,0.20454545454545456,0.9166666666666666,3,1,22
1029,10,27,132,148,0.20454545454545456,0.8918918918918919,3,4,13
1953,22,27,132,149,0.20454545454545456,0.8859060402684564,3,0,23
1313,21,27,130,139,0.2076923076923077,0.935251798561151,3,3,18
1592,27,27,129,132,0.20930232558139536,0.9772727272727273,3,0,22
612,15,27,128,131,0.2109375,0.9770992366412213,3,2,14
1048,29,27,128,131,0.2109375,0.9770992366412213,3,5,12
774,1,27,126,131,0.21428571428571427,0.9618320610687023,3,0,24
1294,17,27,122,126,0.22131147540983606,0.9682539682539683,3,2,13
395,7,27,121,123,0.2231404958677686,0.983739837398374,3,2,15
1008,9,27,118,123,0.2288135593220339,0.959349593495935,3,0,23
170,10,27,111,119,0.24324324324324326,0.9327731092436975,3,2,21
93,2,27,110,129,0.24545454545454545,0.8527131782945736,3,3,14
900,19,27,103,115,0.2621359223300971,0.8956521739130435,3,2,20
1644,12,27,98,122,0.2755102040816326,0.8032786885245902,3,1,24
594,10,27,94,124,0.2872340425531915,0.7580645161290323,3,0,27
1354,16,28,155,161,0.18064516129032257,0.9627329192546584,3,4,19
324,25,28,145,157,0.19310344827586207,0.9235668789808917,3,2,18
887,4,28,145,167,0.19310344827586207,0.8682634730538922,3,2,13
58,23,28,144,146,0.19444444444444445,0.9863013698630136,3,3,18
606,4,28,141,143,0.19858156028368795,0.986013986013986,3,5,14
792,21,28,138,150,0.2028985507246377,0.92,3,2,14
1321,24,28,137,147,0.20437956204379562,0.9319727891156463,3,4,17
644,26,28,133,139,0.21052631578947367,0.9568345323741008,3,3,17
1808,28,28,131,132,0.21374045801526717,0.9924242424242424,3,3,13
302,1,28,127,138,0.2204724409448819,0.9202898550724637,3,0,28
391,13,28,127,187,0.2204724409448819,0.679144385026738,3,1,15
1873,24,28,126,133,0.2222222222222222,0.9473684210526315,3,4,16
340,2,28,125,132,0.224,0.946969696969697,3,1,17
650,30,28,121,124,0.23140495867768596,0.9758064516129032,3,6,12
199,0,28,118,122,0.23728813559322035,0.9672131147540983,3,0,17
501,13,28,117,122,0.23931623931623933,0.9590163934426229,3,2,22
1879,4,28,113,116,0.24778761061946902,0.9741379310344828,3,2,23
1372,7,28,112,117,0.25,0.9572649572649573,3,1,22
1679,20,28,112,115,0.25,0.9739130434782609,3,7,14
2047,8,28,112,120,0.25,0.9333333333333333,3,3,18
306,23,28,79,106,0.35443037974683544,0.7452830188679245,3,3,22
1201,7,29,137,152,0.2116788321167883,0.9013157894736842,3,1,22
107,10,29,135,139,0.21481481481481482,0.9712230215827338,3,2,22
319,4,29,132,137,0.2196969696969697,0.9635036496350365,3,1,25
2007,31,29,130,136,0.2230769230769231,0.9558823529411765,3,5,16
1743,7,29,129,132,0.2248062015503876,0.9772727272727273,3,2,23
218,30,29,128,130,0.2265625,0.9846153846153847,3,6,12
450,17,29,128,135,0.2265625,0.9481481481481482,3,3,21
581,20,29,127,132,0.2283464566929134,0.9621212121212122,3,6,14
1788,0,29,125,129,0.232,0.9689922480620154,3,7,13
227,2,29,124,161,0.23387096774193547,0.7701863354037267,3,5,19
729,29,29,124,127,0.23387096774193547,0.9763779527559056,3,4,16
243,15,29,123,126,0.23577235772357724,0.9761904761904762,3,6,16
565,13,29,123,143,0.23577235772357724,0.8601398601398601,3,1,24
1413,13,29,115,132,0.25217391304347825,0.8712121212121212,3,1,22
952,18,29,114,119,0.2543859649122807,0.957983193277311,3,1,25
1248,3,29,112,116,0.25892857142857145,0.9655172413793104,3,1,24
790,15,29,110,113,0.2636363636363636,0.9734513274336283,3,2,20
1871,27,29,109,115,0.26605504587155965,0.9478260869565217,3,6,12
878,14,29,101,114,0.2871287128712871,0.8859649122807017,3,0,16
81,14,29,77,105,0.37662337662337664,0.7333333333333333,3,3,22
1977,24,30,149,160,0.20134228187919462,0.93125,3,1,15
1312,5,30,147,148,0.20408163265306123,0.9932432432432432,3,4,16
735,13,30,139,170,0.2158273381294964,0.8176470588235294,3,6,14
1606,7,30,137,140,0.21897810218978103,0.9785714285714285,3,4,20
109,13,30,132,149,0.22727272727272727,0.8859060402684564,3,2,21
1718,8,30,131,141,0.22900763358778625,0.9290780141843972,3,1,21
1013,2,30,128,151,0.234375,0.847682119205298,3,0,15
72,16,30,125,132,0.24,0.946969696969697,3,0,29
902,22,30,124,129,0.24193548387096775,0.9612403100775194,3,5,16
972,28,30,123,125,0.24390243902439024,0.984,3,2,19
353,15,30,122,123,0.2459016393442623,0.991869918699187,3,3,24
1509,3,30,122,135,0.2459016393442623,0.9037037037037037,3,0,15
1684,25,30,120,123,0.25,0.975609756097561,3,3,20
500,26,30,118,120,0.2542372881355932,0.9833333333333333,3,5,18
1924,27,30,118,126,0.2542372881355932,0.9365079365079365,3,6,15
1063,2,30,114,127,0.2631578947368421,0.8976377952755905,3,0,28
231,17,30,112,118,0.26785714285714285,0.9491525423728814,3,5,17
563,15,30,110,113,0.2727272727272727,0.9734513274336283,3,3,14
1477,13,30,110,118,0.2727272727272727,0.9322033898305084,3,6,15
1027,10,30,109,114,0.27522935779816515,0.956140350877193,3,4,18
247,18,30,101,113,0.297029702970297,0.8938053097345132,3,5,14
845,4,30,97,114,0.30927835051546393,0.8508771929824561,3,1,25
1839,28,30,97,117,0.30927835051546393,0.8290598290598291,3,0,30
75,5,31,138,156,0.2246376811594203,0.8846153846153846,3,3,21
1929,20,31,138,140,0.2246376811594203,0.9857142857142858,3,4,16
2003,25,31,138,141,0.2246376811594203,0.9787234042553191,3,3,22
1047,22,31,135,139,0.22962962962962963,0.9712230215827338,3,5,19
1780,27,31,133,138,0.23308270676691728,0.9637681159420289,3,1,26
1913,0,31,132,144,0.23484848484848486,0.9166666666666666,3,8,13
757,26,31,130,144,0.23846153846153847,0.9027777777777778,3,2,19
1493,31,31,128,137,0.2421875,0.9343065693430657,3,0,28
2010,12,31,128,175,0.2421875,0.7314285714285714,3,1,23
168,29,31,125,128,0.248,0.9765625,3,2,24
808,25,31,124,130,0.25,0.9538461538461539,3,5,13
1154,0,31,115,132,0.26956521739130435,0.8712121212121212,3,1,27
1461,15,31,115,117,0.26956521739130435,0.9829059829059829,3,1,20
490,26,31,111,127,0.27927927927927926,0.8740157480314961,3,2,17
1921,23,31,110,120,0.2818181818181818,0.9166666666666666,3,3,17
1446,28,31,109,124,0.28440366972477066,0.8790322580645161,3,1,25
1619,0,31,107,119,0.2897196261682243,0.8991596638655462,3,6,16
1338,0,31,102,117,0.30392156862745096,0.8717948717948718,3,4,14
1956,30,31,95,110,0.3263157894736842,0.8636363636363636,3,1,20
2045,31,31,91,108,0.34065934065934067,0.8425925925925926,3,1,22
1670,9,31,77,102,0.4025974025974026,0.7549019607843137,3,3,21
59,17,32,153,156,0.20915032679738563,0.9807692307692307,3,7,17
587,4,32,144,150,0.2222222222222222,0.96,3,6,16
794,31,32,142,176,0.22535211267605634,0.8068181818181818,3,1,29
956,29,32,142,152,0.22535211267605634,0.9342105263157895,3,0,28
1137,12,32,140,162,0.22857142857142856,0.8641975308641975,3,0,19
458,27,32,135,153,0.23703703703703705,0.8823529411764706,3,1,21
151,18,32,133,134,0.24060150375939848,0.9925373134328358,3,2,23
1671,5,32,128,128,0.25,1.0,3,0,21
1259,30,32,125,127,0.256,0.984251968503937,3,2,24
1750,16,32,120,123,0.26666666666666666,0.975609756097561,3,5,17
989,3,32,119,126,0.2689075630252101,0.9444444444444444,3,5,14
1456,12,32,118,144,0.2711864406779661,0.8194444444444444,3,1,25
37,2,32,116,122,0.27586206896551724,0.9508196721311475,3,3,17
119,12,32,115,132,0.2782608695652174,0.8712121212121212,3,5,17
1597,7,32,115,118,0.2782608695652174,0.9745762711864406,3,2,28
1630,23,32,115,118,0.2782608695652174,0.9745762711864406,3,0,32
1914,0,32,109,120,0.29357798165137616,0.9083333333333333,3,1,29
1851,10,32,99,119,0.32323232323232326,0.8319327731092437,3,1,23
870,15,32,96,111,0.3333333333333333,0.8648648648648649,3,1,18
135,20,33,147,158,0.22448979591836735,0.930379746835443,3,2,16
1273,11,33,142,155,0.2323943661971831,0.9161290322580645,3,0,32
1676,9,33,136,138,0.2426470588235294,0.9855072463768116,3,1,18
629,3,33,135,148,0.24444444444444444,0.9121621621621622,3,9,14
537,31,33,134,148,0.2462686567164179,0.9054054054054054,3,5,22
1488,13,33,132,142,0.25,0.9295774647887324,3,3,25
836,29,33,131,137,0.25190839694656486,0.9562043795620438,3,1,21
1773,31,33,130,149,0.25384615384615383,0.87248322147651,3,1,25
783,17,33,129,135,0.2558139534883721,0.9555555555555556,3,0,24
512,11,33,128,135,0.2578125,0.9481481481481482,3,4,24
791,29,33,127,130,0.25984251968503935,0.9769230769230769,3,0,27
1629,12,33,127,145,0.25984251968503935,0.8758620689655172,3,5,20
2014,19,33,127,130,0.25984251968503935,0.9769230769230769,3,2,22
1076,6,33,125,126,0.264,0.9920634920634921,3,3,17
1238,14,33,125,128,0.264,0.9765625,3,2,17
43,0,33,124,128,0.2661290322580645,0.96875,3,2,20
1720,18,33,124,125,0.2661290322580645,0.992,3,5,17
311,4,33,121,127,0.2727272727272727,0.952755905511811,3,0,29
510,5,33,119,130,0.2773109243697479,0.9153846153846154,3,9,13
1847,25,33,119,123,0.2773109243697479,0.967479674796748,3,4,17
574,9,33,116,117,0.28448275862068967,0.9914529914529915,3,6,17
1132,10,33,112,118,0.29464285714285715,0.9491525423728814,3,2,16
130,22,33,106,126,0.3113207547169811,0.8412698412698413,3,1,22
648,6,33,103,112,0.32038834951456313,0.9196428571428571,3,3,20
1118,22,33,102,112,0.3235294117647059,0.9107142857142857,3,1,24
856,27,33,99,113,0.3333333333333333,0.8761061946902655,3,1,28
958,29,34,144,157,0.2361111111111111,0.9171974522292994,3,1,32
1290,23,34,144,150,0.2361111111111111,0.96,3,3,19
1709,30,34,141,144,0.24113475177304963,0.9791666666666666,3,6,16
1713,14,34,140,146,0.24285714285714285,0.958904109589041,3,6,21
1825,5,34,138,143,0.2463768115942029,0.965034965034965,3,1,19
477,22,34,137,138,0.24817518248175183,0.9927536231884058,3,2,17
1278,19,34,136,142,0.25,0.9577464788732394,3,4,17
1992,26,34,135,147,0.2518518518518518,0.9183673469387755,3,3,24
1425,22,34,134,139,0.2537313432835821,0.9640287769784173,3,5,17
482,12,34,132,145,0.25757575757575757,0.9103448275862069,3,7,15
717,15,34,131,134,0.2595419847328244,0.9776119402985075,3,1,29
626,10,34,130,139,0.26153846153846155,0.935251798561151,3,0,19
397,6,34,129,132,0.26356589147286824,0.9772727272727273,3,1,32
166,25,34,128,129,0.265625,0.9922480620155039,3,5,23
805,19,34,127,132,0.2677165354330709,0.9621212121212122,3,3,27
221,20,34,126,127,0.2698412698412698,0.9921259842519685,3,9,14
1848,29,34,126,129,0.2698412698412698,0.9767441860465116,3,1,32
803,11,34,123,142,0.2764227642276423,0.8661971830985915,3,5,17
1662,0,34,123,125,0.2764227642276423,0.984,3,6,18
4,24,34,122,124,0.2786885245901639,0.9838709677419355,3,2,29
1112,31,34,118,134,0.288135593220339,0.8805970149253731,3,0,21
1183,2,34,117,151,0.2905982905982906,0.7748344370860927,3,4,24
1386,1,34,116,119,0.29310344827586204,0.9747899159663865,3,3,26
1829,3,34,115,118,0.2956521739130435,0.9745762711864406,3,7,20
1984,20,34,111,115,0.3063063063063063,0.9652173913043478,3,3,17
95,16,34,107,121,0.3177570093457944,0.8842975206611571,3,0,20
1999,24,34,107,112,0.3177570093457944,0.9553571428571429,3,0,30
187,2,34,103,123,0.3300970873786408,0.8373983739837398,3,6,15
1292,8,35,141,146,0.24822695035460993,0.9657534246575342,3,5,16
1115,19,35,140,150,0.25,0.9333333333333333,3,2,25
1218,18,35,139,141,0.2517985611510791,0.9858156028368794,3,10,14
174,17,35,135,160,0.25925925925925924,0.84375,3,4,24
1986,12,35,135,166,0.25925925925925924,0.8132530120481928,3,2,18
705,5,35,133,137,0.2631578947368421,0.9708029197080292,3,2,30
1083,26,35,133,144,0.2631578947368421,0.9236111111111112,3,1,32
1590,5,35,133,141,0.2631578947368421,0.9432624113475178,3,6,20
378,17,35,132,138,0.26515151515151514,0.9565217391304348,3,0,27
1005,23,35,128,130,0.2734375,0.9846153846153847,3,0,32
297,27,35,127,133,0.2755905511811024,0.9548872180451128,3,1,19
1097,17,35,126,135,0.2777777777777778,0.9333333333333333,3,7,19
1661,4,35,126,128,0.2777777777777778,0.984375,3,1,32
1150,10,35,124,131,0.28225806451612906,0.9465648854961832,3,3,18
203,13,35,122,126,0.28688524590163933,0.9682539682539683,3,6,18
1009,20,35,122,125,0.28688524590163933,0.976,3,5,21
1952,21,35,119,130,0.29411764705882354,0.9153846153846154,3,0,22
1975,23,35,119,125,0.29411764705882354,0.952,3,1,32
1052,17,35,116,145,0.3017241379310345,0.8,3,10,13
1166,28,35,113,115,0.30973451327433627,0.9826086956521739,3,1,20
22,25,35,112,118,0.3125,0.9491525423728814,3,0,32
1175,21,35,108,122,0.32407407407407407,0.8852459016393442,3,1,32
1334,7,35,105,114,0.3333333333333333,0.9210526315789473,3,0,29
1239,11,35,102,115,0.3431372549019608,0.8869565217391304,3,0,32
1212,7,35,97,109,0.36082474226804123,0.8899082568807339,3,9,15
1341,13,35,93,204,0.3763440860215054,0.45588235294117646,3,8,17
544,26,35,91,111,0.38461538461538464,0.8198198198198198,3,1,32
610,27,36,149,159,0.24161073825503357,0.9371069182389937,3,1,24
938,23,36,146,147,0.2465753424657534,0.9931972789115646,3,6,21
1858,15,36,146,151,0.2465753424657534,0.9668874172185431,3,0,27
1516,6,36,144,146,0.25,0.9863013698630136,3,3,18
436,27,36,142,153,0.2535211267605634,0.9281045751633987,3,2,20
1609,9,36,141,145,0.2553191489361702,0.9724137931034482,3,0,32
1793,24,36,139,153,0.2589928057553957,0.9084967320261438,3,7,18
519,17,36,138,141,0.2608695652173913,0.9787234042553191,3,3,27
593,0,36,137,145,0.26277372262773724,0.9448275862068966,3,3,18
505,25,36,136,140,0.2647058823529412,0.9714285714285714,3,3,25
789,5,36,136,148,0.2647058823529412,0.918918918918919,3,6,23
1252,18,36,134,136,0.26865671641791045,0.9852941176470589,3,5,16
376,14,36,131,136,0.2748091603053435,0.9632352941176471,3,7,21
854,18,36,131,134,0.2748091603053435,0.9776119402985075,3,5,17
1474,14,36,128,134,0.28125,0.9552238805970149,3,0,23
584,22,36,125,129,0.288,0.9689922480620154,3,1,32
827,25,36,125,131,0.288,0.9541984732824428,3,2,30
627,9,36,124,132,0.2903225806451613,0.9393939393939394,3,3,27
1261,14,36,123,129,0.2926829268292683,0.9534883720930233,3,2,19
579,5,36,122,129,0.29508196721311475,0.9457364341085271,3,7,16
1414,1,36,122,130,0.29508196721311475,0.9384615384615385,3,4,26
567,10,36,117,134,0.3076923076923077,0.8731343283582089,3,1,23
797,24,36,115,122,0.3130434782608696,0.9426229508196722,3,0,32
1070,13,36,108,173,0.3333333333333333,0.6242774566473989,3,7,21
1253,11,36,108,113,0.3333333333333333,0.9557522123893806,3,7,16
1331,2,36,108,130,0.3333333333333333,0.8307692307692308,3,8,15
1332,19,36,108,121,0.3333333333333333,0.8925619834710744,3,0,28
1906,26,36,92,109,0.391304347826087,0.8440366972477065,3,5,21
1878,7,37,163,171,0.22699386503067484,0.9532163742690059,3,5,24
1156,10,37,145,159,0.25517241379310346,0.9119496855345912,3,7,23
383,23,37,142,146,0.2605633802816901,0.9726027397260274,3,0,26
2035,11,37,142,154,0.2605633802816901,0.922077922077922,3,5,26
929,7,37,141,151,0.2624113475177305,0.9337748344370861,3,2,32
208,17,37,140,147,0.2642857142857143,0.9523809523809523,3,0,26
2,25,37,137,142,0.27007299270072993,0.9647887323943662,3,3,21
214,25,37,136,146,0.27205882352941174,0.9315068493150684,3,0,23
392,13,37,136,149,0.27205882352941174,0.912751677852349,3,0,32
920,30,37,136,140,0.27205882352941174,0.9714285714285714,3,8,16
1340,14,37,135,136,0.2740740740740741,0.9926470588235294,3,7,22
1620,12,37,135,153,0.2740740740740741,0.8823529411764706,3,1,24
767,1,37,134,145,0.27611940298507465,0.9241379310344827,3,2,32
591,24,37,131,139,0.2824427480916031,0.9424460431654677,3,3,25
746,4,37,131,134,0.2824427480916031,0.9776119402985075,3,2,18
1738,19,37,131,148,0.2824427480916031,0.8851351351351351,3,2,32
1791,23,37,130,134,0.2846153846153846,0.9701492537313433,3,1,32
576,19,37,129,135,0.2868217054263566,0.9555555555555556,3,1,26
756,27,37,127,138,0.29133858267716534,0.9202898550724637,3,1,32
15,21,37,126,137,0.29365079365079366,0.9197080291970803,3,3,27
230,12,37,125,143,0.296,0.8741258741258742,3,1,32
796,26,37,123,148,0.3008130081300813,0.831081081081081,3,1,32
1856,2,37,120,134,0.30833333333333335,0.8955223880597015,3,2,26
1923,24,37,119,124,0.31092436974789917,0.9596774193548387,3,0,32
1971,23,37,119,122,0.31092436974789917,0.9754098360655737,3,0,32
1086,1,37,118,124,0.3135593220338983,0.9516129032258065,3,0,29
281,26,37,117,128,0.3162393162393162,0.9140625,3,3,19
623,21,37,117,131,0.3162393162393162,0.8931297709923665,3,3,30
931,15,37,116,116,0.31896551724137934,1.0,3,1,20
1176,2,37,116,131,0.31896551724137934,0.8854961832061069,3,0,32
654,16,37,114,120,0.32456140350877194,0.95,3,4,20
333,21,37,110,117,0.33636363636363636,0.9401709401709402,3,1,20
1554,13,37,109,120,0.3394495412844037,0.9083333333333333,3,0,32
1404,15,37,108,116,0.3425925925925926,0.9310344827586207,3,5,23
772,23,37,105,111,0.3523809523809524,0.9459459459459459,3,3,23
1263,10,37,105,120,0.3523809523809524,0.875,3,4,27
711,0,37,103,122,0.3592233009708738,0.8442622950819673,3,0,25
837,9,37,95,109,0.3894736842105263,0.8715596330275229,3,1,19
171,11,38,150,172,0.25333333333333335,0.872093023255814,3,1,27
592,18,38,146,147,0.2602739726027397,0.9931972789115646,3,5,23
460,8,38,144,154,0.2638888888888889,0.935064935064935,3,1,31
863,30,38,138,139,0.2753623188405797,0.9928057553956835,3,5,23
468,31,38,137,145,0.2773722627737226,0.9448275862068966,3,1,32
653,30,38,137,140,0.2773722627737226,0.9785714285714285,3,1,32
727,24,38,135,141,0.2814814814814815,0.9574468085106383,3,4,25
1324,15,38,134,137,0.2835820895522388,0.9781021897810219,3,2,31
48,22,38,133,138,0.2857142857142857,0.9637681159420289,3,1,28
855,21,38,131,139,0.2900763358778626,0.9424460431654677,3,2,32
1740,0,38,130,136,0.2923076923076923,0.9558823529411765,3,1,31
1015,29,38,127,138,0.2992125984251969,0.9202898550724637,3,1,29
298,7,38,126,130,0.30158730158730157,0.9692307692307692,3,3,23
874,3,38,126,127,0.30158730158730157,0.9921259842519685,3,3,23
955,4,38,124,129,0.3064516129032258,0.9612403100775194,3,1,29
1689,30,38,121,123,0.3140495867768595,0.983739837398374,3,2,32
857,11,38,120,137,0.31666666666666665,0.8759124087591241,3,3,32
260,12,38,116,163,0.3275862068965517,0.7116564417177914,3,2,32
1789,9,38,116,118,0.3275862068965517,0.9830508474576272,3,4,19
1240,18,38,114,118,0.3333333333333333,0.9661016949152542,3,7,16
839,12,38,111,135,0.34234234234234234,0.8222222222222222,3,2,30
1857,31,38,110,121,0.34545454545454546,0.9090909090909091,3,1,20
49,11,38,109,124,0.3486238532110092,0.8790322580645161,3,8,21
1583,19,38,101,116,0.37623762376237624,0.8706896551724138,3,1,28
975,24,38,98,113,0.3877551020408163,0.8672566371681416,3,5,27
23,0,38,97,110,0.3917525773195876,0.8818181818181818,3,1,32
1868,4,39,156,164,0.25,0.9512195121951219,3,2,32
897,1,39,150,164,0.26,0.9146341463414634,3,3,27
568,27,39,141,149,0.2765957446808511,0.9463087248322147,3,13,13
1302,10,39,140,151,0.2785714285714286,0.9271523178807947,3,4,24
942,5,39,139,151,0.2805755395683453,0.9205298013245033,3,1,25
944,9,39,135,140,0.28888888888888886,0.9642857142857143,3,2,19
176,5,39,134,149,0.291044776119403,0.8993288590604027,3,3,28
1359,25,39,132,136,0.29545454545454547,0.9705882352941176,3,3,32
1938,8,39,131,134,0.29770992366412213,0.9776119402985075,3,1,32
861,8,39,130,133,0.3,0.9774436090225563,3,4,21
1158,10,39,128,135,0.3046875,0.9481481481481482,3,1,28
1397,24,39,128,129,0.3046875,0.9922480620155039,3,5,25
1631,21,39,125,134,0.312,0.9328358208955224,3,9,19
1730,17,39,125,128,0.312,0.9765625,3,6,25
1764,25,39,125,128,0.312,0.9765625,3,3,32
1214,24,39,124,128,0.31451612903225806,0.96875,3,1,30
1280,12,39,124,134,0.31451612903225806,0.9253731343283582,3,10,16
1104,30,39,123,125,0.3170731707317073,0.984,3,1,26
426,21,39,121,127,0.32231404958677684,0.952755905511811,3,2,32
342,28,39,120,121,0.325,0.9917355371900827,3,9,19
2022,10,39,119,125,0.3277310924369748,0.952,3,3,32
1023,2,39,118,127,0.3305084745762712,0.9291338582677166,3,2,32
685,13,39,117,120,0.3333333333333333,0.975,3,2,25
1680,2,39,115,122,0.3391304347826087,0.9426229508196722,3,6,25
700,23,39,107,110,0.3644859813084112,0.9727272727272728,3,2,28
141,2,39,103,129,0.3786407766990291,0.7984496124031008,3,6,19
1391,14,39,102,108,0.38235294117647056,0.9444444444444444,3,0,27
1087,18,39,94,110,0.4148936170212766,0.8545454545454545,3,4,26
1567,2,39,91,108,0.42857142857142855,0.8425925925925926,3,1,32
614,14,40,141,143,0.28368794326241137,0.986013986013986,3,1,32
268,22,40,139,155,0.28776978417266186,0.896774193548387,3,1,28
1433,4,40,139,143,0.28776978417266186,0.972027972027972,3,2,27
252,26,40,137,144,0.291970802919708,0.9513888888888888,3,5,21
1119,25,40,136,138,0.29411764705882354,0.9855072463768116,3,0,28
1429,27,40,133,134,0.3007518796992481,0.9925373134328358,3,3,30
1827,17,40,132,152,0.30303030303030304,0.868421052631579,3,3,32
1420,28,40,130,131,0.3076923076923077,0.9923664122137404,3,0,32
1498,4,40,130,130,0.3076923076923077,1.0,3,1,32
206,26,40,129,138,0.31007751937984496,0.9347826086956522,3,3,32
1557,11,40,128,145,0.3125,0.8827586206896552,3,4,31
1520,7,40,126,129,0.31746031746031744,0.9767441860465116,3,1,32
910,27,40,125,131,0.32,0.9541984732824428,3,4,32
1685,16,40,125,133,0.32,0.9398496240601504,3,0,30
1965,22,40,125,127,0.32,0.984251968503937,3,0,32
761,13,40,123,124,0.3252032520325203,0.9919354838709677,3,1,27
1513,26,40,122,127,0.32786885245901637,0.9606299212598425,3,0,32
1282,21,40,121,130,0.3305785123966942,0.9307692307692308,3,0,32
963,17,40,116,125,0.3448275862068966,0.928,3,9,18
1151,19,40,113,120,0.35398230088495575,0.9416666666666667,3,1,26
1264,18,40,113,120,0.35398230088495575,0.9416666666666667,3,0,21
1608,18,40,113,120,0.35398230088495575,0.9416666666666667,3,5,30
1163,3,40,109,119,0.3669724770642202,0.9159663865546218,3,0,26
1057,7,40,105,112,0.38095238095238093,0.9375,3,0,30
1055,2,40,102,113,0.39215686274509803,0.9026548672566371,3,2,25
583,20,41,157,163,0.2611464968152866,0.9631901840490797,3,3,22
1798,5,41,152,173,0.26973684210526316,0.8786127167630058,3,7,24
158,27,41,149,152,0.2751677852348993,0.9802631578947368,3,6,23
266,4,41,145,148,0.2827586206896552,0.9797297297297297,3,4,30
1250,12,41,141,175,0.2907801418439716,0.8057142857142857,3,0,25
1417,20,41,139,139,0.2949640287769784,1.0,3,5,28
96,0,41,138,145,0.2971014492753623,0.9517241379310345,3,5,20
1576,3,41,138,139,0.2971014492753623,0.9928057553956835,3,2,20
1436,4,41,137,152,0.29927007299270075,0.9013157894736842,3,3,20
1795,31,41,137,154,0.29927007299270075,0.8896103896103896,3,5,31
111,23,41,136,137,0.3014705882352941,0.9927007299270073,3,4,19
1807,23,41,136,147,0.3014705882352941,0.9251700680272109,3,1,21
396,0,41,135,139,0.3037037037037037,0.9712230215827338,3,1,21
562,19,41,134,149,0.30597014925373134,0.8993288590604027,3,0,21
1922,17,41,133,139,0.3082706766917293,0.9568345323741008,3,2,30
419,10,41,131,136,0.31297709923664124,0.9632352941176471,3,3,21
545,2,41,131,166,0.31297709923664124,0.7891566265060241,3,4,29
226,5,41,129,133,0.3178294573643411,0.9699248120300752,3,0,30
325,29,41,129,139,0.3178294573643411,0.9280575539568345,3,3,32
718,23,41,129,133,0.3178294573643411,0.9699248120300752,3,2,32
1018,31,41,128,130,0.3203125,0.9846153846153847,3,10,21
1223,30,41,128,134,0.3203125,0.9552238805970149,3,9,22
645,3,41,127,139,0.3228346456692913,0.9136690647482014,3,0,29
1325,21,41,127,133,0.3228346456692913,0.9548872180451128,3,4,32
1476,8,41,123,129,0.3333333333333333,0.9534883720930233,3,6,21
799,2,41,122,125,0.3360655737704918,0.976,3,3,28
1211,12,41,118,149,0.3474576271186441,0.7919463087248322,3,0,26
61,12,41,117,140,0.3504273504273504,0.8357142857142857,3,5,25
344,2,41,116,127,0.35344827586206895,0.9133858267716536,3,3,26
1522,7,41,116,119,0.35344827586206895,0.9747899159663865,3,5,26
1439,22,41,115,119,0.3565217391304348,0.9663865546218487,3,3,31
1096,21,41,114,116,0.35964912280701755,0.9827586206896551,3,9,16
714,8,41,107,112,0.38317757009345793,0.9553571428571429,3,4,30
543,8,41,102,112,0.4019607843137255,0.9107142857142857,3,0,32
1926,28,41,102,108,0.4019607843137255,0.9444444444444444,3,3,20
1935,1,42,152,163,0.27631578947368424,0.9325153374233128,3,2,29
408,19,42,145,148,0.2896551724137931,0.9797297297297297,3,7,25
1853,20,42,144,150,0.2916666666666667,0.96,3,6,25
636,6,42,143,146,0.2937062937062937,0.9794520547945206,3,6,28
966,7,42,142,146,0.29577464788732394,0.9726027397260274,3,5,20
1746,14,42,142,149,0.29577464788732394,0.9530201342281879,3,10,20
1753,8,42,142,146,0.29577464788732394,0.9726027397260274,3,10,18
270,31,42,138,147,0.30434782608695654,0.9387755102040817,3,4,29
860,29,42,137,142,0.30656934306569344,0.9647887323943662,3,3,32
1044,25,42,135,143,0.3111111111111111,0.9440559440559441,3,4,28
1199,6,42,133,135,0.3157894736842105,0.9851851851851852,3,5,30
554,10,42,132,136,0.3181818181818182,0.9705882352941176,3,1,22
1721,28,42,130,133,0.3230769230769231,0.9774436090225563,3,3,25
530,10,42,129,137,0.32558139534883723,0.9416058394160584,3,5,19
1599,23,42,129,131,0.32558139534883723,0.9847328244274809,3,1,31
1637,27,42,129,132,0.32558139534883723,0.9772727272727273,3,3,26
1171,5,42,128,136,0.328125,0.9411764705882353,3,0,32
2024,17,42,128,128,0.328125,1.0,3,5,32
739,22,42,127,132,0.33070866141732286,0.9621212121212122,3,3,24
1708,25,42,127,136,0.33070866141732286,0.9338235294117647,3,0,23
223,23,42,126,128,0.3333333333333333,0.984375,3,3,21
303,18,42,126,126,0.3333333333333333,1.0,3,8,21
1536,23,42,126,128,0.3333333333333333,0.984375,3,0,21
1287,15,42,125,131,0.336,0.9541984732824428,3,4,32
374,25,42,123,132,0.34146341463414637,0.9318181818181818,3,1,32
605,29,42,122,128,0.3442622950819672,0.953125,3,0,28
1075,5,42,118,123,0.3559322033898305,0.959349593495935,3,5,31
1106,7,42,118,123,0.3559322033898305,0.959349593495935,3,7,26
351,7,42,116,123,0.3620689655172414,0.943089430894309,3,5,20
1497,19,42,116,128,0.3620689655172414,0.90625,3,10,20
1064,4,42,114,117,0.3684210526315789,0.9743589743589743,3,2,20
1466,6,42,114,118,0.3684210526315789,0.9661016949152542,3,10,22
1920,28,42,113,117,0.37168141592920356,0.9658119658119658,3,1,30
1949,20,42,113,120,0.37168141592920356,0.9416666666666667,3,4,29
384,14,42,112,117,0.375,0.9572649572649573,3,6,29
1110,19,42,112,119,0.375,0.9411764705882353,3,3,25
1570,10,42,112,123,0.375,0.9105691056910569,3,4,32
1694,10,42,112,122,0.375,0.9180327868852459,3,3,32
1543,12,42,111,126,0.3783783783783784,0.8809523809523809,3,1,28
336,21,42,110,116,0.38181818181818183,0.9482758620689655,3,11,20
524,30,42,105,110,0.4,0.9545454545454546,3,2,21
1396,4,42,100,111,0.42,0.9009009009009009,3,6,24
641,24,42,93,115,0.45161290322580644,0.808695652173913,3,4,22
1105,23,43,155,156,0.27741935483870966,0.9935897435897436,3,3,27
1959,20,43,147,158,0.2925170068027211,0.930379746835443,3,6,19
343,27,43,144,154,0.2986111111111111,0.935064935064935,3,7,27
1266,1,43,143,145,0.3006993006993007,0.9862068965517241,3,5,23
55,30,43,141,149,0.3049645390070922,0.9463087248322147,3,2,32
279,13,43,135,158,0.31851851851851853,0.8544303797468354,3,3,26
871,14,43,134,138,0.3208955223880597,0.9710144927536232,3,0,32
949,25,43,134,140,0.3208955223880597,0.9571428571428572,3,1,23
197,12,43,133,149,0.3233082706766917,0.8926174496644296,3,5,22
215,27,43,133,139,0.3233082706766917,0.9568345323741008,3,3,32
1442,18,43,131,131,0.3282442748091603,1.0,3,2,32
256,17,43,130,143,0.33076923076923076,0.9090909090909091,3,1,26
1196,5,43,130,137,0.33076923076923076,0.948905109489051,3,5,26
1645,15,43,128,129,0.3359375,0.9922480620155039,3,2,21
1735,7,43,128,130,0.3359375,0.9846153846153847,3,4,32
666,3,43,127,128,0.33858267716535434,0.9921875,3,1,32
1572,0,43,127,132,0.33858267716535434,0.9621212121212122,3,5,31
1658,13,43,127,129,0.33858267716535434,0.9844961240310077,3,1,32
631,31,43,125,137,0.344,0.9124087591240876,3,7,22
1448,21,43,125,129,0.344,0.9689922480620154,3,0,32
1552,21,43,125,136,0.344,0.9191176470588235,3,3,20
27,21,43,124,139,0.3467741935483871,0.8920863309352518,3,3,32
549,28,43,123,124,0.34959349593495936,0.9919354838709677,3,4,20
1908,27,43,123,125,0.34959349593495936,0.984,3,2,31
251,9,43,122,126,0.3524590163934426,0.9682539682539683,3,2,29
691,25,43,122,126,0.3524590163934426,0.9682539682539683,3,10,20
1428,13,43,120,196,0.35833333333333334,0.6122448979591837,3,6,22
1777,29,43,119,124,0.36134453781512604,0.9596774193548387,3,1,27
1727,11,43,118,121,0.3644067796610169,0.9752066115702479,3,3,32
957,13,43,117,156,0.36752136752136755,0.75,3,9,22
1465,12,43,117,128,0.36752136752136755,0.9140625,3,8,21
732,7,43,116,126,0.3706896551724138,0.9206349206349206,3,3,24
34,31,43,113,119,0.3805309734513274,0.9495798319327731,3,7,29
255,1,43,113,119,0.3805309734513274,0.9495798319327731,3,3,25
981,12,43,113,132,0.3805309734513274,0.8560606060606061,3,2,27
154,21,43,112,121,0.38392857142857145,0.9256198347107438,3,4,32
335,21,43,109,120,0.3944954128440367,0.9083333333333333,3,6,19
1843,30,43,108,112,0.39814814814814814,0.9642857142857143,3,12,18
1785,8,43,95,106,0.45263157894736844,0.8962264150943396,3,0,32
1472,5,44,157,178,0.2802547770700637,0.8820224719101124,3,4,32
228,29,44,150,160,0.29333333333333333,0.9375,3,10,24
106,30,44,149,152,0.2953020134228188,0.9802631578947368,3,3,32
1850,6,44,149,152,0.2953020134228188,0.9802631578947368,3,8,25
915,23,44,148,162,0.2972972972972973,0.9135802469135802,3,1,23
474,29,44,146,148,0.3013698630136986,0.9864864864864865,3,2,24
124,26,44,142,152,0.30985915492957744,0.9342105263157895,3,4,32
1812,15,44,142,144,0.30985915492957744,0.9861111111111112,3,4,32
1357,29,44,140,147,0.3142857142857143,0.9523809523809523,3,4,31
128,13,44,139,169,0.31654676258992803,0.8224852071005917,3,3,30
1078,30,44,137,140,0.32116788321167883,0.9785714285714285,3,3,32
506,11,44,135,152,0.32592592592592595,0.8881578947368421,3,4,32
1000,4,44,135,140,0.32592592592592595,0.9642857142857143,3,2,24
45,18,44,134,136,0.3283582089552239,0.9852941176470589,3,2,32
132,5,44,134,168,0.3283582089552239,0.7976190476190477,3,0,32
172,10,44,134,142,0.3283582089552239,0.9436619718309859,3,6,25
2001,5,44,133,136,0.3308270676691729,0.9779411764705882,3,6,26
1072,21,44,131,135,0.33587786259541985,0.9703703703703703,3,1,29
1393,13,44,131,144,0.33587786259541985,0.9097222222222222,3,6,21
1837,20,44,131,136,0.33587786259541985,0.9632352941176471,3,5,32
1692,24,44,130,138,0.3384615384615385,0.9420289855072463,3,8,27
542,11,44,128,131,0.34375,0.9770992366412213,3,6,32
539,0,44,127,138,0.3464566929133858,0.9202898550724637,3,1,32
671,13,44,127,138,0.3464566929133858,0.9202898550724637,3,4,25
628,25,44,123,128,0.35772357723577236,0.9609375,3,5,32
762,31,44,123,149,0.35772357723577236,0.825503355704698,3,2,28
1672,3,44,123,126,0.35772357723577236,0.9761904761904762,3,2,32
1912,15,44,123,129,0.35772357723577236,0.9534883720930233,3,1,32
1917,15,44,122,122,0.36065573770491804,1.0,3,8,18
46,22,44,121,123,0.36363636363636365,0.983739837398374,3,1,28
719,22,44,121,123,0.36363636363636365,0.983739837398374,3,4,28
1779,25,44,120,146,0.36666666666666664,0.821917808219178,3,10,22
195,5,44,119,129,0.3697478991596639,0.9224806201550387,3,3,26
777,19,44,116,132,0.3793103448275862,0.8787878787878788,3,7,21
1249,30,44,116,118,0.3793103448275862,0.9830508474576272,3,6,23
1501,1,44,115,118,0.3826086956521739,0.9745762711864406,3,5,28
1932,14,44,114,124,0.38596491228070173,0.9193548387096774,3,6,32
1772,18,44,112,116,0.39285714285714285,0.9655172413793104,3,10,23
620,12,44,111,129,0.3963963963963964,0.8604651162790697,3,4,32
637,22,44,111,117,0.3963963963963964,0.9487179487179487,3,7,19
1886,5,44,111,118,0.3963963963963964,0.940677966101695,3,0,32
1251,24,45,148,158,0.30405405405405406,0.9367088607594937,3,4,27
588,25,45,147,151,0.30612244897959184,0.9735099337748344,3,4,25
698,15,45,147,154,0.30612244897959184,0.9545454545454546,3,13,16
30,14,45,145,150,0.3103448275862069,0.9666666666666667,3,6,32
194,28,45,135,139,0.3333333333333333,0.9712230215827338,3,10,24
1043,17,45,135,162,0.3333333333333333,0.8333333333333334,3,6,26
1336,9,45,135,139,0.3333333333333333,0.9712230215827338,3,5,27
1957,24,45,135,142,0.3333333333333333,0.9507042253521126,3,3,32
385,21,45,134,156,0.3358208955223881,0.8589743589743589,3,5,28
687,8,45,132,140,0.3409090909090909,0.9428571428571428,3,2,28
345,24,45,131,139,0.3435114503816794,0.9424460431654677,3,3,29
1482,12,45,130,155,0.34615384615384615,0.8387096774193549,3,5,32
263,22,45,129,131,0.3488372093023256,0.9847328244274809,3,1,32
1774,30,45,129,131,0.3488372093023256,0.9847328244274809,3,0,32
937,22,45,128,140,0.3515625,0.9142857142857143,3,12,20
1681,28,45,128,128,0.3515625,1.0,3,6,32
466,30,45,126,127,0.35714285714285715,0.9921259842519685,3,8,28
1468,27,45,126,134,0.35714285714285715,0.9402985074626866,3,6,32
1717,9,45,126,132,0.35714285714285715,0.9545454545454546,3,3,22
65,16,45,124,128,0.3629032258064516,0.96875,3,5,32
697,6,45,124,126,0.3629032258064516,0.9841269841269841,3,3,24
1271,11,45,123,137,0.36585365853658536,0.8978102189781022,3,0,32
1657,23,45,123,125,0.36585365853658536,0.984,3,7,26
1792,15,45,122,127,0.36885245901639346,0.9606299212598425,3,5,32
9,24,45,121,130,0.371900826446281,0.9307692307692308,3,2,26
448,26,45,118,120,0.3813559322033898,0.9833333333333333,3,1,32
1145,14,45,116,122,0.3879310344827586,0.9508196721311475,3,9,24
649,22,45,115,121,0.391304347826087,0.9504132231404959,3,6,31
1088,10,45,114,129,0.39473684210526316,0.8837209302325582,3,1,31
1765,16,45,113,121,0.39823008849557523,0.9338842975206612,3,5,25
1020,5,45,112,122,0.4017857142857143,0.9180327868852459,3,14,16
1519,19,45,112,114,0.4017857142857143,0.9824561403508771,3,4,23
432,16,45,109,118,0.41284403669724773,0.923728813559322,3,3,29
1512,17,45,109,117,0.41284403669724773,0.9316239316239316,3,10,22
573,2,45,108,117,0.4166666666666667,0.9230769230769231,3,12,18
842,30,45,106,113,0.42452830188679247,0.9380530973451328,3,2,32
1431,4,45,103,119,0.4368932038834951,0.865546218487395,3,1,24
784,29,45,100,113,0.45,0.8849557522123894,3,11,20
433,2,45,97,148,0.4639175257731959,0.6554054054054054,3,0,24
1209,0,45,95,112,0.47368421052631576,0.8482142857142857,3,7,31
1862,25,45,92,110,0.4891304347826087,0.8363636363636363,3,3,29
1289,20,46,152,154,0.3026315789473684,0.987012987012987,3,7,23
1948,26,46,149,170,0.3087248322147651,0.8764705882352941,3,2,32
1190,15,46,144,148,0.3194444444444444,0.972972972972973,3,8,19
1944,28,46,142,142,0.323943661971831,1.0,3,7,32
571,4,46,141,146,0.3262411347517731,0.9657534246575342,3,14,18
773,4,46,141,156,0.3262411347517731,0.9038461538461539,3,7,29
1426,3,46,141,146,0.3262411347517731,0.9657534246575342,3,8,19
1749,11,46,141,157,0.3262411347517731,0.8980891719745223,3,3,32
1603,14,46,138,144,0.3333333333333333,0.9583333333333334,3,5,32
89,27,46,135,144,0.34074074074074073,0.9375,3,1,24
865,4,46,134,157,0.34328358208955223,0.8535031847133758,3,5,32
1530,19,46,132,149,0.3484848484848485,0.8859060402684564,3,1,30
192,1,46,131,135,0.3511450381679389,0.9703703703703703,3,9,22
444,1,46,131,133,0.3511450381679389,0.9849624060150376,3,2,32
1677,23,46,131,133,0.3511450381679389,0.9849624060150376,3,4,32
1877,8,46,129,149,0.35658914728682173,0.8657718120805369,3,2,32
724,10,46,128,134,0.359375,0.9552238805970149,3,7,32
731,18,46,128,129,0.359375,0.9922480620155039,3,1,32
288,29,46,127,131,0.36220472440944884,0.9694656488549618,3,4,30
1033,28,46,127,130,0.36220472440944884,0.9769230769230769,3,6,32
2017,0,46,121,129,0.38016528925619836,0.937984496124031,3,2,25
701,19,46,120,121,0.38333333333333336,0.9917355371900827,3,7,20
1447,9,46,120,125,0.38333333333333336,0.96,3,5,29
1485,2,46,118,129,0.3898305084745763,0.9147286821705426,3,4,27
749,12,46,116,129,0.39655172413793105,0.8992248062015504,3,7,26
1533,12,46,116,127,0.39655172413793105,0.9133858267716536,3,2,32
1744,17,46,115,122,0.4,0.9426229508196722,3,3,26
828,8,46,112,121,0.4107142857142857,0.9256198347107438,3,6,32
1755,9,46,112,120,0.4107142857142857,0.9333333333333333,3,1,29
14,24,46,110,117,0.41818181818181815,0.9401709401709402,3,3,25
763,27,46,107,120,0.42990654205607476,0.8916666666666667,3,3,32
1148,16,46,106,114,0.4339622641509434,0.9298245614035088,3,9,23
33,6,46,96,114,0.4791666666666667,0.8421052631578947,3,12,19
182,28,46,93,111,0.4946236559139785,0.8378378378378378,3,10,21
901,31,47,153,167,0.30718954248366015,0.9161676646706587,3,6,32
1842,3,47,152,157,0.3092105263157895,0.9681528662420382,3,4,29
1861,31,47,152,173,0.3092105263157895,0.8786127167630058,3,3,32
1747,16,47,143,152,0.32867132867132864,0.9407894736842105,3,4,32
1814,16,47,143,157,0.32867132867132864,0.910828025477707,3,4,32
843,9,47,139,143,0.3381294964028777,0.972027972027972,3,7,32
447,6,47,138,155,0.34057971014492755,0.8903225806451613,3,2,30
1374,7,47,138,141,0.34057971014492755,0.9787234042553191,3,6,23
1895,19,47,138,147,0.34057971014492755,0.9387755102040817,3,2,32
609,7,47,137,139,0.34306569343065696,0.9856115107913669,3,4,32
919,18,47,134,139,0.35074626865671643,0.9640287769784173,3,6,32
1688,11,47,134,142,0.35074626865671643,0.9436619718309859,3,7,32
471,8,47,133,135,0.3533834586466165,0.9851851851851852,3,0,32
1450,16,47,131,135,0.35877862595419846,0.9703703703703703,3,1,32
1605,13,47,131,142,0.35877862595419846,0.9225352112676056,3,0,27
308,29,47,126,132,0.373015873015873,0.9545454545454546,3,2,32
682,4,47,126,128,0.373015873015873,0.984375,3,0,29
348,26,47,124,126,0.3790322580645161,0.9841269841269841,3,7,24
1844,12,47,124,146,0.3790322580645161,0.8493150684931506,3,8,20
2036,28,47,124,128,0.3790322580645161,0.96875,3,5,26
1291,9,47,122,126,0.38524590163934425,0.9682539682539683,3,3,25
354,12,47,120,152,0.39166666666666666,0.7894736842105263,3,4,23
936,8,47,120,123,0.39166666666666666,0.975609756097561,3,11,22
1675,14,47,120,128,0.39166666666666666,0.9375,3,3,30
822,25,47,119,123,0.3949579831932773,0.967479674796748,3,14,17
455,2,47,118,141,0.3983050847457627,0.8368794326241135,3,6,29
1117,22,47,118,122,0.3983050847457627,0.9672131147540983,3,0,32
1208,10,47,118,123,0.3983050847457627,0.959349593495935,3,7,32
1470,11,47,115,122,0.40869565217391307,0.9426229508196722,3,7,23
668,0,47,114,120,0.41228070175438597,0.95,3,2,32
217,17,47,109,116,0.43119266055045874,0.9396551724137931,3,13,17
1515,8,47,108,115,0.4351851851851852,0.9391304347826087,3,5,32
1928,21,47,108,117,0.4351851851851852,0.9230769230769231,3,1,29
689,28,47,104,110,0.4519230769230769,0.9454545454545454,3,1,26
1275,1,47,103,108,0.4563106796116505,0.9537037037037037,3,6,31
74,28,48,148,153,0.32432432432432434,0.9673202614379085,3,6,31
690,1,48,146,146,0.3287671232876712,1.0,3,5,32
1784,3,48,146,160,0.3287671232876712,0.9125,3,2,30
1435,13,48,145,150,0.3310344827586207,0.9666666666666667,3,4,27
1491,8,48,145,151,0.3310344827586207,0.9602649006622517,3,4,32
1269,25,48,142,152,0.3380281690140845,0.9342105263157895,3,10,22
771,18,48,141,142,0.3404255319148936,0.9929577464788732,3,7,27
933,28,48,141,143,0.3404255319148936,0.986013986013986,3,11,23
2020,22,48,140,148,0.34285714285714286,0.9459459459459459,3,11,22
1563,10,48,138,144,0.34782608695652173,0.9583333333333334,3,15,18
386,10,48,136,142,0.35294117647058826,0.9577464788732394,3,10,25
88,1,48,135,136,0.35555555555555557,0.9926470588235294,3,8,20
1347,3,48,134,136,0.3582089552238806,0.9852941176470589,3,8,32
1769,29,48,134,137,0.3582089552238806,0.9781021897810219,3,4,26
1394,25,48,133,141,0.3609022556390977,0.9432624113475178,3,6,32
1588,13,48,133,160,0.3609022556390977,0.83125,3,3,26
1480,25,48,131,140,0.366412213740458,0.9357142857142857,3,6,23
1141,5,48,130,141,0.36923076923076925,0.9219858156028369,3,3,32
1919,7,48,130,141,0.36923076923076925,0.9219858156028369,3,2,32
1370,5,48,128,131,0.375,0.9770992366412213,3,4,31
1353,8,48,127,133,0.3779527559055118,0.9548872180451128,3,6,29
582,28,48,126,128,0.38095238095238093,0.984375,3,0,32
99,12,48,125,144,0.384,0.8680555555555556,3,5,30
1667,28,48,125,129,0.384,0.9689922480620154,3,4,32
157,29,48,124,132,0.3870967741935484,0.9393939393939394,3,2,28
271,15,48,124,129,0.3870967741935484,0.9612403100775194,3,8,23
2040,7,48,124,125,0.3870967741935484,0.992,3,5,26
1580,16,48,123,125,0.3902439024390244,0.984,3,4,27
402,22,48,121,140,0.39669421487603307,0.8642857142857143,3,6,30
984,21,48,120,126,0.4,0.9523809523809523,3,5,27
1700,31,48,120,125,0.4,0.96,3,5,32
1820,17,48,120,128,0.4,0.9375,3,4,26
1866,17,48,120,122,0.4,0.9836065573770492,3,9,27
1819,25,48,119,144,0.40336134453781514,0.8263888888888888,3,1,28
1955,11,48,119,135,0.40336134453781514,0.8814814814814815,3,2,28
98,15,48,118,124,0.4067796610169492,0.9516129032258065,3,3,32
1081,23,48,118,125,0.4067796610169492,0.944,3,3,31
80,22,48,117,126,0.41025641025641024,0.9285714285714286,3,4,24
1939,26,48,115,119,0.41739130434782606,0.9663865546218487,3,6,30
515,27,48,111,115,0.43243243243243246,0.9652173913043478,3,2,28
320,2,48,109,131,0.44036697247706424,0.8320610687022901,3,7,28
476,7,48,72,112,0.6666666666666666,0.6428571428571429,3,0,32
1131,0,49,158,161,0.310126582278481,0.9813664596273292,3,4,32
1231,20,49,148,156,0.3310810810810811,0.9487179487179487,3,7,32
1309,20,49,147,156,0.3333333333333333,0.9423076923076923,3,8,32
1582,23,49,147,147,0.3333333333333333,1.0,3,8,32
399,16,49,145,158,0.33793103448275863,0.9177215189873418,3,13,21
838,4,49,145,148,0.33793103448275863,0.9797297297297297,3,4,32
1589,8,49,145,147,0.33793103448275863,0.9863945578231292,3,5,32
532,3,49,144,154,0.3402777777777778,0.935064935064935,3,14,18
1525,28,49,143,147,0.34265734265734266,0.9727891156462585,3,5,32
1901,21,49,142,151,0.34507042253521125,0.9403973509933775,3,14,20
1283,1,49,139,143,0.35251798561151076,0.972027972027972,3,7,32
2005,6,49,137,164,0.35766423357664234,0.8353658536585366,3,2,32
2043,6,49,136,137,0.3602941176470588,0.9927007299270073,3,2,32
179,22,49,135,146,0.362962962962963,0.9246575342465754,3,4,32
1299,25,49,132,147,0.3712121212121212,0.8979591836734694,3,4,24
1664,4,49,132,134,0.3712121212121212,0.9850746268656716,3,13,20
134,10,49,131,142,0.37404580152671757,0.9225352112676056,3,6,24
372,19,49,130,135,0.3769230769230769,0.9629629629629629,3,1,32
47,16,49,128,136,0.3828125,0.9411764705882353,3,4,26
534,3,49,128,135,0.3828125,0.9481481481481482,3,0,32
768,17,49,128,136,0.3828125,0.9411764705882353,3,7,32
830,31,49,127,137,0.3858267716535433,0.927007299270073,3,7,30
39,16,49,124,134,0.3951612903225806,0.9253731343283582,3,7,27
224,28,49,124,127,0.3951612903225806,0.9763779527559056,3,7,32
1889,7,49,122,125,0.4016393442622951,0.976,3,1,26
1216,31,49,121,153,0.4049586776859504,0.7908496732026143,3,9,29
538,11,49,120,137,0.4083333333333333,0.8759124087591241,3,8,21
753,11,49,119,127,0.4117647058823529,0.937007874015748,3,15,19
1573,21,49,119,124,0.4117647058823529,0.9596774193548387,3,1,24
535,1,49,118,127,0.4152542372881356,0.9291338582677166,3,10,28
1559,26,49,118,125,0.4152542372881356,0.944,3,5,23
1787,17,49,117,125,0.4188034188034188,0.936,3,0,32
20,20,49,116,121,0.4224137931034483,0.9586776859504132,3,9,29
296,18,49,116,122,0.4224137931034483,0.9508196721311475,3,0,32
393,18,49,116,117,0.4224137931034483,0.9914529914529915,3,7,28
363,21,49,115,124,0.4260869565217391,0.9274193548387096,3,1,31
416,8,49,113,117,0.4336283185840708,0.9658119658119658,3,8,32
1402,8,49,109,118,0.44954128440366975,0.923728813559322,3,1,32
2039,17,49,104,110,0.47115384615384615,0.9454545454545454,3,6,27
142,12,49,103,119,0.47572815533980584,0.865546218487395,3,6,24
692,19,49,103,122,0.47572815533980584,0.8442622950819673,3,1,26
294,2,49,100,141,0.49,0.7092198581560284,3,8,22
652,9,49,95,112,0.5157894736842106,0.8482142857142857,3,13,22
38,31,50,157,177,0.3184713375796178,0.8870056497175142,3,7,32
745,9,50,150,159,0.3333333333333333,0.9433962264150944,3,13,23
330,15,50,148,150,0.33783783783783783,0.9866666666666667,3,4,32
1297,6,50,139,141,0.3597122302158273,0.9858156028368794,3,3,32
318,1,50,138,143,0.36231884057971014,0.965034965034965,3,7,22
1748,8,50,137,138,0.36496350364963503,0.9927536231884058,3,9,23
978,13,50,136,172,0.36764705882352944,0.7906976744186046,3,0,29
1760,24,50,136,153,0.36764705882352944,0.8888888888888888,3,3,32
1337,12,50,134,153,0.373134328358209,0.8758169934640523,3,8,23
1623,2,50,133,156,0.37593984962406013,0.8525641025641025,3,5,25
1462,30,50,131,133,0.3816793893129771,0.9849624060150376,3,0,32
1285,23,50,130,131,0.38461538461538464,0.9923664122137404,3,5,30
3,2,50,128,147,0.390625,0.8707482993197279,3,9,28
533,24,50,128,135,0.390625,0.9481481481481482,3,5,32
1046,17,50,128,130,0.390625,0.9846153846153847,3,10,23
962,10,50,127,130,0.3937007874015748,0.9769230769230769,3,1,29
40,22,50,126,138,0.3968253968253968,0.9130434782608695,3,2,29
1691,6,50,124,127,0.4032258064516129,0.9763779527559056,3,3,31
258,3,50,122,125,0.4098360655737705,0.976,3,3,26
2009,10,50,122,128,0.4098360655737705,0.953125,3,5,32
19,14,50,120,124,0.4166666666666667,0.967741935483871,3,8,32
1625,8,50,118,120,0.423728813559322,0.9833333333333333,3,8,30
1002,12,50,117,130,0.42735042735042733,0.9,3,1,30
1410,2,50,117,153,0.42735042735042733,0.7647058823529411,3,13,23
1550,9,50,116,119,0.43103448275862066,0.9747899159663865,3,14,20
1714,27,50,116,124,0.43103448275862066,0.9354838709677419,3,13,24
876,5,50,115,125,0.43478260869565216,0.92,3,13,21
2030,11,50,115,123,0.43478260869565216,0.9349593495934959,3,12,22
1794,24,50,114,125,0.43859649122807015,0.912,3,1,26
276,9,50,113,113,0.4424778761061947,1.0,3,8,25
1994,16,50,113,116,0.4424778761061947,0.9741379310344828,3,8,32
367,3,50,111,119,0.45045045045045046,0.9327731092436975,3,15,19
994,27,50,110,117,0.45454545454545453,0.9401709401709402,3,5,26
1653,4,50,109,115,0.45871559633027525,0.9478260869565217,3,0,27
546,26,50,107,119,0.4672897196261682,0.8991596638655462,3,3,32
1303,26,50,105,121,0.47619047619047616,0.8677685950413223,3,8,32
1638,23,50,99,110,0.5050505050505051,0.9,3,9,28
2012,27,51,157,164,0.3248407643312102,0.9573170731707317,3,8,25
454,0,51,149,153,0.3422818791946309,0.9738562091503268,3,8,24
1187,29,51,147,148,0.3469387755102041,0.9932432432432432,3,14,22
1633,6,51,147,149,0.3469387755102041,0.9865771812080537,3,5,32
1830,29,51,146,154,0.3493150684931507,0.948051948051948,3,7,29
18,15,51,142,150,0.3591549295774648,0.9466666666666667,3,7,26
122,18,51,142,145,0.3591549295774648,0.9793103448275862,3,16,18
1032,25,51,141,151,0.3617021276595745,0.9337748344370861,3,5,32
1242,15,51,141,149,0.3617021276595745,0.9463087248322147,3,4,32
1215,17,51,140,145,0.36428571428571427,0.9655172413793104,3,3,32
175,17,51,135,165,0.37777777777777777,0.8181818181818182,3,4,25
245,20,51,135,139,0.37777777777777777,0.9712230215827338,3,7,32
1818,30,51,135,147,0.37777777777777777,0.9183673469387755,3,5,32
310,5,51,130,137,0.3923076923076923,0.948905109489051,3,7,32
495,23,51,129,137,0.3953488372093023,0.9416058394160584,3,5,32
1084,20,51,129,132,0.3953488372093023,0.9772727272727273,3,11,25
1463,4,51,129,151,0.3953488372093023,0.8543046357615894,3,9,27
1489,6,51,129,135,0.3953488372093023,0.9555555555555556,3,11,29
2018,19,51,129,144,0.3953488372093023,0.8958333333333334,3,6,32
1974,7,51,128,132,0.3984375,0.9696969696969697,3,7,32
672,13,51,127,139,0.4015748031496063,0.9136690647482014,3,4,32
1191,21,51,126,135,0.40476190476190477,0.9333333333333333,3,13,21
940,13,51,124,125,0.4112903225806452,0.992,3,2,30
1398,15,51,123,125,0.4146341463414634,0.984,3,1,28
1822,28,51,123,125,0.4146341463414634,0.984,3,8,22
91,1,51,121,123,0.4214876033057851,0.983739837398374,3,5,29
655,5,51,117,119,0.4358974358974359,0.9831932773109243,3,3,32
443,21,51,115,123,0.4434782608695652,0.9349593495934959,3,5,25
502,3,51,114,125,0.4473684210526316,0.912,3,7,32
2021,1,51,111,117,0.4594594594594595,0.9487179487179487,3,2,29
2011,21,51,103,112,0.49514563106796117,0.9196428571428571,3,5,32
1930,10,51,101,113,0.504950495049505,0.8938053097345132,3,3,30
1546,2,51,99,114,0.5151515151515151,0.868421052631579,3,12,25
2041,9,51,94,107,0.5425531914893617,0.8785046728971962,3,2,27
370,18,51,90,110,0.5666666666666667,0.8181818181818182,3,1,29
647,6,52,154,176,0.33766233766233766,0.875,3,8,23
531,16,52,144,149,0.3611111111111111,0.9664429530201343,3,2,27
747,1,52,143,151,0.36363636363636365,0.9470198675496688,3,11,22
953,25,52,143,163,0.36363636363636365,0.8773006134969326,3,8,32
1518,27,52,142,145,0.36619718309859156,0.9793103448275862,3,4,31
508,12,52,141,173,0.36879432624113473,0.815028901734104,3,2,31
819,20,52,140,143,0.37142857142857144,0.9790209790209791,3,6,27
1330,31,52,138,151,0.37681159420289856,0.9139072847682119,3,4,32
1200,8,52,136,140,0.38235294117647056,0.9714285714285714,3,8,29
1389,21,52,134,140,0.3880597014925373,0.9571428571428572,3,1,32
1305,21,52,133,142,0.39097744360902253,0.9366197183098591,3,8,32
1628,6,52,133,138,0.39097744360902253,0.9637681159420289,3,10,23
411,13,52,132,141,0.3939393939393939,0.9361702127659575,3,5,29
112,2,52,131,135,0.3969465648854962,0.9703703703703703,3,6,27
412,18,52,131,135,0.3969465648854962,0.9703703703703703,3,9,29
630,8,52,130,135,0.4,0.9629629629629629,3,7,32
973,24,52,128,130,0.40625,0.9846153846153847,3,6,32
1571,25,52,128,133,0.40625,0.9624060150375939,3,7,32
1916,23,52,126,133,0.4126984126984127,0.9473684210526315,3,2,28
389,14,52,124,128,0.41935483870967744,0.96875,3,10,21
1111,19,52,123,132,0.42276422764227645,0.9318181818181818,3,6,32
1613,29,52,123,130,0.42276422764227645,0.9461538461538461,3,1,32
941,8,52,122,128,0.4262295081967213,0.953125,3,2,32
553,30,52,121,123,0.4297520661157025,0.983739837398374,3,5,32
826,21,52,120,125,0.43333333333333335,0.96,3,6,24
750,2,52,118,140,0.4406779661016949,0.8428571428571429,3,9,28
2044,13,52,118,164,0.4406779661016949,0.7195121951219512,3,13,23
1584,18,52,117,119,0.4444444444444444,0.9831932773109243,3,15,21
521,14,52,115,125,0.45217391304347826,0.92,3,2,32
316,24,52,114,118,0.45614035087719296,0.9661016949152542,3,3,32
28,28,52,109,115,0.47706422018348627,0.9478260869565217,3,15,21
903,22,52,107,111,0.48598130841121495,0.963963963963964,3,4,32
1478,2,52,99,111,0.5252525252525253,0.8918918918918919,3,9,25
161,9,53,146,159,0.363013698630137,0.9182389937106918,3,8,32
706,14,53,145,151,0.36551724137931035,0.9602649006622517,3,5,32
1424,25,53,145,167,0.36551724137931035,0.8682634730538922,3,3,30
1204,11,53,143,155,0.3706293706293706,0.9225806451612903,3,4,32
1574,4,53,141,145,0.375886524822695,0.9724137931034482,3,0,32
844,20,53,139,141,0.381294964028777,0.9858156028368794,3,0,27
1960,28,53,139,143,0.381294964028777,0.972027972027972,3,6,26
488,2,53,138,158,0.38405797101449274,0.8734177215189873,3,5,32
569,6,53,135,140,0.3925925925925926,0.9642857142857143,3,5,32
1881,1,53,135,140,0.3925925925925926,0.9642857142857143,3,2,32
927,3,53,134,145,0.39552238805970147,0.9241379310344827,3,14,21
1962,12,53,133,147,0.39849624060150374,0.9047619047619048,3,11,22
752,21,53,132,149,0.4015151515151515,0.8859060402684564,3,4,25
1874,9,53,132,139,0.4015151515151515,0.9496402877697842,3,8,32
1969,18,53,131,133,0.40458015267175573,0.9849624060150376,3,8,32
1607,3,53,130,136,0.4076923076923077,0.9558823529411765,3,0,29
1783,1,53,130,136,0.4076923076923077,0.9558823529411765,3,9,28
329,31,53,127,138,0.41732283464566927,0.9202898550724637,3,4,26
274,25,53,126,137,0.42063492063492064,0.9197080291970803,3,2,27
1058,13,53,126,131,0.42063492063492064,0.9618320610687023,3,4,28
1716,12,53,124,146,0.4274193548387097,0.8493150684931506,3,6,32
1835,11,53,124,139,0.4274193548387097,0.8920863309352518,3,10,29
513,13,53,123,149,0.43089430894308944,0.825503355704698,3,1,28
646,11,53,123,130,0.43089430894308944,0.9461538461538461,3,16,20
156,20,53,122,124,0.4344262295081967,0.9838709677419355,3,3,29
514,8,53,122,124,0.4344262295081967,0.9838709677419355,3,1,28
244,11,53,120,131,0.44166666666666665,0.916030534351145,3,8,32
906,18,53,120,127,0.44166666666666665,0.9448818897637795,3,3,32
1726,17,53,119,123,0.44537815126050423,0.967479674796748,3,6,32
2025,18,53,119,122,0.44537815126050423,0.9754098360655737,3,3,32
976,1,53,118,136,0.4491525423728814,0.8676470588235294,3,0,30
575,24,53,117,123,0.452991452991453,0.9512195121951219,3,15,19
1811,7,53,117,122,0.452991452991453,0.9590163934426229,3,6,24
785,27,53,116,122,0.45689655172413796,0.9508196721311475,3,9,32
1693,0,53,116,120,0.45689655172413796,0.9666666666666667,3,12,24
1602,16,53,115,122,0.4608695652173913,0.9426229508196722,3,13,21
2019,14,53,115,119,0.4608695652173913,0.9663865546218487,3,8,23
1486,17,53,110,116,0.4818181818181818,0.9482758620689655,3,12,27
715,2,53,109,127,0.48623853211009177,0.8582677165354331,3,5,26
427,3,53,103,111,0.5145631067961165,0.9279279279279279,3,4,26
1804,2,53,99,117,0.5353535353535354,0.8461538461538461,3,8,30
1549,15,54,150,160,0.36,0.9375,3,10,32
1545,4,54,148,151,0.36486486486486486,0.9801324503311258,3,10,32
1172,9,54,146,152,0.3698630136986301,0.9605263157894737,3,9,25
1579,5,54,144,161,0.375,0.8944099378881988,3,8,32
992,24,54,142,159,0.38028169014084506,0.8930817610062893,3,3,27
114,31,54,141,149,0.3829787234042553,0.9463087248322147,3,4,32
428,5,54,141,153,0.3829787234042553,0.9215686274509803,3,1,32
1859,29,54,139,142,0.38848920863309355,0.9788732394366197,3,6,32
1256,28,54,138,142,0.391304347826087,0.971830985915493,3,12,28
1333,12,54,138,156,0.391304347826087,0.8846153846153846,3,5,27
536,14,54,137,141,0.39416058394160586,0.9716312056737588,3,10,32
1537,14,54,137,144,0.39416058394160586,0.9513888888888888,3,9,24
1037,0,54,136,138,0.39705882352941174,0.9855072463768116,3,2,32
904,28,54,133,140,0.40601503759398494,0.95,3,0,32
895,29,54,130,135,0.4153846153846154,0.9629629629629629,3,3,32
453,24,54,128,129,0.421875,0.9922480620155039,3,2,28
1594,26,54,128,136,0.421875,0.9411764705882353,3,8,30
1598,12,54,126,161,0.42857142857142855,0.782608695652174,3,11,28
1124,8,54,125,130,0.432,0.9615384615384616,3,9,32
566,30,54,124,128,0.43548387096774194,0.96875,3,8,32
862,21,54,123,128,0.43902439024390244,0.9609375,3,13,26
2042,22,54,123,133,0.43902439024390244,0.924812030075188,3,4,32
1739,17,54,121,124,0.4462809917355372,0.9758064516129032,3,11,27
1040,16,54,120,131,0.45,0.916030534351145,3,0,32
1126,0,54,120,124,0.45,0.967741935483871,3,0,30
1934,22,54,117,121,0.46153846153846156,0.9669421487603306,3,12,29
1274,11,54,115,137,0.46956521739130436,0.8394160583941606,3,9,27
1758,30,54,115,119,0.46956521739130436,0.9663865546218487,3,2,30
1950,30,54,115,119,0.46956521739130436,0.9663865546218487,3,9,30
1564,9,54,114,116,0.47368421052631576,0.9827586206896551,3,3,29
780,28,54,113,115,0.4778761061946903,0.9826086956521739,3,3,28
1723,14,54,113,123,0.4778761061946903,0.9186991869918699,3,7,29
1400,12,54,112,127,0.48214285714285715,0.8818897637795275,3,12,24
406,25,54,111,119,0.4864864864864865,0.9327731092436975,3,2,32
1469,16,54,111,119,0.4864864864864865,0.9327731092436975,3,11,32
675,12,54,106,181,0.5094339622641509,0.585635359116022,3,5,25
908,12,54,105,116,0.5142857142857142,0.9051724137931034,3,10,30
1561,2,54,105,123,0.5142857142857142,0.8536585365853658,3,12,24
1846,2,54,103,112,0.5242718446601942,0.9196428571428571,3,12,29
1617,7,55,165,168,0.3333333333333333,0.9821428571428571,3,13,22
1803,10,55,150,162,0.36666666666666664,0.9259259259259259,3,1,32
1350,3,55,147,154,0.3741496598639456,0.9545454545454546,3,8,24
200,18,55,146,147,0.3767123287671233,0.9931972789115646,3,9,24
909,22,55,146,150,0.3767123287671233,0.9733333333333334,3,8,32
355,4,55,142,173,0.3873239436619718,0.8208092485549133,3,8,31
1722,20,55,142,143,0.3873239436619718,0.993006993006993,3,0,32
1265,20,55,141,141,0.3900709219858156,1.0,3,8,32
1805,27,55,140,144,0.39285714285714285,0.9722222222222222,3,7,25
1254,7,55,138,141,0.39855072463768115,0.9787234042553191,3,8,32
1943,18,55,136,138,0.40441176470588236,0.9855072463768116,3,8,32
1185,18,55,135,137,0.4074074074074074,0.9854014598540146,3,5,31
642,12,55,134,171,0.41044776119402987,0.783625730994152,3,0,32
494,29,55,133,143,0.41353383458646614,0.9300699300699301,3,7,32
1244,30,55,133,134,0.41353383458646614,0.9925373134328358,3,10,32
1369,11,55,132,145,0.4166666666666667,0.9103448275862069,3,3,30
640,16,55,130,137,0.4230769230769231,0.948905109489051,3,6,32
1095,31,55,130,146,0.4230769230769231,0.8904109589041096,3,8,24
809,17,55,129,136,0.4263565891472868,0.9485294117647058,3,3,29
853,15,55,129,131,0.4263565891472868,0.9847328244274809,3,7,26
1233,6,55,128,131,0.4296875,0.9770992366412213,3,6,30
139,10,55,127,133,0.4330708661417323,0.9548872180451128,3,4,32
2033,10,55,127,134,0.4330708661417323,0.9477611940298507,3,15,20
765,20,55,126,130,0.4365079365079365,0.9692307692307692,3,4,28
1160,11,55,126,130,0.4365079365079365,0.9692307692307692,3,6,25
1232,9,55,126,138,0.4365079365079365,0.9130434782608695,3,0,29
968,8,55,125,126,0.44,0.9920634920634921,3,11,26
1371,25,55,125,131,0.44,0.9541984732824428,3,9,26
907,7,55,123,124,0.44715447154471544,0.9919354838709677,3,9,30
1022,8,55,122,125,0.45081967213114754,0.976,3,0,32
1174,14,55,119,125,0.46218487394957986,0.952,3,3,28
1647,18,55,119,123,0.46218487394957986,0.967479674796748,3,17,20
2004,2,55,119,137,0.46218487394957986,0.8686131386861314,3,16,20
1733,8,55,117,124,0.4700854700854701,0.9435483870967742,3,7,28
323,21,55,114,129,0.4824561403508772,0.8837209302325582,3,12,25
1604,31,55,114,173,0.4824561403508772,0.6589595375722543,3,1,28
21,15,55,110,116,0.5,0.9482758620689655,3,11,28
988,9,55,109,112,0.5045871559633027,0.9732142857142857,3,12,24
2046,19,55,104,115,0.5288461538461539,0.9043478260869565,3,13,27
361,22,55,103,120,0.5339805825242718,0.8583333333333333,3,6,29
498,19,55,99,114,0.5555555555555556,0.868421052631579,3,3,32
382,17,55,98,195,0.5612244897959183,0.5025641025641026,3,16,21
1059,29,56,153,158,0.3660130718954248,0.9683544303797469,3,5,32
1845,14,56,150,156,0.37333333333333335,0.9615384615384616,3,9,32
602,26,56,146,155,0.3835616438356164,0.9419354838709677,3,4,32
1136,19,56,146,153,0.3835616438356164,0.954248366013072,3,10,24
1162,18,56,137,138,0.40875912408759124,0.9927536231884058,3,5,30
1553,1,56,137,142,0.40875912408759124,0.9647887323943662,3,3,32
152,30,56,135,137,0.4148148148148148,0.9854014598540146,3,6,32
589,27,56,134,151,0.417910447761194,0.8874172185430463,3,6,32
712,28,56,134,147,0.417910447761194,0.9115646258503401,3,2,32
1854,11,56,134,145,0.417910447761194,0.9241379310344827,3,4,28
1933,9,56,134,144,0.417910447761194,0.9305555555555556,3,8,32
82,15,56,133,137,0.42105263157894735,0.9708029197080292,3,0,32
889,12,56,133,153,0.42105263157894735,0.869281045751634,3,1,32
1345,6,56,133,135,0.42105263157894735,0.9851851851851852,3,8,32
980,15,56,132,132,0.42424242424242425,1.0,3,13,24
1548,13,56,132,148,0.42424242424242425,0.8918918918918919,3,0,31
2028,10,56,132,141,0.42424242424242425,0.9361702127659575,3,13,27
580,14,56,131,137,0.42748091603053434,0.9562043795620438,3,15,21
1123,21,56,130,139,0.4307692307692308,0.935251798561151,3,9,32
885,15,56,128,129,0.4375,0.9922480620155039,3,5,31
1010,21,56,128,143,0.4375,0.8951048951048951,3,1,28
824,9,56,127,135,0.4409448818897638,0.9407407407407408,3,11,25
1840,28,56,127,129,0.4409448818897638,0.9844961240310077,3,1,32
720,25,56,125,133,0.448,0.9398496240601504,3,1,32
911,3,56,125,128,0.448,0.9765625,3,3,30
1666,22,56,125,136,0.448,0.9191176470588235,3,15,25
155,2,56,124,132,0.45161290322580644,0.9393939393939394,3,2,32
1532,25,56,124,135,0.45161290322580644,0.9185185185185185,3,0,32
804,8,56,123,131,0.45528455284552843,0.9389312977099237,3,9,28
1887,24,56,122,128,0.45901639344262296,0.953125,3,2,32
1526,28,56,119,123,0.47058823529411764,0.967479674796748,3,3,27
1621,17,56,119,121,0.47058823529411764,0.9834710743801653,3,2,32
1618,15,56,117,131,0.47863247863247865,0.8931297709923665,3,0,32
1802,29,56,117,118,0.47863247863247865,0.9915254237288136,3,5,26
1475,12,56,116,131,0.4827586206896552,0.8854961832061069,3,8,30
872,5,56,115,119,0.48695652173913045,0.9663865546218487,3,3,32
1616,26,56,115,134,0.48695652173913045,0.8582089552238806,3,4,32
1001,0,56,114,124,0.49122807017543857,0.9193548387096774,3,5,28
1288,1,56,114,129,0.49122807017543857,0.8837209302325582,3,0,32
480,21,56,112,127,0.5,0.8818897637795275,3,0,32
1963,24,56,110,114,0.509090909090909,0.9649122807017544,3,10,30
1897,0,56,108,121,0.5185185185185185,0.8925619834710744,3,15,26
1940,16,56,104,114,0.5384615384615384,0.9122807017543859,3,15,21
1444,14,56,103,114,0.5436893203883495,0.9035087719298246,3,12,32
239,27,56,96,111,0.5833333333333334,0.8648648648648649,3,14,26
707,25,57,152,166,0.375,0.9156626506024096,3,3,32
332,7,57,150,157,0.38,0.9554140127388535,3,2,32
54,0,57,147,156,0.3877551020408163,0.9423076923076923,3,12,32
424,3,57,145,147,0.3931034482758621,0.9863945578231292,3,16,22
1568,30,57,145,153,0.3931034482758621,0.9477124183006536,3,12,30
1061,24,57,141,141,0.40425531914893614,1.0,3,10,25
1752,30,57,141,142,0.40425531914893614,0.9929577464788732,3,11,32
755,21,57,138,165,0.41304347826086957,0.8363636363636363,3,7,30
1351,30,57,135,136,0.4222222222222222,0.9926470588235294,3,7,32
634,12,57,134,150,0.4253731343283582,0.8933333333333333,3,10,29
90,6,57,133,137,0.42857142857142855,0.9708029197080292,3,7,32
1349,16,57,133,141,0.42857142857142855,0.9432624113475178,3,6,32
387,26,57,132,136,0.4318181818181818,0.9705882352941176,3,11,25
1551,9,57,131,135,0.4351145038167939,0.9703703703703703,3,4,32
1521,28,57,130,132,0.43846153846153846,0.9848484848484849,3,0,32
1560,6,57,129,133,0.4418604651162791,0.9699248120300752,3,6,28
1401,15,57,128,131,0.4453125,0.9770992366412213,3,2,28
71,0,57,126,138,0.4523809523809524,0.9130434782608695,3,12,31
1195,30,57,125,131,0.456,0.9541984732824428,3,3,27
1179,12,57,123,138,0.4634146341463415,0.8913043478260869,3,2,29
603,13,57,121,123,0.47107438016528924,0.983739837398374,3,7,31
401,26,57,120,141,0.475,0.851063829787234,3,3,32
852,15,57,120,125,0.475,0.96,3,3,32
1467,9,57,120,133,0.475,0.9022556390977443,3,6,30
17,17,57,116,121,0.49137931034482757,0.9586776859504132,3,7,32
85,17,57,116,121,0.49137931034482757,0.9586776859504132,3,4,32
667,16,57,115,126,0.4956521739130435,0.9126984126984127,3,8,32
2026,26,57,115,119,0.4956521739130435,0.9663865546218487,3,6,28
517,1,57,113,118,0.504424778761062,0.9576271186440678,3,15,26
429,8,57,110,114,0.5181818181818182,0.9649122807017544,3,5,32
1506,0,57,110,117,0.5181818181818182,0.9401709401709402,3,18,20
657,6,58,150,162,0.38666666666666666,0.9259259259259259,3,6,32
1307,16,58,148,150,0.3918918918918919,0.9866666666666667,3,3,32
950,28,58,147,153,0.3945578231292517,0.9607843137254902,3,7,28
1652,20,58,147,155,0.3945578231292517,0.9483870967741935,3,2,32
101,3,58,144,151,0.4027777777777778,0.9536423841059603,3,5,30
1678,4,58,144,148,0.4027777777777778,0.972972972972973,3,12,32
183,31,58,142,151,0.4084507042253521,0.9403973509933775,3,17,23
2031,28,58,141,145,0.41134751773049644,0.9724137931034482,3,12,32
1418,19,58,139,153,0.4172661870503597,0.9084967320261438,3,19,20
1130,28,58,135,137,0.42962962962962964,0.9854014598540146,3,2,32
1355,31,58,134,147,0.43283582089552236,0.9115646258503401,3,1,31
63,11,58,133,141,0.43609022556390975,0.9432624113475178,3,6,32
41,8,58,132,134,0.4393939393939394,0.9850746268656716,3,3,32
121,19,58,130,145,0.4461538461538462,0.896551724137931,3,11,32
1776,16,58,130,142,0.4461538461538462,0.9154929577464789,3,3,32
1427,17,58,128,136,0.453125,0.9411764705882353,3,10,30
105,3,58,127,129,0.4566929133858268,0.9844961240310077,3,9,30
262,6,58,126,129,0.4603174603174603,0.9767441860465116,3,3,32
926,14,58,126,128,0.4603174603174603,0.984375,3,1,32
681,22,58,125,132,0.464,0.946969696969697,3,2,31
1014,14,58,125,129,0.464,0.9689922480620154,3,12,28
833,4,58,124,124,0.46774193548387094,1.0,3,1,32
178,7,58,123,125,0.4715447154471545,0.984,3,11,32
246,27,58,118,121,0.4915254237288136,0.9752066115702479,3,0,30
1103,23,58,118,120,0.4915254237288136,0.9833333333333333,3,3,28
779,5,58,117,125,0.49572649572649574,0.936,3,15,22
1686,29,58,117,130,0.49572649572649574,0.9,3,5,31
716,25,58,116,127,0.5,0.9133858267716536,3,10,32
1443,6,58,113,116,0.5132743362831859,0.9741379310344828,3,6,30
561,13,58,112,158,0.5178571428571429,0.7088607594936709,3,3,28
470,7,58,111,117,0.5225225225225225,0.9487179487179487,3,14,26
695,4,58,110,118,0.5272727272727272,0.9322033898305084,3,14,28
846,16,58,88,110,0.6590909090909091,0.8,3,12,32
242,20,59,148,151,0.39864864864864863,0.9801324503311258,3,2,32
1323,16,59,148,161,0.39864864864864863,0.9192546583850931,3,11,32
600,5,59,143,157,0.4125874125874126,0.910828025477707,3,0,31
1203,15,59,141,142,0.41843971631205673,0.9929577464788732,3,1,32
1445,8,59,140,145,0.42142857142857143,0.9655172413793104,3,3,32
1224,31,59,139,166,0.4244604316546763,0.8373493975903614,3,4,32
463,3,59,136,141,0.4338235294117647,0.9645390070921985,3,6,32
1806,6,59,136,142,0.4338235294117647,0.9577464788732394,3,7,32
369,17,59,135,144,0.43703703703703706,0.9375,3,12,27
1701,20,59,133,137,0.44360902255639095,0.9708029197080292,3,7,32
528,6,59,131,134,0.45038167938931295,0.9776119402985075,3,14,28
867,13,59,131,136,0.45038167938931295,0.9632352941176471,3,11,28
1262,10,59,125,131,0.472,0.9541984732824428,3,6,27
496,16,59,124,130,0.47580645161290325,0.9538461538461539,3,4,32
977,19,59,124,143,0.47580645161290325,0.8671328671328671,3,6,32
485,19,59,123,126,0.4796747967479675,0.9761904761904762,3,7,29
1036,26,59,123,125,0.4796747967479675,0.984,3,8,30
1376,5,59,122,150,0.48360655737704916,0.8133333333333334,3,9,29
240,22,59,121,125,0.48760330578512395,0.968,3,16,26
457,21,59,120,126,0.49166666666666664,0.9523809523809523,3,10,25
1031,24,59,118,122,0.5,0.9672131147540983,3,9,27
479,3,59,116,126,0.5086206896551724,0.9206349206349206,3,3,29
766,26,59,115,121,0.5130434782608696,0.9504132231404959,3,13,26
1797,0,59,115,119,0.5130434782608696,0.9663865546218487,3,9,26
181,26,59,113,116,0.5221238938053098,0.9741379310344828,3,9,25
998,0,59,112,119,0.5267857142857143,0.9411764705882353,3,15,27
1542,22,59,105,119,0.5619047619047619,0.8823529411764706,3,3,32
1782,21,59,98,117,0.6020408163265306,0.8376068376068376,3,2,32
147,4,60,149,154,0.40268456375838924,0.9675324675324676,3,7,32
76,10,60,146,156,0.410958904109589,0.9358974358974359,3,15,30
1129,24,60,146,154,0.410958904109589,0.948051948051948,3,3,32
441,31,60,145,151,0.41379310344827586,0.9602649006622517,3,3,29
1113,24,60,145,154,0.41379310344827586,0.9415584415584416,3,1,32
964,24,60,144,151,0.4166666666666667,0.9536423841059603,3,13,29
1651,7,60,144,148,0.4166666666666667,0.972972972972973,3,13,32
806,10,60,142,154,0.4225352112676056,0.922077922077922,3,10,32
621,14,60,138,141,0.43478260869565216,0.9787234042553191,3,10,32
983,25,60,137,153,0.43795620437956206,0.8954248366013072,3,1,32
1867,4,60,136,136,0.4411764705882353,1.0,3,3,32
1896,28,60,134,137,0.44776119402985076,0.9781021897810219,3,7,32
1732,19,60,133,141,0.45112781954887216,0.9432624113475178,3,16,25
1316,25,60,132,139,0.45454545454545453,0.9496402877697842,3,2,32
1125,6,60,130,134,0.46153846153846156,0.9701492537313433,3,4,32
748,29,60,129,136,0.46511627906976744,0.9485294117647058,3,6,32
1817,13,60,127,144,0.47244094488188976,0.8819444444444444,3,5,32
104,1,60,126,134,0.47619047619047616,0.9402985074626866,3,4,32
1870,1,60,126,135,0.47619047619047616,0.9333333333333333,3,14,25
2008,11,60,125,132,0.48,0.946969696969697,3,12,32
92,15,60,124,126,0.4838709677419355,0.9841269841269841,3,4,32
368,11,60,123,135,0.4878048780487805,0.9111111111111111,3,17,26
525,19,60,123,124,0.4878048780487805,0.9919354838709677,3,7,32
1876,27,60,120,145,0.5,0.8275862068965517,3,5,30
1421,26,60,119,124,0.5042016806722689,0.9596774193548387,3,1,32
44,22,60,118,125,0.5084745762711864,0.944,3,10,32
189,16,60,118,125,0.5084745762711864,0.944,3,1,32
1646,29,60,116,122,0.5172413793103449,0.9508196721311475,3,18,21
1051,6,60,113,115,0.5309734513274337,0.9826086956521739,3,4,32
1311,21,60,113,119,0.5309734513274337,0.9495798319327731,3,4,32
1327,11,60,111,116,0.5405405405405406,0.9568965517241379,3,5,32
1790,8,60,111,114,0.5405405405405406,0.9736842105263158,3,13,28
1017,0,60,108,120,0.5555555555555556,0.9,3,13,25
381,30,60,103,111,0.5825242718446602,0.9279279279279279,3,3,32
677,15,60,101,110,0.594059405940594,0.9181818181818182,3,10,32
1828,0,61,157,162,0.3885350318471338,0.9691358024691358,3,8,32
979,3,61,155,162,0.3935483870967742,0.9567901234567902,3,13,31
1441,6,61,149,155,0.40939597315436244,0.9612903225806452,3,12,30
250,22,61,147,153,0.41496598639455784,0.9607843137254902,3,14,32
29,10,61,144,158,0.4236111111111111,0.9113924050632911,3,1,32
1702,21,61,143,165,0.42657342657342656,0.8666666666666667,3,18,22
1668,28,61,140,141,0.4357142857142857,0.9929078014184397,3,11,29
185,24,61,138,153,0.4420289855072464,0.9019607843137255,3,17,24
884,25,61,137,149,0.44525547445255476,0.9194630872483222,3,1,32
1034,7,61,137,144,0.44525547445255476,0.9513888888888888,3,13,32
1295,30,61,137,148,0.44525547445255476,0.9256756756756757,3,9,32
1440,3,61,137,141,0.44525547445255476,0.9716312056737588,3,6,32
995,24,61,135,146,0.45185185185185184,0.9246575342465754,3,3,32
1968,17,61,135,140,0.45185185185185184,0.9642857142857143,3,1,31
2037,29,61,134,137,0.4552238805970149,0.9781021897810219,3,11,31
896,31,61,132,139,0.4621212121212121,0.9496402877697842,3,13,32
1073,31,61,131,138,0.46564885496183206,0.9492753623188406,3,9,27
1641,9,61,131,138,0.46564885496183206,0.9492753623188406,3,3,30
1,31,61,130,140,0.46923076923076923,0.9285714285714286,3,2,30
414,17,61,129,140,0.4728682170542636,0.9214285714285714,3,2,32
814,18,61,128,132,0.4765625,0.9696969696969697,3,9,32
996,1,61,128,136,0.4765625,0.9411764705882353,3,5,32
1967,0,61,128,133,0.4765625,0.9624060150375939,3,2,32
1192,30,61,127,129,0.48031496062992124,0.9844961240310077,3,9,32
1197,1,61,127,133,0.48031496062992124,0.9548872180451128,3,4,30
1383,28,61,127,129,0.48031496062992124,0.9844961240310077,3,5,32
422,13,61,125,142,0.488,0.8802816901408451,3,16,23
960,15,61,125,132,0.488,0.946969696969697,3,3,32
974,5,61,125,139,0.488,0.8992805755395683,3,15,27
1438,26,61,125,147,0.488,0.8503401360544217,3,9,32
143,27,61,123,131,0.4959349593495935,0.9389312977099237,3,14,32
572,13,61,123,128,0.4959349593495935,0.9609375,3,14,26
1416,16,61,122,127,0.5,0.9606299212598425,3,12,26
930,6,61,121,123,0.5041322314049587,0.983739837398374,3,3,32
1230,2,61,121,165,0.5041322314049587,0.7333333333333333,3,19,22
418,18,61,120,121,0.5083333333333333,0.9917355371900827,3,14,30
1028,9,61,120,120,0.5083333333333333,1.0,3,15,24
1066,27,61,120,127,0.5083333333333333,0.9448818897637795,3,5,32
1319,8,61,120,125,0.5083333333333333,0.96,3,3,30
702,28,61,119,122,0.5126050420168067,0.9754098360655737,3,2,30
1102,22,61,114,117,0.5350877192982456,0.9743589743589743,3,3,32
160,19,61,113,118,0.5398230088495575,0.9576271186440678,3,9,32
113,27,61,112,119,0.5446428571428571,0.9411764705882353,3,3,31
290,28,61,112,117,0.5446428571428571,0.9572649572649573,3,5,30
1624,5,61,109,113,0.5596330275229358,0.9646017699115044,3,13,25
1815,19,61,109,113,0.5596330275229358,0.9646017699115044,3,15,30
923,13,61,104,184,0.5865384615384616,0.5652173913043478,3,18,22
1407,16,61,101,117,0.6039603960396039,0.8632478632478633,3,8,32
924,16,62,153,154,0.40522875816993464,0.9935064935064936,3,14,32
1682,6,62,145,153,0.42758620689655175,0.9477124183006536,3,3,32
810,28,62,144,147,0.4305555555555556,0.9795918367346939,3,7,32
1026,25,62,144,154,0.4305555555555556,0.935064935064935,3,9,32
1615,24,62,144,150,0.4305555555555556,0.96,3,14,32
982,24,62,143,147,0.43356643356643354,0.9727891156462585,3,9,32
1144,5,62,139,141,0.4460431654676259,0.9858156028368794,3,5,32
618,21,62,138,146,0.4492753623188406,0.9452054794520548,3,18,22
1555,1,62,137,138,0.45255474452554745,0.9927536231884058,3,0,32
970,11,62,135,171,0.45925925925925926,0.7894736842105263,3,7,32
1951,8,62,135,139,0.45925925925925926,0.9712230215827338,3,2,31
1455,3,62,131,140,0.4732824427480916,0.9357142857142857,3,1,32
728,27,62,129,138,0.4806201550387597,0.9347826086956522,3,4,32
438,1,62,128,131,0.484375,0.9770992366412213,3,0,32
921,8,62,126,132,0.49206349206349204,0.9545454545454546,3,8,27
1272,31,62,126,164,0.49206349206349204,0.7682926829268293,3,6,29
1378,25,62,126,137,0.49206349206349204,0.9197080291970803,3,6,30
1380,14,62,125,129,0.496,0.9689922480620154,3,3,32
1405,11,62,124,132,0.5,0.9393939393939394,3,9,27
1502,12,62,124,132,0.5,0.9393939393939394,3,11,31
1888,15,62,123,128,0.5040650406504065,0.9609375,3,1,32
1135,15,62,122,130,0.5081967213114754,0.9384615384615385,3,7,32
407,28,62,120,123,0.5166666666666667,0.975609756097561,3,12,26
770,15,62,120,123,0.5166666666666667,0.975609756097561,3,1,32
1220,19,62,120,126,0.5166666666666667,0.9523809523809523,3,0,32
1569,26,62,118,122,0.5254237288135594,0.9672131147540983,3,2,32
123,1,62,115,122,0.5391304347826087,0.9426229508196722,3,7,30
1134,6,62,114,120,0.543859649122807,0.95,3,7,29
413,17,62,107,114,0.5794392523364486,0.9385964912280702,3,6,29
1985,17,62,90,106,0.6888888888888889,0.8490566037735849,3,11,32
1504,15,63,148,152,0.42567567567567566,0.9736842105263158,3,13,32
815,0,63,145,150,0.43448275862068964,0.9666666666666667,3,4,32
1365,18,63,144,145,0.4375,0.993103448275862,3,8,29
1649,0,63,143,154,0.4405594405594406,0.9285714285714286,3,10,32
1080,16,63,142,144,0.44366197183098594,0.9861111111111112,3,1,32
1142,11,63,140,145,0.45,0.9655172413793104,3,0,32
6,13,63,139,157,0.45323741007194246,0.8853503184713376,3,6,32
1089,14,63,139,151,0.45323741007194246,0.9205298013245033,3,5,32
1206,13,63,138,147,0.45652173913043476,0.9387755102040817,3,9,30
1973,23,63,138,139,0.45652173913043476,0.9928057553956835,3,15,32
1107,23,63,137,140,0.45985401459854014,0.9785714285714285,3,3,32
1810,6,63,137,140,0.45985401459854014,0.9785714285714285,3,5,30
1892,28,63,137,138,0.45985401459854014,0.9927536231884058,3,11,32
721,26,63,136,140,0.4632352941176471,0.9714285714285714,3,9,32
1054,26,63,136,164,0.4632352941176471,0.8292682926829268,3,1,32
410,26,63,135,139,0.4666666666666667,0.9712230215827338,3,13,32
1821,19,63,133,135,0.47368421052631576,0.9851851851851852,3,10,32
1833,11,63,133,147,0.47368421052631576,0.9047619047619048,3,13,27
272,3,63,132,134,0.4772727272727273,0.9850746268656716,3,11,32
518,19,63,130,131,0.4846153846153846,0.9923664122137404,3,12,30
249,5,63,129,156,0.4883720930232558,0.8269230769230769,3,15,28
317,28,63,127,133,0.49606299212598426,0.9548872180451128,3,12,30
880,22,63,127,130,0.49606299212598426,0.9769230769230769,3,6,32
481,25,63,126,130,0.5,0.9692307692307692,3,5,32
704,15,63,126,131,0.5,0.9618320610687023,3,0,32
1673,27,63,126,138,0.5,0.9130434782608695,3,13,26
1941,0,63,122,127,0.5163934426229508,0.9606299212598425,3,12,27
925,5,63,121,128,0.5206611570247934,0.9453125,3,13,28
1381,23,63,119,125,0.5294117647058824,0.952,3,0,32
1068,14,63,118,120,0.5338983050847458,0.9833333333333333,3,14,32
1168,25,63,118,125,0.5338983050847458,0.944,3,11,29
1698,4,63,116,118,0.5431034482758621,0.9830508474576272,3,12,32
94,4,63,114,123,0.5526315789473685,0.926829268292683,3,2,32
786,21,63,114,122,0.5526315789473685,0.9344262295081968,3,3,32
737,19,63,100,116,0.63,0.8620689655172413,3,5,32
487,4,64,154,192,0.4155844155844156,0.8020833333333334,3,9,32
738,1,64,153,154,0.41830065359477125,0.9935064935064936,3,9,32
1511,3,64,153,162,0.41830065359477125,0.9444444444444444,3,11,32
703,19,64,152,157,0.42105263157894735,0.9681528662420382,3,0,32
1422,31,64,151,166,0.423841059602649,0.9096385542168675,3,8,32
892,27,64,148,171,0.43243243243243246,0.8654970760233918,3,13,32
462,26,64,145,149,0.4413793103448276,0.9731543624161074,3,7,32
1423,18,64,144,145,0.4444444444444444,0.993103448275862,3,6,32
1759,18,64,144,151,0.4444444444444444,0.9536423841059603,3,12,32
817,15,64,142,151,0.4507042253521127,0.9403973509933775,3,12,32
1430,11,64,142,159,0.4507042253521127,0.8930817610062893,3,8,31
1665,3,64,142,147,0.4507042253521127,0.9659863945578231,3,0,32
261,18,64,141,146,0.45390070921985815,0.9657534246575342,3,3,32
437,22,64,141,142,0.45390070921985815,0.9929577464788732,3,10,32
1384,20,64,140,143,0.45714285714285713,0.9790209790209791,3,11,32
1972,27,64,140,152,0.45714285714285713,0.9210526315789473,3,11,32
840,10,64,139,158,0.460431654676259,0.879746835443038,3,10,30
1907,30,64,139,142,0.460431654676259,0.9788732394366197,3,5,31
146,23,64,138,141,0.463768115942029,0.9787234042553191,3,14,32
1761,18,64,136,136,0.47058823529411764,1.0,3,14,32
1903,27,64,136,172,0.47058823529411764,0.7906976744186046,3,4,32
743,16,64,134,141,0.47761194029850745,0.950354609929078,3,4,32
1699,1,64,134,135,0.47761194029850745,0.9925925925925926,3,6,32
548,20,64,133,134,0.48120300751879697,0.9925373134328358,3,0,32
1578,21,64,132,141,0.48484848484848486,0.9361702127659575,3,13,32
425,5,64,131,134,0.48854961832061067,0.9776119402985075,3,0,32
120,20,64,129,132,0.49612403100775193,0.9772727272727273,3,4,32
1363,3,64,129,134,0.49612403100775193,0.9626865671641791,3,0,32
1836,14,64,129,134,0.49612403100775193,0.9626865671641791,3,19,24
2016,21,64,129,141,0.49612403100775193,0.9148936170212766,3,0,32
597,11,64,128,140,0.5,0.9142857142857143,3,14,26
1898,31,64,128,137,0.5,0.9343065693430657,3,13,31
180,0,64,125,128,0.512,0.9765625,3,8,32
1385,3,64,124,128,0.5161290322580645,0.96875,3,1,32
1310,3,64,123,137,0.5203252032520326,0.8978102189781022,3,9,32
1762,12,64,123,136,0.5203252032520326,0.9044117647058824,3,10,32
440,6,64,122,127,0.5245901639344263,0.9606299212598425,3,8,32
990,18,64,122,125,0.5245901639344263,0.976,3,11,32
1487,0,64,122,136,0.5245901639344263,0.8970588235294118,3,1,32
1945,22,64,122,130,0.5245901639344263,0.9384615384615385,3,10,29
1050,9,64,121,125,0.5289256198347108,0.968,3,11,27
125,10,64,120,131,0.5333333333333333,0.916030534351145,3,0,32
1464,14,64,119,128,0.5378151260504201,0.9296875,3,3,32
1754,4,64,119,123,0.5378151260504201,0.967479674796748,3,13,32
778,5,64,117,119,0.5470085470085471,0.9831932773109243,3,15,32
694,16,64,116,128,0.5517241379310345,0.90625,3,0,32
894,19,64,116,120,0.5517241379310345,0.9666666666666667,3,10,32
138,23,64,115,119,0.5565217391304348,0.9663865546218487,3,9,31
522,18,64,115,118,0.5565217391304348,0.9745762711864406,3,7,31
961,19,64,115,128,0.5565217391304348,0.8984375,3,17,26
1193,15,64,114,120,0.5614035087719298,0.95,3,3,32
328,15,64,112,120,0.5714285714285714,0.9333333333333333,3,16,30
905,16,64,112,118,0.5714285714285714,0.9491525423728814,3,11,32
50,31,64,110,120,0.5818181818181818,0.9166666666666666,3,7,32
850,26,64,108,114,0.5925925925925926,0.9473684210526315,3,14,32
1983,5,64,107,109,0.5981308411214953,0.981651376146789,3,16,32
1695,23,64,105,126,0.6095238095238096,0.8333333333333334,3,0,32
1947,7,64,105,112,0.6095238095238096,0.9375,3,14,32
813,2,64,100,143,0.64,0.6993006993006993,3,19,25
617,29,65,159,161,0.4088050314465409,0.9875776397515528,3,15,32
788,9,65,157,162,0.4140127388535032,0.9691358024691358,3,10,32
802,22,65,157,169,0.4140127388535032,0.9289940828402367,3,7,32
1669,1,65,151,168,0.4304635761589404,0.8988095238095238,3,6,32
232,24,65,148,170,0.4391891891891892,0.8705882352941177,3,1,32
1643,20,65,147,147,0.4421768707482993,1.0,3,10,32
356,3,65,146,170,0.4452054794520548,0.8588235294117647,3,1,32
1011,6,65,146,162,0.4452054794520548,0.9012345679012346,3,15,32
484,26,65,143,180,0.45454545454545453,0.7944444444444444,3,14,32
12,4,65,141,148,0.46099290780141844,0.9527027027027027,3,14,32
891,16,65,141,148,0.46099290780141844,0.9527027027027027,3,9,32
398,0,65,140,142,0.4642857142857143,0.9859154929577465,3,18,26
1539,29,65,140,144,0.4642857142857143,0.9722222222222222,3,8,30
1434,14,65,139,148,0.4676258992805755,0.9391891891891891,3,13,29
1541,29,65,139,150,0.4676258992805755,0.9266666666666666,3,14,30
1581,10,65,137,145,0.4744525547445255,0.9448275862068966,3,1,32
1122,0,65,136,150,0.47794117647058826,0.9066666666666666,3,14,32
136,10,65,135,144,0.48148148148148145,0.9375,3,1,32
209,22,65,134,142,0.48507462686567165,0.9436619718309859,3,6,32
818,10,65,134,141,0.48507462686567165,0.950354609929078,3,3,31
511,16,65,132,142,0.49242424242424243,0.9295774647887324,3,5,32
1595,1,65,130,132,0.5,0.9848484848484849,3,13,32
234,7,65,126,129,0.5158730158730159,0.9767441860465116,3,2,32
269,1,65,126,131,0.5158730158730159,0.9618320610687023,3,14,31
1035,24,65,126,128,0.5158730158730159,0.984375,3,8,32
1683,21,65,125,141,0.52,0.8865248226950354,3,10,32
1596,2,65,123,144,0.5284552845528455,0.8541666666666666,3,5,30
1824,26,65,123,129,0.5284552845528455,0.9534883720930233,3,3,32
1882,5,65,123,125,0.5284552845528455,0.984,3,11,32
585,13,65,122,128,0.5327868852459017,0.953125,3,3,31
1007,6,65,122,125,0.5327868852459017,0.976,3,14,28
1751,26,65,122,126,0.5327868852459017,0.9682539682539683,3,1,32
1547,13,65,121,122,0.5371900826446281,0.9918032786885246,3,4,32
186,1,65,120,122,0.5416666666666666,0.9836065573770492,3,2,32
16,8,65,118,120,0.5508474576271186,0.9833333333333333,3,4,32
1872,27,65,116,124,0.5603448275862069,0.9354838709677419,3,17,27
1329,7,65,113,118,0.5752212389380531,0.9576271186440678,3,3,32
366,26,65,112,117,0.5803571428571429,0.9572649572649573,3,20,23
859,3,65,111,115,0.5855855855855856,0.9652173913043478,3,10,31
1167,2,65,107,141,0.6074766355140186,0.7588652482269503,3,14,32
1140,28,65,99,112,0.6565656565656566,0.8839285714285714,3,11,32
229,9,66,150,153,0.44,0.9803921568627451,3,9,32
434,16,66,148,150,0.44594594594594594,0.9866666666666667,3,2,32
1757,8,66,146,150,0.4520547945205479,0.9733333333333334,3,2,32
625,0,66,144,153,0.4583333333333333,0.9411764705882353,3,4,32
1165,6,66,144,149,0.4583333333333333,0.9664429530201343,3,5,32
163,16,66,142,146,0.4647887323943662,0.9726027397260274,3,2,32
945,23,66,141,142,0.46808510638297873,0.9929577464788732,3,13,32
1989,3,66,141,154,0.46808510638297873,0.9155844155844156,3,6,32
84,27,66,139,157,0.4748201438848921,0.8853503184713376,3,7,32
415,3,66,137,144,0.48175182481751827,0.9513888888888888,3,15,32
632,3,66,137,143,0.48175182481751827,0.958041958041958,3,3,32
452,10,66,135,153,0.4888888888888889,0.8823529411764706,3,10,32
1632,14,66,135,142,0.4888888888888889,0.9507042253521126,3,2,32
173,30,66,134,144,0.4925373134328358,0.9305555555555556,3,2,32
1612,3,66,134,138,0.4925373134328358,0.9710144927536232,3,9,32
1706,16,66,133,144,0.49624060150375937,0.9236111111111112,3,2,32
25,11,66,132,141,0.5,0.9361702127659575,3,2,32
375,26,66,132,144,0.5,0.9166666666666666,3,2,32
1348,8,66,131,144,0.5038167938931297,0.9097222222222222,3,14,32
2000,9,66,131,137,0.5038167938931297,0.9562043795620438,3,9,32
1228,29,66,130,139,0.5076923076923077,0.935251798561151,3,10,29
1245,4,66,130,134,0.5076923076923077,0.9701492537313433,3,12,32
115,2,66,128,151,0.515625,0.847682119205298,3,19,26
662,17,66,128,138,0.515625,0.927536231884058,3,2,32
1205,17,66,128,130,0.515625,0.9846153846153847,3,3,32
679,8,66,127,134,0.5196850393700787,0.9477611940298507,3,4,32
1529,15,66,127,132,0.5196850393700787,0.9621212121212122,3,3,32
1419,5,66,126,134,0.5238095238095238,0.9402985074626866,3,14,32
1636,27,66,126,129,0.5238095238095238,0.9767441860465116,3,16,31
1159,16,66,125,136,0.528,0.9191176470588235,3,2,32
1614,16,66,123,137,0.5365853658536586,0.8978102189781022,3,2,32
1993,16,66,123,126,0.5365853658536586,0.9761904761904762,3,16,31
346,22,66,119,132,0.5546218487394958,0.9015151515151515,3,3,32
1241,31,66,119,126,0.5546218487394958,0.9444444444444444,3,9,32
442,15,66,118,125,0.559322033898305,0.944,3,12,32
948,15,66,118,120,0.559322033898305,0.9833333333333333,3,17,31
315,13,66,116,118,0.5689655172413793,0.9830508474576272,3,10,32
312,23,66,115,121,0.5739130434782609,0.9504132231404959,3,10,32
1954,19,66,114,129,0.5789473684210527,0.8837209302325582,3,5,32
1003,11,66,109,119,0.6055045871559633,0.9159663865546218,3,14,29
1980,5,66,107,132,0.616822429906542,0.8106060606060606,3,2,32
611,2,66,101,147,0.6534653465346535,0.6870748299319728,3,17,25
997,14,66,100,109,0.66,0.9174311926605505,3,18,26
1409,17,66,100,152,0.66,0.6578947368421053,3,13,27
1778,11,67,153,183,0.43790849673202614,0.8360655737704918,3,6,32
664,21,67,152,165,0.4407894736842105,0.9212121212121213,3,18,25
1364,28,67,152,158,0.4407894736842105,0.9620253164556962,3,12,32
1705,30,67,150,169,0.44666666666666666,0.8875739644970414,3,6,32
616,1,67,148,150,0.4527027027027027,0.9866666666666667,3,3,32
1875,18,67,145,152,0.46206896551724136,0.9539473684210527,3,3,32
1213,20,67,142,146,0.47183098591549294,0.9726027397260274,3,12,30
1556,1,67,142,152,0.47183098591549294,0.9342105263157895,3,12,32
409,24,67,140,156,0.4785714285714286,0.8974358974358975,3,11,32
1298,6,67,140,145,0.4785714285714286,0.9655172413793104,3,13,32
1495,23,67,140,143,0.4785714285714286,0.9790209790209791,3,13,29
1188,8,67,139,144,0.48201438848920863,0.9652777777777778,3,3,32
1890,10,67,139,155,0.48201438848920863,0.896774193548387,3,3,32
764,8,67,138,142,0.4855072463768116,0.971830985915493,3,15,32
651,6,67,137,139,0.48905109489051096,0.9856115107913669,3,4,32
1707,19,67,137,149,0.48905109489051096,0.9194630872483222,3,16,32
2032,24,67,137,144,0.48905109489051096,0.9513888888888888,3,17,32
754,24,67,135,148,0.4962962962962963,0.9121621621621622,3,16,32
1100,7,67,135,139,0.4962962962962963,0.9712230215827338,3,13,30
196,6,67,133,149,0.5037593984962406,0.8926174496644296,3,19,26
1909,27,67,133,135,0.5037593984962406,0.9851851851851852,3,3,32
5,29,67,130,135,0.5153846153846153,0.9629629629629629,3,11,32
264,8,67,130,131,0.5153846153846153,0.9923664122137404,3,3,32
278,11,67,130,136,0.5153846153846153,0.9558823529411765,3,3,32
233,24,67,129,139,0.5193798449612403,0.9280575539568345,3,3,32
1534,15,67,129,133,0.5193798449612403,0.9699248120300752,3,3,32
1725,6,67,129,135,0.5193798449612403,0.9555555555555556,3,3,32
1711,6,67,128,134,0.5234375,0.9552238805970149,3,8,31
326,28,67,127,131,0.5275590551181102,0.9694656488549618,3,5,32
365,25,67,127,140,0.5275590551181102,0.9071428571428571,3,12,32
483,20,67,127,131,0.5275590551181102,0.9694656488549618,3,3,32
1146,6,67,127,131,0.5275590551181102,0.9694656488549618,3,19,29
1161,6,67,127,136,0.5275590551181102,0.9338235294117647,3,3,32
1222,20,67,126,129,0.5317460317460317,0.9767441860465116,3,5,32
469,9,67,124,126,0.5403225806451613,0.9841269841269841,3,16,26
1038,21,67,124,130,0.5403225806451613,0.9538461538461539,3,12,32
400,19,67,123,128,0.5447154471544715,0.9609375,3,13,32
69,31,67,116,128,0.5775862068965517,0.90625,3,13,30
126,25,67,115,119,0.5826086956521739,0.9663865546218487,3,11,32
1093,6,67,113,115,0.5929203539823009,0.9826086956521739,3,16,27
62,1,68,153,167,0.4444444444444444,0.9161676646706587,3,13,32
133,7,68,147,154,0.46258503401360546,0.9545454545454546,3,6,32
1091,19,68,145,154,0.4689655172413793,0.9415584415584416,3,4,32
1982,19,68,145,148,0.4689655172413793,0.9797297297297297,3,4,32
102,29,68,144,154,0.4722222222222222,0.935064935064935,3,8,32
578,7,68,141,143,0.48226950354609927,0.986013986013986,3,10,32
1210,18,68,141,144,0.48226950354609927,0.9791666666666666,3,6,32
526,0,68,139,143,0.4892086330935252,0.972027972027972,3,8,31
678,20,68,139,145,0.4892086330935252,0.9586206896551724,3,9,31
1731,9,68,139,147,0.4892086330935252,0.9455782312925171,3,11,32
1852,14,68,137,142,0.49635036496350365,0.9647887323943662,3,15,32
635,24,68,136,139,0.5,0.9784172661870504,3,4,32
769,25,68,135,153,0.5037037037037037,0.8823529411764706,3,7,32
776,4,68,135,136,0.5037037037037037,0.9926470588235294,3,13,32
421,23,68,133,138,0.5112781954887218,0.9637681159420289,3,4,32
1991,22,68,133,135,0.5112781954887218,0.9851851851851852,3,7,32
1147,5,68,132,148,0.5151515151515151,0.8918918918918919,3,17,30
66,29,68,131,134,0.5190839694656488,0.9776119402985075,3,4,32
445,31,68,131,139,0.5190839694656488,0.9424460431654677,3,16,32
1226,23,68,130,132,0.5230769230769231,0.9848484848484849,3,12,32
1524,1,68,130,132,0.5230769230769231,0.9848484848484849,3,4,32
1496,10,68,129,143,0.5271317829457365,0.9020979020979021,3,17,32
577,21,68,123,137,0.5528455284552846,0.8978102189781022,3,9,32
153,19,68,122,139,0.5573770491803278,0.8776978417266187,3,13,32
558,1,68,122,127,0.5573770491803278,0.9606299212598425,3,14,28
497,22,68,120,131,0.5666666666666667,0.916030534351145,3,18,31
486,4,68,119,124,0.5714285714285714,0.9596774193548387,3,12,32
639,24,68,113,118,0.6017699115044248,0.9576271186440678,3,6,32
24,12,68,110,128,0.6181818181818182,0.859375,3,6,32
465,24,69,150,166,0.46,0.9036144578313253,3,14,32
1481,30,69,150,156,0.46,0.9615384615384616,3,5,32
916,14,69,147,157,0.46938775510204084,0.9363057324840764,3,15,32
619,29,69,146,151,0.4726027397260274,0.9668874172185431,3,7,32
1763,25,69,144,167,0.4791666666666667,0.8622754491017964,3,8,32
417,12,69,142,170,0.4859154929577465,0.8352941176470589,3,8,32
1317,27,69,142,144,0.4859154929577465,0.9861111111111112,3,17,32
285,21,69,139,145,0.49640287769784175,0.9586206896551724,3,12,32
1065,5,69,133,136,0.518796992481203,0.9779411764705882,3,16,32
1781,30,69,132,135,0.5227272727272727,0.9777777777777777,3,13,29
1538,19,69,131,147,0.5267175572519084,0.891156462585034,3,18,29
159,19,69,130,143,0.5307692307692308,0.9090909090909091,3,14,28
431,9,69,130,134,0.5307692307692308,0.9701492537313433,3,10,32
1120,31,69,129,152,0.5348837209302325,0.8486842105263158,3,11,32
1593,23,69,129,134,0.5348837209302325,0.9626865671641791,3,5,32
430,31,69,126,134,0.5476190476190477,0.9402985074626866,3,13,32
555,0,69,125,128,0.552,0.9765625,3,8,31
516,12,69,124,139,0.5564516129032258,0.8920863309352518,3,18,26
1902,22,69,123,126,0.5609756097560976,0.9761904761904762,3,12,32
321,26,69,122,125,0.5655737704918032,0.976,3,16,31
879,12,69,120,128,0.575,0.9375,3,5,32
35,7,69,119,121,0.5798319327731093,0.9834710743801653,3,20,29
265,13,69,116,118,0.5948275862068966,0.9830508474576272,3,16,32
86,7,69,112,118,0.6160714285714286,0.9491525423728814,3,14,32
212,4,69,110,121,0.6272727272727273,0.9090909090909091,3,5,32
864,2,69,103,131,0.6699029126213593,0.7862595419847328,3,20,26
556,10,70,153,162,0.45751633986928103,0.9444444444444444,3,18,32
673,1,70,144,145,0.4861111111111111,0.993103448275862,3,12,32
304,23,70,143,144,0.48951048951048953,0.9930555555555556,3,6,32
1855,12,70,140,153,0.5,0.9150326797385621,3,20,26
1767,20,70,136,141,0.5147058823529411,0.9645390070921985,3,6,32
1258,18,70,133,135,0.5263157894736842,0.9851851851851852,3,19,32
877,12,70,132,146,0.5303030303030303,0.9041095890410958,3,19,26
1696,11,70,131,141,0.5343511450381679,0.9290780141843972,3,6,32
1894,21,70,130,139,0.5384615384615384,0.935251798561151,3,12,32
388,30,70,129,133,0.5426356589147286,0.9699248120300752,3,14,29
423,26,70,129,145,0.5426356589147286,0.8896551724137931,3,15,31
1523,19,70,128,137,0.546875,0.9343065693430657,3,10,32
1775,7,70,127,130,0.5511811023622047,0.9769230769230769,3,17,30
1745,24,70,126,129,0.5555555555555556,0.9767441860465116,3,16,31
280,13,70,125,135,0.56,0.9259259259259259,3,10,32
1346,19,70,125,143,0.56,0.8741258741258742,3,16,31
1737,7,70,123,125,0.5691056910569106,0.984,3,17,28
1988,25,70,123,133,0.5691056910569106,0.924812030075188,3,10,32
1457,22,70,122,140,0.5737704918032787,0.8714285714285714,3,6,32
835,30,70,121,123,0.5785123966942148,0.983739837398374,3,16,32
1499,21,70,117,125,0.5982905982905983,0.936,3,19,29
1831,7,70,114,120,0.6140350877192983,0.95,3,21,27
1237,29,70,113,120,0.6194690265486725,0.9416666666666667,3,13,30
1479,28,70,108,117,0.6481481481481481,0.9230769230769231,3,6,32
286,6,70,105,111,0.6666666666666666,0.9459459459459459,3,7,32
1503,14,70,103,116,0.6796116504854369,0.8879310344827587,3,18,32
696,23,71,154,158,0.461038961038961,0.9746835443037974,3,7,32
1041,22,71,153,164,0.46405228758169936,0.9329268292682927,3,11,32
439,30,71,151,155,0.47019867549668876,0.9741935483870968,3,19,30
832,5,71,149,150,0.47651006711409394,0.9933333333333333,3,19,32
912,7,71,146,149,0.4863013698630137,0.9798657718120806,3,8,32
527,13,71,144,159,0.4930555555555556,0.9056603773584906,3,7,32
734,26,71,144,169,0.4930555555555556,0.8520710059171598,3,18,27
404,31,71,140,149,0.5071428571428571,0.9395973154362416,3,8,32
680,20,71,139,148,0.5107913669064749,0.9391891891891891,3,9,32
2027,20,71,137,139,0.5182481751824818,0.9856115107913669,3,16,28
1565,1,71,134,145,0.5298507462686567,0.9241379310344827,3,15,29
1600,26,71,133,145,0.5338345864661654,0.9172413793103448,3,8,32
1650,23,71,133,136,0.5338345864661654,0.9779411764705882,3,8,32
1300,25,71,132,139,0.5378787878787878,0.9496402877697842,3,9,32
1990,16,71,132,135,0.5378787878787878,0.9777777777777777,3,15,32
886,0,71,131,139,0.5419847328244275,0.9424460431654677,3,18,30
352,12,71,128,135,0.5546875,0.9481481481481482,3,17,28
676,10,71,128,136,0.5546875,0.9411764705882353,3,7,32
1025,12,71,128,151,0.5546875,0.847682119205298,3,14,32
1936,21,71,126,142,0.5634920634920635,0.8873239436619719,3,7,32
1225,4,71,125,128,0.568,0.9765625,3,22,25
1558,9,71,125,128,0.568,0.9765625,3,11,32
1157,29,71,124,132,0.5725806451612904,0.9393939393939394,3,22,25
1227,12,71,123,150,0.5772357723577236,0.82,3,14,32
1366,18,71,123,124,0.5772357723577236,0.9919354838709677,3,9,31
403,22,71,112,121,0.6339285714285714,0.9256198347107438,3,8,32
523,14,71,103,110,0.6893203883495146,0.9363636363636364,3,14,31
993,20,71,95,109,0.7473684210526316,0.8715596330275229,3,19,32
1090,3,72,150,153,0.48,0.9803921568627451,3,11,32
338,11,72,148,182,0.4864864864864865,0.8131868131868132,3,8,32
1800,3,72,148,155,0.4864864864864865,0.9548387096774194,3,16,32
1202,23,72,146,147,0.4931506849315068,0.9931972789115646,3,16,32
1880,29,72,144,151,0.5,0.9536423841059603,3,8,32
1899,14,72,140,151,0.5142857142857142,0.9271523178807947,3,18,29
314,15,72,137,141,0.5255474452554745,0.9716312056737588,3,17,32
503,18,72,136,139,0.5294117647058824,0.9784172661870504,3,17,29
201,24,72,135,147,0.5333333333333333,0.9183673469387755,3,19,32
1710,8,72,134,141,0.5373134328358209,0.950354609929078,3,14,32
1712,5,72,134,147,0.5373134328358209,0.9115646258503401,3,12,32
1382,11,72,132,141,0.5454545454545454,0.9361702127659575,3,8,32
736,29,72,131,133,0.549618320610687,0.9849624060150376,3,18,30
1060,31,72,131,140,0.549618320610687,0.9357142857142857,3,20,31
1937,8,72,130,137,0.5538461538461539,0.948905109489051,3,8,32
202,3,72,129,130,0.5581395348837209,0.9923076923076923,3,19,32
1591,0,72,129,138,0.5581395348837209,0.9347826086956522,3,17,32
1742,4,72,129,130,0.5581395348837209,0.9923076923076923,3,13,32
337,9,72,127,129,0.5669291338582677,0.9844961240310077,3,18,29
491,19,72,127,134,0.5669291338582677,0.9477611940298507,3,13,31
1056,9,72,127,138,0.5669291338582677,0.9202898550724637,3,14,29
1958,29,72,127,149,0.5669291338582677,0.8523489932885906,3,8,32
1019,3,72,122,125,0.5901639344262295,0.976,3,18,29
656,24,72,110,121,0.6545454545454545,0.9090909090909091,3,23,25
67,1,73,150,152,0.4866666666666667,0.9868421052631579,3,20,32
87,19,73,146,157,0.5,0.9299363057324841,3,17,32
751,28,73,145,150,0.503448275862069,0.9666666666666667,3,16,29
11,20,73,143,145,0.5104895104895105,0.9862068965517241,3,18,32
722,4,73,143,153,0.5104895104895105,0.934640522875817,3,17,32
1194,30,73,141,144,0.5177304964539007,0.9791666666666666,3,10,32
327,5,73,138,138,0.5289855072463768,1.0,3,9,32
1170,12,73,138,153,0.5289855072463768,0.9019607843137255,3,19,32
10,7,73,137,139,0.5328467153284672,0.9856115107913669,3,16,32
834,10,73,136,145,0.5367647058823529,0.9379310344827586,3,13,32
1006,9,73,136,138,0.5367647058823529,0.9855072463768116,3,9,32
1071,28,73,136,142,0.5367647058823529,0.9577464788732394,3,10,32
300,5,73,134,142,0.5447761194029851,0.9436619718309859,3,9,32
56,15,73,133,136,0.5488721804511278,0.9779411764705882,3,9,32
1067,16,73,133,135,0.5488721804511278,0.9851851851851852,3,19,32
1674,25,73,132,140,0.553030303030303,0.9428571428571428,3,9,32
1392,4,73,131,133,0.5572519083969466,0.9849624060150376,3,9,32
162,25,73,130,160,0.5615384615384615,0.8125,3,9,32
1832,11,73,128,135,0.5703125,0.9481481481481482,3,12,32
2029,14,73,128,131,0.5703125,0.9770992366412213,3,19,32
1796,13,73,127,129,0.5748031496062992,0.9844961240310077,3,15,31
1016,2,73,126,161,0.5793650793650794,0.782608695652174,3,12,32
598,6,73,125,129,0.584,0.9689922480620154,3,15,31
914,6,73,124,129,0.5887096774193549,0.9612403100775194,3,9,32
1306,9,73,121,126,0.6033057851239669,0.9603174603174603,3,15,32
1970,20,73,120,124,0.6083333333333333,0.967741935483871,3,16,32
64,18,73,117,118,0.6239316239316239,0.9915254237288136,3,14,32
1704,18,73,114,117,0.6403508771929824,0.9743589743589743,3,14,32
377,27,74,161,182,0.45962732919254656,0.8846153846153846,3,14,32
1388,23,74,149,156,0.4966442953020134,0.9551282051282052,3,10,32
253,15,74,144,148,0.5138888888888888,0.972972972972973,3,13,32
1108,10,74,144,157,0.5138888888888888,0.9171974522292994,3,20,32
1770,29,74,142,143,0.5211267605633803,0.993006993006993,3,17,32
684,6,74,139,152,0.5323741007194245,0.9144736842105263,3,16,32
1320,31,74,139,144,0.5323741007194245,0.9652777777777778,3,11,32
847,7,74,137,144,0.5401459854014599,0.9513888888888888,3,10,32
1500,24,74,137,138,0.5401459854014599,0.9927536231884058,3,16,32
1189,31,74,136,150,0.5441176470588235,0.9066666666666666,3,11,32
643,30,74,134,137,0.5522388059701493,0.9781021897810219,3,17,32
177,15,74,133,138,0.556390977443609,0.9637681159420289,3,15,32
939,18,74,128,132,0.578125,0.9696969696969697,3,21,32
1885,11,74,127,128,0.5826771653543307,0.9921875,3,10,32
1927,17,74,127,150,0.5826771653543307,0.8466666666666667,3,10,32
349,8,74,124,125,0.5967741935483871,0.992,3,19,29
1660,3,74,122,126,0.6065573770491803,0.9682539682539683,3,10,32
709,11,74,121,126,0.6115702479338843,0.9603174603174603,3,10,32
118,13,74,120,130,0.6166666666666667,0.9230769230769231,3,15,32
959,27,74,120,127,0.6166666666666667,0.9448818897637795,3,10,32
1863,27,74,101,112,0.7326732673267327,0.9017857142857143,3,22,28
1177,14,75,154,155,0.487012987012987,0.9935483870967742,3,11,32
661,19,75,153,158,0.49019607843137253,0.9683544303797469,3,16,32
379,11,75,149,167,0.5033557046979866,0.8922155688622755,3,11,32
1966,6,75,148,153,0.5067567567567568,0.9673202614379085,3,11,32
149,15,75,147,157,0.5102040816326531,0.9363057324840764,3,13,32
1601,6,75,147,151,0.5102040816326531,0.9735099337748344,3,11,32
1361,8,75,146,148,0.5136986301369864,0.9864864864864865,3,20,32
117,0,75,144,150,0.5208333333333334,0.96,3,25,25
1575,15,75,144,156,0.5208333333333334,0.9230769230769231,3,11,32
759,17,75,143,146,0.5244755244755245,0.9794520547945206,3,19,32
1314,4,75,143,159,0.5244755244755245,0.89937106918239,3,14,32
1082,10,75,141,143,0.5319148936170213,0.986013986013986,3,11,32
1024,30,75,139,141,0.539568345323741,0.9858156028368794,3,11,32
1454,9,75,138,139,0.5434782608695652,0.9928057553956835,3,11,32
1186,30,75,137,138,0.5474452554744526,0.9927536231884058,3,20,32
216,5,75,136,144,0.5514705882352942,0.9444444444444444,3,12,32
2002,23,75,135,140,0.5555555555555556,0.9642857142857143,3,11,32
1415,5,75,129,131,0.5813953488372093,0.9847328244274809,3,11,32
1198,17,75,127,137,0.5905511811023622,0.927007299270073,3,19,29
1217,4,75,127,131,0.5905511811023622,0.9694656488549618,3,15,32
710,3,75,126,129,0.5952380952380952,0.9767441860465116,3,19,31
259,23,75,125,126,0.6,0.9920634920634921,3,19,32
1756,7,75,125,128,0.6,0.9765625,3,20,32
1221,16,75,117,123,0.6410256410256411,0.9512195121951219,3,19,32
1510,26,75,114,117,0.6578947368421053,0.9743589743589743,3,14,32
551,0,75,113,119,0.6637168141592921,0.9495798319327731,3,11,32
669,6,75,112,117,0.6696428571428571,0.9572649572649573,3,14,31
1356,0,75,111,121,0.6756756756756757,0.9173553719008265,3,11,32
309,30,76,163,173,0.4662576687116564,0.9421965317919075,3,21,30
1234,18,76,163,165,0.4662576687116564,0.9878787878787879,3,18,32
1997,30,76,155,158,0.49032258064516127,0.9810126582278481,3,18,29
1809,1,76,148,150,0.5135135135135135,0.9866666666666667,3,21,32
1109,0,76,146,151,0.5205479452054794,0.9668874172185431,3,12,32
1395,9,76,146,152,0.5205479452054794,0.9605263157894737,3,21,32
1961,10,76,146,151,0.5205479452054794,0.9668874172185431,3,18,32
1379,21,76,144,157,0.5277777777777778,0.9171974522292994,3,14,32
590,30,76,142,149,0.5352112676056338,0.9530201342281879,3,12,32
1246,14,76,141,146,0.5390070921985816,0.9657534246575342,3,21,32
1648,20,76,139,148,0.5467625899280576,0.9391891891891891,3,16,32
1343,26,76,136,143,0.5588235294117647,0.951048951048951,3,16,32
1915,3,76,134,137,0.5671641791044776,0.9781021897810219,3,13,32
969,13,76,131,135,0.5801526717557252,0.9703703703703703,3,14,32
1143,3,76,131,137,0.5801526717557252,0.9562043795620438,3,21,32
36,31,76,129,177,0.5891472868217055,0.7288135593220338,3,21,32
1101,24,76,129,132,0.5891472868217055,0.9772727272727273,3,12,32
1786,22,76,122,129,0.6229508196721312,0.9457364341085271,3,15,32
373,23,76,118,121,0.6440677966101694,0.9752066115702479,3,12,32
1094,9,77,151,163,0.5099337748344371,0.9263803680981595,3,13,32
1931,27,77,150,156,0.5133333333333333,0.9615384615384616,3,16,32
1514,28,77,147,154,0.5238095238095238,0.9545454545454546,3,13,32
890,24,77,144,160,0.5347222222222222,0.9,3,14,32
1045,22,77,143,146,0.5384615384615384,0.9794520547945206,3,13,32
390,31,77,140,163,0.55,0.8588957055214724,3,21,32
1458,4,77,138,144,0.5579710144927537,0.9583333333333334,3,24,29
659,27,77,137,147,0.5620437956204379,0.9319727891156463,3,22,29
1077,6,77,137,159,0.5620437956204379,0.8616352201257862,3,17,32
782,8,77,134,149,0.5746268656716418,0.8993288590604027,3,14,32
1021,28,77,133,138,0.5789473684210527,0.9637681159420289,3,16,32
1236,19,77,133,139,0.5789473684210527,0.9568345323741008,3,13,32
473,1,77,132,136,0.5833333333333334,0.9705882352941176,3,23,30
2034,5,77,130,152,0.5923076923076923,0.8552631578947368,3,17,32
888,11,77,128,141,0.6015625,0.9078014184397163,3,15,32
560,1,77,125,130,0.616,0.9615384615384616,3,17,32
633,22,77,121,132,0.6363636363636364,0.9166666666666666,3,19,32
2006,20,77,121,125,0.6363636363636364,0.968,3,18,30
1042,29,77,120,124,0.6416666666666667,0.967741935483871,3,16,32
248,18,77,118,119,0.652542372881356,0.9915966386554622,3,21,32
608,11,77,116,126,0.6637931034482759,0.9206349206349206,3,18,32
825,21,77,114,119,0.6754385964912281,0.957983193277311,3,23,27
1483,31,77,100,108,0.77,0.9259259259259259,3,21,30
793,4,78,147,156,0.5306122448979592,0.9423076923076923,3,22,32
670,24,78,146,154,0.5342465753424658,0.948051948051948,3,21,32
1627,26,78,143,144,0.5454545454545454,0.9930555555555556,3,14,32
205,0,78,141,146,0.5531914893617021,0.9657534246575342,3,14,32
140,1,78,140,143,0.5571428571428572,0.9790209790209791,3,15,32
829,3,78,134,153,0.582089552238806,0.8758169934640523,3,14,32
1138,16,78,134,143,0.582089552238806,0.9370629370629371,3,14,32
1981,18,78,133,136,0.5864661654135338,0.9779411764705882,3,15,32
1987,2,78,130,153,0.6,0.8496732026143791,3,22,32
509,26,78,127,134,0.6141732283464567,0.9477611940298507,3,21,32
464,20,78,126,130,0.6190476190476191,0.9692307692307692,3,14,32
917,11,78,125,136,0.624,0.9191176470588235,3,17,32
1322,0,78,122,134,0.639344262295082,0.9104477611940298,3,14,32
1128,10,78,119,130,0.6554621848739496,0.9153846153846154,3,22,32
954,23,78,114,117,0.6842105263157895,0.9743589743589743,3,23,30
1412,28,78,109,114,0.7155963302752294,0.956140350877193,3,22,32
198,20,79,150,161,0.5266666666666666,0.9316770186335404,3,15,32
823,24,79,145,152,0.5448275862068965,0.9539473684210527,3,15,32
1270,30,79,145,149,0.5448275862068965,0.9731543624161074,3,20,32
1484,17,79,145,152,0.5448275862068965,0.9539473684210527,3,22,32
193,9,79,144,155,0.5486111111111112,0.9290322580645162,3,21,29
331,21,79,144,155,0.5486111111111112,0.9290322580645162,3,15,32
110,6,79,142,159,0.5563380281690141,0.8930817610062893,3,15,32
394,5,79,140,163,0.5642857142857143,0.8588957055214724,3,20,32
615,29,79,140,145,0.5642857142857143,0.9655172413793104,3,15,32
820,21,79,138,149,0.572463768115942,0.9261744966442953,3,15,32
913,11,79,135,215,0.5851851851851851,0.627906976744186,3,21,30
985,18,79,133,135,0.5939849624060151,0.9851851851851852,3,23,32
1566,12,79,129,154,0.6124031007751938,0.8376623376623377,3,15,32
1893,29,79,128,135,0.6171875,0.9481481481481482,3,23,30
967,3,79,126,136,0.626984126984127,0.9264705882352942,3,23,32
1375,2,79,126,140,0.626984126984127,0.9,3,16,32
1577,20,79,126,128,0.626984126984127,0.984375,3,15,32
83,28,79,120,120,0.6583333333333333,1.0,3,23,31
380,9,79,120,126,0.6583333333333333,0.9523809523809523,3,16,32
1408,6,79,120,125,0.6583333333333333,0.96,3,22,32
1900,30,80,160,166,0.5,0.963855421686747,3,17,32
1535,3,80,155,164,0.5161290322580645,0.9451219512195121,3,16,32
103,27,80,154,169,0.5194805194805194,0.9112426035502958,3,17,32
1453,24,80,139,142,0.5755395683453237,0.9788732394366197,3,25,28
129,6,80,138,154,0.5797101449275363,0.8961038961038961,3,16,32
1911,7,80,135,138,0.5925925925925926,0.9782608695652174,3,16,32
127,29,80,134,138,0.5970149253731343,0.9710144927536232,3,23,29
53,12,80,129,153,0.6201550387596899,0.8431372549019608,3,18,32
1318,16,80,129,138,0.6201550387596899,0.9347826086956522,3,24,32
1279,30,80,128,130,0.625,0.9846153846153847,3,18,32
1996,10,80,128,134,0.625,0.9552238805970149,3,20,32
277,8,80,126,133,0.6349206349206349,0.9473684210526315,3,16,32
1344,26,80,126,126,0.6349206349206349,1.0,3,16,32
760,31,80,121,125,0.6611570247933884,0.968,3,19,32
1587,20,80,118,123,0.6779661016949152,0.959349593495935,3,24,30
1286,2,80,115,148,0.6956521739130435,0.777027027027027,3,23,29
1406,8,81,159,168,0.5094339622641509,0.9464285714285714,3,19,32
1049,14,81,142,147,0.5704225352112676,0.9659863945578231,3,17,32
1281,23,81,141,145,0.574468085106383,0.9724137931034482,3,24,31
1492,26,81,140,147,0.5785714285714286,0.9523809523809523,3,22,30
289,12,81,138,173,0.5869565217391305,0.7976878612716763,3,19,32
1399,18,81,138,141,0.5869565217391305,0.9787234042553191,3,17,32
1069,26,81,136,139,0.5955882352941176,0.9784172661870504,3,17,32
1473,31,81,135,145,0.6,0.9310344827586207,3,17,32
1838,23,81,134,136,0.6044776119402985,0.9852941176470589,3,17,32
893,5,81,133,153,0.6090225563909775,0.869281045751634,3,21,30
601,1,81,129,138,0.627906976744186,0.9347826086956522,3,23,32
1352,20,81,123,132,0.6585365853658537,0.9318181818181818,3,23,32
299,17,81,120,124,0.675,0.967741935483871,3,18,32
220,1,81,117,121,0.6923076923076923,0.9669421487603306,3,25,29
604,14,81,116,118,0.6982758620689655,0.9830508474576272,3,24,32
78,14,81,110,117,0.7363636363636363,0.9401709401709402,3,17,32
1247,0,82,153,159,0.5359477124183006,0.9622641509433962,3,23,32
801,20,82,151,153,0.543046357615894,0.9869281045751634,3,21,32
1918,3,82,146,153,0.5616438356164384,0.954248366013072,3,18,32
287,23,82,143,154,0.5734265734265734,0.9285714285714286,3,25,32
219,9,82,142,145,0.5774647887323944,0.9793103448275862,3,24,32
77,21,82,139,158,0.5899280575539568,0.879746835443038,3,18,32
849,12,82,139,174,0.5899280575539568,0.7988505747126436,3,22,32
943,19,82,139,148,0.5899280575539568,0.9391891891891891,3,18,32
446,29,82,138,145,0.5942028985507246,0.9517241379310345,3,18,32
1390,14,82,135,140,0.6074074074074074,0.9642857142857143,3,24,32
1826,1,82,133,134,0.6165413533834586,0.9925373134328358,3,18,32
1634,13,82,132,135,0.6212121212121212,0.9777777777777777,3,25,31
1687,13,82,122,147,0.6721311475409836,0.8299319727891157,3,20,32
881,2,82,119,128,0.6890756302521008,0.9296875,3,19,32
1998,2,82,119,139,0.6890756302521008,0.8561151079136691,3,22,31
934,2,82,118,123,0.6949152542372882,0.959349593495935,3,19,32
1411,26,83,154,182,0.538961038961039,0.8461538461538461,3,19,32
1639,26,83,148,151,0.5608108108108109,0.9801324503311258,3,23,32
1507,20,83,147,158,0.564625850340136,0.930379746835443,3,19,32
1181,29,83,146,173,0.5684931506849316,0.8439306358381503,3,20,32
210,15,83,143,148,0.5804195804195804,0.9662162162162162,3,23,32
362,25,83,137,154,0.6058394160583942,0.8896103896103896,3,25,32
1715,4,83,133,137,0.6240601503759399,0.9708029197080292,3,22,32
1799,11,83,131,139,0.6335877862595419,0.9424460431654677,3,25,32
559,23,83,130,133,0.6384615384615384,0.9774436090225563,3,19,32
1884,18,83,129,130,0.6434108527131783,0.9923076923076923,3,26,30
807,31,83,128,172,0.6484375,0.7441860465116279,3,26,29
322,1,83,127,128,0.6535433070866141,0.9921875,3,19,32
435,6,83,123,125,0.6747967479674797,0.984,3,19,32
1741,28,83,117,117,0.7094017094017094,1.0,3,19,32
2038,17,83,116,155,0.7155172413793104,0.7483870967741936,3,21,32
1813,1,83,113,120,0.7345132743362832,0.9416666666666667,3,26,31
744,18,83,108,117,0.7685185185185185,0.9230769230769231,3,23,32
273,22,84,148,168,0.5675675675675675,0.8809523809523809,3,20,32
999,28,84,148,152,0.5675675675675675,0.9736842105263158,3,20,32
1904,1,84,143,146,0.5874125874125874,0.9794520547945206,3,21,32
293,16,84,140,146,0.6,0.958904109589041,3,20,32
798,30,84,140,143,0.6,0.9790209790209791,3,20,32
1451,20,84,139,140,0.60431654676259,0.9928571428571429,3,20,32
1942,23,84,134,135,0.6268656716417911,0.9925925925925926,3,20,32
866,7,84,129,135,0.6511627906976745,0.9555555555555556,3,20,32
1449,0,84,127,133,0.6614173228346457,0.9548872180451128,3,20,32
951,4,84,125,128,0.672,0.9765625,3,20,32
1149,16,84,119,124,0.7058823529411765,0.9596774193548387,3,22,32
1816,19,84,115,123,0.7304347826086957,0.9349593495934959,3,21,32
2023,19,85,145,154,0.5862068965517241,0.9415584415584416,3,24,32
1976,7,85,141,145,0.6028368794326241,0.9724137931034482,3,24,32
1883,29,85,138,140,0.6159420289855072,0.9857142857142858,3,21,32
137,11,85,136,162,0.625,0.8395061728395061,3,22,32
1494,14,85,134,141,0.6343283582089553,0.950354609929078,3,24,32
222,27,85,131,136,0.648854961832061,0.9632352941176471,3,23,32
1339,11,85,129,142,0.6589147286821705,0.9084507042253521,3,22,32
371,16,85,127,129,0.6692913385826772,0.9844961240310077,3,21,32
1540,25,85,127,154,0.6692913385826772,0.8246753246753247,3,22,32
1243,20,85,120,124,0.7083333333333334,0.967741935483871,3,21,32
1074,0,85,114,121,0.7456140350877193,0.9421487603305785,3,25,30
282,27,86,165,186,0.5212121212121212,0.8870967741935484,3,24,32
595,7,86,163,173,0.5276073619631901,0.9421965317919075,3,26,32
116,4,86,148,162,0.581081081081081,0.9135802469135802,3,22,32
1734,10,86,146,158,0.589041095890411,0.9240506329113924,3,22,32
451,28,86,144,145,0.5972222222222222,0.993103448275862,3,22,32
550,21,86,140,148,0.6142857142857143,0.9459459459459459,3,25,32
334,31,86,137,154,0.6277372262773723,0.8896103896103896,3,22,32
211,14,86,136,140,0.6323529411764706,0.9714285714285714,3,22,32
742,5,86,130,141,0.6615384615384615,0.9219858156028369,3,22,32
207,22,86,128,130,0.671875,0.9846153846153847,3,25,32
504,17,86,128,142,0.671875,0.9014084507042254,3,23,32
1296,5,86,121,126,0.7107438016528925,0.9603174603174603,3,22,32
167,5,86,119,122,0.7226890756302521,0.9754098360655737,3,24,32
97,27,87,148,158,0.5878378378378378,0.9367088607594937,3,25,32
547,23,87,148,175,0.5878378378378378,0.8457142857142858,3,23,32
144,31,87,147,170,0.5918367346938775,0.8647058823529412,3,26,32
1053,20,87,147,154,0.5918367346938775,0.9545454545454546,3,23,32
781,29,87,145,149,0.6,0.9731543624161074,3,27,32
1432,21,87,140,155,0.6214285714285714,0.9032258064516129,3,27,32
131,18,87,138,139,0.6304347826086957,0.9928057553956835,3,23,32
1284,23,87,138,139,0.6304347826086957,0.9928057553956835,3,26,32
267,13,87,128,130,0.6796875,0.9846153846153847,3,26,32
1004,20,87,128,129,0.6796875,0.9922480620155039,3,23,32
1114,3,87,127,131,0.6850393700787402,0.9694656488549618,3,23,32
283,25,87,121,160,0.71900826446281,0.75625,3,23,32
2013,22,87,120,123,0.725,0.975609756097561,3,27,32
1979,27,87,118,126,0.7372881355932204,0.9365079365079365,3,27,32
1841,22,87,110,117,0.7909090909090909,0.9401709401709402,3,24,32
1544,27,87,108,115,0.8055555555555556,0.9391304347826087,3,26,32
1823,0,88,150,155,0.5866666666666667,0.967741935483871,3,27,32
1562,23,88,148,153,0.5945945945945946,0.9673202614379085,3,24,32
70,3,88,139,145,0.6330935251798561,0.9586206896551724,3,24,32
1164,19,88,134,148,0.6567164179104478,0.9054054054054054,3,24,32
1891,1,88,132,133,0.6666666666666666,0.9924812030075187,3,27,32
1403,30,88,124,127,0.7096774193548387,0.9763779527559056,3,26,32
1301,7,88,122,123,0.7213114754098361,0.991869918699187,3,27,32
541,27,88,117,119,0.7521367521367521,0.9831932773109243,3,27,32
420,17,88,115,120,0.7652173913043478,0.9583333333333334,3,24,32
1659,24,89,143,149,0.6223776223776224,0.959731543624161,3,25,32
693,10,89,139,151,0.6402877697841727,0.9205298013245033,3,28,32
169,5,89,138,142,0.644927536231884,0.971830985915493,3,25,32
570,23,89,137,137,0.6496350364963503,1.0,3,27,32
339,8,89,134,139,0.664179104477612,0.9640287769784173,3,26,32
775,17,89,133,137,0.6691729323308271,0.9708029197080292,3,25,32
1012,14,89,132,136,0.6742424242424242,0.9705882352941176,3,25,32
965,6,89,126,134,0.7063492063492064,0.9402985074626866,3,28,32
1910,19,89,123,126,0.7235772357723578,0.9761904761904762,3,26,32
740,10,89,121,128,0.7355371900826446,0.9453125,3,25,32
831,8,90,160,170,0.5625,0.9411764705882353,3,27,32
292,4,90,150,173,0.6,0.8670520231213873,3,26,32
0,7,90,140,140,0.6428571428571429,1.0,3,26,32
816,16,90,136,141,0.6617647058823529,0.9645390070921985,3,26,32
873,31,90,133,152,0.6766917293233082,0.875,3,26,32
688,9,90,127,131,0.7086614173228346,0.9694656488549618,3,26,32
899,20,90,126,129,0.7142857142857143,0.9767441860465116,3,26,32
1663,14,90,122,126,0.7377049180327869,0.9682539682539683,3,28,32
811,16,90,115,117,0.782608695652174,0.9829059829059829,3,26,32
73,27,91,144,161,0.6319444444444444,0.8944099378881988,3,27,32
1373,31,91,144,161,0.6319444444444444,0.8944099378881988,3,27,32
918,3,91,137,141,0.6642335766423357,0.9716312056737588,3,28,32
478,1,91,123,132,0.7398373983739838,0.9318181818181818,3,27,32
108,20,92,155,157,0.5935483870967742,0.9872611464968153,3,28,32
1622,8,92,155,162,0.5935483870967742,0.9567901234567902,3,28,32
1360,24,92,149,154,0.6174496644295302,0.9675324675324676,3,28,32
868,11,92,146,171,0.6301369863013698,0.8538011695906432,3,30,32
26,8,92,144,147,0.6388888888888888,0.9795918367346939,3,28,32
1207,30,92,126,133,0.7301587301587301,0.9473684210526315,3,28,32
1169,1,92,107,111,0.8598130841121495,0.963963963963964,3,28,32
1724,15,93,155,156,0.6,0.9935897435897436,3,29,32
875,24,93,126,130,0.7380952380952381,0.9692307692307692,3,29,32
552,7,94,154,159,0.6103896103896104,0.9685534591194969,3,30,32
1127,29,94,139,147,0.6762589928057554,0.9455782312925171,3,30,32
1801,18,94,132,134,0.7121212121212122,0.9850746268656716,3,30,32
723,30,94,120,124,0.7833333333333333,0.967741935483871,3,30,32
596,10,95,144,157,0.6597222222222222,0.9171974522292994,3,31,32
1978,9,95,144,152,0.6597222222222222,0.9473684210526315,3,31,32
713,3,95,137,138,0.6934306569343066,0.9927536231884058,3,31,32
472,9,95,135,150,0.7037037037037037,0.9,3,31,32
275,5,95,134,150,0.7089552238805971,0.8933333333333333,3,31,32
32,9,95,133,137,0.7142857142857143,0.9708029197080292,3,31,32
851,14,95,132,140,0.7196969696969697,0.9428571428571428,3,31,32
1864,17,95,131,131,0.7251908396946565,1.0,3,31,32
1508,15,96,160,175,0.6,0.9142857142857143,3,32,32
686,11,96,146,169,0.6575342465753424,0.863905325443787,3,32,32
238,23,96,144,145,0.6666666666666666,0.993103448275862,3,32,32
1085,22,96,143,147,0.6713286713286714,0.9727891156462585,3,32,32
1585,1,96,142,144,0.676056338028169,0.9861111111111112,3,32,32
1368,18,96,141,143,0.6808510638297872,0.986013986013986,3,32,32
1267,5,96,140,169,0.6857142857142857,0.8284023668639053,3,32,32
213,18,96,139,142,0.6906474820143885,0.9788732394366197,3,32,32
291,4,96,137,140,0.7007299270072993,0.9785714285714285,3,32,32
1268,18,96,135,136,0.7111111111111111,0.9926470588235294,3,32,32
1367,6,96,135,135,0.7111111111111111,1.0,3,32,32
1460,4,96,128,132,0.75,0.9696969696969697,3,32,32
1611,15,96,125,131,0.768,0.9541984732824428,3,32,32
364,25,96,124,171,0.7741935483870968,0.7251461988304093,3,32,32
